Copyright 1986-2022 Xilinx, Inc. All Rights Reserved. Copyright 2022-2025 Advanced Micro Devices, Inc. All Rights Reserved.
--------------------------------------------------------------------------------------------------------------------------------------------------------------------------------------------------------------------------------------------------------------------------------------------------------------------------------------------------------------------------
| Tool Version : Vivado v.2025.2 (win64) Build 6299465 Fri Nov 14 19:35:11 GMT 2025
| Date         : Wed Aug 12 23:39:14 2026
| Host         : LAPTOP-476JT8H0 running 64-bit major release  (build 9200)
| Command      : report_timing -delay_type max -max_paths 20 -nworst 1 -from [all_registers -clock [get_clocks core_clk_6m144]] -to [all_registers -clock [get_clocks core_clk_6m144]] -file D:/FpgaProject/XilinxProject/XC7A35T/fir_interpolation/submit/finally/images/work/resource_compare_218_239/matched_ooc/results/lut239_mode1_repeat/timing_internal_setup.rpt
| Design       : interp128_all2x_v7_folded_fir_cic_top_ce
| Device       : 7a35t-fgg484
| Speed File   : -2  PRODUCTION 1.23 2018-06-13
| Design State : Routed
--------------------------------------------------------------------------------------------------------------------------------------------------------------------------------------------------------------------------------------------------------------------------------------------------------------------------------------------------------------------------

Timing Report

Slack (MET) :             151.611ns  (required time - arrival time)
  Source:                 gen_serial_cic_comb.u_cic_interp16_serial_comb_dsp_ce/burst_remaining_reg[0]/C
                            (rising edge-triggered cell FDRE clocked by core_clk_6m144  {rise@0.000ns fall@81.380ns period=162.760ns})
  Destination:            gen_serial_cic_comb.u_cic_interp16_serial_comb_dsp_ce/y_out_reg[0]/D
                            (rising edge-triggered cell FDRE clocked by core_clk_6m144  {rise@0.000ns fall@81.380ns period=162.760ns})
  Path Group:             core_clk_6m144
  Path Type:              Setup (Max at Slow Process Corner)
  Requirement:            162.760ns  (core_clk_6m144 rise@162.760ns - core_clk_6m144 rise@0.000ns)
  Data Path Delay:        11.107ns  (logic 5.021ns (45.206%)  route 6.086ns (54.794%))
  Logic Levels:           18  (CARRY4=12 DSP48E1=1 LUT3=1 LUT4=2 LUT5=1 LUT6=1)
  Clock Path Skew:        -0.037ns (DCD - SCD + CPR)
    Destination Clock Delay (DCD):    1.248ns = ( 164.008 - 162.760 ) 
    Source Clock Delay      (SCD):    1.350ns
    Clock Pessimism Removal (CPR):    0.065ns
  Clock Uncertainty:      0.035ns  ((TSJ^2 + TIJ^2)^1/2 + DJ) / 2 + PE
    Total System Jitter     (TSJ):    0.071ns
    Total Input Jitter      (TIJ):    0.000ns
    Discrete Jitter          (DJ):    0.000ns
    Phase Error              (PE):    0.000ns

    Location             Delay type                Incr(ns)  Path(ns)    Netlist Resource(s)
  -------------------------------------------------------------------    -------------------
                         (clock core_clk_6m144 rise edge)
                                                      0.000     0.000 r  
                                                      0.000     0.000 r  clk (IN)
                         net (fo=310, unset)          1.350     1.350    clk
    SLICE_X41Y59         FDRE                                         r  gen_serial_cic_comb.u_cic_interp16_serial_comb_dsp_ce/burst_remaining_reg[0]/C
  -------------------------------------------------------------------    -------------------
    SLICE_X41Y59         FDRE (Prop_fdre_C_Q)         0.379     1.729 f  gen_serial_cic_comb.u_cic_interp16_serial_comb_dsp_ce/burst_remaining_reg[0]/Q
                         net (fo=6, routed)           0.716     2.445    gen_serial_cic_comb.u_cic_interp16_serial_comb_dsp_ce/burst_remaining_reg_n_0_[0]
    SLICE_X41Y59         LUT6 (Prop_lut6_I2_O)        0.105     2.550 r  interp128_all2x_LUT6/O
                         net (fo=51, routed)          1.079     3.628    interp128_all2x_net
    SLICE_X38Y56         LUT4 (Prop_lut4_I3_O)        0.105     3.733 r  interp128_all2x_LUT4_30/O
                         net (fo=2, routed)           0.811     4.544    integrator_state[4]_i_3_n_0
    SLICE_X45Y56         CARRY4 (Prop_carry4_S[2]_CO[3])
                                                      0.437     4.981 r  gen_serial_cic_comb.u_cic_interp16_serial_comb_dsp_ce/gen_first_integrator_carry.first_integrator_sum_carry__0/CO[3]
                         net (fo=1, routed)           0.000     4.981    gen_serial_cic_comb.u_cic_interp16_serial_comb_dsp_ce/gen_first_integrator_carry.first_integrator_sum_carry__0_n_0
    SLICE_X45Y57         CARRY4 (Prop_carry4_CI_CO[3])
                                                      0.098     5.079 r  gen_serial_cic_comb.u_cic_interp16_serial_comb_dsp_ce/gen_first_integrator_carry.first_integrator_sum_carry__1/CO[3]
                         net (fo=1, routed)           0.000     5.079    gen_serial_cic_comb.u_cic_interp16_serial_comb_dsp_ce/gen_first_integrator_carry.first_integrator_sum_carry__1_n_0
    SLICE_X45Y58         CARRY4 (Prop_carry4_CI_CO[3])
                                                      0.098     5.177 r  gen_serial_cic_comb.u_cic_interp16_serial_comb_dsp_ce/gen_first_integrator_carry.first_integrator_sum_carry__2/CO[3]
                         net (fo=1, routed)           0.000     5.177    gen_serial_cic_comb.u_cic_interp16_serial_comb_dsp_ce/gen_first_integrator_carry.first_integrator_sum_carry__2_n_0
    SLICE_X45Y59         CARRY4 (Prop_carry4_CI_CO[3])
                                                      0.098     5.275 r  gen_serial_cic_comb.u_cic_interp16_serial_comb_dsp_ce/gen_first_integrator_carry.first_integrator_sum_carry__3/CO[3]
                         net (fo=1, routed)           0.000     5.275    gen_serial_cic_comb.u_cic_interp16_serial_comb_dsp_ce/gen_first_integrator_carry.first_integrator_sum_carry__3_n_0
    SLICE_X45Y60         CARRY4 (Prop_carry4_CI_CO[3])
                                                      0.098     5.373 r  gen_serial_cic_comb.u_cic_interp16_serial_comb_dsp_ce/gen_first_integrator_carry.first_integrator_sum_carry__4/CO[3]
                         net (fo=1, routed)           0.000     5.373    gen_serial_cic_comb.u_cic_interp16_serial_comb_dsp_ce/gen_first_integrator_carry.first_integrator_sum_carry__4_n_0
    SLICE_X45Y61         CARRY4 (Prop_carry4_CI_O[1])
                                                      0.265     5.638 r  gen_serial_cic_comb.u_cic_interp16_serial_comb_dsp_ce/gen_first_integrator_carry.first_integrator_sum_carry__5/O[1]
                         net (fo=23, routed)          1.020     6.658    final_input_rounded[25]
    DSP48_X1Y22          DSP48E1 (Prop_dsp48e1_A[23]_P[2])
                                                      1.889     8.547 f  gen_serial_cic_comb.u_cic_interp16_serial_comb_dsp_ce/gen_final_integrator_dsp.final_integrator_sum/P[2]
                         net (fo=2, routed)           0.814     9.362    gen_serial_cic_comb.u_cic_interp16_serial_comb_dsp_ce/gen_final_integrator_dsp.final_integrator_sum_n_103
    SLICE_X54Y55         LUT3 (Prop_lut3_I1_O)        0.105     9.467 r  interp128_all2x_LUT3_27/O
                         net (fo=1, routed)           0.473     9.939    interp128_all2x_net_19
    SLICE_X54Y56         LUT5 (Prop_lut5_I4_O)        0.105    10.044 r  interp128_all2x_LUT5_26/O
                         net (fo=1, routed)           0.000    10.044    rounded_value_carry_i_1__0_n_0
    SLICE_X54Y56         CARRY4 (Prop_carry4_S[0]_CO[3])
                                                      0.423    10.467 r  gen_serial_cic_comb.u_cic_interp16_serial_comb_dsp_ce/u_round_cic_normalized_output/rounded_value_carry/CO[3]
                         net (fo=1, routed)           0.000    10.467    gen_serial_cic_comb.u_cic_interp16_serial_comb_dsp_ce/u_round_cic_normalized_output/rounded_value_carry_n_0
    SLICE_X54Y57         CARRY4 (Prop_carry4_CI_CO[3])
                                                      0.100    10.567 r  gen_serial_cic_comb.u_cic_interp16_serial_comb_dsp_ce/u_round_cic_normalized_output/rounded_value_carry__0/CO[3]
                         net (fo=1, routed)           0.000    10.567    gen_serial_cic_comb.u_cic_interp16_serial_comb_dsp_ce/u_round_cic_normalized_output/rounded_value_carry__0_n_0
    SLICE_X54Y58         CARRY4 (Prop_carry4_CI_CO[3])
                                                      0.100    10.667 r  gen_serial_cic_comb.u_cic_interp16_serial_comb_dsp_ce/u_round_cic_normalized_output/rounded_value_carry__1/CO[3]
                         net (fo=1, routed)           0.000    10.667    gen_serial_cic_comb.u_cic_interp16_serial_comb_dsp_ce/u_round_cic_normalized_output/rounded_value_carry__1_n_0
    SLICE_X54Y59         CARRY4 (Prop_carry4_CI_CO[3])
                                                      0.100    10.767 r  gen_serial_cic_comb.u_cic_interp16_serial_comb_dsp_ce/u_round_cic_normalized_output/rounded_value_carry__2/CO[3]
                         net (fo=1, routed)           0.000    10.767    gen_serial_cic_comb.u_cic_interp16_serial_comb_dsp_ce/u_round_cic_normalized_output/rounded_value_carry__2_n_0
    SLICE_X54Y60         CARRY4 (Prop_carry4_CI_CO[3])
                                                      0.100    10.867 r  gen_serial_cic_comb.u_cic_interp16_serial_comb_dsp_ce/u_round_cic_normalized_output/rounded_value_carry__3/CO[3]
                         net (fo=1, routed)           0.000    10.867    gen_serial_cic_comb.u_cic_interp16_serial_comb_dsp_ce/u_round_cic_normalized_output/rounded_value_carry__3_n_0
    SLICE_X54Y61         CARRY4 (Prop_carry4_CI_O[0])
                                                      0.178    11.045 r  gen_serial_cic_comb.u_cic_interp16_serial_comb_dsp_ce/u_round_cic_normalized_output/rounded_value_carry__4/O[0]
                         net (fo=19, routed)          1.174    12.219    gen_serial_cic_comb.u_cic_interp16_serial_comb_dsp_ce/u_round_cic_normalized_output/rounded_value_carry__4_n_7
    SLICE_X55Y56         LUT4 (Prop_lut4_I1_O)        0.238    12.457 r  y_out[0]_i_1__0/O
                         net (fo=1, routed)           0.000    12.457    normalized_output[0]
    SLICE_X55Y56         FDRE                                         r  gen_serial_cic_comb.u_cic_interp16_serial_comb_dsp_ce/y_out_reg[0]/D
  -------------------------------------------------------------------    -------------------

                         (clock core_clk_6m144 rise edge)
                                                    162.760   162.760 r  
                                                      0.000   162.760 r  clk (IN)
                         net (fo=310, unset)          1.248   164.008    clk
    SLICE_X55Y56         FDRE                                         r  gen_serial_cic_comb.u_cic_interp16_serial_comb_dsp_ce/y_out_reg[0]/C
                         clock pessimism              0.065   164.073    
                         clock uncertainty           -0.035   164.038    
    SLICE_X55Y56         FDRE (Setup_fdre_C_D)        0.030   164.068    gen_serial_cic_comb.u_cic_interp16_serial_comb_dsp_ce/y_out_reg[0]
  -------------------------------------------------------------------
                         required time                        164.068    
                         arrival time                         -12.457    
  -------------------------------------------------------------------
                         slack                                151.611    

Slack (MET) :             151.613ns  (required time - arrival time)
  Source:                 gen_serial_cic_comb.u_cic_interp16_serial_comb_dsp_ce/burst_remaining_reg[0]/C
                            (rising edge-triggered cell FDRE clocked by core_clk_6m144  {rise@0.000ns fall@81.380ns period=162.760ns})
  Destination:            gen_serial_cic_comb.u_cic_interp16_serial_comb_dsp_ce/y_out_reg[1]/D
                            (rising edge-triggered cell FDRE clocked by core_clk_6m144  {rise@0.000ns fall@81.380ns period=162.760ns})
  Path Group:             core_clk_6m144
  Path Type:              Setup (Max at Slow Process Corner)
  Requirement:            162.760ns  (core_clk_6m144 rise@162.760ns - core_clk_6m144 rise@0.000ns)
  Data Path Delay:        11.107ns  (logic 5.021ns (45.206%)  route 6.086ns (54.794%))
  Logic Levels:           18  (CARRY4=12 DSP48E1=1 LUT3=1 LUT4=2 LUT5=1 LUT6=1)
  Clock Path Skew:        -0.037ns (DCD - SCD + CPR)
    Destination Clock Delay (DCD):    1.248ns = ( 164.008 - 162.760 ) 
    Source Clock Delay      (SCD):    1.350ns
    Clock Pessimism Removal (CPR):    0.065ns
  Clock Uncertainty:      0.035ns  ((TSJ^2 + TIJ^2)^1/2 + DJ) / 2 + PE
    Total System Jitter     (TSJ):    0.071ns
    Total Input Jitter      (TIJ):    0.000ns
    Discrete Jitter          (DJ):    0.000ns
    Phase Error              (PE):    0.000ns

    Location             Delay type                Incr(ns)  Path(ns)    Netlist Resource(s)
  -------------------------------------------------------------------    -------------------
                         (clock core_clk_6m144 rise edge)
                                                      0.000     0.000 r  
                                                      0.000     0.000 r  clk (IN)
                         net (fo=310, unset)          1.350     1.350    clk
    SLICE_X41Y59         FDRE                                         r  gen_serial_cic_comb.u_cic_interp16_serial_comb_dsp_ce/burst_remaining_reg[0]/C
  -------------------------------------------------------------------    -------------------
    SLICE_X41Y59         FDRE (Prop_fdre_C_Q)         0.379     1.729 f  gen_serial_cic_comb.u_cic_interp16_serial_comb_dsp_ce/burst_remaining_reg[0]/Q
                         net (fo=6, routed)           0.716     2.445    gen_serial_cic_comb.u_cic_interp16_serial_comb_dsp_ce/burst_remaining_reg_n_0_[0]
    SLICE_X41Y59         LUT6 (Prop_lut6_I2_O)        0.105     2.550 r  interp128_all2x_LUT6/O
                         net (fo=51, routed)          1.079     3.628    interp128_all2x_net
    SLICE_X38Y56         LUT4 (Prop_lut4_I3_O)        0.105     3.733 r  interp128_all2x_LUT4_30/O
                         net (fo=2, routed)           0.811     4.544    integrator_state[4]_i_3_n_0
    SLICE_X45Y56         CARRY4 (Prop_carry4_S[2]_CO[3])
                                                      0.437     4.981 r  gen_serial_cic_comb.u_cic_interp16_serial_comb_dsp_ce/gen_first_integrator_carry.first_integrator_sum_carry__0/CO[3]
                         net (fo=1, routed)           0.000     4.981    gen_serial_cic_comb.u_cic_interp16_serial_comb_dsp_ce/gen_first_integrator_carry.first_integrator_sum_carry__0_n_0
    SLICE_X45Y57         CARRY4 (Prop_carry4_CI_CO[3])
                                                      0.098     5.079 r  gen_serial_cic_comb.u_cic_interp16_serial_comb_dsp_ce/gen_first_integrator_carry.first_integrator_sum_carry__1/CO[3]
                         net (fo=1, routed)           0.000     5.079    gen_serial_cic_comb.u_cic_interp16_serial_comb_dsp_ce/gen_first_integrator_carry.first_integrator_sum_carry__1_n_0
    SLICE_X45Y58         CARRY4 (Prop_carry4_CI_CO[3])
                                                      0.098     5.177 r  gen_serial_cic_comb.u_cic_interp16_serial_comb_dsp_ce/gen_first_integrator_carry.first_integrator_sum_carry__2/CO[3]
                         net (fo=1, routed)           0.000     5.177    gen_serial_cic_comb.u_cic_interp16_serial_comb_dsp_ce/gen_first_integrator_carry.first_integrator_sum_carry__2_n_0
    SLICE_X45Y59         CARRY4 (Prop_carry4_CI_CO[3])
                                                      0.098     5.275 r  gen_serial_cic_comb.u_cic_interp16_serial_comb_dsp_ce/gen_first_integrator_carry.first_integrator_sum_carry__3/CO[3]
                         net (fo=1, routed)           0.000     5.275    gen_serial_cic_comb.u_cic_interp16_serial_comb_dsp_ce/gen_first_integrator_carry.first_integrator_sum_carry__3_n_0
    SLICE_X45Y60         CARRY4 (Prop_carry4_CI_CO[3])
                                                      0.098     5.373 r  gen_serial_cic_comb.u_cic_interp16_serial_comb_dsp_ce/gen_first_integrator_carry.first_integrator_sum_carry__4/CO[3]
                         net (fo=1, routed)           0.000     5.373    gen_serial_cic_comb.u_cic_interp16_serial_comb_dsp_ce/gen_first_integrator_carry.first_integrator_sum_carry__4_n_0
    SLICE_X45Y61         CARRY4 (Prop_carry4_CI_O[1])
                                                      0.265     5.638 r  gen_serial_cic_comb.u_cic_interp16_serial_comb_dsp_ce/gen_first_integrator_carry.first_integrator_sum_carry__5/O[1]
                         net (fo=23, routed)          1.020     6.658    final_input_rounded[25]
    DSP48_X1Y22          DSP48E1 (Prop_dsp48e1_A[23]_P[2])
                                                      1.889     8.547 f  gen_serial_cic_comb.u_cic_interp16_serial_comb_dsp_ce/gen_final_integrator_dsp.final_integrator_sum/P[2]
                         net (fo=2, routed)           0.814     9.362    gen_serial_cic_comb.u_cic_interp16_serial_comb_dsp_ce/gen_final_integrator_dsp.final_integrator_sum_n_103
    SLICE_X54Y55         LUT3 (Prop_lut3_I1_O)        0.105     9.467 r  interp128_all2x_LUT3_27/O
                         net (fo=1, routed)           0.473     9.939    interp128_all2x_net_19
    SLICE_X54Y56         LUT5 (Prop_lut5_I4_O)        0.105    10.044 r  interp128_all2x_LUT5_26/O
                         net (fo=1, routed)           0.000    10.044    rounded_value_carry_i_1__0_n_0
    SLICE_X54Y56         CARRY4 (Prop_carry4_S[0]_CO[3])
                                                      0.423    10.467 r  gen_serial_cic_comb.u_cic_interp16_serial_comb_dsp_ce/u_round_cic_normalized_output/rounded_value_carry/CO[3]
                         net (fo=1, routed)           0.000    10.467    gen_serial_cic_comb.u_cic_interp16_serial_comb_dsp_ce/u_round_cic_normalized_output/rounded_value_carry_n_0
    SLICE_X54Y57         CARRY4 (Prop_carry4_CI_CO[3])
                                                      0.100    10.567 r  gen_serial_cic_comb.u_cic_interp16_serial_comb_dsp_ce/u_round_cic_normalized_output/rounded_value_carry__0/CO[3]
                         net (fo=1, routed)           0.000    10.567    gen_serial_cic_comb.u_cic_interp16_serial_comb_dsp_ce/u_round_cic_normalized_output/rounded_value_carry__0_n_0
    SLICE_X54Y58         CARRY4 (Prop_carry4_CI_CO[3])
                                                      0.100    10.667 r  gen_serial_cic_comb.u_cic_interp16_serial_comb_dsp_ce/u_round_cic_normalized_output/rounded_value_carry__1/CO[3]
                         net (fo=1, routed)           0.000    10.667    gen_serial_cic_comb.u_cic_interp16_serial_comb_dsp_ce/u_round_cic_normalized_output/rounded_value_carry__1_n_0
    SLICE_X54Y59         CARRY4 (Prop_carry4_CI_CO[3])
                                                      0.100    10.767 r  gen_serial_cic_comb.u_cic_interp16_serial_comb_dsp_ce/u_round_cic_normalized_output/rounded_value_carry__2/CO[3]
                         net (fo=1, routed)           0.000    10.767    gen_serial_cic_comb.u_cic_interp16_serial_comb_dsp_ce/u_round_cic_normalized_output/rounded_value_carry__2_n_0
    SLICE_X54Y60         CARRY4 (Prop_carry4_CI_CO[3])
                                                      0.100    10.867 r  gen_serial_cic_comb.u_cic_interp16_serial_comb_dsp_ce/u_round_cic_normalized_output/rounded_value_carry__3/CO[3]
                         net (fo=1, routed)           0.000    10.867    gen_serial_cic_comb.u_cic_interp16_serial_comb_dsp_ce/u_round_cic_normalized_output/rounded_value_carry__3_n_0
    SLICE_X54Y61         CARRY4 (Prop_carry4_CI_O[0])
                                                      0.178    11.045 r  gen_serial_cic_comb.u_cic_interp16_serial_comb_dsp_ce/u_round_cic_normalized_output/rounded_value_carry__4/O[0]
                         net (fo=19, routed)          1.174    12.219    gen_serial_cic_comb.u_cic_interp16_serial_comb_dsp_ce/u_round_cic_normalized_output/rounded_value_carry__4_n_7
    SLICE_X55Y56         LUT4 (Prop_lut4_I1_O)        0.238    12.457 r  y_out[1]_i_1__0/O
                         net (fo=1, routed)           0.000    12.457    normalized_output[1]
    SLICE_X55Y56         FDRE                                         r  gen_serial_cic_comb.u_cic_interp16_serial_comb_dsp_ce/y_out_reg[1]/D
  -------------------------------------------------------------------    -------------------

                         (clock core_clk_6m144 rise edge)
                                                    162.760   162.760 r  
                                                      0.000   162.760 r  clk (IN)
                         net (fo=310, unset)          1.248   164.008    clk
    SLICE_X55Y56         FDRE                                         r  gen_serial_cic_comb.u_cic_interp16_serial_comb_dsp_ce/y_out_reg[1]/C
                         clock pessimism              0.065   164.073    
                         clock uncertainty           -0.035   164.038    
    SLICE_X55Y56         FDRE (Setup_fdre_C_D)        0.032   164.070    gen_serial_cic_comb.u_cic_interp16_serial_comb_dsp_ce/y_out_reg[1]
  -------------------------------------------------------------------
                         required time                        164.070    
                         arrival time                         -12.457    
  -------------------------------------------------------------------
                         slack                                151.613    

Slack (MET) :             151.636ns  (required time - arrival time)
  Source:                 gen_serial_cic_comb.u_cic_interp16_serial_comb_dsp_ce/burst_remaining_reg[0]/C
                            (rising edge-triggered cell FDRE clocked by core_clk_6m144  {rise@0.000ns fall@81.380ns period=162.760ns})
  Destination:            gen_serial_cic_comb.u_cic_interp16_serial_comb_dsp_ce/y_out_reg[2]/D
                            (rising edge-triggered cell FDRE clocked by core_clk_6m144  {rise@0.000ns fall@81.380ns period=162.760ns})
  Path Group:             core_clk_6m144
  Path Type:              Setup (Max at Slow Process Corner)
  Requirement:            162.760ns  (core_clk_6m144 rise@162.760ns - core_clk_6m144 rise@0.000ns)
  Data Path Delay:        11.121ns  (logic 5.035ns (45.275%)  route 6.086ns (54.725%))
  Logic Levels:           18  (CARRY4=12 DSP48E1=1 LUT3=1 LUT4=2 LUT5=1 LUT6=1)
  Clock Path Skew:        -0.037ns (DCD - SCD + CPR)
    Destination Clock Delay (DCD):    1.248ns = ( 164.008 - 162.760 ) 
    Source Clock Delay      (SCD):    1.350ns
    Clock Pessimism Removal (CPR):    0.065ns
  Clock Uncertainty:      0.035ns  ((TSJ^2 + TIJ^2)^1/2 + DJ) / 2 + PE
    Total System Jitter     (TSJ):    0.071ns
    Total Input Jitter      (TIJ):    0.000ns
    Discrete Jitter          (DJ):    0.000ns
    Phase Error              (PE):    0.000ns

    Location             Delay type                Incr(ns)  Path(ns)    Netlist Resource(s)
  -------------------------------------------------------------------    -------------------
                         (clock core_clk_6m144 rise edge)
                                                      0.000     0.000 r  
                                                      0.000     0.000 r  clk (IN)
                         net (fo=310, unset)          1.350     1.350    clk
    SLICE_X41Y59         FDRE                                         r  gen_serial_cic_comb.u_cic_interp16_serial_comb_dsp_ce/burst_remaining_reg[0]/C
  -------------------------------------------------------------------    -------------------
    SLICE_X41Y59         FDRE (Prop_fdre_C_Q)         0.379     1.729 f  gen_serial_cic_comb.u_cic_interp16_serial_comb_dsp_ce/burst_remaining_reg[0]/Q
                         net (fo=6, routed)           0.716     2.445    gen_serial_cic_comb.u_cic_interp16_serial_comb_dsp_ce/burst_remaining_reg_n_0_[0]
    SLICE_X41Y59         LUT6 (Prop_lut6_I2_O)        0.105     2.550 r  interp128_all2x_LUT6/O
                         net (fo=51, routed)          1.079     3.628    interp128_all2x_net
    SLICE_X38Y56         LUT4 (Prop_lut4_I3_O)        0.105     3.733 r  interp128_all2x_LUT4_30/O
                         net (fo=2, routed)           0.811     4.544    integrator_state[4]_i_3_n_0
    SLICE_X45Y56         CARRY4 (Prop_carry4_S[2]_CO[3])
                                                      0.437     4.981 r  gen_serial_cic_comb.u_cic_interp16_serial_comb_dsp_ce/gen_first_integrator_carry.first_integrator_sum_carry__0/CO[3]
                         net (fo=1, routed)           0.000     4.981    gen_serial_cic_comb.u_cic_interp16_serial_comb_dsp_ce/gen_first_integrator_carry.first_integrator_sum_carry__0_n_0
    SLICE_X45Y57         CARRY4 (Prop_carry4_CI_CO[3])
                                                      0.098     5.079 r  gen_serial_cic_comb.u_cic_interp16_serial_comb_dsp_ce/gen_first_integrator_carry.first_integrator_sum_carry__1/CO[3]
                         net (fo=1, routed)           0.000     5.079    gen_serial_cic_comb.u_cic_interp16_serial_comb_dsp_ce/gen_first_integrator_carry.first_integrator_sum_carry__1_n_0
    SLICE_X45Y58         CARRY4 (Prop_carry4_CI_CO[3])
                                                      0.098     5.177 r  gen_serial_cic_comb.u_cic_interp16_serial_comb_dsp_ce/gen_first_integrator_carry.first_integrator_sum_carry__2/CO[3]
                         net (fo=1, routed)           0.000     5.177    gen_serial_cic_comb.u_cic_interp16_serial_comb_dsp_ce/gen_first_integrator_carry.first_integrator_sum_carry__2_n_0
    SLICE_X45Y59         CARRY4 (Prop_carry4_CI_CO[3])
                                                      0.098     5.275 r  gen_serial_cic_comb.u_cic_interp16_serial_comb_dsp_ce/gen_first_integrator_carry.first_integrator_sum_carry__3/CO[3]
                         net (fo=1, routed)           0.000     5.275    gen_serial_cic_comb.u_cic_interp16_serial_comb_dsp_ce/gen_first_integrator_carry.first_integrator_sum_carry__3_n_0
    SLICE_X45Y60         CARRY4 (Prop_carry4_CI_CO[3])
                                                      0.098     5.373 r  gen_serial_cic_comb.u_cic_interp16_serial_comb_dsp_ce/gen_first_integrator_carry.first_integrator_sum_carry__4/CO[3]
                         net (fo=1, routed)           0.000     5.373    gen_serial_cic_comb.u_cic_interp16_serial_comb_dsp_ce/gen_first_integrator_carry.first_integrator_sum_carry__4_n_0
    SLICE_X45Y61         CARRY4 (Prop_carry4_CI_O[1])
                                                      0.265     5.638 r  gen_serial_cic_comb.u_cic_interp16_serial_comb_dsp_ce/gen_first_integrator_carry.first_integrator_sum_carry__5/O[1]
                         net (fo=23, routed)          1.020     6.658    final_input_rounded[25]
    DSP48_X1Y22          DSP48E1 (Prop_dsp48e1_A[23]_P[2])
                                                      1.889     8.547 f  gen_serial_cic_comb.u_cic_interp16_serial_comb_dsp_ce/gen_final_integrator_dsp.final_integrator_sum/P[2]
                         net (fo=2, routed)           0.814     9.362    gen_serial_cic_comb.u_cic_interp16_serial_comb_dsp_ce/gen_final_integrator_dsp.final_integrator_sum_n_103
    SLICE_X54Y55         LUT3 (Prop_lut3_I1_O)        0.105     9.467 r  interp128_all2x_LUT3_27/O
                         net (fo=1, routed)           0.473     9.939    interp128_all2x_net_19
    SLICE_X54Y56         LUT5 (Prop_lut5_I4_O)        0.105    10.044 r  interp128_all2x_LUT5_26/O
                         net (fo=1, routed)           0.000    10.044    rounded_value_carry_i_1__0_n_0
    SLICE_X54Y56         CARRY4 (Prop_carry4_S[0]_CO[3])
                                                      0.423    10.467 r  gen_serial_cic_comb.u_cic_interp16_serial_comb_dsp_ce/u_round_cic_normalized_output/rounded_value_carry/CO[3]
                         net (fo=1, routed)           0.000    10.467    gen_serial_cic_comb.u_cic_interp16_serial_comb_dsp_ce/u_round_cic_normalized_output/rounded_value_carry_n_0
    SLICE_X54Y57         CARRY4 (Prop_carry4_CI_CO[3])
                                                      0.100    10.567 r  gen_serial_cic_comb.u_cic_interp16_serial_comb_dsp_ce/u_round_cic_normalized_output/rounded_value_carry__0/CO[3]
                         net (fo=1, routed)           0.000    10.567    gen_serial_cic_comb.u_cic_interp16_serial_comb_dsp_ce/u_round_cic_normalized_output/rounded_value_carry__0_n_0
    SLICE_X54Y58         CARRY4 (Prop_carry4_CI_CO[3])
                                                      0.100    10.667 r  gen_serial_cic_comb.u_cic_interp16_serial_comb_dsp_ce/u_round_cic_normalized_output/rounded_value_carry__1/CO[3]
                         net (fo=1, routed)           0.000    10.667    gen_serial_cic_comb.u_cic_interp16_serial_comb_dsp_ce/u_round_cic_normalized_output/rounded_value_carry__1_n_0
    SLICE_X54Y59         CARRY4 (Prop_carry4_CI_CO[3])
                                                      0.100    10.767 r  gen_serial_cic_comb.u_cic_interp16_serial_comb_dsp_ce/u_round_cic_normalized_output/rounded_value_carry__2/CO[3]
                         net (fo=1, routed)           0.000    10.767    gen_serial_cic_comb.u_cic_interp16_serial_comb_dsp_ce/u_round_cic_normalized_output/rounded_value_carry__2_n_0
    SLICE_X54Y60         CARRY4 (Prop_carry4_CI_CO[3])
                                                      0.100    10.867 r  gen_serial_cic_comb.u_cic_interp16_serial_comb_dsp_ce/u_round_cic_normalized_output/rounded_value_carry__3/CO[3]
                         net (fo=1, routed)           0.000    10.867    gen_serial_cic_comb.u_cic_interp16_serial_comb_dsp_ce/u_round_cic_normalized_output/rounded_value_carry__3_n_0
    SLICE_X54Y61         CARRY4 (Prop_carry4_CI_O[0])
                                                      0.178    11.045 r  gen_serial_cic_comb.u_cic_interp16_serial_comb_dsp_ce/u_round_cic_normalized_output/rounded_value_carry__4/O[0]
                         net (fo=19, routed)          1.174    12.219    gen_serial_cic_comb.u_cic_interp16_serial_comb_dsp_ce/u_round_cic_normalized_output/rounded_value_carry__4_n_7
    SLICE_X55Y56         LUT4 (Prop_lut4_I1_O)        0.252    12.471 r  y_out[2]_i_1__0/O
                         net (fo=1, routed)           0.000    12.471    normalized_output[2]
    SLICE_X55Y56         FDRE                                         r  gen_serial_cic_comb.u_cic_interp16_serial_comb_dsp_ce/y_out_reg[2]/D
  -------------------------------------------------------------------    -------------------

                         (clock core_clk_6m144 rise edge)
                                                    162.760   162.760 r  
                                                      0.000   162.760 r  clk (IN)
                         net (fo=310, unset)          1.248   164.008    clk
    SLICE_X55Y56         FDRE                                         r  gen_serial_cic_comb.u_cic_interp16_serial_comb_dsp_ce/y_out_reg[2]/C
                         clock pessimism              0.065   164.073    
                         clock uncertainty           -0.035   164.038    
    SLICE_X55Y56         FDRE (Setup_fdre_C_D)        0.069   164.107    gen_serial_cic_comb.u_cic_interp16_serial_comb_dsp_ce/y_out_reg[2]
  -------------------------------------------------------------------
                         required time                        164.107    
                         arrival time                         -12.471    
  -------------------------------------------------------------------
                         slack                                151.636    

Slack (MET) :             151.727ns  (required time - arrival time)
  Source:                 gen_serial_cic_comb.u_cic_interp16_serial_comb_dsp_ce/burst_remaining_reg[0]/C
                            (rising edge-triggered cell FDRE clocked by core_clk_6m144  {rise@0.000ns fall@81.380ns period=162.760ns})
  Destination:            gen_serial_cic_comb.u_cic_interp16_serial_comb_dsp_ce/y_out_reg[3]/D
                            (rising edge-triggered cell FDRE clocked by core_clk_6m144  {rise@0.000ns fall@81.380ns period=162.760ns})
  Path Group:             core_clk_6m144
  Path Type:              Setup (Max at Slow Process Corner)
  Requirement:            162.760ns  (core_clk_6m144 rise@162.760ns - core_clk_6m144 rise@0.000ns)
  Data Path Delay:        10.991ns  (logic 5.021ns (45.683%)  route 5.970ns (54.317%))
  Logic Levels:           18  (CARRY4=12 DSP48E1=1 LUT3=1 LUT4=2 LUT5=1 LUT6=1)
  Clock Path Skew:        -0.037ns (DCD - SCD + CPR)
    Destination Clock Delay (DCD):    1.248ns = ( 164.008 - 162.760 ) 
    Source Clock Delay      (SCD):    1.350ns
    Clock Pessimism Removal (CPR):    0.065ns
  Clock Uncertainty:      0.035ns  ((TSJ^2 + TIJ^2)^1/2 + DJ) / 2 + PE
    Total System Jitter     (TSJ):    0.071ns
    Total Input Jitter      (TIJ):    0.000ns
    Discrete Jitter          (DJ):    0.000ns
    Phase Error              (PE):    0.000ns

    Location             Delay type                Incr(ns)  Path(ns)    Netlist Resource(s)
  -------------------------------------------------------------------    -------------------
                         (clock core_clk_6m144 rise edge)
                                                      0.000     0.000 r  
                                                      0.000     0.000 r  clk (IN)
                         net (fo=310, unset)          1.350     1.350    clk
    SLICE_X41Y59         FDRE                                         r  gen_serial_cic_comb.u_cic_interp16_serial_comb_dsp_ce/burst_remaining_reg[0]/C
  -------------------------------------------------------------------    -------------------
    SLICE_X41Y59         FDRE (Prop_fdre_C_Q)         0.379     1.729 f  gen_serial_cic_comb.u_cic_interp16_serial_comb_dsp_ce/burst_remaining_reg[0]/Q
                         net (fo=6, routed)           0.716     2.445    gen_serial_cic_comb.u_cic_interp16_serial_comb_dsp_ce/burst_remaining_reg_n_0_[0]
    SLICE_X41Y59         LUT6 (Prop_lut6_I2_O)        0.105     2.550 r  interp128_all2x_LUT6/O
                         net (fo=51, routed)          1.079     3.628    interp128_all2x_net
    SLICE_X38Y56         LUT4 (Prop_lut4_I3_O)        0.105     3.733 r  interp128_all2x_LUT4_30/O
                         net (fo=2, routed)           0.811     4.544    integrator_state[4]_i_3_n_0
    SLICE_X45Y56         CARRY4 (Prop_carry4_S[2]_CO[3])
                                                      0.437     4.981 r  gen_serial_cic_comb.u_cic_interp16_serial_comb_dsp_ce/gen_first_integrator_carry.first_integrator_sum_carry__0/CO[3]
                         net (fo=1, routed)           0.000     4.981    gen_serial_cic_comb.u_cic_interp16_serial_comb_dsp_ce/gen_first_integrator_carry.first_integrator_sum_carry__0_n_0
    SLICE_X45Y57         CARRY4 (Prop_carry4_CI_CO[3])
                                                      0.098     5.079 r  gen_serial_cic_comb.u_cic_interp16_serial_comb_dsp_ce/gen_first_integrator_carry.first_integrator_sum_carry__1/CO[3]
                         net (fo=1, routed)           0.000     5.079    gen_serial_cic_comb.u_cic_interp16_serial_comb_dsp_ce/gen_first_integrator_carry.first_integrator_sum_carry__1_n_0
    SLICE_X45Y58         CARRY4 (Prop_carry4_CI_CO[3])
                                                      0.098     5.177 r  gen_serial_cic_comb.u_cic_interp16_serial_comb_dsp_ce/gen_first_integrator_carry.first_integrator_sum_carry__2/CO[3]
                         net (fo=1, routed)           0.000     5.177    gen_serial_cic_comb.u_cic_interp16_serial_comb_dsp_ce/gen_first_integrator_carry.first_integrator_sum_carry__2_n_0
    SLICE_X45Y59         CARRY4 (Prop_carry4_CI_CO[3])
                                                      0.098     5.275 r  gen_serial_cic_comb.u_cic_interp16_serial_comb_dsp_ce/gen_first_integrator_carry.first_integrator_sum_carry__3/CO[3]
                         net (fo=1, routed)           0.000     5.275    gen_serial_cic_comb.u_cic_interp16_serial_comb_dsp_ce/gen_first_integrator_carry.first_integrator_sum_carry__3_n_0
    SLICE_X45Y60         CARRY4 (Prop_carry4_CI_CO[3])
                                                      0.098     5.373 r  gen_serial_cic_comb.u_cic_interp16_serial_comb_dsp_ce/gen_first_integrator_carry.first_integrator_sum_carry__4/CO[3]
                         net (fo=1, routed)           0.000     5.373    gen_serial_cic_comb.u_cic_interp16_serial_comb_dsp_ce/gen_first_integrator_carry.first_integrator_sum_carry__4_n_0
    SLICE_X45Y61         CARRY4 (Prop_carry4_CI_O[1])
                                                      0.265     5.638 r  gen_serial_cic_comb.u_cic_interp16_serial_comb_dsp_ce/gen_first_integrator_carry.first_integrator_sum_carry__5/O[1]
                         net (fo=23, routed)          1.020     6.658    final_input_rounded[25]
    DSP48_X1Y22          DSP48E1 (Prop_dsp48e1_A[23]_P[2])
                                                      1.889     8.547 f  gen_serial_cic_comb.u_cic_interp16_serial_comb_dsp_ce/gen_final_integrator_dsp.final_integrator_sum/P[2]
                         net (fo=2, routed)           0.814     9.362    gen_serial_cic_comb.u_cic_interp16_serial_comb_dsp_ce/gen_final_integrator_dsp.final_integrator_sum_n_103
    SLICE_X54Y55         LUT3 (Prop_lut3_I1_O)        0.105     9.467 r  interp128_all2x_LUT3_27/O
                         net (fo=1, routed)           0.473     9.939    interp128_all2x_net_19
    SLICE_X54Y56         LUT5 (Prop_lut5_I4_O)        0.105    10.044 r  interp128_all2x_LUT5_26/O
                         net (fo=1, routed)           0.000    10.044    rounded_value_carry_i_1__0_n_0
    SLICE_X54Y56         CARRY4 (Prop_carry4_S[0]_CO[3])
                                                      0.423    10.467 r  gen_serial_cic_comb.u_cic_interp16_serial_comb_dsp_ce/u_round_cic_normalized_output/rounded_value_carry/CO[3]
                         net (fo=1, routed)           0.000    10.467    gen_serial_cic_comb.u_cic_interp16_serial_comb_dsp_ce/u_round_cic_normalized_output/rounded_value_carry_n_0
    SLICE_X54Y57         CARRY4 (Prop_carry4_CI_CO[3])
                                                      0.100    10.567 r  gen_serial_cic_comb.u_cic_interp16_serial_comb_dsp_ce/u_round_cic_normalized_output/rounded_value_carry__0/CO[3]
                         net (fo=1, routed)           0.000    10.567    gen_serial_cic_comb.u_cic_interp16_serial_comb_dsp_ce/u_round_cic_normalized_output/rounded_value_carry__0_n_0
    SLICE_X54Y58         CARRY4 (Prop_carry4_CI_CO[3])
                                                      0.100    10.667 r  gen_serial_cic_comb.u_cic_interp16_serial_comb_dsp_ce/u_round_cic_normalized_output/rounded_value_carry__1/CO[3]
                         net (fo=1, routed)           0.000    10.667    gen_serial_cic_comb.u_cic_interp16_serial_comb_dsp_ce/u_round_cic_normalized_output/rounded_value_carry__1_n_0
    SLICE_X54Y59         CARRY4 (Prop_carry4_CI_CO[3])
                                                      0.100    10.767 r  gen_serial_cic_comb.u_cic_interp16_serial_comb_dsp_ce/u_round_cic_normalized_output/rounded_value_carry__2/CO[3]
                         net (fo=1, routed)           0.000    10.767    gen_serial_cic_comb.u_cic_interp16_serial_comb_dsp_ce/u_round_cic_normalized_output/rounded_value_carry__2_n_0
    SLICE_X54Y60         CARRY4 (Prop_carry4_CI_CO[3])
                                                      0.100    10.867 r  gen_serial_cic_comb.u_cic_interp16_serial_comb_dsp_ce/u_round_cic_normalized_output/rounded_value_carry__3/CO[3]
                         net (fo=1, routed)           0.000    10.867    gen_serial_cic_comb.u_cic_interp16_serial_comb_dsp_ce/u_round_cic_normalized_output/rounded_value_carry__3_n_0
    SLICE_X54Y61         CARRY4 (Prop_carry4_CI_O[0])
                                                      0.178    11.045 r  gen_serial_cic_comb.u_cic_interp16_serial_comb_dsp_ce/u_round_cic_normalized_output/rounded_value_carry__4/O[0]
                         net (fo=19, routed)          1.058    12.103    gen_serial_cic_comb.u_cic_interp16_serial_comb_dsp_ce/u_round_cic_normalized_output/rounded_value_carry__4_n_7
    SLICE_X55Y57         LUT4 (Prop_lut4_I1_O)        0.238    12.341 r  y_out[3]_i_1__0/O
                         net (fo=1, routed)           0.000    12.341    normalized_output[3]
    SLICE_X55Y57         FDRE                                         r  gen_serial_cic_comb.u_cic_interp16_serial_comb_dsp_ce/y_out_reg[3]/D
  -------------------------------------------------------------------    -------------------

                         (clock core_clk_6m144 rise edge)
                                                    162.760   162.760 r  
                                                      0.000   162.760 r  clk (IN)
                         net (fo=310, unset)          1.248   164.008    clk
    SLICE_X55Y57         FDRE                                         r  gen_serial_cic_comb.u_cic_interp16_serial_comb_dsp_ce/y_out_reg[3]/C
                         clock pessimism              0.065   164.073    
                         clock uncertainty           -0.035   164.038    
    SLICE_X55Y57         FDRE (Setup_fdre_C_D)        0.030   164.068    gen_serial_cic_comb.u_cic_interp16_serial_comb_dsp_ce/y_out_reg[3]
  -------------------------------------------------------------------
                         required time                        164.068    
                         arrival time                         -12.341    
  -------------------------------------------------------------------
                         slack                                151.727    

Slack (MET) :             151.729ns  (required time - arrival time)
  Source:                 gen_serial_cic_comb.u_cic_interp16_serial_comb_dsp_ce/burst_remaining_reg[0]/C
                            (rising edge-triggered cell FDRE clocked by core_clk_6m144  {rise@0.000ns fall@81.380ns period=162.760ns})
  Destination:            gen_serial_cic_comb.u_cic_interp16_serial_comb_dsp_ce/y_out_reg[5]/D
                            (rising edge-triggered cell FDRE clocked by core_clk_6m144  {rise@0.000ns fall@81.380ns period=162.760ns})
  Path Group:             core_clk_6m144
  Path Type:              Setup (Max at Slow Process Corner)
  Requirement:            162.760ns  (core_clk_6m144 rise@162.760ns - core_clk_6m144 rise@0.000ns)
  Data Path Delay:        10.991ns  (logic 5.021ns (45.683%)  route 5.970ns (54.317%))
  Logic Levels:           18  (CARRY4=12 DSP48E1=1 LUT3=1 LUT4=2 LUT5=1 LUT6=1)
  Clock Path Skew:        -0.037ns (DCD - SCD + CPR)
    Destination Clock Delay (DCD):    1.248ns = ( 164.008 - 162.760 ) 
    Source Clock Delay      (SCD):    1.350ns
    Clock Pessimism Removal (CPR):    0.065ns
  Clock Uncertainty:      0.035ns  ((TSJ^2 + TIJ^2)^1/2 + DJ) / 2 + PE
    Total System Jitter     (TSJ):    0.071ns
    Total Input Jitter      (TIJ):    0.000ns
    Discrete Jitter          (DJ):    0.000ns
    Phase Error              (PE):    0.000ns

    Location             Delay type                Incr(ns)  Path(ns)    Netlist Resource(s)
  -------------------------------------------------------------------    -------------------
                         (clock core_clk_6m144 rise edge)
                                                      0.000     0.000 r  
                                                      0.000     0.000 r  clk (IN)
                         net (fo=310, unset)          1.350     1.350    clk
    SLICE_X41Y59         FDRE                                         r  gen_serial_cic_comb.u_cic_interp16_serial_comb_dsp_ce/burst_remaining_reg[0]/C
  -------------------------------------------------------------------    -------------------
    SLICE_X41Y59         FDRE (Prop_fdre_C_Q)         0.379     1.729 f  gen_serial_cic_comb.u_cic_interp16_serial_comb_dsp_ce/burst_remaining_reg[0]/Q
                         net (fo=6, routed)           0.716     2.445    gen_serial_cic_comb.u_cic_interp16_serial_comb_dsp_ce/burst_remaining_reg_n_0_[0]
    SLICE_X41Y59         LUT6 (Prop_lut6_I2_O)        0.105     2.550 r  interp128_all2x_LUT6/O
                         net (fo=51, routed)          1.079     3.628    interp128_all2x_net
    SLICE_X38Y56         LUT4 (Prop_lut4_I3_O)        0.105     3.733 r  interp128_all2x_LUT4_30/O
                         net (fo=2, routed)           0.811     4.544    integrator_state[4]_i_3_n_0
    SLICE_X45Y56         CARRY4 (Prop_carry4_S[2]_CO[3])
                                                      0.437     4.981 r  gen_serial_cic_comb.u_cic_interp16_serial_comb_dsp_ce/gen_first_integrator_carry.first_integrator_sum_carry__0/CO[3]
                         net (fo=1, routed)           0.000     4.981    gen_serial_cic_comb.u_cic_interp16_serial_comb_dsp_ce/gen_first_integrator_carry.first_integrator_sum_carry__0_n_0
    SLICE_X45Y57         CARRY4 (Prop_carry4_CI_CO[3])
                                                      0.098     5.079 r  gen_serial_cic_comb.u_cic_interp16_serial_comb_dsp_ce/gen_first_integrator_carry.first_integrator_sum_carry__1/CO[3]
                         net (fo=1, routed)           0.000     5.079    gen_serial_cic_comb.u_cic_interp16_serial_comb_dsp_ce/gen_first_integrator_carry.first_integrator_sum_carry__1_n_0
    SLICE_X45Y58         CARRY4 (Prop_carry4_CI_CO[3])
                                                      0.098     5.177 r  gen_serial_cic_comb.u_cic_interp16_serial_comb_dsp_ce/gen_first_integrator_carry.first_integrator_sum_carry__2/CO[3]
                         net (fo=1, routed)           0.000     5.177    gen_serial_cic_comb.u_cic_interp16_serial_comb_dsp_ce/gen_first_integrator_carry.first_integrator_sum_carry__2_n_0
    SLICE_X45Y59         CARRY4 (Prop_carry4_CI_CO[3])
                                                      0.098     5.275 r  gen_serial_cic_comb.u_cic_interp16_serial_comb_dsp_ce/gen_first_integrator_carry.first_integrator_sum_carry__3/CO[3]
                         net (fo=1, routed)           0.000     5.275    gen_serial_cic_comb.u_cic_interp16_serial_comb_dsp_ce/gen_first_integrator_carry.first_integrator_sum_carry__3_n_0
    SLICE_X45Y60         CARRY4 (Prop_carry4_CI_CO[3])
                                                      0.098     5.373 r  gen_serial_cic_comb.u_cic_interp16_serial_comb_dsp_ce/gen_first_integrator_carry.first_integrator_sum_carry__4/CO[3]
                         net (fo=1, routed)           0.000     5.373    gen_serial_cic_comb.u_cic_interp16_serial_comb_dsp_ce/gen_first_integrator_carry.first_integrator_sum_carry__4_n_0
    SLICE_X45Y61         CARRY4 (Prop_carry4_CI_O[1])
                                                      0.265     5.638 r  gen_serial_cic_comb.u_cic_interp16_serial_comb_dsp_ce/gen_first_integrator_carry.first_integrator_sum_carry__5/O[1]
                         net (fo=23, routed)          1.020     6.658    final_input_rounded[25]
    DSP48_X1Y22          DSP48E1 (Prop_dsp48e1_A[23]_P[2])
                                                      1.889     8.547 f  gen_serial_cic_comb.u_cic_interp16_serial_comb_dsp_ce/gen_final_integrator_dsp.final_integrator_sum/P[2]
                         net (fo=2, routed)           0.814     9.362    gen_serial_cic_comb.u_cic_interp16_serial_comb_dsp_ce/gen_final_integrator_dsp.final_integrator_sum_n_103
    SLICE_X54Y55         LUT3 (Prop_lut3_I1_O)        0.105     9.467 r  interp128_all2x_LUT3_27/O
                         net (fo=1, routed)           0.473     9.939    interp128_all2x_net_19
    SLICE_X54Y56         LUT5 (Prop_lut5_I4_O)        0.105    10.044 r  interp128_all2x_LUT5_26/O
                         net (fo=1, routed)           0.000    10.044    rounded_value_carry_i_1__0_n_0
    SLICE_X54Y56         CARRY4 (Prop_carry4_S[0]_CO[3])
                                                      0.423    10.467 r  gen_serial_cic_comb.u_cic_interp16_serial_comb_dsp_ce/u_round_cic_normalized_output/rounded_value_carry/CO[3]
                         net (fo=1, routed)           0.000    10.467    gen_serial_cic_comb.u_cic_interp16_serial_comb_dsp_ce/u_round_cic_normalized_output/rounded_value_carry_n_0
    SLICE_X54Y57         CARRY4 (Prop_carry4_CI_CO[3])
                                                      0.100    10.567 r  gen_serial_cic_comb.u_cic_interp16_serial_comb_dsp_ce/u_round_cic_normalized_output/rounded_value_carry__0/CO[3]
                         net (fo=1, routed)           0.000    10.567    gen_serial_cic_comb.u_cic_interp16_serial_comb_dsp_ce/u_round_cic_normalized_output/rounded_value_carry__0_n_0
    SLICE_X54Y58         CARRY4 (Prop_carry4_CI_CO[3])
                                                      0.100    10.667 r  gen_serial_cic_comb.u_cic_interp16_serial_comb_dsp_ce/u_round_cic_normalized_output/rounded_value_carry__1/CO[3]
                         net (fo=1, routed)           0.000    10.667    gen_serial_cic_comb.u_cic_interp16_serial_comb_dsp_ce/u_round_cic_normalized_output/rounded_value_carry__1_n_0
    SLICE_X54Y59         CARRY4 (Prop_carry4_CI_CO[3])
                                                      0.100    10.767 r  gen_serial_cic_comb.u_cic_interp16_serial_comb_dsp_ce/u_round_cic_normalized_output/rounded_value_carry__2/CO[3]
                         net (fo=1, routed)           0.000    10.767    gen_serial_cic_comb.u_cic_interp16_serial_comb_dsp_ce/u_round_cic_normalized_output/rounded_value_carry__2_n_0
    SLICE_X54Y60         CARRY4 (Prop_carry4_CI_CO[3])
                                                      0.100    10.867 r  gen_serial_cic_comb.u_cic_interp16_serial_comb_dsp_ce/u_round_cic_normalized_output/rounded_value_carry__3/CO[3]
                         net (fo=1, routed)           0.000    10.867    gen_serial_cic_comb.u_cic_interp16_serial_comb_dsp_ce/u_round_cic_normalized_output/rounded_value_carry__3_n_0
    SLICE_X54Y61         CARRY4 (Prop_carry4_CI_O[0])
                                                      0.178    11.045 r  gen_serial_cic_comb.u_cic_interp16_serial_comb_dsp_ce/u_round_cic_normalized_output/rounded_value_carry__4/O[0]
                         net (fo=19, routed)          1.058    12.103    gen_serial_cic_comb.u_cic_interp16_serial_comb_dsp_ce/u_round_cic_normalized_output/rounded_value_carry__4_n_7
    SLICE_X55Y57         LUT4 (Prop_lut4_I1_O)        0.238    12.341 r  y_out[5]_i_1__0/O
                         net (fo=1, routed)           0.000    12.341    normalized_output[5]
    SLICE_X55Y57         FDRE                                         r  gen_serial_cic_comb.u_cic_interp16_serial_comb_dsp_ce/y_out_reg[5]/D
  -------------------------------------------------------------------    -------------------

                         (clock core_clk_6m144 rise edge)
                                                    162.760   162.760 r  
                                                      0.000   162.760 r  clk (IN)
                         net (fo=310, unset)          1.248   164.008    clk
    SLICE_X55Y57         FDRE                                         r  gen_serial_cic_comb.u_cic_interp16_serial_comb_dsp_ce/y_out_reg[5]/C
                         clock pessimism              0.065   164.073    
                         clock uncertainty           -0.035   164.038    
    SLICE_X55Y57         FDRE (Setup_fdre_C_D)        0.032   164.070    gen_serial_cic_comb.u_cic_interp16_serial_comb_dsp_ce/y_out_reg[5]
  -------------------------------------------------------------------
                         required time                        164.070    
                         arrival time                         -12.341    
  -------------------------------------------------------------------
                         slack                                151.729    

Slack (MET) :             151.752ns  (required time - arrival time)
  Source:                 gen_serial_cic_comb.u_cic_interp16_serial_comb_dsp_ce/burst_remaining_reg[0]/C
                            (rising edge-triggered cell FDRE clocked by core_clk_6m144  {rise@0.000ns fall@81.380ns period=162.760ns})
  Destination:            gen_serial_cic_comb.u_cic_interp16_serial_comb_dsp_ce/y_out_reg[4]/D
                            (rising edge-triggered cell FDRE clocked by core_clk_6m144  {rise@0.000ns fall@81.380ns period=162.760ns})
  Path Group:             core_clk_6m144
  Path Type:              Setup (Max at Slow Process Corner)
  Requirement:            162.760ns  (core_clk_6m144 rise@162.760ns - core_clk_6m144 rise@0.000ns)
  Data Path Delay:        11.005ns  (logic 5.035ns (45.753%)  route 5.970ns (54.247%))
  Logic Levels:           18  (CARRY4=12 DSP48E1=1 LUT3=1 LUT4=2 LUT5=1 LUT6=1)
  Clock Path Skew:        -0.037ns (DCD - SCD + CPR)
    Destination Clock Delay (DCD):    1.248ns = ( 164.008 - 162.760 ) 
    Source Clock Delay      (SCD):    1.350ns
    Clock Pessimism Removal (CPR):    0.065ns
  Clock Uncertainty:      0.035ns  ((TSJ^2 + TIJ^2)^1/2 + DJ) / 2 + PE
    Total System Jitter     (TSJ):    0.071ns
    Total Input Jitter      (TIJ):    0.000ns
    Discrete Jitter          (DJ):    0.000ns
    Phase Error              (PE):    0.000ns

    Location             Delay type                Incr(ns)  Path(ns)    Netlist Resource(s)
  -------------------------------------------------------------------    -------------------
                         (clock core_clk_6m144 rise edge)
                                                      0.000     0.000 r  
                                                      0.000     0.000 r  clk (IN)
                         net (fo=310, unset)          1.350     1.350    clk
    SLICE_X41Y59         FDRE                                         r  gen_serial_cic_comb.u_cic_interp16_serial_comb_dsp_ce/burst_remaining_reg[0]/C
  -------------------------------------------------------------------    -------------------
    SLICE_X41Y59         FDRE (Prop_fdre_C_Q)         0.379     1.729 f  gen_serial_cic_comb.u_cic_interp16_serial_comb_dsp_ce/burst_remaining_reg[0]/Q
                         net (fo=6, routed)           0.716     2.445    gen_serial_cic_comb.u_cic_interp16_serial_comb_dsp_ce/burst_remaining_reg_n_0_[0]
    SLICE_X41Y59         LUT6 (Prop_lut6_I2_O)        0.105     2.550 r  interp128_all2x_LUT6/O
                         net (fo=51, routed)          1.079     3.628    interp128_all2x_net
    SLICE_X38Y56         LUT4 (Prop_lut4_I3_O)        0.105     3.733 r  interp128_all2x_LUT4_30/O
                         net (fo=2, routed)           0.811     4.544    integrator_state[4]_i_3_n_0
    SLICE_X45Y56         CARRY4 (Prop_carry4_S[2]_CO[3])
                                                      0.437     4.981 r  gen_serial_cic_comb.u_cic_interp16_serial_comb_dsp_ce/gen_first_integrator_carry.first_integrator_sum_carry__0/CO[3]
                         net (fo=1, routed)           0.000     4.981    gen_serial_cic_comb.u_cic_interp16_serial_comb_dsp_ce/gen_first_integrator_carry.first_integrator_sum_carry__0_n_0
    SLICE_X45Y57         CARRY4 (Prop_carry4_CI_CO[3])
                                                      0.098     5.079 r  gen_serial_cic_comb.u_cic_interp16_serial_comb_dsp_ce/gen_first_integrator_carry.first_integrator_sum_carry__1/CO[3]
                         net (fo=1, routed)           0.000     5.079    gen_serial_cic_comb.u_cic_interp16_serial_comb_dsp_ce/gen_first_integrator_carry.first_integrator_sum_carry__1_n_0
    SLICE_X45Y58         CARRY4 (Prop_carry4_CI_CO[3])
                                                      0.098     5.177 r  gen_serial_cic_comb.u_cic_interp16_serial_comb_dsp_ce/gen_first_integrator_carry.first_integrator_sum_carry__2/CO[3]
                         net (fo=1, routed)           0.000     5.177    gen_serial_cic_comb.u_cic_interp16_serial_comb_dsp_ce/gen_first_integrator_carry.first_integrator_sum_carry__2_n_0
    SLICE_X45Y59         CARRY4 (Prop_carry4_CI_CO[3])
                                                      0.098     5.275 r  gen_serial_cic_comb.u_cic_interp16_serial_comb_dsp_ce/gen_first_integrator_carry.first_integrator_sum_carry__3/CO[3]
                         net (fo=1, routed)           0.000     5.275    gen_serial_cic_comb.u_cic_interp16_serial_comb_dsp_ce/gen_first_integrator_carry.first_integrator_sum_carry__3_n_0
    SLICE_X45Y60         CARRY4 (Prop_carry4_CI_CO[3])
                                                      0.098     5.373 r  gen_serial_cic_comb.u_cic_interp16_serial_comb_dsp_ce/gen_first_integrator_carry.first_integrator_sum_carry__4/CO[3]
                         net (fo=1, routed)           0.000     5.373    gen_serial_cic_comb.u_cic_interp16_serial_comb_dsp_ce/gen_first_integrator_carry.first_integrator_sum_carry__4_n_0
    SLICE_X45Y61         CARRY4 (Prop_carry4_CI_O[1])
                                                      0.265     5.638 r  gen_serial_cic_comb.u_cic_interp16_serial_comb_dsp_ce/gen_first_integrator_carry.first_integrator_sum_carry__5/O[1]
                         net (fo=23, routed)          1.020     6.658    final_input_rounded[25]
    DSP48_X1Y22          DSP48E1 (Prop_dsp48e1_A[23]_P[2])
                                                      1.889     8.547 f  gen_serial_cic_comb.u_cic_interp16_serial_comb_dsp_ce/gen_final_integrator_dsp.final_integrator_sum/P[2]
                         net (fo=2, routed)           0.814     9.362    gen_serial_cic_comb.u_cic_interp16_serial_comb_dsp_ce/gen_final_integrator_dsp.final_integrator_sum_n_103
    SLICE_X54Y55         LUT3 (Prop_lut3_I1_O)        0.105     9.467 r  interp128_all2x_LUT3_27/O
                         net (fo=1, routed)           0.473     9.939    interp128_all2x_net_19
    SLICE_X54Y56         LUT5 (Prop_lut5_I4_O)        0.105    10.044 r  interp128_all2x_LUT5_26/O
                         net (fo=1, routed)           0.000    10.044    rounded_value_carry_i_1__0_n_0
    SLICE_X54Y56         CARRY4 (Prop_carry4_S[0]_CO[3])
                                                      0.423    10.467 r  gen_serial_cic_comb.u_cic_interp16_serial_comb_dsp_ce/u_round_cic_normalized_output/rounded_value_carry/CO[3]
                         net (fo=1, routed)           0.000    10.467    gen_serial_cic_comb.u_cic_interp16_serial_comb_dsp_ce/u_round_cic_normalized_output/rounded_value_carry_n_0
    SLICE_X54Y57         CARRY4 (Prop_carry4_CI_CO[3])
                                                      0.100    10.567 r  gen_serial_cic_comb.u_cic_interp16_serial_comb_dsp_ce/u_round_cic_normalized_output/rounded_value_carry__0/CO[3]
                         net (fo=1, routed)           0.000    10.567    gen_serial_cic_comb.u_cic_interp16_serial_comb_dsp_ce/u_round_cic_normalized_output/rounded_value_carry__0_n_0
    SLICE_X54Y58         CARRY4 (Prop_carry4_CI_CO[3])
                                                      0.100    10.667 r  gen_serial_cic_comb.u_cic_interp16_serial_comb_dsp_ce/u_round_cic_normalized_output/rounded_value_carry__1/CO[3]
                         net (fo=1, routed)           0.000    10.667    gen_serial_cic_comb.u_cic_interp16_serial_comb_dsp_ce/u_round_cic_normalized_output/rounded_value_carry__1_n_0
    SLICE_X54Y59         CARRY4 (Prop_carry4_CI_CO[3])
                                                      0.100    10.767 r  gen_serial_cic_comb.u_cic_interp16_serial_comb_dsp_ce/u_round_cic_normalized_output/rounded_value_carry__2/CO[3]
                         net (fo=1, routed)           0.000    10.767    gen_serial_cic_comb.u_cic_interp16_serial_comb_dsp_ce/u_round_cic_normalized_output/rounded_value_carry__2_n_0
    SLICE_X54Y60         CARRY4 (Prop_carry4_CI_CO[3])
                                                      0.100    10.867 r  gen_serial_cic_comb.u_cic_interp16_serial_comb_dsp_ce/u_round_cic_normalized_output/rounded_value_carry__3/CO[3]
                         net (fo=1, routed)           0.000    10.867    gen_serial_cic_comb.u_cic_interp16_serial_comb_dsp_ce/u_round_cic_normalized_output/rounded_value_carry__3_n_0
    SLICE_X54Y61         CARRY4 (Prop_carry4_CI_O[0])
                                                      0.178    11.045 r  gen_serial_cic_comb.u_cic_interp16_serial_comb_dsp_ce/u_round_cic_normalized_output/rounded_value_carry__4/O[0]
                         net (fo=19, routed)          1.058    12.103    gen_serial_cic_comb.u_cic_interp16_serial_comb_dsp_ce/u_round_cic_normalized_output/rounded_value_carry__4_n_7
    SLICE_X55Y57         LUT4 (Prop_lut4_I1_O)        0.252    12.355 r  y_out[4]_i_1__0/O
                         net (fo=1, routed)           0.000    12.355    normalized_output[4]
    SLICE_X55Y57         FDRE                                         r  gen_serial_cic_comb.u_cic_interp16_serial_comb_dsp_ce/y_out_reg[4]/D
  -------------------------------------------------------------------    -------------------

                         (clock core_clk_6m144 rise edge)
                                                    162.760   162.760 r  
                                                      0.000   162.760 r  clk (IN)
                         net (fo=310, unset)          1.248   164.008    clk
    SLICE_X55Y57         FDRE                                         r  gen_serial_cic_comb.u_cic_interp16_serial_comb_dsp_ce/y_out_reg[4]/C
                         clock pessimism              0.065   164.073    
                         clock uncertainty           -0.035   164.038    
    SLICE_X55Y57         FDRE (Setup_fdre_C_D)        0.069   164.107    gen_serial_cic_comb.u_cic_interp16_serial_comb_dsp_ce/y_out_reg[4]
  -------------------------------------------------------------------
                         required time                        164.107    
                         arrival time                         -12.355    
  -------------------------------------------------------------------
                         slack                                151.752    

Slack (MET) :             151.752ns  (required time - arrival time)
  Source:                 gen_serial_cic_comb.u_cic_interp16_serial_comb_dsp_ce/burst_remaining_reg[0]/C
                            (rising edge-triggered cell FDRE clocked by core_clk_6m144  {rise@0.000ns fall@81.380ns period=162.760ns})
  Destination:            gen_serial_cic_comb.u_cic_interp16_serial_comb_dsp_ce/y_out_reg[6]/D
                            (rising edge-triggered cell FDRE clocked by core_clk_6m144  {rise@0.000ns fall@81.380ns period=162.760ns})
  Path Group:             core_clk_6m144
  Path Type:              Setup (Max at Slow Process Corner)
  Requirement:            162.760ns  (core_clk_6m144 rise@162.760ns - core_clk_6m144 rise@0.000ns)
  Data Path Delay:        11.005ns  (logic 5.035ns (45.753%)  route 5.970ns (54.247%))
  Logic Levels:           18  (CARRY4=12 DSP48E1=1 LUT3=1 LUT4=2 LUT5=1 LUT6=1)
  Clock Path Skew:        -0.037ns (DCD - SCD + CPR)
    Destination Clock Delay (DCD):    1.248ns = ( 164.008 - 162.760 ) 
    Source Clock Delay      (SCD):    1.350ns
    Clock Pessimism Removal (CPR):    0.065ns
  Clock Uncertainty:      0.035ns  ((TSJ^2 + TIJ^2)^1/2 + DJ) / 2 + PE
    Total System Jitter     (TSJ):    0.071ns
    Total Input Jitter      (TIJ):    0.000ns
    Discrete Jitter          (DJ):    0.000ns
    Phase Error              (PE):    0.000ns

    Location             Delay type                Incr(ns)  Path(ns)    Netlist Resource(s)
  -------------------------------------------------------------------    -------------------
                         (clock core_clk_6m144 rise edge)
                                                      0.000     0.000 r  
                                                      0.000     0.000 r  clk (IN)
                         net (fo=310, unset)          1.350     1.350    clk
    SLICE_X41Y59         FDRE                                         r  gen_serial_cic_comb.u_cic_interp16_serial_comb_dsp_ce/burst_remaining_reg[0]/C
  -------------------------------------------------------------------    -------------------
    SLICE_X41Y59         FDRE (Prop_fdre_C_Q)         0.379     1.729 f  gen_serial_cic_comb.u_cic_interp16_serial_comb_dsp_ce/burst_remaining_reg[0]/Q
                         net (fo=6, routed)           0.716     2.445    gen_serial_cic_comb.u_cic_interp16_serial_comb_dsp_ce/burst_remaining_reg_n_0_[0]
    SLICE_X41Y59         LUT6 (Prop_lut6_I2_O)        0.105     2.550 r  interp128_all2x_LUT6/O
                         net (fo=51, routed)          1.079     3.628    interp128_all2x_net
    SLICE_X38Y56         LUT4 (Prop_lut4_I3_O)        0.105     3.733 r  interp128_all2x_LUT4_30/O
                         net (fo=2, routed)           0.811     4.544    integrator_state[4]_i_3_n_0
    SLICE_X45Y56         CARRY4 (Prop_carry4_S[2]_CO[3])
                                                      0.437     4.981 r  gen_serial_cic_comb.u_cic_interp16_serial_comb_dsp_ce/gen_first_integrator_carry.first_integrator_sum_carry__0/CO[3]
                         net (fo=1, routed)           0.000     4.981    gen_serial_cic_comb.u_cic_interp16_serial_comb_dsp_ce/gen_first_integrator_carry.first_integrator_sum_carry__0_n_0
    SLICE_X45Y57         CARRY4 (Prop_carry4_CI_CO[3])
                                                      0.098     5.079 r  gen_serial_cic_comb.u_cic_interp16_serial_comb_dsp_ce/gen_first_integrator_carry.first_integrator_sum_carry__1/CO[3]
                         net (fo=1, routed)           0.000     5.079    gen_serial_cic_comb.u_cic_interp16_serial_comb_dsp_ce/gen_first_integrator_carry.first_integrator_sum_carry__1_n_0
    SLICE_X45Y58         CARRY4 (Prop_carry4_CI_CO[3])
                                                      0.098     5.177 r  gen_serial_cic_comb.u_cic_interp16_serial_comb_dsp_ce/gen_first_integrator_carry.first_integrator_sum_carry__2/CO[3]
                         net (fo=1, routed)           0.000     5.177    gen_serial_cic_comb.u_cic_interp16_serial_comb_dsp_ce/gen_first_integrator_carry.first_integrator_sum_carry__2_n_0
    SLICE_X45Y59         CARRY4 (Prop_carry4_CI_CO[3])
                                                      0.098     5.275 r  gen_serial_cic_comb.u_cic_interp16_serial_comb_dsp_ce/gen_first_integrator_carry.first_integrator_sum_carry__3/CO[3]
                         net (fo=1, routed)           0.000     5.275    gen_serial_cic_comb.u_cic_interp16_serial_comb_dsp_ce/gen_first_integrator_carry.first_integrator_sum_carry__3_n_0
    SLICE_X45Y60         CARRY4 (Prop_carry4_CI_CO[3])
                                                      0.098     5.373 r  gen_serial_cic_comb.u_cic_interp16_serial_comb_dsp_ce/gen_first_integrator_carry.first_integrator_sum_carry__4/CO[3]
                         net (fo=1, routed)           0.000     5.373    gen_serial_cic_comb.u_cic_interp16_serial_comb_dsp_ce/gen_first_integrator_carry.first_integrator_sum_carry__4_n_0
    SLICE_X45Y61         CARRY4 (Prop_carry4_CI_O[1])
                                                      0.265     5.638 r  gen_serial_cic_comb.u_cic_interp16_serial_comb_dsp_ce/gen_first_integrator_carry.first_integrator_sum_carry__5/O[1]
                         net (fo=23, routed)          1.020     6.658    final_input_rounded[25]
    DSP48_X1Y22          DSP48E1 (Prop_dsp48e1_A[23]_P[2])
                                                      1.889     8.547 f  gen_serial_cic_comb.u_cic_interp16_serial_comb_dsp_ce/gen_final_integrator_dsp.final_integrator_sum/P[2]
                         net (fo=2, routed)           0.814     9.362    gen_serial_cic_comb.u_cic_interp16_serial_comb_dsp_ce/gen_final_integrator_dsp.final_integrator_sum_n_103
    SLICE_X54Y55         LUT3 (Prop_lut3_I1_O)        0.105     9.467 r  interp128_all2x_LUT3_27/O
                         net (fo=1, routed)           0.473     9.939    interp128_all2x_net_19
    SLICE_X54Y56         LUT5 (Prop_lut5_I4_O)        0.105    10.044 r  interp128_all2x_LUT5_26/O
                         net (fo=1, routed)           0.000    10.044    rounded_value_carry_i_1__0_n_0
    SLICE_X54Y56         CARRY4 (Prop_carry4_S[0]_CO[3])
                                                      0.423    10.467 r  gen_serial_cic_comb.u_cic_interp16_serial_comb_dsp_ce/u_round_cic_normalized_output/rounded_value_carry/CO[3]
                         net (fo=1, routed)           0.000    10.467    gen_serial_cic_comb.u_cic_interp16_serial_comb_dsp_ce/u_round_cic_normalized_output/rounded_value_carry_n_0
    SLICE_X54Y57         CARRY4 (Prop_carry4_CI_CO[3])
                                                      0.100    10.567 r  gen_serial_cic_comb.u_cic_interp16_serial_comb_dsp_ce/u_round_cic_normalized_output/rounded_value_carry__0/CO[3]
                         net (fo=1, routed)           0.000    10.567    gen_serial_cic_comb.u_cic_interp16_serial_comb_dsp_ce/u_round_cic_normalized_output/rounded_value_carry__0_n_0
    SLICE_X54Y58         CARRY4 (Prop_carry4_CI_CO[3])
                                                      0.100    10.667 r  gen_serial_cic_comb.u_cic_interp16_serial_comb_dsp_ce/u_round_cic_normalized_output/rounded_value_carry__1/CO[3]
                         net (fo=1, routed)           0.000    10.667    gen_serial_cic_comb.u_cic_interp16_serial_comb_dsp_ce/u_round_cic_normalized_output/rounded_value_carry__1_n_0
    SLICE_X54Y59         CARRY4 (Prop_carry4_CI_CO[3])
                                                      0.100    10.767 r  gen_serial_cic_comb.u_cic_interp16_serial_comb_dsp_ce/u_round_cic_normalized_output/rounded_value_carry__2/CO[3]
                         net (fo=1, routed)           0.000    10.767    gen_serial_cic_comb.u_cic_interp16_serial_comb_dsp_ce/u_round_cic_normalized_output/rounded_value_carry__2_n_0
    SLICE_X54Y60         CARRY4 (Prop_carry4_CI_CO[3])
                                                      0.100    10.867 r  gen_serial_cic_comb.u_cic_interp16_serial_comb_dsp_ce/u_round_cic_normalized_output/rounded_value_carry__3/CO[3]
                         net (fo=1, routed)           0.000    10.867    gen_serial_cic_comb.u_cic_interp16_serial_comb_dsp_ce/u_round_cic_normalized_output/rounded_value_carry__3_n_0
    SLICE_X54Y61         CARRY4 (Prop_carry4_CI_O[0])
                                                      0.178    11.045 r  gen_serial_cic_comb.u_cic_interp16_serial_comb_dsp_ce/u_round_cic_normalized_output/rounded_value_carry__4/O[0]
                         net (fo=19, routed)          1.058    12.103    gen_serial_cic_comb.u_cic_interp16_serial_comb_dsp_ce/u_round_cic_normalized_output/rounded_value_carry__4_n_7
    SLICE_X55Y57         LUT4 (Prop_lut4_I1_O)        0.252    12.355 r  y_out[6]_i_1__0/O
                         net (fo=1, routed)           0.000    12.355    normalized_output[6]
    SLICE_X55Y57         FDRE                                         r  gen_serial_cic_comb.u_cic_interp16_serial_comb_dsp_ce/y_out_reg[6]/D
  -------------------------------------------------------------------    -------------------

                         (clock core_clk_6m144 rise edge)
                                                    162.760   162.760 r  
                                                      0.000   162.760 r  clk (IN)
                         net (fo=310, unset)          1.248   164.008    clk
    SLICE_X55Y57         FDRE                                         r  gen_serial_cic_comb.u_cic_interp16_serial_comb_dsp_ce/y_out_reg[6]/C
                         clock pessimism              0.065   164.073    
                         clock uncertainty           -0.035   164.038    
    SLICE_X55Y57         FDRE (Setup_fdre_C_D)        0.069   164.107    gen_serial_cic_comb.u_cic_interp16_serial_comb_dsp_ce/y_out_reg[6]
  -------------------------------------------------------------------
                         required time                        164.107    
                         arrival time                         -12.355    
  -------------------------------------------------------------------
                         slack                                151.752    

Slack (MET) :             151.851ns  (required time - arrival time)
  Source:                 gen_serial_cic_comb.u_cic_interp16_serial_comb_dsp_ce/burst_remaining_reg[0]/C
                            (rising edge-triggered cell FDRE clocked by core_clk_6m144  {rise@0.000ns fall@81.380ns period=162.760ns})
  Destination:            gen_serial_cic_comb.u_cic_interp16_serial_comb_dsp_ce/y_out_reg[10]/D
                            (rising edge-triggered cell FDRE clocked by core_clk_6m144  {rise@0.000ns fall@81.380ns period=162.760ns})
  Path Group:             core_clk_6m144
  Path Type:              Setup (Max at Slow Process Corner)
  Requirement:            162.760ns  (core_clk_6m144 rise@162.760ns - core_clk_6m144 rise@0.000ns)
  Data Path Delay:        10.866ns  (logic 5.021ns (46.208%)  route 5.845ns (53.792%))
  Logic Levels:           18  (CARRY4=12 DSP48E1=1 LUT3=1 LUT4=2 LUT5=1 LUT6=1)
  Clock Path Skew:        -0.038ns (DCD - SCD + CPR)
    Destination Clock Delay (DCD):    1.247ns = ( 164.007 - 162.760 ) 
    Source Clock Delay      (SCD):    1.350ns
    Clock Pessimism Removal (CPR):    0.065ns
  Clock Uncertainty:      0.035ns  ((TSJ^2 + TIJ^2)^1/2 + DJ) / 2 + PE
    Total System Jitter     (TSJ):    0.071ns
    Total Input Jitter      (TIJ):    0.000ns
    Discrete Jitter          (DJ):    0.000ns
    Phase Error              (PE):    0.000ns

    Location             Delay type                Incr(ns)  Path(ns)    Netlist Resource(s)
  -------------------------------------------------------------------    -------------------
                         (clock core_clk_6m144 rise edge)
                                                      0.000     0.000 r  
                                                      0.000     0.000 r  clk (IN)
                         net (fo=310, unset)          1.350     1.350    clk
    SLICE_X41Y59         FDRE                                         r  gen_serial_cic_comb.u_cic_interp16_serial_comb_dsp_ce/burst_remaining_reg[0]/C
  -------------------------------------------------------------------    -------------------
    SLICE_X41Y59         FDRE (Prop_fdre_C_Q)         0.379     1.729 f  gen_serial_cic_comb.u_cic_interp16_serial_comb_dsp_ce/burst_remaining_reg[0]/Q
                         net (fo=6, routed)           0.716     2.445    gen_serial_cic_comb.u_cic_interp16_serial_comb_dsp_ce/burst_remaining_reg_n_0_[0]
    SLICE_X41Y59         LUT6 (Prop_lut6_I2_O)        0.105     2.550 r  interp128_all2x_LUT6/O
                         net (fo=51, routed)          1.079     3.628    interp128_all2x_net
    SLICE_X38Y56         LUT4 (Prop_lut4_I3_O)        0.105     3.733 r  interp128_all2x_LUT4_30/O
                         net (fo=2, routed)           0.811     4.544    integrator_state[4]_i_3_n_0
    SLICE_X45Y56         CARRY4 (Prop_carry4_S[2]_CO[3])
                                                      0.437     4.981 r  gen_serial_cic_comb.u_cic_interp16_serial_comb_dsp_ce/gen_first_integrator_carry.first_integrator_sum_carry__0/CO[3]
                         net (fo=1, routed)           0.000     4.981    gen_serial_cic_comb.u_cic_interp16_serial_comb_dsp_ce/gen_first_integrator_carry.first_integrator_sum_carry__0_n_0
    SLICE_X45Y57         CARRY4 (Prop_carry4_CI_CO[3])
                                                      0.098     5.079 r  gen_serial_cic_comb.u_cic_interp16_serial_comb_dsp_ce/gen_first_integrator_carry.first_integrator_sum_carry__1/CO[3]
                         net (fo=1, routed)           0.000     5.079    gen_serial_cic_comb.u_cic_interp16_serial_comb_dsp_ce/gen_first_integrator_carry.first_integrator_sum_carry__1_n_0
    SLICE_X45Y58         CARRY4 (Prop_carry4_CI_CO[3])
                                                      0.098     5.177 r  gen_serial_cic_comb.u_cic_interp16_serial_comb_dsp_ce/gen_first_integrator_carry.first_integrator_sum_carry__2/CO[3]
                         net (fo=1, routed)           0.000     5.177    gen_serial_cic_comb.u_cic_interp16_serial_comb_dsp_ce/gen_first_integrator_carry.first_integrator_sum_carry__2_n_0
    SLICE_X45Y59         CARRY4 (Prop_carry4_CI_CO[3])
                                                      0.098     5.275 r  gen_serial_cic_comb.u_cic_interp16_serial_comb_dsp_ce/gen_first_integrator_carry.first_integrator_sum_carry__3/CO[3]
                         net (fo=1, routed)           0.000     5.275    gen_serial_cic_comb.u_cic_interp16_serial_comb_dsp_ce/gen_first_integrator_carry.first_integrator_sum_carry__3_n_0
    SLICE_X45Y60         CARRY4 (Prop_carry4_CI_CO[3])
                                                      0.098     5.373 r  gen_serial_cic_comb.u_cic_interp16_serial_comb_dsp_ce/gen_first_integrator_carry.first_integrator_sum_carry__4/CO[3]
                         net (fo=1, routed)           0.000     5.373    gen_serial_cic_comb.u_cic_interp16_serial_comb_dsp_ce/gen_first_integrator_carry.first_integrator_sum_carry__4_n_0
    SLICE_X45Y61         CARRY4 (Prop_carry4_CI_O[1])
                                                      0.265     5.638 r  gen_serial_cic_comb.u_cic_interp16_serial_comb_dsp_ce/gen_first_integrator_carry.first_integrator_sum_carry__5/O[1]
                         net (fo=23, routed)          1.020     6.658    final_input_rounded[25]
    DSP48_X1Y22          DSP48E1 (Prop_dsp48e1_A[23]_P[2])
                                                      1.889     8.547 f  gen_serial_cic_comb.u_cic_interp16_serial_comb_dsp_ce/gen_final_integrator_dsp.final_integrator_sum/P[2]
                         net (fo=2, routed)           0.814     9.362    gen_serial_cic_comb.u_cic_interp16_serial_comb_dsp_ce/gen_final_integrator_dsp.final_integrator_sum_n_103
    SLICE_X54Y55         LUT3 (Prop_lut3_I1_O)        0.105     9.467 r  interp128_all2x_LUT3_27/O
                         net (fo=1, routed)           0.473     9.939    interp128_all2x_net_19
    SLICE_X54Y56         LUT5 (Prop_lut5_I4_O)        0.105    10.044 r  interp128_all2x_LUT5_26/O
                         net (fo=1, routed)           0.000    10.044    rounded_value_carry_i_1__0_n_0
    SLICE_X54Y56         CARRY4 (Prop_carry4_S[0]_CO[3])
                                                      0.423    10.467 r  gen_serial_cic_comb.u_cic_interp16_serial_comb_dsp_ce/u_round_cic_normalized_output/rounded_value_carry/CO[3]
                         net (fo=1, routed)           0.000    10.467    gen_serial_cic_comb.u_cic_interp16_serial_comb_dsp_ce/u_round_cic_normalized_output/rounded_value_carry_n_0
    SLICE_X54Y57         CARRY4 (Prop_carry4_CI_CO[3])
                                                      0.100    10.567 r  gen_serial_cic_comb.u_cic_interp16_serial_comb_dsp_ce/u_round_cic_normalized_output/rounded_value_carry__0/CO[3]
                         net (fo=1, routed)           0.000    10.567    gen_serial_cic_comb.u_cic_interp16_serial_comb_dsp_ce/u_round_cic_normalized_output/rounded_value_carry__0_n_0
    SLICE_X54Y58         CARRY4 (Prop_carry4_CI_CO[3])
                                                      0.100    10.667 r  gen_serial_cic_comb.u_cic_interp16_serial_comb_dsp_ce/u_round_cic_normalized_output/rounded_value_carry__1/CO[3]
                         net (fo=1, routed)           0.000    10.667    gen_serial_cic_comb.u_cic_interp16_serial_comb_dsp_ce/u_round_cic_normalized_output/rounded_value_carry__1_n_0
    SLICE_X54Y59         CARRY4 (Prop_carry4_CI_CO[3])
                                                      0.100    10.767 r  gen_serial_cic_comb.u_cic_interp16_serial_comb_dsp_ce/u_round_cic_normalized_output/rounded_value_carry__2/CO[3]
                         net (fo=1, routed)           0.000    10.767    gen_serial_cic_comb.u_cic_interp16_serial_comb_dsp_ce/u_round_cic_normalized_output/rounded_value_carry__2_n_0
    SLICE_X54Y60         CARRY4 (Prop_carry4_CI_CO[3])
                                                      0.100    10.867 r  gen_serial_cic_comb.u_cic_interp16_serial_comb_dsp_ce/u_round_cic_normalized_output/rounded_value_carry__3/CO[3]
                         net (fo=1, routed)           0.000    10.867    gen_serial_cic_comb.u_cic_interp16_serial_comb_dsp_ce/u_round_cic_normalized_output/rounded_value_carry__3_n_0
    SLICE_X54Y61         CARRY4 (Prop_carry4_CI_O[0])
                                                      0.178    11.045 r  gen_serial_cic_comb.u_cic_interp16_serial_comb_dsp_ce/u_round_cic_normalized_output/rounded_value_carry__4/O[0]
                         net (fo=19, routed)          0.933    11.978    gen_serial_cic_comb.u_cic_interp16_serial_comb_dsp_ce/u_round_cic_normalized_output/rounded_value_carry__4_n_7
    SLICE_X55Y58         LUT4 (Prop_lut4_I1_O)        0.238    12.216 r  y_out[10]_i_1__0/O
                         net (fo=1, routed)           0.000    12.216    normalized_output[10]
    SLICE_X55Y58         FDRE                                         r  gen_serial_cic_comb.u_cic_interp16_serial_comb_dsp_ce/y_out_reg[10]/D
  -------------------------------------------------------------------    -------------------

                         (clock core_clk_6m144 rise edge)
                                                    162.760   162.760 r  
                                                      0.000   162.760 r  clk (IN)
                         net (fo=310, unset)          1.247   164.007    clk
    SLICE_X55Y58         FDRE                                         r  gen_serial_cic_comb.u_cic_interp16_serial_comb_dsp_ce/y_out_reg[10]/C
                         clock pessimism              0.065   164.072    
                         clock uncertainty           -0.035   164.037    
    SLICE_X55Y58         FDRE (Setup_fdre_C_D)        0.030   164.067    gen_serial_cic_comb.u_cic_interp16_serial_comb_dsp_ce/y_out_reg[10]
  -------------------------------------------------------------------
                         required time                        164.067    
                         arrival time                         -12.216    
  -------------------------------------------------------------------
                         slack                                151.851    

Slack (MET) :             151.853ns  (required time - arrival time)
  Source:                 gen_serial_cic_comb.u_cic_interp16_serial_comb_dsp_ce/burst_remaining_reg[0]/C
                            (rising edge-triggered cell FDRE clocked by core_clk_6m144  {rise@0.000ns fall@81.380ns period=162.760ns})
  Destination:            gen_serial_cic_comb.u_cic_interp16_serial_comb_dsp_ce/y_out_reg[7]/D
                            (rising edge-triggered cell FDRE clocked by core_clk_6m144  {rise@0.000ns fall@81.380ns period=162.760ns})
  Path Group:             core_clk_6m144
  Path Type:              Setup (Max at Slow Process Corner)
  Requirement:            162.760ns  (core_clk_6m144 rise@162.760ns - core_clk_6m144 rise@0.000ns)
  Data Path Delay:        10.866ns  (logic 5.021ns (46.208%)  route 5.845ns (53.792%))
  Logic Levels:           18  (CARRY4=12 DSP48E1=1 LUT3=1 LUT4=2 LUT5=1 LUT6=1)
  Clock Path Skew:        -0.038ns (DCD - SCD + CPR)
    Destination Clock Delay (DCD):    1.247ns = ( 164.007 - 162.760 ) 
    Source Clock Delay      (SCD):    1.350ns
    Clock Pessimism Removal (CPR):    0.065ns
  Clock Uncertainty:      0.035ns  ((TSJ^2 + TIJ^2)^1/2 + DJ) / 2 + PE
    Total System Jitter     (TSJ):    0.071ns
    Total Input Jitter      (TIJ):    0.000ns
    Discrete Jitter          (DJ):    0.000ns
    Phase Error              (PE):    0.000ns

    Location             Delay type                Incr(ns)  Path(ns)    Netlist Resource(s)
  -------------------------------------------------------------------    -------------------
                         (clock core_clk_6m144 rise edge)
                                                      0.000     0.000 r  
                                                      0.000     0.000 r  clk (IN)
                         net (fo=310, unset)          1.350     1.350    clk
    SLICE_X41Y59         FDRE                                         r  gen_serial_cic_comb.u_cic_interp16_serial_comb_dsp_ce/burst_remaining_reg[0]/C
  -------------------------------------------------------------------    -------------------
    SLICE_X41Y59         FDRE (Prop_fdre_C_Q)         0.379     1.729 f  gen_serial_cic_comb.u_cic_interp16_serial_comb_dsp_ce/burst_remaining_reg[0]/Q
                         net (fo=6, routed)           0.716     2.445    gen_serial_cic_comb.u_cic_interp16_serial_comb_dsp_ce/burst_remaining_reg_n_0_[0]
    SLICE_X41Y59         LUT6 (Prop_lut6_I2_O)        0.105     2.550 r  interp128_all2x_LUT6/O
                         net (fo=51, routed)          1.079     3.628    interp128_all2x_net
    SLICE_X38Y56         LUT4 (Prop_lut4_I3_O)        0.105     3.733 r  interp128_all2x_LUT4_30/O
                         net (fo=2, routed)           0.811     4.544    integrator_state[4]_i_3_n_0
    SLICE_X45Y56         CARRY4 (Prop_carry4_S[2]_CO[3])
                                                      0.437     4.981 r  gen_serial_cic_comb.u_cic_interp16_serial_comb_dsp_ce/gen_first_integrator_carry.first_integrator_sum_carry__0/CO[3]
                         net (fo=1, routed)           0.000     4.981    gen_serial_cic_comb.u_cic_interp16_serial_comb_dsp_ce/gen_first_integrator_carry.first_integrator_sum_carry__0_n_0
    SLICE_X45Y57         CARRY4 (Prop_carry4_CI_CO[3])
                                                      0.098     5.079 r  gen_serial_cic_comb.u_cic_interp16_serial_comb_dsp_ce/gen_first_integrator_carry.first_integrator_sum_carry__1/CO[3]
                         net (fo=1, routed)           0.000     5.079    gen_serial_cic_comb.u_cic_interp16_serial_comb_dsp_ce/gen_first_integrator_carry.first_integrator_sum_carry__1_n_0
    SLICE_X45Y58         CARRY4 (Prop_carry4_CI_CO[3])
                                                      0.098     5.177 r  gen_serial_cic_comb.u_cic_interp16_serial_comb_dsp_ce/gen_first_integrator_carry.first_integrator_sum_carry__2/CO[3]
                         net (fo=1, routed)           0.000     5.177    gen_serial_cic_comb.u_cic_interp16_serial_comb_dsp_ce/gen_first_integrator_carry.first_integrator_sum_carry__2_n_0
    SLICE_X45Y59         CARRY4 (Prop_carry4_CI_CO[3])
                                                      0.098     5.275 r  gen_serial_cic_comb.u_cic_interp16_serial_comb_dsp_ce/gen_first_integrator_carry.first_integrator_sum_carry__3/CO[3]
                         net (fo=1, routed)           0.000     5.275    gen_serial_cic_comb.u_cic_interp16_serial_comb_dsp_ce/gen_first_integrator_carry.first_integrator_sum_carry__3_n_0
    SLICE_X45Y60         CARRY4 (Prop_carry4_CI_CO[3])
                                                      0.098     5.373 r  gen_serial_cic_comb.u_cic_interp16_serial_comb_dsp_ce/gen_first_integrator_carry.first_integrator_sum_carry__4/CO[3]
                         net (fo=1, routed)           0.000     5.373    gen_serial_cic_comb.u_cic_interp16_serial_comb_dsp_ce/gen_first_integrator_carry.first_integrator_sum_carry__4_n_0
    SLICE_X45Y61         CARRY4 (Prop_carry4_CI_O[1])
                                                      0.265     5.638 r  gen_serial_cic_comb.u_cic_interp16_serial_comb_dsp_ce/gen_first_integrator_carry.first_integrator_sum_carry__5/O[1]
                         net (fo=23, routed)          1.020     6.658    final_input_rounded[25]
    DSP48_X1Y22          DSP48E1 (Prop_dsp48e1_A[23]_P[2])
                                                      1.889     8.547 f  gen_serial_cic_comb.u_cic_interp16_serial_comb_dsp_ce/gen_final_integrator_dsp.final_integrator_sum/P[2]
                         net (fo=2, routed)           0.814     9.362    gen_serial_cic_comb.u_cic_interp16_serial_comb_dsp_ce/gen_final_integrator_dsp.final_integrator_sum_n_103
    SLICE_X54Y55         LUT3 (Prop_lut3_I1_O)        0.105     9.467 r  interp128_all2x_LUT3_27/O
                         net (fo=1, routed)           0.473     9.939    interp128_all2x_net_19
    SLICE_X54Y56         LUT5 (Prop_lut5_I4_O)        0.105    10.044 r  interp128_all2x_LUT5_26/O
                         net (fo=1, routed)           0.000    10.044    rounded_value_carry_i_1__0_n_0
    SLICE_X54Y56         CARRY4 (Prop_carry4_S[0]_CO[3])
                                                      0.423    10.467 r  gen_serial_cic_comb.u_cic_interp16_serial_comb_dsp_ce/u_round_cic_normalized_output/rounded_value_carry/CO[3]
                         net (fo=1, routed)           0.000    10.467    gen_serial_cic_comb.u_cic_interp16_serial_comb_dsp_ce/u_round_cic_normalized_output/rounded_value_carry_n_0
    SLICE_X54Y57         CARRY4 (Prop_carry4_CI_CO[3])
                                                      0.100    10.567 r  gen_serial_cic_comb.u_cic_interp16_serial_comb_dsp_ce/u_round_cic_normalized_output/rounded_value_carry__0/CO[3]
                         net (fo=1, routed)           0.000    10.567    gen_serial_cic_comb.u_cic_interp16_serial_comb_dsp_ce/u_round_cic_normalized_output/rounded_value_carry__0_n_0
    SLICE_X54Y58         CARRY4 (Prop_carry4_CI_CO[3])
                                                      0.100    10.667 r  gen_serial_cic_comb.u_cic_interp16_serial_comb_dsp_ce/u_round_cic_normalized_output/rounded_value_carry__1/CO[3]
                         net (fo=1, routed)           0.000    10.667    gen_serial_cic_comb.u_cic_interp16_serial_comb_dsp_ce/u_round_cic_normalized_output/rounded_value_carry__1_n_0
    SLICE_X54Y59         CARRY4 (Prop_carry4_CI_CO[3])
                                                      0.100    10.767 r  gen_serial_cic_comb.u_cic_interp16_serial_comb_dsp_ce/u_round_cic_normalized_output/rounded_value_carry__2/CO[3]
                         net (fo=1, routed)           0.000    10.767    gen_serial_cic_comb.u_cic_interp16_serial_comb_dsp_ce/u_round_cic_normalized_output/rounded_value_carry__2_n_0
    SLICE_X54Y60         CARRY4 (Prop_carry4_CI_CO[3])
                                                      0.100    10.867 r  gen_serial_cic_comb.u_cic_interp16_serial_comb_dsp_ce/u_round_cic_normalized_output/rounded_value_carry__3/CO[3]
                         net (fo=1, routed)           0.000    10.867    gen_serial_cic_comb.u_cic_interp16_serial_comb_dsp_ce/u_round_cic_normalized_output/rounded_value_carry__3_n_0
    SLICE_X54Y61         CARRY4 (Prop_carry4_CI_O[0])
                                                      0.178    11.045 r  gen_serial_cic_comb.u_cic_interp16_serial_comb_dsp_ce/u_round_cic_normalized_output/rounded_value_carry__4/O[0]
                         net (fo=19, routed)          0.933    11.978    gen_serial_cic_comb.u_cic_interp16_serial_comb_dsp_ce/u_round_cic_normalized_output/rounded_value_carry__4_n_7
    SLICE_X55Y58         LUT4 (Prop_lut4_I1_O)        0.238    12.216 r  y_out[7]_i_1__0/O
                         net (fo=1, routed)           0.000    12.216    normalized_output[7]
    SLICE_X55Y58         FDRE                                         r  gen_serial_cic_comb.u_cic_interp16_serial_comb_dsp_ce/y_out_reg[7]/D
  -------------------------------------------------------------------    -------------------

                         (clock core_clk_6m144 rise edge)
                                                    162.760   162.760 r  
                                                      0.000   162.760 r  clk (IN)
                         net (fo=310, unset)          1.247   164.007    clk
    SLICE_X55Y58         FDRE                                         r  gen_serial_cic_comb.u_cic_interp16_serial_comb_dsp_ce/y_out_reg[7]/C
                         clock pessimism              0.065   164.072    
                         clock uncertainty           -0.035   164.037    
    SLICE_X55Y58         FDRE (Setup_fdre_C_D)        0.032   164.069    gen_serial_cic_comb.u_cic_interp16_serial_comb_dsp_ce/y_out_reg[7]
  -------------------------------------------------------------------
                         required time                        164.069    
                         arrival time                         -12.216    
  -------------------------------------------------------------------
                         slack                                151.853    

Slack (MET) :             151.876ns  (required time - arrival time)
  Source:                 gen_serial_cic_comb.u_cic_interp16_serial_comb_dsp_ce/burst_remaining_reg[0]/C
                            (rising edge-triggered cell FDRE clocked by core_clk_6m144  {rise@0.000ns fall@81.380ns period=162.760ns})
  Destination:            gen_serial_cic_comb.u_cic_interp16_serial_comb_dsp_ce/y_out_reg[8]/D
                            (rising edge-triggered cell FDRE clocked by core_clk_6m144  {rise@0.000ns fall@81.380ns period=162.760ns})
  Path Group:             core_clk_6m144
  Path Type:              Setup (Max at Slow Process Corner)
  Requirement:            162.760ns  (core_clk_6m144 rise@162.760ns - core_clk_6m144 rise@0.000ns)
  Data Path Delay:        10.880ns  (logic 5.035ns (46.277%)  route 5.845ns (53.723%))
  Logic Levels:           18  (CARRY4=12 DSP48E1=1 LUT3=1 LUT4=2 LUT5=1 LUT6=1)
  Clock Path Skew:        -0.038ns (DCD - SCD + CPR)
    Destination Clock Delay (DCD):    1.247ns = ( 164.007 - 162.760 ) 
    Source Clock Delay      (SCD):    1.350ns
    Clock Pessimism Removal (CPR):    0.065ns
  Clock Uncertainty:      0.035ns  ((TSJ^2 + TIJ^2)^1/2 + DJ) / 2 + PE
    Total System Jitter     (TSJ):    0.071ns
    Total Input Jitter      (TIJ):    0.000ns
    Discrete Jitter          (DJ):    0.000ns
    Phase Error              (PE):    0.000ns

    Location             Delay type                Incr(ns)  Path(ns)    Netlist Resource(s)
  -------------------------------------------------------------------    -------------------
                         (clock core_clk_6m144 rise edge)
                                                      0.000     0.000 r  
                                                      0.000     0.000 r  clk (IN)
                         net (fo=310, unset)          1.350     1.350    clk
    SLICE_X41Y59         FDRE                                         r  gen_serial_cic_comb.u_cic_interp16_serial_comb_dsp_ce/burst_remaining_reg[0]/C
  -------------------------------------------------------------------    -------------------
    SLICE_X41Y59         FDRE (Prop_fdre_C_Q)         0.379     1.729 f  gen_serial_cic_comb.u_cic_interp16_serial_comb_dsp_ce/burst_remaining_reg[0]/Q
                         net (fo=6, routed)           0.716     2.445    gen_serial_cic_comb.u_cic_interp16_serial_comb_dsp_ce/burst_remaining_reg_n_0_[0]
    SLICE_X41Y59         LUT6 (Prop_lut6_I2_O)        0.105     2.550 r  interp128_all2x_LUT6/O
                         net (fo=51, routed)          1.079     3.628    interp128_all2x_net
    SLICE_X38Y56         LUT4 (Prop_lut4_I3_O)        0.105     3.733 r  interp128_all2x_LUT4_30/O
                         net (fo=2, routed)           0.811     4.544    integrator_state[4]_i_3_n_0
    SLICE_X45Y56         CARRY4 (Prop_carry4_S[2]_CO[3])
                                                      0.437     4.981 r  gen_serial_cic_comb.u_cic_interp16_serial_comb_dsp_ce/gen_first_integrator_carry.first_integrator_sum_carry__0/CO[3]
                         net (fo=1, routed)           0.000     4.981    gen_serial_cic_comb.u_cic_interp16_serial_comb_dsp_ce/gen_first_integrator_carry.first_integrator_sum_carry__0_n_0
    SLICE_X45Y57         CARRY4 (Prop_carry4_CI_CO[3])
                                                      0.098     5.079 r  gen_serial_cic_comb.u_cic_interp16_serial_comb_dsp_ce/gen_first_integrator_carry.first_integrator_sum_carry__1/CO[3]
                         net (fo=1, routed)           0.000     5.079    gen_serial_cic_comb.u_cic_interp16_serial_comb_dsp_ce/gen_first_integrator_carry.first_integrator_sum_carry__1_n_0
    SLICE_X45Y58         CARRY4 (Prop_carry4_CI_CO[3])
                                                      0.098     5.177 r  gen_serial_cic_comb.u_cic_interp16_serial_comb_dsp_ce/gen_first_integrator_carry.first_integrator_sum_carry__2/CO[3]
                         net (fo=1, routed)           0.000     5.177    gen_serial_cic_comb.u_cic_interp16_serial_comb_dsp_ce/gen_first_integrator_carry.first_integrator_sum_carry__2_n_0
    SLICE_X45Y59         CARRY4 (Prop_carry4_CI_CO[3])
                                                      0.098     5.275 r  gen_serial_cic_comb.u_cic_interp16_serial_comb_dsp_ce/gen_first_integrator_carry.first_integrator_sum_carry__3/CO[3]
                         net (fo=1, routed)           0.000     5.275    gen_serial_cic_comb.u_cic_interp16_serial_comb_dsp_ce/gen_first_integrator_carry.first_integrator_sum_carry__3_n_0
    SLICE_X45Y60         CARRY4 (Prop_carry4_CI_CO[3])
                                                      0.098     5.373 r  gen_serial_cic_comb.u_cic_interp16_serial_comb_dsp_ce/gen_first_integrator_carry.first_integrator_sum_carry__4/CO[3]
                         net (fo=1, routed)           0.000     5.373    gen_serial_cic_comb.u_cic_interp16_serial_comb_dsp_ce/gen_first_integrator_carry.first_integrator_sum_carry__4_n_0
    SLICE_X45Y61         CARRY4 (Prop_carry4_CI_O[1])
                                                      0.265     5.638 r  gen_serial_cic_comb.u_cic_interp16_serial_comb_dsp_ce/gen_first_integrator_carry.first_integrator_sum_carry__5/O[1]
                         net (fo=23, routed)          1.020     6.658    final_input_rounded[25]
    DSP48_X1Y22          DSP48E1 (Prop_dsp48e1_A[23]_P[2])
                                                      1.889     8.547 f  gen_serial_cic_comb.u_cic_interp16_serial_comb_dsp_ce/gen_final_integrator_dsp.final_integrator_sum/P[2]
                         net (fo=2, routed)           0.814     9.362    gen_serial_cic_comb.u_cic_interp16_serial_comb_dsp_ce/gen_final_integrator_dsp.final_integrator_sum_n_103
    SLICE_X54Y55         LUT3 (Prop_lut3_I1_O)        0.105     9.467 r  interp128_all2x_LUT3_27/O
                         net (fo=1, routed)           0.473     9.939    interp128_all2x_net_19
    SLICE_X54Y56         LUT5 (Prop_lut5_I4_O)        0.105    10.044 r  interp128_all2x_LUT5_26/O
                         net (fo=1, routed)           0.000    10.044    rounded_value_carry_i_1__0_n_0
    SLICE_X54Y56         CARRY4 (Prop_carry4_S[0]_CO[3])
                                                      0.423    10.467 r  gen_serial_cic_comb.u_cic_interp16_serial_comb_dsp_ce/u_round_cic_normalized_output/rounded_value_carry/CO[3]
                         net (fo=1, routed)           0.000    10.467    gen_serial_cic_comb.u_cic_interp16_serial_comb_dsp_ce/u_round_cic_normalized_output/rounded_value_carry_n_0
    SLICE_X54Y57         CARRY4 (Prop_carry4_CI_CO[3])
                                                      0.100    10.567 r  gen_serial_cic_comb.u_cic_interp16_serial_comb_dsp_ce/u_round_cic_normalized_output/rounded_value_carry__0/CO[3]
                         net (fo=1, routed)           0.000    10.567    gen_serial_cic_comb.u_cic_interp16_serial_comb_dsp_ce/u_round_cic_normalized_output/rounded_value_carry__0_n_0
    SLICE_X54Y58         CARRY4 (Prop_carry4_CI_CO[3])
                                                      0.100    10.667 r  gen_serial_cic_comb.u_cic_interp16_serial_comb_dsp_ce/u_round_cic_normalized_output/rounded_value_carry__1/CO[3]
                         net (fo=1, routed)           0.000    10.667    gen_serial_cic_comb.u_cic_interp16_serial_comb_dsp_ce/u_round_cic_normalized_output/rounded_value_carry__1_n_0
    SLICE_X54Y59         CARRY4 (Prop_carry4_CI_CO[3])
                                                      0.100    10.767 r  gen_serial_cic_comb.u_cic_interp16_serial_comb_dsp_ce/u_round_cic_normalized_output/rounded_value_carry__2/CO[3]
                         net (fo=1, routed)           0.000    10.767    gen_serial_cic_comb.u_cic_interp16_serial_comb_dsp_ce/u_round_cic_normalized_output/rounded_value_carry__2_n_0
    SLICE_X54Y60         CARRY4 (Prop_carry4_CI_CO[3])
                                                      0.100    10.867 r  gen_serial_cic_comb.u_cic_interp16_serial_comb_dsp_ce/u_round_cic_normalized_output/rounded_value_carry__3/CO[3]
                         net (fo=1, routed)           0.000    10.867    gen_serial_cic_comb.u_cic_interp16_serial_comb_dsp_ce/u_round_cic_normalized_output/rounded_value_carry__3_n_0
    SLICE_X54Y61         CARRY4 (Prop_carry4_CI_O[0])
                                                      0.178    11.045 r  gen_serial_cic_comb.u_cic_interp16_serial_comb_dsp_ce/u_round_cic_normalized_output/rounded_value_carry__4/O[0]
                         net (fo=19, routed)          0.933    11.978    gen_serial_cic_comb.u_cic_interp16_serial_comb_dsp_ce/u_round_cic_normalized_output/rounded_value_carry__4_n_7
    SLICE_X55Y58         LUT4 (Prop_lut4_I1_O)        0.252    12.230 r  y_out[8]_i_1__0/O
                         net (fo=1, routed)           0.000    12.230    normalized_output[8]
    SLICE_X55Y58         FDRE                                         r  gen_serial_cic_comb.u_cic_interp16_serial_comb_dsp_ce/y_out_reg[8]/D
  -------------------------------------------------------------------    -------------------

                         (clock core_clk_6m144 rise edge)
                                                    162.760   162.760 r  
                                                      0.000   162.760 r  clk (IN)
                         net (fo=310, unset)          1.247   164.007    clk
    SLICE_X55Y58         FDRE                                         r  gen_serial_cic_comb.u_cic_interp16_serial_comb_dsp_ce/y_out_reg[8]/C
                         clock pessimism              0.065   164.072    
                         clock uncertainty           -0.035   164.037    
    SLICE_X55Y58         FDRE (Setup_fdre_C_D)        0.069   164.106    gen_serial_cic_comb.u_cic_interp16_serial_comb_dsp_ce/y_out_reg[8]
  -------------------------------------------------------------------
                         required time                        164.106    
                         arrival time                         -12.230    
  -------------------------------------------------------------------
                         slack                                151.876    

Slack (MET) :             151.876ns  (required time - arrival time)
  Source:                 gen_serial_cic_comb.u_cic_interp16_serial_comb_dsp_ce/burst_remaining_reg[0]/C
                            (rising edge-triggered cell FDRE clocked by core_clk_6m144  {rise@0.000ns fall@81.380ns period=162.760ns})
  Destination:            gen_serial_cic_comb.u_cic_interp16_serial_comb_dsp_ce/y_out_reg[9]/D
                            (rising edge-triggered cell FDRE clocked by core_clk_6m144  {rise@0.000ns fall@81.380ns period=162.760ns})
  Path Group:             core_clk_6m144
  Path Type:              Setup (Max at Slow Process Corner)
  Requirement:            162.760ns  (core_clk_6m144 rise@162.760ns - core_clk_6m144 rise@0.000ns)
  Data Path Delay:        10.880ns  (logic 5.035ns (46.277%)  route 5.845ns (53.723%))
  Logic Levels:           18  (CARRY4=12 DSP48E1=1 LUT3=1 LUT4=2 LUT5=1 LUT6=1)
  Clock Path Skew:        -0.038ns (DCD - SCD + CPR)
    Destination Clock Delay (DCD):    1.247ns = ( 164.007 - 162.760 ) 
    Source Clock Delay      (SCD):    1.350ns
    Clock Pessimism Removal (CPR):    0.065ns
  Clock Uncertainty:      0.035ns  ((TSJ^2 + TIJ^2)^1/2 + DJ) / 2 + PE
    Total System Jitter     (TSJ):    0.071ns
    Total Input Jitter      (TIJ):    0.000ns
    Discrete Jitter          (DJ):    0.000ns
    Phase Error              (PE):    0.000ns

    Location             Delay type                Incr(ns)  Path(ns)    Netlist Resource(s)
  -------------------------------------------------------------------    -------------------
                         (clock core_clk_6m144 rise edge)
                                                      0.000     0.000 r  
                                                      0.000     0.000 r  clk (IN)
                         net (fo=310, unset)          1.350     1.350    clk
    SLICE_X41Y59         FDRE                                         r  gen_serial_cic_comb.u_cic_interp16_serial_comb_dsp_ce/burst_remaining_reg[0]/C
  -------------------------------------------------------------------    -------------------
    SLICE_X41Y59         FDRE (Prop_fdre_C_Q)         0.379     1.729 f  gen_serial_cic_comb.u_cic_interp16_serial_comb_dsp_ce/burst_remaining_reg[0]/Q
                         net (fo=6, routed)           0.716     2.445    gen_serial_cic_comb.u_cic_interp16_serial_comb_dsp_ce/burst_remaining_reg_n_0_[0]
    SLICE_X41Y59         LUT6 (Prop_lut6_I2_O)        0.105     2.550 r  interp128_all2x_LUT6/O
                         net (fo=51, routed)          1.079     3.628    interp128_all2x_net
    SLICE_X38Y56         LUT4 (Prop_lut4_I3_O)        0.105     3.733 r  interp128_all2x_LUT4_30/O
                         net (fo=2, routed)           0.811     4.544    integrator_state[4]_i_3_n_0
    SLICE_X45Y56         CARRY4 (Prop_carry4_S[2]_CO[3])
                                                      0.437     4.981 r  gen_serial_cic_comb.u_cic_interp16_serial_comb_dsp_ce/gen_first_integrator_carry.first_integrator_sum_carry__0/CO[3]
                         net (fo=1, routed)           0.000     4.981    gen_serial_cic_comb.u_cic_interp16_serial_comb_dsp_ce/gen_first_integrator_carry.first_integrator_sum_carry__0_n_0
    SLICE_X45Y57         CARRY4 (Prop_carry4_CI_CO[3])
                                                      0.098     5.079 r  gen_serial_cic_comb.u_cic_interp16_serial_comb_dsp_ce/gen_first_integrator_carry.first_integrator_sum_carry__1/CO[3]
                         net (fo=1, routed)           0.000     5.079    gen_serial_cic_comb.u_cic_interp16_serial_comb_dsp_ce/gen_first_integrator_carry.first_integrator_sum_carry__1_n_0
    SLICE_X45Y58         CARRY4 (Prop_carry4_CI_CO[3])
                                                      0.098     5.177 r  gen_serial_cic_comb.u_cic_interp16_serial_comb_dsp_ce/gen_first_integrator_carry.first_integrator_sum_carry__2/CO[3]
                         net (fo=1, routed)           0.000     5.177    gen_serial_cic_comb.u_cic_interp16_serial_comb_dsp_ce/gen_first_integrator_carry.first_integrator_sum_carry__2_n_0
    SLICE_X45Y59         CARRY4 (Prop_carry4_CI_CO[3])
                                                      0.098     5.275 r  gen_serial_cic_comb.u_cic_interp16_serial_comb_dsp_ce/gen_first_integrator_carry.first_integrator_sum_carry__3/CO[3]
                         net (fo=1, routed)           0.000     5.275    gen_serial_cic_comb.u_cic_interp16_serial_comb_dsp_ce/gen_first_integrator_carry.first_integrator_sum_carry__3_n_0
    SLICE_X45Y60         CARRY4 (Prop_carry4_CI_CO[3])
                                                      0.098     5.373 r  gen_serial_cic_comb.u_cic_interp16_serial_comb_dsp_ce/gen_first_integrator_carry.first_integrator_sum_carry__4/CO[3]
                         net (fo=1, routed)           0.000     5.373    gen_serial_cic_comb.u_cic_interp16_serial_comb_dsp_ce/gen_first_integrator_carry.first_integrator_sum_carry__4_n_0
    SLICE_X45Y61         CARRY4 (Prop_carry4_CI_O[1])
                                                      0.265     5.638 r  gen_serial_cic_comb.u_cic_interp16_serial_comb_dsp_ce/gen_first_integrator_carry.first_integrator_sum_carry__5/O[1]
                         net (fo=23, routed)          1.020     6.658    final_input_rounded[25]
    DSP48_X1Y22          DSP48E1 (Prop_dsp48e1_A[23]_P[2])
                                                      1.889     8.547 f  gen_serial_cic_comb.u_cic_interp16_serial_comb_dsp_ce/gen_final_integrator_dsp.final_integrator_sum/P[2]
                         net (fo=2, routed)           0.814     9.362    gen_serial_cic_comb.u_cic_interp16_serial_comb_dsp_ce/gen_final_integrator_dsp.final_integrator_sum_n_103
    SLICE_X54Y55         LUT3 (Prop_lut3_I1_O)        0.105     9.467 r  interp128_all2x_LUT3_27/O
                         net (fo=1, routed)           0.473     9.939    interp128_all2x_net_19
    SLICE_X54Y56         LUT5 (Prop_lut5_I4_O)        0.105    10.044 r  interp128_all2x_LUT5_26/O
                         net (fo=1, routed)           0.000    10.044    rounded_value_carry_i_1__0_n_0
    SLICE_X54Y56         CARRY4 (Prop_carry4_S[0]_CO[3])
                                                      0.423    10.467 r  gen_serial_cic_comb.u_cic_interp16_serial_comb_dsp_ce/u_round_cic_normalized_output/rounded_value_carry/CO[3]
                         net (fo=1, routed)           0.000    10.467    gen_serial_cic_comb.u_cic_interp16_serial_comb_dsp_ce/u_round_cic_normalized_output/rounded_value_carry_n_0
    SLICE_X54Y57         CARRY4 (Prop_carry4_CI_CO[3])
                                                      0.100    10.567 r  gen_serial_cic_comb.u_cic_interp16_serial_comb_dsp_ce/u_round_cic_normalized_output/rounded_value_carry__0/CO[3]
                         net (fo=1, routed)           0.000    10.567    gen_serial_cic_comb.u_cic_interp16_serial_comb_dsp_ce/u_round_cic_normalized_output/rounded_value_carry__0_n_0
    SLICE_X54Y58         CARRY4 (Prop_carry4_CI_CO[3])
                                                      0.100    10.667 r  gen_serial_cic_comb.u_cic_interp16_serial_comb_dsp_ce/u_round_cic_normalized_output/rounded_value_carry__1/CO[3]
                         net (fo=1, routed)           0.000    10.667    gen_serial_cic_comb.u_cic_interp16_serial_comb_dsp_ce/u_round_cic_normalized_output/rounded_value_carry__1_n_0
    SLICE_X54Y59         CARRY4 (Prop_carry4_CI_CO[3])
                                                      0.100    10.767 r  gen_serial_cic_comb.u_cic_interp16_serial_comb_dsp_ce/u_round_cic_normalized_output/rounded_value_carry__2/CO[3]
                         net (fo=1, routed)           0.000    10.767    gen_serial_cic_comb.u_cic_interp16_serial_comb_dsp_ce/u_round_cic_normalized_output/rounded_value_carry__2_n_0
    SLICE_X54Y60         CARRY4 (Prop_carry4_CI_CO[3])
                                                      0.100    10.867 r  gen_serial_cic_comb.u_cic_interp16_serial_comb_dsp_ce/u_round_cic_normalized_output/rounded_value_carry__3/CO[3]
                         net (fo=1, routed)           0.000    10.867    gen_serial_cic_comb.u_cic_interp16_serial_comb_dsp_ce/u_round_cic_normalized_output/rounded_value_carry__3_n_0
    SLICE_X54Y61         CARRY4 (Prop_carry4_CI_O[0])
                                                      0.178    11.045 r  gen_serial_cic_comb.u_cic_interp16_serial_comb_dsp_ce/u_round_cic_normalized_output/rounded_value_carry__4/O[0]
                         net (fo=19, routed)          0.933    11.978    gen_serial_cic_comb.u_cic_interp16_serial_comb_dsp_ce/u_round_cic_normalized_output/rounded_value_carry__4_n_7
    SLICE_X55Y58         LUT4 (Prop_lut4_I1_O)        0.252    12.230 r  y_out[9]_i_1__0/O
                         net (fo=1, routed)           0.000    12.230    normalized_output[9]
    SLICE_X55Y58         FDRE                                         r  gen_serial_cic_comb.u_cic_interp16_serial_comb_dsp_ce/y_out_reg[9]/D
  -------------------------------------------------------------------    -------------------

                         (clock core_clk_6m144 rise edge)
                                                    162.760   162.760 r  
                                                      0.000   162.760 r  clk (IN)
                         net (fo=310, unset)          1.247   164.007    clk
    SLICE_X55Y58         FDRE                                         r  gen_serial_cic_comb.u_cic_interp16_serial_comb_dsp_ce/y_out_reg[9]/C
                         clock pessimism              0.065   164.072    
                         clock uncertainty           -0.035   164.037    
    SLICE_X55Y58         FDRE (Setup_fdre_C_D)        0.069   164.106    gen_serial_cic_comb.u_cic_interp16_serial_comb_dsp_ce/y_out_reg[9]
  -------------------------------------------------------------------
                         required time                        164.106    
                         arrival time                         -12.230    
  -------------------------------------------------------------------
                         slack                                151.876    

Slack (MET) :             151.975ns  (required time - arrival time)
  Source:                 gen_serial_cic_comb.u_cic_interp16_serial_comb_dsp_ce/burst_remaining_reg[0]/C
                            (rising edge-triggered cell FDRE clocked by core_clk_6m144  {rise@0.000ns fall@81.380ns period=162.760ns})
  Destination:            gen_serial_cic_comb.u_cic_interp16_serial_comb_dsp_ce/y_out_reg[11]/D
                            (rising edge-triggered cell FDRE clocked by core_clk_6m144  {rise@0.000ns fall@81.380ns period=162.760ns})
  Path Group:             core_clk_6m144
  Path Type:              Setup (Max at Slow Process Corner)
  Requirement:            162.760ns  (core_clk_6m144 rise@162.760ns - core_clk_6m144 rise@0.000ns)
  Data Path Delay:        10.741ns  (logic 5.021ns (46.745%)  route 5.720ns (53.255%))
  Logic Levels:           18  (CARRY4=12 DSP48E1=1 LUT3=1 LUT4=2 LUT5=1 LUT6=1)
  Clock Path Skew:        -0.038ns (DCD - SCD + CPR)
    Destination Clock Delay (DCD):    1.247ns = ( 164.007 - 162.760 ) 
    Source Clock Delay      (SCD):    1.350ns
    Clock Pessimism Removal (CPR):    0.065ns
  Clock Uncertainty:      0.035ns  ((TSJ^2 + TIJ^2)^1/2 + DJ) / 2 + PE
    Total System Jitter     (TSJ):    0.071ns
    Total Input Jitter      (TIJ):    0.000ns
    Discrete Jitter          (DJ):    0.000ns
    Phase Error              (PE):    0.000ns

    Location             Delay type                Incr(ns)  Path(ns)    Netlist Resource(s)
  -------------------------------------------------------------------    -------------------
                         (clock core_clk_6m144 rise edge)
                                                      0.000     0.000 r  
                                                      0.000     0.000 r  clk (IN)
                         net (fo=310, unset)          1.350     1.350    clk
    SLICE_X41Y59         FDRE                                         r  gen_serial_cic_comb.u_cic_interp16_serial_comb_dsp_ce/burst_remaining_reg[0]/C
  -------------------------------------------------------------------    -------------------
    SLICE_X41Y59         FDRE (Prop_fdre_C_Q)         0.379     1.729 f  gen_serial_cic_comb.u_cic_interp16_serial_comb_dsp_ce/burst_remaining_reg[0]/Q
                         net (fo=6, routed)           0.716     2.445    gen_serial_cic_comb.u_cic_interp16_serial_comb_dsp_ce/burst_remaining_reg_n_0_[0]
    SLICE_X41Y59         LUT6 (Prop_lut6_I2_O)        0.105     2.550 r  interp128_all2x_LUT6/O
                         net (fo=51, routed)          1.079     3.628    interp128_all2x_net
    SLICE_X38Y56         LUT4 (Prop_lut4_I3_O)        0.105     3.733 r  interp128_all2x_LUT4_30/O
                         net (fo=2, routed)           0.811     4.544    integrator_state[4]_i_3_n_0
    SLICE_X45Y56         CARRY4 (Prop_carry4_S[2]_CO[3])
                                                      0.437     4.981 r  gen_serial_cic_comb.u_cic_interp16_serial_comb_dsp_ce/gen_first_integrator_carry.first_integrator_sum_carry__0/CO[3]
                         net (fo=1, routed)           0.000     4.981    gen_serial_cic_comb.u_cic_interp16_serial_comb_dsp_ce/gen_first_integrator_carry.first_integrator_sum_carry__0_n_0
    SLICE_X45Y57         CARRY4 (Prop_carry4_CI_CO[3])
                                                      0.098     5.079 r  gen_serial_cic_comb.u_cic_interp16_serial_comb_dsp_ce/gen_first_integrator_carry.first_integrator_sum_carry__1/CO[3]
                         net (fo=1, routed)           0.000     5.079    gen_serial_cic_comb.u_cic_interp16_serial_comb_dsp_ce/gen_first_integrator_carry.first_integrator_sum_carry__1_n_0
    SLICE_X45Y58         CARRY4 (Prop_carry4_CI_CO[3])
                                                      0.098     5.177 r  gen_serial_cic_comb.u_cic_interp16_serial_comb_dsp_ce/gen_first_integrator_carry.first_integrator_sum_carry__2/CO[3]
                         net (fo=1, routed)           0.000     5.177    gen_serial_cic_comb.u_cic_interp16_serial_comb_dsp_ce/gen_first_integrator_carry.first_integrator_sum_carry__2_n_0
    SLICE_X45Y59         CARRY4 (Prop_carry4_CI_CO[3])
                                                      0.098     5.275 r  gen_serial_cic_comb.u_cic_interp16_serial_comb_dsp_ce/gen_first_integrator_carry.first_integrator_sum_carry__3/CO[3]
                         net (fo=1, routed)           0.000     5.275    gen_serial_cic_comb.u_cic_interp16_serial_comb_dsp_ce/gen_first_integrator_carry.first_integrator_sum_carry__3_n_0
    SLICE_X45Y60         CARRY4 (Prop_carry4_CI_CO[3])
                                                      0.098     5.373 r  gen_serial_cic_comb.u_cic_interp16_serial_comb_dsp_ce/gen_first_integrator_carry.first_integrator_sum_carry__4/CO[3]
                         net (fo=1, routed)           0.000     5.373    gen_serial_cic_comb.u_cic_interp16_serial_comb_dsp_ce/gen_first_integrator_carry.first_integrator_sum_carry__4_n_0
    SLICE_X45Y61         CARRY4 (Prop_carry4_CI_O[1])
                                                      0.265     5.638 r  gen_serial_cic_comb.u_cic_interp16_serial_comb_dsp_ce/gen_first_integrator_carry.first_integrator_sum_carry__5/O[1]
                         net (fo=23, routed)          1.020     6.658    final_input_rounded[25]
    DSP48_X1Y22          DSP48E1 (Prop_dsp48e1_A[23]_P[2])
                                                      1.889     8.547 f  gen_serial_cic_comb.u_cic_interp16_serial_comb_dsp_ce/gen_final_integrator_dsp.final_integrator_sum/P[2]
                         net (fo=2, routed)           0.814     9.362    gen_serial_cic_comb.u_cic_interp16_serial_comb_dsp_ce/gen_final_integrator_dsp.final_integrator_sum_n_103
    SLICE_X54Y55         LUT3 (Prop_lut3_I1_O)        0.105     9.467 r  interp128_all2x_LUT3_27/O
                         net (fo=1, routed)           0.473     9.939    interp128_all2x_net_19
    SLICE_X54Y56         LUT5 (Prop_lut5_I4_O)        0.105    10.044 r  interp128_all2x_LUT5_26/O
                         net (fo=1, routed)           0.000    10.044    rounded_value_carry_i_1__0_n_0
    SLICE_X54Y56         CARRY4 (Prop_carry4_S[0]_CO[3])
                                                      0.423    10.467 r  gen_serial_cic_comb.u_cic_interp16_serial_comb_dsp_ce/u_round_cic_normalized_output/rounded_value_carry/CO[3]
                         net (fo=1, routed)           0.000    10.467    gen_serial_cic_comb.u_cic_interp16_serial_comb_dsp_ce/u_round_cic_normalized_output/rounded_value_carry_n_0
    SLICE_X54Y57         CARRY4 (Prop_carry4_CI_CO[3])
                                                      0.100    10.567 r  gen_serial_cic_comb.u_cic_interp16_serial_comb_dsp_ce/u_round_cic_normalized_output/rounded_value_carry__0/CO[3]
                         net (fo=1, routed)           0.000    10.567    gen_serial_cic_comb.u_cic_interp16_serial_comb_dsp_ce/u_round_cic_normalized_output/rounded_value_carry__0_n_0
    SLICE_X54Y58         CARRY4 (Prop_carry4_CI_CO[3])
                                                      0.100    10.667 r  gen_serial_cic_comb.u_cic_interp16_serial_comb_dsp_ce/u_round_cic_normalized_output/rounded_value_carry__1/CO[3]
                         net (fo=1, routed)           0.000    10.667    gen_serial_cic_comb.u_cic_interp16_serial_comb_dsp_ce/u_round_cic_normalized_output/rounded_value_carry__1_n_0
    SLICE_X54Y59         CARRY4 (Prop_carry4_CI_CO[3])
                                                      0.100    10.767 r  gen_serial_cic_comb.u_cic_interp16_serial_comb_dsp_ce/u_round_cic_normalized_output/rounded_value_carry__2/CO[3]
                         net (fo=1, routed)           0.000    10.767    gen_serial_cic_comb.u_cic_interp16_serial_comb_dsp_ce/u_round_cic_normalized_output/rounded_value_carry__2_n_0
    SLICE_X54Y60         CARRY4 (Prop_carry4_CI_CO[3])
                                                      0.100    10.867 r  gen_serial_cic_comb.u_cic_interp16_serial_comb_dsp_ce/u_round_cic_normalized_output/rounded_value_carry__3/CO[3]
                         net (fo=1, routed)           0.000    10.867    gen_serial_cic_comb.u_cic_interp16_serial_comb_dsp_ce/u_round_cic_normalized_output/rounded_value_carry__3_n_0
    SLICE_X54Y61         CARRY4 (Prop_carry4_CI_O[0])
                                                      0.178    11.045 r  gen_serial_cic_comb.u_cic_interp16_serial_comb_dsp_ce/u_round_cic_normalized_output/rounded_value_carry__4/O[0]
                         net (fo=19, routed)          0.808    11.853    gen_serial_cic_comb.u_cic_interp16_serial_comb_dsp_ce/u_round_cic_normalized_output/rounded_value_carry__4_n_7
    SLICE_X55Y59         LUT4 (Prop_lut4_I1_O)        0.238    12.091 r  y_out[11]_i_1__0/O
                         net (fo=1, routed)           0.000    12.091    normalized_output[11]
    SLICE_X55Y59         FDRE                                         r  gen_serial_cic_comb.u_cic_interp16_serial_comb_dsp_ce/y_out_reg[11]/D
  -------------------------------------------------------------------    -------------------

                         (clock core_clk_6m144 rise edge)
                                                    162.760   162.760 r  
                                                      0.000   162.760 r  clk (IN)
                         net (fo=310, unset)          1.247   164.007    clk
    SLICE_X55Y59         FDRE                                         r  gen_serial_cic_comb.u_cic_interp16_serial_comb_dsp_ce/y_out_reg[11]/C
                         clock pessimism              0.065   164.072    
                         clock uncertainty           -0.035   164.037    
    SLICE_X55Y59         FDRE (Setup_fdre_C_D)        0.030   164.067    gen_serial_cic_comb.u_cic_interp16_serial_comb_dsp_ce/y_out_reg[11]
  -------------------------------------------------------------------
                         required time                        164.067    
                         arrival time                         -12.091    
  -------------------------------------------------------------------
                         slack                                151.975    

Slack (MET) :             151.977ns  (required time - arrival time)
  Source:                 gen_serial_cic_comb.u_cic_interp16_serial_comb_dsp_ce/burst_remaining_reg[0]/C
                            (rising edge-triggered cell FDRE clocked by core_clk_6m144  {rise@0.000ns fall@81.380ns period=162.760ns})
  Destination:            gen_serial_cic_comb.u_cic_interp16_serial_comb_dsp_ce/y_out_reg[13]/D
                            (rising edge-triggered cell FDRE clocked by core_clk_6m144  {rise@0.000ns fall@81.380ns period=162.760ns})
  Path Group:             core_clk_6m144
  Path Type:              Setup (Max at Slow Process Corner)
  Requirement:            162.760ns  (core_clk_6m144 rise@162.760ns - core_clk_6m144 rise@0.000ns)
  Data Path Delay:        10.741ns  (logic 5.021ns (46.745%)  route 5.720ns (53.255%))
  Logic Levels:           18  (CARRY4=12 DSP48E1=1 LUT3=1 LUT4=2 LUT5=1 LUT6=1)
  Clock Path Skew:        -0.038ns (DCD - SCD + CPR)
    Destination Clock Delay (DCD):    1.247ns = ( 164.007 - 162.760 ) 
    Source Clock Delay      (SCD):    1.350ns
    Clock Pessimism Removal (CPR):    0.065ns
  Clock Uncertainty:      0.035ns  ((TSJ^2 + TIJ^2)^1/2 + DJ) / 2 + PE
    Total System Jitter     (TSJ):    0.071ns
    Total Input Jitter      (TIJ):    0.000ns
    Discrete Jitter          (DJ):    0.000ns
    Phase Error              (PE):    0.000ns

    Location             Delay type                Incr(ns)  Path(ns)    Netlist Resource(s)
  -------------------------------------------------------------------    -------------------
                         (clock core_clk_6m144 rise edge)
                                                      0.000     0.000 r  
                                                      0.000     0.000 r  clk (IN)
                         net (fo=310, unset)          1.350     1.350    clk
    SLICE_X41Y59         FDRE                                         r  gen_serial_cic_comb.u_cic_interp16_serial_comb_dsp_ce/burst_remaining_reg[0]/C
  -------------------------------------------------------------------    -------------------
    SLICE_X41Y59         FDRE (Prop_fdre_C_Q)         0.379     1.729 f  gen_serial_cic_comb.u_cic_interp16_serial_comb_dsp_ce/burst_remaining_reg[0]/Q
                         net (fo=6, routed)           0.716     2.445    gen_serial_cic_comb.u_cic_interp16_serial_comb_dsp_ce/burst_remaining_reg_n_0_[0]
    SLICE_X41Y59         LUT6 (Prop_lut6_I2_O)        0.105     2.550 r  interp128_all2x_LUT6/O
                         net (fo=51, routed)          1.079     3.628    interp128_all2x_net
    SLICE_X38Y56         LUT4 (Prop_lut4_I3_O)        0.105     3.733 r  interp128_all2x_LUT4_30/O
                         net (fo=2, routed)           0.811     4.544    integrator_state[4]_i_3_n_0
    SLICE_X45Y56         CARRY4 (Prop_carry4_S[2]_CO[3])
                                                      0.437     4.981 r  gen_serial_cic_comb.u_cic_interp16_serial_comb_dsp_ce/gen_first_integrator_carry.first_integrator_sum_carry__0/CO[3]
                         net (fo=1, routed)           0.000     4.981    gen_serial_cic_comb.u_cic_interp16_serial_comb_dsp_ce/gen_first_integrator_carry.first_integrator_sum_carry__0_n_0
    SLICE_X45Y57         CARRY4 (Prop_carry4_CI_CO[3])
                                                      0.098     5.079 r  gen_serial_cic_comb.u_cic_interp16_serial_comb_dsp_ce/gen_first_integrator_carry.first_integrator_sum_carry__1/CO[3]
                         net (fo=1, routed)           0.000     5.079    gen_serial_cic_comb.u_cic_interp16_serial_comb_dsp_ce/gen_first_integrator_carry.first_integrator_sum_carry__1_n_0
    SLICE_X45Y58         CARRY4 (Prop_carry4_CI_CO[3])
                                                      0.098     5.177 r  gen_serial_cic_comb.u_cic_interp16_serial_comb_dsp_ce/gen_first_integrator_carry.first_integrator_sum_carry__2/CO[3]
                         net (fo=1, routed)           0.000     5.177    gen_serial_cic_comb.u_cic_interp16_serial_comb_dsp_ce/gen_first_integrator_carry.first_integrator_sum_carry__2_n_0
    SLICE_X45Y59         CARRY4 (Prop_carry4_CI_CO[3])
                                                      0.098     5.275 r  gen_serial_cic_comb.u_cic_interp16_serial_comb_dsp_ce/gen_first_integrator_carry.first_integrator_sum_carry__3/CO[3]
                         net (fo=1, routed)           0.000     5.275    gen_serial_cic_comb.u_cic_interp16_serial_comb_dsp_ce/gen_first_integrator_carry.first_integrator_sum_carry__3_n_0
    SLICE_X45Y60         CARRY4 (Prop_carry4_CI_CO[3])
                                                      0.098     5.373 r  gen_serial_cic_comb.u_cic_interp16_serial_comb_dsp_ce/gen_first_integrator_carry.first_integrator_sum_carry__4/CO[3]
                         net (fo=1, routed)           0.000     5.373    gen_serial_cic_comb.u_cic_interp16_serial_comb_dsp_ce/gen_first_integrator_carry.first_integrator_sum_carry__4_n_0
    SLICE_X45Y61         CARRY4 (Prop_carry4_CI_O[1])
                                                      0.265     5.638 r  gen_serial_cic_comb.u_cic_interp16_serial_comb_dsp_ce/gen_first_integrator_carry.first_integrator_sum_carry__5/O[1]
                         net (fo=23, routed)          1.020     6.658    final_input_rounded[25]
    DSP48_X1Y22          DSP48E1 (Prop_dsp48e1_A[23]_P[2])
                                                      1.889     8.547 f  gen_serial_cic_comb.u_cic_interp16_serial_comb_dsp_ce/gen_final_integrator_dsp.final_integrator_sum/P[2]
                         net (fo=2, routed)           0.814     9.362    gen_serial_cic_comb.u_cic_interp16_serial_comb_dsp_ce/gen_final_integrator_dsp.final_integrator_sum_n_103
    SLICE_X54Y55         LUT3 (Prop_lut3_I1_O)        0.105     9.467 r  interp128_all2x_LUT3_27/O
                         net (fo=1, routed)           0.473     9.939    interp128_all2x_net_19
    SLICE_X54Y56         LUT5 (Prop_lut5_I4_O)        0.105    10.044 r  interp128_all2x_LUT5_26/O
                         net (fo=1, routed)           0.000    10.044    rounded_value_carry_i_1__0_n_0
    SLICE_X54Y56         CARRY4 (Prop_carry4_S[0]_CO[3])
                                                      0.423    10.467 r  gen_serial_cic_comb.u_cic_interp16_serial_comb_dsp_ce/u_round_cic_normalized_output/rounded_value_carry/CO[3]
                         net (fo=1, routed)           0.000    10.467    gen_serial_cic_comb.u_cic_interp16_serial_comb_dsp_ce/u_round_cic_normalized_output/rounded_value_carry_n_0
    SLICE_X54Y57         CARRY4 (Prop_carry4_CI_CO[3])
                                                      0.100    10.567 r  gen_serial_cic_comb.u_cic_interp16_serial_comb_dsp_ce/u_round_cic_normalized_output/rounded_value_carry__0/CO[3]
                         net (fo=1, routed)           0.000    10.567    gen_serial_cic_comb.u_cic_interp16_serial_comb_dsp_ce/u_round_cic_normalized_output/rounded_value_carry__0_n_0
    SLICE_X54Y58         CARRY4 (Prop_carry4_CI_CO[3])
                                                      0.100    10.667 r  gen_serial_cic_comb.u_cic_interp16_serial_comb_dsp_ce/u_round_cic_normalized_output/rounded_value_carry__1/CO[3]
                         net (fo=1, routed)           0.000    10.667    gen_serial_cic_comb.u_cic_interp16_serial_comb_dsp_ce/u_round_cic_normalized_output/rounded_value_carry__1_n_0
    SLICE_X54Y59         CARRY4 (Prop_carry4_CI_CO[3])
                                                      0.100    10.767 r  gen_serial_cic_comb.u_cic_interp16_serial_comb_dsp_ce/u_round_cic_normalized_output/rounded_value_carry__2/CO[3]
                         net (fo=1, routed)           0.000    10.767    gen_serial_cic_comb.u_cic_interp16_serial_comb_dsp_ce/u_round_cic_normalized_output/rounded_value_carry__2_n_0
    SLICE_X54Y60         CARRY4 (Prop_carry4_CI_CO[3])
                                                      0.100    10.867 r  gen_serial_cic_comb.u_cic_interp16_serial_comb_dsp_ce/u_round_cic_normalized_output/rounded_value_carry__3/CO[3]
                         net (fo=1, routed)           0.000    10.867    gen_serial_cic_comb.u_cic_interp16_serial_comb_dsp_ce/u_round_cic_normalized_output/rounded_value_carry__3_n_0
    SLICE_X54Y61         CARRY4 (Prop_carry4_CI_O[0])
                                                      0.178    11.045 r  gen_serial_cic_comb.u_cic_interp16_serial_comb_dsp_ce/u_round_cic_normalized_output/rounded_value_carry__4/O[0]
                         net (fo=19, routed)          0.808    11.853    gen_serial_cic_comb.u_cic_interp16_serial_comb_dsp_ce/u_round_cic_normalized_output/rounded_value_carry__4_n_7
    SLICE_X55Y59         LUT4 (Prop_lut4_I1_O)        0.238    12.091 r  y_out[13]_i_1__0/O
                         net (fo=1, routed)           0.000    12.091    normalized_output[13]
    SLICE_X55Y59         FDRE                                         r  gen_serial_cic_comb.u_cic_interp16_serial_comb_dsp_ce/y_out_reg[13]/D
  -------------------------------------------------------------------    -------------------

                         (clock core_clk_6m144 rise edge)
                                                    162.760   162.760 r  
                                                      0.000   162.760 r  clk (IN)
                         net (fo=310, unset)          1.247   164.007    clk
    SLICE_X55Y59         FDRE                                         r  gen_serial_cic_comb.u_cic_interp16_serial_comb_dsp_ce/y_out_reg[13]/C
                         clock pessimism              0.065   164.072    
                         clock uncertainty           -0.035   164.037    
    SLICE_X55Y59         FDRE (Setup_fdre_C_D)        0.032   164.069    gen_serial_cic_comb.u_cic_interp16_serial_comb_dsp_ce/y_out_reg[13]
  -------------------------------------------------------------------
                         required time                        164.069    
                         arrival time                         -12.091    
  -------------------------------------------------------------------
                         slack                                151.977    

Slack (MET) :             151.993ns  (required time - arrival time)
  Source:                 gen_serial_cic_comb.u_cic_interp16_serial_comb_dsp_ce/burst_remaining_reg[0]/C
                            (rising edge-triggered cell FDRE clocked by core_clk_6m144  {rise@0.000ns fall@81.380ns period=162.760ns})
  Destination:            gen_serial_cic_comb.u_cic_interp16_serial_comb_dsp_ce/y_out_reg[19]/D
                            (rising edge-triggered cell FDRE clocked by core_clk_6m144  {rise@0.000ns fall@81.380ns period=162.760ns})
  Path Group:             core_clk_6m144
  Path Type:              Setup (Max at Slow Process Corner)
  Requirement:            162.760ns  (core_clk_6m144 rise@162.760ns - core_clk_6m144 rise@0.000ns)
  Data Path Delay:        10.763ns  (logic 5.016ns (46.603%)  route 5.747ns (53.397%))
  Logic Levels:           18  (CARRY4=12 DSP48E1=1 LUT1=1 LUT3=1 LUT4=1 LUT5=1 LUT6=1)
  Clock Path Skew:        -0.037ns (DCD - SCD + CPR)
    Destination Clock Delay (DCD):    1.248ns = ( 164.008 - 162.760 ) 
    Source Clock Delay      (SCD):    1.350ns
    Clock Pessimism Removal (CPR):    0.065ns
  Clock Uncertainty:      0.035ns  ((TSJ^2 + TIJ^2)^1/2 + DJ) / 2 + PE
    Total System Jitter     (TSJ):    0.071ns
    Total Input Jitter      (TIJ):    0.000ns
    Discrete Jitter          (DJ):    0.000ns
    Phase Error              (PE):    0.000ns

    Location             Delay type                Incr(ns)  Path(ns)    Netlist Resource(s)
  -------------------------------------------------------------------    -------------------
                         (clock core_clk_6m144 rise edge)
                                                      0.000     0.000 r  
                                                      0.000     0.000 r  clk (IN)
                         net (fo=310, unset)          1.350     1.350    clk
    SLICE_X41Y59         FDRE                                         r  gen_serial_cic_comb.u_cic_interp16_serial_comb_dsp_ce/burst_remaining_reg[0]/C
  -------------------------------------------------------------------    -------------------
    SLICE_X41Y59         FDRE (Prop_fdre_C_Q)         0.379     1.729 f  gen_serial_cic_comb.u_cic_interp16_serial_comb_dsp_ce/burst_remaining_reg[0]/Q
                         net (fo=6, routed)           0.716     2.445    gen_serial_cic_comb.u_cic_interp16_serial_comb_dsp_ce/burst_remaining_reg_n_0_[0]
    SLICE_X41Y59         LUT6 (Prop_lut6_I2_O)        0.105     2.550 r  interp128_all2x_LUT6/O
                         net (fo=51, routed)          1.079     3.628    interp128_all2x_net
    SLICE_X38Y56         LUT4 (Prop_lut4_I3_O)        0.105     3.733 r  interp128_all2x_LUT4_30/O
                         net (fo=2, routed)           0.811     4.544    integrator_state[4]_i_3_n_0
    SLICE_X45Y56         CARRY4 (Prop_carry4_S[2]_CO[3])
                                                      0.437     4.981 r  gen_serial_cic_comb.u_cic_interp16_serial_comb_dsp_ce/gen_first_integrator_carry.first_integrator_sum_carry__0/CO[3]
                         net (fo=1, routed)           0.000     4.981    gen_serial_cic_comb.u_cic_interp16_serial_comb_dsp_ce/gen_first_integrator_carry.first_integrator_sum_carry__0_n_0
    SLICE_X45Y57         CARRY4 (Prop_carry4_CI_CO[3])
                                                      0.098     5.079 r  gen_serial_cic_comb.u_cic_interp16_serial_comb_dsp_ce/gen_first_integrator_carry.first_integrator_sum_carry__1/CO[3]
                         net (fo=1, routed)           0.000     5.079    gen_serial_cic_comb.u_cic_interp16_serial_comb_dsp_ce/gen_first_integrator_carry.first_integrator_sum_carry__1_n_0
    SLICE_X45Y58         CARRY4 (Prop_carry4_CI_CO[3])
                                                      0.098     5.177 r  gen_serial_cic_comb.u_cic_interp16_serial_comb_dsp_ce/gen_first_integrator_carry.first_integrator_sum_carry__2/CO[3]
                         net (fo=1, routed)           0.000     5.177    gen_serial_cic_comb.u_cic_interp16_serial_comb_dsp_ce/gen_first_integrator_carry.first_integrator_sum_carry__2_n_0
    SLICE_X45Y59         CARRY4 (Prop_carry4_CI_CO[3])
                                                      0.098     5.275 r  gen_serial_cic_comb.u_cic_interp16_serial_comb_dsp_ce/gen_first_integrator_carry.first_integrator_sum_carry__3/CO[3]
                         net (fo=1, routed)           0.000     5.275    gen_serial_cic_comb.u_cic_interp16_serial_comb_dsp_ce/gen_first_integrator_carry.first_integrator_sum_carry__3_n_0
    SLICE_X45Y60         CARRY4 (Prop_carry4_CI_CO[3])
                                                      0.098     5.373 r  gen_serial_cic_comb.u_cic_interp16_serial_comb_dsp_ce/gen_first_integrator_carry.first_integrator_sum_carry__4/CO[3]
                         net (fo=1, routed)           0.000     5.373    gen_serial_cic_comb.u_cic_interp16_serial_comb_dsp_ce/gen_first_integrator_carry.first_integrator_sum_carry__4_n_0
    SLICE_X45Y61         CARRY4 (Prop_carry4_CI_O[1])
                                                      0.265     5.638 r  gen_serial_cic_comb.u_cic_interp16_serial_comb_dsp_ce/gen_first_integrator_carry.first_integrator_sum_carry__5/O[1]
                         net (fo=23, routed)          1.020     6.658    final_input_rounded[25]
    DSP48_X1Y22          DSP48E1 (Prop_dsp48e1_A[23]_P[2])
                                                      1.889     8.547 f  gen_serial_cic_comb.u_cic_interp16_serial_comb_dsp_ce/gen_final_integrator_dsp.final_integrator_sum/P[2]
                         net (fo=2, routed)           0.814     9.362    gen_serial_cic_comb.u_cic_interp16_serial_comb_dsp_ce/gen_final_integrator_dsp.final_integrator_sum_n_103
    SLICE_X54Y55         LUT3 (Prop_lut3_I1_O)        0.105     9.467 r  interp128_all2x_LUT3_27/O
                         net (fo=1, routed)           0.473     9.939    interp128_all2x_net_19
    SLICE_X54Y56         LUT5 (Prop_lut5_I4_O)        0.105    10.044 r  interp128_all2x_LUT5_26/O
                         net (fo=1, routed)           0.000    10.044    rounded_value_carry_i_1__0_n_0
    SLICE_X54Y56         CARRY4 (Prop_carry4_S[0]_CO[3])
                                                      0.423    10.467 r  gen_serial_cic_comb.u_cic_interp16_serial_comb_dsp_ce/u_round_cic_normalized_output/rounded_value_carry/CO[3]
                         net (fo=1, routed)           0.000    10.467    gen_serial_cic_comb.u_cic_interp16_serial_comb_dsp_ce/u_round_cic_normalized_output/rounded_value_carry_n_0
    SLICE_X54Y57         CARRY4 (Prop_carry4_CI_CO[3])
                                                      0.100    10.567 r  gen_serial_cic_comb.u_cic_interp16_serial_comb_dsp_ce/u_round_cic_normalized_output/rounded_value_carry__0/CO[3]
                         net (fo=1, routed)           0.000    10.567    gen_serial_cic_comb.u_cic_interp16_serial_comb_dsp_ce/u_round_cic_normalized_output/rounded_value_carry__0_n_0
    SLICE_X54Y58         CARRY4 (Prop_carry4_CI_CO[3])
                                                      0.100    10.667 r  gen_serial_cic_comb.u_cic_interp16_serial_comb_dsp_ce/u_round_cic_normalized_output/rounded_value_carry__1/CO[3]
                         net (fo=1, routed)           0.000    10.667    gen_serial_cic_comb.u_cic_interp16_serial_comb_dsp_ce/u_round_cic_normalized_output/rounded_value_carry__1_n_0
    SLICE_X54Y59         CARRY4 (Prop_carry4_CI_CO[3])
                                                      0.100    10.767 r  gen_serial_cic_comb.u_cic_interp16_serial_comb_dsp_ce/u_round_cic_normalized_output/rounded_value_carry__2/CO[3]
                         net (fo=1, routed)           0.000    10.767    gen_serial_cic_comb.u_cic_interp16_serial_comb_dsp_ce/u_round_cic_normalized_output/rounded_value_carry__2_n_0
    SLICE_X54Y60         CARRY4 (Prop_carry4_CI_CO[3])
                                                      0.100    10.867 r  gen_serial_cic_comb.u_cic_interp16_serial_comb_dsp_ce/u_round_cic_normalized_output/rounded_value_carry__3/CO[3]
                         net (fo=1, routed)           0.000    10.867    gen_serial_cic_comb.u_cic_interp16_serial_comb_dsp_ce/u_round_cic_normalized_output/rounded_value_carry__3_n_0
    SLICE_X54Y61         CARRY4 (Prop_carry4_CI_CO[1])
                                                      0.131    10.998 f  gen_serial_cic_comb.u_cic_interp16_serial_comb_dsp_ce/u_round_cic_normalized_output/rounded_value_carry__4/CO[1]
                         net (fo=20, routed)          0.835    11.833    gen_serial_cic_comb.u_cic_interp16_serial_comb_dsp_ce/u_round_cic_normalized_output/rounded_value_carry__4_n_2
    SLICE_X55Y56         LUT1 (Prop_lut1_I0_O)        0.280    12.113 r  y_out[19]_i_3/O
                         net (fo=1, routed)           0.000    12.113    normalized_output[19]
    SLICE_X55Y56         FDRE                                         r  gen_serial_cic_comb.u_cic_interp16_serial_comb_dsp_ce/y_out_reg[19]/D
  -------------------------------------------------------------------    -------------------

                         (clock core_clk_6m144 rise edge)
                                                    162.760   162.760 r  
                                                      0.000   162.760 r  clk (IN)
                         net (fo=310, unset)          1.248   164.008    clk
    SLICE_X55Y56         FDRE                                         r  gen_serial_cic_comb.u_cic_interp16_serial_comb_dsp_ce/y_out_reg[19]/C
                         clock pessimism              0.065   164.073    
                         clock uncertainty           -0.035   164.038    
    SLICE_X55Y56         FDRE (Setup_fdre_C_D)        0.069   164.107    gen_serial_cic_comb.u_cic_interp16_serial_comb_dsp_ce/y_out_reg[19]
  -------------------------------------------------------------------
                         required time                        164.107    
                         arrival time                         -12.113    
  -------------------------------------------------------------------
                         slack                                151.993    

Slack (MET) :             152.000ns  (required time - arrival time)
  Source:                 gen_serial_cic_comb.u_cic_interp16_serial_comb_dsp_ce/burst_remaining_reg[0]/C
                            (rising edge-triggered cell FDRE clocked by core_clk_6m144  {rise@0.000ns fall@81.380ns period=162.760ns})
  Destination:            gen_serial_cic_comb.u_cic_interp16_serial_comb_dsp_ce/y_out_reg[12]/D
                            (rising edge-triggered cell FDRE clocked by core_clk_6m144  {rise@0.000ns fall@81.380ns period=162.760ns})
  Path Group:             core_clk_6m144
  Path Type:              Setup (Max at Slow Process Corner)
  Requirement:            162.760ns  (core_clk_6m144 rise@162.760ns - core_clk_6m144 rise@0.000ns)
  Data Path Delay:        10.755ns  (logic 5.035ns (46.815%)  route 5.720ns (53.185%))
  Logic Levels:           18  (CARRY4=12 DSP48E1=1 LUT3=1 LUT4=2 LUT5=1 LUT6=1)
  Clock Path Skew:        -0.038ns (DCD - SCD + CPR)
    Destination Clock Delay (DCD):    1.247ns = ( 164.007 - 162.760 ) 
    Source Clock Delay      (SCD):    1.350ns
    Clock Pessimism Removal (CPR):    0.065ns
  Clock Uncertainty:      0.035ns  ((TSJ^2 + TIJ^2)^1/2 + DJ) / 2 + PE
    Total System Jitter     (TSJ):    0.071ns
    Total Input Jitter      (TIJ):    0.000ns
    Discrete Jitter          (DJ):    0.000ns
    Phase Error              (PE):    0.000ns

    Location             Delay type                Incr(ns)  Path(ns)    Netlist Resource(s)
  -------------------------------------------------------------------    -------------------
                         (clock core_clk_6m144 rise edge)
                                                      0.000     0.000 r  
                                                      0.000     0.000 r  clk (IN)
                         net (fo=310, unset)          1.350     1.350    clk
    SLICE_X41Y59         FDRE                                         r  gen_serial_cic_comb.u_cic_interp16_serial_comb_dsp_ce/burst_remaining_reg[0]/C
  -------------------------------------------------------------------    -------------------
    SLICE_X41Y59         FDRE (Prop_fdre_C_Q)         0.379     1.729 f  gen_serial_cic_comb.u_cic_interp16_serial_comb_dsp_ce/burst_remaining_reg[0]/Q
                         net (fo=6, routed)           0.716     2.445    gen_serial_cic_comb.u_cic_interp16_serial_comb_dsp_ce/burst_remaining_reg_n_0_[0]
    SLICE_X41Y59         LUT6 (Prop_lut6_I2_O)        0.105     2.550 r  interp128_all2x_LUT6/O
                         net (fo=51, routed)          1.079     3.628    interp128_all2x_net
    SLICE_X38Y56         LUT4 (Prop_lut4_I3_O)        0.105     3.733 r  interp128_all2x_LUT4_30/O
                         net (fo=2, routed)           0.811     4.544    integrator_state[4]_i_3_n_0
    SLICE_X45Y56         CARRY4 (Prop_carry4_S[2]_CO[3])
                                                      0.437     4.981 r  gen_serial_cic_comb.u_cic_interp16_serial_comb_dsp_ce/gen_first_integrator_carry.first_integrator_sum_carry__0/CO[3]
                         net (fo=1, routed)           0.000     4.981    gen_serial_cic_comb.u_cic_interp16_serial_comb_dsp_ce/gen_first_integrator_carry.first_integrator_sum_carry__0_n_0
    SLICE_X45Y57         CARRY4 (Prop_carry4_CI_CO[3])
                                                      0.098     5.079 r  gen_serial_cic_comb.u_cic_interp16_serial_comb_dsp_ce/gen_first_integrator_carry.first_integrator_sum_carry__1/CO[3]
                         net (fo=1, routed)           0.000     5.079    gen_serial_cic_comb.u_cic_interp16_serial_comb_dsp_ce/gen_first_integrator_carry.first_integrator_sum_carry__1_n_0
    SLICE_X45Y58         CARRY4 (Prop_carry4_CI_CO[3])
                                                      0.098     5.177 r  gen_serial_cic_comb.u_cic_interp16_serial_comb_dsp_ce/gen_first_integrator_carry.first_integrator_sum_carry__2/CO[3]
                         net (fo=1, routed)           0.000     5.177    gen_serial_cic_comb.u_cic_interp16_serial_comb_dsp_ce/gen_first_integrator_carry.first_integrator_sum_carry__2_n_0
    SLICE_X45Y59         CARRY4 (Prop_carry4_CI_CO[3])
                                                      0.098     5.275 r  gen_serial_cic_comb.u_cic_interp16_serial_comb_dsp_ce/gen_first_integrator_carry.first_integrator_sum_carry__3/CO[3]
                         net (fo=1, routed)           0.000     5.275    gen_serial_cic_comb.u_cic_interp16_serial_comb_dsp_ce/gen_first_integrator_carry.first_integrator_sum_carry__3_n_0
    SLICE_X45Y60         CARRY4 (Prop_carry4_CI_CO[3])
                                                      0.098     5.373 r  gen_serial_cic_comb.u_cic_interp16_serial_comb_dsp_ce/gen_first_integrator_carry.first_integrator_sum_carry__4/CO[3]
                         net (fo=1, routed)           0.000     5.373    gen_serial_cic_comb.u_cic_interp16_serial_comb_dsp_ce/gen_first_integrator_carry.first_integrator_sum_carry__4_n_0
    SLICE_X45Y61         CARRY4 (Prop_carry4_CI_O[1])
                                                      0.265     5.638 r  gen_serial_cic_comb.u_cic_interp16_serial_comb_dsp_ce/gen_first_integrator_carry.first_integrator_sum_carry__5/O[1]
                         net (fo=23, routed)          1.020     6.658    final_input_rounded[25]
    DSP48_X1Y22          DSP48E1 (Prop_dsp48e1_A[23]_P[2])
                                                      1.889     8.547 f  gen_serial_cic_comb.u_cic_interp16_serial_comb_dsp_ce/gen_final_integrator_dsp.final_integrator_sum/P[2]
                         net (fo=2, routed)           0.814     9.362    gen_serial_cic_comb.u_cic_interp16_serial_comb_dsp_ce/gen_final_integrator_dsp.final_integrator_sum_n_103
    SLICE_X54Y55         LUT3 (Prop_lut3_I1_O)        0.105     9.467 r  interp128_all2x_LUT3_27/O
                         net (fo=1, routed)           0.473     9.939    interp128_all2x_net_19
    SLICE_X54Y56         LUT5 (Prop_lut5_I4_O)        0.105    10.044 r  interp128_all2x_LUT5_26/O
                         net (fo=1, routed)           0.000    10.044    rounded_value_carry_i_1__0_n_0
    SLICE_X54Y56         CARRY4 (Prop_carry4_S[0]_CO[3])
                                                      0.423    10.467 r  gen_serial_cic_comb.u_cic_interp16_serial_comb_dsp_ce/u_round_cic_normalized_output/rounded_value_carry/CO[3]
                         net (fo=1, routed)           0.000    10.467    gen_serial_cic_comb.u_cic_interp16_serial_comb_dsp_ce/u_round_cic_normalized_output/rounded_value_carry_n_0
    SLICE_X54Y57         CARRY4 (Prop_carry4_CI_CO[3])
                                                      0.100    10.567 r  gen_serial_cic_comb.u_cic_interp16_serial_comb_dsp_ce/u_round_cic_normalized_output/rounded_value_carry__0/CO[3]
                         net (fo=1, routed)           0.000    10.567    gen_serial_cic_comb.u_cic_interp16_serial_comb_dsp_ce/u_round_cic_normalized_output/rounded_value_carry__0_n_0
    SLICE_X54Y58         CARRY4 (Prop_carry4_CI_CO[3])
                                                      0.100    10.667 r  gen_serial_cic_comb.u_cic_interp16_serial_comb_dsp_ce/u_round_cic_normalized_output/rounded_value_carry__1/CO[3]
                         net (fo=1, routed)           0.000    10.667    gen_serial_cic_comb.u_cic_interp16_serial_comb_dsp_ce/u_round_cic_normalized_output/rounded_value_carry__1_n_0
    SLICE_X54Y59         CARRY4 (Prop_carry4_CI_CO[3])
                                                      0.100    10.767 r  gen_serial_cic_comb.u_cic_interp16_serial_comb_dsp_ce/u_round_cic_normalized_output/rounded_value_carry__2/CO[3]
                         net (fo=1, routed)           0.000    10.767    gen_serial_cic_comb.u_cic_interp16_serial_comb_dsp_ce/u_round_cic_normalized_output/rounded_value_carry__2_n_0
    SLICE_X54Y60         CARRY4 (Prop_carry4_CI_CO[3])
                                                      0.100    10.867 r  gen_serial_cic_comb.u_cic_interp16_serial_comb_dsp_ce/u_round_cic_normalized_output/rounded_value_carry__3/CO[3]
                         net (fo=1, routed)           0.000    10.867    gen_serial_cic_comb.u_cic_interp16_serial_comb_dsp_ce/u_round_cic_normalized_output/rounded_value_carry__3_n_0
    SLICE_X54Y61         CARRY4 (Prop_carry4_CI_O[0])
                                                      0.178    11.045 r  gen_serial_cic_comb.u_cic_interp16_serial_comb_dsp_ce/u_round_cic_normalized_output/rounded_value_carry__4/O[0]
                         net (fo=19, routed)          0.808    11.853    gen_serial_cic_comb.u_cic_interp16_serial_comb_dsp_ce/u_round_cic_normalized_output/rounded_value_carry__4_n_7
    SLICE_X55Y59         LUT4 (Prop_lut4_I1_O)        0.252    12.105 r  y_out[12]_i_1__0/O
                         net (fo=1, routed)           0.000    12.105    normalized_output[12]
    SLICE_X55Y59         FDRE                                         r  gen_serial_cic_comb.u_cic_interp16_serial_comb_dsp_ce/y_out_reg[12]/D
  -------------------------------------------------------------------    -------------------

                         (clock core_clk_6m144 rise edge)
                                                    162.760   162.760 r  
                                                      0.000   162.760 r  clk (IN)
                         net (fo=310, unset)          1.247   164.007    clk
    SLICE_X55Y59         FDRE                                         r  gen_serial_cic_comb.u_cic_interp16_serial_comb_dsp_ce/y_out_reg[12]/C
                         clock pessimism              0.065   164.072    
                         clock uncertainty           -0.035   164.037    
    SLICE_X55Y59         FDRE (Setup_fdre_C_D)        0.069   164.106    gen_serial_cic_comb.u_cic_interp16_serial_comb_dsp_ce/y_out_reg[12]
  -------------------------------------------------------------------
                         required time                        164.106    
                         arrival time                         -12.105    
  -------------------------------------------------------------------
                         slack                                152.000    

Slack (MET) :             152.000ns  (required time - arrival time)
  Source:                 gen_serial_cic_comb.u_cic_interp16_serial_comb_dsp_ce/burst_remaining_reg[0]/C
                            (rising edge-triggered cell FDRE clocked by core_clk_6m144  {rise@0.000ns fall@81.380ns period=162.760ns})
  Destination:            gen_serial_cic_comb.u_cic_interp16_serial_comb_dsp_ce/y_out_reg[14]/D
                            (rising edge-triggered cell FDRE clocked by core_clk_6m144  {rise@0.000ns fall@81.380ns period=162.760ns})
  Path Group:             core_clk_6m144
  Path Type:              Setup (Max at Slow Process Corner)
  Requirement:            162.760ns  (core_clk_6m144 rise@162.760ns - core_clk_6m144 rise@0.000ns)
  Data Path Delay:        10.755ns  (logic 5.035ns (46.815%)  route 5.720ns (53.185%))
  Logic Levels:           18  (CARRY4=12 DSP48E1=1 LUT3=1 LUT4=2 LUT5=1 LUT6=1)
  Clock Path Skew:        -0.038ns (DCD - SCD + CPR)
    Destination Clock Delay (DCD):    1.247ns = ( 164.007 - 162.760 ) 
    Source Clock Delay      (SCD):    1.350ns
    Clock Pessimism Removal (CPR):    0.065ns
  Clock Uncertainty:      0.035ns  ((TSJ^2 + TIJ^2)^1/2 + DJ) / 2 + PE
    Total System Jitter     (TSJ):    0.071ns
    Total Input Jitter      (TIJ):    0.000ns
    Discrete Jitter          (DJ):    0.000ns
    Phase Error              (PE):    0.000ns

    Location             Delay type                Incr(ns)  Path(ns)    Netlist Resource(s)
  -------------------------------------------------------------------    -------------------
                         (clock core_clk_6m144 rise edge)
                                                      0.000     0.000 r  
                                                      0.000     0.000 r  clk (IN)
                         net (fo=310, unset)          1.350     1.350    clk
    SLICE_X41Y59         FDRE                                         r  gen_serial_cic_comb.u_cic_interp16_serial_comb_dsp_ce/burst_remaining_reg[0]/C
  -------------------------------------------------------------------    -------------------
    SLICE_X41Y59         FDRE (Prop_fdre_C_Q)         0.379     1.729 f  gen_serial_cic_comb.u_cic_interp16_serial_comb_dsp_ce/burst_remaining_reg[0]/Q
                         net (fo=6, routed)           0.716     2.445    gen_serial_cic_comb.u_cic_interp16_serial_comb_dsp_ce/burst_remaining_reg_n_0_[0]
    SLICE_X41Y59         LUT6 (Prop_lut6_I2_O)        0.105     2.550 r  interp128_all2x_LUT6/O
                         net (fo=51, routed)          1.079     3.628    interp128_all2x_net
    SLICE_X38Y56         LUT4 (Prop_lut4_I3_O)        0.105     3.733 r  interp128_all2x_LUT4_30/O
                         net (fo=2, routed)           0.811     4.544    integrator_state[4]_i_3_n_0
    SLICE_X45Y56         CARRY4 (Prop_carry4_S[2]_CO[3])
                                                      0.437     4.981 r  gen_serial_cic_comb.u_cic_interp16_serial_comb_dsp_ce/gen_first_integrator_carry.first_integrator_sum_carry__0/CO[3]
                         net (fo=1, routed)           0.000     4.981    gen_serial_cic_comb.u_cic_interp16_serial_comb_dsp_ce/gen_first_integrator_carry.first_integrator_sum_carry__0_n_0
    SLICE_X45Y57         CARRY4 (Prop_carry4_CI_CO[3])
                                                      0.098     5.079 r  gen_serial_cic_comb.u_cic_interp16_serial_comb_dsp_ce/gen_first_integrator_carry.first_integrator_sum_carry__1/CO[3]
                         net (fo=1, routed)           0.000     5.079    gen_serial_cic_comb.u_cic_interp16_serial_comb_dsp_ce/gen_first_integrator_carry.first_integrator_sum_carry__1_n_0
    SLICE_X45Y58         CARRY4 (Prop_carry4_CI_CO[3])
                                                      0.098     5.177 r  gen_serial_cic_comb.u_cic_interp16_serial_comb_dsp_ce/gen_first_integrator_carry.first_integrator_sum_carry__2/CO[3]
                         net (fo=1, routed)           0.000     5.177    gen_serial_cic_comb.u_cic_interp16_serial_comb_dsp_ce/gen_first_integrator_carry.first_integrator_sum_carry__2_n_0
    SLICE_X45Y59         CARRY4 (Prop_carry4_CI_CO[3])
                                                      0.098     5.275 r  gen_serial_cic_comb.u_cic_interp16_serial_comb_dsp_ce/gen_first_integrator_carry.first_integrator_sum_carry__3/CO[3]
                         net (fo=1, routed)           0.000     5.275    gen_serial_cic_comb.u_cic_interp16_serial_comb_dsp_ce/gen_first_integrator_carry.first_integrator_sum_carry__3_n_0
    SLICE_X45Y60         CARRY4 (Prop_carry4_CI_CO[3])
                                                      0.098     5.373 r  gen_serial_cic_comb.u_cic_interp16_serial_comb_dsp_ce/gen_first_integrator_carry.first_integrator_sum_carry__4/CO[3]
                         net (fo=1, routed)           0.000     5.373    gen_serial_cic_comb.u_cic_interp16_serial_comb_dsp_ce/gen_first_integrator_carry.first_integrator_sum_carry__4_n_0
    SLICE_X45Y61         CARRY4 (Prop_carry4_CI_O[1])
                                                      0.265     5.638 r  gen_serial_cic_comb.u_cic_interp16_serial_comb_dsp_ce/gen_first_integrator_carry.first_integrator_sum_carry__5/O[1]
                         net (fo=23, routed)          1.020     6.658    final_input_rounded[25]
    DSP48_X1Y22          DSP48E1 (Prop_dsp48e1_A[23]_P[2])
                                                      1.889     8.547 f  gen_serial_cic_comb.u_cic_interp16_serial_comb_dsp_ce/gen_final_integrator_dsp.final_integrator_sum/P[2]
                         net (fo=2, routed)           0.814     9.362    gen_serial_cic_comb.u_cic_interp16_serial_comb_dsp_ce/gen_final_integrator_dsp.final_integrator_sum_n_103
    SLICE_X54Y55         LUT3 (Prop_lut3_I1_O)        0.105     9.467 r  interp128_all2x_LUT3_27/O
                         net (fo=1, routed)           0.473     9.939    interp128_all2x_net_19
    SLICE_X54Y56         LUT5 (Prop_lut5_I4_O)        0.105    10.044 r  interp128_all2x_LUT5_26/O
                         net (fo=1, routed)           0.000    10.044    rounded_value_carry_i_1__0_n_0
    SLICE_X54Y56         CARRY4 (Prop_carry4_S[0]_CO[3])
                                                      0.423    10.467 r  gen_serial_cic_comb.u_cic_interp16_serial_comb_dsp_ce/u_round_cic_normalized_output/rounded_value_carry/CO[3]
                         net (fo=1, routed)           0.000    10.467    gen_serial_cic_comb.u_cic_interp16_serial_comb_dsp_ce/u_round_cic_normalized_output/rounded_value_carry_n_0
    SLICE_X54Y57         CARRY4 (Prop_carry4_CI_CO[3])
                                                      0.100    10.567 r  gen_serial_cic_comb.u_cic_interp16_serial_comb_dsp_ce/u_round_cic_normalized_output/rounded_value_carry__0/CO[3]
                         net (fo=1, routed)           0.000    10.567    gen_serial_cic_comb.u_cic_interp16_serial_comb_dsp_ce/u_round_cic_normalized_output/rounded_value_carry__0_n_0
    SLICE_X54Y58         CARRY4 (Prop_carry4_CI_CO[3])
                                                      0.100    10.667 r  gen_serial_cic_comb.u_cic_interp16_serial_comb_dsp_ce/u_round_cic_normalized_output/rounded_value_carry__1/CO[3]
                         net (fo=1, routed)           0.000    10.667    gen_serial_cic_comb.u_cic_interp16_serial_comb_dsp_ce/u_round_cic_normalized_output/rounded_value_carry__1_n_0
    SLICE_X54Y59         CARRY4 (Prop_carry4_CI_CO[3])
                                                      0.100    10.767 r  gen_serial_cic_comb.u_cic_interp16_serial_comb_dsp_ce/u_round_cic_normalized_output/rounded_value_carry__2/CO[3]
                         net (fo=1, routed)           0.000    10.767    gen_serial_cic_comb.u_cic_interp16_serial_comb_dsp_ce/u_round_cic_normalized_output/rounded_value_carry__2_n_0
    SLICE_X54Y60         CARRY4 (Prop_carry4_CI_CO[3])
                                                      0.100    10.867 r  gen_serial_cic_comb.u_cic_interp16_serial_comb_dsp_ce/u_round_cic_normalized_output/rounded_value_carry__3/CO[3]
                         net (fo=1, routed)           0.000    10.867    gen_serial_cic_comb.u_cic_interp16_serial_comb_dsp_ce/u_round_cic_normalized_output/rounded_value_carry__3_n_0
    SLICE_X54Y61         CARRY4 (Prop_carry4_CI_O[0])
                                                      0.178    11.045 r  gen_serial_cic_comb.u_cic_interp16_serial_comb_dsp_ce/u_round_cic_normalized_output/rounded_value_carry__4/O[0]
                         net (fo=19, routed)          0.808    11.853    gen_serial_cic_comb.u_cic_interp16_serial_comb_dsp_ce/u_round_cic_normalized_output/rounded_value_carry__4_n_7
    SLICE_X55Y59         LUT4 (Prop_lut4_I1_O)        0.252    12.105 r  y_out[14]_i_1__0/O
                         net (fo=1, routed)           0.000    12.105    normalized_output[14]
    SLICE_X55Y59         FDRE                                         r  gen_serial_cic_comb.u_cic_interp16_serial_comb_dsp_ce/y_out_reg[14]/D
  -------------------------------------------------------------------    -------------------

                         (clock core_clk_6m144 rise edge)
                                                    162.760   162.760 r  
                                                      0.000   162.760 r  clk (IN)
                         net (fo=310, unset)          1.247   164.007    clk
    SLICE_X55Y59         FDRE                                         r  gen_serial_cic_comb.u_cic_interp16_serial_comb_dsp_ce/y_out_reg[14]/C
                         clock pessimism              0.065   164.072    
                         clock uncertainty           -0.035   164.037    
    SLICE_X55Y59         FDRE (Setup_fdre_C_D)        0.069   164.106    gen_serial_cic_comb.u_cic_interp16_serial_comb_dsp_ce/y_out_reg[14]
  -------------------------------------------------------------------
                         required time                        164.106    
                         arrival time                         -12.105    
  -------------------------------------------------------------------
                         slack                                152.000    

Slack (MET) :             152.054ns  (required time - arrival time)
  Source:                 gen_serial_cic_comb.u_cic_interp16_serial_comb_dsp_ce/burst_remaining_reg[0]/C
                            (rising edge-triggered cell FDRE clocked by core_clk_6m144  {rise@0.000ns fall@81.380ns period=162.760ns})
  Destination:            gen_serial_cic_comb.u_cic_interp16_serial_comb_dsp_ce/y_out_reg[15]/D
                            (rising edge-triggered cell FDRE clocked by core_clk_6m144  {rise@0.000ns fall@81.380ns period=162.760ns})
  Path Group:             core_clk_6m144
  Path Type:              Setup (Max at Slow Process Corner)
  Requirement:            162.760ns  (core_clk_6m144 rise@162.760ns - core_clk_6m144 rise@0.000ns)
  Data Path Delay:        10.665ns  (logic 4.917ns (46.105%)  route 5.748ns (53.895%))
  Logic Levels:           16  (CARRY4=10 DSP48E1=1 LUT3=1 LUT4=2 LUT5=1 LUT6=1)
  Clock Path Skew:        -0.038ns (DCD - SCD + CPR)
    Destination Clock Delay (DCD):    1.247ns = ( 164.007 - 162.760 ) 
    Source Clock Delay      (SCD):    1.350ns
    Clock Pessimism Removal (CPR):    0.065ns
  Clock Uncertainty:      0.035ns  ((TSJ^2 + TIJ^2)^1/2 + DJ) / 2 + PE
    Total System Jitter     (TSJ):    0.071ns
    Total Input Jitter      (TIJ):    0.000ns
    Discrete Jitter          (DJ):    0.000ns
    Phase Error              (PE):    0.000ns

    Location             Delay type                Incr(ns)  Path(ns)    Netlist Resource(s)
  -------------------------------------------------------------------    -------------------
                         (clock core_clk_6m144 rise edge)
                                                      0.000     0.000 r  
                                                      0.000     0.000 r  clk (IN)
                         net (fo=310, unset)          1.350     1.350    clk
    SLICE_X41Y59         FDRE                                         r  gen_serial_cic_comb.u_cic_interp16_serial_comb_dsp_ce/burst_remaining_reg[0]/C
  -------------------------------------------------------------------    -------------------
    SLICE_X41Y59         FDRE (Prop_fdre_C_Q)         0.379     1.729 f  gen_serial_cic_comb.u_cic_interp16_serial_comb_dsp_ce/burst_remaining_reg[0]/Q
                         net (fo=6, routed)           0.716     2.445    gen_serial_cic_comb.u_cic_interp16_serial_comb_dsp_ce/burst_remaining_reg_n_0_[0]
    SLICE_X41Y59         LUT6 (Prop_lut6_I2_O)        0.105     2.550 r  interp128_all2x_LUT6/O
                         net (fo=51, routed)          1.079     3.628    interp128_all2x_net
    SLICE_X38Y56         LUT4 (Prop_lut4_I3_O)        0.105     3.733 r  interp128_all2x_LUT4_30/O
                         net (fo=2, routed)           0.811     4.544    integrator_state[4]_i_3_n_0
    SLICE_X45Y56         CARRY4 (Prop_carry4_S[2]_CO[3])
                                                      0.437     4.981 r  gen_serial_cic_comb.u_cic_interp16_serial_comb_dsp_ce/gen_first_integrator_carry.first_integrator_sum_carry__0/CO[3]
                         net (fo=1, routed)           0.000     4.981    gen_serial_cic_comb.u_cic_interp16_serial_comb_dsp_ce/gen_first_integrator_carry.first_integrator_sum_carry__0_n_0
    SLICE_X45Y57         CARRY4 (Prop_carry4_CI_CO[3])
                                                      0.098     5.079 r  gen_serial_cic_comb.u_cic_interp16_serial_comb_dsp_ce/gen_first_integrator_carry.first_integrator_sum_carry__1/CO[3]
                         net (fo=1, routed)           0.000     5.079    gen_serial_cic_comb.u_cic_interp16_serial_comb_dsp_ce/gen_first_integrator_carry.first_integrator_sum_carry__1_n_0
    SLICE_X45Y58         CARRY4 (Prop_carry4_CI_CO[3])
                                                      0.098     5.177 r  gen_serial_cic_comb.u_cic_interp16_serial_comb_dsp_ce/gen_first_integrator_carry.first_integrator_sum_carry__2/CO[3]
                         net (fo=1, routed)           0.000     5.177    gen_serial_cic_comb.u_cic_interp16_serial_comb_dsp_ce/gen_first_integrator_carry.first_integrator_sum_carry__2_n_0
    SLICE_X45Y59         CARRY4 (Prop_carry4_CI_CO[3])
                                                      0.098     5.275 r  gen_serial_cic_comb.u_cic_interp16_serial_comb_dsp_ce/gen_first_integrator_carry.first_integrator_sum_carry__3/CO[3]
                         net (fo=1, routed)           0.000     5.275    gen_serial_cic_comb.u_cic_interp16_serial_comb_dsp_ce/gen_first_integrator_carry.first_integrator_sum_carry__3_n_0
    SLICE_X45Y60         CARRY4 (Prop_carry4_CI_CO[3])
                                                      0.098     5.373 r  gen_serial_cic_comb.u_cic_interp16_serial_comb_dsp_ce/gen_first_integrator_carry.first_integrator_sum_carry__4/CO[3]
                         net (fo=1, routed)           0.000     5.373    gen_serial_cic_comb.u_cic_interp16_serial_comb_dsp_ce/gen_first_integrator_carry.first_integrator_sum_carry__4_n_0
    SLICE_X45Y61         CARRY4 (Prop_carry4_CI_O[1])
                                                      0.265     5.638 r  gen_serial_cic_comb.u_cic_interp16_serial_comb_dsp_ce/gen_first_integrator_carry.first_integrator_sum_carry__5/O[1]
                         net (fo=23, routed)          1.020     6.658    final_input_rounded[25]
    DSP48_X1Y22          DSP48E1 (Prop_dsp48e1_A[23]_P[2])
                                                      1.889     8.547 f  gen_serial_cic_comb.u_cic_interp16_serial_comb_dsp_ce/gen_final_integrator_dsp.final_integrator_sum/P[2]
                         net (fo=2, routed)           0.814     9.362    gen_serial_cic_comb.u_cic_interp16_serial_comb_dsp_ce/gen_final_integrator_dsp.final_integrator_sum_n_103
    SLICE_X54Y55         LUT3 (Prop_lut3_I1_O)        0.105     9.467 r  interp128_all2x_LUT3_27/O
                         net (fo=1, routed)           0.473     9.939    interp128_all2x_net_19
    SLICE_X54Y56         LUT5 (Prop_lut5_I4_O)        0.105    10.044 r  interp128_all2x_LUT5_26/O
                         net (fo=1, routed)           0.000    10.044    rounded_value_carry_i_1__0_n_0
    SLICE_X54Y56         CARRY4 (Prop_carry4_S[0]_CO[3])
                                                      0.423    10.467 r  gen_serial_cic_comb.u_cic_interp16_serial_comb_dsp_ce/u_round_cic_normalized_output/rounded_value_carry/CO[3]
                         net (fo=1, routed)           0.000    10.467    gen_serial_cic_comb.u_cic_interp16_serial_comb_dsp_ce/u_round_cic_normalized_output/rounded_value_carry_n_0
    SLICE_X54Y57         CARRY4 (Prop_carry4_CI_CO[3])
                                                      0.100    10.567 r  gen_serial_cic_comb.u_cic_interp16_serial_comb_dsp_ce/u_round_cic_normalized_output/rounded_value_carry__0/CO[3]
                         net (fo=1, routed)           0.000    10.567    gen_serial_cic_comb.u_cic_interp16_serial_comb_dsp_ce/u_round_cic_normalized_output/rounded_value_carry__0_n_0
    SLICE_X54Y58         CARRY4 (Prop_carry4_CI_CO[3])
                                                      0.100    10.667 r  gen_serial_cic_comb.u_cic_interp16_serial_comb_dsp_ce/u_round_cic_normalized_output/rounded_value_carry__1/CO[3]
                         net (fo=1, routed)           0.000    10.667    gen_serial_cic_comb.u_cic_interp16_serial_comb_dsp_ce/u_round_cic_normalized_output/rounded_value_carry__1_n_0
    SLICE_X54Y59         CARRY4 (Prop_carry4_CI_O[3])
                                                      0.262    10.929 r  gen_serial_cic_comb.u_cic_interp16_serial_comb_dsp_ce/u_round_cic_normalized_output/rounded_value_carry__2/O[3]
                         net (fo=1, routed)           0.836    11.765    gen_serial_cic_comb.u_cic_interp16_serial_comb_dsp_ce/u_round_cic_normalized_output/rounded_value_carry__2_n_4
    SLICE_X55Y59         LUT4 (Prop_lut4_I0_O)        0.250    12.015 r  y_out[15]_i_1__0/O
                         net (fo=1, routed)           0.000    12.015    normalized_output[15]
    SLICE_X55Y59         FDRE                                         r  gen_serial_cic_comb.u_cic_interp16_serial_comb_dsp_ce/y_out_reg[15]/D
  -------------------------------------------------------------------    -------------------

                         (clock core_clk_6m144 rise edge)
                                                    162.760   162.760 r  
                                                      0.000   162.760 r  clk (IN)
                         net (fo=310, unset)          1.247   164.007    clk
    SLICE_X55Y59         FDRE                                         r  gen_serial_cic_comb.u_cic_interp16_serial_comb_dsp_ce/y_out_reg[15]/C
                         clock pessimism              0.065   164.072    
                         clock uncertainty           -0.035   164.037    
    SLICE_X55Y59         FDRE (Setup_fdre_C_D)        0.032   164.069    gen_serial_cic_comb.u_cic_interp16_serial_comb_dsp_ce/y_out_reg[15]
  -------------------------------------------------------------------
                         required time                        164.069    
                         arrival time                         -12.015    
  -------------------------------------------------------------------
                         slack                                152.054    

Slack (MET) :             152.140ns  (required time - arrival time)
  Source:                 gen_serial_cic_comb.u_cic_interp16_serial_comb_dsp_ce/burst_remaining_reg[0]/C
                            (rising edge-triggered cell FDRE clocked by core_clk_6m144  {rise@0.000ns fall@81.380ns period=162.760ns})
  Destination:            gen_serial_cic_comb.u_cic_interp16_serial_comb_dsp_ce/y_out_reg[16]/D
                            (rising edge-triggered cell FDRE clocked by core_clk_6m144  {rise@0.000ns fall@81.380ns period=162.760ns})
  Path Group:             core_clk_6m144
  Path Type:              Setup (Max at Slow Process Corner)
  Requirement:            162.760ns  (core_clk_6m144 rise@162.760ns - core_clk_6m144 rise@0.000ns)
  Data Path Delay:        10.615ns  (logic 5.043ns (47.507%)  route 5.572ns (52.493%))
  Logic Levels:           18  (CARRY4=12 DSP48E1=1 LUT3=1 LUT4=2 LUT5=1 LUT6=1)
  Clock Path Skew:        -0.038ns (DCD - SCD + CPR)
    Destination Clock Delay (DCD):    1.247ns = ( 164.007 - 162.760 ) 
    Source Clock Delay      (SCD):    1.350ns
    Clock Pessimism Removal (CPR):    0.065ns
  Clock Uncertainty:      0.035ns  ((TSJ^2 + TIJ^2)^1/2 + DJ) / 2 + PE
    Total System Jitter     (TSJ):    0.071ns
    Total Input Jitter      (TIJ):    0.000ns
    Discrete Jitter          (DJ):    0.000ns
    Phase Error              (PE):    0.000ns

    Location             Delay type                Incr(ns)  Path(ns)    Netlist Resource(s)
  -------------------------------------------------------------------    -------------------
                         (clock core_clk_6m144 rise edge)
                                                      0.000     0.000 r  
                                                      0.000     0.000 r  clk (IN)
                         net (fo=310, unset)          1.350     1.350    clk
    SLICE_X41Y59         FDRE                                         r  gen_serial_cic_comb.u_cic_interp16_serial_comb_dsp_ce/burst_remaining_reg[0]/C
  -------------------------------------------------------------------    -------------------
    SLICE_X41Y59         FDRE (Prop_fdre_C_Q)         0.379     1.729 f  gen_serial_cic_comb.u_cic_interp16_serial_comb_dsp_ce/burst_remaining_reg[0]/Q
                         net (fo=6, routed)           0.716     2.445    gen_serial_cic_comb.u_cic_interp16_serial_comb_dsp_ce/burst_remaining_reg_n_0_[0]
    SLICE_X41Y59         LUT6 (Prop_lut6_I2_O)        0.105     2.550 r  interp128_all2x_LUT6/O
                         net (fo=51, routed)          1.079     3.628    interp128_all2x_net
    SLICE_X38Y56         LUT4 (Prop_lut4_I3_O)        0.105     3.733 r  interp128_all2x_LUT4_30/O
                         net (fo=2, routed)           0.811     4.544    integrator_state[4]_i_3_n_0
    SLICE_X45Y56         CARRY4 (Prop_carry4_S[2]_CO[3])
                                                      0.437     4.981 r  gen_serial_cic_comb.u_cic_interp16_serial_comb_dsp_ce/gen_first_integrator_carry.first_integrator_sum_carry__0/CO[3]
                         net (fo=1, routed)           0.000     4.981    gen_serial_cic_comb.u_cic_interp16_serial_comb_dsp_ce/gen_first_integrator_carry.first_integrator_sum_carry__0_n_0
    SLICE_X45Y57         CARRY4 (Prop_carry4_CI_CO[3])
                                                      0.098     5.079 r  gen_serial_cic_comb.u_cic_interp16_serial_comb_dsp_ce/gen_first_integrator_carry.first_integrator_sum_carry__1/CO[3]
                         net (fo=1, routed)           0.000     5.079    gen_serial_cic_comb.u_cic_interp16_serial_comb_dsp_ce/gen_first_integrator_carry.first_integrator_sum_carry__1_n_0
    SLICE_X45Y58         CARRY4 (Prop_carry4_CI_CO[3])
                                                      0.098     5.177 r  gen_serial_cic_comb.u_cic_interp16_serial_comb_dsp_ce/gen_first_integrator_carry.first_integrator_sum_carry__2/CO[3]
                         net (fo=1, routed)           0.000     5.177    gen_serial_cic_comb.u_cic_interp16_serial_comb_dsp_ce/gen_first_integrator_carry.first_integrator_sum_carry__2_n_0
    SLICE_X45Y59         CARRY4 (Prop_carry4_CI_CO[3])
                                                      0.098     5.275 r  gen_serial_cic_comb.u_cic_interp16_serial_comb_dsp_ce/gen_first_integrator_carry.first_integrator_sum_carry__3/CO[3]
                         net (fo=1, routed)           0.000     5.275    gen_serial_cic_comb.u_cic_interp16_serial_comb_dsp_ce/gen_first_integrator_carry.first_integrator_sum_carry__3_n_0
    SLICE_X45Y60         CARRY4 (Prop_carry4_CI_CO[3])
                                                      0.098     5.373 r  gen_serial_cic_comb.u_cic_interp16_serial_comb_dsp_ce/gen_first_integrator_carry.first_integrator_sum_carry__4/CO[3]
                         net (fo=1, routed)           0.000     5.373    gen_serial_cic_comb.u_cic_interp16_serial_comb_dsp_ce/gen_first_integrator_carry.first_integrator_sum_carry__4_n_0
    SLICE_X45Y61         CARRY4 (Prop_carry4_CI_O[1])
                                                      0.265     5.638 r  gen_serial_cic_comb.u_cic_interp16_serial_comb_dsp_ce/gen_first_integrator_carry.first_integrator_sum_carry__5/O[1]
                         net (fo=23, routed)          1.020     6.658    final_input_rounded[25]
    DSP48_X1Y22          DSP48E1 (Prop_dsp48e1_A[23]_P[2])
                                                      1.889     8.547 f  gen_serial_cic_comb.u_cic_interp16_serial_comb_dsp_ce/gen_final_integrator_dsp.final_integrator_sum/P[2]
                         net (fo=2, routed)           0.814     9.362    gen_serial_cic_comb.u_cic_interp16_serial_comb_dsp_ce/gen_final_integrator_dsp.final_integrator_sum_n_103
    SLICE_X54Y55         LUT3 (Prop_lut3_I1_O)        0.105     9.467 r  interp128_all2x_LUT3_27/O
                         net (fo=1, routed)           0.473     9.939    interp128_all2x_net_19
    SLICE_X54Y56         LUT5 (Prop_lut5_I4_O)        0.105    10.044 r  interp128_all2x_LUT5_26/O
                         net (fo=1, routed)           0.000    10.044    rounded_value_carry_i_1__0_n_0
    SLICE_X54Y56         CARRY4 (Prop_carry4_S[0]_CO[3])
                                                      0.423    10.467 r  gen_serial_cic_comb.u_cic_interp16_serial_comb_dsp_ce/u_round_cic_normalized_output/rounded_value_carry/CO[3]
                         net (fo=1, routed)           0.000    10.467    gen_serial_cic_comb.u_cic_interp16_serial_comb_dsp_ce/u_round_cic_normalized_output/rounded_value_carry_n_0
    SLICE_X54Y57         CARRY4 (Prop_carry4_CI_CO[3])
                                                      0.100    10.567 r  gen_serial_cic_comb.u_cic_interp16_serial_comb_dsp_ce/u_round_cic_normalized_output/rounded_value_carry__0/CO[3]
                         net (fo=1, routed)           0.000    10.567    gen_serial_cic_comb.u_cic_interp16_serial_comb_dsp_ce/u_round_cic_normalized_output/rounded_value_carry__0_n_0
    SLICE_X54Y58         CARRY4 (Prop_carry4_CI_CO[3])
                                                      0.100    10.667 r  gen_serial_cic_comb.u_cic_interp16_serial_comb_dsp_ce/u_round_cic_normalized_output/rounded_value_carry__1/CO[3]
                         net (fo=1, routed)           0.000    10.667    gen_serial_cic_comb.u_cic_interp16_serial_comb_dsp_ce/u_round_cic_normalized_output/rounded_value_carry__1_n_0
    SLICE_X54Y59         CARRY4 (Prop_carry4_CI_CO[3])
                                                      0.100    10.767 r  gen_serial_cic_comb.u_cic_interp16_serial_comb_dsp_ce/u_round_cic_normalized_output/rounded_value_carry__2/CO[3]
                         net (fo=1, routed)           0.000    10.767    gen_serial_cic_comb.u_cic_interp16_serial_comb_dsp_ce/u_round_cic_normalized_output/rounded_value_carry__2_n_0
    SLICE_X54Y60         CARRY4 (Prop_carry4_CI_CO[3])
                                                      0.100    10.867 r  gen_serial_cic_comb.u_cic_interp16_serial_comb_dsp_ce/u_round_cic_normalized_output/rounded_value_carry__3/CO[3]
                         net (fo=1, routed)           0.000    10.867    gen_serial_cic_comb.u_cic_interp16_serial_comb_dsp_ce/u_round_cic_normalized_output/rounded_value_carry__3_n_0
    SLICE_X54Y61         CARRY4 (Prop_carry4_CI_O[0])
                                                      0.178    11.045 r  gen_serial_cic_comb.u_cic_interp16_serial_comb_dsp_ce/u_round_cic_normalized_output/rounded_value_carry__4/O[0]
                         net (fo=19, routed)          0.660    11.705    gen_serial_cic_comb.u_cic_interp16_serial_comb_dsp_ce/u_round_cic_normalized_output/rounded_value_carry__4_n_7
    SLICE_X55Y59         LUT4 (Prop_lut4_I1_O)        0.260    11.965 r  y_out[16]_i_1__0/O
                         net (fo=1, routed)           0.000    11.965    normalized_output[16]
    SLICE_X55Y59         FDRE                                         r  gen_serial_cic_comb.u_cic_interp16_serial_comb_dsp_ce/y_out_reg[16]/D
  -------------------------------------------------------------------    -------------------

                         (clock core_clk_6m144 rise edge)
                                                    162.760   162.760 r  
                                                      0.000   162.760 r  clk (IN)
                         net (fo=310, unset)          1.247   164.007    clk
    SLICE_X55Y59         FDRE                                         r  gen_serial_cic_comb.u_cic_interp16_serial_comb_dsp_ce/y_out_reg[16]/C
                         clock pessimism              0.065   164.072    
                         clock uncertainty           -0.035   164.037    
    SLICE_X55Y59         FDRE (Setup_fdre_C_D)        0.069   164.106    gen_serial_cic_comb.u_cic_interp16_serial_comb_dsp_ce/y_out_reg[16]
  -------------------------------------------------------------------
                         required time                        164.106    
                         arrival time                         -11.965    
  -------------------------------------------------------------------
                         slack                                152.140    

Slack (MET) :             152.200ns  (required time - arrival time)
  Source:                 gen_serial_cic_comb.u_cic_interp16_serial_comb_dsp_ce/burst_remaining_reg[0]/C
                            (rising edge-triggered cell FDRE clocked by core_clk_6m144  {rise@0.000ns fall@81.380ns period=162.760ns})
  Destination:            gen_serial_cic_comb.u_cic_interp16_serial_comb_dsp_ce/y_out_reg[17]/D
                            (rising edge-triggered cell FDRE clocked by core_clk_6m144  {rise@0.000ns fall@81.380ns period=162.760ns})
  Path Group:             core_clk_6m144
  Path Type:              Setup (Max at Slow Process Corner)
  Requirement:            162.760ns  (core_clk_6m144 rise@162.760ns - core_clk_6m144 rise@0.000ns)
  Data Path Delay:        10.515ns  (logic 5.021ns (47.749%)  route 5.494ns (52.251%))
  Logic Levels:           18  (CARRY4=12 DSP48E1=1 LUT3=1 LUT4=2 LUT5=1 LUT6=1)
  Clock Path Skew:        -0.039ns (DCD - SCD + CPR)
    Destination Clock Delay (DCD):    1.246ns = ( 164.006 - 162.760 ) 
    Source Clock Delay      (SCD):    1.350ns
    Clock Pessimism Removal (CPR):    0.065ns
  Clock Uncertainty:      0.035ns  ((TSJ^2 + TIJ^2)^1/2 + DJ) / 2 + PE
    Total System Jitter     (TSJ):    0.071ns
    Total Input Jitter      (TIJ):    0.000ns
    Discrete Jitter          (DJ):    0.000ns
    Phase Error              (PE):    0.000ns

    Location             Delay type                Incr(ns)  Path(ns)    Netlist Resource(s)
  -------------------------------------------------------------------    -------------------
                         (clock core_clk_6m144 rise edge)
                                                      0.000     0.000 r  
                                                      0.000     0.000 r  clk (IN)
                         net (fo=310, unset)          1.350     1.350    clk
    SLICE_X41Y59         FDRE                                         r  gen_serial_cic_comb.u_cic_interp16_serial_comb_dsp_ce/burst_remaining_reg[0]/C
  -------------------------------------------------------------------    -------------------
    SLICE_X41Y59         FDRE (Prop_fdre_C_Q)         0.379     1.729 f  gen_serial_cic_comb.u_cic_interp16_serial_comb_dsp_ce/burst_remaining_reg[0]/Q
                         net (fo=6, routed)           0.716     2.445    gen_serial_cic_comb.u_cic_interp16_serial_comb_dsp_ce/burst_remaining_reg_n_0_[0]
    SLICE_X41Y59         LUT6 (Prop_lut6_I2_O)        0.105     2.550 r  interp128_all2x_LUT6/O
                         net (fo=51, routed)          1.079     3.628    interp128_all2x_net
    SLICE_X38Y56         LUT4 (Prop_lut4_I3_O)        0.105     3.733 r  interp128_all2x_LUT4_30/O
                         net (fo=2, routed)           0.811     4.544    integrator_state[4]_i_3_n_0
    SLICE_X45Y56         CARRY4 (Prop_carry4_S[2]_CO[3])
                                                      0.437     4.981 r  gen_serial_cic_comb.u_cic_interp16_serial_comb_dsp_ce/gen_first_integrator_carry.first_integrator_sum_carry__0/CO[3]
                         net (fo=1, routed)           0.000     4.981    gen_serial_cic_comb.u_cic_interp16_serial_comb_dsp_ce/gen_first_integrator_carry.first_integrator_sum_carry__0_n_0
    SLICE_X45Y57         CARRY4 (Prop_carry4_CI_CO[3])
                                                      0.098     5.079 r  gen_serial_cic_comb.u_cic_interp16_serial_comb_dsp_ce/gen_first_integrator_carry.first_integrator_sum_carry__1/CO[3]
                         net (fo=1, routed)           0.000     5.079    gen_serial_cic_comb.u_cic_interp16_serial_comb_dsp_ce/gen_first_integrator_carry.first_integrator_sum_carry__1_n_0
    SLICE_X45Y58         CARRY4 (Prop_carry4_CI_CO[3])
                                                      0.098     5.177 r  gen_serial_cic_comb.u_cic_interp16_serial_comb_dsp_ce/gen_first_integrator_carry.first_integrator_sum_carry__2/CO[3]
                         net (fo=1, routed)           0.000     5.177    gen_serial_cic_comb.u_cic_interp16_serial_comb_dsp_ce/gen_first_integrator_carry.first_integrator_sum_carry__2_n_0
    SLICE_X45Y59         CARRY4 (Prop_carry4_CI_CO[3])
                                                      0.098     5.275 r  gen_serial_cic_comb.u_cic_interp16_serial_comb_dsp_ce/gen_first_integrator_carry.first_integrator_sum_carry__3/CO[3]
                         net (fo=1, routed)           0.000     5.275    gen_serial_cic_comb.u_cic_interp16_serial_comb_dsp_ce/gen_first_integrator_carry.first_integrator_sum_carry__3_n_0
    SLICE_X45Y60         CARRY4 (Prop_carry4_CI_CO[3])
                                                      0.098     5.373 r  gen_serial_cic_comb.u_cic_interp16_serial_comb_dsp_ce/gen_first_integrator_carry.first_integrator_sum_carry__4/CO[3]
                         net (fo=1, routed)           0.000     5.373    gen_serial_cic_comb.u_cic_interp16_serial_comb_dsp_ce/gen_first_integrator_carry.first_integrator_sum_carry__4_n_0
    SLICE_X45Y61         CARRY4 (Prop_carry4_CI_O[1])
                                                      0.265     5.638 r  gen_serial_cic_comb.u_cic_interp16_serial_comb_dsp_ce/gen_first_integrator_carry.first_integrator_sum_carry__5/O[1]
                         net (fo=23, routed)          1.020     6.658    final_input_rounded[25]
    DSP48_X1Y22          DSP48E1 (Prop_dsp48e1_A[23]_P[2])
                                                      1.889     8.547 f  gen_serial_cic_comb.u_cic_interp16_serial_comb_dsp_ce/gen_final_integrator_dsp.final_integrator_sum/P[2]
                         net (fo=2, routed)           0.814     9.362    gen_serial_cic_comb.u_cic_interp16_serial_comb_dsp_ce/gen_final_integrator_dsp.final_integrator_sum_n_103
    SLICE_X54Y55         LUT3 (Prop_lut3_I1_O)        0.105     9.467 r  interp128_all2x_LUT3_27/O
                         net (fo=1, routed)           0.473     9.939    interp128_all2x_net_19
    SLICE_X54Y56         LUT5 (Prop_lut5_I4_O)        0.105    10.044 r  interp128_all2x_LUT5_26/O
                         net (fo=1, routed)           0.000    10.044    rounded_value_carry_i_1__0_n_0
    SLICE_X54Y56         CARRY4 (Prop_carry4_S[0]_CO[3])
                                                      0.423    10.467 r  gen_serial_cic_comb.u_cic_interp16_serial_comb_dsp_ce/u_round_cic_normalized_output/rounded_value_carry/CO[3]
                         net (fo=1, routed)           0.000    10.467    gen_serial_cic_comb.u_cic_interp16_serial_comb_dsp_ce/u_round_cic_normalized_output/rounded_value_carry_n_0
    SLICE_X54Y57         CARRY4 (Prop_carry4_CI_CO[3])
                                                      0.100    10.567 r  gen_serial_cic_comb.u_cic_interp16_serial_comb_dsp_ce/u_round_cic_normalized_output/rounded_value_carry__0/CO[3]
                         net (fo=1, routed)           0.000    10.567    gen_serial_cic_comb.u_cic_interp16_serial_comb_dsp_ce/u_round_cic_normalized_output/rounded_value_carry__0_n_0
    SLICE_X54Y58         CARRY4 (Prop_carry4_CI_CO[3])
                                                      0.100    10.667 r  gen_serial_cic_comb.u_cic_interp16_serial_comb_dsp_ce/u_round_cic_normalized_output/rounded_value_carry__1/CO[3]
                         net (fo=1, routed)           0.000    10.667    gen_serial_cic_comb.u_cic_interp16_serial_comb_dsp_ce/u_round_cic_normalized_output/rounded_value_carry__1_n_0
    SLICE_X54Y59         CARRY4 (Prop_carry4_CI_CO[3])
                                                      0.100    10.767 r  gen_serial_cic_comb.u_cic_interp16_serial_comb_dsp_ce/u_round_cic_normalized_output/rounded_value_carry__2/CO[3]
                         net (fo=1, routed)           0.000    10.767    gen_serial_cic_comb.u_cic_interp16_serial_comb_dsp_ce/u_round_cic_normalized_output/rounded_value_carry__2_n_0
    SLICE_X54Y60         CARRY4 (Prop_carry4_CI_CO[3])
                                                      0.100    10.867 r  gen_serial_cic_comb.u_cic_interp16_serial_comb_dsp_ce/u_round_cic_normalized_output/rounded_value_carry__3/CO[3]
                         net (fo=1, routed)           0.000    10.867    gen_serial_cic_comb.u_cic_interp16_serial_comb_dsp_ce/u_round_cic_normalized_output/rounded_value_carry__3_n_0
    SLICE_X54Y61         CARRY4 (Prop_carry4_CI_O[0])
                                                      0.178    11.045 r  gen_serial_cic_comb.u_cic_interp16_serial_comb_dsp_ce/u_round_cic_normalized_output/rounded_value_carry__4/O[0]
                         net (fo=19, routed)          0.582    11.627    gen_serial_cic_comb.u_cic_interp16_serial_comb_dsp_ce/u_round_cic_normalized_output/rounded_value_carry__4_n_7
    SLICE_X55Y60         LUT4 (Prop_lut4_I1_O)        0.238    11.865 r  y_out[17]_i_1__0/O
                         net (fo=1, routed)           0.000    11.865    normalized_output[17]
    SLICE_X55Y60         FDRE                                         r  gen_serial_cic_comb.u_cic_interp16_serial_comb_dsp_ce/y_out_reg[17]/D
  -------------------------------------------------------------------    -------------------

                         (clock core_clk_6m144 rise edge)
                                                    162.760   162.760 r  
                                                      0.000   162.760 r  clk (IN)
                         net (fo=310, unset)          1.246   164.006    clk
    SLICE_X55Y60         FDRE                                         r  gen_serial_cic_comb.u_cic_interp16_serial_comb_dsp_ce/y_out_reg[17]/C
                         clock pessimism              0.065   164.071    
                         clock uncertainty           -0.035   164.036    
    SLICE_X55Y60         FDRE (Setup_fdre_C_D)        0.030   164.066    gen_serial_cic_comb.u_cic_interp16_serial_comb_dsp_ce/y_out_reg[17]
  -------------------------------------------------------------------
                         required time                        164.066    
                         arrival time                         -11.865    
  -------------------------------------------------------------------
                         slack                                152.200    

Slack (MET) :             152.218ns  (required time - arrival time)
  Source:                 gen_serial_cic_comb.u_cic_interp16_serial_comb_dsp_ce/burst_remaining_reg[0]/C
                            (rising edge-triggered cell FDRE clocked by core_clk_6m144  {rise@0.000ns fall@81.380ns period=162.760ns})
  Destination:            gen_serial_cic_comb.u_cic_interp16_serial_comb_dsp_ce/y_out_reg[18]/D
                            (rising edge-triggered cell FDRE clocked by core_clk_6m144  {rise@0.000ns fall@81.380ns period=162.760ns})
  Path Group:             core_clk_6m144
  Path Type:              Setup (Max at Slow Process Corner)
  Requirement:            162.760ns  (core_clk_6m144 rise@162.760ns - core_clk_6m144 rise@0.000ns)
  Data Path Delay:        10.536ns  (logic 5.042ns (47.853%)  route 5.494ns (52.147%))
  Logic Levels:           18  (CARRY4=12 DSP48E1=1 LUT3=1 LUT4=2 LUT5=1 LUT6=1)
  Clock Path Skew:        -0.039ns (DCD - SCD + CPR)
    Destination Clock Delay (DCD):    1.246ns = ( 164.006 - 162.760 ) 
    Source Clock Delay      (SCD):    1.350ns
    Clock Pessimism Removal (CPR):    0.065ns
  Clock Uncertainty:      0.035ns  ((TSJ^2 + TIJ^2)^1/2 + DJ) / 2 + PE
    Total System Jitter     (TSJ):    0.071ns
    Total Input Jitter      (TIJ):    0.000ns
    Discrete Jitter          (DJ):    0.000ns
    Phase Error              (PE):    0.000ns

    Location             Delay type                Incr(ns)  Path(ns)    Netlist Resource(s)
  -------------------------------------------------------------------    -------------------
                         (clock core_clk_6m144 rise edge)
                                                      0.000     0.000 r  
                                                      0.000     0.000 r  clk (IN)
                         net (fo=310, unset)          1.350     1.350    clk
    SLICE_X41Y59         FDRE                                         r  gen_serial_cic_comb.u_cic_interp16_serial_comb_dsp_ce/burst_remaining_reg[0]/C
  -------------------------------------------------------------------    -------------------
    SLICE_X41Y59         FDRE (Prop_fdre_C_Q)         0.379     1.729 f  gen_serial_cic_comb.u_cic_interp16_serial_comb_dsp_ce/burst_remaining_reg[0]/Q
                         net (fo=6, routed)           0.716     2.445    gen_serial_cic_comb.u_cic_interp16_serial_comb_dsp_ce/burst_remaining_reg_n_0_[0]
    SLICE_X41Y59         LUT6 (Prop_lut6_I2_O)        0.105     2.550 r  interp128_all2x_LUT6/O
                         net (fo=51, routed)          1.079     3.628    interp128_all2x_net
    SLICE_X38Y56         LUT4 (Prop_lut4_I3_O)        0.105     3.733 r  interp128_all2x_LUT4_30/O
                         net (fo=2, routed)           0.811     4.544    integrator_state[4]_i_3_n_0
    SLICE_X45Y56         CARRY4 (Prop_carry4_S[2]_CO[3])
                                                      0.437     4.981 r  gen_serial_cic_comb.u_cic_interp16_serial_comb_dsp_ce/gen_first_integrator_carry.first_integrator_sum_carry__0/CO[3]
                         net (fo=1, routed)           0.000     4.981    gen_serial_cic_comb.u_cic_interp16_serial_comb_dsp_ce/gen_first_integrator_carry.first_integrator_sum_carry__0_n_0
    SLICE_X45Y57         CARRY4 (Prop_carry4_CI_CO[3])
                                                      0.098     5.079 r  gen_serial_cic_comb.u_cic_interp16_serial_comb_dsp_ce/gen_first_integrator_carry.first_integrator_sum_carry__1/CO[3]
                         net (fo=1, routed)           0.000     5.079    gen_serial_cic_comb.u_cic_interp16_serial_comb_dsp_ce/gen_first_integrator_carry.first_integrator_sum_carry__1_n_0
    SLICE_X45Y58         CARRY4 (Prop_carry4_CI_CO[3])
                                                      0.098     5.177 r  gen_serial_cic_comb.u_cic_interp16_serial_comb_dsp_ce/gen_first_integrator_carry.first_integrator_sum_carry__2/CO[3]
                         net (fo=1, routed)           0.000     5.177    gen_serial_cic_comb.u_cic_interp16_serial_comb_dsp_ce/gen_first_integrator_carry.first_integrator_sum_carry__2_n_0
    SLICE_X45Y59         CARRY4 (Prop_carry4_CI_CO[3])
                                                      0.098     5.275 r  gen_serial_cic_comb.u_cic_interp16_serial_comb_dsp_ce/gen_first_integrator_carry.first_integrator_sum_carry__3/CO[3]
                         net (fo=1, routed)           0.000     5.275    gen_serial_cic_comb.u_cic_interp16_serial_comb_dsp_ce/gen_first_integrator_carry.first_integrator_sum_carry__3_n_0
    SLICE_X45Y60         CARRY4 (Prop_carry4_CI_CO[3])
                                                      0.098     5.373 r  gen_serial_cic_comb.u_cic_interp16_serial_comb_dsp_ce/gen_first_integrator_carry.first_integrator_sum_carry__4/CO[3]
                         net (fo=1, routed)           0.000     5.373    gen_serial_cic_comb.u_cic_interp16_serial_comb_dsp_ce/gen_first_integrator_carry.first_integrator_sum_carry__4_n_0
    SLICE_X45Y61         CARRY4 (Prop_carry4_CI_O[1])
                                                      0.265     5.638 r  gen_serial_cic_comb.u_cic_interp16_serial_comb_dsp_ce/gen_first_integrator_carry.first_integrator_sum_carry__5/O[1]
                         net (fo=23, routed)          1.020     6.658    final_input_rounded[25]
    DSP48_X1Y22          DSP48E1 (Prop_dsp48e1_A[23]_P[2])
                                                      1.889     8.547 f  gen_serial_cic_comb.u_cic_interp16_serial_comb_dsp_ce/gen_final_integrator_dsp.final_integrator_sum/P[2]
                         net (fo=2, routed)           0.814     9.362    gen_serial_cic_comb.u_cic_interp16_serial_comb_dsp_ce/gen_final_integrator_dsp.final_integrator_sum_n_103
    SLICE_X54Y55         LUT3 (Prop_lut3_I1_O)        0.105     9.467 r  interp128_all2x_LUT3_27/O
                         net (fo=1, routed)           0.473     9.939    interp128_all2x_net_19
    SLICE_X54Y56         LUT5 (Prop_lut5_I4_O)        0.105    10.044 r  interp128_all2x_LUT5_26/O
                         net (fo=1, routed)           0.000    10.044    rounded_value_carry_i_1__0_n_0
    SLICE_X54Y56         CARRY4 (Prop_carry4_S[0]_CO[3])
                                                      0.423    10.467 r  gen_serial_cic_comb.u_cic_interp16_serial_comb_dsp_ce/u_round_cic_normalized_output/rounded_value_carry/CO[3]
                         net (fo=1, routed)           0.000    10.467    gen_serial_cic_comb.u_cic_interp16_serial_comb_dsp_ce/u_round_cic_normalized_output/rounded_value_carry_n_0
    SLICE_X54Y57         CARRY4 (Prop_carry4_CI_CO[3])
                                                      0.100    10.567 r  gen_serial_cic_comb.u_cic_interp16_serial_comb_dsp_ce/u_round_cic_normalized_output/rounded_value_carry__0/CO[3]
                         net (fo=1, routed)           0.000    10.567    gen_serial_cic_comb.u_cic_interp16_serial_comb_dsp_ce/u_round_cic_normalized_output/rounded_value_carry__0_n_0
    SLICE_X54Y58         CARRY4 (Prop_carry4_CI_CO[3])
                                                      0.100    10.667 r  gen_serial_cic_comb.u_cic_interp16_serial_comb_dsp_ce/u_round_cic_normalized_output/rounded_value_carry__1/CO[3]
                         net (fo=1, routed)           0.000    10.667    gen_serial_cic_comb.u_cic_interp16_serial_comb_dsp_ce/u_round_cic_normalized_output/rounded_value_carry__1_n_0
    SLICE_X54Y59         CARRY4 (Prop_carry4_CI_CO[3])
                                                      0.100    10.767 r  gen_serial_cic_comb.u_cic_interp16_serial_comb_dsp_ce/u_round_cic_normalized_output/rounded_value_carry__2/CO[3]
                         net (fo=1, routed)           0.000    10.767    gen_serial_cic_comb.u_cic_interp16_serial_comb_dsp_ce/u_round_cic_normalized_output/rounded_value_carry__2_n_0
    SLICE_X54Y60         CARRY4 (Prop_carry4_CI_CO[3])
                                                      0.100    10.867 r  gen_serial_cic_comb.u_cic_interp16_serial_comb_dsp_ce/u_round_cic_normalized_output/rounded_value_carry__3/CO[3]
                         net (fo=1, routed)           0.000    10.867    gen_serial_cic_comb.u_cic_interp16_serial_comb_dsp_ce/u_round_cic_normalized_output/rounded_value_carry__3_n_0
    SLICE_X54Y61         CARRY4 (Prop_carry4_CI_O[0])
                                                      0.178    11.045 r  gen_serial_cic_comb.u_cic_interp16_serial_comb_dsp_ce/u_round_cic_normalized_output/rounded_value_carry__4/O[0]
                         net (fo=19, routed)          0.582    11.627    gen_serial_cic_comb.u_cic_interp16_serial_comb_dsp_ce/u_round_cic_normalized_output/rounded_value_carry__4_n_7
    SLICE_X55Y60         LUT4 (Prop_lut4_I1_O)        0.259    11.886 r  y_out[18]_i_1__0/O
                         net (fo=1, routed)           0.000    11.886    normalized_output[18]
    SLICE_X55Y60         FDRE                                         r  gen_serial_cic_comb.u_cic_interp16_serial_comb_dsp_ce/y_out_reg[18]/D
  -------------------------------------------------------------------    -------------------

                         (clock core_clk_6m144 rise edge)
                                                    162.760   162.760 r  
                                                      0.000   162.760 r  clk (IN)
                         net (fo=310, unset)          1.246   164.006    clk
    SLICE_X55Y60         FDRE                                         r  gen_serial_cic_comb.u_cic_interp16_serial_comb_dsp_ce/y_out_reg[18]/C
                         clock pessimism              0.065   164.071    
                         clock uncertainty           -0.035   164.036    
    SLICE_X55Y60         FDRE (Setup_fdre_C_D)        0.069   164.105    gen_serial_cic_comb.u_cic_interp16_serial_comb_dsp_ce/y_out_reg[18]
  -------------------------------------------------------------------
                         required time                        164.105    
                         arrival time                         -11.886    
  -------------------------------------------------------------------
                         slack                                152.218    




