000000
000000
000000
000000
000000
000000
000000
000000
000000
000000
000000
000000
000000
000000
000000
000000
000000
000000
000000
000000
000000
000000
000000
000000
000000
000000
000000
000000
000000
000000
000000
000000
000000
000000
000000
000000
000000
000000
000000
000000
000000
000000
000000
000000
000000
000000
000000
000000
000000
000000
000000
000000
000000
000000
000000
000000
000000
000000
000000
000000
000000
000000
000000
000000
000000
000000
000000
000000
000000
000000
000000
000000
000000
000000
000000
000000
000000
000000
000000
000000
000000
000000
000000
000000
000000
000000
000000
000000
000000
000000
000000
000000
000000
000000
000000
000000
000000
000000
000000
000000
000000
000000
000000
000000
000000
000000
000000
000000
000000
000000
000000
000000
000000
000000
000000
000000
000000
000000
000000
000000
000000
000000
000000
000000
000000
000000
000000
000000
000000
000000
000000
000000
000000
000000
000000
000000
000000
000000
000000
000000
000000
000000
000000
000000
000000
000000
000000
000000
000000
000000
000000
000000
000000
000000
000000
000000
000000
000000
000000
000000
000000
000000
000000
000000
000000
000000
000000
000000
000000
000000
000000
000000
000000
000000
000000
000000
000000
000000
000000
000000
000000
000000
000000
000000
000000
000000
000000
000000
000000
000000
000000
000000
000000
000000
000000
000000
000000
000000
000000
000000
000000
000000
000000
000000
000000
000000
000000
000000
000000
000000
000000
000000
000000
000000
000000
000000
000000
000000
000000
000000
000000
000000
000000
000000
000000
000000
000000
000000
000000
000000
000000
000000
000000
000000
000000
000000
000000
000000
000000
000000
000000
000000
000000
000000
000000
000000
000000
000000
000000
000000
000000
000000
000000
000000
000000
000000
000000
000000
000000
000000
000000
000000
000000
000000
000000
000000
000000
000000
000000
000000
000000
000000
000000
000000
000000
000000
000000
000000
000000
000000
000000
000000
000000
000000
000000
000000
000000
000000
000000
000000
000000
000000
000000
000000
000000
000000
000000
000000
000000
000000
000000
000000
000000
000000
000000
000000
000000
000000
000000
000000
000000
000000
000000
000000
000000
000000
000000
000000
000000
000000
000000
000000
000000
000000
000000
000000
000000
000000
000000
000000
000000
000000
000000
000000
000000
000000
000000
000000
000000
000000
000000
000000
000000
000000
000000
000000
000000
000000
000000
000000
000000
000000
000000
000000
000000
000000
000000
000000
000000
000000
000000
000000
000000
000000
000000
000000
000000
000000
000000
000000
000000
000000
000000
000000
000000
000000
000000
000000
000000
000000
000000
000000
000000
000000
000000
000000
000000
000000
000000
000000
000000
000000
000000
000000
000000
000000
000000
000000
000000
000000
000000
000000
000000
000000
000000
000000
000000
000000
000000
000000
000000
000000
000000
000000
000000
FFFFF0
FFFFF0
FFFFF0
FFFFF0
FFFFF0
FFFFF0
FFFFF0
FFFFF0
FFFFF0
FFFFF0
FFFFF0
000000
000000
000000
000000
000000
000000
000000
000000
000000
000000
000010
000010
000010
000010
000010
000010
000010
000010
000010
000010
000010
000010
000010
000010
000010
000010
000010
000010
000010
000010
000010
000010
000010
000010
000010
000010
000010
000010
000010
000010
000010
000010
000010
000010
000010
000010
000010
000010
000010
000010
000010
000010
000010
000010
000010
000010
000010
000010
000010
000010
000010
000010
000000
000000
000000
000000
000000
000000
000000
FFFFF0
FFFFF0
FFFFF0
FFFFF0
FFFFF0
FFFFF0
FFFFF0
FFFFE0
FFFFE0
FFFFE0
FFFFE0
FFFFE0
FFFFE0
FFFFE0
FFFFE0
FFFFE0
FFFFE0
FFFFE0
FFFFE0
FFFFE0
FFFFE0
FFFFE0
FFFFE0
FFFFE0
FFFFE0
FFFFD0
FFFFD0
FFFFD0
FFFFD0
FFFFD0
FFFFD0
FFFFD0
FFFFC0
FFFFC0
FFFFC0
FFFFC0
FFFFC0
FFFFC0
FFFFB0
FFFFB0
FFFFB0
FFFFB0
FFFFB0
FFFFB0
FFFFB0
FFFFB0
FFFFB0
FFFFB0
FFFFA0
FFFFA0
FFFFA0
FFFFA0
FFFFA0
FFFFA0
FFFFA0
FFFFA0
FFFFA0
FFFFA0
FFFFA0
FFFFA0
FFFFA0
FFFFA0
FFFFA0
FFFFA0
FFFFB0
FFFFB0
FFFFB0
FFFFB0
FFFFB0
FFFFB0
FFFFB0
FFFFB0
FFFFB0
FFFFB0
FFFFB0
FFFFB0
FFFFB0
FFFFB0
FFFFB0
FFFFB0
FFFFA0
FFFFA0
FFFFA0
FFFFA0
FFFFA0
FFFFA0
FFFFA0
FFFFA0
FFFFA0
FFFFA0
FFFFA0
FFFFA0
FFFFA0
FFFFA0
FFFFA0
FFFFA0
FFFFB0
FFFFB0
FFFFB0
FFFFB0
FFFFB0
FFFFB0
FFFFB0
FFFFB0
FFFFB0
FFFFB0
FFFFC0
FFFFC0
FFFFC0
FFFFC0
FFFFC0
FFFFC0
FFFFD0
FFFFD0
FFFFD0
FFFFD0
FFFFD0
FFFFD0
FFFFE0
FFFFE0
FFFFE0
FFFFE0
FFFFE0
FFFFE0
FFFFF0
FFFFF0
FFFFF0
FFFFF0
FFFFF0
FFFFF0
FFFFF0
FFFFF0
000000
000000
000000
000000
000000
000000
000000
000000
000010
000010
000010
000010
000010
000010
000010
000010
000010
000020
000020
000020
000020
000020
000020
000020
000020
000020
000020
000020
000020
000020
000020
000020
000020
000020
000020
000020
000020
000030
000030
000030
000030
000030
000030
000030
000040
000040
000040
000040
000040
000040
000050
000050
000050
000050
000050
000050
000050
000050
000050
000050
000060
000060
000060
000060
000060
000060
000060
000060
000060
000060
000060
000060
000060
000060
000060
000060
000050
000050
000050
000050
000050
000050
000050
000050
000050
000050
000050
000050
000050
000050
000050
000050
000040
000040
000040
000040
000040
000040
000040
000040
000040
000040
000040
000040
000030
000030
000030
000030
000030
000030
000030
000030
000020
000020
000020
000020
000020
000020
000010
000010
000010
000010
000010
000010
000000
000000
000000
000000
000000
FFFFF0
FFFFF0
FFFFF0
FFFFF0
FFFFF0
FFFFF0
FFFFE0
FFFFE0
FFFFE0
FFFFE0
FFFFE0
FFFFD0
FFFFD0
FFFFD0
FFFFD0
FFFFD0
FFFFC0
FFFFC0
FFFFC0
FFFFC0
FFFFB0
FFFFB0
FFFFB0
FFFFB0
FFFFA0
FFFFA0
FFFFA0
FFFF90
FFFF90
FFFF90
FFFF80
FFFF80
FFFF80
FFFF80
FFFF70
FFFF70
FFFF70
FFFF70
FFFF60
FFFF60
FFFF60
FFFF60
FFFF60
FFFF50
FFFF50
FFFF50
FFFF50
FFFF50
FFFF50
FFFF40
FFFF40
FFFF40
FFFF40
FFFF40
FFFF40
FFFF30
FFFF30
FFFF30
FFFF30
FFFF30
FFFF30
FFFF30
FFFF30
FFFF30
FFFF20
FFFF20
FFFF20
FFFF20
FFFF20
FFFF20
FFFF20
FFFF20
FFFF20
FFFF20
FFFF20
FFFF20
FFFF20
FFFF20
FFFF20
FFFF20
FFFF20
FFFF20
FFFF20
FFFF20
FFFF20
FFFF20
FFFF30
FFFF30
FFFF30
FFFF30
FFFF30
FFFF30
FFFF30
FFFF30
FFFF40
FFFF40
FFFF40
FFFF40
FFFF40
FFFF40
FFFF50
FFFF50
FFFF50
FFFF50
FFFF60
FFFF60
FFFF60
FFFF70
FFFF70
FFFF70
FFFF80
FFFF80
FFFF80
FFFF90
FFFF90
FFFF90
FFFFA0
FFFFA0
FFFFA0
FFFFB0
FFFFB0
FFFFB0
FFFFC0
FFFFC0
FFFFD0
FFFFD0
FFFFD0
FFFFE0
FFFFE0
FFFFF0
FFFFF0
FFFFF0
000000
000000
000010
000010
000020
000020
000030
000030
000040
000040
000050
000050
000060
000060
000070
000070
000080
000080
000080
000090
000090
0000A0
0000A0
0000B0
0000B0
0000C0
0000C0
0000C0
0000D0
0000D0
0000E0
0000E0
0000E0
0000F0
0000F0
000100
000100
000100
000110
000110
000120
000120
000120
000130
000130
000130
000130
000140
000140
000140
000140
000140
000150
000150
000150
000150
000150
000150
000150
000150
000160
000160
000160
000160
000160
000160
000160
000160
000160
000160
000160
000160
000160
000160
000160
000160
000160
000160
000160
000150
000150
000150
000150
000150
000150
000140
000140
000140
000140
000130
000130
000130
000120
000120
000120
000110
000110
000110
000100
000100
0000F0
0000F0
0000E0
0000E0
0000D0
0000D0
0000C0
0000C0
0000B0
0000B0
0000A0
000090
000090
000080
000070
000070
000060
000060
000050
000040
000030
000030
000020
000010
000010
000000
FFFFF0
FFFFF0
FFFFE0
FFFFD0
FFFFC0
FFFFC0
FFFFB0
FFFFA0
FFFF90
FFFF90
FFFF80
FFFF70
FFFF60
FFFF60
FFFF50
FFFF40
FFFF30
FFFF20
FFFF20
FFFF10
FFFF00
FFFEF0
FFFEF0
FFFEE0
FFFED0
FFFEC0
FFFEB0
FFFEB0
FFFEA0
FFFE90
FFFE80
FFFE80
FFFE70
FFFE60
FFFE50
FFFE50
FFFE40
FFFE40
FFFE30
FFFE20
FFFE20
FFFE10
FFFE10
FFFE00
FFFE00
FFFDF0
FFFDF0
FFFDE0
FFFDE0
FFFDD0
FFFDD0
FFFDD0
FFFDC0
FFFDC0
FFFDC0
FFFDB0
FFFDB0
FFFDB0
FFFDB0
FFFDA0
FFFDA0
FFFDA0
FFFDA0
FFFDA0
FFFDA0
FFFDA0
FFFDA0
FFFD90
FFFD90
FFFD90
FFFD90
FFFD90
FFFD90
FFFDA0
FFFDA0
FFFDA0
FFFDA0
FFFDA0
FFFDA0
FFFDA0
FFFDB0
FFFDB0
FFFDB0
FFFDB0
FFFDC0
FFFDC0
FFFDC0
FFFDD0
FFFDD0
FFFDE0
FFFDE0
FFFDF0
FFFDF0
FFFE00
FFFE00
FFFE10
FFFE10
FFFE20
FFFE30
FFFE30
FFFE40
FFFE50
FFFE60
FFFE60
FFFE70
FFFE80
FFFE90
FFFEA0
FFFEA0
FFFEB0
FFFEC0
FFFED0
FFFEE0
FFFEF0
FFFF00
FFFF10
FFFF20
FFFF30
FFFF40
FFFF50
FFFF60
FFFF70
FFFF80
FFFF90
FFFFA0
FFFFB0
FFFFD0
FFFFE0
FFFFF0
000000
000010
000020
000030
000050
000060
000070
000080
0000A0
0000B0
0000C0
0000D0
0000F0
000100
000110
000120
000130
000140
000150
000170
000180
000190
0001A0
0001B0
0001C0
0001D0
0001E0
0001F0
000200
000210
000220
000230
000240
000250
000260
000270
000280
000280
000290
0002A0
0002B0
0002C0
0002C0
0002D0
0002E0
0002F0
0002F0
000300
000300
000310
000320
000320
000330
000330
000330
000340
000340
000350
000350
000350
000350
000360
000360
000360
000360
000370
000370
000370
000370
000370
000370
000370
000370
000370
000370
000370
000370
000360
000360
000360
000350
000350
000340
000340
000330
000330
000320
000310
000310
000300
0002F0
0002E0
0002D0
0002D0
0002C0
0002B0
0002A0
000290
000280
000270
000260
000250
000240
000230
000220
000210
000200
0001F0
0001D0
0001C0
0001B0
000190
000180
000170
000150
000140
000120
000110
0000F0
0000D0
0000C0
0000A0
000080
000070
000050
000030
000010
000000
FFFFE0
FFFFC0
FFFFA0
FFFF90
FFFF70
FFFF50
FFFF30
FFFF10
FFFF00
FFFEE0
FFFEC0
FFFEA0
FFFE80
FFFE70
FFFE50
FFFE30
FFFE20
FFFE00
FFFDE0
FFFDC0
FFFDB0
FFFD90
FFFD70
FFFD60
FFFD40
FFFD30
FFFD10
FFFCF0
FFFCE0
FFFCC0
FFFCB0
FFFC90
FFFC80
FFFC60
FFFC50
FFFC30
FFFC20
FFFC00
FFFBF0
FFFBE0
FFFBC0
FFFBB0
FFFBA0
FFFB80
FFFB70
FFFB60
FFFB50
FFFB40
FFFB30
FFFB20
FFFB10
FFFB10
FFFB00
FFFAF0
FFFAE0
FFFAE0
FFFAD0
FFFAD0
FFFAC0
FFFAC0
FFFAB0
FFFAB0
FFFAB0
FFFAA0
FFFAA0
FFFAA0
FFFAA0
FFFAA0
FFFAA0
FFFAA0
FFFAA0
FFFAA0
FFFAA0
FFFAA0
FFFAA0
FFFAB0
FFFAB0
FFFAC0
FFFAC0
FFFAD0
FFFAD0
FFFAE0
FFFAF0
FFFAF0
FFFB00
FFFB10
FFFB20
FFFB30
FFFB40
FFFB50
FFFB60
FFFB70
FFFB90
FFFBA0
FFFBB0
FFFBD0
FFFBE0
FFFC00
FFFC10
FFFC30
FFFC40
FFFC60
FFFC80
FFFCA0
FFFCB0
FFFCD0
FFFCF0
FFFD10
FFFD30
FFFD50
FFFD70
FFFD90
FFFDB0
FFFDD0
FFFE00
FFFE20
FFFE40
FFFE70
FFFE90
FFFEB0
FFFEE0
FFFF00
FFFF30
FFFF50
FFFF80
FFFFA0
FFFFD0
FFFFF0
000020
000040
000070
000090
0000C0
0000E0
000110
000130
000160
000180
0001B0
0001D0
000200
000220
000250
000280
0002A0
0002C0
0002F0
000310
000340
000360
000390
0003B0
0003E0
000400
000420
000450
000470
000490
0004B0
0004E0
000500
000520
000540
000560
000580
000590
0005B0
0005D0
0005F0
000610
000620
000640
000650
000670
000680
0006A0
0006B0
0006C0
0006D0
0006F0
000700
000710
000720
000730
000730
000740
000750
000760
000760
000770
000770
000770
000780
000780
000780
000780
000780
000780
000780
000780
000770
000770
000760
000760
000750
000750
000740
000730
000720
000710
000700
0006F0
0006E0
0006D0
0006B0
0006A0
000680
000670
000650
000630
000620
000600
0005E0
0005C0
0005A0
000580
000560
000530
000510
0004F0
0004C0
0004A0
000470
000450
000420
0003F0
0003D0
0003A0
000370
000340
000310
0002E0
0002B0
000280
000250
000220
0001E0
0001B0
000180
000150
000110
0000E0
0000A0
000070
000040
000000
FFFFD0
FFFFA0
FFFF60
FFFF30
FFFEF0
FFFEC0
FFFE80
FFFE50
FFFE10
FFFDE0
FFFDA0
FFFD70
FFFD30
FFFD00
FFFCD0
FFFC90
FFFC60
FFFC20
FFFBF0
FFFBC0
FFFB80
FFFB50
FFFB20
FFFAF0
FFFAB0
FFFA80
FFFA50
FFFA20
FFF9F0
FFF9C0
FFF990
FFF960
FFF930
FFF900
FFF8D0
FFF8B0
FFF880
FFF850
FFF830
FFF800
FFF7E0
FFF7B0
FFF790
FFF770
FFF750
FFF730
FFF710
FFF6F0
FFF6D0
FFF6B0
FFF6A0
FFF680
FFF670
FFF650
FFF640
FFF630
FFF620
FFF610
FFF600
FFF5F0
FFF5F0
FFF5E0
FFF5D0
FFF5D0
FFF5D0
FFF5C0
FFF5C0
FFF5C0
FFF5C0
FFF5C0
FFF5C0
FFF5C0
FFF5D0
FFF5D0
FFF5E0
FFF5E0
FFF5F0
FFF600
FFF610
FFF620
FFF630
FFF650
FFF660
FFF680
FFF690
FFF6B0
FFF6D0
FFF6F0
FFF710
FFF730
FFF760
FFF780
FFF7A0
FFF7D0
FFF800
FFF820
FFF850
FFF880
FFF8B0
FFF8E0
FFF910
FFF950
FFF980
FFF9B0
FFF9F0
FFFA20
FFFA60
FFFAA0
FFFAD0
FFFB10
FFFB50
FFFB90
FFFBD0
FFFC10
FFFC50
FFFC90
FFFCD0
FFFD20
FFFD60
FFFDA0
FFFDF0
FFFE30
FFFE80
FFFEC0
FFFF10
FFFF50
FFFFA0
FFFFE0
000030
000080
0000C0
000110
000160
0001B0
0001F0
000240
000290
0002E0
000320
000370
0003C0
000410
000450
0004A0
0004F0
000530
000580
0005C0
000610
000650
0006A0
0006E0
000730
000770
0007B0
000800
000840
000880
0008C0
000900
000940
000970
0009B0
0009F0
000A20
000A60
000A90
000AC0
000B00
000B30
000B60
000B90
000BC0
000BE0
000C10
000C30
000C60
000C80
000CA0
000CC0
000CE0
000D00
000D20
000D40
000D50
000D70
000D80
000D90
000DA0
000DB0
000DC0
000DC0
000DD0
000DD0
000DD0
000DD0
000DD0
000DD0
000DD0
000DC0
000DC0
000DB0
000DA0
000D90
000D80
000D70
000D50
000D30
000D20
000D00
000CE0
000CC0
000CA0
000C70
000C50
000C20
000BF0
000BC0
000B90
000B60
000B30
000AF0
000AC0
000A80
000A40
000A10
0009D0
000980
000940
000900
0008B0
000870
000820
0007D0
000790
000740
0006F0
000690
000640
0005F0
0005A0
000540
0004F0
000490
000440
0003E0
000380
000320
0002C0
000260
000200
0001A0
000140
0000E0
000080
000010
FFFFB0
FFFF50
FFFEF0
FFFE80
FFFE20
FFFDC0
FFFD60
FFFCF0
FFFC90
FFFC20
FFFBC0
FFFB60
FFFB00
FFFAA0
FFFA30
FFF9D0
FFF970
FFF910
FFF8B0
FFF850
FFF7F0
FFF790
FFF740
FFF6E0
FFF680
FFF620
FFF5D0
FFF570
FFF520
FFF4D0
FFF480
FFF420
FFF3D0
FFF380
FFF340
FFF2F0
FFF2A0
FFF260
FFF210
FFF1D0
FFF180
FFF140
FFF100
FFF0C0
FFF090
FFF050
FFF020
FFEFE0
FFEFB0
FFEF80
FFEF50
FFEF30
FFEF00
FFEEE0
FFEEC0
FFEE90
FFEE80
FFEE60
FFEE40
FFEE30
FFEE10
FFEE00
FFEE00
FFEDF0
FFEDE0
FFEDE0
FFEDE0
FFEDE0
FFEDE0
FFEDE0
FFEDE0
FFEDF0
FFEE00
FFEE10
FFEE20
FFEE30
FFEE50
FFEE70
FFEE90
FFEEB0
FFEED0
FFEEF0
FFEF20
FFEF50
FFEF80
FFEFB0
FFEFF0
FFF020
FFF060
FFF0A0
FFF0E0
FFF120
FFF160
FFF1B0
FFF1F0
FFF240
FFF290
FFF2E0
FFF330
FFF390
FFF3E0
FFF440
FFF4A0
FFF4F0
FFF560
FFF5C0
FFF620
FFF680
FFF6F0
FFF750
FFF7C0
FFF830
FFF8A0
FFF910
FFF980
FFF9F0
FFFA70
FFFAE0
FFFB60
FFFBE0
FFFC50
FFFCD0
FFFD50
FFFDD0
FFFE50
FFFED0
FFFF50
FFFFD0
000050
0000D0
000150
0001D0
000250
0002D0
000360
0003E0
000460
0004E0
000560
0005F0
000670
0006F0
000770
0007E0
000860
0008E0
000960
0009E0
000A50
000AD0
000B40
000BC0
000C30
000CB0
000D20
000D90
000E00
000E70
000ED0
000F40
000FB0
001010
001070
0010D0
001130
001190
0011F0
001250
0012A0
001300
001350
0013A0
0013F0
001430
001480
0014C0
001500
001540
001570
0015B0
0015E0
001610
001640
001660
001690
0016B0
0016D0
0016F0
001700
001720
001730
001740
001740
001750
001750
001750
001750
001740
001730
001730
001710
001700
0016F0
0016D0
0016B0
001680
001660
001630
001600
0015D0
0015A0
001560
001520
0014E0
0014A0
001450
001410
0013C0
001370
001310
0012C0
001260
001200
0011A0
001140
0010D0
001060
000FF0
000F80
000F10
000EA0
000E20
000DA0
000D20
000CA0
000C20
000B90
000B10
000A80
0009F0
000960
0008D0
000840
0007B0
000710
000680
0005E0
000540
0004A0
000400
000360
0002C0
000220
000170
0000D0
000030
FFFF90
FFFEE0
FFFE40
FFFDA0
FFFCF0
FFFC50
FFFBA0
FFFB00
FFFA50
FFF9B0
FFF900
FFF860
FFF7C0
FFF710
FFF670
FFF5D0
FFF530
FFF490
FFF3F0
FFF350
FFF2B0
FFF210
FFF170
FFF0E0
FFF040
FFEFB0
FFEF10
FFEE80
FFEDF0
FFED70
FFECE0
FFEC60
FFEBD0
FFEB50
FFEAD0
FFEA50
FFE9E0
FFE960
FFE8F0
FFE880
FFE810
FFE7A0
FFE740
FFE6E0
FFE680
FFE620
FFE5C0
FFE570
FFE520
FFE4D0
FFE490
FFE450
FFE410
FFE3D0
FFE390
FFE360
FFE330
FFE300
FFE2E0
FFE2B0
FFE290
FFE280
FFE260
FFE250
FFE240
FFE240
FFE240
FFE240
FFE240
FFE240
FFE250
FFE260
FFE280
FFE290
FFE2B0
FFE2E0
FFE300
FFE330
FFE360
FFE3A0
FFE3E0
FFE420
FFE460
FFE4B0
FFE500
FFE550
FFE5B0
FFE600
FFE670
FFE6D0
FFE740
FFE7B0
FFE820
FFE890
FFE910
FFE990
FFEA10
FFEA90
FFEB20
FFEBA0
FFEC30
FFECD0
FFED60
FFEE00
FFEEA0
FFEF40
FFEFF0
FFF090
FFF140
FFF1F0
FFF2A0
FFF350
FFF400
FFF4C0
FFF570
FFF630
FFF6F0
FFF7B0
FFF880
FFF940
FFFA10
FFFAE0
FFFBA0
FFFC70
FFFD40
FFFE10
FFFEE0
FFFFB0
000080
000150
000220
000300
0003D0
0004A0
000570
000650
000720
000800
0008D0
0009A0
000A70
000B40
000C10
000CE0
000DB0
000E70
000F40
001000
0010D0
001190
001250
001310
0013E0
001490
001550
001600
0016C0
001770
001820
0018C0
001970
001A10
001AB0
001B50
001BE0
001C80
001D10
001DA0
001E20
001EB0
001F30
001FB0
002020
002090
002100
002170
0021D0
002230
002290
0022E0
002330
002380
0023C0
002410
002440
002480
0024B0
0024E0
002500
002520
002540
002550
002560
002570
002570
002570
002560
002550
002540
002520
002510
0024E0
0024C0
002490
002450
002410
0023D0
002390
002340
0022F0
002290
002230
0021D0
002160
0020F0
002080
002000
001F80
001F00
001E70
001DE0
001D50
001CB0
001C10
001B70
001AD0
001A20
001970
0018B0
001800
001740
001670
0015B0
0014E0
001410
001340
001260
001190
0010B0
000FD0
000EF0
000E00
000D10
000C30
000B40
000A40
000950
000850
000760
000660
000560
000460
000360
000260
000160
000050
FFFF50
FFFE50
FFFD40
FFFC40
FFFB40
FFFA30
FFF920
FFF820
FFF710
FFF610
FFF500
FFF400
FFF300
FFF1F0
FFF0F0
FFF000
FFEF00
FFEE00
FFED10
FFEC10
FFEB20
FFEA30
FFE930
FFE840
FFE760
FFE670
FFE590
FFE4A0
FFE3D0
FFE2F0
FFE210
FFE140
FFE070
FFDFB0
FFDEE0
FFDE20
FFDD60
FFDCB0
FFDBF0
FFDB40
FFDA90
FFD9E0
FFD940
FFD8B0
FFD810
FFD780
FFD700
FFD680
FFD600
FFD580
FFD510
FFD4B0
FFD450
FFD3F0
FFD390
FFD340
FFD300
FFD2B0
FFD280
FFD240
FFD220
FFD1F0
FFD1D0
FFD1B0
FFD1A0
FFD1A0
FFD190
FFD190
FFD1A0
FFD1B0
FFD1C0
FFD1E0
FFD210
FFD230
FFD270
FFD2A0
FFD2E0
FFD330
FFD380
FFD3E0
FFD440
FFD4A0
FFD510
FFD580
FFD600
FFD680
FFD710
FFD7A0
FFD840
FFD8E0
FFD980
FFDA30
FFDAE0
FFDBA0
FFDC60
FFDD20
FFDDE0
FFDEB0
FFDF90
FFE070
FFE150
FFE230
FFE320
FFE420
FFE510
FFE610
FFE710
FFE820
FFE930
FFEA30
FFEB50
FFEC60
FFED80
FFEE90
FFEFC0
FFF0E0
FFF200
FFF330
FFF460
FFF5A0
FFF6D0
FFF810
FFF950
FFFA80
FFFBC0
FFFD00
FFFE40
FFFF80
0000C0
000210
000350
000490
0005E0
000720
000870
0009C0
000B00
000C50
000D90
000EE0
001020
001160
0012A0
0013E0
001520
001650
001790
0018C0
0019F0
001B20
001C50
001D80
001EA0
001FD0
0020F0
002200
002320
002430
002530
002640
002740
002830
002930
002A20
002B00
002BF0
002CD0
002DA0
002E80
002F50
003010
0030D0
003190
003240
0032E0
003380
003420
0034B0
003540
0035C0
003640
0036B0
003720
003780
0037E0
003830
003880
0038C0
003900
003930
003950
003970
003990
0039A0
0039A0
0039A0
003990
003970
003960
003930
003900
0038C0
003880
003830
0037E0
003780
003720
0036B0
003640
0035B0
003530
0034A0
003400
003360
0032B0
0031F0
003140
003070
002FA0
002ED0
002DF0
002D10
002C20
002B30
002A30
002930
002820
002710
002600
0024E0
0023B0
002280
002150
002010
001ED0
001D90
001C40
001AF0
0019A0
001840
0016E0
001580
001420
0012B0
001140
000FD0
000E50
000CD0
000B50
0009D0
000840
0006C0
000530
0003A0
000220
000090
FFFF00
FFFD70
FFFBE0
FFFA50
FFF8C0
FFF730
FFF590
FFF400
FFF260
FFF0D0
FFEF40
FFEDB0
FFEC20
FFEA90
FFE910
FFE790
FFE600
FFE480
FFE310
FFE190
FFE020
FFDEA0
FFDD30
FFDBC0
FFDA60
FFD8F0
FFD790
FFD640
FFD4F0
FFD3A0
FFD250
FFD120
FFCFE0
FFCEB0
FFCD80
FFCC60
FFCB40
FFCA20
FFC910
FFC800
FFC700
FFC600
FFC510
FFC420
FFC340
FFC270
FFC1A0
FFC0D0
FFC020
FFBF60
FFBEC0
FFBE20
FFBD80
FFBD00
FFBC70
FFBC00
FFBB80
FFBB20
FFBAC0
FFBA70
FFBA30
FFB9F0
FFB9C0
FFB9A0
FFB980
FFB970
FFB970
FFB970
FFB980
FFB9A0
FFB9C0
FFBA00
FFBA30
FFBA80
FFBAD0
FFBB30
FFBB90
FFBC10
FFBC90
FFBD10
FFBDA0
FFBE40
FFBEF0
FFBFA0
FFC060
FFC130
FFC200
FFC2E0
FFC3D0
FFC4C0
FFC5C0
FFC6C0
FFC7D0
FFC8F0
FFCA10
FFCB40
FFCC70
FFCDB0
FFCEF0
FFD040
FFD190
FFD2F0
FFD460
FFD5D0
FFD750
FFD8D0
FFDA50
FFDBE0
FFDD80
FFDF10
FFE0B0
FFE250
FFE400
FFE5B0
FFE770
FFE920
FFEAF0
FFECB0
FFEE80
FFF050
FFF230
FFF410
FFF5E0
FFF7C0
FFF9A0
FFFB80
FFFD70
FFFF50
000130
000320
000500
0006F0
0008E0
000AC0
000CB0
000EA0
0010A0
001280
001470
001660
001840
001A20
001C00
001DE0
001FB0
002190
002360
002530
0026F0
0028C0
002A80
002C40
002E00
002FB0
003160
003310
0034B0
003640
0037D0
003960
003AE0
003C50
003DC0
003F30
004090
0041E0
004330
004480
0045C0
0046F0
004820
004940
004A50
004B60
004C60
004D50
004E30
004F10
004FE0
0050A0
005160
005210
0052B0
005340
0053D0
005450
0054C0
005520
005570
0055C0
0055F0
005620
005640
005660
005660
005650
005640
005620
0055F0
0055B0
005570
005510
0054B0
005440
0053C0
005330
005290
0051F0
005140
005070
004FA0
004ED0
004DE0
004CE0
004BE0
004AD0
0049B0
004880
004750
004610
0044C0
004370
004210
0040A0
003F20
003DA0
003C10
003A80
0038D0
003720
003570
0033B0
0031E0
003000
002E20
002C40
002A50
002860
002660
002460
002250
002040
001E20
001C00
0019E0
0017B0
001570
001330
0010F0
000EA0
000C60
000A10
0007C0
000570
000320
0000D0
FFFE80
FFFC30
FFF9D0
FFF770
FFF520
FFF2C0
FFF060
FFEE00
FFEBA0
FFE940
FFE6E0
FFE490
FFE240
FFDFF0
FFDDA0
FFDB60
FFD920
FFD6E0
FFD4A0
FFD270
FFD040
FFCE10
FFCBE0
FFC9C0
FFC790
FFC580
FFC370
FFC160
FFBF70
FFBD70
FFBB90
FFB9B0
FFB7D0
FFB610
FFB440
FFB290
FFB0E0
FFAF30
FFADA0
FFAC00
FFAA80
FFA900
FFA790
FFA630
FFA4E0
FFA3A0
FFA260
FFA140
FFA020
FF9F20
FF9E20
FF9D30
FF9C50
FF9B80
FF9AB0
FF9A00
FF9950
FF98C0
FF9830
FF97C0
FF9750
FF9700
FF96B0
FF9680
FF9650
FF9640
FF9630
FF9640
FF9650
FF9680
FF96C0
FF9700
FF9760
FF97C0
FF9840
FF98D0
FF9970
FF9A10
FF9AD0
FF9BA0
FF9C80
FF9D60
FF9E60
FF9F70
FFA090
FFA1C0
FFA300
FFA450
FFA5A0
FFA710
FFA890
FFAA10
FFABB0
FFAD50
FFAF00
FFB0C0
FFB290
FFB460
FFB650
FFB840
FFBA40
FFBC60
FFBE70
FFC0A0
FFC2E0
FFC520
FFC770
FFC9C0
FFCC20
FFCE80
FFD0F0
FFD370
FFD5F0
FFD870
FFDB10
FFDDA0
FFE050
FFE2F0
FFE5B0
FFE870
FFEB30
FFEE00
FFF0D0
FFF3A0
FFF670
FFF940
FFFC10
FFFEF0
0001C0
0004A0
000780
000A60
000D50
001030
001310
001600
0018F0
001BD0
001EC0
0021A0
002470
002740
002A10
002CE0
002FB0
003270
003520
0037E0
003A90
003D40
003FF0
004290
004530
0047C0
004A50
004CD0
004F40
0051A0
0053F0
005640
005880
005AC0
005CE0
005F00
006110
006320
006510
006700
0068F0
006AC0
006C80
006E30
006FD0
007160
0072D0
007440
0075A0
0076F0
007820
007950
007A60
007B70
007C60
007D40
007E20
007EE0
007F80
008020
0080A0
008110
008170
0081B0
0081E0
008200
008210
008210
0081F0
0081C0
008170
008120
0080B0
008030
007FA0
007EF0
007E30
007D60
007C80
007B80
007A70
007950
007820
0076D0
007580
007400
007280
0070E0
006F40
006D80
006BB0
0069D0
0067D0
0065D0
0063C0
0061A0
005F60
005D20
005AC0
005860
0055E0
005360
0050C0
004E10
004B50
004880
0045B0
0042D0
003FF0
003CF0
0039F0
0036F0
0033D0
0030B0
002D80
002A50
002710
0023C0
002060
001D00
001990
001620
0012B0
000F30
000BB0
000840
0004C0
000130
FFFDB0
FFFA30
FFF6A0
FFF310
FFEF80
FFEBE0
FFE850
FFE4B0
FFE120
FFDD80
FFD9F0
FFD660
FFD2E0
FFCF60
FFCBE0
FFC870
FFC500
FFC190
FFBE30
FFBAD0
FFB780
FFB430
FFB0E0
FFADA0
FFAA50
FFA720
FFA400
FFA0F0
FF9DE0
FF9AF0
FF9800
FF9520
FF9250
FF8F90
FF8CE0
FF8A40
FF87B0
FF8520
FF82B0
FF8040
FF7DF0
FF7BA0
FF7970
FF7750
FF7550
FF7360
FF7180
FF6FC0
FF6E10
FF6C70
FF6AE0
FF6970
FF6810
FF66D0
FF6590
FF6470
FF6370
FF6280
FF61A0
FF60E0
FF6040
FF5FB0
FF5F30
FF5EE0
FF5E90
FF5E70
FF5E60
FF5E60
FF5E80
FF5EB0
FF5F00
FF5F70
FF5FF0
FF6090
FF6140
FF6210
FF62F0
FF63F0
FF6510
FF6640
FF6790
FF68F0
FF6A70
FF6C00
FF6DB0
FF6F80
FF7160
FF7350
FF7570
FF7790
FF79D0
FF7C20
FF7E90
FF8110
FF83A0
FF8650
FF8900
FF8BE0
FF8EC0
FF91C0
FF94D0
FF9800
FF9B40
FF9E90
FFA1F0
FFA570
FFA8F0
FFAC80
FFB020
FFB3D0
FFB790
FFBB50
FFBF30
FFC310
FFC710
FFCB10
FFCF20
FFD340
FFD770
FFDBA0
FFDFF0
FFE440
FFE890
FFECE0
FFF140
FFF590
FFFA00
FFFE60
0002D0
000730
000BB0
001020
0014A0
001920
001DA0
002220
0026B0
002B30
002FB0
003420
003890
003D00
004160
0045B0
004A00
004E50
005290
0056D0
005B00
005F30
006360
006780
006B90
006FA0
007390
007770
007B50
007F10
0082C0
008650
0089E0
008D60
0090C0
009420
009760
009A90
009DB0
00A0D0
00A3C0
00A6B0
00A970
00AC20
00AEC0
00B140
00B3A0
00B5E0
00B810
00BA20
00BC20
00BE00
00BFC0
00C160
00C2F0
00C470
00C5C0
00C700
00C820
00C920
00C9F0
00CAB0
00CB50
00CBD0
00CC30
00CC70
00CC90
00CC90
00CC80
00CC40
00CBE0
00CB60
00CAD0
00CA10
00C930
00C840
00C720
00C5E0
00C490
00C310
00C170
00BFC0
00BDE0
00BBE0
00B9D0
00B790
00B530
00B2C0
00B020
00AD70
00AAA0
00A7B0
00A4B0
00A180
009E50
009AF0
009780
0093F0
009040
008C70
008890
008490
008080
007C50
007800
007390
006F20
006AA0
006600
006150
005C90
0057C0
0052E0
004DE0
0048D0
0043C0
003E90
003950
0033F0
002E90
002910
002390
001E10
001880
0012F0
000D60
0007C0
000220
FFFC70
FFF6C0
FFF110
FFEB50
FFE590
FFDFD0
FFDA00
FFD430
FFCE50
FFC880
FFC2C0
FFBD00
FFB740
FFB190
FFABF0
FFA650
FFA0C0
FF9B30
FF95A0
FF9020
FF8AB0
FF8540
FF7FE0
FF7A80
FF7520
FF6FE0
FF6AC0
FF65A0
FF60B0
FF5BC0
FF56F0
FF5230
FF4D90
FF4900
FF4480
FF4020
FF3BD0
FF3790
FF3370
FF2F60
FF2B70
FF2790
FF23E0
FF2050
FF1CE0
FF1990
FF1660
FF1360
FF1070
FF0DB0
FF0B00
FF0880
FF0620
FF03E0
FF01C0
FEFFC0
FEFDF0
FEFC40
FEFAB0
FEF950
FEF810
FEF700
FEF620
FEF560
FEF4D0
FEF460
FEF410
FEF400
FEF400
FEF440
FEF4A0
FEF520
FEF5D0
FEF6B0
FEF7B0
FEF8E0
FEFA30
FEFBB0
FEFD60
FEFF40
FF0140
FF0360
FF05C0
FF0840
FF0AE0
FF0DC0
FF10C0
FF13E0
FF1740
FF1AB0
FF1E50
FF2210
FF2600
FF2A10
FF2E40
FF3290
FF3710
FF3BB0
FF4080
FF4570
FF4A80
FF4FB0
FF5510
FF5A90
FF6030
FF65F0
FF6BD0
FF71C0
FF77D0
FF7E00
FF8440
FF8AA0
FF9120
FF97B0
FF9E60
FFA520
FFAC00
FFB300
FFBA20
FFC150
FFC890
FFCFF0
FFD750
FFDEB0
FFE630
FFEDB0
FFF530
FFFCC0
000460
000C00
0013B0
001B70
002330
002B00
0032E0
003AC0
0042B0
004A90
005270
005A40
006210
0069D0
007180
007940
0080E0
008880
009010
0097A0
009F30
00A6A0
00AE20
00B580
00BCF0
00C430
00CB60
00D270
00D960
00E040
00E6F0
00EDA0
00F420
00FA90
0100E0
010710
010D20
011320
011900
011EC0
012470
0129F0
012F40
013460
013950
013E20
0142C0
014730
014B70
014F90
015370
015730
015AC0
015E30
016160
016470
016750
0169F0
016C60
016EA0
0170A0
017260
0173F0
017550
017670
017750
017800
017870
0178B0
0178C0
017890
017820
017780
0176A0
017580
017430
0172A0
0170C0
016EC0
016C70
0169E0
016720
016420
0160E0
015D70
0159B0
0155C0
015190
014D20
014880
0143A0
013E90
013940
0133B0
012DF0
012800
0121D0
011B70
0114D0
010DF0
0106E0
00FFA0
00F820
00F070
00E880
00E060
00D810
00CFA0
00C700
00BE30
00B540
00AC10
00A2C0
009950
008FA0
0085D0
007BD0
0071A0
006740
005CC0
005210
004740
003C60
003170
002660
001B40
001000
0004B0
FFF940
FFEDB0
FFE220
FFD670
FFCAA0
FFBEC0
FFB2C0
FFA6B0
FF9A90
FF8E60
FF8240
FF7620
FF6A00
FF5DE0
FF51C0
FF45A0
FF3980
FF2D70
FF2150
FF1540
FF0920
FEFD10
FEF100
FEE4F0
FED8E0
FECCF0
FEC120
FEB560
FEA9D0
FE9E50
FE9300
FE87C0
FE7CA0
FE71A0
FE66B0
FE5BF0
FE5140
FE46C0
FE3C50
FE3200
FE27D0
FE1DD0
FE1410
FE0A90
FE0140
FDF830
FDEF50
FDE6A0
FDDE30
FDD600
FDCE00
FDC640
FDBEB0
FDB760
FDB040
FDA960
FDA2B0
FD9C50
FD9650
FD9090
FD8B20
FD85F0
FD8120
FD7CA0
FD7870
FD7480
FD70F0
FD6DA0
FD6AB0
FD6800
FD65A0
FD6390
FD61D0
FD6070
FD5F60
FD5EC0
FD5E70
FD5E80
FD5EF0
FD5FC0
FD60E0
FD6260
FD6440
FD6680
FD6920
FD6C20
FD6F70
FD7320
FD7730
FD7BA0
FD8070
FD85A0
FD8B40
FD9130
FD9790
FD9E40
FDA560
FDACE0
FDB4B0
FDBCF0
FDC5A0
FDCEA0
FDD800
FDE1C0
FDEBF0
FDF670
FE0150
FE0C80
FE1810
FE2400
FE3050
FE3CF0
FE49F0
FE5740
FE6500
FE7310
FE8170
FE9040
FE9F60
FEAED0
FEBEB0
FECED0
FEDF30
FEEFE0
FF00E0
FF1230
FF23C0
FF3590
FF47B0
FF5A20
FF6CE0
FF7FE0
FF9320
FFA6B0
FFBA90
FFCEB0
FFE320
FFF7C0
000C90
002190
0036C0
004C20
0061B0
007770
008D60
00A380
00B9D0
00D050
00E700
00FDD0
0114E0
012C20
014390
015B10
0172A0
018A30
01A1E0
01B9A0
01D170
01E950
020140
021940
023140
024960
026190
0279D0
029220
02AA80
02C2F0
02DB50
02F390
030BD0
0323F0
033C10
035410
036C00
0383E0
039BB0
03B360
03CB10
03E2A0
03FA20
0411A0
042900
044040
045760
046E50
048500
049B80
04B1E0
04C800
04DDE0
04F3A0
050930
051E80
0533A0
054890
055D50
0571E0
058640
059A60
05AE40
05C1D0
05D510
05E810
05FAC0
060D20
061F30
0630F0
064270
0653A0
066490
067520
068570
069570
06A520
06B490
06C3A0
06D250
06E0A0
06EE90
06FC30
070960
071640
0722D0
072EF0
073AC0
074620
075130
075BF0
076640
077040
0779D0
078310
078BF0
079460
079C70
07A420
07AB70
07B260
07B8F0
07BF10
07C4E0
07CA40
07CF40
07D3E0
07D820
07DBF0
07DF70
07E280
07E540
07E7B0
07E9B0
07EB60
07ECB0
07EDA0
07EE30
07EE70
07EE40
07EDC0
07ECF0
07EBB0
07EA20
07E830
07E5E0
07E350
07E060
07DD40
07D9C0
07D600
07D1F0
07CDA0
07C8F0
07C410
07BED0
07B950
07B380
07AD60
07A700
07A050
079960
079230
078AD0
078340
077B90
0773A0
076B70
076320
075AA0
0751F0
074900
073FF0
0736A0
072D20
072370
0719A0
070F90
070560
06FB30
06F0F0
06E690
06DC20
06D1A0
06C710
06BC70
06B1B0
06A6F0
069C10
069120
068620
067B10
066FF0
0664B0
065980
064E60
064350
063850
062D50
062260
061770
060CA0
0601D0
05F700
05EC50
05E1A0
05D700
05CC70
05C1E0
05B770
05AD10
05A2E0
0598E0
058F00
058550
057BC0
057250
056910
056000
055710
054E40
0545A0
053D30
0534E0
052CB0
0524B0
051CE0
051560
050E00
0506F0
050010
04F970
04F300
04ECD0
04E6E0
04E120
04DBA0
04D650
04D150
04CC70
04C7E0
04C380
04BF60
04BB90
04B800
04B4B0
04B1A0
04AEE0
04AC50
04AA10
04A820
04A660
04A4F0
04A3C0
04A2D0
04A220
04A1C0
04A190
04A1B0
04A210
04A2B0
04A380
04A4A0
04A600
04A790
04A970
04AB80
04ADE0
04B070
04B350
04B660
04B9C0
04BD50
04C120
04C530
04C960
04CDD0
04D260
04D730
04DC30
04E160
04E6C0
04EC50
04F210
04F810
04FE30
050480
050B10
0511D0
0518B0
051FC0
0526D0
052E10
053550
053CC0
054430
054BD0
055370
055B30
056310
056B00
057310
057B30
058370
058BC0
059430
059C90
05A4F0
05AD40
05B590
05BDE0
05C620
05CE50
05D690
05DEB0
05E6E0
05EF00
05F710
05FF20
060730
060F30
061720
061F00
0626A0
062E20
063580
063CB0
0643C0
064AA0
065150
0657E0
065E50
066490
066AA0
067090
067650
067BF0
068170
0686A0
068B80
069020
069480
0698A0
069C70
069FF0
06A330
06A630
06A8F0
06AB60
06AD80
06AF70
06B110
06B260
06B370
06B420
06B480
06B480
06B410
06B360
06B240
06B0C0
06AEF0
06ACC0
06AA30
06A750
06A410
06A060
069C60
069810
069350
068E30
0688B0
0682C0
067C60
0675A0
066E80
0666F0
065EF0
065690
064DC0
064490
063B00
063100
062690
061BC0
061080
0604E0
05F8E0
05EC70
05DFA0
05D270
05C4D0
05B6D0
05A870
0599A0
058A70
057AE0
056AE0
055A80
0549B0
053890
0526F0
051510
0502D0
04F040
04DD60
04CA20
04B690
04A2B0
048E80
0479F0
046510
044FD0
043A40
042460
040E30
03F7A0
03E0D0
03C9B0
03B260
039AE0
038330
036B40
035320
033AC0
032230
030970
02F070
02D740
02BDD0
02A430
028A60
027050
025610
023BC0
022160
0206F0
01EC70
01D1E0
01B740
019C90
0181E0
016710
014C30
013150
011650
00FB50
00E030
00C510
00A9D0
008EC0
0073C0
0058E0
003E30
002390
000900
FFEEA0
FFD460
FFBA30
FFA030
FF8640
FF6C70
FF52C0
FF3930
FF1FC0
FF0660
FEED60
FED4A0
FEBC20
FEA400
FE8C20
FE7480
FE5D40
FE4640
FE2F80
FE1920
FE0300
FDED30
FDD7A0
FDC260
FDAD70
FD98C0
FD8490
FD70C0
FD5D70
FD4A90
FD3820
FD2630
FD14A0
FD0380
FCF2E0
FCE2B0
FCD2F0
FCC3A0
FCB4C0
FCA650
FC9850
FC8AD0
FC7DD0
FC7160
FC6580
FC5A30
FC4F70
FC4540
FC3BA0
FC3280
FC2A00
FC2200
FC1A90
FC13B0
FC0D60
FC07A0
FC0260
FBFDC0
FBF9B0
FBF640
FBF370
FBF130
FBEF90
FBEE90
FBEE20
FBEE60
FBEF30
FBF090
FBF2A0
FBF540
FBF880
FBFC50
FC00C0
FC05D0
FC0B80
FC11C0
FC1890
FC2000
FC2810
FC30B0
FC39E0
FC43B0
FC4E10
FC5910
FC64B0
FC70E0
FC7DA0
FC8B00
FC98F0
FCA780
FCB690
FCC620
FCD640
FCE6D0
FCF7F0
FD0990
FD1BB0
FD2E60
FD4180
FD5530
FD6960
FD7E10
FD9350
FDA910
FDBF40
FDD610
FDED30
FE04B0
FE1C90
FE34D0
FE4D60
FE6660
FE7FC0
FE9980
FEB3A0
FECE20
FEE8F0
FF0430
FF1FD0
FF3BD0
FF5820
FF74E0
FF91C0
FFAEE0
FFCC30
FFE9B0
000750
002530
004340
006180
007FF0
009E90
00BD60
00DC60
00FB90
011AF0
013A80
015A50
017A10
0199C0
01B980
01D930
01F8E0
021890
023830
0257D0
027770
029710
02B6B0
02D640
02F5D0
031560
0334E0
035470
0373B0
0392D0
03B1B0
03D050
03EEC0
040CF0
042AF0
0448C0
046640
0483A0
04A0C0
04BDA0
04DA50
04F6D0
051310
052F10
054AB0
0565F0
0580D0
059B40
05B540
05CEF0
05E830
060100
061970
063180
064930
066070
067750
068DC0
06A3D0
06B980
06CEA0
06E340
06F750
070AE0
071DE0
073060
074250
0753C0
0764B0
077510
0784E0
079430
07A2F0
07B130
07BEF0
07CC20
07D8C0
07E4B0
07F020
07FAF0
080520
080EC0
0817C0
082020
0827F0
082F30
0835C0
083BD0
084130
084600
084A40
084DE0
0850E0
085350
085530
085670
085710
085720
0856A0
085570
0853C0
085170
084E80
084B00
0846E0
084230
083CE0
083700
083090
0829A0
082230
081A30
0811B0
0808B0
07FF20
07F510
07EA70
07DF50
07D3B0
07C790
07BAE0
07ADA0
079FF0
0791A0
078300
077400
076490
0754C0
074490
0733F0
072300
0711A0
06FFE0
06EDB0
06DB30
06C840
06B4F0
06A130
068D20
0678A0
0663F0
064F10
0639F0
0624A0
060F10
05F960
05E370
05CD40
05B6E0
05A050
058990
057290
055B60
054400
052C60
051490
04FCC0
04E4F0
04CD10
04B540
049D60
048590
046DB0
0455D0
043DF0
042610
040E30
03F650
03DE60
03C680
03AE90
0396B0
037EF0
036770
035020
033900
032210
030B50
02F4D0
02DE80
02C850
02B260
029CB0
028720
0271C0
025CA0
0247B0
0232F0
021E90
020A90
01F6F0
01E3A0
01D0C0
01BE30
01AC10
019A40
0188E0
0177D0
016720
0156D0
0146E0
013750
012820
011950
010B00
00FD30
00EFD0
00E300
00D6B0
00CAE0
00BF80
00B4B0
00AA60
00A090
009740
008E60
008610
007E40
0076F0
007010
0069D0
006420
005EF0
005A60
005660
0052E0
005000
004DA0
004BD0
004AA0
0049F0
0049D0
004A50
004B50
004CE0
004F00
0051B0
0054F0
0058C0
005D10
006200
006770
006D80
007410
007B30
0082E0
008B10
0093E0
009D40
00A720
00B190
00BCA0
00C810
00D410
00E070
00ED60
00FAC0
010890
0116E0
0125B0
0134F0
0144B0
0154E0
016590
0176B0
018850
019A70
01AD00
01BFE0
01D310
01E6A0
01FA90
020EC0
022350
023830
024D70
0262F0
0278D0
028F10
02A5A0
02BC80
02D3B0
02EB40
030310
031B20
033340
034B90
036400
037C90
039540
03AE20
03C720
03E040
03F980
0412F0
042C80
044630
046000
047A00
049420
04AE30
04C820
04E210
04FBE0
0515A0
052F60
054900
056280
057C00
059570
05AEC0
05C810
05E140
05FA60
061370
062C70
064520
065D90
0675B0
068D90
06A520
06BC70
06D370
06EA20
070090
0716C0
072CA0
074230
075780
076C80
078140
0795B0
07A9B0
07BD30
07D040
07E2D0
07F4F0
080690
0817C0
082870
0838B0
084870
0857C0
0866A0
0874F0
0882E0
089050
089D40
08A9A0
08B560
08C080
08CB10
08D500
08DE50
08E700
08EF20
08F6A0
08FD90
0903D0
090980
090EA0
091310
0916F0
091A30
091CC0
091EB0
091FE0
092060
092040
091F70
091DE0
091BB0
0918D0
091540
091100
090C10
090680
090030
08F930
08F190
08E930
08E030
08D670
08CC10
08C100
08B530
08A8C0
089BA0
088DD0
087F50
087020
086030
084FA0
083E60
082C70
0819E0
0806A0
07F2C0
07DE50
07C940
07B390
079D40
078650
076ED0
0756A0
073DE0
072480
070A80
06EFF0
06D4B0
06B8E0
069C70
067F80
066220
064440
0625F0
060720
05E7D0
05C800
05A7D0
058710
0565E0
054430
052210
04FF70
04DC50
04B8C0
0494B0
047060
044BC0
0426D0
0401A0
03DC20
03B650
039040
0369F0
034340
031C50
02F520
02CDA0
02A5D0
027DC0
025560
022CB0
020400
01DB30
01B250
018960
016060
013740
010E20
00E4E0
00BBA0
009240
0068D0
003F50
0015C0
FFEC10
FFC260
FF9890
FF6EF0
FF4580
FF1C20
FEF300
FECA00
FEA120
FE7870
FE4FE0
FE2780
FDFF40
FDD730
FDAF40
FD8780
FD5FE0
FD3860
FD1120
FCEA30
FCC390
FC9D60
FC7780
FC5210
FC2CF0
FC0830
FBE3D0
FBBFC0
FB9C20
FB78D0
FB55E0
FB3350
FB1120
FAEF50
FACDD0
FAACE0
FA8C80
FA6CA0
FA4D50
FA2E80
FA1040
F9F280
F9D550
F9B8B0
F99C90
F98100
F965F0
F94B70
F93170
F91800
F8FF10
F8E6D0
F8CF30
F8B840
F8A1F0
F88C50
F87740
F862F0
F84F30
F83C30
F829C0
F81800
F806E0
F7F670
F7E6A0
F7D780
F7C900
F7BB30
F7AE10
F7A1B0
F79600
F78AF0
F780A0
F77700
F76E10
F765E0
F75E50
F75780
F75160
F74BF0
F74730
F74320
F73FD0
F73D20
F73B20
F739D0
F73930
F73930
F739E0
F73B40
F73D50
F74010
F74370
F74790
F74C50
F751C0
F757D0
F75EA0
F76610
F76E20
F776C0
F77FF0
F789C0
F79430
F79F20
F7AAB0
F7B6E0
F7C3A0
F7D0F0
F7DEE0
F7ED60
F7FC70
F80C20
F81C60
F82D40
F83E90
F85050
F86280
F87520
F88830
F89BC0
F8AFB0
F8C420
F8D900
F8EE50
F90420
F91A50
F93100
F94820
F95FA0
F977B0
F98FF0
F9A870
F9C140
F9DA50
F9F3A0
FA0D40
FA2710
FA4130
FA5B90
FA7640
FA9120
FAAC50
FAC7C0
FAE380
FAFF70
FB1BB0
FB3800
FB5460
FB70D0
FB8D50
FBA9E0
FBC680
FBE340
FC0000
FC1CD0
FC39C0
FC56C0
FC73D0
FC90E0
FCAE10
FCCB50
FCE8B0
FD05E0
FD22F0
FD3FE0
FD5CA0
FD7950
FD95E0
FDB240
FDCE90
FDEAC0
FE06C0
FE22A0
FE3E70
FE5A10
FE7590
FE90F0
FEAC30
FEC720
FEE1D0
FEFC20
FF1630
FF3000
FF4970
FF62A0
FF7B80
FF9410
FFAC50
FFC450
FFDC00
FFF360
000A70
002140
0037C0
004DD0
006370
0078A0
008D70
00A1D0
00B5B0
00C930
00DC40
00EEE0
010120
0112E0
012440
013530
0145B0
0155C0
016560
017480
018330
019150
019EF0
01AC10
01B8C0
01C4E0
01D080
01DBA0
01E650
01F070
01FA10
020330
020BE0
021400
021BA0
0222C0
022960
022F70
023500
023A10
023E90
024290
024610
024910
024B80
024D70
024EE0
024FC0
025020
025000
024F50
024E30
024C90
024A80
0247F0
0244F0
024170
023D80
023910
023420
022EC0
0228F0
0222A0
021BD0
021490
020CD0
020490
01FC00
01F310
01E9B0
01E000
01D5E0
01CB70
01C090
01B560
01A9C0
019DD0
019170
0184C0
0177A0
016A30
015C50
014E20
013FA0
0130F0
012210
0112E0
010380
00F3E0
00E400
00D3E0
00C390
00B300
00A230
009120
007FE0
006E60
005CA0
004AB0
0038A0
002680
001450
000210
FFEFC0
FFDD50
FFCAD0
FFB840
FFA5A0
FF92F0
FF8030
FF6D50
FF5A70
FF4770
FF3460
FF2140
FF0E30
FEFB40
FEE870
FED5B0
FEC310
FEB080
FE9E10
FE8BB0
FE7970
FE6750
FE5540
FE4340
FE3160
FE1FA0
FE0E00
FDFC60
FDEB10
FDDA00
FDC940
FDB8B0
FDA860
FD9850
FD8890
FD7900
FD69C0
FD5AC0
FD4BF0
FD3D70
FD2F30
FD2130
FD1370
FD0600
FCF8E0
FCEC20
FCDFD0
FCD3D0
FCC840
FCBD10
FCB240
FCA7D0
FC9DC0
FC9410
FC8AD0
FC81E0
FC7960
FC7140
FC6980
FC6210
FC5B30
FC54C0
FC4EC0
FC4940
FC4440
FC3FB0
FC3B90
FC37F0
FC34C0
FC3210
FC2FE0
FC2E20
FC2CD0
FC2C00
FC2BB0
FC2BC0
FC2C60
FC2D80
FC2F30
FC3150
FC33F0
FC3710
FC3AB0
FC3EE0
FC4380
FC48B0
FC4E50
FC5480
FC5B20
FC6250
FC6A00
FC7220
FC7AD0
FC83F0
FC8D90
FC97B0
FCA240
FCAD50
FCB8E0
FCC4F0
FCD170
FCDE70
FCEBF0
FCF9F0
FD0860
FD1750
FD26C0
FD36A0
FD46F0
FD57B0
FD68D0
FD7A60
FD8C50
FD9EB0
FDB170
FDC4A0
FDD840
FDEC40
FE00B0
FE1580
FE2AC0
FE4060
FE5670
FE6CF0
FE83B0
FE9AC0
FEB220
FEC9C0
FEE1C0
FEFA00
FF1290
FF2B60
FF4490
FF5E00
FF77C0
FF91C0
FFAC20
FFC6C0
FFE1B0
FFFCF0
001850
0033E0
004F90
006B60
008760
00A380
00BFD0
00DC40
00F8E0
0115A0
013280
014F90
016CC0
018A20
01A7A0
01C540
01E2F0
020090
021E30
023BD0
025970
027710
0294B0
02B240
02CFE0
02ED70
030B00
032890
034620
0363B0
038140
039ED0
03BC30
03D960
03F670
041350
043010
044C90
046900
048530
04A140
04BD20
04D8E0
04F470
050FD0
052B00
054610
056100
057B90
0595E0
05AFD0
05C980
05E2E0
05FBF0
0614B0
062D20
064550
065D20
0674B0
068BE0
06A2D0
06B970
06CFC0
06E5C0
06FB60
071080
072550
0739A0
074D90
076120
077430
0786E0
079930
07AB10
07BC80
07CD90
07DE20
07EE60
07FE20
080D90
081C70
082AE0
0838D0
084640
085340
085FC0
086BD0
087760
088270
088D10
089730
08A0D0
08AA00
08B2B0
08BAF0
08C2A0
08C9E0
08D0A0
08D6E0
08DCA0
08E1F0
08E6B0
08EAF0
08EEC0
08F200
08F4D0
08F720
08F8E0
08FA30
08FB00
08FB50
08FB20
08FA80
08F960
08F7D0
08F5C0
08F340
08F050
08ECE0
08E900
08E4A0
08DFE0
08DA90
08D4D0
08CEA0
08C800
08C0E0
08B940
08B150
08A8F0
08A030
089700
088D70
088380
087930
086E80
086360
0857E0
084BF0
083FB0
083300
0825F0
081870
080AA0
07FC70
07EE10
07DF60
07D060
07C120
07B190
07A1C0
0791B0
078150
0770A0
075FB0
074E80
073D00
072B30
071920
0706D0
06F450
06E1A0
06CED0
06BBE0
06A8C0
069580
068210
066E70
065AC0
0646D0
0632C0
061E90
060A30
05F5B0
05E100
05CC20
05B750
05A270
058D80
0578A0
0563B0
054EB0
0539C0
0524C0
050FC0
04FAB0
04E5A0
04D090
04BB70
04A650
049130
047C10
046700
045200
043D30
042860
0413C0
03FF30
03EAB0
03D650
03C210
03ADE0
0399D0
0385D0
0371F0
035E20
034A70
0336E0
032380
031040
02FD40
02EA80
02D7E0
02C580
02B340
02A140
028F70
027DE0
026C70
025B40
024A30
023960
0228C0
021860
020830
01F840
01E8A0
01D940
01CA20
01BB40
01ACA0
019E40
019020
018250
0174B0
016760
015A50
014D70
0140E0
0134A0
012890
011CD0
011160
010630
00FB50
00F0B0
00E650
00DC40
00D280
00C900
00BFC0
00B6D0
00AE30
00A5D0
009DC0
0095F0
008E60
008710
008000
007940
0072B0
006C70
006670
0060B0
005B30
0055F0
005100
004C40
0047D0
0043A0
003FB0
003C00
003880
003530
003220
002F40
002C90
002A10
0027D0
0025C0
0023E0
002230
0020C0
001F70
001E60
001D90
001CE0
001C70
001C10
001BE0
001BC0
001BC0
001BD0
001C10
001C60
001CD0
001D60
001E10
001ED0
001FC0
0020C0
0021E0
002310
002470
0025C0
002720
002880
0029F0
002B50
002CC0
002E20
002F90
003100
003280
0033F0
003570
0036F0
003870
0039F0
003B70
003CE0
003E40
003F70
0040A0
0041B0
0042A0
004380
004450
004500
0045A0
004620
004690
0046E0
004710
004740
004740
004720
0046D0
004650
0045A0
0044C0
0043B0
004270
004110
003F70
003DA0
003BB0
003980
003730
0034A0
0031F0
002F10
002BF0
002890
0024F0
002110
001CF0
001890
0013F0
000F20
000A00
0004B0
FFFF10
FFF940
FFF330
FFECE0
FFE640
FFDF70
FFD860
FFD100
FFC960
FFC180
FFB950
FFB0D0
FFA820
FF9F20
FF95D0
FF8C40
FF8270
FF7850
FF6DF0
FF6350
FF5860
FF4D30
FF41C0
FF3600
FF2A10
FF1DD0
FF1150
FF0490
FEF790
FEEA50
FEDCD0
FECF00
FEC100
FEB2B0
FEA420
FE9560
FE8650
FE76F0
FE6770
FE57B0
FE47C0
FE37A0
FE2740
FE16B0
FE05F0
FDF500
FDE3D0
FDD270
FDC0D0
FDAF10
FD9D10
FD8AE0
FD7870
FD65D0
FD5310
FD4040
FD2D40
FD1A30
FD0700
FCF3B0
FCE040
FCCCC0
FCB910
FCA550
FC9160
FC7D60
FC6950
FC5510
FC40B0
FC2C40
FC17C0
FC0350
FBEED0
FBDA50
FBC5D0
FBB160
FB9CE0
FB8860
FB73E0
FB5F50
FB4AD0
FB3650
FB21C0
FB0D40
FAF8B0
FAE430
FACFC0
FABB70
FAA740
FA9330
FA7F40
FA6B60
FA57B0
FA4410
FA3090
FA1D30
FA09F0
F9F6D0
F9E3C0
F9D0E0
F9BE10
F9AB70
F99900
F986C0
F974C0
F96300
F95180
F94030
F92F20
F91E40
F90DA0
F8FD40
F8ED20
F8DD30
F8CD80
F8BE00
F8AEC0
F89FC0
F89110
F882B0
F874A0
F866E0
F85970
F84C60
F83F90
F83320
F82700
F81B20
F80FA0
F80470
F7F9A0
F7EF10
F7E4D0
F7DAF0
F7D160
F7C840
F7BF70
F7B710
F7AF00
F7A760
F7A010
F79930
F792A0
F78C80
F786B0
F78140
F77C40
F77790
F77350
F76F60
F76BE0
F768C0
F76600
F763A0
F761A0
F76010
F75EE0
F75E10
F75DA0
F75D90
F75DF0
F75EB0
F75FD0
F76150
F76330
F76580
F76820
F76B20
F76E70
F77220
F77630
F77A90
F77F50
F78470
F789E0
F78FB0
F795E0
F79C60
F7A340
F7AA70
F7B200
F7B9F0
F7C220
F7CA90
F7D350
F7DC60
F7E5A0
F7EF30
F7F910
F80330
F80D90
F81840
F82330
F82E60
F839E0
F845A0
F851B0
F85E00
F86A80
F87720
F883F0
F890F0
F89E10
F8AB60
F8B8D0
F8C670
F8D440
F8E240
F8F060
F8FEA0
F90D20
F91BC0
F92A80
F93980
F94870
F95780
F96690
F975B0
F984D0
F99400
F9A340
F9B280
F9C1C0
F9D120
F9E080
F9EFE0
F9FF60
FA0EE0
FA1E60
FA2DF0
FA3D70
FA4CD0
FA5C10
FA6B40
FA7A60
FA8960
FA9850
FAA720
FAB5D0
FAC480
FAD300
FAE170
FAEFD0
FAFE10
FB0C40
FB1A50
FB2830
FB35E0
FB4350
FB5090
FB5DA0
FB6A80
FB7720
FB8390
FB8FD0
FB9BE0
FBA7B0
FBB350
FBBEC0
FBC9F0
FBD4F0
FBDFC0
FBEA50
FBF490
FBFE80
FC0830
FC1190
FC1AB0
FC2380
FC2C10
FC3450
FC3C40
FC43F0
FC4B50
FC5270
FC5940
FC5FD0
FC6610
FC6C00
FC71A0
FC76F0
FC7BF0
FC80A0
FC84F0
FC8900
FC8CC0
FC9020
FC9340
FC9600
FC9870
FC9AA0
FC9C70
FC9DF0
FC9F20
FCA000
FCA0A0
FCA0E0
FCA0E0
FCA090
FC9FF0
FC9F00
FC9DD0
FC9C40
FC9A70
FC9850
FC95E0
FC9320
FC9020
FC8CD0
FC8920
FC8550
FC8130
FC7CE0
FC7850
FC7380
FC6E80
FC6940
FC63C0
FC5E10
FC5820
FC51F0
FC4B90
FC44E0
FC3E10
FC36F0
FC2FA0
FC2830
FC20A0
FC18F0
FC1120
FC0930
FC0120
FBF900
FBF0B0
FBE840
FBDFC0
FBD710
FBCE50
FBC570
FBBC70
FBB350
FBAA00
FBA0D0
FB9790
FB8E60
FB8540
FB7C20
FB7300
FB69E0
FB60D0
FB57C0
FB4EC0
FB45C0
FB3CC0
FB33D0
FB2AE0
FB2200
FB1910
FB1060
FB07D0
FAFF70
FAF740
FAEF40
FAE760
FADFB0
FAD830
FAD0D0
FAC9B0
FAC2B0
FABBD0
FAB530
FAAEB0
FAA860
FAA240
FA9C70
FA96E0
FA91B0
FA8CD0
FA8830
FA83F0
FA8000
FA7C50
FA7900
FA75F0
FA7340
FA70D0
FA6EC0
FA6CF0
FA6B80
FA6A50
FA6990
FA6940
FA6960
FA69E0
FA6AD0
FA6C30
FA6DF0
FA7020
FA72C0
FA75D0
FA7940
FA7D20
FA8170
FA8620
FA8B50
FA90D0
FA96E0
FA9D60
FAA460
FAABE0
FAB3D0
FABC40
FAC520
FACE80
FAD860
FAE2B0
FAED90
FAF8D0
FB04A0
FB10E0
FB1DA0
FB2AD0
FB3880
FB46B0
FB5550
FB6470
FB7410
FB8420
FB94B0
FBA5C0
FBB740
FBC940
FBDBC0
FBEEB0
FC0220
FC1600
FC2A60
FC3F40
FC5480
FC6A30
FC8040
FC96C0
FCADB0
FCC500
FCDCC0
FCF4E0
FD0D70
FD2660
FD3FC0
FD5990
FD73C0
FD8E50
FDA960
FDC4C0
FDE080
FDFC80
FE18C0
FE3550
FE5230
FE6F50
FE8CC0
FEAA70
FEC870
FEE6C0
FF0550
FF2430
FF4350
FF62C0
FF8270
FFA280
FFC290
FFE2D0
000330
0023A0
004430
0064E0
0085B0
00A690
00C790
00E8C0
010A00
012B50
014CD0
016E60
019020
01B1F0
01D3A0
01F540
0216D0
023850
0259B0
027B00
029C40
02BD60
02DE70
02FF60
032040
034110
0361D0
038270
03A2F0
03C370
03E390
040380
042310
044260
046170
048020
049E90
04BCC0
04DAA0
04F830
051580
053280
054F40
056BB0
0587D0
05A3B0
05BF10
05DA00
05F470
060E70
062800
064110
0659A0
0671C0
068970
06A0A0
06B760
06CDA0
06E370
06F8C0
070DA0
072210
0735E0
074910
075BA0
076DA0
077F10
078FD0
07A010
07AFA0
07BEA0
07CD00
07DAD0
07E800
07F490
080090
080BF0
0816C0
0820E0
082A50
083310
083B30
0842A0
084970
084F80
0854F0
0859C0
085DD0
086140
086410
086620
086790
086850
086870
0867E0
0866A0
0864C0
086230
085F00
085B20
085690
085160
084B80
084500
083DD0
083600
082D80
082450
081A80
081010
080500
07F960
07ED20
07E060
07D300
07C510
07B680
07A770
0797C0
078780
0776A0
076540
075340
0740B0
072D90
0719D0
0705B0
06F120
06DC20
06C6B0
06B0E0
069A90
0683E0
066CC0
065540
063D40
0624E0
060C10
05F2D0
05D920
05BF10
05A480
0589D0
056ED0
0553A0
053840
051CA0
0500C0
04E4B0
04C870
04ABF0
048F30
047240
045510
0437B0
041A20
03FC40
03DE40
03C030
03A230
038420
036620
034820
032A20
030C30
02EE30
02D040
02B250
029450
027670
025880
023A90
021CB0
01FEC0
01E120
01C3B0
01A680
018990
016CE0
015070
013440
011840
00FC80
00E100
00C5C0
00AAC0
009000
007570
005B20
004120
002780
000E50
FFF590
FFDD40
FFC570
FFAE00
FF9700
FF8070
FF6A60
FF54B0
FF3F70
FF2AB0
FF1650
FF0270
FEEEF0
FEDBF0
FEC980
FEB7A0
FEA650
FE95A0
FE8580
FE7600
FE6710
FE58B0
FE4AF0
FE3DC0
FE3120
FE2520
FE19B0
FE0ED0
FE0490
FDFAE0
FDF1D0
FDE970
FDE1C0
FDDAA0
FDD430
FDCE70
FDC950
FDC4D0
FDC100
FDBDD0
FDBB40
FDB960
FDB820
FDB790
FDB7A0
FDB860
FDB9B0
FDBBB0
FDBE60
FDC1A0
FDC590
FDCA10
FDCF40
FDD520
FDDB90
FDE2B0
FDEA70
FDF2D0
FDFBD0
FE0580
FE0FC0
FE1AB0
FE2630
FE3230
FE3EC0
FE4BD0
FE5970
FE67A0
FE7650
FE8590
FE9550
FEA5A0
FEB680
FEC7E0
FED9D0
FEEC40
FEFF40
FF12C0
FF26B0
FF3AF0
FF4F90
FF6490
FF79F0
FF8FB0
FFA5D0
FFBC50
FFD320
FFEA60
0001F0
0019F0
003240
004AF0
006400
007D70
009700
00B0C0
00CAA0
00E4A0
00FED0
011920
013390
014E20
0168E0
0183D0
019ED0
01BA00
01D550
01F0D0
020C70
022830
0243E0
025F70
027AE0
029640
02B190
02CCB0
02E7C0
0302C0
031DA0
033860
035310
036DA0
038820
03A280
03BCC0
03D6F0
03F0C0
040A40
042370
043C40
0454C0
046CE0
0484C0
049C30
04B350
04CA20
04E0A0
04F6C0
050C90
052200
053720
054BE0
056020
0573E0
058700
0599A0
05ABC0
05BD50
05CE50
05DED0
05EED0
05FE30
060D10
061B70
062940
063680
064340
064F70
065B00
0665D0
067000
067990
068260
068A90
069210
0698E0
069F10
06A490
06A960
06AD80
06B100
06B3D0
06B5F0
06B770
06B830
06B830
06B780
06B610
06B3E0
06B100
06AD60
06A900
06A3F0
069E20
0697A0
069060
068860
067FB0
067640
066C20
066140
0655C0
064980
063C90
062F00
0620B0
0611B0
060200
05F1A0
05E090
05CED0
05BC60
05A940
059570
0580F0
056BB0
0555F0
053FA0
0528B0
051130
04F920
04E080
04C750
04AD90
049340
047850
045CD0
0440D0
042430
040700
03E940
03CAE0
03AC30
038D20
036DA0
034DD0
032DA0
030D00
02EC10
02CAB0
02A8F0
0286E0
026460
024180
021E50
01FAB0
01D6B0
01B250
018DD0
016930
014460
011F70
00FA60
00D530
00AFE0
008A60
0064D0
003F00
001920
FFF320
FFCCF0
FFA6A0
FF8030
FF59A0
FF3320
FF0CD0
FEE690
FEC070
FE9A80
FE74A0
FE4ED0
FE2930
FE03B0
FDDE40
FDB900
FD93D0
FD6EC0
FD49E0
FD2510
FD0050
FCDC00
FCB800
FC9470
FC7120
FC4E40
FC2BC0
FC0990
FBE7C0
FBC640
FBA530
FB8470
FB6410
FB4400
FB2460
FB0510
FAE620
FAC7C0
FAA9F0
FA8CA0
FA6FF0
FA53C0
FA3820
FA1D20
FA02A0
F9E8B0
F9CF50
F9B680
F99E30
F98680
F96F50
F958C0
F942B0
F92D50
F918B0
F904B0
F8F160
F8DEC0
F8CCD0
F8BB90
F8AB00
F89B20
F88BF0
F87D70
F86FA0
F86270
F85600
F84A40
F83F20
F834D0
F82B30
F82240
F81A10
F812A0
F80BF0
F805F0
F800B0
F7FC20
F7F860
F7F540
F7F2F0
F7F150
F7F070
F7F040
F7F0E0
F7F220
F7F410
F7F6A0
F7F9F0
F7FDF0
F802A0
F807F0
F80E00
F814B0
F81C20
F82430
F82CF0
F83660
F84090
F84B60
F856D0
F862E0
F86F80
F87CB0
F88A60
F898A0
F8A770
F8B6D0
F8C6C0
F8D740
F8E850
F8F9E0
F90C10
F91EC0
F93200
F945D0
F95A30
F96EF0
F98400
F99970
F9AF40
F9C570
F9DC00
F9F2F0
FA0A30
FA21D0
FA39D0
FA5230
FA6AE0
FA8400
FA9D70
FAB740
FAD160
FAEBB0
FB0620
FB20B0
FB3B70
FB5640
FB7130
FB8C50
FBA790
FBC2F0
FBDE70
FBFA10
FC15D0
FC31B0
FC4DC0
FC69F0
FC8630
FCA260
FCBE80
FCDA70
FCF650
FD1210
FD2DC0
FD4950
FD64C0
FD8010
FD9B50
FDB660
FDD170
FDEC50
FE0720
FE21D0
FE3C60
FE56A0
FE7090
FE8A30
FEA380
FEBC80
FED520
FEED80
FF0580
FF1D30
FF3490
FF4BA0
FF6250
FF78C0
FF8ED0
FFA490
FFBA10
FFCF00
FFE370
FFF770
000AF0
001DF0
003080
004280
005410
006520
0075B0
0085C0
009560
00A480
00B320
00C140
00CEE0
00DBF0
00E870
00F460
00FFB0
010A80
0114B0
011E40
012750
012FC0
0137A0
013EF0
0145B0
014BD0
015160
015660
015AD0
015EA0
0161E0
016480
016690
016810
0168F0
016940
016900
016820
0166A0
016490
0161F0
015EB0
015AE0
015680
015180
014C00
014600
013F70
013870
0130E0
0128D0
012040
011720
010D90
010370
00F8D0
00EDB0
00E210
00D5F0
00C940
00BC10
00AE80
00A0A0
009260
0083B0
0074B0
006550
005590
004580
003500
002430
001300
000170
FFEF80
FFDD30
FFCA80
FFB780
FFA450
FF90F0
FF7D60
FF69B0
FF55D0
FF41C0
FF2D90
FF1930
FF04B0
FEEFF0
FEDB10
FEC610
FEB0D0
FE9B70
FE85F0
FE7030
FE5A90
FE44F0
FE2F60
FE19E0
FE0470
FDEF00
FDD9B0
FDC460
FDAF20
FD99F0
FD84D0
FD6FB0
FD5AA0
FD45B0
FD30C0
FD1BD0
FD0730
FCF2E0
FCDEC0
FCCAF0
FCB760
FCA410
FC9100
FC7E30
FC6BB0
FC5970
FC4770
FC35B0
FC2440
FC1310
FC0210
FBF170
FBE130
FBD160
FBC200
FBB310
FBA4A0
FB9690
FB88F0
FB7BC0
FB6F10
FB62C0
FB56E0
FB4B80
FB4080
FB3600
FB2BE0
FB2240
FB1920
FB1090
FB0890
FB0110
FAFA30
FAF3D0
FAEE00
FAE8B0
FAE400
FADFD0
FADC30
FAD910
FAD690
FAD490
FAD320
FAD240
FAD1F0
FAD230
FAD310
FAD480
FAD680
FAD920
FADC40
FAE000
FAE460
FAE940
FAEEC0
FAF4E0
FAFB80
FB02C0
FB0A90
FB1300
FB1BF0
FB2560
FB2F50
FB39D0
FB44D0
FB5060
FB5C70
FB6900
FB7620
FB83C0
FB91E0
FBA090
FBAFC0
FBBF70
FBCFB0
FBE070
FBF190
FC0320
FC1510
FC2760
FC3A20
FC4D30
FC60B0
FC74A0
FC88E0
FC9D90
FCB2A0
FCC810
FCDDF0
FCF430
FD0AD0
FD21D0
FD3910
FD5070
FD6810
FD7FE0
FD97D0
FDB000
FDC860
FDE100
FDF9C0
FE12B0
FE2BD0
FE4530
FE5EC0
FE7870
FE9260
FEAC80
FEC690
FEE0A0
FEFAA0
FF1490
FF2E80
FF4870
FF6240
FF7C10
FF95E0
FFAFA0
FFC950
FFE300
FFFCA0
001630
002FC0
004950
006290
007B80
009430
00ACA0
00C4C0
00DC90
00F430
010B70
012280
013940
014FB0
0165E0
017BD0
019170
01A6D0
01BBE0
01D080
01E490
01F830
020B50
021E00
023020
0241D0
025300
0263B0
0273E0
0283A0
0292E0
02A1A0
02AFE0
02BDA0
02CAF0
02D790
02E390
02EEF0
02F9B0
0303C0
030D40
031610
031E40
0325C0
032CB0
0332F0
033890
033D90
0341F0
0345A0
0348B0
034B10
034CB0
034DA0
034DE0
034D60
034C30
034A50
0347B0
034460
034060
033BA0
033620
033000
032920
032180
031940
031040
030690
02FC40
02F130
02E580
02D920
02CC00
02BE40
02AFD0
02A0B0
0290E0
028060
026F30
025D60
024AD0
023790
0223C0
020F70
01FA80
01E500
01CEF0
01B850
01A110
018950
017100
015810
013E90
012490
0109F0
00EEC0
00D300
00B6B0
009A00
007D00
005F90
0041D0
0023B0
000530
FFE660
FFC720
FFA790
FF87A0
FF6760
FF46B0
FF25B0
FF0450
FEE290
FEC080
FE9E50
FE7C00
FE59A0
FE3720
FE1480
FDF1D0
FDCF00
FDAC20
FD8920
FD6610
FD42E0
FD1F90
FCFC30
FCD8B0
FCB520
FC9170
FC6DF0
FC4AB0
FC2790
FC04B0
FBE200
FBBF80
FB9D30
FB7B20
FB5940
FB3790
FB1610
FAF4C0
FAD3A0
FAB2C0
FA9210
FA7180
FA5180
FA3200
FA12F0
F9F460
F9D650
F9B8C0
F99BA0
F97F10
F962F0
F94740
F92C20
F91180
F8F750
F8DDA0
F8C470
F8ABB0
F893C0
F87C80
F86600
F85040
F83B30
F826E0
F81350
F80080
F7EE70
F7DD10
F7CC70
F7BC90
F7AD60
F79F00
F79150
F78460
F77850
F76D30
F76300
F759B0
F75150
F749D0
F74340
F73D90
F738D0
F734F0
F73200
F73000
F72EE0
F72EB0
F72F60
F730F0
F73390
F73720
F73BB0
F74130
F747C0
F74F40
F757B0
F76130
F76BA0
F77710
F78380
F790E0
F79F40
F7AEA0
F7BF00
F7D050
F7E2A0
F7F5D0
F80A00
F81F20
F83530
F84C40
F86430
F87D20
F89700
F8B1D0
F8CD90
F8EA50
F907F0
F92690
F94620
F966A0
F987F0
F9AA10
F9CCF0
F9F0B0
FA1530
FA3A80
FA60A0
FA8790
FAAF40
FAD7D0
FB0120
FB2B40
FB5630
FB81E0
FBAE70
FBDBC0
FC09A0
FC3820
FC6720
FC96B0
FCC6D0
FCF780
FD28C0
FD5A90
FD8CF0
FDBFD0
FDF350
FE2760
FE5BF0
FE9120
FEC6D0
FEFD20
FF33A0
FF6A60
FFA160
FFD8A0
001020
0047E0
007FE0
00B810
00F090
012940
016230
019B60
01D4D0
020E80
024870
0282A0
02BCB0
02F6A0
033080
036A40
03A3E0
03DD60
0416D0
045020
048960
04C270
04FB70
053460
056D20
05A5D0
05DE60
0616E0
064EE0
068670
06BD80
06F430
072A60
076010
079550
07CA20
07FE80
083260
0865D0
0898D0
08CB50
08FD70
092F00
096030
099090
09C030
09EF10
0A1D30
0A4A80
0A7720
0AA2F0
0ACE00
0AF850
0B21E0
0B4AA0
0B72B0
0B99F0
0BC070
0BE630
0C0B30
0C2F30
0C5230
0C7430
0C9530
0CB540
0CD450
0CF260
0D0F70
0D2B80
0D4690
0D60A0
0D79C0
0D91E0
0DA900
0DBF20
0DD440
0DE850
0DFB30
0E0D00
0E1DA0
0E2D30
0E3BA0
0E4900
0E5530
0E6050
0E6A40
0E7320
0E7AE0
0E8180
0E8700
0E8B60
0E8EB0
0E90D0
0E91E0
0E91C0
0E9080
0E8E30
0E8AB0
0E8620
0E8060
0E7980
0E7190
0E6870
0E5E40
0E52E0
0E4660
0E38D0
0E2A10
0E1A50
0E0990
0DF7D0
0DE510
0DD140
0DBC70
0DA6A0
0D8FC0
0D77F0
0D5F10
0D4530
0D2A50
0D0E60
0CF170
0CD390
0CB490
0C94E0
0C7450
0C52F0
0C30D0
0C0DE0
0BEA30
0BC5A0
0BA050
0B7A30
0B5340
0B2B80
0B0300
0AD9B0
0AAF90
0A84A0
0A58F0
0A2CB0
0A0000
09D2C0
09A510
0976E0
094820
0918F0
08E930
08B900
088840
085710
082560
07F320
07C070
078D30
075980
0725A0
06F190
06BD60
068900
065480
061FE0
05EB00
05B600
0580E0
054B90
051610
04E070
04AAB0
0474B0
043EA0
040850
03D240
039C60
0366B0
033130
02FBE0
02C6C0
0291E0
025D20
0228A0
01F440
01C020
018C30
015870
0124E0
00F180
00BE50
008BA0
005980
0027E0
FFF6C0
FFC620
FF9600
FF6660
FF3750
FF08C0
FEDAA0
FEAD10
FE8010
FE5380
FE2780
FDFC00
FDD0F0
FDA6C0
FD7D40
FD5490
FD2C90
FD0560
FCDF00
FCB950
FC9470
FC7050
FC4CF0
FC2A50
FC0870
FBE760
FBC710
FBA780
FB88C0
FB6AE0
FB4DF0
FB31E0
FB16C0
FAFC90
FAE350
FACB00
FAB390
FA9D10
FA8770
FA72D0
FA5F10
FA4C40
FA3A50
FA2950
FA1940
FA0A30
F9FC10
F9EEE0
F9E2B0
F9D780
F9CD40
F9C3F0
F9BBA0
F9B440
F9ADE0
F9A880
F9A410
F9A090
F99E10
F99C80
F99BF0
F99C40
F99D80
F99FA0
F9A2B0
F9A6A0
F9AB70
F9B130
F9B7E0
F9BF70
F9C7E0
F9D140
F9DB80
F9E6B0
F9F2C0
F9FFC0
FA0DA0
FA1C40
FA2BA0
FA3BB0
FA4C90
FA5E20
FA7070
FA8380
FA9750
FAABD0
FAC110
FAD720
FAEDE0
FB0550
FB1D90
FB3680
FB5040
FB6A70
FB8520
FBA050
FBBC00
FBD830
FBF4E0
FC1210
FC2FC0
FC4DF0
FC6CA0
FC8BC0
FCAB70
FCCBA0
FCEC40
FD0D70
FD2F10
FD50F0
FD7300
FD9550
FDB7C0
FDDA70
FDFD50
FE2070
FE43C0
FE6740
FE8B00
FEAEE0
FED300
FEF760
FF1BE0
FF40A0
FF65A0
FF8A70
FFAF40
FFD3E0
FFF880
001CF0
004160
0065B0
0089E0
00AE00
00D200
00F5F0
0119C0
013D80
016120
0184B0
01A830
01CB40
01EE00
021050
023250
0253F0
027520
029600
02B680
02D6A0
02F660
0315C0
0334C0
035370
0371B0
038F90
03AD20
03CA10
03E660
040230
041D60
0437F0
0451F0
046B60
048430
049C70
04B420
04CB30
04E1B0
04F790
050CE0
052190
0535C0
054920
055BD0
056DD0
057F00
058F80
059F50
05AE60
05BCB0
05CA50
05D730
05E360
05EED0
05F980
060380
060CC0
061540
061D10
062410
062A40
062FC0
063470
063870
063BA0
063E00
063FB0
064090
0640B0
064010
063EA0
063C80
063990
0635E0
063180
062C60
062680
062000
0618C0
0610C0
060810
05FEB0
05F490
05E9C0
05DE40
05D200
05C510
05B760
05A900
0599F0
058A40
057A00
056940
0557E0
0545E0
053360
052040
050CA0
04F860
04E390
04CE30
04B840
04A1B0
048AA0
0472F0
045AB0
044210
042920
040FC0
03F610
03DC00
03C180
03A6B0
038B90
037000
035410
0337D0
031B20
02FE20
02E0C0
02C300
02A4E0
0286A0
026840
0249C0
022B20
020C60
01ED80
01CE90
01AF70
019020
0170C0
015140
0131A0
0111E0
00F200
00D200
00B1E0
0091E0
0071F0
005230
003290
001300
FFF3A0
FFD450
FFB520
FF9610
FF7720
FF5850
FF39A0
FF1B10
FEFCA0
FEDE50
FEC010
FEA230
FE84B0
FE6780
FE4AA0
FE2E10
FE11F0
FDF610
FDDA90
FDBF60
FDA490
FD8A10
FD6FE0
FD5610
FD3C90
FD2370
FD0AA0
FCF250
FCDA80
FCC340
FCAC70
FC9630
FC8060
FC6B20
FC5650
FC4210
FC2E50
FC1B10
FC0850
FBF610
FBE450
FBD310
FBC260
FBB240
FBA2B0
FB93C0
FB8560
FB77B0
FB6A80
FB5DF0
FB5200
FB46A0
FB3BE0
FB31C0
FB2830
FB1F30
FB16D0
FB0F10
FB07E0
FB0150
FAFB60
FAF600
FAF150
FAED30
FAE9B0
FAE6D0
FAE480
FAE2E0
FAE1D0
FAE160
FAE190
FAE250
FAE3C0
FAE5C0
FAE860
FAEB90
FAEF40
FAF380
FAF850
FAFDB0
FB03A0
FB0A10
FB1110
FB18A0
FB20B0
FB2950
FB3280
FB3C40
FB4690
FB5160
FB5CC0
FB6890
FB74C0
FB8160
FB8E70
FB9BE0
FBA9C0
FBB810
FBC6C0
FBD5E0
FBE570
FBF560
FC05C0
FC1690
FC27D0
FC3970
FC4B70
FC5DC0
FC7040
FC8310
FC9610
FCA950
FCBCD0
FCD090
FCE490
FCF8C0
FD0D40
FD21F0
FD36E0
FD4C10
FD6180
FD7730
FD8D20
FDA310
FDB910
FDCF20
FDE540
FDFB70
FE11A0
FE27E0
FE3E20
FE5480
FE6AE0
FE8150
FE97D0
FEAE50
FEC4F0
FEDB90
FEF230
FF08C0
FF1F20
FF3570
FF4B90
FF6190
FF7760
FF8D20
FFA2B0
FFB830
FFCD80
FFE2B0
FFF7C0
000CA0
002170
003610
004A90
005ED0
0072C0
008660
0099C0
00ACD0
00BF90
00D210
00E440
00F630
0107D0
011930
012A40
013B00
014B80
015BB0
016B90
017B20
018A40
019900
01A770
01B570
01C310
01D050
01DD30
01E9A0
01F5C0
020180
020CD0
0217D0
022260
022CA0
023670
023FE0
0248E0
025170
0259A0
026170
0268C0
026FB0
027640
027C50
028210
028750
028C30
0290A0
0294B0
029850
029B90
029E60
02A0E0
02A2F0
02A4B0
02A610
02A700
02A7A0
02A7E0
02A7C0
02A740
02A660
02A510
02A370
02A170
029F10
029C60
029950
029600
029270
028E90
028A70
028610
028160
027C60
027720
0271A0
026BD0
0265C0
025F70
0258C0
0251E0
024AB0
024360
023BF0
023450
022CA0
0224C0
021CC0
0214A0
020C60
0203F0
01FB70
01F2C0
01E9F0
01E100
01D7F0
01CEB0
01C560
01BC10
01B2C0
01A970
01A030
019700
018DD0
0184A0
017B70
017250
016940
016030
015720
014E10
014510
013C20
013320
012A60
0121C0
011960
011120
010910
010130
00F980
00F1F0
00EAA0
00E370
00DC70
00D5A0
00CF00
00C890
00C240
00BC30
00B660
00B0E0
00ABB0
00A6D0
00A240
009E00
009A10
009670
009310
009010
008D50
008AE0
0088C0
0086F0
008570
008440
008370
008300
0082F0
008340
0083F0
008510
008680
008860
008A90
008D30
009030
009390
009750
009B70
009FF0
00A4E0
00AA20
00AFD0
00B5F0
00BC60
00C340
00CA90
00D230
00DA40
00E2C0
00EB90
00F4D0
00FE80
010880
0112F0
011DD0
012900
013490
014080
014CC0
015960
016650
017390
018130
018F20
019D70
01AC20
01BB10
01CA70
01DA10
01EA10
01FA70
020B20
021C10
022D30
023E90
025030
026210
027420
028670
029900
02ABC0
02BEC0
02D200
02E570
02F920
030D10
032130
0335A0
034A10
035E90
037330
0387D0
039C90
03B160
03C640
03DB30
03F030
040550
041A70
042FB0
0444F0
045A50
046FC0
048540
049AA0
04AFF0
04C510
04DA20
04EF20
0503F0
0518B0
052D40
0541D0
055630
056A70
057EA0
0592B0
05A6B0
05BA80
05CE40
05E1B0
05F4D0
0607B0
061A40
062C80
063E80
065030
066190
0672B0
068380
069400
06A430
06B420
06C3C0
06D320
06E220
06F0C0
06FEF0
070CA0
0719E0
0726B0
073310
073F00
074A80
075590
076030
076A50
077410
077D50
078620
078E80
079670
079DD0
07A4B0
07AAF0
07B0B0
07B5E0
07BA80
07BEA0
07C230
07C530
07C7A0
07C980
07CAE0
07CBB0
07CBF0
07CBA0
07CAD0
07C960
07C760
07C4C0
07C190
07BDD0
07B970
07B480
07AF00
07A8E0
07A230
079AF0
079310
078AA0
078190
0777F0
076DC0
076300
0757B0
074BD0
073F70
073270
0724F0
0716E0
070840
06F920
06E960
06D920
06C850
06B6F0
06A510
069290
067F90
066C20
065830
0643E0
062F10
0619D0
060420
05EE10
05D780
05C080
05A900
059120
0578D0
056000
0546D0
052D20
051310
04F8B0
04DE00
04C310
04A7E0
048C60
047090
045490
043840
041BA0
03FEC0
03E190
03C430
03A670
038880
036A30
034BB0
032D10
030E60
02EFA0
02D0C0
02B1E0
0292E0
0273D0
0254B0
023580
021640
01F6E0
01D770
01B800
019860
0178C0
015910
013980
011A10
00FAC0
00DBA0
00BCA0
009DC0
007F10
006080
004210
0023D0
0005B0
FFE7B0
FFC9D0
FFAC20
FF8E90
FF7130
FF5420
FF3760
FF1B00
FEFF00
FEE350
FEC800
FEAD10
FE9270
FE7820
FE5E30
FE44A0
FE2B70
FE1290
FDFA00
FDE1D0
FDCA00
FDB2B0
FD9BE0
FD8590
FD6FD0
FD5A90
FD45E0
FD31A0
FD1DF0
FD0AC0
FCF810
FCE5F0
FCD450
FCC330
FCB290
FCA280
FC92F0
FC8400
FC75B0
FC67F0
FC5AE0
FC4E70
FC42A0
FC3760
FC2CD0
FC22D0
FC1980
FC10C0
FC08A0
FC0130
FBFA50
FBF410
FBEE70
FBE980
FBE530
FBE190
FBDE90
FBDC30
FBDA90
FBD980
FBD930
FBD970
FBDA70
FBDC00
FBDE50
FBE140
FBE4D0
FBE910
FBEDF0
FBF370
FBF9A0
FC0060
FC07B0
FC0FB0
FC1850
FC2180
FC2B50
FC35D0
FC40E0
FC4C90
FC58D0
FC65C0
FC7340
FC8170
FC9030
FC9F80
FCAF40
FCBF90
FCD050
FCE1A0
FCF370
FD05C0
FD18A0
FD2BF0
FD3FD0
FD5420
FD6900
FD7E60
FD9440
FDAAA0
FDC190
FDD8C0
FDF060
FE0850
FE2090
FE3930
FE5220
FE6B70
FE8510
FE9F10
FEB960
FED410
FEEF10
FF0A70
FF2620
FF4220
FF5E90
FF7B10
FF97C0
FFB490
FFD190
FFEEB0
000BF0
002950
0046E0
0064A0
008270
00A070
00BE90
00DCE0
00FB50
0119E0
0138A0
015740
0175E0
019470
01B2F0
01D150
01EFB0
020E00
022C40
024A70
026890
028690
02A490
02C280
02E060
02FE30
031C00
033980
0356C0
0373C0
039080
03AD00
03C940
03E540
040100
041C80
0437C0
0452B0
046D70
0487F0
04A230
04BC30
04D5F0
04EF40
050830
0520C0
0538E0
055090
0567F0
057ED0
059550
05AB70
05C130
05D670
05EB60
05FFE0
0613F0
0627A0
063AF0
064DB0
066000
0671C0
068300
0693D0
06A410
06B3D0
06C310
06D1D0
06E010
06EDD0
06FB00
0707C0
071400
071FB0
072AF0
0735A0
073FC0
074950
075260
075AF0
0762E0
076A50
077140
0777A0
077D70
0782B0
078770
078BA0
078F50
079270
079500
079710
0798A0
0799A0
079A30
079A30
0799A0
079890
079710
0794F0
079260
078F40
078BA0
078780
0782D0
077DA0
0777F0
0771D0
076B30
076430
075CC0
0754E0
074C80
0743C0
073A80
0730E0
0726C0
071C40
071140
0705E0
06FA00
06EDB0
06E100
06D3F0
06C690
06B8D0
06AAD0
069C70
068DC0
067EC0
066F60
065FC0
064FC0
063F70
062EC0
061DD0
060C80
05FAE0
05E8F0
05D6D0
05C480
05B1F0
059F40
058C60
057950
056610
0552A0
053F00
052B30
051730
050300
04EEA0
04DA10
04C550
04B070
049B70
048660
047150
045C30
044700
0431C0
041C70
040720
03F1B0
03DC40
03C6C0
03B130
039BA0
0385F0
037040
035A80
0344D0
032F30
0319A0
030430
02EEC0
02D970
02C430
02AF00
0299E0
0284E0
026FE0
025B00
024620
023160
021CB0
020820
01F3A0
01DF60
01CB30
01B740
01A370
018FC0
017C40
0168F0
0155C0
0142B0
012FD0
011D20
010A90
00F830
00E600
00D3E0
00C210
00B060
009EF0
008DC0
007CC0
006BF0
005B60
004B00
003AD0
002AE0
001B20
000BA0
FFFC50
FFED40
FFDE50
FFCFB0
FFC130
FFB300
FFA500
FF9730
FF89A0
FF7C50
FF6F30
FF6250
FF55B0
FF4940
FF3D00
FF3100
FF2540
FF19B0
FF0E60
FF0350
FEF860
FEEDB0
FEE330
FED8F0
FECEE0
FEC4F0
FEBB50
FEB1D0
FEA890
FE9F70
FE96A0
FE8DF0
FE8570
FE7D30
FE7520
FE6D50
FE6590
FE5E10
FE56B0
FE4F70
FE4860
FE4170
FE3AB0
FE3410
FE2DA0
FE2750
FE2130
FE1B40
FE1570
FE0FC0
FE0A40
FE04E0
FDFFA0
FDFA80
FDF570
FDF070
FDEBA0
FDE6D0
FDE230
FDDDA0
FDD920
FDD4C0
FDD080
FDCC50
FDC840
FDC440
FDC060
FDBCA0
FDB8E0
FDB530
FDB180
FDADF0
FDAA60
FDA6D0
FDA350
FD9FE0
FD9C80
FD9930
FD95E0
FD9290
FD8F60
FD8C30
FD8910
FD85F0
FD82E0
FD7FC0
FD7CB0
FD7990
FD7680
FD7370
FD7050
FD6D40
FD6A30
FD6720
FD6400
FD60F0
FD5DE0
FD5AD0
FD57C0
FD54A0
FD5190
FD4E70
FD4B60
FD4840
FD4510
FD41F0
FD3EC0
FD3B90
FD3860
FD3520
FD31E0
FD2EA0
FD2B60
FD2820
FD24D0
FD2180
FD1E30
FD1AE0
FD1780
FD1420
FD10D0
FD0D60
FD0A00
FD06A0
FD0330
FCFFC0
FCFC50
FCF8E0
FCF570
FCF1F0
FCEE70
FCEB00
FCE780
FCE410
FCE0A0
FCDD30
FCD9C0
FCD660
FCD300
FCCFB0
FCCC60
FCC910
FCC5C0
FCC280
FCBF40
FCBC00
FCB8D0
FCB590
FCB270
FCAF60
FCAC60
FCA960
FCA680
FCA3B0
FCA0E0
FC9E30
FC9B80
FC98E0
FC9660
FC93E0
FC9170
FC8F10
FC8CC0
FC8A90
FC8860
FC8660
FC8470
FC82A0
FC80F0
FC7F50
FC7DE0
FC7C80
FC7B30
FC7A10
FC7900
FC7810
FC7740
FC7680
FC75E0
FC7560
FC7500
FC74D0
FC74C0
FC74D0
FC7510
FC7560
FC75F0
FC7690
FC7760
FC7860
FC7980
FC7AC0
FC7C20
FC7DB0
FC7F60
FC8130
FC8330
FC8560
FC87C0
FC8A40
FC8CE0
FC8FC0
FC92C0
FC95F0
FC9940
FC9CC0
FCA070
FCA440
FCA840
FCAC70
FCB0C0
FCB550
FCB9F0
FCBEC0
FCC3C0
FCC8E0
FCCE30
FCD3A0
FCD940
FCDF10
FCE500
FCEB10
FCF150
FCF7C0
FCFE50
FD0500
FD0BF0
FD12F0
FD1A20
FD2170
FD28D0
FD3050
FD3800
FD3FC0
FD47A0
FD4FA0
FD57C0
FD6000
FD6860
FD70D0
FD7970
FD8220
FD8B00
FD93F0
FD9CF0
FDA600
FDAF20
FDB850
FDC190
FDCAD0
FDD430
FDDD90
FDE700
FDF080
FDFA10
FE03B0
FE0D50
FE1710
FE20D0
FE2AA0
FE3470
FE3E30
FE47F0
FE51A0
FE5B40
FE64E0
FE6E80
FE7810
FE81A0
FE8B20
FE9490
FE9E00
FEA770
FEB0D0
FEBA20
FEC370
FECCA0
FED5B0
FEDEA0
FEE770
FEF020
FEF8B0
FF0120
FF0970
FF11A0
FF19B0
FF21A0
FF2970
FF3110
FF38A0
FF4010
FF4760
FF4E70
FF5550
FF5C00
FF6270
FF68B0
FF6EC0
FF7490
FF7A30
FF7F90
FF84C0
FF89C0
FF8E80
FF9310
FF9770
FF9B90
FF9F80
FFA320
FFA680
FFA9A0
FFAC70
FFAF00
FFB150
FFB350
FFB500
FFB680
FFB7B0
FFB890
FFB930
FFB990
FFB9A0
FFB970
FFB900
FFB840
FFB720
FFB5D0
FFB420
FFB220
FFAFE0
FFAD50
FFAA70
FFA740
FFA3D0
FFA010
FF9BF0
FF97A0
FF92F0
FF8DF0
FF88B0
FF8320
FF7D50
FF7730
FF70C0
FF6A10
FF6320
FF5BE0
FF5450
FF4C80
FF4460
FF3C00
FF3360
FF2A70
FF2130
FF17B0
FF0DE0
FF03E0
FEF9A0
FEEF30
FEE490
FED9B0
FECE90
FEC340
FEB7C0
FEAC00
FEA000
FE93E0
FE8770
FE7AE0
FE6E00
FE6100
FE53B0
FE4650
FE38E0
FE2B40
FE1D80
FE0FB0
FE01C0
FDF3B0
FDE580
FDD730
FDC8D0
FDBA40
FDABA0
FD9CE0
FD8E00
FD7F10
FD6FF0
FD60E0
FD51D0
FD42D0
FD33C0
FD24C0
FD15C0
FD06D0
FCF7E0
FCE8F0
FCDA10
FCCB20
FCBC40
FCAD70
FC9E90
FC8FC0
FC8100
FC7250
FC63E0
FC5590
FC4770
FC3970
FC2BA0
FC1DF0
FC1070
FC0320
FBF5F0
FBE8F0
FBDC10
FBCF60
FBC2D0
FBB680
FBAA40
FB9E60
FB92C0
FB8770
FB7C70
FB71B0
FB6750
FB5D30
FB5360
FB49D0
FB40A0
FB37B0
FB2F00
FB26B0
FB1EA0
FB16F0
FB0F70
FB0870
FB01C0
FAFB80
FAF5B0
FAF040
FAEB30
FAE690
FAE250
FADE70
FADB00
FAD7F0
FAD550
FAD310
FAD140
FACFC0
FACEC0
FACE20
FACE00
FACE50
FACF10
FAD050
FAD200
FAD420
FAD6C0
FAD9D0
FADD50
FAE140
FAE5B0
FAEA80
FAEFE0
FAF5A0
FAFBE0
FB0290
FB09B0
FB1150
FB1950
FB21D0
FB2AD0
FB3430
FB3E10
FB4860
FB5330
FB5E60
FB6A10
FB7630
FB82C0
FB8FD0
FB9D50
FBAB30
FBB970
FBC820
FBD720
FBE690
FBF660
FC06A0
FC1730
FC2830
FC3990
FC4B50
FC5D70
FC6FF0
FC82E0
FC9630
FCA9E0
FCBDD0
FCD210
FCE690
FCFB50
FD1050
FD25A0
FD3B30
FD5100
FD6710
FD7D70
FD9410
FDAAF0
FDC220
FDD980
FDF130
FE0930
FE2130
FE3960
FE51A0
FE6A00
FE8270
FE9B00
FEB3B0
FECC70
FEE550
FEFE40
FF1750
FF3080
FF49C0
FF6320
FF7C90
FF9630
FFAFA0
FFC910
FFE260
FFFB90
0014B0
002DC0
0046C0
005FA0
007860
009120
00A9B0
00C240
00DAB0
00F310
010B50
012380
013B70
015310
016A70
018180
019850
01AEE0
01C520
01DB20
01F0E0
020650
021B80
023060
024500
025960
026D80
028150
0294B0
02A7A0
02BA20
02CC40
02DDE0
02EF20
02FFF0
031050
032040
032FC0
033ED0
034D80
035BB0
036980
0376E0
0383C0
039030
039C00
03A760
03B220
03BC60
03C610
03CF40
03D7E0
03E000
03E790
03EE90
03F510
03FB00
040070
040550
0409B0
040D70
0410A0
041340
041540
0416B0
041790
0417E0
041790
0416C0
041550
041340
0410B0
040D80
0409C0
040560
040080
03FB00
03F500
03EE80
03E760
03DFC0
03D790
03CED0
03C590
03BBC0
03B160
03A670
039B00
038F00
038270
037560
0367C0
0359B0
034B30
033C30
032CD0
031CF0
030CB0
02FBF0
02EAD0
02D930
02C720
02B4B0
02A1C0
028E60
027A90
026650
0251A0
023CA0
022770
0211E0
01FC10
01E600
01CFA0
01B900
01A220
018AF0
017370
015BC0
0143B0
012B70
0112E0
00FA00
00E0E0
00C7B0
00AE60
009510
007BA0
006220
004890
002EF0
001530
FFFB60
FFE180
FFC790
FFAD90
FF9370
FF7940
FF5F10
FF44B0
FF2A90
FF1080
FEF690
FEDCD0
FEC330
FEA9B0
FE9050
FE7720
FE5E10
FE4520
FE2C50
FE13A0
FDFB20
FDE2C0
FDCA80
FDB260
FD9AA0
FD8330
FD6C10
FD5550
FD3EE0
FD28C0
FD1300
FCFD90
FCE870
FCD3B0
FCBF40
FCAB30
FC9770
FC8400
FC70F0
FC5E20
FC4BE0
FC3A20
FC28D0
FC1800
FC07A0
FBF7D0
FBE870
FBD990
FBCB30
FBBD40
FBAFE0
FBA2F0
FB9670
FB8A80
FB7F00
FB7400
FB6990
FB5FC0
FB5670
FB4DC0
FB45A0
FB3E10
FB3710
FB30A0
FB2AD0
FB2580
FB20D0
FB1CB0
FB1920
FB1630
FB13C0
FB11F0
FB10B0
FB1000
FB0FF0
FB1060
FB1170
FB1320
FB1550
FB1820
FB1B90
FB1F80
FB2410
FB2930
FB2EE0
FB3530
FB3C00
FB4380
FB4B70
FB53E0
FB5CE0
FB6650
FB7050
FB7AD0
FB85D0
FB9160
FB9D60
FBA9F0
FBB6F0
FBC480
FBD290
FBE120
FBF030
FBFFD0
FC0FC0
FC2010
FC30C0
FC41D0
FC5330
FC64F0
FC7720
FC89A0
FC9C80
FCAFB0
FCC350
FCD740
FCEBA0
FD0050
FD1560
FD2AC0
FD4060
FD5620
FD6C10
FD8230
FD9870
FDAEF0
FDC590
FDDC50
FDF350
FE0A70
FE21C0
FE3940
FE50E0
FE68C0
FE80C0
FE98E0
FEB100
FEC920
FEE120
FEF920
FF1110
FF28F0
FF40C0
FF5890
FF7040
FF8800
FF9FA0
FFB730
FFCEC0
FFE640
FFFDB0
001520
002C40
004320
0059C0
007010
008630
009C00
00B190
00C6E0
00DBE0
00F0A0
010530
011970
012D60
014120
015490
0167C0
017A80
018CD0
019EB0
01B020
01C110
01D1A0
01E1C0
01F160
0200A0
020F60
021DB0
022BA0
023910
024610
0252A0
025EC0
026A50
027550
027FC0
0289A0
0292F0
029BB0
02A3D0
02AB70
02B280
02B900
02BEE0
02C440
02C910
02CD50
02D0F0
02D410
02D690
02D870
02D9C0
02DA60
02DA80
02D9F0
02D8D0
02D710
02D4C0
02D1C0
02CE40
02CA10
02C550
02BFF0
02B9F0
02B360
02AC30
02A480
029C40
029360
0289F0
028000
027570
026A50
025EB0
025270
0245A0
023840
022A50
021BD0
020CC0
01FD10
01ED00
01DC80
01CB80
01BA20
01A840
019600
018340
017010
015C70
014860
0133E0
011EF0
010990
00F3B0
00DD70
00C6B0
00AFC0
009880
008100
006940
005130
0038F0
002060
000790
FFEE80
FFD530
FFBBA0
FFA1C0
FF87A0
FF6D50
FF52B0
FF37C0
FF1CE0
FF01E0
FEE6E0
FECBE0
FEB0D0
FE95B0
FE7A90
FE5F70
FE4430
FE2900
FE0DB0
FDF260
FDD710
FDBBB0
FDA040
FD84D0
FD6990
FD4E80
FD33A0
FD1900
FCFE90
FCE450
FCCA40
FCB060
FC96C0
FC7D40
FC6400
FC4AF0
FC3220
FC1970
FC0100
FBE8B0
FBD0E0
FBB970
FBA270
FB8BD0
FB75A0
FB5FE0
FB4A80
FB3590
FB2110
FB0CF0
FAF940
FAE5F0
FAD320
FAC0A0
FAAEA0
FA9D00
FA8BF0
FA7B80
FA6BA0
FA5C60
FA4DA0
FA3F80
FA31F0
FA2500
FA18A0
FA0CD0
FA0190
F9F6F0
F9ECE0
F9E360
F9DA80
F9D230
F9CA90
F9C390
F9BD50
F9B7B0
F9B2D0
F9AE90
F9AB00
F9A810
F9A5E0
F9A460
F9A380
F9A350
F9A3D0
F9A500
F9A6E0
F9A970
F9ACB0
F9B090
F9B530
F9BA80
F9C090
F9C740
F9CEA0
F9D6C0
F9DF80
F9E900
F9F320
F9FE00
FA0990
FA15D0
FA22C0
FA3060
FA3EA0
FA4D80
FA5D10
FA6D30
FA7DF0
FA8F50
FAA150
FAB400
FAC740
FADB20
FAEFB0
FB04D0
FB1A90
FB3100
FB4800
FB5FB0
FB77D0
FB9070
FBA990
FBC320
FBDD30
FBF7C0
FC12D0
FC2E60
FC4A60
FC66E0
FC83E0
FCA150
FCBF50
FCDDC0
FCFCB0
FD1C10
FD3BD0
FD5BC0
FD7C10
FD9CA0
FDBD80
FDDEA0
FE0020
FE21D0
FE43E0
FE6630
FE88C0
FEABA0
FECED0
FEF250
FF1610
FF3A20
FF5E40
FF8270
FFA6B0
FFCB00
FFEF60
0013D0
003850
005CE0
008190
00A640
00CB00
00EFE0
0114C0
0139C0
015EC0
0183E0
01A8D0
01CD90
01F230
0216B0
023AF0
025F20
028310
02A6E0
02CA90
02EE10
031160
033490
035790
037A70
039D20
03BFB0
03E1E0
0403B0
042520
044640
046700
048760
04A770
04C720
04E670
050560
052400
054240
056020
057DB0
059AE0
05B7B0
05D400
05EFD0
060B20
0625F0
064040
065A00
067350
068C10
06A460
06BC20
06D360
06EA20
070060
071620
072B60
074020
075440
0767D0
077AD0
078D30
079EF0
07B030
07C0C0
07D0D0
07E040
07EF10
07FD50
080B00
081810
082490
083080
083BD0
084680
0850A0
085A20
086300
086B50
087300
087A10
088090
088670
088BC0
089070
089480
089800
089AE0
089D20
089ED0
089FF0
08A080
08A080
08A000
089EF0
089D50
089B30
089870
089530
089170
088D10
088830
0882C0
087CC0
087640
086F20
0867A0
085FB0
085740
084E70
084520
083B70
083140
0826A0
081B90
081010
080430
07F7D0
07EAF0
07DDB0
07D000
07C1E0
07B370
07A4B0
0795B0
078660
0776C0
0766D0
0756A0
074620
073550
072440
0712D0
070130
06EF30
06DCE0
06CA50
06B780
06A470
069150
067E00
066A90
065700
064340
062F60
061B60
060730
05F2E0
05DE70
05C9D0
05B520
05A030
058B30
057600
0560D0
054BB0
053680
052150
050C30
04F710
04E1E0
04CCC0
04B7A0
04A270
048D50
047830
046310
044DF0
0438D0
0423C0
040EC0
03F9D0
03E510
03D070
03BBE0
03A770
039320
037EF0
036AD0
0356E0
034300
032F40
031BA0
030810
02F4B0
02E160
02CE40
02BB60
02A8A0
029610
0283C0
027190
025F90
024DD0
023C30
022AC0
021990
020880
01F7B0
01E700
01D680
01C640
01B620
01A640
0196A0
018720
0177E0
0168D0
015A00
014B60
013CF0
012EB0
0120B0
0112E0
010540
00F7E0
00EAA0
00DDB0
00D0E0
00C440
00B7D0
00AB90
009F80
009390
0087E0
007C60
007110
0065E0
005AF0
005020
004590
003B20
0030E0
0026E0
001CF0
001320
000970
FFFFE0
FFF670
FFED20
FFE3F0
FFDAE0
FFD1F0
FFC920
FFC060
FFB7D0
FFAF60
FFA700
FF9ED0
FF96B0
FF8EA0
FF86A0
FF7EB0
FF76C0
FF6EE0
FF6700
FF5F30
FF5770
FF4FB0
FF4800
FF4060
FF38C0
FF3130
FF29B0
FF2230
FF1AC0
FF1340
FF0BC0
FF0430
FEFC90
FEF4E0
FEED30
FEE570
FEDDA0
FED5D0
FECDF0
FEC600
FEBE10
FEB610
FEAE00
FEA5F0
FE9DC0
FE9580
FE8D30
FE84B0
FE7C20
FE7370
FE6AA0
FE61B0
FE58B0
FE4F90
FE4650
FE3CF0
FE3380
FE29F0
FE2040
FE1670
FE0C80
FE0270
FDF840
FDEDF0
FDE370
FDD8C0
FDCE00
FDC310
FDB800
FDACC0
FDA160
FD95E0
FD8A40
FD7E70
FD7270
FD6660
FD5A20
FD4DC0
FD4130
FD3490
FD27C0
FD1AC0
FD0DB0
FD0070
FCF300
FCE580
FCD7D0
FCCA00
FCBC00
FCADF0
FC9FB0
FC9140
FC82C0
FC7420
FC6560
FC5690
FC47A0
FC38A0
FC2980
FC1A50
FC0B00
FBFBA0
FBEC20
FBDC90
FBCCE0
FBBD20
FBAD40
FB9D40
FB8D40
FB7D20
FB6D10
FB5D00
FB4CE0
FB3CC0
FB2CA0
FB1C80
FB0C50
FAFC20
FAEBF0
FADBC0
FACB90
FABB50
FAAB20
FA9AE0
FA8A90
FA7A70
FA6A60
FA5A60
FA4A90
FA3AC0
FA2B20
FA1B90
FA0C10
F9FCB0
F9ED70
F9DE40
F9CF30
F9C040
F9B160
F9A290
F993F0
F98570
F97730
F96930
F95B60
F94DC0
F94060
F93340
F92640
F91980
F90D00
F900B0
F8F490
F8E8B0
F8DD10
F8D190
F8C660
F8BB70
F8B0D0
F8A690
F89CA0
F89300
F889B0
F880C0
F87810
F86FC0
F867C0
F86010
F858C0
F851B0
F84B00
F84490
F83E80
F838E0
F833A0
F82EC0
F82A50
F82640
F82290
F81F50
F81C70
F81A00
F817F0
F81640
F81500
F81420
F813B0
F813A0
F813F0
F814C0
F815F0
F81790
F819B0
F81C30
F81F30
F82290
F82660
F82AB0
F82F60
F83480
F83A20
F84020
F84690
F84D70
F854D0
F85C90
F864B0
F86D40
F87640
F87FB0
F88980
F893D0
F89E70
F8A990
F8B510
F8C0F0
F8CD50
F8DA10
F8E740
F8F4D0
F902E0
F91130
F91FF0
F92F00
F93E60
F94E20
F95E40
F96EB0
F97F80
F990A0
F9A220
F9B400
F9C630
F9D8C0
F9EBA0
F9FEE0
FA1280
FA2650
FA3A60
FA4EA0
FA6330
FA77F0
FA8CF0
FAA220
FAB790
FACD40
FAE330
FAF950
FB0FB0
FB2650
FB3D20
FB5430
FB6B80
FB82E0
FB9A60
FBB1E0
FBC980
FBE140
FBF910
FC10F0
FC28E0
FC40F0
FC5910
FC7140
FC8990
FCA1F0
FCBA60
FCD2F0
FCEB90
FD0420
FD1C90
FD34F0
FD4D40
FD6570
FD7DA0
FD95A0
FDADA0
FDC580
FDDD50
FDF510
FE0CB0
FE2440
FE3BC0
FE5320
FE6A80
FE8190
FE9860
FEAF00
FEC560
FEDB80
FEF170
FF0710
FF1C80
FF31B0
FF46A0
FF5B60
FF6FE0
FF8410
FF9810
FFABE0
FFBF60
FFD290
FFE560
FFF7D0
0009E0
001B90
002CF0
003DE0
004E80
005EC0
006EA0
007E30
008D50
009C20
00AA90
00B8A0
00C650
00D390
00E060
00ECC0
00F8B0
010420
010F20
0119C0
0123E0
012D90
0136D0
013F90
0147F0
014FD0
015750
015E50
0164E0
016B00
0170A0
0175C0
017A70
017EA0
018260
0185A0
018870
018AC0
018CA0
018E00
018EF0
018F60
018F50
018ED0
018DE0
018C70
018AA0
018850
0185A0
018280
017EE0
017AE0
017670
017190
016C40
016680
016050
0159B0
0152A0
014B20
014340
013AF0
013260
012970
012020
011680
010C90
010240
00F790
00EC90
00E140
00D590
00C990
00BD30
00B080
00A380
009610
008880
007AC0
006CC0
005E90
005020
004190
0032C0
0023C0
001490
000520
FFF590
FFE5C0
FFD5B0
FFC580
FFB510
FFA470
FF93C0
FF8310
FF7250
FF6190
FF50C0
FF3FF0
FF2F10
FF1E20
FF0D30
FEFC30
FEEB20
FEDA10
FEC900
FEB7D0
FEA6B0
FE9570
FE8460
FE7370
FE62A0
FE51F0
FE4170
FE3100
FE20C0
FE10A0
FE00A0
FDF0C0
FDE100
FDD160
FDC1F0
FDB2A0
FDA360
FD9450
FD8590
FD7710
FD68E0
FD5B00
FD4D60
FD4010
FD3310
FD2650
FD19E0
FD0DB0
FD01D0
FCF640
FCEB00
FCE000
FCD540
FCCAE0
FCC0E0
FCB740
FCAE10
FCA550
FC9CF0
FC9500
FC8D70
FC8650
FC7F90
FC7940
FC7360
FC6DE0
FC68D0
FC6420
FC5FE0
FC5C00
FC58A0
FC55C0
FC5350
FC5160
FC4FF0
FC4EF0
FC4E70
FC4E70
FC4EE0
FC4FD0
FC5140
FC5320
FC5580
FC5860
FC5BB0
FC5F80
FC63D0
FC68A0
FC6DF0
FC73B0
FC79F0
FC80B0
FC87F0
FC8FB0
FC97E0
FCA0A0
FCA9D0
FCB380
FCBDB0
FCC860
FCD390
FCDF30
FCEB50
FCF7D0
FD04D0
FD1240
FD2020
FD2E70
FD3D30
FD4C60
FD5C00
FD6C20
FD7CA0
FD8D90
FD9F00
FDB0D0
FDC320
FDD5E0
FDE8F0
FDFC60
FE1020
FE2440
FE38B0
FE4D70
FE6290
FE7810
FE8DE0
FEA410
FEBA90
FED160
FEE890
FF0010
FF17F0
FF3030
FF4890
FF6130
FF7A10
FF9310
FFAC50
FFC5C0
FFDF60
FFF940
001350
002D90
004810
0062B0
007DA0
0098B0
00B400
00CF70
00EB00
0106A0
012240
013DF0
0159B0
017570
019150
01AD30
01C920
01E520
020120
021D30
023950
025580
0271C0
028E00
02AA30
02C640
02E230
02FE00
0319C0
033560
0350E0
036C50
0387A0
03A2D0
03BDE0
03D8D0
03F3B0
040E70
042920
0443A0
045DF0
047800
0491D0
04AB50
04C4A0
04DDB0
04F690
050F20
052770
053F80
055760
056EF0
058640
059D60
05B440
05CAD0
05E110
05F700
060C90
0621C0
0636A0
064B30
065F50
067320
0686A0
0699C0
06AC90
06BEF0
06D110
06E2C0
06F430
070530
0715D0
072610
0735E0
074550
075460
0762F0
077130
077F00
078C60
079960
07A600
07B230
07BE00
07C960
07D460
07DEF0
07E920
07F2E0
07FC40
080530
080DB0
0815D0
081D80
0824D0
082BB0
083220
083830
083DE0
084320
0847F0
084C50
085060
085400
085740
085A20
085CA0
085ED0
086090
086200
086300
0863B0
0863F0
0863E0
086370
0862A0
086170
085FE0
085DF0
085BB0
085930
085660
085340
084FE0
084C30
084840
084400
083F70
083AA0
083580
083010
082A60
082460
081E20
081780
0810C0
0809D0
0802B0
07FB60
07F3E0
07EC30
07E450
07DC50
07D410
07CBA0
07C300
07BA30
07B140
07A810
079EB0
079530
078B90
0781E0
077820
076E50
076470
075A80
075080
074670
073C40
073210
0727C0
071D60
071300
070880
06FDF0
06F350
06E8C0
06DE30
06D3B0
06C930
06BEC0
06B460
06AA00
069FB0
069560
068B30
0680F0
0676D0
066CA0
066290
065880
064E80
0644A0
063AE0
063140
0627C0
061E60
061530
060C10
060320
05FA40
05F190
05E900
05E090
05D840
05D010
05C810
05C020
05B870
05B0E0
05A990
05A260
059B70
0594A0
058E10
0587B0
058170
057B70
0575A0
056FF0
056A80
056540
056030
055B40
0556A0
055220
054DE0
0549E0
054610
054270
053F10
053BE0
0538F0
053630
0533A0
053150
052F40
052D50
052BB0
052A30
0528F0
0527E0
052700
052660
0525E0
0525A0
052590
0525B0
052610
052690
052750
052840
052960
052AB0
052C40
052DF0
052FE0
0531E0
053410
053670
0538F0
053BA0
053E70
054170
054490
0547E0
054B50
054EF0
0552B0
0556A0
055AC0
055EF0
056350
0567B0
056C30
0570D0
057570
057A30
057F10
058400
058900
058E20
059350
059890
059DF0
05A360
05A8F0
05AE90
05B430
05B9D0
05BF80
05C520
05CAD0
05D080
05D630
05DBE0
05E190
05E750
05ED00
05F2C0
05F880
05FE40
060400
0609C0
060F70
061510
061AA0
062010
062580
062AD0
063010
063540
063A50
063F60
064450
064930
064E00
0652B0
065760
065BF0
066060
0664B0
0668D0
066CE0
0670B0
067470
067800
067B70
067EC0
0681E0
0684F0
0687C0
068A80
068D10
068F80
0691D0
0693E0
0695D0
069780
069900
069A50
069B70
069C60
069D10
069DA0
069DF0
069E10
069E00
069DC0
069D40
069CA0
069BC0
069AB0
069960
0697E0
069620
069420
0691F0
068F90
068CE0
068A00
0686F0
0683A0
068010
067C50
067850
067420
066FB0
066B00
066620
066100
065BB0
065610
065040
064A40
064400
063D80
0636C0
062FD0
0628A0
062130
061990
0611B0
0609A0
060150
05F8D0
05F010
05E720
05DE00
05D4A0
05CB10
05C150
05B760
05AD30
05A2C0
059830
058D60
058260
057720
056BB0
056010
055450
054860
053C40
052FF0
052370
0516D0
050A00
04FD00
04EFE0
04E290
04D510
04C760
04B980
04AB80
049D50
048F00
048090
047200
046350
045480
044590
043680
042750
041800
040890
03F900
03E950
03D980
03C990
03B980
03A960
039910
0388C0
037860
0367E0
035750
0346B0
033600
032530
031460
030370
02F270
02E150
02D030
02BEF0
02ADA0
029C40
028AD0
027960
0267F0
025670
0244F0
023370
0221E0
021040
01FEA0
01ED00
01DB50
01C9A0
01B7F0
01A630
019470
0182A0
0170E0
015F10
014D50
013B90
0129E0
011820
010670
00F4C0
00E310
00D160
00BFC0
00AE10
009C70
008AD0
007940
0067A0
005610
004490
003320
0021B0
001050
FFFEF0
FFEDA0
FFDC60
FFCB20
FFBA00
FFA8D0
FF97C0
FF86B0
FF75B0
FF64B0
FF53C0
FF42E0
FF3210
FF2150
FF1090
FEFFF0
FEEF60
FEDED0
FECE50
FEBDF0
FEAD90
FE9D40
FE8D00
FE7CD0
FE6CB0
FE5CA0
FE4C90
FE3CA0
FE2CC0
FE1CF0
FE0D20
FDFD70
FDEDD0
FDDE40
FDCEC0
FDBF40
FDAFE0
FDA090
FD9150
FD8220
FD7300
FD63F0
FD54F0
FD4600
FD3720
FD2850
FD1990
FD0AF0
FCFC50
FCEDC0
FCDF50
FCD0E0
FCC280
FCB440
FCA600
FC97E0
FC89D0
FC7BC0
FC6DD0
FC5FF0
FC5210
FC4450
FC36A0
FC2900
FC1B60
FC0DE0
FC0070
FBF310
FBE5C0
FBD870
FBCB40
FBBE20
FBB110
FBA410
FB9720
FB8A40
FB7D70
FB70B0
FB6400
FB5770
FB4AE0
FB3E60
FB3200
FB25B0
FB1960
FB0D30
FB0110
FAF500
FAE8F0
FADD00
FAD130
FAC560
FAB9A0
FAADF0
FAA260
FA96E0
FA8B70
FA8010
FA74C0
FA6980
FA5E50
FA5340
FA4830
FA3D40
FA3260
FA2790
FA1CD0
FA1230
FA0790
F9FD10
F9F2B0
F9E860
F9DE20
F9D400
F9C9E0
F9BFF0
F9B600
F9AC30
F9A270
F998D0
F98F40
F985C0
F97C60
F97310
F969E0
F960C0
F957C0
F94EE0
F94610
F93D60
F934C0
F92C50
F923E0
F91B90
F91360
F90B50
F90350
F8FB60
F8F3A0
F8EBF0
F8E460
F8DCF0
F8D5A0
F8CE70
F8C760
F8C070
F8B9A0
F8B2E0
F8AC50
F8A5E0
F89F80
F89950
F89330
F88D40
F88760
F881B0
F87C10
F876A0
F87150
F86C30
F86720
F86240
F85D80
F858D0
F85460
F85000
F84BC0
F847B0
F843C0
F83FF0
F83C40
F838C0
F83560
F83220
F82F00
F82C10
F82950
F826A0
F82420
F821C0
F81F90
F81D80
F81B90
F819D0
F81830
F816C0
F81560
F81430
F81330
F81240
F81180
F810F0
F81070
F81020
F80FF0
F80FE0
F81000
F81040
F810B0
F81130
F811E0
F812B0
F813B0
F814C0
F81600
F81760
F818E0
F81A80
F81C40
F81E20
F82020
F82240
F82480
F826F0
F82970
F82C20
F82EF0
F831E0
F834E0
F83810
F83B50
F83EB0
F84220
F845A0
F84950
F84D10
F850E0
F854D0
F858E0
F85D00
F86140
F86590
F86A00
F86E80
F87330
F877D0
F87C90
F88160
F88640
F88B20
F89010
F89520
F89A30
F89F50
F8A470
F8A9B0
F8AF00
F8B450
F8B9C0
F8BF30
F8C4B0
F8CA30
F8CFB0
F8D540
F8DAC0
F8E040
F8E5D0
F8EB50
F8F0E0
F8F660
F8FBF0
F90170
F90700
F90C90
F91210
F917A0
F91D30
F922B0
F92820
F92D80
F932E0
F93830
F93D60
F942A0
F947C0
F94CD0
F951E0
F956D0
F95BC0
F960A0
F96580
F96A40
F96F00
F973A0
F97820
F97C90
F980E0
F98510
F98930
F98D30
F99120
F994F0
F998A0
F99C40
F99FC0
F9A320
F9A670
F9A9A0
F9ACB0
F9AFA0
F9B270
F9B520
F9B7B0
F9BA10
F9BC50
F9BE70
F9C070
F9C240
F9C400
F9C590
F9C700
F9C840
F9C970
F9CA70
F9CB50
F9CC00
F9CC90
F9CD00
F9CD40
F9CD50
F9CD40
F9CD10
F9CCB0
F9CC20
F9CB70
F9CAA0
F9C9A0
F9C870
F9C720
F9C5B0
F9C410
F9C250
F9C060
F9BE50
F9BC20
F9B9C0
F9B740
F9B490
F9B1D0
F9AEE0
F9ABC0
F9A880
F9A520
F9A1A0
F99DF0
F99A20
F99620
F99210
F98DE0
F98990
F98520
F98090
F97BE0
F97710
F97230
F96D30
F96810
F962D0
F95D70
F957F0
F95250
F94CA0
F946C0
F940E0
F93AF0
F934E0
F92ED0
F928B0
F92280
F91C40
F915F0
F90F90
F90920
F902A0
F8FC10
F8F570
F8EED0
F8E810
F8E140
F8DA80
F8D3B0
F8CCF0
F8C640
F8BF80
F8B8C0
F8B210
F8AB60
F8A4B0
F89E10
F89770
F890C0
F88A20
F88390
F87CF0
F87660
F86FE0
F86980
F86330
F85D00
F856F0
F850F0
F84B00
F84530
F83F80
F839E0
F83460
F82EF0
F829A0
F82470
F81F50
F81A40
F81570
F810C0
F80C40
F807E0
F803C0
F7FFC0
F7FBF0
F7F850
F7F4E0
F7F190
F7EE80
F7EB90
F7E8C0
F7E630
F7E3C0
F7E190
F7DF90
F7DDC0
F7DC40
F7DAF0
F7D9F0
F7D920
F7D890
F7D830
F7D820
F7D840
F7D8A0
F7D940
F7DA20
F7DB30
F7DC80
F7DE20
F7DFF0
F7E210
F7E480
F7E730
F7EA20
F7ED60
F7F0F0
F7F4C0
F7F8D0
F7FD30
F801E0
F806D0
F80C00
F81180
F81750
F81D50
F823B0
F82A50
F83140
F83870
F83FF0
F847C0
F84FD0
F85830
F860E0
F869D0
F87310
F87C90
F88660
F89080
F89AE0
F8A590
F8B090
F8BBC0
F8C740
F8D2F0
F8DEF0
F8EB40
F8F7C0
F90490
F91190
F91EE0
F92C70
F93A50
F94860
F956C0
F96560
F97440
F98350
F992A0
F9A220
F9B1C0
F9C1A0
F9D1C0
F9E200
F9F280
FA0320
FA1400
FA2510
FA3660
FA47D0
FA5980
FA6B50
FA7D60
FA8F90
FAA1E0
FAB440
FAC6C0
FAD950
FAEC10
FAFEE0
FB11D0
FB24D0
FB37F0
FB4B30
FB5E90
FB7200
FB8590
FB9940
FBAD10
FBC0D0
FBD4A0
FBE860
FBFC30
FC0FF0
FC23B0
FC3770
FC4B30
FC5F00
FC72C0
FC8680
FC9A40
FCADF0
FCC1B0
FCD570
FCE930
FCFCD0
FD1050
FD23A0
FD36E0
FD4A10
FD5D10
FD6FF0
FD82B0
FD9550
FDA7E0
FDBA40
FDCC90
FDDEB0
FDF0C0
FE02B0
FE1470
FE2600
FE3760
FE4880
FE5960
FE6A00
FE7A70
FE8AA0
FE9AA0
FEAA60
FEB9E0
FEC930
FED830
FEE710
FEF5A0
FF0400
FF1230
FF2000
FF2D80
FF3AB0
FF47A0
FF5430
FF6070
FF6C60
FF7800
FF8350
FF8E50
FF9900
FFA360
FFAD70
FFB730
FFC0A0
FFC9B0
FFD270
FFDAE0
FFE2E0
FFEA90
FFF1E0
FFF8D0
FFFF60
0005A0
000B70
0010F0
001610
001AE0
001F40
002350
002700
002A50
002D40
002FE0
003220
0033F0
003570
003690
003750
0037C0
0037C0
003770
0036C0
0035B0
003440
003270
003040
002DC0
002AE0
0027B0
002430
002060
001C40
0017D0
001300
000DE0
000870
0002B0
FFFCA0
FFF640
FFEF80
FFE880
FFE120
FFD970
FFD180
FFC960
FFC100
FFB860
FFAF80
FFA670
FF9D20
FF9390
FF89D0
FF7FD0
FF7590
FF6B10
FF6060
FF5570
FF4A40
FF3ED0
FF3350
FF27B0
FF1BF0
FF1020
FF0420
FEF810
FEEBF0
FEDFA0
FED340
FEC6C0
FEBA30
FEAD70
FEA0A0
FE93B0
FE86B0
FE7980
FE6C70
FE5F50
FE5250
FE4550
FE3850
FE2B60
FE1E80
FE11A0
FE04D0
FDF810
FDEB50
FDDE90
FDD1E0
FDC540
FDB8A0
FDAC10
FD9FB0
FD9370
FD8770
FD7B90
FD6FF0
FD6470
FD5920
FD4E00
FD4310
FD3850
FD2DC0
FD2360
FD1930
FD0F20
FD0550
FCFBA0
FCF250
FCE940
FCE090
FCD820
FCD010
FCC850
FCC0E0
FCB9B0
FCB2E0
FCAC60
FCA630
FCA050
FC9AC0
FC9580
FC9090
FC8C00
FC87C0
FC8400
FC80A0
FC7DA0
FC7B10
FC78F0
FC7730
FC75E0
FC74F0
FC7470
FC7450
FC74A0
FC7560
FC7680
FC7810
FC7A00
FC7C70
FC7F50
FC82A0
FC8670
FC8AB0
FC8F60
FC9490
FC9A30
FCA040
FCA6D0
FCADD0
FCB540
FCBD30
FCC590
FCCE60
FCD7B0
FCE170
FCEB90
FCF630
FD0150
FD0CD0
FD18C0
FD2520
FD3200
FD3F40
FD4D00
FD5B30
FD69C0
FD78D0
FD8850
FD9840
FDA8B0
FDB970
FDCA90
FDDC10
FDEDF0
FE0030
FE12D0
FE25D0
FE3930
FE4CF0
FE6110
FE7590
FE8A60
FE9FA0
FEB540
FECB40
FEE190
FEF830
FF0F00
FF2620
FF3D70
FF5500
FF6CD0
FF84E0
FF9D20
FFB5B0
FFCE80
FFE780
0000C0
001A40
003400
004E00
006840
008290
009CF0
00B760
00D1F0
00EC80
010730
0121F0
013CC0
0157A0
0172A0
018DA0
01A8C0
01C3F0
01DF30
01FA90
0215F0
023140
024C60
026770
028260
029D20
02B7D0
02D260
02ECD0
030720
032150
033B60
035550
036F20
0388D0
03A260
03BBE0
03D500
03EDD0
040650
041E80
043660
044DF0
046530
047C20
0492C0
04A900
04BF00
04D4B0
04EA00
04FF10
0513C0
052830
053C10
054F80
056270
0574F0
0586E0
059860
05A960
05B9E0
05C9F0
05D970
05E880
05F710
060530
0612C0
061FE0
062C80
063880
0643F0
064EC0
0658F0
066280
066B80
0673E0
067BA0
0682D0
068950
068F50
0694A0
069960
069D80
06A100
06A3E0
06A620
06A7B0
06A8A0
06A8E0
06A880
06A770
06A5B0
06A340
06A040
069C80
069820
069310
068D60
068700
067FF0
067840
066FE0
0666F0
065D40
065300
064810
063C80
063040
062370
0615E0
0607C0
05F8F0
05E980
05D970
05C8B0
05B750
05A540
0592B0
057F90
056BE0
0557B0
0542E0
052D90
0517C0
050150
04EA60
04D2D0
04BAC0
04A230
048900
046F50
045510
043A40
041F10
040380
03E790
03CB40
03AE80
039170
0373F0
035610
0337D0
031930
02FA30
02DAD0
02BB00
029AE0
027A50
025960
023850
021710
01F5A0
01D410
01B250
019070
016E60
014C30
0129D0
010750
00E4A0
00C1C0
009EC0
007B90
005830
0034C0
001150
FFEE00
FFCAC0
FFA7A0
FF8490
FF6190
FF3EB0
FF1BE0
FEF930
FED690
FEB400
FE9190
FE6F30
FE4CF0
FE2AC0
FE08A0
FDE6E0
FDC570
FDA460
FD83A0
FD6330
FD4320
FD2360
FD0400
FCE4F0
FCC630
FCA7D0
FC89D0
FC6C10
FC4EC0
FC31B0
FC1500
FBF8E0
FBDD50
FBC240
FBA7D0
FB8DF0
FB7490
FB5BD0
FB4390
FB2BE0
FB14D0
FAFE40
FAE840
FAD2D0
FABDF0
FAA9A0
FA95E0
FA82D0
FA7080
FA5EF0
FA4E10
FA3DE0
FA2E80
FA1FC0
FA11C0
FA0480
F9F7F0
F9EC20
F9E100
F9D6A0
F9CD00
F9C410
F9BBD0
F9B470
F9ADD0
F9A800
F9A300
F99EE0
F99B80
F998E0
F99720
F99630
F99610
F996B0
F99830
F99A70
F99D90
F9A170
F9A620
F9ABA0
F9B1F0
F9B900
F9C0F0
F9C9A0
F9D320
F9DD70
F9E890
F9F470
FA0120
FA0EA0
FA1CF0
FA2C10
FA3BF0
FA4CA0
FA5E30
FA7060
FA8340
FA96E0
FAAB30
FAC030
FAD5E0
FAEC50
FB0370
FB1B40
FB33C0
FB4D00
FB66E0
FB8180
FB9CD0
FBB8E0
FBD590
FBF2D0
FC1090
FC2ED0
FC4DA0
FC6CE0
FC8CB0
FCAD10
FCCDE0
FCEF40
FD1110
FD3370
FD5660
FD79C0
FD9DB0
FDC220
FDE710
FE0C40
FE31C0
FE5780
FE7D80
FEA3C0
FECA50
FEF110
FF1820
FF3F70
FF6710
FF8EE0
FFB700
FFDF60
000800
0030F0
005A10
008340
00AC50
00D570
00FE80
012780
015080
017980
01A280
01CB60
01F450
021D30
024610
026EE0
0297B0
02C070
02E940
0311A0
0339C0
036190
038910
03B030
03D710
03FD90
0423D0
0449B0
046F40
049480
04B970
04DE00
050250
052650
0549F0
056D00
058F80
05B170
05D2C0
05F390
0613B0
063350
065250
0670C0
068EA0
06ABE0
06C890
06E4B0
070040
071B30
073590
074F20
0767F0
078000
079740
07ADB0
07C360
07D840
07EC60
07FFB0
081240
082400
083500
084530
0854A0
086340
087120
087E10
088A20
089550
089F90
08A8F0
08B160
08B900
08BFB0
08C570
08CA50
08CE50
08D170
08D3A0
08D4F0
08D550
08D4E0
08D370
08D120
08CDF0
08C9D0
08C4D0
08BEE0
08B810
08B050
08A7A0
089E10
0893A0
088840
087BF0
086EC0
0860B0
0851B0
0841E0
083140
081FD0
080D90
07FA80
07E6A0
07D1F0
07BC80
07A630
078F10
077720
075E60
0744D0
072A80
070F50
06F350
06D6B0
06B980
069BA0
067D30
065E10
063E60
061E00
05FD10
05DB80
05B950
059670
057300
054EF0
052A40
0504F0
04DF10
04B8C0
049220
046B20
0443C0
041C00
03F3F0
03CB80
03A2C0
037990
035010
032630
02FC00
02D160
02A670
027B30
024F80
0223D0
01F810
01CC40
01A070
017490
0148A0
011CA0
00F090
00C480
009860
006C30
003FF0
0013B0
FFE760
FFBB00
FF8E90
FF6270
FF3690
FF0AF0
FEDF90
FEB480
FE89B0
FE5F30
FE34E0
FE0AF0
FDE130
FDB7B0
FD8E80
FD65A0
FD3CF0
FD1490
FCEC70
FCC4E0
FC9DE0
FC7770
FC5190
FC2C30
FC0770
FBE330
FBBF90
FB9C70
FB79E0
FB57E0
FB3670
FB1590
FAF540
FAD580
FAB640
FA97D0
FA7A30
FA5D50
FA4140
FA25F0
FA0B60
F9F1A0
F9D8A0
F9C070
F9A910
F99270
F97C90
F96780
F95330
F93FB0
F92CF0
F91B20
F90A30
F8FA30
F8EB20
F8DCF0
F8CFB0
F8C350
F8B7E0
F8AD60
F8A3C0
F89B00
F89340
F88C50
F88660
F88150
F87D20
F879F0
F877A0
F87650
F875E0
F87660
F877E0
F87A40
F87D90
F881D0
F88700
F88D20
F89430
F89C30
F8A520
F8AF00
F8B9D0
F8C570
F8D1F0
F8DF50
F8ED80
F8FC90
F90C80
F91D40
F92EE0
F94150
F954A0
F968D0
F97DD0
F993B0
F9AA60
F9C200
F9DA60
F9F380
FA0D40
FA27B0
FA42C0
FA5E80
FA7AF0
FA9800
FAB5C0
FAD430
FAF340
FB1300
FB3370
FB5490
FB7650
FB98B0
FBBBD0
FBDF50
FC0330
FC2780
FC4C30
FC7140
FC96C0
FCBCB0
FCE300
FD09B0
FD30D0
FD5860
FD8050
FDA8A0
FDD160
FDFA80
FE2400
FE4DA0
FE7760
FEA130
FECB20
FEF530
FF1F40
FF4980
FF73D0
FF9E30
FFC8B0
FFF350
001E00
0048C0
0073B0
009EA0
00C9C0
00F490
011F30
0149A0
0173D0
019DD0
01C790
01F110
021A60
024370
026C50
0294F0
02BD60
02E590
030D90
033550
035CD0
0383E0
03AA60
03D060
03F5E0
041AE0
043F60
046360
0486D0
04A9D0
04CC40
04EE40
050FB0
0530A0
055110
057100
059060
05AF10
05CD10
05EA40
0606C0
062290
063D90
0657E0
067170
068A50
06A270
06B9D0
06D070
06E660
06FB90
071000
0723C0
0736A0
0748A0
0759C0
076A00
077970
078800
0795B0
07A280
07AE70
07B990
07C3C0
07CD20
07D5A0
07DD50
07E410
07EA00
07EF00
07F320
07F660
07F8B0
07FA30
07FAB0
07FA60
07F920
07F700
07F400
07F010
07EB40
07E580
07DEF0
07D770
07CF00
07C5D0
07BBC0
07B0F0
07A540
0798C0
078B80
077D60
076E60
075EA0
074E10
073CB0
072A70
071770
070390
06EEE0
06D970
06C340
06AC80
069510
067D00
066440
064AE0
0630D0
061620
05FAD0
05DEE0
05C240
05A4F0
058710
056870
054940
052960
050920
04E870
04C750
04A5D0
0483F0
046190
043EE0
041BC0
03F830
03D440
03AFE0
038B20
0365F0
034050
031A50
02F3F0
02CD60
02A6C0
027FF0
025900
0231F0
020AC0
01E370
01BC00
019470
016CC0
0144F0
011CF0
00F4E0
00CCA0
00A450
007BD0
005380
002B50
000350
FFDB70
FFB3B0
FF8C20
FF64C0
FF3D70
FF1660
FEEF60
FEC890
FEA1F0
FE7B60
FE5510
FE2ED0
FE08D0
FDE320
FDBDE0
FD9910
FD7490
FD5090
FD2CE0
FD09B0
FCE6D0
FCC460
FCA260
FC80C0
FC5F80
FC3EB0
FC1E40
FBFE40
FBDEA0
FBBFA0
FBA130
FB8350
FB6610
FB4960
FB2D40
FB11C0
FAF6D0
FADC80
FAC2C0
FAA9A0
FA9110
FA7910
FA61B0
FA4AE0
FA34A0
FA1F20
FA0A50
F9F620
F9E2B0
F9CFF0
F9BDE0
F9AC80
F99BE0
F98BE0
F97C90
F96E00
F96020
F952E0
F94660
F93A90
F92F70
F92500
F91B50
F91240
F909F0
F90250
F8FB70
F8F530
F8EFB0
F8EAE0
F8E6C0
F8E360
F8E0A0
F8DEA0
F8DD50
F8DCC0
F8DCD0
F8DD90
F8DEE0
F8E0D0
F8E370
F8E6A0
F8EA70
F8EEE0
F8F3F0
F8F9A0
F8FFF0
F906D0
F90E60
F91680
F91F50
F928B0
F932C0
F93D30
F94820
F95390
F95F60
F96BC0
F97880
F985C0
F99370
F9A1A0
F9B040
F9BF50
F9CED0
F9DED0
F9EF50
FA0030
FA11A0
FA2340
FA3520
FA4740
FA59A0
FA6C40
FA7F20
FA9240
FAA590
FAB930
FACD10
FAE130
FAF590
FB0A30
FB1F10
FB3430
FB4980
FB5EF0
FB7450
FB89C0
FB9F30
FBB4A0
FBCA10
FBDF90
FBF510
FC0AA0
FC2020
FC35B0
FC4B50
FC60E0
FC7680
FC8C20
FCA1D0
FCB740
FCCC80
FCE180
FCF660
FD0B00
FD1F60
FD33A0
FD47A0
FD5B60
FD6F00
FD8260
FD9590
FDA890
FDBB50
FDCDE0
FDE040
FDF230
FE03D0
FE1500
FE25E0
FE3650
FE4660
FE5610
FE6550
FE7440
FE82C0
FE90F0
FE9EB0
FEAC10
FEB910
FEC5B0
FED1F0
FEDDB0
FEE8E0
FEF3A0
FEFDE0
FF0790
FF10D0
FF1990
FF21C0
FF2980
FF30C0
FF3770
FF3DB0
FF4370
FF48A0
FF4D60
FF5190
FF5540
FF5870
FF5B10
FF5D20
FF5EC0
FF5FC0
FF6040
FF6040
FF5FB0
FF5E90
FF5CF0
FF5AD0
FF5820
FF54E0
FF5120
FF4CE0
FF4810
FF42D0
FF3D20
FF36E0
FF3030
FF2900
FF2150
FF1920
FF1080
FF0760
FEFDC0
FEF3A0
FEE910
FEDDF0
FED260
FEC660
FEB9F0
FEAD30
FEA010
FE9290
FE84B0
FE7680
FE67F0
FE5900
FE49C0
FE3A10
FE2A10
FE19B0
FE0900
FDF7E0
FDE670
FDD4A0
FDC2A0
FDB070
FD9E10
FD8B90
FD78D0
FD65E0
FD52D0
FD3F80
FD2C10
FD1860
FD0490
FCF080
FCDC50
FCC7E0
FCB350
FC9E90
FC89D0
FC7510
FC6060
FC4BC0
FC3710
FC2270
FC0DD0
FBF940
FBE4B0
FBD020
FBBBA0
FBA720
FB92B0
FB7E40
FB69D0
FB5560
FB4130
FB2D40
FB1990
FB0610
FAF2D0
FADFC0
FACCF0
FABA50
FAA800
FA95D0
FA83F0
FA7240
FA60D0
FA4F90
FA3E90
FA2DD0
FA1D70
FA0D70
F9FDE0
F9EEC0
F9DFF0
F9D1A0
F9C3A0
F9B610
F9A8F0
F99C30
F98FD0
F983E0
F97850
F96D30
F96270
F95820
F94E50
F94500
F93C30
F933F0
F92C30
F92500
F91E50
F91820
F91270
F90D50
F908B0
F90490
F90100
F8FDF0
F8FB60
F8F960
F8F7F0
F8F700
F8F6B0
F8F6F0
F8F7C0
F8F920
F8FB10
F8FD90
F900B0
F90450
F90880
F90D50
F912A0
F91890
F91F10
F92610
F92DB0
F935D0
F93E70
F947A0
F95160
F95BA0
F96660
F971B0
F97D90
F98A00
F996E0
F9A460
F9B260
F9C0F0
F9D000
F9DF90
F9EFA0
FA0010
FA10F0
FA2250
FA3400
FA4630
FA58D0
FA6BD0
FA7F50
FA9330
FAA780
FABC40
FAD160
FAE700
FAFD00
FB1380
FB2A30
FB4130
FB5870
FB6FF0
FB87C0
FB9FC0
FBB810
FBD0A0
FBE980
FC0290
FC1BF0
FC35A0
FC4F80
FC69B0
FC8410
FC9ED0
FCB990
FCD460
FCEF40
FD0A30
FD2540
FD4050
FD5B80
FD76B0
FD91F0
FDAD50
FDC8C0
FDE430
FDFFC0
FE1B50
FE3700
FE52C0
FE6E50
FE89C0
FEA510
FEC040
FEDB40
FEF620
FF10E0
FF2B70
FF45E0
FF6030
FF7A60
FF9460
FFAE40
FFC800
FFE190
FFFB00
001420
002CE0
004550
005D70
007540
008CB0
00A3D0
00BA90
00D110
00E720
00FCF0
011260
012780
013C50
0150C0
0164F0
017890
018BC0
019E70
01B0B0
01C270
01D3C0
01E490
01F4F0
0204D0
021430
022320
023190
023F90
024D10
025A20
0266B0
0272B0
027E20
028910
029360
029D30
02A680
02AF30
02B760
02BEF0
02C600
02CC90
02D280
02D7F0
02DCC0
02E110
02E4E0
02E810
02EAB0
02ECD0
02EE60
02EF60
02EFD0
02EFB0
02EF00
02EDC0
02EC00
02E9A0
02E6C0
02E350
02DF50
02DAC0
02D5B0
02D010
02CA00
02C370
02BC60
02B4D0
02ACD0
02A450
029B50
0291D0
0287D0
027D60
027270
026700
025B10
024EA0
0241C0
023480
0226E0
0218E0
020A90
01FBE0
01ECE0
01DD70
01CDB0
01BD90
01AD20
019C50
018B20
017990
0167B0
015570
0142D0
013000
011D10
0109E0
00F680
00E300
00CF40
00BB60
00A740
0092F0
007E80
0069D0
005500
004000
002AC0
001560
FFFFC0
FFEA30
FFD4A0
FFBF00
FFA970
FF93E0
FF7E50
FF68C0
FF5330
FF3DA0
FF2810
FF1280
FEFCF0
FEE760
FED1D0
FEBC40
FEA6C0
FE9160
FE7C30
FE6730
FE5250
FE3DB0
FE2930
FE14E0
FE00D0
FDECE0
FDD910
FDC580
FDB220
FD9EE0
FD8BD0
FD78F0
FD6640
FD53F0
FD41E0
FD3030
FD1EC0
FD0DB0
FCFCF0
FCEC90
FCDC70
FCCCB0
FCBD30
FCAE10
FC9F50
FC90D0
FC82A0
FC74D0
FC6750
FC5A30
FC4D80
FC4140
FC3560
FC29F0
FC1EE0
FC1440
FC0A10
FC0040
FBF6D0
FBEDE0
FBE550
FBDD20
FBD560
FBCE00
FBC720
FBC0A0
FBBA90
FBB4F0
FBAFC0
FBAB00
FBA6C0
FBA2E0
FB9F70
FB9C80
FB99F0
FB97D0
FB9630
FB94F0
FB9420
FB93D0
FB93E0
FB9460
FB9540
FB9690
FB9840
FB9A50
FB9CD0
FB9FB0
FBA2F0
FBA6A0
FBAAB0
FBAF20
FBB400
FBB940
FBBEF0
FBC500
FBCB70
FBD230
FBD940
FBE0A0
FBE850
FBF040
FBF880
FC0110
FC09F0
FC1320
FC1C90
FC2660
FC3070
FC3AD0
FC4580
FC5070
FC5BC0
FC6730
FC72D0
FC7E90
FC8A80
FC96A0
FCA2E0
FCAF50
FCBBE0
FCC8A0
FCD590
FCE2B0
FCEFF0
FCFD60
FD0AF0
FD18B0
FD26A0
FD3490
FD4280
FD5070
FD5E60
FD6C60
FD7A50
FD8850
FD9650
FDA450
FDB250
FDC050
FDCE60
FDDC60
FDEA70
FDF880
FE0690
FE1480
FE2250
FE2FF0
FE3D80
FE4AE0
FE5820
FE6540
FE7230
FE7F10
FE8BC0
FE9860
FEA4D0
FEB120
FEBD40
FEC950
FED530
FEE0D0
FEEC40
FEF760
FF0240
FF0CE0
FF1740
FF2160
FF2B40
FF34E0
FF3E30
FF4750
FF5030
FF58C0
FF6110
FF6930
FF7100
FF7880
FF7FB0
FF8690
FF8D20
FF9360
FF9950
FF9EE0
FFA430
FFA920
FFADC0
FFB220
FFB620
FFB9D0
FFBD20
FFC030
FFC2F0
FFC550
FFC760
FFC920
FFCA90
FFCBA0
FFCC60
FFCCD0
FFCCE0
FFCCB0
FFCC20
FFCB30
FFCA00
FFC870
FFC690
FFC460
FFC1D0
FFBF00
FFBBF0
FFB890
FFB500
FFB110
FFACF0
FFA880
FFA3C0
FF9ED0
FF9990
FF9410
FF8E40
FF8830
FF81E0
FF7B40
FF7460
FF6D50
FF6620
FF5EC0
FF5730
FF4F80
FF47A0
FF3FA0
FF3760
FF2F00
FF2680
FF1DC0
FF14F0
FF0BE0
FF02B0
FEF950
FEEFC0
FEE630
FEDCA0
FED310
FEC970
FEBFD0
FEB620
FEAC80
FEA2D0
FE9910
FE8F60
FE85A0
FE7BD0
FE7210
FE6840
FE5E70
FE5490
FE4AE0
FE4150
FE37E0
FE2E90
FE2570
FE1C70
FE1390
FE0AD0
FE0230
FDF9C0
FDF170
FDE940
FDE130
FDD950
FDD190
FDC9E0
FDC290
FDBB80
FDB4C0
FDAE40
FDA810
FDA220
FD9C80
FD9730
FD9220
FD8D60
FD88E0
FD84B0
FD80D0
FD7D30
FD79E0
FD76D0
FD7430
FD71F0
FD7020
FD6EA0
FD6DA0
FD6CF0
FD6CC0
FD6CE0
FD6D70
FD6E60
FD6FC0
FD7180
FD73B0
FD7640
FD7930
FD7C90
FD8060
FD84A0
FD8960
FD8E90
FD9430
FD9A50
FDA0D0
FDA7D0
FDAF50
FDB730
FDBF90
FDC870
FDD1B0
FDDB70
FDE5A0
FDF050
FDFB60
FE06F0
FE12F0
FE1F60
FE2C40
FE39A0
FE4760
FE55A0
FE6450
FE7370
FE8310
FE9310
FEA390
FEB470
FEC5D0
FED7B0
FEE9E0
FEFC60
FF0F50
FF2290
FF3640
FF4A40
FF5EA0
FF7350
FF8870
FF9DE0
FFB3C0
FFC9F0
FFE080
FFF760
000EB0
002650
003E30
005650
006EA0
008730
009FF0
00B8F0
00D220
00EBA0
010540
011F30
013950
0153A0
016E30
018900
01A400
01BF40
01DA80
01F5D0
021130
022C80
0247F0
026360
027ED0
029A50
02B5D0
02D160
02ECF0
030890
032430
033FE0
035BA0
037750
0392E0
03AE50
03C980
03E480
03FF60
041A10
043490
044EE0
046900
0482F0
049CC0
04B660
04CFD0
04E910
050220
051B00
053380
054BA0
056360
057AC0
0591B0
05A840
05BE70
05D440
05E9B0
05FEB0
061360
0627A0
063B80
064EF0
066210
0674C0
0686F0
069880
06A980
06BA00
06C9F0
06D940
06E810
06F650
070400
071120
071DB0
0729B0
073520
074000
074A50
075420
075D30
0765A0
076D60
077470
077AD0
078080
078590
0789F0
078DA0
0790A0
0792F0
0794A0
0795A0
0795F0
079590
079480
0792C0
079040
078D10
078930
078490
077F40
077930
077260
076AF0
0762C0
0759D0
075030
0745D0
073AC0
072F00
072280
071550
070780
06F900
06E9D0
06D9F0
06C970
06B830
06A650
0693D0
068090
066CB0
065820
0642E0
062CF0
061660
05FF10
05E740
05CEF0
05B600
059C90
058290
056800
054CE0
053130
051500
04F840
04DAF0
04BD10
049EA0
047FB0
046030
044020
041FB0
03FEF0
03DDD0
03BC50
039A70
037830
0355A0
0332B0
030F60
02EBC0
02C7B0
02A350
027EA0
025980
023410
020E30
01E840
01C230
019C00
0175B0
014F40
0128A0
0101F0
00DB20
00B430
008D10
0065E0
003E90
001710
FFEF80
FFC7D0
FF9FF0
FF7840
FF50B0
FF2930
FF01E0
FEDAA0
FEB390
FE8CA0
FE65C0
FE3F10
FE1880
FDF200
FDCBB0
FDA570
FD7F60
FD5970
FD3390
FD0E20
FCE900
FCC440
FC9FE0
FC7BE0
FC5830
FC34E0
FC1200
FBEF60
FBCD30
FBAB60
FB89E0
FB68C0
FB4800
FB27A0
FB07A0
FAE820
FAC940
FAAAE0
FA8D10
FA6FD0
FA5320
FA3700
FA1B70
FA0070
F9E5F0
F9CC10
F9B2B0
F999F0
F981B0
F96A00
F952E0
F93C70
F926B0
F911A0
F8FD30
F8E980
F8D680
F8C420
F8B270
F8A180
F89130
F88190
F872B0
F86470
F856E0
F84A00
F83DC0
F83250
F82790
F81D90
F81440
F80BB0
F803D0
F7FCB0
F7F650
F7F0A0
F7EBB0
F7E780
F7E400
F7E140
F7DF30
F7DDE0
F7DD40
F7DD60
F7DE20
F7DF90
F7E1C0
F7E490
F7E810
F7EC40
F7F120
F7F6B0
F7FCF0
F803D0
F80B70
F813C0
F81CB0
F82660
F830B0
F83BA0
F84710
F85310
F85FA0
F86CC0
F87A70
F888B0
F89780
F8A6E0
F8B6D0
F8C740
F8D850
F8E9E0
F8FC10
F90EC0
F92200
F935A0
F949A0
F95E00
F972C0
F987D0
F99D50
F9B320
F9C950
F9DFE0
F9F6D0
FA0E10
FA25C0
FA3DC0
FA5620
FA6EF0
FA8800
FAA150
FABAB0
FAD430
FAEDE0
FB07A0
FB2190
FB3BA0
FB55D0
FB7020
FB8A90
FBA530
FBBFE0
FBDAC0
FBF5C0
FC10E0
FC2C20
FC4740
FC6250
FC7D40
FC9810
FCB2C0
FCCD50
FCE7D0
FD0220
FD1C60
FD3680
FD5090
FD6A70
FD8440
FD9DF0
FDB780
FDD100
FDEA20
FE02E0
FE1B50
FE3370
FE4B40
FE62B0
FE79C0
FE9090
FEA6F0
FEBD10
FED2D0
FEE840
FEFD50
FF1210
FF2670
FF3A90
FF4E10
FF6120
FF73A0
FF85A0
FF9720
FFA810
FFB880
FFC860
FFD7D0
FFE6B0
FFF510
0002E0
001030
001D00
002940
003510
004030
004AB0
005490
005DD0
006660
006E60
0075C0
007C70
008290
008800
008CE0
009110
0094A0
009790
0099F0
009BA0
009CA0
009D00
009CB0
009BB0
009A10
0097D0
0094D0
009130
008CF0
008800
008260
007C20
007530
006D90
006550
005C60
0052E0
0048B0
003DF0
003290
0026A0
001A10
000CE0
FFFF10
FFF0A0
FFE1A0
FFD200
FFC1C0
FFB0F0
FF9F80
FF8D70
FF7AC0
FF67A0
FF5400
FF3FE0
FF2B40
FF1630
FF00A0
FEEAA0
FED410
FEBD10
FEA5A0
FE8DA0
FE7530
FE5C40
FE42E0
FE28F0
FE0EA0
FDF3F0
FDD900
FDBDC0
FDA230
FD8660
FD6A50
FD4DE0
FD3130
FD1430
FCF6F0
FCD960
FCBB90
FC9D60
FC7F00
FC6040
FC4140
FC2230
FC0310
FBE3D0
FBC490
FBA540
FB85D0
FB6660
FB46D0
FB2740
FB0790
FAE7E0
FAC810
FAA830
FA8850
FA6850
FA4840
FA2860
FA08B0
F9E920
F9C9C0
F9AA90
F98B80
F96CB0
F94E00
F92F70
F91120
F8F2F0
F8D4F0
F8B710
F89970
F87BF0
F85E90
F841A0
F82510
F808F0
F7ED20
F7D1C0
F7B6B0
F79C10
F781D0
F76800
F74E80
F73570
F71CB0
F70460
F6EC80
F6D4F0
F6BDC0
F6A730
F69120
F67BA0
F666B0
F65250
F63E80
F62B40
F61890
F60670
F5F4E0
F5E3D0
F5D360
F5C370
F5B420
F5A550
F59710
F58980
F57CA0
F57060
F564D0
F559F0
F54FB0
F54620
F53D40
F53500
F52D70
F52690
F52050
F51AD0
F515E0
F511B0
F50E20
F50B50
F50920
F507B0
F50700
F506F0
F507A0
F50900
F50B10
F50DE0
F51160
F51590
F51A70
F52010
F52660
F52D60
F53520
F53D80
F54690
F55040
F55AA0
F565B0
F57160
F57DC0
F58AC0
F59870
F5A6D0
F5B5D0
F5C580
F5D5D0
F5E6E0
F5F880
F60AE0
F61DC0
F63130
F64530
F659C0
F66EE0
F68490
F69AD0
F6B190
F6C8F0
F6E0D0
F6F950
F71250
F72BE0
F74610
F760C0
F77BF0
F797A0
F7B3A0
F7D010
F7ECF0
F80A20
F827C0
F845D0
F86440
F88310
F8A240
F8C1E0
F8E1E0
F90250
F92320
F94450
F965E0
F987B0
F9A9B0
F9CBF0
F9EE60
FA1100
FA33D0
FA56E0
FA7A20
FA9D90
FAC140
FAE520
FB0930
FB2D80
FB5200
FB76B0
FB9BA0
FBC080
FBE570
FC0A60
FC2F50
FC5440
FC7930
FC9E20
FCC310
FCE810
FD0D00
FD3200
FD56F0
FD7BF0
FDA0F0
FDC5F0
FDEAE0
FE0FC0
FE3460
FE58D0
FE7D20
FEA140
FEC530
FEE8F0
FF0C80
FF2FF0
FF5330
FF7640
FF9920
FFBBD0
FFDE50
0000B0
0022E0
0044B0
006640
008770
00A850
00C8D0
00E910
0108F0
012880
0147C0
0166A0
018530
01A370
01C160
01DF00
01FC40
021930
0235B0
0251D0
026D80
0288C0
02A390
02BDF0
02D7F0
02F180
030AA0
032350
033B90
035370
036AE0
0381E0
039880
03AEA0
03C460
03D990
03EE60
0402A0
041680
0429E0
043CD0
044F40
046130
0472C0
0483D0
049460
04A480
04B430
04C360
04D210
04E060
04EE30
04FBA0
050890
051510
052120
052CC0
0537F0
0542B0
054CF0
0556D0
056030
056920
0571A0
0579C0
058150
058890
058F70
0595F0
059C10
05A1D0
05A730
05AC30
05B0D0
05B510
05B8F0
05BC70
05BF80
05C240
05C4A0
05C6A0
05C840
05C9A0
05CAB0
05CB80
05CC00
05CC50
05CC50
05CC00
05CB80
05CAB0
05C9A0
05C840
05C6A0
05C4C0
05C2A0
05C030
05BD80
05BAB0
05B7B0
05B490
05B150
05ADF0
05AA70
05A6C0
05A2F0
059F00
059AF0
0596C0
059260
058DE0
058940
058470
057F90
057AA0
0575B0
0570C0
056BC0
0566D0
0561D0
055CD0
0557D0
0552D0
054DC0
0548C0
0543B0
053EA0
053990
053470
052F60
052A60
052580
0520B0
051C00
051770
051300
050EA0
050A60
050630
050220
04FE30
04FA60
04F6A0
04F300
04EF80
04EC10
04E8D0
04E5D0
04E2F0
04E040
04DDC0
04DB70
04D940
04D750
04D590
04D3F0
04D290
04D150
04D050
04CF70
04CEC0
04CE50
04CE00
04CE00
04CE30
04CEA0
04CF40
04D020
04D130
04D290
04D410
04D5E0
04D7E0
04DA20
04DC90
04DF40
04E220
04E550
04E8A0
04EC30
04F000
04F400
04F840
04FCB0
050160
050640
050B50
0510A0
051630
051BF0
0521E0
052810
052E80
053520
053BF0
0542E0
054A10
055160
0558E0
056080
056860
057060
057890
0580F0
058980
059230
059B10
05A420
05AD60
05B6C0
05C040
05C9D0
05D380
05DD40
05E720
05F110
05FB10
060530
060F60
0619A0
062400
062E80
063900
0643A0
064E60
065930
066400
066EC0
067980
068450
068F00
0699C0
06A470
06AF30
06B9E0
06C480
06CF30
06D9D0
06E470
06EF10
06F9B0
070440
070EC0
071910
072340
072D60
073750
074120
074AD0
075470
075DE0
076730
077060
077970
078260
078B30
0793E0
079C70
07A4C0
07ACE0
07B4C0
07BC60
07C3D0
07CB00
07D200
07D8C0
07DF40
07E590
07EBA0
07F170
07F710
07FC70
0801A0
080690
080B30
080F80
081390
081740
081AB0
081DC0
082090
082310
082540
082720
0828C0
082A00
082B00
082BA0
082C00
082C10
082BC0
082B20
082A30
0828E0
082730
082530
0822D0
082020
081D10
0819B0
0815F0
0811E0
080D70
0808B0
080390
07FE20
07F850
07F230
07EBB0
07E4E0
07DDB0
07D630
07CE50
07C620
07BDA0
07B4C0
07AB80
07A1F0
079810
078DD0
078330
077850
076D10
076180
0755B0
074990
073D20
073060
072360
071610
070860
06FA80
06EC40
06DDB0
06CEE0
06BFC0
06B050
06A090
0690A0
068070
067010
065F70
064EA0
063D90
062C50
061AE0
060930
05F740
05E520
05D2C0
05C030
05AD70
059A70
058730
0573E0
056070
054CF0
053940
052580
0511A0
04FDB0
04E9A0
04D570
04C130
04ACC0
049840
0483B0
046EF0
045A20
044540
043050
041B70
040690
03F1C0
03DCF0
03C820
03B360
039EA0
0389E0
037520
036070
034BD0
033720
032280
030DE0
02F950
02E4E0
02D090
02BC70
02A870
029490
0280E0
026D50
0259E0
0246A0
023380
022080
020DB0
01FB00
01E880
01D610
01C3E0
01B1E0
01A020
018EB0
017D70
016C80
015BD0
014B60
013B30
012B40
011B90
010C20
00FD00
00EE10
00DF70
00D110
00C2E0
00B520
00A7A0
009A80
008DC0
008150
007530
006970
005E10
0052F0
004830
003DD0
0033C0
002A00
0020A0
0017A0
000EE0
000690
FFFEA0
FFF710
FFEFE0
FFE920
FFE2B0
FFDCA0
FFD700
FFD1C0
FFCCD0
FFC850
FFC430
FFC070
FFBD10
FFBA10
FFB780
FFB540
FFB370
FFB1F0
FFB0E0
FFB020
FFAFD0
FFAFE0
FFB050
FFB120
FFB250
FFB3E0
FFB5D0
FFB830
FFBAE0
FFBE00
FFC170
FFC540
FFC960
FFCDE0
FFD2A0
FFD7C0
FFDD40
FFE300
FFE920
FFEF90
FFF650
FFFD70
0004E0
000CA0
0014C0
001D20
0025F0
002EE0
003820
0041A0
004B50
005550
005F80
0069F0
0074A0
007F90
008AC0
009630
00A1D0
00ADC0
00B9E0
00C640
00D2E0
00DFA0
00EC80
00F980
010690
0113D0
012120
012EA0
013C30
0149E0
0157B0
0165B0
0173C0
0181F0
019030
019EA0
01AD30
01BBB0
01CA30
01D8B0
01E730
01F5A0
020410
021280
0220F0
022F50
023DB0
024C10
025A60
0268C0
027710
028550
0293A0
02A1C0
02AFB0
02BD80
02CB20
02D8A0
02E5F0
02F320
030020
030D00
0319B0
032630
033290
033ED0
034AE0
0356C0
036280
036DF0
037920
038400
038EA0
0398F0
03A300
03ACC0
03B630
03BF60
03C850
03D0F0
03D940
03E150
03E910
03F090
03F7C0
03FE90
040500
040B10
0410C0
041600
041AF0
041F70
042390
042760
042AC0
042DB0
043050
043290
043460
0435E0
0436F0
043790
0437D0
043790
0436E0
0435C0
043420
043220
042FB0
042CD0
042970
0425B0
042170
041CC0
0417B0
041220
040C20
0405B0
03FEC0
03F770
03EFA0
03E760
03DEA0
03D570
03CBD0
03C1C0
03B730
03AC30
03A0C0
0394E0
038880
037BB0
036E70
0360C0
0352A0
034420
033530
0325D0
031610
0305E0
02F540
02E440
02D2C0
02C0E0
02AEA0
029BF0
0288D0
027540
026150
024D00
023860
022370
020E20
01F880
01E290
01CC40
01B5A0
019EB0
018760
016FC0
0157D0
013F90
0126F0
010DF0
00F4B0
00DB30
00C170
00A780
008D60
007300
005870
003DB0
0022B0
000770
FFEC00
FFD060
FFB480
FF9870
FF7C30
FF5FB0
FF42F0
FF2630
FF0950
FEEC70
FECF70
FEB270
FE9550
FE7820
FE5AF0
FE3DA0
FE2040
FE02D0
FDE550
FDC7D0
FDAA30
FD8C80
FD6EB0
FD5110
FD3380
FD1600
FCF8A0
FCDB60
FCBE30
FCA110
FC8410
FC6730
FC4A60
FC2DA0
FC1100
FBF480
FBD810
FBBBB0
FB9F80
FB8380
FB67C0
FB4C40
FB3100
FB1610
FAFB50
FAE0E0
FAC6A0
FAACB0
FA92F0
FA7980
FA6050
FA4760
FA2EB0
FA1630
F9FE00
F9E640
F9CED0
F9B7D0
F9A130
F98AF0
F97520
F95FA0
F94A90
F935E0
F921A0
F90DB0
F8FA30
F8E710
F8D460
F8C200
F8B010
F89EA0
F88DA0
F87D30
F86D40
F85DD0
F84EE0
F84060
F83270
F82500
F81800
F80B90
F7FFA0
F7F420
F7E930
F7DEC0
F7D4C0
F7CB60
F7C290
F7BA40
F7B290
F7AB60
F7A4D0
F79EC0
F79950
F79460
F79010
F78C40
F78910
F78660
F78440
F782C0
F781C0
F78160
F78190
F78250
F783B0
F785A0
F78820
F78B30
F78EE0
F79320
F79800
F79D60
F7A360
F7AA00
F7B120
F7B8E0
F7C140
F7CA20
F7D380
F7DD80
F7E800
F7F310
F7FEB0
F80AE0
F81790
F824D0
F832A0
F84100
F84FE0
F85F60
F86F60
F87FE0
F89100
F8A290
F8B4A0
F8C720
F8DA20
F8ED90
F90180
F915F0
F92AD0
F94030
F95610
F96C60
F98320
F99A70
F9B230
F9CA60
F9E310
F9FC20
FA1580
FA2F50
FA4970
FA63E0
FA7EC0
FA99F0
FAB580
FAD170
FAEDB0
FB0A60
FB2760
FB44B0
FB6270
FB8080
FB9EF0
FBBD90
FBDC70
FBFB90
FC1AE0
FC3A70
FC5A30
FC7A30
FC9A60
FCBAD0
FCDB70
FCFC50
FD1D70
FD3EC0
FD6040
FD8200
FDA400
FDC610
FDE820
FE0A50
FE2C90
FE4EE0
FE7140
FE93B0
FEB630
FED8D0
FEFB70
FF1E20
FF40F0
FF63C0
FF86B0
FFA9B0
FFCCB0
FFEFB0
001290
003560
005810
007AB0
009D40
00BFB0
00E210
010460
0126A0
0148C0
016AC0
018CC0
01AEA0
01D070
01F220
0213A0
0234E0
0255F0
0276D0
029760
02B7C0
02D7F0
02F7E0
0317A0
033720
035660
037570
039440
03B2E0
03D150
03EF70
040D50
042AD0
0447F0
0464D0
048150
049D70
04B950
04D4C0
04EFF0
050AC0
052540
053F60
055930
0572B0
058BE0
05A4B0
05BD10
05D510
05ECA0
0603C0
061A80
0630D0
0646C0
065C30
067150
0685F0
069A30
06AE10
06C170
06D470
06E710
06F930
070AF0
071C30
072D00
073D50
074D30
075CA0
076B90
077A10
078810
0795B0
07A2D0
07AF70
07BBA0
07C760
07D2B0
07DD80
07E7E0
07F1C0
07FB30
080430
080CB0
0814C0
081C60
082380
082A30
083060
083620
083B60
084040
0844A0
084880
084BF0
084EF0
085180
0853B0
085560
0856A0
085780
0857E0
0857E0
085770
085690
085530
085370
085140
084EA0
084B90
084820
084440
084000
083B70
083670
083120
082B60
082550
081EE0
081800
0810D0
080940
080150
07F900
07F060
07E750
07DDE0
07D430
07CA30
07BFE0
07B550
07AA70
079F40
0793C0
078800
077BF0
076FA0
076300
075610
0748D0
073B50
072D80
071F70
071120
0702A0
06F3F0
06E510
06D600
06C6B0
06B730
06A790
0697B0
0687A0
067750
0666E0
065630
064550
063450
062300
0611B0
060030
05EEA0
05DCF0
05CB30
05B950
05A750
059530
058300
0570B0
055E40
054BC0
053920
052660
051390
0500A0
04EDB0
04DAB0
04C7B0
04B4B0
04A1B0
048EB0
047BA0
046890
045580
044270
042F50
041C30
040910
03F5F0
03E2C0
03CFA0
03BC80
03A970
039670
038380
0370A0
035DD0
034B10
033850
0325B0
031310
030090
02EE10
02DBB0
02C950
02B700
02A4D0
0292B0
0280B0
026EC0
025D00
024B60
0239D0
022860
021710
0205E0
01F4D0
01E3E0
01D310
01C250
01B1C0
01A140
0190E0
0180B0
0170A0
0160B0
0150F0
014150
0131E0
0122A0
011370
010470
00F5A0
00E6F0
00D870
00CA10
00BBD0
00ADC0
009FD0
009210
008480
007720
0069E0
005CD0
004FE0
004330
0036A0
002A40
001E10
001200
000620
FFFA70
FFEEF0
FFE390
FFD860
FFCD60
FFC280
FFB7E0
FFAD60
FFA310
FF98F0
FF8EF0
FF8520
FF7B80
FF7210
FF68D0
FF5FB0
FF56C0
FF4E00
FF4570
FF3D00
FF34C0
FF2CB0
FF24C0
FF1D00
FF1560
FF0DF0
FF06B0
FEFF90
FEF8A0
FEF1D0
FEEB30
FEE4B0
FEDE70
FED840
FED250
FECC70
FEC6D0
FEC140
FEBBE0
FEB6A0
FEB190
FEACA0
FEA7D0
FEA320
FE9EA0
FE9A40
FE9610
FE9200
FE8E10
FE8A50
FE86A0
FE8330
FE7FD0
FE7C90
FE7970
FE7670
FE7390
FE70D0
FE6E30
FE6BB0
FE6950
FE6710
FE64F0
FE62F0
FE6110
FE5F40
FE5DA0
FE5C20
FE5AB0
FE5970
FE5830
FE5720
FE5620
FE5540
FE5480
FE53E0
FE5350
FE52E0
FE5290
FE5250
FE5230
FE5230
FE5240
FE5280
FE52C0
FE5330
FE53A0
FE5430
FE54E0
FE55A0
FE5680
FE5770
FE5880
FE59A0
FE5AD0
FE5C20
FE5D90
FE5F10
FE60A0
FE6250
FE6420
FE6600
FE67F0
FE6A00
FE6C20
FE6E60
FE70B0
FE7320
FE75A0
FE7830
FE7AE0
FE7DA0
FE8080
FE8370
FE8680
FE89A0
FE8CE0
FE9030
FE9390
FE9710
FE9AA0
FE9E40
FEA200
FEA5D0
FEA9C0
FEADC0
FEB1E0
FEB610
FEBA50
FEBEB0
FEC320
FEC7A0
FECC40
FED100
FED5D0
FEDAB0
FEDFB0
FEE4D0
FEEA00
FEEF40
FEF4A0
FEFA20
FEFFA0
FF0550
FF0B10
FF10E0
FF16D0
FF1CE0
FF2300
FF2930
FF2F80
FF35F0
FF3C80
FF4310
FF49D0
FF50A0
FF5790
FF5E90
FF65B0
FF6CE0
FF7430
FF7BA0
FF8320
FF8AB0
FF9270
FF9A40
FFA230
FFAA30
FFB250
FFBA90
FFC2F0
FFCB60
FFD3F0
FFDC90
FFE560
FFEE40
FFF740
000050
000980
0012D0
001C30
0025C0
002F50
003910
0042E0
004CD0
0056D0
0060F0
006B30
007580
007FF0
008A80
009520
009FE0
00AAC0
00B5B0
00C0C0
00CBE0
00D720
00E280
00EDE0
00F970
010510
0110C0
011C90
012870
013470
014090
014CC0
015900
016560
0171E0
017E60
018B00
0197C0
01A480
01B160
01BE40
01CB40
01D860
01E580
01F2C0
020010
020D70
021AF0
022870
023610
0243C0
025180
025F50
026D20
027B00
0288F0
0296F0
02A500
02B310
02C130
02CF60
02DDA0
02EBF0
02FA40
0308A0
031710
032590
033410
034290
035110
035FA0
036E30
037CB0
038B50
0399E0
03A870
03B710
03C5B0
03D450
03E2F0
03F1A0
040050
040EF0
041DA0
042C40
043AD0
044960
0457E0
046660
0474E0
048340
0491B0
04A010
04AE60
04BCB0
04CAF0
04D930
04E770
04F590
0503B0
0511C0
051FB0
052D90
053B60
054920
0556C0
056450
0571E0
057F40
058CA0
0599F0
05A720
05B440
05C150
05CE50
05DB30
05E7F0
05F490
060110
060D70
0619C0
0625F0
0631F0
063DE0
0649B0
065560
0660F0
066C70
0677C0
068300
068E10
069910
06A3D0
06AE80
06B900
06C350
06CD80
06D790
06E170
06EB30
06F4C0
06FE30
070770
071090
071990
072260
072B10
073390
073BE0
074400
074BF0
0753B0
075B50
0762C0
076A00
077110
0777F0
077EA0
078520
078B80
0791B0
0797B0
079D80
07A310
07A880
07ADC0
07B2D0
07B7B0
07BC60
07C0E0
07C520
07C940
07CD30
07D0E0
07D470
07D7D0
07DAF0
07DDF0
07E0B0
07E350
07E5B0
07E7F0
07E9F0
07EBD0
07ED70
07EEE0
07F030
07F140
07F220
07F2E0
07F360
07F3B0
07F3E0
07F3D0
07F390
07F330
07F290
07F1D0
07F0F0
07EFD0
07EE90
07ED20
07EB80
07E9C0
07E7D0
07E5B0
07E360
07E0F0
07DE50
07DB80
07D880
07D560
07D220
07CEB0
07CB20
07C770
07C390
07BF90
07BB70
07B720
07B2B0
07AE20
07A960
07A480
079F80
079A50
079500
078F90
078A10
078460
077EA0
0778D0
0772D0
076CC0
076690
076040
0759E0
075360
074CC0
074600
073F30
073840
073130
072A10
0722E0
071BA0
071440
070CE0
070560
06FDE0
06F640
06EE90
06E6C0
06DEF0
06D710
06CF10
06C700
06BEF0
06B6C0
06AE80
06A640
069E00
0695B0
068D50
068500
067C90
067420
066BB0
066340
065AB0
065230
064990
064100
063860
062FB0
062710
061E60
0615C0
060D10
060470
05FBD0
05F330
05EA80
05E1E0
05D940
05D0A0
05C800
05BF60
05B6C0
05AE20
05A590
059CF0
059460
058BE0
058360
057AF0
057280
056A20
0561C0
055970
055120
0548E0
0540A0
053870
053050
052820
052010
051800
051000
050800
050020
04F840
04F070
04E8B0
04E0F0
04D950
04D1B0
04CA20
04C290
04BB20
04B3B0
04AC50
04A500
049DC0
049680
048F60
048840
048140
047A40
047350
046C70
0465A0
045EE0
045820
045180
044AF0
044460
043DE0
043780
043120
042AD0
042480
041E50
041830
041210
040C00
040600
040010
03FA30
03F460
03EE90
03E8D0
03E330
03DD90
03D7F0
03D270
03CCF0
03C780
03C220
03BCC0
03B770
03B230
03ACF0
03A7C0
03A2A0
039D90
039880
039380
038E80
0389A0
0384B0
037FE0
037B10
037640
037180
036CC0
036810
036370
035ED0
035A30
0355A0
035110
034C90
034810
0343A0
033F30
033AD0
033670
033210
032DB0
032960
032510
0320C0
031C70
031820
0313E0
030FA0
030B60
030720
0302E0
02FEB0
02FA80
02F650
02F220
02EDF0
02E9C0
02E590
02E160
02DD30
02D900
02D4E0
02D0B0
02CC80
02C850
02C420
02BFF0
02BBC0
02B790
02B360
02AF30
02AB00
02A6C0
02A290
029E50
029A10
0295D0
029190
028D50
028900
0284C0
028070
027C20
0277D0
027380
026F30
026AD0
026680
026220
025DC0
025960
025500
025090
024C30
0247C0
024350
023EE0
023A70
023600
023180
022D00
022890
022410
021F90
021B00
021680
021200
020D70
0208F0
020460
01FFD0
01FB40
01F6B0
01F210
01ED80
01E8F0
01E450
01DFB0
01DB10
01D680
01D1E0
01CD50
01C8B0
01C420
01BF90
01BB00
01B670
01B1D0
01AD50
01A8C0
01A430
019FA0
019B10
019690
019200
018D80
018910
018490
018020
017BB0
017750
0172F0
016E90
016A30
0165E0
016190
015D40
015900
0154B0
015080
014C40
014820
014400
013FF0
013BE0
0137E0
0133F0
013000
012C20
012840
012470
0120B0
011CF0
011940
0115A0
011200
010E70
010AF0
010780
010420
0100C0
00FD80
00FA40
00F710
00F400
00F0F0
00EDE0
00EAF0
00E810
00E530
00E260
00DFB0
00DD00
00DA60
00D7E0
00D560
00D300
00D0B0
00CE70
00CC40
00CA20
00C810
00C610
00C420
00C250
00C080
00BED0
00BD30
00BBA0
00BA20
00B8C0
00B760
00B620
00B4F0
00B3E0
00B2E0
00B1F0
00B110
00B040
00AF90
00AEF0
00AE60
00ADE0
00AD80
00AD30
00ACF0
00ACD0
00ACB0
00ACC0
00ACD0
00AD00
00AD40
00ADA0
00AE00
00AE80
00AF20
00AFC0
00B080
00B160
00B240
00B340
00B450
00B580
00B6B0
00B800
00B960
00BAD0
00BC60
00BDF0
00BFA0
00C170
00C340
00C530
00C730
00C940
00CB60
00CDA0
00CFE0
00D240
00D4B0
00D720
00D9B0
00DC50
00DF00
00E1C0
00E4A0
00E780
00EA70
00ED80
00F090
00F3C0
00F700
00FA40
00FDA0
010100
010480
010800
010B90
010F20
0112D0
011690
011A50
011E20
012210
012600
0129F0
012E00
013220
013640
013A70
013EB0
0142F0
014730
014B90
014FF0
015460
0158D0
015D50
0161E0
016670
016B10
016FB0
017470
017920
017DF0
0182B0
018780
018C60
019130
019610
019B00
019FF0
01A4E0
01A9E0
01AEE0
01B3E0
01B8F0
01BE00
01C320
01C840
01CD60
01D290
01D7B0
01DCE0
01E210
01E740
01EC70
01F1A0
01F6E0
01FC10
020150
020690
020BE0
021120
021670
021BB0
022100
022650
022BA0
0230E0
023630
023B80
0240D0
024620
024B60
0250B0
025600
025B50
026090
0265E0
026B30
027080
0275D0
027B10
028050
0285A0
028AE0
029020
029560
029A90
029FD0
02A500
02AA30
02AF60
02B490
02B9C0
02BEF0
02C410
02C940
02CE60
02D370
02D890
02DDA0
02E2C0
02E7D0
02ECD0
02F1E0
02F6E0
02FBE0
0300E0
0305E0
030AD0
030FD0
0314C0
0319A0
031E80
032360
032840
032D10
0331E0
0336B0
033B70
034030
0344E0
034990
034E40
0352F0
035790
035C20
0360C0
036550
0369D0
036E50
0372D0
037740
037BB0
038010
038470
0388C0
038D10
039150
039590
0399D0
039E00
03A230
03A650
03AA70
03AE80
03B280
03B670
03BA60
03BE40
03C210
03C5E0
03C9A0
03CD50
03D100
03D4A0
03D830
03DBB0
03DF30
03E2A0
03E600
03E950
03ECA0
03EFD0
03F2F0
03F610
03F910
03FC10
03FEF0
0401D0
040490
040750
040A00
040CA0
040F30
0411A0
041410
041660
0418A0
041AD0
041CE0
041ED0
0420C0
042290
042440
0425F0
042780
0428F0
042A50
042BA0
042CD0
042E00
042F00
042FE0
0430B0
043160
0431F0
043260
0432C0
0432F0
043310
043320
043300
0432C0
043270
043200
043170
0430D0
043000
042F10
042DF0
042CB0
042B50
0429D0
042820
042650
042450
042240
042000
041D90
041B10
041860
041590
041290
040F70
040C20
0408A0
040500
040130
03FD30
03F900
03F4B0
03F020
03EB70
03E6A0
03E190
03DC60
03D700
03D180
03CBC0
03C5E0
03BFC0
03B970
03B300
03AC50
03A560
039E50
039710
038F90
0387E0
038010
037800
036FC0
036750
035EA0
0355D0
034CC0
034380
033A10
033060
032690
031C80
031240
0307C0
02FD10
02F230
02E720
02DBE0
02D060
02C4B0
02B8D0
02ACB0
02A070
0293F0
028740
027A60
026D50
026010
025290
0244F0
023710
022900
021AD0
020C60
01FDB0
01EEE0
01DFE0
01D0A0
01C140
01B1B0
01A200
019210
018200
0171D0
016170
0150E0
014020
012F30
011E20
010CF0
00FB80
00E9F0
00D830
00C650
00B440
00A220
008FE0
007D80
006B00
005870
0045B0
0032E0
001FF0
000CE0
FFF9B0
FFE660
FFD2F0
FFBF70
FFABD0
FF9800
FF8430
FF7060
FF5C70
FF4880
FF3490
FF2080
FF0C70
FEF850
FEE420
FECFF0
FEBBA0
FEA750
FE9300
FE7E90
FE6A20
FE55B0
FE4140
FE2CD0
FE1880
FE0430
FDEFF0
FDDBB0
FDC780
FDB370
FD9F50
FD8B50
FD7750
FD6360
FD4F80
FD3BA0
FD27E0
FD1410
FD0080
FCED00
FCD9B0
FCC680
FCB370
FCA090
FC8DD0
FC7B30
FC68C0
FC5670
FC4440
FC3230
FC2050
FC0E90
FBFCF0
FBEB80
FBDA40
FBC950
FBB890
FBA810
FB97E0
FB87E0
FB7820
FB68A0
FB5960
FB4A60
FB3BA0
FB2D20
FB1EE0
FB10E0
FB0310
FAF590
FAE860
FADB80
FACF00
FAC2D0
FAB6F0
FAAB70
FAA040
FA9560
FA8AE0
FA80B0
FA76D0
FA6D50
FA6420
FA5B40
FA52B0
FA4A80
FA42C0
FA3B60
FA3460
FA2DD0
FA27B0
FA21F0
FA1C90
FA17A0
FA1320
FA0F00
FA0B40
FA07F0
FA0500
FA0280
FA0070
F9FEB0
F9FD70
F9FCA0
F9FC50
F9FC60
F9FCE0
F9FDE0
F9FF40
FA0120
FA0370
FA0630
FA0960
FA0D00
FA1110
FA1590
FA1A80
FA1FF0
FA25C0
FA2C10
FA32D0
FA3A00
FA41A0
FA49C0
FA5240
FA5B40
FA64B0
FA6E90
FA78E0
FA83B0
FA8EE0
FA9A90
FAA6B0
FAB340
FAC040
FACDA0
FADB60
FAE9A0
FAF830
FB0730
FB16A0
FB2670
FB36B0
FB4750
FB5860
FB69E0
FB7BB0
FB8E00
FBA0B0
FBB3C0
FBC730
FBDAF0
FBEF00
FC0370
FC1830
FC2D40
FC42A0
FC5860
FC6E60
FC84D0
FC9B80
FCB290
FCC9F0
FCE1A0
FCF9B0
FD1200
FD2AA0
FD4360
FD5C60
FD75A0
FD8F10
FDA8B0
FDC290
FDDCA0
FDF6F0
FE1170
FE2C30
FE4720
FE6240
FE7DA0
FE9930
FEB500
FED0E0
FEECD0
FF08D0
FF24F0
FF4120
FF5D60
FF79B0
FF9610
FFB290
FFCF20
FFEBC0
000870
002540
004220
005F10
007C10
009900
00B5E0
00D2B0
00EF60
010C10
0128A0
014520
016180
017DE0
019A20
01B660
01D280
01EE80
020A80
022660
024240
025DD0
027940
029460
02AF50
02CA10
02E490
02FEE0
0318F0
0332C0
034C60
0365D0
037EF0
0397F0
03B0B0
03C930
03E180
03F970
041110
042850
043F30
0455C0
046C00
0481E0
049760
04AC80
04C150
04D5D0
04E9F0
04FDB0
051120
052430
0536F0
054930
055B10
056C70
057D60
058DF0
059E00
05ADA0
05BCD0
05CB90
05D9E0
05E7B0
05F520
060210
060EA0
061AB0
062660
063180
063C30
064650
065000
065930
0661E0
066A20
0671D0
067910
067FC0
068600
068BC0
069100
0695C0
069A10
069DD0
06A120
06A3F0
06A640
06A810
06A970
06AA40
06AAA0
06AA80
06A9E0
06A8D0
06A730
06A520
06A290
069F80
069BF0
0697F0
069370
068E90
068940
068370
067D40
0676A0
066F90
066800
066010
0657B0
064EE0
0645A0
063C00
0631E0
062750
061C50
061100
060560
05F960
05ED00
05E060
05D360
05C600
05B860
05AA60
059C00
058D50
057E50
056F00
055F50
054F40
053EF0
052E60
051DA0
050CB0
04FB80
04EA30
04D8A0
04C6E0
04B4F0
04A2D0
049080
047DF0
046B40
045850
044530
0431E0
041E50
040AC0
03F730
03E380
03CFD0
03BC20
03A850
039480
0380B0
036CC0
0358D0
0344D0
0330D0
031CC0
0308A0
02F480
02E040
02CC30
02B840
02A470
0290B0
027D20
0269A0
025640
024300
022FF0
021CF0
020A10
01F750
01E4A0
01D220
01BFC0
01AD70
019B70
0189B0
017830
016700
015600
014550
0134E0
0124B0
0114C0
010520
00F5C0
00E6A0
00D7C0
00C920
00BAD0
00ACC0
009F10
0091C0
0084D0
007830
006C00
006030
0054C0
0049B0
003F00
0034C0
002AD0
002140
001810
000F40
0006D0
FFFED0
FFF730
FFF000
FFE950
FFE300
FFDD30
FFD7C0
FFD2D0
FFCE50
FFCA30
FFC690
FFC360
FFC0A0
FFBE50
FFBC70
FFBB00
FFBA00
FFB970
FFB960
FFB9C0
FFBA90
FFBBE0
FFBDA0
FFBFD0
FFC270
FFC590
FFC920
FFCD30
FFD1A0
FFD690
FFDBF0
FFE1D0
FFE810
FFEED0
FFF5F0
FFFD70
000560
000DC0
001680
001FB0
002940
003340
003DB0
004880
0053C0
005F60
006B70
0077F0
0084D0
009200
009F90
00AD60
00BB90
00CA10
00D8D0
00E7F0
00F760
010730
011740
0127A0
013860
014970
015AD0
016C70
017E80
0190B0
01A310
01B5A0
01C860
01DB50
01EE70
0201C0
021540
0228F0
023CD0
0250D0
026510
027980
028E20
02A2F0
02B7F0
02CCF0
02E200
02F710
030C30
032160
033680
034BC0
0360F0
037640
038B80
03A0E0
03B630
03CB90
03E100
03F670
040BF0
042140
043680
044B90
046080
047550
048A00
049E90
04B300
04C750
04DB70
04EF70
050360
051720
052AC0
053E40
0551A0
0564B0
057780
058A10
059C50
05AE50
05C000
05D170
05E290
05F370
060400
061450
062460
063420
0643A0
0652D0
0661C0
067040
067E70
068C30
069990
06A680
06B310
06BF40
06CB10
06D680
06E180
06EC20
06F660
070030
0709B0
0712C0
071B60
0723A0
072B60
0732A0
073980
073FE0
0745C0
074B30
075030
0754C0
0758D0
075C70
075F90
076240
076480
076640
076790
076860
0768C0
0768A0
076810
076700
076570
076370
0760F0
075E00
075A90
0756A0
075240
074D60
074810
074240
073BF0
073540
072E10
072680
071E80
071610
070D30
0703E0
06FA20
06EFF0
06E560
06DA50
06CEE0
06C2F0
06B6A0
06A9E0
069CB0
068F30
068150
067310
066490
0655B0
064670
0636E0
062700
0616C0
060630
05F550
05E410
05D280
05C090
05AE50
059BC0
0588F0
0575F0
0562C0
054F50
053BB0
0527E0
0513E0
04FFA0
04EB30
04D690
04C1B0
04ACB0
049770
0481F0
046C40
045670
044080
042A80
041480
03FE70
03E850
03D220
03BBF0
03A5A0
038F50
0378F0
036280
034C10
033580
031EF0
030850
02F1B0
02DB20
02C4A0
02AE50
029810
0281F0
026BF0
025610
024040
022AA0
021500
01FF90
01EA40
01D500
01BFE0
01AAE0
0195F0
018150
016CF0
0158C0
0144E0
013140
011DE0
010AC0
00F7F0
00E550
00D2F0
00C0E0
00AF00
009D70
008C10
007B00
006A30
0059C0
0049A0
0039F0
002A90
001B90
000CF0
FFFEB0
FFF0D0
FFE340
FFD620
FFC950
FFBCE0
FFB0D0
FFA520
FF99D0
FF8EE0
FF8450
FF7A40
FF7090
FF6760
FF5E90
FF5630
FF4E40
FF46C0
FF3FB0
FF3900
FF32D0
FF2D00
FF27B0
FF22C0
FF1E40
FF1A40
FF16A0
FF1370
FF10B0
FF0E70
FF0C90
FF0B30
FF0A40
FF09B0
FF09A0
FF0A00
FF0AD0
FF0C10
FF0DC0
FF0FE0
FF1270
FF1580
FF18E0
FF1CB0
FF20F0
FF2580
FF2A80
FF2FF0
FF35B0
FF3BE0
FF4280
FF4970
FF50D0
FF58A0
FF60C0
FF6950
FF7250
FF7BA0
FF8550
FF8F40
FF9980
FFA410
FFAEF0
FFBA20
FFC5A0
FFD160
FFDD70
FFE9D0
FFF680
000380
0010D0
001E60
002C40
003A80
0048D0
005760
006610
0074F0
008400
009330
00A2A0
00B220
00C1E0
00D1C0
00E1D0
00F210
010280
011310
0123D0
0134B0
0145A0
015690
016790
017890
018990
019A90
01ABA0
01BCB0
01CDC0
01DEE0
01F000
020120
021240
022370
0234A0
0245D0
0256E0
0267D0
0278A0
028950
0299D0
02AA30
02BA80
02CA90
02DA90
02EA70
02FA20
0309C0
031930
032870
0337A0
0346B0
035570
0363F0
037220
038010
038DC0
039B20
03A840
03B510
03C1A0
03CDF0
03D9F0
03E5B0
03F130
03FC60
040750
0411F0
041C40
042620
042FA0
0438D0
044190
0449F0
045200
0459A0
0460E0
0467D0
046E50
047470
047A30
047FA0
0484A0
048940
048D70
049140
049490
049780
049A00
049C10
049DB0
049EE0
049FA0
049FF0
049FE0
049F50
049E60
049CF0
049B20
0498E0
049630
049310
048F80
048B90
048720
048250
047D10
047760
047140
046AB0
0463C0
045C50
045480
044C40
044390
043A70
0430F0
042710
041CD0
041230
040730
03FBD0
03F020
03E400
03D770
03CA90
03BD50
03AFB0
03A1B0
039350
038490
037570
036600
035660
034660
033630
0325B0
0314F0
0303E0
02F290
02E100
02CF20
02BD00
02AAA0
0297F0
028500
0271C0
025E50
024AB0
0236F0
022300
020F00
01FAE0
01E690
01D230
01BDA0
01A8F0
019420
017F30
016A20
0154E0
013F90
012A10
011480
00FEE0
00E960
00D3D0
00BE60
00A8E0
009380
007E10
0068B0
005360
003E10
0028D0
001390
FFFE50
FFE920
FFD400
FFBED0
FFA9E0
FF9520
FF80A0
FF6C40
FF5810
FF4410
FF3040
FF1CB0
FF0940
FEF600
FEE300
FED020
FEBD80
FEAB00
FE98C0
FE86A0
FE74E0
FE6380
FE5260
FE41A0
FE3130
FE2120
FE1160
FE01F0
FDF2D0
FDE410
FDD5A0
FDC780
FDB9C0
FDAC50
FD9F40
FD9270
FD8620
FD7A40
FD6ED0
FD63C0
FD5930
FD4F10
FD4560
FD3C20
FD3350
FD2AF0
FD2300
FD1B80
FD1470
FD0DD0
FD07A0
FD01F0
FCFCB0
FCF7F0
FCF3B0
FCEFF0
FCECB0
FCE9F0
FCE7B0
FCE5F0
FCE4B0
FCE3F0
FCE3B0
FCE3F0
FCE4B0
FCE5E0
FCE7A0
FCE9E0
FCECA0
FCEFE0
FCF390
FCF7D0
FCFC90
FD01D0
FD0790
FD0DD0
FD14A0
FD1BE0
FD23A0
FD2BE0
FD34B0
FD3DF0
FD47B0
FD5200
FD5CB0
FD67E0
FD7380
FD7F90
FD8C20
FD9910
FDA680
FDB460
FDC2B0
FDD170
FDE0B0
FDF060
FE0070
FE1110
FE2210
FE3380
FE4550
FE5780
FE6A00
FE7CD0
FE9000
FEA390
FEB770
FECBB0
FEE040
FEF530
FF0A70
FF2010
FF3610
FF4C60
FF6300
FF7A00
FF9130
FFA8A0
FFC030
FFD800
FFF000
000840
0020A0
003940
005210
006B10
008450
009DC0
00B760
00D130
00EB30
010570
011FB0
013A00
015450
016EB0
018920
01A390
01BE00
01D880
01F310
020DB0
022850
0242F0
025DA0
027860
029320
02ADF0
02C8A0
02E320
02FD80
0317C0
0331E0
034BE0
0365B0
037F60
0398F0
03B260
03CBA0
03E4D0
03FDD0
0416B0
042F70
044800
046050
047850
049000
04A770
04BE90
04D560
04EBE0
050220
051800
052DA0
054300
055800
056CC0
058130
059550
05A930
05BC90
05CF90
05E220
05F440
0605F0
061740
062810
063880
064880
065810
066730
0675E0
068420
069200
069F70
06AC60
06B8E0
06C4D0
06D040
06DB30
06E5A0
06EF80
06F8E0
0701C0
070A10
0711F0
071940
072010
072650
072C20
073160
073610
073A40
073DE0
074100
074380
074580
0746E0
0747C0
074810
0747E0
074710
0745B0
0743D0
074160
073E60
073AD0
0736B0
073210
072CE0
072730
0720F0
071A20
0712D0
070B00
070290
06F9B0
06F040
06E640
06DBB0
06D0B0
06C510
06B8F0
06AC50
069F30
069190
068390
067500
066610
065690
0646B0
063650
062570
061420
060260
05F020
05DD70
05CA40
05B6A0
05A290
058E20
057950
056420
054EA0
0538C0
052290
050C00
04F510
04DDD0
04C630
04AE30
0495E0
047D30
046430
044AC0
043110
041710
03FCF0
03E290
03C7F0
03AD20
039220
0376F0
035B80
033FD0
0323F0
0307E0
02EB90
02CF10
02B260
029570
027850
025B20
023DE0
022090
020330
01E5D0
01C850
01AAD0
018D40
016FA0
0151F0
013440
011670
00F8A0
00DAC0
00BCC0
009ED0
0080E0
006320
004560
0027D0
000A50
FFECF0
FFCFB0
FFB280
FF9560
FF7870
FF5B90
FF3EC0
FF2220
FF0580
FEE910
FECCB0
FEB090
FE94B0
FE7910
FE5DA0
FE4280
FE2790
FE0CF0
FDF280
FDD850
FDBE60
FDA4B0
FD8B40
FD7200
FD5910
FD4050
FD27E0
FD0FC0
FCF7F0
FCE090
FCC970
FCB2C0
FC9C60
FC8660
FC70C0
FC5B70
FC4680
FC31E0
FC1DA0
FC09C0
FBF640
FBE310
FBD030
FBBDD0
FBABD0
FB9A40
FB8920
FB7870
FB6830
FB5850
FB48E0
FB39F0
FB2B50
FB1D30
FB0F70
FB0230
FAF550
FAE8E0
FADCD0
FAD140
FAC630
FABB80
FAB150
FAA790
FA9E40
FA9570
FA8D10
FA8520
FA7DA0
FA76A0
FA7010
FA6A00
FA6450
FA5F20
FA5A60
FA5610
FA5230
FA4ED0
FA4BD0
FA4950
FA4730
FA4590
FA4450
FA4390
FA4340
FA4350
FA43E0
FA44E0
FA4650
FA4830
FA4A80
FA4D30
FA5050
FA53C0
FA57A0
FA5BF0
FA6090
FA6590
FA6B00
FA70D0
FA7700
FA7DA0
FA8490
FA8BF0
FA93B0
FA9BD0
FAA460
FAAD30
FAB650
FABFC0
FAC980
FAD380
FADDE0
FAE880
FAF370
FAFEB0
FB0A40
FB1610
FB2240
FB2EB0
FB3B70
FB4880
FB55E0
FB6370
FB7130
FB7F20
FB8D40
FB9B90
FBAA20
FBB8E0
FBC7C0
FBD6E0
FBE630
FBF5B0
FC0570
FC1550
FC2560
FC35B0
FC4630
FC56C0
FC6760
FC7810
FC88E0
FC99C0
FCAAB0
FCBBB0
FCCCD0
FCDE00
FCEF40
FD0090
FD1200
FD2370
FD3500
FD46A0
FD5860
FD6A00
FD7BB0
FD8D40
FD9ED0
FDB060
FDC1D0
FDD340
FDE4B0
FDF610
FE0760
FE18B0
FE29F0
FE3B30
FE4C60
FE5D80
FE6EA0
FE7F90
FE9060
FEA110
FEB1A0
FEC200
FED240
FEE260
FEF250
FF0220
FF11D0
FF2160
FF30C0
FF4000
FF4F20
FF5E10
FF6CE0
FF7B70
FF89D0
FF97F0
FFA5E0
FFB380
FFC100
FFCE30
FFDB30
FFE7F0
FFF470
0000C0
000CD0
0018B0
002450
002FB0
003AD0
0045B0
005040
005A90
006490
006E50
0077C0
0080E0
0089C0
009250
009A90
00A290
00AA40
00B1B0
00B8D0
00BFB0
00C630
00CC70
00D260
00D7F0
00DD40
00E230
00E6D0
00EB20
00EF20
00F2D0
00F620
00F930
00FBE0
00FE40
010060
010220
010380
0104A0
010570
0105E0
010600
0105E0
010560
010480
010360
0101F0
010020
00FE00
00FB90
00F8D0
00F5C0
00F260
00EEA0
00EAA0
00E650
00E1B0
00DCC0
00D790
00D210
00CC40
00C620
00BFB0
00B900
00B200
00AAB0
00A310
009B30
009300
008A70
0081B0
0078B0
006F70
0065F0
005C20
005220
0047E0
003D50
003290
002780
001C30
0010B0
0004E0
FFF8D0
FFEC80
FFE000
FFD340
FFC650
FFB920
FFABD0
FF9E50
FF90A0
FF82B0
FF74A0
FF6650
FF57E0
FF4930
FF3A50
FF2B40
FF1C00
FF0C90
FEFCF0
FEED30
FEDD50
FECD50
FEBD30
FEAD00
FE9CA0
FE8C30
FE7BA0
FE6AE0
FE5A10
FE4920
FE3810
FE26F0
FE15A0
FE0430
FDF2B0
FDE120
FDCF80
FDBDD0
FDAC20
FD9A60
FD88A0
FD76D0
FD64F0
FD5310
FD4120
FD2F20
FD1D20
FD0B10
FCF8F0
FCE6D0
FCD4A0
FCC280
FCB060
FC9E50
FC8C40
FC7A40
FC6850
FC5670
FC4480
FC32B0
FC20E0
FC0F20
FBFD60
FBEBB0
FBDA10
FBC870
FBB6E0
FBA570
FB9410
FB82D0
FB71B0
FB60B0
FB4FD0
FB3F00
FB2E50
FB1DC0
FB0D50
FAFCF0
FAECC0
FADCA0
FACCA0
FABCC0
FAACF0
FA9D60
FA8DF0
FA7EB0
FA6FA0
FA60B0
FA5200
FA4370
FA3510
FA26E0
FA18E0
FA0B10
F9FD60
F9EFF0
F9E2A0
F9D580
F9C880
F9BBD0
F9AF50
F9A310
F99700
F98B40
F97FA0
F97450
F96930
F95E50
F953B0
F94950
F93F20
F93520
F92B70
F921F0
F918B0
F90FB0
F90700
F8FE90
F8F660
F8EE80
F8E6E0
F8DF80
F8D870
F8D1A0
F8CB10
F8C4D0
F8BED0
F8B920
F8B3B0
F8AE80
F8A990
F8A500
F8A0B0
F89CB0
F89900
F89590
F89280
F88FB0
F88D30
F88B00
F88910
F88780
F88630
F88530
F88480
F88420
F88400
F88440
F884C0
F88590
F886B0
F88820
F889E0
F88BF0
F88E50
F890F0
F893F0
F89730
F89AD0
F89EB0
F8A2E0
F8A760
F8AC30
F8B150
F8B6B0
F8BC60
F8C260
F8C8B0
F8CF40
F8D630
F8DD60
F8E4D0
F8ECA0
F8F4B0
F8FD10
F905C0
F90EB0
F917F0
F92180
F92B60
F93570
F93FD0
F94A80
F95560
F96090
F96C00
F977C0
F983C0
F99000
F99C80
F9A950
F9B660
F9C3C0
F9D150
F9DF40
F9ED50
F9FBA0
FA0A30
FA1900
FA2800
FA3730
FA46B0
FA5660
FA6640
FA7660
FA86C0
FA9750
FAA820
FAB920
FACA60
FADBE0
FAED80
FAFF50
FB1140
FB2360
FB35B0
FB4820
FB5AB0
FB6D80
FB8060
FB9380
FBA6C0
FBBA20
FBCDC0
FBE170
FBF560
FC0960
FC1D90
FC31C0
FC4610
FC5A70
FC6EF0
FC8380
FC9820
FCACD0
FCC1A0
FCD680
FCEB80
FD0090
FD15B0
FD2AE0
FD4030
FD5590
FD6AF0
FD8050
FD95B0
FDAB10
FDC070
FDD5C0
FDEB20
FE0070
FE15D0
FE2B20
FE4070
FE55C0
FE6B20
FE8070
FE95C0
FEAB00
FEC040
FED560
FEEA60
FEFF40
FF1410
FF28D0
FF3D70
FF51F0
FF6660
FF7AB0
FF8EF0
FFA310
FFB720
FFCB10
FFDEF0
FFF2A0
000630
001990
002CC0
003FC0
0052A0
006540
0077B0
0089F0
009C00
00ADE0
00BF90
00D120
00E270
00F390
010480
011550
0125D0
013610
014600
0155C0
016530
017460
018340
0191F0
01A050
01AE70
01BC50
01C9E0
01D730
01E440
01F110
01FDA0
0209D0
0215B0
022140
022C80
023770
024200
024C40
025630
025FD0
026920
027210
027AB0
028300
028B00
0292B0
029A00
02A100
02A7A0
02ADE0
02B3D0
02B950
02BE80
02C360
02C7D0
02CBF0
02CFB0
02D310
02D620
02D8C0
02DB10
02DD10
02DEA0
02DFE0
02E0C0
02E140
02E170
02E140
02E0B0
02DFC0
02DE80
02DCE0
02DAE0
02D880
02D5D0
02D2B0
02CF40
02CB80
02C750
02C2E0
02BE10
02B8F0
02B380
02ADC0
02A7A0
02A130
029A80
029370
028C00
028450
027C50
0273F0
026B40
026240
0258F0
024F60
024580
023B70
023120
022680
021BB0
021090
020530
01F9A0
01EDC0
01E1A0
01D540
01C8A0
01BBD0
01AEB0
01A140
0193C0
018610
017840
016A40
015C20
014DD0
013F70
0130D0
012210
011330
010430
00F500
00E5A0
00D630
00C680
00B6C0
00A6F0
009710
008730
007750
006760
005770
004780
003780
002780
001770
000760
FFF740
FFE720
FFD700
FFC6D0
FFB6A0
FFA690
FF9690
FF86B0
FF7700
FF6760
FF57D0
FF4870
FF3920
FF2A00
FF1AF0
FF0C00
FEFD30
FEEE80
FEDFE0
FED160
FEC310
FEB4F0
FEA710
FE9970
FE8C20
FE7F00
FE7220
FE6580
FE5930
FE4D10
FE4140
FE35A0
FE2A40
FE1F30
FE1450
FE09C0
FDFF60
FDF570
FDEBD0
FDE2A0
FDD9C0
FDD140
FDC930
FDC170
FDBA20
FDB320
FDAC80
FDA640
FDA070
FD9AF0
FD95D0
FD9110
FD8CC0
FD88D0
FD8560
FD8270
FD7FE0
FD7DE0
FD7C40
FD7B20
FD7A80
FD7A50
FD7A90
FD7B50
FD7C80
FD7E30
FD8050
FD82E0
FD85F0
FD8980
FD8D90
FD9220
FD9740
FD9CD0
FDA2F0
FDA990
FDB0A0
FDB850
FDC070
FDC910
FDD240
FDDBE0
FDE610
FDF0C0
FDFBF0
FE07A0
FE13D0
FE2090
FE2DC0
FE3B80
FE49B0
FE5870
FE67A0
FE7760
FE87A0
FE9860
FEA9A0
FEBB60
FECDA0
FEE060
FEF3B0
FF0760
FF1B80
FF3020
FF4530
FF5AA0
FF7090
FF86F0
FF9DB0
FFB4F0
FFCCA0
FFE4C0
FFFD50
001650
002FD0
0049B0
006400
007EB0
0099B0
00B500
00D0A0
00ECA0
0108F0
012590
014280
015FD0
017D70
019B60
01B9B0
01D850
01F740
021680
023620
0255E0
0275D0
0295F0
02B630
02D6A0
02F740
031800
0338F0
035A00
037B50
039CC0
03BE50
03E020
040210
042420
044670
0468B0
048AE0
04AD20
04CF50
04F170
0513A0
0535C0
0557D0
0579F0
059C00
05BE00
05E010
060210
062400
064600
0667F0
0689A0
06AB20
06CC60
06ED60
070E30
072EC0
074F20
076F40
078F20
07AED0
07CE40
07ED80
080C80
082B40
0849D0
086820
088600
08A370
08C080
08DD30
08F960
091530
0930A0
094B90
096620
098050
099A00
09B350
09CC40
09E4B0
09FCC0
0A1470
0A2B80
0A41F0
0A57E0
0A6D30
0A81E0
0A9610
0AA9A0
0ABC90
0ACF00
0AE0D0
0AF210
0B02B0
0B12C0
0B2240
0B3120
0B3F80
0B4D20
0B5A00
0B6640
0B71D0
0B7CA0
0B86C0
0B9040
0B9900
0BA100
0BA860
0BAF10
0BB500
0BBA40
0BBEE0
0BC2C0
0BC5E0
0BC850
0BCA00
0BCAF0
0BCB20
0BCA80
0BC930
0BC710
0BC440
0BC0A0
0BBC50
0BB730
0BB160
0BAAC0
0BA360
0B9B40
0B9270
0B88D0
0B7E80
0B7370
0B67A0
0B5B20
0B4DE0
0B3FE0
0B3120
0B21B0
0B1180
0B0090
0AEEE0
0ADC80
0AC960
0AB590
0AA0F0
0A8BC0
0A75E0
0A5F50
0A4820
0A3050
0A17E0
09FEC0
09E500
09CAA0
09AF90
0993E0
097780
095A90
093CE0
091EA0
08FFB0
08E040
08C060
089FF0
087F10
085DA0
083BC0
081960
07F680
07D320
07AF40
078AE0
076600
0740A0
071AD0
06F470
06CDA0
06A680
067F10
065750
062F40
0606F0
05DE50
05B570
058C30
0562B0
0538E0
050EC0
04E450
04B9A0
048EA0
046350
0437C0
040C10
03E050
03B480
0388A0
035CB0
0330B0
0304A0
02D870
02AC40
027FF0
025390
022720
01FAA0
01CE10
01A170
0174B0
014820
011BC0
00EF80
00C370
009790
006BD0
004030
0014C0
FFE980
FFBE60
FF9360
FF6890
FF3DF0
FF1370
FEE920
FEBF00
FE9530
FE6BC0
FE42B0
FE1A10
FDF1C0
FDC9D0
FDA230
FD7B00
FD5430
FD2DC0
FD07A0
FCE1F0
FCBCA0
FC97A0
FC7300
FC4ED0
FC2B20
FC07F0
FBE550
FBC340
FBA1C0
FB80C0
FB6040
FB4060
FB2100
FB0220
FAE3D0
FAC610
FAA8E0
FA8C30
FA7000
FA5470
FA3970
FA1F20
FA0580
F9EC70
F9D410
F9BC60
F9A540
F98EE0
F97910
F963F0
F94F70
F93B90
F92860
F915D0
F903F0
F8F2A0
F8E210
F8D230
F8C300
F8B470
F8A6A0
F89980
F88D10
F88140
F87630
F86BC0
F86210
F85910
F850B0
F84910
F84210
F83BD0
F83630
F83130
F82CE0
F82930
F82630
F823D0
F82220
F82110
F820A0
F820E0
F821D0
F82350
F82590
F82870
F82BF0
F83010
F834D0
F83A10
F83FF0
F84650
F84D40
F854C0
F85CD0
F86570
F86EA0
F87860
F882A0
F88D80
F898E0
F8A4E0
F8B160
F8BE70
F8CBF0
F8D9D0
F8E820
F8F6D0
F905E0
F91560
F92550
F935A0
F94650
F95770
F96900
F97AF0
F98D40
F9A000
F9B330
F9C6B0
F9DA80
F9EE80
FA02C0
FA1730
FA2BE0
FA40D0
FA55F0
FA6B50
FA80F0
FA96C0
FAACD0
FAC320
FAD9A0
FAF060
FB0750
FB1E80
FB35C0
FB4D00
FB6440
FB7BA0
FB9300
FBAA60
FBC1D0
FBD940
FBF0C0
FC0850
FC1FE0
FC3770
FC4F20
FC66C0
FC7E80
FC9630
FCADD0
FCC540
FCDCA0
FCF3D0
FD0AD0
FD21C0
FD3890
FD4F30
FD65B0
FD7C10
FD9240
FDA860
FDBE50
FDD420
FDE9D0
FDFF50
FE1490
FE2990
FE3E40
FE52B0
FE66D0
FE7AB0
FE8E40
FEA190
FEB490
FEC750
FED9C0
FEEBF0
FEFDD0
FF0F70
FF20C0
FF31D0
FF4280
FF52D0
FF62C0
FF7260
FF8190
FF9070
FF9EF0
FFAD10
FFBAE0
FFC840
FFD550
FFE200
FFEE50
FFFA40
0005D0
001110
001BE0
002650
003050
0039F0
004330
004C00
005470
005C80
006420
006B60
007240
0078B0
007EC0
008460
0089A0
008E80
009300
009720
009AE0
009E50
00A150
00A400
00A650
00A840
00A9D0
00AB10
00ABE0
00AC60
00AC80
00AC40
00ABB0
00AAB0
00A970
00A7F0
00A620
00A400
00A1A0
009EF0
009C00
0098C0
009540
009170
008D60
008900
008450
007F60
007A30
0074B0
006F00
006930
006340
005D10
0056C0
005050
0049B0
0042E0
003BF0
0034D0
002D90
002620
001E90
0016D0
000EE0
0006D0
FFFEB0
FFF690
FFEE70
FFE640
FFDE10
FFD5E0
FFCDA0
FFC560
FFBD20
FFB4D0
FFAC70
FFA420
FF9BC0
FF9350
FF8AF0
FF8270
FF7A20
FF71F0
FF69D0
FF61D0
FF59F0
FF5220
FF4A80
FF42F0
FF3B80
FF3430
FF2CF0
FF25E0
FF1EE0
FF1800
FF1140
FF0A90
FF0420
FEFDF0
FEF800
FEF240
FEECB0
FEE760
FEE250
FEDD70
FED8D0
FED470
FED040
FECC50
FEC890
FEC510
FEC1D0
FEBEC0
FEBC00
FEB990
FEB760
FEB580
FEB3F0
FEB2A0
FEB1B0
FEB100
FEB090
FEB080
FEB0B0
FEB130
FEB200
FEB310
FEB470
FEB620
FEB820
FEBA70
FEBD10
FEC000
FEC340
FEC6E0
FECAC0
FECF00
FED390
FED870
FEDDA0
FEE320
FEE8F0
FEEF10
FEF580
FEFC50
FF0360
FF0AB0
FF1250
FF1A40
FF2270
FF2AF0
FF33C0
FF3CD0
FF4620
FF4FC0
FF59B0
FF63E0
FF6E60
FF7930
FF8440
FF8F90
FF9B20
FFA6E0
FFB2E0
FFBF10
FFCB70
FFD800
FFE4D0
FFF1D0
FFFF10
000C70
001A10
0027F0
0035F0
004430
0052B0
006150
007010
007EF0
008DE0
009CE0
00AC00
00BB30
00CA80
00D9E0
00E950
00F8E0
010890
011840
012820
013800
014800
015820
016830
017830
018820
019810
01A7F0
01B7C0
01C790
01D750
01E700
01F6A0
020640
0215D0
022560
0234D0
024440
0253B0
0262E0
0271F0
0280D0
028F80
029E00
02AC50
02BA70
02C870
02D640
02E3E0
02F150
02FE90
030BB0
031890
032550
0331E0
033E20
034A20
0355D0
036140
036C60
037730
0381C0
038C00
039600
039FA0
03A910
03B230
03BB00
03C380
03CBC0
03D3C0
03DB50
03E290
03E980
03F000
03F630
03FC00
040170
040690
040B50
040FB0
0413B0
041760
041AB0
041DA0
042040
042280
042460
0425E0
0426F0
0427B0
042810
042800
0427A0
0426E0
0425B0
042430
042240
041FF0
041D50
041A40
0416D0
041310
040EE0
040A70
0405A0
040070
03FAF0
03F520
03EEF0
03E870
03E190
03DA60
03D2E0
03CB00
03C2C0
03BA40
03B150
03A820
039EA0
0394E0
038AF0
0380B0
037630
036B70
036080
035540
0349C0
033E00
033200
0325C0
031950
030C90
02FF90
02F250
02E4F0
02D780
02C9E0
02BC30
02AE50
02A060
029250
028420
0275D0
026760
0258D0
024A20
023B60
022C70
021D70
020E40
01FF30
01F010
01E110
01D210
01C310
01B420
01A530
019660
018780
0178B0
0169F0
015B30
014C80
013DD0
012F30
0120A0
011230
010400
00F5F0
00E820
00DA70
00CD00
00BFC0
00B2A0
00A5C0
009910
008C90
008030
007410
006820
005C60
0050D0
004590
003AA0
003010
0025D0
001BE0
001240
0008F0
000000
FFF750
FFEF00
FFE700
FFDF60
FFD800
FFD100
FFCA50
FFC3F0
FFBE00
FFB870
FFB350
FFAEA0
FFAA60
FFA680
FFA310
FFA000
FF9D70
FF9B30
FF9970
FF9810
FF9720
FF96A0
FF9680
FF96D0
FF9790
FF98D0
FF9A80
FF9CA0
FF9F30
FFA240
FFA5C0
FFA9B0
FFAE20
FFB300
FFB850
FFBE10
FFC450
FFCB00
FFD230
FFD9C0
FFE1D0
FFEA40
FFF320
FFFC70
000630
001060
001AF0
002600
003170
003D50
0049A0
005650
006380
007110
007F20
008D90
009C50
00AB70
00BAE0
00CAB0
00DAD0
00EB50
00FC20
010D40
011EC0
013090
0142C0
015540
016820
017B50
018EE0
01A2B0
01B6C0
01CB10
01DF80
01F420
0208F0
021E00
023330
0248A0
025E40
027410
028A00
02A030
02B690
02CD30
02E3F0
02FAE0
0311E0
0328E0
033FE0
0356E0
036DE0
0384F0
039C00
03B320
03CA30
03E150
03F870
040F90
0426C0
043DF0
045520
046C50
048360
049A30
04B0E0
04C750
04DDA0
04F3C0
0509B0
051F70
053500
054A60
055FA0
0574A0
058970
059E20
05B2A0
05C6E0
05DAD0
05EE60
0601A0
061470
0626F0
063910
064AD0
065C40
066D40
067DF0
068E40
069E30
06ADC0
06BD00
06CBE0
06DA50
06E850
06F5D0
0702C0
070F30
071B20
072680
073170
073BD0
0745B0
074F00
0757E0
076030
076800
076F50
077610
077C60
078200
078710
078B80
078F60
0792A0
079540
079740
0798B0
079970
0799B0
079940
079840
0796A0
079460
079190
078E20
078A10
078550
078000
077A00
077370
076C30
076450
075BD0
0752A0
0748E0
073E70
073370
0727C0
071B70
070E80
0700E0
06F2C0
06E400
06D4A0
06C4C0
06B430
06A320
069170
067F30
066C50
0658E0
0644D0
063040
061B00
060540
05EEE0
05D7E0
05C070
05A890
059030
057760
055E10
054440
052A10
050F50
04F420
04D880
04BC60
049FD0
0482C0
046530
044730
0428C0
040A00
03EAF0
03CB90
03ABE0
038BF0
036BB0
034B20
032A40
030920
02E7B0
02C5F0
02A3E0
028190
025EE0
023BF0
0218C0
01F560
01D200
01AE70
018AE0
016730
014360
011F80
00FB90
00D780
00B360
008F20
006AD0
004660
0021E0
FFFD40
FFD890
FFB410
FF8FA0
FF6B50
FF4720
FF2310
FEFF30
FEDB60
FEB7C0
FE9430
FE70D0
FE4D90
FE2A70
FE0770
FDE480
FDC1C0
FD9F30
FD7CE0
FD5AF0
FD3950
FD1810
FCF720
FCD680
FCB640
FC9650
FC76B0
FC5770
FC3880
FC19F0
FBFBB0
FBDDD0
FBC030
FBA300
FB8640
FB6A00
FB4E40
FB3310
FB1850
FAFE20
FAE460
FACB20
FAB270
FA9A40
FA8280
FA6B50
FA54A0
FA3E60
FA28B0
FA1380
F9FEF0
F9EAF0
F9D7A0
F9C4E0
F9B2C0
F9A140
F99060
F98020
F97080
F96170
F95310
F94540
F93810
F92B80
F91F90
F91440
F90990
F8FF90
F8F640
F8ED90
F8E590
F8DE30
F8D780
F8D180
F8CC20
F8C760
F8C360
F8C000
F8BD40
F8BB30
F8B9D0
F8B910
F8B900
F8B980
F8BAB0
F8BC90
F8BF00
F8C220
F8C5E0
F8CA40
F8CF50
F8D4F0
F8DB40
F8E240
F8E9D0
F8F210
F8FAF0
F90470
F90E80
F91920
F92450
F93000
F93C50
F94920
F95680
F96470
F972E0
F981F0
F99180
F9A1A0
F9B250
F9C390
F9D550
F9E7B0
F9FA70
FA0D90
FA2130
FA3530
FA49A0
FA5E70
FA73B0
FA8960
FA9F70
FAB600
FACCE0
FAE440
FAFC00
FB1430
FB2CC0
FB45D0
FB5F10
FB7890
FB9250
FBAC50
FBC690
FBE110
FBFBD0
FC16D0
FC3210
FC4D90
FC6940
FC8540
FCA180
FCBE00
FCDAB0
FCF7B0
FD14C0
FD31E0
FD4F10
FD6C50
FD89B0
FDA720
FDC4A0
FDE230
FDFFE0
FE1D90
FE3B60
FE5940
FE7740
FE9540
FEB360
FED190
FEEFA0
FF0DB0
FF2B90
FF4960
FF6720
FF84C0
FFA250
FFBFD0
FFDD30
FFFA70
0017B0
0034C0
0051D0
006EC0
008B90
00A850
00C4E0
00E130
00FD40
011920
0134D0
015040
016B70
018680
01A140
01BBD0
01D630
01F050
020A40
0223F0
023D70
0256B0
026FB0
028850
02A0B0
02B8B0
02D070
02E7E0
02FF00
0315E0
032C60
0342A0
035880
036E20
038370
039870
03AD20
03C190
03D5A0
03E950
03FCB0
040FC0
042270
0434D0
0446E0
045890
0469F0
047B00
048BB0
049C00
04AC10
04BBB0
04CB10
04DA10
04E8C0
04F720
050530
0512E0
052040
052D60
053A20
054690
0552B0
055E70
0569F0
057510
057FE0
058A60
059490
059E70
05A800
05B160
05BA70
05C330
05CBC0
05D400
05DC00
05E3C0
05EB30
05F260
05F950
060000
060670
060C90
061270
061800
061D70
0622B0
0627C0
062CA0
063150
0635E0
063A30
063E60
064250
064620
0649C0
064D30
065070
065380
065670
065920
065BC0
065E50
0660C0
066320
066560
066780
0669A0
066BA0
066D80
066F50
067110
0672B0
067430
0675B0
067700
067850
067990
067AD0
067C10
067D50
067EA0
067FE0
068120
068250
068390
0684D0
068610
068750
068880
0689C0
068B00
068C30
068D80
068ED0
069030
0691A0
069320
0694B0
069640
0697F0
0699A0
069B60
069D30
069F10
06A100
06A300
06A500
06A720
06A940
06AB80
06ADE0
06B050
06B2D0
06B560
06B810
06BAD0
06BDB0
06C0A0
06C3A0
06C6B0
06C9E0
06CD20
06D080
06D3F0
06D770
06DB00
06DEA0
06E250
06E610
06E9F0
06EDD0
06F1C0
06F5D0
06F9E0
06FE10
070240
070690
070AF0
070F60
0713D0
071860
071CE0
072170
072600
072A90
072F30
0733D0
073870
073D10
0741C0
074670
074B30
074FE0
0754A0
075970
075E30
0762F0
076790
076C30
0770C0
077530
0779A0
077DF0
078230
078670
078A90
078EB0
0792B0
0796A0
079A90
079E60
07A220
07A5C0
07A930
07AC80
07AFA0
07B2A0
07B570
07B820
07BAB0
07BD00
07BF40
07C150
07C330
07C4F0
07C680
07C7F0
07C940
07CA40
07CB10
07CB90
07CBE0
07CBE0
07CBB0
07CB30
07CA80
07C980
07C850
07C6D0
07C520
07C320
07C0F0
07BE80
07BBC0
07B8C0
07B560
07B1B0
07ADC0
07A970
07A4C0
079FD0
079A90
0794F0
078F00
0788D0
078240
077B60
077430
076CA0
0764D0
075CA0
075410
074B20
0741E0
073830
072E30
0723E0
071920
070E10
0702A0
06F6D0
06EAB0
06DE30
06D150
06C410
06B680
06A890
069A40
068BA0
067CA0
066D50
065D90
064D90
063D20
062C70
061B50
0609E0
05F810
05E5F0
05D370
05C0A0
05AD60
0599F0
058620
057210
055DB0
054910
053420
051EE0
050960
04F380
04DD70
04C700
04B050
049950
048210
046A80
0452A0
043A90
042260
0409F0
03F150
03D880
03BF80
03A650
038CF0
037360
0359B0
033FC0
0325A0
030B50
02F0D0
02D620
02BB30
02A050
028550
026A50
024F40
023420
021900
01FDD0
01E290
01C750
01AC00
0190A0
017530
0159C0
013E40
0122B0
010720
00EBA0
00D040
00B510
0099F0
007EE0
006400
004940
002E90
001400
FFF990
FFDF40
FFC510
FFAB00
FF9100
FF7730
FF5D70
FF4400
FF2AD0
FF11F0
FEF960
FEE100
FEC900
FEB140
FE99D0
FE82A0
FE6BB0
FE5510
FE3EC0
FE28B0
FE12F0
FDFD80
FDE840
FDD380
FDBF30
FDAB40
FD97C0
FD84B0
FD7210
FD5FD0
FD4E10
FD3CB0
FD2BC0
FD1B40
FD0B20
FCFB80
FCEC40
FCDD70
FCCF10
FCC130
FCB3E0
FCA720
FC9AE0
FC8F20
FC83F0
FC7950
FC6F30
FC65A0
FC5C90
FC5400
FC4C10
FC4490
FC3DB0
FC3740
FC3170
FC2C20
FC2770
FC2360
FC1FD0
FC1CE0
FC1A80
FC18C0
FC1790
FC16F0
FC16F0
FC1770
FC18A0
FC1A50
FC1CA0
FC1F80
FC2300
FC2700
FC2BA0
FC30D0
FC3690
FC3CE0
FC43C0
FC4B40
FC5340
FC5BE0
FC6510
FC6EC0
FC7910
FC8400
FC8F70
FC9B70
FCA810
FCB520
FCC2B0
FCD0D0
FCDF60
FCEE60
FCFDF0
FD0E00
FD1E80
FD2F90
FD4110
FD5310
FD6590
FD7890
FD8C10
FDA010
FDB480
FDC960
FDDE80
FDF410
FE09F0
FE2030
FE36D0
FE4DD0
FE6520
FE7CC0
FE94D0
FEAD30
FEC5F0
FEDF10
FEF880
FF1250
FF2C70
FF46D0
FF6150
FF7C00
FF96E0
FFB1F0
FFCD20
FFE890
000420
001FE0
003BC0
0057E0
007420
0090A0
00AD40
00CA10
00E700
010400
0120E0
013DD0
015AB0
017780
019450
01B110
01CDD0
01EA90
020740
0223F0
024090
025D30
0279C0
029650
02B2D0
02CF20
02EB30
030700
032290
033DF0
035910
0373F0
038E90
03A900
03C330
03DD20
03F6E0
041060
0429A0
0442A0
045B60
0473C0
048BB0
04A340
04BA60
04D110
04E750
04FD30
0512A0
0527B0
053C50
055080
056440
0577A0
058A90
059D20
05AF30
05C0C0
05D1C0
05E240
05F220
060170
061040
061E80
062C30
063950
0645E0
0651E0
065D50
066840
067290
067C60
0685A0
068E40
069630
069D90
06A440
06AA60
06AFD0
06B4A0
06B8D0
06BC60
06BF40
06C190
06C340
06C440
06C4A0
06C460
06C390
06C200
06BFE0
06BD10
06B9A0
06B590
06B0E0
06AB80
06A580
069EE0
0697A0
068FB0
068720
067DF0
067420
0669A0
065E90
0652E0
064690
0639C0
062C50
061E40
060FB0
060080
05F0C0
05E070
05CF90
05BE10
05AC00
059960
058620
057250
055DF0
054920
0533D0
051E10
0507E0
04F130
04DA10
04C280
04AA80
049210
047920
045FC0
0445E0
042B90
0410D0
03F5A0
03DA00
03BE10
03A1D0
038550
036880
034B70
032E20
031070
02F290
02D460
02B5E0
029710
027810
0258B0
023910
021930
01F900
01D8C0
01B860
0197F0
017770
0156E0
013630
011570
00F490
00D3A0
00B2A0
009190
007060
004F20
002DC0
000C60
FFEAD0
FFC970
FFA830
FF8710
FF6610
FF4520
FF2460
FF03B0
FEE320
FEC2C0
FEA270
FE8240
FE6230
FE4240
FE2270
FE02C0
FDE330
FDC3F0
FDA4F0
FD8650
FD67F0
FD49E0
FD2C20
FD0EB0
FCF190
FCD4C0
FCB840
FC9C00
FC8020
FC6480
FC4930
FC2E30
FC1380
FBF950
FBDF80
FBC620
FBAD40
FB94D0
FB7CD0
FB6540
FB4E20
FB3780
FB2140
FB0B80
FAF630
FAE150
FACCE0
FAB8F0
FAA560
FA9260
FA7FF0
FA6E10
FA5CB0
FA4BD0
FA3B80
FA2BC0
FA1C80
FA0DD0
F9FFB0
F9F210
F9E500
F9D870
F9CC70
F9C0F0
F9B610
F9ABB0
F9A1E0
F998A0
F98FF0
F987D0
F98040
F97940
F972D0
F96CE0
F96790
F962D0
F95EA0
F95B00
F957E0
F95560
F95370
F95200
F95110
F950B0
F950D0
F95170
F95290
F95440
F95670
F95930
F95C60
F96020
F96470
F96930
F96E80
F97450
F97AB0
F98170
F988A0
F99030
F99840
F9A0A0
F9A980
F9B2C0
F9BC70
F9C690
F9D110
F9DC00
F9E750
F9F320
F9FF50
FA0BE0
FA18F0
FA2630
FA33C0
FA41A0
FA4FB0
FA5E10
FA6CC0
FA7BB0
FA8AE0
FA9A50
FAAA10
FABA10
FACA60
FADAF0
FAEBC0
FAFCE0
FB0E30
FB1FB0
FB3140
FB42F0
FB54C0
FB66A0
FB78A0
FB8AC0
FB9CF0
FBAF40
FBC1A0
FBD420
FBE6C0
FBF980
FC0C50
FC1F40
FC3240
FC4540
FC5820
FC6AF0
FC7DB0
FC9050
FCA2F0
FCB570
FCC7E0
FCDA40
FCEC90
FCFEC0
FD10F0
FD2300
FD3500
FD46F0
FD58D0
FD6A70
FD7BD0
FD8D00
FD9DF0
FDAEB0
FDBF30
FDCF70
FDDF80
FDEF40
FDFEE0
FE0E30
FE1D50
FE2C40
FE3AE0
FE4950
FE5790
FE6560
FE72F0
FE8010
FE8CE0
FE9950
FEA570
FEB130
FEBC90
FEC7A0
FED250
FEDCB0
FEE6B0
FEF050
FEF9A0
FF0290
FF0B30
FF1360
FF1B20
FF2270
FF2960
FF2FE0
FF35F0
FF3B90
FF40D0
FF45A0
FF4A10
FF4E00
FF5190
FF54C0
FF5770
FF59C0
FF5BA0
FF5D10
FF5E20
FF5EB0
FF5ED0
FF5E90
FF5DD0
FF5CB0
FF5B20
FF5920
FF56B0
FF53D0
FF5080
FF4CC0
FF4890
FF43F0
FF3EF0
FF3980
FF33B0
FF2D80
FF26F0
FF2000
FF18A0
FF10F0
FF08D0
FF0060
FEF780
FEEE40
FEE4A0
FEDAA0
FED030
FEC570
FEBA40
FEAED0
FEA310
FE9710
FE8AC0
FE7E30
FE7150
FE6420
FE56B0
FE48F0
FE3AF0
FE2CA0
FE1E00
FE0F20
FE0000
FDF080
FDE0D0
FDD0E0
FDC0E0
FDB0B0
FDA060
FD8FF0
FD7F50
FD6E90
FD5DA0
FD4C90
FD3B60
FD2A10
FD1890
FD06F0
FCF520
FCE340
FCD120
FCBF20
FCAD10
FC9B00
FC8900
FC7700
FC6500
FC5300
FC4110
FC2F20
FC1D30
FC0B40
FBF950
FBE770
FBD580
FBC3A0
FBB1D0
FBA020
FB8EA0
FB7D40
FB6C20
FB5B20
FB4A60
FB39C0
FB2950
FB1900
FB08F0
FAF910
FAE950
FAD9C0
FACA60
FABB30
FAAC30
FA9D80
FA8F20
FA8110
FA7350
FA65F0
FA58E0
FA4C10
FA3FA0
FA3390
FA27C0
FA1C40
FA1120
FA0650
F9FBD0
F9F1A0
F9E7C0
F9DE50
F9D550
F9CCD0
F9C4B0
F9BD00
F9B5C0
F9AEE0
F9A880
F9A290
F99D10
F99800
F99350
F98F20
F98B50
F98800
F98510
F982B0
F980C0
F97F50
F97E60
F97DF0
F97E00
F97E90
F97FA0
F98130
F98340
F985C0
F988D0
F98C60
F99060
F994E0
F999F0
F99F70
F9A570
F9AC00
F9B300
F9BA90
F9C290
F9CB10
F9D420
F9DDA0
F9E7B0
F9F230
F9FD40
FA08C0
FA14D0
FA2160
FA2E60
FA3BE0
FA49D0
FA5840
FA6710
FA7660
FA8620
FA9660
FAA700
FAB820
FAC9B0
FADBB0
FAEE30
FB0120
FB1480
FB2850
FB3CA0
FB5140
FB6640
FB7B90
FB9140
FBA750
FBBDC0
FBD480
FBEB90
FC0300
FC1AD0
FC3300
FC4B80
FC6460
FC7DA0
FC9730
FCB110
FCCB40
FCE590
FD0020
FD1AE0
FD35E0
FD5110
FD6C70
FD8810
FDA3E0
FDBFF0
FDDC30
FDF8A0
FE1550
FE3230
FE4F40
FE6C90
FE89E0
FEA750
FEC4B0
FEE230
FEFFB0
FF1D40
FF3AD0
FF5880
FF7620
FF93E0
FFB1A0
FFCF70
FFED50
000B30
002920
004710
0064F0
0082A0
00A040
00BDB0
00DB00
00F830
011540
013240
014F10
016BB0
018840
01A4B0
01C100
01DD30
01F930
021520
0230C0
024C10
026710
0281D0
029C40
02B670
02D040
02E9D0
030320
031C10
0334C0
034D20
036540
037D10
039490
03ABC0
03C290
03D8F0
03EED0
040450
041970
042E10
044250
045610
046970
047C60
048EE0
04A0F0
04B2A0
04C3D0
04D4A0
04E500
04F4D0
050420
0512F0
052130
052EF0
053C20
0548D0
055500
0560A0
056BB0
057640
058050
0589E0
0592D0
059B50
05A340
05AAA0
05B170
05B7A0
05BD50
05C260
05C6E0
05CAD0
05CE30
05D100
05D330
05D4E0
05D5F0
05D670
05D660
05D5C0
05D480
05D2C0
05D060
05CD80
05CA00
05C5F0
05C150
05BC20
05B660
05B010
05A920
05A1B0
0599A0
059110
0587E0
057E20
0573D0
056900
055DB0
0551D0
054570
0538A0
052B30
051D50
050EF0
050000
04F090
04E0A0
04D030
04BF40
04ADC0
049BC0
048950
047660
046310
044F50
043B30
0426A0
0411A0
03FC40
03E670
03D030
03B990
03A280
038B10
037330
035AF0
034230
032920
030FB0
02F600
02DC10
02C1D0
02A750
028C80
027160
025610
023A60
021E70
020240
01E5C0
01C8F0
01ABE0
018E90
0170E0
015320
013540
011740
00F910
00DAD0
00BC60
009DD0
007F30
006060
004170
002260
000320
FFE3D0
FFC460
FFA4C0
FF8510
FF6560
FF45B0
FF2600
FF0660
FEE6D0
FEC740
FEA7B0
FE8830
FE68B0
FE4930
FE29C0
FE0A50
FDEAF0
FDCB90
FDAC40
FD8CE0
FD6DC0
FD4ED0
FD3000
FD1160
FCF2F0
FCD4B0
FCB690
FC98B0
FC7AF0
FC5D60
FC3FF0
FC22C0
FC05B0
FBE8E0
FBCC30
FBAFA0
FB9370
FB7790
FB5BF0
FB40A0
FB25A0
FB0AF0
FAF090
FAD670
FABCB0
FAA330
FA8A00
FA7120
FA5890
FA4050
FA2850
FA10B0
F9F970
F9E290
F9CC20
F9B610
F9A070
F98B30
F97650
F961E0
F94DE0
F93A40
F92700
F91430
F901D0
F8EFD0
F8DE30
F8CD00
F8BC40
F8AC00
F89C30
F88CE0
F87E00
F86FA0
F861B0
F85430
F84730
F83AB0
F82EA0
F82300
F817E0
F80D30
F80300
F7F940
F7F000
F7E750
F7DF10
F7D750
F7D010
F7C950
F7C310
F7BD50
F7B810
F7B340
F7AF00
F7AB40
F7A800
F7A540
F7A2F0
F7A130
F79FE0
F79F10
F79EC0
F79EF0
F79FA0
F7A0C0
F7A260
F7A480
F7A720
F7AA40
F7ADD0
F7B1E0
F7B670
F7BB80
F7C110
F7C710
F7CD90
F7D480
F7DBE0
F7E3B0
F7EBF0
F7F4B0
F7FDD0
F80770
F81190
F81C10
F82710
F83280
F83E60
F84AB0
F85770
F864B0
F87250
F88040
F88EA0
F89D60
F8AC90
F8BC10
F8CBF0
F8DC40
F8ECE0
F8FDF0
F90F60
F92130
F93360
F945F0
F958E0
F96C30
F97FD0
F993C0
F9A800
F9BC80
F9D150
F9E670
F9FBE0
FA1190
FA2790
FA3DE0
FA5480
FA6B60
FA82A0
FA9A20
FAB1E0
FACA00
FAE240
FAFAC0
FB1370
FB2C50
FB4570
FB5EB0
FB7830
FB91D0
FBABB0
FBC5C0
FBE010
FBFA80
FC1520
FC3000
FC4B10
FC6650
FC81B0
FC9D20
FCB8A0
FCD440
FCF000
FD0BD0
FD27C0
FD43D0
FD5FF0
FD7C20
FD9870
FDB4E0
FDD160
FDEDF0
FE0AB0
FE2770
FE4440
FE6100
FE7DD0
FE9A90
FEB750
FED410
FEF0D0
FF0D80
FF2A40
FF46F0
FF63A0
FF8050
FF9D00
FFB9B0
FFD660
FFF300
000F90
002C00
004850
006490
0080B0
009CB0
00B8A0
00D460
00F010
010BB0
012720
014280
015DC0
0178F0
019400
01AEF0
01C9A0
01E430
01FE90
0218B0
0232B0
024C70
026600
027F60
029890
02B180
02CA50
02E2E0
02FB50
031380
032B80
034350
035AE0
037220
038910
039FD0
03B640
03CC60
03E240
03F7E0
040D30
042240
043710
044B90
045FD0
0473C0
048770
049AE0
04ADF0
04C0B0
04D310
04E520
04F6E0
050840
051950
052A00
053A60
054A70
055A20
056980
057890
058740
059590
05A3A0
05B140
05BE80
05CB50
05D7D0
05E3E0
05EFA0
05FAE0
0605D0
061060
061A80
062440
062DA0
0636A0
063F40
064770
064F50
0656B0
065DB0
066450
066A70
067040
067590
067A80
067F00
068320
0686D0
068A20
068CF0
068F70
069170
069310
069450
069510
069570
069560
0694E0
0693F0
069290
0690C0
068E90
068BF0
0688E0
068560
068170
067D10
067850
067310
066D70
066760
0660F0
065A00
0652C0
064B00
0642E0
063A60
063170
062810
061E50
061420
060980
05FE80
05F310
05E740
05DAF0
05CE50
05C150
05B3F0
05A620
0597F0
058960
057A70
056B20
055B70
054B60
053AE0
052A10
0518D0
050730
04F530
04E2D0
04D020
04BD10
04A9B0
049600
048200
046DB0
045900
044410
042EC0
041920
040320
03ECE0
03D640
03BF50
03A810
039070
0378A0
036090
034830
032FA0
0316D0
02FDC0
02E470
02CAD0
02B100
0296F0
027CA0
026210
024740
022C30
0210E0
01F560
01D9A0
01BDD0
01A1C0
0185A0
016950
014CE0
013040
011380
00F690
00D980
00BC50
009EF0
008170
0063C0
0045F0
0027F0
0009F0
FFEBE0
FFCDD0
FFAFB0
FF9180
FF7350
FF5510
FF36C0
FF1870
FEFA10
FEDBA0
FEBD30
FE9EB0
FE8020
FE6190
FE42F0
FE2460
FE05F0
FDE790
FDC940
FDAB10
FD8CF0
FD6EE0
FD50E0
FD32F0
FD1520
FCF760
FCD9C0
FCBC30
FC9EB0
FC8140
FC63E0
FC46C0
FC29D0
FC0D10
FBF080
FBD430
FBB810
FB9C20
FB8060
FB64E0
FB4980
FB2E60
FB1380
FAF8C0
FADE40
FAC3E0
FAA9D0
FA9000
FA7670
FA5D40
FA4460
FA2BD0
FA1390
F9FB90
F9E3F0
F9CCA0
F9B590
F99EE0
F98870
F97250
F95C90
F94710
F931E0
F91D20
F908C0
F8F4C0
F8E130
F8CE10
F8BB50
F8A8F0
F89700
F88570
F87440
F86390
F85330
F84340
F833B0
F82490
F815E0
F80790
F7F9D0
F7EC70
F7DF90
F7D330
F7C740
F7BBC0
F7B0C0
F7A630
F79C20
F79280
F78960
F780B0
F77870
F770B0
F76970
F762A0
F75C50
F75690
F75140
F74C70
F74820
F74450
F74110
F73E40
F73BF0
F73A20
F738D0
F73800
F737B0
F737E0
F73880
F739B0
F73B60
F73D80
F74020
F74340
F746E0
F74AF0
F74F80
F75490
F75A20
F76030
F766B0
F76DC0
F77540
F77D40
F785B0
F78EA0
F79800
F7A1D0
F7AC10
F7B6C0
F7C1E0
F7CD70
F7D970
F7E5F0
F7F2D0
F80030
F80DF0
F81C30
F82AD0
F839F0
F84980
F85960
F869B0
F87A50
F88B40
F89C90
F8AE40
F8C050
F8D2B0
F8E580
F8F890
F90C10
F91FE0
F93410
F94890
F95D80
F972B0
F98830
F99DF0
F9B3F0
F9CA20
F9E0A0
F9F750
FA0E50
FA2580
FA3CF0
FA54A0
FA6C90
FA84C0
FA9D30
FAB5E0
FACEC0
FAE7F0
FB0130
FB1A90
FB3410
FB4DB0
FB6760
FB8130
FB9B20
FBB530
FBCF60
FBE9A0
FC0400
FC1E80
FC3920
FC53D0
FC6EA0
FC8990
FCA480
FCBF60
FCDA40
FCF520
FD0FF0
FD2AB0
FD4570
FD6030
FD7AF0
FD95A0
FDB040
FDCAF0
FDE590
FE0020
FE1AB0
FE3540
FE4FA0
FE69E0
FE83F0
FE9DD0
FEB790
FED120
FEEA90
FF03E0
FF1CF0
FF35F0
FF4EB0
FF6750
FF7FD0
FF9820
FFB050
FFC840
FFE000
FFF770
000EA0
002590
003C30
005290
0068B0
007E90
009420
00A960
00BE70
00D330
00E7B0
00FBE0
010FE0
012380
0136E0
0149D0
015C70
016EC0
0180B0
019240
01A380
01B460
01C4E0
01D510
01E4F0
01F460
020380
021250
0220C0
022ED0
023C80
0249D0
0256C0
026340
026F60
027B20
028670
029170
029C00
02A620
02AFF0
02B950
02C250
02CAF0
02D320
02DB00
02E270
02E970
02F020
02F660
02FC50
0301C0
0306E0
030BA0
030FF0
0313E0
031770
031A90
031D60
031FC0
0321C0
032350
032490
032580
032610
032640
032620
0325A0
0324D0
0323A0
032220
032030
031E00
031B70
031880
031530
031190
030DA0
030960
0304E0
030010
02FB00
02F5B0
02F020
02EA40
02E420
02DDB0
02D710
02D020
02C8E0
02C170
02B9B0
02B1A0
02A960
02A0E0
029840
028F80
028680
027D60
027410
026AA0
0260F0
025720
024D30
024300
0238B0
022E30
022390
0218B0
020DC0
0202B0
01F790
01EC70
01E130
01D5F0
01CAA0
01BF40
01B3D0
01A860
019CD0
019140
0185A0
0179F0
016E30
016260
015690
014AC0
013F00
013360
0127C0
011C30
0110B0
010540
00F9D0
00EE80
00E340
00D800
00CCE0
00C1C0
00B6C0
00ABC0
00A0D0
009610
008B70
008100
0076B0
006C80
006280
0058B0
004F00
004570
003C10
0032E0
0029D0
0020E0
001820
000F90
000710
FFFEE0
FFF6E0
FFEF10
FFE780
FFE030
FFD910
FFD220
FFCB70
FFC500
FFBEC0
FFB8C0
FFB2F0
FFAD50
FFA800
FFA2D0
FF9DF0
FF9940
FF94D0
FF90B0
FF8CD0
FF8920
FF85C0
FF82A0
FF7FC0
FF7D30
FF7AD0
FF78B0
FF76E0
FF7540
FF73F0
FF72E0
FF7210
FF7180
FF7130
FF7120
FF7150
FF71B0
FF7260
FF7350
FF7480
FF75F0
FF7790
FF7980
FF7BB0
FF7E20
FF80C0
FF83B0
FF86E0
FF8A40
FF8DD0
FF91A0
FF95A0
FF99D0
FF9E30
FFA2D0
FFA7A0
FFACB0
FFB1E0
FFB760
FFBD00
FFC2E0
FFC8E0
FFCF30
FFD5A0
FFDC40
FFE300
FFE9D0
FFF0D0
FFF7F0
FFFF30
000690
000E10
0015B0
001D70
002560
002D60
003580
003DD0
004630
004EC0
005750
005FF0
006890
007140
0079F0
0082B0
008B70
009450
009D20
00A600
00AEF0
00B7E0
00C0E0
00C9F0
00D300
00DC10
00E520
00EE10
00F6F0
00FFD0
010890
011140
0119D0
012260
012AE0
013350
013BA0
0143E0
014C20
015440
015C50
016450
016C20
0173D0
017B50
0182A0
0189D0
0190D0
0197B0
019E60
01A4E0
01AB30
01B160
01B760
01BD40
01C2F0
01C870
01CDC0
01D2E0
01D7C0
01DC60
01E0C0
01E4E0
01E8C0
01EC60
01EFD0
01F2F0
01F5E0
01F890
01FB00
01FD30
01FF20
0200D0
020250
020370
020450
0204F0
020530
020530
0204F0
020460
020380
020250
0200D0
01FF10
01FD10
01FAB0
01F810
01F530
01F1F0
01EE70
01EAA0
01E680
01E220
01DD60
01D860
01D310
01CD70
01C780
01C140
01BAC0
01B3E0
01ACC0
01A550
019D90
019590
018D40
0184A0
017BD0
0172A0
016940
015F90
0155A0
014B60
0140E0
013620
012B10
011FC0
011420
010840
00FC20
00EFB0
00E310
00D640
00C930
00BBF0
00AE80
00A0D0
0092F0
0084E0
0076A0
006820
005970
004A80
003B60
002C10
001C90
000CD0
FFFD00
FFED00
FFDCF0
FFCCC0
FFBC70
FFAC00
FF9B70
FF8AD0
FF7A00
FF6920
FF5820
FF4700
FF35D0
FF2470
FF1300
FF0160
FEEFD0
FEDE40
FECCA0
FEBB10
FEA970
FE97E0
FE8640
FE74B0
FE6310
FE5170
FE3FE0
FE2E40
FE1CA0
FE0B00
FDF960
FDE7C0
FDD640
FDC4E0
FDB390
FDA260
FD9160
FD8070
FD6F90
FD5EE0
FD4E50
FD3DD0
FD2D70
FD1D30
FD0D10
FCFD10
FCED20
FCDD60
FCCDD0
FCBE70
FCAF60
FCA070
FC91D0
FC8360
FC7530
FC6730
FC5970
FC4BE0
FC3EA0
FC3180
FC24B0
FC1810
FC0BA0
FBFF80
FBF3A0
FBE810
FBDCD0
FBD1F0
FBC750
FBBD00
FBB310
FBA960
FBA000
FB9700
FB8E40
FB85D0
FB7DC0
FB75F0
FB6E70
FB6750
FB6080
FB5A10
FB5410
FB4E60
FB4910
FB4430
FB3FA0
FB3B70
FB37B0
FB3440
FB3130
FB2E90
FB2C40
FB2A50
FB28C0
FB27A0
FB26D0
FB2670
FB2680
FB26E0
FB27B0
FB28F0
FB2A80
FB2C80
FB2EF0
FB31C0
FB34F0
FB3880
FB3C80
FB40E0
FB45B0
FB4AE0
FB5070
FB5660
FB5CC0
FB6380
FB6A90
FB7210
FB7A00
FB8240
FB8AE0
FB93F0
FB9D60
FBA730
FBB170
FBBC00
FBC700
FBD250
FBDE10
FBEA10
FBF670
FC0330
FC1040
FC1DA0
FC2B60
FC3970
FC47D0
FC5690
FC65A0
FC7510
FC84D0
FC94F0
FCA560
FCB620
FCC730
FCD880
FCEA10
FCFBE0
FD0E00
FD2050
FD32F0
FD45E0
FD5900
FD6C70
FD8020
FD9410
FDA850
FDBCC0
FDD180
FDE690
FDFBC0
FE1110
FE26A0
FE3C50
FE5230
FE6830
FE7E70
FE94D0
FEAB60
FEC210
FED8F0
FEF000
FF0740
FF1EB0
FF3640
FF4E00
FF65D0
FF7DB0
FF95B0
FFADB0
FFC5D0
FFDE00
FFF640
000E90
0026F0
003F60
0057F0
007080
008930
00A1F0
00BAC0
00D3A0
00EC80
010550
011E20
0136E0
014FA0
016850
018100
0199B0
01B250
01CAE0
01E380
01FC00
021480
022D00
024580
025DE0
027630
028E70
02A680
02BE80
02D650
02EE10
0305B0
031D30
0334A0
034BE0
036310
037A20
039110
03A7E0
03BEA0
03D530
03EBA0
0401E0
0417E0
042DC0
044370
0458F0
046E40
048360
049850
04AD10
04C1A0
04D610
04EA40
04FE40
051220
0525C0
053930
054C60
055F60
057210
058490
0596E0
05A8F0
05BAC0
05CC50
05DDA0
05EEC0
05FFB0
061050
0620C0
0630F0
0640F0
0650A0
066020
066F50
067E40
068CF0
069B60
06A990
06B780
06C530
06D290
06DFC0
06ECB0
06F950
0705C0
0711E0
071DC0
072960
0734C0
073FE0
074AB0
075550
075FA0
0769B0
077380
077D10
078650
078F60
079820
07A0A0
07A8E0
07B0D0
07B890
07C000
07C740
07CE40
07D4F0
07DB70
07E1B0
07E7B0
07ED70
07F2F0
07F830
07FD40
080200
080680
080AD0
080ED0
0812A0
081630
081980
081CA0
081F80
082220
082490
0826C0
0828C0
082A80
082C00
082D50
082E60
082F40
082FE0
083040
083070
083060
083030
082FC0
082F20
082E50
082D50
082C20
082AB0
082920
082750
082550
082320
0820C0
081E20
081B60
081860
081540
0811F0
080E70
080AC0
0806F0
0802F0
07FEC0
07FA60
07F5E0
07F130
07EC50
07E740
07E210
07DCB0
07D720
07D170
07CB90
07C590
07BF60
07B920
07B2B0
07AC10
07A560
079E80
079780
079060
078910
0781A0
077A10
077250
076A80
076270
075A50
075220
0749C0
074140
0738A0
072FE0
072710
071E10
0714F0
070BC0
070260
06F8F0
06EF60
06E5A0
06DBD0
06D1E0
06C7D0
06BDB0
06B370
06A910
069EA0
069410
068970
067EB0
0673E0
0668E0
065DE0
0652B0
064770
063C20
0630B0
062520
061980
060DD0
060200
05F630
05EA40
05DE30
05D220
05C5F0
05B9B0
05AD50
05A0F0
059470
0587E0
057B30
056E80
0561B0
0554D0
0547E0
053AE0
052DE0
0520D0
0513B0
050680
04F940
04EC00
04DEA0
04D140
04C3D0
04B650
04A8C0
049B30
048D80
047FE0
047230
046470
0456C0
044900
043B40
042D70
041FB0
0411E0
040400
03F630
03E850
03DA70
03CC80
03BEA0
03B0B0
03A2C0
0394E0
038700
037920
036B50
035D80
034FC0
034200
033450
032690
0318F0
030B40
02FDA0
02F000
02E270
02D4E0
02C760
02BA00
02ACB0
029F70
029240
028520
027820
026B30
025E50
025190
0244D0
023830
022BA0
021F30
0212C0
020670
01FA40
01EE30
01E240
01D680
01CAD0
01BF50
01B3F0
01A8B0
019D90
0192A0
0187C0
017D10
017280
016810
015DC0
0153A0
0149A0
013FE0
013650
012CF0
0123C0
011AC0
011200
010970
010110
00F8E0
00F0E0
00E910
00E180
00DA20
00D2E0
00CBF0
00C530
00BEB0
00B870
00B270
00ACB0
00A740
00A200
009D00
009850
0093D0
008FA0
008BA0
0087F0
008470
008140
007E40
007BA0
007940
007730
007560
0073F0
0072C0
0071E0
007140
007100
007100
007140
0071E0
0072C0
0073F0
007570
007740
007950
007BC0
007E80
008190
0084F0
0088A0
008CA0
0090F0
009590
009A80
009FD0
00A560
00AB40
00B180
00B810
00BEE0
00C610
00CD90
00D550
00DD70
00E5D0
00EE90
00F790
0100F0
010A90
011480
011ED0
012960
013440
013F70
014AF0
0156D0
0162E0
016F40
017BE0
0188C0
0195F0
01A360
01B120
01BF20
01CD60
01DBE0
01EAB0
01F9C0
020910
0218B0
022890
0238C0
024910
0259A0
026A60
027B50
028C70
029DC0
02AF50
02C100
02D2F0
02E510
02F760
0309E0
031C90
032F80
034290
0355E0
036940
037CC0
039050
03A400
03B7C0
03CB90
03DF90
03F390
0407B0
041BF0
043040
0444B0
045930
046DD0
048280
049740
04AC00
04C0C0
04D570
04EA10
04FEB0
051340
0527D0
053C50
0550D0
056540
0579B0
058E10
05A260
05B6B0
05CAF0
05DF30
05F340
060720
061AE0
062E60
0641C0
065500
066800
067AE0
068D90
06A010
06B260
06C490
06D690
06E860
06FA10
070B80
071CB0
072D90
073E20
074E50
075E40
076DE0
077D30
078C30
079AE0
07A940
07B750
07C510
07D280
07DFA0
07EC70
07F8F0
080500
0810B0
081BE0
0826B0
083110
083B00
084490
084DA0
085650
085E90
086660
086DC0
0874B0
087B30
088150
088700
088C20
0890D0
0894F0
089890
089BA0
089E40
08A050
08A1E0
08A2F0
08A370
08A370
08A2F0
08A1F0
08A070
089E60
089BD0
0898B0
089500
0890D0
088C00
0886B0
0880C0
087A50
087340
086BB0
086390
085AE0
0851A0
0847D0
083D80
083290
082710
081B10
080E80
080160
07F3B0
07E570
07D6B0
07C760
07B780
07A710
079620
078490
077280
075FE0
074CC0
073900
0724C0
071000
06FAC0
06E510
06CED0
06B820
06A0F0
068950
067120
065880
063F60
0625C0
060BB0
05F120
05D610
05BA80
059E70
058210
056540
054820
052AA0
050CC0
04EE80
04CFE0
04B0E0
049180
0471D0
0451B0
043130
041060
03EF30
03CDA0
03ABA0
038980
036720
034490
0321C0
02FEC0
02DB80
02B810
029470
027090
024C70
022830
0203B0
01DEF0
01BA00
0194E0
016F80
014A20
0124B0
00FF40
00D9D0
00B450
008EC0
006940
0043A0
001E10
FFF870
FFD2C0
FFAD10
FF8760
FF61A0
FF3BD0
FF1610
FEF070
FECAF0
FEA5A0
FE8080
FE5B90
FE36C0
FE1220
FDEDB0
FDC960
FDA540
FD8150
FD5D80
FD39E0
FD1670
FCF320
FCD010
FCAD40
FC8AE0
FC68D0
FC4720
FC25C0
FC04C0
FBE420
FBC3E0
FBA3F0
FB8460
FB6530
FB4650
FB27D0
FB09B0
FAEBE0
FACE80
FAB190
FA9520
FA7940
FA5DE0
FA4300
FA28B0
FA0ED0
F9F580
F9DCB0
F9C470
F9ACA0
F99560
F97EA0
F96860
F952A0
F93D70
F928D0
F914E0
F90190
F8EEE0
F8DCD0
F8CB50
F8BA80
F8AA60
F89AD0
F88BE0
F87D90
F86FE0
F862E0
F85670
F84AB0
F83F80
F83510
F82B40
F82230
F819C0
F81210
F80B00
F804A0
F7FF00
F7FA00
F7F5B0
F7F210
F7EF30
F7ECF0
F7EB60
F7EA80
F7EA50
F7EAD0
F7EC00
F7EDE0
F7F060
F7F3A0
F7F790
F7FC20
F80160
F80760
F80E00
F81550
F81D50
F82600
F82F60
F83970
F84420
F84F80
F85B70
F86800
F87530
F88300
F89160
F8A070
F8B010
F8C050
F8D120
F8E2A0
F8F4B0
F90770
F91AB0
F92EA0
F94330
F95830
F96DC0
F983C0
F99A40
F9B140
F9C8B0
F9E0B0
F9F920
FA1220
FA2B90
FA4580
FA5FF0
FA7AE0
FA9650
FAB230
FACEA0
FAEB50
FB0860
FB25C0
FB4370
FB6180
FB7FD0
FB9E80
FBBD80
FBDCD0
FBFC70
FC1C70
FC3CC0
FC5D50
FC7E50
FC9F90
FCC120
FCE2E0
FD04B0
FD26B0
FD48D0
FD6B10
FD8D80
FDB000
FDD2A0
FDF570
FE1860
FE3B70
FE5EA0
FE81F0
FEA560
FEC8F0
FEECB0
FF1050
FF33F0
FF5770
FF7AE0
FF9E40
FFC190
FFE4D0
000800
002B20
004E20
007120
009400
00B6E0
00D9A0
00FC50
011F00
014160
016380
018560
01A700
01C860
01E980
020A50
022AF0
024B50
026B60
028B40
02AAE0
02CA30
02E940
030820
0326B0
0344E0
0362A0
038000
039CF0
03B970
03D590
03F150
040CA0
042780
044200
045C10
0475C0
048F00
04A7E0
04C050
04D850
04EFD0
0506D0
051D50
053340
0548B0
055DA0
057200
0585E0
059940
05AC10
05BE60
05D030
05E170
05F230
060270
061220
062140
062FD0
063DD0
064B40
065810
066450
067000
067B20
0685A0
068F90
0698F0
06A1C0
06AA00
06B1A0
06B8B0
06BF30
06C520
06CA70
06CF30
06D360
06D6F0
06DA00
06DC70
06DE50
06DF90
06E040
06E060
06DFF0
06DEE0
06DD50
06DB20
06D850
06D510
06D140
06CCE0
06C810
06C2A0
06BCC0
06B650
06AF60
06A7E0
069FE0
069760
068E60
0684D0
067AB0
067020
0664F0
065970
064D70
064110
063430
0626F0
061940
060B30
05FCA0
05EDB0
05DE50
05CE80
05BE50
05ADA0
059C90
058B10
057930
0566F0
055470
0541B0
052E90
051B30
050790
04F390
04DF60
04CAD0
04B600
04A0E0
048B80
0475D0
045FD0
044990
043300
041C40
040570
03EE70
03D750
03C000
03A8A0
039110
037960
036180
034980
033160
031920
0300B0
02E820
02CF70
02B6A0
029DD0
0284F0
026C30
025360
023A90
0221D0
020910
01F040
01D790
01BED0
01A610
018D60
0174B0
015C00
014350
012AA0
011220
00F9C0
00E180
00C960
00B170
0099A0
008200
006A80
005320
003BE0
0024D0
000DE0
FFF710
FFE070
FFC9E0
FFB390
FF9D70
FF8790
FF7200
FF5CA0
FF4790
FF32C0
FF1E20
FF09D0
FEF5C0
FEE1F0
FECE70
FEBB20
FEA810
FE9550
FE82C0
FE7080
FE5E90
FE4CF0
FE3BA0
FE2AB0
FE1A10
FE09C0
FDF9C0
FDEA20
FDDAD0
FDCBD0
FDBD20
FDAED0
FDA0C0
FD9310
FD85C0
FD78B0
FD6C10
FD5FC0
FD53C0
FD4830
FD3CF0
FD3210
FD2790
FD1D70
FD13A0
FD0A30
FD0120
FCF870
FCF010
FCE810
FCE070
FCD930
FCD240
FCCBB0
FCC570
FCBF90
FCBA10
FCB4E0
FCB010
FCABA0
FCA780
FCA3B0
FCA050
FC9D40
FC9A80
FC9820
FC9620
FC9470
FC9310
FC9200
FC9150
FC90D0
FC90B0
FC90E0
FC9160
FC9220
FC9340
FC94A0
FC9650
FC9850
FC9AA0
FC9D40
FCA030
FCA370
FCA6E0
FCAAA0
FCAE90
FCB2C0
FCB730
FCBBD0
FCC0B0
FCC5E0
FCCB30
FCD0D0
FCD6B0
FCDCC0
FCE310
FCE9A0
FCF070
FCF770
FCFEA0
FD05F0
FD0D70
FD1510
FD1CD0
FD24C0
FD2CD0
FD3500
FD3D60
FD45E0
FD4E90
FD5760
FD6050
FD6960
FD72A0
FD7C10
FD8580
FD8F00
FD9890
FDA230
FDABE0
FDB5A0
FDBF60
FDC940
FDD330
FDDD20
FDE720
FDF140
FDFB60
FE0590
FE0FD0
FE1A20
FE2460
FE2EA0
FE38E0
FE4310
FE4D30
FE5750
FE6170
FE6B80
FE7580
FE7F80
FE8980
FE9370
FE9D50
FEA730
FEB100
FEBAD0
FEC490
FECE30
FED7B0
FEE120
FEEA70
FEF3B0
FEFCD0
FF05D0
FF0EC0
FF17A0
FF2050
FF2900
FF3180
FF39F0
FF4250
FF4A90
FF52B0
FF5AA0
FF6270
FF6A10
FF71A0
FF7900
FF8030
FF8740
FF8E30
FF9500
FF9BA0
FFA220
FFA870
FFAEA0
FFB4B0
FFBA90
FFC050
FFC5E0
FFCB50
FFD090
FFD5A0
FFDA80
FFDF50
FFE3E0
FFE850
FFEC90
FFF0B0
FFF4A0
FFF860
FFFC00
FFFF70
0002B0
0005D0
0008D0
000B90
000E40
0010B0
001300
001530
001730
001900
001AB0
001C40
001D90
001ED0
001FD0
0020B0
002170
002200
002280
0022D0
002300
002320
002310
0022E0
002290
002220
002190
0020E0
002010
001F20
001E10
001CE0
001B90
001A20
0018B0
001720
001570
0013C0
0011F0
001010
000E10
000C10
0009F0
0007B0
000570
000310
0000A0
FFFE10
FFFB80
FFF8E0
FFF630
FFF390
FFF0E0
FFEE30
FFEB80
FFE8C0
FFE600
FFE340
FFE070
FFDDB0
FFDAD0
FFD800
FFD520
FFD250
FFCF60
FFCC90
FFC9C0
FFC700
FFC450
FFC1A0
FFBF00
FFBC70
FFB9E0
FFB760
FFB4F0
FFB280
FFB020
FFADD0
FFAB90
FFA950
FFA720
FFA510
FFA310
FFA120
FF9F60
FF9DB0
FF9C10
FF9AA0
FF9940
FF97F0
FF96C0
FF95B0
FF94B0
FF93D0
FF9300
FF9260
FF91C0
FF9150
FF9110
FF90F0
FF90F0
FF9110
FF9160
FF91E0
FF9270
FF9330
FF9410
FF9520
FF9650
FF97A0
FF9920
FF9AC0
FF9C90
FF9E80
FFA0A0
FFA2F0
FFA570
FFA810
FFAAF0
FFADF0
FFB120
FFB480
FFB810
FFBBC0
FFBFB0
FFC3C0
FFC800
FFCC70
FFD110
FFD5E0
FFDAD0
FFE000
FFE560
FFEAF0
FFF0A0
FFF690
FFFCB0
0002F0
000970
001020
001700
001E00
002540
002CB0
003440
003C10
004400
004C20
005470
005CF0
0065A0
006E70
007780
0080B0
008A10
0093A0
009D50
00A740
00B150
00BB90
00C600
00D090
00DB50
00E630
00F140
00FC70
0107C0
011330
011EE0
012AA0
013690
0142A0
014EE0
015B40
0167C0
017470
018140
018E30
019B40
01A860
01B5A0
01C300
01D070
01DE00
01EBB0
01F980
020760
021560
022380
0231C0
024010
024E80
025D00
026BA0
027A40
0288F0
0297C0
02A690
02B570
02C450
02D350
02E250
02F170
030090
030FC0
031F00
032E50
033DB0
034D20
035C90
036BF0
037B60
038AC0
039A30
03A9A0
03B900
03C870
03D7D0
03E740
03F6A0
040610
041570
0424E0
043440
0443B0
045300
046250
047190
0480B0
048FD0
049EE0
04ADF0
04BCE0
04CBC0
04DA90
04E960
04F820
0506C0
051560
0523F0
053270
0540D0
054F20
055D50
056B60
057950
058720
0594E0
05A280
05B000
05BD70
05CAC0
05D7F0
05E500
05F1F0
05FED0
060B90
061830
0624A0
0630F0
063D10
064910
0654F0
0660A0
066C30
067790
0682D0
068DF0
0698E0
06A3B0
06AE60
06B8E0
06C330
06CD60
06D760
06E130
06EAD0
06F430
06FD70
070680
070F60
071810
0720A0
0728F0
073110
073900
0740C0
074860
074FC0
0756F0
075DF0
0764C0
076B50
0771B0
0777E0
077DE0
0783A0
078930
078E90
0793C0
0798B0
079D70
07A200
07A660
07AA80
07AE70
07B230
07B5B0
07B8F0
07BC00
07BEE0
07C180
07C3F0
07C620
07C820
07C9E0
07CB70
07CCC0
07CDE0
07CED0
07CF80
07D000
07D040
07D050
07D020
07CFC0
07CF20
07CE50
07CD50
07CC10
07CAA0
07C8F0
07C710
07C4F0
07C2A0
07C020
07BD60
07BA70
07B740
07B3E0
07B050
07AC90
07A890
07A450
079FF0
079B50
079670
079170
078C30
0786B0
078110
077B30
077510
076ED0
076850
0761B0
075AD0
0753C0
074C90
074520
073D80
0735B0
072DA0
072570
071D10
071480
070BB0
0702C0
06F990
06F040
06E6C0
06DD10
06D330
06C930
06BEF0
06B490
06AA10
069F50
069470
068950
067E20
0672B0
066710
065B50
064F60
064350
063710
062AB0
061E20
061170
0604A0
05F7A0
05EA90
05DD40
05CFE0
05C250
05B490
05A6B0
0598B0
058A90
057C40
056DD0
055F50
0550A0
0541D0
0532F0
0523E0
0514C0
050570
04F610
04E680
04D6E0
04C710
04B730
04A730
049710
0486C0
047670
046600
045570
0444D0
043420
042350
041270
040180
03F070
03DF40
03CE00
03BCB0
03AB40
0399C0
038830
037680
0364C0
0352F0
034110
032F30
031D30
030B30
02F920
02E6F0
02D4C0
02C290
02B040
029DE0
028B70
027900
026680
0253E0
024150
022EB0
021C10
020970
01F6C0
01E410
01D160
01BEA0
01ABE0
019920
018660
017390
0160D0
014DF0
013B20
012840
011570
0102A0
00EFD0
00DD10
00CA50
00B7A0
00A4E0
009240
007F90
006CF0
005A60
0047C0
003540
0022B0
001030
FFFDB0
FFEB40
FFD8F0
FFC6A0
FFB470
FFA240
FF9030
FF7E30
FF6C30
FF5A50
FF4880
FF36C0
FF2510
FF1370
FF01E0
FEF060
FEDF00
FECDB0
FEBC80
FEAB60
FE9A70
FE8990
FE78E0
FE6840
FE57C0
FE4750
FE3710
FE26E0
FE16E0
FE06F0
FDF710
FDE760
FDD7D0
FDC860
FDB910
FDA9F0
FD9B00
FD8C30
FD7D80
FD6F00
FD60B0
FD5280
FD4470
FD3690
FD28D0
FD1B40
FD0DE0
FD0090
FCF380
FCE690
FCD9E0
FCCD60
FCC110
FCB4F0
FCA910
FC9D50
FC91D0
FC8680
FC7B60
FC7080
FC65C0
FC5B40
FC50F0
FC46D0
FC3CF0
FC3340
FC29D0
FC2090
FC1790
FC0ED0
FC0650
FBFE00
FBF5F0
FBEE20
FBE690
FBDF30
FBD810
FBD120
FBCA80
FBC410
FBBDD0
FBB7E0
FBB230
FBACD0
FBA7A0
FBA2C0
FB9E20
FB99C0
FB95B0
FB91D0
FB8E40
FB8AF0
FB87E0
FB8510
FB8290
FB8050
FB7E40
FB7C90
FB7B10
FB79E0
FB7900
FB7850
FB77F0
FB77E0
FB7800
FB7880
FB7930
FB7A30
FB7B70
FB7CF0
FB7EC0
FB80D0
FB8330
FB85D0
FB88B0
FB8BE0
FB8F50
FB9300
FB9700
FB9B50
FB9FD0
FBA4B0
FBA9C0
FBAF20
FBB4C0
FBBAB0
FBC0E0
FBC760
FBCE20
FBD520
FBDC60
FBE3F0
FBEBB0
FBF3C0
FBFC10
FC0490
FC0D60
FC1680
FC1FD0
FC2960
FC3340
FC3D50
FC47B0
FC5250
FC5D30
FC6850
FC73A0
FC7F30
FC8B00
FC9710
FCA350
FCAFD0
FCBC80
FCC980
FCD6B0
FCE420
FCF1C0
FCFFA0
FD0DC0
FD1C20
FD2AB0
FD3970
FD4870
FD5790
FD66E0
FD7660
FD8610
FD95F0
FDA610
FDB650
FDC6C0
FDD760
FDE820
FDF920
FE0A50
FE1BB0
FE2D40
FE3EF0
FE50C0
FE62B0
FE74C0
FE8700
FE9950
FEABD0
FEBE70
FED130
FEE410
FEF710
FF0A30
FF1D80
FF30E0
FF4470
FF5820
FF6BE0
FF7FB0
FF9390
FFA780
FFBB90
FFCFA0
FFE3D0
FFF810
000C60
0020C0
003530
0049B0
005E50
0072F0
0087B0
009C80
00B150
00C620
00DAF0
00EFC0
0104A0
011970
012E50
014320
015800
016CE0
0181C0
0196A0
01AB90
01C070
01D560
01EA40
01FF20
0213F0
0228B0
023D60
025200
026690
027B10
028F90
02A3F0
02B850
02CCA0
02E0D0
02F500
030920
031D30
033140
034520
0358E0
036C90
038020
039390
03A6E0
03BA20
03CD30
03E030
03F310
0405D0
041880
042B00
043D70
044FC0
0461F0
0473F0
0485D0
049780
04A910
04BA70
04CBA0
04DCB0
04ED90
04FE50
050EE0
051F50
052F80
053FA0
054F90
055F50
056EE0
057E50
058D80
059C80
05AB50
05B9E0
05C840
05D680
05E470
05F240
05FFE0
060D40
061A70
062770
063440
0640D0
064D40
065960
066560
067110
067C90
0687E0
0692F0
069DD0
06A870
06B2D0
06BD00
06C6F0
06D0B0
06DA30
06E380
06EC90
06F570
06FE10
070670
070E90
071680
071E20
072590
072CD0
0733C0
073A80
074100
074740
074D40
075310
075890
075DE0
076300
0767D0
076C70
0770D0
077500
0778E0
077C90
078000
078340
078640
078900
078B80
078DD0
078FE0
0791B0
079350
0794B0
0795D0
0796C0
079770
0797E0
079820
079830
0797F0
079780
0796E0
079600
0794E0
079390
079200
079030
078E30
078C00
078990
0786F0
078410
078100
077DD0
077A50
0776B0
0772D0
076ED0
076A80
076610
076170
075C90
075780
075230
074CC0
074710
074140
073B40
073500
072EA0
072810
072150
071A60
071340
070C00
070480
06FCD0
06F500
06ECF0
06E4C0
06DC60
06D3D0
06CB20
06C250
06B950
06B020
06A6E0
069D60
0693D0
068A10
068020
067610
066BE0
066180
065700
064C60
064190
0636A0
062B90
062060
061510
0609A0
05FE10
05F260
05E690
05DAA0
05CE90
05C270
05B620
05A9B0
059D20
059070
0583B0
0576C0
0569D0
055CC0
054F90
054250
0534F0
052780
051A00
050C60
04FEB0
04F0E0
04E300
04D500
04C6F0
04B8C0
04AA80
049C30
048DD0
047F60
0470E0
046250
0453B0
044500
043650
042780
0418A0
0409C0
03FAC0
03EBC0
03DCA0
03CD80
03BE40
03AF10
039FC0
039080
038130
0371E0
036280
035320
0343B0
033450
0324D0
031560
0305E0
02F650
02E6C0
02D730
02C7A0
02B800
02A870
0298E0
028960
0279D0
026A50
025AC0
024B50
023BD0
022C50
021CE0
020D70
01FE00
01EE90
01DF30
01CFC0
01C070
01B120
01A1E0
0192B0
018390
017480
016570
015670
014780
0138A0
0129D0
011B10
010C50
00FDA0
00EF00
00E070
00D1F0
00C390
00B540
00A710
0098F0
008AF0
007D00
006F30
006170
0053C0
004640
0038C0
002B60
001E20
0010F0
0003D0
FFF6E0
FFEA10
FFDD60
FFD0D0
FFC460
FFB810
FFABF0
FF9FE0
FF9400
FF8840
FF7CA0
FF7130
FF65D0
FF5A90
FF4F80
FF4490
FF39D0
FF2F30
FF24C0
FF1A80
FF1070
FF0680
FEFCD0
FEF340
FEE9E0
FEE0B0
FED7A0
FECED0
FEC620
FEBDA0
FEB540
FEAD20
FEA530
FE9D70
FE95E0
FE8E90
FE8770
FE8080
FE79D0
FE7350
FE6D00
FE66F0
FE6110
FE5B60
FE55F0
FE50B0
FE4BA0
FE46C0
FE4230
FE3DD0
FE39A0
FE35C0
FE3210
FE2EA0
FE2B70
FE2880
FE25C0
FE2340
FE2100
FE1EF0
FE1D30
FE1BA0
FE1A50
FE1930
FE1860
FE17C0
FE1770
FE1750
FE1770
FE17D0
FE1870
FE1950
FE1A70
FE1BD0
FE1D70
FE1F50
FE2160
FE23C0
FE2650
FE2930
FE2C40
FE2F90
FE3320
FE36F0
FE3B10
FE3F50
FE43E0
FE48B0
FE4DC0
FE5310
FE5890
FE5E60
FE6460
FE6AB0
FE7130
FE77F0
FE7EF0
FE8620
FE8D90
FE9540
FE9D20
FEA530
FEAD80
FEB610
FEBED0
FEC7C0
FED100
FEDA60
FEE410
FEEDF0
FEF800
FF0250
FF0CD0
FF1780
FF2250
FF2D60
FF3890
FF4400
FF4F90
FF5B60
FF6750
FF7370
FF7FC0
FF8C40
FF98F0
FFA5C0
FFB2D0
FFC010
FFCD60
FFDAE0
FFE880
FFF630
000410
001210
002030
002E60
003CC0
004B40
0059E0
0068A0
007770
008670
009590
00A4D0
00B420
00C380
00D2E0
00E260
00F1E0
010180
011120
0120E0
0130A0
014070
015060
016050
017050
018060
019080
01A0B0
01B0E0
01C100
01D120
01E140
01F150
020160
021170
022180
023180
024180
025170
026160
027150
028140
029120
02A110
02B0D0
02C080
02D020
02DFA0
02EF00
02FE50
030D90
031CB0
032BB0
033AA0
034970
035830
0366E0
037570
0383E0
039240
03A070
03AE80
03BC60
03CA20
03D7A0
03E510
03F250
03FF60
040C40
041900
0425A0
043200
043E50
044A60
045650
046220
046DB0
047900
048430
048F10
0499D0
04A450
04AE90
04B8B0
04C280
04CC30
04D5A0
04DED0
04E7D0
04F0A0
04F940
050190
0509C0
0511A0
051940
0520A0
0527D0
052EB0
053560
053BD0
054200
0547F0
054DA0
055320
055850
055D40
056200
056680
056AC0
056EB0
057270
0575F0
057930
057C30
057EF0
058170
0583B0
0585B0
058770
0588F0
058A30
058B40
058C00
058C80
058CD0
058CE0
058CB0
058C50
058BB0
058AE0
0589D0
058880
058700
058540
058350
058120
057EB0
057C10
057930
057610
0572D0
056F60
056BB0
0567E0
0563E0
055FB0
055B50
0556D0
055210
054D20
054810
0542D0
053D50
0537B0
0531E0
052BE0
0525C0
051F80
051930
0512B0
050C20
050570
04FEA0
04F7B0
04F0A0
04E970
04E220
04DAC0
04D330
04CB90
04C3D0
04BBF0
04B400
04AC10
04A410
049C00
0493E0
048BB0
048380
047B40
0472F0
046AA0
046240
0459D0
045150
0448D0
044030
0437A0
042F00
042670
041DE0
041560
040CE0
040470
03FBF0
03F390
03EB30
03E2D0
03DA70
03D220
03C9E0
03C190
03B960
03B120
03A900
03A0F0
039900
039120
038950
038190
0379F0
037260
036AE0
036380
035C30
0354F0
034DC0
0346B0
033FB0
0338D0
033200
032B50
0324D0
031E60
031810
0311E0
030BD0
0305E0
030010
02FA60
02F4D0
02EF60
02EA10
02E4D0
02DFC0
02DAD0
02D600
02D140
02CCB0
02C840
02C400
02BFD0
02BBC0
02B7D0
02B410
02B060
02ACE0
02A970
02A630
02A310
02A010
029D30
029A70
0297C0
029540
0292D0
029080
028E50
028C40
028A40
028870
0286B0
028510
028380
028220
0280D0
027FB0
027EA0
027D90
027CA0
027BC0
027AF0
027A30
027980
0278E0
027850
0277D0
027760
027700
0276B0
027660
027630
027610
027600
0275F0
0275D0
0275C0
0275A0
027580
027560
027540
027520
027500
0274D0
0274B0
027480
027450
027430
027400
0273C0
027380
027320
0272A0
027210
027160
0270A0
026FD0
026EE0
026DD0
026CB0
026B80
026A30
0268C0
026740
0265B0
026400
026220
026020
025DE0
025B80
0258F0
025630
025340
025020
024CE0
024960
0245C0
0241F0
023DF0
0239C0
023570
0230E0
022C20
022720
0221D0
021C50
021690
021080
020A40
0203C0
01FD00
01F600
01EEC0
01E740
01DF80
01D780
01CF40
01C6D0
01BE00
01B4F0
01AB90
01A1E0
0197F0
018DB0
018330
017850
016D30
0161C0
015610
014A10
013DC0
013130
012440
011720
0109A0
00FBD0
00EDC0
00DF60
00D0B0
00C1B0
00B270
00A2D0
0092F0
0082C0
007240
006180
005060
003F00
002D50
001B50
000910
FFF690
FFE3C0
FFD0B0
FFBD60
FFA9C0
FF95E0
FF81C0
FF6D60
FF58B0
FF43D0
FF2EA0
FF1920
FF0370
FEED70
FED720
FEC0B0
FEAA10
FE9340
FE7C40
FE6510
FE4DB0
FE3610
FE1E50
FE0660
FDEE40
FDD5F0
FDBD70
FDA4C0
FD8BE0
FD72D0
FD5990
FD4040
FD26D0
FD0D60
FCF3D0
FCDA30
FCC080
FCA6C0
FC8CE0
FC72F0
FC58F0
FC3EE0
FC24C0
FC0A80
FBF030
FBD5E0
FBBB60
FBA100
FB86C0
FB6C80
FB5250
FB3840
FB1E30
FB0440
FAEA60
FAD090
FAB6D0
FA9D30
FA8390
FA6A10
FA5090
FA3730
FA1DE0
FA04C0
F9EBE0
F9D340
F9BAD0
F9A290
F98A90
F972D0
F95B30
F943E0
F92CC0
F915D0
F8FF20
F8E8B0
F8D270
F8BC60
F8A690
F89120
F87C00
F86750
F852F0
F83EF0
F82B50
F81810
F80520
F7F2A0
F7E070
F7CEA0
F7BD30
F7AC20
F79B60
F78B10
F77B10
F76B90
F75C90
F74E00
F73FF0
F73260
F72540
F718A0
F70C80
F700D0
F6F5B0
F6EB00
F6E0C0
F6D700
F6CDC0
F6C500
F6BCB0
F6B4F0
F6ADC0
F6A730
F6A110
F69B90
F696A0
F69240
F68E60
F68B20
F68860
F68630
F68490
F68380
F68300
F68310
F683B0
F684E0
F686A0
F688F0
F68BD0
F68F50
F69360
F69800
F69D30
F6A2F0
F6A940
F6B030
F6B7A0
F6BFB0
F6C850
F6D180
F6DB50
F6E590
F6F070
F6FBC0
F707B0
F71410
F72110
F72E80
F73C80
F74B10
F75A20
F769C0
F779E0
F78A80
F79BB0
F7AD70
F7BFB0
F7D260
F7E570
F7F900
F80CF0
F82150
F83620
F84B60
F86100
F87720
F88DA0
F8A490
F8BBE0
F8D3B0
F8EBE0
F90480
F91D90
F936F0
F95090
F96A70
F98490
F99F00
F9B9B0
F9D4B0
F9EFF0
FA0B70
FA2740
FA4350
FA5FA0
FA7C40
FA9920
FAB650
FAD3C0
FAF140
FB0EE0
FB2C90
FB4A50
FB6830
FB8620
FBA430
FBC240
FBE080
FBFEC0
FC1D20
FC3B90
FC5A20
FC78C0
FC9770
FCB640
FCD4F0
FCF380
FD11F0
FD3040
FD4E80
FD6C90
FD8A90
FDA870
FDC630
FDE3D0
FE0150
FE1EC0
FE3C00
FE5930
FE7640
FE9330
FEAFD0
FECC20
FEE830
FF03E0
FF1F50
FF3A60
FF5530
FF6FA0
FF89D0
FFA3B0
FFBD40
FFD680
FFEF70
000820
002070
003870
005000
006720
007DC0
0093F0
00A9A0
00BEE0
00D3A0
00E7F0
00FBD0
010F30
012220
013490
014690
015820
016930
0179C0
0189D0
019940
01A830
01B680
01C440
01D180
01DE20
01EA30
01F5B0
020090
020AF0
0214C0
021DF0
0226A0
022EB0
023640
023D20
024370
024930
024E50
0252D0
0256B0
025A00
025CC0
025ED0
026050
026140
026190
026140
026050
025ED0
025CC0
025A10
0256D0
025300
024EA0
0249B0
024430
023E20
023780
023040
022880
022030
021740
020DD0
0203C0
01F920
01EE00
01E260
01D640
01C9B0
01BCB0
01AF40
01A150
0192F0
018420
0174D0
016520
0154E0
014440
013320
012180
010F80
00FD00
00EA30
00D720
00C3C0
00B020
009C20
0087E0
007350
005E80
004960
0033F0
001E40
000830
FFF1E0
FFDB50
FFC460
FFAD30
FF95F0
FF7E90
FF6720
FF4F90
FF37F0
FF2030
FF0860
FEF080
FED880
FEC060
FEA840
FE8FF0
FE77A0
FE5F30
FE46A0
FE2E00
FE1580
FDFD20
FDE4E0
FDCCD0
FDB4D0
FD9CF0
FD8540
FD6DA0
FD5620
FD3ED0
FD27A0
FD1080
FCF990
FCE2C0
FCCC10
FCB570
FC9F40
FC8950
FC73C0
FC5E80
FC4990
FC3500
FC20C0
FC0CE0
FBF940
FBE600
FBD310
FBC080
FBAE40
FB9C50
FB8AC0
FB7970
FB68B0
FB5870
FB48B0
FB3960
FB2AA0
FB1C50
FB0E90
FB0140
FAF470
FAE830
FADC60
FAD110
FAC640
FABBF0
FAB220
FAA8D0
FAA020
FA9800
FA9080
FA8990
FA8340
FA7D90
FA7870
FA73F0
FA7000
FA6CB0
FA69F0
FA67D0
FA6650
FA6560
FA6510
FA6550
FA6640
FA67C0
FA69F0
FA6CC0
FA7030
FA7440
FA78F0
FA7E40
FA8430
FA8AD0
FA9200
FA99E0
FAA250
FAAB70
FAB530
FABF90
FACA80
FAD610
FAE230
FAEEE0
FAFC30
FB0A10
FB1880
FB2780
FB3720
FB4750
FB5820
FB6970
FB7B60
FB8DF0
FBA100
FBB4B0
FBC8E0
FBDD80
FBF290
FC0810
FC1E10
FC3480
FC4B70
FC62C0
FC7AA0
FC92E0
FCABA0
FCC4E0
FCDE80
FCF8A0
FD1340
FD2E40
FD49A0
FD6530
FD8110
FD9D40
FDB9B0
FDD660
FDF360
FE10A0
FE2E20
FE4BF0
FE6A10
FE8870
FEA710
FEC600
FEE530
FF04A0
FF2430
FF43C0
FF6370
FF8320
FFA2E0
FFC2B0
FFE2A0
000290
002290
0042A0
0062C0
0082E0
00A320
00C370
00E3D0
010430
012470
014480
016470
018420
01A3B0
01C310
01E250
020160
022040
023EF0
025D70
027BD0
029A00
02B800
02D5E0
02F380
0310D0
032DC0
034A40
036660
038220
039D80
03B880
03D320
03ED60
040730
0420A0
0439C0
045270
046AC0
0482B0
049A30
04B130
04C7A0
04DD90
04F2E0
0507B0
051BE0
052F90
0542C0
055550
056750
0578D0
0589C0
059A20
05A9F0
05B930
05C7F0
05D600
05E360
05F020
05FC40
0607B0
061270
061C90
062610
062EE0
063700
063E80
064550
064B80
065110
0655F0
065A20
065DB0
066080
0662B0
066420
0664F0
066500
066470
066330
066130
065E90
065B40
065740
065280
064D20
064710
064050
0638F0
0630E0
062840
061EF0
061500
060A70
05FF40
05F360
05E6F0
05D9D0
05CC10
05BDB0
05AEB0
059F00
058EC0
057DD0
056C60
055A70
054800
053500
052180
050D80
04F900
04E400
04CE70
04B860
04A1D0
048AB0
047320
045B00
044260
042930
040FC0
03F5F0
03DBC0
03C140
03A670
038B40
036FC0
0353F0
0337C0
031B40
02FE60
02E130
02C3B0
02A5D0
0287A0
026910
024A70
022BA0
020CB0
01EDA0
01CE70
01AF20
018FB0
017020
015070
0130A0
0110B0
00F090
00D060
00B000
008F90
006EF0
004E70
002E00
000DB0
FFED70
FFCD40
FFAD30
FF8D30
FF6D40
FF4D70
FF2DB0
FF0E10
FEEE80
FECF00
FEAFA0
FE9050
FE7120
FE5230
FE3380
FE1520
FDF700
FDD930
FDBBB0
FD9E60
FD8160
FD64B0
FD4840
FD2C10
FD1030
FCF4A0
FCD940
FCBE40
FCA370
FC8920
FC6F30
FC55C0
FC3CB0
FC2410
FC0BE0
FBF420
FBDCC0
FBC5E0
FBAF60
FB9950
FB83C0
FB6E90
FB59C0
FB4570
FB3190
FB1E30
FB0B50
FAF8F0
FAE720
FAD5D0
FAC500
FAB4B0
FAA4F0
FA95B0
FA86F0
FA78B0
FA6B00
FA5DC0
FA5110
FA44F0
FA3940
FA2E20
FA2390
FA1980
FA1000
FA0700
F9FE90
F9F6A0
F9EF40
F9E860
F9E210
F9DC40
F9D700
F9D240
F9CE10
F9CA70
F9C740
F9C4A0
F9C270
F9C0C0
F9BF90
F9BED0
F9BE90
F9BED0
F9BF80
F9C0B0
F9C260
F9C480
F9C720
F9CA40
F9CDD0
F9D1E0
F9D670
F9DB50
F9E0A0
F9E640
F9EC40
F9F2B0
F9F970
FA0080
FA0800
FA0FE0
FA1810
FA20B0
FA29A0
FA32F0
FA3CB0
FA46C0
FA5120
FA5BD0
FA66B0
FA71C0
FA7D00
FA8880
FA9440
FAA030
FAAC50
FAB8B0
FAC540
FAD210
FADF10
FAEC50
FAF9C0
FB0770
FB1540
FB2330
FB3120
FB3F20
FB4D30
FB5B40
FB6970
FB7790
FB85D0
FB9410
FBA260
FBB0B0
FBBF10
FBCD80
FBDC00
FBEA80
FBF910
FC0780
FC15D0
FC2400
FC3210
FC4010
FC4DE0
FC5B90
FC6930
FC76A0
FC8400
FC9140
FC9E50
FCAB50
FCB830
FCC4F0
FCD190
FCDDF0
FCEA10
FCF5E0
FD0180
FD0CD0
FD17E0
FD22B0
FD2D40
FD3790
FD41A0
FD4B60
FD54F0
FD5E30
FD6730
FD7000
FD7870
FD80A0
FD8870
FD8FF0
FD9710
FD9DE0
FDA450
FDAA70
FDB030
FDB5A0
FDBAC0
FDBF80
FDC3F0
FDC800
FDCBC0
FDCF20
FDD230
FDD4E0
FDD730
FDD920
FDDAC0
FDDBF0
FDDCD0
FDDD40
FDDD60
FDDD20
FDDC80
FDDB80
FDDA20
FDD870
FDD650
FDD3E0
FDD100
FDCDE0
FDCA60
FDC690
FDC270
FDBDF0
FDB930
FDB410
FDAEA0
FDA8E0
FDA2D0
FD9C60
FD95A0
FD8E90
FD8730
FD7F80
FD7770
FD6F30
FD66B0
FD5DF0
FD5500
FD4BD0
FD4260
FD38C0
FD2EE0
FD24C0
FD1A60
FD0FD0
FD0500
FCFA00
FCEEB0
FCE330
FCD780
FCCBB0
FCBFC0
FCB3C0
FCA7B0
FC9B80
FC8F40
FC82E0
FC7670
FC69E0
FC5D50
FC5090
FC43C0
FC36E0
FC29F0
FC1CE0
FC0FB0
FC02A0
FBF5A0
FBE8B0
FBDBD0
FBCF00
FBC250
FBB5A0
FBA910
FB9C90
FB9020
FB83C0
FB7780
FB6B40
FB5F20
FB5310
FB4700
FB3B40
FB2FC0
FB2470
FB1960
FB0E80
FB03F0
FAF990
FAEF70
FAE580
FADBE0
FAD270
FAC940
FAC050
FAB790
FAAF10
FAA6D0
FA9EF0
FA9760
FA9040
FA8980
FA8310
FA7D00
FA7760
FA7210
FA6D20
FA6890
FA6460
FA6090
FA5D10
FA5A00
FA5750
FA54F0
FA5310
FA51A0
FA50B0
FA5030
FA5020
FA5080
FA5160
FA52B0
FA5480
FA56C0
FA5970
FA5C90
FA6030
FA6440
FA68D0
FA6DC0
FA7340
FA7930
FA7FB0
FA86A0
FA8E10
FA95F0
FA9E60
FAA740
FAB0A0
FABA80
FAC4E0
FACFC0
FADB10
FAE6F0
FAF340
FB0000
FB0D40
FB1B00
FB2920
FB37C0
FB46C0
FB5640
FB6630
FB76A0
FB8770
FB98C0
FBAA70
FBBCA0
FBCF40
FBE260
FBF5E0
FC09E0
FC1E30
FC32E0
FC47E0
FC5D40
FC72F0
FC8900
FC9F70
FCB630
FCCD50
FCE4C0
FCFC90
FD14B0
FD2D30
FD4610
FD5F40
FD78D0
FD9290
FDAC70
FDC690
FDE0E0
FDFB60
FE1620
FE3100
FE4C10
FE6750
FE82D0
FE9E70
FEBA50
FED660
FEF290
FF0F00
FF2BA0
FF4840
FF64E0
FF8180
FF9E20
FFBAC0
FFD760
FFF400
0010B0
002D50
0049F0
0066A0
008340
009FF0
00BCA0
00D940
00F5F0
011260
012EB0
014AC0
0166A0
018250
019DC0
01B910
01D420
01EF00
0209B0
022430
023E80
025890
027270
028C30
02A5A0
02BEC0
02D780
02EFE0
0307D0
031F70
0336A0
034D70
0363E0
0379F0
038FA0
03A4F0
03B9D0
03CE60
03E280
03F640
0409B0
041C80
042EE0
0440A0
0451F0
0462B0
0472E0
048290
0491C0
04A060
04AE70
04BC00
04C910
04D590
04E190
04ED00
04F7F0
050240
050BF0
051500
051D70
052550
052C80
053320
053920
053E80
054340
054760
054AF0
054DD0
055020
0551D0
0552D0
055340
055310
055230
0550B0
054E90
054BD0
054860
054450
053FA0
053A50
053460
052DC0
052690
051EB0
051630
050D00
050350
04F900
04EE10
04E2A0
04D690
04C9E0
04BCB0
04AEE0
04A080
049180
0481F0
0471D0
046110
044FC0
043DE0
042B60
041870
040510
03F130
03DCD0
03C810
03B2C0
039D10
0386D0
037030
035910
034170
032970
0310E0
02F7F0
02DE70
02C490
02AA50
028FD0
027510
0259F0
023E90
0222F0
0206F0
01EAB0
01CE30
01B150
019430
0176C0
015910
013B10
011CC0
00FE30
00DF80
00C0B0
00A1E0
0082E0
0063E0
0044B0
002570
000620
FFE6C0
FFC730
FFA7A0
FF87F0
FF6820
FF4840
FF2840
FF0830
FEE840
FEC870
FEA8C0
FE8930
FE69B0
FE4A50
FE2B20
FE0C00
FDED00
FDCE20
FDAF60
FD90C0
FD7240
FD53D0
FD3590
FD1760
FCF990
FCDC00
FCBEC0
FCA1D0
FC8530
FC68E0
FC4CE0
FC3120
FC15C0
FBFAA0
FBDFE0
FBC560
FBAB30
FB9150
FB77D0
FB5E80
FB45C0
FB2D60
FB1580
FAFE10
FAE710
FAD090
FABA80
FAA4E0
FA8FC0
FA7B10
FA66D0
FA5300
FA3FB0
FA2CD0
FA1A60
FA0860
F9F6F0
F9E610
F9D5C0
F9C5F0
F9B6B0
F9A7F0
F999D0
F98C20
F97F10
F97280
F96680
F95B10
F95020
F945C0
F93BE0
F932A0
F929E0
F921B0
F91A10
F91310
F90C90
F906B0
F90150
F8FC80
F8F850
F8F4A0
F8F190
F8EF00
F8ED10
F8EBA0
F8EAD0
F8EA80
F8EAC0
F8EB80
F8ECC0
F8EE90
F8F0D0
F8F3A0
F8F700
F8FAD0
F8FF30
F90400
F90960
F90F50
F915B0
F91CA0
F92410
F92C00
F93460
F93D20
F94640
F94FD0
F959D0
F96430
F96EF0
F97A20
F985B0
F991B0
F99E10
F9AAD0
F9B800
F9C5A0
F9D3A0
F9E200
F9F0A0
F9FF90
FA0EB0
FA1E10
FA2DB0
FA3D90
FA4DB0
FA5E00
FA6EA0
FA7F70
FA9090
FAA1E0
FAB380
FAC550
FAD760
FAE9B0
FAFC10
FB0E80
FB2100
FB3390
FB4640
FB58F0
FB6BB0
FB7E80
FB9160
FBA460
FBB760
FBCA70
FBDD90
FBF0D0
FC0410
FC1760
FC2AA0
FC3DB0
FC50B0
FC6380
FC7640
FC88E0
FC9B60
FCADC0
FCC000
FCD230
FCE430
FCF620
FD07E0
FD1990
FD2B20
FD3C80
FD4DB0
FD5E90
FD6F20
FD7F70
FD8F70
FD9F30
FDAEA0
FDBDD0
FDCCB0
FDDB50
FDE9A0
FDF7B0
FE0570
FE12F0
FE2020
FE2D10
FE3990
FE45B0
FE5170
FE5CC0
FE67A0
FE7230
FE7C50
FE8600
FE8F50
FE9840
FEA0C0
FEA8E0
FEB0A0
FEB7F0
FEBEE0
FEC560
FECB70
FED110
FED630
FEDAE0
FEDF10
FEE2D0
FEE610
FEE8E0
FEEB40
FEED20
FEEE90
FEEF80
FEF000
FEF010
FEEFA0
FEEEB0
FEED60
FEEB90
FEE940
FEE680
FEE350
FEDFB0
FEDB90
FED6F0
FED1F0
FECC70
FEC670
FEC000
FEB920
FEB1D0
FEAA00
FEA1B0
FE9910
FE9000
FE8680
FE7CA0
FE7260
FE67B0
FE5CA0
FE5120
FE4540
FE3900
FE2C50
FE1F40
FE11D0
FE03F0
FDF5A0
FDE700
FDD800
FDC8D0
FDB940
FDA970
FD9960
FD8900
FD7860
FD6770
FD5630
FD44B0
FD32F0
FD20D0
FD0E80
FCFBE0
FCE8F0
FCD5C0
FCC270
FCAEF0
FC9B60
FC87A0
FC73C0
FC5FC0
FC4BA0
FC3760
FC2300
FC0E80
FBF9D0
FBE510
FBD020
FBBB10
FBA5E0
FB9090
FB7B50
FB6610
FB50E0
FB3BC0
FB26A0
FB1180
FAFC70
FAE770
FAD280
FABD90
FAA8A0
FA93C0
FA7EF0
FA6A30
FA5570
FA40B0
FA2C30
FA17E0
FA03C0
F9EFE0
F9DC30
F9C8B0
F9B560
F9A240
F98F60
F97CA0
F96A20
F957E0
F945C0
F933E0
F92220
F910B0
F8FF80
F8EEB0
F8DE30
F8CE10
F8BE40
F8AEC0
F89FA0
F890E0
F88260
F87440
F86680
F85910
F84BF0
F83F30
F832C0
F826B0
F81B00
F80FD0
F80500
F7FAA0
F7F0B0
F7E740
F7DE30
F7D590
F7CD60
F7C590
F7BE40
F7B760
F7B0E0
F7AAE0
F7A540
F7A020
F79B70
F79730
F79370
F79030
F78D60
F78B10
F78930
F787D0
F786F0
F78680
F78680
F78710
F78800
F78980
F78B70
F78DD0
F790B0
F79400
F797D0
F79C00
F7A0B0
F7A5E0
F7AB70
F7B180
F7B800
F7BF00
F7C670
F7CE50
F7D6A0
F7DF70
F7E8B0
F7F260
F7FC80
F806F0
F811D0
F81D10
F828B0
F834B0
F84120
F84DE0
F85B10
F868A0
F87690
F884E0
F89390
F8A2B0
F8B220
F8C200
F8D220
F8E280
F8F330
F90420
F91550
F926D0
F93890
F94A90
F95CE0
F96F70
F98240
F99560
F9A8B0
F9BC60
F9D040
F9E470
F9F8C0
FA0D30
FA21C0
FA3670
FA4B40
FA6030
FA7550
FA8A80
FA9FE0
FAB550
FACAF0
FAE0A0
FAF680
FB0C80
FB22A0
FB38E0
FB4F20
FB6550
FB7B80
FB91B0
FBA7D0
FBBDF0
FBD400
FBEA20
FC0030
FC1630
FC2C30
FC4230
FC5830
FC6E20
FC8410
FC99F0
FCAFB0
FCC550
FCDAC0
FCF000
FD0520
FD1A10
FD2EE0
FD4380
FD5800
FD6C50
FD8070
FD9480
FDA850
FDBC00
FDCF90
FDE2E0
FDF600
FE08D0
FE1B60
FE2DB0
FE3FB0
FE5170
FE62F0
FE7430
FE8520
FE95C0
FEA630
FEB650
FEC630
FED5C0
FEE520
FEF420
FF02E0
FF1140
FF1F50
FF2D00
FF3A60
FF4770
FF5430
FF6090
FF6C90
FF7850
FF83B0
FF8EB0
FF9960
FFA3C0
FFADD0
FFB780
FFC0E0
FFC9D0
FFD280
FFDAC0
FFE2B0
FFEA40
FFF170
FFF850
FFFED0
000500
000AC0
001030
001550
001A00
001E60
002270
002620
002980
002C80
002F40
0031A0
0033B0
003570
0036E0
003800
0038C0
003930
003950
003920
003890
0037B0
003690
003520
003370
003180
002F50
002CE0
002A30
002740
002400
002090
001CE0
0018F0
0014C0
001040
000B90
0006A0
000160
FFFC10
FFF680
FFF0E0
FFEB10
FFE520
FFDF00
FFD8C0
FFD250
FFCBD0
FFC510
FFBE40
FFB740
FFB010
FFA8C0
FFA150
FF99C0
FF9220
FF8A70
FF82C0
FF7B00
FF7340
FF6B80
FF63A0
FF5BD0
FF53F0
FF4C00
FF4410
FF3C10
FF3410
FF2C00
FF23F0
FF1BD0
FF13D0
FF0BD0
FF03F0
FEFC20
FEF470
FEECC0
FEE530
FEDDB0
FED650
FECEF0
FEC7B0
FEC080
FEB960
FEB260
FEAB70
FEA480
FE9DD0
FE9740
FE90F0
FE8AB0
FE84B0
FE7ED0
FE7920
FE73A0
FE6E40
FE6910
FE6410
FE5F40
FE5A90
FE5610
FE51C0
FE4D90
FE49A0
FE45F0
FE4270
FE3F30
FE3C20
FE3950
FE36B0
FE3450
FE3230
FE3040
FE2E80
FE2D10
FE2BC0
FE2AC0
FE29F0
FE2950
FE2900
FE28E0
FE28F0
FE2950
FE29E0
FE2AB0
FE2BC0
FE2D10
FE2EA0
FE3060
FE3260
FE34A0
FE3710
FE39C0
FE3CC0
FE3FE0
FE4340
FE46E0
FE4AA0
FE4E90
FE52C0
FE5710
FE5BA0
FE6060
FE6550
FE6A70
FE6FD0
FE7550
FE7B10
FE80F0
FE8710
FE8D60
FE93D0
FE9A60
FEA100
FEA7D0
FEAEC0
FEB5C0
FEBCF0
FEC430
FECBA0
FED320
FEDAC0
FEE290
FEEA70
FEF270
FEFA90
FF02D0
FF0B10
FF1360
FF1BA0
FF23F0
FF2C40
FF3490
FF3CE0
FF4530
FF4D90
FF55E0
FF5E40
FF66A0
FF6F10
FF7770
FF7FE0
FF8840
FF9090
FF98D0
FFA0E0
FFA8E0
FFB0C0
FFB880
FFC020
FFC7B0
FFCF10
FFD660
FFDDA0
FFE4B0
FFEBB0
FFF290
FFF950
FFFFF0
000660
000C90
001280
001840
001DB0
0022F0
002800
002CC0
003150
0035A0
0039C0
003DA0
004140
0044A0
0047D0
004AB0
004D50
004F90
005180
005320
005470
005560
005600
005650
005640
0055F0
005540
005430
0052E0
005130
004F30
004CD0
004A20
004700
004380
003FA0
003B50
0036B0
0031A0
002C30
002660
002020
001990
001290
000B30
000370
FFFB40
FFF2C0
FFE9D0
FFE070
FFD6C0
FFCCA0
FFC210
FFB730
FFABE0
FFA020
FF9400
FF8780
FF7AA0
FF6D50
FF5FA0
FF5180
FF4310
FF3420
FF24F0
FF1550
FF0570
FEF520
FEE480
FED390
FEC240
FEB090
FE9E90
FE8C30
FE7980
FE6670
FE5300
FE3F50
FE2B30
FE16C0
FE0210
FDED20
FDD7F0
FDC280
FDACD0
FD96E0
FD80B0
FD6A40
FD5390
FD3CB0
FD2580
FD0E10
FCF660
FCDE80
FCC650
FCADE0
FC9560
FC7CC0
FC6400
FC4B30
FC3250
FC1940
FC0020
FBE6F0
FBCDA0
FBB430
FB9AB0
FB8110
FB6750
FB4D80
FB33A0
FB1990
FAFFA0
FAE5C0
FACBF0
FAB230
FA9890
FA7EF0
FA6570
FA4BF0
FA3290
FA1940
FA0000
F9E6D0
F9CDC0
F9B4B0
F99BC0
F982D0
F96A30
F951D0
F939B0
F921D0
F90A20
F8F2C0
F8DBA0
F8C4D0
F8AE30
F897D0
F881B0
F86BD0
F85640
F840E0
F82BC0
F816F0
F80280
F7EE80
F7DAE0
F7C7C0
F7B500
F7A2A0
F790C0
F77F40
F76E20
F75D80
F74D40
F73D70
F72E10
F71F10
F71080
F70260
F6F4C0
F6E7C0
F6DB40
F6CF50
F6C3F0
F6B920
F6AED0
F6A510
F69BE0
F69340
F68B30
F683B0
F67CB0
F67640
F67060
F66B10
F66660
F66250
F65ED0
F65C00
F659D0
F65840
F65750
F656F0
F65740
F65830
F659C0
F65BF0
F65EB0
F66220
F66630
F66AE0
F67030
F67620
F67CB0
F683E0
F68BC0
F69440
F69D50
F6A710
F6B170
F6BC70
F6C820
F6D460
F6E150
F6EED0
F6FD00
F70BD0
F71B30
F72B20
F73BB0
F74CC0
F75E70
F770B0
F78380
F796F0
F7AAE0
F7BF70
F7D490
F7EA40
F80080
F81760
F82EC0
F846C0
F85F30
F87810
F89160
F8AB20
F8C560
F8E000
F8FB20
F916B0
F932A0
F94F10
F96C00
F98950
F9A710
F9C550
F9E400
FA0310
FA2270
FA4220
FA6200
FA8230
FAA2A0
FAC350
FAE440
FB0570
FB26F0
FB48B0
FB6AB0
FB8D00
FBAF80
FBD250
FBF560
FC18B0
FC3C10
FC5F80
FC82F0
FCA670
FCCA00
FCED90
FD1140
FD34F0
FD58A0
FD7C70
FDA040
FDC420
FDE810
FE0C00
FE3000
FE5410
FE77F0
FE9BA0
FEBF20
FEE270
FF0590
FF2880
FF4B50
FF6DE0
FF9050
FFB280
FFD490
FFF670
001820
003990
005AE0
007C10
009CC0
00BD20
00DD10
00FC90
011BC0
013A80
0158E0
0176D0
019460
01B190
01CE50
01EAB0
0206B0
022250
023D80
025840
027280
028C30
02A540
02BDC0
02D5B0
02ED20
0303F0
031A20
032FD0
0344F0
035970
036D70
0380D0
0393A0
03A5F0
03B7A0
03C8A0
03D8F0
03E890
03F780
0405D0
041360
042050
042C90
043820
0442F0
044D20
0456B0
045F80
0467A0
046F10
0475E0
047BF0
048140
0485E0
0489C0
048CF0
048F60
049110
049210
049260
0491F0
0490C0
048EE0
048C40
0488F0
0484E0
048010
047AA0
047480
046DB0
046630
045E00
045520
044B90
044160
043670
042AE0
041EA0
0411B0
040410
03F5C0
03E6C0
03D710
03C6D0
03B610
03A4B0
0392C0
038040
036D30
0359A0
034570
0330B0
031B60
030580
02EF10
02D810
02C080
02A860
028FA0
027690
025D20
024340
022910
020E70
01F370
01D810
01BC50
01A030
0183B0
0166C0
014970
012BD0
010DC0
00EF50
00D080
00B180
009260
007320
0053A0
003410
001450
FFF460
FFD440
FFB410
FF93A0
FF7310
FF5260
FF3180
FF1080
FEEF50
FECDF0
FEACB0
FE8B80
FE6A70
FE4970
FE2880
FE07B0
FDE6F0
FDC650
FDA5C0
FD8540
FD64E0
FD4490
FD2460
FD0430
FCE430
FCC430
FCA490
FC8540
FC6640
FC4790
FC2940
FC0B30
FBED80
FBD020
FBB310
FB9650
FB79E0
FB5DC0
FB4200
FB2690
FB0B60
FAF090
FAD650
FABC90
FAA350
FA8A90
FA7260
FA5AC0
FA4390
FA2CF0
FA16E0
FA0150
F9EC40
F9D7C0
F9C3C0
F9B040
F99D50
F98AE0
F97920
F96810
F957A0
F947E0
F938D0
F92A60
F91CB0
F90F90
F90330
F8F770
F8EC70
F8E200
F8D850
F8CF40
F8C6E0
F8BF30
F8B830
F8B200
F8AC80
F8A7D0
F8A3D0
F8A090
F89E10
F89C50
F89B50
F89B00
F89B80
F89CB0
F89EB0
F8A160
F8A4D0
F8A910
F8AE00
F8B3A0
F8BA10
F8C130
F8C910
F8D1C0
F8DB10
F8E530
F8F010
F8FBA0
F907F0
F91500
F922D0
F93150
F940A0
F950A0
F96150
F972A0
F984A0
F99740
F9AA90
F9BE80
F9D320
F9E860
F9FE40
FA14D0
FA2C10
FA43F0
FA5C80
FA75B0
FA8F80
FAAA10
FAC510
FAE090
FAFC90
FB1920
FB3620
FB53B0
FB71B0
FB9040
FBAF50
FBCEE0
FBEEF0
FC0F80
FC3090
FC5220
FC7430
FC96D0
FCB9B0
FCDCE0
FD0060
FD2430
FD4850
FD6CC0
FD9180
FDB690
FDDBE0
FE0190
FE2780
FE4DC0
FE7460
FE9B40
FEC270
FEE9F0
FF1180
FF3930
FF60F0
FF88C0
FFB0A0
FFD8A0
0000B0
0028E0
005110
007960
00A1D0
00CA40
00F2D0
011B70
014430
016CF0
0195A0
01BE20
01E680
020EB0
0236C0
025EB0
028680
02AE20
02D5A0
02FCF0
032430
034B40
037220
0398F0
03BF90
03E600
040C20
0431F0
045760
047C70
04A130
04C590
04E990
050D40
0530A0
055390
057630
059880
05BA70
05DC00
05FD40
061E20
063E80
065E60
067DC0
069C90
06BAF0
06D8C0
06F610
0712E0
072F30
074B00
076650
078120
079B60
07B520
07CE60
07E730
07FF50
0816E0
082DC0
084420
0859D0
086EF0
088370
089760
08AAA0
08BD50
08CF70
08E0E0
08F1C0
090200
0911B0
0920B0
092F20
093CE0
094A10
095690
096260
096DA0
097840
098230
098B80
099430
099C40
09A3A0
09AA70
09B090
09B610
09BAF0
09BF30
09C2E0
09C5F0
09C860
09CA40
09CB90
09CC30
09CC40
09CBC0
09CAA0
09C8E0
09C690
09C3A0
09C010
09BBF0
09B730
09B1F0
09AC30
09A5F0
099F30
0997F0
099030
0987F0
097F20
0975E0
096C10
0961C0
095700
094BB0
093FE0
093390
0926C0
091990
090C10
08FE20
08EFE0
08E140
08D250
08C300
08B340
08A340
0892D0
088210
0870F0
085F70
084D90
083B60
0828D0
081610
080320
07EFF0
07DCA0
07C920
07B570
07A180
078D70
077920
0764B0
075000
073B20
072620
0710E0
06FB70
06E5D0
06D030
06BA90
06A4E0
068F30
067990
0663D0
064E20
063870
0622B0
060CF0
05F730
05E160
05CBA0
05B5D0
05A000
058A30
057480
055F00
054990
053460
051F40
050A50
04F580
04E0E0
04CC60
04B800
04A3D0
048FB0
047BD0
046800
045460
0440F0
042DB0
041AD0
040820
03F5C0
03E3B0
03D1E0
03C060
03AF10
039E20
038D70
037D00
036CE0
035D00
034D70
033E20
032F10
032070
031220
030430
02F690
02E960
02DC80
02D000
02C3D0
02B810
02ACA0
02A190
0296E0
028C90
028290
0278F0
026FB0
0266D0
025E60
025650
024EA0
024760
024080
023A00
0233F0
022E40
0228F0
022410
021F90
021B70
0217C0
021470
021190
020F00
020CE0
020B10
0209B0
0208A0
020800
0207B0
0207D0
020850
020920
020A60
020BF0
020DF0
021050
021300
021620
021980
021D40
022150
0225A0
022A50
022F40
023490
023A30
024010
024650
024CD0
0253B0
025AE0
026250
026A20
027230
027A80
028300
028BC0
0294B0
029DD0
02A730
02B0B0
02BA80
02C470
02CEA0
02D900
02E3A0
02EE60
02F970
0304A0
031010
031B90
032730
0332E0
033EA0
034A80
035670
036280
036EA0
037AD0
038720
039380
03A000
03AC90
03B930
03C5F0
03D2C0
03DF90
03EC40
03F900
0405A0
041240
041ED0
042B60
0437E0
044450
0450C0
045D20
046970
0475B0
0481F0
048E30
049A50
04A650
04B230
04BDE0
04C960
04D4C0
04DFF0
04EB00
04F5E0
0500A0
050B30
051590
051FD0
0529F0
0533D0
053DA0
054730
055090
0559A0
056280
056B10
057360
057B70
058340
058AD0
059220
059930
059FF0
05A680
05ACC0
05B2C0
05B880
05BE10
05C330
05C810
05CCA0
05D0E0
05D4C0
05D850
05DBA0
05DE90
05E130
05E370
05E570
05E720
05E870
05E980
05EA30
05EA90
05EAA0
05EA50
05E9A0
05E8A0
05E740
05E590
05E380
05E120
05DE60
05DB50
05D7E0
05D410
05CFF0
05CB70
05C6A0
05C170
05BBF0
05B610
05AFE0
05A960
05A290
059B60
0593D0
058BF0
0583C0
057B40
057260
056930
055FA0
0555C0
054B90
054100
053630
052B10
051FA0
0513F0
0507F0
04FBB0
04EF20
04E240
04D520
04C7B0
04B9F0
04ABF0
049DA0
048F10
048030
047100
0461A0
045200
044230
043220
0421E0
041170
0400B0
03EFD0
03DEA0
03CD50
03BBC0
03A9F0
0397F0
0385B0
037340
036090
034DC0
033AE0
0327D0
0314A0
030150
02EDD0
02DA40
02C690
02B2C0
029EC0
028AB0
027670
026210
024DA0
023900
022440
020F80
01FAB0
01E5D0
01D0F0
01BC10
01A720
019220
017D20
016820
015310
013DF0
0128D0
0113A0
00FE70
00E930
00D3F0
00BEC0
00A990
009480
007F80
006A90
0055B0
0040D0
002C10
001760
0002C0
FFEE30
FFD9A0
FFC530
FFB0D0
FF9C80
FF8840
FF7420
FF6030
FF4C50
FF38A0
FF2520
FF11C0
FEFE80
FEEB60
FED870
FEC590
FEB2F0
FEA060
FE8E00
FE7BC0
FE69B0
FE57B0
FE4600
FE3470
FE2320
FE1200
FE0120
FDF070
FDDFF0
FDCFB0
FDBFA0
FDAFD0
FDA030
FD90C0
FD8190
FD7290
FD63C0
FD5530
FD46E0
FD38D0
FD2B00
FD1D70
FD1020
FD0320
FCF650
FCE9D0
FCDD90
FCD180
FCC5C0
FCBA40
FCAF00
FCA410
FC9950
FC8ED0
FC84A0
FC7AC0
FC7120
FC67C0
FC5EB0
FC55F0
FC4D70
FC4530
FC3D50
FC35A0
FC2E50
FC2730
FC2070
FC19F0
FC13B0
FC0DC0
FC0810
FC02C0
FBFDA0
FBF8E0
FBF450
FBF020
FBEC30
FBE890
FBE530
FBE220
FBDF50
FBDCD0
FBDA90
FBD8B0
FBD700
FBD5B0
FBD490
FBD3D0
FBD340
FBD300
FBD310
FBD360
FBD400
FBD4D0
FBD600
FBD770
FBD920
FBDB20
FBDD60
FBDFF0
FBE2C0
FBE5D0
FBE930
FBECC0
FBF0A0
FBF4C0
FBF910
FBFDB0
FC0290
FC07B0
FC0D00
FC12A0
FC1880
FC1EA0
FC2500
FC2BA0
FC3280
FC3990
FC40F0
FC4880
FC5050
FC5850
FC6090
FC6900
FC71B0
FC7A90
FC83B0
FC8D10
FC96A0
FCA060
FCAA60
FCB4A0
FCBF20
FCC9C0
FCD4A0
FCDFB0
FCEAE0
FCF650
FD01E0
FD0DA0
FD1990
FD25B0
FD3200
FD3E80
FD4B30
FD5800
FD6510
FD7240
FD7FA0
FD8D40
FD9AF0
FDA8D0
FDB6C0
FDC4F0
FDD330
FDE1A0
FDF030
FDFEE0
FE0DB0
FE1CB0
FE2BD0
FE3B10
FE4A70
FE5A00
FE69B0
FE7980
FE8970
FE9970
FEA990
FEB9C0
FECA10
FEDA80
FEEB00
FEFB90
FF0C40
FF1D10
FF2DF0
FF3EF0
FF5000
FF6130
FF7280
FF83D0
FF9540
FFA6C0
FFB840
FFC9D0
FFDB80
FFED20
FFFEE0
0010B0
002280
003460
004650
005850
006A60
007C80
008EA0
00A0D0
00B300
00C540
00D770
00E9B0
00FBE0
010E20
012060
0132A0
0144E0
015720
016960
017BA0
018DE0
01A030
01B270
01C4C0
01D700
01E930
01FB50
020D70
021F80
023190
024390
025580
026760
027940
028B10
029CE0
02AEA0
02C050
02D1F0
02E390
02F510
030680
0317E0
032920
033A40
034B50
035C50
036D30
037E00
038EC0
039F60
03AFE0
03C060
03D0B0
03E100
03F120
040130
041120
0420E0
043080
044000
044F50
045E80
046DA0
047C80
048B50
049A00
04A880
04B6E0
04C520
04D330
04E130
04EEF0
04FC90
0509F0
051730
052440
053110
053DC0
054A40
055690
0562B0
056EA0
057A70
058600
059160
059CA0
05A7A0
05B270
05BD00
05C760
05D180
05DB60
05E510
05EE80
05F7C0
0600C0
060980
061210
061A60
062270
062A50
0631F0
063950
064080
064760
064E00
065460
065A80
066060
0665F0
066B50
067060
067540
0679D0
067E20
068230
068600
068980
068CD0
068FD0
069280
0694F0
069720
069900
069A90
069BE0
069CF0
069DB0
069E20
069E50
069E40
069DE0
069D30
069C40
069B00
069980
0697B0
0695A0
069340
0690A0
068DA0
068A70
0686F0
068320
067F10
067AB0
067600
067110
066BE0
066650
066090
065A70
065420
064D80
064690
063F60
0637E0
063020
062820
061FD0
061740
060E60
060530
05FBD0
05F210
05E820
05DDD0
05D350
05C890
05BD90
05B250
05A6D0
059B10
058F10
0582E0
057660
0569A0
055CA0
054F70
0541F0
053440
052640
051810
0509A0
04FB00
04EC30
04DD20
04CDF0
04BE80
04AED0
049F00
048EF0
047EB0
046E40
045D90
044CB0
043BA0
042A60
0418E0
040740
03F580
03E3A0
03D190
03BF60
03AD10
039AA0
038800
037540
036260
034F60
033C30
0328F0
031580
0301E0
02EE30
02DA60
02C680
02B290
029E90
028A80
027660
026230
024DF0
023990
022530
0210B0
01FC20
01E790
01D2E0
01BE20
01A940
019470
017FB0
016AE0
015620
014150
012C90
0117D0
010320
00EE60
00D9B0
00C4F0
00B040
009B90
0086F0
007240
005DA0
004910
003490
002030
000BF0
FFF7B0
FFE3A0
FFCF90
FFBBA0
FFA7D0
FF9410
FF8060
FF6CD0
FF5950
FF45F0
FF32A0
FF1F60
FF0C50
FEF970
FEE6B0
FED420
FEC1B0
FEAF70
FE9D60
FE8B70
FE79A0
FE6800
FE5690
FE4540
FE3420
FE2330
FE1260
FE01B0
FDF140
FDE110
FDD110
FDC150
FDB1C0
FDA270
FD9360
FD8470
FD75D0
FD6760
FD5930
FD4B30
FD3D60
FD2FE0
FD2280
FD1570
FD0890
FCFC00
FCEFB0
FCE3A0
FCD7D0
FCCC50
FCC100
FCB600
FCAB40
FCA0D0
FC9690
FC8CA0
FC82F0
FC7980
FC7050
FC6770
FC5ED0
FC5680
FC4E70
FC46B0
FC3F30
FC3800
FC3120
FC2A80
FC2430
FC1E20
FC1860
FC12F0
FC0DC0
FC08E0
FC0440
FBFFF0
FBFBF0
FBF830
FBF4C0
FBF190
FBEEB0
FBEC20
FBE9D0
FBE7D0
FBE610
FBE4A0
FBE370
FBE290
FBE200
FBE1B0
FBE1B0
FBE1F0
FBE280
FBE350
FBE460
FBE5C0
FBE760
FBE940
FBEB60
FBEDD0
FBF080
FBF370
FBF6B0
FBFA30
FBFDF0
FC0200
FC0640
FC0AE0
FC0FA0
FC14B0
FC19F0
FC1F70
FC2520
FC2B10
FC3140
FC37B0
FC3E50
FC4530
FC4C40
FC5390
FC5B20
FC62E0
FC6AF0
FC7320
FC7B90
FC8430
FC8CF0
FC95E0
FC9F00
FCA850
FCB1D0
FCBB80
FCC550
FCCF60
FCD990
FCE3F0
FCEE80
FCF940
FD0420
FD0F40
FD1A70
FD25C0
FD3130
FD3CC0
FD4870
FD5430
FD6020
FD6C20
FD7840
FD8480
FD90D0
FD9D50
FDA9E0
FDB6A0
FDC370
FDD050
FDDD50
FDEA60
FDF770
FE0490
FE11B0
FE1EF0
FE2C30
FE3980
FE46E0
FE5450
FE61C0
FE6F40
FE7CD0
FE8A70
FE9810
FEA5D0
FEB380
FEC120
FECED0
FEDC70
FEEA00
FEF7A0
FF0530
FF12C0
FF2040
FF2DC0
FF3B40
FF48C0
FF5630
FF63A0
FF7100
FF7E70
FF8BC0
FF98F0
FFA620
FFB330
FFC030
FFCD10
FFD9E0
FFE6A0
FFF350
FFFFE0
000C60
0018C0
002520
003160
003D80
0049A0
005590
006160
006D10
007890
008400
008F40
009A60
00A560
00B040
00BAF0
00C590
00D000
00DA50
00E480
00EE80
00F870
010220
010BB0
011510
011E40
012740
013010
0138B0
014130
014970
015190
015980
016130
0168C0
017030
017760
017E60
018530
018BD0
019230
019860
019E50
01A420
01A9A0
01AF00
01B420
01B910
01BDC0
01C240
01C680
01CA90
01CE70
01D220
01D590
01D8C0
01DBB0
01DE70
01E0F0
01E340
01E540
01E720
01E8B0
01EA10
01EB30
01EC20
01ECD0
01ED40
01ED80
01ED70
01ED40
01ECC0
01EC10
01EB20
01EA00
01E8A0
01E700
01E520
01E310
01E0C0
01DE30
01DB70
01D870
01D530
01D1C0
01CE10
01CA20
01C600
01C1B0
01BD10
01B850
01B340
01AE00
01A890
01A2E0
019D00
0196E0
019080
0189F0
018320
017C20
0174F0
016D80
0165E0
015E10
015600
014DD0
014560
013CD0
013400
012B00
0121C0
011860
010ED0
010500
00FB00
00F0D0
00E670
00DBE0
00D130
00C650
00BB40
00B010
00A4B0
009930
008D70
0081A0
007590
006960
005D10
005080
0043E0
003700
002A00
001CE0
000FA0
000240
FFF4D0
FFE730
FFD980
FFCBA0
FFBDB0
FFAFA0
FFA170
FF9330
FF84C0
FF7630
FF6790
FF58D0
FF49E0
FF3AF0
FF2BF0
FF1CE0
FF0DB0
FEFE80
FEEF40
FEDFE0
FED080
FEC100
FEB180
FEA1E0
FE9230
FE8280
FE72B0
FE62D0
FE52F0
FE4300
FE3310
FE2320
FE1320
FE0330
FDF340
FDE340
FDD340
FDC350
FDB350
FDA350
FD9340
FD8340
FD7340
FD6330
FD5330
FD4330
FD3340
FD2360
FD1380
FD03C0
FCF400
FCE450
FCD4B0
FCC520
FCB5A0
FCA620
FC96C0
FC8760
FC7810
FC68D0
FC5990
FC4A80
FC3B80
FC2CA0
FC1DE0
FC0F30
FC00A0
FBF240
FBE3E0
FBD5B0
FBC7A0
FBB9A0
FBABC0
FB9E00
FB9050
FB82C0
FB7560
FB6810
FB5B00
FB4E10
FB4140
FB34B0
FB2840
FB1BF0
FB0FD0
FB03E0
FAF820
FAEC80
FAE110
FAD5C0
FACAA0
FABFB0
FAB4E0
FAAA50
FA9FF0
FA95C0
FA8BD0
FA8210
FA7880
FA6F20
FA6600
FA5D10
FA5460
FA4BE0
FA4390
FA3B70
FA3390
FA2BE0
FA2470
FA1D30
FA1630
FA0F70
FA08E0
FA02A0
F9FC90
F9F6C0
F9F120
F9EBD0
F9E6B0
F9E1D0
F9DD30
F9D8C0
F9D490
F9D0B0
F9CCF0
F9C980
F9C650
F9C360
F9C0B0
F9BE40
F9BC00
F9BA10
F9B860
F9B6F0
F9B5C0
F9B4C0
F9B410
F9B3A0
F9B360
F9B370
F9B3C0
F9B440
F9B510
F9B610
F9B760
F9B8E0
F9BAA0
F9BCA0
F9BEE0
F9C160
F9C410
F9C710
F9CA40
F9CDC0
F9D170
F9D560
F9D9A0
F9DE00
F9E2A0
F9E780
F9EC90
F9F1E0
F9F760
F9FD10
FA0300
FA0930
FA0F90
FA1620
FA1CF0
FA2400
FA2B40
FA32B0
FA3A60
FA4240
FA4A40
FA5280
FA5AE0
FA6370
FA6C30
FA7520
FA7E40
FA8780
FA90F0
FA9A90
FAA460
FAAE60
FAB890
FAC2E0
FACD70
FAD810
FAE2D0
FAEDB0
FAF8B0
FB03D0
FB0F10
FB1A60
FB25E0
FB3170
FB3D30
FB4900
FB54F0
FB6110
FB6D40
FB7990
FB85F0
FB9270
FB9F00
FBABA0
FBB840
FBC500
FBD1C0
FBDEA0
FBEB80
FBF870
FC0570
FC1280
FC1FA0
FC2CD0
FC3A10
FC4760
FC54C0
FC6210
FC6F70
FC7CC0
FC8A10
FC9760
FCA4B0
FCB200
FCBF50
FCCC90
FCD9D0
FCE710
FCF450
FD0190
FD0ED0
FD1C00
FD2940
FD3660
FD4370
FD5080
FD5D70
FD6A50
FD7720
FD83E0
FD90A0
FD9D40
FDA9D0
FDB650
FDC2C0
FDCF20
FDDB70
FDE7B0
FDF3D0
FDFFE0
FE0BE0
FE17B0
FE2370
FE2F00
FE3A80
FE45E0
FE5130
FE5C50
FE6760
FE7240
FE7D10
FE87C0
FE9260
FE9CD0
FEA730
FEB160
FEBB70
FEC560
FECF30
FED8E0
FEE260
FEEBC0
FEF500
FEFE10
FF0710
FF0FE0
FF1890
FF2110
FF2980
FF31C0
FF39E0
FF41E0
FF49B0
FF5160
FF58F0
FF6050
FF6790
FF6EA0
FF75A0
FF7C70
FF8310
FF89A0
FF8FF0
FF9630
FF9C40
FFA230
FFA800
FFADA0
FFB330
FFB890
FFBDE0
FFC300
FFC810
FFCCF0
FFD1C0
FFD660
FFDAF0
FFDF50
FFE3A0
FFE7C0
FFEBD0
FFEFB0
FFF380
FFF730
FFFAC0
FFFE50
0001C0
000510
000850
000B80
000E90
001190
001470
001740
001A00
001CB0
001F30
0021B0
002410
002670
0028C0
002B00
002D50
002F80
0031B0
0033E0
003600
003820
003A30
003C40
003E40
004040
004230
004420
004600
0047F0
0049E0
004BE0
004DF0
005000
005210
005430
005660
005890
005AD0
005D10
005F60
0061C0
006420
006680
006900
006B80
006E30
0070E0
0073C0
0076B0
0079B0
007CE0
008010
008370
0086E0
008A60
008E00
0091C0
009590
009980
009D80
00A1B0
00A600
00AA80
00AF20
00B3F0
00B8E0
00BE00
00C340
00C8B0
00CE40
00D400
00D9E0
00DFE0
00E610
00EC70
00F2E0
00F990
010070
010780
010EC0
011640
011DE0
0125B0
012DB0
0135E0
013E40
0146E0
014FA0
015890
0161B0
016B10
017490
017E50
018840
019250
019CB0
01A730
01B1F0
01BCD0
01C7F0
01D340
01DED0
01EA80
01F670
020290
020EE0
021B60
022820
023500
024210
024F50
025CC0
026A50
027820
028610
029430
02A280
02B100
02BFA0
02CE70
02DD80
02ECA0
02FC00
030B90
031B30
032B00
033AF0
034AF0
035B20
036B60
037BD0
038C60
039D10
03ADD0
03BEC0
03CFD0
03E100
03F240
0403B0
041540
0426D0
043880
044A30
045BE0
046DB0
047F80
049160
04A340
04B530
04C730
04D940
04EB50
04FD70
050FA0
0521D0
053420
054650
055870
056A90
057CA0
058EA0
05A090
05B280
05C450
05D620
05E7D0
05F980
060B30
061CC0
062E40
063FC0
065130
066270
067390
068480
069540
06A5E0
06B650
06C690
06D6B0
06E6B0
06F670
070610
071590
0724E0
073400
074300
0751D0
076050
076EA0
077CA0
078A60
0797E0
07A510
07B210
07BEC0
07CB20
07D750
07E330
07EED0
07FA30
080540
081020
081AB0
0824E0
082EB0
083830
084150
084A20
085280
085A90
086250
0869A0
0870A0
087740
087D80
088370
088900
088E30
089310
089780
089B80
089F10
08A240
08A500
08A760
08A950
08AAD0
08ABE0
08AC90
08ACD0
08ACB0
08AC20
08AB20
08A9C0
08A7E0
08A5A0
08A2F0
089FD0
089C30
089820
0893B0
088EC0
088960
088390
087D50
0876A0
086F80
0867E0
085FE0
085760
084E80
084520
083B60
083130
082690
081B80
081010
080420
07F7D0
07EB10
07DDF0
07D050
07C250
07B3D0
07A4F0
0795A0
0785F0
0775D0
076550
075480
074340
0731B0
071FC0
070D60
06FAB0
06E7A0
06D430
06C060
06AC30
0697A0
0682B0
066D60
0657C0
0641C0
062B90
061510
05FE40
05E730
05CFE0
05B840
05A060
058830
056FC0
055710
053E10
0524C0
050B30
04F160
04D740
04BD00
04A290
048800
046D40
045250
043740
041C10
0400A0
03E520
03C970
03AD90
039180
037560
035900
033C80
031FE0
030330
02E680
02C9C0
02AD00
029030
027360
025690
0239C0
021CD0
01FFF0
01E300
01C610
01A910
018C10
016F10
015200
013510
011840
00FB80
00DEE0
00C260
00A600
0089B0
006D80
005170
003570
001990
FFFDD0
FFE230
FFC6A0
FFAB40
FF8FE0
FF74D0
FF59F0
FF3F50
FF24E0
FF0AB0
FEF0C0
FED700
FEBD80
FEA430
FE8B20
FE7250
FE59B0
FE4150
FE2920
FE1130
FDF980
FDE220
FDCB00
FDB440
FD9DD0
FD87B0
FD71E0
FD5C70
FD4740
FD3260
FD1DE0
FD09A0
FCF5C0
FCE220
FCCEE0
FCBBF0
FCA940
FC9700
FC8520
FC7390
FC6270
FC51A0
FC4140
FC3130
FC2190
FC1240
FC0350
FBF4C0
FBE690
FBD8C0
FBCB50
FBBE40
FBB180
FBA530
FB9940
FB8DB0
FB8290
FB77C0
FB6D60
FB6350
FB59B0
FB5070
FB4790
FB3F20
FB3700
FB2F50
FB27F0
FB2100
FB1A70
FB1440
FB0E60
FB08E0
FB03B0
FAFEE0
FAFA70
FAF660
FAF2A0
FAEF40
FAEC30
FAE980
FAE730
FAE530
FAE390
FAE250
FAE160
FAE0C0
FAE070
FAE060
FAE0A0
FAE120
FAE1F0
FAE310
FAE470
FAE620
FAE820
FAEA60
FAECF0
FAEFD0
FAF2F0
FAF660
FAFA10
FAFE00
FB0220
FB0660
FB0AE0
FB0FA0
FB1480
FB1990
FB1EE0
FB2450
FB2A00
FB2FE0
FB35F0
FB3C40
FB42B0
FB4960
FB5030
FB5730
FB5E30
FB6550
FB6C90
FB73E0
FB7B50
FB82D0
FB8A70
FB9220
FB99F0
FBA1D0
FBA9C0
FBB1D0
FBBA00
FBC240
FBCAA0
FBD2F0
FBDB50
FBE3A0
FBEBE0
FBF430
FBFC80
FC04C0
FC0D00
FC1540
FC1D80
FC25C0
FC2DF0
FC3620
FC3E50
FC4680
FC4EB0
FC56C0
FC5EC0
FC66A0
FC6E60
FC7610
FC7DB0
FC8530
FC8C90
FC93E0
FC9B10
FCA230
FCA930
FCB020
FCB6F0
FCBDB0
FCC450
FCCAD0
FCD120
FCD740
FCDD40
FCE310
FCE8C0
FCEE40
FCF3A0
FCF8D0
FCFDD0
FD02B0
FD0760
FD0BF0
FD1050
FD1490
FD18A0
FD1C80
FD2030
FD23C0
FD2710
FD2A30
FD2D30
FD2FF0
FD3290
FD34F0
FD3730
FD3940
FD3B20
FD3CD0
FD3E40
FD3F90
FD40C0
FD41B0
FD4270
FD4310
FD4380
FD43C0
FD43D0
FD43C0
FD4380
FD4310
FD4270
FD41A0
FD40B0
FD3F90
FD3E40
FD3CC0
FD3B10
FD3950
FD3760
FD3560
FD3330
FD30F0
FD2E80
FD2C00
FD2960
FD2690
FD23B0
FD20B0
FD1D90
FD1A40
FD16E0
FD1360
FD0FC0
FD0C10
FD0850
FD0490
FD00B0
FCFCD0
FCF8E0
FCF4F0
FCF0E0
FCECD0
FCE8A0
FCE470
FCE040
FCDBF0
FCD7A0
FCD330
FCCEC0
FCCA60
FCC610
FCC1C0
FCBD80
FCB940
FCB520
FCB100
FCACF0
FCA8E0
FCA4F0
FCA100
FC9D10
FC9940
FC9570
FC91B0
FC8E00
FC8A70
FC8700
FC83B0
FC8090
FC7D90
FC7AB0
FC7800
FC7570
FC7300
FC70B0
FC6E80
FC6C80
FC6AA0
FC68F0
FC6750
FC65E0
FC64A0
FC63B0
FC62F0
FC6260
FC6210
FC6200
FC6230
FC62A0
FC6340
FC6410
FC6530
FC6680
FC6810
FC69E0
FC6BE0
FC6E20
FC70B0
FC7380
FC76A0
FC7A10
FC7DC0
FC81D0
FC8610
FC8AB0
FC8F90
FC94C0
FC9A40
FCA000
FCA610
FCAC70
FCB310
FCBA10
FCC150
FCC8E0
FCD0D0
FCD910
FCE1A0
FCEA90
FCF3C0
FCFD50
FD0730
FD1160
FD1BF0
FD26D0
FD31F0
FD3D70
FD4950
FD5570
FD61F0
FD6EB0
FD7BD0
FD8940
FD9700
FDA510
FDB370
FDC220
FDD120
FDE070
FDF010
FE0010
FE1050
FE20F0
FE31D0
FE4310
FE5490
FE6650
FE7860
FE8AB0
FE9D40
FEB010
FEC330
FED6A0
FEEA40
FEFE30
FF1260
FF26E0
FF3BA0
FF50A0
FF65F0
FF7B70
FF9130
FFA720
FFBD40
FFD390
FFEA10
0000C0
0017A0
002EB0
0045F0
005D60
007500
008CD0
00A4D0
00BD00
00D560
00EDF0
010690
011F40
013810
0150F0
0169F0
0182F0
019C10
01B550
01CE90
01E7F0
020160
021AF0
023480
024E30
026800
0281D0
029BA0
02B570
02CF20
02E8D0
030280
031C20
0335B0
034F40
0368C0
038230
039BA0
03B500
03CE60
03E7B0
0400F0
041A30
043340
044C30
0464F0
047D90
049600
04AE50
04C670
04DE70
04F640
050DF0
052570
053CD0
055400
056B00
0581F0
0598A0
05AF20
05C550
05DB50
05F100
060670
061BA0
063090
064530
0659A0
066DC0
0681B0
069550
06A8B0
06BBD0
06CEB0
06E140
06F390
070580
071720
072860
073950
0749F0
075A30
076A30
0779C0
078910
079800
07A6A0
07B4F0
07C2E0
07D080
07DDD0
07EAC0
07F750
080380
080F50
081AC0
0825E0
083090
083AF0
0844F0
084E90
0857D0
0860C0
086940
087170
087940
0880A0
0887C0
088E70
0894C0
089AC0
08A060
08A5A0
08AA80
08AF00
08B330
08B700
08BA70
08BD80
08C040
08C290
08C490
08C630
08C780
08C880
08C930
08C980
08C990
08C950
08C8B0
08C7D0
08C690
08C510
08C330
08C100
08BE80
08BBB0
08B8A0
08B530
08B180
08AD90
08A960
08A500
08A060
089B80
089660
089100
088B60
088590
087F70
087920
087290
086BC0
0864B0
085D70
085600
084E70
0846B0
083EE0
0836E0
082EC0
082680
081E20
081590
080CE0
080410
07FB20
07F200
07E8D0
07DF70
07D5E0
07CC60
07C2C0
07B930
07AF80
07A5E0
079C20
079270
0788A0
077ED0
077500
076B20
076140
075750
074D50
074350
073950
072F50
072570
071BA0
0711E0
070830
06FEA0
06F510
06EBA0
06E240
06D8F0
06CFB0
06C680
06BD70
06B460
06AB70
06A290
0699D0
069140
0688D0
068080
067860
067060
066890
0660E0
065950
0651F0
064AB0
0643A0
063CB0
0635E0
062F40
0628C0
062270
061C60
061680
0610D0
060B50
060600
0600F0
05FC10
05F760
05F2F0
05EEA0
05EA90
05E6B0
05E300
05DF90
05DC40
05D930
05D660
05D3B0
05D140
05CF00
05CCF0
05CB20
05C980
05C810
05C6D0
05C5D0
05C500
05C470
05C400
05C3D0
05C3D0
05C400
05C460
05C4E0
05C5A0
05C680
05C790
05C8D0
05CA40
05CBD0
05CDA0
05CF90
05D1B0
05D400
05D670
05D920
05DBF0
05DEE0
05E1F0
05E510
05E850
05EBA0
05EF10
05F2A0
05F640
05FA00
05FDD0
0601C0
0605D0
0609F0
060E30
061290
061700
061B70
061FF0
062460
0628D0
062D50
0631C0
063640
063AB0
063F30
0643B0
064820
064CA0
065120
0655A0
065A20
065E90
066300
066740
066B60
066F60
067350
067710
067AC0
067E40
0681B0
068500
068830
068B40
068E40
069110
0693C0
069660
0698B0
069AD0
069CC0
069E60
069FC0
06A0F0
06A1E0
06A290
06A310
06A340
06A340
06A300
06A280
06A1D0
06A0E0
069FA0
069E20
069C40
069A00
069770
069480
069140
068DA0
0689B0
068560
0680C0
067BC0
067670
0670C0
066AC0
066460
065DA0
065680
064EF0
064700
063EA0
0635D0
062C90
0622F0
0618E0
060E60
060370
05F820
05EC60
05E030
05D3A0
05C6A0
05B930
05AB50
059D00
058E30
057EF0
056F40
055F20
054E80
053D70
052BF0
051A00
050790
04F4B0
04E160
04CD90
04B960
04A4B0
048F80
0479F0
0463F0
044D80
0436A0
041F40
040780
03EF50
03D6A0
03BD80
03A400
038A00
036FA0
0354C0
033970
031DB0
030190
02E510
02C830
02AAF0
028D60
026F60
025100
023240
021320
01F3A0
01D3C0
01B380
0192E0
0171E0
015080
012EC0
010CC0
00EA70
00C7F0
00A520
008210
005EC0
003B20
001740
FFF330
FFCEC0
FFAA20
FF8540
FF6010
FF3AA0
FF14F0
FEEEF0
FEC8E0
FEA2B0
FE7C70
FE5600
FE2F80
FE08F0
FDE230
FDBB60
FD9470
FD6D60
FD4640
FD1F00
FCF7A0
FCD020
FCA890
FC80D0
FC5930
FC31A0
FC0A20
FBE2B0
FBBB50
FB9400
FB6CC0
FB4590
FB1E60
FAF750
FAD050
FAA960
FA8280
FA5BB0
FA34F0
FA0E40
F9E7D0
F9C1A0
F99BB0
F97600
F95090
F92B60
F90660
F8E1B0
F8BD40
F89910
F87520
F85170
F82E00
F80AD0
F7E7E0
F7C520
F7A2E0
F78100
F75F90
F73E90
F71DF0
F6FDD0
F6DE00
F6BEB0
F69FC0
F68140
F66330
F64580
F62850
F60B70
F5EF10
F5D310
F5B7A0
F59CD0
F58280
F568D0
F54FB0
F53710
F51F10
F507A0
F4F0C0
F4DA70
F4C4C0
F4AF90
F49AF0
F486F0
F47370
F46090
F44E50
F43CC0
F42BE0
F41BA0
F40C10
F3FD30
F3EF00
F3E170
F3D490
F3C860
F3BCD0
F3B1F0
F3A7C0
F39E30
F39550
F38D20
F385A0
F37EE0
F378E0
F37390
F36EF0
F36B10
F367F0
F36580
F363D0
F362D0
F36290
F36300
F36430
F36610
F368B0
F36C10
F37020
F374E0
F37A50
F38080
F38760
F38F00
F39750
F3A050
F3AA10
F3B480
F3BFA0
F3CB80
F3D810
F3E550
F3F350
F40200
F41150
F42150
F431F0
F44330
F45520
F467B0
F47AE0
F48EC0
F4A340
F4B860
F4CE20
F4E490
F4FBA0
F51360
F52BB0
F544C0
F55E40
F57850
F592E0
F5AE00
F5C990
F5E5C0
F60260
F61FA0
F63D50
F65B90
F67A50
F699A0
F6B960
F6D9C0
F6FA90
F71C00
F73DB0
F75FD0
F78250
F7A520
F7C850
F7EBE0
F80FD0
F83420
F858C0
F87DC0
F8A330
F8C8F0
F8EF00
F91580
F93C50
F96390
F98AF0
F9B270
F9DA30
FA0210
FA2A20
FA5260
FA7AC0
FAA360
FACC20
FAF500
FB1E20
FB4760
FB70D0
FB9A70
FBC430
FBEE30
FC1810
FC4200
FC6BE0
FC95B0
FCBF80
FCE940
FD1300
FD3CC0
FD6670
FD9020
FDB9C0
FDE350
FE0CF0
FE3670
FE6000
FE8970
FEB2C0
FEDBC0
FF0490
FF2D30
FF5590
FF7DB0
FFA5A0
FFCD50
FFF4D0
001C10
004310
0069E0
009070
00B6D0
00DCF0
0102D0
012850
014D70
017230
019680
01BA60
01DDF0
020110
0223C0
024610
026800
028990
02AAB0
02CB70
02EBC0
030BB0
032B40
034A40
0368C0
0386B0
03A410
03C0F0
03DD50
03F910
041460
042F20
044950
046300
047C20
0494B0
04ACC0
04C450
04DB50
04F1B0
050770
051C90
053100
0544E0
055820
056AB0
057CB0
058E00
059EB0
05AED0
05BE40
05CD10
05DB40
05E8D0
05F5C0
060200
060DA0
061890
0622D0
062C60
063550
063D90
064530
064C20
065260
0657F0
065CE0
066120
0664B0
0667A0
0669E0
066B70
066C60
066CB0
066C40
066B40
066980
066720
066420
066070
065C10
065710
065170
064B20
064420
063C70
063430
062B40
0621C0
0617B0
060CF0
0601B0
05F5D0
05E950
05DC30
05CE90
05C040
05B160
05A1E0
0591D0
058130
056FE0
055E10
054BB0
0538D0
052570
0511A0
04FD40
04E860
04D310
04BD30
04A6E0
049000
0478B0
0460D0
044880
042FB0
041650
03FC80
03E250
03C7C0
03ACD0
039190
0375E0
0359E0
033D80
0320D0
0303B0
02E640
02C870
02AA40
028BC0
026CD0
024D90
022DF0
020E20
01EE10
01CDD0
01AD50
018CA0
016BC0
014AB0
012960
0107D0
00E620
00C430
00A200
007FA0
005D10
003A40
001750
FFF440
FFD120
FFAE00
FF8AD0
FF67A0
FF4450
FF2100
FEFDA0
FEDA30
FEB6C0
FE9330
FE6FA0
FE4C10
FE2860
FE04B0
FDE0F0
FDBD50
FD99C0
FD7660
FD5310
FD2FD0
FD0CC0
FCE9C0
FCC6E0
FCA420
FC8180
FC5EF0
FC3C80
FC1A30
FBF800
FBD5E0
FBB3E0
FB9220
FB70A0
FB4F70
FB2E70
FB0DC0
FAED40
FACD10
FAAD10
FA8D60
FA6DF0
FA4EC0
FA2FC0
FA1110
F9F2A0
F9D470
F9B690
F99900
F97BD0
F95F00
F94290
F92680
F90AD0
F8EF80
F8D490
F8BA10
F89FE0
F88610
F86CA0
F85390
F83AE0
F82290
F80AA0
F7F330
F7DC20
F7C5A0
F7AF80
F799F0
F784C0
F77010
F75BE0
F74820
F734D0
F72200
F70FA0
F6FDB0
F6EC40
F6DB50
F6CAC0
F6BAD0
F6AB50
F69C60
F68DF0
F68010
F672B0
F665D0
F65980
F64DB0
F64270
F637B0
F62D70
F623B0
F61A80
F611E0
F609B0
F60220
F5FB10
F5F480
F5EE90
F5E920
F5E440
F5DFE0
F5DC10
F5D8D0
F5D620
F5D3F0
F5D250
F5D130
F5D0A0
F5D0A0
F5D130
F5D240
F5D3E0
F5D600
F5D8B0
F5DBE0
F5DFA0
F5E3E0
F5E8B0
F5EE10
F5F3F0
F5FA60
F60150
F608D0
F610D0
F61960
F62280
F62C10
F63620
F640B0
F64BC0
F65740
F66350
F66FD0
F67CD0
F68A40
F69840
F6A6B0
F6B5B0
F6C510
F6D500
F6E570
F6F650
F707A0
F71960
F72B80
F73E20
F75110
F76480
F77850
F78C90
F7A140
F7B650
F7CBD0
F7E1C0
F7F810
F80ED0
F82600
F83D90
F85580
F86DC0
F88640
F89F20
F8B860
F8D1E0
F8EBB0
F905E0
F92060
F93B30
F95650
F971C0
F98D80
F9A9A0
F9C600
F9E2C0
F9FFB0
FA1CE0
FA3A40
FA57D0
FA75A0
FA93A0
FAB1D0
FAD040
FAEEF0
FB0DC0
FB2CD0
FB4C20
FB6BA0
FB8B50
FBAB40
FBCB60
FBEBA0
FC0BF0
FC2C50
FC4CD0
FC6D60
FC8E00
FCAEC0
FCCFA0
FCF090
FD1190
FD32B0
FD53E0
FD7520
FD9680
FDB7F0
FDD980
FDFB00
FE1C70
FE3DE0
FE5F40
FE80A0
FEA1F0
FEC330
FEE470
FF05A0
FF26D0
FF47F0
FF6900
FF8A10
FFAB10
FFCC00
FFECF0
000DB0
002E50
004EC0
006F00
008F20
00AF10
00CED0
00EE70
010DE0
012D30
014C50
016B40
018A10
01A8B0
01C730
01E570
020380
022140
023EB0
025BE0
0278C0
029560
02B1B0
02CDC0
02E980
030500
032040
033B20
0355D0
037020
038A40
03A400
03BD70
03D680
03EF20
040770
041F50
0436D0
044DF0
0464B0
047B10
049110
04A6B0
04BBF0
04D0D0
04E540
04F960
050D10
052050
053320
054570
055750
0568C0
0579B0
058A20
059A30
05A9C0
05B8D0
05C770
05D5A0
05E350
05F090
05FD60
0609B0
061580
0620D0
062BA0
0635E0
063FA0
0648E0
0651A0
0659E0
066190
0668C0
066F80
0675A0
067B50
068080
068520
068940
068CE0
068FF0
069270
069470
0695E0
0696D0
069730
069710
069660
069520
069360
069110
068E40
068AE0
068700
068290
067D90
067820
067220
066B90
066490
065D00
0654F0
064C60
064340
0639A0
062F70
0624D0
0619A0
060DF0
0601B0
05F4F0
05E7C0
05DA10
05CBE0
05BD40
05AE20
059E90
058E80
057DF0
056CF0
055B70
054980
053710
052420
0510C0
04FCF0
04E890
04D3E0
04BEC0
04A940
049360
047D20
046670
044F60
0437F0
042020
0407E0
03EF40
03D640
03BCE0
03A320
0388F0
036E60
035390
033870
031D00
030160
02E560
02C930
02ACA0
028FE0
0272D0
025570
0237D0
0219F0
01FBC0
01DD40
01BE80
019F80
018050
016100
014190
0121F0
010230
00E250
00C250
00A220
0081D0
006150
0040B0
001FF0
FFFF10
FFDE00
FFBCD0
FF9B80
FF7A30
FF58D0
FF3780
FF1630
FEF4E0
FED390
FEB240
FE90F0
FE6FA0
FE4E60
FE2D10
FE0BC0
FDEA70
FDC930
FDA7E0
FD86A0
FD6580
FD4480
FD23B0
FD0310
FCE290
FCC230
FCA200
FC8200
FC6220
FC4260
FC22E0
FC0370
FBE430
FBC520
FBA630
FB8760
FB68F0
FB4AC0
FB2CE0
FB0F50
FAF200
FAD510
FAB860
FA9C00
FA7FF0
FA6430
FA48B0
FA2D90
FA12B0
F9F820
F9DDE0
F9C3E0
F9AA60
F99140
F97890
F96050
F94870
F93110
F91A10
F90380
F8ED50
F8D7A0
F8C250
F8AD70
F89900
F88500
F87160
F85E40
F84B90
F83970
F827D0
F816C0
F80620
F7F610
F7E690
F7D780
F7C900
F7BB00
F7AD90
F7A090
F79430
F78840
F77CE0
F771F0
F767B0
F75DF0
F754C0
F74C30
F74420
F73CB0
F735D0
F72F80
F729D0
F724A0
F72010
F71C10
F718A0
F715C0
F71370
F711B0
F71090
F71000
F71000
F710A0
F711D0
F713A0
F71600
F718F0
F71C80
F720A0
F72550
F72AA0
F73080
F736F0
F73E00
F745A0
F74DD0
F75690
F75FD0
F769A0
F77400
F77EE0
F78A50
F79650
F7A2E0
F7AFF0
F7BDA0
F7CBD0
F7DA80
F7E9D0
F7F9A0
F809F0
F81AD0
F82C20
F83DE0
F85020
F862D0
F87600
F889A0
F89DC0
F8B250
F8C760
F8DCE0
F8F2E0
F90950
F92040
F937B0
F94F80
F967C0
F98050
F99930
F9B270
F9CC10
F9E600
FA0050
FA1AF0
FA35F0
FA5140
FA6CF0
FA8900
FAA560
FAC220
FADF30
FAFCA0
FB1A40
FB3810
FB5620
FB7460
FB92D0
FBB180
FBD060
FBEF70
FC0EC0
FC2E30
FC4DE0
FC6DD0
FC8DE0
FCAE30
FCCEC0
FCEF70
FD1040
FD3110
FD51E0
FD72D0
FD93C0
FDB4C0
FDD5D0
FDF6E0
FE1800
FE3930
FE5A70
FE7BB0
FE9D00
FEBE60
FEDFC0
FF0140
FF2290
FF43D0
FF64F0
FF85F0
FFA6E0
FFC7A0
FFE850
0008F0
002960
0049C0
006A00
008A20
00AA30
00CA20
00E9F0
0109A0
012910
014850
016740
0185F0
01A460
01C290
01E070
01FE20
021B90
0238B0
0255A0
027240
028EB0
02AAD0
02C6B0
02E260
02FDA0
031880
033310
034D40
036700
038070
039990
03B240
03CA90
03E290
03FA20
041160
042840
043EC0
0454E0
046AA0
047FF0
0494D0
04A940
04BD40
04D0D0
04E3F0
04F6A0
0508E0
051AA0
052C00
053CE0
054D60
055D60
056CF0
057C10
058AD0
059900
05A6C0
05B410
05C0E0
05CD40
05D920
05E490
05EF80
05FA00
060400
060D90
0616B0
061F40
062770
062F20
063650
063D10
064370
064940
064EB0
0653B0
065830
065C40
065FE0
066310
0665C0
066810
0669E0
066B40
066C30
066CB0
066CB0
066C60
066BA0
066A80
0668F0
066710
0664C0
066220
065F10
065BA0
0657C0
065390
064EF0
0649F0
064490
063ED0
0638B0
063240
062B80
062480
061D40
0615B0
060DD0
0605B0
05FD40
05F490
05EB90
05E250
05D8C0
05CEF0
05C4D0
05BA70
05AFC0
05A4E0
0599E0
058EB0
058360
0577E0
056C40
056070
055480
054860
053C10
052FA0
052310
051650
050960
04FC50
04EF10
04E1D0
04D490
04C740
04B9F0
04AC90
049F30
0491D0
048470
047700
046990
045C10
044E90
044110
043390
042600
041860
040AF0
03FD90
03F050
03E320
03D620
03C930
03BC60
03AFA0
03A300
039680
038A20
037DD0
0371A0
036590
035990
034DB0
034210
0336A0
032B70
032070
0315B0
030B20
0300D0
02F6B0
02ECD0
02E320
02D9B0
02D080
02C780
02BEB0
02B620
02ADD0
02A5C0
029E00
029690
028F60
028880
0281F0
027BB0
0275B0
027000
026A90
026580
0260B0
025C20
0257F0
025400
025060
024D10
024A20
024780
024530
024340
0241A0
024050
023F60
023EC0
023E70
023E80
023EE0
023FA0
0240B0
024210
0243C0
0245D0
024830
024AE0
024DE0
025140
0254E0
0258E0
025D30
0261D0
0266C0
026C10
0271A0
027790
027DD0
028460
028B40
029270
0299E0
02A190
02A990
02B1C0
02BA50
02C310
02CC20
02D580
02DF10
02E8F0
02F320
02FD80
030830
031330
031E60
0329D0
033560
034120
034D10
035930
036580
037200
037EA0
038B70
039870
03A5A0
03B300
03C090
03CE40
03DC20
03EA40
03F860
040690
0414D0
042320
043170
043FE0
044E60
045CF0
046B80
047A30
0488F0
0497B0
04A690
04B570
04C460
04D370
04E260
04F140
050000
050EC0
051D60
052C00
053A80
0548F0
055740
056590
0573C0
0581E0
058FF0
059DF0
05ABD0
05B9B0
05C750
05D4C0
05E1F0
05EF00
05FBD0
060860
0614D0
062100
062D00
0638D0
064470
064FD0
065B00
0665F0
0670C0
067B50
068590
068F80
069920
06A270
06AB70
06B420
06BC70
06C480
06CC30
06D3A0
06DAB0
06E170
06E7E0
06EE10
06F3E0
06F950
06FE70
070320
070770
070B50
070ED0
0711F0
0714A0
0716E0
0718D0
071A50
071B60
071C10
071C60
071C40
071BC0
071AD0
071980
0717B0
071570
0712C0
070FA0
070C10
070810
0703A0
06FEB0
06F960
06F3A0
06ED60
06E6B0
06DFA0
06D810
06D010
06C7A0
06BEC0
06B570
06ABB0
06A190
0696F0
068BE0
068060
067470
066810
065B40
064E00
064050
063230
0623A0
0614A0
060540
05F580
05E550
05D4C0
05C3E0
05B290
05A0E0
058ED0
057C50
056980
055640
0542A0
052EA0
051A40
050580
04F050
04DAE0
04C520
04AF20
0498D0
048230
046B40
045410
043C90
0424C0
040CA0
03F440
03DB90
03C2A0
03A960
038FD0
0375F0
035BF0
0341C0
032760
030CE0
02F230
02D750
02BC50
02A110
0285C0
026A30
024E80
0232A0
0216A0
01FA60
01DE00
01C180
01A4F0
018850
016BC0
014F10
013270
0115C0
00F910
00DC50
00BF90
00A2D0
008600
006930
004C50
002F70
001290
FFF5A0
FFD8D0
FFBC30
FF9FA0
FF8340
FF66F0
FF4AD0
FF2EC0
FF12E0
FEF710
FEDB70
FEBFF0
FEA480
FE8940
FE6E20
FE5320
FE3830
FE1D90
FE0340
FDE920
FDCF50
FDB5C0
FD9C70
FD8360
FD6AA0
FD5220
FD39E0
FD21E0
FD0A30
FCF2C0
FCDB90
FCC4A0
FCADF0
FC97B0
FC81C0
FC6C40
FC5710
FC4250
FC2DF0
FC19E0
FC0640
FBF300
FBE020
FBCD90
FBBB70
FBA9B0
FB9850
FB8750
FB76B0
FB6680
FB56D0
FB4780
FB38B0
FB2A60
FB1C70
FB0F00
FB0200
FAF570
FAE950
FADDB0
FAD280
FAC7C0
FABD70
FAB3A0
FAAA30
FAA150
FA98E0
FA90F0
FA8980
FA8290
FA7C20
FA7620
FA70A0
FA6BA0
FA6710
FA6300
FA5F70
FA5C60
FA59D0
FA57B0
FA5620
FA54F0
FA5450
FA5410
FA5460
FA5520
FA5650
FA5800
FA5A30
FA5CD0
FA5FE0
FA6370
FA6780
FA6C00
FA7100
FA7680
FA7C60
FA82C0
FA8980
FA90B0
FA9840
FAA040
FAA8B0
FAB180
FABAC0
FAC470
FACE80
FAD900
FAE3E0
FAEF30
FAFAF0
FB0710
FB13A0
FB2080
FB2DB0
FB3B30
FB4900
FB5730
FB65A0
FB7460
FB8380
FB92E0
FBA2A0
FBB2A0
FBC300
FBD3B0
FBE4B0
FBF600
FC0790
FC1970
FC2B70
FC3DA0
FC5000
FC62A0
FC7560
FC8860
FC9B90
FCAEE0
FCC270
FCD630
FCEA30
FCFE50
FD12A0
FD2730
FD3BE0
FD50B0
FD6580
FD7A60
FD8F50
FDA450
FDB960
FDCE80
FDE3B0
FDF8E0
FE0E30
FE2380
FE38E0
FE4E50
FE63D0
FE7960
FE8F00
FEA480
FEB9F0
FECF50
FEE4A0
FEF9D0
FF0EF0
FF23F0
FF38E0
FF4DC0
FF6290
FF7740
FF8BE0
FFA060
FFB4D0
FFC930
FFDD80
FFF190
000570
001910
002C90
003FC0
0052D0
0065A0
007840
008AA0
009CD0
00AED0
00C090
00D220
00E380
00F4A0
010590
011630
012680
013680
014630
015590
0164A0
017360
0181D0
018FF0
019DC0
01AB40
01B870
01C550
01D1E0
01DE20
01EA10
01F5A0
0200D0
020BA0
021600
022010
0229C0
023300
023BE0
024470
024C90
025450
025BB0
0262B0
026940
026F80
027560
027AD0
027FD0
028470
0288A0
028C70
028FD0
0292C0
029550
029770
029920
029A70
029B50
029BD0
029BE0
029B80
029AC0
029990
029800
029600
0293A0
0290D0
028DA0
028A10
028610
0281A0
027CD0
0277A0
027200
026BF0
026580
025EB0
025770
024FD0
0247E0
023F90
0236E0
022DD0
022460
021AA0
021080
020600
01FB20
01EFF0
01E450
01D860
01CC10
01BF70
01B260
01A510
019780
0189A0
017B70
016D00
015E40
014F30
013FF0
013050
012070
011040
00FFD0
00EF10
00DE10
00CCC0
00BB30
00A960
009770
008540
0072F0
006060
004DA0
003AC0
0027A0
001450
0000D0
FFED30
FFD950
FFC540
FFB100
FF9C90
FF87F0
FF7340
FF5E70
FF4990
FF34A0
FF1FA0
FF0A90
FEF560
FEE020
FECAC0
FEB560
FE9FE0
FE8A50
FE74B0
FE5EF0
FE4920
FE3340
FE1D60
FE0790
FDF1D0
FDDC10
FDC660
FDB0B0
FD9B10
FD8570
FD6FE0
FD5A50
FD44D0
FD2F60
FD19F0
FD0490
FCEF30
FCD9E0
FCC4B0
FCAFA0
FC9AC0
FC8600
FC7160
FC5CE0
FC4890
FC3460
FC2050
FC0C60
FBF8A0
FBE4F0
FBD180
FBBE20
FBAAF0
FB97D0
FB8500
FB7260
FB6010
FB4DE0
FB3C00
FB2A50
FB18E0
FB07B0
FAF6C0
FAE600
FAD580
FAC540
FAB540
FAA570
FA95E0
FA8690
FA7790
FA68D0
FA5A60
FA4C50
FA3E80
FA3100
FA23C0
FA16E0
FA0A40
F9FE00
F9F200
F9E650
F9DAF0
F9CFD0
F9C510
F9BA90
F9B070
F9A6B0
F99D40
F99430
F98B70
F98320
F97B10
F97370
F96C20
F96520
F95E90
F95840
F95260
F94CD0
F947A0
F942C0
F93E40
F93A30
F93670
F93310
F93010
F92D70
F92B30
F92950
F927C0
F926A0
F925E0
F92570
F92570
F925C0
F92670
F92790
F92900
F92AD0
F92D00
F92F90
F93280
F935C0
F93970
F93D70
F941E0
F946A0
F94BC0
F95150
F95730
F95D70
F96410
F96B00
F97260
F97A00
F98200
F98A60
F99310
F99C10
F9A570
F9AF20
F9B930
F9C390
F9CE40
F9D950
F9E4B0
F9F070
F9FC80
FA08E0
FA1590
FA2290
FA2FE0
FA3D70
FA4B50
FA5980
FA6800
FA76C0
FA85D0
FA9530
FAA4D0
FAB4C0
FAC500
FAD580
FAE660
FAF770
FB08D0
FB1A60
FB2C40
FB3E40
FB5090
FB6310
FB75D0
FB88C0
FB9C00
FBAF70
FBC310
FBD700
FBEB20
FBFF80
FC1410
FC28F0
FC3DE0
FC5310
FC6860
FC7DE0
FC9380
FCA950
FCBF50
FCD570
FCEBC0
FD0230
FD18D0
FD2FA0
FD4690
FD5DB0
FD74F0
FD8C70
FDA3F0
FDBB90
FDD340
FDEB10
FE02F0
FE1AE0
FE32F0
FE4B10
FE6340
FE7B90
FE93F0
FEAC70
FEC500
FEDDA0
FEF650
FF0F20
FF2800
FF40D0
FF59B0
FF7280
FF8B60
FFA440
FFBD30
FFD610
FFEF00
0007E0
0020D0
0039D0
0052C0
006BB0
0084B0
009DB0
00B6A0
00CF80
00E840
010100
0119B0
013250
014AE0
016350
017BC0
019420
01AC70
01C4A0
01DCD0
01F4F0
020CF0
0224F0
023CC0
025480
026C10
028380
029AE0
02B210
02C920
02E010
02F6E0
030D80
032410
033A80
0350C0
0366F0
037CF0
0392D0
03A880
03BE10
03D360
03E880
03FD80
041240
0426D0
043B40
044F70
046380
047750
048B00
049E70
04B1C0
04C4D0
04D7C0
04EA70
04FCE0
050F10
052110
0532C0
054450
055590
0566A0
057760
058800
059850
05A870
05B850
05C7F0
05D750
05E680
05F560
060410
061270
062080
062E60
063BF0
064940
065650
066310
066FA0
067BE0
0687E0
069390
069F10
06AA40
06B530
06BFD0
06CA30
06D440
06DE10
06E790
06F0C0
06F9B0
070250
070AB0
0712C0
071A90
072210
072940
073030
0736D0
073D20
074330
074900
074E70
0753B0
075890
075D30
076190
0765A0
076960
076CD0
077010
0772F0
077590
0777E0
0779F0
077BB0
077D30
077E60
077F50
077FF0
078050
078060
078030
077FC0
077F00
077E00
077CB0
077B20
077940
077720
0774B0
077200
076F10
076BE0
076870
0764C0
0760D0
075CA0
075830
075380
074E90
074970
074400
073E50
073860
073240
072BD0
072520
071E40
071730
070FE0
070860
0700A0
06F8B0
06F080
06E830
06DF90
06D6D0
06CDD0
06C490
06BB30
06B190
06A7B0
069DA0
069370
068910
067E80
0673D0
0668F0
065DF0
0652C0
064770
063BF0
063040
062470
061880
060C60
060010
05F3A0
05E700
05DA50
05CD80
05C090
05B390
05A670
059940
058BE0
057E80
0570F0
056350
0555A0
0547C0
0539E0
052BD0
051DB0
050F70
050130
04F2E0
04E480
04D620
04C7B0
04B940
04AAC0
049C40
048DA0
047F10
047060
0461C0
045300
044440
043570
0426A0
0417D0
040900
03FA40
03EB90
03DCE0
03CE30
03BF90
03B0F0
03A250
0393C0
038540
0376B0
036840
0359C0
034B50
033CF0
032EA0
032060
031240
030430
02F630
02E850
02DA80
02CCC0
02BF20
02B1A0
02A420
0296C0
028980
027C50
026F30
026220
025540
024880
023BE0
022F70
022310
0216E0
020AD0
01FEF0
01F320
01E780
01DC00
01D0A0
01C570
01BA60
01AF60
01A4A0
019A00
018F80
018540
017B20
017140
016780
015DF0
015480
014B50
014240
013970
0130C0
012840
011FE0
0117C0
010FC0
010800
010070
00F910
00F1E0
00EAF0
00E430
00DDA0
00D740
00D110
00CB20
00C560
00BFE0
00BA80
00B560
00B070
00ABB0
00A730
00A2E0
009EC0
009AE0
009730
0093B0
009070
008D60
008A90
0087E0
008580
008340
008140
007F70
007DE0
007C80
007B50
007A60
007990
007900
0078B0
007880
007890
0078D0
007940
0079E0
007AC0
007BD0
007D10
007E80
008030
008200
008410
008650
0088B0
008B40
008E00
0090F0
009400
009750
009AC0
009E60
00A230
00A630
00AA50
00AEB0
00B330
00B7E0
00BCB0
00C1B0
00C6D0
00CC10
00D170
00D700
00DCA0
00E270
00E870
00EE80
00F4C0
00FB20
0101A0
010850
010F20
011610
011D10
012430
012B70
0132C0
013A20
0141A0
014940
0150F0
0158C0
0160A0
0168A0
0170B0
0178E0
018120
018980
0191F0
019A70
01A300
01ABA0
01B440
01BCF0
01C5B0
01CE80
01D760
01E040
01E930
01F230
01FB40
020450
020D80
0216B0
021FE0
022920
023260
023BA0
0244D0
024E10
025750
026090
0269C0
027300
027C30
028570
028EB0
0297E0
02A120
02AA50
02B390
02BCC0
02C5E0
02CEF0
02D800
02E100
02EA00
02F2E0
02FBC0
0304A0
030D70
031630
031EE0
032790
033030
0338C0
034150
0349C0
035230
035A80
0362C0
036AE0
037300
037B00
0382F0
038AD0
0392A0
039A60
03A200
03A990
03B110
03B880
03BFE0
03C720
03CE50
03D560
03DC60
03E340
03EA10
03F0D0
03F770
03FDF0
040460
040AC0
041100
041730
041D40
042340
042930
042F00
0434B0
043A50
043FD0
044530
044A80
044FC0
0454D0
0459E0
045EC0
046390
046850
046CF0
047170
0475E0
047A30
047E70
048290
0486A0
048A90
048E70
049240
0495F0
049980
049D10
04A070
04A3D0
04A700
04AA30
04AD40
04B030
04B310
04B5E0
04B8A0
04BB40
04BDD0
04C060
04C2D0
04C530
04C770
04C9B0
04CBD0
04CDF0
04CFF0
04D1E0
04D3C0
04D580
04D740
04D8F0
04DA90
04DC20
04DDB0
04DF30
04E0A0
04E200
04E360
04E4B0
04E5F0
04E730
04E860
04E980
04EAA0
04EBA0
04ECB0
04EDA0
04EEA0
04EF90
04F080
04F170
04F260
04F340
04F420
04F500
04F5D0
04F6B0
04F780
04F850
04F910
04F9D0
04FAA0
04FB60
04FC20
04FCF0
04FDC0
04FE90
04FF60
050030
050110
0501E0
0502C0
0503A0
050480
050570
050650
050740
050830
050920
050A30
050B30
050C40
050D60
050E80
050FB0
0510F0
051230
051370
0514D0
051620
051790
051900
051A70
051BF0
051D80
051F10
0520B0
052260
052420
0525F0
0527C0
0529A0
052B80
052D80
052F80
053190
0533B0
0535D0
053800
053A40
053C90
053EE0
054140
0543B0
054630
0548C0
054B50
054DF0
0550A0
055360
055630
055900
055BE0
055ED0
0561D0
0564E0
0567F0
056B10
056E30
057160
057490
0577D0
057B20
057E70
0581D0
058530
0588A0
058C10
058F90
059320
0596B0
059A40
059DE0
05A180
05A530
05A8D0
05AC80
05B030
05B3F0
05B7A0
05BB60
05BF20
05C2E0
05C6B0
05CA70
05CE40
05D210
05D5F0
05D9C0
05DD80
05E150
05E510
05E8C0
05EC80
05F030
05F3D0
05F780
05FB20
05FEB0
060250
0605E0
060960
060CF0
061060
0613D0
061740
061A90
061DD0
062100
062420
062740
062A40
062D40
063020
063300
0635D0
063880
063B30
063DD0
064060
0642D0
064530
064770
064990
064BA0
064D90
064F70
065120
0652D0
065450
0655C0
065710
065850
065970
065A70
065B60
065C20
065CD0
065D50
065DA0
065DE0
065DF0
065DE0
065DB0
065D50
065CE0
065C40
065B80
065A90
065990
065860
065710
065590
0653F0
065210
065010
064DE0
064B90
064910
064650
064380
064070
063D40
0639E0
063650
063290
062EB0
062AA0
062660
0621F0
061D40
061870
061370
060E30
0608D0
060330
05FD70
05F770
05F140
05EAF0
05E460
05DDA0
05D6B0
05CF90
05C840
05C0C0
05B900
05B110
05A900
05A0B0
059820
058F70
058690
057D70
057420
056AA0
0560F0
055710
054CF0
0542B0
053830
052D80
0522B0
0517A0
050C70
050100
04F570
04E9A0
04DDB0
04D180
04C530
04B8A0
04ABF0
049F10
0491F0
0484B0
047740
0469A0
045BE0
044E00
043FF0
0431B0
042350
0414C0
040610
03F730
03E820
03D8F0
03C9A0
03BA20
03AA70
039AA0
038AB0
037AA0
036A70
035A20
0349B0
033930
032880
0317B0
0306D0
02F5D0
02E4A0
02D360
02C200
02B080
029EE0
028D20
027B50
026970
025780
024580
023360
022140
020F00
01FCC0
01EA60
01D7F0
01C580
01B2F0
01A050
018D90
017AD0
016800
015520
014250
012F70
011C90
0109B0
00F6C0
00E3E0
00D0F0
00BE00
00AB10
009820
008530
007230
005F40
004C40
003940
002650
001360
000090
FFEDC0
FFDB00
FFC850
FFB5B0
FFA320
FF9090
FF7E20
FF6BB0
FF5950
FF4700
FF34B0
FF2280
FF1050
FEFE40
FEEC50
FEDA70
FEC8C0
FEB720
FEA590
FE9430
FE82E0
FE71B0
FE6090
FE4FA0
FE3EC0
FE2DF0
FE1D50
FE0CC0
FDFC50
FDEC00
FDDBE0
FDCBF0
FDBC20
FDAC80
FD9D00
FD8DB0
FD7E80
FD6F70
FD60A0
FD51F0
FD4360
FD3500
FD26C0
FD18B0
FD0AD0
FCFD10
FCEF90
FCE240
FCD520
FCC830
FCBB80
FCAEF0
FCA2A0
FC9670
FC8A80
FC7EC0
FC7330
FC67E0
FC5CB0
FC51C0
FC46F0
FC3C70
FC3210
FC2800
FC1E10
FC1470
FC0B00
FC01C0
FBF8C0
FBEFF0
FBE760
FBDF10
FBD6F0
FBCF10
FBC760
FBBFE0
FBB8B0
FBB1A0
FBAAE0
FBA450
FB9E00
FB97E0
FB9200
FB8C60
FB86F0
FB81C0
FB7CC0
FB7810
FB7390
FB6F40
FB6B30
FB6760
FB63C0
FB6060
FB5D30
FB5A40
FB5790
FB5510
FB52C0
FB50B0
FB4EE0
FB4D40
FB4BE0
FB4AB0
FB49B0
FB48F0
FB4870
FB4820
FB4810
FB4830
FB4880
FB4900
FB49B0
FB4A90
FB4BA0
FB4CF0
FB4E60
FB5010
FB51F0
FB5400
FB5640
FB58B0
FB5B50
FB5E20
FB6130
FB6460
FB67B0
FB6B30
FB6EE0
FB72B0
FB76B0
FB7AE0
FB7F30
FB83A0
FB8840
FB8D10
FB9200
FB9720
FB9C70
FBA1E0
FBA770
FBAD30
FBB300
FBB8F0
FBBF00
FBC520
FBCB70
FBD1D0
FBD850
FBDEF0
FBE5A0
FBEC80
FBF370
FBFA80
FC01B0
FC08F0
FC1060
FC17D0
FC1F60
FC26F0
FC2EA0
FC3650
FC3E20
FC4600
FC4DE0
FC55E0
FC5DF0
FC6600
FC6E30
FC7670
FC7EC0
FC8720
FC8F80
FC97F0
FCA070
FCA8E0
FCB160
FCB9E0
FCC260
FCCAE0
FCD360
FCDBF0
FCE470
FCED00
FCF5A0
FCFE30
FD06C0
FD0F60
FD1800
FD2090
FD2920
FD31A0
FD3A20
FD4280
FD4AF0
FD5350
FD5BA0
FD63E0
FD6C20
FD7460
FD7C80
FD84B0
FD8CC0
FD94D0
FD9CE0
FDA4D0
FDACB0
FDB480
FDBC30
FDC3D0
FDCB60
FDD2E0
FDDA40
FDE190
FDE8D0
FDF000
FDF710
FDFE20
FE0510
FE0BE0
FE12B0
FE1950
FE1FE0
FE2650
FE2CB0
FE32E0
FE3900
FE3F00
FE44F0
FE4AB0
FE5060
FE55F0
FE5B70
FE60C0
FE6600
FE6B20
FE7020
FE7500
FE79C0
FE7E60
FE82E0
FE8740
FE8B70
FE8F90
FE9380
FE9760
FE9B10
FE9EA0
FEA210
FEA560
FEA890
FEAB90
FEAE80
FEB140
FEB3E0
FEB660
FEB8B0
FEBAE0
FEBCF0
FEBEE0
FEC0A0
FEC240
FEC3C0
FEC510
FEC640
FEC750
FEC840
FEC900
FEC9A0
FECA20
FECA70
FECAB0
FECAC0
FECAA0
FECA70
FECA10
FEC990
FEC8F0
FEC830
FEC740
FEC630
FEC500
FEC3B0
FEC230
FEC090
FEBED0
FEBCF0
FEBAF0
FEB8D0
FEB680
FEB420
FEB1A0
FEAEF0
FEAC20
FEA940
FEA630
FEA300
FE9FB0
FE9C40
FE98B0
FE9500
FE9130
FE8D40
FE8940
FE8510
FE80D0
FE7C70
FE77F0
FE7360
FE6EB0
FE69E0
FE64F0
FE5FE0
FE5AC0
FE5570
FE5010
FE4AA0
FE4500
FE3F60
FE3990
FE33C0
FE2DC0
FE27C0
FE2190
FE1B60
FE1510
FE0EA0
FE0820
FE0180
FDFAD0
FDF410
FDED30
FDE630
FDDF30
FDD810
FDD0E0
FDC9B0
FDC260
FDBB00
FDB390
FDAC10
FDA480
FD9CE0
FD9530
FD8D70
FD8590
FD7DB0
FD75C0
FD6DB0
FD65A0
FD5D80
FD5560
FD4D30
FD44F0
FD3CA0
FD3450
FD2BF0
FD2380
FD1B10
FD1290
FD0A00
FD0170
FCF8D0
FCF020
FCE770
FCDEB0
FCD5F0
FCCD20
FCC460
FCBB80
FCB2B0
FCA9D0
FCA0F0
FC9800
FC8F10
FC8620
FC7D20
FC7420
FC6B20
FC6210
FC5900
FC4FF0
FC46E0
FC3DC0
FC34B0
FC2B90
FC2280
FC1960
FC1040
FC0720
FBFE00
FBF4E0
FBEBC0
FBE2A0
FBD970
FBD050
FBC720
FBBE00
FBB4E0
FBABB0
FBA290
FB9980
FB9060
FB8740
FB7E30
FB7510
FB6C00
FB62F0
FB59E0
FB50E0
FB47D0
FB3ED0
FB35C0
FB2CC0
FB23D0
FB1AD0
FB11E0
FB0900
FB0010
FAF730
FAEE50
FAE580
FADCB0
FAD3E0
FACB10
FAC250
FAB990
FAB0E0
FAA820
FA9F80
FA96D0
FA8E30
FA85A0
FA7D00
FA7480
FA6BF0
FA6380
FA5B00
FA5290
FA4A20
FA41C0
FA3970
FA3110
FA28C0
FA2080
FA1840
FA1000
FA07E0
F9FFB0
F9F7A0
F9EF90
F9E780
F9DF80
F9D790
F9CFA0
F9C7C0
F9BFF0
F9B820
F9B050
F9A890
F9A0E0
F99930
F99190
F98A00
F98280
F97B00
F97390
F96C20
F964C0
F95D70
F95630
F94EF0
F947C0
F940A0
F93980
F93280
F92B70
F92480
F91DA0
F916D0
F91000
F90950
F902A0
F8FC10
F8F580
F8EF00
F8E8A0
F8E240
F8DBF0
F8D5B0
F8CF80
F8C960
F8C350
F8BD60
F8B770
F8B1A0
F8ABD0
F8A620
F8A090
F89B00
F89590
F89020
F88AD0
F88590
F88070
F87B50
F87650
F87160
F86C80
F867C0
F86310
F85E80
F85A10
F855B0
F85170
F84D40
F84930
F84540
F84160
F83DA0
F83A00
F83670
F83300
F82FA0
F82C60
F82940
F82640
F82360
F820A0
F81E00
F81B80
F81920
F816E0
F814C0
F812C0
F810E0
F80F20
F80D80
F80C00
F80AA0
F80970
F80850
F80760
F806A0
F80600
F80590
F80550
F80520
F80530
F80560
F805C0
F80640
F806F0
F807C0
F808C0
F809E0
F80B30
F80CB0
F80E60
F81040
F81240
F81480
F816F0
F81990
F81C50
F81F50
F82270
F825D0
F82950
F82D10
F830F0
F83510
F83950
F83DD0
F84280
F84770
F84C90
F851E0
F85770
F85D40
F86330
F86970
F86FD0
F87670
F87D50
F88450
F88BA0
F89310
F89AD0
F8A2B0
F8AAE0
F8B340
F8BBE0
F8C4B0
F8CDC0
F8D710
F8E090
F8EA60
F8F450
F8FE90
F90900
F913B0
F91E90
F929B0
F93510
F940A0
F94C80
F95890
F964E0
F97160
F97E30
F98B30
F99870
F9A5F0
F9B3A0
F9C1A0
F9CFD0
F9DE40
F9ECE0
F9FBD0
FA0AF0
FA1A50
FA29E0
FA39B0
FA49C0
FA5A00
FA6A80
FA7B30
FA8C20
FA9D50
FAAEB0
FAC050
FAD220
FAE430
FAF680
FB0900
FB1BB0
FB2EA0
FB41C0
FB5510
FB68A0
FB7C50
FB9040
FBA460
FBB8B0
FBCD30
FBE1E0
FBF6C0
FC0BE0
FC2130
FC36B0
FC4C60
FC6240
FC7850
FC8E80
FCA4D0
FCBB50
FCD200
FCE8D0
FCFFC0
FD16E0
FD2E20
FD4580
FD5D10
FD74D0
FD8CB0
FDA4B0
FDBCE0
FDD530
FDEDA0
FE0620
FE1EB0
FE3760
FE5030
FE6910
FE8200
FE9B10
FEB430
FECD70
FEE6C0
FF0020
FF19A0
FF3340
FF4CF0
FF66B0
FF8080
FF9A50
FFB420
FFCDF0
FFE7D0
0001B0
001B90
003570
004F60
006950
008340
009D30
00B730
00D130
00EB30
010540
011F30
013910
0152E0
016CA0
018650
019FF0
01B980
01D300
01EC60
0205C0
021F00
023830
025160
026A70
028370
029C50
02B520
02CDC0
02E640
02FE90
0316C0
032EC0
0346A0
035E50
0375F0
038D50
03A490
03BBB0
03D2B0
03E980
040020
0416B0
042CF0
044300
0458D0
046E60
0483C0
0498E0
04ADC0
04C260
04D6D0
04EB00
04FEF0
0512A0
052620
053960
054C70
055F30
0571B0
0583E0
0595D0
05A760
05B8B0
05C9B0
05DA70
05EAD0
05FAF0
060AC0
061A50
062980
063870
064710
065570
066370
067120
067E80
068B80
069820
06A470
06B060
06BC00
06C740
06D220
06DCB0
06E6F0
06F0C0
06FA50
070370
070C40
0714C0
071CD0
072490
072BF0
0732F0
073990
073FD0
0745B0
074B30
075050
075520
075980
075D90
076140
076490
076780
076A10
076C40
076E10
076F80
077090
077140
0771A0
077190
077130
077060
076F40
076DB0
076BD0
076990
0766F0
0763F0
076080
075CD0
0758C0
075460
074FA0
074A80
074520
073F50
073940
0732D0
072C00
0724E0
071D60
071590
070D70
0704F0
06FC20
06F300
06E990
06DFE0
06D5E0
06CB90
06C0F0
06B610
06AAE0
069F70
0693A0
0687A0
067B40
066EA0
0661A0
065470
0646E0
063920
062B30
061D00
060E90
05FFF0
05F110
05E200
05D2C0
05C330
05B370
05A380
059350
0582F0
057250
056180
055070
053F30
052DE0
051C60
050AC0
04F8F0
04E710
04D500
04C2C0
04B070
049DF0
048B50
047890
0465A0
045290
043F60
042C00
0418A0
040530
03F1B0
03DE20
03CA80
03B6D0
03A310
038F50
037B70
036790
0353A0
033FA0
032B90
031770
030350
02EF10
02DAE0
02C6B0
02B290
029E70
028A50
027640
026230
024E30
023A30
022630
021240
01FE50
01EA60
01D680
01C2A0
01AEC0
019B00
018760
0173D0
016060
014D00
0139B0
012690
011370
010070
00ED90
00DAD0
00C810
00B580
00A300
009090
007E40
006C10
005A10
004830
003670
0024E0
001370
000220
FFF100
FFE000
FFCF20
FFBE70
FFADE0
FF9D70
FF8D30
FF7D10
FF6D10
FF5D40
FF4DB0
FF3E40
FF2F00
FF1FF0
FF1100
FF0250
FEF3D0
FEE570
FED740
FEC950
FEBB80
FEADE0
FEA070
FE9330
FE8610
FE7930
FE6C80
FE6000
FE53B0
FE4790
FE3BB0
FE2FF0
FE2460
FE1910
FE0DF0
FE02F0
FDF830
FDEDA0
FDE340
FDD910
FDCF10
FDC540
FDBBA0
FDB230
FDA8F0
FD9FE0
FD9700
FD8E50
FD85D0
FD7D80
FD7560
FD6D70
FD65A0
FD5E10
FD56B0
FD4F80
FD4870
FD41A0
FD3AF0
FD3460
FD2E00
FD27D0
FD21D0
FD1BF0
FD1640
FD10B0
FD0B50
FD0620
FD0120
FCFC40
FCF780
FCF300
FCEE90
FCEA60
FCE640
FCE240
FCDE70
FCDAB0
FCD720
FCD3B0
FCD060
FCCD40
FCCA30
FCC750
FCC480
FCC1E0
FCBF60
FCBD00
FCBAD0
FCB8B0
FCB6A0
FCB4C0
FCB2F0
FCB140
FCAFB0
FCAE30
FCACD0
FCAB90
FCAA60
FCA960
FCA860
FCA790
FCA6D0
FCA640
FCA5B0
FCA540
FCA4F0
FCA4A0
FCA470
FCA450
FCA440
FCA450
FCA460
FCA490
FCA4D0
FCA530
FCA590
FCA610
FCA6A0
FCA740
FCA800
FCA8C0
FCA9A0
FCAA80
FCAB80
FCAC90
FCADA0
FCAED0
FCB010
FCB150
FCB2B0
FCB420
FCB5A0
FCB720
FCB8C0
FCBA70
FCBC30
FCBE00
FCBFD0
FCC1C0
FCC3C0
FCC5C0
FCC7D0
FCCA00
FCCC30
FCCE70
FCD0C0
FCD320
FCD590
FCD810
FCDAA0
FCDD30
FCDFE0
FCE290
FCE560
FCE840
FCEB40
FCEE40
FCF150
FCF480
FCF7C0
FCFB10
FCFE70
FD01E0
FD0570
FD0900
FD0CB0
FD1070
FD1440
FD1830
FD1C30
FD2040
FD2470
FD28B0
FD2D10
FD3180
FD3610
FD3AB0
FD3F70
FD4440
FD4920
FD4E20
FD5340
FD5870
FD5DB0
FD6310
FD68A0
FD6E40
FD7400
FD79E0
FD7FE0
FD8600
FD8C40
FD9290
FD9910
FD9FB0
FDA660
FDAD40
FDB430
FDBB40
FDC280
FDC9D0
FDD150
FDD8F0
FDE0C0
FDE8B0
FDF0C0
FDF900
FE0160
FE09E0
FE1290
FE1B60
FE2450
FE2D70
FE36B0
FE4010
FE49A0
FE5350
FE5D30
FE6740
FE7170
FE7BD0
FE8660
FE9110
FE9BF0
FEA700
FEB230
FEBD90
FEC920
FED4E0
FEE0C0
FEECC0
FEF900
FF0560
FF11F0
FF1EA0
FF2B80
FF3890
FF45D0
FF5330
FF60D0
FF6E80
FF7C70
FF8A80
FF98C0
FFA730
FFB5C0
FFC490
FFD370
FFE290
FFF1C0
000130
0010B0
002060
003030
004030
005050
0060A0
007110
0081A0
009260
00A340
00B450
00C580
00D6D0
00E840
00F9D0
010B80
011D40
012F20
014120
015340
016570
0177C0
018A30
019CC0
01AF60
01C220
01D500
01E7F0
01FB10
020E20
022150
023480
0247B0
025B00
026E40
0281A0
029500
02A860
02BBD0
02CF50
02E2D0
02F660
030A00
031DA0
033140
0344E0
035870
036BF0
037F70
0392D0
03A630
03B980
03CCD0
03E000
03F330
040650
041960
042C60
043F50
045240
046520
0477D0
048A60
049CC0
04AF00
04C120
04D300
04E4D0
04F660
0507E0
051920
052A50
053B40
054C10
055CC0
056D40
057DA0
058DB0
059D80
05AD10
05BC60
05CB70
05DA30
05E8C0
05F700
0604F0
0612B0
062020
062D50
063A40
0646F0
065360
065F80
066B50
0676B0
0681C0
068C80
0696D0
06A0C0
06AA60
06B3A0
06BC80
06C500
06CD20
06D4F0
06DC60
06E370
06EA20
06F070
06F650
06FBD0
0700D0
070560
070980
070D30
071070
071340
0715A0
071790
071910
071A20
071AC0
071AE0
071AA0
0719F0
0718C0
071710
0714E0
071240
070F20
070B80
070760
0702C0
06FDB0
06F820
06F210
06EB80
06E480
06DCF0
06D4F0
06CC80
06C380
06BA10
06B010
06A5A0
069AB0
068F50
068360
067700
066A20
065CC0
064EE0
064080
0631B0
062260
061290
060240
05F180
05E050
05CEB0
05BCA0
05AA20
059720
0583C0
056FE0
055B90
0546D0
0531A0
051C00
0505F0
04EF70
04D880
04C110
04A950
049130
0478C0
045FF0
0446C0
042D30
041350
03F910
03DE80
03C390
03A840
038C90
037090
035430
033770
031A60
02FD10
02DF90
02C1C0
02A3D0
0285A0
026730
024890
0229B0
020A90
01EB40
01CBC0
01AC00
018C00
016BD0
014B60
012AB0
010A00
00E930
00C860
00A770
008680
006570
004460
002340
000200
FFE0B0
FFBF60
FF9DF0
FF7C80
FF5AF0
FF3960
FF17B0
FEF630
FED4C0
FEB370
FE9240
FE7120
FE5030
FE2F60
FE0EA0
FDEE00
FDCD80
FDAD20
FD8CE0
FD6CC0
FD4CB0
FD2CD0
FD0D00
FCED80
FCCE50
FCAF60
FC90C0
FC7260
FC5460
FC3690
FC1920
FBFBF0
FBDF10
FBC270
FBA620
FB8A20
FB6E60
FB52F0
FB37D0
FB1D20
FB02E0
FAE910
FACFB0
FAB6D0
FA9E50
FA8650
FA6EC0
FA57B0
FA4100
FA2AD0
FA1510
F9FFC0
F9EAE0
F9D670
F9C280
F9AF10
F99C40
F98A00
F97850
F96730
F956A0
F946A0
F93730
F92850
F91A00
F90C50
F8FF20
F8F290
F8E680
F8DB10
F8D030
F8C5F0
F8BC50
F8B350
F8AB00
F8A350
F89C40
F895D0
F89010
F88AF0
F88670
F88290
F87F60
F87CC0
F87AD0
F87980
F878E0
F878D0
F87980
F87AC0
F87CB0
F87F50
F88280
F88670
F88AF0
F89020
F89600
F89C80
F8A3A0
F8AB70
F8B3E0
F8BCF0
F8C6B0
F8D100
F8DC00
F8E780
F8F3B0
F90070
F90DD0
F91BC0
F92A50
F93980
F94940
F959A0
F96A90
F97C30
F98E50
F9A120
F9B480
F9C860
F9DCC0
F9F1A0
FA0700
FA1CD0
FA3330
FA4A10
FA6160
FA7930
FA9190
FAAA60
FAC3B0
FADD80
FAF7D0
FB12A0
FB2DE0
FB4990
FB6580
FB81D0
FB9E80
FBBB80
FBD8E0
FBF690
FC1490
FC32F0
FC51B0
FC70C0
FC9020
FCAFE0
FCD000
FCF060
FD1130
FD3210
FD5330
FD7460
FD95C0
FDB750
FDD900
FDFAE0
FE1CE0
FE3F00
FE6150
FE83C0
FEA660
FEC920
FEEC10
FF0F20
FF3260
FF5590
FF78B0
FF9BC0
FFBED0
FFE1D0
0004C0
0027B0
004A80
006D50
009010
00B2D0
00D580
00F820
011AB0
013D40
015FB0
0181F0
01A3F0
01C5C0
01E740
020890
022990
024A60
026AF0
028B50
02AB60
02CB30
02EAD0
030A30
032950
034830
0366D0
038510
03A2E0
03C050
03DD50
03F9E0
041610
0431E0
044D40
046830
0482C0
049CF0
04B6B0
04D000
04E8F0
050170
051990
053120
054830
055EB0
0574A0
058A10
059F00
05B360
05C730
05DA80
05ED40
05FF80
061130
062250
0632F0
064310
065290
066190
066FE0
067DA0
068AC0
069740
06A330
06AE80
06B930
06C340
06CCC0
06D5A0
06DDE0
06E590
06ECA0
06F310
06F8F0
06FE20
0702C0
0706C0
070A20
070CF0
070F10
0710A0
071180
0711D0
071180
071090
070F10
070CE0
070A20
0706C0
0702B0
06FE20
06F900
06F350
06ED10
06E640
06DED0
06D6E0
06CE60
06C540
06BBA0
06B160
06A6A0
069B40
068F60
0682E0
0675E0
066860
065A60
064C00
063D20
062DC0
061E00
060DC0
05FD00
05EBD0
05DA30
05C820
05B590
05A290
058F10
057B30
0566C0
055210
053D10
0527C0
051210
04FC20
04E5E0
04CF40
04B860
04A120
0489A0
0471C0
045990
044120
042850
040F30
03F5D0
03DC40
03C280
03A8B0
038EB0
037490
035A50
033FE0
032550
030AA0
02EFD0
02D4E0
02B9C0
029E80
028310
026790
024BE0
023040
0214A0
01F910
01DD90
01C210
01A6A0
018B30
016FD0
015480
013930
011DF0
0102B0
00E780
00CC50
00B140
009620
007B40
0060A0
004620
002BE0
0011D0
FFF800
FFDE60
FFC4F0
FFABB0
FF92B0
FF79D0
FF6140
FF48D0
FF30A0
FF18A0
FF00D0
FEE960
FED240
FEBB80
FEA510
FE8F00
FE7950
FE63E0
FE4EE0
FE3A20
FE25D0
FE11D0
FDFE20
FDEAD0
FDD7D0
FDC530
FDB2E0
FDA110
FD8FA0
FD7EA0
FD6E20
FD5E00
FD4E60
FD3F30
FD3060
FD2210
FD1430
FD06B0
FCF9B0
FCED20
FCE100
FCD550
FCCA10
FCBF50
FCB500
FCAB40
FCA1F0
FC9920
FC90C0
FC88F0
FC8190
FC7AB0
FC7440
FC6E60
FC68F0
FC6400
FC5F90
FC5B90
FC5820
FC5520
FC5290
FC5090
FC4F00
FC4DE0
FC4D50
FC4D30
FC4D90
FC4E60
FC4FB0
FC5180
FC53D0
FC5690
FC59D0
FC5D80
FC61C0
FC6660
FC6B70
FC70E0
FC76D0
FC7D20
FC83E0
FC8B10
FC92B0
FC9AB0
FCA330
FCAC10
FCB560
FCBF20
FCC940
FCD3E0
FCDEE0
FCEA40
FCF5E0
FD01E0
FD0E40
FD1AE0
FD27E0
FD3530
FD42D0
FD50D0
FD5F20
FD6DC0
FD7CB0
FD8BF0
FD9B90
FDAB80
FDBBD0
FDCC40
FDDCF0
FDEDD0
FDFEE0
FE1030
FE21A0
FE3350
FE4540
FE5750
FE69A0
FE7C20
FE8ED0
FEA1B0
FEB4D0
FEC810
FEDBA0
FEEF30
FF02D0
FF1680
FF2A40
FF3E10
FF51E0
FF65D0
FF79D0
FF8DE0
FFA200
FFB630
FFCA70
FFDEC0
FFF310
000780
001C00
003060
0044C0
005900
006D20
008140
009540
00A930
00BD10
00D0E0
00E490
00F830
010BC0
011F40
0132A0
014600
015930
016C40
017F20
0191C0
01A430
01B660
01C870
01DA40
01EBE0
01FD40
020E80
021F80
023050
0240F0
025150
026180
027180
028130
029090
029FA0
02AE70
02BCE0
02CB10
02D8F0
02E680
02F3C0
0300B0
030D60
0319B0
0325C0
033180
033CF0
034810
0352D0
035D40
036740
0370F0
037A30
038320
038BB0
0393E0
039BB0
03A320
03AA30
03B0E0
03B740
03BD30
03C2D0
03C810
03CCE0
03D150
03D560
03D900
03DC40
03DF20
03E190
03E3A0
03E540
03E680
03E760
03E7D0
03E7E0
03E780
03E6D0
03E5A0
03E420
03E230
03DFF0
03DD40
03DA20
03D6B0
03D2D0
03CE90
03C9F0
03C4F0
03BF90
03B9C0
03B390
03AD00
03A610
039EB0
039700
038F00
038690
037DE0
0374D0
036B60
036190
035780
034D00
034230
033710
032B90
031FB0
031380
0306F0
02FA10
02ECE0
02DF70
02D1B0
02C3B0
02B570
02A6E0
029810
0288F0
027980
0269E0
0259E0
0249B0
023930
022860
021750
020600
01F470
01E2C0
01D0D0
01BEB0
01AC60
0199E0
018720
017440
016120
014DE0
013A60
0126B0
0112D0
00FEC0
00EA70
00D600
00C170
00ACC0
009800
008320
006E20
005910
0043E0
002EA0
001940
0003C0
FFEE20
FFD870
FFC2B0
FFACD0
FF96D0
FF80B0
FF6AA0
FF5480
FF3E50
FF2830
FF1200
FEFBE0
FEE5B0
FECF70
FEB940
FEA300
FE8CC0
FE7680
FE6030
FE49F0
FE33A0
FE1D50
FE0710
FDF0E0
FDDAC0
FDC4B0
FDAEC0
FD98D0
FD8300
FD6D30
FD5780
FD41E0
FD2C40
FD16C0
FD0150
FCEBF0
FCD6A0
FCC170
FCAC50
FC9750
FC8280
FC6DD0
FC5940
FC44D0
FC3080
FC1C50
FC0850
FBF460
FBE0A0
FBCD00
FBB980
FBA620
FB92E0
FB7FD0
FB6CE0
FB5A20
FB4790
FB3530
FB2300
FB1100
FAFF20
FAED70
FADC00
FACAB0
FAB990
FAA8A0
FA97D0
FA8740
FA76D0
FA66A0
FA5690
FA46C0
FA3730
FA27C0
FA1890
FA09A0
F9FAD0
F9EC40
F9DDF0
F9CFC0
F9C1E0
F9B420
F9A6A0
F99950
F98C30
F97F50
F972A0
F96630
F959F0
F94DF0
F94230
F936A0
F92B40
F92020
F91540
F90A90
F90020
F8F5E0
F8EBE0
F8E210
F8D880
F8CF30
F8C610
F8BD20
F8B470
F8AC00
F8A3C0
F89BC0
F893F0
F88C60
F88510
F87DF0
F87700
F87050
F869E0
F863A0
F85DA0
F857D0
F85240
F84CE0
F847B0
F842C0
F83E00
F83970
F83520
F83100
F82D10
F82960
F825E0
F82290
F81F80
F81CA0
F81A00
F81780
F81540
F81330
F81150
F80FA0
F80E30
F80CE0
F80BC0
F80AE0
F80A30
F809A0
F80950
F80930
F80940
F80980
F809F0
F80AA0
F80B70
F80C70
F80D90
F80EE0
F81070
F81210
F813F0
F815F0
F81820
F81A80
F81D10
F81FC0
F822A0
F825B0
F828F0
F82C50
F82FE0
F83390
F83770
F83B70
F83FA0
F843F0
F84870
F84D10
F851E0
F856D0
F85BF0
F86130
F86690
F86C20
F871E0
F877B0
F87DC0
F883E0
F88A20
F89080
F89710
F89DB0
F8A480
F8AB70
F8B280
F8B9B0
F8C100
F8C870
F8D000
F8D7C0
F8DF90
F8E790
F8EFA0
F8F7D0
F90030
F90890
F91120
F919D0
F92290
F92B70
F93470
F93D90
F946C0
F95010
F95990
F96310
F96CC0
F97690
F98070
F98A60
F99470
F99EA0
F9A8D0
F9B330
F9BD90
F9C810
F9D2B0
F9DD60
F9E830
F9F310
F9FE00
FA0910
FA1430
FA1F70
FA2AC0
FA3620
FA4190
FA4D10
FA58A0
FA6440
FA7000
FA7BC0
FA87A0
FA9390
FA9F80
FAAB90
FAB7B0
FAC3E0
FAD020
FADC80
FAE8E0
FAF540
FB01B0
FB0E30
FB1AB0
FB2750
FB33E0
FB4090
FB4D40
FB59F0
FB66C0
FB7390
FB8060
FB8D40
FB9A30
FBA730
FBB420
FBC120
FBCE20
FBDB20
FBE820
FBF530
FC0230
FC0F40
FC1C50
FC2960
FC3670
FC4380
FC50A0
FC5DB0
FC6AD0
FC77F0
FC8500
FC9210
FC9F20
FCAC20
FCB920
FCC610
FCD300
FCDFF0
FCECD0
FCF9B0
FD0680
FD1350
FD2010
FD2CD0
FD3990
FD4640
FD52E0
FD5F70
FD6C00
FD7870
FD84D0
FD9120
FD9D60
FDA990
FDB5B0
FDC1C0
FDCDC0
FDD9B0
FDE580
FDF150
FDFD10
FE08C0
FE1450
FE1FD0
FE2B30
FE3670
FE41A0
FE4CB0
FE57A0
FE6280
FE6D40
FE77F0
FE8280
FE8CF0
FE9750
FEA190
FEABB0
FEB5C0
FEBFB0
FEC970
FED310
FEDC90
FEE5F0
FEEF30
FEF840
FF0140
FF0A10
FF12C0
FF1B40
FF23B0
FF2BF0
FF3410
FF3C10
FF43F0
FF4BA0
FF5330
FF5A90
FF61C0
FF68D0
FF6FB0
FF7660
FF7CF0
FF8360
FF89A0
FF8FB0
FF9590
FF9B50
FFA0F0
FFA650
FFABA0
FFB0B0
FFB590
FFBA50
FFBEE0
FFC330
FFC760
FFCB60
FFCF30
FFD2E0
FFD650
FFD9A0
FFDCB0
FFDFA0
FFE260
FFE4F0
FFE750
FFE980
FFEB90
FFED60
FFEF00
FFF080
FFF1D0
FFF2E0
FFF3D0
FFF490
FFF520
FFF580
FFF5B0
FFF5B0
FFF580
FFF530
FFF4A0
FFF3F0
FFF310
FFF200
FFF0D0
FFEF60
FFEDD0
FFEC10
FFEA30
FFE820
FFE5E0
FFE370
FFE0E0
FFDE10
FFDB20
FFD810
FFD4C0
FFD160
FFCDD0
FFCA10
FFC640
FFC240
FFBE20
FFB9D0
FFB560
FFB0D0
FFAC20
FFA740
FFA240
FF9D20
FF97E0
FF9270
FF8CE0
FF8730
FF8170
FF7B90
FF7590
FF6F80
FF6950
FF6300
FF5CA0
FF5620
FF4F80
FF48C0
FF41F0
FF3B10
FF3400
FF2CE0
FF25B0
FF1E60
FF1710
FF0FA0
FF0830
FF00B0
FEF920
FEF180
FEE9E0
FEE220
FEDA60
FED290
FECAA0
FEC2B0
FEBAC0
FEB2B0
FEAA90
FEA270
FE9A60
FE9240
FE8A20
FE8200
FE79E0
FE71C0
FE69A0
FE6170
FE5950
FE5120
FE4900
FE40D0
FE38B0
FE3080
FE2850
FE2030
FE1820
FE1010
FE0810
FE0030
FDF840
FDF070
FDE8A0
FDE0E0
FDD930
FDD190
FDC9F0
FDC260
FDBAE0
FDB370
FDAC00
FDA4B0
FD9D70
FD9650
FD8F40
FD8850
FD8170
FD7AA0
FD73F0
FD6D50
FD66D0
FD6060
FD5A10
FD53D0
FD4DA0
FD4790
FD41A0
FD3BC0
FD3600
FD3060
FD2AE0
FD2580
FD2030
FD1B10
FD1600
FD1120
FD0C50
FD07A0
FD0310
FCFEA0
FCFA50
FCF620
FCF210
FCEE20
FCEA40
FCE690
FCE300
FCDF90
FCDC50
FCD920
FCD610
FCD320
FCD060
FCCDB0
FCCB30
FCC8D0
FCC680
FCC460
FCC260
FCC080
FCBEC0
FCBD10
FCBB90
FCBA30
FCB8F0
FCB7C0
FCB6C0
FCB5E0
FCB510
FCB470
FCB3F0
FCB380
FCB340
FCB310
FCB310
FCB320
FCB350
FCB390
FCB3F0
FCB460
FCB4F0
FCB5A0
FCB660
FCB740
FCB840
FCB950
FCBA70
FCBBC0
FCBD20
FCBE90
FCC020
FCC1C0
FCC370
FCC530
FCC700
FCC8E0
FCCAD0
FCCCC0
FCCED0
FCD0F0
FCD320
FCD550
FCD7A0
FCD9F0
FCDC60
FCDED0
FCE160
FCE3E0
FCE670
FCE900
FCEB90
FCEE30
FCF0C0
FCF360
FCF600
FCF8A0
FCFB40
FCFDF0
FD0090
FD0340
FD05F0
FD08A0
FD0B60
FD0E00
FD10A0
FD1340
FD15D0
FD1850
FD1AC0
FD1D30
FD1F90
FD21F0
FD2440
FD2680
FD28C0
FD2AF0
FD2D10
FD2F20
FD3130
FD3330
FD3510
FD36E0
FD3890
FD3A30
FD3BC0
FD3D30
FD3E90
FD3FD0
FD4100
FD4220
FD4320
FD4410
FD44E0
FD45A0
FD4650
FD46D0
FD4740
FD4780
FD47B0
FD47C0
FD47A0
FD4770
FD4710
FD46A0
FD4600
FD4550
FD4470
FD4380
FD4260
FD4130
FD3FD0
FD3E50
FD3CB0
FD3AF0
FD3900
FD36F0
FD34B0
FD3260
FD2FE0
FD2D30
FD2A60
FD2770
FD2460
FD2120
FD1DC0
FD1A40
FD1690
FD12C0
FD0ED0
FD0AB0
FD0670
FD0210
FCFD80
FCF8D0
FCF400
FCEF00
FCE9E0
FCE490
FCDF30
FCD9A0
FCD3E0
FCCE10
FCC800
FCC1E0
FCBBA0
FCB540
FCAEC0
FCA820
FCA160
FC9A80
FC9390
FC8C70
FC8530
FC7DD0
FC7650
FC6EB0
FC66F0
FC5F10
FC5720
FC4F00
FC46E0
FC3EA0
FC3650
FC2DE0
FC2560
FC1CC0
FC1410
FC0B50
FC0270
FBF980
FBF080
FBE760
FBDE30
FBD4E0
FBCB90
FBC220
FBB8B0
FBAF40
FBA5B0
FB9C30
FB92A0
FB8900
FB7F60
FB75B0
FB6C00
FB6240
FB5880
FB4EB0
FB44E0
FB3B00
FB3110
FB2730
FB1D60
FB1390
FB09C0
FB0000
FAF640
FAEC90
FAE2E0
FAD940
FACFA0
FAC610
FABC80
FAB2F0
FAA970
FAA000
FA9680
FA8D30
FA83E0
FA7AC0
FA71A0
FA68A0
FA5FC0
FA56F0
FA4E30
FA4590
FA3D00
FA3490
FA2C30
FA23E0
FA1BB0
FA13A0
FA0B90
FA03B0
F9FC00
F9F460
F9ECF0
F9E5A0
F9DE70
F9D770
F9D080
F9C9C0
F9C320
F9BCB0
F9B650
F9B020
F9AA10
F9A420
F99E60
F998C0
F99350
F98E10
F988F0
F98400
F97F40
F97AB0
F97640
F97210
F96E00
F96A10
F96660
F962D0
F95F70
F95C30
F95930
F95650
F953A0
F95130
F94EE0
F94CC0
F94AD0
F94910
F94780
F94620
F94500
F943F0
F94320
F94280
F94210
F941D0
F941C0
F941D0
F94220
F94290
F94330
F943F0
F944F0
F94610
F94760
F948D0
F94A70
F94C50
F94E40
F95070
F952C0
F95550
F957F0
F95AC0
F95DC0
F960D0
F96400
F96760
F96AD0
F96E70
F97230
F97610
F97A10
F97E40
F98280
F986F0
F98B70
F99020
F994F0
F999D0
F99EC0
F9A3D0
F9A8F0
F9AE10
F9B360
F9B8B0
F9BE10
F9C390
F9C920
F9CEC0
F9D470
F9DA30
F9E010
F9E600
F9EBF0
F9F1F0
F9F7F0
F9FE00
FA0400
FA0A00
FA1000
FA1600
FA1C10
FA2210
FA2810
FA2E20
FA3420
FA3A30
FA4030
FA4640
FA4C40
FA5240
FA5820
FA5DF0
FA63B0
FA6960
FA6F00
FA7490
FA7A00
FA7F70
FA84C0
FA8A00
FA8F30
FA9450
FA9950
FA9E50
FAA330
FAA7F0
FAAC90
FAB110
FAB560
FAB990
FABDA0
FAC180
FAC550
FAC8F0
FACC60
FACFC0
FAD2F0
FAD600
FAD8F0
FADBB0
FADE50
FAE0C0
FAE300
FAE510
FAE6F0
FAE8A0
FAEA20
FAEB70
FAEC90
FAED70
FAEE30
FAEEC0
FAEF20
FAEF40
FAEF40
FAEF00
FAEEA0
FAEE00
FAED20
FAEC10
FAEAD0
FAE950
FAE7A0
FAE5B0
FAE390
FAE130
FADEA0
FADBD0
FAD8D0
FAD590
FAD220
FACE80
FACA90
FAC680
FAC230
FABDB0
FAB900
FAB420
FAAF00
FAA9B0
FAA420
FA9E60
FA9870
FA9250
FA8BF0
FA8560
FA7EA0
FA77A0
FA7080
FA6920
FA61A0
FA59F0
FA5210
FA4A10
FA41F0
FA3990
FA3110
FA2860
FA1F90
FA1690
FA0D60
FA0400
F9FA80
F9F0E0
F9E700
F9DD20
F9D310
F9C900
F9BED0
F9B480
F9AA20
F99FB0
F99530
F98A80
F97FD0
F97500
F96A20
F95F20
F95410
F948E0
F93DB0
F93270
F92730
F91C00
F910C0
F90590
F8FA60
F8EF40
F8E410
F8D8E0
F8CDC0
F8C2A0
F8B780
F8AC60
F8A150
F89630
F88B20
F88030
F87550
F86AA0
F86010
F855A0
F84B60
F84130
F83720
F82D40
F82370
F819D0
F81040
F806E0
F7FDA0
F7F480
F7EB70
F7E2B0
F7DA30
F7D1F0
F7C9F0
F7C220
F7BAA0
F7B350
F7AC50
F7A580
F79EF0
F798A0
F792A0
F78CD0
F78740
F781F0
F77CD0
F77820
F773C0
F76FC0
F76C10
F768D0
F765D0
F76340
F76100
F75F20
F75D90
F75C60
F75B90
F75B20
F75B00
F75B30
F75BD0
F75CD0
F75E40
F76020
F76280
F76540
F76870
F76C00
F77010
F77490
F77980
F77ED0
F784A0
F78AE0
F79180
F79890
F7A020
F7A820
F7B090
F7B980
F7C2F0
F7CCD0
F7D730
F7E210
F7ED60
F7F930
F80570
F81230
F81F70
F82D20
F83B50
F849F0
F85910
F868B0
F878C0
F88940
F89A40
F8ABC0
F8BDB0
F8D010
F8E300
F8F650
F90A20
F91E70
F93330
F94870
F95E20
F97450
F98AF0
F9A200
F9B970
F9D150
F9E9A0
FA0250
FA1B70
FA34F0
FA4EE0
FA6930
FA83F0
FA9F20
FABAB0
FAD6B0
FAF310
FB0FE0
FB2D20
FB4AA0
FB6880
FB86A0
FBA510
FBC3E0
FBE2F0
FC0250
FC2200
FC4210
FC6260
FC8300
FCA3F0
FCC530
FCE6C0
FD08A0
FD2AD0
FD4D30
FD6FB0
FD9260
FDB530
FDD830
FDFB60
FE1EC0
FE4240
FE65F0
FE89C0
FEADD0
FED1F0
FEF650
FF1AD0
FF3F80
FF6450
FF8930
FFAE00
FFD2D0
FFF7A0
001C70
004140
006610
008AE0
00AFB0
00D480
00F940
011E10
0142D0
0167A0
018C60
01B120
01D5B0
01FA20
021E50
024250
026620
0289C0
02AD30
02D070
02F380
031660
033910
035B90
037DE0
03A000
03C1F0
03E3B0
040510
042610
0446C0
046710
048700
04A690
04C5D0
04E4B0
050330
052150
053F10
055C80
057990
059640
05B2A0
05CE90
05EA10
060500
061F70
063960
0652D0
066BC0
068420
069C00
06B360
06CA40
06E0A0
06F670
070BC0
072090
0734E0
0748B0
075BE0
076E70
078060
0791B0
07A260
07B280
07C200
07D0E0
07DF20
07ECC0
07F9C0
080620
0811F0
081D20
0827B0
0831A0
083AE0
084370
084B60
0852A0
085930
085F20
086460
0868F0
086CD0
087010
0872A0
087480
0875B0
087640
087610
087550
0873D0
0871B0
086EE0
086B70
086750
086290
085D10
085700
085030
0848D0
0840B0
0837F0
082E80
082470
0819B0
080E40
080240
07F5A0
07E870
07DAA0
07CC40
07BD40
07ADB0
079D80
078CB0
077B50
076950
0756C0
074390
072FD0
071B70
070670
06F100
06DB20
06C4B0
06ADE0
069680
067EB0
066670
064DB0
063470
061AC0
060090
05E5F0
05CAD0
05AF40
059330
0576A0
0559D0
053CA0
051F30
050170
04E350
04C4F0
04A640
048740
0467F0
044850
042860
040820
03E790
03C6B0
03A580
038410
036270
0340C0
031EF0
02FCF0
02DAF0
02B8C0
029670
027410
025180
022EE0
020C20
01E940
01C650
01A330
018000
015CA0
013960
011640
00F330
00D030
00AD40
008A70
0067B0
004500
002270
FFFFE0
FFDD80
FFBB20
FF98E0
FF76C0
FF54A0
FF32A0
FF10E0
FEEF70
FECE40
FEAD50
FE8CA0
FE6C40
FE4C20
FE2C50
FE0CC0
FDED70
FDCE60
FDAFA0
FD9130
FD72F0
FD5500
FD3750
FD1A10
FCFD40
FCE0E0
FCC4E0
FCA960
FC8E40
FC7390
FC5950
FC3F80
FC2620
FC0D30
FBF4A0
FBDC80
FBC4E0
FBADA0
FB96C0
FB8080
FB6AC0
FB5590
FB40F0
FB2CD0
FB1940
FB0630
FAF3B0
FAE1C0
FAD060
FABF80
FAAF30
FA9F60
FA9020
FA8170
FA7350
FA65C0
FA58D0
FA4C70
FA40B0
FA3590
FA2B00
FA2110
FA17B0
FA0EF0
FA06D0
F9FF40
F9F850
F9F200
F9EC40
F9E720
F9E2A0
F9DEB0
F9DB60
F9D8A0
F9D680
F9D500
F9D410
F9D3C0
F9D400
F9D4E0
F9D660
F9D870
F9DB20
F9DE60
F9E250
F9E6C0
F9EBE0
F9F180
F9F7B0
F9FE60
FA05B0
FA0D80
FA15E0
FA1ED0
FA2840
FA3240
FA3CD0
FA47F0
FA53A0
FA5FD0
FA6C90
FA79E0
FA87B0
FA9600
FAA4C0
FAB3F0
FAC390
FAD3A0
FAE420
FAF510
FB0670
FB1850
FB2A90
FB3D50
FB5080
FB6420
FB7830
FB8CB0
FBA1A0
FBB6E0
FBCC70
FBE250
FBF880
FC0F00
FC25D0
FC3CE0
FC5450
FC6C10
FC8410
FC9C70
FCB510
FCCE00
FCE740
FD00D0
FD1AC0
FD34C0
FD4EF0
FD6940
FD83C0
FD9E60
FDB920
FDD410
FDEF20
FE0A60
FE25C0
FE4140
FE5CF0
FE78C0
FE94C0
FEB0E0
FECD20
FEE960
FF05A0
FF21E0
FF3E20
FF5A60
FF7690
FF92D0
FFAF00
FFCB30
FFE760
000390
001FB0
003BE0
005800
007420
009040
00AC30
00C800
00E3B0
00FF30
011A80
0135B0
0150B0
016B90
018640
01A0D0
01BB30
01D560
01EF70
020960
022320
023CB0
025600
026F10
0287D0
02A040
02B880
02D060
02E810
02FF60
031680
032D50
0343D0
035A10
037010
0385C0
039B20
03B050
03C510
03D970
03ED80
040130
041480
042770
043A10
044C40
045E20
046F90
0480B0
049180
04A1E0
04B1E0
04C190
04D0E0
04DFC0
04EE40
04FC50
050A00
051740
052420
053090
053CA0
054840
055380
055E50
0568B0
0572C0
057C50
058580
058E50
0596B0
059EA0
05A630
05AD50
05B410
05BA60
05C050
05C5C0
05CAE0
05CF90
05D3D0
05D7A0
05DB10
05DE20
05E0C0
05E2F0
05E4C0
05E640
05E750
05E800
05E850
05E840
05E7D0
05E700
05E5D0
05E440
05E250
05E000
05DD40
05DA30
05D6C0
05D2E0
05CEC0
05CA50
05C580
05C070
05BB10
05B560
05AF60
05A910
05A270
059B80
059440
058CB0
0584D0
057CA0
057420
056B60
056250
055910
054FA0
0545E0
053C00
0531D0
052770
051CD0
051200
0506F0
04FBA0
04F020
04E460
04D870
04CC40
04BFD0
04B340
04A6A0
0499D0
048CE0
047FD0
0472A0
046550
0457D0
044A40
043C90
042EB0
0420C0
0412B0
040470
03F610
03E7A0
03D910
03CA90
03BBF0
03AD50
039EA0
038FF0
038130
037270
0363A0
0354C0
0345E0
0336F0
032800
031900
0309F0
02FAE0
02EBE0
02DCE0
02CDF0
02BF10
02B040
02A180
0292C0
028410
027570
0266E0
025860
0249E0
023B80
022D20
021ED0
021080
020260
01F450
01E670
01D8A0
01CAF0
01BD60
01AFE0
01A290
019550
018840
017B40
016E60
0161A0
015500
014870
013C10
012FD0
0123C0
0117D0
010C20
010090
00F520
00E9E0
00DED0
00D3F0
00C930
00BEA0
00B440
00AA00
00A000
009610
008C60
0082D0
007980
007060
006760
005EA0
005610
004DB0
004590
003D90
0035C0
002E30
0026C0
001F90
001890
0011C0
000B10
0004B0
FFFE70
FFF870
FFF290
FFECF0
FFE790
FFE250
FFDD50
FFD880
FFD3E0
FFCF70
FFCB30
FFC730
FFC360
FFBFC0
FFBC60
FFB920
FFB610
FFB340
FFB090
FFAE20
FFABD0
FFA9C0
FFA7D0
FFA620
FFA4A0
FFA340
FFA220
FFA120
FFA060
FF9FD0
FF9F60
FF9F30
FF9F20
FF9F30
FF9F80
FF9FF0
FFA080
FFA150
FFA240
FFA350
FFA4A0
FFA600
FFA7A0
FFA960
FFAB50
FFAD70
FFAFB0
FFB210
FFB4A0
FFB750
FFBA10
FFBD00
FFC010
FFC340
FFC690
FFCA10
FFCDA0
FFD160
FFD540
FFD930
FFDD50
FFE190
FFE600
FFEA70
FFEF00
FFF3B0
FFF870
FFFD50
000240
000740
000C70
0011A0
0016F0
001C60
0021E0
002770
002D20
0032F0
0038C0
003EB0
0044B0
004AB0
0050C0
0056E0
005D10
006340
006990
006FE0
007640
007CA0
008320
0089A0
009030
0096D0
009D80
00A430
00AAE0
00B190
00B840
00BEF0
00C5B0
00CC60
00D320
00D9E0
00E0A0
00E760
00EE30
00F4F0
00FBC0
010290
010950
011020
0116E0
011D90
012440
012AE0
013170
013800
013E90
014510
014B80
0151F0
015860
015EB0
016510
016B50
0171A0
0177D0
017DF0
0183F0
0189F0
018FD0
0195B0
019B70
01A120
01A6C0
01AC40
01B1C0
01B720
01BC80
01C1C0
01C6F0
01CC00
01D110
01D5F0
01DAC0
01DF70
01E400
01E870
01ECD0
01F110
01F540
01F940
01FD30
020100
0204C0
020860
020BE0
020F40
021280
0215A0
0218A0
021B70
021E30
0220C0
022330
022570
0227A0
0229A0
022B80
022D30
022ED0
023040
023190
0232C0
0233C0
0234A0
023550
0235D0
023620
023650
023660
023630
0235F0
023570
0234D0
023400
023310
0231E0
0230A0
022F20
022D80
022BB0
0229B0
022780
022520
022290
021FD0
021CF0
0219D0
021690
021310
020F70
020BA0
020790
020360
01FF10
01FA80
01F5C0
01F0D0
01EBB0
01E660
01E0E0
01DB30
01D550
01CF40
01C900
01C290
01BBF0
01B520
01AE20
01A6F0
019F90
019800
019040
018860
018040
0177F0
016F80
0166D0
015E00
015500
014BD0
014270
0138E0
012F20
012530
011B10
0110D0
010660
00FBC0
00F100
00E610
00DAF0
00CFB0
00C450
00B8C0
00AD00
00A120
009510
0088E0
007C80
007000
006350
005680
004980
003C70
002F40
0021F0
001470
0006E0
FFF930
FFEB60
FFDD70
FFCF60
FFC130
FFB2E0
FFA470
FF95F0
FF8740
FF7870
FF6990
FF5AB0
FF4BB0
FF3CA0
FF2D70
FF1E40
FF0F00
FEFFA0
FEF040
FEE0C0
FED140
FEC1A0
FEB1F0
FEA230
FE9260
FE8280
FE72A0
FE62C0
FE52D0
FE42F0
FE3310
FE2330
FE1340
FE0360
FDF370
FDE390
FDD3A0
FDC3C0
FDB3D0
FDA3F0
FD9400
FD8420
FD7440
FD6480
FD54D0
FD4530
FD35A0
FD2630
FD16D0
FD0780
FCF840
FCE910
FCDA00
FCCAF0
FCBC00
FCAD20
FC9E60
FC8FA0
FC8110
FC72A0
FC6460
FC5640
FC4850
FC3A70
FC2CD0
FC1F40
FC11E0
FC04B0
FBF790
FBEAA0
FBDDE0
FBD140
FBC4C0
FBB870
FBAC50
FBA070
FB94C0
FB8950
FB7E10
FB7310
FB6850
FB5DC0
FB5360
FB4940
FB3F60
FB35B0
FB2C40
FB2300
FB1A00
FB1130
FB08B0
FB0070
FAF880
FAF0D0
FAE960
FAE240
FADB60
FAD4D0
FACE80
FAC880
FAC2C0
FABD50
FAB820
FAB330
FAAE90
FAAA30
FAA620
FAA270
FA9F00
FA9BE0
FA9920
FA96A0
FA9470
FA92A0
FA9110
FA8FD0
FA8EF0
FA8E50
FA8E00
FA8E10
FA8E60
FA8F10
FA9000
FA9150
FA92F0
FA94E0
FA9720
FA99B0
FA9C90
FA9FD0
FAA360
FAA730
FAAB60
FAAFE0
FAB4B0
FAB9E0
FABF50
FAC520
FACB30
FAD190
FAD840
FADF40
FAE690
FAEE20
FAF600
FAFE30
FB06B0
FB0F70
FB1890
FB21F0
FB2BA0
FB35A0
FB3FE0
FB4A80
FB5550
FB6060
FB6BC0
FB7750
FB8320
FB8F30
FB9B80
FBA810
FBB4E0
FBC200
FBCF40
FBDCD0
FBEAA0
FBF8B0
FC0700
FC1590
FC2440
FC3330
FC4240
FC5180
FC60F0
FC7080
FC8040
FC9030
FCA050
FCB0A0
FCC110
FCD1B0
FCE280
FCF370
FD04A0
FD15F0
FD2760
FD38D0
FD4A60
FD5C00
FD6DC0
FD7F90
FD9170
FDA360
FDB560
FDC780
FDD9B0
FDEBF0
FDFE50
FE10C0
FE2340
FE35D0
FE4860
FE5AF0
FE6D70
FE7FF0
FE9260
FEA4E0
FEB740
FEC9B0
FEDC10
FEEE70
FF00C0
FF1310
FF2560
FF37B0
FF49F0
FF5C20
FF6E40
FF8040
FF9220
FFA3E0
FFB580
FFC700
FFD860
FFE9A0
FFFAC0
000BD0
001CB0
002D70
003E20
004EB0
005F10
006F60
007F70
008F50
009F00
00AE80
00BDC0
00CCD0
00DBB0
00EA60
00F8D0
010710
011510
0122F0
013090
013E00
014B30
015840
016500
017180
017DB0
0189B0
019560
01A0D0
01AC00
01B6E0
01C190
01CBF0
01D610
01DFE0
01E980
01F2D0
01FBE0
0204B0
020D30
021570
021D50
022500
022C50
023360
023A20
0240A0
0246C0
024CB0
025240
025790
025C90
026150
0265B0
0269E0
026DB0
027140
027490
027790
027A40
027CB0
027ED0
0280B0
028240
028390
028490
028540
0285B0
0285E0
0285B0
028550
0284A0
0283B0
028290
028120
027F80
027DA0
027B80
027920
027680
0273A0
027080
026D20
026980
0265B0
026190
025D40
0258C0
025400
024F30
024A20
0244E0
023F80
0239F0
023420
022E40
022820
0221D0
021B60
0214C0
020DF0
0206F0
01FFC0
01F880
01F120
01E9B0
01E230
01DA90
01D2E0
01CB10
01C330
01BB30
01B320
01AB00
01A2C0
019A60
019200
018970
0180E0
017840
016FB0
016710
015E80
0155F0
014D50
0144C0
013C30
0133B0
012B20
012290
011A00
011180
0108F0
010070
00F7F0
00EF80
00E730
00DEF0
00D6D0
00CEC0
00C6D0
00BF00
00B740
00AF90
00A800
00A090
009930
0091E0
008AB0
0083A0
007CA0
0075D0
006F20
0068B0
006260
005C40
005640
005070
004AD0
004560
004010
003AF0
003600
003140
002CA0
002830
0023F0
001FE0
001C10
001870
001510
0011E0
000EF0
000C30
0009B0
000760
000540
000370
0001C0
000050
FFFF20
FFFE20
FFFD60
FFFCD0
FFFC80
FFFC80
FFFCA0
FFFD10
FFFDC0
FFFEA0
FFFFC0
000120
0002C0
000490
0006A0
000900
000B80
000E50
001160
0014A0
001820
001BD0
001FC0
0023E0
002840
002CE0
0031B0
0036C0
003C00
004180
004740
004D30
005350
0059C0
006050
006720
006E20
007540
007CA0
008420
008BD0
0093C0
009BD0
00A410
00AC80
00B510
00BDE0
00C6E0
00D000
00D960
00E2E0
00EC80
00F650
010030
010A30
011450
011E90
0128E0
013360
013E00
0148B0
015390
015E80
016990
0174C0
018020
018B90
019700
01A290
01AE20
01B9C0
01C560
01D110
01DCD0
01E8A0
01F470
020050
020C40
021830
022430
023040
023C60
024880
0254A0
0260B0
026CC0
0278C0
0284C0
0290B0
029CA0
02A880
02B460
02C040
02CC00
02D7D0
02E390
02EF40
02FAF0
030690
031220
031D90
0328F0
033430
033F60
034A80
035570
036050
036B20
0375D0
038070
038AF0
039560
039FB0
03A9E0
03B410
03BE00
03C7E0
03D190
03DB20
03E490
03EDE0
03F700
040000
0408E0
041190
041A30
0422A0
042AF0
043310
043B10
044300
044AB0
045240
0459A0
0460E0
0467F0
046EE0
0475A0
047C40
0482A0
0488F0
048F10
049500
049AC0
04A070
04A5E0
04AB30
04B050
04B550
04BA30
04BEE0
04C360
04C7C0
04CBF0
04D000
04D3E0
04D7A0
04DB30
04DEA0
04E1E0
04E500
04E7F0
04EAB0
04ED60
04EFE0
04F250
04F490
04F6B0
04F8C0
04FAA0
04FC60
04FE00
04FF80
0500E0
050220
050330
050430
050510
0505C0
050660
0506F0
050770
0507D0
050810
050840
050860
050860
050850
050830
0507F0
0507A0
050730
0506B0
050610
050570
0504B0
0503F0
050320
050250
050170
050090
04FFA0
04FEA0
04FDA0
04FC90
04FB70
04FA50
04F920
04F7F0
04F6B0
04F570
04F420
04F2E0
04F1A0
04F050
04EF10
04EDD0
04EC90
04EB50
04EA10
04E8D0
04E790
04E650
04E520
04E3E0
04E2A0
04E170
04E040
04DF10
04DE00
04DCE0
04DBE0
04DAE0
04D9E0
04D8F0
04D810
04D740
04D660
04D5A0
04D4E0
04D430
04D380
04D2E0
04D250
04D1C0
04D140
04D0D0
04D060
04D000
04CFB0
04CF60
04CF30
04CF00
04CED0
04CEC0
04CEB0
04CEA0
04CEB0
04CEC0
04CEE0
04CF00
04CF30
04CF60
04CFA0
04CFE0
04D020
04D080
04D0D0
04D130
04D1A0
04D210
04D290
04D310
04D3A0
04D430
04D4C0
04D550
04D5E0
04D660
04D6F0
04D770
04D7F0
04D870
04D8F0
04D970
04D9E0
04DA50
04DAD0
04DB40
04DBB0
04DC10
04DC70
04DCC0
04DD00
04DD20
04DD40
04DD50
04DD50
04DD30
04DD10
04DCE0
04DC90
04DC40
04DBE0
04DB60
04DAE0
04DA50
04D990
04D8C0
04D7D0
04D6B0
04D570
04D420
04D2A0
04D100
04CF50
04CD70
04CB70
04C950
04C710
04C4B0
04C230
04BF80
04BCB0
04B9B0
04B680
04B320
04AF80
04ABC0
04A7D0
04A3B0
049F60
049AD0
049620
049140
048C30
0486E0
048170
047BD0
0475F0
046FD0
046980
0462E0
045C10
045510
044DC0
044640
043E80
043680
042E50
0425D0
041D20
041440
040B10
0401B0
03F810
03EE20
03E400
03D990
03CEF0
03C400
03B8E0
03AD70
03A1C0
0395E0
0389B0
037D40
037090
0363A0
035670
034900
033B50
032D60
031F40
0310D0
030230
02F340
02E420
02D4C0
02C530
02B550
02A530
0294E0
028450
027370
026260
025120
023FA0
022DF0
021C00
0209F0
01F7B0
01E540
01D290
01BFC0
01ACB0
019980
018610
017270
015EA0
014AA0
013670
012210
010D90
00F8F0
00E440
00CF60
00BA70
00A560
009040
007AF0
006590
005010
003A70
0024B0
000ED0
FFF8E0
FFE2D0
FFCCA0
FFB670
FFA040
FF8A00
FF73D0
FF5D90
FF4750
FF3110
FF1AD0
FF0480
FEEE40
FED7F0
FEC1A0
FEAB50
FE9500
FE7EA0
FE6850
FE5210
FE3BF0
FE25E0
FE0FF0
FDFA20
FDE460
FDCEC0
FDB940
FDA3D0
FD8E80
FD7940
FD6430
FD4F20
FD3A40
FD2570
FD10C0
FCFC40
FCE800
FCD3F0
FCC010
FCAC70
FC9900
FC85C0
FC72C0
FC5FF0
FC4D60
FC3B00
FC28E0
FC16E0
FC0520
FBF3A0
FBE250
FBD150
FBC090
FBB020
FBA010
FB9030
FB80B0
FB7180
FB6290
FB53F0
FB45A0
FB3790
FB29D0
FB1C70
FB0F50
FB0270
FAF5F0
FAE9C0
FADDF0
FAD270
FAC750
FABC90
FAB220
FAA810
FA9E60
FA9500
FA8C00
FA8350
FA7B00
FA7310
FA6B70
FA6430
FA5D50
FA56C0
FA5090
FA4AC0
FA4550
FA4030
FA3B80
FA3720
FA3320
FA2F70
FA2C20
FA2930
FA26A0
FA2470
FA2290
FA2120
FA1FF0
FA1F30
FA1EB0
FA1E80
FA1EB0
FA1F20
FA1FF0
FA2110
FA2280
FA2440
FA2660
FA28C0
FA2B80
FA2E90
FA31F0
FA35A0
FA39A0
FA3DE0
FA4260
FA4720
FA4C10
FA5150
FA56C0
FA5C70
FA6260
FA6890
FA6F00
FA75A0
FA7C80
FA83A0
FA8B00
FA92A0
FA9A80
FAA270
FAAA90
FAB2C0
FABB20
FAC390
FACC30
FAD4E0
FADDB0
FAE6A0
FAEFB0
FAF8F0
FB0240
FB0BB0
FB1540
FB1EF0
FB28B0
FB3280
FB3C50
FB4610
FB4FD0
FB5990
FB6350
FB6D00
FB76C0
FB8070
FB8A20
FB93D0
FB9D70
FBA720
FBB0C0
FBBA60
FBC400
FBCD70
FBD6D0
FBDFF0
FBE900
FBF1E0
FBFA90
FC0330
FC0B90
FC13E0
FC1C00
FC2400
FC2BD0
FC3380
FC3B10
FC4270
FC49B0
FC50B0
FC5760
FC5DE0
FC6410
FC6A00
FC6FB0
FC7520
FC7A40
FC7F30
FC83D0
FC8830
FC8C50
FC9030
FC93D0
FC9720
FC9A40
FC9D00
FC9F60
FCA170
FCA330
FCA4A0
FCA5B0
FCA660
FCA6C0
FCA6D0
FCA690
FCA5F0
FCA4F0
FCA3A0
FCA200
FCA000
FC9DB0
FC9B10
FC9800
FC94A0
FC90E0
FC8CD0
FC8850
FC8380
FC7E50
FC78D0
FC72F0
FC6CB0
FC6610
FC5F20
FC57D0
FC5020
FC4810
FC3FB0
FC3710
FC2E00
FC24B0
FC1B10
FC1110
FC06C0
FBFC20
FBF130
FBE5F0
FBDA50
FBCE70
FBC230
FBB5A0
FBA8C0
FB9B80
FB8E10
FB8070
FB7280
FB6460
FB5610
FB4780
FB38B0
FB29A0
FB1A60
FB0AE0
FAFB30
FAEB40
FADB10
FACAB0
FABA10
FAA930
FA9840
FA8740
FA7620
FA64E0
FA53A0
FA4230
FA30C0
FA1F30
FA0D80
F9FBC0
F9E9F0
F9D800
F9C600
F9B3E0
F9A1B0
F98F60
F97D30
F96B10
F95900
F94710
F93530
F92370
F911B0
F90010
F8EE90
F8DD10
F8CBB0
F8BA60
F8A930
F89810
F88700
F87610
F86560
F854E0
F844B0
F834D0
F82520
F815C0
F80690
F7F7B0
F7E910
F7DAB0
F7CCA0
F7BEC0
F7B130
F7A3E0
F796D0
F78A00
F77DA0
F771B0
F76620
F75B10
F75060
F74620
F73C40
F732E0
F729E0
F72150
F71930
F71170
F70A30
F70350
F6FCE0
F6F6D0
F6F160
F6EC70
F6E810
F6E430
F6E0E0
F6DE20
F6DBF0
F6DA40
F6D920
F6D880
F6D880
F6D900
F6DA00
F6DBA0
F6DDC0
F6E060
F6E3B0
F6E790
F6EC10
F6F120
F6F6D0
F6FD20
F70410
F70B90
F713B0
F71C70
F725C0
F72FB0
F73A40
F74560
F75120
F75D80
F76A70
F77800
F78620
F794E0
F7A440
F7B430
F7C4B0
F7D5E0
F7E790
F7F9E0
F80CD0
F82060
F83470
F84930
F85E80
F87460
F88AD0
F8A1C0
F8B930
F8D130
F8E9A0
F902A0
F91C30
F93630
F950C0
F96BD0
F98760
F9A370
F9C010
F9DD30
F9FAD0
FA1900
FA3780
FA5660
FA75A0
FA9540
FAB540
FAD5A0
FAF650
FB1760
FB38E0
FB5AB0
FB7CE0
FB9F70
FBC250
FBE5A0
FC0940
FC2D50
FC5180
FC75D0
FC9A60
FCBF10
FCE3F0
FD08F0
FD2E20
FD5380
FD7910
FD9EC0
FDC4A0
FDEAB0
FE10E0
FE3740
FE5DD0
FE8480
FEAB30
FED1C0
FEF850
FF1ED0
FF4540
FF6BA0
FF91F0
FFB840
FFDE70
0004A0
002AB0
0050C0
0076C0
009CB0
00C290
00E860
010DF0
013330
015830
017CE0
01A150
01C580
01E960
020CF0
023040
025350
027610
029890
02BAC0
02DCB0
02FE60
031FB0
0340A0
036110
038100
03A080
03BF80
03DE00
03FC20
0419B0
0436D0
045370
046FA0
048B50
04A690
04C150
04DBA0
04F570
050EA0
052740
053F40
055690
056D60
058380
059910
05ADF0
05C240
05D600
05E910
05FB90
060D70
061EB0
062F50
063F60
064EB0
065D60
066B60
0678B0
068560
069150
069CA0
06A730
06B120
06BA60
06C2F0
06CAD0
06D210
06D890
06DE70
06E390
06E810
06EBF0
06EF20
06F1A0
06F370
06F4A0
06F520
06F4F0
06F420
06F2A0
06F080
06EDB0
06EA30
06E600
06E130
06DBB0
06D5A0
06CF00
06C7C0
06C000
06B7A0
06AEB0
06A530
069B20
069080
068540
067980
066D20
066030
0652B0
064490
0635F0
0626E0
061760
060770
05F720
05E670
05D540
05C3C0
05B1C0
059F60
058C90
057950
0565B0
0551B0
053D30
052850
051310
04FD90
04E7E0
04D1F0
04BBD0
04A580
048F00
047840
046150
044A20
0432D0
041B40
040370
03EB80
03D350
03BAF0
03A250
0389C0
037130
0358A0
034020
0327A0
030F20
02F6A0
02DE30
02C5B0
02AD40
0294E0
027C70
026410
024BB0
023360
021B00
0202F0
01EB10
01D370
01BC00
01A4E0
018DF0
017730
0160C0
014A80
013480
011EC0
010930
00F3F0
00DEE0
00CA00
00B570
00A140
008D70
007A10
006720
005490
004260
0030A0
001F50
000E60
FFFDD0
FFEDB0
FFDE00
FFCEB0
FFBFC0
FFB140
FFA330
FF95A0
FF8890
FF7C10
FF7010
FF64A0
FF59B0
FF4F40
FF4560
FF3C00
FF3330
FF2AE0
FF2310
FF1BD0
FF1510
FF0ED0
FF0920
FF0400
FEFF70
FEFB70
FEF800
FEF520
FEF2D0
FEF110
FEEFE0
FEEF40
FEEF30
FEEFB0
FEF0C0
FEF260
FEF490
FEF750
FEFA90
FEFE70
FF02C0
FF07A0
FF0D10
FF12F0
FF1960
FF2060
FF27E0
FF2FE0
FF3860
FF4170
FF4B00
FF5520
FF5FC0
FF6AE0
FF7690
FF82A0
FF8F20
FF9C00
FFA940
FFB6F0
FFC510
FFD390
FFE270
FFF1C0
000180
0011A0
002220
003310
004460
005620
006840
007AA0
008D40
00A010
00B320
00C670
00DA00
00EDC0
0101C0
011600
012A70
013F30
015410
016940
017EB0
019450
01AA20
01C010
01D5F0
01EBE0
0201D0
0217D0
022DD0
0243E0
0259F0
027000
028610
029C30
02B260
02C880
02DEC0
02F4F0
030B30
032140
033720
034CC0
036240
037790
038CA0
03A190
03B640
03CAD0
03DF20
03F340
040740
041B00
042E90
0441F0
045530
046800
047A60
048C70
049E20
04AF60
04C040
04D0D0
04E0F0
04F0A0
050000
050F00
051D90
052BC0
0539A0
054710
055410
0560A0
056CA0
057810
058300
058D70
059750
05A0A0
05A970
05B1C0
05B980
05C0C0
05C770
05CD90
05D340
05D850
05DCF0
05E0E0
05E440
05E700
05E920
05EAB0
05EB90
05EBE0
05EBA0
05EAB0
05E930
05E710
05E450
05E100
05DD00
05D870
05D350
05CD80
05C720
05C010
05B870
05B030
05A750
059DE0
0593C0
058910
057DC0
0571D0
056540
055810
054A50
053BF0
052CE0
051D60
050D40
04FCA0
04EB70
04D9B0
04C760
04B490
04A130
048D50
0478E0
0463E0
044E50
043840
0421A0
040A70
03F2B0
03DA90
03C210
03A910
038FB0
0375F0
035BC0
034130
032620
030AC0
02EEE0
02D2B0
02B600
0298F0
027B80
025D90
023F50
0220C0
020200
01E300
01C3D0
01A450
0184B0
0164C0
0144A0
012440
0103A0
00E2C0
00C1B0
00A070
007EE0
005D20
003B20
001920
FFF710
FFD500
FFB2E0
FF90C0
FF6E90
FF4C60
FF2A30
FF07F0
FEE5A0
FEC360
FEA100
FE7EA0
FE5C40
FE39E0
FE1760
FDF520
FDD300
FDB110
FD8F50
FD6DB0
FD4C40
FD2B00
FD09F0
FCE900
FCC840
FCA7A0
FC8740
FC6700
FC46F0
FC2700
FC0740
FBE7E0
FBC8D0
FBAA10
FB8BB0
FB6DA0
FB4FF0
FB3290
FB1580
FAF8D0
FADC80
FAC080
FAA4D0
FA8970
FA6E80
FA53D0
FA3980
FA1FA0
FA0640
F9ED50
F9D4D0
F9BCD0
F9A540
F98E30
F97780
F96160
F94BA0
F93660
F92190
F90D40
F8F960
F8E5F0
F8D300
F8C090
F8AEA0
F89D40
F88C60
F87C00
F86C30
F85CE0
F84E10
F83FD0
F83210
F824D0
F81820
F80BF0
F80040
F7F520
F7EA70
F7E060
F7D6C0
F7CDB0
F7C520
F7BD10
F7B580
F7AE80
F7A800
F7A200
F79C80
F79790
F79320
F78F30
F78BC0
F788E0
F78680
F78490
F78310
F78210
F78180
F78160
F781B0
F78280
F783B0
F78560
F78790
F78A20
F78D30
F790B0
F794A0
F79900
F79DE0
F7A310
F7A890
F7AE80
F7B4B0
F7BB40
F7C230
F7C970
F7D100
F7D8F0
F7E130
F7E9D0
F7F2C0
F7FC10
F805C0
F80FB0
F81A10
F82490
F82F50
F83A40
F84560
F850B0
F85C40
F867F0
F873E0
F88010
F88C60
F898F0
F8A5B0
F8B2A0
F8BFC0
F8CD20
F8DAA0
F8E840
F8F5E0
F903A0
F91160
F91F30
F92D10
F93B00
F94900
F95700
F96520
F97340
F98170
F98FB0
F99E00
F9AC60
F9BAC0
F9C920
F9D760
F9E580
F9F3A0
FA01A0
FA0F90
FA1D70
FA2B30
FA38E0
FA4680
FA5400
FA6170
FA6ED0
FA7C20
FA8950
FA9670
FAA360
FAB020
FABCB0
FAC920
FAD550
FAE150
FAED30
FAF8E0
FB0450
FB0FA0
FB1AC0
FB25A0
FB3060
FB3AF0
FB4550
FB4F90
FB5980
FB6330
FB6CA0
FB75D0
FB7ED0
FB8780
FB8FF0
FB9830
FBA020
FBA7E0
FBAF50
FBB680
FBBD80
FBC440
FBCAB0
FBD0F0
FBD6E0
FBDC90
FBE200
FBE730
FBEC10
FBF0B0
FBF510
FBF930
FBFD00
FC0090
FC03E0
FC06F0
FC09B0
FC0C30
FC0E70
FC1070
FC1230
FC13B0
FC14F0
FC15F0
FC16B0
FC1740
FC1790
FC17A0
FC1770
FC1700
FC1660
FC1570
FC1450
FC12F0
FC1150
FC0F70
FC0D70
FC0B30
FC08D0
FC0630
FC0370
FC0080
FBFD70
FBFA20
FBF6B0
FBF300
FBEF30
FBEB30
FBE700
FBE2A0
FBDE10
FBD960
FBD490
FBCFA0
FBCA90
FBC570
FBC040
FBBAF0
FBB580
FBAFF0
FBAA50
FBA4A0
FB9EC0
FB98D0
FB92D0
FB8CB0
FB8670
FB8020
FB79C0
FB7360
FB6D00
FB66A0
FB6030
FB59C0
FB5350
FB4CE0
FB4660
FB3FE0
FB3960
FB32D0
FB2C40
FB25B0
FB1F20
FB1880
FB11F0
FB0B80
FB0510
FAFEB0
FAF860
FAF210
FAEBE0
FAE5C0
FADFA0
FAD990
FAD3A0
FACDB0
FAC7D0
FAC200
FABC40
FAB680
FAB0F0
FAAB70
FAA610
FAA0C0
FA9B90
FA9680
FA9190
FA8CB0
FA87F0
FA8340
FA7EB0
FA7A40
FA75F0
FA71B0
FA6D90
FA6990
FA65A0
FA61E0
FA5E40
FA5AB0
FA5750
FA5400
FA50E0
FA4DD0
FA4AF0
FA4820
FA4580
FA42F0
FA4090
FA3E40
FA3C20
FA3A10
FA3820
FA3650
FA34A0
FA3310
FA3190
FA3030
FA2EF0
FA2DC0
FA2CB0
FA2BC0
FA2AF0
FA2A40
FA29A0
FA2920
FA28C0
FA2880
FA2850
FA2820
FA2820
FA2820
FA2830
FA2850
FA2890
FA28E0
FA2940
FA29B0
FA2A30
FA2AC0
FA2B60
FA2C20
FA2CF0
FA2DC0
FA2EA0
FA2F90
FA3070
FA3160
FA3250
FA3340
FA3440
FA3540
FA3640
FA3740
FA3850
FA3950
FA3A60
FA3B80
FA3C90
FA3DB0
FA3EC0
FA3FC0
FA40C0
FA41B0
FA4290
FA4360
FA4430
FA44F0
FA45A0
FA4640
FA46E0
FA4770
FA4800
FA4870
FA48E0
FA4940
FA4990
FA49C0
FA49E0
FA49E0
FA49C0
FA49A0
FA4950
FA4900
FA4880
FA4800
FA4750
FA46A0
FA45D0
FA44E0
FA43E0
FA42C0
FA4190
FA4030
FA3EC0
FA3D30
FA3B80
FA39B0
FA37C0
FA35B0
FA3380
FA3140
FA2ED0
FA2C50
FA29B0
FA26F0
FA2400
FA2110
FA1DF0
FA1AC0
FA1770
FA1400
FA1070
FA0CD0
FA0910
FA0540
FA0150
F9FD40
F9F910
F9F4D0
F9F070
F9EBF0
F9E760
F9E2A0
F9DDE0
F9D910
F9D430
F9CF30
F9CA30
F9C520
F9BFF0
F9BAB0
F9B570
F9B010
F9AAA0
F9A530
F99FA0
F99A00
F99450
F98E90
F988D0
F98320
F97D60
F977B0
F97200
F96C50
F966B0
F96100
F95B60
F955C0
F95020
F94A90
F944F0
F93F60
F939D0
F93450
F92EE0
F92980
F92450
F91F30
F91A40
F91550
F91090
F90BF0
F90760
F902F0
F8FEA0
F8FA60
F8F650
F8F250
F8EE70
F8EAA0
F8E720
F8E3C0
F8E0B0
F8DDC0
F8DB20
F8D8B0
F8D670
F8D470
F8D2B0
F8D120
F8CFC0
F8CEB0
F8CDC0
F8CD20
F8CCA0
F8CC70
F8CC80
F8CCF0
F8CDA0
F8CEB0
F8D010
F8D1B0
F8D3B0
F8D600
F8D8B0
F8DBA0
F8DEE0
F8E270
F8E660
F8EA90
F8EF20
F8F400
F8F940
F8FEE0
F904F0
F90B50
F91220
F91960
F920F0
F928F0
F93150
F93A10
F94340
F94CC0
F956B0
F96110
F96BC0
F976E0
F98260
F98E60
F99AC0
F9A780
F9B4C0
F9C260
F9D070
F9DEE0
F9EDD0
F9FD20
FA0CE0
FA1D00
FA2DA0
FA3EA0
FA5010
FA61E0
FA7420
FA86D0
FA99D0
FAAD50
FAC120
FAD560
FAEA10
FAFF10
FB1490
FB2A60
FB40A0
FB5750
FB6E60
FB85D0
FB9DA0
FBB5F0
FBCE80
FBE760
FC00A0
FC1A30
FC3410
FC4E40
FC68C0
FC83A0
FC9ED0
FCBA40
FCD620
FCF240
FD0EB0
FD2B80
FD48A0
FD6610
FD83B0
FDA190
FDBF90
FDDDD0
FDFC40
FE1AE0
FE39B0
FE58C0
FE7800
FE9760
FEB700
FED6D0
FEF6E0
FF1710
FF3780
FF5820
FF78C0
FF9970
FFBA30
FFDAF0
FFFBC0
001C90
003D70
005E60
007F50
00A040
00C150
00E260
010370
012490
0145B0
0166F0
0187F0
01A8E0
01C9A0
01EA30
020AA0
022AF0
024B20
026B20
028AF0
02AAB0
02CA40
02E9A0
0308E0
032800
034700
0365D0
038440
03A270
03C040
03DDC0
03FAF0
0417D0
043450
045080
046C60
0487F0
04A330
04BE10
04D8A0
04F2E0
050CC0
052660
053F70
055810
057030
0587E0
059F00
05B5B0
05CBF0
05E1A0
05F6E0
060BA0
061FE0
0633B0
0646F0
0659C0
066C20
067DF0
068F30
069FE0
06AFF0
06BF70
06CE50
06DCA0
06EA60
06F780
070400
071000
071B50
072620
073040
0739E0
0742E0
074B40
075310
075A30
0760A0
076680
076BB0
077050
077440
077780
077A30
077C30
077D90
077E50
077E60
077DE0
077CB0
077AE0
077870
077560
0771C0
076D70
076890
076310
075CF0
075630
074EE0
0746E0
073E50
073520
072B50
0720E0
0715D0
070A30
06FE00
06F150
06E410
06D650
06C800
06B940
06A9E0
069A10
0689B0
0678C0
066760
065570
0642F0
062FF0
061C70
060860
05F400
05DF30
05CA00
05B480
059E90
058850
0571A0
055AA0
054330
052B70
051350
04FAC0
04E1E0
04C8A0
04AF00
0494F0
047AC0
046060
0445E0
042B20
041030
03F520
03D9E0
03BE70
03A2D0
038700
036B00
034ED0
033280
0315F0
02F940
02DC60
02BF80
02A2B0
0285F0
026930
024C70
022FC0
021320
01F680
01D9E0
01BD50
01A0D0
018450
0167E0
014B70
012F10
0112B0
00F690
00DAB0
00BF10
00A3A0
008880
006D90
0052E0
003870
001E30
000440
FFEA80
FFD100
FFB7C0
FF9EC0
FF85F0
FF6D70
FF5550
FF3D90
FF2650
FF0F60
FEF8F0
FEE2E0
FECD40
FEB800
FEA330
FE8ED0
FE7AD0
FE6740
FE5420
FE4160
FE2F10
FE1D20
FE0BC0
FDFAF0
FDEAA0
FDDAE0
FDCBA0
FDBCF0
FDAED0
FDA130
FD9420
FD8790
FD7B90
FD7020
FD6530
FD5AD0
FD50F0
FD47A0
FD3EE0
FD36C0
FD2F40
FD2850
FD21F0
FD1C30
FD1710
FD1280
FD0E80
FD0B20
FD0860
FD0630
FD04A0
FD03A0
FD0330
FD0370
FD0430
FD0590
FD0770
FD0A00
FD0D10
FD10C0
FD1500
FD19D0
FD1F30
FD2530
FD2BC0
FD32E0
FD3A90
FD42E0
FD4BC0
FD5530
FD5F20
FD6990
FD7480
FD7FF0
FD8BE0
FD9840
FDA530
FDB290
FDC080
FDCEE0
FDDDC0
FDED20
FDFD00
FE0D60
FE1E40
FE2F90
FE4150
FE5360
FE65C0
FE7880
FE8BA0
FE9F20
FEB2F0
FEC720
FEDBA0
FEF080
FF05C0
FF1B60
FF3150
FF4790
FF5E40
FF7530
FF8C60
FFA3C0
FFBB40
FFD2F0
FFEAD0
0002E0
001B10
003370
004C00
0064C0
007DA0
0096C0
00B000
00C970
00E300
00FCD0
011690
013050
014A00
0163C0
017D70
019710
01B0C0
01CA60
01E3F0
01FD90
021720
0230B0
024A40
0263C0
027D40
0296C0
02B000
02C920
02E200
02FAA0
031320
032B60
034370
035B50
037300
038A70
03A1B0
03B8C0
03CF90
03E640
03FCB0
0412E0
0428D0
043E50
045380
046850
047CD0
0490F0
04A4B0
04B820
04CB30
04DDE0
04F040
050240
0513E0
052530
053620
0546C0
0556E0
056690
0575D0
058490
0592F0
05A0D0
05AE40
05BB30
05C7C0
05D3D0
05DF70
05EA90
05F550
05FF90
060960
0612C0
061BA0
062400
062BE0
063350
063A40
0640B0
0646A0
064C10
065110
065590
065990
065D10
066020
0662B0
0664B0
066650
066760
066810
066840
0667F0
066730
066600
066450
066230
065FA0
065C90
065900
065510
0650A0
064BB0
064650
064080
063A40
0633B0
062CC0
062560
061DB0
061590
060D20
060440
05FB00
05F170
05E770
05DD10
05D260
05C740
05BBC0
05AFE0
05A3C0
059760
058AD0
057DF0
0570D0
056380
0555E0
054810
0539F0
052BA0
051D10
050E40
04FF20
04EFD0
04E040
04D070
04C080
04B080
04A070
049040
048000
046FA0
045F30
044EA0
043E00
042D40
041C70
040B80
03FA80
03E970
03D840
03C6F0
03B5C0
03A4A0
039390
038280
037190
0360C0
034FF0
033F30
032E80
031DF0
030D60
02FCF0
02EC90
02DC40
02CC00
02BBD0
02ABD0
029C00
028C70
027D20
026DF0
025F00
025050
0241C0
023370
022550
021770
0209C0
01FC40
01EF00
01E1E0
01D510
01C880
01BC40
01B050
01A4C0
019970
018E70
0183D0
017970
016F60
0165B0
015C40
015330
014A60
0141F0
0139C0
0131F0
012A70
012350
011CA0
011630
011030
010A90
010540
010060
00FBD0
00F7A0
00F3D0
00F050
00ED40
00EA80
00E820
00E630
00E480
00E340
00E260
00E1D0
00E1B0
00E1E0
00E270
00E360
00E4B0
00E650
00E860
00EAC0
00ED90
00F0B0
00F430
00F800
00FC30
0100B0
010570
010A90
010FF0
0115A0
011BA0
0121F0
012890
012F80
0136B0
013E40
014610
014E40
0156B0
015F70
016860
017190
017AF0
018480
018E50
019850
01A280
01ACE0
01B780
01C250
01CD50
01D890
01E3F0
01EF90
01FB70
020770
021390
021FC0
022C00
023850
0244A0
025120
025DA0
026A30
0276D0
028380
029050
029D20
02AA10
02B700
02C410
02D130
02DE30
02EB30
02F800
0304D0
031180
031E20
032AB0
033730
034390
034FE0
035C20
036840
037450
038050
038C30
039810
03A3A0
03AF00
03BA30
03C520
03CFD0
03DA50
03E4A0
03EEA0
03F870
040210
040B70
041490
041D80
042640
042EB0
043700
043EE0
044680
044DC0
0454A0
045B30
046170
046750
046CE0
047210
0476F0
047B70
047FA0
048380
048700
048A30
048D00
048F70
049170
049300
049430
0494F0
049540
049520
0494A0
0493C0
049260
0490A0
048E70
048BE0
0488E0
048570
048190
047D50
047890
047360
046DC0
0467B0
046130
045A30
0452D0
044AF0
0442B0
0439F0
0430C0
042720
041D10
041290
040790
03FC30
03F060
03E430
03D790
03CA80
03BD00
03AF10
03A0C0
039200
0382E0
037340
036340
0352D0
034200
0330C0
031F10
030D00
02FAA0
02E7E0
02D4D0
02C160
02ADA0
029980
028500
027030
025B10
024590
022FB0
021980
0202F0
01EC00
01D4D0
01BD50
01A590
018DA0
017570
015D00
014460
012B70
011250
00F8F0
00DF50
00C580
00AB60
009110
007680
005BC0
0040B0
002590
000A60
FFEF00
FFD3A0
FFB810
FF9C70
FF80C0
FF64E0
FF4900
FF2CF0
FF10D0
FEF4A0
FED850
FEBBE0
FE9F50
FE82C0
FE6620
FE49A0
FE2D20
FE10B0
FDF450
FDD7F0
FDBBA0
FD9F60
FD8320
FD66F0
FD4AD0
FD2EC0
FD12B0
FCF6B0
FCDAC0
FCBEE0
FCA320
FC8790
FC6C30
FC5100
FC3600
FC1B30
FC0080
FBE610
FBCBC0
FBB1A0
FB97B0
FB7DE0
FB6450
FB4AF0
FB31B0
FB18A0
FAFFE0
FAE760
FACF30
FAB750
FA9FB0
FA8860
FA7160
FA5AA0
FA4430
FA2E00
FA1820
FA0290
F9ED40
F9D840
F9C380
F9AF20
F99B00
F98750
F97400
F96100
F94E60
F93C20
F92A40
F918C0
F90790
F8F6C0
F8E660
F8D640
F8C690
F8B740
F8A840
F899A0
F88B60
F87D90
F87020
F86320
F85670
F84A30
F83E50
F832E0
F827D0
F81D20
F812D0
F808F0
F7FF70
F7F650
F7EDA0
F7E540
F7DD50
F7D5C0
F7CEA0
F7C7D0
F7C160
F7BB50
F7B5B0
F7B060
F7AB80
F7A6F0
F7A2D0
F79F10
F79BB0
F798A0
F79600
F793D0
F791E0
F79040
F78F00
F78E10
F78D70
F78D20
F78D20
F78D70
F78E20
F78F20
F79070
F79210
F79410
F79650
F798F0
F79BE0
F79F10
F7A270
F7A620
F7AA00
F7AE20
F7B280
F7B710
F7BBF0
F7C100
F7C650
F7CBE0
F7D1B0
F7D7B0
F7DDF0
F7E480
F7EB30
F7F220
F7F920
F80040
F80790
F80EF0
F81680
F81E30
F82600
F82E00
F83610
F83E50
F846A0
F84F20
F857C0
F86080
F86970
F87250
F87B40
F88440
F88D30
F89630
F89F40
F8A840
F8B150
F8BA70
F8C380
F8CCA0
F8D5D0
F8DEF0
F8E820
F8F160
F8FA90
F903C0
F90CD0
F915D0
F91EB0
F92780
F93040
F938F0
F94180
F94A10
F95270
F95AD0
F96310
F96B40
F97360
F97B60
F98350
F98B10
F992B0
F99A20
F9A170
F9A890
F9AF80
F9B640
F9BCE0
F9C350
F9C9A0
F9CFC0
F9D5B0
F9DB80
F9E120
F9E690
F9EBE0
F9F0F0
F9F5D0
F9FA70
F9FEE0
FA0310
FA0710
FA0AE0
FA0E70
FA11C0
FA14F0
FA17D0
FA1A80
FA1D00
FA1F40
FA2150
FA2330
FA24C0
FA2620
FA2740
FA2820
FA28C0
FA2930
FA2960
FA2950
FA2900
FA2870
FA27B0
FA26A0
FA2560
FA23E0
FA2230
FA2030
FA1E00
FA1BA0
FA1900
FA1620
FA1310
FA0FD0
FA0C50
FA08A0
FA04B0
FA0090
F9FC30
F9F790
F9F2D0
F9EDC0
F9E890
F9E310
F9DD70
F9D7B0
F9D1B0
F9CB90
F9C540
F9BEC0
F9B820
F9B150
F9AA50
F9A320
F99BD0
F99450
F98CA0
F984D0
F97CC0
F97490
F96C50
F963F0
F95B80
F952F0
F94A40
F94180
F938B0
F92FC0
F926C0
F91DA0
F91470
F90B20
F901C0
F8F840
F8EEB0
F8E510
F8DB60
F8D1B0
F8C810
F8BE60
F8B4B0
F8AB00
F8A160
F897B0
F88E00
F88450
F87AA0
F870F0
F86740
F85D90
F853E0
F84A30
F840A0
F83720
F82DB0
F82470
F81B40
F81220
F80920
F80040
F7F770
F7EEC0
F7E630
F7DDB0
F7D550
F7CD00
F7C4D0
F7BCB0
F7B4D0
F7AD10
F7A590
F79E40
F79720
F79030
F78970
F782E0
F77C80
F77660
F77060
F76AA0
F76500
F75FA0
F75A70
F75560
F750B0
F74C30
F74800
F74410
F74070
F73D10
F73A00
F73730
F734A0
F73260
F73060
F72EA0
F72D30
F72C00
F72B20
F72A70
F72A30
F72A30
F72A90
F72B40
F72C40
F72D90
F72F30
F73130
F73380
F73630
F73920
F73C70
F74010
F74400
F74840
F74CE0
F751D0
F75720
F75CC0
F762D0
F76920
F76FE0
F776F0
F77E60
F78620
F78E40
F796B0
F79F90
F7A8C0
F7B240
F7BC20
F7C660
F7D0F0
F7DBE0
F7E720
F7F2C0
F7FEB0
F80B00
F817B0
F824A0
F83200
F83FB0
F84DB0
F85C10
F86AD0
F879E0
F88940
F89900
F8A910
F8B970
F8CA10
F8DB10
F8EC50
F8FDF0
F90FD0
F92200
F93480
F94750
F95A70
F96DD0
F98190
F995A0
F9A9F0
F9BE90
F9D370
F9E890
F9FDE0
FA1380
FA2950
FA3F50
FA55A0
FA6C20
FA82E0
FA99E0
FAB110
FAC890
FAE040
FAF820
FB1050
FB28B0
FB4140
FB59E0
FB72B0
FB8BA0
FBA4B0
FBBDF0
FBD740
FBF0C0
FC0A60
FC2420
FC3E00
FC5810
FC7230
FC8C80
FCA6F0
FCC190
FCDC20
FCF6C0
FD1170
FD2C20
FD46D0
FD6190
FD7C60
FD9730
FDB200
FDCCD0
FDE7C0
FE02A0
FE1D90
FE3880
FE5380
FE6E90
FE8970
FEA450
FEBF10
FED9B0
FEF440
FF0EB0
FF2910
FF4350
FF5D80
FF77A0
FF91A0
FFAB80
FFC550
FFDF00
FFF8A0
001230
002B80
0044A0
005D80
007630
008EB0
00A6F0
00BF00
00D6E0
00EE80
0105F0
011D30
013430
014B00
0161A0
017800
018E30
01A410
01B9A0
01CED0
01E3C0
01F850
020CA0
022090
023430
024780
025A80
026D30
027F90
0291A0
02A360
02B4C0
02C5E0
02D690
02E6D0
02F6C0
030640
031550
032400
033250
034030
034DA0
035AC0
036770
0373B0
037F90
038B10
039620
03A0D0
03AB00
03B4D0
03BE10
03C6F0
03CF50
03D740
03DEB0
03E5B0
03EC40
03F260
03F800
03FD20
0401E0
040620
0409F0
040D40
041020
041280
041460
0415D0
0416C0
041740
041730
0416B0
0415C0
041440
041250
040FF0
040D00
0409A0
0405D0
040170
03FCB0
03F760
03F1B0
03EB70
03E4D0
03DDB0
03D610
03CE10
03C580
03BC90
03B310
03A930
039ED0
0393F0
0388A0
037CE0
0370B0
036410
035710
0349B0
033BD0
032D90
031EF0
030FE0
030060
02F080
02E040
02CF80
02BE60
02ACE0
029AF0
028890
0275E0
0262E0
024F90
023BF0
0227F0
0213B0
01FF10
01EA20
01D4E0
01BF40
01A960
019320
017C90
0165B0
014E80
013700
011F40
010750
00EF30
00D6D0
00BE50
00A590
008C90
007370
005A10
004070
0026B0
000CB0
FFF280
FFD820
FFBD80
FFA2B0
FF87D0
FF6CE0
FF51E0
FF36D0
FF1BA0
FF0070
FEE530
FEC9D0
FEAE70
FE92F0
FE7770
FE5BD0
FE4020
FE2460
FE0890
FDECC0
FDD0F0
FDB540
FD99A0
FD7E10
FD6290
FD4730
FD2BE0
FD10B0
FCF590
FCDA80
FCBF80
FCA4A0
FC89D0
FC6F10
FC5470
FC39E0
FC1F90
FC0570
FBEB90
FBD1E0
FBB880
FB9F50
FB8650
FB6DA0
FB5520
FB3CE0
FB24D0
FB0D00
FAF570
FADE10
FAC6F0
FAB010
FA9980
FA8360
FA6D90
FA5810
FA4300
FA2E40
FA19E0
FA05E0
F9F240
F9DEF0
F9CC00
F9B970
F9A730
F99560
F983E0
F972B0
F96210
F951D0
F94220
F932D0
F92400
F915B0
F907D0
F8FA60
F8ED70
F8E0F0
F8D4F0
F8C960
F8BE40
F8B3B0
F8A980
F89FD0
F896A0
F88E00
F885F0
F87E60
F87750
F870D0
F86AE0
F86570
F86080
F85C20
F85850
F85500
F85240
F85000
F84E40
F84D20
F84C80
F84C70
F84CE0
F84DF0
F84F90
F851B0
F85470
F857B0
F85B90
F85FF0
F864E0
F86A60
F87070
F87710
F87E40
F885F0
F88E40
F89700
F8A050
F8AA30
F8B490
F8BF80
F8CAF0
F8D6E0
F8E360
F8F070
F8FE00
F90C10
F91AB0
F929D0
F93980
F949C0
F95A60
F96B80
F97D20
F98F20
F9A1A0
F9B4A0
F9C800
F9DBE0
F9F030
FA0500
FA1A40
FA2FF0
FA4610
FA5CB0
FA73C0
FA8B50
FAA330
FABB60
FAD3F0
FAECD0
FB0610
FB1FA0
FB3990
FB53D0
FB6E60
FB8950
FBA4A0
FBC040
FBDC30
FBF880
FC1520
FC3220
FC4F50
FC6CB0
FC8A40
FCA800
FCC5F0
FCE420
FD0270
FD2100
FD3FB0
FD5EA0
FD7DC0
FD9D10
FDBC90
FDDC40
FDFC20
FE1C40
FE3C50
FE5C80
FE7CA0
FE9CD0
FEBD10
FEDD50
FEFD90
FF1DD0
FF3E30
FF5E80
FF7EE0
FF9F40
FFBFB0
FFE020
0000A0
002110
004170
0061A0
0081B0
00A1A0
00C160
00E100
010070
011FC0
013EF0
015DF0
017CD0
019B90
01BA20
01D890
01F6E0
021500
0232D0
025060
026D90
028A80
02A720
02C360
02DF60
02FB10
031670
033180
034C40
0366C0
0380E0
039AB0
03B440
03CD70
03E640
03FE90
041670
042DF0
0444F0
045B80
0471A0
048740
049C80
04B150
04C5A0
04D990
04ED00
050000
051290
0524C0
053650
054760
0557E0
0567E0
057750
058640
0594A0
05A270
05AFC0
05BC90
05C8C0
05D470
05DFA0
05EA40
05F460
05FDE0
0606E0
060F40
061710
061E50
0624F0
062B00
063080
063560
0639B0
063D70
064090
064320
064520
064680
064750
064790
064730
064650
0644D0
0642C0
064020
063CE0
063920
0634C0
062FD0
062A50
062440
061D90
061660
060E90
060630
05FD30
05F3C0
05E9C0
05DF40
05D440
05C8B0
05BCA0
05B010
05A300
059560
058740
0578A0
056980
0559D0
0549A0
0538F0
0527C0
051620
050410
04F1A0
04DEC0
04CB80
04B7E0
04A3C0
048F40
047A60
046510
044F50
043930
0422B0
040BB0
03F460
03DC90
03C490
03AC40
0393A0
037AD0
0361B0
034840
032EA0
0314B0
02FA80
02E000
02C540
02AA40
028EF0
027360
025790
023B70
021F40
0202F0
01E680
01C9F0
01AD50
019090
0173B0
0156C0
0139B0
011C80
00FF30
00E1C0
00C440
00A6A0
0088F0
006B10
004D50
002F90
0011F0
FFF450
FFD6C0
FFB940
FF9BD0
FF7E70
FF6120
FF43E0
FF26A0
FF0980
FEEC60
FECF60
FEB260
FE9570
FE78C0
FE5C40
FE3FF0
FE23E0
FE0800
FDEC50
FDD0E0
FDB5A0
FD9AA0
FD7FD0
FD6530
FD4AD0
FD30A0
FD16B0
FCFCF0
FCE360
FCCA30
FCB150
FC98D0
FC80A0
FC68D0
FC5150
FC3A20
FC2350
FC0CE0
FBF6B0
FBE0F0
FBCB80
FBB660
FBA1A0
FB8D30
FB7910
FB6570
FB5230
FB3F70
FB2D10
FB1B20
FB09B0
FAF8A0
FAE800
FAD7D0
FAC810
FAB8C0
FAA9E0
FA9B70
FA8D60
FA7FD0
FA72B0
FA6600
FA59D0
FA4E20
FA42F0
FA3830
FA2E00
FA2440
FA1AF0
FA1230
FA09E0
FA0210
F9FAC0
F9F3E0
F9ED90
F9E7B0
F9E240
F9DD60
F9D8F0
F9D510
F9D1A0
F9CEB0
F9CC30
F9CA40
F9C8C0
F9C7C0
F9C740
F9C740
F9C7C0
F9C8B0
F9CA20
F9CC10
F9CE80
F9D160
F9D4B0
F9D880
F9DCC0
F9E170
F9E6A0
F9EC40
F9F250
F9F8D0
F9FFD0
FA0740
FA0F20
FA1780
FA2050
FA2990
FA3340
FA3D60
FA47D0
FA52B0
FA5DF0
FA6990
FA7590
FA81F0
FA8EB0
FA9BE0
FAA960
FAB740
FAC590
FAD440
FAE350
FAF2B0
FB0280
FB12A0
FB2300
FB33B0
FB44B0
FB55F0
FB6780
FB7960
FB8B80
FB9DF0
FBB0A0
FBC3A0
FBD6F0
FBEA90
FBFE70
FC1290
FC2710
FC3BB0
FC5080
FC6580
FC7AB0
FC9010
FCA590
FCBB50
FCD130
FCE750
FCFD90
FD1400
FD2AA0
FD4170
FD5870
FD6F90
FD86F0
FD9E60
FDB5E0
FDCD70
FDE510
FDFCD0
FE14A0
FE2C80
FE4480
FE5C90
FE74B0
FE8CE0
FEA530
FEBD80
FED5F0
FEEE80
FF0710
FF1FA0
FF3830
FF50C0
FF6940
FF81C0
FF9A30
FFB2B0
FFCB10
FFE380
FFFBE0
001440
002C90
0044E0
005D30
007570
008DC0
00A5E0
00BDF0
00D5E0
00EDC0
010590
011D30
0134D0
014C40
0163A0
017AF0
019220
01A940
01C040
01D720
01EDF0
0204A0
021B30
023190
0247E0
025DF0
0273E0
0289B0
029F50
02B4D0
02CA30
02DF60
02F460
030940
031E00
033290
034700
035B50
036F60
038350
039710
03AA90
03BDF0
03D120
03E420
03F6F0
040990
041C00
042E50
044060
045250
046400
047590
0486E0
049810
04A910
04B9D0
04CA60
04DAD0
04EB00
04FB00
050AD0
051A70
0529E0
053920
054830
055710
0565C0
057430
058280
059090
059E80
05AC30
05B9C0
05C710
05D440
05E130
05EDF0
05FA90
0606F0
061320
061F30
062B00
0636A0
064210
064D60
065870
066360
066E10
0678A0
068310
068D40
069750
06A130
06AAE0
06B460
06BDC0
06C6F0
06CFF0
06D8C0
06E160
06E9E0
06F230
06FA50
070250
070A20
0711C0
071940
072090
0727C0
072EC0
073590
073C30
0742B0
074910
074F30
075530
075B10
0760C0
076640
076BA0
0770E0
0775F0
077AE0
077FA0
078440
0788B0
078D00
079120
079520
079900
079CB0
07A030
07A3A0
07A6D0
07A9E0
07ACD0
07AF80
07B220
07B480
07B6C0
07B8E0
07BAD0
07BC90
07BE30
07BFA0
07C0E0
07C200
07C300
07C3C0
07C460
07C4E0
07C520
07C540
07C530
07C4F0
07C490
07C400
07C340
07C250
07C140
07BFF0
07BE90
07BCF0
07BB30
07B930
07B710
07B4C0
07B230
07AF70
07AC80
07A950
07A600
07A270
079EB0
079AC0
0796A0
079240
078DB0
0788F0
078400
077EE0
077980
0773E0
076E10
076800
0761C0
075B40
075490
074D90
074670
073F00
073770
072F90
072780
071F30
0716B0
070DF0
0704F0
06FBB0
06F230
06E870
06DE70
06D430
06C9B0
06BEE0
06B3E0
06A8A0
069D10
069150
068540
067900
066C70
065FB0
0652A0
064550
0637B0
0629E0
061BC0
060D60
05FEC0
05EFD0
05E0B0
05D140
05C180
05B190
05A150
0590D0
058010
056F10
055DC0
054C40
053A70
052860
051600
050370
04F090
04DD80
04CA20
04B680
04A2A0
048E70
047A10
046560
045070
043B40
0425D0
041030
03FA50
03E430
03CDD0
03B740
03A070
038960
037220
035AA0
0342E0
032AF0
0312C0
02FA50
02E1A0
02C8C0
02AFB0
029670
027D10
026370
0249B0
022FC0
0215B0
01FB70
01E100
01C660
01AB90
0190A0
017580
015A30
013EB0
012310
010750
00EB80
00CF90
00B390
009780
007B50
005F10
0042B0
002640
0009B0
FFED10
FFD060
FFB390
FF96B0
FF79B0
FF5CA0
FF3FA0
FF22A0
FF05A0
FEE8A0
FECBB0
FEAED0
FE91F0
FE7510
FE5830
FE3B60
FE1EA0
FE01E0
FDE520
FDC860
FDABB0
FD8F10
FD7280
FD5620
FD39F0
FD1DD0
FD01E0
FCE620
FCCA70
FCAEF0
FC9390
FC7860
FC5D50
FC4260
FC27A0
FC0D00
FBF280
FBD820
FBBE10
FBA450
FB8AC0
FB7190
FB5890
FB3FF0
FB2780
FB0F60
FAF790
FAE000
FAC8B0
FAB1B0
FA9AF0
FA8480
FA6E50
FA5860
FA42E0
FA2DC0
FA1910
FA04C0
F9F0D0
F9DD40
F9CA20
F9B760
F9A500
F99310
F98180
F97050
F95F80
F94F20
F93F20
F92F90
F92070
F911D0
F903C0
F8F620
F8E900
F8DC70
F8D050
F8C4B0
F8B990
F8AEF0
F8A4D0
F89B30
F89210
F88970
F88150
F879B0
F872A0
F86C20
F86620
F860C0
F85BF0
F857A0
F853F0
F850C0
F84E30
F84C20
F84AB0
F849C0
F84960
F849A0
F84A60
F84BB0
F84DA0
F85020
F85330
F856D0
F85B10
F85FF0
F86550
F86B60
F871F0
F87920
F880E0
F88930
F89220
F89BA0
F8A5C0
F8B070
F8BBB0
F8C780
F8D3D0
F8E0C0
F8EE40
F8FC40
F90AE0
F91A00
F929C0
F93A00
F94AD0
F95C40
F96E30
F980B0
F993C0
F9A760
F9BB80
F9D010
F9E530
F9FAC0
FA10D0
FA2760
FA3E70
FA5600
FA6E00
FA8690
FA9F90
FAB910
FAD310
FAED80
FB0880
FB23F0
FB3FC0
FB5C00
FB7890
FB9580
FBB2D0
FBD080
FBEE90
FC0D10
FC2BE0
FC4B10
FC6AA0
FC8A80
FCAAD0
FCCB80
FCEC90
FD0E00
FD2FA0
FD5180
FD73A0
FD95F0
FDB880
FDDB40
FDFE40
FE2180
FE44F0
FE68A0
FE8C90
FEB0B0
FED500
FEF990
FF1E60
FF4370
FF6880
FF8DA0
FFB2D0
FFD820
FFFD60
0022C0
004830
006DB0
009330
00B8D0
00DE70
010430
0129F0
014FC0
0175A0
019B90
01C160
01E710
020CA0
023220
025770
027CA0
02A1C0
02C6B0
02EB90
031050
0334F0
035970
037DD0
03A210
03C630
03EA30
040DF0
043160
045490
047770
049A00
04BC50
04DE50
050010
052190
0542B0
0563A0
058430
05A480
05C490
05E450
0603C0
0622D0
064170
065F90
067D50
069AA0
06B790
06D400
06F010
070BA0
0726D0
074190
075BE0
0775C0
078F40
07A840
07C0E0
07D8F0
07F070
080780
081DF0
0833E0
084940
085E20
087280
088650
089990
08AC50
08BE80
08D030
08E150
08F1F0
090200
091180
092060
092EA0
093C50
094970
0955F0
0961D0
096D20
0977D0
0981E0
098B70
099450
099CA0
09A450
09AB70
09B200
09B7E0
09BD30
09C1E0
09C5F0
09C970
09CC50
09CE90
09D030
09D140
09D1B0
09D180
09D0B0
09CF40
09CD40
09CAA0
09C770
09C3A0
09BF40
09BA40
09B4B0
09AE90
09A7E0
09A0A0
0998C0
099050
098750
097DB0
097380
0968C0
095D70
095180
094510
093810
092A90
091C90
090E10
08FF20
08EFA0
08DFA0
08CF30
08BE30
08ACB0
089AB0
088840
087540
0861C0
084DD0
083950
082470
080F30
07F990
07E380
07CD10
07B630
079F00
078760
076F60
0756F0
073E20
0724F0
070B60
06F160
06D700
06BC40
06A140
0685F0
066A60
064EA0
063290
061640
05F9B0
05DCE0
05BFD0
05A270
0584E0
056700
0548E0
052A80
050BF0
04ED00
04CE10
04AEF0
048FB0
047060
0450E0
043150
0411A0
03F1D0
03D1E0
03B1D0
0391A0
037160
0350F0
033070
030FD0
02EF10
02CE50
02ADA0
028D00
026C50
024BB0
022B20
020A90
01EA00
01C980
01A900
018890
016820
0147B0
012750
0106F0
00E6A0
00C670
00A660
008680
0066C0
004730
0027C0
000870
FFE950
FFCA50
FFAB70
FF8CC0
FF6E30
FF4FD0
FF3190
FF1370
FEF580
FED7D0
FEBA50
FE9D20
FE8030
FE6390
FE4720
FE2AF0
FE0F00
FDF360
FDD7F0
FDBCD0
FDA1E0
FD8740
FD6CE0
FD52C0
FD38E0
FD1F50
FD0620
FCED30
FCD4A0
FCBC70
FCA480
FC8CF0
FC75B0
FC5EC0
FC4820
FC31E0
FC1BF0
FC0650
FBF100
FBDC10
FBC770
FBB330
FB9F40
FB8BC0
FB7890
FB65C0
FB5350
FB4140
FB2F90
FB1E40
FB0D50
FAFCB0
FAEC70
FADCA0
FACD20
FABE00
FAAF30
FAA0D0
FA92D0
FA8530
FA77E0
FA6B00
FA5E80
FA5250
FA4690
FA3B30
FA3020
FA2580
FA1B30
FA1150
FA07C0
F9FEA0
F9F5D0
F9ED60
F9E550
F9DD90
F9D630
F9CF20
F9C870
F9C210
F9BC10
F9B670
F9B120
F9AC30
F9A790
F9A350
F99F70
F99BE0
F998A0
F995C0
F99320
F990D0
F98ED0
F98D10
F98BB0
F98A90
F989C0
F98930
F98900
F98910
F98970
F98A20
F98B20
F98C60
F98DF0
F98FC0
F991C0
F99400
F99680
F99940
F99C30
F99F50
F9A2B0
F9A650
F9AA30
F9AE40
F9B290
F9B710
F9BBD0
F9C0D0
F9C600
F9CB60
F9D0E0
F9D680
F9DC50
F9E240
F9E850
F9EE90
F9F4F0
F9FB70
FA0220
FA08F0
FA0FE0
FA1700
FA1E40
FA25A0
FA2D30
FA34C0
FA3C70
FA4420
FA4BF0
FA53C0
FA5BA0
FA6390
FA6B90
FA73A0
FA7BB0
FA83E0
FA8C10
FA9460
FA9CB0
FAA510
FAAD90
FAB5F0
FABE60
FAC6C0
FACF10
FAD760
FADFB0
FAE800
FAF040
FAF870
FB00B0
FB08E0
FB1100
FB1920
FB2140
FB2950
FB3160
FB3960
FB4140
FB4900
FB50B0
FB5840
FB5FB0
FB6710
FB6E50
FB7580
FB7C90
FB8380
FB8A60
FB9120
FB97D0
FB9E60
FBA4E0
FBAB30
FBB150
FBB750
FBBD30
FBC2E0
FBC870
FBCDD0
FBD310
FBD830
FBDD10
FBE1E0
FBE680
FBEAF0
FBEF40
FBF370
FBF770
FBFB40
FBFEE0
FC0250
FC0590
FC0890
FC0B70
FC0E10
FC1090
FC12D0
FC14E0
FC16C0
FC1870
FC19F0
FC1B40
FC1C60
FC1D40
FC1E00
FC1E80
FC1EC0
FC1EE0
FC1EC0
FC1E70
FC1DF0
FC1D30
FC1C40
FC1B20
FC19D0
FC1840
FC1680
FC1490
FC1260
FC1000
FC0D70
FC0AB0
FC07C0
FC0490
FC0140
FBFDB0
FBF9F0
FBF600
FBF1E0
FBED90
FBE900
FBE450
FBDF60
FBDA40
FBD500
FBCF70
FBC9D0
FBC400
FBBE00
FBB7D0
FBB180
FBAB10
FBA470
FB9DA0
FB96B0
FB8F90
FB8840
FB80D0
FB7940
FB7170
FB6990
FB6170
FB5940
FB50F0
FB4890
FB4000
FB3760
FB2EB0
FB25D0
FB1CE0
FB13D0
FB0AA0
FB0150
FAF7F0
FAEE70
FAE4E0
FADB20
FAD150
FAC770
FABD90
FAB3A0
FAA9A0
FA9FA0
FA9590
FA8B70
FA8150
FA7720
FA6CF0
FA62B0
FA5870
FA4E10
FA43B0
FA3950
FA2EE0
FA2470
FA1A20
FA0FC0
FA0580
F9FB30
F9F100
F9E6D0
F9DCB0
F9D290
F9C880
F9BE70
F9B470
F9AA70
F9A090
F996A0
F98CD0
F98310
F97970
F96FF0
F96680
F95D40
F95410
F94B10
F94220
F93950
F930A0
F92800
F91F90
F91730
F90EF0
F906E0
F8FED0
F8F700
F8EF60
F8E800
F8E0C0
F8D9B0
F8D2D0
F8CC20
F8C5A0
F8BF60
F8B940
F8B350
F8ADA0
F8A810
F8A2C0
F89D90
F898A0
F893E0
F88F70
F88B30
F88740
F88380
F88010
F87CD0
F879E0
F87720
F874A0
F87270
F87070
F86EB0
F86D40
F86C00
F86B00
F86A50
F869E0
F869C0
F869F0
F86A60
F86B10
F86C10
F86D60
F86EF0
F870D0
F872F0
F87560
F87810
F87B10
F87E60
F881F0
F885D0
F889F0
F88E60
F89320
F89830
F89D80
F8A320
F8A900
F8AF40
F8B5C0
F8BC80
F8C3A0
F8CB00
F8D2B0
F8DAA0
F8E2E0
F8EB70
F8F430
F8FD50
F906A0
F91050
F91A30
F92460
F92ED0
F93990
F94490
F94FD0
F95B60
F96730
F97350
F97FB0
F98C50
F99930
F9A650
F9B3A0
F9C130
F9CEF0
F9DCF0
F9EB30
F9F9A0
FA0850
FA1730
FA2660
FA35B0
FA4550
FA5510
FA6520
FA7560
FA85D0
FA9650
FAA710
FAB7E0
FAC8E0
FADA10
FAEB50
FAFCC0
FB0E60
FB2020
FB3200
FB4410
FB5630
FB6890
FB7B00
FB8DB0
FBA050
FBB310
FBC5D0
FBD8B0
FBEB90
FBFE70
FC1170
FC2470
FC3790
FC4AB0
FC5DD0
FC7110
FC8450
FC97A0
FCAB00
FCBE70
FCD1D0
FCE510
FCF850
FD0B80
FD1EA0
FD31C0
FD44C0
FD57B0
FD6A90
FD7D70
FD9030
FDA2F0
FDB5A0
FDC830
FDDAC0
FDED40
FDFF90
FE11C0
FE23C0
FE3590
FE4730
FE58B0
FE6A10
FE7B30
FE8C30
FE9D00
FEADB0
FEBE30
FECE80
FEDEB0
FEEEB0
FEFE80
FF0E10
FF1D60
FF2C70
FF3B40
FF49C0
FF5800
FF6600
FF73C0
FF8140
FF8E70
FF9B70
FFA820
FFB490
FFC0C0
FFCCA0
FFD850
FFE3A0
FFEEA0
FFF940
0003A0
000DA0
001740
0020A0
0029A0
003240
003AA0
0042A0
004A50
0051B0
0058B0
005F60
0065C0
006BC0
007160
0076A0
007B80
008000
008420
0087F0
008B50
008E60
009110
009360
009540
0096E0
009810
0098E0
009950
009970
009920
009880
009790
009630
009480
009260
008FF0
008D30
008A00
008680
0082A0
007E60
0079C0
0074D0
006F70
0069D0
0063E0
005D90
005700
005020
0048E0
004160
003980
003160
0028E0
002010
001700
000D90
0003D0
FFF9C0
FFEF70
FFE4D0
FFDA00
FFCF00
FFC3C0
FFB840
FFAC90
FFA0A0
FF9480
FF8820
FF7B80
FF6EB0
FF61B0
FF5460
FF46F0
FF3930
FF2B50
FF1D40
FF0F20
FF00E0
FEF290
FEE420
FED590
FEC6F0
FEB830
FEA960
FE9A70
FE8B60
FE7C40
FE6D00
FE5DA0
FE4E30
FE3EA0
FE2F20
FE1FA0
FE1040
FE00E0
FDF180
FDE230
FDD2F0
FDC3C0
FDB490
FDA570
FD9650
FD8750
FD7850
FD6950
FD5A70
FD4B80
FD3CD0
FD2E50
FD2000
FD11F0
FD0400
FCF640
FCE8B0
FCDB50
FCCE20
FCC130
FCB460
FCA7C0
FC9B50
FC8F20
FC8310
FC7740
FC6BB0
FC6080
FC55A0
FC4B10
FC40E0
FC36F0
FC2D60
FC2420
FC1B30
FC12A0
FC0A50
FC0260
FBFAC0
FBF370
FBEC70
FBE5D0
FBDF90
FBD9C0
FBD470
FBCF80
FBCB00
FBC6E0
FBC340
FBC010
FBBD40
FBBAF0
FBB900
FBB780
FBB670
FBB5D0
FBB5A0
FBB5E0
FBB6A0
FBB7D0
FBB990
FBBBC0
FBBE70
FBC1A0
FBC550
FBC980
FBCE30
FBD360
FBD900
FBDF30
FBE5D0
FBED00
FBF4A0
FBFCC0
FC0560
FC0E80
FC1830
FC2250
FC2CF0
FC3810
FC43C0
FC4FE0
FC5C90
FC69B0
FC7750
FC8580
FC9430
FCA350
FCB300
FCC320
FCD3C0
FCE4D0
FCF650
FD0850
FD1AC0
FD2D90
FD40E0
FD54B0
FD68E0
FD7D90
FD92B0
FDA840
FDBE40
FDD4C0
FDEBB0
FE0300
FE1AC0
FE32D0
FE4B40
FE6400
FE7D10
FE9690
FEB050
FECA80
FEE500
FEFFD0
FF1B00
FF3690
FF5270
FF6EA0
FF8B40
FFA820
FFC540
FFE290
000010
001DC0
003BB0
0059C0
007810
009680
00B530
00D410
00F320
011260
0131D0
015170
017150
019150
01B160
01D170
01F180
021190
0231B0
0251C0
0271E0
029200
02B230
02D250
02F280
0312B0
0332E0
035310
037350
039380
03B390
03D370
03F320
041290
0431E0
045100
046FF0
048EB0
04AD30
04CB90
04E9C0
0507C0
052590
054330
0560A0
057DE0
059AC0
05B740
05D370
05EF30
060A90
0625A0
064040
065A90
067480
068E10
06A740
06C010
06D880
06F090
070840
071FA0
073670
074CB0
076270
0777A0
078C50
07A080
07B420
07C730
07D9C0
07EBD0
07FD50
080E40
081EB0
082EA0
083E00
084CE0
085B10
0868B0
0875A0
0881E0
088D90
0898A0
08A300
08ACC0
08B5E0
08BE60
08C640
08CD70
08D400
08D9F0
08DF40
08E3F0
08E7F0
08EB30
08EDD0
08EFB0
08F0F0
08F180
08F150
08F080
08EEF0
08ECC0
08E9D0
08E640
08E1F0
08DCF0
08D750
08D0F0
08C9F0
08C240
08B9E0
08B0E0
08A730
089CD0
0891C0
088610
0879B0
086CA0
085EF0
085090
084180
0831D0
082160
081060
07FEB0
07EC80
07D9A0
07C640
07B240
079DA0
078870
0772B0
075C50
074560
072DD0
0715B0
06FCF0
06E3A0
06C9C0
06AF40
069450
0678F0
065D10
0640D0
062410
0606E0
05E940
05CB20
05ACA0
058DA0
056E30
054E50
052DF0
050D30
04EBF0
04CA40
04A850
048610
046390
0440D0
041DC0
03FA70
03D6D0
03B2F0
038ED0
036A70
0345C0
0320C0
02FB90
02D610
02B040
028A40
026420
023DF0
0217B0
01F150
01CAF0
01A470
017DE0
015750
0130A0
0109D0
00E300
00BC20
009520
006E10
004700
001FD0
FFF8C0
FFD1D0
FFAB00
FF8450
FF5DC0
FF3750
FF1110
FEEAE0
FEC4E0
FE9EF0
FE7930
FE5380
FE2E00
FE0890
FDE350
FDBE30
FD9960
FD74D0
FD50A0
FD2CB0
FD0910
FCE5C0
FCC2C0
FCA010
FC7DB0
FC5BA0
FC39E0
FC1870
FBF740
FBD670
FBB5E0
FB95A0
FB75E0
FB5680
FB37A0
FB1930
FAFB30
FADDA0
FAC080
FAA3E0
FA87B0
FA6BE0
FA5090
FA35C0
FA1B50
FA0150
F9E7D0
F9CEC0
F9B630
F99E30
F986C0
F96FD0
F95960
F94390
F92E30
F91970
F90520
F8F170
F8DE40
F8CB90
F8B970
F8A7E0
F896D0
F88650
F87660
F86700
F85830
F849F0
F83C40
F82F30
F822B0
F816B0
F80B50
F80080
F7F640
F7EC90
F7E380
F7DAF0
F7D300
F7CB90
F7C4C0
F7BE70
F7B8B0
F7B370
F7AED0
F7AAA0
F7A710
F7A410
F7A190
F79FA0
F79E30
F79D50
F79D00
F79D40
F79E00
F79F60
F7A120
F7A370
F7A630
F7A970
F7AD20
F7B150
F7B600
F7BB20
F7C0C0
F7C6D0
F7CD70
F7D480
F7DC00
F7E400
F7EC80
F7F580
F7FED0
F80890
F812A0
F81D10
F827E0
F83310
F83EA0
F84A90
F856E0
F86390
F87090
F87E00
F88BC0
F899F0
F8A870
F8B760
F8C680
F8D5E0
F8E590
F8F570
F905A0
F91600
F926B0
F93790
F948C0
F95A30
F96BD0
F97DC0
F98FF0
F9A260
F9B510
F9C7F0
F9DB00
F9EE30
FA0180
FA14F0
FA2880
FA3C40
FA5010
FA6400
FA7810
FA8C40
FAA0A0
FAB510
FAC9A0
FADE60
FAF330
FB0830
FB1D30
FB3230
FB4740
FB5C50
FB7160
FB8680
FB9BA0
FBB0D0
FBC600
FBDB30
FBF070
FC05B0
FC1B00
FC3050
FC45A0
FC5B00
FC7050
FC8590
FC9AB0
FCAFD0
FCC4E0
FCD9E0
FCEED0
FD03C0
FD1890
FD2D50
FD4200
FD56B0
FD6B40
FD7FC0
FD9440
FDA8A0
FDBCF0
FDD120
FDE540
FDF940
FE0D20
FE20F0
FE34A0
FE4830
FE5BB0
FE6F10
FE8250
FE9580
FEA890
FEBB90
FECE70
FEE130
FEF3D0
FF0660
FF18D0
FF2B10
FF3D40
FF4F50
FF6140
FF7310
FF84C0
FF9660
FFA7D0
FFB930
FFCA60
FFDB80
FFEC80
FFFD60
000E20
001ED0
002F60
003FE0
005040
006080
0070B0
0080C0
0090B0
00A090
00B060
00C000
00CF90
00DF10
00EE60
00FDB0
010CE0
011C00
012B10
013A10
0148F0
0157D0
0166A0
017550
018400
019290
01A120
01AF90
01BDF0
01CC40
01DA90
01E8C0
01F6E0
020500
021320
022130
022F40
023D40
024B40
025930
026720
027500
0282E0
0290C0
029E90
02AC50
02BA10
02C7D0
02D590
02E340
02F100
02FEC0
030C80
031A40
032810
0335D0
034390
035160
035F30
036CF0
037AC0
038890
039660
03A430
03B200
03BFE0
03CDC0
03DBA0
03E980
03F770
040550
041340
042140
042F30
043D30
044B30
045930
046740
047550
048360
049170
049F80
04AD90
04BBA0
04C9C0
04D7D0
04E5F0
04F410
050230
051050
051E70
052C90
053AB0
0548D0
055700
056520
057340
058150
058F60
059D60
05AB50
05B930
05C710
05D4E0
05E2B0
05F070
05FE20
060BC0
061960
062700
063480
064200
064F60
065CB0
0669D0
0676E0
0683E0
0690B0
069D70
06AA10
06B6A0
06C310
06CF60
06DB90
06E7B0
06F3B0
06FF90
070B50
0716F0
072250
072D80
073880
074340
074DE0
075840
076270
076C70
077640
077FD0
078940
079270
079B70
07A440
07ACE0
07B530
07BD40
07C500
07CC70
07D3A0
07DA90
07E120
07E780
07ED80
07F340
07F8C0
07FDF0
0802D0
080770
080BD0
080FD0
081380
0816D0
0819C0
081C50
081E80
082060
0821D0
0822E0
0823A0
082400
0823F0
082390
0822D0
0821B0
082030
081E50
081C00
081950
081630
0812A0
080EB0
080A40
080570
080030
07FA90
07F480
07EE00
07E710
07DFC0
07D7F0
07CFC0
07C730
07BE20
07B4A0
07AAB0
07A060
079590
078A50
077EA0
077280
0765F0
0758F0
074B90
073DB0
072F60
0720A0
071170
0701C0
06F1C0
06E150
06D070
06BF30
06AD80
069B70
068900
067610
0662D0
064F10
063B00
062680
061190
05FC30
05E680
05D050
05B9E0
05A310
058BF0
057480
055CB0
0544A0
052C30
051370
04FA50
04E0F0
04C730
04AD20
0492B0
047800
045CF0
044190
042600
040A30
03EE40
03D210
03B5A0
039910
037C40
035F40
034210
0324A0
030710
02E940
02CB40
02AD00
028E90
027000
025150
0232A0
0213D0
01F510
01D630
01B750
019860
017960
015A60
013B50
011C30
00FD10
00DDE0
00BEA0
009F50
008000
0060D0
0041B0
0022C0
0003F0
FFE540
FFC6B0
FFA840
FF89F0
FF6BC0
FF4DB0
FF2FC0
FF11F0
FEF440
FED6C0
FEB950
FE9C00
FE7F00
FE6250
FE45F0
FE29D0
FE0E10
FDF290
FDD760
FDBC70
FDA1E0
FD8790
FD6D90
FD53E0
FD3A70
FD2160
FD0890
FCF010
FCD800
FCC060
FCA940
FC9280
FC7C40
FC6670
FC5100
FC3C10
FC27A0
FC1390
FBFFF0
FBECD0
FBDA10
FBC7D0
FBB600
FBA4A0
FB93D0
FB8390
FB73D0
FB64B0
FB5610
FB4810
FB3A90
FB2DA0
FB2140
FB1570
FB0A20
FAFF70
FAF540
FAEBB0
FAE2A0
FADA20
FAD240
FACAF0
FAC440
FABE30
FAB8C0
FAB3E0
FAAF90
FAABF0
FAA8E0
FAA660
FAA490
FAA350
FAA2A0
FAA2A0
FAA330
FAA450
FAA610
FAA870
FAAB60
FAAEF0
FAB310
FAB7D0
FABD20
FAC310
FAC990
FAD0B0
FAD860
FAE0B0
FAE9A0
FAF320
FAFD30
FB07E0
FB1310
FB1ED0
FB2B10
FB37D0
FB4520
FB52F0
FB6150
FB7030
FB7F90
FB8F80
FB9FF0
FBB0E0
FBC260
FBD460
FBE6F0
FBF9F0
FC0D70
FC2150
FC3590
FC4A40
FC5F50
FC74C0
FC8AB0
FCA0F0
FCB7A0
FCCEC0
FCE640
FCFE20
FD1670
FD2F20
FD4840
FD61D0
FD7B90
FD9590
FDAFD0
FDCA40
FDE500
FDFFF0
FE1B30
FE36A0
FE5250
FE6E40
FE8A60
FEA6D0
FEC370
FEE050
FEFD80
FF1AD0
FF3840
FF55C0
FF7350
FF90F0
FFAEA0
FFCC70
FFEA40
000820
002610
004410
006220
008040
009E70
00BCC0
00DB10
00F970
0117C0
0135E0
0153F0
0171E0
018FB0
01AD70
01CB00
01E880
0205E0
022320
024050
025D50
027A40
029710
02B3C0
02D060
02ECB0
0308C0
032490
034010
035B50
037660
039120
03AB90
03C5D0
03DFC0
03F970
0412E0
042C10
0444F0
045D90
047600
048E00
04A5A0
04BCE0
04D3C0
04EA30
050050
051610
052B70
054070
055510
056940
057D20
0590A0
05A3C0
05B670
05C8D0
05DAB0
05EC30
05FD40
060DD0
061E00
062DC0
063D00
064BE0
065A40
066840
0675D0
0682E0
068F90
069BD0
06A790
06B2F0
06BDD0
06C850
06D250
06DBE0
06E500
06EDB0
06F5E0
06FDB0
070500
070BF0
071260
071860
071DE0
072300
0727B0
072BE0
072FB0
073320
073620
0738C0
073AF0
073CB0
073E20
073F20
073FB0
073FE0
073FB0
073F10
073E00
073CA0
073AC0
073890
073600
073320
072FF0
072C70
0728A0
072480
072000
071B40
071620
0710C0
070B00
0704F0
06FE90
06F7E0
06F0E0
06E990
06E200
06DA40
06D250
06CA20
06C1C0
06B920
06B050
06A750
069E10
069490
068AF0
068110
0676F0
066CA0
066220
065760
064C90
0641A0
0636A0
062B80
062050
061500
060990
05FE10
05F280
05E6D0
05DB10
05CF30
05C330
05B720
05AB00
059EB0
059280
058640
057A00
056DC0
056190
055550
054920
053CF0
0530C0
052490
051860
050C40
050010
04F3E0
04E7C0
04DBA0
04CF90
04C3A0
04B7C0
04ABF0
04A040
0494A0
048920
047DB0
047250
046710
045BE0
0450D0
0445D0
043AF0
043020
042560
041AD0
041050
040600
03FBC0
03F1B0
03E7C0
03DDF0
03D440
03CAB0
03C140
03B7F0
03AEC0
03A5B0
039CC0
039400
038B50
0382D0
037A70
037230
036A10
036210
035A40
035290
034AF0
034390
033C40
033510
032E10
032730
032070
0319D0
031360
030D00
0306C0
030090
02FA80
02F490
02EEB0
02E8F0
02E350
02DDC0
02D850
02D300
02CDC0
02C8A0
02C390
02BEB0
02B9D0
02B510
02B050
02ABB0
02A700
02A270
029DE0
029960
0294F0
029090
028C30
0287E0
0283A0
027F60
027B40
027720
027300
026EF0
026AD0
0266A0
026270
025E40
025A00
0255C0
025170
024D20
0248D0
024470
024010
023BA0
023730
0232B0
022E40
0229A0
0224F0
022030
021B50
021650
021150
020C20
0206E0
020190
01FC20
01F6A0
01F100
01EB50
01E580
01DF90
01D9A0
01D380
01CD30
01C6C0
01C040
01B980
01B2B0
01ABB0
01A490
019D50
0195E0
018E50
0186A0
017ED0
0176D0
016EB0
016670
015E00
015570
014CA0
0143C0
013AA0
013160
012800
011E70
0114B0
010AC0
0100B0
00F680
00EC10
00E190
00D6D0
00CBF0
00C0F0
00B5C0
00AA70
009F00
009360
0087B0
007BD0
006FC0
0063A0
005750
004AE0
003E40
003190
0024B0
0017B0
000A80
FFFD40
FFEFF0
FFE290
FFD510
FFC770
FFB9D0
FFAC00
FF9E30
FF9040
FF8240
FF7420
FF65F0
FF57A0
FF4950
FF3AD0
FF2C50
FF1DC0
FF0F40
FF00B0
FEF230
FEE3B0
FED530
FEC6B0
FEB840
FEA9C0
FE9B50
FE8CD0
FE7E60
FE6FF0
FE6180
FE5310
FE44A0
FE3650
FE2820
FE1A10
FE0C20
FDFE40
FDF090
FDE2F0
FDD570
FDC810
FDBAD0
FDADB0
FDA0A0
FD93C0
FD86F0
FD7A40
FD6DC0
FD6160
FD5550
FD4970
FD3DE0
FD3280
FD2750
FD1C70
FD11C0
FD0750
FCFD10
FCF320
FCE960
FCDFE0
FCD6A0
FCCD90
FCC4D0
FCBC50
FCB430
FCAC70
FCA4F0
FC9DD0
FC9710
FC90A0
FC8A80
FC84C0
FC7F50
FC7A30
FC7570
FC7100
FC6CE0
FC6920
FC65C0
FC62B0
FC6020
FC5DF0
FC5C20
FC5AC0
FC59C0
FC5930
FC5910
FC5950
FC5A00
FC5B10
FC5C90
FC5E70
FC60C0
FC6370
FC6690
FC6A20
FC6E10
FC7280
FC7760
FC7CA0
FC8260
FC8880
FC8F20
FC9620
FC9D90
FCA570
FCADD0
FCB690
FCBFC0
FCC960
FCD360
FCDDE0
FCE8C0
FCF400
FCFFB0
FD0BC0
FD1840
FD2520
FD3270
FD4020
FD4E30
FD5CC0
FD6BA0
FD7AF0
FD8AB0
FD9AD0
FDAB50
FDBC30
FDCD60
FDDEE0
FDF0B0
FE02D0
FE1550
FE2820
FE3B30
FE4EA0
FE6270
FE7680
FE8AF0
FE9FA0
FEB4B0
FECA10
FEDFD0
FEF5B0
FF0BC0
FF2210
FF3880
FF4F30
FF6610
FF7D10
FF9450
FFABC0
FFC360
FFDB30
FFF330
000B60
0023D0
003C60
005520
006DF0
0086C0
009FA0
00B880
00D170
00EA60
010360
011C60
013560
014E70
016780
0180A0
0199C0
01B2F0
01CC20
01E560
01FE70
021760
023020
0248C0
026130
027990
0291B0
02A9B0
02C190
02D940
02F0D0
030840
031F80
033690
034D90
036450
037AD0
0390F0
03A6D0
03BC50
03D180
03E660
03FAE0
040F20
042300
043690
0449D0
045CC0
046F60
0481A0
0493A0
04A540
04B670
04C720
04D760
04E730
04F680
050560
0513C0
0521B0
052F20
053C20
0548B0
0554C0
056060
056B80
057630
058070
058A10
059330
059BC0
05A3C0
05AB30
05B210
05B860
05BE20
05C350
05C800
05CC10
05CFA0
05D2A0
05D510
05D6F0
05D840
05D8F0
05D910
05D8A0
05D7A0
05D600
05D3C0
05D0F0
05CD90
05C9A0
05C510
05BFE0
05BA20
05B3D0
05ACF0
05A570
059D50
0594B0
058B80
0581C0
057780
056CA0
056140
055550
0548D0
053BC0
052E20
052000
051150
050200
04F240
04E1E0
04D0F0
04BF90
04ADC0
049B80
0488D0
0475A0
046200
044DF0
043970
042470
040F10
03F930
03E2D0
03CC10
03B4D0
039D30
038500
036CA0
0353E0
033AE0
032180
0307F0
02EE00
02D3C0
02B940
029E70
028350
0267F0
024C30
023030
0213E0
01F750
01DA60
01BD60
01A040
018300
0165B0
014840
012AB0
010D00
00EF30
00D150
00B350
009530
007700
0058A0
003A30
001BA0
FFFD00
FFDE60
FFBFF0
FFA180
FF8330
FF6500
FF46E0
FF28D0
FF0AE0
FEED00
FECF30
FEB180
FE93F0
FE7670
FE5900
FE3BA0
FE1E70
FE0170
FDE4C0
FDC850
FDAC30
FD9050
FD74C0
FD5970
FD3E70
FD23B0
FD0930
FCEF00
FCD510
FCBB70
FCA210
FC88F0
FC7020
FC57C0
FC3FD0
FC2850
FC1130
FBFA90
FBE450
FBCE90
FBB930
FBA440
FB8FC0
FB7BB0
FB6810
FB54D0
FB4210
FB2FB0
FB1DD0
FB0C70
FAFB90
FAEB40
FADB80
FACC40
FABD80
FAAF60
FAA1B0
FA9490
FA8800
FA7C00
FA7080
FA6580
FA5B10
FA5120
FA47D0
FA3F00
FA36C0
FA2F20
FA2810
FA2190
FA1BA0
FA1640
FA1180
FA0D40
FA09A0
FA0690
FA0420
FA0230
FA00E0
FA0010
F9FFE0
FA0040
FA0130
FA02A0
FA04B0
FA0740
FA0A50
FA0E00
FA1230
FA1700
FA1C50
FA2230
FA2890
FA2F90
FA3710
FA3F20
FA47C0
FA50D0
FA5A60
FA6460
FA6EE0
FA79D0
FA8540
FA9120
FA9D70
FAAA40
FAB790
FAC540
FAD380
FAE230
FAF150
FB00E0
FB1100
FB2160
FB3220
FB4330
FB54A0
FB6660
FB7880
FB8AE0
FB9DB0
FBB0C0
FBC440
FBD800
FBEC20
FC0090
FC1560
FC2A80
FC3FF0
FC55A0
FC6B70
FC8170
FC97A0
FCADF0
FCC480
FCDB30
FCF220
FD0930
FD2070
FD37E0
FD4F70
FD6740
FD7F40
FD9760
FDAFB0
FDC810
FDE060
FDF8C0
FE1130
FE2990
FE4200
FE5A70
FE72E0
FE8B60
FEA3E0
FEBC60
FED4F0
FEED70
FF0600
FF1EA0
FF3730
FF4FB0
FF6800
FF8030
FF9840
FFB030
FFC7F0
FFDF90
FFF720
000E80
0025B0
003CD0
0053D0
006AA0
008150
0097E0
00AE50
00C480
00DA60
00F010
010580
011AB0
012F90
014440
0158B0
016CE0
0180C0
019470
01A7D0
01BB00
01CDF0
01E090
01F300
020510
0216D0
022840
023960
024A30
025AA0
026AD0
027AA0
028A20
029940
02A820
02B6A0
02C4D0
02D2B0
02E040
02ED80
02FA60
0306F0
031320
031EF0
032A80
0335A0
034080
034AF0
035520
035EE0
036860
037180
037A40
0382B0
038AC0
039280
0399F0
03A110
03A7D0
03AE50
03B480
03BA50
03BFE0
03C510
03CA00
03CE90
03D2E0
03D6D0
03DA70
03DDD0
03E0D0
03E380
03E5F0
03E830
03EA20
03EBE0
03ED50
03EE90
03EF90
03F050
03F0D0
03F110
03F110
03F0E0
03F060
03EFB0
03EEB0
03ED80
03EC20
03EAA0
03E900
03E730
03E540
03E330
03E100
03DEA0
03DC10
03D970
03D6A0
03D3B0
03D090
03CD50
03C9F0
03C670
03C2E0
03BF40
03BBA0
03B7F0
03B440
03B080
03ACB0
03A8E0
03A510
03A130
039D40
039950
039550
039140
038D30
038920
038510
038120
037D40
037970
0375B0
037200
036E60
036AE0
036760
036400
0360B0
035D60
035A30
035720
035410
035110
034E40
034B90
034900
0346A0
034470
034250
034060
033E90
033CF0
033B70
033A10
0338E0
0337D0
0336F0
033620
033590
033520
0334E0
0334E0
033510
033570
033600
0336D0
0337C0
0338F0
033A50
033BE0
033DA0
033F90
0341C0
034420
0346A0
034970
034C60
034F80
0352E0
035670
035A30
035E20
036250
0366A0
036B30
036FF0
0374F0
037A10
037F70
038500
038AC0
0390B0
0396C0
039D10
03A380
03AA10
03B0E0
03B7D0
03BEF0
03C630
03CDB0
03D550
03DD10
03E510
03ED30
03F580
03FDF0
040680
040F30
0417F0
0420D0
0429C0
0432D0
043BF0
044530
044E80
0457F0
046180
046B20
0474D0
047EA0
048890
049290
049C90
04A6A0
04B0A0
04BAA0
04C4B0
04CEB0
04D8C0
04E2D0
04ECD0
04F6E0
0500F0
050B00
051510
051F20
052930
053350
053D40
054720
0550E0
055A90
056410
056D80
0576E0
058010
058930
059240
059B20
05A3F0
05ACA0
05B540
05BDB0
05C620
05CE40
05D640
05DE00
05E590
05ECF0
05F410
05FB10
0601D0
060850
060EB0
0614D0
061AC0
062080
062600
062B50
063070
063540
0639D0
063E10
064200
0645A0
064900
064C10
064EE0
065160
065390
065580
065720
065870
065970
065A30
065AB0
065AC0
065A90
0659F0
065910
0657C0
065630
065440
0651F0
064F50
064C50
064900
064550
064150
063CF0
063840
063340
062DD0
062810
0621F0
061B70
061490
060D50
0605C0
05FDD0
05F570
05ECC0
05E3C0
05DA50
05D080
05C660
05BBE0
05B100
05A5C0
059A30
058E50
058210
057570
056880
055B40
054D90
053FA0
053150
0522A0
0513A0
050440
04F490
04E480
04D420
04C370
04B270
04A130
048FA0
047DD0
046BA0
045930
044680
043380
042030
040C90
03F8B0
03E480
03D000
03BB40
03A630
0390F0
037B70
0365C0
034FE0
0339C0
032370
030CF0
02F630
02DF40
02C820
02B0C0
029930
028170
026970
025140
0238E0
022060
0207C0
01EF00
01D630
01BD40
01A440
018B10
0171D0
015870
013F00
012570
010BC0
00F1F0
00D810
00BE00
00A3F0
0089D0
006FB0
005590
003B70
002150
000730
FFED10
FFD300
FFB8E0
FF9EC0
FF84A0
FF6A80
FF5060
FF3640
FF1C20
FF01F0
FEE7F0
FECE00
FEB430
FE9A80
FE80E0
FE6750
FE4DF0
FE34A0
FE1B70
FE0250
FDE950
FDD060
FDB7A0
FD9EE0
FD8650
FD6DD0
FD5580
FD3D70
FD2580
FD0DC0
FCF640
FCDEE0
FCC7C0
FCB0D0
FC9A10
FC8380
FC6D20
FC56F0
FC40F0
FC2B20
FC1580
FC0020
FBEAF0
FBD610
FBC170
FBAD10
FB9900
FB8520
FB7190
FB5E40
FB4B30
FB3870
FB25E0
FB13A0
FB01A0
FAEFE0
FADE70
FACD30
FABC50
FAABB0
FA9B70
FA8B70
FA7BC0
FA6C60
FA5D50
FA4E90
FA4020
FA31F0
FA2420
FA1690
FA0960
F9FC70
F9EFD0
F9E390
F9D790
F9CBF0
F9C0A0
F9B5A0
F9AAF0
F9A0A0
F996A0
F98D00
F983A0
F97AA0
F971F0
F969A0
F961A0
F959F0
F95290
F94B90
F944E0
F93E80
F93870
F932B0
F92D50
F92840
F92380
F91F10
F91B00
F91730
F913C0
F910A0
F90DE0
F90B60
F90940
F90770
F905F0
F904C0
F903D0
F90340
F902F0
F90300
F90350
F90400
F904F0
F90630
F907C0
F909A0
F90BD0
F90E50
F91120
F91430
F91790
F91B40
F91F30
F92360
F927D0
F92C90
F93190
F936E0
F93C70
F94240
F94850
F94EB0
F95560
F95C40
F96370
F96AF0
F972A0
F97A90
F982B0
F98B10
F993B0
F99C90
F9A5A0
F9AEF0
F9B870
F9C240
F9CC40
F9D670
F9E0F0
F9EBA0
F9F690
FA01B0
FA0D10
FA1890
FA2440
FA3020
FA3C30
FA4870
FA54E0
FA6170
FA6E40
FA7B30
FA8860
FA95B0
FAA330
FAB0E0
FABEC0
FACCD0
FADB00
FAE950
FAF7C0
FB0650
FB1500
FB23D0
FB32C0
FB41D0
FB5110
FB6060
FB6FD0
FB7F70
FB8F20
FB9F00
FBAEF0
FBBF10
FBCF40
FBDF80
FBEFD0
FC0030
FC10B0
FC2130
FC31D0
FC4280
FC5350
FC6420
FC7510
FC8600
FC9710
FCA830
FCB970
FCCAB0
FCDC00
FCED50
FCFEA0
FD1000
FD2160
FD32C0
FD4430
FD5590
FD6700
FD7880
FD89F0
FD9B70
FDACF0
FDBE70
FDD000
FDE190
FDF310
FE0490
FE1600
FE2760
FE38C0
FE4A00
FE5B50
FE6C80
FE7DB0
FE8ED0
FE9FF0
FEB100
FEC200
FED2F0
FEE3E0
FEF4C0
FF0590
FF1630
FF26C0
FF3740
FF47A0
FF57E0
FF6800
FF7810
FF8800
FF97D0
FFA790
FFB730
FFC6C0
FFD620
FFE570
FFF4B0
0003B0
001290
002150
002FE0
003E40
004C70
005A80
006860
007610
0083A0
009100
009E30
00AB40
00B820
00C4E0
00D160
00DDC0
00E9D0
00F5B0
010150
010CC0
0117F0
0122E0
012DA0
013820
014270
014C70
015650
015FE0
016940
017270
017B50
018400
018C60
019470
019C40
01A3D0
01AB10
01B200
01B8B0
01BF20
01C550
01CB20
01D0C0
01D610
01DB20
01DFE0
01E450
01E880
01EC60
01EFE0
01F320
01F600
01F890
01FAE0
01FCD0
01FE70
01FFC0
0200C0
020170
0201D0
0201E0
0201A0
020110
020020
01FEF0
01FD50
01FB70
01F930
01F6A0
01F3B0
01F070
01ECE0
01E900
01E4C0
01E020
01DB40
01D600
01D070
01CA80
01C440
01BDC0
01B6D0
01AFA0
01A820
01A040
019810
018F90
0186C0
017D90
017410
016A50
016020
0155B0
014AF0
013FD0
013470
0128C0
011CD0
011090
010410
00F740
00EA30
00DCD0
00CF20
00C130
00B2F0
00A470
0095B0
008690
007740
006790
0057C0
0047B0
003760
0026E0
001630
000540
FFF420
FFE2D0
FFD140
FFBF80
FFAD80
FF9B50
FF88F0
FF7650
FF6380
FF5070
FF3D50
FF2A10
FF16B0
FF0330
FEEFA0
FEDBF0
FEC820
FEB440
FEA030
FE8C10
FE77D0
FE6380
FE4F00
FE3A70
FE25C0
FE1100
FDFC30
FDE770
FDD2B0
FDBE00
FDA940
FD9490
FD7FE0
FD6B40
FD5690
FD41F0
FD2D60
FD18C0
FD0430
FCEFA0
FCDB10
FCC680
FCB220
FC9DE0
FC89D0
FC75E0
FC6220
FC4E80
FC3B00
FC27B0
FC1480
FC0180
FBEEA0
FBDBE0
FBC950
FBB6E0
FBA4A0
FB9280
FB80B0
FB6F20
FB5DE0
FB4CE0
FB3C30
FB2BD0
FB1BB0
FB0BE0
FAFC50
FAED10
FADE20
FACF70
FAC100
FAB2F0
FAA510
FA9790
FA8A70
FA7DB0
FA7160
FA6570
FA59E0
FA4EC0
FA4410
FA39C0
FA2FD0
FA2650
FA1D30
FA1480
FA0C30
FA0450
F9FCD0
F9F5C0
F9EF20
F9E900
F9E360
F9DE40
F9D9A0
F9D570
F9D1D0
F9CEA0
F9CBF0
F9C9C0
F9C800
F9C6D0
F9C610
F9C5D0
F9C610
F9C6D0
F9C810
F9C9E0
F9CC30
F9CF00
F9D260
F9D650
F9DAB0
F9DFB0
F9E520
F9EB30
F9F1B0
F9F8C0
FA0060
FA0880
FA1120
FA1A50
FA2400
FA2E30
FA38F0
FA4430
FA4FF0
FA5C30
FA68F0
FA7640
FA8410
FA9260
FAA140
FAB0A0
FAC080
FAD0E0
FAE1C0
FAF330
FB0510
FB1760
FB2A20
FB3D50
FB50F0
FB6510
FB79A0
FB8E90
FBA400
FBB9E0
FBD040
FBE700
FBFE40
FC15E0
FC2E00
FC4690
FC5F70
FC78B0
FC9230
FCAC10
FCC640
FCE0D0
FCFBA0
FD16D0
FD3250
FD4E30
FD6A60
FD86D0
FDA3B0
FDC0D0
FDDE50
FDFC10
FE1A10
FE3830
FE5680
FE7500
FE93A0
FEB270
FED170
FEF090
FF0FF0
FF2F60
FF4F10
FF6EE0
FF8EE0
FFAF10
FFCF60
FFEFE0
001060
0030D0
005150
0071C0
009230
00B290
00D300
00F360
0113C0
013420
015480
0174D0
019520
01B570
01D5C0
01F610
021620
023600
0255B0
027530
029470
02B390
02D270
02F120
030F90
032DE0
034BF0
0369D0
038780
03A4F0
03C230
03DF50
03FC00
041850
043440
044FE0
046B10
0485F0
04A070
04BA90
04D450
04EDB0
0506B0
051F50
053790
054F70
056700
057E20
0594D0
05AAF0
05C0A0
05D5C0
05EA70
05FE90
061240
062560
063810
064A30
065BE0
066D00
067DB0
068DD0
069D80
06ACA0
06BB30
06C930
06D6A0
06E380
06EFC0
06FB70
070690
071110
071B00
072460
072D30
073560
073D10
074420
074A90
075080
0755D0
075A80
075EA0
076230
076520
076770
076930
076A60
076AF0
076AF0
076A50
076910
076750
0764E0
0761F0
075E50
075A30
075590
075050
074A90
074450
073D70
073610
072E20
0725A0
071CA0
071310
0708F0
06FE50
06F320
06E760
06DB10
06CE60
06C130
06B3A0
06A5A0
069720
068840
0678F0
066930
065900
064860
063750
0625D0
0613E0
060180
05EEC0
05DB80
05C800
05B430
05A020
058BD0
057730
056240
054D10
053790
0521D0
050BD0
04F580
04DEE0
04C800
04B0D0
049960
0481B0
0469E0
0451F0
0439F0
0421D0
040990
03F140
03D8E0
03C050
03A7C0
038F00
037630
035D50
034450
032B30
031200
02F8B0
02DF80
02C660
02AD50
029450
027B70
0262B0
0249F0
023150
0218D0
020060
01E800
01CFB0
01B780
019F60
018760
016F60
0157B0
014040
012910
011220
00FB70
00E500
00CED0
00B8E0
00A340
008DD0
0078A0
0063B0
004F00
003AA0
002670
001280
FFFEF0
FFEBD0
FFD900
FFC690
FFB490
FFA2E0
FF9190
FF80B0
FF7020
FF5FF0
FF5030
FF40C0
FF31B0
FF2310
FF14C0
FF06D0
FEF960
FEEC50
FEDFC0
FED3A0
FEC7F0
FEBCC0
FEB1F0
FEA7A0
FE9DC0
FE9450
FE8B60
FE82D0
FE7AC0
FE7320
FE6BF0
FE6530
FE5EF0
FE5920
FE53C0
FE4ED0
FE4A60
FE4660
FE42E0
FE3FD0
FE3D30
FE3B00
FE3950
FE3810
FE3750
FE3700
FE3720
FE37B0
FE38B0
FE3A20
FE3BF0
FE3E20
FE40C0
FE43C0
FE4730
FE4B10
FE4F50
FE53F0
FE5900
FE5E70
FE6450
FE6AA0
FE7150
FE7860
FE7FC0
FE8780
FE8F70
FE97C0
FEA060
FEA940
FEB270
FEBBF0
FEC5C0
FECFD0
FEDA40
FEE4F0
FEEFF0
FEFB40
FF06E0
FF12C0
FF1ED0
FF2B10
FF3770
FF4400
FF50B0
FF5D90
FF6A90
FF77C0
FF8520
FF92A0
FFA050
FFAE20
FFBC20
FFCA40
FFD890
FFE700
FFF580
0003F0
001270
0020E0
002F60
003DE0
004C50
005AD0
006950
0077D0
008640
0094C0
00A340
00B1C0
00C040
00CEC0
00DD20
00EB50
00F960
010740
011500
0122A0
013010
013D60
014A80
015780
016460
017110
017DA0
018A10
019650
01A260
01AE40
01B9D0
01C510
01D020
01DAD0
01E550
01EF80
01F970
020320
020C80
021590
021E70
022700
022F50
023750
023F10
024670
024D80
025430
025A80
026080
026620
026B60
027050
0274D0
027910
027CE0
028060
028380
028650
0288B0
028AD0
028C80
028DD0
028EC0
028F40
028F70
028F40
028EB0
028DB0
028C60
028AA0
028890
028610
028340
028000
027C60
027860
027410
026F60
026A50
0264F0
025F30
025920
0252B0
024BE0
0244C0
023D40
023570
022D40
0224B0
021BD0
0212A0
020900
01FF30
01F510
01EAB0
01E010
01D530
01CA00
01BEA0
01B2F0
01A6F0
019AC0
018E40
018180
017480
016740
0159B0
014BF0
013E00
012FE0
0121B0
011350
0104C0
00F620
00E750
00D860
00C940
00BA00
00AAA0
009B20
008B70
007BA0
006BB0
005B90
004B80
003B60
002B40
001B20
000B10
FFFAF0
FFEAD0
FFDAB0
FFCAA0
FFBA80
FFAA60
FF9A40
FF8A20
FF7A00
FF69E0
FF59D0
FF49D0
FF39F0
FF2A40
FF1AB0
FF0B50
FEFC00
FEECE0
FEDDE0
FECF00
FEC050
FEB1C0
FEA350
FE9500
FE86E0
FE78D0
FE6B00
FE5D60
FE5000
FE42F0
FE3610
FE2980
FE1D30
FE1120
FE0560
FDF9D0
FDEE90
FDE390
FDD8D0
FDCE50
FDC410
FDBA20
FDB060
FDA700
FD9E00
FD9550
FD8CF0
FD84F0
FD7D50
FD7600
FD6F00
FD6860
FD6210
FD5C20
FD5680
FD5140
FD4C50
FD47B0
FD4380
FD3FA0
FD3C20
FD3900
FD3630
FD33D0
FD31D0
FD3030
FD2EF0
FD2E10
FD2D80
FD2D60
FD2DA0
FD2E30
FD2F30
FD3080
FD3240
FD3450
FD36B0
FD3980
FD3C90
FD4010
FD43E0
FD4800
FD4C80
FD5160
FD5690
FD5C10
FD6200
FD6830
FD6ED0
FD75C0
FD7D00
FD8490
FD8C60
FD9480
FD9CE0
FDA580
FDAE70
FDB7A0
FDC120
FDCAD0
FDD4E0
FDDF20
FDE9B0
FDF490
FDFFA0
FE0B00
FE16B0
FE2280
FE2E70
FE3A90
FE46E0
FE5350
FE5FE0
FE6CB0
FE7990
FE86A0
FE93E0
FEA140
FEAED0
FEBC80
FECA60
FED870
FEE690
FEF4D0
FF0300
FF1140
FF1F80
FF2DD0
FF3C10
FF4A70
FF58C0
FF6720
FF7580
FF83E0
FF9250
FFA0C0
FFAF40
FFBDB0
FFCC40
FFDAA0
FFE8E0
FFF700
000510
0012F0
0020B0
002E60
003BF0
004950
0056A0
0063D0
0070E0
007DD0
008AA0
009750
00A3F0
00B040
00BC60
00C830
00D3D0
00DF30
00EA50
00F530
00FFD0
010A40
011460
011E50
012800
013170
013AA0
014390
014C50
0154B0
015CC0
016470
016BE0
0172F0
0179B0
018010
018630
018BF0
019160
019680
019B40
019FB0
01A3D0
01A7A0
01AB10
01AE30
01B0F0
01B350
01B550
01B6F0
01B840
01B930
01B9B0
01B9F0
01B9C0
01B930
01B850
01B710
01B570
01B370
01B120
01AE70
01AB60
01A800
01A440
01A030
019BC0
019700
0191E0
018C70
0186A0
018070
017A00
017320
016BF0
016470
015C80
015460
014BF0
014340
013A40
013100
012780
011DB0
0113A0
010950
00FEB0
00F3D0
00E8A0
00DD30
00D180
00C580
00B940
00ACD0
00A040
009380
0086A0
007990
006C50
005EF0
005160
0043B0
0035D0
0027D0
0019A0
000B40
FFFCC0
FFEE20
FFDF40
FFD070
FFC190
FFB2B0
FFA3C0
FF94D0
FF85E0
FF76F0
FF67F0
FF58F0
FF49E0
FF3AE0
FF2BD0
FF1CB0
FF0DA0
FEFE80
FEEF50
FEE050
FED170
FEC2A0
FEB400
FEA580
FE9720
FE88D0
FE7AB0
FE6CB0
FE5ED0
FE5110
FE4370
FE35E0
FE2880
FE1B40
FE0E20
FE0140
FDF4A0
FDE840
FDDC20
FDD050
FDC4B0
FDB950
FDAE40
FDA370
FD98D0
FD8E80
FD8470
FD7AA0
FD7110
FD67C0
FD5EC0
FD5610
FD4DB0
FD45B0
FD3E10
FD36C0
FD2FE0
FD2940
FD2310
FD1D30
FD17A0
FD1280
FD0DB0
FD0930
FD0510
FD0150
FCFDF0
FCFAF0
FCF850
FCF610
FCF440
FCF2E0
FCF1D0
FCF140
FCF100
FCF130
FCF1C0
FCF2B0
FCF410
FCF5E0
FCF800
FCFA90
FCFD90
FD00E0
FD04A0
FD08C0
FD0D40
FD1230
FD1770
FD1D20
FD2330
FD29B0
FD3080
FD37C0
FD3F60
FD4760
FD4FC0
FD5890
FD61C0
FD6B40
FD7510
FD7F30
FD89A0
FD9470
FD9F90
FDAAF0
FDB6B0
FDC2C0
FDCF20
FDDBE0
FDE8E0
FDF640
FE03E0
FE11E0
FE2030
FE2EB0
FE3D70
FE4C60
FE5B80
FE6AD0
FE7A60
FE8A20
FE9A10
FEAA40
FEBAA0
FECB30
FEDBF0
FEECF0
FEFE20
FF0F90
FF2120
FF32D0
FF4490
FF5650
FF6820
FF7A10
FF8C00
FF9E00
FFB020
FFC240
FFD470
FFE6B0
FFF900
000B60
001DC0
003040
0042D0
005540
006790
0079D0
008BF0
009E00
00AFF0
00C1C0
00D380
00E520
00F6B0
010810
011970
012AA0
013BC0
014CD0
015DB0
016E60
017ED0
018F00
019EE0
01AE90
01BE00
01CD30
01DC20
01EAD0
01F940
020760
021550
022300
023070
023DA0
024A90
025720
026350
026F20
027AA0
0285B0
029070
029AD0
02A4D0
02AE70
02B7B0
02C090
02C910
02D130
02D900
02E070
02E770
02EE10
02F440
02FA00
02FF50
030430
0308A0
030CA0
031030
031350
031600
031840
031A10
031B70
031C60
031CE0
031D00
031CA0
031BD0
031A90
0318D0
0316B0
031420
031110
030D90
0309B0
030550
030080
02FB30
02F580
02EF60
02E8C0
02E1C0
02DA50
02D280
02CA40
02C1B0
02B8B0
02AF50
02A590
029B60
0290D0
0285E0
027A90
026ED0
0262C0
025640
024950
023C10
022E80
0220A0
021280
020420
01F570
01E670
01D730
01C7B0
01B7E0
01A7C0
019760
0186C0
0175D0
016490
015310
014150
012F60
011D60
010B30
00F8E0
00E670
00D3F0
00C140
00AE70
009B80
008870
007540
0061E0
004E70
003AE0
002730
001350
FFFF90
FFEBD0
FFD810
FFC470
FFB0D0
FF9D40
FF89C0
FF7640
FF62D0
FF4F70
FF3C10
FF28D0
FF1580
FF0250
FEEF20
FEDC10
FEC920
FEB670
FEA400
FE91C0
FE7FB0
FE6DE0
FE5C50
FE4AF0
FE39D0
FE28E0
FE1820
FE07B0
FDF760
FDE750
FDD780
FDC7E0
FDB8A0
FDA9C0
FD9B40
FD8D10
FD7F50
FD71E0
FD64E0
FD5830
FD4BE0
FD3FF0
FD3460
FD2930
FD1E50
FD13E0
FD09C0
FD0010
FCF6C0
FCEE00
FCE5B0
FCDDD0
FCD670
FCCF80
FCC910
FCC320
FCBDA0
FCB890
FCB400
FCAFF0
FCAC50
FCA920
FCA670
FCA440
FCA290
FCA160
FCA0B0
FCA080
FCA0E0
FCA1C0
FCA320
FCA500
FCA770
FCAA50
FCADC0
FCB1B0
FCB630
FCBB20
FCC0A0
FCC6A0
FCCD20
FCD410
FCDB90
FCE380
FCEBF0
FCF4D0
FCFE40
FD0820
FD1280
FD1D50
FD28B0
FD3480
FD40D0
FD4DA0
FD5AE0
FD68B0
FD76D0
FD8560
FD9460
FDA3B0
FDB370
FDC390
FDD420
FDE510
FDF660
FE0820
FE1A40
FE2CC0
FE3FB0
FE52F0
FE66B0
FE7AC0
FE8F20
FEA3B0
FEB890
FECDA0
FEE2F0
FEF880
FF0E50
FF2470
FF3AC0
FF5140
FF6810
FF7F20
FF9670
FFAE00
FFC5C0
FFDDD0
FFF5E0
000E10
002640
003E90
0056E0
006F50
0087C0
00A040
00B8D0
00D180
00EA30
0102F0
011BC0
0134A0
014D90
0166A0
017F70
019830
01B0C0
01C930
01E180
01F9A0
0211A0
022980
024130
0258C0
027030
028780
029EA0
02B5A0
02CC80
02E330
02F990
030FA0
032550
033AB0
034FC0
036470
0378D0
038CE0
03A090
03B3F0
03C6F0
03D9A0
03EC00
03FE10
040FC0
042110
0431F0
044250
045230
046190
047070
047ED0
048CC0
049A20
04A700
04B370
04BF60
04CAC0
04D5B0
04E020
04EA10
04F380
04FC60
050490
050C40
051340
0519B0
051F90
0524D0
052970
052D80
0530F0
0533D0
053610
0537B0
0538C0
053930
053910
053840
0536D0
0534C0
053210
052EC0
052AC0
052620
0520E0
051AF0
051470
050D40
050570
04FCF0
04F3E0
04EA20
04DFC0
04D4C0
04C930
04BD00
04B030
04A2D0
0494C0
048630
0476F0
046720
0456B0
0445A0
043400
0421C0
040EE0
03FB70
03E760
03D2D0
03BDC0
03A820
039210
037B80
036460
034CD0
0334B0
031C10
0302F0
02E960
02CF40
02B4A0
029980
027DE0
0261B0
024540
022860
020B30
01EDB0
01CFD0
01B190
019300
017410
0154D0
013530
011530
00F4E0
00D430
00B330
0091D0
007020
004E40
002C30
000A00
FFE7B0
FFC530
FFA280
FF7FB0
FF5CC0
FF39A0
FF1650
FEF2E0
FECF50
FEAB90
FE87A0
FE6390
FE3F50
FE1B20
FDF700
FDD2F0
FDAEF0
FD8AF0
FD6700
FD4330
FD1F50
FCFB90
FCD7E0
FCB430
FC9090
FC6D00
FC4980
FC2600
FC02A0
FBDF70
FBBC80
FB99D0
FB7760
FB5530
FB3340
FB1190
FAF020
FACEE0
FAADF0
FA8D30
FA6CB0
FA4C80
FA2C80
FA0CC0
F9ED40
F9CE20
F9AF70
F99130
F97350
F955D0
F938C0
F91C20
F8FFD0
F8E400
F8C890
F8AD80
F892E0
F878A0
F85ED0
F84560
F82C60
F813E0
F7FBE0
F7E460
F7CD70
F7B700
F7A110
F78BA0
F776B0
F76250
F74E60
F73B00
F72820
F715D0
F703F0
F6F2A0
F6E1D0
F6D190
F6C1E0
F6B2B0
F6A420
F69610
F688A0
F67BB0
F66F60
F66390
F65850
F64DA0
F64380
F639F0
F630F0
F62880
F62090
F61940
F61270
F60C20
F60660
F60130
F5FC90
F5F870
F5F4E0
F5F1D0
F5EF50
F5ED60
F5EBF0
F5EB10
F5EAB0
F5EAF0
F5EBA0
F5ECE0
F5EE80
F5F0A0
F5F330
F5F630
F5F9B0
F5FD90
F60200
F606D0
F60C20
F611E0
F61810
F61EC0
F625E0
F62D70
F63580
F63DE0
F64690
F64F90
F658F0
F662A0
F66CA0
F67700
F681B0
F68CB0
F69810
F6A3B0
F6AFB0
F6BC10
F6C8B0
F6D5B0
F6E310
F6F090
F6FE30
F70C10
F71A10
F72840
F736A0
F74530
F753E0
F762C0
F771D0
F78110
F79070
F7A000
F7AFC0
F7BFB0
F7CFC0
F7DFE0
F7F000
F80020
F81040
F82070
F830A0
F840D0
F85110
F86140
F87180
F881C0
F89210
F8A250
F8B2A0
F8C2F0
F8D350
F8E380
F8F390
F90380
F91350
F92300
F93280
F941F0
F95130
F96060
F96F60
F97E40
F98D00
F99BA0
F9AA10
F9B870
F9C6A0
F9D4A0
F9E260
F9EFE0
F9FD20
FA0A30
FA16F0
FA2380
FA2FD0
FA3BF0
FA47C0
FA5360
FA5EC0
FA69E0
FA74D0
FA7F80
FA89E0
FA9410
FA9DE0
FAA760
FAB0A0
FAB990
FAC230
FACA80
FAD290
FADA50
FAE1C0
FAE8E0
FAEFB0
FAF640
FAFC80
FB0270
FB0810
FB0D70
FB1270
FB1740
FB1BB0
FB1FD0
FB23B0
FB2750
FB2A90
FB2D90
FB3040
FB32A0
FB34B0
FB3680
FB3800
FB3940
FB3A20
FB3AD0
FB3B40
FB3B70
FB3B60
FB3B10
FB3A80
FB39B0
FB38B0
FB3760
FB35E0
FB3410
FB3210
FB2FD0
FB2D40
FB2A80
FB2790
FB2460
FB2120
FB1DC0
FB1A30
FB1680
FB12B0
FB0EB0
FB0AA0
FB0660
FB0200
FAFD80
FAF8E0
FAF420
FAEF30
FAEA20
FAE4F0
FADFC0
FADA90
FAD550
FAD020
FACAE0
FAC5B0
FAC070
FABB40
FAB600
FAB0C0
FAAB80
FAA640
FAA100
FA9BB0
FA9670
FA9130
FA8C10
FA8710
FA8230
FA7D80
FA78F0
FA7490
FA7040
FA6C20
FA6830
FA6450
FA60A0
FA5D10
FA59B0
FA5660
FA5340
FA5050
FA4D90
FA4B30
FA4910
FA4730
FA45A0
FA4450
FA4350
FA4290
FA4220
FA41F0
FA4210
FA4270
FA4320
FA4410
FA4540
FA46D0
FA48B0
FA4B00
FA4DA0
FA50B0
FA5430
FA5800
FA5C40
FA60E0
FA65E0
FA6B40
FA7110
FA7730
FA7DC0
FA84B0
FA8C10
FA93C0
FA9BF0
FAA490
FAADA0
FAB730
FAC120
FACB90
FAD670
FAE1C0
FAED80
FAF9C0
FB0670
FB1390
FB2120
FB2F20
FB3DA0
FB4C90
FB5BF0
FB6BC0
FB7C10
FB8CC0
FB9DF0
FBAFA0
FBC1B0
FBD440
FBE740
FBFAB0
FC0E90
FC22F0
FC37C0
FC4D00
FC62B0
FC78E0
FC8F70
FCA660
FCBDB0
FCD570
FCEDA0
FD0620
FD1F10
FD3860
FD5220
FD6C30
FD86C0
FDA1A0
FDBCF0
FDD8A0
FDF4C0
FE1130
FE2E00
FE4B00
FE6850
FE85F0
FEA3D0
FEC200
FEE060
FEFF20
FF1E20
FF3D60
FF5CE0
FF7CC0
FF9CD0
FFBD30
FFDDE0
FFFEC0
001FD0
004100
006250
0083B0
00A540
00C6E0
00E8B0
010A90
012CA0
014EC0
017100
019360
01B5E0
01D890
01FB50
021E20
0240F0
0263B0
028660
02A8F0
02CB80
02EDF0
031060
0332B0
0354F0
037730
039950
03BB60
03DD60
03FF40
042120
0442F0
046470
0485C0
04A6C0
04C790
04E810
050850
052850
054820
0567A0
0586D0
05A5D0
05C490
05E310
060140
061F40
063CF0
065A40
067710
069380
06AF80
06CB00
06E620
0700D0
071B10
0734E0
074E40
076730
077FB0
0797C0
07AF60
07C6A0
07DD60
07F3A0
080940
081E50
0832D0
0846D0
085A30
086D00
087F40
0890F0
08A210
08B2B0
08C2B0
08D220
08E100
08EF50
08FD00
090A20
091690
092260
092D80
093810
0941E0
094B20
0953A0
095B90
0962D0
096970
096F60
0974C0
097960
097D70
0980C0
098380
098580
0986F0
0987A0
0987B0
098710
0985D0
0983E0
098140
097E00
097A10
097580
097030
096A50
0963B0
095C80
0954A0
094C20
094300
093950
092EF0
092400
091870
090C40
08FF70
08F200
08E3F0
08D550
08C600
08B620
08A5A0
089470
0882D0
0870B0
085E00
084AD0
083720
0822F0
080E40
07F910
07E360
07CD20
07B670
079F30
078770
076F30
075670
073D20
072380
070990
06EF30
06D480
06B970
069E10
068240
066630
0649B0
062CE0
060FB0
05F220
05D430
05B5F0
059750
057860
055930
0539E0
051A60
04FAC0
04DAF0
04BAE0
049AC0
047A60
0459E0
043920
041850
03F740
03D600
03B4A0
039310
037160
034FA0
032DF0
030C40
02EA90
02C8E0
02A740
0285A0
026400
024260
0220C0
01FF30
01DDA0
01BC10
019A80
0178F0
015770
013610
0114F0
00F400
00D340
00B2A0
009240
007210
005210
003230
001290
FFF320
FFD3E0
FFB4D0
FF95F0
FF7740
FF58B0
FF3A90
FF1CB0
FEFF30
FEE1F0
FEC520
FEA890
FE8C50
FE7070
FE54E0
FE39A0
FE1EC0
FE0420
FDE9E0
FDCFF0
FDB660
FD9D10
FD8440
FD6BD0
FD53C0
FD3C30
FD2500
FD0E30
FCF7E0
FCE1F0
FCCC70
FCB750
FCA2B0
FC8E70
FC7A90
FC6730
FC5430
FC4190
FC2F70
FC1DD0
FC0C90
FBFBD0
FBEB80
FBDBB0
FBCC50
FBBD60
FBAEE0
FBA0E0
FB9340
FB8630
FB7980
FB6D50
FB6190
FB5640
FB4B60
FB4100
FB3700
FB2D70
FB2450
FB1BB0
FB1370
FB0BA0
FB0440
FAFD50
FAF6D0
FAF0C0
FAEB20
FAE5F0
FAE130
FADCE0
FAD8F0
FAD560
FAD220
FACF50
FACCD0
FACAC0
FAC900
FAC7B0
FAC6B0
FAC610
FAC5D0
FAC5F0
FAC670
FAC750
FAC890
FACA20
FACC00
FACE30
FAD090
FAD340
FAD630
FAD960
FADCE0
FAE0A0
FAE4A0
FAE8E0
FAED70
FAF240
FAF750
FAFCB0
FB0240
FB0830
FB0E30
FB1460
FB1AB0
FB2130
FB27D0
FB2EA0
FB3590
FB3CB0
FB43F0
FB4B50
FB52E0
FB5A90
FB6270
FB6A70
FB7290
FB7AE0
FB8340
FB8BA0
FB9400
FB9C70
FBA4F0
FBAD70
FBB5F0
FBBE80
FBC720
FBCFC0
FBD860
FBE110
FBE9D0
FBF290
FBFB50
FC0420
FC0CE0
FC1590
FC1E30
FC26C0
FC2F40
FC37B0
FC4000
FC4850
FC5090
FC58C0
FC60E0
FC68F0
FC70F0
FC78E0
FC80C0
FC8880
FC9030
FC97C0
FC9F30
FCA670
FCADA0
FCB4A0
FCBB80
FCC250
FCC8F0
FCCF70
FCD5D0
FCDC10
FCE230
FCE820
FCEE00
FCF3C0
FCF950
FCFEC0
FD0410
FD0930
FD0E30
FD1310
FD17C0
FD1C50
FD20B0
FD2500
FD2920
FD2D10
FD30E0
FD3490
FD3820
FD3B80
FD3EC0
FD41E0
FD44F0
FD47D0
FD4A90
FD4D30
FD4FB0
FD5210
FD5440
FD5660
FD5860
FD5A40
FD5BF0
FD5D90
FD5F10
FD6060
FD61B0
FD62E0
FD6410
FD6520
FD6630
FD6730
FD6810
FD68F0
FD69B0
FD6A70
FD6B10
FD6BB0
FD6C30
FD6CB0
FD6D10
FD6D70
FD6DD0
FD6E30
FD6E90
FD6F00
FD6F80
FD7000
FD7080
FD7100
FD7190
FD7220
FD72C0
FD7360
FD7400
FD74B0
FD7560
FD7610
FD76F0
FD77E0
FD7900
FD7A30
FD7B90
FD7D00
FD7EA0
FD8060
FD8240
FD8430
FD8650
FD8890
FD8AF0
FD8D70
FD9010
FD92C0
FD95C0
FD98F0
FD9C50
FD9FF0
FDA3D0
FDA7E0
FDAC20
FDB0A0
FDB560
FDBA50
FDBF70
FDC4D0
FDCA70
FDD040
FDD640
FDDC90
FDE310
FDE9E0
FDF100
FDF870
FE0020
FE0820
FE1060
FE18F0
FE21C0
FE2AE0
FE3450
FE3E00
FE4800
FE5250
FE5CE0
FE67B0
FE72E0
FE7E60
FE8A30
FE9650
FEA2D0
FEAF90
FEBCA0
FECA10
FED7D0
FEE5E0
FEF440
FF02F0
FF11F0
FF2140
FF30F0
FF40E0
FF5130
FF61C0
FF72A0
FF83C0
FF9540
FFA700
FFB910
FFCB60
FFDE10
FFF100
000440
0017D0
002BA0
003FD0
005440
0068F0
007DF0
009320
00A890
00BE40
00D420
00EA40
0100A0
011740
012E10
014520
015C70
0173F0
018BB0
01A3B0
01BBE0
01D460
01ECF0
0205A0
021E60
023750
025050
026970
0282B0
029C10
02B590
02CF20
02E8E0
0302B0
031CA0
0336B0
0350D0
036B20
038560
039F90
03B9C0
03D3E0
03EE00
040810
042220
043C20
045620
047010
048A00
04A3E0
04BDB0
04D780
04F150
050B10
0524A0
053DF0
055710
057000
0588C0
05A150
05B9A0
05D1C0
05E9B0
060160
0618E0
063030
064750
065E30
0674F0
068B60
06A190
06B750
06CCC0
06E1C0
06F680
070AD0
071EC0
073260
0745A0
075880
076B10
077D30
078F00
07A070
07B190
07C240
07D280
07E230
07F170
080020
080E60
081C10
082950
083600
084240
084DF0
085930
0863E0
086E20
0877D0
088100
0889C0
0891E0
089960
08A050
08A6B0
08AC70
08B190
08B630
08BA20
08BD90
08C060
08C290
08C430
08C530
08C5A0
08C580
08C4C0
08C360
08C160
08BEC0
08BB80
08B7A0
08B320
08AE00
08A840
08A1D0
089AD0
089330
088AE0
088200
087870
086E50
086380
085820
084C30
083F90
083270
0824A0
081650
080750
07F7D0
07E7A0
07D6E0
07C590
07B3A0
07A120
078E00
077A40
0765F0
075120
073BD0
0725F0
070FA0
06F8D0
06E170
06C9A0
06B150
069870
067F10
066540
064AE0
063000
0614A0
05F8C0
05DC70
05BFB0
05A2A0
058530
056760
054940
052AC0
050BF0
04ECC0
04CD30
04AD40
048D00
046C60
044B70
042A20
040870
03E670
03C440
03A1E0
037F60
035CB0
0339D0
0316C0
02F390
02D030
02ACB0
028900
026520
024120
021CE0
01F890
01D400
01AF50
018AA0
016600
014170
011CE0
00F860
00D3E0
00AF70
008B10
0066B0
004260
001E10
FFF9D0
FFD590
FFB170
FF8D40
FF6930
FF4550
FF21B0
FEFE40
FEDB20
FEB830
FE9580
FE7310
FE50E0
FE2EE0
FE0D20
FDEBA0
FDCA60
FDA960
FD8890
FD6800
FD47B0
FD27C0
FD0840
FCE930
FCCA80
FCAC30
FC8E50
FC70E0
FC53D0
FC3730
FC1AF0
FBFF10
FBE3A0
FBC8A0
FBAE00
FB93D0
FB7A00
FB60C0
FB4800
FB2FD0
FB1830
FB0110
FAEA70
FAD460
FABEE0
FAA9E0
FA9570
FA8190
FA6E30
FA5B50
FA4900
FA3740
FA2600
FA1560
FA0550
F9F5E0
F9E710
F9D8D0
F9CB30
F9BE30
F9B1C0
F9A5E0
F99AB0
F99010
F98600
F97C90
F973C0
F96B80
F963E0
F95CD0
F95670
F950A0
F94B60
F946D0
F942D0
F93F60
F93CA0
F93A70
F938D0
F937E0
F93780
F937C0
F93890
F93A00
F93C10
F93EA0
F941D0
F94580
F949B0
F94E80
F953D0
F959B0
F96020
F96710
F96E90
F976A0
F97F40
F98860
F99210
F99C50
F9A720
F9B250
F9BE00
F9CA20
F9D6B0
F9E3B0
F9F120
F9FF00
FA0D60
FA1C20
FA2B60
FA3B00
FA4B20
FA5BB0
FA6CA0
FA7E10
FA9000
FAA220
FAB4A0
FAC760
FADA70
FAEDD0
FB0180
FB1570
FB29B0
FB3E40
FB5320
FB6840
FB7DB0
FB9370
FBA980
FBBFD0
FBD680
FBED40
FC0430
FC1B40
FC3280
FC49E0
FC6160
FC7900
FC90D0
FCA8C0
FCC0E0
FCD920
FCF180
FD0A00
FD22B0
FD3B80
FD5480
FD6D70
FD8660
FD9F60
FDB850
FDD140
FDEA30
FE0310
FE1C00
FE34F0
FE4DD0
FE66C0
FE7FA0
FE9880
FEB160
FECA40
FEE320
FEFBE0
FF1480
FF2CF0
FF4550
FF5D80
FF75A0
FF8D90
FFA570
FFBD20
FFD4B0
FFEC30
000380
001AB0
0031C0
0048B0
005F80
007610
008C70
00A2A0
00B890
00CE40
00E3C0
00F900
010E10
0122E0
013780
014BE0
016010
017400
0187C0
019B40
01AE80
01C190
01D450
01E6D0
01F910
020B10
021CC0
022E30
023F60
025050
026100
027160
028190
029170
02A110
02B060
02BF80
02CE50
02DCE0
02EB30
02F940
030700
031480
0321C0
032EC0
033B80
0347F0
035420
036010
036BC0
037720
038240
038D30
0397D0
03A240
03AC70
03B670
03C030
03C9B0
03D300
03DC10
03E4E0
03ED80
03F5E0
03FE10
040600
040DC0
041530
041C80
042390
042A80
043140
0437E0
043E50
0444A0
044AC0
0450B0
045680
045C20
046190
0466E0
046C00
047100
0475D0
047A70
047F00
048370
0487D0
048C20
049040
049460
049850
049C40
04A010
04A3C0
04A760
04AAE0
04AE40
04B1A0
04B4D0
04B800
04BB10
04BE30
04C140
04C440
04C740
04CA40
04CD30
04D010
04D300
04D5D0
04D8B0
04DB80
04DE40
04E100
04E3C0
04E670
04E920
04EBE0
04EEA0
04F160
04F420
04F6E0
04F9B0
04FC70
04FF40
050210
0504F0
0507C0
050AA0
050D70
051050
051340
051620
051910
051C10
051F10
052210
052520
052840
052B60
052E80
0531B0
0534E0
053820
053B60
053EB0
054200
054550
0548B0
054C10
054F60
0552C0
055620
055970
055CD0
056030
056390
0566F0
056A50
056DA0
057100
057460
0577C0
057B30
057E80
0581C0
058500
058830
058B50
058E70
059170
059470
059760
059A40
059D20
059FF0
05A2B0
05A560
05A800
05AAA0
05AD10
05AF70
05B1A0
05B3B0
05B5B0
05B780
05B930
05BAC0
05BC30
05BD80
05BEA0
05BFB0
05C090
05C160
05C200
05C290
05C2E0
05C2F0
05C2D0
05C280
05C1F0
05C130
05C040
05BF10
05BDB0
05BC10
05BA40
05B830
05B5F0
05B380
05B0E0
05ADF0
05AAD0
05A750
05A390
059F80
059B30
059680
059190
058C60
0586D0
058100
057AF0
057480
056DD0
0566D0
055F90
0557F0
055010
0547C0
053F20
053630
052CE0
052330
051930
050ED0
050420
04F910
04EDB0
04E1F0
04D5E0
04C970
04BCA0
04AF80
04A200
049420
0485F0
047750
046860
045910
044960
043950
0428E0
041820
040700
03F580
03E3A0
03D160
03BEC0
03ABD0
039880
0384E0
0370E0
035C90
0347F0
033300
031DB0
030800
02F210
02DBC0
02C520
02AE20
0296D0
027F20
026730
024ED0
023640
021D70
020460
01EB00
01D170
01B790
019D70
018310
016870
014D90
013270
011710
00FB70
00DF90
00C360
00A700
008A70
006DC0
0050F0
003400
0016F0
FFF9B0
FFDC60
FFBEE0
FFA140
FF8380
FF6590
FF4790
FF2960
FF0B10
FEECA0
FECE10
FEAF80
FE90F0
FE7270
FE53F0
FE3580
FE1700
FDF890
FDDA30
FDBBC0
FD9D60
FD7F00
FD60B0
FD4260
FD2410
FD05C0
FCE780
FCC970
FCAB80
FC8DD0
FC7040
FC52F0
FC35C0
FC18C0
FBFBF0
FBDF50
FBC2E0
FBA6A0
FB8A90
FB6EB0
FB5300
FB3770
FB1C20
FB0120
FAE670
FACC20
FAB230
FA9890
FA7F40
FA6650
FA4DC0
FA3580
FA1D90
FA0600
F9EED0
F9D7F0
F9C160
F9AB30
F99560
F98000
F96B10
F956A0
F942B0
F92F30
F91C30
F909A0
F8F790
F8E5F0
F8D4D0
F8C430
F8B400
F8A440
F89500
F88640
F877F0
F86A30
F85D00
F85060
F84450
F838D0
F82DE0
F82380
F819B0
F81070
F807C0
F7FFA0
F7F800
F7F100
F7EA90
F7E4A0
F7DF50
F7DA90
F7D660
F7D2D0
F7CFD0
F7CD60
F7CB80
F7CA40
F7C9A0
F7C980
F7CA10
F7CB20
F7CCD0
F7CF10
F7D1E0
F7D550
F7D950
F7DDE0
F7E300
F7E8A0
F7EEE0
F7F5A0
F7FCF0
F804C0
F80D30
F81620
F81FA0
F829B0
F83450
F83F80
F84B30
F85770
F86440
F87180
F87F40
F88D60
F89C10
F8AB20
F8BAA0
F8CAA0
F8DB20
F8EC00
F8FD60
F90F30
F92170
F93430
F94760
F95B00
F96F10
F98380
F99830
F9AD40
F9C2A0
F9D840
F9EE40
FA0490
FA1B30
FA3220
FA4960
FA6100
FA78E0
FA9110
FAA9A0
FAC270
FADBA0
FAF4F0
FB0E60
FB27F0
FB41B0
FB5B90
FB7590
FB8FC0
FBAA10
FBC480
FBDF20
FBF9D0
FC14B0
FC2FC0
FC4AE0
FC6630
FC81B0
FC9D10
FCB880
FCD3D0
FCEF30
FD0A70
FD25B0
FD40F0
FD5C20
FD7750
FD9270
FDAD90
FDC8A0
FDE3A0
FDFEA0
FE19A0
FE3490
FE4F50
FE69E0
FE8430
FE9E60
FEB860
FED220
FEEBB0
FF0510
FF1E40
FF3740
FF5010
FF68A0
FF8110
FF9940
FFB140
FFC920
FFE0A0
FFF7D0
000EA0
002530
003B70
005150
0066F0
007C30
009120
00A5C0
00BA10
00CE10
00E1C0
00F520
010820
011AE0
012D30
013F20
0150A0
0161D0
017290
0182E0
0192E0
01A270
01B1A0
01C060
01CEC0
01DCC0
01EA60
01F790
020460
0210D0
021CD0
022870
0233A0
023E70
0248D0
0252C0
025C50
026580
026E40
0276A0
027E90
028610
028D40
0293F0
029A40
02A030
02A5C0
02AAE0
02AFC0
02B430
02B840
02BC00
02BF60
02C260
02C500
02C740
02C930
02CAB0
02CBE0
02CCB0
02CD20
02CD40
02CD10
02CC90
02CBE0
02CAE0
02C9A0
02C810
02C640
02C430
02C1D0
02BF30
02BC50
02B920
02B5B0
02B200
02AE00
02A9C0
02A560
02A0D0
029C20
029750
029250
028D40
0287F0
028290
027D00
027750
027180
026B80
026560
025F20
0258B0
025230
024BA0
024500
023E70
0237E0
023140
022AB0
022410
021D70
0216D0
021030
020990
0202E0
01FC40
01F590
01EEE0
01E840
01E1B0
01DB40
01D4F0
01CEC0
01C8A0
01C2B0
01BCE0
01B730
01B190
01AC20
01A6D0
01A190
019C80
019780
0192A0
018DF0
018960
018520
018100
017D20
017980
017610
0172D0
016FD0
016D00
016A70
016810
0165F0
016400
016240
0160C0
015F70
015E70
015DB0
015D30
015CF0
015D00
015D50
015DE0
015EB0
015FD0
016130
0162D0
0164C0
0166E0
016950
016C10
016F00
017240
0175C0
017980
017D80
0181C0
018650
018B10
019020
019570
019B00
01A0D0
01A6E0
01AD30
01B3D0
01BAB0
01C1C0
01C910
01D0A0
01D850
01E040
01E860
01F0B0
01F930
0201F0
020AD0
0213F0
021D40
0226D0
023080
023A70
024490
024EE0
025950
0263D0
026E70
027920
0283F0
028ED0
0299C0
02A4E0
02B000
02BB40
02C6A0
02D210
02DDA0
02E940
02F500
0300D0
030CA0
031860
032410
032FC0
033B60
0346F0
035280
035E00
036980
0374F0
038050
038BB0
039700
03A250
03AD80
03B8C0
03C3C0
03CE90
03D940
03E3C0
03EE00
03F820
040210
040BD0
041560
041EC0
042800
043100
0439E0
044280
044B00
045350
045B50
046300
046A60
047170
047840
047EB0
0484E0
048AC0
049050
049590
049A80
049F20
04A370
04A780
04AB40
04AEA0
04B1B0
04B450
04B690
04B870
04B9E0
04BAF0
04BBA0
04BBE0
04BBC0
04BB40
04BA60
04B910
04B760
04B550
04B2D0
04B000
04ACB0
04A8F0
04A4D0
04A040
049B40
0495D0
049000
0489B0
048300
047BE0
047450
046C50
0463F0
045B10
0451D0
044820
043E10
043390
0428B0
041D60
0411B0
0405A0
03F930
03EC50
03DF00
03D160
03C350
03B4D0
03A600
0396C0
038710
037710
0366B0
035600
034510
0333C0
032230
031050
02FE10
02EB90
02D8C0
02C5A0
02B230
029E70
028A70
027610
026160
024C70
023750
022200
020C80
01F6E0
01E110
01CB20
01B500
019EB0
018840
0171A0
015AD0
0143E0
012CC0
011580
00FE00
00E670
00CED0
00B730
009FA0
008810
007080
0058F0
004160
0029D0
001250
FFFAD0
FFE340
FFCBC0
FFB450
FF9CD0
FF8550
FF6DE0
FF5690
FF3F80
FF28A0
FF11F0
FEFB70
FEE530
FECF10
FEB920
FEA370
FE8DF0
FE7890
FE6370
FE4E80
FE39D0
FE2540
FE10E0
FDFCE0
FDE940
FDD600
FDC320
FDB090
FD9E60
FD8C90
FD7B10
FD6A00
FD5940
FD48E0
FD38E0
FD2940
FD19F0
FD0B00
FCFC70
FCEE60
FCE0C0
FCD3B0
FCC710
FCBAF0
FCAF40
FCA420
FC9970
FC8F40
FC8590
FC7C60
FC73A0
FC6B60
FC63A0
FC5C60
FC55A0
FC4F60
FC49C0
FC44A0
FC4010
FC3C10
FC3890
FC35B0
FC3350
FC3180
FC3040
FC2F90
FC2F70
FC2FE0
FC30D0
FC3250
FC3470
FC3700
FC3A30
FC3DE0
FC4220
FC46F0
FC4C40
FC5220
FC5880
FC5F80
FC6700
FC6F10
FC77A0
FC80C0
FC8A70
FC94A0
FC9F70
FCAAA0
FCB650
FCC270
FCCF10
FCDC20
FCE9B0
FCF7B0
FD0620
FD1510
FD2470
FD3440
FD4490
FD5550
FD6690
FD7840
FD8A60
FD9CE0
FDAFA0
FDC2B0
FDD620
FDE9D0
FDFDE0
FE1240
FE26E0
FE3BE0
FE5120
FE66C0
FE7CB0
FE92F0
FEA970
FEC050
FED780
FEEED0
FF0630
FF1DC0
FF3560
FF4D30
FF6510
FF7D10
FF9530
FFAD70
FFC5D0
FFDE50
FFF6E0
000FA0
002870
004170
005A80
007380
008C60
00A530
00BDE0
00D680
00EF00
010760
011FB0
0137F0
015010
016810
018000
0197E0
01AF90
01C740
01DEC0
01F600
020CF0
0223A0
0239F0
024FF0
0265B0
027B20
029040
02A510
02B990
02CDC0
02E1B0
02F550
030890
031B90
032E50
034080
035240
036390
037460
0384B0
039490
03A3F0
03B2E0
03C150
03CF50
03DCD0
03E9D0
03F660
040280
040E20
041940
0423D0
042DD0
043730
044000
044840
044FF0
045700
045D80
046360
0468B0
046D70
047190
047530
047820
047A90
047C60
047D90
047E30
047E30
047D90
047C50
047A70
047800
0474F0
047140
046CF0
046810
046280
045C60
0455A0
044E40
044650
043DC0
0434B0
042B00
0420D0
041610
040AB0
03FED0
03F260
03E560
03D7C0
03C9A0
03BAF0
03ABB0
039BE0
038B80
037AA0
036940
035770
034540
0332A0
031F90
030C10
02F820
02E3D0
02CF10
02B9E0
02A440
028E30
0277C0
0260D0
024980
0231C0
0219C0
020190
01E920
01D070
01B780
019E50
0184F0
016B50
015180
013760
011D10
010280
00E7B0
00CCB0
00B170
0095F0
007A70
005EF0
004370
0027F0
000C70
FFF0F0
FFD570
FFB9F0
FF9E70
FF82F0
FF6770
FF4BF0
FF3070
FF14F0
FEF970
FEDDF0
FEC2B0
FEA7A0
FE8CD0
FE7240
FE57F0
FE3DE0
FE2400
FE0A60
FDF100
FDD7E0
FDBEF0
FDA640
FD8DD0
FD75A0
FD5DB0
FD45F0
FD2EB0
FD17D0
FD0170
FCEB80
FCD610
FCC100
FCAC70
FC9850
FC84A0
FC7160
FC5E90
FC4C40
FC3A50
FC28E0
FC17E0
FC0760
FBF770
FBE810
FBD960
FBCB40
FBBDC0
FBB0D0
FBA490
FB98E0
FB8DD0
FB8350
FB7970
FB7030
FB6790
FB5F80
FB5820
FB5140
FB4B20
FB45B0
FB40F0
FB3CE0
FB3980
FB36D0
FB34D0
FB3380
FB32E0
FB32F0
FB33C0
FB3530
FB3750
FB3A20
FB3DA0
FB41E0
FB46C0
FB4C50
FB5290
FB5980
FB6120
FB6960
FB7260
FB7C10
FB8660
FB9170
FB9D20
FBA980
FBB690
FBC460
FBD2D0
FBE1E0
FBF1A0
FC01E0
FC12C0
FC2430
FC3640
FC48E0
FC5C10
FC6FE0
FC8440
FC9930
FCAEB0
FCC4D0
FCDB90
FCF2D0
FD0AB0
FD2320
FD3C00
FD5540
FD6EF0
FD8910
FDA390
FDBE70
FDD9C0
FDF580
FE11A0
FE2E30
FE4B30
FE6890
FE8650
FEA480
FEC320
FEE220
FF0150
FF20B0
FF4040
FF6000
FF7FE0
FF9FF0
FFC030
FFE0A0
000140
002210
004310
006430
008580
00A700
00C8B0
00EA90
010C50
012E10
014FB0
017130
0192B0
01B410
01D560
01F690
0217C0
0238D0
0259D0
027AB0
029B80
02BC40
02DCF0
02FD90
031DD0
033DC0
035D50
037CA0
039B90
03BA30
03D870
03F660
041400
043140
044E40
046AE0
048720
04A320
04BEC0
04DA00
04F4C0
050F00
0528A0
0541C0
055A60
057260
0589E0
05A0D0
05B730
05CD10
05E260
05F720
060B60
061F10
063230
0644C0
0656B0
0667E0
067860
068840
069760
06A5D0
06B390
06C0A0
06CD10
06D8C0
06E3C0
06EE10
06F7B0
0700A0
0708E0
071060
071730
071D40
072290
072720
072AF0
072DF0
073040
0731D0
0732A0
0732B0
0731F0
073080
072E50
072B50
0727A0
072330
071E00
071820
071180
070A30
070230
06F970
06EFF0
06E5C0
06DAE0
06CF40
06C2F0
06B5E0
06A820
0699B0
068A80
067A90
066A10
065900
064750
063510
062230
060EB0
05FAA0
05E600
05D0C0
05BAE0
05A470
058D70
0575D0
055DA0
0544D0
052B60
051190
04F760
04DCD0
04C1D0
04A670
048AA0
046E70
0451E0
0434E0
041780
03F9C0
03DB90
03BD00
039E00
037EB0
035EE0
033F00
031EF0
02FEB0
02DE60
02BDD0
029D30
027C60
025B60
023A50
021900
01F7A0
01D610
01B450
019280
017070
014E50
012C40
010A50
00E880
00C6C0
00A530
0083B0
006250
004110
001FF0
FFFEF0
FFDE00
FFBD30
FF9C90
FF7BF0
FF5B80
FF3B30
FF1B30
FEFB90
FEDC50
FEBD70
FE9EF0
FE80C0
FE6300
FE4590
FE2880
FE0BD0
FDEF70
FDD380
FDB7E0
FD9CA0
FD81C0
FD6730
FD4D40
FD33E0
FD1B10
FD02D0
FCEB20
FCD400
FCBD70
FCA770
FC9210
FC7D30
FC68E0
FC5530
FC4200
FC2F70
FC1D70
FC0BF0
FBFB30
FBEB20
FBDBD0
FBCD20
FBBF30
FBB1F0
FBA560
FB9990
FB8E60
FB83F0
FB7A30
FB7120
FB68C0
FB6120
FB5A30
FB53E0
FB4E60
FB49A0
FB45A0
FB4250
FB3FD0
FB3E00
FB3D00
FB3CB0
FB3D20
FB3E50
FB4040
FB42F0
FB4660
FB4A90
FB4F70
FB5520
FB5B80
FB6290
FB6A50
FB72C0
FB7BF0
FB85D0
FB9060
FB9BA0
FBA7A0
FBB450
FBC1B0
FBCFC0
FBDE80
FBEE00
FBFE30
FC0F10
FC2080
FC3290
FC4520
FC5850
FC6C10
FC8060
FC9540
FCAAB0
FCC0C0
FCD750
FCEE80
FD0640
FD1E90
FD3770
FD50F0
FD6AF0
FD8560
FDA020
FDBB50
FDD6D0
FDF2C0
FE0F00
FE2BB0
FE48C0
FE6620
FE83F0
FEA210
FEC0A0
FEDF80
FEFED0
FF1E80
FF3E80
FF5EB0
FF7F00
FF9F70
FFC000
FFE0C0
000190
002290
0043B0
0064F0
008650
00A7E0
00C980
00EB50
010D30
012F40
015180
017390
019580
01B760
01D910
01FAB0
021C30
023D90
025ED0
027FF0
02A100
02C1E0
02E2B0
030360
0323F0
034460
0364B0
0384B0
03A450
03C390
03E280
040110
041F40
043D20
045AA0
0477C0
049490
04B110
04CD20
04E8E0
050450
051F50
053A10
055430
056DD0
0586E0
059F60
05B760
05CED0
05E5C0
05FC10
0611E0
062730
063BE0
065010
0663C0
0676D0
068960
069B70
06ACC0
06BD70
06CD80
06DCD0
06EB80
06F990
0706E0
071390
071FA0
072AF0
0735B0
073FB0
074910
0751C0
0759C0
076120
0767C0
076DB0
0772F0
077770
077B40
077E50
0780B0
078260
078350
078380
078310
0781E0
077FF0
077D60
077A00
077600
077140
076BE0
0765D0
075F10
0757A0
074F80
0746C0
073D40
073320
072850
071CD0
0710A0
0703D0
06F640
06E810
06D930
06C9C0
06B9B0
06A920
069800
068640
067400
066120
064DB0
0639B0
062530
061010
05FA60
05E420
05CD40
05B5E0
059DF0
058590
056CD0
0553B0
053A20
052030
0505E0
04EB20
04D000
04B470
049880
047C30
045F70
044250
0424D0
0406F0
03E8A0
03CA10
03AB60
038C80
036D70
034E20
032EB0
030F10
02EF30
02CF20
02AEF0
028E80
026DE0
024D10
022C10
020AE0
01E980
01C820
01A6D0
018580
016440
014300
0121C0
010090
00DF60
00BE30
009D10
007C00
005AF0
0039E0
0018E0
FFF7E0
FFD6E0
FFB620
FF95A0
FF7560
FF5560
FF3590
FF1600
FEF6A0
FED790
FEB8B0
FE9A10
FE7BA0
FE5D80
FE3F90
FE21E0
FE0460
FDE730
FDCA50
FDADF0
FD91F0
FD7650
FD5B20
FD4050
FD25F0
FD0BF0
FCF260
FCD930
FCC070
FCA810
FC9020
FC78A0
FC6170
FC4AC0
FC3480
FC1EE0
FC09B0
FBF520
FBE100
FBCD70
FBBA70
FBA7F0
FB95F0
FB8480
FB73A0
FB6330
FB5360
FB4400
FB3540
FB26F0
FB1940
FB0C30
FAFFB0
FAF3D0
FAE880
FADDC0
FAD3A0
FACA10
FAC120
FAB8D0
FAB100
FAA9E0
FAA340
FA9D40
FA97E0
FA9310
FA8EE0
FA8B40
FA8830
FA85C0
FA83E0
FA82A0
FA8200
FA81F0
FA8270
FA8390
FA8540
FA8790
FA8A70
FA8DF0
FA9200
FA96A0
FA9BE0
FAA190
FAA7E0
FAAEB0
FAB610
FABDF0
FAC660
FACF50
FAD8D0
FAE2E0
FAED70
FAF890
FB0440
FB1070
FB1D30
FB2A70
FB3830
FB4650
FB54E0
FB63F0
FB7360
FB8340
FB9390
FBA460
FBB590
FBC730
FBD950
FBEBD0
FBFEC0
FC1220
FC25F0
FC3A40
FC4ED0
FC63B0
FC78E0
FC8E60
FCA430
FCBA50
FCD0B0
FCE770
FCFE80
FD15E0
FD2D80
FD4580
FD5DC0
FD7660
FD8F40
FDA880
FDC1E0
FDDB60
FDF520
FE0EF0
FE2900
FE4330
FE5D90
FE7810
FE92C0
FEADA0
FEC8A0
FEE3D0
FEFF20
FF1AB0
FF3650
FF5230
FF6E00
FF89F0
FFA5D0
FFC1C0
FFDDC0
FFF9B0
0015B0
0031C0
004DD0
0069E0
008600
00A220
00BE50
00DA80
00F6B0
0112F0
012F10
014B20
016700
0182E0
019E90
01BA40
01D5C0
01F130
020C80
0227C0
0242E0
025DE0
0278D0
0293A0
02AE60
02C900
02E370
02FDB0
0317B0
033190
034B30
0364A0
037DE0
0396F0
03AFC0
03C870
03E0E0
03F930
041140
042920
0440D0
045840
046F80
048670
049D20
04B390
04C9B0
04DF90
04F530
050A90
051FB0
053480
054910
055D60
057160
058530
0598B0
05ABE0
05BED0
05D180
05E3D0
05F5D0
060790
061900
062A20
063AF0
064B80
065BB0
066BA0
067B40
068A90
0699A0
06A850
06B6C0
06C4E0
06D2A0
06E020
06ED50
06FA30
0706C0
071300
071EF0
072A90
0735E0
0740E0
074B90
0755F0
076000
0769C0
077340
077C60
078540
078DC0
079600
079DF0
07A5A0
07ACF0
07B400
07BAB0
07C120
07C740
07CD20
07D2A0
07D7E0
07DCD0
07E160
07E5C0
07E9D0
07EDA0
07F120
07F460
07F760
07FA10
07FC80
07FEA0
080080
080210
080370
080470
080540
0805C0
0805F0
0805F0
0805B0
080520
080460
080360
080220
080090
07FED0
07FCD0
07FA90
07F810
07F550
07F260
07EF20
07EBA0
07E7E0
07E3F0
07DFC0
07DB60
07D6D0
07D200
07CCF0
07C7B0
07C240
07BC90
07B6B0
07B090
07AA40
07A3B0
079CF0
079600
078ED0
078770
077FE0
077820
077020
076800
075FB0
075720
074E60
074580
073C60
073310
072990
071FE0
0715F0
070BE0
0701A0
06F730
06EC90
06E1D0
06D6E0
06CBC0
06C070
06B500
06A970
069DA0
0691B0
068590
067950
066CE0
066040
065380
064680
063970
062C30
061ED0
061150
0603A0
05F5C0
05E7D0
05D9B0
05CB70
05BD00
05AE70
059FC0
0590F0
0581F0
0572C0
056380
055410
054490
0534E0
052520
051530
050530
04F510
04E4C0
04D460
04C3E0
04B340
04A280
049190
048090
046F70
045E40
044CE0
043B70
0429F0
041850
0406A0
03F4D0
03E2F0
03D0F0
03BEE0
03ACB0
039A70
038810
0375A0
036320
035080
033DC0
032B00
031830
030550
02F260
02DF60
02CC60
02B950
02A630
029300
027FC0
026C70
025920
0245C0
023250
021ED0
020B40
01F7C0
01E430
01D0A0
01BD20
01A990
019610
018290
016F00
015B80
014800
013480
012100
010D70
00F9F0
00E670
00D300
00BF90
00AC30
0098E0
0085B0
007280
005F70
004C60
003970
002690
0013C0
000100
FFEE50
FFDBB0
FFC920
FFB6A0
FFA440
FF91F0
FF7FD0
FF6DE0
FF5C00
FF4A50
FF38C0
FF2760
FF1610
FF04F0
FEF400
FEE320
FED270
FEC1F0
FEB180
FEA140
FE9120
FE8140
FE7190
FE6210
FE52D0
FE43D0
FE3500
FE2660
FE1800
FE09E0
FDFBF0
FDEE30
FDE0B0
FDD360
FDC650
FDB970
FDACD0
FDA070
FD9460
FD88A0
FD7D20
FD71F0
FD6700
FD5C60
FD5200
FD47F0
FD3E30
FD34B0
FD2B80
FD22A0
FD1A00
FD11A0
FD09A0
FD01E0
FCFA80
FCF380
FCECD0
FCE670
FCE070
FCDAC0
FCD560
FCD060
FCCBB0
FCC760
FCC360
FCBFC0
FCBC70
FCB970
FCB6D0
FCB480
FCB2A0
FCB110
FCAFE0
FCAF10
FCAEA0
FCAE90
FCAED0
FCAF70
FCB070
FCB1D0
FCB390
FCB5B0
FCB820
FCBAF0
FCBE30
FCC1B0
FCC5A0
FCC9E0
FCCE80
FCD370
FCD8D0
FCDE80
FCE480
FCEAF0
FCF1B0
FCF8C0
FD0040
FD0810
FD1030
FD18C0
FD21A0
FD2AD0
FD3450
FD3E20
FD4840
FD52B0
FD5D70
FD6880
FD73E0
FD7F80
FD8B80
FD97D0
FDA460
FDB150
FDBE80
FDCC10
FDD9E0
FDE7F0
FDF640
FE04C0
FE1380
FE2280
FE31B0
FE4120
FE50C0
FE60A0
FE70C0
FE8110
FE91A0
FEA260
FEB360
FEC4A0
FED610
FEE7A0
FEF950
FF0B20
FF1D00
FF2F00
FF4120
FF5350
FF65B0
FF7820
FF8AB0
FF9D50
FFB010
FFC2F0
FFD5F0
FFE910
FFFC40
000F70
002290
0035B0
0048D0
005BE0
006EF0
0081F0
0094F0
00A7E0
00BAD0
00CDC0
00E0A0
00F380
010650
011920
012BE0
013E80
0150F0
016330
017540
018720
0198E0
01AA70
01BBD0
01CD10
01DE10
01EEF0
01FFA0
021030
022080
0230B0
0240B0
025060
025FC0
026ED0
027D90
028C00
029A20
02A7F0
02B570
02C2A0
02CF80
02DC20
02E860
02F450
02FFF0
030B40
031640
0320D0
032B00
0334B0
033E00
0346E0
034F50
035760
035EF0
036620
036CD0
037320
037900
037E80
038380
038820
038C40
038FF0
039320
0395C0
0397F0
0399A0
039AC0
039B70
039B90
039B40
039A60
039910
039730
0394E0
039200
038EA0
038AD0
038670
038180
037C10
037610
036FA0
036890
036100
0358F0
035060
034740
033D90
033360
0328B0
031D70
0311A0
030560
02F890
02EB40
02DD80
02CF30
02C070
02B120
02A160
029120
028060
026F10
025D50
024B10
023850
022510
021150
01FD20
01E870
01D360
01BDF0
01A810
0191C0
017B10
0163F0
014C60
013470
011C20
010360
00EA30
00D090
00B6A0
009C30
008160
006640
004AF0
002F40
001350
FFF720
FFDAA0
FFBDE0
FFA0D0
FF8380
FF65F0
FF4810
FF29E0
FF0B80
FEECC0
FECDD0
FEAE80
FE8F20
FE6FB0
FE5010
FE3060
FE1090
FDF0A0
FDD0A0
FDB070
FD9030
FD6FE0
FD4F60
FD2ED0
FD0E20
FCED50
FCCC60
FCAB60
FC8A70
FC6990
FC48C0
FC2810
FC0760
FBE6D0
FBC650
FBA5F0
FB8590
FB6550
FB4520
FB2510
FB0500
FAE510
FAC530
FAA560
FA85D0
FA6690
FA4780
FA28C0
FA0A40
F9EC00
F9CE00
F9B050
F992D0
F97590
F958A0
F93BF0
F91F80
F90350
F8E760
F8CBC0
F8B080
F895A0
F87B40
F86140
F847A0
F82E70
F815B0
F7FD60
F7E570
F7CDE0
F7B6D0
F7A020
F789E0
F77400
F75E90
F74980
F73500
F72110
F70D90
F6FAB0
F6E840
F6D660
F6C510
F6B440
F6A3F0
F69420
F684F0
F67630
F66800
F65A50
F64D30
F64090
F63490
F62910
F61E30
F613F0
F60A40
F60120
F5F890
F5F0A0
F5E940
F5E280
F5DC50
F5D6B0
F5D1A0
F5CD30
F5C950
F5C610
F5C350
F5C130
F5BFB0
F5BEB0
F5BE40
F5BE70
F5BF30
F5C080
F5C270
F5C4E0
F5C7F0
F5CB90
F5CFC0
F5D490
F5D9F0
F5DFD0
F5E640
F5ED30
F5F4A0
F5FC90
F60500
F60DF0
F61760
F62150
F62BB0
F636A0
F64210
F64E00
F65A70
F66760
F674D0
F682C0
F69110
F69FC0
F6AEC0
F6BE30
F6CDF0
F6DE20
F6EEA0
F6FF80
F710D0
F72270
F73470
F746D0
F75980
F76CA0
F78020
F793F0
F7A800
F7BC40
F7D0B0
F7E550
F7FA20
F80F30
F82460
F839D0
F84F70
F86540
F87B40
F89170
F8A7D0
F8BE70
F8D540
F8EC30
F90330
F91A30
F93130
F94830
F95F40
F97640
F98D40
F9A450
F9BB50
F9D260
F9E970
FA0080
FA1780
FA2E90
FA45A0
FA5CC0
FA73A0
FA8A50
FAA0D0
FAB720
FACD40
FAE330
FAF8F0
FB0E80
FB23E0
FB3910
FB4E10
FB62E0
FB7770
FB8BE0
FBA020
FBB430
FBC7E0
FBDB40
FBEE40
FC00E0
FC1330
FC2520
FC36B0
FC47F0
FC58D0
FC6950
FC7980
FC8960
FC98D0
FCA7F0
FCB6C0
FCC520
FCD320
FCE090
FCED90
FCFA20
FD0620
FD11C0
FD1CD0
FD2770
FD31A0
FD3B50
FD4480
FD4D40
FD5580
FD5D40
FD6490
FD6B70
FD71C0
FD7780
FD7CC0
FD8170
FD85B0
FD8950
FD8C70
FD8F10
FD9120
FD92B0
FD93B0
FD9430
FD9420
FD9390
FD9270
FD90D0
FD8EA0
FD8C00
FD88D0
FD8510
FD80E0
FD7C20
FD76D0
FD7110
FD6AC0
FD63E0
FD5C90
FD54B0
FD4C50
FD4360
FD39F0
FD3000
FD25A0
FD1AD0
FD0F80
FD03D0
FCF7B0
FCEB20
FCDE20
FCD0B0
FCC2D0
FCB470
FCA5B0
FC9680
FC86E0
FC76D0
FC6650
FC5560
FC4420
FC32A0
FC20C0
FC0EA0
FBFC30
FBE980
FBD680
FBC330
FBAF90
FB9BA0
FB8770
FB72F0
FB5E20
FB4910
FB33A0
FB1DF0
FB0830
FAF240
FADC40
FAC620
FAAFE0
FA9980
FA8310
FA6C80
FA55D0
FA3F00
FA2820
FA1110
F9F9F0
F9E2C0
F9CB60
F9B3F0
F99C90
F98550
F96E20
F95710
F94010
F92930
F91260
F8FBB0
F8E510
F8CE90
F8B820
F8A1D0
F88B90
F87570
F85F70
F84970
F833D0
F81E70
F80970
F7F4A0
F7E030
F7CC00
F7B830
F7A490
F79150
F77E50
F76BB0
F75940
F74730
F73560
F723F0
F712B0
F70200
F6F1C0
F6E1F0
F6D2A0
F6C3D0
F6B570
F6A780
F69A10
F68D20
F680A0
F67490
F66900
F65DF0
F65350
F64930
F63F80
F63670
F62DF0
F62610
F61EC0
F61800
F611E0
F60C60
F60770
F60320
F5FF60
F5FC30
F5F9A0
F5F7B0
F5F650
F5F580
F5F550
F5F5D0
F5F6E0
F5F8A0
F5FB10
F5FE10
F601C0
F60620
F60B10
F610B0
F61700
F61DE0
F62570
F62DA0
F63680
F64000
F64A20
F654E0
F66040
F66C50
F678F0
F68630
F69410
F6A280
F6B1A0
F6C160
F6D1C0
F6E2C0
F6F450
F70690
F71960
F72CE0
F740F0
F75590
F76AB0
F78060
F79690
F7AD50
F7C490
F7DC50
F7F4A0
F80D70
F826D0
F840B0
F85B20
F87610
F89180
F8AD80
F8CA10
F8E6F0
F90430
F921D0
F93FC0
F95E20
F97CD0
F99BF0
F9BB60
F9DB30
F9FB60
FA1BE0
FA3CD0
FA5E10
FA7FB0
FAA1C0
FAC410
FAE6A0
FB0950
FB2C20
FB4F20
FB7250
FB95A0
FBB920
FBDCC0
FC0090
FC2480
FC48A0
FC6CE0
FC9150
FCB5E0
FCDAA0
FCFF80
FD2450
FD4910
FD6DC0
FD9260
FDB6E0
FDDB50
FDFFB0
FE2400
FE4830
FE6C60
FE9070
FEB470
FED850
FEFC30
FF1FF0
FF43A0
FF6700
FF8A20
FFACE0
FFCF60
FFF190
001380
003510
005660
007760
009810
00B870
00D880
00F850
0117D0
013700
0155E0
017440
019230
01AF90
01CC80
01E8E0
0204D0
022040
023B30
0255A0
026F80
028900
02A1F0
02BA60
02D250
02E9C0
0300C0
031710
032CC0
0341D0
035630
036A00
037D20
038FA0
03A180
03B2B0
03C350
03D340
03E290
03F140
03FF40
040CB0
041970
042580
0430E0
043B80
044570
044EA0
045730
045F00
046610
046C80
047230
047720
047B70
047F00
0481D0
048400
048570
048620
048630
048580
048430
048220
047F50
047BE0
0477C0
0472E0
046D50
046710
046020
045870
045010
044710
043D40
0432F0
0427F0
041C50
041020
040350
03F5E0
03E7D0
03D920
03C9E0
03B9F0
03A970
039850
038690
037440
036140
034DB0
0339A0
032520
031030
02FAC0
02E4E0
02CE80
02B7C0
02A070
0288C0
027090
0257F0
023ED0
022540
020B40
01F0C0
01D5D0
01BAA0
019F20
018370
016770
014B40
012EC0
011200
00F500
00D7C0
00BA30
009C70
007E60
006020
004190
0022C0
0003B0
FFE490
FFC570
FFA650
FF8720
FF67E0
FF48A0
FF2960
FF0A00
FEEAB0
FECB50
FEABE0
FE8C70
FE6D00
FE4D80
FE2DF0
FE0E60
FDEF00
FDCFD0
FDB0D0
FD9210
FD7370
FD5510
FD36D0
FD18D0
FCFB00
FCDD60
FCBFF0
FCA2B0
FC85B0
FC68D0
FC4C30
FC2FB0
FC13A0
FBF7F0
FBDCB0
FBC1C0
FBA740
FB8D20
FB7370
FB5A10
FB4120
FB2890
FB1060
FAF8A0
FAE140
FACA40
FAB3A0
FA9D70
FA87C0
FA72A0
FA5E00
FA49F0
FA3660
FA2360
FA10E0
F9FEF0
F9ED90
F9DCB0
F9CC60
F9BC90
F9AD50
F99E90
F99060
F982C0
F975B0
F96940
F95D70
F95240
F947B0
F93DB0
F93460
F92BA0
F92380
F91C00
F91520
F90EE0
F90930
F90420
F8FFB0
F8FBE0
F8F8B0
F8F620
F8F430
F8F2E0
F8F230
F8F210
F8F2A0
F8F3C0
F8F590
F8F7F0
F8FAF0
F8FE90
F902D0
F907C0
F90D40
F91350
F91A00
F92140
F92900
F93160
F93A40
F943B0
F94DB0
F95840
F96360
F96F00
F97B40
F98800
F99550
F9A330
F9B1A0
F9C0A0
F9D000
F9DFE0
F9F020
FA00D0
FA11F0
FA2380
FA3580
FA47E0
FA5AC0
FA6E00
FA81B0
FA95D0
FAAA50
FABF50
FAD4B0
FAEA90
FB00A0
FB16F0
FB2D90
FB4470
FB5B80
FB72E0
FB8A80
FBA260
FBBA80
FBD2F0
FBEB90
FC0480
FC1DA0
FC3710
FC50C0
FC6AA0
FC84A0
FC9EB0
FCB8E0
FCD310
FCED50
FD07B0
FD2210
FD3C90
FD5720
FD71C0
FD8C70
FDA730
FDC200
FDDCE0
FDF7E0
FE12E0
FE2DD0
FE48A0
FE6340
FE7DD0
FE9840
FEB2A0
FECCD0
FEE6E0
FF00E0
FF1AB0
FF3470
FF4E10
FF6790
FF80F0
FF9A30
FFB350
FFCC30
FFE4D0
FFFD20
001530
002CF0
004470
005BB0
0072B0
008960
009FD0
00B5F0
00CBD0
00E170
00F6C0
010BD0
0120A0
013500
014910
015CB0
016FF0
0182D0
019550
01A770
01B920
01CA80
01DB70
01EC00
01FC30
020C00
021B70
022A70
023920
024750
025520
026280
026F60
027BE0
0287F0
029390
029ED0
02A990
02B3E0
02BDD0
02C740
02D050
02D8F0
02E120
02E8D0
02F030
02F710
02FD90
0303A0
030940
030E80
031350
0317B0
031BB0
031F40
032260
032510
032760
032940
032AB0
032BB0
032C60
032CC0
032CC0
032C60
032BB0
032AA0
032940
032780
032560
032300
032030
031D10
0319A0
0315D0
0311A0
030D20
030860
030370
02FE40
02F8D0
02F320
02ED40
02E720
02E0D0
02DA40
02D370
02CC70
02C530
02BDB0
02B5F0
02AE00
02A5E0
029DA0
029540
028CD0
028450
027BB0
027300
026A40
026160
025870
024F70
024650
023D10
0233D0
022A70
0220F0
021770
020DF0
020480
01FB30
01F1E0
01E8B0
01DF80
01D670
01CD60
01C470
01BB90
01B2C0
01AA00
01A140
0198A0
019010
0187A0
017F50
017730
016F40
016790
016000
0158B0
015190
014AA0
0143E0
013D50
0136F0
0130C0
012AD0
012500
011F70
011A00
0114F0
011020
010B90
010760
010370
00FFC0
00FC70
00F960
00F690
00F420
00F1F0
00F000
00EE70
00ED20
00EC10
00EB60
00EAF0
00EAE0
00EB20
00EBC0
00ECA0
00EDE0
00EF80
00F160
00F3A0
00F630
00F920
00FC50
00FFE0
0103D0
010800
010C90
011170
0116A0
011C20
0121F0
012810
012E80
013550
013C60
0143C0
014B80
015380
015BE0
016490
016D90
0176E0
018070
018A50
019470
019EC0
01A950
01B420
01BF30
01CA70
01D600
01E1C0
01EDC0
01F9F0
020670
021320
022010
022D40
023AB0
024830
0255E0
0263A0
027190
027F90
028DB0
029BF0
02AA50
02B8D0
02C770
02D620
02E500
02F400
030310
031240
0321A0
0330E0
034020
034F60
035E90
036DB0
037CD0
038BE0
039AF0
03A9F0
03B8E0
03C7D0
03D6B0
03E590
03F460
040330
0411E0
042070
042ED0
043CF0
044AF0
0458B0
046640
0473A0
0480C0
048DC0
049A80
04A710
04B370
04BFA0
04CBA0
04D760
04E300
04EE40
04F920
0503A0
050DE0
0517B0
052130
052A60
053320
053BA0
0543C0
054B80
0552E0
0559F0
0560B0
056710
056D10
0572A0
0577C0
057C60
058090
058440
058790
058A50
058CB0
058E90
058FF0
0590F0
059160
059170
059100
059020
058EC0
058CE0
058A80
058790
058420
058030
057BB0
0576B0
057130
056B20
056490
055D70
0555D0
054DB0
054510
053BE0
053220
0527F0
051D30
0511F0
050630
04F9E0
04ED10
04DFC0
04D1E0
04C380
04B4A0
04A540
049550
0484F0
0473F0
046280
045080
043E10
042B30
0417E0
040420
03EFE0
03DB40
03C620
03B090
039A90
038420
036D40
0355F0
033E20
0325F0
030D40
02F420
02DAB0
02C0F0
02A6E0
028C80
0271D0
0256D0
023B70
021FD0
0203E0
01E790
01CB00
01AE10
0190E0
017350
015570
013750
011900
00FA90
00DBF0
00BD40
009E60
007F60
006040
004100
002190
000210
FFE260
FFC290
FFA290
FF8280
FF6240
FF41F0
FF21A0
FF0160
FEE130
FEC120
FEA110
FE8120
FE6130
FE4160
FE21A0
FE01E0
FDE240
FDC2B0
FDA330
FD83C0
FD6460
FD4510
FD2600
FD0740
FCE8C0
FCCA90
FCACA0
FC8EF0
FC7190
FC5460
FC3790
FC1AF0
FBFEA0
FBE2A0
FBC6E0
FBAB60
FB9020
FB7530
FB5AB0
FB40A0
FB2710
FB0DF0
FAF540
FADD00
FAC540
FAADF0
FA9710
FA80A0
FA6AB0
FA5530
FA4020
FA2B80
FA1760
FA03B0
F9F090
F9DE10
F9CC20
F9BAD0
F9AA10
F999F0
F98A60
F97B60
F96D00
F95F30
F95200
F94560
F93960
F92DF0
F92320
F918D0
F90F40
F90650
F8FE10
F8F670
F8EF80
F8E930
F8E390
F8DEA0
F8DA50
F8D6A0
F8D3B0
F8D160
F8CFB0
F8CEB0
F8CE50
F8CEB0
F8CFA0
F8D150
F8D390
F8D690
F8DA30
F8DE70
F8E360
F8E900
F8EF40
F8F630
F8FDC0
F90600
F90EF0
F91880
F922B0
F92DA0
F93910
F94520
F951C0
F95F00
F96CD0
F97B30
F98A30
F999C0
F9A9F0
F9BAA0
F9CC00
F9DDE0
F9F060
FA0370
FA1720
FA2B60
FA4010
FA5530
FA6AD0
FA80D0
FA9750
FAAE30
FAC590
FADD60
FAF5A0
FB0E50
FB2770
FB4110
FB5B10
FB7590
FB9080
FBABD0
FBC770
FBE350
FBFF70
FC1BD0
FC3880
FC5560
FC7280
FC8FE0
FCAD90
FCCB70
FCE9A0
FD0810
FD26B0
FD45A0
FD64D0
FD8440
FDA3B0
FDC340
FDE2C0
FE0260
FE21F0
FE41A0
FE6150
FE8100
FEA0D0
FEC090
FEE070
FF0050
FF2030
FF4020
FF6020
FF8020
FF9FF0
FFBFA0
FFDF10
FFFE60
001D70
003C60
005B10
0079A0
0097F0
00B620
00D420
00F1E0
010F80
012CF0
014A30
016740
0183F0
01A040
01BC20
01D7B0
01F2D0
020DA0
022800
024200
025BA0
0274E0
028DC0
02A640
02BE50
02D610
02ED60
030460
031AD0
0330B0
034610
035AE0
036F20
0382F0
039620
03A8D0
03BB00
03CCA0
03DDB0
03EE40
03FE50
040DC0
041CC0
042B20
0438F0
044620
0452B0
045EA0
0469E0
047490
047EA0
048810
0490E0
049910
04A0A0
04A790
04ADE0
04B390
04B8A0
04BD20
04C0E0
04C410
04C690
04C870
04C9B0
04CA40
04CA40
04C990
04C830
04C640
04C3A0
04C050
04BC70
04B7E0
04B2B0
04ACE0
04A670
049F70
0497D0
048FA0
0486D0
047D70
047380
0468F0
045DC0
045210
0445B0
0438C0
042B40
041D20
040E70
03FF30
03EF60
03DF30
03CE70
03BD40
03AB90
039970
0386D0
0373C0
036020
034C20
033790
032290
030D20
02F730
02E0C0
02C9D0
02B2A0
029B10
028340
026B10
025290
0239C0
0220A0
020740
01ED80
01D360
01B900
019E50
018350
016800
014C50
013060
011440
00F810
00DBB0
00BF40
00A2A0
0085F0
006910
004C20
002F00
0011C0
FFF470
FFD6F0
FFB950
FF9BA0
FF7DC0
FF5FC0
FF41D0
FF2400
FF0630
FEE870
FECAC0
FEAD30
FE8FA0
FE7220
FE54B0
FE3750
FE1A10
FDFCD0
FDDFA0
FDC280
FDA570
FD8880
FD6BC0
FD4F30
FD32E0
FD16E0
FCFB00
FCDF70
FCC410
FCA8F0
FC8E10
FC7360
FC58F0
FC3EC0
FC24D0
FC0B10
FBF190
FBD850
FBBF60
FBA6E0
FB8EB0
FB76D0
FB5F60
FB4840
FB3180
FB1B20
FB0520
FAEF70
FADA20
FAC530
FAB0A0
FA9C60
FA8890
FA7500
FA61F0
FA4F50
FA3D20
FA2B60
FA1A10
FA0930
F9F8C0
F9E8C0
F9D930
F9CA10
F9BB70
F9AD30
F99F60
F99200
F98510
F97890
F96C80
F960F0
F955D0
F94B20
F940E0
F93720
F92DD0
F924F0
F91C80
F91490
F90D10
F90600
F8FF60
F8F940
F8F390
F8EE50
F8E980
F8E510
F8E110
F8DD70
F8DA40
F8D780
F8D520
F8D330
F8D1A0
F8D080
F8CFC0
F8CF70
F8CF90
F8D010
F8D100
F8D250
F8D400
F8D5F0
F8D840
F8DAD0
F8DDC0
F8E100
F8E490
F8E870
F8ECA0
F8F120
F8F5F0
F8FB10
F90090
F90650
F90C70
F912D0
F91970
F92040
F92740
F92E60
F935C0
F93D50
F94510
F94D10
F95530
F95D80
F96600
F96EC0
F977A0
F980C0
F98A00
F99380
F99D00
F9A6A0
F9B040
F9B9F0
F9C3B0
F9CD80
F9D750
F9E140
F9EB30
F9F530
F9FF40
FA0960
FA1390
FA1DC0
FA2810
FA3260
FA3CA0
FA46D0
FA50E0
FA5AE0
FA64D0
FA6EA0
FA7860
FA8210
FA8BA0
FA9520
FA9E90
FAA7E0
FAB120
FABA50
FAC360
FACC70
FAD540
FADDE0
FAE650
FAEE90
FAF6A0
FAFE70
FB0620
FB0DA0
FB14F0
FB1C10
FB2300
FB29C0
FB3050
FB36A0
FB3CD0
FB42D0
FB4880
FB4E00
FB5330
FB5820
FB5CD0
FB6140
FB6570
FB6950
FB6D00
FB7060
FB7380
FB7660
FB78F0
FB7B50
FB7D60
FB7F40
FB80C0
FB8210
FB8310
FB83D0
FB8440
FB8470
FB8460
FB8400
FB8360
FB8270
FB8140
FB7FD0
FB7E10
FB7C10
FB79D0
FB7740
FB7470
FB7170
FB6E20
FB6AA0
FB66E0
FB62D0
FB5E90
FB5A10
FB5560
FB5060
FB4B20
FB45B0
FB3FF0
FB3A00
FB33D0
FB2D50
FB26C0
FB2000
FB1910
FB11F0
FB0AC0
FB0350
FAFBC0
FAF410
FAEC30
FAE420
FADBF0
FAD390
FACB10
FAC260
FAB990
FAB090
FAA780
FA9E70
FA9550
FA8C20
FA82E0
FA79A0
FA7050
FA66F0
FA5D90
FA5410
FA4A90
FA4100
FA3770
FA2DC0
FA2410
FA1A60
FA10B0
FA0720
F9FDB0
F9F440
F9EB00
F9E1C0
F9D8A0
F9CFA0
F9C6B0
F9BDD0
F9B510
F9AC60
F9A3C0
F99B40
F992E0
F98A80
F98270
F97A80
F972D0
F96B60
F96420
F95D20
F95650
F94FB0
F94950
F94330
F93D40
F93780
F93200
F92CB0
F927A0
F922C0
F91E40
F91A00
F91620
F91290
F90F60
F90C70
F909E0
F907A0
F905C0
F90420
F902E0
F901F0
F90150
F90100
F90110
F90170
F90230
F90360
F904F0
F906E0
F90940
F90C00
F90F20
F912B0
F916A0
F91B00
F91FC0
F924E0
F92A70
F93060
F936B0
F93D70
F94490
F94C20
F95420
F95C90
F96560
F96EA0
F97840
F98260
F98CE0
F997C0
F9A310
F9AED0
F9BB00
F9C7A0
F9D4A0
F9E200
F9EFD0
F9FE00
FA0C90
FA1B90
FA2AE0
FA3A90
FA4AB0
FA5B30
FA6C10
FA7D50
FA8EF0
FAA0F0
FAB350
FAC620
FAD950
FAECD0
FB00B0
FB14D0
FB2940
FB3DF0
FB52F0
FB6830
FB7DD0
FB93B0
FBA9D0
FBC050
FBD700
FBEE10
FC0560
FC1D00
FC34E0
FC4D20
FC6570
FC7DF0
FC96A0
FCAF80
FCC870
FCE1A0
FCFAF0
FD1460
FD2E00
FD47D0
FD61C0
FD7BE0
FD9620
FDB090
FDCB30
FDE5E0
FE00A0
FE1B60
FE3620
FE50E0
FE6B90
FE8650
FEA100
FEBBB0
FED670
FEF120
FF0BD0
FF2680
FF4130
FF5BE0
FF7690
FF9140
FFABC0
FFC610
FFE030
FFFA30
001400
002DA0
004710
006050
007960
009250
00AB10
00C3A0
00DC00
00F440
010C40
012420
013BA0
0152D0
0169B0
018030
019650
01AC20
01C1A0
01D6D0
01EB90
020010
021430
022800
023B70
024E90
026150
0273C0
0285B0
029730
02A840
02B8D0
02C8F0
02D890
02E7C0
02F670
0304B0
031270
031FC0
032C90
0338F0
0344E0
035050
035B40
0365B0
036F90
0378E0
0381B0
0389F0
0391A0
0398C0
039F60
03A560
03AAE0
03AFE0
03B440
03B820
03BB70
03BE30
03C070
03C210
03C320
03C3B0
03C3A0
03C300
03C1D0
03C010
03BDB0
03BAD0
03B750
03B350
03AEB0
03A980
03A3C0
039D80
039690
038F30
038740
037ED0
0375D0
036C50
036240
0357B0
034CA0
034100
0334E0
032830
031B00
030D50
02FF10
02F050
02E100
02D150
02C120
02B090
029F90
028E30
027C50
026A10
025760
024440
0230B0
021CC0
020860
01F390
01DE50
01C8A0
01B290
019C30
018590
016EA0
015770
014000
012840
011040
00F7F0
00DF60
00C690
00AD70
009410
007A60
006070
004640
002BC0
001130
FFF680
FFDBC0
FFC0E0
FFA5F0
FF8AE0
FF6FC0
FF5490
FF3940
FF1DD0
FF0250
FEE6B0
FECB00
FEAF40
FE9360
FE7760
FE5B80
FE3FC0
FE2410
FE0880
FDED10
FDD1B0
FDB670
FD9B40
FD8030
FD6530
FD4A50
FD2F90
FD14E0
FCFA50
FCDFE0
FCC580
FCAB70
FC91A0
FC7820
FC5EE0
FC45E0
FC2D40
FC14D0
FBFCC0
FBE4E0
FBCD60
FBB610
FB9F20
FB8870
FB7200
FB5BE0
FB4600
FB3090
FB1BA0
FB0710
FAF2F0
FADF40
FACC00
FAB930
FAA6D0
FA94D0
FA8350
FA7230
FA6190
FA5150
FA4190
FA3230
FA2340
FA14E0
FA0700
F9F9B0
F9ECF0
F9E0B0
F9D4F0
F9C9D0
F9BF20
F9B510
F9AB80
F9A270
F999F0
F99200
F98A90
F983B0
F97D60
F97790
F97270
F96DD0
F969D0
F96660
F96380
F96140
F95F90
F95E70
F95DF0
F95E00
F95EB0
F95FE0
F961B0
F96420
F96710
F96AA0
F96EC0
F97370
F978A0
F97E70
F984D0
F98BC0
F99340
F99B50
F9A3F0
F9AD20
F9B6F0
F9C140
F9CC20
F9D790
F9E3A0
F9F020
F9FD20
FA0AA0
FA18A0
FA2720
FA3610
FA4590
FA5580
FA65F0
FA76F0
FA8860
FA9A50
FAACB0
FABFA0
FAD310
FAE6F0
FAFB40
FB0FE0
FB24E0
FB3A40
FB5010
FB6630
FB7CA0
FB9380
FBAAC0
FBC260
FBDA50
FBF2B0
FC0B60
FC2480
FC3DF0
FC57C0
FC71D0
FC8C10
FCA690
FCC140
FCDC20
FCF740
FD12A0
FD2E30
FD4A00
FD6600
FD8230
FD9EA0
FDBB50
FDD830
FDF540
FE1290
FE2FF0
FE4D60
FE6AD0
FE8860
FEA5F0
FEC380
FEE130
FEFEE0
FF1CB0
FF3A80
FF5860
FF7640
FF9440
FFB240
FFD050
FFEE70
000C70
002A60
004820
0065D0
008360
00A0E0
00BE40
00DB80
00F8A0
0115B0
0132A0
014F70
016C30
0188C0
01A540
01C1B0
01DDD0
01F9B0
021560
0230D0
024BF0
0266E0
028190
029C00
02B620
02D010
02E9C0
030340
031C70
033560
034E10
036690
037EB0
039670
03ADE0
03C4F0
03DBB0
03F220
040830
041DE0
043340
044850
045D00
047150
048550
049900
04AC50
04BF50
04D1E0
04E410
04F5E0
050740
051840
0528E0
053910
0548E0
055850
056750
0575F0
058430
059200
059F80
05AC80
05B930
05C570
05D140
05DCB0
05E7C0
05F260
05FCA0
060680
060FE0
0618F0
062190
0629D0
0631A0
063910
064010
0646B0
064CE0
0652C0
065840
065D60
066220
066690
066A90
066E40
067190
067490
067720
067960
067B40
067CC0
067DE0
067EB0
067F20
067F40
067F10
067EA0
067DE0
067CE0
067B80
0679E0
067800
0675C0
067340
067070
066D60
066A00
066650
066250
065E10
065990
0654F0
065010
064B00
0645C0
064040
063AA0
0634C0
062EB0
062860
0621F0
061B40
061460
060D50
060610
05FEA0
05F710
05EF60
05E790
05DFB0
05D7B0
05CF90
05C750
05BF00
05B690
05AE00
05A560
059CA0
0593C0
058AC0
0581B0
057870
056F40
056600
055CC0
055380
054A30
0540E0
053780
052E30
0524D0
051B60
051200
050890
04FF10
04F5A0
04EC20
04E290
04D920
04CFB0
04C640
04BCE0
04B390
04AA40
04A100
0497D0
048EA0
048570
047C60
047350
046A40
046140
045850
044F60
044690
043DC0
043510
042C70
0423E0
041B60
041300
040AA0
040260
03FA30
03F210
03EA00
03E200
03DA20
03D250
03CA80
03C2D0
03BB30
03B3A0
03AC30
03A4C0
039D60
039620
038EE0
0387C0
0380A0
0379A0
0372B0
036BD0
036500
035E40
0357A0
035100
034A60
0343D0
033D50
0336D0
033060
032A00
0323A0
031D50
031710
0310D0
030AA0
030470
02FE60
02F840
02F240
02EC30
02E620
02E000
02D9F0
02D3D0
02CDB0
02C790
02C160
02BB30
02B500
02AED0
02A890
02A260
029C20
0295D0
028F90
028930
0282C0
027C40
0275B0
026F00
026850
026180
025AA0
0253A0
024CA0
024580
023E60
023710
022FC0
022860
0220E0
021940
021190
0209B0
0201A0
01F980
01F140
01E8D0
01E040
01D7A0
01CED0
01C5E0
01BCC0
01B390
01AA30
01A0C0
019720
018D60
018360
017940
016EF0
016480
0159D0
014F00
014400
0138D0
012D70
0121F0
011640
010A60
00FE50
00F220
00E5B0
00D920
00CC60
00BF70
00B240
00A4F0
009770
0089C0
007BE0
006DD0
005F90
005120
004290
0033C0
0024C0
001590
000640
FFF6B0
FFE700
FFD730
FFC720
FFB700
FFA6A0
FF9620
FF8570
FF7490
FF6390
FF5270
FF4110
FF2F90
FF1DE0
FF0C10
FEFA10
FEE7F0
FED5C0
FEC370
FEB100
FE9E80
FE8BE0
FE7920
FE6640
FE5350
FE4040
FE2D20
FE19E0
FE0680
FDF300
FDDF70
FDCBC0
FDB810
FDA450
FD9090
FD7CD0
FD6910
FD5540
FD4170
FD2D90
FD19C0
FD05E0
FCF1F0
FCDE10
FCCA20
FCB630
FCA230
FC8E30
FC7A50
FC6680
FC52C0
FC3F20
FC2BA0
FC1820
FC04D0
FBF190
FBDE60
FBCB40
FBB850
FBA560
FB9290
FB7FE0
FB6D40
FB5AB0
FB4860
FB3640
FB2450
FB12A0
FB0120
FAEFD0
FADEB0
FACDD0
FABD20
FAACA0
FA9C60
FA8C50
FA7C70
FA6CD0
FA5D50
FA4E20
FA3F30
FA3090
FA2240
FA1440
FA0690
F9F930
F9EC30
F9DF70
F9D300
F9C6E0
F9BB20
F9AFA0
F9A470
F99990
F98F10
F984D0
F97B00
F97190
F96880
F95FE0
F95790
F94FB0
F94840
F94120
F93A70
F93430
F92E40
F928C0
F923A0
F91EE0
F91A90
F916A0
F91320
F91010
F90D70
F90B40
F90970
F90820
F90740
F906D0
F906D0
F90740
F90820
F90960
F90B20
F90D50
F90FF0
F912F0
F91670
F91A50
F91EB0
F92370
F928A0
F92E40
F93450
F93AD0
F941B0
F94910
F950D0
F95900
F961A0
F96AB0
F97430
F97E10
F98860
F99310
F99E10
F9A980
F9B540
F9C170
F9CDF0
F9DAE0
F9E830
F9F5D0
FA03E0
FA1240
FA2110
FA3030
FA3FC0
FA4FA0
FA5FD0
FA7040
FA8100
FA91F0
FAA330
FAB4C0
FAC680
FAD890
FAEAF0
FAFD80
FB1060
FB2390
FB36F0
FB4AA0
FB5E90
FB72D0
FB8720
FB9BA0
FBB040
FBC500
FBD9D0
FBEED0
FC0400
FC1940
FC2EA0
FC4420
FC59D0
FC6F90
FC8580
FC9B80
FCB1B0
FCC800
FCDE40
FCF480
FD0AB0
FD20E0
FD3700
FD4D20
FD6330
FD7940
FD8F40
FDA530
FDBB30
FDD110
FDE6F0
FDFCD0
FE12A0
FE2860
FE3E00
FE5360
FE6890
FE7D90
FE9260
FEA6F0
FEBB60
FECF90
FEE3A0
FEF770
FF0B10
FF1E80
FF31B0
FF44C0
FF5790
FF6A40
FF7C80
FF8E80
FFA020
FFB160
FFC250
FFD2F0
FFE330
FFF310
0002A0
0011E0
0020C0
002F50
003D80
004B60
0058E0
006610
0072D0
007F10
008AE0
009640
00A130
00ABA0
00B5B0
00BF40
00C860
00D100
00D940
00E100
00E850
00EF30
00F5A0
00FB90
010110
010600
010A70
010E60
0111C0
0114B0
011710
011900
011A60
011B40
011BA0
011B80
011AD0
0119B0
011800
0115E0
011330
011000
010C50
010820
010370
00FE40
00F890
00F250
00EBA0
00E460
00DCB0
00D470
00CBC0
00C280
00B8C0
00AE90
00A3E0
0098C0
008D30
008130
0074C0
0067E0
005A80
004CC0
003E90
002FE0
0020D0
001150
000150
FFF0E0
FFE010
FFCEC0
FFBD20
FFAB40
FF9900
FF8670
FF7380
FF6050
FF4CD0
FF38F0
FF24D0
FF1050
FEFB90
FEE670
FED100
FEBB40
FEA530
FE8ED0
FE7840
FE6190
FE4AC0
FE33C0
FE1C90
FE0540
FDEDC0
FDD620
FDBE60
FDA670
FD8E50
FD7610
FD5DB0
FD4520
FD2C60
FD1380
FCFAB0
FCE1E0
FCC910
FCB050
FC97A0
FC7EF0
FC6650
FC4DB0
FC3520
FC1C90
FC0410
FBEB90
FBD320
FBBAB0
FBA250
FB89F0
FB71D0
FB59F0
FB4230
FB2AC0
FB1380
FAFC80
FAE5B0
FACF10
FAB8B0
FAA290
FA8CA0
FA76F0
FA6170
FA4C30
FA3720
FA2250
FA0DE0
F9F9D0
F9E630
F9D2E0
F9C000
F9AD80
F99B70
F989B0
F97860
F96770
F956F0
F946C0
F93700
F927A0
F918A0
F90A00
F8FBF0
F8EE60
F8E150
F8D4C0
F8C8C0
F8BD40
F8B250
F8A7D0
F89DE0
F89470
F88B90
F88330
F87B50
F873F0
F86D20
F866C0
F86110
F85BE0
F85760
F85360
F85000
F84D30
F84B00
F84960
F84860
F847F0
F84820
F848E0
F84A30
F84C20
F84EA0
F851B0
F85560
F859B0
F85E90
F86410
F86A20
F870C0
F87810
F87FE0
F88860
F89160
F89B00
F8A540
F8B020
F8BB80
F8C790
F8D420
F8E150
F8EF00
F8FD30
F90BF0
F91B30
F92B00
F93B50
F94C30
F95DA0
F96F90
F98200
F99500
F9A890
F9BCA0
F9D130
F9E650
F9FBE0
FA11D0
FA2830
FA3EF0
FA5620
FA6DC0
FA85C0
FA9E30
FAB700
FAD050
FAE9F0
FB0410
FB1E80
FB3970
FB54C0
FB7080
FB8C80
FBA8B0
FBC530
FBE1E0
FBFEE0
FC1C10
FC3990
FC5740
FC7530
FC9360
FCB1E0
FCD090
FCEF80
FD0EB0
FD2E20
FD4DC0
FD6D80
FD8D50
FDAD20
FDCD00
FDED00
FE0D00
FE2D00
FE4D20
FE6D50
FE8D80
FEADC0
FECE10
FEEE70
FF0EE0
FF2F60
FF4FE0
FF7040
FF9080
FFB0A0
FFD090
FFF050
001000
002F80
004ED0
006E10
008D10
00AC00
00CAC0
00E960
0107E0
012630
014450
016230
017FB0
019CE0
01B9C0
01D640
01F280
020E60
0229F0
024520
026000
027A90
0294D0
02AEC0
02C850
02E190
02FA80
0312F0
032AF0
034270
035980
037010
038620
039BC0
03B0E0
03C590
03D9C0
03ED80
0400C0
041380
0425D0
0437B0
044900
0459D0
046A10
0479C0
0488D0
049760
04A550
04B2C0
04BFA0
04CBE0
04D790
04E2C0
04ED50
04F750
0500D0
0509B0
051200
0519C0
0520E0
052760
052D50
0532B0
053770
053B90
053F20
054210
054460
054630
054750
0547E0
0547D0
054730
054600
054430
0541D0
053EE0
053B60
053750
0532B0
052D80
0527C0
052160
051A80
051310
050B00
050270
04F940
04EF80
04E540
04DA70
04CF30
04C370
04B740
04AA90
049D60
048FC0
048190
047300
0463E0
045450
044440
0433C0
0422C0
041140
03FF40
03ECF0
03DA50
03C740
03B3F0
03A030
038C20
0377C0
036300
034DE0
033870
0322B0
030C80
02F610
02DF30
02C800
02B080
0298C0
0280E0
0268C0
025080
023810
021F60
020690
01ED90
01D450
01BAF0
01A160
0187A0
016DA0
015380
013930
011EB0
010430
00E9A0
00CF10
00B480
0099F0
007F50
0064B0
004A10
002F60
0014C0
FFFA10
FFDF60
FFC4A0
FFA9F0
FF8F30
FF7460
FF59D0
FF3F50
FF2500
FF0AD0
FEF0D0
FED6E0
FEBD30
FEA390
FE8A20
FE70D0
FE57B0
FE3EB0
FE25D0
FE0D10
FDF480
FDDC20
FDC3F0
FDAC20
FD9490
FD7D40
FD6640
FD4F80
FD3910
FD22F0
FD0D10
FCF780
FCE230
FCCD20
FCB870
FCA3F0
FC8FD0
FC7BE0
FC6860
FC5550
FC4290
FC3030
FC1E40
FC0CB0
FBFB80
FBEAB0
FBDA40
FBCA40
FBBAA0
FBAB60
FB9C80
FB8E00
FB7FE0
FB7230
FB64E0
FB5810
FB4BB0
FB3FC0
FB3430
FB2920
FB1E80
FB1450
FB0A90
FB0140
FAF860
FAEFF0
FAE800
FAE070
FAD950
FAD2B0
FACC70
FAC6B0
FAC160
FABC90
FAB830
FAB440
FAB0C0
FAADB0
FAAB20
FAA900
FAA760
FAA620
FAA560
FAA510
FAA540
FAA5D0
FAA6E0
FAA850
FAAA30
FAAC80
FAAF30
FAB250
FAB5E0
FAB9E0
FABE50
FAC320
FAC860
FACE10
FAD430
FADAB0
FAE1A0
FAE900
FAF0C0
FAF8D0
FB0140
FB0A20
FB1340
FB1CD0
FB26C0
FB3100
FB3BA0
FB46A0
FB5200
FB5DC0
FB69D0
FB7640
FB8320
FB9040
FB9DC0
FBAB70
FBB980
FBC7C0
FBD650
FBE530
FBF450
FC03B0
FC1360
FC2350
FC3380
FC4400
FC54D0
FC65E0
FC7730
FC88D0
FC9AA0
FCAC90
FCBEC0
FCD120
FCE3A0
FCF660
FD0950
FD1C60
FD2FB0
FD4330
FD56D0
FD6AB0
FD7EC0
FD92F0
FDA760
FDBBF0
FDD0A0
FDE570
FDFA50
FE0F40
FE2450
FE3980
FE4EC0
FE6410
FE7980
FE8F10
FEA4B0
FEBA60
FED030
FEE620
FEFC20
FF1230
FF2850
FF3E70
FF5490
FF6AC0
FF80F0
FF9720
FFAD50
FFC390
FFD9D0
FFF010
000650
001CA0
0032F0
004940
005FA0
007600
008C50
00A290
00B8D0
00CF00
00E520
00FB40
011140
012740
013D30
015320
0168F0
017EC0
019480
01AA40
01BFF0
01D580
01EB10
020080
0215E0
022B20
024050
025570
026A70
027F50
029430
02A8F0
02BD90
02D220
02E6A0
02FB00
030F50
032390
0337A0
034BA0
035F80
037350
0386F0
039A80
03ADF0
03C140
03D470
03E790
03FA90
040D70
042030
0432D0
044560
0457C0
046A10
047C40
048E50
04A040
04B200
04C3B0
04D540
04E6B0
04F800
050930
051A40
052B30
053C00
054CB0
055D40
056DC0
057E10
058E40
059E50
05AE40
05BE10
05CDC0
05DD50
05ECC0
05FC00
060B30
061A40
062930
063800
0646A0
065530
0663A0
0671E0
068010
068E10
069BF0
06A9B0
06B750
06C4C0
06D220
06DF50
06EC60
06F950
070620
0712D0
071F50
072BB0
073800
074420
075010
075BF0
0767A0
077320
077E90
0789D0
0794F0
079FF0
07AAD0
07B580
07C010
07CA80
07D4C0
07DEE0
07E8E0
07F2B0
07FC60
0805D0
080F30
081850
082150
082A20
0832C0
083B40
084390
084BB0
0853B0
085B80
086320
086AA0
0871E0
087900
087FF0
0886A0
088D30
089380
0899A0
089F90
08A550
08AAD0
08B030
08B550
08BA40
08BF00
08C390
08C7F0
08CC20
08D010
08D3C0
08D730
08DA60
08DD50
08E010
08E280
08E4C0
08E6C0
08E880
08EA00
08EB40
08EC50
08ED10
08EDA0
08EDF0
08EDF0
08EDB0
08ED20
08EC50
08EB40
08E9E0
08E830
08E640
08E400
08E180
08DEC0
08DBB0
08D850
08D4B0
08D0D0
08CCA0
08C820
08C350
08BE20
08B8A0
08B2E0
08ACC0
08A640
089F80
089860
089100
088940
088120
0878C0
087010
086700
085DA0
0853F0
0849E0
083F70
0834B0
0829A0
081E20
081260
080640
07F9C0
07ECF0
07DFC0
07D240
07C460
07B620
07A790
0798B0
078970
0779D0
0769D0
075980
0748E0
0737D0
072670
0714C0
0702A0
06F040
06DD70
06CA50
06B6D0
06A2F0
068EC0
067A40
066560
065020
063AA0
0624C0
060E90
05F810
05E140
05CA10
05B2A0
059AD0
0582A0
056A30
055160
053840
051ED0
050510
04EB00
04D0B0
04B620
049B40
048020
0464B0
044900
042D10
0410E0
03F460
03D7A0
03BA90
039D40
037FB0
0361D0
0343C0
032570
0306F0
02E840
02C960
02AA60
028B20
026BC0
024C20
022C60
020C60
01EC40
01CBF0
01AB60
018AB0
0169D0
0148C0
0127A0
010670
00E520
00C3D0
00A260
0080E0
005F50
003DC0
001C00
FFFA40
FFD870
FFB690
FF9490
FF7290
FF5070
FF2E40
FF0C20
FEEA10
FEC820
FEA630
FE8450
FE6280
FE40C0
FE1F10
FDFD70
FDDBE0
FDBA60
FD98F0
FD7790
FD5640
FD3500
FD13D0
FCF2E0
FCD210
FCB180
FC9120
FC70F0
FC5100
FC3140
FC11B0
FBF250
FBD320
FBB430
FB9570
FB76F0
FB5890
FB3A70
FB1C80
FAFEE0
FAE1A0
FAC4B0
FAA820
FA8BD0
FA6FE0
FA5450
FA3910
FA1E20
FA0380
F9E940
F9CF50
F9B5B0
F99C70
F98380
F96AF0
F952C0
F93B10
F923D0
F90D00
F8F6A0
F8E0C0
F8CB50
F8B640
F8A1B0
F88DA0
F879F0
F866B0
F853F0
F841A0
F82FC0
F81E50
F80D70
F7FD10
F7ED30
F7DDE0
F7CF10
F7C0D0
F7B310
F7A5D0
F79920
F78CF0
F78150
F77630
F76B90
F76180
F757F0
F74EF0
F74670
F73E90
F73740
F73080
F72A50
F724B0
F71FA0
F71B20
F71730
F713D0
F71100
F70EC0
F70D20
F70C00
F70B70
F70B80
F70C10
F70D30
F70EE0
F71120
F713E0
F71740
F71B20
F71F90
F72490
F72A20
F73030
F736E0
F73E10
F745D0
F74E20
F75700
F76060
F76A30
F77490
F77F60
F78AC0
F79690
F7A2F0
F7AFC0
F7BD20
F7CAF0
F7D940
F7E820
F7F770
F80740
F81790
F82860
F83990
F84B30
F85D30
F86FA0
F88260
F89590
F8A930
F8BD20
F8D180
F8E640
F8FB70
F91100
F926F0
F93D50
F95410
F96B30
F982A0
F99A40
F9B230
F9CA60
F9E2E0
F9FB90
FA1490
FA2DD0
FA4750
FA6120
FA7B30
FA9570
FAB010
FACAE0
FAE600
FB0150
FB1CD0
FB3860
FB5410
FB6FE0
FB8BD0
FBA7D0
FBC3F0
FBE020
FBFC80
FC18F0
FC3580
FC5230
FC6EF0
FC8BD0
FCA8D0
FCC5F0
FCE300
FD0000
FD1CF0
FD39D0
FD56B0
FD7380
FD9040
FDAD00
FDC9A0
FDE640
FE02D0
FE1F50
FE3BC0
FE5830
FE7490
FE90E0
FEAD00
FEC8F0
FEE4A0
FF0030
FF1B80
FF36A0
FF5190
FF6C40
FF86D0
FFA120
FFBB50
FFD540
FFEF00
000880
0021E0
003B00
0053D0
006C60
008490
009C70
00B3F0
00CB30
00E220
00F8B0
010EF0
0124E0
013A90
014FE0
0164D0
017980
018DE0
01A1E0
01B580
01C8C0
01DB90
01EDF0
01FFF0
021190
0222B0
023380
0243E0
0253D0
026360
027280
028140
028FA0
029D80
02AB10
02B820
02C4C0
02D0E0
02DCA0
02E7E0
02F2B0
02FD10
030700
031070
031970
032200
032A20
0331D0
033900
033FC0
034610
034BF0
035150
035650
035AD0
035EF0
036290
0365C0
036870
036AC0
036CA0
036E00
036EF0
036F70
036F80
036F20
036E50
036D10
036B70
036960
036700
036420
0360E0
035D40
035940
0354D0
034FF0
034AC0
034510
033F10
0338A0
0331C0
032A90
032300
031B20
0312F0
030A70
0301A0
02F880
02EF10
02E550
02DB30
02D0D0
02C620
02BB10
02AFC0
02A420
029820
028BE0
027F60
0272B0
0265C0
0258B0
024B60
023DE0
023020
022230
021410
0205C0
01F730
01E870
01D980
01CA50
01BAF0
01AB60
019BB0
018C00
017C20
016C40
015C40
014C30
013C00
012BC0
011B70
010B00
00FA80
00E9F0
00D940
00C880
00B7B0
00A6C0
0095E0
008500
007430
006370
0052B0
004200
003150
0020B0
001010
FFFF80
FFEF00
FFDE80
FFCE00
FFBDA0
FFAD30
FF9CE0
FF8CA0
FF7C90
FF6CA0
FF5CE0
FF4D40
FF3DC0
FF2E60
FF1F30
FF1010
FF0130
FEF260
FEE3C0
FED540
FEC6E0
FEB8B0
FEAAA0
FE9CC0
FE8F20
FE81C0
FE7490
FE67A0
FE5AE0
FE4E60
FE4210
FE3600
FE2A30
FE1E90
FE1320
FE07F0
FDFD00
FDF240
FDE7C0
FDDD80
FDD380
FDC9D0
FDC060
FDB730
FDAE40
FDA5A0
FD9D40
FD9530
FD8D50
FD85C0
FD7E70
FD7770
FD70B0
FD6A30
FD63F0
FD5E00
FD5850
FD52F0
FD4DD0
FD48F0
FD4460
FD4010
FD3C00
FD3840
FD34C0
FD3190
FD2EA0
FD2BF0
FD2990
FD2770
FD25A0
FD2400
FD22B0
FD2190
FD20C0
FD2020
FD1FC0
FD1FB0
FD1FD0
FD2030
FD20D0
FD21C0
FD22E0
FD2440
FD25E0
FD27C0
FD29E0
FD2C30
FD2EB0
FD3160
FD3440
FD3750
FD3A90
FD3E00
FD41A0
FD4570
FD4970
FD4DA0
FD5200
FD5690
FD5B50
FD6040
FD6570
FD6AA0
FD7000
FD7570
FD7B00
FD80A0
FD8660
FD8C40
FD9240
FD9850
FD9E80
FDA4D0
FDAB30
FDB1B0
FDB850
FDBF00
FDC5D0
FDCCA0
FDD380
FDDA50
FDE130
FDE810
FDEEF0
FDF5D0
FDFCB0
FE03A0
FE0A90
FE1180
FE1870
FE1F60
FE2650
FE2D50
FE3440
FE3B30
FE4200
FE48B0
FE4F60
FE55F0
FE5C60
FE62C0
FE6910
FE6F50
FE7570
FE7B80
FE8170
FE8750
FE8D20
FE92D0
FE9880
FE9DF0
FEA340
FEA860
FEAD50
FEB220
FEB6C0
FEBB40
FEBF90
FEC3B0
FEC7A0
FECB70
FECF20
FED290
FED5E0
FED910
FEDC00
FEDEC0
FEE150
FEE3A0
FEE5B0
FEE790
FEE930
FEEA90
FEEBC0
FEECB0
FEED60
FEEDE0
FEEE20
FEEE30
FEEE00
FEEDA0
FEECF0
FEEC10
FEEAF0
FEE990
FEE7E0
FEE600
FEE3D0
FEE170
FEDEC0
FEDBD0
FED8B0
FED540
FED190
FECDA0
FEC970
FEC500
FEC050
FEBB60
FEB630
FEB0C0
FEAB10
FEA520
FE9EF0
FE9880
FE91D0
FE8AD0
FE83A0
FE7C30
FE7480
FE6C80
FE6450
FE5BE0
FE5320
FE4A40
FE4110
FE37C0
FE2E30
FE2470
FE1A70
FE1040
FE05E0
FDFB40
FDF070
FDE570
FDDA30
FDCEC0
FDC310
FDB730
FDAB20
FD9EE0
FD9280
FD8600
FD7960
FD6C90
FD5FA0
FD5290
FD4550
FD37F0
FD2A70
FD1CD0
FD0F00
FD0110
FCF300
FCE4C0
FCD660
FCC7F0
FCB980
FCAB00
FC9C70
FC8DD0
FC7F30
FC7080
FC61C0
FC52F0
FC4420
FC3540
FC2650
FC1750
FC0850
FBF930
FBEA20
FBDB00
FBCC00
FBBD10
FBAE30
FB9F50
FB9090
FB81D0
FB7320
FB6480
FB55F0
FB4770
FB3900
FB2A90
FB1C40
FB0DF0
FAFFC0
FAF1B0
FAE3C0
FAD610
FAC880
FABB10
FAADD0
FAA0C0
FA93E0
FA8720
FA7A90
FA6E30
FA61F0
FA55E0
FA4A00
FA3E40
FA32B0
FA2760
FA1C50
FA1190
FA0710
F9FCC0
F9F2C0
F9E910
F9DF90
F9D660
F9CD60
F9C4B0
F9BC50
F9B420
F9AC30
F9A490
F99D30
F99620
F98F70
F98910
F98310
F97D60
F97810
F97310
F96E60
F96A10
F96610
F96270
F95F20
F95C30
F95990
F95740
F95550
F953D0
F952A0
F951E0
F95170
F95170
F951D0
F952A0
F953C0
F95550
F95730
F95980
F95C40
F95F50
F962C0
F966A0
F96AE0
F96F80
F97490
F97A00
F97FD0
F98610
F98CB0
F993C0
F99B30
F9A300
F9AB40
F9B3E0
F9BCE0
F9C650
F9D020
F9DA60
F9E500
F9F000
F9FB60
FA0720
FA1330
FA1FB0
FA2C90
FA39C0
FA4760
FA5560
FA63B0
FA7260
FA8180
FA90F0
FAA0C0
FAB0F0
FAC190
FAD270
FAE3A0
FAF510
FB06E0
FB1900
FB2B60
FB3E20
FB5120
FB6470
FB7810
FB8C00
FBA040
FBB4D0
FBC9B0
FBDED0
FBF450
FC0A00
FC1FE0
FC3600
FC4C50
FC62D0
FC7990
FC9090
FCA7B0
FCBF10
FCD6B0
FCEE80
FD0680
FD1EC0
FD3730
FD4FE0
FD68B0
FD81B0
FD9AC0
FDB3E0
FDCD20
FDE680
FDFFF0
FE1970
FE3310
FE4CD0
FE66A0
FE8080
FE9A80
FEB4A0
FECED0
FEE910
FF0380
FF1DD0
FF3820
FF5260
FF6CA0
FF86D0
FFA0F0
FFBB10
FFD520
FFEF30
000930
002330
003D10
005700
0070D0
008AA0
00A470
00BE00
00D770
00F0C0
0109D0
0122C0
013B80
015410
016C80
0184B0
019CC0
01B4B0
01CC60
01E3F0
01FB50
021290
022990
024050
0256D0
026CF0
0282D0
029870
02ADC0
02C2C0
02D770
02EBE0
030010
0313E0
032770
033AB0
034DB0
036060
0372D0
0384D0
039670
03A7B0
03B880
03C8F0
03D910
03E8B0
03F800
0406E0
041560
042380
043140
043E90
044B90
045820
046440
047000
047B40
048610
049070
049A50
04A3D0
04ACD0
04B550
04BD70
04C510
04CC40
04D300
04D940
04DF20
04E480
04E960
04EDD0
04F1D0
04F540
04F840
04FAC0
04FCD0
04FE50
04FF60
04FFF0
050010
04FFA0
04FEC0
04FD70
04FB90
04F940
04F670
04F330
04EF70
04EB30
04E680
04E160
04DBC0
04D5B0
04CF20
04C810
04C0A0
04B8A0
04B030
04A750
049DF0
049420
0489D0
047F20
0473F0
046860
045C70
045000
044330
043600
042850
041A40
040BC0
03FCD0
03ED80
03DDC0
03CD90
03BD00
03AC00
039AB0
038900
037700
0364A0
035200
033F00
032BB0
031800
030400
02EFB0
02DB10
02C610
02B0C0
029B20
028520
026ED0
025850
024190
022A90
021360
01FBF0
01E450
01CC70
01B460
019C10
018390
016AD0
0151E0
0138B0
011F40
0105A0
00EBD0
00D1E0
00B7D0
009DB0
008380
006930
004EC0
003440
0019B0
FFFF00
FFE440
FFC960
FFAE70
FF9360
FF7840
FF5D00
FF41B0
FF2660
FF0B20
FEEFF0
FED4C0
FEB9A0
FE9E90
FE8380
FE6880
FE4D80
FE3290
FE17B0
FDFCD0
FDE200
FDC730
FDAC70
FD91C0
FD7730
FD5CD0
FD4290
FD2880
FD0EA0
FCF4E0
FCDB50
FCC1F0
FCA8B0
FC8F90
FC76A0
FC5DE0
FC4540
FC2CD0
FC1490
FBFC70
FBE490
FBCD00
FBB5B0
FB9EA0
FB87E0
FB7150
FB5B10
FB4510
FB2F60
FB19F0
FB04C0
FAEFD0
FADB30
FAC6C0
FAB2A0
FA9ED0
FA8B40
FA7820
FA6550
FA52D0
FA40B0
FA2EE0
FA1D70
FA0C50
F9FB90
F9EB30
F9DB20
F9CB60
F9BC00
F9ACF0
F99E40
F98FF0
F981F0
F97460
F96730
F95A70
F94E00
F94200
F93660
F92B30
F92050
F915E0
F90BD0
F90230
F8F8E0
F8F000
F8E780
F8DF60
F8D7B0
F8D060
F8C970
F8C2F0
F8BCD0
F8B710
F8B1C0
F8ACD0
F8A840
F8A420
F8A060
F89D10
F89A10
F89790
F89560
F893A0
F89240
F89140
F89090
F89050
F89070
F890F0
F891D0
F89300
F894A0
F896A0
F898F0
F89BB0
F89ED0
F8A240
F8A620
F8AA50
F8AEE0
F8B3C0
F8B8E0
F8BE60
F8C430
F8CA50
F8D0C0
F8D780
F8DE90
F8E5F0
F8EDB0
F8F5B0
F8FE00
F906B0
F90FA0
F918F0
F92270
F92C40
F93640
F94080
F94B00
F955C0
F960C0
F96BF0
F97770
F98320
F98F10
F99B50
F9A7C0
F9B470
F9C160
F9CE80
F9DBE0
F9E950
F9F6F0
FA04B0
FA12A0
FA20B0
FA2EF0
FA3D50
FA4BD0
FA5A80
FA6950
FA7840
FA8760
FA96A0
FAA610
FAB5A0
FAC540
FAD4F0
FAE4B0
FAF480
FB0460
FB1440
FB2440
FB3450
FB4460
FB5490
FB64C0
FB7510
FB8560
FB95C0
FBA630
FBB6C0
FBC730
FBD7B0
FBE810
FBF870
FC08D0
FC1920
FC2970
FC39C0
FC49F0
FC5A30
FC6A50
FC7A80
FC8AA0
FC9AB0
FCAAC0
FCBAC0
FCCAB0
FCDA80
FCEA40
FCF9D0
FD0960
FD18C0
FD2810
FD3750
FD4660
FD5570
FD6450
FD7320
FD81D0
FD9070
FD9EF0
FDAD50
FDBB90
FDC9B0
FDD790
FDE560
FDF300
FE0070
FE0DC0
FE1AF0
FE27F0
FE34D0
FE4180
FE4E10
FE5A70
FE66A0
FE72C0
FE7EA0
FE8A60
FE95F0
FEA150
FEAC80
FEB780
FEC260
FECD00
FED770
FEE1C0
FEEBE0
FEF5C0
FEFF80
FF0910
FF1270
FF1BA0
FF24A0
FF2D70
FF3610
FF3E90
FF46D0
FF4EE0
FF56C0
FF5E80
FF6600
FF6D50
FF7480
FF7B70
FF8240
FF88D0
FF8F40
FF9570
FF9B80
FFA160
FFA710
FFAC90
FFB1F0
FFB720
FFBC20
FFC100
FFC5B0
FFCA30
FFCE90
FFD2C0
FFD6C0
FFDA90
FFDE40
FFE1C0
FFE520
FFE850
FFEB60
FFEE50
FFF120
FFF3D0
FFF650
FFF8B0
FFFB00
FFFD20
FFFF20
000100
0002C0
000450
0005D0
000720
000850
000970
000A70
000B60
000C40
000D00
000DA0
000E30
000EB0
000F10
000F60
000FA0
000FC0
000FC0
000FB0
000F90
000F50
000F10
000EC0
000E60
000E00
000D80
000D10
000C80
000BF0
000B60
000AB0
000A00
000950
000880
0007B0
0006E0
0005F0
000510
000430
000340
000260
000180
0000A0
FFFFB0
FFFED0
FFFDF0
FFFD10
FFFC20
FFFB40
FFFA60
FFF980
FFF8A0
FFF7B0
FFF6E0
FFF610
FFF540
FFF480
FFF3D0
FFF320
FFF280
FFF1E0
FFF150
FFF0C0
FFF040
FFEFC0
FFEF50
FFEEF0
FFEE90
FFEE30
FFEDF0
FFEDB0
FFED80
FFED60
FFED40
FFED40
FFED40
FFED50
FFED70
FFED90
FFEDD0
FFEE10
FFEE60
FFEEC0
FFEF20
FFEFA0
FFF020
FFF0B0
FFF150
FFF200
FFF2B0
FFF380
FFF450
FFF530
FFF620
FFF720
FFF820
FFF940
FFFA60
FFFB90
FFFCD0
FFFE20
FFFF70
0000D0
000240
0003B0
000530
0006C0
000850
0009F0
000B90
000D40
000F00
0010C0
001290
001470
001650
001840
001A30
001C20
001E20
002010
002210
002410
002620
002820
002A30
002C40
002E50
003060
003280
0034A0
0036C0
0038E0
003B00
003D20
003F30
004140
004350
004550
004750
004950
004B40
004D30
004F20
005100
0052E0
0054C0
005690
005870
005A30
005BE0
005D90
005F30
0060C0
006240
0063B0
006520
006670
0067C0
006900
006A30
006B60
006C70
006D80
006E80
006F70
007040
007100
0071B0
007250
0072D0
007340
0073A0
0073F0
007420
007440
007450
007450
007430
007400
0073C0
007360
0072F0
007270
0071D0
007110
007040
006F50
006E50
006D40
006C10
006AC0
006960
0067F0
006660
0064B0
006300
006120
005F30
005D30
005B10
0058E0
005690
005430
0051C0
004F30
004C80
0049C0
0046F0
004400
004100
003DE0
003AB0
003770
003410
0030A0
002D30
0029A0
0025F0
002240
001E80
001AA0
0016B0
0012B0
000EA0
000A80
000640
0001F0
FFFDA0
FFF930
FFF4C0
FFF050
FFEBC0
FFE740
FFE2A0
FFDE00
FFD960
FFD4B0
FFCFF0
FFCB20
FFC660
FFC180
FFBCA0
FFB7B0
FFB2C0
FFADD0
FFA8E0
FFA3F0
FF9F00
FF9A20
FF9530
FF9050
FF8B70
FF8690
FF81C0
FF7CE0
FF7810
FF7340
FF6E70
FF69A0
FF64D0
FF6010
FF5B70
FF56D0
FF5250
FF4DD0
FF4970
FF4510
FF40C0
FF3C90
FF3870
FF3450
FF3050
FF2C50
FF2870
FF24A0
FF20D0
FF1D30
FF19A0
FF1640
FF12F0
FF0FC0
FF0CB0
FF09C0
FF06E0
FF0430
FF01A0
FEFF20
FEFCC0
FEFA80
FEF860
FEF660
FEF480
FEF2C0
FEF130
FEEFD0
FEEE90
FEED70
FEEC80
FEEBC0
FEEB30
FEEAB0
FEEA70
FEEA50
FEEA60
FEEA90
FEEAF0
FEEB70
FEEC20
FEED00
FEEE10
FEEF50
FEF0C0
FEF260
FEF430
FEF630
FEF850
FEFAB0
FEFD40
FF0000
FF02F0
FF0610
FF0960
FF0CE0
FF1090
FF1470
FF1880
FF1CC0
FF2130
FF25D0
FF2AA0
FF2FA0
FF34D0
FF3A30
FF3FD0
FF4590
FF4B80
FF51A0
FF5800
FF5E80
FF6530
FF6C10
FF7320
FF7A50
FF81B0
FF8940
FF90F0
FF98E0
FFA0E0
FFA920
FFB180
FFBA10
FFC2D0
FFCBB0
FFD4C0
FFDDF0
FFE760
FFF0E0
FFFA80
000440
000E20
001810
002230
002C60
0036B0
004120
004BB0
005660
006120
006C10
007710
008230
008D80
0098C0
00A420
00AF80
00BAF0
00C660
00D1F0
00DD80
00E910
00F4C0
010070
010C30
0117F0
0123C0
012FA0
013B90
014780
015370
015F40
016B10
0176E0
018290
018E40
0199D0
01A560
01B0F0
01BC60
01C7D0
01D330
01DE80
01E9C0
01F500
020020
020B30
021610
0220D0
022B60
0235D0
024020
024A40
025440
025E20
0267E0
027170
027AD0
028420
028D40
029640
029F10
02A7B0
02B010
02B820
02C000
02C7A0
02CF10
02D630
02DD20
02E3C0
02EA30
02F060
02F650
02FC00
030180
0306B0
030BB0
031050
0314B0
0318B0
031C60
031FC0
0322D0
032590
032800
032A20
032BE0
032D60
032E80
032F50
032FD0
033010
032FE0
032F60
032E80
032D50
032BB0
0329B0
032750
032490
032180
031E00
031A20
0315F0
031150
030C60
030710
030150
02FB40
02F4C0
02EDE0
02E6A0
02DF00
02D700
02CE90
02C5C0
02BC90
02B2F0
02A8F0
029E90
0293D0
0288B0
027D20
027130
0264E0
025830
024B20
023DB0
022FF0
0221C0
021340
020460
01F520
01E580
01D590
01C530
01B480
01A370
019200
018030
016E00
015B90
0148C0
0135B0
012250
010EB0
00FAB0
00E670
00D1E0
00BD00
00A7E0
009260
007CA0
006690
005030
003990
002290
000B70
FFF410
FFDC90
FFC4D0
FFACE0
FF94D0
FF7C80
FF6400
FF4B50
FF3270
FF1960
FF0010
FEE6A0
FECD00
FEB320
FE9920
FE7F00
FE64E0
FE4AB0
FE3060
FE1610
FDFBB0
FDE140
FDC6C0
FDAC30
FD9190
FD76F0
FD5C30
FD4160
FD2690
FD0BA0
FCF0B0
FCD5D0
FCBB10
FCA060
FC85D0
FC6B60
FC5100
FC36C0
FC1C90
FC0280
FBE880
FBCEB0
FBB4E0
FB9B40
FB81B0
FB6830
FB4EE0
FB35C0
FB1CE0
FB0450
FAEC00
FAD3E0
FABC10
FAA480
FA8D40
FA7630
FA5F60
FA48E0
FA32A0
FA1C90
FA06D0
F9F150
F9DC20
F9C740
F9B2E0
F99ED0
F98B40
F97810
F96540
F952E0
F940F0
F92F60
F91E40
F90D80
F8FD30
F8ED50
F8DDC0
F8CEB0
F8C000
F8B1E0
F8A440
F89720
F88A90
F87E80
F87300
F86810
F85DA0
F853B0
F84A50
F84170
F83920
F83150
F82A10
F82350
F81D20
F81780
F81290
F80E30
F80A70
F80750
F804C0
F802E0
F80190
F800E0
F800D0
F80150
F80280
F80440
F806A0
F809A0
F80D40
F81180
F81660
F81BF0
F82220
F828F0
F83060
F83880
F84140
F84AA0
F854A0
F85F50
F86AA0
F876A0
F88330
F89070
F89E50
F8ACD0
F8BBF0
F8CBB0
F8DC00
F8ED00
F8FE90
F910D0
F923A0
F93710
F94B20
F95FD0
F97520
F98B00
F9A190
F9B8B0
F9D080
F9E8D0
FA01A0
FA1B00
FA34E0
FA4F60
FA6A50
FA85D0
FAA1E0
FABE80
FADBA0
FAF940
FB1770
FB3630
FB5570
FB7530
FB9590
FBB640
FBD770
FBF8F0
FC1AE0
FC3D40
FC6000
FC8320
FCA6B0
FCCAB0
FCEF00
FD13D0
FD3900
FD5E90
FD8490
FDAAF0
FDD1B0
FDF8C0
FE2000
FE4770
FE6F30
FE9720
FEBF50
FEE7C0
FF1060
FF3940
FF6260
FF8BB0
FFB540
FFDF10
000920
003360
005DE0
008870
00B300
00DD90
010840
0132E0
015DA0
018860
01B320
01DDF0
0208D0
0233B0
025EA0
0289A0
02B490
02DFA0
030AB0
033590
036050
038AE0
03B540
03DF80
040990
043370
045D30
0486C0
04B020
04D960
050270
052B50
055410
057C90
05A500
05CD00
05F4B0
061C00
0642F0
066980
068FC0
06B5A0
06DB20
070040
072510
074980
076D90
079140
07B4A0
07D7A0
07FA40
081C60
083DF0
085F10
087F90
089FA0
08BF20
08DE20
08FCA0
091A90
093800
0954F0
097150
098D40
09A890
09C370
09DDC0
09F770
0A1080
0A28E0
0A40B0
0A57D0
0A6E50
0A8420
0A9960
0AADF0
0AC1E0
0AD530
0AE7E0
0AF9E0
0B0B40
0B1C00
0B2C20
0B3B80
0B4A40
0B5840
0B6590
0B7230
0B7E20
0B8950
0B93E0
0B9DB0
0BA6D0
0BAF40
0BB6F0
0BBE00
0BC450
0BC9F0
0BCEE0
0BD320
0BD6A0
0BD970
0BDB90
0BDD00
0BDDB0
0BDDB0
0BDD00
0BDB90
0BD970
0BD6A0
0BD320
0BCEE0
0BC9F0
0BC450
0BBE00
0BB700
0BAF60
0BA720
0B9E30
0B94A0
0B8A60
0B7F90
0B7400
0B67E0
0B5B10
0B4DA0
0B3F90
0B30D0
0B2170
0B1170
0B00C0
0AEF90
0ADDD0
0ACB80
0AB8B0
0AA550
0A9170
0A7D00
0A6800
0A5270
0A3C60
0A25D0
0A0EA0
09F6F0
09DEC0
09C5F0
09ACB0
0992F0
0978E0
095E70
094390
092850
090CB0
08F0B0
08D440
08B780
089A50
087CC0
085EC0
084070
0821B0
080290
07E310
07C350
07A360
078340
0762E0
074240
072170
070070
06DF30
06BDB0
069C00
067A20
065800
0635B0
061320
05F050
05CD60
05AA50
058740
056430
054110
051DE0
04FAB0
04D780
04B440
0490F0
046DA0
044A40
0426D0
040370
03DFF0
03BC70
0398F0
037580
035240
032F20
030C20
02E940
02C680
02A3E0
028170
025F10
023CE0
021AD0
01F8E0
01D710
01B560
0193D0
017260
015140
013060
010FD0
00EF80
00CF80
00AFC0
009040
007110
005230
003380
001530
FFF720
FFD950
FFBBD0
FF9E90
FF8190
FF6500
FF48D0
FF2D00
FF1190
FEF680
FEDBD0
FEC180
FEA790
FE8E10
FE74E0
FE5C20
FE43B0
FE2BB0
FE1410
FDFCD0
FDE5E0
FDCF70
FDB970
FDA3E0
FD8EC0
FD7A10
FD65D0
FD51F0
FD3E90
FD2BA0
FD1910
FD0700
FCF560
FCE420
FCD360
FCC300
FCB320
FCA3A0
FC94A0
FC8600
FC77E0
FC6A20
FC5CE0
FC5010
FC43A0
FC37B0
FC2C30
FC2110
FC1670
FC0C40
FC0270
FBF920
FBF040
FBE7C0
FBDFA0
FBD7F0
FBD0A0
FBC9C0
FBC340
FBBD20
FBB760
FBB210
FBAD20
FBA8A0
FBA480
FBA0C0
FB9D70
FB9A80
FB97F0
FB95B0
FB93D0
FB9230
FB90F0
FB8FF0
FB8F40
FB8EF0
FB8EE0
FB8F30
FB8FC0
FB90B0
FB91E0
FB9370
FB9550
FB9770
FB99F0
FB9CA0
FB9F80
FBA290
FBA5E0
FBA960
FBAD10
FBB0F0
FBB510
FBB960
FBBDE0
FBC290
FBC780
FBCCA0
FBD1F0
FBD770
FBDD30
FBE300
FBE8E0
FBEEE0
FBF4F0
FBFB10
FC0140
FC0790
FC0DF0
FC1470
FC1B00
FC21A0
FC2850
FC2F20
FC3600
FC3D00
FC4400
FC4B00
FC5200
FC58F0
FC5FD0
FC66A0
FC6D70
FC7430
FC7AF0
FC81A0
FC8840
FC8EE0
FC9570
FC9BF0
FCA270
FCA8E0
FCAF40
FCB580
FCBBA0
FCC1A0
FCC770
FCCD30
FCD2C0
FCD820
FCDD70
FCE290
FCE790
FCEC70
FCF130
FCF5C0
FCFA40
FCFE90
FD02B0
FD06B0
FD0A70
FD0DF0
FD1140
FD1460
FD1740
FD19E0
FD1C60
FD1EA0
FD20A0
FD2270
FD2410
FD2570
FD2690
FD2790
FD2840
FD28C0
FD2900
FD2900
FD28D0
FD2850
FD2790
FD26A0
FD2560
FD23F0
FD2240
FD2050
FD1E10
FD1BA0
FD1900
FD1610
FD12E0
FD0F80
FD0BD0
FD07F0
FD03D0
FCFF70
FCFAD0
FCF5F0
FCF0E0
FCEB80
FCE5F0
FCE020
FCDA10
FCD3C0
FCCD30
FCC670
FCBF60
FCB830
FCB0C0
FCA920
FCA160
FC9960
FC9130
FC88D0
FC8030
FC7770
FC6E80
FC6550
FC5C00
FC5270
FC48B0
FC3EC0
FC34B0
FC2A70
FC2010
FC1590
FC0B00
FC0050
FBF580
FBEA90
FBDF80
FBD450
FBC900
FBBDA0
FBB210
FBA670
FB9AB0
FB8ED0
FB82D0
FB76D0
FB6AD0
FB5EC0
FB52B0
FB46A0
FB3A90
FB2E80
FB2260
FB1650
FB0A20
FAFE00
FAF1E0
FAE5B0
FAD980
FACD50
FAC120
FAB500
FAA900
FA9D10
FA9130
FA8580
FA79D0
FA6E40
FA62D0
FA5770
FA4C20
FA40F0
FA35E0
FA2AE0
FA1FF0
FA1520
FA0A70
F9FFE0
F9F590
F9EB70
F9E180
F9D7C0
F9CE40
F9C4F0
F9BBC0
F9B2D0
F9AA20
F9A190
F99930
F99110
F98920
F98160
F979D0
F97290
F96B90
F964E0
F95E70
F95850
F95270
F94CE0
F94790
F94290
F93DD0
F93960
F93530
F93150
F92DB0
F92A60
F92750
F924A0
F92240
F92030
F91E80
F91D20
F91C20
F91B70
F91B10
F91B10
F91B60
F91C10
F91D00
F91E60
F92000
F92200
F92460
F92710
F92A10
F92D80
F93140
F93560
F939D0
F93EA0
F943D0
F94960
F94F40
F95580
F95C10
F96300
F96A50
F97200
F97A00
F98260
F98B10
F99410
F99D70
F9A720
F9B120
F9BB80
F9C630
F9D130
F9DC90
F9E840
F9F440
FA00A0
FA0D50
FA1A60
FA27B0
FA3560
FA4340
FA5170
FA5FF0
FA6EA0
FA7DA0
FA8CF0
FA9C80
FAAC50
FABC70
FACCD0
FADD80
FAEE70
FAFFA0
FB1110
FB22E0
FB34D0
FB46F0
FB5930
FB6BB0
FB7E60
FB9140
FBA450
FBB790
FBCAF0
FBDE90
FBF260
FC0650
FC1A80
FC2ED0
FC4360
FC5810
FC6CE0
FC81C0
FC96B0
FCABB0
FCC0D0
FCD5F0
FCEB30
FD0080
FD15F0
FD2B60
FD40F0
FD5690
FD6C40
FD8200
FD97E0
FDADD0
FDC3B0
FDD990
FDEF50
FE0520
FE1AD0
FE3080
FE4630
FE5BC0
FE7150
FE86E0
FE9C50
FEB1C0
FEC730
FEDC90
FEF1E0
FF0720
FF1C40
FF3140
FF4610
FF5AC0
FF6F50
FF83B0
FF97E0
FFAC00
FFBFE0
FFD3B0
FFE750
FFFAD0
000E20
002150
003450
004730
0059D0
006C30
007E60
009050
00A1F0
00B360
00C490
00D590
00E640
00F6C0
0106F0
0116F0
0126B0
013630
014580
015480
016340
0171B0
017FD0
018DA0
019B30
01A860
01B550
01C1F0
01CE40
01DA40
01E600
01F170
01FC80
020760
0211E0
021C10
0225F0
022F90
0238C0
0241B0
024A50
025290
025A80
026220
026970
027070
027710
027D60
028370
028910
028E70
029380
029830
029CA0
02A0C0
02A490
02A810
02AB30
02AE10
02B0B0
02B2F0
02B4E0
02B680
02B7D0
02B8E0
02B990
02BA00
02BA10
02B9F0
02B980
02B8D0
02B7F0
02B6C0
02B550
02B390
02B1A0
02AF70
02ACF0
02AA40
02A740
02A400
02A080
029CD0
0298C0
0294A0
029040
028BC0
028700
028220
027D10
0277E0
027270
026CE0
026720
026130
025B20
0254D0
024E60
0247C0
024100
023A20
023320
022C20
022500
021DE0
0216A0
020F40
0207E0
020060
01F8D0
01F130
01E980
01E1B0
01D9E0
01D1F0
01C9E0
01C1F0
01BA00
01B210
01AA30
01A250
019A80
0192B0
018AF0
018330
017B80
0173D0
016C30
016490
015D00
015580
014DF0
014690
013F50
013830
013130
012A40
012380
011CE0
011660
010FF0
0109B0
010390
00FD90
00F7A0
00F1E0
00EC40
00E6B0
00E160
00DC40
00D760
00D2B0
00CE20
00C9E0
00C5C0
00C1E0
00BE20
00BAB0
00B760
00B440
00B160
00AEB0
00AC40
00A9F0
00A7F0
00A620
00A490
00A340
00A240
00A160
00A0D0
00A080
00A070
00A090
00A100
00A1A0
00A280
00A3A0
00A500
00A6A0
00A880
00AAA0
00AD00
00AF90
00B270
00B590
00B8F0
00BC90
00C070
00C490
00C8F0
00CD80
00D260
00D780
00DCE0
00E280
00E850
00EE60
00F4A0
00FB10
0101C0
0108A0
010FB0
011700
011E80
012630
012E20
013640
013EA0
014730
014FF0
0158E0
016200
016B40
0174A0
017E30
0187E0
0191B0
019BA0
01A5C0
01AFF0
01BA50
01C4D0
01CF80
01DA50
01E540
01F050
01FB80
0206C0
021210
021D60
0228C0
023420
023F90
024B00
025680
026210
026DA0
027930
0284E0
029080
029C40
02A800
02B3C0
02BF70
02CB10
02D6A0
02E210
02ED70
02F8C0
0303F0
030F10
031A20
032510
032FF0
033AC0
034570
035010
035AA0
036520
036F60
037970
038340
038CF0
039660
039FA0
03A8A0
03B170
03BA10
03C270
03CAB0
03D2B0
03DA70
03E210
03E970
03F090
03F770
03FE00
040430
040A20
040FC0
041500
041A00
041EB0
042300
042710
042AC0
042E30
043140
043400
043680
0438A0
043A60
043BC0
043CB0
043D40
043D70
043D30
043C90
043B80
043A10
043840
043600
043360
043060
042CF0
042920
0424F0
042040
041B30
0415A0
040FB0
040940
040260
03FB10
03F360
03EB30
03E290
03D980
03D000
03C610
03BBB0
03B0E0
03A590
0399E0
038DC0
038130
037430
0366C0
0358D0
034A80
033BC0
032C90
031CF0
030CE0
02FC60
02EB70
02DA10
02C840
02B5F0
02A350
029050
027CE0
026910
0254E0
024050
022B60
021600
020040
01EA20
01D3A0
01BCB0
01A570
018DC0
0175B0
015D40
014480
012B80
011220
00F890
00DEA0
00C470
00A9F0
008F30
007420
0058C0
003D20
002130
0004F0
FFE870
FFCBA0
FFAE90
FF9150
FF73E0
FF5650
FF3890
FF1AB0
FEFCA0
FEDE70
FEC010
FEA180
FE82D0
FE6400
FE4500
FE25D0
FE0680
FDE710
FDC760
FDA7C0
FD8820
FD6880
FD48D0
FD2930
FD0990
FCE9F0
FCCA40
FCAAA0
FC8B00
FC6B50
FC4BB0
FC2C10
FC0C60
FBECC0
FBCD10
FBAD90
FB8E40
FB6F20
FB5020
FB3140
FB1290
FAF410
FAD5B0
FAB780
FA9980
FA7BA0
FA5DF0
FA4060
FA2300
FA05C0
F9E8C0
F9CC00
F9AF90
F99380
F977B0
F95C40
F94110
F92640
F90BC0
F8F190
F8D7B0
F8BE20
F8A4F0
F88C00
F87370
F85B20
F84330
F82BB0
F814A0
F7FE00
F7E7D0
F7D210
F7BCD0
F7A7F0
F79390
F77FA0
F76C20
F75910
F74670
F73440
F72290
F71140
F70070
F6F020
F6E060
F6D120
F6C270
F6B440
F6A6A0
F69990
F68D00
F680F0
F67580
F66A80
F66010
F65630
F64CD0
F64400
F63BC0
F63400
F62CE0
F62650
F62050
F61AE0
F61600
F611B0
F60E00
F60AD0
F60840
F60640
F604D0
F603F0
F603B0
F603F0
F604D0
F60630
F60830
F60AB0
F60DC0
F61160
F61590
F61A50
F61FA0
F62580
F62BE0
F632E0
F63A60
F64280
F64B20
F65450
F65E10
F66850
F67300
F67E30
F689E0
F69610
F6A2B0
F6AFD0
F6BD70
F6CB90
F6DA20
F6E930
F6F8B0
F708C0
F71940
F72A40
F73BB0
F74D90
F75FC0
F77250
F78540
F79890
F7AC30
F7C040
F7D4A0
F7E960
F7FE80
F81400
F829E0
F84010
F856A0
F86D90
F884E0
F89C70
F8B430
F8CC20
F8E440
F8FCA0
F91540
F92E00
F94700
F96040
F979B0
F99350
F9AD20
F9C730
F9E180
F9FBF0
FA16B0
FA3160
FA4C30
FA6700
FA81E0
FA9CC0
FAB7C0
FAD2B0
FAEDC0
FB08D0
FB23F0
FB3F20
FB5A50
FB7590
FB90D0
FBAC30
FBC780
FBE2C0
FBFDE0
FC18E0
FC33B0
FC4E70
FC6900
FC8380
FC9DD0
FCB800
FCD210
FCEC00
FD05D0
FD1F80
FD3910
FD5270
FD6BC0
FD84C0
FD9D70
FDB5E0
FDCE10
FDE5F0
FDFD80
FE14D0
FE2BD0
FE4290
FE5900
FE6F20
FE8500
FE9AA0
FEAFF0
FEC500
FED9B0
FEEE10
FF0200
FF1580
FF28A0
FF3B60
FF4DB0
FF5FA0
FF7120
FF8230
FF92F0
FFA330
FFB320
FFC290
FFD1B0
FFE050
FFEEA0
FFFC60
0009B0
001690
0022F0
002ED0
003A30
004520
004FA0
005990
006310
006C20
0074B0
007CC0
008450
008B70
009220
009840
009DE0
00A310
00A7B0
00ABE0
00AF80
00B2B0
00B560
00B780
00B930
00BA60
00BB00
00BB30
00BAE0
00BA10
00B8C0
00B700
00B4C0
00B210
00AEE0
00AB40
00A730
00A2A0
009DA0
009830
009240
008BE0
008510
007DC0
007600
006DC0
006520
005C10
0052A0
0048D0
003EA0
003420
002930
001DE0
001230
000630
FFF9C0
FFECF0
FFDFD0
FFD240
FFC460
FFB610
FFA770
FF9880
FF8960
FF7A00
FF6A50
FF5A70
FF4A50
FF39F0
FF2950
FF1870
FF0750
FEF600
FEE460
FED280
FEC070
FEAE10
FE9B80
FE88D0
FE7610
FE6330
FE5040
FE3D30
FE2A10
FE16D0
FE0380
FDF020
FDDCA0
FDC900
FDB550
FDA190
FD8DB0
FD79C0
FD65C0
FD51C0
FD3DE0
FD2A10
FD1650
FD02A0
FCEF10
FCDB80
FCC810
FCB4B0
FCA160
FC8E30
FC7B00
FC67F0
FC54F0
FC4200
FC2F20
FC1C80
FC0A20
FBF7F0
FBE600
FBD450
FBC2D0
FBB190
FBA090
FB8FC0
FB7F40
FB6EF0
FB5ED0
FB4EF0
FB3F50
FB2FF0
FB20C0
FB11F0
FB0380
FAF570
FAE7B0
FADA50
FACD50
FAC0B0
FAB470
FAA880
FA9CF0
FA91C0
FA86F0
FA7C70
FA7260
FA68A0
FA5F30
FA5640
FA4DD0
FA45C0
FA3E30
FA3710
FA3060
FA2A30
FA2470
FA1F20
FA1A40
FA15D0
FA11E0
FA0E60
FA0B50
FA08C0
FA0690
FA04F0
FA03C0
FA0320
FA02F0
FA0340
FA0410
FA0560
FA0730
FA0980
FA0C40
FA0F90
FA1350
FA17A0
FA1C60
FA21A0
FA2760
FA2DA0
FA3450
FA3B80
FA4330
FA4B60
FA5410
FA5D30
FA66D0
FA70E0
FA7B80
FA8690
FA9220
FA9E30
FAAAB0
FAB7B0
FAC530
FAD320
FAE170
FAF030
FAFF60
FB0F00
FB1F00
FB2F70
FB4050
FB51A0
FB6350
FB7570
FB8800
FB9B00
FBAE60
FBC240
FBD670
FBEB00
FBFFE0
FC1510
FC2AA0
FC4070
FC5690
FC6D00
FC83C0
FC9AD0
FCB240
FCC9F0
FCE1F0
FCFA40
FD12F0
FD2BE0
FD4530
FD5EA0
FD7840
FD9210
FDAC00
FDC630
FDE080
FDFB00
FE15A0
FE3080
FE4B80
FE66B0
FE8210
FE9D90
FEB940
FED530
FEF130
FF0D50
FF2960
FF4580
FF61A0
FF7DC0
FF99F0
FFB610
FFD250
FFEE80
000AC0
002700
004340
005F80
007BD0
009820
00B480
00D0B0
00ECC0
0108A0
012470
014010
015B90
0176E0
019210
01AD20
01C810
01E2E0
01FD80
021800
023260
024C90
0266B0
028070
0299F0
02B330
02CC20
02E4C0
02FD20
031540
032D10
034490
035BC0
0372C0
038960
039FC0
03B5D0
03CBA0
03E130
03F650
040B00
041F50
043340
0446C0
0459E0
046CA0
047EF0
0490E0
04A260
04B380
04C430
04D480
04E470
04F400
050310
0511C0
051FF0
052DA0
053AD0
054790
0553D0
055FA0
056AF0
0575D0
058030
058A10
059380
059C70
05A4E0
05ACE0
05B470
05BB70
05C1F0
05C7F0
05CD70
05D270
05D6F0
05DAE0
05DE60
05E160
05E3D0
05E5C0
05E740
05E830
05E8A0
05E890
05E800
05E6F0
05E560
05E360
05E0E0
05DDE0
05DA60
05D660
05D1F0
05CD00
05C790
05C1A0
05BB30
05B450
05ACF0
05A510
059CB0
0593F0
058AB0
058110
0576F0
056C70
056180
055620
054A60
053E20
053180
052460
0516E0
0508F0
04FA90
04EBC0
04DC90
04CD00
04BD10
04ACE0
049C50
048B60
047A30
0468A0
0456B0
044480
0431F0
041F00
040BD0
03F840
03E460
03D020
03BB90
03A6D0
0391D0
037C90
036730
035180
033BA0
032590
030F40
02F8C0
02E200
02CB10
02B3F0
029C80
0284F0
026D20
025510
023CF0
0224C0
020C70
01F410
01DBA0
01C310
01AA70
0191B0
0178E0
016000
014700
012DF0
0114C0
00FB80
00E230
00C8C0
00AF60
009610
007CC0
006370
004A30
003100
0017E0
FFFEB0
FFE5A0
FFCC90
FFB390
FF9A90
FF81A0
FF68B0
FF4FD0
FF3700
FF1E50
FF05C0
FEED60
FED520
FEBD10
FEA510
FE8D50
FE75A0
FE5E30
FE46D0
FE2FA0
FE1890
FE01B0
FDEAF0
FDD460
FDBDE0
FDA7B0
FD91C0
FD7C00
FD6680
FD5130
FD3C30
FD2760
FD12D0
FCFE80
FCEA70
FCD690
FCC2F0
FCAF90
FC9C70
FC8980
FC76E0
FC6480
FC5260
FC4090
FC2F10
FC1DE0
FC0CF0
FBFC50
FBEC00
FBDBF0
FBCC40
FBBCC0
FBADA0
FB9EC0
FB9020
FB81E0
FB73E0
FB6630
FB58D0
FB4BD0
FB3F10
FB32B0
FB2690
FB1AC0
FB0F50
FB0430
FAF950
FAEED0
FAE4A0
FADAC0
FAD130
FAC7E0
FABEF0
FAB650
FAAE00
FAA600
FA9E50
FA96F0
FA8FD0
FA8910
FA8290
FA7C70
FA7690
FA7110
FA6BD0
FA66E0
FA6240
FA5DF0
FA5A00
FA5640
FA52D0
FA4FA0
FA4CC0
FA4A20
FA47D0
FA45C0
FA4400
FA4280
FA4140
FA4050
FA3FA0
FA3F40
FA3F20
FA3F50
FA3FC0
FA4070
FA4150
FA4270
FA43C0
FA4550
FA4710
FA4910
FA4B50
FA4DC0
FA5070
FA5350
FA5670
FA59D0
FA5D60
FA6120
FA6530
FA6950
FA6DB0
FA7230
FA76E0
FA7BB0
FA80B0
FA85D0
FA8B20
FA90A0
FA9640
FA9C10
FAA210
FAA830
FAAE80
FAB4F0
FABBA0
FAC250
FAC920
FAD010
FAD710
FADE30
FAE570
FAECC0
FAF420
FAFBA0
FB0340
FB0AF0
FB12C0
FB1AA0
FB22A0
FB2AB0
FB32E0
FB3B20
FB4370
FB4BC0
FB5410
FB5C80
FB64F0
FB6D70
FB7600
FB7E90
FB8730
FB8FD0
FB9890
FBA150
FBAA20
FBB2F0
FBBBD0
FBC4B0
FBCD90
FBD670
FBDF50
FBE830
FBF110
FBF9F0
FC02C0
FC0BA0
FC1480
FC1D50
FC2630
FC2F00
FC37E0
FC40B0
FC4990
FC5260
FC5B20
FC63E0
FC6CA0
FC7560
FC7E00
FC86B0
FC8F50
FC97F0
FCA080
FCA910
FCB1A0
FCBA20
FCC2A0
FCCB10
FCD380
FCDBE0
FCE440
FCEC90
FCF4E0
FCFD20
FD0550
FD0D70
FD15A0
FD1DB0
FD25C0
FD2DC0
FD35C0
FD3DB0
FD4590
FD4D70
FD5540
FD5D10
FD64D0
FD6C90
FD7440
FD7BF0
FD83A0
FD8B40
FD92E0
FD9A70
FDA200
FDA980
FDB100
FDB870
FDBFE0
FDC750
FDCEB0
FDD610
FDDD70
FDE4D0
FDEC20
FDF380
FDFAD0
FE0220
FE0970
FE10C0
FE1810
FE1F50
FE26A0
FE2DE0
FE3520
FE3C60
FE43A0
FE4AE0
FE5230
FE5980
FE60D0
FE6830
FE6F90
FE76F0
FE7E60
FE85D0
FE8D40
FE94C0
FE9C40
FEA3C0
FEAB50
FEB2E0
FEBA80
FEC220
FEC9D0
FED190
FED960
FEE130
FEE920
FEF110
FEF910
FF0110
FF0930
FF1150
FF1980
FF21C0
FF2A10
FF3260
FF3AD0
FF4340
FF4BD0
FF5470
FF5D20
FF65E0
FF6EC0
FF77B0
FF80A0
FF89C0
FF92E0
FF9C10
FFA560
FFAEC0
FFB830
FFC1C0
FFCB50
FFD500
FFDED0
FFE8B0
FFF2A0
FFFCB0
0006D0
001110
001B60
0025D0
003050
003AF0
0045A0
005070
005B50
006640
007150
007C70
0087B0
009310
009E80
00AA00
00B5A0
00C150
00CD20
00D910
00E500
00F120
00FD50
010990
0115F0
012260
012EF0
013B90
014850
015510
0161F0
016EF0
017C00
018920
019650
01A3A0
01B100
01BE80
01CC00
01D9A0
01E760
01F520
020310
0210F0
021EF0
022D00
023B20
024940
025780
0265C0
027410
028270
0290E0
029F60
02ADE0
02BC80
02CB30
02D9E0
02E8A0
02F770
030630
031510
0323E0
0332C0
0341A0
035080
035F70
036E50
037D50
038C40
039B40
03AA40
03B940
03C850
03D750
03E660
03F560
040450
041340
042220
043100
043FD0
044EA0
045D60
046C20
047AD0
048980
049820
04A6C0
04B550
04C3E0
04D250
04E0B0
04EF00
04FD40
050B60
051970
052770
053550
054320
0550E0
055E90
056C20
0579A0
058710
059460
05A1A0
05AEC0
05BBC0
05C8A0
05D550
05E1E0
05EE60
05FAB0
0606E0
0612F0
061ED0
062AA0
063640
0641C0
064D20
065860
066380
066E70
067930
0683C0
068E20
069860
06A270
06AC50
06B600
06BF80
06C8D0
06D200
06DAF0
06E3C0
06EC60
06F4D0
06FD20
070530
070D00
0714A0
071C00
072330
072A30
0730F0
073780
073DD0
0743E0
0749D0
074F70
0754F0
075A30
075F30
076400
076890
076CE0
077100
0774E0
077870
077BD0
077F00
0781E0
078490
0786F0
078920
078B20
078CD0
078E40
078F80
079080
079140
0791C0
079200
0791F0
0791B0
079130
079070
078F70
078E30
078CB0
078AF0
0788F0
0786B0
078430
078170
077E60
077B30
0777B0
0773F0
077000
076BC0
076750
0762A0
075DB0
075890
075320
074D80
074790
074170
073B10
073470
072DA0
072680
071F40
0717C0
071000
070800
06FFE0
06F770
06EEE0
06E600
06DCF0
06D3B0
06CA30
06C080
06B690
06AC60
06A210
069780
068CC0
0681D0
0676C0
066B70
066000
065450
064880
063C80
063040
0623E0
061750
060A90
05FDB0
05F090
05E340
05D5D0
05C840
05BA90
05ACC0
059EC0
0590A0
058270
057400
056580
0556E0
054810
053930
052A20
051AE0
050B90
04FC20
04EC90
04DCF0
04CD40
04BD80
04ADA0
049DB0
048DB0
047DA0
046D70
045D30
044CE0
043C80
042C00
041B80
040AE0
03FA20
03E970
03D8B0
03C800
03B740
03A680
0395C0
0384F0
037430
036360
035290
0341C0
0330F0
032020
030F40
02FE60
02ED90
02DCC0
02CC00
02BB50
02AAA0
029A10
028980
027910
0268A0
025840
0247F0
0237B0
022780
021760
020750
01F740
01E750
01D770
01C7C0
01B820
01A8A0
019940
018A10
017AF0
016BF0
015D10
014E50
013FB0
013140
0122E0
0114A0
010680
00F870
00EAA0
00DD00
00CF90
00C250
00B540
00A850
009BA0
008F20
0082D0
0076A0
006AB0
005EE0
005350
0047E0
003CB0
0031A0
0026E0
001C50
001200
0007F0
FFFE10
FFF480
FFEB30
FFE210
FFD930
FFD090
FFC830
FFC010
FFB830
FFB080
FFA920
FFA1F0
FF9B10
FF9470
FF8E20
FF8810
FF8250
FF7CE0
FF77A0
FF72C0
FF6E20
FF69C0
FF65B0
FF61E0
FF5E60
FF5B20
FF5830
FF5590
FF5330
FF5120
FF4F60
FF4DF0
FF4CE0
FF4C00
FF4B80
FF4B50
FF4B70
FF4BE0
FF4C90
FF4DA0
FF4EF0
FF50A0
FF5290
FF54D0
FF5760
FF5A50
FF5D80
FF6100
FF64D0
FF6900
FF6D70
FF7230
FF7740
FF7CA0
FF8260
FF8860
FF8EB0
FF9550
FF9C40
FFA390
FFAB20
FFB2F0
FFBB20
FFC390
FFCC50
FFD550
FFDEB0
FFE850
FFF240
FFFC80
000700
0011D0
001CF0
002860
003410
004020
004C60
0058E0
0065B0
0072B0
008000
008D90
009B60
00A970
00B7C0
00C650
00D520
00E430
00F390
010320
011300
012320
013370
0143F0
0154A0
016580
017690
0187D0
019950
01AAF0
01BCC0
01CED0
01E110
01F380
020610
0218E0
022BE0
023F20
025260
0265D0
027960
028D00
02A0C0
02B490
02C890
02DCA0
02F0D0
030520
031980
032E10
0342B0
035770
036C40
038140
039630
03AB30
03C030
03D530
03EA30
03FF30
041440
042940
043E50
045360
046870
047D80
049290
04A7B0
04BCD0
04D1E0
04E6F0
04FBD0
0510A0
052560
053A00
054E80
0562E0
057730
058B70
059F90
05B390
05C780
05DB50
05EF00
0602A0
061620
062970
063C80
064F60
066210
067480
0686C0
0698D0
06AAA0
06BC30
06CD90
06DEC0
06EFB0
070070
071100
072150
073170
074140
0750B0
075FE0
076EB0
077D40
078B70
079960
07A6F0
07B440
07C130
07CDD0
07DA30
07E630
07F1E0
07FD40
080850
081300
081D40
082710
083090
083990
084230
084A70
085240
0859B0
0860B0
086750
086D90
087350
0878C0
087DC0
088250
088670
088A20
088D50
089010
089250
089420
089580
089660
0896C0
0896C0
089630
089540
0893D0
0891E0
088F90
088CB0
088960
088590
088140
087C70
087720
087160
086B10
086450
085D00
085540
084D00
084430
083AF0
083130
0826F0
081C40
081100
080550
07F920
07EC80
07DF50
07D1B0
07C3A0
07B500
07A600
079670
078670
0775F0
0764F0
075370
074180
072F20
071C40
070900
06F540
06E120
06CC90
06B790
06A220
068C40
067600
065F40
064820
063080
061880
060010
05E730
05CDF0
05B440
059A50
058000
056550
054A60
052F00
051360
04F750
04DB00
04BE50
04A150
0483F0
046630
044830
0429D0
040B10
03EC20
03CD00
03ADA0
038E10
036E40
034E30
032E00
030D80
02ECE0
02CBF0
02AAE0
028990
026800
024640
022450
020220
01DFD0
01BD80
019B20
0178A0
015620
013380
0110D0
00EE10
00CB40
00A850
008560
006250
003F40
001C10
FFF8D0
FFD580
FFB240
FF8F20
FF6C10
FF4920
FF2640
FF0370
FEE0C0
FEBE20
FE9B90
FE7920
FE56C0
FE3480
FE1250
FDF040
FDCE30
FDAC50
FD8AA0
FD6930
FD47F0
FD2700
FD0640
FCE5D0
FCC590
FCA590
FC85C0
FC6640
FC4700
FC27F0
FC0920
FBEA90
FBCC40
FBAE20
FB9070
FB7320
FB5630
FB39A0
FB1D70
FB01A0
FAE630
FACB30
FAB080
FA9640
FA7C50
FA62D0
FA49B0
FA30E0
FA1880
FA0090
F9E900
F9D200
F9BB70
F9A570
F98FE0
F97AC0
F96630
F95210
F93E70
F92B50
F918B0
F90680
F8F4D0
F8E3A0
F8D2F0
F8C2B0
F8B310
F8A3F0
F89560
F88770
F87A00
F86D20
F860E0
F85520
F849F0
F83F50
F83540
F82BC0
F822D0
F81A70
F812A0
F80B50
F804A0
F7FE90
F7F900
F7F410
F7EFB0
F7EBF0
F7E8C0
F7E610
F7E410
F7E290
F7E1B0
F7E160
F7E1A0
F7E280
F7E3E0
F7E5F0
F7E880
F7EBA0
F7EF40
F7F380
F7F850
F7FDB0
F803A0
F80A20
F81120
F818C0
F820F0
F829A0
F832F0
F83CC0
F84730
F85220
F85D90
F86980
F875F0
F882E0
F89040
F89E30
F8AC90
F8BB60
F8CAC0
F8DA90
F8EAF0
F8FBC0
F90D00
F91ED0
F93110
F943E0
F95700
F96A80
F97E70
F992C0
F9A770
F9BC80
F9D200
F9E7D0
F9FE10
FA14B0
FA2BB0
FA4320
FA5AE0
FA7310
FA8B90
FAA480
FABDB0
FAD720
FAF0D0
FB0AC0
FB24F0
FB3F60
FB5A10
FB7500
FB9030
FBAB90
FBC740
FBE330
FBFF60
FC1BC0
FC3870
FC5560
FC7260
FC8F80
FCACC0
FCCA20
FCE790
FD0520
FD22C0
FD4090
FD5E70
FD7C60
FD9A80
FDB8B0
FDD700
FDF560
FE13F0
FE3280
FE5120
FE6FA0
FE8E30
FEACA0
FECB10
FEE970
FF07D0
FF2610
FF4460
FF6290
FF80D0
FF9EF0
FFBD10
FFDB20
FFF930
001720
003500
0052A0
007020
008D80
00AAB0
00C7B0
00E480
010130
011DB0
013A10
015640
017240
018E20
01A9D0
01C560
01E0B0
01FBD0
0216A0
023130
024B80
026580
027F40
0298C0
02B1F0
02CAE0
02E390
02FBF0
031420
032C00
034390
035AF0
037200
0388B0
039F10
03B520
03CAE0
03E040
03F550
040A10
041E70
043280
044640
0459A0
046CB0
047F70
0491D0
04A3E0
04B590
04C6F0
04D7F0
04E890
04F8E0
0508D0
051860
052790
053670
0544E0
055300
0560C0
056E30
057B40
0587F0
059440
05A030
05ABD0
05B710
05C200
05CC90
05D6D0
05E0B0
05EA40
05F370
05FC40
0604C0
060CE0
0614B0
061C20
062340
062A00
063060
063680
063C50
0641D0
064700
064BE0
065080
0654C0
0658C0
065C70
065FD0
0662F0
0665B0
066830
066A60
066C40
066DD0
066F30
067040
067120
0671C0
067230
067260
067250
067200
067180
0670B0
066FB0
066E80
066D00
066B50
066960
066740
0664F0
066270
065FE0
065D20
065A30
065720
0653F0
0650A0
064D20
064970
0645B0
0641C0
063DB0
063970
063510
063080
062BF0
062740
062290
061DC0
0618E0
0613F0
060EF0
0609E0
0604C0
05FF90
05FA50
05F4F0
05EF90
05EA10
05E490
05DEF0
05D960
05D3C0
05CE30
05C8B0
05C320
05BD90
05B810
05B290
05AD10
05A790
05A210
059CA0
059730
0591C0
058C50
0586E0
058180
057C40
057700
0571D0
056CB0
0567B0
0562B0
055DC0
0558E0
055410
054F60
054AB0
054610
054180
053D00
053890
053440
053000
052BD0
0527C0
0523D0
051FF0
051C20
051870
0514E0
051160
050DF0
050AA0
050760
050440
050140
04FE40
04FB70
04F8A0
04F5F0
04F360
04F0D0
04EE70
04EC10
04E9D0
04E7A0
04E590
04E390
04E1A0
04DFD0
04DE10
04DC70
04DAD0
04D950
04D7E0
04D680
04D530
04D3F0
04D2C0
04D1A0
04D080
04CF80
04CE90
04CDB0
04CCE0
04CC20
04CB70
04CAD0
04CA30
04C9A0
04C920
04C890
04C800
04C780
04C6F0
04C670
04C5F0
04C570
04C4F0
04C480
04C400
04C390
04C310
04C2A0
04C230
04C1B0
04C120
04C090
04BFE0
04BF30
04BE60
04BD90
04BCB0
04BBC0
04BAD0
04B9C0
04B8B0
04B780
04B650
04B510
04B3C0
04B250
04B0C0
04AF10
04AD40
04AB50
04A940
04A710
04A4C0
04A240
049FB0
049D00
049A30
049730
049420
0490F0
048D90
048A10
048660
048270
047E60
047A20
0475B0
047100
046C30
046730
046200
045CA0
045710
045150
044B60
044540
043EF0
043860
043190
042A90
042350
041BE0
041420
040C30
040400
03FBA0
03F300
03EA20
03E100
03D7A0
03CE10
03C440
03BA40
03AFF0
03A560
039A90
038F90
038440
0378B0
036CE0
0360C0
035470
0347E0
033B10
032DF0
0320A0
031300
030530
02F710
02E8C0
02DA20
02CB50
02BC40
02ACE0
029D50
028D80
027D70
026D20
025CA0
024BD0
023AC0
022980
0217F0
020630
01F430
01E1F0
01CF80
01BCE0
01AA00
0196F0
0183B0
017040
015C90
0148A0
013480
012030
010BB0
00F6F0
00E200
00CCE0
00B780
00A200
008C60
007690
0060A0
004A90
003450
001E00
000770
FFF0D0
FFDA00
FFC310
FFAC00
FF94C0
FF7D60
FF65E0
FF4E40
FF3680
FF1EC0
FF06F0
FEEF10
FED710
FEBF10
FEA710
FE8EF0
FE76C0
FE5E80
FE4640
FE2DE0
FE1580
FDFD00
FDE480
FDCBF0
FDB360
FD9AF0
FD8280
FD6A10
FD51C0
FD3970
FD2130
FD0900
FCF0D0
FCD8B0
FCC0A0
FCA8A0
FC90A0
FC78B0
FC60D0
FC4900
FC3150
FC19C0
FC0260
FBEB10
FBD400
FBBD00
FBA630
FB8F90
FB7900
FB62A0
FB4C60
FB3650
FB2060
FB0A90
FAF4F0
FADF70
FACA30
FAB530
FAA070
FA8BE0
FA77A0
FA63A0
FA4FD0
FA3C50
FA2900
FA1600
FA0330
F9F0A0
F9DE60
F9CC50
F9BA80
F9A8F0
F997B0
F986D0
F97630
F965F0
F95610
F94670
F93720
F92830
F91990
F90B40
F8FD50
F8EFA0
F8E250
F8D550
F8C8A0
F8BC50
F8B050
F8A4C0
F89990
F88ED0
F88460
F87A60
F870C0
F86780
F85EA0
F85630
F84E20
F84670
F83F20
F83840
F831C0
F82B90
F825E0
F82090
F81BB0
F81740
F81330
F80F90
F80C60
F80990
F80730
F80530
F803A0
F80280
F801D0
F80180
F801A0
F80220
F80310
F80470
F80640
F80880
F80B20
F80E30
F811A0
F81590
F819E0
F81EA0
F823C0
F82960
F82F60
F835D0
F83CA0
F843F0
F84B90
F853A0
F85C10
F864E0
F86E20
F877C0
F881C0
F88C20
F896E0
F8A210
F8ADA0
F8B990
F8C5E0
F8D2A0
F8DFC0
F8ED40
F8FB20
F90950
F917D0
F926B0
F935E0
F94570
F95550
F96590
F97620
F98700
F99840
F9A9E0
F9BBC0
F9CE10
F9E0A0
F9F3A0
FA06D0
FA1A40
FA2E00
FA4200
FA5640
FA6AC0
FA7F90
FA94A0
FAA9F0
FABF80
FAD550
FAEB70
FB01C0
FB1860
FB2F40
FB4670
FB5DC0
FB7540
FB8CF0
FBA4C0
FBBCD0
FBD500
FBED70
FC0600
FC1EC0
FC37A0
FC50C0
FC6A10
FC8380
FC9D20
FCB6F0
FCD0F0
FCEB00
FD0530
FD1F60
FD39C0
FD5420
FD6EA0
FD8930
FDA3D0
FDBE90
FDD960
FDF440
FE0F40
FE2A50
FE4570
FE60B0
FE7C00
FE9750
FEB290
FECDE0
FEE920
FF0470
FF1FB0
FF3AF0
FF5620
FF7160
FF8CA0
FFA7D0
FFC300
FFDE30
FFF960
001490
002FC0
004AD0
0065D0
0080B0
009B70
00B620
00D0C0
00EB40
0105A0
011FF0
013A20
015440
016E40
018830
01A200
01BBC0
01D560
01EED0
020820
022140
023A40
025300
026BA0
028420
029C60
02B480
02CC70
02E440
02FBE0
031350
032A90
0341B0
0358A0
036F50
0385D0
039C20
03B220
03C7F0
03DD90
03F2F0
040810
041D00
0431B0
044620
045A60
046E60
048230
0495C0
04A910
04BC20
04CEF0
04E180
04F3D0
0505D0
051790
052910
053A50
054B50
055C00
056C70
057CA0
058C90
059C40
05ABA0
05BAC0
05C9A0
05D830
05E670
05F480
060230
060FA0
061CD0
0629B0
063650
0642A0
064EA0
065A60
0665E0
067110
067BF0
0686A0
0690F0
069B00
06A4C0
06AE40
06B780
06C060
06C910
06D160
06D970
06E140
06E8C0
06F000
06F6F0
06FD90
0703F0
070A00
070FD0
071560
071AB0
071FB0
072470
0728F0
072D30
073120
0734D0
073840
073B70
073E60
074100
074360
074580
074750
0748F0
074A50
074B70
074C60
074D10
074D70
074DB0
074DA0
074D60
074CE0
074C20
074B20
0749F0
074870
0746C0
0744E0
0742C0
074070
073DF0
073B40
073860
073550
073210
072EA0
072B00
072730
072330
071EF0
071A90
071600
071130
070C40
070720
0701E0
06FC80
06F6F0
06F140
06EB70
06E580
06DF60
06D930
06D2C0
06CC40
06C590
06BEC0
06B7D0
06B0B0
06A980
06A220
069AC0
069340
068BB0
068410
067C50
067480
066C90
0664A0
065C90
065460
064C30
0643E0
063B70
063300
062A70
0621D0
061930
061090
0607E0
05FF20
05F660
05EDA0
05E4D0
05DC00
05D320
05CA40
05C150
05B860
05AF60
05A660
059D60
059450
058B60
058260
057970
057090
0567B0
055ED0
055600
054D30
054460
053BA0
0532F0
052A40
052190
0518E0
051050
0507C0
04FF40
04F6D0
04EE80
04E640
04DE00
04D5E0
04CDD0
04C5D0
04BDF0
04B610
04AE40
04A690
049EF0
049760
048FD0
048870
048120
047A00
0472E0
046BF0
046510
045E50
0457A0
045120
044AB0
044450
043E20
043800
043200
042C10
042650
0420A0
041B10
0415A0
041060
040B30
040620
040140
03FC70
03F7D0
03F340
03EED0
03EA90
03E660
03E260
03DE70
03DAB0
03D700
03D380
03D020
03CCE0
03C9C0
03C6C0
03C3F0
03C130
03BEA0
03BC30
03B9E0
03B7B0
03B5A0
03B3B0
03B1E0
03B040
03AEB0
03AD50
03AC00
03AAD0
03A9C0
03A8E0
03A810
03A760
03A6D0
03A660
03A610
03A5D0
03A5C0
03A5D0
03A600
03A640
03A6A0
03A720
03A7B0
03A860
03A920
03AA00
03AAF0
03AC00
03AD20
03AE60
03AFC0
03B130
03B2B0
03B450
03B610
03B7E0
03B9B0
03BBA0
03BDA0
03BFA0
03C1B0
03C3E0
03C610
03C840
03CA90
03CCF0
03CF50
03D1D0
03D450
03D6E0
03D980
03DC20
03DED0
03E180
03E430
03E6E0
03E990
03EC40
03EEF0
03F1B0
03F460
03F710
03F9D0
03FC80
03FF40
0401F0
0404B0
040770
040A20
040CC0
040F50
0411D0
041450
0416B0
041910
041B60
041DA0
041FD0
0421F0
042400
042610
042800
0429F0
042BD0
042D90
042F30
0430C0
043230
043380
0434C0
0435D0
0436D0
0437C0
043880
043930
0439C0
043A30
043A90
043AC0
043AF0
043AE0
043AB0
043A60
0439D0
043930
043860
043760
043640
0434F0
043380
0431E0
043020
042E30
042C10
0429D0
042770
0424D0
042200
041F10
041BE0
041880
0414E0
041120
040D30
040900
0404B0
040020
03FB60
03F670
03F150
03EC00
03E670
03E0C0
03DAC0
03D4A0
03CE30
03C7A0
03C0D0
03B9C0
03B280
03AB10
03A360
039B70
039360
038B00
038280
0379B0
0370C0
036790
035E20
035480
034AB0
0340A0
033660
032BE0
032130
031640
030B20
02FFD0
02F440
02E880
02DC80
02D050
02C3E0
02B750
02AA80
029D80
029050
0282F0
027560
0267A0
0259B0
024B90
023D30
022EB0
021FF0
021110
0201F0
01F2A0
01E330
01D380
01C3C0
01B3D0
01A3B0
019370
018310
017280
0161D0
015100
014000
012EE0
011D90
010C20
00FA80
00E8C0
00D6E0
00C4E0
00B2D0
00A0A0
008E60
007C00
006990
005700
004460
0031A0
001ED0
000BE0
FFF8E0
FFE5D0
FFD2A0
FFBF50
FFABF0
FF9890
FF8520
FF71B0
FF5E30
FF4AB0
FF3730
FF23B0
FF1020
FEFC80
FEE8F0
FED550
FEC1A0
FEAE00
FE9A40
FE8690
FE72D0
FE5F20
FE4B80
FE37E0
FE2460
FE10E0
FDFD70
FDEA10
FDD6B0
FDC370
FDB030
FD9D00
FD89E0
FD76D0
FD63D0
FD50D0
FD3DE0
FD2B10
FD1860
FD05D0
FCF360
FCE110
FCCEE0
FCBCC0
FCAAD0
FC98F0
FC8740
FC75A0
FC6420
FC52C0
FC4190
FC3070
FC1F60
FC0E90
FBFDF0
FBED80
FBDD30
FBCD20
FBBD30
FBAD80
FB9DF0
FB8E90
FB7F60
FB7060
FB6190
FB52E0
FB4470
FB3630
FB2810
FB1A30
FB0C90
FAFF20
FAF1F0
FAE500
FAD840
FACBB0
FABF60
FAB350
FAA780
FA9BE0
FA9070
FA8540
FA7A50
FA6FA0
FA6510
FA5AD0
FA50D0
FA4720
FA3DA0
FA3460
FA2B60
FA22A0
FA1A20
FA11F0
FA09F0
FA0230
F9FAC0
F9F380
F9EC90
F9E5D0
F9DF60
F9D920
F9D330
F9CD80
F9C810
F9C2E0
F9BDF0
F9B940
F9B4D0
F9B0B0
F9ACC0
F9A920
F9A5B0
F9A290
F99FB0
F99D10
F99AA0
F99880
F996A0
F99500
F99390
F99270
F99180
F990D0
F99070
F99040
F99050
F990A0
F99120
F991F0
F99300
F99440
F995D0
F99790
F99980
F99BA0
F99E00
F9A0A0
F9A370
F9A670
F9A9B0
F9AD20
F9B0C0
F9B4A0
F9B8B0
F9BD00
F9C180
F9C640
F9CB20
F9D040
F9D590
F9DB00
F9E0B0
F9E680
F9EC80
F9F2B0
F9F910
F9FFA0
FA0650
FA0D40
FA1450
FA1B90
FA2300
FA2AA0
FA3270
FA3A60
FA4270
FA4AA0
FA5300
FA5B70
FA6410
FA6CC0
FA75A0
FA7EA0
FA87D0
FA9110
FA9A70
FAA400
FAADB0
FAB770
FAC160
FACB70
FAD590
FADFD0
FAEA20
FAF490
FAFF20
FB09C0
FB1470
FB1F50
FB2A40
FB3540
FB4060
FB4B90
FB56F0
FB6250
FB6DE0
FB7970
FB8510
FB90D0
FB9C90
FBA870
FBB450
FBC050
FBCC60
FBD870
FBE4A0
FBF0E0
FBFD20
FC0980
FC15F0
FC2270
FC2F00
FC3BA0
FC4840
FC54F0
FC61B0
FC6E80
FC7B60
FC8840
FC9530
FCA230
FCAF40
FCBC60
FCC980
FCD6B0
FCE3F0
FCF130
FCFE90
FD0BF0
FD1950
FD26C0
FD3440
FD41C0
FD4F50
FD5CF0
FD6A90
FD7840
FD85F0
FD93B0
FDA170
FDAF50
FDBD20
FDCB10
FDD8F0
FDE6F0
FDF4F0
FE0300
FE1110
FE1F40
FE2D60
FE3BA0
FE49E0
FE5830
FE6680
FE74E0
FE8350
FE91D0
FEA050
FEAED0
FEBD70
FECC10
FEDAC0
FEE970
FEF840
FF0710
FF15F0
FF24E0
FF33D0
FF42E0
FF51F0
FF6100
FF7030
FF7F60
FF8EA0
FF9DF0
FFAD50
FFBCB0
FFCC30
FFDBB0
FFEB40
FFFAE0
000A90
001A50
002A20
003A00
0049E0
0059E0
0069E0
007A00
008A20
009A50
00AA90
00BAE0
00CB40
00DBB0
00EC30
00FCB0
010D50
011E00
012EB0
013F80
015050
016140
017230
018340
019450
01A570
01B6B0
01C7F0
01D940
01EA90
01FC00
020D70
021EF0
023080
024220
0253C0
026580
027740
028910
029AF0
02ACD0
02BED0
02D0D0
02E2E0
02F4F0
030710
031930
032B60
033D90
034FD0
036210
037450
0386A0
039900
03AB60
03BDD0
03D040
03E2B0
03F540
0407B0
041A30
042CB0
043F30
0451A0
046410
047680
048900
049B60
04ADD0
04C040
04D2B0
04E510
04F770
0509D0
051C40
052E90
0540D0
055300
056530
057740
058940
059B40
05AD30
05BF00
05D0D0
05E290
05F440
0605E0
061770
0628F0
063A70
064BC0
065CF0
066E10
067F00
068FE0
06A0A0
06B130
06C1B0
06D210
06E250
06F270
070270
071260
072220
0731C0
074150
0750A0
075FD0
076ED0
077D90
078C30
079AA0
07A8F0
07B700
07C4E0
07D2A0
07E020
07ED80
07FAB0
0807B0
081470
082120
082D80
0839A0
084590
085140
085CB0
0867E0
0872D0
087D90
088800
089240
089C40
08A600
08AF90
08B8D0
08C1E0
08CAB0
08D330
08DB70
08E370
08EB20
08F290
08F9B0
090090
090720
090D70
091370
091930
091EB0
0923E0
0928C0
092D60
0931C0
0935D0
093990
093D00
094020
094300
094590
0947D0
0949C0
094B70
094CC0
094DD0
094E90
094F10
094F30
094F10
094EA0
094DE0
094CE0
094B90
094A00
094810
0945F0
094370
0940B0
093DA0
093A50
0936B0
0932D0
092EA0
092A20
092560
092050
091AF0
091560
090F90
090980
090330
08FCA0
08F5D0
08EEC0
08E770
08DFE0
08D810
08D000
08C7A0
08BF10
08B640
08AD30
08A3F0
089A80
0890E0
088710
087D10
0872E0
086880
085DF0
085340
084850
083D30
0831F0
082670
081AD0
080EF0
0802F0
07F6D0
07EA90
07DE40
07D1D0
07C550
07B8B0
07AC00
079F30
079240
078540
077820
076AE0
075D90
075030
0742A0
073510
072770
0719D0
070C30
06FE90
06F0F0
06E350
06D5C0
06C820
06BA80
06ACE0
069F40
0691A0
068400
067660
0668C0
065B20
064D90
064020
0632D0
062590
061860
060B50
05FE60
05F170
05E4B0
05D800
05CB60
05BEE0
05B270
05A620
0599E0
058DC0
0581C0
057600
056A60
055EF0
0553B0
0548A0
053DB0
0532F0
052870
051E00
0513D0
0509D0
04FFF0
04F650
04ECD0
04E370
04DA60
04D180
04C8E0
04C070
04B840
04B050
04A8A0
04A120
0499D0
0492D0
048C00
048560
047F00
0478E0
047300
046D50
0467E0
0462C0
045DD0
045920
0454C0
045090
044CA0
044900
044590
044270
043F80
043CE0
043A70
043850
043670
0434C0
043360
043230
043140
043080
043000
042FC0
042FC0
042FF0
043070
043110
043200
043320
043480
043620
0437F0
043A00
043C40
043EB0
044140
044400
0446F0
044A10
044D60
0450E0
045480
045850
045C50
046080
0464D0
046950
046E10
0472E0
0477E0
047CE0
048200
048740
048C90
0491F0
049760
049CF0
04A290
04A850
04AE20
04B400
04BA00
04C010
04C640
04CC70
04D2B0
04D8E0
04DF10
04E530
04EB50
04F170
04F780
04FD90
0503A0
0509A0
050FA0
051590
051B90
052170
052760
052D40
053300
0538A0
053E10
054370
0548A0
054DB0
0552A0
055760
055C10
056090
0564F0
056930
056D50
057150
057520
0578D0
057C40
057F80
058270
058530
0587B0
0589F0
058BF0
058DB0
058F40
059080
059190
059260
0592F0
059340
059350
059320
0592A0
0591D0
0590B0
058F40
058D80
058B70
058900
058640
058340
057FE0
057C30
057830
0573E0
056F30
056A40
0564F0
055F50
055950
0552F0
054C40
054530
053DC0
0535F0
052DD0
052550
051C80
051340
0509B0
04FFD0
04F580
04EAE0
04DFE0
04D490
04C8E0
04BCD0
04B080
04A3C0
0496B0
048950
047B90
046D80
045F10
045050
044130
0431C0
0421F0
0411D0
040150
03F090
03DF80
03CE30
03BC90
03AAA0
039870
0385F0
037330
036020
034CD0
033930
032550
031120
02FCA0
02E7E0
02D2E0
02BDA0
02A840
0292B0
027CF0
026700
0250E0
023AA0
022430
020D90
01F6C0
01DFC0
01C890
01B140
0199C0
018200
016A30
015240
013A50
012250
010A50
00F240
00DA20
00C200
00A9D0
009190
007950
006110
0048B0
003060
0017F0
FFFF80
FFE700
FFCEA0
FFB660
FF9E40
FF8640
FF6E60
FF56A0
FF3F00
FF2780
FF1010
FEF8D0
FEE1A0
FECAA0
FEB3B0
FE9CE0
FE8630
FE6FB0
FE5960
FE4360
FE2DA0
FE1830
FE0300
FDEE10
FDD970
FDC510
FDB0F0
FD9D20
FD8990
FD7650
FD6350
FD5090
FD3E20
FD2BF0
FD1A30
FD08D0
FCF7D0
FCE740
FCD710
FCC750
FCB800
FCA910
FC9A80
FC8C60
FC7EA0
FC7150
FC6460
FC57E0
FC4BC0
FC4010
FC34D0
FC2A20
FC1FE0
FC1620
FC0CE0
FC0420
FBFBE0
FBF420
FBECE0
FBE610
FBDFC0
FBDA00
FBD4B0
FBCFE0
FBCB90
FBC7B0
FBC470
FBC1A0
FBBF60
FBBDA0
FBBC70
FBBBC0
FBBBA0
FBBC00
FBBCE0
FBBE50
FBC040
FBC2B0
FBC5B0
FBC930
FBCD40
FBD1D0
FBD6E0
FBDC70
FBE280
FBE900
FBF010
FBF7A0
FBFFA0
FC0820
FC1130
FC1AB0
FC24B0
FC2F30
FC3A30
FC45A0
FC51A0
FC5E20
FC6B00
FC7840
FC85F0
FC9410
FCA280
FCB160
FCC0B0
FCD060
FCE070
FCF0F0
FD01E0
FD1320
FD24D0
FD36F0
FD4970
FD5C50
FD6F80
FD82E0
FD9690
FDAA80
FDBEB0
FDD310
FDE7D0
FDFCC0
FE11F0
FE2760
FE3D20
FE5310
FE6950
FE7FD0
FE9690
FEAD80
FEC4A0
FEDBC0
FEF2F0
FF0A40
FF21A0
FF3910
FF50A0
FF6830
FF7FE0
FF97A0
FFAF70
FFC760
FFDF50
FFF760
000F80
0027B0
003FC0
0057C0
006F90
008740
009EE0
00B650
00CDA0
00E4E0
00FBF0
0112F0
0129C0
014080
015720
016D90
0183F0
019A30
01B020
01C5C0
01DB10
01F010
0204C0
021920
022D30
024100
025470
0267A0
027A70
028D00
029F40
02B130
02C2D0
02D420
02E4F0
02F550
030540
0314C0
0323C0
033250
034060
034E00
035B30
0367E0
037420
037FE0
038B30
039610
03A080
03AA70
03B3D0
03BCA0
03C4E0
03CC90
03D3C0
03DA50
03E060
03E5D0
03EAC0
03EF20
03F2E0
03F620
03F8D0
03FAF0
03FC80
03FD90
03FDF0
03FDD0
03FD10
03FBB0
03F9C0
03F740
03F420
03F070
03EC30
03E750
03E1D0
03DBD0
03D520
03CDF0
03C620
03BDB0
03B4C0
03AB40
03A140
0396A0
038B80
037FE0
0373A0
0366E0
035990
034BC0
033D50
032E60
031EF0
030EE0
02FE50
02ED30
02DBA0
02C9B0
02B740
02A460
029120
027D60
026940
0254B0
023FB0
022A40
021460
01FE10
01E750
01D020
01B880
01A080
018830
016FA0
0156D0
013DB0
012460
010AC0
00F0E0
00D6C0
00BC60
00A1B0
0086D0
006BA0
005030
003480
001880
FFFC50
FFE000
FFC3B0
FFA750
FF8AE0
FF6E60
FF51D0
FF3530
FF1880
FEFBD0
FEDF10
FEC230
FEA550
FE8860
FE6B60
FE4E50
FE3140
FE1450
FDF780
FDDAE0
FDBE70
FDA220
FD8600
FD6A00
FD4E40
FD3290
FD1710
FCFBC0
FCE0A0
FCC5A0
FCAAC0
FC9020
FC7590
FC5B70
FC41A0
FC2840
FC0F30
FBF670
FBDE20
FBC620
FBAE90
FB9750
FB8060
FB69E0
FB53B0
FB3DE0
FB2870
FB1360
FAFEB0
FAEA80
FAD6D0
FAC3A0
FAB100
FA9EF0
FA8D50
FA7C40
FA6BB0
FA5BB0
FA4C30
FA3D30
FA2EB0
FA20C0
FA1360
FA0670
F9FA10
F9EE50
F9E320
F9D8A0
F9CEB0
F9C570
F9BCC0
F9B4B0
F9AD40
F9A670
F9A030
F99AA0
F995B0
F99150
F98D90
F98A70
F98800
F98620
F984E0
F98450
F98460
F98510
F98670
F98860
F98B00
F98E40
F99230
F996B0
F99BE0
F9A1B0
F9A830
F9AF40
F9B700
F9BF50
F9C830
F9D1B0
F9DBC0
F9E660
F9F1A0
F9FD60
FA09D0
FA16C0
FA2450
FA3270
FA4120
FA5070
FA6050
FA70C0
FA81C0
FA9340
FAA530
FAB790
FACA60
FADDB0
FAF170
FB0590
FB1A40
FB2F50
FB44D0
FB5AD0
FB7140
FB8820
FB9F80
FBB740
FBCF80
FBE800
FC00C0
FC19C0
FC3310
FC4CA0
FC6670
FC8080
FC9AE0
FCB570
FCD050
FCEB80
FD06E0
FD2290
FD3E70
FD5AA0
FD7720
FD93A0
FDB020
FDCCC0
FDE960
FE0610
FE22C0
FE3F80
FE5C50
FE7930
FE9620
FEB310
FED010
FEED10
FF0A30
FF2750
FF4470
FF6170
FF7E40
FF9AE0
FFB750
FFD390
FFEFB0
000B90
002750
0042D0
005E30
007960
009450
00AF20
00C9C0
00E430
00FE80
011860
0131E0
014AF0
0163B0
017C00
019400
01AB90
01C2C0
01D990
01EFF0
020600
021BA0
0230F0
0245D0
025A50
026E60
028200
029500
02A780
02B970
02CAE0
02DBC0
02EC10
02FBD0
030B10
0319D0
0327F0
033590
0342B0
034F30
035B30
0366B0
037180
037BB0
038540
038E40
039690
039E40
03A540
03ABB0
03B180
03B6B0
03BB30
03BF20
03C270
03C510
03C710
03C880
03C940
03C960
03C8D0
03C7B0
03C5E0
03C370
03C060
03BCB0
03B850
03B360
03ADC0
03A780
03A090
039910
0390E0
038810
037EB0
0374C0
036A40
035F30
035390
034750
033A90
032D40
031F50
0310E0
0301E0
02F240
02E220
02D160
02C010
02AE40
029BF0
028940
027620
026290
024E90
023A30
022550
021010
01FA60
01E450
01CDC0
01B6D0
019F70
0187A0
016F60
0156C0
013DE0
0124C0
010B60
00F1D0
00D810
00BE00
00A3C0
008950
006E90
0053A0
003880
001D10
000180
FFE5A0
FFC990
FFAD40
FF90F0
FF74A0
FF5850
FF3C10
FF1FC0
FF0370
FEE720
FECAD0
FEAE80
FE9220
FE75D0
FE5980
FE3D30
FE20E0
FE0490
FDE830
FDCC20
FDB040
FD9490
FD7930
FD5E00
FD4300
FD2850
FD0DC0
FCF380
FCD970
FCBFA0
FCA600
FC8CA0
FC7380
FC5A90
FC41E0
FC29A0
FC11D0
FBFA70
FBE370
FBCCF0
FBB6D0
FBA120
FB8BF0
FB7720
FB62B0
FB4EC0
FB3B40
FB2830
FB1580
FB0340
FAF180
FAE040
FACFA0
FABF90
FAB020
FAA140
FA92F0
FA8540
FA7820
FA6B90
FA5FA0
FA5440
FA4970
FA3F40
FA35A0
FA2CA0
FA2420
FA1C60
FA1540
FA0ED0
FA0910
FA03F0
F9FF80
F9FBC0
F9F8B0
F9F640
F9F480
F9F370
F9F300
F9F340
F9F430
F9F5D0
F9F810
F9FB00
F9FEB0
FA0300
FA07F0
FA0DA0
FA1400
FA1B00
FA22C0
FA2B20
FA3430
FA3DF0
FA4860
FA5380
FA5F50
FA6BC0
FA78F0
FA86B0
FA9510
FAA410
FAB3A0
FAC3E0
FAD4B0
FAE620
FAF820
FB0AD0
FB1E10
FB31F0
FB4670
FB5B90
FB7140
FB8790
FB9E80
FBB5F0
FBCDD0
FBE630
FBFF10
FC1860
FC3230
FC4C70
FC6730
FC8270
FC9E20
FCBA50
FCD700
FCF420
FD11C0
FD2FD0
FD4E60
FD6D40
FD8C60
FDABD0
FDCB90
FDEB90
FE0BE0
FE2C80
FE4D60
FE6E90
FE9000
FEB1D0
FED3D0
FEF630
FF18D0
FF3BC0
FF5EF0
FF8240
FFA5A0
FFC910
FFEC90
001030
0033D0
005790
007B70
009F50
00C350
00E750
010B80
012FB0
0153F0
017850
019CC0
01C110
01E530
020930
022D10
0250D0
027470
0297E0
02BB30
02DE60
030160
032440
034700
0369A0
038C20
03AE70
03D0A0
03F280
041400
043530
045610
047690
0496C0
04B690
04D610
04F540
051410
053290
0550C0
056E90
058C10
05A930
05C610
05E260
05FE30
061990
063470
064ED0
0668C0
068230
069B10
06B390
06CB80
06E2F0
06F9F0
071070
072670
073C00
075100
076580
077960
078CA0
079F60
07B180
07C310
07D410
07E470
07F440
080380
081220
082030
082DB0
083AA0
0846F0
0852B0
085DD0
086860
087250
087BA0
088450
088C70
0893E0
089AD0
08A110
08A6C0
08ABD0
08B040
08B410
08B750
08B9F0
08BBF0
08BD60
08BE40
08BE90
08BE40
08BD70
08BC00
08BA00
08B770
08B440
08B090
08AC40
08A760
08A1F0
089BF0
089550
088E30
088680
087E60
0875D0
086CB0
086320
085920
084EA0
0843A0
083820
082C20
081FB0
0812D0
080560
07F780
07E930
07DA50
07CB20
07BBA0
07ABC0
079B80
078AF0
077A00
0768C0
075720
074530
0732E0
072030
070D30
06F9E0
06E620
06D220
06BDB0
06A920
069460
067F60
066A40
0654E0
063F60
0629B0
0613C0
05FDB0
05E760
05D0F0
05BA40
05A370
058C60
057520
055DC0
054650
052ED0
051740
04FFC0
04E820
04D080
04B8E0
04A130
048970
0471B0
0459E0
044210
042A30
041250
03FA60
03E260
03CA80
03B2C0
039B20
0383A0
036C30
0354E0
033DB0
032690
030F90
02F8B0
02E1F0
02CB40
02B4B0
029E40
0287F0
0271B0
025BB0
0245E0
023050
021AF0
0205C0
01F0D0
01DC10
01C790
01B340
019F20
018B40
017790
016420
0150E0
013DE0
012B00
011880
010640
00F440
00E290
00D120
00C000
00AF20
009E90
008E40
007E40
006E80
005F10
004FE0
004100
003260
002400
001600
000840
FFFAC0
FFEDA0
FFE0C0
FFD430
FFC7F0
FFBBF0
FFB040
FFA4E0
FF99D0
FF8F00
FF8480
FF7A50
FF7060
FF66C0
FF5D60
FF5450
FF4B80
FF42F0
FF3AB0
FF32B0
FF2AF0
FF2370
FF1C40
FF1550
FF0EA0
FF0830
FF0210
FEFC30
FEF690
FEF140
FEEC20
FEE720
FEE270
FEDDE0
FED980
FED560
FED170
FECDB0
FECA20
FEC6D0
FEC3B0
FEC0B0
FEBE00
FEBB70
FEB910
FEB6F0
FEB4E0
FEB2F0
FEB120
FEAF70
FEADE0
FEAC60
FEAB00
FEA9C0
FEA8A0
FEA790
FEA6B0
FEA5E0
FEA530
FEA490
FEA420
FEA3C0
FEA370
FEA310
FEA2C0
FEA270
FEA220
FEA1E0
FEA190
FEA150
FEA110
FEA0D0
FEA0A0
FEA060
FEA030
FEA000
FE9FD0
FE9FB0
FE9F70
FE9F10
FE9EB0
FE9E30
FE9DA0
FE9CF0
FE9C40
FE9B60
FE9A80
FE9980
FE9870
FE9750
FE9610
FE94C0
FE9360
FE91E0
FE9040
FE8E70
FE8C80
FE8A70
FE8830
FE85C0
FE8330
FE8070
FE7D90
FE7A80
FE7750
FE73F0
FE7070
FE6CD0
FE68F0
FE6500
FE60D0
FE5C60
FE57D0
FE5300
FE4E00
FE48D0
FE4370
FE3DD0
FE3800
FE31F0
FE2BC0
FE2550
FE1EB0
FE17E0
FE10D0
FE0990
FE0220
FDFA70
FDF290
FDEA70
FDE230
FDD9A0
FDD0E0
FDC7F0
FDBED0
FDB570
FDABD0
FDA210
FD9800
FD8DD0
FD8360
FD78B0
FD6DE0
FD62D0
FD57A0
FD4C30
FD4090
FD34C0
FD28C0
FD1C90
FD1030
FD03A0
FCF6E0
FCE9F0
FCDCC0
FCCF70
FCC1E0
FCB430
FCA650
FC9850
FC8A30
FC7BF0
FC6D80
FC5F00
FC5050
FC4180
FC3290
FC2380
FC1440
FC04F0
FBF570
FBE5D0
FBD610
FBC620
FBB630
FBA630
FB9610
FB85F0
FB75C0
FB6580
FB5530
FB44C0
FB3450
FB23D0
FB1340
FB02A0
FAF1F0
FAE130
FAD060
FABF70
FAAEA0
FA9DD0
FA8D00
FA7C40
FA6B80
FA5AD0
FA4A20
FA3970
FA28D0
FA1840
FA07B0
F9F720
F9E6A0
F9D630
F9C5B0
F9B550
F9A500
F994D0
F984B0
F974C0
F964F0
F95530
F94590
F93610
F926B0
F91770
F90850
F8F940
F8EA50
F8DB90
F8CCE0
F8BE40
F8AFE0
F8A1C0
F893C0
F885F0
F87860
F86B00
F85DD0
F850D0
F84400
F83770
F82B00
F81ED0
F812D0
F80700
F7FB60
F7EFF0
F7E4D0
F7D9E0
F7CF30
F7C4D0
F7BAB0
F7B0C0
F7A720
F79DC0
F794A0
F78BC0
F78310
F77AB0
F772A0
F76AC0
F76320
F75BC0
F754B0
F74DF0
F74770
F74140
F73B50
F735C0
F73060
F72B60
F726A0
F72230
F71E10
F71A30
F716A0
F71350
F71060
F70DA0
F70B40
F70920
F70760
F705D0
F704A0
F703B0
F70310
F702C0
F702C0
F70300
F70390
F70470
F705A0
F70710
F708D0
F70AE0
F70D30
F70FD0
F712B0
F715E0
F71950
F71D10
F72110
F72560
F72A00
F72ED0
F73400
F73960
F73F20
F74510
F74B60
F751E0
F758B0
F75FB0
F76700
F76E80
F77640
F77E40
F78680
F78EF0
F797B0
F7A0A0
F7A9D0
F7B340
F7BCF0
F7C6E0
F7D100
F7DB70
F7E600
F7F0D0
F7FBC0
F806F0
F81250
F81DE0
F829A0
F83590
F841B0
F84E00
F85A80
F86740
F87420
F88140
F88E80
F89C00
F8A9A0
F8B750
F8C530
F8D330
F8E150
F8EFA0
F8FE00
F90C80
F91B30
F929F0
F938E0
F947F0
F95710
F96660
F975D0
F98570
F99510
F9A4C0
F9B490
F9C470
F9D470
F9E470
F9F490
FA04C0
FA1500
FA2550
FA35C0
FA4640
FA56D0
FA6770
FA7830
FA88F0
FA99D0
FAAAA0
FABB80
FACC70
FADD60
FAEE50
FAFF50
FB1050
FB2150
FB3260
FB4380
FB54A0
FB65C0
FB76F0
FB8820
FB9950
FBAA90
FBBBC0
FBCCF0
FBDE30
FBEF60
FC0090
FC11B0
FC22E0
FC3410
FC4540
FC5660
FC6780
FC78B0
FC89D0
FC9AF0
FCAC10
FCBD30
FCCE40
FCDF40
FCF040
FD0140
FD1230
FD2320
FD3400
FD44E0
FD55B0
FD6680
FD7740
FD8800
FD98B0
FDA960
FDBA00
FDCAA0
FDDB30
FDEBC0
FDFC40
FE0CC0
FE1D30
FE2D90
FE3DF0
FE4E40
FE5E90
FE6ED0
FE7F10
FE8F40
FE9F70
FEAF90
FEBFA0
FECFB0
FEDFC0
FEEFB0
FEFFB0
FF0FA0
FF1F80
FF2F60
FF3F30
FF4F00
FF5EC0
FF6E80
FF7E30
FF8DE0
FF9D80
FFAD10
FFBCB0
FFCC30
FFDBC0
FFEB40
FFFAC0
000A30
0019A0
002910
003870
0047E0
005730
006690
0075E0
008530
009470
00A3B0
00B2F0
00C220
00D160
00E090
00EFD0
00FF00
010E30
011D50
012C80
013BA0
014AD0
0159F0
016910
017830
018750
019670
01A580
01B4A0
01C3B0
01D2D0
01E1E0
01F100
020010
020F30
021E40
022D60
023C70
024B90
025AA0
0269C0
0278D0
0287E0
029700
02A610
02B520
02C440
02D350
02E270
02F180
0300A0
030FB0
031EC0
032DE0
033CF0
034C10
035B20
036A40
037950
038870
039780
03A690
03B5A0
03C4B0
03D3C0
03E2C0
03F1D0
0400D0
040FD0
041ED0
042DD0
043CD0
044BC0
045AB0
0469B0
0478A0
048780
049660
04A540
04B410
04C2E0
04D1A0
04E060
04EF10
04FDC0
050C70
051B10
0529A0
053840
0546C0
055550
0563C0
057230
058090
058EE0
059D20
05AB50
05B980
05C790
05D590
05E380
05F170
05FF40
060D10
061AC0
062870
063610
064390
065110
065E70
066BB0
0678E0
0685F0
0692F0
069FE0
06ACB0
06B970
06C610
06D2A0
06DF10
06EB70
06F7C0
0703F0
071000
071C00
0727D0
073380
073F20
074A90
0755E0
076110
076C20
077700
0781D0
078C80
079700
07A170
07ABB0
07B5D0
07BFE0
07C9B0
07D360
07DCF0
07E650
07EF80
07F890
080170
080A20
0812B0
081B20
082360
082B70
083360
083B20
0842C0
084A30
085160
085870
085F50
086600
086C80
0872D0
0878F0
087EE0
0884A0
088A30
088F90
0894C0
0899C0
089E90
08A330
08A790
08ABD0
08AFE0
08B3B0
08B750
08BAC0
08BE00
08C100
08C3E0
08C680
08C8F0
08CB20
08CD30
08CF00
08D0B0
08D220
08D350
08D460
08D530
08D5D0
08D640
08D680
08D680
08D660
08D600
08D560
08D4A0
08D3A0
08D270
08D110
08CF80
08CDB0
08CBB0
08C980
08C720
08C4A0
08C1E0
08BEF0
08BBE0
08B890
08B520
08B170
08ADA0
08A990
08A560
08A100
089C60
0897A0
0892B0
088D90
088850
0882E0
087D40
087780
0871A0
086B90
086550
085EF0
085860
0851A0
084AC0
0843C0
083C90
083530
082DB0
082610
081E50
081660
080E60
080650
07FE10
07F5B0
07ED30
07E490
07DBE0
07D300
07CA00
07C0F0
07B7C0
07AE60
07A4F0
079B60
0791C0
078810
077E40
077460
076A70
076070
075650
074C10
0741D0
073770
072D00
072270
0717D0
070D20
070260
06F790
06ECB0
06E1D0
06D6E0
06CBE0
06C0E0
06B5D0
06AAC0
069FA0
069470
068940
067E00
0672B0
066760
065C10
0650A0
064540
0639D0
062E70
062300
061790
060C30
0600C0
05F550
05E9E0
05DE60
05D2F0
05C780
05BC00
05B090
05A510
0599A0
058E20
0582B0
057750
056BF0
056090
055540
0549F0
053EA0
053360
052820
051CF0
0511C0
0506A0
04FB70
04F060
04E540
04DA40
04CF30
04C440
04B950
04AE60
04A380
0498B0
048DF0
048320
047870
046DC0
046320
045880
044DF0
044360
0438F0
042E70
042410
0419B0
040F50
040500
03FAC0
03F090
03E660
03DC40
03D220
03C820
03BE10
03B420
03AA30
03A040
039670
038C90
0382D0
037900
036F40
036580
035BD0
035230
034880
033EE0
033550
032BC0
032230
0318B0
030F30
0305C0
02FC50
02F2E0
02E970
02E000
02D690
02CD30
02C3C0
02BA60
02B100
02A7A0
029E30
0294D0
028B80
028220
0278C0
026F60
026610
025CB0
025340
0249E0
024070
0236F0
022D70
0223F0
021A60
0210D0
020740
01FDA0
01F400
01EA50
01E0A0
01D6E0
01CD30
01C360
01B980
01AFA0
01A5B0
019BB0
0191A0
018780
017D50
017310
0168D0
015E70
015410
0149A0
013F20
013490
012A00
011F50
011480
0109B0
00FEC0
00F3C0
00E8B0
00DD80
00D240
00C6F0
00BB90
00B010
00A480
0098E0
008D30
008160
007580
006980
005D70
005150
004500
0038B0
002C30
001FA0
001300
000640
FFF960
FFEC70
FFDF70
FFD250
FFC510
FFB7B0
FFAA50
FF9CC0
FF8F20
FF8160
FF7390
FF65A0
FF57A0
FF4980
FF3B50
FF2CF0
FF1E90
FF1010
FF0170
FEF2B0
FEE3E0
FED500
FEC5F0
FEB6E0
FEA7B0
FE9870
FE8910
FE79A0
FE6A10
FE5A80
FE4AC0
FE3B00
FE2B20
FE1B30
FE0B20
FDFB00
FDEAC0
FDDA80
FDCA10
FDB9A0
FDA930
FD98A0
FD8810
FD7760
FD66B0
FD55F0
FD4530
FD3450
FD2370
FD1280
FD0180
FCF070
FCDF50
FCCE30
FCBD00
FCABD0
FC9A90
FC8960
FC7820
FC66F0
FC55B0
FC4470
FC3340
FC2200
FC10C0
FBFF80
FBEE40
FBDCF0
FBCBB0
FBBA70
FBA920
FB97F0
FB86C0
FB75B0
FB64A0
FB53B0
FB42C0
FB31F0
FB2120
FB1060
FAFFC0
FAEF20
FADEA0
FACE20
FABDB0
FAAD50
FA9D10
FA8CE0
FA7CD0
FA6CF0
FA5D20
FA4D80
FA3E00
FA2EA0
FA1F60
FA1040
FA0140
F9F260
F9E3A0
F9D510
F9C690
F9B840
F9AA00
F99C00
F98E40
F980A0
F97340
F96620
F95920
F94C70
F93FE0
F93390
F92770
F91B80
F90FD0
F90450
F8F910
F8EE00
F8E320
F8D890
F8CE40
F8C430
F8BA70
F8B100
F8A7D0
F89EE0
F89640
F88DE0
F885C0
F87DF0
F87670
F86F20
F86830
F86170
F85B10
F854F0
F84F30
F849C0
F844B0
F83FF0
F83B90
F83780
F833C0
F83060
F82D60
F82AA0
F82840
F82640
F82490
F82330
F82230
F82190
F82140
F82160
F821E0
F822C0
F823F0
F82590
F82790
F829E0
F82CA0
F82FC0
F83340
F83710
F83B50
F83FF0
F844E0
F84A40
F85010
F85630
F85CC0
F863B0
F86B00
F872C0
F87AE0
F88360
F88C40
F89590
F89F40
F8A960
F8B3D0
F8BEB0
F8C9F0
F8D590
F8E190
F8EE00
F8FAC0
F907E0
F91570
F92350
F931A0
F94040
F94F50
F95EB0
F96E80
F97EB0
F98F30
F9A020
F9B170
F9C310
F9D510
F9E760
F9FA00
FA0D00
FA2050
FA3400
FA4800
FA5C50
FA7100
FA8600
FA9B60
FAB110
FAC720
FADD70
FAF430
FB0B20
FB2260
FB39E0
FB51A0
FB69A0
FB81F0
FB9A80
FBB350
FBCC60
FBE5C0
FBFF60
FC1940
FC3360
FC4DC0
FC6870
FC8360
FC9E80
FCB9C0
FCD530
FCF0D0
FD0C90
FD2880
FD44A0
FD60F0
FD7D60
FD9A00
FDB6D0
FDD3C0
FDF0E0
FE0E30
FE2BB0
FE4950
FE6700
FE84C0
FEA290
FEC070
FEDE60
FEFC60
FF1A60
FF3880
FF56A0
FF74E0
FF9320
FFB170
FFCFD0
FFEE40
000CC0
002B50
0049D0
006830
008690
00A4D0
00C310
00E130
00FF40
011D50
013B40
015920
0176F0
0194B0
01B250
01CFF0
01ED80
020AF0
022840
024550
026240
027EF0
029B80
02B7D0
02D400
02F000
030BC0
032750
0342C0
035DF0
037900
0393D0
03AE80
03C8F0
03E320
03FD00
041690
042FD0
0448C0
046160
0479C0
0491D0
04A990
04C100
04D820
04EEF0
050580
051BC0
0531A0
054750
055C80
057160
0585D0
0599E0
05AD90
05C0D0
05D3C0
05E640
05F850
060A10
061B60
062C50
063CE0
064D00
065CD0
066C20
067B10
068990
069790
06A510
06B230
06BED0
06CB00
06D6C0
06E200
06ECD0
06F730
070120
070A90
071390
071C20
072430
072BD0
0732F0
0739A0
073FC0
074580
074AB0
074F70
0753B0
075780
075AD0
075DA0
076000
0761E0
076340
076430
0764A0
076490
076410
076320
0761B0
075FD0
075D70
075AA0
075750
075390
074F50
074AA0
074580
073FE0
0739D0
073340
072C30
0724C0
071CF0
0714B0
070C00
0702F0
06F970
06EF80
06E530
06DA80
06CF50
06C3C0
06B7D0
06AB70
069EA0
069170
0683D0
0675E0
0667A0
065900
064A10
063AD0
062B40
061B60
060B20
05FA90
05E9B0
05D880
05C700
05B520
05A2F0
059070
057D90
056A90
055750
0543D0
053020
051C40
050830
04F3E0
04DF60
04CAB0
04B5C0
04A0A0
048B50
0475C0
046000
044A10
0433E0
041DA0
040750
03F0F0
03DA70
03C3F0
03AD50
039690
037FD0
0368F0
035210
033B10
0323F0
030CD0
02F590
02DE50
02C6E0
02AF90
029850
028130
026A10
025300
023C00
022510
020E40
01F770
01E0B0
01CA10
01B370
019CF0
018670
017010
0159B0
014390
012DA0
0117E0
010260
00ED00
00D7E0
00C2F0
00AE30
0099A0
008550
007120
005D30
004970
0035E0
002290
000F60
FFFC90
FFEA00
FFD7D0
FFC5E0
FFB450
FFA310
FF9210
FF8170
FF7110
FF6110
FF5150
FF41F0
FF32D0
FF2410
FF1590
FF0770
FEF9B0
FEEC50
FEDF50
FED2C0
FEC690
FEBAC0
FEAF60
FEA460
FE99C0
FE8F90
FE85C0
FE7C50
FE7350
FE6AB0
FE6270
FE5AA0
FE5330
FE4C40
FE45C0
FE3FA0
FE3A00
FE34D0
FE3010
FE2BC0
FE27E0
FE2470
FE2170
FE1EE0
FE1CC0
FE1B10
FE19D0
FE1910
FE18B0
FE18C0
FE1950
FE1A40
FE1BB0
FE1D80
FE1FD0
FE2280
FE25B0
FE2950
FE2D60
FE31E0
FE36C0
FE3C20
FE41F0
FE4840
FE4EE0
FE55F0
FE5D60
FE6530
FE6D70
FE7620
FE7F20
FE8890
FE9270
FE9CB0
FEA750
FEB250
FEBDC0
FEC990
FED5D0
FEE270
FEEF60
FEFCA0
FF0A30
FF1810
FF2640
FF34C0
FF43A0
FF52C0
FF6230
FF71F0
FF8210
FF9270
FFA320
FFB420
FFC580
FFD720
FFE900
FFFB10
000D50
001FC0
003260
004540
005850
006B90
007F00
0092A0
00A680
00BA90
00CED0
00E340
00F7F0
010CC0
0121B0
0136B0
014BC0
0160D0
017600
018B40
01A090
01B5F0
01CB60
01E0E0
01F670
020C10
0221C0
023790
024D60
026340
027910
028ED0
02A480
02BA10
02CF90
02E500
02FA60
030FA0
0324D0
0339F0
034F00
0363F0
0378E0
038DB0
03A270
03B710
03CB90
03DFD0
03F3D0
0407A0
041B40
042EB0
0441E0
0454E0
0467A0
047A40
048CA0
049EC0
04B0B0
04C270
04D3F0
04E550
04F650
0506F0
051750
052750
053710
054670
055580
056440
0572A0
0580C0
058E80
059BF0
05A910
05B5E0
05C250
05CE80
05DA40
05E590
05F080
05FB10
060530
060EF0
061840
062130
0629B0
0631D0
063990
0640E0
0647C0
064E40
065460
065A10
065F50
066420
066880
066C70
066FF0
067300
0675A0
0677D0
067990
067AD0
067BB0
067C20
067C10
067BA0
067AB0
067960
067790
067560
0672B0
066FA0
066C20
066820
0663C0
065EF0
0659B0
065400
064DE0
064750
064050
0638F0
063110
0628C0
062010
061700
060D90
0603C0
05F990
05EEF0
05E3F0
05D890
05CCD0
05C0B0
05B430
05A750
059A00
058C50
057E50
056FE0
056120
055210
0542C0
053320
052330
051300
050270
04F1A0
04E090
04CF20
04BD70
04AB70
049920
048680
0473A0
046070
044D10
043980
0425D0
0411E0
03FDC0
03E980
03D510
03C070
03ABA0
0396A0
038170
036C20
035690
0340E0
032B00
0314E0
02FED0
02E8A0
02D270
02BC30
02A5E0
028F80
027920
0262B0
024C30
0235B0
021F20
020880
01F1D0
01DB20
01C450
01AD90
0196D0
018030
0169A0
015330
013CD0
012690
011060
00FA40
00E440
00CE60
00B880
00A2C0
008D20
007790
006210
004CB0
003780
002290
000DC0
FFF940
FFE4E0
FFD0C0
FFBCE0
FFA930
FF95B0
FF8270
FF6F60
FF5C80
FF49E0
FF3770
FF2540
FF1330
FF0180
FEF020
FEDF10
FECE50
FEBDE0
FEADB0
FE9DE0
FE8E60
FE7F20
FE7040
FE61A0
FE5360
FE4560
FE37B0
FE2A60
FE1D50
FE10A0
FE0460
FDF870
FDECE0
FDE1C0
FDD6F0
FDCC80
FDC280
FDB8D0
FDAF80
FDA6A0
FD9E10
FD95F0
FD8E20
FD86B0
FD7FB0
FD7900
FD72D0
FD6CF0
FD6780
FD6270
FD5DD0
FD5990
FD55C0
FD5240
FD4F40
FD4C90
FD4A50
FD4880
FD4710
FD4600
FD4550
FD4510
FD4530
FD45B0
FD4690
FD47D0
FD4980
FD4B80
FD4DF0
FD50B0
FD53E0
FD5770
FD5B70
FD5FC0
FD6480
FD6990
FD6F10
FD74E0
FD7B00
FD8180
FD8850
FD8F70
FD96E0
FD9EB0
FDA6D0
FDAF40
FDB800
FDC120
FDCA90
FDD450
FDDE70
FDE8D0
FDF3A0
FDFEA0
FE09E0
FE1560
FE2110
FE2D10
FE3950
FE45D0
FE5290
FE5F90
FE6CC0
FE7A40
FE8800
FE95F0
FEA430
FEB2B0
FEC160
FED040
FEDF40
FEEE70
FEFDB0
FF0D20
FF1CB0
FF2C70
FF3C50
FF4C50
FF5C70
FF6CC0
FF7D30
FF8DC0
FF9E70
FFAF50
FFC050
FFD160
FFE270
FFF380
0004B0
0015D0
002710
003850
004990
005AE0
006C40
007DA0
008F10
00A090
00B200
00C390
00D520
00E6A0
00F810
010970
011AB0
012BF0
013D10
014E20
015F20
017010
0180F0
0191C0
01A280
01B320
01C3C0
01D440
01E4B0
01F500
020520
021520
0224F0
0234A0
024430
025390
0262D0
0271E0
0280D0
028F90
029E30
02ACA0
02BAF0
02C920
02D720
02E4F0
02F280
02FFE0
030D00
0319F0
0326B0
033330
033F80
034B90
035770
036310
036E80
0379C0
0384C0
038F80
039A20
03A470
03AE90
03B860
03C200
03CB60
03D480
03DD60
03E610
03EE70
03F6A0
03FE90
040640
040DB0
0414E0
041BD0
042290
042900
042F40
043550
043B10
0440A0
0445E0
044AF0
044FD0
045460
0458C0
045CE0
0460C0
046460
0467D0
046B00
046DF0
0470A0
047330
047580
0477A0
047990
047B50
047CE0
047E30
047F50
048040
048100
048190
0481E0
048200
0481F0
0481B0
048140
0480C0
048000
047F30
047E30
047D20
047BD0
047A70
0478E0
047730
047560
047360
047140
046F00
046CA0
046A10
046770
0464C0
046200
045F30
045C40
045950
045640
045320
044FE0
044CA0
044950
0445E0
044260
043ED0
043B30
043770
0433C0
043010
042C50
0428A0
0424F0
042140
041D90
0419E0
041630
041270
040ED0
040B20
040770
0403C0
040010
03FC60
03F8C0
03F540
03F1C0
03EE50
03EAF0
03E7B0
03E470
03E140
03DE30
03DB20
03D820
03D540
03D260
03CFA0
03CCE0
03CA40
03C7B0
03C540
03C2F0
03C0B0
03BEA0
03BCA0
03BAC0
03B900
03B750
03B5C0
03B450
03B300
03B1D0
03B0B0
03AFB0
03AED0
03AE10
03AD70
03ACF0
03AC90
03AC50
03AC30
03AC30
03AC50
03ACA0
03AD00
03AD80
03AE30
03AEF0
03AFE0
03B0E0
03B210
03B350
03B4C0
03B640
03B7E0
03B9A0
03BB90
03BD90
03BFB0
03C1F0
03C440
03C6C0
03C960
03CC10
03CEF0
03D1E0
03D500
03D820
03DB60
03DEB0
03E220
03E5A0
03E930
03ECD0
03F080
03F450
03F830
03FC20
040030
040450
040880
040CC0
041120
041580
0419E0
041E40
0422B0
042720
042BA0
043020
0434A0
043920
043DB0
044240
0446D0
044B60
045000
0454A0
045950
045DE0
046270
0466E0
046B50
046FB0
0473F0
047830
047C60
048080
048480
048880
048C70
049050
049420
0497E0
049BA0
049F20
04A290
04A5E0
04A900
04AC00
04AED0
04B190
04B420
04B690
04B8E0
04BB00
04BD10
04BEF0
04C0B0
04C240
04C3C0
04C500
04C600
04C6D0
04C770
04C7D0
04C800
04C7F0
04C7B0
04C740
04C690
04C5A0
04C480
04C330
04C1A0
04BFE0
04BDF0
04BBB0
04B930
04B660
04B360
04B000
04AC70
04A890
04A480
04A010
049B70
049680
049150
048BD0
048620
048020
0479D0
047340
046C70
046540
045DD0
045610
044E00
0445B0
043D10
043420
042AE0
042160
041790
040D70
040300
03F850
03ED50
03E200
03D670
03CAA0
03BE70
03B200
03A550
039850
038B00
037D70
036F90
036170
035300
034440
033540
0325F0
031660
030690
02F680
02E630
02D5A0
02C4E0
02B3E0
02A2A0
029120
027F60
026D70
025B40
0248D0
023620
022330
021010
01FCA0
01E910
01D560
01C180
01AD80
019940
0184F0
017070
015BC0
0146E0
0131E0
011CC0
010770
00F1F0
00DC50
00C690
00B090
009A90
008480
006E70
005840
004210
002BD0
001580
FFFF20
FFE8B0
FFD240
FFBBC0
FFA530
FF8E90
FF77E0
FF6130
FF4A60
FF33B0
FF1D10
FF0680
FEF010
FED9A0
FEC350
FEAD10
FE96E0
FE80C0
FE6AB0
FE54C0
FE3EE0
FE2910
FE1350
FDFDA0
FDE800
FDD2A0
FDBD70
FDA870
FD93A0
FD7F10
FD6AB0
FD5680
FD4280
FD2EC0
FD1B30
FD07D0
FCF4B0
FCE1C0
FCCF00
FCBC70
FCAA10
FC9810
FC8660
FC74F0
FC63E0
FC5320
FC42B0
FC3290
FC22D0
FC1350
FC0420
FBF550
FBE6D0
FBD890
FBCAB0
FBBD20
FBAFE0
FBA310
FB96A0
FB8AA0
FB7F00
FB73D0
FB6910
FB5EB0
FB54C0
FB4B40
FB4220
FB3970
FB3120
FB2940
FB21D0
FB1AC0
FB1420
FB0DF0
FB0840
FB0300
FAFE40
FAFA00
FAF620
FAF2D0
FAEFE0
FAED80
FAEB80
FAEA10
FAE900
FAE870
FAE860
FAE8C0
FAE9A0
FAEAF0
FAECC0
FAEF10
FAF1D0
FAF520
FAF8E0
FAFD10
FB01D0
FB0700
FB0CA0
FB12D0
FB1970
FB2090
FB2830
FB3040
FB38D0
FB41D0
FB4B50
FB5530
FB5F90
FB6A60
FB75A0
FB8150
FB8D70
FB9A10
FBA710
FBB490
FBC280
FBD0E0
FBDFC0
FBEF00
FBFEC0
FC0ED0
FC1F50
FC3020
FC4150
FC52E0
FC64D0
FC7720
FC89D0
FC9CE0
FCB040
FCC410
FCD830
FCECC0
FD01A0
FD16E0
FD2C80
FD4260
FD5880
FD6EE0
FD8580
FD9C70
FDB390
FDCAF0
FDE290
FDFA80
FE12A0
FE2B00
FE43B0
FE5C90
FE75C0
FE8F20
FEA8D0
FEC290
FEDC70
FEF670
FF1080
FF2AC0
FF4510
FF5F70
FF7A00
FF94A0
FFAF60
FFCA40
FFE530
000040
001B70
0036C0
005220
006D80
0088D0
00A410
00BF40
00DA70
00F590
0110A0
012BB0
0146B0
0161A0
017C80
019750
01B220
01CCE0
01E7A0
020240
021CC0
023700
025110
026AF0
0284A0
029E20
02B760
02D080
02E960
030210
031A90
0332E0
034B00
0362E0
037A90
039220
03A950
03C020
03D6B0
03ECE0
0402C0
041850
042D80
044260
0456F0
046B30
047F20
0492B0
04A5F0
04B8E0
04CB70
04DDC0
04EF90
050100
0511F0
052280
0532A0
054260
0551A0
056070
056EE0
057CE0
058A70
059790
05A440
05B080
05BC60
05C7C0
05D2B0
05DD20
05E720
05F0A0
05F9A0
060220
060A20
0611B0
0618C0
061F60
062570
062B10
063030
0634E0
063910
063CC0
063FF0
0642A0
0644D0
064680
0647C0
064870
0648B0
064860
0647A0
064660
0644A0
064260
063FA0
063C60
0638A0
063470
062FC0
062A90
062500
061EF0
061870
061180
060A10
060230
05F9E0
05F110
05E7E0
05DE20
05D400
05C970
05BE60
05B2D0
05A6F0
059AB0
058E10
058100
0573A0
0565D0
0557B0
054920
053A30
052AF0
051B40
050B30
04FAC0
04E9F0
04D8D0
04C740
04B560
04A350
0490F0
047E50
046B70
045840
0444D0
043120
041D30
0408F0
03F470
03DFB0
03CAA0
03B560
039FD0
0389F0
037400
035DE0
0347A0
033140
031AC0
030410
02ED40
02D650
02BF40
02A810
0290B0
027930
026190
0249C0
0231E0
0219D0
0201C0
01E9B0
01D1A0
01B990
01A180
018960
017150
015940
014120
012900
0110F0
00F8D0
00E0B0
00C890
00B070
009850
008050
006860
0050A0
0038F0
002160
0009F0
FFF2A0
FFDB70
FFC450
FFAD60
FF9680
FF7FC0
FF6920
FF52A0
FF3C30
FF25F0
FF0FE0
FEFA00
FEE460
FECEF0
FEB9C0
FEA4C0
FE9000
FE7B70
FE6720
FE5300
FE3F10
FE2B60
FE17F0
FE04B0
FDF1A0
FDDED0
FDCC40
FDBA00
FDA810
FD9660
FD84F0
FD73D0
FD6300
FD5270
FD4220
FD3220
FD2270
FD1300
FD03E0
FCF500
FCE670
FCD830
FCCA30
FCBC90
FCAF30
FCA230
FC9570
FC8910
FC7D00
FC7130
FC65C0
FC5AA0
FC4FD0
FC4550
FC3B20
FC3140
FC27B0
FC1E70
FC1580
FC0CE0
FC0490
FBFC90
FBF4E0
FBED80
FBE670
FBDFB0
FBD940
FBD320
FBCD50
FBC7D0
FBC2A0
FBBDB0
FBB920
FBB4E0
FBB0E0
FBAD30
FBA9B0
FBA690
FBA3B0
FBA110
FB9EB0
FB9CA0
FB9AD0
FB9950
FB9810
FB9720
FB9670
FB9600
FB95D0
FB9600
FB9650
FB96E0
FB97B0
FB98B0
FB99E0
FB9B50
FB9D00
FB9EE0
FBA0F0
FBA340
FBA5D0
FBA890
FBAB80
FBAEB0
FBB220
FBB5B0
FBB980
FBBD60
FBC170
FBC5B0
FBCA00
FBCE90
FBD330
FBD800
FBDCF0
FBE200
FBE740
FBECA0
FBF230
FBF7E0
FBFDB0
FC03B0
FC09C0
FC0FE0
FC1610
FC1C60
FC22C0
FC2940
FC2FC0
FC3660
FC3D20
FC43E0
FC4AC0
FC51B0
FC58C0
FC5FE0
FC6710
FC6E50
FC75A0
FC7CF0
FC8440
FC8BA0
FC9300
FC9A60
FCA1D0
FCA940
FCB0B0
FCB830
FCBFA0
FCC730
FCCEB0
FCD640
FCDDD0
FCE570
FCED00
FCF490
FCFC20
FD03A0
FD0B30
FD12B0
FD1A30
FD21A0
FD2920
FD3090
FD3800
FD3F60
FD46D0
FD4E30
FD5590
FD5CE0
FD6440
FD6B80
FD72C0
FD7A00
FD8130
FD8860
FD8F80
FD96A0
FD9DB0
FDA4C0
FDABC0
FDB2B0
FDB9A0
FDC090
FDC770
FDCE50
FDD520
FDDBF0
FDE2C0
FDE990
FDF050
FDF710
FDFDD0
FE0480
FE0B40
FE11F0
FE1890
FE1F40
FE25E0
FE2C80
FE3320
FE39B0
FE4050
FE46F0
FE4D90
FE5430
FE5AE0
FE6180
FE6830
FE6EE0
FE75A0
FE7C50
FE8310
FE89D0
FE9090
FE9750
FE9E20
FEA4F0
FEABD0
FEB2B0
FEB9B0
FEC0C0
FEC7D0
FECF00
FED630
FEDD80
FEE4D0
FEEC30
FEF3B0
FEFB30
FF02C0
FF0A60
FF1210
FF19E0
FF21B0
FF29B0
FF31C0
FF39F0
FF4240
FF4AA0
FF5320
FF5BC0
FF6470
FF6D50
FF7640
FF7F40
FF8870
FF91B0
FF9B10
FFA480
FFAE20
FFB7E0
FFC1D0
FFCBE0
FFD610
FFE070
FFEAF0
FFF590
000050
000B40
001650
002190
002CF0
003870
004420
004FE0
005BE0
006800
007450
0080D0
008D70
009A40
00A730
00B450
00C1A0
00CF20
00DCC0
00EA90
00F880
0106A0
0114F0
012370
013210
0140D0
014FC0
015EE0
016E20
017D80
018D10
019CD0
01ACB0
01BCC0
01CCF0
01DD40
01EDC0
01FE70
020F40
022040
023150
024290
0253E0
026550
0276E0
028890
029A60
02AC50
02BE50
02D080
02E2C0
02F520
0307B0
031A50
032D10
033FE0
0352D0
0365C0
0378C0
038BD0
039EE0
03B200
03C520
03D860
03EBA0
03FEE0
041240
0425A0
043910
044C80
046000
047390
048710
049A80
04ADE0
04C140
04D480
04E7C0
04FAF0
050E10
052120
053420
054720
055A00
056CE0
057FB0
059270
05A520
05B7B0
05CA00
05DC30
05EE30
060010
0611C0
062340
063490
0645C0
0656B0
066780
067830
0688A0
0698F0
06A910
06B910
06C8B0
06D820
06E730
06F600
070490
0712D0
0720C0
072E70
073BD0
0748F0
0755C0
076250
076E90
077A80
078630
079190
079C90
07A730
07B160
07BB30
07C4A0
07CDA0
07D640
07DE80
07E650
07EDD0
07F4E0
07FB80
0801C0
0807A0
080D20
081230
0816D0
081AF0
081EA0
0821D0
082490
0826E0
0828A0
082A00
082AD0
082B40
082B30
082AA0
0829A0
082820
082630
0823C0
0820D0
081D60
081970
081500
081010
080A90
0804A0
07FE20
07F720
07EFA0
07E7A0
07DF20
07D610
07CC90
07C280
07B800
07ACF0
07A160
079560
0788E0
077BD0
076E50
076050
0751D0
0742D0
073350
072360
0712E0
0701E0
06F070
06DE80
06CC00
06B920
06A5D0
069210
067DE0
066950
065440
063ED0
0628E0
061290
05FBD0
05E4A0
05CD00
05B4F0
059C70
058380
056A30
055080
053680
051C40
0501A0
04E6B0
04CB70
04AFD0
0493F0
0477C0
045B30
043E60
042130
0403C0
03E5F0
03C7D0
03A960
038AC0
036C00
034D10
032DF0
030EB0
02EF40
02CFA0
02AFE0
028FF0
026FD0
024F90
022F20
020E80
01EDC0
01CCC0
01ABB0
018A90
016970
014860
012740
010630
00E520
00C410
00A300
0081F0
0060E0
003FE0
001ED0
FFFDD0
FFDCD0
FFBBD0
FF9AC0
FF79F0
FF5950
FF38E0
FF18A0
FEF890
FED8A0
FEB8F0
FE9970
FE7A10
FE5AF0
FE3BF0
FE1D30
FDFE90
FDE020
FDC1F0
FDA3E0
FD8630
FD68E0
FD4BE0
FD2F30
FD12E0
FCF6F0
FCDB50
FCC010
FCA530
FC8AA0
FC7060
FC5690
FC3D00
FC23E0
FC0B10
FBF290
FBDA90
FBC310
FBAC10
FB9580
FB7F60
FB69D0
FB54B0
FB4000
FB2BE0
FB1820
FB04F0
FAF230
FADFF0
FACE30
FABCE0
FAAC00
FA9BC0
FA8C10
FA7CE0
FA6E40
FA6030
FA52C0
FA45D0
FA3960
FA2D90
FA2250
FA1790
FA0D70
FA03D0
F9FAC0
F9F240
F9EA50
F9E300
F9DC30
F9D600
F9D050
F9CB40
F9C6C0
F9C2E0
F9BF80
F9BCC0
F9BA90
F9B8F0
F9B7E0
F9B760
F9B780
F9B830
F9B960
F9BB30
F9BD80
F9C050
F9C3B0
F9C790
F9CC00
F9D0F0
F9D670
F9DC70
F9E300
F9EA10
F9F1B0
F9F9D0
FA0270
FA0BA0
FA1560
FA1F80
FA2A10
FA3510
FA4080
FA4C60
FA58A0
FA6560
FA7280
FA8010
FA8E10
FA9C70
FAAB50
FABA90
FACA50
FADA70
FAEAF0
FAFBD0
FB0CE0
FB1E50
FB2FF0
FB41E0
FB5420
FB6690
FB7960
FB8C60
FB9FC0
FBB350
FBC730
FBDB60
FBEFC0
FC0480
FC1970
FC2E90
FC43C0
FC5900
FC6E60
FC83E0
FC9970
FCAF20
FCC4E0
FCDAC0
FCF0C0
FD06D0
FD1D00
FD3350
FD49B0
FD6020
FD76C0
FD8D30
FDA3A0
FDB9F0
FDD020
FDE650
FDFC50
FE1250
FE2830
FE3DF0
FE53A0
FE6940
FE7EC0
FE9430
FEA980
FEBEC0
FED3F0
FEE8D0
FEFD70
FF11E0
FF2600
FF39D0
FF4D70
FF60D0
FF73E0
FF86B0
FF9940
FFAB90
FFBDA0
FFCF70
FFE0F0
FFF230
000340
0013D0
002410
0033E0
004350
005250
0060F0
006F30
007D00
008A70
009780
00A420
00B060
00BC40
00C7B0
00D2C0
00DD70
00E7A0
00F150
00FA90
010350
010B90
011350
011AA0
012180
0127D0
012DC0
013320
013810
013C80
014070
0143F0
0146F0
014970
014B70
014CF0
014DF0
014E70
014E70
014DF0
014CE0
014B60
014960
0146D0
0143D0
014040
013C40
0137B0
0132B0
012D30
012730
0120D0
0119F0
0112A0
010AD0
010290
00F9E0
00F0B0
00E710
00DD00
00D270
00C770
00BC00
00B010
00A3B0
0096F0
0089E0
007C70
006EA0
006070
0051F0
004310
0033E0
002440
001450
000410
FFF360
FFE260
FFD100
FFBF50
FFAD30
FF9AF0
FF8870
FF75C0
FF62D0
FF4FC0
FF3C60
FF28E0
FF1520
FF0130
FEED10
FED8C0
FEC430
FEAF60
FE9A70
FE8540
FE6FE0
FE5A70
FE4500
FE2F90
FE1A10
FE0480
FDEEF0
FDD960
FDC3C0
FDAE10
FD9860
FD82B0
FD6CF0
FD5730
FD4160
FD2B80
FD15B0
FCFFF0
FCEA60
FCD500
FCBFC0
FCAAA0
FC95B0
FC80E0
FC6C40
FC57C0
FC4370
FC2F40
FC1B30
FC0750
FBF390
FBE000
FBCC90
FBB970
FBA6B0
FB9430
FB8210
FB7030
FB5EB0
FB4D70
FB3C90
FB2C00
FB1BC0
FB0BD0
FAFC30
FAECE0
FADDE0
FACF30
FAC0D0
FAB2E0
FAA570
FA9860
FA8BD0
FA7FB0
FA73F0
FA68B0
FA5DE0
FA5380
FA4990
FA4020
FA3710
FA2E70
FA2650
FA1E90
FA1750
FA1090
FA0A50
FA0490
F9FF60
F9FAB0
F9F680
F9F2D0
F9EFB0
F9ED10
F9EAF0
F9E960
F9E840
F9E7B0
F9E7B0
F9E820
F9E920
F9EAA0
F9ECB0
F9EF40
F9F250
F9F5F0
F9FA10
F9FEC0
FA03F0
FA09A0
FA0FE0
FA16B0
FA1DF0
FA25D0
FA2E20
FA3700
FA4070
FA4A50
FA54A0
FA5F70
FA6AC0
FA7680
FA82B0
FA8F70
FA9C90
FAAA40
FAB850
FAC6F0
FAD5F0
FAE580
FAF580
FB05F0
FB16E0
FB2830
FB39D0
FB4BD0
FB5E30
FB70F0
FB8400
FB9770
FBAB40
FBBF60
FBD3F0
FBE8C0
FBFE00
FC13A0
FC2990
FC3FE0
FC5680
FC6D60
FC8470
FC9BC0
FCB330
FCCAE0
FCE2C0
FCFAE0
FD1330
FD2BB0
FD4460
FD5D40
FD7660
FD8FB0
FDA930
FDC2F0
FDDCD0
FDF6D0
FE10C0
FE2AC0
FE44C0
FE5ED0
FE78E0
FE9300
FEAD20
FEC740
FEE170
FEFBA0
FF15D0
FF3010
FF4A60
FF64A0
FF7F00
FF9920
FFB320
FFCD00
FFE6B0
000040
0019A0
0032E0
004BF0
0064D0
007DA0
009630
00AEA0
00C6F0
00DF10
00F710
010EE0
012660
013D90
015470
016B00
018140
019720
01ACC0
01C200
01D700
01EBA0
01FFF0
0213F0
0227A0
023B00
024E10
0260C0
027310
0284F0
029650
02A750
02B7D0
02C7F0
02D7A0
02E6D0
02F590
0303F0
0311D0
031F50
032C50
0338F0
034510
0350C0
035BF0
0366A0
0370D0
037A80
0383B0
038C50
039480
039C20
03A340
03A9E0
03B000
03B590
03BAB0
03BF40
03C350
03C6F0
03C9F0
03CC80
03CE80
03D000
03D100
03D170
03D160
03D0D0
03CFC0
03CE20
03CC00
03C960
03C630
03C280
03BE50
03B9A0
03B470
03AEC0
03A8A0
03A210
039B00
039370
038B70
038300
037A10
0370A0
0366C0
035C70
0351A0
034650
033A90
032E50
0321C0
0314C0
030770
02F9C0
02EBB0
02DD40
02CE70
02BF40
02AFC0
029FD0
028F90
027EF0
026DE0
025C80
024AC0
0238B0
022650
0213C0
0200F0
01EDE0
01DAA0
01C720
01B360
019F60
018B30
0176C0
016210
014D30
013810
0122B0
010D10
00F740
00E150
00CB60
00B550
009F20
0088F0
0072A0
005C40
0045D0
002F40
0018B0
000200
FFEB40
FFD460
FFBD80
FFA680
FF8F70
FF7870
FF6180
FF4AB0
FF33F0
FF1D30
FF0690
FEF010
FED990
FEC320
FEACD0
FE9690
FE8060
FE6A50
FE5440
FE3E50
FE2860
FE12C0
FDFD40
FDE800
FDD2F0
FDBE10
FDA960
FD94F0
FD80B0
FD6CB0
FD58D0
FD4530
FD31C0
FD1E90
FD0B90
FCF8C0
FCE620
FCD3D0
FCC1D0
FCB020
FC9EB0
FC8DA0
FC7CD0
FC6C40
FC5C10
FC4C20
FC3C80
FC2D30
FC1E30
FC0F70
FC0110
FBF2F0
FBE510
FBD7A0
FBCA70
FBBDB0
FBB140
FBA520
FB9960
FB8DF0
FB82E0
FB7830
FB6DD0
FB63D0
FB5A20
FB50C0
FB47D0
FB3F20
FB36E0
FB2EE0
FB2740
FB2000
FB1910
FB1280
FB0C40
FB0650
FB00C0
FAFB80
FAF6A0
FAF210
FAEDE0
FAEA00
FAE670
FAE340
FAE070
FADDE0
FADBA0
FAD9A0
FAD7F0
FAD690
FAD570
FAD4A0
FAD420
FAD3E0
FAD3F0
FAD450
FAD4F0
FAD5E0
FAD720
FAD8A0
FADA70
FADC80
FADEB0
FAE120
FAE3C0
FAE6A0
FAE9B0
FAECF0
FAF060
FAF410
FAF7F0
FAFC00
FB0040
FB04C0
FB0970
FB0E60
FB1370
FB18B0
FB1DF0
FB2360
FB28E0
FB2E70
FB3420
FB39F0
FB3FD0
FB45C0
FB4BE0
FB5210
FB5850
FB5EB0
FB6520
FB6BB0
FB7260
FB7900
FB7FA0
FB8640
FB8CE0
FB9380
FB9A10
FBA0A0
FBA740
FBADC0
FBB450
FBBAE0
FBC160
FBC7E0
FBCE60
FBD4E0
FBDB50
FBE1B0
FBE7F0
FBEE10
FBF420
FBFA00
FBFFD0
FC0590
FC0B20
FC10A0
FC15F0
FC1B30
FC2060
FC2560
FC2A50
FC2F20
FC33D0
FC3850
FC3CB0
FC40E0
FC44E0
FC48B0
FC4C50
FC4FD0
FC5320
FC5640
FC5930
FC5BF0
FC5E90
FC60F0
FC6330
FC6540
FC6730
FC68E0
FC6A50
FC6BA0
FC6CB0
FC6D90
FC6E30
FC6EB0
FC6EF0
FC6EF0
FC6ED0
FC6E70
FC6DE0
FC6D10
FC6C20
FC6AF0
FC6980
FC67F0
FC6630
FC6440
FC6220
FC5FD0
FC5D50
FC5AA0
FC57C0
FC54B0
FC5180
FC4E10
FC4A70
FC46B0
FC42C0
FC3E90
FC3A40
FC35C0
FC3130
FC2C80
FC27A0
FC22B0
FC1D90
FC1860
FC1300
FC0D80
FC07F0
FC0230
FBFC50
FBF660
FBF040
FBEA00
FBE3A0
FBDD40
FBD6D0
FBD060
FBC9E0
FBC350
FBBCD0
FBB630
FBAFA0
FBA8F0
FBA250
FB9B90
FB94E0
FB8E20
FB8750
FB8080
FB79A0
FB72E0
FB6C30
FB6590
FB5F10
FB58A0
FB5240
FB4BF0
FB45C0
FB3FA0
FB39A0
FB33B0
FB2DD0
FB2800
FB2250
FB1CB0
FB1720
FB11D0
FB0CA0
FB07B0
FB02F0
FAFE70
FAFA10
FAF5F0
FAF200
FAEE40
FAEAC0
FAE760
FAE440
FAE150
FADE90
FADC10
FAD9B0
FAD7B0
FAD5F0
FAD480
FAD360
FAD290
FAD200
FAD1D0
FAD1E0
FAD240
FAD2E0
FAD3E0
FAD520
FAD6C0
FAD8A0
FADAD0
FADD40
FAE020
FAE360
FAE6F0
FAEAE0
FAEF40
FAF3F0
FAF900
FAFE80
FB0450
FB0A80
FB1110
FB1800
FB1F50
FB26F0
FB2F00
FB3770
FB4040
FB4970
FB5310
FB5D10
FB6770
FB7240
FB7D70
FB8910
FB9500
FBA160
FBAE30
FBBB60
FBC8F0
FBD6E0
FBE540
FBF400
FC0320
FC12A0
FC2280
FC32B0
FC4350
FC5440
FC6590
FC7740
FC8950
FC9BC0
FCAE80
FCC1B0
FCD530
FCE910
FCFD60
FD11F0
FD26E0
FD3C10
FD5190
FD6760
FD7D70
FD93D0
FDAA70
FDC160
FDD8A0
FDF020
FE07F0
FE2010
FE3870
FE5120
FE6A20
FE8360
FE9CD0
FEB660
FED030
FEEA10
FF0430
FF1E70
FF38D0
FF5360
FF6E20
FF8910
FFA420
FFBF50
FFDAC0
FFF640
001200
002DE0
0049C0
0065B0
008190
009D80
00B970
00D560
00F150
010D40
012940
014530
016130
017D30
019920
01B530
01D130
01ED30
020910
0224C0
024040
025BA0
0276D0
0291D0
02ACB0
02C760
02E1F0
02FC40
031670
033080
034A50
036400
037D90
0396E0
03AFF0
03C8A0
03E100
03F900
0410C0
042820
043F30
0455E0
046C40
048250
049810
04AD70
04C280
04D740
04EBB0
04FFC0
051360
052680
053930
054B60
055D20
056E60
057F20
058F70
059F50
05AEB0
05BD90
05CC00
05D9F0
05E770
05F470
060100
060CF0
061860
062340
062D80
063730
064060
0648F0
0650F0
065860
065F40
0665A0
066B60
067080
067520
067930
067CB0
067F90
0681D0
068380
068490
068500
0684D0
068410
0682B0
0680B0
067E10
067AE0
067710
0672B0
066DA0
066800
0661C0
065AF0
065380
064B80
0642F0
0639C0
063000
0625B0
061AC0
060F40
060330
05F680
05E940
05DB70
05CD00
05BE00
05AE60
059E50
058DB0
057CA0
056B00
0558E0
054650
053330
051F90
050B80
04F6E0
04E1C0
04CC20
04B610
049F70
048850
0470B0
0458B0
044060
0427A0
040E90
03F520
03DB50
03C130
03A6A0
038BC0
037080
0354E0
0338E0
031C80
02FFD0
02E2C0
02C540
02A7A0
0289D0
026BD0
024DA0
022F40
0210A0
01F1E0
01D2F0
01B3D0
019480
0174F0
015540
013560
011540
00F500
00D490
00B420
0093B0
007340
0052D0
003260
0011F0
FFF190
FFD120
FFB0C0
FF9060
FF7000
FF4FA0
FF2F40
FF0EE0
FEEE90
FECE30
FEAE10
FE8E20
FE6E60
FE4ED0
FE2F80
FE1060
FDF170
FDD2B0
FDB430
FD95D0
FD77B0
FD59D0
FD3C10
FD1E90
FD0130
FCE420
FCC760
FCAB00
FC8F00
FC7360
FC5810
FC3D30
FC22B0
FC0890
FBEED0
FBD570
FBBC70
FBA3C0
FB8B80
FB73A0
FB5C20
FB44F0
FB2E50
FB1830
FB0290
FAED70
FAD8E0
FAC4C0
FAB130
FA9E10
FA8B80
FA7970
FA67E0
FA56D0
FA4640
FA3640
FA26B0
FA17B0
FA0940
F9FB60
F9EE20
F9E170
F9D560
F9C9E0
F9BEF0
F9B4A0
F9AAE0
F9A1B0
F99920
F99120
F989C0
F982F0
F97CB0
F97710
F97200
F96DA0
F969D0
F96690
F96400
F96200
F960A0
F95FD0
F95FA0
F96020
F96120
F962D0
F96510
F967F0
F96B70
F96F80
F97430
F97960
F97F30
F98590
F98C80
F99400
F99C10
F9A4B0
F9ADE0
F9B7B0
F9C200
F9CCF0
F9D860
F9E470
F9F110
F9FE40
FA0BF0
FA1A10
FA28B0
FA37D0
FA4760
FA5770
FA6800
FA7900
FA8A90
FA9C80
FAAF00
FAC1F0
FAD560
FAE950
FAFDB0
FB1290
FB27D0
FB3D60
FB5340
FB6990
FB8020
FB9720
FBAE70
FBC610
FBDE10
FBF670
FC0F20
FC2820
FC4180
FC5B40
FC7560
FC8FC0
FCAA60
FCC540
FCE040
FCFB70
FD16E0
FD3280
FD4E50
FD6A50
FD8680
FDA2F0
FDBF80
FDDC50
FDF950
FE1680
FE33E0
FE5170
FE6F10
FE8CC0
FEAA70
FEC820
FEE5F0
FF03B0
FF2190
FF3F70
FF5D60
FF7B50
FF9950
FFB750
FFD560
FFF370
0011A0
002FC0
004DD0
006BD0
0089B0
00A770
00C510
00E2A0
010010
011D60
013AA0
0157C0
0174C0
0191B0
01AE80
01CB30
01E7D0
020440
022090
023CA0
025870
027400
028F60
02AA90
02C580
02E030
02FAB0
0314F0
032EF0
0348C0
036250
037BB0
0394D0
03ADC0
03C660
03DEA0
03F6B0
040E60
0425C0
043CE0
0453B0
046A30
048060
049650
04ABF0
04C130
04D640
04EAF0
04FF50
051370
052730
053AA0
054DB0
056080
0572E0
058500
0596C0
05A820
05B940
05CA00
05DA60
05EA70
05FA30
0609A0
0618B0
062760
0635D0
0643E0
0651A0
065F10
066C30
0678F0
068570
069190
069D60
06A8D0
06B400
06BED0
06C950
06D380
06DD60
06E6E0
06F020
06F920
0701D0
070A40
071260
071A30
0721D0
072910
073010
0736D0
073D50
074370
074960
074F00
075450
075960
075E40
0762E0
076750
076B80
076F80
077350
0776E0
077A40
077D70
078060
078320
0785B0
078800
078A20
078C00
078DB0
078F40
0790B0
079200
079330
079450
079540
079610
0796C0
079750
0797D0
079820
079850
079870
079860
079830
0797F0
079790
079730
0796D0
079650
0795D0
079540
0794B0
079400
079350
0792A0
0791D0
079100
079020
078F40
078E40
078D50
078C50
078B60
078A70
078990
0788B0
0787E0
078710
078640
078580
0784C0
078410
078360
0782B0
078210
078170
0780E0
078060
077FE0
077F80
077F30
077EE0
077EB0
077E90
077E80
077E80
077E80
077EA0
077ED0
077F10
077F60
077FC0
078020
0780B0
078140
0781F0
0782B0
078380
078460
078560
078670
0787A0
0788D0
078A20
078B80
078D00
078E80
079020
0791E0
0793A0
079570
079750
079930
079B30
079D40
079F50
07A170
07A3A0
07A5E0
07A830
07AA90
07AD00
07AF70
07B1F0
07B490
07B720
07B9C0
07BC50
07BEF0
07C1A0
07C440
07C6E0
07C990
07CC40
07CEF0
07D1A0
07D460
07D710
07D9D0
07DC90
07DF50
07E200
07E4A0
07E740
07E9C0
07EC30
07EEA0
07F0F0
07F340
07F570
07F7A0
07F9C0
07FBC0
07FDC0
07FFB0
080190
080350
080500
080690
080800
080940
080A70
080B70
080C50
080D10
080DC0
080E40
080EA0
080EE0
080EF0
080EF0
080ED0
080E80
080E10
080D60
080C80
080B60
080A20
0808A0
0806F0
080500
0802F0
0800A0
07FE20
07FB70
07F890
07F570
07F220
07EEA0
07EAE0
07E6E0
07E290
07DE10
07D950
07D450
07CF00
07C980
07C3C0
07BDB0
07B770
07B0E0
07AA20
07A310
079BD0
079440
078C70
078460
077C00
077360
076A70
076140
0757C0
074E00
074400
0739B0
072F10
072440
071910
070DB0
070200
06F600
06E9C0
06DD40
06D080
06C370
06B630
06A890
069AC0
068CA0
067E40
066FA0
0660B0
065180
064210
063260
062260
061220
0601A0
05F0F0
05E010
05CEE0
05BD80
05ABF0
059A20
058810
0575D0
056350
0550A0
053DB0
052A90
051730
050390
04EFC0
04DBC0
04C7A0
04B360
049EF0
048A60
0475A0
0460D0
044BC0
043690
042140
040BD0
03F630
03E070
03CA80
03B470
039E30
0387F0
0371A0
035B40
0344D0
032E50
0317D0
030130
02EA90
02D3E0
02BD20
02A650
028F80
027890
0261A0
024AA0
023390
021C90
0205A0
01EEC0
01D7E0
01C120
01AA60
0193C0
017D20
016690
015010
0139A0
012340
010CF0
00F6A0
00E070
00CA40
00B440
009E70
0088C0
007340
005DE0
0048A0
0033A0
001EC0
000A00
FFF570
FFE110
FFCCD0
FFB8B0
FFA4D0
FF9100
FF7D70
FF6A10
FF56F0
FF4410
FF3180
FF1F20
FF0D00
FEFB20
FEE980
FED830
FEC710
FEB630
FEA590
FE9530
FE8510
FE7530
FE6590
FE5640
FE4740
FE3880
FE2A20
FE1C00
FE0E40
FE00C0
FDF390
FDE6B0
FDDA20
FDCDE0
FDC1F0
FDB650
FDAAF0
FD9FF0
FD9530
FD8AD0
FD80C0
FD7700
FD6D90
FD6480
FD5BB0
FD5340
FD4B20
FD4360
FD3BF0
FD34D0
FD2E00
FD2780
FD2160
FD1B80
FD1610
FD10D0
FD0BF0
FD0760
FD0320
FCFF20
FCFB80
FCF820
FCF510
FCF260
FCEFF0
FCEDD0
FCEBF0
FCEA70
FCE940
FCE850
FCE7C0
FCE760
FCE740
FCE770
FCE7D0
FCE870
FCE950
FCEA70
FCEBC0
FCED60
FCEF40
FCF150
FCF3B0
FCF640
FCF920
FCFC30
FCFF80
FD0300
FD06A0
FD0A60
FD0E50
FD1260
FD16A0
FD1B00
FD1F80
FD2430
FD2910
FD2E00
FD3330
FD3870
FD3DE0
FD4380
FD4930
FD4F00
FD54D0
FD5AA0
FD6080
FD6670
FD6C60
FD7260
FD7860
FD7E70
FD8490
FD8AB0
FD90D0
FD9710
FD9D40
FDA390
FDA9D0
FDB010
FDB630
FDBC40
FDC240
FDC820
FDCDF0
FDD3A0
FDD940
FDDED0
FDE450
FDE9B0
FDEF00
FDF440
FDF960
FDFE70
FE0360
FE0830
FE0CC0
FE1120
FE1550
FE1950
FE1D20
FE20B0
FE2420
FE2750
FE2A50
FE2D20
FE2FC0
FE3230
FE3460
FE3670
FE3840
FE39D0
FE3B10
FE3C10
FE3CD0
FE3D40
FE3D60
FE3D50
FE3CE0
FE3C30
FE3B40
FE3A00
FE3880
FE36C0
FE34B0
FE3250
FE2FB0
FE2CC0
FE2970
FE25E0
FE21F0
FE1DB0
FE1920
FE1430
FE0F00
FE0970
FE0390
FDFD50
FDF6D0
FDEFF0
FDE8C0
FDE140
FDD970
FDD140
FDC8D0
FDC000
FDB6F0
FDAD80
FDA3C0
FD99B0
FD8F50
FD84A0
FD79A0
FD6E40
FD62A0
FD56A0
FD4A60
FD3DC0
FD30D0
FD23A0
FD1630
FD0870
FCFA70
FCEC30
FCDDA0
FCCED0
FCBFC0
FCB060
FCA0D0
FC90F0
FC80C0
FC7060
FC5FB0
FC4EB0
FC3D80
FC2C20
FC1A90
FC08D0
FBF6F0
FBE4E0
FBD2B0
FBC050
FBADD0
FB9B10
FB8840
FB7530
FB6200
FB4EA0
FB3B20
FB2770
FB1390
FAFFB0
FAEBC0
FAD7D0
FAC3E0
FAAFE0
FA9BD0
FA87C0
FA73B0
FA5F90
FA4B70
FA3740
FA2300
FA0EC0
F9FA80
F9E630
F9D1E0
F9BDB0
F9A9A0
F995B0
F981E0
F96E30
F95AB0
F94740
F93400
F920D0
F90DD0
F8FAF0
F8E840
F8D5A0
F8C320
F8B0D0
F89E90
F88CB0
F87B10
F869B0
F858B0
F847F0
F83770
F82750
F81770
F807E0
F7F890
F7E990
F7DAE0
F7CC70
F7BE50
F7B080
F7A300
F795E0
F78940
F77D10
F77140
F765F0
F75B10
F750A0
F746A0
F73D10
F733F0
F72B40
F72300
F71B30
F713D0
F70CF0
F70670
F70080
F6FB20
F6F650
F6F200
F6EE50
F6EB20
F6E870
F6E660
F6E4D0
F6E3D0
F6E360
F6E380
F6E420
F6E550
F6E710
F6E960
F6EC40
F6EFC0
F6F3E0
F6F890
F6FDE0
F703D0
F70A60
F71180
F71940
F72190
F72A80
F73410
F73E40
F74900
F75460
F76050
F76CE0
F77A10
F787E0
F79640
F7A540
F7B4D0
F7C500
F7D5C0
F7E730
F7F920
F80BC0
F81EF0
F832C0
F84720
F85C20
F871C0
F887E0
F89E90
F8B5C0
F8CD70
F8E5C0
F8FE80
F917D0
F931B0
F94C10
F96700
F98270
F99E70
F9BAF0
F9D800
F9F590
FA13B0
FA3230
FA5120
FA7070
FA9020
FAB040
FAD0C0
FAF1B0
FB1300
FB34B0
FB56D0
FB7950
FB9C40
FBBF90
FBE350
FC0770
FC2BF0
FC50B0
FC75A0
FC9AD0
FCC030
FCE5D0
FD0BA0
FD31B0
FD57F0
FD7E60
FDA510
FDCBF0
FDF310
FE1A70
FE41F0
FE69C0
FE91B0
FEB9B0
FEE1B0
FF09B0
FF31B0
FF59B0
FF81B0
FFA9B0
FFD1C0
FFF9C0
0021C0
0049D0
0071D0
0099E0
00C1F0
00EA00
011200
0139E0
016170
0188E0
01B000
01D6F0
01FDA0
022420
024A60
027070
029640
02BBE0
02E140
030660
032B50
035000
037470
039880
03BC10
03DF40
040200
042440
044620
046790
048880
04A910
04C930
04E8E0
050820
0526E0
054540
056330
0580B0
059D90
05B9D0
05D570
05F070
060AE0
0624A0
063DD0
065650
066E40
068590
069C40
06B250
06C7C0
06DC90
06F0D0
070460
071740
072960
073AB0
074B50
075B30
076A60
0778C0
078670
079350
079F80
07AAF0
07B5A0
07BF90
07C8D0
07D140
07D900
07DFF0
07E610
07EB60
07EFE0
07F3A0
07F680
07F8A0
07F9F0
07FA70
07FA30
07F910
07F730
07F480
07F100
07ECB0
07E7A0
07E1C0
07DB10
07D3A0
07CB60
07C260
07B890
07AE00
07A2B0
079680
0789A0
077BE0
076D60
075E20
074E10
073D40
072BA0
071950
070650
06F2A0
06DE40
06C920
06B360
069CF0
0685C0
066DE0
065560
063C20
062230
060790
05EC40
05D040
05B380
059650
057880
055A30
053B60
051C00
04FC10
04DBA0
04BAA0
049910
047700
045470
043150
040DA0
03E970
03C4B0
039F60
0379D0
0353D0
032D90
0306F0
02E000
02B8C0
029120
026930
0240E0
021850
01EF60
01C610
019C70
017280
014840
011DA0
00F2F0
00C820
009D30
007230
004710
001BE0
FFF080
FFC520
FF9990
FF6DF0
FF4240
FF1670
FEEA80
FEBE70
FE9250
FE6620
FE3A00
FE0E10
FDE230
FDB680
FD8AE0
FD5F70
FD3420
FD08F0
FCDDE0
FCB2F0
FC8820
FC5D70
FC32F0
FC0880
FBDE40
FBB410
FB8A40
FB60D0
FB37B0
FB0EF0
FAE680
FABE70
FA96B0
FA6F50
FA4840
FA2190
F9FB40
F9D540
F9AF90
F98A40
F96550
F940B0
F91C90
F8F900
F8D5F0
F8B360
F89150
F86FD0
F84ED0
F82E50
F80E60
F7EEE0
F7CFF0
F7B180
F793A0
F77630
F75950
F73D00
F72140
F70620
F6EBA0
F6D1D0
F6B890
F6A000
F68800
F670A0
F659F0
F643E0
F62E60
F61990
F60560
F5F1C0
F5DED0
F5CC80
F5BAD0
F5A9E0
F59980
F589E0
F57AE0
F56C90
F55EF0
F551F0
F545A0
F53A00
F52F00
F524C0
F51B10
F51220
F509D0
F50230
F4FB30
F4F4D0
F4EF20
F4EA10
F4E5A0
F4E1E0
F4DEB0
F4DC30
F4DA60
F4D920
F4D890
F4D8A0
F4D950
F4DAB0
F4DCA0
F4DF50
F4E270
F4E630
F4EA70
F4EF50
F4F4B0
F4FA90
F50110
F50810
F50FA0
F517C0
F52070
F529B0
F53370
F53DC0
F548A0
F55400
F55FD0
F56C10
F578B0
F585B0
F59320
F5A0F0
F5AF20
F5BDC0
F5CCD0
F5DC30
F5EC10
F5FC40
F60CE0
F61DF0
F62F50
F64130
F65330
F66580
F67800
F68AB0
F69DA0
F6B0C0
F6C420
F6D7C0
F6EB90
F6FFA0
F713E0
F72850
F73D10
F751F0
F76720
F77C70
F791E0
F7A740
F7BCB0
F7D230
F7E7B0
F7FD30
F812B0
F82840
F83DE0
F85380
F86920
F87ED0
F89480
F8AA30
F8BFF0
F8D5B0
F8EB50
F900C0
F91610
F92B30
F94030
F95510
F969C0
F97E40
F992A0
F9A6E0
F9BAF0
F9CED0
F9E290
F9F630
FA09A0
FA1CF0
FA2FF0
FA4290
FA54F0
FA6700
FA78C0
FA8A30
FA9B50
FAAC20
FABCA0
FACCD0
FADCB0
FAEC40
FAFB80
FB0A70
FB1910
FB2770
FB3550
FB42D0
FB4FF0
FB5CA0
FB68E0
FB74B0
FB8020
FB8B30
FB95C0
FBA000
FBA9C0
FBB320
FBBC10
FBC4A0
FBCCC0
FBD480
FBDBC0
FBE280
FBE8E0
FBEEC0
FBF420
FBF910
FBFD80
FC0190
FC0510
FC0830
FC0AC0
FC0CF0
FC0EA0
FC0FD0
FC10A0
FC10E0
FC10C0
FC1020
FC0F20
FC0DA0
FC0BB0
FC0950
FC0680
FC0330
FBFF80
FBFB50
FBF6B0
FBF1A0
FBEC20
FBE630
FBDFD0
FBD8F0
FBD1C0
FBCA20
FBC230
FBB9D0
FBB110
FBA800
FB9E80
FB94B0
FB8A70
FB7FD0
FB74D0
FB6980
FB5DC0
FB51A0
FB4520
FB3850
FB2B30
FB1DD0
FB1030
FB0250
FAF430
FAE5D0
FAD730
FAC850
FAB930
FAA9D0
FA9A30
FA8A40
FA7A20
FA69C0
FA5920
FA4830
FA3730
FA2620
FA14F0
FA03A0
F9F240
F9E0C0
F9CF20
F9BD70
F9ABB0
F999C0
F987C0
F975B0
F96380
F95130
F93ED0
F92C50
F919E0
F90790
F8F540
F8E310
F8D0F0
F8BEE0
F8ACE0
F89AF0
F88910
F87750
F86590
F853F0
F84260
F830E0
F81F70
F80E20
F7FD00
F7EC10
F7DB70
F7CB00
F7BAD0
F7AAE0
F79B20
F78BA0
F77C60
F76D60
F75E90
F75000
F741B0
F73390
F725C0
F71810
F70AD0
F6FDF0
F6F170
F6E550
F6D990
F6CE20
F6C320
F6B880
F6AE30
F6A450
F69AC0
F691A0
F688D0
F68070
F67860
F670C0
F66990
F662D0
F65C90
F656D0
F65180
F64CB0
F64850
F64470
F64100
F63E10
F63B90
F63990
F63810
F63700
F63670
F63650
F636C0
F637B0
F63920
F63B20
F63DA0
F640A0
F64430
F64850
F64CE0
F65200
F657B0
F65DD0
F66480
F66BC0
F67380
F67BC0
F68490
F68DD0
F697A0
F6A200
F6ACD0
F6B830
F6C410
F6D080
F6DD60
F6EAD0
F6F8C0
F70740
F71640
F725C0
F735C0
F74640
F75740
F768B0
F77AA0
F78D00
F79FD0
F7B310
F7C6D0
F7DB10
F7EFB0
F804D0
F81A60
F83070
F846F0
F85DE0
F87550
F88D30
F8A570
F8BE00
F8D6F0
F8F040
F909E0
F923F0
F93E40
F95900
F97410
F98F80
F9AB50
F9C770
F9E3F0
FA00D0
FA1E00
FA3BA0
FA5960
FA7760
FA95A0
FAB420
FAD2C0
FAF1B0
FB10D0
FB3020
FB4FB0
FB6F80
FB8F80
FBAFC0
FBD030
FBF0E0
FC11D0
FC32E0
FC5420
FC7560
FC96B0
FCB810
FCD990
FCFB10
FD1CB0
FD3E60
FD6020
FD81F0
FDA3D0
FDC5C0
FDE7C0
FE09E0
FE2C00
FE4E40
FE7060
FE9270
FEB470
FED650
FEF820
FF19E0
FF3B80
FF5D10
FF7E90
FF9FF0
FFC150
FFE280
0003B0
0024C0
0045C0
0066A0
008750
00A7D0
00C810
00E810
0107E0
012780
0146E0
016610
018500
01A3B0
01C240
01E080
01FE90
021C70
023A10
025780
027490
029160
02ADD0
02C9F0
02E5C0
030130
031C60
033730
0351B0
036BE0
0385C0
039F40
03B880
03D160
03E9F0
040230
041A10
043180
044890
045F40
047590
048B80
04A100
04B620
04CAE0
04DF40
04F340
0506D0
051A00
052CD0
053F40
055140
0562E0
057420
0584E0
059550
05A540
05B4D0
05C400
05D2C0
05E110
05EF00
05FC90
0609A0
061660
0622A0
062E80
063A00
064510
064FC0
065A10
066400
066D80
0676A0
067F70
0687C0
068FC0
069760
069E90
06A560
06ABD0
06B1D0
06B780
06BCC0
06C1B0
06C650
06CA90
06CE80
06D220
06D560
06D860
06DAF0
06DD40
06DF30
06E0D0
06E220
06E310
06E3B0
06E400
06E400
06E3B0
06E330
06E270
06E170
06E030
06DEB0
06DD00
06DB00
06D8D0
06D650
06D3A0
06D0B0
06CD80
06CA10
06C660
06C280
06BE70
06BA40
06B5E0
06B160
06ACC0
06A7F0
06A310
069DF0
0698C0
069360
068DE0
068840
068270
067C80
067670
067030
0669F0
0663A0
065D40
0656E0
065070
064A00
064380
063CF0
063650
062FB0
062910
062250
061B90
0614C0
060DF0
060710
060040
05F970
05F2B0
05EC00
05E560
05DEC0
05D830
05D1B0
05CB40
05C4D0
05BE70
05B820
05B1D0
05ABA0
05A570
059F40
059940
059350
058D80
0587D0
058240
057CD0
057780
057240
056D20
056820
056340
055E80
0559E0
055550
0550E0
054CA0
054870
054470
054090
053CE0
053940
0535E0
053290
052F70
052C70
0529A0
0526F0
052460
0521F0
051FB0
051DA0
051BA0
0519D0
051830
0516B0
051550
051420
051310
051230
051170
0510E0
051070
051030
051010
051010
051040
0510A0
051110
0511B0
051270
051340
051430
051550
051680
0517D0
051940
051AC0
051C70
051E40
052020
052220
052440
052690
0528E0
052B50
052DD0
053060
053300
0535C0
053880
053B50
053E30
054120
054420
054740
054A60
054D90
0550D0
055430
055790
055AF0
055E50
0561B0
056500
056850
056BA0
056EE0
057230
057570
0578B0
057BE0
057F10
058240
058570
058890
058BC0
058EC0
0591B0
059490
059750
0599F0
059C80
059EF0
05A150
05A390
05A5C0
05A7D0
05A9C0
05ABA0
05AD70
05AF10
05B0B0
05B210
05B350
05B450
05B530
05B5E0
05B660
05B6B0
05B6E0
05B6D0
05B6A0
05B630
05B5A0
05B4E0
05B3F0
05B2E0
05B190
05B010
05AE40
05AC40
05AA00
05A780
05A4D0
05A1D0
059E90
059B20
059770
059380
058F50
058AE0
058630
058140
057C20
0576B0
0570F0
056AF0
0564A0
055E10
055740
055010
0548A0
0540F0
0538F0
0530B0
052820
051F50
051630
050CC0
050310
04F910
04EED0
04E440
04D960
04CE30
04C2C0
04B700
04AAF0
049EA0
049200
048510
0477E0
046A60
045C90
044E80
044010
043170
042280
041350
0403D0
03F410
03E410
03D3C0
03C330
03B260
03A140
038FE0
037E30
036C50
035A10
0347A0
0334E0
0321F0
030EC0
02FB50
02E7B0
02D3E0
02BFD0
02AB80
029700
028240
026D50
025830
0242C0
022D30
021750
020150
01EB00
01D4A0
01BE10
01A760
019080
017980
016260
014B10
0133A0
011C10
010460
00EC80
00D480
00BC50
00A410
008BA0
007300
005A60
0041B0
0028F0
001020
FFF750
FFDE70
FFC570
FFAC70
FF9360
FF7A50
FF6120
FF47F0
FF2EA0
FF1550
FEFBF0
FEE290
FEC930
FEAFD0
FE9690
FE7D50
FE6420
FE4B00
FE31E0
FE18D0
FDFFD0
FDE6E0
FDCE00
FDB520
FD9C50
FD8380
FD6AD0
FD5220
FD39A0
FD2130
FD08F0
FCF0D0
FCD8E0
FCC100
FCA950
FC91C0
FC7A50
FC6310
FC4BF0
FC34F0
FC1E10
FC0750
FBF0C0
FBDA50
FBC410
FBAE10
FB9850
FB82C0
FB6D70
FB5850
FB4370
FB2EC0
FB1A40
FB0610
FAF210
FADE40
FACAB0
FAB750
FAA430
FA9150
FA7EB0
FA6C50
FA5A40
FA4870
FA36F0
FA25B0
FA14B0
FA0400
F9F3A0
F9E380
F9D3A0
F9C410
F9B4C0
F9A5C0
F99700
F98880
F97A60
F96C80
F95EF0
F951C0
F944D0
F93830
F92BE0
F91FE0
F91430
F908D0
F8FDC0
F8F300
F8E890
F8DE70
F8D490
F8CB10
F8C1D0
F8B8F0
F8B050
F8A800
F8A010
F89860
F89100
F889F0
F88330
F87CC0
F87690
F870C0
F86B30
F86600
F86110
F85C80
F85830
F85420
F85060
F84CE0
F849B0
F846D0
F84430
F841E0
F83FD0
F83E10
F83C90
F83B60
F83A70
F839D0
F83970
F83960
F83990
F83A00
F83AA0
F83B80
F83C90
F83DE0
F83F70
F84140
F84340
F84580
F84800
F84AB0
F84DA0
F850D0
F85440
F857E0
F85BB0
F85FB0
F863D0
F86820
F86CA0
F87150
F87620
F87B20
F88050
F885B0
F88B30
F890E0
F896B0
F89CC0
F8A2F0
F8A950
F8AFC0
F8B650
F8BD00
F8C3C0
F8CAA0
F8D190
F8D8A0
F8DFC0
F8E700
F8EE60
F8F5D0
F8FD50
F904F0
F90CB0
F91490
F91C70
F92470
F92C70
F93470
F93C80
F944A0
F94CC0
F954F0
F95D20
F96560
F96DA0
F975F0
F97E50
F986B0
F98F10
F99780
F9A000
F9A870
F9B0E0
F9B940
F9C1A0
F9CA00
F9D250
F9DAA0
F9E2F0
F9EB30
F9F370
F9FBA0
FA03D0
FA0BF0
FA1420
FA1C30
FA2450
FA2C50
FA3450
FA3C30
FA4410
FA4BE0
FA53A0
FA5B50
FA62F0
FA6A80
FA7200
FA7970
FA80E0
FA8830
FA8F80
FA96B0
FA9DE0
FAA4F0
FAAC00
FAB2F0
FAB9D0
FAC090
FAC750
FACDF0
FAD480
FADB00
FAE170
FAE7D0
FAEE10
FAF440
FAFA60
FB0070
FB0670
FB0C50
FB1230
FB1800
FB1DB0
FB2360
FB28F0
FB2E80
FB33F0
FB3950
FB3EB0
FB43F0
FB4920
FB4E50
FB5360
FB5860
FB5D60
FB6240
FB6720
FB6C00
FB70D0
FB7590
FB7A50
FB7F00
FB83A0
FB8840
FB8CD0
FB9160
FB95E0
FB9A50
FB9EC0
FBA330
FBA780
FBABE0
FBB040
FBB4A0
FBB900
FBBD70
FBC1D0
FBC630
FBCAA0
FBCF10
FBD380
FBD7F0
FBDC60
FBE0D0
FBE540
FBE9C0
FBEE30
FBF2C0
FBF750
FBFBF0
FC00A0
FC0560
FC0A30
FC0F10
FC13F0
FC18F0
FC1DF0
FC2300
FC2820
FC2D50
FC3290
FC37E0
FC3D30
FC42A0
FC4830
FC4DE0
FC53A0
FC5980
FC5F70
FC6580
FC6BA0
FC71F0
FC7840
FC7EC0
FC8550
FC8C00
FC92C0
FC99A0
FCA0A0
FCA7C0
FCAF00
FCB660
FCBDE0
FCC590
FCCD60
FCD550
FCDD60
FCE5A0
FCEDF0
FCF670
FCFF10
FD07E0
FD10C0
FD19D0
FD2300
FD2C50
FD35D0
FD3F70
FD4940
FD5330
FD5D50
FD6790
FD71F0
FD7C80
FD8740
FD9220
FD9D20
FDA850
FDB3A0
FDBF10
FDCAC0
FDD680
FDE270
FDEE80
FDFAB0
FE0710
FE1390
FE2030
FE2D00
FE39F0
FE4700
FE5440
FE61A0
FE6F30
FE7CD0
FE8AA0
FE98A0
FEA6B0
FEB4E0
FEC320
FED180
FEE000
FEEEA0
FEFD50
FF0C20
FF1B10
FF2A20
FF3940
FF4880
FF57E0
FF6750
FF76E0
FF8690
FF9650
FFA610
FFB5E0
FFC5C0
FFD5B0
FFE5A0
FFF5B0
0005C0
0015E0
002600
003640
004680
0056D0
006730
0077A0
008810
009880
00A8F0
00B940
00C9A0
00D9E0
00EA30
00FA60
010AA0
011AC0
012AE0
013B00
014B10
015B20
016B20
017B10
018B00
019AD0
01AA80
01BA10
01C980
01D8D0
01E800
01F710
020600
0214D0
022380
023210
024080
024ED0
025D00
026B10
027900
0286C0
029430
02A180
02AE90
02BB60
02C800
02D460
02E080
02EC70
02F830
0303B0
030EF0
031A00
0324D0
032F60
0339D0
0343E0
034DA0
035720
036040
036920
0371B0
0379F0
0381E0
038980
0390D0
0397E0
039EA0
03A500
03AB20
03B0F0
03B680
03BBA0
03C060
03C4D0
03C8D0
03CC80
03CFC0
03D2B0
03D540
03D770
03D940
03DAB0
03DBC0
03DC70
03DCC0
03DCC0
03DC50
03DB80
03DA50
03D8B0
03D6B0
03D440
03D170
03CE40
03CAA0
03C690
03C230
03BD50
03B820
03B280
03AC70
03A610
039F30
039800
039060
038850
037FF0
037720
036DE0
036440
035A40
034FD0
034500
0339D0
032E30
032230
0315D0
030900
02FBD0
02EE40
02E060
02D210
02C380
02B480
02A530
029580
028580
027520
026460
025350
0241E0
023010
021DF0
020B70
01F8A0
01E580
01D220
01BE70
01AA80
019650
0181E0
016D20
015820
0142D0
012D40
011770
010160
00EB00
00D460
00BD70
00A650
008EF0
007780
005FD0
004810
003020
001800
FFFFC0
FFE750
FFCEC0
FFB600
FF9D20
FF8420
FF6AF0
FF5190
FF3810
FF1E70
FF04C0
FEEB10
FED150
FEB7A0
FE9DE0
FE8410
FE6A50
FE5080
FE36B0
FE1CD0
FE02F0
FDE910
FDCF30
FDB540
FD9B50
FD8160
FD6790
FD4DD0
FD3440
FD1AD0
FD0180
FCE850
FCCF40
FCB650
FC9D80
FC84D0
FC6C40
FC53D0
FC3B80
FC2360
FC0B50
FBF360
FBDBC0
FBC460
FBAD40
FB9660
FB7FD0
FB6980
FB5370
FB3DB0
FB2830
FB12F0
FAFDF0
FAE940
FAD4D0
FAC0A0
FAACC0
FA9920
FA85E0
FA7300
FA6090
FA4E70
FA3CC0
FA2B70
FA1A80
FA09F0
F9F9D0
F9EA00
F9DAA0
F9CBA0
F9BD00
F9AEC0
F9A0F0
F99370
F98670
F979F0
F96DE0
F96250
F95730
F94C90
F94270
F938C0
F92F80
F926C0
F91E80
F916B0
F90F50
F90870
F90210
F8FC20
F8F6B0
F8F1D0
F8ED70
F8E990
F8E630
F8E350
F8E100
F8DF20
F8DDD0
F8DD00
F8DCB0
F8DCF0
F8DDA0
F8DEE0
F8E0A0
F8E2E0
F8E5A0
F8E8F0
F8ECB0
F8F0F0
F8F5C0
F8FB00
F900D0
F90720
F90DE0
F91530
F91D00
F92550
F92E20
F93770
F94140
F94BA0
F95660
F96190
F96D40
F97960
F985E0
F992E0
F9A050
F9AE30
F9BC80
F9CB50
F9DA80
F9EA30
F9FA40
FA0AD0
FA1BD0
FA2D30
FA3F00
FA5110
FA6390
FA7650
FA8970
FA9CF0
FAB0C0
FAC4E0
FAD960
FAEE30
FB0360
FB18E0
FB2EB0
FB44E0
FB5B70
FB7240
FB8950
FBA0A0
FBB810
FBCFC0
FBE790
FBFFA0
FC17F0
FC3060
FC4910
FC61E0
FC7AF0
FC9430
FCADB0
FCC750
FCE130
FCFB40
FD1560
FD2F80
FD49B0
FD63E0
FD7E20
FD9870
FDB2C0
FDCD20
FDE790
FE0200
FE1C80
FE3700
FE5190
FE6C30
FE86D0
FEA180
FEBC10
FED680
FEF0D0
FF0B00
FF2510
FF3F00
FF58C0
FF7270
FF8C00
FFA560
FFBEB0
FFD7D0
FFF0E0
0009C0
002290
003B30
005390
006BA0
008370
009B00
00B230
00C930
00DFE0
00F640
010C60
012230
0137C0
014D00
016200
0176B0
018B20
019F40
01B300
01C650
01D940
01EBC0
01FDE0
020F90
0220E0
0231C0
024240
025250
0261F0
027140
028010
028E80
029C90
02AA30
02B750
02C400
02D020
02DBD0
02E700
02F1B0
02FBE0
030590
030EC0
031780
031FB0
032770
032EB0
033570
033BB0
034180
0346C0
034B70
034FA0
035350
035680
035920
035B30
035CD0
035DE0
035E60
035E60
035DE0
035CE0
035B50
035930
0356A0
035380
034FE0
034BC0
034730
034210
033C70
033650
032FB0
032890
0320F0
0318E0
031040
030720
02FD80
02F360
02E8B0
02DDB0
02D230
02C640
02B9F0
02AD30
02A000
029260
028450
0275D0
0266F0
0257A0
0247E0
0237B0
022710
021610
020490
01F2D0
01E0C0
01CE60
01BBB0
01A8B0
019560
0181C0
016DD0
015990
014510
013030
011B10
0105A0
00EFD0
00D9C0
00C360
00ACD0
009620
007F50
006840
005120
0039D0
002250
000AB0
FFF2E0
FFDAF0
FFC2D0
FFAA90
FF9220
FF7990
FF60D0
FF47F0
FF2F10
FF1630
FEFD50
FEE480
FECBB0
FEB2E0
FE9A10
FE8140
FE6880
FE4FC0
FE3700
FE1E40
FE0580
FDECD0
FDD420
FDBB70
FDA2F0
FD8AA0
FD7270
FD5A80
FD42B0
FD2B20
FD13B0
FCFC70
FCE560
FCCE80
FCB7C0
FCA140
FC8AE0
FC74C0
FC5EC0
FC48F0
FC3370
FC1E50
FC0980
FBF500
FBE0D0
FBCD00
FBB980
FBA650
FB9370
FB80F0
FB6EB0
FB5CE0
FB4B50
FB3A20
FB2930
FB18B0
FB0890
FAF8E0
FAE9A0
FADAE0
FACC80
FABEA0
FAB130
FAA430
FA97A0
FA8B80
FA7FD0
FA7490
FA69C0
FA5F60
FA5580
FA4C00
FA4310
FA3AA0
FA32B0
FA2B40
FA2460
FA1DF0
FA1810
FA12B0
FA0DD0
FA0980
FA05A0
FA0250
F9FF80
F9FD30
F9FB60
F9FA20
F9F960
F9F920
F9F970
F9FA40
F9FBA0
F9FD90
F9FFF0
FA02E0
FA0660
FA0A60
FA0EF0
FA1400
FA19A0
FA1FC0
FA2660
FA2D90
FA3540
FA3D70
FA4610
FA4F40
FA58F0
FA6310
FA6DB0
FA78E0
FA8480
FA90A0
FA9D40
FAAA60
FAB800
FAC620
FAD4C0
FAE3E0
FAF360
FB0350
FB13A0
FB2460
FB3590
FB4720
FB5920
FB6B80
FB7E50
FB9180
FBA520
FBB920
FBCD90
FBE270
FBF7B0
FC0D60
FC2350
FC3990
FC5020
FC66F0
FC7E10
FC9570
FCAD20
FCC520
FCDD60
FCF5F0
FD0ED0
FD27F0
FD4160
FD5B10
FD7510
FD8F60
FDA9D0
FDC460
FDDF20
FDF9F0
FE14F0
FE3020
FE4B60
FE66D0
FE8260
FE9E20
FEB9F0
FED5F0
FEF210
FF0E60
FF2AC0
FF4750
FF63E0
FF8070
FF9CF0
FFB980
FFD600
FFF270
000EF0
002B70
0047E0
006450
0080C0
009D30
00B990
00D5F0
00F260
010EB0
012AF0
014700
0162E0
017EA0
019A30
01B590
01D0D0
01EBE0
0206D0
022190
023C30
0256A0
0270F0
028B10
02A500
02BED0
02D850
02F190
030A80
032330
033B90
0353A0
036B70
038300
039A40
03B130
03C7E0
03DE40
03F460
040A30
041FC0
043500
0449E0
045E60
047280
048650
0499B0
04ACB0
04BF50
04D190
04E370
04F4F0
050610
0516D0
052730
053730
0546D0
055620
0564F0
057350
058150
058EE0
059C00
05A8C0
05B500
05C0E0
05CC50
05D750
05E1F0
05EC10
05F5D0
05FF20
060810
061080
061890
062030
062760
062E20
063480
063A70
063FF0
064500
0649A0
064DE0
0651A0
065500
0657F0
065A80
065C90
065E40
065F80
066070
0660F0
066110
0660D0
066030
065F30
065DC0
065BF0
0659D0
065740
065450
0650F0
064D40
064920
0644B0
063FE0
063AC0
063560
062FB0
0629A0
062350
061CB0
0615C0
060E70
0606E0
05FF00
05F6E0
05EE60
05E590
05DC70
05D310
05C970
05BF90
05B590
05AB50
05A0E0
059630
058B50
058040
0574F0
056970
055DC0
0551E0
0545C0
053960
052CE0
052020
051350
050660
04F960
04EC40
04DF10
04D1C0
04C460
04B6F0
04A960
049BB0
048DF0
048020
047230
046430
045610
0447E0
0439B0
042B90
041D60
040F50
040130
03F320
03E510
03D710
03C910
03BB10
03AD20
039F20
039140
038350
037570
0367A0
0359E0
034C40
033EC0
033170
032430
031710
030A10
02FD30
02F070
02E3D0
02D750
02CAF0
02BEB0
02B290
02A690
029AB0
028F00
028380
027840
026D20
026240
025790
024D10
0242C0
0238B0
022ED0
022510
021B90
021250
020930
020050
01F790
01EF20
01E6F0
01DEF0
01D740
01CFC0
01C890
01C190
01BAD0
01B450
01AE10
01A820
01A260
019CD0
019790
019290
018DD0
018950
018510
018110
017D50
0179E0
0176B0
0173C0
017110
016EA0
016C70
016A80
0168E0
016780
016660
016580
0164E0
016480
016460
016480
0164E0
016570
016650
016760
0168B0
016A40
016C10
016E20
017060
0172F0
0175B0
0178B0
017C00
017F70
018310
0186F0
018AF0
018F30
0193A0
019840
019D10
01A210
01A750
01ACC0
01B250
01B820
01BE20
01C450
01CAC0
01D140
01D7F0
01DEB0
01E5A0
01ECB0
01F3E0
01FB40
0202B0
020A50
021210
0219E0
0221E0
022A10
023250
023AB0
024340
024BD0
025480
025D30
026600
026EE0
0277C0
0280C0
0289C0
0292E0
029C00
02A540
02AE80
02B7E0
02C140
02CAC0
02D440
02DDD0
02E750
02F0D0
02FA50
0303D0
030D40
0316C0
032030
0329B0
033320
033C90
034600
034F60
0358D0
036230
036BA0
0374F0
037E30
038760
039080
039990
03A290
03AB70
03B450
03BD10
03C5D0
03CE70
03D700
03DF90
03E800
03F060
03F8A0
0400E0
0408F0
0410E0
0418C0
042080
042820
042FB0
043710
043E60
044590
044CB0
0453A0
045A80
046140
0467E0
046E70
0474D0
047B10
048140
048740
048D20
0492E0
049870
049DF0
04A350
04A890
04ADA0
04B2A0
04B770
04BC20
04C0B0
04C530
04C980
04CDB0
04D1C0
04D5A0
04D970
04DD20
04E0A0
04E410
04E760
04EA80
04ED80
04F070
04F330
04F5D0
04F850
04FAB0
04FCF0
04FF20
050130
050320
0504F0
0506A0
050840
0509C0
050B20
050C70
050DA0
050EB0
050FA0
051070
051130
0511D0
051260
0512D0
051340
051390
0513D0
051400
051420
051430
051420
051410
0513E0
0513A0
051340
0512E0
051260
0511E0
051140
0510B0
051000
050F50
050EA0
050DE0
050D10
050C40
050B70
050A90
0509A0
0508B0
0507B0
0506B0
0505A0
050490
050380
050270
050160
050050
04FF40
04FE40
04FD30
04FC30
04FB30
04FA30
04F930
04F830
04F740
04F640
04F550
04F450
04F370
04F290
04F1B0
04F0E0
04F010
04EF50
04EEA0
04EDF0
04ED50
04ECB0
04EC20
04EB90
04EB10
04EAA0
04EA30
04E9C0
04E970
04E920
04E8E0
04E8A0
04E880
04E860
04E850
04E850
04E860
04E870
04E8A0
04E8D0
04E900
04E950
04E9A0
04EA10
04EA70
04EAF0
04EB70
04EC00
04EC90
04ED30
04EDD0
04EE80
04EF40
04F000
04F0D0
04F1B0
04F290
04F380
04F470
04F580
04F680
04F780
04F890
04F9A0
04FAB0
04FBC0
04FCE0
04FDF0
04FF10
050030
050150
050280
0503A0
0504D0
050600
050740
050860
050980
050AA0
050BA0
050CB0
050DA0
050E90
050F70
051050
051120
0511F0
0512A0
051360
051400
0514A0
051540
0515C0
051620
051660
0516A0
0516B0
0516B0
0516A0
051670
051620
0515C0
051540
0514B0
051400
051330
051250
051160
051030
050EF0
050D70
050BD0
050A00
050800
0505E0
050390
050120
04FE80
04FBB0
04F8B0
04F590
04F240
04EED0
04EB20
04E750
04E330
04DEE0
04DA50
04D590
04D090
04CB50
04C5E0
04C030
04BA50
04B430
04ADD0
04A730
04A060
049960
049210
048A90
0482B0
047AA0
047240
046990
0460A0
045770
044DF0
044430
043A20
042FD0
042530
041A50
040F30
0403C0
03F810
03EC10
03DFC0
03D320
03C630
03B900
03AB80
039DA0
038F90
038120
037260
036360
035410
034460
033480
032440
0313B0
0302E0
02F1C0
02E050
02CE90
02BC90
02AA40
0297A0
0284B0
027180
025DF0
024A20
023600
0221A0
020CF0
01F7E0
01E2A0
01CD00
01B730
01A120
018AC0
017420
015D40
014620
012EB0
011700
00FF10
00E6E0
00CE70
00B5B0
009CC0
008380
0069F0
005040
003660
001C40
000200
FFE780
FFCCE0
FFB200
FF96F0
FF7BB0
FF6040
FF44A0
FF28D0
FF0CD0
FEF0A0
FED430
FEB7A0
FE9AF0
FE7E20
FE6140
FE4450
FE2730
FE0A10
FDECD0
FDCF70
FDB1F0
FD9470
FD76C0
FD5900
FD3B30
FD1D40
FCFF30
FCE110
FCC2F0
FCA4E0
FC86D0
FC68C0
FC4AC0
FC2CD0
FC0ED0
FBF0F0
FBD300
FBB520
FB9740
FB7970
FB5BA0
FB3DE0
FB2020
FB0260
FAE4D0
FAC760
FAAA20
FA8D00
FA7010
FA5340
FA3690
FA1A10
F9FDC0
F9E180
F9C580
F9A990
F98DE0
F97240
F956D0
F93B90
F92090
F905D0
F8EB70
F8D140
F8B770
F89DD0
F88490
F86B90
F852D0
F83A60
F82240
F80A60
F7F2D0
F7DB80
F7C480
F7ADC0
F79770
F78180
F76C00
F756D0
F74220
F72DC0
F719D0
F70650
F6F320
F6E060
F6CE10
F6BC20
F6AA90
F69960
F688A0
F67850
F66870
F65910
F64A30
F63BD0
F62DF0
F62080
F613A0
F60740
F5FB50
F5EFE0
F5E500
F5DA90
F5D0A0
F5C730
F5BE40
F5B5C0
F5ADE0
F5A680
F59FB0
F59970
F593B0
F58E80
F589E0
F585D0
F58250
F57F50
F57CE0
F57AF0
F579A0
F578D0
F57890
F578D0
F579B0
F57B20
F57D10
F57FA0
F582C0
F58670
F58AB0
F58F80
F594E0
F59AD0
F5A160
F5A870
F5B010
F5B840
F5C110
F5CA60
F5D440
F5DEB0
F5E9A0
F5F520
F60120
F60DB0
F61AC0
F62860
F63680
F64530
F65470
F66430
F67480
F68550
F696B0
F6A890
F6BAF0
F6CDC0
F6E110
F6F4D0
F70910
F71DC0
F732E0
F74880
F75EA0
F77530
F78C30
F7A3B0
F7BBA0
F7D410
F7ECF0
F80640
F82000
F83A10
F85470
F86F40
F88A60
F8A5D0
F8C1B0
F8DDE0
F8FA70
F91760
F934A0
F95240
F97040
F98E90
F9AD40
F9CC50
F9EB90
FA0B10
FA2AD0
FA4AC0
FA6AE0
FA8B40
FAABE0
FACCB0
FAEDC0
FB0F10
FB3080
FB5240
FB7430
FB9660
FBB8C0
FBDB50
FBFE00
FC20C0
FC4390
FC6670
FC8960
FCAC70
FCCF80
FCF2B0
FD15F0
FD3930
FD5C90
FD8000
FDA390
FDC720
FDEAC0
FE0E80
FE3220
FE55B0
FE7920
FE9C80
FEBFD0
FEE300
FF0620
FF2930
FF4C20
FF6F00
FF91D0
FFB480
FFD720
FFF9B0
001C20
003E80
0060A0
008290
00A430
00C5B0
00E6E0
0107E0
0128A0
014920
016970
018980
01A950
01C8F0
01E850
020770
022660
024500
026360
028150
029EF0
02BC40
02D920
02F5B0
0311F0
032DC0
034940
036470
037F40
0399B0
03B3D0
03CD80
03E6F0
03FFF0
041890
0430B0
044870
045FB0
047690
048CF0
04A2E0
04B860
04CD70
04E210
04F640
050A00
051D50
053030
0542A0
055490
056610
057710
058790
059790
05A720
05B620
05C4B0
05D2B0
05E040
05ED50
05F9E0
0605F0
061190
061CA0
062740
063150
063AF0
064410
064CA0
0654C0
065C60
066380
066A10
067030
0675D0
067AF0
067F80
0683A0
068740
068A60
068D00
068F10
0690C0
0691F0
0692A0
0692E0
0692A0
0691F0
0690D0
068F30
068D20
068A90
068780
068410
068010
067BB0
0676C0
067170
066BB0
066580
065F00
065810
0650C0
064900
0640E0
063860
062F70
062630
061C70
061260
0607E0
05FD00
05F1C0
05E610
05DA20
05CDE0
05C150
05B470
05A740
0599D0
058C10
057E00
056FB0
056110
055220
0542E0
053350
052380
051360
0502F0
04F250
04E190
04D0A0
04BF80
04AE30
049CB0
048B10
047940
046740
045510
0442B0
043030
041D70
040A90
03F780
03E450
03D100
03BDB0
03AA40
0396D0
038350
036FD0
035C30
034880
0334D0
032110
030D40
02F960
02E570
02D170
02BD70
02A950
029550
028160
026D80
0259B0
0245F0
023240
021EB0
020B20
01F7B0
01E450
01D100
01BDC0
01AA90
019770
018460
017170
015EA0
014C00
013980
012740
011520
010330
00F160
00DFD0
00CE60
00BD10
00AC00
009B10
008A50
0079C0
006950
005920
004920
003960
0029E0
001AB0
000BB0
FFFD00
FFEE80
FFE050
FFD250
FFC4A0
FFB720
FFA9F0
FF9D00
FF9050
FF83E0
FF77A0
FF6BC0
FF6030
FF54E0
FF49E0
FF3F30
FF34C0
FF2AA0
FF20E0
FF1750
FF0E20
FF0540
FEFCA0
FEF450
FEEC50
FEE490
FEDD30
FED610
FECF40
FEC8D0
FEC2A0
FEBCD0
FEB740
FEB200
FEAD20
FEA880
FEA440
FEA040
FE9C90
FE9940
FE9630
FE9380
FE9110
FE8EF0
FE8D20
FE8B90
FE8A50
FE8960
FE88B0
FE8840
FE8830
FE8860
FE88D0
FE8990
FE8AA0
FE8BF0
FE8D90
FE8F80
FE91B0
FE9420
FE96D0
FE99B0
FE9CE0
FEA040
FEA3E0
FEA7C0
FEABD0
FEB030
FEB4C0
FEB990
FEBE90
FEC3E0
FEC960
FECF30
FED520
FEDB50
FEE1A0
FEE820
FEEEC0
FEF590
FEFC80
FF03A0
FF0AE0
FF1250
FF19F0
FF21B0
FF2990
FF31A0
FF39E0
FF4250
FF4AD0
FF5370
FF5C20
FF64E0
FF6DC0
FF76A0
FF7F90
FF8890
FF91B0
FF9AD0
FFA410
FFAD50
FFB6B0
FFC020
FFC9A0
FFD330
FFDCC0
FFE660
FFEFF0
FFF970
0002F0
000C60
0015D0
001F30
002890
0031F0
003B30
004470
004DB0
0056E0
006010
006930
007250
007B40
008420
008CD0
009570
009DE0
00A640
00AE70
00B680
00BE70
00C640
00CE00
00D590
00DD00
00E450
00EB80
00F280
00F960
010000
010670
010CB0
0112B0
011880
011E10
012370
0128A0
012D90
013260
0136E0
013B40
013F60
014350
014700
014A70
014DA0
015090
015330
015590
0157B0
015980
015B10
015C60
015D60
015E30
015EB0
015EE0
015EE0
015E90
015DF0
015D10
015BE0
015A70
0158A0
015690
015430
015180
014E80
014B40
0147A0
0143C0
013F90
013B10
013650
013130
012BD0
012620
012020
0119D0
011330
010C50
010510
00FD90
00F5C0
00EDA0
00E540
00DC80
00D370
00CA20
00C080
00B690
00AC50
00A1D0
009700
008BF0
0080A0
007500
006920
005CF0
005080
0043D0
0036D0
002990
001C00
000E30
000020
FFF1C0
FFE320
FFD440
FFC530
FFB5F0
FFA670
FF96B0
FF86C0
FF7690
FF6630
FF55A0
FF44D0
FF33C0
FF2280
FF1110
FEFF60
FEED70
FEDB50
FEC910
FEB6A0
FEA420
FE9170
FE7EA0
FE6BB0
FE58A0
FE4560
FE3200
FE1E80
FE0AE0
FDF720
FDE340
FDCF30
FDBB00
FDA6B0
FD9250
FD7DF0
FD6980
FD5500
FD4070
FD2BE0
FD1740
FD0290
FCEDD0
FCD910
FCC440
FCAF70
FC9A80
FC8590
FC70A0
FC5B90
FC46A0
FC31B0
FC1CE0
FC0810
FBF350
FBDEB0
FBCA10
FBB580
FBA100
FB8C90
FB7830
FB63E0
FB4FA0
FB3B70
FB2750
FB1340
FAFF50
FAEB90
FAD800
FAC480
FAB140
FA9E20
FA8B20
FA7850
FA65B0
FA5330
FA40E0
FA2EB0
FA1CA0
FA0AD0
F9F910
F9E790
F9D640
F9C530
F9B460
F9A3E0
F99390
F98380
F973B0
F96420
F954E0
F945D0
F93700
F92870
F91A20
F90C10
F8FE40
F8F0C0
F8E380
F8D690
F8CA00
F8BDB0
F8B1C0
F8A620
F89AD0
F88FD0
F88520
F87AC0
F870C0
F86710
F85DA0
F85490
F84BD0
F84360
F83B50
F833A0
F82C50
F82550
F81EC0
F81890
F812B0
F80D30
F80820
F80360
F7FF00
F7FB00
F7F760
F7F420
F7F140
F7EEB0
F7EC90
F7EAD0
F7E980
F7E880
F7E7F0
F7E7C0
F7E7F0
F7E890
F7E980
F7EAE0
F7ECA0
F7EEC0
F7F150
F7F440
F7F780
F7FB40
F7FF50
F803C0
F808A0
F80DD0
F81370
F81970
F81FC0
F82680
F82DB0
F83530
F83D10
F84560
F84E00
F85710
F86080
F86A40
F87470
F87EF0
F889C0
F894F0
F8A070
F8AC50
F8B890
F8C510
F8D200
F8DF40
F8ECD0
F8FAC0
F90900
F917A0
F926A0
F935E0
F94580
F95560
F96590
F97600
F986C0
F997C0
F9A910
F9BAB0
F9CC90
F9DEC0
F9F140
FA0400
FA1700
FA2A50
FA3DF0
FA51E0
FA65F0
FA7A40
FA8ED0
FAA380
FAB870
FACD90
FAE2F0
FAF880
FB0E40
FB2430
FB3A60
FB50C0
FB6750
FB7E10
FB9510
FBAC40
FBC390
FBDB00
FBF280
FC0A30
FC21F0
FC39E0
FC51E0
FC6A00
FC8240
FC9AA0
FCB310
FCCBB0
FCE460
FCFD30
FD1620
FD2F30
FD4850
FD6160
FD7A80
FD93B0
FDACD0
FDC600
FDDF30
FDF860
FE11A0
FE2AE0
FE4420
FE5D70
FE76C0
FE9010
FEA970
FEC2C0
FEDC10
FEF550
FF0E70
FF2780
FF4080
FF5970
FF7240
FF8B10
FFA3C0
FFBC60
FFD4F0
FFED60
0005D0
001E20
003670
004EA0
0066A0
007E80
009630
00ADC0
00C530
00DC60
00F380
010A60
012130
0137C0
014E30
016480
017AA0
0190A0
01A670
01BC10
01D180
01E6B0
01FBB0
021060
0224E0
023930
024D40
026110
0274A0
0287F0
029B10
02AE00
02C0A0
02D310
02E540
02F740
0308F0
031A50
032B70
033C50
034CE0
035D30
036D30
037CE0
038C50
039B80
03AA60
03B900
03C750
03D560
03E320
03F0A0
03FDD0
040AA0
041730
042370
042F50
043AF0
044630
045130
045BD0
046630
047030
0479F0
048350
048C70
049530
049DA0
04A5C0
04AD90
04B510
04BC40
04C310
04C990
04CFD0
04D5A0
04DB30
04E070
04E550
04E9F0
04EE30
04F210
04F5B0
04F900
04FBF0
04FEA0
0500F0
0502F0
0504A0
050600
050710
0507D0
050830
050850
050820
050790
0506B0
050580
050410
050240
050020
04FDC0
04FB10
04F810
04F4D0
04F140
04ED70
04E950
04E4E0
04E030
04DB30
04D5E0
04D050
04CA70
04C450
04BDD0
04B720
04B030
04A900
04A180
0499D0
0491D0
048990
048120
047860
046F60
046620
045CA0
0452E0
0448D0
043E90
043410
042950
041E60
041340
0407E0
03FC60
03F090
03E4A0
03D870
03CC10
03BF80
03B2B0
03A5B0
039880
038B20
037D80
036FB0
0361B0
035390
034540
0336D0
032830
031970
030A80
02FB70
02EC20
02DCC0
02CD30
02BD70
02AD90
029D80
028D40
027CF0
026C70
025BE0
024B30
023A60
022980
021880
020760
01F630
01E4E0
01D370
01C1F0
01B050
019E90
018CB0
017AC0
0168C0
0156A0
014470
013240
011FF0
010DA0
00FB30
00E8C0
00D630
00C3A0
00B100
009E40
008B80
0078B0
0065D0
0052E0
003FE0
002CE0
0019D0
0006D0
FFF3B0
FFE0A0
FFCD90
FFBA70
FFA750
FF9430
FF8100
FF6DD0
FF5AA0
FF4770
FF3440
FF2100
FF0DC0
FEFA80
FEE750
FED420
FEC0F0
FEADC0
FE9AA0
FE8780
FE7460
FE6150
FE4E30
FE3B30
FE2820
FE1520
FE0220
FDEF20
FDDC20
FDC940
FDB660
FDA380
FD90C0
FD7E00
FD6B50
FD58B0
FD4620
FD3390
FD2110
FD0EA0
FCFC30
FCE9E0
FCD790
FCC550
FCB310
FCA0F0
FC8EE0
FC7CE0
FC6AF0
FC5920
FC4750
FC35A0
FC2400
FC1260
FC00F0
FBEF80
FBDE20
FBCCE0
FBBBA0
FBAA80
FB9970
FB8870
FB7790
FB66C0
FB5610
FB4570
FB34F0
FB2470
FB1420
FB03E0
FAF3B0
FAE390
FAD390
FAC3B0
FAB3E0
FAA420
FA9480
FA84F0
FA7580
FA6630
FA5700
FA47E0
FA38E0
FA29F0
FA1B30
FA0C80
F9FDE0
F9EF60
F9E100
F9D2C0
F9C4A0
F9B690
F9A890
F99AC0
F98D10
F97F70
F971F0
F96490
F95760
F94A40
F93D30
F93050
F92390
F916E0
F90A60
F8FDF0
F8F1A0
F8E570
F8D960
F8CD80
F8C1B0
F8B610
F8AA80
F89F20
F893E0
F888C0
F87DD0
F872F0
F86840
F85DB0
F85340
F848F0
F83ED0
F834D0
F82AE0
F82130
F81790
F80E20
F804D0
F7FBB0
F7F2B0
F7E9D0
F7E120
F7D890
F7D020
F7C7E0
F7BFC0
F7B7C0
F7AFF0
F7A840
F7A0C0
F79960
F79230
F78B20
F78440
F77D90
F77700
F770A0
F76A60
F76460
F75E70
F758C0
F75330
F74DC0
F74890
F74380
F73E90
F739E0
F73550
F730F0
F72CB0
F728B0
F724D0
F72120
F71DA0
F71A50
F71730
F71430
F71160
F70EC0
F70C40
F70A00
F707E0
F705F0
F70440
F702B0
F70150
F70020
F6FF30
F6FE60
F6FDC0
F6FD60
F6FD20
F6FD10
F6FD30
F6FD90
F6FE10
F6FEC0
F6FFB0
F700C0
F70200
F70380
F70520
F70700
F70900
F70B30
F70DA0
F71030
F71300
F715F0
F71920
F71C70
F72000
F723C0
F727A0
F72BC0
F73010
F73480
F73930
F73E00
F74310
F74840
F74DB0
F75340
F75910
F75F00
F76530
F76B80
F77210
F778C0
F77FB0
F786C0
F78E00
F79560
F79D00
F7A4C0
F7ACB0
F7B4C0
F7BD10
F7C580
F7CE10
F7D6E0
F7DFD0
F7E8F0
F7F240
F7FBB0
F80560
F80F20
F81910
F82320
F82D60
F837C0
F84240
F84CF0
F857C0
F862C0
F86DE0
F87920
F88480
F89010
F89BD0
F8A7A0
F8B3B0
F8BFC0
F8CC00
F8D850
F8E4C0
F8F150
F8FE00
F90AC0
F917A0
F924A0
F931C0
F93EF0
F94C40
F959B0
F96740
F974E0
F982B0
F99080
F99E60
F9AC50
F9BA60
F9C870
F9D690
F9E4D0
F9F310
FA0160
FA0FD0
FA1E40
FA2CD0
FA3B60
FA4A10
FA58C0
FA6790
FA7650
FA8520
FA93F0
FAA2C0
FAB1A0
FAC070
FACF50
FADE20
FAED00
FAFBE0
FB0AC0
FB19A0
FB2890
FB3770
FB4660
FB5540
FB6420
FB72F0
FB81C0
FB9070
FB9F20
FBADC0
FBBC50
FBCAE0
FBD950
FBE7C0
FBF620
FC0480
FC12C0
FC2100
FC2F20
FC3D50
FC4B50
FC5940
FC6700
FC74C0
FC8250
FC8FD0
FC9D30
FCAA70
FCB7A0
FCC4B0
FCD1A0
FCDE80
FCEB30
FCF7D0
FD0460
FD10C0
FD1D00
FD2920
FD3510
FD40D0
FD4C70
FD57E0
FD6330
FD6E50
FD7940
FD8410
FD8EC0
FD9930
FDA390
FDADB0
FDB7B0
FDC190
FDCB30
FDD4A0
FDDDE0
FDE6F0
FDEFC0
FDF870
FE00E0
FE0920
FE1120
FE1900
FE20A0
FE2810
FE2F50
FE3660
FE3D30
FE43E0
FE4A40
FE5080
FE5670
FE5C30
FE61B0
FE6700
FE6C10
FE70F0
FE7590
FE79F0
FE7E20
FE8210
FE85D0
FE8950
FE8CA0
FE8FA0
FE9280
FE9510
FE9770
FE9990
FE9B80
FE9D20
FE9EA0
FE9FD0
FEA0D0
FEA190
FEA210
FEA260
FEA270
FEA240
FEA1E0
FEA140
FEA070
FE9F60
FE9E10
FE9CA0
FE9AE0
FE9900
FE96E0
FE9480
FE91F0
FE8F30
FE8C30
FE8900
FE85A0
FE81F0
FE7E20
FE7A10
FE75D0
FE7170
FE6CD0
FE6810
FE6320
FE5E00
FE58B0
FE5340
FE4DA0
FE47C0
FE41C0
FE3B90
FE3540
FE2EB0
FE2800
FE2120
FE1A20
FE1300
FE0BC0
FE0460
FDFCE0
FDF540
FDED80
FDE5B0
FDDDB0
FDD590
FDCD60
FDC500
FDBC90
FDB3F0
FDAB40
FDA260
FD9980
FD9090
FD8790
FD7E80
FD7560
FD6C40
FD6300
FD59C0
FD5070
FD4710
FD3DA0
FD3420
FD2A90
FD2100
FD1750
FD0DA0
FD03F0
FCFA40
FCF0A0
FCE700
FCDD60
FCD3C0
FCCA30
FCC0A0
FCB710
FCAD90
FCA410
FC9A90
FC9110
FC87A0
FC7E30
FC74D0
FC6B80
FC6240
FC5920
FC5010
FC4720
FC3E40
FC3580
FC2CD0
FC2440
FC1BC0
FC1360
FC0B10
FC02E0
FBFAC0
FBF2B0
FBEAD0
FBE300
FBDB60
FBD3F0
FBCCA0
FBC580
FBBE80
FBB7B0
FBB100
FBAA80
FBA420
FB9DF0
FB97F0
FB9200
FB8C50
FB86C0
FB8150
FB7C20
FB7720
FB7250
FB6DC0
FB6950
FB6520
FB6130
FB5D60
FB59D0
FB5670
FB5340
FB5050
FB4D90
FB4B00
FB48A0
FB4680
FB4490
FB42E0
FB4160
FB4020
FB3F20
FB3E60
FB3DC0
FB3D70
FB3D50
FB3D70
FB3DC0
FB3E50
FB3F20
FB4020
FB4160
FB42E0
FB4490
FB4680
FB48A0
FB4B00
FB4DA0
FB5070
FB5380
FB56C0
FB5A50
FB5E00
FB6200
FB6630
FB6A90
FB6F40
FB7420
FB7930
FB7E80
FB8400
FB89B0
FB8F90
FB95A0
FB9BE0
FBA260
FBA900
FBAFE0
FBB6F0
FBBE30
FBC5A0
FBCD40
FBD520
FBDD20
FBE560
FBEDC0
FBF640
FBFEE0
FC07B0
FC10A0
FC19B0
FC22E0
FC2C30
FC35B0
FC3F50
FC4910
FC5300
FC5D10
FC6740
FC7190
FC7C00
FC8690
FC9120
FC9BC0
FCA680
FCB140
FCBC10
FCC6F0
FCD1F0
FCDCF0
FCE800
FCF320
FCFE50
FD0990
FD14E0
FD2040
FD2BB0
FD3710
FD4270
FD4DD0
FD5920
FD6470
FD6FB0
FD7AF0
FD8620
FD9140
FD9C70
FDA790
FDB2A0
FDBDB0
FDC8B0
FDD3B0
FDDEB0
FDE980
FDF440
FDFED0
FE0950
FE13A0
FE1DE0
FE2800
FE31F0
FE3BD0
FE4580
FE4F20
FE58A0
FE61F0
FE6B30
FE7450
FE7D40
FE8610
FE8E90
FE96F0
FE9F10
FEA700
FEAEB0
FEB630
FEBD70
FEC480
FECB60
FED200
FED870
FEDEA0
FEE4A0
FEEA60
FEF000
FEF540
FEFA40
FEFF00
FF0360
FF0790
FF0B60
FF0F00
FF1240
FF1540
FF1800
FF1A70
FF1C90
FF1E70
FF2000
FF2150
FF2250
FF2300
FF2350
FF2360
FF2310
FF2260
FF2160
FF2010
FF1E70
FF1C70
FF1A30
FF1780
FF1490
FF1140
FF0DA0
FF09A0
FF0560
FF00B0
FEFBC0
FEF660
FEF0C0
FEEAB0
FEE460
FEDDA0
FED6A0
FECF40
FEC780
FEBF70
FEB700
FEAE40
FEA520
FE9BB0
FE91E0
FE87C0
FE7D50
FE7290
FE6780
FE5C10
FE5060
FE4450
FE37F0
FE2B40
FE1E40
FE10F0
FE0340
FDF550
FDE700
FDD860
FDC970
FDBA40
FDAAC0
FD9B10
FD8B10
FD7AD0
FD6A60
FD5990
FD4890
FD3750
FD25C0
FD1400
FD01F0
FCEFA0
FCDD10
FCCA40
FCB720
FCA3E0
FC9070
FC7CE0
FC6920
FC5530
FC4110
FC2CD0
FC1860
FC03D0
FBEF00
FBDA10
FBC500
FBAFB0
FB9A40
FB84A0
FB6EE0
FB5900
FB4320
FB2D40
FB1740
FB0130
FAEB20
FAD500
FABED0
FAA8A0
FA9260
FA7C00
FA65B0
FA4F40
FA38C0
FA2240
FA0BB0
F9F530
F9DED0
F9C880
F9B240
F99C10
F98600
F97000
F95A20
F94450
F92E90
F918E0
F90350
F8EDD0
F8D860
F8C310
F8ADD0
F898C0
F883F0
F86F60
F85B00
F846D0
F832E0
F81F30
F80BB0
F7F860
F7E550
F7D270
F7BFD0
F7AD60
F79B30
F78940
F77770
F76610
F754F0
F74440
F733D0
F723C0
F71410
F704B0
F6F5A0
F6E6F0
F6D8A0
F6CAA0
F6BCF0
F6AFA0
F6A2A0
F695F0
F689B0
F67DD0
F67260
F66760
F65CE0
F652D0
F64920
F63FF0
F63730
F62EE0
F62700
F61F90
F61890
F61210
F60BF0
F60650
F60110
F5FC60
F5F830
F5F480
F5F150
F5EEA0
F5EC70
F5EAD0
F5E9A0
F5E900
F5E8D0
F5E930
F5EA10
F5EB70
F5ED50
F5EFB0
F5F2A0
F5F600
F5FA00
F5FE80
F60380
F60910
F60F30
F615D0
F61CF0
F624A0
F62CE0
F635A0
F63EF0
F648C0
F65310
F65E00
F66960
F67550
F681C0
F68EC0
F69C30
F6AA30
F6B8B0
F6C7B0
F6D730
F6E740
F6F7C0
F708D0
F71A60
F72C70
F73F10
F75220
F765C0
F779D0
F78E50
F7A340
F7B8B0
F7CE80
F7E4D0
F7FB90
F812D0
F82A70
F84290
F85B20
F87420
F88D90
F8A770
F8C1D0
F8DCA0
F8F7C0
F91340
F92F10
F94B40
F967D0
F984B0
F9A1E0
F9BF70
F9DD50
F9FB90
FA1A30
FA3920
FA5860
FA7800
FA97F0
FAB840
FAD8D0
FAF990
FB1A80
FB3BA0
FB5D00
FB7E90
FBA060
FBC260
FBE490
FC0700
FC29A0
FC4C80
FC6F90
FC92D0
FCB640
FCD9F0
FCFDB0
FD2180
FD4560
FD6950
FD8D50
FDB160
FDD570
FDF9A0
FE1DE0
FE4220
FE6680
FE8AE0
FEAF60
FED3E0
FEF870
FF1D20
FF41A0
FF6620
FF8A70
FFAEB0
FFD2E0
FFF6F0
001AF0
003ED0
006290
008640
00A9D0
00CD50
00F0B0
011400
013730
015A50
017D30
019FC0
01C220
01E440
020620
0227C0
024930
026A50
028B30
02ABE0
02CC50
02EC70
030C60
032C10
034B80
036AB0
038980
03A7F0
03C600
03E3C0
040110
041E00
043AA0
0456D0
0472B0
048E20
04A940
04C3F0
04DE50
04F840
0511E0
052B20
0543E0
055C30
057410
058B70
05A250
05B8C0
05CEC0
05E440
05F950
060DE0
062200
0635B0
0648E0
065B90
066DE0
067FA0
0690F0
06A1B0
06B1E0
06C1A0
06D0D0
06DF70
06ED90
06FB30
070840
0714D0
0720E0
072C60
073760
0741E0
074BD0
075530
075E20
076670
076E40
077590
077C50
078280
078830
078D60
079200
079610
0799A0
079CA0
079F10
07A100
07A270
07A350
07A3B0
07A390
07A2E0
07A1B0
07A010
079DE0
079B30
079800
079440
079010
078B50
078610
078050
077A10
077350
076C00
076450
075C20
075390
074A80
074100
073710
072CB0
0721E0
0716A0
070AF0
06FED0
06F240
06E540
06D7C0
06C9E0
06BB80
06ACD0
069DC0
068E60
067EA0
066E80
065E10
064D40
063C20
062AA0
0618C0
060690
05F400
05E110
05CDD0
05BA30
05A630
059200
057D90
0568E0
0553F0
053ED0
052970
0513D0
04FDF0
04E7D0
04D180
04BAE0
04A410
048D10
0475C0
045E40
044670
042E90
041690
03FE70
03E640
03CDE0
03B560
039CD0
038410
036B40
035240
033930
032000
0306B0
02ED40
02D3B0
02BA10
02A060
0286B0
026D00
025360
0239B0
022000
020660
01ECB0
01D300
01B960
019FB0
018610
016C60
0152B0
013910
011F60
0105D0
00EC60
00D300
00B9D0
00A0A0
0087A0
006EB0
0055D0
003D20
002480
000BF0
FFF390
FFDB40
FFC300
FFAAF0
FF92E0
FF7B10
FF6370
FF4C00
FF34C0
FF1DC0
FF06E0
FEF030
FED9B0
FEC360
FEAD40
FE9760
FE81A0
FE6C10
FE56B0
FE4190
FE2C90
FE17E0
FE0360
FDEF20
FDDB20
FDC770
FDB3F0
FDA0B0
FD8DB0
FD7AF0
FD6870
FD5630
FD4430
FD3270
FD20F0
FD0FB0
FCFEB0
FCEDF0
FCDD80
FCCD60
FCBD70
FCADE0
FC9E90
FC8F80
FC80C0
FC7240
FC6410
FC5630
FC4880
FC3B30
FC2E20
FC2150
FC14D0
FC0890
FBFCB0
FBF100
FBE5B0
FBDAA0
FBCFD0
FBC560
FBBB30
FBB140
FBA7A0
FB9E50
FB9540
FB8C90
FB8410
FB7BF0
FB7400
FB6C70
FB6510
FB5E10
FB5740
FB50C0
FB4A80
FB4490
FB3EE0
FB3970
FB3450
FB2F70
FB2AE0
FB2680
FB2280
FB1EB0
FB1B40
FB17F0
FB14F0
FB1230
FB0FB0
FB0D60
FB0B60
FB0990
FB0800
FB06B0
FB05A0
FB04D0
FB0440
FB03F0
FB03D0
FB0400
FB0460
FB0500
FB05C0
FB06C0
FB07F0
FB0960
FB0AF0
FB0CC0
FB0EC0
FB10E0
FB1350
FB15E0
FB18A0
FB1BA0
FB1ED0
FB2230
FB25C0
FB2980
FB2D60
FB3160
FB35A0
FB39F0
FB3E70
FB4320
FB47F0
FB4CE0
FB5200
FB5740
FB5CB0
FB6250
FB6800
FB6DF0
FB73F0
FB7A20
FB8060
FB86C0
FB8D30
FB93C0
FB9A70
FBA140
FBA820
FBAF20
FBB640
FBBD70
FBC4C0
FBCC30
FBD3B0
FBDB60
FBE310
FBEAE0
FBF2C0
FBFAB0
FC02C0
FC0AD0
FC12F0
FC1B30
FC2370
FC2BD0
FC3440
FC3CC0
FC4550
FC4DF0
FC56A0
FC5F60
FC6840
FC7120
FC7A00
FC82F0
FC8BE0
FC94E0
FC9DF0
FCA700
FCB020
FCB940
FCC260
FCCB90
FCD4D0
FCDE10
FCE760
FCF0B0
FCFA10
FD0370
FD0CD0
FD1630
FD1FA0
FD2900
FD3270
FD3BE0
FD4550
FD4ED0
FD5840
FD61C0
FD6B40
FD74C0
FD7E50
FD87D0
FD9160
FD9AE0
FDA470
FDADF0
FDB780
FDC100
FDCA80
FDD400
FDDD80
FDE700
FDF070
FDF9F0
FE0360
FE0CE0
FE1650
FE1FC0
FE2940
FE32A0
FE3C10
FE4580
FE4EE0
FE5840
FE61A0
FE6B00
FE7450
FE7DB0
FE8700
FE9050
FE9990
FEA2E0
FEAC20
FEB560
FEBEA0
FEC7E0
FED110
FEDA40
FEE360
FEEC90
FEF5B0
FEFED0
FF07E0
FF10F0
FF1A00
FF2300
FF2C10
FF3510
FF3E00
FF46F0
FF4FE0
FF58D0
FF61B0
FF6A90
FF7370
FF7C40
FF8500
FF8DD0
FF9690
FF9F40
FFA7F0
FFB0A0
FFB950
FFC1F0
FFCA80
FFD320
FFDBA0
FFE430
FFECB0
FFF520
FFFD90
000600
000E60
0016C0
001F10
002750
002FA0
0037D0
004010
004840
005060
005880
006090
0068A0
0070A0
0078A0
008090
008870
009050
009820
009FF0
00A7B0
00AF70
00B710
00BEC0
00C650
00CDE0
00D570
00DCE0
00E450
00EBC0
00F310
00FA60
0101A0
0108D0
010FF0
011710
011E10
012510
012C00
0132F0
0139C0
014090
014750
014E00
0154A0
015B30
0161B0
016820
016E80
0174D0
017B10
018140
018760
018D70
019370
019950
019F30
01A500
01AAB0
01B060
01B5F0
01BB70
01C0E0
01C630
01CB70
01D0A0
01D5C0
01DAC0
01DFB0
01E490
01E950
01EE00
01F2A0
01F720
01FBA0
01FFF0
020440
020870
020C80
021070
021450
021820
021BD0
021F60
0222E0
022640
022990
022CC0
022FD0
0232D0
0235B0
023880
023B30
023DC0
024040
024290
0244D0
024700
024900
024AF0
024CC0
024E70
025010
025190
0252F0
025430
025560
025670
025760
025830
0258F0
025980
025A00
025A50
025A90
025AB0
025AB0
025A90
025A60
025A00
025990
025900
025850
025780
025690
025580
025450
025310
0251B0
025020
024E80
024CC0
024AF0
0248F0
0246E0
0244A0
024250
023FE0
023D50
023AA0
0237D0
0234F0
0231F0
022ED0
022B90
022840
0224C0
022130
021D80
0219C0
0215D0
0211D0
020DB0
020970
020520
0200A0
01FC10
01F770
01F2B0
01EDE0
01E8F0
01E3F0
01DED0
01D990
01D450
01CEE0
01C960
01C3D0
01BE20
01B860
01B280
01AC90
01A680
01A070
019A40
019400
018DB0
018740
0180D0
017A40
0173A0
016CF0
016620
015F50
015860
015160
014A50
014330
013C00
0134C0
012D70
012620
011EC0
011750
010FD0
010850
0100C0
00F920
00F170
00E9C0
00E1F0
00DA20
00D240
00CA60
00C270
00BA70
00B270
00AA70
00A270
009A60
009240
008A30
008200
0079E0
0071B0
006980
006140
005900
0050B0
004870
004020
0037D0
002F80
002730
001EE0
001690
000E50
000600
FFFDB0
FFF560
FFED10
FFE4C0
FFDC80
FFD430
FFCBE0
FFC390
FFBB50
FFB300
FFAAC0
FFA290
FF9A60
FF9230
FF8A00
FF81E0
FF79B0
FF71A0
FF6980
FF6170
FF5960
FF5160
FF4950
FF4160
FF3960
FF3170
FF2990
FF21B0
FF19D0
FF1200
FF0A40
FF0280
FEFAC0
FEF310
FEEB70
FEE3D0
FEDC30
FED4A0
FECD20
FEC5A0
FEBE30
FEB6C0
FEAF50
FEA7F0
FEA0A0
FE9950
FE9210
FE8AD0
FE83A0
FE7C80
FE7560
FE6E40
FE6730
FE6030
FE5930
FE5230
FE4B40
FE4460
FE3D80
FE36B0
FE2FE0
FE2910
FE2250
FE1BA0
FE14F0
FE0E50
FE07B0
FE0110
FDFA80
FDF400
FDED80
FDE700
FDE090
FDDA20
FDD3C0
FDCD60
FDC700
FDC0A0
FDBA50
FDB400
FDADC0
FDA780
FDA140
FD9B00
FD94D0
FD8EA0
FD8880
FD8250
FD7C30
FD7610
FD6FF0
FD69E0
FD63C0
FD5DA0
FD5790
FD5180
FD4B60
FD4550
FD3F40
FD3930
FD3320
FD2D10
FD2710
FD2100
FD1B00
FD14F0
FD0EE0
FD08D0
FD02B0
FCFCA0
FCF680
FCF070
FCEA50
FCE430
FCDE10
FCD7E0
FCD1C0
FCCBA0
FCC570
FCBF40
FCB910
FCB2D0
FCACA0
FCA650
FCA010
FC99C0
FC9370
FC8D10
FC86B0
FC8050
FC79E0
FC7370
FC6D00
FC6680
FC6000
FC5980
FC52F0
FC4C60
FC45C0
FC3F20
FC3870
FC31C0
FC2B10
FC2450
FC1D90
FC16C0
FC0FF0
FC0910
FC0230
FBFB50
FBF460
FBED70
FBE670
FBDF70
FBD860
FBD150
FBCA40
FBC320
FBBC00
FBB4D0
FBADA0
FBA660
FB9F20
FB97D0
FB9080
FB8930
FB81D0
FB7A70
FB7300
FB6BA0
FB6430
FB5CC0
FB5540
FB4DD0
FB4650
FB3ED0
FB3750
FB2FC0
FB2840
FB20B0
FB1920
FB1180
FB09F0
FB0250
FAFAB0
FAF320
FAEB80
FAE3F0
FADC60
FAD4C0
FACD30
FAC5A0
FABE10
FAB680
FAAF00
FAA770
FA9FE0
FA9860
FA90D0
FA8950
FA81D0
FA7A60
FA72F0
FA6B90
FA6440
FA5CF0
FA55B0
FA4E70
FA4750
FA4020
FA3900
FA31F0
FA2AF0
FA23F0
FA1CF0
FA1610
FA0F30
FA0870
FA01B0
F9FB10
F9F480
F9EE00
F9E790
F9E130
F9DAF0
F9D4B0
F9CE90
F9C880
F9C280
F9BC90
F9B6B0
F9B0E0
F9AB30
F9A5A0
F9A030
F99AD0
F995A0
F99080
F98B70
F98690
F981C0
F97D20
F97890
F97410
F96FC0
F96B80
F96770
F96360
F95F90
F95BD0
F95840
F954E0
F95190
F94E70
F94B80
F948A0
F945F0
F94370
F94100
F93EC0
F93CB0
F93AB0
F938E0
F93740
F935C0
F93470
F93350
F93260
F931A0
F93110
F930A0
F93070
F93060
F93080
F930D0
F93150
F93200
F932E0
F933F0
F93520
F93690
F93830
F93A00
F93C10
F93E40
F940B0
F94350
F94630
F94930
F94C70
F94FE0
F95380
F95750
F95B60
F95F90
F96400
F968B0
F96D90
F972A0
F977F0
F97D70
F98320
F98910
F98F30
F99590
F99C20
F9A2E0
F9A9E0
F9B110
F9B880
F9C020
F9C7F0
F9D000
F9D840
F9E0B0
F9E960
F9F240
F9FB60
FA04A0
FA0E30
FA17E0
FA21D0
FA2BF0
FA3640
FA40D0
FA4B90
FA5680
FA61B0
FA6D10
FA7890
FA8450
FA9040
FA9C60
FAA8B0
FAB530
FAC1E0
FACED0
FADBE0
FAE920
FAF6A0
FB0440
FB1220
FB2020
FB2E60
FB3CC0
FB4B50
FB5A00
FB68E0
FB77E0
FB8710
FB9660
FBA5E0
FBB590
FBC560
FBD550
FBE570
FBF5C0
FC0630
FC16D0
FC2790
FC3870
FC4970
FC5A90
FC6BD0
FC7D20
FC8EA0
FCA030
FCB1E0
FCC3C0
FCD5B0
FCE7B0
FCF9E0
FD0C30
FD1E90
FD3110
FD43C0
FD5670
FD6930
FD7C00
FD8EF0
FDA1E0
FDB4F0
FDC800
FDDB30
FDEE70
FE01B0
FE1510
FE2880
FE3C00
FE4F90
FE6330
FE76E0
FE8A90
FE9E50
FEB200
FEC5C0
FED980
FEED40
FF0110
FF14D0
FF28A0
FF3C70
FF5040
FF6410
FF77F0
FF8BC0
FF9FA0
FFB380
FFC750
FFDB20
FFEEE0
000290
001640
0029D0
003D70
0050F0
006470
0077E0
008B40
009EA0
00B1F0
00C530
00D870
00EB90
00FEB0
0111B0
012490
013760
014A10
015CA0
016F30
018190
0193E0
01A620
01B840
01CA40
01DC30
01EE00
01FFC0
021170
0222F0
023450
024580
0256A0
026790
027860
028910
029990
02AA00
02BA40
02CA60
02DA50
02EA30
02F9E0
030970
0318E0
032820
033730
034610
0354D0
036360
0371C0
037FF0
038DF0
039BC0
03A970
03B6F0
03C440
03D160
03DE50
03EB20
03F7B0
040420
041050
041C50
042820
0433C0
043F20
044A60
045560
046030
046AD0
047530
047F70
048970
049340
049CE0
04A640
04AF70
04B870
04C130
04C9C0
04D210
04DA30
04E210
04E9C0
04F130
04F870
04FF70
050640
050CD0
051330
051960
051F40
052500
052A80
052FC0
0534D0
0539A0
053E40
0542B0
0546E0
054AD0
054E90
055210
055560
055880
055B60
055E00
056070
0562A0
0564A0
056670
056800
056960
056A80
056B60
056C10
056C90
056CD0
056CE0
056CB0
056C50
056BB0
056AE0
0569E0
0568A0
056730
056580
0563B0
0561A0
055F60
055CF0
055A50
055770
055460
055120
054DB0
054A00
054620
054210
053DD0
053960
0534B0
052FE0
052AE0
0525B0
052050
051AC0
051500
050F10
0508F0
0502A0
04FC20
04F570
04EE90
04E780
04E050
04D8E0
04D150
04C9A0
04C1C0
04B9B0
04B180
04A920
04A0A0
0497F0
048F10
048610
047CF0
047390
046A20
046070
0456B0
044CC0
0442A0
043870
042E10
042390
0418F0
040E30
040350
03F840
03ED20
03E1D0
03D650
03CAC0
03BF10
03B330
03A730
039B10
038EE0
038290
037630
0369A0
035D00
035040
034370
033680
032970
031C40
030F00
0301A0
02F420
02E690
02D8E0
02CB20
02BD40
02AF50
02A150
029340
028510
0276D0
026880
025A10
024BA0
023D00
022E60
021FB0
0210E0
020200
01F300
01E400
01D4F0
01C5E0
01B6B0
01A780
019840
0188F0
0179A0
016A40
015AD0
014B50
013BC0
012C30
011C90
010CE0
00FD30
00ED70
00DDB0
00CDE0
00BE20
00AE50
009E80
008EA0
007ED0
006EF0
005F00
004F20
003F30
002F40
001F50
000F50
FFFF50
FFEF50
FFDF60
FFCF70
FFBF80
FFAF90
FF9FB0
FF8FC0
FF7FE0
FF7000
FF6030
FF5050
FF4080
FF30B0
FF20F0
FF1120
FF0160
FEF1A0
FEE200
FED250
FEC2C0
FEB330
FEA3B0
FE9440
FE84E0
FE7580
FE6630
FE56F0
FE47B0
FE3880
FE2960
FE1A40
FE0B40
FDFC40
FDED60
FDDE80
FDCFC0
FDC120
FDB280
FDA400
FD9580
FD8720
FD78D0
FD6A90
FD5C70
FD4E60
FD4050
FD3260
FD2490
FD16C0
FD0920
FCFB90
FCEE20
FCE0C0
FCD380
FCC660
FCB950
FCAC60
FC9F90
FC92D0
FC8630
FC79B0
FC6D40
FC60F0
FC54C0
FC48A0
FC3CB0
FC30D0
FC2520
FC1990
FC0E10
FC02C0
FBF780
FBEC70
FBE170
FBD6A0
FBCBE0
FBC150
FBB6D0
FBAC80
FBA240
FB9830
FB8E40
FB8480
FB7AD0
FB7150
FB6800
FB5EC0
FB55B0
FB4CD0
FB4400
FB3B60
FB32F0
FB2A90
FB2260
FB1A50
FB1270
FB0AB0
FB0310
FAFBA0
FAF450
FAED30
FAE640
FADF60
FAD8C0
FAD240
FACBE0
FAC5A0
FABFA0
FAB9B0
FAB3F0
FAAE60
FAA8F0
FAA3B0
FA9E90
FA9990
FA94D0
FA9020
FA8BB0
FA8750
FA8330
FA7F20
FA7B50
FA77A0
FA7410
FA70B0
FA6D80
FA6A70
FA6780
FA64C0
FA6230
FA5FB0
FA5D70
FA5B40
FA5940
FA5770
FA55B0
FA5430
FA52C0
FA5180
FA5070
FA4F80
FA4EB0
FA4E00
FA4D90
FA4D30
FA4CF0
FA4CE0
FA4CE0
FA4D10
FA4D60
FA4DD0
FA4E60
FA4F10
FA4FF0
FA50E0
FA5200
FA5340
FA54A0
FA5620
FA57C0
FA5980
FA5B60
FA5D50
FA5F60
FA6190
FA63E0
FA6640
FA68C0
FA6B60
FA6E10
FA70E0
FA73D0
FA76E0
FA7A00
FA7D40
FA80A0
FA8410
FA8790
FA8B20
FA8ED0
FA9280
FA9650
FA9A30
FA9E30
FAA230
FAA650
FAAA70
FAAEB0
FAB310
FAB770
FABBF0
FAC070
FAC510
FAC9B0
FACE50
FAD300
FAD7B0
FADC70
FAE140
FAE610
FAEAF0
FAEFD0
FAF4C0
FAF9B0
FAFEB0
FB03C0
FB08D0
FB0DE0
FB1300
FB1810
FB1D20
FB2230
FB2750
FB2C50
FB3160
FB3670
FB3B80
FB4080
FB4590
FB4A90
FB4F90
FB5490
FB5990
FB5E90
FB6380
FB6860
FB6D40
FB7210
FB76D0
FB7B80
FB8030
FB84D0
FB8960
FB8DE0
FB9260
FB96C0
FB9B20
FB9F80
FBA3C0
FBA800
FBAC20
FBB040
FBB430
FBB820
FBBBF0
FBBFB0
FBC360
FBC700
FBCA80
FBCDF0
FBD140
FBD490
FBD7C0
FBDAD0
FBDDE0
FBE0D0
FBE3B0
FBE660
FBE900
FBEB80
FBEDF0
FBF040
FBF270
FBF480
FBF680
FBF850
FBFA10
FBFBC0
FBFD40
FBFEB0
FC0000
FC0140
FC0250
FC0350
FC0420
FC04E0
FC0570
FC05F0
FC0650
FC0680
FC06A0
FC06A0
FC0680
FC0640
FC05E0
FC0560
FC04C0
FC0400
FC0320
FC0220
FC0100
FBFFD0
FBFE70
FBFCF0
FBFB50
FBF990
FBF7C0
FBF5C0
FBF3A0
FBF160
FBEF00
FBEC90
FBE9F0
FBE730
FBE460
FBE160
FBDE50
FBDB20
FBD7E0
FBD470
FBD0F0
FBCD50
FBC990
FBC5C0
FBC1D0
FBBDB0
FBB990
FBB540
FBB0E0
FBAC50
FBA7C0
FBA310
FB9E50
FB9970
FB9480
FB8F70
FB8A50
FB8520
FB7FD0
FB7A70
FB7500
FB6F70
FB69D0
FB6410
FB5E40
FB5860
FB5270
FB4C70
FB4660
FB4040
FB3A20
FB33F0
FB2DB0
FB2760
FB2100
FB1AA0
FB1430
FB0DB0
FB0720
FB0080
FAF9E0
FAF330
FAEC80
FAE5C0
FADF10
FAD850
FAD190
FACAE0
FAC420
FABD60
FAB690
FAAFD0
FAA910
FAA240
FA9B80
FA94B0
FA8DE0
FA8720
FA8050
FA79A0
FA72F0
FA6C50
FA65C0
FA5F30
FA58B0
FA5240
FA4BD0
FA4570
FA3F20
FA38D0
FA3290
FA2C60
FA2640
FA2020
FA1A20
FA1430
FA0E50
FA0890
FA02E0
F9FD50
F9F7D0
F9F270
F9ED20
F9E7E0
F9E2C0
F9DDB0
F9D8B0
F9D3D0
F9CF10
F9CA50
F9C5C0
F9C150
F9BD00
F9B8D0
F9B4C0
F9B0D0
F9AD00
F9A950
F9A5C0
F9A250
F99F00
F99BD0
F998D0
F995E0
F99310
F99070
F98DF0
F98B90
F98960
F98750
F98570
F983C0
F98230
F980D0
F97F90
F97E70
F97D80
F97CC0
F97C20
F97BB0
F97B60
F97B40
F97B40
F97B80
F97BE0
F97C70
F97D30
F97E10
F97F30
F98070
F981E0
F98380
F98540
F98740
F98960
F98BB0
F98E30
F990D0
F993B0
F996B0
F999E0
F99D30
F9A0C0
F9A470
F9A850
F9AC60
F9B090
F9B500
F9B990
F9BE50
F9C330
F9C840
F9CD90
F9D2F0
F9D890
F9DE50
F9E430
F9EA40
F9F070
F9F6D0
F9FD50
FA0400
FA0AD0
FA11D0
FA18F0
FA2030
FA27B0
FA2F40
FA3700
FA3EF0
FA46F0
FA4F20
FA5760
FA5FD0
FA6850
FA70F0
FA79C0
FA82A0
FA8BA0
FA94C0
FA9E00
FAA760
FAB0E0
FABA80
FAC440
FACE20
FAD810
FAE210
FAEC30
FAF660
FB00A0
FB0AF0
FB1560
FB1FE0
FB2A70
FB3510
FB3FC0
FB4A90
FB5570
FB6060
FB6B70
FB7680
FB81A0
FB8CD0
FB97F0
FBA330
FBAE60
FBB9A0
FBC4E0
FBD020
FBDB70
FBE6C0
FBF220
FBFD80
FC08E0
FC1440
FC1FB0
FC2B30
FC3690
FC41F0
FC4D50
FC58A0
FC63E0
FC6F20
FC7A50
FC8570
FC9090
FC9BB0
FCA6B0
FCB1C0
FCBCB0
FCC7A0
FCD290
FCDD60
FCE830
FCF2E0
FCFD70
FD07F0
FD1250
FD1CA0
FD26E0
FD3100
FD3B00
FD4500
FD4ED0
FD5890
FD6240
FD6BD0
FD7550
FD7EB0
FD87F0
FD9110
FD9A00
FDA2E0
FDAB90
FDB420
FDBC80
FDC4D0
FDCCF0
FDD4F0
FDDCC0
FDE480
FDEC10
FDF380
FDFAD0
FE01F0
FE08F0
FE0FC0
FE1660
FE1CE0
FE2320
FE2940
FE2F30
FE34F0
FE3A90
FE4000
FE4540
FE4A50
FE4F30
FE53F0
FE5880
FE5CE0
FE6110
FE6510
FE68E0
FE6C80
FE6FF0
FE7330
FE7640
FE7920
FE7BC0
FE7E40
FE8090
FE82A0
FE8490
FE8640
FE87D0
FE8920
FE8A50
FE8B40
FE8C10
FE8CA0
FE8D10
FE8D40
FE8D40
FE8D20
FE8CD0
FE8C40
FE8B90
FE8AA0
FE8990
FE8840
FE86D0
FE8520
FE8350
FE8160
FE7F30
FE7CF0
FE7A70
FE77D0
FE7510
FE7220
FE6F00
FE6BC0
FE6850
FE64C0
FE6100
FE5D10
FE5900
FE54C0
FE5060
FE4BF0
FE4750
FE42A0
FE3DD0
FE38D0
FE33C0
FE2E90
FE2940
FE23D0
FE1E40
FE1890
FE12C0
FE0CE0
FE06D0
FE00B0
FDFA70
FDF430
FDEDD0
FDE770
FDE100
FDDA80
FDD3E0
FDCD40
FDC690
FDBFD0
FDB900
FDB220
FDAB30
FDA430
FD9D20
FD9600
FD8EE0
FD87D0
FD80B0
FD79A0
FD7290
FD6B80
FD6470
FD5D60
FD5650
FD4F40
FD4840
FD4140
FD3A30
FD3330
FD2C30
FD2540
FD1E50
FD1780
FD10C0
FD0A10
FD0380
FCFD00
FCF690
FCF030
FCE9F0
FCE3C0
FCDDA0
FCD7A0
FCD1B0
FCCBD0
FCC600
FCC050
FCBAC0
FCB550
FCB010
FCAAF0
FCA600
FCA130
FC9C80
FC9800
FC93A0
FC8F60
FC8B50
FC8760
FC83A0
FC8000
FC7C80
FC7930
FC7610
FC7320
FC7070
FC6DE0
FC6B90
FC6980
FC6790
FC65E0
FC6470
FC6320
FC6210
FC6130
FC6080
FC6010
FC5FC0
FC5FC0
FC5FF0
FC6060
FC6100
FC61F0
FC6320
FC6490
FC6630
FC6820
FC6A40
FC6CA0
FC6F50
FC7230
FC7550
FC78B0
FC7C50
FC8020
FC8440
FC88B0
FC8D50
FC9240
FC9760
FC9CD0
FCA290
FCA880
FCAEC0
FCB530
FCBBF0
FCC2F0
FCCA40
FCD1C0
FCD990
FCE1A0
FCE9F0
FCF280
FCFB50
FD0460
FD0DB0
FD1750
FD2120
FD2B30
FD3590
FD4020
FD4B00
FD5610
FD6170
FD6D00
FD78E0
FD8500
FD9150
FD9DE0
FDAAA0
FDB7A0
FDC4D0
FDD230
FDDFE0
FDEDB0
FDFBC0
FE0A10
FE1890
FE2740
FE3630
FE4560
FE54C0
FE6450
FE7410
FE8400
FE9410
FEA450
FEB4B0
FEC540
FED5F0
FEE6D0
FEF7D0
FF0900
FF1A60
FF2BE0
FF3D90
FF4F60
FF6160
FF7380
FF85C0
FF9810
FFAA70
FFBCF0
FFCF80
FFE220
FFF4D0
0007A0
001A80
002D70
004080
0053A0
0066D0
007A20
008D70
00A0F0
00B460
00C7C0
00DB30
00EEA0
010200
011560
0128C0
013C20
014F80
0162E0
017630
018980
019CE0
01B030
01C380
01D6C0
01E9F0
01FD10
021000
0222E0
0235B0
024850
025AE0
026D50
027FB0
0291F0
02A410
02B610
02C800
02D9D0
02EB90
02FD20
030E90
031FC0
0330D0
0341A0
035240
0362B0
0372E0
0382F0
0392C0
03A270
03B1E0
03C120
03D030
03DF10
03EDB0
03FC30
040A60
041850
0425F0
043350
044060
044D30
0459C0
046600
047200
047DB0
048920
049450
049F30
04A9D0
04B420
04BE30
04C7F0
04D150
04DA60
04E320
04EB80
04F3A0
04FB60
0502C0
0509E0
0510A0
051700
051D20
0522E0
052850
052D70
053230
0536A0
053AB0
053E60
0541B0
0544A0
054740
054980
054B60
054CE0
054E10
054ED0
054F40
054F60
054F10
054E70
054D60
054C00
054A50
054830
0545C0
0542F0
053FD0
053C40
053860
053420
052F80
052A90
052540
051F90
051980
051320
050C50
050540
04FDD0
04F610
04EE00
04E5A0
04DCE0
04D3D0
04CA60
04C0B0
04B6A0
04AC40
04A190
049680
048B20
047F70
047370
046720
045A90
044DC0
0440B0
043350
0425B0
0417D0
0409B0
03FB40
03EC90
03DDA0
03CE70
03BEF0
03AF30
039F30
038EF0
037E80
036DD0
035D00
034C00
033AD0
032970
0317F0
030630
02F440
02E230
02CFE0
02BD70
02AAD0
029800
028500
0271D0
025E80
024B30
0237C0
022430
0210A0
01FCF0
01E930
01D560
01C170
01AD70
019960
018530
0170F0
015CA0
014830
0133C0
011F40
010AD0
00F670
00E210
00CDB0
00B960
00A510
0090C0
007C80
006850
005420
003FF0
002BC0
0017B0
000390
FFEF80
FFDB90
FFC7C0
FFB410
FFA080
FF8D20
FF79D0
FF66A0
FF53A0
FF40B0
FF2DF0
FF1B40
FF08C0
FEF660
FEE420
FED200
FEBFF0
FEAE30
FE9CA0
FE8B40
FE7A20
FE6940
FE5890
FE4820
FE37E0
FE27E0
FE1810
FE0880
FDF920
FDEA00
FDDB10
FDCC60
FDBDE0
FDAFB0
FDA1D0
FD9430
FD86E0
FD79D0
FD6D10
FD60A0
FD5470
FD4890
FD3CF0
FD31A0
FD26A0
FD1BE0
FD1170
FD0740
FCFD70
FCF3E0
FCEAA0
FCE1C0
FCD930
FCD100
FCC920
FCC190
FCBA50
FCB360
FCACD0
FCA690
FCA0A0
FC9B10
FC95D0
FC90E0
FC8C40
FC8800
FC8410
FC8080
FC7D40
FC7A50
FC77C0
FC7590
FC73A0
FC7220
FC70E0
FC7000
FC6F80
FC6F40
FC6F70
FC6FE0
FC70C0
FC71E0
FC7350
FC7510
FC7730
FC7990
FC7C50
FC7F60
FC82B0
FC8660
FC8A60
FC8EB0
FC9350
FC9840
FC9D90
FCA320
FCA900
FCAF30
FCB5A0
FCBC50
FCC340
FCCA80
FCD200
FCD9C0
FCE1C0
FCEA10
FCF2A0
FCFB70
FD0480
FD0DE0
FD1780
FD2160
FD2B90
FD35E0
FD4070
FD4B30
FD5620
FD6140
FD6C90
FD7810
FD83C0
FD8FB0
FD9BC0
FDA810
FDB480
FDC130
FDCE10
FDDB20
FDE870
FDF5C0
FE0340
FE10D0
FE1E80
FE2C50
FE3A30
FE4840
FE5650
FE6490
FE72E0
FE8150
FE8FE0
FE9E80
FEAD40
FEBC20
FECB10
FEDA10
FEE910
FEF810
FF0710
FF1620
FF2530
FF3440
FF4350
FF5270
FF6190
FF70B0
FF7FD0
FF8F00
FF9E20
FFAD50
FFBC90
FFCBB0
FFDAC0
FFE9B0
FFF8A0
000770
001630
0024E0
003380
004200
005070
005ED0
006D20
007B60
008990
0097A0
00A5A0
00B380
00C130
00CEC0
00DC30
00E970
00F690
010380
011060
011D00
012990
0135F0
014220
014E40
015A20
0165F0
017190
017D00
018840
019340
019E10
01A8B0
01B310
01BD50
01C750
01D110
01DAB0
01E410
01ED40
01F640
01FF00
0207A0
020FF0
021820
022000
0227B0
022F20
023650
023D50
024410
024A90
0250D0
0256E0
025CB0
026240
0267A0
026CC0
0271A0
027640
027AB0
027EE0
0282D0
028680
0289F0
028D30
029030
0292F0
029570
0297C0
0299C0
029B90
029D30
029E80
029FA0
02A070
02A120
02A190
02A1C0
02A1C0
02A190
02A120
02A070
029F90
029E80
029D30
029BB0
0299F0
029800
0295D0
029370
0290E0
028E10
028B20
028800
0284C0
028140
027DA0
0279D0
0275D0
0271B0
026D50
0268D0
026420
025F50
025A40
025510
024FB0
024A30
024490
023ED0
023900
023300
022CE0
0226B0
022060
0219E0
021350
020CA0
0205C0
01FED0
01F7C0
01F090
01E950
01E1F0
01DA80
01D300
01CB80
01C3E0
01BC40
01B490
01ACD0
01A4F0
019D10
019520
018D20
018520
017D00
0174D0
016CA0
016460
015C30
0153F0
014BC0
014380
013B40
013310
012AD0
0122A0
011A60
011230
0109F0
0101C0
00F980
00F150
00E910
00E0F0
00D8D0
00D0B0
00C8B0
00C0B0
00B8D0
00B0F0
00A910
00A150
009990
0091E0
008A40
0082B0
007B20
0073B0
006C40
0064E0
005D90
005660
004F40
004830
004140
003A60
003390
002CD0
002630
001FA0
001920
0012C0
000C60
000620
000000
FFF9E0
FFF3F0
FFEE00
FFE840
FFE280
FFDCF0
FFD760
FFD1F0
FFCCA0
FFC760
FFC240
FFBD30
FFB840
FFB360
FFAEA0
FFA9F0
FFA560
FFA0E0
FF9C70
FF9810
FF93D0
FF8FB0
FF8B90
FF8790
FF83B0
FF7FE0
FF7C20
FF7870
FF74E0
FF7160
FF6E00
FF6AA0
FF6760
FF6430
FF6110
FF5DF0
FF5AF0
FF57F0
FF5500
FF5220
FF4F60
FF4CA0
FF49F0
FF4750
FF44B0
FF4230
FF3FC0
FF3D50
FF3AF0
FF3890
FF3630
FF33E0
FF3190
FF2F40
FF2CF0
FF2AA0
FF2860
FF2620
FF23E0
FF21B0
FF1F70
FF1D40
FF1B10
FF18F0
FF16C0
FF1480
FF1240
FF0FF0
FF0D90
FF0B40
FF08D0
FF0660
FF03F0
FF0170
FEFEE0
FEFC50
FEF9C0
FEF710
FEF470
FEF1B0
FEEEF0
FEEC10
FEE920
FEE610
FEE300
FEDFD0
FEDC80
FED930
FED5C0
FED230
FECEA0
FECAF0
FEC730
FEC350
FEBF70
FEBB60
FEB740
FEB300
FEAEB0
FEAA30
FEA590
FEA0D0
FE9BF0
FE9700
FE91E0
FE8CA0
FE8750
FE81D0
FE7C40
FE7680
FE70B0
FE6AB0
FE64A0
FE5E60
FE57F0
FE5170
FE4AC0
FE43F0
FE3CF0
FE35D0
FE2E90
FE2730
FE1FA0
FE17F0
FE1010
FE0820
FE0000
FDF7B0
FDEF50
FDE6C0
FDDE00
FDD520
FDCC20
FDC2F0
FDB9A0
FDB030
FDA690
FD9CD0
FD92E0
FD88D0
FD7EA0
FD7440
FD69C0
FD5F20
FD5450
FD4970
FD3E60
FD3340
FD27F0
FD1C80
FD1100
FD0550
FCF990
FCEDA0
FCE190
FCD570
FCC920
FCBCB0
FCB020
FCA380
FC96C0
FC89E0
FC7CF0
FC6FF0
FC62E0
FC55C0
FC4880
FC3B20
FC2DC0
FC2040
FC12B0
FC0500
FBF740
FBE970
FBDB90
FBCD90
FBBF90
FBB190
FBA390
FB9590
FB8780
FB7970
FB6B60
FB5D50
FB4F40
FB4130
FB3310
FB2500
FB16E0
FB08C0
FAFAA0
FAEC70
FADE60
FAD060
FAC270
FAB490
FAA6C0
FA9910
FA8B60
FA7DC0
FA7040
FA62D0
FA5560
FA4810
FA3AD0
FA2DA0
FA2080
FA1380
FA0690
F9F9E0
F9ED50
F9E0F0
F9D4B0
F9C8A0
F9BCB0
F9B0F0
F9A560
F999F0
F98EB0
F983A0
F978B0
F96DE0
F96350
F958D0
F94EA0
F944B0
F93B00
F93190
F92860
F91F70
F916B0
F90E40
F90610
F8FE20
F8F670
F8EF00
F8E7C0
F8E0D0
F8DA20
F8D3B0
F8CD90
F8C7C0
F8C250
F8BD30
F8B870
F8B3F0
F8AFD0
F8AC00
F8A890
F8A570
F8A2A0
F8A020
F89E00
F89C30
F89AC0
F89990
F898D0
F89870
F89880
F898E0
F899B0
F89AD0
F89C70
F89E60
F8A0B0
F8A370
F8A690
F8AA10
F8ADF0
F8B230
F8B6E0
F8BBE0
F8C160
F8C740
F8CD90
F8D450
F8DB70
F8E300
F8EB00
F8F370
F8FC40
F90580
F90F30
F91950
F923D0
F92EC0
F93A20
F945F0
F95220
F95EC0
F96BD0
F97940
F98720
F99570
F9A420
F9B340
F9C2D0
F9D2C0
F9E320
F9F3F0
FA0520
FA16C0
FA28D0
FA3B50
FA4E20
FA6160
FA7500
FA8900
FA9D70
FAB230
FAC760
FADCE0
FAF2D0
FB0920
FB1FE0
FB36F0
FB4E60
FB6640
FB7E80
FB9720
FBB010
FBC950
FBE2F0
FBFCD0
FC1700
FC3190
FC4C70
FC6790
FC8310
FC9EE0
FCBB00
FCD770
FCF440
FD1150
FD2EB0
FD4C70
FD6A60
FD8890
FDA6F0
FDC590
FDE460
FE0370
FE22C0
FE4240
FE6200
FE81F0
FEA220
FEC280
FEE330
FF0400
FF2520
FF4660
FF67D0
FF8950
FFAB00
FFCCB0
FFEE90
001080
003290
0054C0
007710
009970
00BBF0
00DE90
010140
012420
014710
016A10
018D20
01B020
01D320
01F610
021900
023BF0
025ED0
0281C0
02A490
02C770
02EA40
030D10
032FD0
035290
037550
039810
03BAA0
03DD10
03FF50
042170
044370
046540
0486F0
04A880
04C9E0
04EB20
050C40
052D30
054E00
056EA0
058F30
05AF80
05CFA0
05EF70
060F00
062E40
064D40
066C00
068A80
06A8B0
06C6A0
06E440
0701A0
071EC0
073B90
075830
077470
079080
07AC20
07C770
07E250
07FCE0
081700
0830D0
084A30
086340
087BF0
089430
08AC20
08C3A0
08DAD0
08F1A0
090810
091E10
0933B0
0948D0
095D80
0971B0
098570
0998C0
09AB90
09BDF0
09CFE0
09E160
09F260
0A02E0
0A1300
0A22A0
0A31D0
0A4080
0A4EC0
0A5C70
0A69A0
0A7650
0A8280
0A8E30
0A9960
0AA410
0AAE40
0AB7F0
0AC110
0AC9C0
0AD1F0
0AD990
0AE0B0
0AE760
0AED80
0AF310
0AF820
0AFCA0
0B00B0
0B0420
0B0710
0B0980
0B0B70
0B0CD0
0B0DA0
0B0DF0
0B0DC0
0B0D00
0B0BB0
0B09F0
0B07A0
0B04D0
0B0180
0AFDA0
0AF950
0AF470
0AEF20
0AE940
0AE2E0
0ADC00
0AD4A0
0ACCB0
0AC450
0ABB60
0AB1F0
0AA810
0A9DA0
0A92C0
0A8770
0A7BA0
0A6F60
0A62A0
0A5570
0A47C0
0A39A0
0A2B10
0A1BF0
0A0C70
09FC70
09EBF0
09DB00
09C9A0
09B7D0
09A5A0
099310
098010
096CB0
0958F0
0944C0
093040
091B50
0905F0
08F040
08DA20
08C3A0
08ACC0
089570
087DC0
0865C0
084D80
0834E0
081C00
0802D0
07E950
07CF80
07B560
079B00
078040
076540
0749F0
072E50
071270
06F630
06D9B0
06BCF0
06A010
0682F0
0665A0
064820
062A70
060C90
05EE80
05D040
05B1C0
059310
057440
055530
0535F0
051680
04F6E0
04D720
04B760
049780
047780
045780
043750
041720
03F6D0
03D670
03B600
039570
0374D0
035420
033360
031280
02F180
02D0A0
02AFB0
028EE0
026E00
024D40
022C80
020BC0
01EB10
01CA60
01A9C0
018920
016890
014810
012790
010710
00E6A0
00C650
00A620
008620
006640
004680
0026E0
000760
FFE810
FFC8E0
FFA9D0
FF8AE0
FF6C10
FF4D70
FF2EE0
FF1080
FEF250
FED440
FEB680
FE98F0
FE7BA0
FE5E90
FE41C0
FE2520
FE08C0
FDEC90
FDD0B0
FDB500
FD9990
FD7E50
FD6350
FD4890
FD2E10
FD13D0
FCF9F0
FCE060
FCC710
FCAE20
FC9580
FC7D20
FC6520
FC4D70
FC3600
FC1EF0
FC0830
FBF1B0
FBDB90
FBC5C0
FBB030
FB9B10
FB8640
FB71E0
FB5DD0
FB4A30
FB36E0
FB23F0
FB1160
FAFF30
FAED60
FADBF0
FACAD0
FABA20
FAA9D0
FA99D0
FA8A40
FA7B10
FA6C40
FA5DE0
FA4FF0
FA4260
FA3540
FA2880
FA1C30
FA1050
FA04D0
F9F9B0
F9EF10
F9E4C0
F9DAE0
F9D170
F9C870
F9BFD0
F9B7A0
F9AFD0
F9A880
F9A190
F99B10
F99500
F98F50
F98A20
F98550
F980E0
F97CF0
F97960
F97640
F97390
F97150
F96F70
F96E00
F96D00
F96C60
F96C30
F96C70
F96D20
F96E30
F96FB0
F971A0
F973F0
F976B0
F979E0
F97D70
F98180
F985E0
F98AB0
F98FF0
F99580
F99B80
F9A1E0
F9A8A0
F9AFC0
F9B740
F9BF30
F9C770
F9D020
F9D930
F9E2B0
F9EC80
F9F6C0
FA0150
FA0C50
FA1790
FA2340
FA2F30
FA3B80
FA4830
FA5530
FA6280
FA7030
FA7E40
FA8CA0
FA9B50
FAAA60
FAB9C0
FAC980
FAD990
FAE9F0
FAFA90
FB0B70
FB1C90
FB2E00
FB3FC0
FB51B0
FB63F0
FB7670
FB8940
FB9C50
FBAFA0
FBC340
FBD720
FBEB50
FBFFB0
FC1450
FC2920
FC3E20
FC5350
FC68C0
FC7E50
FC9410
FCAA10
FCC040
FCD690
FCED20
FD03E0
FD1AD0
FD3200
FD4950
FD60D0
FD7870
FD9030
FDA800
FDBFF0
FDD7F0
FDF010
FE0850
FE20A0
FE3910
FE51A0
FE6A40
FE8300
FE9BD0
FEB4C0
FECDC0
FEE6F0
FF0010
FF1930
FF3260
FF4B80
FF64B0
FF7DD0
FF9700
FFB030
FFC960
FFE290
FFFBC0
0014F0
002E20
004760
006090
0079D0
0092F0
00ABF0
00C4E0
00DDC0
00F680
010F30
0127C0
014030
015890
0170E0
018910
01A130
01B930
01D120
01E8F0
0200B0
021840
022F90
0246C0
025DC0
027490
028B30
02A1A0
02B7E0
02CDF0
02E3D0
02F980
030F10
032460
033980
034E70
036340
0377C0
038BF0
039FF0
03B3A0
03C710
03DA40
03ED20
03FFC0
041220
042430
043610
044790
0458E0
0469F0
047AB0
048B20
049B50
04AB20
04BAA0
04C9C0
04D890
04E700
04F530
050300
051070
051D90
052A60
0536D0
0542F0
054EC0
055A30
056550
057010
057A60
058460
058DF0
059730
05A000
05A870
05B080
05B830
05BF80
05C660
05CCF0
05D310
05D8E0
05DE40
05E340
05E7E0
05EC10
05EFD0
05F330
05F630
05F8C0
05FAE0
05FCA0
05FDF0
05FEE0
05FF60
05FF80
05FF30
05FE80
05FD60
05FBE0
05F9F0
05F7A0
05F4E0
05F1C0
05EE30
05EA40
05E5E0
05E120
05DC00
05D670
05D080
05CA20
05C350
05BC30
05B490
05ACA0
05A440
059B80
059260
0588E0
057F00
0574C0
056A20
055F20
0553C0
0547F0
053BD0
052F50
052260
051510
050770
04F960
04EB00
04DC50
04CD50
04BDF0
04AE50
049E50
048E00
047D60
046C60
045B20
044980
043790
042540
0412B0
03FFC0
03EC90
03D910
03C550
03B150
039D10
038890
0373D0
035EC0
034980
033400
031E30
030830
02F1F0
02DB60
02C490
02AD90
029640
027ED0
026730
024F70
023780
021F60
020720
01EEB0
01D620
01BD60
01A470
018B60
017230
0158C0
013F30
012580
010BA0
00F1B0
00D7B0
00BDA0
00A380
008950
006F10
0054C0
003A60
001FE0
000560
FFEAD0
FFD030
FFB580
FF9AC0
FF7FF0
FF6500
FF4A30
FF2F60
FF14A0
FEF9E0
FEDF30
FEC490
FEA9F0
FE8F70
FE74E0
FE5A70
FE4000
FE2590
FE0B40
FDF0F0
FDD6A0
FDBC70
FDA250
FD8860
FD6E90
FD54E0
FD3B50
FD21F0
FD08B0
FCEF90
FCD690
FCBDB0
FCA500
FC8C70
FC7400
FC5BB0
FC4380
FC2B80
FC13B0
FBFC20
FBE4C0
FBCDA0
FBB6C0
FBA010
FB89A0
FB7360
FB5D60
FB47A0
FB3210
FB1CB0
FB07A0
FAF2B0
FADE10
FAC9A0
FAB580
FAA1A0
FA8E20
FA7AE0
FA67E0
FA5540
FA42E0
FA30D0
FA1F00
FA0D80
F9FC50
F9EB70
F9DAE0
F9CA90
F9BA90
F9AAD0
F99B70
F98C70
F97DC0
F96F60
F96160
F953B0
F94660
F93960
F92CB0
F92060
F91470
F908D0
F8FD80
F8F290
F8E7F0
F8DDA0
F8D3C0
F8CA30
F8C100
F8B820
F8AFB0
F8A790
F89FE0
F89870
F89170
F88AD0
F88480
F87E90
F87900
F873D0
F86EF0
F86A80
F86660
F86290
F85F30
F85C20
F85970
F85710
F85520
F85380
F85230
F85150
F850C0
F85090
F850B0
F85130
F85210
F85350
F854E0
F856C0
F858F0
F85B80
F85E60
F861A0
F86520
F86900
F86D40
F871C0
F876A0
F87BD0
F88160
F88730
F88D60
F893F0
F89AB0
F8A1D0
F8A920
F8B0C0
F8B8B0
F8C0E0
F8C960
F8D220
F8DB20
F8E470
F8EE00
F8F7E0
F90200
F90C70
F91720
F92220
F92D50
F938B0
F94460
F95030
F95C40
F96890
F97510
F981C0
F98EB0
F99BD0
F9A930
F9B6C0
F9C490
F9D2A0
F9E0D0
F9EF50
F9FDE0
FA0CA0
FA1B80
FA2A80
FA39B0
FA48F0
FA5860
FA67F0
FA77B0
FA8790
FA9790
FAA7B0
FAB7F0
FAC860
FAD8F0
FAE9A0
FAFA60
FB0B40
FB1C20
FB2D10
FB3E20
FB4F30
FB6060
FB7190
FB82E0
FB9440
FBA5A0
FBB720
FBC8B0
FBDA50
FBEC00
FBFDB0
FC0F70
FC2130
FC32E0
FC4490
FC5640
FC67F0
FC79A0
FC8B40
FC9CF0
FCAE90
FCC030
FCD1C0
FCE360
FCF4F0
FD0680
FD1810
FD2990
FD3B00
FD4C50
FD5D90
FD6EC0
FD7FE0
FD90E0
FDA1D0
FDB2B0
FDC380
FDD440
FDE4E0
FDF570
FE05F0
FE1660
FE26B0
FE36F0
FE4700
FE56F0
FE66C0
FE7670
FE8600
FE9570
FEA4B0
FEB3E0
FEC2E0
FED1D0
FEE090
FEEF30
FEFDB0
FF0C10
FF1A50
FF2860
FF3640
FF4400
FF5190
FF5EF0
FF6C30
FF7940
FF8620
FF92D0
FF9F60
FFABB0
FFB7E0
FFC3F0
FFCFC0
FFDB70
FFE700
FFF250
FFFD70
000860
001310
001DA0
002800
003220
003C10
0045E0
004F70
0058D0
006200
006AF0
0073C0
007C60
0084C0
008CF0
0094F0
009CC0
00A450
00ABB0
00B2E0
00B9E0
00C0A0
00C730
00CD80
00D3B0
00D9A0
00DF50
00E4E0
00EA30
00EF50
00F440
00F8F0
00FD70
0101D0
0105F0
0109D0
010D90
011110
011460
011780
011A70
011D30
011FB0
012210
012430
012610
0127D0
012960
012AC0
012BF0
012CF0
012DC0
012E60
012ED0
012F10
012F20
012F10
012EC0
012E40
012D90
012CB0
012BB0
012A70
012910
012790
0125D0
012400
0121F0
011FC0
011D60
011AE0
011830
011560
011250
010F30
010BD0
010850
0104B0
0100E0
00FCF0
00F8D0
00F4A0
00F040
00EBC0
00E710
00E250
00DD60
00D850
00D320
00CDC0
00C840
00C2A0
00BCE0
00B6F0
00B0F0
00AAD0
00A490
009E30
0097C0
009120
008A70
0083B0
007CC0
0075C0
006E90
006760
006000
005880
0050F0
004940
004180
0039A0
0031B0
0029A0
002180
001950
001110
0008B0
000030
FFF7B0
FFEF10
FFE650
FFDD90
FFD4B0
FFCBB0
FFC2B0
FFB990
FFB060
FFA730
FF9DE0
FF9490
FF8B20
FF81B0
FF7830
FF6EA0
FF64F0
FF5B40
FF5180
FF47B0
FF3DD0
FF33E0
FF29F0
FF1FE0
FF15D0
FF0BC0
FF01A0
FEF770
FEED40
FEE300
FED8C0
FECE70
FEC410
FEB9B0
FEAF40
FEA4D0
FE9A50
FE8FD0
FE8540
FE7AB0
FE7020
FE6580
FE5AE0
FE5050
FE45B0
FE3B00
FE3060
FE25C0
FE1B10
FE1060
FE05B0
FDFAF0
FDF040
FDE580
FDDAD0
FDD010
FDC560
FDBAA0
FDAFF0
FDA550
FD9AA0
FD9000
FD8560
FD7AC0
FD7020
FD6590
FD5B00
FD5070
FD45E0
FD3B50
FD30D0
FD2650
FD1BE0
FD1170
FD0710
FCFCC0
FCF270
FCE830
FCDDF0
FCD3D0
FCC9A0
FCBF80
FCB570
FCAB70
FCA170
FC9770
FC8D90
FC83B0
FC79E0
FC7030
FC6690
FC5CF0
FC5370
FC4A00
FC40A0
FC3750
FC2E10
FC24E0
FC1BD0
FC12C0
FC09D0
FC00E0
FBF810
FBEF50
FBE6B0
FBDE20
FBD5B0
FBCD50
FBC510
FBBCF0
FBB4E0
FBACE0
FBA510
FB9D40
FB9590
FB8E00
FB8680
FB7F20
FB77E0
FB70B0
FB69B0
FB62D0
FB5C00
FB5560
FB4EE0
FB4890
FB4250
FB3C30
FB3640
FB3070
FB2AB0
FB2520
FB1FB0
FB1A60
FB1540
FB1040
FB0B60
FB06B0
FB0230
FAFDD0
FAF9A0
FAF5A0
FAF1D0
FAEE20
FAEA90
FAE730
FAE400
FAE100
FADE20
FADB70
FAD8E0
FAD690
FAD470
FAD280
FAD0C0
FACF40
FACDE0
FACCC0
FACBD0
FACB20
FACA90
FACA40
FACA20
FACA30
FACA70
FACAF0
FACBA0
FACC80
FACDA0
FACF00
FAD090
FAD260
FAD470
FAD6B0
FAD920
FADBE0
FADED0
FAE1F0
FAE550
FAE8F0
FAECC0
FAF0D0
FAF520
FAF9A0
FAFE70
FB0370
FB08C0
FB0E40
FB1400
FB1A10
FB2050
FB26D0
FB2D90
FB3490
FB3BD0
FB4360
FB4B20
FB5320
FB5B50
FB63D0
FB6C90
FB75A0
FB7EE0
FB8860
FB9220
FB9C20
FBA670
FBB0F0
FBBBB0
FBC6C0
FBD200
FBDD90
FBE960
FBF560
FC01B0
FC0E30
FC1B00
FC2810
FC3550
FC42E0
FC50A0
FC5EA0
FC6CF0
FC7B70
FC8A30
FC9940
FCA880
FCB800
FCC7C0
FCD7C0
FCE800
FCF880
FD0930
FD1A10
FD2B30
FD3C90
FD4E20
FD5FF0
FD71F0
FD8430
FD96A0
FDA950
FDBC30
FDCF50
FDE2A0
FDF630
FE09F0
FE1DE0
FE3200
FE4650
FE5AD0
FE6F80
FE8450
FE9950
FEAE80
FEC3E0
FED970
FEEF30
FF0510
FF1B20
FF3170
FF47E0
FF5E70
FF7530
FF8C10
FFA300
FFBA20
FFD150
FFE8A0
000010
0017A0
002F50
004720
005F00
007710
008F30
00A770
00BFD0
00D860
00F0E0
010980
012220
013AC0
015380
016C40
018510
019DE0
01B6C0
01CFB0
01E8A0
0201A0
021AB0
0233D0
024CF0
026610
027F30
029850
02B160
02CA60
02E350
02FC40
031520
032E00
0346D0
035F90
037850
0390F0
03A9A0
03C230
03DAC0
03F350
040BB0
0423F0
043C10
045410
046BF0
0483A0
049B40
04B2B0
04CA00
04E140
04F850
050F40
052600
053CB0
055340
0569A0
057FD0
0595D0
05AB90
05C120
05D670
05EB90
060070
061520
062990
063DD0
0651D0
0665A0
067940
068CA0
069FC0
06B2C0
06C560
06D7C0
06E9D0
06FB90
070D00
071E30
072F10
073FB0
075000
075FF0
076FB0
077F10
078E30
079D00
07AB90
07B9C0
07C7A0
07D530
07E250
07EF20
07FBA0
0807B0
081370
081EE0
0829E0
083490
083EF0
0848E0
085280
085BD0
0864C0
086D50
087570
087D40
0884A0
088B90
089230
089860
089E20
08A390
08A890
08AD20
08B160
08B530
08B890
08BBA0
08BE40
08C070
08C250
08C3B0
08C4B0
08C550
08C580
08C550
08C4B0
08C3B0
08C240
08C070
08BE30
08BB90
08B880
08B510
08B130
08ACF0
08A840
08A330
089DC0
0897F0
0891B0
088B10
088400
087C90
0874C0
086C90
0863F0
085AF0
085180
0847B0
083D80
0832F0
082800
081CB0
081110
080510
07F8B0
07EC00
07DF00
07D190
07C3D0
07B5C0
07A740
079880
078950
0779D0
076A00
0759C0
074950
073880
072770
071610
070470
06F280
06E050
06CDD0
06BB00
06A7F0
069490
0680E0
066CF0
0658C0
064430
062F70
061A60
060530
05EFD0
05DA30
05C460
05AE60
059830
0581C0
056B30
055460
053D60
052630
050EC0
04F720
04DF60
04C750
04AF40
049700
047EB0
046650
044DC0
043520
041C60
040390
03EAA0
03D190
03B870
039F30
0385D0
036C60
0352D0
033920
031F70
0305D0
02EC20
02D270
02B8D0
029F20
028570
026BD0
025220
023870
021ED0
020520
01EB80
01D1D0
01B820
019E80
0184F0
016B70
015210
0138D0
011FA0
010690
00ED90
00D4B0
00BBF0
00A340
008AB0
007230
0059D0
004180
002950
001140
FFF950
FFE1A0
FFCA10
FFB2C0
FF9B90
FF8490
FF6DD0
FF5730
FF40C0
FF2A90
FF1480
FEFEA0
FEE8F0
FED370
FEBE20
FEA910
FE9430
FE7F90
FE6B30
FE5710
FE4330
FE2FA0
FE1C40
FE0930
FDF650
FDE3C0
FDD160
FDBF50
FDAD70
FD9BE0
FD8A90
FD7970
FD68B0
FD5830
FD4800
FD3820
FD2880
FD1940
FD0A40
FCFB80
FCED20
FCDF00
FCD130
FCC3B0
FCB670
FCA990
FC9CF0
FC9090
FC8490
FC78E0
FC6D80
FC6260
FC57A0
FC4D30
FC4310
FC3940
FC2FC0
FC2690
FC1DA0
FC1510
FC0CD0
FC04E0
FBFD40
FBF5F0
FBEEF0
FBE830
FBE1D0
FBDBB0
FBD5D0
FBD050
FBCB20
FBC630
FBC190
FBBD40
FBB930
FBB580
FBB210
FBAEF0
FBAC20
FBA990
FBA750
FBA550
FBA390
FBA210
FBA0E0
FB9FF0
FB9F40
FB9ED0
FB9EA0
FB9EC0
FB9F10
FB9FB0
FBA090
FBA1C0
FBA320
FBA4D0
FBA6B0
FBA8C0
FBAB00
FBAD80
FBB020
FBB300
FBB610
FBB960
FBBCD0
FBC080
FBC460
FBC870
FBCCC0
FBD130
FBD5E0
FBDAC0
FBDFC0
FBE4E0
FBEA20
FBEF80
FBF500
FBFAB0
FC0070
FC0650
FC0C50
FC1280
FC18C0
FC1F20
FC25B0
FC2C50
FC3320
FC3A00
FC40F0
FC47F0
FC4F00
FC5610
FC5D30
FC6450
FC6B80
FC72C0
FC7A10
FC8160
FC88C0
FC9020
FC97A0
FC9F10
FCA6A0
FCAE30
FCB5C0
FCBD40
FCC4B0
FCCC20
FCD380
FCDAD0
FCE220
FCE960
FCF0A0
FCF7D0
FCFEF0
FD0610
FD0D20
FD1430
FD1B30
FD2220
FD2900
FD2FB0
FD3650
FD3CD0
FD4330
FD4980
FD4FA0
FD55B0
FD5BA0
FD6170
FD6720
FD6CC0
FD7230
FD7790
FD7CD0
FD81F0
FD86E0
FD8BB0
FD9050
FD94C0
FD9910
FD9D30
FDA120
FDA4E0
FDA880
FDABF0
FDAF30
FDB250
FDB540
FDB800
FDBA90
FDBD00
FDBF30
FDC130
FDC300
FDC4A0
FDC600
FDC730
FDC820
FDC8F0
FDC980
FDC9E0
FDCA00
FDC9F0
FDC9B0
FDC940
FDC890
FDC7B0
FDC6A0
FDC550
FDC3C0
FDC210
FDC010
FDBDF0
FDBB90
FDB8F0
FDB620
FDB320
FDAFE0
FDAC70
FDA8D0
FDA4E0
FDA0D0
FD9C80
FD9800
FD9350
FD8E60
FD8940
FD83F0
FD7E70
FD78B0
FD72D0
FD6CB0
FD6660
FD5FE0
FD5920
FD5230
FD4B10
FD43C0
FD3C40
FD3490
FD2CB0
FD24B0
FD1C90
FD1440
FD0BC0
FD0320
FCFA50
FCF150
FCE840
FCDEF0
FCD580
FCCBE0
FCC220
FCB840
FCAE20
FCA3F0
FC99B0
FC8F50
FC84D0
FC7A40
FC6F90
FC64C0
FC59D0
FC4ED0
FC43C0
FC3890
FC2D40
FC21D0
FC1650
FC0AB0
FBFF00
FBF340
FBE780
FBDBB0
FBCFE0
FBC400
FBB820
FBAC30
FBA050
FB9450
FB8850
FB7C50
FB7040
FB6430
FB5820
FB4C00
FB3FD0
FB33C0
FB27B0
FB1BB0
FB0FC0
FB03D0
FAF7F0
FAEC30
FAE070
FAD4B0
FAC910
FABD70
FAB1E0
FAA660
FA9AF0
FA8F90
FA8430
FA7900
FA6DE0
FA62F0
FA5810
FA4D60
FA42D0
FA3860
FA2E10
FA23E0
FA19D0
FA0FE0
FA0620
F9FC70
F9F2F0
F9E980
F9E040
F9D730
F9CE40
F9C590
F9BD20
F9B4D0
F9ACB0
F9A4D0
F99D10
F99590
F98E40
F98720
F98030
F97970
F972E0
F96C90
F96660
F96080
F95AD0
F95570
F95040
F94B50
F946A0
F94230
F93E10
F93A20
F93660
F932F0
F92FC0
F92CD0
F92A20
F927A0
F92570
F92380
F921D0
F92070
F91F50
F91E80
F91DF0
F91DA0
F91DA0
F91DE0
F91E70
F91F40
F92060
F921B0
F92360
F92540
F92780
F929F0
F92CB0
F92FC0
F93310
F936B0
F93A90
F93EC0
F94330
F947E0
F94CF0
F95230
F957C0
F95DA0
F963C0
F96A30
F970E0
F977D0
F97F10
F98680
F98E40
F99640
F99E80
F9A700
F9AFC0
F9B8D0
F9C210
F9CBA0
F9D560
F9DF70
F9E9C0
F9F450
F9FF30
FA0A30
FA1570
FA20F0
FA2C90
FA3870
FA4490
FA50E0
FA5D60
FA6A20
FA7710
FA8430
FA9190
FA9F20
FAACE0
FABAE0
FAC910
FAD770
FAE5F0
FAF490
FB0350
FB1240
FB2160
FB3090
FB3FF0
FB4F80
FB5F30
FB6F00
FB7EF0
FB8F10
FB9F50
FBAFC0
FBC040
FBD0E0
FBE190
FBF260
FC0330
FC1410
FC2500
FC3610
FC4720
FC5850
FC6980
FC7AD0
FC8C30
FC9DA0
FCAF10
FCC0A0
FCD250
FCE3E0
FCF580
FD0710
FD18A0
FD2A20
FD3BA0
FD4D20
FD5E90
FD7010
FD8180
FD92E0
FDA440
FDB5A0
FDC700
FDD850
FDE9A0
FDFAD0
FE0BF0
FE1CF0
FE2DD0
FE3E90
FE4F40
FE5FD0
FE7040
FE80A0
FE90E0
FEA100
FEB110
FEC100
FED0D0
FEE080
FEF020
FEFF90
FF0ED0
FF1DE0
FF2CC0
FF3B70
FF49F0
FF5840
FF6660
FF7460
FF8220
FF8FC0
FF9D20
FFAA60
FFB770
FFC450
FFD0F0
FFDD60
FFE990
FFF580
000140
000CB0
0017E0
0022E0
002D90
003800
004240
004C40
0055F0
005F70
0068B0
0071B0
007A70
0082E0
008B10
0092F0
009A90
00A1E0
00A8F0
00AFB0
00B620
00BC50
00C230
00C7C0
00CD10
00D220
00D6D0
00DB50
00DF70
00E350
00E6E0
00EA20
00ED10
00EFB0
00F210
00F410
00F5D0
00F730
00F850
00F920
00F9A0
00F9D0
00F9B0
00F950
00F890
00F790
00F640
00F4A0
00F2C0
00F090
00EE10
00EB40
00E820
00E4C0
00E110
00DD20
00D8D0
00D440
00CF60
00CA30
00C4C0
00BF00
00B900
00B2C0
00AC40
00A570
009E60
009710
008F70
0087A0
007F80
007720
006E70
006590
005C60
0052F0
004930
003F50
003520
002AD0
002040
001580
000A80
FFFF50
FFF3F0
FFE850
FFDC80
FFD070
FFC430
FFB7C0
FFAB10
FF9E30
FF9120
FF83E0
FF7680
FF6900
FF5B50
FF4D90
FF3FA0
FF3190
FF2350
FF14F0
FF0670
FEF7D0
FEE910
FEDA20
FECB10
FEBBE0
FEAC80
FE9D20
FE8DA0
FE7E20
FE6E90
FE5EF0
FE4F30
FE3F70
FE2FA0
FE1FC0
FE0FD0
FDFFD0
FDEFC0
FDDFA0
FDCF80
FDBF40
FDAEF0
FD9EB0
FD8E70
FD7E40
FD6E10
FD5DE0
FD4DC0
FD3DB0
FD2DA0
FD1D90
FD0D90
FCFD90
FCED90
FCDDA0
FCCDC0
FCBDE0
FCAE00
FC9E40
FC8EA0
FC7F20
FC6FB0
FC6070
FC5140
FC4230
FC3330
FC2460
FC15A0
FC0700
FBF870
FBEA10
FBDBC0
FBCD90
FBBF80
FBB1A0
FBA3F0
FB9660
FB8910
FB7BF0
FB6F00
FB6240
FB55B0
FB4950
FB3D20
FB3120
FB2550
FB19B0
FB0E40
FB0300
FAF800
FAED30
FAE2A0
FAD850
FACE40
FAC470
FABAE0
FAB1A0
FAA890
FA9FC0
FA9730
FA8EE0
FA86E0
FA7F10
FA7780
FA7030
FA6930
FA6270
FA5BF0
FA55D0
FA4FF0
FA4A70
FA4530
FA4030
FA3B90
FA3730
FA3320
FA2F60
FA2BF0
FA28C0
FA25E0
FA2350
FA2110
FA1F20
FA1D80
FA1C30
FA1B30
FA1A90
FA1A40
FA1A30
FA1A80
FA1B20
FA1C20
FA1D60
FA1F00
FA20E0
FA2320
FA25B0
FA28A0
FA2BD0
FA2F60
FA3340
FA3770
FA3C00
FA40E0
FA4610
FA4B90
FA5170
FA57A0
FA5E20
FA64F0
FA6C20
FA73A0
FA7B80
FA83A0
FA8C20
FA94F0
FA9E00
FAA770
FAB120
FABB30
FAC580
FAD030
FADB20
FAE670
FAF200
FAFDF0
FB0A20
FB16A0
FB2380
FB30A0
FB3E10
FB4BC0
FB59C0
FB6800
FB7690
FB8560
FB9480
FBA3E0
FBB380
FBC370
FBD3A0
FBE420
FBF4F0
FC05F0
FC1750
FC28E0
FC3AC0
FC4CD0
FC5F10
FC7190
FC8450
FC9740
FCAA70
FCBDD0
FCD180
FCE550
FCF970
FD0DC0
FD2240
FD3700
FD4C00
FD6130
FD7690
FD8C10
FDA1D0
FDB7A0
FDCDA0
FDE3D0
FDFA20
FE10A0
FE2750
FE3E20
FE5510
FE6C30
FE8380
FE9AF0
FEB290
FECA60
FEE240
FEFA30
FF1230
FF2A50
FF4280
FF5AD0
FF7330
FF8BA0
FFA420
FFBCC0
FFD570
FFEE40
000720
002010
003920
005240
006B60
008480
009DA0
00B6D0
00CFF0
00E920
010240
011B70
013490
014DC0
0166F0
018020
019950
01B280
01CBB0
01E4E0
01FE00
021710
023000
0248F0
0261C0
027A80
029320
02ABC0
02C440
02DCB0
02F510
030D60
032590
033DB0
0355C0
036DC0
038590
039D40
03B4C0
03CC20
03E350
03FA60
041140
042800
043E90
045500
046B40
048160
049750
04AD20
04C2D0
04D840
04ED90
050290
051760
052C00
054060
055480
056870
057C20
058FA0
05A2E0
05B5F0
05C8C0
05DB50
05EDB0
05FFD0
0611C0
062360
0634C0
0645D0
065690
066710
067740
068730
0696D0
06A630
06B540
06C410
06D290
06E0C0
06EEB0
06FC50
0709B0
0716B0
072370
072FD0
073BE0
074790
075300
075E10
0768D0
077340
077D60
078720
079090
0799B0
07A280
07AB00
07B320
07BAF0
07C260
07C970
07D030
07D690
07DC90
07E240
07E790
07EC90
07F120
07F560
07F950
07FCE0
080010
0802E0
080560
080780
080940
080AB0
080BC0
080C70
080CC0
080CC0
080C60
080BA0
080A90
080910
080750
080520
080290
07FFB0
07FC80
07F8E0
07F4F0
07F0B0
07EC10
07E710
07E1C0
07DC10
07D610
07CFB0
07C900
07C1F0
07BA80
07B2C0
07AAB0
07A230
079970
079050
0786E0
077D30
077320
0768D0
075E20
075330
0747E0
073C50
073070
072430
0717B0
070AE0
06FDC0
06F050
06E290
06D490
06C650
06B7C0
06A900
0699F0
068AA0
067B20
066B50
065B40
064AE0
063A50
062980
061860
060700
05F560
05E390
05D180
05BF40
05ACD0
059A30
058760
057460
056130
054DD0
053A40
052680
051290
04FE80
04EA30
04D5B0
04C100
04AC20
049720
048210
046CE0
0457A0
044230
042CB0
041720
040160
03EB90
03D5A0
03BFA0
03A980
039340
037CE0
036670
034FE0
033950
0322B0
030C20
02F580
02DED0
02C830
02B180
029AD0
028420
026D60
0256B0
023FF0
022920
021260
01FB90
01E4C0
01CE00
01B750
01A0C0
018A40
0173D0
015D70
014720
0130E0
011AC0
0104B0
00EEB0
00D8C0
00C2F0
00AD20
009770
0081D0
006C60
005710
0041E0
002CF0
001810
000370
FFEEF0
FFDA90
FFC660
FFB260
FF9E80
FF8AD0
FF7740
FF63E0
FF50A0
FF3D90
FF2AC0
FF1830
FF05D0
FEF3B0
FEE1D0
FED020
FEBEC0
FEAD90
FE9CA0
FE8BE0
FE7B70
FE6B30
FE5B30
FE4B60
FE3BE0
FE2C90
FE1D90
FE0ED0
FE0070
FDF250
FDE470
FDD6E0
FDC9A0
FDBCB0
FDB000
FDA3A0
FD9780
FD8BC0
FD8040
FD7500
FD6A20
FD5F70
FD5530
FD4B30
FD4190
FD3840
FD2F40
FD26A0
FD1E50
FD1650
FD0EA0
FD0750
FD0050
FCF9A0
FCF340
FCED40
FCE790
FCE230
FCDD30
FCD880
FCD420
FCD020
FCCC80
FCC920
FCC630
FCC380
FCC130
FCBF40
FCBD90
FCBC50
FCBB50
FCBAC0
FCBA70
FCBA80
FCBAE0
FCBBA0
FCBCA0
FCBE00
FCBFB0
FCC1C0
FCC410
FCC6C0
FCC9C0
FCCD10
FCD0C0
FCD4B0
FCD900
FCDDB0
FCE2A0
FCE7F0
FCED80
FCF360
FCF980
FCFFF0
FD06B0
FD0DB0
FD1500
FD1CA0
FD2480
FD2CA0
FD3510
FD3DD0
FD46D0
FD5020
FD59C0
FD63A0
FD6DC0
FD7810
FD82B0
FD8D80
FD9880
FDA3D0
FDAF50
FDBB00
FDC700
FDD330
FDDFA0
FDEC40
FDF930
FE0650
FE13A0
FE2140
FE2F00
FE3CE0
FE4AF0
FE5920
FE6780
FE7600
FE84A0
FE9370
FEA270
FEB190
FEC0D0
FED040
FEDFE0
FEEFA0
FEFF80
FF0F90
FF1FB0
FF2FE0
FF4020
FF5080
FF60E0
FF7160
FF81F0
FF9290
FFA340
FFB410
FFC4E0
FFD5D0
FFE6D0
FFF7E0
000900
001A30
002B60
003C90
004DC0
005EE0
007010
008130
009250
00A370
00B480
00C5A0
00D6B0
00E7C0
00F8C0
0109D0
011AD0
012BE0
013CC0
014DA0
015E60
016F00
017F90
019010
01A070
01B0C0
01C100
01D120
01E120
01F120
0200F0
0210C0
022070
023000
023F70
024EC0
025DE0
026CE0
027BB0
028A60
0298E0
02A740
02B570
02C380
02D170
02DF20
02ECC0
02FA30
030770
0314A0
032180
032E40
033AC0
034720
035340
035F20
036AE0
037660
0381B0
038CD0
0397C0
03A270
03ACF0
03B740
03C160
03CB50
03D500
03DE70
03E7B0
03F0B0
03F970
040200
040A60
041270
041A50
042200
042960
0430A0
043790
043E50
0444E0
044B20
045130
045710
045CB0
046210
046730
046C20
0470C0
047540
047970
047D70
048140
0484C0
048810
048B20
048E00
049090
049300
049530
049730
0498F0
049A80
049BD0
049CF0
049DE0
049E90
049F10
049F60
049F70
049F50
049EF0
049E60
049DA0
049CB0
049B80
049A30
0498B0
049700
049530
049320
0490E0
048E80
048BE0
048920
048630
048310
047FC0
047C40
047890
0474C0
0470D0
046CC0
046880
046420
045FA0
045B00
045640
045150
044C40
044720
0441C0
043C50
0436C0
043100
042B20
042530
041F20
0418F0
0412C0
040C60
0405F0
03FF70
03F8D0
03F220
03EB50
03E470
03DD70
03D660
03CF30
03C7F0
03C090
03B930
03B1B0
03AA30
03A2B0
039B10
039370
038BC0
038400
037C30
037460
036C80
036490
035C90
035490
034C70
034460
033C30
033410
032BE0
0323B0
031B80
031350
030B10
0302D0
02FA90
02F240
02EA00
02E1B0
02D960
02D100
02C8A0
02C050
02B7F0
02AF90
02A730
029EE0
029690
028E30
0285E0
027D90
027540
026D00
0264B0
025C60
025420
024BE0
0243A0
023B50
023320
022AE0
0222A0
021A70
021230
020A00
0201D0
01F9A0
01F170
01E950
01E120
01D900
01D0D0
01C8B0
01C090
01B880
01B060
01A840
01A020
019810
018FF0
0187E0
017FC0
0177B0
016F90
016780
015F60
015750
014F40
014730
013F20
013700
012EF0
0126D0
011EB0
011690
010E60
010630
00FE00
00F5C0
00ED80
00E540
00DCF0
00D4A0
00CC50
00C3F0
00BBA0
00B330
00AAC0
00A250
0099C0
009130
008890
007FF0
007730
006E70
0065A0
005CD0
0053F0
004B00
004200
0038F0
002FE0
0026C0
001D90
001440
000AF0
000180
FFF800
FFEE70
FFE4D0
FFDB20
FFD150
FFC770
FFBD80
FFB380
FFA970
FF9F50
FF9510
FF8AC0
FF8060
FF75E0
FF6B50
FF60A0
FF55E0
FF4B00
FF4000
FF3500
FF29D0
FF1E90
FF1340
FF07D0
FEFC50
FEF0B0
FEE500
FED930
FECD50
FEC150
FEB530
FEA900
FE9CB0
FE9050
FE83D0
FE7740
FE6A90
FE5DD0
FE50F0
FE43F0
FE36E0
FE29B0
FE1C60
FE0F10
FE0190
FDF410
FDE660
FDD8B0
FDCAE0
FDBD00
FDAF00
FDA0F0
FD92D0
FD8490
FD7640
FD67E0
FD5960
FD4AD0
FD3C20
FD2D60
FD1E90
FD0FC0
FD00D0
FCF1E0
FCE2E0
FCD3E0
FCC4C0
FCB5A0
FCA670
FC9740
FC87F0
FC78A0
FC6940
FC59D0
FC4A60
FC3AD0
FC2B50
FC1BD0
FC0C50
FBFCD0
FBED50
FBDDD0
FBCE50
FBBEE0
FBAF60
FB9FE0
FB9070
FB80F0
FB7180
FB6210
FB52A0
FB4320
FB33D0
FB2480
FB1550
FB0630
FAF720
FAE830
FAD950
FACA80
FABBC0
FAAD20
FA9E90
FA9010
FA81B0
FA7360
FA6520
FA5700
FA4900
FA3B20
FA2D80
FA1FF0
FA12A0
FA0570
F9F860
F9EB80
F9DED0
F9D240
F9C5E0
F9B9A0
F9AD90
F9A1A0
F995E0
F98A50
F97EF0
F973E0
F96900
F95E70
F95410
F94A00
F94020
F93680
F92D30
F92410
F91B30
F912A0
F90A40
F90220
F8FA40
F8F2B0
F8EB60
F8E460
F8DDC0
F8D770
F8D170
F8CBC0
F8C660
F8C150
F8BC90
F8B830
F8B410
F8B050
F8ACE0
F8A9C0
F8A6F0
F8A480
F8A260
F8A0A0
F89F50
F89E50
F89DC0
F89D90
F89DB0
F89E40
F89F30
F8A070
F8A220
F8A430
F8A6A0
F8A970
F8ACA0
F8B030
F8B430
F8B880
F8BD50
F8C280
F8C810
F8CE10
F8D470
F8DB30
F8E260
F8EA00
F8F1F0
F8FA60
F90320
F90C50
F915F0
F91FF0
F92A50
F93520
F94050
F94BE0
F957D0
F96430
F970F0
F97E10
F98B90
F99980
F9A7D0
F9B680
F9C5A0
F9D510
F9E4F0
F9F540
FA05D0
FA16D0
FA2820
FA39C0
FA4BC0
FA5E10
FA70C0
FA83C0
FA9710
FAAAD0
FABED0
FAD330
FAE7F0
FAFD00
FB1270
FB2830
FB3E30
FB5480
FB6B00
FB81D0
FB98D0
FBB020
FBC7B0
FBDF80
FBF790
FC0FE0
FC2870
FC4140
FC5A60
FC73B0
FC8D50
FCA730
FCC130
FCDB50
FCF590
FD1000
FD2A80
FD4530
FD6000
FD7B00
FD9610
FDB150
FDCCB0
FDE830
FE03D0
FE1F90
FE3B80
FE5790
FE73A0
FE8FA0
FEABB0
FEC7B0
FEE3C0
FEFFC0
FF1BC0
FF37C0
FF53C0
FF6FC0
FF8BB0
FFA7B0
FFC3B0
FFDFA0
FFFB90
001790
003350
004F00
006A70
0085D0
00A0F0
00BC00
00D6E0
00F190
010C20
012680
0140C0
015AD0
0174C0
018E80
01A820
01C1A0
01DAC0
01F3A0
020C30
022470
023C60
025400
026B60
028270
029920
02AF90
02C5C0
02DB90
02F110
030650
031B40
032FE0
034410
0357E0
036B30
037E20
0390A0
03A2B0
03B450
03C590
03D660
03E6C0
03F6B0
040630
041540
0423F0
043230
044000
044D50
045A10
046660
047220
047D50
048810
049240
049BF0
04A510
04ADC0
04B5E0
04BD70
04C490
04CB20
04D130
04D6C0
04DBC0
04E020
04E400
04E750
04EA10
04EC40
04EDE0
04EEF0
04EF70
04EF60
04EEC0
04ED90
04EBD0
04E980
04E6A0
04E340
04DF40
04DAC0
04D5A0
04D000
04C9D0
04C310
04BBC0
04B3E0
04AB80
04A280
049900
048EF0
048450
047920
046D60
046120
045450
044710
043950
042B00
041C40
040D00
03FD50
03ED10
03DC50
03CB20
03B970
03A730
039480
038150
036DA0
035980
0344F0
033000
031AA0
0304F0
02EEE0
02D860
02C180
02AA40
0292A0
027AA0
026230
024970
023040
0216B0
01FCC0
01E270
01C7E0
01AD10
019210
0176D0
015B50
013F90
012390
010760
00EAF0
00CE40
00B160
009440
0076E0
005940
003B60
001D50
FFFF30
FFE0F0
FFC2B0
FFA460
FF85F0
FF6780
FF4900
FF2A70
FF0BC0
FEED10
FECE50
FEAF80
FE9090
FE71A0
FE52A0
FE3390
FE14A0
FDF5C0
FDD710
FDB870
FD9A00
FD7BA0
FD5D60
FD3F40
FD2140
FD0360
FCE5A0
FCC7F0
FCAA70
FC8D00
FC6FC0
FC5290
FC35B0
FC1920
FBFCD0
FBE0D0
FBC520
FBA9B0
FB8E90
FB73B0
FB5920
FB3EE0
FB24F0
FB0B40
FAF1E0
FAD8C0
FAC000
FAA770
FA8F60
FA77C0
FA6090
FA49C0
FA3370
FA1D80
FA0810
F9F300
F9DE60
F9CA40
F9B680
F9A330
F99050
F97DE0
F96BE0
F95A50
F94950
F938D0
F928E0
F91980
F90AA0
F8FC50
F8EE80
F8E140
F8D490
F8C860
F8BCC0
F8B1A0
F8A710
F89D10
F89390
F88AA0
F88250
F87A90
F87360
F86CD0
F866D0
F86160
F85C90
F85850
F854B0
F851A0
F84F20
F84D40
F84BF0
F84B40
F84B20
F84B90
F84CA0
F84E40
F85070
F85340
F856A0
F85A90
F85F20
F86440
F869F0
F87040
F87720
F87E90
F88690
F88F30
F89860
F8A230
F8AC70
F8B740
F8C2A0
F8CE70
F8DAD0
F8E7C0
F8F520
F90310
F91180
F92080
F92FF0
F93FF0
F95080
F96180
F97310
F98530
F997A0
F9AA90
F9BDE0
F9D190
F9E5B0
F9FA40
FA0F30
FA2490
FA3A50
FA5080
FA6710
FA7E10
FA9580
FAAD50
FAC580
FADE30
FAF710
FB1040
FB29A0
FB4350
FB5D50
FB7780
FB9200
FBACB0
FBC7B0
FBE300
FBFE80
FC1A50
FC3660
FC52B0
FC6F40
FC8C10
FCA900
FCC610
FCE330
FD0070
FD1DC0
FD3B30
FD58B0
FD7650
FD9410
FDB1E0
FDCFD0
FDEDD0
FE0BF0
FE2A20
FE4870
FE66E0
FE8530
FEA370
FEC1A0
FEDFC0
FEFDD0
FF1BD0
FF39B0
FF5780
FF7540
FF92F0
FFB090
FFCE10
FFEB80
0008F0
002640
004370
006080
007D40
0099D0
00B630
00D250
00EE30
0109E0
012550
014090
015B90
017650
0190E0
01AB30
01C550
01DF30
01F8D0
021220
022B20
0243C0
025C00
0273F0
028B80
02A2C0
02B9A0
02D030
02E660
02FC40
0311C0
0326F0
033BC0
035040
036460
037810
038B60
039E40
03B0B0
03C2C0
03D460
03E590
03F660
0406B0
0416A0
042630
043540
0443F0
045240
046010
046D80
047A80
048700
049320
049EC0
04A9F0
04B4B0
04BF00
04C8D0
04D240
04DB30
04E3C0
04EBD0
04F370
04FAA0
050150
0507A0
050D80
0512F0
0517F0
051C90
0520C0
052480
0527D0
052AC0
052D40
052F50
053100
053240
053310
053370
053370
053300
053230
053110
052FA0
052DC0
052BA0
052920
052640
052310
051F80
051BA0
051760
0512C0
050DE0
050890
0502F0
04FD00
04F6D0
04F060
04E9B0
04E2C0
04DBA0
04D440
04CCA0
04C4C0
04BCB0
04B460
04ABD0
04A300
049A00
0490B0
048730
047D80
0473A0
0469B0
045FA0
045580
044B40
0440F0
043680
042BF0
042150
041690
040BB0
0400C0
03F5B0
03EA80
03DF40
03D3F0
03C8A0
03BD50
03B210
03A6D0
039BA0
039080
038560
037A50
036F40
036430
035940
034E40
034360
033880
032DA0
0322D0
031820
030DB0
030350
02F930
02EF30
02E550
02DBA0
02D220
02C8C0
02BF90
02B680
02ADA0
02A4F0
029C60
029400
028BC0
0283D0
027C10
0274A0
026D70
026670
025FC0
025950
025320
024D30
024780
024220
023CF0
023810
023360
022F00
022AD0
022700
022380
022050
021D70
021AE0
0218A0
0216B0
021510
0213C0
0212C0
021220
0211C0
0211C0
021200
0212A0
021380
0214C0
021650
021830
021A60
021CF0
021FC0
0222F0
022670
022A30
022E60
0232D0
023790
023CB0
024210
0247D0
024DE0
025430
025AD0
0261C0
0268F0
027070
027830
028040
028890
029130
029A20
02A350
02ACC0
02B680
02C090
02CAE0
02D580
02E050
02EB50
02F680
0301E0
030D70
031930
032530
033150
033DA0
034A30
0356F0
0363E0
0370F0
037E40
038BC0
039980
03A740
03B510
03C300
03D100
03DF10
03ED30
03FB70
0409C0
041810
042690
043510
0443A0
045250
046110
046FE0
047EC0
048D90
049C50
04AB00
04B9A0
04C820
04D6A0
04E500
04F350
050190
050FC0
051DE0
052BE0
0539E0
0547C0
055590
056350
0570E0
057E30
058B40
059830
05A4D0
05B150
05BD90
05C990
05D560
05E100
05EC60
05F780
060270
060D30
0617C0
062200
062C00
063590
063ED0
0647C0
065050
065880
066050
0667D0
066F00
0675C0
067C30
068250
068810
068D70
069280
069730
069B60
069F30
06A280
06A560
06A7D0
06A9C0
06AB50
06AC60
06ACF0
06AD20
06ACD0
06AC10
06AAE0
06A930
06A720
06A490
06A170
069DE0
0699C0
069530
069010
068A70
068440
067DA0
067670
066EC0
066690
065DE0
0654B0
064AF0
0640B0
063600
062AB0
061EF0
0612A0
0605D0
05F880
05EAB0
05DC50
05CD70
05BE10
05AE20
059DB0
058CC0
057B50
056960
0556E0
0543E0
053070
051C80
050820
04F340
04DE00
04C830
04B200
049B50
048430
046C90
045480
043C00
042300
040990
03EFB0
03D550
03BAA0
039F90
038420
036850
034C30
032FB0
0312D0
02F5A0
02D810
02BA20
029BD0
027D30
025E30
023EE0
021F30
01FF20
01DED0
01BE60
019DB0
017CD0
015BC0
013A70
0118F0
00F740
00D560
00B340
0090F0
006E70
004BC0
0028D0
0005B0
FFE260
FFBF00
FF9BA0
FF7840
FF54D0
FF3160
FF0DF0
FEEA70
FEC6F0
FEA360
FE7FD0
FE5C40
FE38A0
FE1500
FDF150
FDCDA0
FDA9F0
FD8660
FD6300
FD3FD0
FD1CD0
FCFA00
FCD750
FCB4D0
FC9270
FC7050
FC4E50
FC2C80
FC0AE0
FBE960
FBC820
FBA700
FB8600
FB6570
FB4530
FB2550
FB05C0
FAE6A0
FAC7D0
FAA950
FA8B40
FA6D80
FA5010
FA3310
FA1660
F9FA10
F9DE10
F9C280
F9A730
F98C80
F97240
F95890
F93F60
F926B0
F90E90
F8F6F0
F8DFD0
F8C930
F8B320
F89D90
F88880
F873F0
F85FF0
F84C70
F83970
F82710
F81560
F80440
F7F3D0
F7E3F0
F7D4C0
F7C630
F7B830
F7AAE0
F79E30
F79220
F786B0
F77BE0
F771B0
F76820
F75F40
F75700
F74F70
F74890
F74270
F73CF0
F73820
F73400
F73090
F72DE0
F72BD0
F72A70
F729C0
F729D0
F72A80
F72BE0
F72DF0
F730B0
F73420
F73840
F73D10
F74280
F748B0
F74F80
F75700
F75F30
F76810
F771A0
F77BD0
F786C0
F79250
F79E90
F7AB90
F7B910
F7C740
F7D610
F7E570
F7F570
F80600
F81740
F82910
F83B80
F84E90
F86230
F87670
F88B60
F8A0D0
F8B6F0
F8CDA0
F8E4D0
F8FC80
F914A0
F92D40
F94650
F95FE0
F979F0
F99470
F9AF70
F9CAE0
F9E6D0
FA0340
FA2020
FA3D80
FA5B50
FA79B0
FA9840
FAB730
FAD670
FAF5F0
FB15C0
FB35D0
FB5640
FB76F0
FB97F0
FBB940
FBDAD0
FBFCB0
FC1EF0
FC4160
FC6430
FC8740
FCAA70
FCCDB0
FCF110
FD1480
FD3800
FD5BA0
FD7F50
FDA320
FDC700
FDEAF0
FE0F00
FE3330
FE5760
FE7BB0
FEA020
FEC4A0
FEE900
FF0D40
FF3150
FF5550
FF7930
FF9CE0
FFC070
FFE3E0
000740
002A70
004D80
007060
009330
00B5E0
00D860
00FAD0
011CE0
013E90
016000
018100
01A1C0
01C210
01E220
0201D0
022130
024030
025EE0
027D30
029B30
02B8E0
02D630
02F320
030FA0
032B90
034700
0361E0
037C40
039620
03AF80
03C850
03E0A0
03F870
040FB0
042670
043CB0
045270
0467A0
047C50
049060
04A3C0
04B680
04C890
04DA00
04EAD0
04FAF0
050A80
051950
052790
053520
054200
054E40
0559E0
0564E0
056F30
0578D0
0581B0
0589E0
059150
059810
059E10
05A350
05A7F0
05ABC0
05AEE0
05B150
05B300
05B400
05B440
05B3D0
05B2A0
05B0C0
05AE20
05AAD0
05A6C0
05A200
059C80
059650
058F60
0587C0
057F60
057650
056C80
056200
0556C0
054AD0
053E20
0530D0
0522D0
051430
0504F0
04F500
04E470
04D330
04C150
04AEC0
049B90
0487B0
047330
045E10
044840
0431D0
041AB0
040310
03EAE0
03D230
03B900
039F40
038500
036A40
034EF0
033310
0316B0
02F9D0
02DC70
02BE80
02A000
028110
026180
0241B0
022170
0200E0
01E000
01BEC0
019D20
017B30
0158E0
013640
011340
00EFE0
00CC30
00A830
0083C0
005F10
0039F0
0014C0
FFEF60
FFC9E0
FFA440
FF7E70
FF5880
FF3270
FF0C40
FEE5F0
FEBF70
FE98D0
FE7210
FE4B30
FE2430
FDFD00
FDD5B0
FDAE70
FD8750
FD6040
FD3950
FD1270
FCEBA0
FCC4E0
FC9E40
FC77B0
FC5140
FC2AE0
FC0490
FBDE60
FBB840
FB9230
FB6C40
FB4690
FB2140
FAFC30
FAD770
FAB2F0
FA8ED0
FA6AF0
FA4760
FA2420
FA0130
F9DE80
F9BC30
F99A20
F97860
F956E0
F935C0
F91510
F8F4E0
F8D530
F8B600
F89750
F87910
F85B50
F83E20
F82160
F80510
F7E950
F7CE00
F7B340
F798F0
F77F20
F765C0
F74D10
F73500
F71D90
F706D0
F6F0A0
F6DB10
F6C630
F6B1F0
F69E50
F68B50
F678F0
F66730
F65610
F645A0
F635C0
F62690
F61810
F60A50
F5FD40
F5F0F0
F5E550
F5DA70
F5D050
F5C6E0
F5BE20
F5B620
F5AEE0
F5A850
F5A280
F59D60
F59900
F59550
F59260
F59040
F58ED0
F58E20
F58E30
F58F00
F59080
F592D0
F595E0
F599A0
F59E30
F5A370
F5A980
F5B040
F5B7C0
F5C010
F5C900
F5D2B0
F5DD10
F5E830
F5F400
F60080
F60DC0
F61BA0
F62A50
F639A0
F649B0
F65A80
F66BF0
F67E20
F69110
F6A4A0
F6B8E0
F6CDB0
F6E320
F6F920
F70FD0
F72710
F73EE0
F75760
F77070
F78A20
F7A460
F7BF50
F7DAD0
F7F6E0
F813A0
F830F0
F84EC0
F86D00
F88BB0
F8AAD0
F8CA70
F8EA90
F90B10
F92C10
F94D80
F96F70
F991D0
F9B4A0
F9D7F0
F9FBB0
FA1FF0
FA4490
FA6990
FA8EC0
FAB440
FADA00
FB0010
FB2660
FB4CF0
FB73D0
FB9B00
FBC260
FBEA10
FC1210
FC3A40
FC62C0
FC8B90
FCB4A0
FCDDC0
FD06F0
FD3040
FD5990
FD8300
FDAC80
FDD610
FDFFC0
FE2970
FE5340
FE7D10
FEA700
FED100
FEFB20
FF2540
FF4F80
FF7990
FFA390
FFCD60
FFF710
0020B0
004A20
007370
009CA0
00C5A0
00EE90
011760
014000
016890
0190F0
01B930
01E160
020930
0230B0
0257E0
027EC0
02A540
02CB80
02F170
031700
033C50
036140
0385F0
03AA40
03CE40
03F1F0
041560
043870
045B00
047D20
049EC0
04BFF0
04E0B0
0500E0
0520B0
053FF0
055ED0
057D20
059B00
05B870
05D560
05F1E0
060DE0
062960
064450
065EB0
067880
0691B0
06AA50
06C260
06D9D0
06F0B0
070700
071CB0
0731D0
074660
075A60
076DC0
078090
0792C0
07A460
07B550
07C5A0
07D550
07E450
07F2C0
080080
080DA0
081A20
082600
083130
083BD0
0845C0
084F10
0857C0
085FC0
086730
086DF0
087410
087980
087E60
088290
088620
088910
088B50
088CF0
088DF0
088E50
088E10
088D20
088B90
088960
088690
088330
087F40
087AB0
087590
086FD0
086980
0862A0
085B20
085300
084A60
084110
083740
082CD0
0821C0
081630
080A10
07FD70
07F060
07E2C0
07D4B0
07C620
07B710
07A780
079770
0786E0
0775D0
076450
075240
073FC0
072CC0
071930
070550
06F120
06DC80
06C790
06B240
069CA0
068690
067030
065970
064260
062AF0
061320
05FAF0
05E260
05C980
05B040
0596D0
057D20
056340
054930
052EF0
051480
04F9D0
04DEF0
04C3D0
04A890
048D10
047160
045580
043960
041D10
040090
03E400
03C770
03AAD0
038E30
037170
0354C0
033800
031B30
02FE50
02E170
02C490
02A790
028AA0
026D90
025080
023370
021670
01F990
01DCE0
01C040
01A3C0
018760
016B20
014F00
013300
011710
00FB50
00DFB0
00C420
00A8C0
008D70
007250
005760
003CC0
002260
000840
FFEE70
FFD4D0
FFBB80
FFA270
FF89A0
FF7120
FF58D0
FF40D0
FF2910
FF1190
FEFA60
FEE360
FECCD0
FEB690
FEA0C0
FE8B40
FE7630
FE6170
FE4D10
FE3920
FE2580
FE1240
FDFF60
FDECE0
FDDAD0
FDC910
FDB7B0
FDA6A0
FD9620
FD8600
FD7650
FD6720
FD5850
FD4A00
FD3C20
FD2EB0
FD21B0
FD1520
FD0910
FCFD60
FCF230
FCE770
FCDD10
FCD340
FCC9D0
FCC0F0
FCB880
FCB080
FCA900
FCA200
FC9B80
FC9570
FC8FE0
FC8AC0
FC8620
FC8200
FC7E60
FC7B30
FC7870
FC7640
FC7470
FC7330
FC7250
FC71F0
FC7210
FC72A0
FC73A0
FC7520
FC7720
FC7980
FC7C60
FC7FC0
FC8390
FC87E0
FC8CA0
FC91D0
FC9770
FC9D80
FCA3F0
FCAAD0
FCB220
FCB9D0
FCC1F0
FCCA70
FCD360
FCDCC0
FCE680
FCF0B0
FCFB50
FD0650
FD11C0
FD1D90
FD29C0
FD3640
FD4310
FD5040
FD5DC0
FD6B90
FD79B0
FD8830
FD9700
FDA620
FDB5A0
FDC560
FDD580
FDE600
FDF6D0
FE07E0
FE1940
FE2AD0
FE3CA0
FE4EA0
FE60E0
FE7350
FE8600
FE98F0
FEAC10
FEBF60
FED300
FEE6D0
FEFAD0
FF0F10
FF2380
FF3840
FF4D00
FF61F0
FF76F0
FF8C00
FFA140
FFB680
FFCBF0
FFE170
FFF710
000CC0
002290
003880
004E80
0064A0
007AD0
009120
00A770
00BDB0
00D3F0
00EA30
010070
0116A0
012CD0
0142F0
015920
016F40
018550
019B70
01B180
01C790
01DD90
01F390
020970
021F30
0234C0
024A40
025F90
0274C0
0289D0
029EC0
02B390
02C830
02DCB0
02F110
030550
031970
032D70
034140
0354E0
036840
037B60
038E50
03A100
03B370
03C5B0
03D7B0
03E970
03FB00
040C50
041D60
042E40
043EE0
044F40
045F60
046F40
047ED0
048E10
049D00
04ABB0
04BA10
04C820
04D5E0
04E350
04F080
04FD60
0509F0
051630
052230
052DE0
053930
054440
054EF0
055950
056360
056D10
057670
057F70
058820
059080
059880
05A030
05A790
05AE90
05B540
05BBA0
05C1A0
05C750
05CCA0
05D1A0
05D650
05DAA0
05DE90
05E230
05E580
05E870
05EB10
05ED50
05EF40
05F0D0
05F210
05F300
05F390
05F3C0
05F3B0
05F350
05F2A0
05F1A0
05F050
05EEA0
05ECB0
05EA70
05E7D0
05E4F0
05E1B0
05DE30
05DA50
05D630
05D1B0
05CCF0
05C7F0
05C2B0
05BD30
05B770
05B160
05AB20
05A490
059DC0
0596B0
058F60
0587C0
057FF0
0577D0
056F70
0566D0
055E00
055500
054BD0
054280
0538F0
052F30
052550
051B30
0510E0
050670
04FBD0
04F0F0
04E5F0
04DAC0
04CF60
04C3C0
04B820
04AC60
04A080
049490
048880
047C60
047020
0463C0
045760
044AD0
043E30
043180
0424B0
0417C0
040AC0
03FDB0
03F090
03E370
03D650
03C940
03BC20
03AEF0
03A1D0
0394B0
038780
037A60
036D30
036010
0352E0
0345B0
033880
032B50
031E30
031130
030440
02F760
02EA90
02DDE0
02D140
02C4B0
02B840
02ABD0
029F90
029350
028730
027B20
026F20
026340
025780
024BE0
024070
023520
022A00
021F00
021430
020980
01FEF0
01F490
01EA50
01E040
01D650
01CC80
01C2E0
01B970
01B020
01A710
019E30
019580
018D10
0184D0
017CC0
0174E0
016D40
0165D0
015E90
015790
0150B0
014A10
0143A0
013D70
013770
0131B0
012C20
0126D0
0121C0
011CE0
011850
0113E0
010FC0
010BD0
010820
0104A0
010170
00FE60
00FBA0
00F910
00F6C0
00F4B0
00F2D0
00F130
00EFD0
00EEA0
00EDB0
00ED00
00EC80
00EC50
00EC50
00EC80
00ED00
00EDB0
00EE90
00EFC0
00F120
00F2B0
00F470
00F670
00F8A0
00FB10
00FDA0
010080
010380
0106C0
010A30
010DE0
0111C0
0115D0
011A20
011E90
012340
012810
012D10
013240
013790
013D10
0142B0
014880
014E80
0154A0
015AF0
016170
016810
016EE0
0175D0
017D00
018440
018B90
019300
019AA0
01A240
01AA10
01B1F0
01B9F0
01C210
01CA40
01D290
01DB00
01E390
01EC30
01F4F0
01FDD0
0206B0
020FA0
0218A0
0221B0
022AC0
0233E0
023D10
024640
024F80
0258D0
026220
026B80
0274F0
027E60
0287F0
029170
029B00
02A480
02AE00
02B780
02C0F0
02CA60
02D3D0
02DD30
02E690
02EFF0
02F940
030290
030BE0
031520
031E60
0327A0
0330C0
0339E0
0342E0
034BC0
0354A0
035D60
036610
036EB0
037740
037FB0
038810
039060
0398A0
03A0C0
03A8E0
03B0D0
03B8B0
03C080
03C820
03CFA0
03D700
03DE50
03E570
03EC80
03F370
03FA40
0400E0
040770
040DE0
041440
041A70
042080
042670
042C40
0431E0
043760
043CC0
044200
044710
044C00
0450D0
045570
0459F0
045E50
046290
0466A0
046A90
046E50
047200
047580
0478D0
047C10
047F20
048200
0484D0
048770
0489E0
048C40
048E70
049080
049260
049420
0495C0
049730
049890
0499C0
049AD0
049BC0
049C90
049D40
049DC0
049E30
049E80
049EA0
049EA0
049E90
049E50
049DF0
049D70
049CC0
049C10
049B30
049A40
049940
049820
0496E0
049580
049410
049290
0490F0
048F30
048D60
048B70
048960
048740
048500
0482B0
048060
047DF0
047B80
047900
047670
0473D0
047120
046E60
046B90
0468C0
0465D0
0462E0
045FD0
045CC0
0459A0
045680
045350
045030
044D00
0449D0
0446B0
044380
044040
043D10
0439E0
0436A0
043370
043030
042CF0
0429B0
042670
042330
042010
041CE0
0419D0
0416C0
0413B0
0410C0
040DC0
040AE0
040800
040530
040260
03FFA0
03FCF0
03FA40
03F7A0
03F510
03F290
03F030
03EDD0
03EB90
03E960
03E740
03E540
03E340
03E160
03DF90
03DDD0
03DC30
03DA90
03D910
03D7A0
03D650
03D510
03D3E0
03D2E0
03D1F0
03D120
03D060
03CFC0
03CF30
03CEC0
03CE70
03CE30
03CE10
03CE10
03CE20
03CE50
03CE90
03CF00
03CF80
03D020
03D0D0
03D1A0
03D290
03D3A0
03D4C0
03D610
03D770
03D8E0
03DA80
03DC30
03DE00
03DFE0
03E1F0
03E400
03E640
03E890
03EAF0
03ED70
03F010
03F2C0
03F590
03F880
03FB80
03FEA0
0401D0
040520
040880
040C00
040F90
041330
0416F0
041AB0
041E90
042280
042680
042A90
042EC0
0432F0
043740
043B90
044000
044480
044910
044DC0
045270
045720
045BE0
0460A0
046570
046A50
046F30
047420
047910
047E00
048310
048810
048D30
049250
049770
049CA0
04A1D0
04A6F0
04AC10
04B130
04B650
04BB70
04C080
04C590
04CAA0
04CFB0
04D4B0
04D9B0
04DEB0
04E3B0
04E8A0
04EDA0
04F280
04F750
04FC10
0500D0
050570
050A00
050E80
051300
051760
051BB0
052000
052430
052850
052C70
053070
053460
053840
053C00
053FA0
054320
054690
0549E0
054D10
055020
055320
055600
0558C0
055B70
055DF0
056060
0562C0
0564F0
056710
056900
056AC0
056C70
056DF0
056F50
057090
0571A0
0572A0
057370
057410
0574A0
057500
057540
057550
057550
057510
0574C0
057430
057380
0572A0
0571A0
057070
056F20
056DA0
056BF0
056A20
056820
0565F0
0563A0
056130
055E80
055BB0
0558C0
0555A0
055250
054ED0
054B30
054760
054370
053F40
053B00
053680
0531E0
052D10
052820
052300
051DB0
051840
0512A0
050CE0
050700
0500F0
04FAB0
04F460
04EDD0
04E720
04E050
04D950
04D230
04CAF0
04C380
04BBE0
04B420
04AC40
04A440
049C20
0493E0
048B80
048300
047A50
047190
0468B0
045FB0
045680
044D40
0443E0
043A60
0430B0
0426F0
041D10
041320
040910
03FEF0
03F4C0
03EA70
03E000
03D590
03CAF0
03C050
03B590
03AAB0
039FD0
0394C0
0389B0
037E70
037340
0367F0
035CA0
035140
0345D0
033A60
032EE0
032350
0317B0
030C10
030060
02F4B0
02E8E0
02DD10
02D140
02C550
02B970
02AD80
02A1A0
0295B0
0289D0
027DE0
0271F0
026600
025A20
024E30
024240
023650
022A60
021E70
021280
020690
01FAB0
01EED0
01E300
01D730
01CB70
01BFC0
01B410
01A870
019CD0
019150
0185C0
017A50
016EE0
016370
015820
014CC0
014180
013650
012B40
012030
011530
010A50
00FF70
00F4B0
00EA00
00DF60
00D4D0
00CA50
00BFE0
00B580
00AB30
00A100
0096E0
008CD0
0082D0
007900
006F30
006580
005BE0
005260
0048F0
003FA0
003660
002D30
002420
001B20
001240
000970
0000B0
FFF810
FFEF90
FFE720
FFDEC0
FFD680
FFCE60
FFC650
FFBE60
FFB680
FFAEC0
FFA710
FF9F70
FF9800
FF9090
FF8950
FF8210
FF7B00
FF73F0
FF6D00
FF6630
FF5F70
FF58D0
FF5240
FF4BC0
FF4570
FF3F20
FF38F0
FF32E0
FF2CE0
FF26F0
FF2120
FF1B60
FF15C0
FF1030
FF0AB0
FF0550
FF0000
FEFAC0
FEF5A0
FEF090
FEEBA0
FEE6B0
FEE1F0
FEDD30
FED890
FED400
FECF90
FECB20
FEC6D0
FEC290
FEBE60
FEBA40
FEB640
FEB240
FEAE50
FEAA80
FEA6C0
FEA300
FE9F60
FE9BD0
FE9860
FE94F0
FE9190
FE8E50
FE8B10
FE87E0
FE84C0
FE81B0
FE7EC0
FE7BD0
FE78F0
FE7620
FE7360
FE70A0
FE6E00
FE6B70
FE68F0
FE6680
FE6410
FE61C0
FE5F70
FE5D30
FE5B10
FE58E0
FE56D0
FE54D0
FE52D0
FE50E0
FE4F10
FE4D40
FE4B70
FE49C0
FE4820
FE4680
FE44F0
FE4370
FE4200
FE40A0
FE3F50
FE3E10
FE3CE0
FE3BC0
FE3AB0
FE39A0
FE38B0
FE37D0
FE36F0
FE3630
FE3570
FE34C0
FE3430
FE33A0
FE3330
FE32C0
FE3270
FE3230
FE31F0
FE31D0
FE31C0
FE31D0
FE31E0
FE3200
FE3230
FE3280
FE32D0
FE3340
FE33C0
FE3450
FE3500
FE35C0
FE36A0
FE3790
FE3890
FE39B0
FE3AF0
FE3C40
FE3DB0
FE3F30
FE40C0
FE4270
FE4430
FE4610
FE4810
FE4A20
FE4C50
FE4EA0
FE5110
FE5390
FE5640
FE5900
FE5BF0
FE5EF0
FE6210
FE6550
FE68A0
FE6C20
FE6FB0
FE7360
FE7740
FE7B30
FE7F50
FE8390
FE8800
FE8C80
FE9140
FE9610
FE9B10
FEA040
FEA580
FEAAF0
FEB080
FEB640
FEBC20
FEC230
FEC850
FECEB0
FED530
FEDBE0
FEE2B0
FEE9B0
FEF0E0
FEF840
FEFFC0
FF0770
FF0F50
FF1750
FF1F80
FF27E0
FF3060
FF3920
FF41F0
FF4B00
FF5440
FF5DA0
FF6730
FF7100
FF7AF0
FF8510
FF8F60
FF99D0
FFA480
FFAF60
FFBA60
FFC590
FFD0F0
FFDC90
FFE840
FFF430
000050
000C90
001910
0025B0
003270
003F70
004CA0
0059F0
006770
007520
008300
009110
009F50
00ADB0
00BC40
00CB00
00D9E0
00E8E0
00F810
010760
0116E0
012680
013650
014640
015650
016690
017700
018780
019830
01A910
01BA10
01CB30
01DC60
01EDB0
01FF20
0210B0
022250
023410
0245F0
0257E0
0269F0
027C20
028E60
02A0D0
02B350
02C5E0
02D8A0
02EB60
02FE20
031100
0323E0
0336C0
0349B0
035CB0
036FC0
0382D0
0395F0
03A910
03BC40
03CF80
03E2C0
03F610
040970
041CC0
043000
044340
045670
0469A0
047CC0
048FD0
04A2D0
04B5D0
04C8D0
04DBC0
04EEA0
050170
051440
052710
0539C0
054C60
055ED0
057130
058360
059570
05A760
05B930
05CAD0
05DC60
05EDC0
05FF10
061030
062130
063210
0642D0
065360
0663D0
0673F0
0683E0
0693A0
06A320
06B260
06C180
06D050
06DEF0
06ED50
06FB80
070980
071740
0724C0
073210
073F20
074BF0
075860
076490
077060
077BF0
078730
079220
079CC0
07A710
07B120
07BAD0
07C440
07CD50
07D620
07DEA0
07E6C0
07EE90
07F610
07FD20
0803D0
080A20
081020
0815C0
081AF0
081FD0
082450
082870
082C30
082F90
0832A0
083540
083790
083970
083AE0
083BF0
083C90
083CD0
083CA0
083C00
083B00
083990
0837C0
083580
0832E0
082FC0
082C50
082860
082420
081F60
081A40
0814B0
080EB0
080850
080180
07FA40
07F2A0
07EA90
07E210
07D930
07CFD0
07C620
07BBF0
07B160
07A660
079B00
078F30
078300
077670
076970
075C10
074E50
074020
073190
0722A0
071340
070380
06F350
06E2C0
06D1D0
06C080
06AED0
069CC0
068A60
0677B0
0664A0
065140
063D80
062970
061500
060040
05EB20
05D5B0
05BFE0
05A9C0
059350
057C80
056570
054E20
053680
051EA0
050680
04EE20
04D580
04BCA0
04A370
048A00
047050
045660
043C20
0421B0
0406F0
03EBF0
03D0C0
03B570
039A00
037E50
036290
034690
032A70
030E30
02F1C0
02D520
02B860
029B70
027E60
026120
0243C0
022630
020890
01EAE0
01CD30
01AF60
019190
0173B0
0155D0
0137D0
0119D0
00FBB0
00DD90
00BF70
00A130
0082E0
006490
004630
0027E0
0009A0
FFEB60
FFCD40
FFAF20
FF9120
FF7320
FF5540
FF3760
FF1990
FEFBD0
FEDE30
FEC090
FEA300
FE8580
FE6800
FE4AC0
FE2DA0
FE10A0
FDF3D0
FDD720
FDBAA0
FD9E50
FD8210
FD6610
FD4A30
FD2E70
FD12E0
FCF770
FCDC30
FCC120
FCA620
FC8B70
FC7100
FC56C0
FC3CC0
FC22F0
FC0970
FBF020
FBD710
FBBE40
FBA5B0
FB8D50
FB7540
FB5D60
FB45B0
FB2E50
FB1720
FB0040
FAE9B0
FAD360
FABD60
FAA7B0
FA9240
FA7D20
FA6840
FA53B0
FA3F70
FA2B80
FA17D0
FA0470
F9F150
F9DE90
F9CC00
F9B9D0
F9A7F0
F99660
F98520
F97440
F963A0
F95350
F94350
F933B0
F92450
F91550
F906A0
F8F830
F8EA20
F8DC60
F8CEF0
F8C1D0
F8B500
F8A880
F89C60
F89080
F88500
F879C0
F86EE0
F86450
F85A10
F85020
F84680
F83D40
F83440
F82BA0
F82340
F81B40
F81380
F80C00
F804E0
F7FE00
F7F760
F7F120
F7EB20
F7E560
F7E000
F7DAE0
F7D610
F7D180
F7CD40
F7C950
F7C5A0
F7C240
F7BF10
F7BC30
F7B990
F7B730
F7B500
F7B320
F7B180
F7B020
F7AF10
F7AE30
F7AD90
F7AD40
F7AD20
F7AD50
F7ADB0
F7AE50
F7AF20
F7B020
F7B160
F7B2C0
F7B460
F7B630
F7B830
F7BA70
F7BCD0
F7BF70
F7C240
F7C540
F7C880
F7CBE0
F7CF80
F7D340
F7D730
F7DB40
F7DF70
F7E3D0
F7E860
F7ED10
F7F1E0
F7F6E0
F7FC00
F80150
F806C0
F80C60
F81220
F81800
F81E10
F82440
F82A80
F830E0
F83760
F83DF0
F84490
F84B60
F85240
F85930
F86040
F86770
F86EC0
F87620
F87D90
F88530
F88CD0
F89490
F89C70
F8A450
F8AC40
F8B450
F8BC60
F8C490
F8CCD0
F8D520
F8DD80
F8E5F0
F8EE80
F8F710
F8FFC0
F90880
F91140
F91A20
F92300
F92C00
F934F0
F93E00
F94710
F95040
F95960
F962A0
F96BE0
F97540
F97E90
F98800
F99170
F99B00
F9A480
F9AE20
F9B7C0
F9C170
F9CB30
F9D500
F9DED0
F9E8B0
F9F290
F9FC90
FA0690
FA10A0
FA1AB0
FA24E0
FA2F10
FA3940
FA4390
FA4DE0
FA5840
FA62B0
FA6D20
FA77B0
FA8240
FA8CE0
FA9790
FAA250
FAAD10
FAB7E0
FAC2C0
FACDB0
FAD8B0
FAE3B0
FAEEC0
FAF9E0
FB0520
FB1060
FB1BC0
FB2720
FB32A0
FB3E30
FB49D0
FB5570
FB6130
FB6D10
FB78F0
FB84E0
FB90E0
FB9D00
FBA920
FBB560
FBC1B0
FBCE20
FBDA90
FBE720
FBF3D0
FC0080
FC0D50
FC1A40
FC2730
FC3440
FC4170
FC4EA0
FC5BF0
FC6950
FC76D0
FC8460
FC9200
FC9FC0
FCADA0
FCBB90
FCC990
FCD7B0
FCE5F0
FCF440
FD02A0
FD1120
FD1FC0
FD2E70
FD3D30
FD4C10
FD5B10
FD6A20
FD7940
FD8880
FD97E0
FDA750
FDB6D0
FDC670
FDD630
FDE600
FDF5E0
FE05E0
FE15F0
FE2620
FE3670
FE46D0
FE5740
FE67D0
FE7870
FE8920
FE99E0
FEAAB0
FEBBA0
FECCA0
FEDDB0
FEEED0
FF0010
FF1150
FF22B0
FF3420
FF45B0
FF5740
FF68F0
FF7AA0
FF8C60
FF9E30
FFB000
FFC1E0
FFD3C0
FFE5B0
FFF7B0
0009B0
001BC0
002DE0
004000
005230
006470
0076B0
0088F0
009B40
00AD80
00BFC0
00D1F0
00E420
00F650
010880
011AA0
012CC0
013EE0
0150F0
016300
017510
018710
019920
01AB10
01BD00
01CED0
01E090
01F230
0203C0
021540
0226A0
0237F0
024930
025A50
026B60
027C50
028D30
029E00
02AEB0
02BF60
02CFD0
02E020
02F040
030030
031000
031FA0
032F10
033E60
034D80
035C70
036B40
0379E0
038850
0396A0
03A4C0
03B2B0
03C070
03CDE0
03DB20
03E820
03F4E0
040160
040DA0
0419A0
042570
043100
043C40
044750
045220
045CB0
046710
047120
047AF0
048460
048D80
049650
049ED0
04A710
04AEF0
04B670
04BDB0
04C4A0
04CB40
04D190
04D780
04DD30
04E280
04E790
04EC30
04F080
04F470
04F800
04FB40
04FE10
050090
0502B0
050470
0505E0
0506E0
050790
0507E0
0507D0
050760
0506A0
050570
0503E0
0501F0
04FF90
04FCD0
04F9B0
04F630
04F240
04EDF0
04E940
04E430
04DEB0
04D8D0
04D290
04CBF0
04C4E0
04BD70
04B5A0
04AD70
04A4E0
049BE0
049290
0488D0
047EB0
047430
046950
045E00
045260
044650
0439E0
042D10
041FE0
041250
040470
03F630
03E790
03D8A0
03C960
03B9B0
03A9B0
039960
0388B0
0377A0
036640
035490
034270
033000
031D40
030A30
02F6D0
02E340
02CF50
02BB30
02A6B0
029200
027D00
0267B0
025220
023C50
022630
020FD0
01F920
01E230
01CB00
01B390
019C00
018430
016C40
015420
013BD0
012350
010AA0
00F1C0
00D8B0
00BF70
00A600
008C60
0072A0
0058A0
003E80
002440
0009F0
FFEFA0
FFD530
FFBAB0
FFA020
FF8580
FF6AC0
FF5000
FF3520
FF1A40
FEFF40
FEE430
FEC910
FEADF0
FE92A0
FE7770
FE5C50
FE4130
FE2630
FE0B30
FDF040
FDD560
FDBA90
FD9FC0
FD8510
FD6A60
FD4FC0
FD3540
FD1AB0
FD0040
FCE5E0
FCCBA0
FCB190
FC97B0
FC7E00
FC6470
FC4B20
FC31F0
FC18E0
FC0010
FBE760
FBCEE0
FBB690
FB9E60
FB8670
FB6EA0
FB56F0
FB3FA0
FB2880
FB11C0
FAFB30
FAE500
FACF00
FAB950
FAA3F0
FA8ED0
FA7A00
FA6570
FA5120
FA3D20
FA2970
FA1600
FA02D0
F9F000
F9DD90
F9CB80
F9B9D0
F9A870
F99770
F986D0
F97690
F966B0
F95720
F947F0
F93920
F92AB0
F91CA0
F90EE0
F90180
F8F490
F8E800
F8DBE0
F8D030
F8C4F0
F8BA10
F8AF90
F8A590
F89BF0
F892C0
F889F0
F88190
F879A0
F87210
F86AF0
F86440
F85DF0
F85820
F852B0
F84DC0
F84930
F84510
F84170
F83E30
F83B60
F83900
F83710
F83590
F83470
F833D0
F833A0
F833D0
F83480
F83590
F83700
F838F0
F83B40
F83DF0
F84120
F844B0
F848B0
F84D20
F851F0
F85730
F85CE0
F862F0
F86970
F87060
F877B0
F87F50
F88760
F88FC0
F89880
F8A1A0
F8AB20
F8B500
F8BF40
F8C9D0
F8D4D0
F8E020
F8EBD0
F8F7E0
F90450
F91120
F91E30
F92BA0
F93950
F94740
F95580
F96410
F972F0
F98210
F99190
F9A140
F9B150
F9C1A0
F9D240
F9E320
F9F460
FA05D0
FA1790
FA2970
FA3B80
FA4DD0
FA6040
FA72F0
FA85D0
FA98E0
FAAC30
FABFA0
FAD350
FAE720
FAFB30
FB0F70
FB23E0
FB3890
FB4D40
FB6220
FB7710
FB8C10
FBA130
FBB660
FBCBB0
FBE110
FBF690
FC0C20
FC21D0
FC3790
FC4D70
FC6360
FC7960
FC8F90
FCA5B0
FCBBC0
FCD1E0
FCE7F0
FCFE00
FD1410
FD2A20
FD4020
FD5620
FD6C20
FD8220
FD9820
FDAE10
FDC400
FDD9F0
FDEFE0
FE05B0
FE1B60
FE30F0
FE4670
FE5BD0
FE7110
FE8630
FE9B40
FEB020
FEC4F0
FED9B0
FEEE40
FF02C0
FF1720
FF2B60
FF3F80
FF5370
FF6740
FF7AD0
FF8E30
FFA160
FFB460
FFC730
FFD9C0
FFEC30
FFFE60
001070
002240
0033F0
004560
0056A0
0067B0
007880
008910
009960
00A970
00B930
00C8C0
00D810
00E710
00F5E0
010460
0112B0
0120B0
012E70
013BF0
014930
015640
0162F0
016F60
017B80
018750
0192E0
019E20
01A910
01B3C0
01BE20
01C840
01D200
01DB80
01E4C0
01EDB0
01F650
01FEA0
0206B0
020E60
0215D0
021CF0
0223C0
022A40
023070
023650
023BE0
024130
024620
024AD0
024F20
025330
0256F0
025A60
025D80
026060
0262E0
026520
026710
0268C0
026A10
026B20
026BE0
026C50
026C80
026C60
026BF0
026B30
026A30
0268D0
026740
026560
026340
0260D0
025E20
025B30
0257F0
025470
0250A0
024CA0
024850
0243B0
023ED0
0239B0
023450
022EA0
0228C0
022290
021C40
0215A0
020ED0
0207C0
020080
01F8F0
01F140
01E940
01E110
01D8A0
01CFF0
01C710
01BDF0
01B4A0
01AB10
01A160
019780
018D70
018320
0178C0
016E20
016350
015850
014D30
0141D0
013650
012AA0
011EC0
0112B0
010670
00FA10
00ED90
00E100
00D440
00C760
00BA60
00AD50
00A010
0092C0
008540
0077B0
0069F0
005C20
004E20
004010
0031D0
002390
001530
0006D0
FFF850
FFE9C0
FFDB30
FFCC80
FFBDC0
FFAEF0
FFA010
FF9120
FF8210
FF7300
FF63E0
FF54A0
FF4560
FF3610
FF26C0
FF1770
FF0820
FEF8D0
FEE970
FEDA20
FECAC0
FEBB60
FEAC00
FE9C90
FE8D30
FE7DC0
FE6E50
FE5EE0
FE4F70
FE4000
FE30A0
FE2150
FE1210
FE02D0
FDF3A0
FDE470
FDD550
FDC640
FDB730
FDA830
FD9940
FD8A50
FD7B70
FD6CA0
FD5DD0
FD4F20
FD4080
FD3200
FD2380
FD1530
FD06F0
FCF8C0
FCEAA0
FCDCA0
FCCEC0
FCC0E0
FCB330
FCA580
FC97F0
FC8A80
FC7D10
FC6FD0
FC62B0
FC55B0
FC48E0
FC3C20
FC2F80
FC2310
FC16B0
FC0A80
FBFE70
FBF280
FBE6B0
FBDB00
FBCF70
FBC400
FBB8C0
FBADA0
FBA2A0
FB97E0
FB8D40
FB82D0
FB7880
FB6E60
FB6470
FB5AA0
FB5110
FB4790
FB3E50
FB3530
FB2C40
FB2370
FB1AE0
FB1270
FB0A40
FB0230
FAFA60
FAF2C0
FAEB60
FAE420
FADD20
FAD650
FACFB0
FAC940
FAC310
FABD00
FAB730
FAB190
FAAC30
FAA6F0
FAA200
FA9D40
FA98B0
FA9470
FA9050
FA8C80
FA88D0
FA8570
FA8240
FA7F50
FA7C90
FA7A00
FA77C0
FA75B0
FA73D0
FA7240
FA70E0
FA6FC0
FA6EE0
FA6E50
FA6DF0
FA6DC0
FA6DE0
FA6E40
FA6EE0
FA6FB0
FA70D0
FA7220
FA73C0
FA7590
FA77A0
FA79F0
FA7C90
FA7F60
FA8270
FA85D0
FA8960
FA8D40
FA9160
FA95B0
FA9A50
FA9F30
FAA450
FAA9B0
FAAF40
FAB520
FABB50
FAC1B0
FAC850
FACF30
FAD660
FADDD0
FAE570
FAED60
FAF590
FAFE00
FB06B0
FB0FB0
FB18E0
FB2260
FB2C10
FB3610
FB4050
FB4AD0
FB5580
FB6080
FB6BC0
FB7730
FB82E0
FB8EE0
FB9B10
FBA780
FBB430
FBC120
FBCE50
FBDBB0
FBE960
FBF750
FC0570
FC13D0
FC2270
FC3140
FC4050
FC4FA0
FC5F20
FC6ED0
FC7EC0
FC8EF0
FC9F60
FCB000
FCC0D0
FCD1E0
FCE330
FCF4C0
FD0670
FD1860
FD2A80
FD3CD0
FD4F50
FD6200
FD74E0
FD87F0
FD9B20
FDAE90
FDC230
FDD600
FDE9F0
FDFE20
FE1280
FE2710
FE3BC0
FE50A0
FE65B0
FE7AD0
FE9020
FEA590
FEBB20
FED0E0
FEE6C0
FEFCC0
FF12E0
FF2930
FF3FA0
FF5630
FF6CE0
FF83C0
FF9AC0
FFB1D0
FFC900
FFE040
FFF790
000EF0
002670
003E00
0055A0
006D60
008520
009D10
00B500
00CD10
00E530
00FD60
0115A0
012DF0
014640
015E90
0176E0
018F40
01A7A0
01C000
01D860
01F0C0
020930
022190
023A00
025280
026AF0
028370
029BE0
02B450
02CCB0
02E500
02FD40
031580
032DA0
0345B0
035DC0
0375B0
038DA0
03A580
03BD50
03D500
03ECB0
040450
041BF0
043360
044AB0
0461E0
0478F0
048FE0
04A6B0
04BD60
04D3E0
04EA50
0500A0
0516D0
052CE0
0542C0
055890
056E40
0583C0
059920
05AE40
05C340
05D810
05ECA0
060100
061540
062940
063D20
0650C0
066430
067770
068A90
069D70
06B020
06C2A0
06D4E0
06E6F0
06F8B0
070A40
071B80
072C90
073D60
074DF0
075E40
076E60
077E30
078DC0
079D20
07AC40
07BB20
07C9B0
07D810
07E620
07F3F0
080170
080EB0
081BB0
082860
0834D0
0840F0
084CD0
085860
0863C0
086EC0
087990
088410
088E40
089830
08A1D0
08AB30
08B440
08BD00
08C570
08CDA0
08D580
08DD20
08E470
08EB70
08F220
08F890
08FEB0
090480
090A10
090F50
091450
091900
091D60
092180
092550
0928E0
092C30
092F20
0931E0
093440
093660
093840
0939D0
093B20
093C10
093CD0
093D50
093D80
093D70
093D20
093C90
093BC0
093AA0
093940
0937A0
0935C0
0933A0
093130
092E80
092BA0
092860
092500
092160
091D80
091970
091530
0910B0
090C00
090710
0901E0
08FC90
08F6F0
08F130
08EB30
08E4F0
08DE80
08D7D0
08D100
08CA00
08C2E0
08BB80
08B410
08AC60
08A490
089C90
089460
088C10
088390
087AF0
087220
086920
086000
0856A0
084D40
0843B0
083A10
083060
082680
081C90
081290
080870
07FE30
07F3E0
07E970
07DEE0
07D440
07C980
07BEA0
07B3B0
07A8B0
079DA0
079290
078770
077C40
077100
0765C0
075A60
074F00
0743A0
073820
072CA0
072110
071580
0709D0
06FE20
06F270
06E6C0
06DB10
06CF60
06C3C0
06B810
06AC70
06A0D0
069520
068980
067DF0
067250
0666B0
065B20
064F80
0643F0
063860
062CE0
062170
061600
060AA0
05FF50
05F400
05E8C0
05DD90
05D260
05C740
05BC30
05B130
05A630
059B30
059050
058570
057AB0
056FF0
056550
055AB0
055030
0545B0
053B50
053100
0526C0
051C80
051260
050850
04FE50
04F460
04EA80
04E0B0
04D6F0
04CD40
04C3A0
04BA10
04B090
04A720
049DD0
049480
048B40
048210
0478F0
046FE0
0466F0
045E00
045520
044C50
044390
043AE0
043230
042990
042100
041880
041000
040790
03FF30
03F6E0
03EE90
03E660
03DE30
03D610
03CDF0
03C5E0
03BDD0
03B5D0
03ADC0
03A5C0
039DC0
0395D0
038DD0
0385E0
037DF0
037610
036E20
036640
035E60
035690
034EB0
0346E0
033EF0
033710
032F20
032720
031F30
031720
030F20
030710
02FEF0
02F6D0
02EEB0
02E680
02DE50
02D620
02CDE0
02C590
02BD30
02B4C0
02AC30
02A3A0
029AF0
029240
028970
028090
0277A0
026EA0
026580
025C60
025330
0249E0
024080
023710
022D70
0223D0
021A00
021020
020620
01FC00
01F1C0
01E770
01DD00
01D270
01C7D0
01BD10
01B230
01A740
019C20
0190F0
0185A0
017A20
016E80
0162C0
0156F0
014AF0
013EC0
013280
012620
011990
010CF0
010020
00F330
00E630
00D900
00CBA0
00BE30
00B090
00A2D0
0094F0
0086E0
0078B0
006A60
005BF0
004D50
003E90
002FB0
0020B0
001180
000240
FFF2C0
FFE330
FFD380
FFC3B0
FFB3C0
FFA3B0
FF9380
FF8330
FF72D0
FF6240
FF5190
FF40C0
FF2FD0
FF1ED0
FF0DA0
FEFC50
FEEAF0
FED970
FEC7D0
FEB630
FEA460
FE9290
FE80A0
FE6EA0
FE5C80
FE4A50
FE3810
FE25B0
FE1340
FE00B0
FDEE10
FDDB60
FDC890
FDB5C0
FDA2F0
FD9010
FD7D30
FD6A50
FD5760
FD4470
FD3180
FD1E90
FD0B90
FCF880
FCE580
FCD270
FCBF60
FCAC40
FC9930
FC8620
FC7320
FC6020
FC4D40
FC3A70
FC27A0
FC14E0
FC0230
FBEF90
FBDD00
FBCA80
FBB800
FBA5A0
FB9340
FB80F0
FB6EC0
FB5CA0
FB4AB0
FB38E0
FB2730
FB15B0
FB0450
FAF310
FAE200
FAD110
FAC040
FAAFA0
FA9F20
FA8EC0
FA7E90
FA6E80
FA5E90
FA4EE0
FA3F70
FA3030
FA2130
FA1270
FA03F0
F9F5A0
F9E790
F9D9B0
F9CC10
F9BEB0
F9B190
F9A4A0
F997F0
F98B80
F97F40
F97360
F967C0
F95C70
F95180
F946D0
F93C80
F93280
F928C0
F91F60
F91640
F90D80
F90510
F8FCF0
F8F510
F8ED90
F8E660
F8DF90
F8D910
F8D300
F8CD40
F8C7F0
F8C2F0
F8BE60
F8BA20
F8B640
F8B2C0
F8AFA0
F8ACE0
F8AA80
F8A880
F8A6E0
F8A5A0
F8A4C0
F8A450
F8A440
F8A4A0
F8A560
F8A690
F8A820
F8AA20
F8AC80
F8AF50
F8B280
F8B620
F8BA20
F8BE90
F8C370
F8C8A0
F8CE50
F8D460
F8DAD0
F8E1B0
F8E8F0
F8F0A0
F8F8B0
F90130
F90A10
F91360
F91D10
F92730
F931B0
F93C90
F947F0
F953A0
F95FC0
F96C40
F97910
F98650
F993F0
F9A1F0
F9B040
F9BF00
F9CE20
F9DD90
F9ED70
F9FDB0
FA0E50
FA1F40
FA30A0
FA4260
FA5470
FA66C0
FA7970
FA8C60
FA9FA0
FAB340
FAC720
FADB50
FAEFD0
FB04A0
FB19B0
FB2F20
FB44E0
FB5AE0
FB7140
FB87E0
FB9EC0
FBB5D0
FBCD20
FBE4A0
FBFC60
FC1450
FC2C80
FC44E0
FC5D70
FC7650
FC8F50
FCA890
FCC200
FCDBB0
FCF5A0
FD0FB0
FD29F0
FD4440
FD5EB0
FD7930
FD93D0
FDAE90
FDC960
FDE450
FDFF60
FE1A80
FE35C0
FE5120
FE6C90
FE8820
FEA3C0
FEBF90
FEDB40
FEF700
FF12B0
FF2E60
FF4A10
FF65C0
FF8160
FF9D00
FFB890
FFD420
FFEFB0
000B40
0026C0
004240
005DC0
007940
009490
00AFC0
00CAD0
00E5C0
010080
011B30
0135B0
015010
016A50
018470
019E60
01B830
01D1F0
01EB70
0204E0
021E30
023730
025000
026890
0280E0
0298F0
02B0D0
02C860
02DFC0
02F6D0
030DB0
032450
033AB0
0350D0
0366C0
037C60
0391D0
03A6E0
03BBA0
03D010
03E430
03F800
040B70
041E90
043170
0443E0
045610
0467F0
047970
048AA0
049B80
04AC10
04BC40
04CC20
04DB90
04EAB0
04F960
0507C0
0515B0
052340
053080
053D50
0549C0
0555D0
056190
056CE0
0577D0
058260
058C90
059660
059FC0
05A8C0
05B160
05B9A0
05C170
05C8E0
05CFF0
05D690
05DCE0
05E2B0
05E830
05ED40
05F1F0
05F640
05FA20
05FDA0
0600D0
060390
0605F0
0607F0
060990
060AD0
060BB0
060C20
060C40
060C00
060B50
060A50
0608E0
060710
0604F0
060270
05FF90
05FC70
05F8F0
05F520
05F0F0
05EC70
05E7A0
05E280
05DD00
05D730
05D110
05CAA0
05C3D0
05BCB0
05B530
05AD80
05A580
059D40
0594B0
058BF0
0582E0
057990
057000
056620
055C10
0551B0
054710
053C20
0530F0
052590
0519D0
050DF0
0501F0
04F5B0
04E950
04DCC0
04D000
04C310
04B5F0
04A8B0
049B30
048D90
047FC0
0471D0
0463A0
045550
0446C0
043830
042980
041AB0
040BD0
03FCE0
03EDD0
03DEB0
03CF70
03C020
03B0B0
03A130
0391A0
0381F0
037220
036250
035250
034260
033270
032270
031280
030280
02F280
02E280
02D290
02C290
02B290
02A280
029280
028280
027280
026270
025270
024270
023290
0222B0
0212E0
020330
01F380
01E3E0
01D450
01C4D0
01B560
01A600
0196B0
018770
017840
016920
015A00
014B10
013C30
012D70
011ED0
011050
0101E0
00F390
00E560
00D740
00C950
00BB70
00ADB0
00A000
009280
008510
0077C0
006A90
005D80
005090
0043D0
003720
002AA0
001E30
0011F0
0005D0
FFF9D0
FFEDF0
FFE230
FFD690
FFCB20
FFBFC0
FFB490
FFA970
FF9E80
FF93B0
FF8900
FF7E70
FF7400
FF69B0
FF5F90
FF5580
FF4BA0
FF41D0
FF3830
FF2EB0
FF2550
FF1C10
FF12F0
FF09F0
FF0100
FEF840
FEEF90
FEE6F0
FEDE80
FED620
FECDE0
FEC5B0
FEBDA0
FEB5B0
FEADE0
FEA620
FE9E80
FE9700
FE8FA0
FE8840
FE8100
FE79D0
FE72B0
FE6BA0
FE64A0
FE5DB0
FE56E0
FE5010
FE4960
FE42B0
FE3C20
FE35A0
FE2F30
FE28D0
FE2280
FE1C40
FE1600
FE0FC0
FE0990
FE0360
FDFD40
FDF710
FDF100
FDEAF0
FDE4E0
FDDED0
FDD8D0
FDD2D0
FDCCE0
FDC6F0
FDC110
FDBB20
FDB530
FDAF30
FDA930
FDA330
FD9D30
FD9720
FD9110
FD8AF0
FD84D0
FD7EB0
FD7890
FD7260
FD6C20
FD65F0
FD5FB0
FD5960
FD5310
FD4CA0
FD4630
FD3FA0
FD3910
FD3270
FD2BC0
FD2500
FD1E40
FD1760
FD1080
FD0980
FD0280
FCFB70
FCF450
FCED20
FCE5D0
FCDE80
FCD710
FCCF80
FCC7F0
FCC040
FCB880
FCB0B0
FCA8D0
FCA0D0
FC98C0
FC90A0
FC8870
FC8020
FC77C0
FC6F50
FC66D0
FC5E30
FC5580
FC4CC0
FC43F0
FC3B10
FC3210
FC2910
FC1FE0
FC16B0
FC0D70
FC0410
FBFAA0
FBF120
FBE790
FBDDF0
FBD430
FBCA70
FBC0A0
FBB6D0
FBACE0
FBA2E0
FB98D0
FB8EC0
FB8490
FB7A60
FB7020
FB65D0
FB5B60
FB50F0
FB4680
FB3BF0
FB3170
FB26E0
FB1C60
FB11D0
FB0730
FAFCA0
FAF200
FAE760
FADCC0
FAD220
FAC770
FABCC0
FAB210
FAA760
FA9CA0
FA91F0
FA8750
FA7CB0
FA7220
FA67A0
FA5D20
FA52B0
FA4840
FA3DE0
FA3390
FA2940
FA1F00
FA14C0
FA0A90
FA0070
F9F650
F9EC50
F9E270
F9D8A0
F9CEF0
F9C550
F9BBE0
F9B280
F9A930
F9A000
F996F0
F98E00
F98520
F97C60
F973C0
F96B30
F962C0
F95A80
F95260
F94A70
F942A0
F93B00
F93390
F92C40
F92530
F91E30
F91770
F910D0
F90A50
F90400
F8FDE0
F8F7F0
F8F220
F8EC90
F8E730
F8E210
F8DD30
F8D880
F8D410
F8CFD0
F8CBD0
F8C800
F8C470
F8C120
F8BE00
F8BB20
F8B870
F8B600
F8B3D0
F8B1E0
F8B030
F8AEC0
F8AD90
F8ACB0
F8AC10
F8ABB0
F8AB90
F8ABB0
F8AC20
F8ACD0
F8ADC0
F8AEF0
F8B060
F8B220
F8B420
F8B660
F8B8F0
F8BBD0
F8BEF0
F8C260
F8C610
F8CA00
F8CE50
F8D2D0
F8D7B0
F8DCD0
F8E230
F8E7E0
F8EDE0
F8F420
F8FAA0
F90170
F90890
F90FF0
F91790
F91F80
F927C0
F93040
F93900
F94210
F94B60
F95500
F95EE0
F96910
F97380
F97E40
F98940
F99480
F9A000
F9ABD0
F9B7D0
F9C410
F9D090
F9DD60
F9EA60
F9F7B0
FA0530
FA12F0
FA2100
FA2F50
FA3DD0
FA4CA0
FA5BA0
FA6AE0
FA7A50
FA89F0
FA99D0
FAA9E0
FABA10
FACA90
FADB30
FAEC00
FAFD10
FB0E50
FB1FC0
FB3170
FB4340
FB5550
FB6790
FB79F0
FB8C70
FB9F20
FBB1F0
FBC4D0
FBD7E0
FBEB10
FBFE70
FC11E0
FC2580
FC3940
FC4D10
FC6120
FC7540
FC8980
FC9DF0
FCB260
FCC6F0
FCDB80
FCF020
FD04D0
FD1980
FD2E50
FD4330
FD5810
FD6D00
FD8200
FD9710
FDAC30
FDC160
FDD6A0
FDEBE0
FE0120
FE1660
FE2B90
FE40C0
FE55E0
FE6B00
FE8010
FE9520
FEAA30
FEBF30
FED430
FEE920
FEFE10
FF12F0
FF27D0
FF3CB0
FF5170
FF6610
FF7A90
FF8F00
FFA350
FFB790
FFCBB0
FFDFB0
FFF390
000760
001B10
002EB0
004230
005590
0068E0
007C00
008F10
00A1E0
00B490
00C710
00D960
00EB80
00FD80
010F50
0120F0
013260
0143B0
0154D0
0165C0
017690
018730
0197A0
01A7D0
01B7D0
01C790
01D720
01E680
01F590
020480
021330
0221A0
022FD0
023DE0
024BA0
025940
026690
0273B0
0280A0
028D40
0299B0
02A5D0
02B1B0
02BD60
02C8C0
02D3E0
02DEC0
02E960
02F3C0
02FDE0
0307C0
031160
031AC0
0323E0
032CB0
033550
033DA0
0345B0
034D80
035510
035C60
036360
036A30
0370B0
0376F0
037CE0
0382A0
038810
038D50
039240
0396E0
039B50
039F80
03A370
03A710
03AA80
03ADB0
03B090
03B330
03B5A0
03B7C0
03B9A0
03BB50
03BCB0
03BDD0
03BEB0
03BF50
03BFB0
03BFE0
03BFD0
03BF90
03BF10
03BE50
03BD60
03BC30
03BAD0
03B930
03B750
03B540
03B2F0
03B070
03ADB0
03AAB0
03A790
03A430
03A0A0
039CF0
039900
0394F0
0390A0
038C20
038780
0382A0
037DA0
037860
0372F0
036D60
036790
0361A0
035B80
035540
034EE0
034850
0341B0
033AE0
0333F0
032CE0
0325B0
031E50
0316D0
030F30
030770
02FF90
02F780
02EF50
02E710
02DEB0
02D640
02CDC0
02C520
02BC70
02B3A0
02AAC0
02A1C0
0298B0
028F90
028650
027D00
027390
026A10
026080
0256E0
024D30
024380
0239C0
023000
022630
021C60
021280
020890
01FEA0
01F4B0
01EAA0
01E0A0
01D680
01CC60
01C240
01B810
01ADF0
01A3D0
0199C0
018FA0
018590
017B70
017160
016750
015D50
015340
014940
013F40
013540
012B40
012140
011750
010D80
0103A0
00F9E0
00F030
00E680
00DCF0
00D360
00C9E0
00C070
00B710
00ADB0
00A470
009B30
009200
0088F0
007FE0
0076F0
006E10
006550
005CA0
005400
004B80
004310
003AB0
003270
002A40
002230
001A30
001240
000A70
0002B0
FFFB10
FFF390
FFEC20
FFE4E0
FFDDB0
FFD6A0
FFCFA0
FFC8D0
FFC210
FFBB70
FFB4F0
FFAE90
FFA840
FFA210
FF9C10
FF9610
FF9040
FF8A90
FF8500
FF7FA0
FF7A50
FF7520
FF7010
FF6B30
FF6660
FF61B0
FF5D30
FF58D0
FF5480
FF5060
FF4C60
FF4870
FF44B0
FF4120
FF3DA0
FF3A50
FF3720
FF3410
FF3120
FF2E50
FF2BB0
FF2930
FF26D0
FF24A0
FF2280
FF2090
FF1EC0
FF1D10
FF1B90
FF1A20
FF18E0
FF17C0
FF16C0
FF15F0
FF1540
FF14B0
FF1440
FF1400
FF13D0
FF13D0
FF1400
FF1440
FF14B0
FF1530
FF15E0
FF16C0
FF17B0
FF18C0
FF19F0
FF1B50
FF1CD0
FF1E60
FF2020
FF2200
FF2400
FF2620
FF2860
FF2AD0
FF2D50
FF3000
FF32C0
FF35A0
FF38B0
FF3BD0
FF3F00
FF4260
FF45E0
FF4970
FF4D20
FF50F0
FF54E0
FF58F0
FF5D20
FF6160
FF65C0
FF6A50
FF6EE0
FF7390
FF7860
FF7D40
FF8240
FF8740
FF8C70
FF91B0
FF9700
FF9C70
FFA1F0
FFA790
FFAD40
FFB310
FFB8F0
FFBEF0
FFC4F0
FFCB10
FFD130
FFD770
FFDDB0
FFE400
FFEA70
FFF0E0
FFF760
FFFDF0
000490
000B40
001200
0018C0
001FA0
002690
002D80
003470
003B70
004260
004970
005070
005780
005E80
0065A0
006CB0
0073D0
007AF0
008210
008940
009070
0097A0
009ED0
00A5F0
00AD10
00B420
00BB20
00C230
00C920
00D010
00D700
00DDE0
00E4C0
00EB90
00F260
00F920
00FFD0
010690
010D20
0113B0
011A20
012080
0126C0
012D00
013310
013920
013F10
0144F0
014AC0
015070
015610
015B90
016110
016660
016BA0
0170C0
0175B0
017A80
017F30
0183C0
018830
018C70
019090
0194A0
019870
019C30
019FD0
01A340
01A690
01A9C0
01ACC0
01AF90
01B230
01B4A0
01B6E0
01B8F0
01BAE0
01BC90
01BE10
01BF60
01C090
01C180
01C250
01C2E0
01C350
01C380
01C380
01C350
01C2D0
01C230
01C140
01C020
01BED0
01BD30
01BB70
01B960
01B720
01B4B0
01B200
01AF10
01ABE0
01A890
01A4F0
01A110
019CF0
019890
0193F0
018F10
0189F0
0184A0
017F00
017920
017300
016CB0
016610
015F30
015810
0150C0
014920
014140
013920
0130C0
012820
011F40
011620
010CC0
010320
00F940
00EF10
00E4B0
00DA00
00CF20
00C3F0
00B890
00ACE0
00A100
0094E0
008890
007BF0
006F20
006210
0054C0
004740
003980
002B80
001D40
000EC0
000010
FFF120
FFE1F0
FFD290
FFC300
FFB340
FFA350
FF9330
FF82E0
FF7260
FF61B0
FF50C0
FF3FB0
FF2E70
FF1CF0
FF0B50
FEF970
FEE760
FED530
FEC2D0
FEB050
FE9DC0
FE8B00
FE7830
FE6530
FE5220
FE3EE0
FE2B90
FE1810
FE0480
FDF0D0
FDDCF0
FDC900
FDB4F0
FDA0B0
FD8C80
FD7830
FD63E0
FD4F90
FD3B30
FD26C0
FD1250
FCFDE0
FCE960
FCD4D0
FCC040
FCABA0
FC96F0
FC8240
FC6D90
FC58D0
FC4420
FC2F80
FC1AF0
FC0680
FBF210
FBDDB0
FBC970
FBB530
FBA110
FB8CF0
FB78F0
FB6500
FB5120
FB3D50
FB2980
FB15D0
FB0250
FAEF00
FADBE0
FAC8E0
FAB610
FAA370
FA9100
FA7EC0
FA6CA0
FA5AB0
FA4900
FA3770
FA2610
FA14D0
FA03D0
F9F2F0
F9E260
F9D210
F9C210
F9B250
F9A2E0
F993B0
F984C0
F97620
F967C0
F959B0
F94BE0
F93E60
F93120
F92420
F91770
F90B10
F8FF00
F8F350
F8E800
F8DD10
F8D280
F8C850
F8BE80
F8B510
F8ABF0
F8A340
F89AE0
F892F0
F88B50
F88410
F87D30
F876C0
F870A0
F86B00
F865D0
F86110
F85CB0
F858D0
F85550
F85250
F84FB0
F84D80
F84BC0
F84A70
F84990
F84920
F84910
F84980
F84A60
F84BB0
F84D80
F84FD0
F85290
F855C0
F85970
F85D90
F86230
F86740
F86CD0
F872D0
F87950
F88040
F887A0
F88F90
F897E0
F8A0B0
F8A9F0
F8B3A0
F8BDD0
F8C880
F8D390
F8DF20
F8EB30
F8F7A0
F90490
F91200
F91FE0
F92E30
F93D00
F94C30
F95BE0
F96C00
F97C80
F98D60
F99EC0
F9B080
F9C2B0
F9D550
F9E850
F9FBD0
FA0FA0
FA23F0
FA38A0
FA4DC0
FA6350
FA7950
FA8FA0
FAA640
FABD40
FAD4A0
FAEC40
FB0450
FB1CB0
FB3560
FB4E70
FB67D0
FB8190
FB9BA0
FBB610
FBD0D0
FBEBE0
FC0760
FC2310
FC3EF0
FC5B20
FC7780
FC9420
FCB110
FCCE20
FCEB80
FD0920
FD26F0
FD4500
FD6350
FD81E0
FDA0A0
FDBFB0
FDDEF0
FDFE50
FE1DD0
FE3D70
FE5D20
FE7CF0
FE9CE0
FEBCF0
FEDD20
FEFD60
FF1DC0
FF3E40
FF5EE0
FF7F90
FFA060
FFC160
FFE260
000370
002470
004570
006670
008760
00A850
00C940
00EA20
010B10
012BE0
014CC0
016D90
018E60
01AF30
01CFF0
01F0B0
021150
0231C0
025210
027240
029240
02B220
02D1E0
02F170
0310E0
033030
034F50
036E50
038D30
03ABE0
03CA70
03E8E0
040700
0424F0
0442A0
046000
047D20
049A10
04B6B0
04D310
04EF30
050B10
0526C0
054220
055D30
057810
0592B0
05AD10
05C710
05E0C0
05FA20
061320
062BD0
064420
065C20
0673D0
068B20
06A220
06B8D0
06CF20
06E510
06FAC0
071010
072500
0739A0
074DD0
0761A0
077510
078810
079AC0
07AD00
07BEE0
07D060
07E180
07F240
080290
081280
082210
083140
084010
084E70
085C70
086A10
087740
088410
089080
089C90
08A830
08B360
08BE40
08C8B0
08D2C0
08DC60
08E5A0
08EE80
08F700
08FF10
0906D0
090E20
091520
091BB0
0921F0
0927D0
092D40
093260
093720
093B70
093F70
094310
094640
094920
094BA0
094DD0
094FA0
095130
095260
095350
0953E0
095430
095420
0953C0
095320
095220
0950D0
094F30
094D40
094B00
094870
0945A0
094290
093F40
093BC0
0937F0
0933F0
092FA0
092B20
092660
092160
091C20
0916A0
0910E0
090AE0
0904B0
08FE30
08F790
08F0D0
08E9E0
08E2D0
08DB90
08D430
08CCA0
08C4F0
08BD20
08B520
08ACF0
08A4B0
089C30
089390
088AD0
0881F0
0878F0
086FE0
0866C0
085D90
085440
084AF0
084180
083800
082E70
0824D0
081B20
081150
080770
07FD90
07F390
07E970
07DF60
07D560
07CB50
07C140
07B740
07AD30
07A330
079930
078F30
078530
077B40
077140
076750
075D50
075360
074970
073F90
0735C0
072BF0
072240
071890
070F00
070570
06FBF0
06F280
06E920
06DFD0
06D690
06CD60
06C440
06BB20
06B220
06A930
06A050
069790
068EE0
068640
067DC0
067560
066D00
0664C0
065CA0
065490
064C90
0644B0
063CE0
063530
062D80
062600
061E80
061720
060FD0
0608A0
060170
05FA70
05F370
05EC90
05E5C0
05DF00
05D850
05D1C0
05CB50
05C4E0
05BE90
05B850
05B210
05ABF0
05A5D0
059FD0
0599D0
0593E0
058E00
058830
058270
057CC0
057710
057180
056BF0
056680
056110
055BB0
055640
0550D0
054B70
054610
0540A0
053B40
0535E0
053080
052B20
0525C0
052060
051B00
0515A0
051040
050AF0
050580
050010
04FA80
04F4F0
04EF50
04E9A0
04E3E0
04DE10
04D840
04D250
04CC60
04C650
04C040
04BA20
04B3F0
04ADB0
04A750
04A0D0
049A40
049380
048CA0
0485A0
047E90
047750
047000
046880
0460F0
045930
045160
044960
044150
043910
0430B0
042820
041F60
041670
040D60
040410
03FAA0
03F100
03E720
03DD30
03D300
03C8A0
03BE20
03B360
03A880
039D70
039220
0386A0
037AF0
036F00
0362E0
035680
0349E0
033D10
033010
0322D0
031560
0307B0
02F9D0
02EBB0
02DD60
02CED0
02C010
02B110
02A1D0
029260
0282B0
0272C0
026290
025230
024190
0230C0
021FB0
020E60
01FCD0
01EB10
01D910
01C6E0
01B470
01A1D0
018EF0
017BE0
0168A0
015520
014170
012D80
011970
010520
00F090
00DBD0
00C6E0
00B1C0
009C60
0086C0
007100
005B20
004510
002ED0
001870
0001E0
FFEB20
FFD430
FFBD20
FFA5F0
FF8E90
FF7700
FF5F40
FF4760
FF2F50
FF1720
FEFED0
FEE670
FECDF0
FEB560
FE9CC0
FE8400
FE6B30
FE5250
FE3950
FE2040
FE0710
FDEDE0
FDD480
FDBB20
FDA1A0
FD8800
FD6E70
FD54E0
FD3B50
FD21C0
FD0840
FCEEB0
FCD530
FCBBB0
FCA230
FC88B0
FC6F30
FC55B0
FC3C40
FC22D0
FC0950
FBEFE0
FBD690
FBBD60
FBA450
FB8B60
FB7290
FB59E0
FB4150
FB28E0
FB1090
FAF860
FAE050
FAC860
FAB090
FA98E0
FA8150
FA69E0
FA52B0
FA3BB0
FA24F0
FA0E70
F9F820
F9E210
F9CC40
F9B6A0
F9A150
F98C20
F97740
F96290
F94E20
F939F0
F925F0
F91230
F8FEC0
F8EBB0
F8D8F0
F8C690
F8B480
F8A2C0
F89160
F88050
F86F90
F85F30
F84F20
F83F70
F83000
F82100
F81240
F803F0
F7F5F0
F7E860
F7DB40
F7CE90
F7C240
F7B660
F7AAE0
F79FD0
F79520
F78AE0
F78110
F777A0
F76EA0
F76610
F75DE0
F75610
F74ED0
F747F0
F74190
F73BB0
F73640
F73150
F72CD0
F728D0
F72540
F72230
F71F90
F71D70
F71BC0
F71A90
F719E0
F71990
F719D0
F71A80
F71BB0
F71D60
F71F90
F72230
F72550
F728E0
F72D00
F73190
F736A0
F73C30
F74230
F748B0
F74FB0
F75730
F75F20
F76780
F77070
F779C0
F78390
F78DD0
F79890
F7A3D0
F7AF80
F7BBA0
F7C840
F7D550
F7E2E0
F7F0E0
F7FF60
F80E50
F81DB0
F82D70
F83DA0
F84E40
F85F40
F870A0
F88270
F894B0
F8A760
F8BA70
F8CDE0
F8E1C0
F8F610
F90AC0
F91FE0
F93560
F94B40
F96170
F977F0
F98EC0
F9A5F0
F9BD70
F9D540
F9ED70
FA05E0
FA1EB0
FA37E0
FA5150
FA6B20
FA8540
FA9FB0
FABA80
FAD580
FAF0B0
FB0C30
FB27D0
FB43B0
FB5FD0
FB7C20
FB98B0
FBB570
FBD270
FBEFA0
FC0D10
FC2AB0
FC4890
FC66B0
FC84F0
FCA360
FCC1E0
FCE080
FCFF30
FD1E00
FD3CE0
FD5BE0
FD7B00
FD9A30
FDB980
FDD8F0
FDF870
FE1810
FE37C0
FE5790
FE7770
FE9750
FEB730
FED700
FEF6D0
FF16A0
FF3660
FF5620
FF75D0
FF9580
FFB520
FFD4C0
FFF460
0013F0
003380
005310
007290
0091F0
00B120
00D040
00EF30
010DF0
012C90
014B10
016970
0187A0
01A5C0
01C3A0
01E170
01FF10
021C90
0239E0
025720
027410
0290C0
02AD40
02C970
02E570
030120
031CA0
0337D0
0352D0
036D90
038800
03A240
03BC40
03D600
03EF80
0408C0
0421B0
043A40
045280
046A70
048210
049950
04B040
04C6E0
04DD20
04F310
0508B0
051E00
0532F0
054790
055BE0
056FD0
058370
0596A0
05A970
05BBE0
05CDE0
05DF90
05F0E0
0601C0
061240
062260
063220
064180
065080
065F10
066D50
067B20
068890
069590
06A230
06AE50
06BA20
06C570
06D070
06DAF0
06E510
06EEC0
06F810
0700F0
070970
071180
071920
072060
072730
072DA0
0733A0
073940
073E70
074340
0747A0
074B90
074F20
075250
075510
075770
075960
075AE0
075C00
075CC0
075D10
075D00
075CA0
075BD0
075AA0
075910
075710
0754C0
075210
074EF0
074B80
0747A0
074360
073EC0
0739C0
073460
072EB0
0728A0
072240
071B90
071490
070D30
070580
06FD80
06F530
06EC80
06E380
06DA30
06D090
06C690
06BC50
06B1A0
06A6C0
069BA0
069030
068480
067890
066C50
065FD0
065320
064610
0638D0
062B40
061D70
060F60
060110
05F270
05E3A0
05D490
05C550
05B5E0
05A650
059680
058690
057660
056610
055590
0544D0
0533F0
0522E0
0511A0
050030
04EE90
04DCC0
04CAD0
04B8D0
04A6B0
049470
048220
046FB0
045D20
044A70
0437B0
0424D0
0411D0
03FEC0
03EB90
03D840
03C4D0
03B150
039DC0
038A30
0376A0
036300
034F60
033BB0
032800
031440
030080
02ECC0
02D8F0
02C520
02B150
029D70
028980
0275A0
0261C0
024DE0
023A10
022650
0212A0
01FEF0
01EB50
01D7B0
01C420
01B0A0
019D20
0189B0
017650
0162F0
014FA0
013C60
012930
011620
010320
00F050
00DD80
00CAE0
00B850
00A5D0
009380
008130
006F10
005D00
004B10
003930
002770
0015D0
000450
FFF2F0
FFE1B0
FFD0A0
FFBFB0
FFAEF0
FF9E40
FF8DC0
FF7D70
FF6D30
FF5D20
FF4D30
FF3D70
FF2DD0
FF1E50
FF0EF0
FEFFC0
FEF0C0
FEE1F0
FED340
FEC4C0
FEB670
FEA840
FE9A40
FE8C70
FE7EC0
FE7150
FE6400
FE56D0
FE49E0
FE3D10
FE3070
FE2400
FE17B0
FE0BA0
FDFFB0
FDF3F0
FDE860
FDDD00
FDD1C0
FDC6C0
FDBBE0
FDB130
FDA6B0
FD9C60
FD9230
FD8840
FD7E70
FD74D0
FD6B60
FD6220
FD5900
FD5010
FD4750
FD3EB0
FD3640
FD2E00
FD25F0
FD1E10
FD1650
FD0EC0
FD0750
FD0020
FCF910
FCF230
FCEB70
FCE4D0
FCDE60
FCD810
FCD1F0
FCCBF0
FCC620
FCC070
FCBAE0
FCB580
FCB050
FCAB30
FCA640
FCA180
FC9CE0
FC9860
FC9400
FC8FB0
FC8B90
FC8790
FC83A0
FC7FD0
FC7C30
FC78A0
FC7530
FC71E0
FC6EB0
FC6BA0
FC68B0
FC65D0
FC6320
FC6080
FC5DF0
FC5B80
FC5920
FC56D0
FC54A0
FC5280
FC5070
FC4E80
FC4CB0
FC4AE0
FC4930
FC47A0
FC4610
FC44A0
FC4350
FC4200
FC40C0
FC3F80
FC3E50
FC3D30
FC3C20
FC3B10
FC3A20
FC3920
FC3840
FC3760
FC3690
FC35C0
FC3510
FC3460
FC33B0
FC3310
FC3270
FC31D0
FC3140
FC30A0
FC3010
FC2F80
FC2EF0
FC2E60
FC2DE0
FC2D50
FC2CD0
FC2C50
FC2BD0
FC2B50
FC2AE0
FC2A60
FC29E0
FC2950
FC28C0
FC2830
FC27A0
FC2700
FC2660
FC25B0
FC2510
FC2460
FC23A0
FC22F0
FC2230
FC2160
FC20A0
FC1FD0
FC1EF0
FC1E10
FC1D20
FC1C30
FC1B30
FC1A20
FC1920
FC1800
FC16E0
FC15C0
FC1490
FC1350
FC1210
FC10D0
FC0F70
FC0E20
FC0CB0
FC0B40
FC09C0
FC0840
FC06B0
FC0510
FC0360
FC01B0
FBFFF0
FBFE30
FBFC60
FBFA80
FBF890
FBF6A0
FBF4A0
FBF2A0
FBF090
FBEE80
FBEC60
FBEA40
FBE810
FBE5E0
FBE3A0
FBE160
FBDF10
FBDCC0
FBDA60
FBD800
FBD5A0
FBD330
FBD0B0
FBCE40
FBCBC0
FBC940
FBC6C0
FBC440
FBC1B0
FBBF30
FBBCA0
FBBA10
FBB790
FBB4F0
FBB260
FBAFD0
FBAD30
FBAAA0
FBA800
FBA570
FBA2E0
FBA060
FB9DE0
FB9B60
FB98F0
FB9680
FB9420
FB91D0
FB8F70
FB8D30
FB8AE0
FB88A0
FB8670
FB8440
FB8210
FB8000
FB7DF0
FB7C00
FB7A20
FB7850
FB7680
FB74D0
FB7340
FB71B0
FB7030
FB6EC0
FB6D70
FB6C20
FB6AF0
FB69C0
FB68B0
FB67B0
FB66E0
FB6620
FB6580
FB6500
FB64A0
FB6450
FB6420
FB6420
FB6430
FB6460
FB64A0
FB6510
FB6590
FB6630
FB6700
FB67E0
FB68F0
FB6A20
FB6B80
FB6D10
FB6EC0
FB7090
FB7290
FB74B0
FB7700
FB7970
FB7C00
FB7EC0
FB81B0
FB84C0
FB87F0
FB8B60
FB8EF0
FB92C0
FB96B0
FB9AD0
FB9F30
FBA3B0
FBA870
FBAD50
FBB270
FBB7B0
FBBD30
FBC2D0
FBC8B0
FBCEB0
FBD4F0
FBDB60
FBE200
FBE8D0
FBEFE0
FBF720
FBFE90
FC0630
FC0E10
FC1620
FC1E70
FC26E0
FC2F90
FC3880
FC4190
FC4AE0
FC5460
FC5E10
FC6800
FC7220
FC7C80
FC8700
FC91C0
FC9CB0
FCA7E0
FCB340
FCBED0
FCCAA0
FCD690
FCE2C0
FCEF30
FCFBC0
FD0890
FD1590
FD22C0
FD3020
FD3DB0
FD4B70
FD5960
FD6770
FD75C0
FD8440
FD92E0
FDA1C0
FDB0C0
FDC000
FDCF60
FDDF00
FDEEC0
FDFEB0
FE0EC0
FE1EF0
FE2F40
FE3FC0
FE5060
FE6120
FE7210
FE8320
FE9450
FEA5A0
FEB720
FEC8C0
FEDA80
FEEC70
FEFE70
FF1090
FF22D0
FF3520
FF4780
FF59F0
FF6C80
FF7F20
FF91D0
FFA4A0
FFB770
FFCA70
FFDD70
FFF090
0003D0
001710
002A70
003DD0
005130
006490
007800
008B60
009ED0
00B230
00C5A0
00D910
00EC80
00FFF0
011360
0126E0
013A50
014DD0
016140
0174B0
018800
019B40
01AE70
01C190
01D490
01E780
01FA60
020D30
021FF0
023290
024520
0257A0
026A10
027C70
028EB0
02A0D0
02B2C0
02C490
02D630
02E7B0
02F900
030A20
031B20
032BF0
033CA0
034D20
035D80
036DB0
037DB0
038D90
039D40
03ACC0
03BC00
03CB00
03D9C0
03E850
03F6A0
0404B0
041280
042020
042D80
043AA0
044790
045430
0460A0
046CE0
0478D0
048480
048FE0
049B00
04A5D0
04B050
04BA80
04C470
04CE00
04D760
04E060
04E920
04F190
04F9C0
050190
050920
051070
051760
051E00
052440
052A40
052FE0
053530
053A30
053ED0
054320
054720
054AD0
054E30
055130
0553E0
055640
055850
055A00
055B60
055C70
055D20
055D80
055D80
055D30
055C90
055BA0
055A50
0558A0
0556A0
055450
0551B0
054EB0
054B60
0547C0
0543D0
053F80
053AF0
053610
0530E0
052B60
052590
051F60
0518F0
051230
050B20
0503C0
04FC10
04F410
04EBB0
04E320
04DA50
04D130
04C7D0
04BE30
04B450
04AA20
049FC0
049510
048A20
047EE0
047370
0467B0
045BC0
044F80
0442F0
043640
042960
041C50
040F10
0401A0
03F400
03E630
03D830
03CA00
03BBA0
03AD10
039E50
038F60
038040
0370F0
036170
0351E0
034230
033260
032290
031290
030280
02F260
02E220
02D1D0
02C160
02B0E0
02A040
028F90
027EC0
026DE0
025CE0
024BF0
023AF0
022A00
021900
020810
01F720
01E630
01D550
01C460
01B380
01A290
0191B0
0180D0
016FF0
015F10
014E30
013D70
012CD0
011C40
010BD0
00FB80
00EB50
00DB30
00CB30
00BB50
00AB80
009BD0
008C40
007CD0
006D70
005E30
004F10
004020
003160
0022D0
001470
000650
FFF850
FFEA90
FFDD00
FFCFA0
FFC270
FFB570
FFA8B0
FF9C10
FF8FB0
FF8380
FF7770
FF6BC0
FF6040
FF5510
FF4A20
FF3F70
FF3500
FF2AE0
FF2100
FF1760
FF0E00
FF04F0
FEFC20
FEF390
FEEB40
FEE340
FEDB80
FED410
FECCE0
FEC610
FEBF90
FEB950
FEB360
FEADD0
FEA880
FEA380
FE9ED0
FE9A70
FE9660
FE9290
FE8F20
FE8C00
FE8920
FE86A0
FE8470
FE8280
FE80F0
FE7FB0
FE7ED0
FE7E30
FE7DE0
FE7DF0
FE7E40
FE7EF0
FE7FF0
FE8140
FE82E0
FE84D0
FE8710
FE89A0
FE8C80
FE8FB0
FE9320
FE96F0
FE9B00
FE9F60
FEA410
FEA900
FEAE50
FEB3E0
FEB9C0
FEBFF0
FEC660
FECD30
FED440
FEDBA0
FEE330
FEEB10
FEF320
FEFB80
FF0420
FF0D00
FF1620
FF1F80
FF2930
FF3310
FF3D40
FF47A0
FF5250
FF5D40
FF6860
FF73C0
FF7F50
FF8B10
FF9700
FFA310
FFAF60
FFBBE0
FFC890
FFD560
FFE270
FFEFB0
FFFD10
000AB0
001870
002670
003490
0042D0
005130
005FB0
006E40
007CF0
008BC0
009AA0
00A9A0
00B8C0
00C7F0
00D740
00E6B0
00F630
0105D0
011590
012570
013550
014530
015510
016500
0174E0
0184E0
0194D0
01A4D0
01B4D0
01C4D0
01D4E0
01E4E0
01F4F0
020510
021530
022540
023550
024550
025540
026520
0274F0
0284B0
029460
02A400
02B390
02C310
02D280
02E1D0
02F120
030060
030F90
031EB0
032DB0
033C80
034B40
0359D0
036840
037690
0384C0
0392C0
03A0B0
03AE70
03BC10
03C990
03D6F0
03E430
03F140
03FE40
040B00
0417A0
042400
043040
043C40
044820
0453D0
045F50
046AA0
0475C0
0480B0
048B70
049600
04A060
04AA90
04B4A0
04BE70
04C800
04D160
04DA90
04E390
04EC50
04F4D0
04FD30
050550
050D30
0514E0
051C60
0523B0
052AC0
053190
053840
053EB0
0544E0
054AE0
0550B0
055640
055BA0
0560D0
0565C0
056A80
056F00
057350
057770
057B50
057F00
058270
0585B0
0588C0
058BA0
058E50
0590C0
059310
059520
059710
0598C0
059A40
059BA0
059CC0
059DB0
059E70
059F00
059F60
059F80
059F90
059F60
059F20
059EA0
059E10
059D50
059C60
059B50
059A10
0598B0
059720
059570
0593A0
0591A0
058F70
058D20
058AB0
058830
058590
0582D0
058000
057D10
057A00
0576E0
0573A0
057040
056CD0
056940
056590
0561D0
055DF0
055A00
0555F0
0551E0
054DC0
054990
054560
054110
053CC0
053860
0533F0
052F80
052AF0
052660
0521C0
051D10
051860
051390
050ED0
050A10
050540
050080
04FBC0
04F6F0
04F230
04ED70
04E8B0
04E3F0
04DF30
04DA60
04D5A0
04D0E0
04CC20
04C770
04C2B0
04BE10
04B970
04B4D0
04B050
04ABD0
04A750
04A2F0
049E90
049A30
0495F0
0491A0
048D70
048940
048520
048110
047D00
047910
047530
047160
046DA0
0469F0
046660
0462D0
045F60
045BF0
0458A0
045560
045230
044F10
044C00
044910
044620
044350
044090
043DE0
043B50
0438C0
043650
0433F0
0431A0
042F70
042D50
042B40
042940
042750
042580
0423C0
042210
042070
041EE0
041D70
041C00
041AA0
041960
041830
041710
041600
041500
041410
041330
041270
0411B0
041110
041070
040FE0
040F60
040EF0
040E80
040E20
040DC0
040D80
040D40
040D10
040CE0
040CD0
040CC0
040CB0
040CC0
040CD0
040CE0
040D00
040D20
040D40
040D60
040D80
040DB0
040DD0
040E00
040E30
040E70
040EA0
040EE0
040F10
040F50
040FA0
040FD0
041010
041040
041060
041080
0410A0
0410B0
0410B0
0410C0
0410C0
0410B0
0410A0
041090
041070
041040
041020
040FE0
040F90
040F30
040EC0
040E40
040DB0
040D20
040C70
040BA0
040AD0
0409F0
040900
040800
0406F0
0405D0
040490
040350
0401E0
040060
03FED0
03FD20
03FB60
03F980
03F780
03F570
03F350
03F110
03EEB0
03EC40
03E9B0
03E710
03E450
03E180
03DE80
03DB70
03D840
03D4F0
03D190
03CE00
03CA60
03C6A0
03C2C0
03BED0
03BAB0
03B680
03B230
03ADC0
03A940
03A490
039FD0
039AF0
0395F0
0390D0
038B90
038640
0380D0
037B40
037590
036FC0
0369D0
0363D0
035DB0
035760
035110
034A90
034400
033D50
033680
032FA0
0328B0
032190
031A60
031310
030BB0
030430
02FCA0
02F4E0
02ED20
02E530
02DD30
02D520
02CCF0
02C4B0
02BC70
02B410
02AB90
02A310
029A70
0291D0
028910
028030
027750
026E60
026550
025C30
025300
0249C0
024080
023740
022DF0
022490
021B30
0211C0
020850
01FED0
01F550
01EBC0
01E230
01D890
01CEF0
01C540
01BB80
01B1D0
01A820
019E80
0194E0
018B30
0181A0
017800
016E70
0164E0
015B50
0151D0
014850
013ED0
013550
012BE0
012270
011910
010FC0
010680
00FD50
00F430
00EB20
00E230
00D940
00D060
00C790
00BEE0
00B630
00AD90
00A510
009C90
009430
008BE0
0083B0
007BA0
0073A0
006BD0
006410
005C70
0054E0
004D80
004630
003F00
0037E0
0030F0
002A10
002350
001CA0
001620
000FD0
000990
000380
FFFDA0
FFF7D0
FFF230
FFECB0
FFE760
FFE230
FFDD20
FFD840
FFD370
FFCEE0
FFCA60
FFC610
FFC1E0
FFBDF0
FFBA10
FFB670
FFB2F0
FFAFA0
FFAC80
FFA980
FFA6B0
FFA400
FFA190
FF9F40
FF9D10
FF9B20
FF9950
FF97A0
FF9630
FF94E0
FF93C0
FF92D0
FF9200
FF9160
FF90F0
FF90B0
FF9090
FF90A0
FF90E0
FF9150
FF91E0
FF92A0
FF9390
FF94B0
FF95F0
FF9760
FF98F0
FF9AB0
FF9C90
FF9EA0
FFA0E0
FFA340
FFA5D0
FFA880
FFAB60
FFAE60
FFB190
FFB4E0
FFB860
FFBC10
FFBFD0
FFC3C0
FFC7D0
FFCC00
FFD050
FFD4D0
FFD960
FFDE10
FFE2F0
FFE7F0
FFED00
FFF240
FFF7A0
FFFD30
0002D0
000890
000E70
001460
001A70
002090
0026D0
002D20
003390
003A10
0040A0
004760
004E20
005500
005BF0
006300
006A30
007160
0078B0
008000
008760
008ED0
009640
009DC0
00A540
00ACE0
00B480
00BC20
00C3E0
00CBA0
00D370
00DB40
00E320
00EB10
00F300
00FAE0
0102C0
010AA0
011280
011A60
012240
012A10
0131E0
0139B0
014180
014950
015110
0158E0
0160A0
016860
017010
0177B0
017F40
0186C0
018E30
019590
019CE0
01A420
01AB50
01B270
01B980
01C080
01C770
01CE50
01D520
01DBF0
01E290
01E910
01EF80
01F5D0
01FC00
020220
020810
020DF0
0213B0
021950
021EE0
022440
022990
022EC0
0233E0
0238D0
023DA0
024250
0246E0
024B40
024F80
025390
025780
025B50
025EF0
026270
0265C0
0268F0
026C00
026EF0
0271B0
027440
0276B0
0278F0
027B00
027CF0
027EA0
028030
028190
0282C0
0283D0
0284A0
028550
0285D0
028620
028640
028630
028600
028590
028500
028430
028330
028210
0280B0
027F20
027D60
027B70
027950
027700
027480
0271D0
026EF0
026BD0
026890
026510
026170
025D90
025980
025540
0250D0
024C20
024750
024240
023D00
023790
0231F0
022C20
022610
021FE0
021970
0212D0
020C10
020510
01FDE0
01F690
01EF00
01E740
01DF60
01D740
01CEF0
01C680
01BDD0
01B500
01ABF0
01A2B0
019950
018FB0
0185F0
017C00
0171E0
0167A0
015D30
015290
0147C0
013CC0
0131A0
012650
011AD0
010F20
010340
00F740
00EB10
00DEC0
00D240
00C5A0
00B8D0
00ABE0
009ED0
009190
008430
0076B0
006900
005B30
004D40
003F20
0030E0
002270
0013E0
000530
FFF660
FFE780
FFD870
FFC950
FFBA00
FFAAA0
FF9B10
FF8B70
FF7BB0
FF6BD0
FF5BD0
FF4BB0
FF3B80
FF2B20
FF1AA0
FF0A10
FEF970
FEE8B0
FED7E0
FEC6F0
FEB5F0
FEA4E0
FE93B0
FE8270
FE7110
FE5FB0
FE4E20
FE3C90
FE2AD0
FE1910
FE0730
FDF540
FDE350
FDD150
FDBF40
FDAD20
FD9AF0
FD88C0
FD7680
FD6430
FD51E0
FD3F70
FD2D00
FD1A80
FD07F0
FCF560
FCE2B0
FCD010
FCBD60
FCAAB0
FC9810
FC8550
FC72A0
FC5FF0
FC4D30
FC3A80
FC27C0
FC1500
FC0240
FBEF70
FBDCB0
FBC9E0
FBB720
FBA450
FB91A0
FB7EF0
FB6C40
FB59B0
FB4710
FB3490
FB2210
FB0F90
FAFD20
FAEAC0
FAD860
FAC610
FAB3D0
FAA190
FA8F50
FA7D30
FA6B20
FA5930
FA4750
FA3580
FA23C0
FA1220
FA0090
F9EF10
F9DDB0
F9CC60
F9BB20
F9A9F0
F998E0
F987E0
F97700
F96630
F95590
F94510
F934B0
F92470
F91450
F90460
F8F480
F8E4D0
F8D540
F8C5D0
F8B680
F8A750
F89850
F88970
F87AA0
F86C10
F85DB0
F84F70
F84170
F833A0
F825F0
F81870
F80B30
F7FE10
F7F120
F7E460
F7D7D0
F7CB70
F7BF40
F7B340
F7A770
F79BE0
F79080
F78560
F77A80
F76FE0
F76580
F75B60
F75170
F747C0
F73E50
F73520
F72C30
F72370
F71AF0
F712C0
F70AB0
F70300
F6FB90
F6F470
F6ED90
F6E6F0
F6E0B0
F6DAA0
F6D4F0
F6CF80
F6CA50
F6C570
F6C0E0
F6BC90
F6B880
F6B4D0
F6B150
F6AE30
F6AB70
F6A8F0
F6A6D0
F6A500
F6A390
F6A260
F6A190
F6A120
F6A0F0
F6A120
F6A1A0
F6A280
F6A3A0
F6A520
F6A700
F6A930
F6ABB0
F6AE90
F6B1D0
F6B570
F6B970
F6BDC0
F6C260
F6C770
F6CCD0
F6D290
F6D8A0
F6DF10
F6E5E0
F6ED10
F6F490
F6FC70
F704B0
F70D50
F71650
F71FB0
F72970
F73390
F73E10
F748F0
F75420
F75FC0
F76BB0
F77810
F784C0
F791D0
F79F50
F7AD20
F7BB40
F7C9D0
F7D8B0
F7E7F0
F7F790
F80790
F817E0
F82890
F839A0
F84B00
F85CD0
F86EF0
F88170
F89440
F8A780
F8BB00
F8CEE0
F8E310
F8F7A0
F90C80
F921B0
F93730
F94D00
F96330
F979B0
F99080
F9A7B0
F9BF30
F9D700
F9EF20
FA07A0
FA2060
FA3960
FA52A0
FA6C30
FA8600
FAA010
FABA70
FAD510
FAEFF0
FB0B10
FB2680
FB4230
FB5E20
FB7A60
FB96D0
FBB3A0
FBD090
FBEDA0
FC0AF0
FC2870
FC4620
FC63F0
FC8200
FCA030
FCBEA0
FCDD30
FCFC00
FD1AF0
FD3A10
FD5960
FD78E0
FD9890
FDB850
FDD830
FDF810
FE1810
FE3820
FE5850
FE7880
FE98D0
FEB930
FED9A0
FEFA30
FF1AC0
FF3B70
FF5C40
FF7D10
FF9E00
FFBEE0
FFDFB0
000070
002130
0041E0
006280
008320
00A3A0
00C420
00E4A0
010500
012560
0145B0
0165F0
018630
01A650
01C650
01E630
0205D0
022550
0244A0
0263C0
0282B0
02A180
02C010
02DE80
02FCD0
031AE0
0338D0
035690
037420
039180
03AEA0
03CB70
03E7E0
040420
042000
043B90
0456E0
0471E0
048C90
04A6F0
04C110
04DAE0
04F450
050D90
052670
053F00
055730
056EF0
058650
059D40
05B3D0
05C9F0
05DFB0
05F500
0609E0
061E60
063270
064620
065960
066C40
067EB0
0690C0
06A240
06B350
06C3E0
06D3E0
06E370
06F280
070110
070F20
071CA0
0729B0
073640
074250
074DE0
0758F0
076380
076DA0
077720
078020
078890
079070
0797C0
079E90
07A4D0
07AA90
07AFB0
07B450
07B870
07BBF0
07BEF0
07C160
07C340
07C4A0
07C570
07C5A0
07C550
07C470
07C310
07C110
07BE80
07BB70
07B7C0
07B390
07AED0
07A980
07A3A0
079D30
079630
078EB0
0786A0
077E10
0774F0
076B50
076130
075690
074B60
073FC0
073380
0726D0
071990
070BD0
06FD90
06EEC0
06DF80
06CFA0
06BF60
06AEB0
069D90
068C00
0679F0
066780
0654A0
064150
062D80
061950
0604B0
05EF90
05DA10
05C410
05ADB0
0596D0
057FB0
056830
055060
053840
051FD0
050710
04EE00
04D4A0
04BAF0
04A0F0
048690
046BF0
0450F0
0435A0
041A00
03FE20
03E200
03C5C0
03A950
038CB0
036FE0
0352F0
0335D0
031880
02FB10
02DD70
02BFA0
02A1A0
028380
026530
0246B0
022810
020960
01EAC0
01CC10
01AD60
018EB0
017010
015160
0132B0
011400
00F550
00D6A0
00B7E0
009930
007A80
005BD0
003D10
001E90
000020
FFE1F0
FFC3E0
FFA600
FF8840
FF6AB0
FF4D50
FF3010
FF1300
FEF620
FED960
FEBCD0
FEA070
FE8430
FE6810
FE4C50
FE30E0
FE15C0
FDFAF0
FDE080
FDC650
FDAC70
FD92F0
FD79B0
FD60D0
FD4840
FD3000
FD1810
FD0070
FCE920
FCD220
FCBB90
FCA580
FC8FD0
FC7AA0
FC65E0
FC5180
FC3DA0
FC2A30
FC1730
FC04A0
FBF290
FBE0E0
FBCFA0
FBBEE0
FBAE80
FB9EA0
FB8F40
FB8060
FB7210
FB6450
FB5710
FB4A50
FB3E20
FB3270
FB2750
FB1CB0
FB1290
FB0900
FB0000
FAF780
FAEF80
FAE810
FAE130
FADAE0
FAD510
FACFE0
FACB40
FAC730
FAC3B0
FAC0C0
FABE60
FABC90
FABB50
FABAA0
FABA90
FABB00
FABC00
FABD90
FABFB0
FAC260
FAC590
FAC950
FACDA0
FAD270
FAD7D0
FADDC0
FAE440
FAEB40
FAF2D0
FAFAE0
FB0390
FB0CC0
FB1680
FB20C0
FB2B80
FB36C0
FB4270
FB4EA0
FB5B40
FB6860
FB7600
FB8410
FB92A0
FBA1A0
FBB120
FBC120
FBD190
FBE270
FBF3E0
FC05B0
FC17F0
FC2A80
FC3D70
FC50C0
FC6460
FC7860
FC8CC0
FCA170
FCB690
FCCC00
FCE1C0
FCF7F0
FD0E70
FD2540
FD3C80
FD5410
FD6BE0
FD83D0
FD9C10
FDB470
FDCD10
FDE5E0
FDFEF0
FE1830
FE31A0
FE4B40
FE6520
FE7F30
FE9980
FEB400
FECEB0
FEE990
FF0480
FF1F80
FF3A80
FF5590
FF70B0
FF8BD0
FFA700
FFC230
FFDD80
FFF8C0
001410
002F70
004AE0
006650
0081D0
009D50
00B8B0
00D400
00EF20
010A20
012500
013FC0
015A60
0174D0
018F30
01A960
01C380
01DD70
01F750
021100
022A90
024400
025D30
027600
028EA0
02A6E0
02BEE0
02D6A0
02EE10
030530
031C10
0332A0
0348F0
035EF0
0374A0
038A10
039F30
03B410
03C880
03DC80
03F020
040360
041620
042890
043A80
044C10
045D40
046E00
047E50
048E40
049DC0
04ACE0
04BB90
04C9E0
04D7B0
04E4F0
04F1C0
04FE20
0509F0
051550
052020
052A80
053460
053DC0
0546B0
054F10
055700
055E60
056550
056BD0
0571B0
057720
057C00
058070
058440
0587A0
058A70
058CD0
058E90
058FE0
0590A0
0590F0
0590A0
058FE0
058E90
058CD0
058A80
0587B0
058470
0580A0
057C60
0577A0
057260
056CB0
056670
055FC0
055880
0550D0
0548A0
053FF0
0536C0
052D20
052300
051890
050DA0
050250
04F690
04EA70
04DDE0
04D0E0
04C380
04B5B0
04A780
0498E0
0489D0
047A60
046A80
045A30
0449A0
0438C0
042790
041620
040460
03F250
03E000
03CD60
03BA70
03A740
0393B0
037FF0
036BD0
035770
0342C0
032DC0
0318A0
030360
02EE00
02D870
02C2C0
02ACF0
0296F0
0280D0
026A90
025420
023DA0
0226F0
021010
01F920
01E200
01CAC0
01B380
019C50
018520
016DF0
0156C0
013FA0
012880
011170
00FA50
00E350
00CC40
00B540
009E40
008740
007050
005960
0042A0
002C10
0015B0
FFFF70
FFE970
FFD390
FFBDE0
FFA860
FF9310
FF7DF0
FF6900
FF5440
FF3FB0
FF2B40
FF1700
FF0300
FEEF40
FEDBE0
FEC8C0
FEB600
FEA390
FE9170
FE7FA0
FE6E20
FE5D00
FE4C20
FE3BA0
FE2B70
FE1B90
FE0C00
FDFCC0
FDEDE0
FDDF60
FDD150
FDC3B0
FDB680
FDA9B0
FD9D60
FD9170
FD85F0
FD7AE0
FD7040
FD6600
FD5C40
FD52E0
FD4A00
FD4180
FD3960
FD31D0
FD2AC0
FD2420
FD1E00
FD1860
FD1340
FD0EA0
FD0A80
FD06D0
FD03A0
FD00F0
FCFEC0
FCFD10
FCFBD0
FCFB20
FCFAE0
FCFB20
FCFBF0
FCFD30
FCFF00
FD0140
FD0410
FD0750
FD0B20
FD0F70
FD1430
FD1980
FD1F50
FD25A0
FD2C70
FD33C0
FD3B90
FD43E0
FD4C90
FD55D0
FD5F80
FD69A0
FD7440
FD7F50
FD8AE0
FD96E0
FDA350
FDB040
FDBDB0
FDCB80
FDD9E0
FDE8A0
FDF7F0
FE0790
FE1790
FE2800
FE38D0
FE49F0
FE5B80
FE6D80
FE7FD0
FE9280
FEA5A0
FEB910
FECCF0
FEE130
FEF5D0
FF0AD0
FF2030
FF35E0
FF4BC0
FF61F0
FF7870
FF8F20
FFA620
FFBD60
FFD4E0
FFECB0
0004B0
001D00
0035A0
004E70
006790
0080F0
009A90
00B450
00CE40
00E840
010260
011CA0
013710
015190
016C30
018700
01A1E0
01BCE0
01D800
01F350
020EB0
022A30
0245E0
026180
027D10
0298A0
02B430
02CFC0
02EB40
0306B0
032230
033DA0
035900
037460
038FC0
03AB20
03C670
03E1B0
03FD00
041810
043300
044DD0
046860
0482D0
049D20
04B740
04D130
04EAF0
050490
051E00
053750
055060
056960
058220
059AC0
05B310
05CB20
05E2E0
05FA50
061180
062860
063F00
065550
066B50
068110
069680
06ABB0
06C090
06D520
06E970
06FD70
071110
072450
073730
0749A0
075BC0
076D70
077ED0
078FC0
07A050
07B080
07C050
07CFB0
07DEC0
07ED70
07FBB0
080990
081700
082410
0830A0
083CC0
084880
0853C0
085E90
086900
0872F0
087C70
088590
088E30
089660
089E30
08A580
08AC70
08B2E0
08B8E0
08BE60
08C380
08C820
08CC40
08D000
08D340
08D610
08D870
08DA50
08DBC0
08DCC0
08DD40
08DD60
08DCF0
08DC20
08DAF0
08D940
08D720
08D490
08D190
08CE30
08CA50
08C610
08C150
08BC30
08B690
08B090
08AA20
08A340
089BE0
089430
088C20
0883A0
087AD0
087190
0867F0
085DF0
085380
0848C0
083D90
083210
082620
0819D0
080D20
080010
07F290
07E4D0
07D6C0
07C860
07B9B0
07AAB0
079B60
078BD0
077BE0
076BB0
075B30
074A60
073940
0727D0
071610
070400
06F1B0
06DF20
06CC50
06B950
06A620
0692B0
067F00
066B20
065710
0642C0
062E40
061980
060490
05EF60
05DA00
05C460
05AE90
0598A0
058290
056C60
055610
053FA0
052910
051260
04FBA0
04E4B0
04CDB0
04B680
049F40
0487E0
047050
0458B0
0440F0
042920
041150
03F970
03E190
03C9A0
03B1B0
0399B0
0381B0
0369A0
035180
033960
032130
030900
02F0D0
02D880
02C040
02A800
028FC0
0277A0
025F80
024770
022F70
021770
01FF80
01E7A0
01CFD0
01B800
01A040
018890
0170F0
015950
0141C0
012A50
0112F0
00FBB0
00E490
00CD90
00B6A0
009FD0
008920
007290
005C10
0045B0
002F60
001940
000330
FFED30
FFD760
FFC1B0
FFAC20
FF96C0
FF8180
FF6C60
FF5770
FF42A0
FF2E00
FF1980
FF0530
FEF100
FEDD00
FEC910
FEB560
FEA1C0
FE8E60
FE7B20
FE6800
FE5520
FE4270
FE2FE0
FE1D80
FE0B50
FDF950
FDE780
FDD5D0
FDC460
FDB310
FDA1F0
FD9100
FD8040
FD6FB0
FD5F50
FD4F10
FD3F10
FD2F40
FD1FA0
FD1030
FD00E0
FCF1D0
FCE2F0
FCD440
FCC5C0
FCB770
FCA950
FC9B60
FC8DA0
FC8020
FC72C0
FC6590
FC58A0
FC4BD0
FC3F40
FC32E0
FC26B0
FC1AB0
FC0EE0
FC0340
FBF7E0
FBECB0
FBE1A0
FBD6D0
FBCC30
FBC1C0
FBB780
FBAD70
FBA390
FB99F0
FB9070
FB8720
FB7E10
FB7520
FB6C70
FB63E0
FB5B90
FB5360
FB4B70
FB43A0
FB3C10
FB34B0
FB2D80
FB2680
FB1FB0
FB1910
FB12A0
FB0C60
FB0650
FB0080
FAFAD0
FAF550
FAF010
FAEB00
FAE610
FAE160
FADCE0
FAD890
FAD470
FAD080
FACCC0
FAC930
FAC5D0
FAC2A0
FABFB0
FABCE0
FABA40
FAB7D0
FAB5A0
FAB390
FAB1C0
FAB010
FAAEA0
FAAD50
FAAC40
FAAB60
FAAAB0
FAAA30
FAA9F0
FAA9E0
FAA9F0
FAAA50
FAAAD0
FAAB80
FAAC70
FAAD90
FAAEE0
FAB060
FAB210
FAB400
FAB620
FAB870
FABAF0
FABDB0
FAC090
FAC3B0
FAC710
FACA90
FACE50
FAD240
FAD660
FADAC0
FADF50
FAE410
FAE900
FAEE30
FAF390
FAF920
FAFEF0
FB04F0
FB0B30
FB11A0
FB1850
FB1F30
FB2640
FB2D90
FB3520
FB3CD0
FB44D0
FB4CF0
FB5550
FB5DF0
FB66C0
FB6FC0
FB7900
FB8270
FB8C20
FB9600
FBA020
FBAA70
FBB500
FBBFC0
FBCAB0
FBD5E0
FBE140
FBECE0
FBF8C0
FC04C0
FC1110
FC1D80
FC2A30
FC3720
FC4440
FC5190
FC5F20
FC6CE0
FC7AD0
FC8900
FC9770
FCA610
FCB4E0
FCC3F0
FCD330
FCE2A0
FCF250
FD0230
FD1240
FD2280
FD32F0
FD4390
FD5460
FD6560
FD76A0
FD8800
FD99A0
FDAB70
FDBD70
FDCFA0
FDE200
FDF490
FE0750
FE1A30
FE2D40
FE4070
FE53D0
FE6760
FE7B10
FE8EE0
FEA2F0
FEB710
FECB70
FEDFE0
FEF490
FF0960
FF1E50
FF3370
FF48B0
FF5E00
FF7370
FF8900
FF9EB0
FFB470
FFCA50
FFE050
FFF660
000CA0
0022E0
003950
004FD0
006670
007D30
009410
00AAF0
00C1E0
00D8D0
00EFD0
0106D0
011DE0
013500
014C20
016350
017A90
0191D0
01A920
01C070
01D7D0
01EF30
0206B0
021E10
023570
024CC0
026400
027B40
029270
02A990
02C0B0
02D7C0
02EEC0
0305B0
031CA0
033380
034A60
036120
0377F0
038E80
03A500
03BB60
03D190
03E7B0
03FDA0
041370
042910
043EA0
045410
046950
047E70
049370
04A850
04BD10
04D1A0
04E600
04FA30
050E20
0521D0
053550
0548A0
055BA0
056E80
058110
059380
05A5A0
05B7A0
05C950
05DAD0
05EC20
05FD30
060DF0
061E70
062E90
063E70
064E00
065D40
066C30
067AD0
068930
069730
06A4F0
06B260
06BF80
06CC60
06D8E0
06E520
06F100
06FC80
0707A0
071270
071CE0
0726F0
0730A0
073A00
074300
074BA0
0753E0
075BD0
076360
076A90
077160
0777E0
077DF0
0783A0
0788E0
078DD0
079240
079660
079A10
079D60
07A040
07A2C0
07A4D0
07A690
07A7E0
07A8C0
07A940
07A960
07A910
07A860
07A750
07A5D0
07A3F0
07A1A0
079EF0
079BE0
079860
079480
079040
078B90
078680
078100
077B20
0774E0
076E30
076730
075FD0
075810
074FE0
074760
073E80
073540
072B90
072190
071730
070C70
070150
06F5D0
06E9F0
06DDA0
06D110
06C430
06B700
06A980
069BB0
068D90
067F20
067060
066150
0651F0
064240
063240
0621F0
061150
060060
05EF30
05DDB0
05CC00
05BA10
05A7E0
059580
0582E0
057010
055D00
0549B0
053630
052270
050E70
04FA40
04E5D0
04D120
04BC40
04A740
049210
047CD0
046770
0451F0
043C50
042690
0410B0
03FAB0
03E490
03CE50
03B7F0
03A170
038AE0
037420
035D40
034660
032F80
031890
0301B0
02EAC0
02D3D0
02BCD0
02A5E0
028EE0
0277E0
0260D0
0249D0
0232C0
021BB0
020490
01ED80
01D680
01BF90
01A8C0
019210
017B70
0164E0
014E70
013820
0121E0
010BC0
00F5B0
00DFC0
00C9E0
00B420
009E70
0088E0
007380
005E40
004940
003470
001FD0
000B50
FFF710
FFE300
FFCF10
FFBB60
FFA7E0
FF9480
FF8160
FF6E60
FF5BA0
FF4900
FF36B0
FF24A0
FF12C0
FF0130
FEEFE0
FEDED0
FECE00
FEBD70
FEAD30
FE9D20
FE8D50
FE7DD0
FE6E90
FE5F80
FE50C0
FE4240
FE3400
FE2620
FE1870
FE0B20
FDFE10
FDF150
FDE4D0
FDD8A0
FDCCC0
FDC120
FDB5D0
FDAAC0
FDA010
FD9590
FD8B70
FD8190
FD7800
FD6EB0
FD65C0
FD5D00
FD54A0
FD4C80
FD44B0
FD3D30
FD35F0
FD2F00
FD2860
FD2200
FD1C00
FD1630
FD10C0
FD0B90
FD06A0
FD0200
FCFDA0
FCF980
FCF5A0
FCF200
FCEEA0
FCEB90
FCE8C0
FCE620
FCE3D0
FCE1D0
FCE000
FCDE80
FCDD40
FCDC30
FCDB70
FCDAD0
FCDA60
FCDA30
FCDA30
FCDA60
FCDAC0
FCDB60
FCDC20
FCDD20
FCDE50
FCDFB0
FCE150
FCE310
FCE510
FCE740
FCE990
FCEBF0
FCEE80
FCF130
FCF3F0
FCF6D0
FCF9D0
FCFCF0
FD0030
FD0390
FD0710
FD0AA0
FD0E50
FD1230
FD1620
FD1A30
FD1E40
FD2260
FD2680
FD2AB0
FD2EE0
FD3310
FD3740
FD3B80
FD3FD0
FD4410
FD4860
FD4CC0
FD5110
FD5570
FD59E0
FD5E40
FD62A0
FD66F0
FD6B20
FD6F50
FD7360
FD7760
FD7B60
FD7F40
FD8310
FD86D0
FD8A80
FD8E20
FD91A0
FD9520
FD9890
FD9BE0
FD9F10
FDA220
FDA510
FDA7D0
FDAA70
FDACE0
FDAF30
FDB160
FDB360
FDB540
FDB700
FDB890
FDBA00
FDBB40
FDBC70
FDBD60
FDBE30
FDBEC0
FDBF30
FDBF60
FDBF60
FDBF20
FDBEC0
FDBE20
FDBD50
FDBC50
FDBB10
FDB9B0
FDB810
FDB640
FDB440
FDB210
FDAFA0
FDACF0
FDAA10
FDA6F0
FDA3A0
FDA010
FD9C40
FD9840
FD9400
FD8F80
FD8AD0
FD85E0
FD80C0
FD7B60
FD75C0
FD6FF0
FD69E0
FD63A0
FD5D20
FD5670
FD4F90
FD4870
FD4110
FD3980
FD31C0
FD29C0
FD2190
FD1930
FD1090
FD07B0
FCFEA0
FCF560
FCEBF0
FCE250
FCD880
FCCE90
FCC460
FCBA10
FCAFA0
FCA4F0
FC9A20
FC8F20
FC83F0
FC7890
FC6D10
FC6150
FC5570
FC4970
FC3D40
FC3100
FC24B0
FC1840
FC0BB0
FBFF10
FBF250
FBE580
FBD890
FBCB80
FBBE60
FBB120
FBA3D0
FB9660
FB88E0
FB7B30
FB6D90
FB5FF0
FB5250
FB44A0
FB36F0
FB2940
FB1BA0
FB0DE0
FB0030
FAF280
FAE4D0
FAD710
FAC950
FABB90
FAADE0
FAA010
FA9270
FA84E0
FA7760
FA6A00
FA5CC0
FA4F90
FA4280
FA3580
FA2890
FA1BD0
FA0F10
FA0280
F9F5F0
F9E990
F9DD30
F9D100
F9C4F0
F9B920
F9AD70
F9A200
F996C0
F98BB0
F980D0
F97620
F96BA0
F96150
F95740
F94D50
F943A0
F93A10
F930C0
F927A0
F91EC0
F91630
F90DE0
F905E0
F8FE20
F8F6A0
F8EF70
F8E880
F8E1E0
F8DB80
F8D570
F8CFA0
F8CA10
F8C4D0
F8BFE0
F8BB20
F8B6C0
F8B2C0
F8AF10
F8ABB0
F8A8B0
F8A5F0
F8A3A0
F8A190
F89FE0
F89E90
F89D80
F89CD0
F89C80
F89C80
F89CD0
F89D70
F89E70
F89FD0
F8A190
F8A3B0
F8A620
F8A8F0
F8AC20
F8AFA0
F8B380
F8B7C0
F8BC60
F8C150
F8C6B0
F8CC60
F8D260
F8D8D0
F8DF90
F8E6A0
F8EE10
F8F5D0
F8FDF0
F90670
F90F40
F91860
F921E0
F92BB0
F935E0
F94070
F94B50
F95680
F96210
F96DF0
F97A20
F986A0
F99360
F9A070
F9ADD0
F9BB70
F9C960
F9D790
F9E610
F9F4E0
FA03F0
FA1350
FA2300
FA32F0
FA4330
FA53C0
FA6480
FA7570
FA8690
FA97F0
FAA980
FABB40
FACD40
FADF60
FAF1C0
FB0460
FB1730
FB2A20
FB3D60
FB50C0
FB6460
FB7830
FB8C20
FBA020
FBB430
FBC870
FBDCB0
FBF120
FC0590
FC1A30
FC2EE0
FC43A0
FC5880
FC6D80
FC8290
FC97B0
FCACF0
FCC250
FCD7A0
FCECF0
FD0230
FD1770
FD2CA0
FD41D0
FD5700
FD6C20
FD8130
FD9650
FDAB50
FDC060
FDD550
FDEA50
FDFF40
FE1420
FE28E0
FE3D80
FE51F0
FE6640
FE7A60
FE8E60
FEA230
FEB5E0
FEC970
FEDCD0
FEF010
FF0320
FF1610
FF28D0
FF3B70
FF4DE0
FF6010
FF7210
FF83B0
FF9520
FFA650
FFB730
FFC7D0
FFD830
FFE850
FFF830
0007C0
001720
002630
003500
004390
0051D0
005FC0
006D60
007AA0
008790
009420
00A050
00AC30
00B7B0
00C2E0
00CDC0
00D830
00E260
00EC20
00F5A0
00FEB0
010780
010FD0
0117D0
011F60
012690
012D60
0133C0
0139C0
013F60
014490
014960
014DD0
0151D0
015570
0158B0
015B80
015DF0
016000
0161A0
0162D0
0163B0
016410
016410
0163B0
0162F0
0161B0
016020
015E20
015BB0
0158E0
0155A0
015200
014E00
014990
0144D0
013FA0
013A20
013440
012DF0
012750
012050
0118F0
011120
010900
010080
00F7A0
00EE60
00E4C0
00DAC0
00D070
00C5D0
00BAF0
00AFC0
00A430
009860
008C50
007FE0
007320
006620
0058D0
004B30
003D40
002F00
002080
0011A0
0002A0
FFF360
FFE3F0
FFD450
FFC470
FFB460
FFA430
FF93B0
FF8310
FF7240
FF6130
FF4FF0
FF3E80
FF2CD0
FF1AF0
FF08F0
FEF6C0
FEE490
FED240
FEBFE0
FEAD70
FE9AE0
FE8840
FE7590
FE62D0
FE4FF0
FE3D00
FE2A00
FE16E0
FE03B0
FDF070
FDDD20
FDC9D0
FDB690
FDA360
FD9040
FD7D30
FD6A20
FD5720
FD4430
FD3150
FD1E70
FD0BB0
FCF8F0
FCE640
FCD3A0
FCC100
FCAE80
FC9C20
FC89F0
FC77E0
FC6610
FC5460
FC42E0
FC3190
FC2060
FC0F70
FBFEA0
FBEDF0
FBDD80
FBCD30
FBBD10
FBAD20
FB9D60
FB8DE0
FB7EA0
FB6FB0
FB6110
FB52B0
FB4490
FB36C0
FB2930
FB1BF0
FB0EF0
FB0230
FAF5C0
FAE9A0
FADDC0
FAD220
FAC6D0
FABBD0
FAB130
FAA6F0
FA9D10
FA9380
FA8A40
FA8170
FA78F0
FA70C0
FA6900
FA6190
FA5A70
FA53B0
FA4D50
FA4750
FA41A0
FA3C60
FA3770
FA3300
FA2EE0
FA2B30
FA27E0
FA24F0
FA2270
FA2050
FA1E90
FA1D40
FA1C50
FA1BC0
FA1BA0
FA1BD0
FA1C80
FA1D80
FA1EF0
FA20C0
FA22F0
FA2590
FA2890
FA2C00
FA2FC0
FA33F0
FA3880
FA3D80
FA42E0
FA48A0
FA4ED0
FA5550
FA5C50
FA6390
FA6B40
FA7340
FA7BA0
FA8450
FA8D70
FA96E0
FAA0A0
FAAAC0
FAB540
FAC020
FACB50
FAD6E0
FAE2D0
FAEF10
FAFBC0
FB08A0
FB15D0
FB2350
FB3110
FB3F10
FB4D60
FB5BF0
FB6AD0
FB7A00
FB8970
FB9920
FBA920
FBB960
FBC9F0
FBDAC0
FBEBE0
FBFD30
FC0EA0
FC2040
FC3220
FC4420
FC5650
FC68B0
FC7B40
FC8E00
FCA0F0
FCB400
FCC750
FCDAC0
FCEE60
FD0230
FD1640
FD2A50
FD3E70
FD52A0
FD66E0
FD7B30
FD8FA0
FDA410
FDB890
FDCD20
FDE1D0
FDF680
FE0B50
FE2020
FE3510
FE4A00
FE5F10
FE7400
FE88F0
FE9DD0
FEB2A0
FEC760
FEDC10
FEF0B0
FF0550
FF19D0
FF2E40
FF42B0
FF5710
FF6B50
FF7F90
FF93C0
FFA7E0
FFBBD0
FFCFA0
FFE340
FFF6B0
0009F0
001D00
002FF0
0042B0
005540
0067B0
0079F0
008C00
009DE0
00AFA0
00C120
00D290
00E3A0
00F480
010510
011560
012570
013530
0144B0
0153F0
0162E0
0171A0
018010
018E30
019C20
01A9C0
01B720
01C430
01D0F0
01DD60
01E980
01F540
0200A0
020BB0
021670
0220D0
022AE0
0234A0
023E00
024710
024FC0
025820
026030
0267E0
026F30
027620
027CC0
0282F0
0288C0
028E30
029340
0297F0
029C40
02A030
02A3C0
02A6F0
02A9C0
02AC30
02AE40
02AFE0
02B130
02B220
02B2A0
02B2D0
02B290
02B1F0
02B0F0
02AF90
02ADD0
02ABA0
02A920
02A630
02A2E0
029F40
029B30
0296B0
0291F0
028CC0
028740
028160
027B30
0274A0
026DB0
026660
025EC0
0256C0
024E70
0245C0
023CB0
023350
022980
021F70
021500
020A50
01FF40
01F3F0
01E850
01DC60
01D030
01C3B0
01B6D0
01A9B0
019C50
018E90
018080
017230
016390
0154A0
014580
013610
012680
0116A0
010690
00F650
00E5D0
00D510
00C420
00B2F0
00A190
008FF0
007E10
006C00
0059B0
004730
003480
0021C0
000ED0
FFFBC0
FFE880
FFD530
FFC1B0
FFAE10
FF9A50
FF8670
FF7270
FF5E40
FF4A00
FF3590
FF2100
FF0C40
FEF780
FEE2C0
FECDF0
FEB910
FEA420
FE8F30
FE7A30
FE6520
FE5010
FE3AF0
FE25C0
FE1090
FDFB50
FDE600
FDD0B0
FDBB50
FDA600
FD90B0
FD7B80
FD6650
FD5130
FD3C10
FD2710
FD1210
FCFD20
FCE840
FCD360
FCBEA0
FCA9E0
FC9530
FC8080
FC6BF0
FC5770
FC4320
FC2EE0
FC1AD0
FC06D0
FBF300
FBDF50
FBCBC0
FBB840
FBA4F0
FB91C0
FB7EB0
FB6BC0
FB58F0
FB4640
FB33B0
FB2150
FB0F20
FAFD30
FAEB60
FAD9C0
FAC860
FAB720
FAA620
FA9540
FA84A0
FA7430
FA63F0
FA53E0
FA43F0
FA3440
FA24D0
FA1580
FA0680
F9F7B0
F9E930
F9DAD0
F9CCC0
F9BEF0
F9B150
F9A3F0
F996D0
F989E0
F97D40
F970D0
F964A0
F958A0
F94CF0
F94170
F93640
F92B50
F920B0
F91640
F90C20
F90240
F8F8A0
F8EF40
F8E630
F8DD60
F8D4D0
F8CC80
F8C470
F8BCB0
F8B530
F8ADF0
F8A700
F8A040
F899D0
F893B0
F88DC0
F88820
F882C0
F87DB0
F878D0
F87440
F87000
F86BF0
F86830
F864B0
F86180
F85E80
F85BD0
F85960
F85730
F85550
F853A0
F85240
F85120
F85040
F84FA0
F84F50
F84F30
F84F60
F84FD0
F85080
F85180
F852B0
F85420
F855D0
F857B0
F859D0
F85C30
F85ED0
F861B0
F864C0
F86820
F86BB0
F86F70
F87380
F877C0
F87C50
F88100
F88600
F88B20
F89090
F89620
F89BF0
F8A1F0
F8A830
F8AEA0
F8B540
F8BC20
F8C330
F8CA70
F8D1F0
F8D9A0
F8E190
F8E9B0
F8F200
F8FA70
F90320
F90BF0
F914F0
F91E10
F92770
F930F0
F93AA0
F94470
F94E80
F958B0
F96310
F96DA0
F97850
F98340
F98E40
F99970
F9A4C0
F9B030
F9BBD0
F9C780
F9D360
F9DF70
F9EB90
F9F7E0
FA0450
FA10E0
FA1D90
FA2A70
FA3760
FA4490
FA51C0
FA5F20
FA6C90
FA7A10
FA87B0
FA9570
FAA350
FAB140
FABF50
FACD70
FADBB0
FAEA10
FAF880
FB0710
FB15C0
FB2480
FB3350
FB4240
FB5140
FB6040
FB6F60
FB7E90
FB8DD0
FB9D20
FBAC90
FBBC00
FBCB90
FBDB20
FBEAD0
FBFA90
FC0A60
FC1A40
FC2A30
FC3A20
FC4A20
FC5A20
FC6A30
FC7A50
FC8A70
FC9AA0
FCAAD0
FCBB10
FCCB60
FCDBB0
FCEC10
FCFC70
FD0CE0
FD1D50
FD2DD0
FD3E40
FD4EC0
FD5F40
FD6FC0
FD8040
FD90C0
FDA150
FDB1D0
FDC250
FDD2E0
FDE370
FDF400
FE0480
FE1510
FE25B0
FE3630
FE46C0
FE5740
FE67B0
FE7820
FE8890
FE98F0
FEA950
FEB9B0
FECA00
FEDA50
FEEA90
FEFAD0
FF0B00
FF1B40
FF2B60
FF3B80
FF4B90
FF5B90
FF6B80
FF7B70
FF8B40
FF9B10
FFAAC0
FFBA70
FFCA10
FFD9A0
FFE920
FFF890
0007F0
001740
002690
0035C0
0044D0
0053E0
0062C0
0071A0
008060
008F00
009D90
00AC10
00BA80
00C8C0
00D700
00E520
00F330
010120
010F00
011CC0
012A60
0137E0
014540
015280
015FA0
016CA0
017990
018650
0192F0
019F80
01ABE0
01B830
01C450
01D060
01DC40
01E800
01F3A0
01FF20
020A60
021590
022090
022B60
023610
0240A0
024B00
025540
025F50
026940
027310
027CB0
028620
028F70
029890
02A170
02AA30
02B2C0
02BB20
02C350
02CB50
02D320
02DAC0
02E230
02E970
02F090
02F770
02FE20
0304B0
030B00
031120
031700
031CB0
032230
032780
032C90
033170
033620
033A90
033ED0
0342E0
0346C0
034A60
034DD0
035100
035400
0356D0
035950
035BA0
035DC0
035FA0
036140
0362B0
0363E0
0364D0
036590
036610
036660
036670
036640
0365E0
036540
036460
036350
036200
036080
035EC0
035CC0
035A90
035810
035570
035280
034F60
034C10
034870
0344A0
0340A0
033C60
0337E0
033330
032E40
032910
0323B0
031E20
031850
031240
030C00
030580
02FED0
02F7E0
02F0C0
02E960
02E1D0
02DA00
02D200
02C9E0
02C170
02B8E0
02B020
02A720
029E00
0294A0
028B10
028150
027750
026D30
0262D0
025840
024D90
0242A0
023790
022C50
0220F0
021560
0209A0
01FDC0
01F1B0
01E580
01D920
01CCA0
01BFE0
01B310
01A600
0198D0
018B80
017E00
017070
0162C0
015500
014710
013910
012AF0
011CB0
010E60
00FFE0
00F150
00E2A0
00D3E0
00C4F0
00B5F0
00A6D0
0097A0
008860
007920
0069D0
005A60
004AF0
003B80
002BF0
001C50
000CB0
FFFD00
FFED40
FFDD70
FFCD90
FFBDB0
FFADB0
FF9DC0
FF8DD0
FF7DE0
FF6E00
FF5E10
FF4E30
FF3E50
FF2E70
FF1E90
FF0EB0
FEFEE0
FEEF10
FEDF40
FECF70
FEBFA0
FEAFE0
FEA020
FE9080
FE80F0
FE7180
FE6210
FE52C0
FE4370
FE3440
FE2520
FE1620
FE0720
FDF840
FDE970
FDDAB0
FDCC00
FDBD60
FDAEF0
FDA090
FD9260
FD8450
FD7650
FD6880
FD5AD0
FD4D50
FD3FE0
FD3290
FD2560
FD1860
FD0B80
FCFEB0
FCF210
FCE590
FCD940
FCCD10
FCC120
FCB550
FCA9B0
FC9E30
FC92F0
FC87E0
FC7CF0
FC7230
FC67A0
FC5D40
FC5300
FC4900
FC3F20
FC3570
FC2BF0
FC22B0
FC19A0
FC10C0
FC0820
FBFFB0
FBF770
FBEF60
FBE790
FBDFF0
FBD880
FBD150
FBCA50
FBC380
FBBCF0
FBB680
FBB060
FBAA70
FBA4B0
FB9F30
FB99E0
FB94D0
FB8FF0
FB8B50
FB86E0
FB82B0
FB7EB0
FB7AF0
FB7760
FB7400
FB70F0
FB6E00
FB6B50
FB68E0
FB6690
FB6480
FB62B0
FB6110
FB5FA0
FB5E60
FB5D60
FB5C90
FB5BF0
FB5B90
FB5B60
FB5B70
FB5BA0
FB5C20
FB5CC0
FB5D90
FB5E90
FB5FC0
FB6120
FB62A0
FB6460
FB6650
FB6870
FB6AC0
FB6D30
FB6FE0
FB72C0
FB75C0
FB7900
FB7C60
FB7FF0
FB83A0
FB8780
FB8B70
FB8F90
FB93E0
FB9840
FB9CD0
FBA180
FBA660
FBAB60
FBB080
FBB5C0
FBBB30
FBC0C0
FBC680
FBCC50
FBD230
FBD830
FBDE50
FBE480
FBEAD0
FBF130
FBF7B0
FBFE40
FC04F0
FC0BB0
FC1290
FC1990
FC20A0
FC27D0
FC2F10
FC3660
FC3DC0
FC4520
FC4C90
FC5400
FC5B80
FC6310
FC6AB0
FC7250
FC7A00
FC81B0
FC8980
FC9140
FC9920
FCA100
FCA8F0
FCB0E0
FCB8C0
FCC0B0
FCC890
FCD080
FCD860
FCE040
FCE820
FCF000
FCF7E0
FCFFB0
FD0790
FD0F70
FD1740
FD1F10
FD26F0
FD2EB0
FD3670
FD3E20
FD45C0
FD4D50
FD54D0
FD5C50
FD63C0
FD6B20
FD7270
FD79C0
FD80F0
FD8820
FD8F40
FD9650
FD9D60
FDA450
FDAB30
FDB200
FDB8B0
FDBF60
FDC5F0
FDCC70
FDD2E0
FDD930
FDDF80
FDE5B0
FDEBD0
FDF1E0
FDF7D0
FDFDB0
FE0390
FE0940
FE0EF0
FE1470
FE19F0
FE1F50
FE2490
FE29C0
FE2EE0
FE33E0
FE38D0
FE3DB0
FE4270
FE4710
FE4BA0
FE5020
FE5480
FE58D0
FE5D10
FE6130
FE6540
FE6930
FE6D10
FE70E0
FE74A0
FE7840
FE7BD0
FE7F40
FE82A0
FE85F0
FE8930
FE8C50
FE8F50
FE9250
FE9540
FE9810
FE9AE0
FE9D90
FEA040
FEA2D0
FEA550
FEA7D0
FEAA30
FEAC80
FEAEC0
FEB0F0
FEB310
FEB520
FEB720
FEB910
FEBB00
FEBCE0
FEBEC0
FEC090
FEC250
FEC410
FEC5C0
FEC770
FEC910
FECAA0
FECC30
FECDC0
FECF30
FED0B0
FED210
FED380
FED4F0
FED650
FED7C0
FED930
FEDA90
FEDC00
FEDD70
FEDEE0
FEE050
FEE1B0
FEE320
FEE490
FEE600
FEE770
FEE8E0
FEEA50
FEEBE0
FEED60
FEEEF0
FEF090
FEF230
FEF3E0
FEF5A0
FEF760
FEF920
FEFAF0
FEFCD0
FEFEB0
FF00A0
FF02A0
FF0490
FF06A0
FF08C0
FF0AF0
FF0D30
FF0F80
FF11E0
FF1450
FF16D0
FF1960
FF1C00
FF1EB0
FF2160
FF2430
FF2710
FF2A00
FF2D00
FF3010
FF3330
FF3670
FF39B0
FF3D10
FF4080
FF4400
FF4790
FF4B40
FF4EF0
FF52C0
FF56A0
FF5A90
FF5E90
FF62B0
FF66D0
FF6B10
FF6F60
FF73C0
FF7840
FF7CC0
FF8160
FF8610
FF8AD0
FF8FA0
FF9480
FF9980
FF9E90
FFA3B0
FFA8E0
FFAE20
FFB380
FFB8E0
FFBE50
FFC3D0
FFC950
FFCEF0
FFD490
FFDA40
FFE000
FFE5C0
FFEB90
FFF170
FFF760
FFFD60
000360
000970
000F90
0015B0
001BD0
0021F0
002820
002E50
003470
003AA0
0040D0
004710
004D40
005380
0059B0
005FF0
006630
006C70
0072C0
0078F0
007F20
008540
008B50
009150
009750
009D40
00A320
00A8F0
00AEB0
00B470
00BA20
00BFC0
00C550
00CAE0
00D050
00D5B0
00DAF0
00E020
00E520
00EA10
00EEE0
00F3A0
00F830
00FCB0
010110
010560
010980
010D90
011180
011550
011910
011C90
011FF0
012320
012630
012900
012BB0
012E20
013070
013290
013490
013650
0137F0
013960
013AA0
013BB0
013C90
013D40
013DB0
013DE0
013DE0
013DA0
013D20
013C60
013B70
013A40
0138D0
013730
013550
013330
0130E0
012E50
012B80
012870
012510
012170
011D90
011960
0114F0
011040
010B40
010600
010080
00FAB0
00F490
00EE40
00E7A0
00E0B0
00D990
00D210
00CA50
00C250
00BA00
00B160
00A870
009F40
0095D0
008C10
008200
0077A0
006D00
006220
0056F0
004B70
003FA0
003390
002740
001AA0
000DC0
0000A0
FFF330
FFE580
FFD780
FFC940
FFBAB0
FFABE0
FF9CC0
FF8D70
FF7DC0
FF6DE0
FF5DA0
FF4D40
FF3C90
FF2BB0
FF1A90
FF0930
FEF790
FEE5C0
FED3B0
FEC160
FEAEE0
FE9C20
FE8920
FE75E0
FE6270
FE4EC0
FE3AD0
FE26C0
FE1280
FDFE10
FDE980
FDD4D0
FDBFE0
FDAAE0
FD95A0
FD8040
FD6AC0
FD5510
FD3F30
FD2930
FD1300
FCFCB0
FCE630
FCCFA0
FCB900
FCA250
FC8B90
FC74C0
FC5DE0
FC46F0
FC2FE0
FC18D0
FC01B0
FBEA70
FBD330
FBBBD0
FBA460
FB8CF0
FB7560
FB5DE0
FB4670
FB2F10
FB17B0
FB0060
FAE920
FAD1F0
FABAC0
FAA3A0
FA8C90
FA7590
FA5EA0
FA47B0
FA30D0
FA1A00
FA0330
F9EC90
F9D620
F9BFE0
F9A9C0
F993C0
F97DF0
F96850
F952D0
F93D80
F92860
F91360
F8FE90
F8E9E0
F8D560
F8C100
F8ACE0
F898F0
F88550
F871F0
F85EE0
F84C10
F83990
F82750
F81550
F803A0
F7F230
F7E100
F7D020
F7BF90
F7AF40
F79F30
F78F60
F78000
F770F0
F76240
F753F0
F74600
F73870
F72B30
F71E60
F711E0
F705C0
F6FA00
F6EEA0
F6E390
F6D8F0
F6CEA0
F6C4C0
F6BB40
F6B230
F6A990
F6A160
F699A0
F69240
F68B60
F684F0
F67EE0
F67950
F67420
F66F70
F66B20
F66740
F663D0
F660D0
F65E40
F65C30
F65A90
F65960
F658B0
F65870
F658A0
F65950
F65A60
F65C00
F65E00
F66080
F66370
F666E0
F66AB0
F66F10
F673D0
F67900
F67EB0
F684C0
F68B50
F69250
F699C0
F6A1A0
F6AA00
F6B2C0
F6BC00
F6C5A0
F6CFC0
F6DA50
F6E550
F6F0D0
F6FCA0
F708E0
F71580
F72280
F72FF0
F73DC0
F74BF0
F75A90
F76980
F778E0
F788B0
F798D0
F7A960
F7BA50
F7CBB0
F7DD60
F7EF70
F801C0
F81470
F82760
F83AA0
F84E30
F86200
F87630
F88AA0
F89F60
F8B480
F8C9E0
F8DF80
F8F580
F90BD0
F92260
F93930
F95020
F96740
F97E90
F99620
F9ADD0
F9C5B0
F9DDC0
F9F600
FA0E70
FA2710
FA3FE0
FA58D0
FA7200
FA8B60
FAA4E0
FABE80
FAD820
FAF1D0
FB0B80
FB2550
FB3F20
FB5900
FB72E0
FB8CE0
FBA6E0
FBC0E0
FBDB00
FBF520
FC0F50
FC2990
FC43E0
FC5E10
FC7820
FC9220
FCAC10
FCC5E0
FCDFA0
FCF940
FD12C0
FD2C40
FD4590
FD5ED0
FD7800
FD9110
FDAA10
FDC2F0
FDDBB0
FDF440
FE0CA0
FE24B0
FE3CA0
FE5440
FE6BB0
FE82E0
FE99E0
FEB0A0
FEC720
FEDD70
FEF380
FF0960
FF1EF0
FF3460
FF4980
FF5E50
FF72D0
FF8700
FF9AC0
FFAE40
FFC160
FFD420
FFE6A0
FFF8B0
000A80
001BE0
002D00
003DC0
004E20
005E30
006DF0
007D40
008C20
009A90
00A8A0
00B630
00C360
00D030
00DC80
00E870
00F3F0
00FF00
0109A0
0113E0
011DA0
012700
013000
013870
014080
014810
014F20
0155C0
015BF0
0161A0
0166E0
016BA0
016FF0
0173C0
017720
017A10
017C80
017E70
018000
018100
018190
0181B0
018150
018080
017F30
017D70
017B30
017880
017550
0171B0
016D90
016900
016400
015E70
015880
015210
014B40
0143F0
013C40
013420
012B90
0122A0
011930
010F50
010510
00FA60
00EF40
00E3B0
00D7B0
00CB40
00BE70
00B130
00A3A0
0095C0
008770
0078D0
0069D0
005A80
004AC0
003AB0
002A50
001980
000860
FFF6E0
FFE500
FFD2D0
FFC040
FFAD70
FF9A60
FF8700
FF7370
FF5FA0
FF4B80
FF3730
FF2290
FF0DC0
FEF8A0
FEE340
FECDA0
FEB7C0
FEA1B0
FE8B50
FE74A0
FE5DE0
FE4700
FE2FF0
FE18C0
FE0180
FDEA00
FDD270
FDBAC0
FDA2E0
FD8AE0
FD72C0
FD5A80
FD4220
FD2990
FD10E0
FCF820
FCDF50
FCC670
FCADA0
FC94C0
FC7BF0
FC6310
FC4A30
FC3140
FC1860
FBFF70
FBE680
FBCD90
FBB4A0
FB9BB0
FB82B0
FB69C0
FB50E0
FB3810
FB1F70
FB06E0
FAEE60
FAD610
FABDD0
FAA5B0
FA8DA0
FA75B0
FA5DE0
FA4620
FA2E90
FA1700
F9FFA0
F9E850
F9D140
F9BA50
F9A3B0
F98D30
F976F0
F960E0
F94B10
F93570
F92000
F90AD0
F8F5D0
F8E100
F8CC70
F8B810
F8A3E0
F88FF0
F87C40
F868E0
F855D0
F84300
F83080
F81E40
F80C50
F7FAB0
F7E960
F7D850
F7C780
F7B700
F7A6D0
F796F0
F78750
F77800
F76900
F75A60
F74C10
F73E10
F73070
F72320
F71630
F70990
F6FD40
F6F150
F6E5B0
F6DA60
F6CF70
F6C4E0
F6BA90
F6B0B0
F6A710
F69DE0
F69500
F68C80
F68460
F67CA0
F67530
F66E20
F66770
F66110
F65B10
F65570
F65030
F64B40
F646C0
F64280
F63EB0
F63B30
F63810
F63540
F632D0
F630B0
F62EF0
F62D90
F62C80
F62BC0
F62B70
F62B70
F62BC0
F62C70
F62D80
F62EE0
F63090
F632A0
F634F0
F637A0
F63AA0
F63DF0
F64190
F64580
F649C0
F64E50
F65340
F65870
F65E00
F663D0
F66A00
F67080
F67740
F67E40
F68590
F68D20
F694F0
F69D00
F6A560
F6ADF0
F6B6D0
F6BFF0
F6C960
F6D300
F6DCF0
F6E720
F6F1A0
F6FC50
F70740
F71260
F71DC0
F72940
F73500
F74100
F74D20
F75980
F76610
F772E0
F77FD0
F78D00
F79A70
F7A800
F7B5D0
F7C3D0
F7D1F0
F7E040
F7EEA0
F7FD30
F80BE0
F81AB0
F829B0
F838C0
F84800
F85760
F866E0
F87680
F88640
F89620
F8A630
F8B660
F8C6A0
F8D6F0
F8E760
F8F7D0
F90860
F91910
F929C0
F93A90
F94B60
F95C50
F96D60
F97E70
F98FA0
F9A0E0
F9B230
F9C3A0
F9D500
F9E670
F9F7F0
FA0960
FA1AE0
FA2C70
FA3DF0
FA4F80
FA6110
FA72A0
FA8440
FA95E0
FAA780
FAB930
FACAE0
FADC90
FAEE40
FAFFE0
FB1190
FB2330
FB34C0
FB4650
FB57E0
FB6970
FB7AF0
FB8C70
FB9DE0
FBAF50
FBC0C0
FBD230
FBE390
FBF4F0
FC0640
FC1780
FC28B0
FC39E0
FC4AF0
FC5C00
FC6D00
FC7DF0
FC8ED0
FC9FB0
FCB070
FCC130
FCD1D0
FCE270
FCF300
FD0390
FD1400
FD2460
FD34B0
FD44E0
FD5510
FD6530
FD7530
FD8530
FD9510
FDA4F0
FDB4B0
FDC460
FDD400
FDE390
FDF310
FE0280
FE11E0
FE2120
FE3050
FE3F70
FE4E80
FE5D80
FE6C60
FE7B30
FE89F0
FE98A0
FEA740
FEB5C0
FEC430
FED290
FEE0E0
FEEF20
FEFD40
FF0B60
FF1960
FF2750
FF3530
FF4300
FF50B0
FF5E60
FF6BF0
FF7970
FF86E0
FF9440
FFA190
FFAED0
FFBBF0
FFC910
FFD610
FFE300
FFEFF0
FFFCC0
000980
001640
0022E0
002F70
003BF0
004860
0054D0
006120
006D60
007990
0085B0
0091C0
009DC0
00A9B0
00B5A0
00C170
00CD40
00D900
00E4B0
00F050
00FBE0
010760
0112D0
011E40
012990
0134E0
014020
014B40
015670
016180
016C90
017790
018280
018D70
019840
01A310
01ADE0
01B890
01C340
01CDF0
01D880
01E310
01ED90
01F800
020270
020CD0
021720
022170
022BB0
0235E0
024010
024A30
025450
025E60
026860
027250
027C40
028620
029000
0299D0
02A390
02AD50
02B700
02C0B0
02CA50
02D3F0
02DD80
02E700
02F080
02F9F0
030360
030CC0
031620
031F70
0328B0
0331F0
033B20
034450
034D70
035680
035F90
0368A0
037190
037A80
038370
038C50
039520
039DF0
03A6B0
03AF60
03B810
03C0B0
03C950
03D1E0
03DA60
03E2E0
03EB50
03F3C0
03FC20
040470
040CC0
041500
041D40
042570
042D90
0435B0
043DC0
0445C0
044DC0
0455B0
045D90
046570
046D40
047500
047CC0
048470
048C10
0493A0
049B30
04A2B0
04AA20
04B190
04B8E0
04C040
04C780
04CEC0
04D5E0
04DD10
04E420
04EB20
04F220
04F910
050000
0506D0
050DA0
051460
051B20
0521C0
052860
052EF0
053570
053BF0
054250
0548B0
054F00
055540
055B70
056190
0567B0
056DC0
0573C0
0579B0
057F90
058560
058B30
0590E0
059690
059C30
05A1C0
05A750
05ACC0
05B230
05B790
05BCE0
05C220
05C750
05CC80
05D190
05D6A0
05DBA0
05E090
05E580
05EA50
05EF20
05F3D0
05F880
05FD20
0601C0
060640
060AB0
060F20
061380
0617D0
061C10
062040
062460
062880
062C80
063080
063470
063850
063C30
063FF0
0643B0
064760
064B00
064E90
065210
065590
065900
065C60
065FB0
0662F0
066630
066950
066C70
066F80
067290
067580
067860
067B40
067E10
0680D0
068380
068630
0688C0
068B50
068DD0
069040
0692B0
069500
069750
069990
069BD0
069DF0
06A010
06A220
06A430
06A630
06A820
06AA00
06ABD0
06ADA0
06AF60
06B120
06B2C0
06B460
06B600
06B780
06B900
06BA70
06BBE0
06BD40
06BE90
06BFD0
06C110
06C240
06C370
06C490
06C5A0
06C6A0
06C7A0
06C890
06C970
06CA50
06CB20
06CBF0
06CCB0
06CD60
06CE10
06CEB0
06CF40
06CFD0
06D050
06D0C0
06D130
06D190
06D1F0
06D240
06D280
06D2C0
06D2F0
06D310
06D330
06D340
06D350
06D350
06D340
06D330
06D320
06D2F0
06D2C0
06D290
06D240
06D200
06D1A0
06D150
06D0F0
06D080
06D000
06CF90
06CF00
06CE80
06CDE0
06CD40
06CCA0
06CBF0
06CB40
06CA80
06C9B0
06C8E0
06C810
06C730
06C650
06C570
06C480
06C390
06C290
06C190
06C080
06BF70
06BE50
06BD40
06BC10
06BAF0
06B9B0
06B880
06B740
06B600
06B4C0
06B370
06B230
06B0D0
06AF80
06AE20
06ACC0
06AB60
06A9F0
06A890
06A710
06A5A0
06A420
06A2A0
06A120
069FA0
069E20
069C90
069B10
069980
0697F0
069660
0694D0
069340
0691A0
069010
068E70
068CD0
068B40
0689A0
068800
068660
0684D0
068330
0681A0
068000
067E70
067CE0
067B50
0679C0
067830
0676B0
067520
067390
067210
067090
066F10
066D90
066C20
066AB0
066950
0667F0
066690
066530
0663E0
066290
066150
066010
065ED0
065DA0
065C60
065B40
065A20
065900
065800
0656F0
065600
065500
065420
065340
065260
065190
0650D0
065010
064F60
064EB0
064E10
064D80
064CF0
064C70
064C00
064B90
064B30
064AE0
064AA0
064A60
064A30
064A10
064A00
0649F0
0649F0
0649F0
064A10
064A30
064A60
064AA0
064AF0
064B40
064BB0
064C20
064CA0
064D30
064DD0
064E70
064F30
064FF0
0650C0
0651A0
065290
065380
065490
0655A0
0656C0
0657F0
065920
065A60
065BB0
065D10
065E80
065FF0
066170
066300
066490
066640
0667F0
0669B0
066B70
066D40
066F20
067100
0672E0
0674D0
0676D0
0678E0
067AF0
067D00
067F20
068150
068380
0685C0
068800
068A50
068C90
068EE0
069130
069380
0695E0
069830
069A90
069CE0
069F40
06A1A0
06A400
06A670
06A8D0
06AB40
06ADA0
06B010
06B270
06B4C0
06B710
06B960
06BBB0
06BDF0
06C020
06C250
06C480
06C6B0
06C8D0
06CAE0
06CCF0
06CF00
06D110
06D300
06D4E0
06D6B0
06D880
06DA30
06DBC0
06DD50
06DED0
06E030
06E190
06E2D0
06E410
06E530
06E640
06E740
06E830
06E900
06E9B0
06EA50
06EAC0
06EB20
06EB50
06EB70
06EB70
06EB60
06EB20
06EAC0
06EA50
06E9C0
06E900
06E830
06E750
06E630
06E4F0
06E380
06E1F0
06E030
06DE40
06DC30
06D9F0
06D790
06D4F0
06D240
06CF50
06CC40
06C910
06C5A0
06C220
06BE50
06BA60
06B640
06B1E0
06AD50
06A890
06A3A0
069E70
069910
069380
068DC0
0687D0
0681A0
067B50
0674C0
066DF0
066700
065FC0
065860
0650B0
0648D0
0640C0
063870
062FE0
062720
061E30
061500
060B90
0601F0
05F810
05EDF0
05E3B0
05D920
05CE60
05C360
05B830
05ACC0
05A120
059540
058920
057CD0
057040
056380
055680
054940
053BD0
052E20
052040
051220
0503D0
04F560
04E6A0
04D7C0
04C8A0
04B960
04A9E0
049A30
048A40
047A30
0469E0
045960
0448B0
0437D0
0426B0
041570
040410
03F280
03E0D0
03CF00
03BD00
03AAE0
039890
038620
037390
0360D0
034DF0
033AF0
0327C0
031460
0300F0
02ED60
02D9C0
02C610
02B250
029E70
028A90
027690
026290
024E70
023A40
022600
0211A0
01FD40
01E8C0
01D440
01BFA0
01AB10
019680
0181F0
016D70
0158F0
014480
013000
011BA0
010730
00F2D0
00DE80
00CA20
00B5E0
00A190
008D50
007910
0064F0
005100
003D30
002970
0015E0
000270
FFEF20
FFDBF0
FFC8E0
FFB600
FFA330
FF9090
FF7E10
FF6BB0
FF5960
FF4750
FF3560
FF23C0
FF1260
FF0130
FEF040
FEDF90
FECF20
FEBEE0
FEAEE0
FE9F30
FE8FB0
FE8060
FE7160
FE6290
FE5400
FE45B0
FE37C0
FE2A20
FE1CD0
FE0FD0
FE0330
FDF6E0
FDEAE0
FDDF40
FDD3F0
FDC8F0
FDBE50
FDB400
FDAA00
FDA060
FD9710
FD8E20
FD8590
FD7D60
FD75A0
FD6E40
FD6740
FD60B0
FD5A90
FD54D0
FD4F70
FD4A80
FD45F0
FD41C0
FD3E10
FD3AB0
FD37C0
FD3530
FD3310
FD3170
FD3030
FD2F60
FD2F10
FD2F20
FD2FA0
FD30A0
FD3200
FD33D0
FD3620
FD38D0
FD3BF0
FD3F90
FD4390
FD4800
FD4CE0
FD5230
FD57F0
FD5E20
FD64B0
FD6BC0
FD7330
FD7B10
FD8360
FD8C20
FD9550
FD9EE0
FDA8E0
FDB360
FDBE40
FDC980
FDD530
FDE140
FDEDB0
FDFA70
FE07A0
FE1520
FE2310
FE3150
FE3FF0
FE4F00
FE5E60
FE6E20
FE7E40
FE8EC0
FE9FA0
FEB0D0
FEC260
FED420
FEE630
FEF880
FF0B20
FF1E00
FF3120
FF4490
FF5840
FF6C40
FF8080
FF9500
FFA9C0
FFBED0
FFD430
FFE9C0
FFFF80
001560
002B60
004190
0057D0
006E40
0084C0
009B70
00B240
00C940
00E050
00F780
010EE0
012660
013E00
0155C0
016D80
018530
019CE0
01B490
01CC30
01E3D0
01FB60
0212F0
022A80
024200
025980
027100
028870
029FE0
02B740
02CEB0
02E5E0
02FCD0
0313A0
032A40
0340A0
0356E0
036CE0
0382C0
039860
03ADD0
03C310
03D820
03ED00
0401B0
041630
042A70
043E60
045200
046530
047820
048AA0
049CD0
04AEA0
04C020
04D140
04E200
04F270
050280
051240
0521A0
0530A0
053F50
054D80
055B30
056870
057530
058170
058D30
059880
05A350
05ADA0
05B780
05C0E0
05C9C0
05D230
05DA20
05E190
05E880
05EEF0
05F4C0
05FA00
05FEB0
0602E0
060670
060970
060BE0
060DC0
060F10
060FC0
060FF0
060F90
060EA0
060D10
060B00
060850
060500
060130
05FCB0
05F7A0
05F200
05EBC0
05E4F0
05DD80
05D580
05CCE0
05C3B0
05B9E0
05AF80
05A480
0598F0
058CD0
058020
0572E0
056510
0556B0
0547C0
053840
052830
0517A0
050670
04F4B0
04E270
04CF90
04BC30
04A830
0493B0
047EB0
046940
045350
043CF0
042620
040ED0
03F710
03DED0
03C620
03AD00
039360
037950
035EC0
0343C0
032840
030C60
02F020
02D390
02B6B0
029980
027C00
025E30
024010
0221B0
0202F0
01E3E0
01C480
01A4D0
0184D0
016480
0143E0
012300
0101F0
00E0C0
00BF70
009E10
007C80
005AD0
003910
001720
FFF520
FFD300
FFB0B0
FF8E50
FF6BD0
FF4930
FF2670
FF0380
FEE0C0
FEBE10
FE9B70
FE78E0
FE5670
FE3420
FE11D0
FDEFA0
FDCD90
FDAB90
FD89A0
FD67D0
FD4610
FD2470
FD02E0
FCE160
FCC030
FC9F50
FC7EC0
FC5E70
FC3E70
FC1EC0
FBFF60
FBE040
FBC180
FBA300
FB84C0
FB66E0
FB4940
FB2BF0
FB0EF0
FAF230
FAD5F0
FABA30
FA9EF0
FA8420
FA69C0
FA4FF0
FA3690
FA1DB0
FA0540
F9ED50
F9D5E0
F9BEE0
F9A860
F99250
F97CD0
F967B0
F95340
F93F70
F92C30
F91990
F90790
F8F630
F8E570
F8D550
F8C5C0
F8B6D0
F8A880
F89AD0
F88DC0
F88150
F87570
F86A40
F85FB0
F855D0
F84CB0
F84430
F83C70
F83550
F82EF0
F82930
F82430
F81FD0
F81C30
F81940
F81700
F81560
F81480
F81450
F814D0
F81600
F817E0
F81A70
F81DB0
F821B0
F82650
F82BB0
F831B0
F83870
F83FE0
F84800
F850D0
F85A50
F86480
F86F70
F87AF0
F88710
F893D0
F8A130
F8AF30
F8BDD0
F8CD10
F8DCF0
F8ED60
F8FE80
F91030
F92290
F93580
F94920
F95D50
F97220
F98770
F99D40
F9B380
F9CA40
F9E170
F9F930
FA1160
FA2A00
FA4330
FA5CD0
FA76F0
FA9180
FAAC90
FAC820
FAE430
FB00B0
FB1D80
FB3A90
FB5800
FB75A0
FB93A0
FBB1E0
FBD060
FBEF40
FC0E50
FC2DC0
FC4D70
FC6D70
FC8DB0
FCAE40
FCCF20
FCF040
FD1170
FD32C0
FD5410
FD7580
FD96F0
FDB870
FDDA10
FDFBC0
FE1D70
FE3F40
FE6110
FE8300
FEA500
FEC710
FEE930
FF0B50
FF2D60
FF4F30
FF70E0
FF9260
FFB3B0
FFD4E0
FFF5E0
0016B0
003760
0057E0
007830
009850
00B850
00D820
00F7C0
011740
013650
015510
017360
019150
01AEE0
01CC00
01E8D0
020530
022130
023CD0
025810
0272F0
028D70
02A780
02C130
02DA90
02F350
030B80
032320
033A30
0350B0
0366A0
037C00
0390D0
03A520
03B8D0
03CBF0
03DE80
03F080
0401F0
0412D0
042320
0432C0
0441C0
045000
045DA0
046A90
0476D0
048260
048D40
049770
04A100
04A9E0
04B210
04B990
04C060
04C680
04CC00
04D0C0
04D4C0
04D810
04DAA0
04DC80
04DDA0
04DE10
04DDC0
04DCC0
04DB00
04D880
04D550
04D160
04CCC0
04C770
04C150
04BA90
04B320
04AB00
04A230
0498B0
048E70
048390
047800
046BC0
045ED0
045130
0442F0
0433F0
042440
0413E0
0402D0
03F130
03DF00
03CC30
03B8D0
03A4E0
039060
037B40
036590
034F50
033880
032110
030910
02F080
02D750
02BDA0
02A350
028890
026D70
0251E0
0235F0
021990
01FCD0
01DFB0
01C210
01A410
0185B0
0166E0
0147B0
012810
010800
00E790
00C6C0
00A5B0
008470
006300
004160
001F90
FFFD90
FFDB60
FFB8F0
FF9660
FF7390
FF5090
FF2D60
FF0A00
FEE670
FEC2B0
FE9EB0
FE7AD0
FE56F0
FE3310
FE0F40
FDEB80
FDC7D0
FDA420
FD8080
FD5CE0
FD3950
FD15D0
FCF260
FCCEF0
FCAB90
FC8830
FC64E0
FC41D0
FC1F10
FBFC90
FBDA60
FBB860
FB96B0
FB7550
FB5420
FB3350
FB12B0
FAF260
FAD250
FAB280
FA9300
FA73C0
FA54C0
FA3640
FA1840
F9FAB0
F9DD90
F9C0F0
F9A4D0
F98920
F96DF0
F95340
F938F0
F91F30
F905E0
F8ED10
F8D4B0
F8BCC0
F8A560
F88E90
F87860
F862D0
F84DE0
F83990
F825E0
F812D0
F80060
F7EE90
F7DD60
F7CCD0
F7BCE0
F7AD90
F79ED0
F790C0
F78350
F77690
F76A80
F75F30
F75490
F74AB0
F74180
F73900
F73130
F72A20
F723C0
F71E20
F71930
F714F0
F71170
F70EA0
F70C90
F70B30
F70A80
F70AA0
F70B60
F70CF0
F70F30
F71220
F715D0
F71A40
F71F70
F72540
F72BE0
F73330
F73B40
F74400
F74D80
F757B0
F76280
F76E00
F77A30
F78700
F79480
F7A2B0
F7B180
F7C110
F7D140
F7E210
F7F3A0
F805D0
F818A0
F82C30
F84060
F85520
F86A70
F88040
F896A0
F8AD90
F8C500
F8DD00
F8F590
F90EB0
F92850
F94280
F95D40
F97880
F99450
F9B0B0
F9CDA0
F9EAE0
FA0890
FA2690
FA4500
FA63C0
FA82E0
FAA270
FAC250
FAE290
FB0330
FB2430
FB4590
FB6760
FB8980
FBAC00
FBCED0
FBF1E0
FC1510
FC3870
FC5C00
FC7FC0
FCA3A0
FCC7B0
FCEBE0
FD1040
FD34D0
FD5990
FD7E70
FDA380
FDC8C0
FDEE20
FE13C0
FE3940
FE5EC0
FE8430
FEA990
FECEF0
FEF440
FF1980
FF3EC0
FF63F0
FF8910
FFAE30
FFD340
FFF840
001D40
004220
006710
008BB0
00B010
00D440
00F820
011BD0
013F40
016260
018550
01A800
01CA70
01ECA0
020EA0
023050
0251C0
027300
0293F0
02B480
02D4B0
02F460
0313B0
0332A0
035110
036F30
038CD0
03AA10
03C6E0
03E350
03FF50
041AE0
043610
0450D0
046B20
0484F0
049E30
04B6F0
04CF20
04E6C0
04FDE0
051470
052A80
054000
0554F0
056960
057D40
059090
05A360
05B5A0
05C760
05D880
05E900
05F8E0
060830
0616E0
062500
063280
063F60
064BA0
065740
066250
066CC0
0676A0
067FE0
068880
069080
0697F0
069EB0
06A4E0
06AA70
06AF60
06B3C0
06B770
06BA90
06BD10
06BEF0
06C030
06C0D0
06C0D0
06C040
06BF10
06BD30
06BAD0
06B7E0
06B450
06B030
06AB90
06A650
06A070
069A10
069320
068B90
068370
067AC0
067180
0667B0
065D50
065250
0646E0
063AF0
062E90
0621B0
061450
060670
05F820
05E950
05DA10
05CA50
05BA10
05A960
059830
058680
057460
0561B0
054EC0
053B60
0527B0
0513A0
04FF40
04EA80
04D560
04BFE0
04AA10
0493E0
047D50
046670
044F30
043790
041FA0
040740
03EEC0
03D600
03BD10
03A3E0
038A80
0370F0
035720
033D20
0322F0
030880
02EDE0
02D310
02B800
029CC0
028140
026590
0249D0
022E00
021220
01F630
01DA20
01BE10
01A1F0
0185B0
016970
014D10
0130B0
011430
00F7B0
00DB10
00BE60
00A1A0
0084F0
006860
004BD0
002F60
001300
FFF6B0
FFDA70
FFBE40
FFA220
FF8620
FF6A20
FF4E40
FF3270
FF16B0
FEFB00
FEDF60
FEC3F0
FEA8B0
FE8DB0
FE72D0
FE5810
FE3D90
FE2340
FE0920
FDEF30
FDD560
FDBBD0
FDA270
FD8930
FD7020
FD5750
FD3EA0
FD2640
FD0E20
FCF640
FCDEA0
FCC750
FCB040
FC9970
FC82E0
FC6CA0
FC56A0
FC40E0
FC2B70
FC1630
FC0140
FBECA0
FBD830
FBC420
FBB060
FB9CE0
FB89C0
FB76F0
FB6470
FB5250
FB4070
FB2EE0
FB1DB0
FB0CC0
FAFC30
FAEBE0
FADBF0
FACC50
FABD00
FAAE00
FA9F60
FA9110
FA8320
FA7570
FA6830
FA5B30
FA4E90
FA4250
FA3650
FA2AC0
FA1F70
FA1480
FA09E0
F9FFA0
F9F5B0
F9EC10
F9E2D0
F9D9E0
F9D140
F9C900
F9C110
F9B970
F9B220
F9AB30
F9A490
F99E40
F99850
F992B0
F98D60
F98860
F983C0
F97F60
F97B60
F977A0
F97430
F97110
F96E30
F96BA0
F96960
F96770
F965D0
F96470
F96370
F962B0
F96240
F96210
F96240
F962A0
F96350
F96440
F96580
F966F0
F968B0
F96AB0
F96CF0
F96F80
F97240
F97550
F978A0
F97C40
F98010
F98430
F98890
F98D20
F991F0
F99700
F99C30
F9A1B0
F9A750
F9AD30
F9B350
F9B9A0
F9C020
F9C6E0
F9CDE0
F9D510
F9DC70
F9E400
F9EBE0
F9F3E0
F9FC00
FA0460
FA0CF0
FA15A0
FA1E80
FA27A0
FA30E0
FA3A50
FA43E0
FA4DB0
FA57A0
FA61D0
FA6C20
FA76A0
FA8150
FA8C20
FA9720
FAA230
FAAD70
FAB8E0
FAC460
FAD010
FADBE0
FAE7E0
FAF3F0
FB0030
FB0C90
FB1920
FB25C0
FB3290
FB3F90
FB4CA0
FB59D0
FB6720
FB7490
FB8220
FB8FD0
FB9DA0
FBAB90
FBB9A0
FBC7C0
FBD610
FBE480
FBF300
FC01B0
FC1070
FC1F60
FC2E60
FC3D70
FC4CB0
FC5C00
FC6B60
FC7AE0
FC8A80
FC9A40
FCAA10
FCB9F0
FCCA00
FCDA20
FCEA50
FCFAA0
FD0B10
FD1BA0
FD2C40
FD3CF0
FD4DC0
FD5EB0
FD6FB0
FD80C0
FD91F0
FDA340
FDB4A0
FDC610
FDD7B0
FDE950
FDFB10
FE0CF0
FE1EE0
FE30F0
FE4310
FE5540
FE6790
FE79F0
FE8C60
FE9EF0
FEB190
FEC440
FED710
FEE9F0
FEFCF0
FF0FF0
FF2310
FF3650
FF4990
FF5D00
FF7070
FF83F0
FF9790
FFAB30
FFBEF0
FFD2C0
FFE6B0
FFFAA0
000EB0
0022C0
0036F0
004B30
005F90
0073F0
008870
009CF0
00B190
00C630
00DAE0
00EFA0
010470
011950
012E30
014320
015820
016D30
018240
019770
01ACA0
01C1E0
01D720
01EC80
0201E0
021740
022CA0
024200
025770
026CE0
028260
0297D0
02AD50
02C2D0
02D860
02EDE0
030370
031900
032EA0
034430
0359D0
036F50
0384E0
039A60
03AFD0
03C540
03DAB0
03F010
040570
041AC0
043010
044550
045A90
046FD0
048500
049A30
04AF40
04C440
04D930
04EE00
0502C0
051760
052C00
054070
0554E0
056930
057D70
059190
05A5A0
05B9A0
05CD80
05E150
05F500
060880
061BE0
062F10
064230
065510
0667E0
067A80
068D00
069F50
06B190
06C390
06D580
06E740
06F8E0
070A50
071B90
072CA0
073D70
074E10
075E70
076EA0
077EA0
078E60
079DE0
07AD40
07BC50
07CB40
07D9F0
07E860
07F6B0
0804B0
081280
082000
082D40
083A30
0846F0
085360
085F80
086B70
087710
088270
088D80
089850
08A2E0
08AD30
08B730
08C0F0
08CA60
08D380
08DC50
08E4D0
08ECF0
08F4D0
08FC60
090390
090A80
091120
091760
091D60
092300
092850
092D60
093210
093670
093A80
093E30
094190
094490
094740
0949A0
094BA0
094D50
094EA0
094FA0
095050
0950A0
0950A0
095050
094FA0
094EA0
094D40
094B90
094990
094730
094480
094180
093E20
093A70
093660
093200
092D40
092840
0922E0
091D20
091710
0910B0
090A10
090310
08FBD0
08F430
08EC50
08E420
08DBA0
08D2D0
08C9C0
08C050
08B6A0
08ACA0
08A240
0897A0
088CC0
088190
087620
086A70
085E80
085260
0845F0
083950
082C60
081F30
0811D0
080430
07F640
07E820
07D9B0
07CB10
07BC30
07AD20
079DE0
078E80
077EF0
076F40
075F60
074F50
073F10
072EB0
071E20
070D70
06FC80
06EB80
06DA40
06C8E0
06B750
06A5B0
069400
068240
067070
065E80
064C90
063A80
062860
061630
0603F0
05F1A0
05DF30
05CCC0
05BA30
05A790
0594F0
058240
056FA0
055D10
054A80
053800
052590
051320
0500B0
04EE50
04DBF0
04C9B0
04B760
04A520
0492F0
0480C0
046EA0
045CA0
044AC0
043900
042760
0415E0
040490
03F350
03E240
03D150
03C070
03AFC0
039F30
038ED0
037E80
036E50
035E50
034E80
033EE0
032F80
032050
031160
0302B0
02F420
02E5E0
02D7D0
02C9F0
02BC40
02AEE0
02A1A0
0294A0
0287E0
027B50
026F10
026300
025750
024BD0
0240B0
0235C0
022B20
0220C0
0216B0
020CE0
020360
01FA20
01F130
01E870
01E010
01D7E0
01D010
01C880
01C150
01BA60
01B3C0
01AD70
01A770
01A1C0
019C60
019740
019280
018E00
0189E0
018600
018270
017F30
017C40
017990
017740
017530
017370
0171F0
0170D0
016FF0
016F60
016F20
016F20
016F80
017020
017110
017240
0173D0
017590
0177A0
0179F0
017C80
017F50
018260
0185B0
018940
018D20
019140
019590
019A30
019F10
01A430
01A990
01AF40
01B510
01BB10
01C140
01C7A0
01CE30
01D4F0
01DBE0
01E300
01EA50
01F1C0
01F970
020150
020950
021180
0219F0
022280
022B30
0233F0
023CD0
0245C0
024EC0
0257E0
026110
026A60
0273C0
027D30
0286C0
029070
029A30
02A400
02ADE0
02B7F0
02C1E0
02CBE0
02D5D0
02DFC0
02E9A0
02F380
02FD60
030730
031110
031AD0
0324A0
032E60
033820
0341D0
034B90
035530
035EC0
036830
037180
037AA0
0383B0
038C90
039550
039E00
03A680
03AEE0
03B720
03BF40
03C740
03CF10
03D6D0
03DE70
03E5D0
03ECF0
03F3E0
03FA90
040100
040740
040D40
041300
041890
041DE0
042300
0427E0
042C80
0430E0
043510
043910
043CB0
044010
044320
0445E0
044850
044A70
044C50
044DE0
044F20
045010
0450C0
045110
045120
0450E0
045060
044F80
044E50
044CD0
044AF0
0448C0
044630
044350
044020
043C90
0438B0
043470
042FE0
042B00
0425C0
042020
041A40
0413F0
040D60
040670
03FF20
03F780
03EF90
03E740
03DE90
03D590
03CC40
03C290
03B890
03AE30
03A380
039870
038D10
038160
037550
036900
035C60
034F70
034230
0334B0
0326E0
0318B0
030A40
02FB90
02EC80
02DD20
02CD80
02BD90
02AD50
029CC0
028C00
027B00
0269C0
025850
0246A0
0234C0
0222A0
021040
01FDB0
01EAE0
01D7D0
01C490
01B120
019D70
018980
017550
016110
014CB0
013830
012390
010ED0
00FA00
00E500
00CFF0
00BAC0
00A570
009000
007A70
0064D0
004F00
003920
002320
000D20
FFF720
FFE120
FFCB30
FFB530
FF9F40
FF8950
FF7360
FF5D70
FF4780
FF31A0
FF1BB0
FF05D0
FEEFF0
FEDA00
FEC430
FEAE70
FE98E0
FE8360
FE6E20
FE58F0
FE43F0
FE2F10
FE1A60
FE05C0
FDF150
FDDD10
FDC8E0
FDB4E0
FDA100
FD8D50
FD79B0
FD6660
FD5360
FD4090
FD2E10
FD1BE0
FD09E0
FCF830
FCE6C0
FCD5A0
FCC4C0
FCB420
FCA3C0
FC93B0
FC83E0
FC7450
FC6510
FC5620
FC47A0
FC3980
FC2BC0
FC1E50
FC1150
FC04B0
FBF870
FBEC80
FBE100
FBD5E0
FBCB20
FBC0C0
FBB6C0
FBAD20
FBA3E0
FB9B10
FB92C0
FB8AD0
FB8360
FB7C60
FB75D0
FB6FB0
FB6A10
FB64D0
FB6010
FB5BC0
FB57F0
FB5480
FB5190
FB4F00
FB4CF0
FB4B60
FB4A50
FB49B0
FB4990
FB49F0
FB4AC0
FB4C20
FB4DF0
FB5040
FB5300
FB5650
FB5A10
FB5E50
FB6300
FB6840
FB6DF0
FB7420
FB7AC0
FB81E0
FB8980
FB9190
FB9A10
FBA310
FBAC90
FBB690
FBC100
FBCBE0
FBD740
FBE320
FBEF70
FBFC40
FC0980
FC1730
FC2550
FC33E0
FC42D0
FC5230
FC6200
FC7240
FC82E0
FC9400
FCA580
FCB760
FCC9C0
FCDC80
FCEFB0
FD0350
FD1750
FD2BB0
FD4060
FD5560
FD6AC0
FD8070
FD9670
FDACC0
FDC370
FDDA70
FDF1C0
FE0970
FE2160
FE39B0
FE5260
FE6B50
FE84A0
FE9E20
FEB7E0
FED1C0
FEEBF0
FF0640
FF20D0
FF3BA0
FF5690
FF71C0
FF8D30
FFA8D0
FFC4A0
FFE0A0
FFFCE0
001950
003600
0052B0
006F80
008C60
00A950
00C650
00E370
010090
011DD0
013B10
015870
0175E0
019360
01B0F0
01CEA0
01EC50
020A20
0227D0
024570
026310
028090
029DF0
02BB50
02D8A0
02F5D0
0312F0
033000
034D00
0369F0
0386D0
03A390
03C050
03DCF0
03F960
0415A0
0431A0
044D70
046910
048480
049FB0
04BAB0
04D580
04F020
050A80
0524B0
053EB0
055870
057210
058B60
05A470
05BD30
05D5A0
05EDB0
060580
061D00
063420
064AF0
066180
0677B0
068D90
06A320
06B860
06CD50
06E1F0
06F630
070A20
071DA0
0730C0
074370
0755C0
0767B0
077930
078A50
079B10
07AB70
07BB60
07CAE0
07DA10
07E8D0
07F730
080520
0812B0
081FC0
082C60
083890
084460
084FB0
085A90
086500
086F00
087890
0881A0
088A50
089290
089A60
08A1B0
08A8A0
08AF10
08B520
08BAB0
08BFD0
08C480
08C8D0
08CCA0
08D000
08D2F0
08D560
08D770
08D910
08DA30
08DAF0
08DB30
08DB10
08DA70
08D980
08D810
08D640
08D400
08D160
08CE50
08CAD0
08C6F0
08C2A0
08BDF0
08B8D0
08B340
08AD50
08A6F0
08A020
089900
089180
0889B0
088180
087900
087020
0866F0
085D60
085370
084930
083E90
0833A0
082850
081CB0
0810B0
080450
07F7B0
07EAD0
07DDB0
07D050
07C2A0
07B4B0
07A670
0797F0
078930
077A30
076AF0
075B60
074B90
073B80
072B20
071A80
0709B0
06F8C0
06E7A0
06D650
06C4E0
06B340
06A170
068F70
067D50
066B00
065880
0645E0
063310
062010
060CE0
05F990
05E620
05D2A0
05BF10
05AB70
0597B0
0583F0
057000
055C10
054800
0533F0
051FB0
050B70
04F710
04E2A0
04CE20
04B990
04A4F0
049060
047BD0
046740
0452B0
043E30
0429A0
041510
040090
03EC10
03D780
03C300
03AE80
039A10
038590
037110
035CB0
034850
033410
031FE0
030BB0
02F7A0
02E3A0
02CFB0
02BBD0
02A800
029450
0280A0
026D10
025980
024610
0232A0
021F60
020C30
01F920
01E630
01D360
01C0A0
01AE00
019B80
018920
0176D0
0164B0
0152A0
0140B0
012ED0
011D20
010B80
00FA00
00E8B0
00D770
00C650
00B560
00A480
0093C0
008330
0072B0
006250
005220
004200
003210
002230
001280
0002E0
FFF370
FFE410
FFD4D0
FFC5C0
FFB6C0
FFA7E0
FF9920
FF8A80
FF7C00
FF6DA0
FF5F50
FF5130
FF4330
FF3540
FF2780
FF19D0
FF0C40
FEFED0
FEF170
FEE430
FED700
FEC9F0
FEBCF0
FEB010
FEA350
FE96A0
FE8A10
FE7D90
FE7130
FE64E0
FE58B0
FE4CA0
FE4090
FE34A0
FE28C0
FE1CE0
FE1120
FE0570
FDF9D0
FDEE40
FDE2C0
FDD750
FDCBF0
FDC0A0
FDB560
FDAA30
FD9F10
FD9400
FD8900
FD7E00
FD7310
FD6820
FD5D40
FD5270
FD47A0
FD3CD0
FD3210
FD2760
FD1CB0
FD1210
FD0770
FCFCE0
FCF260
FCE7D0
FCDD60
FCD2E0
FCC860
FCBDF0
FCB370
FCA900
FC9E90
FC9420
FC89B0
FC7F40
FC74D0
FC6A70
FC6000
FC55A0
FC4B40
FC40E0
FC3680
FC2C20
FC21C0
FC1760
FC0D10
FC02B0
FBF850
FBEDF0
FBE3A0
FBD940
FBCEF0
FBC490
FBBA40
FBAFE0
FBA590
FB9B30
FB90E0
FB8690
FB7C40
FB71F0
FB67B0
FB5D60
FB5320
FB48E0
FB3EA0
FB3460
FB2A20
FB1FE0
FB15B0
FB0B80
FB0140
FAF710
FAECF0
FAE2E0
FAD8D0
FACEC0
FAC4D0
FABAE0
FAB100
FAA730
FA9D60
FA93A0
FA89F0
FA8040
FA76A0
FA6D10
FA6380
FA5A10
FA50A0
FA4750
FA3E20
FA3500
FA2BF0
FA2300
FA1A20
FA1160
FA08B0
FA0010
F9F790
F9EF20
F9E6D0
F9DE90
F9D670
F9CE60
F9C680
F9BEC0
F9B720
F9AFB0
F9A870
F9A150
F99A50
F99380
F98CD0
F98650
F98000
F979D0
F973C0
F96DE0
F96820
F96290
F95D30
F95810
F95320
F94E70
F949F0
F945B0
F941A0
F93DD0
F93A30
F936D0
F933A0
F930A0
F92DF0
F92B60
F92910
F92700
F92530
F923A0
F92260
F92170
F920C0
F92050
F92030
F92050
F920C0
F92170
F92270
F923B0
F92540
F92710
F92930
F92B90
F92E40
F93150
F934A0
F93850
F93C50
F940A0
F94540
F94A30
F94F70
F95500
F95AF0
F96130
F967B0
F96E90
F975C0
F97D50
F98520
F98D50
F995E0
F99EC0
F9A7F0
F9B180
F9BB70
F9C5A0
F9D040
F9DB20
F9E670
F9F200
F9FDF0
FA0A40
FA16E0
FA23D0
FA3120
FA3EC0
FA4CB0
FA5AF0
FA6990
FA7870
FA87B0
FA9740
FAA720
FAB760
FAC7F0
FAD8D0
FAEA00
FAFB80
FB0D60
FB1F80
FB3200
FB44B0
FB57B0
FB6B00
FB7E90
FB9270
FBA690
FBBAF0
FBCFA0
FBE490
FBF9D0
FC0F50
FC2520
FC3B30
FC5190
FC6830
FC7F00
FC9610
FCAD40
FCC4B0
FCDC50
FCF420
FD0C20
FD2460
FD3CC0
FD5560
FD6E30
FD8730
FDA060
FDB9D0
FDD360
FDED30
FE0710
FE2100
FE3B10
FE5540
FE6F80
FE89D0
FEA440
FEBEC0
FED950
FEF400
FF0ED0
FF29A0
FF44A0
FF5FA0
FF7AC0
FF9600
FFB130
FFCC50
FFE770
000280
001D80
003880
005380
006E70
008950
00A430
00BF00
00D9C0
00F480
010F30
0129E0
014480
015F00
017940
019360
01AD60
01C720
01E0C0
01FA40
021380
022CA0
0245A0
025E60
027700
028F70
02A7C0
02BFE0
02D7D0
02EF80
0306E0
031DF0
0334C0
034B40
036170
037760
038D10
03A260
03B770
03CC40
03E0C0
03F4F0
0408E0
041C80
042FD0
0442C0
045550
046780
047950
048AB0
049BC0
04AC60
04BCA0
04CC70
04DBF0
04EB00
04F9B0
050800
0515E0
052370
053090
053D40
054980
055550
0560A0
056B80
0575F0
057FF0
058980
059290
059B30
05A360
05AB20
05B260
05B930
05BFA0
05C580
05CB00
05D000
05D480
05D880
05DC20
05DF30
05E1D0
05E400
05E5B0
05E6E0
05E7A0
05E7E0
05E7B0
05E700
05E5E0
05E440
05E230
05DFB0
05DCC0
05D960
05D580
05D140
05CC80
05C760
05C1C0
05BBB0
05B530
05AE40
05A6E0
059F10
0596D0
058E10
058500
057B90
0571C0
056790
055CF0
055210
0546C0
053B10
052F00
052290
0515D0
0508A0
04FB20
04ED30
04DEF0
04D050
04C170
04B240
04A2E0
049330
048340
047310
0462A0
0451F0
044100
042FD0
041E50
040CA0
03FAA0
03E870
03D5F0
03C330
03B050
039D60
038A40
037710
0363C0
035050
033CC0
032910
031550
030160
02ED60
02D940
02C4F0
02B0A0
029C20
028780
0272F0
025E70
0249F0
023580
022110
020CB0
01F860
01E420
01CFE0
01BBA0
01A770
019350
017F40
016B30
015720
014330
012F60
011BC0
010860
00F520
00E220
00CF40
00BCA0
00AA20
0097E0
0085C0
0073E0
006230
0050A0
003F50
002E30
001D30
000C90
FFFC40
FFEC40
FFDCA0
FFCD40
FFBE30
FFAF80
FFA120
FF9310
FF8550
FF77E0
FF6AC0
FF5DF0
FF5180
FF4560
FF3980
FF2E20
FF2320
FF1880
FF0E60
FF04A0
FEFB40
FEF260
FEE9D0
FEE1C0
FEDA10
FED2D0
FECBF0
FEC580
FEBF80
FEB9E0
FEB4B0
FEB000
FEABC0
FEA7F0
FEA4A0
FEA1C0
FE9F50
FE9D60
FE9BE0
FE9AE0
FE9A50
FE9A40
FE9A90
FE9B70
FE9CC0
FE9E80
FEA0B0
FEA360
FEA680
FEAA20
FEAE30
FEB2B0
FEB7A0
FEBD10
FEC2F0
FEC950
FED010
FED750
FEDF10
FEE730
FEEFD0
FEF8F0
FF0270
FF0C60
FF16C0
FF2180
FF2CA0
FF3820
FF4420
FF5070
FF5D30
FF6A50
FF77E0
FF85D0
FF9420
FFA2E0
FFB200
FFC190
FFD180
FFE1C0
FFF240
000310
001430
0025A0
003750
004950
005B90
006E20
008100
009430
00A7A0
00BB60
00CF60
00E3C0
00F850
010D20
012210
013720
014C50
0161B0
017740
018CF0
01A2C0
01B8C0
01CEE0
01E520
01FB90
021220
0228E0
023FC0
0256D0
026DD0
0284D0
029BD0
02B2D0
02C9C0
02E0B0
02F7A0
030E90
032570
033C60
035340
036A10
0380F0
0397C0
03AE90
03C560
03DC00
03F270
0408B0
041EC0
0434A0
044A50
045FE0
047530
048A60
049F50
04B420
04C8C0
04DD30
04F160
050570
051960
052CE0
054010
0552F0
056580
0577B0
058990
059B10
05AC40
05BD20
05CDA0
05DDC0
05EDA0
05FD20
060C40
061B20
062990
0637A0
064530
065250
065EF0
066B30
0676E0
068230
068D00
069760
06A140
06AAC0
06B3C0
06BC40
06C450
06CBF0
06D320
06D9C0
06DFD0
06E560
06EA60
06EEE0
06F2D0
06F640
06F920
06FB70
06FD40
06FE90
06FF40
06FF80
06FF20
06FE40
06FCE0
06FAE0
06F860
06F550
06F1A0
06ED70
06E8B0
06E360
06DD80
06D710
06D010
06C880
06C060
06B7B0
06AE70
06A4B0
069A50
068F70
068410
067820
066BA0
065EA0
065120
064310
063480
062560
0615C0
060590
05F4E0
05E3B0
05D1F0
05BFA0
05ACE0
0599A0
0585F0
0571C0
055D30
054830
0532B0
051CD0
050670
04EFB0
04D870
04C0C0
04A8A0
049010
047710
045DA0
0443B0
042980
040F00
03F420
03D900
03BD80
03A1B0
0385A0
036930
034C70
032F60
031200
02F450
02D650
02B800
029960
027A60
025B50
023C00
021C90
01FD00
01DD40
01BD50
019D40
017D00
015CA0
013C10
011B60
00FA80
00D970
00B840
0096F0
007560
0053E0
003260
0010F0
FFEF70
FFCDF0
FFAC80
FF8B10
FF6990
FF4820
FF26B0
FF0550
FEE3E0
FEC270
FEA110
FE7FB0
FE5E40
FE3D10
FE1C00
FDFB20
FDDA70
FDB9E0
FD9980
FD7950
FD5950
FD3970
FD19C0
FCFA40
FCDAF0
FCBBC0
FC9CC0
FC7DE0
FC5F40
FC40E0
FC22D0
FC0510
FBE7B0
FBCA90
FBADC0
FB9140
FB7500
FB5920
FB3D90
FB2250
FB0750
FAECB0
FAD250
FAB850
FA9E90
FA8540
FA6C60
FA53E0
FA3BD0
FA2420
FA0CE0
F9F610
F9DFA0
F9C9A0
F9B400
F99EE0
F98A10
F975C0
F961C0
F94E40
F93B20
F92880
F91650
F904A0
F8F360
F8E2A0
F8D250
F8C280
F8B320
F8A440
F895D0
F887E0
F87A60
F86D60
F860E0
F854D0
F84930
F83E10
F83370
F82950
F81FA0
F81660
F80DB0
F80570
F7FDA0
F7F650
F7EF80
F7E930
F7E350
F7DDF0
F7D900
F7D490
F7D0A0
F7CD20
F7CA00
F7C760
F7C520
F7C360
F7C200
F7C120
F7C0A0
F7C0A0
F7C100
F7C1E0
F7C320
F7C4D0
F7C700
F7C990
F7CC90
F7CFF0
F7D3B0
F7D7C0
F7DC30
F7E0F0
F7E610
F7EB90
F7F170
F7F7A0
F7FE30
F80510
F80C60
F813F0
F81BF0
F82440
F82CF0
F835E0
F83F00
F84870
F85210
F85C00
F86620
F87090
F87B30
F88610
F89130
F89C90
F8A830
F8B410
F8C020
F8CC80
F8D920
F8E5D0
F8F2B0
F8FFA0
F90CB0
F919E0
F92730
F93490
F94220
F94FC0
F95D90
F96B70
F97970
F98780
F995C0
F9A420
F9B290
F9C110
F9CF80
F9DDF0
F9EC60
F9FAD0
FA0940
FA17A0
FA2610
FA3480
FA42E0
FA5140
FA5FB0
FA6E10
FA7C70
FA8AD0
FA9920
FAA760
FAB580
FAC380
FAD170
FADF30
FAECD0
FAFA60
FB07D0
FB1510
FB2240
FB2F50
FB3C40
FB4910
FB55C0
FB6260
FB6ED0
FB7B10
FB8730
FB9310
FB9EB0
FBAA30
FBB570
FBC090
FBCB70
FBD620
FBE090
FBEAE0
FBF4F0
FBFEE0
FC0890
FC1210
FC1B50
FC2460
FC2D30
FC35C0
FC3E10
FC4620
FC4E00
FC5590
FC5CE0
FC6400
FC6AD0
FC7170
FC77D0
FC7DF0
FC83C0
FC8960
FC8ED0
FC93F0
FC98D0
FC9D70
FCA1E0
FCA600
FCA9E0
FCAD90
FCB100
FCB420
FCB710
FCB9C0
FCBC30
FCBE60
FCC050
FCC200
FCC380
FCC4B0
FCC5C0
FCC690
FCC720
FCC780
FCC7B0
FCC7A0
FCC760
FCC6F0
FCC630
FCC550
FCC430
FCC2E0
FCC150
FCBF90
FCBD90
FCBB70
FCB930
FCB6D0
FCB440
FCB190
FCAEB0
FCABB0
FCA890
FCA550
FCA1E0
FC9E50
FC9AA0
FC96D0
FC92D0
FC8EB0
FC8A60
FC8610
FC81B0
FC7D40
FC78C0
FC7430
FC6FA0
FC6AF0
FC6640
FC6170
FC5CA0
FC57C0
FC52E0
FC4DE0
FC48E0
FC43C0
FC3EA0
FC3980
FC3480
FC2F80
FC2A90
FC25B0
FC20D0
FC1C00
FC1750
FC1290
FC0DF0
FC0960
FC04D0
FC0050
FBFBE0
FBF780
FBF320
FBEEF0
FBEAE0
FBE700
FBE340
FBDFA0
FBDC30
FBD8E0
FBD5B0
FBD2B0
FBCFD0
FBCD20
FBCA90
FBC820
FBC5D0
FBC3B0
FBC1C0
FBC000
FBBE70
FBBD30
FBBC20
FBBB50
FBBAB0
FBBA50
FBBA30
FBBA50
FBBAA0
FBBB30
FBBC00
FBBD00
FBBE40
FBBFC0
FBC170
FBC370
FBC5C0
FBC850
FBCB30
FBCE50
FBD1C0
FBD580
FBD980
FBDDD0
FBE260
FBE740
FBEC60
FBF1D0
FBF790
FBFD90
FC03E0
FC0A80
FC1160
FC18A0
FC2020
FC2800
FC3020
FC3890
FC4160
FC4A70
FC53D0
FC5D80
FC6780
FC71C0
FC7C60
FC8750
FC9280
FC9E10
FCA9D0
FCB5F0
FCC250
FCCF00
FCDC00
FCE940
FCF6D0
FD04B0
FD12D0
FD2140
FD3000
FD3F00
FD4E60
FD5DF0
FD6DE0
FD7E00
FD8E60
FD9F00
FDAFE0
FDC0F0
FDD250
FDE3E0
FDF5B0
FE07C0
FE1A10
FE2CA0
FE3F60
FE5260
FE65B0
FE7930
FE8CE0
FEA0D0
FEB4E0
FEC910
FEDD70
FEF1F0
FF06A0
FF1B70
FF3070
FF45A0
FF5AF0
FF7060
FF8600
FF9BD0
FFB1C0
FFC7D0
FFDE10
FFF460
000AB0
002120
003790
004E10
006490
007B30
0091D0
00A880
00BF40
00D600
00ECE0
0103C0
011AB0
0131A0
0148B0
015FA0
017680
018D60
01A420
01BAD0
01D180
01E810
01FE90
021500
022B60
0241B0
0257F0
026E20
028440
029A50
02B050
02C620
02DBC0
02F130
030670
031B90
033070
034530
0359B0
036E10
038240
039630
03AA00
03BDA0
03D120
03E460
03F770
040A40
041CC0
042F00
0440F0
0452A0
046400
047520
0485F0
049680
04A6C0
04B6C0
04C670
04D5E0
04E500
04F3E0
050270
0510A0
051E80
052C00
053920
0545E0
055240
055E40
0569F0
057540
058030
058AC0
0594F0
059ED0
05A850
05B160
05BA30
05C280
05CA70
05D1F0
05D910
05DFD0
05E620
05EC00
05F170
05F690
05FB30
05FF70
060350
0606C0
0609C0
060C60
060EA0
061060
0611C0
0612B0
061330
061340
0612F0
061230
0610F0
060F60
060D50
060AD0
0607F0
0604A0
0600E0
05FCB0
05F810
05F310
05EDB0
05E7E0
05E1A0
05DB00
05D400
05CC90
05C4C0
05BC80
05B3E0
05AAE0
05A170
059790
058D50
0582B0
0577A0
056C40
056070
055460
0547E0
053B10
052DE0
052050
051270
050430
04F590
04E6A0
04D750
04C7A0
04B7A0
04A730
049680
048570
047430
0462A0
0450C0
043EA0
042C30
041990
040690
03F350
03DFD0
03CC10
03B7F0
03A3A0
038F00
037A10
0364F0
034F90
033A00
032440
030E50
02F830
02E1E0
02CB60
02B4B0
029DD0
0286C0
026F70
025800
024060
022890
021090
01F850
01E010
01C7B0
01AF30
0196A0
017E00
016540
014C70
013380
011A80
010170
00E840
00CEF0
00B5A0
009C30
0082A0
006900
004F60
0035C0
001C30
000290
FFE8F0
FFCF60
FFB5D0
FF9C30
FF82A0
FF6910
FF4F80
FF35F0
FF1C60
FF02D0
FEE950
FECFC0
FEB650
FE9CF0
FE83B0
FE6A90
FE5170
FE3870
FE1F90
FE06C0
FDEE10
FDD570
FDBCE0
FDA470
FD8C10
FD73D0
FD5BB0
FD4390
FD2BB0
FD13F0
FCFC50
FCE4E0
FCCDA0
FCB680
FC9F80
FC88C0
FC7220
FC5BA0
FC4550
FC2F30
FC1930
FC0350
FBEDB0
FBD820
FBC2E0
FBADC0
FB98E0
FB8430
FB6FC0
FB5B70
FB4770
FB3390
FB1FF0
FB0C80
FAF950
FAE650
FAD380
FAC0F0
FAAE90
FA9C60
FA8A70
FA78C0
FA6750
FA5610
FA4510
FA3460
FA23D0
FA1390
FA0380
F9F3B0
F9E420
F9D4D0
F9C5C0
F9B6E0
F9A840
F999E0
F98BC0
F97DD0
F97030
F962D0
F955A0
F948B0
F93C10
F92FA0
F92370
F91780
F90BD0
F90060
F8F530
F8EA40
F8DF80
F8D510
F8CAD0
F8C0D0
F8B710
F8AD90
F8A450
F89B40
F89280
F889F0
F881A0
F87990
F871B0
F86A20
F862C0
F85BA0
F854C0
F84E10
F847A0
F84170
F83B70
F835B0
F83020
F82AC0
F825A0
F820B0
F81C00
F81780
F81340
F80F30
F80B60
F807C0
F80450
F80120
F7FE20
F7FB50
F7F8B0
F7F640
F7F400
F7F200
F7F020
F7EE70
F7ED00
F7EBB0
F7EAA0
F7E9B0
F7E900
F7E880
F7E830
F7E800
F7E810
F7E840
F7E890
F7E910
F7E9B0
F7EA80
F7EB70
F7EC90
F7EDE0
F7EF50
F7F0E0
F7F2A0
F7F490
F7F6A0
F7F8D0
F7FB30
F7FDB0
F80050
F80320
F80600
F80910
F80C30
F80F80
F812F0
F81680
F81A30
F81E10
F82200
F82620
F82A50
F82EB0
F83330
F837C0
F83C80
F84140
F84630
F84B30
F85040
F85580
F85AD0
F86030
F865B0
F86B50
F87110
F876E0
F87CD0
F882D0
F888F0
F88F20
F89570
F89BD0
F8A240
F8A8D0
F8AF70
F8B620
F8BCF0
F8C3D0
F8CAC0
F8D1D0
F8D8F0
F8E020
F8E770
F8EED0
F8F640
F8FDC0
F90560
F90D00
F914B0
F91C80
F92450
F92C30
F93430
F93C30
F94440
F94C70
F954A0
F95CE0
F96540
F96DA0
F97610
F97E90
F98720
F98FC0
F99860
F9A110
F9A9D0
F9B2A0
F9BB80
F9C460
F9CD50
F9D650
F9DF60
F9E870
F9F1A0
F9FAD0
FA0400
FA0D50
FA16A0
FA1FF0
FA2950
FA32B0
FA3C20
FA45A0
FA4F10
FA58A0
FA6230
FA6BC0
FA7560
FA7F10
FA88C0
FA9270
FA9C40
FAA600
FAAFC0
FAB990
FAC370
FACD40
FAD720
FAE100
FAEAE0
FAF4D0
FAFEC0
FB08B0
FB12A0
FB1CA0
FB26A0
FB30A0
FB3AB0
FB44B0
FB4EC0
FB58C0
FB62D0
FB6CD0
FB76D0
FB80E0
FB8AE0
FB94E0
FB9EF0
FBA8F0
FBB2F0
FBBCF0
FBC6F0
FBD0F0
FBDB00
FBE4F0
FBEEF0
FBF8E0
FC02C0
FC0CA0
FC1680
FC2060
FC2A30
FC3400
FC3DC0
FC4780
FC5140
FC5B00
FC64B0
FC6E50
FC7800
FC8190
FC8B20
FC94A0
FC9E20
FCA780
FCB0E0
FCBA30
FCC380
FCCCC0
FCD5F0
FCDF10
FCE820
FCF130
FCFA30
FD0330
FD0C10
FD14F0
FD1DB0
FD2670
FD2F10
FD37A0
FD4020
FD4890
FD50F0
FD5940
FD6180
FD69B0
FD71D0
FD79D0
FD81D0
FD89B0
FD9190
FD9950
FDA0F0
FDA880
FDB000
FDB770
FDBEC0
FDC5F0
FDCD10
FDD420
FDDB20
FDE200
FDE8C0
FDEF80
FDF620
FDFCA0
FE0310
FE0970
FE0FA0
FE15D0
FE1BD0
FE21D0
FE27A0
FE2D60
FE3300
FE3890
FE3E00
FE4360
FE48A0
FE4DD0
FE52D0
FE57D0
FE5CA0
FE6160
FE6610
FE6AA0
FE6F10
FE7360
FE77A0
FE7BC0
FE7FC0
FE83B0
FE8790
FE8B40
FE8EE0
FE9260
FE95D0
FE9920
FE9C50
FE9F70
FEA270
FEA560
FEA830
FEAAF0
FEAD90
FEB020
FEB290
FEB4E0
FEB720
FEB950
FEBB60
FEBD50
FEBF30
FEC100
FEC2A0
FEC440
FEC5D0
FEC740
FEC8A0
FEC9F0
FECB30
FECC60
FECD70
FECE70
FECF60
FED040
FED110
FED1C0
FED270
FED300
FED380
FED3F0
FED460
FED4C0
FED510
FED560
FED5A0
FED5E0
FED600
FED620
FED640
FED640
FED650
FED640
FED630
FED610
FED5E0
FED5C0
FED590
FED560
FED540
FED510
FED4F0
FED4C0
FED490
FED460
FED440
FED410
FED3E0
FED3B0
FED390
FED360
FED330
FED310
FED2F0
FED2F0
FED2F0
FED2F0
FED300
FED320
FED350
FED380
FED3C0
FED400
FED450
FED4B0
FED520
FED590
FED610
FED6A0
FED750
FED810
FED8E0
FED9D0
FEDAD0
FEDBF0
FEDD20
FEDE60
FEDFC0
FEE130
FEE2B0
FEE450
FEE600
FEE7D0
FEE9A0
FEEBA0
FEEDC0
FEF000
FEF250
FEF4D0
FEF760
FEFA20
FEFCF0
FEFFE0
FF02F0
FF0620
FF0970
FF0CD0
FF1060
FF1410
FF17D0
FF1BC0
FF1FD0
FF2400
FF2860
FF2CD0
FF3170
FF3630
FF3B20
FF4020
FF4550
FF4AA0
FF5020
FF55B0
FF5B70
FF6150
FF6760
FF6D80
FF73D0
FF7A40
FF80D0
FF8780
FF8E50
FF9550
FF9C60
FFA3A0
FFAB00
FFB280
FFBA30
FFC1F0
FFC9E0
FFD1F0
FFDA20
FFE270
FFEAE0
FFF360
FFFC10
0004D0
000DB0
0016B0
001FD0
002910
003260
003BE0
004570
004F20
0058F0
0062E0
006CE0
007700
008130
008B70
0095C0
00A020
00AA90
00B510
00BFA0
00CA50
00D500
00DFD0
00EAA0
00F590
010090
010BA0
0116B0
0121D0
012D00
013820
014340
014E60
015980
0164B0
016FD0
017B00
018620
019150
019C80
01A7A0
01B2D0
01BE00
01C930
01D450
01DF50
01EA40
01F520
01FFE0
020AA0
021540
021FC0
022A40
0234A0
023EF0
024920
025350
025D60
026750
027140
027B00
028490
028DF0
029730
02A050
02A940
02B200
02BA90
02C300
02CB50
02D360
02DB50
02E320
02EAC0
02F230
02F980
030090
030750
030DE0
031430
031A40
032010
0325A0
032AF0
033000
0334E0
033970
033DC0
0341D0
0345B0
034940
034CA0
034FA0
035260
0354C0
0356E0
0358A0
035A10
035B40
035C10
035C90
035CC0
035CB0
035C40
035B80
035A70
035910
035770
035560
035300
035040
034D20
0349A0
0345D0
0341A0
033D10
033820
0332E0
032D40
032740
0320F0
031A40
031330
030BC0
030400
02FBD0
02F350
02EA60
02E120
02D780
02CD70
02C310
02B850
02AD30
02A1B0
0295D0
0289A0
027D00
027000
0262B0
025500
0246F0
023890
0229D0
021AC0
020B50
01FB80
01EB60
01DAF0
01CA10
01B8F0
01A760
019590
018350
0170C0
015DE0
014AB0
013730
012370
010F60
00FB00
00E660
00D170
00BC40
00A6C0
0090F0
007AE0
006490
004DE0
0036F0
001FC0
000830
FFF080
FFD8A0
FFC080
FFA840
FF8FC0
FF7710
FF5E30
FF4520
FF2BE0
FF1260
FEF8C0
FEDEE0
FEC4E0
FEAAA0
FE9030
FE7590
FE5AE0
FE4010
FE2540
FE0A50
FDEF40
FDD430
FDB900
FD9DC0
FD8270
FD6710
FD4B90
FD3000
FD1460
FCF8B0
FCDCE0
FCC100
FCA530
FC8970
FC6DC0
FC5210
FC3680
FC1B00
FBFF80
FBE410
FBC8B0
FBAD60
FB9220
FB76F0
FB5BD0
FB40B0
FB25B0
FB0AB0
FAEFF0
FAD550
FABAE0
FAA0B0
FA86A0
FA6CC0
FA5320
FA39A0
FA2050
FA0740
F9EE50
F9D590
F9BD10
F9A4B0
F98C80
F97490
F95CE0
F94580
F92E70
F917B0
F90150
F8EB30
F8D560
F8BFE0
F8AAB0
F895C0
F88130
F86CF0
F85900
F84560
F83200
F81F00
F80C60
F7FA20
F7E850
F7D6F0
F7C5F0
F7B550
F7A520
F79550
F785F0
F776F0
F76860
F75A30
F74C70
F73F10
F73210
F72580
F71970
F70DD0
F702A0
F6F7F0
F6EDC0
F6E400
F6DAB0
F6D1E0
F6C980
F6C1A0
F6BA30
F6B340
F6ACD0
F6A6C0
F6A140
F69C20
F69790
F69370
F68FD0
F68CB0
F68A10
F687E0
F68630
F68500
F68440
F68410
F68450
F68510
F68640
F68800
F68A30
F68CE0
F69000
F693A0
F697C0
F69C40
F6A150
F6A6C0
F6ACB0
F6B320
F6BA00
F6C150
F6C920
F6D170
F6DA30
F6E360
F6ED10
F6F730
F701C0
F70CB0
F71800
F723C0
F72FF0
F73C70
F74970
F756C0
F76480
F772B0
F78130
F79030
F79F80
F7AF50
F7BF70
F7D000
F7E0E0
F7F210
F80390
F81550
F82770
F839E0
F84CA0
F85FA0
F87300
F886A0
F89AA0
F8AEE0
F8C380
F8D860
F8EDA0
F90320
F918E0
F92EC0
F944E0
F95B30
F971A0
F98850
F99F30
F9B640
F9CD80
F9E4F0
F9FCA0
FA1470
FA2C80
FA44B0
FA5D20
FA75B0
FA8E60
FAA720
FABFF0
FAD8E0
FAF1D0
FB0AE0
FB2400
FB3D30
FB5670
FB6FD0
FB8940
FBA2B0
FBBC40
FBD5E0
FBEFA0
FC0960
FC2320
FC3CD0
FC5670
FC7010
FC89A0
FCA320
FCBC90
FCD600
FCEF60
FD08B0
FD2200
FD3B30
FD5460
FD6D90
FD86A0
FD9FB0
FDB890
FDD160
FDEA00
FE0270
FE1AD0
FE3300
FE4B10
FE6300
FE7AC0
FE9260
FEA9E0
FEC130
FED870
FEEF80
FF0660
FF1D30
FF33C0
FF4A10
FF6030
FF7620
FF8BD0
FFA150
FFB6A0
FFCBB0
FFE080
FFF520
000990
001DC0
0031C0
004590
005920
006C70
007F90
009260
00A500
00B750
00C960
00DB40
00ECD0
00FE20
010F30
012000
013090
0140E0
0150F0
0160C0
017050
017F90
018EA0
019D70
01ABF0
01BA30
01C840
01D600
01E380
01F0C0
01FDB0
020A70
0216F0
022320
022F20
023AD0
024640
025170
025C60
026720
0271A0
027BE0
0285E0
028FB0
029940
02A290
02ABA0
02B480
02BD20
02C580
02CDB0
02D590
02DD40
02E4C0
02EC00
02F310
02F9F0
0300B0
030730
030D80
0313B0
0319A0
031F60
032500
032A60
032F90
0334A0
033970
033E10
034290
0346E0
034B10
034F20
035310
0356D0
035A80
035E00
036160
0364B0
0367C0
036AC0
036DA0
037050
0372F0
037560
0377B0
0379F0
037C20
037E30
038030
038220
038400
0385D0
038790
038930
038AC0
038C40
038DB0
038F00
039050
039180
0392A0
0393B0
0394C0
0395D0
0396C0
0397B0
0398A0
039980
039A50
039B20
039BF0
039CA0
039D60
039E00
039EA0
039F40
039FC0
03A050
03A0E0
03A160
03A1F0
03A270
03A2F0
03A370
03A3F0
03A470
03A4E0
03A560
03A5D0
03A640
03A6B0
03A720
03A790
03A7F0
03A860
03A8C0
03A920
03A970
03A9D0
03AA20
03AA60
03AAB0
03AAF0
03AB30
03AB70
03ABB0
03ABE0
03AC10
03AC40
03AC60
03AC80
03AC90
03AC90
03AC90
03AC80
03AC60
03AC40
03AC10
03ABE0
03ABA0
03AB60
03AB00
03AAA0
03AA40
03A9D0
03A940
03A8B0
03A7F0
03A730
03A650
03A550
03A440
03A320
03A1E0
03A090
039F20
039DA0
039C10
039A60
0398A0
0396C0
0394C0
0392A0
039050
038DF0
038B50
0388A0
0385C0
0382C0
037F90
037C50
0378D0
037540
037180
036DA0
0369A0
036570
036110
035C80
0357C0
0352C0
034D90
034830
034290
033CC0
0336C0
033090
032A30
032390
031CC0
0315B0
030E80
030710
02FF60
02F780
02EF50
02E6E0
02DE40
02D550
02CC30
02C2D0
02B920
02AF40
02A520
029AC0
029020
028530
027A10
026EC0
026310
025730
024B00
023E90
0231E0
0224F0
0217B0
020A30
01FC70
01EE70
01E020
01D190
01C2C0
01B3B0
01A450
0194C0
0184E0
0174C0
016460
0153C0
0142F0
0131D0
012070
010ED0
00FCF0
00EAE0
00D880
00C5E0
00B300
009FF0
008C90
0078F0
006520
005120
003D00
0028A0
001410
FFFF50
FFEA60
FFD530
FFBFE0
FFAA60
FF94B0
FF7EC0
FF68B0
FF5270
FF3BF0
FF2550
FF0E90
FEF7B0
FEE0C0
FEC9B0
FEB280
FE9B40
FE83F0
FE6C80
FE54F0
FE3D50
FE2590
FE0DB0
FDF5C0
FDDDB0
FDC590
FDAD50
FD9520
FD7CF0
FD64C0
FD4CA0
FD3490
FD1C80
FD0470
FCEC70
FCD480
FCBC90
FCA4A0
FC8CC0
FC74E0
FC5D10
FC4550
FC2D80
FC15F0
FBFE80
FBE740
FBD030
FBB950
FBA290
FB8C00
FB75A0
FB5F70
FB4960
FB3390
FB1DE0
FB0850
FAF300
FADDD0
FAC8D0
FAB420
FA9FC0
FA8BC0
FA7810
FA64A0
FA5190
FA3ED0
FA2C70
FA1A50
FA0890
F9F710
F9E5F0
F9D520
F9C4A0
F9B480
F9A4A0
F99540
F98650
F977D0
F969D0
F95C30
F94F10
F94260
F93630
F92A60
F91F10
F91430
F909C0
F8FFD0
F8F640
F8ED30
F8E4A0
F8DC90
F8D500
F8CE10
F8C7A0
F8C1D0
F8BC80
F8B7C0
F8B380
F8AFE0
F8ACC0
F8AA30
F8A830
F8A6C0
F8A5E0
F8A580
F8A5B0
F8A680
F8A7E0
F8A9E0
F8AC70
F8AFA0
F8B360
F8B7C0
F8BCC0
F8C250
F8C870
F8CF30
F8D690
F8DE80
F8E710
F8F030
F8F9F0
F90440
F90F20
F91AA0
F926B0
F93360
F94090
F94E60
F95CD0
F96BD0
F97B60
F98B80
F99C40
F9AD90
F9BF70
F9D1F0
F9E500
F9F890
FA0CA0
FA2140
FA3650
FA4BF0
FA6200
FA78A0
FA8FB0
FAA750
FABF70
FAD810
FAF130
FB0AD0
FB24F0
FB3F90
FB5AC0
FB7640
FB9220
FBAE60
FBCB00
FBE800
FC0550
FC2310
FC4130
FC5FA0
FC7E70
FC9DB0
FCBD40
FCDD30
FCFD80
FD1E30
FD3F30
FD6070
FD81E0
FDA370
FDC540
FDE730
FE0960
FE2BB0
FE4E40
FE70F0
FE93E0
FEB6F0
FEDA30
FEFDA0
FF2140
FF4510
FF6920
FF8D10
FFB100
FFD4F0
FFF8D0
001CB0
004090
006460
008820
00ABE0
00CFA0
00F350
011700
013AB0
015E40
0181E0
01A570
01C8C0
01EBD0
020EB0
023140
025390
0275B0
029780
02B920
02DA80
02FB90
031C70
033D10
035D70
037D90
039D70
03BD10
03DC40
03FB00
041950
043720
045490
047180
048E00
04AA10
04C5B0
04E0D0
04FB90
0515D0
052FB0
054910
056200
057A70
059260
05A9A0
05C050
05D660
05EBE0
0600C0
061500
0628B0
063BC0
064E40
066010
067150
068200
069210
06A180
06B060
06BE80
06CC00
06D8C0
06E4D0
06F030
06FAD0
0704D0
070E10
0716B0
071E90
0725C0
072C40
073200
073720
073B80
073F40
074230
074480
074610
0746E0
074700
074660
074510
074300
074040
073CD0
0738A0
0733B0
072E20
0727C0
0720B0
0718F0
071080
070760
06FDA0
06F340
06E830
06DC70
06D010
06C300
06B550
06A6F0
0697F0
068840
0677F0
0666F0
065550
064300
063020
061CC0
0608E0
05F470
05DF80
05CA10
05B410
059D90
058680
056EF0
0556D0
053E40
052510
050B60
04F130
04D680
04BB70
04A010
048450
046840
044BE0
042F30
041220
03F4C0
03D700
03B900
039AA0
037BE0
035CE0
033D80
031DC0
02FDC0
02DD90
02BD60
029D00
027C90
025C00
023B60
021AA0
01F9D0
01D8E0
01B7D0
0196B0
017570
015410
0132A0
011110
00EF70
00CDF0
00AC90
008B50
006A40
004950
002890
0007E0
FFE760
FFC700
FFA6D0
FF86C0
FF66D0
FF4700
FF2760
FF07D0
FEE880
FEC980
FEAAE0
FE8CA0
FE6EC0
FE5140
FE3410
FE1750
FDFAF0
FDDEF0
FDC340
FDA800
FD8D10
FD7290
FD5860
FD3E90
FD2530
FD0C50
FCF400
FCDC40
FCC510
FCAE60
FC9850
FC82C0
FC6DD0
FC5960
FC4580
FC3230
FC1F70
FC0D40
FBFBA0
FBEA80
FBDA00
FBCA20
FBBAF0
FBAC80
FB9EB0
FB9190
FB8510
FB7950
FB6E40
FB63D0
FB5A20
FB5110
FB48B0
FB4100
FB3A00
FB33B0
FB2E10
FB2920
FB24F0
FB2180
FB1EC0
FB1CB0
FB1B70
FB1AD0
FB1B00
FB1BE0
FB1D70
FB1FD0
FB22D0
FB26A0
FB2B10
FB3050
FB3640
FB3CE0
FB4430
FB4C30
FB54E0
FB5E40
FB6850
FB7310
FB7E70
FB8A90
FB9760
FBA4E0
FBB300
FBC1E0
FBD170
FBE1A0
FBF290
FC0400
FC1610
FC28B0
FC3BD0
FC4F90
FC63E0
FC78C0
FC8E30
FCA430
FCBAC0
FCD1E0
FCE990
FD01D0
FD1AA0
FD3400
FD4E00
FD6850
FD8310
FD9E20
FDB9A0
FDD580
FDF1C0
FE0E70
FE2B70
FE48E0
FE66A0
FE84D0
FEA360
FEC250
FEE1B0
FF0160
FF2180
FF41C0
FF6230
FF82C0
FFA370
FFC450
FFE560
000690
0027F0
004970
006B10
008CE0
00AEE0
00D100
00F350
0115C0
013850
015AD0
017D40
019FA0
01C1D0
01E400
020610
022810
0249F0
026BC0
028D70
02AF10
02D0A0
02F210
031370
0334C0
0355F0
0376C0
039750
03B780
03D760
03F6F0
041630
043510
0453A0
0471E0
048FD0
04AD70
04CAB0
04E7A0
050440
052090
053C80
0557F0
0572E0
058D40
05A720
05C070
05D940
05F190
060950
062090
063740
064D70
066310
067830
068CD0
06A0E0
06B470
06C750
06D980
06EB10
06FBF0
070C20
071BA0
072A80
0738B0
074630
075310
075F40
076AC0
077590
077FC0
078930
079210
079A20
07A170
07A810
07ADF0
07B300
07B760
07BB00
07BDF0
07C010
07C180
07C220
07C210
07C140
07BFB0
07BD70
07BA60
07B6A0
07B220
07ACE0
07A6E0
07A030
0798C0
079090
0787A0
077DF0
077390
076870
075C90
074FF0
0742A0
073490
0725C0
071640
070620
06F560
06E3F0
06D1D0
06BF10
06ABB0
0697A0
0682F0
066D90
065790
0640E0
062990
061190
05F8F0
05DFB0
05C5E0
05AB90
0590C0
057560
055990
053D30
052050
0502F0
04E510
04C6B0
04A7C0
048850
046860
0447F0
042700
040580
03E3C0
03C1A0
039F30
037C70
035960
0335F0
031240
02EE30
02C9E0
02A530
028030
025AE0
023540
020F40
01E900
01C260
019BB0
0174E0
014DF0
0126F0
00FFD0
00D890
00B140
0089D0
006240
003AA0
0012D0
FFEB00
FFC300
FF9AF0
FF72C0
FF4A80
FF2250
FEFA40
FED250
FEAA70
FE82B0
FE5B10
FE3390
FE0C30
FDE4E0
FDBDB0
FD96A0
FD6FA0
FD48C0
FD2200
FCFB60
FCD4E0
FCAEA0
FC88B0
FC6310
FC3DC0
FC18C0
FBF410
FBCFB0
FBAB90
FB87D0
FB6450
FB4120
FB1E40
FAFBB0
FAD970
FAB770
FA95D0
FA74A0
FA53E0
FA3390
FA13C0
F9F470
F9D580
F9B710
F99920
F97B90
F95E80
F941F0
F925C0
F90A20
F8EEE0
F8D420
F8B9D0
F8A010
F886F0
F86E50
F85640
F83EC0
F827E0
F81180
F7FBC0
F7E680
F7D1E0
F7BDC0
F7AA40
F79740
F784E0
F77310
F761C0
F75120
F74110
F731A0
F722D0
F71490
F706F0
F6F9F0
F6ED90
F6E1C0
F6D690
F6CC00
F6C210
F6B8C0
F6B000
F6A7E0
F6A050
F69970
F69320
F68D60
F68850
F683C0
F67FE0
F67C90
F679E0
F677D0
F67650
F67560
F67520
F67570
F67660
F677E0
F67A00
F67CB0
F67FE0
F683A0
F687E0
F68CC0
F69210
F69800
F69E70
F6A570
F6ACF0
F6B500
F6BDA0
F6C6C0
F6D070
F6DAA0
F6E570
F6F0A0
F6FC40
F70860
F714F0
F721F0
F72F60
F73D40
F74B90
F75A60
F76990
F77940
F78960
F799F0
F7AAF0
F7BC70
F7CE50
F7E090
F7F320
F80600
F81930
F82CC0
F84090
F854C0
F86940
F87E10
F89330
F8A8B0
F8BE80
F8D490
F8EB10
F901D0
F918E0
F93030
F947B0
F95F60
F97740
F98F50
F9A7A0
F9C020
F9D8D0
F9F1B0
FA0AD0
FA2410
FA3D90
FA5740
FA7130
FA8B40
FAA590
FABFF0
FADA60
FAF4E0
FB0F80
FB2A30
FB44F0
FB5FC0
FB7AA0
FB95A0
FBB0B0
FBCBD0
FBE700
FC0250
FC1DA0
FC3910
FC54A0
FC7010
FC8B90
FCA700
FCC260
FCDDD0
FCF920
FD1480
FD2FD0
FD4B10
FD6660
FD8190
FD9CD0
FDB800
FDD320
FDEE50
FE0960
FE2460
FE3F50
FE5A10
FE74C0
FE8F60
FEA9D0
FEC430
FEDE70
FEF890
FF12A0
FF2C80
FF4650
FF6010
FF79A0
FF9320
FFAC90
FFC5C0
FFDED0
FFF7C0
001080
002910
004170
0059C0
0071D0
0089C0
00A180
00B920
00D090
00E7E0
00FF00
011600
012CC0
014360
0159D0
017010
018610
019BF0
01B190
01C700
01DC50
01F160
020640
021AF0
022F70
0243C0
0257E0
026BD0
027F80
029310
02A660
02B980
02CC70
02DF20
02F1B0
030400
031610
032800
0339B0
034B30
035C80
036DA0
037E80
038F40
039FB0
03B000
03C020
03D000
03DFB0
03EF30
03FE80
040DA0
041C80
042B40
0439C0
044810
045620
046410
0471C0
047F50
048CA0
0499B0
04A6A0
04B360
04BFF0
04CC40
04D870
04E460
04F020
04FBB0
050720
051250
051D40
052810
0532B0
053D20
054750
055160
055B40
0564E0
056E60
0577B0
0580D0
0589D0
059290
059B20
05A390
05ABC0
05B3D0
05BBA0
05C350
05CAD0
05D220
05D940
05E030
05E6F0
05ED90
05F3F0
05FA20
060030
060600
060BB0
061130
061670
061B90
062080
062540
0629D0
062E40
063270
063670
063A50
063DF0
064170
0644C0
0647E0
064AD0
064D90
065020
065280
0654B0
0656C0
065890
065A40
065BC0
065D10
065E20
065F00
065FC0
066040
066090
0660B0
0660A0
066060
065FE0
065F40
065E60
065D50
065C10
065AB0
065900
065730
065530
0652F0
065080
064DE0
064B00
064800
0644C0
064150
063DB0
0639D0
0635C0
063180
062D10
062870
062390
061E80
061940
0613C0
060E00
060820
060200
05FBA0
05F510
05EE50
05E750
05E010
05D8B0
05D110
05C930
05C120
05B8E0
05B060
05A7B0
059EC0
0595B0
058C50
0582D0
057910
056F10
0564F0
055A80
054FF0
054520
053A20
052EE0
052370
0517D0
050BF0
04FFE0
04F3A0
04E730
04DA90
04CDB0
04C0B0
04B370
04A5F0
049850
048A80
047C70
046E30
045FC0
045110
044240
043330
042400
0414B0
040520
03F570
03E590
03D580
03C550
03B4F0
03A460
0393B0
0382C0
0371B0
036080
034F10
033D80
032BD0
0319F0
030800
02F5F0
02E3C0
02D160
02BEF0
02AC60
0299A0
0286D0
0273D0
0260C0
024D80
023A30
0226B0
021320
01FF70
01EBB0
01D7F0
01C410
01B020
019C30
018820
017400
015FD0
014B90
013740
0122E0
010E70
00F9F0
00E560
00D0B0
00BC10
00A770
0092D0
007E40
0069A0
005500
004070
002BD0
001740
0002B0
FFEE20
FFD990
FFC500
FFB070
FF9BE0
FF8760
FF72E0
FF5E80
FF4A40
FF3600
FF21E0
FF0DD0
FEF9E0
FEE600
FED230
FEBE80
FEAAD0
FE9750
FE83D0
FE7070
FE5D20
FE49E0
FE36D0
FE23F0
FE1120
FDFE90
FDEC20
FDD9D0
FDC7B0
FDB5C0
FDA3F0
FD9250
FD80D0
FD6F80
FD5E50
FD4D40
FD3C70
FD2BB0
FD1B40
FD0AF0
FCFAF0
FCEB10
FCDB80
FCCC20
FCBCF0
FCAE00
FC9F40
FC90C0
FC8270
FC7460
FC6690
FC58F0
FC4B80
FC3E50
FC3160
FC24C0
FC1860
FC0C40
FC0060
FBF4D0
FBE980
FBDE80
FBD3C0
FBC940
FBBF00
FBB510
FBAB60
FBA200
FB98D0
FB9000
FB8760
FB7F20
FB7720
FB6F70
FB6810
FB60F0
FB5A30
FB53B0
FB4D70
FB4790
FB41F0
FB3CA0
FB37A0
FB32E0
FB2E70
FB2A50
FB2680
FB22F0
FB1FC0
FB1CD0
FB1A30
FB17F0
FB15F0
FB1440
FB12D0
FB11C0
FB1100
FB1080
FB1050
FB1070
FB10F0
FB11A0
FB12B0
FB1400
FB15A0
FB1780
FB19B0
FB1C20
FB1EE0
FB21F0
FB2540
FB28D0
FB2CC0
FB30F0
FB3560
FB3A20
FB3F20
FB4480
FB4A10
FB4FE0
FB55F0
FB5C40
FB62D0
FB69B0
FB70C0
FB7810
FB7FB0
FB8780
FB8F90
FB97F0
FBA080
FBA950
FBB270
FBBBC0
FBC550
FBCF10
FBD900
FBE320
FBED70
FBF800
FC02B0
FC0DA0
FC18C0
FC2420
FC2FA0
FC3B60
FC4750
FC5370
FC5FC0
FC6C40
FC78F0
FC85C0
FC92B0
FC9FC0
FCAD00
FCBA60
FCC7E0
FCD590
FCE360
FCF150
FCFF60
FD0DA0
FD1C00
FD2A80
FD3920
FD47F0
FD56D0
FD65C0
FD74C0
FD83E0
FD9310
FDA250
FDB1A0
FDC110
FDD080
FDE010
FDEFC0
FDFF70
FE0F40
FE1F20
FE2F10
FE3F10
FE4F20
FE5F30
FE6F40
FE7F60
FE8F70
FE9FA0
FEAFC0
FEBFF0
FED020
FEE050
FEF090
FF00D0
FF1110
FF2150
FF31A0
FF41F0
FF5240
FF6270
FF72B0
FF82D0
FF9300
FFA310
FFB320
FFC330
FFD320
FFE320
FFF300
0002E0
0012C0
002290
003250
004210
0051B0
006140
0070C0
008030
008F80
009EC0
00ADE0
00BD00
00CC00
00DAE0
00E9C0
00F880
010720
0115C0
012440
0132A0
0140F0
014F20
015D30
016B30
017900
0186C0
019450
01A1D0
01AF30
01BC70
01C990
01D690
01E380
01F040
01FCF0
020980
0215E0
022230
022E40
023A40
024610
0251C0
025D40
0268A0
0273E0
027EF0
0289E0
0294B0
029F50
02A9D0
02B430
02BE60
02C870
02D250
02DC00
02E590
02EEF0
02F820
030130
030A10
0312C0
031B50
0323B0
032BE0
0333E0
033BC0
034380
034B00
035260
035990
036080
036750
036DE0
037450
037A90
038090
038670
038C20
039190
0396E0
039C00
03A0E0
03A5A0
03AA30
03AE80
03B2B0
03B6A0
03BA60
03BDE0
03C140
03C460
03C750
03CA10
03CCA0
03CF00
03D120
03D310
03D4D0
03D660
03D7B0
03D8D0
03D9C0
03DA70
03DAF0
03DB30
03DB40
03DB10
03DAB0
03DA20
03D950
03D840
03D700
03D590
03D3E0
03D1F0
03CFE0
03CD80
03CAF0
03C830
03C530
03C1F0
03BE80
03BAD0
03B6E0
03B2C0
03AE70
03A9E0
03A510
03A000
039AD0
039550
038FA0
0389B0
038390
037D20
037680
036FB0
036890
036140
0359B0
0351F0
0349E0
0341A0
033930
033070
032780
031E50
0314E0
030B40
030160
02F740
02ECF0
02E260
02D790
02CC90
02C150
02B5E0
02AA30
029E40
029220
0285C0
027920
026C50
025F40
0251F0
024470
0236C0
0228D0
021AB0
020C50
01FDC0
01EF00
01E000
01D0C0
01C160
01B1B0
01A1E0
0191D0
018180
017100
016050
014F70
013E60
012D20
011BB0
010A20
00F850
00E650
00D420
00C1D0
00AF40
009C80
008990
007680
006330
004FC0
003C20
002860
001480
000070
FFEC40
FFD7F0
FFC380
FFAEF0
FF9A30
FF8550
FF7050
FF5B20
FF45E0
FF3070
FF1AE0
FF0520
FEEF60
FED980
FEC390
FEAD90
FE9770
FE8140
FE6B00
FE54B0
FE3E50
FE27D0
FE1140
FDFAA0
FDE3F0
FDCD20
FDB640
FD9F50
FD8870
FD7180
FD5A90
FD43A0
FD2CB0
FD15C0
FCFED0
FCE7F0
FCD100
FCBA10
FCA330
FC8C40
FC7550
FC5E70
FC4780
FC30A0
FC19D0
FC0310
FBEC70
FBD5E0
FBBF60
FBA900
FB92C0
FB7C80
FB6670
FB5060
FB3A70
FB2490
FB0ED0
FAF920
FAE390
FACE10
FAB8C0
FAA3A0
FA8EA0
FA79D0
FA6540
FA50D0
FA3C90
FA2880
FA1490
FA00E0
F9ED50
F9D9F0
F9C6C0
F9B3C0
F9A0F0
F98E40
F97BE0
F969C0
F957E0
F94640
F934E0
F923D0
F912F0
F90260
F8F210
F8E200
F8D230
F8C2B0
F8B360
F8A460
F895A0
F88710
F878F0
F86B10
F85D90
F85060
F84380
F83700
F82AC0
F81EE0
F81360
F80820
F7FD40
F7F2B0
F7E870
F7DE90
F7D4F0
F7CBC0
F7C2D0
F7BA50
F7B230
F7AA70
F7A300
F79C00
F79550
F78F00
F78910
F78380
F77E50
F77980
F77500
F770F0
F76D30
F769E0
F766E0
F76440
F76210
F76040
F75EC0
F75DB0
F75D00
F75CA0
F75CB0
F75D20
F75DF0
F75F20
F760B0
F762B0
F76500
F767B0
F76AC0
F76E30
F771F0
F77610
F77A90
F77F60
F78490
F78A10
F78FF0
F79630
F79CD0
F7A3C0
F7AB10
F7B2B0
F7BAB0
F7C310
F7CBB0
F7D4B0
F7DDF0
F7E770
F7F150
F7FB70
F805E0
F810A0
F81BA0
F826F0
F83290
F83E80
F84AC0
F85740
F86410
F87120
F87E70
F88C00
F899B0
F8A7A0
F8B5C0
F8C420
F8D2B0
F8E170
F8F070
F8FF90
F90F00
F91E90
F92E60
F93E60
F94E90
F95F00
F96F80
F98020
F990E0
F9A1B0
F9B290
F9C3A0
F9D4B0
F9E5F0
F9F740
FA08B0
FA1A30
FA2BD0
FA3D90
FA4F60
FA6140
FA7350
FA8550
FA9740
FAA940
FABB30
FACD20
FADF00
FAF0E0
FB02C0
FB1490
FB2670
FB3830
FB4A00
FB5BC0
FB6D80
FB7F40
FB90F0
FBA280
FBB400
FBC550
FBD680
FBE780
FBF870
FC0940
FC19F0
FC2A70
FC3AE0
FC4B20
FC5B40
FC6B40
FC7B30
FC8AF0
FC9A80
FCA9F0
FCB910
FCC800
FCD6C0
FCE540
FCF380
FD0180
FD0F50
FD1CE0
FD2A40
FD3760
FD4440
FD50F0
FD5D60
FD6990
FD7590
FD8140
FD8CA0
FD97C0
FDA2A0
FDAD20
FDB760
FDC150
FDCB00
FDD460
FDDD70
FDE640
FDEEC0
FDF700
FDFEF0
FE0690
FE0DE0
FE14F0
FE1BA0
FE2200
FE2810
FE2DE0
FE3340
FE3860
FE3D30
FE41B0
FE45D0
FE49B0
FE4D30
FE5060
FE5340
FE55D0
FE5810
FE5A00
FE5BA0
FE5D00
FE5E00
FE5EC0
FE5F30
FE5F50
FE5F30
FE5EB0
FE5DF0
FE5CE0
FE5B80
FE59D0
FE57D0
FE5590
FE5300
FE5030
FE4D20
FE49D0
FE4640
FE4270
FE3E60
FE3A10
FE3590
FE30C0
FE2BC0
FE2670
FE20F0
FE1B30
FE1520
FE0EE0
FE0860
FE01B0
FDFAE0
FDF3F0
FDECD0
FDE590
FDDE20
FDD690
FDCEE0
FDC700
FDBEF0
FDB6C0
FDAE70
FDA600
FD9D50
FD9490
FD8BA0
FD82B0
FD79A0
FD70A0
FD6790
FD5E70
FD5540
FD4C10
FD42E0
FD39A0
FD3050
FD2700
FD1DA0
FD1440
FD0AD0
FD0150
FCF7D0
FCEE60
FCE510
FCDBD0
FCD2B0
FCC9A0
FCC0B0
FCB7D0
FCAF10
FCA660
FC9DC0
FC9540
FC8CE0
FC8490
FC7C50
FC7430
FC6C20
FC6450
FC5CB0
FC5550
FC4E10
FC4720
FC4060
FC39D0
FC3370
FC2D50
FC2770
FC21B0
FC1C40
FC16F0
FC11E0
FC0D10
FC0860
FC0410
FC0010
FBFC60
FBF900
FBF5F0
FBF330
FBF0C0
FBEEA0
FBECD0
FBEB50
FBEA20
FBE940
FBE8B0
FBE870
FBE880
FBE8F0
FBE9B0
FBEAD0
FBEC60
FBEE40
FBF090
FBF340
FBF650
FBF9C0
FBFD90
FC01D0
FC0660
FC0B60
FC10B0
FC1670
FC1C90
FC2310
FC2A00
FC3150
FC3900
FC4120
FC49B0
FC52A0
FC5C00
FC65C0
FC6FF0
FC7A80
FC8580
FC90E0
FC9CB0
FCA8E0
FCB580
FCC280
FCCFF0
FCDDC0
FCEBE0
FCFA80
FD0970
FD18D0
FD2880
FD38A0
FD4920
FD5A10
FD6B50
FD7D00
FD8F10
FDA180
FDB450
FDC790
FDDB10
FDEEF0
FE0320
FE17A0
FE2C70
FE4190
FE5700
FE6CD0
FE82E0
FE9950
FEB010
FEC720
FEDE80
FEF630
FF0E30
FF2680
FF3F10
FF57D0
FF70D0
FF8A00
FFA370
FFBD10
FFD6E0
FFF100
000B40
0025C0
004080
005B60
007690
0091F0
00AD80
00C950
00E530
010130
011D40
013960
0155A0
0171F0
018E50
01AAD0
01C760
01E410
0200D0
021DA0
023A90
025790
0274A0
0291D0
02AEF0
02CC00
02E900
0305F0
0322D0
033FA0
035C70
037920
0395D0
03B260
03CEF0
03EB60
0407D0
042430
044080
045CC0
0478D0
0494A0
04B050
04CBC0
04E700
050200
051CE0
053780
0551F0
056C30
058640
05A010
05B9B0
05D320
05EC60
060570
061E20
063680
064EA0
066650
067DC0
0694E0
06ABA0
06C220
06D840
06EE10
070380
0718B0
072D90
074210
075640
076A20
077D90
0790A0
07A340
07B570
07C730
07D890
07E980
07FA00
080A20
0819D0
082910
0837F0
084650
085450
0861F0
086F10
087BC0
088800
0893C0
089F00
08A9D0
08B420
08BDF0
08C750
08D040
08D8B0
08E0A0
08E810
08EF10
08F5A0
08FBB0
090140
090660
090AF0
090F10
0912B0
0915D0
091870
091AA0
091C40
091D70
091E20
091E50
091E00
091D30
091BF0
091A20
0917E0
091520
0911F0
090E50
090A30
0905A0
090090
08FB10
08F520
08EEB0
08E7D0
08E080
08D8B0
08D060
08C7B0
08BE80
08B4D0
08AAC0
08A050
089570
088A30
087E80
087270
086600
085920
084BD0
083E20
083010
082190
0812B0
080360
07F3B0
07E3A0
07D330
07C280
07B170
07A020
078E70
077C80
076A40
0757A0
0744C0
073190
071E00
070A30
06F610
06E1A0
06CCE0
06B7C0
06A280
068D00
067750
066160
064B50
0634F0
061E70
0607B0
05F0C0
05D990
05C230
05AAA0
0592D0
057AD0
0562A0
054A30
0531B0
051910
050060
04E790
04CEA0
04B5A0
049C80
048350
046A00
045090
043710
041D80
0403D0
03EA00
03D010
03B620
039C20
038220
036820
034E20
033420
031A20
030020
02E620
02CC30
02B230
029830
027E30
026430
024A40
023040
021640
01FC60
01E290
01C8D0
01AF30
0195B0
017C30
0162D0
014990
013060
011740
00FE40
00E550
00CC80
00B3C0
009B10
008280
006A10
0051D0
0039B0
0021C0
0009F0
FFF240
FFDAC0
FFC360
FFAC30
FF9520
FF7E40
FF6780
FF50F0
FF3A80
FF2430
FF0E10
FEF820
FEE260
FECCD0
FEB780
FEA250
FE8D60
FE7890
FE6400
FE4FA0
FE3B70
FE2770
FE13B0
FE0010
FDECA0
FDD970
FDC670
FDB3A0
FDA110
FD8EB0
FD7C80
FD6A90
FD58E0
FD4760
FD3610
FD2500
FD1420
FD0380
FCF310
FCE2E0
FCD2E0
FCC310
FCB380
FCA420
FC9500
FC8620
FC7760
FC68F0
FC5AA0
FC4CA0
FC3EC0
FC3120
FC23C0
FC1690
FC0990
FBFCD0
FBF050
FBE400
FBD7E0
FBCC00
FBC050
FBB4D0
FBA990
FB9E80
FB93A0
FB8900
FB7E90
FB7450
FB6A50
FB6080
FB56E0
FB4D80
FB4440
FB3B50
FB3280
FB29F0
FB2180
FB1950
FB1150
FB0970
FB01D0
FAFA60
FAF310
FAEC00
FAE520
FADE70
FAD7F0
FAD190
FACB70
FAC580
FABFC0
FABA30
FAB4C0
FAAF80
FAAA70
FAA590
FAA0E0
FA9C50
FA97F0
FA93C0
FA8FC0
FA8BE0
FA8830
FA84B0
FA8160
FA7E40
FA7B40
FA7870
FA75C0
FA7340
FA70E0
FA6EB0
FA6CB0
FA6AC0
FA6900
FA6770
FA6600
FA64C0
FA63A0
FA62B0
FA61E0
FA6130
FA60C0
FA6060
FA6030
FA6020
FA6030
FA6070
FA60E0
FA6160
FA6210
FA62F0
FA63E0
FA6500
FA6650
FA67C0
FA6950
FA6B10
FA6CE0
FA6EF0
FA7110
FA7360
FA75C0
FA7850
FA7B10
FA7DE0
FA80E0
FA8400
FA8740
FA8AA0
FA8E30
FA91E0
FA95B0
FA99A0
FA9DC0
FAA1F0
FAA650
FAAAD0
FAAF80
FAB440
FAB930
FABE40
FAC370
FAC8C0
FACE30
FAD3D0
FAD990
FADF70
FAE570
FAEB90
FAF1E0
FAF840
FAFED0
FB0580
FB0C50
FB1330
FB1A40
FB2170
FB28C0
FB3030
FB37D0
FB3F80
FB4750
FB4F40
FB5760
FB5F90
FB67F0
FB7060
FB78F0
FB81B0
FB8A80
FB9370
FB9C70
FBA5A0
FBAEF0
FBB850
FBC1E0
FBCB80
FBD540
FBDF20
FBE920
FBF340
FBFD70
FC07D0
FC1230
FC1CB0
FC2750
FC3200
FC3CD0
FC47B0
FC52B0
FC5DC0
FC68F0
FC7430
FC7F90
FC8B00
FC9680
FCA230
FCADE0
FCB9B0
FCC590
FCD170
FCDD70
FCE970
FCF580
FD01B0
FD0DE0
FD1A20
FD2670
FD32E0
FD3F50
FD4BD0
FD5860
FD6500
FD71A0
FD7E50
FD8B10
FD97C0
FDA480
FDB140
FDBE00
FDCAC0
FDD780
FDE450
FDF110
FDFDE0
FE0AC0
FE1790
FE2460
FE3140
FE3E20
FE4AF0
FE57B0
FE6470
FE7120
FE7DC0
FE8A50
FE96E0
FEA360
FEAFD0
FEBC30
FEC890
FED4E0
FEE120
FEED50
FEF980
FF0590
FF1190
FF1D80
FF2940
FF34F0
FF4080
FF4C00
FF5750
FF6290
FF6DB0
FF78C0
FF83B0
FF8E80
FF9930
FFA3C0
FFAE40
FFB8A0
FFC2D0
FFCCE0
FFD6B0
FFE060
FFE9E0
FFF340
FFFC60
000560
000E30
0016D0
001F40
002790
002FB0
0037A0
003F60
004700
004E60
005580
005C70
006320
006990
006FD0
0075D0
007B90
008120
008670
008B90
009070
009510
009980
009DB0
00A1B0
00A560
00A8D0
00AC00
00AEE0
00B180
00B3E0
00B600
00B7D0
00B960
00BAB0
00BBB0
00BC70
00BCF0
00BD30
00BD20
00BCE0
00BC40
00BB60
00BA40
00B8D0
00B720
00B520
00B2D0
00B050
00AD70
00AA50
00A6F0
00A340
009F50
009B10
009680
0091C0
008CA0
008750
0081B0
007BD0
0075A0
006F30
006870
006180
005A40
0052B0
004AE0
0042D0
003A80
0031E0
002900
001FD0
001670
000CD0
0002F0
FFF8D0
FFEE80
FFE3F0
FFD920
FFCE10
FFC2D0
FFB740
FFAB80
FF9F80
FF9350
FF86E0
FF7A20
FF6D40
FF6020
FF52D0
FF4560
FF37C0
FF29F0
FF1BF0
FF0DC0
FEFF70
FEF0E0
FEE230
FED350
FEC440
FEB500
FEA5A0
FE9610
FE8640
FE7670
FE6680
FE5670
FE4650
FE3610
FE25C0
FE1550
FE04D0
FDF430
FDE380
FDD2B0
FDC1D0
FDB0D0
FD9FB0
FD8E90
FD7D40
FD6C00
FD5AB0
FD4970
FD3820
FD26E0
FD1590
FD0440
FCF2F0
FCE1A0
FCD050
FCBF00
FCADA0
FC9C50
FC8B00
FC79A0
FC6850
FC5710
FC45E0
FC34C0
FC23C0
FC12E0
FC0200
FBF140
FBE0A0
FBD010
FBBF90
FBAF20
FB9ED0
FB8EA0
FB7E70
FB6E60
FB5E70
FB4EA0
FB3EF0
FB2F80
FB2030
FB1100
FB0200
FAF330
FAE480
FAD600
FAC7B0
FAB980
FAAB80
FA9DB0
FA9000
FA8270
FA7520
FA6800
FA5B10
FA4E60
FA41F0
FA35B0
FA29B0
FA1DF0
FA1260
FA0710
F9FC00
F9F120
F9E670
F9DC10
F9D1D0
F9C7E0
F9BE20
F9B4A0
F9AB70
F9A270
F999C0
F99150
F98920
F98130
F97990
F97220
F96B00
F96410
F95D70
F95720
F95100
F94B20
F94590
F94040
F93B30
F93660
F931D0
F92D90
F92980
F925C0
F92240
F91F10
F91C10
F91960
F916F0
F914C0
F912E0
F91130
F90FD0
F90EA0
F90DC0
F90D10
F90C90
F90C60
F90C60
F90CA0
F90D20
F90DD0
F90ED0
F91000
F91160
F91310
F914F0
F91710
F91970
F91C00
F91EB0
F92190
F924B0
F927F0
F92B60
F92F00
F932D0
F936D0
F93AF0
F93F50
F943D0
F94880
F94D60
F95280
F957B0
F95D10
F96290
F96820
F96DD0
F97390
F97970
F97F70
F98590
F98BD0
F99220
F99890
F99F20
F9A5C0
F9AC80
F9B360
F9BA60
F9C160
F9C860
F9CF70
F9D690
F9DDA0
F9E4C0
F9EBF0
F9F320
F9FA50
FA0190
FA08E0
FA1020
FA1770
FA1ED0
FA2630
FA2D90
FA34F0
FA3C40
FA4370
FA4AB0
FA51D0
FA58F0
FA5FF0
FA66F0
FA6DE0
FA74D0
FA7BA0
FA8270
FA8930
FA8FE0
FA9680
FA9D20
FAA390
FAA9F0
FAB030
FAB650
FABC50
FAC230
FAC800
FACDA0
FAD330
FAD8A0
FADDE0
FAE310
FAE830
FAED20
FAF1F0
FAF6B0
FAFB40
FAFFA0
FB03E0
FB0800
FB0BF0
FB0FC0
FB1360
FB16D0
FB1A30
FB1D50
FB2060
FB2330
FB25F0
FB2870
FB2AE0
FB2D10
FB2F30
FB3110
FB32D0
FB3460
FB35C0
FB3700
FB3800
FB38F0
FB39A0
FB3A30
FB3A90
FB3AC0
FB3AD0
FB3AB0
FB3A60
FB39F0
FB3950
FB3890
FB37A0
FB36A0
FB3560
FB3410
FB3290
FB30F0
FB2F30
FB2D40
FB2B30
FB28F0
FB2690
FB2410
FB2160
FB1EA0
FB1BB0
FB18B0
FB15A0
FB1260
FB0F20
FB0BB0
FB0840
FB04A0
FB00F0
FAFD30
FAF950
FAF550
FAF140
FAED10
FAE8C0
FAE470
FAE000
FADBA0
FAD730
FAD2B0
FACE40
FAC9B0
FAC530
FAC0A0
FABC10
FAB780
FAB2E0
FAAE40
FAA990
FAA4E0
FAA030
FA9B70
FA96D0
FA9230
FA8DA0
FA8930
FA84C0
FA8060
FA7C20
FA77E0
FA73C0
FA6FA0
FA6B90
FA67A0
FA63B0
FA5FD0
FA5C10
FA5850
FA54C0
FA5150
FA4E10
FA4AF0
FA47F0
FA4520
FA4270
FA3FF0
FA3D90
FA3B50
FA3940
FA3750
FA3590
FA33F0
FA3280
FA3120
FA3010
FA2F30
FA2E90
FA2E20
FA2DF0
FA2E00
FA2E50
FA2ED0
FA2F80
FA3080
FA31B0
FA3310
FA34B0
FA3690
FA38B0
FA3B00
FA3DA0
FA4080
FA43B0
FA4720
FA4AE0
FA4EE0
FA5330
FA57C0
FA5CA0
FA61C0
FA6730
FA6CE0
FA72E0
FA7920
FA7FB0
FA8680
FA8DA0
FA9510
FA9CD0
FAA4E0
FAAD30
FAB5E0
FABED0
FAC810
FAD190
FADB70
FAE5A0
FAF010
FAFAD0
FB05E0
FB1140
FB1CE0
FB28D0
FB3510
FB4190
FB4E60
FB5B70
FB68D0
FB7670
FB8460
FB9290
FBA110
FBAFE0
FBBEF0
FBCE40
FBDDE0
FBEDC0
FBFDF0
FC0E60
FC1F10
FC2FF0
FC4100
FC5260
FC63F0
FC75C0
FC87C0
FC9A00
FCAC80
FCBF30
FCD230
FCE550
FCF8C0
FD0C60
FD2040
FD3440
FD4860
FD5CB0
FD7120
FD85B0
FD9A60
FDAF40
FDC440
FDD960
FDEEA0
FE0410
FE19A0
FE2F50
FE4520
FE5B20
FE7130
FE8760
FE9D80
FEB3B0
FEC9F0
FEE030
FEF670
FF0CC0
FF2310
FF3970
FF4FD0
FF6630
FF7CA0
FF9310
FFA990
FFC010
FFD690
FFED00
000350
001990
002FB0
0045B0
005B90
007160
008710
009CB0
00B230
00C790
00DCD0
00F200
010710
011C10
0130E0
014590
0159F0
016E20
018210
0195D0
01A940
01BC90
01CF90
01E260
01F4F0
020750
021970
022B50
023CF0
024E60
025FA0
027070
028100
029130
02A100
02B080
02BFB0
02CE80
02DCF0
02EB10
02F8E0
030650
031370
032030
032CA0
0338C0
034470
034FD0
035AB0
036530
036F40
0378E0
038220
038AE0
039340
039B40
03A2C0
03A9E0
03B090
03B6D0
03BCB0
03C210
03C720
03CBA0
03CFB0
03D350
03D670
03D920
03DB50
03DD10
03DE60
03DF30
03DF80
03DF60
03DED0
03DDC0
03DC40
03DA40
03D7D0
03D4E0
03D180
03CDB0
03C960
03C4A0
03BF70
03B9C0
03B3A0
03AD00
03A5F0
039E70
039670
038E00
038510
037BC0
0371E0
0367B0
035D00
0351F0
034680
033A90
032E50
032190
031470
0306F0
02F900
02EAA0
02DBE0
02CCB0
02BD10
02AD10
029CB0
028BF0
027AE0
026980
0257D0
0245D0
023380
0220D0
020DE0
01FA90
01E700
01D310
01BED0
01AA40
019560
018030
016AA0
0154F0
013F00
0128F0
0112A0
00FC30
00E580
00CEA0
00B790
00A050
0088E0
007140
005970
004170
002930
0010D0
FFF830
FFDF90
FFC6E0
FFAE20
FF9560
FF7C90
FF63B0
FF4AD0
FF31D0
FF18D0
FEFFD0
FEE6B0
FECD90
FEB460
FE9B20
FE81E0
FE6890
FE4F60
FE3640
FE1D40
FE0460
FDEBA0
FDD2F0
FDBA70
FDA1F0
FD89A0
FD7170
FD5950
FD4150
FD2960
FD11A0
FCF9F0
FCE260
FCCB10
FCB400
FC9D30
FC86A0
FC7050
FC5A40
FC4480
FC2EF0
FC19A0
FC0490
FBEFD0
FBDB40
FBC6F0
FBB2F0
FB9F20
FB8BA0
FB7870
FB65B0
FB5340
FB4140
FB2F90
FB1E40
FB0D60
FAFCD0
FAECA0
FADCD0
FACD70
FABE60
FAAFB0
FAA160
FA9370
FA85F0
FA78D0
FA6C30
FA6000
FA5440
FA4900
FA3E30
FA33D0
FA29E0
FA2070
FA1770
FA0EF0
FA06D0
F9FF30
F9F800
F9F150
F9EB10
F9E550
F9E010
F9DB40
F9D700
F9D340
F9CFF0
F9CD30
F9CAF0
F9C920
F9C7E0
F9C710
F9C6C0
F9C700
F9C7B0
F9C8E0
F9CAA0
F9CCD0
F9CF80
F9D2A0
F9D650
F9DA70
F9DF20
F9E440
F9E9D0
F9EFF0
F9F690
F9FDA0
FA0530
FA0D40
FA15D0
FA1EE0
FA2860
FA3260
FA3CC0
FA47A0
FA52F0
FA5EA0
FA6AD0
FA7770
FA8480
FA91F0
FA9FE0
FAAE40
FABD10
FACC50
FADC00
FAEC20
FAFCB0
FB0DA0
FB1EE0
FB3080
FB4270
FB54C0
FB6760
FB7A60
FB8DC0
FBA170
FBB580
FBC9E0
FBDEA0
FBF3B0
FC0920
FC1EE0
FC3510
FC4B60
FC6200
FC78D0
FC8FE0
FCA730
FCBEB0
FCD670
FCEE70
FD06A0
FD1F10
FD37C0
FD50B0
FD69D0
FD8330
FD9CD0
FDB6B0
FDD0A0
FDEAA0
FE04D0
FE1F10
FE3960
FE53D0
FE6E60
FE8900
FEA3B0
FEBE90
FED980
FEF480
FF0FA0
FF2AE0
FF4630
FF61A0
FF7D00
FF9860
FFB3B0
FFCF00
FFEA40
000580
0020B0
003BE0
005700
007220
008D30
00A840
00C340
00DE40
00F930
011420
012EE0
014980
0163F0
017E40
019870
01B270
01CC40
01E5F0
01FF80
0218E0
023220
024B30
026420
027CF0
029590
02AE00
02C640
02DE30
02F5F0
030D70
0324B0
033BA0
035260
0368E0
037F20
039510
03AAD0
03C050
03D590
03EA90
03FF50
0413D0
042800
043BE0
044F70
0462B0
0475A0
048840
049AA0
04ACA0
04BE50
04CFB0
04E0C0
04F190
050200
051220
0521F0
053180
0540B0
054F80
055E00
056C30
057A00
058780
0594B0
05A180
05AE00
05BA20
05C5F0
05D170
05DC90
05E760
05F1D0
05FBF0
0605C0
060F30
061850
062120
0629A0
0631D0
0639A0
064120
064840
064F20
0655A0
065BD0
0661A0
066730
066C60
067130
0675D0
067A10
067E10
0681C0
068530
068850
068B20
068DA0
068FE0
0691D0
069380
0694E0
0695F0
0696C0
069740
069770
069770
069730
0696C0
069600
069520
069400
0692A0
069100
068F30
068D30
068AE0
068870
0685B0
0682C0
067FA0
067C30
0678B0
067500
067120
066D30
066910
0664C0
066050
065BC0
065700
065220
064D10
0647E0
064290
063D10
063770
0631B0
062BD0
0625F0
061FF0
0619E0
0613C0
060D90
060760
060110
05FAA0
05F430
05EDB0
05E720
05E080
05D9C0
05D300
05CC20
05C550
05BE70
05B7A0
05B0D0
05AA00
05A330
059C60
059590
058EC0
0587F0
058120
057A50
057380
056CC0
0565F0
055F30
055870
0551D0
054B30
0544B0
053E40
0537D0
053180
052B40
052500
051EE0
0518D0
0512D0
050CD0
0506F0
050120
04FB60
04F5B0
04F020
04EAB0
04E550
04E010
04DAE0
04D5C0
04D0D0
04CBE0
04C720
04C270
04BDD0
04B950
04B4F0
04B0A0
04AC60
04A850
04A450
04A070
049CB0
049900
049570
049200
048EB0
048B80
048860
048560
048280
047FB0
047D10
047A80
047810
0475B0
047370
047150
046F40
046D50
046B70
0469A0
0467F0
046660
0464E0
046380
046230
046100
045FE0
045EE0
045E00
045D20
045C60
045BA0
045B00
045A60
0459E0
045970
045910
0458C0
045870
045840
045820
045820
045820
045830
045850
045880
0458A0
0458E0
045910
045950
045980
0459D0
045A10
045A60
045AB0
045B00
045B60
045BC0
045C20
045C80
045CF0
045D50
045DB0
045E00
045E40
045E90
045EC0
045EF0
045F20
045F40
045F60
045F70
045F70
045F70
045F70
045F60
045F40
045F10
045ED0
045E80
045E10
045D90
045D00
045C50
045BA0
045AC0
0459E0
0458E0
0457D0
0456B0
045570
045420
0452C0
045140
044FA0
044DE0
044C00
044A00
0447E0
0445B0
044350
0440E0
043E50
043BA0
0438C0
0435E0
0432D0
042FA0
042C50
0428E0
042550
0421A0
041DC0
0419C0
0415A0
041160
040CF0
040860
0403B0
03FEE0
03F9F0
03F4D0
03EF90
03EA30
03E4A0
03DF00
03D930
03D330
03CD20
03C6E0
03C080
03B9F0
03B350
03AC80
03A580
039E70
039730
038FD0
038850
0380A0
0378D0
0370E0
0368D0
0360A0
035850
034FF0
034760
033EB0
0335E0
032CF0
0323F0
031AC0
031170
030810
02FE80
02F4D0
02EB10
02E130
02D730
02CD30
02C300
02B8D0
02AE80
02A420
0299A0
028F10
028460
0279B0
026ED0
0263F0
0258F0
024DD0
0242B0
023770
022C40
0220F0
0215A0
020A50
01FEF0
01F390
01E820
01DCA0
01D120
01C5A0
01BA10
01AE70
01A2D0
019730
018B70
017FD0
017420
016880
015CF0
015160
0145D0
013A50
012ED0
012350
0117E0
010C70
010100
00F5A0
00EA50
00DEF0
00D3B0
00C870
00BD50
00B240
00A750
009C70
0091A0
0086F0
007C50
0071C0
006750
005CF0
0052B0
004880
003E60
003460
002A70
0020A0
0016F0
000D70
000410
FFFAD0
FFF1B0
FFE8C0
FFDFF0
FFD740
FFCEB0
FFC650
FFBE10
FFB5F0
FFADF0
FFA620
FF9E60
FF96E0
FF8F90
FF8860
FF8170
FF7AB0
FF7410
FF6DB0
FF6770
FF6170
FF5B90
FF55E0
FF5070
FF4B20
FF4600
FF4110
FF3C60
FF37D0
FF3380
FF2F60
FF2B80
FF27D0
FF2450
FF2110
FF1E00
FF1B20
FF1880
FF1610
FF13E0
FF11D0
FF1010
FF0E70
FF0D10
FF0BE0
FF0AF0
FF0A40
FF09B0
FF0970
FF0960
FF0980
FF09E0
FF0A70
FF0B40
FF0C50
FF0D80
FF0F00
FF10B0
FF1290
FF14B0
FF1700
FF1990
FF1C50
FF1F40
FF2260
FF25C0
FF2950
FF2D20
FF3120
FF3550
FF39C0
FF3E60
FF4330
FF4830
FF4D70
FF52F0
FF5890
FF5E60
FF6460
FF6A90
FF70F0
FF7780
FF7E40
FF8530
FF8C50
FF93A0
FF9B20
FFA2D0
FFAAA0
FFB2B0
FFBAF0
FFC350
FFCBE0
FFD4A0
FFDD70
FFE670
FFEF90
FFF8E0
000250
000BE0
0015A0
001F80
002980
0033B0
003E00
004870
005310
005DD0
0068B0
0073A0
007EB0
0089D0
009510
00A070
00ABE0
00B770
00C320
00CEE0
00DAC0
00E6B0
00F2C0
00FEF0
010B30
011790
012400
013070
013D00
014990
015630
0162E0
016FA0
017C70
018950
019630
01A330
01B030
01BD40
01CA60
01D790
01E4C0
01F200
01FF40
020C80
0219D0
022710
023460
0241A0
024EF0
025C40
026990
0276E0
028440
029190
029EF0
02AC50
02B9B0
02C710
02D460
02E1A0
02EEE0
02FC20
030950
031670
032390
0330B0
033DC0
034AD0
0357D0
0364D0
0371C0
037EA0
038B90
039860
03A520
03B1D0
03BE80
03CB10
03D790
03E400
03F070
03FCC0
040900
041540
042160
042D70
043980
044570
045160
045D30
0468F0
047490
048020
048BA0
049700
04A250
04AD80
04B8A0
04C3B0
04CEB0
04D990
04E460
04EF10
04F9B0
050440
050EB0
051900
052340
052D60
053770
054160
054B30
0554F0
055E90
056820
057190
057AE0
058420
058D40
059640
059F30
05A800
05B0B0
05B950
05C1D0
05CA20
05D270
05DA90
05E2A0
05EA90
05F260
05FA10
0601B0
060930
061090
0617D0
061F00
062600
062CF0
0633C0
063A70
064100
064770
064DC0
0653F0
065A00
066000
0665D0
066B90
067120
0676A0
067C00
068130
068650
068B50
069030
0694F0
069990
069E10
06A270
06A6B0
06AAD0
06AED0
06B2B0
06B670
06BA10
06BDA0
06C100
06C440
06C760
06CA60
06CD40
06D000
06D290
06D510
06D760
06D990
06DBA0
06DD90
06DF60
06E110
06E290
06E400
06E540
06E660
06E760
06E840
06E8F0
06E980
06E9F0
06EA40
06EA70
06EA70
06EA50
06EA10
06E9B0
06E920
06E870
06E7A0
06E6B0
06E5A0
06E460
06E300
06E170
06DFC0
06DDE0
06DBF0
06D9C0
06D780
06D500
06D270
06CFB0
06CCD0
06C9C0
06C690
06C330
06BFB0
06BC10
06B840
06B440
06B020
06ABE0
06A770
06A2E0
069E20
069930
069430
068EF0
0689A0
068410
067E70
067890
0672A0
066C70
066630
065FB0
065920
065250
064B70
064450
063D10
0635B0
062E20
062670
061E90
061680
060E50
060600
05FD70
05F4D0
05EC00
05E310
05D9F0
05D0B0
05C740
05BDC0
05B400
05AA20
05A020
059600
058BB0
058130
0576A0
056BD0
0560F0
0555E0
054AB0
053F60
0533F0
052850
051CA0
0510C0
0504C0
04F8B0
04EC60
04E000
04D380
04C6D0
04BA10
04AD20
04A010
0492E0
0485A0
047840
046AD0
045D40
044F90
0441D0
0433E0
0425F0
0417D0
0409A0
03FB60
03ED00
03DE80
03CFE0
03C130
03B270
03A3A0
0394C0
0385D0
0376D0
0367D0
0358B0
034990
033A50
032B10
031BC0
030C60
02FCF0
02ED70
02DDE0
02CE50
02BEB0
02AF10
029F80
028FE0
028040
0270B0
026110
025170
0241D0
023240
0222A0
021300
020370
01F3D0
01E430
01D4A0
01C510
01B590
01A630
0196D0
018790
017860
016930
015A20
014B20
013C30
012D50
011E80
010FC0
010110
00F270
00E3E0
00D570
00C730
00B910
00AB00
009D20
008F60
0081D0
007450
006700
0059C0
004CB0
003FC0
0032F0
002650
0019C0
000D60
000130
FFF530
FFE960
FFDDD0
FFD260
FFC730
FFBC40
FFB170
FFA6E0
FF9C80
FF9250
FF8850
FF7E90
FF74F0
FF6B90
FF6270
FF5980
FF50D0
FF4870
FF4040
FF3860
FF30B0
FF2950
FF2230
FF1B40
FF14A0
FF0E40
FF0820
FF0240
FEFCA0
FEF740
FEF220
FEED50
FEE8C0
FEE480
FEE090
FEDCE0
FED980
FED670
FED3A0
FED120
FECEF0
FECD00
FECB60
FECA00
FEC8F0
FEC830
FEC7B0
FEC780
FEC7A0
FEC810
FEC8D0
FEC9D0
FECB20
FECCD0
FECEB0
FED0F0
FED380
FED650
FED970
FEDCE0
FEE0A0
FEE4A0
FEE900
FEEDA0
FEF280
FEF7B0
FEFD30
FF02F0
FF0900
FF0F60
FF1600
FF1CE0
FF2410
FF2B90
FF3360
FF3B70
FF43C0
FF4C60
FF5550
FF5E70
FF67E0
FF7180
FF7B60
FF8580
FF8FE0
FF9A70
FFA550
FFB060
FFBBC0
FFC750
FFD320
FFDF20
FFEB70
FFF7F0
0004C0
0011B0
001ED0
002C10
003990
004730
005500
0062F0
007120
007F70
008DF0
009CA0
00AB70
00BA80
00C9B0
00D910
00E890
00F830
0107F0
0117B0
0127A0
013790
0147A0
0157C0
016800
017850
0188C0
019930
01A9D0
01BA70
01CB30
01DC10
01ECF0
01FDE0
020EC0
021FB0
023090
024170
025250
026330
027400
0284E0
0295B0
02A680
02B750
02C820
02D8F0
02E9B0
02FA80
030B20
031BB0
032C30
033C80
034CC0
035CF0
036CF0
037CE0
038CB0
039C70
03AC00
03BB80
03CAF0
03DA30
03E960
03F880
040760
041610
042490
0432E0
044100
044EE0
045CA0
046A30
047780
0484A0
0491A0
049E60
04AAF0
04B750
04C380
04CF80
04DB40
04E6B0
04F1F0
04FCE0
0507A0
051210
051C40
052630
052FE0
053950
054280
054B70
055410
055C80
0564A0
056C80
057420
057B70
058270
058920
058F90
0595B0
059B90
05A120
05A660
05AB50
05B000
05B460
05B880
05BC40
05BFC0
05C300
05C5E0
05C880
05CAD0
05CCE0
05CE90
05D000
05D130
05D200
05D290
05D2D0
05D2C0
05D270
05D1C0
05D0D0
05CFA0
05CE10
05CC50
05CA40
05C7E0
05C550
05C270
05BF50
05BBE0
05B830
05B440
05B010
05AB90
05A6D0
05A1D0
059C90
059700
059130
058B30
0584F0
057E80
0577E0
057100
0569F0
0562B0
055B40
055390
054BB0
054390
053B50
0532D0
052A20
052130
051810
050ED0
050570
04FC00
04F260
04E8A0
04DED0
04D4D0
04CAC0
04C080
04B630
04ABB0
04A120
049670
048B90
0480A0
047590
046A70
045F50
045430
044900
043DD0
043290
042750
041C10
0410C0
040570
03FA10
03EEB0
03E350
03D7E0
03CC70
03C0F0
03B590
03AA30
039EF0
0393C0
0388B0
037DA0
0372B0
0367D0
035D00
035240
034790
033D00
033270
032800
031DA0
031360
030940
02FF40
02F570
02EBD0
02E250
02D910
02CFE0
02C6F0
02BE20
02B570
02AD00
02A4B0
029C80
029480
028CB0
028510
027DA0
027670
026F80
0268C0
026250
025C10
025610
025040
024AC0
024570
024060
023B80
0236F0
023290
022E70
022A80
0226E0
022390
022080
021DC0
021B40
021900
021710
021560
021400
0212E0
021210
021180
021130
021130
021180
021200
0212E0
021400
021570
021720
021910
021B60
021DF0
0220C0
0223E0
022750
022B00
022F00
023340
0237D0
023CB0
0241D0
024730
024CE0
0252D0
025900
025F70
026620
026D20
027460
027BE0
0283A0
028BA0
0293F0
029C80
02A550
02AE60
02B7B0
02C140
02CB00
02D4F0
02DF20
02E980
02F420
02FEE0
0309E0
031520
032080
032C20
0337F0
034400
035040
035CB0
036960
037620
038310
039020
039D50
03AAA0
03B810
03C5A0
03D350
03E120
03EF10
03FD30
040B60
0419C0
042830
0436D0
044590
045450
046320
047200
0480E0
048FC0
049EC0
04ADB0
04BCC0
04CBD0
04DAE0
04EA10
04F930
050870
0517A0
0526F0
053640
054580
0554B0
0563D0
0572F0
0581F0
0590E0
059FD0
05AEA0
05BD70
05CC20
05DAD0
05E960
05F7F0
060660
0614D0
062330
063160
063F70
064D60
065B20
0668C0
067630
068380
0690B0
069DB0
06AA90
06B750
06C3E0
06D050
06DC90
06E8B0
06F4B0
070070
070BF0
071750
072260
072D40
0737E0
074250
074C90
075690
076050
0769E0
077330
077C50
078530
078DD0
079650
079E70
07A660
07AE00
07B560
07BC70
07C350
07C9D0
07D020
07D620
07DBE0
07E160
07E690
07EB80
07F020
07F490
07F8A0
07FC80
080000
080340
080640
0808F0
080B50
080D60
080F30
0810B0
0811F0
0812E0
081380
0813E0
0813F0
0813C0
081330
081270
081150
081000
080E50
080C70
080A30
0807B0
0804F0
0801E0
07FE80
07FAE0
07F700
07F2D0
07EE50
07E990
07E480
07DF30
07D9B0
07D3E0
07CDD0
07C790
07C100
07BA30
07B320
07ABE0
07A450
079C80
079470
078C30
0783A0
077AD0
0771C0
076880
075F10
075560
074B90
074180
073740
072CD0
072220
071750
070C40
070100
06F590
06E9E0
06DE00
06D200
06C5B0
06B950
06ACD0
06A020
069360
068670
067960
066C20
065ED0
065160
0643C0
063600
062820
061A20
060BF0
05FDB0
05EF40
05E0C0
05D240
05C3A0
05B4F0
05A620
059750
058870
057980
056A70
055B60
054C30
053CF0
052DA0
051E50
050EE0
04FF50
04EFD0
04E050
04D0D0
04C140
04B1C0
04A240
0492B0
048320
0473A0
046410
045480
0444F0
043560
0425D0
041640
0406A0
03F720
03E7A0
03D830
03C8D0
03B980
03AA30
039AF0
038BC0
037CA0
036D80
035E70
034F70
034080
0331A0
0322C0
0313F0
030540
02F690
02E810
02D9A0
02CB40
02BCF0
02AEC0
02A0B0
0292B0
0284C0
0276F0
026930
025B80
024DF0
024080
023310
0225D0
0218B0
020BA0
01FEB0
01F1E0
01E530
01D8A0
01CC30
01BFD0
01B390
01A780
019B80
018F90
0183D0
017830
016CA0
016140
0155F0
014AD0
013FC0
0134E0
012A10
011F70
0114E0
010A80
010030
00F610
00EC00
00E220
00D850
00CEB0
00C520
00BBC0
00B280
00A950
00A050
009770
008EB0
008610
007D90
007530
006CF0
0064D0
005CD0
005500
004D40
0045A0
003E30
0036D0
002F90
002880
002180
001AA0
0013E0
000D40
0006D0
000070
FFFA30
FFF400
FFEE00
FFE820
FFE260
FFDCC0
FFD730
FFD1D0
FFCC90
FFC760
FFC250
FFBD70
FFB8A0
FFB3F0
FFAF60
FFAAF0
FFA6A0
FFA270
FF9E60
FF9A70
FF96A0
FF92E0
FF8F50
FF8BD0
FF8870
FF8540
FF8210
FF7F10
FF7C30
FF7960
FF76C0
FF7430
FF71C0
FF6F70
FF6D30
FF6B20
FF6920
FF6740
FF6590
FF63F0
FF6260
FF6100
FF5FC0
FF5EA0
FF5D90
FF5CB0
FF5BE0
FF5B40
FF5AB0
FF5A40
FF59F0
FF59D0
FF59C0
FF59D0
FF59F0
FF5A40
FF5AB0
FF5B40
FF5BF0
FF5CC0
FF5DB0
FF5ED0
FF6000
FF6150
FF62C0
FF6450
FF6610
FF67E0
FF69D0
FF6BF0
FF6E20
FF7080
FF7300
FF75A0
FF7870
FF7B60
FF7E70
FF81B0
FF8510
FF8890
FF8C30
FF9000
FF93F0
FF9810
FF9C40
FFA0A0
FFA530
FFA9D0
FFAEB0
FFB3A0
FFB8D0
FFBE10
FFC380
FFC920
FFCEE0
FFD4C0
FFDAD0
FFE110
FFE770
FFEDF0
FFF4A0
FFFB70
000270
000990
0010E0
001860
002000
0027D0
002FD0
0037F0
004040
0048B0
005160
005A20
006320
006C40
007590
007F00
0088A0
009270
009C60
00A680
00B0C0
00BB30
00C5D0
00D090
00DB80
00E690
00F1E0
00FD40
0108E0
011490
012080
012C90
0138D0
014530
0151B0
015E60
016B40
017830
018550
0192A0
01A000
01AD90
01BB50
01C930
01D730
01E550
01F3A0
020220
0210B0
021F70
022E40
023D30
024C40
025B70
026AC0
027A20
0289B0
029950
02A910
02B8F0
02C8E0
02D900
02E930
02F990
030A00
031A70
032B00
033BA0
034C50
035D10
036DE0
037EB0
038FA0
03A0A0
03B1A0
03C2C0
03D3E0
03E520
03F660
0407B0
041920
042A80
043BE0
044D40
045EA0
046FF0
048150
0492A0
04A400
04B550
04C6A0
04D7F0
04E940
04FA90
050BD0
051D20
052E60
053F90
0550B0
0561B0
057290
058360
059420
05A4C0
05B550
05C5D0
05D620
05E670
05F6A0
0606C0
0616C0
0626A0
063680
064620
0655A0
0664F0
067410
068300
0691D0
06A070
06AEE0
06BD20
06CB30
06D920
06E6E0
06F470
0701E0
070F10
071C20
0728F0
073570
0741C0
074DC0
075990
076510
077050
077B50
078610
079090
079AD0
07A4C0
07AE80
07B7F0
07C130
07CA20
07D2C0
07DB20
07E320
07EAD0
07F220
07F930
07FFF0
080650
080C70
081230
0817B0
081CD0
0821A0
082620
082A50
082E30
0831B0
0834D0
0837A0
083A10
083C20
083DE0
083F30
084030
0840E0
084120
084110
0840A0
083FD0
083EB0
083D20
083B50
083910
083670
083380
083020
082C70
082860
0823F0
081F20
0819F0
081460
080E80
080840
080190
07FA90
07F330
07EB80
07E360
07DB00
07D230
07C920
07BFB0
07B5E0
07ABC0
07A150
079680
078B60
077FE0
077410
0767E0
075B60
074E80
074150
0733D0
072610
071810
0709C0
06FB30
06EC50
06DD30
06CDC0
06BE10
06AE10
069DD0
068D50
067C80
066B60
065A00
064860
063680
062480
061250
05FFF0
05ED50
05DA90
05C7A0
05B480
05A130
058DB0
0579F0
056610
055200
053DC0
052950
0514C0
050000
04EB40
04D670
04C180
04AC90
049780
048260
046D20
0457E0
044290
042D20
0417A0
040210
03EC70
03D6C0
03C0F0
03AB40
039590
037FF0
036A60
0354E0
033F70
032A10
0314B0
02FF60
02EA30
02D500
02BFE0
02AAD0
0295C0
0280D0
026BE0
025720
0242A0
022E40
021A00
020600
01F220
01DE80
01CB00
01B7B0
01A480
019190
017EC0
016C30
0159C0
014780
013560
0123A0
011220
0100E0
00EFF0
00DF50
00CEF0
00BEE0
00AF20
009FA0
009070
008180
0072E0
006490
005680
0048B0
003B40
002E20
002160
001500
000900
FFFD50
FFF210
FFE720
FFDCA0
FFD270
FFC8A0
FFBF30
FFB620
FFAD60
FFA510
FF9D10
FF9580
FF8E50
FF8780
FF8120
FF7B30
FF75A0
FF7080
FF6BD0
FF6780
FF6390
FF6020
FF5D10
FF5A60
FF5820
FF5650
FF54E0
FF53E0
FF5340
FF5320
FF5350
FF5400
FF5510
FF5690
FF5870
FF5AD0
FF5D80
FF60B0
FF6440
FF6840
FF6CA0
FF7170
FF76B0
FF7C50
FF8260
FF88C0
FF8F90
FF96C0
FF9E40
FFA630
FFAE80
FFB730
FFC050
FFC9C0
FFD390
FFDDD0
FFE860
FFF360
FFFEC0
000A70
001680
0022E0
002F80
003C70
0049B0
005740
006520
007350
0081C0
009080
009FA0
00AF00
00BEA0
00CEA0
00DEF0
00EF80
010050
011150
012280
0133E0
014580
015740
016940
017B80
018DE0
01A080
01B340
01C650
01D980
01ECE0
020080
021450
022830
023C30
025040
026460
027890
028CE0
02A140
02B5C0
02CA40
02DEE0
02F3A0
030860
031D40
033230
034740
035C60
037170
038680
039B80
03B080
03C570
03DA50
03EF30
040400
0418C0
042D80
044240
0456F0
046B90
048030
0494C0
04A940
04BDA0
04D1E0
04E5F0
04F9E0
050DB0
052150
0534D0
054820
055B50
056E60
058140
0593F0
05A690
05B900
05CB40
05DD70
05EF50
060100
061260
062390
063490
064540
0655C0
066600
067600
0685C0
069550
06A490
06B3A0
06C270
06D110
06DF60
06ED70
06FB30
0708B0
0715E0
0722C0
072F60
073BB0
0747B0
075370
075EE0
076A10
0774E0
077F80
0789C0
0793C0
079D70
07A6D0
07AFF0
07B8B0
07C130
07C950
07D130
07D8C0
07DFF0
07E6E0
07ED80
07F3D0
07F9D0
07FF90
0804F0
080A00
080ED0
081350
081780
081B60
081F00
082250
082560
082820
082A90
082CC0
082EA0
083040
083180
083280
083340
0833B0
0833D0
0833C0
083360
0832D0
083200
0830F0
082FA0
082E10
082C40
082A40
082800
082580
0822C0
081FC0
081C80
081910
081550
081170
080D70
080930
0804D0
080050
07FB90
07F6C0
07F1B0
07EC80
07E720
07E190
07DBE0
07D600
07D000
07C9D0
07C370
07BD00
07B680
07AFE0
07A930
07A270
079B90
0794B0
078DB0
078690
077F70
077830
0770D0
076970
0761F0
075A60
0752B0
074B10
074370
073BC0
073420
072C80
0724E0
071D50
0715B0
070E10
070670
06FEE0
06F740
06EFB0
06E820
06E090
06D8F0
06D170
06CA10
06C2B0
06BB70
06B430
06AD10
06A600
069F00
069820
069140
068A80
0683C0
067D20
0676A0
067020
0669B0
066370
065D40
065730
065150
064B80
0645D0
064040
063AD0
063590
063060
062B50
062660
062190
061CE0
061850
0613D0
060F80
060B60
060750
060370
05FFB0
05FC00
05F890
05F530
05F1F0
05EEE0
05EBF0
05E920
05E670
05E3F0
05E180
05DF40
05DD20
05DB10
05D930
05D770
05D5C0
05D440
05D2D0
05D190
05D060
05CF60
05CE70
05CDB0
05CD00
05CC80
05CC10
05CBC0
05CB90
05CB60
05CB50
05CB50
05CB60
05CB90
05CBC0
05CC10
05CC70
05CCE0
05CD70
05CE00
05CEB0
05CF70
05D040
05D120
05D200
05D2F0
05D3E0
05D4C0
05D5B0
05D6A0
05D790
05D880
05D970
05DA60
05DB60
05DC50
05DD50
05DE50
05DF50
05E040
05E130
05E210
05E2D0
05E370
05E410
05E490
05E500
05E560
05E5A0
05E5E0
05E5F0
05E600
05E5F0
05E5D0
05E5A0
05E560
05E4F0
05E450
05E380
05E290
05E180
05E030
05DED0
05DD30
05DB70
05D980
05D760
05D520
05D2C0
05D020
05CD60
05CA80
05C750
05C3F0
05C050
05BC70
05B850
05B3F0
05AF60
05AA80
05A570
05A020
059A90
0594C0
058EB0
058870
0581F0
057B20
057420
056CC0
056520
055D30
0554F0
054C70
0543A0
053A80
053110
052760
051D60
051320
050890
04FDB0
04F280
04E710
04DB40
04CF30
04C2D0
04B610
04A910
049BB0
048E00
048010
0471C0
046320
045440
044500
043570
042590
041560
0404E0
03F410
03E300
03D190
03BFE0
03ADE0
039B90
0388F0
037600
0362D0
034F40
033B70
032750
0312E0
02FE30
02E920
02D3D0
02BE40
02A860
029250
027BF0
026560
024E90
023770
022020
020880
01F0B0
01D890
01C040
01A7A0
018EC0
0175B0
015C50
0142D0
012920
010F40
00F540
00DB10
00C0B0
00A620
008B70
007090
005590
003A50
001EF0
000370
FFE7B0
FFCBD0
FFAFD0
FF93B0
FF7780
FF5B50
FF3F00
FF22B0
FF0640
FEE9D0
FECD50
FEB0C0
FE9410
FE7760
FE5AA0
FE3DD0
FE20F0
FE0400
FDE710
FDCA20
FDAD40
FD9070
FD73B0
FD5700
FD3A60
FD1DD0
FD0150
FCE4E0
FCC870
FCAC20
FC8FE0
FC73A0
FC5780
FC3B70
FC1F60
FC0390
FBE7E0
FBCC60
FBB120
FB9600
FB7B10
FB6050
FB45C0
FB2B60
FB1130
FAF720
FADD50
FAC3A0
FAAA30
FA90E0
FA77D0
FA5F00
FA4670
FA2E30
FA1640
F9FE90
F9E730
F9D020
F9B950
F9A2D0
F98CA0
F976B0
F96110
F94BB0
F936A0
F921D0
F90D60
F8F940
F8E580
F8D220
F8BF20
F8AC80
F89A40
F88860
F876E0
F865C0
F854F0
F84490
F83490
F824E0
F815A0
F806C0
F7F830
F7EA20
F7DC70
F7CF20
F7C250
F7B5E0
F7A9E0
F79E40
F79320
F78860
F77E00
F77420
F76AA0
F76190
F758E0
F750A0
F748D0
F74170
F73A80
F73400
F72DE0
F72840
F72300
F71E40
F719E0
F715F0
F71270
F70F60
F70CB0
F70A80
F708B0
F70760
F70670
F705F0
F705D0
F70610
F706C0
F707D0
F70950
F70B30
F70D70
F71020
F71330
F716B0
F71A80
F71ED0
F72370
F72880
F72E00
F733C0
F739E0
F74060
F74730
F74E50
F755C0
F75D90
F765B0
F76E20
F776F0
F78010
F78980
F79350
F79D70
F7A7F0
F7B2B0
F7BDC0
F7C900
F7D480
F7E040
F7EC40
F7F880
F804F0
F811A0
F81EA0
F82BC0
F83930
F846D0
F854C0
F862E0
F87140
F87FD0
F88E90
F89D70
F8AC70
F8BB90
F8CAD0
F8DA30
F8E9B0
F8F950
F90920
F91900
F92910
F93930
F94980
F959E0
F96A70
F97B20
F98BD0
F99C80
F9AD30
F9BDF0
F9CEB0
F9DF70
F9F030
FA00F0
FA11B0
FA2280
FA3350
FA4420
FA54F0
FA65D0
FA76A0
FA8780
FA9840
FAA8F0
FAB980
FACA00
FADA60
FAEAB0
FAFAE0
FB0AF0
FB1B00
FB2AE0
FB3AB0
FB4A70
FB5A10
FB69A0
FB7910
FB8860
FB9790
FBA690
FBB550
FBC3F0
FBD260
FBE0A0
FBEEB0
FBFC90
FC0A40
FC17C0
FC2510
FC3240
FC3F30
FC4BF0
FC5890
FC64F0
FC7120
FC7D10
FC88C0
FC9430
FC9F60
FCAA50
FCB510
FCBF80
FCC9C0
FCD3C0
FCDD80
FCE710
FCF050
FCF950
FD0220
FD0AB0
FD12F0
FD1B00
FD22B0
FD2A30
FD3160
FD3850
FD3F00
FD4560
FD4B80
FD5160
FD56F0
FD5C50
FD6150
FD6620
FD6AA0
FD6EE0
FD72E0
FD7690
FD7A10
FD7D40
FD8030
FD82E0
FD8550
FD8780
FD8960
FD8B10
FD8C70
FD8D90
FD8E70
FD8F10
FD8F60
FD8F80
FD8F60
FD8F00
FD8E70
FD8DB0
FD8CB0
FD8B70
FD8A00
FD8850
FD8670
FD8460
FD8210
FD7F80
FD7CC0
FD79C0
FD7690
FD7330
FD6FA0
FD6BE0
FD6800
FD6400
FD5FD0
FD5B80
FD5700
FD5260
FD4D90
FD48A0
FD4380
FD3E40
FD38E0
FD3350
FD2D90
FD27C0
FD21D0
FD1BC0
FD15B0
FD0F90
FD0950
FD0300
FCFCA0
FCF630
FCEFB0
FCE920
FCE270
FCDBB0
FCD4E0
FCCE00
FCC710
FCC010
FCB910
FCB210
FCAB10
FCA420
FC9D30
FC9640
FC8F50
FC8860
FC8180
FC7AA0
FC73C0
FC6CF0
FC6620
FC5F50
FC5880
FC51B0
FC4B00
FC4470
FC3DF0
FC3780
FC3140
FC2B00
FC24E0
FC1EE0
FC1900
FC1320
FC0D70
FC07D0
FC0240
FBFCD0
FBF780
FBF240
FBED30
FBE840
FBE380
FBDEF0
FBDA80
FBD640
FBD220
FBCE40
FBCA70
FBC6E0
FBC370
FBC020
FBBD10
FBBA10
FBB750
FBB4B0
FBB250
FBB010
FBAE10
FBAC50
FBAAC0
FBA960
FBA830
FBA740
FBA680
FBA600
FBA5A0
FBA580
FBA5A0
FBA5F0
FBA670
FBA720
FBA810
FBA940
FBAAA0
FBAC40
FBAE10
FBB020
FBB270
FBB4F0
FBB7B0
FBBAB0
FBBDE0
FBC140
FBC4F0
FBC8D0
FBCCE0
FBD130
FBD5C0
FBDA80
FBDF70
FBE4A0
FBEA10
FBEFA0
FBF580
FBFB90
FC01D0
FC0850
FC0F00
FC15F0
FC1D20
FC2470
FC2C10
FC33D0
FC3BD0
FC4400
FC4C50
FC54E0
FC5D90
FC6670
FC6F90
FC78D0
FC8240
FC8BE0
FC95B0
FC9FB0
FCA9E0
FCB440
FCBED0
FCC980
FCD460
FCDF60
FCEA80
FCF5C0
FD0120
FD0CA0
FD1840
FD2400
FD2FF0
FD3BF0
FD4820
FD5460
FD60D0
FD6D50
FD7A00
FD86D0
FD93B0
FDA0A0
FDAD90
FDBAA0
FDC7C0
FDD4F0
FDE230
FDEF80
FDFCE0
FE0A50
FE17D0
FE2560
FE3300
FE40B0
FE4E70
FE5C40
FE6A10
FE77E0
FE85B0
FE9370
FEA140
FEAF10
FEBCD0
FECAA0
FED860
FEE620
FEF3E0
FF01A0
FF0F60
FF1D20
FF2AE0
FF38A0
FF4650
FF53E0
FF6170
FF6EE0
FF7C40
FF8990
FF96D0
FFA400
FFB120
FFBE30
FFCB20
FFD810
FFE4E0
FFF1B0
FFFE60
000B00
001780
0023F0
003030
003C50
004860
005440
006010
006BC0
007740
0082B0
008E00
009930
00A440
00AF30
00BA00
00C4C0
00CF40
00D9B0
00E3F0
00EE00
00F7F0
0101B0
010B50
0114D0
011E20
012750
013050
013930
0141E0
014A70
0152D0
015B10
016320
016B10
0172D0
017A60
0181C0
018900
019010
019700
019DB0
01A450
01AAB0
01B0F0
01B700
01BCE0
01C2A0
01C830
01CDA0
01D2E0
01D7F0
01DCE0
01E1A0
01E640
01EAB0
01EF00
01F320
01F710
01FAE0
01FE90
020210
020560
020890
020B90
020E70
021130
0213D0
021650
0218A0
021AD0
021CF0
021EE0
0220A0
022250
0223E0
022540
022680
0227A0
0228A0
022980
022A40
022AF0
022B80
022BF0
022C50
022CA0
022CD0
022CE0
022CE0
022CC0
022C90
022C40
022BE0
022B60
022AC0
022A10
022950
022880
0227B0
0226C0
0225D0
0224D0
0223C0
0222A0
022170
022040
021EF0
021DA0
021C40
021AD0
021950
0217C0
021630
0214A0
021310
021180
020FE0
020E50
020CB0
020B10
020970
0207C0
020620
020470
0202D0
020120
01FF70
01FDB0
01FC10
01FA60
01F8C0
01F730
01F5A0
01F410
01F290
01F110
01EF90
01EE30
01ECC0
01EB60
01EA00
01E8B0
01E760
01E620
01E4E0
01E3B0
01E290
01E180
01E080
01DF80
01DE90
01DDB0
01DCE0
01DC20
01DB60
01DAB0
01DA10
01D980
01D8F0
01D880
01D810
01D7B0
01D770
01D730
01D700
01D6E0
01D6D0
01D6E0
01D6F0
01D710
01D740
01D780
01D7D0
01D830
01D8A0
01D930
01D9B0
01DA50
01DB00
01DBB0
01DC70
01DD40
01DE20
01DF10
01E000
01E110
01E220
01E340
01E470
01E5A0
01E6F0
01E840
01E9A0
01EB00
01EC70
01EDF0
01EF70
01F0F0
01F290
01F420
01F5C0
01F770
01F920
01FAE0
01FCB0
01FE80
020050
020230
020410
0205F0
0207D0
0209B0
020BA0
020D80
020F60
021150
021330
021520
021700
0218F0
021AD0
021CC0
021EB0
022090
022280
022450
022630
0227F0
0229C0
022B70
022D20
022ED0
023070
023210
0233A0
023530
0236B0
023830
0239A0
023B00
023C60
023DA0
023EE0
024010
024120
024220
024320
024400
0244E0
0245A0
024650
024700
024790
024810
024880
0248F0
024930
024970
024990
024990
024980
024960
024920
0248D0
024870
0247F0
024750
0246B0
0245E0
024510
024420
024310
0241F0
0240C0
023F70
023E00
023C70
023AE0
023920
023750
023570
023360
023150
022F10
022CC0
022A60
0227E0
022540
022290
021FC0
021CE0
0219F0
0216D0
0213B0
021060
020D10
020990
020610
020260
01FEA0
01FAD0
01F6E0
01F2E0
01EEC0
01EA90
01E650
01E200
01DD90
01D920
01D490
01CFF0
01CB40
01C680
01C1B0
01BCC0
01B7D0
01B2C0
01ADA0
01A870
01A330
019DE0
019890
019330
018DD0
018860
0182F0
017D70
0177E0
017250
016CC0
016720
016170
015BC0
015600
015040
014A70
0144B0
013EE0
013920
013370
012DB0
012800
012250
011CB0
011700
011160
010BD0
010630
0100A0
00FB10
00F590
00F000
00EA90
00E530
00DFE0
00DAB0
00D580
00D070
00CB60
00C670
00C190
00BCC0
00B800
00B360
00AEC0
00AA40
00A5D0
00A170
009D30
009910
009510
009130
008D70
0089D0
008650
0082F0
007FB0
007C90
0079A0
0076C0
007400
007160
006EE0
006C80
006A50
006850
006670
0064C0
006340
0061E0
0060B0
005FB0
005EE0
005E30
005DC0
005D70
005D40
005D50
005D80
005DD0
005E60
005F30
006020
006150
0062B0
006440
006600
0067F0
006A20
006C80
006F10
0071D0
0074D0
007800
007B50
007EF0
0082B0
0086B0
008AE0
008F40
0093E0
0098B0
009DC0
00A300
00A870
00AE10
00B3F0
00BA00
00C050
00C6D0
00CD80
00D460
00DB80
00E2C0
00EA40
00F1F0
00F9D0
0101E0
010A20
011290
011B30
012400
012D00
013630
013FA0
014930
015300
015CF0
016710
017160
017BD0
018660
019120
019C00
01A710
01B240
01BDA0
01C920
01D4C0
01E090
01EC80
01F8A0
0204F0
021150
021DE0
022A70
023720
0243F0
0250D0
025DC0
026AD0
027800
028540
029290
02A000
02AD80
02BB20
02C8D0
02D690
02E480
02F260
030040
030E30
031C20
032A20
033810
034610
035410
036210
037020
037E20
038C30
039A50
03A860
03B680
03C4A0
03D2B0
03E0B0
03EE90
03FC70
040A30
0417E0
042590
043320
0440A0
044E00
045B60
0468B0
0475E0
048300
049010
049D20
04A9F0
04B6A0
04C330
04CF90
04DBD0
04E7F0
04F3E0
04FFA0
050B40
0516C0
052210
052D40
053840
054320
054DD0
055860
0562B0
056CD0
0576B0
058060
0589C0
059300
059BF0
05A4B0
05AD30
05B580
05BD90
05C570
05CD10
05D470
05DBA0
05E290
05E930
05EF90
05F5B0
05FB80
060100
060640
060B40
060FF0
061450
061870
061C50
061FE0
062330
062630
0628E0
062B60
062D80
062F50
0630D0
063200
0632F0
063380
0633C0
0633B0
063360
0632B0
0631B0
063070
062ED0
062CF0
062AB0
062830
062550
062230
061EB0
061AF0
0616E0
061270
060DC0
0608C0
060370
05FDC0
05F7D0
05F190
05EB00
05E420
05DCF0
05D570
05CDA0
05C590
05BD40
05B4A0
05ABB0
05A280
059910
058F50
058540
057AF0
057050
056570
055A40
054ED0
054320
053710
052AE0
051E60
0511B0
0504D0
04F7B0
04EA50
04DCB0
04CEE0
04C0E0
04B2A0
04A420
049570
048680
047750
0467F0
045850
044890
0438B0
0428A0
041860
040810
03F790
03E6F0
03D620
03C530
03B410
03A2E0
039170
037FF0
036E40
035C70
034A70
033870
032650
031430
030200
02EFC0
02DD70
02CB10
02B8A0
02A630
0293A0
028110
026E70
025BB0
0248F0
023620
022350
021070
01FDB0
01EAF0
01D840
01C590
01B2F0
01A060
018DD0
017B50
0168E0
015670
014410
0131C0
011F70
010D30
00FAF0
00E8E0
00D6F0
00C510
00B360
00A1D0
009060
007F10
006DF0
005CE0
004C00
003B30
002A90
001A10
0009B0
FFF960
FFE950
FFD960
FFC9B0
FFBA30
FFAAE0
FF9BC0
FF8CE0
FF7E30
FF6FC0
FF6180
FF5370
FF4590
FF37F0
FF2A80
FF1D40
FF1040
FF0360
FEF6D0
FEEA90
FEDE80
FED2C0
FEC730
FEBBF0
FEB0F0
FEA630
FE9BC0
FE9180
FE8790
FE7DD0
FE7460
FE6B40
FE6250
FE59A0
FE5140
FE4930
FE4160
FE39E0
FE32A0
FE2BB0
FE2510
FE1EB0
FE18A0
FE12D0
FE0D50
FE0810
FE0320
FDFE80
FDFA20
FDF610
FDF240
FDEEC0
FDEB90
FDE8A0
FDE5F0
FDE390
FDE180
FDDFB0
FDDE20
FDDCF0
FDDBF0
FDDB50
FDDAF0
FDDAD0
FDDB00
FDDB70
FDDC30
FDDD20
FDDE60
FDDFE0
FDE1A0
FDE3A0
FDE5E0
FDE860
FDEB20
FDEE30
FDF170
FDF500
FDF8C0
FDFCD0
FE0120
FE05B0
FE0A70
FE0F70
FE1490
FE19F0
FE1F80
FE2550
FE2B40
FE3170
FE37D0
FE3E60
FE4530
FE4C30
FE5360
FE5AC0
FE6260
FE6A20
FE7210
FE7A30
FE8260
FE8AC0
FE9330
FE9BD0
FEA4A0
FEAD80
FEB690
FEBFC0
FEC910
FED280
FEDC20
FEE5D0
FEEFB0
FEF9C0
FF03D0
FF0DF0
FF1820
FF2260
FF2CB0
FF3720
FF4190
FF4C10
FF56A0
FF6140
FF6BF0
FF76C0
FF8190
FF8C70
FF9760
FFA260
FFAD60
FFB860
FFC360
FFCE50
FFD950
FFE440
FFEF40
FFFA30
000520
001010
001AF0
0025E0
0030D0
003BB0
004690
005180
005C50
006710
0071C0
007C50
0086E0
009150
009BC0
00A610
00B050
00BA80
00C4A0
00CEB0
00D8B0
00E2A0
00EC70
00F640
00FFE0
010970
0112F0
011C40
012580
012EA0
0137A0
014080
014950
015200
015A90
016310
016B70
0173B0
017BD0
0183D0
018BC0
019380
019B20
01A2A0
01AA00
01B140
01B850
01BF50
01C620
01CCD0
01D370
01D9E0
01E020
01E650
01EC60
01F240
01F810
01FDB0
020330
020890
020DE0
021300
021800
021CD0
022190
022630
022AB0
022F00
023340
023750
023B40
023F20
0242D0
024670
0249F0
024D60
0250A0
0253D0
0256F0
0259E0
025CC0
025F80
026230
0264C0
026730
026980
026BC0
026DE0
026FF0
0271F0
0273E0
0275C0
027790
027940
027AF0
027C90
027E20
027F90
028100
028260
0283B0
0284E0
028610
028720
028840
028950
028A60
028B60
028C70
028D70
028E70
028F70
029060
029150
029250
029330
029420
029500
0295F0
0296C0
0297B0
0298A0
0299A0
029AA0
029BB0
029CD0
029DF0
029F10
02A050
02A190
02A2D0
02A420
02A580
02A6E0
02A850
02A9D0
02AB60
02AD00
02AEB0
02B080
02B270
02B470
02B680
02B8A0
02BAE0
02BD30
02BFA0
02C220
02C4B0
02C760
02CA20
02CCF0
02CFF0
02D300
02D630
02D980
02DCF0
02E080
02E420
02E7F0
02EBD0
02EFE0
02F400
02F840
02FCA0
030120
0305C0
030A70
030F50
031450
031970
031EB0
032420
0329A0
032F50
033510
033B00
034110
034740
034D90
035410
035AA0
036160
036830
036F30
037650
037D80
0384E0
038C50
0393F0
039BA0
03A380
03AB70
03B380
03BBC0
03C410
03CC80
03D510
03DDC0
03E6A0
03EF80
03F880
0401A0
040AD0
041420
041D80
042700
043090
043A30
044400
044DD0
0457C0
0461D0
046BF0
047630
048080
048AE0
049550
049FC0
04AA40
04B4C0
04BF60
04CA00
04D4A0
04DF60
04EA20
04F4F0
04FFC0
050AA0
051590
052090
052B90
053690
054190
054C80
055770
056260
056D40
057820
058300
058DE0
0598B0
05A380
05AE50
05B910
05C3D0
05CE90
05D940
05E3E0
05EE70
05F8E0
060340
060D80
0617B0
0621C0
062BC0
0635B0
063F80
064940
0652E0
065C70
0665E0
066F40
067890
0681B0
068AB0
069380
069C20
06A4B0
06AD00
06B540
06BD50
06C530
06CCF0
06D480
06DBF0
06E340
06EA60
06F150
06F830
06FEC0
070530
070B60
071150
071720
071CB0
072200
072720
072C10
0730D0
073550
0739A0
073DB0
074190
074540
0748B0
074BF0
074EE0
075190
075410
075650
075840
075A00
075B80
075CC0
075DC0
075E80
075F00
075F40
075F50
075F10
075E90
075DD0
075CD0
075B90
075A10
075840
075630
0753E0
075150
074E80
074B60
074810
074470
074090
073C60
073800
073350
072E70
072940
0723D0
071E30
071840
071220
070BB0
070510
06FE20
06F700
06EFA0
06E7F0
06E010
06D7F0
06CF90
06C6E0
06BE10
06B500
06ABB0
06A240
069880
068EA0
068480
067A20
066F90
0664D0
0659D0
064EA0
064340
0637A0
062BC0
061FC0
061380
060730
05FAA0
05EE00
05E120
05D430
05C700
05B9B0
05AC40
059EA0
0590E0
0582F0
0574E0
0566A0
055840
0549B0
053B10
052C50
051D80
050EA0
04FFA0
04F090
04E160
04D220
04C2C0
04B350
04A3D0
049430
048480
0474C0
0464E0
0454E0
0444F0
0434F0
0424F0
0414F0
0404F0
03F4F0
03E4E0
03D4D0
03C4C0
03B4B0
03A4A0
039490
038470
037450
036440
035410
034400
033400
032410
031430
030450
02F490
02E4E0
02D530
02C5A0
02B610
02A6A0
029730
0287D0
027890
026950
025A20
024B10
023C20
022D50
021EA0
021010
0201A0
01F350
01E510
01D700
01C910
01BB30
01AD70
019FE0
019260
018500
0177D0
016AB0
015DD0
015110
014470
013800
012BC0
011FA0
0113B0
0107E0
00FC40
00F0D0
00E580
00DA60
00CF60
00C490
00B9F0
00AF70
00A520
009B10
009120
008750
007DC0
007460
006B30
006220
005940
0050A0
004820
003FD0
0037A0
002FB0
0027F0
002050
0018E0
0011A0
000A90
0003B0
FFFCF0
FFF660
FFF000
FFE9D0
FFE3C0
FFDDF0
FFD840
FFD2B0
FFCD60
FFC830
FFC340
FFBE60
FFB9B0
FFB520
FFB0C0
FFAC70
FFA860
FFA460
FFA090
FF9CE0
FF9960
FF95F0
FF92B0
FF8FA0
FF8CB0
FF89E0
FF8730
FF84A0
FF8230
FF7FD0
FF7D90
FF7B60
FF7950
FF7760
FF7580
FF73C0
FF7210
FF7080
FF6F00
FF6DB0
FF6C60
FF6B40
FF6A20
FF6920
FF6820
FF6730
FF6650
FF6570
FF64A0
FF63D0
FF6320
FF6270
FF61C0
FF6130
FF60A0
FF6010
FF5FA0
FF5F30
FF5EC0
FF5E60
FF5DF0
FF5D80
FF5D00
FF5C90
FF5C10
FF5B90
FF5B00
FF5A80
FF59F0
FF5950
FF58C0
FF5820
FF5780
FF56E0
FF5630
FF5580
FF54B0
FF53D0
FF52E0
FF51E0
FF50C0
FF4FA0
FF4E60
FF4D20
FF4BC0
FF4A50
FF48D0
FF4740
FF45A0
FF43F0
FF4220
FF4040
FF3E40
FF3C30
FF39F0
FF37A0
FF3540
FF32B0
FF3010
FF2D50
FF2A80
FF2790
FF2480
FF2150
FF1E10
FF1AA0
FF1730
FF1390
FF0FD0
FF0BF0
FF07F0
FF03D0
FEFF90
FEFB30
FEF6B0
FEF210
FEED50
FEE860
FEE360
FEDE40
FED900
FED390
FECE10
FEC870
FEC2A0
FEBCC0
FEB6C0
FEB0A0
FEAA60
FEA400
FE9D90
FE96F0
FE9030
FE8960
FE8260
FE7B50
FE7420
FE6CD0
FE6550
FE5DD0
FE5630
FE4E70
FE46A0
FE3EB0
FE36B0
FE2E90
FE2660
FE1E10
FE15B0
FE0D30
FE0490
FDFBF0
FDF320
FDEA40
FDE150
FDD850
FDCF40
FDC620
FDBD00
FDB3D0
FDAA90
FDA140
FD97F0
FD8E90
FD8520
FD7BB0
FD7230
FD68A0
FD5F00
FD5560
FD4BA0
FD4200
FD3850
FD2EA0
FD2500
FD1B60
FD11C0
FD0830
FCFE90
FCF500
FCEB70
FCE1E0
FCD860
FCCEE0
FCC560
FCBBE0
FCB260
FCA900
FC9FB0
FC9670
FC8D50
FC8440
FC7B40
FC7260
FC6990
FC60E0
FC5830
FC4FA0
FC4730
FC3EC0
FC3670
FC2E40
FC2610
FC1E10
FC1640
FC0E80
FC06F0
FBFF90
FBF840
FBF120
FBEA20
FBE350
FBDCA0
FBD610
FBCFA0
FBC960
FBC340
FBBD50
FBB770
FBB1D0
FBAC60
FBA730
FBA220
FB9D50
FB98B0
FB9440
FB9000
FB8C00
FB8820
FB8480
FB8110
FB7DD0
FB7AD0
FB77F0
FB7550
FB72E0
FB70B0
FB6EC0
FB6D10
FB6B90
FB6A50
FB6950
FB6880
FB67F0
FB67A0
FB6790
FB67B0
FB6810
FB68B0
FB6980
FB6A90
FB6BE0
FB6D70
FB6F40
FB7140
FB7390
FB7610
FB78E0
FB7BE0
FB7F20
FB82A0
FB8670
FB8A60
FB8EA0
FB9320
FB97E0
FB9CD0
FBA210
FBA770
FBAD20
FBB300
FBB920
FBBF80
FBC610
FBCCE0
FBD3E0
FBDB20
FBE2A0
FBEA60
FBF250
FBFA70
FC02E0
FC0B80
FC1450
FC1D60
FC2690
FC2FF0
FC3990
FC4360
FC4D50
FC5780
FC61E0
FC6C70
FC7730
FC8220
FC8D50
FC98A0
FCA420
FCAFE0
FCBBB0
FCC7B0
FCD3D0
FCE010
FCEC80
FCF900
FD05B0
FD1280
FD1F70
FD2C80
FD39B0
FD4710
FD5490
FD6220
FD6FE0
FD7DD0
FD8BC0
FD99C0
FDA7E0
FDB600
FDC440
FDD290
FDE0F0
FDEF50
FDFDD0
FE0C70
FE1B10
FE29C0
FE3890
FE4760
FE5650
FE6540
FE7440
FE8340
FE9230
FEA130
FEB020
FEBF10
FECE10
FEDD00
FEEBF0
FEFAE0
FF09D0
FF18C0
FF27B0
FF36A0
FF4590
FF5470
FF6350
FF7210
FF80D0
FF8F70
FF9E00
FFAC80
FFBAF0
FFC950
FFD790
FFE5D0
FFF3F0
000200
001000
001DF0
002BD0
0039A0
004740
0054D0
006240
006F80
007CB0
0089B0
0096A0
00A360
00B000
00BC90
00C8F0
00D530
00E150
00ED50
00F930
010500
011090
011C00
012740
013250
013D40
014800
0152A0
015D10
016750
017160
017B50
018510
018EB0
019820
01A160
01AA80
01B370
01BC20
01C4B0
01CD10
01D540
01DD40
01E510
01ECB0
01F430
01FB70
020290
020970
021030
0216B0
021D10
022340
022940
022F10
0234B0
023A20
023F70
024480
024970
024E20
0252B0
025710
025B40
025F40
026310
0266B0
026A30
026D70
027090
027390
027650
027900
027B80
027DD0
028000
028200
0283D0
028580
028710
028870
0289A0
028AB0
028BA0
028C50
028CF0
028D70
028DD0
028E00
028E20
028E10
028DF0
028DA0
028D40
028CB0
028C10
028B40
028A50
028940
028810
0286D0
028560
0283F0
028260
0280B0
027F00
027D20
027B40
027940
027730
027500
0272C0
027070
026E00
026B80
0268E0
026630
026370
0260B0
025DD0
025AF0
025800
025500
025200
024EE0
024BC0
024890
024550
024200
023EB0
023B50
0237D0
023460
0230D0
022D50
0229C0
022630
0222A0
021F00
021B60
0217C0
021420
021070
020CC0
020910
020560
0201A0
01FDE0
01FA20
01F660
01F290
01EED0
01EB10
01E740
01E380
01DFC0
01DBF0
01D830
01D470
01D0A0
01CCE0
01C910
01C550
01C180
01BDC0
01B9F0
01B630
01B270
01AEB0
01AAF0
01A730
01A370
019FB0
019BF0
019840
019480
0190D0
018D10
018960
0185B0
018200
017E50
017AA0
0176E0
017330
016F70
016BC0
016800
016450
016090
015CD0
015910
015550
015190
014DD0
014A10
014640
014280
013EB0
013AD0
0136F0
013310
012F30
012B40
012740
012350
011F50
011B40
011740
011330
010F10
010AF0
0106D0
0102A0
00FE60
00FA20
00F5C0
00F170
00ED00
00E880
00E400
00DF70
00DAE0
00D630
00D180
00CCC0
00C800
00C330
00BE40
00B950
00B450
00AF40
00AA10
00A4E0
009F90
009A30
0094C0
008F40
0089B0
008410
007E60
007890
0072C0
006CD0
0066E0
0060D0
005AA0
005470
004E20
0047C0
004140
003AC0
003420
002D60
0026A0
001FC0
0018D0
0011C0
000AA0
000370
FFFC30
FFF4D0
FFED60
FFE5E0
FFDE50
FFD6A0
FFCEE0
FFC710
FFBF20
FFB720
FFAF10
FFA6F0
FF9EB0
FF9660
FF8E00
FF8590
FF7D00
FF7470
FF6BC0
FF6310
FF5A40
FF5170
FF4890
FF3F90
FF3690
FF2D80
FF2460
FF1B30
FF11F0
FF08B0
FEFF50
FEF5E0
FEEC70
FEE2F0
FED970
FECFE0
FEC650
FEBCC0
FEB330
FEA990
FE9FF0
FE9650
FE8CA0
FE82F0
FE7940
FE6F80
FE65C0
FE5C00
FE5240
FE4880
FE3ED0
FE3520
FE2B80
FE21E0
FE1850
FE0ED0
FE0560
FDFBE0
FDF280
FDE920
FDDFD0
FDD680
FDCD40
FDC410
FDBAE0
FDB1D0
FDA8D0
FDA000
FD9730
FD8E90
FD8600
FD7D90
FD7530
FD6CF0
FD64D0
FD5CC0
FD54D0
FD4D00
FD4540
FD3DA0
FD3610
FD2EC0
FD2790
FD2090
FD19B0
FD1300
FD0C90
FD0630
FD0010
FCFA10
FCF450
FCEEA0
FCE930
FCE3F0
FCDED0
FCD9E0
FCD510
FCD090
FCCC40
FCC830
FCC450
FCC0C0
FCBD60
FCBA40
FCB750
FCB4B0
FCB240
FCB000
FCAE10
FCAC50
FCAAD0
FCA990
FCA880
FCA7C0
FCA740
FCA710
FCA720
FCA780
FCA820
FCA900
FCAA30
FCABA0
FCAD60
FCAF60
FCB1B0
FCB440
FCB710
FCBA30
FCBD90
FCC140
FCC540
FCC980
FCCE10
FCD2F0
FCD810
FCDD80
FCE340
FCE940
FCEF90
FCF630
FCFD10
FD0450
FD0BC0
FD1390
FD1BA0
FD2400
FD2CA0
FD3580
FD3EB0
FD4820
FD51E0
FD5BE0
FD6620
FD70B0
FD7B80
FD8690
FD91F0
FD9DA0
FDA990
FDB5C0
FDC230
FDCEE0
FDDBD0
FDE900
FDF660
FE03F0
FE11D0
FE1FD0
FE2E20
FE3CA0
FE4B60
FE5A50
FE6980
FE78E0
FE8890
FE9860
FEA880
FEB8B0
FEC910
FED990
FEEA40
FEFB00
FF0BF0
FF1D00
FF2E40
FF3F90
FF5110
FF62B0
FF7480
FF8660
FF9870
FFAAA0
FFBD00
FFCF60
FFE1C0
FFF430
0006B0
001930
002BB0
003E40
0050E0
006380
007630
0088E0
009BA0
00AE70
00C140
00D410
00E6F0
00F9C0
010C70
011F00
013190
0143F0
015650
016880
017AB0
018CC0
019EB0
01B090
01C260
01D410
01E5B0
01F730
0208A0
0219D0
022AD0
023BA0
024C30
025C90
026CB0
027CA0
028C60
029BE0
02AB20
02BA40
02C920
02D7C0
02E630
02F470
030270
031020
031D80
032A90
033740
0343B0
034FC0
035B80
0366F0
037200
037CD0
038740
039160
039B30
03A4B0
03ADE0
03B6B0
03BF20
03C730
03CED0
03D600
03DCD0
03E340
03E940
03EEE0
03F410
03F8E0
03FD40
040140
0404D0
040800
040AD0
040D20
040F10
041090
0411A0
041230
041260
041210
041150
041020
040E80
040C70
0409F0
0406F0
040390
03FFB0
03FB60
03F6B0
03F180
03EBE0
03E5D0
03DF50
03D860
03D100
03C930
03C0F0
03B840
03AF20
03A590
039B90
039120
038640
037AF0
036F30
036310
035680
0349A0
033C50
032EA0
032090
031220
030350
02F420
02E480
02D490
02C430
02B370
02A250
0290D0
027EE0
026CC0
025A40
024780
023480
022130
020DA0
01F9C0
01E590
01D120
01BC70
01A770
019220
017C90
0166C0
0150A0
013A30
0123A0
010CF0
00F620
00DF20
00C800
00B0B0
009950
0081C0
006A00
005230
003A30
002200
0009C0
FFF150
FFD8C0
FFC000
FFA750
FF8EA0
FF75F0
FF5D50
FF44A0
FF2C00
FF1370
FEFAD0
FEE240
FEC9B0
FEB120
FE9890
FE8010
FE6790
FE4F10
FE36A0
FE1E50
FE0630
FDEE40
FDD680
FDBEF0
FDA790
FD9050
FD7950
FD6270
FD4BD0
FD3550
FD1F00
FD08E0
FCF2F0
FCDD20
FCC790
FCB250
FC9D60
FC88C0
FC7480
FC6090
FC4CF0
FC39B0
FC26C0
FC1420
FC01D0
FBEFE0
FBDE40
FBCCF0
FBBC00
FBAB60
FB9B10
FB8B30
FB7BD0
FB6CE0
FB5E60
FB5050
FB42B0
FB3590
FB28E0
FB1CA0
FB10D0
FB0580
FAFA90
FAF020
FAE620
FADC90
FAD380
FACAF0
FAC2E0
FABB50
FAB460
FAADE0
FAA7F0
FAA280
FA9DA0
FA9940
FA9570
FA9220
FA8F50
FA8D10
FA8B50
FA8A10
FA8960
FA8940
FA89B0
FA8AA0
FA8C20
FA8E30
FA90C0
FA93E0
FA9790
FA9BD0
FAA090
FAA5E0
FAABC0
FAB220
FAB920
FAC0A0
FAC8A0
FAD130
FADA40
FAE3D0
FAEDF0
FAF880
FB03A0
FB0F30
FB1B50
FB27F0
FB3510
FB42B0
FB50D0
FB5F80
FB6EA0
FB7E50
FB8E80
FB9F10
FBB010
FBC180
FBD360
FBE5A0
FBF840
FC0B60
FC1EE0
FC32C0
FC4710
FC5BD0
FC7100
FC8690
FC9C90
FCB2F0
FCC9D0
FCE0E0
FCF840
FD0FF0
FD27E0
FD4010
FD5890
FD7150
FD8A60
FDA3B0
FDBD50
FDD730
FDF160
FE0BD0
FE2680
FE4180
FE5CD0
FE7830
FE93B0
FEAF50
FECB00
FEE6D0
FF02D0
FF1ED0
FF3B00
FF5740
FF73A0
FF9020
FFACC0
FFC970
FFE650
000340
002040
003D40
005A30
007700
0093C0
00B070
00CD20
00E9B0
010620
012290
013EF0
015B30
017770
019390
01AFA0
01CBB0
01E7A0
020350
021EC0
0239F0
0254F0
026FA0
028A20
02A460
02BE60
02D820
02F1A0
030AE0
0323F0
033CC0
035540
036D90
0385A0
039D50
03B490
03CB70
03E1F0
03F810
040DC0
042320
043810
044C90
0460C0
047480
0487E0
049AE0
04AD70
04BFB0
04D180
04E2D0
04F3A0
0503F0
0513C0
052310
0531E0
054030
054E10
055B60
056830
057490
058060
058BB0
059690
05A0E0
05AAC0
05B400
05BCC0
05C4F0
05CC90
05D3B0
05DA30
05E030
05E5A0
05EA80
05EED0
05F290
05F5D0
05F880
05FA90
05FC20
05FD30
05FDA0
05FD90
05FCE0
05FBB0
05F9F0
05F7B0
05F4D0
05F170
05ED80
05E900
05E3F0
05DE50
05D830
05D180
05CA40
05C270
05BA20
05B160
05A810
059E50
059400
058940
057E00
057240
056600
055940
054C00
053E40
053010
052150
051220
050260
04F250
04E1D0
04D0F0
04BFA0
04ADF0
049BE0
048970
0476A0
046360
044FC0
043BC0
042750
041280
03FD50
03E7C0
03D1C0
03BB90
03A510
038E50
037760
036020
0348A0
0330E0
0318F0
0300B0
02E830
02CF80
02B680
029D40
0283C0
026A00
025010
0235F0
021BD0
020180
01E720
01CCB0
01B220
019780
017CD0
0161F0
014710
012C00
0110F0
00F5C0
00DA70
00BF10
00A390
008830
006CD0
005190
003660
001B30
000020
FFE520
FFCA30
FFAF60
FF9490
FF79D0
FF5F30
FF4490
FF2A10
FF0FA0
FEF530
FEDB10
FEC110
FEA750
FE8DD0
FE7480
FE5B60
FE4280
FE29D0
FE1160
FDF920
FDE110
FDC940
FDB1B0
FD9A40
FD8320
FD6C20
FD5580
FD3F30
FD2940
FD13A0
FCFE50
FCE950
FCD4B0
FCC060
FCAC60
FC98C0
FC8570
FC7270
FC5FC0
FC4D70
FC3B70
FC29C0
FC1880
FC07A0
FBF730
FBE730
FBD790
FBC850
FBB980
FBAB10
FB9D10
FB8F80
FB8250
FB7580
FB6920
FB5D30
FB51A0
FB4680
FB3BC0
FB3180
FB27B0
FB1E50
FB1560
FB0CD0
FB04C0
FAFD20
FAF5F0
FAEF30
FAE8F0
FAE310
FADDA0
FAD8A0
FAD410
FAD000
FACC50
FAC910
FAC640
FAC3D0
FAC1E0
FAC050
FABF30
FABE80
FABE40
FABE70
FABF10
FAC010
FAC180
FAC360
FAC5B0
FAC870
FACB90
FACF00
FAD2E0
FAD710
FADBB0
FAE0A0
FAE600
FAEBB0
FAF1D0
FAF840
FAFF10
FB0640
FB0DD0
FB15C0
FB1E10
FB26C0
FB2FC0
FB3900
FB4290
FB4C60
FB5680
FB60E0
FB6B90
FB7690
FB81D0
FB8D50
FB9930
FBA540
FBB1B0
FBBE60
FBCB50
FBD890
FBE600
FBF390
FC0160
FC0F50
FC1D70
FC2BC0
FC3A40
FC48E0
FC57C0
FC66C0
FC75F0
FC8550
FC94D0
FCA490
FCB470
FCC480
FCD4A0
FCE4D0
FCF510
FD0560
FD15C0
FD2630
FD36B0
FD4740
FD57E0
FD6890
FD7940
FD8A10
FD9AF0
FDABE0
FDBCE0
FDCDE0
FDDEE0
FDEFD0
FE00C0
FE1190
FE2260
FE3320
FE43D0
FE5470
FE6500
FE7590
FE8600
FE9670
FEA6D0
FEB720
FEC770
FED7A0
FEE7C0
FEF7A0
FF0770
FF1710
FF2690
FF35F0
FF4520
FF5430
FF6310
FF71D0
FF8070
FF8EF0
FF9D40
FFAB70
FFB970
FFC760
FFD500
FFE270
FFEFB0
FFFCB0
000980
001610
002270
002E90
003A80
004630
0051A0
005CF0
0067F0
0072C0
007D60
0087C0
0091E0
009BC0
00A560
00AEB0
00B7D0
00C0A0
00C930
00D180
00D990
00E150
00E8E0
00F020
00F730
00FDF0
010470
010AA0
0110A0
011650
011BC0
0120E0
0125D0
012A60
012EC0
0132D0
0136A0
013A30
013D70
014070
014320
0145A0
0147D0
0149B0
014B60
014CD0
014DF0
014EE0
014F90
015000
015020
015010
014FC0
014F30
014E60
014D50
014C00
014A70
0148A0
014690
014450
0141D0
013F30
013C50
013930
0135F0
013270
012EC0
012AD0
0126B0
012260
011DE0
011930
011440
010F20
0109C0
010450
00FEB0
00F8F0
00F300
00ECF0
00E6C0
00E070
00D9F0
00D360
00CCA0
00C5B0
00BEA0
00B780
00B020
00A8B0
00A110
009960
0091A0
0089D0
0081F0
007A00
0071F0
0069E0
0061B0
005980
005130
0048D0
004060
0037E0
002F50
0026B0
001DF0
001540
000C90
0003E0
FFFB30
FFF280
FFE9D0
FFE130
FFD880
FFCFE0
FFC730
FFBE90
FFB5F0
FFAD50
FFA4B0
FF9C10
FF9370
FF8AF0
FF8270
FF7A10
FF71C0
FF6990
FF6160
FF5950
FF5150
FF4960
FF4190
FF39C0
FF3210
FF2A70
FF22F0
FF1B70
FF1410
FF0CD0
FF05B0
FEFEB0
FEF7D0
FEF120
FEEA80
FEE410
FEDDC0
FED790
FED180
FECB90
FEC5C0
FEC020
FEBA90
FEB530
FEAFF0
FEAAE0
FEA5F0
FEA130
FE9CA0
FE9840
FE9400
FE9000
FE8C20
FE8870
FE84E0
FE8190
FE7E60
FE7B60
FE7880
FE75E0
FE7360
FE7110
FE6F00
FE6D10
FE6B60
FE69D0
FE6880
FE6760
FE6670
FE65B0
FE6520
FE64C0
FE6490
FE6490
FE64C0
FE6530
FE65C0
FE6690
FE6780
FE68B0
FE6A10
FE6BA0
FE6D60
FE6F50
FE7180
FE73D0
FE7660
FE7920
FE7C00
FE7F20
FE8270
FE85F0
FE89B0
FE8D90
FE9190
FE95D0
FE9A30
FE9EC0
FEA380
FEA870
FEAD80
FEB2C0
FEB830
FEBDD0
FEC390
FEC990
FECFB0
FED5F0
FEDC70
FEE300
FEE9C0
FEF0A0
FEF7A0
FEFED0
FF0610
FF0D80
FF1500
FF1CB0
FF2480
FF2C70
FF3490
FF3CC0
FF4520
FF4DA0
FF5630
FF5EF0
FF67B0
FF7090
FF7980
FF8280
FF8BA0
FF94D0
FF9E10
FFA770
FFB0D0
FFBA50
FFC3F0
FFCD90
FFD750
FFE120
FFEB10
FFF4F0
FFFEE0
0008E0
0012D0
001CD0
0026D0
0030E0
003AE0
0044F0
004F10
005920
006340
006D60
007780
0081B0
008BE0
009600
00A010
00AA20
00B420
00BE10
00C7F0
00D1C0
00DB90
00E540
00EEF0
00F890
010230
010BB0
011530
011EA0
012800
013140
013A70
014370
014C60
015530
015DD0
016660
016ED0
017730
017F60
018770
018F70
019750
019F10
01A6A0
01AE30
01B580
01BCA0
01C3A0
01CA60
01D100
01D770
01DDB0
01E3C0
01E9B0
01EF60
01F4F0
01FA50
01FF70
020480
020950
020DF0
021260
021690
021A80
021E40
0221C0
022500
022810
022AE0
022D70
022FD0
0231F0
0233D0
023580
0236F0
023820
023920
0239D0
023A50
023A80
023A60
023A10
023980
0238A0
023780
023620
023480
023290
023070
022E00
022B50
022860
022520
0221B0
021DE0
0219E0
021590
0210F0
020C20
0206F0
020190
01FBE0
01F5E0
01EFB0
01E920
01E260
01DB50
01D3F0
01CC60
01C480
01BC50
01B3F0
01AB40
01A260
019930
018FC0
018600
017C10
0171D0
016750
015C90
015190
014640
013AB0
012EF0
0122E0
0116A0
010A20
00FD70
00F070
00E350
00D5E0
00C840
00BA70
00AC50
009E00
008F70
0080B0
0071B0
006280
005300
004360
0033A0
0023B0
001390
000340
FFF2D0
FFE230
FFD160
FFC070
FFAF40
FF9E00
FF8C80
FF7AE0
FF6920
FF5720
FF4500
FF32C0
FF2080
FF0E10
FEFB90
FEE900
FED660
FEC3A0
FEB0D0
FE9DE0
FE8AE0
FE77D0
FE64A0
FE5150
FE3E00
FE2A90
FE1700
FE0380
FDF000
FDDC80
FDC900
FDB590
FDA220
FD8EB0
FD7B40
FD67D0
FD5460
FD4100
FD2DA0
FD1A40
FD06E0
FCF390
FCE030
FCCD00
FCB9E0
FCA6E0
FC9400
FC8140
FC6EA0
FC5C20
FC49B0
FC3770
FC2540
FC1330
FC0140
FBEF70
FBDDB0
FBCC20
FBBAA0
FBA960
FB9860
FB8790
FB76F0
FB66A0
FB5670
FB4690
FB36E0
FB2760
FB1830
FB0920
FAFA50
FAEBC0
FADD70
FACF50
FAC160
FAB3D0
FAA690
FA9990
FA8CF0
FA80A0
FA74A0
FA68F0
FA5D90
FA5290
FA47D0
FA3D60
FA3350
FA2980
FA2010
FA16F0
FA0E10
FA05A0
F9FDA0
F9F5F0
F9EEB0
F9E7E0
F9E160
F9DB50
F9D5A0
F9D050
F9CB70
F9C6F0
F9C2E0
F9BF20
F9BBD0
F9B8E0
F9B660
F9B440
F9B2A0
F9B160
F9B0A0
F9B040
F9B060
F9B0F0
F9B1E0
F9B350
F9B530
F9B770
F9BA30
F9BD60
F9C0F0
F9C500
F9C980
F9CE70
F9D3D0
F9D9A0
F9DFF0
F9E6B0
F9EDE0
F9F580
F9FD90
FA0620
FA0F10
FA1880
FA2260
FA2CC0
FA3780
FA42C0
FA4E70
FA5A90
FA6710
FA7400
FA8160
FA8F20
FA9D50
FAABF0
FABAF0
FACA70
FADA40
FAEA90
FAFB40
FB0C60
FB1DF0
FB2FE0
FB4240
FB5500
FB6810
FB7B80
FB8F40
FBA360
FBB7D0
FBCCA0
FBE1D0
FBF750
FC0D30
FC2370
FC3A00
FC50E0
FC6830
FC7FC0
FC97C0
FCAFF0
FCC860
FCE110
FCFA00
FD1330
FD2CA0
FD4640
FD6030
FD7A50
FD94B0
FDAF50
FDCA30
FDE550
FE00B0
FE1C50
FE3820
FE5420
FE7030
FE8C50
FEA8A0
FEC500
FEE180
FEFE20
FF1AD0
FF37B0
FF54A0
FF71A0
FF8ED0
FFAC10
FFC970
FFE6F0
000480
002210
003F90
005D10
007A70
0097E0
00B530
00D280
00EFC0
010CF0
012A20
014740
016460
018170
019E70
01BB70
01D850
01F510
0211A0
022DF0
024A10
026610
0281D0
029D60
02B8B0
02D3E0
02EED0
0309A0
032430
033E90
0358C0
0372B0
038C80
03A5F0
03BF10
03D7D0
03F040
040860
042020
043790
044EB0
046570
047BD0
0491F0
04A7B0
04BD10
04D220
04E6E0
04FB50
050F40
0522C0
0535C0
054860
055A80
056C20
057D60
058E20
059E70
05AE50
05BDB0
05CCA0
05DB20
05E920
05F6C0
0603D0
061070
061C80
062800
063300
063D80
064770
0650D0
0659B0
066200
0669D0
067120
0677D0
067E10
0683C0
0688E0
068D80
069190
069500
0697F0
069A50
069C10
069D50
069DF0
069E10
069D90
069C80
069AE0
0698B0
0695F0
0692A0
068EC0
068A50
068550
067FC0
0679B0
067310
066BD0
066420
065BD0
065300
0649A0
063FB0
063530
062A30
061EA0
061280
0605D0
05F8A0
05EAF0
05DCC0
05CE10
05BEE0
05AF40
059F20
058E80
057D70
056BE0
0559D0
054740
053430
0520B0
050CB0
04F830
04E330
04CDE0
04B820
04A200
048B80
0474A0
045D60
0445D0
042DD0
041560
03FCA0
03E380
03CA00
03B020
0395E0
037B30
036030
0344F0
032960
030DA0
02F1A0
02D560
02B8F0
029C30
027F30
026200
024490
0226D0
0208E0
01EAB0
01CC40
01AD90
018EB0
016FA0
015090
013160
011210
00F2B0
00D340
00B3B0
009410
007450
005480
003490
001490
FFF480
FFD450
FFB400
FF93B0
FF7360
FF5320
FF32F0
FF12D0
FEF2C0
FED2D0
FEB2E0
FE9300
FE7330
FE5370
FE33C0
FE1430
FDF4A0
FDD520
FDB5B0
FD9650
FD7720
FD5830
FD3970
FD1AE0
FCFC80
FCDE50
FCC060
FCA2A0
FC8510
FC67B0
FC4A80
FC2D90
FC10D0
FBF440
FBD7E0
FBBBB0
FB9FE0
FB8450
FB6910
FB4E30
FB3390
FB1940
FAFF40
FAE590
FACC30
FAB320
FA9A60
FA81F0
FA69D0
FA5200
FA3A80
FA2340
FA0C70
F9F600
F9DFF0
F9CA50
F9B500
F9A010
F98B90
F97770
F963B0
F95050
F93D50
F92AB0
F91870
F906A0
F8F530
F8E410
F8D370
F8C330
F8B350
F8A3F0
F894F0
F88650
F87820
F86A60
F85D00
F85010
F84390
F83770
F82BC0
F82080
F815A0
F80B30
F80120
F7F780
F7EE40
F7E560
F7DCF0
F7D4F0
F7CD50
F7C610
F7BF40
F7B8D0
F7B2C0
F7AD20
F7A7F0
F7A320
F79EB0
F79AB0
F79700
F793B0
F790C0
F78E30
F78BF0
F78A10
F78890
F78760
F78690
F78620
F78610
F78650
F786F0
F787F0
F78940
F78AF0
F78CF0
F78F30
F791B0
F79480
F79790
F79AF0
F79EA0
F7A290
F7A6C0
F7AB40
F7B000
F7B510
F7BA60
F7C000
F7C5E0
F7CC00
F7D260
F7D8F0
F7DFB0
F7E6A0
F7EDC0
F7F520
F7FCA0
F80460
F80C40
F81460
F81CB0
F82530
F82DE0
F836C0
F83FE0
F84920
F85280
F85C00
F86590
F86F40
F87910
F882F0
F88CF0
F89700
F8A130
F8AB70
F8B5D0
F8C050
F8CAE0
F8D590
F8E060
F8EB40
F8F630
F90110
F90C10
F91710
F92210
F92D10
F93820
F94330
F94E50
F95970
F96490
F96FC0
F97B00
F98630
F99170
F99CC0
F9A800
F9B330
F9BE50
F9C970
F9D490
F9DF90
F9EAA0
F9F590
FA0080
FA0B60
FA1640
FA2110
FA2BE0
FA3690
FA4150
FA4BF0
FA5690
FA6110
FA6B90
FA75F0
FA8040
FA8A80
FA94B0
FA9ED0
FAA8E0
FAB2E0
FABCD0
FAC6A0
FAD070
FADA20
FAE3D0
FAED60
FAF6E0
FB0050
FB09B0
FB12F0
FB1C30
FB2550
FB2E60
FB3760
FB4040
FB4920
FB51E0
FB5A90
FB6320
FB6BB0
FB7420
FB7C90
FB84E0
FB8D20
FB9560
FB9D90
FBA5B0
FBADC0
FBB5C0
FBBDC0
FBC5B0
FBCD80
FBD550
FBDD20
FBE4D0
FBEC70
FBF410
FBFBA0
FC0320
FC0AB0
FC1230
FC19B0
FC2120
FC28A0
FC3010
FC3780
FC3EE0
FC4640
FC4DB0
FC5500
FC5C60
FC63B0
FC6B10
FC7250
FC79B0
FC8110
FC8870
FC8FE0
FC9750
FC9ED0
FCA650
FCADE0
FCB580
FCBD10
FCC4C0
FCCC70
FCD420
FCDBE0
FCE3A0
FCEB70
FCF350
FCFB40
FD0340
FD0B60
FD1380
FD1BC0
FD2410
FD2C70
FD34E0
FD3D60
FD4600
FD4EA0
FD5760
FD6030
FD6910
FD7200
FD7B10
FD8430
FD8D70
FD96C0
FDA030
FDA9B0
FDB350
FDBD10
FDC6E0
FDD0C0
FDDAC0
FDE4E0
FDEF10
FDF960
FE03C0
FE0E40
FE18D0
FE2380
FE2E50
FE3930
FE4430
FE4F40
FE5A80
FE65C0
FE7130
FE7CB0
FE8840
FE93F0
FE9FC0
FEABB0
FEB7B0
FEC3C0
FECFF0
FEDC30
FEE890
FEF4F0
FF0170
FF0DF0
FF1A90
FF2750
FF3410
FF40F0
FF4DD0
FF5AD0
FF67E0
FF7510
FF8240
FF8F90
FF9CE0
FFAA30
FFB790
FFC4F0
FFD250
FFDFC0
FFED30
FFFAB0
000830
0015B0
002330
0030C0
003E50
004BF0
005980
006730
0074C0
008240
008FB0
009D20
00AA70
00B7B0
00C4F0
00D210
00DF30
00EC30
00F930
010620
0112F0
011FC0
012C80
013920
0145B0
015210
015E40
016A50
017640
018200
018DA0
019920
01A470
01AF90
01BAA0
01C570
01D030
01DAC0
01E520
01EF70
01F970
020330
020CB0
021600
021F00
0227D0
023050
0238A0
0240B0
024870
025000
025750
025E60
026530
026BC0
027210
027800
027DB0
028300
028800
028CA0
029100
029500
0298B0
029C00
029F00
02A1B0
02A410
02A620
02A7D0
02A930
02AA30
02AAE0
02AB20
02AB00
02AA80
02A990
02A850
02A6A0
02A490
02A220
029F40
029C10
029870
029470
029000
028B40
028610
028080
027A80
027420
026D50
026620
025E80
025680
024E10
024530
023BF0
023250
022840
021DC0
0212E0
0207A0
01FBE0
01EFD0
01E360
01D680
01C950
01BBB0
01ADB0
019F50
019090
018170
0171E0
016200
0151B0
014100
013000
011E90
010CB0
00FA90
00E820
00D560
00C250
00AEF0
009B40
008740
0072F0
005E50
004960
003430
001EA0
0008C0
FFF290
FFDC10
FFC550
FFAE50
FF9720
FF7FC0
FF6830
FF5060
FF3870
FF2040
FF07F0
FEEF60
FED6A0
FEBDB0
FEA490
FE8B40
FE71C0
FE5810
FE3E20
FE2430
FE0A30
FDF020
FDD610
FDBBF0
FDA1C0
FD8780
FD6D40
FD52F0
FD3890
FD1E20
FD03B0
FCE920
FCCE90
FCB400
FC9950
FC7ED0
FC6460
FC4A20
FC2FF0
FC15F0
FBFC00
FBE240
FBC890
FBAF10
FB95A0
FB7C60
FB6330
FB4A30
FB3140
FB1880
FAFFD0
FAE770
FACF60
FAB7A0
FAA020
FA88F0
FA7200
FA5B60
FA4510
FA2F10
FA1950
FA03E0
F9EEB0
F9D9D0
F9C540
F9B100
F99D00
F98980
F97660
F963C0
F95190
F93FD0
F92E80
F91DA0
F90D40
F8FD40
F8EDC0
F8DEB0
F8D010
F8C1E0
F8B430
F8A6E0
F89A10
F88DD0
F88210
F876F0
F86C60
F86250
F858E0
F85000
F847A0
F83FE0
F838B0
F83200
F82BF0
F82660
F82170
F81D10
F81930
F81600
F81370
F81180
F81030
F80F80
F80F70
F81010
F81140
F81320
F81590
F818B0
F81C70
F820D0
F825D0
F82B70
F831B0
F838A0
F84020
F84850
F85120
F85A90
F864B0
F86F60
F87AC0
F886C0
F89360
F8A0B0
F8AE90
F8BD20
F8CC50
F8DC20
F8EC90
F8FDA0
F90F40
F92170
F93430
F94790
F95B80
F97010
F98520
F99AE0
F9B120
F9C7F0
F9DF60
F9F770
FA1000
FA2930
FA42F0
FA5D30
FA77E0
FA9300
FAAEA0
FACAC0
FAE740
FB0450
FB21D0
FB3FC0
FB5E30
FB7D10
FB9C70
FBBC40
FBDC80
FBFD40
FC1E80
FC4000
FC61D0
FC83F0
FCA660
FCC920
FCEC20
FD0F80
FD3320
FD5710
FD7B50
FD9FD0
FDC4B0
FDE9D0
FE0F50
FE3510
FE5B10
FE8140
FEA780
FECDE0
FEF460
FF1AF0
FF41B0
FF6870
FF8F60
FFB660
FFDD80
0004C0
002C10
005380
007B10
00A2B0
00CA80
00F220
0119B0
014120
016880
018FC0
01B6E0
01DDF0
0204E0
022BB0
025270
027910
029F90
02C600
02EC50
031280
0338A0
035E70
0383F0
03A920
03CE00
03F2A0
0416F0
043AF0
045EA0
048200
04A510
04C7D0
04EA50
050C80
052E60
054FF0
057130
059200
05B250
05D220
05F180
061060
062ED0
064CC0
066A30
068730
06A3C0
06BFC0
06DB50
06F670
071100
072B30
0744D0
075DE0
077660
078E40
07A580
07BC30
07D240
07E7C0
07FCA0
0810E0
082490
0837B0
084A30
085C10
086D60
087E10
088E20
089D90
08AC60
08BA70
08C7E0
08D4B0
08E0D0
08EC40
08F700
090120
090AA0
091360
091B90
092300
0929D0
092FF0
093570
093A40
093E60
0941E0
0944B0
0946E0
094850
094930
094950
0948D0
0947A0
0945D0
094350
094030
093C60
0937E0
0932B0
092CF0
092690
091FA0
091810
090FE0
090720
08FDC0
08F3C0
08E930
08DE00
08D230
08C5D0
08B8D0
08AB30
089D00
088E30
087EE0
086F20
085EE0
084E20
083CE0
082B30
081900
080650
07F320
07DF80
07CB50
07B6C0
07A1A0
078C10
0775F0
075F70
074880
073150
0719D0
0701F0
06E9C0
06D140
06B860
069F30
0685B0
066BE0
0651C0
063740
061C80
060160
05E5E0
05CA20
05AE30
059220
0575F0
055990
053D10
052070
0503B0
04E6C0
04C9B0
04AC80
048F30
0471B0
045410
043650
041870
03FA60
03DC60
03BE70
03A080
0382A0
0364D0
034700
032940
030B90
02EDF0
02D050
02B2B0
029530
0277B0
025A40
023CD0
021F80
020250
01E560
01C8B0
01AC30
018FE0
0173D0
0157F0
013C50
0120E0
0105B0
00EAB0
00CFE0
00B550
009B00
0080D0
0066F0
004D60
003420
001B40
0002C0
FFEA90
FFD2C0
FFBB50
FFA430
FF8D70
FF7710
FF6100
FF4B50
FF35F0
FF20F0
FF0C50
FEF800
FEE430
FED0C0
FEBDD0
FEAB50
FE9940
FE87A0
FE7680
FE65C0
FE5580
FE45B0
FE3650
FE2760
FE18E0
FE0AE0
FDFD40
FDF020
FDE370
FDD750
FDCBA0
FDC070
FDB5B0
FDAB80
FDA1C0
FD9880
FD8FB0
FD8770
FD7FA0
FD7850
FD7180
FD6B30
FD6550
FD5FF0
FD5B10
FD56A0
FD52B0
FD4F30
FD4C30
FD49B0
FD47A0
FD4610
FD44F0
FD4450
FD4430
FD4480
FD4540
FD4690
FD4840
FD4A80
FD4D20
FD5020
FD5390
FD5770
FD5BB0
FD6060
FD6580
FD6B00
FD70E0
FD7730
FD7DF0
FD8520
FD8CB0
FD94A0
FD9D00
FDA5D0
FDAEE0
FDB850
FDC210
FDCC10
FDD670
FDE110
FDEC10
FDF750
FE02E0
FE0ED0
FE1B00
FE2780
FE3450
FE4170
FE4EE0
FE5CB0
FE6AA0
FE78C0
FE8710
FE9590
FEA430
FEB310
FEC220
FED160
FEE0D0
FEF070
FF0030
FF1030
FF2060
FF30C0
FF4140
FF5200
FF62C0
FF7390
FF8480
FF9560
FFA660
FFB770
FFC880
FFD9A0
FFEAD0
FFFC10
000D50
001EB0
003010
004180
005300
006480
007600
008760
0098B0
00A9F0
00BB10
00CC30
00DD30
00EE20
00FF00
010FD0
012080
013120
0141B0
015230
0162A0
0172F0
018320
019310
01A2E0
01B280
01C1E0
01D120
01E030
01EF10
01FDC0
020C40
021A90
0228B0
0236A0
024460
0251F0
025F60
026C80
027960
028600
029260
029E70
02AA50
02B5E0
02C140
02CC50
02D720
02E1B0
02EC00
02F610
02FFD0
030960
0312A0
031BA0
032450
032CB0
0334C0
033C90
034410
034B40
035230
0358D0
035F20
036520
036AE0
037050
037570
037A40
037ED0
038310
038700
038AB0
038E10
039130
039400
039680
0398B0
039AA0
039C40
039DA0
039EB0
039F70
039FF0
03A020
03A010
039FB0
039F10
039E40
039D20
039BC0
039A20
039850
039630
0393D0
039130
038E50
038B30
0387C0
038420
038040
037C20
0377D0
037340
036E90
0369B0
0364A0
035F60
0359F0
035450
034E80
034890
034260
033C00
033570
032EB0
0327D0
0320B0
031980
031230
030AD0
030350
02FBC0
02F410
02EC40
02E460
02DC60
02D450
02CC20
02C3E0
02BB80
02B300
02AA70
02A1D0
029920
029070
0287D0
027F20
027670
026DC0
026510
025C60
0253B0
024B00
024250
0239A0
0230F0
022830
021F80
0216D0
020E30
0205A0
01FD30
01F4D0
01EC90
01E460
01DC40
01D430
01CC40
01C470
01BCA0
01B4F0
01AD60
01A5E0
019E70
019710
018FE0
0188E0
018200
017B40
0174B0
016E50
016810
0161F0
015C00
015640
0150A0
014B20
0145D0
0140B0
013BB0
0136D0
013230
012DC0
012990
012580
0121B0
011E10
011AB0
011780
011480
0111B0
010F20
010CC0
010A90
0108A0
0106E0
010550
010400
0102E0
010200
010160
0100F0
0100B0
0100B0
0100F0
010160
010210
010300
010420
010570
010710
0108D0
010AE0
010D10
010F90
011230
011510
011820
011B70
011F00
0122B0
0126A0
012AD0
012F30
0133C0
013890
013D90
0142D0
014840
014DD0
0153A0
015990
015FB0
016600
016C80
017320
0179F0
0180F0
018820
018F80
019700
019EB0
01A690
01AEA0
01B6D0
01BF20
01C7A0
01D020
01D8D0
01E1A0
01EA80
01F380
01FCA0
0205E0
020F40
0218B0
022250
022C00
0235D0
023FC0
0249C0
0253E0
025DF0
026820
027250
027C90
0286D0
029120
029B70
02A5E0
02B040
02BAC0
02C540
02CFC0
02DA50
02E4F0
02EFA0
02FA40
0304D0
030F50
0319D0
032450
032EB0
033910
034370
034DC0
035800
036240
036C70
037690
0380B0
038AC0
0394C0
039EB0
03A880
03B230
03BBC0
03C540
03CE90
03D7D0
03E0F0
03E9F0
03F2D0
03FBA0
040450
040CD0
041550
041DA0
0425D0
042DE0
0435C0
043D70
044500
044C50
045380
045A90
046160
046810
046E90
0474E0
047B10
048100
0486D0
048C80
0491F0
049730
049C40
04A120
04A5C0
04AA20
04AE60
04B260
04B620
04B9B0
04BD10
04C030
04C320
04C5E0
04C860
04CAB0
04CCC0
04CEA0
04D040
04D1B0
04D2D0
04D3D0
04D480
04D500
04D540
04D550
04D520
04D4B0
04D410
04D330
04D210
04D0C0
04CF30
04CD70
04CB70
04C930
04C6C0
04C410
04C130
04BE20
04BAD0
04B740
04B380
04AF80
04AB50
04A6E0
04A240
049D60
049840
049300
048D90
0487E0
048210
047C00
0475D0
046F60
0468D0
046200
045B00
0453E0
044C80
044500
043D40
043550
042D40
042500
041CA0
041410
040B60
040290
03F9A0
03F090
03E750
03DDF0
03D470
03CAC0
03C0F0
03B700
03ACF0
03A2B0
039860
038DE0
038360
0378C0
036E10
036350
035870
034D90
034280
033770
032C40
032100
0315B0
030A40
02FEC0
02F330
02E780
02DBD0
02D020
02C470
02B8B0
02ACF0
02A130
029560
028990
027DC0
0271F0
026610
025A30
024E50
024260
023670
022A80
021E90
0212C0
0206F0
01FB20
01EF70
01E3C0
01D810
01CC80
01C0F0
01B570
01A9F0
019E90
019320
0187D0
017C80
017150
016620
015B10
015020
014540
013A80
012FE0
012550
011AD0
011070
010630
00FC00
00F1F0
00E7F0
00DE10
00D440
00CA90
00C100
00B790
00AE50
00A520
009C20
009340
008A80
0081E0
007960
007110
0068D0
0060C0
0058D0
005100
004950
0041D0
003A70
003330
002C20
002530
001E70
0017E0
001170
000B20
000500
FFFF10
FFF940
FFF390
FFEE10
FFE8C0
FFE390
FFDE90
FFD9B0
FFD500
FFD070
FFCC10
FFC7E0
FFC3D0
FFBFE0
FFBC30
FFB8A0
FFB530
FFB1F0
FFAEE0
FFABF0
FFA930
FFA690
FFA420
FFA1D0
FF9FB0
FF9DB0
FF9BE0
FF9A30
FF98A0
FF9740
FF9600
FF94E0
FF93F0
FF9320
FF9280
FF9200
FF91B0
FF9170
FF9170
FF9180
FF91B0
FF9200
FF9280
FF9310
FF93C0
FF9490
FF9580
FF96A0
FF97D0
FF9920
FF9A90
FF9C30
FF9DE0
FF9FB0
FFA1A0
FFA3B0
FFA5D0
FFA800
FFAA50
FFACC0
FFAF40
FFB1D0
FFB480
FFB750
FFBA20
FFBD20
FFC020
FFC340
FFC680
FFC9D0
FFCD40
FFD0B0
FFD430
FFD7D0
FFDB70
FFDF10
FFE2D0
FFE6A0
FFEA70
FFEE60
FFF250
FFF650
FFFA60
FFFE70
0002A0
0006D0
000B20
000F60
0013B0
001800
001C60
0020C0
002520
002980
002DF0
003250
0036D0
003B40
003FC0
004440
0048C0
004D50
0051E0
005670
005AF0
005F70
0063F0
006870
006CF0
007160
0075D0
007A40
007EB0
008310
008780
008BE0
009030
009490
0098E0
009D30
00A170
00A5B0
00A9E0
00AE00
00B220
00B630
00BA30
00BE30
00C230
00C620
00CA00
00CDE0
00D1B0
00D570
00D930
00DCE0
00E080
00E420
00E7A0
00EB20
00EE90
00F1F0
00F550
00F890
00FBD0
00FF00
010220
010530
010830
010B30
010E20
011100
0113D0
011690
011940
011BF0
011E80
012110
012390
012600
012860
012AB0
012D00
012F30
013160
013380
013580
013780
013980
013B60
013D40
013F10
0140D0
014280
014420
0145C0
014740
0148C0
014A30
014BA0
014CF0
014E40
014F70
0150B0
0151D0
0152F0
015400
015500
015600
0156F0
0157E0
0158B0
015990
015A50
015B10
015BC0
015C60
015D00
015D90
015E20
015EA0
015F10
015F90
015FF0
016050
0160B0
016100
016150
016190
0161D0
016210
016230
016260
016280
016290
0162A0
0162B0
0162C0
0162C0
0162C0
0162B0
0162A0
016290
016280
016260
016240
016210
0161E0
0161B0
016180
016140
016100
0160C0
016080
016030
015FE0
015FA0
015F40
015EF0
015EA0
015E40
015DE0
015D80
015D20
015CB0
015C40
015BE0
015B60
015AF0
015A80
015A00
015980
015900
015880
0157F0
015770
0156E0
015650
0155C0
015520
015480
0153F0
015340
0152A0
015200
015150
015090
014FE0
014F20
014E60
014DA0
014CE0
014C10
014B40
014A60
014990
0148B0
0147D0
0146E0
0145F0
014500
014400
014300
0141F0
0140E0
013FC0
013EA0
013D70
013C40
013B00
0139C0
013870
013720
0135D0
013460
013300
013180
013000
012E70
012CD0
012B30
012980
0127C0
012600
012420
012240
012060
011E60
011C60
011A50
011840
011610
0113E0
011190
010F40
010CD0
010A60
0107D0
010540
010290
00FFE0
00FD10
00FA40
00F750
00F460
00F150
00EE40
00EB10
00E7D0
00E480
00E120
00DDA0
00DA10
00D670
00D2C0
00CEF0
00CB10
00C720
00C320
00BF00
00BAD0
00B690
00B240
00ADD0
00A950
00A4C0
00A010
009B50
009670
009180
008C80
008760
008230
007CE0
007780
007210
006C80
0066E0
006130
005B60
005580
004F80
004970
004350
003D10
0036B0
003050
0029D0
002330
001C80
0015C0
000EE0
0007F0
0000F0
FFF9D0
FFF2A0
FFEB60
FFE400
FFDC90
FFD510
FFCD80
FFC5D0
FFBE10
FFB640
FFAE60
FFA660
FF9E50
FF9630
FF8E00
FF85B0
FF7D60
FF74F0
FF6C70
FF63F0
FF5B50
FF52B0
FF4A00
FF4130
FF3860
FF2F80
FF2690
FF1DA0
FF1490
FF0B70
FF0250
FEF910
FEEFD0
FEE680
FEDD30
FED3D0
FECA70
FEC110
FEB7A0
FEAE30
FEA4B0
FE9B30
FE91B0
FE8820
FE7E80
FE74F0
FE6B40
FE61A0
FE57F0
FE4E40
FE44A0
FE3B00
FE3150
FE27C0
FE1E20
FE1490
FE0AF0
FE0160
FDF7E0
FDEE50
FDE4D0
FDDB50
FDD1D0
FDC850
FDBEE0
FDB570
FDAC20
FDA2D0
FD9990
FD9060
FD8750
FD7E40
FD7540
FD6C50
FD6360
FD5A90
FD51D0
FD4910
FD4070
FD37D0
FD2F50
FD26E0
FD1E80
FD1640
FD0E20
FD0620
FCFE20
FCF650
FCEE90
FCE6F0
FCDF60
FCD7F0
FCD0A0
FCC960
FCC240
FCBB30
FCB440
FCAD70
FCA6C0
FCA040
FC99E0
FC93A0
FC8D80
FC8780
FC81B0
FC7BF0
FC7660
FC70F0
FC6BB0
FC6680
FC6180
FC5CA0
FC57E0
FC5350
FC4EE0
FC4AA0
FC4690
FC42A0
FC3EE0
FC3B40
FC37D0
FC3490
FC3170
FC2E80
FC2BC0
FC2920
FC26B0
FC2460
FC2240
FC2050
FC1E80
FC1CF0
FC1B80
FC1A40
FC1930
FC1850
FC17A0
FC1710
FC16C0
FC1690
FC1690
FC16B0
FC1710
FC1790
FC1850
FC1930
FC1A30
FC1B70
FC1CD0
FC1E60
FC2020
FC2200
FC2410
FC2650
FC28C0
FC2B50
FC2E10
FC3100
FC3420
FC3760
FC3AD0
FC3E60
FC4220
FC4600
FC4A10
FC4E40
FC5290
FC5710
FC5BB0
FC6070
FC6560
FC6A70
FC6FA0
FC7500
FC7A80
FC8030
FC8600
FC8BF0
FC91F0
FC9810
FC9E50
FCA4B0
FCAB20
FCB1B0
FCB860
FCBF30
FCC610
FCCD10
FCD430
FCDB60
FCE2C0
FCEA30
FCF1B0
FCF950
FD0100
FD08B0
FD1070
FD1850
FD2030
FD2820
FD3020
FD3830
FD4050
FD4870
FD50B0
FD5900
FD6150
FD69B0
FD7230
FD7AA0
FD8310
FD8B80
FD93F0
FD9C60
FDA4D0
FDAD30
FDB5A0
FDBE10
FDC670
FDCED0
FDD740
FDDFA0
FDE800
FDF060
FDF8D0
FE0120
FE0950
FE1180
FE19A0
FE21B0
FE29B0
FE3190
FE3970
FE4130
FE48F0
FE5090
FE5830
FE5FB0
FE6720
FE6E80
FE75E0
FE7D10
FE8420
FE8B10
FE91E0
FE98A0
FE9F30
FEA5A0
FEAC00
FEB230
FEB840
FEBE40
FEC410
FEC9D0
FECF60
FED4E0
FEDA30
FEDF60
FEE460
FEE940
FEEDF0
FEF270
FEF6C0
FEFAF0
FEFEF0
FF02D0
FF0670
FF09F0
FF0D50
FF1070
FF1370
FF1650
FF18F0
FF1B70
FF1DB0
FF1FC0
FF21B0
FF2360
FF24E0
FF2620
FF2740
FF2820
FF28E0
FF2960
FF29B0
FF29D0
FF29C0
FF2980
FF2910
FF2860
FF2780
FF2670
FF2530
FF23C0
FF2210
FF2030
FF1E20
FF1BD0
FF1950
FF16A0
FF13C0
FF10B0
FF0D60
FF09E0
FF0630
FF0250
FEFE40
FEFA00
FEF580
FEF0E0
FEEC10
FEE710
FEE1F0
FEDC90
FED700
FED140
FECB50
FEC530
FEBEF0
FEB870
FEB1C0
FEAAF0
FEA400
FE9CE0
FE95A0
FE8E30
FE86A0
FE7EF0
FE7710
FE6F10
FE66F0
FE5EA0
FE5630
FE4D90
FE44E0
FE3BF0
FE32F0
FE29D0
FE2090
FE1740
FE0DD0
FE0450
FDFAB0
FDF100
FDE730
FDDD50
FDD350
FDC940
FDBF10
FDB4D0
FDAA70
FDA000
FD9570
FD8AE0
FD8040
FD75A0
FD6AF0
FD6040
FD5580
FD4AC0
FD3FF0
FD3520
FD2A40
FD1F60
FD1470
FD0980
FCFE80
FCF380
FCE880
FCDD80
FCD280
FCC7A0
FCBCC0
FCB1E0
FCA710
FC9C50
FC91A0
FC86F0
FC7C50
FC71B0
FC6720
FC5CA0
FC5230
FC47C0
FC3D50
FC3310
FC28E0
FC1EC0
FC14D0
FC0AF0
FC0130
FBF780
FBEDF0
FBE480
FBDB20
FBD1F0
FBC8C0
FBBFC0
FBB6D0
FBAE00
FBA540
FB9CB0
FB9450
FB8C10
FB83F0
FB7C00
FB7440
FB6CA0
FB6520
FB5DD0
FB56B0
FB4FB0
FB48E0
FB4230
FB3BA0
FB3540
FB2F10
FB2900
FB2330
FB1D80
FB1810
FB12C0
FB0DB0
FB08C0
FB0410
FAFF80
FAFB30
FAF700
FAF310
FAEF40
FAEBA0
FAE840
FAE500
FAE200
FADF20
FADC80
FADA10
FAD7E0
FAD5D0
FAD3F0
FAD250
FAD0E0
FACFA0
FACE90
FACDB0
FACD10
FACCA0
FACC50
FACC40
FACC60
FACCB0
FACD30
FACDD0
FACEB0
FACFB0
FAD0E0
FAD240
FAD3D0
FAD590
FAD770
FAD990
FADBD0
FADE40
FAE0E0
FAE3B0
FAE6B0
FAE9C0
FAED00
FAF060
FAF3E0
FAF780
FAFB40
FAFF30
FB0340
FB0770
FB0BC0
FB1040
FB14D0
FB1990
FB1E70
FB2380
FB2890
FB2DC0
FB3300
FB3850
FB3DB0
FB4320
FB48B0
FB4E40
FB53F0
FB59B0
FB5F80
FB6570
FB6B60
FB7170
FB7790
FB7DC0
FB83F0
FB8A20
FB9050
FB9680
FB9CB0
FBA2E0
FBA910
FBAF30
FBB560
FBBB90
FBC1C0
FBC7E0
FBCE10
FBD440
FBDA60
FBE090
FBE6A0
FBECA0
FBF290
FBF860
FBFE20
FC03D0
FC0960
FC0EE0
FC1450
FC19B0
FC1EF0
FC2420
FC2930
FC2E40
FC3330
FC3800
FC3CC0
FC4140
FC45A0
FC49E0
FC4DF0
FC51E0
FC55A0
FC5940
FC5CB0
FC5FF0
FC6310
FC6610
FC68E0
FC6B90
FC6E10
FC7060
FC7280
FC7470
FC7620
FC77A0
FC78F0
FC7A00
FC7AD0
FC7B70
FC7BE0
FC7C10
FC7C10
FC7BD0
FC7B60
FC7AC0
FC79E0
FC78C0
FC7770
FC75E0
FC7400
FC71F0
FC6F90
FC6D00
FC6A20
FC6710
FC63C0
FC6020
FC5C50
FC5830
FC53E0
FC4F40
FC4A70
FC4550
FC4000
FC3A60
FC3490
FC2E70
FC2810
FC2170
FC1AA0
FC1380
FC0C20
FC0480
FBFCA0
FBF480
FBEC20
FBE380
FBDAA0
FBD180
FBC820
FBBE90
FBB4C0
FBAAB0
FBA070
FB9600
FB8B40
FB8060
FB7530
FB69D0
FB5E30
FB5260
FB4650
FB3A10
FB2D90
FB20D0
FB13F0
FB06E0
FAF9B0
FAEC50
FADED0
FAD120
FAC350
FAB550
FAA720
FA98D0
FA8A60
FA7BC0
FA6CF0
FA5E00
FA4EE0
FA3FA0
FA3040
FA20E0
FA1160
FA01D0
F9F230
F9E280
F9D2C0
F9C2F0
F9B300
F9A300
F99300
F982E0
F972A0
F96260
F95210
F941A0
F93140
F920F0
F910B0
F90070
F8F040
F8E010
F8CFF0
F8BFE0
F8AFE0
F89FE0
F88FF0
F88000
F87020
F86050
F85090
F840D0
F83140
F821D0
F81290
F80380
F7F490
F7E5C0
F7D720
F7C8B0
F7BA60
F7AC40
F79E40
F79070
F782C0
F77540
F767F0
F75AC0
F74DE0
F74140
F734E0
F728D0
F71D00
F71180
F70640
F6FB50
F6F0A0
F6E640
F6DC20
F6D240
F6C8B0
F6BF60
F6B660
F6ADB0
F6A550
F69D50
F695C0
F68E80
F687B0
F68130
F67B20
F67560
F67010
F66B10
F66680
F66250
F65E70
F65B00
F657F0
F65530
F652F0
F65130
F64FD0
F64EF0
F64E70
F64E70
F64EF0
F64FD0
F65130
F65300
F65540
F657F0
F65B20
F65EB0
F662C0
F66750
F66C50
F671C0
F677C0
F67E30
F68520
F68C80
F69470
F69CD0
F6A5B0
F6AF10
F6B8E0
F6C330
F6CE00
F6D950
F6E510
F6F150
F6FE10
F70B40
F718F0
F72720
F735C0
F744E0
F75470
F76480
F77510
F78610
F79790
F7A980
F7BBF0
F7CEE0
F7E240
F7F620
F80A70
F81F20
F83440
F849D0
F85FD0
F87630
F88D00
F8A440
F8BBF0
F8D400
F8EC80
F90570
F91ED0
F93890
F952D0
F96D60
F98860
F9A3A0
F9BF40
F9DB30
F9F770
FA1410
FA3100
FA4E40
FA6BD0
FA89C0
FAA800
FAC690
FAE580
FB04B0
FB2440
FB4430
FB6440
FB8490
FBA510
FBC5C0
FBE6A0
FC07C0
FC2900
FC4A80
FC6C30
FC8E10
FCB030
FCD270
FCF4F0
FD17A0
FD3A80
FD5DA0
FD80C0
FDA3F0
FDC720
FDEA70
FE0DC0
FE3120
FE5490
FE7810
FE9B90
FEBF20
FEE2C0
FF0670
FF2A20
FF4DE0
FF71B0
FF9590
FFB950
FFDCF0
000070
0023E0
004730
006A60
008D70
00B070
00D340
00F600
0118B0
013B30
015DA0
017FE0
01A210
01C430
01E600
020780
0228D0
0249D0
026A90
028B10
02AB40
02CB40
02EAF0
030A60
032980
034860
036700
038560
03A380
03C150
03DEC0
03FBD0
041870
0434B0
045090
046C00
048710
04A1C0
04BC00
04D5E0
04EF50
050870
052120
053960
055150
0568C0
057FC0
059650
05AC50
05C1D0
05D6D0
05EB60
05FF60
0612F0
062600
063890
064A90
065C20
066D30
067DD0
068DE0
069D70
06AC80
06BB00
06C8F0
06D650
06E320
06EF70
06FB30
070660
071110
071B30
0724C0
072DC0
073630
073E20
074580
074C50
075290
075850
075D80
076210
076620
0769A0
076C90
076F00
0770D0
077220
0772D0
077300
0772A0
0771B0
077040
076E30
076BB0
0768A0
076510
076100
075C70
075760
0751C0
074BB0
074520
073E00
073660
072E50
0725B0
071C90
0712F0
0708C0
06FE40
06F340
06E7E0
06DC10
06CFD0
06C330
06B620
06A8B0
069AC0
068C70
067DC0
066E90
065F00
064F10
063EB0
062DE0
061CC0
060B60
05F9B0
05E7B0
05D570
05C2E0
05B010
059CF0
058980
0575C0
0561C0
054D80
0538F0
052410
050EE0
04F970
04E3D0
04CE20
04B840
04A230
048C10
0475C0
045F50
0448B0
043200
041B20
040410
03ECF0
03D5A0
03BE30
03A690
038EE0
037720
035F70
0347C0
033010
031870
0300D0
02E930
02D190
02BA00
02A270
028AE0
027360
025BD0
024450
022CD0
021560
01FE10
01E6E0
01CFF0
01B920
01A270
018BF0
0175A0
015F70
014970
0133A0
011DF0
010870
00F310
00DDE0
00C8D0
00B400
009F60
008B20
007720
006370
005000
003CF0
002A10
001790
000550
FFF360
FFE1B0
FFD050
FFBF40
FFAE70
FF9DF0
FF8DC0
FF7DF0
FF6E70
FF5F60
FF50B0
FF4260
FF3480
FF26F0
FF19C0
FF0CF0
FF0090
FEF480
FEE8E0
FEDDA0
FED2B0
FEC830
FEBE10
FEB460
FEAB10
FEA240
FE99D0
FE91D0
FE8A40
FE8310
FE7C60
FE7610
FE7040
FE6AD0
FE65D0
FE6130
FE5D10
FE5950
FE5610
FE5330
FE50B0
FE4EB0
FE4D10
FE4BE0
FE4B20
FE4AD0
FE4AE0
FE4B60
FE4C50
FE4DB0
FE4F70
FE51A0
FE5440
FE5750
FE5AC0
FE5EA0
FE62D0
FE6770
FE6C60
FE71C0
FE7770
FE7D90
FE8400
FE8AE0
FE9210
FE99B0
FEA1A0
FEAA00
FEB2C0
FEBBD0
FEC550
FECF10
FED920
FEE370
FEEE10
FEF900
FF0430
FF0FA0
FF1B60
FF2770
FF33D0
FF4070
FF4D50
FF5A80
FF6800
FF75C0
FF83D0
FF9200
FFA070
FFAEF0
FFBDB0
FFCC90
FFDBA0
FFEAD0
FFFA40
0009C0
001980
002960
003970
0049B0
005A10
006AA0
007B50
008C10
009CE0
00ADB0
00BE90
00CF70
00E050
00F150
010240
011340
012450
013560
014680
0157A0
0168D0
017A00
018B40
019C60
01AD60
01BE50
01CF20
01DFD0
01F070
0200E0
021150
022190
0231C0
0241D0
0251C0
0261A0
027160
028100
029080
029FD0
02AEE0
02BDC0
02CC60
02DAC0
02E8E0
02F6D0
030480
031200
031F40
032C40
033900
034590
0351F0
035E00
0369E0
037570
0380A0
038B80
039620
03A060
03AA40
03B3E0
03BD20
03C620
03CEC0
03D700
03DF00
03E6B0
03EE00
03F500
03FBB0
040200
0407F0
040D70
0412A0
041770
041BD0
041FE0
042380
0426D0
0429B0
042C30
042E60
043020
043180
043280
043320
043360
043330
0432A0
0431B0
043060
042EA0
042C80
0429F0
042710
0423C0
042010
041BF0
041770
041290
040D50
0407A0
0401A0
03FB40
03F480
03ED60
03E5E0
03DE10
03D5E0
03CD50
03C470
03BB30
03B190
03A790
039D30
039280
038770
037C00
037050
036450
035800
034B70
033EA0
033180
032410
031660
030860
02FA20
02EB90
02DCB0
02CD90
02BE30
02AE80
029E80
028E60
027E10
026D90
025CE0
024C10
023B00
0229D0
021870
0206F0
01F540
01E360
01D150
01BF10
01ACB0
019A10
018760
017490
0161C0
014EE0
013BF0
012900
011600
0102F0
00EFE0
00DCC0
00C990
00B650
00A310
008FC0
007C70
006910
0055A0
004250
002F10
001BF0
0008E0
FFF5F0
FFE310
FFD050
FFBDB0
FFAB20
FF98A0
FF8640
FF7400
FF61D0
FF4FC0
FF3DC0
FF2BE0
FF1A30
FF08C0
FEF790
FEE690
FED5D0
FEC540
FEB500
FEA4E0
FE9510
FE8570
FE7600
FE66E0
FE57E0
FE4930
FE3AB0
FE2C70
FE1E80
FE10E0
FE03A0
FDF6C0
FDEA20
FDDDE0
FDD1F0
FDC660
FDBB20
FDB040
FDA5A0
FD9B70
FD9180
FD87F0
FD7EB0
FD75D0
FD6D50
FD6540
FD5D90
FD5650
FD4F70
FD4900
FD42F0
FD3D50
FD3820
FD3350
FD2EF0
FD2AF0
FD2750
FD2430
FD2160
FD1F10
FD1D20
FD1BA0
FD1AA0
FD1A00
FD19E0
FD1A20
FD1AE0
FD1C10
FD1DA0
FD1FB0
FD2230
FD2510
FD2870
FD2C40
FD3080
FD3530
FD3A50
FD3FD0
FD45C0
FD4C20
FD52F0
FD5A30
FD61D0
FD69E0
FD7260
FD7B50
FD84A0
FD8E70
FD98A0
FDA330
FDAE40
FDB9B0
FDC580
FDD1B0
FDDE40
FDEB20
FDF860
FE0600
FE13F0
FE2250
FE3100
FE4000
FE4F70
FE5F30
FE6F50
FE7FD0
FE90A0
FEA1E0
FEB350
FEC500
FED700
FEE940
FEFBC0
FF0E80
FF2180
FF34C0
FF4840
FF5C00
FF7010
FF8450
FF98E0
FFADB0
FFC2C0
FFD810
FFED80
000310
0018C0
002E90
004480
005A90
0070C0
008710
009D80
00B410
00CAB0
00E180
00F870
010F80
0126B0
013DF0
015540
016C80
0183B0
019AE0
01B210
01C940
01E060
01F770
020E90
022590
023CA0
0253A0
026AA0
028190
029880
02AF60
02C620
02DCB0
02F310
030940
031F40
033520
034AD0
036040
037590
038AC0
039FB0
03B480
03C910
03DD80
03F1C0
0405E0
0419A0
042D10
044030
045310
046590
0477C0
0489B0
049B40
04AC80
04BD80
04CE20
04DE70
04EE80
04FE30
050D90
051CB0
052B50
053990
054760
0554D0
0561C0
056E50
057A80
058630
059180
059C60
05A6D0
05B0D0
05BA70
05C3A0
05CC60
05D4C0
05DC90
05E3F0
05EAD0
05F140
05F720
05FC90
060180
0605F0
0609E0
060D50
061050
0612D0
0614D0
061650
061750
0617E0
0617E0
061760
061660
0614E0
0612E0
061060
060D50
0609C0
0605B0
060120
05FC10
05F680
05F060
05E9C0
05E2B0
05DB00
05D2F0
05CA50
05C140
05B7B0
05ADB0
05A320
059820
058CB0
0580B0
057440
056750
0559F0
054C10
053DB0
052ED0
051F80
050FC0
04FFA0
04EF10
04DE10
04CCB0
04BAE0
04A8B0
049610
048310
046FA0
045BD0
044790
0432E0
041DD0
040850
03F270
03DC40
03C5C0
03AF00
0397E0
038080
0368E0
0350E0
0338A0
032010
030730
02EE10
02D490
02BAD0
02A0D0
028670
026BD0
025100
023610
021AF0
01FFB0
01E440
01C8B0
01ACF0
019100
0174F0
0158C0
013C60
011FE0
010330
00E650
00C950
00AC30
008F00
0071E0
0054B0
003780
001A50
FFFD20
FFDFF0
FFC2C0
FFA590
FF8860
FF6B20
FF4DF0
FF30B0
FF1380
FEF640
FED910
FEBBF0
FE9F00
FE8240
FE6590
FE4910
FE2CB0
FE1080
FDF470
FDD880
FDBCC0
FDA110
FD85A0
FD6A40
FD4F10
FD3400
FD1920
FCFE80
FCE420
FCCA10
FCB040
FC96C0
FC7D80
FC6480
FC4BD0
FC3370
FC1B40
FC0370
FBEBD0
FBD480
FBBD80
FBA6C0
FB9040
FB7A30
FB6470
FB4F10
FB3A20
FB2580
FB1150
FAFD70
FAEA00
FAD6E0
FAC430
FAB1E0
FA9FE0
FA8E50
FA7D10
FA6C40
FA5BD0
FA4BD0
FA3C30
FA2D10
FA1E60
FA1010
FA0240
F9F4E0
F9E7E0
F9DB60
F9CF50
F9C3B0
F9B870
F9ADB0
F9A360
F99980
F99000
F98700
F97E80
F97660
F96EC0
F96790
F960D0
F95A80
F954B0
F94F50
F94A60
F945E0
F941E0
F93E50
F93B30
F93880
F93650
F93480
F93320
F93230
F931A0
F93180
F931D0
F93280
F933A0
F93530
F93720
F93980
F93C50
F93F80
F94320
F94730
F94BB0
F95080
F955A0
F95B20
F960F0
F96720
F96DA0
F97480
F97BB0
F98340
F98B20
F99360
F99BF0
F9A4D0
F9AE10
F9B7B0
F9C190
F9CBC0
F9D620
F9E0C0
F9EBA0
F9F6B0
FA0200
FA0D90
FA1960
FA2560
FA31A0
FA3E10
FA4AD0
FA57C0
FA64F0
FA7250
FA7FF0
FA8DB0
FA9B80
FAA970
FAB780
FAC5A0
FAD3E0
FAE240
FAF0B0
FAFF40
FB0DF0
FB1CB0
FB2B90
FB3A80
FB4990
FB58C0
FB6800
FB7740
FB8670
FB95A0
FBA4C0
FBB3D0
FBC2E0
FBD1E0
FBE0E0
FBEFD0
FBFEC0
FC0DA0
FC1C70
FC2B40
FC3A00
FC48B0
FC5760
FC65F0
FC7450
FC8280
FC9080
FC9E60
FCAC20
FCB9A0
FCC710
FCD440
FCE150
FCEE30
FCFAF0
FD0780
FD13F0
FD2020
FD2C40
FD3810
FD4390
FD4EE0
FD59E0
FD6490
FD6F10
FD7940
FD8330
FD8CD0
FD9630
FD9F50
FDA830
FDB0C0
FDB910
FDC110
FDC8E0
FDD050
FDD760
FDDE20
FDE490
FDEAA0
FDF060
FDF5D0
FDFAE0
FDFF90
FE0400
FE0810
FE0BC0
FE0F20
FE1230
FE14E0
FE1740
FE1940
FE1AE0
FE1C20
FE1D10
FE1DA0
FE1DC0
FE1D90
FE1D00
FE1C20
FE1AD0
FE1930
FE1720
FE14C0
FE1200
FE0EE0
FE0B70
FE0790
FE0370
FDFEF0
FDFA10
FDF4E0
FDEF50
FDE970
FDE340
FDDCA0
FDD5C0
FDCE80
FDC6E0
FDBEF0
FDB6B0
FDAE10
FDA510
FD9BD0
FD9250
FD8880
FD7E60
FD7400
FD6960
FD5E70
FD5330
FD47B0
FD3BF0
FD2FE0
FD2390
FD16F0
FD0A00
FCFCD0
FCEF60
FCE1B0
FCD3E0
FCC5E0
FCB7C0
FCA960
FC9AD0
FC8C20
FC7D40
FC6E30
FC5EF0
FC4F80
FC3FE0
FC3020
FC2030
FC1000
FBFFB0
FBEF60
FBDEF0
FBCE80
FBBDF0
FBAD60
FB9CC0
FB8C10
FB7B60
FB6A90
FB59C0
FB48E0
FB37F0
FB26F0
FB15F0
FB04E0
FAF3B0
FAE2B0
FAD1B0
FAC0D0
FAB010
FA9F60
FA8EC0
FA7E40
FA6DD0
FA5D70
FA4D30
FA3D00
FA2CF0
FA1CF0
FA0D10
F9FD40
F9ED80
F9DE00
F9CEC0
F9BFB0
F9B0E0
F9A240
F993E0
F985B0
F977C0
F96A10
F95C90
F94F50
F94250
F93580
F928E0
F91C90
F91060
F904A0
F8F920
F8EE10
F8E340
F8D8E0
F8CEC0
F8C500
F8BBA0
F8B290
F8A9E0
F8A180
F89970
F891C0
F88A60
F88360
F87CC0
F87680
F870B0
F86B40
F86650
F861C0
F85DA0
F859F0
F856B0
F853D0
F85160
F84F60
F84DD0
F84CB0
F84BF0
F84BA0
F84BC0
F84C50
F84D60
F84EE0
F850E0
F85350
F85630
F85990
F85D60
F861A0
F86660
F86BA0
F87150
F87770
F87E10
F88520
F88CA0
F894A0
F89D10
F8A600
F8AF50
F8B920
F8C360
F8CE20
F8D950
F8E4F0
F8F110
F8FD90
F90A90
F91810
F925F0
F93450
F94330
F95260
F96200
F97210
F98270
F99350
F9A480
F9B620
F9C830
F9DA90
F9ED60
FA00A0
FA1440
FA2840
FA3CB0
FA5180
FA66B0
FA7C30
FA9200
FAA820
FABE80
FAD540
FAEC30
FB0380
FB1B10
FB3300
FB4B20
FB63A0
FB7C60
FB9570
FBAED0
FBC880
FBE270
FBFC90
FC16D0
FC3140
FC4BE0
FC66A0
FC8190
FC9CA0
FCB7D0
FCD340
FCEEC0
FD0A80
FD2660
FD4260
FD5E90
FD7AE0
FD9770
FDB3F0
FDD070
FDECF0
FE0970
FE2600
FE4280
FE5F00
FE7B90
FE9810
FEB4A0
FED130
FEEDB0
FF0A40
FF26D0
FF4360
FF5FE0
FF7C50
FF9890
FFB4A0
FFD090
FFEC50
0007F0
002360
003EB0
0059D0
0074D0
008FA0
00AA40
00C4D0
00DF20
00F950
011360
012D10
014680
015FA0
017870
0190F0
01A930
01C110
01D8B0
01EFF0
0206F0
021DA0
023400
024A10
025FD0
027540
028A70
029F20
02B370
02C750
02DAC0
02EDD0
030060
031290
032450
0335A0
034690
035700
036710
0376B0
0385E0
0394A0
03A300
03B0D0
03BE30
03CB00
03D750
03E320
03EE80
03F950
0403A0
040D70
0416C0
041F80
0427D0
042FA0
0436F0
043DB0
044400
0449C0
044EF0
0453A0
0457D0
045B70
045E80
046110
046320
046490
046590
046600
0465E0
046540
046410
046260
046020
045D60
045A20
045660
045220
044D60
044810
044250
043C00
043530
042DE0
042610
041DC0
0414F0
040B90
0401C0
03F760
03ECA0
03E160
03D5C0
03C9B0
03BD30
03B040
03A2E0
039510
0386D0
037830
036920
035990
0349A0
033940
032870
031730
0305A0
02F3C0
02E190
02CF20
02BC50
02A930
0295C0
028200
026E00
0259A0
0244F0
022FF0
021AA0
020510
01EF20
01D8E0
01C280
01ABF0
019530
017E50
016740
015010
0138B0
012120
010970
00F190
00D980
00C150
00A900
009070
0077C0
005EF0
004610
002D40
001460
FFFB90
FFE2C0
FFC9E0
FFB110
FF9840
FF7F70
FF66A0
FF4DD0
FF3500
FF1C30
FF0360
FEEA90
FED1C0
FEB920
FEA0A0
FE8850
FE7030
FE5830
FE4060
FE28C0
FE1140
FDF9F0
FDE2C0
FDCBC0
FDB4E0
FD9E40
FD87C0
FD7160
FD5B30
FD4550
FD2FC0
FD1A80
FD0590
FCF0E0
FCDC90
FCC880
FCB4D0
FCA160
FC8E50
FC7B80
FC6900
FC56D0
FC4500
FC3370
FC2220
FC1150
FC00E0
FBF0E0
FBE150
FBD220
FBC360
FBB510
FBA720
FB99A0
FB8C80
FB7FE0
FB73A0
FB67C0
FB5C50
FB5150
FB46C0
FB3CA0
FB3300
FB29E0
FB2130
FB1900
FB1140
FB0A10
FB0350
FAFD00
FAF740
FAF1F0
FAED20
FAE8C0
FAE4E0
FAE180
FADE90
FADC30
FADA40
FAD8D0
FAD7E0
FAD760
FAD770
FAD7F0
FAD900
FADA80
FADC80
FADF00
FAE1F0
FAE570
FAE970
FAEDE0
FAF2D0
FAF830
FAFE10
FB0460
FB0B20
FB1250
FB1A00
FB2210
FB2AA0
FB33A0
FB3D20
FB4700
FB5160
FB5C30
FB6770
FB7320
FB7F50
FB8BD0
FB98B0
FBA5F0
FBB390
FBC190
FBCFF0
FBDEA0
FBEDB0
FBFD20
FC0CF0
FC1D20
FC2DA0
FC3E90
FC4FD0
FC6170
FC7370
FC85B0
FC9820
FCAAE0
FCBDD0
FCD100
FCE470
FCF820
FD0C00
FD2030
FD3490
FD4930
FD5E10
FD7330
FD8890
FD9E20
FDB400
FDC9F0
FDDFF0
FDF610
FE0C40
FE2290
FE38F0
FE4F70
FE6600
FE7CB0
FE9370
FEAA40
FEC130
FED840
FEEF60
FF0690
FF1DE0
FF3530
FF4C60
FF6380
FF7A90
FF9190
FFA880
FFBF60
FFD630
FFECF0
0003B0
001A50
0030E0
004760
005DE0
007440
008A90
00A0B0
00B6A0
00CC50
00E1E0
00F720
010C40
012120
0135D0
014A50
015E90
0172B0
018680
019A30
01ADA0
01C0E0
01D3F0
01E6A0
01F910
020B20
021CD0
022E40
023F60
025020
026090
0270B0
028070
028FE0
029F10
02ADE0
02BC50
02CA80
02D850
02E5C0
02F2C0
02FF60
030B90
031760
0322C0
032DB0
033850
034270
034C30
035590
035E70
036700
036F20
0376D0
037E20
038500
038B60
039150
0396E0
039BF0
03A090
03A4C0
03A870
03ABC0
03AE90
03B0F0
03B2E0
03B460
03B570
03B610
03B630
03B5F0
03B530
03B410
03B270
03B070
03ADF0
03AB00
03A7B0
03A3E0
039FA0
039B00
0395E0
039050
038A60
0383F0
037D10
0375D0
036E30
036630
035DC0
035500
034BD0
034240
033850
032E00
032340
031830
030CB0
0300D0
02F490
02E7E0
02DAE0
02CD80
02BFE0
02B200
02A3C0
029540
028670
027750
0267E0
025830
024830
0237E0
022740
021660
020530
01F3B0
01E1E0
01CFF0
01BDC0
01AB70
0198E0
018630
017350
016040
014D00
013990
0125F0
011230
00FE30
00EA00
00D5B0
00C130
00AC70
0097B0
0082E0
006E00
005910
004410
002F00
0019E0
0004B0
FFEF70
FFDA30
FFC4D0
FFAF60
FF99F0
FF8460
FF6ED0
FF5920
FF4390
FF2E00
FF1890
FF0330
FEEDD0
FED890
FEC350
FEAE30
FE9910
FE8410
FE6F10
FE5A30
FE4560
FE3090
FE1BE0
FE0730
FDF2B0
FDDE60
FDCA40
FDB640
FDA260
FD8EB0
FD7B30
FD67D0
FD54A0
FD41A0
FD2EC0
FD1C10
FD0980
FCF720
FCE4F0
FCD2E0
FCC110
FCAF80
FC9E30
FC8D10
FC7C40
FC6BA0
FC5B40
FC4B20
FC3B30
FC2B90
FC1C20
FC0D00
FBFE10
FBEF50
FBE0E0
FBD2B0
FBC4C0
FBB710
FBA9B0
FB9C90
FB8FC0
FB8340
FB76F0
FB6AF0
FB5F40
FB53D0
FB48A0
FB3DC0
FB3330
FB28D0
FB1ED0
FB1500
FB0B80
FB0250
FAF960
FAF0C0
FAE860
FAE040
FAD870
FAD0E0
FAC9A0
FAC2B0
FABBF0
FAB590
FAAF60
FAA980
FAA3F0
FA9EA0
FA9990
FA94C0
FA9030
FA8BD0
FA87C0
FA83F0
FA8050
FA7CF0
FA79E0
FA7700
FA7460
FA7200
FA6FE0
FA6DF0
FA6C50
FA6AF0
FA69B0
FA68B0
FA67D0
FA6720
FA66A0
FA6650
FA6630
FA6640
FA6680
FA66E0
FA6780
FA6840
FA6940
FA6A60
FA6BB0
FA6D30
FA6ED0
FA7080
FA7250
FA7440
FA7640
FA7860
FA7A90
FA7CF0
FA7F60
FA81E0
FA8480
FA8740
FA8A20
FA8D10
FA9020
FA9340
FA9670
FA99A0
FA9CD0
FAA010
FAA340
FAA680
FAA9D0
FAAD10
FAB060
FAB3B0
FAB700
FABA50
FABDB0
FAC110
FAC470
FAC7E0
FACB30
FACE80
FAD1B0
FAD4E0
FAD800
FADB00
FADE00
FAE0F0
FAE3D0
FAE6A0
FAE960
FAEC10
FAEEB0
FAF140
FAF3C0
FAF630
FAF880
FAFAC0
FAFCD0
FAFED0
FB00A0
FB0260
FB03F0
FB0570
FB06D0
FB0810
FB0930
FB0A30
FB0B10
FB0BD0
FB0C70
FB0D00
FB0D60
FB0D90
FB0DB0
FB0DA0
FB0D60
FB0D10
FB0C90
FB0BE0
FB0B20
FB0A30
FB0910
FB07E0
FB0680
FB04F0
FB0340
FB0170
FAFF80
FAFD70
FAFB30
FAF8C0
FAF640
FAF390
FAF0C0
FAEDC0
FAEAA0
FAE760
FAE400
FAE070
FADCC0
FAD8F0
FAD4F0
FAD0D0
FACC90
FAC840
FAC3D0
FABF50
FABAB0
FAB5F0
FAB120
FAAC30
FAA720
FAA200
FA9CD0
FA9770
FA9200
FA8C80
FA86D0
FA8120
FA7B50
FA7580
FA6FB0
FA69D0
FA63E0
FA5DF0
FA57F0
FA51F0
FA4BE0
FA45D0
FA3FB0
FA3990
FA3360
FA2D20
FA26E0
FA2090
FA1A50
FA1430
FA0E10
FA0800
FA0200
F9FC10
F9F630
F9F060
F9EAA0
F9E4E0
F9DF40
F9D9B0
F9D430
F9CEB0
F9C950
F9C3F0
F9BEC0
F9B9C0
F9B4E0
F9B020
F9AB90
F9A730
F9A2F0
F99EE0
F99AF0
F99730
F99390
F99010
F98CD0
F989A0
F986B0
F983D0
F98140
F97EF0
F97CE0
F97B20
F97990
F97840
F97740
F97680
F97600
F975C0
F975C0
F97600
F97680
F97750
F97850
F979A0
F97B40
F97D30
F97F80
F98220
F98520
F98860
F98C00
F99000
F99450
F998F0
F99DF0
F9A340
F9A8E0
F9AED0
F9B520
F9BBD0
F9C2D0
F9CA40
F9D210
F9DA40
F9E2D0
F9EBC0
F9F520
F9FED0
FA08F0
FA1370
FA1E50
FA29A0
FA3540
FA4150
FA4DB0
FA5A80
FA67C0
FA7550
FA8350
FA91C0
FAA080
FAAFB0
FABF50
FACF40
FADFA0
FAF070
FB0190
FB1320
FB2510
FB3770
FB4A30
FB5D50
FB70D0
FB84B0
FB98F0
FBAD80
FBC270
FBD7C0
FBED70
FC0380
FC19E0
FC30A0
FC47C0
FC5F40
FC7720
FC8F50
FCA7E0
FCC0D0
FCDA10
FCF390
FD0D60
FD2780
FD41E0
FD5C80
FD7770
FD92B0
FDAE40
FDCA10
FDE620
FE0290
FE1F40
FE3C30
FE5970
FE7700
FE94B0
FEB2A0
FED0A0
FEEEE0
FF0D50
FF2BE0
FF4AA0
FF6990
FF88A0
FFA7F0
FFC760
FFE700
0006C0
0026C0
0046E0
006730
008780
00A7E0
00C850
00E8C0
010940
0129C0
014A40
016AE0
018B70
01AC20
01CCC0
01ED80
020E40
022F00
024FD0
0270A0
029160
02B1F0
02D260
02F2C0
0312F0
033310
035300
0372D0
039280
03B220
03D190
03F0E0
041010
042F30
044E20
046CF0
048B80
04A9C0
04C7C0
04E570
0502E0
052010
053CF0
055990
0575E0
0591F0
05ADB0
05C930
05E470
05FF60
061A00
063470
064E60
0667F0
068110
0699D0
06B210
06CA00
06E170
06F880
070F20
072550
073B20
075080
076580
077A00
078E20
07A1E0
07B510
07C7C0
07D9E0
07EB80
07FCA0
080D30
081D50
082CE0
083BE0
084A60
085860
0865E0
0872D0
087F50
088B30
0896A0
08A170
08ABB0
08B550
08BE60
08C6E0
08CEC0
08D610
08DCC0
08E2E0
08E870
08ED70
08F1D0
08F5A0
08F8D0
08FB70
08FD80
08FEF0
08FFD0
090010
08FFC0
08FED0
08FD40
08FB30
08F870
08F520
08F140
08ECC0
08E7B0
08E200
08DBC0
08D4E0
08CD60
08C560
08BCD0
08B3B0
08AA00
089FC0
0894F0
088990
087DB0
087130
086430
0856A0
084870
0839C0
082A80
081AB0
080A60
07F980
07E840
07D670
07C440
07B190
079E60
078AC0
0776A0
076210
074D10
073790
0721A0
070B30
06F440
06DCF0
06C510
06ACF0
069460
067B90
066260
0648D0
062EF0
0614B0
05FA20
05DF30
05C3F0
05A860
058C70
057020
055380
053690
051940
04FBC0
04DE10
04C030
04A220
0483E0
046570
0446D0
042800
040900
03E9D0
03CA70
03AAE0
038B20
036B30
034B10
032AC0
030A60
02EA00
02C9A0
02A930
0288C0
026850
0247D0
022750
0206C0
01E630
01C5A0
01A500
018460
0163B0
014300
012240
0101B0
00E140
00C0F0
00A0C0
0080B0
0060C0
004100
002160
0001D0
FFE270
FFC340
FFA420
FF8520
FF6650
FF47A0
FF2900
FF0AC0
FEECB0
FECEF0
FEB170
FE9430
FE7740
FE5A90
FE3E20
FE2200
FE0620
FDEA80
FDCF20
FDB410
FD9940
FD7EC0
FD6470
FD4A90
FD3110
FD17E0
FCFF20
FCE6B0
FCCEB0
FCB710
FC9FC0
FC88E0
FC7250
FC5C30
FC4660
FC3100
FC1BF0
FC0740
FBF300
FBDF20
FBCBB0
FBB8C0
FBA630
FB9410
FB8260
FB7120
FB6050
FB4FF0
FB4000
FB3080
FB2170
FB12D0
FB0490
FAF6D0
FAE980
FADCA0
FAD030
FAC430
FAB8A0
FAAD90
FAA2F0
FA98B0
FA8F00
FA85B0
FA7CD0
FA7470
FA6C70
FA64F0
FA5DF0
FA5750
FA5120
FA4B60
FA4610
FA4130
FA3CB0
FA38A0
FA3500
FA31C0
FA2EF0
FA2C90
FA2A90
FA2900
FA27E0
FA2730
FA26E0
FA2700
FA2780
FA2870
FA29A0
FA2B40
FA2D30
FA2F70
FA3210
FA3510
FA3860
FA3C10
FA4010
FA4470
FA4930
FA4E40
FA53A0
FA5970
FA5F80
FA65E0
FA6C80
FA7360
FA7A80
FA81E0
FA8980
FA9170
FA9990
FAA1F0
FAAAA0
FAB380
FABCA0
FAC610
FACFC0
FAD9A0
FAE3D0
FAEE20
FAF890
FB0320
FB0DE0
FB18C0
FB23C0
FB2EE0
FB3A20
FB4590
FB5120
FB5CD0
FB68B0
FB74A0
FB80C0
FB8D00
FB9970
FBA5D0
FBB250
FBBEC0
FBCB50
FBD7D0
FBE470
FBF100
FBFDA0
FC0A50
FC1700
FC23C0
FC3080
FC3D40
FC4A10
FC56F0
FC63C0
FC7090
FC7D50
FC89F0
FC9680
FCA310
FCAF70
FCBBD0
FCC820
FCD450
FCE070
FCEC80
FCF880
FD0470
FD1050
FD1C10
FD27C0
FD3350
FD3EB0
FD4A00
FD5520
FD6010
FD6AE0
FD7590
FD8020
FD8A80
FD94C0
FD9ED0
FDA8D0
FDB2A0
FDBC40
FDC5D0
FDCF20
FDD850
FDE150
FDEA20
FDF2C0
FDFB20
FE0360
FE0B70
FE1340
FE1AF0
FE2260
FE29A0
FE30C0
FE37A0
FE3E50
FE44D0
FE4B30
FE5150
FE5740
FE5CF0
FE6280
FE67E0
FE6D00
FE7200
FE76C0
FE7B50
FE7FC0
FE83F0
FE87F0
FE8BC0
FE8F50
FE92C0
FE9600
FE9910
FE9BF0
FE9EB0
FEA140
FEA3A0
FEA5D0
FEA7E0
FEA9C0
FEAB80
FEAD10
FEAE70
FEAFB0
FEB0B0
FEB1A0
FEB250
FEB2E0
FEB350
FEB3A0
FEB3E0
FEB400
FEB400
FEB3E0
FEB3B0
FEB360
FEB2F0
FEB270
FEB1D0
FEB110
FEB030
FEAF40
FEAE20
FEAD00
FEABC0
FEAA80
FEA940
FEA7F0
FEA6A0
FEA540
FEA3D0
FEA260
FEA0F0
FE9F70
FE9DF0
FE9C60
FE9AC0
FE9920
FE9780
FE95D0
FE9430
FE92A0
FE9120
FE8FA0
FE8E40
FE8CE0
FE8BA0
FE8A60
FE8930
FE8810
FE8700
FE8600
FE8510
FE8420
FE8350
FE8280
FE81E0
FE8160
FE8100
FE80C0
FE80A0
FE80B0
FE80E0
FE8130
FE81A0
FE8230
FE82F0
FE83D0
FE84D0
FE85F0
FE8730
FE88A0
FE8A40
FE8C10
FE8E10
FE9040
FE92B0
FE9550
FE9820
FE9B30
FE9E60
FEA1D0
FEA570
FEA950
FEAD50
FEB190
FEB600
FEBAB0
FEBF90
FEC4B0
FECA10
FECFA0
FED580
FEDB90
FEE1E0
FEE880
FEEF40
FEF650
FEFDA0
FF0520
FF0CE0
FF14F0
FF1D30
FF25A0
FF2E60
FF3760
FF4090
FF4A10
FF53C0
FF5DB0
FF67E0
FF7260
FF7D00
FF87F0
FF9320
FF9E90
FFAA30
FFB620
FFC240
FFCEB0
FFDB40
FFE820
FFF520
000270
000FE0
001D90
002B80
0039A0
0047F0
005680
006550
007450
008380
0092F0
00A290
00B270
00C270
00D2A0
00E2F0
00F360
010400
0114D0
0125B0
0136D0
014800
015960
016AF0
017CA0
018E70
01A070
01B2A0
01C4E0
01D740
01E9B0
01FC30
020EC0
022160
023410
0246D0
0259A0
026C80
027F70
029270
02A580
02B8A0
02CBD0
02DF10
02F270
0305B0
0318F0
032C20
033F50
035270
036580
037880
038B80
039E70
03B150
03C430
03D700
03E9C0
03FC80
040F20
0421D0
043440
0446A0
0458D0
046AD0
047CC0
048E70
04A010
04B180
04C2C0
04D3F0
04E4E0
04F5C0
050670
0516F0
052760
053790
054790
055750
0566D0
057600
058500
0593B0
05A230
05B060
05BE50
05CC10
05D980
05E6B0
05F3A0
060050
060CC0
0618F0
0624D0
063050
063B80
064660
0650E0
065B10
0664F0
066E70
0677A0
068080
068910
069140
069920
06A0A0
06A7E0
06AEB0
06B530
06BB50
06C100
06C660
06CB50
06CFE0
06D410
06D7D0
06DB40
06DE40
06E0E0
06E320
06E500
06E680
06E790
06E850
06E8A0
06E880
06E810
06E720
06E5E0
06E430
06E220
06DFA0
06DCC0
06D980
06D5D0
06D1C0
06CD40
06C870
06C320
06BD80
06B770
06B100
06AA40
06A310
069B80
069390
068B40
0682A0
067990
067020
066650
065C20
065190
0646A0
063B50
062F90
062390
061740
060AA0
05FDA0
05F050
05E2C0
05D4D0
05C690
05B800
05A920
0599F0
058A70
057A90
056A70
0559F0
054930
053820
0526E0
051560
0503B0
04F1B0
04DF80
04CD20
04BA70
04A790
049470
048110
046D80
0459A0
044590
043150
041CC0
040820
03F350
03DE70
03C960
03B440
039EF0
038980
037400
035E50
034880
0332A0
031C90
030660
02F010
02D9A0
02C320
02AC80
0295F0
027F50
0268B0
025210
023B70
0224C0
020E10
01F760
01E0A0
01C9F0
01B330
019C60
0185A0
016ED0
015800
014140
012AA0
011420
00FDA0
00E750
00D100
00BAD0
00A4C0
008EC0
0078D0
006300
004D50
0037B0
002220
000CB0
FFF750
FFE220
FFCD20
FFB850
FFA3B0
FF8F40
FF7B00
FF66E0
FF5300
FF3F40
FF2BB0
FF1850
FF0530
FEF220
FEDF50
FECCB0
FEBA40
FEA800
FE9610
FE8460
FE72E0
FE61A0
FE50B0
FE3FF0
FE2F70
FE1F40
FE0F40
FDFF80
FDF000
FDE0C0
FDD1C0
FDC300
FDB470
FDA640
FD9850
FD8AA0
FD7D40
FD7020
FD6350
FD56C0
FD4A80
FD3E80
FD32D0
FD2760
FD1C40
FD1160
FD06C0
FCFC80
FCF270
FCE8C0
FCDF40
FCD610
FCCD30
FCC490
FCBC40
FCB430
FCAC70
FCA4F0
FC9DC0
FC96D0
FC9030
FC89D0
FC83C0
FC7E00
FC7870
FC7330
FC6E30
FC6970
FC64F0
FC60B0
FC5CC0
FC5900
FC5580
FC5250
FC4F50
FC4CA0
FC4A20
FC47F0
FC4600
FC4450
FC42D0
FC41A0
FC4090
FC3FB0
FC3F10
FC3EA0
FC3E60
FC3E50
FC3E70
FC3ED0
FC3F60
FC4020
FC4110
FC4230
FC4390
FC4520
FC46D0
FC48C0
FC4AC0
FC4CE0
FC4F20
FC5190
FC5420
FC56C0
FC5990
FC5C80
FC5F90
FC62D0
FC6620
FC6990
FC6D30
FC70F0
FC74C0
FC78B0
FC7CB0
FC80B0
FC84D0
FC88F0
FC8D20
FC9160
FC95B0
FC9A10
FC9E80
FCA300
FCA790
FCAC20
FCB0D0
FCB580
FCBA40
FCBF00
FCC3C0
FCC880
FCCD30
FCD1F0
FCD6A0
FCDB50
FCE000
FCE4A0
FCE950
FCEDF0
FCF290
FCF730
FCFBD0
FD0060
FD0500
FD0980
FD0DF0
FD1250
FD16A0
FD1AE0
FD1F10
FD2320
FD2730
FD2B20
FD2F00
FD32D0
FD3690
FD3A40
FD3DE0
FD4170
FD44E0
FD4840
FD4B90
FD4EB0
FD51C0
FD54C0
FD57A0
FD5A60
FD5D00
FD5F90
FD6210
FD6460
FD66A0
FD68D0
FD6AE0
FD6CD0
FD6EA0
FD7060
FD7200
FD7380
FD74E0
FD7630
FD7750
FD7860
FD7950
FD7A20
FD7AD0
FD7B70
FD7BE0
FD7C40
FD7C80
FD7CA0
FD7CB0
FD7C90
FD7C70
FD7C20
FD7BC0
FD7B50
FD7AC0
FD7A10
FD7950
FD7880
FD7780
FD7670
FD7550
FD7410
FD72C0
FD7150
FD6FC0
FD6E30
FD6C80
FD6AC0
FD6900
FD6720
FD6540
FD6340
FD6130
FD5F10
FD5CF0
FD5AB0
FD5860
FD5600
FD53A0
FD5120
FD4E90
FD4C00
FD4970
FD46E0
FD4440
FD41A0
FD3F00
FD3C60
FD39C0
FD3720
FD3470
FD31C0
FD2F10
FD2C60
FD29A0
FD26F0
FD2430
FD2180
FD1EE0
FD1C40
FD19B0
FD1730
FD14B0
FD1250
FD0FF0
FD0D90
FD0B50
FD0910
FD06D0
FD04B0
FD0290
FD0080
FCFE70
FCFC80
FCFAB0
FCF8F0
FCF750
FCF5D0
FCF460
FCF300
FCF1C0
FCF0A0
FCEF90
FCEEA0
FCEDD0
FCED00
FCEC60
FCEBD0
FCEB60
FCEB10
FCEAE0
FCEAD0
FCEAF0
FCEB30
FCEB90
FCEC20
FCECC0
FCED90
FCEE80
FCEFA0
FCF0D0
FCF230
FCF3B0
FCF560
FCF720
FCF920
FCFB30
FCFD80
FCFFF0
FD0280
FD0550
FD0840
FD0B50
FD0E90
FD1200
FD1590
FD1950
FD1D30
FD2140
FD2580
FD29E0
FD2E70
FD3320
FD3800
FD3D10
FD4240
FD4790
FD4D10
FD52C0
FD5890
FD5E90
FD64B0
FD6B00
FD7170
FD7810
FD7EE0
FD85D0
FD8CE0
FD9410
FD9B70
FDA2E0
FDAA70
FDB230
FDBA00
FDC200
FDCA20
FDD250
FDDAB0
FDE330
FDEBD0
FDF490
FDFD70
FE0670
FE0F80
FE18B0
FE21F0
FE2B40
FE34A0
FE3E20
FE47B0
FE5150
FE5B00
FE64D0
FE6EB0
FE78A0
FE82A0
FE8CC0
FE96F0
FEA130
FEAB70
FEB5C0
FEC000
FECA50
FED490
FEDEE0
FEE930
FEF380
FEFDD0
FF0820
FF1270
FF1CC0
FF2720
FF3170
FF3BD0
FF4620
FF5070
FF5AA0
FF64C0
FF6ED0
FF78C0
FF82B0
FF8C80
FF9640
FF9FE0
FFA980
FFB300
FFBC70
FFC5D0
FFCF10
FFD840
FFE170
FFEA60
FFF330
FFFBD0
000450
000CA0
0014C0
001CC0
002490
002C30
0033B0
003B00
004230
004930
005000
0056B0
005D30
006370
006980
006F50
0074E0
007A30
007F40
008420
0088C0
008D20
009140
009520
0098D0
009C40
009F70
00A260
00A510
00A780
00A9A0
00AB70
00AD00
00AE30
00AF20
00AFD0
00B020
00B030
00AFF0
00AF70
00AE90
00AD70
00AC00
00AA50
00A840
00A5F0
00A340
00A040
009CF0
009940
009550
009100
008C50
008760
008210
007C70
007680
007040
0069A0
0062C0
005B70
0053E0
004C00
0043C0
003B30
003240
002910
001F80
0015A0
000B70
0000E0
FFF610
FFEAE0
FFDF50
FFD380
FFC750
FFBAD0
FFAE00
FFA0F0
FF9390
FF85E0
FF77E0
FF6990
FF5B00
FF4C20
FF3D00
FF2D80
FF1DC0
FF0DB0
FEFD60
FEECB0
FEDBC0
FECA90
FEB910
FEA760
FE9570
FE8340
FE70E0
FE5E40
FE4B60
FE3840
FE24F0
FE1160
FDFD90
FDE990
FDD550
FDC0D0
FDAC20
FD9720
FD8210
FD6CD0
FD5770
FD41F0
FD2C40
FD1670
FD0080
FCEA60
FCD420
FCBDC0
FCA740
FC9090
FC79D0
FC62D0
FC4BC0
FC3480
FC1D40
FC05F0
FBEEA0
FBD740
FBBFE0
FBA870
FB90F0
FB7970
FB61F0
FB4A60
FB32D0
FB1B30
FB0380
FAEBD0
FAD420
FABC50
FAA4B0
FA8D10
FA7590
FA5E20
FA46D0
FA2F90
FA1860
FA0150
F9EA50
F9D360
F9BC80
F9A5C0
F98F20
F97880
F96200
F94B90
F93560
F91F50
F90980
F8F3E0
F8DE80
F8C940
F8B440
F89F70
F88AE0
F87680
F86240
F84E50
F83A80
F826F0
F81380
F80060
F7ED80
F7DAE0
F7C8A0
F7B6B0
F7A500
F793B0
F782A0
F771E0
F76170
F75150
F74170
F731F0
F722B0
F713D0
F70530
F6F6E0
F6E8F0
F6DB70
F6CE50
F6C190
F6B540
F6A940
F69DB0
F69290
F687C0
F67D60
F67360
F669C0
F66090
F657C0
F64F50
F64750
F63FB0
F63890
F631E0
F62BA0
F625D0
F62080
F61B90
F61720
F61310
F60F80
F60C60
F609B0
F60780
F605B0
F60460
F60370
F60310
F60310
F603A0
F604A0
F60620
F60810
F60A80
F60D60
F610C0
F61490
F618F0
F61DB0
F62300
F628B0
F62EF0
F635A0
F63CC0
F64460
F64C70
F65500
F65E00
F66770
F67150
F67BB0
F68680
F691D0
F69D90
F6A9C0
F6B670
F6C390
F6D120
F6DF30
F6EDA0
F6FC80
F70BD0
F71B90
F72BB0
F73C40
F74D30
F75EA0
F77070
F782B0
F79550
F7A860
F7BBE0
F7CFD0
F7E420
F7F8E0
F80DF0
F82360
F83930
F84F50
F865C0
F87C90
F893C0
F8AB40
F8C310
F8DB40
F8F3D0
F90CB0
F925E0
F93F70
F95960
F97390
F98E10
F9A8D0
F9C3D0
F9DF10
F9FA90
FA1650
FA3250
FA4E90
FA6B10
FA87D0
FAA4D0
FAC210
FADF90
FAFD50
FB1B50
FB3990
FB57F0
FB7680
FB9520
FBB3F0
FBD2E0
FBF1F0
FC1120
FC3080
FC4FF0
FC6F90
FC8F50
FCAF30
FCCF40
FCEF60
FD0FB0
FD3020
FD5090
FD7110
FD9180
FDB200
FDD290
FDF310
FE13A0
FE3430
FE54D0
FE7560
FE9600
FEB6B0
FED750
FEF800
FF18B0
FF3960
FF5A00
FF7A80
FF9AE0
FFBB30
FFDB70
FFFB80
001B90
003B70
005B40
007AF0
009A90
00BA10
00D970
00F8C0
011800
013710
015600
0174B0
019320
01B160
01CF70
01ED50
020AF0
022860
024590
026290
027F60
029BF0
02B850
02D470
02F070
030C20
032790
0342C0
035D90
037820
039250
03AC40
03C5E0
03DF40
03F840
041100
042970
044190
045960
0470F0
048830
049F10
04B5A0
04CBD0
04E1A0
04F710
050C20
0520D0
053510
054900
055C90
056FC0
058290
059500
05A700
05B8B0
05CA00
05DAF0
05EB70
05FB90
060B30
061A80
062950
0637C0
0645C0
065360
066090
066D50
0679A0
068590
069110
069C30
06A6E0
06B120
06BAF0
06C460
06CD50
06D5D0
06DDE0
06E580
06ECB0
06F380
06F9D0
06FFB0
070520
070A20
070EB0
0712D0
071680
0719C0
071C90
071F00
0720F0
072280
0723A0
072450
072490
072470
0723E0
0722E0
072170
071F90
071D40
071A90
071770
0713E0
070FF0
070B90
0706D0
0701B0
06FC30
06F640
06EFF0
06E930
06E210
06DA90
06D2B0
06CA60
06C1B0
06B890
06AF20
06A530
069B00
069070
068590
067A60
066ED0
0662F0
0656B0
064A30
063D40
063010
062280
0614A0
060660
05F7E0
05E8F0
05D9C0
05CA40
05BA80
05AA80
059A30
0589A0
0578E0
0567C0
055670
0544D0
0532F0
0520D0
050E70
04FBC0
04E8E0
04D5B0
04C230
04AE90
049AC0
0486D0
0472A0
045E50
0449C0
043510
042040
040B30
03F5F0
03E090
03CB00
03B540
039F50
038930
0372F0
035C90
034610
032F80
0318E0
030220
02EB50
02D460
02BD60
02A650
028F10
0277D0
026070
0248F0
023160
0219C0
020200
01EA40
01D280
01BAC0
01A300
018B50
017390
015BD0
014410
012C50
011490
00FCD0
00E510
00CD50
00B590
009DD0
008600
006E60
0056C0
003F40
0027D0
001070
FFF920
FFE1F0
FFCAD0
FFB3C0
FF9CC0
FF85E0
FF6F00
FF5840
FF41A0
FF2B00
FF1480
FEFE20
FEE7E0
FED1D0
FEBBE0
FEA610
FE9070
FE7AF0
FE6590
FE5060
FE3B50
FE2660
FE11A0
FDFCF0
FDE880
FDD420
FDBFF0
FDABF0
FD9820
FD8480
FD7110
FD5DD0
FD4AD0
FD37F0
FD2550
FD12D0
FD0090
FCEE80
FCDCA0
FCCAF0
FCB970
FCA820
FC9700
FC8620
FC7570
FC6500
FC54D0
FC44D0
FC3510
FC2580
FC1630
FC0720
FBF840
FBE990
FBDB30
FBCCF0
FBBF00
FBB140
FBA3B0
FB9670
FB8960
FB7C80
FB6FF0
FB6390
FB5770
FB4B90
FB3FF0
FB3480
FB2950
FB1E60
FB13B0
FB0930
FAFEF0
FAF4F0
FAEB30
FAE1A0
FAD850
FACF30
FAC650
FABDB0
FAB540
FAAD10
FAA520
FA9D60
FA95E0
FA8E90
FA8780
FA80B0
FA7A10
FA73B0
FA6D80
FA6790
FA61D0
FA5C40
FA56F0
FA51D0
FA4CE0
FA4820
FA43A0
FA3F50
FA3B30
FA3740
FA3390
FA3010
FA2CC0
FA29B0
FA26D0
FA2410
FA2190
FA1F30
FA1CF0
FA1AF0
FA1910
FA1750
FA15D0
FA1470
FA1330
FA1230
FA1150
FA10A0
FA1010
FA0FB0
FA0F80
FA0F70
FA0F80
FA0FB0
FA1000
FA1080
FA1110
FA11D0
FA12B0
FA13A0
FA14C0
FA1610
FA1770
FA18F0
FA1AA0
FA1C60
FA1E50
FA2050
FA2270
FA24A0
FA26E0
FA2940
FA2BC0
FA2E50
FA30F0
FA33B0
FA3680
FA3970
FA3C80
FA3F90
FA42D0
FA4610
FA4980
FA4CF0
FA5070
FA5400
FA57B0
FA5B60
FA5F20
FA62F0
FA66E0
FA6AD0
FA6EE0
FA72F0
FA7710
FA7B50
FA7F90
FA83F0
FA8850
FA8CC0
FA9140
FA95C0
FA9A50
FA9EF0
FAA390
FAA840
FAACF0
FAB1B0
FAB680
FABB50
FAC030
FAC510
FACA00
FACF00
FAD400
FAD910
FADE20
FAE340
FAE860
FAED90
FAF2D0
FAF810
FAFD50
FB02A0
FB07F0
FB0D50
FB12C0
FB1830
FB1DB0
FB2330
FB28B0
FB2E40
FB33E0
FB3980
FB3F30
FB44F0
FB4AA0
FB5070
FB5640
FB5C10
FB61F0
FB67E0
FB6DD0
FB73D0
FB79D0
FB7FE0
FB85F0
FB8C10
FB9240
FB9880
FB9ED0
FBA520
FBAB80
FBB1F0
FBB870
FBBF00
FBC590
FBCC30
FBD2F0
FBD9B0
FBE070
FBE750
FBEE30
FBF530
FBFC30
FC0350
FC0A80
FC11C0
FC1910
FC2080
FC27F0
FC2F80
FC3720
FC3ED0
FC4690
FC4E60
FC5640
FC5E40
FC6640
FC6E60
FC76A0
FC7EF0
FC8760
FC8FF0
FC9880
FCA140
FCAA10
FCB2F0
FCBBF0
FCC510
FCCE40
FCD780
FCE0F0
FCEA60
FCF400
FCFDB0
FD0780
FD1160
FD1B70
FD2590
FD2FD0
FD3A30
FD44B0
FD4F50
FD5A00
FD64E0
FD6FD0
FD7AE0
FD8600
FD9150
FD9CB0
FDA830
FDB3E0
FDBFA0
FDCB80
FDD780
FDE3A0
FDEFD0
FDFC30
FE08B0
FE1540
FE21F0
FE2ED0
FE3BC0
FE48D0
FE5600
FE6350
FE70C0
FE7E40
FE8BE0
FE99A0
FEA780
FEB580
FEC390
FED1C0
FEE010
FEEE80
FEFD10
FF0BB0
FF1A70
FF2950
FF3840
FF4760
FF5680
FF65C0
FF7520
FF8480
FF9400
FFA390
FFB340
FFC2F0
FFD2C0
FFE2B0
FFF2A0
0002B0
0012D0
002310
003350
0043C0
005420
006490
007510
008590
009620
00A6B0
00B740
00C7E0
00D890
00E940
00FA00
010AC0
011B90
012C60
013D40
014E20
015F00
016FD0
018090
019150
01A200
01B2B0
01C350
01D3E0
01E470
01F500
020570
0215E0
022650
0236A0
024700
025740
026770
027780
028770
029740
02A700
02B6A0
02C610
02D570
02E4B0
02F3E0
0302E0
0311D0
032090
032F40
033DD0
034C50
035A90
0368A0
037670
038420
039190
039ED0
03ABE0
03B8C0
03C560
03D1D0
03DE10
03EA20
03F600
0401B0
040D20
041860
042360
042E10
043880
0442B0
044C90
045630
045F80
046890
047160
0479E0
048220
048A10
0491C0
049930
04A060
04A730
04ADC0
04B3F0
04B9D0
04BF60
04C490
04C960
04CDF0
04D220
04D5F0
04D970
04DCA0
04DF80
04E200
04E430
04E600
04E780
04E8A0
04E960
04E9D0
04E9D0
04E980
04E8D0
04E7B0
04E640
04E470
04E250
04DFC0
04DCD0
04D990
04D5F0
04D1F0
04CD80
04C8D0
04C3B0
04BE30
04B850
04B220
04AB80
04A490
049D40
049590
048D80
048510
047C40
047320
046990
045FB0
045560
044AD0
043FE0
0434A0
042900
041D20
0410E0
040450
03F760
03EA30
03DCA0
03CEB0
03C080
03B1F0
03A310
0393E0
038450
037490
036480
035430
0343A0
0332D0
0321C0
031070
02FED0
02ED00
02DAE0
02C890
02B5F0
02A310
028FF0
027C90
0268F0
025520
024140
022D20
0218F0
020480
01F000
01DB50
01C680
01B180
019C60
018720
0171B0
015C20
014660
013080
011A80
010470
00EE60
00D840
00C230
00AC00
0095E0
007FB0
006980
005340
003D00
0026B0
001070
FFFA20
FFE3C0
FFCD60
FFB700
FFA0B0
FF8A90
FF7480
FF5E90
FF48C0
FF3300
FF1D70
FF07F0
FEF290
FEDD50
FEC820
FEB320
FE9E30
FE8960
FE74B0
FE6010
FE4BC0
FE37A0
FE23C0
FE1020
FDFCC0
FDE9A0
FDD6B0
FDC400
FDB1A0
FD9F70
FD8D70
FD7BC0
FD6A50
FD5910
FD4810
FD3750
FD26F0
FD16E0
FD0720
FCF7D0
FCE8C0
FCDA20
FCCBD0
FCBDD0
FCB030
FCA2F0
FC9600
FC8970
FC7D30
FC7150
FC65C0
FC5A90
FC4FD0
FC4570
FC3B80
FC3200
FC28E0
FC2030
FC17F0
FC1010
FC08A0
FC01A0
FBFB00
FBF4D0
FBEF10
FBE9B0
FBE4D0
FBE040
FBDC30
FBD890
FBD560
FBD2B0
FBD060
FBCE80
FBCD20
FBCC20
FBCBA0
FBCB90
FBCBF0
FBCCB0
FBCDF0
FBCFB0
FBD1D0
FBD460
FBD760
FBDAD0
FBDEA0
FBE2E0
FBE790
FBECA0
FBF220
FBF810
FBFE60
FC0520
FC0C50
FC13E0
FC1BE0
FC2450
FC2D20
FC3660
FC3FF0
FC49E0
FC5430
FC5ED0
FC69C0
FC7510
FC80B0
FC8CB0
FC9900
FCA5B0
FCB2B0
FCC010
FCCDC0
FCDBD0
FCEA30
FCF8E0
FD07D0
FD1700
FD2660
FD3600
FD45E0
FD55F0
FD6640
FD76C0
FD8780
FD9870
FDA9A0
FDBB10
FDCCB0
FDDE90
FDF0A0
FE02F0
FE1550
FE27D0
FE3A50
FE4CF0
FE5FA0
FE7260
FE8540
FE9830
FEAB30
FEBE40
FED160
FEE4A0
FEF7F0
FF0B50
FF1EC0
FF3250
FF45C0
FF5920
FF6C60
FF7FA0
FF92C0
FFA5C0
FFB8B0
FFCB90
FFDE60
FFF110
0003B0
001630
0028B0
003B00
004D50
005F80
007170
008330
0094B0
00A5F0
00B6F0
00C7B0
00D830
00E880
00F890
010860
0117F0
012740
013660
014530
0153D0
016230
017030
017DD0
018B20
019800
01A490
01B0B0
01BC80
01C7F0
01D300
01DDB0
01E810
01F200
01FBA0
0204D0
020DB0
021630
021E40
0225D0
022CF0
0233A0
0239D0
023F90
0244E0
0249B0
024E20
025210
025580
025890
025B20
025D30
025EE0
026010
0260D0
026100
0260C0
026000
025EC0
025D10
025AE0
025820
025500
025150
024D30
024880
024360
023DD0
0237B0
023120
022A10
022290
021AA0
021230
020950
01FFF0
01F620
01EBE0
01E120
01D5F0
01CA40
01BE20
01B190
01A480
019700
018910
017AB0
016C00
015CE0
014D70
013DA0
012D60
011CD0
010BD0
00FA80
00E8C0
00D6B0
00C430
00B160
009E20
008A90
007690
006260
004DF0
003940
002450
000F20
FFF9B0
FFE410
FFCE20
FFB800
FFA1A0
FF8B00
FF7420
FF5D10
FF45B0
FF2E20
FF1640
FEFE60
FEE660
FECE60
FEB640
FE9E10
FE85D0
FE6D80
FE5520
FE3CA0
FE2420
FE0B80
FDF2D0
FDDA10
FDC140
FDA860
FD8F60
FD7690
FD5DD0
FD4530
FD2CB0
FD1450
FCFC00
FCE3D0
FCCBC0
FCB3D0
FC9C00
FC8450
FC6CB0
FC5530
FC3DD0
FC2690
FC0F60
FBF890
FBE1F0
FBCBB0
FBB5B0
FBA000
FB8AA0
FB7580
FB60B0
FB4C20
FB37E0
FB23F0
FB1050
FAFCF0
FAE9E0
FAD710
FAC4A0
FAB290
FAA0F0
FA8FC0
FA7F00
FA6EC0
FA5EE0
FA4F70
FA4070
FA31F0
FA23D0
FA1620
FA08E0
F9FC20
F9EFC0
F9E3D0
F9D860
F9CD70
F9C300
F9B920
F9AFD0
F9A700
F99EC0
F99710
F98FE0
F98940
F98320
F97D90
F97880
F97400
F97010
F96CB0
F969C0
F96780
F965C0
F964A0
F96410
F96410
F964A0
F965D0
F96790
F969E0
F96CC0
F97040
F97450
F978F0
F97E20
F983F0
F98A40
F99130
F998A0
F9A0B0
F9A940
F9B260
F9BC00
F9C640
F9D100
F9DC50
F9E830
F9F4A0
FA0190
FA0F20
FA1D30
FA2BD0
FA3AF0
FA4A90
FA5AB0
FA6B40
FA7C40
FA8DB0
FA9FA0
FAB200
FAC4D0
FAD820
FAEBE0
FB0020
FB14D0
FB29F0
FB3F80
FB5590
FB6C10
FB82E0
FB9A00
FBB170
FBC930
FBE140
FBF9A0
FC1250
FC2B50
FC44A0
FC5E40
FC7820
FC9260
FCACF0
FCC7D0
FCE2F0
FCFE70
FD1A00
FD35C0
FD51A0
FD6DA0
FD89C0
FDA5F0
FDC250
FDDED0
FDFB70
FE1830
FE3510
FE5210
FE6F30
FE8C80
FEA9E0
FEC760
FEE4D0
FF0230
FF1F80
FF3CB0
FF59E0
FF76F0
FF93F0
FFB0E0
FFCDC0
FFEA90
000740
0023E0
004070
005CF0
007960
0095C0
00B1D0
00CDA0
00E930
010480
011F80
013A50
0154D0
016F10
018900
01A2B0
01BC20
01D550
01EE40
0206E0
021F50
023760
024F20
026660
027D30
0293A0
02A9A0
02BF30
02D460
02E910
02FD60
031140
0324B0
0337B0
034A50
035C80
036E30
037F90
039050
03A090
03B040
03BF70
03CE10
03DC30
03E9C0
03F6D0
040340
040F40
041AB0
042590
042FE0
0439B0
044300
044BB0
0453E0
045B70
046270
0468D0
046EB0
0473E0
047890
047CA0
048020
048300
048560
048720
048840
0488D0
0488D0
048840
048710
048560
048320
048040
047CE0
0478F0
047470
046F60
0469B0
046380
045CC0
045570
044D90
044520
043C20
0432A0
042890
041E10
041320
0407B0
03FBD0
03EF70
03E290
03D550
03C780
03B940
03AA90
039B60
038BC0
037BA0
036B00
035A00
034890
0336E0
0324E0
031280
02FFD0
02ECD0
02D980
02C5E0
02B1E0
029D90
0288F0
027400
025EB0
024920
023330
021CF0
020690
01F000
01D960
01C290
01AB90
019480
017D40
0165E0
014E60
0136C0
011EF0
010700
00EEF0
00D6C0
00BE60
00A5E0
008D70
007510
005CC0
004480
002C50
001430
FFFC20
FFE420
FFCC30
FFB450
FF9C70
FF84B0
FF6D00
FF5560
FF3DC0
FF2640
FF0EF0
FEF7F0
FEE130
FECAB0
FEB470
FE9E70
FE88B0
FE7330
FE5DF0
FE48F0
FE3430
FE1FB0
FE0B80
FDF780
FDE3C0
FDD050
FDBD40
FDAAA0
FD9860
FD8690
FD7530
FD6440
FD53B0
FD4390
FD33D0
FD2480
FD15A0
FD0730
FCF920
FCEB80
FCDE50
FCD180
FCC540
FCB980
FCAE50
FCA3A0
FC9980
FC8FE0
FC86D0
FC7E40
FC7640
FC6EC0
FC67C0
FC6150
FC5B70
FC5610
FC5130
FC4CE0
FC4930
FC4600
FC4370
FC4180
FC4010
FC3F40
FC3F00
FC3F60
FC4040
FC41C0
FC43E0
FC4690
FC49D0
FC4DA0
FC5210
FC5700
FC5C90
FC62B0
FC6960
FC70A0
FC7870
FC80D0
FC89C0
FC9350
FC9D60
FCA800
FCB330
FCBEF0
FCCB40
FCD820
FCE590
FCF3A0
FD0220
FD1110
FD2090
FD3080
FD40E0
FD51D0
FD6330
FD7510
FD8770
FD9A50
FDADA0
FDC170
FDD5C0
FDEA80
FDFFC0
FE1580
FE2B90
FE4200
FE58D0
FE6FF0
FE8770
FE9F40
FEB770
FECFF0
FEE8D0
FF0210
FF1BA0
FF3580
FF4FC0
FF6A60
FF8560
FFA0A0
FFBC20
FFD7D0
FFF3A0
000FA0
002BC0
004820
0064A0
008150
009E30
00BB40
00D870
00F5E0
011370
013120
014F10
016D20
018B30
01A940
01C750
01E550
020350
022150
023F40
025D40
027B30
029920
02B700
02D4E0
02F2C0
0310A0
032E80
034C50
0369F0
038760
03A4A0
03C1A0
03DE70
03FB10
041780
0433C0
044FC0
046B90
048730
04A2A0
04BDD0
04D8D0
04F3A0
050E40
052880
054260
055BF0
057510
058DE0
05A660
05BE70
05D630
05ED90
060490
061B30
063180
064770
065D00
067240
068710
069B70
06AF60
06C2D0
06D5C0
06E840
06FA50
070BD0
071CE0
072D80
073DA0
074D50
075C70
076B30
077960
078730
079470
07A130
07AD70
07B920
07C450
07CEF0
07D910
07E2A0
07EBB0
07F430
07FC30
0803A0
080A90
081100
0816E0
081C30
082100
082540
082900
082C40
082EF0
083120
0832C0
0833D0
083460
083470
0833F0
0832F0
083160
082F50
082CB0
082990
0825F0
0821D0
081D30
081820
081290
080C90
080610
07FF20
07F7B0
07EFD0
07E770
07DEA0
07D550
07CB90
07C150
07B6A0
07AB70
079FF0
079400
0787C0
077B20
076E30
0760D0
075320
074510
0736B0
0727E0
0718C0
070940
06F970
06E930
06D8A0
06C7B0
06B690
06A530
0693A0
0681D0
066FD0
065D90
064B20
063880
0625A0
061280
05FF30
05EBB0
05D7F0
05C400
05AFE0
059B70
058710
057290
055E00
054960
0534C0
052000
050B40
04F670
04E190
04CCA0
04B7A0
04A2A0
048D80
047850
046320
044DE0
0438B0
0423A0
040EB0
03F9D0
03E510
03D060
03BBD0
03A760
039300
037EC0
036A90
035680
034290
032EB0
031AF0
030750
02F3E0
02E0B0
02CDC0
02BB10
02A890
029660
028460
0272A0
026120
024FD0
023ED0
022E00
021D70
020D20
01FD10
01ED30
01DDB0
01CE80
01BFB0
01B130
01A310
019530
0187C0
017A90
016DC0
016150
015530
014960
013DE0
0132C0
012800
011D80
011370
0109D0
010090
00F7B0
00EF30
00E720
00DF60
00D820
00D130
00CAB0
00C4A0
00BEE0
00B990
00B4A0
00B020
00ABF0
00A840
00A4E0
00A1F0
009F60
009D40
009B80
009A20
009930
0098A0
009880
0098B0
009950
009A60
009BD0
009DA0
009FE0
00A270
00A560
00A8B0
00AC50
00B050
00B4B0
00B970
00BE80
00C3F0
00C9C0
00CFE0
00D660
00DD40
00E470
00EC00
00F3F0
00FC20
0104A0
010D50
011660
011FA0
012930
013300
013D20
014780
015220
015D10
016830
0173B0
017F60
018B60
0197B0
01A420
01B0B0
01BD70
01CA50
01D760
01E4A0
01F200
01FF90
020D40
021B10
022920
023740
0245A0
025420
0262C0
027190
028060
028F40
029E30
02AD10
02BC10
02CB00
02DA00
02E910
02F820
030740
031660
032580
0334B0
0343E0
035320
036270
037190
0380B0
038FA0
039E80
03AD50
03BC00
03CA90
03D910
03E770
03F5B0
0403E0
041200
042000
042DE0
043BB0
044960
0456E0
046420
047130
047E10
048AB0
049720
04A360
04AF60
04BB30
04C6C0
04D220
04DD40
04E840
04F300
04FD80
0507D0
0511D0
051B90
0524F0
052E10
0536E0
053F70
0547A0
054F90
055730
055E80
056580
056C30
0572A0
0578C0
057E90
058410
058940
058E10
059280
0596A0
059A60
059DD0
05A0E0
05A390
05A5F0
05A7F0
05A990
05AAE0
05ABD0
05AC70
05ACB0
05AC90
05AC20
05AB50
05AA20
05A890
05A6A0
05A460
05A1C0
059EC0
059B60
0597B0
059390
058F20
058A60
058530
057FB0
0579C0
057390
056D00
056620
055EF0
055760
054F80
054750
053EC0
0535E0
052CB0
052320
051950
050F20
050490
04F9C0
04EE90
04E310
04D760
04CB60
04BF20
04B290
04A5C0
0498B0
048B60
047DC0
046FF0
0461C0
045360
0444B0
0435C0
042690
041710
040770
03F790
03E790
03D760
03C710
03B680
03A5D0
0394E0
0383D0
037290
036120
034F90
033DC0
032BD0
0319B0
030760
02F500
02E290
02D010
02BD80
02AAD0
029820
028560
027280
025FA0
024CA0
0239A0
022680
021350
020010
01ECC0
01D970
01C610
01B2D0
019FA0
018C70
017950
016640
015340
014040
012D60
011A80
0107B0
00F4F0
00E230
00CF90
00BCF0
00AA60
009800
0085C0
0073B0
0061C0
005000
003E60
002CF0
001BA0
000A80
FFF990
FFE8C0
FFD810
FFC7A0
FFB740
FFA720
FF9710
FF8750
FF77D0
FF6890
FF5990
FF4AD0
FF3C60
FF2E20
FF2020
FF1260
FF04F0
FEF7B0
FEEAC0
FEDE00
FED190
FEC560
FEB960
FEADC0
FEA270
FE9770
FE8CD0
FE8270
FE7870
FE6EC0
FE6550
FE5C40
FE5390
FE4B20
FE4300
FE3B40
FE33D0
FE2CA0
FE25D0
FE1F60
FE1950
FE1390
FE0E30
FE0920
FE0480
FE0030
FDFC40
FDF8A0
FDF570
FDF290
FDF000
FDEDE0
FDEC10
FDEAA0
FDE990
FDE8D0
FDE880
FDE880
FDE8E0
FDE990
FDEAB0
FDEC20
FDEDF0
FDF020
FDF2B0
FDF590
FDF8E0
FDFC80
FE0080
FE04D0
FE0990
FE0EA0
FE1400
FE19B0
FE1FC0
FE2620
FE2CD0
FE33E0
FE3B40
FE42F0
FE4B00
FE5360
FE5C10
FE6510
FE6E70
FE7820
FE8230
FE8C70
FE9710
FEA1E0
FEAD00
FEB860
FEC400
FECFF0
FEDC20
FEE890
FEF550
FF0250
FF0FA0
FF1D20
FF2AF0
FF3910
FF4760
FF55F0
FF64B0
FF7390
FF82B0
FF91F0
FFA160
FFB110
FFC0E0
FFD0E0
FFE110
FFF180
000210
0012D0
0023C0
0034E0
004620
005790
006900
007A90
008C30
009DE0
00AFB0
00C190
00D380
00E590
00F7B0
0109E0
011C30
012E90
014100
015380
016620
0178B0
018B40
019DC0
01B040
01C2B0
01D520
01E790
01F9F0
020C40
021E90
0230D0
024310
025550
026780
0279A0
028BD0
029DC0
02AFA0
02C160
02D2F0
02E460
02F5B0
0306D0
0317E0
0328C0
033980
034A20
035A90
036AF0
037B20
038B30
039B20
03AAD0
03BA40
03C980
03D880
03E740
03F5D0
040420
041230
042000
042DA0
043B00
044820
045500
0461B0
046E20
047A60
048640
0491E0
049D20
04A820
04B2C0
04BD20
04C730
04D0E0
04DA50
04E370
04EC40
04F4C0
04FCF0
0504D0
050C60
0513A0
051A90
052110
052740
052D20
0532A0
0537C0
053C80
0540F0
054500
0548B0
054C10
054F10
0551B0
055400
0555F0
055780
0558C0
055990
055A10
055A30
0559F0
055950
055850
0556F0
055540
055330
0550B0
054DE0
054AB0
054720
054340
053EF0
053A50
053560
053010
052A70
052470
051E20
051770
051070
050920
050170
04F970
04F110
04E860
04DF60
04D600
04CC40
04C240
04B800
04AD70
04A2A0
049780
048C20
048070
047480
046840
045BC0
044EF0
0441E0
043480
0426E0
0418F0
040AC0
03FC60
03EDD0
03DF00
03D010
03C0F0
03B1A0
03A210
039260
038280
037270
036220
0351B0
034110
033030
031F30
030E00
02FCB0
02EB60
02D9F0
02C870
02B6E0
02A540
029380
0281C0
026FE0
025DF0
024BF0
0239E0
0227B0
021580
020330
01F0D0
01DE80
01CC40
01BA10
01A7F0
0195E0
0183D0
0171E0
016000
014E20
013C50
012AA0
0118F0
010750
00F5C0
00E450
00D2E0
00C1A0
00B090
009FB0
008F00
007E80
006E30
005E10
004E20
003E60
002EE0
001F80
001050
000150
FFF290
FFE3F0
FFD580
FFC760
FFB9A0
FFAC20
FF9EF0
FF9200
FF8570
FF7930
FF6D40
FF6190
FF5640
FF4B30
FF4080
FF3610
FF2BF0
FF2220
FF18A0
FF0F80
FF06D0
FEFE80
FEF6A0
FEEF20
FEE810
FEE150
FEDB10
FED520
FECFA0
FECA90
FEC5E0
FEC190
FEBDB0
FEBA30
FEB710
FEB470
FEB240
FEB080
FEAF40
FEAE70
FEAE10
FEAE30
FEAEB0
FEAFB0
FEB130
FEB310
FEB570
FEB840
FEBB90
FEBF40
FEC370
FEC820
FECD40
FED2D0
FED8E0
FEDF70
FEE670
FEEDE0
FEF5D0
FEFE30
FF0710
FF1060
FF1A30
FF2480
FF2F30
FF3A70
FF4610
FF5230
FF5EB0
FF6BB0
FF7910
FF86E0
FF9520
FFA3D0
FFB2E0
FFC270
FFD260
FFE2C0
FFF390
0004D0
001680
0028A0
003B20
004E00
006140
0074C0
0088B0
009CF0
00B180
00C670
00DBB0
00F140
010730
011D80
013420
014B10
016260
017A10
019200
01AA40
01C2A0
01DB40
01F410
020D20
022660
023FD0
025980
027360
028D80
02A7D0
02C250
02DD10
02F800
031320
032E80
0349E0
036560
0380E0
039C70
03B800
03D3B0
03EF60
040B20
0426F0
0442C0
045EB0
047AA0
0496A0
04B2A0
04CEC0
04EAE0
0506E0
0522C0
053E80
055A20
0575A0
059100
05AC40
05C750
05E250
05FD20
0617E0
063270
064CE0
066730
068170
069B80
06B540
06CEB0
06E7D0
0700B0
071930
073170
074960
076100
077850
078F60
07A610
07BC80
07D290
07E860
07FDE0
081310
0827D0
083C10
084FE0
086340
087620
088890
089A80
08AC00
08BD10
08CDB0
08DDD0
08ED70
08FCB0
090B70
0919B0
092790
0934D0
094170
094D90
095910
096410
096E70
097830
098170
098A10
099220
0999A0
09A090
09A6E0
09ACA0
09B1D0
09B670
09BA60
09BDC0
09C070
09C270
09C3E0
09C4A0
09C4C0
09C430
09C300
09C140
09BEC0
09BBB0
09B7F0
09B390
09AE90
09A8E0
09A290
099BA0
099410
098BE0
098300
097980
096F60
096490
095930
094D20
094070
093310
092520
091680
090740
08F760
08E6E0
08D5E0
08C440
08B210
089F50
088C00
087820
0863A0
084E90
0838F0
0822C0
080C00
07F4B0
07DCC0
07C440
07AB40
0791C0
0777C0
075D60
074290
072740
070B90
06EF60
06D2C0
06B5B0
069830
067A40
065BE0
063D00
061DC0
05FE00
05DDD0
05BD60
059CB0
057BB0
055A70
0538F0
051720
04F520
04D2D0
04B030
048D60
046A40
0446E0
042330
03FF50
03DB20
03B6A0
039220
036D90
0348F0
032450
02FF90
02DAC0
02B5F0
029100
026C10
024710
022200
01FCE0
01D7B0
01B280
018D30
0167E0
0142B0
011DB0
00F8E0
00D430
00AFB0
008B60
006730
004330
001F60
FFFBC0
FFD840
FFB4F0
FF91C0
FF6ED0
FF4C00
FF2950
FF0710
FEE530
FEC3B0
FEA290
FE81D0
FE6170
FE4170
FE21E0
FE02A0
FDE3C0
FDC550
FDA730
FD8980
FD6C30
FD4F40
FD32A0
FD16A0
FCFB30
FCE040
FCC5F0
FCAC20
FC92F0
FC7A40
FC6220
FC4A90
FC3390
FC1D20
FC0730
FBF1E0
FBDD10
FBC8E0
FBB530
FBA230
FB8FE0
FB7E40
FB6D40
FB5D00
FB4D60
FB3E70
FB3030
FB2290
FB15B0
FB0970
FAFDE0
FAF300
FAE8C0
FADF40
FAD660
FACE40
FAC6D0
FAC030
FABA30
FAB500
FAB080
FAACB0
FAA9B0
FAA750
FAA5C0
FAA4E0
FAA4C0
FAA550
FAA6A0
FAA8B0
FAAB70
FAAEF0
FAB310
FAB7F0
FABD80
FAC3D0
FACAC0
FAD270
FADAD0
FAE3F0
FAEDB0
FAF830
FB0360
FB0F40
FB1BD0
FB2920
FB3720
FB45B0
FB54F0
FB64B0
FB7520
FB8620
FB97C0
FBA9F0
FBBCC0
FBD030
FBE430
FBF8D0
FC0E10
FC23E0
FC3A50
FC5150
FC6900
FC8110
FC9990
FCB280
FCCBE0
FCE5C0
FD0000
FD1AB0
FD35E0
FD5170
FD6D70
FD89E0
FDA6D0
FDC420
FDE1E0
FE0020
FE1EC0
FE3DA0
FE5CC0
FE7C10
FE9BA0
FEBB60
FEDB60
FEFBA0
FF1C20
FF3CD0
FF5DB0
FF7ED0
FFA030
FFC1D0
FFE3A0
0005A0
0027F0
004A30
006C70
008EB0
00B0E0
00D320
00F550
011790
0139C0
015BF0
017E20
01A040
01C270
01E490
0206B0
0228E0
024AF0
026CD0
028E80
02AFE0
02D100
02F1F0
031290
033300
035320
037310
0392C0
03B230
03D160
03F050
040F00
042D70
044BB0
046970
0486C0
04A390
04C000
04DBF0
04F770
051280
052D20
054740
0560F0
057A30
059300
05AB50
05C330
05DAA0
05F1A0
060800
061DC0
0632F0
064770
065B60
066EC0
068170
069390
06A510
06B5F0
06C640
06D5F0
06E500
06F370
070150
070E80
071B10
0726E0
073200
073C70
074630
074F30
075780
075F20
076610
076C40
0771D0
0776A0
077AB0
077E20
0780D0
0782D0
078410
0784A0
078480
0783A0
078200
077FB0
077CA0
0778E0
077460
076F30
076940
0762A0
075B40
075330
074A60
0740E0
0736B0
072BD0
072050
071430
070760
06F9E0
06EBC0
06DCF0
06CD80
06BD60
06AC90
069B20
068910
067650
0662E0
064ED0
063A30
062510
060F70
05F940
05E280
05CB40
05B380
059B30
058260
056900
054F20
0534B0
0519C0
04FE40
04E240
04C5C0
04A8E0
048BA0
046E10
045020
0431E0
041340
03F450
03D500
03B560
039560
037500
035450
033350
0311F0
02F030
02CE20
02ABF0
028990
026720
024480
0221D0
01FEF0
01DBF0
01B8D0
019590
017230
014EB0
012B10
010750
00E360
00BF60
009B30
007720
005330
002F50
000B80
FFE7E0
FFC440
FFA0C0
FF7D60
FF5A20
FF36E0
FF13D0
FEF0D0
FECDE0
FEAB10
FE8860
FE65C0
FE4370
FE2170
FDFFC0
FDDE60
FDBD50
FD9C90
FD7C10
FD5BF0
FD3C20
FD1C90
FCFD60
FCDE70
FCBFE0
FCA190
FC8390
FC65F0
FC48C0
FC2C00
FC0FD0
FBF410
FBD8D0
FBBE10
FBA3C0
FB8A00
FB70B0
FB57E0
FB3F80
FB27A0
FB1040
FAF960
FAE300
FACD10
FAB7C0
FAA310
FA8F00
FA7B80
FA68A0
FA5660
FA44B0
FA33A0
FA2330
FA1360
FA0420
F9F580
F9E780
F9DA20
F9CD50
F9C130
F9B5A0
F9AAD0
F9A0A0
F99720
F98E40
F98610
F97E90
F977B0
F97180
F96C00
F96720
F962F0
F95F70
F95C90
F95A60
F958E0
F95800
F957D0
F95840
F95960
F95B20
F95D90
F960A0
F96460
F968D0
F96DE0
F973A0
F97A00
F98110
F988C0
F99120
F99A20
F9A3C0
F9ADF0
F9B8C0
F9C420
F9D010
F9DCA0
F9E9C0
F9F780
FA05D0
FA14B0
FA2430
FA3450
FA44F0
FA5640
FA6810
FA7A80
FA8D60
FAA0C0
FAB4A0
FAC8E0
FADDB0
FAF2F0
FB08A0
FB1ED0
FB3570
FB4C90
FB6420
FB7C20
FB94B0
FBADA0
FBC710
FBE100
FBFB30
FC15C0
FC3090
FC4BB0
FC6720
FC82E0
FC9EF0
FCBB40
FCD7F0
FCF4E0
FD1230
FD2FC0
FD4DA0
FD6BD0
FD8A50
FDA920
FDC810
FDE720
FE0640
FE2590
FE4500
FE6490
FE8440
FEA410
FEC400
FEE410
FF0440
FF2490
FF4500
FF6590
FF8640
FFA710
FFC7D0
FFE890
000930
0029D0
004A50
006AD0
008B40
00ABA0
00CC00
00EC40
010C80
012CA0
014CC0
016CD0
018CD0
01ACD0
01CC80
01EC10
020B50
022A70
024940
0267F0
028660
02A490
02C290
02E050
02FDE0
031B30
033850
035530
0371E0
038E60
03AA70
03C640
03E1A0
03FCB0
041760
0431C0
044BC0
046560
047EB0
0497A0
04B030
04C870
04E050
04F7E0
050F10
0525E0
053C40
055230
0567B0
057CB0
059150
05A570
05B920
05CC60
05DF20
05F180
060360
0614D0
0625D0
063650
064670
065610
066530
0673E0
068200
068FA0
069CC0
06A960
06B590
06C130
06CC50
06D6F0
06E110
06EAC0
06F3E0
06FC80
0704A0
070C40
071360
071A00
072010
0725A0
072AC0
072F40
073350
0736D0
0739E0
073C60
073E60
073FD0
0740C0
074140
074130
074090
073F80
073E00
073BF0
073970
073670
073300
072F10
072AA0
0725B0
072040
071A60
071400
070D30
0705D0
06FE00
06F5C0
06ED00
06E3E0
06DA50
06D050
06C5E0
06BB10
06AFD0
06A420
069800
068B70
067E80
067120
066350
065520
064670
063760
0627F0
061830
060820
05F7B0
05E6E0
05D5D0
05C450
05B290
05A070
058DF0
057B20
056800
055480
0540A0
052C80
0517F0
050330
04EE30
04D8F0
04C370
04ADB0
0497C0
048180
046B00
045440
043D50
042610
040EA0
03F6E0
03DEF0
03C6C0
03AE40
0395B0
037CF0
036410
034B10
0331E0
031890
02FF20
02E590
02CBE0
02B200
029800
027DD0
026390
024920
022E90
0213D0
01F910
01DE50
01C370
01A8A0
018DB0
0172C0
0157C0
013CC0
0121B0
010690
00EB70
00D040
00B510
0099D0
007E80
006330
0047E0
002CB0
001190
FFF670
FFDB70
FFC070
FFA580
FF8AB0
FF6FE0
FF5520
FF3A80
FF1FE0
FF0550
FEEAD0
FED060
FEB600
FE9BC0
FE81B0
FE67D0
FE4E00
FE3470
FE1AF0
FE01A0
FDE880
FDCF80
FDB6A0
FD9DF0
FD8560
FD6D00
FD54C0
FD3CA0
FD24B0
FD0D00
FCF590
FCDE50
FCC750
FCB080
FC9A00
FC83B0
FC6DA0
FC57C0
FC4220
FC2CC0
FC17A0
FC02B0
FBEE00
FBD990
FBC560
FBB170
FB9DE0
FB8A90
FB7790
FB64E0
FB5280
FB4070
FB2EB0
FB1D40
FB0C20
FAFB40
FAEAC0
FADA80
FACAA0
FABB00
FAABB0
FA9CC0
FA8E30
FA8000
FA7220
FA64B0
FA5790
FA4AD0
FA3E70
FA3270
FA26D0
FA1B90
FA10A0
FA0610
F9FBF0
F9F220
F9E8A0
F9DFA0
F9D700
F9CED0
F9C700
F9BFB0
F9B8B0
F9B230
F9AC10
F9A660
F9A110
F99C30
F997C0
F993C0
F99020
F98CE0
F98A20
F987C0
F985E0
F98460
F98360
F982C0
F982A0
F982F0
F983B0
F984E0
F98680
F98890
F98B10
F98E00
F99160
F99540
F99980
F99E40
F9A370
F9A910
F9AF20
F9B5B0
F9BCA0
F9C410
F9CC00
F9D450
F9DD20
F9E660
F9F010
F9FA40
FA04D0
FA0FE0
FA1B70
FA2760
FA33C0
FA4090
FA4DD0
FA5B70
FA6990
FA7820
FA8710
FA9680
FAA650
FAB690
FAC740
FAD870
FAEA00
FAFC00
FB0E60
FB2140
FB3470
FB4800
FB5C00
FB7060
FB8530
FB9A50
FBAFE0
FBC5D0
FBDC20
FBF2D0
FC09F0
FC2170
FC3950
FC5190
FC6A40
FC8330
FC9C80
FCB610
FCD000
FCEA30
FD04C0
FD1F90
FD3AC0
FD5630
FD7200
FD8E10
FDAA70
FDC730
FDE430
FE0180
FE1F30
FE3D00
FE5B10
FE7950
FE97D0
FEB680
FED560
FEF470
FF13C0
FF3340
FF52F0
FF72E0
FF9300
FFB350
FFD3D0
FFF490
001580
003680
0057A0
0078C0
009A00
00BB50
00DCB0
00FE30
011FB0
014150
016300
0184C0
01A6A0
01C880
01EA80
020C90
022EB0
0250C0
0272C0
0294A0
02B670
02D830
02F9E0
031B80
033D00
035E70
037FD0
03A120
03C250
03E370
040480
042580
044670
046720
048790
04A7C0
04C7C0
04E780
050710
052660
054570
056440
0582E0
05A140
05BF70
05DD50
05FB00
061880
0635B0
065290
066F00
068B20
06A6D0
06C220
06DD20
06F7B0
0711D0
072BA0
074510
075E20
0776C0
078F10
07A6F0
07BE70
07D5A0
07EC40
080260
081800
082D10
0841B0
0855C0
086960
087C70
088F00
08A110
08B2A0
08C3B0
08D440
08E450
08F3D0
0902E0
091150
091F20
092C50
0938F0
0944F0
095060
095B30
096560
096F00
097800
098060
098830
098F60
099600
099BF0
09A160
09A610
09AA30
09ADA0
09B070
09B2A0
09B430
09B510
09B550
09B4E0
09B3D0
09B220
09AFD0
09ACD0
09A930
09A4F0
09A010
099A80
099450
098D90
098620
097E00
097550
096C00
096200
095770
094C30
094050
0933D0
0926B0
0918F0
090A80
08FB80
08EBE0
08DBC0
08CB00
08B9C0
08A7F0
089580
088290
086F00
085AF0
084650
083120
081B50
080500
07EE20
07D6B0
07BEA0
07A630
078D50
077400
075A40
074000
072560
070A50
06EED0
06D2E0
06B670
0699A0
067C60
065EB0
064080
0621F0
0602F0
05E3A0
05C420
05A450
058430
0563E0
054340
052260
050130
04DFD0
04BE20
049C30
0479F0
045780
0434C0
0411C0
03EE70
03CB20
03A7B0
038430
0360B0
033D10
031960
02F590
02D1C0
02ADE0
0289F0
0265E0
0241C0
021DA0
01F960
01D510
01B0B0
018C70
016860
014470
0120A0
00FCF0
00D970
00B600
0092D0
006FB0
004CC0
0029F0
000740
FFE4B0
FFC250
FFA010
FF7DF0
FF5C30
FF3AC0
FF19A0
FEF8E0
FED880
FEB870
FE98B0
FE7950
FE5A40
FE3B80
FE1D20
FDFF20
FDE170
FDC410
FDA710
FD8A60
FD6E30
FD5290
FD3760
FD1CC0
FD0290
FCE8F0
FCCFD0
FCB720
FC9F00
FC8760
FC7040
FC59A0
FC4390
FC2DF0
FC18D0
FC0440
FBF040
FBDCE0
FBCA30
FBB810
FBA690
FB95B0
FB8570
FB75D0
FB66D0
FB5870
FB4AB0
FB3D90
FB3100
FB2520
FB19E0
FB0F30
FB0540
FAFBF0
FAF350
FAEB50
FAE410
FADD70
FAD780
FAD240
FACDA0
FAC9C0
FAC680
FAC3F0
FAC200
FAC0D0
FAC040
FAC060
FAC130
FAC2A0
FAC4B0
FAC780
FACAE0
FACF00
FAD3C0
FAD920
FADF30
FAE5F0
FAED50
FAF560
FAFE10
FB0770
FB1170
FB1C20
FB2760
FB3340
FB3FA0
FB4CA0
FB5A30
FB6850
FB7710
FB8660
FB9640
FBA6B0
FBB7B0
FBC950
FBDB80
FBEE40
FC01A0
FC1580
FC29E0
FC3EB0
FC53E0
FC6990
FC7FB0
FC9640
FCAD40
FCC4A0
FCDC80
FCF4D0
FD0D90
FD26C0
FD4060
FD5A70
FD74F0
FD8FF0
FDAB20
FDC690
FDE250
FDFE40
FE1A80
FE3700
FE53B0
FE70B0
FE8E00
FEAB80
FEC940
FEE750
FF0590
FF2420
FF42F0
FF61F0
FF8110
FFA040
FFBF70
FFDEC0
FFFE10
001D70
003CE0
005C60
007BF0
009B90
00BB40
00DAF0
00FAC0
011A90
013A70
015A60
017A30
0199D0
01B950
01D8B0
01F7E0
0216F0
0235E0
0254A0
027340
0291C0
02B010
02CE40
02EC50
030A30
0327F0
034590
0362D0
037FD0
039C70
03B8C0
03D4B0
03F060
040BB0
0426B0
044160
045BC0
0475D0
048F80
04A8F0
04C200
04DAC0
04F320
050B20
0522A0
0539A0
055030
056650
057C00
059130
05A5E0
05BA20
05CDF0
05E150
05F430
060690
061880
062A00
063B10
064B80
065B70
066AE0
0679B0
068800
0695C0
06A2F0
06AFA0
06BBC0
06C750
06D250
06DCD0
06E6C0
06F020
06F900
070140
070900
071030
0716C0
071CD0
072240
072720
072B70
072F40
073270
073510
073710
073890
073980
0739E0
0739A0
0738E0
073790
0735B0
073350
073070
072D00
072900
072480
071F80
0719F0
0713D0
070D30
070600
06FE50
06F620
06ED60
06E410
06DA60
06D030
06C590
06BA80
06AF00
06A320
0696C0
0689E0
067CA0
066EF0
0660D0
065240
064330
0633C0
0623D0
061380
0602D0
05F1D0
05E080
05CEF0
05BD00
05AAB0
059820
058540
057210
055E80
054AB0
053680
052200
050D30
04F820
04E2B0
04CD10
04B740
04A150
048B30
0474F0
045E80
0447E0
043110
041A20
040300
03EBB0
03D440
03BCA0
03A4D0
038CD0
0374B0
035C80
034450
032C20
0313E0
02FBA0
02E350
02CB00
02B2B0
029A50
0281F0
026980
025110
0238A0
022020
0207A0
01EF20
01D6B0
01BE60
01A630
018E10
017610
015E30
014670
012EC0
011730
00FFC0
00E870
00D130
00BA10
00A310
008C30
007560
005ED0
004870
003240
001C50
000680
FFF100
FFDBA0
FFC680
FFB190
FF9CD0
FF8850
FF7400
FF5FF0
FF4C00
FF3850
FF24E0
FF11A0
FEFEB0
FEEC00
FED9A0
FEC770
FEB590
FEA400
FE92A0
FE8190
FE70C0
FE6040
FE4FF0
FE3FF0
FE3040
FE20C0
FE1190
FE02A0
FDF400
FDE5A0
FDD790
FDC9D0
FDBC50
FDAF10
FDA220
FD9580
FD8920
FD7D00
FD7130
FD65B0
FD5A70
FD4F70
FD44D0
FD3A60
FD3030
FD2650
FD1CB0
FD1340
FD0A20
FD0140
FCF8B0
FCF050
FCE840
FCE060
FCD8D0
FCD180
FCCA70
FCC3B0
FCBD20
FCB6D0
FCB0B0
FCAAC0
FCA510
FC9F90
FC9A40
FC9530
FC9050
FC8BA0
FC8720
FC82E0
FC7ED0
FC7AF0
FC7750
FC73E0
FC70A0
FC6D80
FC6A90
FC67B0
FC6500
FC6270
FC6000
FC5DA0
FC5B70
FC5960
FC5780
FC55B0
FC5400
FC5280
FC5110
FC4FD0
FC4EA0
FC4D90
FC4C80
FC4B90
FC4AA0
FC49C0
FC48F0
FC4830
FC4770
FC46D0
FC4640
FC45B0
FC4530
FC44C0
FC4460
FC4410
FC43D0
FC4380
FC4340
FC42F0
FC4290
FC4240
FC41E0
FC4180
FC4120
FC40C0
FC4050
FC3FE0
FC3F70
FC3F00
FC3E80
FC3E00
FC3D80
FC3CF0
FC3C50
FC3BA0
FC3AE0
FC3A20
FC3940
FC3850
FC3760
FC3660
FC3540
FC3420
FC32F0
FC31B0
FC3060
FC2F00
FC2DA0
FC2C20
FC2A80
FC28E0
FC2720
FC2550
FC2370
FC2170
FC1F70
FC1D50
FC1B10
FC18D0
FC1670
FC1400
FC1180
FC0EE0
FC0C40
FC0980
FC06B0
FC03E0
FC00F0
FBFE00
FBFAF0
FBF7E0
FBF4C0
FBF190
FBEE40
FBEAF0
FBE790
FBE420
FBE0A0
FBDD10
FBD980
FBD5D0
FBD230
FBCE80
FBCAD0
FBC720
FBC360
FBBFA0
FBBBE0
FBB810
FBB440
FBB070
FBAC90
FBA8B0
FBA4D0
FBA0E0
FB9D00
FB9910
FB9540
FB9170
FB8DB0
FB8A00
FB8660
FB82C0
FB7F30
FB7BB0
FB7830
FB74C0
FB7160
FB6E10
FB6AC0
FB6790
FB6450
FB6140
FB5E50
FB5B70
FB58C0
FB5620
FB53A0
FB5140
FB4F00
FB4CD0
FB4AD0
FB48E0
FB4710
FB4560
FB43D0
FB4260
FB4110
FB3FE0
FB3EF0
FB3E30
FB3D90
FB3D30
FB3CF0
FB3CF0
FB3D10
FB3D70
FB3DF0
FB3EA0
FB3F90
FB40A0
FB41E0
FB4350
FB4500
FB46E0
FB48F0
FB4B50
FB4DE0
FB50B0
FB53B0
FB5700
FB5A80
FB5E40
FB6240
FB6670
FB6AE0
FB6F90
FB7480
FB79A0
FB7F10
FB84B0
FB8A90
FB90C0
FB9720
FB9DD0
FBA4C0
FBABE0
FBB350
FBBB00
FBC2F0
FBCB30
FBD3A0
FBDC50
FBE550
FBEE80
FBF800
FC01B0
FC0BB0
FC15E0
FC2050
FC2B00
FC35F0
FC4120
FC4C80
FC5830
FC6410
FC7040
FC7CA0
FC8940
FC9620
FCA340
FCB090
FCBE20
FCCBE0
FCD9D0
FCE7F0
FCF640
FD04C0
FD1370
FD2260
FD3170
FD40C0
FD5030
FD5FE0
FD6FB0
FD7FC0
FD9000
FDA070
FDB100
FDC1A0
FDD260
FDE340
FDF440
FE0560
FE1690
FE27E0
FE3950
FE4AD0
FE5C80
FE6E40
FE8010
FE9210
FEA420
FEB660
FEC890
FEDAC0
FEECF0
FEFF30
FF1160
FF23A0
FF35D0
FF4810
FF5A50
FF6C80
FF7EC0
FF9100
FFA340
FFB580
FFC7C0
FFDA10
FFEC30
FFFE40
001020
0021F0
0033B0
004540
0056C0
006820
007960
008A80
009B80
00AC70
00BD40
00CDF0
00DE80
00EF00
00FF40
010F40
011F10
012EA0
013DF0
014D10
015BF0
016A90
017900
018740
019530
01A2F0
01B080
01BDD0
01CAE0
01D7B0
01E440
01F070
01FC50
0207F0
021330
021E20
0228B0
023300
023D00
0246B0
025000
025900
0261C0
026A20
027230
0279F0
028150
028850
028EE0
029520
029B00
02A070
02A580
02AA40
02AE90
02B280
02B610
02B940
02BC00
02BE70
02C080
02C220
02C360
02C440
02C4B0
02C4C0
02C460
02C3A0
02C270
02C0E0
02BEF0
02BC90
02B9D0
02B6A0
02B310
02AF10
02AAB0
02A5E0
02A0C0
029B30
029540
028EF0
028830
028120
0279B0
0271D0
026990
026100
025800
024E90
0244D0
023AB0
023020
022540
021A00
020E70
020290
01F660
01E9E0
01DD10
01CFF0
01C280
01B4C0
01A6A0
019840
018980
017A80
016B20
015B70
014B80
013B40
012AD0
011A30
010950
00F840
00E6F0
00D560
00C3A0
00B1B0
009F80
008D10
007A70
0067A0
005490
004140
002DC0
001A20
000670
FFF2A0
FFDEB0
FFCAB0
FFB690
FFA260
FF8E10
FF79A0
FF6520
FF5080
FF3BD0
FF2700
FF1210
FEFD00
FEE7F0
FED2D0
FEBDC0
FEA8B0
FE93B0
FE7EB0
FE69B0
FE54C0
FE3FD0
FE2AE0
FE1600
FE0120
FDEC50
FDD780
FDC2B0
FDADF0
FD9930
FD8490
FD7020
FD5BD0
FD47A0
FD33A0
FD1FC0
FD0C00
FCF860
FCE4F0
FCD1A0
FCBE70
FCAB60
FC9880
FC85C0
FC7330
FC60B0
FC4E80
FC3C80
FC2AC0
FC1940
FC07F0
FBF6E0
FBE610
FBD580
FBC530
FBB510
FBA530
FB9590
FB8620
FB7700
FB6810
FB5960
FB4B00
FB3CE0
FB2F10
FB2190
FB1460
FB0770
FAFAD0
FAEE80
FAE270
FAD6C0
FACB40
FAC020
FAB550
FAAAC0
FAA080
FA9680
FA8CE0
FA8390
FA7A80
FA71D0
FA6960
FA6150
FA5990
FA5210
FA4AF0
FA4410
FA3D90
FA3760
FA3170
FA2BE0
FA2690
FA21A0
FA1CF0
FA1890
FA1470
FA10B0
FA0D20
FA09F0
FA0700
FA0460
FA0200
F9FFF0
F9FE30
F9FCB0
F9FB80
F9FAA0
F9FA00
F9F9B0
F9F9A0
F9F9C0
F9FA20
F9FAC0
F9FB90
F9FCA0
F9FDF0
F9FF70
FA0140
FA0340
FA0570
FA07E0
FA0A90
FA0D80
FA10A0
FA1410
FA1790
FA1B40
FA1F10
FA2300
FA2720
FA2B60
FA2FC0
FA3450
FA3900
FA3DD0
FA42D0
FA47F0
FA4D30
FA5290
FA5820
FA5DE0
FA63A0
FA6960
FA6F40
FA7520
FA7B10
FA8110
FA8720
FA8D30
FA9360
FA9990
FA9FC0
FAA610
FAAC60
FAB2C0
FAB930
FABFB0
FAC620
FACC80
FAD2D0
FAD920
FADF50
FAE580
FAEBB0
FAF1C0
FAF7D0
FAFDD0
FB03C0
FB09A0
FB0F80
FB1540
FB1B00
FB20C0
FB2650
FB2BC0
FB3120
FB3650
FB3B70
FB4060
FB4540
FB49F0
FB4E90
FB5310
FB5770
FB5BB0
FB5FC0
FB63C0
FB67A0
FB6B70
FB6F00
FB7260
FB75A0
FB78B0
FB7BA0
FB7E50
FB80E0
FB8340
FB8570
FB8780
FB8960
FB8B10
FB8C90
FB8DF0
FB8F10
FB9020
FB90F0
FB9190
FB9210
FB9250
FB9270
FB9270
FB9230
FB91C0
FB9130
FB9070
FB8F80
FB8E60
FB8D10
FB8B90
FB89F0
FB8820
FB8620
FB8400
FB81C0
FB7F50
FB7CC0
FB7A10
FB7730
FB7430
FB7110
FB6DC0
FB6A40
FB66B0
FB62F0
FB5F00
FB5B00
FB56C0
FB5280
FB4E30
FB49C0
FB4540
FB40B0
FB3C00
FB3740
FB3280
FB2D90
FB28A0
FB23A0
FB1E80
FB1950
FB1410
FB0EB0
FB0950
FB03E0
FAFE80
FAF920
FAF3D0
FAEE70
FAE920
FAE3E0
FADE90
FAD950
FAD410
FACED0
FAC9A0
FAC460
FABF30
FABA10
FAB4E0
FAAFE0
FAAAF0
FAA630
FAA190
FA9D10
FA98A0
FA9460
FA9040
FA8C40
FA8860
FA84A0
FA80F0
FA7D70
FA7A10
FA76D0
FA73C0
FA70D0
FA6E30
FA6BC0
FA6990
FA67A0
FA65E0
FA6470
FA6320
FA6220
FA6160
FA60D0
FA6080
FA6060
FA6090
FA60F0
FA6180
FA6270
FA63B0
FA6550
FA6730
FA6970
FA6BF0
FA6ED0
FA7200
FA7590
FA7960
FA7D80
FA8200
FA86D0
FA8BF0
FA9160
FA9720
FA9D40
FAA3D0
FAAAB0
FAB1F0
FAB990
FAC1A0
FACA00
FAD2C0
FADBF0
FAE570
FAEF50
FAF9A0
FB0440
FB0F40
FB1AB0
FB2670
FB32A0
FB3F20
FB4C10
FB5960
FB6720
FB7530
FB83A0
FB9280
FBA1C0
FBB160
FBC160
FBD1C0
FBE290
FBF3C0
FC0540
FC1730
FC2980
FC3C20
FC4F20
FC6270
FC7620
FC8A20
FC9E80
FCB340
FCC850
FCDDB0
FCF380
FD0990
FD2010
FD36E0
FD4E00
FD6580
FD7D40
FD9540
FDAD90
FDC620
FDDEE0
FDF7F0
FE1140
FE2AD0
FE44B0
FE5EC0
FE7920
FE93C0
FEAEA0
FEC9C0
FEE520
FF00D0
FF1C90
FF3880
FF5490
FF70C0
FF8D10
FFA990
FFC620
FFE2E0
FFFFC0
001CC0
0039E0
005720
007490
009220
00AFD0
00CDA0
00EB60
010920
0126E0
0144A0
016250
018000
019DB0
01BB50
01D8F0
01F690
021420
0231B0
024F40
026CC0
028A40
02A7C0
02C510
02E220
02FF10
031BD0
033860
0354D0
037100
038D00
03A8E0
03C480
03E000
03FB50
041670
043160
044C20
0466B0
0480F0
049AD0
04B470
04CDA0
04E690
04FF20
051750
052F40
0546D0
055E00
0574E0
058B70
05A1B0
05B790
05CD20
05E250
05F710
060B60
061F40
0632A0
064590
065800
066A10
067B90
068CB0
069D50
06AD80
06BD40
06CC80
06DB60
06E9B0
06F7A0
070500
0711D0
071E10
0729E0
073510
073FC0
0749E0
075380
075C90
076510
076D10
077490
077B70
0781E0
0787B0
078D00
0791C0
0795F0
079990
079CA0
079F20
07A120
07A280
07A350
07A3A0
07A350
07A280
07A110
079F20
079C90
079980
0795E0
0791B0
078D00
0787D0
078210
077BD0
077500
076DB0
0765E0
075D80
075490
074B30
074140
0736C0
072BD0
072040
071440
0707C0
06FAE0
06ED80
06DFC0
06D190
06C2F0
06B3E0
06A460
069470
068420
067350
066220
065070
063E60
062BE0
0618E0
0605B0
05F220
05DE50
05CA30
05B5C0
05A110
058C10
0576C0
056130
054B50
053520
051EA0
0507E0
04F0D0
04D980
04C1D0
04AA10
049230
047A30
046200
0449C0
043160
0418E0
040040
03E780
03CEA0
03B5A0
039C80
038340
0369E0
035060
0336C0
031D30
0303B0
02EA40
02D0E0
02B780
029E40
028510
026BE0
0252C0
0239C0
0220C0
0207D0
01EEF0
01D620
01BD60
01A4A0
018C30
0173F0
015BF0
014420
012C90
011540
00FE30
00E750
00D0B0
00BA40
00A410
008E20
007870
0062F0
004DB0
0038A0
002400
000FB0
FFFBD0
FFE840
FFD510
FFC240
FFAFD0
FF9DC0
FF8C10
FF7AC0
FF69D0
FF5930
FF4900
FF3920
FF29B0
FF1A90
FF0BF0
FEFDC0
FEF010
FEE2D0
FED610
FEC9C0
FEBDF0
FEB290
FEA7B0
FE9D40
FE9350
FE89D0
FE80C0
FE7830
FE7020
FE6880
FE6160
FE5AC0
FE54A0
FE4F10
FE49F0
FE4560
FE4140
FE3DB0
FE3AA0
FE3800
FE35F0
FE3460
FE3350
FE32C0
FE32B0
FE3330
FE3420
FE3580
FE3770
FE39D0
FE3CB0
FE4010
FE43E0
FE4840
FE4D10
FE5260
FE5820
FE5E60
FE6520
FE6C60
FE7420
FE7C50
FE84F0
FE8DF0
FE9760
FEA130
FEAB70
FEB610
FEC120
FECC90
FED870
FEE4B0
FEF160
FEFE70
FF0BF0
FF19D0
FF2810
FF36D0
FF45C0
FF5500
FF6490
FF7460
FF8470
FF94D0
FFA580
FFB670
FFC7A0
FFD920
FFEAE0
FFFCF0
000F50
0021E0
0034D0
0047F0
005B40
006EB0
008240
0095E0
00A9B0
00BDA0
00D1B0
00E5E0
00FA20
010E90
012320
0137D0
014C90
016180
017690
018BC0
01A0E0
01B600
01CB00
01E010
01F500
0209F0
021EE0
0233B0
024880
025D50
027200
0286B0
029B60
02B000
02C490
02D910
02ED70
030190
031590
032950
033CE0
035050
036380
037680
038950
039BF0
03AE60
03C0B0
03D2C0
03E4A0
03F650
0407C0
0418F0
0429D0
043A60
044AA0
045A80
046A20
047970
048860
049700
04A560
04B360
04C110
04CE80
04DB90
04E850
04F4C0
0500D0
050C70
0517C0
0522A0
052D20
053730
0540F0
054A40
055330
055BC0
0563E0
056BA0
057300
057A00
058090
0586D0
058C90
0591F0
0596F0
059B80
059FA0
05A360
05A6B0
05A9A0
05AC20
05AE40
05AFF0
05B130
05B210
05B280
05B290
05B230
05B170
05B060
05AEE0
05AD10
05AAD0
05A840
05A550
05A200
059E50
059A40
0595D0
059100
058BE0
058650
058070
057A20
0573A0
056CC0
0565B0
055E40
0556A0
054EA0
054670
053DF0
053520
052C10
0522B0
051910
050F30
050500
04FA80
04EFD0
04E4E0
04D9E0
04CEA0
04C350
04B7D0
04AC30
04A060
049470
048860
047C20
046FC0
046340
045690
0449C0
043CC0
042FA0
042280
041560
040840
03FB30
03EE10
03E100
03D3E0
03C6D0
03B9C0
03ACA0
039F90
039280
038570
037860
036B50
035E50
035160
0344B0
033820
032BB0
031F70
031360
030770
02FBB0
02F010
02E4A0
02D960
02CE40
02C340
02B870
02ADD0
02A350
029920
028F40
0285A0
027C50
027350
026AA0
026230
025A10
025240
024AB0
024380
023C80
0235E0
022F90
022980
0223B0
021E50
021960
0214C0
021090
020CC0
020950
020640
0203A0
020150
01FF70
01FE00
01FCE0
01FC30
01FBD0
01FBE0
01FC60
01FD40
01FE90
020050
020280
020510
020820
020BA0
020F80
0213E0
0218A0
021DD0
022370
022980
023000
0236F0
023E50
024610
024E40
0256D0
025FD0
026940
027310
027D40
0287E0
0292F0
029E60
02AA30
02B680
02C320
02D040
02DDB0
02EBA0
02F9D0
030860
031740
032680
033600
0345F0
035620
0366A0
037780
0388B0
039A40
03AC20
03BE50
03D0D0
03E3B0
03F6D0
040A30
041DC0
043190
044580
0459A0
046DF0
048280
049740
04AC20
04C140
04D690
04EC10
0501C0
0517A0
052DB0
0543F0
055A40
057090
0586E0
059D40
05B3A0
05CA10
05E070
05F6F0
060D60
0623E0
063A70
0650F0
066790
067E20
0694C0
06AB60
06C1E0
06D830
06EE50
070440
071A10
072FB0
074520
075A70
076F90
078480
079950
07ADF0
07C260
07D6B0
07EAC0
07FEC0
081250
082590
083870
084B00
085D30
086F10
088090
0891B0
08A280
08B2F0
08C300
08D2C0
08E230
08F140
08FFF0
090E40
091C20
092970
093640
094290
094E60
0959B0
096480
096ED0
097890
0981E0
098AA0
0992F0
099AB0
09A1F0
09A8B0
09AEE0
09B480
09B990
09BDF0
09C1C0
09C4F0
09C780
09C980
09CAD0
09CB90
09CBB0
09CB40
09CA20
09C870
09C620
09C330
09BFB0
09BB80
09B6A0
09B130
09AB00
09A440
099CD0
0994B0
098BF0
098290
097880
096DC0
096270
095660
0949C0
093C70
092E70
091FE0
0910A0
0900D0
08F050
08DF40
08CD80
08BB30
08A840
0894A0
088070
086BA0
085620
084010
082950
081200
07FA10
07E190
07C890
07AF00
0794F0
077A60
075F40
0743A0
072770
070AC0
06ED90
06CFD0
06B180
0692B0
067360
065390
063320
061270
05F150
05CFD0
05ADF0
058BC0
056930
054630
0522E0
04FF30
04DB30
04B6C0
0491F0
046CD0
044740
042160
03FB20
03D4B0
03AE20
038760
036070
033960
031220
02EAB0
02C320
029B60
027380
024B70
022330
01FAC0
01D230
01A980
018090
0157C0
012EF0
010640
00DD90
00B500
008C70
0063F0
003B80
001320
FFEAD0
FFC290
FF9A50
FF7230
FF4A20
FF2210
FEFA20
FED270
FEAB00
FE83E0
FE5D00
FE3670
FE1020
FDEA10
FDC450
FD9EE0
FD79B0
FD54C0
FD3020
FD0BC0
FCE7B0
FCC3E0
FCA060
FC7D50
FC5AC0
FC38A0
FC16F0
FBF5D0
FBD510
FBB4E0
FB9510
FB75D0
FB56F0
FB38A0
FB1AC0
FAFD50
FAE060
FAC3E0
FAA7E0
FA8C80
FA71B0
FA5780
FA3E00
FA2510
FA0CB0
F9F500
F9DDE0
F9C770
F9B190
F99C50
F987A0
F973A0
F96030
F94D60
F93B30
F929C0
F918F0
F908D0
F8F960
F8EAB0
F8DCA0
F8CF50
F8C2B0
F8B6C0
F8AB80
F8A0F0
F89710
F88DE0
F88560
F87DA0
F87680
F87020
F86A70
F86570
F86130
F85D90
F85AB0
F85880
F85700
F85640
F85630
F856D0
F85820
F85A20
F85CE0
F86050
F86470
F86930
F86EA0
F874A0
F87B50
F882A0
F88A90
F89330
F89C60
F8A640
F8B0C0
F8BBE0
F8C7A0
F8D400
F8E110
F8EEC0
F8FD00
F90BD0
F91B30
F92B00
F93B50
F94C30
F95D90
F96F60
F981C0
F994A0
F9A810
F9BBF0
F9D060
F9E540
F9FAB0
FA10A0
FA2710
FA3DD0
FA54F0
FA6C60
FA8420
FA9C40
FAB4B0
FACD70
FAE680
FAFFF0
FB19B0
FB33C0
FB4E30
FB68F0
FB8400
FB9F60
FBBB20
FBD700
FBF300
FC0F20
FC2B60
FC47C0
FC6440
FC80E0
FC9DA0
FCBA90
FCD790
FCF4C0
FD1200
FD2F70
FD4CF0
FD6AA0
FD8870
FDA620
FDC3D0
FDE150
FDFED0
FE1C30
FE3980
FE56C0
FE73E0
FE90F0
FEADF0
FECAD0
FEE7B0
FF0460
FF2110
FF3DA0
FF5A20
FF7650
FF9250
FFADF0
FFC960
FFE480
FFFF60
0019F0
003440
004E50
006810
008190
009AC0
00B3C0
00CC60
00E4D0
00FCF0
0114A0
012BF0
0142D0
015930
016F30
0184D0
0199F0
01AEB0
01C2F0
01D6D0
01EA50
01FD50
020FE0
022210
0233D0
024520
0255F0
026630
0275F0
028520
0293D0
02A200
02AFA0
02BCB0
02C950
02D560
02E0E0
02EBE0
02F660
030050
0309C0
0312A0
031AF0
0322C0
0329F0
033090
0336A0
033C20
034110
034570
034930
034C70
034F20
035130
0352C0
0353B0
035410
0353F0
035330
0351F0
035020
034DD0
034AF0
034780
034380
033F00
0339F0
033450
032E30
032780
032040
031880
031020
030750
02FDF0
02F430
02E9E0
02DF30
02D3F0
02C850
02BC30
02AF90
02A280
0294F0
0286F0
027880
026990
025A30
024A50
0239F0
022940
021840
0206E0
01F530
01E310
01D0B0
01BDF0
01AAD0
019760
018390
016F70
015AF0
014620
0130F0
011B70
010590
00EF80
00D940
00C2D0
00AC20
009540
007E40
006700
004F90
0037E0
002010
000800
FFEFD0
FFD760
FFBEC0
FFA5F0
FF8CE0
FF73D0
FF5AC0
FF41A0
FF2870
FF0F30
FEF5F0
FEDCB0
FEC350
FEA9F0
FE9090
FE7720
FE5DA0
FE4410
FE2A80
FE10F0
FDF740
FDDDC0
FDC450
FDAB00
FD91D0
FD78B0
FD5FB0
FD46D0
FD2E10
FD1570
FCFCE0
FCE470
FCCC20
FCB3F0
FC9BD0
FC83D0
FC6BF0
FC5450
FC3CE0
FC25B0
FC0EC0
FBF810
FBE1A0
FBCB60
FBB560
FB9FA0
FB8A20
FB74D0
FB5FC0
FB4AF0
FB3660
FB2210
FB0DF0
FAFA30
FAE6C0
FAD3A0
FAC0D0
FAAE60
FA9C40
FA8A70
FA78F0
FA67D0
FA56F0
FA4680
FA3650
FA2670
FA16F0
FA07C0
F9F8F0
F9EA70
F9DC60
F9CEA0
F9C150
F9B460
F9A7C0
F99B90
F98FC0
F98460
F97950
F96EA0
F96450
F95A70
F950E0
F947C0
F93F00
F936A0
F92EA0
F92710
F91FD0
F91900
F912A0
F90C90
F906F0
F901B0
F8FCE0
F8F860
F8F450
F8F0A0
F8ED50
F8EA70
F8E7F0
F8E5D0
F8E400
F8E2A0
F8E1A0
F8E0F0
F8E0A0
F8E0C0
F8E130
F8E200
F8E330
F8E4C0
F8E6B0
F8E8F0
F8EBA0
F8EEB0
F8F210
F8F5D0
F8F9D0
F8FE30
F902E0
F907D0
F90D20
F912C0
F918B0
F91EF0
F92580
F92C60
F93390
F93B10
F942E0
F94B00
F95370
F95C20
F96510
F96E50
F977C0
F98170
F98B60
F99590
F9A010
F9AAC0
F9B5B0
F9C0E0
F9CC50
F9D810
F9E400
F9F030
F9FCA0
FA0940
FA1610
FA2300
FA3030
FA3D80
FA4B00
FA58B0
FA6680
FA7480
FA82C0
FA9110
FA9FA0
FAAE60
FABD40
FACC50
FADB90
FAEAF0
FAFA60
FB09F0
FB19A0
FB2970
FB3950
FB4950
FB5970
FB69B0
FB7A00
FB8A80
FB9B10
FBABB0
FBBC80
FBCD60
FBDE60
FBEF70
FC0080
FC11B0
FC22E0
FC3420
FC4570
FC56D0
FC6840
FC79B0
FC8B30
FC9CC0
FCAE60
FCC010
FCD1C0
FCE380
FCF560
FD0730
FD1900
FD2AE0
FD3CC0
FD4EA0
FD6090
FD7280
FD8460
FD9660
FDA850
FDBA40
FDCC40
FDDE40
FDF040
FE0250
FE1450
FE2660
FE3860
FE4A60
FE5C60
FE6E60
FE8060
FE9250
FEA440
FEB630
FEC820
FEDA10
FEEC00
FEFDE0
FF0FC0
FF21B0
FF3380
FF4560
FF5730
FF6900
FF7AD0
FF8C90
FF9E50
FFB010
FFC1C0
FFD370
FFE520
FFF6C0
000860
0019F0
002B90
003D20
004EA0
006030
0071A0
008320
009490
00A600
00B770
00C8D0
00DA20
00EB80
00FCD0
010E10
011F60
0130A0
0141D0
015310
016430
017560
018680
0197A0
01A8B0
01B9C0
01CAD0
01DBD0
01ECD0
01FDC0
020EB0
021FA0
023080
024160
025240
026310
0273E0
0284A0
029560
02A610
02B6C0
02C770
02D800
02E8A0
02F930
0309B0
031A30
032AA0
033B10
034B70
035BD0
036C30
037C70
038CC0
039CF0
03AD10
03BD30
03CD40
03DD40
03ED30
03FD10
040CF0
041CC0
042C70
043C30
044BD0
045B60
046AF0
047A70
0489E0
049930
04A870
04B7A0
04C6C0
04D5C0
04E4B0
04F390
050260
051110
051FC0
052E50
053CC0
054B30
055980
0567C0
0575E0
0583E0
0591C0
059F80
05AD20
05BAB0
05C810
05D550
05E270
05EF80
05FC60
060920
0615D0
062250
062EC0
063B00
064720
065310
065ED0
066A70
0675E0
068120
068C40
069720
06A1E0
06AC80
06B6E0
06C120
06CB30
06D510
06DED0
06E860
06F1B0
06FAD0
0703B0
070C60
0714D0
071D00
072500
072CC0
073450
073B90
0742B0
074990
075030
075690
075CC0
0762C0
076870
076DE0
077300
0777F0
077C90
0780F0
078500
0788E0
078C70
078FC0
0792D0
079590
079810
079A50
079C50
079E00
079F70
07A090
07A160
07A1F0
07A220
07A220
07A1C0
07A110
07A020
079EE0
079D60
079B80
079960
079700
079440
079140
078DF0
078A50
078660
078230
077DB0
0778E0
0773C0
076E60
0768B0
0762B0
075C60
0755D0
074EE0
0747B0
074030
073870
073060
072800
071F60
071680
070D50
0703E0
06FA30
06F030
06E5E0
06DB50
06D080
06C570
06BA10
06AE60
06A270
069640
0689D0
067D30
067050
066330
0655E0
064850
063A90
062C90
061E60
060FF0
060150
05F270
05E350
05D400
05C470
05B4B0
05A4C0
0594B0
058480
057430
0563B0
055310
054240
053150
052040
050F10
04FDB0
04EC30
04DA80
04C8B0
04B6C0
04A4B0
049290
048060
046E20
045BE0
044990
043730
0424C0
041250
03FFD0
03ED40
03DAA0
03C800
03B550
03A290
038FD0
037CF0
036A30
035780
0344D0
033240
031FC0
030D40
02FAE0
02E880
02D640
02C400
02B1D0
029FC0
028DB0
027BB0
0269C0
0257F0
024630
0234B0
022350
021210
020110
01F030
01DF70
01CEE0
01BE80
01AE40
019E30
018E50
017E90
016F00
015F90
015050
014150
013290
012410
0115D0
0107D0
00FA10
00EC90
00DF40
00D240
00C580
00B900
00ACC0
00A0C0
0094F0
008970
007E30
007340
006890
005E40
005430
004A80
004110
0037F0
002F20
0026B0
001E80
0016A0
000F10
0007D0
0000D0
FFFA30
FFF3E0
FFEDE0
FFE830
FFE2E0
FFDDD0
FFD920
FFD4D0
FFD0D0
FFCD10
FFC9C0
FFC6B0
FFC400
FFC1A0
FFBF90
FFBDE0
FFBC80
FFBB70
FFBAB0
FFBA40
FFBA30
FFBA60
FFBAE0
FFBBB0
FFBCD0
FFBE40
FFC000
FFC210
FFC470
FFC720
FFCA20
FFCD70
FFD110
FFD4F0
FFD920
FFDD90
FFE240
FFE730
FFEC70
FFF1E0
FFF790
FFFD80
0003C0
000A30
0010F0
0017E0
001F20
002690
002E50
003650
003E70
0046C0
004F40
0057E0
0060A0
0069A0
0072C0
007C00
008570
008F10
0098D0
00A2C0
00ACD0
00B710
00C170
00CC10
00D6A0
00E150
00EC00
00F6C0
010190
010C70
011750
012240
012D30
013840
014350
014E70
015990
0164D0
017010
017B50
018690
0191B0
019CC0
01A7C0
01B2A0
01BD80
01C840
01D2F0
01DD80
01E810
01F280
01FCD0
020720
021150
021B80
022580
022F60
023910
024280
024BD0
0254E0
025DC0
026680
026F00
027740
027F60
028750
028F00
029690
029DE0
02A500
02AC00
02B2A0
02B900
02BF10
02C4E0
02CA50
02CF90
02D470
02D910
02DD70
02E170
02E530
02E8A0
02EBD0
02EEB0
02F150
02F390
02F580
02F720
02F860
02F940
02F9D0
02FA00
02F9D0
02F950
02F870
02F730
02F5A0
02F3B0
02F170
02EEC0
02EBD0
02E870
02E4C0
02E0B0
02DC40
02D770
02D240
02CCB0
02C6D0
02C080
02B9E0
02B2D0
02AB70
02A3B0
029B90
029310
028A30
0280F0
027760
026D70
026340
0258A0
024DC0
024280
0236E0
022AF0
021EB0
021210
020520
01F7E0
01EA40
01DC50
01CE00
01BF70
01B080
01A160
0191F0
018250
017260
016220
0151B0
0140F0
012FF0
011EB0
010D30
00FB70
00E960
00D710
00C480
00B1A0
009EB0
008B80
007840
0064D0
005140
003D80
0029A0
001590
000160
FFED10
FFD890
FFC3F0
FFAF30
FF9A40
FF8530
FF6FF0
FF5AB0
FF4570
FF3030
FF1AF0
FF05A0
FEF050
FEDB00
FEC5A0
FEB050
FE9AF0
FE8590
FE7030
FE5AD0
FE4560
FE2FF0
FE1A80
FE0530
FDF000
FDDB00
FDC620
FDB160
FD9CC0
FD8840
FD73E0
FD5FB0
FD4BA0
FD37B0
FD23E0
FD1040
FCFCB0
FCE950
FCD610
FCC310
FCB060
FC9DF0
FC8BD0
FC79F0
FC6850
FC56F0
FC45E0
FC3520
FC2490
FC1450
FC0460
FBF4A0
FBE540
FBD610
FBC730
FBB8B0
FBAA90
FB9CE0
FB8F90
FB82A0
FB7610
FB69F0
FB5E30
FB52D0
FB47D0
FB3D40
FB3310
FB2940
FB1FD0
FB16D0
FB0E20
FB0600
FAFE40
FAF710
FAF040
FAEA00
FAE420
FADEC0
FAD9E0
FAD570
FAD180
FACE00
FACAF0
FAC860
FAC640
FAC4A0
FAC380
FAC2D0
FAC2A0
FAC300
FAC3D0
FAC530
FAC700
FAC950
FACC30
FACF80
FAD350
FAD7B0
FADC80
FAE1E0
FAE7B0
FAEE00
FAF4E0
FAFC30
FB0400
FB0C40
FB1500
FB1E40
FB27F0
FB3230
FB3CE0
FB4800
FB53A0
FB5FC0
FB6C60
FB7970
FB8710
FB9510
FBA3A0
FBB290
FBC1F0
FBD1B0
FBE1E0
FBF280
FC0380
FC14F0
FC26D0
FC3910
FC4BC0
FC5ED0
FC7260
FC8640
FC9AA0
FCAF60
FCC490
FCDA10
FCEFD0
FD05F0
FD1C60
FD3310
FD4A10
FD6170
FD7910
FD9100
FDA950
FDC1E0
FDDAC0
FDF3F0
FE0D70
FE2740
FE4150
FE5BA0
FE7610
FE90C0
FEAB90
FEC690
FEE1B0
FEFD10
FF1890
FF3440
FF5020
FF6C20
FF8860
FFA4C0
FFC150
FFDE10
FFFB00
0017F0
0034E0
0051E0
006EF0
008C00
00A910
00C620
00E350
010070
011DA0
013AD0
015810
017550
0192A0
01AFF0
01CD40
01EA80
020790
022490
024170
025E30
027AD0
029750
02B3C0
02D000
02EC20
030830
032420
033FF0
035B90
037720
0392A0
03ADD0
03C8C0
03E370
03FDF0
041820
043210
044BD0
046540
047E80
049780
04B030
04C8B0
04E0F0
04F8F0
0510B0
052820
053F50
055620
056C90
0582B0
059870
05ADE0
05C2F0
05D7B0
05EC10
060020
0613D0
062720
063A20
064CD0
065F20
067110
0682A0
0693D0
06A490
06B4E0
06C4D0
06D460
06E380
06F230
070080
070E70
071BF0
072900
0735B0
074200
074DE0
075950
076460
076F00
077930
0782F0
078C40
079530
079DA0
07A5B0
07AD50
07B480
07BB50
07C1A0
07C780
07CD00
07D210
07D6B0
07DAE0
07DEB0
07E220
07E520
07E7B0
07E9E0
07EBB0
07ED10
07EE00
07EE90
07EEC0
07EE80
07EDD0
07ECC0
07EB50
07E960
07E730
07E490
07E1A0
07DE50
07DAB0
07D6A0
07D240
07CD90
07C870
07C300
07BD30
07B710
07B090
07A9B0
07A270
079AE0
079300
078AE0
078270
0779C0
0770D0
076790
075E10
075440
074A30
073FE0
073540
072A60
071F30
0713C0
070800
06FC10
06EFE0
06E370
06D6E0
06CA20
06BD30
06B010
06A2B0
069530
068770
067990
066B70
065D20
064EB0
064000
063120
062210
0612F0
0603A0
05F450
05E4E0
05D550
05C5A0
05B5F0
05A610
059620
058610
0575F0
0565B0
055560
0544F0
053470
0523C0
051320
050270
04F1C0
04E100
04D040
04BF80
04AEB0
049DE0
048D10
047C30
046B50
045A60
044970
043870
042780
041670
040580
03F490
03E3B0
03D2D0
03C200
03B140
03A080
038FD0
037F30
036E90
035E00
034D70
033CF0
032C80
031C10
030BC0
02FB70
02EB30
02DB10
02CB00
02BAF0
02AB10
029B30
028B60
027BB0
026C10
025C80
024D00
023D90
022E30
021EF0
020FC0
0200A0
01F1A0
01E2B0
01D3D0
01C510
01B660
01A7D0
019950
018AE0
017C90
016E50
016030
015220
014420
013640
012870
011AB0
010D10
00FF80
00F200
00E490
00D730
00C9F0
00BCC0
00AFA0
00A290
009590
0088B0
007BE0
006F20
006270
0055D0
004940
003CC0
003050
0023F0
001790
000B40
FFFF00
FFF2D0
FFE6B0
FFDA90
FFCE90
FFC290
FFB6A0
FFAAB0
FF9EE0
FF9310
FF8750
FF7B90
FF6FD0
FF6410
FF5860
FF4CB0
FF4100
FF3550
FF29B0
FF1E10
FF1270
FF06E0
FEFB50
FEEFC0
FEE430
FED8B0
FECD20
FEC190
FEB600
FEAA70
FE9ED0
FE9330
FE8790
FE7BF0
FE7040
FE64A0
FE58E0
FE4D30
FE4180
FE35C0
FE2A00
FE1E30
FE1260
FE0690
FDFAB0
FDEEC0
FDE2D0
FDD6D0
FDCAC0
FDBEB0
FDB290
FDA670
FD9A40
FD8E10
FD81D0
FD7580
FD6920
FD5CD0
FD5060
FD43E0
FD3760
FD2AE0
FD1E40
FD11A0
FD04F0
FCF830
FCEB70
FCDE90
FCD1C0
FCC4D0
FCB7E0
FCAAE0
FC9DD0
FC90B0
FC8390
FC7670
FC6940
FC5C00
FC4EC0
FC4180
FC3430
FC26E0
FC1980
FC0C10
FBFEB0
FBF130
FBE3B0
FBD630
FBC8A0
FBBB10
FBAD80
FB9FE0
FB9250
FB84B0
FB7720
FB6990
FB5BF0
FB4E60
FB40D0
FB3330
FB25A0
FB1800
FB0A70
FAFCD0
FAEF40
FAE1A0
FAD420
FAC6A0
FAB930
FAABD0
FA9E70
FA9130
FA83F0
FA76C0
FA69A0
FA5C90
FA4F80
FA4290
FA35A0
FA28C0
FA1BF0
FA0F30
FA0280
F9F600
F9E990
F9DD30
F9D100
F9C4E0
F9B8E0
F9AD00
F9A130
F99580
F989F0
F97E80
F97330
F967F0
F95CD0
F951C0
F946F0
F93C40
F931C0
F92770
F91D50
F91350
F90980
F8FFF0
F8F670
F8ED30
F8E410
F8DB30
F8D270
F8C9E0
F8C170
F8B940
F8B140
F8A980
F8A1F0
F89AA0
F89390
F88CB0
F88610
F87FB0
F87980
F87390
F86DE0
F86860
F86320
F85E20
F85950
F854C0
F85080
F84C70
F848B0
F84540
F84200
F83F10
F83C60
F83A00
F837E0
F83600
F83470
F83310
F83210
F83140
F830C0
F83080
F83090
F830E0
F83180
F83260
F833A0
F83510
F836E0
F838E0
F83B40
F83DE0
F840D0
F84400
F84780
F84B40
F84F50
F853B0
F85850
F85D30
F86260
F867E0
F86DA0
F873A0
F879F0
F88080
F88760
F88E80
F895E0
F89D90
F8A590
F8ADD0
F8B650
F8BF20
F8C830
F8D170
F8DAF0
F8E4B0
F8EEB0
F8F8E0
F90360
F90E10
F91900
F92430
F92F90
F93B40
F94720
F95340
F95F90
F96C30
F978F0
F985E0
F99300
F9A040
F9ADB0
F9BB50
F9C910
F9D700
F9E520
F9F370
FA01E0
FA1090
FA1F50
FA2E50
FA3D70
FA4CC0
FA5C20
FA6BA0
FA7B30
FA8AD0
FA9A80
FAAA50
FABA30
FACA30
FADA40
FAEA60
FAFA90
FB0AE0
FB1B40
FB2BB0
FB3C40
FB4CE0
FB5D80
FB6E10
FB7EA0
FB8F30
FB9FC0
FBB040
FBC0C0
FBD130
FBE1B0
FBF220
FC0290
FC12F0
FC2350
FC33B0
FC4410
FC5460
FC64A0
FC74B0
FC84A0
FC9480
FCA440
FCB3D0
FCC350
FCD2B0
FCE1E0
FCF100
FD0000
FD0EE0
FD1DA0
FD2C40
FD3AC0
FD4930
FD5750
FD6550
FD7300
FD8090
FD8DE0
FD9AF0
FDA7D0
FDB480
FDC0F0
FDCD20
FDD920
FDE4F0
FDF080
FDFBE0
FE0710
FE11F0
FE1CA0
FE26F0
FE3100
FE3AD0
FE4440
FE4D80
FE5660
FE5F00
FE6750
FE6F60
FE7720
FE7E90
FE85C0
FE8CA0
FE9340
FE9990
FE9F90
FEA530
FEAA80
FEAF70
FEB420
FEB870
FEBC60
FEC010
FEC360
FEC650
FEC900
FECB50
FECD40
FECEF0
FED040
FED130
FED1E0
FED220
FED220
FED1B0
FED100
FECFF0
FECE80
FECCC0
FECAB0
FEC840
FEC570
FEC250
FEBEE0
FEBB10
FEB6F0
FEB270
FEADA0
FEA890
FEA320
FE9D60
FE9750
FE9100
FE8A50
FE8350
FE7C10
FE7470
FE6C80
FE6450
FE5BC0
FE52E0
FE49C0
FE4040
FE3690
FE2C90
FE2260
FE17E0
FE0D30
FE0230
FDF700
FDEB90
FDDFD0
FDD3E0
FDC7B0
FDBB40
FDAE90
FDA1A0
FD9470
FD8700
FD7970
FD6BB0
FD5DD0
FD4FC0
FD4190
FD3340
FD24C0
FD1620
FD0760
FCF870
FCE960
FCDA20
FCCAC0
FCBB30
FCAB90
FC9BB0
FC8BE0
FC7BF0
FC6C00
FC5C10
FC4C10
FC3C10
FC2C00
FC1BE0
FC0BC0
FBFB90
FBEB60
FBDB20
FBCAE0
FBBA90
FBAA40
FB99E0
FB89A0
FB7970
FB6960
FB5960
FB4980
FB39B0
FB2A00
FB1A60
FB0AE0
FAFB80
FAEC30
FADD00
FACDE0
FABED0
FAAFF0
FAA110
FA9280
FA8410
FA75F0
FA6800
FA5A40
FA4CC0
FA3F70
FA3260
FA2590
FA18F0
FA0C80
FA0050
F9F460
F9E8A0
F9DD10
F9D1D0
F9C6D0
F9BC30
F9B1E0
F9A7E0
F99E40
F994F0
F98BF0
F98350
F97B00
F97300
F96B50
F96400
F95D00
F95660
F95000
F94A10
F94470
F93F40
F93A80
F93630
F93240
F92EB0
F92BA0
F928E0
F926A0
F924C0
F92340
F92240
F92190
F92160
F92190
F92220
F92330
F924B0
F926B0
F92920
F92C00
F92F60
F93330
F93780
F93C30
F94160
F94710
F94D30
F953C0
F95AC0
F96240
F96A40
F972A0
F97B80
F984E0
F98EB0
F998F0
F9A3B0
F9AEE0
F9BA80
F9C6A0
F9D330
F9E040
F9EDC0
F9FBC0
FA0A30
FA1910
FA2870
FA3830
FA4870
FA5910
FA6A20
FA7BA0
FA8D80
FA9FE0
FAB2A0
FAC5D0
FAD970
FAED70
FB01F0
FB16D0
FB2C20
FB41E0
FB5810
FB6E90
FB8570
FB9CA0
FBB430
FBCC10
FBE450
FBFCE0
FC15D0
FC2F10
FC48B0
FC62A0
FC7CF0
FC9790
FCB290
FCCDF0
FCE990
FD0580
FD21A0
FD3E00
FD5AA0
FD7770
FD9480
FDB1D0
FDCF50
FDED10
FE0B10
FE2940
FE47C0
FE6660
FE8550
FEA470
FEC3D0
FEE340
FF02D0
FF2270
FF4230
FF6210
FF81F0
FFA200
FFC210
FFE240
000290
0022F0
004370
006400
0084B0
00A570
00C640
00E710
0107D0
012880
014920
0169B0
018A30
01AAA0
01CB10
01EB60
020BB0
022BF0
024C20
026C40
028C50
02AC50
02CC50
02EC10
030BA0
032AF0
034A20
036910
0387D0
03A660
03C4C0
03E2E0
0400D0
041E90
043C20
045970
0476A0
049390
04B040
04CCB0
04E8C0
050480
051FF0
053B00
0555C0
057030
058A40
05A400
05BD70
05D680
05EF50
0607C0
061FD0
0637A0
064F10
066610
067CA0
0692C0
06A870
06BDC0
06D290
06E700
06FB00
070E90
0721A0
073450
0746A0
075870
0769D0
077AC0
078B50
079B50
07AAE0
07B9E0
07C870
07D670
07E400
07F110
07FDA0
0809A0
081530
082040
082AD0
0834E0
083E70
084780
085010
085820
085FA0
0866B0
086D30
087330
0878A0
087DA0
088210
088600
088960
088C40
088EB0
089080
0891E0
0892B0
089310
0892E0
089230
089110
088F70
088D40
088AB0
088790
0883F0
087FE0
087B40
087630
0870A0
086A90
086400
085D00
085570
084D80
084520
083C50
083320
082980
081F70
0814F0
080A10
07FEC0
07F300
07E6D0
07DA40
07CD40
07BFD0
07B1F0
07A3B0
079510
078630
0776F0
076760
075780
074750
0736D0
072600
0714E0
070360
06F1A0
06DF80
06CD20
06BA60
06A750
0693F0
068060
066CA0
0658B0
064490
063040
061BC0
060710
05F230
05DD20
05C7E0
05B270
059CD0
058700
057100
055AD0
054470
052E00
051790
050110
04EA80
04D3F0
04BD40
04A6A0
048FE0
047920
046250
044B70
043490
041DA0
0406A0
03EFA0
03D890
03C1A0
03AAC0
0393F0
037D50
0366C0
035040
0339F0
0323B0
030D80
02F770
02E180
02CBA0
02B5E0
02A030
028AB0
027530
026000
024B00
023640
0221B0
020D60
01F950
01E580
01D1E0
01BE80
01AB50
019870
0185C0
017340
016110
014F10
013D40
012BD0
011AC0
010A00
00F990
00E970
00D9B0
00CA40
00BB30
00AC70
009E00
008FF0
008230
0074C0
0067B0
005AF0
004E90
004290
0036F0
002BC0
0020F0
001690
000CA0
000300
FFF9E0
FFF110
FFE8C0
FFE0C0
FFD930
FFD210
FFCB50
FFC4F0
FFBF00
FFB980
FFB470
FFAFD0
FFABA0
FFA7D0
FFA480
FFA190
FF9F20
FF9D10
FF9B70
FF9A40
FF9980
FF9930
FF9950
FF99E0
FF9AE0
FF9C40
FF9E10
FFA050
FFA300
FFA610
FFA990
FFAD70
FFB1D0
FFB690
FFBBB0
FFC140
FFC740
FFCDB0
FFD490
FFDBD0
FFE370
FFEB80
FFF3E0
FFFCB0
0005D0
000F50
001920
002360
002DF0
0038E0
004430
004FE0
005BF0
006850
007520
008240
008FC0
009D80
00AB90
00B9E0
00C880
00D760
00E690
00F600
0105B0
0115B0
0125F0
013670
014740
015860
0169B0
017B60
018D40
019F60
01B190
01C400
01D690
01E940
01FC30
020F30
022270
0235D0
024950
025D10
0270E0
0284F0
029920
02AD70
02C200
02D680
02EB20
02FFC0
031460
032920
033DD0
0352A0
036770
037C50
039130
03A620
03BB10
03D010
03E520
03FA30
040F50
042450
043950
044E20
0462F0
047790
048C30
04A0B0
04B520
04C970
04DDB0
04F1E0
0505F0
0519F0
052DD0
0541A0
055560
0568E0
057C40
058F60
05A250
05B500
05C790
05D9E0
05EC10
05FE00
060FC0
062140
0632A0
0643C0
0654C0
066580
067600
068650
069640
06A5F0
06B560
06C480
06D350
06E1E0
06F020
06FE10
070BC0
071920
072630
073300
073F90
074BC0
0757C0
076350
076E90
077980
078410
078E40
079820
07A1B0
07AAD0
07B3B0
07BC30
07C450
07CC20
07D390
07DAB0
07E170
07E7D0
07EDE0
07F390
07F8E0
07FDD0
080260
0806A0
080A70
080DF0
081110
0813D0
081630
081830
0819E0
081B20
081C10
081C90
081CD0
081CA0
081C20
081B50
081A10
081890
0816A0
081460
0811D0
080EE0
080B90
0807F0
0803F0
07FFA0
07FAF0
07F5E0
07F090
07EAF0
07E500
07DEC0
07D830
07D160
07CA30
07C2C0
07BB00
07B300
07AAA0
07A200
079910
078FD0
078640
077C60
077250
076800
075D80
0752C0
0747C0
073C90
073120
072570
071990
070D70
070120
06F490
06E7C0
06DAC0
06CD80
06C010
06B270
06A4C0
0696E0
0688E0
067AC0
066C80
065E20
064FA0
064100
063240
062360
061450
060530
05F5E0
05E670
05D6F0
05C750
05B7C0
05A820
059870
0588C0
057900
056940
055980
0549B0
0539D0
0529F0
051A10
050A20
04FA30
04EA30
04DA30
04CA40
04BA60
04AA90
049AD0
048B20
047B90
046C00
045C90
044D30
043DD0
042E90
041F60
041050
040140
03F240
03E360
03D4A0
03C600
03B790
03A940
039B20
038D20
037F40
037190
036400
0356A0
034960
033C50
032F60
032290
0315F0
030970
02FD30
02F120
02E540
02D9A0
02CE40
02C300
02B810
02AD40
02A2B0
029860
028E40
028450
027AA0
027120
0267E0
025ED0
0255F0
024D60
024510
023D00
023530
022DA0
022640
021F30
021860
0211C0
020B70
020550
01FF80
01F9E0
01F490
01EF70
01EAA0
01E600
01E1B0
01DD90
01D9C0
01D620
01D2D0
01CFC0
01CCE0
01CA50
01C800
01C5F0
01C420
01C290
01C140
01C030
01BF60
01BEC0
01BE60
01BE40
01BE50
01BEA0
01BF30
01BFF0
01C0F0
01C230
01C3A0
01C550
01C740
01C960
01CBC0
01CE60
01D120
01D420
01D740
01DA90
01DE20
01E1D0
01E5B0
01E9C0
01EE00
01F270
01F700
01FBD0
0200C0
0205F0
020B40
0210D0
021670
021C30
022210
022810
022E20
023460
023AC0
024130
0247C0
024E70
025540
025C30
026340
026A70
0271B0
027920
028090
028810
028F90
029730
029ED0
02A680
02AE30
02B5F0
02BDC0
02C5A0
02CD80
02D580
02DD80
02E580
02ED90
02F5C0
02FDD0
0305E0
030DF0
0315F0
031DF0
0325F0
032DE0
0335C0
033DA0
034580
034D50
035520
035CF0
0364A0
036C60
037410
037BB0
038330
038AA0
0391F0
039930
03A050
03A760
03AE50
03B530
03BC00
03C2B0
03C950
03CFD0
03D640
03DC90
03E2D0
03E8F0
03EEE0
03F4B0
03FA60
03FFF0
040560
040AA0
040FD0
0414D0
0419B0
041E60
042300
042770
042BC0
042FF0
043400
0437E0
043B90
043F20
044280
0445B0
0448C0
044BA0
044E60
0450F0
045350
045580
045790
045970
045B30
045CB0
045E20
045F50
046060
046140
0461F0
046270
0462D0
046300
046300
0462E0
046280
046200
046150
046080
045F70
045E40
045CF0
045B60
0459C0
0457E0
0455E0
0453C0
045170
044F00
044C70
0449A0
0446C0
0443A0
044070
043D10
043980
0435D0
0431F0
042E00
0429E0
0425B0
042160
041CE0
041850
0413A0
040EE0
0409F0
0404E0
03FFC0
03FA70
03F510
03EF80
03E9E0
03E420
03DE50
03D860
03D270
03CC60
03C640
03C010
03B9C0
03B370
03AD00
03A690
03A000
039960
0392A0
038BE0
038500
037E20
037730
037030
036940
036240
035B30
035430
034D20
034600
033EF0
0337D0
0330B0
032980
032250
031B20
0313F0
030CB0
030580
02FE50
02F730
02F020
02E910
02E210
02DB10
02D420
02CD40
02C660
02BF80
02B8C0
02B1F0
02AB40
02A490
029DE0
029750
0290D0
028A70
028420
027DE0
0277C0
0271B0
026BB0
0265D0
026000
025A50
0254A0
024F20
0249A0
024440
023EF0
0239C0
0234B0
022FC0
022AF0
022640
0221B0
021D30
0218E0
0214B0
021090
020CA0
0208C0
020500
020160
01FDE0
01FA90
01F750
01F430
01F140
01EE80
01EBD0
01E950
01E6F0
01E4B0
01E2A0
01E0A0
01DEE0
01DD30
01DBB0
01DA50
01D910
01D7F0
01D700
01D630
01D590
01D510
01D4B0
01D480
01D470
01D480
01D4C0
01D520
01D5B0
01D660
01D730
01D830
01D950
01DA90
01DC00
01DD90
01DF40
01E110
01E300
01E520
01E760
01E9C0
01EC50
01EEF0
01F1C0
01F4B0
01F7C0
01FB00
01FE60
0201D0
020570
020930
020D00
021100
021510
021940
021D90
0221F0
022680
022B20
022FF0
0234D0
0239D0
023EF0
024420
024980
024EF0
025470
025A00
025FB0
026570
026B40
027130
027730
027D40
028370
0289B0
029000
029670
029CF0
02A380
02AA20
02B0D0
02B790
02BE60
02C530
02CC10
02D300
02D9F0
02E100
02E800
02EF20
02F640
02FD70
0304B0
030BF0
031340
031AA0
032200
032960
0330B0
033810
033F70
0346D0
034E40
0355A0
035D00
036460
036BC0
037330
037A90
038200
038960
0390D0
039830
039F80
03A6D0
03AE20
03B560
03BC90
03C3C0
03CAE0
03D200
03D910
03E020
03E720
03EE20
03F510
03FC00
0402E0
0409B0
041070
041720
041DC0
042450
042AD0
043130
043790
043DD0
044410
044A30
045050
045650
045C40
046220
046800
046DB0
047350
0478E0
047E60
0483C0
048900
048E30
049350
049850
049D40
04A210
04A6D0
04AB70
04B000
04B470
04B8E0
04BD20
04C140
04C550
04C940
04CD20
04D0D0
04D470
04D7F0
04DB60
04DEA0
04E1D0
04E4E0
04E7E0
04EAB0
04ED70
04F020
04F2A0
04F500
04F750
04F970
04FB80
04FD70
04FF40
0500F0
050280
0503F0
050550
050680
0507A0
0508A0
050980
050A30
050AD0
050B50
050BB0
050BF0
050C10
050C10
050BF0
050BB0
050B50
050AD0
050A40
050980
0508A0
0507A0
050680
050540
0503E0
050260
0500D0
04FF10
04FD30
04FB40
04F920
04F6F0
04F490
04F220
04EF90
04ECD0
04EA00
04E710
04E400
04E0C0
04DD70
04DA00
04D680
04D2D0
04CF00
04CB20
04C710
04C2F0
04BEB0
04BA40
04B5C0
04B120
04AC60
04A790
04A290
049D70
049840
0492F0
048D80
0487F0
048240
047C80
047690
047090
046A80
046440
045DE0
045770
0450E0
044A30
044370
043C80
043580
042E60
042730
041FE0
041870
0410E0
040940
040180
03F9A0
03F1B0
03E9A0
03E170
03D930
03D0D0
03C850
03BFC0
03B710
03AE40
03A570
039C70
039360
038A40
038100
0377B0
036E40
0364C0
035B20
035170
0347A0
033DC0
0333D0
0329B0
031F90
031550
030B10
0300B0
02F630
02EBB0
02E110
02D660
02CBA0
02C0C0
02B5D0
02AAD0
029FC0
0294A0
028960
027E10
0272B0
026740
025BD0
025040
0244B0
023900
022D50
022190
0215C0
0209E0
01FDF0
01F1F0
01E5E0
01D9D0
01CDA0
01C170
01B530
01A8E0
019CA0
019040
0183E0
017780
016B10
015EA0
015220
014590
013900
012C70
011FD0
011330
010680
00F9D0
00ED20
00E060
00D3B0
00C700
00BA50
00ADA0
00A0F0
009440
008790
007AE0
006E30
006180
0054D0
004820
003B70
002ED0
002230
001590
000900
FFFC80
FFF010
FFE3A0
FFD740
FFCAF0
FFBEA0
FFB260
FFA630
FF9A00
FF8DE0
FF81D0
FF75C0
FF69C0
FF5DD0
FF5200
FF4640
FF3AA0
FF2F00
FF2390
FF1820
FF0CD0
FF0190
FEF670
FEEB60
FEE060
FED580
FECAB0
FEBFF0
FEB550
FEAAD0
FEA070
FE9630
FE8C10
FE8210
FE7830
FE6E80
FE64E0
FE5B70
FE5220
FE48E0
FE3FD0
FE36E0
FE2E10
FE2560
FE1CE0
FE1480
FE0C40
FE0440
FDFC60
FDF4B0
FDED30
FDE5D0
FDDEA0
FDD7A0
FDD0D0
FDCA30
FDC3B0
FDBD60
FDB730
FDB140
FDAB70
FDA5E0
FDA070
FD9B50
FD9650
FD9190
FD8D00
FD88B0
FD8480
FD80A0
FD7CE0
FD7960
FD7610
FD72F0
FD7010
FD6D60
FD6AF0
FD68B0
FD66B0
FD64E0
FD6350
FD6200
FD60F0
FD6010
FD5F70
FD5F10
FD5EE0
FD5EF0
FD5F40
FD5FD0
FD6090
FD6190
FD62C0
FD6440
FD65F0
FD67E0
FD6A10
FD6C70
FD6F20
FD7200
FD7520
FD7880
FD7C20
FD7FF0
FD8410
FD8860
FD8CF0
FD91C0
FD96C0
FD9C10
FDA180
FDA740
FDAD30
FDB360
FDB9C0
FDC060
FDC740
FDCE50
FDD5A0
FDDD20
FDE4E0
FDECE0
FDF510
FDFD80
FE0630
FE0F00
FE1810
FE2150
FE2AD0
FE3470
FE3E40
FE4850
FE5290
FE5D00
FE67A0
FE7270
FE7D70
FE88B0
FE9410
FE9FB0
FEAB80
FEB770
FEC390
FECFD0
FEDC30
FEE8B0
FEF560
FF0230
FF0F20
FF1C40
FF2980
FF36E0
FF4470
FF5220
FF5FF0
FF6DE0
FF7C00
FF8A30
FF9870
FFA6D0
FFB540
FFC3C0
FFD250
FFE100
FFEFC0
FFFE90
000D80
001C80
002B90
003AB0
0049F0
005940
0068A0
007800
008770
0096D0
00A640
00B5A0
00C510
00D470
00E3E0
00F350
0102B0
011220
012190
013100
014070
014FE0
015F50
016EB0
017E00
018D30
019C60
01AB70
01BA70
01C960
01D830
01E700
01F5B0
020450
0212E0
022160
022FC0
023E20
024C60
025A80
026880
027650
028400
029180
029EE0
02AC20
02B930
02C630
02D2F0
02DFA0
02EC20
02F870
0304B0
0310C0
031CA0
032860
0333E0
033F20
034A40
035520
035FD0
036A40
037480
037E90
038860
039210
039B70
03A4B0
03ADB0
03B680
03BF20
03C780
03CF90
03D770
03DF10
03E670
03ED90
03F470
03FB10
040180
0407A0
040D90
041330
0418A0
041DC0
0422B0
042760
042BD0
042FF0
0433D0
043780
043AE0
043E00
0440D0
044370
0445D0
0447E0
0449B0
044B40
044C90
044DA0
044E60
044EF0
044F30
044F40
044F00
044E90
044DE0
044CF0
044BC0
044A50
0448A0
0446B0
044480
044210
043F60
043C80
043950
0435F0
043250
042E80
042A70
042640
0421D0
041D30
041850
041340
040E00
040880
0402E0
03FD00
03F6E0
03F0A0
03EA20
03E360
03DC90
03D590
03CE70
03C730
03BFC0
03B830
03B080
03A8A0
03A0A0
039880
039040
0387D0
037F40
037690
036DB0
0364C0
035BB0
035290
034960
034020
0336D0
032D70
032400
031A90
031100
030760
02FDB0
02F3F0
02EA20
02E040
02D650
02CC40
02C250
02B850
02AE70
02A480
029AA0
0290C0
0286F0
027D10
027350
026980
025FD0
025610
024C60
0242B0
023910
022F60
0225E0
021C80
021330
020A00
0200E0
01F7E0
01EF00
01E640
01DDA0
01D510
01CCA0
01C450
01BC10
01B3F0
01ABF0
01A410
019C50
0194D0
018D70
018640
017F50
017880
0171E0
016B60
016520
015F10
015930
015370
014DE0
014890
014360
013E60
0139A0
013520
0130D0
012CC0
0128F0
012560
012200
011EF0
011C10
011960
011700
0114D0
0112E0
011130
010FC0
010E80
010D90
010CE0
010C70
010C40
010C50
010CB0
010D50
010E30
010F50
0110C0
011260
011450
011680
011900
011BB0
011EB0
0121F0
012570
012930
012D40
013180
013610
013AE0
013FF0
014550
014AE0
0150C0
0156E0
015D40
0163E0
016AC0
0171F0
017950
0180F0
0188D0
0190E0
019930
01A1C0
01AA90
01B390
01BCD0
01C650
01D000
01D9F0
01E420
01EE90
01F930
020410
020F20
021A60
0225C0
023160
023D20
024910
025530
026180
026DF0
027AA0
028770
029480
02A1B0
02AF10
02BCA0
02CA50
02D830
02E620
02F420
030250
031090
031EF0
032D60
033BF0
034AA0
035970
036850
037750
038660
039590
03A4E0
03B450
03C3C0
03D330
03E2B0
03F230
0401B0
041140
0420D0
043060
044000
044FA0
045F40
046EF0
047EA0
048E60
049E20
04ADE0
04BD90
04CD40
04DCD0
04EC60
04FBD0
050B40
051AA0
0529E0
053920
054850
055770
056680
057580
058470
059350
05A230
05B0E0
05BF70
05CDE0
05DC30
05EA60
05F860
060650
061420
0621C0
062F50
063CB0
0649F0
065710
066420
067100
067DB0
068A40
0696A0
06A2D0
06AEE0
06BAB0
06C650
06D1C0
06DD00
06E810
06F300
06FDB0
070830
071290
071CB0
0726A0
073070
073A00
074350
074C70
075550
075E00
076680
076EC0
0776C0
077E90
078630
078D90
0794B0
079BA0
07A250
07A8D0
07AF20
07B530
07BB00
07C0A0
07C600
07CB20
07D010
07D4C0
07D940
07DD80
07E190
07E560
07E900
07EC50
07EF80
07F260
07F520
07F790
07F9E0
07FBF0
07FDD0
07FF80
0800F0
080230
080340
080420
0804C0
080530
080560
080570
080540
0804D0
080440
080380
080290
080170
080030
07FEC0
07FD30
07FB60
07F980
07F760
07F520
07F2B0
07F020
07ED60
07EA70
07E760
07E410
07E0C0
07DD40
07D9A0
07D5F0
07D220
07CE20
07CA10
07C5F0
07C1A0
07BD30
07B8B0
07B410
07AF50
07AA70
07A570
07A060
079B30
079600
0790C0
078B70
078610
0780B0
077B30
0775B0
077020
076A70
0764D0
075F10
075940
075370
074D90
074790
0741A0
073BB0
0735D0
072FE0
0729F0
072410
071E20
071840
071260
070C70
070690
0700B0
06FAD0
06F500
06EF20
06E940
06E370
06DDC0
06D810
06D260
06CCD0
06C750
06C1D0
06BC70
06B710
06B1C0
06AC80
06A750
06A220
069D10
069800
069310
068E20
068950
0684A0
068000
067B70
067700
0672A0
066E50
066A20
066600
066200
065E10
065A30
065670
0652C0
064F20
064BA0
064840
064500
0641D0
063EC0
063BC0
0638E0
063620
063370
0630E0
062E70
062C10
0629D0
0627B0
0625A0
0623B0
0621D0
062010
061E70
061CE0
061B70
061A10
0618D0
0617A0
061690
0615A0
0614C0
0613F0
061340
0612B0
061230
0611D0
061180
061140
061110
061100
061100
061110
061130
061160
0611B0
061200
061270
0612F0
061390
061430
0614F0
0615C0
0616A0
061780
061860
061960
061A60
061B60
061C70
061D90
061EB0
061FE0
062110
062260
0623A0
0624F0
062650
0627C0
062920
062A80
062BF0
062D50
062EB0
063010
063170
0632D0
063430
063590
0636E0
063840
0639A0
063AF0
063C50
063DA0
063EF0
064030
064160
064290
0643A0
0644B0
0645C0
0646B0
0647A0
064880
064960
064A20
064AE0
064B90
064C40
064CD0
064D60
064DD0
064E30
064E70
064EA0
064EC0
064ED0
064EC0
064EA0
064E70
064E30
064DD0
064D60
064CD0
064C40
064B90
064AC0
0649E0
0648E0
0647C0
064690
064540
0643D0
064250
0640B0
063F00
063D30
063B40
063940
063720
0634E0
063290
063020
062D90
062AF0
062820
062540
062250
061F30
061C00
0618B0
061550
0611C0
060E20
060A70
060690
0602A0
05FE90
05FA70
05F630
05F1D0
05ED60
05E8E0
05E440
05DF90
05DAC0
05D5D0
05D0D0
05CBC0
05C690
05C150
05BBF0
05B670
05B0F0
05AB50
05A5A0
059FE0
059A00
059420
058E30
058830
058210
057BF0
0575B0
056F70
056910
0562B0
055C30
0555A0
054F00
054860
0541B0
053B00
053440
052D80
0526C0
051FF0
051920
051240
050B60
050470
04FD80
04F690
04EF90
04E880
04E180
04DA70
04D370
04CC70
04C580
04BE90
04B7A0
04B0C0
04A9D0
04A300
049C20
049550
048E80
0487C0
048100
047A40
047380
046CE0
046640
045FC0
045950
0452F0
044CA0
044660
044030
043A10
043400
042E00
042810
042230
041C70
0416B0
041110
040B80
040610
0400B0
03FB70
03F650
03F140
03EC50
03E780
03E2C0
03DE20
03D990
03D520
03D0D0
03CCA0
03C880
03C470
03C090
03BCD0
03B920
03B5A0
03B240
03AEF0
03ABD0
03A8D0
03A5E0
03A320
03A080
039DF0
039B90
039950
039720
039520
039340
039170
038FD0
038E50
038CF0
038BB0
038AA0
0389A0
0388C0
038810
038780
038700
0386B0
038680
038670
038680
0386B0
038700
038760
0387F0
038890
038950
038A30
038B30
038C50
038D90
038EE0
039060
0391F0
0393A0
039570
039750
039950
039B70
039DA0
039FE0
03A230
03A4A0
03A720
03A9B0
03AC60
03AF20
03B200
03B4E0
03B7E0
03BB00
03BE20
03C170
03C4B0
03C800
03CB60
03CEC0
03D230
03D5B0
03D930
03DCB0
03E040
03E3E0
03E780
03EB30
03EEE0
03F2A0
03F670
03FA40
03FE00
0401D0
040590
040940
040D00
0410B0
041450
041800
041BA0
041F30
0422D0
042660
0429E0
042D70
0430F0
043460
0437D0
043B20
043E60
044190
0444A0
0447A0
044A90
044D70
045030
0452E0
045580
045810
045A90
045CF0
045F40
046170
046390
046580
046760
046910
046AB0
046C20
046D70
046EA0
046FB0
0470A0
047170
047220
0472B0
047310
047360
047380
047380
047350
0472F0
047270
0471C0
0470E0
046FD0
046EA0
046D40
046BB0
0469F0
046810
046600
0463C0
046160
045EC0
045C00
045910
0455E0
045290
044F00
044B50
044760
044350
043F00
043A80
0435D0
0430F0
042BF0
0426B0
042140
041B90
0415C0
040FC0
040990
040330
03FC90
03F5D0
03EEE0
03E7B0
03E060
03D8D0
03D120
03C930
03C110
03B8D0
03B050
03A7A0
039ED0
0395C0
038C90
038340
0379B0
037000
036630
035C20
0351F0
034790
033D00
033250
032770
031C60
031130
0305C0
02FA40
02EEA0
02E2E0
02D6F0
02CAF0
02BEC0
02B280
02A610
029990
028CE0
028020
027330
026620
0258F0
024BA0
023E40
0230C0
022320
021580
0207D0
01FA00
01EC30
01DE40
01D040
01C230
01B410
01A5E0
019790
018940
017AD0
016C50
015DD0
014F40
0140B0
013220
012390
0114F0
010660
00F7D0
00E940
00DAB0
00CC10
00BD80
00AEE0
00A050
0091B0
008320
007480
006600
005780
004920
003AC0
002C80
001E40
001020
000200
FFF400
FFE610
FFD820
FFCA50
FFBC90
FFAEE0
FFA140
FF93A0
FF8630
FF78E0
FF6BB0
FF5EA0
FF51C0
FF44F0
FF3840
FF2BB0
FF1F50
FF1300
FF06E0
FEFAD0
FEEEF0
FEE320
FED780
FECC00
FEC0A0
FEB580
FEAA80
FE9FC0
FE9520
FE8AB0
FE8060
FE7650
FE6C60
FE62B0
FE5920
FE4FC0
FE4690
FE3D90
FE34C0
FE2C10
FE23A0
FE1B70
FE1370
FE0BA0
FE0410
FDFCB0
FDF590
FDEEA0
FDE7E0
FDE160
FDDB20
FDD500
FDCF30
FDC990
FDC420
FDBEE0
FDB9F0
FDB530
FDB0A0
FDAC50
FDA840
FDA470
FDA0D0
FD9D70
FD9A40
FD9750
FD94A0
FD9220
FD8FE0
FD8DE0
FD8C10
FD8A80
FD8930
FD8810
FD8730
FD8680
FD8610
FD85E0
FD85E0
FD8620
FD8690
FD8740
FD8820
FD8950
FD8AA0
FD8C30
FD8E00
FD9010
FD9240
FD94B0
FD9750
FD9A20
FD9D30
FDA060
FDA3D0
FDA770
FDAB40
FDAF50
FDB380
FDB7F0
FDBC90
FDC160
FDC660
FDCBA0
FDD100
FDD690
FDDC40
FDE220
FDE820
FDEE50
FDF4B0
FDFB40
FE01E0
FE08C0
FE0FC0
FE16F0
FE1E40
FE25C0
FE2D70
FE3540
FE3D30
FE4540
FE4D60
FE55B0
FE5E10
FE6690
FE6F30
FE77E0
FE80C0
FE89B0
FE92C0
FE9BF0
FEA530
FEAEA0
FEB820
FEC1C0
FECB70
FED530
FEDF00
FEE8E0
FEF2D0
FEFCD0
FF06E0
FF1100
FF1B20
FF2560
FF2FB0
FF3A10
FF4480
FF4F00
FF5990
FF6420
FF6EC0
FF7970
FF8410
FF8EB0
FF9960
FFA410
FFAEC0
FFB970
FFC420
FFCEE0
FFD990
FFE450
FFEF10
FFF9D0
0004A0
000F60
001A20
0024E0
002F90
003A30
0044D0
004F70
005A00
006480
006F00
007970
0083E0
008E50
0098B0
00A300
00AD50
00B790
00C1D0
00CBF0
00D600
00E000
00E9F0
00F3D0
00FDA0
010760
011110
011AB0
012430
012DB0
013710
014070
0149B0
0152F0
015C10
016510
016E10
0176E0
017FB0
018860
019100
019980
01A1F0
01AA40
01B290
01BAB0
01C2D0
01CAD0
01D2B0
01DA90
01E240
01E9F0
01F170
01F8F0
020050
020790
020EC0
0215D0
021CD0
0223B0
022A80
023140
0237E0
023E60
0244D0
024B30
025170
0257A0
025DB0
0263B0
026990
026F60
027520
027AC0
028050
0285C0
028B20
029070
0295A0
029AC0
029FD0
02A4C0
02A990
02AE60
02B320
02B7C0
02BC50
02C0D0
02C540
02C9A0
02CDE0
02D220
02D640
02DA50
02DE50
02E240
02E620
02E9E0
02EDA0
02F150
02F4F0
02F880
02FC00
02FF80
0302E0
030640
030990
030CD0
031000
031330
031640
031950
031C50
031F40
032230
032510
0327F0
032AC0
032D90
033050
033310
0335D0
033880
033B20
033DC0
034060
0342F0
034580
034810
034A80
034D00
034F80
035200
035470
0356E0
035960
035BD0
035E40
0360A0
036310
036580
0367E0
036A50
036CB0
036F10
037170
0373D0
037640
0378A0
037B10
037D80
037FF0
038260
0384D0
038750
0389C0
038C40
038EC0
039150
0393D0
039660
0398E0
039B70
039E10
03A0A0
03A340
03A5F0
03A890
03AB40
03ADF0
03B0A0
03B360
03B620
03B8E0
03BBB0
03BE80
03C150
03C420
03C700
03C9E0
03CCC0
03CFB0
03D2A0
03D5A0
03D890
03DB90
03DEA0
03E1A0
03E4B0
03E7D0
03EAE0
03EE00
03F130
03F450
03F780
03FAB0
03FDE0
040110
040450
040780
040AC0
040E00
041140
041480
0417D0
041B10
041E60
0421A0
0424F0
042850
042BA0
042EF0
043230
043580
0438D0
043C10
043F60
0442A0
0445E0
044930
044C70
044FB0
0452F0
045620
045960
045CA0
045FD0
046300
046620
046930
046C40
046F50
047250
047550
047840
047B20
047E00
0480E0
0483B0
048680
048940
048BF0
048EA0
049140
0493C0
049640
0498B0
049B10
049D70
049FB0
04A1E0
04A400
04A620
04A820
04AA20
04AC10
04ADF0
04AFB0
04B170
04B310
04B4A0
04B610
04B770
04B8B0
04B9E0
04BB00
04BC00
04BCF0
04BDC0
04BE80
04BF30
04BFC0
04C040
04C0A0
04C0F0
04C110
04C120
04C110
04C0F0
04C0A0
04C040
04BFB0
04BF10
04BE50
04BD80
04BC80
04BB70
04BA30
04B8E0
04B780
04B5F0
04B430
04B260
04B060
04AE40
04AC10
04A9A0
04A720
04A480
04A1B0
049EC0
049BB0
049880
049520
0491B0
048E10
048A50
048660
048260
047E20
0479D0
047550
0470A0
046BD0
0466E0
0461D0
045C90
045730
0451A0
044BF0
044610
044020
0439F0
0433B0
042D40
0426A0
041FE0
041900
0411F0
040AC0
040360
03FBE0
03F440
03EC70
03E480
03DC60
03D420
03CBB0
03C320
03BA70
03B1A0
03A8A0
039F80
039640
038CD0
038340
037990
036FC0
0365C0
035BA0
035160
0346F0
033C60
0331B0
0326E0
031BF0
0310E0
0305B0
02FA60
02EEF0
02E360
02D7B0
02CBF0
02C000
02B3F0
02A7D0
029B80
028F20
0282A0
0275F0
026940
025C60
024F80
024280
023570
022840
021B00
020DA0
020030
01F2B0
01E510
01D760
01C990
01BBB0
01ADB0
019FB0
019190
018370
017540
016700
0158C0
014A70
013C10
012DB0
011F40
0110C0
010240
00F3B0
00E510
00D670
00C7B0
00B900
00AA40
009B80
008CD0
007E20
006F70
0060C0
005210
004360
0034B0
002610
001770
0008D0
FFFA20
FFEB90
FFDCF0
FFCE50
FFBFD0
FFB150
FFA2F0
FF9490
FF8650
FF7820
FF6A00
FF5BE0
FF4DE0
FF3FF0
FF3210
FF2450
FF1690
FF08E0
FEFB40
FEEDC0
FEE050
FED300
FEC5E0
FEB8D0
FEABE0
FE9F10
FE9260
FE85E0
FE7970
FE6D20
FE60F0
FE54E0
FE48F0
FE3D20
FE3170
FE25D0
FE1A70
FE0F40
FE0430
FDF960
FDEEB0
FDE430
FDD9E0
FDCFB0
FDC5C0
FDBBF0
FDB260
FDA8F0
FD9FB0
FD96A0
FD8DC0
FD8500
FD7C80
FD7440
FD6C30
FD6460
FD5CD0
FD5560
FD4E40
FD4750
FD4090
FD3A10
FD33D0
FD2DC0
FD27F0
FD2250
FD1CF0
FD17C0
FD12E0
FD0E30
FD09C0
FD05A0
FD01C0
FCFE10
FCFAB0
FCF790
FCF4B0
FCF210
FCEFA0
FCED80
FCEBB0
FCEA10
FCE8B0
FCE790
FCE6C0
FCE620
FCE5D0
FCE5C0
FCE600
FCE680
FCE730
FCE840
FCE980
FCEB10
FCECD0
FCEEE0
FCF140
FCF3D0
FCF6B0
FCF9D0
FCFD30
FD00D0
FD04C0
FD08E0
FD0D50
FD1200
FD16F0
FD1C20
FD2190
FD2740
FD2D40
FD3370
FD39F0
FD40B0
FD47B0
FD4EF0
FD5670
FD5E20
FD6610
FD6E40
FD76B0
FD7F50
FD8820
FD9140
FD9A90
FDA410
FDADE0
FDB7E0
FDC210
FDCC90
FDD740
FDE220
FDED40
FDF880
FE03F0
FE0F90
FE1B60
FE2760
FE3390
FE3FE0
FE4C70
FE5920
FE6600
FE7310
FE8050
FE8DC0
FE9B50
FEA920
FEB700
FEC500
FED320
FEE150
FEEFB0
FEFE20
FF0CB0
FF1B60
FF2A20
FF3900
FF4810
FF5730
FF6660
FF75C0
FF8530
FF94C0
FFA460
FFB400
FFC3A0
FFD360
FFE310
FFF2E0
0002A0
001280
002260
003240
004230
005220
006220
007230
008240
009250
00A260
00B260
00C250
00D230
00E210
00F1D0
010190
011140
0120E0
013070
014000
014F70
015EE0
016E40
017D90
018CD0
019BF0
01AAF0
01B9D0
01C880
01D720
01E590
01F3E0
020210
021020
021E10
022BD0
023970
0246F0
025450
026190
026EB0
027B90
028840
0294C0
02A100
02AD10
02B8F0
02C490
02D000
02DB40
02E640
02F120
02FBB0
030620
031050
031A50
032410
032DA0
0336E0
033FE0
034890
035110
035940
036140
0368F0
037050
037780
037E60
038510
038B70
039190
039760
039D00
03A250
03A750
03AC00
03B070
03B490
03B860
03BBF0
03BF30
03C220
03C4D0
03C730
03C940
03CB10
03CC90
03CDC0
03CEB0
03CF50
03CFA0
03CFA0
03CF60
03CED0
03CDF0
03CCC0
03CB50
03C990
03C780
03C530
03C290
03BFA0
03BC60
03B8E0
03B500
03B0F0
03AC90
03A7F0
03A310
039DE0
039870
0392C0
038CC0
038680
038000
037930
037230
036AD0
036340
035B60
035340
034AE0
034250
033990
033090
032750
031DE0
031440
030A60
030040
02F5F0
02EB70
02E0B0
02D5C0
02CA90
02BF30
02B390
02A7D0
029BF0
028FE0
0283B0
027760
026AF0
025E50
025190
0244B0
0237B0
022A80
021D30
020FC0
020220
01F470
01E680
01D8A0
01CAA0
01BC90
01AE80
01A050
019220
0183E0
017590
016730
0158C0
014A50
013BC0
012D30
011E90
010FD0
010120
00F260
00E3C0
00D510
00C680
00B7F0
00A970
009AF0
008C80
007E20
006FC0
006170
005330
0044F0
0036C0
002890
001A70
000C70
FFFE90
FFF0D0
FFE330
FFD5B0
FFC850
FFBB10
FFADF0
FFA0F0
FF9410
FF8750
FF7AB0
FF6E30
FF61D0
FF5590
FF4980
FF3D90
FF31D0
FF2650
FF1AF0
FF0FD0
FF04E0
FEFA20
FEEFA0
FEE540
FEDB20
FED130
FEC770
FEBDE0
FEB480
FEAB60
FEA260
FE99B0
FE9130
FE8900
FE8100
FE7940
FE71D0
FE6A90
FE6390
FE5CD0
FE5650
FE5010
FE4A00
FE4440
FE3EC0
FE3970
FE3470
FE2FA0
FE2B20
FE26F0
FE22F0
FE1F40
FE1BD0
FE18A0
FE15C0
FE1310
FE10B0
FE0E90
FE0CC0
FE0B30
FE09E0
FE08D0
FE0800
FE0780
FE0730
FE0730
FE0770
FE07F0
FE08B0
FE09B0
FE0AF0
FE0C70
FE0E30
FE1030
FE1280
FE1500
FE17D0
FE1AE0
FE1E20
FE21B0
FE2560
FE2950
FE2D80
FE31E0
FE3670
FE3B40
FE4040
FE4580
FE4AF0
FE5090
FE5670
FE5C90
FE62E0
FE6960
FE7020
FE7700
FE7E10
FE8540
FE8CA0
FE9420
FE9BC0
FEA390
FEAB90
FEB3B0
FEBBF0
FEC460
FECCF0
FED5B0
FEDE90
FEE7A0
FEF0D0
FEFA20
FF0370
FF0CE0
FF1660
FF2000
FF29A0
FF3360
FF3D30
FF4720
FF5110
FF5B20
FF6540
FF6F70
FF79C0
FF8410
FF8E80
FF98F0
FFA360
FFADD0
FFB840
FFC2B0
FFCD20
FFD790
FFE200
FFEC70
FFF6E0
000140
000BB0
001620
002090
002B00
003560
003FC0
004A00
005430
005E50
006860
007250
007C40
008610
008FD0
009970
00A310
00AC90
00B600
00BF60
00C8A0
00D1E0
00DAF0
00E3E0
00ECB0
00F560
00FDF0
010660
010EA0
0116D0
011ED0
0126B0
012E70
013610
013D90
0144F0
014C30
015340
015A30
016100
016790
016E00
017450
017A60
018060
018620
018BC0
019130
019680
019BA0
01A090
01A560
01AA00
01AE80
01B2D0
01B6F0
01BAE0
01BEB0
01C250
01C5D0
01C920
01CC40
01CF40
01D210
01D4B0
01D730
01D980
01DBA0
01DDA0
01DF70
01E120
01E2A0
01E410
01E540
01E660
01E750
01E820
01E8D0
01E960
01E9C0
01EA00
01EA20
01EA10
01E9E0
01E990
01E910
01E880
01E7E0
01E720
01E650
01E560
01E460
01E340
01E210
01E0C0
01DF60
01DDF0
01DC60
01DAB0
01D8F0
01D720
01D530
01D340
01D140
01CF40
01CD40
01CB30
01C920
01C710
01C4F0
01C2D0
01C0A0
01BE70
01BC30
01BA00
01B7C0
01B570
01B320
01B0E0
01AEB0
01AC80
01AA60
01A860
01A650
01A460
01A280
01A0A0
019ED0
019D10
019B60
0199C0
019820
019690
019520
0193C0
019280
019150
019050
018F70
018EB0
018E10
018D80
018D20
018CE0
018CB0
018CB0
018CC0
018CF0
018D50
018DC0
018E60
018F30
019030
019160
0192B0
019430
0195E0
0197C0
0199D0
019C00
019E60
01A0F0
01A3B0
01A6A0
01A9B0
01AD00
01B070
01B420
01B800
01BC20
01C070
01C4F0
01C9A0
01CE90
01D3B0
01D900
01DE90
01E450
01EA40
01F070
01F6C0
01FD60
020420
020B20
021250
0219B0
022140
022910
023110
023940
0241B0
024A50
025320
025C20
026560
026ED0
027870
028250
028C50
029680
02A0E0
02AB60
02B610
02C0F0
02CC00
02D740
02E2A0
02EE30
02F9E0
0305D0
0311E0
031E20
032A90
033720
0343D0
0350A0
035D90
036A90
0377B0
0384E0
039240
039FB0
03AD30
03BAE0
03C8A0
03D670
03E470
03F280
0400B0
040EF0
041D40
042B90
0439F0
044850
0456B0
046520
047380
048200
049070
049EF0
04AD80
04BC00
04CA90
04D930
04E7C0
04F670
0504F0
051370
0521D0
053030
053E70
054C90
055AB0
0568B0
0576A0
058480
059250
05A010
05ADB0
05BB40
05C8C0
05D620
05E360
05F070
05FD60
060A10
0616A0
062300
062F30
063B40
064720
0652D0
065E50
0669B0
0674D0
067FD0
068AB0
069550
069FC0
06A9E0
06B3C0
06BD70
06C6D0
06CFF0
06D8D0
06E180
06E9E0
06F200
06F9E0
070180
0708D0
070FF0
0716D0
071D70
0723C0
0729C0
072F70
0734D0
0739E0
073EB0
074320
074750
074B20
074EB0
0751F0
0754E0
075780
0759D0
075BD0
075D90
075EF0
076000
0760C0
076130
076140
076110
076080
075FA0
075E70
075CF0
075B20
0758F0
075670
0753B0
075090
074D10
074960
074550
0740F0
073C50
073760
073220
072C90
0726C0
072090
071A20
071360
070C50
070500
06FD60
06F560
06ED30
06E4B0
06DBF0
06D300
06C9D0
06C060
06B6B0
06ACC0
06A2A0
069840
068DA0
0682C0
0677A0
066C50
0660C0
0654E0
0648E0
063CA0
063050
0623D0
061730
060A70
05FD80
05F070
05E340
05D5F0
05C870
05BAD0
05AD10
059F20
059110
0582E0
057490
056630
0557D0
054960
053AF0
052C70
051DF0
050F70
0500E0
04F250
04E3B0
04D510
04C660
04B7B0
04A900
049A40
048B70
047CD0
046E30
045FC0
045160
044310
0434E0
0426C0
0418D0
040AE0
03FD10
03EF60
03E1C0
03D440
03C6D0
03B980
03AC50
039F50
039280
0385E0
037980
036D50
036160
0355A0
034A10
033EB0
033390
0328A0
031DF0
031370
030920
02FF10
02F530
02EBA0
02E250
02D960
02D0B0
02C850
02C040
02B880
02B100
02A9D0
02A2F0
029C60
029620
029020
028A70
028520
028000
027B50
0276F0
0272F0
026F40
026BF0
0268F0
026660
026410
026230
026090
025F60
025E80
025E00
025DD0
025E00
025E90
025F70
0260B0
026250
026440
0266A0
026950
026C50
026FC0
027380
0277A0
027C10
0280F0
028620
028BB0
029190
0297E0
029E70
02A550
02AC90
02B410
02BBE0
02C410
02CC80
02D550
02DE60
02E7D0
02F180
02FB90
0305E0
031090
031B80
0326D0
033250
033E10
034A00
035640
0362B0
036F50
037C30
038950
0396B0
03A440
03B210
03C010
03CE60
03DCD0
03EB90
03FA80
040990
0418C0
042800
043760
0446E0
045670
046630
0475F0
0485E0
0495F0
04A610
04B640
04C6A0
04D710
04E7A0
04F850
0508F0
051990
052A20
053AA0
054B20
055BA0
056C10
057C70
058CD0
059D20
05AD70
05BDB0
05CDF0
05DE20
05EE40
05FE70
060E60
061E20
062DC0
063D20
064C60
065B70
066A50
067900
068780
0695D0
06A400
06B200
06BFC0
06CD60
06DAD0
06E820
06F510
0701B0
070E10
071A10
0725D0
073140
073C60
074730
0751B0
075BF0
0765D0
076F70
0778B0
0781B0
078A60
0792C0
079AC0
07A250
07A980
07B040
07B6A0
07BCA0
07C230
07C760
07CC30
07D090
07D490
07D820
07DB50
07DE20
07E080
07E280
07E410
07E520
07E5C0
07E600
07E5C0
07E500
07E3E0
07E240
07E040
07DDC0
07DAD0
07D760
07D390
07CF40
07CA90
07C560
07BFB0
07B9A0
07B320
07AC20
07A4C0
079CE0
0794A0
078BE0
0782B0
077910
076F00
076480
075980
074E20
074240
073600
072950
071C40
070ED0
070100
06F2C0
06E430
06D530
06C5D0
06B610
06A5F0
069570
068490
067340
066190
064F90
063D20
062A60
061760
060420
05F0A0
05DCD0
05C8B0
05B460
059FC0
058AD0
0575A0
056030
054A70
053470
051E30
0507A0
04F0D0
04D9E0
04C2C0
04AB90
049430
047CC0
046520
044D60
043580
041D90
040570
03ED20
03D4C0
03BC40
03A3A0
038AD0
0371F0
035910
034030
032770
030EA0
02F5E0
02DD30
02C480
02ABE0
029350
027AC0
026230
0249B0
023140
0218D0
020060
01E810
01CFE0
01B7E0
01A020
018890
017130
015A00
014300
012C40
0115A0
00FF40
00E910
00D310
00BD50
00A7B0
009250
007D10
006840
0053B0
003F80
002BB0
001830
000510
FFF240
FFDFC0
FFCDA0
FFBBD0
FFAA60
FF9940
FF8880
FF7810
FF6800
FF5840
FF48F0
FF3A20
FF2BB0
FF1DC0
FF1040
FF0330
FEF690
FEEA60
FEDEB0
FED360
FEC890
FEBE30
FEB440
FEAAC0
FEA1C0
FE9920
FE9110
FE8970
FE8260
FE7BC0
FE75B0
FE7010
FE6B00
FE6660
FE6250
FE5EB0
FE5B90
FE5900
FE56E0
FE5550
FE5430
FE53A0
FE5380
FE53E0
FE54D0
FE5630
FE5810
FE5A70
FE5D40
FE60A0
FE6480
FE68D0
FE6DB0
FE7300
FE78E0
FE7F30
FE8600
FE8D50
FE9510
FE9D40
FEA5D0
FEAEE0
FEB860
FEC240
FECC90
FED750
FEE280
FEEE20
FEFA30
FF06A0
FF1390
FF20E0
FF2EA0
FF3CE0
FF4B60
FF5A30
FF6950
FF78C0
FF8890
FF98A0
FFA900
FFB9C0
FFCAC0
FFDC20
FFEDC0
FFFFC0
001200
0024A0
003790
004AC0
005E30
0071B0
008570
009950
00AD60
00C190
00D5F0
00EA70
00FF20
0113F0
012900
013E20
015380
0168F0
017EA0
019470
01AA40
01C010
01D5D0
01EB90
020160
021720
022CD0
024290
025850
026E00
0283B0
029960
02AF00
02C4B0
02DA50
02F000
030570
031AB0
032FD0
0344B0
035970
036E00
038260
039680
03AA90
03BE60
03D200
03E570
03F8C0
040BD0
041EC0
043170
0443E0
0455F0
0467A0
047910
048A20
049AD0
04AB40
04BB50
04CB00
04DA70
04E980
04F830
0506A0
0514B0
052260
052FD0
053CC0
054940
055550
0560F0
056C20
0576E0
058120
058B00
059460
059D60
05A5E0
05ADF0
05B5A0
05BCD0
05C390
05C9D0
05CFA0
05D4F0
05D9C0
05DE10
05E1D0
05E520
05E7F0
05EA30
05EC00
05ED50
05EE10
05EE60
05EE20
05ED70
05EC30
05EA80
05E840
05E590
05E250
05DEA0
05DA60
05D5B0
05D070
05CAC0
05C480
05BDD0
05B690
05AEE0
05A6A0
059DF0
0594C0
058B00
0580E0
057640
056B40
055FC0
0553E0
054780
053AB0
052D80
051FD0
0511B0
050320
04F420
04E4B0
04D4D0
04C480
04B3C0
04A2B0
049140
047F80
046D60
045B00
044840
043530
0421C0
040E00
03F9F0
03E590
03D0D0
03BBC0
03A660
0390A0
037AA0
036460
034DF0
033750
032090
030990
02F270
02DB20
02C3A0
02ABE0
029400
027BF0
0263B0
024B50
0232B0
0219E0
0200F0
01E7F0
01CEF0
01B5F0
019CE0
0183E0
016AD0
0151C0
0138A0
011F90
010670
00ED50
00D430
00BB00
00A1D0
0088B0
006F70
005670
003D90
0024D0
000C30
FFF3C0
FFDB80
FFC360
FFAB60
FF9390
FF7BE0
FF6460
FF4D00
FF35D0
FF1EC0
FF07E0
FEF110
FEDAA0
FEC480
FEAEA0
FE9910
FE83D0
FE6EE0
FE5A40
FE45E0
FE31D0
FE1E20
FE0AA0
FDF780
FDE4B0
FDD220
FDBFE0
FDADF0
FD9C60
FD8B50
FD7A90
FD6A50
FD5A60
FD4AF0
FD3BE0
FD2D30
FD1F00
FD1120
FD03C0
FCF6C0
FCEA20
FCDDF0
FCD230
FCC6D0
FCBBF0
FCB180
FCA790
FC9E20
FC9520
FC8C90
FC8480
FC7CF0
FC75D0
FC6F30
FC6900
FC6350
FC5E20
FC5960
FC5510
FC5150
FC4DF0
FC4B20
FC48C0
FC46E0
FC4570
FC4480
FC4410
FC4420
FC44A0
FC45A0
FC4710
FC4900
FC4B70
FC4E50
FC51C0
FC5590
FC59E0
FC5EA0
FC63C0
FC6960
FC6F60
FC75D0
FC7CB0
FC8400
FC8BC0
FC93F0
FC9C90
FCA590
FCAF10
FCB8F0
FCC340
FCCE10
FCD920
FCE490
FCF050
FCFC70
FD08E0
FD15A0
FD22C0
FD3020
FD3DF0
FD4C00
FD5A70
FD6940
FD7850
FD87C0
FD9790
FDA7A0
FDB7F0
FDC870
FDD930
FDEA10
FDFB30
FE0C80
FE1E00
FE2FB0
FE4190
FE53B0
FE6600
FE7880
FE8B30
FE9E20
FEB140
FEC480
FED7E0
FEEB40
FEFEC0
FF1240
FF25C0
FF3960
FF4D00
FF60B0
FF7470
FF8830
FF9C10
FFAFF0
FFC3D0
FFD7D0
FFEBD0
FFFFF0
0013E0
0027C0
003B80
004F20
0062A0
007610
008960
009CA0
00AFB0
00C2B0
00D590
00E860
00FB00
010D90
012010
013260
014480
015660
0167F0
017950
018A70
019B50
01ABF0
01BC40
01CC60
01DC40
01EBF0
01FB50
020A70
021950
0227F0
023660
024460
025210
025F60
026C60
0278F0
028530
029120
029CA0
02A7D0
02B2A0
02BD20
02C730
02D0F0
02DA60
02E360
02EC10
02F450
02FC20
030390
030A80
031110
031730
031CE0
032230
032700
032B70
032F70
033300
033630
0338E0
033B30
033D10
033E80
033F80
034000
034020
033FC0
033EF0
033DB0
033C00
0339E0
033750
033440
0330D0
032CE0
032880
0323C0
031E70
0318D0
0312B0
030C30
030540
02FDF0
02F630
02EE00
02E560
02DC60
02D2F0
02C920
02BED0
02B420
02A910
029D90
0291A0
028550
0278B0
026BB0
025E60
0250B0
0242B0
023450
0225A0
021690
020720
01F760
01E750
01D6E0
01C610
01B4F0
01A370
0191B0
017FC0
016D90
015B10
014860
013570
012240
010ED0
00FB20
00E740
00D310
00BEB0
00AA00
009520
008000
006AA0
005520
003F80
0029D0
0013F0
FFFE00
FFE7E0
FFD1B0
FFBB60
FFA4F0
FF8E60
FF77B0
FF60F0
FF4A00
FF32F0
FF1BD0
FF0490
FEED50
FED610
FEBED0
FEA7A0
FE9070
FE7930
FE6210
FE4AE0
FE33B0
FE1C90
FE0570
FDEE50
FDD730
FDC020
FDA910
FD91F0
FD7B00
FD6440
FD4D90
FD3710
FD20A0
FD0A60
FCF440
FCDE40
FCC870
FCB2B0
FC9D20
FC87B0
FC7260
FC5D30
FC4820
FC3340
FC1E90
FC0A20
FBF5F0
FBE200
FBCE40
FBBAC0
FBA790
FB9480
FB81C0
FB6F40
FB5CF0
FB4AE0
FB3910
FB2770
FB1620
FB0500
FAF430
FAE3C0
FAD390
FAC3B0
FAB420
FAA4F0
FA9600
FA8760
FA7910
FA6B10
FA5D70
FA5010
FA4300
FA3640
FA29D0
FA1DC0
FA11F0
FA0690
F9FB80
F9F0C0
F9E660
F9DC60
F9D2B0
F9C960
F9C070
F9B7D0
F9AF80
F9A7A0
F9A000
F998D0
F991F0
F98B60
F98530
F97F60
F979F0
F974D0
F97010
F96BA0
F96790
F963E0
F96080
F95D80
F95AE0
F95890
F956A0
F95510
F953D0
F952F0
F95260
F95220
F95240
F952A0
F95360
F95470
F955D0
F95780
F95980
F95BE0
F95E80
F96180
F964D0
F96870
F96C70
F970B0
F97540
F97A10
F97F30
F98480
F98A20
F99010
F99630
F99CA0
F9A360
F9AA50
F9B190
F9B910
F9C0E0
F9C8F0
F9D140
F9D9D0
F9E2A0
F9EB90
F9F4C0
F9FE20
FA07B0
FA1170
FA1B70
FA2590
FA2FE0
FA3A70
FA4530
FA5020
FA5B40
FA6690
FA7210
FA7DC0
FA8990
FA9580
FAA190
FAADC0
FABA10
FAC680
FAD300
FADFB0
FAEC70
FAF950
FB0650
FB1370
FB20B0
FB2E10
FB3B90
FB4920
FB56C0
FB6470
FB7230
FB7FF0
FB8DC0
FB9B90
FBA970
FBB760
FBC550
FBD350
FBE150
FBEF60
FBFD80
FC0BB0
FC19E0
FC2810
FC3650
FC4480
FC52A0
FC60C0
FC6EE0
FC7D00
FC8B10
FC9920
FCA720
FCB520
FCC320
FCD110
FCDF00
FCECF0
FCFAD0
FD08B0
FD1680
FD2430
FD31E0
FD3F70
FD4CF0
FD5A60
FD67C0
FD7510
FD8250
FD8F70
FD9C90
FDA990
FDB680
FDC360
FDD030
FDDCE0
FDE990
FDF610
FE0280
FE0EE0
FE1B20
FE2750
FE3360
FE3F60
FE4B40
FE5710
FE62C0
FE6E60
FE79E0
FE8540
FE90A0
FE9BD0
FEA6F0
FEB200
FEBCF0
FEC7C0
FED280
FEDD20
FEE7B0
FEF210
FEFC70
FF06B0
FF10D0
FF1AD0
FF24C0
FF2EA0
FF3850
FF4200
FF4B80
FF5500
FF5E60
FF67B0
FF70E0
FF7A00
FF8310
FF8C10
FF94F0
FF9DB0
FFA670
FFAF10
FFB790
FFC010
FFC870
FFD0B0
FFD8F0
FFE120
FFE940
FFF150
FFF950
000150
000930
001110
0018D0
002090
002840
002FE0
003770
003F00
004670
004DE0
005540
005CA0
006400
006B50
0072A0
0079F0
008140
008880
008FD0
009700
009E40
00A570
00ACA0
00B3D0
00BAF0
00C220
00C940
00D070
00D7A0
00DEE0
00E610
00ED50
00F4A0
00FBF0
010340
010A90
0111F0
011950
0120B0
012820
012F90
013700
013E80
014610
014DB0
015560
015D10
0164D0
016CA0
017480
017C70
018460
018C70
019480
019CA0
01A4D0
01AD00
01B550
01BDA0
01C610
01CE90
01D720
01DFC0
01E880
01F140
01FA20
020310
020C10
021520
021E40
022780
0230C0
023A20
024390
024D10
0256A0
026050
026A10
0273E0
027DC0
0287B0
0291C0
029BE0
02A610
02B050
02BAA0
02C510
02CF80
02DA10
02E4C0
02EF70
02FA30
030500
030FF0
031AE0
0325F0
033100
033C30
034760
0352B0
035E10
036980
0374F0
038080
038C20
0397D0
03A380
03AF40
03BB10
03C6E0
03D2C0
03DEA0
03EA90
03F680
040280
040E80
041A90
0426A0
0432C0
043EF0
044B20
045750
046390
046FC0
047BF0
048830
049460
04A090
04ACC0
04B8F0
04C520
04D140
04DD70
04E9A0
04F5C0
0501F0
050E10
051A30
052640
053250
053E40
054A20
055600
0561C0
056D80
057920
0584B0
059040
059BB0
05A720
05B280
05BDC0
05C900
05D420
05DF30
05EA20
05F4F0
05FFB0
060A40
0614C0
061F20
062970
063390
063DA0
064790
065160
065B10
0664A0
066E20
067780
0680B0
0689C0
069290
069B50
06A3D0
06AC30
06B460
06BC60
06C440
06CBF0
06D370
06DAD0
06E1F0
06E900
06EFD0
06F680
06FCF0
070330
070940
070F20
0714C0
071A20
071F60
072460
072920
072DC0
073220
073640
073A30
073DF0
074180
0744D0
0747E0
074AC0
074D50
074FB0
0751D0
0753B0
075550
0756B0
0757D0
0758C0
075960
0759D0
075A00
0759E0
075990
075910
075840
075730
0755E0
075450
075270
075060
074E10
074B80
0748A0
074590
074230
073EA0
073AC0
0736B0
073250
072DB0
0728D0
0723C0
071E60
0718C0
0712E0
070CC0
070660
06FFC0
06F8E0
06F1C0
06EA60
06E2C0
06DAE0
06D2C0
06CA60
06C1C0
06B8E0
06AFD0
06A680
069D00
069340
068940
067F10
0674A0
066A00
065F20
065400
0648B0
063D30
063160
062570
061930
060CD0
060040
05F380
05E680
05D960
05CC10
05BE90
05B0E0
05A310
059500
0586C0
057850
0569C0
055AF0
054C00
053CD0
052D90
051E20
050EA0
04FEF0
04EF30
04DF40
04CF30
04BF10
04AEC0
049E50
048DC0
047D20
046C50
045B60
044A50
043920
0427E0
041690
040530
03F3C0
03E240
03D0B0
03BF10
03AD60
039BA0
0389C0
0377E0
0365F0
0353F0
0341D0
032FB0
031D80
030B50
02F910
02E6E0
02D4B0
02C280
02B050
029E30
028C00
0279D0
0267A0
025580
024350
023130
021F00
020CE0
01FAC0
01E8B0
01D6B0
01C4C0
01B2E0
01A110
018F60
017DB0
016C20
015A90
014920
0137C0
012670
011530
010400
00F2E0
00E1E0
00D0F0
00C020
00AF80
009EF0
008E90
007E40
006E20
005E10
004E30
003E60
002EC0
001F30
000FD0
000080
FFF160
FFE250
FFD380
FFC4D0
FFB640
FFA7F0
FF99C0
FF8BC0
FF7DE0
FF7030
FF62B0
FF5560
FF4830
FF3B30
FF2E60
FF21B0
FF1540
FF08E0
FEFCC0
FEF0E0
FEE520
FED990
FECE40
FEC310
FEB820
FEAD60
FEA2C0
FE9860
FE8E40
FE8440
FE7A70
FE70E0
FE6770
FE5E40
FE5540
FE4C70
FE43D0
FE3B70
FE3340
FE2B40
FE2370
FE1BE0
FE1480
FE0D50
FE0650
FDFF90
FDF900
FDF2A0
FDEC70
FDE680
FDE0B0
FDDB20
FDD5C0
FDD080
FDCB80
FDC6B0
FDC210
FDBDA0
FDB960
FDB550
FDB170
FDADC0
FDAA40
FDA6F0
FDA3D0
FDA0F0
FD9E20
FD9B90
FD9920
FD96D0
FD94B0
FD92C0
FD90F0
FD8F50
FD8DE0
FD8C90
FD8B60
FD8A60
FD8990
FD88E0
FD8860
FD8810
FD87D0
FD87B0
FD87B0
FD87D0
FD8810
FD8860
FD88D0
FD8960
FD8A10
FD8AE0
FD8BD0
FD8CD0
FD8E00
FD8F40
FD90A0
FD9220
FD93B0
FD9550
FD96F0
FD98B0
FD9A80
FD9C50
FD9E40
FDA040
FDA240
FDA460
FDA680
FDA8B0
FDAB00
FDAD50
FDAFB0
FDB230
FDB4A0
FDB710
FDB980
FDBBF0
FDBE70
FDC0E0
FDC350
FDC5C0
FDC830
FDCAA0
FDCD10
FDCF80
FDD1F0
FDD460
FDD6D0
FDD940
FDDBA0
FDDDF0
FDE030
FDE260
FDE480
FDE690
FDE8A0
FDEA90
FDEC70
FDEE50
FDF010
FDF1D0
FDF370
FDF510
FDF690
FDF810
FDF970
FDFAB0
FDFBD0
FDFCD0
FDFDC0
FDFE90
FDFF40
FDFFD0
FE0050
FE00A0
FE00E0
FE0100
FE0100
FE00F0
FE00C0
FE0060
FDFFF0
FDFF50
FDFE90
FDFDA0
FDFC90
FDFB50
FDF9F0
FDF860
FDF6C0
FDF4E0
FDF2E0
FDF0C0
FDEE80
FDEC10
FDE970
FDE6C0
FDE3D0
FDE0C0
FDDD70
FDDA00
FDD670
FDD2A0
FDCEA0
FDCA80
FDC630
FDC1B0
FDBD10
FDB830
FDB330
FDAE00
FDA8A0
FDA320
FD9D60
FD9780
FD9170
FD8B30
FD84C0
FD7E30
FD7770
FD7080
FD6960
FD6210
FD5A90
FD52F0
FD4B20
FD4320
FD3AF0
FD32A0
FD2A20
FD2170
FD18A0
FD0FA0
FD0680
FCFD30
FCF3B0
FCEA10
FCE050
FCD660
FCCC40
FCC200
FCB790
FCAD00
FCA240
FC9760
FC8C60
FC8130
FC75F0
FC6A90
FC5F10
FC5370
FC47B0
FC3BE0
FC2FE0
FC23D0
FC1790
FC0B40
FBFEC0
FBF230
FBE580
FBD8B0
FBCBD0
FBBEE0
FBB1D0
FBA4C0
FB97A0
FB8A60
FB7D20
FB6FC0
FB6260
FB54E0
FB4750
FB39B0
FB2C00
FB1E50
FB1080
FB0290
FAF4B0
FAE6D0
FAD8F0
FACB20
FABD40
FAAF60
FAA180
FA93A0
FA85C0
FA77F0
FA6A10
FA5C30
FA4E60
FA4080
FA32B0
FA24D0
FA1710
FA0960
F9FBC0
F9EE30
F9E0B0
F9D350
F9C5F0
F9B8B0
F9AB80
F99E60
F99160
F98460
F97780
F96AA0
F95DE0
F95140
F944B0
F93850
F92C10
F91FF0
F91400
F90830
F8FC80
F8F100
F8E5A0
F8DA60
F8CF50
F8C460
F8B990
F8AEF0
F8A460
F89A10
F88FE0
F885F0
F87C30
F872A0
F86950
F86030
F85740
F84E90
F84610
F83DC0
F835B0
F82DC0
F82610
F81EA0
F81750
F81040
F80980
F802F0
F7FCA0
F7F6A0
F7F0D0
F7EB50
F7E610
F7E100
F7DC40
F7D7D0
F7D390
F7CF90
F7CBD0
F7C860
F7C530
F7C230
F7BF90
F7BD20
F7BB10
F7B930
F7B7B0
F7B660
F7B570
F7B4B0
F7B450
F7B420
F7B450
F7B4B0
F7B570
F7B660
F7B7B0
F7B930
F7BB10
F7BD30
F7BF90
F7C240
F7C540
F7C880
F7CC00
F7CFD0
F7D3F0
F7D860
F7DD00
F7E200
F7E740
F7ECD0
F7F2A0
F7F8B0
F7FF10
F805B0
F80CA0
F813C0
F81B30
F822E0
F82AD0
F83300
F83B80
F84440
F84D40
F85680
F86000
F869D0
F873E0
F87E30
F888C0
F89380
F89E70
F8A9A0
F8B510
F8C0B0
F8CC90
F8D8A0
F8E4E0
F8F160
F8FE20
F90B10
F91840
F925A0
F93330
F94110
F94F00
F95D20
F96B60
F979D0
F98860
F99720
F9A600
F9B510
F9C430
F9D390
F9E310
F9F2B0
FA0270
FA1260
FA2280
FA32B0
FA4300
FA5360
FA63E0
FA7460
FA84F0
FA95A0
FAA650
FAB720
FAC800
FAD8F0
FAE9F0
FAFB10
FB0C30
FB1D60
FB2EB0
FB4010
FB5160
FB62C0
FB7400
FB8550
FB9690
FBA7D0
FBB910
FBCA40
FBDB80
FBECA0
FBFDD0
FC0EF0
FC2010
FC3130
FC4240
FC5360
FC6450
FC7530
FC85F0
FC96A0
FCA720
FCB7A0
FCC7F0
FCD830
FCE850
FCF860
FD0850
FD1820
FD27E0
FD3780
FD4700
FD5670
FD65B0
FD74C0
FD83A0
FD9250
FDA0D0
FDAF20
FDBD40
FDCB40
FDD910
FDE6A0
FDF410
FE0150
FE0E60
FE1B40
FE27F0
FE3480
FE40C0
FE4CD0
FE58A0
FE6430
FE6F80
FE7A90
FE8570
FE9000
FE9A60
FEA480
FEAE60
FEB810
FEC170
FECAA0
FED380
FEDC30
FEE4A0
FEECC0
FEF4A0
FEFC30
FF0380
FF0A90
FF1150
FF17D0
FF1E00
FF23F0
FF29A0
FF2F00
FF3420
FF38F0
FF3D80
FF41D0
FF45D0
FF4980
FF4CF0
FF5020
FF5300
FF55A0
FF57F0
FF59F0
FF5BB0
FF5D30
FF5E60
FF5F50
FF5FF0
FF6040
FF6050
FF6020
FF5FA0
FF5EF0
FF5DF0
FF5CB0
FF5B30
FF5960
FF5760
FF5510
FF5290
FF4FC0
FF4CB0
FF4960
FF45D0
FF4200
FF3DE0
FF3990
FF3500
FF3040
FF2B40
FF2610
FF20B0
FF1B20
FF1550
FF0F50
FF0920
FF02C0
FEFC20
FEF550
FEEE40
FEE700
FEDF90
FED7F0
FED020
FEC840
FEC030
FEB800
FEAFB0
FEA740
FE9EB0
FE9600
FE8D30
FE8430
FE7B10
FE71E0
FE6880
FE5F00
FE5560
FE4BA0
FE41D0
FE3800
FE2E20
FE2430
FE1A40
FE1040
FE0640
FDFC30
FDF210
FDE7F0
FDDDC0
FDD390
FDC950
FDBF00
FDB4B0
FDAA50
FDA000
FD95C0
FD8B90
FD8170
FD7760
FD6D60
FD6370
FD5990
FD4FC0
FD4600
FD3C50
FD32B0
FD2920
FD1FA0
FD1630
FD0CD0
FD0390
FCFA80
FCF1A0
FCE8E0
FCE050
FCD7F0
FCCFB0
FCC790
FCBFB0
FCB7E0
FCB050
FCA8E0
FCA190
FC9A80
FC9380
FC8CC0
FC8630
FC7FE0
FC79E0
FC7410
FC6E90
FC6940
FC6430
FC5F70
FC5AE0
FC5690
FC5290
FC4EC0
FC4B40
FC47F0
FC44E0
FC4220
FC3FA0
FC3D80
FC3BA0
FC3A20
FC38F0
FC3810
FC3780
FC3740
FC3750
FC37C0
FC3870
FC3980
FC3AD0
FC3C80
FC3E80
FC40D0
FC4380
FC4680
FC49E0
FC4DA0
FC51C0
FC5630
FC5B00
FC6030
FC65B0
FC6BA0
FC71D0
FC7870
FC7F70
FC86C0
FC8E70
FC9670
FC9EE0
FCA7A0
FCB0C0
FCBA40
FCC420
FCCE50
FCD8E0
FCE3D0
FCEF20
FCFAD0
FD06D0
FD1340
FD2000
FD2D20
FD3A90
FD4870
FD56A0
FD6520
FD7400
FD8330
FD92B0
FDA290
FDB2C0
FDC350
FDD430
FDE560
FDF6F0
FE08D0
FE1B10
FE2DA0
FE4080
FE53C0
FE6740
FE7B10
FE8F10
FEA370
FEB800
FECCE0
FEE210
FEF780
FF0D30
FF2320
FF3960
FF4FE0
FF66B0
FF7DC0
FF9520
FFACB0
FFC480
FFDC80
FFF4A0
000D00
002580
003E30
005720
007030
008970
00A2E0
00BC80
00D640
00F040
010A70
0124C0
013F50
0159E0
017490
018F40
01AA10
01C4F0
01DFE0
01FAD0
0215E0
023100
024C30
026770
0282D0
029E30
02B9A0
02D520
02F0C0
030C40
0327C0
034320
035E80
0379C0
039500
03B030
03CB50
03E660
040160
041C50
043730
045200
046CC0
048770
04A220
04BC90
04D6D0
04F0E0
050AD0
052480
053E00
055750
057070
058960
05A220
05BAB0
05D300
05EB30
060330
061B00
063290
0649E0
0660E0
067790
068DF0
06A400
06B9D0
06CF40
06E470
06F940
070DD0
072210
073600
0749A0
075CF0
076FF0
0782B0
079500
07A6E0
07B860
07C970
07DA10
07EA60
07FA30
0809A0
0818B0
082750
083580
084350
0850C0
085DB0
086A50
087670
088230
088D60
089820
08A260
08AC30
08B580
08BE60
08C6C0
08CEA0
08D610
08DD00
08E370
08E970
08EEF0
08F400
08F890
08FCA0
090030
090330
0905B0
0907B0
090930
090A30
090AA0
090AA0
090A10
090900
090760
090550
0902B0
08FF90
08FBF0
08F7D0
08F330
08EE00
08E860
08E230
08DB90
08D460
08CCC0
08C490
08BBE0
08B2C0
08A910
089EE0
089430
088900
087D50
087130
086490
085780
0849F0
083BF0
082D80
081E90
080F30
07FF60
07EF10
07DE50
07CD20
07BB70
07A950
0796B0
0783B0
077040
075C70
074840
0733B0
071EC0
070970
06F3C0
06DDB0
06C740
06B070
069940
0681B0
0669C0
065170
0638C0
061FA0
060650
05ECB0
05D2E0
05B8B0
059E50
0583A0
0568B0
054D80
053210
051650
04FA50
04DE10
04C190
04A4C0
0487B0
046A60
044CF0
042F50
0411A0
03F3C0
03D5D0
03B7B0
039970
037B10
035C90
033DF0
031F20
030040
02E140
02C210
02A2C0
028360
0263F0
024490
022530
0205D0
01E670
01C720
01A7C0
018870
016920
0149E0
012A90
010B50
00EC10
00CCD0
00ADA0
008E60
006F50
005070
0031B0
001320
FFF4B0
FFD660
FFB840
FF9A50
FF7C80
FF5ED0
FF4150
FF2400
FF06D0
FEE9C0
FECCE0
FEB030
FE93C0
FE7790
FE5BB0
FE4020
FE24D0
FE09D0
FDEF20
FDD4B0
FDBA80
FDA0A0
FD8710
FD6DC0
FD54C0
FD3C10
FD23A0
FD0B70
FCF3B0
FCDC50
FCC550
FCAEC0
FC9890
FC82C0
FC6D50
FC5840
FC43A0
FC2F60
FC1B80
FC0810
FBF500
FBE250
FBD000
FBBE10
FBACA0
FB9BA0
FB8B20
FB7B10
FB6B80
FB5C60
FB4DC0
FB3F90
FB31D0
FB2490
FB17D0
FB0B80
FAFFA0
FAF440
FAE950
FADED0
FAD4E0
FACB70
FAC270
FABA00
FAB210
FAAA90
FAA3A0
FA9D30
FA9730
FA91C0
FA8CD0
FA8850
FA8460
FA80F0
FA7E00
FA7B80
FA7990
FA7820
FA7730
FA76B0
FA76C0
FA7740
FA7850
FA79E0
FA7BE0
FA7E70
FA8170
FA8500
FA8900
FA8D90
FA9290
FA9820
FA9E10
FAA480
FAAB70
FAB2C0
FABA90
FAC2D0
FACB90
FAD4C0
FADE60
FAE870
FAF300
FAFE00
FB0970
FB1550
FB21B0
FB2E80
FB3BB0
FB4940
FB5740
FB6590
FB7450
FB8370
FB92E0
FBA2C0
FBB300
FBC3A0
FBD4A0
FBE610
FBF7D0
FC0A00
FC1C80
FC2F70
FC42A0
FC5610
FC69D0
FC7DE0
FC9220
FCA6C0
FCBB90
FCD0B0
FCE610
FCFBC0
FD11B0
FD27F0
FD3E70
FD5540
FD6C40
FD83A0
FD9B10
FDB2C0
FDCA80
FDE280
FDFA90
FE12E0
FE2B40
FE43E0
FE5CA0
FE7580
FE8E90
FEA7C0
FEC120
FEDAA0
FEF450
FF0E20
FF2800
FF41E0
FF5BD0
FF75C0
FF8FB0
FFA9B0
FFC3C0
FFDDD0
FFF7E0
001200
002C20
004650
006080
007AB0
0094F0
00AF40
00C970
00E380
00FD80
011770
013140
014AF0
0164A0
017E20
019790
01B0F0
01CA30
01E360
01FC70
021570
022E60
024720
025FC0
027820
029060
02A850
02C020
02D7C0
02EF20
030650
031D40
033410
034AA0
036100
037720
038D20
03A2E0
03B870
03CDB0
03E2B0
03F760
040BD0
041FF0
0433C0
044750
045A90
046D90
048030
0492A0
04A4C0
04B690
04C810
04D950
04EA50
04FAF0
050B30
051B20
052AC0
053A00
0548E0
055780
0565B0
057390
058120
058E60
059B40
05A7C0
05B3F0
05BFC0
05CB50
05D670
05E130
05EBA0
05F5B0
05FF60
0608C0
0611B0
061A50
062290
062A80
063200
063930
064000
064680
064C90
065250
0657B0
065CC0
066170
0665C0
0669C0
066D60
0670B0
0673A0
067640
067880
067A60
067BF0
067D20
067E00
067E80
067EA0
067E80
067E10
067D40
067C30
067AD0
067920
067720
0674E0
067240
066F60
066C20
0668A0
0664D0
0660B0
065C30
065780
065280
064D40
0647D0
064220
063C30
063610
062FA0
062900
062220
061B10
0613B0
060C20
060450
05FC50
05F400
05EB80
05E2D0
05DA00
05D110
05C7F0
05BEA0
05B540
05ABB0
05A1F0
059810
058E10
0583E0
057990
056F10
056470
0559B0
054EC0
0543C0
0538C0
052DA0
052280
051750
050C10
0500C0
04F560
04E9F0
04DE70
04D2F0
04C750
04BBB0
04B000
04A440
049870
048CB0
0480F0
047540
046990
045DF0
045250
0446C0
043B40
042FC0
042450
0418E0
040D80
040220
03F6D0
03EB90
03E050
03D530
03CA30
03BF50
03B490
03A9E0
039F60
0394F0
038AA0
038070
037670
036C70
0362A0
0358F0
034F60
0345E0
033C90
033360
032A60
032190
0318F0
031080
030830
030020
02F830
02F070
02E8E0
02E170
02DA40
02D340
02CC60
02C5B0
02BF30
02B8E0
02B2D0
02AD00
02A760
02A1F0
029CC0
0297C0
029300
028E80
028A20
028610
028220
027E80
027B00
0277D0
0274C0
027200
026F70
026D10
026AF0
026910
026760
0265F0
0264C0
0263C0
026300
026270
026220
026210
026230
026290
026320
0263F0
0264F0
026630
026790
026930
026B10
026D20
026F60
0271D0
027480
027760
027A70
027DC0
028140
028500
0288E0
028D00
029140
0295A0
029A30
029EF0
02A3E0
02A8F0
02AE20
02B390
02B910
02BED0
02C4B0
02CAC0
02D0F0
02D750
02DDD0
02E470
02EB30
02F200
02F8F0
030000
030720
030E50
0315A0
031D10
032490
032C30
0333F0
033BC0
0343B0
034BB0
0353D0
035BF0
036420
036C50
037480
037CB0
0384F0
038D40
039580
039DD0
03A630
03AE80
03B6E0
03BF50
03C7B0
03D020
03D8A0
03E100
03E960
03F1A0
03F9E0
040210
040A20
041230
041A30
042220
042A00
0431D0
043990
044150
0448F0
045080
045810
045F70
0466B0
046DD0
0474D0
047BA0
048260
0488F0
048F60
0495B0
049BE0
04A1E0
04A7D0
04AD90
04B330
04B8B0
04BE10
04C330
04C830
04CCF0
04D180
04D5E0
04DA00
04DE00
04E1C0
04E550
04E8B0
04EBE0
04EED0
04F1A0
04F430
04F690
04F8B0
04FAA0
04FC50
04FDC0
04FEF0
04FFF0
0500A0
050110
050150
050150
050100
050080
04FFC0
04FEC0
04FD80
04FC00
04FA50
04F850
04F610
04F380
04F0C0
04EDB0
04EA70
04E6D0
04E300
04DEF0
04DA90
04D5F0
04D110
04CBF0
04C690
04C0E0
04BB00
04B4D0
04AE60
04A7B0
04A0D0
0499A0
049230
048A80
048290
047A70
047200
046950
046060
045740
044DD0
044420
043A30
043010
0425B0
041B20
041050
040550
03FA10
03EEA0
03E300
03D720
03CB00
03BEB0
03B230
03A570
039880
038B50
037DE0
037060
0362A0
0354C0
0346C0
033890
032A40
031BC0
030D20
02FE50
02EF50
02E030
02D0F0
02C180
02B1F0
02A230
029240
028250
027240
026210
0251E0
024190
023130
0220C0
021040
01FFA0
01EEF0
01DE20
01CD50
01BC60
01AB60
019A50
018920
017800
0166E0
0155C0
0144A0
013380
012260
011150
010040
00EF30
00DE20
00CD10
00BC10
00AB10
009A00
008900
007810
006720
005660
0045B0
003510
002490
001430
0003F0
FFF3B0
FFE3A0
FFD3A0
FFC3C0
FFB3F0
FFA440
FF94B0
FF8530
FF75C0
FF6690
FF5780
FF48B0
FF3A00
FF2B90
FF1D40
FF0F20
FF0130
FEF370
FEE5E0
FED880
FECB50
FEBE50
FEB170
FEA4D0
FE9850
FE8C20
FE8020
FE7470
FE68F0
FE5DB0
FE52C0
FE4800
FE3D80
FE3350
FE2950
FE1F90
FE1610
FE0CD0
FE03D0
FDFB10
FDF2A0
FDEA60
FDE280
FDDAE0
FDD390
FDCC80
FDC5C0
FDBF50
FDB930
FDB350
FDADC0
FDA880
FDA380
FD9ED0
FD9A70
FD9650
FD9280
FD8F00
FD8BD0
FD88F0
FD8660
FD8420
FD8220
FD8080
FD7F30
FD7E20
FD7D70
FD7D00
FD7CF0
FD7D20
FD7DB0
FD7E80
FD7FA0
FD8110
FD82D0
FD84D0
FD8720
FD89C0
FD8CB0
FD8FE0
FD9360
FD9730
FD9B50
FD9FB0
FDA460
FDA960
FDAEA0
FDB440
FDBA10
FDC030
FDC6A0
FDCD40
FDD420
FDDB40
FDE2A0
FDEA50
FDF230
FDFA60
FE02C0
FE0B70
FE1460
FE1D80
FE26F0
FE30A0
FE3A90
FE44B0
FE4F00
FE5980
FE6420
FE6F00
FE7A10
FE8550
FE90B0
FE9C50
FEA810
FEB410
FEC030
FECC90
FED910
FEE5D0
FEF2B0
FEFFB0
FF0CD0
FF1A00
FF2740
FF34B0
FF4230
FF4FC0
FF5D70
FF6B40
FF7920
FF8710
FF9530
FFA360
FFB1A0
FFC000
FFCE80
FFDCF0
FFEB70
FFF9F0
000870
0016E0
002560
0033E0
004260
0050D0
005F50
006DD0
007C50
008AD0
009950
00A7D0
00B640
00C4B0
00D300
00E130
00EF40
00FD40
010B30
011900
0126B0
013450
0141D0
014F30
015C80
0169B0
0176D0
0183D0
0190C0
019D70
01AA00
01B650
01C270
01CE70
01DA30
01E5C0
01F120
01FC50
020750
021220
021CC0
022730
023170
023B80
024550
024EF0
025840
026150
026A10
0272A0
027AE0
0282D0
028A90
029200
029930
02A010
02A6C0
02AD20
02B330
02B910
02BEA0
02C3E0
02C8D0
02CD70
02D1C0
02D5B0
02D960
02DCB0
02DFC0
02E270
02E4D0
02E6E0
02E8A0
02EA10
02EB30
02EBF0
02EC70
02EC90
02EC50
02EBC0
02EAE0
02E9A0
02E810
02E620
02E3E0
02E140
02DE50
02DB00
02D760
02D370
02CF20
02CA70
02C570
02C020
02BA70
02B470
02AE10
02A770
02A070
029910
029160
028960
028110
027860
026F60
026600
025C50
025250
0247F0
023D50
023260
022720
021BA0
020FC0
0203A0
01F740
01EA80
01DD80
01D030
01C2A0
01B4C0
01A690
019810
018950
017A30
016AF0
015B60
014BA0
013BA0
012B70
011AF0
010A40
00F960
00E840
00D6E0
00C540
00B370
00A160
008F10
007C90
0069C0
0056E0
0043D0
0030A0
001D50
0009D0
FFF630
FFE270
FFCE80
FFBA70
FFA630
FF91D0
FF7D50
FF68B0
FF53E0
FF3EF0
FF29D0
FF14B0
FEFF80
FEEA40
FED4F0
FEBF90
FEAA30
FE94C0
FE7F40
FE69B0
FE5410
FE3E70
FE28B0
FE12F0
FDFD20
FDE740
FDD160
FDBB80
FDA5B0
FD8FE0
FD7A30
FD6480
FD4EE0
FD3950
FD23C0
FD0E50
FCF8E0
FCE370
FCCE20
FCB8D0
FCA390
FC8E60
FC7940
FC6440
FC4F60
FC3AA0
FC2600
FC1190
FBFD40
FBE910
FBD500
FBC120
FBAD50
FB99B0
FB8630
FB72E0
FB5FA0
FB4C90
FB39A0
FB26E0
FB1460
FB0210
FAEFF0
FADE10
FACC60
FABAF0
FAA9B0
FA98A0
FA87D0
FA7730
FA66C0
FA5690
FA4690
FA36C0
FA2730
FA17E0
FA08D0
F9FA00
F9EB70
F9DD30
F9CF20
F9C160
F9B3E0
F9A6A0
F999A0
F98CE0
F98060
F97420
F96830
F95C80
F95100
F945E0
F93AF0
F93050
F92600
F91BF0
F91230
F908B0
F8FF70
F8F680
F8EDD0
F8E570
F8DD50
F8D580
F8CDF0
F8C6B0
F8BFB0
F8B900
F8B280
F8AC50
F8A670
F8A0D0
F89B70
F89650
F89180
F88CF0
F888B0
F884B0
F880F0
F87D80
F87A40
F87760
F874B0
F87250
F87020
F86E20
F86C70
F86AF0
F869B0
F868A0
F867D0
F86740
F866F0
F866D0
F866F0
F86750
F867F0
F868C0
F869D0
F86B10
F86C70
F86E00
F86FC0
F871B0
F873D0
F87610
F87880
F87B20
F87DE0
F880D0
F883F0
F88740
F88AC0
F88E60
F89230
F89620
F89A20
F89E30
F8A270
F8A6C0
F8AB20
F8AFA0
F8B430
F8B8E0
F8BDB0
F8C290
F8C780
F8CCA0
F8D1C0
F8D710
F8DC60
F8E1C0
F8E730
F8EC90
F8F200
F8F780
F8FCF0
F90270
F907F0
F90D70
F91300
F91880
F91E10
F923B0
F92940
F92EE0
F93490
F93A20
F93FA0
F94510
F94A80
F94FD0
F95510
F95A50
F95F70
F96480
F96990
F96E80
F97370
F97840
F97D10
F981C0
F98670
F98AF0
F98F60
F993B0
F997E0
F99BF0
F99FE0
F9A3B0
F9A760
F9AAF0
F9AE60
F9B1C0
F9B4F0
F9B800
F9BB00
F9BDE0
F9C090
F9C320
F9C590
F9C7D0
F9C9E0
F9CBC0
F9CD80
F9CF10
F9D080
F9D1C0
F9D2D0
F9D3C0
F9D480
F9D520
F9D590
F9D5D0
F9D5E0
F9D5D0
F9D590
F9D520
F9D490
F9D3D0
F9D2E0
F9D1C0
F9D070
F9CF00
F9CD60
F9CB90
F9C9A0
F9C780
F9C530
F9C2B0
F9C000
F9BD30
F9BA30
F9B710
F9B3D0
F9B050
F9ACC0
F9A8F0
F9A500
F9A0F0
F99CB0
F99840
F993B0
F98F00
F98A20
F98510
F97FE0
F97A90
F97520
F96FA0
F96A00
F96440
F95E60
F95870
F95260
F94C30
F945F0
F93F90
F93910
F93270
F92BC0
F924E0
F91E00
F91700
F91000
F908F0
F901E0
F8FAC0
F8F390
F8EC60
F8E520
F8DDD0
F8D680
F8CF20
F8C7B0
F8C040
F8B8C0
F8B140
F8A9B0
F8A230
F89AB0
F89350
F88BF0
F884A0
F87D60
F87620
F86F00
F867E0
F860D0
F859D0
F852E0
F84C00
F84520
F83E50
F837A0
F83100
F82A80
F82430
F81E10
F81800
F81220
F80C60
F806C0
F80150
F7FBF0
F7F6D0
F7F1C0
F7ECE0
F7E820
F7E380
F7DF00
F7DAC0
F7D6C0
F7D300
F7CF70
F7CC30
F7C910
F7C640
F7C3A0
F7C140
F7BF20
F7BD30
F7BB80
F7BA10
F7B8E0
F7B7E0
F7B720
F7B6B0
F7B690
F7B6B0
F7B730
F7B7F0
F7B910
F7BA70
F7BC20
F7BE20
F7C070
F7C310
F7C5F0
F7C930
F7CCB0
F7D080
F7D4B0
F7D920
F7DE00
F7E330
F7E8C0
F7EEA0
F7F4E0
F7FB80
F80270
F809C0
F81170
F81970
F821D0
F82A90
F833A0
F83D10
F846D0
F85100
F85B80
F86660
F871A0
F87D30
F88930
F89580
F8A230
F8AF40
F8BCB0
F8CA80
F8D8A0
F8E720
F8F610
F90550
F914E0
F924E0
F93520
F945C0
F956C0
F96810
F979B0
F98BA0
F99E00
F9B0A0
F9C3A0
F9D6F0
F9EAA0
F9FEA0
FA12F0
FA27A0
FA3CB0
FA51F0
FA6790
FA7D60
FA9380
FAA9F0
FAC0A0
FAD790
FAEED0
FB0650
FB1E10
FB3620
FB4E80
FB6720
FB8000
FB9930
FBB2A0
FBCC40
FBE610
FC0010
FC1A40
FC34A0
FC4F20
FC69E0
FC84C0
FC9FD0
FCBB10
FCD680
FCF220
FD0DF0
FD29F0
FD4620
FD6270
FD7EE0
FD9B50
FDB7E0
FDD470
FDF120
FE0DD0
FE2AA0
FE4770
FE6450
FE8150
FE9E50
FEBB60
FED880
FEF5C0
FF1300
FF3050
FF4D90
FF6AC0
FF87D0
FFA4D0
FFC1D0
FFDEA0
FFFB70
001820
0034C0
005150
006DD0
008A30
00A680
00C2C0
00DEF0
00FB00
0116E0
013290
014E00
016940
018450
019F20
01B9C0
01D420
01EE50
020850
022220
023BB0
025500
026E20
028710
029FD0
02B830
02D040
02E7F0
02FF50
031650
032D00
034360
035960
036F10
038470
039970
03AE10
03C270
03D670
03EA10
03FD60
041040
0422B0
0434B0
044650
045770
046820
047860
048840
0497A0
04A690
04B520
04C330
04D0E0
04DE10
04EAE0
04F730
050310
050E60
051940
052390
052D60
0536B0
053F80
0547D0
054FA0
0556F0
055DC0
056410
0569E0
056F20
0573F0
057830
057BF0
057F30
0581E0
058410
0585B0
0586D0
058770
058780
058700
058610
058480
058280
057FF0
057CD0
057930
057510
057060
056B40
056590
055F60
0558A0
055170
0549C0
054180
0538C0
052F80
0525C0
051B80
0510B0
050560
04F9A0
04ED50
04E080
04D350
04C5B0
04B790
04A900
049A10
048AA0
047AB0
046A60
0459A0
044860
0436C0
0424A0
041210
03FF10
03EB90
03D7C0
03C3A0
03AF20
039A40
038510
036F80
035990
034350
032CB0
0315B0
02FE60
02E6B0
02CEB0
02B640
029D90
028470
026B20
0251A0
0237E0
021DE0
0203A0
01E930
01CE90
01B3B0
019890
017D30
0161A0
0145E0
0129E0
010DA0
00F130
00D480
00B7B0
009AD0
007DE0
0060D0
0043B0
002680
000930
FFEBD0
FFCE50
FFB0C0
FF9320
FF7560
FF5790
FF39A0
FF1BA0
FEFD80
FEDF80
FEC180
FEA390
FE85B0
FE67E0
FE4A10
FE2C60
FE0EB0
FDF110
FDD380
FDB600
FD9890
FD7B30
FD5DD0
FD4080
FD2350
FD0640
FCE960
FCCCB0
FCB020
FC93D0
FC77B0
FC5BB0
FC3FE0
FC2450
FC08E0
FBEDA0
FBD290
FBB7B0
FB9D00
FB8270
FB6820
FB4E10
FB3450
FB1AD0
FB01A0
FAE8C0
FAD020
FAB7D0
FA9FD0
FA8810
FA70A0
FA5970
FA4290
FA2C00
FA15B0
F9FFB0
F9E9F0
F9D4A0
F9BFA0
F9AB00
F996B0
F982D0
F96F40
F95C10
F94940
F936D0
F924C0
F91300
F901A0
F8F0A0
F8E000
F8CFC0
F8BFD0
F8B050
F8A130
F89280
F88430
F87640
F868C0
F85BB0
F84EF0
F842A0
F836C0
F82B40
F82020
F81570
F80B20
F80130
F7F7B0
F7EE90
F7E5E0
F7DD90
F7D5A0
F7CE20
F7C6F0
F7C040
F7B9E0
F7B3F0
F7AE70
F7A950
F7A490
F7A030
F79C40
F798B0
F79580
F792B0
F79040
F78E30
F78C70
F78B20
F78A10
F78970
F78920
F78940
F789A0
F78A70
F78B90
F78D10
F78EF0
F79130
F793C0
F796A0
F799D0
F79D40
F7A100
F7A510
F7A960
F7AE00
F7B2F0
F7B820
F7BDA0
F7C370
F7C990
F7CFF0
F7D690
F7DD90
F7E4D0
F7EC40
F7F3F0
F7FBC0
F803D0
F80C10
F81480
F81D30
F82600
F82F10
F83850
F841C0
F84B60
F85530
F85F40
F86980
F873E0
F87E70
F88910
F893C0
F89E90
F8A980
F8B480
F8BFA0
F8CAD0
F8D620
F8E180
F8ED00
F8F8A0
F90450
F91020
F91C00
F927F0
F933F0
F93FE0
F94BE0
F957D0
F963C0
F96FB0
F97B90
F98780
F99360
F99F40
F9AB30
F9B710
F9C2E0
F9CEC0
F9DAA0
F9E670
F9F230
F9FDD0
FA0960
FA14D0
FA2020
FA2B60
FA3680
FA4190
FA4C80
FA5750
FA6210
FA6CB0
FA7730
FA81A0
FA8BF0
FA9630
FAA040
FAAA10
FAB3C0
FABD50
FAC6A0
FACFC0
FAD8C0
FAE180
FAEA20
FAF290
FAFAD0
FB02E0
FB0AC0
FB1270
FB1A00
FB2150
FB2870
FB2F50
FB3600
FB3C70
FB42A0
FB48A0
FB4E60
FB53E0
FB5920
FB5E30
FB6300
FB67A0
FB6C00
FB7020
FB7410
FB77B0
FB7B20
FB7E50
FB8140
FB83E0
FB8650
FB8870
FB8A50
FB8BF0
FB8D60
FB8E80
FB8F60
FB9000
FB9050
FB9070
FB9050
FB8FE0
FB8F40
FB8E60
FB8D30
FB8BD0
FB8A30
FB8840
FB8620
FB83C0
FB8120
FB7E40
FB7B20
FB77C0
FB7420
FB7040
FB6C20
FB67C0
FB6330
FB5E60
FB5960
FB5420
FB4EB0
FB4900
FB4320
FB3D00
FB36B0
FB3030
FB2970
FB2270
FB1B40
FB13E0
FB0C40
FB0470
FAFC70
FAF450
FAEC00
FAE380
FADAE0
FAD210
FAC920
FAC010
FAB6C0
FAAD60
FAA3C0
FA9A00
FA9020
FA8610
FA7BE0
FA7170
FA6700
FA5C70
FA51D0
FA4710
FA3C40
FA3150
FA2650
FA1B40
FA1010
FA04D0
F9F970
F9EE00
F9E280
F9D6E0
F9CB30
F9BF60
F9B390
F9A7D0
F99C00
F99030
F98460
F97880
F96CB0
F960E0
F95500
F94930
F93D50
F93180
F925A0
F919C0
F90DE0
F90210
F8F640
F8EA80
F8DEE0
F8D350
F8C7D0
F8BC70
F8B120
F8A5E0
F89AB0
F88F90
F88490
F879A0
F86EC0
F863F0
F85940
F84EA0
F84420
F839D0
F82FB0
F825B0
F81BD0
F81220
F80890
F7FF30
F7F600
F7ECF0
F7E400
F7DB40
F7D2B0
F7CA40
F7C1F0
F7B9D0
F7B1F0
F7AA40
F7A2C0
F79B90
F79490
F78DC0
F78730
F780E0
F77AC0
F774E0
F76F30
F769C0
F76480
F75F80
F75AC0
F75630
F751F0
F74DF0
F74A30
F746C0
F74390
F740B0
F73E10
F73BB0
F739A0
F737E0
F73650
F73520
F73420
F73370
F73310
F732E0
F73310
F73390
F73450
F73560
F736D0
F73880
F73A70
F73CC0
F73F60
F74240
F74580
F74900
F74CD0
F750F0
F75560
F75A20
F75F30
F76480
F76A30
F77030
F77680
F77D10
F78400
F78B40
F792D0
F79AB0
F7A2D0
F7AB50
F7B420
F7BD40
F7C6B0
F7D060
F7DA70
F7E4C0
F7EF60
F7FA50
F80590
F81120
F81CF0
F82910
F83580
F84230
F84F30
F85C80
F86A20
F87810
F88640
F894D0
F8A390
F8B2A0
F8C1F0
F8D180
F8E150
F8F170
F901D0
F91270
F92350
F93480
F945E0
F95790
F96990
F97BC0
F98E40
F9A100
F9B3F0
F9C720
F9DA80
F9EE10
FA01E0
FA15E0
FA2A10
FA3E80
FA5320
FA67F0
FA7D00
FA9240
FAA7B0
FABD60
FAD340
FAE950
FAFF90
FB15E0
FB2C60
FB4310
FB59D0
FB70C0
FB87D0
FB9F00
FBB650
FBCDD0
FBE570
FBFD30
FC1510
FC2D20
FC4540
FC5D90
FC75F0
FC8E60
FCA6E0
FCBF70
FCD810
FCF0B0
FD0970
FD2240
FD3B10
FD53F0
FD6CF0
FD85F0
FD9F10
FDB830
FDD160
FDEAA0
FE03E0
FE1D10
FE3640
FE4F60
FE6890
FE81A0
FE9AB0
FEB3C0
FECCD0
FEE5D0
FEFEC0
FF17C0
FF30A0
FF4990
FF6270
FF7B40
FF9400
FFACA0
FFC520
FFDD90
FFF5E0
000E00
002620
003E10
0055F0
006DB0
008550
009CD0
00B440
00CB80
00E2B0
00F9D0
0110B0
012760
013DE0
015430
016A50
018040
019600
01AB90
01C0F0
01D620
01EB20
01FFE0
021480
0228F0
023D20
025130
0264F0
027880
028BC0
029EC0
02B180
02C410
02D650
02E840
02FA00
030B80
031CC0
032DB0
033E70
034EE0
035F20
036F10
037EC0
038E10
039D20
03ABD0
03BA40
03C860
03D630
03E3B0
03F0E0
03FDC0
040A50
0416A0
042290
042E40
043990
0444A0
044F50
0459B0
0463C0
046D70
0476D0
047FE0
048890
0490F0
049900
04A0B0
04A810
04AF10
04B5D0
04BC20
04C230
04C7E0
04CD40
04D240
04D6F0
04DB40
04DF40
04E2E0
04E630
04E920
04EBC0
04EE10
04F000
04F190
04F2D0
04F3C0
04F450
04F480
04F470
04F400
04F340
04F230
04F0D0
04EF20
04ED10
04EAC0
04E810
04E510
04E1C0
04DE20
04DA20
04D5E0
04D140
04CC60
04C720
04C1B0
04BBE0
04B5D0
04AF80
04A8E0
04A1F0
049AC0
049350
048B80
048380
047B30
047290
0469B0
046080
045700
044D50
044370
043950
042EF0
042460
0419A0
040E90
040360
03F7F0
03EC40
03E050
03D430
03C7E0
03BB50
03AE90
03A180
039460
038710
0379A0
036C00
035E40
035050
034250
033410
0325B0
031730
030890
02F9C0
02EAC0
02DBB0
02CC60
02BD00
02AD80
029DF0
028E50
027EB0
026EF0
025F20
024F30
023F40
022F40
021F30
020F00
01FED0
01EE90
01DE30
01CDC0
01BD50
01ACD0
019C60
018BF0
017B80
016B10
015AB0
014A50
0139F0
012990
011930
0108E0
00F890
00E840
00D7F0
00C7A0
00B760
00A730
009710
008710
007720
006750
005790
0047E0
003850
0028D0
001970
000A10
FFFAE0
FFEBB0
FFDCB0
FFCDB0
FFBED0
FFB010
FFA170
FF9300
FF84B0
FF7680
FF6880
FF5A90
FF4CD0
FF3F40
FF31C0
FF2470
FF1740
FF0A30
FEFD50
FEF080
FEE3F0
FED770
FECB30
FEBF20
FEB340
FEA780
FE9BF0
FE9090
FE8570
FE7A60
FE6F90
FE64F0
FE5A80
FE5030
FE4610
FE3C20
FE3270
FE28E0
FE1F80
FE1650
FE0D50
FE0480
FDFBF0
FDF380
FDEB40
FDE340
FDDB60
FDD3C0
FDCC40
FDC500
FDBDE0
FDB700
FDB040
FDA9C0
FDA360
FD9D30
FD9730
FD9160
FD8BB0
FD8640
FD80F0
FD7BD0
FD76E0
FD7210
FD6D80
FD6910
FD64D0
FD60C0
FD5CE0
FD5920
FD5580
FD5210
FD4EB0
FD4B80
FD4870
FD4590
FD42C0
FD4020
FD3DA0
FD3B40
FD3910
FD3700
FD3510
FD3340
FD3190
FD3000
FD2E80
FD2D20
FD2BC0
FD2A90
FD2960
FD2850
FD2750
FD2670
FD2590
FD24E0
FD2430
FD23A0
FD2320
FD22C0
FD2270
FD2220
FD21E0
FD21A0
FD2160
FD2130
FD2100
FD20D0
FD20B0
FD2090
FD2070
FD2050
FD2040
FD2040
FD2030
FD2030
FD2040
FD2030
FD2020
FD2000
FD1FE0
FD1FA0
FD1F70
FD1F20
FD1EC0
FD1E60
FD1DF0
FD1D80
FD1D00
FD1C70
FD1BD0
FD1B30
FD1A70
FD19B0
FD18D0
FD17D0
FD16B0
FD1590
FD1440
FD12E0
FD1170
FD0FE0
FD0E30
FD0C70
FD0A90
FD08A0
FD0690
FD0460
FD0230
FCFFC0
FCFD40
FCFAA0
FCF7D0
FCF4E0
FCF1D0
FCEEA0
FCEB40
FCE7D0
FCE430
FCE070
FCDC90
FCD890
FCD460
FCD010
FCCBB0
FCC710
FCC260
FCBD80
FCB880
FCB350
FCAE00
FCA890
FCA2F0
FC9D30
FC9750
FC9150
FC8B20
FC84C0
FC7E50
FC77B0
FC70E0
FC6A00
FC62F0
FC5BD0
FC5480
FC4D10
FC4580
FC3DD0
FC3600
FC2E00
FC25F0
FC1DB0
FC1560
FC0CE0
FC0440
FBFB80
FBF2A0
FBE9A0
FBE0A0
FBD770
FBCE40
FBC4F0
FBBB80
FBB210
FBA880
FB9ED0
FB9510
FB8B40
FB8150
FB7760
FB6D40
FB6320
FB58D0
FB4E90
FB4440
FB39F0
FB2FA0
FB2550
FB1AF0
FB1080
FB0620
FAFBB0
FAF140
FAE6D0
FADC50
FAD1D0
FAC750
FABCC0
FAB230
FAA7B0
FA9D40
FA92F0
FA88A0
FA7E60
FA7440
FA6A20
FA6010
FA5620
FA4C40
FA4260
FA38A0
FA2EF0
FA2550
FA1BC0
FA1230
FA08E0
F9FFB0
F9F6A0
F9EDC0
F9E500
F9DC60
F9D3F0
F9CBB0
F9C380
F9BB90
F9B3B0
F9AC10
F9A480
F99D20
F995F0
F98ED0
F98800
F98160
F97B00
F974E0
F96F00
F96950
F963E0
F95EA0
F959B0
F954F0
F95070
F94C20
F94820
F94450
F940B0
F93D60
F93A50
F93790
F93510
F932E0
F93100
F92F70
F92E20
F92D20
F92C70
F92C10
F92BF0
F92C20
F92C90
F92D50
F92E60
F92FC0
F93170
F93370
F935C0
F93860
F93B60
F93EA0
F94240
F94630
F94A80
F94F10
F95400
F95940
F95ED0
F964B0
F96AE0
F97170
F97840
F97F70
F986F0
F98EB0
F996D0
F99F40
F9A800
F9B110
F9BA70
F9C420
F9CE20
F9D870
F9E310
F9EE00
F9F940
FA04E0
FA10B0
FA1CD0
FA2930
FA35D0
FA42C0
FA4FE0
FA5D50
FA6B00
FA7900
FA8740
FA95C0
FAA480
FAB380
FAC2D0
FAD260
FAE230
FAF230
FB0260
FB12C0
FB2350
FB3410
FB44F0
FB5610
FB6750
FB78C0
FB8A60
FB9C30
FBAE30
FBC060
FBD2C0
FBE550
FBF800
FC0AD0
FC1DA0
FC3090
FC4390
FC56A0
FC69B0
FC7CE0
FC9020
FCA370
FCB6D0
FCCA40
FCDDB0
FCF140
FD04E0
FD1890
FD2C60
FD4000
FD53A0
FD6730
FD7AB0
FD8E10
FDA170
FDB4B0
FDC7F0
FDDB10
FDEE20
FE0120
FE1410
FE26F0
FE39C0
FE4C70
FE5F20
FE7190
FE83D0
FE95E0
FEA7B0
FEB950
FECAC0
FEDC00
FEED00
FEFDD0
FF0E70
FF1ED0
FF2F00
FF3F00
FF4EC0
FF5E60
FF6DB0
FF7CC0
FF8B80
FF99E0
FFA7F0
FFB5B0
FFC310
FFD030
FFDCF0
FFE960
FFF580
000140
000CC0
0017E0
0022B0
002D20
003750
004110
004A60
005340
005BC0
0063D0
006B80
0072C0
007990
007FF0
0085F0
008B80
0090B0
009570
0099C0
009DB0
00A130
00A440
00A6D0
00A8F0
00AA90
00ABC0
00AC80
00ACC0
00AC90
00ABE0
00AAC0
00A930
00A720
00A4A0
00A1A0
009E30
009A50
0095F0
009120
008BE0
008630
008000
007960
007240
006AC0
0062C0
005A50
005160
004810
003E40
0033F0
002940
001E10
001280
000690
FFFA30
FFED70
FFE040
FFD2C0
FFC4D0
FFB670
FFA7C0
FF98A0
FF8910
FF7930
FF68E0
FF5820
FF4710
FF3590
FF23D0
FF11C0
FEFF60
FEECD0
FED9E0
FEC6B0
FEB340
FE9F80
FE8B80
FE7730
FE6290
FE4DB0
FE3890
FE2320
FE0D60
FDF770
FDE140
FDCB00
FDB4A0
FD9E20
FD8770
FD70B0
FD59C0
FD42B0
FD2B80
FD1430
FCFCC0
FCE530
FCCD80
FCB5A0
FC9DB0
FC8590
FC6D80
FC5580
FC3D90
FC25A0
FC0DC0
FBF5E0
FBDE10
FBC650
FBAEA0
FB96F0
FB7F50
FB67C0
FB5040
FB38C0
FB2150
FB09E0
FAF2B0
FADBC0
FAC500
FAAE80
FA9830
FA8220
FA6C50
FA56B0
FA4140
FA2C10
FA1720
FA0260
F9EDE0
F9D990
F9C580
F9B1A0
F99E30
F98B10
F97860
F96610
F95430
F942A0
F93170
F920B0
F91050
F90050
F8F0B0
F8E170
F8D2A0
F8C430
F8B610
F8A860
F89B40
F88E90
F88260
F876C0
F86B90
F860F0
F856D0
F84D30
F84410
F83B80
F83360
F82BD0
F824C0
F81E20
F81810
F81290
F80D90
F80930
F80560
F80220
F7FF70
F7FD60
F7FBE0
F7FB00
F7FAA0
F7FAE0
F7FBB0
F7FD20
F7FF10
F801A0
F804D0
F80880
F80CD0
F811C0
F81740
F81D50
F82400
F82B40
F83310
F83B90
F84490
F84E30
F85860
F86330
F86E90
F87A90
F88720
F89450
F8A200
F8B040
F8BF00
F8CE50
F8DE20
F8EE80
F8FF70
F910E0
F922D0
F93560
F94860
F95C00
F97020
F984C0
F999F0
F9AFB0
F9C5D0
F9DC60
F9F360
FA0AC0
FA2290
FA3AD0
FA5380
FA6C90
FA8610
FA9FF0
FABA50
FAD510
FAF030
FB0BD0
FB27D0
FB4430
FB60E0
FB7DD0
FB9B00
FBB870
FBD620
FBF410
FC1240
FC30C0
FC4F70
FC6E70
FC8DA0
FCAD20
FCCCD0
FCECD0
FD0D10
FD2D80
FD4E10
FD6EB0
FD8F60
FDB010
FDD0E0
FDF1C0
FE12A0
FE33A0
FE54A0
FE75C0
FE96E0
FEB810
FED960
FEFAB0
FF1C10
FF3D90
FF5EE0
FF8000
FFA110
FFC1F0
FFE2B0
000350
0023D0
004420
006450
008460
00A450
00C410
00E3B0
010330
012290
0141C0
0160A0
017F30
019D70
01BB60
01D8F0
01F630
021320
022FC0
024C00
026800
0283A0
029EE0
02B9E0
02D480
02EEE0
0308D0
032260
033B70
035400
036C10
0383B0
039AE0
03B190
03C7C0
03DD80
03F2C0
040780
041BD0
042FB0
044300
0455F0
046850
047A30
048B70
049C30
04AC50
04BBE0
04CAE0
04D950
04E730
04F470
050130
050D50
0518F0
0523F0
052E60
053840
054190
054A40
055260
0559E0
0560D0
056720
056CD0
0571F0
057680
057A60
057DC0
058070
058290
058420
058500
058560
058510
058440
0582E0
0580F0
057E70
057B60
0577C0
057390
056ED0
056980
0563A0
055D30
055640
054EB0
054690
053DF0
0534B0
052B00
0520E0
051650
050B40
04FFC0
04F3D0
04E760
04DA90
04CD30
04BF70
04B130
04A280
049360
0483C0
0473B0
046330
045260
044140
042FD0
041E10
040C10
03F9B0
03E710
03D420
03C0E0
03AD50
039970
038550
0370D0
035C10
034700
033190
031C10
030680
02F0C0
02DAE0
02C4E0
02AED0
029890
028240
026BD0
025540
023E80
0227B0
0210C0
01F9C0
01E290
01CB40
01B410
019CE0
0185D0
016EE0
0157F0
014120
012A50
0113B0
00FD10
00E680
00D010
00B9B0
00A360
008D30
007700
0060F0
004B20
003590
002040
000B40
FFF670
FFE1F0
FFCDA0
FFB9A0
FFA5E0
FF9270
FF7F30
FF6C30
FF5980
FF4710
FF34D0
FF22E0
FF1160
FF0040
FEEF90
FEDF40
FECF50
FEBFD0
FEB0C0
FEA210
FE93D0
FE85F0
FE7880
FE6B70
FE5ED0
FE5290
FE46C0
FE3B60
FE3070
FE2610
FE1C20
FE12C0
FE09E0
FE0180
FDF9A0
FDF240
FDEB60
FDE500
FDDF20
FDD9D0
FDD4F0
FDD0A0
FDCCC0
FDC970
FDC6A0
FDC460
FDC2B0
FDC190
FDC0F0
FDC0D0
FDC150
FDC250
FDC3E0
FDC600
FDC8A0
FDCBD0
FDCF90
FDD3D0
FDD8A0
FDDE00
FDE3E0
FDEA40
FDF120
FDF890
FE0080
FE08F0
FE11E0
FE1B60
FE2560
FE2FE0
FE3AE0
FE4660
FE5270
FE5F00
FE6C10
FE79A0
FE87A0
FE9610
FEA4F0
FEB440
FEC400
FED420
FEE4C0
FEF5C0
FF0730
FF1910
FF2B60
FF3E10
FF5140
FF64D0
FF78D0
FF8D50
FFA200
FFB710
FFCC60
FFE200
FFF7F0
000E20
0024A0
003B70
005280
0069E0
008190
009990
00B1D0
00CA60
00E330
00FC60
0115A0
012F00
014890
016230
017C00
0195E0
01AFE0
01CA10
01E450
01FEC0
021940
0233F0
024EB0
0269A0
0284B0
029FD0
02BAF0
02D600
02F100
030BF0
0326E0
0341B0
035C80
037740
0391F0
03AC90
03C730
03E1B0
03FC30
0416A0
043100
044B50
046570
047F50
0498F0
04B260
04CBA0
04E4A0
04FD60
0515F0
052E40
054650
055E40
0575E0
058D50
05A480
05BB80
05D250
05E8B0
05FEC0
061460
0629B0
063EA0
065330
066760
067B40
068EB0
06A1D0
06B490
06C6E0
06D8E0
06EA90
06FBD0
070CB0
071D20
072D20
073CA0
074BA0
075A30
076850
0775F0
078320
078FE0
079C10
07A7E0
07B330
07BE10
07C870
07D250
07DBD0
07E4C0
07ED20
07F510
07FC70
080350
0809B0
080F80
0814D0
0819A0
081DF0
0821C0
082500
0827C0
0829F0
082BB0
082CE0
082D90
082DC0
082D70
082C90
082B30
082950
0826F0
082410
0820B0
081CC0
081850
081360
080DF0
080800
080180
07FA90
07F320
07EB30
07E2E0
07DA10
07D0C0
07C710
07BCE0
07B230
07A720
079B90
078F80
078310
077620
0768C0
075AE0
074C90
073DE0
072EE0
071F80
070FC0
06FFA0
06EF30
06DE50
06CD20
06BBA0
06A9B0
069770
0684D0
0671D0
065E80
064AD0
0636C0
062270
060DE0
05F920
05E420
05CEE0
05B970
05A3B0
058DC0
057790
056130
054A80
0533A0
051C90
050530
04EDA0
04D5C0
04BDE0
04A5E0
048DC0
047590
045D40
0444E0
042C60
0413C0
03FB10
03E250
03C970
03B080
039760
037E40
036500
034BA0
033250
031910
02FFD0
02E6A0
02CD70
02B450
029B40
028230
026930
025040
023750
021E70
020590
01ECC0
01D3F0
01BB40
01A2A0
018A40
0171F0
0159E0
0141F0
012A20
011280
00FB10
00E3C0
00CCA0
00B5A0
009ED0
008820
0071A0
005B40
004510
002F20
001970
000400
FFEED0
FFD9E0
FFC530
FFB0C0
FF9C90
FF88A0
FF74F0
FF6180
FF4E50
FF3B70
FF28C0
FF1650
FF0420
FEF240
FEE0B0
FECF70
FEBE80
FEADE0
FE9D90
FE8D90
FE7DE0
FE6E80
FE5F70
FE50A0
FE4230
FE3410
FE2630
FE18B0
FE0B70
FDFE90
FDF200
FDE5C0
FDD9E0
FDCE50
FDC310
FDB830
FDAD90
FDA350
FD9970
FD8FD0
FD8690
FD7DA0
FD7510
FD6CC0
FD64D0
FD5D40
FD55F0
FD4EF0
FD4840
FD41F0
FD3BE0
FD3620
FD30C0
FD2BB0
FD26E0
FD2270
FD1E50
FD1A80
FD1700
FD13D0
FD10F0
FD0E60
FD0C00
FD0A00
FD0830
FD06B0
FD0570
FD0480
FD03D0
FD0370
FD0340
FD0360
FD03D0
FD0480
FD0570
FD06B0
FD0820
FD09E0
FD0BC0
FD0DE0
FD1040
FD12C0
FD1580
FD1880
FD1BB0
FD1F10
FD22A0
FD2670
FD2A70
FD2EB0
FD3320
FD37C0
FD3C90
FD4190
FD46B0
FD4BF0
FD5150
FD56D0
FD5C80
FD6250
FD6840
FD6E50
FD7480
FD7AD0
FD8150
FD87E0
FD8EA0
FD9580
FD9C80
FDA390
FDAAB0
FDB1E0
FDB910
FDC060
FDC7B0
FDCF20
FDD690
FDDE10
FDE5A0
FDED40
FDF4E0
FDFCA0
FE0470
FE0C40
FE1420
FE1C00
FE23E0
FE2BB0
FE3380
FE3B50
FE4320
FE4AE0
FE52A0
FE5A60
FE6210
FE69C0
FE7170
FE7920
FE80C0
FE8860
FE9000
FE9780
FE9F00
FEA650
FEADA0
FEB4D0
FEBBF0
FEC300
FEC9F0
FED0E0
FED7A0
FEDE60
FEE500
FEEB90
FEF210
FEF870
FEFED0
FF0500
FF0B10
FF1100
FF16D0
FF1C80
FF2210
FF2780
FF2CD0
FF3200
FF3710
FF3BF0
FF40C0
FF4570
FF4A00
FF4E70
FF52B0
FF56E0
FF5AD0
FF5EA0
FF6250
FF65D0
FF6930
FF6C60
FF6F70
FF7250
FF7500
FF7790
FF7A00
FF7C30
FF7E50
FF8040
FF8200
FF83A0
FF8510
FF8650
FF8760
FF8850
FF8900
FF8990
FF89F0
FF8A30
FF8A40
FF8A20
FF89D0
FF8950
FF88B0
FF87D0
FF86E0
FF85B0
FF8450
FF82D0
FF8120
FF7F40
FF7D30
FF7B00
FF7890
FF7600
FF7340
FF7060
FF6D40
FF6A00
FF6690
FF62F0
FF5F20
FF5B30
FF5710
FF52C0
FF4E50
FF49B0
FF44E0
FF3FF0
FF3AD0
FF3590
FF3020
FF2A80
FF24B0
FF1EC0
FF18A0
FF1260
FF0BF0
FF0560
FEFEA0
FEF7C0
FEF0B0
FEE980
FEE230
FEDAB0
FED310
FECB50
FEC360
FEBB50
FEB320
FEAAC0
FEA240
FE9990
FE90D0
FE87E0
FE7ED0
FE75A0
FE6C60
FE62F0
FE5970
FE4FC0
FE4600
FE3C20
FE3210
FE27F0
FE1DB0
FE1350
FE08D0
FDFE30
FDF380
FDE8A0
FDDDC0
FDD2B0
FDC7A0
FDBC60
FDB120
FDA5C0
FD9A40
FD8EB0
FD8310
FD7750
FD6B70
FD5F80
FD5380
FD4760
FD3B30
FD2EF0
FD22A0
FD1640
FD09D0
FCFD50
FCF0C0
FCE430
FCD780
FCCAD0
FCBE10
FCB130
FCA450
FC9760
FC8A70
FC7D60
FC7040
FC6320
FC5600
FC48E0
FC3BB0
FC2E80
FC2140
FC1410
FC06D0
FBF990
FBEC40
FBDEF0
FBD1A0
FBC450
FBB6F0
FBA9A0
FB9C30
FB8EE0
FB8180
FB7440
FB66F0
FB59B0
FB4C80
FB3F50
FB3220
FB2500
FB17E0
FB0AD0
FAFDC0
FAF0B0
FAE3C0
FAD6C0
FAC9D0
FABCF0
FAB020
FAA370
FA96D0
FA8A30
FA7DC0
FA7150
FA64F0
FA58B0
FA4C80
FA4060
FA3450
FA2850
FA1C70
FA10A0
FA04D0
F9F930
F9EDB0
F9E250
F9D710
F9CBF0
F9C100
F9B620
F9AB60
F9A0C0
F99640
F98BE0
F981A0
F97780
F96D90
F963B0
F959F0
F95060
F94700
F93DD0
F934C0
F92BE0
F92330
F91AB0
F91260
F90A30
F90240
F8FA70
F8F2D0
F8EB50
F8E410
F8DCF0
F8D600
F8CF50
F8C8D0
F8C290
F8BC80
F8B6B0
F8B110
F8ABB0
F8A690
F8A1A0
F89CF0
F89870
F89430
F89020
F88C50
F888C0
F88560
F88240
F87F70
F87CD0
F87A80
F87870
F876A0
F87510
F873C0
F872C0
F871F0
F87170
F87130
F87120
F87170
F871F0
F872B0
F873C0
F87520
F876C0
F878B0
F87AE0
F87D60
F88020
F88330
F88690
F88A30
F88E20
F89260
F896E0
F89BA0
F8A0C0
F8A610
F8ABC0
F8B1B0
F8B7F0
F8BE70
F8C540
F8CC60
F8D3C0
F8DB70
F8E370
F8EBB0
F8F440
F8FD20
F90640
F90FB0
F91970
F92370
F92DC0
F93850
F94320
F94E40
F959B0
F96550
F97140
F97D80
F98A00
F996C0
F9A3D0
F9B120
F9BEC0
F9CCA0
F9DAD0
F9E930
F9F7E0
FA06D0
FA15F0
FA2550
FA34F0
FA44D0
FA54E0
FA6540
FA75D0
FA86A0
FA97A0
FAA8F0
FABA70
FACC40
FADE40
FAF070
FB02E0
FB1580
FB2840
FB3B30
FB4E50
FB61A0
FB7520
FB88C0
FB9CA0
FBB0A0
FBC4D0
FBD930
FBEDB0
FC0270
FC1750
FC2C70
FC4190
FC56E0
FC6C40
FC81B0
FC9740
FCACF0
FCC2B0
FCD890
FCEE80
FD0490
FD1AB0
FD30F0
FD4740
FD5DB0
FD7440
FD8AE0
FDA180
FDB820
FDCED0
FDE570
FDFC20
FE12C0
FE2970
FE4010
FE56C0
FE6D70
FE8410
FE9AC0
FEB170
FEC820
FEDED0
FEF580
FF0C20
FF22A0
FF3900
FF4F50
FF6590
FF7BB0
FF91C0
FFA7B0
FFBD80
FFD340
FFE8F0
FFFE80
001400
002960
003EA0
0053E0
0068E0
007DB0
009250
00A6C0
00BB00
00CF00
00E2E0
00F690
010A10
011D50
013070
014360
015610
0168A0
017AF0
018D20
019F00
01B0A0
01C1F0
01D300
01E3D0
01F450
020490
021490
022450
0233C0
0242E0
0251D0
026070
026ED0
027CE0
028AB0
029830
02A550
02B220
02BE90
02CAC0
02D680
02E200
02ED20
02F7E0
030250
030C70
031640
031FB0
0328C0
033190
0339F0
034200
0349B0
035110
035800
035E90
0364D0
036AA0
037020
037540
037A00
037E60
038260
038600
038940
038C30
038EB0
0390E0
0392A0
039410
039510
0395B0
0395F0
0395E0
039560
039480
039340
0391A0
038FA0
038D40
038A80
038760
0383E0
038000
037BD0
037740
037250
036D10
036780
036180
035B30
035490
034D90
034630
033E80
033670
032E00
032540
031C20
0312C0
030900
02FF00
02F4B0
02EA10
02DF20
02D3F0
02C860
02BC90
02B070
02A400
029750
028A40
027CF0
026F50
026160
025330
0244D0
023630
022760
021850
020900
01F980
01E9C0
01D9D0
01C990
01B930
01A880
0197A0
018690
017530
0163B0
0151F0
014020
012E20
011C00
0109C0
00F750
00E4D0
00D220
00BF40
00AC50
009930
0085E0
007280
005EF0
004B40
003770
002390
000FA0
FFFBA0
FFE790
FFD380
FFBF50
FFAB20
FF96E0
FF82A0
FF6E40
FF59D0
FF4560
FF30E0
FF1C50
FF07B0
FEF310
FEDE70
FEC9D0
FEB540
FEA0B0
FE8C30
FE77B0
FE6340
FE4ED0
FE3A70
FE2610
FE11C0
FDFD70
FDE930
FDD4F0
FDC0C0
FDAC90
FD9880
FD8480
FD70B0
FD5CE0
FD4940
FD35B0
FD2240
FD0EE0
FCFBA0
FCE880
FCD570
FCC290
FCAFB0
FC9D00
FC8A60
FC77D0
FC6580
FC5340
FC4140
FC2F60
FC1DA0
FC0C10
FBFAB0
FBE970
FBD850
FBC770
FBB6A0
FBA610
FB9590
FB8550
FB7530
FB6530
FB5570
FB45D0
FB3670
FB2740
FB1840
FB0970
FAFAD0
FAEC60
FADE20
FAD020
FAC240
FAB490
FAA720
FA99D0
FA8CC0
FA7FE0
FA7330
FA66B0
FA5A70
FA4E60
FA4280
FA36E0
FA2B70
FA2030
FA1530
FA0A50
F9FFB0
F9F550
F9EB20
F9E120
F9D750
F9CDC0
F9C460
F9BB30
F9B230
F9A970
F9A0E0
F99880
F99060
F98860
F980A0
F97920
F971C0
F96AA0
F963B0
F95CF0
F95670
F95010
F949F0
F94400
F93E40
F938B0
F93350
F92E20
F92910
F92440
F91FB0
F91B40
F91700
F912F0
F90F10
F90B60
F907E0
F904A0
F90180
F8FE80
F8FBB0
F8F910
F8F690
F8F440
F8F220
F8F020
F8EE50
F8ECB0
F8EB30
F8E9E0
F8E8B0
F8E7B0
F8E6E0
F8E630
F8E5B0
F8E550
F8E510
F8E4F0
F8E500
F8E530
F8E580
F8E600
F8E6A0
F8E760
F8E850
F8E950
F8EA90
F8EBE0
F8ED60
F8EEF0
F8F0B0
F8F290
F8F490
F8F6A0
F8F8E0
F8FB30
F8FDA0
F90030
F902E0
F905B0
F908A0
F90BA0
F90ED0
F91220
F91580
F91900
F91CA0
F92060
F92430
F92820
F92C30
F93060
F934A0
F93900
F93D80
F94210
F946C0
F94B90
F95080
F95580
F95AA0
F95FE0
F96530
F96AA0
F97020
F975C0
F97B80
F98150
F98740
F98D40
F99360
F99990
F99FE0
F9A640
F9ACC0
F9B360
F9BA10
F9C0E0
F9C7C0
F9CEC0
F9D5D0
F9DD00
F9E450
F9EBB0
F9F330
F9FAC0
FA0270
FA0A40
FA1220
FA1A10
FA2230
FA2A60
FA32A0
FA3B00
FA4380
FA4C10
FA54B0
FA5D80
FA6660
FA6F50
FA7860
FA8190
FA8AD0
FA9430
FA9DA0
FAA730
FAB0D0
FABA90
FAC470
FACE60
FAD870
FAE290
FAECD0
FAF730
FB01A0
FB0C30
FB16E0
FB21A0
FB2C80
FB3780
FB4290
FB4DB0
FB5900
FB6460
FB6FD0
FB7B70
FB8710
FB92E0
FB9EC0
FBAAB0
FBB6C0
FBC2E0
FBCF20
FBDB80
FBE7F0
FBF480
FC0120
FC0DD0
FC1AB0
FC2790
FC34A0
FC41B0
FC4EF0
FC5C30
FC6990
FC7710
FC8490
FC9230
FC9FF0
FCADC0
FCBBA0
FCC9A0
FCD7B0
FCE5D0
FCF410
FD0260
FD10D0
FD1F50
FD2DE0
FD3C80
FD4B30
FD59F0
FD68C0
FD77A0
FD8690
FD9590
FDA4A0
FDB3C0
FDC2F0
FDD230
FDE180
FDF0E0
FE0050
FE0FE0
FE1F60
FE2EF0
FE3E90
FE4E30
FE5DD0
FE6D80
FE7D40
FE8D00
FE9CD0
FEACA0
FEBC70
FECC50
FEDC40
FEEC30
FEFC20
FF0C30
FF1C20
FF2C20
FF3C20
FF4C10
FF5C10
FF6C00
FF7BF0
FF8BE0
FF9BD0
FFABB0
FFBBA0
FFCB80
FFDB70
FFEB50
FFFB30
000B00
001AD0
002AA0
003A50
0049F0
005990
006920
0078A0
008810
009780
00A6D0
00B620
00C560
00D490
00E3B0
00F2D0
0101D0
0110C0
011FA0
012E60
013D10
014BA0
015A20
016880
0176D0
018500
019320
01A120
01AF10
01BCE0
01CAA0
01D840
01E5D0
01F340
020080
020DB0
021AC0
0227B0
023480
024120
024DB0
025A20
026660
027290
027EA0
028A80
029650
02A200
02AD80
02B8F0
02C430
02CF40
02DA30
02E500
02EFB0
02FA30
030490
030EC0
0318D0
0322C0
032C80
033620
033FA0
034900
035230
035B30
036410
036CD0
037560
037DD0
038610
038E30
039630
039E00
03A5A0
03AD30
03B480
03BBC0
03C2D0
03C9B0
03D070
03D710
03DD80
03E3E0
03EA10
03F020
03F610
03FBD0
040180
040700
040C60
041190
0416B0
041BA0
042070
042520
0429B0
042E20
043270
0436A0
043AC0
043EB0
044290
044650
044A00
044D80
0450F0
045440
045770
045A80
045D80
046060
046310
0465C0
046860
046AE0
046D60
046FC0
047210
047450
047670
047890
047A90
047C80
047E60
048030
0481F0
048390
048530
0486C0
048840
0489C0
048B30
048C90
048E00
048F50
0490A0
0491F0
049330
049460
049590
0496C0
0497D0
0498F0
0499F0
049B00
049C10
049D20
049E40
049F50
04A060
04A180
04A2A0
04A3B0
04A4D0
04A5F0
04A720
04A840
04A960
04AA90
04ABB0
04ACE0
04AE20
04AF60
04B0B0
04B200
04B350
04B4B0
04B620
04B790
04B910
04BA90
04BC10
04BDA0
04BF40
04C0E0
04C280
04C430
04C5F0
04C7C0
04C990
04CB70
04CD60
04CF50
04D150
04D360
04D570
04D790
04D9C0
04DBF0
04DE30
04E080
04E2E0
04E540
04E7A0
04EA10
04EC80
04EF00
04F180
04F410
04F6A0
04F930
04FBD0
04FE80
050130
0503E0
0506A0
050960
050C30
050EF0
0511C0
051490
051750
051A10
051CE0
051FA0
052260
052520
0527E0
052AA0
052D60
053020
0532D0
053590
053850
053B00
053D90
054020
0542A0
054510
054770
0549C0
054C00
054E40
055060
055270
055480
055670
055860
055A40
055C00
055DB0
055F40
0560B0
056200
056340
056450
056540
056620
0566E0
056770
0567F0
056850
056890
0568B0
0568B0
0568A0
056850
0567D0
056730
056660
056550
056420
0562C0
056130
055F60
055D70
055B50
055910
055690
0553E0
055100
054E00
054AB0
054730
054370
053F70
053B40
0536C0
053210
052D20
0527F0
052290
051CE0
051700
0510E0
050A80
0503F0
04FD10
04F600
04EEA0
04E6F0
04DF00
04D6D0
04CE60
04C5A0
04BCA0
04B360
04A9D0
04A000
0495F0
048B90
0480F0
047610
046AE0
045F70
0453C0
0447C0
043B80
042EF0
042220
041510
0407B0
03FA10
03EC30
03DE00
03CF90
03C0D0
03B1E0
03A290
039310
038340
037340
036300
035280
0341C0
0330D0
031F90
030E20
02FC70
02EA80
02D850
02C5F0
02B340
02A060
028D40
0279E0
026650
0252A0
023EC0
022AB0
021670
020210
01ED80
01D8C0
01C3D0
01AEB0
019970
018400
016E60
015890
0142A0
012C80
011650
010000
00E9B0
00D340
00BCC0
00A630
008F90
0078E0
006210
004B40
003450
001D50
000640
FFEF20
FFD7E0
FFC0A0
FFA960
FF9230
FF7B10
FF6400
FF4CF0
FF35F0
FF1F00
FF0820
FEF150
FEDA80
FEC3C0
FEAD10
FE9670
FE7FD0
FE6940
FE52D0
FE3C70
FE2650
FE1060
FDFAA0
FDE500
FDCFA0
FDBA60
FDA550
FD9070
FD7BC0
FD6740
FD52F0
FD3EC0
FD2AD0
FD1700
FD0370
FCF020
FCDD20
FCCA70
FCB800
FCA5F0
FC9420
FC82B0
FC7180
FC60A0
FC5000
FC3FC0
FC2FD0
FC2020
FC10C0
FC01B0
FBF2F0
FBE490
FBD6A0
FBC910
FBBBF0
FBAF30
FBA2E0
FB96F0
FB8B60
FB8040
FB7580
FB6B30
FB6140
FB57C0
FB4EA0
FB45F0
FB3DA0
FB35D0
FB2E60
FB2780
FB2110
FB1B10
FB1580
FB1070
FB0BE0
FB07C0
FB0410
FB00E0
FAFE20
FAFBE0
FAFA10
FAF8C0
FAF7D0
FAF770
FAF780
FAF810
FAF920
FAFAA0
FAFCA0
FAFF20
FB0210
FB0580
FB0970
FB0DD0
FB12B0
FB1800
FB1DE0
FB2430
FB2AF0
FB3230
FB39E0
FB41F0
FB4A80
FB5380
FB5CF0
FB66D0
FB7110
FB7BD0
FB8700
FB92A0
FB9EB0
FBAB30
FBB820
FBC580
FBD360
FBE180
FBF010
FBFEF0
FC0E20
FC1DB0
FC2DA0
FC3DE0
FC4E80
FC5F80
FC70D0
FC8280
FC9490
FCA6F0
FCB9A0
FCCCC0
FCE020
FCF3D0
FD07B0
FD1BC0
FD3010
FD4490
FD5950
FD6E50
FD8370
FD98E0
FDAE80
FDC450
FDDA60
FDF0A0
FE0720
FE1DE0
FE34C0
FE4BC0
FE62D0
FE79F0
FE9110
FEA850
FEBF90
FED6F0
FEEE50
FF05C0
FF1D50
FF34E0
FF4C80
FF6430
FF7BF0
FF93C0
FFABA0
FFC360
FFDB00
FFF290
0009F0
002140
003870
004F90
006680
007D60
009410
00AAB0
00C140
00D7A0
00EDF0
010420
011A30
012FF0
014570
015AB0
016FB0
018460
0198D0
01ACF0
01C0D0
01D470
01E7C0
01FAD0
020DA0
022020
023260
024450
025600
026750
027830
0288A0
0298C0
02A860
02B7A0
02C680
02D4F0
02E300
02F0A0
02FDE0
030AC0
031720
032330
032ED0
033A00
0344C0
034F00
0358B0
036200
036AC0
037300
037AD0
038210
0388E0
038F30
039500
039A60
039F30
03A390
03A770
03AAC0
03ADA0
03AFF0
03B1C0
03B310
03B3D0
03B410
03B3C0
03B2F0
03B1A0
03AFD0
03AD70
03AA90
03A720
03A330
039EC0
0399C0
039450
038E50
0387E0
0380F0
037980
037190
036920
036040
0356D0
034CF0
034290
0337A0
032C40
032070
031410
030730
02F9F0
02EC40
02DE30
02CFB0
02C0D0
02B180
02A1D0
0291B0
028120
027040
025EE0
024D20
023AF0
022860
021570
020200
01EE60
01DA70
01C630
01B1B0
019CE0
0187D0
017280
015CE0
014700
0130D0
011A50
0103A0
00EC90
00D550
00BDB0
00A5E0
008DE0
0075C0
005D90
004540
002CC0
001430
FFFB80
FFE2B0
FFC9B0
FFB0A0
FF9770
FF7E30
FF64C0
FF4B30
FF3180
FF17C0
FEFE00
FEE450
FECAA0
FEB110
FE9780
FE7DF0
FE6480
FE4B10
FE31B0
FE1860
FDFF10
FDE5D0
FDCCA0
FDB380
FD9A60
FD8160
FD6880
FD4FD0
FD3760
FD1F20
FD0710
FCEF40
FCD790
FCC020
FCA8E0
FC91D0
FC7B00
FC6460
FC4DE0
FC37A0
FC21A0
FC0BC0
FBF640
FBE110
FBCC30
FBB7A0
FBA360
FB8F80
FB7BF0
FB68B0
FB55C0
FB4320
FB30D0
FB1EE0
FB0D40
FAFBF0
FAEAF0
FADA40
FACA00
FABA20
FAAAB0
FA9BA0
FA8CF0
FA7EB0
FA70E0
FA6370
FA5660
FA49C0
FA3D80
FA31B0
FA2640
FA1B30
FA1090
FA0660
F9FC90
F9F330
F9EA40
F9E1C0
F9D9B0
F9D210
F9CAD0
F9C410
F9BDB0
F9B7C0
F9B240
F9AD30
F9A890
F9A460
F9A090
F99D40
F99A50
F997C0
F99590
F993D0
F99280
F99190
F99100
F990E0
F99120
F991C0
F992D0
F99440
F99620
F99860
F99B10
F99E10
F9A180
F9A530
F9A930
F9AD90
F9B240
F9B740
F9BC90
F9C230
F9C830
F9CE80
F9D520
F9DC10
F9E350
F9EAF0
F9F2E0
F9FB10
FA0390
FA0C40
FA1520
FA1E30
FA2780
FA3110
FA3AD0
FA44C0
FA4EF0
FA5950
FA63E0
FA6EB0
FA79B0
FA84F0
FA9060
FA9C10
FAA7D0
FAB3A0
FABF90
FACB90
FAD7B0
FAE3E0
FAF020
FAFC80
FB08F0
FB1570
FB2210
FB2ED0
FB3B90
FB4870
FB5570
FB6280
FB6F80
FB7C80
FB8970
FB9650
FBA330
FBB000
FBBCC0
FBC980
FBD630
FBE2D0
FBEF60
FBFBF0
FC0880
FC14F0
FC2160
FC2DD0
FC3A10
FC4620
FC5220
FC5DF0
FC69A0
FC7520
FC8080
FC8BC0
FC96E0
FCA1D0
FCACA0
FCB750
FCC1D0
FCCC30
FCD670
FCE090
FCEA70
FCF410
FCFD80
FD06C0
FD0FC0
FD1880
FD2110
FD2970
FD3190
FD3980
FD4130
FD48A0
FD4FE0
FD56F0
FD5DC0
FD6460
FD6AC0
FD70D0
FD76C0
FD7C60
FD81C0
FD86F0
FD8BD0
FD9080
FD94F0
FD9920
FD9D10
FDA0D0
FDA440
FDA780
FDAA80
FDAD30
FDAFC0
FDB210
FDB420
FDB600
FDB7A0
FDB900
FDBA30
FDBB30
FDBBF0
FDBC70
FDBCC0
FDBCD0
FDBCB0
FDBC50
FDBBC0
FDBAF0
FDBA00
FDB8E0
FDB790
FDB620
FDB490
FDB2D0
FDB0F0
FDAEE0
FDACB0
FDAA50
FDA7C0
FDA520
FDA240
FD9F50
FD9C20
FD98E0
FD9580
FD9210
FD8E90
FD8B10
FD8770
FD83C0
FD8010
FD7C40
FD7870
FD7480
FD7080
FD6C80
FD6860
FD6440
FD6000
FD5BC0
FD5780
FD5350
FD4F30
FD4B20
FD4720
FD4320
FD3F40
FD3B60
FD3790
FD33D0
FD3010
FD2C70
FD28D0
FD2550
FD21D0
FD1E50
FD1B10
FD17F0
FD1500
FD1230
FD0F90
FD0D10
FD0AC0
FD08A0
FD06A0
FD04C0
FD0320
FD01A0
FD0040
FCFF10
FCFE10
FCFD30
FCFC90
FCFC40
FCFC20
FCFC40
FCFCB0
FCFD50
FCFE40
FCFF60
FD00C0
FD0270
FD0450
FD0680
FD08F0
FD0B90
FD0E80
FD11A0
FD1520
FD18E0
FD1D00
FD2160
FD2610
FD2B10
FD3060
FD3600
FD3BE0
FD4220
FD48A0
FD4F80
FD56A0
FD5E10
FD65D0
FD6DE0
FD7650
FD7F00
FD8800
FD9150
FD9AF0
FDA4E0
FDAF20
FDB9B0
FDC4A0
FDCFD0
FDDB50
FDE720
FDF350
FDFFC0
FE0C80
FE19A0
FE26F0
FE34A0
FE4280
FE50B0
FE5F20
FE6DE0
FE7CE0
FE8C30
FE9BC0
FEAB90
FEBBB0
FECC10
FEDCB0
FEEDA0
FEFEE0
FF1050
FF2200
FF33E0
FF45E0
FF5820
FF6A90
FF7D20
FF8FF0
FFA2E0
FFB610
FFC960
FFDCF0
FFF0A0
000490
0018A0
002CF0
004160
0055F0
006A80
007F30
0093F0
00A8B0
00BD90
00D280
00E780
00FC90
0111B0
0126E0
013C20
015180
0166E0
017C50
0191E0
01A750
01BCB0
01D200
01E730
01FC60
021170
022670
023B60
025030
026500
0279B0
028E50
02A2E0
02B750
02CBB0
02E010
02F420
030800
031BB0
032F20
034260
035560
036830
037AD0
038D20
039F50
03B140
03C2F0
03D470
03E5C0
03F6D0
0407A0
041820
042850
043820
0447A0
0456C0
046580
047400
048210
048FE0
049D40
04AA60
04B710
04C380
04CF80
04DB40
04E690
04F180
04FC00
050620
050FC0
051900
0521C0
052A20
053210
053990
0540A0
054740
054D80
055340
0558A0
055D90
056210
056610
0569A0
056CC0
056F60
057180
057330
057460
057520
057560
057530
057480
057360
0571C0
056FB0
056D20
056A20
0566A0
0562B0
055E50
055970
055430
054E60
054830
054180
053A60
0532D0
052AD0
052250
051960
050FF0
050620
04FBD0
04F110
04E600
04DA80
04CEA0
04C260
04B5B0
04A8B0
049B40
048D60
047F30
047090
046190
045230
044260
043240
0421B0
0410D0
03FFB0
03EE50
03DCA0
03CAB0
03B870
03A5F0
039330
038020
036CC0
035920
034540
033110
031CA0
0307F0
02F2E0
02DDC0
02C880
02B310
029D80
0287D0
027200
025C10
0245F0
022FB0
021950
0202D0
01EC30
01D560
01BE70
01A770
019030
017910
0161E0
014AC0
0133A0
011C80
010570
00EE50
00D740
00C040
00A930
009230
007B40
006440
004D50
003660
001F70
0008B0
FFF220
FFDBB0
FFC560
FFAF50
FF9950
FF8390
FF6DF0
FF5870
FF4330
FF2E00
FF1910
FF0440
FEEF90
FEDB10
FEC6C0
FEB2B0
FE9EF0
FE8B70
FE7840
FE6550
FE52B0
FE4050
FE2E30
FE1C70
FE0AE0
FDF9B0
FDE8B0
FDD810
FDC7A0
FDB790
FDA7B0
FD9840
FD8920
FD7A60
FD6C00
FD5DF0
FD5040
FD42F0
FD3600
FD2960
FD1D20
FD1140
FD05B0
FCFA90
FCEFC0
FCE540
FCDB30
FCD170
FCC820
FCBF30
FCB6A0
FCAE70
FCA6B0
FC9F40
FC9840
FC91A0
FC8B60
FC8580
FC8000
FC7AF0
FC7630
FC71E0
FC6DF0
FC6A60
FC6720
FC6440
FC61C0
FC5F90
FC5DD0
FC5C50
FC5B40
FC5A80
FC5A20
FC5A20
FC5A80
FC5B30
FC5C40
FC5DA0
FC5F70
FC6170
FC63D0
FC6670
FC6950
FC6C80
FC7000
FC73B0
FC77C0
FC7C10
FC80B0
FC8590
FC8AB0
FC9020
FC95E0
FC9BE0
FCA230
FCA8A0
FCAF40
FCB610
FCBD10
FCC430
FCCB80
FCD300
FCDAB0
FCE280
FCEA80
FCF2B0
FCFB10
FD0390
FD0C40
FD1520
FD1E20
FD2730
FD3050
FD3970
FD42A0
FD4BE0
FD5520
FD5E70
FD67C0
FD7120
FD7A90
FD8400
FD8D80
FD9710
FDA0A0
FDAA30
FDB3E0
FDBD60
FDC6E0
FDD030
FDD980
FDE2A0
FDEBC0
FDF4B0
FDFD90
FE0660
FE0F10
FE17B0
FE2030
FE2890
FE30E0
FE3920
FE4130
FE4920
FE50D0
FE5850
FE5F90
FE66A0
FE6D80
FE7420
FE7A80
FE80C0
FE86C0
FE8C80
FE9210
FE9770
FE9C90
FEA180
FEA640
FEAAB0
FEAED0
FEB2A0
FEB620
FEB960
FEBC50
FEBEF0
FEC150
FEC360
FEC520
FEC690
FEC7C0
FEC890
FEC920
FEC970
FEC960
FEC900
FEC850
FEC750
FEC5F0
FEC430
FEC220
FEBFC0
FEBD00
FEB9F0
FEB690
FEB2D0
FEAEC0
FEAA50
FEA590
FEA070
FE9B10
FE9540
FE8F30
FE88C0
FE8200
FE7AF0
FE7390
FE6BD0
FE63C0
FE5B60
FE52B0
FE49A0
FE4040
FE3690
FE2C80
FE2220
FE1770
FE0C80
FE0140
FDF5C0
FDEA00
FDDDF0
FDD190
FDC500
FDB820
FDAAF0
FD9D80
FD8FD0
FD81E0
FD73A0
FD6510
FD5650
FD4730
FD37F0
FD2890
FD18F0
FD0920
FCF930
FCE900
FCD8B0
FCC830
FCB780
FCA6A0
FC95A0
FC8460
FC7300
FC6170
FC4FA0
FC3DB0
FC2BC0
FC19B0
FC0790
FBF560
FBE320
FBD0D0
FBBE70
FBAC00
FB9990
FB8700
FB7460
FB61B0
FB4F00
FB3C30
FB2950
FB1670
FB0390
FAF0D0
FADE10
FACB70
FAB8D0
FAA650
FA93E0
FA8180
FA6F30
FA5CF0
FA4AC0
FA38A0
FA2690
FA1490
FA02A0
F9F0D0
F9DF20
F9CDA0
F9BC50
F9AB30
F99A40
F98980
F978F0
F96890
F95860
F94860
F93880
F928E0
F91960
F90A20
F8FB00
F8EC20
F8DD70
F8CF20
F8C100
F8B340
F8A5B0
F89870
F88B80
F87EC0
F87260
F86630
F85A60
F84EC0
F84370
F83870
F82DB0
F82330
F81910
F80F40
F805C0
F7FCA0
F7F3D0
F7EB50
F7E330
F7DB50
F7D3E0
F7CCB0
F7C5E0
F7BF60
F7B930
F7B360
F7ADE0
F7A8C0
F7A3F0
F79F70
F79B50
F79780
F79410
F790F0
F78E30
F78BC0
F789B0
F787F0
F78690
F78580
F784D0
F78470
F78460
F784C0
F78560
F78650
F78790
F78920
F78B00
F78D30
F78FA0
F79270
F79590
F79900
F79CC0
F7A0C0
F7A520
F7A9D0
F7AEC0
F7B410
F7B990
F7BF50
F7C560
F7CBA0
F7D210
F7D8D0
F7DFD0
F7E700
F7EE70
F7F620
F7FE10
F80640
F80EB0
F81750
F82030
F82960
F832A0
F83C10
F845A0
F84F50
F85920
F86320
F86D40
F87780
F881F0
F88C70
F89720
F8A200
F8ACF0
F8B810
F8C350
F8CEB0
F8DA20
F8E590
F8F110
F8FC90
F90820
F913B0
F91F50
F92AF0
F936A0
F94260
F94E10
F959E0
F965B0
F97180
F97D60
F98940
F99510
F9A0D0
F9AC80
F9B820
F9C3A0
F9CF10
F9DA70
F9E5C0
F9F0F0
F9FC10
FA0720
FA1220
FA1D10
FA27E0
FA32A0
FA3D50
FA47E0
FA5240
FA5C70
FA6680
FA7060
FA7A20
FA83B0
FA8D20
FA9660
FA9F70
FAA860
FAB130
FAB9D0
FAC240
FACA90
FAD2B0
FADAA0
FAE250
FAE9D0
FAF120
FAF830
FAFF00
FB05A0
FB0C10
FB1240
FB1840
FB1E00
FB2390
FB28E0
FB2E00
FB32E0
FB3790
FB3C10
FB4050
FB4450
FB4810
FB4BA0
FB4EF0
FB5200
FB54E0
FB5780
FB59F0
FB5C10
FB5E10
FB5FC0
FB6140
FB6280
FB6390
FB6460
FB6500
FB6570
FB65B0
FB65B0
FB6580
FB6520
FB6480
FB63C0
FB62C0
FB6180
FB6020
FB5E80
FB5CB0
FB5AB0
FB5880
FB5620
FB53A0
FB5110
FB4E40
FB4B60
FB4860
FB4530
FB41F0
FB3E80
FB3AF0
FB3730
FB3360
FB2F70
FB2B50
FB2710
FB22B0
FB1E40
FB19D0
FB1550
FB10C0
FB0C20
FB0780
FB02D0
FAFE10
FAF940
FAF470
FAEF90
FAEAA0
FAE5B0
FAE0B0
FADBA0
FAD680
FAD180
FACC80
FAC790
FAC2C0
FABDF0
FAB940
FAB490
FAB000
FAAB70
FAA700
FAA2A0
FA9E40
FA9A00
FA95C0
FA91A0
FA8D90
FA89A0
FA85E0
FA8250
FA7EE0
FA7BA0
FA7890
FA75B0
FA72F0
FA7060
FA6DF0
FA6BB0
FA69A0
FA67C0
FA6600
FA6470
FA6300
FA61E0
FA6100
FA6060
FA6000
FA5FE0
FA6000
FA6060
FA6110
FA61F0
FA6320
FA6480
FA6630
FA6820
FA6A50
FA6CC0
FA6F80
FA7280
FA75D0
FA7980
FA7D70
FA81B0
FA8650
FA8B30
FA9070
FA95F0
FA9BD0
FAA1F0
FAA870
FAAF30
FAB650
FABDC0
FAC570
FACD80
FAD5F0
FADEA0
FAE7B0
FAF110
FAFAD0
FB04D0
FB0F30
FB19F0
FB24F0
FB3050
FB3C00
FB4810
FB5470
FB6120
FB6E20
FB7B70
FB8920
FB9710
FBA550
FBB3D0
FBC2B0
FBD1E0
FBE150
FBF120
FC0130
FC1190
FC2240
FC3340
FC4490
FC5630
FC6820
FC7A40
FC8CB0
FC9F50
FCB230
FCC540
FCD8A0
FCEC30
FD0000
FD1410
FD2860
FD3CF0
FD51B0
FD66B0
FD7BF0
FD9170
FDA730
FDBD10
FDD310
FDE930
FDFF80
FE15E0
FE2C70
FE4320
FE5A00
FE70F0
FE8810
FE9F50
FEB6C0
FECE40
FEE5F0
FEFDC0
FF15B0
FF2DB0
FF45A0
FF5DA0
FF75A0
FF8DB0
FFA5B0
FFBDC0
FFD5D0
FFEDF0
000610
001E20
003650
004E70
0066A0
007EC0
009700
00AF10
00C700
00DEE0
00F6A0
010E50
0125D0
013D40
015490
016BC0
0182D0
0199D0
01B0B0
01C770
01DE10
01F4A0
020B00
022130
023730
024CF0
026270
0277C0
028CD0
02A1A0
02B630
02CA90
02DEC0
02F2B0
030660
0319D0
032D10
034010
0352E0
036550
037780
038950
039AD0
03AC00
03BCE0
03CD70
03DDB0
03EDA0
03FD30
040C80
041B80
042A20
043870
044670
045430
046180
046E70
047B00
048740
049310
049E80
04A9A0
04B460
04BEB0
04C8B0
04D250
04DB80
04E460
04ECE0
04F500
04FCC0
050420
050B20
0511B0
0517F0
051DD0
052340
052850
052D10
053160
053550
0538E0
053C10
053ED0
054140
054350
0544F0
054640
054740
0547E0
054820
054810
0547A0
0546E0
0545C0
054450
054280
054060
053DE0
053B00
0537D0
053450
053070
052C50
0527E0
052330
051E40
051900
051390
050DD0
0507C0
050170
04FAE0
04F410
04ED00
04E5A0
04DDF0
04D610
04CDE0
04C590
04BD10
04B460
04AB90
04A290
049960
049010
0486A0
047CF0
047320
046930
045F10
0454C0
044A40
043FA0
0434E0
042A00
041F30
041440
040950
03FE50
03F340
03E830
03DD10
03D1F0
03C6C0
03BB80
03B040
03A4F0
039990
038E30
0382C0
037760
036C20
0360F0
0355D0
034AD0
033FD0
033500
032A30
031F80
0314E0
030A50
02FFD0
02F570
02EB20
02E0F0
02D6C0
02CCD0
02C310
02B980
02B010
02A6E0
029DE0
029510
028C70
0283F0
027BB0
0273A0
026BC0
026410
025C90
025540
024E20
024740
0240B0
023A50
023440
022E70
0228F0
0223A0
021EA0
0219E0
021560
021130
020D30
020980
020610
0202F0
020000
01FD70
01FB20
01F920
01F770
01F610
01F500
01F430
01F3C0
01F390
01F3B0
01F420
01F4E0
01F5E0
01F740
01F8E0
01FAE0
01FD20
01FFA0
020280
0205A0
020910
020CC0
0210C0
021510
0219B0
021E90
0223C0
022940
022F10
023520
023B80
024220
024910
025030
0257A0
025F40
026730
026F50
0277C0
028060
028940
029260
029BD0
02A570
02AF50
02B970
02C3D0
02CE70
02D940
02E430
02EF40
02FA90
0305F0
031190
031D50
032930
033540
034180
034DE0
035A70
036720
037400
038110
038E40
039B70
03A8C0
03B610
03C380
03D0F0
03DE70
03EBF0
03F990
040730
0414F0
0422B0
043070
043E50
044C40
045A30
046830
047620
048400
0491D0
049F80
04AD30
04BAC0
04C840
04D5C0
04E320
04F060
04FDA0
050AD0
0517E0
0524F0
0531E0
053EC0
054B70
055800
056450
057070
057C70
058830
0593D0
059F30
05AA70
05B580
05C060
05CB10
05D590
05DFE0
05EA00
05F3F0
05FDA0
060700
061020
061900
062190
0629E0
0631F0
0639B0
064120
064860
064F50
0655F0
065C50
066270
066850
066DE0
067310
0677F0
067C80
0680C0
0684A0
068830
068B70
068E50
0690E0
069310
0694F0
069680
0697C0
0698A0
069920
069960
069930
0698C0
0697E0
0696B0
069530
069340
069100
068E70
068B80
068830
068490
068090
067C40
067790
067280
066D20
066760
066160
065B00
065450
064D60
064600
063E60
063670
062E20
062590
061CA0
061360
0609D0
05FFF0
05F5B0
05EB30
05E060
05D560
05CA10
05BE90
05B2D0
05A6D0
059A80
058E00
058140
057440
056700
055980
054BC0
053DC0
052F80
052100
051260
050390
04F4B0
04E590
04D660
04C700
04B780
04A7E0
049810
048820
047810
0467D0
045780
0446F0
043650
042580
0414B0
0403E0
03F300
03E220
03D140
03C050
03AF60
039E70
038D70
037C80
036B80
035A70
034970
033860
032740
031630
030530
02F450
02E390
02D2F0
02C260
02B1F0
02A1B0
029180
028160
027170
026190
0251E0
024240
0232C0
022350
021410
020500
01F630
01E7A0
01D940
01CB20
01BD40
01AFA0
01A240
019510
018820
017B60
016EF0
0162B0
0156B0
014AF0
013F60
013430
012950
011EC0
011480
010AA0
010110
00F7D0
00EEF0
00E650
00DE10
00D630
00CE90
00C750
00C060
00B9C0
00B370
00AD90
00A800
00A2E0
009E20
0099C0
0095D0
009230
008F00
008C20
0089B0
0087A0
0085F0
0084A0
0083B0
008330
008300
008340
0083E0
0084F0
008660
008830
008A60
008D00
009000
009360
009720
009B50
009FE0
00A4E0
00AA40
00B000
00B620
00BCA0
00C380
00CAB0
00D240
00DA30
00E270
00EB10
00F410
00FD60
010710
011120
011B80
012640
013160
013CD0
0148A0
0154B0
016110
016DB0
017A90
0187C0
019530
01A2E0
01B0E0
01BF20
01CDA0
01DC70
01EB80
01FAD0
020A70
021A50
022A80
023AD0
024B40
025BE0
026CA0
027D80
028E90
029FD0
02B130
02C2B0
02D460
02E630
02F820
030A50
031C90
032F00
034190
035430
0366C0
037960
038C00
039EB0
03B150
03C400
03D6A0
03E950
03FC10
040EC0
042180
043430
0446F0
0459B0
046C80
047F20
0491A0
04A3F0
04B630
04C840
04DA40
04EC00
04FDB0
050F40
0520A0
0531E0
054300
055400
0564E0
057590
058630
059680
05A680
05B640
05C5C0
05D500
05E3F0
05F2A0
060100
060F20
061D00
062A90
0637E0
0644F0
0651B0
065E30
066A70
067640
0681C0
068CD0
069780
06A1D0
06ABC0
06B540
06BE70
06C730
06CFA0
06D7A0
06DF40
06E680
06ED60
06F3D0
06F9F0
06FF90
0704C0
070980
070DC0
0711A0
071500
0717F0
071A60
071C70
071E00
071F20
071FC0
072000
071FC0
071F10
071DF0
071C50
071A40
0717B0
0714A0
071120
070D20
0708B0
0703C0
06FE50
06F870
06F220
06EB40
06E400
06DC30
06D3F0
06CB40
06C210
06B870
06AE60
06A3E0
0698F0
068D80
0681B0
067560
0668B0
065B80
064DE0
063FC0
063140
062240
0612E0
060300
05F2C0
05E230
05D130
05BFE0
05AE20
059C10
0589A0
0576D0
0563A0
055000
053C20
0527D0
051320
04FE10
04E8A0
04D2E0
04BCD0
04A680
048FF0
047930
046220
044AD0
043340
041B70
040350
03EB00
03D270
03B9A0
03A080
038730
036D90
0353C0
0339C0
031FB0
030590
02EB40
02D0E0
02B660
029BC0
028110
026630
024B40
023040
021510
01F9D0
01DE70
01C2F0
01A760
018BD0
017050
0154E0
013970
011E20
0102D0
00E790
00CC50
00B120
009600
007AF0
005FE0
0044F0
002A00
000F10
FFF440
FFD990
FFBF20
FFA4E0
FF8AD0
FF70F0
FF5750
FF3DD0
FF2490
FF0B80
FEF2A0
FED9F0
FEC170
FEA930
FE9120
FE7930
FE6180
FE4A30
FE3320
FE1C70
FE0610
FDF010
FDDA50
FDC4F0
FDAFE0
FD9B30
FD86D0
FD72C0
FD5F00
FD4BA0
FD3890
FD25D0
FD1360
FD0170
FCEFE0
FCDEC0
FCCE10
FCBDC0
FCADF0
FC9E80
FC8F90
FC8100
FC72E0
FC6530
FC57F0
FC4B10
FC3EB0
FC32B0
FC2730
FC1C20
FC1180
FC0770
FBFDD0
FBF4B0
FBEC10
FBE3F0
FBDC40
FBD510
FBCE60
FBC830
FBC270
FBBD30
FBB870
FBB430
FBB060
FBAD20
FBAA50
FBA800
FBA630
FBA4E0
FBA410
FBA3C0
FBA3F0
FBA4A0
FBA5D0
FBA780
FBA9A0
FBAC50
FBAF70
FBB320
FBB740
FBBBE0
FBC0F0
FBC670
FBCC70
FBD2E0
FBD9C0
FBE120
FBE8F0
FBF130
FBF9F0
FC0320
FC0CC0
FC16E0
FC2160
FC2C70
FC37E0
FC43C0
FC5000
FC5CA0
FC69A0
FC7700
FC84C0
FC92F0
FCA170
FCB060
FCBFB0
FCCF60
FCDF70
FCEFE0
FD00B0
FD11F0
FD2380
FD3560
FD4780
FD59F0
FD6CA0
FD7FA0
FD92D0
FDA650
FDBA20
FDCE30
FDE280
FDF710
FE0BF0
FE2120
FE3680
FE4C30
FE6230
FE7840
FE8E90
FEA4F0
FEBB80
FED230
FEE910
FF0010
FF1730
FF2E80
FF45F0
FF5D90
FF7540
FF8D30
FFA530
FFBD60
FFD5C0
FFEE10
000670
001ED0
003740
004FA0
006810
008080
009900
00B170
00C9F0
00E280
00FB00
011390
012C20
0144B0
015D40
0175C0
018E20
01A670
01BE90
01D6B0
01EEA0
020680
021E40
0235F0
024D80
0264F0
027C50
029390
02AAB0
02C1C0
02D8B0
02EF70
0305F0
031C40
033260
034850
035E00
037380
0388D0
039DE0
03B2C0
03C770
03DBF0
03F030
040440
041810
042BC0
043F20
045230
046500
047790
0489D0
049BC0
04AD80
04BEF0
04D010
04E0F0
04F180
0501E0
0511E0
0521B0
053120
054060
054F40
055DD0
056C20
057A10
0587C0
059510
05A210
05AED0
05BB30
05C740
05D310
05DE80
05E9A0
05F480
05FF00
060930
061310
061CB0
0625F0
062EF0
063790
063FE0
0647F0
064FA0
065710
065E20
0664F0
066B60
067190
067770
067CF0
068230
068720
068BD0
069030
069450
069820
069BB0
069EF0
06A1F0
06A4A0
06A710
06A930
06AB10
06ACB0
06AE00
06AF00
06AFC0
06B040
06B090
06B0B0
06B080
06B030
06AF90
06AEC0
06ADC0
06AC80
06AB00
06A950
06A760
06A540
06A2E0
06A050
069D80
069A90
069770
069430
0690D0
068D50
0689A0
0685D0
0681E0
067DC0
067980
067520
0670A0
066BF0
066720
066220
065D10
0657E0
0652A0
064D60
064800
0642A0
063D30
0637A0
063210
062C70
0626C0
062100
061B30
061550
060F60
060960
060360
05FD50
05F750
05F160
05EB60
05E580
05DF90
05D9B0
05D3D0
05CE00
05C830
05C270
05BCA0
05B6F0
05B130
05AB80
05A5E0
05A050
059AD0
059570
059020
058AF0
0585D0
0580D0
057BE0
057710
057250
056DB0
056920
0564B0
056050
055C10
0557E0
0553E0
055000
054C40
0548A0
054530
0541F0
053EC0
053BC0
0538E0
053630
0533A0
053130
052EF0
052CD0
052AE0
052900
052760
0525E0
0524A0
052380
052280
0521C0
052120
0520C0
052080
052070
052090
0520D0
052140
0521F0
0522C0
0523B0
0524E0
052640
0527C0
052980
052B60
052D80
052FC0
053230
0534D0
0537A0
053AA0
053DD0
054130
0544B0
054870
054C50
055060
0554A0
055900
055D90
056250
056730
056C40
057170
0576D0
057C60
058210
0587F0
058E00
059430
059A80
05A110
05A7B0
05AE70
05B560
05BC60
05C390
05CAD0
05D240
05D9C0
05E170
05E930
05F120
05F930
060150
0609A0
061210
061A90
062330
062BE0
0634B0
063D80
064670
064F70
065880
0661A0
066AD0
067420
067D80
0686F0
069070
069A00
06A3B0
06AD60
06B720
06C0E0
06CAB0
06D470
06DE40
06E810
06F1E0
06FBC0
0705A0
070F70
071960
072340
072D30
073710
074100
074B00
0754E0
075EC0
076880
077240
077C00
0785A0
078F40
0798C0
07A240
07ABB0
07B510
07BE70
07C7C0
07D0F0
07DA20
07E350
07EC50
07F540
07FE10
0806C0
080F50
0817D0
082030
082870
0830A0
0838B0
0840A0
084870
085020
0857C0
085F40
0866B0
086DE0
0874F0
087BE0
0882A0
088930
088FA0
0895E0
089BF0
08A1E0
08A7A0
08AD40
08B2B0
08B7F0
08BD10
08C200
08C6D0
08CB60
08CFC0
08D3F0
08D7F0
08DBB0
08DF40
08E2A0
08E5C0
08E8C0
08EB80
08EE10
08F060
08F290
08F480
08F640
08F7C0
08F910
08FA20
08FB00
08FB90
08FBF0
08FC20
08FC00
08FBB0
08FB20
08FA50
08F950
08F810
08F690
08F4D0
08F2E0
08F0A0
08EE30
08EB80
08E8A0
08E570
08E200
08DE60
08DA70
08D650
08D1F0
08CD50
08C870
08C350
08BDF0
08B850
08B270
08AC60
08A600
089F70
0898A0
089180
088A30
0882A0
087AD0
0872C0
086A70
0861F0
085920
085010
0846D0
083D40
083380
082980
081F40
0814C0
080A10
07FF20
07F3F0
07E890
07DCF0
07D110
07C500
07B8A0
07AC10
079F50
079250
078510
077790
0769E0
075BF0
074DD0
073F80
0730F0
072230
071340
070420
06F4C0
06E520
06D560
06C560
06B530
06A4C0
069420
068350
067250
066120
064FC0
063E30
062C70
061A90
060880
05F650
05E3E0
05D150
05BE90
05ABB0
059890
058550
0571E0
055E50
054A80
0536A0
0522A0
050E70
04FA30
04E5C0
04D130
04BC90
04A7C0
0492D0
047DD0
0468A0
045350
043DE0
042850
0412A0
03FCD0
03E6F0
03D0F0
03BAE0
03A4C0
038E90
037850
0361F0
034B80
033500
031E60
0307C0
02F100
02DA30
02C340
02AC50
029540
027E30
026710
024FF0
0238D0
0221B0
020A80
01F340
01DC10
01C4C0
01AD80
019630
017EE0
016780
015030
0138C0
012160
010A00
00F2A0
00DB50
00C410
00ACD0
0095A0
007E70
006750
005040
003930
002230
000B30
FFF440
FFDD50
FFC670
FFAFA0
FF98E0
FF8230
FF6BB0
FF5530
FF3ED0
FF2890
FF1260
FEFC50
FEE650
FED070
FEBAA0
FEA4F0
FE8F50
FE79D0
FE6470
FE4F10
FE39F0
FE24E0
FE1000
FDFB50
FDE6C0
FDD250
FDBE00
FDA9E0
FD95F0
FD8220
FD6E70
FD5AE0
FD4780
FD3450
FD2130
FD0E50
FCFB90
FCE900
FCD6B0
FCC490
FCB2B0
FCA0F0
FC8F70
FC7E20
FC6D00
FC5C10
FC4B60
FC3AE0
FC2A90
FC1A70
FC0A90
FBFAD0
FBEB60
FBDC20
FBCD30
FBBE70
FBAFE0
FBA1A0
FB93A0
FB85D0
FB7840
FB6AF0
FB5DE0
FB5110
FB4470
FB3810
FB2C00
FB2010
FB1480
FB0920
FAFE10
FAF340
FAE8C0
FADE70
FAD480
FACAC0
FAC150
FAB820
FAAF30
FAA680
FA9E20
FA9610
FA8E30
FA86A0
FA7F50
FA7850
FA7190
FA6B20
FA64F0
FA5F00
FA5960
FA5400
FA4EF0
FA4A30
FA45A0
FA4160
FA3D70
FA39C0
FA3660
FA3330
FA3060
FA2DC0
FA2B80
FA2970
FA27B0
FA2630
FA24F0
FA2400
FA2360
FA22F0
FA22D0
FA2300
FA2360
FA2420
FA2510
FA2650
FA27D0
FA2990
FA2B80
FA2DC0
FA3030
FA32F0
FA35F0
FA3920
FA3C90
FA4050
FA4440
FA4870
FA4CE0
FA5190
FA5680
FA5BB0
FA6120
FA66B0
FA6C80
FA7290
FA78C0
FA7F30
FA85D0
FA8CA0
FA93B0
FA9AF0
FAA260
FAAA10
FAB1F0
FABA00
FAC250
FACAC0
FAD370
FADC30
FAE520
FAEE30
FAF770
FB00D0
FB0A50
FB1400
FB1DD0
FB27D0
FB31E0
FB3C20
FB4690
FB5120
FB5BD0
FB66B0
FB71A0
FB7CA0
FB87C0
FB92F0
FB9E30
FBA990
FBB500
FBC090
FBCC30
FBD7E0
FBE3B0
FBEF90
FBFB80
FC0790
FC13B0
FC1FE0
FC2C20
FC3860
FC44A0
FC50E0
FC5D30
FC6980
FC75D0
FC8220
FC8E80
FC9AE0
FCA740
FCB3A0
FCC010
FCCC70
FCD8E0
FCE560
FCF1C0
FCFE20
FD0A70
FD16B0
FD22F0
FD2F20
FD3B40
FD4750
FD5360
FD5F60
FD6B50
FD7740
FD8320
FD8EF0
FD9AB0
FDA670
FDB210
FDBD90
FDC900
FDD450
FDDF90
FDEAB0
FDF5B0
FE0090
FE0B60
FE1620
FE20C0
FE2B40
FE35A0
FE3FF0
FE4A30
FE5440
FE5E40
FE6810
FE71C0
FE7B50
FE84C0
FE8E10
FE9740
FEA040
FEA920
FEB1E0
FEBA80
FEC300
FECB50
FED390
FEDBA0
FEE390
FEEB60
FEF300
FEFA80
FF01D0
FF0900
FF1000
FF16E0
FF1DA0
FF2430
FF2AA0
FF30E0
FF3700
FF3CF0
FF42C0
FF4860
FF4DF0
FF5340
FF5880
FF5D90
FF6280
FF6750
FF6BF0
FF7070
FF74D0
FF7900
FF7D20
FF8110
FF84D0
FF8880
FF8C00
FF8F60
FF9290
FF95B0
FF98B0
FF9B90
FF9E50
FFA100
FFA380
FFA5F0
FFA840
FFAA70
FFAC80
FFAE70
FFB050
FFB210
FFB3A0
FFB520
FFB690
FFB7E0
FFB920
FFBA50
FFBB70
FFBC70
FFBD70
FFBE60
FFBF30
FFC000
FFC0B0
FFC160
FFC1F0
FFC270
FFC2E0
FFC340
FFC390
FFC3E0
FFC430
FFC480
FFC4C0
FFC500
FFC540
FFC580
FFC5C0
FFC600
FFC630
FFC670
FFC6A0
FFC6D0
FFC700
FFC730
FFC750
FFC790
FFC7D0
FFC820
FFC880
FFC8F0
FFC970
FFC9F0
FFCA90
FFCB30
FFCBE0
FFCCA0
FFCD60
FFCE40
FFCF20
FFD010
FFD120
FFD230
FFD370
FFD4C0
FFD630
FFD7C0
FFD960
FFDB30
FFDD10
FFDF00
FFE120
FFE350
FFE5A0
FFE810
FFEA90
FFED40
FFEFF0
FFF2E0
FFF5F0
FFF920
FFFC70
FFFFF0
0003A0
000770
000B60
000F80
0013C0
001820
001CB0
002160
002640
002B40
003070
0035C0
003B40
0040F0
0046D0
004CD0
005300
005960
005FF0
0066A0
006D80
007490
007BD0
008330
008AD0
009290
009A70
00A290
00AAD0
00B340
00BBD0
00C490
00CD80
00D6A0
00DFE0
00E950
00F2E0
00FCB0
0106A0
0110B0
011B00
012570
013000
013AC0
0145A0
0150B0
015BD0
016720
017290
017E20
0189E0
0195B0
01A1B0
01ADD0
01BA10
01C680
01D310
01DFB0
01EC90
01F970
020670
021380
0220A0
022DE0
023B30
0248A0
025620
0263B0
027160
027F10
028CF0
029AD0
02A8D0
02B6E0
02C510
02D340
02E160
02EFA0
02FDD0
030C10
031A40
032880
0336C0
034510
035350
0361A0
036FF0
037E40
038C90
039AF0
03A940
03B790
03C5C0
03D3F0
03E200
03F000
03FDF0
040BD0
0419A0
042750
043500
044290
045020
045D90
046AF0
047840
048580
049290
049F80
04AC50
04B8F0
04C570
04D1D0
04DE00
04EA00
04F5F0
0501B0
050D40
0518B0
052400
052F20
053A20
0544F0
054F90
055A00
056420
056E20
0577E0
058160
058AB0
0593C0
059CA0
05A540
05ADB0
05B5E0
05BDE0
05C5A0
05CD20
05D480
05DB80
05E250
05E8D0
05EF10
05F510
05FAC0
060030
060560
060A50
060EF0
061350
061770
061B40
061ED0
062220
062530
0627F0
062A60
062C90
062E70
063000
063150
063250
063300
063370
063390
063370
063300
063240
063140
062FF0
062E50
062C70
062A50
0627E0
062520
062220
061EE0
061B50
061770
061350
060EF0
060A40
060550
060010
05FA90
05F4D0
05EEB0
05E860
05E1E0
05DB10
05D410
05CCC0
05C540
05BD80
05B590
05AD50
05A4E0
059C20
059330
058A00
0580A0
0576F0
056D10
056300
0558C0
054E50
0543C0
053900
052E10
0522F0
0517B0
050C40
0500A0
04F4E0
04E8E0
04DCC0
04D080
04C400
04B760
04AAA0
049DD0
0490F0
0483F0
0476E0
0469B0
045C80
044F20
0441C0
043440
0426A0
0418F0
040B30
03FD60
03EF70
03E160
03D360
03C560
03B760
03A960
039B70
038D70
037F80
037180
036390
0355A0
0347B0
0339C0
032BE0
031DF0
031010
030220
02F460
02E6A0
02D910
02CB90
02BE20
02B0D0
02A390
029680
028970
027C80
026FB0
0262F0
025650
0249C0
023D50
023100
0224D0
0218D0
020D00
020150
01F5E0
01EA90
01DF70
01D470
01C9B0
01BF10
01B4A0
01AA60
01A050
019660
018CB0
018320
0179C0
0170A0
0167C0
015F20
0156B0
014E70
014680
013EB0
013730
012FE0
0128D0
0121F0
011B50
0114E0
010EC0
0108C0
010310
00FDA0
00F860
00F370
00EEC0
00EA40
00E610
00E220
00DE60
00DAF0
00D7B0
00D4C0
00D200
00CF80
00CD50
00CB50
00C990
00C810
00C6D0
00C5D0
00C500
00C480
00C430
00C420
00C440
00C4B0
00C550
00C630
00C750
00C8B0
00CA50
00CC20
00CE30
00D070
00D2E0
00D580
00D860
00DB60
00DEA0
00E220
00E5C0
00E9A0
00EDA0
00F1F0
00F660
00FB00
00FFE0
0104F0
010A20
010F80
011500
011AA0
012060
012650
012C60
013290
0138F0
013F60
014610
014CD0
0153C0
015AD0
016200
016960
0170D0
017840
017FD0
018770
018F20
0196F0
019EC0
01A6A0
01AEA0
01B6B0
01BEC0
01C6F0
01CF30
01D780
01DFE0
01E860
01F0D0
01F940
0201B0
020A20
021290
021B00
022360
022BD0
023440
023CA0
024510
024D70
0255D0
025E40
0266A0
026F00
027750
027F90
0287C0
028FE0
0297E0
029FE0
02A7C0
02AFA0
02B760
02BF10
02C6C0
02CE50
02D5D0
02DD30
02E490
02EBE0
02F310
02FA20
030120
0307F0
030EB0
031560
031BE0
032250
0328A0
032ED0
0334F0
033AF0
0340D0
034690
034C40
0351D0
035740
035C90
0361C0
0366C0
036BB0
037080
037530
0379B0
037E20
038270
038690
038AA0
038E80
039250
0395F0
039980
039CE0
03A030
03A360
03A670
03A970
03AC40
03AF00
03B1A0
03B420
03B680
03B8D0
03BAF0
03BD00
03BEF0
03C0C0
03C280
03C420
03C5B0
03C730
03C890
03C9F0
03CB30
03CC60
03CD80
03CE90
03CF90
03D070
03D140
03D200
03D2B0
03D350
03D3D0
03D460
03D4E0
03D560
03D5D0
03D650
03D6C0
03D730
03D7A0
03D800
03D870
03D8D0
03D930
03D990
03D9F0
03DA40
03DA90
03DAF0
03DB60
03DBE0
03DC70
03DD10
03DDB0
03DE70
03DF30
03E010
03E0F0
03E1E0
03E2E0
03E3F0
03E510
03E640
03E780
03E8E0
03EA50
03EBF0
03EDB0
03EF80
03F180
03F3A0
03F5D0
03F830
03FAA0
03FD40
03FFF0
0402D0
0405C0
0408E0
040C10
040F70
041310
0416D0
041AB0
041ED0
042310
042780
042C30
0430F0
0435F0
043B20
044070
0445F0
044BA0
045180
045790
045DD0
046440
046AE0
0471B0
0478C0
048000
048770
048F10
0496E0
049EF0
04A720
04AF90
04B830
04C100
04CA10
04D340
04DCB0
04E650
04F010
04FA10
050440
050EA0
051930
0523E0
052ED0
0539F0
054550
0550D0
055C80
056860
057470
0580C0
058D20
0599B0
05A660
05B330
05C020
05CD40
05DA70
05E7D0
05F550
060300
0610C0
061EB0
062CC0
063AF0
064940
0657C0
066640
0674D0
068370
069220
06A0E0
06AFB0
06BE90
06CD70
06DC60
06EB70
06FA80
0709A0
0718D0
072800
073750
0746A0
0755F0
076520
077440
078360
079260
07A150
07B030
07BF00
07CDC0
07DC70
07EB10
07F9A0
080820
081680
0824E0
083330
084140
084F30
085CE0
086A70
0877C0
0884E0
0891D0
089E90
08AB20
08B770
08C3A0
08CF90
08DB60
08E6F0
08F250
08FD90
090860
0912F0
091D20
092710
093090
0939D0
0942B0
094B40
095380
095B70
096300
096A40
097130
0977D0
097E10
098400
098980
098E90
099330
099760
099B20
099E70
09A150
09A3C0
09A5C0
09A750
09A870
09A920
09A950
09A920
09A880
09A770
09A5D0
09A3C0
09A120
099DF0
099A50
099620
099170
098C30
098670
098030
097970
097220
096A50
096200
095920
094FD0
0945E0
093B70
093070
0924E0
0918C0
090C20
08FEF0
08F130
08E2F0
08D410
08C4B0
08B4D0
08A450
089350
0881C0
086FA0
085D00
0849E0
083630
082200
080D50
07F810
07E250
07CC10
07B540
079DF0
078620
076DC0
0754E0
073B80
072190
070730
06EC50
06D100
06B540
069920
067C80
065F80
064210
062420
0605D0
05E710
05C7E0
05A840
058830
0567C0
0546D0
052570
0503D0
04E1E0
04BFA0
049D20
047A50
045740
0433E0
041030
03EC40
03C7F0
03A370
037E90
035970
033410
030E50
02E860
02C240
029C00
0275B0
024F40
0228C0
020210
01DB50
01B470
018D70
016660
013F30
0117E0
00F070
00C8F0
00A140
007990
0051E0
002A50
0002E0
FFDB80
FFB440
FF8D20
FF6610
FF3F20
FF1840
FEF180
FECAD0
FEA440
FE7DC0
FE5760
FE3120
FE0AF0
FDE510
FDBF80
FD9A40
FD7550
FD50A0
FD2C40
FD0840
FCE480
FCC110
FC9DF0
FC7B10
FC5890
FC3650
FC1470
FBF2D0
FBD180
FBB0B0
FB9060
FB7090
FB5130
FB3260
FB1400
FAF620
FAD8D0
FABBF0
FA9F90
FA83A0
FA6840
FA4D60
FA32F0
FA1910
F9FFA0
F9E6E0
F9CEB0
F9B730
F9A050
F98A10
F97470
F95F80
F94B20
F93770
F92460
F911F0
F90020
F8EF00
F8DE70
F8CE90
F8BF50
F8B0C0
F8A2F0
F895E0
F88980
F87DD0
F872E0
F868A0
F85F20
F85660
F84E50
F84700
F84060
F83A70
F83540
F830D0
F82D10
F82A10
F827C0
F82640
F82560
F82550
F825F0
F82750
F82970
F82C40
F82FD0
F83420
F83920
F83EE0
F84560
F84C90
F85480
F85D20
F86660
F87050
F87AF0
F88640
F89230
F89ED0
F8AC10
F8BA00
F8C8A0
F8D7F0
F8E7E0
F8F880
F909D0
F91BC0
F92E60
F94190
F95540
F96970
F97E30
F99380
F9A950
F9BFB0
F9D690
F9EE00
FA05F0
FA1E70
FA3780
FA5110
FA6B20
FA85C0
FAA0F0
FABC70
FAD850
FAF480
FB1100
FB2DF0
FB4B20
FB68C0
FB86B0
FBA4F0
FBC390
FBE280
FC01D0
FC2180
FC4180
FC61D0
FC8290
FCA360
FCC450
FCE550
FD0680
FD27D0
FD4940
FD6AC0
FD8C70
FDAE30
FDD020
FDF220
FE1440
FE3680
FE58F0
FE7B70
FE9E00
FEC090
FEE2F0
FF0530
FF2760
FF4960
FF6B50
FF8D20
FFAEE0
FFD070
FFF1E0
001340
003480
0055A0
0076A0
009780
00B850
00D8C0
00F8D0
0118A0
013800
015720
0175E0
019450
01B260
01D020
01ED80
020A90
022750
0243B0
025FC0
027B70
0296E0
02B1B0
02CC10
02E5E0
02FF30
0317F0
033030
0347F0
035F30
0375E0
038C10
03A1B0
03B6D0
03CB70
03DF90
03F320
040630
0418A0
042A60
043B80
044C00
045BD0
046B10
0479A0
048780
0494D0
04A170
04AD60
04B8C0
04C370
04CD80
04D6F0
04DFB0
04E7C0
04EF30
04F5E0
04FBE0
050130
0505D0
0509C0
050D00
050F90
051160
051290
051310
0512D0
0511E0
051050
050E00
050B10
050770
050320
04FE30
04F890
04F250
04EB60
04E3C0
04DB80
04D290
04C8F0
04BEB0
04B3C0
04A820
049BE0
048F00
048180
047370
0464D0
0455B0
0445F0
0435A0
0424C0
041350
040160
03EED0
03DBB0
03C800
03B3C0
039EF0
038990
0373B0
035D50
0346A0
032F80
0317F0
030000
02E7B0
02CEF0
02B5D0
029C50
028260
026800
024D50
023230
0216A0
01FAB0
01DE60
01C1D0
01A520
018830
016B10
014DC0
013040
011280
00F4A0
00D680
00B830
0099B0
007B00
005C20
003D00
001DB0
FFFE40
FFDEC0
FFBF50
FF9FF0
FF8080
FF6130
FF41D0
FF2280
FF0340
FEE3F0
FEC4C0
FEA580
FE8650
FE6730
FE4800
FE28F0
FE09D0
FDEB00
FDCC60
FDAE00
FD8FD0
FD71F0
FD5440
FD36D0
FD19A0
FCFCA0
FCDFE0
FCC360
FCA720
FC8B20
FC6F50
FC53C0
FC3870
FC1D80
FC0300
FBE8F0
FBCF40
FBB600
FB9D20
FB84B0
FB6CA0
FB5500
FB3DD0
FB2700
FB10A0
FAFAA0
FAE510
FACFE0
FABB30
FAA6F0
FA9340
FA8020
FA6D80
FA5B60
FA49D0
FA38C0
FA2840
FA1840
FA08D0
F9F9E0
F9EB80
F9DDA0
F9D050
F9C380
F9B740
F9AB90
F9A070
F995F0
F98C00
F982A0
F979E0
F971A0
F96A10
F96300
F95C90
F956C0
F95170
F94CC0
F948A0
F94520
F94230
F93FD0
F93E00
F93CC0
F93C10
F93BF0
F93C60
F93D50
F93EE0
F94100
F943B0
F946F0
F94AC0
F94F20
F95410
F95990
F95F90
F96620
F96D20
F97490
F97C80
F984E0
F98DC0
F99720
F9A0E0
F9AB30
F9B5F0
F9C120
F9CCD0
F9D8F0
F9E590
F9F2B0
FA0030
FA0E10
FA1C40
FA2AD0
FA39A0
FA48C0
FA5840
FA6800
FA7820
FA8890
FA9940
FAAA50
FABBB0
FACD60
FADF70
FAF1C0
FB0460
FB1730
FB2A10
FB3D20
FB5050
FB6390
FB7700
FB8A90
FB9E40
FBB210
FBC610
FBDA20
FBEE50
FC02B0
FC1720
FC2BC0
FC4080
FC5530
FC69C0
FC7E40
FC92C0
FCA720
FCBB70
FCCFB0
FCE3E0
FCF7F0
FD0C00
FD1FF0
FD33E0
FD47B0
FD5B70
FD6F20
FD82C0
FD9620
FDA930
FDBC10
FDCEA0
FDE0F0
FDF2F0
FE04C0
FE1650
FE2790
FE3890
FE4950
FE59D0
FE6A00
FE7A00
FE89B0
FE9920
FEA830
FEB6C0
FEC500
FED2D0
FEE030
FEED30
FEF9C0
FF05E0
FF11A0
FF1D00
FF27F0
FF3270
FF3C90
FF4640
FF4F80
FF5870
FF60C0
FF68A0
FF7000
FF76D0
FF7D20
FF82F0
FF8840
FF8D10
FF9160
FF9520
FF9860
FF9B20
FF9D60
FF9F20
FFA060
FFA110
FFA140
FFA0E0
FFA000
FF9E90
FF9CA0
FF9A20
FF9720
FF9390
FF8F70
FF8AD0
FF85B0
FF8000
FF79C0
FF7300
FF6BB0
FF63D0
FF5B80
FF52B0
FF4960
FF3F90
FF3550
FF2A80
FF1F40
FF1380
FF0740
FEFA80
FEED40
FEDF90
FED160
FEC2A0
FEB370
FEA3D0
FE93C0
FE8350
FE7280
FE6160
FE4FD0
FE3DF0
FE2BA0
FE1900
FE0600
FDF290
FDDED0
FDCAB0
FDB630
FDA150
FD8C10
FD7680
FD60B0
FD4AA0
FD3470
FD1E00
FD0760
FCF090
FCD980
FCC240
FCAAD0
FC9330
FC7B50
FC6350
FC4B10
FC3290
FC19F0
FC0110
FBE830
FBCF60
FBB680
FB9DB0
FB84D0
FB6C00
FB5330
FB3A60
FB2180
FB08B0
FAEFE0
FAD710
FABE40
FAA580
FA8CB0
FA73E0
FA5B50
FA42F0
FA2AD0
FA12E0
F9FB30
F9E3B0
F9CC70
F9B560
F99E90
F987F0
F97190
F95B60
F94570
F92FB0
F91A20
F904E0
F8EFF0
F8DB80
F8C770
F8B3D0
F8A090
F88DC0
F87B60
F86970
F857E0
F846C0
F83600
F825B0
F815D0
F80650
F7F750
F7E8A0
F7DA90
F7CD20
F7C030
F7B3D0
F7A810
F79CE0
F79240
F78830
F77EC0
F775D0
F76D80
F765C0
F75E90
F75800
F751F0
F74C80
F747B0
F74390
F74020
F73D60
F73B40
F739D0
F73910
F73900
F73990
F73AD0
F73CC0
F73F50
F74290
F74680
F74B20
F75060
F75660
F75D00
F76460
F76C60
F77520
F77E90
F788A0
F79370
F79EF0
F7AB20
F7B800
F7C590
F7D3D0
F7E2C0
F7F260
F802C0
F813B0
F82550
F83780
F84A60
F85DE0
F87200
F886C0
F89C30
F8B230
F8C8E0
F8E020
F8F810
F910A0
F929D0
F943B0
F95E20
F97920
F99490
F9B090
F9CD10
F9EA10
FA0780
FA2580
FA4410
FA6310
FA8290
FAA290
FAC320
FAE420
FB05B0
FB27B0
FB4A40
FB6D20
FB9040
FBB3C0
FBD790
FBFBB0
FC2020
FC44F0
FC6A00
FC8F60
FCB510
FCDB20
FD0170
FD2820
FD4F10
FD7660
FD9E00
FDC5B0
FDED80
FE1560
FE3D50
FE6570
FE8D90
FEB5D0
FEDE20
FF0690
FF2F20
FF57C0
FF8070
FFA940
FFD220
FFFB10
002430
004D10
0075E0
009E80
00C6F0
00EF50
011780
013F80
016770
018F30
01B6C0
01DE30
020580
022CA0
0253B0
027A80
02A140
02C790
02ED90
031320
033860
035D40
0381C0
03A5E0
03C9A0
03ED00
041010
0432B0
045500
0476E0
049870
04B9A0
04DA60
04FAA0
051A60
053980
055820
057620
0593A0
05B090
05CD00
05E8D0
060420
061ED0
063900
0652A0
066BC0
068440
069C40
06B390
06CA30
06E020
06F570
070A10
071E00
073140
0743E0
0755D0
076710
0777A0
078790
0796C0
07A550
07B340
07C070
07CCF0
07D8C0
07E3D0
07EE30
07F7D0
0800C0
080900
081070
081740
081D50
0822B0
082750
082B30
082E70
0830E0
0832B0
0833C0
083420
0833E0
0832E0
083140
082EF0
082BE0
082830
0823D0
081EC0
081900
081290
080B70
0803A0
07FB20
07F1F0
07E830
07DDE0
07D2F0
07C780
07BB70
07AED0
07A1A0
0793D0
078570
077690
076700
0756F0
074650
073510
072340
0710E0
06FE10
06EAE0
06D750
06C340
06AEE0
069A10
0684D0
066F30
065920
0642B0
062BE0
0614A0
05FCF0
05E4E0
05CC70
05B380
059A70
058130
0567C0
054E10
053430
051A30
04FFF0
04E580
04CAE0
04B000
049500
0479D0
045E60
0442C0
0426F0
040B00
03EF00
03D310
03B730
039B50
037F80
0363B0
0347E0
032C20
031070
02F4C0
02D920
02BD80
02A1F0
028660
026AE0
024F60
023420
021920
01FE60
01E3E0
01C9A0
01AFA0
0195E0
017C50
016310
014A10
013140
0118B0
010070
00E860
00D090
00B900
00A1E0
008B30
0074E0
005F00
0049A0
0034A0
002000
000BE0
FFF820
FFE4E0
FFD200
FFBF80
FFAD80
FF9BF0
FF8AC0
FF7A00
FF69D0
FF5A30
FF4B10
FF3C80
FF2E80
FF2100
FF1410
FF07B0
FEFBE0
FEF090
FEE5E0
FEDBB0
FED200
FEC8F0
FEC060
FEB850
FEB0F0
FEAA20
FEA3E0
FE9E50
FE9950
FE94E0
FE9110
FE8DE0
FE8B40
FE8940
FE87E0
FE8710
FE86D0
FE8740
FE8840
FE89D0
FE8C00
FE8EC0
FE9210
FE95F0
FE9A70
FE9F80
FEA520
FEAB50
FEB210
FEB970
FEC150
FEC9D0
FED2E0
FEDC90
FEE6C0
FEF190
FEFCD0
FF0890
FF14D0
FF2190
FF2EC0
FF3C70
FF4A90
FF5940
FF6860
FF77F0
FF8810
FF98A0
FFA9B0
FFBB30
FFCD40
FFDFB0
FFF290
0005B0
001920
002CF0
004110
005580
006A50
007F60
0094D0
00AA90
00C0A0
00D700
00EDC0
0104D0
011C20
0133E0
014BB0
0163A0
017BC0
0193F0
01AC50
01C4C0
01DD60
01F620
020F00
022800
024120
025A60
0273D0
028D50
02A700
02C0C0
02DA80
02F420
030DA0
032720
034080
0359D0
037310
038C30
03A540
03BE40
03D720
03F000
0408B0
042160
0439F0
045280
046AB0
0482A0
049A50
04B1B0
04C8C0
04DF90
04F610
050C50
052250
0537F0
054D60
056270
057750
058BD0
05A020
05B410
05C7A0
05DAB0
05ED50
05FF80
061130
062270
063340
0643A0
065380
0662F0
0671F0
068080
068E90
069C30
06A960
06B620
06C240
06CDE0
06D8E0
06E350
06ED30
06F670
06FF30
070750
070EF0
0715F0
071C60
072230
072780
072C40
073060
0733F0
0736E0
073930
073AE0
073C00
073C70
073C40
073B70
073A00
0737F0
073530
0731E0
072DF0
072960
072430
071E60
0717E0
0710D0
070930
0700E0
06F800
06EE80
06E460
06D9B0
06CE60
06C270
06B5E0
06A8B0
069AF0
068C90
067DA0
066E00
065DD0
064D10
063BD0
062A10
0617C0
0604F0
05F1A0
05DDC0
05C960
05B470
059F00
058910
057290
055B90
054410
052C00
051370
04FA80
04E120
04C760
04AD50
0492D0
0477F0
045CA0
044100
0424F0
040890
03EBC0
03CE90
03B100
039300
0374B0
0355F0
033700
0317E0
02F890
02D900
02B940
029950
027920
0258C0
023830
021770
01F670
01D540
01B3E0
019250
017080
014E80
012C80
010A80
00E870
00C670
00A470
008260
006050
003E50
001C40
FFFA30
FFD820
FFB610
FF93F0
FF71E0
FF4FD0
FF2DB0
FF0BD0
FEEA10
FEC890
FEA730
FE8610
FE6520
FE4450
FE23C0
FE0350
FDE320
FDC320
FDA340
FD83A0
FD6430
FD44F0
FD25D0
FD0720
FCE8C0
FCCAC0
FCAD10
FC8FD0
FC72E0
FC5640
FC3A10
FC1E30
FC02B0
FBE780
FBCCB0
FBB240
FB9830
FB7E70
FB6510
FB4C30
FB33C0
FB1BD0
FB0460
FAED70
FAD6F0
FAC0F0
FAAB70
FA9660
FA81D0
FA6DC0
FA5A30
FA4710
FA3470
FA2250
FA10A0
F9FF80
F9EF00
F9DEF0
F9CF80
F9C0A0
F9B240
F9A470
F99730
F98A80
F97E60
F972C0
F967C0
F95D40
F95350
F949F0
F94110
F938D0
F93110
F929F0
F92360
F91D50
F917D0
F912F0
F90E90
F90AD0
F90790
F904E0
F902D0
F90140
F90040
F8FFD0
F90000
F900A0
F901D0
F90370
F905A0
F90860
F90B90
F90F50
F91380
F91840
F91D90
F92350
F929A0
F93070
F937C0
F93F90
F947E0
F950A0
F959D0
F96360
F96D70
F977D0
F982B0
F98DF0
F99990
F9A5B0
F9B230
F9BF10
F9CC70
F9DA30
F9E850
F9F6F0
FA05E0
FA1530
FA24C0
FA3490
FA44B0
FA5520
FA65D0
FA76C0
FA8800
FA9980
FAAB50
FABD70
FACFC0
FAE270
FAF560
FB0890
FB1C10
FB2FB0
FB4370
FB5750
FB6B50
FB7F80
FB93C0
FBA830
FBBCB0
FBD160
FBE630
FBFB10
FC1020
FC2550
FC3AB0
FC5020
FC65B0
FC7B40
FC90D0
FCA650
FCBBD0
FCD150
FCE6C0
FCFC30
FD1190
FD26F0
FD3C50
FD51B0
FD6700
FD7C50
FD9190
FDA6E0
FDBC10
FDD130
FDE620
FDFAE0
FE0F80
FE2400
FE3850
FE4C80
FE6080
FE7460
FE8810
FE9BA0
FEAF00
FEC240
FED560
FEE850
FEFB10
FF0DA0
FF1FE0
FF31E0
FF43B0
FF5530
FF6670
FF7760
FF8820
FF9890
FFA8D0
FFB8C0
FFC870
FFD7E0
FFE710
FFF600
0004B0
001300
002110
002ED0
003C30
004940
005610
006280
006EA0
007A70
0085F0
009130
009C10
00A690
00B0D0
00BAC0
00C460
00CDA0
00D690
00DF30
00E770
00EF60
00F700
00FE40
010530
010BD0
011210
011800
011D90
0122D0
0127C0
012C50
0130A0
013490
013830
013B80
013E80
014140
0143A0
0145B0
014780
0148F0
014A20
014B00
014B80
014BC0
014BB0
014B50
014A90
0149A0
014870
014700
014550
014360
014130
013EC0
013C10
013920
0135F0
013290
012EE0
012AF0
0126C0
012250
011DB0
0118D0
0113D0
010EB0
010950
0103E0
00FE30
00F860
00F260
00EC40
00E5F0
00DF70
00D8D0
00D200
00CB10
00C3E0
00BCA0
00B540
00ADD0
00A650
009EC0
009720
008F60
0087A0
007FD0
0077E0
006FF0
0067E0
005FD0
0057A0
004F60
004710
003EB0
003650
002E00
0025B0
001D70
001530
000CF0
0004C0
FFFC90
FFF460
FFEC40
FFE420
FFDC10
FFD400
FFCBF0
FFC3F0
FFBBF0
FFB410
FFAC40
FFA490
FF9D00
FF9590
FF8E30
FF86E0
FF7FC0
FF78B0
FF71C0
FF6AE0
FF6420
FF5D80
FF56F0
FF5080
FF4A30
FF4400
FF3E00
FF3820
FF3270
FF2CE0
FF2780
FF2240
FF1D30
FF1840
FF1380
FF0EE0
FF0A70
FF0630
FF0210
FEFE10
FEFA40
FEF6A0
FEF330
FEEFF0
FEECD0
FEE9F0
FEE740
FEE4B0
FEE260
FEE030
FEDE40
FEDC70
FEDAE0
FED970
FED840
FED730
FED650
FED5A0
FED520
FED4D0
FED4B0
FED4C0
FED4F0
FED560
FED5F0
FED6B0
FED7A0
FED8C0
FEDA10
FEDB90
FEDD30
FEDF10
FEE110
FEE340
FEE590
FEE810
FEEAB0
FEED70
FEF060
FEF370
FEF6B0
FEFA10
FEFD90
FF0140
FF0510
FF0910
FF0D30
FF1170
FF15E0
FF1A60
FF1F00
FF23C0
FF2890
FF2D70
FF3280
FF3790
FF3CD0
FF4220
FF4780
FF4D00
FF52A0
FF5850
FF5E10
FF6400
FF69F0
FF7000
FF7610
FF7C20
FF8250
FF8870
FF8EB0
FF94F0
FF9B30
FFA180
FFA7E0
FFAE40
FFB4B0
FFBB30
FFC1B0
FFC830
FFCED0
FFD550
FFDBE0
FFE260
FFE8E0
FFEF50
FFF5C0
FFFC20
000280
0008D0
000F30
001570
001BC0
002200
002830
002E60
003490
003AA0
0040A0
004690
004C70
005230
0057E0
005D70
006300
006870
006DC0
007310
007840
007D60
008260
008760
008C30
0090F0
0095A0
009A20
009E80
00A2C0
00A6E0
00AAF0
00AED0
00B2A0
00B640
00B9D0
00BD30
00C080
00C3B0
00C6C0
00C9A0
00CC70
00CF10
00D1A0
00D3F0
00D630
00D840
00DA40
00DC00
00DDB0
00DF30
00E0A0
00E1D0
00E2F0
00E3E0
00E4C0
00E560
00E5F0
00E660
00E6A0
00E6C0
00E6C0
00E690
00E650
00E5E0
00E550
00E4A0
00E3C0
00E2D0
00E1B0
00E070
00DF10
00DD80
00DBE0
00DA20
00D840
00D640
00D420
00D1F0
00CF90
00CD20
00CA80
00C7D0
00C500
00C220
00BF10
00BBF0
00B8A0
00B540
00B1C0
00AE40
00AAA0
00A6F0
00A320
009F50
009B60
009760
009340
008F20
008AE0
008690
008230
007DC0
007930
007490
006FF0
006B40
006680
0061D0
005D00
005830
005360
004E80
0049A0
0044B0
003FC0
003AC0
0035C0
0030B0
002B90
002680
002160
001C50
001740
001230
000D30
000830
000330
FFFE30
FFF940
FFF450
FFEF70
FFEA80
FFE5A0
FFE0D0
FFDBF0
FFD720
FFD260
FFCDB0
FFC900
FFC470
FFBFF0
FFBB80
FFB710
FFB2C0
FFAE80
FFAA50
FFA620
FFA210
FF9E10
FF9A10
FF9630
FF9260
FF8EA0
FF8B00
FF8770
FF8400
FF80A0
FF7D50
FF7A30
FF7710
FF7410
FF7130
FF6E60
FF6BB0
FF6910
FF6690
FF6420
FF61C0
FF5F90
FF5D70
FF5B70
FF5980
FF57C0
FF5610
FF5480
FF5310
FF51B0
FF5080
FF4F60
FF4E60
FF4D70
FF4CA0
FF4C00
FF4B60
FF4AF0
FF4A90
FF4A60
FF4A30
FF4A30
FF4A40
FF4A70
FF4AC0
FF4B30
FF4BB0
FF4C50
FF4D10
FF4DE0
FF4EE0
FF4FF0
FF5110
FF5260
FF53B0
FF5530
FF56B0
FF5850
FF5A10
FF5BE0
FF5DD0
FF5FD0
FF61E0
FF6410
FF6660
FF68C0
FF6B30
FF6DC0
FF7070
FF7320
FF75F0
FF78C0
FF7BB0
FF7EA0
FF81A0
FF84C0
FF87E0
FF8B20
FF8E60
FF91C0
FF9520
FF98A0
FF9C20
FF9FC0
FFA360
FFA710
FFAAC0
FFAE80
FFB240
FFB610
FFB9E0
FFBDB0
FFC190
FFC570
FFC960
FFCD50
FFD140
FFD540
FFD940
FFDD40
FFE150
FFE560
FFE970
FFED70
FFF170
FFF570
FFF970
FFFD70
000160
000550
000940
000D30
001110
001500
0018E0
001CC0
002090
002460
002820
002BE0
002F80
003320
0036B0
003A30
003DB0
004110
004470
0047C0
004B10
004E40
005170
005490
0057A0
005AA0
005D90
006070
006330
0065E0
006880
006B10
006D90
007000
007250
007490
0076C0
0078E0
007AE0
007CE0
007EC0
008090
008240
0083E0
008570
0086E0
008840
008980
008AB0
008BD0
008CD0
008DC0
008E90
008F50
009000
009090
009100
009170
0091B0
0091F0
009210
009220
009210
0091F0
0091B0
009160
009100
009080
008FF0
008F40
008E80
008DA0
008CC0
008BB0
008AA0
008980
008840
0086F0
008590
008420
0082A0
008100
007F50
007D90
007BC0
0079D0
0077E0
0075D0
0073B0
007180
006F50
006D00
006AB0
006850
0065E0
006360
0060E0
005E40
005BA0
0058F0
005640
005370
0050A0
004DC0
004AD0
0047D0
0044D0
0041D0
003ED0
003BC0
0038B0
0035A0
003280
002F60
002C30
002900
0025D0
002290
001F50
001C10
0018C0
001580
001230
000EF0
000BB0
000870
000530
000200
FFFEC0
FFFB90
FFF860
FFF530
FFF200
FFEEE0
FFEBB0
FFE890
FFE570
FFE250
FFDF50
FFDC40
FFD950
FFD660
FFD370
FFD090
FFCDC0
FFCB00
FFC840
FFC590
FFC2E0
FFC040
FFBDA0
FFBB20
FFB890
FFB620
FFB3C0
FFB170
FFAF20
FFACF0
FFAAD0
FFA8B0
FFA6B0
FFA4B0
FFA2D0
FFA0F0
FF9F20
FF9D70
FF9BC0
FF9A20
FF98A0
FF9720
FF95C0
FF9460
FF9320
FF91F0
FF90D0
FF8FC0
FF8ED0
FF8DE0
FF8D10
FF8C50
FF8BA0
FF8B00
FF8A70
FF89F0
FF8990
FF8930
FF88F0
FF88C0
FF88A0
FF88A0
FF88A0
FF88C0
FF88E0
FF8920
FF8970
FF89E0
FF8A50
FF8AD0
FF8B70
FF8C20
FF8CE0
FF8DB0
FF8E90
FF8F80
FF9080
FF9190
FF92B0
FF93D0
FF9510
FF9660
FF97C0
FF9930
FF9AA0
FF9C30
FF9DD0
FF9F80
FFA130
FFA300
FFA4D0
FFA6A0
FFA890
FFAA80
FFAC80
FFAE80
FFB090
FFB2B0
FFB4D0
FFB710
FFB940
FFBB90
FFBDE0
FFC040
FFC2A0
FFC510
FFC780
FFCA00
FFCC70
FFCEF0
FFD170
FFD400
FFD690
FFD920
FFDBC0
FFDE50
FFE0F0
FFE3A0
FFE640
FFE8F0
FFEBB0
FFEE60
FFF110
FFF3C0
FFF660
FFF910
FFFBB0
FFFE50
000100
0003A0
000630
0008D0
000B70
000E00
001090
001330
0015C0
001840
001AC0
001D40
001FB0
002210
002470
0026D0
002920
002B60
002DA0
002FE0
003210
003430
003650
003870
003A80
003C80
003E70
004060
004240
004410
0045D0
004780
004930
004AD0
004C60
004DE0
004F60
0050D0
005230
005380
0054C0
005600
005720
005840
005940
005A40
005B30
005C00
005CD0
005D90
005E40
005EE0
005F70
005FF0
006070
0060D0
006120
006170
0061A0
0061C0
0061E0
0061F0
0061E0
0061D0
0061B0
006180
006140
0060E0
006080
006020
005FA0
005F10
005E70
005DD0
005D10
005C50
005B80
005AA0
0059C0
0058C0
0057C0
0056B0
005590
005460
005330
0051E0
005090
004F30
004DD0
004C50
004AD0
004950
0047C0
004630
004480
0042E0
004130
003F70
003DB0
003BE0
003A00
003820
003640
003450
003250
003050
002E50
002C50
002A40
002830
002620
002410
0021F0
001FE0
001DC0
001B90
001970
001740
001510
0012E0
0010A0
000E70
000C40
000A00
0007D0
0005A0
000380
000150
FFFF20
FFFD00
FFFAD0
FFF8B0
FFF690
FFF470
FFF250
FFF030
FFEE10
FFEC00
FFE9F0
FFE7E0
FFE5E0
FFE3E0
FFE1F0
FFE000
FFDE20
FFDC40
FFDA60
FFD890
FFD6C0
FFD4F0
FFD330
FFD180
FFCFC0
FFCE20
FFCC80
FFCAF0
FFC960
FFC7E0
FFC670
FFC500
FFC3A0
FFC240
FFC100
FFBFC0
FFBE80
FFBD50
FFBC30
FFBB20
FFBA10
FFB910
FFB820
FFB730
FFB660
FFB590
FFB4D0
FFB410
FFB370
FFB2D0
FFB240
FFB1B0
FFB140
FFB0D0
FFB070
FFB020
FFAFE0
FFAFA0
FFAF70
FFAF50
FFAF40
FFAF40
FFAF40
FFAF50
FFAF70
FFAF90
FFAFD0
FFB010
FFB060
FFB0C0
FFB120
FFB190
FFB220
FFB2A0
FFB340
FFB3E0
FFB480
FFB540
FFB600
FFB6D0
FFB7A0
FFB880
FFB970
FFBA60
FFBB60
FFBC70
FFBD80
FFBEA0
FFBFD0
FFC100
FFC240
FFC380
FFC4C0
FFC610
FFC770
FFC8D0
FFCA30
FFCBA0
FFCD10
FFCE90
FFD010
FFD1A0
FFD330
FFD4C0
FFD670
FFD810
FFD9B0
FFDB60
FFDD10
FFDEC0
FFE070
FFE230
FFE3E0
FFE5A0
FFE760
FFE920
FFEAF0
FFECB0
FFEE80
FFF050
FFF230
FFF400
FFF5D0
FFF7A0
FFF970
FFFB40
FFFD00
FFFED0
0000A0
000260
000430
0005F0
0007B0
000970
000B40
000D00
000EB0
001070
001220
0013D0
001580
001720
0018C0
001A50
001BF0
001D70
001F00
002080
002200
002370
0024F0
002650
0027C0
002920
002A70
002BC0
002D00
002E40
002F70
0030A0
0031C0
0032E0
0033F0
0034F0
0035F0
0036F0
0037E0
0038C0
0039A0
003A70
003B40
003C00
003CB0
003D60
003E00
003E90
003F20
003FA0
004010
004080
0040E0
004140
004190
0041D0
004210
004240
004260
004280
004290
004290
004290
004280
004270
004250
004220
0041E0
0041A0
004160
004100
0040A0
004040
003FD0
003F50
003ED0
003E40
003DA0
003D00
003C60
003BB0
003AF0
003A30
003960
003890
0037B0
0036D0
0035E0
0034F0
0033F0
0032F0
0031E0
0030D0
002FC0
002EA0
002D80
002C60
002B30
0029F0
0028C0
002780
002630
0024E0
002390
002240
0020E0
001F80
001E20
001CC0
001B60
0019F0
001880
001710
0015A0
001430
0012C0
001140
000FD0
000E50
000CD0
000B50
0009D0
000850
0006D0
000550
0003D0
000260
0000E0
FFFF70
FFFDF0
FFFC80
FFFB00
FFF990
FFF820
FFF6B0
FFF540
FFF3D0
FFF260
FFF100
FFEFA0
FFEE40
FFECF0
FFEB90
FFEA40
FFE900
FFE7B0
FFE670
FFE530
FFE400
FFE2C0
FFE190
FFE070
FFDF40
FFDE20
FFDD10
FFDC00
FFDAF0
FFD9F0
FFD8F0
FFD800
FFD710
FFD620
FFD540
FFD470
FFD390
FFD2D0
FFD210
FFD150
FFD090
FFCFE0
FFCF40
FFCEA0
FFCE10
FFCD80
FFCD00
FFCC80
FFCC10
FFCBB0
FFCB50
FFCAF0
FFCAA0
FFCA50
FFCA10
FFC9E0
FFC9B0
FFC990
FFC970
FFC950
FFC950
FFC940
FFC940
FFC950
FFC970
FFC980
FFC9B0
FFC9E0
FFCA10
FFCA50
FFCA90
FFCAE0
FFCB40
FFCBA0
FFCC00
FFCC70
FFCCE0
FFCD60
FFCDE0
FFCE70
FFCF00
FFCFA0
FFD040
FFD0E0
FFD190
FFD240
FFD300
FFD3D0
FFD490
FFD560
FFD640
FFD710
FFD7F0
FFD8E0
FFD9C0
FFDAB0
FFDBA0
FFDCA0
FFDDA0
FFDEA0
FFDFA0
FFE0B0
FFE1C0
FFE2E0
FFE3F0
FFE510
FFE630
FFE750
FFE870
FFE9A0
FFEAC0
FFEBF0
FFED10
FFEE40
FFEF70
FFF0A0
FFF1D0
FFF300
FFF440
FFF570
FFF6B0
FFF7E0
FFF920
FFFA50
FFFB90
FFFCC0
FFFDF0
FFFF30
000060
000190
0002C0
0003F0
000520
000650
000780
0008B0
0009E0
000B00
000C30
000D50
000E70
000F80
0010A0
0011B0
0012C0
0013C0
0014D0
0015D0
0016D0
0017D0
0018C0
0019C0
001AB0
001B90
001C70
001D50
001E30
001F00
001FD0
002090
002160
002210
0022D0
002380
002420
0024D0
002570
002600
0026A0
002720
0027B0
002830
0028A0
002910
002980
0029E0
002A40
002AA0
002AE0
002B30
002B70
002BB0
002BE0
002C10
002C30
002C50
002C70
002C80
002C80
002C90
002C80
002C80
002C70
002C50
002C30
002C10
002BE0
002BB0
002B70
002B30
002AF0
002AA0
002A50
0029F0
002990
002930
0028C0
002850
0027D0
002760
0026D0
002650
0025C0
002520
002490
0023F0
002340
0022A0
0021F0
002140
002080
001FC0
001F10
001E40
001D80
001CB0
001BF0
001B10
001A40
001970
001890
0017B0
0016C0
0015E0
0014F0
001410
001320
001230
001140
001050
000F60
000E70
000D70
000C80
000B80
000A80
000980
000890
000780
000680
000580
000490
000390
000290
000190
000090
FFFFA0
FFFEA0
FFFDB0
FFFCB0
FFFBC0
FFFAC0
FFF9D0
FFF8E0
FFF7E0
FFF6F0
FFF600
FFF520
FFF430
FFF350
FFF270
FFF190
FFF0B0
FFEFE0
FFEF00
FFEE30
FFED60
FFEC90
FFEBD0
FFEB00
FFEA40
FFE980
FFE8C0
FFE810
FFE760
FFE6B0
FFE610
FFE570
FFE4D0
FFE430
FFE3A0
FFE310
FFE280
FFE200
FFE180
FFE100
FFE090
FFE020
FFDFB0
FFDF50
FFDEF0
FFDE90
FFDE30
FFDDE0
FFDDA0
FFDD50
FFDD20
FFDCE0
FFDCB0
FFDC80
FFDC50
FFDC30
FFDC10
FFDC00
FFDBE0
FFDBD0
FFDBD0
FFDBD0
FFDBD0
FFDBE0
FFDBE0
FFDC00
FFDC10
FFDC30
FFDC50
FFDC80
FFDCB0
FFDCE0
FFDD20
FFDD60
FFDDA0
FFDDE0
FFDE30
FFDE80
FFDEE0
FFDF40
FFDFA0
FFE000
FFE070
FFE0E0
FFE150
FFE1C0
FFE240
FFE2C0
FFE350
FFE3D0
FFE460
FFE4F0
FFE580
FFE620
FFE6C0
FFE750
FFE800
FFE8A0
FFE940
FFE9F0
FFEAA0
FFEB50
FFEC00
FFECC0
FFED70
FFEE30
FFEEF0
FFEFB0
FFF070
FFF130
FFF1F0
FFF2B0
FFF380
FFF440
FFF510
FFF5D0
FFF6A0
FFF770
FFF840
FFF900
FFF9D0
FFFAA0
FFFB70
FFFC40
FFFD10
FFFDE0
FFFEB0
FFFF70
000040
000100
0001D0
000290
000360
000420
0004F0
0005B0
000670
000730
0007F0
0008B0
000970
000A20
000AD0
000B90
000C40
000CF0
000D90
000E40
000EE0
000F90
001030
0010D0
001160
001200
001290
001320
0013B0
001440
0014C0
001540
0015C0
001640
0016B0
001720
001790
001800
001860
0018D0
001920
001980
0019E0
001A30
001A70
001AC0
001B00
001B40
001B80
001BB0
001BF0
001C10
001C40
001C60
001C80
001CA0
001CC0
001CD0
001CE0
001CF0
001CF0
001CF0
001CF0
001CE0
001CE0
001CD0
001CB0
001CA0
001C80
001C60
001C30
001C10
001BE0
001BA0
001B70
001B30
001AF0
001AB0
001A70
001A20
0019D0
001980
001930
0018D0
001870
001810
0017B0
001740
0016E0
001670
001600
001580
001510
001490
001420
0013A0
001320
0012A0
001210
001190
001100
001070
000FE0
000F50
000EC0
000E20
000D90
000D00
000C60
000BC0
000B30
000A90
0009F0
000950
0008B0
000810
000770
0006D0
000630
000590
0004E0
000440
0003A0
000300
000250
0001B0
000110
000070
FFFFD0
FFFF30
FFFE90
FFFDE0
FFFD40
FFFCA0
FFFC00
FFFB60
FFFAD0
FFFA30
FFF990
FFF900
FFF860
FFF7D0
FFF740
FFF6B0
FFF620
FFF590
FFF510
FFF480
FFF400
FFF380
FFF300
FFF280
FFF210
FFF190
FFF120
FFF0B0
FFF040
FFEFD0
FFEF60
FFEF00
FFEEA0
FFEE40
FFEDE0
FFED80
FFED20
FFECD0
FFEC80
FFEC30
FFEBE0
FFEBA0
FFEB50
FFEB10
FFEAD0
FFEAA0
FFEA60
FFEA30
FFEA00
FFE9D0
FFE9B0
FFE990
FFE970
FFE950
FFE930
FFE920
FFE910
FFE900
FFE8F0
FFE8F0
FFE8F0
FFE8F0
FFE8F0
FFE900
FFE900
FFE910
FFE920
FFE940
FFE950
FFE970
FFE990
FFE9B0
FFE9E0
FFEA00
FFEA30
FFEA60
FFEA90
FFEAD0
FFEB00
FFEB40
FFEB80
FFEBC0
FFEC00
FFEC50
FFECA0
FFECE0
FFED40
FFED90
FFEDE0
FFEE40
FFEE90
FFEEF0
FFEF50
FFEFB0
FFF010
FFF080
FFF0E0
FFF140
FFF1B0
FFF220
FFF290
FFF300
FFF370
FFF3E0
FFF450
FFF4D0
FFF540
FFF5B0
FFF630
FFF6A0
FFF720
FFF7A0
FFF810
FFF890
FFF910
FFF990
FFFA10
FFFA90
FFFB10
FFFB90
FFFC10
FFFC90
FFFD10
FFFD90
FFFE10
FFFE90
FFFF10
FFFF90
000010
000090
000110
000190
000210
000290
000300
000380
000400
000480
0004F0
000560
0005E0
000650
0006C0
000730
0007A0
000810
000870
0008E0
000940
0009A0
000A00
000A70
000AC0
000B20
000B80
000BD0
000C30
000C80
000CD0
000D20
000D70
000DB0
000E00
000E40
000E80
000ED0
000F00
000F40
000F80
000FB0
000FF0
001020
001050
001070
0010A0
0010C0
0010E0
001110
001120
001140
001160
001170
001180
001190
0011A0
0011B0
0011B0
0011B0
0011B0
0011B0
0011B0
0011B0
0011A0
0011A0
001190
001180
001170
001150
001140
001120
001100
0010E0
0010C0
0010A0
001070
001040
001020
000FF0
000FC0
000F90
000F50
000F20
000EE0
000EA0
000E60
000E20
000DE0
000DA0
000D50
000D10
000CC0
000C70
000C30
000BE0
000B90
000B40
000AF0
000A90
000A40
0009F0
000990
000940
0008E0
000890
000830
0007D0
000770
000710
0006C0
000660
000600
0005A0
000540
0004E0
000480
000420
0003B0
000350
0002F0
000290
000220
0001C0
000160
000100
0000A0
000040
FFFFE0
FFFF80
FFFF10
FFFEB0
FFFE50
FFFDF0
FFFD90
FFFD30
FFFCE0
FFFC80
FFFC20
FFFBC0
FFFB70
FFFB10
FFFAC0
FFFA60
FFFA10
FFF9C0
FFF970
FFF920
FFF8D0
FFF880
FFF830
FFF7E0
FFF7A0
FFF750
FFF710
FFF6C0
FFF680
FFF640
FFF600
FFF5C0
FFF590
FFF550
FFF520
FFF4E0
FFF4B0
FFF480
FFF450
FFF420
FFF3F0
FFF3C0
FFF3A0
FFF370
FFF350
FFF330
FFF310
FFF2F0
FFF2E0
FFF2C0
FFF2A0
FFF290
FFF280
FFF270
FFF260
FFF250
FFF250
FFF240
FFF240
FFF240
FFF240
FFF240
FFF240
FFF240
FFF240
FFF250
FFF260
FFF270
FFF280
FFF290
FFF2A0
FFF2B0
FFF2D0
FFF2E0
FFF300
FFF320
FFF340
FFF360
FFF380
FFF3A0
FFF3D0
FFF3F0
FFF420
FFF440
FFF470
FFF4A0
FFF4D0
FFF500
FFF540
FFF570
FFF5A0
FFF5E0
FFF610
FFF650
FFF690
FFF6C0
FFF700
FFF740
FFF780
FFF7C0
FFF800
FFF840
FFF890
FFF8D0
FFF910
FFF960
FFF9A0
FFF9E0
FFFA30
FFFA70
FFFAC0
FFFB10
FFFB50
FFFBA0
FFFBE0
FFFC30
FFFC80
FFFCD0
FFFD10
FFFD60
FFFDB0
FFFE00
FFFE40
FFFE90
FFFEE0
FFFF30
FFFF70
FFFFC0
000010
000060
0000A0
0000F0
000130
000180
0001D0
000210
000260
0002A0
0002F0
000330
000370
0003C0
000400
000440
000480
0004C0
000500
000530
000570
0005B0
0005E0
000620
000650
000690
0006C0
0006F0
000720
000750
000780
0007B0
0007E0
000800
000830
000860
000880
0008A0
0008D0
0008F0
000910
000930
000950
000970
000990
0009A0
0009C0
0009D0
0009E0
0009F0
000A10
000A10
000A20
000A30
000A40
000A40
000A50
000A50
000A50
000A50
000A50
000A50
000A50
000A50
000A50
000A40
000A40
000A30
000A20
000A10
000A00
0009F0
0009E0
0009D0
0009B0
0009A0
000980
000970
000950
000930
000920
000900
0008E0
0008C0
0008A0
000870
000850
000830
000800
0007E0
0007B0
000790
000760
000730
000710
0006E0
0006B0
000680
000650
000620
0005F0
0005C0
000580
000550
000520
0004F0
0004B0
000480
000440
000410
0003E0
0003A0
000370
000330
000300
0002C0
000290
000250
000220
0001E0
0001B0
000170
000140
000100
0000D0
000090
000060
000020
FFFFF0
FFFFB0
FFFF80
FFFF50
FFFF10
FFFEE0
FFFEA0
FFFE70
FFFE40
FFFE10
FFFDD0
FFFDA0
FFFD70
FFFD40
FFFD10
FFFCE0
FFFCB0
FFFC80
FFFC50
FFFC20
FFFBF0
FFFBD0
FFFBA0
FFFB70
FFFB50
FFFB20
FFFB00
FFFAD0
FFFAB0
FFFA90
FFFA60
FFFA40
FFFA20
FFFA00
FFF9E0
FFF9C0
FFF9B0
FFF990
FFF970
FFF960
FFF940
FFF930
FFF910
FFF900
FFF8F0
FFF8E0
FFF8D0
FFF8C0
FFF8B0
FFF8A0
FFF890
FFF890
FFF880
FFF880
FFF870
FFF870
FFF860
FFF860
FFF860
FFF860
FFF860
FFF860
FFF860
FFF860
FFF870
FFF870
FFF870
FFF880
FFF880
FFF890
FFF8A0
FFF8B0
FFF8B0
FFF8C0
FFF8D0
FFF8E0
FFF900
FFF910
FFF920
FFF930
FFF950
FFF960
FFF980
FFF990
FFF9B0
FFF9C0
FFF9E0
FFFA00
FFFA20
FFFA40
FFFA60
FFFA80
FFFAA0
FFFAC0
FFFAE0
FFFB00
FFFB20
FFFB40
FFFB60
FFFB80
FFFBB0
FFFBD0
FFFBF0
FFFC10
FFFC40
FFFC60
FFFC80
FFFCB0
FFFCD0
FFFD00
FFFD20
FFFD40
FFFD70
FFFD90
FFFDC0
FFFDE0
FFFE10
FFFE30
FFFE60
FFFE90
FFFEB0
FFFEE0
FFFF10
FFFF30
FFFF60
FFFF80
FFFFB0
FFFFD0
000000
000020
000050
000070
0000A0
0000C0
0000F0
000110
000140
000160
000180
0001B0
0001D0
0001F0
000220
000240
000260
000280
0002A0
0002C0
0002E0
000300
000320
000340
000350
000370
000390
0003B0
0003C0
0003E0
0003F0
000410
000420
000440
000450
000460
000480
000490
0004A0
0004B0
0004C0
0004D0
0004E0
0004F0
000500
000510
000510
000520
000530
000530
000540
000540
000550
000550
000550
000550
000560
000560
000560
000560
000560
000560
000560
000550
000550
000550
000550
000540
000540
000530
000530
000520
000520
000510
000500
000500
0004F0
0004E0
0004D0
0004C0
0004B0
0004A0
000490
000480
000470
000460
000440
000430
000420
000410
0003F0
0003E0
0003C0
0003B0
000390
000380
000370
000350
000330
000320
000300
0002F0
0002D0
0002B0
0002A0
000280
000260
000250
000230
000210
0001F0
0001E0
0001C0
0001A0
000180
000170
000150
000130
000110
0000F0
0000E0
0000C0
0000A0
000080
000060
000050
000030
000010
000000
FFFFE0
FFFFC0
FFFFA0
FFFF90
FFFF70
FFFF50
FFFF40
FFFF20
FFFF10
FFFEF0
FFFED0
FFFEC0
FFFEA0
FFFE90
FFFE80
FFFE60
FFFE50
FFFE30
FFFE20
FFFE10
FFFE00
FFFDE0
FFFDD0
FFFDC0
FFFDB0
FFFDA0
FFFD90
FFFD70
FFFD60
FFFD50
FFFD40
FFFD30
FFFD20
FFFD20
FFFD10
FFFD00
FFFCF0
FFFCE0
FFFCD0
FFFCD0
FFFCC0
FFFCB0
FFFCB0
FFFCA0
FFFC90
FFFC90
FFFC80
FFFC80
FFFC80
FFFC70
FFFC70
FFFC70
FFFC60
FFFC60
FFFC60
FFFC60
FFFC60
FFFC60
FFFC60
FFFC60
FFFC60
FFFC60
FFFC60
FFFC60
FFFC70
FFFC70
FFFC70
FFFC70
FFFC80
FFFC80
FFFC90
FFFC90
FFFCA0
FFFCA0
FFFCB0
FFFCB0
FFFCC0
FFFCD0
FFFCD0
FFFCE0
FFFCF0
FFFCF0
FFFD00
FFFD10
FFFD20
FFFD20
FFFD30
FFFD40
FFFD50
FFFD60
FFFD60
FFFD70
FFFD80
FFFD90
FFFDA0
FFFDB0
FFFDC0
FFFDD0
FFFDE0
FFFDF0
FFFE00
FFFE10
FFFE20
FFFE40
FFFE50
FFFE60
FFFE70
FFFE80
FFFE90
FFFEA0
FFFEC0
FFFED0
FFFEE0
FFFEF0
FFFF00
FFFF20
FFFF30
FFFF40
FFFF50
FFFF70
FFFF80
FFFF90
FFFFA0
FFFFC0
FFFFD0
FFFFE0
FFFFF0
000000
000010
000020
000040
000050
000060
000070
000080
000090
0000A0
0000B0
0000C0
0000D0
0000E0
0000F0
000100
000110
000120
000130
000140
000150
000150
000160
000170
000180
000190
000190
0001A0
0001B0
0001C0
0001C0
0001D0
0001E0
0001E0
0001F0
0001F0
000200
000200
000210
000210
000220
000220
000230
000230
000230
000240
000240
000240
000240
000250
000250
000250
000250
000250
000250
000250
000260
000260
000260
000260
000260
000260
000250
000250
000250
000250
000250
000250
000250
000250
000240
000240
000240
000240
000230
000230
000230
000220
000220
000220
000210
000210
000200
000200
0001F0
0001F0
0001E0
0001E0
0001D0
0001D0
0001C0
0001B0
0001B0
0001A0
0001A0
000190
000180
000180
000170
000160
000160
000150
000140
000130
000130
000120
000110
000100
000100
0000F0
0000E0
0000D0
0000D0
0000C0
0000B0
0000A0
0000A0
000090
000080
000070
000070
000060
000050
000040
000040
000030
000020
000010
000000
000000
FFFFF0
FFFFE0
FFFFD0
FFFFD0
FFFFC0
FFFFB0
FFFFA0
FFFF90
FFFF90
FFFF80
FFFF70
FFFF60
FFFF60
FFFF50
FFFF40
FFFF40
FFFF30
FFFF20
FFFF20
FFFF10
FFFF10
FFFF00
FFFF00
FFFEF0
FFFEF0
FFFEE0
FFFEE0
FFFED0
FFFED0
FFFED0
FFFEC0
FFFEC0
FFFEC0
FFFEB0
FFFEB0
FFFEB0
FFFEA0
FFFEA0
FFFEA0
FFFEA0
FFFE90
FFFE90
FFFE90
FFFE90
FFFE90
FFFE90
FFFE80
FFFE80
FFFE80
FFFE80
FFFE80
FFFE80
FFFE80
FFFE80
FFFE80
FFFE80
FFFE80
FFFE80
FFFE80
FFFE80
FFFE80
FFFE80
FFFE80
FFFE90
FFFE90
FFFE90
FFFE90
FFFE90
FFFE90
FFFE90
FFFEA0
FFFEA0
FFFEA0
FFFEA0
FFFEA0
FFFEB0
FFFEB0
FFFEB0
FFFEB0
FFFEC0
FFFEC0
FFFEC0
FFFEC0
FFFED0
FFFED0
FFFED0
FFFEE0
FFFEE0
FFFEE0
FFFEF0
FFFEF0
FFFEF0
FFFF00
FFFF00
FFFF10
FFFF10
FFFF10
FFFF20
FFFF20
FFFF30
FFFF30
FFFF40
FFFF40
FFFF50
FFFF50
FFFF60
FFFF60
FFFF70
FFFF70
FFFF80
FFFF80
FFFF90
FFFF90
FFFF90
FFFFA0
FFFFA0
FFFFB0
FFFFB0
FFFFC0
FFFFC0
FFFFD0
FFFFD0
FFFFD0
FFFFE0
FFFFE0
FFFFF0
FFFFF0
FFFFF0
000000
000000
000010
000010
000010
000020
000020
000030
000030
000030
000040
000040
000040
000050
000050
000050
000060
000060
000060
000060
000070
000070
000070
000070
000080
000080
000080
000080
000090
000090
000090
000090
000090
0000A0
0000A0
0000A0
0000A0
0000A0
0000B0
0000B0
0000B0
0000B0
0000B0
0000B0
0000B0
0000C0
0000C0
0000C0
0000C0
0000C0
0000C0
0000C0
0000C0
0000C0
0000C0
0000C0
0000C0
0000C0
0000C0
0000C0
0000C0
0000C0
0000C0
0000C0
0000C0
0000B0
0000B0
0000B0
0000B0
0000B0
0000B0
0000B0
0000B0
0000B0
0000A0
0000A0
0000A0
0000A0
0000A0
0000A0
000090
000090
000090
000090
000090
000090
000080
000080
000080
000080
000080
000070
000070
000070
000070
000070
000070
000060
000060
000060
000060
000060
000050
000050
000050
000050
000050
000040
000040
000040
000040
000030
000030
000030
000030
000020
000020
000020
000010
000010
000010
000000
000000
000000
000000
FFFFF0
FFFFF0
FFFFF0
FFFFF0
FFFFE0
FFFFE0
FFFFE0
FFFFE0
FFFFE0
FFFFD0
FFFFD0
FFFFD0
FFFFD0
FFFFD0
FFFFD0
FFFFC0
FFFFC0
FFFFC0
FFFFC0
FFFFC0
FFFFC0
FFFFC0
FFFFC0
FFFFC0
FFFFC0
FFFFB0
FFFFB0
FFFFB0
FFFFB0
FFFFB0
FFFFB0
FFFFB0
FFFFB0
FFFFB0
FFFFB0
FFFFA0
FFFFA0
FFFFA0
FFFFA0
FFFFA0
FFFFA0
FFFF90
FFFF90
FFFF90
FFFF90
FFFF90
FFFF90
FFFF90
FFFF80
FFFF80
FFFF80
FFFF80
FFFF80
FFFF80
FFFF80
FFFF80
FFFF80
FFFF80
FFFF80
FFFF80
FFFF80
FFFF80
FFFF80
FFFF80
FFFF80
FFFF80
FFFF80
FFFF80
FFFF80
FFFF80
FFFF80
FFFF80
FFFF80
FFFF90
FFFF90
FFFF90
FFFF90
FFFF90
FFFF90
FFFF90
FFFF90
FFFF90
FFFF90
FFFFA0
FFFFA0
FFFFA0
FFFFA0
FFFFA0
FFFFA0
FFFFB0
FFFFB0
FFFFB0
FFFFB0
FFFFB0
FFFFB0
FFFFC0
FFFFC0
FFFFC0
FFFFC0
FFFFC0
FFFFC0
FFFFD0
FFFFD0
FFFFD0
FFFFD0
FFFFD0
FFFFD0
FFFFD0
FFFFD0
FFFFE0
FFFFE0
FFFFE0
FFFFE0
FFFFE0
FFFFE0
FFFFE0
FFFFE0
FFFFF0
FFFFF0
FFFFF0
FFFFF0
FFFFF0
FFFFF0
FFFFF0
FFFFF0
000000
000000
000000
000000
000000
000000
000000
000000
000000
000000
000000
000000
000010
000010
000010
000010
000010
000010
000010
000010
000010
000010
000010
000010
000010
000010
000010
000010
000020
000020
000020
000020
000020
000020
000020
000020
000020
000020
000020
000020
000020
000020
000020
000020
000020
000020
000020
000020
000020
000020
000020
000020
000020
000020
000020
000020
000020
000020
000020
000020
000020
000020
000020
000020
000020
000020
000020
000020
000020
000020
000020
000020
000020
000020
000020
000020
000020
000020
000020
000020
000020
000020
000020
000020
000020
000020
000020
000020
000020
000020
000020
000020
000010
000010
000010
000010
000010
000010
000010
000010
000010
000010
000010
000010
000000
000000
000000
000000
000000
000000
000000
000000
000000
FFFFF0
FFFFF0
FFFFF0
FFFFF0
FFFFF0
FFFFF0
FFFFF0
FFFFF0
FFFFF0
FFFFF0
FFFFF0
000000
000000
000000
000000
000000
000000
000000
000000
000000
000000
000000
000000
000000
000000
000000
000000
000000
000000
000000
000000
000000
000000
000000
000000
000000
000000
000000
000000
000000
000000
000000
000000
FFFFF0
FFFFF0
FFFFF0
FFFFF0
FFFFF0
FFFFF0
FFFFF0
FFFFF0
FFFFF0
FFFFF0
FFFFF0
000000
000000
000000
000000
000000
000000
000000
000000
000000
000000
000010
000010
000010
000010
000010
000010
000010
000010
000010
000010
000010
000010
000010
000010
000010
000010
000010
000010
000010
000010
000010
000010
000010
000010
000010
000010
000010
000010
000010
000010
000010
000010
000010
000010
000010
000010
000010
000010
000010
000010
000010
000010
000010
000010
000010
000010
000010
000010
000010
000010
000010
000010
000010
000010
000000
000000
000000
000000
000000
000000
000000
000000
000000
000000
FFFFF0
FFFFF0
FFFFF0
FFFFF0
FFFFF0
FFFFF0
FFFFF0
FFFFF0
FFFFF0
FFFFF0
FFFFF0
000000
000000
000000
000000
000000
000000
000000
000000
000000
000000
000000
000000
000000
000000
000000
000000
000000
000000
000000
000000
000000
000000
000000
000000
000000
000000
000000
000000
000000
000000
000000
000000
000000
000000
000000
000000
000000
000000
000000
000000
000000
000000
000000
000000
000000
000000
000000
000000
000000
000000
000000
000000
000000
000000
000000
000000
000000
000000
000000
000000
000000
000000
000000
000000
000000
000000
000000
000000
000000
000000
000000
000000
000000
000000
000000
000000
000000
000000
000000
000000
000000
000000
000000
000000
000000
000000
000000
000000
000000
000000
000000
000000
000000
000000
000000
000000
000000
000000
000000
000000
000000
000000
000000
000000
000000
000000
000000
000000
000000
000000
000000
000000
000000
000000
000000
000000
000000
000000
000000
000000
000000
000000
000000
000000
000000
000000
000000
000000
000000
000000
000000
000000
000000
000000
000000
000000
000000
000000
000000
000000
000000
000000
000000
000000
000000
000000
000000
000000
000000
000000
000000
000000
000000
000000
000000
000000
000000
000000
000000
000000
000000
000000
000000
000000
000000
000000
000000
000000
000000
000000
000000
000000
000000
000000
000000
000000
000000
000000
000000
000000
000000
000000
000000
000000
000000
000000
000000
000000
000000
000000
000000
000000
000000
000000
000000
000000
000000
000000
000000
000000
000000
000000
000000
000000
000000
000000
000000
000000
000000
000000
000000
000000
000000
000000
000000
000000
000000
000000
000000
000000
000000
000000
000000
000000
000000
000000
000000
000000
000000
000000
000000
000000
000000
000000
000000
000000
000000
000000
000000
000000
000000
000000
000000
000000
000000
000000
000000
000000
000000
000000
000000
000000
000000
000000
000000
000000
000000
000000
000000
000000
000000
000000
000000
000000
000000
000000
000000
000000
000000
000000
000000
000000
000000
000000
000000
000000
000000
000000
000000
000000
000000
000000
000000
000000
000000
000000
000000
000000
000000
000000
000000
000000
000000
000000
000000
000000
000000
000000
000000
000000
000000
000000
000000
000000
000000
000000
000000
000000
000000
000000
000000
000000
000000
000000
000000
000000
000000
000000
000000
000000
000000
000000
000000
000000
000000
000000
000000
000000
000000
000000
000000
000000
000000
000000
000000
000000
000000
000000
000000
000000
000000
000000
000000
000000
000000
000000
000000
000000
000000
000000
000000
000000
000000
000000
000000
000000
000000
000000
000000
000000
000000
000000
000000
000000
000000
000000
000000
000000
000000
000000
000000
000000
000000
000000
000000
000000
000000
000000
000000
000000
000000
000000
000000
000000
000000
000000
000000
000000
000000
000000
000000
000000
000000
000000
000000
000000
000000
000000
000000
000000
000000
