000000
000000
000000
000000
000000
000000
000000
000000
000000
000000
000000
000000
000000
000000
000000
000000
000000
000000
000000
000000
000000
000000
FFFFF0
FFFFF0
000000
000010
000020
000020
000010
FFFFF0
FFFFC0
FFFF90
FFFF70
FFFF70
FFFF90
FFFFB0
FFFFD0
FFFFE0
FFFFE0
FFFFD0
FFFFC0
FFFFC0
FFFFD0
FFFFF0
000000
FFFFE0
FFFF80
FFFF10
FFFEB0
FFFE90
FFFEB0
FFFF10
FFFF80
FFFFD0
FFFFF0
FFFFE0
FFFFD0
FFFFD0
000000
000020
000010
FFFFC0
FFFF10
FFFE50
FFFDB0
FFFD60
FFFDA0
FFFE40
FFFF10
FFFFC0
000020
000040
000040
000050
000080
000090
000050
FFFFB0
FFFE90
FFFD50
FFFC50
FFFBD0
FFFC30
FFFD20
FFFE70
FFFFB0
000090
000110
000150
000170
000190
000170
0000D0
FFFFA0
FFFDD0
FFFBE0
FFFA50
FFF990
FFFA10
FFFB80
FFFD80
FFFFA0
000150
000290
000350
0003A0
0003A0
000310
0001B0
FFFF90
FFFCC0
FFF9F0
FFF7B0
FFF6B0
FFF750
FFF950
FFFC50
FFFFA0
0002A0
000500
000690
000740
000700
0005B0
000330
FFFFA0
FFFB60
FFF740
FFF420
FFF2B0
FFF380
FFF650
FFFAA0
FFFFB0
0004A0
0008C0
000B90
000CC0
000C20
0009A0
000550
FFFFB0
FFF960
FFF370
FFEF10
FFED20
FFEE30
FFF220
FFF850
FFFFD0
000770
000E20
0012D0
0014C0
0013A0
000F70
000880
FFFFC0
FFF660
FFEDD0
FFE790
FFE4D0
FFE640
FFEBD0
FFF4D0
000000
000BA0
0015F0
001D50
002080
001EB0
001810
000D40
FFFFE0
FFF1C0
FFE510
FFDBE0
FFD7C0
FFD9C0
FFE1E0
FFEF50
000040
001230
002250
002E00
003330
003080
002620
001520
FFFFF0
FFE9B0
FFD5A0
FFC6F0
FFC040
FFC320
FFCFD0
FFE520
000070
001DF0
003910
004D40
0056B0
005300
0041D0
0024F0
000010
FFD850
FFB390
FF9790
FF8980
FF8CF0
FFA340
FFCAF0
000000
003BD0
007580
00A370
00BCC0
00BA70
0098F0
005900
FFFF40
FF9590
FF28B0
FEC950
FE8870
FE7860
FEA920
FF28D0
FFFF00
012F50
02B600
048B50
06A0D0
08E610
0B4920
0DB920
1024F0
127F20
14BE30
16DDB0
18DBF0
1ABBC0
1C84B0
1E40A0
1FF830
21B340
237920
254E70
273340
2924D0
2B20E0
2D2380
2F25C0
312070
330F70
34F000
36BE70
387930
3A2490
3BC600
3D60A0
3EF740
408F30
422C40
43CD70
456FE0
471480
48BAE0
4A5E20
4BF8B0
4D8960
4F0F70
5086E0
51ECD0
534550
549500
55DCC0
571CE0
585A00
5997B0
5AD3B0
5C0AE0
5D3F60
5E7280
5FA020
60C350
61DCB0
62ECC0
63EF70
64E140
65C640
66A2F0
6776C0
6840A0
6904E0
69C710
6A8440
6B38C0
6BE7A0
6C9330
6D3790
6DD040
6E5EF0
6EE510
6F5E90
6FC7B0
7024A0
7079B0
70C560
7105D0
713F30
7174E0
71A3B0
71C7E0
71E4B0
71FD20
720D80
7211A0
720C00
71FE90
71E580
71BD00
718910
714DF0
710990
70B9B0
706220
700630
6FA2B0
6F3400
6EBD80
6E4210
6DBEA0
6D2F60
6C9710
6BF7E0
6B4E70
6A9720
69D5D0
690E10
683DF0
6762E0
668090
6599D0
64ABE0
63B370
62B3A0
61AF30
60A370
5F8D50
5E6F50
5D4BA0
5C1F70
5AE7E0
59A810
5862F0
5716D0
55C180
5465F0
530690
51A120
503300
4EBEE0
4D46E0
4BC900
4A42E0
48B6B0
472640
458F90
43F080
424B70
40A280
3EF460
3D3FA0
3B8640
39CA20
3809D0
364390
347920
32AC20
30DB20
2F04D0
2D2A90
2B4DB0
296D30
2787D0
259EF0
23B3F0
21C600
1FD460
1DE040
1BEAD0
19F380
17F990
15FDE0
140110
1202A0
100200
0DFFE0
0BFD00
09F940
07F460
05EED0
03E8D0
01E260
FFDB80
FDD490
FBCDE0
F9C7E0
F7C2F0
F5BED0
F3BB30
F1B860
EFB6D0
EDB650
EBB6C0
E9B910
E7BE20
E5C530
E3CDA0
E1D810
DFE570
DDF520
DC06C0
DA1B90
D83520
D65200
D47100
D29340
D0BA00
CEE440
CD1110
CB4260
C97A00
C7B640
C5F550
C438B0
C28220
C0D020
BF2180
BD7890
BBD7A0
BA3C60
B8A4C0
B71260
B58750
B401E0
B28080
B105D0
AF94A0
AE2A40
ACC410
AB6410
AA0CA0
A8BB90
A76F20
A62A60
A4F060
A3BE30
A290B0
A16A20
A04D20
9F3740
9E2680
9D1E30
9C21C0
9B2DD0
9A3F20
9957F0
987B20
97A600
96D670
960FF0
955620
94A560
93FA40
935720
92BF00
922EF0
91A4B0
9123F0
90B080
904690
8FE270
8F86A0
8F3630
8EEE30
8EAC10
8E73B0
8E48F0
8E27E0
8E0CD0
8DFA30
8DF310
8DF470
8DFBD0
8E0CF0
8E2BB0
8E5440
8E82C0
8EB9C0
8EFC20
8F46D0
8F9780
8FF1D0
905990
90CAE0
914200
91C160
924BE0
92DE90
9376E0
941880
94C720
957EE0
963C50
970190
97D160
98A900
998600
9A6BC0
9B5DA0
9C5820
9D5800
9E5F30
9F7030
A08860
A1A590
A2CAB0
A3FB10
A53360
A67080
A7B440
A900F0
AA5420
ABABA0
AD0A50
AE7300
AFE2C0
B156D0
B2D0B0
B45250
B5D990
B764A0
B8F5D0
BA8F90
BC2F50
BDD2C0
BF7B10
C129E0
C2DD60
C49400
C64FA0
C81230
C9D9A0
CBA3F0
CD7230
CF4590
D11C80
D2F5E0
D4D2F0
D6B530
D89B20
DA8330
DC6E10
DE5C80
E04D70
E23FF0
E434E0
E62D30
E827C0
EA23C0
EC2150
EE20E0
F021C0
F22370
F42620
F62A40
F82F60
FA3500
FC3B10
FE4170
004800
024E70
045490
065A20
085F50
0A6420
0C6830
0E6B00
106CC0
126D90
146CA0
166940
186410
1A5DC0
1C5570
1E4A40
203CD0
222DA0
241B60
2604C0
27EB00
29CF40
2BB070
2D8D30
2F66A0
313D60
330FE0
34DC30
36A420
386940
3A2A40
3BE550
3D9C00
3F4F50
40FD20
42A320
444380
45E060
477810
490890
4A93A0
4C1AB0
4D9B30
4F1250
5082D0
51EF20
535550
54B320
560AB0
575DB0
58A910
59E9D0
5B22F0
5C5750
5D84E0
5EA900
5FC620
60DE20
61EDC0
62F1A0
63ED20
64E360
65D230
66B6B0
679390
686AF0
693970
69FB30
6AB400
6B6720
6C1260
6CB2B0
6D4AF0
6DDD70
6E6680
6EE240
6F5490
6FC110
702550
707E30
70CEC0
711950
715A30
718D80
71B710
71DAB0
71F5E0
720590
720CC0
720DF0
720560
71EF30
71CF30
71A930
717AC0
7140E0
70FEB0
70B670
7064A0
700550
6F9C60
6F2D90
6EB670
6E3440
6DA9D0
6D19B0
6C8040
6BD9C0
6B2A00
6A74A0
69B750
68EF50
681F90
674A60
666C60
658210
648F00
6396B0
6296F0
618D30
607C40
5F6650
5E4840
5D1EE0
5BED70
5AB730
597A20
583410
56E780
559660
543E00
52DB80
5171D0
5003D0
4E8FF0
4D1410
4B9280
4A0D10
488150
46ECE0
455240
43B3F0
4210A0
4066A0
3EB7D0
3D05D0
3B4EC0
399080
37CD40
3606F0
343CA0
326D10
3099C0
2EC3F0
2CEA40
2B0B30
292850
274340
255B30
236F70
218100
1F90F0
1D9E40
1BA800
19AF50
17B520
15B930
13BB10
11BB80
0FBB10
0DB970
0BB630
09B1C0
07ACC0
05A720
03A100
019A90
FF9430
FD8DE0
FB87F0
F98230
F77CC0
F577E0
F37420
F17150
EF6F50
ED6EE0
EB70C0
E97430
E778B0
E57F00
E38800
E19320
DFA000
DDAFB0
DBC390
D9DA60
D7F320
D60ED0
D42EC0
D251F0
D07790
CEA170
CCD140
CB0550
C93C10
C776E0
C5B770
C3FC40
C24460
C091D0
BEE6F0
BD4180
BB9F70
BA0280
B86CA0
B6DC10
B54F60
B3C940
B24C40
B0D5C0
AF6370
ADF710
AC92F0
AB3500
A9DBA0
A889B0
A74240
A60260
A4C720
A392A0
A26780
A14340
A02410
9F0D30
9E01F0
9CFF00
9C0130
9B0AE0
9A1EB0
993A10
985AE0
9784A0
96BAF0
95FA20
953EF0
948BB0
93E330
9342C0
92A820
9216E0
9192D0
911810
90A340
9036A0
8FD550
8F7C50
8F2940
8EDFD0
8EA410
8E71F0
8E45C0
8E2210
8E09D0
8DFA10
8DF040
8DF040
8DFDF0
8E1560
8E32D0
8E58B0
8E8A10
8EC3D0
8F0380
8F4CD0
8FA3C0
900440
906AB0
90D960
915350
91D570
925D60
92EE90
938CF0
943490
94E1F0
959740
965750
971F40
97EC90
98C2C0
99A560
9A90D0
9B81A0
9C79E0
9D7C30
9E85D0
9F9480
A0AB50
A1CDB0
A2F820
A42780
A55DB0
A69D20
A7E320
A92DA0
AA7F80
ABDBC0
AD3F30
AEA710
B01500
B18B00
B306C0
B48690
B60CB0
B79BB0
B93100
BACA10
BC6850
BE0D60
BFB750
C164A0
C31720
C4D0F0
C68FF0
C85200
CA1840
CBE3F0
CDB380
CF8590
D15BB0
D33760
D51710
D6F920
D8DE30
DAC730
DCB2F0
DEA070
E090C0
E284D0
E47B80
E673C0
E86DE0
EA6A60
EC6870
EE6780
F067F0
F26A40
F46DD0
F67220
F87720
FA7CE0
FC8310
FE8950
008F90
0295B0
049BD0
06A1C0
08A740
0AABD0
0CAFA0
0EB2A0
10B450
12B3F0
14B210
16AF40
18AAC0
1AA3B0
1C9AB0
1E9020
2082D0
2271A0
245D90
2647B0
282F00
2A1240
2BF250
2DD010
2FA9C0
317DB0
334D90
351AC0
36E400
38A7D0
3A6750
3C23B0
3DDAE0
3F8A90
4134F0
42DC00
447E10
461930
47AF20
494140
4ACD00
4C4FC0
4DCC10
4F4460
50B6E0
522120
538550
54E510
563D70
578B70
58D210
5A1410
5B4F60
5C8180
5DACC0
5ED300
5FF120
6103B0
620E00
631330
641120
6504E0
65F130
66D810
67B610
6887A0
695040
6A1370
6ACEC0
6B7F50
6C27E0
6CCAB0
6D6420
6DF080
6E7380
6EF0B0
6F65A0
6FCF60
7030D0
708C50
70DE30
712270
715D10
7191D0
71BE10
71DEE0
71F730
720990
721220
720D00
71FE20
71E940
71CBF0
71A320
7171E0
713AB0
70F9E0
70AB60
705350
6FF550
6F8F00
6F1D70
6EA3A0
6E23F0
6D9AF0
6D04D0
6C6550
6BC010
6B12C0
6A5AB0
699AC0
68D540
6806E0
672C00
664840
655F10
646E60
637380
627140
6169F0
605A50
5F3F20
5E1BB0
5CF350
5BC410
5A8B80
594C30
580840
56BCF0
556720
5409F0
52A850
514080
4FD080
4E5AA0
4CE0B0
4B6040
49D6C0
4846D0
46B300
4519F0
437A00
41D500
402CA0
3E7ED0
3CC990
3B0EF0
395130
378F20
35C780
33FBD0
322D90
305B10
2E82D0
2CA680
2AC7B0
28E5C0
26FFA0
2516A0
232BD0
213E10
1F4C50
1D57D0
1B61B0
196970
176EB0
157230
1374A0
117590
0F7460
0D71D0
0B6E60
096A20
0764F0
055F20
035930
015310
FF4CD0
FD4670
FB4020
F93A30
F734F0
F53060
F32C70
F129C0
EF28D0
ED2930
EB2A70
E92D40
E73270
E53970
E341E0
E14CF0
DF5BB0
DD6D10
DB8030
D99600
D7AFC0
D5CC70
D3EB80
D20E60
D036D0
CE6330
CC9220
CAC4E0
C8FD00
C73930
C57870
C3BCD0
C20860
C05930
BEAD50
BD0640
BB65E0
B9CAA0
B83330
B6A1F0
B51990
B39770
B21950
B0A0F0
AF3090
ADC630
AC6040
AB0180
A9AD00
A85FB0
A71710
A5D4F0
A49BF0
A369C0
A23C70
A11740
9FFD80
9EEBE0
9DDF50
9CDA00
9BDEB0
9AEAD0
99FC40
991680
983D20
976C90
96A180
95DE40
9525B0
947510
93CA20
932870
9293F0
9208B0
918330
9105E0
9093C0
9029F0
8FC600
8F6BB0
8F1EF0
8EDBD0
8E9E90
8E69C0
8E4070
8E1F90
8E04B0
8DF380
8DF000
8DF650
8E02A0
8E1760
8E37A0
8E6060
8E8F10
8EC770
8F0D60
8F5CF0
8FB290
901070
9079A0
90EB20
916260
91E320
927120
930880
93A5A0
944AC0
94FAC0
95B2B0
967030
9736B0
9809D0
98E5E0
99C760
9AB070
9BA3C0
9C9E80
9D9E70
9EA6B0
9FBAB0
A0D6F0
A1F840
A320A0
A45240
A58AC0
A6C7F0
A80CB0
A95C00
AAB2C0
AC0E20
AD6FA0
AED990
B04980
B1BD90
B33830
B4BC10
B64670
B7D4D0
B96880
BB0360
BCA350
BE46C0
BFEFB0
C1A050
C35660
C50FB0
C6CD70
C890E0
CA5870
CC22D0
CDF170
CFC620
D19F10
D37A80
D55930
D73C40
D92250
DB0A60
DCF570
DEE4B0
E0D6F0
E2CAE0
E4C100
E6B9E0
E8B4A0
EAB080
ECAE20
EEAE00
F0AF80
F2B1F0
F4B550
F6B9D0
F8BF00
FAC480
FCCA60
FED090
00D710
02DD90
04E3E0
06E9A0
08EEE0
0AF390
0CF730
0EF950
10FA40
12FA70
14F920
16F5C0
18F0A0
1AEA20
1CE130
1ED4D0
20C5F0
22B560
24A250
268B80
2871D0
2A55F0
2C3650
2E1150
2FE890
31BD60
338E80
355A70
372260
38E750
3AA750
3C6040
3E1430
3FC4E0
4170D0
431630
44B690
465350
47E9E0
4977E0
4AFFB0
4C8390
4E01C0
4F7810
50E890
5254B0
53B9A0
551490
566850
57B790
590050
5A4020
5B7940
5CAD70
5DD9A0
5EFA90
601380
612760
623410
6336D0
643240
652850
6615B0
66F6C0
67CF20
68A210
696D40
6A2DD0
6AE670
6B9980
6C4340
6CE000
6D7380
6E0140
6E86E0
6F0150
6F7380
6FDFD0
704290
7097D0
70E370
712920
716670
719850
71C1C0
71E530
71FEF0
720B00
720D40
720980
71FD50
71E5A0
71C570
719F50
716F70
713200
70EAE0
709DC0
704850
6FE780
6F7E60
6F0F70
6E9710
6E1150
6D8230
6CED50
6C5050
6BA850
6AF860
6A42E0
698450
68B920
67E4E0
670B10
6629B0
653E00
644AD0
635250
625170
6144C0
602FB0
5F1590
5DF450
5CC990
5B9800
5A61A0
5923A0
57DAE0
568A90
5535A0
53DA60
5276B0
510CE0
4F9ED0
4E2A10
4CABF0
4B2720
499E50
481010
467A80
44DFB0
434160
419D70
3FF190
3E4030
3C8B60
3AD220
3912E0
374F70
358920
33BE70
31ED80
301820
2E4030
2C64D0
2A84F0
28A1F0
26BCE0
24D4A0
22E7F0
20F820
1F0690
1D12A0
1B1BC0
1922E0
1728D0
152CE0
132E60
112E20
0F2CE0
0D2A80
0B26D0
092240
071D50
0517E0
0311F0
010B80
FF0500
FCFE80
FAF840
F8F270
F6ED20
F4E8C0
F2E5A0
F0E380
EEE210
ECE1F0
EAE3B0
E8E710
E6EBC0
E4F2B0
E2FCE0
E10970
DF1780
DD2800
DB3C10
D952D0
D76BB0
D58830
D3A9C0
D1CF00
CFF690
CE21C0
CC51F0
CA85F0
C8BCE0
C6F8A0
C53B40
C382D0
C1CD70
C01CB0
BE7260
BCCCF0
BB2B10
B98F40
B7FBD0
B66E80
B4E500
B36100
B1E4D0
B06E60
AEFC30
AD9110
AC2FD0
AAD590
A97FD0
A83080
A6EA10
A5AA30
A46F20
A33BF0
A213F0
A0F3F0
9FD8D0
9EC4E0
9DBAB0
9CB7D0
9BBA40
9AC540
99DC80
98FC60
982190
974E90
968610
95C570
950A70
945890
93B3A0
931800
928200
91F420
917160
90F6E0
908230
901710
8FB960
8F6540
8F1710
8ED140
8E96D0
8E64E0
8E38E0
8E16A0
8E0210
8DF730
8DF260
8DF600
8E0520
8E1CC0
8E3A50
8E61A0
8E9690
8ED540
8F19E0
8F66D0
8FBF30
901FE0
908670
90F670
9173E0
91FAC0
928770
931C50
93BC20
946400
951170
95C800
968B50
9757C0
9829A0
990350
99E750
9AD2F0
9BC3E0
9CBD40
9DC2A0
9ED060
9FE350
A0FD70
A22120
A34BC0
A47B30
A5B260
A6F470
A83E40
A98CA0
AAE180
AC3EE0
ADA280
AF0A60
B07920
B1F170
B37080
B4F3B0
B67C70
B80C90
B9A210
BB3B30
BCDA10
BE8110
C02DB0
C1DDD0
C39280
C54D50
C70C80
C8CE90
CA9540
CC6260
CE3400
D00850
D1E040
D3BCD0
D59CA0
D77EA0
D963F0
DB4DE0
DD3B10
DF2A30
E11BC0
E31070
E50750
E6FF80
E8F9B0
EAF690
ECF570
EEF570
F0F6B0
F2F960
F4FD10
F70140
F90620
FB0BC0
FD1200
FF1880
011F10
032580
052BB0
073180
093690
0B3A90
0D3DC0
0F4040
1141A0
134150
153F90
173C90
193780
1B2F60
1D2510
1F1950
210B40
22F9E0
24E5F0
26CFE0
28B670
2A9810
2C7630
2E5210
302A80
31FE10
33CDF0
359B00
376360
392510
3AE200
3C9BF0
3E5160
400080
41AAE0
4351B0
44F2B0
468B60
481E30
49AD40
4B36D0
4CB8D0
4E3520
4FAD40
511E80
5285F0
53E670
5542A0
569880
57E590
592C20
5A6DF0
5BA7F0
5CD6F0
5DFE20
5F2050
603B80
614CF0
625730
635C40
6458C0
654930
663100
671370
67EE50
68BEB0
698740
6A4A40
6B0420
6BB120
6C54F0
6CF310
6D8920
6E1430
6E9710
6F1410
6F8790
6FEDA0
704A30
70A0D0
70EF20
713200
716C80
71A110
71CBE0
71E900
71FC60
7209D0
720EC0
720830
71F920
71E420
71C560
719900
7162D0
7126B0
70E220
709240
703A00
6FDBE0
6F7430
6EFF20
6E8090
6DFC20
6D6F80
6CD7E0
6C3830
6B92C0
6AE440
6A28E0
696460
689A50
67C870
66EC20
660840
651EF0
642D10
632F30
6228D0
611D20
600A40
5EEDB0
5DCA20
5CA1A0
5B7160
5A3600
58F2F0
57AB20
565CD0
5505B0
53A850
5246B0
50DE10
4F6BB0
4DF270
4C7510
4AF1F0
496750
47D730
464360
44A9B0
4307C0
415FF0
3FB4A0
3E04A0
3C4E50
3A9390
38D5D0
371350
354A30
337C60
31ABC0
2FD780
2DFE60
2C21E0
2A4320
2860E0
2679D0
248F50
22A2C0
20B3B0
1EC140
1CCC90
1AD680
18DE30
16E2F0
14E5A0
12E720
10E730
0EE590
0CE2D0
0ADF80
08DB50
06D620
04D040
02CA00
00C390
FEBD00
FCB690
FAB060
F8AAD0
F6A610
F4A200
F29E80
F09BF0
EE9AF0
EC9B40
EA9CB0
E8A010
E6A640
E4AE70
E2B800
E0C3C0
DED2A0
DCE400
DAF740
D90DD0
D72910
D547B0
D36880
D18C90
CFB560
CDE1C0
CC10D0
CA4470
C87E90
C6BD40
C4FEF0
C344F0
C19120
BFE1F0
BE3640
BC9030
BAF240
B95A20
B7C5B0
B63690
B4AEE0
B32CD0
B1AEE0
B037B0
AECA10
AD6350
AC00E0
AAA4B0
A95110
A803E0
A6BB60
A57A90
A444A0
A31680
A1ED40
A0CAF0
9FB230
9EA090
9D9430
9C9050
9B9850
9AA8E0
99BEB0
98DC20
9803F0
973380
966890
95A6C0
94F1B0
9445C0
939F80
930140
926DF0
91E2D0
915D80
90E1A0
907330
900E40
8FAF30
8F5860
8F0D00
8ECA00
8E8CF0
8E59A0
8E33F0
8E1800
8E0200
8DF480
8DF280
8DF8F0
8E0560
8E1B90
8E3F80
8E6D20
8EA0B0
8EDCB0
8F2420
8F73F0
8FC9B0
9028F0
9095A0
910BF0
918800
920C50
929BC0
933340
93D080
947700
952A60
95E6E0
96A910
977300
984790
9923C0
9A0550
9AEF90
9BE600
9CE500
9DE940
9EF4D0
A00A20
A126A0
A24800
A37150
A4A5D0
A5E230
A72350
A86B10
A9BBA0
AB1290
AC6E00
ADD070
AF3CC0
B0B010
B227A0
B3A4F0
B52A00
B6B490
B842E0
B9D750
BB7420
BD16F0
BEBD50
C06890
C21A40
C3D070
C589D0
C74800
C90D10
CAD6E0
CCA3A0
CE7420
D049A0
D222C0
D3FE20
D5DD20
D7C140
D9A8F0
DB92C0
DD7F30
DF6F30
E16180
E35570
E54BB0
E74510
E940C0
EB3DB0
ED3C30
EF3CA0
F13E40
F34090
F543D0
F74860
F94DD0
FB53B0
FD59F0
FF6070
016700
036D70
057360
0778B0
097D80
0B81E0
0D8560
0F8790
1188A0
1388A0
1586D0
178270
197C30
1B74A0
1D6B10
1F5E90
214FB0
233F00
252B30
2712F0
28F770
2AD9E0
2CB920
2E93D0
306B10
323FC0
341000
35D9F0
379F70
396210
3B2070
3CD8E0
3E8CC0
403D50
41E840
438B40
452890
46C250
4856E0
49E420
4B6BE0
4CEFA0
4E6CA0
4FE040
514D20
52B5C0
541850
557260
56C610
581520
595CA0
5A9950
5BCE70
5CFEB0
5E2810
5F47F0
6060C0
617470
627FC0
637F30
647630
656800
665240
673230
680A80
68DD40
69A6F0
6A6400
6B1800
6BC660
6C6CD0
6D0840
6D9BA0
6E2940
6EAD60
6F2430
6F9180
6FF900
705840
70AC10
70F7A0
713D30
717900
71A730
71CBB0
71EA30
720050
720AE0
720D00
720920
71FB80
71E030
71BB10
719000
715C80
711D90
70D650
708910
703230
6FCDD0
6F5FE0
6EEC20
6E7020
6DE8F0
6D59A0
6CC4A0
6C2650
6B7B00
6AC670
6A0C40
694A30
687D90
67A920
66CF40
65ECB0
64FDE0
640660
630990
620560
60F750
5FE210
5EC7D0
5DA580
5C77F0
5B4270
5A0810
58C700
577D00
562C80
54D790
537B70
521540
50A7F0
4F3650
4DBEE0
4C3F90
4ABAA0
4931C0
47A2D0
460B30
446D80
42CC20
4125D0
3F78F0
3DC750
3C1290
3A58C0
3897F0
36D230
350970
333CC0
316AF0
2F9570
2DBD90
2BE1E0
2A00E0
281C30
263550
244B90
225E30
206E40
1E7CA0
1C88A0
1A9120
189740
169C00
149F20
12A020
109FC0
0E9E90
0C9C50
0A9870
0893A0
068E40
048860
028210
007B90
FE7510
FC6EE0
FA6920
F863C0
F65EA0
F45A40
F25710
F054D0
EE5390
EC53E0
EA56A0
E85B10
E660B0
E46830
E27270
E07EF0
DE8D30
DC9E60
DAB3D0
D8CC60
D6E6E0
D50470
D32650
D14B80
CF7340
CD9F50
CBD160
CA07D0
C84100
C67E50
C4C170
C308F0
C153C0
BFA400
BDFBF0
BC5980
BABA90
B920C0
B78E10
B600C0
B47760
B2F490
B17B00
B00820
AE9960
AD30B0
ABD040
AA7620
A92090
A7D280
A68F00
A55320
A41BF0
A2EBA0
A1C4A0
A0A4A0
9F89B0
9E7720
9D7030
9C71B0
9B7860
9A8680
999EE0
98BEE0
97E450
9712B0
964DB0
9591B0
94DB40
942CC0
938920
92EDA0
9257D0
91CB60
914C40
90D690
9066A0
8FFF00
8FA2C0
8F4EC0
8F00C0
8EBC60
8E85A0
8E58A0
8E3190
8E12E0
8DFFC0
8DF510
8DF060
8DF570
8E0830
8E24C0
8E4740
8E7240
8EA8B0
8EE780
8F2C30
8F7A90
8FD680
903C10
90A780
911B30
919A00
922110
92ADE0
934400
93E730
9493B0
9545E0
95FFF0
96C4B0
979140
986350
993E20
9A2550
9B1550
9C0AA0
9D0760
9E0E10
9F1C10
A02F10
A14A30
A270C0
A39F60
A4D2E0
A60D20
A75080
A89A60
A9E8E0
AB3EA0
AC9E90
AE05C0
AF7140
B0E2D0
B25C40
B3DB80
B55EB0
B6E820
B87A60
BA12E0
BBAF20
BD5060
BEF870
C0A540
C25550
C40A90
C5C710
C788A0
C94D40
CB15F0
CCE3F0
CEB5B0
D08A00
D26240
D44000
D62190
D80570
D9EC40
DBD6F0
DDC450
DFB360
E1A510
E39A80
E59270
E78BD0
E98700
EB8480
ED8380
EF8360
F18480
F38770
F58B80
F79040
F995A0
FB9BA0
FDA1F0
FFA850
01AEA0
03B4B0
05BA90
07C040
09C550
0BC970
0DCCA0
0FCF20
11D010
13CED0
15CC10
17C830
19C2A0
1BBA80
1DB040
1FA450
219590
2382D0
256D20
2755A0
293B20
2B1C80
2CFAB0
2ED660
30ADF0
327FB0
344D40
361820
37DF00
39A030
3B5D20
3D16E0
3ECB50
407830
421FA0
43C3B0
4562B0
46FAC0
488D90
4A1C70
4BA4E0
4D2430
4E9D10
5011D0
5180A0
52E740
5447C0
55A3B0
56F840
584260
598510
5AC300
5BFA40
5D2840
5E4F50
5F7160
608B30
619970
629F60
63A030
6499A0
6588E0
6670A0
6752E0
682C50
68F930
69BD30
6A7BA0
6B3220
6BDDE0
6C81A0
6D1F90
6DB430
6E3BA0
6EB9B0
6F31E0
6FA1E0
7006A0
706310
70B980
710660
7145A0
717B30
71AAD0
71D200
71EDB0
7200F0
720E30
7211B0
720780
71F380
71D990
71B720
718940
7152F0
7116B0
70D0D0
707D50
702030
6FBD20
6F51D0
6EDB50
6E5C90
6DD800
6D4A10
6CAF10
6C0AB0
6B6090
6AAE90
69F1B0
692D00
6862D0
678FC0
66B050
65C800
64DA40
63E510
62E5C0
61DF20
60D360
5FBF70
5EA000
5D7870
5C4BE0
5B1870
59DBE0
589890
5750B0
560160
54A7D0
5346F0
51E180
507610
4F0280
4D8910
4C0BB0
4A87D0
48FB00
4767E0
45D0E0
4434C0
4291B0
40E9C0
3F3E70
3D8DE0
3BD5E0
3A18A0
385850
3693C0
34C9B0
32FBC0
312B30
2F5680
2D7C30
2B9DD0
29BD20
27D940
25F160
2406C0
221A50
202B10
1E37F0
1C4220
1A4AB0
185150
165580
145800
125990
1059B0
0E57D0
0C54A0
0A50B0
084BF0
064660
044060
023A40
003400
FE2DC0
FC2790
FA2170
F81BD0
F616F0
F412D0
F20F60
F00D40
EE0D10
EC0E50
EA1080
E81450
E61A90
E422B0
E22C70
E038D0
DE4910
DC5C00
DA70C0
D88840
D6A3C0
D4C250
D2E340
D10830
CF32C0
CD6160
CB92A0
C9C7B0
C80240
C640F0
C482D0
C2C9D0
C11830
BF6BE0
BDC2D0
BC1EB0
BA8170
B8E960
B75510
B5C710
B44200
B2C360
B148A0
AFD3C0
AE6700
AD0050
AB9E10
AA4310
A8F260
A7A920
A66460
A52650
A3F160
A2C350
A19A30
A07940
9F63B0
9E5660
9D4E30
9C4D50
9B5680
9A6720
997D20
989C00
97C740
96FB60
963500
957670
94C2B0
9416D0
9370B0
92D3E0
924440
91BDE0
913D50
90C500
9057E0
8FF310
8F9420
8F3ED0
8EF710
8EB900
8E80D0
8E5120
8E2CE0
8E1110
8DFB40
8DEF30
8DF0D0
8DFC40
8E0DA0
8E2780
8E4CD0
8E7AA0
8EAE60
8EEBC0
8F36D0
8F8B70
8FE610
9048F0
90B720
912D90
91A9E0
922F80
92C250
935E80
940080
94AA80
955F50
961C00
96DE50
97A980
988140
9961E0
9A47F0
9B3590
9C2D50
9D2C90
9E30E0
9F3D80
A055D0
A17660
A29BF0
A3C860
A4FE20
A63AA0
A77BE0
A8C490
AA17C0
AB7250
ACD170
AE36C0
AFA450
B117C0
B28F50
B40D70
B594A0
B72260
B8B3F0
BA4AE0
BBE8D0
BD8BC0
BF3220
C0DDF0
C29160
C44A20
C60620
C7C670
C98C70
CB5670
CD2320
CEF410
D0CAE0
D2A5D0
D48350
D66400
D848E0
DA30B0
DC1A70
DE0710
DFF7D0
E1EB60
E3E0B0
E5D810
E7D220
E9CDE0
EBCAD0
EDC940
EFC9F0
F1CC20
F3CF20
F5D310
F7D800
F9DD90
FBE360
FDE960
FFEFB0
01F610
03FC70
060290
080800
0A0CE0
0C1130
0E1450
1015C0
1215E0
141530
161300
180EA0
1A0870
1C00C0
1DF6A0
1FE8D0
21D870
23C660
25B1A0
279920
297DA0
2B5FF0
2D3E60
2F1760
30EC70
32BF10
348DF0
365770
381CF0
39DF60
3B9CD0
3D5310
3F0430
40B210
425B20
43FD80
459AE0
473480
48C7E0
4A5290
4BD6F0
4D5770
4ED220
5044F0
51B1D0
531A50
547BA0
55D2C0
5722A0
586DF0
59B2C0
5AEE80
5C2380
5D53A0
5E7BB0
5F9860
60ACF0
61BC80
62C4C0
63C320
64BA10
65ABB0
669480
677100
6844C0
691300
69D980
6A9550
6B4930
6BF770
6C9C60
6D3440
6DC2D0
6E4BB0
6ECC50
6F41D0
6FAF10
701660
707420
70C450
710AF0
714B90
7183D0
71B0A0
71D500
71F360
720800
720EF0
720C10
720340
71F1F0
71D520
71AFE0
7184B0
714FC0
710D50
70C120
706EF0
701470
6FAEA0
6F4090
6ECCB0
6E4F50
6DC4B0
6D30A0
6C96E0
6BF500
6B4840
6A9390
69D940
691600
684600
676D20
668EC0
65A8D0
64B890
63C0E0
62C400
61BEB0
60ADB0
5F9450
5E75E0
5D5060
5C2180
5AEBD0
59B160
586F60
5722B0
55CE80
5475C0
5316C0
51AF60
5041E0
4ED040
4D5800
4BD670
4A4E50
48C230
4730A0
4597F0
43FA20
4258C0
40B1D0
3F0310
3D4EE0
3B9760
39DB70
3819B0
3653C0
348B10
32BDF0
30EAC0
2F1350
2D3940
2B5BE0
297A20
279540
25AE70
23C480
21D640
1FE500
1DF1F0
1BFCB0
1A04A0
180AA0
160F70
141290
121330
101220
0E1030
0C0D30
0A08F0
080400
05FEC0
03F910
01F2E0
FFEC70
FDE5F0
FBDF90
F9D990
F7D410
F5CF20
F3CB20
F1C8A0
EFC730
EDC680
EBC730
E9C9F0
E7CE40
E5D410
E3DC20
E1E7A0
DFF580
DE0510
DC1720
DA2CC0
D84540
D65FF0
D47E40
D2A1D0
D0C920
CEF2E0
CD2040
CB52B0
C98920
C7C270
C600B0
C445F0
C29030
C0DD90
BF2FB0
BD8840
BBE5D0
BA4700
B8AE40
B71E20
B59410
B40DE0
B28D60
B114A0
AFA1C0
AE3330
ACCBA0
AB6E20
AA17D0
A8C5E0
A77A60
A637E0
A4FC10
A3C510
A29600
A17240
A05670
9F3FA0
9E3000
9D2A30
9C2BC0
9B32A0
9A4230
995DF0
988270
97AC60
96DE00
961A30
955E40
94A800
93FB00
935AF0
92C420
923300
91AA10
912C40
90B6B0
9046F0
8FE0D0
8F8820
8F3910
8EEFF0
8EAF30
8E79D0
8E4CF0
8E2600
8E08D0
8DF960
8DF3A0
8DF3E0
8DFC90
8E10D0
8E2D80
8E5030
8E7C90
8EB690
8EFA40
8F43F0
8F95F0
8FF360
905910
90C4A0
9139A0
91BC00
9247D0
92D960
937310
9417C0
94C470
9576B0
963200
96FA00
97CB10
98A1B0
997FF0
9A6890
9B58C0
9C4E20
9D4BF0
9E55B0
9F67D0
A07F10
A19D60
A2C540
A3F410
A527A0
A662F0
A7A8F0
A8F690
AA48E0
ABA190
AD02C0
AE6A20
AFD5A0
B147F0
B2C3C0
B44640
B5CCD0
B758D0
B8EC30
BA84D0
BC2110
BDC300
BF6CE0
C11C60
C2CF40
C486C0
C64430
C805E0
C9CA80
CB93A0
CD6300
CF36D0
D10D50
D2E760
D4C5E0
D6A7A0
D88B70
DA7280
DC5E20
DE4CE0
E03D80
E23080
E42680
E61E80
E817D0
EA1310
EC1100
EE10B0
F01170
F21360
F416B0
F61AF0
F81F90
FA24C0
FC2AA0
FE3100
003780
023E10
044450
064A50
084FE0
0A54A0
0C5820
0E5AA0
105C80
125D30
145C00
165950
185560
1A4F30
1C45D0
1E3A40
202D20
221DA0
240AB0
25F510
27DD60
29C220
2BA1E0
2D7DF0
2F57C0
312E10
32FF80
34CD10
3697C0
385DA0
3A1CD0
3BD720
3D8E60
3F4100
40ED40
4294B0
4438A0
45D690
476C20
48FBA0
4A8770
4C0DB0
4D8C40
4F0520
5079B0
51E750
534B20
54A7E0
560040
575230
589B60
59DDF0
5B1BC0
5C51B0
5D7C80
5E9F70
5FBD80
60D460
61E180
62E760
63E800
64E010
65CBF0
66AF20
678D00
686340
692EF0
69F2D0
6AB110
6B6620
6C0E60
6CAD60
6D46A0
6DD7D0
6E5DF0
6EDBE0
6F53F0
6FC270
702380
707B10
70CCB0
7115F0
7153D0
718930
71B8A0
71DE60
71F670
7204C0
720D10
720CE0
720140
71ED20
71D300
71AF20
717DA0
714270
710150
70B7B0
7062C0
700580
6FA250
6F35A0
6EBBA0
6E3820
6DAEC0
6D1D40
6C80C0
6BDC30
6B3200
6A7EB0
69BE90
68F560
6826A0
675020
666F30
6586B0
6498E0
63A280
62A030
619560
608560
5F6E30
5E4D60
5D25A0
5BF900
5AC4A0
598540
583E30
56F270
55A030
544550
52E440
517EE0
501290
4E9CA0
4D1FE0
4B9F10
4A18A0
488AB0
46F760
456070
43C3A0
421EB0
4073F0
3EC5D0
3D12F0
3B59F0
399C90
37DC30
361740
344BC0
327BA0
30A8D0
2ED260
2CF730
2B18B0
293800
2753E0
256B10
237EF0
2190E0
1FA040
1DAC80
1BB680
19BF20
17C5C0
15C980
13CB40
11CBD0
0FCB10
0DC8C0
0BC570
09C190
07BD00
05B780
03B160
01AB00
FFA470
FD9E00
FB97B0
F991B0
F78C60
F58810
F38490
F181A0
EF7FB0
ED7F70
EB80A0
E982F0
E78750
E58EA0
E39810
E1A2F0
DFB000
DDC060
DBD350
D9E830
D80070
D61D90
D43E20
D260E0
D08700
CEB1F0
CCE080
CB11E0
C947E0
C78470
C5C5D0
C40A10
C252C0
C0A1B0
BEF560
BD4C80
BBA980
BA0EA0
B879B0
B6E870
B55C90
B3D840
B259A0
B0DF10
AF6B70
AE0180
AC9E70
AB3FC0
A9E750
A89790
A74E50
A609C0
A4CCF0
A39B30
A27130
A14C20
A02E00
9F1990
9E0C50
9D0450
9C04D0
9B1150
9A2670
9940E0
9862E0
978F50
96C390
95FD60
954040
949000
93E8E0
934770
92AE00
921FA0
919960
911900
90A230
9038B0
8FD8B0
8F7EA0
8F2CF0
8EE690
8EA8A0
8E70A0
8E4260
8E21C0
8E0AE0
8DFA00
8DF190
8DF4B0
8E0040
8E11D0
8E2D10
8E5600
8E88C0
8EC170
8F0280
8F4EF0
8FA3C0
8FFE80
9062D0
90D480
914FB0
91D0D0
925A10
92EE60
938AC0
942CD0
94D810
959040
965180
971860
97E700
98C030
99A100
9A8730
9B75F0
9C70D0
9D7440
9E7CF0
9F8CD0
A0A670
A1C730
A2ECD0
A41A50
A552E0
A69330
A7D850
A92400
AA7870
ABD340
AD3260
AE9880
B00870
B17F40
B2FA50
B47B20
B60380
B79150
B922F0
BABA80
BC5A70
BE0030
BFA990
C157A0
C30C10
C4C500
C68100
C841C0
CA0940
CBD580
CDA480
CF7740
D14EF0
D32A10
D50780
D6E880
D8CE60
DAB7C0
DCA330
DE9140
E082A0
E27660
E46BA0
E66310
E85DA0
EA5A40
EC5830
EE5790
F058B0
F25B00
F45DF0
F661C0
F866B0
FA6C70
FC7290
FE78F0
007F80
028600
048C40
069210
089700
0A9B60
0C9F40
0EA240
10A3C0
12A400
14A330
16A070
189B00
1A9390
1C8AE0
1E8010
207220
2261D0
244F90
263A30
282020
2A02C0
2BE350
2DC090
2F9940
316E60
3340D0
350EC0
36D650
389950
3A5970
3C1530
3DCAE0
3F7C00
4129B0
42D1C0
4471B0
460BF0
47A290
4933E0
4ABDE0
4C4240
4DC290
4F3C20
50AC20
521560
537A60
54D920
562F60
577F40
58CA60
5A0DE0
5B46A0
5C7790
5DA3B0
5EC8E0
5FE490
60F910
620870
630F60
640A60
64FCE0
65EA20
66CFD0
67AB30
687ED0
694CE0
6A11E0
6ACA30
6B7960
6C22F0
6CC480
6D5B20
6DE9A0
6E7250
6EF180
6F6350
6FCBB0
702E30
708870
70D730
711DA0
715E20
7194F0
71BE10
71DD80
71F6F0
7207F0
720D70
720A70
720170
71EEB0
71CE40
71A420
717400
713B70
70F770
70AB10
7058C0
6FFCF0
6F93A0
6F20B0
6EA7F0
6E2700
6D9AF0
6D06B0
6C6CD0
6BC9A0
6B1980
6A6040
69A150
68DA80
680930
673020
6651B0
656A80
647730
637B30
6279F0
617160
605F00
5F4570
5E26F0
5D0070
5BCEC0
5A9530
5956C0
5811B0
56C3C0
556F70
5416A0
52B6C0
514CE0
4FDC00
4E66E0
4CEBE0
4B6920
49E0D0
4854B0
46C280
4527C0
438700
41E2A0
403960
3E89A0
3CD540
3B1DD0
396160
379E00
35D5D0
340AB0
323BB0
3067A0
2E9000
2CB600
2AD850
28F570
270F00
252650
233AF0
214C00
1F5AA0
1D67B0
1B7250
1979B0
177EC0
158270
138490
1184B0
0F8390
0D81B0
0B7ED0
097A90
077550
056FA0
036980
016310
FF5C70
FD5600
FB4FF0
F94A80
F74570
F540C0
F33CD0
F13A30
EF38B0
ED3820
EB3960
E93D00
E74290
E54950
E35200
E15DA0
DF6B70
DD7B20
DB8DF0
D9A510
D7BF50
D5DBA0
D3FB10
D21EF0
D04640
CE7020
CC9E50
CAD2C0
C90B90
C74740
C58710
C3CCE0
C21710
C064A0
BEB7C0
BD12B0
BB7340
B9D760
B840B0
B6B140
B52730
B3A140
B221E0
B0ABD0
AF3C70
ADD150
AC6C40
AB0FA0
A9B950
A86790
A71D70
A5DE00
A4A620
A37310
A246D0
A12410
A00850
9EF1B0
9DE370
9CE0F0
9BE6E0
9AF210
9A04B0
9921B0
984640
977050
96A360
95E310
952BE0
947A30
93D080
9331C0
929B10
920A20
9182A0
910870
9097B0
902CD0
8FCA30
8F72F0
8F23F0
8EDAF0
8E9BB0
8E6A00
8E4210
8E2010
8E0680
8DF870
8DF2E0
8DF340
8DFD70
8E1550
8E36F0
8E5E80
8E8E90
8ECA10
8F0DF0
8F57C0
8FAB30
900C20
9076A0
90E700
915FA0
91E370
926F70
930120
939C20
944420
94F570
95AC60
966B30
9734B0
9805F0
98DCA0
99BC10
9AA7D0
9B9C50
9C9610
9D9730
9EA250
9FB4B0
A0CC00
A1EB60
A31610
A448C0
A58060
A6BEC0
A80610
A953F0
AAA650
ABFFE0
AD6380
AECE40
B03D70
B1B280
B32F80
B4B230
B638C0
B7C580
B95AF0
BAF680
BC95C0
BE3A10
BFE500
C194C0
C347A0
C4FF90
C6BEA0
C882B0
CA49C0
CC14D0
CDE520
CFB920
D18F90
D369F0
D54990
D72D00
D912B0
DAFB50
DCE7A0
DED690
E0C710
E2BA30
E4B0D0
E6A9F0
E8A470
EAA0B0
EC9F20
EE9EF0
F09FA0
F2A170
F4A4E0
F6A970
F8AEA0
FAB450
FCBA80
FEC100
00C770
02CDB0
04D390
06D930
08DE80
0AE340
0CE6D0
0EE970
10EB30
12EB60
14E950
16E580
18E0B0
1ADA00
1CD090
1EC4F0
20B7B0
22A780
249330
267BD0
286280
2A4640
2C25B0
2E01E0
2FDB90
31B100
338080
354BB0
371420
38D890
3A9730
3C5180
3E0890
3FBA30
416420
4308A0
44A9B0
4645B0
47DA90
496A10
4AF5B0
4C7AC0
4DF6B0
4F6C00
50DD30
524870
53AB60
550820
566040
57B0F0
58F720
5A35C0
5B6FC0
5CA2F0
5DCCC0
5EEF90
600D60
6122F0
622CC0
632E50
642AB0
651FA0
660A60
66ED80
67CB30
68A000
696830
6A2770
6AE120
6B92E0
6C39D0
6CD8A0
6D71C0
6E0180
6E8400
6EFD10
6F7060
6FDB60
703B20
709290
70E400
712BC0
7165F0
719670
71C100
71E320
71F9C0
7207E0
721010
720E70
71FF20
71E610
71C700
719F80
716C80
713120
70EFE0
70A4F0
704C60
6FEA40
6F8240
6F11F0
6E9670
6E12C0
6D8940
6CF680
6C5690
6BAD60
6AFE80
6A47B0
698620
68BCB0
67EDE0
671630
663210
654530
6452F0
635940
625590
614A90
603A80
5F2240
5DFE90
5CD2D0
5BA220
5A6AA0
5929F0
57E2B0
5696E0
5543C0
53E660
5281C0
5118B0
4FA9A0
4E3280
4CB5A0
4B34C0
49AD90
481D80
468730
44ED10
434DD0
41A7D0
3FFD00
3E4ED0
3C9B70
3AE0C0
3920F0
375E00
359700
33CA90
31FA50
302780
2E50B0
2C7450
2A9410
28B170
26CBE0
24E240
22F5F0
2107F0
1F1730
1D22C0
1B2BA0
193310
173890
153BC0
133D60
113E10
0F3D60
0D3AE0
0B3720
0932B0
072D90
0527C0
032180
011B30
FF14E0
FD0EC0
FB08B0
F902E0
F6FD90
F4F910
F2F570
F0F2A0
EEF140
ECF1E0
EAF400
E8F720
E6FC00
E50360
E30CC0
E117C0
DF2580
DD3730
DB4BC0
D96230
D77B60
D598C0
D3B940
D1DC30
D00320
CE2FE0
CC60C0
CA9450
C8CBD0
C708D0
C54A20
C38E90
C1D850
C02980
BE8010
BCD9F0
BB38D0
B99EB0
B809C0
B678B0
B4EDF0
B36C40
B1F110
B079E0
AF08A0
AD9F80
AC3C80
AADDF0
A986C0
A83A00
A6F4A0
A5B3E0
A479E0
A34910
A21F20
A0FA40
9FDD80
9ECC50
9DC360
9CBFA0
9BC320
9AD0D0
99E5F0
990080
9823F0
9753E0
968CB0
95CB10
951150
946250
93BB40
931A00
928210
91F740
9175D0
90FA40
9086E0
901EC0
8FBEE0
8F6500
8F14B0
8ED200
8E9900
8E65E0
8E3B40
8E1C10
8E0560
8DF4A0
8DEDB0
8DF470
8E04F0
8E1B70
8E3A60
8E64D0
8E97B0
8ED080
8F12F0
8F6300
8FBCB0
901C50
908430
90F760
9172C0
91F400
927E90
931640
93B750
945E20
950CF0
95C680
9687F0
974EF0
981ED0
98FB30
99E060
9ACB00
9BBD20
9CB960
9DBD00
9EC5D0
9FD6D0
A0F360
A21810
A341D0
A47270
A5AC40
A6ECD0
A83200
A97EA0
AAD5A0
AC3400
AD96D0
AEFFD0
B070F0
B1E800
B36310
B4E490
B66F20
B80010
B994E0
BB2EE0
BCCFE0
BE75D0
C01F20
C1CDE0
C38400
C53F70
C6FE00
C8C0E0
CA8940
CC55A0
CE24B0
CFF7D0
D1D0C0
D3ADC0
D58D30
D76FC0
D95670
DB3FF0
DD2B50
DF1990
E10BC0
E300B0
E4F740
E6EFD0
E8EAE0
EAE7B0
ECE580
EEE4E0
F0E640
F2E910
F4ECB0
F6F120
F8F670
FAFC40
FD0240
FF0870
010EB0
031510
051B40
072110
092640
0B2AC0
0D2E80
0F3100
1131B0
133110
152F80
172C50
1926E0
1B1F90
1D16B0
1F0B30
20FC00
22EA10
24D670
26C020
28A5D0
2A8880
2C68E0
2E4550
301C40
31EF20
33BF80
358C00
375320
391620
3AD610
3C90D0
3E4460
3FF2B0
419DA0
4343C0
44E320
467D60
4813D0
49A410
4B2B60
4CAC60
4E2970
4FA0B0
510FF0
527920
53DDF0
553B80
568EC0
57DAB0
592220
5A6300
5B9AB0
5CCB90
5DF780
5F1B60
6033D0
614410
624F40
635320
644D00
653F70
662C80
6710D0
67E8B0
68B7C0
698160
6A4320
6AFA20
6BA940
6C52B0
6CF2D0
6D85D0
6E0F80
6E9360
6F0F10
6F7FA0
6FE7E0
704A30
70A2F0
70EE20
712FA0
716B40
719E60
71C610
71E560
71FEB0
720E30
721000
720810
71FA20
71E3C0
71C1E0
719790
716750
712D50
70E5D0
709490
703D50
6FDDD0
6F7300
6EFFF0
6E8720
6E04D0
6D7550
6CDC60
6C3DC0
6B9700
6AE570
6A2C00
696D00
68A500
67D070
66F2E0
660FF0
652560
6430B0
633480
623320
612980
601420
5EF680
5DD3D0
5CAA30
5B7730
5A3D60
58FEF0
57B8E0
566860
551060
53B3D0
525120
50E610
4F74F0
4DFFC0
4C8400
4AFF10
4973A0
47E440
464F80
44B3B0
4312C0
416E60
3FC490
3E1300
3C5C10
3AA1E0
38E350
371F10
3556B0
338BA0
31BC40
2FE6E0
2E0D40
2C3130
2A51E0
286E30
268790
249F00
22B360
20C3B0
1ED100
1CDCA0
1AE620
18ECE0
16F1C0
14F590
12F7B0
10F790
0EF5D0
0CF330
0AEFB0
08EAF0
06E5A0
04E000
02DA20
00D3E0
FECD70
FCC6F0
FAC0C0
F8BB10
F6B5E0
F4B150
F2ADE0
F0AC00
EEAB40
ECAB60
EAACF0
E8B0A0
E6B610
E4BCF0
E2C640
E0D310
DEE280
DCF380
DB0720
D91E70
D738B0
D55530
D37570
D19B00
CFC470
CDF050
CC1FF0
CA54C0
C88D90
C6C970
C50A40
C35230
C19F20
BFEF50
BE4440
BC9FD0
BB0070
B964B0
B7CF20
B64240
B4BB90
B338B0
B1BB90
B04660
AED710
AD6C20
AC0850
AAAE90
A95C10
A80E00
A6C680
A58800
A45030
A31D50
A1F270
A0D2E0
9FBB60
9EA8D0
9D9D80
9C9C30
9BA240
9AAD90
99C1A0
98E1F0
980B10
9739A0
966FF0
95B0E0
94F9C0
944840
93A000
9304D0
9272F0
91E6C0
9162B0
90E9E0
907940
900E80
8FAD50
8F59B0
8F0FA0
8ECB90
8E8FE0
8E5FA0
8E37D0
8E1600
8DFDE0
8DF370
8DF2D0
8DF830
8E0600
8E1F50
8E4120
8E68E0
8E9A50
8ED960
8F2220
8F70E0
8FC7F0
902A60
909510
910590
917F80
9206C0
929780
932DF0
93CC80
947600
952780
95DE80
969EA0
976B50
984110
991C50
99FF20
9AEC50
9BE0F0
9CDAD0
9DDD10
9EEB20
A00190
A11D20
A23FC0
A36BD0
A49EB0
A5D660
A715A0
A85FA0
A9B130
AB0760
AC63D0
ADC8B0
AF33A0
B0A2D0
B218C0
B397F0
B51DC0
B6A7B0
B83700
B9CD90
BB6950
BD08A0
BEAD80
C05A40
C20C90
C3C240
C57C60
C73C70
C900A0
CAC7B0
CC9330
CE64E0
D03AE0
D21370
D3EF80
D5D000
D7B3A0
D99940
DB8210
DD6F40
DF5F80
E15190
E345E0
E53D30
E73670
E930E0
EB2D20
ED2BE0
EF2C60
F12DE0
F33070
F53450
F73900
F93E10
FB4380
FD4990
FF5000
015690
035D00
056320
0768D0
096E10
0B7260
0D7550
0F7740
117860
137840
157630
177280
196D80
1B6630
1D5BA0
1F4EA0
214020
232F10
251A80
270340
28E9D0
2ACCC0
2CAA90
2E84A0
305C60
323080
33FF90
35CAD0
379320
395690
3B1320
3CCAB0
3E7F30
402F10
41D870
437CF0
451DD0
46B8B0
484B10
49D750
4B5FC0
4CE2A0
4E5DC0
4FD310
514420
52AE20
540E30
556730
56BBB0
5809C0
594EF0
5A8D90
5BC750
5CF930
5E1FE0
5F3E90
605850
616AE0
6273A0
637520
647150
6564D0
664C30
672AD0
680420
68D5A0
699CA0
6A5BC0
6B1540
6BC590
6C68F0
6D0300
6D9770
6E23C0
6EA4F0
6F1DE0
6F9100
6FFA90
7056A0
70A920
70F5B0
7139F0
7172C0
71A310
71CD80
71EE20
720110
720A40
720D70
720830
71F770
71DE30
71BF00
719610
715F90
711F40
70D900
708A70
703070
6FCE30
6F6610
6EF470
6E7570
6DECF0
6D5EB0
6CC850
6C26F0
6B7D90
6ACE90
6A1680
6951B0
6883D0
67B060
66D530
65EFB0
6502A0
641050
631590
620ED0
60FFA0
5FEB50
5ECFD0
5DAAD0
5C7EE0
5B4E20
5A1590
58D240
578740
563790
54E180
5382E0
521E10
50B500
4F4520
4DCBB0
4C4B90
4AC750
493D80
47AC50
4615D0
447BB0
42DBE0
4133F0
3F8660
3DD560
3C1FD0
3A6420
38A420
36E140
3519D0
334BF0
3179A0
2FA490
2DCC00
2BEED0
2A0E60
282BD0
2645F0
245B70
226DC0
207E20
1E8C20
1C96F0
1A9FB0
18A730
16ACA0
14AF60
12B040
10B010
0EAEA0
0CABB0
0AA7D0
08A380
069E90
0498C0
029280
008C00
FE8570
FC7F10
FA78F0
F87330
F66E30
F46A60
F26760
F06510
EE63E0
EC6470
EA6680
E869D0
E66F40
E477C0
E28270
E08EA0
DE9D30
DCAF10
DAC390
D8DA10
D6F420
D51310
D33590
D15A60
CF8290
CDAFB0
CBE090
CA1440
C84CA0
C68BC0
C4CFB0
C316A0
C16210
BFB3E0
BE0A60
BC6480
BAC470
B92CC0
B79B00
B60D00
B48480
B30390
B18850
B01150
AEA140
AD3B00
ABDBB0
AA80B0
A92C20
A7E040
A69AF0
A55A60
A421B0
A2F400
A1CE40
A0AD60
9F9380
9E8370
9D7A90
9C76E0
9B7BD0
9A8CE0
99A680
98C580
97EC20
971D40
965630
9594B0
94DC50
9430E0
938E90
92F200
925D80
91D400
9152B0
90D740
906560
9000E0
8FA5F0
8F50E0
8F0430
8EC2E0
8E8A00
8E5720
8E2DF0
8E1270
8E00A0
8DF4D0
8DF180
8DF9B0
8E0A60
8E2110
8E4170
8E6F80
8EA740
8EE4F0
8F2B10
8F7C90
8FD670
903630
909F70
911610
919640
921C40
92AA70
9343A0
93E4E0
948BD0
953BD0
95F8C0
96BEC0
978A50
985DA0
993B70
9A20D0
9B0B80
9BFED0
9CFE20
9E05F0
9F1300
A02740
A14520
A26A10
A393E0
A4C580
A60220
A74670
A88F90
A9DF20
AB3770
AC95F0
ADF8D0
AF62A0
B0D620
B25080
B3CF00
B55320
B6DEE0
B87000
BA04D0
BB9F80
BD4260
BEEB20
C09750
C24840
C3FF70
C5BB10
C779A0
C93CF0
CB06D0
CCD560
CEA6B0
D07BB0
D25570
D43290
D611F0
D7F4C0
D9DC70
DBC770
DDB480
DFA410
E196F0
E38C00
E58280
E77B20
E976C0
EB7460
ED7320
EF7350
F17540
F37830
F57BA0
F77FE0
F98530
FB8B30
FD9180
FF9800
019E90
03A4F0
05AB10
07B090
09B520
0BB900
0DBC60
0FBEC0
11BF80
13BEF0
15BD40
17B990
19B310
1BAA70
1DA070
1F9440
2184F0
237310
255F50
274830
292C60
2B0D20
2CEBB0
2EC700
309D80
327070
3440A0
360C40
37D150
3991D0
3B4F50
3D0860
3EBB60
4069B0
421480
43B9A0
455680
46ED90
488110
4A0F20
4B95C0
4D16B0
4E9390
5009A0
517620
52DBB0
543CF0
5597F0
56EA50
583640
597D80
5ABD10
5BF1A0
5D1E70
5E4660
5F6760
607EC0
618EF0
6299F0
639C70
649300
658100
6669B0
674AD0
682180
68F070
69B9E0
6A7A40
6B2DC0
6BD820
6C7CE0
6D19A0
6DAB50
6E34E0
6EB8A0
6F32E0
6F9FC0
700320
7060A0
70B5C0
70FF90
7140F0
717C70
71AE20
71D230
71EC80
7200E0
720CC0
720D20
720500
71F6F0
71DF20
71B9A0
718A60
715530
711790
70CE80
707D20
7025D0
6FC4F0
6F56A0
6EDED0
6E6110
6DDB30
6D4A30
6CB120
6C1250
6B6A50
6AB570
69F770
6933C0
686850
679240
66B490
65D190
64E5E0
63EE00
62ED90
61E7E0
60DAF0
5FC440
5EA670
5D83C0
5C5910
5B2350
59E5A0
58A330
575A30
560870
54B040
5353B0
51F000
508290
4F0E20
4D9570
4C1700
4A90E0
490530
4775D0
45E060
444290
429ED0
40F780
3F4B60
3D98E0
3BE1C0
3A2790
386880
36A2B0
34D810
330AA0
313960
2F6320
2D8960
2BAD60
29CDC0
27E910
2600D0
241680
222990
203920
1E4650
1C51F0
1A5B60
186190
166590
146850
126980
1068E0
0E6700
0C6480
0A6110
085C60
0656D0
0450E0
024A90
004400
FE3D80
FC3720
FA3140
F82C00
F62760
F42320
F21FC0
F01DD0
EE1D00
EC1D40
EA1F50
E82410
E62AB0
E43290
E23C80
E04970
DE58D0
DC6A00
DA7E50
D89720
D6B340
D4D160
D2F2D0
D118C0
CF4220
CD6E30
CB9EB0
C9D570
C810C0
C64EF0
C49160
C2D9D0
C126D0
BF7730
BDCD30
BC2B20
BA8EC0
B8F600
B76270
B5D640
B44F90
B2CCF0
B15100
AFDE80
AE72D0
AD0B50
ABA9F0
AA5120
A8FEA0
A7B0D0
A66AB0
A52F30
A3FB70
A2CC70
A1A460
A085E0
9F6E70
9E5C20
9D5230
9C5420
9B5E90
9A6E30
998560
98A6F0
97D020
96FEE0
9636B0
957B20
94C8B0
941BD0
9376E0
92DD00
924B30
91BF30
913CA0
90C760
905BA0
8FF5B0
8F9810
8F45E0
8EFBF0
8EB810
8E7DD0
8E5130
8E2E50
8E1160
8DFCF0
8DF400
8DF380
8DF910
8E0850
8E2540
8E4BF0
8E78A0
8EADC0
8EEE50
8F3730
8F8610
8FDE80
904470
90B3F0
912950
91A6E0
922FA0
92C080
935710
93F6F0
94A3C0
9559D0
961590
96D920
97A740
987D30
995880
9A3C90
9B2CD0
9C25C0
9D2400
9E2990
9F3900
A04FA0
A16B40
A28EE0
A3BDC0
A4F490
A63030
A77280
A8BDD0
AA0F90
AB65C0
ACC310
AE2A70
AF98E0
B10BA0
B28430
B404A0
B58AA0
B71480
B8A480
BA3D20
BBDBD0
BD7E20
BF2570
C0D330
C285B0
C43B50
C5F600
C7B7A0
C97E30
CB47A0
CD1510
CEE790
D0BDC0
D29660
D472B0
D65450
D83990
DA2100
DC0B40
DDF920
DFE990
E1DB90
E3D000
E5C7E0
E7C210
E9BDB0
EBBAE0
EDBA30
EFBAD0
F1BC30
F3BEB0
F5C2B0
F7C7A0
F9CD20
FBD310
FDD970
FFE000
01E670
03ECA0
05F250
07F790
09FC90
0C00D0
0E03E0
1005D0
1206E0
140640
160330
17FE70
19F880
1BF0A0
1DE5F0
1FD900
21CA50
23B8A0
25A2A0
278990
296E80
2B5050
2D2DD0
2F07F0
30DF80
32B2C0
347FF0
3648C0
380ED0
39D0B0
3B8CC0
3D4460
3EF8B0
40A780
424E90
43F010
458E10
4726E0
48B890
4A44D0
4BCD10
4D4ED0
4EC730
503900
51A6A0
530E30
546D70
55C650
571AB0
586780
59A9B0
5AE440
5C1A20
5D4930
5E6EE0
5F8D80
60A710
61B840
62BDC0
63BAD0
64B2B0
65A320
668950
6767E0
684100
691120
69D4A0
6A8F20
6B4400
6BF0F0
6C9300
6D2D00
6DC140
6E4C20
6EC9B0
6F3DD0
6FAC20
701220
706CD0
70BF40
710BA0
714E50
718370
71AEE0
71D460
71F160
7202E0
720BF0
720F00
720850
71F3F0
71D5C0
71B1A0
718510
714D10
710CA0
70C640
707640
7018B0
6FB190
6F4490
6ECF40
6E4EE0
6DC640
6D37E0
6CA030
6BFB70
6B4D70
6A99C0
69DE30
6917E0
6849D0
677650
669A00
65B150
64BFE0
63C920
62CB00
61C2F0
60B390
5F9F30
5E82B0
5D5AD0
5C2AE0
5AF610
59BA80
5875E0
572AB0
55DAF0
548400
5322E0
51BA80
504DE0
4EDB30
4D60A0
4BE040
4A5C00
48D180
473E40
45A4C0
440790
426550
40BC50
3F0E90
3D5DA0
3BA780
39EA30
3827C0
366260
349900
32CA40
30F7C0
2F22C0
2D49D0
2B6B70
298940
27A4D0
25BD70
23D240
21E460
1FF4D0
1E02A0
1C0CD0
1A1490
181AD0
161F40
142180
122230
102210
0E20B0
0C1D90
0A1950
081470
060F00
0408E0
020280
FFFC20
FDF5E0
FBEFE0
F9EA10
F7E480
F5DF80
F3DB90
F1D880
EFD640
EDD590
EBD710
E9DA20
E7DE50
E5E440
E3ECD0
E1F770
E003C0
DE12F0
DC2630
DA3C70
D85490
D66FA0
D48ED0
D2B140
D0D630
CEFF50
CD2E50
CB6180
C99760
C7D150
C610E0
C454C0
C29BE0
C0E860
BF3C70
BD95E0
BBF2D0
BA54C0
B8BDB0
B72BF0
B59E20
B416C0
B29880
B120C0
AFAD20
AE3F70
ACDA00
AB7AB0
AA1FF0
A8CCA0
A783D0
A64260
A505B0
A3CFB0
A2A310
A17D50
A05C90
9F4420
9E3750
9D32D0
9C3370
9B3B70
9A4D90
996750
988670
97AE80
96E320
9620B0
9563C0
94AEC0
940480
936250
92C5F0
9232E0
91AD00
913080
90B9E0
904B80
8FE860
8F8D80
8F38A0
8EED60
8EAFC0
8E7BD0
8E4DD0
8E2840
8E0E30
8DFC90
8DF0F0
8DEF10
8DFAE0
8E1080
8E2C10
8E5020
8E7FA0
8EB790
8EF560
8F3CE0
8F9200
8FF0B0
905550
90C240
913A60
91BAB0
9240D0
92D050
936CE0
9412D0
94BE70
9571F0
963050
96F680
97C230
9896C0
9977B0
9A6170
9B50A0
9C4740
9D47F0
9E4FF0
9F5D10
A07270
A19330
A2BC20
A3EA00
A51EC0
A65CA0
A7A130
A8EA50
AA3AE0
AB95B0
ACF7C0
AE5E50
AFCAE0
B13FA0
B2BA30
B438B0
B5BDA0
B74B70
B8DFA0
BA7790
BC14B0
BDB8A0
BF6190
C10DC0
C2BF40
C47820
C63620
C7F760
C9BCB0
CB8780
CD5630
CF2770
D0FCD0
D2D7D0
D4B6D0
D69820
D87C90
DA64F0
DC5020
DE3D10
E02CD0
E22060
E416A0
E60E70
E80820
EA0440
EC0200
EE00D0
F000F0
F20300
F40660
F60A80
F80F60
FA1510
FC1B20
FE2150
002790
022DC0
0433E0
0639F0
083F80
0A4440
0C4830
0E4B70
104D60
124D40
144BB0
164940
184520
1A3E80
1C3600
1E2BE0
201F20
220E70
23FAF0
25E5A0
27CD90
29B170
2B9240
2D70C0
2F4B30
311FF0
32F090
34BEA0
3688D0
384D70
3A0DF0
3BCB40
3D8360
3F3410
40DF80
428790
442AC0
45C700
475E20
48F170
4A7E60
4C0250
4D7FE0
4EF980
506D40
51D8D0
533E60
549F70
55F930
5748A0
5890B0
59D420
5B10E0
5C4480
5D7150
5E9910
5FB8B0
60CCD0
61D8C0
62DF80
63DF00
64D470
65C260
66AAE0
678A90
685DD0
692830
69ED10
6AAA20
6B5C60
6C06B0
6CAB40
6D4680
6DD4A0
6E5960
6ED860
6F4F20
6FBAA0
701DE0
707B30
70CEF0
711510
715180
718810
71B620
71D8C0
71F2F0
720720
721190
720E50
720150
71EE50
71D2D0
71ABE0
717C70
714710
710810
70BB70
706530
7008F0
6FA470
6F34B0
6EBCB0
6E3EE0
6DB7A0
6D2330
6C8570
6BE1E0
6B3660
6A8010
69C1E0
68FE10
683160
675830
667610
658E90
649F80
63A640
62A5A0
619FE0
6091E0
5F7830
5E5650
5D2F70
5C01B0
5ACA90
598CC0
584A40
570060
55ABF0
545020
52EFD0
518960
501AB0
4EA610
4D2D60
4BAE30
4A25E0
489730
470490
456CA0
43CDC0
4229D0
408270
3ED5B0
3D2170
3B67D0
39AB00
37E9E0
362320
345850
328AE0
30B940
2EE1C0
2D0620
2B2810
2946C0
276150
2578F0
238EB0
21A180
1FB040
1DBC40
1BC690
19CED0
17D470
15D850
13DB20
11DC60
0FDB80
0DD910
0BD5E0
09D1C0
07CCB0
05C700
03C120
01BB10
FFB4D0
FDAE70
FBA820
F9A210
F79CB0
F597F0
F393D0
F190E0
EF8FB0
ED8FD0
EB90C0
E99330
E797F0
E59E80
E3A690
E1B120
DFBF60
DDD030
DBE2C0
D9F800
D81120
D62D30
D44B80
D26DB0
D09560
CEC0F0
CCEF10
CB2100
C95830
C79380
C5D1D0
C41530
C25FD0
C0AFA0
BF02B0
BD5A80
BBB920
BA1CC0
B88420
B6F1C0
B56820
B3E4D0
B26560
B0EBC0
AF7A10
AE0E70
ACA720
AB4700
A9F120
A8A270
A75860
A614D0
A4DA60
A3A6B0
A277E0
A15120
A035D0
9F22A0
9E1470
9D0D90
9C10A0
9B1B20
9A2AF0
994390
986880
979640
96C980
960490
954A40
9497E0
93EB30
9347C0
92B170
922470
919D30
911E20
90AA30
903E90
8FD8D0
8F7CA0
8F2E00
8EE910
8EAA00
8E7360
8E4830
8E2580
8E08C0
8DF5C0
8DF070
8DF4E0
8DFF50
8E1240
8E30B0
8E5790
8E8460
8EBAF0
8EFF10
8F4CD0
8FA090
8FFCA0
906410
90D3C0
914930
91C820
925450
92E9F0
938550
9428B0
94D700
958D30
964900
970DC0
97DF30
98B990
999960
9A80D0
9B7280
9C6BA0
9D6A00
9E70B0
9F8310
A09DC0
A1BD90
A2E460
A41490
A54B90
A68740
A7CA90
A91870
AA6DE0
ABC7D0
AD2810
AE90A0
AFFF40
B17200
B2EB60
B46E10
B5F740
B78470
B91700
BAB0B0
BC4F80
BDF1D0
BF99B0
C14950
C2FE60
C4B6C0
C67380
C83610
C9FCD0
CBC640
CD9420
CF6800
D14020
D31AD0
D4F8E0
D6DB40
D8C0B0
DAA810
DC9280
DE8140
E072F0
E26660
E45C10
E65480
E84ED0
EA4A60
EC47A0
EE4740
F04870
F24AA0
F44DD0
F65230
F85750
FA5CB0
FC6270
FE68A0
006F10
027590
047BF0
0681D0
088730
0A8C00
0C8FE0
0E9230
109360
1293D0
1492E0
168FD0
188B10
1A8500
1C7C90
1E70A0
206240
225240
243FC0
262990
281080
29F540
2BD650
2DB210
2F8A20
315FB0
3331A0
34FE70
36C740
388D20
3A4E00
3C07F0
3DBCD0
3F6E90
411B90
42C210
446390
460150
479910
492830
4AB130
4C3650
4DB5C0
4F2D60
509F20
520C90
5372F0
54CF30
562450
577500
58BF30
5A0070
5B3B00
5C70B0
5D9E60
5EC0E0
5FDB50
60F0C0
61FF00
630360
640060
64F810
65E710
66C9E0
67A3F0
687890
694560
6A07B0
6AC210
6B76D0
6C2250
6CC0D0
6D5610
6DE5A0
6E6D00
6EE930
6F5D30
6FCB60
702FF0
708700
70D470
711BF0
715B20
718EE0
71BA20
71DF70
71FB00
7208E0
720CF0
720B00
7200B0
71EAE0
71CC90
71A840
717A40
713EA0
70F950
70AE00
705A60
6FFB60
6F9410
6F26F0
6EB060
6E2C70
6D9F10
6D0BF0
6C70B0
6BCA80
6B1C50
6A6890
69ABB0
68E220
680F90
673780
6657D0
656DC0
647C20
638550
628610
617AF0
606770
5F4ED0
5E2F20
5D05E0
5BD5D0
5AA0E0
596460
581D10
56CE20
557AA0
5420C0
52BE60
5155E0
4FE920
4E75B0
4CF8D0
4B7530
49EDA0
486090
46CC30
453280
439550
41F260
4047A0
3E9730
3CE370
3B2B10
396CD0
37AA50
35E4F0
341B10
324AF0
307660
2E9F30
2CC490
2AE560
290310
271EA0
253700
234AE0
215BA0
1F6A90
1D7720
1B80C0
198850
178EA0
159310
1394E0
1194F0
0F93F0
0D91C0
0B8E40
0989E0
078520
057FD0
0379E0
017380
FF6D00
FD6670
FB6030
F95A40
F754D0
F55030
F34CE0
F14A90
EF48F0
ED4880
EB4A00
E94D00
E75140
E557D0
E36180
E16D80
DF7B20
DD8B10
DB9E90
D9B4B0
D7CCF0
D5E8C0
D409A0
D22E30
D05500
CE7F60
CCAEC0
CAE1F0
C91800
C752D0
C59470
C3DB00
C224B0
C072F0
BEC790
BD2110
BB7E20
B9E130
B84CA0
B6BE20
B53360
B3AE30
B230C0
B0B910
AF4590
ADD920
AC7680
AB1AF0
A9C3D0
A87310
A72B20
A5E9D0
A4AD40
A378A0
A24F20
A12D90
A010E0
9EFB60
9DEFA0
9CEB30
9BEBF0
9AF550
9A0AF0
992930
984CC0
977800
96ADD0
95EB70
952EB0
947B20
93D470
933700
929F50
920FB0
918B20
910ED0
909850
902B60
8FCBE0
8F75F0
8F25F0
8EDE50
8EA210
8E6E40
8E4070
8E1C50
8E05E0
8DF930
8DF280
8DF450
8E01A0
8E1760
8E3320
8E5890
8E8BB0
8EC880
8F0B40
8F5660
8FACF0
900BD0
907090
90DED0
915A70
91DF90
926A80
92FD90
939BA0
9441B0
94ED70
95A240
9663E0
972EA0
97FED0
98D6D0
99B930
9AA320
9B9260
9C8A30
9D8DF0
9E9A20
9FAB80
A0C410
A1E630
A30F50
A43D40
A57300
A6B3A0
A7FBF0
A948F0
AA9C60
ABF870
AD5AB0
AEC140
B02EC0
B1A5C0
B32390
B4A590
B62D10
B7BC00
B95050
BAE850
BC8610
BE2C00
BFD7A0
C186B0
C33A60
C4F440
C6B280
C873B0
CA3970
CC05C0
CDD690
CFAA10
D18130
D35D00
D53C20
D71D60
D90210
DAEB70
DCD820
DEC6B0
E0B7C0
E2ABF0
E4A250
E69A10
E893D0
EA9060
EC8EF0
EE8EA0
F08F90
F29210
F49590
F699A0
F89E50
FAA3E0
FCAA10
FEB080
00B710
02BD80
04C3D0
06C9B0
08CEF0
0AD310
0CD660
0ED920
10DAE0
12DAD0
14D960
16D6C0
18D200
1ACA60
1CC080
1EB540
20A7B0
2296D0
248370
266E00
285530
2A3790
2C1660
2DF300
2FCC30
31A090
337140
353F20
370860
38CB00
3A88D0
3C43B0
3DFA20
3FAA50
4155C0
42FDB0
449FC0
463990
47CD80
495DC0
4AE880
4C6BC0
4DE950
4F62C0
50D540
523E10
539FE0
54FD60
5654A0
57A320
58EB20
5A2E60
5B69E0
5C9A60
5DC310
5EE6D0
600380
611690
622270
632910
642720
651920
6602A0
66E6C0
67C350
689560
695FA0
6A2450
6ADFF0
6B8EB0
6C3440
6CD420
6D6BF0
6DF8C0
6E7D70
6EFC40
6F7180
6FD970
7037D0
709040
70E060
712520
716170
7197E0
71C480
71E370
71F8B0
7207F0
720EC0
720A00
71FCD0
71E9A0
71CCC0
71A230
716DD0
713390
70F0E0
70A2D0
704C60
6FF000
6F8A20
6F16E0
6E9A20
6E1770
6D8CA0
6CF6C0
6C58D0
6BB530
6B0870
6A4EC0
698BF0
68C390
67F370
6718D0
663690
654EF0
645EB0
636260
625D80
615370
604230
5F2730
5E0530
5CDE40
5BAF60
5A7580
5933E0
57ED80
56A0A0
554AF0
53EEE0
528E90
512750
4FB640
4E3E40
4CC210
4B4030
49B6C0
4827E0
469540
44FCB0
435BD0
41B510
400AD0
3E5BD0
3CA680
3AECB0
392FE0
376E50
35A610
33D910
320950
3035D0
2E5D70
2C81B0
2AA3A0
28C210
26DBA0
24F1B0
2305C0
211730
1F2550
1D3120
1B3B80
1943B0
1748D0
154BD0
134DA0
114E00
0F4CA0
0D4A20
0B4700
094300
073DF0
053830
033200
012B80
FF24F0
FD1E70
FB1840
F912A0
F70DC0
F50980
F305D0
F10310
EF01C0
ED01C0
EB02D0
E905E0
E70BA0
E51370
E31C80
E127C0
DF3620
DD46F0
DB59B0
D96FB0
D78A40
D5A830
D3C840
D1EBA0
D013A0
CE3F40
CC6D80
CAA040
C8D980
C71750
C55800
C39D10
C1E840
C03810
BE8B50
BCE430
BB4520
B9ABE0
B81640
B68600
B4FD10
B379C0
B1FA90
B08220
AF1340
ADAB30
AC4760
AAE9C0
A994C0
A84630
A6FC40
A5BA00
A482A0
A35300
A22830
A10450
9FEA00
9ED6E0
9DC8F0
9CC360
9BC9D0
9AD8C0
99ECF0
9908B0
982ED0
975CC0
969020
95CC90
9515D0
946820
93C010
932010
928B00
91FE10
9176F0
90F950
908910
902250
8FC170
8F68D0
8F1BA0
8ED6D0
8E97F0
8E62C0
8E3B30
8E1D60
8E0590
8DF630
8DF260
8DF700
8E01A0
8E15F0
8E37F0
8E63C0
8E9580
8ECFB0
8F1550
8F6340
8FB730
9014A0
907F80
90F400
916E50
91F0E0
927E90
931450
93AFC0
945470
950610
95C0E0
968150
9749A0
981C70
98F700
99D6F0
9ABF80
9BB450
9CB1B0
9DB460
9EBE50
9FD210
A0ED00
A20CE0
A334B0
A467B0
A5A290
A6E240
A82890
A977C0
AACD50
AC2760
AD8870
AEF370
B06570
B1DBB0
B357C0
B4DBA0
B66500
B7F230
B98570
BB2120
BCC2D0
BE6820
C01250
C1C300
C37840
C53090
C6EDD0
C8B1F0
CA7AF0
CC46E0
CE1690
CFEB50
D1C3A0
D39E40
D57CA0
D76010
D94710
DB3030
DD1C20
DF0B90
E0FD70
E2F0D0
E4E690
E6DF90
E8DAE0
EAD770
ECD5A0
EED5C0
F0D720
F2D940
F4DC50
F6E0B0
F8E600
FAEBD0
FCF200
FEF870
00FF10
030570
050B70
0710E0
0915D0
0B1A60
0D1E10
0F2080
1121D0
132210
152090
171CA0
1916C0
1B0FA0
1D0680
1EFA80
20EC30
22DC10
24C8D0
26B130
289650
2A7960
2C5950
2E34C0
300CD0
31E240
33B350
357E20
374490
390820
3AC770
3C80D0
3E35C0
3FE740
419340
433750
44D5C0
4670B0
480660
4994C0
4B1DB0
4CA2A0
4E20F0
4F95E0
510410
526E00
53D1E0
552D50
568270
57D2F0
591BD0
5A5A00
5B9090
5CC250
5DED30
5F0EA0
6028F0
613E40
624B20
634C30
6444E0
653840
662420
6705B0
67DFB0
68B420
697F90
6A3E60
6AF410
6BA430
6C4C60
6CE990
6D7EB0
6E0E10
6E9400
6F0CA0
6F7BC0
6FE510
704620
709BC0
70E920
713070
716E20
719E30
71C490
71E4F0
71FCE0
720950
720D40
720B30
71FF60
71E5F0
71C2B0
719970
7167C0
712AB0
70E540
7099D0
7044C0
6FE240
6F7620
6F0420
6E89F0
6E0490
6D7700
6CE3C0
6C4730
6B9DA0
6AEAD0
6A3260
697200
68A700
67D450
66FC30
661B40
652E10
643830
633CF0
623A60
612DE0
601A40
5F0180
5DE0C0
5CB4B0
5B80B0
5A47C0
590820
57BF90
567080
551CF0
53C220
525D50
50F160
4F8110
4E0AE0
4C8CD0
4B0910
498160
47F390
465D20
44C090
432050
417B10
3FCF40
3E1EB0
3C6AE0
3AB200
38F220
372D50
356570
3399A0
31C8A0
2FF3E0
2E1CC0
2C41C0
2A6180
287D70
269730
24AE20
22C140
20D1D0
1EE0D0
1CED40
1AF640
18FCD0
170200
150560
1306B0
1106A0
0F05C0
0D03A0
0B0000
08FB50
06F610
04F050
02EA00
00E390
FEDD10
FCD6E0
FAD100
F8CB80
F6C650
F4C1C0
F2BE50
F0BBD0
EEBA50
ECBA60
EABCC0
E8C0D0
E6C600
E4CD20
E2D6F0
E0E2F0
DEF0A0
DD0150
DB1630
D92E10
D747F0
D564D0
D38600
D1AA70
CFD170
CDFCA0
CC2DE0
CA6370
C89BC0
C6D830
C51A60
C360F0
C1AAC0
BFFA00
BE50F0
BCAD60
BB0D50
B97250
B7DE80
B65000
B4C570
B34170
B1C6A0
B05270
AEE250
AD7840
AC1690
AABB00
A96410
A814A0
A6CFB0
A59260
A459B0
A327E0
A1FF50
A0DDD0
9FC160
9EAD30
9DA4C0
9CA4A0
9BA9B0
9AB630
99CCE0
98EB30
980EF0
973BA0
967500
95B740
94FF10
944ED0
93A970
930C30
927490
91E660
916570
90EE00
907C50
9012E0
8FB4C0
8F5EF0
8F0F20
8EC8F0
8E9050
8E6170
8E3880
8E1810
8E0310
8DF690
8DF000
8DF340
8E0430
8E1EE0
8E3F80
8E68A0
8E9D30
8EDA40
8F1D20
8F69B0
8FC3D0
902780
909120
910300
918010
920560
929070
9324C0
93C630
9470F0
952160
95D9B0
969CC0
9767A0
983800
991120
99F6B0
9AE500
9BD8B0
9CD3D0
9DD8F0
9EE550
9FF6C0
A11060
A23560
A36280
A49480
A5CD50
A70F40
A857B0
A9A4C0
AAF920
AC57C0
ADBD90
AF27C0
B09800
B21030
B38E30
B51020
B69860
B82980
B9C0D0
BB5BF0
BCFC20
BEA310
C04EE0
C1FDF0
C3B230
C56DB0
C72E60
C8F210
CAB9E0
CC8700
CE57F0
D02B80
D202F0
D3E000
D5C0E0
D7A410
D98A40
DB7460
DD6120
DF4FB0
E140F0
E335C0
E52D40
E72640
E92110
EB1E30
ED1CE0
EF1C70
F11D60
F32010
F523F0
F72880
F92DC0
FB33C0
FD3A00
FF4050
014690
034CB0
0552B0
075870
095DB0
0B6200
0D6570
0F6810
116940
136860
1565F0
176270
195D40
1B5580
1D4BC0
1F4060
213220
231FF0
250AD0
26F3F0
28DA20
2ABC30
2C9B10
2E7780
304FD0
322260
33F0B0
35BC70
378430
394660
3B0440
3CBF00
3E7460
402250
41CAD0
436FF0
451010
46A940
483D30
49CD30
4B56E0
4CD770
4E5190
4FC7A0
5137C0
529FB0
540180
555EE0
56B4D0
580050
594470
5A83E0
5BBCA0
5CEC20
5E14B0
5F3850
6053B0
616370
626AF0
636D60
646870
655950
6642C0
6726B0
6801C0
68D050
699600
6A5630
6B0E70
6BBBE0
6C6160
6D0120
6D9780
6E20C0
6EA090
6F1A90
6F8C60
6FF2F0
705130
70A970
70F820
713930
717090
71A210
71CB20
71E8B0
71FDC0
720CE0
721230
7209D0
71F7B0
71DF90
71BF00
7192F0
715E70
712410
70E000
708E50
703310
6FD1D0
6F6850
6EF390
6E76A0
6DF3E0
6D67B0
6CCE70
6C2BD0
6B8370
6AD320
6A1810
695510
688CA0
67BB40
66DD70
65F6C0
650AA0
641710
631960
621460
610A40
5FF7E0
5ED9F0
5DB3E0
5C88D0
5B56E0
5A1BC0
58D9E0
579370
564590
54ED50
538DC0
5229C0
50BFA0
4F4D60
4DD530
4C5900
4AD670
494AD0
47B8E0
462310
448810
42E620
413F30
3F94F0
3DE560
3C2E50
3A7200
38B2A0
36EEF0
3525D0
3358B0
3188F0
2FB520
2DDB80
2BFDD0
2A1DD0
283AB0
265370
246960
227D80
208EC0
1E9C20
1CA6C0
1AAFD0
18B6F0
16BB70
14BE50
12C030
10C090
0EBF00
0CBC00
0AB840
08B3B0
06AE40
04A850
02A240
009C10
FE95C0
FC8F80
FA8950
F88390
F67E80
F47A30
F276A0
F07450
EE73E0
EC74C0
EA76A0
E87A10
E67FE0
E487A0
E290E0
E09CC0
DEAC60
DCBED0
DAD2F0
D8E9E0
D704C0
D522A0
D342E0
D16710
CF90E0
CDBEB0
CBEF10
CA2340
C85CE0
C69AB0
C4DBA0
C321B0
C16F10
BFC1A0
BE1790
BC7260
BAD400
B93AC0
B7A550
B61630
B48FE0
B30FF0
B19400
B01DE0
AEAFD0
AD47C0
ABE430
AA87D0
A935C0
A7EB10
A6A4E0
A56550
A42EF0
A2FF60
A1D4C0
A0B230
9F9B30
9E8C50
9D8280
9C8000
9B8790
9A9690
99AAF0
98C810
97F1B0
972420
965C00
959BC0
94E640
9438B0
9390D0
92F230
9260C0
91D8A0
915650
90DC30
906D40
9006A0
8FA5E0
8F4EC0
8F0530
8EC550
8E8B50
8E59C0
8E33A0
8E1600
8DFE60
8DF070
8DF030
8DF9C0
8E0950
8E2150
8E44D0
8E70D0
8EA2B0
8EDE40
8F2770
8F7A40
8FD310
903430
90A090
911530
918FA0
921380
92A490
933F00
93DF40
948780
953A90
95F590
96B620
977FA0
9855B0
9934B0
9A1910
9B0510
9BFB30
9CF8D0
9DFB90
9F0690
A01D50
A13C50
A26060
A38B50
A4BFA0
A5FAB0
A73A60
A881A0
A9D370
AB2CB0
AC8A70
ADEE60
AF5A90
B0CCC0
B24320
B3C000
B54600
B6D280
B862E0
B9F8A0
BB9570
BD3760
BEDCB0
C08770
C239E0
C3F1A0
C5ACB0
C76C00
C93120
CAFA40
CCC620
CE9630
D06C40
D24680
D42330
D60330
D7E770
D9CEA0
DBB7C0
DDA3D0
DF9410
E18720
E37BF0
E572E0
E76C80
E967F0
EB6470
ED6290
EF6300
F164F0
F367C0
F56B80
F77050
F975C0
FB7B70
FD8160
FF87A0
018E10
039480
059AB0
07A050
09A550
0BA9C0
0DAD10
0FAEC0
11AF30
13AED0
15ACF0
17A8F0
19A320
1B9BE0
1D9230
1F84F0
217510
236390
254F70
273790
291CC0
2AFFB0
2CDED0
2EB890
308E70
3261D0
343180
35FBE0
37C250
3985B0
3B4410
3CFB50
3EAD60
405C50
420670
43A9F0
454860
46E310
4877A0
4A0380
4B8920
4D0AE0
4E86F0
4FFB00
516920
52D2F0
543590
558E10
56DF60
582C20
597260
5AAFA0
5BE610
5D17B0
5E4140
5F5F70
607590
6186B0
6290A0
639090
648920
657C60
6666E0
674500
681A70
68EA70
69B2A0
6A7020
6B25C0
6BD5C0
6C7C70
6D1610
6DA670
6E3110
6EB380
6F2AC0
6F99D0
7002F0
706280
70B490
70FD00
713F70
717980
71A820
71CE60
71EEA0
720510
720DD0
720CD0
7205D0
71F660
71DB70
71B800
718EA0
715B90
711AE0
70D090
708030
702790
6FC390
6F5740
6EE530
6E69A0
6DE0D0
6D4E80
6CB680
6C1660
6B6B50
6AB860
69FFD0
693E40
687000
6798D0
66BC20
65D7D0
64E930
63F320
62F7D0
61F420
60E4B0
5FCCE0
5EAFF0
5D8C00
5C5EA0
5B2A70
59F180
58B0F0
5765B0
5612E0
54BB90
535DE0
51F7D0
508BA0
4F1B50
4DA460
4C2400
4A9D20
491230
4781D0
45EA40
444D80
42AD40
410760
3F59B0
3DA680
3BEFF0
3A3500
387420
36AF10
34E740
331B10
3148B0
2F7200
2D98B0
2BBC00
29DAE0
27F6B0
261080
242730
223970
2048C0
1E5640
1C6180
1A69D0
187030
167570
1478F0
1279E0
107910
0E7760
0C74A0
0A7090
086BC0
0666A0
046110
025AF0
005480
FE4DF0
FC4780
FA4170
F83BE0
F636C0
F43290
F22FD0
F02E20
EE2D30
EC2D90
EA2FF0
E833F0
E63950
E440F0
E24BF0
E05960
DE6860
DC79E0
DA8EF0
D8A6D0
D6C0D0
D4DE80
D30150
D127E0
CF50D0
CD7D60
CBAF10
C9E4A0
C81D10
C65A60
C49EB0
C2E7F0
C13450
BF8550
BDDCE0
BC3960
BA9970
B8FF90
B76E40
B5E300
B45BA0
B2D9E0
B15FD0
AFEBA0
AE7BB0
AD12E0
ABB400
AA5C50
A90900
A7BC20
A67830
A53AE0
A40270
A2D1E0
A1AC90
A08F30
9F76D0
9E65A0
9D5E40
9C5E30
9B6370
9A7160
998B80
98AE50
97D680
970670
9640F0
958350
94CB60
941C90
937AC0
92E230
924F50
91C490
914500
90CDA0
905C10
8FF420
8F99A0
8F48C0
8EFDD0
8EBB30
8E8400
8E5550
8E2C90
8E0D80
8DFC20
8DF490
8DF300
8DF9E0
8E0C50
8E2720
8E47F0
8E7270
8EAAA0
8EEC90
8F3460
8F8490
8FE030
904410
90ADD0
912100
91A190
922B90
92BB60
935350
93F640
94A130
9551B0
960B50
96D1A0
97A100
9875F0
995280
9A3980
9B2800
9C1BC0
9D17F0
9E2020
9F30B0
A04660
A16320
A28980
A3B6D0
A4E8E0
A622B0
A76740
A8B380
AA0470
AB5BB0
ACBB90
AE2190
AF8BD0
B0FCD0
B27750
B3F890
B57DF0
B708D0
B89AF0
BA3270
BBCD90
BD6E70
BF1740
C0C5C0
C277A0
C42E10
C5EA90
C7AB60
C96F10
CB3750
CD05E0
CED8E0
D0AEA0
D287E0
D465B0
D646C0
D829E0
DA1050
DBFB60
DDE990
DFD9B0
E1CC20
E3C1B0
E5B940
E7B230
E9AD00
EBAA90
EDAA00
EFAA70
F1AC20
F3AF40
F5B350
F7B7D0
F9BCE0
FBC2B0
FDC900
FFCF80
01D610
03DC70
05E280
07E820
09ED00
0BF0B0
0DF370
0FF590
11F680
13F5A0
15F350
17EFB0
19E9F0
1BE110
1DD5F0
1FC950
21BA50
23A7F0
2592E0
277BD0
296140
2B41B0
2D1E90
2EF920
30D040
32A260
3470C0
363C50
380330
39C340
3B7E80
3D36B0
3EEA50
4097A0
424030
43E520
458440
471AF0
48ABA0
4A3890
4BC010
4D3FE0
4EBA00
502FE0
519ED0
5303E0
546200
55BBC0
570F20
5859C0
599DD0
5ADD10
5C1470
5D40D0
5E6540
5F84D0
609D50
61AC00
62B370
63B5B0
64AF50
659CD0
6681C0
676140
683930
690690
69CC20
6A8C10
6B42E0
6BECE0
6C8DA0
6D28B0
6DBBA0
6E4380
6EC340
6F3D20
6FAD70
701060
7069B0
70BD20
710830
7147E0
717F20
71B070
71D800
71F1F0
720210
720C30
720DE0
720410
71F1D0
71D980
71B780
7187E0
714E80
710F30
70C760
707440
7018D0
6FB780
6F4CA0
6ED470
6E52B0
6DCB10
6D3B50
6CA090
6BFDD0
6B5560
6AA3D0
69E560
691DE0
6850D0
677C00
669CC0
65B5F0
64C9C0
63D500
62D450
61CB10
60BCA0
5FA700
5E87C0
5D6180
5C3660
5B0370
59C590
587FF0
573590
55E4C0
548B40
532B90
51C780
505C80
4EE7E0
4D6C60
4BECD0
4A67A0
48DAE0
4748B0
45B2E0
441720
427350
40C9A0
3F1C80
3D6AB0
3BB2B0
39F640
3836D0
3672B0
34A810
32D8D0
3106C0
2F3110
2D56A0
2B78D0
2998E0
27B570
25CD40
23E1B0
21F430
200420
1E10E0
1C1B60
1A2470
182B70
162F80
143190
123280
103210
0E3000
0C2CE0
0A2940
0824D0
061F70
041960
021300
000C80
FE0600
FBFFA0
F9F990
F7F420
F5EFB0
F3EC00
F1E8D0
EFE6A0
EDE620
EBE700
E9E8F0
E7ECF0
E5F3D0
E3FCD0
E20730
E013D0
DE23A0
DC3600
DA4A50
D861F0
D67E60
D49E40
D2C040
D0E5B0
CF0FD0
CD3D90
CB6E10
C9A340
C7DEE0
C61F40
C462A0
C2AA60
C0F850
BF4AF0
BDA100
BBFCE0
BA60E0
B8CAD0
B73860
B5AB50
B425D0
B2A5F0
B12A30
AFB540
AE49F0
ACE580
AB8570
AA2BA0
A8DA80
A78FD0
A649E0
A50BA0
A3D850
A2ACD0
A18630
A06690
9F5090
9E41C0
9D3820
9C3710
9B41F0
9A5560
996E20
988E80
97B940
96EBD0
9623E0
956510
94B310
940A30
936700
92CBE0
923BB0
91B3B0
913180
90B8E0
904D90
8FEBC0
8F8FE0
8F3C60
8EF430
8EB460
8E7A80
8E4A70
8E2800
8E0F50
8DFC90
8DF250
8DF390
8DFD50
8E0D00
8E2670
8E4D90
8E7E70
8EB540
8EF480
8F3F20
8F9220
8FEB10
904D80
90BD60
9136D0
91B620
923D90
92D020
936AC0
940B20
94B4A0
956B00
962A90
96EFC0
97BCB0
989430
997360
9A57D0
9B44F0
9C3E30
9D4010
9E4720
9F5570
A06D90
A18CC0
A2B0D0
A3DCD0
A513E0
A652C0
A79680
A8E0C0
AA33C0
AB8D30
ACEB00
AE4FD0
AFBE60
B133F0
B2ADC0
B42D50
B5B480
B74120
B8D190
BA6800
BC06D0
BDAB80
BF53D0
C100E0
C2B440
C46C30
C62740
C7E720
C9ADB0
CB7910
CD4740
CF1940
D0F020
D2CA80
D4A730
D68780
D86CD0
DA5590
DC4060
DE2DD0
E01EC0
E21200
E406C0
E5FDC0
E7F7E0
E9F430
EBF1C0
EDF0D0
EFF1B0
F1F3D0
F3F680
F5FA20
F7FEF0
FA0490
FC0A90
FE10F0
001780
021E10
042460
062A30
082F50
0A33D0
0C37E0
0E3B10
103CD0
123D50
143CD0
163A80
183570
1A2E70
1C2620
1E1BD0
200E70
21FEA0
23ECF0
25D820
27BEB0
29A200
2B8340
2D6140
2F3AB0
311090
32E3D0
34B290
367B00
383EE0
39FFF0
3BBCB0
3D7360
3F2580
40D440
427D50
441E60
45B9C0
475180
48E400
4A6F30
4BF4D0
4D7660
4EF130
506280
51CD10
533360
549390
55EB30
573C70
588900
59CDF0
5B0810
5C3A80
5D6830
5E8EF0
5FAC10
60C220
61D310
62DBA0
63D840
64CC60
65BB40
66A2A0
677F90
6854F0
6924B0
69EB70
6AA580
6B5670
6C01D0
6CA520
6D3D70
6DCDB0
6E5820
6ED920
6F4CC0
6FB6F0
701B40
707750
70C7F0
711030
715280
718B20
71B620
71D760
71F2B0
720580
720CD0
720BB0
720490
71F3B0
71D520
71ACC0
717E70
7147B0
710590
70BB10
706AA0
701090
6FA910
6F37F0
6EC100
6E41D0
6DB780
6D2510
6C8CF0
6BEB80
6B3D20
6A85A0
69C860
690350
6833B0
675C40
667F70
6599F0
64A840
63ADF0
62AE40
61A740
609670
5F7E70
5E6170
5D3C80
5C0C50
5AD430
599740
5853B0
570720
55B420
545CC0
52FE40
5195C0
502620
4EB240
4D3880
4BB700
4A2FF0
48A500
4713F0
457A50
43DAB0
423770
408F40
3EE080
3D2D20
3B76A0
39BB30
37F8C0
363160
346720
329900
30C5C0
2EEEE0
2D15A0
2B38A0
295670
277090
2588A0
239DD0
21AF70
1FBE90
1DCC20
1BD740
19DF10
17E480
15E890
13EB00
11EB70
0FEA90
0DE8F0
0BE640
09E220
07DD10
05D780
03D170
01CB10
FFC480
FDBE10
FBB7F0
F9B250
F7AD20
F5A840
F3A430
F1A160
EF9FA0
ED9EC0
EB9FA0
E9A300
E7A820
E5AE70
E3B6B0
E1C1D0
DFCF20
DDDE50
DBF080
DA0710
D820B0
D63C50
D45B10
D27E40
D0A4C0
CECDE0
CCFB50
CB2EE0
C966D0
C7A190
C5E080
C42550
C26E80
C0BB10
BF0D20
BD6700
BBC680
BA2980
B891B0
B70110
B575D0
B3EEA0
B26DF0
B0F6B0
AF8610
AE1990
ACB330
AB5530
A9FD80
A8AA60
A75ED0
A61DE0
A4E490
A3B000
A28240
A15DF0
A040B0
9F2880
9E18B0
9D1490
9C18E0
9B2270
9A3370
994EC0
9871A0
979A00
96CB60
960970
955070
949D10
93F1A0
935110
92B8A0
9225F0
919CB0
9120B0
90AE20
904170
8FDD00
8F83F0
8F3320
8EE850
8EA730
8E73B0
8E49E0
8E2600
8E0AA0
8DFAC0
8DF350
8DF1F0
8DFA40
8E1040
8E3000
8E55C0
8E8400
8EBDA0
8EFFA0
8F47A0
8F9940
8FF860
906110
90CFB0
914690
91C890
9252C0
92E2B0
937BE0
942230
94D1C0
9586F0
964410
970BD0
97DB60
98B060
998E20
9A7840
9B6B20
9C6350
9D62D0
9E6C50
9F7D10
A092D0
A1B0B0
A2D9F0
A40B30
A54140
A67E20
A7C400
A91070
AA6170
ABB9A0
AD1BF0
AE8570
AFF340
B16700
B2E2C0
B46430
B5E980
B77510
B90950
BAA3D0
BC4200
BDE530
BF8F10
C13DC0
C2EFA0
C4A6A0
C664C0
C827E0
C9EE20
CBB850
CD87D0
CF5B00
D130B0
D30A40
D4E940
D6CC10
D8B110
DA9900
DC84B0
DE7310
E06310
E255B0
E44BE0
E64490
E83EB0
EA3A90
EC38A0
EE3820
F03890
F23A30
F43D70
F641E0
F846E0
FA4C70
FC5290
FE5900
005F70
0265B0
046BA0
067150
0876D0
0A7BB0
0C7F70
0E8250
108450
1284D0
148300
167F90
187B20
1A74E0
1C6BE0
1E60D0
205400
224460
2430A0
2619E0
280130
29E590
2BC5C0
2DA2A0
2F7D10
315340
332390
34EFA0
36B900
387E50
3A3DE0
3BF930
3DB130
3F63D0
410ED0
42B460
445690
45F3A0
4789A0
491A50
4AA720
4C2D70
4DAAA0
4F2140
5093C0
520050
536490
54C2A0
561C30
576E50
58B5E0
59F5F0
5B3160
5C6610
5D9160
5EB5C0
5FD520
60EC40
61F7B0
62FAD0
63F8D0
64EF50
65DBB0
66C080
679FE0
687660
694040
6A0140
6ABCA0
6B7020
6C18C0
6CB970
6D5450
6DE5D0
6E6A20
6EE500
6F5A10
6FC6E0
702860
7081A0
70D4E0
711E80
715A90
718CE0
71B950
71DD40
71F5B0
7205B0
720FB0
720FF0
720280
71EB40
71CE10
71A860
717740
713DB0
70FE40
70B520
705E70
6FFE20
6F97E0
6F2960
6EAFB0
6E2DD0
6DA620
6D1520
6C76F0
6BCF80
6B2250
6A6D40
69AD60
68E5B0
681890
674290
666020
6574E0
648440
638C30
628A10
6180B0
607230
5F5B80
5E3950
5D0F10
5BDFE0
5AA9E0
596AA0
5824D0
56DA70
5588C0
542CB0
52C970
5161B0
4FF3F0
4E7E20
4D0280
4B82D0
49FCD0
486DF0
46D8C0
453FD0
43A1B0
41FCC0
405300
3EA5D0
3CF370
3B39C0
397AE0
37B8E0
35F2C0
342730
3257C0
3085C0
2EAFB0
2CD410
2AF480
291290
272D90
2544A0
2358E0
216B70
1F7B40
1D8740
1B90A0
199870
179E50
15A1E0
13A3E0
11A4E0
0FA470
0DA230
0B9E90
099A50
079550
058FA0
038970
018330
FF7CF0
FD76C0
FB70A0
F96AB0
F76530
F560A0
F35CD0
F159C0
EF5810
ED5870
EB5A40
E95D00
E76170
E56870
E37160
E17BE0
DF8920
DD9A50
DBAE40
D9C410
D7DCB0
D5F960
D41930
D23B60
D06190
CE8D90
CCBDA0
CAF050
C926F0
C76310
C5A370
C3E6F0
C22FA0
C07FD0
BED550
BD2E20
BB8BF0
B9F0B0
B85A90
B6C850
B53C70
B3B990
B23D10
B0C490
AF51F0
ADE790
AC8340
AB2350
A9CAC0
A87C90
A735C0
A5F3A0
A4B820
A385D0
A25A50
A133E0
A015A0
9F02E0
9DF860
9CF300
9BF4E0
9B00F0
9A1470
992D60
984F30
977D60
96B480
95F120
9535B0
9484F0
93DC20
933910
929F60
9212D0
918FA0
911240
909D10
903320
8FD170
8F75C0
8F23A0
8EDF20
8EA450
8E6F60
8E42E0
8E21E0
8E0950
8DF6C0
8DEDF0
8DF2D0
8E0170
8E1610
8E3330
8E5BC0
8E8CD0
8EC3C0
8F0460
8F52A0
8FAA80
900850
906E70
90DFD0
915960
91D8C0
926190
92F780
9396D0
943BF0
94E900
95A0D0
966090
9725D0
97F400
98CEB0
99B240
9A9B40
9B8BC0
9C8660
9D8870
9E8F90
9F9F00
A0BA00
A1DD40
A30570
A43490
A56CF0
A6AC00
A7EFC0
A93AF0
AA9090
ABEDA0
AD4F20
AEB6C0
B02690
B19C50
B31620
B49660
B61FC0
B7AF80
B94330
BADC20
BC7BF0
BE20D0
BFC910
C176C0
C32BE0
C4E660
C6A410
C86600
CA2D80
CBF910
CDC740
CF99A0
D171C0
D34E00
D52CB0
D70EA0
D8F4A0
DADD90
DCC850
DEB600
E0A7B0
E29C20
E49230
E68A60
E88520
EA8190
EC7F10
EE7E10
F07F30
F281C0
F48530
F68970
F88EA0
FA9460
FC9A50
FEA070
00A6B0
02AD10
04B350
06B950
08BE90
0AC330
0CC720
0EC9E0
10CAE0
12CA80
14C940
16C680
18C160
1ABA70
1CB210
1EA710
209860
228710
247400
265E40
284490
2A27F0
2C0900
2DE630
2FBDD0
319190
3362B0
353010
36F810
38BC00
3A7CE0
3C3890
3DED20
3F9C70
414880
42EFB0
449020
462B80
47C320
495480
4ADD00
4C5F40
4DDD90
4F5610
50C6A0
523120
539740
54F630
564AE0
579850
58E120
5A2370
5B5C90
5C8EF0
5DBC70
5EE1D0
5FFBC0
610D90
621A50
631FD0
641B60
650F70
65FE30
66E420
67BDB0
688E70
6959B0
6A1D30
6AD5F0
6B86C0
6C31F0
6CD3D0
6D6890
6DF400
6E79B0
6EF730
6F6990
6FD3A0
7037C0
709250
70DF50
7122A0
716010
719510
71BEA0
71DFC0
71FAE0
720C40
720FF0
7209E0
71FDD0
71E940
71C930
71A0B0
717240
713A20
70F470
70A500
704FA0
6FF1F0
6F88F0
6F17B0
6EA0A0
6E2020
6D9260
6CFB30
6C5E50
6BB960
6B0990
6A51D0
699480
68CE30
67FB40
671F70
663E20
655540
646230
6367A0
6267E0
615FD0
604C00
5F2FF0
5E0ED0
5CE6A0
5BB520
5A7CD0
593FD0
57FB40
56AC20
555590
53FA50
5298F0
512F30
4FBF70
4E4B90
4CD110
4B4D50
49C310
4834E0
46A150
450690
4366C0
41C380
401AB0
3E6A30
3CB440
3AFB00
393D60
377A00
35B290
33E850
3219D0
304530
2E6C60
2C9100
2AB260
28CF60
26E970
250170
231670
212740
1F3510
1D4130
1B4B10
195240
175790
155BC0
135E30
115E50
0F5CE0
0D5A80
0B5720
0952A0
074D70
0547E0
034210
013BE0
FF3570
FD2EF0
FB28A0
F922E0
F71D90
F518D0
F31530
F11310
EF1210
ED11F0
EB1320
E91680
E71B90
E52200
E32AE0
E13730
DF4600
DD5680
DB6990
D98050
D799E0
D5B5B0
D3D530
D1FA10
D022C0
CE4DD0
CC7CA0
CAB0A0
C8E890
C72380
C56360
C3AA50
C1F650
C04580
BE9960
BCF3E0
BB5360
B9B680
B81FD0
B691B0
B509C0
B385C0
B20760
B090E0
AF2040
ADB400
AC4EE0
AAF3C0
A99FD0
A85060
A70770
A5C770
A48E30
A359D0
A22D70
A10C50
9FF340
9EDF30
9DD250
9CCF60
9BD3C0
9ADD80
99EFF0
990EA0
983600
9762E0
969780
95D6C0
951DE0
946AA0
93C0B0
9323B0
929000
920200
917C30
910190
908F30
9022A0
8FBFB0
8F6A30
8F1E50
8ED860
8E9AE0
8E68C0
8E3F20
8E1B70
8E0180
8DF550
8DF2D0
8DF650
8E0240
8E19C0
8E39B0
8E5FA0
8E8F40
8ECC80
8F1360
8F6050
8FB580
901620
907F00
90EDB0
9165E0
91EB60
927A50
930F00
93ABD0
945390
950350
95B890
9676F0
9741F0
981600
98EF90
99D0C0
9ABC40
9BAF40
9CA780
9DA830
9EB4B0
9FC9A0
A0E390
A204A0
A32F30
A46090
A596D0
A6D4A0
A81D30
A96D50
AAC210
AC1D30
AD80C0
AEEA60
B05840
B1CCE0
B34AE0
B4CF80
B65820
B7E640
B97BB0
BB1660
BCB480
BE5850
C00410
C1B560
C36A10
C52340
C6E250
C8A5A0
CA6BD0
CC3670
CE0750
CFDC90
D1B470
D38FB0
D56F80
D75260
D93760
DB1F90
DD0C30
DEFBF0
E0ED70
E2E150
E4D820
E6D0F0
E8CB00
EAC6E0
ECC550
EEC580
F0C6C0
F2C920
F4CCD0
F6D150
F8D640
FADBA0
FCE1A0
FEE810
00EE90
02F510
04FB30
070110
090670
0B0AE0
0D0E00
0F1020
111190
1311C0
151000
170CB0
190810
1B0130
1CF710
1EEA90
20DC90
22CC20
24B830
26A180
2888A0
2A6C30
2C4AC0
2E2590
2FFE10
31D300
33A2E0
356F00
373830
38FC90
3ABA10
3C72A0
3E2820
3FD900
418370
432900
44CB00
4666F0
47FA80
4987F0
4B11A0
4C95C0
4E1210
4F88A0
50FB00
526650
53C7C0
552220
567800
57C780
590E20
5A4E30
5B8970
5CBCD0
5DE500
5F0530
602080
6134A0
623F00
634210
643FD0
653500
661E00
66FE50
67D940
68AC80
697530
6A3610
6AF150
6BA350
6C4870
6CE440
6D7A80
6E0890
6E8B80
6F0640
6F7B30
6FE690
704470
7098C0
70E720
712D30
7167D0
719A00
71C640
71E8C0
71FD80
720890
720DA0
720A40
71FB50
71E3F0
71C690
719F80
716AC0
712C50
70E7F0
709B30
704300
6FE290
6F7C30
6F0C60
6E8F30
6E0880
6D7C00
6CE760
6C47D0
6BA030
6AF2F0
6A3C90
697970
68AD30
67DB70
670200
661E30
6532D0
644220
6348F0
6243C0
613620
602360
5F0980
5DE610
5CBB90
5B8C50
5A5540
591360
57C9C0
567B80
5526D0
53C990
526620
50FE60
4F8FD0
4E17A0
4C98C0
4B15C0
498D20
47FD20
4667C0
44CEC0
433000
418920
3FDCA0
3E2CA0
3C7810
3ABD60
38FE50
373C50
3575C0
33A8C0
31D730
300300
2E2B30
2C4EC0
2A6F00
288D10
26A7D0
24BE00
22D0D0
20E1C0
1EF040
1CFB90
1B04D0
190CB0
171290
1515B0
1316E0
1116F0
0F15B0
0D1300
0B0F60
090B30
070650
0500B0
02FA80
00F400
FEED70
FCE700
FAE0C0
F8DAF0
F6D5E0
F4D1E0
F2CEB0
F0CC20
EECAB0
ECCAF0
EACCB0
E8CFA0
E6D4A0
E4DCB0
E2E700
E0F2B0
DF00B0
DD1200
DB25E0
D93BE0
D75540
D57380
D39550
D1B960
CFE0D0
CE0D20
CC3D30
CA7000
C8A780
C6E5B0
C528B0
C36EA0
C1B910
C009D0
BE5F50
BCB860
BB1740
B97E70
B7EB80
B65C50
B4D290
B35060
B1D3F0
B05BA0
AEEA40
AD82A0
AC2200
AAC5B0
A96FA0
A82260
A6DBA0
A599A0
A45F80
A33050
A20900
A0E6A0
9FCB30
9EB990
9DAF20
9CA9E0
9BAD30
9ABC90
99D490
98F1E0
9816D0
974640
967D80
95BA50
950030
945300
93AF00
9310B0
927A60
91EF20
916C00
90EEC0
907B10
9014C0
8FB800
8F6120
8F12A0
8ECF70
8E94C0
8E6000
8E3500
8E17A0
8E0400
8DF660
8DF140
8DF790
8E0660
8E1B30
8E39C0
8E65F0
8E9BE0
8ED7C0
8F1C10
8F6BC0
8FC3C0
9021B0
908930
90FE00
917C60
9200A0
928D00
932460
93C3E0
946910
951760
95D290
9696E0
9760C0
983260
990E80
99F230
9ADB40
9BCCF0
9CCAA0
9DD0E0
9EDC60
9FEF00
A10B60
A22EC0
A35710
A48730
A5C260
A70540
A84CF0
A99B10
AAF1F0
AC4F30
ADB0B0
AF1930
B08B60
B20470
B381B0
B504B0
B68F30
B81F20
B9B2C0
BB4C50
BCEE20
BE95D0
C04100
C1F0E0
C3A710
C561C0
C71F60
C8E1C0
CAAAD0
CC7880
CE4900
D01D30
D1F630
D3D2A0
D5B150
D79380
D97A80
DB64E0
DD5160
DF4060
E132C0
E32760
E51D60
E715A0
E910D0
EB0E20
ED0C90
EF0C80
F10E10
F310D0
F51420
F71840
F91D60
FB2340
FD2980
FF2FF0
013680
033CF0
054320
0748C0
094D80
0B51A0
0D5520
0F57B0
1158C0
135880
155720
1753C0
194DA0
1B4570
1D3BF0
1F3040
212170
231020
24FCF0
26E670
28CB40
2AACC0
2C8C10
2E6810
303F60
321310
33E410
35B090
377690
3937F0
3AF660
3CB080
3E6470
4013C0
41BF90
4365C0
4503C0
469C10
4830B0
49BFF0
4B47C0
4CCA00
4E4810
4FBF60
512D20
529410
53F6B0
555310
56A6E0
57F430
593CE0
5A7DD0
5BB3F0
5CE240
5E0BB0
5F2E30
604720
6158F0
626580
636990
6461C0
655170
663BD0
671E90
67F6F0
68C790
6992B0
6A54C0
6B0A00
6BB620
6C5CA0
6CFB10
6D8E90
6E19F0
6E9F80
6F1B90
6F8A30
6FEF60
704EB0
70A5B0
70F150
713480
7171D0
71A550
71CB30
71E760
71FD90
720B50
720D90
720750
71FB10
71E520
71C180
719410
7160B0
7124E0
70DDB0
708E20
7038A0
6FD990
6F6D10
6EF700
6E7B10
6DF700
6D67C0
6CD070
6C3370
6B8D30
6ADA10
6A1DB0
695BC0
689200
67BDA0
66E1A0
660040
651640
642000
632130
621D20
6111C0
5FFCA0
5EE050
5DBF10
5C95F0
5B61B0
5A2580
58E490
579CF0
564C90
54F5C0
539A90
523840
50CC10
4F58E0
4DE180
4C6460
4ADF70
495500
47C6D0
463280
4495D0
42F320
414CE0
3FA1D0
3DF050
3C3A30
3A80F0
38C2D0
36FDE0
353430
336790
319720
2FC1B0
2DE8B0
2C0D60
2A2E70
284A60
2662D0
247910
228CB0
209CC0
1EAA70
1CB6A0
1AC070
18C720
16CB80
14CE90
12D020
10CFC0
0ECE30
0CCBE0
0AC8A0
08C410
06BEA0
04B8C0
02B290
00AC10
FEA580
FC9F10
FA9920
F893D0
F68EF0
F48A90
F28700
F084D0
EE83C0
EC83B0
EA8570
E889C0
E69000
E49780
E2A100
E0AD70
DEBC40
DCCCE0
DAE0A0
D8F8D0
D71440
D531C0
D35260
D17790
CFA040
CDCB80
CBFB20
CA3110
C86B80
C6A8C0
C4EA40
C331B0
C17DB0
BFCD00
BE21F0
BC7ED0
BAE160
B94770
B7B2C0
B62560
B49D80
B319A0
B19C70
B028B0
AEBBA0
AD52D0
ABF020
AA95F0
A94210
A7F2D0
A6AB20
A56E40
A43900
A30890
A1DF00
A0BEF0
9FA5F0
9E9210
9D8690
9C86E0
9B8FB0
9A9DB0
99B340
98D320
97FAA0
9727B0
965DC0
95A080
94EC50
943DB0
939710
92FB60
9267D0
91DA00
9155A0
90DEA0
907110
900950
8FA9E0
8F55E0
8F0A20
8EC460
8E8850
8E59E0
8E3520
8E1660
8E0010
8DF540
8DF2F0
8DF690
8E0400
8E1F20
8E4400
8E6EE0
8EA220
8EE0D0
8F27E0
8F74F0
8FCB90
902FB0
909D60
9110F0
918CC0
9213B0
92A2D0
9337A0
93D5C0
9480D0
953530
95EF20
96B100
977D70
9851B0
992B50
9A0DB0
9AFC50
9BF3A0
9CF040
9DF440
9F0220
A01730
A13140
A25360
A380C0
A4B610
A5F050
A73130
A87B00
A9CB50
AB2020
AC7C10
ADE220
AF4F40
B0C0B0
B23800
B3B720
B53BF0
B6C4B0
B85380
B9EB00
BB8880
BD29C0
BED000
C07CC0
C22E30
C3E2E0
C59C90
C75D40
C922E0
CAEB80
CCB810
CE89D0
D05F40
D23710
D412A0
D5F380
D7D820
D9BEF0
DBA8A0
DD9600
DF85D0
E17750
E36B50
E562B0
E75C80
E957B0
EB5490
ED5390
EF53F0
F15510
F35740
F55B10
F75FE0
F96540
FB6B20
FD7180
FF7800
017E70
0384A0
058A70
078FD0
0994F0
0B9950
0D9C90
0F9ED0
11A020
139FD0
159D20
1798C0
199330
1B8BB0
1D8180
1F7510
2166E0
2355C0
254060
2727E0
290D80
2AF000
2CCE40
2EA920
308170
325580
342390
35ED30
37B420
3976F0
3B33F0
3CEC90
3EA1E0
4051B0
41F9D0
439C70
453B90
46D580
486860
49F5D0
4B7F50
4D0240
4E7BE0
4FEEF0
515DE0
52C6C0
542750
5581A0
56D750
582590
596940
5AA550
5BDCB0
5D0D30
5E3460
5F5490
606FA0
618260
628970
638830
6481B0
6573C0
665B90
673BD0
681690
68E870
69ADA0
6A69E0
6B2080
6BCF30
6C7300
6D0EC0
6DA4D0
6E3170
6EB0D0
6F26B0
6F96D0
6FFEA0
705B20
70AF60
70FD90
714220
717920
71A660
71CDB0
71EC90
71FFF0
720AD0
720FC0
720AE0
71F850
71DC00
71B9B0
718EF0
7158C0
711A20
70D5A0
708770
702BC0
6FC670
6F5B40
6EE7C0
6E6920
6DE240
6D55A0
6CBFC0
6C1CC0
6B7080
6ABE90
6A04B0
694020
6873C0
67A1F0
66C750
65E050
64F080
63FB60
62FED0
61F850
60EA90
5FD7B0
5EBCC0
5D9670
5C6800
5B34B0
59FA90
58B760
576DA0
561F50
54C9C0
5369F0
5202F0
509790
4F2630
4DACE0
4C2DD0
4AAAC0
492170
478F50
45F700
445AE0
42B9C0
4111D0
3F6520
3DB530
3C0000
3A43B0
388230
36BDB0
34F520
332740
315590
2F8150
2DA930
2BCB90
29EA10
280640
261F80
2434E0
2247A0
205890
1E66F0
1C71A0
1A79C0
188070
168540
1487D0
1288D0
108900
0E87E0
0C8500
0A80F0
087C40
0676E0
0470D0
026A80
006420
FE5DE0
FC57D0
FA51F0
F84C40
F64720
F44300
F23FC0
F03D40
EE3C50
EC3D80
EA4030
E84400
E64980
E451A0
E25BD0
E067A0
DE7650
DC8910
DA9EB0
D8B620
D6D090
D4EF10
D310D0
D13500
CF5D50
CD8B80
CBBDE0
C9F2E0
C82BF0
C66A90
C4AD80
C2F3A0
C13F20
BF9220
BDEA90
BC4660
BAA730
B90F00
B77C20
B5ED20
B46480
B2E500
B16C00
AFF720
AE8820
AD2150
ABC0B0
AA6490
A90FD0
A7C590
A682B0
A54490
A40D20
A2DEF0
A1B7B0
A09570
9F7B70
9E6D10
9D66F0
9C65E0
9B6C40
9A7CD0
9994E0
98B260
97D8C0
970BB0
964780
9588E0
94D220
942630
938240
92E410
924F40
91C790
914950
90D0E0
9060B0
8FFBC0
8F9F10
8F4860
8EFB50
8EBBE0
8E8610
8E5630
8E2ED0
8E12E0
8DFF70
8DF1F0
8DEE40
8DF840
8E0C00
8E25C0
8E47F0
8E7590
8EABB0
8EE7B0
8F2D60
8F80A0
8FDD80
904050
90AB70
9121C0
91A050
9224B0
92B260
934D30
93F150
949B40
954D10
9609B0
96CE30
979820
986B00
994A40
9A3260
9B1FF0
9C14F0
9D1410
9E1A70
9F2600
A039C0
A15900
A28060
A3ACD0
A4E010
A61C80
A75FA0
A8A750
A9F670
AB4FD0
ACB090
AE15D0
AF8110
B0F480
B26DD0
B3EB10
B56EC0
B6FB60
B88E60
BA2540
BBC140
BD6430
BF0C00
C0B730
C267A0
C41F80
C5DCA0
C79CD0
C96140
CB2B40
CCF920
CEC990
D09E20
D27860
D456B0
D63750
D81B00
DA02C0
DBED60
DDD9C0
DFC8F0
E1BC10
E3B1D0
E5A930
E7A280
E99E50
EB9BC0
ED9A20
EF99F0
F19BD0
F39F00
F5A2E0
F7A790
F9AD20
FBB320
FDB950
FFBF80
01C5C0
03CBF0
05D210
07D7C0
09DCB0
0BE0D0
0DE440
0FE660
11E690
13E560
15E330
17DF70
19D940
1BD130
1DC780
1FBB30
21AB10
239830
258390
276C10
2950A0
2B3220
2D1140
2EEC70
30C200
329370
346260
362D60
37F2E0
39B450
3B7290
3D2BB0
3EDD70
4089E0
423300
43D740
4574A0
470CE0
48A150
4A2F70
4BB4B0
4D3380
4EAE60
502360
519040
52F720
545990
55B4B0
570590
584F00
5993E0
5AD220
5C0740
5D3580
5E5ED0
5F7FF0
6095A0
61A320
62AB80
63ACA0
64A3A0
659330
667D60
675EC0
6833B0
68FFC0
69C660
6A8520
6B3910
6BE520
6C8B70
6D2880
6DB860
6E3EF0
6EBFB0
6F3840
6FA590
700AA0
7069C0
70BF50
710740
714590
717DF0
71ADE0
71D260
71EE60
720470
7210B0
720F40
720410
71F2E0
71D940
71B420
718690
715310
7115F0
70CB10
7076A0
701C40
6FB990
6F4B90
6ED560
6E5950
6DD3E0
6D4140
6CA540
6C0370
6B59B0
6AA520
69E8A0
692690
685B90
678400
66A390
65BDB0
64D040
63D8B0
62D9B0
61D580
60C910
5FB0F0
5E90A0
5D6B40
5C3F00
5B0960
59CD10
588C00
574380
55F080
549610
533720
51D200
506490
4EF140
4D79D0
4BFBE0
4A74D0
48E730
4755C0
45BF00
442140
427E70
40D820
3F2C70
3D7920
3BC080
3A04A0
384470
367E90
34B4A0
32E810
311740
2F4080
2D65A0
2B8840
29A7A0
27C2E0
25DB20
23F180
2204E0
201430
1E20A0
1C2B60
1A3410
183A20
163E50
144180
124310
104270
0E4040
0C3D40
0A3960
083470
062EE0
042920
022320
001CE0
FE1670
FC1010
FA09F0
F80470
F5FF80
F3FB30
F1F810
EFF6A0
EDF680
EBF720
E9F940
E7FD90
E603B0
E40B50
E21570
E02330
DE3380
DC4580
DA5A20
D87290
D68E00
D4ABA0
D2CD20
D0F400
CF1ED0
CD4C20
CB7D30
C9B390
C7EDF0
C62B50
C46DD0
C2B780
C10640
BF5840
BDAF00
BC0C80
BA6F10
B8D550
B741C0
B5B6F0
B43260
B2B1C0
B136D0
AFC3E0
AE56E0
ACEE40
AB8CD0
AA3580
A8E570
A799F0
A654F0
A51900
A3E3E0
A2B390
A18B50
A06E70
9F59B0
9E49F0
9D4180
9C42F0
9B4BD0
9A5A00
9970F0
989440
97C050
96F1D0
962B20
956F20
94BB10
940CA0
936770
92CF60
924090
91B780
9136A0
90C0F0
905380
8FEBF0
8F8DF0
8F3D80
8EF6B0
8EB5D0
8E7D60
8E5060
8E2BD0
8E0D30
8DF850
8DF130
8DF3D0
8DFC70
8E0D80
8E2A10
8E4F20
8E7A20
8EAED0
8EF110
8F3D00
8F8F00
8FE940
904ED0
90BCB0
913060
91AD80
9237E0
92CBC0
936560
940700
94B390
956800
962220
96E530
97B4F0
988DA0
996BD0
9A5190
9B4190
9C3910
9D35C0
9E3AE0
9F4BB0
A064E0
A18320
A2A870
A3D720
A50CB0
A646F0
A788C0
A8D530
AA2940
AB81E0
ACE0C0
AE47F0
AFB540
B126B0
B29ED0
B42040
B5A840
B73440
B8C5A0
BA5E30
BBFBE0
BD9D20
BF43F0
C0F290
C2A6A0
C45E00
C619D0
C7DB80
C9A150
CB69E0
CD36E0
CF09F0
D0E150
D2BB50
D498A0
D67A50
D85F10
DA45D0
DC2FB0
DE1DE0
E00F10
E20200
E3F730
E5EF30
E7E920
E9E450
EBE130
EDE080
EFE180
F1E360
F3E660
F5EA90
F7EF80
F9F4C0
FBFA70
FE00A0
000710
020DA0
041400
0619F0
081F70
0A2470
0C2880
0E2B00
102C70
122D30
142C90
1629E0
182590
1A1FD0
1C17D0
1E0C60
1FFE80
21EF00
23DD00
25C770
27AF00
299470
2B7630
2D52B0
2F2B80
3101E0
32D4A0
34A240
366BF0
3832B0
39F490
3BAF70
3D6550
3F1800
40C610
426D90
441030
45AF20
474800
48D840
4A6270
4BE8C0
4D6980
4EE260
505570
51C430
532BE0
548980
55E000
573220
587DC0
59C070
5AFC70
5C3390
5D62D0
5E86C0
5FA2C0
60B9C0
61C990
62CF80
63CE30
64C780
65B830
669CA0
677850
684EA0
691D30
69E130
6A9D50
6B53C0
6C0100
6CA150
6D3850
6DC9A0
6E52D0
6ED0D0
6F4690
6FB690
701CF0
7075D0
70C520
710E70
714F60
7184F0
71B210
71D940
71F6A0
720660
720C50
720C40
7203C0
71EFB0
71D340
71B0D0
7184B0
714AF0
710760
70BDF0
706C20
700EF0
6FA980
6F3E30
6EC960
6E4740
6DBBA0
6D2A40
6C90C0
6BEC40
6B3FD0
6A8DD0
69D2B0
690AE0
683A00
6763A0
668590
659D20
64AD20
63B7F0
62BA50
61B0C0
609ED0
5F87C0
5E69A0
5D41E0
5C1340
5ADFE0
59A4D0
585F00
571180
55BF60
5466E0
5305D0
519EA0
503340
4EC110
4D4570
4BC310
4A3CB0
48B0D0
471D90
458510
43E900
424730
409D70
3EEE00
3D3B40
3B83F0
39C6A0
380500
364080
347780
32A830
30D470
2EFE10
2D2420
2B45B0
296400
278050
259950
23ADC0
21BF10
1FCE80
1DDB90
1BE5A0
19EDA0
17F460
15F930
13FB50
11FBA0
0FFAF0
0DF900
0BF5B0
09F180
07ECE0
05E7B0
03E1D0
01DB80
FFD500
FDCE70
FBC820
F9C220
F7BC90
F5B7D0
F3B450
F1B1C0
EFAFD0
EDAF20
EBB040
E9B2F0
E7B6D0
E5BCF0
E3C630
E1D1C0
DFDEE0
DDEE50
DC0130
DA16C0
D82E60
D64980
D469B0
D28D70
D0B390
CEDD30
CD0BB0
CB3E00
C97330
C7AD30
C5EDF0
C43380
C27C30
C0C970
BF1D00
BD7570
BBD160
BA3340
B89D90
B70DF0
B58200
B3FBA0
B27CE0
B103E0
AF8F20
AE2160
ACBD70
AB6080
AA0800
A8B5E0
A76C80
A629C0
A4EBC0
A3B5A0
A28A90
A16780
A04950
9F3240
9E24E0
9D1ED0
9C1E00
9B25D0
9A39C0
995650
987830
97A1C0
96D5E0
9611D0
955360
949E10
93F5A0
935670
92BCF0
922B90
91A540
912710
90AED0
904010
8FDEC0
8F8700
8F3530
8EEBB0
8EADA0
8E7800
8E4850
8E2260
8E0A20
8DFB90
8DF300
8DF2F0
8DFE60
8E1250
8E2C30
8E4FD0
8E8110
8EBC20
8EFD10
8F4670
8F9B20
8FF830
905B20
90C790
914160
91C4B0
924DD0
92DF20
937B70
941FC0
94C9C0
957CD0
963CC0
9705C0
97D450
98AAA0
998B50
9A73A0
9B6130
9C5760
9D5980
9E6420
9F73F0
A08AF0
A1AB90
A2D320
A3FF90
A533D0
A67300
A7B9F0
A90580
AA5790
ABB240
AD1330
AE7870
AFE490
B15A50
B2D6E0
B45790
B5DDE0
B76BB0
B8FEE0
BA95B0
BC3250
BDD720
BF81C0
C12FC0
C2E280
C49B60
C658A0
C818E0
C9DDD0
CBA930
CD7930
CF4BF0
D12240
D2FD60
D4DBC0
D6BC60
D8A060
DA8920
DC7540
DE6340
E053C0
E24770
E43D60
E634B0
E82E10
EA2A40
EC2870
EE27D0
F02890
F22AE0
F42E30
F63200
F83680
FA3C00
FC4220
FE4880
004F10
025590
045BE0
0661E0
086730
0A6B80
0C6F00
0E7200
1073F0
127430
147310
1670D0
186C80
1A6540
1C5BE0
1E5110
204400
2233B0
2420E0
260C10
27F3E0
29D6E0
2BB660
2D93B0
2F6DA0
3142D0
331450
34E310
36AD30
3870C0
3A2F80
3BEB60
3DA2C0
3F53F0
410060
42A960
444C80
45E780
477C90
490E00
4A9A00
4C1E70
4D9D40
4F17E0
508BB0
51F5D0
535910
54B7E0
561080
576070
58A9E0
59EEA0
5B2B90
5C5D80
5D87B0
5EAD00
5FCB40
60DFD0
61ED40
62F570
63F520
64E8D0
65D3F0
66B9C0
6797F0
686BB0
6937A0
69FE10
6ABB60
6B6BD0
6C1330
6CB4D0
6D4E70
6DDD10
6E6380
6EE410
6F5B20
6FC4E0
702510
707F50
70D140
7117D0
715600
718E30
71BCB0
71DD80
71F4A0
7205C0
720E60
720B80
720020
71EED0
71D3C0
71AB00
717880
714010
70FF30
70B2F0
705E60
7003D0
6F9FC0
6F2E50
6EB350
6E3270
6DA960
6D1540
6C7920
6BD740
6B2C40
6A7440
69B330
68EC80
681E10
674510
666480
657E80
648FF0
639540
629200
618990
6079E0
5F6060
5E3FD0
5D1A60
5BED10
5AB4C0
597490
582F90
56E410
558FD0
543530
52D630
517040
500070
4E89C0
4D0EE0
4B8E40
4A0600
487850
46E6D0
454F60
43AFA0
420A00
4060C0
3EB2D0
3CFE80
3B45B0
3989D0
37C920
3601C0
3435A0
3266B0
309400
2EBC60
2CE160
2B0410
292330
273D60
255400
2368B0
217AB0
1F8950
1D95A0
1BA080
19A920
17AEA0
15B200
13B420
11B4C0
0FB3A0
0DB160
0BAE70
09AAB0
07A5C0
05A000
0399E0
019380
FF8CF0
FD8670
FB8030
F97A60
F77570
F57110
F36D20
F16A20
EF68A0
ED6850
EB6920
E96BC0
E77130
E57890
E38130
E18BF0
DF99D0
DDAA10
DBBC40
D9D190
D7EB90
D608D0
D42830
D24AE0
D07220
CE9CE0
CCCA60
CAFC50
C934A0
C77190
C5B150
C3F570
C23FA0
C08E60
BEE090
BD3860
BB9840
B9FDE0
B86720
B6D5B0
B54B90
B3C700
B24690
B0CCD0
AF5CA0
ADF340
AC8E20
AB2F30
A9D8C0
A888C0
A73D70
A5F9C0
A4C0E0
A38FC0
A26370
A13E10
A02240
9F0D90
9DFE00
9CF6D0
9BFBA0
9B08F0
9A1B80
9935A0
985A10
978630
96B7F0
95F2B0
953A30
948AD0
93E100
933F40
92A860
9219B0
9190D0
911160
909F50
9036C0
8FD410
8F79A0
8F2AA0
8EE3F0
8EA330
8E6C30
8E42D0
8E2330
8E0980
8DF850
8DF2A0
8DF560
8DFE30
8E10B0
8E30E0
8E5AD0
8E8AB0
8EC310
8F06E0
8F5300
8FA510
9000B0
9069D0
90DC80
915500
91D5C0
9261A0
92F5A0
938F50
943240
94E230
959B40
965A00
972090
97F1B0
98CA90
99A8D0
9A8FC0
9B82E0
9C7EB0
9D7FC0
9E8820
9F9A60
A0B3C0
A1D210
A2F850
A429D0
A56340
A6A180
A7E660
A93420
AA8850
ABE0F0
AD40B0
AEAA60
B01B20
B19020
B30AF0
B48D80
B615B0
B7A1B0
B933C0
BACE50
BC6EF0
BE1330
BFBC50
C16BF0
C32030
C4D790
C693E0
C85720
CA1F40
CBEA30
CDB910
CF8D10
D164A0
D33E80
D51C20
D6FEE0
D8E550
DACDE0
DCB930
DEA810
E09960
E28C40
E48190
E67A30
E87510
EA7150
EC6F30
EE6F00
F07010
F271F0
F474D0
F67910
F87E40
FA83F0
FC8A10
FE9080
009710
029D70
04A390
06A910
08AE20
0AB2E0
0CB6D0
0EB970
10BAF0
12BB80
14BA50
16B6B0
18B140
1AAA90
1CA1F0
1E9660
2088A0
227900
246650
264F30
283500
2A18C0
2BF970
2DD5B0
2FAE70
3184A0
335680
352230
36E970
38ADE0
3A6E30
3C2880
3DDE70
3F9100
413E00
42E330
4482C0
461EC0
47B5A0
494530
4ACF60
4C5580
4DD500
4F4B40
50BAC0
522610
538B40
54E800
563E80
579070
58DAC0
5A1A60
5B5260
5C85A0
5DB210
5ED500
5FF0F0
6107C0
621630
6318E0
641320
650820
65F5B0
66D8F0
67B490
688AB0
6957D0
6A1850
6ACFC0
6B81A0
6C2B90
6CCA90
6D6170
6DF290
6E7A40
6EF4B0
6F65A0
6FD0C0
7033A0
708B10
70DA40
712370
7162F0
7194E0
71BD10
71DF50
71F910
720750
720D10
720CE0
7202F0
71EB50
71C9F0
71A290
7172B0
713770
70F3D0
70AA30
705700
6FF650
6F8C00
6F1BD0
6EA370
6E1FD0
6D9400
6D0280
6C67C0
6BBFF0
6B0EE0
6A5820
699980
68D040
67FF30
6728B0
664970
655DF0
6469A0
637010
626F10
616420
605200
5F3AE0
5E1BB0
5CF130
5BBEA0
5A8730
594900
5801E0
56B430
556200
540890
52A520
513A80
4FCB80
4E5690
4CD9C0
4B5730
49D0D0
484430
46AEE0
451370
437450
41D020
402550
3E75C0
3CC300
3B0B20
394C30
378840
35C140
33F650
322620
305230
2E7BD0
2CA190
2AC200
28DEA0
26F900
251080
232440
213560
1F44F0
1D51E0
1B5B50
196240
1767C0
156B90
136D40
116D70
0F6CD0
0D6AF0
0B6780
096300
075DE0
055830
035200
014B80
FF4510
FD3ED0
FB38F0
F93350
F72DF0
F52930
F325A0
F122F0
EF2120
ED20F0
EB22F0
E926B0
E72B80
E53220
E33B80
E14710
DF5440
DD6460
DB78A0
D98FF0
D7A920
D5C550
D3E5D0
D20990
D02FD0
CE5A40
CC8AB0
CABF60
C8F6D0
C73240
C57380
C3B920
C201F0
C05020
BEA610
BD0170
BB6040
B9C420
B82F20
B69F80
B513C0
B38E80
B21270
B09D00
AF2B90
ADC030
AC5D20
AB0040
A9A7F0
A85710
A710B0
A5D1E0
A497C0
A36460
A23A70
A11760
9FF960
9EE3A0
9DD9A0
9CD7E0
9BDB50
9AE630
99FB40
9917E0
983A00
976500
969CA0
95DD20
952340
947150
93CA30
932B20
9291C0
9201D0
917F10
9105D0
909250
902710
8FC720
8F6F80
8F1DD0
8ED5D0
8E9B60
8E6AB0
8E3FE0
8E1D90
8E06C0
8DF860
8DF000
8DF160
8E0070
8E1950
8E3820
8E5F70
8E9230
8ECD60
8F0E70
8F5920
8FB170
901350
907B20
90EB40
916680
91EA00
927340
9305D0
93A580
944E80
94FD30
95B3D0
967530
973E60
980D00
98E480
99C860
9AB510
9BA720
9CA0A0
9DA420
9EAEF0
9FBED0
A0D6E0
A1FA60
A325F0
A45680
A58DD0
A6CE50
A81560
A96100
AAB3F0
AC1130
AD75A0
AEDE80
B04D70
B1C460
B34120
B4C1E0
B648E0
B7D8D0
B96F00
BB0900
BCA810
BE4DF0
BFF8B0
C1A6C0
C35A00
C51490
C6D440
C89710
CA5E00
CC2A50
CDFA70
CFCD20
D1A3E0
D38020
D56050
D742E0
D92860
DB11E0
DCFE20
DEEC10
E0DCC0
E2D130
E4C840
E6C0D0
E8BB40
EAB800
ECB650
EEB5A0
F0B640
F2B8C0
F4BC70
F6C0E0
F8C600
FACBD0
FCD200
FED850
00DEA0
02E4C0
04EAD0
06F0B0
08F610
0AFA80
0CFE20
0F0100
110270
1301E0
14FFC0
16FCA0
18F7D0
1AF080
1CE730
1EDC40
20CE90
22BCF0
24A870
269210
2878F0
2A5BB0
2C3B40
2E1860
2FF180
31C4E0
339420
3560B0
372940
38EC50
3AAB20
3C66D0
3E1D30
3FCC30
4175C0
431BF0
44BD30
465770
47EC90
497DC0
4B08A0
4C8A70
4E05D0
4F7D20
50EE90
5257E0
53BB10
5519C0
567110
57BE00
590390
5A4480
5B7EB0
5CAFA0
5DD9C0
5EFED0
601BC0
612D20
623650
633A50
6436F0
652970
661480
66FA20
67D6E0
68A720
696E80
6A3060
6AEA60
6B9990
6C40D0
6CE250
6D7A70
6E0580
6E8720
6F02F0
6F7680
6FDEE0
703EF0
709910
70E990
712C70
7165A0
7198F0
71C3D0
71E330
71FA20
720B20
721250
720BD0
71FB80
71E540
71C680
719C50
7169A0
713110
70EED0
709EF0
704580
6FE620
6F7E70
6F0B80
6E9050
6E0F50
6D84F0
6CED70
6C4CA0
6BA600
6AF760
6A3E00
697CC0
68B600
67E650
670A30
662530
653AC0
6448D0
634CB0
624950
6140C0
602FF0
5F1390
5DEF10
5CC570
5B9500
5A5B50
591AF0
57D5F0
568980
5532B0
53D470
5271C0
5108F0
4F9800
4E2120
4CA630
4B24D0
499A60
4809A0
4674F0
44DB00
433A30
419460
3FEB30
3E3CA0
3C86A0
3ACB40
390CC0
374A00
3581C0
33B580
31E690
301380
2E3AA0
2C5DC0
2A7E70
289BF0
26B560
24CBF0
22E0A0
20F270
1F0050
1D0B60
1B14E0
191C60
172150
152490
1326C0
112770
0F2610
0D2350
0B1FC0
091B50
071610
051040
030A30
010400
FEFDC0
FCF770
FAF140
F8EB60
F6E630
F4E1B0
F2DDE0
F0DB60
EEDAA0
ECDB40
EADCC0
E8DFE0
E6E550
E4ECA0
E2F570
E100D0
DF0FF0
DD21C0
DB3560
D94BA0
D765E0
D58310
D3A2A0
D1C610
CFEF20
CE1C20
CC4BA0
CA7F00
C8B7D0
C6F4B0
C534A0
C379C0
C1C620
C017B0
BE6C90
BCC650
BB26D0
B98C70
B7F5E0
B66580
B4DE00
B35CD0
B1DFA0
B06840
AEF8E0
AD8F80
AC2A90
AACCD0
A97960
A82D40
A6E5A0
A5A4A0
A46CC0
A33BB0
A20F90
A0EB80
9FD2F0
9EC280
9DB720
9CB300
9BB8F0
9AC650
99D900
98F480
981C70
974D30
968360
95C170
950A30
945AE0
93B140
9310E0
927DB0
91F3D0
916FB0
90F3C0
908300
901A90
8FB800
8F5F10
8F13B0
8ED1F0
8E9610
8E62B0
8E3AC0
8E1B40
8E01C0
8DF200
8DEFF0
8DF7B0
8E0560
8E1B90
8E3D30
8E6750
8E9760
8ED120
8F1870
8F6970
8FC070
901FC0
908A50
90FD30
9175D0
91F7E0
928730
931FF0
93BE60
9464E0
951630
95CF70
968E40
975610
982A70
9907C0
99EA80
9AD4E0
9BC970
9CC560
9DC680
9ECFF0
9FE520
A102A0
A22520
A34E90
A48160
A5BB00
A6F940
A83F20
A98F70
AAE740
AC43A0
ADA640
AF1130
B08220
B1F720
B372B0
B4F780
B682D0
B81210
B9A6A0
BB4260
BCE330
BE8760
C03110
C1E280
C39960
C55370
C711E0
C8D600
CA9E40
CC6940
CE3880
D00DD0
D1E750
D3C350
D5A290
D78620
D96CB0
DB5530
DD40B0
DF3060
E12300
E31750
E50DD0
E70700
E90210
EAFE30
ECFC10
EEFC20
F0FDD0
F30060
F50400
F708A0
F90DF0
FB1380
FD1960
FF1FA0
012610
032C90
0532C0
073880
093DB0
0B4240
0D45C0
0F47B0
114870
134850
1546C0
174320
193DC0
1B36F0
1D2DB0
1F20F0
211190
2300A0
24ED10
26D5D0
28BBA0
2A9F40
2C7F10
2E59A0
303040
320470
33D4F0
35A030
376780
392BC0
3AEB10
3CA340
3E5670
400650
41B180
435610
44F5A0
469180
482730
49B440
4B3B10
4CBE10
4E3B60
4FB0C0
512030
528B50
53EF40
554930
569BE0
57EA10
5931B0
5A7060
5BA860
5CDB70
5E0680
5F2640
603DF0
6150B0
625C30
635DB0
6457E0
654CB0
6638E0
6718C0
67EFD0
68C170
698B50
6A4A90
6B01F0
6BB3A0
6C5C10
6CF780
6D89A0
6E1610
6E9A50
6F1360
6F8430
6FEF20
705080
70A460
70EEA0
7132E0
716ED0
719F50
71C760
71E970
7201C0
720C60
720D30
720800
71FA70
71E160
71BFD0
719840
716700
712830
70DFB0
709130
703A50
6FD820
6F6DA0
6EFD50
6E8390
6DFC80
6D6C00
6CD5C0
6C3770
6B8E20
6ADCE0
6A2610
696630
6899B0
67C420
66E910
660670
651980
642510
632B60
622950
611B70
600530
5EE9D0
5DC760
5C9B80
5B68D0
5A3150
58F230
57A860
565700
550100
53A4B0
523FF0
50D520
4F6620
4DF060
4C7150
4AEBA0
4961E0
47D2B0
463C40
44A0B0
430180
415CC0
3FB010
3DFDE0
3C4850
3A8E60
38CE70
370A40
354350
3377F0
31A660
2FD070
2DF7F0
2C1C00
2A3B90
285810
267280
2489C0
229CB0
20AC80
1EBA70
1CC630
1ACF00
18D5D0
16DB70
14DF30
12E080
10E000
0EDE90
0CDC00
0AD820
08D380
06CE70
04C900
02C2F0
00BC80
FEB5E0
FCAF70
FAA950
F8A3A0
F69E60
F49A10
F29710
F09520
EE93F0
EC9410
EA9610
E899B0
E69EB0
E4A5F0
E2B070
E0BD60
DECBE0
DCDCD0
DAF140
D90870
D721E0
D53EE0
D36100
D186D0
CFAEF0
CDDAB0
CC0B80
CA4030
C877D0
C6B440
C4F790
C33FE0
C18B40
BFDB40
BE31C0
BC8D20
BAEC20
B95120
B7BEA0
B63230
B4A990
B32690
B1AB40
B035D0
AEC4A0
AD5A80
ABFA40
AAA120
A94C70
A7FE30
A6B8D0
A57A00
A44010
A30E00
A1E730
A0C850
9FAE60
9E9BA0
9D92B0
9C9100
9B94A0
9AA0F0
99B960
98DA80
980100
972F50
966820
95A8C0
94EF10
943E90
939AF0
9300A0
926C00
91DF80
915E20
90E4F0
907190
9007D0
8FAB90
8F58D0
8F0C00
8EC790
8E8E90
8E5E00
8E3360
8E1280
8DFF60
8DF5F0
8DF280
8DF780
8E0810
8E2110
8E4010
8E68C0
8E9F20
8EDF30
8F2530
8F7380
8FCD50
902F60
909750
9108B0
918770
920FB0
929DC0
9333F0
93D510
947E40
952D10
95E4F0
96A990
977730
984A70
992570
9A0AB0
9AF790
9BE9B0
9CE440
9DEAD0
9EF9D0
A00DF0
A12940
A24E10
A379E0
A4AA70
A5E2C0
A725F0
A870C0
A9C040
AB1630
AC74A0
ADD950
AF4230
B0B1E0
B22B30
B3AB30
B52F50
B6B8F0
B849F0
B9E050
BB7A50
BD1A10
BEC1D0
C06F40
C22020
C3D5A0
C59130
C75110
C913D0
CADB30
CCA8F0
CE7B20
D05010
D22890
D405A0
D5E600
D7C880
D9AE50
DB98C0
DD8660
DF75F0
E167E0
E35D00
E55430
E74CA0
E94720
EB4440
ED4360
EF4390
F14500
F347F0
F54BC0
F75010
F95500
FB5AC0
FD6100
FF6780
016E10
037480
057AA0
078060
098560
0B8940
0D8C40
0F8E90
118FC0
138F40
158D40
178A00
1984A0
1B7C30
1D7180
1F6560
2156E0
234510
2530A0
271A30
290040
2AE160
2CBEF0
2E9A40
307220
324510
341450
35E0C0
37A870
396970
3B25A0
3CDED0
3E9380
4041D0
41EB70
439170
4531A0
46C970
485B60
49E980
4B7230
4CF340
4E6EA0
4FE5C0
515600
52BC70
541BF0
557710
56CBD0
5817D0
595D50
5A9E00
5BD6E0
5D04C0
5E2AC0
5F4BE0
6065E0
617620
627F20
638300
647E40
656D70
665400
673530
680EC0
68DDD0
69A520
6A66D0
6B1F60
6BCB10
6C6D90
6D0A60
6D9F10
6E28C0
6EAA40
6F25E0
6F9800
6FFCC0
7057F0
70AD30
70FA10
713B90
7174B0
71A7D0
71D140
71ED00
71FF00
720B00
720E90
720690
71F620
71DFB0
71BF90
7191C0
715A30
711CB0
70D6C0
708570
702BD0
6FCC50
6F6340
6EECD0
6E6CE0
6DE710
6D5920
6CC030
6C1F20
6B7860
6AC890
6A0BE0
694610
687AB0
67A790
66CA00
65E4D0
64FA50
640730
630810
620070
60F390
5FDF80
5EC1C0
5D9D10
5C7370
5B4200
5A0590
58C160
577870
562910
54D100
5372A0
520FE0
50A630
4F32D0
4DB8A0
4C3A50
4AB650
492AC0
4799C0
460510
446A80
42C7C0
411F20
3F7310
3DC240
3C0B30
3A4FB0
389140
36CE00
350440
3335D0
316490
2F8FB0
2DB600
2BD8F0
29F9B0
2816F0
262F50
244460
225770
2067F0
1E7520
1C8020
1A89A0
189110
169580
1497E0
129920
109900
0E9720
0C9440
0A90D0
088C90
068740
048150
027B00
007480
FE6DF0
FC6790
FA6160
F85BE0
F65750
F45360
F25000
F04DA0
EE4CD0
EC4D60
EA4F10
E852B0
E65920
E461B0
E26BA0
E077C0
DE8700
DC98D0
DAAC80
D8C390
D6DF50
D4FE70
D31FD0
D14470
CF6DD0
CD9AD0
CBCA80
C9FEC0
C83990
C67900
C4BB60
C30230
C14F10
BFA0A0
BDF5B0
BC5070
BAB360
B91C30
B78890
B5FA60
B473A0
B2F270
B17570
AFFF40
AE92A0
AD2CE0
ABCB80
AA7050
A91DC0
A7D1A0
A68A40
A54A90
A415C0
A2E8C0
A1C0A0
A09F80
9F87F0
9E7780
9D6C50
9C69A0
9B72E0
9A84B0
999BD0
98BA80
97E390
971470
964AD0
958A40
94D690
942BF0
938700
92EA10
925820
91CE50
914A60
90CFE0
9062D0
8FFF30
8FA180
8F4C20
8F0220
8EC080
8E84D0
8E52F0
8E2EA0
8E1410
8DFF80
8DF360
8DF2D0
8DFAB0
8E0890
8E2020
8E4560
8E7470
8EA960
8EE6D0
8F2FA0
8F80D0
8FD7F0
903890
90A6A0
911E40
919BC0
922170
92B230
934B10
93E9A0
949170
954610
9603F0
96C770
9792B0
986880
994600
9A28D0
9B1450
9C0BF0
9D0C30
9E11A0
9F1E70
A034F0
A152A0
A27530
A39FA0
A4D530
A612B0
A754E0
A89DC0
A9EF60
AB4770
ACA3E0
AE0750
AF74A0
B0E8E0
B26170
B3DFB0
B565B0
B6F130
B88070
BA15C0
BBB370
BD5710
BEFE40
C0AA40
C25CB0
C413A0
C5CDB0
C78CA0
C95260
CB1CE0
CCEA40
CEBB60
D09180
D26B30
D44720
D626B0
D80B50
D9F370
DBDDB0
DDCA90
DFBAF0
E1ADB0
E3A1F0
E59880
E79240
E98E40
EB8B70
ED8A20
EF8AC0
F18CA0
F38F20
F59280
F79730
F99CC0
FBA2B0
FDA8F0
FFAF80
01B610
03BC70
05C250
07C780
09CC30
0BD080
0DD3E0
0FD5E0
11D6B0
13D670
15D470
17CFC0
19C930
1BC150
1DB770
1FAA80
219B40
238A30
2575F0
275D30
294120
2B2300
2D01B0
2EDBE0
30B2A0
3286B0
345640
361F90
37E460
39A650
3B63F0
3D1BA0
3ECEC0
407E90
4228B0
43CAE0
456760
470040
4893F0
4A2040
4BA710
4D29E0
4EA5F0
501890
518470
52EC20
544DA0
55A6A0
56F940
584740
598DA0
5AC940
5BFD30
5D2C60
5E54A0
5F7350
608AF0
619D70
62A790
63A5D0
649B90
658C20
667520
6753C0
682AC0
68FC40
69C4B0
6A8070
6B3310
6BE020
6C8540
6D1F60
6DB160
6E3DA0
6EC070
6F35E0
6FA1D0
7007F0
7065D0
70B840
710260
714680
7180F0
71ADC0
71D0E0
71EE00
7202B0
720BE0
720C90
720750
71F840
71DB80
71B500
718880
7153A0
711350
70CAB0
707C10
7023D0
6FBE10
6F4EC0
6ED9A0
6E5C40
6DD3C0
6D4310
6CACB0
6C0D10
6B6070
6AAAA0
69EF10
692BB0
685DC0
678810
66ACF0
65C910
64D900
63E050
62E240
61DCE0
60CDA0
5FB730
5E9BC0
5D7840
5C4990
5B12F0
59D770
589550
574A30
55F8A0
54A2A0
534570
51DE40
507000
4EFD60
4D84F0
4C04B0
4A7ED0
48F510
476530
45CCB0
442E30
428C00
40E4D0
3F3730
3D84D0
3BCF50
3A14C0
385340
368CD0
34C370
32F610
3123B0
2F4DA0
2D7510
2B98D0
29B750
27D220
25EAC0
240090
2212C0
202270
1E3070
1C3C10
1A4440
184A10
164E90
145160
125220
105180
0E5020
0C4DB0
0A49C0
0844D0
063F50
043960
023300
002C80
FE2610
FC1FE0
FA1A30
F814E0
F60FE0
F40BA0
F20890
F00690
EE0580
EC0610
EA0910
E80DC0
E613B0
E41B80
E22620
E03300
DE41A0
DC5340
DA6930
D88230
D69D30
D4BB40
D2DDB0
D10370
CF2BD0
CD5870
CB8B20
C9C240
C7FC10
C63A10
C47DF0
C2C630
C111C0
BF62D0
BDBB90
BC19F0
BA7BD0
B8E2E0
B75110
B5C4A0
B43C30
B2BA50
B141C0
AFCFE0
AE6210
ACFA60
AB9B00
AA41F0
A8ED70
A7A070
A65E10
A52340
A3ED30
A2BE00
A19820
A07950
9F5FA0
9E4E40
9D4890
9C4B40
9B5320
9A6280
997C20
989D60
97C410
96F3C0
963010
957560
94C040
941310
9370C0
92D690
924220
91B710
913940
90C4F0
905670
8FF030
8F9540
8F42A0
8EF600
8EB320
8E7DC0
8E5220
8E2C70
8E0F30
8DFD70
8DF430
8DF0E0
8DF760
8E0B90
8E2980
8E4D60
8E79C0
8EB190
8EF1D0
8F37F0
8F87B0
8FE500
904BE0
90B8B0
912DC0
91ADF0
923660
92C490
935C00
940090
94AE60
9561D0
961D30
96E340
97B120
988470
996090
9A4900
9B3A40
9C30C0
9D2EC0
9E36A0
9F45D0
A05A00
A17650
A29E00
A3CDD0
A50270
A63DD0
A78240
A8CD40
AA1CD0
AB73A0
ACD490
AE3CC0
AFA940
B11BD0
B29640
B41670
B59A80
B724E0
B8B800
BA5160
BBEE70
BD9090
BF3970
C0E710
C297E0
C44DE0
C60B10
C7CD60
C992A0
CB5BF0
CD2AA0
CEFD00
D0D1F0
D2AAC0
D48900
D66B20
D84F80
DA36D0
DC21F0
DE0FC0
DFFF40
E1F150
E3E710
E5DF40
E7D900
E9D480
EBD240
EDD180
EFD190
F1D2F0
F3D600
F5DA40
F7DF10
F9E480
FBEAA0
FDF100
FFF770
01FDB0
0403B0
060980
080F10
0A1410
0C1810
0E1B20
101D60
121E20
141CA0
1619A0
181580
1A0FA0
1C0720
1DFC80
1FF040
21E120
23CDF0
25B7C0
279FC0
2984C0
2B65A0
2D4340
2F1E60
30F560
32C680
349370
365DB0
3823E0
39E460
3BA0A0
3D59A0
3F0D40
40B950
426000
440330
45A160
473890
48CA70
4A5860
4BDFE0
4D5E50
4ED640
504A00
51B7E0
531D80
547CF0
55D7E0
572B60
587460
59B5F0
5AF2D0
5C28F0
5D55C0
5E7BB0
5F9C90
60B540
61C240
62C700
63C6A0
64BEC0
65ACC0
669330
677440
684C70
691800
69DAB0
6A97D0
6B4D10
6BF780
6C99E0
6D3680
6DC9C0
6E4FE0
6ECC90
6F4360
6FB200
701560
707070
70C590
711100
714ED0
7182F0
71B130
71D700
71F150
720320
720F00
721110
720570
71F010
71D4B0
71B0E0
718190
7149E0
710C40
70C500
707020
7011A0
6FAD30
6F4080
6EC8A0
6E4880
6DC290
6D3350
6C96F0
6BF140
6B45D0
6A9280
69D450
690E50
6842E0
676E80
668DD0
65A440
64B540
63BED0
62BE50
61B680
60A990
5F9460
5E73D0
5D4B10
5C1D50
5AE8C0
59AB10
5866B0
571DC0
55CD60
5472C0
5310D0
51AA70
503E00
4EC970
4D4F00
4BD0A0
4A4BE0
48BE30
472A30
459260
43F560
425180
40A8B0
3EFCA0
3D4B40
3B9280
39D4A0
381390
364E50
348390
32B500
30E3D0
2F0E90
2D33B0
2B54C0
297380
278F30
25A6E0
23BBC0
21CEE0
1FDF30
1DEBB0
1BF580
19FDC0
180410
1607F0
140A40
120B90
100B70
0E0960
0C0600
0A01F0
07FD20
05F780
03F160
01EB30
FFE4F0
FDDEC0
FBD890
F9D280
F7CCF0
F5C830
F3C430
F1C0F0
EFBF00
EDBF10
EBC090
E9C300
E7C710
E5CDA0
E3D610
E1E020
DFECE0
DDFD80
DC10F0
DA2620
D83E20
D65A20
D47940
D29AB0
D0C030
CEEB60
CD1AA0
CB4C80
C98230
C7BD70
C5FCD0
C43F60
C28720
C0D650
BF2AC0
BD8280
BBDF40
BA42E0
B8ABA0
B71830
B58B20
B40700
B28940
B10F80
AF9BA0
AE2FE0
ACCA20
AB68E0
AA0F00
A8BF60
A77730
A63390
A4F6A0
A3C2D0
A295E0
A16DF0
A04E20
9F39D0
9E2DB0
9D26B0
9C2700
9B3170
9A4350
995A90
987AB0
97A730
96DCA0
961790
955A50
94A7E0
93FD50
935890
92BD20
922EC0
91A9C0
912A90
90B3A0
9047E0
8FE460
8F86E0
8F32F0
8EECA0
8EAFF0
8E7920
8E4AD0
8E27F0
8E0D90
8DF920
8DEE80
8DF190
8DFE60
8E1130
8E2C70
8E5330
8E8260
8EB780
8EF640
8F42B0
8F98B0
8FF4B0
905900
90C890
914050
91BDF0
924500
92D930
9376B0
941A00
94C560
957B80
963980
96FD00
97C980
98A290
998470
9A6BD0
9B5AA0
9C53B0
9D5420
9E59B0
9F6780
A08100
A1A2B0
A2C960
A3F6F0
A52DE0
A66B80
A7ADD0
A8F790
AA4BD0
ABA770
AD07A0
AE6DF0
AFDC70
B150E0
B2C970
B44880
B5D0B0
B75F40
B8F1C0
BA8980
BC2840
BDCC00
BF7340
C11FE0
C2D410
C48D90
C64A40
C80B40
C9D1E0
CB9C90
CD69E0
CF3B70
D112E0
D2EE60
D4CC60
D6ADA0
D89300
DA7B50
DC6580
DE5290
E043B0
E237B0
E42D50
E62510
E81F60
EA1B70
EC18A0
EE1750
F01830
F21A90
F41DC0
F621D0
F826E0
FA2C80
FC3260
FE3870
003EB0
024510
044B70
065180
0856E0
0A5BA0
0C5FC0
0E62C0
1063F0
1263E0
146300
166090
185BE0
1A5560
1C4D60
1E42E0
2034B0
2223E0
241160
25FC30
27E330
29C740
2BA900
2D86E0
2F5F50
3133D0
3305C0
34D400
369CE0
3861B0
3A2380
3BE030
3D95B0
3F4600
40F310
429B60
443CF0
45D970
477230
4904B0
4A8E70
4C11F0
4D9180
4F0B40
507D10
51E8E0
535060
54B0A0
5606C0
575590
589FD0
59E380
5B1E20
5C5200
5D8100
5EA7E0
5FC360
60D6D0
61E530
62EC40
63E960
64DF10
65CF70
66B700
679240
6864B0
6931B0
69F6E0
6AB160
6B63F0
6C10D0
6CB470
6D4AF0
6DD830
6E5FB0
6EDF00
6F5320
6FBF00
7024F0
708150
70D020
711540
715490
718B70
71B6E0
71D9D0
71F6D0
720A00
720F80
720B40
720100
71EE50
71D020
71A980
717CE0
714690
7102B0
70B520
706190
7005B0
6F9E80
6F2F10
6EB9D0
6E3B10
6DAF10
6D19B0
6C7E90
6BDB60
6B2D50
6A7750
69BBB0
68F720
6825E0
674BC0
666C20
6584E0
649360
639A70
629C50
6195D0
6083A0
5F6910
5E4970
5D22D0
5BF2D0
5ABC00
598070
583D50
56EFA0
559A60
5440A0
52E080
517820
5009A0
4E9700
4D1DD0
4B9B50
4A1240
488540
46F2D0
455940
43BA90
421860
4070A0
3EC120
3D0C30
3B53F0
399740
37D4D0
360E30
3444E0
327720
30A360
2ECB50
2CF0B0
2B12B0
293070
274B10
2563C0
237960
218AB0
1F9910
1DA5B0
1BB010
19B7B0
17BD60
15C1E0
13C4B0
11C520
0FC3F0
0DC1D0
0BBEA0
09BA50
07B530
05AFD0
03AA10
01A3E0
FF9D70
FD96F0
FB9090
F98AB0
F78540
F58060
F37C80
F17A30
EF78F0
ED7880
EB7960
E97C60
E78110
E58710
E38F80
E19B60
DFA9B0
DDB9A0
DBCC20
D9E240
D7FB30
D61650
D43530
D25950
D08130
CEAB90
CCD990
CB0CA0
C943B0
C77DC0
C5BCC0
C402B0
C24DB0
C09BD0
BEEEB0
BD4810
BBA670
BA0880
B870A0
B6E160
B55840
B3D300
B25360
B0DB90
AF69B0
ADFC20
AC95A0
AB3930
A9E3E0
A89300
A748A0
A60740
A4CC80
A396A0
A268C0
A14610
A02B70
9F15E0
9E0770
9D02E0
9C05A0
9B0DB0
9A1E80
993B90
986150
978C80
96BF70
95FCF0
954260
948D60
93E1B0
9342F0
92AD80
921DC0
919620
9119B0
90A580
903720
8FD250
8F7B10
8F2D60
8EE5A0
8EA640
8E7250
8E46D0
8E2140
8E0580
8DF770
8DF320
8DF4C0
8DFEE0
8E1480
8E32A0
8E56B0
8E8480
8EBFE0
8F04F0
8F5000
8FA370
900240
906950
90D630
914C90
91D050
925D80
92F070
938B70
943170
94DF70
959300
964FA0
9718F0
97EB50
98C330
99A2B0
9A8C90
9B7E00
9C7490
9D73A0
9E7E90
9F91F0
A0AA60
A1C9E0
A2F2F0
A422D0
A55790
A693E0
A7DB00
A929C0
AA7D20
ABD6D0
AD3910
AEA160
B00DF0
B18140
B2FE00
B48170
B608E0
B795D0
B92A20
BAC3A0
BC60B0
BE0370
BFAE10
C15E60
C31210
C4CA40
C68860
C84AC0
CA1010
CBD9D0
CDA9E0
CF7E50
D15560
D32FF0
D50F10
D6F140
D8D5A0
DABD30
DCA940
DE9870
E08970
E27CD0
E47320
E66B80
E86520
EA60B0
EC5ED0
EE5EC0
F05FB0
F261D0
F46550
F669B0
F86E60
FA73B0
FC79A0
FE8010
0086A0
028D20
049350
069940
089EC0
0AA360
0CA6B0
0EA900
10AAB0
12AB30
14A9C0
16A6D0
18A290
1A9C10
1C9270
1E8670
2078E0
226900
2455A0
263F90
282760
2A0BA0
2BEAD0
2DC660
2F9FA0
317560
334620
351310
36DD10
38A250
3A60C0
3C1A60
3DD0D0
3F82B0
412E30
42D4D0
4477F0
461500
47A9B0
493850
4AC330
4C4890
4DC630
4F3E00
50B1A0
521E40
538100
54DCC0
563410
5784F0
58CD00
5A0E80
5B4B40
5C8010
5DA9C0
5ECB80
5FE860
60FE10
620A00
630EA0
640E10
6504E0
65EF80
66D170
67AE10
688310
694D70
6A1000
6ACCF0
6B80B0
6C2790
6CC540
6D5D30
6DED00
6E71C0
6EEE40
6F6500
6FD220
7031D0
708800
70D840
712020
715C90
719090
71BEA0
71E300
71F9B0
720690
720D70
720BE0
71FED0
71E950
71CDC0
71A880
7175A0
713900
70F670
70AB90
705530
6FF690
6F9200
6F2400
6EA890
6E23B0
6D9900
6D0620
6C6850
6BC270
6B16E0
6A6240
69A0D0
68D650
680650
672E80
664C50
656290
647380
637BF0
627870
616C60
605B30
5F42D0
5E20E0
5CF7F0
5BCA30
5A94A0
595430
580C00
56BF30
556BE0
541000
52ADE0
514770
4FDA20
4E6340
4CE5A0
4B63D0
49DC70
484DA0
46B980
4521A0
438400
41DE30
4032B0
3E83C0
3CD020
3B1670
395850
379740
35D1A0
340570
3234B0
306140
2E8A40
2CAE80
2ACF70
28EE30
2709A0
252060
2333C0
214540
1F5440
1D6020
1B69D0
197220
177860
157BE0
137D60
117DB0
0F7CC0
0D7A40
0B76D0
0972D0
076E20
056890
036260
015C00
FF5570
FD4F00
FB48B0
F942C0
F73D80
F53960
F33600
F13340
EF3180
ED3180
EB32E0
E93580
E73A30
E541C0
E34B90
E156C0
DF6440
DD7510
DB8860
D99DC0
D7B670
D5D410
D3F530
D21880
D03F30
CE6AB0
CC99E0
CACBE0
C90290
C73FD0
C581E0
C3C6E0
C21050
C06010
BEB480
BD0C70
BB6A40
B9D040
B83C30
B6ABD0
B520F0
B39D80
B21FD0
B0A640
AF3390
ADCAA0
AC68A0
AB0AF0
A9B380
A864E0
A71CB0
A5D940
A49D90
A36CF0
A24410
A12020
A00330
9EF000
9DE3F0
9CDD20
9BDEE0
9AECA0
9A02F0
991EA0
9841E0
976FA0
96A530
95E040
952470
947590
93CFC0
932FA0
929790
920A90
9185B0
9106B0
909130
902910
8FCA70
8F71C0
8F2170
8EDC80
8E9FF0
8E6950
8E3C70
8E1D40
8E07D0
8DF860
8DF150
8DF5D0
8E02C0
8E15B0
8E3260
8E5CC0
8E90E0
8ECAF0
8F0D60
8F5B30
8FB170
900D90
907340
90E650
9162E0
91E550
926FF0
9305A0
93A350
9446C0
94F340
95ACC0
966F50
973780
980770
98E1E0
99C3F0
9AAB60
9B9B60
9C9780
9D9C30
9EA610
9FB720
A0D1F0
A1F3D0
A31A90
A44940
A582E0
A6C450
A80A90
A95750
AAACE0
AC08B0
AD68D0
AECFF0
B040E0
B1B8B0
B334B0
B4B670
B63FB0
B7CE70
B960F0
BAF960
BC9A20
BE40C0
BFEAE0
C199C0
C34EF0
C508A0
C6C550
C886D0
CA4EF0
CC1BD0
CDEB80
CFBEE0
D19720
D372D0
D550C0
D73240
D918A0
DB0280
DCEE50
DEDCD0
E0CEA0
E2C2C0
E4B850
E6B020
E8AAF0
EAA7E0
ECA610
EEA5B0
F0A700
F2A980
F4ACA0
F6B090
F8B5A0
FABB70
FCC190
FEC800
00CE90
02D510
04DB40
06E100
08E5D0
0AEA10
0CEDD0
0EF0A0
10F1E0
12F1F0
14F0E0
16EDE0
18E830
1AE070
1CD770
1ECC40
20BDF0
22AD30
249A80
268490
286A10
2A4C30
2C2C30
2E08F0
2FE100
31B580
338760
3554B0
371B90
38DDE0
3A9D40
3C5850
3E0D40
3FBDA0
416A80
4311C0
44B0F0
464A50
47E010
497070
4AF970
4C7CF0
4DFC50
4F74F0
50E3F0
524C30
53B020
550DE0
566310
57B1D0
58FBF0
5A3E60
5B75F0
5CA5B0
5DD0B0
5EF4C0
600F40
612290
6230C0
633680
643040
652180
660D80
66F1F0
67CC00
689E50
696B20
6A2EE0
6AE5E0
6B93C0
6C3C10
6CDC40
6D7180
6DFEA0
6E85F0
6F03D0
6F7440
6FDB40
703C60
709530
70E290
7127A0
7166C0
719C20
71C3E0
71E1F0
71FA00
720990
720DA0
720940
71FED0
71EAB0
71C8E0
719D50
716BD0
7131D0
70EC70
709EB0
704B10
6FEDD0
6F8320
6F0ED0
6E94B0
6E1260
6D84F0
6CEF60
6C5430
6BAFB0
6AFE50
6A43B0
698370
68BB50
67E8C0
670E60
662EA0
654640
6451A0
635470
6251F0
614830
6034A0
5F19E0
5DFA30
5CD290
5B9FC0
5A6510
592580
57DF60
569060
553B00
53E120
528030
511560
4FA380
4E2D60
4CB180
4B2DD0
49A490
481780
468460
44E8D0
434740
41A210
3FF800
3E4780
3C9260
3ADA30
391D00
3758F0
359010
33C440
31F4B0
302010
2E47D0
2C6D40
2A8F00
28ABA0
26C4B0
24DB90
22EFC0
210070
1F0EA0
1D1B50
1B2590
192CA0
173160
1534D0
1336A0
113690
0F3540
0D3330
0B3020
092BC0
072670
0520A0
031A70
011400
FF0D70
FD0710
FB0110
F8FBA0
F6F6A0
F4F210
F2EE50
F0EBE0
EEEA90
ECEA40
EAEBB0
E8EFA0
E6F570
E4FC80
E30590
E11180
DF1FC0
DD2FD0
DB4300
D95A90
D77560
D59240
D3B230
D1D6A0
CFFE80
CE2900
CC57D0
CA8CE0
C8C660
C702B0
C54340
C389C0
C1D4C0
C02320
BE7700
BCD2C0
BB3430
B99920
B80350
B674C0
B4EBB0
B36690
B1E820
B07310
AF04C0
AD9AA0
AC3690
AADB00
A985C0
A83520
A6EC00
A5ADA0
A476E0
A344F0
A219E0
A0F840
9FDDC0
9EC840
9DBB30
9CB9F0
9BC110
9ACD80
99E160
98FFA0
982570
9750D0
968530
95C630
951050
945FF0
93B790
931A20
9284D0
91F540
916F10
90F640
9086E0
901D50
8FBC10
8F6630
8F18A0
8ED110
8E9330
8E62E0
8E3C50
8E1BB0
8E0390
8DF6F0
8DF2C0
8DF490
8E0020
8E1960
8E3C70
8E6570
8E96E0
8ED3C0
8F1900
8F6430
8FB900
901B50
908740
90F900
917300
91F830
928580
931890
93B4E0
945E40
9510E0
95C920
968940
975400
982680
98FE70
99DF30
9ACC30
9BC1E0
9CBCE0
9DBF40
9ECB90
9FDF10
A0F7A0
A21830
A34410
A477E0
A5B0A0
A6F010
A83870
A98760
AADAD0
AC3570
AD9A10
AF05E0
B07600
B1EC10
B36A00
B4EDA0
B67510
B802C0
B99910
BB3580
BCD5A0
BE7AC0
C02670
C1D6E0
C38A90
C54340
C70310
C8C7D0
CA8F90
CC5B40
CE2C30
D000D0
D1D7D0
D3B2C0
D592F0
D776E0
D95D10
DB4610
DD32D0
DF2230
E11330
E306B0
E4FDA0
E6F700
E8F1D0
EAEE60
ECED00
EEED10
F0EDF0
F2F000
F4F390
F6F830
F8FD70
FB0330
FD0980
FF0FF0
011670
031CA0
052280
072810
092D40
0B31D0
0D3550
0F37D0
113960
133950
153700
1732F0
192DD0
1B26C0
1D1D00
1F1110
210370
22F2D0
24DE00
26C630
28AC60
2A8FA0
2C6E80
2E4A20
302340
31F820
33C6F0
359180
375950
391D00
3ADAF0
3C9480
3E4AD0
3FFBB0
41A4E0
434890
44E8C0
4683E0
4817E0
49A680
4B3130
4CB560
4E3050
4FA4A0
5114E0
527F20
53E100
553CB0
5693D0
57E370
592880
5A6600
5B9EE0
5CD0E0
5DF9A0
5F1B50
6037F0
614C50
6254F0
635540
645060
654410
662D90
670F70
67EBF0
68BF70
698650
6A4440
6AFCA0
6BAD10
6C52A0
6CF020
6D87F0
6E1650
6E9780
6F0F30
6F8120
6FEAC0
704910
709F20
70EF30
713590
716E60
719D70
71C6A0
71E750
71FC80
720940
721000
720D00
71FC40
71E1D0
71C160
719880
716420
712750
70E4A0
709850
703E70
6FDAF0
6F7190
6EFFE0
6E8300
6DFDF0
6D7320
6CDF00
6C3DC0
6B9330
6AE300
6A2AE0
696800
689D50
67CD30
66F440
660EE0
6520C0
642D50
633260
622D70
612140
600FF0
5EF690
5DD1C0
5CA4D0
5B72F0
5A3A50
58F890
57B040
566360
550F30
53B0C0
524B10
50E110
4F7100
4DF8F0
4C7B10
4AF940
497120
47E030
464900
44AE00
430DF0
416720
3FBB80
3E0C90
3C5860
3A9D00
38DC80
3718E0
355130
338420
31B340
2FDFE0
2E0880
2C2B90
2A4AC0
2867A0
268180
249770
22AAC0
20BC40
1ECB20
1CD650
1ADEE0
18E5F0
16EB30
14EE10
12EF70
10EFE0
0EEF00
0CEC60
0AE880
08E3F0
06DEB0
04D8C0
02D280
00CC20
FEC5E0
FCBFC0
FAB9C0
F8B400
F6AEC0
F4AA70
F2A6F0
F0A450
EEA310
ECA3F0
EAA650
E8A9C0
E6AEE0
E4B690
E2C050
E0CBB0
DED9D0
DCEBF0
DB00F0
D917E0
D73190
D54F70
D37070
D193F0
CFBB80
CDE8D0
CC1A60
CA4E80
C886B0
C6C470
C50670
C34BA0
C19620
BFE810
BE3F60
BC9A20
BAF9E0
B96090
B7CC80
B63C50
B4B280
B331C0
B1B780
B04150
AED110
AD68F0
AC06F0
AAA970
A95350
A807A0
A6C350
A583B0
A44AD0
A31B20
A1F260
A0CE90
9FB300
9EA300
9D9B50
9C98C0
9B9D80
9AAC70
99C2D0
98DEB0
980360
973490
966EB0
95AE50
94F5E0
944830
93A280
930290
926C00
91E280
916270
90E840
907640
900F80
8FB100
8F5880
8F0990
8EC850
8E90B0
8E5F00
8E35C0
8E1800
8E02B0
8DF360
8DEDD0
8DF600
8E07E0
8E1FC0
8E4010
8E6BE0
8EA030
8EDA60
8F1E30
8F6FB0
8FCAC0
902BC0
909500
910990
918650
9208E0
9294D0
932DE0
93D040
947860
952880
95E360
96A620
976E60
983F90
991D30
9A03A0
9AEF90
9BE2F0
9CE070
9DE540
9EEF30
A00160
A11F20
A24500
A36FF0
A4A1B0
A5DCA0
A71E40
A86490
A9B240
AB0A50
AC69C0
ADCD90
AF3790
B0A9B0
B221B0
B39DB0
B52020
B6AB90
B83D70
B9D320
BB6E00
BD0FD0
BEB690
C060B0
C21020
C3C710
C58340
C74290
C90620
CACF30
CC9C30
CE6BD0
D03F90
D21910
D3F6A0
D5D690
D7B9A0
D9A0C0
DB8AC0
DD7690
DF6540
E157D0
E34D20
E54400
E73CE0
E93850
EB3570
ED3380
EF3310
F134A0
F337A0
F53B60
F73FE0
F94550
FB4B40
FD5150
FF5770
015DC0
036400
056A40
077000
097510
0B7960
0D7D00
0F7F50
117FD0
137EF0
157D20
1779B0
1973F0
1B6C50
1D6320
1F5740
2147A0
233550
252140
270A60
28EFA0
2AD1D0
2CB1A0
2E8D80
3063D0
323620
3405E0
35D1C0
379830
395A80
3B19B0
3CD3C0
3E8680
403410
41DE40
438390
452210
46BB70
485100
49E050
4B66C0
4CE6E0
4E62F0
4FD930
514770
52AFA0
541360
556FF0
56C230
580D10
595360
5A9320
5BC9B0
5CF970
5E2440
5F46F0
605E30
616D40
627730
6379E0
647290
6563C0
664F90
6732A0
680930
68D6F0
699F40
6A5FC0
6B1570
6BC340
6C6B50
6D0A20
6D9BC0
6E2420
6EA6B0
6F2100
6F9020
6FF700
7057F0
70AF50
70F910
713930
717370
71A530
71CB80
71E960
720150
720F70
720FE0
720680
71F730
71DF60
71BC20
719060
715EB0
712350
70DA60
7087C0
702F30
6FCE50
6F6220
6EEDC0
6E7380
6DEFD0
6D5EF0
6CC4C0
6C24C0
6B7CB0
6AC9D0
6A0F00
694EA0
688560
67AF80
66D0C0
65EC90
6500C0
640AD0
630D60
620AD0
610000
5FE970
5ECAA0
5DA6C0
5C7C00
5B47E0
5A0CF0
58CD70
578660
5634C0
54DBB0
537E10
521A50
50AE30
4F3C30
4DC600
4C4950
4AC370
493710
47A6D0
461130
447480
42D2C0
412D90
3F82F0
3DD0A0
3C1900
3A5E10
389ED0
36D9D0
3510D0
334510
317510
2F9F20
2DC4F0
2BE850
2A0860
282440
263D20
245420
226820
2077F0
1E84E0
1C9010
1A9940
189FB0
16A450
14A7E0
12A9C0
10A960
0EA770
0CA4A0
0AA0F0
089C20
0696C0
049110
028B20
0084E0
FE7E70
FC7800
FA71D0
F86C30
F66720
F462A0
F25F50
F05DA0
EE5D20
EC5D80
EA5F50
E86350
E66910
E47040
E279E0
E08710
DE96E0
DCA850
DABC60
D8D430
D6EEE0
D50BE0
D32CB0
D152D0
CF7CE0
CDA960
CBD990
CA0F10
C84890
C68520
C4C6A0
C30F50
C15D10
BFAE00
BE03C0
BC6020
BAC190
B926B0
B79200
B605F0
B48030
B2FE50
B18220
B00DE0
AE9FA0
AD35A0
ABD2E0
AA7A30
A928B0
A7DBC0
A69560
A557F0
A42150
A2EF80
A1C5D0
A0A760
9F9110
9E7FC0
9D75A0
9C7580
9B7CD0
9A8960
999EA0
98C040
97EAA0
971A80
965220
959460
94DE90
942E60
938770
92EDA0
925D10
91D230
914F90
90D810
9068D0
8FFF70
8F9FA0
8F4D60
8F04C0
8EC210
8E87C0
8E58E0
8E3280
8E1200
8DFB50
8DF250
8DF320
8DF9F0
8E0920
8E23D0
8E4700
8E7020
8EA300
8EE380
8F2DA0
8F7DC0
8FD630
9039F0
90A600
9117E0
919340
921BE0
92ADF0
9345C0
93E5A0
949070
954340
95FB90
96BCF0
978B00
986200
993E80
9A22A0
9B1100
9C06E0
9D0200
9E0580
9F14C0
A02C50
A14910
A26CD0
A39A00
A4CE10
A606E0
A74740
A89250
A9E4F0
AB3C20
AC99A0
ADFF80
AF6B80
B0DBB0
B25280
B3D2B0
B55970
B6E440
B87480
BA0BF0
BBA880
BD48A0
BEEE60
C09BF0
C24F00
C40570
C5C050
C78110
C945F0
CB0DB0
CCD9D0
CEAC20
D082B0
D25BF0
D43880
D61980
D7FD90
D9E3B0
DBCCF0
DDBA90
DFAB40
E19DC0
E39270
E58A00
E78390
E97E50
EB7AD0
ED79E0
EF7A90
F17C30
F37EF0
F58300
F787D0
F98CF0
FB9280
FD9890
FF9F00
01A5A0
03AC10
05B220
07B7B0
09BCE0
0BC110
0DC3D0
0FC580
11C670
13C620
15C3C0
17BFD0
19BA80
1BB2F0
1DA800
1F9AA0
218BB0
237A40
256540
274D70
293380
2B15F0
2CF330
2ECCC0
30A3E0
327770
3445E0
361070
37D820
399AE0
3B56B0
3D0D80
3EC140
407060
4218F0
43BCA0
455CB0
46F6B0
488820
4A1380
4B9B00
4D1CF0
4E9720
500B70
517B80
52E480
544390
559B70
56EEF0
583BF0
598010
5ABD90
5BF630
5D26F0
5E4C70
5F69F0
608280
6193E0
629B70
639BB0
6496A0
6588F0
666F00
674C60
682460
68F4A0
69BA50
6A7830
6B3060
6BDF60
6C8170
6D1A30
6DAD40
6E3830
6EB800
6F2FA0
6FA160
700980
706440
70B560
710090
714350
717AB0
71A9B0
71D2B0
71F1F0
720370
720B40
720D10
720670
71F440
71D9A0
71B900
718EB0
7156C0
711510
70CD80
707D80
702220
6FBE70
6F54F0
6EE1F0
6E61A0
6DD7D0
6D4830
6CB080
6C0DC0
6B6310
6AB2C0
69F950
693330
686410
678F50
66B2F0
65CC30
64DDE0
63EA50
62EE40
61E650
60D5F0
5FC070
5EA3D0
5D7DA0
5C5080
5B1EA0
59E500
58A090
575480
5603C0
54ACB0
534D00
51E720
507D10
4F0C30
4D91D0
4C10B0
4A8B80
4900D0
476EC0
45D760
443C60
429BB0
40F300
3F44A0
3D92E0
3BDC90
3A2030
385F70
369BE0
34D3C0
330550
313260
2F5CC0
2D8390
2BA5E0
29C4E0
27E1D0
25FB70
241080
222260
203250
1E3FE0
1C4A60
1A52E0
185A00
165F30
1461B0
126250
1061E0
0E6040
0C5D20
0A5910
085490
064F90
0449C0
024380
003CF0
FE3660
FC3000
FA2A00
F82450
F61F70
F41BC0
F218F0
F016C0
EE15D0
EC16A0
EA18F0
E81C80
E62230
E42B00
E23620
E042B0
DE51A0
DC63F0
DA78E0
D88FE0
D6AA60
D4C9D0
D2ECE0
D11240
CF3B10
CD68D0
CB9A50
C9CEA0
C807B0
C64790
C48C30
C2D3E0
C12010
BF7290
BDC9F0
BC24E0
BA85B0
B8EEE0
B75DF0
B5D0E0
B44940
B2C950
B14F10
AFD900
AE69E0
AD04A0
ABA660
AA4C70
A8F8F0
A7AE30
A669F0
A52A80
A3F2F0
A2C660
A1A1C0
A08200
9F6950
9E5A70
9D52D0
9C5060
9B5690
9A68D0
9983C0
98A400
97CBE0
96FE50
963880
957860
94C150
941730
937630
92DAF0
9247C0
91BFA0
913FB0
90C5A0
905520
8FF200
8F9870
8F44D0
8EF980
8EB990
8E8220
8E50A0
8E28D0
8E0EB0
8DFE50
8DF3F0
8DF200
8DFBA0
8E0DB0
8E25C0
8E4780
8E76F0
8EB020
8EEF40
8F36C0
8F89A0
8FE4E0
904600
90B0B0
9128B0
91AA30
923190
92C110
935BA0
93FE30
94A670
9557C0
9615F0
96DD40
97AA20
987EC0
995DD0
9A4470
9B3060
9C24F0
9D2570
9E2E80
9F3CC0
A05230
A17140
A29750
A3C240
A4F500
A632C0
A77830
A8C260
AA1300
AB6C50
ACCBE0
AE2FD0
AF9AA0
B10F20
B28A70
B409E0
B58EF0
B71B90
B8ADA0
BA4340
BBDED0
BD8290
BF2C20
C0D920
C28AD0
C442B0
C5FF00
C7BE50
C98260
CB4CF0
CD1C10
CEEE00
D0C390
D29DE0
D47BA0
D65B80
D83ED0
DA26F0
DC1270
DDFFE0
DFEFE0
E1E320
E3D890
E5CF60
E7C850
E9C430
EBC220
EDC120
EFC190
F1C3A0
F3C6C0
F5CA60
F7CEC0
F9D420
FBDA30
FDE080
FFE700
01ED90
03F3F0
05FA00
07FF70
0A03E0
0C07A0
0E0AD0
100D00
120D80
140CC0
160AD0
1806E0
1A0000
1BF710
1DECC0
1FE030
21D070
23BE30
25A9F0
279260
297610
2B5650
2D3450
2F0F00
30E4F0
32B740
3486D0
3651C0
381630
39D600
3B92C0
3D4B20
3EFD50
40AAD0
4254E0
43F910
459530
472B70
48BE00
4A4B30
4BD0E0
4D50E0
4ECCD0
5041E0
51AD60
5311F0
547220
55CC20
571D70
586850
59AE70
5AECE0
5C2050
5D4C00
5E72D0
5F92A0
60A8D0
61B7D0
62C1A0
63C2E0
64B830
65A4F0
668C60
676C40
6841B0
690F50
69D770
6A9680
6B48B0
6BF1C0
6C9530
6D3090
6DC0F0
6E4920
6ECB80
6F4460
6FAFF0
7011F0
706E00
70C1C0
710A30
714A30
718440
71B490
71D730
71F020
720310
720D90
720C90
720310
71F3A0
71DA60
71B380
7182D0
714C30
710D30
70C2D0
707000
701740
6FB500
6F4560
6ECC30
6E4D10
6DC5D0
6D3370
6C9910
6BF8F0
6B4FA0
6A9980
69DA20
691520
684860
677110
669220
65ADD0
64C0E0
63C7D0
62C630
61BF50
60B130
5F9940
5E7A40
5D5660
5C2A90
5AF3B0
59B4F0
587160
572750
55D470
547B30
531D90
51B8E0
504A70
4ED510
4D5B70
4BDC10
4A5500
48C880
473830
45A1F0
440340
425EB0
40B680
3F0990
3D5640
3B9E70
39E380
3823C0
365D40
349200
32C3E0
30F200
2F1B30
2D40F0
2B6450
298420
279EF0
25B640
23CB80
21DE10
1FED40
1DFA10
1C0560
1A0E70
181450
161810
141A80
121B80
101AA0
0E1890
0C15E0
0A1250
080D80
0607E0
0401E0
01FB80
FFF4F0
FDEE70
FBE820
F9E240
F7DD20
F5D8A0
F3D480
F1D150
EFCF90
EDCF00
EBCF70
E9D1C0
E7D6C0
E5DDB0
E3E5F0
E1F040
DFFDA0
DE0D50
DC1EF0
DA33B0
D84D00
D669A0
D48850
D2AA40
D0D0B0
CEFAB0
CD2760
CB5880
C98FF0
C7CBF0
C60AC0
C44DF0
C29720
C0E4E0
BF3610
BD8CE0
BBEBA0
BA5020
B8B830
B72590
B59A40
B41480
B292D0
B117E0
AFA660
AE3BA0
ACD520
AB74D0
AA1D10
A8CBA0
A77EE0
A639D0
A4FF70
A3CCD0
A29F00
A17810
A05AC0
9F4480
9E3360
9D2AA0
9C2DD0
9B3980
9A4A60
9962D0
9885A0
97B010
96E020
961930
955EF0
94ADD0
940240
935EB0
92C620
9235B0
91AB00
9129D0
90B5F0
904B90
8FE710
8F8AD0
8F39F0
8EF170
8EAEE0
8E7610
8E4AE0
8E2960
8E0DE0
8DFAD0
8DF340
8DF430
8DFB10
8E0BC0
8E2A20
8E5240
8E8050
8EB6D0
8EF8C0
8F4310
8F9350
8FED20
905470
90C550
913C10
91BB00
924510
92D750
936F40
941070
94BE90
9575F0
963300
96F7E0
97C750
989E80
997B10
9A6060
9B51E0
9C4C00
9D4B80
9E5250
9F62F0
A07AC0
A19790
A2BC50
A3EC50
A52440
A66100
A7A470
A8F0D0
AA43A0
AB9AD0
ACF930
AE6190
AFD100
B144C0
B2BE50
B43FA0
B5C690
B75160
B8E250
BA7BC0
BC1B40
BDBE60
BF6670
C11510
C2C850
C47EB0
C63A10
C7FC60
C9C3A0
CB8DC0
CD5BD0
CF2F00
D105C0
D2DEF0
D4BBD0
D69DF0
D883B0
DA6B90
DC5650
DE44A0
E03570
E227D0
E41CA0
E614D0
E80F50
EA0B30
EC08B0
EE0830
F00910
F20AA0
F40D50
F61170
F81680
FA1C10
FC2210
FE2880
002F10
023580
043BA0
064140
084670
0A4B40
0C4F60
0E5240
105410
1254F0
145410
1650C0
184BB0
1A4570
1C3D40
1E3230
2024E0
2215C0
2403B0
25ED30
27D3A0
29B810
2B9960
2D7650
2F4FF0
3126E0
32F990
34C610
368E30
385390
3A14C0
3BD010
3D8700
3F3A90
40E890
428ED0
442F80
45CCA0
476490
48F560
4A80C0
4C0810
4D88E0
4F0050
507120
51DDC0
534450
54A280
55FA50
574DA0
589960
59DA70
5B13F0
5C48B0
5D7690
5E9B10
5FB890
60D0F0
61E0F0
62E530
63E110
64D7C0
65C6F0
66ABD0
678920
6860F0
692FD0
69F200
6AAB30
6B5EC0
6C0A60
6CAB20
6D43D0
6DD6C0
6E6030
6EDC60
6F4F20
6FBC10
7020C0
707A10
70CB10
711610
715760
718B20
71B520
71D930
71F4D0
7204F0
720C90
720E40
720620
71F050
71D0C0
71AB30
717D40
7143E0
710210
70BA40
7068E0
700A00
6FA180
6F3320
6EBC70
6E3AB0
6DB0B0
6D20F0
6C87F0
6BE1E0
6B3280
6A7D80
69C0A0
68F910
6829C0
6754F0
667750
658D60
649AC0
63A2D0
62A380
619A20
608990
5F7400
5E5650
5D2D50
5BFC30
5AC640
598990
5843E0
56F7A0
55A6D0
544ED0
52ECB0
518350
5015B0
4EA210
4D2680
4BA530
4A2000
489490
470060
456610
43C800
4224F0
407B30
3ECCA0
3D1AF0
3B6410
39A610
37E300
361CE0
3452D0
328370
30B050
2EDAB0
2D0130
2B2250
293FA0
275AB0
2572C0
238720
2198D0
1FA8E0
1DB650
1BC030
19C7A0
17CD90
15D1B0
13D3A0
11D430
0FD3D0
0DD240
0BCF00
09CA90
07C5A0
05C010
03B9F0
01B380
FFAD10
FDA6D0
FBA0E0
F99B20
F795A0
F590C0
F38CF0
F18A10
EF8800
ED8780
EB8940
E98CA0
E79110
E59750
E3A030
E1AB30
DFB7F0
DDC780
DBDB30
D9F1E0
D80A70
D62600
D445C0
D268D0
D08E50
CEB800
CCE7A0
CB1B70
C95200
C78C90
C5CCE0
C41170
C25950
C0A690
BEFB70
BD55C0
BBB370
BA1630
B88010
B6EF40
B56240
B3DBD0
B25E80
B0E7C0
AF7520
AE0860
ACA400
AB45C0
A9EC00
A899B0
A751F0
A611C0
A4D620
A3A140
A275C0
A15130
A031A0
9F1A50
9E0EB0
9D0B60
9C0D30
9B1680
9A29E0
9944E0
986550
978EA0
96C490
960360
9547C0
949410
93EB30
934A50
92AF40
921D90
919900
911DE0
90A8A0
903BA0
8FD9E0
8F8060
8F2CE0
8EE310
8EA6E0
8E7450
8E47B0
8E2380
8E0AD0
8DFAA0
8DF060
8DEFF0
8DFD30
8E1430
8E3120
8E5690
8E8770
8EC0D0
8F0010
8F48F0
8F9F70
8FFF80
906580
90D3D0
914D50
91CF00
925680
92E740
938530
942C70
94D960
958E40
964DF0
971570
97E260
98B830
999A60
9A8570
9B75D0
9C6DB0
9D6FA0
9E78E0
9F8730
A09DA0
A1BFA0
A2E9B0
A418C0
A54E90
A68DA0
A7D340
A91D70
AA6F00
ABCAE0
AD2E00
AE9590
B00330
B178E0
B2F450
B473D0
B5F9B0
B78860
B91D70
BAB640
BC5440
BDF910
BFA2B0
C14FC0
C30200
C4BBA0
C67A60
C83C40
CA0240
CBCDB0
CD9D10
CF6F00
D144F0
D32070
D4FFF0
D6E1D0
D8C6C0
DAAFA0
DC9B40
DE88A0
E078C0
E26CB0
E46340
E65B60
E85570
EA51E0
EC4FE0
EE4EE0
F04F30
F25170
F45500
F65930
F85E30
FA63F0
FC6A20
FE7060
0076A0
027CC0
0482E0
0688E0
088E60
0A92F0
0C96C0
0E99D0
109B90
129B40
149980
1696C0
189260
1A8B70
1C8290
1E7810
206AF0
2259D0
2445F0
263030
2817A0
29FB10
2BDB50
2DB930
2F9310
316730
333740
3504B0
36CE30
389220
3A51E0
3C0E80
3DC5E0
3F75D0
412070
42C7B0
446A10
460580
479BC0
492E20
4ABA20
4C3D30
4DB9D0
4F3270
50A530
520FC0
537440
54D460
562D10
577B70
58C260
5A04C0
5B4070
5C72E0
5D9E80
5EC520
5FE390
60F680
620140
6306E0
640520
64F940
65E5F0
66CD30
67ABA0
687DA0
6946B0
6A0A40
6AC5F0
6B76F0
6C1FF0
6CC330
6D5D10
6DE9D0
6E6D40
6EEAE0
6F6040
6FCA70
702C50
708840
70DA90
711F40
715A50
718F80
71BC30
71DD70
71F630
7208F0
721200
720D60
71FEF0
71EA80
71CDA0
71A540
717470
713DB0
70FD50
70AF40
7057A0
6FFA10
6F9430
6F2310
6EA9B0
6E2A80
6DA1E0
6D0C20
6C6D10
6BC830
6B1B50
6A63B0
69A420
68DF10
681120
6736A0
665350
656A80
647A30
637FC0
627DE0
6176F0
6067B0
5F4CE0
5E29D0
5D01D0
5BD2E0
5A9AB0
595BC0
581820
56CD20
5577B0
541AD0
52B980
515200
4FE250
4E6CC0
4CF320
4B7300
49E9C0
485A20
46C690
452DD0
438E20
41E960
404140
3E93B0
3CDEA0
3B2440
3966B0
37A4E0
35DD80
341210
324400
3071B0
2E99A0
2CBD80
2ADEE0
28FD00
271720
252E40
234390
2155F0
1F6450
1D6FF0
1B79E0
1981C0
178720
158AC0
138D40
118E40
0F8D20
0D8AA0
0B8740
098300
077DD0
057810
037230
016C10
FF65C0
FD5F60
FB5910
F95320
F74DE0
F54940
F34540
F14280
EF4180
ED41D0
EB4300
E945C0
E74AD0
E551B0
E35A10
E16500
DF7390
DD84D0
DB97E0
D9AD90
D7C720
D5E3B0
D40290
D22540
D04D80
CE79B0
CCA870
CADB00
C912E0
C74ED0
C58DD0
C3D200
C21D60
C06DF0
BEC1C0
BD1A70
BB79D0
B9DE50
B84690
B6B510
B52C60
B3AA00
B22B90
B0B2E0
AF4230
ADD780
AC7130
AB1220
A9BD40
A86FB0
A726B0
A5E440
A4AAF0
A37860
A24AB0
A12520
A00B00
9EF900
9DEC00
9CE650
9BEAA0
9AF660
9A0770
992140
984780
977690
96AB20
95E780
952EA0
947D90
93D220
932FD0
929A80
920EB0
918900
910BF0
909A70
903160
8FCE00
8F73B0
8F2630
8EE1C0
8EA2D0
8E6C50
8E4190
8E1F80
8E03A0
8DF1C0
8DEDB0
8DF3D0
8E0090
8E1680
8E3890
8E6330
8E9360
8ECC40
8F1180
8F5F10
8FB190
900BE0
907180
90DFE0
9154C0
91D400
9261A0
92FA20
9399E0
9442E0
94F790
95B400
967510
973D10
980F20
98E780
99C330
9AA520
9B90F0
9C84E0
9D7FC0
9E8570
9F99B0
A0B980
A1E160
A31270
A44DE0
A58F70
A6D360
A81B10
A968C0
AAB920
AC0A00
AD5E70
AEBA80
B01DD0
B18880
B2FEB0
B48400
B615E0
B7B110
B95540
BB01E0
BCB230
BE61B0
C01000
C1BE00
C36930
C51090
C6B790
C862E0
CA1490
CBCED0
CD9630
CF6E00
D154B0
D346E0
D54260
D743E0
D94570
DB4190
DD3580
DF2080
E100E0
E2D760
E4A830
E67960
E85040
EA3210
EC2430
EE29E0
F04270
F26A60
F49CA0
F6D250
F90390
FB28E0
FD3CB0
FF3BF0
012630
02FE30
04C9F0
069180
085EC0
0A3AE0
0C2CF0
0E3880
105DE0
1298F0
14E0D0
1729F0
196910
1B9390
1D9FF0
1F8890
214E10
22F620
248960
2613A0
27A4A0
294B50
2B1130
2CFB00
2F09D0
313850
3378B0
35B8E0
37E870
39F7D0
3BD800
3D8010
3EF1A0
403630
415AB0
427100
439110
44D150
464010
47E400
49BF60
4BCA50
4DF070
5016C0
522460
5401C0
559830
56D9D0
57C900
5873F0
58EE70
595400
59C8C0
5A6E90
5B5C60
5C9D60
5E3540
601890
622920
643E80
663150
67DBC0
691A10
69D620
6A1140
69DF80
696070
68C060
683800
67FDE0
683A60
690400
6A6360
6C47C0
6E8390
70D630
72FC20
74B170
75B4C0
75DA20
7518F0
738AD0
7161F0
6EECD0
6C93D0
6AC340
69D810
6A1330
6B9570
6E4DC0
71FC40
762E30
7A5A00
7DD770
7FFE60
7FFFF0
7DCF10
788D10
704660
651E60
5788A0
4832A0
37F4E0
27BE00
187B90
0B0420
FFFCC0
F7D270
F2AE60
F07A40
F0DA20
F34670
F71210
FB8A30
FFFA60
03CEA0
0695E0
0814C0
083BB0
072DC0
053230
02AA70
000010
FD9710
FBC110
FAB2A0
FA8200
FB22F0
FC6D40
FE22E0
FFFD20
01B550
030D60
03DA00
0406A0
039840
02A960
016620
000360
FEB740
FDB110
FD12E0
FCED60
FD3E50
FDF300
FEEAF0
FFFE30
0102D0
01D2C0
0251F0
0271C0
0232C0
01A370
00DDE0
000250
FF32E0
FE8D90
FE2850
FE0EA0
FE3FF0
FEB150
FF4EC0
FFFF10
00A730
012E70
018200
0197C0
016F90
011290
009190
0001B0
FF7950
FF0C60
FEC980
FEB850
FED880
FF2310
FF8AF0
FFFF70
006EC0
00C870
00FFF0
010E80
00F3E0
00B630
006090
000130
FFA6F0
FF5EF0
FF32D0
FF2790
FF3D00
FF6E50
FFB2E0
FFFF90
0048D0
0083B0
00A800
00B170
009FD0
007740
003F20
0000C0
FFC5D0
FF96F0
FF7A50
FF7340
FF8170
FFA1A0
FFCE20
FFFFA0
002E90
005410
006B10
0070D0
006580
004BB0
002810
000060
FFDAF0
FFBD20
FFAB10
FFA6C0
FFAFF0
FFC480
FFE0A0
FFFF90
001C80
003340
004100
004440
003D40
002D90
001800
000010
FFE950
FFD730
FFCC40
FFC9B0
FFCF90
FFDC30
FFED20
FFFF80
001050
001D40
0024C0
002650
002240
001970
000D50
FFFFD0
FFF2E0
FFE870
FFE220
FFE0B0
FFE430
FFEB90
FFF540
FFFF90
0008A0
000F60
001320
0013C0
001190
000D00
0006C0
FFFFC0
FFF8E0
FFF340
FFEFE0
FFEF20
FFF120
FFF530
FFFA60
FFFF90
0003D0
0006C0
000830
000840
000740
000560
0002C0
FFFFB0
FFFC80
FFF9C0
FFF800
FFF7A0
FFF8B0
FFFAC0
FFFD40
FFFFA0
000140
000210
000240
000210
0001C0
000150
0000A0
FFFFB0
FFFE60
FFFD20
FFFC30
FFFBE0
FFFC60
FFFD60
FFFEA0
FFFFC0
000070
0000A0
000080
000030
FFFFF0
FFFFD0
FFFFD0
FFFFF0
000000
000010
000010
000000
000000
000000
000000
000000
000000
000000
000000
000000
000000
