000000
000000
000000
000000
000000
000000
000000
000000
000000
000000
000000
000000
000000
000000
000000
000000
000000
000000
000000
000000
000000
000000
000000
000000
000000
000000
000000
000000
000000
000000
000000
000000
000000
000000
000000
000000
000000
000000
000000
000000
000000
000000
000000
000000
000000
000000
000000
000000
000000
000000
000000
000000
000000
000000
000000
000000
000000
000000
000000
000000
000000
000000
000000
000000
000000
000000
000000
000000
000000
000000
000000
000000
000000
000000
000000
000000
000000
000000
000000
000000
000000
000000
000000
000000
000000
000000
000000
000000
000000
000000
000000
000000
000000
000000
000000
000000
000000
000000
000000
000000
000000
000000
000000
000000
000000
000000
000000
000000
000000
000000
000000
000000
000000
000000
000000
000000
000000
000000
000000
000000
000000
000000
000000
000000
000000
000000
000000
000000
000000
000000
000000
000000
000000
000000
000000
000000
000000
000000
000000
000000
000000
000000
000000
000000
000000
000000
000000
000000
000000
000000
000000
000000
000000
000000
000000
000000
000000
000000
000000
000000
000000
000000
000000
000000
000000
000000
000000
000000
000000
000000
000000
000000
000000
000000
000000
000000
000000
000000
000000
000000
000000
000000
000000
000000
000000
000000
000000
000000
000000
000000
000000
000000
000000
000000
000000
000000
000000
000000
000000
000000
000000
000000
000000
000000
000000
000000
000000
000000
000000
000000
000000
000000
000000
000000
000000
000000
000000
000000
000000
000000
000000
000000
000000
000000
000000
000000
000000
000000
000000
000000
000000
000000
000000
000000
000000
000000
000000
000000
000000
000000
000000
000000
000000
000000
000000
000000
000000
000000
000000
000000
000000
000000
000000
000000
000000
000000
000000
000000
000000
000000
000000
000000
000000
000000
000000
000000
000000
000000
000000
000000
000000
000000
000000
000000
000000
000000
000000
000000
000000
000000
000000
000000
000000
000000
000000
000000
000000
000000
000000
000000
000000
000000
000000
000000
000000
000000
000000
000000
000000
000000
000000
000000
000000
000000
000000
000000
000000
000000
000000
000000
000000
000000
000000
000000
000000
000000
000000
000000
000000
000000
000000
000000
000000
000000
000000
000000
000000
000000
000000
000000
000000
000000
000000
000000
000000
000000
000000
000000
000000
000000
000000
000000
000000
000000
000000
000000
000000
000000
000000
000000
000000
000000
000000
000000
000000
000000
000000
000000
000000
000000
000000
000000
000000
000000
000000
000000
000000
000000
000000
000000
000000
000000
000000
000000
000000
000000
000000
000000
000000
000000
000000
000000
000000
000000
000000
000000
000000
000000
000000
000000
000000
000000
000000
000000
000000
000000
000000
000000
000000
000000
000000
000000
000000
000000
000000
000000
000000
000000
000000
000000
000000
000000
000000
000000
000000
000010
000010
000010
000010
000010
000010
000010
000010
000010
000010
000010
000010
000010
000010
000010
000010
000020
000020
000020
000020
000020
000020
000020
000020
000020
000020
000020
000020
000020
000020
000020
000020
000020
000020
000020
000020
000020
000020
000020
000020
000020
000020
000020
000020
000020
000020
000020
000020
000020
000020
000020
000020
000020
000020
000020
000020
000020
000020
000020
000010
000010
000010
000010
000010
000010
000010
000010
000010
000000
000000
000000
000000
000000
000000
FFFFF0
FFFFF0
FFFFF0
FFFFF0
FFFFF0
FFFFF0
FFFFE0
FFFFE0
FFFFE0
FFFFE0
FFFFE0
FFFFD0
FFFFD0
FFFFD0
FFFFD0
FFFFD0
FFFFD0
FFFFC0
FFFFC0
FFFFC0
FFFFC0
FFFFC0
FFFFB0
FFFFB0
FFFFB0
FFFFB0
FFFFB0
FFFFA0
FFFFA0
FFFFA0
FFFFA0
FFFFA0
FFFFA0
FFFF90
FFFF90
FFFF90
FFFF90
FFFF90
FFFF80
FFFF80
FFFF80
FFFF80
FFFF80
FFFF80
FFFF70
FFFF70
FFFF70
FFFF70
FFFF70
FFFF70
FFFF60
FFFF60
FFFF60
FFFF60
FFFF60
FFFF60
FFFF60
FFFF60
FFFF60
FFFF50
FFFF50
FFFF50
FFFF50
FFFF50
FFFF50
FFFF50
FFFF50
FFFF50
FFFF50
FFFF50
FFFF50
FFFF50
FFFF50
FFFF50
FFFF50
FFFF50
FFFF50
FFFF50
FFFF50
FFFF60
FFFF60
FFFF60
FFFF60
FFFF60
FFFF60
FFFF60
FFFF70
FFFF70
FFFF70
FFFF70
FFFF70
FFFF80
FFFF80
FFFF80
FFFF80
FFFF80
FFFF90
FFFF90
FFFF90
FFFF90
FFFFA0
FFFFA0
FFFFA0
FFFFA0
FFFFB0
FFFFB0
FFFFB0
FFFFB0
FFFFC0
FFFFC0
FFFFC0
FFFFC0
FFFFD0
FFFFD0
FFFFD0
FFFFD0
FFFFE0
FFFFE0
FFFFE0
FFFFE0
FFFFF0
FFFFF0
FFFFF0
FFFFF0
000000
000000
000000
000000
000010
000010
000010
000010
000020
000020
000020
000020
000030
000030
000030
000030
000040
000040
000040
000040
000040
000050
000050
000050
000050
000050
000060
000060
000060
000060
000060
000070
000070
000070
000070
000070
000070
000080
000080
000080
000080
000080
000090
000090
000090
000090
000090
000090
0000A0
0000A0
0000A0
0000A0
0000A0
0000A0
0000A0
0000A0
0000A0
0000A0
0000B0
0000B0
0000B0
0000B0
0000B0
0000B0
0000B0
0000B0
0000B0
0000B0
0000B0
0000B0
0000B0
0000B0
0000B0
0000B0
0000B0
0000B0
0000B0
0000B0
0000B0
0000B0
0000B0
0000B0
0000B0
0000B0
0000B0
0000A0
0000A0
0000A0
0000A0
0000A0
0000A0
0000A0
0000A0
0000A0
000090
000090
000090
000090
000090
000090
000080
000080
000080
000080
000080
000080
000070
000070
000070
000070
000070
000060
000060
000060
000050
000050
000050
000050
000040
000040
000040
000030
000030
000020
000020
000020
000010
000010
000000
000000
000000
FFFFF0
FFFFF0
FFFFE0
FFFFE0
FFFFD0
FFFFD0
FFFFC0
FFFFC0
FFFFB0
FFFFB0
FFFFA0
FFFFA0
FFFF90
FFFF90
FFFF80
FFFF80
FFFF70
FFFF70
FFFF60
FFFF60
FFFF50
FFFF50
FFFF40
FFFF40
FFFF30
FFFF30
FFFF20
FFFF20
FFFF10
FFFF10
FFFF00
FFFF00
FFFEF0
FFFEF0
FFFEF0
FFFEE0
FFFEE0
FFFED0
FFFED0
FFFEC0
FFFEC0
FFFEB0
FFFEB0
FFFEB0
FFFEA0
FFFEA0
FFFEA0
FFFE90
FFFE90
FFFE90
FFFE80
FFFE80
FFFE80
FFFE80
FFFE80
FFFE70
FFFE70
FFFE70
FFFE70
FFFE70
FFFE70
FFFE70
FFFE60
FFFE60
FFFE60
FFFE60
FFFE60
FFFE60
FFFE60
FFFE60
FFFE60
FFFE60
FFFE60
FFFE60
FFFE60
FFFE60
FFFE60
FFFE60
FFFE60
FFFE70
FFFE70
FFFE70
FFFE70
FFFE70
FFFE70
FFFE80
FFFE80
FFFE80
FFFE80
FFFE90
FFFE90
FFFE90
FFFEA0
FFFEA0
FFFEB0
FFFEB0
FFFEB0
FFFEC0
FFFEC0
FFFED0
FFFEE0
FFFEE0
FFFEF0
FFFEF0
FFFF00
FFFF10
FFFF10
FFFF20
FFFF30
FFFF30
FFFF40
FFFF50
FFFF50
FFFF60
FFFF70
FFFF70
FFFF80
FFFF90
FFFFA0
FFFFA0
FFFFB0
FFFFC0
FFFFD0
FFFFD0
FFFFE0
FFFFF0
000000
000010
000010
000020
000030
000040
000050
000060
000070
000070
000080
000090
0000A0
0000B0
0000C0
0000D0
0000D0
0000E0
0000F0
000100
000110
000120
000120
000130
000140
000150
000160
000170
000170
000180
000190
0001A0
0001A0
0001B0
0001C0
0001D0
0001D0
0001E0
0001F0
0001F0
000200
000210
000220
000220
000230
000230
000240
000250
000250
000260
000260
000270
000270
000280
000280
000290
000290
0002A0
0002A0
0002B0
0002B0
0002B0
0002B0
0002C0
0002C0
0002C0
0002C0
0002D0
0002D0
0002D0
0002D0
0002D0
0002D0
0002D0
0002D0
0002D0
0002D0
0002D0
0002D0
0002C0
0002C0
0002C0
0002C0
0002B0
0002B0
0002B0
0002A0
0002A0
000290
000290
000280
000280
000270
000260
000260
000250
000240
000240
000230
000220
000210
000200
0001F0
0001E0
0001E0
0001D0
0001B0
0001A0
000190
000180
000170
000160
000150
000140
000120
000110
000100
0000F0
0000D0
0000C0
0000B0
000090
000080
000070
000050
000040
000020
000010
FFFFF0
FFFFE0
FFFFC0
FFFFB0
FFFF90
FFFF80
FFFF60
FFFF50
FFFF30
FFFF20
FFFF00
FFFEF0
FFFED0
FFFEC0
FFFEA0
FFFE80
FFFE70
FFFE50
FFFE40
FFFE20
FFFE10
FFFDF0
FFFDE0
FFFDC0
FFFDB0
FFFD90
FFFD80
FFFD60
FFFD50
FFFD30
FFFD20
FFFD10
FFFCF0
FFFCE0
FFFCD0
FFFCB0
FFFCA0
FFFC90
FFFC80
FFFC60
FFFC50
FFFC40
FFFC30
FFFC20
FFFC10
FFFC00
FFFBF0
FFFBE0
FFFBD0
FFFBC0
FFFBB0
FFFBA0
FFFB90
FFFB90
FFFB80
FFFB70
FFFB70
FFFB60
FFFB60
FFFB50
FFFB50
FFFB40
FFFB40
FFFB40
FFFB30
FFFB30
FFFB30
FFFB30
FFFB30
FFFB30
FFFB30
FFFB30
FFFB30
FFFB30
FFFB30
FFFB30
FFFB40
FFFB40
FFFB40
FFFB50
FFFB50
FFFB60
FFFB60
FFFB70
FFFB80
FFFB90
FFFB90
FFFBA0
FFFBB0
FFFBC0
FFFBD0
FFFBE0
FFFBF0
FFFC00
FFFC10
FFFC20
FFFC40
FFFC50
FFFC60
FFFC80
FFFC90
FFFCB0
FFFCC0
FFFCE0
FFFCF0
FFFD10
FFFD20
FFFD40
FFFD60
FFFD80
FFFD90
FFFDB0
FFFDD0
FFFDF0
FFFE10
FFFE30
FFFE50
FFFE70
FFFE90
FFFEB0
FFFED0
FFFF00
FFFF20
FFFF40
FFFF60
FFFF80
FFFFB0
FFFFD0
FFFFF0
000020
000040
000060
000080
0000B0
0000D0
0000F0
000120
000140
000170
000190
0001B0
0001E0
000200
000220
000240
000270
000290
0002B0
0002E0
000300
000320
000340
000360
000390
0003B0
0003D0
0003F0
000410
000430
000450
000470
000490
0004B0
0004D0
0004F0
000500
000520
000540
000560
000570
000590
0005B0
0005C0
0005E0
0005F0
000600
000620
000630
000640
000650
000670
000680
000690
0006A0
0006B0
0006B0
0006C0
0006D0
0006E0
0006E0
0006F0
0006F0
000700
000700
000700
000710
000710
000710
000710
000710
000710
000700
000700
000700
0006F0
0006F0
0006E0
0006E0
0006D0
0006C0
0006B0
0006A0
000690
000680
000670
000660
000650
000630
000620
000600
0005F0
0005D0
0005C0
0005A0
000580
000560
000540
000520
000500
0004E0
0004C0
0004A0
000470
000450
000420
000400
0003D0
0003B0
000380
000350
000330
000300
0002D0
0002A0
000270
000240
000210
0001E0
0001B0
000180
000150
000110
0000E0
0000B0
000080
000040
000010
FFFFD0
FFFFA0
FFFF70
FFFF30
FFFF00
FFFEC0
FFFE80
FFFE50
FFFE10
FFFDE0
FFFDA0
FFFD60
FFFD30
FFFCF0
FFFCC0
FFFC80
FFFC50
FFFC10
FFFBE0
FFFBA0
FFFB70
FFFB30
FFFB00
FFFAC0
FFFA90
FFFA50
FFFA20
FFF9F0
FFF9C0
FFF980
FFF950
FFF920
FFF8F0
FFF8C0
FFF890
FFF870
FFF840
FFF810
FFF7E0
FFF7C0
FFF790
FFF770
FFF740
FFF720
FFF700
FFF6E0
FFF6B0
FFF690
FFF680
FFF660
FFF640
FFF620
FFF610
FFF5F0
FFF5E0
FFF5C0
FFF5B0
FFF5A0
FFF590
FFF580
FFF570
FFF560
FFF550
FFF550
FFF540
FFF540
FFF540
FFF530
FFF530
FFF530
FFF540
FFF540
FFF540
FFF550
FFF550
FFF560
FFF570
FFF580
FFF590
FFF5A0
FFF5B0
FFF5C0
FFF5E0
FFF600
FFF610
FFF630
FFF650
FFF670
FFF690
FFF6B0
FFF6E0
FFF700
FFF730
FFF750
FFF780
FFF7B0
FFF7E0
FFF810
FFF840
FFF870
FFF8A0
FFF8E0
FFF910
FFF950
FFF980
FFF9C0
FFFA00
FFFA40
FFFA80
FFFAC0
FFFB00
FFFB40
FFFB80
FFFBD0
FFFC10
FFFC50
FFFCA0
FFFCE0
FFFD30
FFFD80
FFFDC0
FFFE10
FFFE60
FFFEB0
FFFF00
FFFF50
FFFF90
FFFFE0
000030
000080
0000D0
000120
000180
0001D0
000220
000270
0002C0
000310
000360
0003B0
000410
000460
0004B0
000500
000550
0005A0
0005E0
000630
000680
0006D0
000720
000770
0007B0
000800
000850
000890
0008E0
000920
000960
0009B0
0009F0
000A30
000A70
000AB0
000AF0
000B30
000B60
000BA0
000BE0
000C10
000C50
000C80
000CB0
000CE0
000D10
000D40
000D70
000D90
000DC0
000DE0
000E00
000E20
000E40
000E60
000E80
000E90
000EB0
000EC0
000ED0
000EE0
000EF0
000F00
000F10
000F10
000F10
000F10
000F10
000F10
000F10
000F00
000F00
000EF0
000EE0
000ED0
000EC0
000EA0
000E90
000E70
000E50
000E30
000E10
000DF0
000DD0
000DA0
000D70
000D50
000D20
000CE0
000CB0
000C80
000C40
000C10
000BD0
000B90
000B50
000B10
000AC0
000A80
000A30
0009E0
0009A0
000950
0008F0
0008A0
000850
000800
0007A0
000740
0006F0
000690
000630
0005D0
000570
000510
0004B0
000450
0003E0
000380
000310
0002B0
000240
0001D0
000170
000100
000090
000020
FFFFB0
FFFF50
FFFEE0
FFFE70
FFFE00
FFFD90
FFFD20
FFFCB0
FFFC30
FFFBC0
FFFB50
FFFAE0
FFFA70
FFFA00
FFF9A0
FFF930
FFF8C0
FFF850
FFF7E0
FFF780
FFF710
FFF6A0
FFF640
FFF5D0
FFF570
FFF500
FFF4A0
FFF440
FFF3E0
FFF380
FFF320
FFF2C0
FFF260
FFF210
FFF1B0
FFF160
FFF110
FFF0B0
FFF060
FFF010
FFEFD0
FFEF80
FFEF30
FFEEF0
FFEEB0
FFEE70
FFEE30
FFEDF0
FFEDB0
FFED80
FFED50
FFED20
FFECF0
FFECC0
FFEC90
FFEC70
FFEC40
FFEC20
FFEC00
FFEBF0
FFEBD0
FFEBC0
FFEBB0
FFEBA0
FFEB90
FFEB80
FFEB80
FFEB80
FFEB80
FFEB80
FFEB90
FFEBA0
FFEBA0
FFEBC0
FFEBD0
FFEBE0
FFEC00
FFEC20
FFEC40
FFEC60
FFEC90
FFECB0
FFECE0
FFED10
FFED40
FFED80
FFEDC0
FFEDF0
FFEE40
FFEE80
FFEEC0
FFEF10
FFEF60
FFEFB0
FFF000
FFF050
FFF0B0
FFF100
FFF160
FFF1C0
FFF230
FFF290
FFF300
FFF360
FFF3D0
FFF450
FFF4C0
FFF530
FFF5B0
FFF620
FFF6A0
FFF720
FFF7A0
FFF820
FFF8A0
FFF920
FFF9B0
FFFA40
FFFAC0
FFFB50
FFFBE0
FFFC70
FFFD00
FFFD90
FFFE20
FFFEB0
FFFF40
FFFFE0
000070
000100
0001A0
000230
0002D0
000360
000400
000490
000530
0005C0
000660
0006F0
000790
000820
0008B0
000950
0009E0
000A70
000B00
000B90
000C20
000CB0
000D40
000DD0
000E60
000EF0
000F70
001000
001080
001100
001180
001200
001270
0012F0
001360
0013E0
001450
0014C0
001530
001590
001600
001660
0016C0
001720
001780
0017D0
001820
001870
0018C0
001910
001950
001990
0019D0
001A10
001A40
001A80
001AB0
001AD0
001B00
001B20
001B40
001B60
001B70
001B80
001B90
001BA0
001BA0
001BA0
001BA0
001B90
001B90
001B80
001B60
001B50
001B30
001B10
001AF0
001AC0
001A90
001A60
001A30
0019F0
0019B0
001970
001920
0018E0
001890
001830
0017E0
001780
001720
0016C0
001650
0015E0
001570
001500
001490
001410
001390
001310
001280
001200
001170
0010E0
001040
000FB0
000F10
000E70
000DD0
000D30
000C90
000BE0
000B40
000A90
0009E0
000930
000880
0007C0
000710
000650
000590
0004D0
000410
000350
000290
0001D0
000110
000040
FFFF80
FFFEC0
FFFDF0
FFFD30
FFFC60
FFFB90
FFFAD0
FFFA00
FFF930
FFF860
FFF7A0
FFF6D0
FFF610
FFF540
FFF480
FFF3B0
FFF2F0
FFF230
FFF170
FFF0B0
FFEFF0
FFEF30
FFEE80
FFEDC0
FFED00
FFEC50
FFEBA0
FFEAE0
FFEA40
FFE990
FFE8E0
FFE840
FFE7A0
FFE700
FFE660
FFE5D0
FFE540
FFE4A0
FFE420
FFE390
FFE300
FFE280
FFE200
FFE180
FFE110
FFE0A0
FFE030
FFDFC0
FFDF60
FFDF00
FFDEB0
FFDE50
FFDE00
FFDDC0
FFDD70
FFDD30
FFDCF0
FFDCC0
FFDC80
FFDC60
FFDC30
FFDC10
FFDBF0
FFDBE0
FFDBD0
FFDBC0
FFDBC0
FFDBC0
FFDBC0
FFDBD0
FFDBE0
FFDBF0
FFDC10
FFDC30
FFDC50
FFDC80
FFDCB0
FFDCF0
FFDD30
FFDD70
FFDDB0
FFDE00
FFDE50
FFDEB0
FFDF10
FFDF70
FFDFE0
FFE050
FFE0C0
FFE140
FFE1C0
FFE240
FFE2D0
FFE350
FFE3F0
FFE480
FFE520
FFE5C0
FFE660
FFE710
FFE7C0
FFE880
FFE930
FFE9F0
FFEAC0
FFEB80
FFEC50
FFED20
FFEDF0
FFEEC0
FFEFA0
FFF070
FFF150
FFF230
FFF320
FFF400
FFF4F0
FFF5E0
FFF6D0
FFF7C0
FFF8C0
FFF9B0
FFFAB0
FFFBB0
FFFCA0
FFFDA0
FFFEA0
FFFFA0
0000A0
0001A0
0002A0
0003A0
0004B0
0005B0
0006B0
0007C0
0008C0
0009D0
000AD0
000BD0
000CD0
000DD0
000ED0
000FD0
0010D0
0011D0
0012C0
0013C0
0014B0
0015A0
001690
001790
001880
001960
001A50
001B30
001C10
001CF0
001DC0
001E90
001F60
002030
002100
0021C0
002280
002330
0023F0
0024A0
002550
002600
0026A0
002740
0027D0
002860
0028F0
002970
0029F0
002A70
002AE0
002B50
002BB0
002C10
002C70
002CC0
002D10
002D50
002D90
002DD0
002E00
002E30
002E50
002E70
002E80
002E90
002EA0
002EA0
002E90
002E80
002E70
002E50
002E30
002E00
002DD0
002D90
002D50
002D10
002CC0
002C60
002C10
002BA0
002B30
002AC0
002A50
0029C0
002940
0028B0
002810
002770
0026D0
002620
002570
0024C0
002400
002340
002270
0021A0
0020D0
001FF0
001F10
001E20
001D30
001C40
001B40
001A40
001940
001830
001730
001620
001500
0013F0
0012D0
0011B0
001080
000F60
000E30
000D00
000BD0
000A90
000950
000810
0006D0
000590
000450
000300
0001C0
000080
FFFF30
FFFDE0
FFFCA0
FFFB50
FFFA00
FFF8B0
FFF760
FFF610
FFF4B0
FFF360
FFF210
FFF0C0
FFEF80
FFEE30
FFECF0
FFEBA0
FFEA60
FFE920
FFE7E0
FFE6A0
FFE570
FFE430
FFE300
FFE1D0
FFE090
FFDF70
FFDE40
FFDD20
FFDC00
FFDAF0
FFD9D0
FFD8D0
FFD7C0
FFD6C0
FFD5C0
FFD4C0
FFD3D0
FFD2E0
FFD200
FFD110
FFD040
FFCF60
FFCE90
FFCDD0
FFCD10
FFCC50
FFCBA0
FFCAF0
FFCA50
FFC9C0
FFC930
FFC8A0
FFC820
FFC7A0
FFC730
FFC6C0
FFC660
FFC600
FFC5B0
FFC570
FFC530
FFC4F0
FFC4D0
FFC4A0
FFC490
FFC480
FFC470
FFC470
FFC480
FFC490
FFC4B0
FFC4D0
FFC500
FFC540
FFC580
FFC5D0
FFC620
FFC680
FFC6F0
FFC760
FFC7D0
FFC850
FFC8E0
FFC970
FFCA10
FFCAC0
FFCB70
FFCC20
FFCCF0
FFCDB0
FFCE80
FFCF60
FFD040
FFD130
FFD220
FFD320
FFD420
FFD530
FFD640
FFD750
FFD880
FFD9A0
FFDAD0
FFDC10
FFDD50
FFDEA0
FFDFE0
FFE130
FFE290
FFE3F0
FFE550
FFE6B0
FFE820
FFE990
FFEB00
FFEC80
FFEE00
FFEF80
FFF110
FFF2A0
FFF430
FFF5D0
FFF760
FFF900
FFFA90
FFFC30
FFFDD0
FFFF70
000110
0002B0
000460
000600
0007B0
000950
000B00
000CB0
000E50
001000
0011B0
001350
0014F0
001690
001830
0019D0
001B60
001D00
001E90
002020
0021B0
002330
0024C0
002640
0027C0
002940
002AB0
002C20
002D80
002EE0
003040
003190
0032E0
003420
003560
0036A0
0037D0
003900
003A20
003B40
003C50
003D60
003E60
003F60
004050
004130
004210
0042E0
0043B0
004470
004520
0045D0
004670
004700
004790
004820
004890
004900
004970
0049C0
004A10
004A50
004A80
004AB0
004AD0
004AE0
004AE0
004AE0
004AD0
004AC0
004A90
004A60
004A20
0049D0
004980
004920
0048B0
004840
0047C0
004730
004690
0045F0
004540
004480
0043B0
0042E0
004200
004110
004020
003F20
003E10
003D00
003BE0
003AB0
003980
003840
003700
0035B0
003450
0032F0
003180
003010
002E90
002D00
002B70
0029D0
002830
002690
0024E0
002320
002170
001FB0
001DE0
001C10
001A40
001860
001680
0014A0
0012B0
0010C0
000EC0
000CC0
000AD0
0008D0
0006D0
0004C0
0002C0
0000C0
FFFEB0
FFFCB0
FFFAA0
FFF890
FFF680
FFF470
FFF260
FFF050
FFEE40
FFEC30
FFEA20
FFE810
FFE610
FFE400
FFE200
FFE010
FFDE10
FFDC20
FFDA20
FFD830
FFD650
FFD460
FFD280
FFD090
FFCEC0
FFCCE0
FFCB10
FFC950
FFC790
FFC5E0
FFC430
FFC290
FFC0F0
FFBF50
FFBDD0
FFBC50
FFBAD0
FFB960
FFB7F0
FFB690
FFB530
FFB3E0
FFB2A0
FFB170
FFB040
FFAF20
FFAE10
FFAD10
FFAC10
FFAB30
FFAA50
FFA970
FFA8B0
FFA7F0
FFA740
FFA6A0
FFA600
FFA580
FFA500
FFA490
FFA430
FFA3E0
FFA3A0
FFA370
FFA350
FFA330
FFA330
FFA330
FFA340
FFA370
FFA3A0
FFA3E0
FFA420
FFA480
FFA4F0
FFA560
FFA5F0
FFA680
FFA720
FFA7D0
FFA890
FFA960
FFAA40
FFAB30
FFAC20
FFAD30
FFAE40
FFAF60
FFB090
FFB1D0
FFB310
FFB470
FFB5D0
FFB740
FFB8C0
FFBA40
FFBBD0
FFBD70
FFBF20
FFC0E0
FFC2A0
FFC470
FFC650
FFC830
FFCA30
FFCC30
FFCE30
FFD040
FFD250
FFD470
FFD690
FFD8C0
FFDAF0
FFDD30
FFDF80
FFE1C0
FFE420
FFE670
FFE8E0
FFEB40
FFEDC0
FFF030
FFF2B0
FFF520
FFF7A0
FFFA20
FFFCA0
FFFF20
0001B0
000430
0006C0
000940
000BD0
000E60
0010F0
001390
001620
0018B0
001B40
001DD0
002050
0022D0
002550
0027D0
002A40
002CB0
002F20
003190
0033F0
003650
0038A0
003B00
003D50
003FA0
0041E0
004410
004630
004850
004A70
004C70
004E70
005070
005260
005440
005610
0057E0
0059A0
005B60
005D00
005EA0
006030
0061B0
006320
006490
0065E0
006720
006850
006980
006A90
006BA0
006C90
006D80
006E50
006F20
006FE0
007090
007120
0071A0
007220
007280
0072D0
007310
007340
007350
007360
007350
007330
007310
0072D0
007280
007210
0071A0
007120
007080
006FE0
006F20
006E50
006D70
006C80
006B80
006A70
006940
006810
0066C0
006570
006400
006280
0060F0
005F50
005DB0
005BF0
005A30
005850
005670
005470
005270
005060
004E30
004C00
0049C0
004770
004510
0042A0
004030
003DA0
003B20
003880
0035E0
003340
003090
002DD0
002B10
002840
002570
002280
001FA0
001CB0
0019B0
0016A0
0013A0
001090
000D80
000A70
000760
000440
000130
FFFE10
FFFAF0
FFF7D0
FFF4B0
FFF190
FFEE60
FFEB40
FFE810
FFE4E0
FFE1B0
FFDE90
FFDB70
FFD860
FFD540
FFD230
FFCF30
FFCC30
FFC930
FFC630
FFC340
FFC050
FFBD60
FFBA80
FFB7A0
FFB4D0
FFB200
FFAF40
FFAC90
FFA9F0
FFA750
FFA4C0
FFA240
FF9FD0
FF9D70
FF9B10
FF98D0
FF9690
FF9460
FF9230
FF9020
FF8E10
FF8C20
FF8A30
FF8860
FF86A0
FF84F0
FF8350
FF81D0
FF8050
FF7EF0
FF7DA0
FF7C60
FF7B30
FF7A10
FF7910
FF7810
FF7730
FF7660
FF75A0
FF7500
FF7480
FF7400
FF73A0
FF7350
FF7320
FF7300
FF72F0
FF7300
FF7320
FF7360
FF73B0
FF7410
FF7480
FF7510
FF75B0
FF7670
FF7740
FF7820
FF7920
FF7A30
FF7B50
FF7C90
FF7DE0
FF7F50
FF80C0
FF8260
FF8400
FF85C0
FF8790
FF8970
FF8B70
FF8D80
FF8F90
FF91C0
FF9400
FF9660
FF98C0
FF9B40
FF9DC0
FFA060
FFA310
FFA5D0
FFA8B0
FFAB90
FFAE90
FFB190
FFB4A0
FFB7C0
FFBAF0
FFBE20
FFC160
FFC4B0
FFC800
FFCB60
FFCED0
FFD250
FFD5D0
FFD960
FFDD00
FFE0A0
FFE460
FFE810
FFEBD0
FFEF90
FFF350
FFF710
FFFAD0
FFFEA0
000270
000630
000A10
000DE0
0011C0
001590
001970
001D50
002140
002520
0028F0
002CC0
003090
003450
003810
003BC0
003F70
004320
0046C0
004A60
004DF0
005180
005510
005890
005C10
005F80
0062D0
006620
006960
006C90
006FB0
0072C0
0075C0
0078B0
007B90
007E60
008120
0083D0
008670
008900
008B80
008DF0
009040
009280
0094A0
0096B0
0098B0
009A90
009C60
009E20
009FC0
00A140
00A2B0
00A410
00A550
00A680
00A7A0
00A8A0
00A980
00AA40
00AAF0
00AB80
00AC00
00AC50
00AC90
00ACC0
00ACD0
00ACC0
00AC90
00AC50
00ABF0
00AB70
00AAE0
00AA30
00A960
00A880
00A780
00A660
00A530
00A3E0
00A280
00A100
009F60
009DA0
009BD0
0099E0
0097E0
0095C0
009380
009130
008EC0
008C40
0089B0
008700
008440
008160
007E70
007B70
007850
007520
0071D0
006E70
006B00
006770
0063C0
006010
005C50
005880
0054A0
0050B0
004CC0
0048B0
0044A0
004080
003C40
003800
0033B0
002F60
002AF0
002670
0021F0
001D60
0018D0
001440
000FA0
000B10
000670
0001C0
FFFD20
FFF870
FFF3C0
FFEF10
FFEA60
FFE5A0
FFE0E0
FFDC20
FFD760
FFD2A0
FFCDF0
FFC940
FFC490
FFBFF0
FFBB60
FFB6D0
FFB250
FFADD0
FFA960
FFA4F0
FFA090
FF9C30
FF97D0
FF9390
FF8F40
FF8B10
FF86F0
FF82F0
FF7EF0
FF7B10
FF7740
FF7380
FF6FD0
FF6C30
FF68B0
FF6540
FF61E0
FF5E90
FF5B50
FF5830
FF5520
FF5220
FF4F50
FF4C90
FF49E0
FF4760
FF44F0
FF42A0
FF4070
FF3E50
FF3C50
FF3A70
FF38B0
FF3700
FF3570
FF3400
FF32B0
FF3170
FF3060
FF2F70
FF2EA0
FF2DE0
FF2D50
FF2CE0
FF2C90
FF2C60
FF2C50
FF2C60
FF2C90
FF2CF0
FF2D60
FF2DF0
FF2EB0
FF2F80
FF3080
FF3190
FF32C0
FF3420
FF3590
FF3730
FF38F0
FF3AC0
FF3CC0
FF3ED0
FF4110
FF4370
FF45E0
FF4880
FF4B40
FF4E10
FF5110
FF5420
FF5740
FF5A90
FF5DF0
FF6170
FF6500
FF68B0
FF6C90
FF7070
FF7480
FF78A0
FF7CE0
FF8140
FF85B0
FF8A40
FF8ED0
FF9380
FF9840
FF9D10
FFA1F0
FFA6E0
FFABE0
FFB0F0
FFB620
FFBB50
FFC0A0
FFC5F0
FFCB60
FFD0E0
FFD670
FFDC00
FFE1A0
FFE740
FFECE0
FFF280
FFF830
FFFDE0
000390
000950
000F10
0014D0
001A90
002060
002630
002C10
0031E0
0037B0
003D80
004340
0048F0
004EA0
005440
0059D0
005F60
0064E0
006A50
006FC0
007530
007A80
007FE0
008520
008A60
008F80
009490
009990
009E70
00A330
00A7F0
00AC80
00B100
00B570
00B9C0
00BE00
00C220
00C630
00CA30
00CE10
00D1D0
00D580
00D900
00DC60
00DFA0
00E2C0
00E5C0
00E890
00EB50
00EDE0
00F060
00F2B0
00F4E0
00F6F0
00F8E0
00FAA0
00FC50
00FDD0
00FF20
010050
010160
010240
0102F0
010380
0103F0
010430
010440
010430
0103F0
010390
010310
010250
010180
010070
00FF50
00FE00
00FC80
00FAE0
00F910
00F720
00F500
00F2C0
00F050
00EDC0
00EB00
00E820
00E520
00E1E0
00DE90
00DB10
00D770
00D3B0
00CFD0
00CBC0
00C7A0
00C350
00BEE0
00BA50
00B5A0
00B0D0
00ABE0
00A6D0
00A190
009C30
0096C0
009120
008B80
0085C0
007FF0
007A00
007400
006DF0
0067C0
006180
005B20
0054B0
004E30
0047A0
0040F0
003A20
003350
002C70
002580
001E90
0017A0
0010A0
0009A0
0002A0
FFFB90
FFF480
FFED70
FFE650
FFDF30
FFD800
FFD0D0
FFC990
FFC260
FFBB30
FFB400
FFACF0
FFA5E0
FF9EE0
FF97E0
FF9100
FF8A20
FF8350
FF7C80
FF75C0
FF6F10
FF6870
FF61E0
FF5B50
FF54D0
FF4E70
FF4820
FF4200
FF3BF0
FF3600
FF3030
FF2A70
FF24D0
FF1F60
FF19F0
FF14B0
FF0F90
FF0A80
FF0590
FF00C0
FEFC00
FEF780
FEF310
FEEEE0
FEEAD0
FEE6F0
FEE330
FEDFA0
FEDC40
FED900
FED5F0
FED300
FED040
FECDB0
FECB40
FEC900
FEC6E0
FEC500
FEC350
FEC1C0
FEC070
FEBF60
FEBE70
FEBDB0
FEBD30
FEBCD0
FEBCB0
FEBCC0
FEBD00
FEBD70
FEBE10
FEBEF0
FEBFF0
FEC130
FEC2A0
FEC430
FEC600
FEC800
FECA40
FECCA0
FECF30
FED200
FED4F0
FED820
FEDB80
FEDF10
FEE2D0
FEE6C0
FEEAE0
FEEF30
FEF3B0
FEF850
FEFD20
FF0220
FF0740
FF0C90
FF1210
FF17B0
FF1D80
FF2380
FF29A0
FF2FF0
FF3670
FF3D10
FF43F0
FF4AD0
FF51E0
FF5900
FF6040
FF67A0
FF6F20
FF76B0
FF7E60
FF8630
FF8E10
FF9620
FF9E40
FFA670
FFAED0
FFB740
FFBFD0
FFC860
FFD100
FFD9B0
FFE260
FFEB20
FFF3E0
FFFCA0
000570
000E50
001730
002020
002910
003210
003B10
004420
004D40
005640
005F40
006830
007100
0079D0
008290
008B50
0093F0
009C80
00A510
00AD90
00B5F0
00BE50
00C6A0
00CEE0
00D720
00DF30
00E720
00EEE0
00F690
00FE10
010570
010CB0
0113C0
011AC0
012190
012840
012EC0
013530
013B70
0141A0
014790
014D60
015300
015860
015D80
016280
016740
016BD0
017030
017450
017840
017C00
017F90
0182E0
018600
0188F0
018BA0
018E20
019050
019250
019410
019580
0196C0
0197C0
019880
019900
019940
019940
019910
019890
0197D0
0196E0
0195A0
019430
019270
019080
018E50
018BD0
018920
018630
018300
017F90
017BD0
0177E0
0173B0
016F40
016A90
0165A0
016080
015B10
015570
014FA0
014990
014350
013CD0
013620
012F40
012820
0120C0
011930
011170
010970
010130
00F8C0
00F020
00E750
00DE60
00D550
00CC10
00C2C0
00B940
00AF90
00A5D0
009BE0
0091C0
008790
007D30
0072B0
006810
005D40
005250
004750
003C50
003140
002620
001AF0
000FB0
000470
FFF920
FFEDC0
FFE260
FFD6E0
FFCB60
FFBFE0
FFB440
FFA8A0
FF9CE0
FF9140
FF85B0
FF7A30
FF6EC0
FF6360
FF5810
FF4CD0
FF41A0
FF3680
FF2B70
FF2080
FF1590
FF0AB0
FEFFE0
FEF520
FEEA80
FEE000
FED5A0
FECB80
FEC180
FEB7B0
FEAE10
FEA490
FE9B50
FE9230
FE8930
FE8070
FE77D0
FE6F60
FE6720
FE5F00
FE5720
FE4F70
FE4810
FE40E0
FE3A00
FE3370
FE2D10
FE2700
FE2120
FE1B90
FE1640
FE1130
FE0C70
FE07F0
FE03A0
FDFFA0
FDFBF0
FDF880
FDF560
FDF2A0
FDF030
FDEE00
FDEC30
FDEAB0
FDE990
FDE8B0
FDE820
FDE7F0
FDE810
FDE870
FDE930
FDEA40
FDEBB0
FDED60
FDEF70
FDF1D0
FDF480
FDF780
FDFAE0
FDFE90
FE0290
FE06E0
FE0B90
FE1090
FE15E0
FE1B80
FE2180
FE27D0
FE2E70
FE3560
FE3C90
FE4420
FE4BE0
FE5400
FE5C60
FE6510
FE6E10
FE7750
FE80E0
FE8AC0
FE94E0
FE9F50
FEAA10
FEB510
FEC060
FECBE0
FED7A0
FEE390
FEEFB0
FEFC00
FF0880
FF1540
FF2230
FF2F50
FF3CB0
FF4A40
FF5800
FF65F0
FF7410
FF8270
FF9100
FF9FA0
FFAE60
FFBD30
FFCC10
FFDB00
FFEA10
FFF930
000870
0017B0
002710
003690
004610
0055B0
006560
007530
008510
0094E0
00A490
00B440
00C3E0
00D360
00E2D0
00F240
010190
0110D0
012000
012F20
013E20
014D20
015C10
016AE0
0179B0
018840
019690
01A4B0
01B2A0
01C050
01CDD0
01DB10
01E820
01F4F0
020190
020DF0
021A20
022620
0231E0
023D60
0248C0
0253B0
025E50
0268A0
027280
027C20
028560
028E40
0296C0
029EF0
02A6D0
02AE50
02B570
02BC40
02C2B0
02C8D0
02CE90
02D3E0
02D8C0
02DD30
02E130
02E4C0
02E7E0
02EA90
02ECD0
02EEA0
02EFF0
02F0E0
02F160
02F160
02F100
02F030
02EEE0
02ED20
02EAF0
02E840
02E510
02E170
02DD50
02D8C0
02D3B0
02CE30
02C830
02C1C0
02BAD0
02B360
02AB80
02A330
029A50
029110
028760
027D40
0272A0
0267A0
025C20
025030
0243E0
023710
0229D0
021C20
020E00
01FF70
01F070
01E100
01D110
01C0E0
01B040
019F60
018E20
017C80
016A90
015850
0145B0
0132B0
011F70
010BD0
00F7D0
00E380
00CED0
00B9D0
00A480
008EF0
007940
006350
004D40
003700
002080
0009E0
FFF300
FFDC00
FFC4D0
FFAD60
FF95D0
FF7E00
FF6610
FF4DF0
FF3590
FF1D40
FF04F0
FEECB0
FED460
FEBC20
FEA3E0
FE8BB0
FE7370
FE5B40
FE4310
FE2AE0
FE12C0
FDFAA0
FDE280
FDCA60
FDB250
FD9A70
FD82D0
FD6B70
FD5440
FD3D50
FD26A0
FD1020
FCF9F0
FCE3E0
FCCE20
FCB890
FCA340
FC8E30
FC7950
FC64C0
FC5050
FC3C60
FC28E0
FC15D0
FC0330
FBF100
FBDF40
FBCE00
FBBD20
FBACB0
FB9CC0
FB8D30
FB7E10
FB6F70
FB6140
FB5370
FB4620
FB3960
FB2D50
FB21D0
FB16F0
FB0CB0
FB0300
FAFA00
FAF190
FAE9C0
FAE290
FADC00
FAD610
FAD0B0
FACBF0
FAC7E0
FAC450
FAC190
FABF80
FABE30
FABD90
FABDB0
FABE90
FAC020
FAC270
FAC570
FAC930
FACDB0
FAD2E0
FAD8D0
FADF70
FAE6D0
FAEEF0
FAF7D0
FB0170
FB0BD0
FB16F0
FB22E0
FB2F90
FB3D00
FB4B30
FB5A30
FB69E0
FB7A60
FB8BA0
FB9DB0
FBB070
FBC400
FBD850
FBED50
FC0310
FC1980
FC30A0
FC4880
FC6110
FC7A50
FC9440
FCAEF0
FCCA60
FCE670
FD0340
FD20C0
FD3F00
FD5DF0
FD7D90
FD9DD0
FDBE90
FDDFF0
FE01E0
FE2470
FE4780
FE6B30
FE8F70
FEB450
FED9B0
FEFFB0
FF2640
FF4D60
FF7520
FF9D70
FFC640
FFEF80
001920
004320
006D80
009840
00C350
00EED0
011AA0
0146E0
017370
01A070
01CDC0
01FB80
022990
025800
0286E0
02B5D0
02E4E0
031420
034370
0372E0
03A280
03D230
040200
043200
046210
049250
04C2A0
04F320
0523C0
055470
058550
05B600
05E690
061700
064750
067770
06A770
06D750
070700
0736A0
076610
079550
07C480
07F380
082260
085120
087FB0
08ADE0
08DBB0
090920
093620
0962C0
098F00
09BAD0
09E640
0A1150
0A3C00
0A6640
0A9020
0AB9A0
0AE2B0
0B0B60
0B33B0
0B5B60
0B8280
0BA900
0BCEF0
0BF450
0C1910
0C3D30
0C60C0
0C83B0
0CA610
0CC7E0
0CE910
0D09A0
0D29A0
0D4910
0D67E0
0D85F0
0DA350
0DC000
0DDBE0
0DF710
0E1190
0E2B40
0E4450
0E5C90
0E7420
0E8B00
0EA110
0EB670
0ECB20
0EDF10
0EF240
0F04B0
0F1660
0F2750
0F3770
0F46D0
0F5570
0F6340
0F7050
0F7CA0
0F8830
0F92F0
0F9CF0
0FA630
0FAEB0
0FB660
0FBD60
0FC390
0FC910
0FCDE0
0FD1F0
0FD540
0FD7E0
0FD9C0
0FDAF0
0FDB60
0FDB10
0FDA10
0FD860
0FD5F0
0FD2C0
0FCEE0
0FCA40
0FC510
0FBF50
0FB8F0
0FB200
0FAA70
0FA260
0F99A0
0F9060
0F8680
0F7C10
0F7110
0F6570
0F5940
0F4C70
0F3F20
0F3120
0F22D0
0F1420
0F0500
0EF580
0EE5A0
0ED560
0EC4C0
0EB3B0
0EA250
0E9080
0E7E50
0E6BC0
0E58C0
0E4570
0E31B0
0E1D90
0E0950
0DF4E0
0DE050
0DCBA0
0DB6C0
0DA1D0
0D8CA0
0D7760
0D61F0
0D4C50
0D3690
0D20B0
0D0AB0
0CF480
0CDE30
0CC7C0
0CB160
0C9B10
0C84F0
0C6ED0
0C58E0
0C42F0
0C2D20
0C1770
0C01E0
0BEC50
0BD6F0
0BC1A0
0BAC60
0B9740
0B8240
0B6D50
0B58A0
0B4450
0B3050
0B1C90
0B0930
0AF610
0AE340
0AD0C0
0ABE90
0AACB0
0A9B20
0A89D0
0A78E0
0A6830
0A57D0
0A47D0
0A3830
0A2910
0A1A60
0A0C30
09FE70
09F120
09E450
09D7F0
09CC00
09C090
09B590
09AB00
09A0F0
099750
098E30
098570
097D50
0975A0
096E80
0967F0
0961D0
095C50
095740
0952C0
094EC0
094B50
094860
0945F0
094410
0942B0
0941E0
094180
0941B0
094260
094390
094540
094770
094A20
094D60
095110
095540
0959F0
095F20
0964E0
096B10
0971C0
097900
0980B0
0988D0
099140
099A20
09A360
09AD00
09B700
09C160
09CC20
09D740
09E2C0
09EEB0
09FAF0
0A07A0
0A14A0
0A2210
0A2FE0
0A3DE0
0A4C10
0A5A70
0A6900
0A77C0
0A86B0
0A95D0
0AA530
0AB4B0
0AC460
0AD450
0AE470
0AF4B0
0B0530
0B15E0
0B26B0
0B3780
0B4840
0B58F0
0B69A0
0B7A30
0B8AB0
0B9B30
0BAB90
0BBBF0
0BCC40
0BDC80
0BECB0
0BFCD0
0C0CE0
0C1CE0
0C2CE0
0C3C80
0C4BD0
0C5AE0
0C6990
0C77F0
0C8600
0C93C0
0CA130
0CAE50
0CBB20
0CC7A0
0CD3D0
0CDFB0
0CEB40
0CF680
0D0160
0D0BC0
0D15A0
0D1EE0
0D27A0
0D2FD0
0D3770
0D3E80
0D4510
0D4B00
0D5070
0D5560
0D59B0
0D5D80
0D60C0
0D6370
0D6590
0D6700
0D67B0
0D67B0
0D66F0
0D6570
0D6340
0D6050
0D5CB0
0D5850
0D5330
0D4D60
0D46E0
0D3F90
0D37A0
0D2EE0
0D2570
0D1B30
0D1020
0D0440
0CF790
0CEA10
0CDBC0
0CCCB0
0CBCC0
0CAC00
0C9A70
0C8820
0C74F0
0C60F0
0C4C30
0C3690
0C2030
0C0900
0BF100
0BD830
0BBE90
0BA430
0B8900
0B6D00
0B5040
0B32B0
0B1450
0AF520
0AD520
0AB460
0A92D0
0A7070
0A4D50
0A2980
0A0500
09DFE0
09BA10
0993A0
096C90
0944C0
091C60
08F350
08C990
089F20
087420
084860
081C00
07EF00
07C150
079330
0764B0
0735B0
070650
06D680
06A640
067590
064470
0612E0
05E0F0
05AE90
057BB0
054870
0514C0
04E0B0
04AC20
047780
0442C0
040DD0
03D8E0
03A3C0
036E80
033930
0303B0
02CE20
029870
0262B0
022CC0
01F6B0
01C090
018A50
0153F0
011DD0
00E7E0
00B230
007CC0
004790
001290
FFDDD0
FFA950
FF7500
FF40F0
FF0D20
FED980
FEA630
FE7310
FE4020
FE0D80
FDDB60
FDA9F0
FD7900
FD48B0
FD18F0
FCE9C0
FCBB30
FC8D30
FC5FD0
FC3300
FC06C0
FBDB20
FBB010
FB8590
FB5BB0
FB3260
FB09F0
FAE270
FABBD0
FA9610
FA7130
FA4D40
FA2A20
FA0800
F9E6B0
F9C640
F9A6C0
F98820
F96A70
F94D90
F931A0
F91690
F8FCA0
F8E3C0
F8CC10
F8B570
F89FE0
F88B80
F87830
F86600
F854F0
F844F0
F83610
F82850
F81BB0
F81020
F805B0
F7FC60
F7F440
F7ED60
F7E7B0
F7E340
F7E000
F7DDF0
F7DD20
F7DD90
F7DF30
F7E200
F7E610
F7EB50
F7F1D0
F7F980
F80260
F80C90
F817E0
F82450
F83200
F840E0
F850F0
F86230
F87490
F88830
F89CF0
F8B2F0
F8CA10
F8E270
F8FBF0
F916A0
F93280
F94FA0
F96DB0
F98CD0
F9AD00
F9CE20
F9F060
FA13A0
FA37E0
FA5D20
FA8380
FAAAD0
FAD330
FAFC90
FB2700
FB5280
FB7EF0
FBAC80
FBDAC0
FC09C0
FC3980
FC69F0
FC9B30
FCCD30
FCFFE0
FD3360
FD6790
FD9C80
FDD230
FE08B0
FE3FD0
FE77C0
FEB070
FEE9E0
FF23B0
FF5DD0
FF9860
FFD350
000EB0
004A60
008670
00C2E0
00FFC0
013CF0
017A90
01B880
01F6E0
0235A0
0274C0
02B440
02F3C0
033330
037290
03B1F0
03F150
0430A0
046FF0
04AF30
04EE60
052DA0
056CC0
05ABF0
05EB00
062A20
066920
06A830
06E6C0
0724E0
0762A0
079FE0
07DCC0
081920
085510
0890A0
08CBB0
090660
094090
097A60
09B3B0
09ECA0
0A2520
0A5D20
0A9460
0ACAD0
0B0080
0B3560
0B6970
0B9CB0
0BCF30
0C00E0
0C31C0
0C61E0
0C9130
0CBFB0
0CED70
0D1A60
0D4680
0D71D0
0D9C20
0DC550
0DED80
0E1490
0E3AA0
0E5F90
0E8380
0EA650
0EC820
0EE8D0
0F0880
0F2720
0F44A0
0F6120
0F7C90
0F96E0
0FB010
0FC800
0FDED0
0FF460
1008C0
101C00
102E00
103EC0
104E60
105CD0
106A10
107610
1080F0
108A90
109300
109A50
10A060
10A540
10A8F0
10AB70
10ACC0
10ACE0
10ABC0
10A980
10A610
10A160
109B90
109490
108C50
1082E0
107850
106C80
105FB0
1051D0
1042E0
1032E0
1021E0
100FD0
0FFCC0
0FE8A0
0FD370
0FBD30
0FA5F0
0F8DA0
0F7440
0F59E0
0F3E60
0F21F0
0F04A0
0EE6A0
0EC7C0
0EA830
0E87C0
0E66A0
0E44B0
0E21F0
0DFE70
0DDA20
0DB510
0D8F40
0D68A0
0D4130
0D1900
0CF010
0CC6B0
0C9CE0
0C72A0
0C4800
0C1D00
0BF180
0BC5A0
0B9950
0B6CA0
0B3F80
0B11F0
0AE3F0
0AB590
0A86D0
0A5790
0A27F0
09F850
09C8A0
099900
096950
0939A0
0909F0
08DA40
08AA80
087AD0
084B10
081B50
07EB90
07BBD0
078C00
075C40
072C70
06FD10
06CE10
069F70
067130
064360
0615F0
05E8E0
05BC40
058FF0
056410
0538A0
050D80
04E2D0
04B880
048EA0
046510
043C50
041440
03ED00
03C670
03A0A0
037BA0
035750
0333C0
0310F0
02EED0
02CD80
02ACF0
028D10
026E00
024FA0
023210
021570
01F9D0
01DF30
01C590
01ACF0
019550
017EB0
016900
015460
0140B0
012E10
011C60
010BC0
00FC10
00ED60
00DFB0
00D320
00C7B0
00BD60
00B430
00AC20
00A530
009F60
009AB0
009720
0094B0
009360
009330
009420
009630
009960
009DA0
00A310
00A990
00B130
00B9F0
00C3C0
00CEB0
00DAB0
00E7D0
00F610
010570
0115E0
012770
013A10
014DD0
0162B0
0178B0
018F90
01A770
01C040
01DA10
01F4C0
021060
022D00
024A90
026910
028880
02A8F0
02CA40
02EC90
030FD0
033400
035930
037F00
03A570
03CC90
03F450
041CD0
0445E0
046FA0
049A10
04C520
04F0E0
051D50
054A60
057810
05A670
05D580
060530
063530
066570
069600
06C6D0
06F7F0
072950
075B00
078D00
07BF40
07F1C0
082490
0857B0
088B10
08BEC0
08F2B0
0926E0
095B00
098EF0
09C2C0
09F660
0A29F0
0A5D50
0A9090
0AC3A0
0AF690
0B2960
0B5C10
0B8E90
0BC0F0
0BF330
0C2550
0C5740
0C88A0
0CB980
0CE9C0
0D1970
0D4890
0D7720
0DA520
0DD290
0DFF60
0E2BB0
0E5770
0E8290
0EAD30
0ED730
0F00B0
0F2990
0F5190
0F7890
0F9EA0
0FC3D0
0FE800
100B50
102DB0
104F10
106F90
108F10
10ADB0
10CB60
10E820
1103E0
111EC0
1138B0
115160
1168E0
117F30
119440
11A820
11BAC0
11CC30
11DC60
11EB60
11F930
1205C0
121120
121B40
122430
122BF0
123270
123790
123B60
123DD0
123EE0
123E90
123CE0
1239D0
123570
122FB0
122890
122010
121640
120B00
11FE70
11F080
11E140
11D090
11BE80
11AB20
119650
118030
1168A0
114FC0
113580
1119D0
10FCD0
10DE70
10BEB0
109D90
107B10
105730
1031F0
100B80
0FE3C0
0FBAE0
0F90C0
0F6560
0F38C0
0F0AF0
0EDBE0
0EABA0
0E7A20
0E4760
0E1370
0DDE50
0DA7E0
0D7040
0D3770
0CFDA0
0CC2E0
0C8730
0C4A80
0C0CF0
0BCE60
0B8EE0
0B4E60
0B0D00
0ACAA0
0A8750
0A4310
09FDE0
09B7B0
097090
092880
08DFE0
0896A0
084CD0
080270
07B780
076C00
071FE0
06D330
0685F0
063820
05E9B0
059AC0
054B30
04FB00
04AA50
045900
040790
03B600
036450
031270
02C070
026E50
021C10
01C9A0
017710
012460
00D190
007E90
002B70
FFD830
FF84D0
FF3140
FEDE10
FE8B20
FE3880
FDE640
FD9440
FD4290
FCF130
FCA020
FC4F60
FBFEF0
FBAED0
FB5F00
FB0F80
FAC050
FA7170
FA22E0
F9D500
F987F0
F93B80
F8EFE0
F8A4F0
F85AC0
F81140
F7C890
F78080
F73940
F6F2B0
F6ACE0
F667D0
F62370
F5DFD0
F59CE0
F55B10
F51A50
F4DAA0
F49C00
F45E70
F421F0
F3E680
F3AC20
F372E0
F33AA0
F30380
F2CD70
F29870
F26480
F231A0
F1FFD0
F1CF50
F1A020
F17240
F145A0
F11A50
F0F050
F0C7A0
F0A040
F07A30
F05560
F031E0
F00FB0
EFEED0
EFCF30
EFB0F0
EF93F0
EF7860
EF5E30
EF4560
EF2DF0
EF17F0
EF0350
EEF010
EEDE40
EECDD0
EEBEC0
EEB110
EEA4D0
EE99F0
EE9080
EE8860
EE81B0
EE7C60
EE7860
EE75C0
EE7470
EE7480
EE75F0
EE78B0
EE7CD0
EE8240
EE8910
EE9140
EE9AC0
EEA5A0
EEB1D0
EEBF60
EECE40
EEDE60
EEEFA0
EF0210
EF15A0
EF2A70
EF4060
EF5780
EF6FD0
EF8950
EFA400
EFBFD0
EFDCD0
EFFB00
F01A60
F03AE0
F05CA0
F07F30
F0A2B0
F0C710
F0EC60
F11280
F13990
F16190
F18A60
F1B420
F1DEC0
F20A40
F236A0
F263F0
F29220
F2C130
F2F130
F321B0
F352B0
F38440
F3B660
F3E900
F41C20
F44FD0
F48410
F4B8D0
F4EE10
F523E0
F55A30
F59110
F5C880
F60070
F638E0
F67180
F6AA30
F6E310
F71C10
F75530
F78E70
F7C7E0
F80160
F83B10
F874D0
F8AEC0
F8E8D0
F92300
F95D50
F997C0
F9D260
FA0CB0
FA46C0
FA8090
FABA20
FAF370
FB2C80
FB6550
FB9DE0
FBD630
FC0E30
FC4600
FC7D80
FCB4C0
FCEBD0
FD2290
FD5910
FD8F00
FDC450
FDF900
FE2D20
FE60A0
FE9390
FEC5E0
FEF790
FF28B0
FF5940
FF8930
FFB880
FFE730
001560
0042E0
006FD0
009BE0
00C720
00F180
011B00
0143B0
016B80
019280
01B890
01DDE0
020240
0225D0
024880
026A60
028B60
02AB80
02CAD0
02E910
030660
0322B0
033DF0
035840
037180
0389C0
03A110
03B750
03CC90
03E0D0
03F410
040650
041790
0427D0
043710
044540
045270
045E90
0469B0
0473C0
047CD0
0484D0
048BD0
0491C0
0496A0
049A80
049D50
049F20
049FF0
049FA0
049E60
049C20
0498F0
0494D0
048FB0
0489B0
0482B0
047AC0
0471F0
046820
045D50
0451A0
044500
043760
0428D0
041960
0408F0
03F7C0
03E5D0
03D320
03BFB0
03AB80
039690
0380E0
036A70
035340
033B50
0322A0
030930
02EF10
02D420
02B870
029C00
027F20
0261C0
0243F0
0225A0
0206D0
01E790
01C7E0
01A7B0
018710
0165F0
014450
012240
00FFC0
00DCC0
00B950
009560
007140
004D10
0028B0
000420
FFDF80
FFBAB0
FF95C0
FF70A0
FF4B60
FF2600
FF0080
FEDAD0
FEB500
FE8F10
FE68F0
FE42B0
FE1CA0
FDF6C0
FDD120
FDABA0
FD8660
FD6150
FD3C70
FD17C0
FCF340
FCCEF0
FCAAE0
FC86F0
FC6340
FC3FC0
FC1C60
FBF950
FBD6B0
FBB490
FB9300
FB71E0
FB5150
FB3140
FB11B0
FAF2A0
FAD410
FAB610
FA9880
FA7B80
FA5F00
FA4300
FA2780
FA0C80
F9F250
F9D8D0
F9C020
F9A840
F99110
F97AB0
F96510
F95030
F93C20
F928C0
F91630
F90470
F8F360
F8E320
F8D3A0
F8C4E0
F8B710
F8AA40
F89E50
F89350
F88940
F88020
F877F0
F870B0
F86A60
F86500
F86090
F85D10
F85A80
F858E0
F85830
F85870
F859B0
F85BF0
F85F30
F86370
F868C0
F86F00
F87650
F87EA0
F887F0
F89230
F89D90
F8A9E0
F8B730
F8C580
F8D4E0
F8E530
F8F680
F908D0
F91C10
F93040
F94570
F95B90
F972A0
F98AB0
F9A3C0
F9BDC0
F9D8B0
F9F4A0
FA1180
FA2F60
FA4E30
FA6DF0
FA8E90
FAB000
FAD240
FAF550
FB1930
FB3DE0
FB6370
FB89D0
FBB100
FBD900
FC01D0
FC2B70
FC55F0
FC8130
FCAD50
FCDA40
FD07C0
FD35E0
FD64A0
FD93F0
FDC3D0
FDF450
FE2570
FE5710
FE8960
FEBC40
FEEFB0
FF23C0
FF5870
FF8DB0
FFC380
FFF9F0
0030B0
0067B0
009F10
00D6B0
010EB0
0146F0
017F80
01B860
01F180
022B00
0264C0
029EE0
02D940
0313F0
034EF0
038A30
03C580
0400C0
043C00
047740
04B280
04EDB0
0528E0
056410
059F40
05DA60
061580
0650A0
068BC0
06C6D0
0701F0
073D00
0777B0
07B220
07EC30
0825E0
085F50
089860
08D120
090990
0941A0
097960
09B0C0
09E7E0
0A1EA0
0A5510
0A8B20
0AC0E0
0AF600
0B2A90
0B5E80
0B91D0
0BC480
0BF6A0
0C2820
0C5900
0C8940
0CB8E0
0CE7F0
0D1660
0D4430
0D7160
0D9E00
0DCA00
0DF530
0E1F80
0E4900
0E71B0
0E9990
0EC090
0EE6C0
0F0C20
0F30B0
0F5460
0F7740
0F9950
0FBA90
0FDAF0
0FFA90
101940
103710
1053E0
106FD0
108AB0
10A4B0
10BDB0
10D5C0
10ECE0
110300
111830
112C70
113FB0
115210
116370
1173D0
118350
1191C0
119F40
11ABC0
11B740
11C1C0
11CB50
11D3D0
11DB60
11E1F0
11E780
11EC20
11EFB0
11F250
11F3F0
11F490
11F430
11F2F0
11F0B0
11ED90
11E980
11E480
11DE90
11D7C0
11CFF0
11C740
11BDA0
11B310
11A790
119B30
118DD0
117F90
117060
116060
114FA0
113E20
112BD0
1118B0
1104D0
10F030
10DAC0
10C490
10AD90
1095C0
107D30
1063E0
1049C0
102EE0
101330
0FF6F0
0FDA20
0FBCD0
0F9EE0
0F8060
0F6150
0F41B0
0F2180
0F00C0
0EDF70
0EBD90
0E9B20
0E7810
0E5480
0E3060
0E0BB0
0DE6B0
0DC160
0D9BC0
0D75D0
0D4F90
0D2900
0D0230
0CDB00
0CB390
0C8BC0
0C63B0
0C3B50
0C12A0
0BE990
0BC040
0B96B0
0B6D00
0B4350
0B1980
0AEFC0
0AC5E0
0A9C00
0A7210
0A4810
0A1E10
09F400
09C9E0
099FC0
097580
094B40
092100
08F6A0
08CC80
08A290
0878D0
084F50
082600
07FCD0
07D3E0
07AB30
0782A0
075A50
073230
070A40
06E280
06BB00
0693B0
066C80
0645D0
061F70
05F980
05D3F0
05AEC0
058A00
0565A0
0541A0
051E00
04FAD0
04D800
04B590
049380
0471E0
0450A0
042FC0
040F70
03EF90
03D050
03B180
039340
037580
035840
033B90
031F50
0303B0
02E880
02CDE0
02B3C0
029A20
028110
026870
025070
023900
022220
020BC0
01F600
01E0C0
01CC20
01B800
01A470
019170
017F00
016D20
015BD0
014B10
013AE0
012B40
011C20
010D80
00FF70
00F1E0
00E4D0
00D850
00CC50
00C0D0
00B5E0
00AB60
00A170
009810
008F30
0086D0
007EF0
0077A0
0070B0
006A20
006400
005E50
0058F0
005400
004F80
004B60
0047A0
004450
004160
003ED0
003CB0
003AF0
0039A0
0038B0
003800
003780
003740
003740
003770
0037E0
003880
003970
003A80
003BE0
003D70
003F40
004140
004380
004600
0048B0
004B70
004E30
0050F0
0053C0
005690
005960
005C40
005F20
006210
006500
0067F0
006AE0
006DE0
0070E0
0073F0
007700
0079E0
007C90
007F10
008160
008380
008570
008730
0088C0
008A20
008B50
008C60
008D30
008DD0
008E40
008E80
008EA0
008E50
008DB0
008CA0
008B40
008990
008770
0084F0
008220
007EF0
007B60
007770
007320
006E80
006980
006410
005E60
005820
005160
004A20
004270
003A30
003180
002850
001EA0
001470
0009C0
FFFE90
FFF2F0
FFE6C0
FFDA10
FFCCF0
FFBF50
FFB120
FFA260
FF9320
FF8350
FF72F0
FF6210
FF5090
FF3E90
FF2C10
FF18F0
FF0550
FEF130
FEDC70
FEC730
FEB160
FE9B10
FE8430
FE6CD0
FE54E0
FE3C70
FE2380
FE0A10
FDF010
FDD590
FDBA80
FD9EF0
FD82E0
FD6650
FD4930
FD2B90
FD0D70
FCEEC0
FCCFB0
FCB030
FC9050
FC7000
FC4F50
FC2E30
FC0CB0
FBEAC0
FBC870
FBA5B0
FB8280
FB5EF0
FB3B00
FB16A0
FAF1D0
FACCA0
FAA740
FA8190
FA5BB0
FA3590
FA0F30
F9E8A0
F9C1D0
F99AC0
F97370
F94BE0
F92420
F8FC20
F8D3F0
F8AB70
F882C0
F859D0
F830E0
F807F0
F7DEF0
F7B600
F78D00
F76410
F73B10
F71210
F6E910
F6C010
F69700
F66E00
F644F0
F61BF0
F5F2E0
F5C9D0
F5A100
F57860
F55010
F527E0
F50000
F4D850
F4B0E0
F489B0
F462C0
F43C00
F41580
F3EF40
F3C930
F3A360
F37DD0
F35870
F33390
F30F20
F2EB30
F2C7A0
F2A4A0
F28200
F25FE0
F23E30
F21CF0
F1FC30
F1DBE0
F1BC00
F19CA0
F17DB0
F15F30
F14130
F123D0
F10710
F0EAF0
F0CF80
F0B4A0
F09A70
F080F0
F06800
F04FC0
F03820
F02120
F00AC0
EFF510
EFDFF0
EFCB80
EFB7C0
EFA4B0
EF9260
EF80D0
EF7000
EF5FF0
EF50A0
EF4210
EF3440
EF2730
EF1AE0
EF0F50
EF0470
EEFA60
EEF110
EEE870
EEE0A0
EED990
EED340
EECDC0
EEC900
EEC510
EEC1E0
EEBF80
EEBDE0
EEBD00
EEBCF0
EEBDA0
EEBF20
EEC160
EEC460
EEC830
EECCD0
EED210
EED810
EEDEC0
EEE620
EEEE40
EEF710
EF0090
EF0AC0
EF15A0
EF2140
EF2D90
EF3A90
EF4840
EF56B0
EF65C0
EF7590
EF85F0
EF96E0
EFA850
EFBA60
EFCCF0
EFE010
EFF3C0
F007F0
F01CC0
F03210
F047F0
F05E60
F07560
F08CE0
F0A500
F0BDA0
F0D6A0
F0EFE0
F10980
F12380
F13DC0
F15860
F17350
F18EA0
F1AA30
F1C620
F1E260
F1FF00
F21BF0
F23930
F256C0
F274A0
F292A0
F2B0B0
F2CED0
F2ED00
F30B50
F329B0
F34820
F366A0
F38530
F3A3E0
F3C290
F3E160
F40050
F41F40
F43E50
F45D60
F47C50
F49B10
F4B9A0
F4D800
F4F630
F51430
F53210
F54FB0
F56D20
F58A70
F5A780
F5C460
F5E120
F5FDB0
F61A00
F63630
F651F0
F66D50
F68840
F6A2C0
F6BCE0
F6D690
F6EFE0
F708C0
F72140
F73950
F750F0
F76830
F77F00
F79570
F7AB70
F7C110
F7D610
F7EA90
F7FE70
F811D0
F82490
F836C0
F84870
F85980
F86A00
F879F0
F88950
F89820
F8A660
F8B400
F8C120
F8CDB0
F8D990
F8E4E0
F8EF80
F8F980
F902D0
F90B90
F913A0
F91B10
F921E0
F92800
F92D90
F93270
F936B0
F93A50
F93D40
F93FA0
F94160
F94280
F94300
F94300
F94250
F94110
F93F40
F93CD0
F939C0
F93620
F931E0
F92D10
F927A0
F92190
F91AF0
F913C0
F90C10
F903E0
F8FB40
F8F230
F8E8A0
F8DEA0
F8D420
F8C920
F8BDC0
F8B1E0
F8A580
F898B0
F88B60
F87DA0
F86F60
F860B0
F851D0
F842A0
F83340
F823A0
F813C0
F803A0
F7F350
F7E2B0
F7D1E0
F7C0E0
F7AF90
F79E10
F78C40
F77A40
F76810
F75590
F74320
F730C0
F71E70
F70C20
F6F9E0
F6E7A0
F6D570
F6C350
F6B140
F69F30
F68D30
F67B30
F66950
F65760
F64590
F633C0
F62250
F61130
F60070
F5F000
F5DFF0
F5D030
F5C0D0
F5B1C0
F5A310
F594B0
F586B0
F57910
F56BB0
F55EC0
F55220
F545D0
F53A30
F52F20
F524B0
F51AF0
F511C0
F50930
F50140
F4F9F0
F4F340
F4ED30
F4E7C0
F4E2F0
F4DEC0
F4DB30
F4D840
F4D5E0
F4D470
F4D3C0
F4D3F0
F4D4F0
F4D6D0
F4D980
F4DD10
F4E170
F4E6A0
F4ECB0
F4F390
F4FB50
F503E0
F50D40
F51780
F52290
F52EA0
F53BA0
F54990
F55880
F56860
F57930
F58B00
F59DC0
F5B170
F5C620
F5DBC0
F5F260
F609F0
F62270
F63BF0
F65660
F671C0
F68E20
F6AB70
F6C9B0
F6E8E0
F70900
F72A20
F74C30
F76F30
F79320
F7B800
F7DDE0
F804B0
F82C70
F85530
F87ED0
F8A950
F8D4A0
F900C0
F92DC0
F95B80
F98A20
F9B990
F9E9D0
FA1AE0
FA4CD0
FA7F90
FAB310
FAE770
FB1CB0
FB52B0
FB8990
FBC100
FBF8F0
FC3180
FC6AA0
FCA450
FCDEA0
FD1970
FD54D0
FD90D0
FDCD50
FE0A70
FE4820
FE8660
FEC530
FF0490
FF4480
FF84B0
FFC520
0005C0
0046A0
0087B0
00C910
010AA0
014C60
018E70
01D0B0
021320
0255E0
0298D0
02DBF0
031F60
036300
03A670
03E9C0
042CE0
046FD0
04B290
04F530
0537A0
0579E0
05BBF0
05FDE0
063FA0
068130
06C290
0703D0
0744E0
0785C0
07C610
0805D0
0844F0
088390
08C190
08FF00
093BE0
097830
09B3F0
09EF10
0A29A0
0A63A0
0A9D10
0AD5F0
0B0E40
0B45F0
0B7CC0
0BB290
0BE780
0C1B80
0C4E90
0C80A0
0CB1D0
0CE220
0D1170
0D3FD0
0D6D40
0D99D0
0DC560
0DF010
0E19C0
0E4290
0E6A20
0E9090
0EB5C0
0ED9B0
0EFC80
0F1E10
0F3E70
0F5DA0
0F7B90
0F9860
0FB3F0
0FCE50
0FE770
0FFF70
101630
102BC0
104000
1052E0
106470
1074A0
108380
109110
109D50
10A830
10B1C0
10B9F0
10C0D0
10C660
10CAA0
10CD80
10CF00
10CF40
10CE20
10CBB0
10C7F0
10C2D0
10BC70
10B4B0
10ABA0
10A140
109590
108880
107A20
106A80
105980
104720
103380
101E80
100860
0FF120
0FD8B0
0FBF10
0FA460
0F8880
0F6B70
0F4D40
0F2DF0
0F0D70
0EEBC0
0EC900
0EA510
0E7FF0
0E59B0
0E3250
0E0A10
0DE0F0
0DB700
0D8C30
0D6080
0D3400
0D06A0
0CD870
0CA960
0C7970
0C48B0
0C1710
0BE490
0BB140
0B7D10
0B4800
0B1290
0ADCA0
0AA640
0A6F80
0A3840
0A0090
09C870
098FE0
0956E0
091D70
08E390
08A940
086E80
083350
07F7B0
07BBA0
077F90
074380
070780
06CB80
068F90
065390
0617A0
05DBC0
059FD0
0563F0
052810
04EC40
04B070
0474A0
0438D0
03FD10
03C1C0
0386F0
034CA0
0312C0
02D970
02A080
026820
023030
01F8B0
01C1C0
018B40
015530
011FB0
00EAA0
00B600
0081F0
004EB0
001C60
FFEAE0
FFBA50
FF8A90
FF5BC0
FF2DD0
FF00C0
FED490
FEA940
FE7EE0
FE5550
FE2CA0
FE04E0
FDDDF0
FDB7F0
FD9310
FD6F60
FD4CD0
FD2B70
FD0B40
FCEC30
FCCE50
FCB1A0
FC9610
FC7BB0
FC6270
FC4A60
FC3380
FC1DC0
FC0930
FBF5C0
FBE3B0
FBD2E0
FBC360
FBB530
FBA850
FB9CC0
FB9270
FB8980
FB81D0
FB7B80
FB7670
FB72B0
FB7040
FB6F20
FB6F50
FB70D0
FB7390
FB7790
FB7CE0
FB8370
FB8B50
FB9460
FB9EC0
FBAA70
FBB760
FBC590
FBD500
FBE5C0
FBF7C0
FC0B00
FC1F90
FC3560
FC4C40
FC6440
FC7D50
FC9770
FCB2B0
FCCEF0
FCEC50
FD0AD0
FD2A50
FD4AF0
FD6CA0
FD8F60
FDB340
FDD830
FDFE30
FE2550
FE4D20
FE75B0
FE9F00
FEC900
FEF3C0
FF1F40
FF4B80
FF7870
FFA620
FFD490
0003C0
0033A0
006440
0095A0
00C7B0
00FA90
012DB0
016110
0194D0
01C8D0
01FD10
0231B0
026690
029BC0
02D130
030700
033D10
037360
03AA10
03E100
041830
044FC0
048710
04BE30
04F520
052BE0
056260
0598B0
05CEE0
0604D0
063A80
067010
06A560
06DA90
070F80
074440
0778C0
07AD20
07E0C0
0813C0
084610
0877C0
08A8B0
08D900
0908A0
093790
0965D0
099370
09C050
09EC90
0A1820
0A4310
0A6D40
0A96D0
0ABF40
0AE6B0
0B0D00
0B3240
0B5670
0B7990
0B9BA0
0BBCA0
0BDC90
0BFB60
0C1920
0C35E0
0C5180
0C6C10
0C8590
0C9DF0
0CB510
0CCAC0
0CDF30
0CF230
0D03E0
0D1440
0D2340
0D30F0
0D3D40
0D4830
0D51D0
0D5A20
0D6110
0D66A0
0D6AE0
0D6DD0
0D6F40
0D6F40
0D6DD0
0D6AF0
0D6690
0D60D0
0D5990
0D50E0
0D46C0
0D3B30
0D2E20
0D1FB0
0D0FC0
0CFE60
0CEB90
0CD740
0CC1A0
0CAA90
0C9220
0C7860
0C5D20
0C4090
0C22A0
0C0340
0BE290
0BC070
0B9CF0
0B7810
0B51C0
0B2A20
0B0110
0AD6B0
0AAB20
0A7E70
0A5090
0A21A0
09F180
09C040
098DE0
095A60
0925B0
08EFF0
08B900
0880F0
0847B0
080D60
07D1E0
079550
0757F0
0719D0
06DAF0
069B40
065AE0
0619C0
05D7D0
059520
0551C0
050D90
04C8A0
0482F0
043C80
03F550
03AD50
0364A0
031BA0
02D260
0288D0
023F00
01F4E0
01AA80
015FE0
0114F0
00C9C0
007E40
003280
FFE670
FF9A20
FF4D90
FF00B0
FEB380
FE66A0
FE19F0
FDCD80
FD8150
FD3560
FCE9A0
FC9E20
FC52E0
FC07E0
FBBD10
FB7290
FB2840
FADE30
FA9450
FA4AC0
FA0160
F9B8C0
F970D0
F929A0
F8E320
F89D50
F85850
F813F0
F7D050
F78D70
F74B40
F709C0
F6C900
F688F0
F649A0
F60B10
F5CD20
F59060
F554C0
F51A30
F4E0C0
F4A870
F47140
F43B30
F40630
F3D260
F39FA0
F36E00
F33D80
F30E20
F2DFD0
F2B2B0
F286A0
F25BF0
F232A0
F20AB0
F1E420
F1BEE0
F19B10
F17890
F15770
F137B0
F11950
F0FC50
F0E0A0
F0C660
F0AD70
F095E0
F07FB0
F06AF0
F057B0
F045E0
F03580
F026A0
F01930
F00D40
F002C0
EFF9B0
EFF220
EFEC00
EFE750
EFE420
EFE260
EFE210
EFE340
EFE5D0
EFE9B0
EFEEF0
EFF590
EFFD90
F006E0
F011A0
F01DB0
F02B20
F039E0
F04A10
F05B90
F06E70
F082B0
F09840
F0AF40
F0C750
F0E080
F0FAD0
F11630
F132B0
F15050
F16F10
F18EF0
F1AFE0
F1D200
F1F530
F21970
F23EE0
F26560
F28D10
F2B5C0
F2DF40
F30970
F33460
F36000
F38C60
F3B970
F3E750
F415D0
F44510
F47510
F4A5D0
F4D740
F50960
F53C50
F56FE0
F5A440
F5D8D0
F60DB0
F642D0
F67830
F6ADE0
F6E3D0
F71A00
F75070
F78720
F7BE20
F7F560
F82CE0
F864A0
F89CB0
F8D4F0
F90D80
F945E0
F97E00
F9B5F0
F9EDB0
FA2530
FA5C70
FA9390
FACA70
FB0110
FB3780
FB6DC0
FBA3D0
FBD9A0
FC0F30
FC44A0
FC79C0
FCAE50
FCE230
FD1570
FD4810
FD7A00
FDAB50
FDDBF0
FE0BF0
FE3B50
FE6A00
FE9820
FEC580
FEF250
FF1E70
FF49F0
FF74C0
FF9EA0
FFC790
FFEF80
001670
003C70
006170
008580
00A8A0
00CAC0
00EBE0
010C10
012B50
014990
0166D0
018320
019E80
01B8B0
01D1B0
01E990
020040
0215D0
022A30
023D60
024F70
026060
027010
027EB0
028C10
029850
02A370
02AD60
02B620
02BDC0
02C430
02C970
02CD90
02D070
02D230
02D2D0
02D230
02D070
02CD90
02C970
02C430
02BDC0
02B620
02AD60
02A370
029870
028C80
027F70
027160
026250
025230
024110
022EE0
021BB0
020780
01F240
01DBF0
01C4B0
01AC50
019300
017890
015D80
0141A0
012510
0107C0
00E9C0
00CB00
00AB80
008B40
006A50
0048A0
002640
000320
FFDF40
FFBAB0
FF9560
FF6F50
FF48F0
FF2240
FEFB30
FED3D0
FEAC10
FE8400
FE5BA0
FE32E0
FE09D0
FDE060
FDB6A0
FD8C90
FD6220
FD3760
FD0C40
FCE0E0
FCB580
FC8A50
FC5F30
FC3430
FC0940
FBDE70
FBB3C0
FB8920
FB5EA0
FB3440
FB09F0
FADFC0
FAB5B0
FA8BB0
FA61D0
FA3810
FA0ED0
F9E610
F9BDE0
F99640
F96F20
F94880
F92270
F8FCE0
F8D7D0
F8B350
F88F60
F86BF0
F84900
F826A0
F804C0
F7E370
F7C2F0
F7A360
F784B0
F766D0
F749E0
F72DC0
F71290
F6F830
F6DEB0
F6C620
F6AE60
F69780
F68190
F66C70
F65830
F644D0
F63290
F62160
F61150
F60260
F5F480
F5E7C0
F5DC20
F5D190
F5C820
F5BFD0
F5B890
F5B270
F5AD60
F5A970
F5A6A0
F5A4E0
F5A450
F5A4E0
F5A6A0
F5A980
F5AD90
F5B2C0
F5B920
F5C0A0
F5C940
F5D320
F5DE10
F5EA30
F5F770
F605E0
F61580
F62630
F63800
F64AE0
F65EC0
F673B0
F689B0
F6A0C0
F6B8D0
F6D200
F6EC30
F70770
F723C0
F74120
F75F80
F77F00
F79F80
F7C110
F7E370
F80680
F82A70
F84F20
F87490
F89AC0
F8C1C0
F8E990
F91220
F93B70
F96590
F99070
F9BC20
F9E890
FA15D0
FA43C0
FA7230
FAA0F0
FAD020
FAFFB0
FB2FA0
FB6000
FB90B0
FBC1E0
FBF360
FC2540
FC5790
FC8A40
FCBD60
FCF0D0
FD24B0
FD5900
FD8D30
FDC140
FDF550
FE2940
FE5D20
FE90E0
FEC4A0
FEF840
FF2BD0
FF5F50
FF92B0
FFC600
FFF940
002C70
005F80
009280
00C4F0
00F6E0
012830
015900
018940
01B8F0
01E810
0216B0
0244B0
027230
029F10
02CB70
02F750
032290
034D40
037770
03A0A0
03C8D0
03F010
041650
043BA0
046000
048350
04A5B0
04C720
04E790
050700
052580
054310
055F90
057B30
0595C0
05AF20
05C720
05DDE0
05F360
060790
061A80
062C20
063C80
064B90
065960
0665E0
067120
067B10
0683C0
068B20
069140
0695F0
069930
069B10
069B90
069A90
069830
069460
068F30
068890
068080
067710
066C30
065FF0
065240
064320
063290
0620B0
060D70
05F8C0
05E2C0
05CB60
05B290
059870
057CF0
056010
0541D0
052230
050130
04DED0
04BB10
0495F0
046F70
0447D0
041F10
03F530
03CA30
039E10
0370D0
034260
0312E0
02E240
02B070
027D90
024980
021460
01DE10
01A6A0
016E20
0134D0
00FAD0
00C010
0084A0
004870
000B80
FFCDE0
FF8F70
FF5060
FF1080
FECFF0
FE8EA0
FE4CA0
FE09E0
FDC660
FD8220
FD3DC0
FCF920
FCB450
FC6F50
FC2A20
FBE4C0
FB9F30
FB5970
FB1370
FACD50
FA86F0
FA4070
F9F9B0
F9B2C0
F96BA0
F92450
F8DD60
F896E0
F850C0
F80B00
F7C5A0
F780B0
F73C20
F6F7F0
F6B430
F670D0
F62DD0
F5EB40
F5A910
F56740
F525E0
F4E4D0
F4A4D0
F465C0
F427A0
F3EA90
F3AE60
F37340
F33910
F2FFE0
F2C7A0
F29060
F25A10
F224C0
F1F070
F1BD10
F18AB0
F15940
F12950
F0FAE0
F0CDE0
F0A250
F07850
F04FB0
F02890
F002F0
EFDED0
EFBC10
EF9AE0
EF7B20
EF5CD0
EF4000
EF24B0
EF0AD0
EEF2C0
EEDC80
EEC820
EEB580
EEA4B0
EE95C0
EE8890
EE7D30
EE73B0
EE6BF0
EE6610
EE61F0
EE5FB0
EE5F40
EE6090
EE63C0
EE68E0
EE7000
EE7910
EE8420
EE9120
EEA020
EEB110
EEC3F0
EED8E0
EEEFB0
EF0890
EF2350
EF4020
EF5ED0
EF7F90
EFA230
EFC6C0
EFED40
F01590
F03FD0
F06BF0
F09A00
F0C9E0
F0FBB0
F12F70
F16500
F19C80
F1D5E0
F21120
F24E50
F28D60
F2CE50
F310E0
F35510
F39AD0
F3E230
F42B30
F475C0
F4C1F0
F50FC0
F55F30
F5B030
F602D0
F65700
F6ACE0
F70450
F75D60
F7B800
F813D0
F870B0
F8CEB0
F92DD0
F98E00
F9EF60
FA51D0
FAB560
FB1A10
FB7FE0
FBE6D0
FC4ED0
FCB7F0
FD2240
FD8DA0
FDFA10
FE6710
FED490
FF4280
FFB0F0
001FE0
008F50
00FF30
016FA0
01E080
0251E0
02C3C0
033620
03A8F0
041C50
049020
050470
057890
05EC70
066020
06D390
0746D0
07B9D0
082CA0
089F40
0911A0
0983C0
09F5B0
0A6770
0AD8F0
0B4A40
0BBB60
0C2C30
0C9C30
0D0B40
0D7960
0DE690
0E52E0
0EBE50
0F28D0
0F9260
0FFB00
1062C0
10C9A0
112F90
119490
11F8B0
125BE0
12BE20
131EE0
137E20
13DBE0
143810
1492C0
14EBE0
154380
1599A0
15EE30
164150
1692D0
16E2E0
173160
177E60
17C9D0
1813C0
185BB0
18A1B0
18E5B0
1927B0
1967C0
19A5D0
19E1E0
1A1C00
1A5410
1A8A40
1ABE60
1AF090
1B20C0
1B4EF0
1B7B30
1BA570
1BCD70
1BF340
1C16D0
1C3820
1C5740
1C7420
1C8EC0
1CA730
1CBD60
1CD150
1CE300
1CF280
1CFFD0
1D0AD0
1D13A0
1D1A30
1D1E80
1D2090
1D2060
1D1DF0
1D1950
1D1250
1D0920
1CFDB0
1CF000
1CE010
1CCDE0
1CB970
1CA2B0
1C89C0
1C6E90
1C5110
1C31A0
1C1010
1BEC90
1BC700
1B9F60
1B75D0
1B4A20
1B1C80
1AECD0
1ABB10
1A8760
1A5190
1A19D0
19E000
19A420
196650
1926D0
18E5C0
18A320
185EE0
181910
17D1A0
178890
173DF0
16F1C0
16A3E0
165480
160380
15B0E0
155CB0
1506E0
14AF80
145720
13FDB0
13A350
1347F0
12EB80
128E20
122FB0
11D050
116FF0
110E80
10AC20
1048B0
0FE440
0F7EE0
0F1870
0EB110
0E4950
0DE140
0D78E0
0D1040
0CA740
0C3DF0
0BD450
0B6A60
0B0020
0A9580
0A2AA0
09BF70
0953F0
08E810
087BF0
080F70
07A360
0737B0
06CC60
066170
05F6E0
058CB0
0522E0
04B980
045080
03E7E0
037FA0
0317C0
02B040
024920
01E270
017C10
0116C0
00B280
004F40
FFED00
FF8BC0
FF2B90
FECC70
FE6E40
FE1130
FDB510
FD5A00
FCFFF0
FCA6F0
FC4EF0
FBF800
FBA200
FB4DA0
FAFAB0
FAA950
FA5980
FA0B20
F9BE50
F97310
F92950
F8E110
F89A50
F85520
F81170
F7CF50
F78EB0
F74F90
F71200
F6D640
F69C60
F66450
F62E20
F5F9C0
F5C740
F59690
F567C0
F53AC0
F50FA0
F4E650
F4BEE0
F49940
F47580
F45390
F43380
F41560
F3F920
F3DEE0
F3C680
F3B020
F39BA0
F38910
F37880
F369D0
F35D10
F35240
F34960
F34260
F33D60
F33A50
F33920
F339D0
F33C40
F34080
F346A0
F34E80
F35830
F363B0
F37100
F38020
F39110
F3A3C0
F3B850
F3CEA0
F3E6D0
F400C0
F41C90
F439D0
F45880
F478B0
F49A60
F4BD90
F4E230
F50840
F52FE0
F558F0
F58370
F5AF70
F5DCF0
F60BF0
F63C60
F66E40
F6A1B0
F6D610
F70B70
F741D0
F77930
F7B180
F7EAE0
F82540
F86090
F89CE0
F8DA30
F91880
F957D0
F99820
F9D970
FA1BB0
FA5F00
FAA2B0
FAE6C0
FB2B50
FB7040
FBB590
FBFB60
FC4180
FC8820
FCCF20
FD1690
FD5E60
FDA6A0
FDEF50
FE3860
FE81E0
FECBD0
FF1580
FF5F10
FFA860
FFF190
003A80
008340
00CBD0
011440
015C70
01A470
01EC40
0233E0
027B50
02C290
0309A0
035070
039690
03DC00
0420A0
046490
04A7C0
04EA30
052BE0
056CE0
05AD20
05ECA0
062B60
066960
06A6B0
06E340
071F10
075A20
079410
07CCC0
080450
083AB0
086FE0
08A3E0
08D6B0
090850
0938D0
096810
099630
09C320
09EEE0
0A1970
0A42D0
0A6B00
0A91C0
0AB710
0ADAF0
0AFD60
0B1E60
0B3DF0
0B5C00
0B78B0
0B93E0
0BADA0
0BC5F0
0BDCD0
0BF240
0C0640
0C18C0
0C29E0
0C3970
0C4770
0C53F0
0C5EF0
0C6850
0C7040
0C76A0
0C7B70
0C7EC0
0C8080
0C80C0
0C7F70
0C7CA0
0C7840
0C7250
0C6AF0
0C6210
0C57D0
0C4C20
0C3F00
0C3070
0C2080
0C0F20
0BFC60
0BE820
0BD280
0BBB70
0BA300
0B8910
0B6DC0
0B5110
0B32E0
0B13A0
0AF320
0AD190
0AAED0
0A8AF0
0A65F0
0A3FC0
0A1870
09EFF0
09C660
099BA0
096FB0
0942A0
091470
08E520
08B4A0
088370
085170
081EC0
07EB60
07B730
078250
074CB0
071650
06DF40
06A760
066ED0
063590
05FB80
05C0C0
058540
054900
050C80
04CFD0
0492D0
045590
041810
03DA60
039C60
035E20
031FB0
02E0F0
02A1F0
0262C0
022340
01E380
01A390
016350
012350
00E390
00A410
0064D0
0025C0
FFE6F0
FFA860
FF6A10
FF2BF0
FEEE10
FEB070
FE7310
FE35F0
FDF900
FDBC50
FD7FE0
FD4420
FD0910
FCCEB0
FC94F0
FC5BF0
FC2390
FBEBE0
FBB4E0
FB7E90
FB48F0
FB1400
FADFB0
FAAC20
FA7930
FA46F0
FA1570
F9E4E0
F9B550
F986C0
F95940
F92CB0
F90130
F8D6A0
F8AD20
F88490
F85D10
F83690
F81110
F7EC90
F7C910
F7A690
F78510
F764C0
F745B0
F727D0
F70B20
F6EFA0
F6D550
F6BC30
F6A450
F68DA0
F67820
F663D0
F650C0
F63ED0
F62E20
F61EA0
F61060
F60340
F5F770
F5ECD0
F5E360
F5DB30
F5D430
F5CE70
F5C9E0
F5C690
F5C480
F5C3A0
F5C3F0
F5C590
F5C850
F5CC50
F5D190
F5D7E0
F5DF50
F5E7D0
F5F170
F5FC20
F607F0
F614E0
F622E0
F631F0
F64220
F65370
F665D0
F67950
F68DE0
F6A390
F6BA60
F6D1F0
F6EA70
F703B0
F71DD0
F738C0
F75480
F77120
F78E90
F7ACD0
F7CBE0
F7EBD0
F80CA0
F82E30
F850A0
F873E0
F89800
F8BC90
F8E1A0
F90730
F92D30
F953B0
F97AB0
F9A220
F9CA20
F9F290
FA1B70
FA44E0
FA6EC0
FA9920
FAC3F0
FAEF40
FB1B10
FB4700
FB7300
FB9F20
FBCB50
FBF7A0
FC2400
FC5080
FC7D20
FCA9D0
FCD690
FD0370
FD3070
FD5D80
FD8AB0
FDB800
FDE550
FE1270
FE3F40
FE6BD0
FE9810
FEC410
FEEFC0
FF1B40
FF4660
FF7140
FF9BE0
FFC640
FFF050
001A10
0043A0
006CD0
0095D0
00BE30
00E600
010D40
0133F0
015A10
017FA0
01A4A0
01C900
01ECE0
021020
0232D0
025500
027690
029790
02B800
02D7D0
02F6F0
031540
0332D0
034FA0
036BA0
0386E0
03A160
03BB20
03D410
03EC40
0403B0
041A50
043030
044550
0459B0
046D40
048000
0491F0
04A310
04B360
04C2E0
04D190
04DF70
04EC70
04F8A0
050410
050EA0
051860
052150
052970
0530C0
053730
053CF0
0541F0
054620
0549A0
054C50
054E50
054F80
055000
054FB0
054EB0
054CE0
054A50
054710
054300
053E30
0538B0
053290
052BF0
0524C0
051D00
0514B0
050BD0
050270
04F880
04EE00
04E2F0
04D760
04CB30
04BE80
04B140
04A370
049520
048680
0477A0
046870
045900
044950
043950
042910
041880
0407B0
03F6A0
03E550
03D3B0
03C1D0
03AFA0
039D30
038A80
0377D0
036540
0352B0
034020
032DB0
031B40
0308E0
02F690
02E450
02D210
02BFE0
02ADC0
029BB0
0289A0
0277B0
0265C0
025420
0242F0
023210
022190
021170
0201B0
01F240
01E330
01D480
01C630
01B830
01AAA0
019D60
019070
0183F0
0177C0
016C30
016140
0156E0
014D30
014410
013B80
0133A0
012C50
012590
011F80
011A00
011520
0110E0
010D30
010A30
0107B0
010610
010520
010500
0105A0
010700
010920
010C10
010FC0
011430
011970
011F70
012630
012DB0
013600
013F10
0148E0
015380
015EE0
016B10
017810
0185D0
019450
01A3B0
01B3D0
01C4B0
01D660
01E8E0
01FC20
021020
022500
023AA0
025100
026820
027FE0
029860
02B180
02CB60
02E5F0
030120
031D10
0339B0
035700
0374F0
0393A0
03B300
03D310
03F3D0
041530
043720
045970
047C40
049F80
04C330
04E760
050C00
053110
055690
057C90
05A300
05C9F0
05F140
061910
064160
066A10
0692F0
06BBF0
06E520
070E60
0737D0
076170
078B20
07B500
07DF10
080930
083380
085DF0
088880
08B340
08DE20
090920
0933F0
095E80
0988D0
09B2F0
09DCE0
0A0690
0A3000
0A5940
0A8240
0AAB00
0AD390
0AFBF0
0B2400
0B4BF0
0B7390
0B9B10
0BC1E0
0BE830
0C0DE0
0C3300
0C5780
0C7B70
0C9ED0
0CC190
0CE3C0
0D0550
0D2660
0D46D0
0D66A0
0D85E0
0DA490
0DC2B0
0DDFE0
0DFC30
0E17A0
0E3230
0E4BD0
0E6490
0E7C70
0E9370
0EA990
0EBEC0
0ED320
0EE690
0EF910
0F0AC0
0F1B80
0F2B70
0F3A30
0F47E0
0F5480
0F6000
0F6A60
0F73B0
0F7BE0
0F82F0
0F88F0
0F8DE0
0F91B0
0F9460
0F9600
0F9680
0F95F0
0F9440
0F9160
0F8D50
0F8820
0F81D0
0F7A40
0F7190
0F67B0
0F5CB0
0F5070
0F4310
0F3490
0F24E0
0F1400
0F01F0
0EEEC0
0EDA50
0EC4E0
0EAE40
0E9690
0E7DD0
0E63E0
0E48E0
0E2CD0
0E0F90
0DF140
0DD1E0
0DB150
0D8FB0
0D6D00
0D4920
0D2430
0CFE30
0CD740
0CAF70
0C86C0
0C5D30
0C32C0
0C0760
0BDB20
0BAE10
0B8010
0B5130
0B2170
0AF0D0
0ABF40
0A8CE0
0A5990
0A2560
09F0A0
09BB60
098580
094F20
091830
08E0A0
08A890
086FF0
0836D0
07FD10
07C2C0
0787F0
074C80
071090
06D410
0696F0
0659C0
061C60
05DEE0
05A140
056370
052580
04E760
04A920
046AC0
042C30
03ED90
03AEB0
036FC0
0330A0
02F160
02B1F0
0272D0
023400
01F570
01B730
017930
013B90
00FE20
00C110
008430
0047B0
000B70
FFCF80
FF93D0
FF5870
FF1D50
FEE290
FEA870
FE6F00
FE3650
FDFE50
FDC6F0
FD9050
FD5A70
FD2530
FCF0A0
FCBCD0
FC89B0
FC5740
FC2580
FBF470
FBC410
FB9470
FB65D0
FB3830
FB0BB0
FAE020
FAB5A0
FA8C30
FA63C0
FA3C60
FA1610
F9F0C0
F9CC70
F9A930
F98700
F965D0
F945A0
F92690
F908B0
F8EC10
F8D0A0
F8B680
F89D90
F885F0
F86F80
F85A50
F84660
F833B0
F82240
F81200
F80310
F7F550
F7E8D0
F7DD90
F7D3A0
F7CB00
F7C3B0
F7BDC0
F7B910
F7B5B0
F7B3B0
F7B2F0
F7B390
F7B580
F7B8B0
F7BD40
F7C320
F7CA50
F7D2D0
F7DCA0
F7E7B0
F7F3F0
F80170
F81030
F82030
F83160
F843D0
F85780
F86C60
F88280
F899E0
F8B280
F8CC50
F8E760
F903A0
F92130
F93FB0
F95F40
F97FD0
F9A160
F9C400
F9E7A0
FA0C40
FA31E0
FA5890
FA8040
FAA8F0
FAD2B0
FAFD60
FB2920
FB55E0
FB83B0
FBB220
FBE150
FC1120
FC41A0
FC72E0
FCA4C0
FCD750
FD0AA0
FD3E90
FD7330
FDA890
FDDE90
FE1540
FE4CB0
FE84C0
FEBD80
FEF690
FF2FF0
FF6990
FFA380
FFDDB0
001830
005300
008E10
00C970
010520
014110
017D50
01B9E0
01F6B0
0233D0
027140
02AE80
02EBB0
0328C0
0365B0
03A280
03DF30
041BC0
045840
049490
04D0D0
050CE0
0548E0
0584C0
05C080
05FC20
0637A0
0672A0
06AD20
06E720
0720A0
0759A0
079210
07CA10
080190
083880
086EF0
08A4F0
08DA60
090F50
0943C0
0977C0
09AB30
09DDD0
0A0FA0
0A40A0
0A70E0
0AA040
0ACEE0
0AFCB0
0B29B0
0B55E0
0B8150
0BABE0
0BD5B0
0BFEA0
0C26D0
0C4E30
0C74C0
0C9A50
0CBEE0
0CE260
0D04F0
0D2670
0D46F0
0D6670
0D84F0
0DA270
0DBEE0
0DDA60
0DF4D0
0E0E40
0E26B0
0E3E20
0E5480
0E69E0
0E7E20
0E9150
0EA360
0EB470
0EC460
0ED330
0EE100
0EEDB0
0EF950
0F03E0
0F0D50
0F15C0
0F1D10
0F2340
0F2870
0F2C90
0F2FA0
0F31B0
0F32B0
0F32B0
0F31A0
0F2F80
0F2C60
0F2840
0F2310
0F1CD0
0F1590
0F0D40
0F03F0
0EF990
0EEE30
0EE1E0
0ED4C0
0EC6B0
0EB7C0
0EA800
0E9750
0E85C0
0E7350
0E6000
0E4BC0
0E36B0
0E20C0
0E09E0
0DF230
0DD990
0DC010
0DA5F0
0D8B30
0D6FC0
0D53A0
0D36F0
0D1990
0CFB80
0CDCE0
0CBD90
0C9D90
0C7CF0
0C5BB0
0C39D0
0C1740
0BF400
0BD030
0BABF0
0B8750
0B6250
0B3CF0
0B1740
0AF120
0ACAA0
0AA3B0
0A7C70
0A54D0
0A2CD0
0A0470
09DBA0
09B280
098900
095F10
093510
090B00
08E0D0
08B680
088C20
0861A0
083710
080C60
07E1A0
07B6C0
078BD0
0760C0
0735A0
070A60
06DF00
06B390
068840
065D10
063210
060730
05DC60
05B1D0
058750
055CF0
0532C0
0508B0
04DEC0
04B4F0
048B40
0461C0
043860
040F10
03E630
03BD90
039540
036D50
0345B0
031E60
02F760
02D0B0
02AA60
028460
025EA0
023940
021440
01EF80
01CB20
01A700
018360
016020
013D50
011AF0
00F8F0
00D760
00B640
009590
007540
005560
0035F0
0016E0
FFF840
FFDA10
FFBC50
FF9EF0
FF8210
FF65A0
FF49A0
FF2E10
FF12F0
FEF850
FEDE10
FEC450
FEAB10
FE9230
FE79D0
FE61E0
FE4A60
FE3350
FE1CB0
FE0690
FDF0D0
FDDB70
FDC680
FDB200
FD9DE0
FD8A20
FD76D0
FD63E0
FD5160
FD3F40
FD2D90
FD1C40
FD0B60
FCFAE0
FCEAC0
FCDB10
FCCBB0
FCBCA0
FCADE0
FC9F70
FC9150
FC8380
FC7600
FC68D0
FC5BF0
FC4F60
FC4320
FC3730
FC2B80
FC2030
FC1530
FC0A80
FC0000
FBF5B0
FBEB90
FBE1B0
FBD800
FBCE80
FBC530
FBBC10
FBB320
FBAA70
FBA1F0
FB99A0
FB9180
FB8990
FB81E0
FB7A50
FB72E0
FB6B90
FB6440
FB5D10
FB55F0
FB4EF0
FB4800
FB4120
FB3A50
FB33A0
FB2D00
FB2670
FB2000
FB19A0
FB1350
FB0D10
FB06E0
FB00B0
FAFA80
FAF450
FAEE20
FAE7F0
FAE1D0
FADBA0
FAD580
FACF60
FAC940
FAC320
FABD00
FAB6F0
FAB0D0
FAAAC0
FAA4A0
FA9E70
FA9840
FA9210
FA8BC0
FA8580
FA7F20
FA78C0
FA7260
FA6BE0
FA6570
FA5EE0
FA5850
FA51C0
FA4B20
FA4470
FA3DC0
FA3710
FA3050
FA29A0
FA22D0
FA1C10
FA1540
FA0E70
FA07A0
FA00D0
F9F9F0
F9F310
F9EC20
F9E540
F9DE50
F9D750
F9D070
F9C980
F9C2B0
F9BBD0
F9B510
F9AE50
F9A790
F9A0E0
F99A30
F99390
F98CF0
F98660
F97FE0
F97960
F972E0
F96C70
F96620
F95FF0
F959E0
F953E0
F94E10
F94860
F942C0
F93D50
F937F0
F932C0
F92DA0
F928B0
F923D0
F91F20
F91A80
F91600
F911C0
F90DB0
F909E0
F90640
F902D0
F8FFA0
F8FCB0
F8F9F0
F8F760
F8F510
F8F2F0
F8F110
F8EF60
F8EDF0
F8ECB0
F8EBA0
F8EAF0
F8EA70
F8EA50
F8EA70
F8EAE0
F8EBA0
F8ECA0
F8EDF0
F8EF90
F8F170
F8F3A0
F8F610
F8F8E0
F8FBF0
F8FF40
F902F0
F906E0
F90B30
F90FE0
F914E0
F91A30
F91FE0
F925E0
F92C30
F932E0
F939E0
F94140
F948F0
F950F0
F95950
F96200
F96B00
F97460
F97E00
F98800
F99240
F99CE0
F9A7D0
F9B300
F9BE90
F9CA60
F9D690
F9E310
F9EFD0
F9FCF0
FA0A60
FA1820
FA2620
FA3470
FA4300
FA51C0
FA60C0
FA7010
FA7F90
FA8F50
FA9F50
FAAF90
FAC000
FAD0C0
FAE1B0
FAF2F0
FB0460
FB1610
FB2810
FB3A10
FB4C40
FB5E80
FB70E0
FB8350
FB95E0
FBA890
FBBB60
FBCE40
FBE140
FBF450
FC0780
FC1AD0
FC2E30
FC41C0
FC5550
FC68E0
FC7C60
FC8FD0
FCA330
FCB680
FCC9C0
FCDCF0
FCF010
FD0320
FD1620
FD2920
FD3C00
FD4ED0
FD6190
FD7450
FD86F0
FD9960
FDAB80
FDBD60
FDCF00
FDE060
FDF190
FE0270
FE1310
FE2370
FE3390
FE4360
FE5300
FE6260
FE7180
FE8060
FE8EF0
FE9D20
FEAAE0
FEB840
FEC530
FED1A0
FEDDC0
FEE960
FEF4A0
FEFF60
FF09D0
FF13C0
FF1D40
FF2660
FF2F10
FF3760
FF3F30
FF4680
FF4D40
FF5370
FF5920
FF5E40
FF62D0
FF66D0
FF6A50
FF6D40
FF6FA0
FF7170
FF72C0
FF7380
FF73B0
FF7350
FF7270
FF70F0
FF6ED0
FF6C20
FF68D0
FF64E0
FF6060
FF5B40
FF5580
FF4F30
FF4840
FF40B0
FF3890
FF2FD0
FF2670
FF1C70
FF11E0
FF06D0
FEFB20
FEEEE0
FEE210
FED4B0
FEC6C0
FEB840
FEA940
FE99A0
FE8970
FE78C0
FE6770
FE5590
FE4330
FE3030
FE1CB0
FE08B0
FDF450
FDDF70
FDCA20
FDB470
FD9E40
FD87A0
FD70A0
FD5920
FD4130
FD28D0
FD1010
FCF6D0
FCDD20
FCC300
FCA870
FC8DB0
FC72A0
FC5770
FC3BF0
FC2040
FC0460
FBE840
FBCBE0
FBAF50
FB9280
FB7580
FB5840
FB3AC0
FB1D10
FAFF20
FAE100
FAC2E0
FAA4D0
FA86C0
FA68C0
FA4AC0
FA2CD0
FA0EE0
F9F100
F9D330
F9B550
F99790
F979D0
F95C20
F93E70
F920C0
F90330
F8E5E0
F8C8F0
F8AC40
F88FF0
F87400
F85850
F83D00
F82200
F80750
F7ECF0
F7D2F0
F7B940
F79FE0
F786D0
F76E10
F755B0
F73DE0
F726B0
F71010
F6FA00
F6E490
F6CFC0
F6BB80
F6A7E0
F694D0
F68260
F67080
F65F40
F64E90
F63E70
F62F00
F62010
F61200
F604B0
F5F830
F5EC80
F5E190
F5D780
F5CE30
F5C5B0
F5BDF0
F5B710
F5B0F0
F5ABA0
F5A710
F5A360
F5A070
F59E50
F59D20
F59CD0
F59D70
F59EF0
F5A160
F5A4C0
F5A900
F5AE30
F5B450
F5BB50
F5C340
F5CC10
F5D5D0
F5E080
F5EC10
F5F890
F605F0
F61440
F62370
F63390
F64490
F65670
F66940
F67D00
F69190
F6A720
F6BD80
F6D4D0
F6ED10
F70630
F72030
F73B20
F756D0
F77350
F79090
F7AEA0
F7CD70
F7ED10
F80D70
F82EA0
F85090
F87340
F896D0
F8BB10
F8E020
F90600
F92CA0
F95400
F97BF0
F9A470
F9CD70
F9F6F0
FA2100
FA4B90
FA76B0
FAA250
FACE70
FAFB30
FB2860
FB5620
FB8470
FBB340
FBE290
FC1270
FC4280
FC72D0
FCA340
FCD3F0
FD04D0
FD35F0
FD6740
FD98C0
FDCA70
FDFC60
FE2E80
FE60D0
FE9360
FEC610
FEF900
FF2C30
FF5F20
FF91F0
FFC490
FFF700
002940
005B60
008D40
00BF00
00F090
012200
015330
018440
01B510
01E5D0
021650
0246A0
027670
02A5B0
02D460
030290
033030
035D40
0389C0
03B5C0
03E130
040C10
043670
046030
048980
04B230
04DA60
0501F0
0528C0
054EA0
0573B0
0597E0
05BB30
05DDB0
05FF40
062010
063FF0
065EF0
067D20
069A70
06B6F0
06D280
06ED40
070730
072000
0737B0
074E60
0763F0
077870
078BE0
079E30
07AF80
07BFB0
07CED0
07DCD0
07E9D0
07F5B0
080080
080A40
0812E0
081A60
0820C0
0825F0
082A00
082CE0
082EA0
082F30
082EA0
082CF0
082A10
082600
0820E0
081A80
081300
080A60
0800A0
07F5C0
07E9C0
07DCB0
07CE80
07BF40
07AEE0
079D70
078AF0
077740
076290
074CC0
0735D0
071DD0
0704B0
06EA80
06CF30
06B300
069600
067810
065940
063990
061900
05F790
05D540
05B210
058DF0
056900
054330
051C80
04F4E0
04CC70
04A310
047930
044EC0
0423B0
03F820
03CC00
039F50
037210
034440
0315F0
02E700
02B780
028780
0256F0
0225C0
01F410
01C1D0
018F60
015CE0
012A20
00F750
00C450
009120
005DE0
002A60
FFF6D0
FFC310
FF8F30
FF5B20
FF26F0
FEF2A0
FEBE20
FE8980
FE5520
FE2110
FDED40
FDB9C0
FD8680
FD5380
FD20D0
FCEE70
FCBC50
FC8A70
FC58E0
FC2790
FBF680
FBC5D0
FB9550
FB6520
FB35A0
FB06C0
FAD890
FAAB00
FA7E30
FA5200
FA2670
F9FB90
F9D160
F9A7E0
F97F00
F956D0
F92F50
F90870
F8E240
F8BCB0
F89820
F87490
F851F0
F83050
F80FB0
F7F000
F7D140
F7B380
F796C0
F77AF0
F76020
F74650
F72D70
F71580
F6FEA0
F6E8A0
F6D3D0
F6C030
F6ADA0
F69C40
F68C00
F67CE0
F66EE0
F66210
F65660
F64BD0
F64260
F63A20
F63300
F62D00
F62820
F62470
F621E0
F62080
F62040
F62130
F62350
F626A0
F62B10
F630A0
F63770
F63F60
F64870
F652B0
F65E20
F66AC0
F67880
F68770
F69760
F6A850
F6BA50
F6CD40
F6E140
F6F640
F70C40
F72350
F73B50
F75460
F76E70
F78980
F7A5A0
F7C2C0
F7E0D0
F80000
F81FD0
F84070
F861C0
F883D0
F8A6A0
F8CA20
F8EE70
F91370
F93920
F95FA0
F986D0
F9AEC0
F9D770
FA00D0
FA2B00
FA55D0
FA8110
FAACA0
FAD880
FB04C0
FB3150
FB5E40
FB8B80
FBB910
FBE700
FC1550
FC43F0
FC72E0
FCA230
FCD1D0
FD01D0
FD3220
FD6260
FD9280
FDC280
FDF270
FE2250
FE5210
FE81B0
FEB140
FEE0C0
FF1020
FF3F60
FF6E90
FF9DA0
FFCCA0
FFFB80
002A40
005890
008640
00B380
00E030
010C60
013800
016320
018DC0
01B7D0
01E160
020A60
0232E0
025AE0
028250
02A940
02CFB0
02F530
0319D0
033D90
036070
038260
03A380
03C3B0
03E300
040170
041EF0
043B90
045750
047230
048C30
04A540
04BD80
04D490
04EA80
04FF60
051310
0525B0
053720
054780
0556B0
0564D0
0571D0
057DB0
058870
059200
059A80
05A1E0
05A830
05AD30
05B100
05B3A0
05B500
05B530
05B420
05B1E0
05AE60
05A9B0
05A3D0
059CB0
059450
058AC0
058000
057400
0566D0
055880
054900
053870
0526B0
0513E0
04FFF0
04EAD0
04D4A0
04BD50
04A4D0
048B40
047080
0454B0
0437B0
0419A0
03FA60
03DA50
03B950
039760
0374A0
0350F0
032C60
0306F0
02E0A0
02B960
029140
026840
023E50
021390
01E7E0
01BB50
018DD0
015FE0
013160
010260
00D2D0
00A2C0
007230
004120
000F80
FFDD60
FFAAC0
FF77A0
FF43F0
FF0FC0
FEDB10
FEA5D0
FE7010
FE3A40
FE0460
FDCE70
FD9860
FD6240
FD2C20
FCF5E0
FCBF90
FC8920
FC52B0
FC1C20
FBE590
FBAEE0
FB7820
FB4150
FB0A60
FAD3E0
FA9DD0
FA6820
FA32D0
F9FDE0
F9C960
F99550
F96190
F92E40
F8FB60
F8C8E0
F896C0
F86500
F833B0
F802D0
F7D240
F7A290
F773C0
F745B0
F71880
F6EC20
F6C0A0
F695F0
F66C10
F64310
F61AD0
F5F380
F5CCF0
F5A740
F58260
F55E50
F53B20
F51910
F4F830
F4D870
F4B9E0
F49C80
F48040
F46520
F44B30
F43270
F41AD0
F40460
F3EF10
F3DAF0
F3C7F0
F3B620
F3A580
F39630
F38840
F37BB0
F37070
F366A0
F35E20
F35700
F35130
F34CD0
F349C0
F34810
F347B0
F348C0
F34B20
F34EE0
F353F0
F35A70
F36250
F36B90
F37630
F38240
F38FA0
F39E70
F3AEA0
F3C030
F3D320
F3E770
F3FD20
F41430
F42CB0
F44690
F461C0
F47E40
F49C00
F4BB00
F4DB40
F4FCD0
F51F90
F54390
F568D0
F58F60
F5B720
F5E030
F60A80
F63600
F662D0
F690E0
F6C030
F6F070
F721B0
F753F0
F78720
F7BB40
F7F060
F82670
F85D80
F89590
F8CE90
F90880
F94370
F97F50
F9BC30
F9FA10
FA38D0
FA7840
FAB830
FAF8C0
FB39E0
FB7B90
FBBDD0
FC00B0
FC4420
FC8830
FCCCC0
FD11F0
FD57B0
FD9E10
FDE4F0
FE2C70
FE7490
FEBCC0
FF0510
FF4D90
FF9630
FFDEF0
0027C0
0070C0
00B9F0
010330
014C90
019620
01DFC0
022990
027380
02BD90
0307C0
035190
039B20
03E460
042D40
0475D0
04BE10
050600
054DA0
0594E0
05DBE0
062280
0668D0
06AED0
06F480
0739E0
077EE0
07C330
0806D0
0849B0
088BE0
08CD60
090E20
094E30
098D80
09CC30
0A0A10
0A4740
0A83C0
0ABF90
0AFAA0
0B3500
0B6EA0
0BA740
0BDEE0
0C1580
0C4B10
0C7FA0
0CB330
0CE5C0
0D1750
0D47D0
0D7750
0DA5D0
0DD340
0DFFB0
0E2B20
0E5590
0E7F00
0EA740
0ECE50
0EF430
0F18E0
0F3C70
0F5ED0
0F8000
0FA000
0FBED0
0FDC80
0FF900
101450
102E70
104770
105F40
1075D0
108B40
109F70
10B280
10C440
10D4E0
10E440
10F270
10FF60
110B30
1115C0
111F10
112740
112E30
1133E0
113870
113BC0
113E00
113F20
113F30
113E20
113BF0
1138C0
113460
112EF0
112870
1120D0
111820
110E50
110370
10F770
10EA50
10DC30
10CD20
10BD30
10AC50
109AA0
108810
1074A0
106040
104B10
1034F0
101E00
100620
0FED60
0FD3C0
0FB950
0F9DF0
0F81A0
0F64D0
0F4760
0F2950
0F0AB0
0EEB70
0ECBA0
0EAB30
0E8A30
0E6890
0E4660
0E2390
0E0030
0DDC30
0DB7A0
0D9270
0D6CA0
0D4690
0D2040
0CF9A0
0CD2C0
0CAB90
0C8410
0C5C50
0C3450
0C0C00
0BE360
0BBA80
0B9160
0B67F0
0B3E40
0B1440
0AE9F0
0ABFB0
0A9560
0A6B20
0A40D0
0A1690
09EC40
09C200
0997C0
096D70
094320
0918E0
08EE90
08C450
089A00
086FC0
084570
081B60
07F190
07C800
079EB0
077590
074CB0
072410
06FBB0
06D390
06ABA0
0683F0
065C80
063550
060E50
05E790
05C120
059AF0
057530
054FD0
052AD0
050620
04E1D0
04BDF0
049A60
047730
045460
0431E0
040FD0
03EE20
03CCC0
03ABC0
038B30
036AF0
034B30
032BD0
030CE0
02EE60
02D050
02B2A0
029560
027880
025C20
024020
022490
020960
01EEA0
01D450
01BA70
01A0E0
0187C0
016EF0
015670
013E60
0126B0
010F50
00F850
00E1B0
00CB70
00B580
00A000
008AD0
007600
006190
004D70
0039A0
002600
0012B0
FFFF90
FFECB0
FFDA20
FFC7C0
FFB5A0
FFA3C0
FF9220
FF80C0
FF6F90
FF5EB0
FF4E10
FF3DA0
FF2D80
FF1D70
FF0D70
FEFD80
FEEDB0
FEDDF0
FECE40
FEBEB0
FEAF30
FE9FC0
FE9060
FE8120
FE71F0
FE62E0
FE53D0
FE44E0
FE3610
FE2720
FE1810
FE08F0
FDF9C0
FDEA70
FDDB10
FDCB90
FDBC00
FDAC50
FD9CA0
FD8CC0
FD7CD0
FD6CD0
FD5CC0
FD4C90
FD3C40
FD2BC0
FD1B10
FD0A20
FCF900
FCE7A0
FCD610
FCC440
FCB240
FCA000
FC8D90
FC7AE0
FC6800
FC54E0
FC4190
FC2E10
FC1A40
FC0640
FBF1E0
FBDD40
FBC850
FBB310
FB9D80
FB87B0
FB7180
FB5B10
FB4460
FB2D50
FB1600
FAFE60
FAE670
FACE40
FAB5B0
FA9CF0
FA83D0
FA6A70
FA50D0
FA36E0
FA1CB0
FA0230
F9E770
F9CC70
F9B110
F99580
F979A0
F95D70
F94100
F92440
F90740
F8EA10
F8CCA0
F8AF10
F89140
F87340
F85510
F836B0
F81820
F7F950
F7DA60
F7BB30
F79BD0
F77C40
F75C80
F73C90
F71C60
F6FC40
F6DC00
F6BBD0
F69B90
F67B50
F65B10
F63AC0
F61A70
F5FA20
F5D9C0
F5B960
F59900
F57890
F55820
F537B0
F51730
F4F6F0
F4D6D0
F4B6F0
F49740
F477C0
F45870
F43950
F41A60
F3FBA0
F3DD20
F3BEC0
F3A0A0
F382A0
F364E0
F34750
F329F0
F30D00
F2F080
F2D460
F2B8C0
F29D90
F282C0
F26860
F24E70
F23500
F21BF0
F20350
F1EB10
F1D350
F1BC00
F1A510
F18EA0
F178C0
F163A0
F14F10
F13B30
F127F0
F11550
F10360
F0F210
F0E170
F0D170
F0C210
F0B350
F0A540
F097E0
F08B10
F07EF0
F073A0
F06910
F05F50
F05660
F04E40
F046F0
F04060
F03AA0
F035B0
F03190
F02E40
F02BB0
F029F0
F02900
F028E0
F02990
F02B10
F02D80
F030C0
F034F0
F03A00
F03FE0
F046B0
F04E50
F056E0
F06040
F06A90
F075B0
F081C0
F08EA0
F09C70
F0AB10
F0BA90
F0CAE0
F0DC10
F0EE10
F100E0
F11480
F12900
F13E50
F15480
F16B80
F18350
F19C00
F1B580
F1CFD0
F1EB00
F206F0
F223B0
F24110
F25F20
F27DF0
F29D70
F2BDA0
F2DE90
F30020
F32270
F34570
F36920
F38D80
F3B2A0
F3D870
F3FEE0
F42620
F44DC0
F475E0
F49E70
F4C780
F4F100
F51AF0
F54560
F57040
F59BA0
F5C760
F5F3B0
F62060
F64D90
F67B40
F6A950
F6D7F0
F706A0
F73590
F764A0
F793E0
F7C340
F7F2D0
F82290
F85270
F88290
F8B2C0
F8E330
F913C0
F94480
F97560
F9A670
F9D7B0
FA08C0
FA39B0
FA6A70
FA9B00
FACB70
FAFBB0
FB2BC0
FB5BB0
FB8B80
FBBB20
FBEA90
FC19D0
FC48F0
FC77F0
FCA6B0
FCD560
FD0380
FD3130
FD5E70
FD8B20
FDB770
FDE330
FE0E80
FE3960
FE63C0
FE8DA0
FEB710
FEE000
FF0870
FF3070
FF5800
FF7F00
FFA550
FFCAF0
FFEFD0
0013F0
003760
005A10
007C00
009D30
00BDB0
00DD80
00FC90
011AE0
013870
015550
017170
018CE0
01A760
01C100
01D9C0
01F190
020880
021E90
0233B0
0247F0
025B50
026DD0
027F60
029010
029FD0
02AEC0
02BCC0
02C9D0
02D600
02E140
02EB80
02F4E0
02FD40
0304C0
030B50
0310E0
031580
031940
031C00
031DE0
031EC0
031EC0
031DC0
031BD0
031910
031560
0310D0
030B70
030530
02FE00
02F600
02ED20
02E350
02D8B0
02CD30
02C0D0
02B390
02A570
029670
0286A0
027610
0264D0
0252F0
024060
022D10
021920
020480
01EF30
01D940
01C290
01AB40
019330
017A80
016120
014710
012C50
011130
00F5A0
00D9A0
00BD50
00A080
008350
0065C0
0047C0
002960
000A90
FFEB50
FFCBC0
FFABB0
FF8B40
FF6A70
FF4930
FF27E0
FF0680
FEE500
FEC380
FEA1E0
FE8030
FE5E70
FE3C90
FE1AB0
FDF8B0
FDD6A0
FDB480
FD9250
FD7010
FD4DB0
FD2B40
FD0920
FCE730
FCC5A0
FCA440
FC8330
FC6260
FC41D0
FC2190
FC0190
FBE1E0
FBC270
FBA340
FB8450
FB65B0
FB4750
FB2930
FB0BB0
FAEEC0
FAD260
FAB690
FA9B60
FA80C0
FA66B0
FA4D30
FA3450
FA1C00
FA0440
F9ED10
F9D680
F9C080
F9AB10
F99640
F98230
F96F00
F95CA0
F94B10
F93A50
F92A70
F91B50
F90D10
F8FFA0
F8F300
F8E730
F8DC40
F8D210
F8C8C0
F8C040
F8B890
F8B1D0
F8AC10
F8A740
F8A360
F8A080
F89E90
F89D90
F89D80
F89E70
F8A050
F8A330
F8A6F0
F8ABB0
F8B160
F8B810
F8BFB0
F8C850
F8D1E0
F8DC70
F8E800
F8F480
F90200
F91080
F91FF0
F93070
F941E0
F95440
F967B0
F97C10
F99160
F9A7C0
F9BF10
F9D740
F9F060
FA0A50
FA2530
FA40F0
FA5D90
FA7B10
FA9970
FAB8B0
FAD8D0
FAF9E0
FB1BC0
FB3E90
FB6240
FB86C0
FBAC30
FBD250
FBF920
FC20A0
FC48D0
FC71B0
FC9B40
FCC580
FCF060
FD1C00
FD4850
FD7540
FDA2F0
FDD150
FE0050
FE3010
FE6070
FE9140
FEC280
FEF420
FF2630
FF58A0
FF8B80
FFBED0
FFF280
0026A0
005B20
009010
00C560
00FB20
013150
0167E0
019EE0
01D5F0
020D20
024460
027BC0
02B340
02EAD0
032270
035A30
039210
03CA00
040200
043A30
047260
04AAC0
04E320
051BB0
055400
058C10
05C3F0
05FB90
063310
066A40
06A140
06D810
070EB0
074510
077B30
07B120
07E6E0
081C60
0851A0
0886C0
08BB50
08EF60
092300
095620
0988B0
09BAD0
09EC70
0A1D90
0A4E30
0A7E50
0AADF0
0ADD20
0B0BC0
0B39F0
0B6790
0B94C0
0BC130
0BED00
0C1810
0C4280
0C6C30
0C9530
0CBD80
0CE520
0D0C10
0D3250
0D57D0
0D7CB0
0DA0E0
0DC450
0DE710
0E0930
0E2A70
0E4AE0
0E6A90
0E8960
0EA770
0EC4A0
0EE110
0EFCB0
0F1770
0F3170
0F4AA0
0F6300
0F7A90
0F9150
0FA740
0FBC60
0FD0B0
0FE430
0FF6E0
1008B0
1019C0
1029F0
103960
1047F0
1055B0
1062A0
106EB0
107A00
108480
108E20
1096F0
109F00
10A640
10ACC0
10B290
10B790
10BBE0
10BF70
10C240
10C450
10C5A0
10C630
10C610
10C520
10C380
10C120
10BE00
10BA10
10B5A0
10B090
10AB00
10A4C0
109E00
1096A0
108EB0
108630
107D10
107360
106920
105E40
1052D0
1046D0
103A40
102D10
101F90
1011A0
100360
0FF4C0
0FE5C0
0FD660
0FC6A0
0FB680
0FA610
0F9530
0F8400
0F7270
0F6080
0F4E30
0F3B80
0F2870
0F1540
0F01F0
0EEE80
0EDAE0
0EC720
0EB340
0E9F40
0E8B10
0E76C0
0E6250
0E4DC0
0E3900
0E2420
0E0F20
0DFA00
0DE4B0
0DCF80
0DBA60
0DA550
0D9060
0D7B80
0D66B0
0D5200
0D3D60
0D28D0
0D1450
0CFFF0
0CEBA0
0CD760
0CC340
0CAF30
0C9B30
0C8780
0C7400
0C60D0
0C4DD0
0C3B20
0C28B0
0C1680
0C04A0
0BF2F0
0BE190
0BD060
0BBF80
0BAEE0
0B9E80
0B8E60
0B7E80
0B6F10
0B5FF0
0B5140
0B42E0
0B34F0
0B2760
0B1A30
0B0D70
0B0100
0AF500
0AE950
0ADE10
0AD330
0AC8B0
0ABE90
0AB4D0
0AAB80
0AA2A0
0A9A30
0A9220
0A8A80
0A8350
0A7C90
0A7640
0A7050
0A6AE0
0A65D0
0A6130
0A5CF0
0A5930
0A55D0
0A52E0
0A5060
0A4E30
0A4C80
0A4B20
0A4A40
0A49B0
0A4990
0A49E0
0A4A80
0A4BA0
0A4D10
0A4EF0
0A5140
0A53F0
0A5700
0A5A80
0A5E50
0A6260
0A66D0
0A6B90
0A7090
0A75F0
0A7B90
0A8190
0A87E0
0A8E70
0A9560
0A9C90
0AA410
0AABF0
0AB410
0ABC90
0AC530
0ACE00
0AD700
0AE020
0AE980
0AF300
0AFCB0
0B0690
0B1090
0B1AC0
0B2530
0B2FC0
0B3A70
0B4560
0B5070
0B5BC0
0B6700
0B7250
0B7DA0
0B88F0
0B9450
0B9FA0
0BAB00
0BB670
0BC1D0
0BCD40
0BD8B0
0BE430
0BEFB0
0BFB30
0C06B0
0C1230
0C1D90
0C28D0
0C33F0
0C3EE0
0C49A0
0C5440
0C5EC0
0C6920
0C7350
0C7D60
0C8740
0C9100
0C9AA0
0CA410
0CAD60
0CB680
0CBF60
0CC800
0CD040
0CD850
0CE000
0CE770
0CEEA0
0CF580
0CFC10
0D0260
0D0860
0D0E20
0D1390
0D18C0
0D1DA0
0D2230
0D2660
0D2A30
0D2DA0
0D30A0
0D3340
0D3580
0D3750
0D38C0
0D39D0
0D3A70
0D3AC0
0D3AA0
0D3A10
0D3930
0D37E0
0D3620
0D3400
0D3160
0D2E60
0D2AE0
0D26F0
0D2280
0D1DB0
0D1860
0D12B0
0D0C80
0D05E0
0CFED0
0CF740
0CEF50
0CE6E0
0CDE00
0CD4B0
0CCAE0
0CC0A0
0CB5F0
0CAAD0
0C9F30
0C9320
0C8690
0C79A0
0C6C20
0C5E40
0C4FE0
0C4110
0C31D0
0C2210
0C11E0
0C0140
0BF040
0BDED0
0BCCF0
0BBAA0
0BA7F0
0B94D0
0B8150
0B6D60
0B5900
0B4430
0B2F00
0B1960
0B0350
0AECE0
0AD600
0ABED0
0AA740
0A8F50
0A7710
0A5E80
0A4590
0A2C50
0A12B0
09F8B0
09DE70
09C3C0
09A8D0
098D70
0971D0
0955C0
093970
091CD0
08FFF0
08E2E0
08C580
08A7E0
088A00
086BE0
084D90
082EF0
081010
07F0F0
07D190
07B1F0
079210
0771F0
0751A0
073110
071070
06EFA0
06CEA0
06AD90
068C50
066AE0
064960
0627A0
0605D0
05E3D0
05C1B0
059F70
057D00
055A70
0537B0
0514F0
04F220
04CF30
04AC40
048950
046640
044320
041FF0
03FCC0
03D980
03B620
0392C0
036F50
034BE0
032850
0304B0
02E120
02BD90
029A10
027690
025320
022FB0
020C50
01E8F0
01C590
01A240
017EF0
015BB0
013880
011540
00F220
00CEF0
00ABE0
0088F0
006600
004330
002070
FFFDC0
FFDB30
FFB8B0
FF9640
FF73F0
FF51B0
FF2F80
FF0D60
FEEB60
FEC970
FEA790
FE85D0
FE6430
FE42B0
FE2150
FE0000
FDDED0
FDBDD0
FD9CE0
FD7C10
FD5B50
FD3AC0
FD1A40
FCF9F0
FCD9B0
FCB990
FC9980
FC79A0
FC59E0
FC3A40
FC1AC0
FBFB60
FBDC20
FBBD00
FB9E00
FB7F20
FB6070
FB41D0
FB2350
FB0500
FAE6C0
FAC8A0
FAAAB0
FA8CD0
FA6F20
FA5180
FA3410
FA16C0
F9F990
F9DC80
F9BF80
F9A2B0
F98610
F96980
F94D10
F930C0
F91490
F8F890
F8DCA0
F8C0E0
F8A530
F889B0
F86E50
F85300
F837E0
F81CE0
F80200
F7E740
F7CCA0
F7B230
F797D0
F77D90
F76380
F74980
F72FB0
F715F0
F6FC60
F6E2F0
F6C9A0
F6B070
F69760
F67E70
F665A0
F64CF0
F63470
F61C00
F603C0
F5EB90
F5D390
F5BBB0
F5A3E0
F58C50
F574D0
F55D80
F54650
F52F40
F51860
F501A0
F4EB00
F4D490
F4BE40
F4A810
F49210
F47C30
F46670
F450E0
F43B70
F42630
F41110
F3FC20
F3E750
F3D2B0
F3BE40
F3A9F0
F395D0
F381D0
F36E10
F35A60
F346F0
F333A0
F32070
F30D80
F2FAA0
F2E810
F2D5A0
F2C370
F2B160
F29FA0
F28E00
F27CA0
F26B70
F25A70
F249A0
F23910
F228B0
F21880
F20880
F1F8C0
F1E930
F1D9E0
F1CAC0
F1BBF0
F1AD50
F19EF0
F190D0
F182F0
F17550
F167E0
F15AC0
F14DD0
F14120
F134B0
F12880
F11C80
F110D0
F10560
F0FA30
F0EF40
F0E4A0
F0DA50
F0D030
F0C660
F0BCE0
F0B3A0
F0AAA0
F0A1F0
F09980
F09150
F08970
F081D0
F07A80
F07370
F06CB0
F06630
F06010
F05A30
F05490
F04F40
F04A40
F04590
F04120
F03D00
F03920
F035A0
F03250
F02F60
F02CB0
F02A50
F02830
F02660
F024E0
F023A0
F022B0
F02210
F021B0
F02190
F021D0
F02250
F02310
F02420
F02580
F02720
F02910
F02B50
F02DC0
F03080
F03370
F036B0
F03A30
F03DF0
F04200
F04640
F04AD0
F04FA0
F054B0
F05A00
F05FA0
F06570
F06B90
F071E0
F07860
F07F10
F085F0
F08D10
F09450
F09BD0
F0A380
F0AB50
F0B360
F0BBB0
F0C420
F0CCC0
F0D5A0
F0DEB0
F0E7E0
F0F140
F0FAB0
F10450
F10E00
F117C0
F121B0
F12BB0
F135D0
F14010
F14A70
F154E0
F15F70
F16A20
F174F0
F17FE0
F18AE0
F195F0
F1A0F0
F1AC00
F1B700
F1C210
F1CD20
F1D830
F1E340
F1EE50
F1F960
F20470
F20F80
F21A90
F225B0
F230C0
F23BE0
F246E0
F251C0
F25C80
F26730
F271D0
F27C40
F286A0
F290F0
F29B20
F2A530
F2AF20
F2B900
F2C2C0
F2CC70
F2D600
F2DF70
F2E8B0
F2F1C0
F2FAA0
F30340
F30BB0
F313F0
F31BF0
F323C0
F32B60
F332D0
F33A00
F34100
F347D0
F34E70
F354D0
F35B10
F360F0
F36690
F36BF0
F37100
F375D0
F37A60
F37EA0
F38290
F38640
F389A0
F38CD0
F38FA0
F39230
F39480
F39680
F39840
F399B0
F39AD0
F39B90
F39C10
F39C40
F39C20
F39BB0
F39B00
F399F0
F39890
F396E0
F394F0
F392A0
F39000
F38D20
F389E0
F38660
F38290
F37E70
F37A10
F37560
F37060
F36B10
F36580
F35FA0
F35970
F352F0
F34C30
F34520
F33DC0
F33610
F32E20
F325F0
F31D80
F314E0
F30C00
F302E0
F2F990
F2F000
F2E630
F2DC20
F2D1E0
F2C770
F2BCB0
F2B1C0
F2A690
F29B30
F28F80
F283C0
F277E0
F26BE0
F25FC0
F25380
F24720
F23AA0
F22E00
F22140
F21460
F20760
F1FA40
F1ED00
F1DFA0
F1D220
F1C490
F1B6F0
F1A960
F19BE0
F18E60
F180F0
F17380
F16610
F158B0
F14B50
F13E00
F130C0
F12370
F11640
F10900
F0FBE0
F0EEB0
F0E1C0
F0D500
F0C870
F0BC10
F0AFE0
F0A3E0
F09810
F08C80
F08110
F075E0
F06AD0
F06000
F05550
F04AE0
F040A0
F03690
F02CD0
F02380
F01A70
F011D0
F00970
F00180
EFF9E0
EFF2A0
EFEBB0
EFE520
EFDEE0
EFD900
EFD370
EFCE50
EFC970
EFC500
EFC100
EFBD70
EFBA60
EFB7D0
EFB5C0
EFB420
EFB2F0
EFB250
EFB210
EFB260
EFB320
EFB460
EFB610
EFB840
EFBAF0
EFBE10
EFC1C0
EFC600
EFCAD0
EFD030
EFD620
EFDCA0
EFE3B0
EFEB50
EFF380
EFFC30
F00580
F00F50
F019C0
F024B0
F03030
F03C50
F048F0
F05630
F06400
F07270
F08160
F090F0
F0A120
F0B1D0
F0C320
F0D510
F0E780
F0FA90
F10E30
F12270
F13730
F14CA0
F16280
F178F0
F18FE0
F1A750
F1BF50
F1D7D0
F1F0E0
F20A70
F22480
F23F10
F25A30
F275E0
F29200
F2AEB0
F2CBF0
F2E9A0
F307C0
F32650
F34540
F36490
F38450
F3A470
F3C4F0
F3E5E0
F40730
F428F0
F44B10
F46DA0
F49090
F4B3E0
F4D790
F4FBC0
F52010
F544A0
F56960
F58E60
F5B390
F5D900
F5FEA0
F62470
F64A80
F670C0
F69740
F6BDF0
F6E4D0
F70BF0
F73350
F75AD0
F78260
F7A9F0
F7D170
F7F900
F82080
F84800
F86F80
F89700
F8BE80
F8E600
F90D80
F93500
F95C80
F983F0
F9AB70
F9D2E0
F9FA20
FA2110
FA47D0
FA6E50
FA9490
FABA90
FAE060
FB05E0
FB2B30
FB5030
FB7500
FB9990
FBBDE0
FBE1F0
FC05D0
FC2960
FC4C80
FC6F30
FC9170
FCB330
FCD480
FCF550
FD15B0
FD35A0
FD5520
FD7420
FD92B0
FDB0C0
FDCE70
FDEBA0
FE0850
FE24A0
FE4040
FE5B40
FE75A0
FE8F70
FEA890
FEC110
FED8F0
FEF030
FF06D0
FF1CD0
FF3230
FF46F0
FF5B10
FF6E90
FF8170
FF93B0
FFA530
FFB600
FFC610
FFD560
FFE400
FFF1E0
FFFF10
000B80
001740
002230
002C80
003600
003ED0
0046F0
004E40
0054F0
005AD0
006000
006470
006830
006B20
006D60
006EF0
006FB0
006FD0
006F20
006DC0
006BA0
0068C0
006520
0060D0
005BD0
005620
004FC0
0048C0
004120
0038E0
002FF0
002660
001C30
001150
0005D0
FFF9A0
FFECE0
FFDF70
FFD150
FFC2A0
FFB330
FFA360
FF9310
FF8250
FF7110
FF5F60
FF4D30
FF3A90
FF2780
FF13F0
FEFFF0
FEEB70
FED680
FEC120
FEAB40
FE94F0
FE7E20
FE6720
FE4FE0
FE3870
FE20C0
FE08E0
FDF0C0
FDD870
FDBFF0
FDA720
FD8E30
FD74F0
FD5B90
FD41E0
FD2810
FD0DF0
FCF3B0
FCD970
FCBF50
FCA530
FC8B30
FC7140
FC5770
FC3DA0
FC23F0
FC0A40
FBF0B0
FBD730
FBBDC0
FBA470
FB8B20
FB71F0
FB58D0
FB4010
FB27A0
FB0F90
FAF7F0
FAE0A0
FAC9A0
FAB310
FA9CD0
FA8700
FA7180
FA5C50
FA4790
FA3330
FA1F20
FA0B70
F9F820
F9E570
F9D360
F9C1F0
F9B120
F9A100
F99170
F98280
F97440
F96690
F95990
F94D20
F94160
F93630
F92BB0
F921D0
F91890
F91020
F90880
F901C0
F8FBC0
F8F6A0
F8F250
F8EED0
F8EC30
F8EA50
F8E950
F8E920
F8E9C0
F8EB30
F8ED80
F8F0A0
F8F480
F8F960
F8FF20
F905D0
F90D60
F915E0
F91F40
F929A0
F934D0
F94100
F94E10
F95C00
F96AE0
F97AB0
F98B70
F99D10
F9AF90
F9C300
F9D750
F9EC90
FA02A0
FA19A0
FA3180
FA4A50
FA6400
FA7E90
FA9A00
FAB650
FAD390
FAF1B0
FB10B0
FB30A0
FB5160
FB72F0
FB9530
FBB840
FBDC00
FC0080
FC25C0
FC4BB0
FC7270
FC99E0
FCC220
FCEB10
FD14C0
FD3F30
FD6A50
FD9640
FDC2E0
FDF000
FE1DA0
FE4BC0
FE7A60
FEA970
FED910
FF0920
FF39B0
FF6AC0
FF9C40
FFCE50
0000D0
0033D0
006750
009B50
00CFD0
010470
013930
016E10
01A320
01D850
020DB0
024320
0278C0
02AE90
02E470
031A80
0350B0
038710
03BD80
03F420
042AF0
046170
0497C0
04CDC0
050390
053920
056E80
05A390
05D860
060D00
064160
067580
06A960
06DD00
071060
074390
077670
07A8C0
07DA60
080B60
083BD0
086B90
089AB0
08C920
08F700
092440
0950D0
097CC0
09A820
09D2D0
09FCE0
0A2650
0A4F10
0A76F0
0A9DC0
0AC3A0
0AE890
0B0C80
0B2F70
0B5170
0B7280
0B9280
0BB1A0
0BCFB0
0BECD0
0C0900
0C2430
0C3E70
0C57A0
0C6FB0
0C8680
0C9C20
0CB080
0CC3B0
0CD5A0
0CE670
0CF5F0
0D0440
0D1160
0D1D50
0D2800
0D3170
0D39C0
0D40C0
0D46A0
0D4B20
0D4E50
0D5020
0D50B0
0D4FE0
0D4DC0
0D4A40
0D4580
0D3F60
0D37F0
0D2F30
0D2510
0D19A0
0D0CE0
0CFED0
0CEF60
0CDEB0
0CCCB0
0CB970
0CA4E0
0C8F00
0C77E0
0C5F80
0C45C0
0C2AC0
0C0E80
0BF0F0
0BD210
0BB1F0
0B9080
0B6DC0
0B49C0
0B24A0
0AFE70
0AD720
0AAEB0
0A8530
0A5A90
0A2EE0
0A0210
09D430
09A520
097510
0943D0
091180
08DE20
08A990
087400
083DA0
080670
07CE90
0795F0
075C80
072250
06E760
06ABB0
066F30
063200
05F400
05B540
0575C0
053580
04F470
04B2B0
047090
042E20
03EB60
03A840
0364D0
032120
02DD00
0298A0
0253F0
020EE0
01C980
0183D0
013DC0
00F770
00B0C0
0069C0
0022F0
FFDC50
FF95D0
FF4F80
FF0970
FEC380
FE7DC0
FE3820
FDF2C0
FDAD80
FD6870
FD23A0
FCDEE0
FC9A60
FC5610
FC11E0
FBCE60
FB8B90
FB4970
FB0800
FAC730
FA8720
FA47B0
FA08E0
F9CAD0
F98D60
F950B0
F914A0
F8D930
F89E80
F86470
F82B20
F7F2E0
F7BBC0
F785B0
F750D0
F71D00
F6EA60
F6B8D0
F68860
F65900
F62AD0
F5FDC0
F5D1C0
F5A6E0
F57D20
F55480
F52D00
F506F0
F4E250
F4BF20
F49D60
F47D10
F45E30
F440D0
F424D0
F40A40
F3F130
F3D990
F3C360
F3AE90
F39B40
F38960
F37900
F36A20
F35CF0
F35160
F34760
F33F00
F33840
F33320
F32F90
F32DA0
F32D50
F32EA0
F33190
F33610
F33C30
F343F0
F34D50
F35840
F364D0
F37300
F382D0
F39430
F3A720
F3BBC0
F3D1F0
F3E9C0
F40320
F41E20
F43AC0
F45900
F478D0
F49A40
F4BD40
F4E1B0
F50780
F52EC0
F55760
F58160
F5ACD0
F5D9A0
F607D0
F63770
F66870
F69AD0
F6CEA0
F703D0
F73A70
F77270
F7ABD0
F7E640
F821B0
F85E30
F89BB0
F8DA40
F919D0
F95A70
F99C10
F9DEC0
FA2270
FA6730
FAACF0
FAF3C0
FB3B90
FB8470
FBCE50
FC18C0
FC63B0
FCAF20
FCFB20
FD47A0
FD94B0
FDE240
FE3050
FE7EF0
FECE10
FF1DC0
FF6DF0
FFBEA0
000FE0
0061A0
00B3E0
010620
015850
01AA70
01FC80
024E90
02A090
02F270
034460
039630
03E7F0
0439B0
048B60
04DD00
052EA0
058020
05D1A0
062270
0672B0
06C240
071130
075F80
07AD30
07FA30
084690
089250
08DD70
0927F0
0971D0
09BB00
0A0390
0A4B80
0A92D0
0AD8F0
0B1DF0
0B61C0
0BA460
0BE5E0
0C2640
0C6560
0CA360
0CE040
0D1BF0
0D5670
0D8FD0
0DC810
0DFF10
0E34F0
0E69B0
0E9CD0
0ECE70
0EFE70
0F2CF0
0F59D0
0F8530
0FAEF0
0FD730
0FFDD0
1022F0
104670
106870
1088D0
10A7B0
10C4F0
10E0B0
10FAA0
1112C0
112910
113DA0
115060
116150
117070
117DD0
118960
119320
119B20
11A150
11A5B0
11A850
11A910
11A820
11A550
11A0B0
119A40
119200
1187F0
117C20
116E70
115EF0
114DB0
113A90
1125B0
110EF0
10F670
10DC10
10BFF0
10A1F0
108260
106130
103E50
1019E0
0FF3C0
0FCC10
0FA2B0
0F77C0
0F4B30
0F1CF0
0EED20
0EBBA0
0E8890
0E53D0
0E1D80
0DE580
0DAC50
0D71E0
0D3630
0CF940
0CBB10
0C7BA0
0C3B00
0BF920
0BB600
0B71A0
0B2C00
0AE520
0A9D10
0A53B0
0A0920
09BD50
0970C0
092380
08D590
0886E0
083780
07E760
079690
074500
06F2B0
069FC0
064C10
05F7A0
05A280
054CA0
04F610
049ED0
044770
03EFF0
039860
0340B0
02E8F0
029120
023920
01E120
018900
0130C0
00D860
008000
002770
FFCED0
FF7620
FF1D50
FEC510
FE6D50
FE1620
FDBF70
FD6950
FD13C0
FCBEC0
FC6A30
FC1640
FBC2D0
FB6FF0
FB1D90
FACBC0
FA7A80
FA29C0
F9D990
F98A70
F93C80
F8EFA0
F8A3E0
F85940
F80FB0
F7C740
F78000
F739C0
F6F4B0
F6B0B0
F66DE0
F62C20
F5EB70
F5ABF0
F56D80
F530A0
F4F560
F4BBA0
F48370
F44CD0
F417D0
F3E450
F3B260
F38200
F35330
F325F0
F2FA40
F2D020
F2A790
F28090
F25B20
F23790
F215C0
F1F5C0
F1D7A0
F1BB40
F1A0C0
F18800
F17120
F15C10
F148D0
F13760
F127C0
F11A00
F10E00
F103E0
F0FB80
F0F510
F0F070
F0EDC0
F0ECE0
F0EDF0
F0F0D0
F0F5A0
F0FC40
F104D0
F10F30
F11B70
F12990
F139A0
F14B80
F15F40
F174E0
F18C30
F1A540
F1BFF0
F1DC60
F1FA80
F21A50
F23BE0
F25F10
F28400
F2AAA0
F2D2F0
F2FCF0
F328A0
F35610
F38530
F3B5F0
F3E820
F41B90
F45060
F48680
F4BE00
F4F6D0
F53100
F56C70
F5A940
F5E770
F626F0
F667C0
F6A9E0
F6ED60
F73230
F77860
F7BF50
F80720
F84FB0
F89910
F8E340
F92E40
F97A10
F9C6B0
FA1410
FA6250
FAB160
FB0130
FB51D0
FBA340
FBF580
FC4890
FC9BE0
FCEF50
FD42F0
FD96C0
FDEAC0
FE3EF0
FE9360
FEE7F0
FF3CC0
FF91B0
FFE6E0
003C30
0091C0
00E770
013D60
019380
01E930
023E60
029330
02E780
033B70
038EE0
03E1F0
043480
0486B0
04D860
0529A0
057A70
05CAD0
061AC0
066A50
06B960
070760
075470
07A070
07EB70
083560
087E60
08C650
090D40
095320
099800
09DBE0
0A1EC0
0A6090
0AA160
0AE130
0B2000
0B5D50
0B9930
0BD3A0
0C0C90
0C4410
0C7A20
0CAEB0
0CE1D0
0D1380
0D43B0
0D7270
0D9FC0
0DCBA0
0DF600
0E1EF0
0E4660
0E6C20
0E9020
0EB270
0ED300
0EF1D0
0F0EE0
0F2A40
0F43E0
0F5BC0
0F71F0
0F8660
0F9910
0FAA10
0FB950
0FC6D0
0FD2A0
0FDCA0
0FE4D0
0FEB40
0FEFF0
0FF2D0
0FF3E0
0FF330
0FF0B0
0FEC70
0FE660
0FDE90
0FD4F0
0FC980
0FBC50
0FAD60
0F9CA0
0F8A40
0F7630
0F6090
0F4940
0F3040
0F15B0
0EF970
0EDB90
0EBC10
0E9AF0
0E7820
0E53B0
0E2DA0
0E05F0
0DDC90
0DB1A0
0D8550
0D57C0
0D28E0
0CF8B0
0CC740
0C9480
0C6070
0C2B10
0BF470
0BBC80
0B8340
0B48B0
0B0CE0
0ACFC0
0A9160
0A51A0
0A1120
09CFC0
098DA0
094AA0
0906D0
08C230
087CD0
083690
07EF70
07A790
075EE0
071560
06CB00
067FE0
0633E0
05E720
059A10
054CC0
04FF30
04B160
046340
0414E0
03C650
037770
032850
02D8E0
028940
023950
01E920
0198B0
014800
00F710
00A660
005610
000600
FFB650
FF66E0
FF17C0
FEC8F0
FE7A70
FE2C40
FDDE60
FD90C0
FD4380
FCF690
FCA9E0
FC5D80
FC1180
FBC640
FB7BC0
FB3220
FAE950
FAA140
FA5A00
FA1380
F9CDE0
F98900
F94500
F901B0
F8BF40
F87DA0
F83CC0
F7FCB0
F7BD70
F77F60
F74270
F706C0
F6CC30
F692E0
F65AB0
F623B0
F5EDE0
F5B940
F585D0
F55390
F52270
F4F290
F4C3D0
F49640
F469F0
F43EF0
F41550
F3ED20
F3C640
F3A0D0
F37CB0
F35A00
F338B0
F318C0
F2FA30
F2DD00
F2C130
F2A6C0
F28DB0
F27610
F25FC0
F24AE0
F23770
F22560
F214B0
F20570
F1F7A0
F1EB30
F1E030
F1D690
F1CE60
F1C790
F1C230
F1BE40
F1BBB0
F1BA80
F1BAC0
F1BC40
F1BEF0
F1C2F0
F1C820
F1CE90
F1D630
F1DF20
F1E940
F1F4A0
F20140
F20F10
F21E30
F22E80
F24010
F252D0
F266E0
F27BD0
F291B0
F2A870
F2C030
F2D8D0
F2F260
F30CD0
F32840
F34490
F361C0
F37FF0
F39F00
F3BF00
F3DFF0
F401C0
F42490
F447D0
F46B90
F48FD0
F4B490
F4D9D0
F4FF90
F525D0
F54C90
F573D0
F59B90
F5C3D0
F5EC90
F615D0
F63F90
F669D0
F69480
F6BF50
F6EA20
F714F0
F73FD0
F76AB0
F795A0
F7C0A0
F7EBA0
F816A0
F841C0
F86CD0
F897F0
F8C320
F8EE50
F91990
F944D0
F96FB0
F99A20
F9C430
F9EDD0
FA1710
FA3FE0
FA6850
FA9050
FAB7F0
FADF30
FB05F0
FB2C60
FB5260
FB77F0
FB9D20
FBC1E0
FBE5E0
FC0920
FC2B90
FC4D40
FC6E20
FC8E40
FCADA0
FCCC30
FCEA00
FD0710
FD2350
FD3ED0
FD5980
FD7370
FD8CA0
FDA500
FDBC60
FDD2D0
FDE840
FDFCA0
FE1010
FE2280
FE33F0
FE4460
FE53E0
FE6250
FE6FD0
FE7C40
FE87C0
FE9240
FE9BC0
FEA440
FEABB0
FEB210
FEB760
FEBB90
FEBEC0
FEC0D0
FEC1D0
FEC1C0
FEC0A0
FEBE70
FEBB30
FEB6E0
FEB170
FEAAF0
FEA360
FE9AD0
FE9130
FE86A0
FE7B20
FE6EA0
FE6130
FE52D0
FE4370
FE3320
FE21D0
FE0F90
FDFC50
FDE820
FDD2F0
FDBCD0
FDA5C0
FD8DB0
FD74F0
FD5B70
FD4130
FD2640
FD0A90
FCEE30
FCD110
FCB330
FC94A0
FC7550
FC5540
FC3480
FC1310
FBF0E0
FBCDF0
FBAA40
FB8640
FB61E0
FB3D20
FB1800
FAF280
FACCA0
FAA670
FA7FD0
FA58E0
FA3190
FA09E0
F9E1D0
F9B960
F990A0
F96770
F93DF0
F91470
F8EB00
F8C1A0
F89850
F86F00
F845C0
F81C90
F7F360
F7CA40
F7A130
F77830
F74F30
F72640
F6FD60
F6D490
F6ABC0
F68370
F65B80
F63410
F60D20
F5E690
F5C080
F59AE0
F575B0
F55100
F52CB0
F508E0
F4E580
F4C2A0
F4A020
F47E20
F45C90
F43BD0
F41BE0
F3FCC0
F3DE60
F3C0E0
F3A420
F38840
F36D20
F352D0
F33950
F320A0
F308C0
F2F1B0
F2DB70
F2C5F0
F2B150
F29DB0
F28B10
F27990
F26910
F25990
F24B20
F23DB0
F23160
F22600
F21BC0
F21270
F20A40
F20310
F1FCE0
F1F7D0
F1F3B0
F1F0C0
F1EF00
F1EE50
F1EEC0
F1F060
F1F320
F1F710
F1FC10
F20240
F20980
F21200
F21B90
F22640
F23220
F23F20
F24D40
F25C70
F26CB0
F27E10
F29070
F2A3E0
F2B870
F2CE00
F2E4A0
F2FC60
F31520
F32F00
F349E0
F365E0
F382F0
F3A100
F3C030
F3E030
F40110
F422D0
F44570
F468F0
F48D40
F4B270
F4D870
F4FF60
F52720
F54FC0
F57940
F5A390
F5CED0
F5FAE0
F627C0
F65540
F68330
F6B1B0
F6E0C0
F71050
F74060
F77100
F7A220
F7D3D0
F80600
F838C0
F86C00
F89FC0
F8D410
F908F0
F93E40
F973C0
F9A960
F9DF20
FA1510
FA4B10
FA8130
FAB780
FAEDE0
FB2470
FB5B10
FB91E0
FBC8D0
FBFFE0
FC3710
FC6E60
FCA5E0
FCDD00
FD13E0
FD4A80
FD80D0
FDB6D0
FDEC90
FE2210
FE5730
FE8C20
FEC0B0
FEF500
FF2910
FF5CD0
FF9040
FFC370
FFF650
002890
005A20
008B00
00BB30
00EAC0
0119B0
0147E0
017570
01A250
01CE90
01FA20
022500
024F30
0278C0
02A1A0
02C9E0
02F120
031780
033CE0
036150
0384D0
03A760
03C900
03E9B0
040970
042840
044620
046300
047F00
049A00
04B420
04CD40
04E550
04FC40
051210
0526D0
053A70
054D00
055E60
056EB0
057DF0
058C10
059910
05A4F0
05AFC0
05B970
05C210
05C980
05CFF0
05D530
05D960
05DC70
05DE60
05DF40
05DF00
05DDB0
05DB30
05D7A0
05D300
05CD30
05C650
05BE60
05B550
05AB20
059FF0
0593D0
0586B0
057890
056980
055970
054870
053670
052370
050F80
04FA90
04E4A0
04CDC0
04B5E0
049D10
048340
0468C0
044D80
043180
0414E0
03F780
03D960
03BA90
039B10
037AE0
0359F0
033840
0315E0
02F2D0
02CF10
02AA90
028550
025FC0
0239D0
021380
01ECC0
01C5B0
019E40
017670
014E40
0125C0
00FCD0
00D380
00A9D0
007FD0
005560
002AA0
FFFF70
FFD450
FFA930
FF7E00
FF52E0
FF27C0
FEFC90
FED170
FEA650
FE7B30
FE5010
FE24F0
FDF9D0
FDCEB0
FDA390
FD7870
FD4D60
FD22A0
FCF830
FCCE30
FCA480
FC7B30
FC5240
FC29B0
FC0170
FBD9A0
FBB220
FB8B00
FB6430
FB3DD0
FB17C0
FAF210
FACCC0
FAA810
FA8400
FA60A0
FA3DE0
FA1BC0
F9FA40
F9D970
F9B940
F999B0
F97AC0
F95C80
F93EE0
F921E0
F90590
F8E9D0
F8CEC0
F8B490
F89B20
F88290
F86AD0
F853E0
F83DD0
F82890
F81420
F80080
F7EDC0
F7DBD0
F7CAB0
F7BA70
F7AAF0
F79C50
F78E90
F781A0
F77590
F76A60
F76010
F756A0
F74E10
F74660
F73F90
F73990
F73480
F73050
F72CF0
F72A80
F728E0
F72830
F72850
F72940
F72B00
F72D90
F730F0
F73510
F73A00
F73FC0
F74650
F74DA0
F755D0
F75EC0
F76880
F77310
F77E60
F78A80
F79780
F7A500
F7B330
F7C1F0
F7D140
F7E130
F7F1C0
F802E0
F814A0
F82700
F839F0
F84D80
F861B0
F87670
F88BC0
F8A1C0
F8B840
F8CF30
F8E660
F8FDF0
F915D0
F92E00
F94680
F95F60
F97890
F99220
F9ABF0
F9C620
F9E0A0
F9FB80
FA16A0
FA3220
FA4E00
FA69D0
FA85B0
FAA190
FABD80
FAD970
FAF560
FB1160
FB2D60
FB4960
FB6570
FB8180
FB9D90
FBB9B0
FBD5D0
FBF200
FC0E20
FC2A10
FC45B0
FC6100
FC7C10
FC96E0
FCB160
FCCBA0
FCE590
FCFF40
FD18B0
FD31D0
FD4AB0
FD6340
FD7B90
FD9390
FDAB60
FDC2A0
FDD960
FDEFA0
FE0550
FE1A90
FE2F50
FE4390
FE5750
FE6A90
FE7D40
FE8F80
FEA140
FEB270
FEC330
FED360
FEE320
FEF230
FF00A0
FF0E60
FF1B80
FF2800
FF33E0
FF3F10
FF49A0
FF5380
FF5CD0
FF6570
FF6D60
FF74B0
FF7B60
FF8170
FF86D0
FF8B90
FF8FA0
FF9310
FF95E0
FF9800
FF9980
FF9A60
FF9A90
FF9A10
FF9900
FF9740
FF94D0
FF91C0
FF8E10
FF89B0
FF84B0
FF7F20
FF7900
FF7260
FF6B20
FF6360
FF5B10
FF5240
FF48D0
FF3EE0
FF3450
FF2940
FF1DB0
FF1180
FF04D0
FEF780
FEE9B0
FEDB90
FECD20
FEBE50
FEAF30
FE9FC0
FE9000
FE7FE0
FE6F70
FE5EB0
FE4DA0
FE3C40
FE2A80
FE1870
FE0610
FDF350
FDE050
FDCD30
FDBA10
FDA6F0
FD93B0
FD8070
FD6D30
FD59D0
FD4670
FD3310
FD1F90
FD0C10
FCF880
FCE4F0
FCD150
FCBDA0
FCA9F0
FC9680
FC8350
FC7070
FC5DE0
FC4B80
FC3980
FC27B0
FC1630
FC0500
FBF410
FBE370
FBD310
FBC2F0
FBB320
FBA390
FB9450
FB85A0
FB7780
FB69F0
FB5D00
FB5090
FB44C0
FB3980
FB2EE0
FB24C0
FB1B40
FB1240
FB09E0
FB0220
FAFAE0
FAF440
FAEE20
FAE8E0
FAE460
FAE0B0
FADDD0
FADBB0
FADA60
FAD9E0
FADA30
FADB40
FADD20
FADFD0
FAE350
FAE790
FAECA0
FAF280
FAF920
FB00B0
FB0930
FB12A0
FB1CF0
FB2830
FB3460
FB4170
FB4F70
FB5E60
FB6E30
FB7EF0
FB90A0
FBA330
FBB6B0
FBCB20
FBE070
FBF6B0
FC0DD0
FC25D0
FC3EB0
FC5880
FC7320
FC8EB0
FCAB30
FCC880
FCE6C0
FD05D0
FD25E0
FD46C0
FD6880
FD8B30
FDAEC0
FDD310
FDF810
FE1DD0
FE4460
FE6B90
FE9390
FEBC40
FEE5C0
FF0FF0
FF3AD0
FF6680
FF92E0
FFC000
FFEDE0
001C80
004BD0
007BA0
00ABD0
00DC80
010DA0
013F30
017120
01A390
01D670
0209C0
023D90
0271C0
02A660
02DB80
031100
034700
037D60
03B3E0
03EA70
042110
0457C0
048E80
04C550
04FC30
053330
056A30
05A150
05D870
060FB0
064700
067E60
06B5D0
06ED50
072470
075B40
0791B0
07C7C0
07FD80
0832D0
0867D0
089C70
08D0C0
0904A0
093830
096B70
099E40
09D0C0
0A02E0
0A34A0
0A65A0
0A95E0
0AC550
0AF400
0B21E0
0B4F00
0B7B60
0BA700
0BD1D0
0BFBE0
0C2520
0C4DA0
0C7560
0C9C50
0CC280
0CE7F0
0D0C40
0D2F70
0D5180
0D7270
0D9240
0DB100
0DCE90
0DEB10
0E0670
0E20B0
0E39D0
0E51D0
0E68C0
0E7E80
0E9330
0EA6B0
0EB8E0
0EC9C0
0ED940
0EE760
0EF420
0EFF90
0F09B0
0F1260
0F19C0
0F1FC0
0F2470
0F27C0
0F29B0
0F2A50
0F2990
0F2780
0F23F0
0F1F00
0F18A0
0F10D0
0F0790
0EFCF0
0EF0D0
0EE350
0ED460
0EC400
0EB230
0E9EF0
0E8A50
0E7430
0E5CB0
0E43C0
0E2970
0E0DD0
0DF0D0
0DD280
0DB2D0
0D91C0
0D6F60
0D4BA0
0D2690
0D0020
0CD860
0CAF40
0C84C0
0C58F0
0C2BC0
0BFD30
0BCD90
0B9CE0
0B6B10
0B3820
0B0420
0ACF00
0A98D0
0A6180
0A2920
09EFA0
09B500
097950
093C90
08FEB0
08BFB0
087FA0
083ED0
07FD50
07BB10
077820
073470
06F000
06AAE0
066500
061E70
05D730
058F20
054660
04FCF0
04B2C0
0467E0
041C30
03D050
038430
0337D0
02EB30
029E50
025130
0203D0
01B630
016850
011A20
00CBC0
007D20
002E40
FFDF20
FF8FC0
FF4010
FEF0B0
FEA190
FE52B0
FE0410
FDB5A0
FD6780
FD19A0
FCCC00
FC7EA0
FC3180
FBE490
FB97F0
FB4B90
FAFF70
FAB390
FA67E0
FA1D00
F9D2D0
F98950
F94090
F8F890
F8B140
F86AB0
F824E0
F7DFC0
F79B50
F757A0
F714B0
F6D280
F690F0
F65030
F61020
F5D130
F59360
F556A0
F51B10
F4E090
F4A730
F46EF0
F437D0
F401D0
F3CCE0
F39920
F36670
F334E0
F30470
F2D520
F2A6F0
F27A10
F24EA0
F22480
F1FBC0
F1D450
F1AE50
F189A0
F16650
F14460
F123D0
F10490
F0E6B0
F0CA30
F0AF10
F09550
F07CE0
F065F0
F05070
F03C60
F029D0
F018A0
F008F0
EFFAC0
EFEDF0
EFE2A0
EFD8C0
EFD050
EFC960
EFC3E0
EFBFD0
EFBD30
EFBC10
EFBC40
EFBDD0
EFC0C0
EFC510
EFCAC0
EFD1C0
EFDA20
EFE3E0
EFEF00
EFFB80
F00950
F01880
F02910
F03B00
F04E50
F062F0
F078B0
F08FA0
F0A7A0
F0C0C0
F0DAF0
F0F650
F112D0
F13060
F14F20
F16EF0
F18FE0
F1B1F0
F1D520
F1F970
F21EE0
F24560
F26CB0
F294B0
F2BD60
F2E6E0
F31110
F33C00
F367A0
F39400
F3C120
F3EF00
F41D90
F44CE0
F47CF0
F4ADB0
F4DF30
F51170
F543F0
F576B0
F5A9C0
F5DD00
F61090
F64470
F67880
F6ACE0
F6E180
F71660
F74B90
F780F0
F7B6A0
F7ECA0
F822D0
F85950
F88F90
F8C5A0
F8FB70
F93100
F96660
F99B90
F9D080
FA0530
FA39B0
FA6DF0
FAA200
FAD5D0
FB0970
FB3CD0
FB6FF0
FBA2E0
FBD520
FC06B0
FC37A0
FC67D0
FC9760
FCC640
FCF470
FD21F0
FD4ED0
FD7AF0
FDA670
FDD140
FDFB60
FE24D0
FE4D90
FE75B0
FE9CC0
FEC2C0
FEE7C0
FF0BB0
FF2EA0
FF5080
FF7160
FF9130
FFB000
FFCDC0
FFEA80
000630
0020D0
003A70
005310
006A90
0080E0
0095F0
00A9B0
00BC30
00CD60
00DD60
00EC10
00F980
0105B0
0110A0
011A40
0122B0
0129D0
012FA0
013440
013790
013990
013A40
0139A0
0137B0
013470
012FD0
0129E0
0122A0
011A10
011030
010500
00F880
00EAA0
00DB70
00CB00
00B930
00A620
0091E0
007C60
0065B0
004DC0
0034A0
001A40
FFFEB0
FFE1E0
FFC3E0
FFA4A0
FF8420
FF6270
FF3F80
FF1B60
FEF610
FECFC0
FEA870
FE8040
FE5700
FE2CE0
FE01C0
FDD5B0
FDA8B0
FD7AB0
FD4BC0
FD1BD0
FCEB00
FCB920
FC8660
FC52A0
FC1DF0
FBE8A0
FBB2D0
FB7C60
FB4550
FB0DB0
FAD580
FA9CC0
FA6360
FA2980
F9EEF0
F9B3E0
F97830
F93BF0
F8FF10
F8C1B0
F883A0
F84580
F80740
F7C8E0
F78A50
F74BB0
F70CE0
F6CE00
F68EF0
F64FC0
F61070
F5D100
F59170
F551B0
F511E0
F4D1F0
F491D0
F45210
F412B0
F3D3A0
F394E0
F35680
F31870
F2DAC0
F29D60
F26060
F223B0
F1E760
F1AB60
F16FC0
F13470
F0F970
F0BEE0
F08500
F04BF0
F013A0
EFDC10
EFA540
EF6F40
EF3A00
EF0590
EED1E0
EE9EF0
EE6CC0
EE3B60
EE0AC0
EDDAE0
EDABD0
ED7D80
ED5050
ED2430
ECF940
ECCF70
ECA6B0
EC7F10
EC5890
EC3330
EC0EF0
EBEBD0
EBC9D0
EBA8E0
EB8910
EB6A70
EB4CE0
EB3070
EB1550
EAFB90
EAE320
EACC00
EAB640
EAA1D0
EA8EB0
EA7CF0
EA6C80
EA5D60
EA4FA0
EA4330
EA3810
EA2E50
EA25D0
EA1EC0
EA1900
EA14C0
EA11E0
EA1060
EA1050
EA11A0
EA1470
EA1890
EA1E20
EA2520
EA2D90
EA3750
EA4290
EA4F30
EA5D30
EA6CB0
EA7D70
EA8F80
EAA2F0
EAB7B0
EACDD0
EAE530
EAFDF0
EB1800
EB3360
EB5010
EB6E20
EB8D70
EBAE20
EBD030
EBF380
EC1830
EC3DF0
EC64E0
EC8CE0
ECB600
ECE030
ED0B90
ED3800
ED6590
ED9440
EDC410
EDF500
EE2700
EE5A20
EE8E60
EEC3C0
EEFA30
EF3180
EF6990
EFA260
EFDC10
F01680
F051C0
F08DC0
F0CA90
F10830
F146A0
F185D0
F1C5D0
F206A0
F24840
F28AA0
F2CDD0
F31160
F35570
F399D0
F3DEA0
F423E0
F46990
F4AFA0
F4F610
F53CF0
F58440
F5CBF0
F61410
F65CA0
F6A590
F6EEE0
F738B0
F78270
F7CC40
F81610
F85FE0
F8A9B0
F8F390
F93D70
F98750
F9D130
FA1B20
FA6510
FAAF00
FAF8F0
FB42F0
FB8CE0
FBD6F0
FC2090
FC69D0
FCB2C0
FCFB60
FD4390
FD8B70
FDD2F0
FE1A10
FE60D0
FEA740
FEED50
FF3310
FF7860
FFBD60
000200
004650
0089F0
00CCE0
010F40
0150F0
0191F0
01D250
021210
025120
028F90
02CD60
030A80
034700
0382D0
03BE00
03F890
043270
046B80
04A3B0
04DB00
051180
054720
057BF0
05AFD0
05E2F0
061520
064680
067710
06A6B0
06D590
070380
0730A0
075CE0
078840
07B2A0
07DC20
0804B0
082C50
085310
0878D0
089DB0
08C1A0
08E4B0
0906C0
0927F0
094830
096780
0985E0
09A350
09BFE0
09DB90
09F660
0A1050
0A2950
0A4170
0A58A0
0A6F00
0A8470
0A9900
0AACB0
0ABF70
0AD160
0AE260
0AF270
0B01B0
0B1020
0B1DE0
0B2AD0
0B3710
0B4280
0B4D40
0B5730
0B6060
0B68E0
0B7090
0B7780
0B7DC0
0B8330
0B87F0
0B8BE0
0B8F10
0B91C0
0B93E0
0B9580
0B9690
0B9710
0B9710
0B9680
0B9570
0B93D0
0B91B0
0B8F00
0B8BC0
0B8800
0B83B0
0B7EE0
0B7980
0B73E0
0B6DF0
0B67B0
0B6140
0B5A70
0B5360
0B4C10
0B4470
0B3C90
0B3460
0B2BE0
0B2330
0B1A20
0B10D0
0B0740
0AFD60
0AF380
0AE990
0ADFB0
0AD5C0
0ACBC0
0AC1D0
0AB7D0
0AADD0
0AA3D0
0A99C0
0A8FB0
0A85A0
0A7B80
0A7160
0A6740
0A5D20
0A5330
0A4970
0A3FE0
0A3690
0A2D70
0A2480
0A1BC0
0A1340
0A0AF0
0A02D0
09FAF0
09F330
09EBB0
09E470
09DD50
09D670
09CFF0
09C9C0
09C400
09BE90
09B990
09B4E0
09B0A0
09ACB0
09A930
09A600
09A330
09A0D0
099EC0
099D10
099BC0
099AD0
099A50
099A50
099AB0
099B90
099CE0
099EA0
09A0D0
09A370
09A690
09AA20
09AE20
09B290
09B770
09BCC0
09C290
09C8C0
09CF70
09D690
09DE20
09E620
09EE90
09F770
0A00C0
0A0A80
0A14C0
0A1F60
0A2A70
0A3600
0A41F0
0A4E60
0A5B40
0A6880
0A7630
0A8420
0A9270
0AA120
0AB020
0ABF80
0ACF30
0ADF40
0AEFA0
0B0050
0B1160
0B22D0
0B3480
0B46A0
0B5910
0B6BD0
0B7EC0
0B91F0
0BA540
0BB8B0
0BCC60
0BE040
0BF440
0C0880
0C1CE0
0C3170
0C4630
0C5B20
0C7030
0C8580
0C9AF0
0CB0A0
0CC630
0CDBD0
0CF160
0D06E0
0D1C60
0D31D0
0D4740
0D5CB0
0D7210
0D8760
0D9CB0
0DB200
0DC740
0DDC70
0DF1A0
0E06D0
0E1BB0
0E3060
0E44C0
0E58F0
0E6CD0
0E8080
0E93E0
0EA700
0EB9E0
0ECC90
0EDEF0
0EF110
0F02F0
0F1490
0F25F0
0F3720
0F47C0
0F5800
0F67C0
0F7710
0F85F0
0F9460
0FA250
0FAFD0
0FBCE0
0FC970
0FD5A0
0FE150
0FEC90
0FF750
1001A0
100B90
1014D0
101D70
102580
102CF0
1033C0
103A00
103FA0
104490
104900
104CC0
104FF0
105280
105470
1055C0
105680
105690
105600
1054C0
1052D0
105030
104CD0
1048D0
104420
103EC0
1038B0
1031F0
102A70
102250
101980
101000
1005D0
0FFAE0
0FEF50
0FE310
0FD620
0FC880
0FBA30
0FAB20
0F9B70
0F8B10
0F7A00
0F6840
0F55D0
0F42B0
0F2EE0
0F1A60
0F0530
0EEF40
0ED8D0
0EC1C0
0EAA10
0E91D0
0E78F0
0E5F70
0E4560
0E2AC0
0E0F80
0DF3A0
0DD730
0DBA20
0D9C70
0D7E40
0D5F60
0D3FF0
0D2010
0CFFC0
0CDF00
0CBDD0
0C9C30
0C7A20
0C57A0
0C34B0
0C1150
0BED80
0BC940
0BA490
0B7F70
0B59E0
0B33E0
0B0D70
0AE6C0
0ABFE0
0A98D0
0A7190
0A4A10
0A2250
09FA70
09D250
09A9F0
098160
0958A0
092FA0
090670
08DD10
08B370
0889A0
085FD0
083620
080C60
07E2C0
07B920
078F90
076600
073C80
071310
06E9A0
06C040
0696F0
066DB0
064470
061B30
05F210
05C930
05A0A0
057850
055050
0528A0
050130
04DA20
04B340
048CC0
046680
044090
041AF0
03F590
03D080
03ABC0
038740
036350
033FE0
031CF0
02FA80
02D890
02B730
029650
0275F0
025620
0236C0
0217F0
01F9A0
01DBE0
01BE90
01A1D0
018590
016A00
014F10
0134E0
011B50
010270
00EA40
00D2C0
00BBF0
00A5C0
009050
007B80
006760
0053F0
004120
002F10
001DA0
000D00
FFFD10
FFEDF0
FFDFA0
FFD200
FFC530
FFB920
FFADD0
FFA340
FF9980
FF9080
FF8840
FF80C0
FF7A10
FF7410
FF6EE0
FF6A80
FF66D0
FF63E0
FF61C0
FF6050
FF5FB0
FF5FD0
FF60A0
FF6240
FF64B0
FF67D0
FF6BB0
FF7050
FF75C0
FF7BF0
FF82D0
FF8A70
FF92B0
FF9B90
FFA520
FFAF60
FFBA40
FFC5D0
FFD210
FFDEF0
FFEC80
FFFAB0
000990
001920
002950
003A20
004BB0
005DB0
007020
008320
009690
00AA80
00BEE0
00D3D0
00E920
00FF00
011550
012C30
014370
015B40
017380
018C40
01A570
01BEF0
01D8A0
01F290
020CC0
022730
0241E0
025CD0
0277F0
029350
02AF00
02CAE0
02E700
030360
031FF0
033CD0
0359E0
0376F0
0393F0
03B0F0
03CDE0
03EAD0
0407B0
042490
044150
045E20
047AE0
049790
04B440
04D0E0
04ED70
050A00
052690
0542C0
055EA0
057A40
059580
05B070
05CB20
05E570
05FF70
061920
063280
064B90
066450
067CC0
0694E0
06ACB0
06C420
06DB10
06F170
070730
071C70
073110
074520
0758B0
076BA0
077E00
078FD0
07A100
07B1B0
07C1D0
07D150
07E050
07EEB0
07FC50
080930
081550
0820A0
082B30
083500
083E10
084660
084DE0
0854A0
085AA0
085FD0
086440
0867F0
086AE0
086D10
086E50
086EB0
086E40
086CE0
086AA0
086770
086370
085E80
0858C0
085210
084A80
084210
0838C0
082E80
082370
081770
080A90
07FCC0
07EE10
07DE70
07CDF0
07BC80
07AA20
0796E0
0782C0
076DB0
0757B0
0740D0
072900
071050
06F6B0
06DC20
06C0C0
06A490
068790
0669B0
064B00
062B70
060B10
05E9E0
05C7E0
05A500
058150
055CC0
053760
051130
04EA20
04C240
0499B0
047080
0446A0
041C10
03F0E0
03C500
039870
036B30
033D50
030EC0
02DF90
02AFA0
027F10
024DE0
021C00
01E970
01B670
018300
014F30
011AE0
00E630
00B110
007B80
004590
000F20
FFD850
FFA110
FF6960
FF3140
FEF8C0
FEBFD0
FE8660
FE4CE0
FE1340
FDD970
FD9F90
FD6580
FD2B50
FCF100
FCB690
FC7C00
FC4150
FC0670
FBCB80
FB9060
FB5530
FB19D0
FADE50
FAA300
FA67E0
FA2D00
F9F240
F9B7B0
F97D60
F94330
F90930
F8CF70
F895D0
F85C70
F82340
F7EA30
F7B160
F778C0
F74040
F70850
F6D0E0
F699F0
F66380
F62D90
F5F830
F5C340
F58ED0
F55AF0
F52780
F4F4A0
F4C240
F49060
F45EF0
F42E10
F3FDC0
F3CE20
F39F50
F37150
F34410
F317A0
F2EBF0
F2C100
F296E0
F26D90
F24500
F21D40
F1F640
F1D010
F1AAA0
F18600
F16220
F13F40
F11D60
F0FC80
F0DCA0
F0BDC0
F09FE0
F08300
F06720
F04C30
F03250
F01960
F00180
EFEA90
EFD4A0
EFBFB0
EFABD0
EF9900
EF8750
EF76C0
EF6750
EF5900
EF4BD0
EF3FC0
EF34E0
EF2B10
EF2260
EF1AD0
EF1460
EF0F10
EF0AE0
EF07D0
EF05F0
EF0520
EF0580
EF0710
EF09D0
EF0DB0
EF12B0
EF18E0
EF2040
EF28C0
EF3260
EF3D40
EF4930
EF5660
EF64B0
EF7420
EF84C0
EF9680
EFA950
EFBD30
EFD240
EFE860
EFFF90
F017E0
F03150
F04BD0
F06770
F08420
F0A1F0
F0C0D0
F0E0D0
F101F0
F12420
F14740
F16B60
F19060
F1B660
F1DD50
F20530
F22E00
F257D0
F28280
F2AE20
F2DAC0
F30850
F336D0
F36640
F396A0
F3C800
F3FA10
F42CD0
F46050
F49480
F4C970
F4FF20
F53580
F56CA0
F5A470
F5DCF0
F61640
F65030
F68AF0
F6C650
F70280
F73F50
F77CA0
F7BA60
F7F890
F83730
F87640
F8B5C0
F8F5B0
F93610
F976E0
F9B820
F9F9D0
FA3BF0
FA7E80
FAC190
FB0500
FB48E0
FB8CF0
FBD110
FC1560
FC59D0
FC9E60
FCE320
FD27F0
FD6CF0
FDB210
FDF750
FE3CB0
FE8240
FEC7E0
FF0DB0
FF53A0
FF99C0
FFDFA0
002560
006AF0
00B060
00F5A0
013AB0
017F90
01C450
0208E0
024D40
029180
02D590
031970
035D30
03A0C0
03E420
042710
046990
04ABA0
04ED40
052E70
056F30
05AF70
05EF50
062EC0
066DB0
06AC30
06EA40
0727F0
076520
07A1E0
07DE20
0819D0
0854C0
088F10
08C8B0
0901A0
0939F0
097190
09A880
09DEC0
0A1460
0A4950
0A7D90
0AB130
0AE420
0B1660
0B47F0
0B78B0
0BA8A0
0BD7C0
0C0600
0C3370
0C6010
0C8BD0
0CB6D0
0CE0F0
0D0A30
0D32A0
0D5A50
0D8110
0DA710
0DCC30
0DF080
0E13E0
0E3660
0E57F0
0E7890
0E9850
0EB720
0ED500
0EF200
0F0E10
0F2930
0F4370
0F5CC0
0F7530
0F8CB0
0FA340
0FB8E0
0FCDA0
0FE170
0FF450
100640
101750
102760
103690
1044D0
105220
105E90
106A00
107490
107E30
1086E0
108EB0
109580
109B80
10A0A0
10A4E0
10A850
10AAD0
10AC80
10AD50
10AD40
10AC60
10AAA0
10A7F0
10A470
10A020
109AE0
1094D0
108DE0
108630
107DC0
107490
106AB0
106000
105490
104870
103B80
102DE0
101F80
101050
100070
0FEFD0
0FDE70
0FCC50
0FB980
0FA600
0F9200
0F7D60
0F6830
0F5270
0F3C20
0F2530
0F0DB0
0EF590
0EDCF0
0EC3B0
0EA9E0
0E8F70
0E7470
0E58E0
0E3CC0
0E2030
0E0340
0DE5E0
0DC830
0DAA00
0D8B80
0D6C90
0D4D30
0D2D70
0D0D50
0CECD0
0CCBE0
0CAA80
0C88D0
0C66B0
0C4420
0C2170
0BFE80
0BDB50
0BB800
0B9470
0B70A0
0B4CB0
0B2880
0B0420
0ADF80
0ABAC0
0A95C0
0A7080
0A4B20
0A2580
09FFA0
09D9D0
09B3E0
098DF0
096800
094200
091C00
08F5F0
08CFE0
08A9C0
088390
085D60
083730
0810E0
07EAA0
07C450
079DF0
0777B0
0751A0
072BA0
0705C0
06E000
06BA60
0694E0
066F80
064A30
062510
060000
05DB20
05B650
0591B0
056D20
0548B0
052480
050090
04DCD0
04B950
049610
047300
045030
042DA0
040B40
03E930
03C750
03A5A0
038440
036310
034210
032160
0300F0
02E0D0
02C100
02A190
028260
026370
0244E0
0226A0
0208A0
01EB00
01CDA0
01B0A0
0193E0
017770
015B50
013F80
012400
0108E0
00EE20
00D3A0
00B990
009FD0
008660
006D50
005490
003C30
002420
000C60
FFF510
FFDE00
FFC750
FFB100
FF9B00
FF8550
FF7010
FF5B10
FF4670
FF3230
FF1E40
FF0AB0
FEF770
FEE490
FED210
FEBFD0
FEAE00
FE9C80
FE8B50
FE7A80
FE6A00
FE59D0
FE4A00
FE3A80
FE2B50
FE1C70
FE0DE0
FDFFB0
FDF1D0
FDE440
FDD700
FDCA20
FDBD80
FDB140
FDA550
FD99C0
FD8E70
FD8360
FD78A0
FD6E30
FD6400
FD5A20
FD5090
FD4740
FD3E40
FD3580
FD2D10
FD24F0
FD1D10
FD1580
FD0E30
FD0740
FD0080
FCFA00
FCF3C0
FCEDC0
FCE800
FCE280
FCDD40
FCD840
FCD380
FCCF00
FCCAC0
FCC6C0
FCC300
FCBF80
FCBC40
FCB950
FCB680
FCB3F0
FCB190
FCAF60
FCAD70
FCABC0
FCAA30
FCA8E0
FCA7D0
FCA6E0
FCA630
FCA5C0
FCA580
FCA570
FCA5A0
FCA5F0
FCA680
FCA740
FCA830
FCA960
FCAAB0
FCAC30
FCADE0
FCAFC0
FCB1D0
FCB420
FCB690
FCB930
FCBC00
FCBF10
FCC240
FCC5B0
FCC940
FCCD00
FCD0F0
FCD510
FCD950
FCDDD0
FCE270
FCE740
FCEC40
FCF170
FCF6C0
FCFC50
FD0200
FD07E0
FD0DF0
FD1430
FD1A90
FD2130
FD27F0
FD2EE0
FD3600
FD3D50
FD44D0
FD4C70
FD5450
FD5C50
FD6480
FD6CE0
FD7560
FD7E20
FD8700
FD9020
FD9960
FDA2D0
FDAC70
FDB640
FDC040
FDCA70
FDD4D0
FDDF60
FDEA10
FDF500
FE0020
FE0B60
FE16E0
FE2280
FE2E50
FE3A60
FE4690
FE5300
FE5FA0
FE6C70
FE7970
FE86B0
FE9410
FEA1B0
FEAF80
FEBD80
FECBC0
FEDA20
FEE8C0
FEF790
FF0690
FF15D0
FF2530
FF34E0
FF44B0
FF54C0
FF6500
FF7580
FF8630
FF9710
FFA830
FFB980
FFCB00
FFDCC0
FFEEB0
0000E0
001340
0025D0
0038A0
004BA0
005ED0
007240
0085D0
0099B0
00ADB0
00C1F0
00D660
00EB10
00FFE0
011500
012A40
013FC0
015570
016B50
018170
0197B0
01AE20
01C4D0
01DBA0
01F2B0
0209F0
022150
0238F0
0250B0
0268B0
0280E0
029940
02B1C0
02CA80
02E370
02FC80
0315C0
032F20
0348B0
036260
037C30
039630
03B050
03CAA0
03E510
03FFB0
041A70
043560
045070
046BA0
048700
04A270
04BE00
04D9B0
04F570
051150
052D40
054950
056580
0581C0
059E20
05BA90
05D720
05F3D0
061090
062D60
064A60
066750
068450
06A160
06BE60
06DB80
06F890
0715B0
0732D0
075000
076D30
078A70
07A7A0
07C4F0
07E230
07FF80
081CE0
083A20
085750
087480
089190
08AEA0
08CB90
08E880
090550
092220
093ED0
095B80
097810
0994A0
09B120
09CD80
09E9E0
0A0610
0A2220
0A3E00
0A59C0
0A7560
0A90D0
0AAC20
0AC740
0AE240
0AFD20
0B17D0
0B3260
0B4CC0
0B6700
0B8120
0B9B10
0BB4D0
0BCE40
0BE780
0C0080
0C1950
0C31E0
0C4A30
0C6240
0C7A10
0C91B0
0CA910
0CC030
0CD720
0CEDD0
0D0440
0D1A70
0D3060
0D45F0
0D5B40
0D7040
0D84F0
0D9950
0DAD60
0DC120
0DD490
0DE7C0
0DFAA0
0E0D20
0E1F60
0E3150
0E42F0
0E5450
0E6540
0E75E0
0E8620
0E9610
0EA590
0EB4C0
0EC3A0
0ED210
0EE030
0EEDF0
0EFB60
0F0870
0F1520
0F2170
0F2D70
0F3910
0F4450
0F4F30
0F59B0
0F63C0
0F6D80
0F76D0
0F7FD0
0F8860
0F90A0
0F9870
0F9FE0
0FA6F0
0FADA0
0FB3F0
0FB9E0
0FBF70
0FC4A0
0FC970
0FCDD0
0FD1E0
0FD590
0FD8E0
0FDBC0
0FDE50
0FE080
0FE250
0FE3B0
0FE4C0
0FE570
0FE5B0
0FE5A0
0FE530
0FE460
0FE340
0FE1C0
0FDFF0
0FDDC0
0FDB30
0FD850
0FD520
0FD190
0FCDB0
0FC970
0FC4D0
0FBFF0
0FBAA0
0FB500
0FAF10
0FA8D0
0FA240
0F9B70
0F9450
0F8CE0
0F8530
0F7D30
0F74E0
0F6C50
0F6370
0F5A40
0F50D0
0F4710
0F3D10
0F32B0
0F2820
0F1D40
0F1230
0F06F0
0EFB70
0EEFC0
0EE3D0
0ED7B0
0ECB50
0EBEC0
0EB1F0
0EA4E0
0E97B0
0E8A30
0E7C80
0E6EA0
0E6080
0E5240
0E43E0
0E3550
0E26A0
0E17D0
0E08E0
0DF9D0
0DEA90
0DDB30
0DCBB0
0DBC10
0DAC40
0D9C50
0D8C40
0D7C10
0D6BC0
0D5B50
0D4AE0
0D3A60
0D29C0
0D1920
0D0860
0CF7A0
0CE6D0
0CD5E0
0CC4F0
0CB3E0
0CA2D0
0C91B0
0C8070
0C6F30
0C5DE0
0C4C90
0C3B40
0C29F0
0C18A0
0C0750
0BF610
0BE4C0
0BD380
0BC240
0BB100
0B9FC0
0B8E80
0B7D40
0B6C10
0B5AD0
0B49A0
0B3880
0B2760
0B1660
0B0570
0AF480
0AE3B0
0AD2E0
0AC230
0AB190
0AA0F0
0A9070
0A7FF0
0A6F90
0A5F40
0A4EF0
0A3EC0
0A2EA0
0A1EA0
0A0EB0
09FEE0
09EF20
09DF90
09D000
09C0A0
09B140
09A210
0992F0
0983F0
097500
096630
095770
0948D0
093A50
092BE0
091DA0
090F70
090160
08F360
08E590
08D7D0
08CA30
08BCB0
08AF50
08A200
0894D0
0887C0
087AD0
086E00
086140
0854A0
084820
083BB0
082F60
082330
081710
080B20
07FF30
07F370
07E7C0
07DC30
07D0C0
07C560
07BA30
07AF00
07A400
079900
078E20
078360
0778B0
076E10
076380
075910
074EC0
074480
073A50
073040
072640
071C50
071280
0708C0
06FF10
06F570
06EBF0
06E270
06D900
06CF90
06C640
06BD00
06B3D0
06AAB0
06A190
069890
068F90
0686B0
067DD0
067510
066C50
066390
065AD0
065230
064980
0640E0
063850
062FC0
062730
061EB0
061630
060DC0
060550
05FCF0
05F490
05EC30
05E3E0
05DB80
05D330
05CAD0
05C270
05BA20
05B1C0
05A960
05A100
0598B0
059050
0587F0
057F90
057730
056ED0
056670
055E10
0555A0
054D30
0544C0
053C50
0533D0
052B50
0522D0
051A50
0511C0
050930
0500A0
04F800
04EF70
04E6D0
04DE20
04D580
04CCD0
04C410
04BB60
04B2A0
04A9D0
04A100
049830
048F60
048680
047DA0
0474B0
046BD0
0462D0
0459E0
0450E0
0447E0
043EE0
0435D0
042CC0
0423C0
041AA0
041190
040880
03FF60
03F640
03ED20
03E3F0
03DAD0
03D1A0
03C870
03BF40
03B610
03ACE0
03A3B0
039A80
039160
038830
037F10
0375E0
036CC0
0363A0
035A80
035160
034840
033F20
033610
032CF0
0323E0
031AE0
0311F0
030900
030010
02F740
02EE60
02E5A0
02DCE0
02D430
02CB90
02C2F0
02BA50
02B1D0
02A950
02A0D0
029870
029020
0287F0
027FC0
0277B0
026FB0
0267C0
025FF0
025830
025080
0248E0
024150
0239E0
023280
022B30
022400
021CE0
0215E0
020F00
020830
020180
01FAF0
01F480
01EE20
01E7E0
01E1C0
01DBC0
01D5D0
01D010
01CA60
01C4C0
01BF50
01B9F0
01B4C0
01AFB0
01AAC0
01A600
01A150
019CD0
019870
019430
019020
018C20
018850
0184A0
018110
017DA0
017A60
017740
017440
017170
016ED0
016C50
0169F0
0167C0
0165B0
0163D0
016220
016080
015F20
015DE0
015CC0
015BD0
015B00
015A60
0159F0
0159A0
015980
015980
0159B0
015A10
015A90
015B40
015C10
015D20
015E40
015FA0
016120
0162C0
0164A0
016690
0168C0
016B00
016D70
017010
0172D0
0175C0
0178D0
017C00
017F60
0182E0
018690
018A70
018E60
019290
0196D0
019B40
019FD0
01A490
01A960
01AE60
01B370
01B8B0
01BE10
01C3A0
01C940
01CF00
01D4F0
01DB00
01E130
01E780
01EE00
01F490
01FB40
020200
0208F0
020FF0
021710
021E40
0225A0
022D10
023490
023C40
024400
024BE0
0253E0
025C00
026430
026C80
0274E0
027D50
0285D0
028E70
029710
029FD0
02A8B0
02B190
02BA90
02C3A0
02CCD0
02D600
02DF50
02E8B0
02F230
02FBB0
030540
030EE0
031880
032230
032C00
0335D0
033FA0
034990
035380
035D80
036790
0371B0
037BD0
038600
039050
039A90
03A4E0
03AF30
03B980
03C3E0
03CE40
03D8A0
03E310
03ED80
03F7F0
040270
040CF0
041770
0421F0
042C80
043720
0441B0
044C40
0456D0
046170
046C00
047690
048130
048BC0
049660
04A0F0
04AB80
04B620
04C0B0
04CB50
04D5E0
04E080
04EB10
04F5A0
050030
050AB0
051530
051FB0
052A20
053490
053F00
054970
0553D0
055E30
056890
0572E0
057D40
058780
0591D0
059C10
05A640
05B070
05BAA0
05C4C0
05CEE0
05D8F0
05E300
05ED00
05F700
060100
060AF0
0614D0
061EB0
062890
063260
063C20
0645E0
064F90
065930
0662D0
066C60
0675E0
067F60
0688D0
069230
069B90
06A4E0
06AE20
06B760
06C090
06C9B0
06D2C0
06DBD0
06E4C0
06EDA0
06F680
06FF40
070800
0710A0
071940
0721C0
072A40
0732B0
073B10
074360
074B90
0753C0
075BD0
0763D0
076BC0
077390
077B50
0782F0
078A90
079200
079970
07A0C0
07A800
07AF20
07B640
07BD30
07C420
07CAE0
07D190
07D810
07DE80
07E4D0
07EAF0
07F100
07F6F0
07FCC0
080270
080800
080D70
0812C0
081800
081D10
082200
0826D0
082B70
082FE0
083430
083850
083C40
084010
0843A0
084720
084A60
084D80
085080
085340
0855E0
085850
085AA0
085CB0
085E80
086020
086180
0862A0
086390
086440
0864C0
0864F0
086500
0864C0
086450
0863B0
0862C0
0861A0
086050
085EB0
085CC0
085A90
085810
085550
085240
084EE0
084B40
084760
084330
083EB0
0839F0
0834E0
082F90
0829F0
082400
081DC0
081730
081040
0808F0
080150
07F950
07F100
07E850
07DF50
07D5F0
07CC40
07C230
07B7C0
07AD00
07A1F0
079670
078AA0
077E70
0771D0
0764D0
075770
0749B0
073B80
072CF0
071E00
070EB0
06FF00
06EEE0
06DE70
06CD90
06BC50
06AAA0
0698A0
068620
067340
066000
064C50
063830
0623C0
060ED0
05F980
05E3C0
05CDA0
05B720
05A030
0588D0
057110
0558E0
054050
052760
050E10
04F450
04DA30
04BFB0
04A4C0
048970
046DC0
0451B0
043530
041850
03FB10
03DD70
03BF60
03A100
038230
036320
0343B0
0323F0
0303D0
02E360
02C2A0
02A180
028010
025E50
023C40
0219D0
01F700
01D3F0
01B080
018CB0
0168B0
014470
012000
00FB50
00D650
00B130
008BC0
006620
004040
001A20
FFF3C0
FFCD30
FFA660
FF7F50
FF5800
FF3080
FF08E0
FEE130
FEB960
FE9180
FE6990
FE4180
FE1960
FDF120
FDC8E0
FDA070
FD77F0
FD4F60
FD26C0
FCFE00
FCD520
FCAC40
FC8360
FC5AA0
FC3200
FC0970
FBE0F0
FBB890
FB9040
FB6800
FB3FE0
FB17D0
FAEFE0
FAC800
FAA030
FA7880
FA50F0
FA2960
FA0230
F9DB40
F9B490
F98E40
F96820
F94260
F91CE0
F8F7B0
F8D2D0
F8AE30
F889D0
F865D0
F84210
F81EA0
F7FB70
F7D890
F7B630
F79440
F772E0
F751F0
F73180
F71190
F6F210
F6D320
F6B4A0
F696A0
F67910
F65C10
F63F80
F62370
F607E0
F5ECD0
F5D260
F5B8A0
F59F90
F58730
F56F70
F55860
F54200
F52C50
F51740
F502E0
F4EF30
F4DC30
F4C9D0
F4B820
F4A720
F496C0
F48740
F47880
F46A90
F45D80
F45130
F445B0
F43B00
F43120
F42810
F41FC0
F41850
F411B0
F40BD0
F406D0
F40290
F3FF30
F3FCA0
F3FB00
F3FA40
F3FA60
F3FB70
F3FD60
F40030
F403E0
F40870
F40DF0
F41450
F41B90
F423B0
F42CB0
F436A0
F44170
F44D20
F459C0
F46740
F475A0
F484E0
F49510
F4A620
F4B810
F4CAF0
F4DEB0
F4F350
F508E0
F51F50
F536A0
F54EE0
F567F0
F581E0
F59CA0
F5B830
F5D490
F5F1C0
F60FC0
F62E90
F64E30
F66EB0
F68FF0
F6B200
F6D4F0
F6F8A0
F71D20
F74280
F768A0
F78F70
F7B6F0
F7DF10
F807E0
F83150
F85B70
F88630
F8B1A0
F8DDB0
F90A70
F937E0
F965F0
F994A0
F9C400
F9F410
FA24C0
FA55E0
FA8770
FAB970
FAEBD0
FB1EB0
FB51F0
FB85A0
FBB9D0
FBEE50
FC2350
FC58C0
FC8E90
FCC4E0
FCFB90
FD32B0
FD6A40
FDA1F0
FDD9D0
FE11D0
FE4A00
FE8250
FEBAD0
FEF370
FF2C40
FF6530
FF9E40
FFD780
0010E0
004A70
008420
00BE00
00F800
0131E0
016B90
01A520
01DE90
0217D0
0250F0
0289E0
02C2B0
02FB60
0333E0
036C40
03A480
03DC90
041480
044C40
0483E0
04BB10
04F1D0
052820
055E00
059360
05C860
05FCF0
063110
0664B0
0697F0
06CAC0
06FD10
072F00
076070
079180
07C210
07F200
082130
084FB0
087D70
08AA90
08D700
0902B0
092DB0
095800
0981A0
09AA90
09D2D0
09FA50
0A2130
0A4750
0A6CC0
0A9150
0AB500
0AD7C0
0AF9B0
0B1AB0
0B3AD0
0B5A10
0B7860
0B95E0
0BB270
0BCE30
0BE900
0C02F0
0C1BF0
0C3420
0C4B60
0C61B0
0C7700
0C8B50
0C9EB0
0CB110
0CC270
0CD2D0
0CE240
0CF0B0
0CFE20
0D0AA0
0D1620
0D20A0
0D2A30
0D32C0
0D3A50
0D40F0
0D4690
0D4B30
0D4ED0
0D5180
0D5340
0D53F0
0D53C0
0D5280
0D5050
0D4D20
0D48F0
0D43D0
0D3DB0
0D36A0
0D2E90
0D25A0
0D1BD0
0D1120
0D05A0
0CF930
0CEBF0
0CDDC0
0CCEC0
0CBEE0
0CAE20
0C9C80
0C8A00
0C76A0
0C6270
0C4D50
0C3760
0C20C0
0C0970
0BF170
0BD8D0
0BBF80
0BA580
0B8AD0
0B6F80
0B5380
0B36D0
0B1980
0AFB80
0ADCD0
0ABD70
0A9D70
0A7CB0
0A5BA0
0A3A20
0A1840
09F600
09D350
09B040
098CC0
0968E0
0944A0
091FF0
08FAF0
08D570
08AFA0
088960
0862C0
083BB0
081490
07ED60
07C620
079EC0
077740
074FC0
072820
070070
06D8A0
06B0D0
0688D0
0660D0
0638B0
061080
05E830
05BFE0
0597C0
056FD0
054830
0520C0
04F9A0
04D2B0
04ABF0
048580
045F40
043950
041390
03EE10
03C8C0
03A3C0
037EF0
035A60
033660
0312D0
02EFE0
02CD70
02AB80
028A20
026940
0248E0
022910
0209D0
01EB10
01CCD0
01AF20
0191F0
017550
015930
013DD0
012330
010950
00F040
00D7E0
00C040
00A960
009340
007DE0
006950
005570
004250
002FF0
001E50
000D70
FFFD60
FFEE20
FFDFC0
FFD250
FFC5C0
FFBA10
FFAF40
FFA550
FF9C50
FF9420
FF8CE0
FF8680
FF8100
FF7C60
FF78A0
FF75D0
FF73D0
FF72C0
FF72A0
FF7360
FF7510
FF77A0
FF7B20
FF7F90
FF84D0
FF8B10
FF9230
FF9A30
FFA320
FFAD00
FFB7C0
FFC360
FFD000
FFDD60
FFEB90
FFFAA0
000A80
001B30
002CC0
003F10
005240
006640
007B10
0090C0
00A740
00BE80
00D6A0
00EFA0
010960
0123D0
013EE0
015A90
0176E0
0193E0
01B180
01CFB0
01EEA0
020E20
022E40
024F10
027080
029290
02B550
02D8A0
02FCA0
032100
0345B0
036AD0
039050
03B630
03DC60
040300
042A00
045150
047910
04A130
04C9A0
04F280
051BC0
054550
056F50
059950
05C370
05ED90
0617D0
064210
066C70
0696D0
06C140
06EBD0
071660
074100
076BB0
079670
07C140
07EC20
081710
0841C0
086C20
089640
08C030
08E9C0
091320
093C30
096510
098DA0
09B5E0
09DDF0
0A05B0
0A2D30
0A5470
0A7B70
0AA220
0AC850
0AEDF0
0B12F0
0B3770
0B5B60
0B7ED0
0BA1A0
0BC3F0
0BE5A0
0C06D0
0C2770
0C4780
0C6700
0C8600
0CA460
0CC240
0CDF50
0CFB90
0D1720
0D31D0
0D4BC0
0D64F0
0D7D50
0D94E0
0DABB0
0DC1B0
0DD6F0
0DEB60
0DFF10
0E1200
0E2410
0E3570
0E45D0
0E5550
0E63E0
0E7190
0E7E40
0E8A20
0E9500
0E9F00
0EA810
0EB030
0EB760
0EBDB0
0EC320
0EC790
0ECB20
0ECDC0
0ECF70
0ED030
0ECFF0
0ECEC0
0ECCA0
0EC990
0EC590
0EC090
0EBAB0
0EB3C0
0EABF0
0EA330
0E9970
0E8EC0
0E8320
0E7690
0E6920
0E5AD0
0E4BA0
0E3BA0
0E2AC0
0E1900
0E0660
0DF2E0
0DDE90
0DC960
0DB350
0D9C60
0D84A0
0D6BF0
0D5270
0D3820
0D1D10
0D0160
0CE4F0
0CC7E0
0CAA20
0C8BC0
0C6CA0
0C4CE0
0C2C70
0C0B50
0BE980
0BC710
0BA3E0
0B8010
0B5B90
0B3670
0B10D0
0AEAD0
0AC470
0A9DA0
0A7660
0A4EC0
0A26C0
09FE50
09D570
09AC20
098280
095860
092DE0
0902F0
08D7A0
08ABF0
088010
085420
082820
07FC00
07CFC0
07A370
077700
074A80
071DE0
06F120
06C450
069760
066A50
063D30
061000
05E2A0
05B590
0588A0
055C00
052F90
050350
04D750
04AB80
047FF0
0454A0
042980
03FE90
03D3E0
03A970
037F30
035520
032B60
030210
02D940
02B100
028940
026200
023B40
021500
01EF50
01CA20
01A570
018140
015D90
013A70
0117C0
00F5A0
00D400
00B320
0092F0
007380
0054D0
0036E0
0019A0
FFFD20
FFE150
FFC650
FFAC00
FF9270
FF7990
FF6170
FF4A10
FF3370
FF1D80
FF0870
FEF440
FEE0F0
FECE80
FEBCE0
FEAC30
FE9C50
FE8D50
FE7F20
FE71E0
FE6580
FE59F0
FE4F40
FE4570
FE3C80
FE3460
FE2D30
FE26E0
FE2170
FE1CE0
FE1930
FE1660
FE1480
FE1370
FE1350
FE1400
FE15A0
FE1820
FE1B80
FE1FC0
FE24E0
FE2AE0
FE31B0
FE3950
FE41B0
FE4AE0
FE54E0
FE5FA0
FE6B40
FE77A0
FE84C0
FE92C0
FEA180
FEB100
FEC160
FED280
FEE470
FEF720
FF0A70
FF1E60
FF32F0
FF4810
FF5DD0
FF7420
FF8B10
FFA2A0
FFBAD0
FFD390
FFECF0
0006E0
002170
003CA0
005860
0074C0
009170
00AE80
00CBF0
00E9B0
0107C0
012630
0144F0
016400
018380
01A340
01C360
01E3E0
0204B0
0225D0
024750
026920
028B00
02ACF0
02CEE0
02F0D0
0312D0
0334E0
0356F0
037910
039B40
03BD70
03DFA0
0401F0
042430
044690
0468F0
048B50
04AD70
04CF50
04F0F0
051240
053340
055410
057490
0594C0
05B4C0
05D460
05F3D0
0612F0
0631D0
065070
066EC0
068CC0
06AA40
06C740
06E3A0
06FF80
071AD0
073590
074FD0
076980
0782A0
079B30
07B340
07CAC0
07E1B0
07F820
080E00
082350
0837D0
084BA0
085EB0
087100
088290
089350
08A360
08B2A0
08C130
08CEF0
08DC00
08E840
08F3C0
08FE80
090880
0911D0
091A30
0921B0
092860
092E30
093330
093740
093A80
093CE0
093E70
093F20
093EE0
093DE0
093BF0
093930
093590
093110
092BC0
092580
091E70
091680
090DC0
090420
08F990
08EE40
08E200
08D4F0
08C6F0
08B820
08A880
0897F0
088690
087450
086150
084D90
083910
0823D0
080DD0
07F710
07DF90
07C760
07AE60
0794A0
077A20
075EE0
0742E0
072630
0708B0
06EA70
06CBB0
06AC50
068C70
066C10
064B10
062990
060780
05E4E0
05C1C0
059E10
0579D0
055500
052FA0
0509C0
04E350
04BC60
049520
046DA0
0445D0
041DD0
03F580
03CCF0
03A420
037B10
0351C0
032820
02FE40
02D420
02A9C0
027F10
025420
022900
01FDE0
01D2D0
01A7D0
017CD0
0151F0
012720
00FC60
00D1A0
00A700
007C60
0051E0
002760
FFFCF0
FFD290
FFA840
FF7E10
FF5430
FF2AB0
FF0190
FED8D0
FEB080
FE8880
FE60F0
FE39C0
FE12E0
FDEC70
FDC660
FDA0B0
FD7B60
FD5670
FD31E0
FD0DB0
FCEA30
FCC750
FCA530
FC83A0
FC62D0
FC42A0
FC2320
FC0440
FBE610
FBC890
FBABB0
FB8F80
FB7400
FB5920
FB3EF0
FB2570
FB0CC0
FAF500
FADE20
FAC820
FAB300
FA9EB0
FA8B50
FA78D0
FA6730
FA5670
FA46A0
FA37A0
FA2980
FA1C40
FA0FE0
FA0470
F9F9F0
F9F070
F9E7F0
F9E080
F9DA00
F9D480
F9D000
F9CC80
F9CA00
F9C880
F9C800
F9C870
F9C9F0
F9CC70
F9CFF0
F9D460
F9D9E0
F9E060
F9E7E0
F9F060
F9F9D0
FA0450
FA0FD0
FA1C60
FA29E0
FA3860
FA47E0
FA5860
FA69F0
FA7C70
FA8FF0
FAA480
FAB9F0
FAD040
FAE770
FAFF90
FB18A0
FB3290
FB4D60
FB6920
FB85C0
FBA340
FBC1B0
FBE100
FC0140
FC2260
FC4470
FC6750
FC8AF0
FCAF40
FCD440
FCF9F0
FD2050
FD4770
FD6F30
FD97A0
FDC0C0
FDEAA0
FE1520
FE4050
FE6C40
FE98D0
FEC620
FEF410
FF2270
FF5140
FF8070
FFB000
FFE000
001070
004130
007270
00A400
00D610
010870
013B50
016E80
01A220
01D630
020AA0
023F20
0273C0
02A860
02DD20
0311E0
0346C0
037BB0
03B0B0
03E5C0
041AF0
045020
048570
04BAD0
04F030
0525B0
055B50
059090
05C5A0
05FA60
062ED0
066300
0696F0
06CA90
06FDF0
073110
0763E0
079670
07C8B0
07FAB0
082C60
085DE0
088F00
08BFA0
08EF90
091F00
094DC0
097C00
09A990
09D6A0
0A0300
0A2ED0
0A5A10
0A84B0
0AAEC0
0AD830
0B0110
0B2950
0B5100
0B77D0
0B9DC0
0BC2E0
0BE720
0C0A80
0C2D00
0C4EB0
0C6F80
0C8F80
0CAE90
0CCCD0
0CEA40
0D06C0
0D2270
0D3D40
0D5740
0D7030
0D8810
0D9EF0
0DB4D0
0DC9A0
0DDD60
0DF020
0E01E0
0E1290
0E2230
0E30E0
0E3E70
0E4B00
0E5690
0E6110
0E6A80
0E72E0
0E7A20
0E8050
0E8560
0E8950
0E8C20
0E8DE0
0E8E80
0E8E00
0E8C70
0E89C0
0E85F0
0E8100
0E7B00
0E73E0
0E6BB0
0E6260
0E5800
0E4CA0
0E4020
0E3290
0E23F0
0E1430
0E0370
0DF1A0
0DDEC0
0DCAC0
0DB5C0
0D9FA0
0D8870
0D7030
0D56F0
0D3CB0
0D2180
0D0570
0CE860
0CCA70
0CAB90
0C8BC0
0C6B10
0C4960
0C26D0
0C0340
0BDED0
0BB970
0B9320
0B6BE0
0B43C0
0B1AE0
0AF150
0AC700
0A9C00
0A7050
0A43E0
0A16D0
09E900
09BA70
098B30
095B40
092AA0
08F940
08C740
089470
086100
082D10
07F8C0
07C400
078EE0
075940
072340
06ECD0
06B600
067EB0
064700
060EE0
05D660
059D60
056400
052A30
04EFF0
04B5A0
047B20
044090
0405F0
03CB20
039040
035540
031A20
02DEF0
02A390
026820
022CA0
01F0F0
01B530
017950
013D50
010190
00C600
008AA0
004F70
001480
FFD9C0
FF9F30
FF64E0
FF2AC0
FEF0D0
FEB710
FE7D90
FE4440
FE0B20
FDD240
FD9990
FD6160
FD29A0
FCF260
FCBBA0
FC8560
FC4F90
FC1A40
FBE570
FBB120
FB7D40
FB49F0
FB1700
FAE4A0
FAB2B0
FA8150
FA5050
FA2020
F9F090
F9C1C0
F993A0
F96640
F93980
F90D80
F8E240
F8B7B0
F88DD0
F864A0
F83C30
F81470
F7ED60
F7C710
F7A160
F77CA0
F758B0
F735A0
F71360
F6F200
F6D180
F6B1D0
F69300
F67510
F657F0
F63BA0
F62040
F605A0
F5EBF0
F5D310
F5BB10
F5A3F0
F58DC0
F57870
F56410
F550A0
F53E10
F52C60
F51BA0
F50BD0
F4FCE0
F4EED0
F4E1B0
F4D580
F4CA30
F4BFD0
F4B650
F4ADB0
F4A600
F49F30
F49930
F49420
F48FF0
F48CA0
F48A30
F488B0
F48800
F48840
F48960
F48B50
F48E30
F491F0
F496A0
F49C00
F4A230
F4A930
F4B0E0
F4B970
F4C2B0
F4CCC0
F4D7A0
F4E340
F4EFA0
F4FCC0
F50AC0
F51970
F528F0
F53930
F54A40
F55BE0
F56E20
F58100
F59470
F5A890
F5BD30
F5D280
F5E860
F5FEE0
F61600
F62DB0
F64600
F65EE0
F67870
F69290
F6AD40
F6C860
F6E3E0
F6FFD0
F71C10
F738C0
F755C0
F77340
F79110
F7AF40
F7CDE0
F7ECE0
F80C40
F82C00
F84C20
F86CB0
F88D90
F8AEB0
F8CFE0
F8F150
F912D0
F93490
F95660
F97870
F99AA0
F9BCF0
F9DF70
FA0210
FA24E0
FA47D0
FA6AF0
FA8E30
FAB1A0
FAD4F0
FAF840
FB1B70
FB3E90
FB6190
FB8490
FBA770
FBCA40
FBECF0
FC0FA0
FC3230
FC54B0
FC7710
FC9970
FCBBB0
FCDDE0
FCFFC0
FD2160
FD42B0
FD63C0
FD8480
FDA500
FDC530
FDE510
FE04B0
FE2400
FE4310
FE61D0
FE8050
FE9E80
FEBC60
FEDA00
FEF720
FF13E0
FF3020
FF4BE0
FF6740
FF8220
FF9C80
FFB680
FFD000
FFE900
0001A0
0019C0
003170
0048A0
005F70
0075B0
008B70
00A0A0
00B530
00C930
00DCA0
00EF70
0101B0
011370
012480
013510
014510
015470
016340
017180
017F20
018C40
0198B0
01A480
01AFB0
01BA30
01C410
01CD50
01D5F0
01DDF0
01E540
01EBF0
01F200
01F770
01FC40
020060
0203E0
0206C0
0208F0
020A90
020B80
020BC0
020B60
020A60
0208C0
020670
020380
01FFF0
01FBB0
01F6D0
01F140
01EB20
01E450
01DCD0
01D4C0
01CC20
01C2E0
01B910
01AEA0
01A390
0197F0
018BC0
017EF0
017180
016380
0154E0
0145B0
0135F0
012580
011490
010310
00F110
00DE90
00CB90
00B800
00A400
008F70
007A60
0064D0
004EC0
003830
002120
000980
FFF170
FFD8D0
FFBFB0
FFA630
FF8C50
FF7210
FF5760
FF3C60
FF2100
FF0530
FEE900
FECC70
FEAF80
FE9230
FE7480
FE5670
FE37F0
FE1920
FDF9E0
FDDA70
FDBAB0
FD9AC0
FD7A90
FD5A30
FD3980
FD18A0
FCF780
FCD610
FCB480
FC92A0
FC7080
FC4E30
FC2BA0
FC08D0
FBE5C0
FBC2A0
FB9F70
FB7C20
FB58C0
FB3550
FB11C0
FAEE20
FACA70
FAA6B0
FA82D0
FA5EE0
FA3AE0
FA16D0
F9F2A0
F9CE60
F9AA00
F985C0
F96190
F93D70
F91970
F8F580
F8D190
F8ADC0
F88A10
F86660
F842D0
F81F50
F7FBE0
F7D880
F7B540
F79210
F76EE0
F74C00
F72950
F706E0
F6E4A0
F6C2A0
F6A0D0
F67F40
F65DF0
F63CD0
F61BF0
F5FB40
F5DAD0
F5BAA0
F59AA0
F57AE0
F55B50
F53C20
F51D50
F4FED0
F4E0B0
F4C2F0
F4A580
F48870
F46BC0
F44F60
F43360
F417C0
F3FC70
F3E180
F3C6F0
F3ACB0
F392D0
F37960
F36070
F347F0
F32FF0
F31850
F30130
F2EA90
F2D460
F2BEA0
F2A950
F29480
F28020
F26C40
F258D0
F245D0
F23350
F22150
F20FE0
F1FF00
F1EEB0
F1DEE0
F1CFA0
F1C0F0
F1B2D0
F1A530
F19830
F18BA0
F17FB0
F17450
F16970
F15F20
F15550
F14C30
F14390
F13BA0
F13440
F12D70
F12740
F121A0
F11CB0
F11840
F11470
F11140
F10EA0
F10CA0
F10B30
F10A60
F10A30
F10A90
F10B90
F10D30
F10F70
F11250
F115C0
F119E0
F11E90
F123E0
F129D0
F13060
F13790
F13F50
F147C0
F150C0
F15A60
F164A0
F16F70
F17AD0
F186D0
F19370
F1A0A0
F1AE60
F1BCC0
F1CBB0
F1DB40
F1EB60
F1FC20
F20D70
F21F60
F231E0
F244F0
F25890
F26CC0
F28180
F296C0
F2AC90
F2C2E0
F2D9C0
F2F130
F30930
F321B0
F33AC0
F35450
F36E70
F38920
F3A450
F3C010
F3DC40
F3F8F0
F41600
F43390
F45190
F47000
F48EE0
F4AE30
F4CE00
F4EE40
F50EF0
F53010
F551A0
F573B0
F59630
F5B910
F5DC50
F5FFF0
F623D0
F64800
F66C90
F69170
F6B6A0
F6DC20
F701F0
F72810
F74E90
F77560
F79C70
F7C3E0
F7EBA0
F813C0
F83C00
F86460
F88CF0
F8B5B0
F8DEA0
F907B0
F930F0
F95A60
F983F0
F9ADB0
F9D7A0
FA01B0
FA2BF0
FA5660
FA80F0
FAABB0
FAD670
FB0120
FB2BE0
FB5690
FB8140
FBABF0
FBD6A0
FC0150
FC2BF0
FC56A0
FC8140
FCABE0
FCD670
FD0110
FD2BA0
FD5640
FD80A0
FDAAD0
FDD4D0
FDFEA0
FE2840
FE51A0
FE7AE0
FEA3E0
FECCC0
FEF560
FF1DD0
FF4620
FF6E30
FF9610
FFBDC0
FFE530
000C50
003310
005970
007F70
00A510
00CA50
00EF30
0113A0
0137C0
015B80
017EE0
01A1E0
01C480
01E6C0
0208A0
022A30
024B20
026B90
028B80
02AAF0
02C9D0
02E820
0305F0
032340
034000
035C40
0377F0
039320
03ADD0
03C7F0
03E190
03FAA0
041310
042AE0
044200
045870
046E40
048370
049800
04ABE0
04BF10
04D1A0
04E390
04F4D0
050570
051570
0524C0
053360
054150
054E90
055B10
0566E0
057200
057C50
058600
058EF0
059720
059EA0
05A570
05AB80
05B0D0
05B580
05B960
05BCA0
05BF10
05C0E0
05C1E0
05C240
05C1D0
05C0C0
05BEF0
05BC60
05B920
05B520
05B070
05AB00
05A4E0
059E00
059670
058E30
058540
057BA0
057170
056690
055B00
054EE0
054200
053490
052670
0517B0
050850
04F840
04E790
04D630
04C430
04B190
049E70
048AC0
0476A0
0461F0
044CC0
043720
0420F0
040A40
03F310
03DB60
03C330
03AA70
039140
037790
035D50
0342A0
032790
030C40
02F0A0
02D4B0
02B870
029BE0
027F10
0261E0
024470
0226A0
020890
01EA30
01CB80
01AC90
018D40
016DB0
014E10
012E60
010EA0
00EED0
00CF00
00AF20
008F30
006F40
004F30
002F20
000F00
FFEEE0
FFCEA0
FFAE60
FF8E10
FF6DC0
FF4DA0
FF2DB0
FF0E00
FEEE90
FECF50
FEB050
FE9190
FE7300
FE54B0
FE3690
FE18B0
FDFB10
FDDDA0
FDC070
FDA370
FD86C0
FD6A80
FD4EC0
FD3380
FD18D0
FCFE90
FCE4E0
FCCBA0
FCB2F0
FC9AC0
FC8310
FC6BE0
FC5530
FC3F00
FC2950
FC1430
FBFF80
FBEBA0
FBD870
FBC600
FBB450
FBA360
FB9330
FB83C0
FB7510
FB6720
FB59E0
FB4D70
FB41B0
FB36C0
FB2C80
FB2300
FB1A50
FB1280
FB0B90
FB05A0
FB00A0
FAFC80
FAF950
FAF710
FAF5C0
FAF560
FAF5E0
FAF760
FAF9C0
FAFD10
FB0150
FB0670
FB0C90
FB13B0
FB1BD0
FB24F0
FB2F20
FB3A40
FB4680
FB53B0
FB61F0
FB7130
FB8170
FB92C0
FBA500
FBB850
FBCCB0
FBE210
FBF860
FC0FD0
FC2830
FC4190
FC5BF0
FC7760
FC93D0
FCB130
FCCFA0
FCEF10
FD0F80
FD3100
FD5370
FD76E0
FD9B60
FDC0E0
FDE750
FE0EB0
FE3700
FE6020
FE8A20
FEB510
FEE0E0
FF0D90
FF3B30
FF69A0
FF9900
FFC930
FFFA50
002C60
005F40
009310
00C7B0
00FD10
013300
0169A0
01A0F0
01D8E0
021180
024AC0
0284A0
02BF30
02FA60
033640
0372D0
03AFF0
03EDD0
042C40
046B70
04AAE0
04EAB0
052AE0
056B50
05AC30
05ED50
062ED0
0670B0
06B2D0
06F560
073830
077B60
07BEF0
0802C0
084700
088B80
08D000
091470
0958E0
099D30
09E180
0A25D0
0A6A00
0AAE30
0AF250
0B3660
0B7A70
0BBE70
0C0260
0C4640
0C8A20
0CCDE0
0D1140
0D5430
0D96A0
0DD8A0
0E1A30
0E5B50
0E9C00
0EDC30
0F1C00
0F5B50
0F9A30
0FD8A0
1016A0
105420
109130
10CDE0
1109A0
1144A0
117EC0
11B800
11F080
122820
125EE0
1294D0
12C9F0
12FE30
1331A0
136430
1395F0
13C6E0
13F700
142630
145450
148140
14AD00
14D790
150100
152950
155070
157660
159B20
15BEC0
15E140
160290
1622B0
1641B0
165F80
167C20
169760
16B140
16C9C0
16E0D0
16F680
170AD0
171DB0
172F30
173F50
174E00
175B50
176740
1771C0
177AE0
1782A0
1788F0
178DD0
179120
1792F0
179350
179220
178F70
178B40
178590
177E60
1775B0
176B80
175FD0
1752A0
1743E0
1733B0
172200
170ED0
16FA30
16E410
16CC80
16B370
1698F0
167D00
165F90
1640B0
162050
15FE80
15DB30
15B670
159030
156880
153F50
1514E0
14E920
14BC20
148DC0
145E30
142D40
13FB10
13C790
1392D0
135CC0
132560
12ECB0
12B2C0
127780
123B00
11FD30
11BE60
117E90
113DD0
10FC00
10B940
107580
1030C0
0FEB10
0FA450
0F5CA0
0F13F0
0ECA40
0E7F90
0E33E0
0DE740
0D9990
0D4B60
0CFC80
0CAD10
0C5D10
0C0C70
0BBB40
0B6970
0B1710
0AC410
0A7080
0A1C50
09C780
097220
091C30
08C5A0
086E80
081730
07BFC0
076830
071080
06B8A0
0660A0
060880
05B040
0557D0
04FF40
04A690
044DC0
03F4C0
039BA0
034260
02E900
028FF0
023720
01DEB0
0186A0
012ED0
00D750
008030
002950
FFD2D0
FF7CA0
FF26C0
FED130
FE7C00
FE2710
FDD280
FD7E30
FD2AB0
FCD7E0
FC85D0
FC3480
FBE3F0
FB9420
FB4500
FAF6B0
FAA910
FA5C30
FA1010
F9C4A0
F97A00
F93010
F8E6E0
F89E70
F85720
F810D0
F7CBA0
F78780
F74470
F70280
F6C1A0
F681D0
F64310
F60560
F5C8D0
F58D50
F552F0
F51990
F4E150
F4AA20
F47440
F43FA0
F40C50
F3DA50
F3A990
F37A30
F34C00
F31F30
F2F3A0
F2C960
F2A060
F278B0
F25250
F22D40
F20970
F1E6F0
F1C5D0
F1A610
F187A0
F16AA0
F14F00
F134B0
F11BD0
F10450
F0EE20
F0D960
F0C5F0
F0B3F0
F0A340
F093F0
F08610
F07980
F06E40
F06450
F05BB0
F05460
F04E60
F049A0
F04640
F04420
F04360
F043E0
F045B0
F048C0
F04D30
F052F0
F059F0
F06250
F06BC0
F07650
F08200
F08EC0
F09CA0
F0ABB0
F0BBC0
F0CD00
F0DF60
F0F2D0
F10760
F11D10
F133D0
F14BC0
F164C0
F17EE0
F199D0
F1B590
F1D220
F1EF80
F20DB0
F22CB0
F24C80
F26D20
F28E90
F2B0D0
F2D3E0
F2F7C0
F31C70
F341F0
F36840
F38F60
F3B6F0
F3DF00
F40770
F43060
F459C0
F48390
F4ADE0
F4D8A0
F503C0
F52F70
F55B80
F58800
F5B500
F5E270
F61050
F63EB0
F66D10
F69B90
F6CA20
F6F8C0
F72770
F75640
F78510
F7B400
F7E300
F81210
F84130
F87070
F89FB0
F8CF10
F8FE80
F92E00
F95D40
F98C30
F9BAD0
F9E940
FA1750
FA4520
FA72B0
FA9FF0
FACCF0
FAF9A0
FB2600
FB5220
FB7E00
FBA990
FBD4D0
FBFFE0
FC2A50
FC5430
FC7D90
FCA650
FCCE90
FCF640
FD1D60
FD43F0
FD69F0
FD8F70
FDB450
FDD8B0
FDFC80
FE1FC0
FE4270
FE6490
FE8600
FEA6A0
FEC690
FEE5C0
FF0440
FF21F0
FF3EF0
FF5B30
FF76C0
FF9180
FFAB90
FFC4E0
FFDD70
FFF550
000C70
0022C0
003860
004D20
006130
007460
0086D0
009870
00A950
00B960
00C8A0
00D720
00E4D0
00F1C0
00FDD0
010930
0113B0
011D80
012680
012EC0
013650
013D20
014340
014890
014D30
015120
015440
0156B0
015860
015950
015990
015900
0157C0
0155D0
015340
015020
014C80
014840
014370
013E10
013830
0131B0
012AA0
012300
011AD0
011210
0108D0
00FEF0
00F480
00E980
00DE30
00D290
00C690
00BA50
00ADB0
00A0C0
009380
0085F0
007800
0069D0
005B40
004C60
003D30
002DB0
001DD0
000DB0
FFFD70
FFED30
FFDCE0
FFCC90
FFBC20
FFABB0
FF9B30
FF8AB0
FF7A10
FF6970
FF58C0
FF4810
FF3740
FF2670
FF1590
FF04B0
FEF400
FEE380
FED350
FEC350
FEB380
FEA3F0
FE94A0
FE8590
FE76B0
FE6810
FE59A0
FE4B70
FE3D80
FE2FC0
FE2240
FE1500
FE0830
FDFBC0
FDEFD0
FDE460
FDD950
FDCEB0
FDC490
FDBAD0
FDB190
FDA8C0
FDA060
FD9870
FD9100
FD89F0
FD8360
FD7D30
FD77B0
FD72B0
FD6E60
FD6A90
FD6770
FD64E0
FD62E0
FD6180
FD60C0
FD6090
FD60F0
FD61F0
FD6390
FD65C0
FD6890
FD6BF0
FD6FF0
FD74A0
FD79F0
FD7FD0
FD8660
FD8D90
FD9560
FD9DD0
FDA6F0
FDB0A0
FDBB00
FDC5F0
FDD190
FDDDD0
FDEAB0
FDF830
FE0640
FE14F0
FE2430
FE3400
FE4460
FE5550
FE66E0
FE7900
FE8BB0
FE9F00
FEB2D0
FEC740
FEDC40
FEF1D0
FF0800
FF1EB0
FF35E0
FF4D60
FF6560
FF7DC0
FF9680
FFAFB0
FFC950
FFE350
FFFDC0
001890
0033D0
004F80
006B90
008800
00A4F0
00C230
00DFB0
00FD60
011B30
013930
015770
0175D0
019460
01B320
01D210
01F130
021080
022FF0
024FA0
026F70
028F80
02AFB0
02CFD0
02EFE0
030FD0
032FA0
034F60
036F10
038EB0
03AE30
03CD90
03ECE0
040C20
042B40
044A50
046950
048830
04A6F0
04C560
04E380
050130
051E90
053B90
055840
057490
059080
05AC10
05C750
05E230
05FCB0
0616E0
0630B0
064A30
066340
067BD0
0693C0
06AB20
06C200
06D830
06EDE0
070300
071780
072B80
073EE0
0751B0
0763F0
077590
0786B0
079730
07A730
07B660
07C4F0
07D2B0
07DFD0
07EC20
07F7D0
0802B0
080CF0
081660
081F30
082730
082E90
083520
083B10
084030
0844B0
084860
084B50
084D80
084F00
084FB0
084FA0
084ED0
084D40
084B00
0847F0
084420
083F90
083A40
083430
082D60
0825E0
081DA0
0814B0
080B10
0800D0
07F5D0
07EA30
07DDD0
07D0D0
07C320
07B4B0
07A5A0
0795E0
078570
077450
076280
075000
073D00
072980
071590
070110
06EC10
06D6A0
06C0A0
06AA20
069330
067BB0
0663C0
064B50
063250
0618E0
05FEF0
05E470
05C9C0
05AED0
0593A0
057840
055C90
0540B0
052490
050820
04EB80
04CEB0
04B190
049430
0476A0
0458D0
043AC0
041C70
03FE30
03E000
03C1E0
03A3E0
0385E0
036800
034A30
032C70
030EC0
02F120
02D390
02B620
0298C0
027B60
025E20
0240F0
022420
0207B0
01EBA0
01CFF0
01B4B0
0199C0
017F40
016510
014B50
0131E0
0118E0
010040
00E800
00D020
00B8A0
00A180
008B10
007530
006010
004B80
0037A0
002460
0011D0
FFFFE0
FFEE90
FFDDF0
FFCDF0
FFBE90
FFAFE0
FFA1D0
FF9470
FF87A0
FF7BC0
FF70A0
FF6660
FF5D00
FF5470
FF4CB0
FF45C0
FF3FC0
FF3A80
FF3620
FF3290
FF2FE0
FF2E00
FF2CF0
FF2CC0
FF2D70
FF2EF0
FF3170
FF34D0
FF3910
FF3E40
FF4450
FF4B50
FF5330
FF5C00
FF65C0
FF7060
FF7BE0
FF8850
FF95A0
FFA3E0
FFB310
FFC310
FFD3F0
FFE5B0
FFF840
000BB0
002000
003530
004B30
006220
0079E0
009270
00ABF0
00C640
00E170
00FD80
011A60
013800
015640
017520
0194C0
01B500
01D5F0
01F790
0219E0
023CE0
026080
0284D0
02A9D0
02CF70
02F5C0
031CD0
034470
036C90
039500
03BDE0
03E720
0410C0
043AC0
046530
049000
04BB30
04E6D0
0512D0
053F30
056BF0
059920
05C6A0
05F4A0
062290
065090
067E90
06ACA0
06DAC0
0708D0
0736F0
076520
079350
07C180
07EFC0
081E00
084C50
087AA0
08A900
08D750
090560
093300
096050
098D40
09B9D0
09E600
0A11E0
0A3D60
0A6880
0A9340
0ABDB0
0AE7C0
0B1170
0B3AC0
0B63C0
0B8C50
0BB440
0BDB60
0C01D0
0C2780
0C4C80
0C70C0
0C9440
0CB710
0CD920
0CFA70
0D1B10
0D3AF0
0D5A20
0D7890
0D9640
0DB330
0DCF20
0DEA10
0E03F0
0E1CD0
0E34B0
0E4B80
0E6140
0E7600
0E89C0
0E9C70
0EAE20
0EBEC0
0ECE60
0EDD00
0EEA90
0EF710
0F0270
0F0C80
0F1570
0F1D20
0F23A0
0F28E0
0F2CF0
0F2FC0
0F3160
0F31D0
0F3100
0F2F00
0F2BD0
0F2760
0F21B0
0F1AE0
0F12C0
0F0950
0EFEB0
0EF2C0
0EE590
0ED710
0EC750
0EB650
0EA410
0E9080
0E7BB0
0E6590
0E4E40
0E35A0
0E1BB0
0E0090
0DE430
0DC6B0
0DA810
0D8830
0D6730
0D4500
0D21A0
0CFD20
0CD770
0CB090
0C8890
0C5F50
0C3500
0C0970
0BDCC0
0BAED0
0B8000
0B5040
0B1F90
0AEDF0
0ABB50
0A87D0
0A5360
0A1DF0
09E7A0
09B050
097810
093EF0
0904D0
08C9C0
088DC0
0850E0
081350
07D530
079680
075730
071740
06D6C0
0695B0
065400
0611B0
05CED0
058B60
054750
0502A0
04BD60
047790
043110
03EA70
03A3A0
035CB0
031580
02CE20
0286A0
023EE0
01F700
01AEF0
0166B0
011E40
00D5A0
008CD0
0043D0
FFFAB0
FFB150
FF6840
FF1F70
FED6D0
FE8E80
FE4680
FDFEB0
FDB720
FD6FE0
FD28D0
FCE210
FC9B90
FC5550
FC0F50
FBC990
FB8420
FB3EE0
FAFA60
FAB680
FA7340
FA30C0
F9EEE0
F9ADB0
F96D30
F92D60
F8EE30
F8AFB0
F871E0
F834C0
F7F840
F7BC80
F78160
F746E0
F70D70
F6D500
F69D90
F66720
F631B0
F5FD40
F5C9E0
F59770
F56600
F535A0
F50640
F4D7D0
F4AA70
F47E10
F452B0
F42840
F3FF20
F3D740
F3B090
F38B20
F366E0
F343F0
F32230
F301B0
F2E270
F2C460
F2A7A0
F28C10
F271B0
F258A0
F240C0
F22A20
F214D0
F200D0
F1EE30
F1DCE0
F1CCD0
F1BE20
F1B0C0
F1A4C0
F19A00
F190A0
F18880
F181C0
F17C50
F17830
F17570
F173F0
F173C0
F174E0
F17740
F17AE0
F17FD0
F18610
F18D90
F19650
F1A060
F1ABC0
F1B850
F1C640
F1D570
F1E5E0
F1F7A0
F20AB0
F21ED0
F23410
F24A60
F261D0
F27A60
F29400
F2AEC0
F2CAA0
F2E790
F305A0
F324D0
F34510
F36670
F388F0
F3AC80
F3D130
F3F6C0
F41D10
F44440
F46C40
F49520
F4BED0
F4E950
F514A0
F540D0
F56DD0
F59BA0
F5CA40
F5F9C0
F62A10
F65B40
F68D30
F6BFB0
F6F2B0
F72620
F75A20
F78EA0
F7C390
F7F910
F82F10
F86580
F89C80
F8D400
F90BF0
F94470
F97D70
F9B6E0
F9F0E0
FA2B00
FA6540
FA9FB0
FADA40
FB14F0
FB4FC0
FB8AC0
FBC5E0
FC0130
FC3CA0
FC7830
FCB3F0
FCEFC0
FD2BD0
FD67F0
FDA440
FDE060
FE1C50
FE5820
FE93B0
FECF20
FF0A60
FF4580
FF8060
FFBB20
FFF5B0
003010
006A50
00A450
00DE30
0117E0
015170
018A80
01C320
01FB50
023310
026A60
02A140
02D7B0
030DB0
034330
037850
03AD00
03E130
041500
044850
047B30
04ADB0
04DF80
0510C0
054160
057170
05A0E0
05CFB0
05FDF0
062B90
065890
068500
06B0D0
06DC00
0706A0
0730A0
075A00
0782D0
07AAF0
07D260
07F920
081F30
0844A0
086960
088D60
08B0D0
08D380
08F580
0916E0
093790
095780
0976E0
099580
09B370
09D0C0
09ED70
0A0980
0A24E0
0A3FA0
0A59C0
0A7340
0A8C10
0AA440
0ABBD0
0AD2C0
0AE900
0AFEA0
0B1390
0B27F0
0B3BA0
0B4ED0
0B6170
0B7390
0B8520
0B9630
0BA6B0
0BB6B0
0BC620
0BD500
0BE370
0BF140
0BFEA0
0C0B60
0C17B0
0C2360
0C2EA0
0C3970
0C43F0
0C4E00
0C57C0
0C6120
0C6A30
0C72D0
0C7B20
0C8310
0C8AA0
0C91D0
0C98A0
0C9F20
0CA530
0CAAF0
0CB050
0CB580
0CBA90
0CBF60
0CC410
0CC890
0CCCE0
0CD100
0CD500
0CD8D0
0CDC70
0CDFE0
0CE320
0CE640
0CE930
0CEBE0
0CEE80
0CF110
0CF390
0CF620
0CF8A0
0CFB20
0CFDA0
0D0020
0D02A0
0D0510
0D0790
0D0A00
0D0C60
0D0ED0
0D1140
0D13A0
0D1600
0D1880
0D1B20
0D1DE0
0D20B0
0D23A0
0D26C0
0D29F0
0D2D40
0D30B0
0D3430
0D37E0
0D3BA0
0D3F80
0D4380
0D47A0
0D4BE0
0D5040
0D54D0
0D5980
0D5E60
0D6370
0D68A0
0D6E00
0D7380
0D7930
0D7F00
0D8500
0D8B20
0D9170
0D97F0
0D9E90
0DA560
0DAC50
0DB360
0DBA90
0DC1F0
0DC970
0DD110
0DD8E0
0DE0C0
0DE8D0
0DF100
0DF960
0E01D0
0E0A70
0E1330
0E1C20
0E2520
0E2E30
0E3750
0E4070
0E49A0
0E52D0
0E5C10
0E6550
0E6E90
0E77E0
0E8140
0E8AA0
0E9410
0E9D80
0EA700
0EB080
0EBA00
0EC370
0ECCC0
0ED5E0
0EDEF0
0EE7E0
0EF0B0
0EF960
0F01F0
0F0A60
0F12B0
0F1AE0
0F22F0
0F2AE0
0F32B0
0F3A60
0F4200
0F4940
0F5030
0F56D0
0F5D20
0F6320
0F68E0
0F6E40
0F7350
0F7810
0F7C80
0F80A0
0F8460
0F87E0
0F8B10
0F8DF0
0F9080
0F9290
0F9420
0F9530
0F95C0
0F95D0
0F9560
0F9470
0F9300
0F9110
0F8EB0
0F8BC0
0F8850
0F8470
0F8000
0F7B20
0F75B0
0F6FB0
0F6900
0F61A0
0F59B0
0F5110
0F47D0
0F3DF0
0F3370
0F2840
0F1C70
0F1000
0F02F0
0EF530
0EE6D0
0ED7D0
0EC830
0EB7D0
0EA6B0
0E94F0
0E8260
0E6F20
0E5B20
0E4670
0E3110
0E1AF0
0E0410
0DEC80
0DD430
0DBB30
0DA170
0D8700
0D6BD0
0D4FF0
0D3360
0D1620
0CF820
0CD980
0CBA20
0C9A10
0C7950
0C57D0
0C35B0
0C12D0
0BEF50
0BCB10
0BA610
0B8070
0B5A20
0B3330
0B0BB0
0AE390
0ABAE0
0A91A0
0A67C0
0A3D50
0A1240
09E6A0
09BA70
098DA0
096040
093240
0903B0
08D490
08A4D0
0874B0
084440
081360
07E230
07B090
077EA0
074C40
071990
06E670
06B300
067F30
064B00
061670
05E180
05AC30
057680
0540B0
050AD0
04D4D0
049EC0
0468A0
043260
03FC00
03C590
038F00
035860
0321A0
02EAD0
02B3E0
027CE0
0245C0
020E90
01D790
01A0E0
016A60
013410
00FE10
00C840
0092C0
005D70
002850
FFF380
FFBEE0
FF8A80
FF5660
FF2280
FEEED0
FEBB70
FE8890
FE5640
FE2490
FDF360
FDC2C0
FD92C0
FD6340
FD3450
FD0600
FCD830
FCAB00
FC7E50
FC5240
FC26C0
FBFBC0
FBD160
FBA7D0
FB7F20
FB5750
FB3050
FB0A30
FAE4E0
FAC070
FA9CE0
FA7A30
FA5850
FA3740
FA1720
F9F7D0
F9D960
F9BBC0
F99F00
F98350
F968B0
F94F20
F936A0
F91F40
F908E0
F8F390
F8DF50
F8CC30
F8BA10
F8A900
F89910
F88A20
F87C50
F86F80
F863D0
F85940
F84FE0
F847A0
F84090
F83AB0
F835F0
F83260
F83000
F82EC0
F82EB0
F82FC0
F83210
F83570
F83A10
F83FD0
F846B0
F84EC0
F857F0
F86250
F86DD0
F87A70
F88830
F89720
F8A730
F8B860
F8CAB0
F8DE30
F8F2D0
F90890
F91F80
F93790
F950C0
F96AF0
F98620
F9A240
F9BF60
F9DD80
F9FC90
FA1CA0
FA3DB0
FA5FC0
FA82C0
FAA6C0
FACBC0
FAF1C0
FB18B0
FB40A0
FB6980
FB9320
FBBD80
FBE890
FC1450
FC40D0
FC6E00
FC9BE0
FCCA80
FCF9D0
FD29E0
FD5AA0
FD8C10
FDBE40
FDF130
FE24C0
FE5920
FE8DC0
FEC2D0
FEF830
FF2DE0
FF63F0
FF9A60
FFD120
000840
003FC0
007790
00AFC0
00E840
012120
015A60
0193F0
01CDE0
0207C0
024190
027B50
02B500
02EEA0
032840
0361C0
039B40
03D4B0
040E10
044760
0480A0
04B9D0
04F2F0
052C00
056510
059DA0
05D5B0
060D50
064480
067B30
06B160
06E720
071C70
075140
0785A0
07B980
07ECF0
081FE0
085260
088460
08B5F0
08E6A0
091680
094590
0973D0
09A130
09CDB0
09F970
0A2450
0A4E50
0A7790
0A9FF0
0AC770
0AEE20
0B1400
0B3910
0B5D40
0B8060
0BA250
0BC330
0BE300
0C01A0
0C1F30
0C3BB0
0C5700
0C7140
0C8A60
0CA260
0CB950
0CCF20
0CE3D0
0CF770
0D09E0
0D1B20
0D2B10
0D39C0
0D4730
0D5360
0D5E40
0D67E0
0D7040
0D7760
0D7D30
0D81D0
0D8520
0D8720
0D87F0
0D8770
0D85B0
0D82B0
0D7E60
0D78C0
0D71E0
0D69C0
0D6050
0D55A0
0D49A0
0D3C60
0D2DE0
0D1E10
0D0CF0
0CFA90
0CE6F0
0CD200
0CBBC0
0CA460
0C8BE0
0C7230
0C5750
0C3B50
0C1E30
0BFFD0
0BE060
0BBFB0
0B9DE0
0B7AF0
0B56D0
0B3190
0B0B20
0AE380
0ABAC0
0A9110
0A6680
0A3B00
0A0EA0
09E150
09B320
098400
095400
092310
08F130
08BE80
088AD0
085640
0820C0
07EA60
07B320
077B40
0742D0
0709D0
06D050
069630
065B80
062040
05E470
05A810
056B10
052D90
04EF80
04B0E0
0471A0
0431E0
03F180
03B100
037050
032F80
02EE80
02AD50
026C00
022A70
01E8D0
01A6F0
0164F0
0122D0
00E070
009DF0
005B50
001870
FFD580
FF92B0
FF5030
FF0DF0
FECBF0
FE8A20
FE48A0
FE0750
FDC640
FD8570
FD44E0
FD0490
FCC480
FC84B0
FC4510
FC05C0
FBC6A0
FB8820
FB4A40
FB0D00
FAD050
FA9440
FA58D0
FA1DF0
F9E3B0
F9AA10
F97110
F938A0
F900D0
F8C9A0
F89300
F85D10
F827A0
F7F330
F7BF90
F78CE0
F75B20
F72A40
F6FA40
F6CB20
F69CF0
F66FA0
F64340
F617C0
F5ED20
F5C370
F59AA0
F572B0
F54BB0
F525C0
F500E0
F4DD10
F4BA50
F498B0
F47810
F45890
F43A20
F41CC0
F40070
F3E540
F3CB10
F3B200
F39A00
F38300
F36D30
F35870
F344D0
F33250
F320F0
F310B0
F30190
F2F390
F2E6A0
F2DAE0
F2D040
F2C6C0
F2BE60
F2B720
F2B100
F2AC00
F2A810
F2A540
F2A370
F2A2A0
F2A2E0
F2A430
F2A680
F2A9E0
F2AE40
F2B3B0
F2BA20
F2C1A0
F2CA30
F2D3C0
F2DE60
F2EA00
F2F6B0
F30430
F31290
F321B0
F331C0
F34290
F35440
F366D0
F37A20
F38E50
F3A360
F3B940
F3CFF0
F3E770
F3FFD0
F41900
F43310
F44DA0
F468C0
F48470
F4A0A0
F4BD60
F4DAB0
F4F890
F516F0
F535E0
F55560
F57570
F59600
F5B720
F5D8D0
F5FB00
F61DC0
F640B0
F663E0
F68740
F6AAD0
F6CEA0
F6F290
F716C0
F73B30
F75FC0
F78490
F7A990
F7CED0
F7F430
F819D0
F83FA0
F865B0
F88B90
F8B150
F8D6E0
F8FC60
F921B0
F946D0
F96BE0
F990C0
F9B580
F9DA10
F9FE80
FA22D0
FA4700
FA6B00
FA8EF0
FAB2A0
FAD5F0
FAF8C0
FB1B20
FB3D00
FB5E70
FB7F70
FB9FF0
FBC000
FBDFA0
FBFEC0
FC1D70
FC3BB0
FC5970
FC76C0
FC9390
FCB000
FCCBB0
FCE6A0
FD00F0
FD1A90
FD3370
FD4BA0
FD6320
FD79F0
FD9000
FDA570
FDBA20
FDCE20
FDE170
FDF410
FE05F0
FE1730
FE2790
FE3710
FE45C0
FE5390
FE6090
FE6CC0
FE7810
FE8280
FE8C20
FE94F0
FE9CE0
FEA400
FEAA40
FEAFA0
FEB440
FEB7F0
FEBAD0
FEBCD0
FEBE00
FEBE40
FEBDB0
FEBC40
FEB9F0
FEB6D0
FEB2D0
FEADE0
FEA830
FEA190
FE9A20
FE91C0
FE8890
FE7E90
FE73C0
FE6820
FE5BD0
FE4EB0
FE40C0
FE3220
FE22B0
FE1280
FE0190
FDEFD0
FDDD50
FDCA00
FDB600
FDA130
FD8BA0
FD7540
FD5E60
FD46E0
FD2ED0
FD1630
FCFD00
FCE340
FCC8F0
FCAE00
FC9290
FC7680
FC59F0
FC3CC0
FC1F00
FC00B0
FBE1D0
FBC260
FBA2A0
FB8290
FB6240
FB41A0
FB20B0
FAFF80
FADE00
FABC30
FA9A20
FA77C0
FA5510
FA3210
FA0ED0
F9EB40
F9C760
F9A340
F97F20
F95B00
F936F0
F912F0
F8EEF0
F8CAF0
F8A700
F88310
F85F20
F83B40
F81770
F7F3A0
F7CFD0
F7AC10
F78850
F764A0
F74140
F71E40
F6FBA0
F6D950
F6B760
F695D0
F674A0
F653C0
F63340
F61310
F5F340
F5D3D0
F5B4C0
F59600
F577A0
F55990
F53C30
F51F70
F50360
F4E7F0
F4CD20
F4B2F0
F49970
F48090
F46860
F450D0
F439E0
F42390
F40DF0
F3F8F0
F3E490
F3D0E0
F3BE00
F3AC10
F39AF0
F38AC0
F37B60
F36CE0
F35F40
F35280
F34690
F33B90
F33160
F32820
F31FB0
F31820
F31170
F30BA0
F306D0
F30300
F30020
F2FE50
F2FD70
F2FD90
F2FEB0
F300C0
F303E0
F307F0
F30D00
F31310
F31A20
F32230
F32B30
F33540
F34040
F34C40
F35950
F36750
F37660
F38670
F39770
F3A980
F3BC90
F3D0A0
F3E5B0
F3FBC0
F412D0
F42AE0
F443F0
F45E00
F47900
F494E0
F4B1A0
F4CF60
F4EDF0
F50D70
F52DE0
F54F20
F57160
F59480
F5B880
F5DD70
F60340
F62A00
F651A0
F67A30
F6A370
F6CD60
F6F810
F72370
F74F80
F77C40
F7A9C0
F7D7F0
F806D0
F83670
F866C0
F897C0
F8C970
F8FBE0
F92F00
F962E0
F99720
F9CBD0
FA00E0
FA3670
FA6C60
FAA2B0
FAD980
FB10B0
FB4850
FB8060
FBB8D0
FBF1B0
FC2B00
FC64C0
FC9EE0
FCD980
FD1420
FD4EE0
FD89B0
FDC4A0
FDFFA0
FE3AB0
FE75D0
FEB110
FEEC70
FF27D0
FF6350
FF9EF0
FFDAA0
001660
005230
008E20
00C9D0
010530
014050
017B40
01B5E0
01F040
022A60
026430
029DD0
02D720
031030
034900
038190
03B9E0
03F1F0
0429B0
0460E0
049780
04CD90
050300
0537D0
056C20
059FD0
05D2E0
060560
063750
0668B0
069970
06C9A0
06F930
072830
0756A0
078430
07B0E0
07DCC0
0807B0
0831E0
085B20
088390
08AB20
08D1D0
08F7B0
091CA0
0940D0
096410
098680
09A810
09C8C0
09E870
0A0700
0A2490
0A4110
0A5C80
0A76F0
0A9040
0AA890
0ABFD0
0AD600
0AEB20
0AFF40
0B1240
0B2440
0B3530
0B4510
0B53D0
0B6160
0B6DE0
0B7920
0B8350
0B8C50
0B9430
0B9AF0
0BA080
0BA4F0
0BA840
0BAA60
0BAB60
0BAB40
0BA9F0
0BA780
0BA3F0
0B9F40
0B9960
0B9270
0B8A50
0B8110
0B76B0
0B6B30
0B5E80
0B50C0
0B41D0
0B31C0
0B2090
0B0E40
0AFAC0
0AE630
0AD090
0AB9E0
0AA240
0A8990
0A6FD0
0A5510
0A3950
0A1C80
09FEB0
09DFD0
09BFF0
099F10
097D30
095A30
093640
091140
08EB70
08C4D0
089D50
087510
084BF0
082200
07F730
07CBA0
079F30
077200
0743F0
071500
06E550
06B4C0
068370
065140
061E70
05EB20
05B740
0582D0
054DD0
051840
04E210
04AB60
047410
043C40
0403D0
03CAE0
039150
035740
031C90
02E150
02A5D0
026A10
022E10
01F1C0
01B540
017870
013B60
00FE10
00C070
0082A0
004480
000620
FFC780
FF88A0
FF4970
FF0A10
FECAB0
FE8B60
FE4C20
FE0CE0
FDCDC0
FD8EA0
FD4F90
FD1090
FCD1A0
FC92B0
FC53D0
FC1510
FBD640
FB9790
FB58F0
FB1A50
FADC10
FA9E30
FA60A0
FA2370
F9E690
F9AA10
F96DF0
F93220
F8F6B0
F8BB90
F880E0
F84670
F80C70
F7D2B0
F79960
F76060
F72800
F6F030
F6B910
F68280
F64C80
F61720
F5E270
F5AE40
F57AC0
F547D0
F51580
F4E3C0
F4B2A0
F48220
F45240
F422F0
F3F470
F3C6C0
F399E0
F36DD0
F34290
F31820
F2EE70
F2C5A0
F29D90
F27660
F24FF0
F22A50
F20580
F1E180
F1BE50
F19BE0
F17A70
F159F0
F13A50
F11BB0
F0FDF0
F0E130
F0C560
F0AA70
F09080
F07770
F05F60
F04830
F03200
F01CB0
F00850
EFF4F0
EFE280
EFD110
EFC0A0
EFB130
EFA2B0
EF9530
EF88C0
EF7D40
EF72C0
EF6930
EF60B0
EF5920
EF52A0
EF4D10
EF4880
EF44E0
EF4250
EF40B0
EF4010
EF4060
EF41B0
EF4400
EF4740
EF4B80
EF50C0
EF56F0
EF5E20
EF6650
EF6F70
EF7990
EF84A0
EF90C0
EF9DB0
EFAB90
EFBA50
EFCA00
EFDA90
EFEC00
EFFE60
F01190
F025C0
F03AC0
F050B0
F06780
F07F40
F097E0
F0B160
F0CBC0
F0E6F0
F102E0
F11F90
F13D10
F15B50
F17A50
F19A10
F1BAA0
F1DBF0
F1FE00
F220E0
F24480
F268E0
F28E00
F2B3F0
F2DA90
F301E0
F329C0
F35230
F37B30
F3A4D0
F3CF10
F3F9E0
F42540
F45140
F47DD0
F4AB00
F4D8C0
F50720
F53610
F565A0
F595B0
F5C640
F5F730
F62880
F65A30
F68C50
F6BED0
F6F1C0
F72510
F758C0
F78CE0
F7C160
F7F650
F82BA0
F86150
F89770
F8CDF0
F904A0
F93B80
F972A0
F9A9E0
F9E150
FA18F0
FA50C0
FA88D0
FAC100
FAF960
FB3200
FB6AC0
FBA3B0
FBDCE0
FC1630
FC4FC0
FC8940
FCC2C0
FCFC40
FD35B0
FD6F20
FDA890
FDE200
FE1B60
FE54C0
FE8E20
FEC780
FF00D0
FF3A20
FF7370
FFACC0
FFE600
001F10
0057F0
009090
00C900
010130
013930
0170F0
01A880
01DFE0
021700
024DF0
0284A0
02BB20
02F170
032780
035D60
0392D0
03C7E0
03FC90
0430E0
0464C0
049840
04CB60
04FE10
053060
056250
0593E0
05C500
05F5C0
062610
065610
0685A0
06B4A0
06E310
071100
073E60
076B30
079780
07C340
07EE70
081910
084330
086CC0
0895C0
08BE30
08E620
090D70
093450
095A70
097FE0
09A4B0
09C8D0
09EC40
0A0F00
0A3110
0A5270
0A7330
0A9340
0AB2A0
0AD150
0AEF50
0B0CA0
0B2950
0B4540
0B6080
0B7AF0
0B94A0
0BAD80
0BC5A0
0BDD00
0BF3A0
0C0970
0C1E90
0C32D0
0C4660
0C5920
0C6B20
0C7C60
0C8CD0
0C9C80
0CAB60
0CB960
0CC690
0CD2F0
0CDE70
0CE930
0CF300
0CFC10
0D0440
0D0BA0
0D1220
0D17D0
0D1CB0
0D20B0
0D23F0
0D2640
0D27D0
0D2870
0D2840
0D2740
0D2560
0D22A0
0D1F10
0D1AA0
0D1560
0D0F40
0D0840
0D0070
0CF7C0
0CEE40
0CE3E0
0CD8B0
0CCCA0
0CBFC0
0CB210
0CA380
0C9420
0C83F0
0C72E0
0C6100
0C4E50
0C3AC0
0C2660
0C1130
0BFB30
0BE450
0BCCA0
0BB410
0B9AD0
0B80C0
0B65F0
0B4A60
0B2E00
0B10F0
0AF310
0AD470
0AB510
0A94E0
0A7400
0A5250
0A2FE0
0A0CB0
09E8C0
09C400
099EA0
0978A0
0951F0
092AA0
0902A0
08DA00
08B0C0
0886D0
085C30
0830F0
080510
07D880
07AB50
077D80
074F00
071FD0
06F030
06C010
068F60
065E40
062CA0
05FA80
05C7F0
0594D0
056130
052D20
04F880
04C370
048DD0
0457C0
042130
03EA20
03B2C0
037B10
034320
030AD0
02D240
029960
026030
0226C0
01ECF0
01B2E0
017870
013DC0
0102C0
00C780
008BE0
005000
001400
FFD7F0
FF9BD0
FF5F90
FF2340
FEE6E0
FEAA60
FE6DE0
FE3130
FDF480
FDB7B0
FD7AD0
FD3DD0
FD00D0
FCC3B0
FC8670
FC4970
FC0C80
FBCFD0
FB9340
FB56D0
FB1A90
FADE80
FAA290
FA66D0
FA2B40
F9EFD0
F9B480
F97960
F93E70
F903B0
F8C900
F88ED0
F854F0
F81B90
F7E280
F7A9E0
F771A0
F739D0
F70260
F6CB50
F694B0
F65E70
F628A0
F5F320
F5BE20
F58970
F55540
F521A0
F4EEA0
F4BC30
F48A70
F45950
F428D0
F3F8F0
F3C9A0
F39B00
F36CF0
F33F90
F312C0
F2E6A0
F2BB10
F29020
F265E0
F23C60
F213B0
F1EBC0
F1C4B0
F19E60
F178E0
F15430
F13050
F10D40
F0EAF0
F0C970
F0A8C0
F088E0
F069D0
F04B80
F02E10
F01180
EFF5E0
EFDB30
EFC170
EFA8A0
EF90C0
EF79D0
EF63D0
EF4EB0
EF3A90
EF2760
EF1510
EF03C0
EEF350
EEE3D0
EED550
EEC7C0
EEBB30
EEAFA0
EEA500
EE9B70
EE92E0
EE8B40
EE84A0
EE7F10
EE7A70
EE76D0
EE7420
EE7280
EE71E0
EE7230
EE7390
EE75E0
EE7920
EE7D70
EE82A0
EE88E0
EE9010
EE9840
EEA160
EEAB80
EEB6A0
EEC2B0
EECFC0
EEDDD0
EEECD0
EEFCD0
EF0DC0
EF1FA0
EF3250
EF45F0
EF5A70
EF6FD0
EF8610
EF9D30
EFB540
EFCE20
EFE7E0
F00290
F01E20
F03A90
F057D0
F07600
F09520
F0B4E0
F0D560
F0F690
F11880
F13B20
F15E80
F18290
F1A750
F1CCD0
F1F310
F219F0
F24190
F269F0
F29300
F2BCC0
F2E740
F31230
F33DB0
F369A0
F39610
F3C300
F3F060
F41E40
F44CB0
F47B80
F4AAE0
F4DAC0
F50B10
F53BE0
F56D30
F59F00
F5D140
F603C0
F63680
F66970
F69CA0
F6D000
F703A0
F73780
F76B90
F79FE0
F7D460
F80920
F83E20
F87350
F8A8B0
F8DE60
F91430
F94A00
F97FD0
F9B580
F9EB20
FA20C0
FA5650
FA8BD0
FAC140
FAF6B0
FB2C00
FB6150
FB9690
FBCBC0
FC00F0
FC3600
FC6B10
FC9FC0
FCD430
FD0850
FD3C10
FD6F80
FDA2B0
FDD580
FE0800
FE3A30
FE6C10
FE9DA0
FECEE0
FEFFD0
FF3070
FF60C0
FF90B0
FFC020
FFEF10
001D70
004B40
007880
00A540
00D170
00FD20
012840
0152D0
017CD0
01A650
01CF50
01F7B0
021F90
0246F0
026D90
029380
02B8C0
02DD40
030120
032440
0346B0
036870
038980
03A9E0
03C980
03E870
0406B0
042440
044120
045D40
0478A0
049340
04AD10
04C610
04DE50
04F5D0
050C70
052260
053780
054BD0
055F60
057220
058420
059560
05A5C0
05B570
05C450
05D260
05DFB0
05EC30
05F7F0
0602F0
060D20
061690
061F30
062710
062E20
063470
0639F0
063EB0
0642B0
0645E0
064860
064A30
064B40
064BB0
064B70
064A70
0648C0
064660
064350
063F90
063B20
0635F0
063020
062990
062250
061A70
0611F0
0608F0
05FF60
05F550
05EAA0
05DF80
05D3C0
05C780
05BAC0
05AD60
059F80
059110
058220
0572A0
0562A0
055200
054120
052FE0
051E40
050C50
04FA10
04E770
04D480
04C140
04ADA0
0499B0
048560
0470C0
045BD0
044680
0430D0
041AE0
0404C0
03EE90
03D840
03C1E0
03AB50
0394B0
037DF0
036720
035030
033920
0321F0
030AA0
02F340
02DBC0
02C430
02AC70
0294E0
027D60
026610
024ED0
0237B0
0220B0
0209D0
01F300
01DC60
01C5E0
01AF70
019920
0182F0
016CF0
015700
014120
012BA0
011670
010190
00ECF0
00D8A0
00C4B0
00B100
009DA0
008A90
0077D0
006560
005340
004160
002FE0
001EA0
000DC0
FFFD40
FFED40
FFDDA0
FFCE80
FFBFD0
FFB190
FFA3C0
FF9670
FF8980
FF7D00
FF7100
FF6570
FF5A50
FF4F90
FF4550
FF3B90
FF3240
FF2970
FF2130
FF1970
FF1220
FF0B60
FF0530
FEFF70
FEFA30
FEF580
FEF150
FEEDA0
FEEA70
FEE7C0
FEE590
FEE3F0
FEE2C0
FEE220
FEE1F0
FEE250
FEE330
FEE480
FEE660
FEE8B0
FEEB90
FEEEF0
FEF2D0
FEF720
FEFC00
FF0160
FF0740
FF0D90
FF1460
FF1B90
FF2320
FF2B20
FF3390
FF3C60
FF45A0
FF4F40
FF5950
FF63C0
FF6EA0
FF79E0
FF8590
FF91B0
FF9E30
FFAB20
FFB850
FFC5C0
FFD370
FFE160
FFEFA0
FFFE10
000CD0
001BD0
002B20
003AA0
004A60
005A70
006AC0
007B50
008C20
009D40
00AE60
00BFA0
00D0E0
00E240
00F3B0
010530
0116C0
012860
013A20
014BE0
015DC0
016FA0
0181A0
0193B0
01A5D0
01B800
01CA00
01DBF0
01EDB0
01FF60
0210E0
022230
023370
024490
025580
026650
027700
028790
0297F0
02A830
02B860
02C850
02D800
02E750
02F660
030500
031360
032160
032F10
033C70
034970
035620
036280
036E80
037A30
038590
0390A0
039B50
03A590
03AF40
03B880
03C140
03C990
03D150
03D8A0
03DF70
03E5C0
03EB90
03F0F0
03F5C0
03FA20
03FE00
040170
040450
0406A0
040860
040990
040A20
040A20
040990
040860
0406B0
040450
040170
03FDF0
03F9E0
03F540
03F000
03EA30
03E3D0
03DCD0
03D530
03CD00
03C430
03BAC0
03B0C0
03A620
039AE0
038F00
038290
037580
0367E0
035990
034AB0
033B40
032B20
031A80
030950
02F7A0
02E560
02D290
02BF30
02AB40
0296D0
0281D0
026C50
025630
023F90
022860
0210B0
01F870
01DFA0
01C660
01ACC0
0192B0
017830
015D50
014200
012640
010A20
00ED90
00D090
00B330
009560
007720
005880
003970
0019F0
FFFA40
FFDA50
FFBA20
FF99C0
FF7920
FF5850
FF3730
FF15F0
FEF460
FED2A0
FEB0A0
FE8E60
FE6BF0
FE4950
FE2660
FE0340
FDE020
FDBCF0
FD99D0
FD76A0
FD5380
FD3050
FD0D20
FCE9F0
FCC6C0
FCA390
FC8060
FC5D20
FC39F0
FC16B0
FBF370
FBD040
FBAD30
FB8A70
FB67E0
FB4590
FB2380
FB01A0
FAE000
FABE90
FA9D70
FA7C80
FA5BC0
FA3B50
FA1B10
F9FB00
F9DB30
F9BBA0
F99C90
F97DE0
F95FB0
F941F0
F924A0
F907C0
F8EB60
F8CF70
F8B3F0
F898E0
F87E40
F86420
F84A70
F83130
F81860
F80010
F7E850
F7D140
F7BAD0
F7A4F0
F78FC0
F77B30
F76740
F753E0
F74130
F72F20
F71DB0
F70CE0
F6FCB0
F6ED20
F6DE30
F6CFE0
F6C250
F6B580
F6A970
F69E20
F69390
F689C0
F680A0
F67850
F670C0
F669F0
F663D0
F65E80
F659E0
F65610
F652F0
F650A0
F64F10
F64E50
F64E50
F64F30
F650D0
F65330
F65670
F65A70
F65F40
F664E0
F66B40
F67270
F67A70
F68330
F68CD0
F69720
F6A250
F6AE30
F6BAE0
F6C860
F6D690
F6E590
F6F550
F705E0
F71730
F72940
F73C20
F74FC0
F76420
F77950
F78F40
F7A5F0
F7BD50
F7D560
F7EE20
F80790
F821A0
F83C70
F857E0
F87400
F890D0
F8AE50
F8CC70
F8EB50
F90AD0
F92B00
F94BE0
F96D70
F98F80
F9B220
F9D540
F9F8F0
FA1D20
FA41D0
FA6710
FA8CD0
FAB320
FAD9F0
FB0150
FB2930
FB51A0
FB7A90
FBA400
FBCE00
FBF850
FC2300
FC4E10
FC7960
FCA520
FCD130
FCFD90
FD2A50
FD5760
FD84D0
FDB2A0
FDE0B0
FE0F30
FE3E00
FE6D20
FE9CA0
FECC40
FEFC00
FF2BF0
FF5C00
FF8C30
FFBC80
FFECF0
001D90
004E50
007F30
00B040
00E160
0112B0
014420
0175B0
01A770
01D910
020AB0
023C40
026DC0
029F30
02D0A0
0301F0
033340
036470
0395A0
03C6C0
03F7D0
0428D0
0459D0
048AB0
04BB90
04EC30
051C90
054CC0
057CA0
05AC60
05DBD0
060B10
063A10
0668D0
069760
06C5B0
06F3C0
0721A0
074F40
077CA0
07A9C0
07D690
080300
082F10
085AC0
088610
08B100
08DBA0
0905D0
092FB0
095930
098250
09AB10
09D380
09FB80
0A2330
0A4A70
0A7150
0A97B0
0ABD90
0AE310
0B0800
0B2C90
0B50A0
0B7440
0B9760
0BBA10
0BDC40
0BFE10
0C1F50
0C4030
0C6090
0C8070
0C9FE0
0CBEC0
0CDD20
0CFB00
0D1860
0D3540
0D5190
0D6D60
0D88B0
0DA380
0DBDD0
0DD7A0
0DF0E0
0E09A0
0E21F0
0E39A0
0E50E0
0E6790
0E7DD0
0E9370
0EA8A0
0EBD40
0ED160
0EE4F0
0EF810
0F0AA0
0F1CA0
0F2E30
0F3F30
0F4FB0
0F5FA0
0F6F20
0F7E10
0F8C80
0F9A80
0FA7F0
0FB4F0
0FC160
0FCD60
0FD8E0
0FE3E0
0FEE60
0FF860
1001E0
100AE0
101360
101B60
1022E0
1029F0
103090
1036C0
103C80
1041C0
1046A0
104B00
104EF0
105270
105580
105820
105A40
105C00
105D40
105E10
105E70
105E70
105E00
105D30
105BF0
105A50
105850
1055F0
105320
104FE0
104C50
104850
1043E0
103F20
1039E0
103450
102E50
102800
102150
101A50
101300
100B50
100340
0FFAF0
0FF240
0FE930
0FDFD0
0FD620
0FCC10
0FC1B0
0FB700
0FABF0
0FA090
0F94E0
0F88E0
0F7CA0
0F7010
0F6340
0F5620
0F48B0
0F3B00
0F2D00
0F1EB0
0F1020
0F0140
0EF210
0EE2A0
0ED2E0
0EC2D0
0EB290
0EA210
0E9150
0E8050
0E6F10
0E5DA0
0E4BE0
0E39F0
0E27C0
0E1560
0E02B0
0DEFD0
0DDCB0
0DC950
0DB5B0
0DA1D0
0D8DC0
0D7980
0D6510
0D5060
0D3B90
0D2680
0D1140
0CFBC0
0CE620
0CD040
0CBA30
0CA3E0
0C8D70
0C76C0
0C5FE0
0C48D0
0C3190
0C1A30
0C02A0
0BEAF0
0BD310
0BBB10
0BA2E0
0B8A80
0B7200
0B5960
0B4090
0B2790
0B0E70
0AF530
0ADBB0
0AC220
0AA860
0A8E90
0A74B0
0A5AA0
0A4080
0A2650
0A0BF0
09F180
09D6F0
09BC50
09A190
0986B0
096BC0
0950B0
093580
091A40
08FEF0
08E390
08C830
08ACC0
089150
0875D0
085A40
083EB0
082310
080770
07EBC0
07D000
07B440
079870
077CA0
0760B0
0744E0
072920
070D60
06F1B0
06D610
06BA80
069F00
068380
066820
064CC0
063170
061620
05FAF0
05DFC0
05C4B0
05A9A0
058EB0
0573F0
055950
053ED0
052480
050A60
04F060
04D680
04BCC0
04A330
0489D0
047080
045760
043E70
0425A0
040CF0
03F490
03DC70
03C490
03AD00
0395B0
037EB0
0367F0
035170
033B40
032550
030FB0
02FA50
02E530
02D060
02BBD0
02A780
0293A0
028020
026D00
025A50
0247F0
023600
022480
021350
020290
01F230
01E230
01D2A0
01C370
01B4A0
01A630
019830
018AB0
017DA0
017120
016530
0159B0
014EB0
014440
013A40
0130D0
0127E0
011F70
011780
011010
010920
0102C0
00FCD0
00F780
00F2D0
00EEB0
00EB20
00E830
00E5D0
00E410
00E2E0
00E240
00E240
00E2E0
00E400
00E5D0
00E830
00EB20
00EEA0
00F2D0
00F7A0
00FD10
010320
0109E0
011130
011930
0121D0
012B10
0134F0
013F80
014AA0
015670
0162E0
016FF0
017DA0
018BF0
019AE0
01AA70
01BAA0
01CB70
01DCE0
01EEF0
020190
0214E0
0228C0
023D50
025270
026830
027EA0
0295A0
02AD40
02C570
02DE20
02F760
031130
032B80
034660
0361D0
037DC0
039A40
03B740
03D4D0
03F2F0
041190
0430C0
045080
0470C0
049170
04B280
04D3F0
04F5C0
051800
053AA0
055DB0
058120
05A4F0
05C920
05EDC0
0612C0
063820
065DF0
068420
06AAB0
06D170
06F870
071F90
0746E0
076E60
079610
07BDF0
07E5F0
080E30
0836A0
085F30
088800
08B100
08DA20
090370
092D00
095670
097FD0
09A920
09D270
09FBA0
0A24C0
0A4DD0
0A76D0
0A9FC0
0AC8A0
0AF170
0B1A30
0B42E0
0B6B70
0B9400
0BBC80
0BE4A0
0C0C70
0C33E0
0C5AF0
0C81B0
0CA820
0CCE20
0CF3E0
0D1930
0D3E30
0D62E0
0D8730
0DAB20
0DCEC0
0DF210
0E14F0
0E3740
0E58F0
0E7A00
0E9A80
0EBA50
0ED980
0EF820
0F1620
0F3370
0F5030
0F6C50
0F87E0
0FA2C0
0FBD00
0FD6B0
0FEFB0
1007E0
101F30
1035B0
104B50
106010
1073F0
108700
109930
10AA80
10BB00
10CAA0
10D960
10E740
10F450
110080
110BD0
111620
111F60
1127B0
112EE0
113510
113A40
113E60
114180
1143A0
1144B0
1144B0
1143B0
1141B0
113EA0
113A90
113580
112F40
1127F0
111F80
1115F0
110B40
10FF80
10F290
10E490
10D570
10C530
10B3D0
10A150
108DC0
107910
106340
104C50
103440
101B20
1000E0
0FE590
0FC920
0FAB90
0F8CF0
0F6D40
0F4C60
0F2A80
0F0770
0EE350
0EBE20
0E97D0
0E7060
0E47E0
0E1E60
0DF3F0
0DC880
0D9C20
0D6EC0
0D4070
0D1120
0CE0E0
0CAFA0
0C7D60
0C4A40
0C1610
0BE0F0
0BAAE0
0B73D0
0B3BD0
0B0310
0AC990
0A8F50
0A5450
0A1890
09DC20
099EE0
0960F0
092240
08E2D0
08A2B0
0861C0
082020
07DDC0
079A90
0756C0
071270
06CDB0
068890
064300
05FD00
05B690
056FC0
052870
04E0C0
0498B0
045020
040720
03BDC0
0373F0
0329B0
02DF10
029450
024990
01FEB0
01B3D0
0168E0
011DE0
00D2D0
0087B0
003C80
FFF140
FFA5F0
FF5AA0
FF0F30
FEC3C0
FE7840
FE2CA0
FDE170
FD9680
FD4BF0
FD01B0
FCB7D0
FC6E40
FC2500
FBDC20
FB93A0
FB4B60
FB0380
FABC00
FA74C0
FA2DE0
F9E760
F9A130
F95BB0
F916F0
F8D2E0
F88F80
F84CE0
F80AF0
F7C9B0
F78930
F74960
F70A40
F6CBE0
F68E30
F65130
F614F0
F5D960
F59E90
F564C0
F52BF0
F4F430
F4BD70
F487C0
F45310
F41F60
F3ECC0
F3BB30
F38AA0
F35B10
F32C90
F2FF10
F2D2A0
F2A730
F27CC0
F253A0
F22BC0
F20520
F1DFC0
F1BBA0
F198C0
F17720
F156C0
F137B0
F119D0
F0FD40
F0E1F0
F0C7E0
F0AF10
F09780
F08130
F06C40
F058B0
F04680
F035B0
F02640
F01830
F00B80
F00030
EFF630
EFEDA0
EFE670
EFE090
EFDC20
EFD900
EFD750
EFD6F0
EFD7F0
EFDA50
EFDE10
EFE330
EFE9A0
EFF170
EFFAA0
F00520
F01110
F01E50
F02CF0
F03CF0
F04E50
F06100
F07510
F08A80
F0A130
F0B910
F0D230
F0EC80
F10810
F124E0
F142E0
F16220
F182A0
F1A450
F1C740
F1EB60
F210C0
F23760
F25F30
F28840
F2B250
F2DD60
F30960
F33660
F36450
F39340
F3C330
F3F420
F42600
F458E0
F48CC0
F4C190
F4F760
F52E30
F56600
F59EC0
F5D830
F61240
F64CF0
F68850
F6C450
F70100
F73E50
F77C40
F7BAE0
F7FA20
F83A10
F87AA0
F8BBD0
F8FDB0
F94030
F98360
F9C6D0
FA0A80
FA4E70
FA92A0
FAD720
FB1BE0
FB60E0
FBA620
FBEBB0
FC3180
FC7790
FCBDE0
FD0480
FD4B50
FD9270
FDD9E0
FE2120
FE6840
FEAF30
FEF610
FF3CD0
FF8360
FFC9D0
001020
005650
009C60
00E250
012810
016DC0
01B340
01F8A0
023DF0
0282A0
02C6E0
030AA0
034DD0
039090
03D2C0
041470
0455A0
049650
04D680
051620
055550
0593F0
05D210
060FC0
064CD0
068920
06C4A0
06FF50
073920
077230
07AA70
07E1D0
081860
084E30
088320
08B740
08EA90
091D10
094EC0
097FA0
09AFA0
09DEA0
0A0CA0
0A3990
0A6570
0A9050
0ABA20
0AE2E0
0B0AA0
0B3150
0B56F0
0B7B90
0B9F20
0BC1B0
0BE320
0C03A0
0C2300
0C4140
0C5E60
0C7A50
0C9520
0CAED0
0CC740
0CDEA0
0CF4D0
0D09D0
0D1DB0
0D3070
0D4200
0D5260
0D61B0
0D6FC0
0D7CC0
0D8880
0D9330
0D9CA0
0DA500
0DAC30
0DB230
0DB710
0DBAC0
0DBD50
0DBEC0
0DBF00
0DBE10
0DBC00
0DB8D0
0DB470
0DAEE0
0DA850
0DA0B0
0D9800
0D8E50
0D8390
0D77C0
0D6AE0
0D5D00
0D4E10
0D3E10
0D2D00
0D1AF0
0D07D0
0CF3A0
0CDE60
0CC820
0CB100
0C9900
0C8040
0C6690
0C4C10
0C30B0
0C1480
0BF780
0BD9A0
0BBAE0
0B9B50
0B7AE0
0B59A0
0B3780
0B1480
0AF0C0
0ACC50
0AA760
0A81D0
0A5BB0
0A34F0
0A0DA0
09E5C0
09BD50
099440
096AA0
094060
091590
08EA30
08BE40
0891B0
086490
083720
080970
07DB80
07AD40
077EB0
074FE0
0720C0
06F160
06C1C0
0691D0
066190
063110
060050
05CF40
059DE0
056C50
053AB0
050910
04D780
04A600
047470
0442F0
041170
03DFF0
03AE70
037D00
034B90
031A30
02E8C0
02B760
028600
0254B0
0223A0
01F2E0
01C260
019230
016250
0132B0
010370
00D460
00A5B0
007740
004920
001B40
FFEDC0
FFC070
FF9380
FF66D0
FF3AA0
FF0F00
FEE3D0
FEB930
FE8F10
FE6570
FE3C50
FE13C0
FDEBA0
FDC400
FD9CF0
FD7660
FD5050
FD2AC0
FD05B0
FCE130
FCBD50
FC9A10
FC7780
FC5590
FC3450
FC13C0
FBF3D0
FBD480
FBB5E0
FB97F0
FB7AA0
FB5DF0
FB41F0
FB26A0
FB0BF0
FAF1E0
FAD890
FAC000
FAA820
FA90F0
FA7A80
FA64D0
FA4FD0
FA3B80
FA27F0
FA1520
FA0300
F9F190
F9E0E0
F9D0F0
F9C1B0
F9B320
F9A550
F99830
F98BC0
F98000
F974F0
F96AA0
F96100
F95810
F94FD0
F94850
F94170
F93B50
F935E0
F93130
F92D20
F929D0
F92710
F92500
F92380
F922A0
F92260
F922B0
F923B0
F92540
F92770
F92A40
F92DB0
F931B0
F93650
F93BA0
F94180
F947F0
F94EF0
F95660
F95E40
F966A0
F96F80
F978D0
F98290
F98CE0
F99790
F9A2D0
F9AE70
F9BAA0
F9C740
F9D450
F9E1E0
F9EFF0
F9FE40
FA0CE0
FA1BD0
FA2B10
FA3A90
FA4A60
FA5A80
FA6AF0
FA7BB0
FA8CB0
FA9E00
FAAFA0
FAC180
FAD3C0
FAE640
FAF910
FB0C00
FB1F00
FB3220
FB4560
FB58C0
FB6C40
FB7FD0
FB9380
FBA750
FBBB40
FBCF40
FBE370
FBF7B0
FC0C00
FC2080
FC3510
FC49A0
FC5E10
FC7280
FC86D0
FC9B20
FCAF60
FCC380
FCD7A0
FCEBB0
FCFFB0
FD13A0
FD2790
FD3B60
FD4F20
FD62E0
FD7680
FD8A00
FD9D40
FDB050
FDC320
FDD5D0
FDE840
FDFA80
FE0C90
FE1E70
FE3010
FE4180
FE52C0
FE63D0
FE74B0
FE8550
FE95D0
FEA5F0
FEB5D0
FEC570
FED4B0
FEE3B0
FEF270
FF00D0
FF0F00
FF1CD0
FF2A60
FF37A0
FF44A0
FF5150
FF5DB0
FF69C0
FF7590
FF8110
FF8C40
FF9710
FFA190
FFABB0
FFB590
FFBF10
FFC840
FFD110
FFD990
FFE1C0
FFE9A0
FFF120
FFF850
FFFF30
0005C0
000BF0
0011E0
001770
001CB0
0021A0
002640
002A90
002E90
003240
0035A0
0038B0
003B60
003DD0
003FE0
0041A0
004320
004450
004540
0045F0
004650
004680
004670
004610
004570
004490
004370
004210
004070
003E90
003C60
003A00
003750
003480
003180
002E60
002B10
0027A0
002400
002030
001C40
001830
0013F0
000F80
000AF0
000640
000150
FFFC50
FFF710
FFF1E0
FFEC90
FFE740
FFE1F0
FFDC90
FFD720
FFD1B0
FFCC30
FFC6A0
FFC110
FFBB80
FFB5E0
FFB030
FFAA80
FFA4C0
FF9EF0
FF9940
FF93B0
FF8E20
FF88B0
FF8360
FF7E20
FF78F0
FF73E0
FF6EE0
FF69F0
FF6520
FF6060
FF5BC0
FF5730
FF52C0
FF4E50
FF4A20
FF4630
FF4260
FF3ED0
FF3B70
FF3840
FF3550
FF3280
FF2FF0
FF2D90
FF2B70
FF2970
FF27B0
FF2620
FF24D0
FF23A0
FF22D0
FF2240
FF21F0
FF2200
FF2250
FF22E0
FF23D0
FF2500
FF2680
FF2850
FF2A60
FF2CC0
FF2F70
FF3260
FF35A0
FF3930
FF3D10
FF4160
FF45F0
FF4AF0
FF5040
FF55F0
FF5BF0
FF6260
FF6910
FF7030
FF77A0
FF7F70
FF87A0
FF9020
FF9900
FFA230
FFABD0
FFB5C0
FFC020
FFCAD0
FFD5F0
FFE160
FFED40
FFF970
000600
001300
002050
002E00
003C10
004A90
005960
006890
007820
008800
009850
00A8E0
00B9E0
00CB30
00DCE0
00EEF0
010150
011400
012720
013A90
014E60
016280
017710
018BE0
01A110
01B680
01CC50
01E250
01F8B0
020F60
022650
023D90
025520
026CF0
028520
029D90
02B650
02CF50
02E8B0
030250
031C30
033640
035080
036B00
0385C0
03A0A0
03BBC0
03D720
03F2B0
040E70
042A70
0446A0
046310
047FB0
049C80
04B990
04D6B0
04F400
051160
052EE0
054C80
056A30
058800
05A5F0
05C400
05E230
060070
061ED0
063D50
065BF0
067AA0
069980
06B850
06D720
06F5F0
0714C0
073390
075260
077130
079000
07AED0
07CDA0
07EC70
080B30
082A00
0848D0
086790
088660
08A510
08C390
08E210
090060
091E90
093CB0
095AB0
097890
099650
09B400
09D190
09EEF0
0A0C50
0A2980
0A4690
0A6390
0A8050
0A9CE0
0AB930
0AD550
0AF130
0B0CE0
0B2850
0B4390
0B5E90
0B7960
0B93F0
0BAE50
0BC880
0BE270
0BFC20
0C15A0
0C2ED0
0C47C0
0C6050
0C78A0
0C90A0
0CA850
0CBFB0
0CD6C0
0CED90
0D0410
0D1A40
0D3020
0D45B0
0D5AF0
0D6FF0
0D84A0
0D98F0
0DACE0
0DC070
0DD3B0
0DE680
0DF900
0E0B20
0E1CD0
0E2E40
0E3F40
0E4FE0
0E6030
0E7010
0E7FA0
0E8ED0
0E9DA0
0EAC10
0EBA10
0EC7A0
0ED4D0
0EE190
0EEDF0
0EF9E0
0F0570
0F1090
0F1B40
0F2590
0F2F80
0F3900
0F4210
0F4AC0
0F5300
0F5AE0
0F6240
0F6940
0F6FC0
0F75E0
0F7B90
0F80E0
0F85B0
0F8A20
0F8E10
0F91A0
0F94C0
0F9770
0F99B0
0F9B80
0F9CF0
0F9DE0
0F9E70
0F9E90
0F9E30
0F9D70
0F9C40
0F9AA0
0F9890
0F9620
0F9330
0F8FD0
0F8C10
0F87D0
0F8330
0F7E20
0F7890
0F72B0
0F6C50
0F6590
0F5E60
0F56D0
0F4ED0
0F4660
0F3D90
0F3450
0F2AB0
0F20A0
0F1620
0F0B30
0EFFE0
0EF430
0EE800
0EDB80
0ECE90
0EC140
0EB390
0EA580
0E9710
0E8830
0E78F0
0E6950
0E5950
0E48F0
0E3820
0E26F0
0E1560
0E0370
0DF120
0DDE70
0DCB70
0DB810
0DA460
0D9050
0D7BE0
0D6720
0D5210
0D3CA0
0D26E0
0D10C0
0CFA40
0CE380
0CCC50
0CB4D0
0C9D00
0C84E0
0C6C70
0C53B0
0C3AA0
0C2150
0C07B0
0BEDC0
0BD380
0BB900
0B9E30
0B8310
0B67A0
0B4BF0
0B2FE0
0B1390
0AF700
0ADA20
0ABD00
0A9FB0
0A8220
0A6450
0A4640
0A27F0
0A0960
09EA90
09CB90
09AC50
098CD0
096D00
094D10
092CD0
090C50
08EBB0
08CAD0
08A9D0
0888A0
086740
0845B0
0823F0
080200
07DFF0
07BDA0
079B30
077890
0755B0
0732B0
070F80
06EC30
06C8B0
06A520
068170
065DA0
0639B0
0615B0
05F180
05CD50
05A8F0
058470
055FE0
053B30
051660
04F180
04CC80
04A750
048230
045D00
0437C0
041280
03ED30
03C7D0
03A270
037D10
0357A0
033220
030CA0
02E710
02C170
029BE0
027630
025080
022AE0
020540
01DFB0
01BA30
0194C0
016F50
0149F0
0124A0
00FF50
00DA20
00B4E0
008FC0
006AB0
0045A0
0020A0
FFFBA0
FFD6D0
FFB220
FF8D90
FF6920
FF44E0
FF20C0
FEFCB0
FED8D0
FEB510
FE9180
FE6E00
FE4AB0
FE2780
FE0470
FDE180
FDBEB0
FD9C20
FD79D0
FD57B0
FD35C0
FD1420
FCF2A0
FCD170
FCB070
FC8FB0
FC6F20
FC4ED0
FC2EB0
FC0ED0
FBEF30
FBCFC0
FBB090
FB91B0
FB7320
FB54E0
FB36F0
FB1950
FAFC00
FADF00
FAC250
FAA5F0
FA89E0
FA6E20
FA52C0
FA37A0
FA1CD0
FA0260
F9E830
F9CE70
F9B510
F99C10
F98380
F96B50
F95380
F93C20
F92520
F90E80
F8F850
F8E270
F8CD10
F8B800
F8A360
F88F20
F87B40
F867E0
F854F0
F84280
F83090
F81F00
F80E00
F7FD60
F7ED50
F7DDB0
F7CE80
F7BFD0
F7B190
F7A3C0
F79680
F789A0
F77D50
F77170
F76620
F75B50
F75110
F74740
F73E00
F73550
F72D10
F72570
F71E40
F717A0
F71180
F70BE0
F706C0
F70230
F6FE30
F6FAB0
F6F7B0
F6F550
F6F370
F6F220
F6F160
F6F130
F6F180
F6F260
F6F3D0
F6F5D0
F6F850
F6FB70
F6FF10
F70330
F707F0
F70D30
F71300
F71960
F72040
F727B0
F72FB0
F73840
F74150
F74B00
F75530
F75FE0
F76B30
F77700
F78360
F79040
F79DC0
F7ABB0
F7BA30
F7C940
F7D8C0
F7E8D0
F7F960
F80A80
F81C20
F82E40
F840E0
F85410
F867C0
F87BF0
F890B0
F8A5E0
F8BBB0
F8D1E0
F8E890
F8FFB0
F91750
F92F60
F947E0
F960E0
F97A50
F99440
F9AE90
F9C970
F9E4B0
FA0070
FA1CA0
FA3950
FA5670
FA73F0
FA91D0
FAB010
FACEB0
FAEDB0
FB0D00
FB2CC0
FB4CE0
FB6D60
FB8E30
FBAF70
FBD110
FBF310
FC1560
FC3820
FC5B30
FC7E90
FCA230
FCC610
FCEA40
FD0EA0
FD3350
FD5840
FD7D80
FDA2F0
FDC8B0
FDEEB0
FE14F0
FE3B70
FE6240
FE8950
FEB0A0
FED810
FEFFB0
FF2770
FF4F50
FF7750
FF9F80
FFC7D0
FFF040
0018E0
004190
006A80
009380
00BCA0
00E5F0
010F60
013900
016290
018C30
01B5D0
01DF70
020920
0232C0
025C70
028620
02AFE0
02D990
030350
032D10
0356D0
038090
03AA60
03D430
03FDE0
042770
0450F0
047A40
04A380
04CCA0
04F5A0
051E90
054750
057000
059890
05C110
05E960
0611A0
0639B0
0661C0
068980
06B110
06D860
06FF70
072650
074CF0
077360
079990
07BF80
07E530
080AB0
083000
085500
0879D0
089E70
08C2C0
08E6D0
090A80
092DE0
0950F0
0973B0
099620
09B830
09D9F0
09FB60
0A1C80
0A3D50
0A5DC0
0A7DE0
0A9DB0
0ABD30
0ADC60
0AFB20
0B1980
0B3780
0B5510
0B7240
0B8F00
0BAB60
0BC760
0BE2F0
0BFE20
0C18F0
0C3350
0C4D50
0C66F0
0C8020
0C98E0
0CB140
0CC920
0CE0A0
0CF7A0
0D0E30
0D2450
0D3A00
0D4F30
0D6400
0D7850
0D8C30
0D9FA0
0DB2A0
0DC530
0DD750
0DE8F0
0DFA20
0E0AE0
0E1B20
0E2AE0
0E3A40
0E4910
0E5770
0E6560
0E72D0
0E7FD0
0E8C50
0E9860
0EA3F0
0EAF10
0EB9C0
0EC3E0
0ECDA0
0ED6E0
0EDFA0
0EE7F0
0EEFC0
0EF720
0EFE10
0F0480
0F0A70
0F0FF0
0F1500
0F1990
0F1DA0
0F2140
0F2470
0F2720
0F2960
0F2B30
0F2C90
0F2D70
0F2DF0
0F2DF0
0F2D90
0F2CB0
0F2B60
0F29A0
0F2770
0F24D0
0F21B0
0F1E30
0F1A30
0F15D0
0F10F0
0F0BC0
0F0610
0F0010
0EF990
0EF2B0
0EEB60
0EE3B0
0EDBA0
0ED310
0ECA20
0EC0D0
0EB710
0EACE0
0EA250
0E9760
0E8C00
0E8050
0E7440
0E67D0
0E5B10
0E4DF0
0E4070
0E3290
0E2460
0E15D0
0E06E0
0DF790
0DE7E0
0DD7E0
0DC780
0DB6D0
0DA5C0
0D9470
0D82C0
0D70D0
0D5E90
0D4BF0
0D3910
0D25E0
0D1270
0CFEA0
0CEA80
0CD610
0CC160
0CAC50
0C9700
0C8160
0C6B80
0C5560
0C3F00
0C2860
0C1180
0BFA60
0BE300
0BCB70
0BB390
0B9B80
0B8330
0B6A90
0B51C0
0B38B0
0B1F60
0B05D0
0AEC10
0AD220
0AB810
0A9DC0
0A8340
0A68A0
0A4DC0
0A32C0
0A1780
09FC20
09E080
09C4C0
09A8D0
098CB0
097060
0953D0
093740
091A80
08FDA0
08E0A0
08C390
08A650
088900
086B90
084E00
083050
081280
07F490
07D690
07B860
079A20
077BB0
075D40
073EC0
072040
0701A0
06E300
06C450
06A590
0686D0
0667F0
064910
062A20
060B30
05EC20
05CD10
05ADF0
058EC0
056FA0
055080
053160
051250
04F340
04D440
04B540
049640
047750
045860
043970
041A90
03FBC0
03DCF0
03BE20
039F50
0380B0
036210
0343A0
032540
030700
02E8E0
02CAD0
02ACE0
028F00
027140
0253A0
023620
0218B0
01FB60
01DE20
01C110
01A420
018760
016AD0
014E70
013230
011630
00FA60
00DEB0
00C340
00A7F0
008CE0
0071F0
005730
003CA0
002250
000820
FFEE30
FFD480
FFBB20
FFA210
FF8930
FF70A0
FF5850
FF4050
FF2890
FF1110
FEF9D0
FEE2E0
FECC30
FEB5D0
FE9FA0
FE89D0
FE7440
FE5F10
FE4A40
FE35C0
FE21A0
FE0DD0
FDFA60
FDE750
FDD490
FDC220
FDB010
FD9E60
FD8D00
FD7BF0
FD6B50
FD5AF0
FD4B10
FD3B90
FD2C80
FD1DD0
FD0F90
FD01C0
FCF460
FCE760
FCDAD0
FCCEA0
FCC2E0
FCB790
FCACB0
FCA230
FC9820
FC8E70
FC8540
FC7C90
FC7450
FC6C80
FC6530
FC5E50
FC57F0
FC5200
FC4C80
FC4780
FC4300
FC3EF0
FC3B50
FC3830
FC3580
FC3350
FC3190
FC3060
FC2FA0
FC2F70
FC2FB0
FC3070
FC31B0
FC3370
FC35A0
FC3860
FC3BA0
FC3F50
FC4390
FC4840
FC4D70
FC5320
FC5950
FC6000
FC6720
FC6EC0
FC76F0
FC7F80
FC88A0
FC9240
FC9C50
FCA6E0
FCB1F0
FCBD80
FCC990
FCD610
FCE310
FCF0A0
FCFE90
FD0CF0
FD1BC0
FD2B10
FD3AC0
FD4AF0
FD5B90
FD6CA0
FD7E20
FD9010
FDA270
FDB550
FDC890
FDDC40
FDF070
FE0510
FE1A00
FE2F60
FE4510
FE5B20
FE7190
FE8860
FE9F80
FEB710
FECEF0
FEE730
FEFFD0
FF18C0
FF3220
FF4BD0
FF65E0
FF8050
FF9B00
FFB5F0
FFD120
FFEC90
000840
002430
004060
005CE0
007990
009680
00B3B0
00D130
00EEE0
010CD0
012B10
014980
016820
0186D0
01A5A0
01C490
01E3A0
0202C0
022210
024180
026100
0280A0
02A070
02C050
02E050
030060
0320A0
034100
036150
038190
03A1D0
03C200
03E230
040250
042260
044270
046280
048270
04A260
04C250
04E230
050200
0521C0
054190
056120
058080
059FB0
05BEA0
05DD70
05FC10
061A80
0638C0
0656D0
0674A0
069250
06AFD0
06CD20
06EA30
070720
0723D0
074040
075C50
077810
079380
07AE90
07C960
07E3D0
07FDF0
0817C0
083140
084A70
086340
087BC0
0893F0
08ABD0
08C360
08DA80
08F130
090770
091D40
0932B0
0947B0
095C40
097060
098410
099760
09AA40
09BCB0
09CEB0
09E040
09F170
0A0220
0A1260
0A2220
0A3170
0A4030
0A4E80
0A5C50
0A69B0
0A7680
0A82E0
0A8EC0
0A9A30
0AA510
0AAF80
0AB970
0AC2E0
0ACBE0
0AD450
0ADC50
0AE3D0
0AEAC0
0AF140
0AF740
0AFCC0
0B01C0
0B0640
0B0A40
0B0DC0
0B10C0
0B1350
0B1550
0B16D0
0B17E0
0B1870
0B1890
0B1840
0B1770
0B1640
0B1490
0B1270
0B0FD0
0B0CD0
0B0950
0B0560
0B0100
0AFC30
0AF6E0
0AF130
0AEB00
0AE470
0ADD80
0AD640
0ACE90
0AC690
0ABE40
0AB580
0AAC60
0AA2F0
0A9920
0A8EF0
0A8460
0A7980
0A6E40
0A6290
0A56A0
0A4A60
0A3DE0
0A3130
0A2440
0A1710
0A09B0
09FC10
09EE30
09E010
09D1B0
09C320
09B450
09A540
099600
098680
0976B0
0966E0
0956F0
0946E0
0936D0
092690
091640
0905E0
08F560
08E4D0
08D420
08C360
08B280
08A190
089080
087F60
086E30
085D00
084BE0
083AD0
0829C0
0818D0
0807E0
07F6F0
07E620
07D550
07C4A0
07B3F0
07A340
0792B0
078220
0771A0
076130
0750E0
0740C0
0730D0
072110
071170
0701F0
06F2B0
06E390
06D490
06C5C0
06B720
06A8B0
069A60
068C40
067E40
067080
0662F0
065590
064880
063BB0
062F10
0622B0
061690
060AB0
05FF10
05F3B0
05E880
05DD90
05D2F0
05C880
05BE50
05B450
05AAA0
05A140
059810
058F30
058690
057E30
057620
056E40
0566B0
055F70
055860
0551A0
054B20
0544E0
053EF0
053930
0533C0
052E80
052970
0524A0
052000
051BA0
051780
051390
050FE0
050C60
050920
050610
050340
0500A0
04FE40
04FC20
04FA10
04F830
04F670
04F4C0
04F340
04F1E0
04F0A0
04EF80
04EE80
04EDA0
04ECE0
04EC40
04EBC0
04EB60
04EB20
04EB10
04EAF0
04EAC0
04EAA0
04EA70
04EA40
04EA00
04E9C0
04E980
04E940
04E8F0
04E8A0
04E850
04E7F0
04E790
04E730
04E6D0
04E630
04E570
04E480
04E350
04E200
04E080
04DED0
04DCF0
04DAE0
04D8A0
04D630
04D390
04D0C0
04CDC0
04CA90
04C740
04C380
04BF70
04BB10
04B640
04B120
04ABA0
04A5D0
049FA0
049910
049220
048AE0
048340
047B50
047300
046A50
046140
0457C0
044DB0
044330
043830
042CA0
0420A0
041420
040720
03F9A0
03EBA0
03DD30
03CE30
03BEB0
03AEC0
039E40
038D50
037BC0
0369A0
0356E0
034390
032FB0
031B40
030630
02F080
02DA50
02C380
02AC20
029420
027B90
026260
0248B0
022E50
021370
01F7E0
01DBC0
01BF00
01A1B0
0183C0
016530
014610
012640
0105F0
00E4F0
00C360
00A130
007E70
005B10
003710
001290
FFED80
FFC7F0
FFA1D0
FF7B30
FF5410
FF2C60
FF0420
FEDB60
FEB210
FE8840
FE5DF0
FE3310
FE07B0
FDDBC0
FDAF40
FD8270
FD5530
FD27A0
FCF9A0
FCCB40
FC9C90
FC6D70
FC3DF0
FC0E10
FBDDD0
FBAD30
FB7C30
FB4AD0
FB1900
FAE6E0
FAB460
FA81B0
FA4EE0
FA1BF0
F9E8D0
F9B590
F98230
F94EB0
F91B00
F8E730
F8B340
F87F20
F84AE0
F81680
F7E1F0
F7AD50
F77870
F743C0
F70F40
F6DAD0
F6A680
F67260
F63E60
F60A80
F5D6C0
F5A320
F56FB0
F53C50
F50920
F4D610
F4A320
F47050
F43DB0
F40B70
F3D9B0
F3A850
F37770
F34700
F316F0
F2E760
F2B840
F28990
F25B50
F22D80
F20030
F1D340
F1A6C0
F17AC0
F14F20
F12440
F0FA20
F0D0B0
F0A800
F08010
F058D0
F03250
F00C80
EFE780
EFC320
EF9F80
EF7CA0
EF5A80
EF3910
EF1860
EEF860
EED960
EEBB50
EE9E40
EE8220
EE66F0
EE4CC0
EE3380
EE1B40
EE03E0
EDED90
EDD830
EDC3C0
EDB040
ED9DC0
ED8C40
ED7BA0
ED6C30
ED5DD0
ED5090
ED4470
ED3970
ED2F80
ED26C0
ED1F10
ED1880
ED1300
ED0EB0
ED0B70
ED0950
ED0850
ED0860
ED09A0
ED0BF0
ED0F70
ED1420
ED19E0
ED20D0
ED28E0
ED3220
ED3C80
ED4800
ED54A0
ED6270
ED7160
ED8180
ED92B0
EDA510
EDB8A0
EDCD30
EDE2D0
EDF980
EE1150
EE2A20
EE4400
EE5EF0
EE7AF0
EE9800
EEB620
EED550
EEF590
EF16E0
EF3940
EF5CB0
EF8120
EFA680
EFCCB0
EFF3B0
F01BA0
F04450
F06DF0
F09860
F0C3A0
F0EFD0
F11CC0
F14AA0
F17950
F1A8D0
F1D940
F20A70
F23C90
F26F30
F2A260
F2D610
F30A60
F33F30
F37490
F3AA80
F3E100
F41800
F44F90
F487B0
F4C060
F4F990
F53360
F56DB0
F5A880
F5E390
F61EC0
F65A20
F695B0
F6D160
F70D40
F74940
F78580
F7C1E0
F7FE70
F83B20
F87800
F8B510
F8F240
F92FB0
F96D30
F9AA90
F9E7A0
FA2480
FA6120
FA9D80
FAD9B0
FB15A0
FB5150
FB8CD0
FBC810
FC0310
FC3DE0
FC7870
FCB2C0
FCECD0
FD26B0
FD5FF0
FD9890
FDD090
FE0800
FE3EC0
FE74F0
FEAA80
FEDF70
FF13D0
FF4780
FF7AA0
FFAD20
FFDF00
001050
0040F0
007100
00A020
00CE50
00FB90
0127E0
015340
017DC0
01A750
01CFF0
01F7A0
021E60
024430
026910
028D10
02B020
02D240
02F370
031370
033260
035030
036CD0
038860
03A2C0
03BC00
03D420
03EB20
040100
0415C0
042950
043BD0
044D20
045D50
046C70
047A40
0486F0
049260
049CA0
04A5A0
04AD80
04B420
04B980
04BDB0
04C0B0
04C280
04C310
04C270
04C0A0
04BD90
04B960
04B400
04AD70
04A5D0
049D10
049330
048830
047C00
046EC0
046060
0450D0
044030
042E60
041B70
040770
03F240
03DBF0
03C4C0
03AC90
039380
037990
035EB0
0342E0
032620
030870
02E9E0
02CA70
02AA00
0288B0
026670
024340
021F30
01FA30
01D4A0
01AE70
0187B0
016050
013870
010FF0
00E6D0
00BD20
0092E0
006810
003CA0
0010A0
FFE400
FFB6D0
FF8910
FF5AB0
FF2C30
FEFD70
FECE90
FE9F80
FE7040
FE40D0
FE1130
FDE160
FDB170
FD8140
FD50F0
FD2070
FCEFB0
FCBED0
FC8DC0
FC5C90
FC2B90
FBFAD0
FBCA60
FB9A20
FB6A30
FB3A80
FB0B10
FADBE0
FAACF0
FA7E40
FA4FD0
FA21A0
F9F3C0
F9C610
F998B0
F96B90
F93F10
F91340
F8E820
F8BDA0
F893D0
F86AB0
F84230
F81A60
F7F340
F7CCC0
F7A6F0
F781C0
F75D40
F73970
F71640
F6F3D0
F6D240
F6B1C0
F69240
F673B0
F65630
F639A0
F61E10
F60380
F5E9E0
F5D150
F5B9B0
F5A310
F58D70
F578D0
F56530
F55290
F54120
F530E0
F521D0
F51400
F50750
F4FBE0
F4F1B0
F4E8A0
F4E0D0
F4DA30
F4D4C0
F4D080
F4CD80
F4CBA0
F4CB00
F4CBA0
F4CD70
F4D090
F4D4E0
F4DA80
F4E160
F4E980
F4F2E0
F4FD80
F50970
F51690
F52500
F534B0
F545A0
F557D0
F56B40
F57FF0
F595D0
F5ACE0
F5C510
F5DE70
F5F900
F614B0
F63190
F64FA0
F66EE0
F68F40
F6B0C0
F6D380
F6F760
F71C70
F742A0
F76A10
F79250
F7BB90
F7E5B0
F810C0
F83CC0
F869A0
F89770
F8C620
F8F5C0
F92650
F957D0
F98A30
F9BD80
F9F1B0
FA26E0
FA5CE0
FA9380
FACAB0
FB0260
FB3AB0
FB7380
FBACE0
FBE6D0
FC2150
FC5C60
FC9800
FCD430
FD10E0
FD4E30
FD8C00
FDCA60
FE0950
FE4860
FE8790
FEC6D0
FF0640
FF45C0
FF8570
FFC530
000510
004500
008520
00C560
0105B0
014620
0186C0
01C770
020830
0248B0
0288D0
02C890
030800
034720
0385E0
03C440
040250
044010
047D70
04BA70
04F720
053380
056F80
05AB20
05E680
062100
065AD0
0693E0
06CC20
0703A0
073A50
077050
07A580
07D9F0
080DA0
084090
0872B0
08A410
08D4B0
090490
0933A0
0961A0
098E80
09BA40
09E4F0
0A0E80
0A36F0
0A5E50
0A8490
0AA9B0
0ACDC0
0AF0B0
0B1280
0B3330
0B52D0
0B7150
0B8EC0
0BAAD0
0BC5A0
0BDF10
0BF740
0C0E10
0C23A0
0C37E0
0C4AD0
0C5C60
0C6CB0
0C7BB0
0C8960
0C95C0
0CA0D0
0CAA90
0CB300
0CBA10
0CBFC0
0CC410
0CC710
0CC8A0
0CC8D0
0CC7A0
0CC520
0CC130
0CBBF0
0CB540
0CAD40
0CA3D0
0C9910
0C8CE0
0C7F60
0C7090
0C6080
0C4F30
0C3C90
0C28C0
0C13A0
0BFD30
0BE590
0BCCA0
0BB260
0B96F0
0B7A30
0B5C30
0B3CF0
0B1C60
0AFA90
0AD7C0
0AB3E0
0A8EF0
0A6910
0A4210
0A1A10
09F110
09C700
099BF0
096FD0
0942B0
091490
08E550
08B520
0883E0
085190
081EA0
07EB00
07B6B0
0781B0
074C10
0715B0
06DEB0
06A700
066EB0
0635A0
05FBF0
05C190
058680
054AD0
050E70
04D150
049400
045670
0418A0
03DA80
039C20
035D90
031EB0
02DF90
02A030
026090
0220B0
01E090
01A030
015F80
011EA0
00DD70
009C70
005BA0
001B00
FFDA80
FF9A30
FF5A10
FF1A10
FEDA50
FE9AA0
FE5B30
FE1BE0
FDDCD0
FD9DD0
FD5F10
FD2070
FCE200
FCA420
FC66D0
FC2A10
FBEDD0
FBB230
FB7720
FB3CA0
FB02A0
FAC940
FA9070
FA5820
FA2070
F9E940
F9B2B0
F97CA0
F94730
F91290
F8DED0
F8ABE0
F879D0
F848A0
F81840
F7E8C0
F7BA20
F78C50
F75F60
F73350
F70810
F6DDB0
F6B420
F68B80
F663A0
F63CE0
F61720
F5F260
F5CEC0
F5AC10
F58A70
F569E0
F54A60
F52BE0
F50E60
F4F1F0
F4D690
F4BC30
F4A2E0
F48A90
F47350
F45D20
F44800
F433F0
F420E0
F40EF0
F3FE10
F3EE40
F3DF80
F3D1C0
F3C520
F3B990
F3AF10
F3A5A0
F39D30
F395E0
F38FA0
F38A50
F385F0
F38290
F38030
F37EB0
F37E30
F37EB0
F38010
F38270
F385D0
F38A20
F38F60
F395A0
F39CD0
F3A4F0
F3AE10
F3B7E0
F3C280
F3CDD0
F3D9D0
F3E6A0
F3F420
F40260
F41160
F42110
F43190
F442C0
F454A0
F46750
F47AB0
F48ED0
F4A3B0
F4B900
F4CEB0
F4E4D0
F4FB70
F51270
F529E0
F541C0
F55A10
F572C0
F58BF0
F5A580
F5BF90
F5DA00
F5F4E0
F61030
F62BF0
F647C0
F663B0
F67FB0
F69BC0
F6B7F0
F6D440
F6F090
F70D00
F72990
F74630
F762E0
F77FB0
F79C90
F7B980
F7D690
F7F3B0
F81090
F82D40
F849A0
F865D0
F881B0
F89D60
F8B8D0
F8D400
F8EEE0
F90990
F92400
F93E30
F95820
F971E0
F98B50
F9A480
F9BD30
F9D560
F9ED10
FA0440
FA1AE0
FA3110
FA46B0
FA5BD0
FA7070
FA8480
FA9820
FAAB30
FABDD0
FACFE0
FAE170
FAF270
FB02D0
FB1280
FB2180
FB2FC0
FB3D60
FB4A50
FB5690
FB6210
FB6CF0
FB7720
FB80A0
FB8960
FB9180
FB98F0
FB9FB0
FBA5B0
FBAB00
FBAFA0
FBB380
FBB6A0
FBB900
FBBAB0
FBBBA0
FBBBE0
FBBB60
FBBA20
FBB820
FBB570
FBB200
FBADE0
FBA900
FBA360
FB9D20
FB9630
FB8EA0
FB8660
FB7D80
FB73F0
FB69C0
FB5EE0
FB5360
FB4730
FB3A50
FB2CE0
FB1EB0
FB0FE0
FB0070
FAF050
FADFC0
FACEB0
FABD40
FAAB40
FA98E0
FA8600
FA72B0
FA5EF0
FA4AB0
FA3600
FA20E0
FA0B40
F9F530
F9DEB0
F9C7B0
F9B050
F998B0
F980E0
F968F0
F950C0
F93870
F91FE0
F90730
F8EE50
F8D540
F8BC00
F8A2A0
F88900
F86F30
F85540
F83B20
F820C0
F80690
F7EC90
F7D2B0
F7B8F0
F79F50
F785E0
F76C90
F75360
F73A60
F72170
F708C0
F6F020
F6D7B0
F6BF70
F6A740
F68F40
F677B0
F660A0
F64A10
F633E0
F61E40
F60910
F5F450
F5E010
F5CC40
F5B8F0
F5A610
F593B0
F581C0
F57050
F55F50
F54ED0
F53F00
F53000
F521B0
F51420
F50740
F4FB30
F4EFD0
F4E530
F4DB50
F4D230
F4C9C0
F4C210
F4BB20
F4B4F0
F4AF80
F4AAC0
F4A6F0
F4A410
F4A220
F4A110
F4A0F0
F4A1C0
F4A370
F4A620
F4A9B0
F4AE20
F4B390
F4B9E0
F4C120
F4C950
F4D260
F4DC60
F4E760
F4F350
F50040
F50E20
F51D00
F52CD0
F53DA0
F54F70
F56230
F575E0
F58AA0
F5A040
F5B6E0
F5CE80
F5E720
F600A0
F61B20
F63670
F652C0
F66FE0
F68DF0
F6ACF0
F6CCC0
F6ED90
F70F30
F731C0
F75540
F779A0
F79EE0
F7C510
F7EC20
F81420
F83CC0
F86620
F89030
F8BAF0
F8E660
F91280
F93F50
F96CD0
F99B00
F9C9E0
F9F980
FA29C0
FA5AC0
FA8C60
FABEC0
FAF1C0
FB2530
FB5900
FB8D30
FBC1D0
FBF6C0
FC2C20
FC61E0
FC9800
FCCE90
FD0570
FD3CC0
FD7470
FDAC80
FDE500
FE1DD0
FE5710
FE9050
FEC990
FF02D0
FF3C10
FF7550
FFAE90
FFE7D0
002120
005A60
0093A0
00CCF0
010640
013F80
0178D0
01B220
01EB70
022460
025CE0
029500
02CCB0
030410
033B00
037180
03A7B0
03DD70
0412C0
0447C0
047C50
04B070
04E440
0517A0
054A90
057CD0
05AE40
05DEF0
060EE0
063E10
066C70
069A10
06C6F0
06F310
071E70
074900
0772D0
079BE0
07C430
07EBB0
081280
083830
085CD0
088070
08A300
08C470
08E4E0
090440
092290
093FD0
095C00
097720
099130
09AA30
09C220
09D910
09EEE0
0A0380
0A16E0
0A2900
0A39F0
0A49A0
0A5810
0A6540
0A7140
0A7C00
0A8580
0A8DD0
0A94E0
0A9AB0
0A9F40
0AA2A0
0AA4C0
0AA5A0
0AA530
0AA370
0AA080
0A9C40
0A96B0
0A8FE0
0A87D0
0A7E70
0A73D0
0A67E0
0A5AB0
0A4C40
0A3C80
0A2B70
0A1930
0A05B0
09F110
09DB50
09C450
09AC30
0992F0
097880
095CE0
094010
092220
090300
08E2C0
08C150
089EB0
087AF0
085600
083020
080960
07E1A0
07B900
078F60
0764E0
073970
070D10
06DFC0
06B190
068260
065250
062140
05EF50
05BC70
0588A0
055440
051F40
04E9B0
04B390
047CD0
044580
040D90
03D510
039C00
036260
032820
02ED40
02B1E0
0275E0
023940
01FC20
01BEC0
018130
014380
0105A0
00C780
008940
004AD0
000C30
FFCD60
FF8E60
FF4F30
FF0FE0
FED050
FE90A0
FE50B0
FE10A0
FDD0C0
FD9120
FD51C0
FD12A0
FCD3C0
FC9510
FC56A0
FC1860
FBDA70
FB9CB0
FB5F30
FB21F0
FAE4E0
FAA820
FA6B90
FA2F30
F9F380
F9B860
F97DF0
F94410
F90AD0
F8D230
F89A30
F862D0
F82C00
F7F5E0
F7C050
F78B60
F75710
F72360
F6F050
F6BDD0
F68C40
F65BA0
F62BE0
F5FD10
F5CF20
F5A220
F57600
F54AD0
F52080
F4F720
F4CEA0
F4A710
F48060
F45AA0
F435C0
F411D0
F3EEF0
F3CD30
F3AC80
F38CE0
F36E60
F350F0
F334A0
F31960
F2FF30
F2E620
F2CE20
F2B730
F2A160
F28CB0
F27900
F26680
F25510
F244C0
F23590
F22780
F21A90
F20EC0
F20410
F1FA80
F1F210
F1EAC0
F1E490
F1DF80
F1DB80
F1D8B0
F1D700
F1D670
F1D6E0
F1D860
F1DAE0
F1DE70
F1E300
F1E8A0
F1EF40
F1F6F0
F1FFA0
F20960
F21420
F21FF0
F22CC0
F23AA0
F24980
F25960
F26A20
F27BA0
F28DF0
F2A110
F2B500
F2C9C0
F2DF50
F2F5A0
F30CD0
F324C0
F33D80
F35710
F37170
F38CA0
F3A890
F3C560
F3E2A0
F40060
F41EA0
F43D60
F45CA0
F47C50
F49C90
F4BD40
F4DE70
F50020
F52250
F544F0
F56820
F58BC0
F5AFE0
F5D490
F5F950
F61E30
F64330
F66850
F68D90
F6B300
F6D880
F6FE20
F723F0
F749D0
F76FE0
F79600
F7BC50
F7E2C0
F80940
F82FF0
F85660
F87C90
F8A280
F8C830
F8EDB0
F912E0
F937E0
F95CA0
F98120
F9A560
F9C970
F9ED30
FA10C0
FA3410
FA5720
FA79F0
FA9C30
FABDF0
FADF10
FAFFA0
FB1FB0
FB3F20
FB5E00
FB7C60
FB9A30
FBB760
FBD410
FBF020
FC0BB0
FC26B0
FC4120
FC5AF0
FC7400
FC8C40
FCA3C0
FCBA60
FCD040
FCE540
FCF980
FD0CF0
FD1F90
FD3170
FD4270
FD52B0
FD6210
FD70B0
FD7E80
FD8B90
FD97A0
FDA2D0
FDAD10
FDB660
FDBEC0
FDC640
FDCCC0
FDD260
FDD720
FDDAE0
FDDDC0
FDDFB0
FDE0B0
FDE0C0
FDDFF0
FDDE30
FDDB80
FDD7E0
FDD360
FDCDE0
FDC780
FDC030
FDB7F0
FDAED0
FDA4B0
FD99B0
FD8DC0
FD80E0
FD7310
FD6460
FD54C0
FD4420
FD32D0
FD20A0
FD0DB0
FCF9F0
FCE560
FCD000
FCB9E0
FCA2F0
FC8B30
FC72A0
FC5950
FC3F30
FC2440
FC0890
FBEC00
FBCEB0
FBB0D0
FB9260
FB7360
FB53D0
FB33A0
FB12F0
FAF1A0
FACFC0
FAAD50
FA8A50
FA66C0
FA42A0
FA1DF0
F9F8B0
F9D2D0
F9AC70
F985C0
F95ED0
F937A0
F91030
F8E870
F8C070
F89840
F86FB0
F846F0
F81DF0
F7F4A0
F7CB10
F7A140
F77720
F74CD0
F72230
F6F7B0
F6CD30
F6A2D0
F67880
F64E50
F62420
F5FA10
F5D010
F5A620
F57C40
F55280
F528D0
F4FF30
F4D5A0
F4AC20
F482C0
F459C0
F43120
F408F0
F3E120
F3B9C0
F392C0
F36C20
F345F0
F32020
F2FAC0
F2D5C0
F2B120
F28CF0
F26920
F245C0
F222C0
F20070
F1DED0
F1BDD0
F19D80
F17DF0
F15F00
F140C0
F12320
F10640
F0EA00
F0CE80
F0B3A0
F09970
F07FF0
F06710
F04EF0
F037A0
F02130
F00BA0
EFF6F0
EFE310
EFD020
EFBE00
EFACC0
EF9C60
EF8CD0
EF7E30
EF7060
EF6370
EF5760
EF4C20
EF41D0
EF3860
EF2FF0
EF2870
EF21E0
EF1C50
EF17A0
EF13F0
EF1130
EF0F60
EF0E90
EF0EA0
EF0FB0
EF11B0
EF14A0
EF1890
EF1D60
EF2320
EF29D0
EF3160
EF39E0
EF4340
EF4D90
EF58D0
EF64F0
EF71F0
EF7FE0
EF8EC0
EF9E80
EFAF30
EFC0C0
EFD340
EFE6A0
EFFAD0
F00FC0
F02570
F03BF0
F05330
F06B30
F08400
F09D80
F0B7E0
F0D2F0
F0EED0
F10B70
F128D0
F14700
F165F0
F185B0
F1A5F0
F1C6B0
F1E810
F209F0
F22C50
F24F40
F272C0
F296D0
F2BB60
F2E070
F30620
F32C50
F35310
F37A50
F3A220
F3CA70
F3F310
F41BF0
F44510
F46E70
F49810
F4C1F0
F4EC20
F51680
F54130
F56C20
F59750
F5C2C0
F5EE70
F61A60
F646A0
F67310
F69F80
F6CBE0
F6F840
F72490
F750D0
F77D10
F7A940
F7D570
F80180
F82D90
F859A0
F885A0
F8B190
F8DD70
F90950
F93530
F960B0
F98BE0
F9B6C0
F9E140
FA0B80
FA3560
FA5EF0
FA8840
FAB130
FAD9C0
FB0210
FB2A10
FB51B0
FB7900
FBA000
FBC6B0
FBECE0
FC1280
FC3790
FC5C20
FC8020
FCA3A0
FCC690
FCE900
FD0AE0
FD2C30
FD4D00
FD6D50
FD8D00
FDAC40
FDCAE0
FDE910
FE0680
FE2350
FE3F60
FE5AE0
FE75A0
FE8FB0
FEA920
FEC1E0
FED9F0
FEF150
FF0810
FF1E20
FF3380
FF4830
FF5C40
FF6F90
FF8240
FF9430
FFA570
FFB5F0
FFC5C0
FFD4E0
FFE350
FFF100
FFFE00
000A40
0015E0
0020C0
002AE0
003460
003D20
004520
004C90
005350
005960
005ED0
0063A0
0067C0
006B40
006E10
007040
0071C0
0072A0
0072E0
007270
007160
006FA0
006D40
006A60
006700
006310
005EB0
0059D0
005460
004E80
004820
004130
0039D0
0031E0
002970
002090
001720
000D30
0002D0
FFF810
FFED10
FFE1C0
FFD620
FFCA30
FFBE00
FFB180
FFA4B0
FF97A0
FF8A30
FF7C80
FF6E80
FF6040
FF51A0
FF42C0
FF3390
FF2450
FF1500
FF05A0
FEF630
FEE6A0
FED710
FEC770
FEB7B0
FEA7F0
FE9810
FE8820
FE7830
FE6820
FE5800
FE47D0
FE3790
FE2780
FE1790
FE07C0
FDF820
FDE8B0
FDD960
FDCA40
FDBB40
FDAC60
FD9DC0
FD8F30
FD80E0
FD72A0
FD64A0
FD56B0
FD4900
FD3B90
FD2E80
FD21D0
FD1570
FD0960
FCFDA0
FCF240
FCE730
FCDC80
FCD220
FCC810
FCBE60
FCB500
FCAC00
FCA340
FC9AF0
FC9300
FC8B90
FC8480
FC7E00
FC77E0
FC7230
FC6D00
FC6840
FC63F0
FC6020
FC5CB0
FC59C0
FC5740
FC5540
FC53A0
FC5280
FC51D0
FC51A0
FC51E0
FC5290
FC53C0
FC5570
FC5780
FC5A20
FC5D20
FC60B0
FC64A0
FC6910
FC6E00
FC7360
FC7930
FC7F80
FC8630
FC8D50
FC94D0
FC9CB0
FCA4F0
FCADA0
FCB6C0
FCC030
FCCA20
FCD460
FCDF10
FCEA20
FCF5A0
FD0170
FD0DC0
FD1A60
FD2750
FD3470
FD41D0
FD4F70
FD5D40
FD6B60
FD79B0
FD8840
FD9710
FDA620
FDB560
FDC4E0
FDD4A0
FDE4A0
FDF4E0
FE0550
FE15D0
FE2650
FE36E0
FE4770
FE5810
FE68A0
FE7950
FE89F0
FE9AB0
FEAB60
FEBC20
FECCE0
FEDDB0
FEEE80
FEFF60
FF1040
FF20E0
FF3150
FF4190
FF5180
FF6140
FF70D0
FF8020
FF8F30
FF9E10
FFACB0
FFBB20
FFC950
FFD740
FFE500
FFF280
FFFFD0
000CA0
001900
0024E0
003050
003B50
0045D0
004FE0
005970
006290
006B30
007360
007B20
008260
008930
008F80
009560
009A90
009F20
00A300
00A640
00A8E0
00AAC0
00AC10
00ACB0
00ACA0
00ABF0
00AA90
00A890
00A5E0
00A280
009E90
0099E0
009480
008E40
008750
007F90
007700
006DB0
0063A0
0058C0
004D20
0040B0
003380
002580
0016C0
000740
FFF6F0
FFE5D0
FFD3F0
FFC150
FFADD0
FF99A0
FF8490
FF6EC0
FF5820
FF40C0
FF2890
FF0F90
FEF5D0
FEDB40
FEBFE0
FEA3C0
FE86D0
FE6920
FE4AB0
FE2B90
FE0BC0
FDEB40
FDCA10
FDA820
FD8580
FD6230
FD3E30
FD1980
FCF410
FCCE00
FCA730
FC7FB0
FC5770
FC2E90
FC0520
FBDB40
FBB0E0
FB8600
FB5AA0
FB2ED0
FB0270
FAD5A0
FAA840
FA7A70
FA4C20
FA1D50
F9EE10
F9BE40
F98E00
F95D30
F92C40
F8FB10
F8C9B0
F89810
F86640
F83440
F80210
F7CFA0
F79D00
F76A30
F73730
F703F0
F6D080
F69CD0
F668F0
F634E0
F60100
F5CD30
F59990
F56620
F532C0
F4FF90
F4CC80
F499A0
F466E0
F43440
F401C0
F3CF70
F39D40
F36B30
F33950
F30790
F2D650
F2A590
F27550
F245A0
F21660
F1E7A0
F1B970
F18BB0
F15E70
F131C0
F10590
F0D9D0
F0AEA0
F083F0
F059C0
F03000
F00730
EFDF20
EFB800
EF91A0
EF6C20
EF4780
EF23A0
EF00B0
EEDE80
EEBD40
EE9CC0
EE7D20
EE5E60
EE4060
EE2350
EE0700
EDEBE0
EDD1D0
EDB8D0
EDA0F0
ED8A30
ED7480
ED5FF0
ED4C80
ED3A20
ED28E0
ED18B0
ED09A0
ECFBB0
ECEED0
ECE310
ECD870
ECCF00
ECC6E0
ECBFF0
ECBA50
ECB5E0
ECB2B0
ECB0D0
ECB020
ECB0B0
ECB290
ECB5A0
ECB9F0
ECBF80
ECC660
ECCE70
ECD7C0
ECE260
ECEE30
ECFB50
ED09C0
ED1960
ED2A50
ED3C90
ED5000
ED64C0
ED7AC0
ED9210
EDAA90
EDC470
EDDF80
EDFBE0
EE1970
EE3840
EE5820
EE7930
EE9B60
EEBEC0
EEE330
EF08E0
EF2FA0
EF5790
EF80A0
EFAAD0
EFD620
F002A0
F03050
F05F10
F08F00
F0BFD0
F0F180
F12420
F157A0
F18C00
F1C150
F1F780
F22E90
F26680
F29F60
F2D920
F313D0
F34F50
F38BC0
F3C910
F40750
F44610
F48550
F4C520
F50570
F54640
F587A0
F5C980
F60BF0
F64EE0
F69250
F6D650
F71AD0
F75FE0
F7A570
F7EB80
F83220
F878D0
F8BFA0
F90680
F94D80
F99490
F9DBB0
FA22F0
FA6A50
FAB1C0
FAF940
FB40E0
FB8890
FBD060
FC1850
FC6040
FCA860
FCF010
FD3770
FD7E60
FDC500
FE0B40
FE5120
FE96B0
FEDBD0
FF20A0
FF6510
FFA910
FFECD0
003020
007310
00B5B0
00F7E0
013950
017A00
01B9D0
01F8F0
023730
0274B0
02B160
02ED40
032860
0362B0
039C40
03D4F0
040CF0
044410
047A70
04B000
04E470
0517C0
0549E0
057AF0
05AAD0
05D990
060730
0633B0
065F00
068930
06B240
06DA30
070100
0726A0
074B20
076E90
079090
07B130
07D080
07EE60
080AF0
082620
083FF0
085870
086F80
088540
0899A0
08AC90
08BE40
08CE80
08DD60
08EAF0
08F700
0901B0
090AE0
0912A0
091900
091DE0
092150
092350
0923E0
092300
0920B0
091CF0
0917C0
091120
090900
08FF80
08F4A0
08E860
08DAC0
08CBC0
08BB70
08A9B0
0896A0
088230
086C70
085540
083CC0
0822D0
080790
07EAF0
07CD00
07ADA0
078D30
076B90
0748E0
072500
070000
06D9F0
06B2B0
068A60
0660E0
063640
060A80
05DDB0
05AFB0
058090
055050
051F00
04ECE0
04B9F0
048650
0451E0
041CB0
03E6B0
03B000
037880
034040
030740
02CD70
0292E0
025790
021B80
01DEA0
01A100
016310
0124D0
00E640
00A760
006830
0028B0
FFE8E0
FFA8C0
FF6840
FF2780
FEE670
FEA500
FE6350
FE2140
FDDEF0
FD9C40
FD59C0
FD1770
FCD550
FC9360
FC5190
FC0FF0
FBCE80
FB8D30
FB4C10
FB0B20
FACA60
FA89D0
FA4960
FA0920
F9C910
F98930
F949F0
F90B50
F8CD50
F89000
F85350
F81750
F7DBE0
F7A120
F76700
F72D90
F6F4C0
F6BC90
F68500
F64E20
F617E0
F5E240
F5ADB0
F57A30
F547C0
F51650
F4E5F0
F4B6A0
F48860
F45B20
F42EF0
F403D0
F3D9C0
F3B0C0
F388C0
F361D0
F33BF0
F31720
F2F3A0
F2D170
F2B0A0
F29130
F27300
F25640
F23AC0
F220A0
F207E0
F1F060
F1DA50
F1C580
F1B210
F1A000
F18F40
F17FD0
F171E0
F16570
F15A80
F15110
F14910
F142A0
F13DA0
F13A20
F13810
F13790
F13890
F13B00
F13EF0
F14460
F14B50
F153B0
F15DA0
F168F0
F175D0
F18420
F193E0
F1A530
F1B7F0
F1CC20
F1E1D0
F1F900
F211A0
F22BC0
F24750
F26460
F282F0
F2A2F0
F2C440
F2E6F0
F30AE0
F33020
F356B0
F37E90
F3A7C0
F3D240
F3FE10
F42B30
F459A0
F48960
F4BA70
F4ECC0
F52070
F55570
F58B70
F5C270
F5FA70
F63380
F66D80
F6A890
F6E4A0
F721B0
F75FC0
F79EE0
F7DEF0
F82010
F86230
F8A550
F8E970
F92EA0
F97460
F9BAC0
FA01C0
FA4960
FA9190
FADA60
FB23D0
FB6DE0
FBB890
FC03D0
FC4FC0
FC9C40
FCE960
FD3710
FD8570
FDD460
FE2380
FE72D0
FEC240
FF11E0
FF61A0
FFB190
0001B0
0051F0
00A260
00F2F0
0143C0
0194A0
01E5C0
023700
028860
02DA00
032B40
037C40
03CCF0
041D60
046D80
04BD50
050CD0
055C10
05AB00
05F9B0
064810
069620
06E3E0
073160
077E90
07CB70
0817A0
086330
08ADF0
08F810
094180
098A40
09D240
0A1990
0A6030
0AA620
0AEB60
0B2FF0
0B73D0
0BB6F0
0BF960
0C3B30
0C7BE0
0CBBA0
0CFA50
0D3800
0D74B0
0DB050
0DEAF0
0E2490
0E5D30
0E94C0
0ECB50
0F00D0
0F3560
0F68E0
0F9B50
0FCCD0
0FFD10
102C10
1059F0
108680
10B1F0
10DC20
110520
112CE0
115370
1178D0
119CF0
11BFE0
11E190
120220
122160
123F80
125C50
1277D0
129220
12AB10
12C2D0
12D940
12EE70
130250
1314F0
132650
133660
134530
1352C0
135F00
136A00
1373B0
137C30
138390
1389A0
138E90
139250
1394D0
139620
139640
139530
1392E0
138F60
138AC0
1384D0
137DC0
137580
136C00
136180
135610
134990
133C00
132D80
131E00
130D70
12FBE0
12E960
12D5D0
12C140
12ABA0
129510
127D70
1264E0
124B40
1230F0
1215E0
11FA20
11DDA0
11C060
11A270
1183D0
116470
114450
112380
1101F0
10DFB0
10BCB0
109900
107490
104F70
1029E0
100400
0FDDB0
0FB710
0F9000
0F68A0
0F40D0
0F18A0
0EF020
0EC730
0E9DE0
0E7430
0E4A20
0E1FB0
0DF4F0
0DC9C0
0D9E80
0D7340
0D4800
0D1CB0
0CF150
0CC5F0
0C9A90
0C6F20
0C43B0
0C1830
0BECB0
0BC120
0B9590
0B69F0
0B3E50
0B12B0
0AE750
0ABC40
0A9170
0A6700
0A3CD0
0A12F0
09E950
09C010
099710
096E60
094600
091DE0
08F610
08CE90
08A760
088070
085A10
083450
080F10
07EA50
07C630
07A290
077F90
075D10
073B20
0719C0
06F8E0
06D8A0
06B8E0
0699B0
067B10
065D00
063FA0
062300
060720
05EBF0
05D180
05B7C0
059ED0
058680
056EF0
055820
054210
052CB0
051810
050420
04F0F0
04DE70
04CCC0
04BBE0
04ABD0
049C80
048DF0
048040
047350
046720
045BC0
045130
044770
043E70
043640
042ED0
042830
042260
041D50
0418F0
041560
041290
041080
040F30
040EB0
040EE0
040FD0
041180
041400
041730
041B30
041FE0
042560
042BA0
043280
0439F0
044210
044AC0
045420
045E10
0468B0
0473E0
047FB0
048C20
049940
04A6F0
04B540
04C430
04D3C0
04E3E0
04F480
050580
0516F0
0528D0
053B10
054DC0
0560D0
057460
058850
059CA0
05B160
05C690
05DC30
05F230
0608A0
061F80
063680
064DB0
066510
067CA0
069460
06AC40
06C460
06DCA0
06F500
070DA0
072670
073F60
075880
0771D0
078B40
07A4F0
07BE80
07D800
07F160
080AB0
0823F0
083D10
085620
086F20
088800
08A0D0
08B980
08D230
08EAB0
090330
091B90
0933E0
094BE0
096380
097AE0
0991E0
09A8A0
09BF00
09D510
09EAD0
0A0040
0A1560
0A2A30
0A3EB0
0A52D0
0A66B0
0A7A30
0A8D70
0AA020
0AB250
0AC400
0AD520
0AE5C0
0AF5E0
0B0580
0B14A0
0B2330
0B3150
0B3EE0
0B4BE0
0B5870
0B6470
0B7000
0B7AF0
0B8550
0B8F10
0B9820
0BA090
0BA860
0BAF80
0BB610
0BBBF0
0BC130
0BC5C0
0BC9C0
0BCD10
0BCFC0
0BD1D0
0BD330
0BD400
0BD410
0BD370
0BD220
0BD020
0BCD60
0BCA00
0BC5E0
0BC120
0BBBA0
0BB570
0BAE90
0BA700
0B9EB0
0B95C0
0B8C10
0B81C0
0B76B0
0B6B00
0B5EA0
0B51A0
0B43E0
0B3580
0B2670
0B16C0
0B0660
0AF550
0AE390
0AD120
0ABE10
0AAA50
0A95F0
0A80D0
0A6B30
0A54F0
0A3E20
0A26B0
0A0EC0
09F630
09DD10
09C360
09A910
098E40
0972D0
0956D0
093A30
091D00
08FF50
08E0F0
08C230
08A300
088360
086350
0842D0
0821E0
080070
07DEA0
07BC60
0799B0
077690
075300
072EF0
070A80
06E5A0
06C050
069AC0
0674E0
064ED0
062870
0601D0
05DAF0
05B3D0
058C70
0564C0
053CE0
0514B0
04EC50
04C3A0
049AB0
047180
044800
041E80
03F4F0
03CB40
03A190
0377C0
034DE0
032400
02FA00
02CFF0
02A5D0
027BA0
025160
022710
01FCA0
01D230
01A7B0
017D40
015300
0128E0
00FEE0
00D4F0
00AB30
008190
005810
002EB0
000570
FFDC50
FFB350
FF8A70
FF61B0
FF3910
FF1090
FEE860
FEC070
FE98D0
FE7180
FE4A70
FE23B0
FDFD30
FDD700
FDB120
FD8B80
FD6630
FD4120
FD1C60
FCF7F0
FCD3D0
FCAFE0
FC8C70
FC6970
FC46D0
FC24A0
FC02D0
FBE180
FBC090
FBA010
FB7FF0
FB6050
FB4110
FB2240
FB03D0
FAE5E0
FAC850
FAAB20
FA8E80
FA7270
FA56D0
FA3BC0
FA2130
FA0720
F9ED90
F9D490
F9BC00
F9A400
F98C90
F97590
F95F20
F94920
F933B0
F91ED0
F90A70
F8F6A0
F8E370
F8D0C0
F8BEA0
F8AD20
F89C20
F88BB0
F87BE0
F86C90
F85DE0
F84FB0
F84220
F83520
F828A0
F81CC0
F81170
F806B0
F7FC80
F7F2F0
F7E9E0
F7E170
F7D9A0
F7D250
F7CBA0
F7C580
F7BFF0
F7BAF0
F7B690
F7B2C0
F7AF80
F7ACD0
F7AAB0
F7A920
F7A820
F7A7B0
F7A7C0
F7A860
F7A990
F7AB50
F7ADA0
F7B080
F7B3E0
F7B7D0
F7BC50
F7C160
F7C700
F7CD20
F7D3D0
F7DB00
F7E2B0
F7EAE0
F7F390
F7FCC0
F80670
F810B0
F81B70
F826A0
F83260
F83EA0
F84B60
F858B0
F86670
F874C0
F88370
F892A0
F8A240
F8B240
F8C2C0
F8D3A0
F8E500
F8F6D0
F90910
F91BB0
F92ED0
F94260
F95660
F96AC0
F97FA0
F994F0
F9AAA0
F9C0A0
F9D700
F9EDD0
FA04F0
FA1C70
FA3440
FA4C80
FA6510
FA7E10
FA9760
FAB110
FACB20
FAE580
FB0050
FB1B70
FB36E0
FB5290
FB6E90
FB8AD0
FBA760
FBC430
FBE150
FBFEB0
FC1C60
FC3A50
FC5880
FC7700
FC95D0
FCB4E0
FCD430
FCF3D0
FD13A0
FD33A0
FD53D0
FD7430
FD94D0
FDB590
FDD690
FDF7C0
FE1920
FE3AA0
FE5C70
FE7E60
FEA080
FEC2D0
FEE560
FF0810
FF2AE0
FF4DD0
FF70E0
FF9400
FFB740
FFDA90
FFFE00
002190
004530
0068F0
008CD0
00B0C0
00D4D0
00F900
011D40
0141A0
016600
018A60
01AED0
01D330
01F7A0
021C10
024080
0264F0
028970
02ADE0
02D260
02F6E0
031B60
033FF0
036470
038900
03AD70
03D1D0
03F620
041A50
043E70
046280
048670
04AA50
04CE20
04F1D0
051570
053900
055C80
057FE0
05A320
05C660
05E960
060C40
062EE0
065160
0673B0
0695D0
06B7C0
06D980
06FB20
071C80
073DC0
075EC0
077FA0
07A050
07C0D0
07E120
080120
0820E0
084060
085FA0
087E90
089D40
08BBA0
08D9C0
08F790
091530
093270
094F80
096C40
0988C0
09A4F0
09C0E0
09DC70
09F7A0
0A1270
0A2CF0
0A4700
0A60B0
0A7A10
0A9310
0AABA0
0AC3E0
0ADBC0
0AF340
0B0A60
0B2120
0B3780
0B4D90
0B6320
0B7840
0B8CE0
0BA120
0BB4E0
0BC840
0BDB20
0BED90
0BFF80
0C1110
0C2220
0C32C0
0C42F0
0C52B0
0C61F0
0C70D0
0C7F20
0C8CF0
0C9A30
0CA6F0
0CB330
0CBEF0
0CCA20
0CD4D0
0CDF00
0CE8A0
0CF1C0
0CFA60
0D0280
0D0A10
0D1120
0D17A0
0D1DA0
0D2310
0D27E0
0D2C30
0D2FF0
0D3320
0D35C0
0D37D0
0D3950
0D3A40
0D3AA0
0D3A70
0D39B0
0D3870
0D3690
0D3420
0D3120
0D2D90
0D2970
0D24B0
0D1F70
0D1990
0D1320
0D0C10
0D0480
0CFC50
0CF390
0CEA40
0CE060
0CD5F0
0CCAE0
0CBF40
0CB310
0CA660
0C9910
0C8B40
0C7CE0
0C6DF0
0C5E70
0C4E60
0C3DC0
0C2CA0
0C1AE0
0C08A0
0BF5D0
0BE270
0BCE80
0BBA10
0BA510
0B8F90
0B79A0
0B6320
0B4C30
0B34C0
0B1CC0
0B0450
0AEB60
0AD1E0
0AB7F0
0A9D80
0A8290
0A6720
0A4B30
0A2EC0
0A11F0
09F4B0
09D700
09B8F0
099A80
097BA0
095C60
093CB0
091CA0
08FC20
08DB40
08B9F0
089840
087620
0853A0
0830B0
080D80
07EA00
07C640
07A230
077DE0
075940
073460
070F30
06E9C0
06C400
069E00
0677B0
065120
062A40
060320
05DBB0
05B420
058C70
0564A0
053CA0
051480
04EC40
04C3E0
049B60
0472B0
0449F0
042100
03F7F0
03CEB0
03A560
037BE0
035250
0328B0
02FF20
02D590
02AC10
028290
025910
022F90
020620
01DCB0
01B350
0189F0
016090
013740
010DE0
00E4A0
00BB50
009240
006950
004090
001800
FFEFA0
FFC770
FF9F60
FF7780
FF4FE0
FF2860
FF0110
FED9E0
FEB2F0
FE8C30
FE6590
FE3F20
FE1900
FDF340
FDCDD0
FDA8A0
FD83D0
FD5F50
FD3B30
FD1750
FCF3D0
FCD0A0
FCADB0
FC8B30
FC68F0
FC4700
FC2570
FC0420
FBE350
FBC2F0
FBA300
FB8380
FB6470
FB45D0
FB27A0
FB09E0
FAEC90
FACFB0
FAB340
FA9750
FA7BC0
FA60A0
FA4600
FA2BC0
FA1210
F9F8F0
F9E040
F9C830
F9B090
F99980
F98300
F96D00
F95780
F94290
F92E20
F91A40
F906E0
F8F410
F8E1C0
F8CFF0
F8BEC0
F8AE20
F89E00
F88E80
F87FA0
F87140
F86370
F85640
F849A0
F83D90
F83210
F82720
F81CC0
F81300
F809D0
F80120
F7F910
F7F1A0
F7EAB0
F7E460
F7DEA0
F7D970
F7D4D0
F7D0C0
F7CD50
F7CA70
F7C820
F7C660
F7C530
F7C4A0
F7C4A0
F7C530
F7C650
F7C7F0
F7CA20
F7CCD0
F7D010
F7D3D0
F7D820
F7DCF0
F7E250
F7E840
F7EEB0
F7F5B0
F7FD30
F80540
F80DD0
F816F0
F82080
F82A90
F83510
F84000
F84B70
F85750
F863B0
F87070
F87DC0
F88B70
F899A0
F8A850
F8B760
F8C700
F8D700
F8E780
F8F850
F90990
F91B20
F92D00
F93F40
F951E0
F964E0
F97830
F98BE0
F99FE0
F9B440
F9C900
F9DE10
F9F390
FA0950
FA1F80
FA35E0
FA4C80
FA6350
FA7A70
FA91C0
FAA940
FAC110
FAD910
FAF140
FB09C0
FB2270
FB3B60
FB5490
FB6DF0
FB8790
FBA170
FBBB60
FBD570
FBEF90
FC09D0
FC2420
FC3E90
FC5920
FC73C0
FC8E70
FCA940
FCC420
FCDF20
FCFA40
FD1570
FD30B0
FD4C20
FD6770
FD82C0
FD9E00
FDB940
FDD470
FDEF90
FE0AB0
FE25C0
FE40D0
FE5BD0
FE76C0
FE91B0
FEAC90
FEC770
FEE240
FEFD00
FF17A0
FF3210
FF4C60
FF6670
FF8070
FF9A30
FFB3D0
FFCD50
FFE6A0
FFFFC0
0018B0
003180
004A30
0062A0
007AF0
009320
00AB00
00C290
00D9F0
00F100
0107C0
011E50
013490
014A80
016030
0175A0
018AC0
019FA0
01B440
01C890
01DCA0
01F070
0203E0
0216F0
0229A0
023C00
024DF0
025FA0
0270E0
0281D0
029250
02A290
02B260
02C1E0
02D100
02DFC0
02EE20
02FC30
0309D0
031700
0323C0
033020
033C10
034790
0352A0
035D50
036790
037160
037AC0
0383C0
038C50
039470
039C20
03A370
03AA40
03B0A0
03B690
03BC00
03C100
03C590
03C9B0
03CD50
03D090
03D340
03D590
03D760
03D8C0
03D9B0
03DA20
03DA30
03D9B0
03D8D0
03D770
03D590
03D340
03D080
03CD40
03C990
03C570
03C0D0
03BBB0
03B630
03B020
03A9B0
03A2C0
039B50
039380
038B30
038280
037950
036FC0
0365B0
035B30
035050
0344F0
033920
032CF0
032040
031320
030590
02F790
02E930
02DA50
02CB20
02BB80
02AB80
029B10
028A40
027910
026770
025570
024310
023040
021D10
020980
01F580
01E120
01CC60
01B740
01A1D0
018C10
017600
015FA0
0148E0
0131E0
011A80
0102C0
00EAC0
00D260
00B9B0
00A0B0
008760
006DC0
0053C0
003990
001F20
000470
FFE980
FFCE50
FFB2F0
FF9750
FF7B70
FF5F50
FF4300
FF2670
FF09A0
FEEC90
FECF40
FEB1C0
FE9400
FE7620
FE5810
FE39F0
FE1BB0
FDFD40
FDDEC0
FDC010
FDA150
FD8260
FD6350
FD4420
FD24D0
FD0560
FCE5D0
FCC620
FCA650
FC8670
FC66A0
FC46C0
FC26E0
FC06F0
FBE710
FBC720
FBA730
FB8740
FB6740
FB4740
FB2740
FB0740
FAE740
FAC730
FAA720
FA8730
FA6750
FA4790
FA27F0
FA0860
F9E8F0
F9C9A0
F9AA60
F98B40
F96C40
F94D50
F92E80
F90FC0
F8F120
F8D2A0
F8B440
F89610
F87810
F85A60
F83CD0
F81F90
F80280
F7E5A0
F7C900
F7ACA0
F79070
F77480
F758C0
F73D40
F721F0
F706E0
F6EC10
F6D190
F6B760
F69D80
F68400
F66AC0
F651F0
F63960
F62130
F60940
F5F1C0
F5DA80
F5C3A0
F5AD10
F596D0
F580E0
F56B50
F55620
F54160
F52D10
F51920
F505A0
F4F290
F4DFE0
F4CDA0
F4BBC0
F4AA50
F49950
F488B0
F47880
F468C0
F45960
F44A70
F43C00
F42E00
F42080
F41370
F406E0
F3FAC0
F3EF20
F3E3F0
F3D940
F3CF10
F3C550
F3BC00
F3B330
F3AAE0
F3A300
F39BA0
F394C0
F38E50
F38870
F38310
F37E20
F379C0
F375E0
F37270
F36F90
F36D20
F36B40
F369D0
F368F0
F36880
F368A0
F36930
F36A40
F36BD0
F36DE0
F37070
F37370
F376F0
F37AF0
F37F70
F38470
F389E0
F38FD0
F39640
F39D30
F3A490
F3AC70
F3B4E0
F3BDB0
F3C6F0
F3D0A0
F3DAC0
F3E550
F3F050
F3FBC0
F407A0
F413F0
F420B0
F42DD0
F43B70
F44980
F45800
F466F0
F47650
F48600
F49620
F4A680
F4B750
F4C870
F4D9F0
F4EBC0
F4FDF0
F51080
F52370
F536B0
F54A40
F55E40
F57290
F58730
F59C40
F5B180
F5C700
F5DCC0
F5F2B0
F608F0
F61F60
F63620
F64D10
F66440
F67BA0
F69350
F6AB40
F6C360
F6DBC0
F6F460
F70D40
F72640
F73F50
F75880
F771E0
F78B50
F7A4D0
F7BE80
F7D840
F7F230
F80C30
F82650
F84080
F85AE0
F87550
F88FE0
F8AA90
F8C540
F8DFF0
F8FA90
F91530
F92FD0
F94A60
F964F0
F97F80
F99A10
F9B4A0
F9CF20
F9E9A0
FA0410
FA1E90
FA3900
FA5370
FA6DC0
FA87F0
FAA1F0
FABBE0
FAD5A0
FAEF40
FB08C0
FB2220
FB3B60
FB5480
FB6D80
FB8650
FB9F10
FBB7A0
FBD010
FBE870
FC0080
FC1860
FC3000
FC4770
FC5EA0
FC75A0
FC8C60
FCA2E0
FCB930
FCCF40
FCE510
FCFAB0
FD1020
FD2550
FD3A40
FD4EF0
FD6360
FD7790
FD8B70
FD9F00
FDB250
FDC560
FDD820
FDEA90
FDFCC0
FE0EB0
FE2050
FE31A0
FE42B0
FE5380
FE6400
FE7430
FE8420
FE93C0
FEA320
FEB230
FEC0F0
FECF70
FEDDA0
FEEB80
FEF920
FF0670
FF1380
FF2040
FF2CB0
FF38E0
FF44C0
FF5050
FF5BB0
FF66C0
FF7190
FF7C20
FF8670
FF9090
FF9A60
FFA3E0
FFAD30
FFB640
FFBF10
FFC7A0
FFCFE0
FFD7F0
FFDFB0
FFE740
FFEE90
FFF5C0
FFFCD0
0003A0
000A50
0010D0
001720
001D40
002340
002910
002EB0
003420
003970
003E90
004380
004840
004D00
0051A0
005630
005AC0
005F30
006390
0067F0
006C30
007070
007490
0078A0
007CB0
0080A0
008480
008860
008C20
009000
0093E0
0097E0
009BF0
00A010
00A440
00A880
00ACD0
00B130
00B5B0
00BA40
00BED0
00C380
00C840
00CD10
00D1F0
00D700
00DC50
00E1C0
00E770
00ED50
00F360
00F9A0
010020
0106C0
010DA0
0114B0
011BF0
012360
012B00
0132E0
013AE0
014340
014BE0
0154E0
015E20
0167B0
0171A0
017BD0
018650
019120
019C40
01A7B0
01B360
01BF70
01CBD0
01D870
01E570
01F2C0
020080
020EA0
021D20
022BF0
023B30
024AE0
025AE0
026B40
027C00
028D30
029EB0
02B0A0
02C2E0
02D590
02E8A0
02FC10
030FF0
032420
0338D0
034DD0
036340
037910
038F50
03A5F0
03BCF0
03D460
03EC20
040460
041CF0
0435F0
044F60
046920
048330
049DB0
04B880
04D3A0
04EF30
050B10
052750
0543E0
0560D0
057E20
059BD0
05B9D0
05D830
05F6E0
061600
063550
0654E0
0674B0
0694C0
06B520
06D5B0
06F680
071790
0738E0
075A70
077C40
079E50
07C0A0
07E330
080600
082900
084C30
086F70
0892C0
08B630
08D9B0
08FD50
092100
0944D0
0968B0
098CB0
09B0C0
09D4F0
09F930
0A1D90
0A4200
0A6690
0A8B00
0AAF50
0AD390
0AF7A0
0B1BA0
0B3F90
0B6350
0B8700
0BAA90
0BCE00
0BF160
0C14A0
0C37C0
0C5AC0
0C7DB0
0CA080
0CC300
0CE520
0D0700
0D2880
0D49B0
0D6A90
0D8B20
0DAB60
0DCB40
0DEAD0
0E0A10
0E2900
0E47A0
0E65F0
0E83E0
0EA190
0EBEA0
0EDB40
0EF740
0F12C0
0F2DC0
0F4830
0F6210
0F7B70
0F9450
0FAC90
0FC460
0FDB90
0FF250
100870
101E10
103330
104790
105B40
106E30
108070
1091F0
10A2D0
10B2E0
10C250
10D100
10DEF0
10EC40
10F8D0
1104A0
110FC0
111A30
1123E0
112CC0
1134D0
113C00
114260
1147E0
114CA0
115080
115380
1155B0
115710
115790
115740
115620
115430
115160
114DB0
114930
1143C0
113D70
113640
112E30
112540
111B70
1110B0
110510
10F890
10EB30
10DCF0
10CDC0
10BDC0
10ACD0
109B00
108850
1074D0
106070
104B40
103530
101E40
100670
0FEDD0
0FD460
0FBA00
0F9ED0
0F82D0
0F65E0
0F4820
0F2990
0F0A10
0EE9E0
0EC8F0
0EA740
0E84E0
0E61B0
0E3DD0
0E1920
0DF3C0
0DCDA0
0DA6C0
0D7F20
0D56D0
0D2DB0
0D03E0
0CD950
0CADF0
0C8210
0C55B0
0C28B0
0BFB20
0BCD10
0B9E60
0B6F30
0B3F70
0B0F20
0ADE40
0AACD0
0A7AD0
0A4850
0A1530
09E190
09AD60
0978E0
094400
090EE0
08D960
08A3A0
086D80
083710
080050
07C950
0791F0
075A30
072230
06E9E0
06B140
067840
063F00
0605A0
05CC40
0592D0
055960
051FD0
04E640
04ACA0
0472F0
043930
03FF60
03C590
038BB0
0351C0
0317C0
02DDC0
02A3A0
0269C0
023020
01F6B0
01BD80
018470
014BB0
011320
00DAC0
00A2A0
006AB0
003300
FFFB80
FFC440
FF8D30
FF5660
FF1FC0
FEE990
FEB3E0
FE7EA0
FE49D0
FE1570
FDE180
FDAE10
FD7B10
FD4880
FD1670
FCE4C0
FCB390
FC82D0
FC5280
FC22B0
FBF340
FBC480
FB9660
FB68E0
FB3C10
FB0FD0
FAE440
FAB940
FA8EF0
FA6540
FA3C40
FA13D0
F9EC00
F9C4E0
F99E60
F97880
F95340
F92EC0
F90B00
F8E7F0
F8C5B0
F8A420
F88360
F86350
F843F0
F82560
F80790
F7EA70
F7CE10
F7B270
F79790
F77D70
F76410
F74B70
F73390
F71C70
F70620
F6F090
F6DBC0
F6C7C0
F6B480
F6A200
F69040
F67F50
F66F20
F65FB0
F65100
F64320
F63600
F62990
F61DE0
F612E0
F60890
F5FF00
F5F610
F5EDF0
F5E670
F5DFB0
F5D9A0
F5D440
F5CFA0
F5CBB0
F5C870
F5C5F0
F5C410
F5C2E0
F5C230
F5C220
F5C290
F5C3A0
F5C550
F5C780
F5CA50
F5CDB0
F5D1B0
F5D630
F5DB50
F5E100
F5E740
F5EE20
F5F580
F5FD50
F60590
F60E20
F61720
F62090
F62A50
F63480
F63F10
F64A10
F65570
F66130
F66D50
F679E0
F686D0
F69420
F6A1E0
F6AFC0
F6BDE0
F6CC20
F6DAA0
F6E940
F6F820
F70720
F71650
F725B0
F73540
F74510
F75500
F76520
F77570
F785F0
F79690
F7A740
F7B7E0
F7C880
F7D920
F7E9B0
F7FA40
F80AD0
F81B50
F82BD0
F83C50
F84CC0
F85D40
F86DA0
F87E10
F88E70
F89ED0
F8AF00
F8BEF0
F8CEC0
F8DE50
F8EDB0
F8FCE0
F90BE0
F91AB0
F92940
F937B0
F945E0
F953E0
F961C0
F96F50
F97CC0
F98A00
F996E0
F9A380
F9AFC0
F9BBC0
F9C760
F9D2B0
F9DDC0
F9E870
F9F2D0
F9FCE0
FA06A0
FA1010
FA1930
FA2200
FA2A80
FA32B0
FA3A80
FA41F0
FA4900
FA4FB0
FA5600
FA5BF0
FA6180
FA66B0
FA6B80
FA6FF0
FA7400
FA77C0
FA7B10
FA7E00
FA80A0
FA82D0
FA84B0
FA8640
FA8770
FA8840
FA88C0
FA88E0
FA88B0
FA8830
FA8740
FA8610
FA8480
FA8290
FA8050
FA7DB0
FA7AC0
FA7780
FA73F0
FA7020
FA6C20
FA67D0
FA6340
FA5E80
FA5970
FA5420
FA4E90
FA48D0
FA42C0
FA3C70
FA35E0
FA2F10
FA2800
FA20C0
FA1950
FA11D0
FA0A40
FA0290
F9FAC0
F9F2E0
F9EAE0
F9E2D0
F9DAA0
F9D260
F9CA00
F9C180
F9B8F0
F9B050
F9A790
F99EB0
F995F0
F98D40
F984B0
F97C30
F973C0
F96B70
F96330
F95B10
F95300
F94B00
F94320
F93B60
F933A0
F92C10
F92480
F91D10
F915E0
F90F00
F90870
F90220
F8FC20
F8F660
F8F0F0
F8EBC0
F8E6E0
F8E250
F8DE00
F8D9F0
F8D630
F8D2C0
F8CF90
F8CCB0
F8CA40
F8C840
F8C6C0
F8C5C0
F8C520
F8C500
F8C560
F8C620
F8C760
F8C920
F8CB50
F8CDF0
F8D110
F8D4A0
F8D8A0
F8DD20
F8E230
F8E7E0
F8EE10
F8F4F0
F8FC50
F90460
F90CF0
F91620
F91FE0
F92A40
F93530
F940B0
F94CD0
F95980
F966D0
F974B0
F98330
F99260
F9A240
F9B2B0
F9C3E0
F9D5A0
F9E810
F9FB30
FA0EF0
FA2350
FA3860
FA4E10
FA6460
FA7B70
FA9310
FAAB60
FAC450
FADDE0
FAF820
FB12F0
FB2E60
FB4A80
FB6740
FB84A0
FBA2A0
FBC140
FBE080
FC0070
FC20F0
FC4220
FC63F0
FC8650
FCA950
FCCCD0
FCF0E0
FD1580
FD3AA0
FD6050
FD8680
FDAD50
FDD4A0
FDFC70
FE24D0
FE4DC0
FE7740
FEA140
FECBD0
FEF6F0
FF2260
FF4E40
FF7A80
FFA710
FFD410
000160
002F20
005D40
008BB0
00BA90
00E9C0
011960
014960
0179B0
01AA70
01DB80
020CC0
023E30
026FC0
02A180
02D370
030580
0337C0
036A20
039CB0
03CF60
040240
043550
046880
049BE0
04CF60
050310
0536B0
056A30
059DA0
05D100
060450
063790
066AB0
069DC0
06D0C0
0703A0
073680
076940
079BE0
07CE80
080100
083380
0865A0
089770
08C8F0
08FA20
092B00
095B90
098BD0
09BBC0
09EB70
0A1AC0
0A49C0
0A7870
0AA6D0
0AD4E0
0B02A0
0B3010
0B5D00
0B8960
0BB550
0BE0B0
0C0B90
0C35E0
0C5FC0
0C8910
0CB1E0
0CDA30
0D01F0
0D2930
0D4FF0
0D7630
0D9BE0
0DC120
0DE5A0
0E0980
0E2CC0
0E4F40
0E7120
0E9260
0EB2F0
0ED2D0
0EF200
0F1090
0F2E80
0F4BB0
0F6840
0F8430
0F9F60
0FBA00
0FD3D0
0FECF0
100550
101CF0
1033D0
104A00
105F70
107430
108820
109B60
10ADE0
10BFB0
10D0B0
10E100
10F0A0
10FF70
110D90
111B00
1127A0
1133A0
113ED0
114950
115320
115C20
116480
116C10
1172F0
117920
117E90
118340
118730
118A80
118D10
118F10
119070
119120
119140
1190B0
118F80
118DB0
118B40
118830
118470
118020
117B20
117580
116F50
116860
116110
115930
1150E0
114810
113ED0
113500
112AD0
112010
1114E0
110930
10FD00
10F050
10E330
10D5A0
10C780
10B8F0
10AA10
109AF0
108B90
107BE0
106BE0
105BA0
104B20
103A50
102930
1017E0
100630
0FF450
0FE220
0FCFA0
0FBCE0
0FA9D0
0F96C0
0F8390
0F7050
0F5D10
0F49B0
0F3650
0F22D0
0F0F40
0EFBB0
0EE800
0ED450
0EC080
0EACA0
0E98C0
0E84C0
0E70B0
0E5CD0
0E4910
0E3570
0E21F0
0E0E90
0DFB60
0DE850
0DD560
0DC2A0
0DB000
0D9D80
0D8B20
0D78E0
0D66D0
0D54E0
0D4310
0D3190
0D2060
0D0F80
0CFEE0
0CEEA0
0CDEA0
0CCF00
0CBFA0
0CB090
0CA1C0
0C9350
0C8530
0C7750
0C69C0
0C5C90
0C4FA0
0C4310
0C36F0
0C2B30
0C1FD0
0C14E0
0C0A50
0C0020
0BF660
0BED00
0BE410
0BDB70
0BD350
0BCB80
0BC420
0BBD20
0BB690
0BB060
0BAAA0
0BA540
0BA060
0B9BD0
0B97C0
0B9410
0B90D0
0B8DF0
0B8B90
0B8980
0B87F0
0B86C0
0B8600
0B85A0
0B85B0
0B8620
0B86E0
0B8800
0B8970
0B8B40
0B8D60
0B8FE0
0B92B0
0B95E0
0B9970
0B9D50
0BA190
0BA620
0BAB10
0BB050
0BB5F0
0BBBC0
0BC1D0
0BC800
0BCE80
0BD520
0BDC00
0BE310
0BEA50
0BF1D0
0BF980
0C0170
0C0980
0C11D0
0C1A60
0C2320
0C2C10
0C3500
0C3DF0
0C46E0
0C4FD0
0C58C0
0C61B0
0C6AA0
0C7390
0C7C90
0C8580
0C8E70
0C9760
0CA060
0CA950
0CB240
0CBB40
0CC3F0
0CCC70
0CD4B0
0CDCC0
0CE480
0CEC10
0CF370
0CFA80
0D0160
0D0800
0D0E60
0D1480
0D1A70
0D2020
0D2590
0D2AD0
0D2F90
0D33D0
0D37A0
0D3AF0
0D3DC0
0D4020
0D4200
0D4370
0D4460
0D44D0
0D44D0
0D4450
0D4350
0D41E0
0D4000
0D3D90
0D3A80
0D36C0
0D3240
0D2D20
0D2750
0D20C0
0D1990
0D11B0
0D0910
0CFFD0
0CF5D0
0CEB30
0CDFE0
0CD3D0
0CC720
0CB9B0
0CAB70
0C9C60
0C8C70
0C7BB0
0C6A20
0C57B0
0C4460
0C3040
0C1B50
0C0580
0BEEE0
0BD770
0BBF20
0BA5F0
0B8C00
0B7120
0B5570
0B38C0
0B1B30
0AFCC0
0ADD60
0ABD20
0A9BF0
0A79D0
0A56D0
0A32F0
0A0E20
09E860
09C1C0
099A40
0971C0
094870
091E30
08F310
08C710
089A30
086C70
083DD0
080E40
07DDE0
07ACA0
077A70
074760
071380
06DEB0
06A900
067270
063B00
0602D0
05C9E0
059030
0555B0
051A80
04DE90
04A1D0
046460
042620
03E730
03A770
036700
0325C0
02E3D0
02A110
025D90
021990
01D510
019000
014A60
010450
00BDB0
007680
002EE0
FFE6A0
FF9DF0
FF54B0
FF0AF0
FEC0A0
FE75D0
FE2A80
FDDEA0
FD9290
FD4640
FCF9C0
FCAD00
FC6000
FC12D0
FBC570
FB77D0
FB29F0
FADBE0
FA8DA0
FA3F20
F9F060
F9A170
F95240
F902E0
F8B3A0
F86480
F81580
F7C6A0
F777E0
F72940
F6DAD0
F68C70
F63E40
F5F020
F5A230
F55460
F506B0
F4B920
F46BB0
F41E60
F3D190
F38540
F33970
F2EE20
F2A350
F258F0
F20F20
F1C5C0
F17CF0
F13490
F0ECB0
F0A550
F05E70
F01810
EFD230
EF8CD0
EF4840
EF0490
EEC1B0
EE7FB0
EE3E80
EDFE20
EDBEA0
ED8000
ED4230
ED0530
ECC910
EC8DC0
EC5350
EC19C0
EBE0F0
EBA910
EB7240
EB3C90
EB0810
EAD4B0
EAA270
EA7150
EA4150
EA1270
E9E4B0
E9B820
E98CB0
E96250
E93920
E91110
E8EA20
E8C460
E89FE0
E87CC0
E85B00
E83A90
E81B70
E7FDB0
E7E140
E7C630
E7AC70
E79410
E77CF0
E76740
E752E0
E73FD0
E72E10
E71DC0
E70ED0
E70150
E6F540
E6EAA0
E6E170
E6D9B0
E6D370
E6CE90
E6CB20
E6C920
E6C8A0
E6C980
E6CBD0
E6CFA0
E6D4D0
E6DB80
E6E390
E6ED10
E6F800
E70450
E71210
E72140
E731E0
E743E0
E75750
E76C30
E78280
E79A30
E7B350
E7CDE0
E7E9E0
E80740
E825F0
E845F0
E86730
E889B0
E8AD80
E8D2A0
E8F900
E920B0
E949B0
E973F0
E99F70
E9CC40
E9FA60
EA29C0
EA5A70
EA8C60
EABF60
EAF370
EB2890
EB5EB0
EB95E0
EBCE30
EC0770
EC41D0
EC7D30
ECB9A0
ECF720
ED35B0
ED7550
EDB5F0
EDF7A0
EE3A60
EE7DD0
EEC210
EF06F0
EF4C90
EF92F0
EFDA10
F021E0
F06A70
F0B3B0
F0FDB0
F14870
F193E0
F1E000
F22CF0
F27A90
F2C8E0
F31790
F366A0
F3B600
F405C0
F455D0
F4A640
F4F700
F54820
F59990
F5EB60
F63D90
F69000
F6E2E0
F73610
F78990
F7DD80
F83150
F88510
F8D8C0
F92C60
F97FF0
F9D380
FA26F0
FA7A60
FACDB0
FB2100
FB7430
FBC760
FC1A70
FC6D80
FCC080
FD1360
FD65E0
FDB7E0
FE0980
FE5AA0
FEAB50
FEFB90
FF4B50
FF9AB0
FFE990
003800
008600
00D390
0120B0
016D50
01B980
020550
025040
029A70
02E3D0
032C60
037430
03BB30
040170
0446D0
048B70
04CF50
051250
055490
059600
05D6B0
061690
0655A0
0693A0
06D090
070C70
074740
0780F0
07B9A0
07F130
0827B0
085D20
089180
08C4D0
08F710
092830
095850
098750
09B540
09E1F0
0A0D60
0A3790
0A6080
0A8830
0AAEA0
0AD3C0
0AF7B0
0B1A50
0B3BC0
0B5BE0
0B7AD0
0B9870
0BB4D0
0BCFF0
0BE9D0
0C0260
0C1990
0C2F60
0C43F0
0C5720
0C68F0
0C7970
0C88A0
0C9670
0CA2F0
0CAE10
0CB7E0
0CC060
0CC780
0CCD40
0CD1C0
0CD4E0
0CD6B0
0CD730
0CD660
0CD450
0CD0E0
0CCC20
0CC610
0CBEB0
0CB600
0CAC00
0CA0B0
0C9410
0C8620
0C76E0
0C6640
0C5480
0C4190
0C2D60
0C1800
0C0170
0BE9B0
0BD0C0
0BB690
0B9B30
0B7EB0
0B60E0
0B41F0
0B21D0
0B0070
0ADDE0
0ABA30
0A9570
0A6FB0
0A4900
0A2140
09F890
09CEE0
09A430
097880
094BE0
091E30
08EF90
08BFF0
088F50
085DB0
082B10
07F780
07C330
078E20
075850
0721D0
06EA90
06B2A0
0679F0
064080
060650
05CB70
058FD0
055380
051670
04D8A0
049A20
045AE0
041B30
03DB20
039AA0
0359B0
031860
02D6A0
029470
0251E0
020EE0
01CB70
0187A0
014360
00FEB0
00B990
007410
002E30
FFE820
FFA200
FF5BD0
FF1580
FECF20
FE88A0
FE4200
FDFB50
FDB480
FD6DA0
FD26B0
FCDF90
FC9860
FC5120
FC09C0
FBC250
FB7B10
FB3400
FAED40
FAA6A0
FA6040
FA1A20
F9D430
F98E80
F94900
F903C0
F8BEC0
F879E0
F83550
F7F0F0
F7ACC0
F768D0
F72560
F6E270
F6A010
F65E20
F61CC0
F5DBD0
F59B70
F55B90
F51C30
F4DD50
F49F00
F46120
F423D0
F3E6F0
F3AAA0
F36ED0
F333C0
F2F970
F2BFE0
F28700
F24EF0
F217A0
F1E110
F1AB30
F17620
F141D0
F10E30
F0DB60
F0A940
F077F0
F04750
F01780
EFE890
EFBA90
EF8D80
EF6160
EF3630
EF0BF0
EEE290
EEBA30
EE92B0
EE6C20
EE4690
EE21E0
EDFE10
EDDB40
EDB960
ED9860
ED7870
ED5990
ED3BC0
ED1EF0
ED0320
ECE870
ECCEC0
ECB610
EC9E80
EC87E0
EC7260
EC5DE0
EC4A70
EC3810
EC26B0
EC1650
EC0720
EBF8F0
EBEBE0
EBDFF0
EBD510
EBCB40
EBC290
EBBB00
EBB470
EBAF10
EBAAB0
EBA770
EBA550
EBA440
EBA450
EBA560
EBA790
EBAAD0
EBAF20
EBB480
EBBAF0
EBC270
EBCB00
EBD4B0
EBDF60
EBEB20
EBF7F0
EC05D0
EC14C0
EC24C0
EC35D0
EC4800
EC5B10
EC6F30
EC8440
EC9A50
ECB160
ECC960
ECE260
ECFC60
ED1750
ED3340
ED5030
ED6E10
ED8CF0
EDACD0
EDCDA0
EDEF70
EE1210
EE3590
EE59E0
EE7F00
EEA500
EECBD0
EEF370
EF1BE0
EF4530
EF6F50
EF9A40
EFC610
EFF2B0
F02020
F04E60
F07D80
F0AD40
F0DDA0
F10EB0
F14060
F172C0
F1A5C0
F1D960
F20DB0
F24290
F27830
F2AE60
F2E540
F31CD0
F354F0
F38DC0
F3C740
F40120
F43B70
F47620
F4B150
F4ECE0
F528E0
F56540
F5A220
F5DF60
F61D10
F65B20
F699B0
F6D8A0
F71800
F757C0
F79800
F7D860
F818F0
F859B0
F89AA0
F8DBB0
F91D00
F95E70
F9A010
F9E1E0
FA23E0
FA6600
FAA860
FAEAE0
FB2DA0
FB7080
FBB380
FBF680
FC3960
FC7C40
FCBF00
FD01A0
FD4440
FD86C0
FDC930
FE0B80
FE4DD0
FE9000
FED220
FF1430
FF5620
FF9800
FFD9D0
001B50
005C80
009D50
00DDD0
011DF0
015DD0
019D50
01DC80
021B50
0259E0
029810
02D5E0
031370
0350A0
038D80
03CA10
040610
044170
047C50
04B6A0
04F060
052990
056230
059A40
05D1D0
0608C0
063F20
067500
06AA40
06DF00
071320
0746C0
077990
07ABA0
07DCF0
080D80
083D40
086C50
089A90
08C800
08F4C0
0920B0
094BE0
097650
09A000
09C8E0
09F100
0A1860
0A3ED0
0A6460
0A88F0
0AACA0
0ACF70
0AF150
0B1240
0B3240
0B5160
0B6F80
0B8CD0
0BA920
0BC490
0BDF10
0BF8B0
0C1150
0C2900
0C3FA0
0C5530
0C69C0
0C7D40
0C8FD0
0CA140
0CB1B0
0CC120
0CCF80
0CDCE0
0CE940
0CF490
0CFED0
0D0810
0D1050
0D1770
0D1D90
0D2290
0D2690
0D2970
0D2B40
0D2C10
0D2BC0
0D2A60
0D27F0
0D2470
0D1FE0
0D1A40
0D1390
0D0BD0
0D0300
0CF920
0CEE30
0CE240
0CD540
0CC740
0CB820
0CA800
0C96E0
0C84A0
0C7160
0C5D10
0C47C0
0C3160
0C19F0
0C0180
0BE7F0
0BCD80
0BB220
0B95C0
0B7880
0B5A40
0B3B10
0B1B00
0AF9F0
0AD7F0
0AB500
0A9120
0A6C40
0A4680
0A1FD0
09F820
09CF90
09A630
097C00
095110
092560
08F8D0
08CB90
089D80
086EA0
083F00
080EA0
07DD70
07AB70
0778B0
074530
0710E0
06DBC0
06A620
066FF0
063920
0601D0
05C9F0
059180
055880
051EF0
04E4E0
04AA30
046F00
043330
03F6E0
03BA00
037C90
033E80
030040
02C1A0
0282D0
0243A0
020430
01C470
018470
014420
010380
00C2A0
008170
004000
FFFE30
FFBC30
FF79D0
FF3740
FEF4A0
FEB200
FE6F60
FE2CD0
FDEA30
FDA7A0
FD6500
FD2270
FCDFE0
FC9D50
FC5AC0
FC1830
FBD5B0
FB9320
FB5090
FB0E10
FACBD0
FA89F0
FA4850
FA0710
F9C610
F98570
F94520
F90510
F8C560
F88600
F846E0
F80820
F7C9B0
F78B80
F74DB0
F71030
F6D340
F696F0
F65B40
F62020
F5E5A0
F5ABB0
F57260
F539B0
F50190
F4CA10
F49320
F45CD0
F42720
F3F200
F3BD80
F389A0
F35690
F32460
F2F300
F2C280
F292D0
F26400
F23610
F208F0
F1DCB0
F1B150
F186C0
F15D10
F13430
F10C30
F0E500
F0BEC0
F09970
F07530
F05200
F02FD0
F00EB0
EFEE90
EFCF80
EFB180
EF9480
EF7880
EF5D90
EF43A0
EF2AD0
EF12F0
EEFC20
EEE660
EED1C0
EEBE40
EEABF0
EE9AC0
EE8AB0
EE7BD0
EE6E10
EE6170
EE5600
EE4BB0
EE4280
EE3A80
EE33A0
EE2DF0
EE2950
EE25F0
EE23A0
EE2290
EE22A0
EE23E0
EE2640
EE29D0
EE2E90
EE3470
EE3B80
EE43C0
EE4D30
EE57C0
EE6370
EE7060
EE7E70
EE8DA0
EE9E00
EEAF60
EEC1E0
EED580
EEEA30
EF0000
EF16E0
EF2EE0
EF47F0
EF6220
EF7D60
EF99C0
EFB730
EFD5C0
EFF570
F01620
F037D0
F05A70
F07DF0
F0A270
F0C7E0
F0EE30
F11570
F13DB0
F166D0
F190E0
F1BBE0
F1E7E0
F214C0
F24290
F27150
F2A0F0
F2D150
F30270
F33430
F366B0
F399D0
F3CDB0
F40240
F43780
F46D80
F4A420
F4DB80
F51390
F54C50
F585C0
F5BFF0
F5FAC0
F63600
F671B0
F6ADC0
F6EA40
F72720
F76470
F7A220
F7E040
F81ED0
F85DC0
F89D10
F8DCD0
F91D00
F95D90
F99E90
F9DFF0
FA2170
FA6300
FAA4B0
FAE670
FB2850
FB6A40
FBAC50
FBEE70
FC30B0
FC7300
FCB560
FCF7F0
FD3A80
FD7D30
FDC000
FE02E0
FE4590
FE8800
FECA30
FF0C30
FF4E00
FF8F90
FFD0F0
001210
0052F0
0093A0
00D420
011460
015460
019430
01D3D0
021320
025200
029060
02CE40
030B90
034870
0384C0
03C090
03FBE0
0436B0
047100
04AAD0
04E410
051CE0
055520
058CE0
05C430
05FAB0
063080
066590
0699E0
06CD70
070050
073260
0763C0
079470
07C450
07F380
0821F0
084FA0
087C90
08A8D0
08D450
08FEF0
0928A0
095180
097970
09A090
09C6C0
09EC10
0A1080
0A3410
0A56C0
0A7890
0A9980
0AB980
0AD8B0
0AF6F0
0B1450
0B30C0
0B4C50
0B66E0
0B8080
0B9940
0BB100
0BC7E0
0BDDC0
0BF2C0
0C06C0
0C19E0
0C2C00
0C3D40
0C4D80
0C5CE0
0C6B50
0C78D0
0C8570
0C9130
0C9C00
0CA5F0
0CAEF0
0CB710
0CBE50
0CC4B0
0CCA20
0CCEA0
0CD250
0CD510
0CD6E0
0CD7E0
0CD7E0
0CD730
0CD5B0
0CD370
0CD070
0CCCA0
0CC810
0CC2B0
0CBC90
0CB5B0
0CAE00
0CA5A0
0C9C60
0C9270
0C87B0
0C7C30
0C6FE0
0C6310
0C55A0
0C47A0
0C3910
0C29F0
0C1A40
0C0A00
0BF920
0BE7C0
0BD5C0
0BC340
0BB020
0B9C70
0B8840
0B7370
0B5E00
0B4850
0B3250
0B1C00
0B0560
0AEE60
0AD720
0ABF80
0AA790
0A8F60
0A76D0
0A5DF0
0A44C0
0A2B40
0A1170
09F750
09DCE0
09C260
09A7D0
098D40
0972A0
0957F0
093D40
092270
0907A0
08ECD0
08D1E0
08B6F0
089BF0
0880F0
0865D0
084AB0
082F90
081490
07F9E0
07DF50
07C500
07AAF0
079110
077770
075E00
0744D0
072BD0
071300
06FA70
06E220
06CA00
06B220
069A70
068320
066C50
0655F0
064000
062A80
061570
0600D0
05ECA0
05D8D0
05C580
05B2A0
05A030
058E20
057C90
056B70
055AB0
054A90
053B10
052C20
051DD0
051010
0502E0
04F650
04EA60
04DF00
04D430
04CA00
04C060
04B760
04AF00
04A720
049FF0
049960
049370
048E30
0489A0
0485C0
048280
047FF0
047E00
047CC0
047C30
047C40
047D00
047E70
048080
048340
0486B0
048AC0
048F70
0494D0
049AD0
04A180
04A8C0
04B0C0
04B950
04C2A0
04CC80
04D710
04E240
04EE20
04FAA0
0507D0
051590
0523F0
0532D0
054240
055230
0562B0
0573C0
058550
059770
05AA20
05BD50
05D110
05E550
05FA20
060F80
062570
063BE0
0652A0
0669D0
068150
069930
06B160
06C9F0
06E2E0
06FC30
0715D0
072FD0
074A30
0764F0
078000
079B70
07B730
07D360
07EFA0
080C00
082880
084520
0861D0
087EB0
089BA0
08B8C0
08D5F0
08F340
0910B0
092E40
094BF0
0969B0
0987A0
09A5A0
09C380
09E140
09FED0
0A1C40
0A3990
0A56B0
0A73B0
0A9080
0AAD30
0AC9C0
0AE630
0B0270
0B1E80
0B3A80
0B5650
0B71F0
0B8D30
0BA810
0BC280
0BDC90
0BF630
0C0F60
0C2830
0C4090
0C5890
0C7030
0C8760
0C9E20
0CB480
0CCA70
0CE000
0CF520
0D09A0
0D1D80
0D30C0
0D4360
0D5550
0D66B0
0D7760
0D8770
0D96E0
0DA5A0
0DB3D0
0DC160
0DCE40
0DDA80
0DE620
0DF120
0DFB50
0E04B0
0E0D50
0E1510
0E1C10
0E2240
0E27B0
0E2C40
0E3010
0E3310
0E3540
0E36A0
0E3730
0E3700
0E3600
0E3430
0E3180
0E2DF0
0E2970
0E2410
0E1DE0
0E16C0
0E0EB0
0E05D0
0DFC00
0DF160
0DE5D0
0DD950
0DCC00
0DBDD0
0DAEB0
0D9EB0
0D8DD0
0D7C10
0D6980
0D5600
0D41A0
0D2C60
0D1640
0CFF50
0CE770
0CCEB0
0CB510
0C9AA0
0C7F40
0C6300
0C45F0
0C27F0
0C0930
0BE9B0
0BC960
0BA850
0B8680
0B63F0
0B4090
0B1C70
0AF780
0AD1D0
0AAB60
0A8430
0A5C30
0A3370
0A09E0
09DFA0
09B4C0
098940
095D30
093090
090350
08D580
08A720
087820
084890
081870
07E7B0
07B660
078470
075200
071EE0
06EB40
06B740
0682E0
064E30
061930
05E3E0
05AE30
057820
0541C0
050B10
04D410
049CB0
0464F0
042CE0
03F480
03BBD0
0382C0
0349A0
031070
02D740
029E00
0264B0
022B60
01F200
01B890
017F10
014590
010C00
00D260
0098B0
005F00
002530
FFEB70
FFB1E0
FF7890
FF3F80
FF06C0
FECE30
FE95E0
FE5DE0
FE2620
FDEE90
FDB750
FD8050
FD4980
FD1300
FCDCC0
FCA6C0
FC7100
FC3BC0
FC0710
FBD2F0
FB9F40
FB6C30
FB3990
FB0780
FAD600
FAA500
FA7480
FA4490
FA1530
F9E650
F9B7F0
F98A10
F95CD0
F93040
F90470
F8D960
F8AF20
F88590
F85CD0
F834C0
F80D80
F7E700
F7C130
F79C30
F777F0
F75470
F731B0
F70FB0
F6EE80
F6CE20
F6AEB0
F69030
F67290
F655E0
F63A10
F61F20
F60530
F5EC10
F5D3E0
F5BCA0
F5A640
F590C0
F57C30
F56890
F555C0
F54400
F53330
F52350
F51470
F50690
F4F9A0
F4EDB0
F4E2B0
F4D8A0
F4CFA0
F4C780
F4C070
F4BA40
F4B520
F4B0E0
F4ADB0
F4AB60
F4AA10
F4A9A0
F4AA30
F4ABB0
F4AE10
F4B170
F4B5C0
F4BB10
F4C140
F4C860
F4D070
F4D980
F4E370
F4EE60
F4FA40
F506F0
F51470
F522D0
F531F0
F541F0
F552C0
F56470
F576E0
F58A30
F59E50
F5B350
F5C910
F5DFB0
F5F720
F60F60
F62880
F64230
F65C90
F67790
F69330
F6AF80
F6CC60
F6E9F0
F70810
F726E0
F74650
F76670
F78720
F7A870
F7CA70
F7ED10
F81050
F833F0
F857F0
F87C60
F8A130
F8C650
F8EBE0
F911E0
F93830
F95EE0
F98600
F9AD80
F9D560
F9FDA0
FA2640
FA4F50
FA78B0
FAA240
FACBE0
FAF5A0
FB1F80
FB4970
FB7390
FB9DC0
FBC810
FBF270
FC1D00
FC47A0
FC7260
FC9D40
FCC840
FCF350
FD1E90
FD4990
FD7470
FD9F20
FDC9B0
FDF410
FE1E40
FE4850
FE7230
FE9BE0
FEC570
FEEED0
FF1800
FF4100
FF69E0
FF92A0
FFBB20
FFE340
000B00
003240
005920
007F90
00A5A0
00CB40
00F070
011530
013990
015D80
018100
01A420
01C6D0
01E920
020AF0
022C30
024CD0
026CD0
028C20
02AAE0
02C900
02E680
030360
031F90
033B30
035630
037090
038A50
03A370
03BBF0
03D3D0
03EAF0
040140
0416E0
042BB0
043FC0
045310
046590
047760
048860
0498A0
04A820
04B6D0
04C4D0
04D200
04DE70
04EA20
04F500
04FF00
050830
051090
051820
051EE0
0524C0
0529D0
052E10
053180
053420
0535E0
0536D0
0536F0
053640
0534C0
053260
052F40
052B50
052690
0520F0
051A90
051360
050B60
050290
04F8F0
04EE70
04E330
04D720
04CA40
04BC90
04AE20
049EE0
048EF0
047E50
046CF0
045AD0
044800
043470
042030
040B40
03F590
03DF20
03C800
03B020
039790
037E40
036440
0349A0
032E80
0312C0
02F670
02D990
02BC20
029E10
027F80
026050
024090
022040
01FF50
01DDE0
01BBD0
019930
017600
015270
012E80
010A30
00E580
00C060
009AF0
007520
004EF0
002860
000160
FFDA10
FFB260
FF8A40
FF61D0
FF3900
FF0FC0
FEE660
FEBCE0
FE9330
FE6950
FE3F50
FE1530
FDEAE0
FDC060
FD95C0
FD6AF0
FD4000
FD14E0
FCE9A0
FCBE30
FC9290
FC66E0
FC3B30
FC0F90
FBE400
FBB890
FB8D30
FB61E0
FB36A0
FB0B70
FAE050
FAB540
FA8A50
FA5F60
FA3490
FA09D0
F9DF20
F9B480
F98A30
F96020
F93650
F90CE0
F8E3A0
F8BAB0
F89210
F869B0
F841A0
F819D0
F7F250
F7CB10
F7A420
F77D70
F75710
F730F0
F70B50
F6E620
F6C170
F69D30
F67960
F65610
F63340
F610E0
F5EEF0
F5CD80
F5AC80
F58C00
F56BF0
F54C60
F52D40
F50EA0
F4F090
F4D320
F4B650
F49A20
F47E80
F46380
F44920
F42F50
F41620
F3FD90
F3E5A0
F3CE40
F3B780
F3A160
F38BE0
F376F0
F362C0
F34F30
F33C60
F32A40
F318E0
F30820
F2F820
F2E8D0
F2DA30
F2CC40
F2BF10
F2B280
F2A6B0
F29B90
F29130
F28770
F27E80
F27640
F26EC0
F26800
F26200
F25CC0
F25840
F25480
F25180
F24F40
F24DB0
F24CF0
F24CE0
F24D90
F24F00
F25140
F25420
F257D0
F25C30
F26150
F26730
F26DD0
F27520
F27D30
F28600
F28F80
F299D0
F2A4D0
F2B080
F2BD00
F2CA30
F2D820
F2E6C0
F2F610
F30600
F316B0
F32800
F33A10
F34CC0
F36020
F37430
F388F0
F39E60
F3B480
F3CB40
F3E2C0
F3FAE0
F413C0
F42D20
F44730
F461C0
F47CF0
F498B0
F4B500
F4D1F0
F4EF80
F50D90
F52C40
F54B90
F56B60
F58BD0
F5ACE0
F5CE70
F5F0B0
F61350
F63670
F65A10
F67E20
F6A2A0
F6C7A0
F6ED10
F71300
F73970
F76040
F787A0
F7AF60
F7D7A0
F80060
F82990
F85340
F87D40
F8A780
F8D220
F8FD20
F92860
F95400
F97FF0
F9AC20
F9D8C0
FA05A0
FA32D0
FA6060
FA8E40
FABC70
FAEAF0
FB19C0
FB48C0
FB77F0
FBA750
FBD6D0
FC0680
FC3670
FC6670
FC96B0
FCC710
FCF7A0
FD2860
FD5950
FD8A70
FDBBB0
FDED20
FE1EC0
FE5060
FE8210
FEB3C0
FEE570
FF1720
FF48E0
FF7AA0
FFAC70
FFDE30
001010
0041E0
0073C0
00A5A0
00D780
010970
013B60
016D30
019EE0
01D070
0201E0
023330
026460
029570
02C660
02F730
0327D0
035860
0388D0
03B920
03E940
041950
044940
0478E0
04A850
04D770
050650
0534F0
056350
059170
05BF40
05ECE0
061A30
064740
067410
06A0A0
06CCE0
06F8F0
0724B0
075020
077B20
07A5C0
07D010
07F9F0
082370
084CA0
087560
089DD0
08C5D0
08ED70
0914C0
093BA0
096220
098850
09AE10
09D360
09F840
0A1CA0
0A4080
0A6400
0A8700
0AA980
0ACB90
0AED30
0B0E50
0B2EF0
0B4F30
0B6EF0
0B8E30
0BAD00
0BCB60
0BE930
0C0670
0C2340
0C3F70
0C5B20
0C7640
0C90E0
0CAB00
0CC490
0CDD90
0CF610
0D0E00
0D2570
0D3C50
0D52A0
0D6880
0D7DC0
0D9270
0DA680
0DBA10
0DCD10
0DDF70
0DF150
0E0290
0E1340
0E2360
0E32F0
0E41F0
0E5060
0E5E40
0E6B80
0E7840
0E8460
0E8FF0
0E9AF0
0EA550
0EAF30
0EB870
0EC120
0EC930
0ED0C0
0ED7B0
0EDE10
0EE3D0
0EE910
0EEDB0
0EF1C0
0EF530
0EF820
0EFA80
0EFC50
0EFDA0
0EFE50
0EFE80
0EFE20
0EFD30
0EFBB0
0EF9B0
0EF720
0EF3F0
0EF040
0EEC00
0EE740
0EE1E0
0EDC10
0ED5B0
0ECEE0
0EC780
0EBFB0
0EB750
0EAE80
0EA520
0E9B40
0E90F0
0E8610
0E7AC0
0E6EE0
0E6280
0E55B0
0E4850
0E3A90
0E2C60
0E1DC0
0E0EB0
0DFF40
0DEF60
0DDF10
0DCE60
0DBD30
0DABA0
0D99B0
0D8740
0D7470
0D6130
0D4D80
0D3970
0D2500
0D1050
0CFB40
0CE5E0
0CD030
0CBA30
0CA3D0
0C8D30
0C7640
0C5EF0
0C4750
0C2F60
0C1720
0BFE90
0BE5B0
0BCC80
0BB310
0B9970
0B7FA0
0B65A0
0B4B70
0B3100
0B1660
0AFB90
0AE080
0AC540
0AA9D0
0A8E30
0A7260
0A5650
0A3A10
0A1DA0
0A0120
09E480
09C7D0
09AB10
098E40
097160
095460
093760
091A40
08FD10
08DFC0
08C270
08A500
088780
0869F0
084C50
082EB0
081130
07F3B0
07D640
07B8E0
079B90
077E50
076110
0743E0
0726D0
0709C0
06ECB0
06CFC0
06B2E0
069600
067930
065C90
064020
0623D0
0607C0
05EBD0
05D000
05B470
059900
057DD0
0562C0
0547D0
052D20
051290
04F830
04DE00
04C3F0
04AA30
0490C0
047780
045EA0
0445F0
042D90
041580
03FDB0
03E620
03CED0
03B7E0
03A120
038AB0
037480
035EA0
034900
0333C0
031ED0
030A50
02F610
02E240
02CEC0
02BBA0
02A8E0
029670
028460
0272B0
026150
025050
023FB0
022F60
021F80
020FF0
0200D0
01F220
01E3D0
01D5E0
01C860
01BB40
01AE90
01A240
019660
018AE0
017FD0
017520
016AD0
0160F0
015780
014E70
0145D0
013D90
0135D0
012E70
012780
0120F0
011AE0
011530
010FE0
010B10
0106A0
0102A0
00FF10
00FBE0
00F930
00F6D0
00F4E0
00F360
00F240
00F180
00F130
00F150
00F1D0
00F2B0
00F400
00F5B0
00F7C0
00FA50
00FD30
010080
010440
010850
010CC0
011180
0116A0
011C20
012200
012830
012EC0
0135A0
013CE0
014480
014C80
0154D0
015D80
016680
016FF0
017990
018380
018DC0
019840
01A310
01AE20
01B970
01C510
01D0F0
01DD20
01E9A0
01F650
020360
0210A0
021E40
022C10
023A20
024860
0256D0
026570
027440
028340
029270
02A1D0
02B160
02C130
02D120
02E140
02F1A0
030230
0312E0
0323D0
0334D0
0345F0
035720
036870
0379D0
038B50
039CF0
03AEA0
03C060
03D240
03E440
03F650
040870
041AC0
042D10
043F90
045200
046470
0476E0
048960
049BD0
04AE40
04C0B0
04D320
04E5A0
04F810
050A80
051CF0
052F60
0541D0
055440
0566C0
057910
058B60
059D90
05AFA0
05C1A0
05D390
05E570
05F730
0608D0
061A70
062BF0
063D50
064EA0
065FE0
067110
068220
069300
06A3C0
06B460
06C4E0
06D530
06E560
06F570
070550
071510
0724A0
073410
074360
075290
076190
077060
077F20
078DA0
079C00
07AA20
07B820
07C5F0
07D380
07E0F0
07EE30
07FB40
080830
0814E0
082160
082DB0
0839E0
0845D0
0851A0
085D30
0868A0
0873D0
087ED0
0889A0
089430
089EA0
08A8E0
08B2E0
08BCB0
08C650
08CFC0
08D900
08E210
08EAE0
08F390
08FC00
090450
090C70
091450
091C10
0923A0
092B00
093230
093930
094010
0946B0
094D20
095370
095980
095F70
096530
096AC0
097030
097580
097AB0
097FB0
098490
098950
098DE0
099250
0996A0
099AD0
099ED0
09A2B0
09A660
09AA00
09AD70
09B0C0
09B400
09B730
09BA40
09BD40
09C020
09C2F0
09C5B0
09C850
09CAE0
09CD50
09CFB0
09D1F0
09D420
09D630
09D840
09DA30
09DC20
09DE10
09DFF0
09E1C0
09E390
09E560
09E720
09E8D0
09EA80
09EC30
09EDD0
09EF60
09F0F0
09F280
09F3F0
09F580
09F700
09F8A0
09FA30
09FBD0
09FD70
09FF20
0A00D0
0A0280
0A0440
0A0600
0A07D0
0A0990
0A0B70
0A0D40
0A0F30
0A1120
0A1320
0A1530
0A1760
0A1990
0A1BE0
0A1E40
0A20A0
0A2320
0A25B0
0A2850
0A2B10
0A2DD0
0A30A0
0A3390
0A3680
0A3990
0A3CC0
0A4000
0A4360
0A46D0
0A4A60
0A4E00
0A51C0
0A5590
0A5980
0A5D90
0A61A0
0A65E0
0A6A30
0A6E90
0A7320
0A77B0
0A7C60
0A8130
0A8610
0A8B10
0A9020
0A9550
0A9AA0
0AA000
0AA570
0AAB00
0AB0B0
0AB670
0ABC40
0AC240
0AC840
0ACE60
0AD490
0ADAE0
0AE130
0AE7A0
0AEE20
0AF4B0
0AFB50
0B0200
0B08D0
0B0FA0
0B1690
0B1D90
0B24B0
0B2BD0
0B3310
0B3A50
0B4190
0B48E0
0B5040
0B5790
0B5EF0
0B6660
0B6DD0
0B7540
0B7CC0
0B8450
0B8BD0
0B9360
0B9B00
0BA2A0
0BAA40
0BB1E0
0BB970
0BC0F0
0BC870
0BCFE0
0BD750
0BDEB0
0BE600
0BED50
0BF490
0BFBC0
0C02F0
0C0A10
0C1120
0C1830
0C1F30
0C2610
0C2CE0
0C3380
0C3A00
0C4070
0C46C0
0C4CE0
0C52F0
0C58E0
0C5EB0
0C6460
0C69F0
0C6F70
0C74C0
0C79F0
0C7F10
0C83F0
0C88A0
0C8D20
0C9160
0C9580
0C9960
0C9D00
0CA080
0CA3C0
0CA6D0
0CA9B0
0CAC60
0CAED0
0CB110
0CB320
0CB500
0CB690
0CB7E0
0CB8E0
0CB990
0CBA10
0CBA30
0CBA20
0CB9B0
0CB900
0CB810
0CB6D0
0CB550
0CB390
0CB170
0CAF20
0CAC70
0CA980
0CA630
0CA280
0C9E80
0C9A20
0C9570
0C9070
0C8B00
0C8550
0C7F40
0C78D0
0C7210
0C6B00
0C6390
0C5BC0
0C53B0
0C4B20
0C4240
0C3900
0C2F60
0C2550
0C1AE0
0C1010
0C04F0
0BF950
0BED60
0BE110
0BD460
0BC740
0BB9C0
0BABE0
0B9DB0
0B8F00
0B8000
0B7090
0B60C0
0B5080
0B3FE0
0B2EE0
0B1D80
0B0BB0
0AF980
0AE6E0
0AD3E0
0AC080
0AACC0
0A9890
0A8400
0A6F10
0A59C0
0A4410
0A2E00
0A1790
0A00C0
09E9A0
09D210
09BA20
09A1D0
098930
097020
0956C0
093CF0
0922D0
090840
08ED70
08D240
08B6C0
089AF0
087EE0
086260
0845A0
082890
080B30
07ED70
07CF70
07B110
079260
077360
075410
073470
071490
06F470
06D420
06B380
0692B0
0671A0
065050
062EC0
060D00
05EAF0
05C8B0
05A630
058370
056070
053D40
0519C0
04F630
04D270
04AE90
048A90
046670
044220
041DB0
03F920
03D470
03AFA0
038AA0
036590
034050
031AF0
02F560
02CFC0
02AA10
028460
025EA0
0238F0
021330
01ED60
01C7A0
01A1D0
017BF0
015620
013040
010A60
00E470
00BE80
009890
0072A0
004CC0
002700
000150
FFDBC0
FFB650
FF9100
FF6BC0
FF4690
FF2180
FEFC90
FED7C0
FEB300
FE8E60
FE69E0
FE4570
FE2110
FDFD00
FDD910
FDB560
FD91F0
FD6EB0
FD4BB0
FD28E0
FD0640
FCE3E0
FCC1B0
FC9FC0
FC7E10
FC5C80
FC3B40
FC1A20
FBF950
FBD8C0
FBB880
FB98A0
FB7900
FB59B0
FB3AC0
FB1C20
FAFDC0
FADFC0
FAC210
FAA4B0
FA8790
FA6AD0
FA4E60
FA3240
FA1680
F9FB10
F9E010
F9C570
F9AB30
F99150
F977E0
F95ED0
F94630
F92DE0
F91600
F8FE80
F8E770
F8D0C0
F8BA70
F8A480
F88F00
F879E0
F86540
F85110
F83D50
F82A00
F81720
F804A0
F7F2A0
F7E120
F7D000
F7BF50
F7AF10
F79F40
F78FE0
F78100
F77280
F76480
F756F0
F749D0
F73D30
F730F0
F72540
F719F0
F70F20
F704C0
F6FAD0
F6F150
F6E850
F6DFC0
F6D7B0
F6D000
F6C8D0
F6C220
F6BBD0
F6B5F0
F6B080
F6AB80
F6A6F0
F6A2D0
F69F20
F69BE0
F69910
F696B0
F694C0
F69340
F69230
F69190
F69170
F691A0
F69240
F69330
F694A0
F69660
F69890
F69B20
F69E10
F6A160
F6A520
F6A940
F6ADC0
F6B2B0
F6B7F0
F6BDA0
F6C3C0
F6CA20
F6D0D0
F6D7E0
F6DF30
F6E6E0
F6EEE0
F6F730
F6FFD0
F708C0
F71200
F71B90
F72570
F72FB0
F73A30
F74510
F75030
F75BA0
F76740
F77310
F77F20
F78B70
F79800
F7A4C0
F7B1C0
F7BEF0
F7CC60
F7DA10
F7E800
F7F620
F80480
F81310
F821E0
F830D0
F83FE0
F84F10
F85E70
F86DE0
F87D70
F88D20
F89CF0
F8ACF0
F8BD00
F8CD30
F8DD90
F8EE00
F8FE90
F90F50
F92020
F93100
F941E0
F952D0
F963C0
F974B0
F985B0
F996B0
F9A7B0
F9B8C0
F9C9E0
F9DAF0
F9EC10
F9FD40
FA0E70
FA1FA0
FA30D0
FA4200
FA5310
FA6410
FA7500
FA85D0
FA96A0
FAA750
FAB7F0
FAC880
FAD900
FAE970
FAF9C0
FB0A00
FB1A30
FB2A50
FB3A60
FB4A40
FB5A00
FB6990
FB7900
FB8840
FB9760
FBA650
FBB510
FBC3C0
FBD230
FBE090
FBEEB0
FBFCC0
FC0A90
FC1850
FC25D0
FC3330
FC4040
FC4D30
FC59D0
FC6640
FC7280
FC7E80
FC8A50
FC95E0
FCA130
FCAC50
FCB740
FCC1F0
FCCC60
FCD6A0
FCE0B0
FCEA70
FCF3F0
FCFD30
FD0620
FD0EE0
FD1750
FD1F70
FD2760
FD2F00
FD3670
FD3D90
FD4460
FD4B00
FD5150
FD5760
FD5D30
FD62B0
FD67F0
FD6CE0
FD7190
FD75F0
FD7A00
FD7DD0
FD8160
FD84A0
FD8790
FD8A40
FD8CA0
FD8EC0
FD9090
FD9210
FD9360
FD9450
FD9500
FD9570
FD9590
FD9560
FD94F0
FD9440
FD9340
FD91F0
FD9060
FD8E90
FD8C70
FD8A00
FD8750
FD8460
FD8120
FD7DA0
FD79E0
FD75D0
FD7190
FD6D00
FD6830
FD6320
FD5DD0
FD5840
FD5270
FD4C50
FD4600
FD3F60
FD3880
FD3170
FD2A00
FD2270
FD1AA0
FD1290
FD0A40
FD01C0
FCF900
FCF010
FCE6E0
FCDD70
FCD3D0
FCC9F0
FCBFE0
FCB590
FCAB00
FCA040
FC9540
FC8A10
FC7EC0
FC7330
FC6770
FC5B90
FC4F70
FC4330
FC36C0
FC2A20
FC1D50
FC1050
FC0320
FBF5C0
FBE830
FBDA70
FBCC90
FBBE80
FBB050
FBA200
FB9390
FB84F0
FB7640
FB6760
FB5870
FB4950
FB3A10
FB2AB0
FB1B20
FB0B80
FAFBB0
FAEBC0
FADBC0
FACB90
FABB60
FAAB10
FA9AB0
FA8A30
FA79A0
FA68F0
FA5840
FA4770
FA3680
FA2580
FA1470
FA0350
F9F210
F9E0C0
F9CF50
F9BDE0
F9AC60
F99AD0
F98940
F977A0
F965F0
F95430
F94270
F930A0
F91EC0
F90CE0
F8FAE0
F8E8E0
F8D6E0
F8C4D0
F8B2A0
F8A080
F88E60
F87C30
F86A10
F857E0
F845B0
F83370
F82140
F80F00
F7FCD0
F7EA90
F7D850
F7C600
F7B3C0
F7A170
F78F30
F77CE0
F76AA0
F75860
F74620
F733F0
F721C0
F70F90
F6FD60
F6EB40
F6D920
F6C700
F6B4E0
F6A2D0
F690C0
F67EB0
F66CB0
F65AB0
F648C0
F636D0
F624F0
F61320
F60150
F5EF90
F5DDE0
F5CC30
F5BA90
F5A8F0
F59760
F585E0
F57460
F562F0
F55190
F54030
F52EF0
F51DB0
F50C80
F4FB60
F4EA50
F4D940
F4C850
F4B760
F4A690
F495C0
F48500
F47450
F463B0
F45310
F44290
F43210
F421B0
F41160
F40120
F3F0F0
F3E0D0
F3D0C0
F3C0D0
F3B0E0
F3A110
F39140
F38190
F371F0
F36260
F352E0
F34370
F33420
F324E0
F315B0
F306A0
F2F7B0
F2E8C0
F2DA00
F2CB40
F2BCA0
F2AE20
F29FB0
F29150
F28310
F274F0
F266D0
F258E0
F24B00
F23D40
F22F90
F22210
F214A0
F20760
F1FA30
F1ED20
F1E020
F1D350
F1C6A0
F1BA00
F1AD80
F1A120
F194E0
F188C0
F17CC0
F170F0
F16540
F159B0
F14E50
F14320
F13810
F12D20
F12260
F117C0
F10D50
F10300
F0F8D0
F0EED0
F0E500
F0DB40
F0D1C0
F0C880
F0BF60
F0B680
F0ADC0
F0A540
F09CF0
F094D0
F08CF0
F08530
F07DB0
F07660
F06F40
F06850
F06190
F05B10
F054C0
F04EC0
F04900
F04380
F03E30
F03930
F03480
F03000
F02BC0
F027C0
F02410
F02090
F01D60
F01A60
F017B0
F01540
F01320
F01150
F00FC0
F00E90
F00DB0
F00D20
F00CE0
F00CF0
F00D50
F00E00
F00F00
F01050
F011F0
F013E0
F01620
F018C0
F01BB0
F01F00
F022B0
F026C0
F02B30
F03000
F03540
F03AD0
F040C0
F04710
F04DC0
F054D0
F05C50
F06420
F06C50
F074E0
F07DE0
F08750
F09120
F09B70
F0A620
F0B140
F0BCC0
F0C8C0
F0D520
F0E1F0
F0EF30
F0FCD0
F10AF0
F11970
F12860
F137B0
F14780
F157D0
F16890
F179C0
F18B60
F19D80
F1B010
F1C320
F1D6A0
F1EA90
F1FF00
F213E0
F22940
F23F10
F25550
F26C00
F28330
F29AE0
F2B300
F2CBA0
F2E4B0
F2FE40
F31840
F332B0
F34DB0
F36910
F38500
F3A160
F3BE30
F3DB80
F3F940
F41780
F43630
F45550
F474F0
F494F0
F4B570
F4D660
F4F7D0
F519A0
F53BF0
F55EB0
F581E0
F5A580
F5C9A0
F5EE30
F61320
F638A0
F65E70
F684B0
F6AB50
F6D250
F6F9C0
F72190
F749C0
F77260
F79B60
F7C4C0
F7EE90
F818B0
F84350
F86E40
F899A0
F8C560
F8F170
F91DD0
F94A80
F97770
F9A4C0
F9D250
FA0030
FA2E60
FA5CE0
FA8BB0
FABAC0
FAEA30
FB19E0
FB49E0
FB7A40
FBAAD0
FBDBA0
FC0CA0
FC3DD0
FC6F20
FCA0B0
FCD260
FD0440
FD3660
FD68A0
FD9B10
FDCDB0
FE0070
FE3370
FE66A0
FE99F0
FECD80
FF0110
FF34A0
FF6840
FF9BE0
FFCF90
000340
003700
006AD0
009E90
00D270
010640
013A20
016E10
01A200
01D600
020A00
023DE0
0271A0
02A540
02D8B0
030C00
033F40
037250
03A530
03D800
040AB0
043D30
046F90
04A1D0
04D3F0
0505F0
0537D0
056960
059A90
05CB80
05FC30
062C80
065C80
068C40
06BBA0
06EAC0
071990
074810
077640
07A420
07D1B0
07FF00
082BF0
085870
088480
08B020
08DB40
0905E0
093020
0959E0
098320
09ABF0
09D450
09FC30
0A23A0
0A4AA0
0A7120
0A9730
0ABCD0
0AE1D0
0B0630
0B2A00
0B4D30
0B6FD0
0B91D0
0BB340
0BD410
0BF440
0C13E0
0C32F0
0C5160
0C6F30
0C8C70
0CA910
0CC520
0CE070
0CFB20
0D1510
0D2E60
0D46F0
0D5ED0
0D7600
0D8C80
0DA250
0DB770
0DCBE0
0DDF90
0DF2A0
0E04F0
0E16A0
0E2790
0E37D0
0E4740
0E5600
0E6400
0E7140
0E7DC0
0E8980
0E9480
0E9ED0
0EA860
0EB120
0EB930
0EC080
0EC710
0ECCF0
0ED200
0ED660
0EDA00
0EDCE0
0EDF00
0EE060
0EE110
0EE100
0EE020
0EDEA0
0EDC50
0ED940
0ED580
0ED100
0ECBC0
0EC5C0
0EBF10
0EB7A0
0EAF90
0EA6C0
0E9D50
0E9330
0E8850
0E7CD0
0E70A0
0E63C0
0E5630
0E47F0
0E3900
0E2960
0E1910
0E0810
0DF660
0DE420
0DD140
0DBDE0
0DA9D0
0D9540
0D8010
0D6A50
0D53F0
0D3D00
0D2580
0D0D60
0CF4C0
0CDB70
0CC1A0
0CA730
0C8C20
0C70B0
0C54C0
0C3870
0C1BA0
0BFE60
0BE0B0
0BC290
0BA3F0
0B84F0
0B6580
0B4590
0B2530
0B0460
0AE320
0AC170
0A9F50
0A7CE0
0A5A30
0A3730
0A13F0
09F060
09CC90
09A870
098410
095F60
093A70
091530
08EFB0
08C9E0
08A3D0
087D70
0856D0
083010
080930
07E230
07BB20
0793F0
076C90
074530
071DA0
06F5F0
06CE30
06A650
067E50
065630
062E00
0605B0
05DD30
05B4D0
058C80
056430
053BF0
0513C0
04EBA0
04C380
049B70
047370
044B80
0423A0
03FBC0
03D400
03AC40
038490
035CE0
033570
030E30
02E710
02C030
029980
027300
024CA0
022680
020090
01DAD0
01B530
018FD0
016AA0
0145A0
0120D0
00FC20
00D7D0
00B3C0
009000
006C90
004960
002690
0003F0
FFE1B0
FFBFB0
FF9E00
FF7CA0
FF5B90
FF3AC0
FF1A40
FEFA10
FEDA20
FEBA90
FE9B60
FE7C90
FE5E20
FE4000
FE2240
FE04E0
FDE7D0
FDCB30
FDAEE0
FD92F0
FD7750
FD5C20
FD4140
FD26C0
FD0C90
FCF2D0
FCD970
FCC070
FCA7E0
FC8FA0
FC77D0
FC6060
FC4950
FC32B0
FC1C60
FC0680
FBF100
FBDBE0
FBC720
FBB2C0
FB9ED0
FB8B30
FB7800
FB6520
FB52A0
FB4090
FB2ED0
FB1D70
FB0C70
FAFBD0
FAEB90
FADBB0
FACC30
FABD10
FAAE50
FA9FF0
FA91E0
FA8430
FA76D0
FA69D0
FA5D20
FA50C0
FA44B0
FA38F0
FA2D90
FA2280
FA17C0
FA0D60
FA0340
F9F980
F9F020
F9E700
F9DE40
F9D5C0
F9CD80
F9C590
F9BDE0
F9B680
F9AF60
F9A880
F9A1E0
F99B90
F99580
F98FC0
F98A40
F98500
F98010
F97B60
F976F0
F972C0
F96EC0
F96AF0
F96760
F96400
F960E0
F95DF0
F95B30
F958A0
F95650
F95440
F95250
F950A0
F94F30
F94DE0
F94CE0
F94BF0
F94B30
F94AA0
F94A30
F949F0
F949E0
F949F0
F94A20
F94A80
F94B00
F94BC0
F94C90
F94D90
F94EC0
F95010
F95190
F95330
F954E0
F956C0
F958B0
F95AD0
F95D00
F95F60
F961D0
F96460
F96720
F969F0
F96CE0
F96FF0
F97320
F97670
F979E0
F97D70
F98120
F984E0
F988D0
F98CE0
F99100
F99550
F999B0
F99E30
F9A2D0
F9A7A0
F9AC80
F9B180
F9B6A0
F9BBE0
F9C130
F9C6B0
F9CC60
F9D220
F9D810
F9DE20
F9E450
F9EAA0
F9F120
F9F7C0
F9FE80
FA0560
FA0C70
FA1390
FA1AE0
FA2250
FA29F0
FA31B0
FA39A0
FA41D0
FA4A20
FA52A0
FA5B50
FA6440
FA6D50
FA7690
FA8000
FA89A0
FA9370
FA9D70
FAA7A0
FAB200
FABC90
FAC760
FAD260
FADDB0
FAE930
FAF4F0
FB00F0
FB0D20
FB19A0
FB2650
FB3340
FB4070
FB4DD0
FB5B80
FB6960
FB7780
FB85E0
FB9490
FBA380
FBB2C0
FBC250
FBD220
FBE240
FBF2B0
FC0370
FC1470
FC25C0
FC3760
FC4940
FC5B80
FC6E00
FC80C0
FC93E0
FCA740
FCBB00
FCCF20
FCE380
FCF840
FD0D50
FD22C0
FD3880
FD4E90
FD64F0
FD7BB0
FD92C0
FDAA30
FDC1E0
FDD9F0
FDF260
FE0B10
FE2430
FE3D90
FE5750
FE7160
FE8BD0
FEA6A0
FEC1B0
FEDD20
FEF8F0
FF1510
FF3180
FF4E50
FF6B70
FF88E0
FFA6B0
FFC4D0
FFE340
000200
002100
004060
006000
007FF0
00A030
00C0C0
00E190
0102C0
012430
014600
016810
018A70
01AD20
01D000
01F320
021670
023A00
025DC0
0281B0
02A5E0
02CA40
02EEE0
0313B0
0338B0
035DF0
038360
03A910
03CEF0
03F510
041B40
044180
0467D0
048E30
04B4B0
04DB40
0501F0
0528A0
054F70
057650
059D50
05C450
05EB70
0612A0
0639F0
066140
068880
06AFB0
06D6B0
06FDA0
072470
074B30
0771D0
079850
07BEC0
07E500
080B40
083150
085750
087D30
08A2F0
08C8A0
08EE00
091300
0937C0
095C30
098050
09A420
09C7A0
09EAE0
0A0DC0
0A3050
0A52A0
0A7490
0A9630
0AB790
0AD8A0
0AF950
0B1990
0B3930
0B5860
0B76F0
0B9510
0BB2A0
0BCFA0
0BEC20
0C0820
0C2390
0C3E70
0C58D0
0C72B0
0C8C00
0CA4D0
0CBD10
0CD4A0
0CEB70
0D0180
0D16E0
0D2B90
0D3F70
0D52B0
0D6520
0D76E0
0D87F0
0D9840
0DA7D0
0DB6B0
0DC4D0
0DD240
0DDEF0
0DEAB0
0DF5A0
0DFFB0
0E08D0
0E1120
0E1880
0E1F00
0E24B0
0E2970
0E2D40
0E3040
0E3260
0E33A0
0E33F0
0E3360
0E3200
0E2F90
0E2C40
0E27E0
0E2290
0E1C50
0E1510
0E0CE0
0E03B0
0DF980
0DEE60
0DE240
0DD530
0DC730
0DB820
0DA830
0D9730
0D8550
0D7260
0D5E80
0D49A0
0D33D0
0D1D00
0D0530
0CEC70
0CD2C0
0CB800
0C9C50
0C7FB0
0C6200
0C4360
0C23D0
0C0340
0BE1D0
0BBF70
0B9C30
0B7810
0B5310
0B2D30
0B0660
0ADEB0
0AB620
0A8CB0
0A6250
0A3710
0A0AF0
09DDF0
09B000
098140
0951C0
092180
08F090
08BEF0
088CA0
085990
0825D0
07F160
07BC30
078660
074FC0
071880
06E080
06A7C0
066E60
063440
05F9B0
05BEB0
058330
054750
050AF0
04CE20
0490E0
045330
041500
03D660
039760
0357E0
0317E0
02D780
0296A0
025560
0213F0
01D260
0190C0
014EF0
010D10
00CB00
0088E0
004690
000430
FFC1A0
FF7F00
FF3C40
FEF960
FEB660
FE7340
FE2FF0
FDECF0
FDAA20
FD6790
FD2540
FCE320
FCA140
FC5FA0
FC1E30
FBDD00
FB9C10
FB5B50
FB1AD0
FADA80
FA9A80
FA5AB0
FA1B10
F9DC10
F99DB0
F95FD0
F92290
F8E5E0
F8A9D0
F86E50
F83360
F7F910
F7BF50
F78620
F74D90
F71590
F6DE20
F6A750
F67110
F63BB0
F60740
F5D3B0
F5A100
F56F40
F53E60
F50E60
F4DF40
F4B110
F483C0
F45760
F42BE0
F40140
F3D780
F3AEB0
F386C0
F35FF0
F33A50
F315C0
F2F260
F2D020
F2AF00
F28F00
F27030
F25280
F235E0
F21A70
F20020
F1E700
F1CEF0
F1B810
F1A250
F18DD0
F17AA0
F168B0
F15810
F148B0
F13A90
F12DC0
F12230
F117F0
F10EF0
F10730
F100C0
F0FB90
F0F7B0
F0F510
F0F3C0
F0F3B0
F0F4F0
F0F780
F0FB60
F10090
F10700
F10ED0
F117E0
F12240
F12DE0
F13AE0
F14920
F158B0
F16990
F17BC0
F18F40
F1A3F0
F1B9D0
F1D0E0
F1E930
F202B0
F21D60
F23950
F25660
F274B0
F29440
F2B4F0
F2D6E0
F2FA00
F31E50
F343E0
F36AA0
F39260
F3BB10
F3E4D0
F40F80
F43B30
F467E0
F49580
F4C430
F4F3D0
F52480
F55620
F588C0
F5BC50
F5F0F0
F62680
F65D20
F69460
F6CC50
F704F0
F73E40
F77840
F7B2E0
F7EE40
F82A50
F86700
F8A470
F8E280
F92140
F960B0
F9A0E0
F9E1B0
FA2320
FA64F0
FAA710
FAE980
FB2C40
FB6F40
FBB2A0
FBF640
FC3A40
FC7E80
FCC310
FD07F0
FD4D30
FD92B0
FDD880
FE1EA0
FE6500
FEAB60
FEF1A0
FF37C0
FF7DD0
FFC3C0
0009A0
004F70
009520
00DAB0
012030
0165A0
01AAF0
01F020
023540
027A50
02BF40
0303B0
0347A0
038B20
03CE30
0410B0
0452C0
049450
04D570
051610
055630
0595E0
05D500
0613C0
0651F0
068FB0
06CCF0
070960
074500
077FD0
07B9D0
07F300
082B50
0862E0
0899A0
08CF80
0904A0
0938E0
096C50
099F00
09D0D0
0A01D0
0A3200
0A6120
0A8F30
0ABC30
0AE810
0B12F0
0B3CB0
0B6570
0B8D10
0BB3A0
0BD920
0BFD90
0C20F0
0C4340
0C6480
0C84A0
0CA3C0
0CC1A0
0CDE50
0CF9C0
0D1400
0D2D00
0D44D0
0D5B70
0D70D0
0D8500
0D97F0
0DA9B0
0DBA40
0DC990
0DD7B0
0DE490
0DF040
0DFAB0
0E03F0
0E0BF0
0E12B0
0E1830
0E1C80
0E1F90
0E2170
0E2200
0E2160
0E1F90
0E1C70
0E1820
0E1290
0E0BD0
0E03D0
0DFAB0
0DF070
0DE500
0DD880
0DCAE0
0DBC10
0DAC30
0D9B20
0D8900
0D75B0
0D6140
0D4BB0
0D3510
0D1D40
0D0450
0CEA40
0CCF40
0CB360
0C9690
0C78D0
0C5A30
0C3A90
0C1A10
0BF8B0
0BD650
0BB310
0B8EE0
0B69D0
0B43C0
0B1CD0
0AF500
0ACC30
0AA2D0
0A78C0
0A4E20
0A22D0
09F6F0
09CA60
099D30
096F70
094100
0911F0
08E240
08B200
088110
084F80
081D50
07EA80
07B770
078410
075060
071C70
06E830
06B3B0
067EE0
0649D0
061480
05DED0
05A8E0
0572B0
053C30
050570
04CE60
049700
045FC0
042890
03F170
03BA70
038370
034C90
0315C0
02DF00
02A860
0271D0
023B50
0204E0
01CE80
019840
016210
012BF0
00F640
00C0F0
008C10
005790
002380
FFEFD0
FFBC90
FF89C0
FF5750
FF2540
FEF3B0
FEC270
FE91A0
FE6140
FE3150
FE01B0
FDD2D0
FDA4A0
FD7720
FD4A50
FD1E30
FCF2C0
FCC800
FC9DF0
FC7490
FC4BE0
FC23E0
FBFC90
FBD5F0
FBB000
FB8AC0
FB6640
FB4290
FB1FC0
FAFDD0
FADCD0
FABCA0
FA9D50
FA7EF0
FA6170
FA44C0
FA2900
FA0E20
F9F410
F9DAF0
F9C2B0
F9AB50
F994D0
F97F50
F96AC0
F95720
F94490
F932E0
F92240
F91280
F903D0
F8F610
F8E940
F8DD70
F8D2A0
F8C8C0
F8BFE0
F8B7F0
F8B100
F8AB00
F8A600
F8A1F0
F89ED0
F89CA0
F89B70
F89B40
F89C00
F89DB0
F8A050
F8A3F0
F8A880
F8AE10
F8B490
F8BC00
F8C470
F8CDB0
F8D7D0
F8E2D0
F8EEA0
F8FB40
F908D0
F91720
F92660
F93670
F94760
F95920
F96BC0
F97F40
F99390
F9A8B0
F9BEC0
F9D560
F9ECC0
FA04C0
FA1D60
FA36B0
FA50A0
FA6B40
FA8690
FAA270
FABF10
FADC50
FAFA30
FB18C0
FB3800
FB57E0
FB7860
FB9950
FBBAB0
FBDC60
FBFE90
FC2110
FC4410
FC6760
FC8B20
FCAF50
FCD3E0
FCF8D0
FD1E30
FD43F0
FD6A20
FD90B0
FDB7B0
FDDEC0
FE0600
FE2D60
FE54D0
FE7C70
FEA420
FECC00
FEF400
FF1C10
FF4450
FF6CA0
FF9520
FFBDC0
FFE670
000F50
003840
006110
0089C0
00B240
00DA90
0102C0
012AD0
0152B0
017A60
01A1F0
01C960
01F090
0217B0
023EA0
026560
028C00
02B270
02D880
02FE20
032360
034840
036CA0
0390B0
03B450
03D780
03FA50
041CB0
043EB0
046050
048180
04A240
04C2A0
04E2A0
050200
0520C0
053EE0
055C70
057950
0595B0
05B160
05CC80
05E700
0600E0
061A30
0632E0
064AF0
066260
067940
068F80
06A500
06B9D0
06CDD0
06E120
06F3B0
070580
0716A0
0726F0
073690
074570
075390
076100
076DA0
077990
0784C0
078F30
0798E0
07A1B0
07A9C0
07B110
07B780
07BD30
07C210
07C630
07C970
07CBF0
07CDB0
07CE90
07CEB0
07CE00
07CC90
07CA40
07C740
07C360
07BED0
07B970
07B340
07AC50
07A4A0
079C20
0792E0
0788D0
077E00
077270
076610
0758E0
074B00
073C40
072CE0
071CD0
070C00
06FA90
06E860
06D590
06C200
06ADD0
0698E0
068340
066CF0
0655F0
063E50
0625F0
060CE0
05F310
05D8C0
05BDF0
05A280
058680
0569F0
054CD0
052F30
0510F0
04F230
04D2D0
04B2F0
049280
047170
044FE0
042DC0
040B10
03E800
03C480
03A0B0
037C70
0357D0
0332D0
030D60
02E7A0
02C170
029AE0
0273F0
024CA0
0224E0
01FCC0
01D450
01AB60
018250
015900
012F80
0105D0
00DBE0
00B1C0
008770
005CE0
003220
000730
FFDC10
FFB0B0
FF8520
FF5950
FF2D50
FF0120
FED4E0
FEA8A0
FE7C60
FE5010
FE23C0
FDF770
FDCB10
FD9EA0
FD7240
FD45D0
FD1950
FCECD0
FCC050
FC93D0
FC6740
FC3AA0
FC0E30
FBE1E0
FBB5B0
FB89A0
FB5DB0
FB31F0
FB0650
FADAC0
FAAF60
FA8420
FA5900
FA2E00
FA0330
F9D870
F9ADE0
F98370
F95940
F92F50
F905B0
F8DC50
F8B330
F88A60
F861C0
F83970
F81170
F7E9A0
F7C220
F79AE0
F773E0
F74D30
F726C0
F70090
F6DAC0
F6B550
F69030
F66B70
F64710
F62310
F5FF60
F5DC10
F5B920
F59690
F57450
F55280
F530F0
F50FD0
F4EF00
F4CEA0
F4AE90
F48F00
F46FD0
F45110
F432B0
F414C0
F3F740
F3DA20
F3BD80
F3A130
F38560
F369F0
F34EF0
F33450
F31A20
F30060
F2E710
F2CE30
F2B5C0
F29DC0
F28630
F26F20
F25870
F24240
F22C70
F21720
F20240
F1EDD0
F1D9D0
F1C640
F1B320
F1A080
F18E40
F17C80
F16B20
F15A40
F149C0
F139C0
F12A30
F11B10
F10C60
F0FE20
F0F050
F0E2F0
F0D600
F0C980
F0BD70
F0B1E0
F0A6B0
F09BE0
F09190
F087A0
F07E20
F07510
F06C70
F06430
F05C60
F054F0
F04E00
F04770
F04150
F03BA0
F03650
F03170
F02CF0
F028E0
F02520
F021D0
F01EE0
F01C40
F01A10
F01840
F016E0
F015D0
F01520
F014E0
F01500
F01580
F01650
F017A0
F01930
F01B20
F01D70
F02010
F02310
F02670
F02A20
F02E30
F03290
F03750
F03C60
F041D0
F04790
F04DB0
F05430
F05B00
F06220
F06990
F07150
F07960
F081B0
F08A60
F09350
F09C90
F0A620
F0B000
F0BA30
F0C4B0
F0CF80
F0DA90
F0E5F0
F0F1B0
F0FDA0
F109E0
F11660
F12320
F13030
F13D80
F14B10
F158E0
F16700
F17560
F18400
F192E0
F1A210
F1B180
F1C130
F1D130
F1E160
F1F1C0
F20270
F21340
F22460
F235B0
F24730
F258F0
F26AF0
F27D20
F28F90
F2A230
F2B510
F2C830
F2DB80
F2EF00
F302C0
F316A0
F32AC0
F33F00
F35370
F36810
F37CE0
F391E0
F3A710
F3BC70
F3D200
F3E7B0
F3FDA0
F413B0
F42A00
F44070
F45710
F46DC0
F484A0
F49BA0
F4B2C0
F4CA10
F4E170
F4F900
F510B0
F52880
F54070
F55890
F570C0
F58920
F5A1A0
F5BA40
F5D2F0
F5EBC0
F604A0
F61D90
F636A0
F64FC0
F668F0
F68230
F69B90
F6B500
F6CE80
F6E810
F701C0
F71B80
F73560
F74F40
F76930
F78320
F79D20
F7B720
F7D120
F7EB30
F80530
F81F50
F83960
F85380
F86DA0
F887C0
F8A1F0
F8BC20
F8D650
F8F090
F90AC0
F924E0
F93EF0
F958F0
F972E0
F98CD0
F9A6A0
F9C070
F9DA30
F9F3E0
FA0D80
FA2720
FA40A0
FA5A20
FA7390
FA8CF0
FAA630
FABF50
FAD850
FAF130
FB09F0
FB2290
FB3B00
FB5360
FB6BA0
FB83C0
FB9BB0
FBB390
FBCB50
FBE2F0
FBFA60
FC11C0
FC28E0
FC3FD0
FC5690
FC6D20
FC8370
FC9990
FCAF80
FCC530
FCDAB0
FCF000
FD0520
FD1A00
FD2EB0
FD4330
FD5780
FD6B90
FD7F60
FD92F0
FDA630
FDB930
FDCBE0
FDDE60
FDF080
FE0270
FE1410
FE2570
FE3680
FE4750
FE57E0
FE6820
FE7820
FE87E0
FE9740
FEA650
FEB510
FEC380
FED1A0
FEDF60
FEECD0
FEF9F0
FF06B0
FF1330
FF1F50
FF2B20
FF36A0
FF41C0
FF4C90
FF5720
FF6140
FF6B00
FF7470
FF7D90
FF8640
FF8EA0
FF96A0
FF9E40
FFA580
FFAC70
FFB300
FFB940
FFBF10
FFC490
FFC9B0
FFCE80
FFD2E0
FFD6F0
FFDAA0
FFDDF0
FFE0E0
FFE380
FFE5B0
FFE790
FFE910
FFEA30
FFEAF0
FFEB50
FFEB60
FFEB00
FFEA50
FFE940
FFE7D0
FFE610
FFE400
FFE190
FFDEC0
FFDBA0
FFD830
FFD460
FFD040
FFCBC0
FFC6E0
FFC1B0
FFBC30
FFB650
FFB020
FFA990
FFA2C0
FF9BA0
FF9430
FF8C80
FF8480
FF7C40
FF73B0
FF6AD0
FF61B0
FF5850
FF4E90
FF44A0
FF3A50
FF2FC0
FF24F0
FF19C0
FF0E70
FF02E0
FEF720
FEEB30
FEDF00
FED2A0
FEC610
FEB940
FEAC40
FE9F10
FE91A0
FE8400
FE7630
FE6830
FE59F0
FE4B80
FE3CF0
FE2E50
FE1F80
FE10A0
FE01A0
FDF290
FDE350
FDD400
FDC490
FDB500
FDA560
FD9590
FD85B0
FD75C0
FD65A0
FD5570
FD4530
FD3500
FD24C0
FD1480
FD0440
FCF400
FCE3C0
FCD380
FCC330
FCB2F0
FCA2A0
FC9250
FC8200
FC71B0
FC6160
FC5100
FC40C0
FC30A0
FC2090
FC10A0
FC00C0
FBF100
FBE150
FBD1B0
FBC240
FBB2D0
FBA380
FB9450
FB8530
FB7630
FB6740
FB5870
FB49C0
FB3B50
FB2D00
FB1EE0
FB1100
FB0340
FAF5A0
FAE840
FADB10
FACE00
FAC130
FAB480
FAA800
FA9BC0
FA8FA0
FA83A0
FA77F0
FA6C80
FA6140
FA5640
FA4B80
FA40F0
FA36A0
FA2CA0
FA22C0
FA1930
FA0FE0
FA06C0
F9FDE0
F9F540
F9ECD0
F9E4B0
F9DCC0
F9D520
F9CDC0
F9C6A0
F9BFC0
F9B920
F9B2D0
F9ACB0
F9A6E0
F9A150
F99C00
F996F0
F99230
F98DA0
F98960
F98560
F981A0
F97E20
F97AD0
F977D0
F97500
F97280
F97040
F96E30
F96C60
F96AE0
F96990
F96880
F967B0
F96720
F966D0
F966C0
F966F0
F96740
F967D0
F96880
F96970
F96AA0
F96BF0
F96D80
F96F30
F97120
F97340
F975A0
F97820
F97AE0
F97DD0
F980F0
F98430
F98790
F98B10
F98EB0
F99270
F99640
F99A40
F99E50
F9A290
F9A6E0
F9AB50
F9AFE0
F9B4A0
F9B970
F9BE60
F9C360
F9C880
F9CD90
F9D2B0
F9D7E0
F9DD00
F9E230
F9E770
F9ECB0
F9F1F0
F9F730
F9FC80
FA01E0
FA0730
FA0C90
FA1200
FA1760
FA1CC0
FA2200
FA2730
FA2C40
FA3150
FA3640
FA3B10
FA3FE0
FA4490
FA4930
FA4DB0
FA5230
FA5680
FA5AD0
FA5F00
FA6330
FA6720
FA6AE0
FA6E80
FA71F0
FA7530
FA7840
FA7B20
FA7DE0
FA8070
FA82C0
FA8500
FA8700
FA88D0
FA8A80
FA8C00
FA8D50
FA8E60
FA8F30
FA8FC0
FA9010
FA9030
FA9000
FA8F90
FA8EE0
FA8DF0
FA8CC0
FA8B50
FA89B0
FA87C0
FA8590
FA8320
FA8080
FA7D80
FA7A40
FA76B0
FA72E0
FA6EC0
FA6A50
FA6590
FA6090
FA5B40
FA55B0
FA4FD0
FA49A0
FA4320
FA3C60
FA3550
FA2E00
FA2660
FA1E70
FA1630
FA0DB0
FA04E0
F9FBD0
F9F270
F9E8C0
F9DED0
F9D490
F9CA00
F9BF30
F9B410
F9A8B0
F99CF0
F99100
F984C0
F97840
F96B80
F95E80
F95150
F943D0
F93610
F92810
F919D0
F90B50
F8FCA0
F8EDA0
F8DE60
F8CEE0
F8BF20
F8AF30
F89F00
F88EB0
F87E30
F86D80
F85CB0
F84BA0
F83A70
F82920
F81790
F805E0
F7F400
F7E200
F7CFC0
F7BD60
F7AAD0
F79820
F78550
F77270
F75F90
F74C90
F73980
F72660
F71330
F6FFE0
F6EC90
F6D930
F6C5B0
F6B230
F69E90
F68AF0
F67730
F66360
F64FA0
F63BF0
F62850
F614C0
F60140
F5EDC0
F5DA60
F5C700
F5B3C0
F5A080
F58D50
F57A40
F56730
F55430
F54140
F52E50
F51BA0
F50920
F4F6C0
F4E490
F4D2A0
F4C0D0
F4AF20
F49DB0
F48C70
F47B50
F46A70
F459B0
F44920
F438C0
F42890
F41890
F408D0
F3F960
F3EA30
F3DB40
F3CCA0
F3BE50
F3B030
F3A270
F394E0
F387B0
F37AB0
F36E00
F361A0
F35580
F349A0
F33E10
F332D0
F327F0
F31D60
F31330
F30960
F2FFE0
F2F6B0
F2EDE0
F2E560
F2DD40
F2D580
F2CE10
F2C6F0
F2C030
F2B9D0
F2B3C0
F2AE10
F2A8C0
F2A3D0
F29F30
F29B00
F29720
F293A0
F29090
F28DD0
F28B70
F28960
F287C0
F28680
F28590
F28510
F284E0
F28510
F28590
F28670
F287B0
F28940
F28B20
F28D60
F29000
F292F0
F29640
F299E0
F29DE0
F2A230
F2A6E0
F2ABE0
F2B140
F2B6E0
F2BCC0
F2C2F0
F2C960
F2D010
F2D700
F2DE40
F2E5C0
F2ED80
F2F580
F2FDC0
F30650
F30F20
F31830
F32190
F32B20
F334E0
F33ED0
F348E0
F35310
F35D70
F367F0
F37290
F37D60
F38850
F39370
F39EB0
F3AA10
F3B5A0
F3C150
F3CD30
F3D930
F3E530
F3F130
F3FD30
F40940
F41540
F42150
F42D50
F43960
F44560
F45170
F45D80
F46990
F475A0
F481B0
F48DC0
F499D0
F4A5C0
F4B190
F4BD30
F4C8B0
F4D410
F4DF40
F4EA60
F4F540
F50010
F50AB0
F51540
F51F90
F529D0
F533E0
F53DD0
F547A0
F55120
F55A60
F56350
F56C00
F57460
F57C70
F58450
F58BD0
F59320
F59A10
F5A0C0
F5A730
F5AD50
F5B330
F5B8C0
F5BE10
F5C2F0
F5C780
F5CBA0
F5CF60
F5D2C0
F5D5C0
F5D860
F5DAA0
F5DC70
F5DDF0
F5DF00
F5DFB0
F5E000
F5DFF0
F5DF80
F5DEB0
F5DD70
F5DBC0
F5D9A0
F5D710
F5D410
F5D0A0
F5CCD0
F5C890
F5C3D0
F5BEB0
F5B920
F5B320
F5ACB0
F5A5E0
F59E90
F596E0
F58EC0
F58630
F57D30
F573D0
F56A10
F55FD0
F55530
F54A20
F53EB0
F532D0
F52680
F519D0
F50CB0
F4FF20
F4F130
F4E2C0
F4D410
F4C510
F4B5B0
F4A600
F495F0
F485A0
F474F0
F463F0
F452A0
F440F0
F42EF0
F41CA0
F40A00
F3F700
F3E3C0
F3D010
F3BC50
F3A850
F39420
F37FC0
F36B40
F35680
F341A0
F32C90
F31750
F301E0
F2EC40
F2D670
F2C080
F2AA50
F29400
F27D70
F266F0
F25080
F23A10
F223A0
F20D40
F1F6E0
F1E080
F1CA30
F1B3E0
F19DA0
F18760
F17130
F15B00
F144D0
F12EA0
F11890
F102B0
F0ED10
F0D7B0
F0C2A0
F0ADC0
F09930
F084D0
F070C0
F05CF0
F04960
F03610
F02300
F01030
EFFDA0
EFEB50
EFD950
EFC7C0
EFB6B0
EFA620
EF9610
EF8680
EF7770
EF68E0
EF5AD0
EF4D40
EF4020
EF3390
EF2770
EF1BD0
EF10C0
EF0620
EEFC00
EEF290
EEE9E0
EEE1E0
EEDA90
EED400
EECE10
EEC8E0
EEC470
EEC0A0
EEBD90
EEBB30
EEB990
EEB890
EEB850
EEB8C0
EEB9F0
EEBBF0
EEBED0
EEC290
EEC730
EECCB0
EED310
EEDA40
EEE260
EEEB50
EEF520
EEFFD0
EF0B60
EF17D0
EF2510
EF3340
EF4240
EF5240
EF6330
EF7510
EF87E0
EF9BA0
EFB060
EFC610
EFDCB0
EFF440
F00CD0
F02640
F040B0
F05C20
F07870
F095C0
F0B3F0
F0D320
F0F340
F11450
F13650
F15930
F17D10
F1A1E0
F1C7A0
F1EE40
F215E0
F23E70
F267F0
F29250
F2BDB0
F2EA00
F31730
F34540
F37420
F3A3E0
F3D460
F405C0
F437F0
F46AF0
F49EC0
F4D370
F508F0
F53F40
F57660
F5AE50
F5E720
F620B0
F65B20
F69630
F6D1E0
F70E30
F74B10
F788A0
F7C6C0
F80580
F844E0
F884E0
F8C570
F906B0
F94880
F98B00
F9CE10
FA11C0
FA5610
FA9AB0
FADFB0
FB2500
FB6AA0
FBB0A0
FBF6F0
FC3D90
FC8490
FCCBE0
FD1380
FD5B80
FDA3D0
FDEC80
FE3580
FE7ED0
FEC870
FF1220
FF5BC0
FFA560
FFEEF0
003890
008220
00CBC0
011550
015ED0
01A860
01F1E0
023B70
0284F0
02CE70
0317E0
036160
03AA70
03F330
043B80
048380
04CB20
051250
055930
059FA0
05E5C0
062B80
0670E0
06B5D0
06FA70
073EB0
078290
07C600
0808D0
084AD0
088C20
08CCC0
090CA0
094BC0
098A30
09C7E0
0A04E0
0A4120
0A7CA0
0AB770
0AF180
0B2AE0
0B6380
0B9B70
0BD250
0C0830
0C3D10
0C70E0
0CA3B0
0CD580
0D0640
0D3600
0D64C0
0D9270
0DBF20
0DEAD0
0E1570
0E3F10
0E67B0
0E8F50
0EB5B0
0EDAD0
0EFEB0
0F2150
0F42C0
0F62F0
0F81F0
0F9FA0
0FBC20
0FD760
0FF170
100A30
1021C0
103810
104D30
106100
107390
1084B0
109490
10A310
10B030
10BC00
10C680
10CFA0
10D760
10DDE0
10E2F0
10E6C0
10E920
10EA40
10EA00
10E860
10E580
10E140
10DBA0
10D4C0
10CC80
10C2F0
10B810
10ABE0
109E60
108F80
107F50
106DD0
105AF0
1046C0
103150
101A70
100270
0FE940
0FCEE0
0FB340
0F9680
0F7880
0F5950
0F38F0
0F1770
0EF4B0
0ED0C0
0EABA0
0E8540
0E5DC0
0E3510
0E0B20
0DE050
0DB480
0D87C0
0D5A10
0D2B70
0CFBD0
0CCB50
0C99D0
0C6760
0C3400
0BFFB0
0BCA70
0B9430
0B5D10
0B24F0
0AEBE0
0AB230
0A77F0
0A3D00
0A0180
09C560
0988A0
094B40
090D40
08CEA0
088F70
084FA0
080F20
07CE10
078C60
074A20
070730
06C410
0680B0
063D10
05F940
05B520
0570E0
052C50
04E780
04A280
045D40
0417D0
03D210
038C20
034600
02FF90
02B8F0
027270
022C20
01E600
01A010
015A40
011490
00CF20
0089D0
0044B0
FFFFB0
FFBAE0
FF7640
FF31C0
FEED70
FEA950
FE6550
FE21E0
FDDF00
FD9CA0
FD5AD0
FD1990
FCD8D0
FC98A0
FC5900
FC19E0
FBDB50
FB9D40
FB5FD0
FB22D0
FAE670
FAAA90
FA6F40
FA34C0
F9FB30
F9C270
F98A80
F95380
F91D50
F8E7F0
F8B380
F87FE0
F84D20
F81B40
F7EA30
F7BA00
F78AB0
F75C30
F72EA0
F70210
F6D6A0
F6AC40
F68300
F65AC0
F633B0
F60DA0
F5E8B0
F5C4D0
F5A200
F58050
F55FB0
F54030
F521B0
F50450
F4E810
F4CCF0
F4B310
F49A60
F482E0
F46CA0
F45790
F443B0
F43100
F41F80
F40F40
F40030
F3F250
F3E5B0
F3DA30
F3CFF0
F3C6E0
F3BF00
F3B860
F3B2F0
F3AEB0
F3ABA0
F3A9D0
F3A920
F3A9B0
F3AB80
F3AE70
F3B2A0
F3B800
F3BE90
F3C660
F3CF50
F3D980
F3E4D0
F3F130
F3FEA0
F40D30
F41CE0
F42DA0
F43F70
F45260
F46660
F47B80
F491B0
F4A900
F4C170
F4DAE0
F4F580
F51120
F52DB0
F54B30
F56980
F588C0
F5A8E0
F5C9E0
F5EBC0
F60E90
F63230
F656D0
F67C40
F6A290
F6C9D0
F6F1F0
F71AF0
F744E0
F76F60
F79A80
F7C640
F7F2A0
F81F90
F84D20
F87B50
F8AA20
F8D990
F90990
F93A40
F96B80
F99D60
F9CFD0
FA02F0
FA36A0
FA6AA0
FA9EF0
FAD390
FB0880
FB3DB0
FB7330
FBA910
FBDF20
FC1590
FC4C50
FC8350
FCBAA0
FCF250
FD2A30
FD6270
FD9B00
FDD380
FE0C00
FE4470
FE7CF0
FEB560
FEEDC0
FF2620
FF5E80
FF96E0
FFCF30
000780
003FC0
007810
00B040
00E880
0120B0
015890
019020
01C770
01FE60
023500
026B50
02A150
02D700
030C60
034170
037630
03AAA0
03DEC0
041290
044610
047930
04ABD0
04DDE0
050F60
054050
0570B0
05A090
05CFD0
05FE80
062CA0
065A40
068740
06B3B0
06DFA0
070AF0
0735C0
075FF0
078970
07B240
07DA40
080190
082830
084E00
087330
089790
08BB40
08DE30
090070
0921F0
0942B0
0962C0
098210
09A0A0
09BE70
09DB60
09F780
0A12E0
0A2D60
0A4710
0A5FF0
0A7800
0A8F40
0AA5B0
0ABB50
0AD020
0AE420
0AF750
0B09B0
0B1B40
0B2C00
0B3BE0
0B4AF0
0B5940
0B66B0
0B7350
0B7F10
0B8A10
0B9430
0B9D90
0BA610
0BADC0
0BB4A0
0BBAA0
0BBFE0
0BC440
0BC7F0
0BCAD0
0BCCF0
0BCE50
0BCEF0
0BCED0
0BCE00
0BCC60
0BC9F0
0BC6D0
0BC2F0
0BBE50
0BB8F0
0BB2D0
0BABE0
0BA440
0B9BF0
0B9310
0B8990
0B7F70
0B74A0
0B6940
0B5D40
0B50A0
0B4350
0B3570
0B26F0
0B17D0
0B0810
0AF7B0
0AE6B0
0AD500
0AC2F0
0AB070
0A9D70
0A8A10
0A7630
0A61E0
0A4D20
0A37E0
0A2240
0A0C20
09F590
09DE90
09C720
09AF40
0996E0
097E20
096510
094BC0
093230
091850
08FE40
08E3E0
08C940
08AE60
089330
0877D0
085C20
084030
082400
080790
07EAD0
07CDE0
07B0D0
0793B0
077680
075940
073BF0
071E80
070110
06E380
06C5E0
06A840
068A80
066CB0
064EC0
0630D0
0612D0
05F4B0
05D6B0
05B8D0
059B00
057D50
055FB0
054230
0524C0
050770
04EA30
04CD10
04B010
049320
047640
045980
043CE0
042050
040400
03E7F0
03CC10
03B080
039520
037A00
035F10
034470
032A00
030FD0
02F5E0
02DC20
02C2B0
02A970
029070
0277A0
025F30
024720
022F50
0217E0
0200D0
01EA00
01D390
01BD80
01A7B0
019240
017D20
016860
0153F0
013FD0
012C10
011890
010590
00F2E0
00E090
00CEB0
00BD30
00AC10
009B50
008B00
007B00
006B70
005C40
004D70
003F10
003110
002360
001630
000950
FFFCE0
FFF0D0
FFE530
FFD9F0
FFCF20
FFC4B0
FFBAB0
FFB110
FFA7D0
FF9F00
FF9690
FF8E90
FF86F0
FF7FB0
FF78E0
FF7280
FF6C70
FF66C0
FF6170
FF5C80
FF57F0
FF53C0
FF4FF0
FF4C90
FF4980
FF46D0
FF4480
FF42A0
FF4110
FF3FE0
FF3F20
FF3EA0
FF3E80
FF3EC0
FF3F50
FF4030
FF4160
FF42F0
FF44D0
FF4700
FF4990
FF4C70
FF4FA0
FF5330
FF5710
FF5B40
FF5FD0
FF64A0
FF69B0
FF6F00
FF74A0
FF7A70
FF8090
FF86F0
FF8DA0
FF9480
FF9BB0
FFA320
FFAAD0
FFB2D0
FFBB00
FFC380
FFCC40
FFD530
FFDE50
FFE7A0
FFF120
FFFAD0
0004B0
000EC0
001900
002370
002E10
0038D0
0043D0
004F00
005A60
0065F0
0071B0
007D80
008970
009580
00A1A0
00ADE0
00BA30
00C6A0
00D330
00DFD0
00EC90
00F960
010650
011360
012080
012DB0
013B10
014860
0155C0
016320
017080
017DF0
018B60
0198D0
01A640
01B3B0
01C130
01CEB0
01DC40
01E9C0
01F750
0204E0
021280
022000
022D70
023AD0
024830
025570
0262A0
026FB0
027CC0
0289C0
0296B0
02A380
02B050
02BD10
02C9B0
02D640
02E2D0
02EF30
02FB60
030780
031370
031F40
032AE0
033660
0341C0
034D00
035810
036300
036DC0
037870
0382F0
038D40
039780
03A180
03AB40
03B4D0
03BE30
03C750
03D040
03D900
03E180
03E9D0
03F1E0
03F9C0
040170
0408E0
041010
041720
041DE0
042470
042AB0
0430A0
043650
043BC0
0440E0
0445B0
044A50
044E90
045290
045650
0459C0
045CF0
045FD0
046270
0464D0
0466D0
046880
0469D0
046AE0
046B90
046BF0
046BF0
046BB0
046B10
046A20
0468E0
046740
046550
046310
046080
045D90
045A50
0456B0
0452B0
044E50
044990
044470
043F00
043930
043300
042C70
042580
041E30
041690
040E90
040620
03FD70
03F450
03EAD0
03E0F0
03D6B0
03CC10
03C110
03B5B0
03A9F0
039DE0
039160
038480
037740
0369A0
035BB0
034D50
033E90
032F80
032000
031030
030000
02EF70
02DE80
02CD40
02BBA0
02A9A0
029740
028480
027160
025DF0
024A20
0235F0
022160
020C80
01F750
01E1D0
01CC00
01B5D0
019F60
018890
017170
015A00
014240
012A30
0111D0
00F920
00E010
00C6B0
00AD10
009320
0078F0
005E90
0043F0
002910
000DF0
FFF290
FFD6F0
FFBB10
FF9EF0
FF82A0
FF6600
FF4930
FF2C20
FF0ED0
FEF140
FED390
FEB5C0
FE97C0
FE79A0
FE5B60
FE3D00
FE1E80
FDFFD0
FDE100
FDC210
FDA300
FD83D0
FD6470
FD44F0
FD2550
FD0590
FCE5D0
FCC600
FCA640
FC8680
FC66B0
FC46F0
FC2730
FC0760
FBE7A0
FBC7D0
FBA810
FB8840
FB6880
FB48B0
FB28F0
FB0920
FAE980
FACA00
FAAAB0
FA8B70
FA6C60
FA4D80
FA2EC0
FA1020
F9F1A0
F9D350
F9B520
F99720
F97930
F95B80
F93DE0
F92070
F90350
F8E670
F8C9E0
F8ADA0
F891B0
F87610
F85AC0
F83FB0
F824F0
F80A80
F7F060
F7D690
F7BD00
F7A3D0
F78AE0
F77240
F75A10
F74250
F72B00
F71420
F6FDB0
F6E7C0
F6D230
F6BD10
F6A860
F69430
F68060
F66D00
F65A10
F647A0
F63590
F62400
F612F0
F60270
F5F280
F5E320
F5D450
F5C610
F5B850
F5AB30
F59E90
F59290
F58710
F57C20
F571C0
F567F0
F55EA0
F555F0
F54DD0
F54660
F53F90
F53950
F533C0
F52EC0
F52A70
F526C0
F523B0
F52130
F51F60
F51E30
F51DA0
F51DA0
F51E50
F51FA0
F52190
F52420
F52760
F52B40
F52FC0
F534E0
F53AB0
F54120
F54830
F54FE0
F55840
F56140
F56AE0
F57530
F58010
F58BA0
F597D0
F5A490
F5B1F0
F5BFE0
F5CE70
F5DDA0
F5ED60
F5FDC0
F60EB0
F62040
F63260
F64530
F65880
F66C70
F68100
F69630
F6ABD0
F6C1F0
F6D8A0
F6EFC0
F70760
F71F80
F73820
F75140
F76AE0
F784F0
F79F90
F7BAB0
F7D640
F7F260
F80EF0
F82C10
F84980
F86740
F88560
F8A3E0
F8C2B0
F8E1D0
F90160
F92130
F94170
F96200
F982E0
F9A420
F9C5B0
F9E7A0
FA09F0
FA2C90
FA4F60
FA7250
FA9570
FAB8B0
FADC10
FAFFB0
FB2360
FB4750
FB6B60
FB8F90
FBB3F0
FBD870
FBFD20
FC21F0
FC46F0
FC6C20
FC9130
FCB640
FCDB50
FD0040
FD2530
FD4A10
FD6EF0
FD93C0
FDB880
FDDD30
FE01E0
FE2680
FE4B10
FE6F90
FE9410
FEB880
FEDCB0
FF00B0
FF2460
FF47E0
FF6B10
FF8E10
FFB0D0
FFD350
FFF5A0
0017A0
003970
005AF0
007C40
009D50
00BE20
00DEC0
00FEE0
011EA0
013E00
015CF0
017B80
0199A0
01B750
01D4A0
01F180
020E00
022A10
0245C0
026100
027BD0
029640
02B050
02C9D0
02E2C0
02FB30
031320
032A90
034160
0357C0
036D90
0382D0
0397A0
03ABD0
03BF90
03D2C0
03E560
03F780
040920
041A20
042A90
043A70
0449B0
045860
046670
047400
0480E0
048D40
049900
04A430
04AED0
04B8D0
04C230
04CB10
04D350
04DB00
04E220
04E8B0
04EEB0
04F410
04F8F0
04FD30
0500F0
050410
0506A0
0508A0
050A10
050AF0
050B40
050B00
050A20
0508D0
050700
0504B0
0501E0
04FEA0
04FAD0
04F690
04F1D0
04EC80
04E6D0
04E090
04D9D0
04D2A0
04CAE0
04C2B0
04BA00
04B0F0
04A790
049DD0
0493B0
048940
047E70
047340
0467C0
045BE0
044FB0
044320
043630
0428F0
041B40
040D50
03FEF0
03F070
03E1C0
03D2E0
03C3D0
03B4A0
03A530
0395A0
0385D0
0375E0
0365C0
035570
034500
033450
032380
031280
030140
02F010
02DEF0
02CDC0
02BCA0
02AB70
029A50
028930
027810
026700
0255E0
0244D0
0233B0
0222A0
0211A0
020090
01EF80
01DEB0
01CE00
01BD90
01AD50
019D30
018D50
017DA0
016E20
015ED0
014FB0
0140C0
013210
012380
011520
010700
00F900
00EB60
00DE10
00D120
00C480
00B840
00AC50
00A0B0
009570
008A80
007FF0
0075B0
006BC0
006230
0058F0
005010
004780
003F60
0037B0
003070
0029B0
002350
001D60
0017F0
0012E0
000E50
000A20
000670
000320
000050
FFFDE0
FFFBF0
FFFA70
FFF960
FFF8D0
FFF8C0
FFF920
FFF9F0
FFFB40
FFFD10
FFFF50
000210
000550
000900
000D20
0011D0
0016E0
001C80
002280
002900
003000
003760
003F40
004790
005040
005980
006320
006D30
0077C0
0082C0
008E30
009A10
00A670
00B330
00C070
00CE00
00DC00
00EA50
00F900
010810
011780
012740
013760
0147E0
0158C0
016A00
017BA0
018D90
019FE0
01B290
01C5A0
01D8F0
01EC70
020030
021430
022870
023CF0
0251A0
0266A0
027BD0
029140
02A6E0
02BCD0
02D2F0
02E960
030000
0316D0
032DD0
0344D0
035BF0
037330
038A80
03A1E0
03B960
03D0F0
03E8A0
040060
041830
043020
044830
046040
047880
0490C0
04A900
04C130
04D940
04F150
050940
052130
053900
0550D0
056880
058030
0597C0
05AF50
05C6C0
05DE30
05F580
060CD0
0623E0
063AD0
065180
066800
067E60
069480
06AA70
06C040
06D5D0
06EB30
070070
071570
072A40
073EE0
075350
0767A0
077B90
078F40
07A2B0
07B5D0
07C8B0
07DB40
07ED80
07FF80
081140
0822B0
0833D0
0844B0
085540
086590
0875A0
088550
0894C0
08A3E0
08B2A0
08C110
08CF40
08DD10
08EA90
08F7B0
090490
091120
091D50
092930
0934D0
094010
094B00
095590
095FE0
0969E0
097390
097CE0
0985F0
098EA0
099710
099F20
09A6E0
09AE60
09B580
09BC50
09C2D0
09C900
09CEE0
09D470
09D9C0
09DEC0
09E390
09E820
09EC60
09F060
09F420
09F7A0
09FAE0
09FDE0
0A0090
0A0310
0A0540
0A0730
0A08F0
0A0A60
0A0BA0
0A0CB0
0A0DA0
0A0E60
0A0EF0
0A0F50
0A0F80
0A0F90
0A0F70
0A0F20
0A0EA0
0A0E00
0A0D30
0A0C30
0A0B00
0A09A0
0A0830
0A06B0
0A0520
0A0370
0A01B0
09FFE0
09FE00
09FC00
09F9F0
09F7D0
09F5A0
09F350
09F0F0
09EE80
09EC00
09E960
09E6D0
09E430
09E1A0
09DF20
09DC90
09DA00
09D780
09D500
09D280
09D000
09CD80
09CB10
09C8A0
09C630
09C3C0
09C150
09BF00
09BCB0
09BA80
09B860
09B640
09B440
09B250
09B080
09AEB0
09ACF0
09AB50
09A9B0
09A830
09A6C0
09A560
09A410
09A2E0
09A1C0
09A0B0
099FC0
099EF0
099E30
099D80
099D00
099C80
099C20
099BE0
099BB0
099B90
099B90
099BB0
099BE0
099C20
099C70
099CD0
099D40
099DB0
099E40
099ED0
099F80
09A030
09A0F0
09A1D0
09A2B0
09A3A0
09A4A0
09A5B0
09A6C0
09A7E0
09A8F0
09AA00
09AB10
09AC20
09AD30
09AE30
09AF30
09B030
09B120
09B210
09B300
09B3F0
09B4E0
09B5C0
09B6B0
09B770
09B810
09B890
09B8F0
09B920
09B940
09B940
09B910
09B8D0
09B860
09B7E0
09B730
09B660
09B570
09B470
09B340
09B1C0
09B010
09AE20
09ABF0
09A980
09A6C0
09A3D0
09A0A0
099D20
099960
099570
099130
098CC0
098800
098300
097DC0
097820
097220
096BC0
096500
095DE0
095660
094E80
094640
093DA0
0934A0
092B40
092170
091750
090CD0
0901F0
08F6A0
08EAF0
08DEB0
08D200
08C4E0
08B740
08A930
089AA0
088BA0
087C20
086C30
085BC0
084AE0
083980
0827B0
081560
0802A0
07EF60
07DB90
07C750
07B280
079D30
078770
077120
075A50
074300
072B30
0712D0
06FA00
06E0B0
06C6D0
06AC80
0691A0
067650
065A80
063E30
062160
060420
05E660
05C820
05A960
058A20
056A70
054A40
0529A0
050870
04E6D0
04C4B0
04A210
047F10
045BB0
0437F0
0413D0
03EF50
03CA60
03A520
037F70
035960
0332F0
030C20
02E4F0
02BD60
029560
026D10
024450
021B60
01F230
01C8C0
019F20
017540
014B30
0120E0
00F650
00CB80
00A080
007550
0049D0
001E20
FFF230
FFC610
FF99B0
FF6D50
FF40E0
FF1470
FEE800
FEBB90
FE8F10
FE6290
FE3610
FE0980
FDDCF0
FDB060
FD83C0
FD5730
FD2A90
FCFDE0
FCD140
FCA4C0
FC7880
FC4C70
FC20A0
FBF4F0
FBC980
FB9E50
FB7340
FB4870
FB1DD0
FAF360
FAC930
FA9F20
FA7550
FA4BC0
FA2250
F9F960
F9D0D0
F9A8B0
F980F0
F959B0
F932D0
F90C60
F8E650
F8C0C0
F89B90
F876D0
F85280
F82EA0
F80B20
F7E810
F7C570
F7A360
F781F0
F76120
F740E0
F72140
F70240
F6E3D0
F6C5F0
F6A8B0
F68C10
F67000
F65490
F639C0
F61F80
F605E0
F5ECD0
F5D480
F5BCD0
F5A5E0
F58FB0
F57A20
F56550
F55130
F53DC0
F52B00
F51900
F507B0
F4F710
F4E720
F4D7E0
F4C960
F4BB90
F4AE70
F4A220
F49670
F48B90
F48150
F477E0
F46F20
F46710
F45FD0
F45930
F45360
F44E40
F449D0
F44620
F44330
F440F0
F43F60
F43E60
F43E10
F43E70
F43F60
F44100
F44340
F44620
F449A0
F44DD0
F452A0
F45810
F45E30
F464E0
F46C40
F47450
F47CC0
F485C0
F48F30
F49920
F4A390
F4AE80
F4B9E0
F4C5C0
F4D210
F4DEE0
F4EC30
F4FA00
F50840
F51700
F52640
F53600
F545F0
F55620
F566A0
F57750
F58830
F59960
F5AAD0
F5BC80
F5CE60
F5E080
F5F2F0
F60590
F61870
F62B80
F63EE0
F65280
F66610
F679A0
F68D20
F6A0B0
F6B420
F6C7A0
F6DB10
F6EE70
F701E0
F71540
F72890
F73BE0
F74F30
F76280
F775C0
F788F0
F79BE0
F7AE90
F7C0E0
F7D2F0
F7E4B0
F7F630
F80750
F81830
F828D0
F83910
F84910
F858C0
F86830
F87740
F88610
F894A0
F8A2A0
F8B010
F8BD00
F8C970
F8D560
F8E0C0
F8EB90
F8F5F0
F8FFC0
F90900
F911D0
F91A00
F921C0
F928F0
F92FA0
F935C0
F93B40
F94010
F94430
F947A0
F94A70
F94C90
F94E10
F94ED0
F94EF0
F94E60
F94D30
F94B40
F948B0
F94580
F94190
F93D00
F937B0
F931B0
F92AF0
F92380
F91B50
F91270
F908D0
F8FE80
F8F370
F8E7A0
F8DB20
F8CDF0
F8C000
F8B150
F8A1F0
F891E0
F88120
F86FC0
F85DB0
F84B10
F837C0
F823D0
F80F30
F7FA00
F7E420
F7CD90
F7B670
F79EA0
F78630
F76D20
F75360
F73910
F71E30
F702F0
F6E730
F6CB00
F6AE50
F69130
F67390
F65580
F63700
F61810
F5F8A0
F5D8B0
F5B860
F59780
F57640
F55480
F53290
F51080
F4EE40
F4CBD0
F4A930
F48660
F46370
F44050
F41D00
F3F980
F3D5D0
F3B200
F38E00
F369D0
F34570
F320F0
F2FC90
F2D850
F2B450
F29070
F26CB0
F24920
F225B0
F20280
F1DF60
F1BC80
F199B0
F17720
F154B0
F13260
F11050
F0EE50
F0CCE0
F0AC00
F08BA0
F06BC0
F04C70
F02D90
F00F50
EFF180
EFD440
EFB790
EF9B50
EF7FA0
EF6480
EF49E0
EF2FC0
EF1620
EEFD60
EEE580
EECE70
EEB840
EEA2E0
EE8E60
EE7AB0
EE67E0
EE55E0
EE44C0
EE3480
EE2510
EE1680
EE08C0
EDFBD0
EDEFD0
EDE4D0
EDDAF0
EDD230
EDCA70
EDC3D0
EDBE50
EDB9E0
EDB680
EDB430
EDB300
EDB2F0
EDB3E0
EDB5F0
EDB920
EDBD50
EDC2B0
EDC930
EDD0F0
EDD9E0
EDE410
EDEF70
EDFC10
EE09E0
EE18E0
EE2920
EE3A90
EE4D30
EE6110
EE7630
EE8C80
EEA400
EEBCB0
EED6A0
EEF1C0
EF0E00
EF2B80
EF4A30
EF6A10
EF8B10
EFAD50
EFD0C0
EFF560
F01B30
F04230
F06A70
F093D0
F0BE60
F0EA20
F116F0
F144C0
F173A0
F1A390
F1D470
F20670
F23970
F26D80
F2A290
F2D8A0
F30FC0
F347F0
F38120
F3BB60
F3F6B0
F432F0
F47000
F4ADC0
F4EC40
F52B80
F56B70
F5AC20
F5ED90
F62FB0
F67290
F6B630
F6FA80
F73F90
F78560
F7CBE0
F81330
F85B20
F8A380
F8EC20
F93520
F97E80
F9C830
FA1230
FA5C90
FAA740
FAF250
FB3DB0
FB8970
FBD580
FC21E0
FC6EA0
FCBBB0
FD0920
FD5670
FDA3A0
FDF0B0
FE3DB0
FE8A80
FED740
FF23E0
FF7070
FFBCD0
000920
005550
00A160
00ED60
013930
0184F0
01D090
021BA0
026620
02B020
02F980
034250
038AA0
03D250
041980
046020
04A630
04EBB0
0530A0
057500
05B8D0
05FC10
063ED0
068090
06C160
070140
074030
077E30
07BB40
07F760
083290
086CD0
08A610
08DE70
0915D0
094C50
0981D0
09B660
09EA10
0A1C70
0A4DA0
0A7DA0
0AAC50
0AD9E0
0B0620
0B3130
0B5B10
0B83A0
0BAB10
0BD130
0BF620
0C19E0
0C3C50
0C5DA0
0C7DA0
0C9C50
0CB9B0
0CD5A0
0CF040
0D0980
0D2170
0D3800
0D4D30
0D6100
0D7380
0D84A0
0D9470
0DA2E0
0DAFF0
0DBBA0
0DC600
0DCF00
0DD6B0
0DDD10
0DE210
0DE5C0
0DE820
0DE920
0DE8D0
0DE720
0DE430
0DDFD0
0DDA30
0DD330
0DCAE0
0DC130
0DB630
0DAA10
0D9CC0
0D8E50
0D7EC0
0D6E00
0D5C30
0D4930
0D3500
0D1FB0
0D0940
0CF1B0
0CD900
0CBF20
0CA410
0C87F0
0C6AA0
0C4C80
0C2D90
0C0DC0
0BED20
0BCBB0
0BA970
0B8650
0B6260
0B3DA0
0B1800
0AF1A0
0ACA60
0AA240
0A7960
0A4FA0
0A2510
09FA10
09CEB0
09A2E0
0976A0
094A00
091CF0
08EF80
08C1A0
089350
0864A0
083580
0805F0
07D600
07A5A0
0774D0
0743A0
071270
06E150
06B040
067F30
064E30
061D30
05EC40
05BB50
058A70
055990
0528C0
04F800
04C740
049690
0465F0
043540
040520
03D570
03A630
037760
034910
031B30
02EDD0
02C0E0
029470
026870
023CE0
0211C0
01E730
01BD00
019350
016A10
0141A0
011A10
00F350
00CD50
00A830
0083E0
006060
003DB0
001BD0
FFFAD0
FFDA90
FFBB30
FF9C90
FF7ED0
FF61E0
FF45C0
FF2AB0
FF10A0
FEF7A0
FEDFB0
FEC8D0
FEB2F0
FE9E20
FE8A50
FE77A0
FE65F0
FE5540
FE45B0
FE3720
FE29A0
FE1D20
FE11C0
FE0770
FDFE40
FDF640
FDEF50
FDE990
FDE4F0
FDE170
FDDF10
FDDDD0
FDDDB0
FDDEB0
FDE0D0
FDE410
FDE880
FDEE00
FDF4B0
FDFC60
FE0520
FE0EE0
FE19B0
FE2590
FE3280
FE4070
FE4F60
FE5F60
FE7070
FE8290
FE95B0
FEA9E0
FEBF20
FED560
FEECA0
FF04C0
FF1DB0
FF3770
FF51F0
FF6D50
FF8980
FFA680
FFC450
FFE2E0
000250
002290
0043A0
006580
008830
00ABB0
00CFF0
00F4C0
0119F0
013FA0
0165D0
018C70
01B380
01DB10
020310
022B80
025470
027DE0
02A7B0
02D200
02FCD0
032810
0353C0
037F80
03AB50
03D730
040310
042F00
045B00
048710
04B330
04DF50
050B80
0537C0
056400
059060
05BCC0
05E930
0615A0
0641C0
066D70
0698D0
06C3C0
06EE50
071890
074260
076BD0
0794E0
07BD80
07E5D0
080DC0
083540
085C70
088330
08A9A0
08CF40
08F410
091830
093B80
095E10
097FD0
09A0D0
09C110
09E080
09FF40
0A1D20
0A3A50
0A56B0
0A7250
0A8D30
0AA740
0AC050
0AD840
0AEF30
0B0500
0B19D0
0B2D90
0B4040
0B51E0
0B6280
0B7200
0B8080
0B8DE0
0B9A40
0BA590
0BAFD0
0BB900
0BC0F0
0BC7B0
0BCD30
0BD180
0BD490
0BD670
0BD710
0BD670
0BD4A0
0BD190
0BCD50
0BC7D0
0BC120
0BB930
0BB010
0BA5A0
0B9A10
0B8D40
0B7F30
0B6FE0
0B5F60
0B4DA0
0B3AB0
0B2680
0B1120
0AFA80
0AE2A0
0AC980
0AAF40
0A93B0
0A76F0
0A58F0
0A39E0
0A19B0
09F870
09D620
09B2A0
098E20
096880
0941D0
091A00
08F110
08C710
089C00
086FD0
084290
081440
07E4C0
07B480
078370
075180
071ED0
06EB40
06B6E0
0681B0
064BB0
0614E0
05DD40
05A4C0
056B80
053160
04F670
04BAC0
047E30
044120
0403A0
03C5B0
038750
034870
030910
02C940
028900
024850
020720
01C570
018360
0140D0
00FDC0
00BA40
007650
003250
FFEE30
FFAA10
FF65E0
FF21A0
FEDD50
FE98F0
FE5480
FE1000
FDCB80
FD86E0
FD4230
FCFD80
FCB8B0
FC73E0
FC2EF0
FBEA60
FBA630
FB6250
FB1EC0
FADB90
FA98C0
FA5630
FA1410
F9D240
F990C0
F94FA0
F90ED0
F8CE60
F88E40
F84E70
F80F10
F7D040
F79230
F754D0
F71810
F6DC00
F6A0A0
F665F0
F62BE0
F5F280
F5B9D0
F581D0
F54A80
F513D0
F4DDD0
F4A880
F473E0
F44020
F40D60
F3DB80
F3AA90
F37A80
F34B70
F31D40
F2F000
F2C3B0
F29840
F26DD0
F24440
F21BA0
F1F3E0
F1CD20
F1A740
F18270
F15EA0
F13BE0
F11A30
F0F980
F0D9E0
F0BB40
F09DB0
F08130
F065B0
F04B40
F031D0
F01970
F00220
EFEBD0
EFD690
EFC250
EFAF20
EF9CF0
EF8BD0
EF7BC0
EF6CA0
EF5EA0
EF51A0
EF45A0
EF3AB0
EF30D0
EF27F0
EF2020
EF1950
EF1380
EF0ED0
EF0AF0
EF0800
EF0600
EF04E0
EF04A0
EF0550
EF06E0
EF0960
EF0CC0
EF1110
EF1640
EF1C60
EF2360
EF2B40
EF3410
EF3DD0
EF4830
EF5340
EF5F00
EF6B80
EF78A0
EF8670
EF94F0
EFA410
EFB3F0
EFC480
EFD5C0
EFE7A0
EFFA40
F00D80
F02180
F03620
F04B30
F060A0
F07680
F08CC0
F0A370
F0BA80
F0D200
F0E9E0
F10230
F11AE0
F13400
F14D80
F16760
F181B0
F19C70
F1B790
F1D2D0
F1EE20
F20990
F22520
F240C0
F25C80
F27850
F29450
F2B060
F2CC80
F2E8C0
F30520
F321A0
F33E30
F35AE0
F377A0
F39440
F3B0C0
F3CD10
F3E930
F40530
F42110
F43CC0
F45840
F473A0
F48EE0
F4A9E0
F4C4D0
F4DF90
F4FA20
F51490
F52EE0
F548C0
F56250
F57B70
F59440
F5ACB0
F5C4C0
F5DC70
F5F3B0
F60AA0
F62140
F63770
F64D40
F662B0
F677C0
F68C80
F6A0D0
F6B4B0
F6C800
F6DAE0
F6ED40
F6FF20
F71090
F72170
F731D0
F741C0
F75130
F76020
F76E90
F77C80
F789F0
F796F0
F7A360
F7AF50
F7BAC0
F7C5A0
F7CFF0
F7D9C0
F7E300
F7EBC0
F7F3F0
F7FB90
F802B0
F80950
F80F50
F814E0
F819E0
F81E50
F82230
F825A0
F828A0
F82B10
F82D10
F82EA0
F82FB0
F83040
F83050
F82FF0
F82F20
F82DC0
F82BF0
F829A0
F826E0
F823A0
F81FF0
F81BD0
F81760
F812A0
F80D70
F807F0
F80210
F7FBD0
F7F540
F7EE50
F7E700
F7DF50
F7D750
F7CEF0
F7C630
F7BD10
F7B3A0
F7A9F0
F7A020
F79610
F78BC0
F78150
F776A0
F76BC0
F760B0
F75570
F749F0
F73E40
F73260
F72650
F71A10
F70D90
F700E0
F6F430
F6E770
F6DAA0
F6CDD0
F6C100
F6B420
F6A740
F69A50
F68D50
F68060
F67350
F66640
F65930
F64C10
F63EF0
F631C0
F624B0
F617C0
F60AE0
F5FE20
F5F180
F5E500
F5D890
F5CC40
F5C010
F5B3F0
F5A7F0
F59C10
F59050
F584A0
F57920
F56DA0
F56270
F55770
F54CA0
F54200
F537B0
F52D80
F52390
F519E0
F51060
F50710
F4FE00
F4F520
F4EC80
F4E410
F4DBD0
F4D3E0
F4CC10
F4C490
F4BD50
F4B650
F4AF80
F4A900
F4A2B0
F49CA0
F496D0
F49140
F48BF0
F486E0
F48210
F47D70
F47920
F47500
F47120
F46D80
F46A10
F466E0
F463E0
F46120
F45E90
F45C50
F45A30
F45860
F456B0
F45550
F45420
F45330
F45270
F451F0
F45190
F45150
F45140
F45150
F45180
F451D0
F45250
F452F0
F453B0
F45490
F45590
F456C0
F45810
F45980
F45B20
F45CD0
F45EA0
F46060
F46230
F46410
F465F0
F467E0
F469D0
F46BD0
F46DD0
F46FE0
F471F0
F47400
F47620
F47850
F47A80
F47CC0
F47EE0
F480F0
F482E0
F484C0
F48690
F48840
F489D0
F48B60
F48CC0
F48E20
F48F60
F49080
F491A0
F49290
F49380
F49440
F494E0
F49550
F49590
F495A0
F49570
F49520
F494A0
F493E0
F49300
F491E0
F490A0
F48F20
F48D80
F48BA0
F48990
F48760
F484E0
F48230
F47F40
F47C20
F478C0
F47520
F47140
F46D30
F468E0
F46460
F45F90
F45A90
F45550
F44FE0
F44A30
F44440
F43E20
F437C0
F43130
F42A60
F42350
F41C10
F414A0
F40CF0
F40500
F3FCE0
F3F490
F3EC00
F3E330
F3DA30
F3D100
F3C780
F3BDF0
F3B440
F3AA70
F3A080
F39670
F38C40
F381F0
F37770
F36CE0
F36230
F35760
F34C70
F34160
F33630
F32AE0
F31F60
F31400
F30890
F2FD30
F2F1D0
F2E670
F2DB20
F2CFD0
F2C490
F2B940
F2AE00
F2A2C0
F29790
F28C60
F28130
F27610
F26AE0
F26000
F25550
F24AE0
F240A0
F236A0
F22CD0
F22340
F219F0
F210D0
F207F0
F1FF50
F1F6E0
F1EEB0
F1E6C0
F1DF00
F1D770
F1D060
F1C9C0
F1C390
F1BDC0
F1B870
F1B390
F1AF20
F1AB20
F1A790
F1A470
F1A1C0
F19F80
F19DB0
F19C50
F19B60
F19AF0
F19B10
F19BE0
F19D40
F19F50
F1A200
F1A560
F1A950
F1ADF0
F1B330
F1B910
F1BF90
F1C6C0
F1CE80
F1D6F0
F1E000
F1E9C0
F1F430
F1FF80
F20B80
F21860
F225F0
F23460
F24380
F25380
F26440
F275C0
F28810
F29B20
F2AF00
F2C3A0
F2D910
F2EF40
F30650
F31E30
F336F0
F35080
F36AE0
F38620
F3A230
F3BF20
F3DCE0
F3FB80
F41AF0
F43B40
F45C60
F47E50
F4A120
F4C4C0
F4E930
F50E70
F53480
F55B60
F58300
F5AB80
F5D4C0
F5FED0
F629B0
F65560
F681E0
F6AF20
F6DD40
F70C20
F73BD0
F76C60
F79D80
F7CF50
F801C0
F834D0
F86890
F89CF0
F8D1F0
F907A0
F93DF0
F974E0
F9AC80
F9E4C0
FA1DA0
FA5730
FA9160
FACC30
FB0770
FB4310
FB7F20
FBBB90
FBF860
FC35A0
FC7340
FCB140
FCEFB0
FD2E90
FD6DD0
FDAD70
FDED80
FE2DF0
FE6EC0
FEB000
FEF150
FF32B0
FF7420
FFB5A0
FFF740
0038E0
007AA0
00BC60
00FE40
014030
018220
01C430
020650
024890
028AD0
02CD20
030F30
0350F0
039260
03D380
041460
0454F0
049540
04D530
0514F0
055450
059360
05D230
0610C0
064EF0
068CE0
06CA80
070780
0743D0
077F70
07BA80
07F4D0
082E80
086790
089FF0
08D7B0
090EC0
094530
097AF0
09B010
09E480
0A1840
0A4B70
0A7D90
0AAED0
0ADF10
0B0E50
0B3CA0
0B6A00
0B9660
0BC1C0
0BEC40
0C15B0
0C3E40
0C65D0
0C8C60
0CB200
0CD6B0
0CFA60
0D1CE0
0D3E40
0D5E60
0D7D60
0D9B30
0DB7D0
0DD340
0DED80
0E0690
0E1E70
0E3530
0E4AB0
0E5F10
0E7240
0E8440
0E9510
0EA4A0
0EB2E0
0EBFD0
0ECB90
0ED5F0
0EDF20
0EE700
0EED90
0EF2E0
0EF6F0
0EF9B0
0EFB20
0EFB50
0EFA40
0EF7E0
0EF440
0EEF60
0EE940
0EE1F0
0ED960
0ECFA0
0EC4A0
0EB860
0EAAF0
0E9C30
0E8C50
0E7B20
0E68C0
0E5530
0E4050
0E2A40
0E1300
0DFAA0
0DE140
0DC6D0
0DAB50
0D8ED0
0D7130
0D5290
0D32E0
0D1220
0CF050
0CCD80
0CA9A0
0C84B0
0C5EB0
0C37A0
0C0F90
0BE6B0
0BBD20
0B92D0
0B67C0
0B3BF0
0B0F60
0AE210
0AB410
0A8540
0A55C0
0A2570
09F470
09C2B0
099030
095CF0
0928F0
08F490
08BFE0
088AD0
085560
081F90
07E970
07B2F0
077C10
0744D0
070D40
06D540
069CF0
066450
062B40
05F1E0
05B820
057E70
0544D0
050B40
04D1C0
049860
045F00
0425B0
03EC80
03B350
037A30
034130
030830
02CF50
029680
025DB0
022500
01ECC0
01B500
017DC0
0146F0
0110A0
00DAD0
00A570
007090
003C30
000840
FFD4D0
FFA1D0
FF6F50
FF3D50
FF0BD0
FEDAC0
FEAA90
FE7B20
FE4C90
FE1ED0
FDF1E0
FDC5D0
FD9A90
FD7020
FD4680
FD1DB0
FCF5C0
FCCEA0
FCA850
FC82D0
FC5E30
FC3A50
FC1790
FBF5F0
FBD550
FBB5D0
FB9760
FB7A00
FB5DB0
FB4280
FB2860
FB0F50
FAF750
FAE070
FACA90
FAB5D0
FAA230
FA8F90
FA7E30
FA6DF0
FA5EF0
FA5110
FA4460
FA38F0
FA2EA0
FA2580
FA1D90
FA16D0
FA1140
FA0CF0
FA09C0
FA07C0
FA06F0
FA0740
FA08D0
FA0B80
FA0F60
FA1460
FA1A80
FA21D0
FA2A50
FA3400
FA3EC0
FA4AC0
FA57E0
FA6620
FA7590
FA8630
FA97F0
FAAAD0
FABEC0
FAD3A0
FAE980
FB0060
FB1830
FB3100
FB4AE0
FB65A0
FB8170
FB9E40
FBBC00
FBDAC0
FBFA80
FC1B30
FC3CE0
FC5FA0
FC8300
FCA720
FCCBF0
FCF170
FD17A0
FD3E90
FD6630
FD8E90
FDB7A0
FDE150
FE0BD0
FE36F0
FE62D0
FE8F60
FEBCB0
FEEAA0
FF1900
FF47A0
FF76B0
FFA610
FFD5C0
0005E0
003640
006710
009830
00C9A0
00FB70
012DA0
016020
019300
01C630
01F9C0
022D40
0260C0
029430
02C790
02FAF0
032E40
036190
0394D0
03C800
03FB30
042E50
046160
049470
04C770
04FA70
052D50
055FE0
059200
05C3B0
05F510
0625F0
065670
068690
06B650
06E590
071480
074300
077120
079ED0
07CC10
07F900
082570
085140
087C50
08A6B0
08D050
08F940
092180
094900
096FD0
0995F0
09BB50
09E000
0A0400
0A2740
0A49D0
0A6BB0
0A8CD0
0AAD10
0ACC60
0AEAD0
0B0860
0B2500
0B40C0
0B5BA0
0B7590
0B8E90
0BA6C0
0BBE00
0BD450
0BE9C0
0BFE50
0C11F0
0C24B0
0C3670
0C4740
0C5710
0C65E0
0C73C0
0C80A0
0C8C80
0C9770
0CA160
0CAA50
0CB250
0CB950
0CBF60
0CC470
0CC880
0CCB90
0CCDC0
0CCF00
0CCF60
0CCEC0
0CCD40
0CCAD0
0CC770
0CC330
0CBE00
0CB7E0
0CB0D0
0CA8E0
0CA000
0C9630
0C8B80
0C7FD0
0C7370
0C6640
0C5860
0C49B0
0C3A40
0C2A20
0C1930
0C0770
0BF500
0BE1D0
0BCDE0
0BB920
0BA3B0
0B8D70
0B7670
0B5EC0
0B4680
0B2DC0
0B1490
0AFAD0
0AE0A0
0AC5F0
0AAAC0
0A8F10
0A72E0
0A5630
0A3900
0A1B60
09FD30
09DE90
09BF70
099FC0
097FF0
095FF0
093FC0
091F70
08FEE0
08DE20
08BD40
089C30
087AE0
085970
0837D0
081600
07F400
07D1D0
07AF80
078CF0
076A90
074850
072620
070420
06E250
06C090
069EF0
067D80
065C20
063AF0
0619E0
05F8F0
05D830
05B780
059700
057690
0556A0
053710
0517F0
04F930
04DAE0
04BD00
049F90
048280
0465F0
0449B0
042DF0
041290
03F7A0
03DD20
03C300
03A950
039040
0377D0
036000
0348D0
033240
031C50
0306F0
02F240
02DE30
02CAB0
02B7E0
02A5A0
029410
028310
0272C0
026300
025400
0245C0
023840
022B80
021F70
021420
020990
01FFB0
01F6A0
01EE40
01E6A0
01DFC0
01D990
01D420
01CF80
01CB80
01C850
01C5D0
01C410
01C300
01C2B0
01C320
01C440
01C620
01C8C0
01CC10
01D020
01D4E0
01DA60
01E0A0
01E790
01EF40
01F790
020070
020A00
021420
021EF0
022A50
023650
0242F0
025030
025E00
026C80
027B90
028B50
029BA0
02AC90
02BE20
02D010
02E270
02F540
030870
031C00
033000
034460
035930
036E70
038410
039A10
03B080
03C750
03DE90
03F640
040E40
042670
043ED0
045740
046FE0
048890
04A170
04BA70
04D390
04ECE0
050640
051FD0
053980
055350
056D40
058760
05A190
05BBA0
05D590
05EF50
0608E0
062250
063B90
0654A0
066DA0
068660
069F00
06B770
06CFC0
06E7E0
06FFE0
0717B0
072F60
074690
075D50
0773B0
078990
079EF0
07B3F0
07C880
07DC90
07F030
080360
081620
082870
083A50
084BB0
085CA0
086D30
087D00
088C20
089AA0
08A870
08B590
08C200
08CDC0
08D8E0
08E340
08ED00
08F610
08FE70
090630
090D30
091390
091930
091E10
092210
092530
092790
092910
0929B0
092980
092880
0926B0
092400
092070
091C20
0916F0
0910E0
090A10
090250
08F9C0
08F050
08E5F0
08DAB0
08CE90
08C180
08B3A0
08A4D0
089520
088490
087320
0860C0
084D80
083960
082460
080E80
07F7C0
07E030
07C7C0
07AE80
079460
077970
075DA0
074100
072380
070530
06E600
06C600
06A530
068380
0660F0
063DA0
061980
05F4C0
05CF50
05A930
058250
055AD0
053290
0509A0
04E000
04B5B0
048AB0
045F00
043290
040580
03D7B0
03A940
037A40
034AE0
031AF0
02EA90
02B9C0
028870
0256A0
022460
01F1B0
01BE70
018AD0
0156A0
012210
00ECF0
00B760
008160
004B20
0014B0
FFDE10
FFA740
FF7030
FF3900
FF0190
FEC9F0
FE9220
FE5A10
FE21E0
FDE970
FDB0D0
FD7800
FD3EF0
FD05C0
FCCCA0
FC9390
FC5AA0
FC21C0
FBE8F0
FBB050
FB77B0
FB3F30
FB06C0
FACE70
FA9630
FA5E10
FA2600
F9EE10
F9B630
F97E60
F946F0
F90FE0
F8D930
F8A2D0
F86CD0
F83730
F801E0
F7CCF0
F79860
F76420
F73040
F6FCC0
F6C9A0
F696D0
F66460
F63240
F600C0
F5CFD0
F59F80
F56FB0
F54080
F511E0
F4E3E0
F4B670
F48990
F45D40
F43180
F40660
F3DBD0
F3B1D0
F38870
F35F90
F33780
F31020
F2E970
F2C380
F29E50
F279D0
F25610
F23300
F210B0
F1EF20
F1CE40
F1AE20
F18EB0
F17000
F15210
F134D0
F11860
F0FCB0
F0E1D0
F0C7C0
F0AE70
F095F0
F07E40
F06750
F05130
F03BD0
F02740
F01380
F00080
EFEE50
EFDCF0
EFCC50
EFBC70
EFAD60
EF9F10
EF9170
EF84A0
EF7890
EF6D40
EF62B0
EF58F0
EF4FE0
EF47A0
EF4020
EF3950
EF3350
EF2E10
EF29A0
EF25C0
EF2290
EF2000
EF1E20
EF1CE0
EF1C40
EF1C50
EF1D00
EF1E50
EF2050
EF22F0
EF2640
EF2A20
EF2EC0
EF33F0
EF39D0
EF4020
EF4700
EF4E40
EF5610
EF5E50
EF6700
EF7040
EF79F0
EF8410
EF8EB0
EF99D0
EFA570
EFB180
EFBE10
EFCB10
EFD890
EFE650
EFF460
F002B0
F01140
F02010
F02F30
F03E80
F04E30
F05E10
F06E40
F07EB0
F08F60
F0A050
F0B190
F0C310
F0D4D0
F0E6A0
F0F880
F10A60
F11C50
F12E50
F14060
F15270
F16490
F176C0
F188F0
F19B30
F1AD80
F1BFE0
F1D240
F1E4B0
F1F730
F20980
F21BA0
F22DA0
F23F80
F25120
F262A0
F273F0
F28520
F29620
F2A700
F2B7A0
F2C830
F2D880
F2E8B0
F2F8B0
F30890
F31810
F32740
F33620
F344B0
F352E0
F360C0
F36E50
F37B90
F38880
F39510
F3A150
F3AD30
F3B8D0
F3C410
F3CF00
F3D9A0
F3E3D0
F3ED80
F3F6D0
F3FFB0
F40820
F41020
F417B0
F41ED0
F42580
F42BC0
F43190
F436F0
F43BE0
F44060
F44470
F44820
F44B40
F44DF0
F45030
F451F0
F45330
F45400
F45460
F45430
F453A0
F45280
F45100
F44EF0
F44C70
F44980
F44610
F44220
F43DD0
F43900
F433C0
F42E20
F42800
F42170
F41A80
F41310
F40B30
F402F0
F3FA30
F3F100
F3E760
F3DD50
F3D2D0
F3C7F0
F3BCA0
F3B110
F3A510
F398D0
F38C30
F37F30
F371F0
F36440
F35650
F34800
F33950
F32A50
F31B00
F30B50
F2FB50
F2EAF0
F2DA70
F2C9B0
F2B8C0
F2A7B0
F29660
F284F0
F27340
F26170
F24F60
F23D30
F22AC0
F21830
F20560
F1F270
F1DF40
F1CBF0
F1B890
F1A540
F191E0
F17E90
F16B30
F157E0
F14480
F13130
F11DD0
F10A70
F0F720
F0E3C0
F0D060
F0BD10
F0A9B0
F09650
F08330
F07030
F05D70
F04AE0
F03880
F02650
F01450
F00290
EFF100
EFDFA0
EFCE70
EFBD70
EFACA0
EF9C10
EF8BB0
EF7B70
EF6BA0
EF5C40
EF4D30
EF3E90
EF3050
EF2270
EF14F0
EF07D0
EEFB20
EEEEC0
EEE2D0
EED740
EECC20
EEC150
EEB6F0
EEACE0
EEA370
EE9A80
EE9220
EE8A50
EE8310
EE7C50
EE7620
EE7080
EE6B60
EE66E0
EE62E0
EE5F70
EE5C80
EE5A30
EE5860
EE5710
EE5680
EE5680
EE5740
EE5890
EE5AA0
EE5D40
EE6090
EE6490
EE6930
EE6E80
EE7470
EE7B00
EE8240
EE8A20
EE92B0
EE9BF0
EEA5D0
EEB070
EEBBC0
EEC7C0
EED480
EEE1F0
EEF010
EEFEE0
EF0E60
EF1EA0
EF2F90
EF4130
EF5390
EF6690
EF7A50
EF8EC0
EFA3E0
EFB9B0
EFD030
EFE770
EFFF50
F017E0
F03130
F04B20
F065D0
F08120
F09D30
F0B9E0
F0D750
F0F570
F11440
F133B0
F153D0
F17480
F195E0
F1B7C0
F1DA50
F1FD80
F22140
F245A0
F26AA0
F29030
F2B670
F2DD40
F304B0
F32CB0
F35560
F37EA0
F3A860
F3D290
F3FD40
F42860
F45400
F48010
F4ACA0
F4D9A0
F50710
F53500
F56370
F59250
F5C1B0
F5F180
F621C0
F65290
F68390
F6B4E0
F6E670
F71850
F74A70
F77CD0
F7AF80
F7E270
F815A0
F84920
F87CE0
F8B0F0
F8E540
F919D0
F94EB0
F983D0
F9B900
F9EE40
FA2390
FA58E0
FA8E50
FAC3C0
FAF940
FB2ED0
FB6470
FB9A10
FBCFD0
FC0590
FC3B70
FC7150
FCA740
FCDD30
FD1300
FD48A0
FD7E10
FDB350
FDE860
FE1D50
FE5200
FE8680
FEBAE0
FEEF00
FF2300
FF56C0
FF8A60
FFBDD0
FFF110
002410
0056C0
0088F0
00BAC0
00EC20
011D10
014D90
017DB0
01AD60
01DCA0
020B80
0239E0
0267E0
029580
02C2A0
02EF60
031BB0
034760
037270
039CD0
03C6A0
03EFD0
041850
044030
046770
048E10
04B410
04D970
04FE20
052240
0545B0
056880
058AC0
05AC20
05CCB0
05EC80
060B70
0629A0
064700
066390
067F50
069A40
06B470
06CDC0
06E650
06FE10
0714F0
072B10
074070
0754D0
076850
077AE0
078C90
079D50
07AD20
07BC10
07CA10
07D730
07E350
07EEA0
07F8F0
080260
080AF0
081280
081940
081EF0
0823C0
082790
082A60
082C50
082D30
082D30
082C30
082A40
082750
082370
081EA0
0818D0
081210
080A50
0801B0
07F810
07ED80
07E210
07D5B0
07C860
07BA20
07AAF0
079AD0
0789D0
0777E0
076500
075130
073C70
0726D0
071030
06F8B0
06E050
06C730
06AD30
069260
0676C0
065A50
063D00
061EF0
060000
05E040
05BFB0
059E40
057C10
055900
053530
051080
04EB20
04C530
049E90
047740
044F60
0426D0
03FD90
03D3C0
03A940
037E20
035250
0325E0
02F8D0
02CB10
029CC0
026DB0
023E50
020E70
01DE30
01AD90
017C80
014B00
011920
00E6D0
00B420
008100
004D80
001990
FFE530
FFB070
FF7B40
FF45B0
FF0FF0
FEDA20
FEA420
FE6E00
FE37C0
FE0160
FDCAD0
FD9430
FD5D60
FD2680
FCEF70
FCB840
FC80E0
FC4970
FC11D0
FBDA20
FBA290
FB6B20
FB33E0
FAFCD0
FAC5F0
FA8F30
FA58A0
FA2230
F9EC00
F9B5E0
F98000
F94A40
F914B0
F8DF40
F8AA00
F874F0
F84050
F80C20
F7D870
F7A530
F77260
F74000
F70E20
F6DCB0
F6ABC0
F67B30
F64B20
F61B90
F5EC60
F5BDB0
F58F70
F561B0
F534A0
F50840
F4DCB0
F4B1C0
F48790
F45E20
F43560
F40D60
F3E620
F3BF90
F399B0
F37490
F35030
F32C80
F30980
F2E750
F2C600
F2A590
F28620
F267A0
F24A00
F22D50
F21190
F1F6C0
F1DCE0
F1C3E0
F1ABE0
F194C0
F17E90
F16950
F15500
F14190
F12F40
F11E00
F10DC0
F0FEA0
F0F090
F0E390
F0D7A0
F0CCC0
F0C2F0
F0BA30
F0B290
F0ABF0
F0A660
F0A1F0
F09E80
F09C30
F09AF0
F09AD0
F09BD0
F09DF0
F0A120
F0A580
F0AAF0
F0B180
F0B920
F0C1F0
F0CBD0
F0D6D0
F0E2F0
F0F020
F0FE70
F10DF0
F11E70
F13000
F142A0
F15650
F16B10
F180E0
F197C0
F1AFA0
F1C8A0
F1E2B0
F1FDD0
F21A00
F23730
F25580
F274E0
F29540
F2B6A0
F2D8D0
F2FC00
F32010
F34500
F36AF0
F391C0
F3B970
F3E210
F40BA0
F43610
F46170
F48DB0
F4BAE0
F4E900
F51800
F547B0
F57810
F5A920
F5DAE0
F60D50
F64070
F67440
F6A8B0
F6DDE0
F713B0
F74A40
F78170
F7B950
F7F1E0
F82B20
F86510
F89F70
F8DA20
F91540
F950C0
F98CA0
F9C8E0
FA0580
FA4290
FA8000
FABDD0
FAFC00
FB3AA0
FB7990
FBB8F0
FBF8B0
FC38E0
FC7910
FCB950
FCF990
FD39F0
FD7A50
FDBAD0
FDFB50
FE3BD0
FE7C70
FEBD10
FEFDD0
FF3E90
FF7F60
FFC030
000120
004210
0082C0
00C320
010330
0142F0
018270
01C1B0
020090
023F30
027D80
02BB80
02F940
0336B0
0373D0
03B0B0
03ED40
042980
046530
04A030
04DAA0
051460
054D90
058620
05BE20
05F570
062C30
066240
0697C0
06CCA0
0700E0
073480
076780
0799F0
07CB70
07FC10
082BD0
085AB0
0888B0
08B5C0
08E200
090D50
0937C0
096150
098A00
09B1C0
09D8B0
09FEB0
0A23D0
0A4820
0A6B40
0A8D60
0AAE70
0ACE60
0AED40
0B0B10
0B27D0
0B4380
0B5E20
0B77A0
0B9010
0BA770
0BBDC0
0BD300
0BE730
0BFA40
0C0C30
0C1CF0
0C2C90
0C3B00
0C4840
0C5460
0C5F50
0C6920
0C71C0
0C7930
0C7F80
0C84A0
0C8890
0C8B60
0C8D00
0C8D80
0C8CD0
0C8B00
0C8800
0C83E0
0C7EA0
0C7830
0C70A0
0C67F0
0C5E10
0C5310
0C46E0
0C3990
0C2B20
0C1B80
0C0AC0
0BF8D0
0BE5E0
0BD1F0
0BBCF0
0BA6E0
0B8FD0
0B77C0
0B5EA0
0B4470
0B2940
0B0D10
0AEFD0
0AD180
0AB230
0A91E0
0A7080
0A4E10
0A2AE0
0A06D0
09E1F0
09BC40
0995C0
096E70
094650
091D50
08F390
08C8F0
089D80
087140
084430
081650
07E790
07B810
078800
075760
072630
06F480
06C250
068F90
065C40
062860
05F400
05BF10
0589A0
0553A0
051D10
04E600
04AE60
047630
043DD0
040540
03CC70
039360
035A20
0320B0
02E700
02AD10
0272F0
0238A0
01FE10
01C340
018840
014D10
0111A0
00D5F0
009A70
005F00
0023B0
FFE880
FFAD70
FF7270
FF37A0
FEFCE0
FEC240
FE87C0
FE4D60
FE1310
FDD8F0
FD9EE0
FD64F0
FD2B20
FCF1C0
FCB8C0
FC8030
FC4810
FC1060
FBD910
FBA240
FB6BD0
FB35C0
FB0030
FACB00
FA9640
FA61F0
FA2E00
F9FA80
F9C770
F99510
F96360
F93260
F90210
F8D260
F8A370
F87520
F84790
F81AA0
F7EE60
F7C2D0
F797F0
F76DC0
F74440
F71B70
F6F340
F6CC00
F6A590
F68010
F65B60
F63790
F614A0
F5F290
F5D150
F5B100
F59180
F572E0
F55530
F53850
F51C40
F50120
F4E6E0
F4CD90
F4B540
F49DE0
F48770
F47200
F45D90
F44A10
F43790
F42600
F41560
F405C0
F3F720
F3E970
F3DCB0
F3D0F0
F3C630
F3BC60
F3B390
F3ABB0
F3A4D0
F39EF0
F39A10
F39620
F39330
F39130
F39030
F39030
F39130
F39320
F39610
F399F0
F39EE0
F3A4A0
F3AB50
F3B2F0
F3BB70
F3C4E0
F3CF30
F3DA70
F3E690
F3F3A0
F40190
F41070
F42030
F430E0
F44270
F454F0
F46850
F47C80
F49160
F4A710
F4BD90
F4D4C0
F4ECC0
F50580
F51F10
F53960
F55460
F57040
F58CD0
F5AA30
F5C850
F5E730
F606E0
F62720
F647F0
F66950
F68B40
F6ADD0
F6D0E0
F6F490
F718D0
F73DB0
F76310
F78910
F7AFA0
F7D6C0
F7FE80
F826C0
F84FA0
F878D0
F8A270
F8CC60
F8F6C0
F92170
F94C80
F977E0
F9A3B0
F9CFD0
F9FC60
FA2940
FA5680
FA8420
FAB220
FAE080
FB0F30
FB3E10
FB6D20
FB9C40
FBCB90
FBFB10
FC2AB0
FC5A70
FC8A60
FCBA70
FCEAB0
FD1B10
FD4B90
FD7C30
FDAD10
FDDE00
FE0F20
FE4030
FE7140
FEA240
FED330
FF0420
FF3510
FF65E0
FF96B0
FFC780
FFF840
0028F0
0059A0
008A40
00BAD0
00EB60
011BE0
014C30
017C50
01AC40
01DC00
020B80
023AD0
0269F0
0298E0
02C7A0
02F630
032480
0352B0
0380A0
03AE60
03DBF0
040940
043650
046310
048F80
04BBB0
04E780
051310
053E50
056940
0593E0
05BE40
05E840
061200
063B70
066490
068D60
06B5F0
06DE10
0705E0
072D50
075460
077B10
07A170
07C760
07ED00
081240
083720
085BA0
087FC0
08A390
08C700
08EA10
090CC0
092F00
0950F0
097280
0993A0
09B460
09D4C0
09F4C0
0A1460
0A3390
0A5270
0A70E0
0A8EF0
0AACA0
0AC9F0
0AE6E0
0B0360
0B1F90
0B3B50
0B56C0
0B71C0
0B8C70
0BA6B0
0BC0A0
0BDA20
0BF350
0C0C10
0C2470
0C3C80
0C5420
0C6B70
0C8250
0C98E0
0CAF10
0CC4E0
0CDA50
0CEF70
0D0430
0D18A0
0D2CB0
0D4060
0D53C0
0D66C0
0D7960
0D8BB0
0D9DA0
0DAF40
0DC070
0DD160
0DE1F0
0DF220
0E0210
0E11B0
0E20F0
0E2FE0
0E3E80
0E4CD0
0E5AD0
0E6870
0E75D0
0E82D0
0E8F80
0E9BE0
0EA7F0
0EB3A0
0EBF10
0ECA20
0ED4F0
0EDF60
0EE990
0EF360
0EFCF0
0F0620
0F0F00
0F17A0
0F1FE0
0F27D0
0F2F70
0F36D0
0F3DD0
0F4480
0F4AE0
0F50F0
0F56B0
0F5C20
0F6150
0F6610
0F6A90
0F6EC0
0F72A0
0F7630
0F7970
0F7C60
0F7EF0
0F8140
0F8340
0F84E0
0F8630
0F8730
0F87D0
0F8810
0F87F0
0F8780
0F86C0
0F85A0
0F8420
0F8240
0F8010
0F7D90
0F7AA0
0F7760
0F73D0
0F6FE0
0F6B90
0F66D0
0F61B0
0F5C30
0F5640
0F4FF0
0F4940
0F4230
0F3AB0
0F32D0
0F2A90
0F21E0
0F18D0
0F0F60
0F0580
0EFB50
0EF0A0
0EE570
0ED9E0
0ECDD0
0EC150
0EB450
0EA6E0
0E9910
0E8AB0
0E7BF0
0E6CB0
0E5D00
0E4CE0
0E3C40
0E2B40
0E19B0
0E07B0
0DF530
0DE230
0DCEB0
0DBAB0
0DA630
0D9120
0D7BA0
0D65A0
0D4F20
0D3810
0D2090
0D0890
0CF000
0CD700
0CBD70
0CA360
0C88D0
0C6DB0
0C5210
0C35E0
0C1920
0BFBE0
0BDE20
0BBFD0
0BA100
0B81A0
0B61B0
0B4140
0B2050
0AFED0
0ADCD0
0ABA40
0A9730
0A73A0
0A4F80
0A2AE0
0A05C0
09E010
09B9E0
099320
096BF0
094430
091BE0
08F320
08C9D0
089FF0
0875A0
084AD0
081F80
07F3C0
07C790
079AF0
076DD0
074030
071230
06E3B0
06B4B0
068550
065560
062510
05F440
05C300
059140
055F30
052CC0
04FA00
04C6E0
049360
045F90
042B70
03F6F0
03C210
038CD0
035740
032160
02EB20
02B480
027D90
024640
020ED0
01D720
019F50
016750
012F30
00F6E0
00BE60
0085B0
004CD0
0013D0
FFDAA0
FFA140
FF67C0
FF2E10
FEF430
FEBA20
FE8020
FE4630
FE0C40
FDD260
FD9890
FD5ED0
FD2510
FCEB60
FCB1B0
FC7820
FC3E90
FC0500
FBCB90
FB9220
FB58C0
FB1F60
FAE650
FAAD90
FA7520
FA3D00
FA0520
F9CD90
F99640
F95F40
F92890
F8F230
F8BC20
F88650
F850D0
F81BA0
F7E6B0
F7B210
F77E00
F74A80
F71780
F6E510
F6B330
F681E0
F65120
F620E0
F5F130
F5C210
F59380
F56570
F537F0
F50B00
F4DEA0
F4B2D0
F487C0
F45D80
F43410
F40B60
F3E380
F3BC70
F39620
F370A0
F34BF0
F32810
F304F0
F2E2A0
F2C120
F2A060
F28070
F26150
F24320
F22600
F209D0
F1EEA0
F1D470
F1BB40
F1A310
F18BD0
F175A0
F16060
F14C20
F138E0
F126A0
F11550
F10510
F0F5C0
F0E790
F0DA90
F0CEA0
F0C3D0
F0BA20
F0B190
F0AA20
F0A3D0
F09EA0
F09A90
F097A0
F095D0
F09510
F09580
F09710
F099B0
F09D90
F0A290
F0A8B0
F0B000
F0B880
F0C230
F0CD00
F0D900
F0E630
F0F480
F10400
F114B0
F12680
F13980
F14DB0
F16300
F17970
F19110
F1A9C0
F1C390
F1DE70
F1FA80
F217B0
F235F0
F25560
F275E0
F29790
F2BA50
F2DE30
F30330
F32950
F35090
F378C0
F3A200
F3CC20
F3F750
F42370
F45080
F47EA0
F4ADB0
F4DDB0
F50EB0
F540B0
F573A0
F5A7A0
F5DC80
F61270
F64940
F680E0
F6B940
F6F260
F72C40
F766D0
F7A230
F7DE40
F81B20
F858B0
F89710
F8D620
F915F0
F95690
F997E0
F9D9F0
FA1CC0
FA6000
FAA3C0
FAE7E0
FB2C80
FB7190
FBB720
FBFD10
FC4380
FC8A60
FCD1B0
FD1970
FD61B0
FDAA60
FDF380
FE3D10
FE8710
FED130
FF1B70
FF65D0
FFB050
FFFAE0
004590
009060
00DB50
012650
017180
01BCC0
020820
0253A0
029F30
02EAE0
0336C0
038250
03CDA0
0418C0
0463A0
04AE40
04F8A0
0542D0
058CB0
05D660
061FD0
066900
06B200
06FAB0
074330
078B70
07D370
081AE0
0861C0
08A810
08EDC0
0932F0
097780
09BB80
09FEF0
0A41D0
0A8420
0AC5E0
0B0700
0B47A0
0B87A0
0BC710
0C05F0
0C43F0
0C8120
0CBD70
0CF8E0
0D3380
0D6D40
0DA620
0DDE30
0E1550
0E4BB0
0E8120
0EB5C0
0EE980
0F1C70
0F4E70
0F7FB0
0FAFD0
0FDEE0
100CD0
1039C0
1065A0
109070
10BA20
10E2C0
110A60
1130E0
115650
117AB0
119E00
11C040
11E170
120190
122080
123E30
125AC0
127610
129040
12A930
12C0F0
12D790
12ECF0
130120
131420
1325F0
133690
134600
135440
136150
136D20
1377C0
138120
138950
139040
139600
139A80
139DC0
139FD0
13A0B0
13A050
139EB0
139BE0
1397D0
139290
138C10
138470
137BA0
1371B0
1366A0
135A60
134CF0
133E60
132EB0
131DD0
130BD0
12F8A0
12E450
12CEE0
12B840
12A070
128790
126DA0
1252B0
1236C0
1219D0
11FBD0
11DCE0
11BCF0
119C00
117A10
115710
113320
110E20
10E830
10C130
109940
107040
104680
101BF0
0FF0A0
0FC490
0F97B0
0F6A00
0F3B90
0F0C50
0EDC50
0EAB90
0E7A00
0E47A0
0E1480
0DE090
0DABE0
0D7670
0D4070
0D09F0
0CD2E0
0C9B60
0C6350
0C2AB0
0BF1A0
0BB800
0B7DE0
0B4330
0B0810
0ACC60
0A9020
0A5370
0A1630
09D870
099A70
095C40
091DD0
08DF20
08A030
086110
0821B0
07E220
07A250
076240
0721F0
06E170
06A0C0
065FC0
061E90
05DD20
059BC0
055A70
051920
04D7E0
0496B0
045590
041480
03D370
039270
035180
031090
02CFC0
028EF0
024E30
020D70
01CCD0
018C70
014C60
010CA0
00CD20
008E00
004F20
001090
FFD250
FF9450
FF56B0
FF1950
FEDC40
FE9F80
FE6310
FE26E0
FDEB10
FDAFB0
FD74E0
FD3A80
FD00B0
FCC760
FC8E90
FC5640
FC1E80
FBE730
FBB060
FB7A20
FB4460
FB0F20
FADA60
FAA620
FA7260
FA3F50
FA0CE0
F9DB20
F9AA00
F97990
F949C0
F91AA0
F8EC20
F8BE50
F89120
F86490
F838C0
F80D80
F7E2F0
F7B910
F78FD0
F76750
F73F90
F71880
F6F230
F6CCA0
F6A7D0
F683B0
F66050
F63DB0
F61BD0
F5FAB0
F5DA40
F5BA90
F59BA0
F57D60
F55FF0
F54330
F52730
F50BF0
F4F170
F4D7B0
F4BEA0
F4A660
F48ED0
F47810
F46200
F44CB0
F43820
F42450
F41140
F3FEF0
F3ED60
F3DC80
F3CC50
F3BCD0
F3AE00
F39FF0
F39290
F385E0
F379E0
F36E90
F36400
F35A20
F350E0
F34860
F340A0
F33980
F33320
F32D50
F32820
F32380
F31F80
F31C10
F31940
F31700
F31560
F31450
F313E0
F31400
F314C0
F31620
F31810
F31A90
F31DC0
F32150
F32560
F329E0
F32ED0
F33430
F33A10
F34060
F34730
F34E70
F35620
F35E40
F366E0
F36FF0
F37970
F38370
F38DE0
F398A0
F3A3A0
F3AEE0
F3BA80
F3C660
F3D290
F3DF00
F3EBC0
F3F8C0
F40610
F413B0
F42190
F42FC0
F43E40
F44D00
F45C10
F46B40
F47A80
F489F0
F49970
F4A910
F4B8D0
F4C8B0
F4D8A0
F4E8C0
F4F900
F50950
F519C0
F52A50
F53B00
F54BD0
F55CB0
F56D90
F57E60
F58F20
F59FE0
F5B080
F5C120
F5D1B0
F5E230
F5F2A0
F60300
F61360
F623B0
F633F0
F64420
F65440
F66460
F67440
F683F0
F69370
F6A2C0
F6B1E0
F6C0D0
F6CF80
F6DE00
F6EC50
F6FA70
F70860
F71620
F723A0
F73100
F73E20
F74B10
F757B0
F76400
F77010
F77BC0
F78720
F79230
F79D00
F7A770
F7B1A0
F7BB70
F7C500
F7CE40
F7D720
F7DFC0
F7E810
F7F010
F7F7B0
F7FEE0
F805C0
F80C30
F81240
F817F0
F81D40
F82220
F826B0
F82AD0
F82E90
F831F0
F834F0
F83790
F839C0
F83BA0
F83D00
F83E10
F83EA0
F83ED0
F83EA0
F83E00
F83CF0
F83B80
F839A0
F83760
F834B0
F83190
F82E10
F82A20
F825D0
F82110
F81BF0
F81670
F81080
F80A30
F80380
F7FC60
F7F4F0
F7ED10
F7E4D0
F7DC20
F7D310
F7C9A0
F7BFD0
F7B5A0
F7AB00
F7A000
F794B0
F78900
F77D10
F770C0
F76420
F75730
F749F0
F73C60
F72E70
F72040
F711B0
F702D0
F6F3A0
F6E410
F6D440
F6C410
F6B3B0
F6A310
F69240
F68140
F67000
F65E80
F64CD0
F63AF0
F628D0
F61680
F603F0
F5F130
F5DE30
F5CB00
F5B7A0
F5A3F0
F59040
F57C80
F568A0
F554B0
F540A0
F52C90
F51860
F50420
F4EFC0
F4DB50
F4C6E0
F4B240
F49DA0
F488E0
F47410
F45F30
F44A60
F435A0
F420F0
F40C60
F3F7E0
F3E370
F3CF10
F3BAC0
F3A690
F39270
F37E60
F36A60
F35670
F342A0
F32EE0
F31B30
F307C0
F2F480
F2E180
F2CEC0
F2BC30
F2A9F0
F297D0
F28600
F27460
F26300
F251D0
F240E0
F23030
F21FC0
F20F80
F1FF80
F1EFE0
F1E0A0
F1D1C0
F1C340
F1B520
F1A770
F19A10
F18D20
F18080
F17450
F16880
F15D10
F151F0
F14740
F13CF0
F13310
F129A0
F120B0
F11840
F11050
F108D0
F101E0
F0FB70
F0F580
F0F000
F0EB10
F0E6A0
F0E2A0
F0DF30
F0DC30
F0D9B0
F0D7C0
F0D650
F0D580
F0D530
F0D580
F0D660
F0D7D0
F0D9D0
F0DC60
F0DF90
F0E340
F0E790
F0EC60
F0F1D0
F0F7D0
F0FE60
F10580
F10D40
F11580
F11E70
F127E0
F131F0
F13CA0
F147D0
F153B0
F16010
F16D10
F17AA0
F188D0
F19790
F1A6E0
F1B6D0
F1C750
F1D860
F1EA00
F1FC20
F20ED0
F22210
F235E0
F24A40
F25F20
F27490
F28A90
F2A110
F2B830
F2CFD0
F2E800
F300C0
F31A00
F333C0
F34DF0
F36890
F383B0
F39F30
F3BB30
F3D7A0
F3F480
F411E0
F42FB0
F44DF0
F46CA0
F48BC0
F4AB60
F4CB70
F4EBF0
F50CC0
F52DD0
F54F40
F570F0
F592E0
F5B530
F5D7C0
F5FAA0
F61DC0
F64140
F66500
F68900
F6AD60
F6D200
F6F6F0
F71C20
F74170
F766E0
F78C70
F7B210
F7D7C0
F7FDA0
F82380
F84990
F86FB0
F895F0
F8BC40
F8E2B0
F90940
F92FE0
F956A0
F97D70
F9A430
F9CAC0
F9F140
FA17A0
FA3DE0
FA6400
FA8A00
FAAFF0
FAD5B0
FAFB60
FB20F0
FB4650
FB6BA0
FB90D0
FBB5E0
FBDAE0
FBFF80
FC23C0
FC47C0
FC6B60
FC8EA0
FCB1A0
FCD440
FCF690
FD1890
FD3A30
FD5B80
FD7C80
FD9D20
FDBD70
FDDD70
FDFD20
FE1C40
FE3AE0
FE58F0
FE7680
FE9390
FEB020
FECC20
FEE790
FF0290
FF1D00
FF36E0
FF5040
FF6920
FF8180
FF9950
FFB0A0
FFC740
FFDD40
FFF290
000730
001B30
002E80
004130
005330
006490
007530
008540
009490
00A340
00B150
00BEB0
00CB60
00D760
00E290
00ED20
00F6E0
00FFE0
010830
010FC0
011690
011CB0
012200
0126A0
012A80
012DB0
013020
0131C0
0132C0
0132F0
013270
013130
012F40
012C90
012920
012500
012020
011A90
011440
010D30
010570
00FCF0
00F3B0
00E9C0
00DF10
00D3C0
00C7D0
00BB50
00AE20
00A050
0091E0
0082D0
007320
0062D0
0051E0
004050
002E20
001B50
0007E0
FFF3D0
FFDF20
FFCA00
FFB470
FF9E60
FF87F0
FF7100
FF59A0
FF41D0
FF2980
FF10D0
FEF7A0
FEDE00
FEC3F0
FEA970
FE8E70
FE7300
FE5730
FE3B20
FE1ED0
FE0260
FDE5B0
FDC8D0
FDABC0
FD8E80
FD7100
FD5360
FD3580
FD1770
FCF920
FCDAB0
FCBC00
FC9D20
FC7E10
FC5F10
FC4020
FC2150
FC0290
FBE3F0
FBC550
FBA6D0
FB8870
FB6A10
FB4BD0
FB2DA0
FB0F90
FAF190
FAD3A0
FAB5D0
FA9800
FA7AA0
FA5DA0
FA4100
FA24C0
FA08F0
F9ED70
F9D250
F9B7A0
F99D40
F98350
F969B0
F95080
F937B0
F91F40
F90720
F8EF70
F8D870
F8C210
F8AC50
F89730
F882C0
F86EF0
F85BD0
F84950
F83770
F82640
F815B0
F805C0
F7F680
F7E7E0
F7D9F0
F7CCA0
F7C030
F7B490
F7A9D0
F7A000
F796F0
F78ED0
F78780
F78120
F77B90
F776D0
F77300
F77000
F76DE0
F76CA0
F76C40
F76CB0
F76E20
F77090
F77400
F77870
F77DD0
F78440
F78BA0
F79400
F79D50
F7A7B0
F7B300
F7BF50
F7CCA0
F7DAE0
F7EA30
F7FA70
F80BB0
F81E00
F83140
F84580
F85AD0
F87110
F88860
F8A0A0
F8B9E0
F8D430
F8EF70
F90BC0
F92910
F94750
F966A0
F986E0
F9A810
F9CA30
F9ED30
FA1110
FA35E0
FA5B90
FA8230
FAA9B0
FAD220
FAFB70
FB25B0
FB50D0
FB7CD0
FBA9C0
FBD790
FC0650
FC35C0
FC65E0
FC96A0
FCC820
FCFA50
FD2D40
FD60D0
FD9510
FDCA00
FDFFA0
FE3600
FE6D00
FEA4C0
FEDD20
FF1640
FF5000
FF8A30
FFC4C0
FFFFC0
003B20
0076E0
00B300
00EF80
012C70
0169C0
01A780
01E590
022410
0262F0
02A240
02E1F0
032200
036210
03A230
03E250
042270
0462A0
04A2D0
04E300
052340
056380
05A3C0
05E410
062460
0664C0
06A520
06E580
0725E0
0765F0
07A5A0
07E4E0
0823D0
086260
08A090
08DE70
091BE0
0958F0
0995B0
09D200
0A0E00
0A49A0
0A84E0
0ABFC0
0AFA40
0B3400
0B6D10
0BA550
0BDCE0
0C13A0
0C49B0
0C7F00
0CB390
0CE760
0D1A80
0D4CD0
0D7E70
0DAF40
0DDF60
0E0EC0
0E3D60
0E6AF0
0E9770
0EC2F0
0EED50
0F16A0
0F3EF0
0F6620
0F8C50
0FB170
0FD580
0FF880
101A70
103B50
105B20
1079E0
1097A0
10B410
10CF30
10E910
1101B0
111910
112F20
1143E0
115760
1169A0
117AA0
118A50
1198B0
11A5E0
11B1C0
11BC50
11C5A0
11CD90
11D420
11D950
11DD20
11DF90
11E0A0
11E060
11DEB0
11DBA0
11D730
11D160
11CA30
11C1A0
11B7B0
11AC60
119FC0
1191B0
118260
1171A0
115FA0
114C40
113780
112170
110A10
10F150
10D740
10BBE0
109F20
108100
106190
1040D0
101EB0
0FFB70
0FD6F0
0FB150
0F8A80
0F6280
0F3950
0F0EF0
0EE370
0EB6C0
0E88E0
0E59D0
0E2990
0DF820
0DC590
0D91D0
0D5CD0
0D2700
0CF040
0CB8A0
0C8010
0C46A0
0C0C40
0BD100
0B94E0
0B57D0
0B19E0
0ADB00
0A9B40
0A5AA0
0A1910
09D6A0
099340
094F60
090AF0
08C5F0
088070
083A60
07F3C0
07AC90
0764E0
071CA0
06D3E0
068A90
0640B0
05F640
05AB50
055FD0
0513C0
04C790
047B40
042EC0
03E220
039560
034880
02FB70
02AE40
0260E0
021360
01C5C0
017800
012A10
00DC00
008DD0
003F70
FFF160
FFA380
FF55F0
FF08A0
FEBB90
FE6EC0
FE2230
FDD5E0
FD89E0
FD3E10
FCF290
FCA750
FC5C40
FC1180
FBC700
FB7CD0
FB3330
FAEA20
FAA1C0
FA59F0
FA12C0
F9CC30
F98640
F940E0
F8FC30
F8B810
F87480
F831A0
F7EF50
F7ADB0
F76CA0
F72C20
F6EC90
F6ADF0
F67030
F63350
F5F750
F5BC40
F58210
F548D0
F51060
F4D8F0
F4A250
F46CA0
F437D0
F403F0
F3D0E0
F39ED0
F36DC0
F33DC0
F30EE0
F2E110
F2B440
F28890
F25DF0
F23460
F20BF0
F1E480
F1BE30
F198E0
F174B0
F15190
F12F80
F10E80
F0EEA0
F0CFF0
F0B260
F095F0
F07AA0
F06070
F04770
F02F90
F018D0
F00330
EFEEB0
EFDB60
EFC930
EFB820
EFA830
EF9960
EF8BB0
EF7F10
EF7390
EF6930
EF5FD0
EF5790
EF5070
EF4A60
EF4570
EF4190
EF3EC0
EF3D10
EF3C70
EF3CF0
EF3E90
EF4130
EF44D0
EF4970
EF4EF0
EF5570
EF5CE0
EF6540
EF6E90
EF78E0
EF8410
EF9050
EF9D70
EFAB80
EFBA90
EFCA90
EFDB80
EFED70
F00010
F01370
F027A0
F03C80
F05220
F06880
F07FA0
F09780
F0B010
F0C970
F0E390
F0FE60
F11A00
F13650
F15360
F17140
F18F90
F1AE60
F1CDB0
F1ED80
F20DD0
F22EB0
F25000
F271D0
F29420
F2B6F0
F2DA40
F2FE00
F32250
F34720
F36C70
F39240
F3B850
F3DEA0
F40530
F42C10
F45330
F47A80
F4A220
F4CA10
F4F230
F51A90
F54340
F56C30
F59560
F5BED0
F5E890
F61280
F63C90
F66690
F690B0
F6BAD0
F6E500
F70F40
F73980
F763D0
F78E20
F7B880
F7E2F0
F80D70
F837F0
F86270
F88D10
F8B7B0
F8E230
F90CA0
F936F0
F96120
F98B30
F9B520
F9DF00
FA08C0
FA3260
FA5BE0
FA8550
FAAE90
FAD7C0
FB00D0
FB29D0
FB52A0
FB7B40
FBA3B0
FBCBF0
FBF3F0
FC1BB0
FC4340
FC6AA0
FC91D0
FCB8C0
FCDF70
FD05F0
FD2C40
FD5260
FD7840
FD9DE0
FDC360
FDE890
FE0D90
FE3250
FE56E0
FE7B20
FE9F30
FEC310
FEE6A0
FF0A00
FF2D20
FF5010
FF72B0
FF9530
FFB760
FFD960
FFFB10
001CA0
003E00
005F20
008010
00A0C0
00C150
00E1A0
0101C0
0121A0
014160
0160E0
018030
019F40
01BE30
01DCE0
01FB50
0219B0
0237F0
025600
0273F0
0291C0
02AF70
02CD00
02EA60
0307B0
0324D0
0341D0
035EB0
037B60
039800
03B470
03D0D0
03ED10
040950
042570
044190
045DA0
0479A0
049590
04B170
04CD50
04E910
0504D0
052080
053C20
0557B0
057330
058EA0
05AA20
05C590
05E110
05FC80
061800
063380
064F00
066A80
068600
06A190
06BD10
06D8A0
06F420
070FB0
072B40
0746C0
076260
077E00
0799B0
07B560
07D120
07ECF0
0808C0
0824A0
084080
085C70
087870
089470
08B080
08CC90
08E8C0
0904E0
092110
093D40
095970
0975A0
0991D0
09AE00
09CA30
09E660
0A02A0
0A1ED0
0A3B00
0A5740
0A7370
0A8FB0
0AABE0
0AC820
0AE440
0B0050
0B1C60
0B3840
0B5420
0B6FF0
0B8BA0
0BA740
0BC2D0
0BDE50
0BF9B0
0C1500
0C3050
0C4B70
0C6690
0C81A0
0C9C70
0CB700
0CD160
0CEB90
0D0580
0D1F30
0D38B0
0D51F0
0D6B00
0D83D0
0D9C70
0DB4D0
0DCCF0
0DE4E0
0DFCA0
0E1420
0E2B40
0E41F0
0E5850
0E6E40
0E83D0
0E98F0
0EADC0
0EC220
0ED620
0EE9C0
0EFCF0
0F0FC0
0F2230
0F3440
0F45F0
0F5730
0F67E0
0F7800
0F8790
0F9690
0FA4F0
0FB2C0
0FC000
0FCCB0
0FD8C0
0FE450
0FEF40
0FF9A0
100360
100CA0
101540
101D50
1024A0
102B40
103120
103640
103AA0
103E40
104130
104360
1044D0
104590
104590
1044D0
104350
104110
103E20
103A70
1035E0
103080
102A50
102340
101B50
101290
100900
0FFE90
0FF340
0FE720
0FDA30
0FCC60
0FBDB0
0FAE30
0F9DE0
0F8CB0
0F7A90
0F67A0
0F53D0
0F3F20
0F2990
0F1310
0EFBC0
0EE380
0ECA70
0EB070
0E9590
0E79E0
0E5D40
0E3FC0
0E2160
0E0220
0DE210
0DC130
0D9F80
0D7D00
0D59B0
0D3590
0D10A0
0CEAF0
0CC460
0C9D00
0C74D0
0C4BD0
0C2200
0BF770
0BCC00
0B9FC0
0B72E0
0B4550
0B1720
0AE840
0AB8C0
0A8890
0A57C0
0A2640
09F410
09C140
098DD0
0959B0
0924F0
08EF80
08B960
0882B0
084B80
0813F0
07DC00
07A3A0
076AE0
0731C0
06F830
06BE30
0683D0
064910
060DE0
05D250
059650
0559F0
051D30
04E000
04A2B0
046550
0427E0
03EA50
03ACA0
036EE0
033110
02F320
02B520
027700
0238D0
01FA80
01BC20
017DA0
013F10
010060
00C200
0083D0
0045F0
000850
FFCAF0
FF8DD0
FF50F0
FF1450
FED7F0
FE9BE0
FE6010
FE2470
FDE920
FDAE10
FD7340
FD38C0
FCFEC0
FCC570
FC8CB0
FC5480
FC1CF0
FBE600
FBAFA0
FB79D0
FB44A0
FB1010
FADC10
FAA8B0
FA75F0
FA43C0
FA1220
F9E120
F9B100
F981D0
F95380
F92610
F8F980
F8CDE0
F8A320
F87940
F85040
F82830
F80100
F7DAC0
F7B550
F790D0
F76D30
F74A80
F728E0
F70860
F6E8F0
F6CAB0
F6AD80
F69170
F67670
F65CA0
F643E0
F62C30
F615B0
F60040
F5EBF0
F5D8C0
F5C6A0
F5B5B0
F5A5E0
F59750
F589F0
F57DC0
F572D0
F56910
F56090
F55930
F55310
F54E20
F54A70
F547F0
F546A0
F54690
F547A0
F54A00
F54D80
F55230
F55810
F55F20
F56770
F570E0
F57B90
F58760
F59470
F5A2A0
F5B210
F5C2A0
F5D470
F5E770
F5FBA0
F610F0
F62760
F63ED0
F65750
F670E0
F68B80
F6A720
F6C3D0
F6E190
F70050
F72030
F74110
F762F0
F785F0
F7A9F0
F7CF00
F7F520
F81C10
F843C0
F86C50
F895A0
F8BFC0
F8EAB0
F91670
F94300
F97060
F99E90
F9CD80
F9FD50
FA2DE0
FA5F50
FA9180
FAC480
FAF800
FB2C00
FB6070
FB9560
FBCAD0
FC00B0
FC3710
FC6DF0
FCA550
FCDD20
FD1580
FD4E50
FD8790
FDC160
FDFBA0
FE3650
FE7130
FEAC30
FEE750
FF2290
FF5DE0
FF9960
FFD500
0010B0
004C90
008890
00C4B0
0100E0
013D40
0179C0
01B650
01F310
022F90
026BD0
02A7E0
02E3C0
031F60
035AC0
0395F0
03D0E0
040BA0
044620
048060
04BA70
04F450
052DF0
056750
05A080
05D920
061140
0648E0
067FE0
06B670
06EC70
0721E0
0756D0
078B40
07BF20
07F280
082550
085790
088960
08BA90
08EB50
091B40
094A70
0978E0
09A6A0
09D390
09FFC0
0A2B40
0A55F0
0A7FF0
0AA920
0AD190
0AF950
0B2040
0B4680
0B6BF0
0B90B0
0BB480
0BD780
0BF990
0C1AC0
0C3B10
0C5A80
0C7910
0C96C0
0CB390
0CCF80
0CEA90
0D04C0
0D1E00
0D3670
0D4DF0
0D64A0
0D7A60
0D8F40
0DA340
0DB650
0DC890
0DD9E0
0DEA50
0DF9D0
0E0880
0E1640
0E2320
0E2F20
0E3A40
0E4470
0E4DC0
0E5630
0E5DD0
0E64A0
0E6AA0
0E6FE0
0E7440
0E77E0
0E7AA0
0E7CA0
0E7DD0
0E7E30
0E7DC0
0E7C80
0E7A70
0E77A0
0E73F0
0E6F80
0E6A60
0E64A0
0E5E40
0E5740
0E4F90
0E4740
0E3E50
0E34C0
0E2A90
0E1FB0
0E1430
0E0810
0DFB50
0DEDE0
0DDFE0
0DD130
0DC210
0DB280
0DA290
0D9230
0D8160
0D7030
0D5E90
0D4C80
0D3A00
0D2720
0D13D0
0D0010
0CEBE0
0CD750
0CC240
0CACE0
0C9740
0C8160
0C6B60
0C5530
0C3EC0
0C2830
0C1160
0BFA60
0BE330
0BCBD0
0BB440
0B9C80
0B8480
0B6C60
0B5400
0B3B70
0B22F0
0B0A60
0AF1F0
0AD970
0AC100
0AA890
0A9020
0A77C0
0A5F60
0A4710
0A2EC0
0A1670
09FE20
09E5E0
09CDA0
09B560
099D50
098570
096DC0
095630
093ED0
0927A0
091090
08F9B0
08E300
08CC80
08B620
089FF0
0889F0
087420
085E70
0848F0
0833B0
081EC0
080A10
07F5A0
07E170
07CD80
07B9E0
07A680
079360
078090
076E00
075BB0
0749A0
0737D0
072650
071510
070410
06F360
06E2F0
06D2C0
06C2D0
06B330
06A3D0
0694B0
0685E0
067740
066900
065AF0
064D30
063FB0
063270
062570
0618B0
060C20
05FFD0
05F3B0
05E7C0
05DC10
05D090
05C550
05BA30
05AF60
05A4B0
059A40
059010
058600
057C30
0572A0
056920
055FB0
055660
054D20
054400
053AF0
0531F0
052920
052050
0517A0
050F00
050680
04FE20
04F5C0
04ED90
04E560
04DD30
04D4F0
04CCA0
04C450
04BBE0
04B370
04AAF0
04A260
0499C0
049120
048860
047FA0
0476D0
046DF0
046500
045C10
0452E0
044990
044000
043650
042C60
042250
041810
040DA0
0402F0
03F820
03ED20
03E1F0
03D690
03CB00
03BF40
03B350
03A710
039A90
038DC0
0380B0
037350
0365A0
0357B0
034970
033AE0
032C10
031CF0
030D90
02FDE0
02EDE0
02DDA0
02CD10
02BC30
02AB00
029970
0287A0
027570
026300
025030
023D10
0229A0
0215D0
0201C0
01ED50
01D8A0
01C390
01AE30
019880
018280
016C40
0155B0
013ED0
0127B0
011040
00F880
00E080
00C830
00AF90
0096B0
007D80
006400
004A40
003030
0015D0
FFFB50
FFE0A0
FFC5C0
FFAAC0
FF8F90
FF7430
FF58B0
FF3D00
FF2130
FF0520
FEE8F0
FECCA0
FEB020
FE9370
FE7690
FE5990
FE3C90
FE1F90
FE0290
FDE590
FDC8A0
FDABA0
FD8EB0
FD71C0
FD54D0
FD37E0
FD1AF0
FCFE00
FCE120
FCC430
FCA750
FC8A70
FC6DD0
FC5160
FC3530
FC1940
FBFD90
FBE220
FBC6E0
FBABF0
FB9130
FB76B0
FB5C60
FB4260
FB2890
FB0F00
FAF5B0
FADCA0
FAC400
FAABE0
FA9430
FA7CF0
FA6630
FA4FF0
FA3A20
FA24C0
FA0FE0
F9FB70
F9E780
F9D400
F9C100
F9AE70
F99C60
F98AC0
F979D0
F96990
F959F0
F94B00
F93CC0
F92F30
F92240
F91610
F90A80
F8FF90
F8F560
F8EBD0
F8E2F0
F8DAC0
F8D340
F8CC60
F8C660
F8C120
F8BCC0
F8B930
F8B660
F8B470
F8B350
F8B300
F8B380
F8B4D0
F8B700
F8B9F0
F8BDC0
F8C250
F8C7C0
F8CDF0
F8D510
F8DD00
F8E5D0
F8EF80
F8FA10
F90580
F911C0
F91EF0
F92CF0
F93BD0
F94B90
F95C20
F96DA0
F97FF0
F99320
F9A730
F9BC20
F9D1D0
F9E850
F9FFA0
FA17C0
FA30B0
FA4A70
FA6500
FA8060
FA9C90
FAB9A0
FAD770
FAF610
FB1580
FB35C0
FB56E0
FB7890
FB9AF0
FBBDF0
FBE190
FC05E0
FC2AD0
FC5060
FC76A0
FC9D70
FCC4F0
FCED20
FD15E0
FD3F50
FD6960
FD9420
FDBF70
FDEB30
FE1750
FE43E0
FE70C0
FE9E10
FECBC0
FEF9D0
FF2840
FF5720
FF8650
FFB5F0
FFE5F0
001660
004720
007850
00A9E0
00DB80
010D20
013EE0
0170A0
01A270
01D460
020640
023840
026A50
029C60
02CE90
0300C0
033300
036550
0397B0
03CA10
03FC30
042E00
045F80
0490C0
04C1A0
04F240
052290
055290
058240
05B1A0
05E0C0
060F90
063E00
066C40
069A20
06C7B0
06F4A0
0720F0
074CA0
0777A0
07A200
07CBB0
07F4D0
081D30
084500
086C20
0892A0
08B880
08DDB0
090250
092630
094980
096BD0
098D40
09ADC0
09CD50
09EBF0
0A09A0
0A2670
0A4250
0A5D30
0A7730
0A9040
0AA870
0ABFA0
0AD5E0
0AEB40
0AFFB0
0B1300
0B2530
0B3650
0B4640
0B5520
0B62E0
0B6F90
0B7B10
0B8580
0B8ED0
0B9710
0B9E20
0BA420
0BA900
0BACC0
0BAF60
0BB0E0
0BB120
0BB040
0BAE30
0BAB00
0BA690
0BA100
0B9A30
0B9240
0B8920
0B7ED0
0B7360
0B66B0
0B58E0
0B49E0
0B39B0
0B2860
0B1600
0B0290
0AEDF0
0AD840
0AC180
0AA9A0
0A90A0
0A7680
0A5B50
0A3F10
0A21B0
0A0330
09E390
09C2E0
09A120
097E70
095AD0
093650
0910F0
08EAA0
08C360
089B40
087240
084850
081D80
07F1C0
07C520
079790
076920
0739D0
070980
06D8B0
06A740
067530
064290
060F50
05DB80
05A710
057210
053C70
050640
04CF70
049810
046010
042780
03EE50
03B480
037A80
034050
0305E0
02CB30
029050
025530
0219E0
01DE60
01A290
016690
012A60
00EDF0
00B150
007470
003760
FFFA00
FFBCE0
FF7FF0
FF4330
FF0690
FECA20
FE8DE0
FE51D0
FE15F0
FDDA30
FD9EB0
FD6350
FD2820
FCED20
FCB250
FC77A0
FC3D30
FC0340
FBC9E0
FB9110
FB58D0
FB2120
FAEA00
FAB360
FA7D60
FA47E0
FA1300
F9DEA0
F9AAD0
F97790
F944E0
F912B0
F8E120
F8B060
F88080
F85180
F82360
F7F610
F7C9A0
F79E10
F77360
F74980
F72080
F6F860
F6D120
F6AAB0
F68520
F66070
F63CA0
F619E0
F5F830
F5D790
F5B800
F59980
F57C10
F55FC0
F54470
F52A40
F51120
F4F910
F4E210
F4CC20
F4B740
F4A380
F490C0
F47F30
F46EC0
F45F80
F45160
F44460
F43880
F42DD0
F42440
F41BE0
F414A0
F40E80
F40980
F405B0
F40310
F40180
F40120
F401D0
F403B0
F40690
F40AA0
F40FC0
F415F0
F41D50
F425B0
F42F40
F439E0
F445A0
F45270
F46060
F46F70
F47F90
F490D0
F4A300
F4B610
F4CA20
F4DF10
F4F500
F50BD0
F52390
F53C40
F555E0
F57070
F58BF0
F5A860
F5C5B0
F5E400
F60330
F62350
F64420
F665A0
F687C0
F6AAA0
F6CE20
F6F250
F71720
F73CB0
F762E0
F789C0
F7B150
F7D980
F80260
F82BF0
F85630
F88120
F8AC60
F8D800
F90400
F93060
F95D10
F98A20
F9B790
F9E560
FA1380
FA4200
FA70E0
FAA020
FACFB0
FAFFA0
FB2FF0
FB60A0
FB9150
FBC210
FBF2D0
FC2390
FC5460
FC8540
FCB620
FCE700
FD17F0
FD48E0
FD79E0
FDAAF0
FDDBF0
FE0D10
FE3E20
FE6F50
FEA030
FED0C0
FF0120
FF3130
FF6100
FF9080
FFBFD0
FFEED0
001D90
004C00
007A30
00A820
00D5D0
010340
013060
015D40
0189A0
01B580
01E0D0
020BB0
023600
025FE0
028930
02B200
02DA50
030220
032960
035030
037670
039C40
03C180
03E640
040A60
042DD0
0450B0
0472E0
049460
04B550
04D590
04F520
051420
053270
055020
056D20
058990
05A550
05C060
05DAE0
05F4A0
060DB0
062620
063DD0
0654D0
066B30
0680D0
0695C0
06AA00
06BDA0
06D080
06E2B0
06F430
070500
071520
0724A0
073370
0741A0
074F30
075C20
076870
077410
077F20
078990
079360
079C80
07A510
07AD00
07B440
07BAF0
07C0F0
07C660
07CB40
07CFB0
07D3A0
07D710
07DA00
07DC80
07DE70
07DFF0
07E0F0
07E170
07E170
07E100
07E000
07DE90
07DCA0
07DA30
07D770
07D470
07D120
07CD90
07C9B0
07C580
07C100
07BC40
07B730
07B1E0
07AC40
07A650
07A020
0799A0
0792D0
078BC0
078490
077D60
077610
076EC0
076750
075FD0
075840
0750A0
0748F0
074130
073960
073170
072980
072170
071960
071130
070930
070140
06F980
06F1E0
06EA60
06E300
06DBD0
06D4B0
06CDC0
06C6F0
06C040
06B9B0
06B350
06AD00
06A6E0
06A0E0
069B30
0695C0
0690B0
068BE0
068760
068330
067F40
067BB0
067860
067560
0672B0
067050
066E40
066C70
066AF0
0669D0
066900
0668A0
066890
0668F0
0669C0
066AE0
066C70
066E60
0670B0
067370
067690
067A10
067DF0
068230
0686E0
068BF0
069160
069740
069D90
06A440
06AB50
06B2D0
06BAC0
06C310
06CBC0
06D4E0
06DE70
06E860
06F2B0
06FD70
0708A0
071430
072010
072C50
0738E0
0745C0
075300
076090
076E70
077CB0
078B40
079A20
07A960
07B8F0
07C8D0
07D910
07E9A0
07FA80
080BA0
081CE0
082E60
084010
0851F0
086410
087650
0888D0
089B80
08AE60
08C170
08D4B0
08E820
08FBD0
090FB0
0923B0
0937C0
094BD0
095FF0
097400
098810
099C20
09B040
09C450
09D870
09EC80
0A00A0
0A14C0
0A28E0
0A3CF0
0A5110
0A6540
0A7920
0A8CE0
0AA060
0AB3A0
0AC6C0
0AD9A0
0AEC40
0AFEB0
0B10F0
0B2300
0B34D0
0B4670
0B57D0
0B6900
0B7A00
0B8AD0
0B9B30
0BAB20
0BBAB0
0BC9D0
0BD880
0BE6E0
0BF4C0
0C0240
0C0F50
0C1C00
0C2840
0C3420
0C3F90
0C4AA0
0C5540
0C5F70
0C6910
0C7220
0C7AA0
0C8280
0C89D0
0C9090
0C96B0
0C9C40
0CA140
0CA5A0
0CA980
0CACC0
0CAF60
0CB180
0CB300
0CB3E0
0CB420
0CB3B0
0CB290
0CB0B0
0CAE30
0CAB00
0CA720
0CA280
0C9D40
0C9750
0C90B0
0C8950
0C8150
0C78A0
0C6F40
0C6520
0C5A50
0C4ED0
0C4290
0C3590
0C27D0
0C1960
0C0A30
0BFA40
0BE9A0
0BD840
0BC630
0BB360
0B9FD0
0B8B80
0B7680
0B60C0
0B4A50
0B3330
0B1B60
0B02E0
0AE9B0
0ACFD0
0AB540
0A9A00
0A7E10
0A6170
0A4420
0A2610
0A0760
09E800
09C7F0
09A720
0985D0
0963E0
094150
091E40
08FA90
08D650
08B170
088C00
086600
083F60
081830
07F070
07C810
079F30
0775A0
074B90
072100
06F620
06CAC0
069F00
0672D0
064630
061930
05EBC0
05BDE0
058F90
0560E0
0531D0
050240
04D250
04A1F0
047130
044030
040F00
03DD90
03ABF0
037A10
034800
0315C0
02E340
02B090
027DA0
024A80
021730
01E3A0
01AFE0
017BE0
0147B0
011380
00DF50
00AB10
0076E0
0042B0
000E80
FFDA40
FFA610
FF71D0
FF3DA0
FF0960
FED520
FEA0F0
FE6CB0
FE3870
FE0430
FDD020
FD9C50
FD68B0
FD3550
FD0210
FCCF10
FC9C40
FC69B0
FC3750
FC0520
FBD320
FBA160
FB6FD0
FB3E70
FB0D50
FADC50
FAABC0
FA7BA0
FA4BD0
FA1C60
F9ED60
F9BEB0
F99070
F96290
F93510
F907F0
F8DB40
F8AEE0
F882F0
F85760
F82C20
F80150
F7D710
F7AD50
F78410
F75B60
F73330
F70B80
F6E460
F6BDC0
F697B0
F67220
F64D10
F62890
F60490
F5E120
F5BE30
F59BD0
F57A00
F558D0
F53840
F51850
F4F900
F4DA40
F4BC30
F49EB0
F481D0
F46590
F449F0
F42EE0
F41480
F3FAB0
F3E180
F3C8F0
F3B100
F399C0
F38330
F36D40
F357F0
F34350
F32F60
F31C00
F30960
F2F760
F2E600
F2D550
F2C550
F2B5F0
F2A730
F29920
F28BB0
F27EF0
F272E0
F26760
F25CA0
F25280
F24900
F24030
F23800
F23080
F229A0
F22360
F21DE0
F218F0
F214B0
F21120
F20E20
F20BC0
F20A00
F208E0
F20850
F20860
F20910
F20A60
F20C40
F20EC0
F211E0
F215A0
F219F0
F21EE0
F22470
F22AA0
F23150
F238A0
F24070
F248C0
F251B0
F25B20
F26530
F26FB0
F27AD0
F28680
F292B0
F29F70
F2ACC0
F2BA90
F2C900
F2D7F0
F2E760
F2F730
F30790
F31850
F32990
F33B40
F34D60
F36000
F37310
F386A0
F39AA0
F3AF10
F3C3F0
F3D950
F3EF20
F40560
F41C00
F43300
F44A60
F46220
F47A30
F492B0
F4AB80
F4C4B0
F4DE40
F4F820
F51270
F52D10
F54810
F56370
F57F30
F59B40
F5B7A0
F5D440
F5F110
F60E30
F62B90
F64930
F66710
F68530
F6A390
F6C240
F6E120
F70040
F71FB0
F73F50
F75F40
F77F60
F79FB0
F7C030
F7E0C0
F80190
F82270
F84380
F864B0
F88610
F8A790
F8C930
F8EB00
F90CF0
F92F10
F95150
F973B0
F99640
F9B8D0
F9DB70
F9FE10
FA20C0
FA4380
FA6640
FA8900
FAABD0
FACEB0
FAF190
FB1480
FB3770
FB5A70
FB7D80
FBA090
FBC3A0
FBE6A0
FC0990
FC2C70
FC4F30
FC71D0
FC9470
FCB6F0
FCD950
FCFBA0
FD1DE0
FD4010
FD6220
FD8410
FDA600
FDC7D0
FDE980
FE0B10
FE2C60
FE4D70
FE6E60
FE8F10
FEAF80
FECFD0
FEEFE0
FF0FC0
FF2F60
FF4EE0
FF6E20
FF8D20
FFAC00
FFCAA0
FFE900
000720
0024E0
004240
005F60
007C20
009880
00B490
00D050
00EBC0
0106D0
012180
013BF0
015600
016FB0
018920
01A220
01BAC0
01D2F0
01EAA0
0201E0
0218B0
022F10
0244F0
025A70
026F70
028400
029820
02ABC0
02BF00
02D1C0
02E410
02F5F0
030740
031800
032830
0337D0
0346E0
035570
036360
0370C0
037DA0
0389E0
0395A0
03A0D0
03AB60
03B570
03BEF0
03C7E0
03D030
03D7E0
03DEE0
03E550
03EB20
03F040
03F4D0
03F8B0
03FC00
03FEA0
0400A0
040210
0402D0
0402F0
040270
040150
03FF80
03FD10
03F9F0
03F620
03F1B0
03EC90
03E6C0
03E040
03D920
03D150
03C8E0
03BFC0
03B5F0
03AB70
03A050
039480
038810
037AF0
036D30
035ED0
034FC0
034010
032FB0
031EB0
030D10
02FAC0
02E7D0
02D440
02C000
02AB20
029590
027F60
0268A0
025150
023970
022100
0207F0
01EE60
01D430
01B980
019E30
018260
0165F0
0148F0
012B60
010D40
00EE90
00CF50
00AFA0
008F80
006F00
004E00
002CA0
000AD0
FFE8A0
FFC5F0
FFA2E0
FF7F50
FF5B60
FF3710
FF1240
FEED10
FEC760
FEA150
FE7B10
FE5490
FE2DE0
FE06F0
FDDFC0
FDB870
FD90D0
FD6910
FD4100
FD18D0
FCF060
FCC7B0
FC9ED0
FC75B0
FC4C60
FC22E0
FBF960
FBCFE0
FBA670
FB7D00
FB53A0
FB2A40
FB00F0
FAD7A0
FAAE60
FA8520
FA5BE0
FA32B0
FA0980
F9E060
F9B750
F98E30
F96570
F93D00
F914D0
F8ECF0
F8C560
F89E20
F87730
F85090
F82A40
F80440
F7DE80
F7B920
F79400
F76F30
F74AB0
F72680
F702E0
F6DFD0
F6BD50
F69B70
F67A10
F65950
F63910
F61970
F5FA60
F5DBE0
F5BDF0
F5A090
F583C0
F56780
F54BE0
F530C0
F51680
F4FD00
F4E450
F4CC70
F4B570
F49F30
F489C0
F47510
F46140
F44E40
F43C10
F42AA0
F41A10
F40A40
F3FB40
F3ED20
F3DFF0
F3D3B0
F3C870
F3BE30
F3B4E0
F3AC90
F3A540
F39EE0
F39980
F39520
F391B0
F38F40
F38DC0
F38D40
F38DC0
F38F30
F391B0
F39540
F399E0
F39F90
F3A650
F3AE20
F3B6F0
F3C0D0
F3CBD0
F3D7D0
F3E4E0
F3F300
F40230
F41260
F423B0
F43600
F44960
F45DD0
F47330
F489B0
F4A130
F4B9B0
F4D340
F4EDD0
F50970
F52610
F543C0
F56270
F58230
F5A2F0
F5C4C0
F5E790
F60B50
F62FE0
F65560
F67BC0
F6A310
F6CB40
F6F450
F71E40
F74910
F774D0
F7A170
F7CEF0
F7FD60
F82CA0
F85CD0
F88DF0
F8BFA0
F8F210
F92510
F958D0
F98D30
F9C230
F9F7E0
FA2E30
FA6530
FA9CD0
FAD520
FB0E20
FB47C0
FB8200
FBBCF0
FBF890
FC3480
FC70C0
FCAD50
FCEA40
FD2790
FD6530
FDA320
FDE160
FE2000
FE5EF0
FE9E40
FEDDE0
FF1DD0
FF5E20
FF9EC0
FFDFB0
0020A0
006190
00A270
00E350
012420
0164F0
01A5C0
01E680
022730
0267F0
02A890
02E940
0329E0
036A70
03AB10
03EB90
042BC0
046B80
04AAD0
04E9C0
052850
056670
05A430
05E180
061E70
065B00
069720
06D2D0
070E30
074920
0783A0
07BDC0
07F720
082FD0
0867B0
089EE0
08D550
090B00
093FF0
097420
09A7A0
09DA50
0A0C50
0A3D90
0A6E10
0A9DE0
0ACCE0
0AFB30
0B2880
0B54C0
0B8010
0BAA60
0BD3A0
0BFBF0
0C2340
0C4990
0C6ED0
0C9320
0CB670
0CD8C0
0CFA00
0D1A50
0D39A0
0D57F0
0D7510
0D9110
0DABE0
0DC590
0DDE10
0DF570
0E0BA0
0E20B0
0E3490
0E4750
0E58E0
0E6950
0E7890
0E86B0
0E93A0
0E9F70
0EAA10
0EB370
0EBBB0
0EC2C0
0EC8A0
0ECD50
0ED0D0
0ED320
0ED450
0ED440
0ED300
0ED0A0
0ECD00
0EC840
0EC240
0EBB20
0EB2E0
0EA990
0E9F20
0E93A0
0E8710
0E7960
0E6A90
0E5AC0
0E49D0
0E37C0
0E24A0
0E1070
0DFB20
0DE4C0
0DCD40
0DB4B0
0D9B40
0D80F0
0D65D0
0D49C0
0D2CD0
0D0F10
0CF070
0CD0F0
0CB090
0C8F50
0C6D30
0C4A40
0C2660
0C01B0
0BDC20
0BB5A0
0B8EA0
0B6710
0B3EF0
0B1640
0AED00
0AC330
0A98D0
0A6DE0
0A4260
0A1650
09E9C0
09BC90
098ED0
096080
0931A0
090240
08D2A0
08A2D0
0872C0
084290
081220
07E180
07B0B0
077FB0
074E80
071D10
06EB80
06B9B0
0687B0
065580
062310
05F080
05BE10
058BD0
0559C0
0527D0
04F610
04C480
049320
0461E0
0430D0
03FFF0
03CF40
039EB0
036E50
033E20
030E20
02DE40
02AEF0
028010
0251B0
0223E0
01F680
01C9A0
019D40
017170
014610
011B30
00F0D0
00C6F0
009DA0
0074C0
004C60
002480
FFFD60
FFD710
FFB170
FF8C90
FF6880
FF4530
FF2290
FF00C0
FEDFB0
FEBF60
FE9FD0
FE8100
FE62F0
FE45A0
FE2920
FE0D50
FDF270
FDD870
FDBF50
FDA720
FD8FD0
FD7960
FD63E0
FD4F30
FD3B80
FD28A0
FD16B0
FD05A0
FCF570
FCE630
FCD7C0
FCCA50
FCBDB0
FCB210
FCA750
FC9D80
FC94A0
FC8CA0
FC8590
FC7F70
FC7A40
FC75F0
FC7290
FC7010
FC6E90
FC6DF0
FC6E30
FC6F70
FC7170
FC7440
FC77F0
FC7C60
FC81A0
FC87B0
FC8E90
FC9640
FC9EC0
FCA810
FCB230
FCBD20
FCC8E0
FCD560
FCE2C0
FCF0F0
FCFFB0
FD0F10
FD1F10
FD2FA0
FD40D0
FD52A0
FD6500
FD7800
FD8BA0
FD9FD0
FDB4A0
FDCA00
FDE000
FDF6A0
FE0DE0
FE25B0
FE3DD0
FE5650
FE6F10
FE8830
FEA1A0
FEBB60
FED560
FEEFD0
FF0A80
FF2580
FF40D0
FF5C80
FF7870
FF94C0
FFB160
FFCE50
FFEB40
000830
002520
004210
005F00
007C00
0098F0
00B5E0
00D2E0
00EFD0
010CD0
0129C0
0146C0
0163B0
0180B0
019DB0
01BA60
01D6C0
01F2E0
020EA0
022A20
024560
026040
027AE0
029530
02AF40
02C8F0
02E260
02FB80
031450
032CE0
034520
035CD0
0373F0
038A90
03A0A0
03B610
03CB10
03DF70
03F340
040690
041950
042B80
043D30
044E40
045ED0
046ED0
047E40
048D00
049B10
04A860
04B500
04C0F0
04CC30
04D6B0
04E080
04E9A0
04F200
04F9B0
0500B0
050700
050C90
051180
0515A0
051910
051BC0
051DA0
051EC0
051F20
051EB0
051D90
051BA0
0518F0
051580
051140
050C50
050690
050010
04F8D0
04F0C0
04E810
04DEA0
04D480
04C9C0
04BE40
04B210
04A530
0497A0
048950
047A60
046AC0
045A60
044950
0437A0
042530
041210
03FE70
03EA40
03D580
03C050
03AA80
039430
037D60
036600
034E20
0335B0
031CB0
030330
02E930
02CEA0
02B380
0297F0
027C00
025FD0
024350
022690
020980
01EC30
01CE90
01B0B0
019280
017400
015540
013630
0116E0
00F740
00D760
00B730
0096F0
0076C0
005690
003660
001630
FFF600
FFD5C0
FFB590
FF9560
FF7520
FF54F0
FF34B0
FF1480
FEF440
FED400
FEB3D0
FE93D0
FE7430
FE54C0
FE35B0
FE16D0
FDF840
FDDA00
FDBC00
FD9E40
FD80D0
FD63B0
FD46C0
FD2A30
FD0DD0
FCF1D0
FCD600
FCBAC0
FCA010
FC85E0
FC6C30
FC5300
FC3A60
FC2250
FC0AB0
FBF3A0
FBDD20
FBC720
FBB1A0
FB9CA0
FB8830
FB7450
FB60E0
FB4E30
FB3C20
FB2AD0
FB1A20
FB0A20
FAFAD0
FAEC30
FADE40
FAD0F0
FAC460
FAB870
FAAD30
FAA2B0
FA98D0
FA8FA0
FA8710
FA7F50
FA7850
FA7210
FA6C80
FA67C0
FA63C0
FA6070
FA5DF0
FA5C20
FA5B20
FA5AD0
FA5B50
FA5C80
FA5E70
FA6130
FA64A0
FA68D0
FA6DA0
FA7330
FA7960
FA8050
FA87F0
FA9040
FA9940
FAA2F0
FAAD50
FAB870
FAC430
FAD0A0
FADDD0
FAEBB0
FAFA30
FB0950
FB18F0
FB2920
FB39E0
FB4B30
FB5D00
FB6F60
FB8250
FB95D0
FBA9D0
FBBE70
FBD390
FBE940
FBFF70
FC1630
FC2D90
FC4530
FC5D20
FC7560
FC8DF0
FCA6E0
FCC010
FCD990
FCF370
FD0D90
FD2810
FD42D0
FD5DE0
FD7950
FD9510
FDB110
FDCD70
FDE9D0
FE0640
FE22C0
FE3F40
FE5BD0
FE7860
FE9500
FEB1B0
FECE70
FEEB30
FF0800
FF24D0
FF41B0
FF5EA0
FF7B90
FF98A0
FFB560
FFD1E0
FFEE30
000A40
002600
0041A0
005CF0
007800
0092E0
00AD80
00C7E0
00E200
00FBE0
011580
012EF0
014820
0160D0
017900
0190C0
01A7F0
01BEB0
01D4F0
01EAC0
020000
0214D0
022920
023CF0
025050
026320
027580
028760
0298D0
02A990
02B9A0
02C910
02D7E0
02E600
02F370
030050
030C80
031800
0322E0
032D10
0336B0
033F90
0347E0
034F70
035670
035CA0
036220
0366F0
036AF0
036E40
0370E0
0372B0
0373D0
037430
0373E0
0372C0
037100
036E70
036B30
036730
036270
035D10
0356F0
035020
0348B0
034080
0337B0
032E20
0323E0
031900
030D60
030120
02F420
02E670
02D820
02C910
02B960
02A910
029840
0286E0
0274F0
026280
024F70
023BE0
0227C0
021310
01FDD0
01E810
01D1B0
01BAD0
01A360
018B60
0172E0
015A00
0140D0
012750
010D80
00F360
00D8F0
00BE30
00A310
0087B0
006BF0
004FE0
003390
0016E0
FFF9E0
FFDC90
FFBEE0
FFA140
FF8380
FF65C0
FF47F0
FF2A20
FF0C30
FEEE50
FED050
FEB250
FE9440
FE7630
FE5810
FE39E0
FE1BA0
FDFD60
FDDF20
FDC110
FDA340
FD85B0
FD6870
FD4B60
FD2E90
FD1210
FCF5C0
FCD9B0
FCBDF0
FCA260
FC8720
FC6C10
FC5140
FC36C0
FC1C70
FC02B0
FBE970
FBD0B0
FBB870
FBA0C0
FB8990
FB72E0
FB5CB0
FB4700
FB31E0
FB1D40
FB0920
FAF580
FAE270
FACFD0
FABDC0
FAAC70
FA9BC0
FA8BD0
FA7C90
FA6E00
FA6020
FA52F0
FA4680
FA3AC0
FA2FB0
FA2550
FA1BB0
FA12C0
FA0A80
FA02F0
F9FC10
F9F600
F9F0C0
F9EC50
F9E8B0
F9E5D0
F9E3C0
F9E280
F9E210
F9E270
F9E390
F9E590
F9E850
F9EBE0
F9F030
F9F560
F9FB50
FA0210
FA0990
FA11D0
FA1AE0
FA24B0
FA2F40
FA3AA0
FA46C0
FA53B0
FA6160
FA6FD0
FA7F10
FA8F10
FA9FD0
FAB150
FAC3A0
FAD6A0
FAEA30
FAFE70
FB1360
FB28E0
FB3F10
FB55F0
FB6D60
FB8580
FB9E40
FBB7B0
FBD1C0
FBEC70
FC07D0
FC23C0
FC4070
FC5D70
FC7AF0
FC98C0
FCB710
FCD5C0
FCF4D0
FD1450
FD3440
FD5490
FD7550
FD9670
FDB800
FDDA00
FDFC50
FE1F20
FE4250
FE65A0
FE8910
FEACA0
FED040
FEF410
FF17F0
FF3BF0
FF6020
FF8460
FFA8C0
FFCD30
FFF1D0
001690
003B60
006060
008570
00AA50
00CF00
00F380
0117C0
013BD0
015FB0
018360
01A6D0
01CA20
01ED30
021000
0232B0
025520
027760
029970
02BB50
02DCA0
02FD80
031DE0
033DB0
035D10
037BE0
039A40
03B820
03D570
03F250
040EA0
042A80
0445E0
0460B0
047B10
0494E0
04AE00
04C660
04DE10
04F4F0
050B20
052090
053550
054950
055C90
056F10
0580E0
0591F0
05A240
05B1D0
05C0B0
05CED0
05DC10
05E870
05F3F0
05FE90
060850
061130
061930
062050
062690
062BF0
063070
063410
0636D0
0638B0
0639B0
0639D0
063910
063770
0634E0
063170
062D30
062800
0621E0
061AF0
061320
060A60
0600C0
05F640
05EAE0
05DEA0
05D170
05C370
05B4A0
05A500
0594A0
058370
057170
055EB0
054B30
0536E0
0521C0
050BE0
04F530
04DDC0
04C580
04AC80
0492B0
047820
045CF0
044140
042500
040830
03EAC0
03CCD0
03AE50
038F40
036FA0
034F70
032EC0
030D70
02EB90
02C920
02A630
0282A0
025EE0
023AD0
021680
01F1E0
01CD10
01A800
0182A0
015D00
013720
011100
00EAA0
00C400
009D10
0075F0
004E80
0026D0
FFFF40
FFD7C0
FFB050
FF8900
FF61C0
FF3AA0
FF1390
FEECA0
FEC5C0
FE9F00
FE7850
FE51C0
FE2B40
FE04D0
FDDE80
FDB850
FD9280
FD6D30
FD4840
FD23D0
FCFFC0
FCDC20
FCB900
FC9640
FC7400
FC5220
FC30C0
FC0FC0
FBEF40
FBCF20
FBAF80
FB9040
FB71C0
FB5400
FB3700
FB1AC0
FAFF30
FAE460
FACA40
FAB0E0
FA9840
FA8060
FA6940
FA52D0
FA3D20
FA2830
FA13F0
FA0070
F9EDE0
F9DC50
F9CBA0
F9BBE0
F9AD20
F99F50
F99270
F98670
F97B70
F97160
F96850
F96020
F958E0
F952A0
F94D40
F948E0
F94580
F94320
F941D0
F94180
F94230
F943F0
F946B0
F94A80
F94F40
F95520
F95BF0
F963D0
F96CB0
F976A0
F98190
F98D80
F99A70
F9A860
F9B740
F9C710
F9D7F0
F9E9C0
F9FC80
FA1040
FA2500
FA3AC0
FA5170
FA6910
FA81B0
FA9B50
FAB5E0
FAD170
FAEDD0
FB0AF0
FB28E0
FB4790
FB6710
FB8760
FBA870
FBCA50
FBECF0
FC1060
FC3490
FC59A0
FC7F60
FCA5F0
FCCD50
FCF580
FD1E20
FD4740
FD70F0
FD9B10
FDC5B0
FDF0D0
FE1C70
FE4890
FE7520
FEA240
FECFE0
FEFDF0
FF2C90
FF5BA0
FF8B30
FFBB50
FFEB80
001BD0
004C40
007CD0
00AD70
00DE40
010F30
014030
017150
01A2A0
01D400
020580
023720
0268E0
029AC0
02CCB0
02FE60
032FD0
0360F0
0391C0
03C250
03F2A0
042290
045250
0481B0
04B0D0
04DFB0
050E40
053C80
056A80
059830
05C5A0
05F260
061E70
0649E0
0674A0
069EB0
06C810
06F0D0
0718E0
074040
076700
078D10
07B270
07D720
07FB30
081E90
084150
086300
0883C0
08A380
08C240
08E000
08FCC0
091890
093360
094D20
0965F0
097DD0
0994A0
09AA70
09BF50
09D330
09E610
09F7C0
0A0840
0A1780
0A2590
0A3280
0A3E30
0A48B0
0A51F0
0A5A10
0A60F0
0A66A0
0A6B30
0A6E70
0A7090
0A7180
0A7130
0A6FA0
0A6CD0
0A68B0
0A6340
0A5C90
0A54A0
0A4B60
0A40E0
0A3510
0A27F0
0A19A0
0A09F0
09F910
09E6D0
09D360
09BE90
09A8A0
099170
097910
095F70
0944A0
0928A0
090B70
08ED00
08CD50
08AC80
088A70
086730
0842B0
081D00
07F620
07CE00
07A4E0
077AC0
074FA0
072380
06F660
06C830
069900
0668D0
0637A0
060570
05D230
059E00
0568C0
053280
04FB40
04C300
048A00
045060
041600
03DAF0
039F40
0362C0
0325A0
02E7D0
02A940
026A10
022A20
01E980
01A830
016630
012370
00E010
009C50
005850
0013F0
FFCF50
FF8A50
FF4510
FEFF70
FEB990
FE7350
FE2CD0
FDE5F0
FD9EC0
FD5750
FD0F80
FCC770
FC7F00
FC36B0
FBEE80
FBA660
FB5E60
FB1670
FACEA0
FA86F0
FA3F50
F9F7D0
F9B060
F96910
F921D0
F8DAC0
F893B0
F84CD0
F805F0
F7BFA0
F779D0
F73470
F6EFA0
F6AB40
F66760
F62400
F5E120
F59EC0
F55CD0
F51B70
F4DA80
F49A10
F45A20
F41AB0
F3DBC0
F39DA0
F36040
F323C0
F2E800
F2AD20
F27300
F239B0
F20130
F1C980
F192A0
F15C90
F12750
F0F2E0
F0BF30
F08C60
F05A50
F02950
EFF950
EFCA60
EF9C70
EF6F90
EF43B0
EF18D0
EEEF00
EEC640
EE9E70
EE77C0
EE5200
EE2D50
EE09B0
EDE710
EDC570
EDA4F0
ED8590
ED6750
ED4A30
ED2E20
ED1340
ECF970
ECE0C0
ECC920
ECB2B0
EC9D50
EC8920
EC7600
EC6400
EC5310
EC4350
EC34A0
EC2700
EC1A70
EC0EF0
EC0490
EBFB40
EBF310
EBEBE0
EBE5D0
EBE0D0
EBDCF0
EBDA10
EBD850
EBD7B0
EBD810
EBD990
EBDBF0
EBDF40
EBE380
EBE8A0
EBEEB0
EBF5A0
EBFD80
EC0650
EC1000
EC1AA0
EC2620
EC3290
EC3FF0
EC4E30
EC5D60
EC6D70
EC7E30
EC8FA0
ECA1B0
ECB460
ECC7C0
ECDBD0
ECF080
ED05E0
ED1BE0
ED3290
ED49F0
ED61F0
ED7A90
ED93E0
EDADD0
EDC880
EDE370
EDFEC0
EE1A70
EE3680
EE52E0
EE6F90
EE8CA0
EEAA10
EEC7D0
EEE5F0
EF0470
EF2340
EF4260
EF61F0
EF81C0
EFA200
EFC230
EFE280
F002C0
F02310
F04370
F063D0
F08430
F0A490
F0C510
F0E580
F10600
F12680
F14710
F167A0
F18840
F1A8D0
F1C930
F1E950
F20920
F228C0
F24810
F26720
F285F0
F2A480
F2C2C0
F2E0D0
F2FE90
F31C10
F33960
F35650
F37310
F38F90
F3AB90
F3C710
F3E220
F3FCA0
F416C0
F43050
F44970
F46210
F47A40
F491E0
F4A920
F4BFD0
F4D610
F4EBD0
F50110
F515E0
F52A10
F53DB0
F550B0
F56320
F574F0
F58630
F596E0
F5A6F0
F5B670
F5C550
F5D390
F5E150
F5EE70
F5FAF0
F606E0
F61230
F61CF0
F62710
F630A0
F63990
F641F0
F649B0
F650D0
F65760
F65D50
F662B0
F66770
F66B90
F66F20
F67220
F67470
F67640
F67780
F67850
F678A0
F67870
F677D0
F676B0
F67510
F672F0
F67060
F66D50
F669D0
F665C0
F66140
F65C50
F656D0
F650E0
F64AA0
F64420
F63D60
F63640
F62EF0
F62750
F61F60
F61730
F60EC0
F60600
F5FD00
F5F3B0
F5EA10
F5E040
F5D610
F5CBB0
F5C140
F5B6D0
F5AC60
F5A1E0
F59770
F58CF0
F58280
F57800
F56D80
F56300
F55880
F54E00
F54370
F538F0
F52E60
F523E0
F51990
F50FA0
F505F0
F4FC80
F4F370
F4EA90
F4E210
F4D9C0
F4D1D0
F4CA20
F4C2C0
F4BBA0
F4B4C0
F4AE40
F4A800
F4A200
F49CA0
F497C0
F49380
F48FC0
F48C90
F48A00
F487F0
F48670
F48580
F48520
F48550
F48620
F48770
F48950
F48BC0
F48EB0
F49280
F49710
F49C60
F4A280
F4A960
F4B110
F4B980
F4C2B0
F4CCB0
F4D780
F4E310
F4EF60
F4FC80
F50A60
F51910
F52880
F538E0
F54A20
F55C40
F56F40
F58330
F59810
F5ADC0
F5C460
F5DBF0
F5F450
F60DA0
F627E0
F64300
F65F00
F67BE0
F699B0
F6B860
F6D800
F6F890
F71A00
F73C50
F75F90
F783C0
F7A8D0
F7CEC0
F7F5B0
F81D70
F84630
F86FD0
F89A50
F8C5C0
F8F210
F91F30
F94D20
F97BD0
F9AB50
F9DB90
FA0CA0
FA3E70
FA7120
FAA480
FAD8B0
FB0DB0
FB4380
FB7A10
FBB160
FBE980
FC2270
FC5BE0
FC95F0
FCD090
FD0BB0
FD4760
FD83B0
FDC080
FDFDE0
FE3BE0
FE7A60
FEB970
FEF910
FF3940
FF7A00
FFBB50
FFFD20
003F40
008190
00C430
010700
014A10
018D50
01D0E0
0214A0
0258A0
029CE0
02E160
032620
036B10
03B050
03F5C0
043B60
0480F0
04C660
050BB0
0550D0
0595E0
05DAC0
061F80
066420
06A8B0
06ED10
073150
077570
07B960
07FD40
084100
088490
08C7B0
090A40
094C50
098DD0
09CEE0
0A0F60
0A4F60
0A8EE0
0ACDD0
0B0C50
0B4A40
0B87B0
0BC490
0C0100
0C3CE0
0C7840
0CB2C0
0CEC70
0D2530
0D5D20
0D9430
0DCA60
0DFFB0
0E3430
0E67C0
0E9A80
0ECC60
0EFD70
0F2D90
0F5CE0
0F8B50
0FB8E0
0FE540
101090
103AC0
1063D0
108BB0
10B280
10D820
10FCA0
112000
114240
116360
118360
11A240
11C000
11DC90
11F810
121240
122B20
1242B0
1258F0
126DF0
1281A0
129410
12A530
12B500
12C380
12D0B0
12DCA0
12E740
12F090
12F8A0
12FF60
1304D0
1308E0
130BA0
130D10
130D30
130BF0
130970
130590
130050
12F9D0
12F1F0
12E8C0
12DE40
12D270
12C540
12B6C0
12A700
129610
1283E0
127070
125BC0
1245E0
122EC0
121660
11FCC0
11E1E0
11C5D0
11A880
1189F0
116A20
114920
1126E0
1103A0
10DF50
10BA00
1093B0
106C50
1043F0
101A90
0FF030
0FC4C0
0F9850
0F6AE0
0F3C70
0F0CF0
0EDC70
0EAAF0
0E7860
0E4520
0E1130
0DDC80
0DA720
0D7110
0D3A40
0D02C0
0CCA90
0C91A0
0C5800
0C1DA0
0BE290
0BA6D0
0B6A50
0B2D20
0AEF40
0AB100
0A7260
0A3370
09F430
09B480
097490
093430
08F380
08B280
087120
082F60
07ED50
07AAE0
076820
072500
06E180
069E10
065AB0
061750
05D3F0
0590A0
054D50
050A10
04C6E0
0483B0
044080
03FD60
03BA40
037730
033420
02F120
02AE20
026B80
022950
01E770
01A5F0
0164D0
012410
00E3B0
00A3B0
006410
0024D0
FFE5F0
FFA770
FF6950
FF2B90
FEEE30
FEB120
FE74D0
FE3920
FDFE10
FDC3B0
FD89F0
FD50E0
FD1870
FCE0B0
FCA9A0
FC7320
FC3D60
FC0840
FBD3C0
FB9FF0
FB6CD0
FB3A40
FB08A0
FAD7C0
FAA7C0
FA78A0
FA4A40
FA1CD0
F9F020
F9C450
F99950
F96F20
F945D0
F91D50
F8F5B0
F8CEE0
F8A8E0
F883C0
F85F80
F83C30
F819C0
F7F840
F7D7B0
F7B800
F79940
F77B60
F75E70
F74270
F72750
F70D20
F6F3D0
F6DB70
F6C400
F6AD70
F697C0
F682F0
F66F00
F65BF0
F649C0
F63870
F62800
F61860
F609B0
F5FBD0
F5EEE0
F5E2C0
F5D780
F5CD30
F5C3B0
F5BB10
F5B330
F5AC10
F5A5A0
F5A000
F59B10
F596E0
F59370
F590C0
F58EC0
F58D90
F58D10
F58D50
F58E50
F59000
F59280
F595B0
F59970
F59DC0
F5A290
F5A7E0
F5ADD0
F5B430
F5BB30
F5C2B0
F5CAC0
F5D350
F5DC70
F5E610
F5F040
F5FAF0
F60640
F61200
F61E20
F62A80
F63730
F64430
F65180
F65F10
F66D00
F67B30
F689B0
F69870
F6A790
F6B6F0
F6C6A0
F6D6A0
F6E6E0
F6F780
F70820
F718E0
F729A0
F73A80
F74B70
F75C70
F76D80
F77EA0
F78FD0
F7A110
F7B260
F7C3D0
F7D540
F7E6D0
F7F870
F80A10
F81BA0
F82D00
F83E50
F84F70
F86070
F87150
F88210
F892B0
F8A320
F8B380
F8C3B0
F8D3C0
F8E3B0
F8F380
F90330
F912C0
F92210
F93110
F93FE0
F94E60
F95CB0
F96AB0
F97880
F98600
F99350
F9A050
F9AD20
F9B9A0
F9C5E0
F9D1F0
F9DDB0
F9E930
F9F470
F9FF50
FA09F0
FA1440
FA1E40
FA2800
FA3160
FA3A80
FA4350
FA4BD0
FA5410
FA5BF0
FA6390
FA6AE0
FA71E0
FA78A0
FA7F10
FA8550
FA8B40
FA90F0
FA9670
FA9BB0
FAA0A0
FAA560
FAA9D0
FAAE10
FAB210
FAB5C0
FAB940
FABC80
FABF80
FAC230
FAC4D0
FAC750
FAC9A0
FACBE0
FACDF0
FACFE0
FAD1B0
FAD360
FAD4F0
FAD650
FAD7A0
FAD8C0
FAD9D0
FADAB0
FADB70
FADC10
FADCC0
FADD70
FADE40
FADF10
FADFF0
FAE0E0
FAE1E0
FAE2F0
FAE400
FAE520
FAE650
FAE790
FAE8E0
FAEA30
FAEB90
FAED10
FAEEC0
FAF0B0
FAF2E0
FAF550
FAF800
FAFB00
FAFE30
FB01A0
FB0550
FB0950
FB0D80
FB11F0
FB16B0
FB1BA0
FB20D0
FB2650
FB2C30
FB3280
FB3950
FB4080
FB4830
FB5040
FB58D0
FB61C0
FB6B20
FB7500
FB7F40
FB8A00
FB9520
FBA0C0
FBACC0
FBB940
FBC650
FBD3F0
FBE220
FBF0E0
FC0040
FC1030
FC20C0
FC31D0
FC4380
FC55C0
FC68A0
FC7C00
FC9000
FCA490
FCB9C0
FCCF70
FCE5D0
FCFCD0
FD1470
FD2CB0
FD45A0
FD5F20
FD7950
FD9420
FDAF90
FDCBA0
FDE850
FE05B0
FE23A0
FE4240
FE6180
FE8150
FEA1D0
FEC2E0
FEE490
FF06E0
FF29C0
FF4D30
FF7150
FF9600
FFBB50
FFE130
0007B0
002EC0
005680
007EC0
00A7B0
00D130
00FB30
012590
015070
017BD0
01A7A0
01D3E0
020090
022DC0
025B60
028970
02B800
02E700
031680
034660
0376C0
03A7A0
03D8B0
040A00
043B80
046D50
049F50
04D190
050400
0536C0
0569B0
059CD0
05D040
0603E0
0637C0
066BE0
06A040
06D4D0
070950
073DC0
077220
07A670
07DAB0
080ED0
0842E0
0876E0
08AAD0
08DEB0
091280
094640
0979E0
09AD70
09E100
0A1470
0A4770
0A7A10
0AAC50
0ADE20
0B0F90
0B40A0
0B7140
0BA180
0BD150
0C00C0
0C2FC0
0C5E60
0C8CA0
0CBA70
0CE7E0
0D14E0
0D4130
0D6CC0
0D97A0
0DC1C0
0DEB20
0E13D0
0E3BC0
0E62F0
0E8970
0EAF30
0ED440
0EF890
0F1C20
0F3F00
0F6120
0F8290
0FA2F0
0FC260
0FE0D0
0FFE30
101AA0
103610
105070
1069E0
108250
1099C0
10B030
10C590
10DA00
10ED70
10FFE0
111150
112190
1130A0
113E80
114B40
1156C0
116110
116A40
117240
117900
117EA0
118310
118650
118860
118940
1188F0
118780
1184C0
1180C0
117B80
117500
116D40
116440
115A00
114E70
1141B0
1133A0
112460
1113D0
110200
10EEF0
10DAB0
10C520
10AE50
109660
107D40
1062F0
104770
102AB0
100CD0
0FEDC0
0FCD70
0FAC00
0F8950
0F6580
0F4070
0F1A30
0EF2C0
0ECA30
0EA090
0E75F0
0E4A50
0E1DA0
0DF000
0DC160
0D91B0
0D6110
0D2F60
0CFCB0
0CC900
0C9450
0C5EA0
0C27F0
0BF040
0BB780
0B7E20
0B4400
0B0920
0ACDA0
0A9160
0A5470
0A16C0
09D860
099950
095990
091910
08D7E0
089600
085360
081020
07CC10
0787C0
074310
06FE10
06B8B0
067300
062D00
05E6A0
059FF0
0558F0
051190
04C9E0
0481D0
043980
03F0C0
03A7C0
035E60
031510
02CBE0
0282C0
0239A0
01F0A0
01A7C0
015EE0
011620
00CD60
0084C0
003C40
FFF3C0
FFAB50
FF6300
FF1AC0
FED290
FE8AE0
FE43A0
FDFCE0
FDB690
FD70C0
FD2B60
FCE690
FCA220
FC5E30
FC1AC0
FBD7D0
FB9550
FB5340
FB11B0
FAD0A0
FA9000
FA5030
FA1140
F9D310
F995B0
F95930
F91D70
F8E290
F8A870
F86F30
F836B0
F7FF10
F7C830
F79230
F75CF0
F72890
F6F500
F6C280
F69110
F660B0
F63160
F60320
F5D600
F5A9E0
F57EE0
F554F0
F52C10
F50440
F4DD90
F4B7E0
F49350
F46FD0
F44D50
F42C20
F40C10
F3ED30
F3CF90
F3B320
F397E0
F37DD0
F364F0
F34D50
F336E0
F321A0
F30D90
F2FAB0
F2E910
F2D8A0
F2C950
F2BB50
F2AE70
F2A2D0
F29870
F28F30
F28740
F28070
F27AE0
F27680
F27350
F27160
F270A0
F27120
F272D0
F275B0
F279D0
F27F00
F28550
F28CB0
F29520
F29EB0
F2A960
F2B520
F2C200
F2CFF0
F2DF00
F2EF20
F30050
F312A0
F32610
F33A90
F35030
F366B0
F37E00
F39640
F3AF60
F3C970
F3E450
F40010
F41CC0
F43A40
F458B0
F47800
F49830
F4B940
F4DB30
F4FE00
F521B0
F54600
F56AF0
F59070
F5B680
F5DD40
F60490
F62C70
F654F0
F67E10
F6A7C0
F6D210
F6FD00
F72880
F754A0
F78150
F7AEA0
F7DC30
F80A20
F83840
F866B0
F89570
F8C470
F8F3C0
F92360
F95340
F98360
F9B3E0
F9E490
FA15A0
FA46F0
FA7880
FAAA60
FADC40
FB0E20
FB3FF0
FB71D0
FBA3A0
FBD580
FC0750
FC3920
FC6AF0
FC9CC0
FCCE90
FD0050
FD3220
FD63E0
FD95A0
FDC770
FDF8F0
FE2A20
FE5B20
FE8BD0
FEBC40
FEEC70
FF1C60
FF4C00
FF7B60
FFAA80
FFD960
0007F0
003650
006460
009230
00BFB0
00ECD0
011980
0145C0
017180
019CE0
01C7D0
01F250
021C60
024610
026F40
029800
02C050
02E840
030FB0
0336C0
035D50
038360
03A8F0
03CDF0
03F270
041660
0439D0
045CB0
047F10
04A0E0
04C230
04E2F0
050330
0522F0
054220
0560C0
057EE0
059C80
05B990
05D620
05F220
060DA0
0628A0
064310
065D00
067670
068F50
06A7B0
06BF80
06D6E0
06EDA0
0703F0
0719A0
072EF0
0743D0
075830
076C20
077FA0
0792A0
07A530
07B750
07C900
07DA40
07EB00
07FB50
080B30
081AA0
082990
083810
084640
085420
0861A0
086ED0
087BB0
088830
089470
08A050
08ABD0
08B710
08C1F0
08CC80
08D6C0
08E0A0
08EA40
08F370
08FC80
090560
090E20
0916A0
091EF0
092710
092F00
0936D0
093E60
0945D0
094D00
095410
095AE0
096190
096810
096E50
097490
097AC0
0980E0
0986F0
098CF0
0992D0
0998B0
099E80
09A440
09A9F0
09AF90
09B530
09BAB0
09C020
09C580
09CAD0
09D030
09D590
09DB00
09E070
09E5F0
09EB70
09F100
09F690
09FC30
0A01E0
0A0780
0A0D40
0A1300
0A18C0
0A1E90
0A2470
0A2A50
0A3040
0A3640
0A3C50
0A4260
0A4880
0A4EB0
0A54F0
0A5B30
0A6190
0A67F0
0A6E50
0A74D0
0A7B50
0A81F0
0A8880
0A8F30
0A95D0
0A9C80
0AA320
0AA9D0
0AB080
0AB740
0ABDF0
0AC4B0
0ACB70
0AD230
0AD900
0ADFC0
0AE690
0AED60
0AF440
0AFAF0
0B0190
0B0810
0B0E80
0B14D0
0B1B00
0B2110
0B2710
0B2CF0
0B32C0
0B3870
0B3E00
0B4370
0B48D0
0B4E10
0B5340
0B5820
0B5CC0
0B6130
0B6550
0B6930
0B6CD0
0B7030
0B7350
0B7630
0B78D0
0B7B30
0B7D50
0B7F20
0B80C0
0B8220
0B8330
0B83E0
0B8420
0B83F0
0B8350
0B8240
0B80D0
0B7EE0
0B7C90
0B79C0
0B7690
0B72F0
0B6EF0
0B6A70
0B6590
0B6030
0B5A70
0B5410
0B4D20
0B45A0
0B3D80
0B34D0
0B2B90
0B21B0
0B1740
0B0C30
0B0090
0AF460
0AE7A0
0ADA40
0ACC40
0ABDC0
0AAE90
0A9EC0
0A8E40
0A7D10
0A6B20
0A5890
0A4540
0A3150
0A1CA0
0A0740
09F130
09DA70
09C300
09AAD0
099200
097880
095E40
094350
0927A0
090B30
08EE10
08D030
08B190
089240
087230
085160
082FD0
080D90
07EA80
07C6D0
07A250
077D20
075730
073090
070950
06E160
06B8D0
068F90
0665A0
063B00
060FC0
05E3D0
05B740
058A00
055C10
052D80
04FE40
04CE50
049DC0
046CA0
043B00
0408E0
03D640
03A320
036F70
033B40
030680
02D150
029B90
026550
022E90
01F740
01BF80
018730
014E50
011540
00DBE0
00A240
006860
002E30
FFF3D0
FFB920
FF7E20
FF42F0
FF0770
FECBB0
FE8FB0
FE5360
FE16E0
FDDA10
FD9CF0
FD5FF0
FD22E0
FCE5F0
FCA900
FC6C10
FC2F30
FBF260
FBB590
FB78C0
FB3C00
FAFF50
FAC2A0
FA8600
FA4960
FA0CD0
F9D040
F99410
F95840
F91CD0
F8E1C0
F8A710
F86CC0
F832C0
F7F930
F7BFF0
F78720
F74EA0
F71680
F6DEC0
F6A760
F67060
F639B0
F603C0
F5CE80
F599E0
F56600
F532C0
F50030
F4CE60
F49D30
F46CB0
F43CE0
F40DC0
F3DF50
F3B190
F38480
F35820
F32C70
F301B0
F2D7E0
F2AF00
F28710
F26020
F23A10
F21500
F1F0E0
F1CDA0
F1AB60
F18A20
F169C0
F14A50
F12BE0
F10E50
F0F1C0
F0D640
F0BBF0
F0A2B0
F08AA0
F073A0
F05DC0
F04900
F03560
F022E0
F01170
F00130
EFF200
EFE400
EFD710
EFCB40
EFC0A0
EFB710
EFAEC0
EFA790
EFA190
EF9CB0
EF9910
EF9680
EF9530
EF9500
EF9600
EF9830
EF9B80
EFA000
EFA5B0
EFAC80
EFB480
EFBDA0
EFC7D0
EFD320
EFDF80
EFED00
EFFBA0
F00B50
F01C20
F02E10
F04110
F05530
F06A60
F080C0
F09820
F0B0B0
F0CA40
F0E4D0
F10040
F11CA0
F139E0
F15800
F17720
F19720
F1B800
F1D9D0
F1FC80
F22020
F244B0
F26A20
F29080
F2B7C0
F2DFF0
F308C0
F33230
F35C40
F386F0
F3B250
F3DE40
F40AE0
F43810
F465F0
F49470
F4C390
F4F350
F523B0
F554C0
F58660
F5B8B0
F5EB40
F61E20
F65140
F684B0
F6B870
F6EC70
F720C0
F75560
F78A40
F7BF70
F7F4E0
F82AB0
F860B0
F89710
F8CDB0
F90490
F93B70
F97230
F9A8F0
F9DF90
FA1620
FA4CB0
FA8320
FAB980
FAEFD0
FB2600
FB5C30
FB9250
FBC860
FBFE50
FC3440
FC6A10
FC9F80
FCD4A0
FD0940
FD3D90
FD7180
FDA500
FDD820
FE0AE0
FE3D40
FE6F30
FEA0D0
FED200
FF02D0
FF3340
FF6340
FF92F0
FFC1F0
FFF050
001E00
004B20
007790
00A360
00CE80
00F910
0122F0
014C20
0174C0
019CB0
01C400
01EAB0
0210B0
023610
025AB0
027E80
02A180
02C3C0
02E540
0305F0
0325D0
0344F0
036350
0380E0
039DA0
03B9A0
03D4D0
03EF40
0408F0
0421C0
0439D0
045110
046770
047D10
0491D0
04A5C0
04B8E0
04CB40
04DCC0
04ED60
04FD40
050C50
051A80
0527F0
053480
054050
054B50
0555B0
055F40
056820
057040
0577B0
057E60
058460
0589A0
058E20
0591F0
059500
059760
059900
0599E0
059A10
0599B0
0598C0
059750
059550
0592D0
058FB0
058C10
0587F0
058330
057DF0
057820
0571D0
056AF0
056380
055B80
055300
054A30
054120
0537B0
052E10
052410
0519D0
050F50
050480
04F960
04EDF0
04E240
04D640
04CA00
04BD70
04B0A0
04A370
049650
048920
047C00
046ED0
0461A0
045460
044730
0439F0
042CB0
041F70
041230
0404E0
03F7A0
03EA50
03DD00
03CFA0
03C290
03B5B0
03A920
039CC0
039090
0384B0
037900
036DA0
036270
035780
034CC0
034250
033810
032E10
032450
031AD0
0311C0
030910
0300E0
02F920
02F1C0
02EAE0
02E460
02DE60
02D8D0
02D3A0
02CEF0
02CAA0
02C6C0
02C360
02C060
02BDE0
02BBD0
02BA60
02B960
02B8F0
02B910
02B9B0
02BAD0
02BC80
02BEB0
02C170
02C4B0
02C870
02CCC0
02D1A0
02D6F0
02DCE0
02E340
02EA30
02F1B0
02F9A0
030220
030B30
0314C0
031ED0
032970
033490
034030
034C60
035920
036650
037410
038260
039100
03A020
03AF90
03BF70
03CFB0
03E050
03F160
0402D0
0414B0
0426F0
043990
044C90
046000
0473D0
048810
049CA0
04B170
04C670
04DBA0
04F100
050690
051C60
053250
054870
055ED0
057550
058C10
05A2F0
05BA10
05D160
05E8E0
060080
061820
062FA0
064710
065E70
0675C0
068CF0
06A410
06BB10
06D210
06E8F0
06FFC0
071670
072D10
0743A0
075A20
077080
078690
079C40
07B190
07C680
07DB10
07EF50
080330
0816B0
0829D0
083CA0
084F00
086110
0872D0
088420
089520
08A5B0
08B5B0
08C520
08D3E0
08E210
08EFA0
08FCA0
0908F0
0914B0
091FD0
092A60
093440
093D90
094640
094E60
0955E0
095CB0
0962D0
096810
096CA0
097050
097340
097560
0976C0
097750
097710
097610
097440
0971B0
096E40
096A20
096520
095F70
0958D0
095160
094910
093FF0
0935F0
092B20
091F70
0912E0
090580
08F740
08E830
08D840
08C770
08B5D0
08A360
089000
087BE0
0866F0
085140
083AB0
082360
080B40
07F250
07D8A0
07BE10
07A2C0
0786A0
0769B0
074C00
072D70
070E20
06EE00
06CD40
06ABF0
0689F0
066760
064430
062070
05FC00
05D700
05B160
058B30
056450
053CE0
0514D0
04EC20
04C2E0
0498F0
046EC0
044430
041940
03EE10
03C280
039690
036A50
033DC0
0310E0
02E3A0
02B610
028820
0259E0
022B50
01FC60
01CD30
019DF0
016EC0
013F90
011060
00E140
00B220
008300
0053F0
0024E0
FFF5E0
FFC6E0
FF97E0
FF68E0
FF39F0
FF0B00
FEDC20
FEAD90
FE7F70
FE51B0
FE2460
FDF760
FDCAD0
FD9EA0
FD72D0
FD4760
FD1C60
FCF1C0
FCC780
FC9DA0
FC7420
FC4B10
FC2250
FBFA60
FBD320
FBAC90
FB86C0
FB61A0
FB3D50
FB19A0
FAF6B0
FAD480
FAB300
FA9240
FA7240
FA52F0
FA3450
FA1670
F9F950
F9DD20
F9C1F0
F9A7C0
F98E80
F97630
F95EF0
F948A0
F93350
F91EF0
F90B90
F8F930
F8E7C0
F8D750
F8C7D0
F8B960
F8ABD0
F89F70
F89420
F889E0
F880D0
F878C0
F871E0
F86C10
F86760
F863C0
F86140
F85FD0
F85F80
F86050
F86230
F86530
F86940
F86E70
F874B0
F87C10
F88490
F88E10
F898C0
F8A470
F8B140
F8BF30
F8CE30
F8DE40
F8EF70
F901C0
F91520
F92990
F93F20
F95590
F96D00
F98550
F99E80
F9B8A0
F9D3B0
F9EFB0
FA0CA0
FA2A70
FA4920
FA68D0
FA8960
FAAAE0
FACD50
FAF0A0
FB14E0
FB39C0
FB5F40
FB8570
FBAC30
FBD3A0
FBFBA0
FC2450
FC4DA0
FC7790
FCA220
FCCD60
FCF930
FD25B0
FD52C0
FD8080
FDAEE0
FDDD80
FE0C50
FE3B60
FE6AB0
FE9A40
FECA10
FEFA10
FF2A50
FF5AD0
FF8B90
FFBC80
FFEDC0
001F30
0050E0
0082C0
00B4F0
00E6E0
0118A0
014A40
017BA0
01ACD0
01DDD0
020EA0
023F40
026FA0
029FE0
02CFF0
02FFC0
032F70
035EE0
038E30
03BD40
03EBC0
0419A0
0446E0
047390
049FA0
04CB10
04F5E0
052020
0549D0
0572D0
059B40
05C310
05EA50
0610F0
0636F0
065C50
0680D0
06A450
06C6E0
06E880
070920
0728E0
0747A0
076580
078260
079E50
07B950
07D350
07EC70
080490
081BC0
083210
084720
085B10
086DD0
087F70
088FF0
089F30
08AD50
08BA50
08C620
08D0D0
08DA50
08E2A0
08E9D0
08EFD0
08F4B0
08F860
08FAE0
08FC10
08FC20
08FAE0
08F870
08F4C0
08EFD0
08E9B0
08E250
08D9C0
08CFF0
08C4E0
08B890
08AB10
089C50
088C50
087B40
086900
0855B0
084140
082BC0
081510
07FD50
07E460
07CA60
07AF40
079310
0775B0
075740
0737A0
0716F0
06F530
06D280
06AF00
068AA0
066560
063F40
061850
05F080
05C7D0
059E50
0573F0
0548B0
051C90
04EFA0
04C1D0
049320
0463A0
0433A0
040320
03D240
03A0E0
036F00
033CB0
0309F0
02D6B0
02A2F0
026ED0
023A30
020510
01CF80
019980
016300
012C10
00F520
00BE20
008730
005040
001940
FFE250
FFAB50
FF7450
FF3D60
FF0660
FECF60
FE9860
FE6160
FE2A60
FDF360
FDBC60
FD85D0
FD4FC0
FD1A30
FCE510
FCB070
FC7C40
FC4880
FC1550
FBE290
FBB040
FB7E70
FB4D10
FB1C30
FAEBD0
FABBE0
FA8C70
FA5DE0
FA3030
FA0370
F9D790
F9ACA0
F98290
F95970
F93120
F909D0
F8E350
F8BDC0
F89920
F87550
F85270
F83080
F80F70
F7EF90
F7D0F0
F7B380
F79750
F77C40
F76280
F749E0
F73280
F71C60
F70770
F6F3B0
F6E120
F6CFD0
F6BFC0
F6B0D0
F6A330
F696E0
F68BF0
F68270
F67A40
F67380
F66E20
F66A20
F66780
F66640
F66660
F667F0
F66AE0
F66F20
F674D0
F67BE0
F68450
F68E20
F69940
F6A5D0
F6B3B0
F6C2E0
F6D380
F6E570
F6F8C0
F70D70
F72370
F73AD0
F75390
F76DB0
F78920
F7A600
F7C420
F7E380
F80400
F825C0
F84890
F86CA0
F891D0
F8B840
F8DFC0
F90880
F93260
F95D80
F989B0
F9B720
F9E5B0
FA1580
FA4660
FA7820
FAAAB0
FADE10
FB1240
FB4750
FB7D20
FBB3C0
FBEB30
FC2380
FC5C90
FC9680
FCD130
FD0CC0
FD4910
FD8640
FDC440
FE0290
FE4150
FE8060
FEBFC0
FEFF90
FF3FB0
FF8030
FFC100
000230
0043D0
0085B0
00C800
010AA0
014DA0
019100
01D4B0
021840
025BA0
029EE0
02E200
0324E0
0367A0
03AA40
03ECB0
042F00
047120
04B310
04F4E0
053680
057800
05B960
05FA80
063B10
067AE0
06BA10
06F890
073670
0773A0
07B030
07EC10
082740
0861D0
089BB0
08D4E0
090D70
094550
097C90
09B320
09E8A0
0A1D00
0A5050
0A8290
0AB3B0
0AE3C0
0B12B0
0B40A0
0B6D60
0B9920
0BC3C0
0BED50
0C15C0
0C3D20
0C6370
0C88A0
0CAC70
0CCEE0
0CEFF0
0D0FA0
0D2DF0
0D4AD0
0D6650
0D8070
0D9930
0DB090
0DC690
0DDB30
0DEE60
0E0030
0E10B0
0E1FC0
0E2D50
0E3960
0E43F0
0E4D00
0E5490
0E5AB0
0E5F40
0E6260
0E63F0
0E6410
0E62B0
0E5FC0
0E5B60
0E5580
0E4E20
0E4540
0E3AF0
0E2F30
0E2200
0E1370
0E0360
0DF1E0
0DDEF0
0DCAA0
0DB4D0
0D9DA0
0D84F0
0D6AE0
0D4F60
0D3260
0D1400
0CF430
0CD330
0CB100
0C8DA0
0C6910
0C4350
0C1C60
0BF440
0BCAF0
0BA080
0B74D0
0B47F0
0B19F0
0AEAB0
0ABA50
0A88B0
0A55F0
0A2260
09EE00
09B8D0
0982E0
094C20
091490
08DC40
08A310
086920
082E70
07F2E0
07B690
077970
073B80
06FCD0
06BD50
067D80
063D60
05FD00
05BC40
057B40
0539F0
04F850
04B670
047430
0431B0
03EEE0
03ABC0
036860
0324A0
02E0A0
029C50
025840
021460
01D0C0
018D50
014A30
010740
00C480
008210
003FC0
FFFDC0
FFBBF0
FF7A60
FF3910
FEF7F0
FEB710
FE7670
FE3680
FDF750
FDB8D0
FD7B10
FD3E10
FD01C0
FCC630
FC8B50
FC5140
FC17D0
FBDF20
FBA730
FB7000
FB3980
FB03B0
FACEB0
FA9AC0
FA6800
FA3650
FA05D0
F9D680
F9A840
F97B30
F94F30
F92460
F8FAB0
F8D220
F8AAC0
F88480
F85F50
F83B50
F81880
F7F700
F7D6F0
F7B840
F79B00
F77F10
F764A0
F74B80
F733D0
F71D80
F70890
F6F510
F6E2F0
F6D240
F6C2E0
F6B4F0
F6A870
F69D60
F693D0
F68BC0
F68530
F68020
F67C90
F67A70
F679E0
F67AC0
F67D20
F68110
F68670
F68D50
F695A0
F69F80
F6AAE0
F6B7A0
F6C5C0
F6D550
F6E640
F6F8A0
F70C60
F72180
F73810
F75000
F76950
F78410
F7A030
F7BDC0
F7DCB0
F7FD00
F81EC0
F841A0
F865A0
F88AD0
F8B120
F8D8A0
F90130
F92B00
F955E0
F981F0
F9AF20
F9DD70
FA0CF0
FA3D90
FA6F60
FAA240
FAD660
FB0B30
FB40C0
FB7710
FBAE20
FBE5F0
FC1E80
FC57D0
FC91E0
FCCCB0
FD0840
FD4490
FD81A0
FDBF70
FDFE00
FE3D50
FE7D50
FEBDB0
FEFE40
FF3F20
FF8040
FFC1A0
000350
004540
008780
00C9F0
010CB0
014FB0
019300
01D690
021A60
025E80
02A2D0
02E6F0
032AE0
036E90
03B1F0
03F530
043820
047AE0
04BD60
04FFA0
0541B0
058380
05C510
060660
064780
068860
06C900
0708F0
074830
0786B0
07C480
0801A0
083E00
0879C0
08B4B0
08EF00
092890
096170
0999A0
09D110
0A07D0
0A3DE0
0A7340
0AA780
0ADAB0
0B0CC0
0B3DD0
0B6DC0
0B9C90
0BCA60
0BF710
0C22B0
0C4D30
0C76A0
0C9F00
0CC650
0CEC80
0D11A0
0D35B0
0D5860
0D79C0
0D99D0
0DB880
0DD5E0
0DF1F0
0E0CA0
0E2600
0E3E00
0E54C0
0E6A10
0E7E20
0E90D0
0EA230
0EB230
0EC0F0
0ECE30
0EDA10
0EE470
0EED70
0EF510
0EFB30
0EFFF0
0F0340
0F0520
0F05A0
0F04A0
0F0240
0EFE80
0EF940
0EF2A0
0EEA80
0EE120
0ED650
0ECA30
0EBCB0
0EADD0
0E9DA0
0E8C10
0E7920
0E64E0
0E4F40
0E3840
0E1FE0
0E0630
0DEB20
0DCEC0
0DB0F0
0D9210
0D7200
0D50E0
0D2E90
0D0B20
0CE690
0CC0D0
0C9A00
0C7200
0C48F0
0C1EB0
0BF350
0BC6D0
0B9930
0B6A60
0B3A80
0B09D0
0AD850
0AA600
0A72F0
0A3F10
0A0A60
09D4F0
099EB0
0967B0
092FD0
08F730
08BDD0
088390
084890
080CD0
07D030
079340
0755E0
071820
06DA00
069B80
065C90
061D50
05DDA0
059D90
055D20
051C50
04DB10
049980
045780
041520
03D260
038FB0
034D00
030A70
02C7E0
028560
024300
0200A0
01BE40
017C00
0139D0
00F7A0
00B590
007380
003180
FFEF90
FFADB0
FF6C40
FF2B50
FEEAD0
FEAAD0
FE6B40
FE2C20
FDED80
FDAF50
FD7190
FD3450
FCF790
FCBB40
FC7F60
FC4400
FC0910
FBCE90
FB94F0
FB5C10
FB2410
FAECE0
FAB680
FA80E0
FA4C20
FA1830
F9E510
F9B2C0
F98150
F950A0
F920C0
F8F1B0
F8C380
F89610
F869C0
F83E70
F81430
F7EB00
F7C2E0
F79BC0
F775C0
F750C0
F72CE0
F70A00
F6E830
F6C770
F6A7C0
F68920
F66B80
F64F00
F633A0
F61980
F60080
F5E8B0
F5D210
F5BCA0
F5A860
F59550
F58370
F572C0
F56340
F554F0
F547C0
F53BD0
F53100
F52770
F51F00
F517C0
F511C0
F50CE0
F50930
F506B0
F50560
F50540
F50650
F50890
F50C00
F510A0
F51660
F51D60
F52590
F52EE0
F53950
F544D0
F55160
F55F00
F56DC0
F57D80
F58E60
F5A050
F5B350
F5C760
F5DC90
F5F2C0
F60A10
F62270
F63BE0
F65670
F671D0
F68E10
F6AB40
F6C940
F6E830
F707F0
F728A0
F74A20
F76C90
F78FD0
F7B400
F7D910
F7FF00
F825C0
F84D70
F87600
F89F30
F8C8F0
F8F350
F91E50
F949F0
F97630
F9A300
F9D080
F9FE90
FA2D40
FA5C80
FA8C70
FABCF0
FAEE20
FB1FE0
FB5230
FB84F0
FBB7F0
FBEB50
FC1F00
FC5300
FC8760
FCBC10
FCF110
FD2670
FD5C20
FD9220
FDC880
FDFF30
FE3630
FE6D90
FEA540
FEDD00
FF14C0
FF4C90
FF8470
FFBC50
FFF450
002C50
006450
009C70
00D490
010CB0
0144F0
017D30
01B580
01EDE0
022640
025E70
029680
02CE40
0305E0
033D50
037480
03AB90
03E260
041900
044F70
0485B0
04BBB0
04F190
052730
055CA0
0591F0
05C6C0
05FB40
062F50
0662F0
069630
06C910
06FB90
072DA0
075F50
079090
07C180
07F1F0
082210
0851C0
088100
08AFF0
08DE50
090C20
093970
096630
099280
09BE30
09E960
0A1410
0A3E30
0A67D0
0A90F0
0AB980
0AE180
0B0900
0B3000
0B5670
0B7C50
0BA190
0BC630
0BEA40
0C0DB0
0C3080
0C52C0
0C7460
0C9570
0CB5E0
0CD5B0
0CF4F0
0D1390
0D3190
0D4F00
0D6BD0
0D8800
0DA3A0
0DBE90
0DD8E0
0DF2A0
0E0BB0
0E2420
0E3C00
0E5330
0E69D0
0E7FC0
0E9520
0EA9D0
0EBDF0
0ED170
0EE440
0EF680
0F0830
0F1940
0F29B0
0F3990
0F48D0
0F5780
0F6590
0F7300
0F7FE0
0F8C20
0F97D0
0FA2E0
0FAD50
0FB730
0FC080
0FC930
0FD160
0FD8F0
0FE000
0FE680
0FEC70
0FF1D0
0FF6A0
0FFAF0
0FFEA0
1001D0
100470
100670
1007F0
1008E0
100950
100930
1008A0
100780
1005F0
1003F0
100160
0FFE60
0FFAD0
0FF6D0
0FF260
0FED60
0FE7F0
0FE200
0FDB90
0FD4A0
0FCD30
0FC560
0FBD10
0FB460
0FAB30
0FA190
0F9790
0F8D10
0F8230
0F76D0
0F6B10
0F5ED0
0F5230
0F4510
0F3790
0F2990
0F1B30
0F0C60
0EFD40
0EEDB0
0EDDC0
0ECD70
0EBCC0
0EABB0
0E9A40
0E8870
0E7630
0E63A0
0E50A0
0E3D50
0E2990
0E1570
0E0100
0DEC20
0DD700
0DC180
0DABA0
0D9570
0D7EF0
0D6820
0D50E0
0D3960
0D2180
0D0950
0CF0C0
0CD7E0
0CBEB0
0CA520
0C8B30
0C7100
0C5690
0C3BD0
0C20C0
0C0560
0BE9C0
0BCDD0
0BB1A0
0B9520
0B7850
0B5B30
0B3DD0
0B2030
0B0230
0AE3F0
0AC570
0AA6A0
0A87A0
0A6850
0A48D0
0A2910
0A0910
09E8D0
09C850
09A790
098690
096550
0943E0
092220
090030
08DDF0
08BB80
0898E0
087600
085300
082FD0
080C70
07E8E0
07C520
07A120
077D00
0758B0
073430
070F90
06EAB0
06C5A0
06A060
067AF0
065570
062FD0
060A10
05E440
05BE50
059850
057220
054BF0
0525A0
04FF30
04D8A0
04B200
048B40
046470
043D80
041680
03EF70
03C870
03A160
037A60
035360
032C50
030550
02DE50
02B750
029040
026940
024240
021B40
01F440
01CD40
01A640
017F60
0158B0
013210
010BA0
00E550
00BF30
009920
007340
004D80
0027E0
000270
FFDD20
FFB7F0
FF92E0
FF6DF0
FF4930
FF24B0
FF0080
FEDC90
FEB8F0
FE9590
FE7270
FE4FB0
FE2D30
FE0AF0
FDE900
FDC750
FDA5F0
FD84D0
FD6400
FD4380
FD2330
FD0360
FCE400
FCC510
FCA690
FC8880
FC6AE0
FC4DB0
FC30F0
FC14A0
FBF8C0
FBDD50
FBC250
FBA7C0
FB8DA0
FB73F0
FB5AC0
FB4210
FB29F0
FB1260
FAFB70
FAE510
FACF40
FABA00
FAA550
FA9130
FA7DA0
FA6AB0
FA5840
FA4670
FA3530
FA2480
FA1460
FA04F0
F9F630
F9E810
F9DAB0
F9CDF0
F9C1E0
F9B680
F9ABD0
F9A1D0
F99880
F98FD0
F987D0
F98080
F979E0
F973F0
F96EA0
F96A10
F96640
F96330
F960D0
F95F30
F95E40
F95E10
F95EA0
F95FF0
F961F0
F964A0
F96820
F96C50
F97130
F976E0
F97D30
F98450
F98C10
F994A0
F99DD0
F9A7C0
F9B260
F9BDB0
F9C9C0
F9D690
F9E400
F9F230
FA0120
FA10B0
FA2110
FA3210
FA43D0
FA5630
FA6920
FA7CC0
FA9100
FAA5D0
FABB50
FAD160
FAE820
FAFF70
FB1760
FB2FF0
FB4920
FB62F0
FB7D60
FB9870
FBB420
FBD040
FBECD0
FC09D0
FC2750
FC4540
FC63A0
FC8270
FCA1B0
FCC170
FCE1A0
FD0230
FD2350
FD44D0
FD66C0
FD8930
FDAC10
FDCF20
FDF270
FE1600
FE39C0
FE5DC0
FE81F0
FEA660
FECB00
FEEFE0
FF14F0
FF3A40
FF5FD0
FF8590
FFAB80
FFD1C0
FFF820
001E80
0044D0
006B10
009140
00B760
00DD80
010380
012980
014F60
017540
019B10
01C0C0
01E670
020C10
0231A0
025730
027C50
02A120
02C5A0
02E9C0
030D90
033100
035420
0376E0
039950
03BB60
03DD10
03FE80
041F80
044030
046090
048090
049FF0
04BEB0
04DCD0
04FA60
051740
053380
054F20
056A20
058480
059E40
05B760
05CFE0
05E7C0
05FF00
0615A0
062BB0
0640D0
065520
066890
067B20
068CE0
069DC0
06ADD0
06BD00
06CB50
06D8C0
06E560
06F130
06FC10
070620
070F60
0717B0
071F10
072570
072AC0
072F20
073270
0734C0
073620
073670
0735C0
073410
073160
072DB0
072900
072350
071CA0
0714E0
070C20
070250
06F770
06EB90
06DE90
06D080
06C170
06B150
06A020
068DE0
067A90
066630
0650C0
063A50
0622C0
060A30
05F0A0
05D610
05BA80
059DF0
058060
0561E0
054250
0521D0
050050
04DDD0
04BA50
0495D0
047060
0449E0
042270
03FA00
03D0C0
03A6A0
037BB0
034FF0
032360
02F600
02C7D0
0298C0
0268E0
023840
0206C0
01D460
01A140
016D40
013870
0102E0
00CCB0
0095F0
005EB0
0026D0
FFEE70
FFB580
FF7C00
FF41F0
FF0750
FECC30
FE9070
FE5430
FE1760
FDDA00
FD9C10
FD5DA0
FD1EE0
FCE000
FCA0D0
FC6170
FC21E0
FBE210
FBA200
FB61C0
FB2150
FAE090
FA9FB0
FA5E80
FA1D30
F9DB90
F999C0
F957C0
F915E0
F8D420
F89290
F85120
F80FE0
F7CEC0
F78DD0
F74D00
F70C60
F6CBE0
F68B80
F64B50
F60B40
F5CB60
F58BB0
F54C10
F50D00
F4CE80
F49070
F452F0
F415F0
F3D980
F39D80
F36210
F32720
F2ECC0
F2B2E0
F27980
F240A0
F20850
F1D070
F19930
F162B0
F12D10
F0F830
F0C440
F09110
F05EC0
F02D30
EFFC90
EFCCB0
EF9DB0
EF6F70
EF4220
EF1590
EEE9E0
EEBEF0
EE94F0
EE6BF0
EE43F0
EE1D10
EDF740
EDD270
EDAEB0
ED8C00
ED6A60
ED49D0
ED2A40
ED0BD0
ECEE60
ECD200
ECB6B0
EC9C70
EC8340
EC6B30
EC5450
EC3EA0
EC2A10
EC16B0
EC0470
EBF360
EBE380
EBD4D0
EBC740
EBBAD0
EBAFA0
EBA590
EB9CA0
EB94F0
EB8E50
EB88F0
EB84A0
EB8190
EB7F90
EB7EC0
EB7F20
EB80A0
EB8340
EB8710
EB8C00
EB9220
EB9960
EBA1C0
EBAB50
EBB610
EBC1E0
EBCEC0
EBDCA0
EBEB80
EBFB60
EC0C30
EC1E10
EC30F0
EC44C0
EC59A0
EC6F80
EC8660
EC9E30
ECB710
ECD0F0
ECEBC0
ED07A0
ED2430
ED4190
ED5FA0
ED7E70
ED9DF0
EDBE40
EDDF40
EE0110
EE2390
EE46D0
EE6AC0
EE8F80
EEB4F0
EEDB30
EF0220
EF29C0
EF51E0
EF7A50
EFA330
EFCC70
EFF610
F02020
F04A90
F07560
F0A090
F0CC30
F0F830
F124A0
F15160
F17E90
F1AC30
F1DA20
F20820
F23620
F26420
F29220
F2C020
F2EE30
F31C30
F34A40
F37850
F3A660
F3D470
F40280
F43090
F45EB0
F48CD0
F4BAE0
F4E8A0
F51600
F54300
F56FA0
F59BE0
F5C7B0
F5F330
F61E50
F64910
F67370
F69D70
F6C710
F6F050
F71930
F741B0
F769C0
F79130
F7B7E0
F7DDE0
F80330
F827C0
F84BA0
F86ED0
F89150
F8B310
F8D410
F8F470
F91410
F93300
F95130
F96EC0
F98B80
F9A760
F9C250
F9DC40
F9F550
FA0D60
FA2490
FA3AC0
FA5000
FA6450
FA77B0
FA8A20
FA9B90
FAAC20
FABBB0
FACA60
FAD810
FAE4B0
FAF050
FAFAD0
FB0440
FB0CB0
FB1400
FB1A40
FB1F70
FB23A0
FB26B0
FB28B0
FB29A0
FB2990
FB2860
FB2620
FB22D0
FB1E80
FB1920
FB12B0
FB0B40
FB02D0
FAF940
FAEEC0
FAE320
FAD680
FAC8E0
FABA30
FAAA70
FA99B0
FA87F0
FA7510
FA6140
FA4C80
FA36E0
FA2060
FA0900
F9F0C0
F9D7A0
F9BDA0
F9A2C0
F98700
F96A50
F94CD0
F92E70
F90F20
F8EF00
F8CE00
F8AC10
F88990
F86680
F842D0
F81E90
F7F9B0
F7D440
F7AE40
F787A0
F76060
F738A0
F71030
F6E740
F6BDA0
F69380
F668C0
F63D60
F611D0
F5E610
F5BA00
F58DD0
F56150
F534A0
F507C0
F4DAA0
F4AD40
F47FB0
F451E0
F423E0
F3F5A0
F3C730
F39880
F36990
F33AE0
F30C50
F2DE00
F2AFD0
F281E0
F25420
F22680
F1F920
F1CBF0
F19EF0
F17220
F14580
F11900
F0ECC0
F0C0B0
F094E0
F06990
F03EE0
F014D0
EFEB50
EFC260
EF9A10
EF7250
EF4B30
EF24B0
EEFEC0
EED960
EEB4A0
EE9070
EE6CE0
EE49E0
EE2780
EE0610
EDE580
EDC5F0
EDA750
ED89A0
ED6CE0
ED5110
ED3630
ED1C40
ED0340
ECEB30
ECD410
ECBDE0
ECA8B0
EC9460
EC8100
EC6ED0
EC5DE0
EC4E10
EC3F70
EC3200
EC25D0
EC1AC0
EC10E0
EC0830
EC00B0
EBFA70
EBF550
EBF160
EBEEA0
EBED10
EBECC0
EBEDA0
EBEFE0
EBF360
EBF820
EBFE40
EC05A0
EC0E40
EC1830
EC2370
EC2FF0
EC3DC0
EC4CD0
EC5D30
EC6EE0
EC81E0
EC9610
ECAB90
ECC250
ECDA50
ECF390
ED0E00
ED29C0
ED46B0
ED64F0
ED8460
EDA520
EDC710
EDEA40
EE0EC0
EE3470
EE5B60
EE8390
EEACD0
EED720
EF0270
EF2ED0
EF5C40
EF8AC0
EFBA50
EFEAE0
F01C90
F04F40
F08300
F0B7D0
F0EDA0
F12480
F15C80
F19570
F1CF30
F209B0
F244E0
F280D0
F2BD70
F2FAE0
F33900
F377E0
F3B770
F3F7D0
F438E0
F47AB0
F4BD30
F50080
F54480
F58930
F5CE40
F613A0
F65950
F69F50
F6E5A0
F72C30
F77320
F7BA60
F801F0
F849D0
F89200
F8DA80
F92350
F96C70
F9B5E0
F9FF90
FA4930
FA92A0
FADBF0
FB2510
FB6E10
FBB6F0
FBFFA0
FC4830
FC90A0
FCD8E0
FD2100
FD68F0
FDB0C0
FDF870
FE3FF0
FE8750
FECE10
FF1440
FF59D0
FF9EC0
FFE320
0026F0
006A10
00ACA0
00EEA0
013000
0170C0
01B0F0
01F080
022F70
026DD0
02AB90
02E860
032420
035EF0
0398B0
03D180
040950
044020
047600
04AAD0
04DEB0
051180
054360
057440
05A420
05D300
0600F0
062D90
0658E0
0682F0
06ABC0
06D350
06F990
071E90
074240
0764B0
0785E0
07A5D0
07C470
07E1C0
07FDE0
0818B0
083230
084A50
086110
087650
088A30
089CA0
08ADB0
08BD50
08CB80
08D840
08E3A0
08ED90
08F620
08FD40
0902F0
090730
090A10
090B80
090B90
090A40
090780
090360
08FDE0
08F6F0
08EEA0
08E4E0
08D9D0
08CD40
08BF60
08B010
089F60
088D40
0879C0
086500
084F10
0837E0
081F70
0805D0
07EAF0
07CEE0
07B190
079300
077330
075230
072FF0
070C80
06E7D0
06C1E0
069AB0
0672A0
0649A0
061FC0
05F4E0
05C920
059C80
056EE0
054060
0510F0
04E0A0
04AF60
047D30
044A10
041610
03E110
03AB40
0374E0
033DF0
030690
02CEA0
029630
025D30
0223C0
01E9C0
01AF40
017440
0138B0
00FCA0
00C010
008300
004560
000740
FFC910
FF8AD0
FF4C80
FF0E30
FECFC0
FE9140
FE52B0
FE1410
FDD560
FD96A0
FD57D0
FD1900
FCDA10
FC9B10
FC5C00
FC1CE0
FBDE20
FB9FD0
FB61E0
FB2450
FAE720
FAAA60
FA6DF0
FA31F0
F9F660
F9BB20
F98050
F945E0
F90BD0
F8D220
F898E0
F86000
F827E0
F7F090
F7BA00
F78440
F74F40
F71B10
F6E7A0
F6B4F0
F68310
F651F0
F621A0
F5F210
F5C350
F59550
F56820
F53BB0
F51050
F4E610
F4BCD0
F494B0
F46DA0
F447A0
F422B0
F3FED0
F3DC10
F3BA60
F399C0
F37A30
F35BB0
F33E40
F321F0
F306A0
F2ECA0
F2D3D0
F2BC30
F2A5D0
F290B0
F27CD0
F26A20
F258B0
F24870
F23970
F22BB0
F21F20
F213D0
F209B0
F200E0
F1F930
F1F2D0
F1EDB0
F1E9C0
F1E720
F1E5B0
F1E580
F1E690
F1E8E0
F1EC70
F1F140
F1F740
F1FE90
F20710
F210D0
F21BD0
F22820
F23570
F243F0
F25380
F26430
F275F0
F288E0
F29CE0
F2B1F0
F2C830
F2DF80
F2F7F0
F31170
F32C20
F347E0
F364B0
F382B0
F3A180
F3C120
F3E1B0
F40310
F42550
F44860
F46C50
F49120
F4B6D0
F4DD50
F504B0
F52CE0
F555F0
F57FE0
F5AAB0
F5D650
F60280
F62F20
F65C50
F68A00
F6B840
F6E6F0
F71630
F745F0
F77640
F7A700
F7D850
F80A20
F83C70
F86F50
F8A2B0
F8D680
F90A90
F93EB0
F972F0
F9A760
F9DBE0
FA1090
FA4560
FA7A50
FAAF60
FAE4A0
FB19F0
FB4F70
FB8500
FBBAC0
FBF0A0
FC26B0
FC5C70
FC9200
FCC750
FCFC60
FD3140
FD65E0
FD9A40
FDCE70
FE0250
FE3610
FE6980
FE9CC0
FECFC0
FF0280
FF3510
FF6750
FF9920
FFCA50
FFFAF0
002B10
005AA0
0089A0
00B820
00E600
011360
014030
016C80
019830
01C360
01EE00
021810
024190
026A50
029250
02B990
02E010
0305C0
032AC0
034EF0
037250
039500
03B6F0
03D810
03F870
041810
0436F0
045500
047260
048ED0
04AA70
04C520
04DF00
04F800
051020
052760
053DC0
055350
0567F0
057BC0
058EA0
05A0B0
05B1E0
05C230
05D1A0
05E030
05EDF0
05FAE0
060700
061240
061CB0
062650
062F10
063700
063E10
064450
0649C0
064E60
065220
065500
065720
065880
065930
065930
065880
065720
065500
065240
064EC0
064A90
0645C0
064030
0639E0
0632F0
062B50
0622F0
0619F0
061070
060670
05FC10
05F130
05E5E0
05DA10
05CDD0
05C120
05B400
05A660
059850
0589C0
057AC0
056B50
055B70
054B10
053A90
0529D0
051900
0507F0
04F6C0
04E560
04D3D0
04C210
04B030
049E20
048BF0
047980
0466F0
045440
044150
042E40
041B50
040880
03F5D0
03E330
03D0C0
03BE70
03AC40
039A40
038850
037680
0364D0
035340
0341D0
033090
031F60
030E50
02FDB0
02ED70
02DD90
02CE10
02BF00
02B050
02A210
029420
0286B0
027990
026CD0
026080
0254A0
024910
023DF0
023330
022900
021F70
021670
020E00
020620
01FED0
01F820
01F200
01EC70
01E780
01E310
01DF40
01DC00
01D950
01D740
01D5B0
01D4E0
01D4B0
01D530
01D650
01D820
01DAA0
01DDC0
01E190
01E610
01EB40
01F110
01F790
01FEB0
020690
020F10
021830
022200
022C70
023770
024320
024F60
025C50
0269E0
027800
0286D0
029640
02A640
02B6F0
02C840
02DA20
02ECB0
02FFE0
031380
0327A0
033C40
035160
0366F0
037D00
039390
03AA90
03C210
03DA10
03F290
040B80
0424F0
043EE0
045940
047430
048F50
04AAA0
04C640
04E210
04FE10
051A60
0536E0
0553A0
0570A0
058DE0
05AB50
05C900
05E6F0
060510
062370
064210
0660A0
067F10
069D80
06BBD0
06DA20
06F850
071670
073480
075280
077070
078E50
07AC10
07C9D0
07E770
080500
082290
083FA0
085C60
0878B0
0894A0
08B020
08CB50
08E600
090060
091A50
0933E0
094D00
0965C0
097E20
099620
09ADB0
09C4D0
09DB50
09F120
0A0630
0A1A90
0A2E40
0A4140
0A5390
0A6530
0A7620
0A8650
0A95D0
0AA4B0
0AB2D0
0AC040
0ACD00
0AD900
0AE420
0AEE60
0AF7A0
0B0000
0B0770
0B0E00
0B1390
0B1840
0B1C00
0B1EE0
0B20D0
0B21D0
0B21E0
0B2110
0B1F40
0B1CA0
0B18E0
0B1420
0B0E50
0B0770
0AFF80
0AF690
0AEC90
0AE180
0AD570
0AC840
0ABA10
0AAAE0
0A9A90
0A8940
0A76E0
0A6380
0A4F10
0A3990
0A2310
0A0B80
09F2F0
09D950
09BEB0
09A300
098650
0968A0
0949D0
092A10
090930
08E760
08C470
08A090
087BC0
085600
082F60
0807E0
07DF80
07B630
078C00
0760F0
0734F0
070820
06DA50
06ABB0
067C20
064BA0
061A50
05E810
05B530
0581B0
054D90
0518D0
04E370
04AD70
0476D0
043F80
0407A0
03CF20
0395F0
035C30
0321C0
02E6B0
02AB10
026EC0
023230
01F550
01B840
017AD0
013D20
00FF30
00C0F0
008270
0043B0
0004A0
FFC540
FF85A0
FF45C0
FF0590
FEC520
FE8470
FE43D0
FE0360
FDC310
FD82E0
FD42D0
FD02E0
FCC310
FC8370
FC43F0
FC0480
FBC540
FB8620
FB4720
FB0850
FAC990
FA8B00
FA4CF0
FA0F70
F9D280
F99610
F95A30
F91EE0
F8E420
F8A9E0
F87030
F83710
F7FE70
F7C660
F78EE0
F757E0
F72180
F6EB90
F6B6A0
F68290
F64F60
F61D20
F5EBD0
F5BB60
F58BD0
F55D30
F52F80
F502B0
F4D6C0
F4ABC0
F481B0
F45880
F43030
F408D0
F3E2A0
F3BDA0
F399C0
F37720
F355A0
F33550
F31630
F2F840
F2DB80
F2BFF0
F2A590
F28C50
F27450
F25D70
F247C0
F23340
F22010
F20E30
F1FDB0
F1EE70
F1E090
F1D400
F1C8C0
F1BED0
F1B630
F1AEE0
F1A8F0
F1A440
F1A0F0
F19EF0
F19E30
F19EE0
F1A0D0
F1A410
F1A8B0
F1AE90
F1B5D0
F1BE60
F1C840
F1D370
F1E000
F1EDD0
F1FD00
F20D80
F21F40
F23270
F246E0
F25CA0
F27390
F28BB0
F2A500
F2BF70
F2DB10
F2F7D0
F315C0
F334E0
F35530
F376A0
F39940
F3BD10
F3E210
F40830
F42F80
F457F0
F48150
F4AB90
F4D6B0
F502C0
F52FB0
F55D80
F58C30
F5BBD0
F5EC50
F61DB0
F64FF0
F68320
F6B720
F6EC10
F721F0
F758A0
F78FE0
F7C7A0
F7FFE0
F838A0
F871E0
F8ABA0
F8E5E0
F920B0
F95C00
F997C0
F9D410
FA10E0
FA4E30
FA8C00
FACA60
FB0930
FB4820
FB8720
FBC620
FC0540
FC4480
FC83C0
FCC310
FD0280
FD4200
FD8190
FDC130
FE00E0
FE40A0
FE8080
FEC070
FF0060
FF4000
FF7F40
FFBE30
FFFCB0
003AD0
0078A0
00B610
00F310
012FC0
016C10
01A810
01E3A0
021ED0
0259B0
029430
02CE40
0307A0
034030
037800
03AF10
03E560
041AF0
044FB0
0483B0
04B6F0
04E960
051B10
054C00
057C30
05ABA0
05DA40
060830
063500
0660C0
068B70
06B510
06DDA0
070520
072B90
0750F0
077540
079880
07BAB0
07DBC0
07FBD0
081AD0
0838C0
085590
087130
088B90
08A4A0
08BC80
08D320
08E880
08FC90
090F70
092110
093170
094090
094E70
095B00
096660
097080
097960
0980F0
098740
098C40
099000
099270
0993A0
099380
099220
098F70
098B80
098640
097FC0
0977F0
096ED0
096470
0958D0
094BF0
093DF0
092EC0
091E60
090CC0
08FA00
08E620
08D100
08BAB0
08A330
088A90
0870B0
0855B0
083970
081C10
07FD80
07DDF0
07BD80
079C10
0779B0
075660
073210
070CD0
06E6A0
06BF80
069770
066E60
064460
061970
05ED80
05C0B0
0592E0
056470
053560
0505B0
04D560
04A470
0472D0
0440A0
040DC0
03DA50
03A630
037170
033C10
030610
02CF70
029830
026050
022830
01EFC0
01B720
017E30
014500
010B90
00D1F0
009800
005DD0
002350
FFE8A0
FFADB0
FF7270
FF3700
FEFB40
FEBF50
FE8370
FE47B0
FE0C20
FDD0A0
FD9550
FD5A20
FD1F00
FCE410
FCA940
FC6E90
FC3400
FBF990
FBBF40
FB8510
FB4B00
FB1120
FAD7A0
FA9EA0
FA6620
FA2E00
F9F670
F9BF40
F98890
F95250
F91C90
F8E740
F8B270
F87E00
F84A20
F816A0
F7E3A0
F7B120
F77F50
F74E30
F71DD0
F6EE30
F6BF40
F69110
F663A0
F636E0
F60AD0
F5DF80
F5B4F0
F58B20
F56200
F53990
F511E0
F4EAF0
F4C4D0
F49FA0
F47B50
F457D0
F43540
F41380
F3F2A0
F3D2B0
F3B390
F39550
F377F0
F35B70
F33FE0
F32520
F30B40
F2F230
F2DA20
F2C2F0
F2ACB0
F29750
F282E0
F26F50
F25CB0
F24AF0
F23A20
F22A40
F21B40
F20D30
F20000
F1F3C0
F1E860
F1DDF0
F1D460
F1CB90
F1C390
F1BC60
F1B610
F1B090
F1ABD0
F1A7F0
F1A4E0
F1A2A0
F1A130
F1A090
F1A0C0
F1A1D0
F1A3A0
F1A650
F1A9A0
F1AD80
F1B210
F1B750
F1BD20
F1C3A0
F1CAB0
F1D270
F1DAD0
F1E3E0
F1ED80
F1F7D0
F202B0
F20E40
F21A70
F22750
F23480
F24220
F25010
F25E70
F26D30
F27C50
F28BE0
F29BC0
F2AC10
F2BCC0
F2CDC0
F2DF40
F2F110
F30340
F315E0
F328D0
F33BF0
F34F20
F36260
F375D0
F38950
F39CE0
F3B090
F3C460
F3D850
F3EC50
F40070
F414A0
F42900
F43D60
F451F0
F46690
F47B10
F48F60
F4A380
F4B780
F4CB50
F4DF00
F4F280
F505D0
F51900
F52C00
F53EE0
F55190
F56420
F57680
F588B0
F59AC0
F5AC70
F5BDB0
F5CEA0
F5DF20
F5EF40
F5FF00
F60E60
F61D50
F62BF0
F63A30
F64800
F65570
F66280
F66F30
F67B80
F68760
F692D0
F69DB0
F6A810
F6B1F0
F6BB40
F6C420
F6CC70
F6D440
F6DB90
F6E250
F6E8A0
F6EE60
F6F3A0
F6F860
F6FC90
F70050
F70370
F70610
F70820
F709A0
F70A90
F70AF0
F70AC0
F70A00
F708C0
F706F0
F70490
F701A0
F6FE20
F6FA10
F6F570
F6F050
F6EAB0
F6E490
F6DDF0
F6D6E0
F6CF50
F6C740
F6BEC0
F6B5C0
F6AC40
F6A250
F697E0
F68CF0
F68190
F675B0
F66950
F65C80
F64F50
F641D0
F63400
F625E0
F61770
F608A0
F5F990
F5EA20
F5DA60
F5CA40
F5B9E0
F5A920
F59810
F586B0
F57500
F56300
F550E0
F53EB0
F52C60
F51A00
F50780
F4F4F0
F4E250
F4CF90
F4BCC0
F4A9D0
F496D0
F483B0
F47080
F45D40
F449E0
F43660
F42320
F41000
F3FD10
F3EA50
F3D7B0
F3C550
F3B310
F3A100
F38F10
F37D60
F36BD0
F35A70
F34940
F33840
F32760
F316B0
F30670
F2F6A0
F2E740
F2D850
F2C9D0
F2BBC0
F2AE20
F2A0F0
F29430
F287D0
F27BF0
F27080
F26570
F25AE0
F250B0
F24700
F23DF0
F23580
F22DC0
F226A0
F22030
F21A60
F21540
F210C0
F20CE0
F209B0
F20730
F20550
F20410
F20380
F203A0
F20450
F205E0
F20830
F20B50
F20F40
F213F0
F21970
F21FB0
F226D0
F22EB0
F23760
F240D0
F24B10
F25620
F261F0
F26EA0
F27C00
F28A50
F29960
F2A960
F2BA20
F2CBC0
F2DE40
F2F190
F305B0
F31AB0
F33080
F34720
F35EA0
F37700
F39030
F3AA30
F3C510
F3E0B0
F3FD10
F41A30
F43820
F456C0
F47630
F49660
F4B750
F4D910
F4FB80
F51EC0
F542C0
F56780
F58D10
F5B350
F5DA60
F60200
F62A30
F65300
F67C60
F6A660
F6D0F0
F6FC10
F727C0
F75410
F780F0
F7AE70
F7DC80
F80B20
F83A60
F86A30
F89AA0
F8CB50
F8FC60
F92DB0
F95F60
F99160
F9C3A0
F9F640
FA2930
FA5C70
FA9000
FAC3E0
FAF810
FB2C90
FB6160
FB9680
FBCC00
FC0170
FC36E0
FC6C50
FCA1C0
FCD720
FD0C90
FD4200
FD7760
FDACC0
FDE230
FE1790
FE4CF0
FE8250
FEB7A0
FEED00
FF2260
FF5760
FF8C00
FFC050
FFF440
0027D0
005B10
008DF0
00C070
00F2A0
012470
0155E0
018700
01B7C0
01E830
021830
0247F0
0276F0
02A540
02D2F0
02FFF0
032C40
0357E0
0382D0
03AD10
03D6B0
03FFA0
0427E0
044F70
047650
049C90
04C210
04E6F0
050AE0
052DE0
054FF0
057110
059140
05B080
05CED0
05EC40
0608B0
062440
063EE0
065880
067140
068910
069FF0
06B5E0
06CAC0
06DE80
06F120
0702B0
071330
072280
0730D0
073E00
074A10
075510
075EF0
0767C0
076F80
077610
077BA0
078000
078350
078570
078680
078660
078520
0782C0
077F30
077A90
0774C0
076DD0
0765D0
075C90
075240
0746D0
073A30
072C80
071DB0
070DE0
06FCF0
06EB00
06D800
06C400
06AEE0
0698C0
068180
066940
064FF0
063590
061A20
05FDB0
05E020
05C190
05A220
0581E0
0560B0
053EC0
051BF0
04F840
04D3C0
04AE60
048820
046110
043930
041070
03E6D0
03BC60
039110
0364E0
033830
030AF0
02DD20
02AED0
027FE0
025070
022070
01EFE0
01BEC0
018D20
015AF0
012830
00F4E0
00C100
008CA0
0057B0
002290
FFED40
FFB7C0
FF8200
FF4C20
FF1610
FEDFD0
FEA960
FE72C0
FE3C00
FE0500
FDCDD0
FD9670
FD5EE0
FD2720
FCEF40
FCB780
FC8000
FC48B0
FC1190
FBDAA0
FBA3F0
FB6D60
FB3710
FB0100
FACB10
FA9560
FA5FD0
FA2A80
F9F570
F9C080
F98BD0
F957B0
F92410
F8F110
F8BEA0
F88CB0
F85B60
F82AA0
F7FA70
F7CAC0
F79BB0
F76D30
F73F40
F711D0
F6E500
F6B8C0
F68D10
F66240
F63840
F60F30
F5E6F0
F5BF90
F59910
F57370
F54EB0
F52AC0
F507C0
F4E590
F4C450
F4A3E0
F48450
F465A0
F447C0
F42B00
F40F50
F3F4B0
F3DB30
F3C2B0
F3AB50
F39500
F37FB0
F36B80
F35870
F34660
F33560
F32580
F316B0
F308E0
F2FC30
F2F0B0
F2E650
F2DD20
F2D520
F2CE40
F2C890
F2C410
F2C0B0
F2BE80
F2BD70
F2BD90
F2BEE0
F2C150
F2C4F0
F2C9C0
F2CFB0
F2D6D0
F2DF00
F2E860
F2F2D0
F2FE70
F30B30
F31910
F32810
F33830
F34970
F35BD0
F36F60
F38400
F399D0
F3B0B0
F3C8C0
F3E1C0
F3FBC0
F416C0
F432C0
F44FB0
F46DB0
F48CA0
F4AC80
F4CD70
F4EF50
F51230
F53600
F55AE0
F580B0
F5A780
F5CF40
F5F7D0
F62110
F64B10
F675D0
F6A150
F6CD90
F6FA90
F72840
F756B0
F785F0
F7B5E0
F7E690
F817F0
F84A20
F87D00
F8B0B0
F8E4C0
F91940
F94E30
F98390
F9B960
F9EFA0
FA2650
FA5D70
FA9500
FACD00
FB0560
FB3E40
FB7780
FBB140
FBEB60
FC2600
FC60B0
FC9B70
FCD660
FD1160
FD4C70
FD87B0
FDC300
FDFE60
FE39F0
FE7590
FEB140
FEED10
FF2900
FF6510
FFA130
FFDD70
001970
005540
0090D0
00CC30
010760
014240
017D00
01B770
01F1B0
022BC0
026590
029F30
02D890
0311C0
034AB0
038360
03BBA0
03F360
042AA0
046170
0497B0
04CD80
0502D0
0537A0
056C00
059FD0
05D330
060610
063870
066A60
069BD0
06CCB0
06FCF0
072C80
075B60
078990
07B710
07E3D0
080FF0
083B60
086620
089020
08B980
08E230
090A20
093170
095810
097DF0
09A310
09C770
09EAF0
0A0DB0
0A2FB0
0A50E0
0A7140
0A90D0
0AAFA0
0ACDB0
0AEAE0
0B0750
0B22F0
0B3DD0
0B57E0
0B7130
0B89A0
0BA150
0BB830
0BCE40
0BE380
0BF7F0
0C0BA0
0C1E70
0C3080
0C41C0
0C5230
0C61D0
0C70B0
0C7EB0
0C8BF0
0C9850
0CA410
0CAF00
0CB940
0CC2C0
0CCB90
0CD3A0
0CDB00
0CE1A0
0CE780
0CECB0
0CF120
0CF4D0
0CF7D0
0CFA10
0CFBA0
0CFC70
0CFCB0
0CFC50
0CFB60
0CF9E0
0CF7C0
0CF520
0CF1D0
0CEE00
0CE990
0CE490
0CDEF0
0CD8C0
0CD200
0CCAA0
0CC2C0
0CBA30
0CB150
0CA800
0C9E40
0C9420
0C89A0
0C7EB0
0C7350
0C6790
0C5B70
0C4EE0
0C41F0
0C34A0
0C26D0
0C18B0
0C0A20
0BFB20
0BEBF0
0BDC90
0BCD00
0BBD30
0BAD20
0B9CF0
0B8C70
0B7BD0
0B6AF0
0B59E0
0B48A0
0B3720
0B2560
0B1380
0B0160
0AEF00
0ADCA0
0ACA30
0AB7C0
0AA530
0A92A0
0A8000
0A6D60
0A5AA0
0A47E0
0A3510
0A2240
0A0F50
09FC60
09E960
09D660
09C340
09B040
099D60
098A80
0977C0
096510
095280
093FF0
092D90
091B30
0908F0
08F6C0
08E4A0
08D2A0
08C0B0
08AED0
089D10
088B70
0879F0
086890
085760
084640
083550
082480
0813E0
080350
07F2F0
07E2B0
07D290
07C2A0
07B2D0
07A310
079390
078420
0774E0
0765C0
0756C0
0747E0
073930
072AA0
071C30
070DE0
06FFC0
06F1C0
06E3E0
06D630
06C8A0
06BB30
06ADE0
06A0B0
069380
068670
067970
066C90
065FB0
0652F0
064640
0639A0
062D10
062090
061430
0607E0
05FBA0
05EF70
05E360
05D740
05CB10
05BEF0
05B2B0
05A680
059A30
058DF0
0581A0
057550
0568F0
055C90
055020
0543B0
053740
052AC0
051E30
051190
0504B0
04F7C0
04EAA0
04DD60
04CFF0
04C260
04B4A0
04A6C0
0498B0
048A90
047C30
046DC0
045F10
045050
044160
043230
0422B0
041300
040300
03F2B0
03E230
03D160
03C050
03AEF0
039D50
038B70
037950
0366F0
035440
034150
032E10
031A80
0306A0
02F260
02DDD0
02C8E0
02B390
029DF0
0287F0
0271A0
025B00
024400
022CA0
0214F0
01FCE0
01E480
01CBC0
01B2A0
019930
017F50
016510
014A70
012F80
011420
00F860
00DC50
00BFD0
00A2F0
0085B0
006820
004A20
002BC0
000D10
FFEE00
FFCEA0
FFAEE0
FF8EE0
FF6E80
FF4DD0
FF2CD0
FF0B80
FEE9D0
FEC7E0
FEA590
FE82F0
FE5FF0
FE3CB0
FE1910
FDF520
FDD100
FDACA0
FD8800
FD6340
FD3E30
FD1900
FCF390
FCCDE0
FCA800
FC81E0
FC5B90
FC3510
FC0E50
FBE760
FBC030
FB98C0
FB7150
FB49E0
FB2260
FAFAE0
FAD350
FAABB0
FA8410
FA5C60
FA34B0
FA0CF0
F9E530
F9BD60
F99580
F96DA0
F945C0
F91DC0
F8F600
F8CE70
F8A700
F87FC0
F858C0
F831E0
F80B30
F7E4A0
F7BE50
F79820
F77230
F74C60
F726C0
F70150
F6DC00
F6B6F0
F69240
F66E00
F64A20
F626B0
F603B0
F5E110
F5BEE0
F59D20
F57BC0
F55AD0
F53A40
F51A20
F4FA70
F4DB20
F4BC40
F49DC0
F47FF0
F462B0
F44620
F42A20
F40ED0
F3F410
F3DA00
F3C090
F3A7B0
F38F80
F377E0
F360F0
F34A90
F334E0
F31FD0
F30B50
F2F7B0
F2E4C0
F2D2B0
F2C160
F2B0D0
F2A110
F29220
F283F0
F27690
F26A00
F25E30
F25320
F248E0
F23F70
F236D0
F22EE0
F227E0
F221C0
F21C80
F21820
F214A0
F211F0
F21030
F20F40
F20F40
F21010
F211D0
F21460
F217E0
F21C30
F22160
F22780
F22E70
F23630
F23EE0
F24860
F252C0
F25DF0
F26A10
F27700
F284D0
F29370
F2A2F0
F2B350
F2C490
F2D6A0
F2E9A0
F2FD60
F311F0
F32740
F33D50
F35420
F36BB0
F38400
F39D10
F3B6E0
F3D170
F3ECC0
F408D0
F425A0
F44330
F46180
F48080
F4A050
F4C0B0
F4E190
F50300
F52500
F54780
F56A80
F58E10
F5B230
F5D6E0
F5FC10
F621C0
F64810
F66EE0
F69630
F6BE10
F6E680
F70F30
F73820
F76150
F78AC0
F7B480
F7DE80
F808B0
F83340
F85E00
F88900
F8B450
F8DFD0
F90BA0
F937C0
F96410
F990A0
F9BD30
F9E9A0
FA1600
FA4250
FA6EA0
FA9AD0
FAC6F0
FAF300
FB1F00
FB4AF0
FB76D0
FBA2A0
FBCE50
FBFA00
FC25A0
FC5120
FC7C50
FCA710
FCD170
FCFB60
FD2500
FD4E30
FD76F0
FD9F60
FDC760
FDEF00
FE1640
FE3D20
FE6390
FE89A0
FEAF50
FED490
FEF930
FF1D10
FF4050
FF62E0
FF84C0
FFA5F0
FFC670
FFE640
000560
0023D0
004190
005EB0
007B10
0096D0
00B1D0
00CC30
00E5A0
00FE30
0115D0
012C90
014260
015750
016B60
017E80
0190C0
01A210
01B280
01C200
01D0A0
01DE60
01EB30
01F720
020200
020BF0
0214D0
021CA0
022380
022950
022E20
0231F0
0234C0
023680
023740
023700
0235C0
023370
023030
022BE0
022680
022030
0218D0
021080
020720
01FCC0
01F150
01E4F0
01D780
01C910
01B9A0
01A930
0197B0
018540
0171C0
015D40
0147E0
0131A0
011A80
010280
00E990
00CFD0
00B530
0099B0
007D40
006000
0041D0
0022D0
0002E0
FFE220
FFC070
FF9DF0
FF7AC0
FF56F0
FF3270
FF0D60
FEE7A0
FEC140
FE9A40
FE7290
FE4A50
FE2160
FDF7C0
FDCD90
FDA2B0
FD7730
FD4B10
FD1E50
FCF130
FCC3D0
FC9620
FC6820
FC39D0
FC0B30
FBDC40
FBAD00
FB7D70
FB4D90
FB1D60
FAECE0
FABC20
FA8B00
FA5990
FA27E0
F9F630
F9C4A0
F99310
F961A0
F93030
F8FEE0
F8CDA0
F89C60
F86B40
F83A30
F80920
F7D830
F7A750
F77680
F745C0
F71500
F6E4C0
F6B4F0
F68590
F656B0
F62830
F5FA20
F5CC80
F59F60
F572A0
F54660
F51A80
F4EF20
F4C420
F499A0
F46F90
F445F0
F41D10
F3F500
F3CDB0
F3A730
F38170
F35C80
F33850
F314E0
F2F240
F2D060
F2AF50
F28F00
F26F80
F250C0
F232D0
F215A0
F1F980
F1DE60
F1C440
F1AB40
F19330
F17C30
F16640
F15160
F13D70
F12AA0
F118D0
F10800
F0F840
F0E980
F0DBD0
F0CF30
F0C3B0
F0B960
F0B040
F0A850
F0A190
F09C00
F097A0
F09460
F09250
F09180
F091D0
F09350
F09600
F099D0
F09EE0
F0A510
F0AC80
F0B510
F0BED0
F0C9D0
F0D5F0
F0E340
F0F1D0
F10180
F11260
F12470
F137B0
F14C30
F161D0
F178A0
F190A0
F1A9D0
F1C410
F1DF60
F1FBD0
F21940
F237C0
F25760
F27800
F299B0
F2BC80
F2E060
F30540
F32B40
F35250
F37A70
F3A3A0
F3CDD0
F3F8F0
F424D0
F45180
F47F10
F4AD70
F4DCA0
F50CA0
F53D80
F56F30
F5A1B0
F5D500
F60920
F63E10
F673E0
F6AA80
F6E1F0
F719E0
F75250
F78B40
F7C4A0
F7FE90
F838F0
F873E0
F8AF40
F8EB20
F92780
F96460
F9A1C0
F9DFA0
FA1E00
FA5CD0
FA9C30
FADBA0
FB1B30
FB5AD0
FB9AA0
FBDA80
FC1A70
FC5A80
FC9AB0
FCDB00
FD1B70
FD5BF0
FD9C80
FDDD40
FE1E10
FE5F00
FEA000
FEE0C0
FF2130
FF6150
FFA130
FFE0C0
002000
005F00
009DB0
00DC10
011A20
0157F0
019560
01D2A0
020F80
024C20
028870
02C420
02FF20
033970
037330
03AC30
03E490
041C50
045370
0489D0
04BFA0
04F4C0
052930
055D00
059020
05C2A0
05F480
062560
065550
068450
06B260
06DF80
070BB0
0736E0
076130
078A80
07B2E0
07DA50
0800C0
082650
084AF0
086E90
089140
08B2D0
08D340
08F290
0910C0
092DD0
0949C0
096490
097E40
0996C0
09AE30
09C480
09D9A0
09EDB0
0A0090
0A1250
0A2300
0A3270
0A40B0
0A4DC0
0A59A0
0A6440
0A6DC0
0A7610
0A7D20
0A8300
0A87B0
0A8B30
0A8D80
0A8EA0
0A8E90
0A8D40
0A8AD0
0A8730
0A8270
0A7C90
0A7590
0A6D70
0A6430
0A59D0
0A4E40
0A4190
0A33D0
0A24E0
0A14D0
0A03A0
09F150
09DDD0
09C940
09B3B0
099D30
0985B0
096D50
0953F0
093990
091E40
090200
08E4D0
08C6A0
08A780
088760
086660
084450
082160
07FD70
07D8D0
07B380
078D80
0766D0
073F60
071750
06EE80
06C500
069AD0
066FF0
064460
061820
05EB20
05BD80
058F20
056010
0530A0
0500E0
04D0B0
04A030
046F40
043E00
040C50
03DA50
03A7F0
037530
034210
030E90
02DAB0
02A680
0271E0
023CE0
0207E0
01D2D0
019DC0
0168A0
013380
00FE50
00C920
0093E0
005E90
002940
FFF3F0
FFBE90
FF8920
FF53B0
FF1E30
FEE8B0
FEB370
FE7E80
FE49E0
FE1590
FDE180
FDADC0
FD7A50
FD4720
FD1440
FCE1B0
FCAF70
FC7D70
FC4BC0
FC1A60
FBE940
FBB870
FB8830
FB5880
FB2970
FAFAE0
FACCE0
FA9F70
FA72A0
FA4650
FA1AA0
F9EF70
F9C4E0
F99AE0
F97160
F94880
F92030
F8F870
F8D170
F8AB40
F885D0
F86120
F83D40
F81A10
F7F7C0
F7D620
F7B550
F79550
F77610
F75790
F739D0
F71CE0
F700B0
F6E540
F6CAC0
F6B110
F69850
F68070
F66970
F65350
F63E10
F629C0
F61640
F603B0
F5F200
F5E120
F5D130
F5C220
F5B3F0
F5A6B0
F59A40
F58ED0
F58430
F57A90
F571C0
F569F0
F562F0
F55CE0
F557C0
F55380
F55030
F54DC0
F54C40
F54BA0
F54BF0
F54D20
F54F30
F55210
F555D0
F55A70
F55FE0
F56620
F56D40
F57540
F57E10
F587C0
F59250
F59DB0
F5A9E0
F5B700
F5C4E0
F5D3B0
F5E330
F5F360
F60450
F615F0
F62850
F63B70
F64F40
F663D0
F67910
F68F10
F6A5C0
F6BD30
F6D550
F6EE30
F707D0
F72220
F73D00
F75870
F77470
F79100
F7AE10
F7CBC0
F7EA00
F808C0
F82820
F84800
F86880
F88980
F8AB10
F8CD30
F8EFE0
F91330
F936C0
F95AC0
F97F20
F9A3D0
F9C8F0
F9EE60
FA1430
FA3A60
FA60F0
FA87E0
FAAF30
FAD6D0
FAFEE0
FB2740
FB5000
FB7920
FBA270
FBCBF0
FBF5A0
FC1F90
FC49A0
FC73F0
FC9E60
FCC910
FCF3F0
FD1F00
FD4A30
FD75A0
FDA140
FDCD20
FDF920
FE2550
FE5190
FE7DD0
FEAA20
FED670
FF02D0
FF2F30
FF5B90
FF8800
FFB480
FFE100
000D80
003A10
0066A0
009340
00BFE0
00EC90
011920
0145A0
017200
019E50
01CA90
01F6B0
0222C0
024EB0
027A90
02A650
02D200
02FDA0
032920
035480
037FE0
03AB10
03D620
040100
042BC0
045640
0480A0
04AAC0
04D4C0
04FE90
052830
0551B0
057AF0
05A410
05CCF0
05F5B0
061E40
0646B0
066ED0
0696C0
06BE80
06E600
070D40
073450
075B20
0781B0
07A810
07CE40
07F430
0819E0
083F50
0864A0
0889A0
08AE70
08D300
08F750
091B60
093F30
0962D0
098620
09A940
09CC10
09EEB0
0A1100
0A3320
0A5500
0A76A0
0A97F0
0AB910
0ADA00
0AFA90
0B1AF0
0B3B10
0B5AF0
0B7A80
0B99E0
0BB8F0
0BD7C0
0BF650
0C14A0
0C32B0
0C5080
0C6E10
0C8B50
0CA860
0CC520
0CE1A0
0CFDE0
0D19E0
0D35A0
0D5110
0D6C40
0D8730
0DA1D0
0DBC40
0DD660
0DF040
0E09E0
0E2330
0E3C40
0E5520
0E6DA0
0E85F0
0E9DE0
0EB590
0ECCF0
0EE410
0EFAE0
0F1160
0F27A0
0F3D90
0F5340
0F6890
0F7DA0
0F9270
0FA6F0
0FBB20
0FCF00
0FE2A0
0FF5E0
1008C0
101B60
102DA0
103F90
105130
106270
107370
108410
109460
10A450
10B3F0
10C340
10D240
10E0F0
10EF30
10FD10
110A80
111790
112440
113080
113C60
1147E0
1152F0
115D90
1167E0
1171C0
117B30
118440
118CF0
119540
119D10
11A460
11AB30
11B190
11B780
11BCF0
11C1E0
11C650
11CA50
11CDE0
11D0F0
11D380
11D590
11D730
11D860
11D900
11D920
11D8B0
11D7A0
11D610
11D3E0
11D120
11CDD0
11CA00
11C590
11C090
11BAF0
11B4D0
11AE20
11A6E0
119F00
1196A0
118D90
1183E0
117990
116E90
1162F0
1156B0
1149D0
113C40
112E10
111F40
110FC0
10FFA0
10EEE0
10DD80
10CB70
10B8D0
10A570
109150
107C90
106720
1050F0
103A20
102290
100A50
0FF160
0FD7C0
0FBD70
0FA260
0F86B0
0F6A40
0F4D20
0F2F60
0F10D0
0EF1A0
0ED1B0
0EB120
0E8FC0
0E6DC0
0E4B00
0E27A0
0E0370
0DDEA0
0DB910
0D92E0
0D6BE0
0D4440
0D1BE0
0CF2E0
0CC920
0C9EC0
0C73C0
0C4810
0C1BC0
0BEED0
0BC130
0B92E0
0B63F0
0B3460
0B0420
0AD330
0AA1B0
0A6F70
0A3CA0
0A0910
09D510
09A070
096B50
0935A0
08FF60
08C8A0
089140
085970
082100
07E810
07AE90
077480
0739F0
06FED0
06C320
0686F0
064A50
060D60
05D010
059260
055460
0515F0
04D730
049800
045880
0418A0
03D860
0397C0
0356D0
031570
02D3C0
0291A0
024F70
020D10
01CA90
0187F0
014520
010230
00BF20
007BF0
003890
FFF510
FFB170
FF6DB0
FF29C0
FEE5B0
FEA180
FE5D20
FE18F0
FDD4D0
FD90E0
FD4D10
FD0950
FCC5C0
FC8250
FC3EF0
FBFBC0
FBB8B0
FB75C0
FB32F0
FAF040
FAADB0
FA6B30
FA28E0
F9E700
F9A580
F96460
F923B0
F8E360
F8A380
F86400
F824E0
F7E630
F7A7F0
F76A10
F72C90
F6EF80
F6B2D0
F67680
F63AB0
F5FF70
F5C4F0
F58B10
F551E0
F51960
F4E180
F4AA50
F473D0
F43E00
F408D0
F3D450
F3A080
F36D50
F33AD0
F30900
F2D7E0
F2A7A0
F27840
F249C0
F21C30
F1EF80
F1C3C0
F198D0
F16ED0
F145B0
F11D80
F0F630
F0CFC0
F0AA30
F08590
F061D0
F03EF0
F01D20
EFFC60
EFDCB0
EFBE10
EFA070
EF83E0
EF6860
EF4DF0
EF3490
EF1C40
EF04F0
EEEEC0
EED990
EEC570
EEB260
EEA050
EE8F70
EE7FB0
EE7110
EE6380
EE5720
EE4BE0
EE41C0
EE38C0
EE30E0
EE2A20
EE2480
EE2010
EE1CB0
EE1A70
EE1950
EE1960
EE1A80
EE1CB0
EE2010
EE2480
EE2A10
EE30B0
EE3880
EE4160
EE4B50
EE5670
EE62A0
EE6FF0
EE7E50
EE8DD0
EE9E70
EEB030
EEC2E0
EED6A0
EEEB50
EF0100
EF17B0
EF2F60
EF4810
EF61B0
EF7C60
EF9800
EFB4B0
EFD250
EFF0F0
F01090
F03130
F052C0
F07530
F09860
F0BC50
F0E120
F106B0
F12D00
F15430
F17C20
F1A4E0
F1CE60
F1F8B0
F223D0
F24FB0
F27C60
F2A9E0
F2D820
F306F0
F33640
F36620
F39680
F3C760
F3F8D0
F42AD0
F45D40
F49040
F4C3D0
F4F7E0
F52C70
F56190
F59730
F5CD60
F60410
F63B00
F67220
F6A970
F6E100
F718D0
F750D0
F78900
F7C170
F7FA20
F83300
F86C10
F8A560
F8DEF0
F918B0
F952A0
F98CD0
F9C6F0
FA00F0
FA3AD0
FA74A0
FAAE50
FAE7E0
FB2160
FB5AC0
FB9410
FBCD40
FC0650
FC3F50
FC7830
FCB100
FCE9B0
FD2240
FD5A70
FD9240
FDC9B0
FE00B0
FE3750
FE6D80
FEA360
FED8D0
FF0DD0
FF4280
FF76C0
FFAAA0
FFDE10
001120
0043D0
007620
00A7C0
00D8C0
010920
0138E0
0167F0
019660
01C430
01F150
021DE0
0249C0
027500
029F90
02C990
02F2E0
031B90
034390
036AD0
039140
03B6D0
03DBA0
03FF90
0422C0
044510
0466A0
048750
04A740
04C650
04E4A0
050210
051EB0
053A90
055590
056FB0
0588F0
05A140
05B8B0
05CF30
05E4D0
05F980
060D50
062040
063240
064360
065390
0662E0
067150
067ED0
068B70
069720
06A200
06ABE0
06B4F0
06BD10
06C450
06CAB0
06D020
06D4C0
06D860
06DB30
06DD10
06DE10
06DE30
06DD60
06DBC0
06D940
06D5F0
06D1E0
06CD00
06C750
06C0E0
06B990
06B180
06A8A0
069F00
069480
068940
067D30
067050
0662A0
065430
064510
063560
062500
061400
060260
05F020
05DD40
05C9C0
05B590
05A0D0
058B70
057560
055EB0
054760
052F80
0516F0
04FDF0
04E490
04CAC0
04B090
0495F0
047AF0
045F80
0443A0
042760
040AB0
03EDA0
03D020
03B240
0393F0
037540
035610
0336D0
031750
02F7B0
02D7E0
02B7F0
0297C0
027770
025700
023650
021580
01F480
01D360
01B200
019080
016EE0
014D00
012B40
010990
00E7F0
00C660
00A4F0
008380
006230
0040F0
001FC0
FFFEA0
FFDDA0
FFBCA0
FF9BC0
FF7AF0
FF5A30
FF3980
FF1920
FEF900
FED930
FEB9A0
FE9A60
FE7B60
FE5CB0
FE3E50
FE2030
FE0250
FDE4C0
FDC780
FDAA80
FD8DC0
FD7160
FD5530
FD3980
FD1E40
FD0370
FCE920
FCCF30
FCB5C0
FC9CB0
FC8420
FC6C00
FC5450
FC3D20
FC2650
FC1000
FBFA20
FBE4A0
FBCFB0
FBBB30
FBA740
FB93E0
FB8100
FB6EB0
FB5CE0
FB4BA0
FB3AE0
FB2AB0
FB1B10
FB0BF0
FAFD50
FAEF40
FAE1C0
FAD4C0
FAC850
FABC60
FAB110
FAA640
FA9C00
FA9240
FA8920
FA8080
FA7870
FA70F0
FA69F0
FA6390
FA5DB0
FA5860
FA53A0
FA4F60
FA4BC0
FA4890
FA45E0
FA43B0
FA4200
FA40D0
FA4020
FA3FF0
FA4030
FA4100
FA4240
FA4400
FA4650
FA4910
FA4C50
FA5010
FA5440
FA58E0
FA5DE0
FA6340
FA6900
FA6F20
FA75A0
FA7C80
FA83C0
FA8B60
FA9360
FA9BC0
FAA490
FAADB0
FAB730
FAC110
FACB60
FAD5D0
FAE080
FAEB70
FAF690
FB01E0
FB0D60
FB1920
FB2510
FB3140
FB3DA0
FB4A30
FB5700
FB6400
FB7140
FB7EA0
FB8C50
FB99F0
FBA7A0
FBB550
FBC300
FBD0C0
FBDE80
FBEC50
FBFA10
FC07E0
FC15C0
FC2390
FC3170
FC3F50
FC4D40
FC5B30
FC6920
FC76F0
FC8480
FC9200
FC9F40
FCAC60
FCB950
FCC610
FCD2B0
FCDF20
FCEB70
FCF780
FD0370
FD0F40
FD1AD0
FD2640
FD3190
FD3C80
FD4710
FD5160
FD5B50
FD64E0
FD6E30
FD7720
FD7FB0
FD8800
FD8FF0
FD9790
FD9ED0
FDA5C0
FDAC60
FDB2A0
FDB8A0
FDBE10
FDC320
FDC7C0
FDCBE0
FDCF90
FDD2D0
FDD5A0
FDD800
FDD9E0
FDDB50
FDDC50
FDDCE0
FDDD00
FDDCA0
FDDBD0
FDDAA0
FDD8D0
FDD690
FDD3D0
FDD080
FDCCC0
FDC870
FDC3A0
FDBE50
FDB870
FDB220
FDAB40
FDA3E0
FD9C00
FD93A0
FD8AC0
FD8160
FD7770
FD6D10
FD6230
FD56C0
FD4AE0
FD3E80
FD3190
FD2430
FD1650
FD07E0
FCF900
FCE9A0
FCD9C0
FCC950
FCB870
FCA710
FC9540
FC8300
FC7050
FC5D40
FC49C0
FC35D0
FC2170
FC0CB0
FBF770
FBE1D0
FBCBC0
FBB550
FB9E60
FB8710
FB6F50
FB5720
FB3EB0
FB25F0
FB0CF0
FAF3A0
FADA00
FAC020
FAA600
FA8B90
FA70D0
FA55D0
FA3A90
FA1F00
FA0320
F9E700
F9CA90
F9ADE0
F99110
F97430
F95730
F93A20
F91CF0
F8FFA0
F8E240
F8C4C0
F8A730
F88980
F86BC0
F84DE0
F82FF0
F811E0
F7F3B0
F7D570
F7B750
F79940
F77B60
F75D90
F73FE0
F72250
F704D0
F6E780
F6CA40
F6AD30
F69030
F67350
F65680
F639E0
F61D50
F600F0
F5E4D0
F5C910
F5ADA0
F59280
F577C0
F55D50
F54330
F52960
F50FF0
F4F6D0
F4DE00
F4C590
F4AD70
F495A0
F47E20
F46700
F45060
F43A40
F424B0
F40FA0
F3FB20
F3E720
F3D3B0
F3C0B0
F3AE50
F39C60
F38B00
F37A30
F369E0
F35A10
F34AD0
F33C10
F32E00
F320A0
F313F0
F307E0
F2FC80
F2F1E0
F2E7E0
F2DE90
F2D5F0
F2CDF0
F2C6B0
F2C010
F2BA20
F2B4E0
F2B050
F2AC70
F2A950
F2A6F0
F2A560
F2A4A0
F2A490
F2A550
F2A6E0
F2A920
F2AC30
F2B010
F2B4B0
F2BA10
F2C040
F2C730
F2CEE0
F2D760
F2E0A0
F2EAC0
F2F5A0
F30140
F30DC0
F31B00
F32910
F337F0
F347A0
F35810
F36950
F37B60
F38E40
F3A1E0
F3B650
F3CB90
F3E190
F3F840
F40FC0
F427F0
F440E0
F45A90
F47500
F49030
F4AC20
F4C8D0
F4E630
F50450
F52340
F542E0
F56340
F58450
F5A610
F5C860
F5EB60
F60EF0
F63320
F657E0
F67D50
F6A350
F6C9F0
F6F130
F71910
F74180
F76AA0
F79450
F7BEA0
F7E980
F814E0
F840A0
F86CD0
F89970
F8C680
F8F400
F921E0
F95030
F97EF0
F9AE10
F9DDB0
FA0DB0
FA3E20
FA6F00
FAA050
FAD200
FB03F0
FB3600
FB6850
FB9AC0
FBCD70
FC0040
FC3350
FC6680
FC99F0
FCCD90
FD0150
FD3550
FD6980
FD9DD0
FDD260
FE0720
FE3BC0
FE7060
FEA4E0
FED950
FF0DA0
FF41F0
FF7620
FFAA40
FFDE50
001250
004630
007A00
00ADC0
00E170
011500
014890
017BC0
01AE90
01E110
021330
024500
027680
02A7A0
02D870
0308E0
033900
0368C0
039830
03C740
03F600
042470
045280
048000
04ACE0
04D930
0504F0
053020
055AB0
0584B0
05AE20
05D6F0
05FF30
0626E0
064DF0
067470
069A60
06BFB0
06E480
070870
072BB0
074E20
076FC0
0790A0
07B0C0
07D020
07EEB0
080C70
082970
0845B0
086120
087BD0
0895C0
08AEE0
08C740
08DEB0
08F540
090AE0
091F90
093370
094650
095850
096960
097990
0988E0
099740
09A4B0
09B140
09BCE0
09C790
09D170
09DA40
09E230
09E910
09EF10
09F410
09F820
09FB30
09FD50
09FE70
09FEA0
09FDE0
09FC20
09F970
09F5C0
09F120
09EB80
09E500
09DD80
09D520
09CBC0
09C170
09B640
09AA10
099CF0
098EE0
097FF0
097000
095F20
094D50
093A90
0926E0
091240
08FCD0
08E680
08CF60
08B760
089EA0
088500
086A80
084F30
083310
081620
07F850
07D9B0
07BA30
0799E0
0778C0
0756C0
073420
0710D0
06ECE0
06C830
06A2F0
067CF0
065650
062F00
060710
05DE70
05B530
058B30
056090
053550
050960
04DCC0
04AFB0
048230
045450
0425F0
03F720
03C7E0
039830
036810
033770
030670
02D500
02A320
0270C0
023E00
020AD0
01D720
01A350
016F40
013B10
0106B0
00D210
009D50
006860
003340
FFFDE0
FFC860
FF92B0
FF5CD0
FF26C0
FEF080
FEBA10
FE8360
FE4CE0
FE1660
FDE000
FDA9B0
FD7370
FD3D40
FD0730
FCD130
FC9B40
FC6570
FC2FA0
FBF9F0
FBC450
FB8ED0
FB5960
FB23F0
FAEEF0
FABA30
FA85C0
FA51B0
FA1DF0
F9EA80
F9B760
F98490
F95220
F91FF0
F8EE20
F8BCA0
F88B70
F85AA0
F82A10
F7F9E0
F7CA30
F79B10
F76C70
F73E60
F710D0
F6E3D0
F6B750
F68B60
F66000
F63520
F60AC0
F5E0F0
F5B7A0
F58EE0
F566B0
F53F00
F51800
F4F1B0
F4CC10
F4A720
F482E0
F45F60
F43C80
F41A50
F3F8D0
F3D800
F3B7E0
F39870
F379C0
F35BB0
F33E50
F321A0
F305C0
F2EAA0
F2D040
F2B6B0
F29DF0
F285F0
F26EB0
F25840
F24290
F22DB0
F21990
F20640
F1F3B0
F1E1E0
F1D0E0
F1C0B0
F1B140
F1A2A0
F194C0
F187C0
F17B80
F17010
F16560
F15B90
F15280
F14A30
F142C0
F13C10
F13630
F13120
F12CD0
F12950
F12690
F12490
F12350
F122D0
F12300
F12400
F125B0
F12830
F12B60
F12F50
F13410
F13980
F13FB0
F14690
F14E40
F156B0
F15FC0
F16970
F173C0
F17EB0
F18A50
F19690
F1A370
F1B0F0
F1BF10
F1CDE0
F1DD40
F1ED50
F1FE00
F20F50
F22150
F233E0
F24700
F25A90
F26E90
F28320
F29820
F2ADA0
F2C390
F2DA00
F2F0F0
F30860
F32040
F338A0
F35180
F36AD0
F384B0
F39EF0
F3B990
F3D480
F3EFB0
F40B30
F42700
F44320
F45F90
F47C50
F49950
F4B6B0
F4D450
F4F240
F51080
F52F00
F54DE0
F56D00
F58C40
F5ABA0
F5CB20
F5EAC0
F60A80
F62A50
F64A40
F66A50
F68A80
F6AAD0
F6CB30
F6EBC0
F70C60
F72D20
F74E00
F76EF0
F78FE0
F7B0C0
F7D190
F7F250
F81300
F833A0
F85430
F874B0
F89530
F8B590
F8D5E0
F8F630
F91660
F93690
F956B0
F976B0
F99690
F9B630
F9D5A0
F9F4E0
FA13E0
FA32B0
FA5150
FA6FB0
FA8DE0
FAABE0
FAC9B0
FAE740
FB04A0
FB21D0
FB3EC0
FB5B90
FB7800
FB9420
FBB000
FBCB80
FBE6C0
FC01A0
FC1C40
FC3690
FC5090
FC6A40
FC83A0
FC9CB0
FCB570
FCCDE0
FCE610
FCFDE0
FD1560
FD2C80
FD4330
FD59A0
FD6FA0
FD8540
FD9A90
FDAF70
FDC400
FDD830
FDEC10
FDFF80
FE1290
FE2550
FE37B0
FE49B0
FE5B50
FE6C90
FE7D70
FE8E00
FE9E20
FEADE0
FEBD50
FECC50
FEDAF0
FEE940
FEF730
FF04B0
FF11E0
FF1EB0
FF2B20
FF3720
FF42E0
FF4E40
FF5950
FF6400
FF6E60
FF7870
FF8220
FF8B80
FF9480
FF9D30
FFA590
FFAD90
FFB540
FFBC90
FFC390
FFCA40
FFD0A0
FFD6C0
FFDCA0
FFE240
FFE790
FFECA0
FFF170
FFF5F0
FFFA30
FFFE30
0001F0
000560
000890
000B80
000E20
001080
0012B0
0014C0
001690
001840
0019C0
001B10
001C30
001D30
001DF0
001E90
001F00
001F40
001F50
001F30
001EF0
001E70
001DF0
001D40
001C90
001BC0
001AE0
0019F0
0018E0
0017C0
001680
001530
0013D0
001250
0010C0
000F20
000D60
000B90
0009C0
0007F0
000620
000450
000290
0000C0
FFFF00
FFFD30
FFFB70
FFF9A0
FFF7E0
FFF620
FFF460
FFF2A0
FFF0E0
FFEF20
FFED70
FFEBD0
FFEA50
FFE8D0
FFE760
FFE610
FFE4C0
FFE380
FFE260
FFE140
FFE040
FFDF50
FFDE60
FFDD90
FFDCD0
FFDC10
FFDB80
FFDB00
FFDAA0
FFDA50
FFDA20
FFDA00
FFDA10
FFDA30
FFDA60
FFDAC0
FFDB20
FFDBB0
FFDC50
FFDD10
FFDDE0
FFDEE0
FFDFE0
FFE110
FFE250
FFE3B0
FFE520
FFE6B0
FFE860
FFEA20
FFEC00
FFEE00
FFF010
FFF240
FFF490
FFF6F0
FFF970
FFFC00
FFFEB0
000170
000450
000730
000A30
000D40
001070
0013A0
0016F0
001A60
001DD0
002160
002500
0028B0
002C80
003050
003440
003820
003C10
004010
004410
004810
004C10
005030
005440
005860
005C80
0060B0
0064E0
006910
006D50
0071A0
0075D0
007A00
007E30
008250
008660
008A70
008E70
009260
009650
009A30
009E00
00A1D0
00A5A0
00A950
00AD00
00B0B0
00B440
00B7B0
00BB00
00BE40
00C160
00C470
00C750
00CA30
00CCE0
00CF80
00D200
00D470
00D6C0
00D8F0
00DB10
00DD00
00DEE0
00E090
00E210
00E370
00E4A0
00E5B0
00E6A0
00E750
00E7F0
00E850
00E8A0
00E8C0
00E8B0
00E870
00E820
00E790
00E6E0
00E600
00E4F0
00E3B0
00E240
00E0A0
00DED0
00DCD0
00DAA0
00D840
00D5B0
00D300
00D010
00CCF0
00C9B0
00C630
00C290
00BEB0
00BAB0
00B680
00B220
00AD80
00A8C0
00A3D0
009EB0
009960
0093E0
008E40
008860
008250
007C10
0075B0
006F20
006870
006190
005A90
005370
004C30
0044C0
003D30
003580
002DA0
0025A0
001D80
001540
000CD0
000440
FFFB90
FFF2C0
FFE9F0
FFE100
FFD7F0
FFCEE0
FFC5B0
FFBC80
FFB320
FFA9C0
FFA050
FF96C0
FF8D20
FF8370
FF79A0
FF6FD0
FF65E0
FF5C00
FF5220
FF4840
FF3E60
FF3490
FF2AD0
FF2100
FF1740
FF0D80
FF03D0
FEFA20
FEF070
FEE6D0
FEDD30
FED3A0
FECA00
FEC090
FEB740
FEAE10
FEA500
FE9C10
FE9340
FE8A80
FE81F0
FE7990
FE7140
FE6910
FE6100
FE5910
FE5140
FE4990
FE4210
FE3AC0
FE33A0
FE2CD0
FE2630
FE1FD0
FE19B0
FE13D0
FE0E20
FE08B0
FE0380
FDFE90
FDF9D0
FDF550
FDF110
FDED10
FDE940
FDE5D0
FDE2B0
FDDFD0
FDDD60
FDDB30
FDD950
FDD7D0
FDD690
FDD5B0
FDD520
FDD4E0
FDD500
FDD560
FDD620
FDD730
FDD880
FDDA40
FDDC60
FDDEE0
FDE1C0
FDE500
FDE8A0
FDEC90
FDF0F0
FDF5B0
FDFAC0
FE0040
FE0620
FE0C50
FE12F0
FE19E0
FE2140
FE28F0
FE3110
FE3990
FE4270
FE4BA0
FE5540
FE5F50
FE69B0
FE7470
FE7F90
FE8B20
FE9700
FEA350
FEAFF0
FEBD00
FECA70
FED830
FEE640
FEF4B0
FF0370
FF1290
FF2200
FF31C0
FF41D0
FF5240
FF6300
FF7410
FF8580
FF9740
FFA950
FFBBC0
FFCE70
FFE170
FFF4B0
000820
001BD0
002FC0
0043E0
005850
006CF0
0081D0
0096E0
00AC40
00C1D0
00D7A0
00EDB0
0103F0
011A80
013110
0147C0
015E90
017560
018C50
01A360
01BA80
01D1B0
01E8F0
020050
0217C0
022F50
0246F0
025EA0
027670
028E40
02A610
02BDC0
02D550
02ECD0
030440
031B80
0332C0
0349E0
0360E0
0377D0
038EA0
03A560
03BC00
03D290
03E910
03FF60
041580
042B40
0440C0
0455F0
046AD0
047F70
0493C0
04A7C0
04BB70
04CEE0
04E200
04F4E0
050760
0519A0
052BA0
053D40
054E70
055F20
056F60
057F20
058E60
059D30
05AB70
05B940
05C6A0
05D380
05DFE0
05EBC0
05F730
060210
060C90
061680
061FE0
062890
0630A0
063800
063ED0
0644F0
064A70
064F40
065380
065710
065A00
065C40
065DF0
065EF0
065F50
065F10
065E10
065C50
0659D0
065690
065290
064DE0
064860
064230
063B40
063390
062B20
0621F0
061800
060D50
0601F0
05F5C0
05E8D0
05DB20
05CCA0
05BD60
05AD50
059C80
058AE0
057880
056560
055170
053CB0
052730
0510F0
04F9E0
04E200
04C970
04B010
049600
047B30
045FA0
044360
042660
0408A0
03EA20
03CAF0
03AB00
038A50
0368F0
0346D0
0323F0
030060
02DC00
02B720
029190
026B70
0244C0
021D70
01F580
01CD00
01A3F0
017A40
014FF0
012510
00F990
00CD70
00A0C0
007380
0045A0
001760
FFE8B0
FFB9B0
FF8A40
FF5A70
FF2A40
FEF9B0
FEC8B0
FE9750
FE6590
FE3370
FE00F0
FDCE10
FD9AC0
FD6710
FD3300
FCFED0
FCCA80
FC9620
FC61A0
FC2D00
FBF840
FBC360
FB8E70
FB5960
FB2430
FAEEE0
FAB970
FA83F0
FA4E40
FA1880
F9E2B0
F9AD00
F97780
F94240
F90D30
F8D840
F8A390
F86F10
F83AC0
F806B0
F7D2C0
F79F10
F76B80
F73830
F70510
F6D220
F69F60
F66D20
F63B70
F60A40
F5D9A0
F5A970
F579D0
F54AC0
F51C20
F4EE10
F4C080
F49380
F46700
F43B00
F40F80
F3E490
F3BA20
F39080
F367B0
F33FC0
F31890
F2F230
F2CCB0
F2A7F0
F28400
F260F0
F23EB0
F21D30
F1FC90
F1DCC0
F1BDC0
F19F90
F18220
F165D0
F14A90
F13060
F11740
F0FF30
F0E830
F0D240
F0BD60
F0A990
F096C0
F08510
F07470
F064E0
F05660
F048F0
F03C80
F03160
F02770
F01EB0
F01730
F010F0
F00BE0
F00810
F00580
F00420
F003F0
F00500
F00750
F00AE0
F00F90
F01590
F01CC0
F02540
F02F00
F03A10
F04660
F05400
F062E0
F07310
F08490
F09750
F0AB60
F0C0B0
F0D750
F0EF40
F10870
F122E0
F13EB0
F15BB0
F179E0
F19960
F1BA10
F1DC00
F1FF20
F22390
F24930
F27010
F29820
F2C170
F2EC00
F317D0
F344E0
F37320
F3A2A0
F3D330
F404D0
F43790
F46B50
F4A030
F4D620
F50D20
F54530
F57E50
F5B880
F5F3D0
F63020
F66D90
F6AC10
F6EB90
F72C40
F76DA0
F7AFE0
F7F2F0
F836D0
F87B70
F8C0F0
F90730
F94E50
F99630
F9DEE0
FA2860
FA72B0
FABDD0
FB09C0
FB5670
FBA400
FBF200
FC4070
FC8F60
FCDEC0
FD2EA0
FD7EF0
FDCFB0
FE20F0
FE72A0
FEC4D0
FF1770
FF6A90
FFBE20
001220
0066A0
00BB90
011090
0165B0
01BAE0
021010
026560
02BAC0
031030
0365C0
03BB50
041100
0466C0
04BC90
051270
056860
05BE60
061480
066A40
06BFB0
0714C0
076980
07BDF0
081200
0865C0
08B930
090C40
095F00
09B160
0A0370
0A5530
0AA6A0
0AF7B0
0B4860
0B9870
0BE7B0
0C3640
0C8420
0CD140
0D1DB0
0D6960
0DB460
0DFEB0
0E4830
0E9110
0ED930
0F2090
0F6740
0FAD30
0FF270
1036A0
1079D0
10BBF0
10FD00
113D10
117C10
11BA00
11F6F0
1232D0
126DA0
12A770
12E030
1317F0
134EA0
138440
13B8E0
13EC30
141E40
144F00
147E90
14ACC0
14D9C0
150570
152FD0
155900
1580E0
15A770
15CCC0
15F0D0
1613A0
163520
165550
167430
1691A0
16ADA0
16C840
16E180
16F950
170FC0
1724D0
173870
174AB0
175B80
176AF0
1778F0
1785A0
1790D0
179AB0
17A320
17AA20
17AFC0
17B3F0
17B6C0
17B830
17B830
17B6C0
17B3F0
17AFC0
17AA20
17A310
179AA0
1790D0
178590
1778E0
176AF0
175BB0
174B30
173960
172640
1711D0
16FC20
16E520
16CCD0
16B340
169860
167C30
165EB0
163FF0
161FE0
15FE90
15DC20
15B8A0
159410
156E60
1547B0
151FE0
14F700
14CD10
14A200
1475F0
1448C0
141A80
13EB30
13BAC0
138940
1356C0
132360
12EF40
12BA60
1284B0
124E40
121710
11DF00
11A640
116CB0
113250
10F730
10BB50
107EA0
104130
1002F0
0FC3E0
0F8470
0F4490
0F0440
0EC380
0E8250
0E40C0
0DFEB0
0DBC40
0D7950
0D3600
0CF240
0CAE10
0C6970
0C2460
0BDEF0
0B9900
0B5310
0B0D00
0AC6E0
0A80A0
0A3A60
09F410
09ADA0
096720
092090
08D9F0
089340
084C70
0805A0
07BEB0
0777B0
0730A0
06E9D0
06A350
065D10
061710
05D150
058BE0
0546B0
0501C0
04BD20
0478B0
0434A0
03F0C0
03AD30
0369E0
0326D0
02E410
02A1D0
026030
021F10
01DE80
019E80
015F10
012020
00E1D0
00A400
0066C0
002A10
FFEDF0
FFB260
FF7750
FF3CE0
FF02F0
FEC9D0
FE9160
FE59C0
FE22E0
FDECD0
FDB770
FD82E0
FD4F10
FD1C00
FCE9B0
FCB830
FC8770
FC5770
FC2830
FBF9B0
FBCC00
FB9F20
FB7330
FB4810
FB1DD0
FAF470
FACBF0
FAA450
FA7D90
FA57B0
FA32B0
FA0E80
F9EB40
F9C8D0
F9A750
F986A0
F966D0
F947E0
F929E0
F90CB0
F8F060
F8D500
F8BA70
F8A0D0
F88800
F87020
F85920
F842F0
F82DB0
F81950
F805D0
F7F330
F7E160
F7D070
F7C040
F7B0E0
F7A250
F79480
F78780
F77B50
F76FE0
F76540
F75B70
F75260
F74A20
F742B0
F73C00
F73620
F73110
F72CA0
F728C0
F72590
F72300
F72110
F71FC0
F71F10
F71F00
F71F90
F720C0
F72290
F72500
F72810
F72BD0
F73020
F73510
F73A70
F74030
F74660
F74D00
F75400
F75B60
F76330
F76B60
F77410
F77D10
F78680
F79060
F79AA0
F7A540
F7B060
F7BBD0
F7C780
F7D340
F7DF40
F7EB60
F7F7A0
F80420
F810B0
F81D80
F82A60
F83780
F844C0
F85220
F85FC0
F86D70
F87B60
F88960
F89760
F8A550
F8B320
F8C0E0
F8CE80
F8DC20
F8E9A0
F8F710
F90470
F911C0
F91EF0
F92C20
F93930
F94620
F95310
F95FE0
F96C70
F978B0
F984B0
F99060
F99BD0
F9A6F0
F9B1C0
F9BC50
F9C6A0
F9D0A0
F9DA50
F9E3C0
F9ECF0
F9F5C0
F9FE60
FA06A0
FA0E80
FA1600
FA1D00
FA23A0
FA29C0
FA2F90
FA34E0
FA39C0
FA3E40
FA4250
FA45F0
FA4930
FA4BF0
FA4E50
FA5040
FA51D0
FA52D0
FA5360
FA5360
FA52F0
FA5200
FA5090
FA4EA0
FA4C30
FA4940
FA45E0
FA41F0
FA3D90
FA38B0
FA3350
FA2D60
FA2710
FA2030
FA18E0
FA1110
FA08C0
FA0000
F9F6C0
F9ED10
F9E2D0
F9D830
F9CD00
F9C160
F9B540
F9A8B0
F99B90
F98E10
F98000
F971A0
F962D0
F953A0
F94400
F93410
F923B0
F912F0
F901C0
F8F040
F8DE50
F8CC00
F8B950
F8A630
F892C0
F87EE0
F86A90
F85620
F84160
F82C70
F81740
F801D0
F7EC30
F7D650
F7C030
F7A9E0
F79350
F77C80
F76570
F74E30
F736B0
F71F00
F70700
F6EF10
F6D700
F6BF00
F6A6F0
F68ED0
F676B0
F65E80
F64650
F62E20
F615D0
F5FD90
F5E540
F5CCE0
F5B480
F59C20
F583B0
F56B70
F55360
F53B80
F523D0
F50C50
F4F500
F4DDF0
F4C700
F4B040
F499B0
F48350
F46D20
F45720
F44150
F42BB0
F41650
F40140
F3ECA0
F3D860
F3C480
F3B110
F39E00
F38B60
F37920
F36740
F355C0
F344B0
F33400
F323B0
F313D0
F30450
F2F540
F2E6B0
F2D8C0
F2CB50
F2BE70
F2B230
F2A670
F29B50
F290B0
F286A0
F27D30
F27440
F26BF0
F26420
F25CE0
F25640
F25020
F24AB0
F245F0
F241E0
F23E80
F23BC0
F239B0
F23850
F23790
F23790
F23830
F23980
F23B80
F23E30
F24180
F24580
F24A30
F24F90
F255B0
F25C80
F26400
F26C40
F27530
F27ED0
F28930
F29440
F2A000
F2AC70
F2B9A0
F2C790
F2D620
F2E570
F2F580
F30630
F31780
F32990
F33C40
F34FA0
F363A0
F37860
F38DB0
F3A3C0
F3BA70
F3D1D0
F3E9E0
F402A0
F41C00
F43610
F450C0
F46C10
F487E0
F4A440
F4C120
F4DEA0
F4FCA0
F51B30
F53A40
F559F0
F57A20
F59AE0
F5BC30
F5DE10
F60070
F62360
F646E0
F66AC0
F68EF0
F6B390
F6D890
F6FDE0
F723A0
F749B0
F77020
F796F0
F7BE20
F7E5B0
F80DA0
F835F0
F85EA0
F887B0
F8B110
F8DAA0
F90460
F92E40
F95840
F98270
F9ACC0
F9D730
FA01D0
FA2CA0
FA5790
FA82A0
FAADE0
FAD940
FB04C0
FB3070
FB5C50
FB8810
FBB3C0
FBDF50
FC0AD0
FC3640
FC61A0
FC8CE0
FCB810
FCE330
FD0E30
FD3920
FD6400
FD8ED0
FDB980
FDE420
FE0EA0
FE38E0
FE62D0
FE8C70
FEB5D0
FEDED0
FF0790
FF3000
FF5830
FF8000
FFA790
FFCED0
FFF5C0
001C60
0042B0
0068C0
008E80
00B3C0
00D890
00FCD0
0120A0
014400
0166D0
018930
01AB20
01CC80
01ED70
020DE0
022DE0
024D50
026C50
028AE0
02A8E0
02C650
02E330
02FF70
031B10
033610
035090
036A60
0383A0
039C40
03B450
03CBC0
03E290
03F8D0
040E70
042380
0437F0
044BC0
045EE0
047160
048330
049460
04A4F0
04B4D0
04C410
04D2B0
04E0A0
04EDF0
04FA90
050690
0511E0
051CA0
0526A0
053010
0538E0
054120
0548B0
054FA0
055600
055BC0
0560E0
056560
056940
056C90
056F40
057140
0572B0
057380
0573C0
057370
057290
057140
056F60
056D10
056A30
0566C0
0562E0
055E70
055980
055410
054E20
0547A0
0540A0
053920
053120
0528C0
052010
051700
050D90
0503D0
04F9B0
04EF40
04E470
04D940
04CDC0
04C1F0
04B5B0
04A930
049C40
048F00
048170
0473B0
0465C0
0457C0
044980
043B30
042CB0
041E00
040F40
040040
03F130
03E1F0
03D280
03C2F0
03B340
03A370
039360
038370
037390
0363C0
035400
034440
0334A0
032510
031580
030610
02F6A0
02E740
02D800
02C8C0
02B990
02AA70
029B70
028CA0
027E10
026FC0
0261B0
0253F0
024660
023920
022C10
021F40
0212C0
020680
01FA70
01EEB0
01E320
01D7E0
01CCE0
01C240
01B810
01AE40
01A4D0
019BD0
019330
018B00
018330
017BD0
0174D0
016E40
016810
016240
015CE0
0157E0
015350
014F30
014BA0
014880
0145E0
0143C0
014220
014100
014050
014020
014080
014150
0142A0
014460
0146B0
014970
014CC0
015080
0154C0
015980
015EC0
016480
016AC0
017180
0178B0
018070
0188A0
019160
019A90
01A440
01AE70
01B930
01C460
01CFF0
01DC00
01E870
01F550
0202A0
021060
021E90
022D20
023C20
024B90
025B70
026BB0
027C60
028D80
029F10
02B110
02C350
02D5D0
02E8A0
02FBB0
030F10
0322B0
0336A0
034AD0
035F40
037400
038900
039E50
03B3E0
03C9B0
03DFD0
03F630
040CB0
042330
0439D0
045080
046740
047E20
049500
04AC00
04C310
04DA30
04F170
0508B0
052010
053780
054F00
056690
057E00
059540
05AC50
05C340
05DA00
05F090
060700
061D40
063350
064940
065F00
067490
068A00
069F40
06B450
06C940
06DDC0
06F1E0
070590
0718D0
072BB0
073E20
075030
0761D0
077310
0783E0
079440
07A440
07B3E0
07C300
07D1D0
07E020
07EDE0
07FB00
080770
081340
081E80
082910
083300
083C50
084510
084D20
085490
085B50
086180
086710
086C00
087040
0873C0
087670
087860
087980
0879D0
087950
087810
087600
087320
086F80
086B10
0865D0
085FC0
0858F0
085150
0848E0
083F90
083570
082A60
081E70
0811A0
0803E0
07F550
07E5E0
07D580
07C450
07B230
079F40
078B60
0776A0
076100
074A90
073330
071AF0
0701D0
06E7D0
06CCF0
06B130
069490
067710
0658B0
063970
061950
05F850
05D670
05B3B0
059010
056B80
054640
052030
04F960
04D1D0
04A970
048050
045660
042BB0
040040
03D400
03A700
037940
034AB0
031B60
02EB50
02BA70
028900
025700
022460
01F130
01BD60
018910
015420
011E90
00E880
00B1D0
007A80
0042B0
000A40
FFD130
FF9790
FF5D60
FF22E0
FEE810
FEACF0
FE7180
FE35C0
FDF9B0
FDBD40
FD8090
FD4390
FD0630
FCC890
FC8A90
FC4C50
FC0DB0
FBCED0
FB8F90
FB5050
FB1120
FAD1E0
FA92A0
FA5360
FA1420
F9D4E0
F995A0
F95660
F91710
F8D7D0
F89890
F85940
F819F0
F7DAB0
F79B60
F75C70
F71DC0
F6DF70
F6A180
F663D0
F62680
F5E980
F5ACD0
F57070
F53470
F4F8B0
F4BD50
F48240
F44790
F40D30
F3D310
F399A0
F360E0
F328B0
F2F130
F2BA40
F28400
F24E60
F21960
F1E510
F1B150
F17E40
F14BD0
F11A00
F0E8D0
F0B840
F08860
F05960
F02B40
EFFE00
EFD1A0
EFA630
EF7BA0
EF5200
EF2930
EF0150
EEDA50
EEB440
EE8F00
EE6AB0
EE4740
EE24C0
EE0310
EDE280
EDC300
EDA490
ED8730
ED6AE0
ED4FA0
ED3570
ED1C50
ED0450
ECED50
ECD770
ECC290
ECAED0
EC9C10
EC8A70
EC79E0
EC6A70
EC5C20
EC4F00
EC4300
EC3820
EC2E70
EC25D0
EC1E70
EC1820
EC12F0
EC0EF0
EC0C20
EC0A60
EC09D0
EC0A60
EC0C10
EC0EE0
EC12D0
EC17E0
EC1E00
EC2540
EC2DA0
EC3720
EC41C0
EC4D70
EC5A40
EC6830
EC7740
EC8760
EC98B0
ECAB10
ECBE80
ECD300
ECE860
ECFED0
ED1620
ED2E70
ED47C0
ED6200
ED7D30
ED9960
EDB680
EDD4A0
EDF3B0
EE13B0
EE34C0
EE56B0
EE79A0
EE9D50
EEC1B0
EEE6D0
EF0CA0
EF3340
EF5A90
EF8290
EFAB50
EFD4D0
EFFF10
F02A00
F055B0
F08220
F0AF40
F0DD20
F10BB0
F13AC0
F16A30
F19A10
F1CA50
F1FB10
F22C30
F25DC0
F28FC0
F2C220
F2F500
F32840
F35BF0
F39000
F3C490
F3F980
F42EE0
F46450
F499E0
F4CF80
F50530
F53B00
F570E0
F5A6D0
F5DCE0
F61300
F64930
F67F80
F6B5E0
F6EC60
F722E0
F75980
F79040
F7C6B0
F7FCE0
F832D0
F86880
F89DE0
F8D310
F907F0
F93C90
F970F0
F9A510
F9D8E0
FA0C80
FA3FD0
FA72E0
FAA5B0
FAD840
FB0A40
FB3BA0
FB6C80
FB9CC0
FBCC80
FBFBA0
FC2A30
FC5830
FC85A0
FCB280
FCDED0
FD0A90
FD35B0
FD6050
FD8A50
FDB3D0
FDDC70
FE0450
FE2B50
FE5190
FE7700
FE9BA0
FEBF70
FEE270
FF04A0
FF2600
FF46A0
FF6660
FF8560
FFA380
FFC0E0
FFDD70
FFF900
0013B0
002D60
004610
005DE0
0074B0
008A90
009F70
00B360
00C660
00D870
00E980
00F9A0
0108D0
011700
012450
013090
013BD0
014620
014F70
0157B0
015F00
016550
016AA0
016F00
017250
0174A0
017600
017660
0175C0
017410
017180
016DF0
016970
016410
015DC0
015690
014E60
014550
013B60
013070
0124A0
0117E0
010A30
00FBA0
00EC10
00DBA0
00CA50
00B830
00A550
0091C0
007D60
006850
005280
003BE0
002490
000C80
FFF3B0
FFDA20
FFBFD0
FFA4C0
FF88F0
FF6C60
FF4F10
FF3140
FF1300
FEF430
FED4F0
FEB530
FE94F0
FE7430
FE5300
FE3140
FE0F00
FDEC50
FDC920
FDA570
FD8140
FD5C90
FD3770
FD1210
FCEC90
FCC6D0
FCA0F0
FC7AE0
FC54A0
FC2E30
FC0790
FBE0C0
FBB9D0
FB92A0
FB6B50
FB43C0
FB1C10
FAF430
FACC20
FAA430
FA7C70
FA54D0
FA2D50
FA0600
F9DED0
F9B7D0
F990F0
F96A30
F943A0
F91D30
F8F6E0
F8D0C0
F8AAC0
F884E0
F85F30
F839F0
F81530
F7F0E0
F7CD00
F7A990
F786A0
F76430
F74230
F720A0
F6FF80
F6DEE0
F6BEB0
F69F00
F67FC0
F660F0
F642A0
F62500
F60820
F5EBF0
F5D080
F5B5D0
F59BD0
F58290
F56A00
F55230
F53B20
F524C0
F50F10
F4FA20
F4E5F0
F4D280
F4BFB0
F4ADE0
F49CF0
F48CE0
F47DC0
F46F80
F46230
F455C0
F44A40
F43FA0
F435E0
F42D10
F42530
F41E30
F41810
F412E0
F40E90
F40B40
F408F0
F407A0
F40740
F407F0
F40990
F40C30
F40FC0
F41460
F419F0
F42080
F42810
F43090
F43A20
F444A0
F45020
F45C90
F46A00
F47870
F487D0
F49820
F4A970
F4BBB0
F4CEF0
F4E320
F4F850
F50E70
F52590
F53DA0
F556A0
F570A0
F58BA0
F5A770
F5C410
F5E190
F5FFF0
F61F20
F63F20
F66000
F681C0
F6A450
F6C7B0
F6EBF0
F71110
F73700
F75DC0
F78560
F7ADE0
F7D6F0
F800B0
F82B10
F85600
F881A0
F8ADE0
F8DAC0
F90840
F93660
F96520
F99480
F9C490
F9F530
FA2670
FA5860
FA8AE0
FABDC0
FAF100
FB2490
FB5880
FB8CC0
FBC160
FBF650
FC2BA0
FC6150
FC9750
FCCDB0
FD0460
FD3B70
FD72D0
FDAA90
FDE2A0
FE1AC0
FE52F0
FE8B20
FEC360
FEFBA0
FF33F0
FF6C40
FFA4A0
FFDD00
001570
004DF0
008670
00BF00
00F790
013030
0168D0
01A130
01D940
021110
024890
027FD0
02B6C0
02ED70
0323D0
0359F0
038FC0
03C550
03FA90
042F80
046430
0498A0
04CCC0
050050
053350
0565B0
059790
05C8E0
05F990
0629B0
065940
068850
06B6C0
06E4A0
0711E0
073EA0
076AD0
079660
07C170
07EBA0
081510
083DB0
086580
088C90
08B2C0
08D830
08FCD0
0920A0
0943B0
0965E0
098750
09A7F0
09C7C0
09E6D0
0A0500
0A2250
0A3EA0
0A5A00
0A7470
0A8DE0
0AA670
0ABE00
0AD4A0
0AEA50
0AFF00
0B12D0
0B25A0
0B3780
0B4870
0B5870
0B6770
0B7580
0B8280
0B8E80
0B9980
0BA370
0BAC70
0BB460
0BBB60
0BC150
0BC640
0BCA20
0BCD10
0BCF00
0BCFE0
0BCFC0
0BCEA0
0BCC80
0BC970
0BC560
0BC060
0BBA60
0BB360
0BAB70
0BA280
0B9890
0B8DB0
0B81D0
0B7500
0B6730
0B5860
0B48A0
0B37E0
0B2650
0B13D0
0B0080
0AEC60
0AD750
0AC170
0AAAC0
0A9320
0A7AB0
0A6170
0A4740
0A2C40
0A1060
09F3B0
09D620
09B7B0
0998A0
0978D0
095860
093750
091590
08F320
08D000
08AC30
0887C0
0862B0
083CE0
081670
07EF50
07C780
079F10
0775F0
074C60
072260
06F800
06CD20
06A1E0
067620
064A00
061D70
05F070
05C300
059520
0566E0
053820
0508F0
04D960
04A960
047930
0448D0
041840
03E790
03B6A0
038590
035450
0322E0
02F140
02BF70
028D80
025B60
022910
01F690
01C3E0
019100
015E40
012B90
00F8F0
00C660
0093E0
006180
002F30
FFFCF0
FFCAD0
FF98B0
FF66B0
FF34C0
FF02F0
FED120
FE9F70
FE6DD0
FE3C80
FE0B70
FDDAB0
FDAA40
FD7A20
FD4A50
FD1AC0
FCEB80
FCBC80
FC8DE0
FC5F80
FC3170
FC03B0
FBD630
FBA900
FB7C20
FB4FB0
FB23C0
FAF850
FACD50
FAA2D0
FA78C0
FA4F30
FA2620
F9FD80
F9D550
F9ADB0
F98680
F95FC0
F93980
F913B0
F8EE70
F8C9B0
F8A590
F88200
F85F00
F83CA0
F81AD0
F7F9A0
F7D900
F7B8F0
F79970
F77A90
F75C40
F73E90
F72170
F704E0
F6E8E0
F6CD90
F6B2E0
F698C0
F67F50
F66680
F64E50
F636D0
F61FE0
F60990
F5F3F0
F5DEF0
F5CA80
F5B6C0
F5A3A0
F59120
F57F50
F56E10
F55D70
F54D70
F53E00
F52F40
F52120
F51390
F506A0
F4FA60
F4EEB0
F4E3A0
F4D930
F4CF50
F4C620
F4BD90
F4B590
F4AE30
F4A750
F4A100
F49B40
F49600
F49160
F48D40
F489B0
F486B0
F48440
F48260
F48100
F48030
F48000
F48050
F48120
F48270
F48440
F48670
F48920
F48C30
F48FC0
F493D0
F49840
F49D30
F4A280
F4A850
F4AE90
F4B550
F4BC70
F4C410
F4CC20
F4D480
F4DD30
F4E640
F4EF90
F4F940
F50340
F50D90
F51830
F52330
F52E70
F53A10
F54600
F55240
F55ED0
F56BC0
F578F0
F58660
F59400
F5A1D0
F5AFD0
F5BE10
F5CC70
F5DB10
F5E9E0
F5F8E0
F60820
F61780
F62720
F636F0
F646F0
F65720
F66790
F67800
F688A0
F69940
F6AA00
F6BAD0
F6CBB0
F6DCB0
F6EDB0
F6FEE0
F71010
F72160
F732C0
F74440
F755D0
F76770
F77920
F78AE0
F79C90
F7AE40
F7C000
F7D1B0
F7E370
F7F520
F806D0
F81890
F82A40
F83BF0
F84DB0
F85F60
F87110
F882C0
F89480
F8A620
F8B7B0
F8C940
F8DAC0
F8EC30
F8FD90
F90EE0
F92020
F93150
F94280
F95390
F964A0
F975A0
F98680
F99760
F9A840
F9B900
F9C9A0
F9DA40
F9EAD0
F9FB40
FA0BA0
FA1BF0
FA2C30
FA3C60
FA4C70
FA5C80
FA6C70
FA7C50
FA8C20
FA9BE0
FAAB90
FABB30
FACAB0
FADA30
FAE9A0
FAF900
FB0850
FB1790
FB26C0
FB35F0
FB4500
FB5400
FB6300
FB71E0
FB80C0
FB8F80
FB9E40
FBACF0
FBBBA0
FBCA50
FBD900
FBE7A0
FBF640
FC04E0
FC1380
FC2220
FC30B0
FC3F40
FC4DC0
FC5C50
FC6AD0
FC7950
FC87D0
FC9650
FCA4E0
FCB380
FCC230
FCD0E0
FCDFA0
FCEE60
FCFD30
FD0C10
FD1B00
FD29F0
FD38F0
FD4800
FD5710
FD6630
FD7560
FD84A0
FD9400
FDA380
FDB310
FDC2B0
FDD280
FDE260
FDF250
FE0260
FE1290
FE22D0
FE3330
FE43B0
FE5440
FE64F0
FE75B0
FE86A0
FE97B0
FEA8F0
FEBA50
FECBD0
FEDD80
FEEF60
FF0150
FF1380
FF25C0
FF3830
FF4AD0
FF5D80
FF7070
FF8370
FF96B0
FFAA10
FFBDA0
FFD150
FFE540
FFF960
000DA0
002220
0036C0
004B90
006090
0075C0
008B20
00A0B0
00B670
00CC50
00E270
00F8B0
010F30
0125D0
013CB0
0153B0
016AF0
018260
0199F0
01B1C0
01C9B0
01E1E0
01FA40
0212C0
022B80
024470
025D80
0276D0
029040
02A9D0
02C390
02DD80
02F7A0
0311E0
032C40
0346D0
036190
037C80
039790
03B2D0
03CE30
03E9C0
040580
042150
043D40
045950
047580
0491D0
04AE30
04CAC0
04E760
050410
0520F0
053DF0
055B00
057830
059580
05B2E0
05D070
05EE00
060B90
062930
0646E0
066490
068250
06A010
06BDE0
06DBB0
06F990
071780
073570
075370
077170
078F70
07AD90
07CB90
07E980
080760
082540
084300
0860B0
087E60
089BF0
08B980
08D6F0
08F450
0911B0
092EF0
094C30
096950
098670
09A360
09C020
09DCC0
09F930
0A1570
0A3190
0A4D80
0A6940
0A84E0
0AA060
0ABBA0
0AD6C0
0AF1C0
0B0C90
0B2730
0B41A0
0B5BE0
0B75D0
0B8F80
0BA8E0
0BC200
0BDAF0
0BF380
0C0BE0
0C23F0
0C3BD0
0C5350
0C6AA0
0C81B0
0C9870
0CAEF0
0CC520
0CDB00
0CF090
0D05B0
0D1A80
0D2EF0
0D4300
0D56C0
0D6A20
0D7D20
0D8FD0
0DA220
0DB410
0DC5A0
0DD6E0
0DE7C0
0DF840
0E0850
0E1800
0E2740
0E3600
0E4460
0E5250
0E5FD0
0E6CE0
0E7980
0E85C0
0E9180
0E9CE0
0EA7D0
0EB250
0EBC50
0EC600
0ECF20
0ED7D0
0EE000
0EE7B0
0EEEF0
0EF5B0
0EFBF0
0F01C0
0F0710
0F0BF0
0F1040
0F1420
0F1790
0F1A80
0F1CF0
0F1EE0
0F2060
0F2150
0F21D0
0F21D0
0F2140
0F2040
0F1EC0
0F1CC0
0F1A40
0F1740
0F13C0
0F0FC0
0F0B40
0F0640
0F00C0
0EFAD0
0EF450
0EED60
0EE5F0
0EDE00
0ED5A0
0ECCC0
0EC360
0EB980
0EAF30
0EA460
0E9910
0E8D50
0E8100
0E7440
0E6700
0E5950
0E4B20
0E3C90
0E2D80
0E1E10
0E0E20
0DFDD0
0DED00
0DDBD0
0DCA30
0DB810
0DA590
0D9290
0D7F30
0D6B60
0D5720
0D4260
0D2D50
0D17E0
0D0210
0CEBF0
0CD560
0CBE70
0CA730
0C8F90
0C7790
0C5F30
0C4670
0C2D50
0C13D0
0BFA00
0BDFC0
0BC530
0BAA50
0B8F30
0B73D0
0B5820
0B3C30
0B2000
0B0380
0AE6C0
0AC9C0
0AAC70
0A8EE0
0A7110
0A52F0
0A3490
0A15F0
09F700
09D7F0
09B8B0
099950
0979D0
095A20
093A50
091A50
08FA20
08D9E0
08B960
0898D0
087810
085720
083610
0814D0
07F380
07D210
07B0B0
078F40
076DC0
074C50
072AD0
070940
06E7C0
06C630
06A490
068300
066150
063FB0
061E00
05FC50
05DAA0
05B900
059780
057620
0554E0
0533C0
0512B0
04F1C0
04D0F0
04B040
048FB0
046F30
044ED0
042E90
040E70
03EE70
03CE80
03AEE0
038F70
037040
035150
0332A0
031430
02F600
02D800
02BA50
029CD0
027FA0
0262A0
0245E0
022960
020D20
01F120
01D580
01BA40
019F50
0184D0
016AB0
0150F0
013780
011E80
0105D0
00ED90
00D5B0
00BE20
00A6F0
009030
0079C0
0063C0
004E30
003910
002480
001060
FFFCC0
FFE990
FFD6E0
FFC4B0
FFB300
FFA1C0
FF9100
FF80C0
FF70F0
FF61A0
FF52C0
FF4470
FF36A0
FF2960
FF1CC0
FF10A0
FF0520
FEFA30
FEEFC0
FEE5F0
FEDCB0
FED400
FECBE0
FEC450
FEBD50
FEB6E0
FEB100
FEABC0
FEA710
FEA300
FE9F80
FE9CB0
FE9A70
FE98D0
FE97D0
FE9760
FE97A0
FE9870
FE99E0
FE9BF0
FE9E90
FEA1E0
FEA5C0
FEAA40
FEAF60
FEB520
FEBB80
FEC280
FECA20
FED270
FEDB50
FEE4D0
FEEEF0
FEF9C0
FF0520
FF1120
FF1DD0
FF2B10
FF3900
FF4780
FF56A0
FF6660
FF76B0
FF8790
FF9910
FFAB20
FFBDD0
FFD110
FFE4E0
FFF960
000E60
002400
003A40
005110
006870
008070
0098F0
00B1F0
00CB80
00E580
010010
011B20
0136C0
0152D0
016F70
018C90
01AA30
01C850
01E700
020630
0225D0
024610
0266A0
028790
02A8F0
02CAB0
02ECD0
030F50
033240
035580
037930
039D40
03C1B0
03E680
040BC0
043160
045750
047DC0
04A450
04CB20
04F230
051970
0540E0
056890
059080
05B8A0
05E100
060990
063250
065B50
068490
06AE00
06D7A0
070190
072B70
075560
077F50
07A940
07D340
07FD40
082740
085150
087B60
08A580
08CF90
08F9B0
0923E0
094E10
097840
09A270
09CC70
09F640
0A1FE0
0A4950
0A7280
0A9B80
0AC450
0AECF0
0B1550
0B3D80
0B6580
0B8D50
0BB4E0
0BDC50
0C0380
0C2A70
0C5100
0C7730
0C9CE0
0CC230
0CE710
0D0B80
0D2F90
0D5330
0D7660
0D9920
0DBB70
0DDD60
0DFEE0
0E1FF0
0E40A0
0E60D0
0E8070
0E9F60
0EBDC0
0EDB70
0EF880
0F14F0
0F30B0
0F4BE0
0F6660
0F8040
0F9990
0FB230
0FCA20
0FE180
0FF840
100E50
1023A0
103810
104BC0
105EA0
1070B0
1081F0
109270
10A210
10B0F0
10BEF0
10CC30
10D8A0
10E440
10EF10
10F910
110250
110A90
1111F0
111850
111DD0
112260
112600
1128B0
112A80
112B50
112B30
112A30
112840
112560
112180
111CC0
111720
111070
1108D0
110020
10F690
10EBF0
10E050
10D3C0
10C630
10B7B0
10A820
1097A0
108620
1073B0
106030
104BC0
103650
101FF0
100890
0FF040
0FD6F0
0FBCB0
0FA180
0F8550
0F6830
0F4A10
0F2B10
0F0B00
0EEA00
0EC810
0EA530
0E8150
0E5C70
0E36C0
0E1030
0DE8D0
0DC090
0D9770
0D6D70
0D4290
0D16E0
0CEA50
0CBCF0
0C8EA0
0C5F80
0C2F80
0BFEB0
0BCD00
0B9A70
0B6730
0B3340
0AFEA0
0AC960
0A9370
0A5CD0
0A2580
09ED80
09B4E0
097B80
094180
0906D0
08CB70
088F60
0852B0
081540
07D770
079930
075A70
071B50
06DBC0
069BC0
065B50
061A70
05D920
059760
055540
0512A0
04CF90
048C20
044830
0403E0
03BF60
037AC0
033600
02F120
02AC10
0266E0
022190
01DC10
019680
0150C0
010AE0
00C4D0
007EB0
003860
FFF1F0
FFAB50
FF64F0
FF1EB0
FED8A0
FE92B0
FE4D00
FE0770
FDC210
FD7CD0
FD37D0
FCF2F0
FCAE40
FC69C0
FC2560
FBE130
FB9D30
FB5960
FB1600
FAD320
FA90C0
FA4EE0
FA0D70
F9CC80
F98C10
F94C10
F90C90
F8CD90
F88F10
F85100
F81370
F7D660
F799C0
F75DB0
F72250
F6E7B0
F6ADE0
F674C0
F63C70
F604E0
F5CE10
F59800
F562B0
F52E30
F4FA60
F4C760
F49510
F46390
F432D0
F402D0
F3D3D0
F3A5C0
F378B0
F34C90
F32170
F2F750
F2CE20
F2A5F0
F27EC0
F25880
F23340
F20EF0
F1EBA0
F1C950
F1A7F0
F18790
F16850
F14A20
F12D20
F11130
F0F660
F0DCB0
F0C410
F0ACA0
F09640
F08100
F06CE0
F059E0
F04800
F03730
F02780
F01900
F00B90
EFFF60
EFF450
EFEA60
EFE1A0
EFDA10
EFD3A0
EFCE60
EFCA50
EFC760
EFC590
EFC500
EFC590
EFC740
EFCA20
EFCE30
EFD350
EFD9A0
EFE100
EFE980
EFF320
EFFDE0
F009B0
F016B0
F024C0
F033F0
F04440
F055B0
F06830
F07BE0
F090A0
F0A680
F0BD60
F0D530
F0EE00
F107D0
F122A0
F13E60
F15B10
F178D0
F19780
F1B730
F1D7D0
F1F970
F21C10
F23FA0
F26430
F289C0
F2B010
F2D720
F2FF00
F32790
F350F0
F37B20
F3A600
F3D1B0
F3FE20
F42B60
F45950
F48810
F4B7A0
F4E7E0
F518F0
F54AC0
F57D10
F5AFE0
F5E330
F61710
F64B60
F68030
F6B580
F6EB60
F721B0
F75880
F78FE0
F7C7B0
F80010
F838E0
F87240
F8AC10
F8E620
F92060
F95AE0
F99590
F9D070
FA0B90
FA46E0
FA8260
FABE20
FAFA10
FB3630
FB7290
FBAF20
FBEBE0
FC28D0
FC6600
FCA320
FCE030
FD1D20
FD5A00
FD96D0
FDD390
FE1040
FE4CD0
FE8950
FEC5C0
FF0220
FF3E60
FF7AA0
FFB6C0
FFF2D0
002EC0
006A70
00A5C0
00E0C0
011B60
0155B0
018FB0
01C950
0202B0
023BA0
027450
02ACA0
02E4A0
031C50
0353A0
038AA0
03C150
03F770
042D10
046220
0496A0
04CAA0
04FE20
053100
056370
059550
05C6A0
05F770
0627B0
065760
068690
06B540
06E360
0710D0
073DA0
0769C0
079530
07BFF0
07EA10
081380
083C40
086460
088BD0
08B290
08D8B0
08FE10
0922D0
0946F0
096A50
098D00
09AF00
09D040
09F0D0
0A10A0
0A2FC0
0A4E20
0A6BC0
0A88B0
0AA4F0
0AC070
0ADB40
0AF550
0B0EB0
0B2750
0B3F30
0B5670
0B6CF0
0B82C0
0B97F0
0BAC60
0BC020
0BD320
0BE580
0BF720
0C0820
0C1860
0C27F0
0C36D0
0C4500
0C5280
0C5F50
0C6B80
0C7710
0C8210
0C8C70
0C9630
0C9F60
0CA7F0
0CAFE0
0CB740
0CBE00
0CC430
0CC9B0
0CCEA0
0CD300
0CD6B0
0CD9E0
0CDC80
0CDEB0
0CE070
0CE1B0
0CE280
0CE2E0
0CE2C0
0CE230
0CE120
0CDFA0
0CDDA0
0CDB30
0CD840
0CD4E0
0CD110
0CCCC0
0CC820
0CC340
0CBE10
0CB890
0CB2C0
0CACA0
0CA640
0C9F90
0C9890
0C9140
0C89B0
0C81C0
0C7990
0C7110
0C6840
0C5F30
0C55F0
0C4C90
0C4320
0C3980
0C2FC0
0C25E0
0C1BE0
0C11C0
0C0780
0BFD20
0BF290
0BE7F0
0BDD30
0BD240
0BC740
0BBC10
0BB0F0
0BA5D0
0B9AB0
0B8FA0
0B8490
0B7980
0B6E70
0B6370
0B5870
0B4D70
0B4270
0B3780
0B2C90
0B21A0
0B16C0
0B0BE0
0B0120
0AF680
0AEC00
0AE1A0
0AD760
0ACD50
0AC350
0AB980
0AAFC0
0AA630
0A9CB0
0A9360
0A8A30
0A8120
0A7830
0A6F60
0A66C0
0A5E50
0A5600
0A4DF0
0A4600
0A3E50
0A36C0
0A2F60
0A2830
0A2130
0A1A50
0A13B0
0A0D30
0A06E0
0A00D0
09FAE0
09F510
09EF80
09EA20
09E4E0
09DFD0
09DAF0
09D640
09D1C0
09CD70
09C940
09C550
09C180
09BDE0
09BA70
09B730
09B410
09B120
09AE40
09AB90
09A8F0
09A670
09A410
09A1D0
099FB0
099DB0
099BD0
099A00
099860
0996D0
099570
099420
0992F0
0991D0
0990A0
098F90
098E70
098D60
098C50
098B50
098A40
098950
098850
098760
098670
098580
0984A0
0983C0
0982F0
0981F0
0980E0
097FB0
097E70
097D00
097B80
0979E0
097820
097640
097450
097240
097010
096DC0
096B50
0968D0
096630
096350
096030
095CD0
095920
095540
095120
094CC0
094820
094330
093E10
0938B0
093310
092D30
092700
0920A0
091A00
091300
090B90
0903D0
08FBB0
08F330
08EA50
08E110
08D770
08CD70
08C300
08B840
08AD20
08A1A0
0895C0
088980
087CF0
086FD0
086240
085440
0845C0
0836D0
082760
081780
080730
07F660
07E510
07D360
07C120
07AE70
079B50
0787C0
0773A0
075F10
074A00
073460
071E50
0707B0
06F0A0
06D900
06C0E0
06A840
068F20
067580
065B50
0640B0
062580
0609E0
05EDB0
05D110
05B3E0
059640
057820
055980
053A60
051AC0
04FAB0
04DA10
04B900
049770
047560
0452D0
042FC0
040C30
03E830
03C3C0
039EE0
037990
0353E0
032DC0
030740
02E050
02B8F0
029130
026900
024060
021760
01EDF0
01C410
0199D0
016F20
014420
0118E0
00ED50
00C170
009550
0068F0
003C30
000F30
FFE1F0
FFB460
FF8680
FF5860
FF29F0
FEFB30
FECC30
FE9CE0
FE6D70
FE3DF0
FE0E50
FDDE90
FDAEB0
FD7EB0
FD4EA0
FD1E70
FCEE20
FCBDB0
FC8D20
FC5C80
FC2BB0
FBFAD0
FBC9D0
FB98C0
FB67B0
FB36D0
FB05F0
FAD530
FAA490
FA73F0
FA4380
FA1310
F9E2D0
F9B290
F98270
F95270
F92270
F8F2A0
F8C2D0
F89330
F863C0
F834B0
F805E0
F7D760
F7A930
F77B40
F74DB0
F72060
F6F350
F6C6A0
F69A30
F66E00
F64230
F616A0
F5EB60
F5C070
F595F0
F56C00
F54280
F51980
F4F100
F4C8F0
F4A170
F47A60
F453D0
F42DC0
F40830
F3E320
F3BE80
F39A70
F376D0
F353B0
F33130
F30F60
F2EE40
F2CDC0
F2ADE0
F28EB0
F27020
F25240
F23500
F21870
F1FC80
F1E140
F1C6A0
F1ACA0
F19350
F17AB0
F162D0
F14BB0
F13550
F11FC0
F10B00
F0F700
F0E3C0
F0D140
F0BF90
F0AEA0
F09E80
F08F20
F08080
F072B0
F065A0
F05960
F04DF0
F04350
F03990
F030A0
F02880
F02140
F01AD0
F01540
F01070
F00C90
F00980
F00740
F005D0
F00540
F00580
F006A0
F00890
F00B50
F00EF0
F01360
F018B0
F01ED0
F025C0
F02D90
F03630
F03FB0
F04A00
F05520
F06120
F06DF0
F07BA0
F08A20
F09970
F0A980
F0BA50
F0CBF0
F0DE60
F0F190
F10590
F11A50
F12FE0
F14640
F15D60
F17540
F18DF0
F1A770
F1C1B0
F1DCB0
F1F870
F214D0
F231E0
F24FA0
F26E00
F28D20
F2ACE0
F2CD50
F2EE70
F31030
F332B0
F355D0
F379A0
F39E10
F3C340
F3E910
F40F70
F43650
F45DC0
F485B0
F4AE30
F4D730
F500B0
F52AC0
F55560
F58080
F5AC20
F5D850
F60510
F63240
F66010
F68E50
F6BD00
F6EC00
F71B50
F74B10
F77B20
F7AB80
F7DC40
F80D60
F83EE0
F870B0
F8A2E0
F8D560
F90840
F93B80
F96F10
F9A300
F9D720
FA0B60
FA3FD0
FA7460
FAA930
FADE20
FB1330
FB4880
FB7DF0
FBB390
FBE950
FC1F40
FC5560
FC8BA0
FCC210
FCF8B0
FD2F40
FD65D0
FD9C60
FDD2F0
FE0970
FE3FF0
FE7660
FEACD0
FEE340
FF19B0
FF5010
FF8670
FFBCC0
FFF320
002970
005FB0
0095D0
00CBB0
010170
0136F0
016C50
01A170
01D660
020B20
023FC0
027420
02A850
02DC50
031020
0343C0
037730
03AA60
03DD50
040FE0
044220
047400
04A590
04D6C0
0507A0
053830
056860
059840
05C7D0
05F700
0625E0
065460
068290
06B070
06DDD0
070AC0
073740
076350
078EF0
07BA10
07E4D0
080F10
0838D0
086230
088B20
08B390
08DB90
090320
092A30
0950E0
097700
099C90
09C1B0
09E640
0A0A40
0A2DC0
0A50C0
0A7330
0A9520
0AB690
0AD770
0AF7D0
0B17A0
0B36F0
0B55C0
0B7400
0B91B0
0BAED0
0BCB70
0BE770
0C02E0
0C1DC0
0C3810
0C51D0
0C6AF0
0C8390
0C9BA0
0CB320
0CCA00
0CE060
0CF630
0D0B60
0D2010
0D3420
0D47B0
0D5AA0
0D6D10
0D7EE0
0D9020
0DA0E0
0DB100
0DC090
0DCF90
0DDE00
0DEBE0
0DF930
0E0600
0E1230
0E1DD0
0E28F0
0E3380
0E3D90
0E4720
0E5010
0E5890
0E6080
0E67E0
0E6EB0
0E7510
0E7AD0
0E8020
0E84D0
0E8900
0E8CB0
0E8FE0
0E9290
0E94E0
0E96A0
0E97F0
0E98D0
0E9930
0E9920
0E9890
0E9790
0E9620
0E9420
0E91C0
0E8EE0
0E8B80
0E87B0
0E8380
0E7EE0
0E79F0
0E7490
0E6EE0
0E68C0
0E6240
0E5B60
0E5410
0E4C70
0E4470
0E3C00
0E3330
0E2A00
0E2070
0E1680
0E0C40
0E01C0
0DF6F0
0DEBE0
0DE090
0DD4F0
0DC900
0DBCD0
0DB050
0DA390
0D9690
0D8940
0D7BA0
0D6DC0
0D5FA0
0D5130
0D4290
0D33D0
0D24E0
0D15C0
0D0680
0CF710
0CE770
0CD7A0
0CC7B0
0CB790
0CA740
0C96D0
0C8630
0C7560
0C6460
0C5340
0C4210
0C30D0
0C1F80
0C0E20
0BFCB0
0BEB30
0BD9B0
0BC810
0BB670
0BA4C0
0B92F0
0B8120
0B6F40
0B5D50
0B4B50
0B3950
0B2750
0B1560
0B0370
0AF1A0
0ADFD0
0ACE10
0ABC60
0AAAC0
0A9920
0A87A0
0A7620
0A64B0
0A5340
0A41F0
0A30A0
0A1F70
0A0E50
09FD60
09EC90
09DBE0
09CB50
09BAF0
09AAB0
099A90
098A90
097AC0
096B10
095B80
094C10
093CD0
092DB0
091EB0
090FF0
090150
08F300
08E4D0
08D6F0
08C930
08BBB0
08AE60
08A150
089470
0887C0
087B50
086F10
086310
085740
084BA0
084050
083530
082A60
081FC0
081570
080B50
080180
07F7F0
07EEA0
07E590
07DCB0
07D420
07CBD0
07C3C0
07BBF0
07B470
07AD20
07A620
079F50
0798D0
0792A0
078CA0
0786F0
078180
077C60
077770
0772D0
076E70
076A50
076680
0762F0
075FA0
075C80
0759B0
075720
0754C0
0752B0
0750D0
074F30
074DD0
074CB0
074BD0
074B30
074AD0
074AA0
074AC0
074B10
074BA0
074C60
074D60
074E80
074FD0
075160
075310
075500
075710
075960
075BD0
075E80
076150
076460
0767A0
076B10
076EA0
077260
077630
077A20
077E30
078260
0786A0
078B00
078F80
079410
0798D0
079DA0
07A280
07A790
07ACB0
07B1F0
07B750
07BCB0
07C210
07C770
07CCD0
07D230
07D790
07DD00
07E260
07E7D0
07ED30
07F2A0
07F810
07FD80
0802F0
080860
080DD0
081330
081860
081D80
082290
082780
082C50
083100
083590
083A10
083E80
0842C0
0846F0
084B00
084EF0
0852D0
085690
085A20
085D70
086080
086360
086610
086880
086AB0
086CB0
086E80
087010
087160
087280
087370
087420
087490
0874E0
0874D0
087470
0873B0
0872B0
087160
086FC0
086DD0
086B80
0868F0
086600
0862D0
085F40
085B70
085740
0852C0
084E00
0848D0
084330
083D40
0836E0
083020
082900
082170
081980
081130
080880
07FF70
07F5F0
07EC10
07E1C0
07D720
07CC10
07C090
07B4B0
07A850
079B90
078E60
0780B0
0772A0
076420
075540
0745E0
073610
0725E0
071530
070420
06F2A0
06E0A0
06CE40
06BB80
06A840
069490
068080
066C00
065710
0641B0
062BE0
0615A0
05FEF0
05E7E0
05D060
05B860
05A000
058740
056E10
055470
053A80
052020
050570
04EA50
04CED0
04B2F0
0496A0
047A00
045CF0
043F90
0421C0
040380
03E4F0
03C600
03A6C0
038720
036750
034720
0326A0
0305E0
02E4D0
02C370
02A1C0
027FD0
025D80
023AF0
021810
01F4E0
01D170
01ADA0
0189B0
016590
014130
011CB0
00F800
00D320
00AE00
0088C0
006350
003DB0
0017E0
FFF1E0
FFCBC0
FFA560
FF7ED0
FF5810
FF3150
FF0A70
FEE390
FEBCB0
FE95B0
FE6EB0
FE47A0
FE2090
FDF960
FDD230
FDAAF0
FD83B0
FD5C60
FD3500
FD0D90
FCE610
FCBEB0
FC9770
FC7050
FC4940
FC2240
FBFB60
FBD4A0
FBAE00
FB8770
FB6100
FB3AA0
FB1460
FAEE40
FAC830
FAA240
FA7C70
FA56D0
FA3170
FA0C60
F9E780
F9C2E0
F99E70
F97A50
F95660
F932C0
F90F50
F8EC20
F8C930
F8A680
F88400
F861D0
F83FD0
F81E30
F7FCF0
F7DC10
F7BB90
F79B60
F77B90
F75C20
F73D10
F71E50
F6FFF0
F6E1F0
F6C450
F6A710
F68A20
F66D90
F65160
F635B0
F61A60
F5FF90
F5E530
F5CB40
F5B1C0
F598B0
F58020
F56800
F55050
F53910
F52250
F50BF0
F4F610
F4E0A0
F4CBB0
F4B730
F4A330
F48FC0
F47CC0
F46A50
F45860
F446E0
F435F0
F42580
F41580
F40610
F3F720
F3E8B0
F3DAC0
F3CD50
F3C060
F3B3F0
F3A810
F39CA0
F391C0
F38760
F37D90
F37430
F36B60
F36300
F35B30
F353F0
F34D20
F346E0
F34110
F33BD0
F33720
F332E0
F32F10
F32BD0
F32900
F326B0
F324E0
F32390
F322B0
F32250
F32270
F32310
F32420
F325B0
F327C0
F32A50
F32D60
F330D0
F334C0
F33910
F33DD0
F34300
F34890
F34EA0
F35520
F35C00
F36350
F36B10
F37340
F37BE0
F384F0
F38E70
F39850
F3A290
F3AD30
F3B830
F3C380
F3CF20
F3DB30
F3E790
F3F440
F40160
F40ED0
F41C90
F42AC0
F43930
F44810
F45740
F466D0
F476A0
F486C0
F49710
F4A7C0
F4B8A0
F4C9D0
F4DB50
F4ED00
F4FF00
F51150
F523D0
F536A0
F549C0
F55D20
F570C0
F584A0
F598C0
F5AD00
F5C180
F5D630
F5EB10
F60020
F61560
F62AD0
F64070
F65650
F66C50
F68290
F698F0
F6AF90
F6C660
F6DD50
F6F470
F70BC0
F72320
F73AA0
F75250
F76A20
F78210
F79A20
F7B250
F7CAA0
F7E320
F7FBC0
F81480
F82D60
F84660
F85F80
F878C0
F89210
F8AB80
F8C500
F8DEA0
F8F850
F91220
F92C00
F945F0
F96010
F97A30
F99470
F9AEC0
F9C930
F9E3C0
F9FE50
FA1900
FA33D0
FA4EA0
FA6990
FA8490
FA9FB0
FABAD0
FAD610
FAF160
FB0CD0
FB2840
FB43D0
FB5F70
FB7B30
FB9700
FBB2D0
FBCED0
FBEAD0
FC06F0
FC2320
FC3F60
FC5BC0
FC7820
FC94A0
FCB140
FCCDE0
FCEAA0
FD0770
FD2450
FD4150
FD5E60
FD7B80
FD98C0
FDB610
FDD380
FDF100
FE0EA0
FE2C50
FE4A20
FE6810
FE8610
FEA420
FEC260
FEE0A0
FEFF00
FF1D80
FF3C20
FF5AC0
FF7990
FF9880
FFB780
FFD6A0
FFF5E0
001540
0034B0
005440
007400
0093C0
00B3B0
00D3C0
00F3E0
011420
013480
015500
0175A0
019650
01B720
01D820
01F930
021A60
023BB0
025D20
027EB0
02A050
02C220
02E400
030600
032820
034A70
036CC0
038F40
03B1D0
03D480
03F750
041A30
043D30
046050
048380
04A6D0
04CA30
04EDB0
051150
053510
0558E0
057CD0
05A0D0
05C4F0
05E910
060D40
063190
0655E0
067A40
069EB0
06C330
06E7B0
070C50
073100
0755B0
077A80
079F50
07C440
07E930
080E20
083310
085800
087CF0
08A1D0
08C6B0
08EB90
091070
093550
095A20
097EF0
09A3D0
09C8A0
09ED60
0A1230
0A36F0
0A5BA0
0A8020
0AA490
0AC8E0
0AED00
0B1110
0B3500
0B58D0
0B7C90
0BA020
0BC390
0BE6F0
0C0A20
0C2D40
0C5040
0C7310
0C95B0
0CB820
0CDA40
0CFC30
0D1DE0
0D3F50
0D6080
0D8170
0DA230
0DC2B0
0DE2F0
0E02F0
0E22B0
0E4240
0E6190
0E80A0
0E9F50
0EBDB0
0EDBA0
0EF940
0F1680
0F3360
0F4FE0
0F6C10
0F87D0
0FA340
0FBE50
0FD900
0FF350
100D50
1026E0
104020
1058E0
107130
1088F0
10A050
10B730
10CD90
10E370
10F8E0
110DD0
112250
113650
1149E0
115CF0
116F80
118190
119340
11A450
11B4D0
11C4C0
11D420
11E300
11F140
11FF00
120C20
1218C0
1224D0
123040
123B30
124590
124F60
1258A0
126150
126970
1270E0
1277D0
127E20
1283D0
1288F0
128D70
129150
1294A0
129760
129970
129B00
129BE0
129C30
129BF0
129B10
1299A0
129790
129500
1291D0
128E00
1289B0
1284C0
127F50
127930
127290
126B60
126390
125B30
125230
1248B0
123E90
1233F0
1228E0
121D40
121120
120480
11F760
11E9C0
11DBA0
11CD00
11BDD0
11AE30
119E10
118D70
117C50
116AA0
115880
114600
113310
111FD0
110C30
10F840
10E3E0
10CF20
10BA10
10A4A0
108EC0
107890
106200
104B10
1033C0
101C20
100410
0FEBD0
0FD370
0FBAC0
0FA1F0
0F88F0
0F6FB0
0F5640
0F3CA0
0F22D0
0F08D0
0EEE90
0ED420
0EB990
0E9EB0
0E83B0
0E6880
0E4D40
0E3210
0E16D0
0DFBA0
0DE060
0DC520
0DA9F0
0D8EB0
0D7370
0D5830
0D3D00
0D21C0
0D0680
0CEB40
0CD000
0CB4C0
0C99B0
0C7ED0
0C6420
0C49A0
0C2F50
0C1530
0BFB40
0BE180
0BC7F0
0BAE90
0B9560
0B7C60
0B6390
0B4AF0
0B3280
0B1A30
0B0250
0AEAC0
0AD390
0ABCB0
0AA630
0A9000
0A7A30
0A64C0
0A4FA0
0A3AE0
0A2670
0A1260
09FEA0
09EB40
09D840
09C590
09B360
09A1A0
099050
097F70
096F10
095F30
094FC0
0940C0
093230
092420
091680
090960
08FCB0
08F070
08E4B0
08D960
08CE80
08C430
08BA60
08B110
08A840
089FF0
089820
0890D0
088A00
0883B0
087DE0
087890
0873B0
086F60
086B90
086840
086560
086300
086110
085FA0
085EA0
085E20
085E10
085E80
085F60
0860B0
086290
0864D0
086790
086AD0
086E80
0872A0
087720
087C00
088130
0886C0
088CA0
0892E0
089980
08A070
08A7B0
08AF50
08B750
08BFA0
08C850
08D160
08DAC0
08E470
08EE60
08F870
0902B0
090D10
0917B0
092270
092D60
093880
0943C0
094F40
095AE0
0966B0
0972A0
097ED0
098B20
0997A0
09A410
09B080
09BCE0
09C930
09D570
09E1A0
09EDD0
09F9F0
0A0600
0A1210
0A1E10
0A2A00
0A35E0
0A41C0
0A4D80
0A5950
0A64C0
0A7000
0A7AF0
0A8590
0A9000
0A9A20
0AA3F0
0AAD90
0AB6D0
0ABFE0
0AC8A0
0AD120
0AD960
0AE150
0AE900
0AF060
0AF750
0AFDC0
0B03B0
0B0930
0B0E30
0B12B0
0B16B0
0B1A40
0B1D50
0B1FE0
0B2200
0B23A0
0B24C0
0B2560
0B2590
0B2530
0B2440
0B22A0
0B2070
0B1D80
0B1A00
0B15D0
0B1110
0B0B90
0B0580
0AFEC0
0AF770
0AEF60
0AE6C0
0ADD70
0AD390
0AC8F0
0ABDB0
0AB1B0
0AA500
0A9790
0A8970
0A7AA0
0A6B10
0A5AD0
0A49E0
0A3830
0A25D0
0A12C0
09FEF0
09EA70
09D530
09BF40
09A8A0
099150
097950
0960A0
094730
092D20
091260
08F6E0
08DAC0
08BDE0
08A060
088220
086340
0843A0
082350
080250
07E0C0
07BEA0
079BF0
0778B0
0754E0
073080
070B90
06E610
06C000
069960
067220
064A60
062210
05F930
05CFB0
05A5B0
057B50
055090
052570
04FA00
04CE30
04A200
047580
044890
041B50
03EDC0
03BFC0
039170
0362C0
0333B0
030450
02D490
02A4C0
0274D0
0244E0
0214D0
01E4B0
01B480
018430
0153E0
012370
00F2F0
00C260
0091C0
006110
003040
FFFF60
FFCE80
FF9DC0
FF6D50
FF3D20
FF0D20
FEDD60
FEADE0
FE7EA0
FE4FA0
FE20D0
FDF240
FDC400
FD95E0
FD6810
FD3A80
FD0D20
FCE000
FCB370
FC8770
FC5BF0
FC3100
FC06A0
FBDCD0
FBB380
FB8AC0
FB6290
FB3AF0
FB13E0
FAED50
FAC750
FAA1E0
FA7CF0
FA58A0
FA3510
FA1250
F9F060
F9CF40
F9AEF0
F98F70
F970C0
F952E0
F935D0
F91990
F8FE20
F8E370
F8C9A0
F8B0A0
F89860
F88100
F86A90
F85520
F840B0
F82D30
F81AB0
F80930
F7F8B0
F7E920
F7DA90
F7CD00
F7C060
F7B4D0
F7AA30
F7A080
F797E0
F79030
F78990
F78400
F77F80
F77C00
F77990
F77840
F777E0
F778A0
F77A70
F77D40
F78130
F78620
F78C20
F79320
F79B40
F7A460
F7AE80
F7B9A0
F7C5C0
F7D2D0
F7E0E0
F7EFF0
F80000
F81110
F82310
F83610
F84A10
F85F00
F874F0
F88BE0
F8A3D0
F8BCC0
F8D670
F8F100
F90C50
F92870
F94560
F96320
F981B0
F9A110
F9C130
F9E230
FA03F0
FA2690
FA49F0
FA6E20
FA9320
FAB8F0
FADF40
FB0610
FB2D70
FB5540
FB7DA0
FBA680
FBCFE0
FBF9C0
FC2420
FC4F10
FC7A80
FCA660
FCD2D0
FCFFC0
FD2D40
FD5B30
FD8950
FDB790
FDE600
FE1490
FE4350
FE7230
FEA130
FED060
FEFFB0
FF2F30
FF5ED0
FF8E90
FFBE80
FFEE90
001ED0
004F30
007F50
00AF40
00DEE0
010E40
013D70
016C60
019B00
01C970
01F7A0
022590
025340
0280C0
02ADF0
02DAE0
0307A0
033410
035FF0
038B30
03B5D0
03DFD0
040930
0431F0
045A20
0481A0
04A890
04CEE0
04F490
0519A0
053E10
0561E0
058520
05A7B0
05C960
05EA20
060A00
0628F0
0646F0
066400
068030
069B60
06B5C0
06CF20
06E7A0
06FF30
0715E0
072B90
074060
075450
076710
0778C0
078940
0798B0
07A700
07B430
07C040
07CB30
07D510
07DDC0
07E560
07EBE0
07F130
07F570
07F890
07FAA0
07FB70
07FB20
07F990
07F6E0
07F310
07EE00
07E7D0
07E070
07D7E0
07CE20
07C340
07B730
07A9F0
079B80
078BE0
077B20
076940
075650
074240
072D20
0716E0
06FF80
06E720
06CDA0
06B300
069750
067A80
065CA0
063DA0
061D90
05FC70
05DA20
05B710
059310
056E40
054880
0521F0
04FA90
04D240
04A920
047F20
045440
042880
03FBF0
03CE80
03A030
037100
034100
031070
02DF60
02ADC0
027BA0
0248F0
0215C0
01E210
01ADD0
017910
0143C0
010DF0
00D7A0
00A0C0
006960
003170
FFF900
FFC070
FF87D0
FF4F00
FF1620
FEDD20
FEA410
FE6AD0
FE3180
FDF810
FDBE90
FD84E0
FD4B20
FD1140
FCD750
FC9D30
FC6300
FC2920
FBEF90
FBB660
FB7D70
FB44E0
FB0CA0
FAD4B0
FA9D10
FA65D0
FA2EE0
F9F840
F9C1F0
F98BF0
F95650
F92100
F8EBF0
F8B7B0
F88420
F85150
F81F30
F7EDD0
F7BD20
F78D30
F75E00
F72F80
F701B0
F6D4B0
F6A860
F67CC0
F651E0
F627B0
F5FE50
F5D5E0
F5AE90
F58840
F56300
F53EC0
F51BA0
F4F980
F4D860
F4B860
F49960
F47B60
F45E80
F442A0
F427C0
F40E00
F3F540
F3DDC0
F3C770
F3B270
F39EA0
F38C10
F37AB0
F36A90
F35BB0
F34E10
F341A0
F33670
F32C80
F323C0
F31C50
F31610
F31100
F30D50
F30AD0
F309A0
F309C0
F30B20
F30DD0
F311C0
F31700
F31D80
F32550
F32E60
F338C0
F34460
F35150
F35F90
F36F00
F37FB0
F39180
F3A470
F3B890
F3CDE0
F3E450
F3FBE0
F414A0
F42E90
F449A0
F465E0
F48350
F4A1D0
F4C190
F4E270
F50470
F52760
F54B40
F56FF0
F595A0
F5BC20
F5E390
F60BF0
F63530
F65F50
F68A60
F6B650
F6E330
F710F0
F73F90
F76F20
F79FA0
F7D090
F80220
F83420
F866B0
F899D0
F8CD70
F90190
F93640
F96B70
F9A130
F9D770
FA0E40
FA4590
FA7D60
FAB5C0
FAEEA0
FB27A0
FB60B0
FB99D0
FBD310
FC0C70
FC45E0
FC7F60
FCB900
FCF2B0
FD2C70
FD6650
FDA050
FDDA60
FE1480
FE4EC0
FE8910
FEC300
FEFCA0
FF35E0
FF6EC0
FFA740
FFDF70
001730
004EA0
0085B0
00BC60
00F2C0
0128B0
015E50
019390
01C880
01FD00
0230C0
0263C0
029600
02C770
02F820
032800
035720
038580
03B320
03DFF0
040C00
043740
0461C0
048B80
04B470
04DCB0
0503C0
0529D0
054EC0
0572A0
059570
05B730
05D7D0
05F760
0615E0
063340
064FA0
066AE0
068500
069E20
06B620
06CD10
06E2C0
06F720
070A50
071C30
072CD0
073C30
074A50
075720
0762C0
076D10
077620
077DF0
078480
0789C0
078DD0
079090
079210
079250
079140
078EF0
078B50
078670
078050
0778E0
077040
076640
075B10
074E90
0740C0
0731C0
072170
070FD0
06FD20
06E940
06D440
06BE20
06A6E0
068E80
067500
065A50
063E80
0621A0
060390
05E460
05C400
05A290
057FF0
055C40
0537A0
051240
04EBF0
04C4D0
049CE0
047410
044A70
041FE0
03F490
03C860
039B50
036D70
033EB0
030F20
02DEB0
02AD60
027BB0
024970
0216D0
01E3B0
01B020
017C20
0147A0
0112C0
00DD50
00A780
007130
003A70
000330
FFCB80
FF9360
FF5AD0
FF2230
FEE9A0
FEB100
FE7870
FE3FD0
FE0730
FDCE90
FD95F0
FD5D60
FD24C0
FCEC20
FCB380
FC7AD0
FC4230
FC0990
FBD0F0
FB98C0
FB6100
FB29C0
FAF2F0
FABC90
FA86A0
FA5130
FA1C30
F9E7B0
F9B390
F97FF0
F94CC0
F91A10
F8E7D0
F8B600
F884A0
F85420
F82480
F7F5C0
F7C7D0
F79AC0
F76E90
F74340
F718C0
F6EF20
F6C660
F69E80
F67770
F65140
F62BF0
F60780
F5E3E0
F5C170
F5A030
F58020
F56130
F54370
F526E0
F50B70
F4F130
F4D820
F4C040
F4A980
F493F0
F47F90
F46C60
F45A50
F44970
F439E0
F42BB0
F41ED0
F41350
F40920
F40050
F3F8C0
F3F2A0
F3EDC0
F3EA50
F3E820
F3E750
F3E7D0
F3E9B0
F3ECE0
F3F170
F3F750
F3FE90
F40730
F41130
F41C80
F42930
F43740
F446B0
F45770
F469A0
F47D10
F491F0
F4A830
F4BFC0
F4D8B0
F4F300
F50E80
F52B40
F54940
F56870
F588D0
F5AA70
F5CD50
F5F160
F616B0
F63D30
F664F0
F68DF0
F6B820
F6E380
F71020
F73E00
F76CD0
F79C90
F7CD40
F7FEF0
F83190
F86520
F899B0
F8CF20
F90590
F93CF0
F97550
F9AEA0
F9E8E0
FA2410
FA6040
FA9D50
FADB10
FB1950
FB5830
FB97A0
FBD7A0
FC1840
FC5960
FC9B30
FCDD80
FD2070
FD63F0
FDA800
FDECB0
FE31F0
FE77C0
FEBE30
FF04C0
FF4B70
FF9250
FFD950
002080
0067D0
00AF40
00F6E0
013EB0
018690
01CEB0
0216E0
025F40
02A7D0
02F070
033950
0381D0
03CA20
041220
0459D0
04A140
04E860
052F40
0575E0
05BC30
060240
064800
068D80
06D2B0
0717A0
075C40
07A0A0
07E450
082750
0869B0
08AB60
08EC60
092CB0
096C60
09AB60
09E9B0
0A2750
0A6440
0AA090
0ADC30
0B1720
0B5170
0B8B00
0BC3A0
0BFB50
0C3200
0C67C0
0C9C80
0CD040
0D0310
0D34E0
0D65C0
0D95B0
0DC490
0DF290
0E1F80
0E4B80
0E7690
0EA0A0
0EC990
0EF140
0F17E0
0F3D40
0F6180
0F84A0
0FA690
0FC750
0FE6F0
100560
1022B0
103EC0
1059C0
107390
108C30
10A3A0
10B9E0
10CEF0
10E2C0
10F560
1106C0
1116F0
1125F0
1133B0
114030
114B80
1155A0
115E80
116630
116CA0
1171E0
1175E0
1178C0
117A80
117B10
117A80
1178D0
1175F0
1171F0
116CD0
116680
115F10
115670
114CC0
1141D0
1135D0
1128A0
111A50
110B00
10FAC0
10E990
10D770
10C450
10B030
109B30
108520
106E30
105640
103D60
102390
1008C0
0FED00
0FD040
0FB290
0F9430
0F7520
0F5560
0F34F0
0F13C0
0EF1F0
0ECF70
0EAC30
0E8850
0E63B0
0E3E70
0E1870
0DF1C0
0DCA60
0DA250
0D79A0
0D5070
0D26F0
0CFD10
0CD2D0
0CA820
0C7D10
0C51B0
0C25E0
0BF9B0
0BCD20
0BA020
0B72D0
0B4520
0B1700
0AE880
0AB9B0
0A8AC0
0A5BC0
0A2CB0
09FD90
09CE60
099F30
096FE0
094080
091110
08E190
08B200
088260
0852B0
0822F0
07F320
07C350
0793A0
076430
0734F0
0705F0
06D720
06A880
067A20
064BF0
061E00
05F040
05C2B0
059560
056840
053B50
050EA0
04E230
04B620
048A80
045F50
043490
040A40
03E060
03B6E0
038DE0
036540
033D20
031560
02EE10
02C740
02A0D0
027AD0
025530
023030
020BC0
01E7D0
01C480
01A1B0
017F70
015DC0
013CA0
011C10
00FC10
00DCA0
00BDB0
009F60
008190
006450
0047A0
002B90
001010
FFF520
FFDAD0
FFC120
FFA800
FF8F70
FF7780
FF6030
FF4970
FF3340
FF1DB0
FF08B0
FEF450
FEE090
FECD50
FEBAB0
FEA890
FE96F0
FE85E0
FE7550
FE6550
FE55E0
FE46F0
FE3880
FE2AA0
FE1D50
FE1080
FE0430
FDF870
FDED40
FDE290
FDD840
FDCE60
FDC4F0
FDBBD0
FDB320
FDAAE0
FDA300
FD9B80
FD9470
FD8DC0
FD8780
FD8190
FD7C20
FD7710
FD7260
FD6E10
FD6A00
FD6630
FD6290
FD5F30
FD5C10
FD5920
FD5660
FD53E0
FD51A0
FD4F90
FD4DC0
FD4C30
FD4AC0
FD49A0
FD48B0
FD4800
FD4750
FD46A0
FD4600
FD4560
FD44D0
FD4440
FD43B0
FD4330
FD42B0
FD4230
FD41C0
FD4150
FD40F0
FD4090
FD4030
FD3FE0
FD3F60
FD3EB0
FD3DE0
FD3CF0
FD3BC0
FD3A80
FD3900
FD3760
FD3590
FD33A0
FD3180
FD2F40
FD2CD0
FD2A40
FD2770
FD2490
FD2150
FD1DC0
FD19E0
FD15B0
FD1130
FD0C60
FD0740
FD01C0
FCFC00
FCF5E0
FCEF80
FCE8C0
FCE1C0
FCDA60
FCD2B0
FCCAC0
FCC250
FCB990
FCB050
FCA6C0
FC9CC0
FC9250
FC8780
FC7C50
FC70B0
FC64A0
FC5830
FC4B60
FC3E20
FC3080
FC2280
FC1400
FC0520
FBF5E0
FBE620
FBD5F0
FBC560
FBB450
FBA2E0
FB9100
FB7EB0
FB6BF0
FB58C0
FB4520
FB3120
FB1CA0
FB07C0
FAF270
FADCC0
FAC6A0
FAB030
FA9950
FA8220
FA6A80
FA5280
FA3A20
FA2160
FA0840
F9EEC0
F9D4E0
F9BA90
F99FF0
F984E0
F96980
F94DD0
F931D0
F91590
F8F910
F8DC50
F8BF40
F8A1E0
F88450
F86670
F84840
F829D0
F80B20
F7EC20
F7CCE0
F7AD60
F78D90
F76DA0
F74DA0
F72D70
F70D20
F6ECC0
F6CC30
F6AB90
F68AD0
F669E0
F648E0
F627C0
F60680
F5E520
F5C3A0
F5A200
F58040
F55E90
F53CF0
F51B60
F4F9E0
F4D860
F4B700
F495A0
F47460
F45320
F431F0
F410D0
F3EFC0
F3CEC0
F3ADD0
F38CF0
F36C10
F34B80
F32B20
F30AF0
F2EB10
F2CB60
F2ABF0
F28CC0
F26DC0
F24F00
F23080
F21230
F1F430
F1D650
F1B8C0
F19B60
F17E50
F16190
F14540
F12940
F10DC0
F0F290
F0D7D0
F0BD70
F0A370
F089E0
F070B0
F057E0
F03F80
F02780
F00FE0
EFF8A0
EFE1D0
EFCB80
EFB5B0
EFA060
EF8B90
EF7740
EF6380
EF5030
EF3D70
EF2B30
EF1970
EF0830
EEF780
EEE740
EED790
EEC860
EEB9A0
EEAB90
EE9E00
EE9110
EE84B0
EE78E0
EE6DB0
EE6310
EE5900
EE4F90
EE46B0
EE3E60
EE36A0
EE2F80
EE28F0
EE2300
EE1D90
EE18D0
EE1490
EE10F0
EE0DF0
EE0B80
EE09B0
EE0870
EE07D0
EE07C0
EE0850
EE0970
EE0B30
EE0D80
EE1070
EE1400
EE1810
EE1CC0
EE2200
EE27D0
EE2E20
EE3510
EE3C90
EE4490
EE4D30
EE5650
EE6010
EE6A50
EE7520
EE8090
EE8C80
EE9900
EEA620
EEB3B0
EEC1B0
EED040
EEDF40
EEEEC0
EEFEC0
EF0F30
EF2030
EF31A0
EF4390
EF55F0
EF68D0
EF7C30
EF9010
EFA470
EFB940
EFCE80
EFE410
EFFA10
F01060
F02720
F03E40
F055C0
F06D90
F085D0
F09E80
F0B780
F0D0E0
F0EAA0
F104D0
F11F50
F13A40
F15570
F170E0
F18C90
F1A890
F1C4C0
F1E140
F1FE10
F21B10
F23860
F255F0
F273C0
F291E0
F2B040
F2CEE0
F2EDC0
F30CF0
F32C40
F34BB0
F36B50
F38B10
F3AAF0
F3CB00
F3EB40
F40B90
F42C10
F44CC0
F46D80
F48E80
F4AF90
F4D0D0
F4F240
F513C0
F53560
F55710
F578C0
F59A90
F5BC60
F5DE40
F60030
F62230
F64440
F66660
F68890
F6AAD0
F6CD10
F6EF70
F711D0
F73450
F756C0
F77930
F79B90
F7BDF0
F7E060
F802B0
F82510
F84760
F869B0
F88C00
F8AE40
F8D080
F8F2C0
F91500
F93730
F95960
F97B80
F99D90
F9BFA0
F9E190
FA0380
FA2560
FA4720
FA68E0
FA8A90
FAAC30
FACDC0
FAEF50
FB10C0
FB3230
FB5380
FB74D0
FB9600
FBB730
FBD840
FBF940
FC1A30
FC3B10
FC5BD0
FC7C90
FC9D30
FCBDD0
FCDE50
FCFEC0
FD1F10
FD3F60
FD5F90
FD7FC0
FD9FD0
FDBFD0
FDDFC0
FDFFB0
FE1F80
FE3F40
FE5EF0
FE7EA0
FE9E30
FEBDB0
FEDD20
FEFC80
FF1BD0
FF3B10
FF5A40
FF7970
FF9880
FFB790
FFD690
FFF580
001470
003350
005220
0070F0
008FB0
00AE60
00CD10
00EBB0
010A40
0128D0
014750
0165C0
018430
01A2A0
01C100
01DF60
01FDC0
021C20
023A70
0258C0
027700
029550
02B390
02D1C0
02F000
030E30
032C60
034A80
0368B0
0386D0
03A500
03C320
03E150
03FF70
041DA0
043BD0
0459F0
047820
049650
04B470
04D2A0
04F0C0
050EF0
052D20
054B50
056970
0587A0
05A5C0
05C3F0
05E220
060040
061E70
063CA0
065AC0
0678F0
069710
06B540
06D360
06F190
070FB0
072DD0
074BF0
076A10
078820
07A640
07C440
07E250
080050
081E50
083C50
085A40
087840
089630
08B410
08D1F0
08EFE0
090DB0
092B70
094920
0966C0
098460
09A1E0
09BF60
09DCC0
09FA20
0A1760
0A34A0
0A51D0
0A6EF0
0A8C00
0AA900
0AC5F0
0AE2C0
0AFF70
0B1C10
0B3880
0B54E0
0B7120
0B8D50
0BA950
0BC540
0BE110
0BFCC0
0C1850
0C33C0
0C4F20
0C6A60
0C8570
0CA060
0CBB20
0CD5B0
0CF020
0D0A50
0D2450
0D3E20
0D57C0
0D7130
0D8A80
0DA390
0DBC70
0DD530
0DEDB0
0E0610
0E1E30
0E3620
0E4DC0
0E6520
0E7C40
0E9320
0EA9C0
0EC010
0ED630
0EEC00
0F0190
0F16F0
0F2C00
0F40C0
0F5550
0F69A0
0F7DA0
0F9160
0FA4C0
0FB7D0
0FCA80
0FDCF0
0FEF10
1000D0
101240
102360
103430
1044A0
1054D0
1064A0
107420
108350
109220
10A0A0
10AEC0
10BC80
10C9D0
10D6D0
10E370
10EFB0
10FB80
110700
111220
111CE0
112740
113140
113AE0
114420
114CF0
115570
115D80
116530
116C70
117350
1179D0
117FE0
118580
118AD0
118FB0
119420
119830
119BE0
119F20
11A200
11A470
11A680
11A830
11A970
11AA50
11AAC0
11AAD0
11AA70
11A9B0
11A890
11A700
11A510
11A2B0
119FF0
119CC0
119930
119540
1190E0
118C30
118720
1181B0
117BD0
1175A0
116F10
116820
1160D0
115920
115120
1148B0
113FE0
1136B0
112D30
112340
111910
110E80
1103A0
10F870
10ECF0
10E120
10D4F0
10C880
10BBC0
10AEA0
10A130
109380
108570
107710
106860
105950
104A10
103A90
102AD0
101AD0
100AA0
0FFA20
0FE960
0FD870
0FC730
0FB5C0
0FA410
0F9220
0F7FE0
0F6D70
0F5AC0
0F47E0
0F34C0
0F2180
0F0E10
0EFA80
0EE6C0
0ED2E0
0EBED0
0EAA90
0E9630
0E81A0
0E6CE0
0E5800
0E4300
0E2DD0
0E1870
0E02E0
0DED50
0DD7A0
0DC1D0
0DAC00
0D9610
0D8010
0D69F0
0D53D0
0D3D90
0D2730
0D10D0
0CFA50
0CE3C0
0CCD20
0CB660
0C9F90
0C88C0
0C71F0
0C5B20
0C4440
0C2D70
0C1690
0BFFB0
0BE8D0
0BD1F0
0BBB10
0BA430
0B8D50
0B7670
0B5F80
0B4890
0B31B0
0B1AD0
0B03F0
0AED30
0AD670
0ABFC0
0AA920
0A9280
0A7BF0
0A6570
0A4F00
0A3890
0A2230
0A0BE0
09F5A0
09DF60
09C930
09B310
099D10
098720
097130
095B70
0945B0
093010
091A70
0904F0
08EF90
08DA30
08C4F0
08AFC0
089AA0
088590
0870A0
085BC0
0846F0
083230
081D80
0808F0
07F470
07E000
07CBB0
07B770
07A340
078F20
077B10
076720
075340
073F70
072BB0
071800
070470
06F0E0
06DD60
06C9E0
06B680
06A330
068FE0
067CB0
066980
065660
064350
063050
061D60
060A80
05F7A0
05E4D0
05D200
05BF30
05AC60
0599A0
0586D0
057410
056140
054E80
053BC0
052900
051650
050390
04F0E0
04DE30
04CB70
04B8C0
04A5F0
049310
048030
046D40
045A50
044740
043430
042110
040DE0
03FAA0
03E760
03D410
03C0B0
03AD40
0399D0
038640
037290
035EC0
034AE0
0336E0
0322C0
030E80
02FA30
02E5C0
02D130
02BC90
02A7D0
0292F0
027DF0
0268E0
0253B0
023E50
0228D0
021330
01FD50
01E760
01D130
01BAE0
01A470
018DD0
017710
016020
014900
0131C0
011A50
0102C0
00EB10
00D320
00BB00
00A2B0
008A30
007180
0058A0
003F80
002640
000CC0
FFF320
FFD940
FFBF30
FFA4F0
FF8A80
FF6FE0
FF5510
FF3A10
FF1ED0
FF0360
FEE7C0
FECBF0
FEAFF0
FE93B0
FE7740
FE5AA0
FE3DD0
FE20C0
FE0390
FDE620
FDC880
FDAAB0
FD8CA0
FD6E70
FD5010
FD3190
FD12D0
FCF3F0
FCD4F0
FCB5B0
FC9650
FC76C0
FC5710
FC3730
FC1720
FBF6E0
FBD680
FBB5E0
FB9530
FB7450
FB5360
FB3250
FB1130
FAEFE0
FACE90
FAAD10
FA8B80
FA69D0
FA4810
FA2620
FA0420
F9E210
F9BFE0
F99D90
F97B20
F958C0
F93650
F913E0
F8F170
F8CF00
F8AC90
F88A20
F867A0
F84530
F822C0
F80040
F7DDC0
F7BB50
F798D0
F77650
F753D0
F73170
F70F30
F6ED00
F6CB00
F6A910
F68750
F665A0
F64410
F622A0
F60150
F5E020
F5BF00
F59E10
F57D30
F55C70
F53BE0
F51B80
F4FB70
F4DBA0
F4BC10
F49CC0
F47DC0
F45F00
F44080
F42240
F40450
F3E6A0
F3C930
F3AC00
F38F20
F37270
F35620
F33A20
F31EA0
F30380
F2E8C0
F2CE70
F2B490
F29B20
F28210
F26970
F25130
F23960
F22200
F20B00
F1F470
F1DE50
F1C890
F1B360
F19EC0
F18AB0
F17730
F16440
F151E0
F14000
F12EC0
F11E00
F10DE0
F0FE40
F0EF30
F0E0B0
F0D2C0
F0C560
F0B890
F0AC60
F0A0F0
F09620
F08C00
F08280
F079C0
F071A0
F06A20
F06360
F05D40
F057D0
F05310
F04F00
F04B90
F048D0
F046C0
F04570
F044E0
F04510
F04600
F047B0
F04A20
F04D50
F05140
F05600
F05B70
F061A0
F068A0
F07050
F078D0
F08200
F08C00
F096C0
F0A250
F0AEA0
F0BBB0
F0C990
F0D840
F0E7B0
F0F7F0
F108F0
F11AC0
F12D50
F140B0
F154D0
F169B0
F17F70
F195E0
F1AD20
F1C520
F1DDE0
F1F760
F211B0
F22CB0
F24870
F26500
F28250
F2A060
F2BF30
F2DEC0
F2FF10
F32020
F34200
F36490
F387E0
F3ABD0
F3D070
F3F5B0
F41BB0
F44250
F469A0
F49190
F4BA40
F4E390
F50D90
F53840
F56390
F58FA0
F5BC50
F5E9A0
F61790
F645F0
F674F0
F6A460
F6D470
F704F0
F73600
F767A0
F799C0
F7CC70
F7FFA0
F83350
F86790
F89C60
F8D1B0
F90780
F93DB0
F97430
F9AB10
F9E240
FA19D0
FA51B0
FA89E0
FAC270
FAFB50
FB3490
FB6E20
FBA800
FBE240
FC1CE0
FC57C0
FC9310
FCCE70
FD09E0
FD4580
FD8130
FDBD00
FDF8F0
FE3500
FE7120
FEAD70
FEE9D0
FF2650
FF62E0
FF9FA0
FFDC70
001960
005670
009360
00D020
010CD0
014950
0185B0
01C1F0
01FE10
023A10
0275F0
02B1B0
02ED40
0328C0
036410
039F40
03DA60
041550
044FD0
048A00
04C3D0
04FD40
053650
056EF0
05A740
05DF20
0616B0
064DD0
068490
06BB00
06F100
0726A0
075BE0
0790C0
07C500
07F8B0
082BC0
085E40
089020
08C160
08F210
092220
0951A0
098070
09AEC0
09DC60
0A0980
0A35F0
0A61D0
0A8D10
0AB790
0AE140
0B0A30
0B3250
0B59A0
0B8030
0BA5F0
0BCAF0
0BEF20
0C1290
0C3530
0C5700
0C7810
0C9860
0CB7D0
0CD690
0CF450
0D1140
0D2D30
0D4850
0D6270
0D7BC0
0D9410
0DAB80
0DC210
0DD7B0
0DEC70
0E0040
0E1330
0E2530
0E3650
0E4680
0E55C0
0E6400
0E7160
0E7DB0
0E8920
0E9390
0E9D10
0EA590
0EAD20
0EB3C0
0EB960
0EBE20
0EC1D0
0EC4A0
0EC670
0EC740
0EC730
0EC630
0EC440
0EC160
0EBDA0
0EB8E0
0EB340
0EACA0
0EA520
0E9CB0
0E9350
0E8910
0E7DD0
0E71B0
0E6490
0E5690
0E47B0
0E3810
0E2790
0E1640
0E0410
0DF120
0DDD50
0DC8B0
0DB340
0D9D00
0D85E0
0D6DF0
0D5530
0D3BA0
0D2130
0D0600
0CEA20
0CCD90
0CB060
0C9290
0C7410
0C54F0
0C3520
0C14C0
0BF3A0
0BD1E0
0BAF80
0B8C80
0B68D0
0B4470
0B1F80
0AF9D0
0AD3D0
0AAD50
0A8670
0A5F20
0A3760
0A0F40
09E6B0
09BDB0
099450
096A80
094040
091590
08EA80
08BF00
089320
0866C0
083A50
080DB0
07E0E0
07B3F0
0786E0
0759A0
072C40
06FEC0
06D110
06A340
067540
064720
0618D0
05EA60
05BBD0
058D10
055E70
053000
0501A0
04D370
04A560
047770
0449A0
041BF0
03EE60
03C0F0
0393A0
036680
033970
030C90
02DFD0
02B320
0286F0
025B10
022FA0
020490
01D9F0
01AFB0
0185D0
015C50
013340
010A90
00E250
00BA70
0092F0
006BE0
004530
001EE0
FFF930
FFD430
FFAFC0
FF8BF0
FF68D0
FF4640
FF2450
FF0310
FEE260
FEC250
FEA2E0
FE8420
FE65F0
FE4860
FE2B70
FE0F30
FDF3B0
FDD8F0
FDBF00
FDA5E0
FD8D80
FD75F0
FD5F30
FD4930
FD3400
FD1FA0
FD0C00
FCF930
FCE720
FCD5E0
FCC570
FCB5C0
FCA700
FC9910
FC8C10
FC7FE0
FC74A0
FC6A40
FC60B0
FC5810
FC5050
FC4970
FC4370
FC3E50
FC3A20
FC36C0
FC3440
FC32B0
FC31F0
FC3220
FC3330
FC3510
FC37E0
FC3B90
FC4030
FC45A0
FC4BF0
FC5330
FC5B40
FC6440
FC6E20
FC78E0
FC8470
FC9100
FC9E40
FCAC60
FCBB40
FCCAF0
FCDB70
FCECB0
FCFEC0
FD11A0
FD2550
FD39C0
FD4F00
FD6510
FD7BE0
FD9380
FDABF0
FDC530
FDDF10
FDF980
FE14A0
FE3060
FE4CC0
FE69C0
FE8760
FEA5A0
FEC490
FEE410
FF0430
FF2500
FF4660
FF6870
FF8B20
FFAE60
FFD220
FFF630
001AB0
003F90
0064E0
008A90
00B0A0
00D720
00FE10
012550
014D00
017520
019D90
01C670
01EFC0
021970
024340
026D30
029740
02C180
02EBD0
031640
0340E0
036B90
039670
03C170
03EC80
0417C0
044320
046EA0
049A40
04C610
04F1A0
051D20
054870
057390
059E90
05C960
05F420
061EA0
064900
067340
069D60
06C740
06F110
071AB0
074420
076D80
079660
07BEE0
07E6F0
080E90
0835D0
085C90
088300
08A8F0
08CE80
08F3A0
091850
093CA0
096080
0983F0
09A700
09C990
09EB90
0A0CE0
0A2D90
0A4D90
0A6D00
0A8BC0
0AA9D0
0AC740
0AE410
0B0040
0B1BC0
0B36A0
0B50E0
0B6A70
0B8360
0B9BB0
0BB330
0BC9E0
0BDFC0
0BF4D0
0C0910
0C1C80
0C2F30
0C4100
0C5210
0C6250
0C71B0
0C8050
0C8E20
0C9B30
0CA760
0CB2C0
0CBD40
0CC6F0
0CCFB0
0CD790
0CDE90
0CE4A0
0CE9E0
0CEE40
0CF1B0
0CF450
0CF600
0CF6D0
0CF6C0
0CF5D0
0CF400
0CF150
0CEDC0
0CE950
0CE400
0CDDD0
0CD6D0
0CCEE0
0CC620
0CBC80
0CB200
0CA6A0
0C9A60
0C8D40
0C7F50
0C7070
0C60C0
0C5030
0C3ED0
0C2CC0
0C19E0
0C0630
0BF1D0
0BDCA0
0BC6A0
0BAFF0
0B9870
0B8030
0B6720
0B4D60
0B32C0
0B1770
0AFB50
0ADE80
0AC100
0AA2F0
0A8450
0A6510
0A4530
0A24C0
0A03C0
09E220
09BFF0
099D20
0979B0
0955C0
093120
090BF0
08E630
08BFD0
089910
087200
084A90
0822C0
07FA90
07D210
07A930
077FF0
075650
072C60
070210
06D760
06AC50
0680F0
065530
062910
05FCE0
05D090
05A430
0577B0
054B20
051E70
04F1B0
04C4D0
0497E0
046AD0
043DB0
041080
03E330
03B5C0
038840
035AB0
032D40
030000
02D2F0
02A610
027960
024CD0
022080
01F450
01C850
019C80
0170D0
014560
011A10
00EEF0
00C400
009940
006EE0
004500
001B80
FFF270
FFC9C0
FFA190
FF79C0
FF5260
FF2B70
FF04E0
FEDED0
FEB920
FE93E0
FE6F00
FE4AA0
FE26A0
FE0340
FDE080
FDBE60
FD9CE0
FD7C00
FD5BC0
FD3C10
FD1D10
FCFEA0
FCE0E0
FCC3B0
FCA720
FC8B30
FC6FE0
FC5530
FC3B20
FC21D0
FC0940
FBF160
FBDA50
FBC400
FBAE70
FB99A0
FB8590
FB7230
FB5FA0
FB4DD0
FB3CC0
FB2C70
FB1CE0
FB0E10
FAFFF0
FAF2B0
FAE630
FADA90
FACFB0
FAC590
FABC50
FAB3D0
FAAC20
FAA540
FA9F20
FA99E0
FA9560
FA91A0
FA8EC0
FA8CA0
FA8B60
FA8AD0
FA8B10
FA8C10
FA8DD0
FA9050
FA93A0
FA97B0
FA9C80
FAA220
FAA880
FAAFA0
FAB780
FAC030
FAC9A0
FAD3D0
FADED0
FAEA70
FAF6B0
FB03B0
FB1140
FB1F90
FB2E70
FB3E10
FB4E50
FB5F30
FB70C0
FB8300
FB95E0
FBA970
FBBDA0
FBD280
FBE800
FBFE00
FC1490
FC2B90
FC4310
FC5B00
FC7380
FC8C80
FCA5F0
FCBFE0
FCDA60
FCF550
FD10C0
FD2CB0
FD4920
FD6600
FD8370
FDA120
FDBF20
FDDD60
FDFBF0
FE1AD0
FE39F0
FE5960
FE7910
FE9910
FEB960
FED9F0
FEFAD0
FF1BF0
FF3D60
FF5F20
FF8120
FFA330
FFC560
FFE790
0009E0
002C30
004EA0
007120
0093B0
00B650
00D900
00FBC0
011E90
014170
016460
018770
01AA80
01CD70
01F050
0212F0
023580
0257F0
027A30
029C50
02BE50
02E030
0301F0
032380
0344F0
036650
038770
03A880
03C970
03EA00
040A50
042A50
044A00
046960
048860
04A720
04C5A0
04E3C0
050190
051F10
053C40
055930
0575C0
059210
05AE00
05C990
05E4B0
05FF60
0619A0
063380
064CF0
0665E0
067E80
0696A0
06AE50
06C5A0
06DC80
06F2F0
0708F0
071E80
0733B0
074860
075C90
077040
078370
079630
07A870
07BA40
07CB80
07DC50
07ECA0
07FC70
080BD0
081AA0
082900
0836F0
084450
085140
085DC0
0869C0
087540
088050
088AE0
089500
089EA0
08A7D0
08B080
08B8C0
08C080
08C7D0
08CEA0
08D500
08DAE0
08E060
08E570
08EA20
08EE60
08F240
08F5C0
08F8D0
08FB80
08FDC0
08FFA0
090120
090230
0902D0
090320
0902F0
090270
0901A0
090080
08FF10
08FD70
08FB70
08F930
08F6B0
08F3D0
08F0C0
08ED60
08E9B0
08E5B0
08E170
08DCF0
08D820
08D300
08CDC0
08C860
08C2E0
08BD30
08B760
08B160
08AB40
08A500
089EA0
089810
089160
088A90
0883A0
087C80
087540
086DD0
086670
085F00
0857A0
085040
0848D0
084170
083A10
0832A0
082B40
0823E0
081C80
081520
080DB0
080650
07FEF0
07F790
07F050
07E930
07E230
07DB50
07D4A0
07CE00
07C790
07C130
07BB00
07B4F0
07AEF0
07A920
07A370
079DF0
079880
079330
078E20
078940
0784A0
078030
077C00
077800
077440
0770C0
076D60
076A50
076760
0764C0
076240
076010
075E00
075C40
075AB0
075970
075860
0757A0
075720
0756E0
0756F0
075730
0757C0
075890
0759A0
075AF0
075C80
075E60
076070
0762D0
076560
076840
076B50
076EA0
077220
0775F0
0779F0
077E30
0782B0
078760
078C60
079190
079700
079CA0
07A290
07A8B0
07AF00
07B570
07BC10
07C2E0
07C9D0
07D0F0
07D830
07DFA0
07E740
07EF00
07F6F0
07FF00
080740
080FA0
081830
0820F0
0829B0
083280
083B50
084430
084D10
085600
085F00
086800
087110
087A20
088340
088C60
089590
089EC0
08A800
08B150
08BA70
08C380
08CC70
08D540
08DDF0
08E690
08EF00
08F760
08FF90
0907B0
090FB0
091790
091F50
092700
092E80
0935F0
093D10
0943E0
094A80
0950C0
0956C0
095C80
0961F0
096720
096C00
097090
0974E0
0978F0
097CB0
098030
098360
098650
0988D0
098AE0
098C80
098DB0
098E80
098ED0
098EC0
098E40
098D50
098BF0
098A20
0987F0
098540
098230
097EB0
097AC0
097650
097140
096BC0
0965A0
095F00
0957E0
095030
0947F0
093F30
0935E0
092C10
0921A0
0916C0
090B50
08FF50
08F2C0
08E5A0
08D7F0
08C9A0
08BAC0
08AB40
089B30
088A80
087940
086760
0854F0
0841F0
082E40
081A10
080540
07EFD0
07D9E0
07C340
07AC20
079470
077C30
076350
0749E0
072FF0
071560
06FA40
06DE80
06C240
06A570
068800
066A10
064B80
062C60
060CD0
05ECB0
05CC20
05AB20
0589A0
0567A0
054520
052230
04FEC0
04DAD0
04B670
049190
046C30
044660
042010
03F940
03D220
03AAC0
038300
035AF0
033290
0309E0
02E0D0
02B780
028DE0
0263E0
0239A0
020F00
01E420
01B8E0
018D50
016180
013580
010970
00DD40
00B100
008490
005810
002B80
FFFED0
FFD200
FFA510
FF7810
FF4AF0
FF1DB0
FEF060
FEC2F0
FE9560
FE6800
FE3AC0
FE0DA0
FDE0B0
FDB3E0
FD8740
FD5AC0
FD2E60
FD0230
FCD620
FCAA40
FC7E70
FC52E0
FC2760
FBFC10
FBD0F0
FBA630
FB7BD0
FB51E0
FB2850
FAFF30
FAD670
FAAE10
FA8630
FA5EA0
FA3780
FA10D0
F9EA80
F9C490
F99F10
F97A00
F95540
F93140
F90DD0
F8EB00
F8C8E0
F8A760
F88680
F86650
F846C0
F827D0
F80980
F7EBD0
F7CED0
F7B260
F796A0
F77B90
F76110
F74770
F72EA0
F716A0
F6FF70
F6E920
F6D390
F6BEE0
F6AB00
F697F0
F685B0
F67450
F663C0
F653F0
F64510
F636F0
F629A0
F61D50
F611E0
F60760
F5FDE0
F5F540
F5EDA0
F5E6E0
F5E110
F5DC40
F5D850
F5D550
F5D350
F5D230
F5D200
F5D2C0
F5D480
F5D720
F5DAC0
F5DF60
F5E4F0
F5EB70
F5F2F0
F5FB60
F604D0
F60F30
F61A90
F626D0
F63420
F64260
F65190
F661B0
F672E0
F684E0
F697D0
F6ABA0
F6C050
F6D5E0
F6EC60
F703C0
F71C10
F73540
F74F50
F76A40
F78620
F7A2E0
F7C080
F7DF10
F7FE80
F81EB0
F83F90
F86140
F883A0
F8A6C0
F8CA90
F8EF30
F91480
F93A90
F96160
F988F0
F9B140
F9DA40
FA0400
FA2E80
FA59C0
FA8580
FAB1C0
FADE70
FB0BB0
FB3970
FB67B0
FB9680
FBC5C0
FBF580
FC25C0
FC5680
FC87D0
FCB990
FCEBE0
FD1EA0
FD51F0
FD8570
FDB920
FDED10
FE2140
FE55A0
FE8A30
FEBF00
FEF410
FF2950
FF5EC0
FF9470
FFCA60
000080
0036D0
006D60
00A430
00DAE0
011170
0147F0
017E60
01B4B0
01EAE0
022110
025710
028D00
02C2E0
02F8A0
032E50
0363E0
039960
03CED0
040410
043900
046D80
04A1A0
04D560
0508B0
053BA0
056E30
05A060
05D220
060380
063470
066510
069540
06C510
06F470
072370
0751D0
077F80
07AC80
07D8F0
0804A0
082FB0
085A20
0883E0
08AD00
08D570
08FD40
092460
094AE0
0970B0
0995D0
09BA60
09DE00
0A00D0
0A22C0
0A43D0
0A6410
0A8370
0AA200
0ABFA0
0ADC70
0AF870
0B1380
0B2DC0
0B4720
0B5FB0
0B7760
0B8E30
0BA410
0BB8F0
0BCCE0
0BDFD0
0BF1D0
0C02D0
0C12E0
0C2200
0C3020
0C3D40
0C4970
0C54B0
0C5EF0
0C6840
0C7090
0C77E0
0C7E40
0C83A0
0C8810
0C8B70
0C8DE0
0C8F50
0C8FC0
0C8F30
0C8DB0
0C8B20
0C87A0
0C8320
0C7DB0
0C7730
0C6FC0
0C6750
0C5DF0
0C53B0
0C4880
0C3C70
0C2F70
0C2180
0C12B0
0C02F0
0BF250
0BE0C0
0BCE40
0BBAE0
0BA690
0B9160
0B7B40
0B6440
0B4C70
0B33F0
0B1AA0
0B0090
0AE5C0
0ACA30
0AADE0
0A90D0
0A7300
0A5470
0A3520
0A1500
09F430
09D290
09B040
098D20
096980
094550
0920A0
08FB60
08D5A0
08AF50
088870
086110
083930
0810B0
07E7C0
07BE30
079430
076990
073E70
0712D0
06E6E0
06BAB0
068E30
066170
063460
060710
05D980
05ABA0
057D80
054F10
052060
04F170
04C230
0492B0
0462F0
0432E0
0402C0
03D2B0
03A290
037270
034250
031230
02E210
02B1E0
0281B0
025180
022150
01F120
01C0E0
0190A0
016060
013020
010010
00D050
00A0C0
007160
004250
001370
FFE4D0
FFB670
FF8840
FF5A60
FF2CB0
FEFF30
FED200
FEA500
FE7840
FE4BC0
FE1FA0
FDF400
FDC8C0
FD9E00
FD73A0
FD49B0
FD2030
FCF710
FCCE70
FCA630
FC7E70
FC5710
FC3020
FC09A0
FBE390
FBBDF0
FB98E0
FB7460
FB5070
FB2D10
FB0A40
FAE800
FAC660
FAA540
FA84C0
FA64D0
FA4570
FA2690
FA0860
F9EAB0
F9CD90
F9B100
F99520
F979D0
F95F20
F94520
F92BC0
F912F0
F8FAD0
F8E350
F8CC70
F8B630
F8A090
F88B90
F87730
F86370
F85050
F83DE0
F82C00
F81AC0
F80A20
F7FA30
F7EAD0
F7DC10
F7CDF0
F7C070
F7B390
F7A750
F79BB0
F790B0
F78650
F77C80
F77360
F76AE0
F762E0
F75B80
F754A0
F74E50
F74890
F74350
F73EB0
F73A90
F73700
F733F0
F73180
F72F90
F72E30
F72D60
F72D20
F72D70
F72E20
F72F50
F730E0
F732E0
F73560
F73840
F73B90
F73F50
F74380
F74820
F74D30
F752B0
F75890
F75EF0
F765C0
F76CF0
F77480
F77C50
F78470
F78CD0
F79590
F79E90
F7A7E0
F7B170
F7BB60
F7C590
F7D010
F7DAD0
F7E5F0
F7F150
F7FD00
F80900
F81520
F82170
F82DE0
F83A80
F84740
F85430
F86150
F86E90
F87BF0
F88980
F89730
F8A510
F8B320
F8C150
F8CFA0
F8DE30
F8ECB0
F8FB50
F909F0
F918A0
F92760
F93620
F944F0
F953D0
F962C0
F971B0
F980B0
F98FC0
F99ED0
F9AE00
F9BD30
F9CC60
F9DB90
F9EAC0
F9F9E0
FA08F0
FA1800
FA2700
FA3600
FA44F0
FA53D0
FA62B0
FA7180
FA8050
FA8F10
FA9DD0
FAAC80
FABB20
FAC9C0
FAD840
FAE6C0
FAF530
FB0380
FB11D0
FB2010
FB2E50
FB3C70
FB4A80
FB5880
FB6680
FB7470
FB8240
FB9010
FB9DD0
FBAB80
FBB930
FBC6D0
FBD460
FBE1F0
FBEF70
FBFCF0
FC0A60
FC17C0
FC2520
FC3270
FC3FB0
FC4CF0
FC5A20
FC6750
FC7470
FC8190
FC8EC0
FC9C00
FCA940
FCB680
FCC3D0
FCD130
FCDE80
FCEBF0
FCF960
FD06D0
FD1450
FD21D0
FD2F60
FD3CF0
FD4A90
FD5840
FD6620
FD7410
FD8230
FD9060
FD9EB0
FDAD20
FDBBA0
FDCA50
FDD910
FDE800
FDF700
FE0620
FE1560
FE24C0
FE3430
FE43E0
FE53D0
FE63F0
FE7440
FE84D0
FE9590
FEA690
FEB7C0
FEC930
FEDAD0
FEECA0
FEFEB0
FF10F0
FF2370
FF3620
FF4910
FF5C40
FF6FC0
FF8390
FF97A0
FFAC00
FFC0B0
FFD5A0
FFEAE0
000070
001650
002C70
0042E0
0059A0
0070A0
0087F0
009F90
00B780
00CFC0
00E860
010150
011A90
013420
014E10
016850
0182E0
019DD0
01B900
01D4A0
01F080
020CB0
022940
024630
026360
0280E0
029EC0
02BCE0
02DB60
02FA20
031940
0338B0
035870
037880
0398E0
03B990
03DA90
03FBE0
041D90
043F80
0461B0
048420
04A6D0
04C9B0
04ECD0
051030
0533C0
055790
057BA0
059FE0
05C460
05E920
060E20
063350
0658C0
067E60
06A420
06CA00
06EFF0
0715F0
073C10
076250
0788A0
07AF00
07D580
07FC10
0822C0
084980
087060
089750
08BE50
08E580
090C80
093360
095A30
0980E0
09A770
09CDE0
09F440
0A1A80
0A40A0
0A66A0
0A8C80
0AB250
0AD800
0AFD90
0B2300
0B4860
0B6D60
0B9210
0BB660
0BDA60
0BFE00
0C2160
0C4450
0C6700
0C8950
0CAB40
0CCCF0
0CEE40
0D0F30
0D2FD0
0D5020
0D7010
0D8F70
0DAE40
0DCC80
0DEA20
0E0730
0E23C0
0E3FA0
0E5B00
0E75C0
0E8FF0
0EA990
0EC2A0
0EDB20
0EF300
0F0A50
0F2110
0F3700
0F4C30
0F6090
0F7430
0F8700
0F9910
0FAA50
0FBAC0
0FCA70
0FD960
0FE770
0FF4D0
100160
100D20
101810
102250
102B90
1033E0
103B40
1041B0
104730
104BC0
104F50
105200
1053C0
105490
105470
105350
105150
104E60
104A70
1045A0
103FC0
1038E0
103100
102820
101E30
101340
100750
0FFA60
0FEC60
0FDD70
0FCD70
0FBC60
0FAA60
0F9750
0F8340
0F6E30
0F5820
0F4110
0F2910
0F1000
0EF600
0EDB00
0EBF00
0EA210
0E8410
0E6520
0E4530
0E2440
0E0260
0DDF70
0DBB90
0D96B0
0D70F0
0D4A60
0D22E0
0CFA90
0CD160
0CA750
0C7C60
0C50A0
0C2400
0BF680
0BC820
0B98E0
0B68C0
0B37D0
0B0600
0AD350
0AA000
0A6C10
0A3770
0A0240
09CC60
0995E0
095EC0
092700
08EEA0
08B5A0
087BF0
0841B0
0806C0
07CB30
078F00
075220
071500
06D780
0699A0
065B80
061CF0
05DE20
059EF0
055F70
051F90
04DF60
049EE0
045E00
041CD0
03DB40
039960
035730
031500
02D2D0
0290A0
024E80
020C60
01CA40
018820
014610
0103F0
00C1E0
007FE0
003DD0
FFFBD0
FFB9D0
FF77D0
FF35D0
FEF430
FEB300
FE7220
FE31A0
FDF180
FDB1C0
FD7250
FD3350
FCF4B0
FCB660
FC7870
FC3AF0
FBFDC0
FBC0F0
FB8480
FB4870
FB0D10
FAD260
FA9870
FA5F20
FA2690
F9EEB0
F9B780
F98100
F94B30
F91610
F8E1B0
F8ADF0
F87AF0
F848A0
F81700
F7E620
F7B620
F78720
F75910
F72BF0
F6FFD0
F6D4A0
F6AA60
F68120
F658D0
F63170
F60B00
F5E590
F5C110
F59D80
F57AF0
F55940
F538C0
F51950
F4FB00
F4DDD0
F4C1C0
F4A6C0
F48CE0
F47420
F45C80
F445F0
F43080
F41C30
F40900
F3F6E0
F3E5E0
F3D600
F3C740
F3B9B0
F3AD40
F3A1F0
F397D0
F38ED0
F38700
F38050
F37AC0
F37660
F37320
F37110
F37020
F37050
F371A0
F37430
F377C0
F37C50
F38200
F388C0
F39090
F39960
F3A350
F3AE40
F3BA40
F3C750
F3D580
F3E4B0
F3F4F0
F40630
F41890
F42C00
F44040
F45560
F46B60
F48230
F499E0
F4B270
F4CBE0
F4E620
F50140
F51D30
F53A00
F557B0
F57640
F595A0
F5B5E0
F5D6F0
F5F8A0
F61AD0
F63D90
F660E0
F684C0
F6A930
F6CE20
F6F3B0
F719C0
F74060
F76790
F78F50
F7B7A0
F7E070
F809E0
F833D0
F85E00
F88850
F8B2E0
F8DDA0
F90890
F933C0
F95F10
F98AA0
F9B660
F9E250
FA0E70
FA3AD0
FA6760
FA9410
FAC100
FAEE30
FB1B20
FB47F0
FB7480
FBA0F0
FBCD30
FBF950
FC2530
FC50F0
FC7C80
FCA7E0
FCD310
FCFE10
FD28F0
FD53A0
FD7E20
FDA870
FDD240
FDFB80
FE2450
FE4C80
FE7440
FE9B70
FEC220
FEE840
FF0DF0
FF3300
FF57A0
FF7BB0
FF9F40
FFC240
FFE4D0
0006C0
002800
004860
006800
0086D0
00A4E0
00C220
00DE90
00FA40
011520
012F30
014880
016100
0178C0
018FB0
01A5D0
01BB20
01CF80
01E2F0
01F570
0206F0
021780
022710
0235B0
024350
025010
025BC0
026690
027060
027940
028120
028810
028E10
029300
029700
029A00
029BF0
029CF0
029CE0
029BE0
0299D0
0296C0
0292C0
028DB0
0287A0
0280A0
027890
026F80
026580
025A80
024EA0
0241D0
023410
022570
0215E0
020560
01F400
01E1B0
01CE70
01BA40
01A530
018F30
017840
016070
0147A0
012E30
011400
00F920
00DD80
00C130
00A420
008670
006800
0048D0
0028F0
000860
FFE710
FFC510
FFA260
FF7EF0
FF5AD0
FF3640
FF1150
FEEBF0
FEC620
FE9FF0
FE7950
FE5240
FE2AD0
FE02F0
FDDAB0
FDB200
FD88E0
FD5F60
FD3570
FD0B10
FCE050
FCB580
FC8AA0
FC5FA0
FC34A0
FC0990
FBDE70
FBB340
FB8810
FB5CC0
FB3160
FB05F0
FADA80
FAAEF0
FA8350
FA57B0
FA2BF0
FA0090
F9D570
F9AAA0
F98020
F955F0
F92C10
F90280
F8D930
F8B040
F88790
F85F30
F83720
F80F60
F7E7F0
F7C0D0
F79A00
F773D0
F74E40
F72950
F70500
F6E150
F6BE40
F69BE0
F67A10
F658F0
F63870
F61890
F5F950
F5DAB0
F5BCB0
F59F50
F582A0
F566C0
F54BD0
F531C0
F51890
F50050
F4E8F0
F4D260
F4BCC0
F4A810
F49430
F48140
F46F30
F45E00
F44DB0
F43E40
F42FC0
F42240
F415C0
F40A50
F3FFF0
F3F690
F3EE30
F3E6E0
F3E0A0
F3DB60
F3D720
F3D3F0
F3D1C0
F3D0A0
F3D080
F3D160
F3D360
F3D660
F3DA60
F3DF80
F3E5B0
F3ECE0
F3F530
F3FE80
F408E0
F41450
F420D0
F42E50
F43CF0
F44C90
F45D50
F46F10
F481E0
F495A0
F4AA50
F4BFF0
F4D690
F4EE10
F50680
F51FE0
F53A40
F55580
F571B0
F58EE0
F5ACF0
F5CBF0
F5EBF0
F60CD0
F62EB0
F65140
F67480
F69880
F6BD40
F6E2A0
F708D0
F72FB0
F75740
F77F90
F7A890
F7D250
F7FCC0
F827F0
F853D0
F88060
F8ADC0
F8DB70
F90990
F93820
F96710
F99670
F9C630
F9F660
FA26F0
FA57F0
FA8950
FABB10
FAED50
FB1FE0
FB52F0
FB8650
FBBA30
FBEE10
FC2200
FC55F0
FC8A00
FCBE10
FCF230
FD2660
FD5A90
FD8EE0
FDC330
FDF790
FE2BF0
FE6070
FE94F0
FEC990
FEFE20
FF3270
FF6670
FF9A20
FFCD80
000090
003350
0065C0
0097F0
00C9C0
00FB40
012C70
015D50
018DE0
01BE20
01EE10
021DC0
024CC0
027B10
02A8D0
02D5E0
030260
032E30
035950
0383E0
03ADC0
03D710
03FFB0
0427B0
044F00
0475C0
049BD0
04C140
04E5D0
050980
052C50
054E40
056F50
058F80
05AED0
05CD40
05EAC0
060770
062340
063E30
065830
067160
0689B0
06A110
06B780
06CCE0
06E130
06F490
0706E0
071830
072870
0737C0
074600
075330
075F70
076AA0
0774D0
077DF0
078620
078D30
079350
079860
079C60
079F60
07A150
07A240
07A220
07A0F0
079EC0
079B90
079750
079200
078BB0
078450
077BF0
077280
076820
075CD0
075090
074370
073550
072640
071640
070550
06F370
06E090
06CCD0
06B820
06A280
068BF0
067470
065BF0
0642C0
0628E0
060E30
05F2D0
05D6A0
05B9D0
059C30
057DD0
055EC0
053EF0
051E60
04FD20
04DB10
04B850
0494D0
0470A0
044BF0
0426C0
040120
03DB10
03B480
038D80
036610
033E20
0315B0
02ECE0
02C390
0299C0
026F80
0244D0
0219A0
01EE00
01C230
019640
016A30
013DE0
011180
00E4F0
00B830
008B50
005E40
003110
0003B0
FFD630
FFA880
FF7AB0
FF4CC0
FF1E90
FEF0A0
FEC2C0
FE9510
FE6790
FE3A20
FE0CF0
FDDFD0
FDB2E0
FD8620
FD5970
FD2D00
FD00A0
FCD470
FCA870
FC7C80
FC50D0
FC2570
FBFA90
FBD000
FBA5F0
FB7C30
FB52F0
FB2A00
FB0190
FAD980
FAB1D0
FA8A90
FA63B0
FA3D40
FA1740
F9F1A0
F9CC60
F9A7C0
F983C0
F96050
F93D80
F91B50
F8F9B0
F8D8B0
F8B840
F89870
F87940
F85AA0
F83CA0
F81F40
F80270
F7E630
F7CAA0
F7AFB0
F79570
F77BF0
F76310
F74AE0
F73360
F71CA0
F70680
F6F110
F6DC60
F6C850
F6B4F0
F6A240
F69050
F67F00
F66E60
F65E70
F64F30
F640B0
F632D0
F625A0
F61920
F60D40
F60220
F5F7B0
F5EDF0
F5E4E0
F5DC70
F5D4C0
F5CDB0
F5C760
F5C1B0
F5BCA0
F5B820
F5B430
F5B0E0
F5AE20
F5ABF0
F5AA50
F5A950
F5A8E0
F5A900
F5A9C0
F5AB10
F5ACF0
F5AF70
F5B270
F5B620
F5BA20
F5BE90
F5C370
F5C8C0
F5CE70
F5D480
F5DB00
F5E1F0
F5E940
F5F100
F5F930
F601C0
F60AB0
F61420
F61DE0
F62820
F63280
F63D20
F647F0
F652F0
F65E20
F66980
F67510
F680E0
F68CD0
F69900
F6A560
F6B1F0
F6BEB0
F6CBB0
F6D8D0
F6E630
F6F380
F700D0
F70E10
F71B50
F72880
F735B0
F742E0
F75000
F75D20
F76A30
F77740
F78440
F79140
F79E40
F7AB30
F7B820
F7C4D0
F7D150
F7DD90
F7E9A0
F7F570
F80110
F80C70
F817A0
F822A0
F82D60
F837E0
F84230
F84C50
F85630
F85FD0
F86950
F87260
F87B20
F88380
F88B80
F89330
F89A70
F8A170
F8A800
F8AE40
F8B420
F8B9A0
F8BED0
F8C3A0
F8C810
F8CC30
F8CFE0
F8D340
F8D630
F8D8B0
F8DAD0
F8DC80
F8DDE0
F8DEC0
F8DF40
F8DF60
F8DF10
F8DE60
F8DD40
F8DBC0
F8D9D0
F8D780
F8D4C0
F8D1B0
F8CE30
F8CA50
F8C620
F8C180
F8BC90
F8B730
F8B170
F8AB60
F8A4E0
F89E10
F896D0
F88F40
F88740
F87EF0
F87630
F86D40
F86400
F85A90
F850D0
F846E0
F83CB0
F83230
F82780
F81C90
F81160
F805E0
F7FA30
F7EE40
F7E210
F7D5A0
F7C8E0
F7BC20
F7AF50
F7A270
F79580
F78870
F77B60
F76E30
F76100
F753B0
F74660
F738F0
F72B80
F71DF0
F71050
F702A0
F6F4F0
F6E750
F6D9F0
F6CCB0
F6BFA0
F6B2B0
F6A600
F69960
F68D00
F680C0
F674B0
F668C0
F65D10
F65170
F64610
F63AD0
F62FC0
F62510
F61AD0
F610F0
F60770
F5FE60
F5F5B0
F5ED60
F5E580
F5DE00
F5D6F0
F5D040
F5C9F0
F5C410
F5BE90
F5B980
F5B4C0
F5B0B0
F5AD30
F5AA50
F5A800
F5A650
F5A540
F5A4C0
F5A4E0
F5A5A0
F5A6F0
F5A8E0
F5AB60
F5AE80
F5B240
F5B690
F5BB80
F5C130
F5C7A0
F5CED0
F5D6C0
F5DF60
F5E8D0
F5F2F0
F5FDD0
F60970
F615D0
F622F0
F630D0
F63F70
F64ED0
F65EE0
F66FC0
F68160
F693D0
F6A700
F6BB00
F6CFD0
F6E560
F6FBC0
F712E0
F72AD0
F74390
F75D10
F77760
F79270
F7AE60
F7CB00
F7E880
F806B0
F825A0
F84550
F865B0
F886E0
F8A8C0
F8CB60
F8EEC0
F912D0
F937A0
F95D40
F98390
F9AA90
F9D260
F9FAE0
FA2430
FA4E00
FA7870
FAA360
FACEF0
FAFB20
FB27D0
FB5520
FB8300
FBB170
FBE070
FC1000
FC4030
FC70F0
FCA240
FCD420
FD06A0
FD3970
FD6C90
FDA000
FDD3D0
FE07F0
FE3C60
FE7130
FEA650
FEDBC0
FF1190
FF47B0
FF7E20
FFB4F0
FFEC10
002380
005B50
009320
00CAF0
0102C0
013A90
017270
01AA50
01E230
021A10
0251F0
0289E0
02C1D0
02F9C0
0331B0
0369A0
03A1A0
03D9A0
041150
0448A0
047FA0
04B650
04ECA0
0522A0
055850
058DB0
05C2C0
05F770
062BD0
065FD0
069380
06C6E0
06F9F0
072CB0
075EC0
079020
07C0E0
07F0F0
082060
084F20
087D30
08AAA0
08D760
090380
092EF0
0959B0
0983D0
09AD50
09D610
09FE40
0A2570
0A4BB0
0A7100
0A9560
0AB8D0
0ADB50
0AFCE0
0B1D70
0B3D20
0B5BE0
0B79B0
0B9680
0BB270
0BCD60
0BE770
0C0080
0C1880
0C2F50
0C4500
0C5990
0C6D00
0C7F40
0C9070
0CA070
0CAF60
0CBD20
0CC9C0
0CD540
0CDFA0
0CE8E0
0CF0F0
0CF7F0
0CFDB0
0D0230
0D0590
0D07A0
0D0890
0D0830
0D06B0
0D03F0
0CFFF0
0CFAC0
0CF460
0CECC0
0CE3E0
0CD9E0
0CCE90
0CC220
0CB470
0CA5A0
0C95A0
0C8480
0C7230
0C5EB0
0C4A00
0C3430
0C1D30
0C0510
0BEBB0
0BD130
0BB580
0B98B0
0B7AB0
0B5B80
0B3B50
0B1A20
0AF7F0
0AD4C0
0AB090
0A8B60
0A6530
0A3E00
0A15D0
09ECA0
09C260
099730
096B00
093DC0
090F90
08E050
08B060
087FB0
084E50
081C30
07E950
07B5C0
078170
074C60
0716A0
06E020
06A8F0
067100
063850
05FEE0
05C4C0
0589F0
054EB0
051310
04D710
049AC0
045E00
0420E0
03E360
03A580
036740
0328A0
02E9A0
02AA40
026A80
022A60
01E9E0
01A900
016820
012740
00E670
00A5A0
0064D0
002400
FFE330
FFA270
FF61B0
FF20F0
FEE030
FE9F70
FE5EC0
FE1E10
FDDD60
FD9CC0
FD5C80
FD1CA0
FCDD30
FC9E20
FC5F70
FC2130
FBE360
FBA5F0
FB68E0
FB2C40
FAF010
FAB440
FA78D0
FA3DD0
FA0330
F9C8F0
F98F80
F956C0
F91ED0
F8E790
F8B120
F87B60
F84660
F81220
F7DEA0
F7ABE0
F779E0
F748A0
F71820
F6E860
F6B960
F68B10
F65DD0
F63190
F60660
F5DC30
F5B2F0
F58AD0
F563A0
F53D80
F51850
F4F440
F4D120
F4AF00
F48DF0
F46DE0
F44EE0
F430D0
F41400
F3F850
F3DDC0
F3C470
F3AC40
F39540
F37F70
F36AD0
F35750
F34500
F333E0
F323F0
F31520
F30780
F2FB10
F2EFD0
F2E5C0
F2DCE0
F2D540
F2CEE0
F2C9B0
F2C5B0
F2C2F0
F2C160
F2C100
F2C1F0
F2C400
F2C750
F2CBD0
F2D190
F2D890
F2E0B0
F2EA00
F2F470
F30010
F30CC0
F31AA0
F329A0
F339C0
F34B10
F35D70
F37100
F385B0
F39B90
F3B280
F3CAA0
F3E3D0
F3FE40
F41990
F435E0
F45320
F47150
F49080
F4B0A0
F4D1B0
F4F3C0
F516C0
F53AB0
F55FA0
F58580
F5AC60
F5D420
F5FCE0
F626A0
F65100
F67C20
F6A7F0
F6D470
F701A0
F72F80
F75E20
F78D70
F7BD70
F7EE20
F81F80
F85190
F88460
F8B7E0
F8EC00
F920F0
F95630
F98BD0
F9C1E0
F9F850
FA2F20
FA6660
FA9DF0
FAD5F0
FB0E50
FB4710
FB8040
FBB9D0
FBF3C0
FC2E10
FC68C0
FCA3E0
FCDF10
FD1A50
FD55A0
FD9110
FDCC90
FE0820
FE43C0
FE7F80
FEBB50
FEF730
FF3320
FF6F30
FFAB50
FFE780
0023D0
006020
009C50
00D830
0113F0
014F70
018AB0
01C5C0
0200A0
023B40
0275B0
02AFF0
02E9F0
0323B0
035D40
0396A0
03CFC0
0408B0
044130
047930
04B0D0
04E7F0
051EB0
0554F0
058AC0
05C020
05F510
062990
065D90
069130
06C460
06F710
072950
075B30
078C60
07BD00
07ED00
081C70
084B40
087970
08A700
08D400
090060
092C30
095750
0981E0
09ABE0
09D530
09FDF0
0A2620
0A4D90
0A7460
0A9A80
0AC000
0AE4D0
0B08F0
0B2C70
0B4F30
0B7160
0B92D0
0BB3A0
0BD3C0
0BF330
0C1200
0C3020
0C4D90
0C6A60
0C8690
0CA210
0CBCE0
0CD710
0CF0A0
0D0990
0D21D0
0D3960
0D5050
0D66A0
0D7C40
0D9140
0DA5A0
0DB950
0DCC50
0DDED0
0DF0C0
0E0210
0E12E0
0E2320
0E32D0
0E41F0
0E5080
0E5E80
0E6BF0
0E78D0
0E8520
0E90F0
0E9C20
0EA6C0
0EB0E0
0EBA80
0EC3C0
0ECCA0
0ED500
0EDD00
0EE4A0
0EEBC0
0EF280
0EF8D0
0EFEC0
0F0430
0F0950
0F0DF0
0F1230
0F1600
0F1960
0F1C90
0F1F70
0F2210
0F2470
0F26A0
0F2880
0F2A20
0F2B80
0F2CB0
0F2D90
0F2E30
0F2E90
0F2EB0
0F2E90
0F2E30
0F2D90
0F2CE0
0F2C10
0F2B30
0F2A40
0F2930
0F2810
0F26E0
0F2590
0F2430
0F22C0
0F2130
0F1F90
0F1DE0
0F1C20
0F1A40
0F1840
0F1660
0F1480
0F12B0
0F10F0
0F0F30
0F0D80
0F0BE0
0F0A50
0F08C0
0F0740
0F05D0
0F0460
0F0300
0F01B0
0F0070
0EFF30
0EFE20
0EFD20
0EFC50
0EFBA0
0EFB10
0EFAB0
0EFA60
0EFA40
0EFA30
0EFA50
0EFA90
0EFB00
0EFB80
0EFC20
0EFCF0
0EFDE0
0EFEF0
0F0030
0F0190
0F0310
0F04C0
0F06A0
0F08A0
0F0AC0
0F0D00
0F0F70
0F1210
0F14D0
0F17B0
0F1AC0
0F1DF0
0F2150
0F24C0
0F2860
0F2C10
0F2FE0
0F33D0
0F37E0
0F3C00
0F4050
0F44B0
0F4930
0F4DD0
0F5290
0F5770
0F5C70
0F6180
0F66C0
0F6BF0
0F7130
0F7670
0F7BC0
0F8110
0F8660
0F8BB0
0F9100
0F9660
0F9BC0
0FA120
0FA690
0FAC00
0FB170
0FB6E0
0FBC60
0FC1C0
0FC700
0FCC20
0FD120
0FD610
0FDAD0
0FDF80
0FE410
0FE880
0FECE0
0FF110
0FF530
0FF930
0FFD10
1000D0
100470
1007D0
100AF0
100DD0
101070
1012C0
1014D0
1016A0
101830
101970
101A70
101B30
101BB0
101BF0
101BE0
101BA0
101B10
101A10
1018B0
1016F0
1014C0
101230
100F30
100BD0
100810
1003E0
0FFF50
0FFA50
0FF4F0
0FEF20
0FE8F0
0FE250
0FDB60
0FD3E0
0FCBE0
0FC350
0FBA50
0FB0D0
0FA6D0
0F9C50
0F9140
0F85C0
0F79B0
0F6D30
0F6020
0F52A0
0F4490
0F3600
0F2700
0F1760
0F0730
0EF680
0EE540
0ED370
0EC100
0EAE10
0E9AA0
0E8690
0E71F0
0E5CD0
0E4710
0E30D0
0E1A00
0E02A0
0DEAB0
0DD230
0DB930
0D9FA0
0D8590
0D6B00
0D4FE0
0D3430
0D1800
0CFB40
0CDE00
0CC030
0CA1E0
0C8300
0C63A0
0C43B0
0C2330
0C0250
0BE0F0
0BBF20
0B9CE0
0B7A30
0B5700
0B3360
0B0F50
0AEAD0
0AC5E0
0AA070
0A7AA0
0A5450
0A2D90
0A0650
09DEB0
09B6C0
098E80
0965F0
093D10
0913F0
08EA80
08C0C0
0896C0
086C70
0841D0
0816E0
07EBA0
07C020
079450
076830
073BD0
070F50
06E2B0
06B5F0
068920
065C30
062F20
060200
05D4C0
05A760
0579F0
054C50
051EB0
04F0E0
04C300
049500
0466E0
0438E0
040B00
03DD40
03AFA0
038210
0354A0
032750
02FA20
02CD00
02A000
027320
024660
0219C0
01ED30
01C0D0
019480
016880
013CD0
011170
00E670
00BBB0
009150
006740
003D80
001410
FFEB00
FFC230
FF99C0
FF7190
FF49C0
FF2240
FEFB10
FED460
FEAE30
FE8880
FE6340
FE3E90
FE1A60
FDF6A0
FDD370
FDB0B0
FD8E70
FD6CC0
FD4B80
FD2AC0
FD0A80
FCEAC0
FCCB70
FCACD0
FC8ED0
FC7160
FC5490
FC3860
FC1CD0
FC01D0
FBE780
FBCDC0
FBB4A0
FB9C20
FB8430
FB6CF0
FB5640
FB4030
FB2AC0
FB1600
FB01E0
FAEE60
FADB90
FAC960
FAB7E0
FAA700
FA96C0
FA8730
FA7850
FA6A00
FA5C70
FA4F70
FA4320
FA3780
FA2C80
FA2220
FA1850
FA0F30
FA06A0
F9FEB0
F9F760
F9F0B0
F9EAA0
F9E520
F9E050
F9DC10
F9D870
F9D560
F9D300
F9D130
F9D010
F9CF60
F9CF30
F9CF70
F9D040
F9D180
F9D340
F9D580
F9D830
F9DB70
F9DF20
F9E350
F9E800
F9ED20
F9F2D0
F9F8F0
F9FF90
FA0680
FA0DC0
FA1540
FA1D20
FA2540
FA2DB0
FA3670
FA3F80
FA48E0
FA5280
FA5C80
FA66C0
FA7150
FA7C30
FA8760
FA92E0
FA9E70
FAAA10
FAB5C0
FAC180
FACD60
FAD940
FAE540
FAF150
FAFD70
FB09A0
FB15E0
FB2240
FB2EA0
FB3B20
FB47B0
FB5440
FB60C0
FB6D00
FB7920
FB8510
FB90E0
FB9C80
FBA7F0
FBB330
FBBE50
FBC940
FBD410
FBDEA0
FBE910
FBF360
FBFD70
FC0760
FC10F0
FC1A20
FC22E0
FC2B40
FC3340
FC3AD0
FC4210
FC48E0
FC4F50
FC5550
FC5B00
FC6040
FC6510
FC6990
FC6DA0
FC7160
FC7480
FC7710
FC7910
FC7A80
FC7B70
FC7BC0
FC7B80
FC7AC0
FC7960
FC7780
FC7500
FC71F0
FC6E60
FC6A40
FC6580
FC6040
FC5A50
FC53C0
FC4C90
FC44B0
FC3C30
FC3310
FC2940
FC1ED0
FC13B0
FC0800
FBFBA0
FBEE90
FBE0E0
FBD290
FBC3A0
FBB400
FBA3C0
FB92E0
FB8150
FB6F20
FB5C50
FB48E0
FB34C0
FB2000
FB0AA0
FAF4A0
FADDF0
FAC6A0
FAAEB0
FA9610
FA7CE0
FA62F0
FA4890
FA2DA0
FA1220
F9F620
F9D9A0
F9BC90
F99EF0
F980D0
F96220
F942F0
F92340
F902F0
F8E230
F8C0E0
F89F00
F87CA0
F859E0
F836E0
F81370
F7EFC0
F7CBB0
F7A750
F78290
F75D80
F73820
F71260
F6EC50
F6C5F0
F69F30
F67820
F650C0
F62900
F60130
F5D960
F5B180
F58980
F56180
F53970
F51150
F4E920
F4C0F0
F498A0
F47050
F447E0
F41F70
F3F6F0
F3CE60
F3A5C0
F37D60
F35550
F32D70
F305E0
F2DE90
F2B780
F290C0
F26A30
F243F0
F21DF0
F1F830
F1D2B0
F1AD70
F18870
F163C0
F13F50
F11B70
F0F830
F0D580
F0B360
F091E0
F07100
F050A0
F030F0
F011C0
EFF330
EFD540
EFB7E0
EF9B10
EF7EE0
EF6340
EF4830
EF2E10
EF14D0
EEFC60
EEE4E0
EECE40
EEB880
EEA3A0
EE8FA0
EE7C80
EE6A40
EE58E0
EE4870
EE38D0
EE2A10
EE1C40
EE0F40
EE0360
EDF8A0
EDEEF0
EDE660
EDDEE0
EDD880
EDD330
EDCF00
EDCBE0
EDC9E0
EDC900
EDC930
EDCA70
EDCCD0
EDD050
EDD4E0
EDDAB0
EDE1B0
EDE9E0
EDF340
EDFDE0
EE09C0
EE16C0
EE2510
EE3480
EE4530
EE5710
EE6A20
EE7E70
EE93F0
EEAAB0
EEC2A0
EEDBC0
EEF620
EF11A0
EF2E60
EF4C50
EF6B70
EF8BD0
EFAD50
EFD010
EFF410
F01930
F03F90
F06710
F08FD0
F0B9D0
F0E4F0
F11130
F13E70
F16CD0
F19C40
F1CCC0
F1FE40
F230E0
F26490
F29950
F2CF20
F30600
F33E00
F37700
F3B110
F3EC30
F42870
F46570
F4A340
F4E1D0
F52140
F56170
F5A270
F5E440
F626E0
F66A40
F6AE70
F6F370
F73940
F77FD0
F7C730
F80F60
F85860
F8A1D0
F8EBA0
F935F0
F980B0
F9CBD0
FA1770
FA6370
FAAFF0
FAFCD0
FB4A30
FB97F0
FBE630
FC34D0
FC83F0
FCD370
FD2360
FD7360
FDC350
FE1350
FE6340
FEB340
FF0340
FF5340
FFA340
FFF340
004340
009340
00E350
013350
018360
01D360
022370
027300
02C230
0310E0
035F30
03AD00
03FA60
044750
0493C0
04DFD0
052B70
057690
05C150
060B90
065560
069EC0
06E7B0
072FC0
0776F0
07BD40
0802B0
084740
088AF0
08CDC0
090FB0
0950C0
0990F0
09D040
0A0EB0
0A4C40
0A88F0
0AC4C0
0AFFB0
0B3960
0B71D0
0BA910
0BDF10
0C13D0
0C4760
0C79B0
0CAAC0
0CDA90
0D0920
0D3680
0D62A0
0D8D90
0DB730
0DDFA0
0E06D0
0E2C80
0E50C0
0E7380
0E94C0
0EB480
0ED2C0
0EEF90
0F0AE0
0F24B0
0F3D10
0F53E0
0F6940
0F7D30
0F8F90
0FA080
0FAFE0
0FBDC0
0FC9F0
0FD490
0FDDA0
0FE510
0FEAE0
0FEF20
0FF1C0
0FF2C0
0FF230
0FF000
0FEC30
0FE6D0
0FDFE0
0FD740
0FCD20
0FC160
0FB410
0FA530
0F94C0
0F82C0
0F6F20
0F5A00
0F4350
0F2B10
0F1140
0EF5D0
0ED8E0
0EBA60
0E9A40
0E78A0
0E5560
0E30D0
0E0AD0
0DE370
0DBAB0
0D9080
0D6500
0D3810
0D09D0
0CDA20
0CA910
0C7690
0C42C0
0C0D90
0BD6F0
0B9EF0
0B6590
0B2B20
0AEFA0
0AB300
0A7550
0A36A0
09F6D0
09B5F0
0973F0
0930F0
08ECD0
08A7B0
086170
081A20
07D1C0
078840
073DC0
06F290
06A6B0
065A20
060CF0
05BF20
0570A0
052170
04D190
048110
042FE0
03DE10
038B90
033860
02E490
029010
023AE0
01E580
018FF0
013A30
00E430
008E00
0037A0
FFE100
FF8A40
FF3330
FEDC00
FE8490
FE2D00
FDD520
FD7D20
FD24E0
FCCC70
FC7440
FC1C50
FBC4B0
FB6D50
FB1630
FABF50
FA68B0
FA1250
F9BC40
F96670
F910E0
F8BB90
F86690
F811D0
F7BD40
F76910
F71580
F6C2A0
F67070
F61EF0
F5CE20
F57E00
F52EA0
F4DFE0
F491D0
F44470
F3F7D0
F3ABD0
F36080
F315E0
F2CC00
F282C0
F23A90
F1F370
F1AD50
F16830
F12420
F0E120
F09F20
F05E30
F01E40
EFDF60
EFA190
EF64C0
EF28F0
EEEE30
EEB480
EE7BD0
EE4460
EE0E40
EDD950
EDA5A0
ED7340
ED4210
ED1220
ECE380
ECB610
EC89F0
EC5F00
EC3560
EC0D00
EBE5D0
EBBFF0
EB9B50
EB7800
EB5610
EB3560
EB1620
EAF830
EADB90
EAC040
EAA650
EA8DB0
EA7670
EA6080
EA4BF0
EA38B0
EA26C0
EA1620
EA06F0
E9F8F0
E9EC40
E9E0E0
E9D6C0
E9CDE0
E9C650
E9C010
E9BB10
E9B760
E9B4F0
E9B3C0
E9B3F0
E9B550
E9B800
E9BC00
E9C140
E9C7A0
E9CF10
E9D7A0
E9E140
E9EC00
E9F7E0
EA04D0
EA12D0
EA21F0
EA3230
EA4390
EA55F0
EA6980
EA7E20
EA93D0
EAAAB0
EAC250
EADAB0
EAF3F0
EB0DF0
EB28D0
EB4470
EB60E0
EB7E20
EB9C30
EBBB00
EBDAB0
EBFB20
EC1C60
EC3E70
EC6150
EC84F0
ECA910
ECCDA0
ECF290
ED1800
ED3DE0
ED6420
ED8AE0
EDB210
EDD9B0
EE01C0
EE2A30
EE5320
EE7C80
EEA650
EED090
EEFB40
EF2600
EF50C0
EF7BA0
EFA680
EFD180
EFFC80
F02790
F052B0
F07DE0
F0A910
F0D460
F0FFB0
F12B10
F15690
F18210
F1AD90
F1D8D0
F203C0
F22E60
F258B0
F282B0
F2AC50
F2D5B0
F2FEC0
F32770
F34FE0
F37800
F39FC0
F3C740
F3EE70
F41540
F43BD0
F461B0
F48700
F4ABB0
F4CFC0
F4F340
F51610
F53850
F559E0
F57AE0
F59B40
F5BB00
F5DA20
F5F8B0
F61690
F633E0
F65080
F66C60
F68760
F6A190
F6BAF0
F6D370
F6EB20
F70200
F71800
F72D40
F741A0
F75520
F767E0
F779C0
F78AD0
F79B00
F7AA70
F7B8E0
F7C670
F7D310
F7DEC0
F7E990
F7F360
F7FC50
F80460
F80B70
F811A0
F816E0
F81B30
F81E90
F82110
F82290
F82340
F822F0
F821D0
F81FC0
F81CC0
F818F0
F81430
F80E80
F80800
F80080
F7F830
F7EEF0
F7E4D0
F7D9D0
F7CDE0
F7C110
F7B350
F7A4E0
F795A0
F785B0
F774F0
F76380
F75150
F73E50
F72AA0
F71630
F700F0
F6EB00
F6D450
F6BCE0
F6A4A0
F68BB0
F67200
F657D0
F63D10
F621E0
F60620
F5E9E0
F5CD30
F5AFF0
F59230
F573F0
F55520
F535E0
F51620
F4F5D0
F4D510
F4B3C0
F491F0
F46FF0
F44DC0
F42B60
F408C0
F3E600
F3C300
F39FD0
F37C70
F358D0
F33510
F31110
F2ECF0
F2C890
F2A3F0
F27F30
F25A40
F23570
F210C0
F1EC30
F1C7D0
F1A390
F17F70
F15B70
F137A0
F113F0
F0F060
F0CCF0
F0A9B0
F08690
F063A0
F040C0
F01E10
EFFBD0
EFDA10
EFB8C0
EF97F0
EF7790
EF57A0
EF3830
EF1940
EEFAC0
EEDCB0
EEBF20
EEA200
EE8560
EE6930
EE4D70
EE3240
EE17C0
EDFDF0
EDE4F0
EDCCB0
EDB530
ED9E60
ED8860
ED7310
ED5E90
ED4AC0
ED37B0
ED2560
ED13E0
ED0310
ECF300
ECE3A0
ECD540
ECC7D0
ECBB60
ECAFD0
ECA530
EC9B90
EC92D0
EC8B10
EC8440
EC7E60
EC7970
EC7570
EC7260
EC7040
EC6F10
EC6EE0
EC6FB0
EC7190
EC7480
EC7870
EC7D70
EC8380
EC8AA0
EC92C0
EC9C00
ECA640
ECB180
ECBDE0
ECCB40
ECD9B0
ECE930
ECF9B0
ED0B40
ED1DE0
ED3180
ED4630
ED5BE0
ED7290
ED8A60
EDA320
EDBCF0
EDD7D0
EDF3C0
EE10A0
EE2EA0
EE4DA0
EE6DA0
EE8EB0
EEB0B0
EED390
EEF760
EF1C10
EF41C0
EF6850
EF8FC0
EFB820
EFE170
F00BB0
F036D0
F062E0
F08FE0
F0BDC0
F0EC90
F11C40
F14CB0
F17DE0
F1AFB0
F1E250
F21590
F24990
F27E40
F2B3B0
F2E9D0
F320B0
F35840
F39080
F3C980
F40330
F43DA0
F478C0
F4B450
F4F050
F52CC0
F569B0
F5A700
F5E4D0
F62300
F661B0
F6A0D0
F6E050
F72050
F760C0
F7A1A0
F7E2F0
F824B0
F866F0
F8A940
F8EBC0
F92E60
F97120
F9B400
F9F710
FA3A40
FA7D90
FAC100
FB04A0
FB4860
FB8C40
FBD040
FC1470
FC58B0
FC9D20
FCE170
FD2580
FD6970
FDAD40
FDF0D0
FE3440
FE7790
FEBAA0
FEFD90
FF4060
FF82F0
FFC560
0007B0
0049C0
008BB0
00CD80
010ED0
014FB0
019030
01D030
020FD0
024F00
028DB0
02CC00
0309E0
034740
038440
03C0D0
03FCF0
0438A0
0473E0
04AEB0
04E8E0
052260
055B40
059380
05CB10
060200
063840
066DE0
06A2E0
06D730
070AE0
073DF0
077050
07A210
07D330
0803A0
083350
086230
089050
08BDB0
08EA40
091610
094110
096B50
0994D0
09BD80
09E560
0A0C90
0A32F0
0A5880
0A7D50
0AA160
0AC490
0AE700
0B0890
0B2950
0B4950
0B6870
0B86B0
0BA430
0BC0E0
0BDCB0
0BF7C0
0C11F0
0C2B50
0C43E0
0C5BA0
0C7290
0C88B0
0C9E10
0CB2B0
0CC680
0CD990
0CEBD0
0CFD50
0D0E10
0D1E00
0D2D20
0D3B90
0D4920
0D5600
0D6210
0D6D50
0D77E0
0D81B0
0D8AE0
0D9370
0D9B50
0DA280
0DA910
0DAEF0
0DB430
0DB8C0
0DBCB0
0DBFF0
0DC280
0DC470
0DC5C0
0DC650
0DC650
0DC5C0
0DC4C0
0DC340
0DC140
0DBEC0
0DBBC0
0DB850
0DB450
0DAFE0
0DAAF0
0DA590
0D9FA0
0D9940
0D9260
0D8B00
0D8320
0D7B00
0D7290
0D69E0
0D60E0
0D5790
0D4E00
0D4420
0D3A00
0D2F90
0D24E0
0D19E0
0D0E90
0D0300
0CF730
0CEB00
0CDEA0
0CD220
0CC580
0CB8D0
0CAC10
0C9F30
0C9240
0C8540
0C7830
0C6B00
0C5DB0
0C5050
0C42E0
0C3560
0C27C0
0C1A10
0C0C40
0BFE90
0BF100
0BE380
0BD610
0BC8C0
0BBB90
0BAE70
0BA170
0B9480
0B87B0
0B7B00
0B6E60
0B61D0
0B5560
0B4900
0B3CD0
0B30C0
0B24F0
0B1960
0B0E10
0B02F0
0AF800
0AED60
0AE2F0
0AD8B0
0ACEB0
0AC4F0
0ABB60
0AB210
0AA8F0
0AA010
0A9770
0A8F10
0A8700
0A7F40
0A77D0
0A70B0
0A69D0
0A6340
0A5D00
0A5700
0A5160
0A4C00
0A46F0
0A4220
0A3DB0
0A3980
0A35A0
0A3210
0A2EC0
0A2BD0
0A2920
0A26C0
0A24B0
0A22F0
0A2170
0A2040
0A1F60
0A1ED0
0A1E90
0A1E90
0A1EE0
0A1F90
0A2070
0A21A0
0A2310
0A24B0
0A26A0
0A28C0
0A2B20
0A2DC0
0A30A0
0A33B0
0A3710
0A3AA0
0A3E70
0A4280
0A46D0
0A4B60
0A5030
0A5520
0A5A20
0A5F50
0A6490
0A6A00
0A6F80
0A7530
0A7B00
0A80E0
0A86E0
0A8D10
0A9350
0A99C0
0AA040
0AA6E0
0AADB0
0AB460
0ABB20
0AC1D0
0AC870
0ACF10
0AD5B0
0ADC40
0AE2C0
0AE940
0AEFC0
0AF630
0AFCA0
0B0300
0B0950
0B0FB0
0B15F0
0B1C10
0B21F0
0B27B0
0B2D30
0B3280
0B37A0
0B3C90
0B4140
0B45D0
0B4A20
0B4E40
0B5230
0B55F0
0B5980
0B5CD0
0B6000
0B62C0
0B6530
0B6750
0B6900
0B6A60
0B6B60
0B6C10
0B6C50
0B6C40
0B6BE0
0B6B10
0B69F0
0B6870
0B6690
0B6460
0B61D0
0B5EC0
0B5B40
0B5730
0B52B0
0B4DC0
0B4840
0B4250
0B3BE0
0B34F0
0B2D90
0B25B0
0B1D50
0B1470
0B0B20
0B0140
0AF700
0AEC20
0AE0B0
0AD4B0
0AC810
0ABAF0
0AAD40
0A9F00
0A9020
0A80C0
0A70C0
0A6040
0A4F20
0A3D70
0A2B30
0A1860
0A0510
09F110
09DC90
09C760
09B1B0
099B60
098480
096D00
0954F0
093C50
092310
090940
08EEE0
08D3E0
08B850
089C20
087F60
086210
084440
0825E0
0806F0
07E770
07C770
07A6E0
0785C0
076410
0741E0
071F20
06FBD0
06D800
06B3A0
068EB0
066930
064350
061CF0
05F620
05CEE0
05A730
057F10
055690
052D90
050410
04DA30
04AFE0
048520
0459F0
042E50
040230
03D5B0
03A8E0
037BC0
034E60
0320B0
02F2C0
02C480
0295F0
026710
0237F0
020890
01D8E0
01A8E0
017890
014800
011730
00E600
00B4C0
008370
0051F0
002060
FFEEC0
FFBCF0
FF8B10
FF5920
FF2700
FEF4D0
FEC280
FE9020
FE5DA0
FE2B00
FDF850
FDC570
FD92C0
FD6020
FD2D90
FCFB20
FCC8C0
FC9680
FC6450
FC3240
FC0040
FBCE60
FB9C90
FB6AE0
FB3940
FB07C0
FAD650
FAA4F0
FA73E0
FA4320
FA12A0
F9E270
F9B280
F982D0
F95370
F92450
F8F580
F8C700
F898C0
F86AC0
F83D10
F80FA0
F7E280
F7B5A0
F78930
F75D40
F731B0
F706A0
F6DBF0
F6B1C0
F68800
F65EB0
F635C0
F60D50
F5E550
F5BDC0
F596A0
F57000
F549C0
F523F0
F4FEB0
F4DA00
F4B5E0
F49250
F46F50
F44CD0
F42AF0
F40990
F3E8C0
F3C880
F3A8D0
F389B0
F36B20
F34D10
F32FA0
F312B0
F2F660
F2DAB0
F2BFA0
F2A530
F28B60
F27220
F25990
F24190
F22A30
F21370
F1FD50
F1E7D0
F1D2E0
F1BEA0
F1AAF0
F197E0
F18570
F173A0
F16270
F151E0
F141E0
F13290
F123D0
F115B0
F10830
F0FB50
F0EF10
F0E360
F0D860
F0CDF0
F0C420
F0BB00
F0B260
F0AA50
F0A2D0
F09BE0
F09590
F08FC0
F08A80
F085E0
F081C0
F07E40
F07B40
F078D0
F07700
F075C0
F07500
F074E0
F07530
F075F0
F07730
F078F0
F07B20
F07DC0
F080E0
F08470
F08880
F08D00
F09200
F09770
F09D60
F0A3C0
F0AA90
F0B1E0
F0B980
F0C180
F0C9D0
F0D280
F0DB80
F0E4D0
F0EE80
F0F880
F102E0
F10D80
F11890
F123F0
F12FA0
F13BA0
F14800
F154C0
F161A0
F16EC0
F17C10
F18990
F19740
F1A530
F1B340
F1C190
F1D010
F1DEC0
F1EDA0
F1FCC0
F20C10
F21B80
F22B30
F23B20
F24B10
F25B10
F26B20
F27B50
F28B80
F29BC0
F2AC10
F2BC80
F2CCF0
F2DD80
F2EE10
F2FEB0
F30F70
F32030
F33110
F341F0
F352D0
F363A0
F37470
F38520
F395D0
F3A680
F3B710
F3C7A0
F3D820
F3E8A0
F3F910
F40970
F419C0
F42A10
F43A50
F44A80
F45AA0
F46A90
F47A70
F48A20
F499C0
F4A940
F4B8A0
F4C7E0
F4D700
F4E600
F4F4E0
F503B0
F51250
F520E0
F52F40
F53D90
F54BB0
F559B0
F56790
F57540
F582D0
F59040
F59D90
F5AAB0
F5B7B0
F5C480
F5D130
F5DDC0
F5EA30
F5F670
F60290
F60E80
F61A60
F62610
F631A0
F63D10
F64870
F65390
F65EA0
F66990
F67460
F67F00
F68990
F693F0
F69E30
F6A850
F6B250
F6BC30
F6C600
F6CFB0
F6D960
F6E2F0
F6EC70
F6F5E0
F6FF40
F70890
F711C0
F71AF0
F72400
F72D00
F735F0
F73ED0
F74790
F75050
F75900
F761C0
F76A80
F77350
F77C10
F784E0
F78DB0
F79680
F79F50
F7A830
F7B110
F7B9F0
F7C2D0
F7CBB0
F7D4A0
F7DD80
F7E690
F7EFB0
F7F8F0
F80250
F80BD0
F81560
F81F10
F828E0
F832D0
F83CD0
F846F0
F85130
F85B90
F86610
F870A0
F87B50
F88630
F89150
F89CA0
F8A820
F8B3D0
F8BFC0
F8CBD0
F8D830
F8E4B0
F8F160
F8FE50
F90B70
F918D0
F92650
F93410
F94200
F95030
F95EB0
F96D80
F97C80
F98BD0
F99B60
F9AB40
F9BB60
F9CBD0
F9DC80
F9ED70
F9FEB0
FA1030
FA21F0
FA3400
FA4650
FA58F0
FA6BE0
FA7F20
FA92B0
FAA690
FABAC0
FACF40
FAE410
FAF930
FB0E90
FB2450
FB3A60
FB50B0
FB6760
FB7E50
FB95A0
FBAD30
FBC500
FBDD30
FBF590
FC0E50
FC2750
FC40A0
FC5A30
FC7410
FC8E30
FCA8A0
FCC360
FCDE60
FCF9B0
FD1540
FD3130
FD4D40
FD6990
FD8620
FDA2E0
FDBFD0
FDDD00
FDFA70
FE1800
FE35E0
FE53F0
FE7230
FE90B0
FEAF60
FECE50
FEED80
FF0CD0
FF2C50
FF4BE0
FF6B80
FF8B40
FFAB10
FFCB00
FFEB10
000B20
002B60
004BB0
006C10
008C90
00AD30
00CDE0
00EEA0
010F90
013060
015120
0171D0
019270
01B300
01D380
01F3F0
021450
0234A0
0254F0
027520
029540
02B550
02D550
02F540
031530
0334D0
035430
037350
039230
03B0D0
03CF30
03ED50
040B20
0428C0
044620
046340
048010
049CB0
04B900
04D520
04F0F0
050C60
052750
0541D0
055BE0
057590
058EC0
05A780
05BFD0
05D7B0
05EF20
060620
061CB0
0632C0
064870
065DB0
067270
0686A0
069A30
06AD20
06BF80
06D140
06E260
06F2E0
0702C0
071210
0720B0
072EC0
073C40
074910
075550
0760E0
076BF0
077630
077FB0
078880
079090
0797E0
079E70
07A440
07A960
07ADC0
07B160
07B440
07B670
07B7D0
07B880
07B870
07B7A0
07B600
07B3A0
07B070
07AC60
07A790
07A1F0
079B80
079450
078C40
078370
0779D0
076F60
076420
075810
074B30
073D90
072F20
071FE0
070FD0
06FF00
06ED50
06DAF0
06C7B0
06B3B0
069EE0
068940
0672E0
065BA0
0643A0
062AE0
061150
05F6E0
05DBD0
05C000
05A390
058650
056870
0549D0
052A80
050A80
04E9C0
04C850
04A630
048350
045FD0
043B90
041690
03F0F0
03CAB0
03A3F0
037CB0
0354E0
032C80
030390
02DA20
02B020
028590
025A80
022EE0
0202B0
01D600
01A8C0
017B00
014CA0
011E00
00EF10
00BFD0
009040
006060
003030
FFFFB0
FFCEE0
FF9DC0
FF6C50
FF3A90
FF0890
FED630
FEA380
FE7090
FE3D40
FE09F0
FDD690
FDA330
FD6FC0
FD3C40
FD08C0
FCD530
FCA1A0
FC6E00
FC3A50
FC06A0
FBD2E0
FB9F10
FB6B40
FB3760
FB0380
FACFE0
FA9C70
FA6950
FA3670
FA03D0
F9D180
F99F60
F96D80
F93BF0
F90A90
F8D980
F8A8B0
F87810
F847C0
F817B0
F7E7F0
F7B8A0
F789E0
F75BB0
F72E10
F700E0
F6D450
F6A840
F67CB0
F651B0
F62740
F5FD50
F5D3F0
F5AB10
F582C0
F55AF0
F533B0
F50D30
F4E780
F4C290
F49E60
F47B00
F45860
F43680
F41570
F3F520
F3D590
F3B6D0
F398D0
F37BA0
F35F30
F34380
F32890
F30EA0
F2F5A0
F2DD80
F2C660
F2B030
F29AF0
F28690
F27330
F260C0
F24F40
F23EB0
F22F10
F22070
F212B0
F205E0
F1FA00
F1EF30
F1E560
F1DC90
F1D4D0
F1CE10
F1C860
F1C3A0
F1C000
F1BD50
F1BBB0
F1BB20
F1BB90
F1BD00
F1BF70
F1C2F0
F1C780
F1CD00
F1D390
F1DB10
F1E3A0
F1ED30
F1F7C0
F20350
F20FF0
F21D80
F22C10
F23BB0
F24C50
F25DF0
F27090
F28430
F298D0
F2AE60
F2C4C0
F2DC10
F2F440
F30D50
F32750
F34220
F35DE0
F37A80
F39810
F3B670
F3D5C0
F3F5F0
F41700
F438F0
F45BC0
F47F50
F4A380
F4C860
F4EDF0
F51420
F53B10
F562B0
F58AF0
F5B3E0
F5DD80
F607D0
F632D0
F65E80
F68AD0
F6B7E0
F6E590
F713B0
F74230
F77110
F7A060
F7D020
F80030
F830B0
F861A0
F892E0
F8C4A0
F8F6B0
F92930
F95C10
F98F60
F9C310
F9F730
FA2B60
FA5FA0
FA93F0
FAC850
FAFCD0
FB3160
FB6600
FB9AC0
FBCF90
FC0470
FC3960
FC6E70
FCA380
FCD8B0
FD0E00
FD4350
FD7870
FDAD40
FDE1E0
FE1630
FE4A40
FE7E10
FEB1A0
FEE4F0
FF1800
FF4AD0
FF7D60
FFAFA0
FFE1B0
001370
004500
007640
00A700
00D720
0106B0
0135C0
016430
019220
01BF70
01EC30
021870
024410
026F30
0299B0
02C3A0
02ED10
0315E0
033E30
0365A0
038C50
03B220
03D720
03FB60
041EC0
044150
046310
048410
04A430
04C380
04E200
04FFB0
051C90
0538A0
0553F0
056E30
058770
059FC0
05B720
05CD70
05E2D0
05F730
060A90
061D00
062E60
063EE0
064E50
065CD0
066A50
0676D0
068250
068CD0
069640
069EA0
06A600
06AC50
06B190
06B5C0
06B8F0
06BB00
06BC10
06BC20
06BB10
06B900
06B5E0
06B1C0
06AC80
06A650
069F10
0696E0
068DA0
068370
067830
066C00
065EC0
065080
064150
063110
061FD0
060D90
05FA50
05E610
05D0E0
05BAC0
05A3D0
058C00
057350
0559D0
053F70
052440
050820
04EB40
04CD70
04AED0
048F50
046F00
044DD0
042BC0
0408D0
03E550
03C130
039C70
037710
035110
032A80
030340
02DB70
02B300
0289F0
026040
0235F0
020B10
01DF80
01B360
0186A0
015990
012C30
00FE80
00D080
00A220
007380
004490
001550
FFE5C0
FFB5E0
FF85B0
FF5530
FF2460
FEF340
FEC1D0
FE9010
FE5E50
FE2CA0
FDFAF0
FDC950
FD97B0
FD6610
FD3480
FD02F0
FCD170
FC9FF0
FC6E70
FC3D00
FC0B90
FBDA30
FBA8D0
FB7770
FB4670
FB15D0
FAE590
FAB5A0
FA8610
FA56E0
FA2810
F9F990
F9CB70
F99DB0
F97050
F94340
F91690
F8EA40
F8BE40
F892B0
F867B0
F83D70
F813D0
F7EAD0
F7C280
F79AD0
F773D0
F74D80
F727D0
F702C0
F6DE60
F6BAB0
F697A0
F67540
F65380
F63260
F61230
F5F2E0
F5D470
F5B6E0
F59A40
F57E70
F56390
F54990
F53070
F51830
F500E0
F4EA60
F4D4D0
F4C020
F4AC50
F49960
F48780
F476A0
F466C0
F457F0
F44A20
F43D50
F43190
F426D0
F41D10
F41460
F40CB0
F40610
F40070
F3FBD0
F3F840
F3F5B0
F3F430
F3F3C0
F3F460
F3F610
F3F8C0
F3FC90
F40160
F40750
F40E40
F41650
F41F60
F42980
F434B0
F44100
F44E50
F45CA0
F46C00
F47C60
F48DB0
F4A000
F4B360
F4C7A0
F4DCF0
F4F340
F50A80
F522C0
F53C00
F55640
F57180
F58DB0
F5AAE0
F5C920
F5E820
F607F0
F628A0
F64A10
F66C60
F68F80
F6B370
F6D830
F6FDD0
F72430
F74B70
F77380
F79C60
F7C610
F7F090
F81BE0
F847D0
F87440
F8A150
F8CF00
F8FD30
F92C00
F95B60
F98B50
F9BBD0
F9ECF0
FA1E90
FA50D0
FA83A0
FAB710
FAEB10
FB1F90
FB5470
FB8990
FBBEF0
FBF4B0
FC2AA0
FC60E0
FC9770
FCCE50
FD0560
FD3CD0
FD7480
FDAC80
FDE4C0
FE1D40
FE5620
FE8F30
FEC850
FF0160
FF3A60
FF7360
FFAC60
FFE560
001E40
005730
009010
00C8F0
0101C0
013A90
017350
01AC10
01E4C0
021D80
0255E0
028DF0
02C5A0
02FD10
033430
036AF0
03A170
03D790
040D60
0442E0
047810
04ACF0
04E180
0515C0
0549A0
057D40
05B040
05E2B0
0614A0
0645F0
0676B0
06A6D0
06D670
070580
0733F0
0761E0
078F30
07BBF0
07E820
0813C0
083ED0
086940
089300
08BC00
08E430
090BB0
093270
095870
097DA0
09A220
09C5E0
09E8E0
0A0B20
0A2CA0
0A4D50
0A6D50
0A8C90
0AAB10
0AC8B0
0AE580
0B0170
0B1C90
0B36D0
0B5030
0B68C0
0B8080
0B9760
0BAD60
0BC290
0BD6E0
0BEA50
0BFD00
0C0EC0
0C1FB0
0C2FC0
0C3F00
0C4D60
0C5AF0
0C67A0
0C7370
0C7E70
0C8890
0C91D0
0C9A40
0CA1E0
0CA890
0CAE70
0CB380
0CB7B0
0CBB00
0CBD90
0CBF60
0CC060
0CC0A0
0CC020
0CBEE0
0CBCD0
0CBA00
0CB670
0CB210
0CACF0
0CA710
0CA070
0C9900
0C90D0
0C87D0
0C7E40
0C7410
0C6940
0C5DD0
0C51C0
0C4520
0C37D0
0C29F0
0C1B60
0C0C40
0BFC80
0BEC20
0BDB20
0BC990
0BB750
0BA480
0B9140
0B7D90
0B6980
0B5500
0B4010
0B2AC0
0B1510
0AFEE0
0AE850
0AD160
0ABA00
0AA230
0A8A00
0A7160
0A5850
0A3EE0
0A2540
0A0B70
09F170
09D740
09BCE0
09A250
098790
096CA0
095180
093630
091AB0
08FF10
08E330
08C720
08AAF0
088E80
087220
0855D0
083990
081D50
080120
07E500
07C8F0
07ACE0
0790E0
0774F0
075910
073D30
072160
070590
06E9E0
06CE30
06B2C0
069790
067CA0
0661F0
064770
062D40
061340
05F990
05E010
05C6D0
05ADD0
059510
057C90
056450
054C40
053480
051D20
050620
04EF90
04D960
04C390
04AE30
049940
0484A0
047070
045CB0
044950
043650
0423C0
041190
03FFD0
03EE60
03DD80
03CD20
03BD30
03ADD0
039EE0
039070
038280
037510
036810
035BA0
034FA0
034420
033920
032EA0
0324A0
031B10
031210
030990
0301A0
02FA30
02F340
02ECD0
02E6F0
02E190
02DCC0
02D870
02D4A0
02D150
02CE90
02CC50
02CAA0
02C960
02C8B0
02C870
02C8B0
02C960
02CAA0
02CC50
02CE80
02D120
02D440
02D7E0
02DC00
02E090
02E5A0
02EB30
02F130
02F7B0
02FE90
0305E0
030D90
0315A0
031E20
032700
033040
0339E0
0343F0
034E60
035930
036470
037000
037C00
038870
039530
03A240
03AF90
03BD30
03CB10
03D930
03E790
03F640
040530
041460
0423D0
043390
044390
0453D0
046460
047530
048640
049770
04A8C0
04BA40
04CBD0
04DD80
04EF50
050140
051350
052580
0537D0
054A40
055CD0
056F70
058240
059530
05A840
05BB40
05CE50
05E150
05F450
060740
061A40
062D30
064020
065300
0665E0
0678D0
068BA0
069E80
06B150
06C430
06D6F0
06E9A0
06FC20
070E90
0720D0
0732E0
0744E0
0756B0
076860
0779F0
078B50
079CA0
07ADC0
07BEB0
07CF90
07E040
07F0E0
080130
081150
082140
0830F0
084070
084FB0
085EB0
086D90
087C20
088A80
0898B0
08A6A0
08B460
08C1E0
08CF20
08DC40
08E900
08F590
0901E0
090DE0
0919A0
092520
093060
093B50
094610
095080
095AB0
096490
096E40
0977A0
0980C0
0989A0
099240
099A90
09A2B0
09AA80
09B210
09B970
09C080
09C750
09CDD0
09D420
09DA30
09DFF0
09E570
09EAB0
09EFC0
09F470
09F900
09FD50
0A0160
0A0540
0A08F0
0A0C50
0A0F90
0A1290
0A1550
0A17E0
0A1A30
0A1C50
0A1E30
0A1FE0
0A2160
0A2290
0A23B0
0A24A0
0A2570
0A2610
0A2690
0A26F0
0A2720
0A2730
0A2720
0A26E0
0A2680
0A2600
0A2550
0A2480
0A2380
0A2270
0A2140
0A2000
0A1EB0
0A1D50
0A1BE0
0A1A60
0A18D0
0A1730
0A1580
0A13C0
0A11E0
0A1000
0A0E10
0A0C10
0A09F0
0A07D0
0A05B0
0A0390
0A0170
09FF50
09FD40
09FB30
09F920
09F710
09F510
09F300
09F100
09EF00
09ED10
09EB10
09E920
09E730
09E550
09E380
09E1D0
09E020
09DE90
09DD10
09DBA0
09DA40
09D900
09D7C0
09D6A0
09D590
09D490
09D3A0
09D2C0
09D200
09D150
09D0B0
09D030
09CFD0
09CF80
09CF50
09CF30
09CF20
09CF40
09CF60
09CFB0
09D000
09D080
09D100
09D1B0
09D260
09D340
09D420
09D520
09D630
09D750
09D890
09D9E0
09DB40
09DCB0
09DE40
09DFE0
09E1A0
09E370
09E550
09E740
09E950
09EB60
09ED70
09EF90
09F1B0
09F3D0
09F600
09F830
09FA60
09FCA0
09FEE0
0A0120
0A0360
0A05B0
0A0810
0A0A60
0A0CC0
0A0F10
0A1140
0A1370
0A1580
0A1780
0A1970
0A1B50
0A1D10
0A1ED0
0A2070
0A2200
0A2380
0A24F0
0A2650
0A2790
0A28D0
0A29D0
0A2AA0
0A2B40
0A2BA0
0A2BE0
0A2BE0
0A2BC0
0A2B60
0A2AC0
0A2A00
0A2900
0A27E0
0A2680
0A24F0
0A2330
0A2130
0A1EF0
0A1C50
0A1950
0A1610
0A1270
0A0E80
0A0A40
0A05A0
0A00B0
09FB70
09F5D0
09EFF0
09E9A0
09E310
09DC20
09D4F0
09CD30
09C510
09BC70
09B360
09A9D0
099FE0
099570
098A80
097F30
097360
096710
095A60
094D30
093F90
093170
0922F0
0913D0
090430
08F3F0
08E330
08D1E0
08C000
08ADA0
089AA0
088720
087310
085E70
084940
083380
081D40
080670
07EF00
07D710
07BE70
07A540
078B70
077110
075600
073A70
071E30
070160
06E3F0
06C5F0
06A750
068810
066830
0647C0
0626C0
060510
05E2D0
05C000
059C90
057890
0553F0
052EB0
0508E0
04E270
04BB70
0493E0
046BA0
0442D0
041970
03EF70
03C4E0
0399C0
036E20
0341F0
031540
02E810
02BA50
028C10
025D50
022E00
01FE30
01CDD0
019CF0
016B90
0139A0
010730
00D430
00A0E0
006D20
003900
000470
FFCF90
FF9A40
FF6490
FF2E80
FEF810
FEC130
FE89F0
FE5250
FE1A50
FDE1F0
FDA920
FD7000
FD36A0
FCFD10
FCC350
FC8960
FC4F40
FC14F0
FBDA70
FB9FC0
FB64E0
FB29D0
FAEE90
FAB320
FA7770
FA3BA0
F9FFA0
F9C360
F98740
F94B20
F90F10
F8D300
F89710
F85B20
F81F40
F7E370
F7A7A0
F76BE0
F73030
F6F490
F6B8F0
F67D70
F641F0
F60670
F5CB50
F59080
F555F0
F51BC0
F4E1D0
F4A840
F46EF0
F435F0
F3FD40
F3C4F0
F38CE0
F35520
F31DB0
F2E690
F2AFC0
F27930
F24340
F20DE0
F1D910
F1A4D0
F17120
F13E00
F10B80
F0D980
F0A810
F07730
F046F0
F01730
EFE810
EFB970
EF8B70
EF5DF0
EF3150
EF0570
EEDA60
EEB020
EE86B0
EE5E00
EE3620
EE0F10
EDE8D0
EDC360
ED9EB0
ED7AE0
ED57D0
ED3590
ED1410
ECF370
ECD3C0
ECB510
EC9760
EC7AA0
EC5EE0
EC4420
EC2A50
EC1180
EBF9B0
EBE2E0
EBCD00
EBB830
EBA440
EB9160
EB7F70
EB6E80
EB5EA0
EB4FE0
EB4240
EB35B0
EB2A40
EB1FE0
EB16A0
EB0E70
EB0760
EB0160
EAFC80
EAF8C0
EAF610
EAF480
EAF400
EAF490
EAF650
EAF930
EAFD30
EB0250
EB0880
EB0FE0
EB1860
EB2200
EB2CC0
EB38B0
EB45B0
EB53D0
EB6310
EB7370
EB8500
EB97A0
EBAB60
EBC020
EBD600
EBECF0
EC04F0
EC1E00
EC3830
EC5360
EC6FB0
EC8D10
ECAB80
ECCB00
ECEB90
ED0D30
ED2FF0
ED53B0
ED7870
ED9E10
EDC4A0
EDEC20
EE1490
EE3DF0
EE6840
EE9370
EEBFA0
EEECB0
EF1AB0
EF49A0
EF7980
EFAA50
EFDC00
F00EB0
F04210
F07620
F0AAF0
F0E070
F116A0
F14D90
F18540
F1BDA0
F1F6B0
F23080
F26B00
F2A630
F2E230
F31ED0
F35C30
F39A40
F3D8D0
F417C0
F45730
F49700
F4D750
F51810
F55940
F59AE0
F5DCF0
F61F70
F66270
F6A5D0
F6E9B0
F72DF0
F772B0
F7B7E0
F7FD30
F842A0
F88840
F8CDF0
F913D0
F959E0
F9A000
F9E650
FA2CC0
FA7350
FABA00
FB00E0
FB47E0
FB8F00
FBD640
FC1DB0
FC64F0
FCAC00
FCF2E0
FD39A0
FD8030
FDC690
FE0CC0
FE52D0
FE98B0
FEDE70
FF23F0
FF6950
FFAE80
FFF390
003870
007D20
00C150
010510
014860
018B40
01CDA0
020F90
025100
029200
02D290
0312B0
035250
039170
03D020
040E60
044C30
048980
04C620
050210
053D40
0577C0
05B190
05EAB0
062310
065AC0
0691C0
06C810
06FDA0
073280
0766B0
079A20
07CCF0
07FF00
083020
086070
088FE0
08BE60
08EC00
0918D0
0944B0
096FB0
0999C0
09C300
09EB50
0A12D0
0A3960
0A5F10
0A83E0
0AA7D0
0ACAC0
0AECB0
0B0DB0
0B2DB0
0B4CB0
0B6AC0
0B87C0
0BA3E0
0BBEF0
0BD910
0BF220
0C0A50
0C2170
0C37A0
0C4CD0
0C6100
0C7430
0C8670
0C97A0
0CA7D0
0CB710
0CC540
0CD270
0CDEB0
0CE9E0
0CF410
0CFD50
0D0580
0D0CC0
0D12F0
0D1820
0D1C60
0D1FA0
0D2200
0D2360
0D23E0
0D2370
0D2210
0D1FC0
0D1C80
0D1850
0D1340
0D0D30
0D0640
0CFE50
0CF580
0CEBC0
0CE110
0CD590
0CC950
0CBC40
0CAE60
0C9FC0
0C9050
0C8010
0C6F10
0C5D40
0C4AA0
0C3740
0C2310
0C0E10
0BF850
0BE1C0
0BCA70
0BB280
0B99F0
0B80D0
0B6720
0B4CD0
0B31F0
0B1670
0AFA60
0ADDB0
0AC070
0AA290
0A8420
0A6520
0A4580
0A2540
0A0480
09E350
09C1D0
099FF0
097DB0
095B20
093830
0914F0
08F140
08CD40
08A8F0
088440
085F30
0839C0
081400
07EDE0
07C760
07A0D0
077A20
075350
072C70
070570
06DE60
06B730
068FE0
066880
0640F0
061960
05F1A0
05C9D0
05A1F0
0579E0
0551D0
0529D0
0501F0
04DA40
04B2B0
048B30
0463F0
043CC0
0415B0
03EED0
03C810
03A170
037AF0
035490
032E50
030840
02E250
02BCB0
029770
027280
024DF0
0229C0
0205D0
01E250
01BF20
019C40
0179C0
015790
0135C0
011440
00F320
00D260
00B1E0
0091F0
007280
005390
003520
001740
FFF9D0
FFDCE0
FFC070
FFA480
FF8920
FF6E30
FF53D0
FF39E0
FF2080
FF0790
FEEF30
FED760
FEC030
FEA990
FE9390
FE7E30
FE6960
FE5530
FE4190
FE2EA0
FE1C30
FE0A60
FDF930
FDE8A0
FDD8A0
FDC930
FDBA70
FDAC40
FD9EB0
FD91C0
FD8570
FD79C0
FD6EB0
FD6440
FD5A70
FD5140
FD48B0
FD40C0
FD3970
FD32C0
FD2CB0
FD2740
FD2260
FD1E20
FD1A80
FD1760
FD14E0
FD12F0
FD1190
FD10C0
FD1090
FD10F0
FD11E0
FD1360
FD1580
FD1820
FD1B60
FD1F40
FD23A0
FD2880
FD2DE0
FD33B0
FD3A00
FD40C0
FD4800
FD4FC0
FD57F0
FD60A0
FD69C0
FD7360
FD7D70
FD8800
FD9310
FD9E90
FDAA90
FDB6E0
FDC380
FDD070
FDDDB0
FDEB40
FDF930
FE0760
FE15F0
FE24D0
FE3400
FE4380
FE5350
FE6370
FE73F0
FE84B0
FE95D0
FEA710
FEB860
FEC9F0
FEDB90
FEED50
FEFF40
FF1140
FF2370
FF35C0
FF4830
FF5AC0
FF6D80
FF8050
FF9350
FFA670
FFB9A0
FFCCD0
FFDFF0
FFF300
000600
0018E0
002BC0
003E80
005140
0063E0
007680
008900
009B70
00ADD0
00C020
00D270
00E4A0
00F680
010830
0119A0
012AD0
013BB0
014C60
015CC0
016CF0
017CD0
018C70
019BD0
01AAF0
01B9D0
01C870
01D6D0
01E4F0
01F2A0
01FFE0
020CC0
021930
022530
0230D0
023C00
0246C0
025120
025B10
026490
026DA0
027650
027E90
028670
028DD0
0294C0
029B10
02A0E0
02A630
02AAE0
02AF20
02B2C0
02B5E0
02B880
02BA90
02BC10
02BD10
02BD80
02BD60
02BCC0
02BBA0
02B9D0
02B780
02B480
02B0F0
02ACC0
02A800
02A2A0
029CB0
029620
028EF0
028730
027ED0
0275D0
026C40
026210
025750
024BF0
023FF0
023360
022620
021860
0209F0
01FAF0
01EB50
01DB10
01CA40
01B8D0
01A6C0
019420
0180E0
016D00
015880
014380
012DF0
0117D0
010120
00E9F0
00D230
00B9E0
00A100
008790
006DA0
005320
003810
001C70
000050
FFE3A0
FFC650
FFA8A0
FF8A80
FF6BF0
FF4CF0
FF2D90
FF0DB0
FEED60
FECCA0
FEAB70
FE89D0
FE67D0
FE4550
FE2260
FDFF00
FDDB40
FDB700
FD9280
FD6DC0
FD48B0
FD2360
FCFDC0
FCD7E0
FCB1B0
FC8B50
FC6490
FC3DA0
FC1650
FBEED0
FBC700
FB9EF0
FB7690
FB4DF0
FB2530
FAFC70
FAD380
FAAA90
FA8180
FA5850
FA2F10
FA05C0
F9DC60
F9B2E0
F98940
F95FA0
F935D0
F90C00
F8E210
F8B810
F88E20
F86460
F83AB0
F81130
F7E7C0
F7BE70
F79540
F76C20
F74330
F71A50
F6F1A0
F6C900
F6A080
F67820
F64FE0
F627C0
F5FFF0
F5D870
F5B140
F58A60
F563D0
F53D90
F517B0
F4F210
F4CCC0
F4A7D0
F48330
F45EE0
F43AD0
F41720
F3F3C0
F3D0C0
F3AE30
F38C20
F36A90
F34980
F328E0
F308D0
F2E940
F2CA30
F2AB90
F28D80
F26FF0
F252D0
F23640
F21A20
F1FE80
F1E370
F1C8F0
F1AF20
F195F0
F17D70
F16580
F14E40
F137A0
F121B0
F10C50
F0F7A0
F0E3A0
F0D030
F0BD70
F0AB50
F099D0
F08900
F078E0
F06980
F05AE0
F04D00
F03FD0
F03370
F027C0
F01CD0
F01290
F00920
F00060
EFF860
EFF120
EFEAA0
EFE4D0
EFDFC0
EFDB80
EFD800
EFD540
EFD350
EFD230
EFD1D0
EFD230
EFD360
EFD550
EFD810
EFDB90
EFDFE0
EFE4F0
EFEAD0
EFF170
EFF8D0
F00100
F009F0
F013A0
F01E10
F02940
F03540
F041F0
F04F70
F05DB0
F06CB0
F07C80
F08D00
F09E50
F0B050
F0C320
F0D6C0
F0EB00
F0FFF0
F11590
F12BF0
F142F0
F15AA0
F17310
F18C30
F1A5F0
F1C070
F1DBA0
F1F770
F21400
F23140
F24F30
F26DD0
F28D00
F2ACC0
F2CD20
F2EE00
F30F80
F33190
F35430
F37760
F39B20
F3BF70
F3E460
F409D0
F42FE0
F45680
F47DA0
F4A570
F4CD90
F4F630
F51F20
F54890
F57260
F59CA0
F5C750
F5F260
F61DD0
F649C0
F67610
F6A2C0
F6CFF0
F6FD70
F72B70
F759D0
F78870
F7B740
F7E660
F815A0
F84530
F874F0
F8A4F0
F8D530
F905A0
F93650
F96740
F99860
F9C9C0
F9FB60
FA2D30
FA5F40
FA9160
FAC380
FAF5B0
FB27F0
FB5A30
FB8C80
FBBEE0
FBF140
FC23B0
FC5620
FC88B0
FCBB30
FCEDD0
FD2070
FD5320
FD85D0
FDB860
FDEAD0
FE1D10
FE4F30
FE8130
FEB300
FEE4B0
FF1630
FF47A0
FF78D0
FFA9F0
FFDAE0
000BA0
003C50
006CD0
009D20
00CD30
00FCE0
012C50
015B60
018A20
01B890
01E6B0
021480
024200
026F30
029C10
02C8A0
02F4D0
0320C0
034C50
0377A0
03A270
03CCD0
03F6B0
042020
044920
0471A0
0499B0
04C150
04E870
050F20
053560
055B20
058070
05A550
05C9B0
05EDA0
061100
0633D0
065610
0677C0
0698E0
06B970
06D960
06F8D0
0717B0
073600
0753C0
0770F0
078D90
07A9A0
07C520
07E000
07FA50
081400
082D10
084580
085D50
087480
088B00
08A0F0
08B640
08CAF0
08DF00
08F270
090530
091760
0928F0
0939E0
094A20
0959C0
0968C0
097710
0984C0
0991C0
099E20
09A9E0
09B4F0
09BF60
09C930
09D250
09DAC0
09E290
09E9C0
09F050
09F630
09FB70
0A0010
0A0410
0A0770
0A0A30
0A0C50
0A0DC0
0A0EA0
0A0ED0
0A0E60
0A0D50
0A0BA0
0A0950
0A0660
0A02C0
09FEA0
09F9E0
09F480
09EE90
09E810
09E100
09D950
09D110
09C840
09BED0
09B4D0
09AA30
099F10
099340
0986F0
097A00
096C90
095EA0
095030
094140
0931D0
0921E0
091160
090070
08EEF0
08DD00
08CA80
08B780
08A400
089010
087B90
086680
085120
083B40
082500
080E60
07F740
07DFC0
07C7E0
07AF80
0796D0
077DA0
076410
074A10
072FA0
0714D0
06F990
06DDF0
06C1F0
06A5B0
068910
066C20
064EF0
063160
061380
05F560
05D6E0
05B810
0598F0
057990
0559D0
0539C0
051960
04F8B0
04D7D0
04B6B0
049560
0473D0
045210
043020
040DF0
03EB80
03C8F0
03A620
038310
035FD0
033C60
0318B0
02F4D0
02D0B0
02AC80
028820
0263B0
023F20
021A70
01F5B0
01D0C0
01ABC0
0186A0
016160
013C00
011680
00F0E0
00CB30
00A560
007F60
005970
003370
000D60
FFE740
FFC130
FF9B00
FF74D0
FF4EA0
FF2860
FF0210
FEDBC0
FEB560
FE8F00
FE6890
FE4220
FE1BA0
FDF530
FDCEC0
FDA860
FD8200
FD5BB0
FD3570
FD0F30
FCE900
FCC2D0
FC9CB0
FC76A0
FC5090
FC2A90
FC0490
FBDEA0
FBB8B0
FB92E0
FB6D30
FB4790
FB2200
FAFC90
FAD740
FAB200
FA8CD0
FA67D0
FA42D0
FA1DF0
F9F930
F9D480
F9AFF0
F98B70
F96710
F942D0
F91EB0
F8FAC0
F8D6F0
F8B340
F88FB0
F86C50
F84910
F825F0
F802F0
F7E020
F7BD70
F79AF0
F77880
F75640
F73420
F71230
F6F070
F6CEE0
F6AD70
F68C40
F66B30
F64A50
F629A0
F60920
F5E8D0
F5C8A0
F5A8B0
F588E0
F56940
F549E0
F52A90
F50B90
F4ECB0
F4CE10
F4AFB0
F49170
F47370
F455B0
F43810
F41AB0
F3FD90
F3E090
F3C3E0
F3A750
F38B00
F36EE0
F352F0
F33740
F31BE0
F300B0
F2E5B0
F2CB00
F2B080
F29650
F27C50
F26290
F24910
F22FC0
F216C0
F1FDF0
F1E570
F1CD20
F1B500
F19D40
F185B0
F16E70
F15770
F140B0
F12A30
F11400
F0FE10
F0E860
F0D300
F0BDE0
F0A900
F09460
F08010
F06C00
F05830
F044B0
F03180
F01E90
F00C00
EFF9B0
EFE7A0
EFD5F0
EFC480
EFB370
EFA2A0
EF9210
EF81E0
EF71F0
EF6250
EF5300
EF43F0
EF3540
EF26E0
EF18D0
EF0B10
EEFDB0
EEF0A0
EEE3E0
EED770
EECB50
EEBF80
EEB410
EEA8F0
EE9E20
EE93A0
EE8980
EE7FA0
EE7630
EE6D10
EE6440
EE5BD0
EE53C0
EE4C10
EE44B0
EE3DB0
EE3700
EE30B0
EE2AC0
EE2530
EE1FF0
EE1B10
EE1680
EE1250
EE0E80
EE0B10
EE0800
EE0550
EE02F0
EE0100
EDFF70
EDFE30
EDFD60
EDFCE0
EDFCD0
EDFD10
EDFDC0
EDFEC0
EE0020
EE01E0
EE0400
EE0690
EE0970
EE0CB0
EE1060
EE1470
EE18D0
EE1DA0
EE22D0
EE2860
EE2E50
EE34A0
EE3B50
EE4260
EE49E0
EE51B0
EE59F0
EE6280
EE6B70
EE74C0
EE7E70
EE8880
EE92F0
EE9DC0
EEA8F0
EEB480
EEC060
EECCB0
EED960
EEE660
EEF3C0
EF0190
EF0FA0
EF1E20
EF2CF0
EF3C10
EF4B90
EF5B60
EF6B90
EF7C10
EF8CF0
EF9E20
EFAFB0
EFC1A0
EFD3E0
EFE670
EFF960
F00CA0
F02030
F03410
F04840
F05CB0
F07170
F08680
F09BD0
F0B170
F0C760
F0DD90
F0F420
F10AF0
F12200
F13970
F15120
F16920
F18150
F199C0
F1B270
F1CB50
F1E460
F1FDB0
F21740
F23100
F24AF0
F26520
F27F90
F29A30
F2B510
F2D020
F2EB70
F306F0
F32290
F33E60
F35A40
F37640
F39270
F3AEB0
F3CB20
F3E7A0
F40450
F42110
F43E00
F45B00
F47830
F49570
F4B2E0
F4D070
F4EE00
F50B90
F52930
F546C0
F56460
F58210
F59FB0
F5BD60
F5DB20
F5F8D0
F61690
F63450
F65210
F66FE0
F68DA0
F6AB80
F6C930
F6E6D0
F70460
F721C0
F73F20
F75C50
F77980
F79680
F7B370
F7D050
F7ED10
F809B0
F82640
F842B0
F85F10
F87B50
F89760
F8B330
F8CED0
F8EA30
F90560
F92050
F93B10
F955A0
F96FF0
F98A00
F9A3E0
F9BD90
F9D700
F9F040
FA0940
FA2210
FA3A90
FA52B0
FA6A90
FA8210
FA9940
FAB030
FAC6C0
FADD00
FAF2E0
FB0880
FB1DD0
FB32C0
FB4770
FB5BC0
FB6FC0
FB8380
FB96C0
FBA9B0
FBBC20
FBCE40
FBDFF0
FBF140
FC0220
FC12A0
FC22B0
FC3260
FC41B0
FC5090
FC5F10
FC6D20
FC7AD0
FC8810
FC94F0
FCA150
FCAD40
FCB8B0
FCC3C0
FCCE60
FCD880
FCE230
FCEB70
FCF440
FCFC90
FD0480
FD0BF0
FD12F0
FD1980
FD1F90
FD2540
FD2A70
FD2F20
FD3370
FD3740
FD3A90
FD3D70
FD3FE0
FD41E0
FD4360
FD4470
FD4500
FD4520
FD44D0
FD4400
FD42D0
FD4120
FD3F00
FD3C80
FD3980
FD3620
FD3250
FD2E10
FD2960
FD2440
FD1EC0
FD18C0
FD1260
FD0B90
FD0450
FCFCA0
FCF480
FCEC10
FCE340
FCDA10
FCD090
FCC6B0
FCBC70
FCB1E0
FCA6F0
FC9BA0
FC9000
FC8400
FC77A0
FC6AF0
FC5DE0
FC5080
FC42B0
FC34B0
FC2670
FC17F0
FC0940
FBFA40
FBEB00
FBDB90
FBCBD0
FBBBE0
FBABB0
FB9B40
FB8A90
FB79A0
FB6870
FB5700
FB4560
FB3390
FB21B0
FB0FB0
FAFDA0
FAEB60
FAD910
FAC6B0
FAB420
FAA180
FA8EC0
FA7BE0
FA68E0
FA55D0
FA42A0
FA2F50
FA1BF0
FA0890
F9F530
F9E1F0
F9CEB0
F9BB70
F9A840
F99520
F98200
F96EE0
F95BE0
F948E0
F935E0
F922F0
F91010
F8FD30
F8EA60
F8D7C0
F8C540
F8B300
F8A0F0
F88F10
F87D50
F86BD0
F85A70
F84950
F83860
F82790
F81700
F80690
F7F650
F7E650
F7D670
F7C6F0
F7B7B0
F7A8C0
F79A30
F78BF0
F77DF0
F77050
F762F0
F755F0
F74940
F73CD0
F730C0
F72500
F71990
F70E70
F70390
F6F930
F6EF30
F6E590
F6DC60
F6D3A0
F6CB40
F6C340
F6BBB0
F6B490
F6ADD0
F6A770
F6A180
F69C00
F696E0
F69230
F68DE0
F68A10
F686A0
F683B0
F68130
F67F30
F67DA0
F67C80
F67BD0
F67B90
F67BD0
F67C80
F67DA0
F67F40
F68140
F683C0
F686C0
F68A20
F68E00
F69250
F69710
F69C40
F6A1F0
F6A800
F6AE90
F6B5A0
F6BD10
F6C500
F6CD50
F6D620
F6DF70
F6E920
F6F350
F6FDE0
F708D0
F71430
F71FF0
F72C10
F73890
F74580
F752D0
F76080
F76EA0
F77D20
F78C00
F79B40
F7AAF0
F7BB00
F7CB80
F7DC40
F7ED40
F7FE80
F81020
F821F0
F83410
F84680
F85930
F86C20
F87F60
F892E0
F8A6B0
F8BAC0
F8CF20
F8E3C0
F8F8A0
F90DB0
F922D0
F93820
F94D80
F96300
F978B0
F98E70
F9A450
F9BA50
F9D070
F9E6B0
F9FD20
FA13A0
FA2A40
FA4100
FA57D0
FA6EA0
FA8560
FA9C20
FAB2C0
FAC950
FADFD0
FAF640
FB0CB0
FB2300
FB3940
FB4F80
FB65A0
FB7BC0
FB91C0
FBA7C0
FBBDA0
FBD350
FBE8C0
FBFDE0
FC12D0
FC2780
FC3BF0
FC5020
FC6410
FC77C0
FC8B30
FC9E60
FCB150
FCC410
FCD680
FCE8B0
FCFAB0
FD0C30
FD1D50
FD2E00
FD3E40
FD4E10
FD5D80
FD6C70
FD7B00
FD8920
FD96D0
FDA410
FDB0F0
FDBD60
FDC950
FDD4E0
FDE010
FDEAA0
FDF4A0
FDFE00
FE06E0
FE0F30
FE16E0
FE1E10
FE24A0
FE2AA0
FE3010
FE34F0
FE3940
FE3CF0
FE4020
FE42B0
FE44C0
FE4610
FE46C0
FE46D0
FE4630
FE44E0
FE42F0
FE4050
FE3D10
FE3920
FE3480
FE2F40
FE2950
FE22C0
FE1B80
FE1390
FE0B00
FE01C0
FDF7C0
FDED20
FDE1D0
FDD5D0
FDC910
FDBBB0
FDADA0
FD9EE0
FD8F60
FD7F40
FD6E60
FD5CE0
FD4AB0
FD37C0
FD2430
FD0FF0
FCFB10
FCE590
FCCF60
FCB8A0
FCA130
FC8920
FC7060
FC5700
FC3D00
FC2260
FC0720
FBEB30
FBCEA0
FBB170
FB9390
FB7530
FB5650
FB36F0
FB1700
FAF690
FAD590
FAB420
FA9210
FA6F90
FA4C80
FA28F0
FA04E0
F9E040
F9BB20
F99570
F96F50
F948D0
F921F0
F8FAC0
F8D340
F8AB70
F88340
F85AC0
F831E0
F808B0
F7DF30
F7B550
F78B20
F760A0
F735C0
F70A90
F6DF10
F6B370
F687B0
F65BE0
F62FF0
F603F0
F5D7D0
F5AB90
F57F40
F552D0
F52650
F4F9B0
F4CCF0
F4A020
F47330
F44630
F41910
F3EC20
F3BF50
F392B0
F36640
F339F0
F30DD0
F2E1D0
F2B610
F28A70
F25EF0
F233B0
F20880
F1DD90
F1B2C0
F18820
F15DB0
F133A0
F10A10
F0E0E0
F0B820
F08FE0
F06800
F04090
F01990
EFF300
EFCCE0
EFA730
EF81F0
EF5D20
EF38C0
EF14D0
EEF140
EECE70
EEAC50
EE8AD0
EE6A00
EE49F0
EE2A80
EE0BC0
EDEDC0
EDD060
EDB3B0
ED97B0
ED7C60
ED61C0
ED47C0
ED2E80
ED15F0
ECFE40
ECE770
ECD180
ECBC70
ECA840
EC9500
EC8290
EC7110
EC6070
EC50B0
EC41D0
EC33E0
EC26C0
EC1A90
EC0F40
EC04C0
EBFB60
EBF2F0
EBEB90
EBE520
EBDFD0
EBDB70
EBD820
EBD5D0
EBD480
EBD430
EBD4F0
EBD6B0
EBD970
EBDD30
EBE200
EBE7D0
EBEEB0
EBF6A0
EBFFA0
EC09B0
EC14D0
EC2100
EC2E40
EC3C90
EC4BF0
EC5C60
EC6DE0
EC8070
EC9410
ECA8C0
ECBE80
ECD550
ECED20
ED0600
ED1FF0
ED3AD0
ED56C0
ED73C0
ED91C0
EDB0C0
EDD0D0
EDF1E0
EE13F0
EE3710
EE5B30
EE8060
EEA690
EECDC0
EEF5E0
EF1EE0
EF48D0
EF7390
EF9F50
EFCBE0
EFF960
F027C0
F05710
F08740
F0B850
F0EA50
F11D30
F150F0
F18590
F1BB20
F1F170
F22860
F26000
F29850
F2D150
F30B00
F34560
F38080
F3BC40
F3F8B0
F435E0
F473B0
F4B230
F4F170
F53150
F571F0
F5B2F0
F5F460
F63640
F67880
F6BB30
F6FE50
F741E0
F785E0
F7CA40
F80F10
F85440
F899F0
F8E000
F92680
F96D70
F9B4C0
F9FC40
FA43D0
FA8B80
FAD350
FB1B40
FB6350
FBAB80
FBF3D0
FC3C30
FC84C0
FCCD70
FD1630
FD5F10
FDA820
FDF140
FE3A80
FE8390
FECC70
FF1520
FF5DA0
FFA5E0
FFEE00
0035E0
007DA0
00C520
010C70
015390
019A80
01E140
0227D0
026E30
02B450
02FA00
033F30
0383E0
03C820
040BD0
044F10
0491D0
04D410
0515D0
055710
0597E0
05D830
0617F0
065750
069620
06D470
071210
074EE0
078B00
07C660
080100
083AE0
087400
08AC70
08E410
091B00
095130
098690
09BB40
09EF30
0A2260
0A54E0
0A8660
0AB6F0
0AE6A0
0B1560
0B4320
0B7000
0B9BF0
0BC6F0
0BF100
0C1A20
0C4260
0C69A0
0C8FF0
0CB560
0CD9E0
0CFD60
0D1FE0
0D4160
0D61D0
0D8130
0D9F80
0DBCC0
0DD900
0DF440
0E0E60
0E2780
0E3F90
0E56A0
0E6CA0
0E8190
0E9570
0EA850
0EBA10
0ECAD0
0EDA70
0EE900
0EF690
0F02F0
0F0E50
0F18A0
0F21D0
0F2A00
0F3110
0F3710
0F3C00
0F3FE0
0F42A0
0F4460
0F4510
0F44C0
0F4370
0F4110
0F3DC0
0F3960
0F3400
0F2D90
0F2630
0F1DC0
0F1450
0F09E0
0EFE60
0EF1F0
0EE470
0ED5E0
0EC680
0EB630
0EA510
0E9300
0E8000
0E6C30
0E5770
0E41E0
0E2B60
0E13F0
0DFBB0
0DE280
0DC870
0DAD80
0D91B0
0D7500
0D5790
0D3970
0D1AA0
0CFB20
0CDAF0
0CBA00
0C9870
0C7620
0C5320
0C2F70
0C0B00
0BE5F0
0BC020
0B99A0
0B7270
0B4A90
0B2230
0AF950
0AD000
0AA640
0A7BF0
0A5130
0A25F0
09FA40
09CE10
09A170
097440
0946B0
091890
08EA00
08BAF0
088B70
085BB0
082BB0
07FB70
07CB00
079A50
076960
073830
0706C0
06D520
06A340
067120
063ED0
060C40
05D970
05A660
057310
053FD0
050C80
04D930
04A5F0
0472A0
043F50
040C00
03D8C0
03A570
037220
033ED0
030B80
02D830
02A4E0
027190
023E40
020B20
01D840
01A590
017310
0140D0
010EC0
00DCE0
00AB40
0079D0
0048A0
0017A0
FFE6D0
FFB640
FF85D0
FF55B0
FF25B0
FEF620
FEC6F0
FE9810
FE69A0
FE3B90
FE0DE0
FDE080
FDB390
FD8700
FD5AD0
FD2F00
FD0390
FCD880
FCADD0
FC8380
FC5990
FC3020
FC0730
FBDEC0
FBB6D0
FB8F50
FB6860
FB41F0
FB1BF0
FAF680
FAD180
FAAD10
FA8910
FA6590
FA4290
FA2010
F9FE20
F9DCB0
F9BBD0
F99B80
F97BC0
F95C90
F93DF0
F91FE0
F90260
F8E570
F8C920
F8AD50
F89210
F87760
F85D40
F843B0
F82AC0
F81250
F7FA80
F7E340
F7CC90
F7B670
F7A0F0
F78BF0
F777A0
F763D0
F75090
F73DF0
F72BE0
F71A60
F70980
F6F930
F6E960
F6DA30
F6CB90
F6BD70
F6AFE0
F6A2E0
F69670
F68A80
F67F30
F67460
F66A10
F66060
F65740
F64EA0
F64690
F63F10
F63810
F631A0
F62BA0
F62620
F62110
F61C80
F61870
F614E0
F611C0
F60F30
F60D10
F60B60
F60A30
F60990
F60950
F609A0
F60A60
F60B90
F60D20
F60F10
F61170
F61440
F61760
F61B00
F61EF0
F62350
F62820
F62D50
F632E0
F638E0
F63F40
F64600
F64D30
F654B0
F65C80
F664A0
F66D00
F675B0
F67EC0
F68810
F691A0
F69B90
F6A5D0
F6B050
F6BB30
F6C650
F6D1C0
F6DD80
F6E980
F6F5D0
F70240
F70EF0
F71BE0
F72900
F73650
F743E0
F751B0
F75FB0
F76DE0
F77C50
F78AF0
F799D0
F7A8E0
F7B820
F7C7B0
F7D750
F7E710
F7F6F0
F80700
F81730
F82780
F837F0
F84880
F85930
F86A00
F87B00
F88C10
F89D50
F8AEB0
F8C030
F8D1D0
F8E380
F8F550
F90720
F91910
F92B00
F93D10
F94F30
F96160
F973A0
F985F0
F99850
F9AAC0
F9BD50
F9CFE0
F9E290
F9F550
FA0810
FA1AD0
FA2DA0
FA4070
FA5340
FA6620
FA7900
FA8BE0
FA9ED0
FAB1C0
FAC4B0
FAD7A0
FAEAA0
FAFDA0
FB10B0
FB23B0
FB36C0
FB49C0
FB5CD0
FB6FD0
FB82D0
FB95D0
FBA8C0
FBBBC0
FBCEB0
FBE1A0
FBF490
FC0780
FC1A70
FC2D50
FC4030
FC5320
FC65F0
FC78D0
FC8BA0
FC9E60
FCB120
FCC3E0
FCD690
FCE940
FCFBE0
FD0E80
FD2120
FD33B0
FD4640
FD58C0
FD6B40
FD7DC0
FD9030
FDA290
FDB4F0
FDC740
FDD980
FDEBC0
FDFDF0
FE1020
FE2230
FE3450
FE4660
FE5860
FE6A50
FE7C40
FE8E20
FEA000
FEB1D0
FEC390
FED540
FEE6F0
FEF890
FF0A20
FF1BA0
FF2D20
FF3E90
FF4FF0
FF6140
FF7290
FF83D0
FF9500
FFA630
FFB740
FFC850
FFD950
FFEA40
FFFB20
000BF0
001CB0
002D60
003E00
004E90
005F10
006F90
007FF0
009040
00A090
00B0C0
00C0F0
00D100
00E100
00F0F0
0100D0
0110A0
012050
013000
013F90
014F10
015E70
016DD0
017D10
018C40
019B60
01AA70
01B970
01C850
01D710
01E5C0
01F450
0202D0
021130
021F70
022DA0
023BC0
0249B0
025790
026560
027310
0280A0
028E10
029B80
02A8C0
02B5E0
02C2D0
02CFB0
02DC70
02E910
02F590
0301E0
030E20
031A30
032630
033200
033DC0
034950
0354C0
036020
036B40
037640
038120
038BD0
039650
03A0A0
03AAD0
03B4E0
03BEC0
03C870
03D1F0
03DB50
03E490
03EDA0
03F680
03FF30
0407C0
041010
041830
042020
0427E0
042F70
0436D0
043E00
0444F0
044BB0
045250
0458B0
045EE0
0464E0
046AB0
047040
0475B0
047AD0
047FC0
048480
048900
048D50
049160
049540
0498E0
049C50
049F80
04A280
04A540
04A7D0
04AA20
04AC40
04AE20
04AFC0
04B130
04B260
04B350
04B400
04B480
04B4C0
04B4C0
04B480
04B410
04B360
04B270
04B150
04AFE0
04AE50
04AC70
04AA50
04A800
04A570
04A2B0
049FA0
049C60
0498E0
049530
049140
048D00
0488A0
0483F0
047F10
0479F0
047490
046F00
046930
046330
045CF0
045670
044FC0
0448E0
0441C0
043A60
0432D0
042B00
042300
041AC0
041250
0409A0
0400C0
03F7A0
03EE60
03E4F0
03DB40
03D170
03C760
03BD30
03B2C0
03A820
039D60
039260
038730
037BE0
037050
036490
0358B0
034CA0
034060
033400
032780
031AE0
030E10
030120
02F400
02E6C0
02D960
02CBE0
02BE30
02B060
02A260
029440
028600
0277A0
026930
025AA0
024BF0
023D30
022E50
021F60
021050
020130
01F1F0
01E2A0
01D330
01C3A0
01B400
01A440
019470
018490
0174A0
0164A0
0154A0
014490
013470
012440
011410
0103D0
00F380
00E320
00D2B0
00C240
00B1C0
00A130
0090A0
008000
006F70
005ED0
004E30
003DA0
002D00
001C70
000BD0
FFFB40
FFEAA0
FFDA10
FFC970
FFB8D0
FFA840
FF97A0
FF8710
FF7680
FF65F0
FF5580
FF4510
FF34A0
FF2440
FF13F0
FF03B0
FEF370
FEE330
FED310
FEC2E0
FEB2D0
FEA2C0
FE92C0
FE82C0
FE72E0
FE6300
FE5330
FE4370
FE33D0
FE2430
FE14A0
FE0520
FDF5B0
FDE650
FDD710
FDC7D0
FDB8A0
FDA980
FD9A70
FD8B60
FD7C80
FD6DA0
FD5ED0
FD5010
FD4170
FD32D0
FD2450
FD15E0
FD0770
FCF920
FCEAE0
FCDCC0
FCCEA0
FCC090
FCB2A0
FCA4B0
FC96E0
FC8910
FC7B60
FC6DB0
FC6020
FC5290
FC4510
FC37B0
FC2A50
FC1D00
FC0FD0
FC02A0
FBF580
FBE870
FBDB70
FBCE90
FBC1A0
FBB4D0
FBA800
FB9B40
FB8E80
FB81D0
FB7530
FB68A0
FB5C10
FB4F90
FB4310
FB36A0
FB2A40
FB1DE0
FB11A0
FB0550
FAF910
FAECE0
FAE0A0
FAD470
FAC830
FABC00
FAAFE0
FAA3B0
FA9790
FA8B60
FA7F40
FA7320
FA6710
FA5AF0
FA4EE0
FA42D0
FA36C0
FA2AA0
FA1E80
FA1260
FA0630
F9FA10
F9EDE0
F9E1A0
F9D570
F9C930
F9BCF0
F9B0A0
F9A460
F99810
F98BB0
F97F60
F972F0
F96690
F95A10
F94D90
F94100
F93460
F927C0
F91B10
F90E50
F90190
F8F4C0
F8E7E0
F8DB00
F8CE00
F8C110
F8B400
F8A6F0
F899D0
F88CA0
F87F60
F87210
F864B0
F85740
F849D0
F83C40
F82EB0
F82110
F81360
F805A0
F7F7D0
F7E9F0
F7DC00
F7CE10
F7C000
F7B1F0
F7A3D0
F795A0
F78760
F77920
F76AD0
F75C60
F74DF0
F73F70
F730F0
F72250
F713B0
F70500
F6F630
F6E770
F6D8A0
F6C9C0
F6BAE0
F6AC00
F69D10
F68E20
F67F20
F67020
F66110
F65200
F642E0
F633C0
F62490
F61560
F60620
F5F6F0
F5E7C0
F5D890
F5C960
F5BA30
F5AB10
F59BF0
F58CD0
F57DB0
F56EA0
F55F80
F55070
F54160
F53260
F52350
F51450
F50560
F4F680
F4E7B0
F4D8F0
F4CA50
F4BBB0
F4AD30
F49EC0
F49060
F48220
F473E0
F465B0
F457A0
F449A0
F43BB0
F42DD0
F42010
F41280
F40510
F3F7D0
F3EAA0
F3DDA0
F3D0D0
F3C410
F3B780
F3AB10
F39ED0
F392B0
F386B0
F37AD0
F36F20
F36390
F35840
F34D20
F34230
F33790
F32D10
F322D0
F318D0
F30F10
F30570
F2FC20
F2F300
F2EA10
F2E160
F2D8E0
F2D0A0
F2C8A0
F2C0E0
F2B970
F2B250
F2AB70
F2A4E0
F29EA0
F298B0
F29300
F28DA0
F28890
F283C0
F27F50
F27B20
F27730
F273A0
F27050
F26D60
F26AD0
F26890
F266B0
F26530
F26400
F26340
F262D0
F262B0
F26300
F263A0
F264A0
F26600
F267B0
F269C0
F26C30
F26F00
F27240
F275E0
F279F0
F27E60
F28330
F28870
F28E20
F29430
F29AA0
F2A180
F2A8C0
F2B070
F2B880
F2C100
F2C9E0
F2D330
F2DCF0
F2E710
F2F1A0
F2FCA0
F30810
F313F0
F32030
F32CE0
F33A00
F34790
F35580
F363E0
F372B0
F381F0
F391A0
F3A1B0
F3B230
F3C310
F3D470
F3E630
F3F850
F40AF0
F41DE0
F43150
F44520
F45960
F46E10
F48320
F498A0
F4AE90
F4C4E0
F4DBA0
F4F2B0
F50A30
F52200
F53A40
F552E0
F56BE0
F58540
F59F10
F5B930
F5D3B0
F5EEA0
F609E0
F62590
F641A0
F65E10
F67AD0
F697E0
F6B540
F6D300
F6F100
F70F60
F72E00
F74D00
F76C50
F78BE0
F7ABD0
F7CC20
F7ECB0
F80D90
F82EC0
F85050
F87210
F89410
F8B640
F8D8C0
F8FB70
F91E50
F94180
F964E0
F98880
F9AC50
F9D060
F9F4B0
FA1940
FA3E00
FA6310
FA8840
FAADA0
FAD320
FAF8D0
FB1E90
FB4470
FB6A80
FB90B0
FBB6F0
FBDD60
FC03F0
FC2AB0
FC5180
FC7870
FC9F90
FCC6D0
FCEE20
FD1590
FD3CF0
FD6460
FD8BD0
FDB350
FDDAD0
FE0250
FE29E0
FE5170
FE7910
FEA0A0
FEC840
FEEFF0
FF17A0
FF3F50
FF6710
FF8EB0
FFB640
FFDDB0
000510
002C60
005390
007AB0
00A1C0
00C8B0
00EF90
011650
013D00
016390
018A20
01B080
01D6E0
01FD00
0222F0
0248C0
026E50
0293B0
02B8E0
02DDE0
0302B0
032750
034BC0
036FF0
039400
03B7E0
03DB90
03FF00
042250
044550
046810
048A80
04ACA0
04CE90
04F020
051180
053280
055350
0573D0
059400
05B3F0
05D390
05F2F0
061210
0630E0
064F50
066D70
068B40
06A8A0
06C5B0
06E270
06FED0
071AD0
073680
0751D0
076CC0
078760
07A1A0
07BB90
07D520
07EE50
080720
081F90
083790
084F30
086660
087D30
089390
08A990
08BF30
08D460
08E930
08FD90
091190
092520
093850
094B20
095D70
096F60
0980E0
0991F0
09A290
09B2C0
09C280
09D1E0
09E0C0
09EF40
09FD40
0A0AE0
0A1810
0A24D0
0A3120
0A3D00
0A4870
0A5370
0A5E00
0A6820
0A71D0
0A7B10
0A83D0
0A8C30
0A9420
0A9B90
0AA2A0
0AA930
0AAF50
0AB510
0ABA50
0ABF20
0AC380
0AC780
0ACB00
0ACE20
0AD0D0
0AD310
0AD4E0
0AD650
0AD740
0AD7C0
0AD7E0
0AD790
0AD6D0
0AD5A0
0AD400
0AD200
0ACF90
0ACCB0
0AC970
0AC5C0
0AC1B0
0ABD30
0AB850
0AB300
0AAD50
0AA730
0AA0B0
0A99C0
0A9270
0A8AB0
0A8290
0A7A00
0A7110
0A67D0
0A5E20
0A5420
0A49C0
0A3EF0
0A33D0
0A2850
0A1C80
0A1040
0A03A0
09F6B0
09E950
09DBA0
09CD90
09BF10
09B050
09A140
0991D0
098210
097200
0961A0
0950F0
093FE0
092E80
091CE0
090AD0
08F880
08E5E0
08D2E0
08BF90
08AC00
089810
0883F0
086F80
085AD0
0845D0
083090
081B10
080540
07EF40
07D8E0
07C250
07AB70
079450
077CE0
076540
074D40
073520
071CC0
070420
06EB50
06D250
06B910
069FA0
0685F0
066C10
065200
0637B0
061D20
060260
05E770
05CC40
05B0E0
059550
0579A0
055DC0
0541C0
052590
050940
04ECC0
04D020
04B350
049660
047940
045C00
043E90
042100
040340
03E560
03C760
03A950
038B20
036CE0
034E80
033000
031170
02F2D0
02D410
02B530
029640
027730
025810
0238E0
021980
01FA20
01DAA0
01BB20
019BA0
017C10
015C80
013CE0
011D30
00FD80
00DDC0
00BE00
009E30
007E60
005E80
003EA0
001EB0
FFFEB0
FFDEC0
FFBEE0
FF9F00
FF7F20
FF5F50
FF3F80
FF1FC0
FF0000
FEE040
FEC0A0
FEA0F0
FE8150
FE61C0
FE4230
FE22A0
FE0320
FDE3B0
FDC460
FDA520
FD8600
FD66F0
FD47F0
FD2910
FD0A40
FCEB90
FCCCF0
FCAE60
FC8FF0
FC7190
FC5350
FC3520
FC1710
FBF920
FBDB50
FBBDB0
FBA030
FB82E0
FB65A0
FB48A0
FB2BB0
FB0F00
FAF260
FAD5F0
FAB9A0
FA9D80
FA8180
FA65B0
FA49F0
FA2E80
FA1330
F9F820
F9DD40
F9C290
F9A810
F98DD0
F973C0
F959E0
F94040
F926C0
F90D80
F8F480
F8DBA0
F8C300
F8AA90
F89260
F87A70
F862C0
F84B60
F83430
F81D40
F80690
F7F030
F7DA00
F7C410
F7AE70
F79900
F783D0
F76EF0
F75A40
F745E0
F731C0
F71DE0
F70A60
F6F720
F6E420
F6D170
F6BF10
F6ACF0
F69B10
F68990
F67850
F66750
F656A0
F64640
F63620
F62650
F616D0
F60790
F5F8B0
F5EA20
F5DBD0
F5CDE0
F5C040
F5B2E0
F5A5E0
F59920
F58CC0
F580A0
F574E0
F56960
F55E30
F55360
F548D0
F53E90
F534B0
F52B10
F521D0
F518E0
F51030
F507E0
F4FFE0
F4F820
F4F0C0
F4E9B0
F4E2F0
F4DC80
F4D660
F4D090
F4CB10
F4C5E0
F4C0F0
F4BC50
F4B810
F4B410
F4B050
F4ACF0
F4A9D0
F4A710
F4A490
F4A250
F4A070
F49EE0
F49D90
F49C90
F49BD0
F49B60
F49B30
F49B40
F49BA0
F49C30
F49D10
F49E40
F49FA0
F4A150
F4A340
F4A570
F4A7F0
F4AAB0
F4ADB0
F4B0F0
F4B470
F4B820
F4BC10
F4C030
F4C490
F4C920
F4CDE0
F4D2E0
F4D810
F4DD80
F4E320
F4E900
F4EF10
F4F560
F4FBE0
F50290
F50970
F51070
F517A0
F51EF0
F52660
F52E00
F535C0
F53DA0
F545B0
F54DE0
F55640
F55EC0
F56760
F57030
F57920
F58230
F58B60
F59490
F59DE0
F5A740
F5B0B0
F5BA30
F5C3C0
F5CD60
F5D720
F5E0E0
F5EAC0
F5F4A0
F5FEA0
F608B0
F612D0
F61D00
F62730
F63150
F63B80
F645A0
F64FC0
F659E0
F663F0
F66E10
F67820
F68230
F68C30
F69640
F6A040
F6AA40
F6B440
F6BE30
F6C810
F6D1E0
F6DB90
F6E530
F6EEB0
F6F810
F70160
F70AA0
F713C0
F71CD0
F725C0
F72E90
F73750
F74000
F74890
F75110
F75960
F76180
F76980
F77150
F77900
F78080
F787E0
F78F00
F79610
F79CE0
F7A390
F7AA20
F7B080
F7B6B0
F7BCC0
F7C2A0
F7C850
F7CDC0
F7D300
F7D800
F7DCD0
F7E160
F7E5C0
F7E9F0
F7EDE0
F7F1A0
F7F520
F7F870
F7FB80
F7FE60
F80100
F80370
F805A0
F80790
F80940
F80AB0
F80BF0
F80CE0
F80DA0
F80E10
F80E50
F80E40
F80E00
F80D80
F80CC0
F80BC0
F80A80
F80900
F80740
F80540
F80310
F80090
F7FDD0
F7FAD0
F7F7A0
F7F420
F7F070
F7EC70
F7E830
F7E3C0
F7DF10
F7DA10
F7D4E0
F7CF60
F7C9B0
F7C3D0
F7BDB0
F7B750
F7B0C0
F7A9F0
F7A2F0
F79BB0
F79440
F78C90
F784A0
F77C80
F77420
F76B90
F762C0
F759C0
F75090
F74730
F73DA0
F733F0
F72A10
F72000
F715C0
F70B50
F700C0
F6F600
F6EB10
F6E000
F6D4C0
F6C950
F6BDB0
F6B1E0
F6A600
F69A00
F68DF0
F681C0
F67570
F66910
F65C90
F64FF0
F64340
F63670
F62990
F61C90
F60F70
F60240
F5F4F0
F5E790
F5DA20
F5CCB0
F5BF40
F5B1D0
F5A460
F596E0
F58960
F57BE0
F56E60
F560E0
F55360
F545D0
F53840
F52AB0
F51D20
F50F90
F50210
F4F4A0
F4E750
F4DA10
F4CCF0
F4BFD0
F4B2E0
F4A5F0
F49920
F48C60
F47FC0
F47330
F466B0
F45A50
F44E00
F441C0
F435B0
F429D0
F41E20
F412A0
F40740
F3FC20
F3F120
F3E650
F3DBB0
F3D130
F3C6F0
F3BCD0
F3B2E0
F3A920
F39F90
F39620
F38D00
F38420
F37B70
F37310
F36AF0
F36310
F35B70
F35410
F34D00
F34620
F33F80
F33930
F33310
F32D40
F327B0
F32250
F31D50
F318A0
F31440
F31030
F30C70
F30900
F305E0
F30310
F300A0
F2FE70
F2FC90
F2FB10
F2F9D0
F2F8F0
F2F850
F2F810
F2F820
F2F890
F2F950
F2FA70
F2FBF0
F2FDC0
F2FFF0
F30270
F30550
F30890
F30C20
F31010
F31450
F318F0
F31DE0
F32340
F328E0
F32EE0
F33540
F33BF0
F34300
F34A70
F35220
F35A40
F362B0
F36B70
F37490
F37E10
F387E0
F39210
F39C90
F3A760
F3B290
F3BE10
F3C9D0
F3D5F0
F3E250
F3EF00
F3FC10
F40960
F41700
F42500
F43340
F441D0
F450B0
F45FE0
F46F60
F47F30
F48F40
F49F90
F4B010
F4C0E0
F4D1E0
F4E330
F4F4B0
F50670
F51880
F52AC0
F53D40
F55000
F562F0
F57630
F589B0
F59D60
F5B140
F5C550
F5D980
F5EDD0
F60250
F61700
F62BD0
F640C0
F655E0
F66B20
F68090
F69630
F6ABE0
F6C1D0
F6D7D0
F6EE10
F70450
F71A90
F730F0
F74750
F75DB0
F77430
F78AB0
F7A140
F7B7D0
F7CE70
F7E520
F7FBE0
F812A0
F82970
F84040
F85730
F86E00
F884C0
F89B70
F8B200
F8C890
F8DF00
F8F560
F90BB0
F921F0
F93820
F94E30
F96430
F97A20
F99000
F9A5D0
F9BB90
F9D110
F9E670
F9FBA0
FA10A0
FA2570
FA3A00
FA4E70
FA62B0
FA76C0
FA8AA0
FA9E60
FAB1E0
FAC530
FAD850
FAEB40
FAFE10
FB1090
FB22C0
FB34B0
FB4650
FB57B0
FB68D0
FB79A0
FB8A30
FB9A70
FBAA60
FBBA20
FBC980
FBD8B0
FBE790
FBF620
FC0470
FC1260
FC2000
FC2D40
FC3A30
FC46C0
FC5300
FC5EE0
FC6A60
FC7590
FC8070
FC8AF0
FC9510
FC9EE0
FCA850
FCB160
FCBA30
FCC290
FCCA80
FCD220
FCD960
FCE040
FCE6B0
FCECD0
FCF280
FCF7E0
FCFCD0
FD0160
FD0590
FD0970
FD0CE0
FD0FF0
FD1290
FD14E0
FD16D0
FD1860
FD1990
FD1A60
FD1AD0
FD1AF0
FD1AA0
FD19F0
FD18E0
FD1770
FD15B0
FD1380
FD10F0
FD0E10
FD0AC0
FD0720
FD0340
FCFEF0
FCFA60
FCF570
FCF040
FCEAB0
FCE4D0
FCDE90
FCD810
FCD130
FCCA00
FCC280
FCBAB0
FCB280
FCAA10
FCA150
FC9860
FC8F30
FC85C0
FC7C10
FC7220
FC6800
FC5DA0
FC5300
FC4820
FC3D00
FC31B0
FC2620
FC1A50
FC0E40
FC01F0
FBF590
FBE900
FBDC50
FBCF90
FBC2B0
FBB5A0
FBA880
FB9B40
FB8DE0
FB8060
FB72B0
FB64F0
FB5720
FB4920
FB3B00
FB2CC0
FB1E90
FB1050
FB0220
FAF400
FAE5D0
FAD7B0
FAC990
FABB80
FAAD60
FA9F50
FA9140
FA8340
FA7540
FA6740
FA5940
FA4B40
FA3D70
FA2FD0
FA2250
FA1500
FA07D0
F9FAD0
F9EDF0
F9E140
F9D4C0
F9C860
F9BC30
F9B020
F9A440
F99880
F98CF0
F98190
F97670
F96BA0
F96120
F956E0
F94CF0
F94350
F93A00
F930F0
F92840
F91FD0
F917A0
F90FD0
F90840
F90100
F8FA00
F8F360
F8ED20
F8E740
F8E1D0
F8DCD0
F8D830
F8D3F0
F8D030
F8CCC0
F8C9D0
F8C740
F8C510
F8C350
F8C1F0
F8C100
F8C080
F8C060
F8C0C0
F8C1A0
F8C2F0
F8C4D0
F8C720
F8C9F0
F8CD40
F8D110
F8D560
F8DA30
F8DF70
F8E530
F8EB70
F8F230
F8F970
F90120
F90960
F91230
F91B70
F92540
F92FA0
F93A80
F945E0
F951D0
F95E40
F96B30
F978B0
F986B0
F99530
F9A440
F9B3E0
F9C3F0
F9D490
F9E5B0
F9F750
FA0970
FA1C10
FA2F40
FA42E0
FA5700
FA6BB0
FA80E0
FA9680
FAACB0
FAC360
FADA90
FAF240
FB0A80
FB2320
FB3C30
FB55B0
FB6FA0
FB8A00
FBA4D0
FBC010
FBDBC0
FBF7E0
FC1470
FC3170
FC4EE0
FC6CC0
FC8B00
FCA9C0
FCC8F0
FCE870
FD0840
FD2850
FD48D0
FD6990
FD8AA0
FDAC00
FDCDC0
FDEFC0
FE1220
FE34D0
FE57D0
FE7B20
FE9EC0
FEC2B0
FEE6F0
FF0B60
FF2FF0
FF54C0
FF79A0
FF9EC0
FFC400
FFE960
000EF0
0034B0
005AA0
0080B0
00A6F0
00CD50
00F3E0
011A90
014180
016850
018F30
01B600
01DCD0
0203A0
022A60
025120
0277E0
029E90
02C540
02EBF0
031290
033930
035FD0
038660
03AD00
03D350
03F980
041F70
044520
046AB0
049000
04B510
04D9F0
04FEA0
052320
054760
056B70
058F40
05B2E0
05D650
05F980
061C50
063EC0
0660C0
068260
06A3A0
06C480
06E4F0
070500
0724A0
0743F0
0762D0
078140
079F60
07BD10
07DA60
07F740
0813A0
082F70
084AB0
086560
087F90
089930
08B240
08CAC0
08E2C0
08FA20
091100
092750
093D20
095250
096700
097B20
098E90
09A160
09B380
09C500
09D5D0
09E5F0
09F570
0A0440
0A1270
0A1FF0
0A2CC0
0A38F0
0A4470
0A4F50
0A5980
0A6300
0A6BD0
0A73E0
0A7B40
0A81E0
0A87D0
0A8D00
0A9180
0A9540
0A9840
0A9AA0
0A9C30
0A9D10
0A9D30
0A9CA0
0A9B60
0A9950
0A96A0
0A9320
0A8F00
0A8A20
0A8480
0A7E20
0A7720
0A6F50
0A66E0
0A5DA0
0A53B0
0A4910
0A3DB0
0A31A0
0A24D0
0A1740
0A0910
09FA40
09EAC0
09DAA0
09C9D0
09B850
09A640
099370
098000
096BF0
095730
0941D0
092BC0
091510
08FDB0
08E5B0
08CD20
08B410
089A70
088050
0865A0
084A60
082EA0
081260
07F590
07D830
07BA50
079BE0
077CF0
075D80
073D70
071CF0
06FC00
06DAC0
06B920
069720
0674C0
065200
062EF0
060B80
05E7B0
05C380
059EF0
057A10
0554D0
052F30
050930
04E2D0
04BC50
0495A0
046ED0
0447D0
0420A0
03F950
03D1D0
03AA30
038260
035A60
033240
030A00
02E180
02B8F0
029020
026730
023E50
021570
01ECB0
01C3F0
019B40
0172A0
014A10
012180
00F900
00D0A0
00A840
007FF0
0057A0
002F70
000740
FFDF20
FFB740
FF8FB0
FF6850
FF4140
FF1A70
FEF3E0
FECD90
FEA780
FE81B0
FE5C30
FE36E0
FE11E0
FDED20
FDC8A0
FDA460
FD8070
FD5CE0
FD39C0
FD1720
FCF4E0
FCD320
FCB1C0
FC90E0
FC7060
FC5060
FC30C0
FC11A0
FBF2F0
FBD4A0
FBB6D0
FB9970
FB7C70
FB6010
FB4450
FB2910
FB0E70
FAF450
FADAE0
FAC1F0
FAA990
FA91D0
FA7AA0
FA6400
FA4E00
FA3880
FA23A0
FA0F50
F9FBA0
F9E890
F9D620
F9C460
F9B340
F9A2D0
F99310
F983F0
F97570
F967B0
F95A80
F94E00
F94230
F93700
F92C80
F922B0
F91970
F910F0
F90920
F901F0
F8FB70
F8F5A0
F8F080
F8EC10
F8E850
F8E530
F8E2C0
F8E100
F8DFF0
F8DF90
F8DFE0
F8E0D0
F8E280
F8E4C0
F8E7B0
F8EB30
F8EF60
F8F430
F8F9A0
F8FFC0
F90670
F90DD0
F915C0
F91E60
F927A0
F93180
F93C00
F94730
F952F0
F95F40
F96C20
F97980
F98770
F995E0
F9A4D0
F9B460
F9C460
F9D500
F9E610
F9F7C0
FA09F0
FA1CA0
FA2FE0
FA43A0
FA57F0
FA6CB0
FA81C0
FA9740
FAAD10
FAC350
FADA00
FAF100
FB0860
FB2030
FB3860
FB50F0
FB69E0
FB8340
FB9D00
FBB710
FBD1A0
FBEC50
FC0740
FC2260
FC3DC0
FC5950
FC7520
FC9120
FCAD50
FCC9C0
FCE660
FD0340
FD2050
FD3D90
FD5B10
FD78D0
FD96B0
FDB4B0
FDD2A0
FDF0A0
FE0EB0
FE2CC0
FE4AD0
FE68F0
FE8720
FEA550
FEC380
FEE1C0
FF0000
FF1E50
FF3CA0
FF5AF0
FF7960
FF9790
FFB5B0
FFD3A0
FFF160
000F10
002C80
0049E0
006710
008420
00A110
00BDD0
00DA70
00F6E0
011330
012F60
014B60
016720
018290
019DB0
01B880
01D300
01ED40
020730
0220D0
023A20
025330
026BE0
028450
029C80
02B450
02CBE0
02E310
02F9F0
031060
032660
033C00
035130
036600
037A60
038E60
03A1F0
03B520
03C7F0
03DA40
03EC40
03FDD0
040EF0
041FB0
042FF0
043FC0
044F20
045E00
046C60
047A60
0487D0
0494D0
04A160
04AD70
04B910
04C430
04CEE0
04D920
04E2E0
04EC20
04F4F0
04FD50
050520
050C90
051370
0519E0
051FE0
052560
052A60
052EF0
053300
0536A0
0539C0
053C70
053EA0
054050
0541A0
054270
0542E0
0542E0
054270
054190
054040
053E80
053C60
0539C0
0536B0
053340
052F60
052B10
052650
052120
051B90
0515B0
050F70
0508E0
0501F0
04FAA0
04F300
04EB10
04E2B0
04DA00
04D100
04C7A0
04BDF0
04B3D0
04A970
049EA0
0493A0
048860
047CF0
047130
046540
045900
044C90
043FE0
043300
0425D0
041870
040AD0
03FCF0
03EED0
03E080
03D1E0
03C330
03B460
03A570
039660
038730
0377F0
036880
035900
034960
0339A0
0329C0
0319C0
0309A0
02F970
02E910
02D8A0
02C830
02B7B0
02A740
0296D0
028660
0275F0
026580
025510
0244A0
023430
0223C0
021350
0202E0
01F280
01E210
01D1A0
01C150
01B110
01A0F0
0190F0
018100
017120
016160
0151C0
014230
0132C0
012360
011410
0104F0
00F5D0
00E6E0
00D7F0
00C940
00BAB0
00AC40
009E00
008FF0
008200
007440
0066A0
005930
004BF0
003ED0
0031D0
002510
001860
000BF0
FFFF90
FFF370
FFE780
FFDBC0
FFD030
FFC4C0
FFB990
FFAE80
FFA3B0
FF9900
FF8E90
FF8440
FF7A30
FF7040
FF6680
FF5CF0
FF53A0
FF4A70
FF4160
FF3890
FF2FE0
FF2760
FF1F00
FF16E0
FF0EE0
FF0710
FEFF70
FEF7F0
FEF0A0
FEE980
FEE290
FEDBC0
FED520
FECEA0
FEC840
FEC1F0
FEBBD0
FEB5C0
FEAFD0
FEAA00
FEA440
FE9EB0
FE9930
FE93D0
FE8E90
FE8970
FE8460
FE7F70
FE7AB0
FE75E0
FE7120
FE6C70
FE67C0
FE6310
FE5E70
FE59E0
FE5550
FE50C0
FE4C40
FE47D0
FE4360
FE3EF0
FE3A90
FE3640
FE31E0
FE2D80
FE2910
FE2490
FE1FF0
FE1B50
FE1690
FE11C0
FE0CF0
FE0800
FE0300
FDFDF0
FDF8D0
FDF3A0
FDEE60
FDE910
FDE3A0
FDDE10
FDD860
FDD280
FDCC70
FDC640
FDBFE0
FDB950
FDB2A0
FDABC0
FDA4B0
FD9D80
FD9630
FD8EA0
FD8700
FD7F20
FD7720
FD6EE0
FD6660
FD5DA0
FD54B0
FD4B70
FD4200
FD3840
FD2E50
FD2420
FD19B0
FD0F10
FD0420
FCF8F0
FCED90
FCE1F0
FCD600
FCC9E0
FCBD60
FCB0A0
FCA390
FC9640
FC8890
FC7AB0
FC6C70
FC5DF0
FC4F20
FC4010
FC30B0
FC2100
FC1110
FC00D0
FBF040
FBDF70
FBCE50
FBBCE0
FBAB20
FB9920
FB86C0
FB7430
FB6140
FB4E10
FB3A80
FB26C0
FB12A0
FAFE40
FAE990
FAD490
FABF40
FAA9C0
FA93F0
FA7DE0
FA6790
FA5100
FA3A30
FA2320
FA0BD0
F9F440
F9DC70
F9C450
F9AC00
F99360
F97A90
F96170
F94810
F92E90
F914E0
F8FB10
F8E110
F8C6E0
F8AC90
F89210
F87770
F85CA0
F841B0
F82690
F80B50
F7EFE0
F7D440
F7B880
F79CA0
F780B0
F764B0
F748B0
F72CB0
F710B0
F6F4A0
F6D880
F6BC60
F6A040
F68420
F667F0
F64BB0
F62F70
F61330
F5F6E0
F5DA90
F5BE70
F5A260
F58680
F56AC0
F54F20
F533B0
F51860
F4FD30
F4E220
F4C740
F4AC80
F491E0
F47770
F45D10
F442E0
F428E0
F40F20
F3F5C0
F3DCA0
F3C3E0
F3AB70
F39350
F37B80
F36410
F34CE0
F33610
F31F80
F30950
F2F370
F2DDE0
F2C8B0
F2B3C0
F29F60
F28B70
F27810
F26520
F252C0
F240E0
F22F70
F21E90
F20E30
F1FE50
F1EEF0
F1E010
F1D1B0
F1C3D0
F1B670
F1A990
F19D60
F191D0
F186F0
F17CB0
F17320
F16A30
F161F0
F15A60
F15370
F14D30
F14790
F142A0
F13E50
F13AB0
F137B0
F13560
F133D0
F13310
F13310
F133E0
F13570
F137D0
F13AF0
F13ED0
F14380
F148F0
F14F30
F15630
F15DF0
F16680
F16FE0
F179F0
F184F0
F190B0
F19D50
F1AAD0
F1B920
F1C840
F1D840
F1E910
F1FAB0
F20D30
F22090
F234B0
F249C0
F25F90
F27640
F28DD0
F2A630
F2BF60
F2D960
F2F440
F31000
F32C90
F349F0
F36830
F38740
F3A720
F3C7E0
F3E970
F40BE0
F42F20
F45340
F47820
F49DE0
F4C450
F4EB90
F51390
F53C50
F565E0
F59030
F5BB40
F5E710
F613B0
F64110
F66F30
F69E20
F6CDD0
F6FE40
F72F80
F76150
F793D0
F7C6F0
F7FAC0
F82F20
F86430
F899E0
F8D030
F90720
F93EB0
F976F0
F9AFD0
F9E950
FA2370
FA5E30
FA99A0
FAD580
FB11C0
FB4E80
FB8BC0
FBC960
FC0780
FC4600
FC8500
FCC470
FD0450
FD44B0
FD8570
FDC6B0
FE0850
FE4A70
FE8D10
FECFD0
FF12D0
FF5610
FF9980
FFDD20
002100
006520
00A970
00EDF0
0132B0
0177A0
01BCD0
020230
0247D0
028DA0
02D3B0
0319B0
035FA0
03A590
03EB70
043150
047720
04BCE0
0502A0
054850
058DF0
05D390
061920
065EB0
06A430
06E9A0
072F10
077430
07B900
07FD80
0841C0
0885B0
08C950
090CB0
094FB0
099270
09D4F0
0A1710
0A58F0
0A9A80
0ADBC0
0B1CC0
0B5D60
0B9D90
0BDD20
0C1C30
0C5AB0
0C98B0
0CD620
0D1300
0D4F60
0D8B30
0DC680
0E0130
0E3B70
0E7510
0EAE30
0EE6D0
0F1ED0
0F5620
0F8CB0
0FC280
0FF780
102BD0
105F60
109220
10C430
10F580
112600
1155D0
1184E0
11B320
11E0B0
120D80
123980
1264A0
128EE0
12B830
12E090
130810
132EA0
135440
137900
139CE0
13BFD0
13E1D0
1402E0
142310
144260
1460C0
147E30
149AA0
14B610
14D080
14E9E0
150240
1519A0
153000
154560
1559B0
156D00
157F50
159090
15A0E0
15B020
15BE60
15CB90
15D7C0
15E2E0
15ED00
15F600
15FE00
1604F0
160AD0
160FB0
161380
161630
1617F0
161890
161830
1616B0
161430
1610B0
160C20
160680
15FFE0
15F840
15EFA0
15E5F0
15DB40
15CF80
15C2C0
15B500
15A630
159670
158590
1573C0
1560E0
154CF0
153820
152260
150BB0
14F420
14DB90
14C210
14A7B0
148C60
147020
1452F0
1434D0
1415D0
13F5D0
13D4F0
13B320
139050
136CD0
134870
132360
12FD70
12D6C0
12AF40
128700
125DF0
123410
120970
11DE00
11B1D0
1184C0
115700
112860
10F910
10C910
109880
106750
103590
100330
0FD030
0F9CA0
0F6870
0F33A0
0EFE40
0EC840
0E91B0
0E5A80
0E22B0
0DEA50
0DB150
0D77F0
0D3E30
0D0400
0CC970
0C8E80
0C5320
0C1770
0BDB50
0B9ED0
0B61E0
0B2490
0AE6E0
0AA8D0
0A6A60
0A2B80
09EC40
09ACD0
096D40
092D80
08EDA0
08AD90
086D60
082CF0
07EC70
07ABB0
076AD0
0729D0
06E8A0
06A740
0665C0
062410
05E230
05A070
055EB0
051D10
04DB70
0499F0
045870
041710
03D5B0
039460
035330
031200
02D0F0
028FE0
024EE0
020E00
01CD20
018C90
014C40
010C40
00CC80
008D00
004DD0
000EE0
FFD040
FF91E0
FF53C0
FF15F0
FED860
FE9B20
FE5E20
FE2160
FDE4F0
FDA8F0
FD6D70
FD3260
FCF7D0
FCBDB0
FC8400
FC4AD0
FC1220
FBD9E0
FBA210
FB6AC0
FB33E0
FAFD80
FAC790
FA9220
FA5D20
FA28C0
F9F500
F9C1E0
F98F60
F95D80
F92C40
F8FBA0
F8CBA0
F89C30
F86D70
F83F50
F811D0
F7E4E0
F7B8A0
F78CF0
F761F0
F737A0
F70E10
F6E550
F6BD40
F695F0
F66F50
F64980
F62470
F60010
F5DC80
F5B9A0
F59780
F57620
F55580
F535A0
F51680
F4F830
F4DAA0
F4BDF0
F4A210
F48700
F46CC0
F45350
F43AB0
F422E0
F40BE0
F3F5B0
F3E050
F3CBC0
F3B810
F3A520
F39300
F381C0
F37150
F361C0
F35310
F34530
F33830
F32C10
F320C0
F31640
F30CB0
F303F0
F2FC00
F2F4F0
F2EEC0
F2E960
F2E4E0
F2E130
F2DE60
F2DC50
F2DB30
F2DAD0
F2DB50
F2DCA0
F2DEC0
F2E1C0
F2E590
F2EA40
F2EFB0
F2F600
F2FD30
F30520
F30DF0
F31790
F321F0
F32D10
F33900
F345B0
F35330
F36170
F37080
F38050
F390E0
F3A240
F3B460
F3C750
F3DB00
F3EF80
F404C0
F41AB0
F43150
F44890
F46090
F47930
F49280
F4AC80
F4C730
F4E280
F4FE90
F51B40
F538A0
F556B0
F57570
F594D0
F5B4F0
F5D590
F5F6C0
F61870
F63AC0
F65D90
F680F0
F6A4D0
F6C950
F6EE50
F713E0
F73A00
F760A0
F787D0
F7AF90
F7D7E0
F800B0
F829F0
F85390
F87D80
F8A7F0
F8D2B0
F8FDD0
F92960
F95540
F98190
F9AE40
F9DB50
FA08D0
FA36A0
FA64E0
FA9380
FAC270
FAF1B0
FB2110
FB50B0
FB8080
FBB080
FBE0C0
FC1120
FC41C0
FC72A0
FCA3A0
FCD4E0
FD0650
FD37F0
FD69D0
FD9BD0
FDCE20
FE0060
FE32A0
FE64F0
FE9730
FEC980
FEFBD0
FF2E20
FF6080
FF92D0
FFC530
FFF780
0029E0
005C40
008EA0
00C110
00F370
0125B0
0157B0
018990
01BB30
01ECB0
021E00
024F10
028000
02B0C0
02E150
0311A0
0341D0
0371D0
03A1A0
03D140
0400A0
042FB0
045E60
048CC0
04BAB0
04E840
051580
054250
056ED0
059AF0
05C6B0
05F210
061D10
0647B0
0671F0
069BD0
06C560
06EE60
0716D0
073EC0
076620
078CF0
07B340
07D900
07FE40
0822F0
084720
086AC0
088DD0
08B060
08D260
08F3E0
0914D0
093510
0954B0
0973A0
0991E0
09AF80
09CC70
09E8B0
0A0440
0A1F30
0A3970
0A5310
0A6BF0
0A8430
0A9BC0
0AB2B0
0AC8F0
0ADE70
0AF320
0B0710
0B1A40
0B2CA0
0B3E50
0B4F30
0B5F50
0B6EA0
0B7D30
0B8B00
0B9810
0BA450
0BAFE0
0BBAA0
0BC490
0BCDC0
0BD620
0BDDA0
0BE460
0BEA50
0BEF70
0BF3B0
0BF730
0BF9E0
0BFBC0
0BFCD0
0BFD10
0BFC70
0BFB10
0BF8E0
0BF5E0
0BF210
0BED70
0BE800
0BE1C0
0BDAB0
0BD2D0
0BCA20
0BC0A0
0BB650
0BAB30
0B9F40
0B9280
0B84F0
0B7690
0B6760
0B5770
0B46B0
0B3530
0B22F0
0B0FF0
0AFC30
0AE7B0
0AD260
0ABC60
0AA5A0
0A8E20
0A75D0
0A5CD0
0A4300
0A2880
0A0D30
09F130
09D480
09B720
099920
097A80
095B30
093B40
091AA0
08F960
08D780
08B4F0
0891B0
086DE0
084950
082430
07FE60
07D7E0
07B0F0
078970
076170
0738F0
071000
06E680
06BC80
0691F0
0666F0
063B70
060F70
05E2E0
05B5E0
058850
055A40
052BC0
04FCE0
04CDB0
049E20
046E50
043E20
040DA0
03DCD0
03ABB0
037A30
034860
031640
02E3D0
02B110
027E00
024A90
0216D0
01E2F0
01AEF0
017AE0
0146A0
011240
00DDC0
00A920
007470
003F90
000A90
FFD570
FFA040
FF6AE0
FF3560
FEFFD0
FECA10
FE9470
FE5EE0
FE2960
FDF400
FDBEA0
FD8970
FD5440
FD1F30
FCEA30
FCB540
FC8070
FC4BB0
FC1700
FBE260
FBADE0
FB7970
FB4540
FB1160
FADDD0
FAAA70
FA7760
FA44A0
FA1220
F9DFE0
F9ADF0
F97C40
F94AE0
F919B0
F8E8E0
F8B850
F88800
F857F0
F82860
F7F940
F7CA90
F79C60
F76E90
F74140
F71460
F6E7F0
F6BBF0
F69070
F66560
F63AC0
F61090
F5E6D0
F5BD90
F594C0
F56C80
F544E0
F51DD0
F4F750
F4D170
F4AC20
F48770
F46350
F43FC0
F41CD0
F3FA70
F3D8B0
F3B780
F396F0
F376E0
F35780
F338C0
F31AB0
F2FD50
F2E0A0
F2C490
F2A940
F28EA0
F274A0
F25B50
F242C0
F22AD0
F21390
F1FD00
F1E710
F1D1E0
F1BD60
F1A990
F19680
F18420
F17280
F16190
F15160
F141F0
F13330
F12520
F117D0
F10B40
F0FF60
F0F440
F0E9D0
F0E020
F0D730
F0CEF0
F0C760
F0C090
F0BA70
F0B510
F0B060
F0AC60
F0A920
F0A6A0
F0A4D0
F0A3B0
F0A350
F0A3A0
F0A4B0
F0A670
F0A8F0
F0AC10
F0AFE0
F0B450
F0B970
F0BF30
F0C590
F0CCB0
F0D470
F0DCD0
F0E5E0
F0EF90
F0F9F0
F104F0
F110A0
F11D00
F129F0
F13780
F145A0
F15450
F16390
F17360
F183C0
F194B0
F1A620
F1B830
F1CAD0
F1DE00
F1F1B0
F20600
F21AE0
F23050
F24640
F25CB0
F27380
F28AD0
F2A280
F2BAA0
F2D330
F2EC30
F305A0
F31F70
F339C0
F35470
F36F90
F38B30
F3A730
F3C3A0
F3E070
F3FDA0
F41B10
F438C0
F456C0
F47510
F493A0
F4B270
F4D190
F4F100
F510B0
F530B0
F550F0
F57180
F59250
F5B370
F5D4E0
F5F660
F61810
F639D0
F65BC0
F67DD0
F69FF0
F6C240
F6E4B0
F70740
F729E0
F74CB0
F76FA0
F792B0
F7B5E0
F7D930
F7FCB0
F82010
F84380
F866E0
F88A40
F8AD90
F8D0F0
F8F430
F91780
F93AC0
F95E00
F98140
F9A470
F9C7A0
F9EAC0
FA0DF0
FA3100
FA5400
FA76D0
FA9970
FABBF0
FADE50
FB0080
FB2290
FB4470
FB6630
FB87C0
FBA930
FBCA70
FBEB90
FC0C80
FC2D50
FC4DF0
FC6E50
FC8E70
FCAE50
FCCDF0
FCED40
FD0C60
FD2B30
FD49C0
FD6800
FD8610
FDA3D0
FDC150
FDDE90
FDFB90
FE1850
FE34C0
FE50E0
FE6CB0
FE8820
FEA330
FEBE00
FED860
FEF280
FF0C40
FF25A0
FF3EB0
FF5760
FF6FC0
FF87D0
FF9F80
FFB6E0
FFCDE0
FFE480
FFFAC0
001090
002610
003B20
004FD0
006410
007800
008B80
009EA0
00B150
00C3B0
00D5A0
00E730
00F850
010920
011980
012970
013900
014820
0156E0
016530
017320
0180A0
018DC0
019A70
01A6C0
01B2A0
01BE10
01C920
01D3D0
01DE10
01E7F0
01F160
01FA70
020310
020B50
021320
021AA0
0221A0
022850
022E80
023460
0239D0
023EE0
024380
0247C0
024B90
024F10
025220
0254E0
025740
025940
025AE0
025C20
025D00
025D80
025DB0
025D70
025CD0
025BE0
025A90
0258E0
0256C0
025460
0251A0
024E90
024B30
024780
024370
023F10
023A50
023550
022FF0
022A40
022430
021DD0
021720
021020
0208C0
020120
01F940
01F110
01E890
01DFD0
01D6D0
01CD80
01C3F0
01BA20
01AFF0
01A590
019AE0
018FF0
0184B0
017920
016D60
016150
015510
0148A0
013BF0
012F00
0121E0
011480
0106E0
00F910
00EB10
00DCC0
00CE50
00BF90
00B0A0
00A180
009210
008290
0072D0
0062F0
0052E0
0042A0
003240
0021B0
0010F0
000010
FFEF00
FFDDC0
FFCC60
FFBAD0
FFA910
FF9730
FF8510
FF72E0
FF6090
FF4E30
FF3BA0
FF28F0
FF1630
FF0340
FEF040
FEDD20
FEC9E0
FEB680
FEA300
FE8F60
FE7BA0
FE67C0
FE53D0
FE3FC0
FE2BA0
FE1770
FE0330
FDEEE0
FDDA80
FDC600
FDB180
FD9CE0
FD8840
FD7380
FD5EB0
FD49D0
FD34E0
FD1FD0
FD0AC0
FCF5A0
FCE080
FCCB50
FCB620
FCA0F0
FC8BB0
FC7670
FC6130
FC4BE0
FC3690
FC2140
FC0BE0
FBF680
FBE110
FBCBA0
FBB630
FBA0C0
FB8B50
FB75F0
FB60A0
FB4B40
FB3600
FB20B0
FB0B70
FAF640
FAE100
FACBE0
FAB6B0
FAA190
FA8C80
FA7770
FA6260
FA4D70
FA3880
FA23C0
FA0F00
F9FA50
F9E5C0
F9D140
F9BCD0
F9A880
F99430
F98000
F96BE0
F957E0
F943F0
F93000
F91C40
F90890
F8F500
F8E1A0
F8CE50
F8BB30
F8A830
F89550
F88290
F86FF0
F85D80
F84B20
F838F0
F826E0
F814E0
F80310
F7F170
F7DFF0
F7CEA0
F7BD90
F7ACA0
F79BF0
F78B70
F77B20
F76B10
F75B20
F74B70
F73BE0
F72C90
F71D70
F70E80
F6FFC0
F6F140
F6E2F0
F6D4F0
F6C730
F6B9B0
F6AC70
F69F80
F692C0
F68650
F67A20
F66E30
F66280
F65720
F64C00
F64110
F63670
F62C20
F62210
F61860
F60F00
F60600
F5FD40
F5F4F0
F5ECE0
F5E530
F5DDD0
F5D6D0
F5D010
F5C9B0
F5C3B0
F5BE00
F5B8A0
F5B390
F5AEF0
F5AAB0
F5A6E0
F5A360
F5A060
F59DB0
F59B70
F59990
F59820
F59710
F59660
F59620
F59640
F596C0
F597A0
F598F0
F59AC0
F59CF0
F59FA0
F5A2C0
F5A660
F5AA60
F5AEE0
F5B3E0
F5B940
F5BF20
F5C570
F5CC30
F5D370
F5DB20
F5E340
F5EBE0
F5F4F0
F5FE80
F60890
F61320
F61E30
F629C0
F635C0
F64250
F64F50
F65CD0
F66AD0
F67950
F68850
F697C0
F6A7C0
F6B830
F6C930
F6DAA0
F6ECA0
F6FF20
F71220
F725A0
F739A0
F74E20
F76330
F778C0
F78EC0
F7A550
F7BC60
F7D3F0
F7EC10
F804A0
F81DC0
F83750
F85160
F86BF0
F886F0
F8A280
F8BE90
F8DB10
F8F810
F91590
F93390
F95210
F97110
F99080
F9B080
F9D0F0
F9F1E0
FA1330
FA3500
FA5730
FA79E0
FA9D00
FAC080
FAE480
FB08F0
FB2DD0
FB5320
FB78F0
FB9F20
FBC5C0
FBECE0
FC1460
FC3C40
FC6480
FC8D20
FCB610
FCDF60
FD0910
FD3310
FD5D70
FD8820
FDB340
FDDEB0
FE0A70
FE36A0
FE6320
FE8FF0
FEBD30
FEEAA0
FF1850
FF4630
FF7460
FFA2C0
FFD160
000030
002F50
005EA0
008E30
00BDF0
00EE00
011E40
014EC0
017F70
01B070
01E170
0212A0
0243D0
027520
02A680
02D800
030990
033B30
036CF0
039EC0
03D0B0
0402A0
0434C0
0466E0
049920
04CB80
04FDC0
052FE0
056200
059400
05C5E0
05F7C0
062970
065B20
068CB0
06BE30
06EFA0
0720F0
075230
078350
07B460
07E560
081610
084690
0876C0
08A6B0
08D660
0905D0
0934F0
0963E0
099280
09C0E0
09EF00
0A1CD0
0A4A70
0A77C0
0AA4E0
0AD1B0
0AFE10
0B2A00
0B5580
0B8090
0BAB30
0BD560
0BFF30
0C2880
0C5160
0C79E0
0CA1E0
0CC980
0CF0A0
0D1760
0D3DB0
0D6380
0D88D0
0DAD80
0DD190
0DF510
0E1800
0E3A50
0E5C10
0E7D40
0E9DD0
0EBDD0
0EDD30
0EFC00
0F1A30
0F37E0
0F54E0
0F7160
0F8D20
0FA820
0FC280
0FDC20
0FF500
100D30
1024B0
103B70
105190
1066E0
107B90
108F80
10A2B0
10B530
10C700
10D820
10E870
10F7F0
1106B0
1114A0
1121C0
112E20
1139B0
114480
114E80
1157C0
116030
1167D0
116EB0
1174C0
117A00
117E80
118230
118510
118710
118850
1188C0
118850
118720
118510
118240
117E90
117A10
1174C0
116EB0
1167C0
116000
115770
114E20
1143F0
113910
112D60
1120E0
111390
110580
10F6B0
10E710
10D6A0
10C570
10B370
10A0A0
108D10
1078C0
106390
104DC0
103730
101FF0
100800
0FEF50
0FD600
0FBBE0
0FA120
0F85A0
0F6970
0F4C90
0F2F00
0F10B0
0EF1B0
0ED200
0EB190
0E90A0
0E6F10
0E4CF0
0E2A30
0E06F0
0DE320
0DBEB0
0D99B0
0D7420
0D4E00
0D2750
0D0010
0CD830
0CAFC0
0C86D0
0C5D40
0C3340
0C08E0
0BDE20
0BB2F0
0B8760
0B5B60
0B2F00
0B0240
0AD510
0AA770
0A7980
0A4B10
0A1C50
09ED20
09BD80
098D80
095D50
092CE0
08FC40
08CB70
089A60
086930
0837C0
080610
07D430
07A220
076FE0
073D70
070AC0
06D7D0
06A4C0
067170
063E20
060AD0
05D790
05A440
0570F0
053DA0
050A50
04D700
04A3B0
047070
043D20
0409D0
03D680
03A330
036FE0
033C90
030970
02D690
02A3D0
027150
023F00
020CE0
01DAF0
01A930
0177B0
014650
011530
00E440
00B380
0082F0
0052A0
002270
FFF2B0
FFC340
FF9440
FF6590
FF3740
FF0950
FEDBC0
FEAEA0
FE81D0
FE5550
FE2940
FDFD90
FDD240
FDA750
FD7CB0
FD5280
FD28C0
FCFF90
FCD6E0
FCAEB0
FC8700
FC5FD0
FC3920
FC12F0
FBED40
FBC820
FBA370
FB7F50
FB5BA0
FB3880
FB15E0
FAF3B0
FAD230
FAB140
FA90E0
FA7120
FA51F0
FA3360
FA1560
F9F800
F9DB30
F9BF00
F9A360
F98860
F96DF0
F95410
F93AE0
F92230
F90A30
F8F2D0
F8DC00
F8C5E0
F8B060
F89B80
F88730
F87390
F86090
F84E20
F83C60
F82B40
F81AC0
F80AD0
F7FB90
F7ECF0
F7DEE0
F7D170
F7C4A0
F7B860
F7ACC0
F7A1B0
F79740
F78D70
F78430
F77B90
F77380
F76C10
F76540
F75F00
F75960
F75460
F74FE0
F74BE0
F74860
F74570
F74310
F74120
F73FC0
F73EE0
F73E90
F73EC0
F73F70
F740B0
F74270
F744C0
F74780
F74AE0
F74E90
F752B0
F75740
F75C30
F76180
F76740
F76D60
F773F0
F77AE0
F78230
F789F0
F79220
F79AB0
F7A3A0
F7AD00
F7B6C0
F7C0C0
F7CB10
F7D590
F7E050
F7EB60
F7F6A0
F80220
F80DF0
F819F0
F82640
F832C0
F83F90
F84C90
F859E0
F86760
F87530
F88310
F89100
F89F10
F8AD30
F8BB60
F8C9B0
F8D810
F8E690
F8F520
F903C0
F91270
F92140
F93030
F93F30
F94E40
F95D60
F96C70
F97B70
F98A60
F99940
F9A800
F9B6B0
F9C540
F9D3D0
F9E240
F9F0A0
F9FEE0
FA0D20
FA1B40
FA2940
FA3740
FA4520
FA52D0
FA6040
FA6D70
FA7A70
FA8730
FA93C0
FAA010
FAAC20
FAB800
FAC3A0
FACF00
FADA30
FAE530
FAEFE0
FAFA60
FB04B0
FB0EA0
FB1830
FB2170
FB2A60
FB32F0
FB3B30
FB4310
FB4AA0
FB51D0
FB58B0
FB5F40
FB6570
FB6B40
FB70C0
FB75F0
FB7AC0
FB7F30
FB8330
FB86C0
FB89F0
FB8CB0
FB8F10
FB9100
FB9290
FB93B0
FB9470
FB94C0
FB94A0
FB9420
FB9330
FB91D0
FB9020
FB8DF0
FB8B50
FB8840
FB84D0
FB80F0
FB7C90
FB77D0
FB72A0
FB6D10
FB6700
FB6080
FB59A0
FB5240
FB4A80
FB4250
FB39B0
FB30B0
FB2740
FB1D70
FB1330
FB0890
FAFD90
FAF220
FAE650
FADA10
FACD70
FAC070
FAB300
FAA530
FA96F0
FA8850
FA7950
FA69F0
FA5A50
FA4A50
FA3A00
FA2960
FA1870
FA0720
F9F590
F9E3A0
F9D170
F9BEE0
F9AC00
F998C0
F98540
F97170
F95D40
F948E0
F93450
F91F90
F90AA0
F8F570
F8E010
F8CA70
F8B4B0
F89EB0
F88880
F87220
F85B80
F844C0
F82DC0
F81680
F7FF20
F7E7A0
F7D020
F7B890
F7A0F0
F78940
F77180
F759B0
F741D0
F729E0
F711F0
F6F9E0
F6E1D0
F6C9B0
F6B180
F69930
F680E0
F668B0
F65090
F63890
F620B0
F608E0
F5F130
F5D990
F5C210
F5AAB0
F59360
F57C30
F56520
F54E20
F53740
F52070
F509D0
F4F360
F4DD30
F4C750
F4B1A0
F49C40
F48720
F47240
F45DA0
F44940
F43530
F42150
F40DC0
F3FA70
F3E750
F3D480
F3C200
F3AFD0
F39E10
F38CB0
F37BB0
F36B10
F35AE0
F34B10
F33BA0
F32C90
F31DF0
F30FB0
F301D0
F2F460
F2E750
F2DAA0
F2CE50
F2C280
F2B730
F2AC60
F2A210
F29840
F28EE0
F28610
F27DB0
F275D0
F26E70
F26790
F26120
F25B40
F255D0
F250E0
F24C80
F248A0
F24540
F24280
F24040
F23EA0
F23D80
F23CF0
F23CE0
F23D70
F23E80
F24030
F24260
F24520
F24860
F24C40
F250A0
F255A0
F25B20
F26130
F267E0
F26F10
F276D0
F27F20
F28810
F29180
F29B80
F2A620
F2B140
F2BCF0
F2C930
F2D600
F2E370
F2F150
F2FFC0
F30EB0
F31E20
F32E10
F33E90
F34F90
F36110
F37320
F385B0
F398C0
F3AC50
F3C060
F3D500
F3EA20
F3FFD0
F415E0
F42C60
F44340
F45A90
F47250
F48A80
F4A320
F4BC20
F4D590
F4EF70
F509B0
F52470
F53F90
F55B10
F57710
F59370
F5B020
F5CD20
F5EA60
F607F0
F625D0
F643F0
F66260
F68120
F6A020
F6BF80
F6DF20
F6FF00
F71F30
F73FB0
F76080
F78190
F7A2D0
F7C420
F7E5A0
F80740
F82900
F84AE0
F86CF0
F88F20
F8B160
F8D3D0
F8F660
F91920
F93BF0
F95EF0
F98210
F9A540
F9C880
F9EBA0
FA0EC0
FA31E0
FA54F0
FA77F0
FA9AE0
FABDD0
FAE0B0
FB0390
FB2650
FB4920
FB6BD0
FB8E80
FBB130
FBD3C0
FBF630
FC1850
FC3A50
FC5C10
FC7DA0
FC9EF0
FCC010
FCE0F0
FD01A0
FD2220
FD4260
FD6270
FD8240
FDA1E0
FDC150
FDE080
FDFF50
FE1DD0
FE3BE0
FE59A0
FE7700
FE9400
FEB0A0
FECCE0
FEE8D0
FF0450
FF1F80
FF3A50
FF54C0
FF6ED0
FF8880
FFA1D0
FFBAB0
FFD300
FFEAE0
000240
001920
002F90
004570
005AE0
006FD0
008440
009830
00ABA0
00BEA0
00D110
00E310
00F490
010580
0115D0
0125A0
0134D0
014370
015180
015F00
016BE0
017840
018400
018F30
0199D0
01A3D0
01AD50
01B630
01BE80
01C630
01CD50
01D3D0
01D9B0
01DEF0
01E3A0
01E7B0
01EB20
01EDF0
01F030
01F1D0
01F2D0
01F340
01F300
01F230
01F0D0
01EEC0
01EC30
01E8F0
01E520
01E0C0
01DBC0
01D630
01D000
01C930
01C1E0
01B9E0
01B150
01A830
019E70
019410
018920
017DA0
0171A0
016520
015810
014A80
013C60
012DC0
011E90
010EE0
00FEA0
00EDE0
00DC90
00CAC0
00B870
00A590
009220
007E50
006A10
005560
004050
002AC0
0014D0
FFFE80
FFE7B0
FFD080
FFB8D0
FFA0C0
FF8850
FF6F60
FF5610
FF3C50
FF2220
FF07B0
FEECF0
FED1F0
FEB6A0
FE9B10
FE7F30
FE6310
FE46A0
FE29F0
FE0CF0
FDEFB0
FDD230
FDB450
FD9640
FD77E0
FD5930
FD3A70
FD1B80
FCFC80
FCDD60
FCBE20
FC9EC0
FC7F40
FC5FA0
FC3FF0
FC2010
FC0010
FBE000
FBBFD0
FB9F80
FB7F00
FB5E70
FB3DF0
FB1D80
FAFD20
FADCC0
FABC80
FA9C40
FA7C10
FA5BF0
FA3BE0
FA1BE0
F9FBE0
F9DC00
F9BC20
F99C50
F97C90
F95CE0
F93D70
F91E30
F8FF30
F8E060
F8C1D0
F8A370
F88550
F86770
F849C0
F82C50
F80F10
F7F210
F7D540
F7B8B0
F79C50
F78040
F76480
F74920
F72E20
F71380
F6F940
F6DF60
F6C5E0
F6ACC0
F69410
F67BB0
F663B0
F64C10
F634D0
F61E00
F60780
F5F160
F5DBC0
F5C6B0
F5B210
F59E00
F58A60
F57750
F564B0
F552A0
F54110
F52FF0
F51F60
F50F50
F4FFC0
F4F0B0
F4E220
F4D410
F4C6A0
F4B9C0
F4AD70
F4A1C0
F496B0
F48C30
F48240
F47900
F47040
F46820
F460A0
F459B0
F45350
F44D90
F44870
F443E0
F43FF0
F43CB0
F43A10
F43820
F436D0
F43620
F43620
F436C0
F43800
F439F0
F43C80
F43FB0
F44390
F44810
F44D40
F45310
F45980
F460A0
F46870
F470E0
F479F0
F483B0
F48E10
F49920
F4A4D0
F4B130
F4BE30
F4CBE0
F4DA30
F4E930
F4F8D0
F50910
F51A00
F52B90
F53DB0
F55080
F563F0
F577F0
F58CA0
F5A1F0
F5B7E0
F5CE70
F5E590
F5FD60
F615D0
F62EE0
F64890
F662E0
F67DC0
F69920
F6B520
F6D1A0
F6EEC0
F70C60
F72A90
F74950
F76890
F78870
F7A8D0
F7C9D0
F7EB50
F80D60
F83000
F85320
F876C0
F89AE0
F8BF60
F8E460
F909D0
F92FB0
F95600
F97CD0
F9A400
F9CBC0
F9F3E0
FA1C70
FA4580
FA6F00
FA98F0
FAC360
FAEE10
FB1920
FB4480
FB7030
FB9C20
FBC880
FBF520
FC2210
FC4F50
FC7CF0
FCAAD0
FCD910
FD07A0
FD3680
FD65B0
FD9530
FDC4E0
FDF4B0
FE24C0
FE54F0
FE8550
FEB5D0
FEE680
FF1760
FF4870
FF79A0
FFAB00
FFDC90
000E50
004030
007240
00A480
00D6C0
010900
013B40
016D80
019FD0
01D210
020460
0236B0
026900
029B50
02CDA0
030000
033250
0364B0
039710
03C960
03FBA0
042DB0
045FA0
049160
04C2F0
04F460
0525B0
0556E0
0587D0
05B8B0
05E960
0619E0
064A40
067A80
06AA90
06DA70
070A10
073960
076860
079710
07C570
07F380
082140
084EB0
087BD0
08A8B0
08D530
090170
092D50
0958F0
098440
09AF30
09D9C0
0A03D0
0A2D80
0A56B0
0A7F60
0AA7B0
0ACF80
0AF6E0
0B1DD0
0B4450
0B6A60
0B8FF0
0BB510
0BD9C0
0BFE00
0C21C0
0C4500
0C67A0
0C89B0
0CAB40
0CCC30
0CEC90
0D0C60
0D2BB0
0D4A60
0D6880
0D8610
0DA310
0DBF70
0DDB50
0DF6A0
0E1160
0E2B70
0E44E0
0E5DA0
0E75C0
0E8D30
0EA400
0EBA30
0ECFB0
0EE480
0EF8B0
0F0C30
0F1F10
0F3150
0F42E0
0F53C0
0F6410
0F7390
0F8270
0F9090
0F9E00
0FAAC0
0FB6D0
0FC220
0FCCC0
0FD6B0
0FDFE0
0FE870
0FF040
0FF760
0FFDC0
100370
100880
100CC0
101050
101330
101550
1016B0
101760
101750
101690
101520
1012F0
101000
100C60
100800
1002F0
0FFD20
0FF6A0
0FEF70
0FE780
0FDEF0
0FD5B0
0FCBB0
0FC110
0FB5B0
0FA9B0
0F9CF0
0F8F90
0F8170
0F72B0
0F6330
0F5310
0F4230
0F30A0
0F1E80
0F0BB0
0EF840
0EE440
0ECF90
0EBA50
0EA470
0E8DE0
0E76C0
0E5F00
0E4690
0E2D90
0E13F0
0DF9B0
0DDED0
0DC350
0DA750
0D8AC0
0D6DC0
0D5030
0D3220
0D1380
0CF470
0CD4D0
0CB4B0
0C9410
0C72F0
0C5140
0C2F10
0C0C60
0BE930
0BC580
0BA160
0B7CF0
0B5810
0B32E0
0B0D50
0AE750
0AC100
0A9A40
0A7330
0A4BC0
0A23E0
09FBB0
09D310
09AA20
0980D0
095710
092D30
090300
08D8B0
08AE20
088360
085860
082D30
0801D0
07D630
07AA60
077E50
075210
0725A0
06F8F0
06CC10
069F00
0671E0
0644B0
061780
05EA50
05BD10
058FC0
056270
053520
0507C0
04DA50
04ACE0
047F70
0451F0
042460
03F6D0
03C930
039BC0
036E70
034150
031440
02E770
02BAB0
028E20
0261C0
023570
020950
01DD60
01B190
0185E0
015A50
012EF0
0103C0
00D8D0
00AE40
0083F0
005A00
003060
000710
FFDE20
FFB570
FF8D20
FF6510
FF3D60
FF1600
FEEEF0
FEC830
FEA1D0
FE7BB0
FE5610
FE30F0
FE0C40
FDE800
FDC440
FDA100
FD7E30
FD5BD0
FD39F0
FD1880
FCF790
FCD720
FCB720
FC9790
FC7880
FC59E0
FC3BE0
FC1E70
FC01A0
FBE550
FBC9B0
FBAE90
FB9410
FB7A20
FB60D0
FB4810
FB2FF0
FB1850
FB0150
FAEAF0
FAD520
FABFE0
FAAB50
FA9760
FA8420
FA7180
FA5F90
FA4E40
FA3DA0
FA2DA0
FA1E50
FA0FA0
FA01A0
F9F440
F9E790
F9DB80
F9D020
F9C560
F9BB50
F9B1F0
F9A940
F9A140
F999F0
F99340
F98D40
F98800
F98360
F97F70
F97C30
F979A0
F977B0
F97680
F975F0
F97620
F976E0
F97860
F97A70
F97D30
F98090
F984A0
F98950
F98EB0
F994B0
F99B50
F9A2A0
F9AA90
F9B330
F9BC70
F9C660
F9D0E0
F9DC10
F9E7C0
F9F400
FA00E0
FA0E50
FA1C50
FA2AF0
FA3A20
FA49E0
FA5A30
FA6B10
FA7C90
FA8E90
FAA130
FAB470
FAC830
FADC70
FAF120
FB0650
FB1BF0
FB3200
FB4890
FB5F90
FB7700
FB8EF0
FBA750
FBC020
FBD970
FBF330
FC0D60
FC2810
FC4330
FC5EA0
FC7A60
FC9670
FCB2D0
FCCF80
FCEC80
FD09D0
FD2770
FD4560
FD63A0
FD8230
FDA100
FDC030
FDDFB0
FDFF80
FE1F90
FE3FD0
FE6040
FE80C0
FEA170
FEC240
FEE330
FF0450
FF2590
FF46F0
FF6880
FF8A20
FFAC00
FFCDF0
FFF000
001240
0034B0
005700
007960
009BB0
00BE00
00E040
010280
0124C0
0146F0
016920
018B40
01AD60
01CF80
01F190
0213A0
0235B0
0257B0
027990
029B30
02BCB0
02DE00
02FF20
032010
0340D0
036170
0381D0
03A210
03C220
03E200
0401B0
042140
044090
045FC0
047EA0
049D20
04BB60
04D950
04F6F0
051450
053150
054E00
056A70
058680
05A250
05BDC0
05D8F0
05F3D0
060E60
062890
064270
065BE0
0674F0
068D90
06A5D0
06BDA0
06D510
06EC10
0702B0
0718F0
072EC0
074430
075930
076DD0
078200
0795D0
07A930
07BC10
07CE80
07E080
07F210
080330
0813D0
082400
0833C0
084310
0851E0
086040
086E30
087BB0
0888B0
089550
08A170
08AD10
08B840
08C300
08CD50
08D720
08E080
08E960
08F1D0
08F9D0
090150
090870
090F00
091530
091AE0
092010
0924E0
092940
092D40
0930C0
0933E0
093680
0938D0
093AA0
093C00
093D00
093D90
093DB0
093D60
093CA0
093B80
0939E0
0937F0
0935B0
093300
093000
092CA0
0928E0
0924D0
092050
091B80
091650
0910D0
090AF0
0904B0
08FE10
08F710
08EFC0
08E820
08E040
08D810
08CFA0
08C6F0
08BDF0
08B4B0
08AB20
08A150
089740
088CE0
088230
087750
086C20
0860A0
0854E0
0848F0
083CD0
083080
082410
081760
080A80
07FD80
07F040
07E2E0
07D540
07C780
07B990
07AB70
079D20
078EA0
077FF0
077120
076240
075340
074430
073500
0725B0
071650
0706E0
06F740
06E790
06D7D0
06C7F0
06B800
06A7E0
0697C0
068770
067730
0666D0
065680
064620
0635B0
062540
0614D0
060450
05F3D0
05E340
05D2B0
05C220
05B180
05A0D0
059030
057F70
056EC0
055E10
054D70
053CC0
052C20
051B70
050AD0
04FA30
04E9A0
04D900
04C860
04B7D0
04A740
0496B0
048620
0475A0
046510
0454A0
044420
0433B0
042340
0412E0
040280
03F220
03E1D0
03D180
03C130
03B0F0
03A0B0
039070
038040
037020
035FF0
034FC0
033FA0
032F70
031F40
030F20
02FEF0
02EEC0
02DEA0
02CE70
02BE50
02AE20
029E00
028DE0
027DB0
026D90
025D60
024D20
023CE0
022C90
021C40
020BE0
01FB80
01EB00
01DA90
01CA00
01B980
01A8E0
019840
018790
0176E0
016620
015550
014460
013350
012240
011100
00FFB0
00EE50
00DCD0
00CB40
00B990
00A7C0
0095F0
0083F0
0071E0
005FC0
004D80
003B20
002890
0015E0
000310
FFF010
FFDD00
FFC9B0
FFB650
FFA2C0
FF8F00
FF7B20
FF6720
FF5300
FF3EB0
FF2A40
FF15B0
FF00E0
FEEBF0
FED6D0
FEC170
FEABF0
FE9640
FE8050
FE6A40
FE5400
FE3D90
FE26F0
FE1020
FDF920
FDE1F0
FDCA80
FDB2F0
FD9B30
FD8340
FD6B10
FD52C0
FD3A30
FD2170
FD0870
FCEF50
FCD5F0
FCBC60
FCA2A0
FC88B0
FC6E90
FC5430
FC39A0
FC1EF0
FC0400
FBE8F0
FBCDA0
FBB240
FB96A0
FB7AE0
FB5EF0
FB42E0
FB2690
FB0A20
FAED90
FAD0C0
FAB3D0
FA96C0
FA7970
FA5C00
FA3E70
FA20D0
FA0310
F9E530
F9C740
F9A930
F98B10
F96CC0
F94E70
F93000
F91170
F8F2C0
F8D400
F8B520
F89630
F87720
F85810
F83910
F81A10
F7FB10
F7DC10
F7BD10
F79E20
F77F30
F76040
F74150
F72260
F70380
F6E4A0
F6C5C0
F6A6F0
F68810
F66960
F64AE0
F62C80
F60E50
F5F040
F5D250
F5B490
F59700
F57990
F55C40
F53F20
F52230
F50560
F4E8B0
F4CC30
F4AFE0
F493D0
F47820
F45CC0
F441C0
F42700
F40CA0
F3F290
F3D8D0
F3BF70
F3A650
F38D90
F37520
F35D10
F34540
F32DD0
F316B0
F30010
F2E9F0
F2D440
F2BF20
F2AA70
F29640
F28290
F26F60
F25CB0
F24A70
F238C0
F22780
F216D0
F20690
F1F6D0
F1E780
F1D8F0
F1CAF0
F1BDA0
F1B0F0
F1A4E0
F19980
F18EC0
F184A0
F17B30
F17260
F16A30
F162B0
F15BD0
F15590
F15000
F14B00
F146D0
F14360
F140B0
F13EC0
F13DA0
F13D30
F13D80
F13E90
F14070
F14300
F14660
F14A70
F14F50
F154E0
F15B40
F16260
F16A50
F17300
F17C80
F186E0
F19200
F19DF0
F1AAB0
F1B840
F1C690
F1D5C0
F1E5B0
F1F670
F20810
F21A70
F22DA0
F24190
F25660
F26BF0
F28240
F29960
F2B140
F2CA00
F2E370
F2FDB0
F318C0
F33490
F35130
F36E90
F38CC0
F3ABB0
F3CB70
F3EBF0
F40D30
F42F10
F451A0
F474E0
F498D0
F4BD80
F4E2D0
F508D0
F52F80
F556E0
F57EE0
F5A7A0
F5D110
F5FB30
F62600
F65170
F67D70
F6A9F0
F6D700
F70480
F73290
F76120
F79030
F7BFD0
F7EFF0
F82080
F851B0
F88350
F8B580
F8E820
F91B50
F94F10
F98300
F9B740
F9EBC0
FA2090
FA55A0
FA8AF0
FAC090
FAF670
FB2CA0
FB6300
FB99B0
FBD0B0
FC07F0
FC3F70
FC7730
FCAF40
FCE750
FD1F50
FD5750
FD8F60
FDC760
FDFF60
FE3750
FE6F50
FEA740
FEDF40
FF1730
FF4F20
FF8710
FFBEF0
FFF6E0
002EC0
006660
009DA0
00D490
010B30
014190
017790
01AD40
01E2A0
0217C0
024C80
0280F0
02B510
02E8E0
031C60
034F90
038280
03B4C0
03E670
041780
044800
0477E0
04A720
04D5D0
0503E0
053150
055E30
058A70
05B620
05E130
060BA0
063580
065EC0
068730
06AEB0
06D570
06FB40
072040
074460
0767B0
078A20
07ABB0
07CC60
07EC40
080B50
082970
0846C0
086340
087ED0
089970
08B2F0
08CB70
08E2F0
08F960
090ED0
092330
093690
0948E0
095A20
096A60
0979A0
0987D0
099500
09A120
09AC30
09B630
09BF10
09C6C0
09CD60
09D2E0
09D740
09DA80
09DCA0
09DDA0
09DD80
09DC40
09D9E0
09D660
09D1C0
09CC10
09C530
09BD40
09B430
09AA00
099EC0
099250
0984E0
097640
096690
0955C0
0943D0
0930D0
091CB0
090770
08F110
08D9A0
08C110
08A780
088D00
087180
085500
083780
081900
07F990
07D920
07B7B0
079550
0771E0
074D80
072830
0701D0
06DA80
06B220
068910
065F30
063490
060930
05DD00
05B010
058260
0553F0
0524B0
04F4B0
04C3E0
049250
046000
042CF0
03F910
03C480
038F60
0359D0
0323D0
02ED50
02B650
027EE0
024700
020E90
01D5C0
019C70
0162A0
012860
00EDA0
00B270
0076D0
003AA0
FFFE60
FFC200
FF8580
FF48E0
FF0C20
FECF40
FE9240
FE5510
FE17D0
FDDA70
FD9CF0
FD5F50
FD2190
FCE3B0
FCA5B0
FC67A0
FC29B0
FBEC10
FBAEB0
FB7180
FB3490
FAF7E0
FABB70
FA7F40
FA4340
FA0780
F9CC00
F990C0
F955C0
F91B00
F8E070
F8A620
F86C70
F83340
F7FAB0
F7C2C0
F78B50
F75480
F71E40
F6E8A0
F6B390
F67F10
F64B20
F617D0
F5E500
F5B2E0
F58140
F55040
F52020
F4F0D0
F4C270
F494E0
F46830
F43C70
F41180
F3E770
F3BE40
F395F0
F36E80
F347F0
F32240
F2FD60
F2D970
F2B650
F29450
F27360
F25380
F234B0
F21700
F1FA60
F1DED0
F1C450
F1AAF0
F19290
F17B50
F16530
F15010
F13C10
F12910
F11740
F10680
F0F700
F0E8B0
F0DB80
F0CF80
F0C4B0
F0BB10
F0B290
F0AB40
F0A530
F0A040
F09C70
F099E0
F09870
F09830
F09920
F09B40
F09E80
F0A2F0
F0A880
F0AF40
F0B730
F0C040
F0CA80
F0D5E0
F0E270
F0F030
F0FF10
F10F20
F12050
F132B0
F14640
F15AD0
F17070
F18710
F19EC0
F1B780
F1D140
F1EC10
F207E0
F224D0
F242B0
F261B0
F281B0
F2A2B0
F2C4C0
F2E7E0
F30C10
F33100
F356D0
F37D70
F3A4D0
F3CD10
F3F620
F42000
F44AC0
F47640
F4A290
F4CFC0
F4FDB0
F52C80
F55C20
F58C90
F5BDC0
F5EF90
F621E0
F654B0
F68800
F6BBE0
F6F050
F72540
F75AB0
F790B0
F7C730
F7FE40
F835D0
F86DE0
F8A680
F8DFA0
F91950
F95330
F98D40
F9C780
FA01F0
FA3C90
FA7760
FAB260
FAEDA0
FB2910
FB64A0
FBA070
FBDC70
FC18A0
FC5500
FC9190
FCCE60
FD0B00
FD4770
FD83D0
FDC000
FDFC10
FE37F0
FE73C0
FEAF60
FEEAD0
FF2630
FF6160
FF9C70
FFD750
001220
004CC0
008730
00C140
00FAD0
0133F0
016CA0
01A4E0
01DCA0
0213F0
024AD0
028140
02B730
02ECC0
0321D0
035670
038A90
03BE50
03F190
042420
045610
048740
04B7C0
04E790
0516C0
054530
0572F0
05A000
05CC70
05F820
062320
064D70
067720
06A010
06C850
06EFC0
071650
073C10
076100
078510
07A840
07CAA0
07EC30
080CE0
082CC0
084BC0
0869F0
088750
08A3D0
08BF70
08DA50
08F430
090D40
092560
093CB0
095300
096880
097D10
0990D0
09A390
09B580
09C680
09D6B0
09E5E0
09F440
0A01B0
0A0E50
0A1A00
0A24E0
0A2EF0
0A3820
0A4080
0A4810
0A4EC0
0A5490
0A5990
0A5DC0
0A6110
0A6380
0A6530
0A65F0
0A65F0
0A6500
0A6370
0A6130
0A5E40
0A5A90
0A5640
0A5130
0A4B80
0A4510
0A3DF0
0A3630
0A2DB0
0A2480
0A1AA0
0A1010
0A04D0
09F8E0
09EC70
09DF90
09D240
09C470
09B620
09A760
099820
098870
097840
0967A0
095680
0944F0
0932E0
092060
090D60
08F9E0
08E640
08D260
08BE50
08AA00
089580
0880D0
086BF0
0856D0
084190
082C10
081650
080060
07EA50
07D3F0
07BD70
07A6B0
079010
077970
0762F0
074C70
073610
071FC0
070990
06F360
06DD50
06C740
06B150
069B70
0685A0
066FE0
065A30
0644A0
062F50
061A60
0605C0
05F170
05DD70
05C9C0
05B660
05A350
0590A0
057E30
056C20
055A60
0548F0
0537D0
052700
051680
050690
04F710
04E820
04D9B0
04CBD0
04BE70
04B180
04A530
049950
048E00
048320
0478D0
046F10
0465C0
045D00
0454C0
044D20
044620
043FC0
043A00
0434E0
043070
042C90
042950
0426B0
0424C0
042360
0422A0
042290
042310
042440
042600
042870
042B80
042F40
0433A0
0438A0
043E50
0444A0
044BA0
045340
045B80
046470
046E00
047840
048310
048EA0
049AC0
04A780
04B4D0
04C2A0
04D110
04E000
04EF90
04FFB0
051050
052190
053360
0545B0
0558A0
056C10
058020
0594C0
05A9E0
05BF70
05D560
05EBC0
060270
061990
063110
064900
066140
0679F0
069300
06AC80
06C650
06E090
06FB30
071640
0731A0
074D30
0768F0
0784C0
07A0C0
07BCE0
07D930
07F5A0
081230
082EF0
084BD0
0868D0
088600
08A350
08C0C0
08DE60
08FC10
0919B0
093730
095480
0971B0
098EC0
09ABA0
09C870
09E510
0A0190
0A1DF0
0A3A20
0A5630
0A7220
0A8DF0
0AA9A0
0AC520
0AE040
0AFAE0
0B1520
0B2EE0
0B4840
0B6130
0B79A0
0B91B0
0BA950
0BC080
0BD740
0BED90
0C0370
0C18F0
0C2DF0
0C4280
0C5660
0C6990
0C7C10
0C8DD0
0C9EF0
0CAF50
0CBF00
0CCE00
0CDC40
0CE9E0
0CF6C0
0D02F0
0D0E60
0D1930
0D2340
0D2CB0
0D3520
0D3CB0
0D4360
0D4920
0D4E00
0D51F0
0D5500
0D5720
0D5860
0D58B0
0D5820
0D56A0
0D5440
0D5100
0D4CC0
0D47B0
0D4190
0D3A60
0D3230
0D2900
0D1EC0
0D1380
0D0740
0CF9F0
0CEBA0
0CDC40
0CCBE0
0CBA80
0CA810
0C94A0
0C8020
0C6AB0
0C5420
0C3C90
0C2400
0C0A60
0BEFC0
0BD410
0BB760
0B99B0
0B7AF0
0B5B20
0B3A50
0B1880
0AF5A0
0AD1B0
0AACD0
0A86D0
0A5FF0
0A3830
0A0F70
09E5D0
09BB40
098FC0
096350
093600
0907C0
08D890
08A870
087770
084580
0812A0
07DED0
07AA20
0774B0
073E90
0707B0
06D030
0697E0
065EF0
062540
05EAE0
05AFC0
0573F0
053770
04FA30
04BC40
047DA0
043E50
03FE40
03BDC0
037CE0
033B90
02F9E0
02B7C0
027530
023240
01EEF0
01AB20
0166F0
012260
00DD60
009800
005220
000BF0
FFC540
FF7E90
FF37E0
FEF110
FEAA40
FE6360
FE1C70
FDD580
FD8E80
FD4770
FD0060
FCB930
FC7210
FC2AD0
FBE380
FB9C30
FB54E0
FB0DD0
FAC720
FA80D0
FA3AD0
F9F520
F9AFD0
F96AE0
F92640
F8E1F0
F89E00
F85A60
F81720
F7D430
F791A0
F74F60
F70D70
F6CC40
F68BD0
F64C10
F60D00
F5CEB0
F59110
F55420
F51800
F4DC80
F4A1C0
F467B0
F42E60
F3F5C0
F3BDE0
F386B0
F35040
F31AD0
F2E660
F2B300
F280B0
F24F60
F21F10
F1EFD0
F1C1A0
F19470
F16840
F13D20
F11310
F0EA00
F0C1F0
F09AF0
F07500
F05040
F02CD0
F00AA0
EFE9B0
EFCA00
EFAB90
EF8E70
EF7290
EF57E0
EF3E80
EF2660
EF0F90
EEF9F0
EEE590
EED280
EEC0B0
EEB040
EEA120
EE9370
EE8720
EE7C20
EE7290
EE6A50
EE6380
EE5E00
EE59E0
EE5730
EE55D0
EE55D0
EE5730
EE59F0
EE5E20
EE6390
EE6A70
EE72A0
EE7C30
EE8720
EE9370
EEA110
EEB020
EEC080
EED230
EEE550
EEF9C0
EF0F90
EF26C0
EF3F40
EF5930
EF7440
EF90A0
EFAE20
EFCCF0
EFECE0
F00E20
F03080
F05420
F07900
F09F10
F0C660
F0EEE0
F11890
F14380
F16FB0
F19D00
F1CB60
F1FAA0
F22AE0
F25C10
F28E30
F2C140
F2F550
F32A50
F36040
F39720
F3CF00
F407D0
F44190
F47C40
F4B7F0
F4F490
F531C0
F56F90
F5AE00
F5ED00
F62C90
F66CC0
F6AD80
F6EEE0
F730E0
F77370
F7B690
F7FA50
F83EB0
F883A0
F8C920
F90F50
F95590
F99C10
F9E2C0
FA2990
FA7090
FAB7C0
FAFF20
FB46B0
FB8E70
FBD650
FC1E60
FC66A0
FCAF10
FCF7B0
FD4070
FD8970
FDD220
FE1A90
FE62C0
FEAAA0
FEF250
FF39B0
FF80D0
FFC7B0
000E50
0054B0
009AC0
00E0A0
012630
016B80
01B090
01F550
023970
027CE0
02BFA0
0301B0
034310
0383D0
03C3D0
040330
0441E0
047FE0
04BD30
04F9D0
0535C0
057110
05ABA0
05E590
061E70
065650
068D20
06C2E0
06F7A0
072B50
075E00
078FA0
07C040
07EFD0
081E60
084BE0
087850
08A3C0
08CE30
08F780
091F90
094660
096BD0
099000
09B2E0
09D480
09F4C0
0A13C0
0A3170
0A4DD0
0A68F0
0A82C0
0A9B40
0AB270
0AC860
0ADD00
0AF030
0B01F0
0B1240
0B2120
0B2E90
0B3A90
0B4520
0B4E50
0B5600
0B5C40
0B6120
0B6480
0B6680
0B6710
0B6620
0B63D0
0B6010
0B5AD0
0B5430
0B4C20
0B4290
0B37A0
0B2B40
0B1D60
0B0E20
0AFD70
0AEB40
0AD7B0
0AC2A0
0AAC30
0A9450
0A7AF0
0A6050
0A4460
0A2720
0A0890
09E8C0
09C790
09A520
098160
095C40
0935F0
090E40
08E540
08BB00
088F60
086280
083450
080510
07D4C0
07A370
077110
073DA0
070920
06D390
069D00
066550
062CA0
05F2E0
05B820
057C40
053F60
050170
04C270
0482C0
044260
040150
03BF80
037D10
0339E0
02F600
02B170
026C30
022640
01DF90
019840
015030
010770
00BE00
0073E0
002970
FFDEC0
FF93D0
FF4890
FEFD10
FEB140
FE6530
FE18D0
FDCC30
FD7F40
FD3210
FCE4A0
FC96E0
FC48D0
FBFA90
FBABF0
FB5D90
FB0F50
FAC140
FA7350
FA25A0
F9D810
F98AA0
F93D70
F8F060
F8A370
F856C0
F80A30
F7BDD0
F77190
F72590
F6D9A0
F68E60
F643B0
F5F9A0
F5B020
F56740
F51F00
F4D750
F49040
F449C0
F403E0
F3BEA0
F379F0
F335E0
F2F260
F2AF80
F26D40
F22BF0
F1EBA0
F1AC50
F16DF0
F13080
F0F420
F0B8B0
F07E40
F044C0
F00C40
EFD4C0
EF9E30
EF68A0
EF3400
EF0070
EECDC0
EE9C60
EE6C50
EE3D70
EE0FE0
EDE390
EDB890
ED8EC0
ED6640
ED3F00
ED1910
ECF450
ECD0E0
ECAEB0
EC8DD0
EC6E30
EC4FC0
EC32D0
EC1750
EBFD40
EBE4A0
EBCD80
EBB7C0
EBA370
EB9090
EB7F20
EB6F20
EB60A0
EB5380
EB47D0
EB3D90
EB34D0
EB2D70
EB2790
EB2340
EB2060
EB1F00
EB1F10
EB20B0
EB23D0
EB2860
EB2E80
EB3610
EB3F20
EB49B0
EB55C0
EB6350
EB7260
EB82E0
EB94E0
EBA830
EBBD00
EBD330
EBEAD0
EC03D0
EC1E40
EC3A20
EC5760
EC7610
EC9630
ECB7B0
ECDAA0
ECFF00
ED24C0
ED4BE0
ED7450
ED9DE0
EDC8B0
EDF4C0
EE2200
EE5080
EE8030
EEB110
EEE330
EF1690
EF4B20
EF80E0
EFB7E0
EFF010
F02980
F06420
F09FB0
F0DC30
F11990
F157E0
F19710
F1D730
F21840
F25A30
F29D20
F2E0E0
F325A0
F36B40
F3B1C0
F3F940
F441A0
F48AE0
F4D4C0
F51F20
F56A10
F5B590
F601A0
F64E30
F69B50
F6E900
F73740
F78610
F7D560
F82550
F875C0
F8C6C0
F91840
F96A60
F9BCA0
FA0F00
FA6180
FAB430
FB0700
FB59F0
FBAD10
FC0050
FC53B0
FCA740
FCFAE0
FD4EC0
FDA2B0
FDF6D0
FE4B10
FE9F70
FEF390
FF4770
FF9B10
FFEE70
004180
009460
00E6F0
013940
018B50
01DD10
022EA0
027FE0
02D0E0
0321A0
037220
03C260
0411F0
0460F0
04AF40
04FCF0
054A00
059670
05E230
062D60
0677E0
06C1D0
070B10
0753B0
079BB0
07E310
0829C0
086FE0
08B500
08F940
093C80
097ED0
09C030
0A00A0
0A4020
0A7EB0
0ABC50
0AF900
0B34B0
0B6F80
0BA950
0BE240
0C1A30
0C5140
0C8710
0CBBD0
0CEF50
0D21B0
0D52F0
0D82F0
0DB1E0
0DDF90
0E0C30
0E3790
0E61D0
0E8AF0
0EB2D0
0ED9A0
0EFF30
0F23B0
0F46D0
0F68C0
0F8950
0FA8B0
0FC6C0
0FE390
0FFF10
101950
103240
1049F0
106060
107580
108960
109BF0
10AD40
10BD50
10CC10
10D990
10E5C0
10F0B0
10FA50
1102C0
1109D0
110FB0
111430
111780
111980
111A40
1119B0
1117E0
1114C0
111060
110AD0
110410
10FC30
10F310
10E8D0
10DD60
10D0C0
10C2F0
10B3F0
10A3C0
109270
107FE0
106C30
105750
104140
102A00
1011C0
0FF890
0FDE60
0FC330
0FA710
0F89E0
0F6BC0
0F4CB0
0F2C90
0F0B80
0EE970
0EC660
0EA260
0E7D60
0E5760
0E3060
0E08B0
0DE040
0DB720
0D8D40
0D62B0
0D3760
0D0B60
0CDEA0
0CB130
0C8300
0C5420
0C2480
0BF420
0BC310
0B9150
0B5ED0
0B2BF0
0AF8A0
0AC4E0
0A90C0
0A5C40
0A2750
09F200
09BC40
098620
094FA0
0918B0
08E150
08A990
087170
0838E0
07FFE0
07C6E0
078DC0
075490
071B50
06E1F0
06A880
066F00
063570
05FBD0
05C210
058840
054E60
051470
04DA70
04A050
046620
042C30
03F280
03B910
037FD0
0346E0
030E20
02D5B0
029D70
026570
022DC0
01F640
01BEF0
0187F0
015130
011AB0
00E460
00AEA0
007970
0044B0
001080
FFDCE0
FFA9C0
FF7720
FF4510
FF1380
FEE270
FEB1F0
FE81F0
FE5270
FE2380
FDF520
FDC730
FD9A10
FD6DA0
FD4200
FD1710
FCECE0
FCC370
FC9AC0
FC72D0
FC4BA0
FC2530
FBFF70
FBDA80
FBB640
FB92C0
FB7000
FB4E10
FB2CF0
FB0CB0
FAED60
FACF00
FAB170
FA94D0
FA7910
FA5E30
FA4430
FA2B20
FA12F0
F9FBB0
F9E540
F9CFC0
F9BB20
F9A770
F994A0
F982D0
F97200
F96210
F95320
F94520
F93810
F92BF0
F920D0
F916A0
F90D70
F90520
F8FDD0
F8F770
F8F200
F8ED90
F8EA00
F8E770
F8E5C0
F8E500
F8E530
F8E650
F8E860
F8EB60
F8EF40
F8F420
F8F9F0
F900A0
F90840
F910D0
F91A50
F924C0
F93010
F93C20
F94910
F956D0
F96560
F974C0
F98500
F99610
F9A7F0
F9BAA0
F9CE20
F9E280
F9F7B0
FA0DB0
FA2480
FA3C30
FA5480
FA6D80
FA8720
FAA170
FABC60
FAD800
FAF450
FB1140
FB2EE0
FB4D20
FB6C10
FB8BB0
FBABF0
FBCCE0
FBEE70
FC10B0
FC3360
FC5680
FC7A10
FC9E20
FCC290
FCE770
FD0CD0
FD32A0
FD58E0
FD7F90
FDA6B0
FDCE40
FDF640
FE1EC0
FE47A0
FE7100
FE9A90
FEC450
FEEE40
FF1870
FF42D0
FF6D60
FF9830
FFC330
FFEE60
0019C0
004560
007130
009D30
00C970
00F5D0
012280
014F10
017BA0
01A820
01D490
020100
022D60
0259C0
028610
02B250
02DE80
030AB0
0336D0
0362F0
038F00
03BB00
03E700
0412B0
043E20
046950
049430
04BED0
04E930
051340
053D20
0566A0
058FF0
05B8F0
05E1B0
060A30
063260
065A50
0681F0
06A930
06CFE0
06F630
071C00
074160
076640
078AB0
07AEB0
07D230
07F540
0817D0
0839F0
085BA0
087CD0
089D90
08BDE0
08DD90
08FCA0
091B20
093910
095650
097310
098F20
09AAA0
09C590
09DFE0
09F9A0
0A12C0
0A2B40
0A4330
0A5A80
0A7140
0A8750
0A9CB0
0AB170
0AC580
0AD8E0
0AEB90
0AFDA0
0B0F00
0B1FC0
0B2FC0
0B3F20
0B4DD0
0B5BE0
0B6940
0B75F0
0B81F0
0B8D50
0B97F0
0BA1F0
0BAB40
0BB3D0
0BBBC0
0BC300
0BC9A0
0BCF80
0BD4B0
0BD940
0BDD10
0BE040
0BE2B0
0BE480
0BE5A0
0BE620
0BE600
0BE530
0BE3D0
0BE1C0
0BDF20
0BDBD0
0BD7F0
0BD360
0BCE30
0BC860
0BC200
0BBAF0
0BB340
0BAAF0
0BA1F0
0B9880
0B8E80
0B8400
0B7900
0B6D70
0B6160
0B54D0
0B47B0
0B3A10
0B2BF0
0B1D50
0B0E20
0AFE70
0AEE30
0ADD80
0ACC30
0ABAA0
0AA8A0
0A9640
0A8390
0A7070
0A5D00
0A4930
0A3500
0A2070
0A0B80
09F640
09E090
09CA90
09B430
099D70
098650
096F00
095780
093FD0
0927F0
090FE0
08F790
08DF20
08C670
08ADA0
089490
087B50
0861E0
084850
082E80
081480
07FA40
07E010
07C5E0
07ABA0
079160
077720
075CE0
0742A0
072860
070E10
06F3D0
06D980
06BF30
06A4E0
068A80
067030
0655D0
063BA0
0621A0
0607C0
05EE00
05D470
05BB10
05A1D0
0588C0
056FD0
055710
053E80
052610
050DC0
04F5A0
04DDB0
04C5E0
04AE60
049730
048050
0469B0
045370
043D70
0427D0
041270
03FD60
03E890
03D420
03C000
03AC20
039890
038560
037270
035FE0
034DC0
033C00
032AB0
0319D0
030950
02F930
02E980
02DA30
02CB50
02BCD0
02AEC0
02A120
0293D0
028700
027A80
026E80
026300
0257F0
024D50
024330
023980
023040
022770
021F20
021750
020FF0
020900
020280
01FC80
01F6F0
01F1E0
01ED40
01E910
01E560
01E220
01DF60
01DD10
01DB30
01D9D0
01D8E0
01D870
01D870
01D8E0
01D9D0
01DB30
01DD10
01DF60
01E210
01E540
01E8D0
01ECC0
01F130
01F600
01FB30
0200E0
0206F0
020D60
021450
021BA0
022360
022B80
023410
023D10
024660
025000
025A00
026450
026EF0
0279F0
028530
0290D0
029CD0
02A910
02B5B0
02C2B0
02CFF0
02DD90
02EB80
02F9D0
030850
031700
0325F0
033510
034460
0353F0
0363C0
0373C0
0383F0
039460
03A500
03B5E0
03C6F0
03D830
03E9B0
03FB70
040D30
041F20
043110
044320
045550
046780
0479D0
048C40
049EC0
04B150
04C400
04D6C0
04E9A0
04FC90
050F90
0522B0
0535C0
0548C0
055BC0
056EB0
0581A0
059480
05A750
05BA10
05CCD0
05DF80
05F230
0604D0
061760
0629E0
063C60
064EE0
066120
067350
068550
069720
06A8D0
06BA50
06CBB0
06DCF0
06EE00
06FEF0
070FB0
072050
0730C0
074110
075130
076130
0770F0
078070
078FB0
079EC0
07AD90
07BC10
07CA60
07D870
07E640
07F3E0
080130
080E50
081B30
0827D0
083430
084050
084C30
0857C0
086310
086E10
0878C0
088330
088D50
089730
08A0C0
08AA10
08B310
08BBD0
08C440
08CC60
08D440
08DBD0
08E320
08EA20
08F0D0
08F740
08FD60
090330
0908C0
090E00
0912F0
0917A0
091C00
092010
0923E0
092760
092A90
092D80
093020
093290
0934B0
093690
093820
093980
093A90
093B70
093C00
093C40
093C50
093C10
093BA0
093AE0
0939E0
093890
093720
093570
093390
093180
092F40
092CC0
092A10
092740
092420
0920E0
091D70
0919C0
0915E0
0911D0
090D80
090910
090470
08FFC0
08FAF0
08F610
08F100
08EBE0
08E690
08E140
08DBC0
08D620
08D070
08CAA0
08C4B0
08BEA0
08B880
08B230
08ABF0
08A5A0
089F50
089900
0892A0
088C50
0885F0
087F90
087920
0872C0
086C50
0865E0
085F60
0858F0
085270
084BF0
084580
083F30
0838E0
0832B0
082C90
082690
082090
081AB0
0814E0
080F20
080970
0803E0
07FE60
07F8F0
07F390
07EE40
07E920
07E420
07DF50
07DAA0
07D620
07D1C0
07CD80
07C970
07C580
07C1C0
07BE20
07BAA0
07B750
07B430
07B120
07AE50
07ABA0
07A930
07A6E0
07A4D0
07A300
07A150
079FD0
079E90
079D80
079CA0
079C00
079B80
079B40
079B30
079B50
079BB0
079C40
079D00
079E00
079F30
07A0A0
07A240
07A420
07A640
07A880
07AB10
07ADD0
07B0C0
07B3F0
07B750
07BAF0
07BEC0
07C2D0
07C700
07CB70
07D010
07D4E0
07D9E0
07DF20
07E480
07EA20
07EFE0
07F5E0
07FC10
080280
080910
080FE0
0816D0
081DF0
082540
082CA0
083430
083BF0
0843C0
084BC0
0853E0
085C30
0864A0
086D30
0875F0
087EC0
0887D0
0890F0
089A40
08A3A0
08AD10
08B690
08C020
08C9C0
08D370
08DD30
08E710
08F0F0
08FAE0
0904F0
090F00
091930
092360
092DB0
093810
094260
094CB0
0956F0
096130
096B70
0975A0
097FD0
0989F0
099410
099E20
09A830
09B230
09BC30
09C630
09D020
09DA00
09E3D0
09ED80
09F700
0A0070
0A09B0
0A12E0
0A1BE0
0A24D0
0A2DA0
0A3640
0A3ED0
0A4730
0A4F80
0A57A0
0A5FB0
0A6790
0A6F40
0A76C0
0A7E00
0A8510
0A8BE0
0A9280
0A98E0
0A9F10
0AA500
0AAAC0
0AB050
0AB5A0
0ABAB0
0ABF90
0AC440
0AC8B0
0ACCE0
0AD0C0
0AD450
0AD7B0
0ADAB0
0ADD70
0ADFF0
0AE220
0AE400
0AE5A0
0AE6F0
0AE800
0AE8D0
0AE940
0AE980
0AE960
0AE900
0AE840
0AE730
0AE5D0
0AE420
0AE220
0ADFC0
0ADD10
0ADA10
0AD6C0
0AD310
0ACF20
0ACAD0
0AC630
0AC130
0ABBF0
0AB650
0AB060
0AAA10
0AA380
0A9C90
0A9540
0A8DB0
0A85C0
0A7D80
0A74E0
0A6BF0
0A62B0
0A5920
0A4F30
0A44F0
0A3A50
0A2F70
0A2440
0A18C0
0A0CF0
0A00D0
09F460
09E7A0
09DA90
09CD40
09BF90
09B1A0
09A350
0994C0
0985E0
0976B0
096720
095760
094760
093720
0926A0
0915E0
0904D0
08F390
08E210
08D040
08BE40
08ABF0
089970
0886A0
087390
086050
084CC0
083910
082520
081110
07FCD0
07E860
07D3D0
07BF00
07AA10
0794F0
077FA0
076A20
075480
073EB0
0728A0
071270
06FC20
06E5A0
06CF20
06B870
06A1C0
068AF0
067400
065D00
0645F0
062EC0
061780
060020
05E8B0
05D120
05B980
05A1C0
0589F0
057220
055A50
054280
052AA0
0512D0
04FB00
04E330
04CB50
04B380
049BA0
0483D0
046BF0
045420
043C40
042470
040C90
03F4D0
03DD20
03C580
03ADF0
039670
037F10
0367C0
035080
033950
032230
030B30
02F440
02DD60
02C690
02AFE0
029930
0282B0
026C50
025620
024000
022A10
021440
01FEA0
01E910
01D3B0
01BE70
01A950
019450
017F80
016AD0
015640
0141D0
012D90
011980
0105A0
00F1E0
00DE60
00CB00
00B7C0
00A4C0
0091E0
007F40
006CC0
005A60
004840
003640
002480
0012D0
000160
FFF020
FFDF20
FFCE40
FFBD90
FFAD10
FF9CC0
FF8CB0
FF7CC0
FF6D00
FF5D80
FF4E20
FF3F00
FF3010
FF2140
FF12B0
FF0440
FEF610
FEE810
FEDA30
FECC90
FEBF10
FEB1D0
FEA4B0
FE97C0
FE8B10
FE7E80
FE7220
FE6600
FE5A00
FE4E30
FE4290
FE3720
FE2BD0
FE20C0
FE15C0
FE0B00
FE0060
FDF5F0
FDEBB0
FDE190
FDD7A0
FDCDE0
FDC440
FDBAD0
FDB190
FDA870
FD9F90
FD96C0
FD8E20
FD8590
FD7D40
FD7500
FD6CF0
FD6500
FD5D30
FD5580
FD4E00
FD46A0
FD3F60
FD3850
FD3150
FD2A80
FD23E0
FD1D50
FD16E0
FD1090
FD0A50
FD0440
FCFE40
FCF870
FCF2B0
FCED10
FCE790
FCE220
FCDCE0
FCD7B0
FCD2B0
FCCDC0
FCC8F0
FCC440
FCBFA0
FCBB30
FCB6D0
FCB290
FCAE60
FCAA50
FCA660
FCA290
FC9EE0
FC9B40
FC97C0
FC9460
FC9110
FC8DE0
FC8AD0
FC87E0
FC8510
FC8250
FC7FC0
FC7D40
FC7AE0
FC7890
FC7670
FC7460
FC7270
FC70A0
FC6EF0
FC6D60
FC6BE0
FC6A80
FC6950
FC6830
FC6730
FC6660
FC65B0
FC6530
FC64C0
FC6480
FC6460
FC6470
FC6490
FC64E0
FC6550
FC65E0
FC66A0
FC6780
FC6880
FC69B0
FC6B10
FC6CA0
FC6E50
FC7040
FC7250
FC7490
FC7700
FC79A0
FC7C70
FC7F60
FC8290
FC85E0
FC8960
FC8D20
FC90F0
FC9510
FC9970
FC9E00
FCA2D0
FCA7E0
FCAD30
FCB2B0
FCB880
FCBE80
FCC4B0
FCCB30
FCD1F0
FCD8E0
FCE010
FCE780
FCEF20
FCF720
FCFF60
FD07E0
FD10B0
FD19D0
FD2340
FD2CF0
FD36F0
FD4130
FD4BC0
FD56A0
FD61D0
FD6D40
FD7900
FD8500
FD9150
FD9DF0
FDAAF0
FDB850
FDC5F0
FDD3F0
FDE250
FDF100
FE0000
FE0F60
FE1F10
FE2F10
FE3F70
FE5020
FE6130
FE7290
FE8440
FE9650
FEA8C0
FEBB90
FECEC0
FEE240
FEF620
FF0A60
FF1EF0
FF33F0
FF4940
FF5EF0
FF74F0
FF8B60
FFA220
FFB940
FFD0C0
FFE890
0000C0
001950
003230
004B70
006510
007F00
009940
00B3F0
00CEF0
00EA40
010600
012210
013E70
015B30
017850
0195C0
01B370
01D170
01EFD0
020E70
022D60
024CA0
026C30
028C00
02AC30
02CCA0
02ED60
030E80
032FE0
035190
037380
0395C0
03B820
03DAC0
03FDA0
0420A0
0443F0
046760
048B10
04AEF0
04D310
04F760
051BF0
0540B0
0565A0
058AD0
05B030
05D5B0
05FB30
0620D0
064690
066C60
069240
06B830
06DE40
070460
072AA0
0750F0
077750
079DC0
07C450
07EAF0
0811B0
083850
085EE0
088550
08ABC0
08D210
08F840
091E60
094470
096A70
099050
09B620
09DBE0
0A0180
0A2720
0A4C90
0A7200
0A9720
0ABC00
0AE0A0
0B0500
0B2910
0B4CF0
0B7080
0B93D0
0BB6E0
0BD9B0
0BFC30
0C1E80
0C4080
0C6240
0C83C0
0CA4F0
0CC5C0
0CE610
0D0600
0D2570
0D4470
0D6300
0D8120
0D9ED0
0DBC00
0DD8D0
0DF520
0E1110
0E2C80
0E4780
0E6210
0E7C30
0E95B0
0EAE90
0EC6E0
0EDE90
0EF5A0
0F0C20
0F2200
0F3740
0F4BE0
0F5FE0
0F7350
0F8620
0F9850
0FA9F0
0FBAF0
0FCB50
0FDAF0
0FE9E0
0FF800
100570
101220
101E10
102950
1033C0
103D80
104670
104EB0
105630
105D00
106300
106850
106CD0
107090
107380
107590
1076D0
107740
1076E0
1075B0
1073B0
1070E0
106D30
1068B0
106370
105D50
105660
104EA0
104600
103CA0
103260
102740
101B50
100E90
1000F0
0FF280
0FE330
0FD310
0FC220
0FB050
0F9DB0
0F8A30
0F75E0
0F60B0
0F4AC0
0F33F0
0F1C60
0F0400
0EEAD0
0ED0E0
0EB620
0E9A90
0E7E40
0E6120
0E4330
0E2480
0E0500
0DE4B0
0DC3A0
0DA1C0
0D7F10
0D5BC0
0D37B0
0D12F0
0CED90
0CC780
0CA0B0
0C7940
0C5120
0C2850
0BFED0
0BD4A0
0BA9C0
0B7E30
0B5200
0B2510
0AF770
0AC950
0A9AB0
0A6B80
0A3BD0
0A0BA0
09DAE0
09A9A0
0977D0
094580
0912B0
08DF60
08AB80
087710
084230
080CC0
07D6C0
07A080
0769E0
0732F0
06FBB0
06C420
068C40
065410
061B80
05E2A0
05A970
056FF0
053620
04FC00
04C180
0486C0
044BA0
041070
03D520
0399B0
035E30
032290
02E6E0
02AB10
026F20
023320
01F700
01BAD0
017E80
014210
010590
00C8F0
008C30
004FA0
001320
FFD6C0
FF9A80
FF5E50
FF2250
FEE660
FEAAA0
FE6EF0
FE3360
FDF7F0
FDBC90
FD8160
FD4640
FD0B40
FCD070
FC95E0
FC5BA0
FC21B0
FBE810
FBAEC0
FB75C0
FB3D20
FB04C0
FACCB0
FA94F0
FA5D90
FA2670
F9EFA0
F9B920
F98300
F94D20
F917C0
F8E2E0
F8AE70
F87A70
F846F0
F813F0
F7E160
F7AF40
F77DB0
F74C80
F71BE0
F6EBA0
F6BBF0
F68CB0
F65DE0
F62F90
F601D0
F5D4B0
F5A820
F57C20
F550B0
F525E0
F4FBA0
F4D200
F4A8E0
F48060
F45880
F43120
F40A60
F3E430
F3BEA0
F399A0
F37540
F35180
F32E70
F30BF0
F2EA20
F2C8F0
F2A860
F28870
F26920
F24A70
F22C70
F20F10
F1F250
F1D630
F1BAB0
F19FE0
F185A0
F16C10
F15320
F13AD0
F12320
F10C20
F0F5B0
F0DFF0
F0CAD0
F0B650
F0A280
F08F40
F07CB0
F06AB0
F05960
F048C0
F038A0
F02920
F01A30
F00BE0
EFFE20
EFF100
EFE470
EFD870
EFCD10
EFC240
EFB800
EFAE60
EFA560
EF9CF0
EF9510
EF8DC0
EF8700
EF80C0
EF7AF0
EF75B0
EF70F0
EF6CB0
EF68F0
EF65B0
EF62F0
EF60B0
EF5F00
EF5DC0
EF5D00
EF5CD0
EF5D10
EF5DE0
EF5F10
EF60A0
EF62A0
EF6510
EF67E0
EF6B20
EF6EC0
EF72C0
EF7730
EF7C10
EF8150
EF86F0
EF8D00
EF9380
EF9A60
EFA1A0
EFA940
EFB120
EFB940
EFC1C0
EFCA80
EFD3A0
EFDD00
EFE6A0
EFF0A0
EFFAE0
F00570
F01050
F01B80
F026F0
F032B0
F03EC0
F04B10
F05790
F06440
F07120
F07E40
F08B90
F09910
F0A6D0
F0B4C0
F0C2E0
F0D140
F0DFD0
F0EE90
F0FD90
F10CC0
F11C30
F12BB0
F13B60
F14B30
F15B20
F16B30
F17B70
F18BC0
F19C40
F1ACE0
F1BD90
F1CE80
F1DF80
F1F0A0
F201F0
F21360
F224E0
F23690
F24850
F25A30
F26C20
F27E20
F29050
F2A290
F2B4E0
F2C750
F2D9E0
F2EC80
F2FF40
F31210
F32500
F33810
F34B30
F35E70
F371B0
F38520
F39890
F3AC20
F3BFD0
F3D380
F3E750
F3FB40
F40F40
F42350
F43780
F44BB0
F46010
F47470
F48900
F49D90
F4B250
F4C720
F4DC00
F4F110
F50630
F51B60
F530C0
F54620
F55BB0
F57150
F58710
F59CF0
F5B2E0
F5C8F0
F5DF10
F5F560
F60BD0
F62250
F63900
F64FD0
F666D0
F67DE0
F69510
F6AC70
F6C3E0
F6DB80
F6F340
F70B20
F72320
F73B40
F75390
F76C00
F78490
F79D50
F7B640
F7CF60
F7E8A0
F80210
F81BA0
F83570
F84F50
F86970
F883B0
F89E20
F8B8B0
F8D370
F8EE60
F90980
F924C0
F94040
F95BF0
F977C0
F993D0
F9B010
F9CC80
F9E910
FA05E0
FA22E0
FA4010
FA5D60
FA7AF0
FA98B0
FAB6A0
FAD4C0
FAF300
FB1180
FB3030
FB4F00
FB6E10
FB8D40
FBACB0
FBCC40
FBEC10
FC0C00
FC2C30
FC4C80
FC6D00
FC8DB0
FCAEA0
FCCFA0
FCF0D0
FD1230
FD33B0
FD5550
FD7720
FD9920
FDBB30
FDDD80
FDFFE0
FE2280
FE4530
FE6810
FE8B20
FEAE50
FED1A0
FEF510
FF1890
FF3C20
FF5FC0
FF8370
FFA740
FFCB20
FFEF10
001310
003730
005B50
007F90
00A3E0
00C840
00ECC0
011140
0135C0
015A40
017EB0
01A310
01C770
01EBD0
021020
023460
0258A0
027CD0
02A100
02C520
02E930
030D40
033150
035550
037920
039CD0
03C040
03E390
0406B0
0429A0
044C60
046F00
049170
04B3B0
04D5C0
04F7A0
051960
053AF0
055C40
057D80
059E50
05BEE0
05DF10
05FF00
061E80
063DC0
065CB0
067B40
069980
06B760
06D500
06F240
070F30
072BC0
074810
076400
077F70
079A70
07B4F0
07CEF0
07E870
080170
081A00
083200
084990
0860A0
087730
088D50
08A2E0
08B800
08CCA0
08E0C0
08F440
090720
091960
092B00
093C00
094C60
095C20
096B40
0979B0
098790
0994D0
09A170
09AD60
09B8C0
09C370
09CD90
09D6F0
09DF90
09E770
09EEA0
09F510
09FAC0
09FFC0
0A0400
0A0790
0A0A50
0A0C60
0A0DC0
0A0E50
0A0E30
0A0D60
0A0BC0
0A0960
0A0640
0A0250
09FDA0
09F820
09F1E0
09EAD0
09E300
09DA60
09D100
09C6D0
09BBE0
09B030
09A3B0
099660
098850
097980
0969E0
095980
094860
093670
0923C0
091050
08FC10
08E710
08D150
08BAC0
08A370
088B60
087280
0858F0
083E80
082370
0807B0
07EB30
07CE00
07B020
079190
077250
075260
0731C0
071060
06EE50
06CB90
06A830
068400
065F30
0639B0
0613A0
05ECF0
05C5C0
059E00
0575B0
054CE0
052370
04F970
04CEF0
04A3D0
047830
044C00
041F40
03F1F0
03C410
0395A0
0366D0
0337B0
030830
02D840
02A800
027760
024660
021510
01E350
01B140
017ED0
014C00
0118D0
00E540
00B150
007D10
0048A0
001410
FFDF60
FFAA90
FF7590
FF4070
FF0B40
FED5D0
FEA050
FE6AB0
FE34E0
FDFEF0
FDC8E0
FD92A0
FD5C50
FD25D0
FCEF70
FCB930
FC8300
FC4CF0
FC1700
FBE120
FBAB70
FB75D0
FB4040
FB0AE0
FAD590
FAA050
FA6B40
FA3640
FA0160
F9CC90
F99820
F96410
F93050
F8FCF0
F8C9E0
F89730
F864D0
F832D0
F80130
F7CFE0
F79EE0
F76E40
F73E00
F70E10
F6DE70
F6AF40
F68090
F65270
F624E0
F5F7E0
F5CB70
F59F80
F57430
F54970
F51F30
F4F590
F4CC70
F4A3F0
F47BF0
F45480
F42DA0
F40760
F3E1C0
F3BCF0
F398C0
F37560
F352B0
F330C0
F30F80
F2EF00
F2CF30
F2B020
F291D0
F27430
F25750
F23B30
F21FC0
F20500
F1EB20
F1D210
F1B9E0
F1A280
F18BF0
F17630
F16150
F14D40
F13A00
F12790
F11600
F10540
F0F550
F0E640
F0D800
F0CA90
F0BE00
F0B250
F0A780
F09D90
F09470
F08C40
F084E0
F07E70
F078D0
F07410
F07030
F06D30
F06B10
F069D0
F06960
F069E0
F06B30
F06D50
F07040
F07410
F078C0
F07E30
F08480
F08BA0
F093A0
F09C70
F0A610
F0B090
F0BBE0
F0C810
F0D500
F0E2E0
F0F160
F100B0
F110C0
F12180
F13300
F14540
F15840
F16BF0
F18070
F195A0
F1AB90
F1C230
F1D9A0
F1F1C0
F20AA0
F22440
F23E70
F25940
F274A0
F29090
F2AD10
F2CA30
F2E7E0
F30630
F32510
F34480
F36490
F38530
F3A660
F3C820
F3EA80
F40D80
F430D0
F45490
F478B0
F49D40
F4C230
F4E780
F50D40
F53350
F559E0
F580C0
F5A810
F5CFC0
F5F7E0
F62060
F64940
F67280
F69C00
F6C5A0
F6EF70
F71980
F743B0
F76E10
F798A0
F7C370
F7EE60
F81980
F844D0
F87050
F89BF0
F8C7D0
F8F3E0
F92020
F94C50
F97880
F9A4B0
F9D0D0
F9FCE0
FA2900
FA5510
FA8110
FAAD10
FAD910
FB0500
FB30F0
FB5CD0
FB88B0
FBB490
FBE060
FC0C00
FC3760
FC6280
FC8D70
FCB830
FCE2A0
FD0CF0
FD36F0
FD60D0
FD8A60
FDB3C0
FDDCF0
FE05E0
FE2E90
FE5710
FE7F50
FEA730
FECEB0
FEF5D0
FF1C90
FF42E0
FF68D0
FF8E60
FFB390
FFD860
FFFCD0
0020E0
004480
0067C0
008AA0
00AD20
00CF40
00F0E0
0111F0
013280
0152A0
017230
019140
01AFD0
01CDE0
01EB70
020870
022500
024100
025C80
027780
029210
02AC00
02C570
02DE40
02F680
030E30
032540
033BC0
0351A0
036700
037BB0
038FE0
03A370
03B670
03C8D0
03DAB0
03EBE0
03FC90
040C90
041C00
042AD0
043910
0446A0
0453A0
046000
046BC0
0476F0
048170
048B60
0494B0
049D70
04A580
04AD00
04B3E0
04BA20
04BFD0
04C4F0
04C960
04CD50
04D090
04D340
04D560
04D6E0
04D7C0
04D810
04D7D0
04D6F0
04D570
04D350
04D0B0
04CD70
04C9B0
04C560
04C090
04BB30
04B540
04AEC0
04A7C0
04A040
049820
048F80
048660
047CB0
047270
0467A0
045C50
045080
044440
043790
042A60
041CC0
040EB0
040020
03F110
03E1A0
03D1B0
03C140
03B060
039F10
038D40
037B00
036850
035540
0341D0
032E00
0319E0
030560
02F080
02DB40
02C5B0
02AFC0
029970
0282D0
026BD0
025470
023CB0
0224A0
020C30
01F380
01DA90
01C160
01A7F0
018E40
017450
015A20
013FB0
012500
010A10
00EEF0
00D380
00B7D0
009BE0
007FB0
006350
0046C0
002A10
000D40
FFF050
FFD330
FFB600
FF98B0
FF7B30
FF5D90
FF3FE0
FF2200
FF0400
FEE5E0
FEC7A0
FEA940
FE8AB0
FE6C30
FE4DA0
FE2F00
FE1060
FDF1C0
FDD320
FDB470
FD95C0
FD7700
FD5840
FD3980
FD1AB0
FCFBE0
FCDD10
FCBE30
FC9F50
FC8080
FC61D0
FC4320
FC24A0
FC0620
FBE7C0
FBC970
FBAB30
FB8D10
FB6F00
FB5100
FB3320
FB1540
FAF790
FAD9E0
FABC50
FA9EF0
FA81B0
FA64A0
FA47C0
FA2B10
FA0E90
F9F240
F9D610
F9BA20
F99E50
F982B0
F96740
F94BF0
F930E0
F915F0
F8FB30
F8E0B0
F8C680
F8AC80
F892D0
F87960
F86030
F84750
F82EA0
F81640
F7FE20
F7E640
F7CEA0
F7B740
F7A030
F78960
F772C0
F75C90
F746A0
F73110
F71BE0
F706F0
F6F270
F6DE30
F6CA50
F6B6C0
F6A390
F690B0
F67E20
F66BF0
F65A10
F64890
F63760
F62690
F61630
F60630
F5F690
F5E760
F5D890
F5CA20
F5BC10
F5AE70
F5A140
F59460
F587F0
F57BE0
F57040
F56500
F55A20
F54FC0
F545C0
F53C40
F53330
F52A90
F52270
F51AC0
F51380
F50CB0
F50650
F50070
F4FAF0
F4F5F0
F4F160
F4ED50
F4E9A0
F4E680
F4E3D0
F4E1A0
F4DFE0
F4DEB0
F4DDF0
F4DDB0
F4DDE0
F4DEA0
F4DFD0
F4E180
F4E3A0
F4E650
F4E970
F4ED10
F4F130
F4F5D0
F4FAF0
F50090
F506C0
F50D60
F51490
F51C40
F52470
F52D20
F53650
F54010
F54A50
F55510
F56050
F56C10
F57850
F58520
F59260
F5A030
F5AE80
F5BD60
F5CCB0
F5DC90
F5ECF0
F5FDC0
F60F30
F62110
F63370
F64660
F659D0
F66DC0
F68230
F69720
F6AC90
F6C280
F6D8F0
F6EFD0
F70730
F71F20
F73780
F75060
F769C0
F78390
F79DF0
F7B8C0
F7D420
F7EFF0
F80C40
F82900
F84640
F863E0
F88200
F8A080
F8BF80
F8DEF0
F8FED0
F91F20
F93FF0
F96120
F982D0
F9A4F0
F9C770
F9EA70
FA0DF0
FA31C0
FA55F0
FA7A80
FA9F70
FAC4C0
FAEA80
FB1090
FB3700
FB5DD0
FB8510
FBACA0
FBD490
FBFCF0
FC25A0
FC4EB0
FC7830
FCA1F0
FCCBF0
FCF640
FD20D0
FD4BB0
FD76E0
FDA240
FDCE00
FDFA00
FE2640
FE52D0
FE7FA0
FEACC0
FEDA30
FF07E0
FF35D0
FF63F0
FF9240
FFC0B0
FFEF50
001E10
004D00
007C10
00AB50
00DAC0
010A50
013A00
0169F0
0199F0
01CA30
01FA90
022B10
025BA0
028C40
02BCD0
02ED70
031E20
034ED0
037F90
03B040
03E110
0411D0
0442B0
047380
04A460
04D550
050630
053730
056800
0598C0
05C950
05F9D0
062A30
065A70
068AA0
06BAA0
06EA90
071A60
074A00
0779A0
07A910
07D860
0807A0
0836B0
086590
089430
08C280
08F0A0
091E70
094C10
097960
09A680
09D350
09FFE0
0A2C40
0A5850
0A8420
0AAFB0
0ADB00
0B0620
0B30D0
0B5B20
0B8500
0BAE90
0BD7C0
0C0080
0C28F0
0C50F0
0C78A0
0C9FE0
0CC6C0
0CED40
0D1360
0D3920
0D5E80
0D8370
0DA7F0
0DCC00
0DEF80
0E1290
0E3520
0E5730
0E78D0
0E99F0
0EBA90
0EDAB0
0EFA60
0F1990
0F3840
0F5670
0F7430
0F9170
0FAE20
0FCA40
0FE5E0
1000F0
101B60
103550
104EC0
106790
107FD0
109790
10AEC0
10C560
10DB70
10F0F0
1105F0
111A50
112E30
114170
115410
116630
1177B0
1188A0
1198F0
11A8B0
11B7E0
11C670
11D480
11E1E0
11EEC0
11FB00
1206B0
1211D0
121C50
122650
122FB0
123880
1240C0
124870
124F80
125610
125C00
126170
126640
126A80
126E30
127150
1273D0
1275D0
127740
127830
127890
127870
1277D0
1276B0
127500
1272D0
127010
126CD0
126910
1264D0
126000
125AB0
1254D0
124E80
1247B0
124070
1238C0
1230B0
122820
121F20
1215B0
120BE0
120190
11F6E0
11EBB0
11E010
11D410
11C790
11BAB0
11AD50
119FA0
1191A0
118350
1174B0
1165B0
115660
1146C0
1136C0
112670
1115D0
1104E0
10F390
10E1F0
10D000
10BDC0
10AB20
109850
108550
107210
105EA0
104B00
103730
102320
100ED0
0FFA60
0FE5B0
0FD0D0
0FBBB0
0FA660
0F90E0
0F7B20
0F6540
0F4F30
0F3920
0F22E0
0F0CA0
0EF640
0EDFC0
0EC940
0EB290
0E9BE0
0E8500
0E6E20
0E5720
0E4000
0E28E0
0E1190
0DFA40
0DE2E0
0DCB90
0DB440
0D9CF0
0D85A0
0D6E50
0D5710
0D3FD0
0D2890
0D1150
0CFA10
0CE2D0
0CCBA0
0CB470
0C9D40
0C8610
0C6F00
0C5800
0C4110
0C2A40
0C1380
0BFCD0
0BE640
0BCFC0
0BB960
0BA310
0B8CD0
0B76B0
0B60A0
0B4AB0
0B34D0
0B1F00
0B0950
0AF3D0
0ADE60
0AC920
0AB3F0
0A9EF0
0A8A00
0A7540
0A6090
0A4C10
0A37A0
0A2360
0A0F30
09FB30
09E750
09D380
09BFE0
09AC60
099900
0985C0
0972A0
095FA0
094CC0
093A10
092770
091500
0902A0
08F070
08DE60
08CC70
08BAA0
08A8F0
089750
0885D0
087470
086320
0851E0
0840C0
082FC0
081ED0
080E00
07FD40
07ECA0
07DC10
07CBA0
07BB40
07AB00
079AD0
078AB0
077A90
076A80
075A80
074A80
073A80
072A90
071AA0
070AC0
06FAF0
06EB20
06DB50
06CB90
06BBE0
06AC30
069C90
068CE0
067D20
066D50
065D70
064D80
063D90
062D90
061D80
060D60
05FD30
05ED00
05DCB0
05CC60
05BC00
05AB90
059B20
058A80
0579C0
0568D0
0557D0
0546A0
053550
0523E0
051240
050090
04EEB0
04DCB0
04CA80
04B840
04A5D0
049340
048090
046DA0
045A80
044730
0433A0
041FD0
040BE0
03F7A0
03E340
03CEA0
03B9C0
03A4B0
038F70
0379F0
036430
034E50
033820
0321C0
030B10
02F420
02DCF0
02C580
02ADC0
0295C0
027D80
026500
024C30
023330
0219E0
020040
01E670
01CC50
01B1F0
019750
017C60
016120
0145A0
0129E0
010DD0
00F180
00D4E0
00B800
009AE0
007D70
005FB0
0041B0
002370
0004E0
FFE600
FFC6F0
FFA7A0
FF8800
FF6830
FF4810
FF27C0
FF0720
FEE650
FEC540
FEA3E0
FE8250
FE6070
FE3E60
FE1C00
FDF970
FDD690
FDB390
FD9060
FD6D10
FD4980
FD25E0
FD0200
FCDE00
FCB9D0
FC9570
FC70F0
FC4C40
FC2760
FC0260
FBDD30
FBB7D0
FB9250
FB6CC0
FB4720
FB2170
FAFBC0
FAD600
FAB030
FA8A60
FA6480
FA3E90
FA1890
F9F290
F9CC80
F9A660
F98040
F95A00
F933D0
F90DA0
F8E7A0
F8C1C0
F89BF0
F87640
F850B0
F82B30
F805E0
F7E0A0
F7BB80
F79680
F771A0
F74CE0
F72830
F703A0
F6DF30
F6BB00
F69730
F67390
F65040
F62D40
F60A90
F5E820
F5C5F0
F5A410
F58280
F56130
F54030
F51F80
F4FF10
F4DEE0
F4BF10
F49FA0
F480B0
F46240
F44440
F426B0
F409A0
F3ED10
F3D0E0
F3B540
F39A00
F37F50
F36500
F34B30
F331E0
F31900
F30090
F2E8D0
F2D1A0
F2BB10
F2A530
F28FE0
F27B30
F26730
F253C0
F240F0
F22ED0
F21D40
F20C50
F1FC00
F1EC50
F1DD40
F1CEE0
F1C130
F1B440
F1A800
F19C90
F191E0
F187F0
F17EB0
F17640
F16E80
F16780
F16150
F15BD0
F15710
F15310
F14FD0
F14D40
F14B90
F14AB0
F14AA0
F14B50
F14CE0
F14F40
F15260
F15660
F15B20
F160C0
F16720
F16E50
F17660
F17F30
F188D0
F19350
F19E90
F1AAA0
F1B780
F1C540
F1D3C0
F1E310
F1F340
F20430
F215F0
F22890
F23BF0
F25030
F26530
F27B00
F291B0
F2A920
F2C160
F2DA50
F2F400
F30E80
F329B0
F345A0
F36250
F37FC0
F39E00
F3BCF0
F3DCA0
F3FD10
F41E40
F44030
F462E0
F48640
F4AA50
F4CF00
F4F440
F51A30
F540B0
F567D0
F58F90
F5B7E0
F5E0E0
F60A70
F634B0
F65F80
F68AF0
F6B700
F6E3B0
F710F0
F73EB0
F76CD0
F79B70
F7CA70
F7F9E0
F829C0
F85A10
F88AD0
F8BC00
F8ED90
F91FA0
F95210
F98500
F9B850
F9EC10
FA2050
FA54B0
FA8950
FABE20
FAF320
FB2860
FB5DC0
FB9370
FBC940
FBFF50
FC3590
FC6C00
FCA2B0
FCD990
FD10A0
FD47F0
FD7F60
FDB6E0
FDEE40
FE25A0
FE5D00
FE9450
FECB90
FF02D0
FF3A00
FF7130
FFA850
FFDF70
001680
004D80
008480
00BB70
00F260
012900
015F60
019580
01CB50
0200E0
023620
026B20
029FE0
02D450
030880
033C70
037010
03A370
03D680
040950
043BE0
046DF0
049F80
04D090
050130
053150
0560F0
059020
05BEC0
05ECF0
061AB0
0647E0
0674A0
06A0E0
06CCA0
06F7F0
0722B0
074CE0
077660
079F30
07C770
07EF00
0815E0
083C20
0861C0
0886B0
08AB00
08CEB0
08F1B0
091410
0935D0
0956E0
097750
099700
09B5E0
09D410
09F180
0A0E20
0A2A10
0A4530
0A5FA0
0A7940
0A9230
0AAA50
0AC1B0
0AD860
0AEE40
0B0360
0B17C0
0B2B60
0B3E20
0B5030
0B6160
0B71E0
0B8180
0B9060
0B9E70
0BABC0
0BB840
0BC3F0
0BCEE0
0BD900
0BE260
0BEAF0
0BF2B0
0BF9B0
0C0000
0C0580
0C0A40
0C0E40
0C1170
0C13F0
0C15B0
0C16A0
0C16D0
0C1650
0C1500
0C12F0
0C1020
0C0C90
0C0830
0C0340
0BFD90
0BF740
0BF040
0BE8A0
0BE050
0BD750
0BCDB0
0BC360
0BB870
0BACC0
0BA080
0B9380
0B85E0
0B77A0
0B68A0
0B5930
0B4930
0B38A0
0B2790
0B1600
0B03F0
0AF150
0ADE20
0ACA70
0AB640
0AA190
0A8C50
0A7680
0A6030
0A4960
0A3210
0A1A50
0A0240
09E9E0
09D110
09B7F0
099E80
0984A0
096A70
094FE0
093500
0919B0
08FE10
08E220
08C5C0
08A910
088C10
086ED0
085170
0833E0
081620
07F830
07DA10
07BBD0
079D60
077EB0
075FF0
0740F0
0721D0
070270
06E2F0
06C340
06A370
068390
0663B0
0643C0
0623E0
0603F0
05E400
05C400
05A410
058410
056410
054410
052400
050400
04E3F0
04C3E0
04A3C0
0483D0
0463F0
044440
0424B0
040530
03E5E0
03C6A0
03A780
038890
0369B0
034B00
032C60
030DE0
02EF90
02D150
02B330
029550
0277A0
025A30
023CF0
021FE0
020310
01E680
01CA20
01ADF0
019200
017650
015AC0
013F80
012460
010990
00EEE0
00D480
00BA60
00A090
008700
006DB0
0054A0
003BD0
002350
000B10
FFF310
FFDB60
FFC3F0
FFACC0
FF95D0
FF7F30
FF68C0
FF52A0
FF3CC0
FF2730
FF11D0
FEFCC0
FEE7F0
FED350
FEBF10
FEAB00
FE9730
FE83B0
FE7060
FE5D60
FE4AA0
FE3820
FE25F0
FE13E0
FE0220
FDF080
FDDF20
FDCE00
FDBD10
FDAC50
FD9BD0
FD8B80
FD7B60
FD6B80
FD5BE0
FD4C70
FD3D30
FD2E30
FD1F60
FD10C0
FD0230
FCF3D0
FCE590
FCD770
FCC980
FCBBB0
FCAE00
FCA070
FC9300
FC85C0
FC78A0
FC6BA0
FC5EC0
FC5210
FC4570
FC38F0
FC2C70
FC2000
FC13A0
FC0750
FBFB00
FBEEC0
FBE290
FBD670
FBCA50
FBBE40
FBB240
FBA650
FB9A70
FB8E90
FB82C0
FB76E0
FB6B00
FB5F10
FB5320
FB4720
FB3B10
FB2EF0
FB22D0
FB16B0
FB0A70
FAFE30
FAF1F0
FAE590
FAD930
FACCD0
FAC050
FAB3C0
FAA710
FA9A50
FA8D60
FA8060
FA7340
FA6600
FA58A0
FA4B30
FA3D90
FA2FE0
FA2210
FA1420
FA0620
F9F7F0
F9E9B0
F9DB40
F9CCB0
F9BE00
F9AF20
F9A010
F990E0
F98190
F97210
F96270
F952B0
F942C0
F932A0
F92260
F91200
F90170
F8F0C0
F8DFE0
F8CEE0
F8BDB0
F8AC60
F89AF0
F88950
F87780
F86590
F85380
F84140
F82ED0
F81C40
F80990
F7F6B0
F7E3A0
F7D080
F7BD30
F7A9C0
F79640
F782A0
F76EF0
F75B10
F74720
F73310
F71EE0
F70A90
F6F630
F6E1B0
F6CD10
F6B850
F6A380
F68E80
F67990
F66480
F64F80
F63A60
F62550
F61020
F5FB00
F5E5C0
F5D080
F5BB40
F5A5F0
F590A0
F57B40
F565E0
F55070
F53B00
F525A0
F51050
F4FB20
F4E5F0
F4D0E0
F4BBF0
F4A700
F49230
F47D70
F468D0
F45430
F43FB0
F42B50
F416F0
F402B0
F3EE80
F3DA80
F3C6C0
F3B330
F39FD0
F38CB0
F379B0
F366F0
F35470
F34210
F32FF0
F31E00
F30C40
F2FAC0
F2E970
F2D850
F2C770
F2B6E0
F2A6A0
F296B0
F28720
F277E0
F26900
F25A60
F24C30
F23E40
F230B0
F22370
F21680
F209F0
F1FDB0
F1F1D0
F1E630
F1DB10
F1D060
F1C620
F1BC60
F1B300
F1AA20
F1A1A0
F199A0
F19210
F18AF0
F18450
F17E10
F17850
F172F0
F16E10
F169A0
F165B0
F16250
F15F70
F15D20
F15B50
F15A10
F15940
F15910
F15960
F15A30
F15B80
F15D60
F15FD0
F162C0
F16630
F16A30
F16EC0
F173E0
F17990
F17FD0
F186A0
F18E00
F19600
F19E80
F1A790
F1B140
F1BB80
F1C650
F1D1A0
F1DD90
F1EA10
F1F730
F204D0
F21300
F221C0
F23100
F240E0
F25150
F26250
F273D0
F285F0
F298A0
F2ABD0
F2BF90
F2D3F0
F2E8D0
F2FE40
F31450
F32AD0
F341D0
F35950
F37160
F389E0
F3A2F0
F3BC70
F3D670
F3F100
F40C10
F42790
F443A0
F46030
F47D30
F49AC0
F4B8D0
F4D740
F4F620
F51560
F53510
F55520
F57590
F59670
F5B7B0
F5D960
F5FB80
F61DF0
F640D0
F66420
F687D0
F6ABF0
F6D060
F6F530
F71A30
F73F80
F76510
F78AE0
F7B100
F7D760
F7FE00
F824F0
F84C20
F87390
F89B40
F8C340
F8EB80
F91400
F93CC0
F965B0
F98EB0
F9B7C0
F9E100
FA0A50
FA33C0
FA5D50
FA8700
FAB0C0
FADAB0
FB04B0
FB2EC0
FB5900
FB8350
FBADC0
FBD850
FC02D0
FC2D40
FC57A0
FC81F0
FCAC40
FCD670
FD00A0
FD2AC0
FD54D0
FD7ED0
FDA8C0
FDD2A0
FDFC70
FE2640
FE5000
FE79A0
FEA320
FECC60
FEF570
FF1E40
FF46E0
FF6F50
FF9780
FFBF80
FFE750
000EE0
003640
005D70
008460
00AB20
00D1B0
00F800
011E00
0143A0
0168F0
018DF0
01B290
01D6D0
01FAC0
021E60
0241A0
026480
028710
02A950
02CB30
02ECC0
030DF0
032ED0
034F40
036F30
038EC0
03ADD0
03CC80
03EAB0
040870
0425C0
0442A0
045F20
047B10
0496A0
04B1C0
04CC70
04E6B0
050070
0519C0
053280
054AD0
056290
0579D0
0590A0
05A6E0
05BCA0
05D1E0
05E6A0
05FAE0
060EA0
0621D0
063490
0646D0
065880
0669B0
067A60
068A90
069A30
06A940
06B7D0
06C5E0
06D370
06E070
06ECE0
06F8E0
070450
070F30
071990
072370
072CC0
073590
073DF0
0745C0
074D10
0753E0
075A30
075FF0
076540
076A10
076E60
077220
077570
077830
077A80
077C40
077D80
077E50
077EB0
077E90
077E10
077D10
077BA0
0779B0
077760
077490
077150
076D90
076970
0764D0
075FC0
075A30
075440
074DE0
074730
074010
0738A0
0730D0
0728A0
072000
071710
070DC0
070410
06FA00
06EFA0
06E4D0
06D9A0
06CE10
06C230
06B600
06A980
069CC0
068FC0
068270
0674D0
066700
0658D0
064A60
063BB0
062CC0
061D80
060DF0
05FE20
05EE00
05DDB0
05CD20
05BC60
05AB80
059A70
058930
0577D0
056630
055470
054280
053070
051E20
050BB0
04F910
04E640
04D350
04C020
04ACF0
0499A0
048640
0472D0
045F50
044BC0
043820
042460
041090
03FCB0
03E8C0
03D4C0
03C0A0
03AC80
039840
0383F0
036FA0
035B60
034720
0332F0
031EC0
030A90
02F670
02E250
02CE30
02BA20
02A610
029210
027E10
026A10
025620
024230
022E60
021AA0
020700
01F380
01E020
01CCD0
01B9A0
01A690
019390
0180B0
016DF0
015B40
0148B0
013640
0123E0
0111B0
00FFA0
00EDB0
00DC00
00CA70
00B910
00A7E0
0096D0
008600
007550
0064D0
005470
004450
003450
002480
0014E0
000560
FFF620
FFE720
FFD850
FFC9C0
FFBB70
FFAD50
FF9F60
FF91C0
FF8450
FF7710
FF6A10
FF5D50
FF50C0
FF4470
FF3850
FF2C80
FF20E0
FF1580
FF0A60
FEFF90
FEF4F0
FEEAA0
FEE080
FED6B0
FECD20
FEC3D0
FEBAC0
FEB1F0
FEA970
FEA120
FE9910
FE9150
FE89D0
FE8290
FE7BA0
FE74F0
FE6E90
FE6870
FE62A0
FE5D10
FE57C0
FE52C0
FE4E10
FE4990
FE4570
FE4190
FE3DF0
FE3A90
FE3780
FE34C0
FE3240
FE3000
FE2E10
FE2C60
FE2B00
FE29E0
FE2900
FE2870
FE2830
FE2820
FE2870
FE28F0
FE29C0
FE2AE0
FE2C30
FE2DD0
FE2FC0
FE31E0
FE3450
FE3700
FE39F0
FE3D20
FE40A0
FE4450
FE4850
FE4CA0
FE5120
FE55F0
FE5B00
FE6050
FE65E0
FE6BB0
FE71B0
FE77F0
FE7E60
FE8520
FE8C10
FE9330
FE9AA0
FEA240
FEAA10
FEB230
FEBA80
FEC300
FECBD0
FED4D0
FEDE00
FEE760
FEF0F0
FEFAB0
FF04A0
FF0EB0
FF1900
FF2380
FF2E20
FF3900
FF4400
FF4F40
FF5AA0
FF6630
FF71F0
FF7DF0
FF8A00
FF9620
FFA270
FFAEE0
FFBB60
FFC810
FFD4D0
FFE1B0
FFEEB0
FFFBD0
000910
001670
0023F0
003180
003F30
004D10
005AE0
0068D0
0076C0
0084B0
0092B0
00A0C0
00AED0
00BCE0
00CB00
00D930
00E760
00F5A0
0103F0
011240
012090
012EF0
013D40
014B80
0159B0
0167D0
0175E0
0183F0
0191E0
019FC0
01AD90
01BB60
01C910
01D6B0
01E440
01F1D0
01FF40
020CB0
0219E0
022700
0233E0
0240A0
024D30
025990
0265C0
0271D0
027DC0
028970
029500
02A060
02AB90
02B6A0
02C180
02CC40
02D6B0
02E0D0
02EAC0
02F460
02FDC0
0306D0
030FA0
031830
032070
032870
033030
0337A0
033ED0
0345C0
034C60
0352D0
0358D0
035E70
0363B0
036890
036D20
037140
037500
037870
037B70
037E20
038070
038250
0383E0
038510
0385E0
038640
038640
0385D0
0384E0
038380
0381C0
037F80
037CC0
0379A0
037610
037200
036D80
036890
036330
035D60
035720
035060
034930
034170
033940
033080
032750
031DA0
031360
0308B0
02FD80
02F1C0
02E590
02D8E0
02CBB0
02BDF0
02AFC0
02A110
0291E0
028220
0271F0
026130
024FF0
023E30
022BF0
021930
0205F0
01F230
01DDE0
01C920
01B3D0
019E00
0187C0
0170F0
0159A0
0141E0
0129A0
0110F0
00F7D0
00DE30
00C410
00A980
008E70
0072F0
0056F0
003A80
001DA0
000030
FFE260
FFC400
FFA550
FF8640
FF66C0
FF46E0
FF26A0
FF0600
FEE500
FEC3A0
FEA1E0
FE7FC0
FE5D30
FE3A50
FE1700
FDF350
FDCF40
FDAAD0
FD8620
FD6130
FD3C00
FD1690
FCF0F0
FCCB00
FCA4E0
FC7E70
FC57D0
FC30E0
FC09C0
FBE260
FBBAC0
FB92E0
FB6AC0
FB4260
FB19F0
FAF170
FAC8E0
FAA030
FA7780
FA4EB0
FA25D0
F9FCE0
F9D3E0
F9AAD0
F981B0
F95870
F92F30
F905D0
F8DC60
F8B2E0
F88980
F86050
F83730
F80E40
F7E570
F7BCC0
F79430
F76BC0
F74380
F71B60
F6F360
F6CB80
F6A3C0
F67C30
F654C0
F62D60
F60670
F5DFD0
F5B990
F593A0
F56E10
F548D0
F523F0
F4FF70
F4DB40
F4B770
F493F0
F470D0
F44E10
F42BA0
F40990
F3E7D0
F3C6B0
F3A610
F38600
F36680
F34790
F32930
F30B60
F2EE20
F2D170
F2B550
F299C0
F27EB0
F26440
F24A60
F23100
F21840
F20030
F1E8E0
F1D250
F1BC70
F1A760
F19300
F17F60
F16C70
F15A50
F148E0
F13830
F12830
F11900
F10A80
F0FCC0
F0EFB0
F0E390
F0D840
F0CDE0
F0C450
F0BBA0
F0B3D0
F0ACD0
F0A6C0
F0A180
F09D20
F099B0
F09710
F09540
F09460
F09460
F09530
F09700
F099B0
F09D50
F0A1E0
F0A760
F0ADC0
F0B520
F0BD70
F0C6A0
F0D0C0
F0DBE0
F0E7E0
F0F4D0
F102A0
F11170
F12130
F131D0
F14360
F155E0
F16950
F17DA0
F192F0
F1A920
F1C030
F1D840
F1F130
F20B10
F225E0
F24190
F25E40
F27BD0
F29A40
F2B9A0
F2D9C0
F2FAC0
F31CA0
F33F50
F362D0
F38730
F3AC60
F3D270
F3F950
F42100
F44990
F472F0
F49D30
F4C840
F4F430
F520C0
F54E10
F57C00
F5AAB0
F5DA00
F60A00
F63AC0
F66C20
F69E30
F6D0F0
F70460
F73880
F76D60
F7A2E0
F7D910
F80FE0
F84740
F87F10
F8B760
F8F020
F92960
F96320
F99D50
F9D800
FA1330
FA4ED0
FA8AE0
FAC780
FB0480
FB4210
FB8010
FBBE90
FBFD40
FC3C30
FC7B60
FCBAC0
FCFA60
FD3A30
FD7A40
FDBA90
FDFB10
FE3BD0
FE7CC0
FEBDF0
FEFF60
FF4100
FF82E0
FFC4F0
000700
004900
008B00
00CCF0
010ED0
0150B0
019280
01D440
021600
0257B0
029960
02DAF0
031C90
035E10
039F90
03E110
042230
046320
04A3B0
04E400
052400
0563B0
05A320
05E240
062120
065FB0
069DF0
06DBF0
0719A0
075700
079420
07D0F0
080D40
084910
088450
08BF20
08F960
093330
096C70
09A530
09DD70
0A1520
0A4C60
0A8310
0AB950
0AEF00
0B2430
0B58E0
0B8CE0
0BC040
0BF2E0
0C24E0
0C5630
0C86E0
0CB6D0
0CE620
0D14C0
0D42B0
0D7000
0D9CA0
0DC890
0DF3D0
0E1E70
0E4850
0E7180
0E99E0
0EC180
0EE850
0F0E60
0F33B0
0F5830
0F7BF0
0F9EF0
0FC120
0FE290
100340
102320
104240
106090
107E30
109AF0
10B6F0
10D220
10EC90
110630
111F00
113700
114E40
1164B0
117A60
118F40
11A350
11B690
11C910
11DAC0
11EBB0
11FBD0
120B40
1219F0
1227D0
123500
124170
124D20
125820
126250
126BC0
127480
127C70
1283B0
128A30
128FF0
1294E0
129940
129D00
12A010
12A290
12A460
12A590
12A610
12A600
12A550
12A3F0
12A1F0
129F50
129C10
129820
1293A0
128E70
1288D0
1282B0
127C10
1274F0
126D60
126550
125CC0
1253B0
124A30
124030
1235B0
122AC0
121F40
121350
1206F0
11FA00
11ECD0
11DF40
11D170
11C350
11B4D0
11A610
119700
1187A0
1177E0
1167E0
115790
1146F0
113600
1124C0
111330
110140
10EF40
10DD20
10CAD0
10B860
10A5D0
109320
108040
106D50
105A30
1046F0
103390
102000
100C60
0FF890
0FE4A0
0FD080
0FBC70
0FA860
0F9450
0F8050
0F6C40
0F5840
0F4440
0F3040
0F1C40
0F0840
0EF440
0EE050
0ECC50
0EB860
0EA470
0E9080
0E7CB0
0E6900
0E5570
0E4200
0E2EA0
0E1B70
0E0860
0DF560
0DE290
0DCFD0
0DBD30
0DAAC0
0D9860
0D8620
0D7400
0D6200
0D5030
0D3E80
0D2D00
0D1BB0
0D0A90
0CF990
0CE8C0
0CD820
0CC7A0
0CB750
0CA730
0C9740
0C8770
0C77D0
0C6860
0C5910
0C49F0
0C3B00
0C2C40
0C1DA0
0C0F30
0C00E0
0BF2C0
0BE4D0
0BD710
0BC970
0BBC00
0BAEC0
0BA1A0
0B94B0
0B87F0
0B7B50
0B6ED0
0B6270
0B5630
0B4A00
0B3DF0
0B3200
0B2630
0B1A70
0B0ED0
0B0350
0AF7E0
0AECA0
0AE170
0AD650
0ACB60
0AC080
0AB5B0
0AAAD0
0AA000
0A9530
0A8A60
0A7FA0
0A74D0
0A6A10
0A5F50
0A5490
0A49E0
0A3F20
0A3470
0A29C0
0A1F10
0A1470
0A09A0
09FEC0
09F3C0
09E8A0
09DD60
09D200
09C690
09BB00
09AF50
09A380
099790
098B80
097F60
097320
0966B0
095A40
094D80
094080
093340
0925D0
091810
090A20
08FBF0
08ED80
08DEC0
08CFE0
08C0B0
08B140
08A190
0891B0
088180
087120
086060
084F40
083DC0
082BF0
0819C0
080740
07F450
07E110
07CD70
07B980
07A530
079080
077B70
076610
075040
073A30
0723A0
070CA0
06F530
06DD60
06C510
06AC60
069330
0679A0
065F90
064520
062A30
060EE0
05F320
05D6E0
05BA40
059D30
057FA0
0561B0
054330
052450
0504F0
04E520
04C4D0
04A420
0482E0
046140
043F20
041C90
03F990
03D610
03B220
038DB0
0368E0
0343A0
031DF0
02F7E0
02D160
02AA70
028310
025B40
023310
020A70
01E160
01B7F0
018E00
0163B0
0138F0
010DD0
00E250
00B680
008A60
005DE0
003110
000400
FFD690
FFA8C0
FF7AB0
FF4C40
FF1D80
FEEE70
FEBF10
FE8F50
FE5F40
FE2EF0
FDFE60
FDCDA0
FD9CC0
FD6BB0
FD3A70
FD0900
FCD760
FCA5A0
FC73A0
FC4180
FC0F30
FBDCC0
FBAA10
FB7740
FB4430
FB1100
FADDE0
FAAAC0
FA77A0
FA4480
FA1170
F9DE60
F9AB60
F97860
F94570
F91270
F8DF90
F8ACA0
F879C0
F846E0
F81410
F7E140
F7AEB0
F77C60
F74A50
F71870
F6E6E0
F6B590
F68470
F65390
F62300
F5F2A0
F5C280
F592A0
F56300
F53390
F50470
F4D590
F4A720
F47920
F44BA0
F41EA0
F3F210
F3C5F0
F39A50
F36F20
F34470
F31A30
F2F070
F2C720
F29E50
F275F0
F24E00
F22690
F1FFD0
F1D9B0
F1B440
F18F70
F16B60
F147F0
F12520
F10310
F0E190
F0C0D0
F0A0B0
F08140
F06280
F04460
F026F0
F00A30
EFEE40
EFD320
EFB8D0
EF9F60
EF86C0
EF6EF0
EF5800
EF41E0
EF2C90
EF1810
EF0470
EEF1A0
EEDFA0
EECE80
EEBE20
EEAEB0
EEA020
EE9270
EE85C0
EE7A00
EE6F30
EE6550
EE5C50
EE5450
EE4D40
EE4710
EE41E0
EE3D90
EE3A30
EE37D0
EE3650
EE35C0
EE3630
EE3790
EE39F0
EE3D40
EE4190
EE46D0
EE4D10
EE5440
EE5C70
EE6590
EE6FB0
EE7AC0
EE86D0
EE93D0
EEA1D0
EEB0D0
EEC0B0
EED180
EEE340
EEF5F0
EF0990
EF1E20
EF3390
EF4A00
EF6150
EF79A0
EF92D0
EFACF0
EFC800
EFE400
F000F0
F01ED0
F03D80
F05D00
F07D50
F09E80
F0C070
F0E340
F106E0
F12B60
F150A0
F176C0
F19DA0
F1C560
F1EE00
F21760
F241A0
F26CA0
F29860
F2C4B0
F2F1B0
F31F60
F34DB0
F37CB0
F3AC50
F3DCA0
F40D90
F43F20
F47160
F4A450
F4D7D0
F50C10
F540F0
F57670
F5AC70
F5E2D0
F619B0
F650F0
F688B0
F6C0E0
F6F980
F73290
F76C10
F7A600
F7E060
F81B30
F85670
F89230
F8CE50
F90AF0
F947B0
F984B0
F9C1E0
F9FF50
FA3CE0
FA7AB0
FAB8A0
FAF6D0
FB3530
FB73D0
FBB290
FBF190
FC30C0
FC7020
FCAFB0
FCEF70
FD2F30
FD6EE0
FDAE80
FDEE10
FE2D90
FE6D10
FEAC80
FEEBE0
FF2B30
FF6A80
FFA9B0
FFE8E0
002800
006720
00A620
00E520
0123D0
016240
01A050
01DE30
021BB0
025900
0295F0
02D2A0
030F00
034B20
0386F0
03C270
03FDB0
0438A0
047350
04ADB0
04E790
0520F0
0559D0
059240
05CA20
060190
063870
066EE0
06A4D0
06DA40
070F20
074390
077780
07AB00
07DDF0
081060
084230
087350
08A3D0
08D3A0
0902D0
093150
095F20
098C60
09B8E0
09E4C0
0A1000
0A3A80
0A6470
0A8DB0
0AB640
0ADE30
0B0550
0B2BC0
0B5150
0B7630
0B9A40
0BBD90
0BE020
0C01E0
0C22E0
0C4320
0C6290
0C8150
0C9F30
0CBC60
0CD8C0
0CF460
0D0F30
0D2920
0D4250
0D5AA0
0D7220
0D88D0
0D9EB0
0DB3C0
0DC800
0DDB70
0DEE00
0DFFC0
0E10C0
0E20E0
0E3030
0E3EA0
0E4C50
0E5930
0E6530
0E7070
0E7AD0
0E8470
0E8D30
0E9520
0E9C40
0EA290
0EA810
0EACC0
0EB0A0
0EB3A0
0EB5E0
0EB740
0EB7F0
0EB7D0
0EB6F0
0EB550
0EB2F0
0EAFC0
0EABE0
0EA730
0EA1D0
0E9BA0
0E94B0
0E8D00
0E8490
0E7B50
0E7160
0E66A0
0E5B40
0E4F30
0E4280
0E3520
0E2720
0E1870
0E0910
0DF910
0DE870
0DD710
0DC520
0DB270
0D9F30
0D8B30
0D7690
0D6150
0D4B80
0D3530
0D1E50
0D06F0
0CEF00
0CD690
0CBDA0
0CA420
0C8A20
0C6FA0
0C5490
0C3900
0C1CE0
0C0040
0BE310
0BC570
0BA760
0B88F0
0B6A20
0B4B00
0B2B70
0B0B80
0AEB40
0ACA90
0AA990
0A8830
0A6660
0A4440
0A21C0
09FEE0
09DBA0
09B7F0
099420
097010
094BD0
092760
0902B0
08DDD0
08B8C0
089370
086DF0
084830
082240
07FC20
07D5D0
07AF40
078880
076180
073A80
071370
06EC40
06C510
069DD0
067690
064F30
0627C0
060050
05D8C0
05B130
058990
0561E0
053A20
051250
04EA80
04C2B0
049B00
047370
044BE0
042470
03FD20
03D5E0
03AEB0
038790
036090
0339A0
0312D0
02EC00
02C560
029EC0
027840
0251F0
022BD0
0205F0
01E040
01BAC0
019570
017050
014B70
0126C0
010240
00DE00
00B9E0
009600
007250
004ED0
002B90
000890
FFE5E0
FFC370
FFA150
FF7F70
FF5DE0
FF3CA0
FF1BA0
FEFAF0
FEDA90
FEBA70
FE9AA0
FE7B10
FE5BD0
FE3CD0
FE1E30
FDFFD0
FDE1D0
FDC420
FDA6D0
FD89E0
FD6D30
FD50E0
FD34F0
FD1950
FCFE00
FCE310
FCC870
FCAE30
FC9440
FC7AB0
FC6160
FC4880
FC2FF0
FC17C0
FBFFF0
FBE870
FBD150
FBBA90
FBA420
FB8E10
FB7860
FB6310
FB4E10
FB3970
FB2520
FB1130
FAFDA0
FAEA60
FAD780
FAC4F0
FAB2C0
FAA0E0
FA8F60
FA7E30
FA6D60
FA5CE0
FA4CC0
FA3CF0
FA2D70
FA1E60
FA0F90
FA0120
F9F310
F9E540
F9D7C0
F9CA90
F9BDB0
F9B120
F9A4E0
F998E0
F98D30
F981D0
F976C0
F96C00
F96180
F95750
F94D80
F943F0
F93AA0
F931A0
F928E0
F92050
F91800
F90FF0
F90820
F90090
F8F940
F8F230
F8EB50
F8E4B0
F8DE50
F8D840
F8D250
F8CCB0
F8C750
F8C210
F8BD00
F8B820
F8B360
F8AED0
F8AA70
F8A630
F8A220
F89E40
F89A80
F89700
F89390
F89060
F88D50
F88A70
F887B0
F88510
F88290
F88010
F87DC0
F87B70
F87950
F87730
F87530
F87350
F87180
F86FC0
F86E20
F86CA0
F86B20
F869D0
F86880
F86740
F86610
F864D0
F863A0
F86270
F86150
F86030
F85F10
F85DF0
F85CE0
F85BD0
F85AC0
F859C0
F858C0
F857C0
F856D0
F855D0
F854C0
F853B0
F85290
F85170
F85040
F84F10
F84DC0
F84C80
F84B30
F849D0
F84860
F846F0
F84580
F84400
F84270
F840D0
F83F20
F83D60
F83B90
F839B0
F837B0
F835B0
F83390
F83160
F82F20
F82CD0
F82A70
F82800
F82570
F822E0
F82030
F81D70
F81AA0
F817B0
F814C0
F811A0
F80E80
F80B40
F80800
F80490
F80120
F7FD90
F7F9F0
F7F640
F7F270
F7EE90
F7EAA0
F7E6A0
F7E280
F7DE60
F7DA30
F7D5F0
F7D1A0
F7CD30
F7C8C0
F7C440
F7BFA0
F7BB00
F7B650
F7B180
F7ACB0
F7A7D0
F7A2D0
F79DE0
F798E0
F793E0
F78ED0
F789D0
F784C0
F77FB0
F77AA0
F77580
F77060
F76B40
F76620
F76100
F75BD0
F756A0
F75170
F74C50
F74730
F74220
F73D30
F73840
F73360
F72E80
F729C0
F72510
F72060
F71BC0
F71730
F712B0
F70E40
F709D0
F70580
F70140
F6FD30
F6F940
F6F580
F6F1D0
F6EE50
F6EAF0
F6E7B0
F6E490
F6E1A0
F6DED0
F6DC20
F6D990
F6D720
F6D4E0
F6D2C0
F6D0D0
F6CF30
F6CDB0
F6CC80
F6CB80
F6CAB0
F6CA20
F6C9D0
F6C9C0
F6C9E0
F6CA30
F6CAD0
F6CB90
F6CCA0
F6CDE0
F6CF60
F6D130
F6D340
F6D5B0
F6D860
F6DB70
F6DEC0
F6E270
F6E660
F6EAB0
F6EF40
F6F420
F6F950
F6FED0
F704A0
F70AC0
F71130
F71800
F71F30
F726C0
F72EB0
F73700
F73FB0
F748C0
F75230
F75C00
F76620
F770B0
F77BA0
F786F0
F79290
F79EA0
F7AB10
F7B7E0
F7C520
F7D2C0
F7E0D0
F7EF50
F7FE30
F80D80
F81D30
F82D50
F83DE0
F84ED0
F86030
F871F0
F88420
F896B0
F8A9C0
F8BD20
F8D0F0
F8E530
F8F9E0
F90EF0
F92470
F93A50
F950A0
F96750
F97E70
F99600
F9AE00
F9C650
F9DF20
F9F850
FA11F0
FA2BF0
FA4640
FA6100
FA7C10
FA9780
FAB350
FACF90
FAEC20
FB0910
FB2650
FB4400
FB6210
FB8070
FB9F40
FBBE60
FBDDF0
FBFDC0
FC1DD0
FC3E30
FC5EE0
FC7FD0
FCA100
FCC290
FCE460
FD0670
FD28D0
FD4B70
FD6E70
FD91A0
FDB530
FDD8F0
FDFD10
FE2150
FE45B0
FE6A50
FE8F00
FEB3F0
FED900
FEFE40
FF23A0
FF4930
FF6EE0
FF94D0
FFBAD0
FFE110
000770
002DF0
0054B0
007B60
00A220
00C8E0
00EFA0
011670
013D40
016410
018AE0
01B1B0
01D890
01FF70
022660
024D40
027430
029B20
02C220
02E8F0
030F90
033610
035C70
0382A0
03A8B0
03CE90
03F450
0419E0
043F50
046490
0489B0
04AEB0
04D380
04F820
051CB0
0540E0
0564C0
058850
05AB80
05CE70
05F110
061350
063550
0656F0
067840
069940
06BA00
06DA60
06FA60
071A20
073990
075880
077700
079500
07B290
07CFA0
07EC30
080860
082400
083F30
0859F0
087430
088E00
08A750
08C030
08D890
08F070
0907D0
091E80
0934B0
094A40
095F40
0973B0
098780
099AC0
09AD60
09BF70
09D0F0
09E1D0
09F220
0A01E0
0A1100
0A1F90
0A2D70
0A3AB0
0A4750
0A5340
0A5E80
0A6920
0A7320
0A7C70
0A8510
0A8D10
0A9470
0A9B20
0AA130
0AA690
0AAB40
0AAF60
0AB2C0
0AB580
0AB790
0AB8F0
0AB9B0
0AB9B0
0AB920
0AB7D0
0AB5E0
0AB340
0AAFF0
0AAC00
0AA750
0AA210
0A9C10
0A9570
0A8E30
0A8640
0A7DC0
0A74A0
0A6AE0
0A6080
0A5570
0A49D0
0A3D90
0A30B0
0A2330
0A1500
0A0640
09F6E0
09E6E0
09D640
09C510
09B370
09A130
098E80
097B40
096770
095320
093E50
092900
091320
08FCC0
08E5D0
08CE60
08B660
089DF0
0884E0
086B80
0851C0
0837A0
081D20
080240
07E700
07CB60
07AF70
079310
077650
075930
073BC0
071DE0
06FFB0
06E110
06C220
06A2F0
0683A0
066420
064460
062480
060460
05E420
05C3B0
05A300
058230
056130
053FF0
051E90
04FD00
04DB40
04B940
049750
047570
045380
0431A0
040FC0
03EDE0
03CC10
03AA40
038870
0366A0
0344D0
032310
030150
02DFA0
02BDE0
029C30
027AB0
025970
023860
021780
01F6E0
01D680
01B650
019650
017690
015700
0137A0
011880
00F9A0
00DAE0
00BC70
009E20
008040
0062D0
0045B0
002900
000CB0
FFF0C0
FFD540
FFBA20
FF9F60
FF8500
FF6B10
FF5180
FF3860
FF1F90
FF0730
FEEF30
FED7C0
FEC0D0
FEAA60
FE9480
FE7F30
FE6A60
FE5610
FE4250
FE2F20
FE1C70
FE0A40
FDF8A0
FDE790
FDD700
FDC6F0
FDB770
FDA890
FD9A40
FD8CA0
FD7F90
FD7320
FD6740
FD5C10
FD5180
FD4780
FD3E20
FD3560
FD2D40
FD25B0
FD1ED0
FD1880
FD12D0
FD0DC0
FD0960
FD05A0
FD0270
FD0000
FCFE20
FCFCE0
FCFC50
FCFC60
FCFD10
FCFE70
FD0070
FD0300
FD0640
FD0A30
FD0EB0
FD13D0
FD1990
FD1FF0
FD26E0
FD2E60
FD3690
FD3F40
FD48A0
FD5290
FD5D20
FD6850
FD7410
FD8060
FD8D60
FD9AF0
FDA910
FDB7C0
FDC6F0
FDD6A0
FDE6E0
FDF790
FE08D0
FE1A80
FE2CC0
FE3F90
FE52D0
FE66A0
FE7AE0
FE8FB0
FEA500
FEBAD0
FED130
FEE7E0
FEFEF0
FF1670
FF2E40
FF4670
FF5F10
FF7800
FF9150
FFAB00
FFC520
FFDF90
FFFA60
001590
003120
004D10
006970
0085F0
00A2B0
00BFA0
00DCC0
00FA20
0117B0
013580
015380
0171B0
019010
01AEB0
01CD80
01EC90
020BD0
022B40
024AE0
026A90
028A50
02AA10
02C9E0
02E9C0
0309A0
032980
034970
036970
038980
03A990
03C9A0
03E9C0
0409F0
042A30
044A60
046A80
048A80
04AA60
04CA20
04E9B0
050930
052890
0547C0
0566E0
0585D0
05A4B0
05C360
05E1F0
060070
061EC0
063CF0
065AE0
067890
0695F0
06B310
06CFF0
06EC90
0708E0
0724F0
0740C0
075C40
077780
079280
07AD40
07C7B0
07E1F0
07FBD0
081560
082E90
084770
085FE0
0877F0
088FA0
08A700
08BDF0
08D490
08EAD0
0900A0
091620
092B40
094000
095460
096870
097C00
098F30
09A1F0
09B440
09C630
09D7A0
09E8C0
09F960
0A09A0
0A1970
0A28D0
0A37C0
0A4650
0A5470
0A6220
0A6F70
0A7C50
0A88C0
0A94C0
0AA050
0AAB80
0AB630
0AC080
0ACA70
0AD3E0
0ADCF0
0AE580
0AEDB0
0AF580
0AFCD0
0B03C0
0B0A30
0B1050
0B1610
0B1B60
0B2050
0B24E0
0B2910
0B2CE0
0B3040
0B3350
0B35F0
0B3830
0B3A10
0B3B90
0B3CA0
0B3D60
0B3DB0
0B3DC0
0B3D70
0B3CD0
0B3BF0
0B3AB0
0B3930
0B3760
0B3530
0B32C0
0B3000
0B2CF0
0B2990
0B25E0
0B21E0
0B1D90
0B18F0
0B1420
0B0F10
0B09D0
0B0460
0AFEC0
0AF8E0
0AF2C0
0AEC80
0AE600
0ADF40
0AD860
0AD140
0AC9E0
0AC260
0ABAA0
0AB2A0
0AAA90
0AA270
0A9A30
0A91D0
0A8960
0A80D0
0A7830
0A6F70
0A6690
0A5DA0
0A54A0
0A4B70
0A4240
0A38E0
0A2F70
0A25F0
0A1C60
0A12E0
0A0950
09FFD0
09F640
09ECC0
09E340
09D9B0
09D030
09C6B0
09BD20
09B3A0
09AA20
09A090
099710
098D90
098420
097AC0
097180
096860
095F40
095640
094D50
094480
093BC0
093310
092A80
092200
0919A0
091150
090910
0900E0
08F8E0
08F100
08E940
08E1A0
08DA30
08D2D0
08CBA0
08C490
08BDA0
08B6D0
08B030
08A9A0
08A340
089D00
0896E0
0890E0
088B10
088560
087FE0
087A80
087550
087040
086B60
0866A0
086210
085DA0
085950
085540
085140
084D70
0849D0
084650
0842F0
083FC0
083CB0
0839B0
0836F0
083440
0831B0
082F50
082D10
082AF0
0828F0
082710
082560
0823D0
082260
082110
081FE0
081EC0
081DB0
081CC0
081BF0
081B30
081A80
0819F0
081970
081910
0818C0
081890
081870
081870
081880
0818A0
0818D0
081900
081940
081980
0819C0
081A10
081A60
081AC0
081B10
081B80
081BE0
081C50
081CD0
081D40
081DC0
081E50
081EC0
081F30
081F90
081FE0
082020
082050
082080
082090
0820A0
082090
082080
082060
082030
082000
081FB0
081F60
081EE0
081E50
081D90
081CB0
081BC0
081AA0
081960
081800
081680
0814E0
081320
081130
080F30
080D10
080AC0
080860
0805C0
080300
080000
07FCD0
07F970
07F5F0
07F230
07EE40
07EA20
07E5D0
07E140
07DC90
07D7B0
07D2A0
07CD50
07C7E0
07C230
07BC40
07B620
07AFC0
07A930
07A260
079B50
079410
078C90
0784E0
077CF0
0774C0
076C60
0763C0
075AF0
0751E0
074890
073F00
073540
072B50
072110
0716A0
070BF0
070110
06F5F0
06EA90
06DEF0
06D320
06C710
06BAC0
06AE40
06A180
069490
068760
067A10
066C80
065EB0
0650C0
064290
063430
0625A0
0616D0
0607E0
05F8B0
05E940
05D9B0
05C9E0
05B9E0
05A9C0
059970
058900
057860
0567A0
0556C0
0545B0
053480
052330
0511B0
050010
04EE40
04DC60
04CA40
04B810
04A5A0
049330
0480B0
046E20
045B80
0448D0
043600
042330
041050
03FD60
03EA50
03D740
03C410
03B0E0
039D90
038A40
0376D0
036370
035020
033CD0
032980
031640
030310
02EFE0
02DCC0
02C9A0
02B690
02A380
029080
027D80
026A90
0257A0
0244C0
023200
021F60
020CE0
01FA80
01E850
01D630
01C430
01B260
01A0B0
018F10
017DA0
016C50
015B20
014A10
013920
012860
0117C0
010770
00F740
00E760
00D7A0
00C830
00B8E0
00A9E0
009B10
008C70
007E10
006FE0
0061F0
005430
0046B0
003960
002C60
001FB0
001340
000720
FFFB40
FFEFC0
FFE470
FFD980
FFCED0
FFC470
FFBA50
FFB080
FFA700
FF9DD0
FF94E0
FF8C30
FF83E0
FF7BF0
FF7450
FF6D00
FF6600
FF5F60
FF5910
FF5320
FF4D80
FF4830
FF4330
FF3E90
FF3A50
FF3650
FF32B0
FF2F70
FF2C80
FF29E0
FF27A0
FF25B0
FF2420
FF22E0
FF2200
FF2180
FF2140
FF2170
FF21F0
FF22C0
FF23F0
FF2570
FF2750
FF2980
FF2C10
FF2EE0
FF3210
FF3580
FF3950
FF3D70
FF41E0
FF46B0
FF4BC0
FF5120
FF56E0
FF5CE0
FF6340
FF69F0
FF70F0
FF7840
FF7FD0
FF87B0
FF8FD0
FF9830
FFA0D0
FFA9B0
FFB2E0
FFBC50
FFC600
FFCFF0
FFDA30
FFE4B0
FFEF70
FFFA70
0005C0
001140
001D00
0028F0
003500
004150
004DC0
005A60
006730
007430
008160
008EC0
009C50
00AA10
00B800
00C610
00D460
00E2D0
00F160
010000
010EC0
011D90
012C70
013B70
014A80
0159A0
0168E0
017830
0187A0
019710
01A6B0
01B650
01C610
01D5F0
01E5C0
01F580
020550
021510
0224D0
023480
024430
0253E0
026380
027320
0282C0
029250
02A1E0
02B170
02C0F0
02D070
02DFD0
02EF10
02FE30
030D30
031C10
032AD0
033970
0347F0
035650
036490
0372A0
0380A0
038E80
039C40
03A9E0
03B760
03C4A0
03D1B0
03DE80
03EB20
03F780
0403B0
040FA0
041B50
0426D0
043220
043D20
044800
0452A0
045D00
046720
047120
047AC0
048420
048D20
0495F0
049E60
04A680
04AE60
04B5F0
04BD40
04C430
04CAE0
04D140
04D760
04DD20
04E2A0
04E7D0
04ECA0
04F120
04F550
04F910
04FC80
04FFA0
050250
0504B0
0506C0
050870
0509C0
050AC0
050B60
050BB0
050B90
050B30
050A60
050930
0507A0
0505A0
050350
050090
04FD80
04FA00
04F620
04F1E0
04ED30
04E830
04E2C0
04DD00
04D6D0
04D040
04C950
04C1F0
04BA40
04B220
04A9A0
04A0B0
049760
048DC0
0483A0
047930
046E50
046310
045770
044B70
043F00
043230
042500
041770
040980
03FB30
03EC80
03DD70
03CDF0
03BE20
03ADF0
039D50
038C60
037B00
036950
035730
0344C0
0331E0
031EB0
030B20
02F740
02E310
02CE80
02B990
02A450
028EC0
0278D0
026280
024BE0
0234F0
021DA0
0205F0
01EDF0
01D5A0
01BD00
01A410
018AD0
017140
015770
013D50
0122E0
010820
00ED20
00D1C0
00B620
009A40
007E00
006180
0044A0
002790
000A30
FFEC90
FFCEC0
FFB0B0
FF9260
FF73D0
FF5500
FF3600
FF16C0
FEF740
FED780
FEB790
FE9750
FE76E0
FE5630
FE3540
FE1420
FDF2E0
FDD170
FDAFD0
FD8E00
FD6C10
FD49E0
FD2790
FD0510
FCE270
FCBF90
FC9C90
FC7960
FC5600
FC3280
FC0EC0
FBEAF0
FBC710
FBA310
FB7EF0
FB5AC0
FB3670
FB1210
FAED90
FAC900
FAA450
FA7F90
FA5AB0
FA35B0
FA10A0
F9EB70
F9C630
F9A0E0
F97BA0
F95640
F930F0
F90B90
F8E630
F8C0D0
F89B60
F87600
F85080
F82B10
F80590
F7E010
F7BA90
F79500
F76F80
F74A00
F72490
F6FF40
F6D9F0
F6B4C0
F68FA0
F66A90
F64590
F620A0
F5FBD0
F5D700
F5B250
F58DB0
F56920
F544A0
F52030
F4FBF0
F4D7D0
F4B3F0
F49020
F46C90
F44920
F425E0
F402C0
F3DFD0
F3BD10
F39A70
F37810
F355C0
F333B0
F311C0
F2EFF0
F2CE70
F2AD30
F28C40
F26B80
F24B10
F22AE0
F20B00
F1EB50
F1CBF0
F1ACD0
F18DF0
F16F60
F15100
F132F0
F11520
F0F7A0
F0DA70
F0BDA0
F0A130
F08530
F06980
F04E30
F03340
F018B0
EFFE80
EFE4A0
EFCB30
EFB220
EF9970
EF8110
EF6920
EF5180
EF3A60
EF23C0
EF0D90
EEF7E0
EEE2A0
EECDE0
EEB990
EEA5C0
EE9270
EE7F90
EE6D20
EE5B30
EE49C0
EE38C0
EE2840
EE1830
EE08C0
EDF9D0
EDEB80
EDDDC0
EDD0A0
EDC400
EDB800
EDAC80
EDA1A0
ED9760
ED8DA0
ED8480
ED7BE0
ED73E0
ED6C70
ED65A0
ED5F60
ED59E0
ED54F0
ED50C0
ED4D20
ED4A30
ED47F0
ED4650
ED4550
ED4500
ED4560
ED4650
ED4800
ED4A40
ED4D40
ED50D0
ED5520
ED5A30
ED5FF0
ED6670
ED6DA0
ED7580
ED7E20
ED8770
ED9180
ED9C40
EDA7C0
EDB3F0
EDC0E0
EDCE80
EDDCD0
EDEBE0
EDFBB0
EE0C30
EE1D80
EE2F80
EE4240
EE55B0
EE69F0
EE7EE0
EE9490
EEAB00
EEC230
EEDA10
EEF2B0
EF0C10
EF2630
EF4110
EF5CA0
EF78F0
EF95F0
EFB3B0
EFD220
EFF150
F01140
F031E0
F05340
F07550
F09820
F0BBA0
F0DFE0
F104E0
F12A90
F15100
F17810
F19FD0
F1C830
F1F130
F21AF0
F24540
F27040
F29BF0
F2C840
F2F540
F322E0
F35120
F38010
F3AFB0
F3DFF0
F410D0
F44240
F47440
F4A6C0
F4D9D0
F50D60
F54180
F57630
F5AB60
F5E120
F61760
F64E30
F68580
F6BD60
F6F5D0
F72EC0
F76830
F7A210
F7DC40
F816E0
F851D0
F88D20
F8C8C0
F904D0
F94140
F97E00
F9BB20
F9F8A0
FA3680
FA74C0
FAB360
FAF250
FB31B0
FB7120
FBB0D0
FBF090
FC3080
FC70A0
FCB0E0
FCF140
FD31D0
FD7280
FDB360
FDF460
FE3590
FE76E0
FEB850
FEF9F0
FF3BB0
FF7D60
FFBEF0
000070
0041E0
008330
00C470
010590
0146A0
018790
01C870
020940
0249F0
028A90
02CB10
030B80
034BE0
038BE0
03CB80
040AD0
0449C0
048850
04C690
050470
054200
057F30
05BC10
05F890
0634B0
067080
06ABF0
06E700
0721C0
075BE0
079570
07CE60
0806C0
083E80
0875A0
08AC30
08E230
091790
094C50
098080
09B410
09E700
0A1970
0A4B30
0A7C60
0AACC0
0ADC40
0B0B00
0B38E0
0B65F0
0B9230
0BBDA0
0BE840
0C1200
0C3AF0
0C6310
0C8A60
0CB0E0
0CD690
0CFB60
0D1F70
0D4270
0D6480
0D8590
0DA590
0DC4B0
0DE2C0
0DFFD0
0E1BF0
0E3700
0E5120
0E6A40
0E8260
0E9990
0EAFB0
0EC4E0
0ED900
0EEC20
0EFE10
0F0F00
0F1EC0
0F2D80
0F3B20
0F47A0
0F5310
0F5D60
0F66A0
0F6EC0
0F75D0
0F7BD0
0F80B0
0F8470
0F8720
0F88B0
0F8930
0F8880
0F86C0
0F83F0
0F7FF0
0F7AE0
0F74B0
0F6D60
0F6500
0F5B80
0F50E0
0F4520
0F3850
0F2A60
0F1B50
0F0B40
0EFA20
0EE7F0
0ED4C0
0EC080
0EAB40
0E94F0
0E7DA0
0E6530
0E4BD0
0E3150
0E15E0
0DF950
0DDBC0
0DBD30
0D9D80
0D7D00
0D5BA0
0D3960
0D1640
0CF230
0CCD50
0CA790
0C80E0
0C5960
0C3100
0C07C0
0BDD90
0BB290
0B86B0
0B59E0
0B2C40
0AFDF0
0ACF10
0A9F80
0A6F40
0A3E70
0A0D00
09DAE0
09A820
0974C0
0940C0
090C10
08D6D0
08A0E0
086A50
083320
07FB40
07C310
078A90
0751C0
071880
06DF00
06A520
066AE0
063050
05F570
05BA30
057EA0
0542B0
050670
04C9D0
048CE0
044FA0
041250
03D500
0397C0
035A70
031D20
02DFD0
02A270
026520
0227D0
01EA70
01AD20
016FC0
013260
00F500
00B7A0
007A40
003D30
000070
FFC410
FF8800
FF4C40
FF10D0
FED5C0
FE9B00
FE6090
FE2670
FDECB0
FDB340
FD7A20
FD4150
FD08E0
FCD0C0
FC9940
FC6260
FC2C30
FBF690
FBC1A0
FB8D50
FB59A0
FB26A0
FAF430
FAC270
FA9150
FA60D0
FA30F0
FA01C0
F9D330
F9A530
F97820
F94C00
F920B0
F8F650
F8CCC0
F8A420
F87C60
F85580
F82F90
F80A70
F7E640
F7C2F0
F7A080
F77EF0
F75E40
F73E80
F71FC0
F70210
F6E580
F6C9F0
F6AF70
F69600
F67D90
F66640
F65000
F63AC0
F62690
F61380
F60170
F5F070
F5E080
F5D190
F5C3D0
F5B730
F5ABB0
F5A150
F59810
F58FF0
F588F0
F58310
F57E50
F57AB0
F57830
F576D0
F57690
F57770
F57970
F57CA0
F580D0
F58620
F58C90
F59410
F59CA0
F5A640
F5B110
F5BCE0
F5C9D0
F5D7D0
F5E6F0
F5F720
F60870
F61AD0
F62E50
F642D0
F65850
F66ED0
F68630
F69E80
F6B7D0
F6D210
F6ED40
F70960
F72670
F74480
F76370
F78360
F7A440
F7C610
F7E8D0
F80C80
F830F0
F85610
F87BF0
F8A280
F8C9C0
F8F1C0
F91A70
F943E0
F96E00
F998E0
F9C470
F9F0B0
FA1DB0
FA4B70
FA79D0
FAA900
FAD880
FB0880
FB38E0
FB69B0
FB9AE0
FBCC80
FBFE90
FC3100
FC63E0
FC9730
FCCAE0
FCFF00
FD3390
FD6880
FD9DE0
FDD3A0
FE0980
FE3F70
FE7570
FEAB90
FEE1C0
FF1800
FF4E50
FF84B0
FFBB30
FFF1C0
002870
005F20
0095F0
00CCD0
0103C0
013AD0
017190
01A810
01DE50
021450
024A10
027F80
02B4B0
02E9B0
031E50
0352C0
0386F0
03BAD0
03EE70
0421D0
0454F0
0487C0
04BA10
04EBC0
051CE0
054D70
057D70
05ACD0
05DBB0
0609F0
0637A0
0664C0
069150
06BD50
06E8B0
071380
073DD0
076780
079050
07B860
07DFA0
080600
082B90
085050
087440
089760
08B9B0
08DB30
08FBD0
091BA0
093AA0
0958D0
097630
0992C0
09AE50
09C8E0
09E280
09FB20
0A12C0
0A2970
0A3F20
0A53E0
0A67A0
0A7A60
0A8C20
0A9CF0
0AACC0
0ABBA0
0AC980
0AD660
0AE240
0AED10
0AF6E0
0AFFA0
0B0760
0B0E10
0B13C0
0B1860
0B1BF0
0B1E80
0B2010
0B2090
0B2010
0B1E80
0B1BE0
0B1850
0B13B0
0B0E20
0B0790
0B0000
0AF770
0AEDF0
0AE380
0AD800
0ACB90
0ABE20
0AAFC0
0AA050
0A8FF0
0A7EA0
0A6C50
0A5900
0A44D0
0A2FE0
0A1A10
0A0370
09EC00
09D3B0
09BAA0
09A0B0
0985F0
096A50
094DF0
0930B0
091290
08F3B0
08D3F0
08B370
089240
087090
084E40
082B50
0807E0
07E3C0
07BF20
0799E0
077410
074DA0
0726A0
06FF10
06D6E0
06AE20
0684C0
065AD0
0630A0
060610
05DB50
05B040
0584E0
055940
052D50
050110
04D490
04A7D0
047AC0
044D60
041FC0
03F1D0
03C3A0
039520
0366B0
033840
0309E0
02DB90
02AD40
027F00
0250D0
0222A0
01F480
01C670
019860
016A60
013C60
010E70
00E090
00B2C0
008540
005820
002B60
FFFEF0
FFD2F0
FFA740
FF7BF0
FF50F0
FF2660
FEFC20
FED240
FEA8C0
FE7F90
FE56C0
FE2E60
FE0640
FDDEE0
FDB810
FD91F0
FD6C60
FD4790
FD2350
FCFFC0
FCDCD0
FCBA80
FC98D0
FC77D0
FC5770
FC37B0
FC1890
FBFA20
FBDC50
FBBF60
FBA340
FB8800
FB6DA0
FB5410
FB3B60
FB2390
FB0C90
FAF670
FAE130
FACCC0
FAB930
FAA680
FA94A0
FA83B0
FA7380
FA6460
FA5630
FA4900
FA3CC0
FA3190
FA2740
FA1E00
FA15B0
FA0E60
FA0800
FA02B0
F9FE50
F9FAE0
F9F870
F9F700
F9F690
F9F710
F9F8A0
F9FB30
F9FEC0
FA0350
FA08E0
FA0F70
FA1710
FA1FA0
FA2940
FA33D0
FA3F70
FA4C10
FA59A0
FA6840
FA77F0
FA8870
FA99F0
FAAC60
FABFC0
FAD400
FAE940
FAFF60
FB1670
FB2E70
FB4760
FB6140
FB7C00
FB97C0
FBB470
FBD200
FBF080
FC0FD0
FC2FD0
FC50A0
FC7240
FC9490
FCB7B0
FCDB90
FD0030
FD2590
FD4BC0
FD72B0
FD9A60
FDC2D0
FDEC10
FE1610
FE40D0
FE6C20
FE97F0
FEC440
FEF130
FF1E90
FF4C80
FF7B00
FFAA00
FFD990
0009A0
003A40
006B60
009D10
00CF40
0101F0
013540
0168C0
019C80
01D080
0204C0
023940
026E10
02A310
02D850
030DD0
034390
037990
03AFE0
03E660
041D20
045420
048B60
04C290
04F9C0
0530E0
0567F0
059F00
05D5F0
060CE0
0643D0
067AA0
06B170
06E830
071EE0
075590
078C30
07C2C0
07F940
082F70
086550
089AD0
08D000
0904E0
093970
096DA0
09A180
09D500
0A0830
0A3B10
0A6DA0
0A9FD0
0AD1B0
0B0330
0B3470
0B6510
0B9510
0BC490
0BF370
0C21D0
0C4F90
0C7CB0
0CA950
0CD550
0D00C0
0D2BA0
0D55F0
0D7FA0
0DA8D0
0DD160
0DF950
0E2090
0E4700
0E6CC0
0E91A0
0EB5D0
0ED940
0EFBE0
0F1DC0
0F3EE0
0F5F40
0F7ED0
0F9DA0
0FBBB0
0FD900
0FF580
101150
102C30
104630
105F60
1077A0
108F00
10A590
10BB30
10CFF0
10E3E0
10F6E0
110910
111A50
112AB0
113A40
1148E0
1156B0
116390
116F80
117A90
1184B0
118DF0
119640
119DB0
11A430
11A9D0
11AE80
11B250
11B530
11B720
11B830
11B860
11B7A0
11B600
11B380
11B030
11ABF0
11A6D0
11A0E0
119A10
119250
1189C0
118050
117600
116AD0
115EC0
1151D0
114410
113560
1125F0
1115C0
1104D0
10F320
10E0A0
10CD60
10B960
10A4A0
108F10
1078D0
1061C0
1049E0
103150
1017F0
0FFDE0
0FE2F0
0FC780
0FAB60
0F8EA0
0F7150
0F5360
0F34D0
0F15A0
0EF5D0
0ED560
0EB460
0E92C0
0E7080
0E4DA0
0E2A20
0E0600
0DE150
0DBC20
0D9690
0D7090
0D4A20
0D2340
0CFC00
0CD440
0CAC20
0C8380
0C5A80
0C3110
0C0730
0BDCE0
0BB220
0B86F0
0B5B60
0B2F80
0B0370
0AD710
0AAA80
0A7DB0
0A50A0
0A2350
09F5C0
09C7F0
0999E0
096B90
093D00
090E30
08DF30
08AFE0
088060
0850C0
082120
07F160
07C1A0
0791C0
0761E0
0731E0
0701E0
06D1C0
06A1A0
067160
064110
0610C0
05E050
05AFE0
057F50
054EE0
051E80
04EE40
04BE10
048E00
045E00
042E10
03FE40
03CE90
039EE0
036F60
033FE0
031080
02E140
02B210
0282F0
025410
022560
01F6F0
01C8B0
019AB0
016CE0
013F50
0111F0
00E4C0
00B7D0
008B10
005E90
003240
000630
FFDA50
FFAEB0
FF8350
FF5850
FF2D90
FF0310
FED8F0
FEAF20
FE8590
FE5C50
FE3360
FE0AC0
FDE270
FDBA60
FD92A0
FD6B30
FD4410
FD1D40
FCF6C0
FCD0A0
FCAAE0
FC8570
FC6060
FC3BB0
FC1760
FBF360
FBCFC0
FBAC70
FB8980
FB66F0
FB44C0
FB22E0
FB0160
FAE030
FABF70
FA9F10
FA7F10
FA5F60
FA4020
FA2150
FA02D0
F9E4B0
F9C700
F9A9A0
F98CB0
F97010
F953E0
F93810
F91CA0
F90190
F8E6E0
F8CCA0
F8B2B0
F89930
F88010
F86750
F84EF0
F83700
F81F60
F80830
F7F160
F7DAF0
F7C4E0
F7AF40
F799F0
F78510
F77090
F75C70
F748B0
F73560
F72260
F70FD0
F6FDA0
F6EBD0
F6DA60
F6C960
F6B8B0
F6A870
F69890
F68910
F67A00
F66B40
F65CF0
F64EF0
F64160
F63430
F62750
F61AE0
F60ED0
F60320
F5F7D0
F5ECD0
F5E240
F5D810
F5CE40
F5C4D0
F5BBC0
F5B320
F5AAD0
F5A2E0
F59B60
F59440
F58D80
F58720
F58120
F57B90
F57660
F57180
F56D20
F56910
F56560
F56220
F55F40
F55CB0
F55AA0
F558E0
F55790
F556A0
F55610
F555F0
F55630
F556D0
F557D0
F55940
F55B10
F55D40
F55FE0
F562D0
F56630
F56A00
F56E30
F572C0
F577C0
F57D30
F58300
F58940
F58FE0
F596F0
F59E70
F5A650
F5AEA0
F5B750
F5C070
F5CA00
F5D3F0
F5DE40
F5E910
F5F440
F5FFE0
F60BF0
F61860
F62550
F632A0
F64060
F64E90
F65D20
F66C20
F67B90
F68B70
F69BC0
F6AC70
F6BD90
F6CF20
F6E120
F6F390
F70670
F719C0
F72D80
F741B0
F75650
F76B60
F780D0
F796C0
F7AD20
F7C3E0
F7DB20
F7F2D0
F80AE0
F82370
F83C60
F855C0
F86F90
F889C0
F8A470
F8BF80
F8DB00
F8F6F0
F91340
F93010
F94D40
F96AE0
F988F0
F9A770
F9C650
F9E5A0
FA0550
FA2560
FA45D0
FA66B0
FA87F0
FAA990
FACB90
FAEDF0
FB10C0
FB33F0
FB5780
FB7B70
FB9FD0
FBC490
FBE9A0
FC0F20
FC34E0
FC5AF0
FC8150
FCA810
FCCF10
FCF670
FD1E20
FD4620
FD6E70
FD9710
FDC000
FDE950
FE12E0
FE3CD0
FE6700
FE9170
FEBC20
FEE700
FF1210
FF3D60
FF68E0
FF94A0
FFC090
FFECB0
001910
0045A0
007270
009F70
00CCA0
00FA10
0127B0
015570
018330
01B110
01DF10
020D10
023B30
026960
0297A0
02C600
02F470
0322F0
035180
038020
03AEE0
03DDB0
040CA0
043B70
046A20
0498C0
04C750
04F5C0
052410
055260
058080
05AEA0
05DCA0
060A80
063850
066610
0693B0
06C140
06EEB0
071BE0
0748D0
077580
07A1E0
07CE00
07F9E0
082570
0850D0
087BE0
08A6A0
08D130
08FB70
092570
094F30
0978A0
09A1E0
09CAA0
09F2F0
0A1AD0
0A4230
0A6930
0A8FC0
0AB5D0
0ADB70
0B00A0
0B2560
0B49B0
0B6D90
0B9100
0BB3F0
0BD680
0BF890
0C1A10
0C3AF0
0C5B30
0C7AE0
0C9A00
0CB870
0CD660
0CF3A0
0D1050
0D2C60
0D47E0
0D62C0
0D7D00
0D96B0
0DAFD0
0DC840
0DE000
0DF710
0E0D60
0E2300
0E37D0
0E4C00
0E5F70
0E7220
0E8410
0E9550
0EA5E0
0EB5B0
0EC4C0
0ED320
0EE0D0
0EEDB0
0EF9D0
0F0530
0F0FC0
0F1980
0F2270
0F2AA0
0F3200
0F3890
0F3E60
0F4360
0F4790
0F4B00
0F4DA0
0F4F70
0F5080
0F50B0
0F5030
0F4ED0
0F4CA0
0F49B0
0F45F0
0F4160
0F3C00
0F35E0
0F2EF0
0F2720
0F1E90
0F1540
0F0B10
0F0020
0EF460
0EE7D0
0EDA80
0ECC70
0EBDA0
0EAE10
0E9DD0
0E8CC0
0E7B00
0E6870
0E5530
0E4130
0E2C70
0E16F0
0E00B0
0DE9B0
0DD1F0
0DB970
0DA050
0D86A0
0D6C40
0D5140
0D35A0
0D1970
0CFC90
0CDF10
0CC100
0CA240
0C82E0
0C62F0
0C4250
0C2110
0BFF40
0BDCC0
0BB9D0
0B9670
0B72A0
0B4E50
0B2990
0B0460
0ADEB0
0AB890
0A9200
0A6B00
0A4380
0A1B90
09F330
09CA60
09A110
097750
094D50
092310
08F890
08CDD0
08A2E0
0877A0
084C20
082060
07F470
07C830
079BB0
076F00
074200
0714D0
06E750
06B9A0
068BE0
065E20
063050
060280
05D4A0
05A6C0
0578D0
054AE0
051CF0
04EEF0
04C0F0
0492E0
0464D0
0436B0
040890
03DA70
03AC70
037EB0
035110
0323B0
02F670
02C970
029CA0
026FF0
024380
021730
01EB20
01BF40
019380
016800
013CB0
011180
00E6C0
00BC60
009250
0068B0
003F70
001680
FFEE00
FFC5E0
FF9E10
FF76B0
FF4FA0
FF2900
FF02C0
FEDCD0
FEB750
FE9220
FE6D80
FE4960
FE25C0
FE02A0
FDE000
FDBDE0
FD9C50
FD7B40
FD5AA0
FD3A90
FD1B00
FCFBF0
FCDD70
FCBF60
FCA1E0
FC84D0
FC6860
FC4C90
FC3140
FC1690
FBFC70
FBE2F0
FBCA00
FBB1A0
FB99D0
FB82A0
FB6C00
FB5600
FB4080
FB2BA0
FB1760
FB03A0
FAF080
FADE00
FACC00
FABAA0
FAA9E0
FA99B0
FA8A10
FA7B00
FA6C90
FA5EB0
FA5170
FA44C0
FA38A0
FA2D10
FA2220
FA17D0
FA0DF0
FA04A0
F9FBE0
F9F390
F9EBE0
F9E4A0
F9DDF0
F9D7C0
F9D220
F9CD00
F9C860
F9C440
F9C0B0
F9BDB0
F9BB20
F9B930
F9B790
F9B660
F9B590
F9B530
F9B520
F9B590
F9B650
F9B790
F9B920
F9BB20
F9BD80
F9C050
F9C370
F9C710
F9CB00
F9CF70
F9D400
F9D8E0
F9DDF0
F9E340
F9E8D0
F9EE90
F9F4A0
F9FAE0
FA0150
FA0810
FA0F00
FA1630
FA1DA0
FA2540
FA2D20
FA3540
FA3D70
FA45A0
FA4DE0
FA5630
FA5E90
FA66F0
FA6F60
FA77E0
FA8070
FA8900
FA91A0
FA9A50
FAA310
FAABD0
FAB4A0
FABD80
FAC640
FACED0
FAD740
FADF90
FAE7C0
FAEFD0
FAF7C0
FAFF80
FB0720
FB0EA0
FB1600
FB1D30
FB2450
FB2B40
FB3210
FB38B0
FB3F10
FB4530
FB4B00
FB5080
FB55B0
FB5AA0
FB5F40
FB6390
FB67A0
FB6B60
FB6ED0
FB7200
FB74E0
FB7770
FB79C0
FB7BC0
FB7D60
FB7E90
FB7F50
FB7FC0
FB7FB0
FB7F50
FB7E80
FB7D40
FB7BA0
FB79A0
FB7730
FB7460
FB7130
FB6D80
FB6980
FB6510
FB6030
FB5AE0
FB5510
FB4ED0
FB4820
FB4100
FB3970
FB3160
FB28E0
FB1FF0
FB1690
FB0CC0
FB0270
FAF7C0
FAEC90
FAE0E0
FAD4D0
FAC850
FABB60
FAAE00
FAA040
FA9200
FA8350
FA7440
FA64B0
FA54C0
FA4450
FA3380
FA2240
FA1090
F9FE60
F9EBD0
F9D8F0
F9C5B0
F9B220
F99E30
F989E0
F97540
F96050
F94B00
F93550
F91F50
F90900
F8F250
F8DB40
F8C3E0
F8AC30
F89420
F87BE0
F86370
F84AC0
F831E0
F818D0
F7FF90
F7E610
F7CC70
F7B290
F79880
F77E40
F763C0
F74910
F72E30
F71320
F6F7E0
F6DC90
F6C140
F6A5F0
F68AA0
F66F50
F653F0
F63890
F61D30
F601D0
F5E660
F5CB00
F5AF90
F59410
F578A0
F55D20
F541B0
F52660
F50B40
F4F050
F4D5A0
F4BB10
F4A0B0
F48690
F46C90
F452D0
F43930
F41FD0
F406A0
F3ED90
F3D4C0
F3BC20
F3A3A0
F38B90
F373E0
F35CA0
F345B0
F32F30
F31910
F30350
F2EDF0
F2D900
F2C460
F2B030
F29C60
F28900
F275F0
F26350
F25100
F23F50
F22E30
F21D90
F20D80
F1FE00
F1EF10
F1E0B0
F1D2E0
F1C590
F1B8E0
F1ACB0
F1A110
F19600
F18B80
F18180
F17820
F16F60
F16750
F15FE0
F15930
F15320
F14DC0
F14900
F144F0
F14190
F13EE0
F13CD0
F13B70
F13AC0
F13AB0
F13B50
F13CA0
F13EA0
F14160
F144D0
F14900
F14DF0
F15380
F159E0
F160F0
F168B0
F17130
F17A60
F18450
F18EF0
F19A50
F1A670
F1B330
F1C0B0
F1CEE0
F1DDC0
F1ED50
F1FD80
F20E70
F22010
F23250
F24550
F25900
F26D50
F28260
F29810
F2AE80
F2C590
F2DD60
F2F5B0
F30EA0
F32830
F34240
F35CF0
F37830
F39410
F3B070
F3CD70
F3EB10
F40930
F427F0
F44740
F46730
F487A0
F4A8B0
F4CA30
F4EC10
F50E60
F53110
F55430
F577B0
F59BA0
F5BFF0
F5E4B0
F609E0
F62F70
F65560
F67BD0
F6A290
F6C9D0
F6F160
F71930
F74130
F76960
F791C0
F7BA60
F7E320
F80C10
F83530
F85E90
F88810
F8B1D0
F8DBC0
F905D0
F93020
F95AA0
F98550
F9AFF0
F9DA80
FA0500
FA2F80
FA59E0
FA8440
FAAE80
FAD8C0
FB02F0
FB2D10
FB5720
FB8120
FBAB10
FBD500
FBFED0
FC28A0
FC5210
FC7B40
FCA420
FCCCB0
FCF500
FD1CF0
FD44A0
FD6BF0
FD9300
FDB9C0
FDE030
FE0650
FE2C30
FE51B0
FE76F0
FE9BD0
FEC040
FEE420
FF0770
FF2A50
FF4CA0
FF6E60
FF8FB0
FFB070
FFD0A0
FFF050
000F80
002E30
004C50
0069F0
008700
00A390
00BF70
00DAA0
00F520
010EF0
012810
014070
015830
016F40
018590
019B40
01B040
01C480
01D820
01EB00
01FD30
020EC0
021F70
022F60
023E90
024CF0
025A80
026740
027340
027E70
0288E0
029280
029B50
02A360
02AAA0
02B120
02B6C0
02BBB0
02BFC0
02C300
02C570
02C720
02C7F0
02C800
02C730
02C5A0
02C330
02C000
02BC00
02B730
02B180
02AB10
02A3D0
029BC0
0292F0
028960
027F10
027410
026840
025BB0
024E70
024060
0231A0
022220
0211E0
0200E0
01EF20
01DCA0
01C960
01B560
01A0D0
018BA0
0175D0
015F60
014860
0130C0
011890
00FFC0
00E650
00CC40
00B1A0
009660
007A90
005E20
004110
002360
000550
FFE6E0
FFC800
FFA8C0
FF8910
FF6900
FF4880
FF27A0
FF0650
FEE4A0
FEC290
FEA010
FE7D30
FE59E0
FE3630
FE1210
FDEDD0
FDC960
FDA4D0
FD8010
FD5B30
FD3620
FD10E0
FCEB80
FCC600
FCA050
FC7A70
FC5470
FC2E40
FC07F0
FBE170
FBBAC0
FB9430
FB6DC0
FB4760
FB2120
FAFB00
FAD4F0
FAAF00
FA8920
FA6360
FA3DB0
FA1820
F9F2A0
F9CD50
F9A800
F982E0
F95DC0
F93910
F914B0
F8F0A0
F8CCF0
F8A9A0
F886A0
F86400
F841B0
F81FC0
F7FE20
F7DCE0
F7BBF0
F79B60
F77B20
F75B40
F73BC0
F71CC0
F6FE50
F6E080
F6C330
F6A670
F68A30
F66E90
F65380
F638F0
F61F00
F60590
F5ECB0
F5D460
F5BCA0
F5A570
F58EC0
F578D0
F563A0
F54F10
F53B40
F52820
F515C0
F50410
F4F310
F4E2C0
F4D330
F4C450
F4B630
F4A8B0
F49BF0
F48FF0
F48490
F47A10
F47040
F46750
F45F20
F457C0
F45120
F44B50
F44640
F44200
F43E90
F43BE0
F43A00
F438F0
F438A0
F43910
F43A60
F43C70
F43F40
F442E0
F44750
F44C90
F45290
F45950
F460F0
F46940
F47270
F47C60
F48720
F492A0
F49EF0
F4AC10
F4B9F0
F4C890
F4D7E0
F4E7E0
F4F8A0
F50A10
F51C30
F52F10
F542A0
F556E0
F56BE0
F58190
F59800
F5AF20
F5C6F0
F5DF80
F5F8B0
F61280
F62CE0
F647D0
F66350
F67F60
F69BF0
F6B920
F6D6D0
F6F520
F713F0
F73360
F75350
F773E0
F794F0
F7B690
F7D8D0
F7FB60
F81E40
F84190
F86530
F88940
F8ADA0
F8D250
F8F770
F91CE0
F942B0
F968E0
F98F70
F9B650
F9DDA0
FA0540
FA2D30
FA5550
FA7D90
FAA5F0
FACE70
FAF710
FB1FD0
FB48C0
FB71C0
FB9AE0
FBC430
FBED90
FC1710
FC40C0
FC6A90
FC9470
FCBE80
FCE870
FD1240
FD3BF0
FD6590
FD8F00
FDB860
FDE1A0
FE0AC0
FE33D0
FE5CB0
FE8580
FEAE30
FED6C0
FEFF40
FF2790
FF4FD0
FF77B0
FF9F40
FFC670
FFED50
0013D0
003A00
005FD0
008550
00AA70
00CF40
00F3B0
0117D0
013B90
015F00
018220
01A4D0
01C710
01E8B0
0209E0
022A70
024A80
026A10
028910
02A780
02C570
02E2D0
02FFB0
031C00
0337D0
035310
036DD0
038800
03A180
03BA50
03D280
03E9F0
0400C0
0416F0
042C60
044130
045540
0468B0
047B80
048D90
049F00
04AFB0
04BFC0
04CF30
04DDD0
04EBB0
04F8D0
050530
0510D0
051BB0
0525D0
052F30
0537C0
053FA0
0546C0
054D10
0552B0
055790
055BA0
055F00
056190
056360
056470
0564C0
056440
056300
056100
055E40
055AC0
055670
055160
054B90
054500
053DB0
053590
052CB0
052320
0518D0
050DD0
050220
04F5B0
04E890
04DAB0
04CC30
04BCE0
04ACF0
049C40
048AD0
0478C0
0465E0
045260
043E20
042950
0413E0
03FDD0
03E730
03CFF0
03B810
039FA0
0386A0
036CF0
0352B0
0337E0
031C70
030060
02E3C0
02C680
02A8B0
028A60
026BA0
024C70
022CD0
020CB0
01EC30
01CB30
01A9C0
0187E0
016580
0142B0
011F70
00FBC0
00D7A0
00B300
008E00
0068B0
004310
001D30
FFF710
FFD0B0
FFAA00
FF8310
FF5BE0
FF3460
FF0CA0
FEE4A0
FEBC50
FE93C0
FE6AF0
FE41D0
FE1880
FDEF00
FDC580
FD9BE0
FD7220
FD4850
FD1E70
FCF480
FCCA70
FCA050
FC7610
FC4BC0
FC2160
FBF6F0
FBCC60
FBA1B0
FB7700
FB4C60
FB21D0
FAF760
FACD10
FAA2D0
FA78A0
FA4EA0
FA24B0
F9FAD0
F9D110
F9A760
F97DE0
F95460
F92B10
F901C0
F8D8A0
F8AFB0
F88710
F85EA0
F83680
F80EA0
F7E6F0
F7BF90
F79870
F77190
F74AF0
F72490
F6FE70
F6D8A0
F6B300
F68DA0
F66890
F643D0
F61F80
F5FB90
F5D800
F5B4D0
F59200
F56F90
F54D90
F52BE0
F50AA0
F4E9C0
F4C930
F4A910
F48960
F46A00
F44B00
F42C80
F40E80
F3F0F0
F3D3D0
F3B740
F39B10
F37F70
F36440
F34980
F32F40
F31580
F2FC30
F2E360
F2CB00
F2B320
F29BB0
F284D0
F26E70
F258A0
F24350
F22E80
F21A40
F20680
F1F350
F1E0A0
F1CE70
F1BCD0
F1ABB0
F19B10
F18B00
F17B70
F16C70
F15DF0
F15000
F14290
F135B0
F12960
F11DA0
F11250
F107A0
F0FD70
F0F3D0
F0EAB0
F0E220
F0DA20
F0D2A0
F0CBB0
F0C550
F0BF70
F0BA10
F0B530
F0B0E0
F0AD10
F0A9C0
F0A6F0
F0A4B0
F0A2F0
F0A1B0
F0A100
F0A0D0
F0A120
F0A200
F0A350
F0A540
F0A790
F0AA70
F0ADC0
F0B180
F0B5D0
F0BA90
F0BFC0
F0C580
F0CBB0
F0D250
F0D980
F0E110
F0E930
F0F1C0
F0FAD0
F10460
F10E50
F118B0
F12370
F12EB0
F13A50
F14650
F152C0
F15FA0
F16CF0
F17AA0
F188C0
F19740
F1A640
F1B590
F1C560
F1D590
F1E620
F1F700
F20840
F219E0
F22BD0
F23E20
F250D0
F263D0
F27720
F28AE0
F29EF0
F2B350
F2C810
F2DD30
F2F2A0
F30870
F31E90
F334F0
F34B90
F36280
F379B0
F39120
F3A8E0
F3C0E0
F3D930
F3F1C0
F40A90
F423B0
F43D10
F456C0
F470B0
F48AE0
F4A550
F4BFF0
F4DAC0
F4F5D0
F51110
F52C80
F54830
F56410
F58020
F59C70
F5B8F0
F5D5A0
F5F280
F60FA0
F62CF0
F64A80
F66820
F685F0
F6A3E0
F6C1F0
F6E030
F6FE90
F71D00
F73BB0
F75A70
F77950
F79860
F7B790
F7D6E0
F7F650
F815F0
F835A0
F85570
F87550
F89550
F8B550
F8D570
F8F590
F915E0
F93630
F95690
F97710
F997A0
F9B840
F9D8F0
F9F9B0
FA1A90
FA3B70
FA5C60
FA7D50
FA9E50
FABF40
FAE040
FB0140
FB2240
FB4340
FB6450
FB8550
FBA660
FBC770
FBE880
FC09A0
FC2AB0
FC4BD0
FC6CE0
FC8DE0
FCAED0
FCCFC0
FCF0A0
FD1170
FD3230
FD52E0
FD7390
FD9430
FDB4C0
FDD540
FDF5B0
FE1620
FE3680
FE56D0
FE7700
FE9720
FEB720
FED700
FEF6C0
FF1660
FF35F0
FF5560
FF74B0
FF93E0
FFB300
FFD1F0
FFF0D0
000FA0
002E40
004CD0
006B30
008960
00A760
00C530
00E2E0
010050
011DA0
013AC0
0157B0
017480
019110
01AD80
01C9B0
01E5C0
0201A0
021D60
0238D0
025410
026F00
0289C0
02A440
02BE80
02D880
02F250
030BD0
032520
033E20
0356F0
036F80
0387D0
039FF0
03B7C0
03CF50
03E680
03FD70
041410
042A50
044050
045600
046B60
048070
049530
04A9B0
04BDD0
04D1A0
04E530
04F860
050B50
051DE0
053000
0541E0
055350
056460
057520
058580
059570
05A520
05B460
05C340
05D1D0
05E000
05EDD0
05FB40
060850
061500
062140
062D10
063880
064380
064E10
065840
066200
066B50
067440
067CC0
0684D0
068C70
0693B0
069A90
06A0F0
06A6F0
06AC70
06B180
06B620
06BA50
06BE10
06C150
06C420
06C680
06C870
06C9F0
06CB00
06CB90
06CBB0
06CB70
06CAA0
06C970
06C7C0
06C5A0
06C310
06C000
06BC80
06B880
06B420
06AF30
06A9E0
06A410
069DD0
069710
068FF0
068840
068030
0677A0
066EA0
066540
065B60
065110
064650
063B20
062F90
062380
061700
060A00
05FCA0
05EED0
05E090
05D1E0
05C2B0
05B330
05A340
0592E0
058230
057110
055F80
054DA0
053B40
052890
051570
0501F0
04EE10
04D9C0
04C510
04AFF0
049A80
0484B0
046E80
045810
044140
042A30
0412C0
03FB00
03E2E0
03CA80
03B1C0
0398B0
037F50
0365A0
034BA0
033140
031690
02FBB0
02E090
02C530
02A9A0
028DE0
0271D0
0255A0
023920
021C80
01FF90
01E270
01C520
01A790
0189C0
016BC0
014D80
012F30
0110C0
00F230
00D380
00B4C0
0095F0
0076F0
0057E0
0038B0
001970
FFFA10
FFDA90
FFBAF0
FF9B40
FF7B70
FF5B90
FF3BB0
FF1BD0
FEFBF0
FEDC20
FEBC60
FE9C90
FE7CD0
FE5D20
FE3D70
FE1DC0
FDFE10
FDDE70
FDBED0
FD9F40
FD7FB0
FD6020
FD40C0
FD2180
FD0260
FCE370
FCC4A0
FCA5F0
FC8770
FC6910
FC4AE0
FC2CC0
FC0EE0
FBF110
FBD370
FBB5F0
FB98A0
FB7B60
FB5E80
FB41D0
FB2560
FB0940
FAED60
FAD1C0
FAB660
FA9B40
FA8070
FA65E0
FA4B90
FA3180
FA17C0
F9FE30
F9E4F0
F9CBF0
F9B350
F99B00
F98310
F96B70
F95440
F93D50
F926D0
F910A0
F8FAD0
F8E550
F8D030
F8BB70
F8A700
F892F0
F87F40
F86BE0
F858F0
F84660
F83440
F82290
F81140
F80060
F7EFF0
F7DFE0
F7D030
F7C0F0
F7B220
F7A3C0
F795C0
F78820
F77B00
F76E30
F761E0
F75600
F74A90
F73F80
F734F0
F72AD0
F72110
F717D0
F70EF0
F70690
F6FE90
F6F700
F6EFF0
F6E940
F6E300
F6DD40
F6D7E0
F6D2E0
F6CE60
F6CA40
F6C680
F6C340
F6C060
F6BDF0
F6BBF0
F6BA50
F6B920
F6B850
F6B800
F6B810
F6B890
F6B970
F6BAC0
F6BC60
F6BE60
F6C0C0
F6C380
F6C6A0
F6CA20
F6CE00
F6D230
F6D6D0
F6DBC0
F6E110
F6E6D0
F6ECE0
F6F350
F6FA10
F70130
F70890
F71040
F71830
F72070
F72900
F731D0
F73AF0
F74450
F74E10
F75800
F76250
F76CE0
F777B0
F782E0
F78E40
F799E0
F7A5B0
F7B1B0
F7BDF0
F7CA50
F7D6E0
F7E3B0
F7F0A0
F7FDC0
F80B20
F818B0
F82660
F83450
F84270
F850C0
F85F40
F86DD0
F87C80
F88B40
F89A20
F8A910
F8B810
F8C720
F8D650
F8E5A0
F8F500
F90470
F913F0
F92390
F93340
F94310
F952F0
F962D0
F972A0
F98270
F99240
F9A210
F9B1E0
F9C1A0
F9D160
F9E120
F9F0D0
FA0080
FA1030
FA1FE0
FA2F80
FA3F30
FA4EC0
FA5E50
FA6DC0
FA7D10
FA8C50
FA9B70
FAAA80
FAB970
FAC840
FAD700
FAE5B0
FAF440
FB02B0
FB1110
FB1F60
FB2D80
FB3BA0
FB4980
FB5750
FB64F0
FB7260
FB7FB0
FB8CD0
FB99D0
FBA6B0
FBB360
FBBFF0
FBCC50
FBD880
FBE4A0
FBF080
FBFC50
FC07E0
FC1350
FC1EA0
FC29B0
FC3490
FC3F50
FC49E0
FC5440
FC5E70
FC6870
FC7250
FC7C00
FC8580
FC8ED0
FC97F0
FCA0E0
FCA9B0
FCB250
FCBAC0
FCC300
FCCB20
FCD310
FCDAD0
FCE270
FCE9E0
FCF120
FCF830
FCFF20
FD05E0
FD0C70
FD12E0
FD1910
FD1F30
FD2520
FD2AF0
FD3090
FD3620
FD3B90
FD40E0
FD4600
FD4B00
FD4FF0
FD54B0
FD5950
FD5DD0
FD6230
FD6670
FD6A90
FD6E90
FD7270
FD7650
FD7A10
FD7DC0
FD8160
FD84F0
FD8870
FD8BD0
FD8F30
FD9270
FD95A0
FD98C0
FD9BD0
FD9EC0
FDA1B0
FDA480
FDA750
FDAA30
FDAD00
FDAFE0
FDB2B0
FDB580
FDB860
FDBB30
FDBE10
FDC0E0
FDC3C0
FDC690
FDC970
FDCC50
FDCF20
FDD200
FDD4F0
FDD7E0
FDDB00
FDDE20
FDE150
FDE4A0
FDE7F0
FDEB60
FDEEE0
FDF270
FDF610
FDF9C0
FDFD90
FE0160
FE0550
FE0950
FE0D70
FE11B0
FE1600
FE1A80
FE1F20
FE23D0
FE28B0
FE2DB0
FE32C0
FE3800
FE3D50
FE42D0
FE4860
FE4E10
FE53F0
FE59E0
FE6000
FE6640
FE6CA0
FE7330
FE79F0
FE80C0
FE87C0
FE8EF0
FE9640
FE9DB0
FEA550
FEAD10
FEB4F0
FEBD00
FEC530
FECD90
FED610
FEDEB0
FEE770
FEF060
FEF970
FF02B0
FF0C00
FF1580
FF1F20
FF28F0
FF32E0
FF3CF0
FF4720
FF5180
FF5BF0
FF66A0
FF7150
FF7C30
FF8720
FF9230
FF9D50
FFA890
FFB3E0
FFBF50
FFCAE0
FFD690
FFE250
FFEE20
FFFA20
000620
001250
001E90
002AD0
003720
004370
004FC0
005C10
006870
0074D0
008130
008D90
009A00
00A670
00B2E0
00BF50
00CBD0
00D840
00E4D0
00F130
00FD80
0109C0
0115E0
0121E0
012DD0
0139B0
014570
015110
015CA0
016810
017370
017EC0
0189F0
019500
01A000
01AAC0
01B550
01BFA0
01C9C0
01D3A0
01DD40
01E6B0
01EFE0
01F8E0
0201A0
020A30
021280
021A90
022270
022A10
023180
023890
023F40
0245A0
024BB0
025150
0256A0
025BA0
026040
026480
026870
026C00
026F30
027210
0274A0
0276C0
0278A0
0279F0
027AE0
027B40
027B40
027AC0
0279C0
027850
027670
027410
027140
026E00
026A40
026600
026150
025C30
025690
025070
0249C0
024280
023AB0
023260
022980
022010
021620
020BA0
020090
01F4F0
01E8D0
01DC20
01CEE0
01C120
01B2D0
01A3F0
019470
018460
0173C0
016290
0150D0
013E70
012B80
011800
0103F0
00EF40
00DA10
00C440
00ADD0
0096E0
007F50
006740
004E90
003560
001BA0
000150
FFE680
FFCB10
FFAF20
FF92A0
FF7590
FF57F0
FF39C0
FF1B10
FEFBC0
FEDBF0
FEBB90
FE9AC0
FE7970
FE57A0
FE3570
FE12B0
FDEF90
FDCBF0
FDA7D0
FD8340
FD5E40
FD38C0
FD12D0
FCEC60
FCC580
FC9E20
FC7650
FC4E30
FC25B0
FBFCF0
FBD3D0
FBAA60
FB80A0
FB5690
FB2C30
FB0170
FAD660
FAAB00
FA7F50
FA5350
FA2700
F9FA50
F9CD60
F9A040
F97300
F945A0
F91820
F8EA80
F8BCC0
F88EE0
F860E0
F832C0
F80480
F7D610
F7A790
F778E0
F74A20
F71B30
F6EC30
F6BD40
F68E60
F65FA0
F630F0
F60260
F5D3E0
F5A580
F57730
F54900
F51AE0
F4ECD0
F4BEE0
F49110
F46350
F435A0
F40810
F3DAE0
F3ADF0
F38160
F35520
F32930
F2FDA0
F2D250
F2A760
F27CD0
F25280
F22890
F1FEF0
F1D5A0
F1ACA0
F18400
F15BB0
F133F0
F10CB0
F0E600
F0BFE0
F09A50
F07540
F050D0
F02CE0
F00970
EFE6A0
EFC450
EFA290
EF8160
EF60B0
EF4090
EF2100
EF0230
EEE420
EEC6C0
EEAA20
EE8E40
EE7310
EE58A0
EE3EF0
EE2600
EE0DD0
EDF650
EDDF90
EDC990
EDB440
ED9FB0
ED8BE0
ED78F0
ED66E0
ED55A0
ED4540
ED35C0
ED2720
ED1960
ED0C70
ED0060
ECF530
ECEAE0
ECE160
ECD8D0
ECD110
ECCA30
ECC420
ECBF10
ECBAE0
ECB790
ECB540
ECB3D0
ECB340
ECB3B0
ECB500
ECB730
ECBA60
ECBE70
ECC360
ECC950
ECD020
ECD7D0
ECE080
ECEA00
ECF470
ECFFC0
ED0BF0
ED1910
ED2710
ED35F0
ED45B0
ED5650
ED67E0
ED7A50
ED8DA0
EDA1E0
EDB6F0
EDCCF0
EDE3E0
EDFB80
EE1400
EE2D40
EE4740
EE6210
EE7DA0
EE9A10
EEB730
EED520
EEF3E0
EF1370
EF33B0
EF54D0
EF76B0
EF9950
EFBCD0
EFE0D0
F00580
F02AC0
F050A0
F07720
F09E30
F0C5E0
F0EE30
F11720
F140A0
F16AC0
F19580
F1C0D0
F1ECC0
F21950
F24670
F27400
F2A1E0
F2D020
F2FEC0
F32DC0
F35D20
F38CE0
F3BCF0
F3ED70
F41E40
F44F70
F48100
F4B2F0
F4E540
F517F0
F54B00
F57E20
F5B160
F5E4B0
F61820
F64BA0
F67F40
F6B2F0
F6E6C0
F71AA0
F74EA0
F782B0
F7B6E0
F7EB20
F81F80
F85400
F88880
F8BCE0
F8F110
F92510
F958E0
F98C80
F9BFF0
F9F320
FA2630
FA5910
FA8BC0
FABE40
FAF090
FB22A0
FB5490
FB8650
FBB7E0
FBE8F0
FC19A0
FC49D0
FC7990
FCA8D0
FCD7B0
FD0610
FD33F0
FD6170
FD8E70
FDBB00
FDE720
FE12D0
FE3E00
FE68C0
FE9310
FEBCB0
FEE5A0
FF0DE0
FF3570
FF5C60
FF8290
FFA820
FFCD00
FFF130
0014B0
003780
0059B0
007B20
009BF0
00BC10
00DB70
00FA10
0117D0
0134B0
0150C0
016BF0
018650
019FD0
01B880
01D050
01E750
01FD70
0212B0
022730
023AC0
024D80
025F70
027060
028070
028F90
029DC0
02AB00
02B750
02C2C0
02CD30
02D6B0
02DF50
02E700
02EDB0
02F380
02F860
02FC50
02FF60
030170
030290
0302C0
030210
030060
02FDD0
02FA40
02F5D0
02F060
02EA10
02E2D0
02DAA0
02D170
02C760
02BC60
02B070
02A3A0
029600
028770
027810
0267D0
0256C0
0244C0
0231F0
021E40
0209B0
01F450
01DE10
01C6F0
01AEF0
019620
017C60
016200
0146E0
012B00
010E70
00F130
00D340
00B490
009520
007500
005430
0032B0
001070
FFED70
FFC9C0
FFA560
FF8050
FF5AB0
FF3490
FF0DF0
FEE6D0
FEBF30
FE9700
FE6E50
FE4520
FE1B70
FDF140
FDC690
FD9B50
FD6FA0
FD4360
FD16A0
FCE960
FCBBE0
FC8E10
FC6000
FC31A0
FC0310
FBD430
FBA510
FB75A0
FB45F0
FB1600
FAE5C0
FAB550
FA8490
FA5380
FA2230
F9F0A0
F9BF10
F98D70
F95BD0
F92A30
F8F880
F8C6C0
F89500
F86340
F83180
F7FFB0
F7CDD0
F79C00
F76A20
F73830
F70640
F6D450
F6A290
F67100
F63FB0
F60EA0
F5DDB0
F5AD00
F57C90
F54C50
F51C40
F4EC70
F4BCD0
F48D60
F45E30
F42F30
F40070
F3D1E0
F3A3C0
F37600
F348B0
F31BD0
F2EF50
F2C350
F297A0
F26C70
F241A0
F21740
F1ED40
F1C3B0
F19A90
F171D0
F14990
F121A0
F0FA50
F0D3A0
F0AD70
F087E0
F062E0
F03E70
F01AA0
EFF760
EFD4B0
EFB290
EF9100
EF7010
EF4FB0
EF2FE0
EF10B0
EEF200
EED410
EEB6C0
EE9A20
EE7E30
EE62F0
EE4860
EE2E70
EE1530
EDFCA0
EDE4C0
EDCD90
EDB700
EDA130
ED8C00
ED7780
ED63A0
ED5090
ED3E20
ED2C70
ED1B80
ED0B40
ECFBB0
ECECE0
ECDEC0
ECD150
ECC4B0
ECB8B0
ECAD70
ECA2E0
EC9910
EC8FF0
EC8790
EC7FE0
EC78E0
EC7290
EC6CF0
EC6810
EC63E0
EC6060
EC5D90
EC5B80
EC5A10
EC5960
EC5960
EC5A20
EC5B80
EC5DA0
EC6070
EC63E0
EC67F0
EC6CB0
EC7200
EC7800
EC7EA0
EC85E0
EC8DC0
EC9640
EC9F60
ECA930
ECB390
ECBEA0
ECCA50
ECD6A0
ECE3A0
ECF110
ECFF20
ED0DB0
ED1CC0
ED2C60
ED3C80
ED4D30
ED5E70
ED7030
ED8270
ED9540
EDA8A0
EDBC80
EDD0F0
EDE5E0
EDFB60
EE1140
EE2790
EE3E40
EE5560
EE6CE0
EE84C0
EE9D10
EEB5D0
EECEF0
EEE870
EF0260
EF1CC0
EF3780
EF52A0
EF6E30
EF8A20
EFA660
EFC2E0
EFDFB0
EFFCC0
F01A10
F037B0
F05590
F073C0
F09230
F0B0E0
F0CFE0
F0EF30
F10EC0
F12E90
F14EA0
F16F10
F18F90
F1B040
F1D110
F1F200
F21320
F23470
F255D0
F27760
F29910
F2BAF0
F2DCF0
F2FF20
F32160
F343E0
F36670
F38930
F3ABF0
F3CED0
F3F1B0
F41490
F43780
F45A80
F47D90
F4A0A0
F4C3C0
F4E6E0
F50A20
F52D60
F550A0
F573F0
F59750
F5BAC0
F5DE20
F60170
F624B0
F647F0
F66B20
F68E40
F6B150
F6D460
F6F760
F71A60
F73D40
F76020
F782F0
F7A5C0
F7C870
F7EB20
F80DC0
F83040
F852A0
F874E0
F89710
F8B920
F8DB10
F8FCF0
F91EB0
F94050
F961E0
F98350
F9A4A0
F9C5E0
F9E700
FA0800
FA28E0
FA49A0
FA6A40
FA8AC0
FAAB10
FACB40
FAEB50
FB0B40
FB2B00
FB4AB0
FB6A30
FB8990
FBA8D0
FBC7E0
FBE6D0
FC05B0
FC2450
FC42E0
FC6140
FC7F70
FC9D80
FCBB70
FCD940
FCF6E0
FD1450
FD31B0
FD4ED0
FD6BE0
FD88C0
FDA580
FDC210
FDDE80
FDFAD0
FE16F0
FE32F0
FE4ED0
FE6A90
FE8620
FEA190
FEBCE0
FED800
FEF310
FF0DE0
FF28A0
FF4340
FF5DB0
FF7800
FF9220
FFAC30
FFC610
FFDFE0
FFF980
001310
002C70
0045B0
005ED0
0077D0
0090B0
00A970
00C210
00DA90
00F2F0
010B20
012340
013B40
015320
016AE0
018290
019A20
01B190
01C8F0
01E020
01F740
020E50
022530
023C00
0252B0
026940
027FC0
029620
02AC60
02C290
02D8B0
02EEB0
030490
031A60
033020
0345C0
035B40
0370B0
038610
039B50
03B070
03C580
03DA80
03EF60
040430
0418F0
042D90
044220
0456A0
046B00
047F60
0493A0
04A7D0
04BBE0
04CFF0
04E3E0
04F7C0
050B80
051F30
0532E0
054660
0559E0
056D50
0580A0
0593E0
05A710
05BA30
05CD40
05E040
05F320
0605F0
0618B0
062B60
063E00
065080
066300
067560
0687B0
0699F0
06AC20
06BE30
06D030
06E230
06F410
0705E0
071790
072940
073AD0
074C60
075DD0
076F30
078070
0791B0
07A2D0
07B3E0
07C4E0
07D5C0
07E6A0
07F760
080800
0818A0
082920
083990
0849F0
085A30
086A60
087A80
088A90
089A80
08AA60
08BA20
08C9E0
08D970
08E8F0
08F860
0907C0
091700
092620
093540
094430
095320
0961F0
0970A0
097F50
098DD0
099C40
09AAA0
09B8E0
09C710
09D520
09E310
09F0F0
09FEC0
0A0C70
0A1A00
0A2780
0A34E0
0A4230
0A4F70
0A5C80
0A6990
0A7670
0A8340
0A8FF0
0A9C90
0AA910
0AB570
0AC1C0
0ACDF0
0ADA00
0AE600
0AF1E0
0AFDB0
0B0960
0B14F0
0B2060
0B2BC0
0B3700
0B4230
0B4D40
0B5830
0B6300
0B6DC0
0B7860
0B82E0
0B8D50
0B97A0
0BA1D0
0BABE0
0BB5E0
0BBFC0
0BC990
0BD330
0BDCD0
0BE640
0BEFA0
0BF8E0
0C0200
0C0B00
0C13F0
0C1CD0
0C2580
0C2E20
0C36A0
0C3F00
0C4750
0C4F80
0C57A0
0C5F90
0C6770
0C6F40
0C76E0
0C7E70
0C85F0
0C8D50
0C9490
0C9BB0
0CA2B0
0CA9A0
0CB080
0CB730
0CBDD0
0CC460
0CCAC0
0CD110
0CD750
0CDD70
0CE370
0CE950
0CEF20
0CF4E0
0CFA80
0D0000
0D0560
0D0AB0
0D0FF0
0D1500
0D1A00
0D1EF0
0D23C0
0D2870
0D2D10
0D31A0
0D3610
0D3A60
0D3EA0
0D42D0
0D46E0
0D4AD0
0D4EB0
0D5280
0D5630
0D59D0
0D5D50
0D60B0
0D6410
0D6740
0D6A70
0D6D80
0D7080
0D7360
0D7630
0D78F0
0D7B90
0D7E20
0D80A0
0D8300
0D8550
0D8790
0D89B0
0D8BC0
0D8DB0
0D8FA0
0D9170
0D9320
0D94D0
0D9660
0D97E0
0D9940
0D9A90
0D9BD0
0D9D00
0D9E10
0D9F10
0DA000
0DA0E0
0DA1A0
0DA250
0DA2F0
0DA370
0DA3F0
0DA450
0DA4A0
0DA4D0
0DA500
0DA510
0DA510
0DA500
0DA4E0
0DA4A0
0DA460
0DA400
0DA390
0DA300
0DA270
0DA1D0
0DA110
0DA050
0D9F70
0D9E90
0D9D90
0D9C80
0D9B70
0D9A40
0D9900
0D97C0
0D9660
0D94F0
0D9370
0D91E0
0D9040
0D8EA0
0D8CE0
0D8B20
0D8950
0D8770
0D8580
0D8390
0D8190
0D7F70
0D7D50
0D7B20
0D78F0
0D76A0
0D7450
0D71F0
0D6F80
0D6D10
0D6A90
0D6810
0D6580
0D62E0
0D6040
0D5D90
0D5AE0
0D5820
0D5550
0D5280
0D4FA0
0D4CC0
0D49D0
0D46E0
0D43E0
0D40E0
0D3DE0
0D3AD0
0D37C0
0D34B0
0D31A0
0D2E80
0D2B60
0D2840
0D2510
0D21F0
0D1EC0
0D1B80
0D1840
0D1510
0D11D0
0D0E90
0D0B60
0D0830
0D0500
0D01D0
0CFEA0
0CFB80
0CF860
0CF540
0CF220
0CEF10
0CEBF0
0CE8E0
0CE5D0
0CE2C0
0CDFC0
0CDCC0
0CD9E0
0CD6F0
0CD420
0CD150
0CCE90
0CCBD0
0CC920
0CC680
0CC3E0
0CC150
0CBED0
0CBC50
0CB9E0
0CB780
0CB530
0CB2E0
0CB0B0
0CAEA0
0CAC90
0CAA90
0CA8B0
0CA6D0
0CA510
0CA360
0CA1C0
0CA030
0C9EC0
0C9D50
0C9C00
0C9AB0
0C9980
0C9870
0C9770
0C9690
0C95B0
0C9500
0C9460
0C93D0
0C9360
0C9300
0C92B0
0C9280
0C9270
0C9270
0C9280
0C92B0
0C92F0
0C9360
0C93D0
0C9470
0C9520
0C95F0
0C96D0
0C97D0
0C98F0
0C9A20
0C9B70
0C9CE0
0C9E70
0CA010
0CA1C0
0CA3A0
0CA590
0CA790
0CA9B0
0CABF0
0CAE40
0CB0B0
0CB330
0CB5D0
0CB890
0CBB60
0CBE40
0CC150
0CC460
0CC7A0
0CCAF0
0CCE50
0CD1D0
0CD560
0CD8F0
0CDCA0
0CE070
0CE440
0CE820
0CEC10
0CF020
0CF440
0CF860
0CFCA0
0D00F0
0D0560
0D09D0
0D0E50
0D12E0
0D1770
0D1C00
0D20A0
0D2540
0D29E0
0D2E90
0D3340
0D37F0
0D3CB0
0D4170
0D4630
0D4B00
0D4FD0
0D54A0
0D5980
0D5E50
0D6310
0D67C0
0D6C60
0D7100
0D7580
0D7A00
0D7E70
0D82E0
0D8730
0D8B80
0D8FB0
0D93E0
0D9800
0D9C20
0DA020
0DA410
0DA7D0
0DAB70
0DAEF0
0DB250
0DB580
0DB8A0
0DBB90
0DBE60
0DC120
0DC3A0
0DC610
0DC860
0DCA80
0DCC90
0DCE70
0DD020
0DD180
0DD2B0
0DD3B0
0DD460
0DD4E0
0DD520
0DD520
0DD4E0
0DD470
0DD3C0
0DD2D0
0DD1A0
0DD040
0DCE90
0DCCC0
0DCA80
0DC800
0DC520
0DC200
0DBE80
0DBAA0
0DB680
0DB200
0DAD30
0DA810
0DA2A0
0D9CD0
0D96B0
0D9040
0D8980
0D8270
0D7AF0
0D7310
0D6AC0
0D6210
0D58F0
0D4F70
0D4590
0D3B40
0D3090
0D2570
0D19F0
0D0E10
0D01C0
0CF500
0CE7F0
0CDA60
0CCC70
0CBE10
0CAF30
0C9FF0
0C9030
0C8000
0C6F70
0C5E60
0C4CE0
0C3AF0
0C2890
0C15B0
0C0270
0BEEC0
0BDA90
0BC600
0BB0F0
0B9B70
0B8580
0B6F20
0B5850
0B4100
0B2940
0B1120
0AF880
0ADF70
0AC5E0
0AABF0
0A9180
0A76A0
0A5B60
0A3F90
0A2370
0A06E0
09E9F0
09CC90
09AED0
0990A0
097210
095310
0933B0
0913F0
08F3C0
08D330
08B230
0890D0
086F10
084CE0
082A60
080790
07E480
07C120
079D70
077980
075540
0730B0
070BD0
06E6B0
06C140
069B80
067580
064F20
062880
0601A0
05DA90
05B350
058C00
056480
053CD0
051510
04ED20
04C510
049CD0
047470
044BF0
042350
03FA80
03D190
03A880
037F40
035610
032CF0
0303E0
02DAE0
02B1E0
028900
026020
023740
020E80
01E5D0
01BD20
019480
016BF0
014370
011AF0
00F290
00CA60
00A280
007AE0
005380
002C60
000580
FFDEF0
FFB8A0
FF9280
FF6CB0
FF4730
FF21E0
FEFCD0
FED810
FEB390
FE8F50
FE6B90
FE4840
FE2570
FE0320
FDE140
FDBFE0
FD9EF0
FD7E80
FD5E90
FD3F20
FD2020
FD01A0
FCE390
FCC600
FCA8F0
FC8C60
FC7070
FC5520
FC3A90
FC20A0
FC0750
FBEEC0
FBD6C0
FBBF80
FBA8E0
FB92F0
FB7DA0
FB6900
FB5510
FB41C0
FB2F20
FB1D20
FB0C00
FAFBA0
FAEC10
FADD50
FACF60
FAC240
FAB5F0
FAAA60
FA9FB0
FA95C0
FA8CB0
FA8460
FA7CE0
FA7630
FA7050
FA6B40
FA6710
FA63B0
FA6140
FA5FB0
FA5F00
FA5F20
FA6030
FA6220
FA64E0
FA6890
FA6D20
FA7280
FA78D0
FA7FF0
FA8800
FA90E0
FA9AA0
FAA540
FAB0C0
FABD10
FACA40
FAD840
FAE720
FAF6E0
FB0780
FB18F0
FB2B40
FB3E60
FB5260
FB6740
FB7CF0
FB9390
FBAAE0
FBC2F0
FBDBB0
FBF540
FC0F90
FC2A90
FC4660
FC62E0
FC8030
FC9E30
FCBCF0
FCDC70
FCFCB0
FD1DB0
FD3F70
FD61E0
FD84F0
FDA880
FDCC90
FDF140
FE1670
FE3C30
FE6270
FE8940
FEB0A0
FED880
FF0100
FF29F0
FF5380
FF7D90
FFA830
FFD350
FFFEC0
002A70
005670
0082B0
00AF30
00DC00
010910
013670
016400
0191F0
01C010
01EE80
021D40
024C30
027B70
02AB00
02DA70
0309E0
033940
036890
0397E0
03C710
03F640
042560
045470
048370
04B270
04E160
051030
053F10
056DD0
059C80
05CAE0
05F8D0
062660
065390
068050
06ACC0
06D8C0
070470
072FB0
075A90
078510
07AF30
07D8E0
080240
082B30
0853D0
087BB0
08A2D0
08C950
08EF10
091420
093880
095C20
097F10
09A150
09C2E0
09E3B0
0A03E0
0A2340
0A4200
0A6000
0A7D60
0A99B0
0AB520
0ACF90
0AE900
0B0180
0B1910
0B2FA0
0B4540
0B59F0
0B6DA0
0B8060
0B9220
0BA2F0
0BB2D0
0BC1B0
0BCFA0
0BDC70
0BE810
0BF2A0
0BFC00
0C0450
0C0B70
0C1170
0C1650
0C1A10
0C1CB0
0C1E30
0C1E90
0C1DC0
0C1BE0
0C18D0
0C14B0
0C0F50
0C08C0
0C0110
0BF820
0BEE10
0BE2C0
0BD650
0BC8A0
0BB9D0
0BA9D0
0B9890
0B8630
0B7290
0B5DD0
0B47E0
0B30B0
0B1870
0AFF10
0AE490
0AC900
0AAC40
0A8E60
0A6F70
0A4F60
0A2E30
0A0BE0
09E870
09C3F0
099E40
097780
094FA0
092690
08FCB0
08D1D0
08A600
087950
084BB0
081D10
07ED90
07BD30
078BD0
075980
072650
06F230
06BD20
068720
065030
061860
05DFE0
05A6D0
056D10
0532C0
04F7C0
04BC30
048000
044320
0405B0
03C7A0
0388F0
034990
0309A0
02C910
0287E0
024610
020400
01C1B0
017F20
013C50
00F950
00B600
007270
002EB0
FFEAA0
FFA660
FF61D0
FF1D10
FED810
FE92D0
FE4D50
FE0780
FDC1F0
FD7C90
FD3750
FCF250
FCAD70
FC68C0
FC2440
FBDFE0
FB9BC0
FB57C0
FB13F0
FAD060
FA8CE0
FA49A0
FA0690
F9C3A0
F98150
F93FA0
F8FE70
F8BDF0
F87E00
F83EA0
F7FFE0
F7C1B0
F78420
F74720
F70AC0
F6CEF0
F693C0
F65920
F61F20
F5E5B0
F5AD40
F575B0
F53F30
F50990
F4D4F0
F4A140
F46E80
F43CC0
F40BF0
F3DC10
F3AD30
F37F30
F35240
F32630
F2FB20
F2D100
F2A820
F28070
F25A00
F234D0
F210E0
F1EE20
F1CC90
F1AC50
F18D40
F16F70
F152D0
F13770
F11D50
F10460
F0ECB0
F0D640
F0C130
F0AD70
F09B20
F08A30
F07AA0
F06C70
F05FA0
F05430
F04A20
F04180
F03A30
F03440
F02FB0
F02C90
F02AC0
F02A60
F02B50
F02DB0
F03170
F036A0
F03D20
F04510
F04E60
F05910
F06520
F07290
F08170
F091B0
F0A350
F0B650
F0CAB0
F0E080
F0F780
F10FC0
F12940
F14400
F16000
F17D40
F19BB0
F1BB60
F1DC50
F1FE80
F221F0
F24690
F26C80
F293A0
F2BC00
F2E5A0
F31030
F33BC0
F36840
F395B0
F3C420
F3F390
F423E0
F45530
F48780
F4BAC0
F4EEF0
F52420
F55A40
F59150
F5C960
F60260
F63C00
F67620
F6B0E0
F6EC30
F72820
F764A0
F7A1A0
F7DF50
F81D80
F85C50
F89BA0
F8DB90
F91C20
F95D30
F99EE0
F9E120
FA2380
FA6600
FAA8B0
FAEB70
FB2E50
FB7160
FBB480
FBF7D0
FC3B40
FC7ED0
FCC280
FD0650
FD4A40
FD8E50
FDD280
FE16E0
FE5AE0
FE9E80
FEE1D0
FF24D0
FF6780
FFA9D0
FFEBC0
002D60
006EB0
00AFB0
00F050
013090
017080
01B020
01EF70
022E60
026C80
02A9F0
02E690
032260
035D80
0397D0
03D150
040A20
044220
047950
04AFD0
04E580
051A60
054E90
0581F0
05B480
05E600
061660
0645A0
0673B0
06A0B0
06CC90
06F750
0720F0
074970
0770D0
079710
07BC30
07E030
080310
0824D0
084580
0864C0
0882B0
089F40
08BA70
08D450
08ECD0
0903F0
0919B0
092E20
094130
0952E0
096340
097240
097FE0
098C20
099710
09A080
09A890
09AF30
09B450
09B800
09BA50
09BB20
09BA80
09B880
09B500
09B010
09A9B0
09A1E0
0998A0
098DF0
0981C0
097440
096560
095520
094380
093080
091C20
090660
08EF40
08D6C0
08BCE0
08A1B0
088510
086710
0847B0
082700
0804E0
07E1A0
07BD30
0797A0
0770F0
074910
072000
06F5D0
06CA70
069DF0
067050
064180
061180
05E060
05AE20
057AB0
054610
0510B0
04DA70
04A360
046B80
0432E0
03F960
03BF10
0383E0
0347F0
030B30
02CDA0
028F30
025000
020FF0
01CF10
018D70
014B60
0108E0
00C610
0082D0
003F40
FFFB40
FFB6D0
FF7210
FF2CE0
FEE750
FEA160
FE5B10
FE1450
FDCD30
FD85B0
FD3DD0
FCF600
FCAE40
FC66A0
FC1F10
FBD790
FB9030
FB48E0
FB01A0
FABA70
FA7360
FA2C60
F9E580
F99EA0
F957E0
F91140
F8CAA0
F884A0
F83F20
F7FA20
F7B5B0
F771D0
F72E80
F6EBB0
F6A970
F667B0
F62680
F5E5E0
F5A5D0
F56640
F52740
F4E8C0
F4AAD0
F46DD0
F431D0
F3F6B0
F3BC80
F38350
F34B10
F313C0
F2DD60
F2A7F0
F27370
F23FE0
F20D50
F1DBB0
F1AAF0
F17B30
F14C60
F11ED0
F0F280
F0C760
F09D90
F074F0
F04DA0
F02780
F002A0
EFDF10
EFBCB0
EF9B90
EF7BB0
EF5D00
EF3FA0
EF2380
EF0890
EEEF20
EED710
EEC060
EEAB30
EE9760
EE8500
EE7400
EE6470
EE5650
EE49A0
EE3E50
EE3470
EE2C00
EE2500
EE1F60
EE1B30
EE1870
EE1720
EE1750
EE18F0
EE1BF0
EE2070
EE2670
EE2DD0
EE36A0
EE40F0
EE4CB0
EE59E0
EE6890
EE78A0
EE8A30
EE9D20
EEB180
EEC720
EEDE20
EEF670
EF1020
EF2B20
EF4780
EF6530
EF8430
EFA480
EFC630
EFE940
F00D90
F03350
F05A50
F082B0
F0AC20
F0D6B0
F10250
F12F10
F15CE0
F18BD0
F1BBD0
F1ECE0
F21F10
F25250
F286B0
F2BC20
F2F2B0
F32A50
F36310
F39CE0
F3D770
F412C0
F44EC0
F48B90
F4C910
F50760
F54660
F58620
F5C6A0
F607E0
F649D0
F68C90
F6D000
F71440
F75930
F79EE0
F7E4F0
F82B40
F87200
F8B910
F90070
F94830
F99040
F9D8A0
FA2160
FA6A80
FAB3F0
FAFDB0
FB47D0
FB9240
FBDD00
FC2830
FC7330
FCBE20
FD0900
FD53D0
FD9E80
FDE910
FE3390
FE7E00
FEC850
FF1290
FF5CC0
FFA6D0
FFF0D0
003AB0
008480
00CE30
011770
016030
01A870
01F030
023780
027E40
02C490
030A60
034FC0
039490
03D8F0
041CD0
046030
04A310
04E580
052770
056880
05A8D0
05E840
0626D0
0664A0
06A190
06DDB0
0718F0
075360
078D00
07C5D0
07FDC0
0834E0
086B30
08A0A0
08D550
0908E0
093B50
096CC0
099D10
09CC60
09FA90
0A27A0
0A53B0
0A7EA0
0AA890
0AD160
0AF920
0B1FC0
0B4560
0B69E0
0B8D50
0BAF90
0BD090
0BF060
0C0EF0
0C2C50
0C4880
0C6370
0C7D30
0C95B0
0CAD10
0CC320
0CD800
0CEBB0
0CFE30
0D0F70
0D1F70
0D2E40
0D3BD0
0D4830
0D5350
0D5D30
0D65D0
0D6D40
0D7370
0D7860
0D7C10
0D7E90
0D7FD0
0D7FE0
0D7EA0
0D7C30
0D7890
0D73C0
0D6DC0
0D66B0
0D5E70
0D5510
0D4A90
0D3EF0
0D3220
0D2430
0D1520
0D04F0
0CF390
0CE110
0CCD70
0CB8B0
0CA2C0
0C8BE0
0C7410
0C5B40
0C4180
0C26D0
0C0B20
0BEE80
0BD0F0
0BB260
0B92E0
0B7260
0B50F0
0B2E90
0B0B30
0AE6E0
0AC1A0
0A9BA0
0A74F0
0A4D90
0A2570
09FCA0
09D320
09A8F0
097E00
095260
092600
08F8F0
08CB30
089CC0
086D90
083DB0
080D20
07DC20
07AAB0
0778D0
074690
0713D0
06E0B0
06AD20
067930
0644C0
060FF0
05DAB0
05A500
056EE0
053850
050160
04CA00
049280
045AE0
042310
03EB30
03B330
037B00
0342C0
030A60
02D1D0
029930
026060
022780
01EE70
01B540
017C00
014290
010950
00D020
009720
005E50
002590
FFED00
FFB480
FF7C30
FF4410
FF0C00
FED420
FE9C60
FE64C0
FE2D40
FDF5F0
FDBEB0
FD87E0
FD5170
FD1B50
FCE590
FCB040
FC7B40
FC46A0
FC1260
FBDE80
FBAB00
FB77E0
FB4510
FB12B0
FAE0A0
FAAF00
FA7DB0
FA4CF0
FA1CB0
F9ED00
F9BDE0
F98F30
F96120
F93390
F90680
F8DA00
F8AE10
F882A0
F857B0
F82D50
F80380
F7DA30
F7B160
F78940
F761C0
F73AE0
F714A0
F6EF10
F6CA10
F6A5C0
F68210
F65F00
F63C90
F61AC0
F5F9A0
F5D920
F5B930
F599F0
F57B60
F55D70
F54020
F52390
F507A0
F4EC60
F4D1D0
F4B7F0
F49EB0
F48630
F46E50
F45720
F44090
F42AC0
F41590
F40110
F3ED40
F3DA10
F3C790
F3B5B0
F3A480
F39400
F38420
F374E0
F36650
F35870
F34B30
F33E90
F332A0
F32760
F31CC0
F312C0
F30980
F300C0
F2F8B0
F2F130
F2EA50
F2E400
F2DE50
F2D940
F2D4D0
F2D0F0
F2CDB0
F2CB00
F2C8F0
F2C780
F2C6B0
F2C670
F2C6D0
F2C7B0
F2C920
F2CB00
F2CD80
F2D070
F2D3F0
F2D7F0
F2DC70
F2E180
F2E710
F2ED30
F2F3C0
F2FAE0
F30290
F30AB0
F31360
F31C90
F32620
F33020
F33A90
F34570
F350C0
F35C80
F368B0
F37550
F38260
F38FE0
F39DD0
F3AC30
F3BB00
F3CA40
F3DA00
F3EA00
F3FA70
F40B30
F41C40
F42DB0
F43F80
F451A0
F46420
F47700
F48A30
F49DC0
F4B1B0
F4C5F0
F4DA80
F4EF80
F504C0
F51A60
F53040
F54670
F55CE0
F573A0
F58AB0
F5A200
F5B9A0
F5D190
F5E9C0
F60240
F61B00
F63410
F64D70
F66710
F68100
F69B30
F6B590
F6D040
F6EB20
F70640
F72190
F73D30
F75900
F77510
F79160
F7ADF0
F7CAC0
F7E7C0
F80500
F82280
F84040
F85E30
F87C50
F89AB0
F8B940
F8D810
F8F700
F91640
F935A0
F95540
F97510
F99510
F9B550
F9D5C0
F9F670
FA1740
FA3860
FA59A0
FA7B10
FA9CB0
FABE80
FAE080
FB02B0
FB2510
FB4790
FB6A50
FB8D40
FBB060
FBD3B0
FBF720
FC1AD0
FC3EB0
FC62B0
FC86F0
FCAB50
FCCFD0
FCF490
FD1970
FD3E80
FD63B0
FD8910
FDAEA0
FDD460
FDFA40
FE2050
FE4690
FE6CF0
FE9390
FEBA40
FEE130
FF0830
FF2F60
FF56B0
FF7E20
FFA5C0
FFCD80
FFF560
001D70
0045A0
006DF0
009670
00BF10
00E7D0
0110C0
0139D0
0162F0
018C40
01B590
01DF10
020890
023240
025C00
0285E0
02AFD0
02D9E0
030400
032E40
035890
038310
03AD90
03D840
0402F0
042DA0
045860
048330
04AE00
04D8D0
0503C0
052EB0
0559A0
0584A0
05AFA0
05DAC0
0605D0
063100
065C20
068760
06B280
06DDA0
0708A0
0733A0
075E90
078960
07B430
07DEF0
0809A0
083440
085ED0
088960
08B3D0
08DE30
090890
0932D0
095CF0
0986E0
09B0B0
09DA50
0A03C0
0A2D10
0A5630
0A7F20
0AA7F0
0AD090
0AF900
0B2150
0B4970
0B7160
0B9930
0BC0D0
0BE820
0C0F30
0C35F0
0C5C60
0C8280
0CA860
0CCDF0
0CF330
0D1830
0D3CD0
0D6130
0D8540
0DA910
0DCC80
0DEFB0
0E12A0
0E3510
0E5720
0E78C0
0E99F0
0EBAB0
0EDB10
0EFAF0
0F1A70
0F3990
0F5830
0F7670
0F9440
0FB1A0
0FCE90
0FEB20
100740
1022D0
103DE0
105860
107250
108BC0
10A490
10BCF0
10D4B0
10EBF0
1102B0
1118E0
112E80
114390
115820
116C20
117F90
119270
11A4A0
11B630
11C730
11D780
11E730
11F650
1204C0
121290
121FC0
122C50
123840
124390
124E40
125860
1261D0
126A90
1272A0
127A10
1280D0
1286E0
128C40
1290F0
129500
129860
129B10
129D10
129E60
129F10
129F10
129E60
129D00
129B00
129840
1294E0
1290E0
128C20
1286C0
1280B0
1279F0
127290
126A80
1261C0
125850
124E40
124380
123810
122BF0
121F40
1211F0
120400
11F570
11E650
11D690
11C630
11B530
11A3A0
119170
117EA0
116B30
115730
114290
112D50
111780
110120
10EA50
10D300
10BB20
10A2D0
108A00
1070B0
1056E0
103C90
1021C0
100680
0FEAB0
0FCE70
0FB1A0
0F9460
0F7690
0F5880
0F3A10
0F1B50
0EFC30
0EDCC0
0EBD00
0E9CE0
0E7C70
0E5BB0
0E3AA0
0E1930
0DF770
0DD550
0DB2F0
0D9030
0D6D10
0D49E0
0D2680
0D0300
0CDF50
0CBB90
0C97A0
0C7390
0C4F50
0C2B00
0C0680
0BE1E0
0BBD10
0B9830
0B7320
0B4DF0
0B2890
0B0350
0ADE20
0AB900
0A93E0
0A6EE0
0A49F0
0A2520
0A0050
09DB90
09B6E0
099250
096DC0
094940
0924E0
090090
08DC40
08B840
089480
087110
084DD0
082AE0
080830
07E5D0
07C3A0
07A1C0
078020
075EC0
073DA0
071CD0
06FC40
06DBF0
06BBE0
069C40
067D20
065E60
064010
062230
0604B0
05E7B0
05CB20
05AF00
059340
057800
055D20
0542B0
0528C0
050F30
04F610
04DD80
04C580
04AE10
049720
0480C0
046B00
0455C0
044110
042CE0
041950
040640
03F3D0
03E1E0
03D080
03BFB0
03AF60
039FC0
0390B0
038240
037470
036730
035A90
034E90
034330
033870
032E40
0324B0
031BC0
031360
030BB0
030490
02FE00
02F820
02F2D0
02EE10
02E9F0
02E670
02E380
02E130
02DF70
02DE50
02DDD0
02DDE0
02DE90
02DFD0
02E1B0
02E420
02E730
02EAC0
02EED0
02F370
02F890
02FE30
030450
030B00
031220
0319D0
032200
032AB0
0333F0
033DB0
0347F0
0352B0
035DF0
036990
0375A0
038200
038EC0
039BE0
03A950
03B730
03C570
03D400
03E300
03F250
040200
041210
042280
043350
044480
0455E0
046760
047910
048AF0
049D00
04AF40
04C1A0
04D440
04E700
04F9F0
050D10
052050
0533D0
054770
055B40
056F40
058330
059720
05AB00
05BED0
05D2A0
05E660
05FA10
060DC0
062160
063500
064890
065C10
066F90
068300
069660
06A9C0
06BCD0
06CFB0
06E240
06F490
0706A0
071870
0729F0
073B40
074C40
075D00
076D80
077DC0
078DB0
079D70
07ACE0
07BC10
07CAD0
07D910
07E6F0
07F440
080130
080DA0
0819A0
082530
083050
083AF0
084520
084EE0
085820
0860F0
086950
087130
087880
087F30
088550
088AD0
088FC0
089410
0897C0
089AE0
089D60
089F50
08A0A0
08A160
08A170
08A100
089FE0
089E40
089BE0
0898D0
089520
0890C0
088BA0
0885F0
087F80
087860
0870A0
086820
085F00
085530
084AB0
083F80
0833B0
082720
0819F0
080C10
07FD80
07EE40
07DE50
07CDB0
07BC60
07AA70
0797C0
078470
077070
075BC0
074660
073050
071990
070220
06EA20
06D180
06B840
069E70
068400
0668F0
064D40
063100
061420
05F6B0
05D8A0
05B9F0
059AA0
057AC0
055A40
053930
0517A0
04F5A0
04D330
04B050
048CF0
046930
0444F0
042040
03FB20
03D590
03AF80
038910
036220
033AC0
0312F0
02EAA0
02C220
029960
027070
024740
021DD0
01F420
01CA30
01A010
0175B0
014B10
012040
00F520
00C9D0
009E50
007280
004680
001A80
FFEE80
FFC290
FF96A0
FF6AB0
FF3ED0
FF12F0
FEE710
FEBB40
FE8F70
FE63A0
FE37D0
FE0C10
FDE050
FDB4A0
FD88E0
FD5D80
FD3260
FD0780
FCDCF0
FCB2A0
FC88B0
FC5EF0
FC3580
FC0C60
FBE380
FBBAF0
FB92B0
FB6AB0
FB42F0
FB1B80
FAF460
FACDC0
FAA7B0
FA8220
FA5D20
FA38B0
FA14D0
F9F160
F9CE90
F9AC40
F98A80
F96940
F94890
F92870
F908D0
F8E9C0
F8CB40
F8AD70
F89070
F87420
F858A0
F83DE0
F823D0
F80A90
F7F210
F7DA40
F7C340
F7AD00
F79780
F782C0
F76EC0
F75B80
F748F0
F73760
F726B0
F716E0
F707F0
F6F9F0
F6ECD0
F6E0A0
F6D550
F6CAF0
F6C170
F6B8D0
F6B110
F6AA50
F6A460
F69F60
F69B40
F69820
F695F0
F694C0
F69480
F69540
F696F0
F69990
F69D40
F6A1D0
F6A760
F6ADF0
F6B570
F6BDE0
F6C750
F6D1C0
F6DD20
F6E970
F6F6C0
F704F0
F71420
F72440
F73550
F74750
F75A40
F76E30
F78310
F798E0
F7AFA0
F7C750
F7DFF0
F7F990
F81420
F82F80
F84BC0
F868D0
F886C0
F8A580
F8C520
F8E590
F906E0
F92900
F94C00
F96FD0
F99470
F9BA00
F9E050
FA0780
FA2F90
FA5840
FA81A0
FAABA0
FAD650
FB01A0
FB2DA0
FB5A40
FB8790
FBB590
FBE430
FC1380
FC4370
FC7410
FCA550
FCD740
FD09D0
FD3CD0
FD7040
FDA420
FDD860
FE0D10
FE4220
FE77A0
FEAD90
FEE3F0
FF1AB0
FF51E0
FF8980
FFC180
FFF9F0
0032D0
006C10
00A580
00DF10
0118C0
015290
018C90
01C6B0
0200F0
023B60
0275F0
02B0A0
02EB70
032670
036190
039CD0
03D840
0413C0
044F30
048A70
04C590
050080
053B60
057610
05B090
05EB00
062540
065F60
069950
06D330
070CD0
074660
077FC0
07B910
07F1E0
082A50
086250
0899F0
08D130
090800
093E60
097460
09A9F0
09DF20
0A13E0
0A4830
0A7C20
0AAFB0
0AE2D0
0B1580
0B47A0
0B7910
0BA9E0
0BDA10
0C0990
0C3880
0C66C0
0C9470
0CC170
0CEDD0
0D1990
0D44B0
0D6F20
0D9900
0DC230
0DEAC0
0E1290
0E3980
0E5FC0
0E8520
0EA9C0
0ECD90
0EF0A0
0F12D0
0F3450
0F54F0
0F74D0
0F93E0
0FB220
0FCFA0
0FEC50
100840
102340
103D60
1056B0
106F10
108690
109D30
10B2F0
10C7D0
10DBD0
10EEE0
110120
111280
1122F0
113290
114140
114F20
115C10
116820
117350
117D90
118700
118F80
119720
119DD0
11A3B0
11A8A0
11ACB0
11AFE0
11B230
11B3A0
11B420
11B3C0
11B290
11B090
11ADB0
11AA10
11A590
11A040
119A20
119330
118B70
1182D0
117970
116F30
116420
115840
114B80
113E00
112FC0
1120D0
111130
1100E0
10EFD0
10DE20
10CBB0
10B890
10A4C0
109040
107B00
106510
104E80
103720
101F20
100670
0FED30
0FD360
0FB920
0F9E40
0F82E0
0F6700
0F4A90
0F2DA0
0F1020
0EF220
0ED390
0EB480
0E94E0
0E74C0
0E5420
0E32E0
0E1160
0DEF80
0DCD40
0DAAB0
0D87C0
0D6480
0D40F0
0D1D00
0CF8B0
0CD410
0CAF20
0C89D0
0C6420
0C3E20
0C17D0
0BF120
0BCA40
0BA340
0B7C20
0B54D0
0B2D60
0B05C0
0ADE00
0AB620
0A8E10
0A65E0
0A3D80
0A1500
09EC50
09C380
099A80
097170
094850
091F30
08F620
08CD00
08A3F0
087AE0
0851D0
0828C0
07FFC0
07D6B0
07ADB0
0784B0
075BB0
0732B0
0709B0
06E0C0
06B7E0
068F30
0666B0
063E40
061600
05EDE0
05C5E0
059E00
057650
054EC0
052750
050000
04D8E0
04B1E0
048B00
046440
043DC0
041770
03F160
03CB90
03A5F0
038080
035B50
033650
031190
02ED10
02C8C0
02A4A0
0280C0
025D20
0239B0
021670
01F380
01D0C0
01AE50
018C20
016A30
014880
012710
0105E0
00E4F0
00C440
00A3E0
0083B0
0063D0
004420
0024C0
000590
FFE6B0
FFC800
FFA990
FF8B70
FF6D70
FF4FC0
FF3250
FF1510
FEF820
FEDB60
FEBEE0
FEA2A0
FE8690
FE6AD0
FE4F40
FE3400
FE18E0
FDFDF0
FDE340
FDC8C0
FDAE70
FD9450
FD7A60
FD60A0
FD4710
FD2DC0
FD14A0
FCFBA0
FCE2E0
FCCA50
FCB1F0
FC99D0
FC81C0
FC69D0
FC5210
FC3A70
FC22F0
FC0B80
FBF440
FBDD30
FBC630
FBAF50
FB98A0
FB8200
FB6B90
FB5540
FB3F00
FB28F0
FB1300
FAFD10
FAE730
FAD160
FABBA0
FAA5F0
FA9060
FA7AD0
FA6550
FA4FF0
FA3A90
FA2550
FA1010
F9FAF0
F9E5E0
F9D0D0
F9BBD0
F9A6E0
F991E0
F97CF0
F96810
F95320
F93E40
F92970
F91490
F8FFC0
F8EB00
F8D630
F8C170
F8ACB0
F89800
F88350
F86EA0
F859F0
F84540
F83090
F81BE0
F80720
F7F270
F7DDC0
F7C910
F7B460
F79FB0
F78B00
F77640
F76190
F74CE0
F73830
F72380
F70EE0
F6FA40
F6E5A0
F6D110
F6BC80
F6A7F0
F69370
F67EF0
F66A80
F65610
F641A0
F62D40
F618E0
F60490
F5F030
F5DC00
F5C7D0
F5B3C0
F59FC0
F58BD0
F57800
F56440
F55090
F53D00
F52980
F51610
F502B0
F4EF70
F4DC40
F4C920
F4B620
F4A340
F490A0
F47E20
F46BE0
F459C0
F447E0
F43620
F42490
F41340
F40210
F3F110
F3E040
F3CFA0
F3BF30
F3AEF0
F39EE0
F38F20
F37FA0
F37080
F361B0
F35320
F344E0
F336F0
F32950
F31C00
F30F00
F30250
F2F5E0
F2E9C0
F2DE00
F2D280
F2C750
F2BC90
F2B240
F2A860
F29EF0
F29600
F28D70
F28550
F27DA0
F27660
F26FA0
F26940
F26350
F25DE0
F258D0
F25430
F25010
F24C70
F24960
F246E0
F244F0
F24390
F242C0
F24270
F242C0
F24390
F24500
F246F0
F24970
F24C80
F25020
F25450
F25910
F25E70
F26470
F26B20
F27270
F27A60
F282F0
F28C30
F29610
F2A0A0
F2ABC0
F2B790
F2C400
F2D120
F2DEE0
F2ED40
F2FC40
F30BF0
F31C60
F32D70
F33F20
F35190
F364B0
F37870
F38CF0
F3A210
F3B7E0
F3CE60
F3E590
F3FD70
F415F0
F42F30
F44910
F463A0
F47ED0
F49AB0
F4B730
F4D450
F4F220
F510A0
F52FC0
F54F80
F56FE0
F590F0
F5B2B0
F5D510
F5F810
F61BC0
F64010
F664F0
F68A60
F6B060
F6D6F0
F6FE10
F725C0
F74DF0
F776C0
F7A020
F7CA00
F7F480
F81F80
F84B10
F87730
F8A3E0
F8D130
F8FED0
F92CE0
F95B40
F98A20
F9B950
F9E8F0
FA18F0
FA4950
FA7A20
FAAB50
FADCE0
FB0EE0
FB4140
FB7400
FBA720
FBDAB0
FC0E60
FC4250
FC7660
FCAAA0
FCDF10
FD13B0
FD4880
FD7D80
FDB2A0
FDE800
FE1D80
FE5330
FE8910
FEBF20
FEF560
FF2BD0
FF6220
FF9870
FFCEA0
0004C0
003AC0
0070C0
00A6A0
00DC80
011240
0147E0
017D80
01B300
01E880
021DE0
025330
028860
02BD50
02F1E0
032610
035A00
038D90
03C0C0
03F3B0
042640
045880
048A60
04BBF0
04ED30
051E10
054EA0
057EE0
05AEC0
05DE10
060CD0
063B00
066890
069590
06C200
06EDE0
071920
0743E0
076E00
079780
07C080
07E8E0
0810B0
0837F0
085E90
088470
08A990
08CDF0
08F180
091440
093640
095780
097800
0997B0
09B6A0
09D4C0
09F220
0A0EC0
0A2A90
0A45A0
0A5FE0
0A7940
0A91C0
0AA950
0AC000
0AD5C0
0AEAA0
0AFEA0
0B11B0
0B23E0
0B3520
0B4580
0B54F0
0B6380
0B7130
0B7DF0
0B89C0
0B94B0
0B9EA0
0BA7B0
0BAFC0
0BB6E0
0BBD20
0BC260
0BC6B0
0BCA00
0BCC70
0BCDF0
0BCE80
0BCE10
0BCCC0
0BCA70
0BC730
0BC310
0BBE10
0BB830
0BB160
0BA9C0
0BA130
0B97C0
0B8D70
0B8230
0B7620
0B6920
0B5B40
0B4C80
0B3CE0
0B2C50
0B1AF0
0B08C0
0AF5E0
0AE240
0ACDE0
0AB8C0
0AA2E0
0A8C40
0A74F0
0A5CE0
0A4410
0A2A80
0A1030
09F520
09D960
09BCD0
099F90
0981C0
096380
0944B0
092560
090590
08E530
08C450
08A300
088110
085EB0
083BD0
081860
07F470
07D000
07AB10
078590
075FE0
0739F0
0713C0
06ED60
06C6C0
069FE0
0678D0
065170
0629E0
060220
05DA10
05B1D0
058950
0560A0
0537B0
050E80
04E560
04BC50
049360
046A80
0441B0
041900
03F050
03C7C0
039F40
0376E0
034E80
032640
02FE20
02D600
02AE00
028600
025E70
023740
021070
01EA00
01C400
019E50
017900
015410
012F90
010B60
00E7A0
00C430
00A130
007E80
005C40
003A60
001920
FFF880
FFD890
FFB930
FF9A80
FF7C70
FF5F10
FF4240
FF2620
FF0AA0
FEEFD0
FED590
FEBC00
FEA310
FE8AD0
FE7320
FE5C50
FE4650
FE3130
FE1CD0
FE0950
FDF6B0
FDE4D0
FDD3D0
FDC3A0
FDB450
FDA5C0
FD9810
FD8B40
FD7F30
FD7400
FD69A0
FD6030
FD57B0
FD5010
FD4970
FD43B0
FD3EE0
FD3AF0
FD3800
FD35F0
FD34E0
FD34B0
FD3560
FD3710
FD39A0
FD3D20
FD4190
FD46F0
FD4D30
FD5460
FD5C80
FD6580
FD6F70
FD7A50
FD8610
FD92C0
FDA050
FDAED0
FDBE40
FDCE90
FDDFD0
FDF200
FE0510
FE18F0
FE2DA0
FE4320
FE5960
FE7070
FE8850
FEA100
FEBA70
FED4B0
FEEFC0
FF0BA0
FF2840
FF45C0
FF6400
FF8300
FFA2E0
FFC350
FFE450
0005F0
002820
004AE0
006E40
009230
00B6C0
00DBE0
0101A0
0127F0
014ED0
017650
019E60
01C700
01F040
0219D0
0243A0
026DC0
029830
02C2F0
02EE00
031950
034500
0370F0
039D30
03C9B0
03F690
0423B0
045120
047EE0
04ACF0
04DAF0
0508F0
0536E0
0564D0
0592B0
05C090
05EE70
061C40
064A10
0677D0
06A590
06D340
0700F0
072E90
075C30
0789C0
07B700
07E3E0
081050
083C70
086840
0893A0
08BEB0
08E950
0913A0
093D90
096720
099050
09B930
09E1A0
0A09C0
0A3180
0A5890
0A7EF0
0AA4B0
0AC9C0
0AEE20
0B11D0
0B34D0
0B5730
0B78E0
0B99E0
0BBA30
0BD9E0
0BF8D0
0C1720
0C34C0
0C51C0
0C6DC0
0C88E0
0CA320
0CBC70
0CD4D0
0CEC40
0D02D0
0D1870
0D2D30
0D4100
0D53E0
0D65E0
0D76F0
0D8710
0D9650
0DA4A0
0DB1D0
0DBE00
0DC920
0DD320
0DDC20
0DE400
0DEAD0
0DF090
0DF540
0DF8E0
0DFB70
0DFCE0
0DFD40
0DFCA0
0DFAE0
0DF810
0DF420
0DEF10
0DE8F0
0DE1A0
0DD940
0DCFC0
0DC520
0DB960
0DAC80
0D9E80
0D8F60
0D7F30
0D6DD0
0D5B60
0D47D0
0D3310
0D1D50
0D0690
0CEEB0
0CD5C0
0CBBC0
0CA0C0
0C84B0
0C6780
0C4950
0C2A10
0C09C0
0BE860
0BC5F0
0BA280
0B7DF0
0B5860
0B31E0
0B0A80
0AE240
0AB920
0A8F20
0A6430
0A3870
0A0BC0
09DE30
09AFB0
098060
095020
091F00
08ED00
08BA20
088660
0851F0
081CF0
07E740
07B0F0
077A00
074270
070A40
06D170
069800
065DE0
062330
05E7D0
05ABE0
056F40
053200
04F420
04B5F0
047770
043890
03F970
03B9F0
037A20
033A10
02F9A0
02B8D0
0277C0
023660
01F4A0
01B2A0
017040
012D90
00EA90
00A790
0064A0
0021B0
FFDEC0
FF9BD0
FF58F0
FF1610
FED330
FE9050
FE4D80
FE0AB0
FDC7E0
FD8520
FD4250
FCFF90
FCBCE0
FC7A70
FC3870
FBF6B0
FBB550
FB7440
FB3390
FAF340
FAB330
FA7380
FA3430
F9F530
F9B680
F97830
F93A30
F8FC80
F8BF30
F88280
F84670
F80B00
F7D030
F795F0
F75C50
F72360
F6EB00
F6B340
F67C20
F645A0
F60FC0
F5DA80
F5A5D0
F571D0
F53E60
F50BD0
F4DA10
F4A920
F47900
F449B0
F41B40
F3ED90
F3C0C0
F394C0
F36990
F33F40
F315B0
F2ED00
F2C520
F29E10
F277E0
F25290
F22E30
F20AD0
F1E860
F1C6D0
F1A640
F186A0
F167F0
F14A20
F12D50
F11170
F0F690
F0DC90
F0C380
F0AB60
F09440
F07E00
F068C0
F05470
F04120
F02EB0
F01D40
F00CC0
EFFD40
EFEEA0
EFE100
EFD460
EFC8A0
EFBDE0
EFB410
EFAB30
EFA340
EF9C40
EF9610
EF90C0
EF8C50
EF88D0
EF8620
EF8450
EF8360
EF8350
EF8410
EF85C0
EF8850
EF8BC0
EF9000
EF9530
EF9B30
EFA1F0
EFA960
EFB190
EFBA70
EFC400
EFCE40
EFD940
EFE4F0
EFF160
EFFE80
F00C50
F01AE0
F02A20
F03A10
F04AC0
F05C10
F06DF0
F08050
F09320
F0A670
F0BA40
F0CE90
F0E350
F0F8A0
F10E60
F124A0
F13B50
F15290
F16A40
F18270
F19B20
F1B450
F1CDB0
F1E760
F20140
F21B50
F235B0
F25040
F26B20
F28620
F2A170
F2BD00
F2D8C0
F2F4C0
F31100
F32D70
F34A30
F36720
F38410
F3A100
F3BDE0
F3DAC0
F3F7A0
F41480
F43150
F44E20
F46AF0
F487B0
F4A480
F4C140
F4DDF0
F4FAB0
F51760
F53410
F55080
F56CC0
F588B0
F5A470
F5C000
F5DB40
F5F650
F61120
F62BB0
F64610
F66030
F67A10
F693B0
F6AD20
F6C650
F6DF40
F6F7D0
F70FF0
F727B0
F73F10
F75600
F76C90
F782B0
F79870
F7ADD0
F7C2C0
F7D750
F7EB80
F7FF40
F81290
F82590
F83810
F84A30
F85BC0
F86CD0
F87D70
F88D90
F89D40
F8AC60
F8BB10
F8C940
F8D6F0
F8E420
F8F0E0
F8FD20
F908E0
F91420
F91EF0
F92930
F93300
F93C50
F94520
F94D70
F95540
F95C90
F96360
F969B0
F96F90
F974E0
F979C0
F97E10
F981F0
F98550
F98820
F98A90
F98CA0
F98E30
F98F60
F99020
F99070
F99050
F98FC0
F98ED0
F98D70
F98BA0
F98960
F986C0
F983B0
F98020
F97C40
F97800
F97380
F96EB0
F969A0
F96440
F95E90
F95890
F95250
F94BD0
F94500
F93DE0
F93670
F92EC0
F926C0
F91E80
F915E0
F90D40
F90470
F8FB90
F8F290
F8E970
F8E040
F8D6F0
F8CD80
F8C400
F8BA60
F8B0A0
F8A6C0
F89CD0
F892C0
F888A0
F87E50
F87430
F86A10
F86020
F85640
F84C70
F842D0
F83930
F82FC0
F82650
F81D10
F813E0
F80AC0
F801D0
F7F8E0
F7F020
F7E760
F7DF00
F7D6E0
F7CF10
F7C790
F7C060
F7B970
F7B2D0
F7AC70
F7A670
F7A0B0
F79B40
F79610
F79140
F78CB0
F78860
F78470
F780F0
F77DE0
F77B40
F77930
F77780
F77650
F77590
F77550
F77580
F77620
F77740
F778E0
F77AE0
F77D60
F78060
F783D0
F787D0
F78C60
F79190
F79740
F79D90
F7A470
F7ABE0
F7B3E0
F7BC70
F7C5A0
F7CF50
F7D9A0
F7E480
F7EFF0
F7FBF0
F80890
F815C0
F82390
F83200
F84110
F850B0
F86100
F871E0
F88360
F89590
F8A840
F8BBA0
F8CFA0
F8E430
F8F970
F90F40
F925B0
F93CB0
F95450
F96C80
F98550
F99EA0
F9B890
F9D320
F9EE30
FA09F0
FA2630
FA4310
FA6080
FA7E80
FA9D20
FABC50
FADC10
FAFC50
FB1D10
FB3E50
FB6000
FB8230
FBA4D0
FBC7F0
FBEB90
FC0FB0
FC3450
FC5960
FC7EF0
FCA4F0
FCCB70
FCF270
FD19F0
FD41B0
FD69D0
FD9240
FDBAF0
FDE400
FE0D50
FE3700
FE6100
FE8B40
FEB5E0
FEE0C0
FF0C00
FF3780
FF6360
FF8F80
FFBC00
FFE890
001530
004200
006EE0
009BD0
00C8E0
00F610
012350
0150A0
017E20
01ABB0
01D950
020710
0234F0
0262E0
0290F0
02BEE0
02ECA0
031A50
0347D0
037530
03A280
03CFA0
03FCA0
042970
045630
0482D0
04AF40
04DBA0
0507D0
0533E0
055FE0
058B70
05B6A0
05E180
060C00
063620
065FF0
068960
06B260
06DB20
070370
072B60
075300
077A40
07A120
07C7B0
07EDD0
081370
083870
085CF0
0880D0
08A430
08C6F0
08E920
090AD0
092BE0
094C60
096C50
098BB0
09AA80
09C8C0
09E670
0A0390
0A1FF0
0A3BA0
0A5690
0A70C0
0A8A40
0AA310
0ABB10
0AD260
0AE900
0AFEE0
0B1400
0B2870
0B3C20
0B4F10
0B6150
0B72E0
0B8390
0B9370
0BA280
0BB0C0
0BBE20
0BCAC0
0BD680
0BE180
0BEBA0
0BF4F0
0BFD70
0C0510
0C0BF0
0C11F0
0C1730
0C1B90
0C1F20
0C21D0
0C23A0
0C24A0
0C24D0
0C2420
0C2290
0C2030
0C1CF0
0C18D0
0C13E0
0C0E20
0C0780
0C0000
0BF7B0
0BEE80
0BE480
0BD9C0
0BCE20
0BC1B0
0BB480
0BA670
0B97A0
0B8800
0B7780
0B6640
0B5430
0B4150
0B2DA0
0B1910
0B03C0
0AEDB0
0AD6D0
0ABF50
0AA710
0A8E20
0A7470
0A5A10
0A3F00
0A2340
0A06C0
09E990
09CBA0
09AD10
098DC0
096DB0
094D00
092B90
090990
08E700
08C3E0
08A030
087BF0
085730
0831D0
080BF0
07E570
07BE70
0796E0
076EC0
074610
071CC0
06F2F0
06C8A0
069DE0
0672C0
064740
061B60
05EF20
05C280
059590
056830
053A70
050C50
04DDE0
04AF00
047FC0
045020
042030
03EFD0
03BF50
038E90
035DB0
032CA0
02FB60
02C9F0
029850
026680
023490
020260
01D010
019D90
016AD0
0137F0
0104E0
00D1B0
009E70
006B40
003800
0004D0
FFD1B0
FF9E80
FF6B50
FF3830
FF0510
FED1F0
FE9EE0
FE6BC0
FE38B0
FE05A0
FDD290
FD9F90
FD6CB0
FD3A00
FD0780
FCD530
FCA310
FC7120
FC3F60
FC0DC0
FBDC60
FBAB20
FB7A10
FB4940
FB1890
FAE810
FAB7C0
FA8790
FA57C0
FA2840
F9F920
F9CA40
F99BC0
F96D80
F93FA0
F91210
F8E4D0
F8B7F0
F88B50
F85F10
F83310
F80770
F7DC20
F7B130
F78690
F75C70
F732B0
F70960
F6E080
F6B800
F68FF0
F66850
F64110
F61A40
F5F3E0
F5CDE0
F5A850
F58330
F55E70
F53A20
F51650
F4F2F0
F4D010
F4ADA0
F48BB0
F46A30
F44930
F428B0
F408A0
F3E900
F3C9F0
F3AB40
F38D20
F36F70
F35230
F33570
F31930
F2FD70
F2E220
F2C760
F2AD10
F29340
F279F0
F26120
F248D0
F230F0
F219A0
F202C0
F1EC70
F1D690
F1C130
F1AC40
F197E0
F183F0
F17070
F15D70
F14AF0
F138F0
F12750
F11640
F105A0
F0F580
F0E5D0
F0D6A0
F0C7E0
F0B9A0
F0ABD0
F09E90
F091B0
F08540
F07940
F06DB0
F06290
F057D0
F04D90
F043C0
F03A60
F03170
F028E0
F020D0
F01930
F011F0
F00B30
F004D0
EFFEE0
EFF940
EFF410
EFEF30
EFEAC0
EFE6B0
EFE2F0
EFDFA0
EFDCB0
EFDA10
EFD7E0
EFD610
EFD4A0
EFD380
EFD2D0
EFD280
EFD280
EFD2D0
EFD370
EFD460
EFD5B0
EFD740
EFD930
EFDB70
EFDDF0
EFE0D0
EFE410
EFE790
EFEB60
EFEF90
EFF400
EFF8D0
EFFDE0
F00330
F008C0
F00E90
F014A0
F01B00
F021A0
F02870
F02F90
F036F0
F03EA0
F04680
F04EB0
F05710
F05FC0
F068B0
F071D0
F07B30
F084C0
F08E80
F09880
F0A2B0
F0AD10
F0B7B0
F0C280
F0CD80
F0D8C0
F0E430
F0EFD0
F0FBB0
F107C0
F11410
F12080
F12D10
F139E0
F146C0
F153E0
F16120
F16E90
F17C20
F189E0
F197C0
F1A5D0
F1B410
F1C270
F1D100
F1DFB0
F1EE90
F1FD90
F20CB0
F21BF0
F22B50
F23AE0
F24A80
F25A40
F26A20
F27A30
F28A50
F29A90
F2AB00
F2BB80
F2CC30
F2DCF0
F2EDE0
F2FEE0
F31000
F32130
F33270
F343E0
F35560
F366F0
F378A0
F38A60
F39C40
F3AE40
F3C050
F3D280
F3E4C0
F3F710
F40990
F41C10
F42EA0
F44150
F45400
F466D0
F479A0
F48C90
F49F80
F4B290
F4C5B0
F4D8D0
F4EC10
F4FF60
F512C0
F52630
F539B0
F54D40
F560D0
F57460
F58810
F59BB0
F5AF70
F5C330
F5D6F0
F5EAC0
F5FEA0
F61280
F62670
F63A60
F64E60
F66260
F67670
F68A80
F69E90
F6B2A0
F6C6B0
F6DAB0
F6EEC0
F702C0
F716D0
F72AD0
F73ED0
F752E0
F766E0
F77AE0
F78EE0
F7A2E0
F7B6D0
F7CAD0
F7DEB0
F7F290
F80660
F81A20
F82DE0
F84180
F85530
F868C0
F87C50
F88FD0
F8A340
F8B6B0
F8CA10
F8DD60
F8F0B0
F903E0
F916F0
F92A00
F93CE0
F94FC0
F96270
F97520
F987A0
F99A20
F9AC80
F9BEC0
F9D0F0
F9E300
F9F500
FA06F0
FA18C0
FA2A70
FA3C00
FA4D60
FA5EB0
FA6FD0
FA80D0
FA91B0
FAA270
FAB310
FAC380
FAD3E0
FAE410
FAF420
FB0410
FB13E0
FB2390
FB3310
FB4260
FB5180
FB6080
FB6F50
FB7DE0
FB8C60
FB9AA0
FBA8C0
FBB6B0
FBC470
FBD200
FBDF60
FBECA0
FBF9B0
FC0690
FC1340
FC1FC0
FC2C00
FC3820
FC4400
FC4FB0
FC5B30
FC6680
FC7190
FC7C80
FC8730
FC91B0
FC9C00
FCA610
FCB000
FCB9B0
FCC330
FCCC80
FCD590
FCDE80
FCE720
FCEFA0
FCF7E0
FCFFF0
FD07D0
FD0F70
FD16F0
FD1E20
FD2530
FD2C00
FD32A0
FD3910
FD3F40
FD4550
FD4B30
FD50D0
FD5640
FD5B90
FD60A0
FD6580
FD6A30
FD6EB0
FD7310
FD7730
FD7B10
FD7ED0
FD8260
FD85C0
FD88F0
FD8C00
FD8EF0
FD91B0
FD9450
FD96D0
FD9920
FD9B50
FD9D60
FD9F40
FDA100
FDA290
FDA410
FDA550
FDA680
FDA780
FDA870
FDA940
FDAA00
FDAAB0
FDAB50
FDABD0
FDAC30
FDAC90
FDACD0
FDAD00
FDAD10
FDAD10
FDAD00
FDACD0
FDAC90
FDAC40
FDABF0
FDAB90
FDAB40
FDAAE0
FDAA90
FDAA40
FDA9E0
FDA990
FDA930
FDA8E0
FDA880
FDA830
FDA7D0
FDA770
FDA720
FDA6C0
FDA680
FDA650
FDA630
FDA630
FDA640
FDA660
FDA6A0
FDA6F0
FDA760
FDA7D0
FDA860
FDA910
FDA9C0
FDAA90
FDAB80
FDAC70
FDADA0
FDAEF0
FDB070
FDB220
FDB3F0
FDB5F0
FDB820
FDBA80
FDBD00
FDBFB0
FDC290
FDC5A0
FDC8E0
FDCC40
FDCFD0
FDD380
FDD780
FDDBB0
FDE020
FDE4D0
FDE9C0
FDEEF0
FDF460
FDFA00
FDFFE0
FE0600
FE0C60
FE1300
FE19E0
FE20F0
FE2840
FE2FE0
FE37B0
FE3FD0
FE4840
FE50E0
FE59E0
FE6310
FE6CA0
FE7660
FE8070
FE8AD0
FE9570
FEA050
FEAB80
FEB6F0
FEC2A0
FECEB0
FEDAF0
FEE780
FEF450
FF0170
FF0ED0
FF1C70
FF2A60
FF3890
FF4700
FF55C0
FF64D0
FF7410
FF83B0
FF9380
FFA3A0
FFB400
FFC4A0
FFD580
FFE690
FFF7E0
000960
001B20
002D20
003F50
0051D0
006470
007760
008A80
009DD0
00B170
00C540
00D940
00ED70
0101C0
011640
012AD0
013F90
015470
016970
017E90
0193E0
01A950
01BEE0
01D490
01EA70
020060
021680
022CD0
024310
025950
026FA0
0285E0
029C20
02B270
02C8C0
02DF00
02F550
030BA0
0321F0
033830
034E80
0364D0
037B20
039180
03A7A0
03BDA0
03D380
03E930
03FEC0
041420
042960
043E70
045360
046820
047CC0
049130
04A580
04B9A0
04CDA0
04E180
04F500
050830
051B00
052D80
053FB0
055190
056320
057450
058530
0595B0
05A5F0
05B5D0
05C560
05D490
05E380
05F210
060020
060DB0
061AC0
062760
063380
063F10
064A30
0654E0
065F00
0668A0
0671D0
067A70
0682A0
068A50
069180
069840
069E50
06A3C0
06A890
06ACC0
06B050
06B340
06B590
06B730
06B840
06B8A0
06B870
06B790
06B620
06B400
06B140
06ADF0
06A9D0
06A510
069F80
069950
069260
068AB0
068250
067940
066F70
0664E0
0659A0
064DB0
064100
0633A0
062590
0616B0
060720
05F6E0
05E5D0
05D400
05C180
05AE40
059A40
058580
057000
0559C0
0542D0
052B10
0512A0
04F970
04DF80
04C4D0
04A970
048D60
0470A0
045330
043500
041630
03F6A0
03D660
03B570
0393D0
037180
034E80
032AC0
030660
02E140
02BB70
029510
026E20
0246A0
021E80
01F5D0
01CC90
01A2C0
017860
014D70
0121E0
00F5C0
00C910
009BD0
006E00
003F90
0010A0
FFE140
FFB180
FF8150
FF50C0
FF1FD0
FEEE80
FEBCD0
FE8AB0
FE5830
FE2550
FDF200
FDBE50
FD8A40
FD55D0
FD20F0
FCEBC0
FCB650
FC80D0
FC4B10
FC1540
FBDF40
FBA910
FB72C0
FB3C50
FB05B0
FACEF0
FA9800
FA60E0
FA29B0
F9F250
F9BAC0
F98310
F94B80
F91400
F8DCA0
F8A560
F86E40
F83730
F80040
F7C970
F792C0
F75C20
F725B0
F6EF40
F6B900
F682D0
F64CD0
F616D0
F5E140
F5AC10
F57740
F542D0
F50EC0
F4DB10
F4A7C0
F474D0
F44240
F41010
F3DE40
F3ACD0
F37BD0
F34B20
F31AD0
F2EAE0
F2BB90
F28CE0
F25ED0
F23160
F20480
F1D850
F1ACB0
F181B0
F15750
F12D90
F10470
F0DBF0
F0B410
F08CC0
F06610
F04010
F01AD0
EFF660
EFD2C0
EFAFF0
EF8DF0
EF6CC0
EF4C60
EF2CD0
EF0E00
EEF010
EED2F0
EEB690
EE9B10
EE8050
EE6670
EE4D50
EE3520
EE1DF0
EE07A0
EDF240
EDDDD0
EDCA50
EDB7C0
EDA620
ED9570
ED85A0
ED76D0
ED68F0
ED5BF0
ED4FE0
ED44D0
ED3AA0
ED3170
ED2930
ED21F0
ED1BB0
ED1660
ED1210
ED0EB0
ED0C50
ED0AE0
ED0A70
ED0AF0
ED0C70
ED0EF0
ED1260
ED16C0
ED1C30
ED2280
ED29C0
ED31E0
ED3B00
ED4510
ED5000
ED5BE0
ED68B0
ED7670
ED8520
ED94C0
EDA550
EDB6C0
EDC930
EDDC80
EDF0C0
EE05D0
EE1BB0
EE3260
EE49D0
EE6220
EE7B30
EE9510
EEAFC0
EECB40
EEE790
EF04B0
EF22A0
EF4150
EF60D0
EF8120
EFA250
EFC400
EFE660
F00960
F02D00
F05130
F07600
F09B70
F0C190
F0E830
F10F80
F13770
F16000
F18920
F1B2E0
F1DD40
F20850
F233B0
F25F70
F28BA0
F2B830
F2E520
F31270
F34030
F36E50
F39CD0
F3CBB0
F3FB00
F42AA0
F45AB0
F48B20
F4BC00
F4ED30
F51E90
F55010
F581C0
F5B380
F5E570
F61790
F649C0
F67C20
F6AEA0
F6E150
F71410
F74700
F77A20
F7AD50
F7E0B0
F81430
F847A0
F87AF0
F8AE30
F8E160
F91470
F94760
F97A50
F9AD20
F9DFD0
FA1270
FA4500
FA7770
FAA9D0
FADC20
FB0E50
FB4070
FB7240
FBA3D0
FBD500
FC0600
FC36B0
FC6710
FC9720
FCC6F0
FCF670
FD25B0
FD54A0
FD8350
FDB1B0
FDDFC0
FE0D80
FE3B10
FE6820
FE94C0
FEC100
FEECD0
FF1830
FF4320
FF6DA0
FF97B0
FFC160
FFEAA0
001370
003BD0
0063D0
008B50
00B270
00D920
00FF50
012500
014A20
016ED0
0192F0
01B690
01D9B0
01FC50
021E70
024010
026130
0281C0
02A1E0
02C170
02E080
02FF20
031D20
033AB0
0357C0
037440
039040
03ABC0
03C6B0
03E130
03FB20
041490
042D80
0445E0
045DD0
047530
048C10
04A260
04B850
04CDB0
04E2B0
04F720
050B30
051EC0
0531D0
054470
0556A0
056850
057980
058A50
059A90
05AA70
05B9C0
05C8B0
05D730
05E550
05F320
060080
060D80
061A20
062670
063250
063DD0
0648F0
0653B0
065E10
066820
0671C0
067B00
0683E0
068C80
0694E0
069CF0
06A4C0
06AC50
06B3A0
06BAB0
06C170
06C7F0
06CE30
06D430
06D9E0
06DF50
06E480
06E970
06EE20
06F2A0
06F6F0
06FB30
06FF30
070310
0706D0
070A60
070DD0
071110
071430
071730
0719F0
071CA0
071F20
072170
0723A0
0725C0
0727D0
0729D0
072BC0
072D90
072F60
073120
0732D0
073470
073600
073780
0738E0
073A40
073B90
073CD0
073DF0
073F20
074040
074150
074270
074370
074480
074580
074670
074770
074860
074940
074A20
074B00
074BD0
074CA0
074D70
074E30
074EF0
074FA0
075050
075100
0751A0
075240
0752E0
075370
075400
075480
075510
075580
075600
075670
0756D0
075730
075770
075790
0757A0
0757A0
075790
075760
075720
0756D0
075660
0755E0
075550
0754A0
0753E0
075310
075220
075110
074FD0
074E60
074CC0
074B00
074900
0746F0
0744A0
074230
073F80
073CC0
0739C0
0736A0
073350
072FD0
072C20
072830
0723F0
071F60
071A90
071570
071010
070A50
070450
06FE10
06F770
06F090
06E970
06E1F0
06DA30
06D230
06C9D0
06C110
06B7F0
06AE60
06A470
069A10
068F50
068420
067890
066C90
066030
065360
064630
0638A0
062AA0
061C30
060D60
05FE10
05EE40
05DDF0
05CD30
05BBE0
05AA20
0597D0
058510
0571D0
055E10
0549D0
053510
051FD0
050A20
04F3E0
04DD30
04C5F0
04AE20
0495D0
047D00
0463A0
0449B0
042F40
041450
03F8D0
03DCC0
03C030
03A320
038580
036750
0348A0
032960
0309B0
02E970
02C8C0
02A790
0285D0
0263A0
0240F0
021DC0
01FA10
01D5E0
01B140
018C10
016670
014040
0119A0
00F270
00CAF0
00A300
007AB0
005200
0028F0
FFFF70
FFD5A0
FFAB60
FF80C0
FF55B0
FF2A50
FEFE80
FED260
FEA5C0
FE78D0
FE4B80
FE1DF0
FDF040
FDC250
FD9430
FD65E0
FD3770
FD08C0
FCD9E0
FCAAD0
FC7B80
FC4C10
FC1C70
FBEC90
FBBC90
FB8C50
FB5BF0
FB2B90
FAFB40
FACB00
FA9AD0
FA6AB0
FA3A90
FA0A80
F9DA90
F9AAA0
F97AC0
F94AF0
F91B30
F8EB70
F8BBD0
F88C30
F85CA0
F82D70
F7FE90
F7D010
F7A1F0
F77420
F746B0
F71990
F6ECD0
F6C060
F69460
F668A0
F63D50
F61250
F5E7A0
F5BD50
F59360
F56A10
F54160
F51950
F4F1F0
F4CB30
F4A510
F47FA0
F45AC0
F43690
F41300
F3F020
F3CDE0
F3AC40
F38B40
F36AE0
F34B30
F32C60
F30E80
F2F180
F2D570
F2BA40
F29FF0
F286A0
F26E20
F256A0
F23FF0
F22A30
F21560
F20170
F1EE70
F1DC50
F1CB20
F1BB00
F1AC00
F19E10
F19150
F18590
F17AF0
F17170
F16910
F161C0
F15B80
F15670
F15260
F14F80
F14DB0
F14CF0
F14D60
F14EF0
F151B0
F155B0
F15AD0
F16120
F168B0
F17170
F17B50
F18670
F192C0
F1A040
F1AEE0
F1BEC0
F1CFD0
F1E210
F1F590
F20A20
F21FF0
F236E0
F24F00
F26840
F282B0
F29E50
F2BB20
F2D910
F2F830
F31870
F339E0
F35C80
F38040
F3A540
F3CB50
F3F270
F41A90
F443C0
F46DE0
F49900
F4C530
F4F260
F52090
F54FC0
F57FF0
F5B120
F5E350
F61690
F64AC0
F68000
F6B640
F6ED40
F724F0
F75D70
F796A0
F7D090
F80B40
F846A0
F882D0
F8BFB0
F8FD60
F93BC0
F97AE0
F9BAB0
F9FB50
FA3CA0
FA7EC0
FAC130
FB0400
FB4730
FB8AC0
FBCEA0
FC12F0
FC5790
FC9CA0
FCE200
FD27C0
FD6DE0
FDB460
FDFB40
FE4280
FE8A10
FED210
FF19F0
FF61D0
FFA9A0
FFF160
003920
0080C0
00C860
010FE0
015760
019ED0
01E640
022D90
0274D0
02BC10
030340
034A60
039100
03D720
041CD0
0461F0
04A6A0
04EAC0
052E70
0571A0
05B450
05F680
063830
067960
06BA20
06FA50
073A10
077940
07B7A0
07F510
0831A0
086D40
08A810
08E1F0
091AF0
095300
098A30
09C080
09F5F0
0A2A80
0A5E20
0A90E0
0AC2B0
0AF3B0
0B2370
0B5200
0B7F50
0BAB80
0BD670
0C0020
0C28B0
0C5000
0C7620
0C9B10
0CBED0
0CE150
0D02A0
0D22B0
0D41A0
0D5F50
0D7BA0
0D9690
0DB010
0DC830
0DDEE0
0DF440
0E0830
0E1AC0
0E2BE0
0E3BA0
0E4A00
0E5700
0E6290
0E6CC0
0E7580
0E7CF0
0E82E0
0E8770
0E8A80
0E8C30
0E8C70
0E8B30
0E8890
0E8480
0E7F00
0E7820
0E6FC0
0E65F0
0E5AC0
0E4E10
0E4000
0E3070
0E1FA0
0E0D70
0DFA00
0DE530
0DCF10
0DB7A0
0D9EE0
0D84D0
0D6970
0D4CB0
0D2EB0
0D0F50
0CEEB0
0CCCB0
0CA960
0C84C0
0C5F10
0C3860
0C1090
0BE7C0
0BBDE0
0B9300
0B6700
0B3A00
0B0BF0
0ADCD0
0AACA0
0A7B70
0A4930
0A15E0
09E180
09AC20
097610
093F50
0907E0
08CFD0
089710
085DB0
0823A0
07E8E0
07AD80
077170
0734B0
06F750
06B940
067A80
063B20
05FB10
05BAC0
057A50
0539A0
04F8C0
04B7B0
047670
0434F0
03F350
03B170
036F60
032D10
02EAA0
02A7F0
026510
022200
01DEB0
019BB0
015900
011690
00D470
0092A0
005110
000FC0
FFCED0
FF8E10
FF4DB0
FF0D90
FECDB0
FE8E20
FE4EE0
FE0FE0
FDD130
FD9340
FD5600
FD1980
FCDDD0
FCA2D0
FC6890
FC2F10
FBF640
FBBE40
FB86F0
FB5060
FB1A90
FAE580
FAB130
FA7DA0
FA4AC0
FA1910
F9E870
F9B8F0
F98A80
F95D40
F93110
F90610
F8DC20
F8B350
F88B90
F86500
F83F80
F81B20
F7F7E0
F7D5C0
F7B4C0
F79510
F776C0
F759D0
F73E30
F72400
F70B20
F6F390
F6DD70
F6C8A0
F6B530
F6A310
F69250
F682F0
F674F0
F66840
F65D00
F65320
F64AB0
F643C0
F63E40
F63A30
F637A0
F63670
F636C0
F63880
F63BB0
F64060
F64670
F64E00
F65700
F66170
F66D60
F67AA0
F68940
F69940
F6AAA0
F6BD60
F6D180
F6E6F0
F6FDD0
F71600
F72FA0
F74A90
F766E0
F78490
F7A3A0
F7C400
F7E5D0
F808B0
F82CC0
F851F0
F87840
F89FB0
F8C850
F8F200
F91CE0
F948D0
F975F0
F9A430
F9D390
FA0410
FA35B0
FA6880
FA9C60
FAD110
FB0680
FB3CB0
FB73B0
FBAB70
FBE3F0
FC1D30
FC5740
FC9210
FCCDA0
FD09F0
FD4710
FD84F0
FDC390
FE02F0
FE4320
FE83A0
FEC460
FF0580
FF46F0
FF88B0
FFCAB0
000D10
004FC0
0092C0
00D610
0119A0
015D90
01A1D0
01E660
022B40
027070
02B570
02FA40
033EF0
038360
03C7B0
040BD0
044FC0
049380
04D710
051A80
055DC0
05A0C0
05E3A0
062660
0668E0
06AB30
06ECE0
072DF0
076E50
07AE10
07ED20
082B90
086950
08A670
08E2E0
091EC0
0959E0
099460
09CE40
0A0770
0A4000
0A77F0
0AAEC0
0AE490
0B1950
0B4D00
0B7FB0
0BB140
0BE1D0
0C1150
0C3FC0
0C6D30
0C9980
0CC4D0
0CEF10
0D1840
0D4060
0D6780
0D8D40
0DB1A0
0DD4B0
0DF670
0E16D0
0E35E0
0E5390
0E6FF0
0E8AF0
0EA4A0
0EBCF0
0ED3F0
0EE9A0
0EFDF0
0F10E0
0F2280
0F32A0
0F4150
0F4E80
0F5A30
0F6460
0F6D20
0F7460
0F7A30
0F7E70
0F8140
0F82A0
0F8270
0F80D0
0F7DB0
0F7920
0F7300
0F6B80
0F6270
0F57F0
0F4C00
0F3E90
0F2FB0
0F1F50
0F0D70
0EFA20
0EE560
0ECF20
0EB760
0E9E30
0E8390
0E6760
0E49D0
0E2AE0
0E0AA0
0DE920
0DC640
0DA220
0D7CA0
0D55E0
0D2DD0
0D0460
0CD9B0
0CADB0
0C8050
0C51B0
0C21C0
0BF080
0BBDF0
0B8A60
0B55C0
0B2020
0AE970
0AB1D0
0A7910
0A3F60
0A04A0
09C8E0
098C10
094E50
090F70
08CFA0
088EC0
084CE0
0809F0
07C660
078230
073D60
06F7E0
06B1C0
066B00
0623A0
05DB90
0592E0
054990
04FF90
04B4F0
0469B0
041DD0
03D140
038420
0336B0
02E920
029B50
024D50
01FF10
01B0A0
016200
011320
00C420
0074D0
002560
FFD5B0
FF85D0
FF35B0
FEE560
FE94E0
FE4490
FDF480
FDA4A0
FD5500
FD0590
FCB660
FC6760
FC1890
FBCA00
FB7BB0
FB2D90
FADFB0
FA9200
FA4480
F9F740
F9AA40
F95DD0
F91200
F8C6D0
F87C30
F83240
F7E8E0
F7A020
F757F0
F71070
F6C980
F68330
F63D80
F5F860
F5B3F0
F57010
F52CC0
F4EA70
F4A900
F46880
F428E0
F3EA40
F3AC80
F36FA0
F333C0
F2F8B0
F2BEA0
F28570
F24D30
F215E0
F1DF80
F1AA00
F17560
F141F0
F10FA0
F0DE70
F0AE60
F07F70
F051A0
F024F0
EFF960
EFCF00
EFA5B0
EF7D80
EF5680
EF3090
EF0BD0
EEE830
EEC5A0
EEA460
EE8440
EE6570
EE47C0
EE2B60
EE1020
EDF630
EDDD70
EDC5E0
EDAF90
ED9A70
ED8690
ED73F0
ED6280
ED5240
ED4350
ED3580
ED28E0
ED1D80
ED1350
ED0A50
ED0280
ECFBF0
ECF690
ECF260
ECEF60
ECEDA0
ECED00
ECEDA0
ECEF70
ECF280
ECF6B0
ECFC00
ED0260
ED09E0
ED1270
ED1C10
ED26D0
ED32A0
ED3F80
ED4D80
ED5C90
ED6CB0
ED7DF0
ED9040
EDA3A0
EDB820
EDCDB0
EDE420
EDFB80
EE13B0
EE2CD0
EE46D0
EE61B0
EE7D80
EE9A20
EEB7B0
EED620
EEF570
EF15A0
EF36C0
EF58C0
EF7B90
EF9F60
EFC3C0
EFE8D0
F00E80
F034E0
F05BF0
F083A0
F0ABF0
F0D4E0
F0FE90
F128D0
F153C0
F17F60
F1ABA0
F1D880
F20610
F23450
F262E0
F291E0
F2C150
F2F110
F32140
F351D0
F382D0
F3B420
F3E5E0
F41810
F44A90
F47D80
F4B0E0
F4E490
F518B0
F54D30
F581E0
F5B6B0
F5EBB0
F620D0
F65620
F68B90
F6C130
F6F6F0
F72CE0
F76300
F79940
F7CFA0
F80630
F83CF0
F873D0
F8AAE0
F8E1E0
F918D0
F94FB0
F98680
F9BD40
F9F3F0
FA2AA0
FA6130
FA97C0
FACE40
FB04B0
FB3B10
FB7160
FBA7A0
FBDDD0
FC1400
FC49F0
FC7FA0
FCB530
FCEA70
FD1F90
FD5470
FD8920
FDBD90
FDF1D0
FE25D0
FE59A0
FE8D40
FEC0A0
FEF3D0
FF26C0
FF5990
FF8BF0
FFBE10
FFEFE0
002150
005270
008340
00B3C0
00E3E0
0113B0
014330
017260
01A140
01CFD0
01FE00
022BE0
025970
0286A0
02B360
02DFD0
030BD0
033780
0362C0
038DA0
03B820
03E230
040BF0
043550
045E40
0486D0
04AF00
04D6D0
04FE40
052540
054BE0
057220
0597F0
05BD50
05E260
0606F0
062B30
064EF0
067260
069560
06B7F0
06DA20
06FBF0
071D50
073E50
075EE0
077F10
079EE0
07BE40
07DD30
07FBD0
0819F0
0837C0
085520
087210
088EB0
08AAD0
08C6A0
08E1F0
08FCF0
091780
0931B0
094B80
0964F0
097DF0
0996A0
09AEF0
09C6D0
09DE50
09F580
0A0C40
0A22A0
0A38A0
0A4E40
0A6380
0A7860
0A8CD0
0AA0F0
0AB4B0
0AC810
0ADB10
0AEDB0
0AFFF0
0B11D0
0B2350
0B3480
0B4540
0B55B0
0B65B0
0B7560
0B84A0
0B9390
0BA220
0BB050
0BBE20
0BCBA0
0BD8C0
0BE580
0BF1F0
0BFDF0
0C09A0
0C1500
0C1FF0
0C2A90
0C34D0
0C3EC0
0C4840
0C5170
0C5A50
0C62C0
0C6AD0
0C7290
0C79E0
0C80E0
0C8780
0C8DC0
0C93A0
0C9920
0C9E40
0CA300
0CA760
0CAB70
0CAF10
0CB260
0CB540
0CB7D0
0CB9F0
0CBBC0
0CBD20
0CBE20
0CBEC0
0CBF00
0CBED0
0CBE50
0CBD70
0CBC20
0CBA70
0CB860
0CB600
0CB330
0CAFF0
0CAC60
0CA860
0CA3F0
0C9F20
0C99E0
0C9440
0C8E30
0C87B0
0C80E0
0C7990
0C71E0
0C69D0
0C6150
0C5860
0C4F10
0C4560
0C3B30
0C30A0
0C25A0
0C1A40
0C0E60
0C0220
0BF570
0BE850
0BDAC0
0BCCD0
0BBE60
0BAF90
0BA060
0B90B0
0B80A0
0B7010
0B5F20
0B4DD0
0B3C00
0B29D0
0B1730
0B0420
0AF0A0
0ADCC0
0AC870
0AB3B0
0A9E80
0A88F0
0A72E0
0A5C70
0A4590
0A2E50
0A16A0
09FE80
09E610
09CD20
09B3E0
099A30
098020
0965A0
094AC0
092F70
0913D0
08F7B0
08DB40
08BE60
08A110
088370
086560
084710
082860
080950
07E9F0
07CA40
07AA30
0789C0
076910
0747F0
072690
0704D0
06E2B0
06C040
069D70
067A60
065700
063350
060F70
05EB50
05C6F0
05A250
057D60
055840
0532E0
050D30
04E750
04C120
049AB0
047410
044D20
0425F0
03FEA0
03D730
03AFA0
0387F0
036020
033830
031010
02E7E0
02BF80
029710
026E70
0245C0
021CE0
01F3E0
01CAC0
01A180
017840
014F10
0125D0
00FCA0
00D370
00AA40
008110
0057F0
002EC0
0005A0
FFDC80
FFB360
FF8A50
FF6130
FF3820
FF0F10
FEE630
FEBD70
FE94E0
FE6C70
FE4430
FE1C20
FDF440
FDCC80
FDA4E0
FD7D80
FD5640
FD2F20
FD0840
FCE180
FCBAE0
FC9480
FC6E60
FC4890
FC2310
FBFDF0
FBD910
FBB480
FB9050
FB6C60
FB48D0
FB2580
FB0280
FADFE0
FABD80
FA9B80
FA79C0
FA5860
FA3760
FA16E0
F9F6D0
F9D720
F9B7F0
F99930
F97AE0
F95D00
F93F90
F92290
F90600
F8E9E0
F8CE30
F8B2F0
F89830
F87DD0
F86400
F84AC0
F83200
F819D0
F80220
F7EB00
F7D470
F7BE60
F7A8E0
F793E0
F77F70
F76B90
F75830
F74560
F73310
F72150
F71030
F6FFA0
F6EFA0
F6E040
F6D180
F6C350
F6B5B0
F6A8B0
F69C50
F69080
F68550
F67AB0
F670A0
F66730
F65E60
F65620
F64E80
F64770
F64110
F63B40
F63600
F63170
F62D70
F62A10
F62750
F62520
F62390
F622A0
F62240
F62280
F62360
F624E0
F626F0
F62990
F62CC0
F63080
F634E0
F639C0
F63F40
F64550
F64BF0
F65330
F65AF0
F66350
F66C40
F675C0
F67FD0
F68A80
F695A0
F6A150
F6AD70
F6BA10
F6C740
F6D4E0
F6E310
F6F1B0
F700D0
F71080
F720A0
F73150
F74270
F75410
F76640
F778E0
F78BF0
F79F60
F7B340
F7C780
F7DC20
F7F130
F806A0
F81C80
F832C0
F84970
F86080
F877F0
F88FD0
F8A810
F8C0B0
F8D9C0
F8F320
F90CC0
F926A0
F940D0
F95B50
F97610
F99110
F9AC60
F9C7F0
F9E3D0
F9FFF0
FA1C60
FA3910
FA5610
FA7350
FA90D0
FAAE80
FACC60
FAEA60
FB0890
FB26E0
FB4560
FB6400
FB82D0
FBA1C0
FBC0E0
FBE020
FBFF90
FC1F30
FC3EF0
FC5ED0
FC7EE0
FC9EF0
FCBF10
FCDF40
FCFF70
FD1FB0
FD3FF0
FD6040
FD8090
FDA0E0
FDC150
FDE1C0
FE0230
FE22B0
FE4330
FE63C0
FE8460
FEA4E0
FEC550
FEE5B0
FF0600
FF2640
FF4670
FF6680
FF8690
FFA680
FFC660
FFE630
0005F0
002590
004530
0064B0
008430
00A370
00C290
00E190
010050
011F00
013D70
015BC0
0179E0
0197E0
01B5B0
01D350
01F0D0
020E20
022B50
024840
026520
0281B0
029E10
02BA30
02D610
02F1B0
030D20
032850
034340
035E00
037870
0392B0
03ACB0
03C680
03E000
03F950
041260
042B20
0443A0
045BD0
0473C0
048B60
04A2B0
04B9B0
04D070
04E6E0
04FD10
0512F0
052880
053DD0
0552D0
056780
057BF0
059000
05A3C0
05B730
05CA40
05DCF0
05EF60
060170
061320
062490
063590
064650
0656B0
0666C0
067670
0685D0
0694D0
06A380
06B1C0
06BFB0
06CD40
06DA70
06E740
06F3B0
06FFC0
070B70
0716D0
0721C0
072C60
073690
074070
0749F0
075300
075BC0
076410
076BF0
077370
077A80
078130
078780
078D60
0792E0
0797F0
079C90
07A0E0
07A4B0
07A830
07AB30
07ADE0
07B010
07B1E0
07B340
07B430
07B4B0
07B4C0
07B470
07B3B0
07B280
07B0E0
07AED0
07AC60
07A970
07A620
07A260
079E40
0799A0
079480
078F00
078900
078290
077BB0
077450
076C90
076450
075BA0
075270
0748D0
073EC0
073440
072950
071DE0
071200
0705B0
06F8E0
06EBA0
06DDE0
06CFB0
06C110
06B1F0
06A260
069260
0681E0
0670F0
065F80
064DB0
063B50
062890
061550
060190
05ED70
05D8D0
05C3C0
05AE30
059830
0581C0
056AD0
055370
053BA0
052350
050A90
04F160
04D7B0
04BDA0
04A310
048810
046CB0
0450D0
043490
0417E0
03FAC0
03DD40
03BF40
03A0E0
038200
0362C0
034310
0322F0
030270
02E170
02C020
029E60
027C50
0259E0
023710
0213E0
01F050
01CC60
01A810
018360
015E50
0138E0
011310
00ECF0
00C660
009F80
007850
0050D0
002910
000110
FFD8C0
FFB020
FF8740
FF5E20
FF34B0
FF0AF0
FEE0F0
FEB6A0
FE8C10
FE6140
FE3620
FE0AB0
FDDF20
FDB370
FD8790
FD5B90
FD2F60
FD0310
FCD690
FCA9F0
FC7D30
FC5040
FC2330
FBF5F0
FBC890
FB9B10
FB6D60
FB3F80
FB11B0
FAE3E0
FAB600
FA8830
FA5A60
FA2C90
F9FEB0
F9D0E0
F9A310
F97540
F94770
F919A0
F8EBD0
F8BE00
F89030
F86260
F834C0
F80750
F7DA00
F7ACF0
F78000
F75340
F726C0
F6FA50
F6CE20
F6A220
F67640
F64AA0
F61F20
F5F3D0
F5C8B0
F59DC0
F57320
F548E0
F51F00
F4F570
F4CC40
F4A370
F47AF0
F452D0
F42B00
F40390
F3DC80
F3B5C0
F38F60
F36960
F343B0
F31E60
F2F990
F2D550
F2B180
F28E50
F26B90
F24960
F227B0
F20690
F1E5F0
F1C5D0
F1A640
F18730
F168A0
F14AA0
F12D20
F11030
F0F3E0
F0D830
F0BD30
F0A2D0
F08920
F07010
F057B0
F03FF0
F028E0
F01270
EFFCB0
EFE790
EFD310
EFBF40
EFAC20
EF99A0
EF87E0
EF76D0
EF6690
EF5700
EF4830
EF3A20
EF2CC0
EF2020
EF1450
EF0920
EEFEC0
EEF520
EEEC30
EEE400
EEDC90
EED5D0
EECFE0
EECAB0
EEC640
EEC290
EEBFA0
EEBD70
EEBC10
EEBB60
EEBB80
EEBC60
EEBE00
EEC060
EEC380
EEC760
EECC00
EED170
EED780
EEDE60
EEE5E0
EEEE20
EEF710
EF00B0
EF0B00
EF1610
EF21E0
EF2E50
EF3B80
EF4960
EF57F0
EF6740
EF7740
EF8800
EF9950
EFAB30
EFBDB0
EFD0C0
EFE470
EFF8B0
F00D90
F02300
F03910
F04FB0
F066F0
F07EC0
F09730
F0B030
F0C9D0
F0E400
F0FEA0
F119A0
F13510
F150F0
F16D30
F189E0
F1A700
F1C480
F1E270
F200D0
F21F90
F23EB0
F25E50
F27E50
F29EB0
F2BF90
F2E090
F301D0
F32340
F344E0
F366B0
F388B0
F3AAF0
F3CD60
F3EFF0
F412D0
F435D0
F45910
F47C70
F4A010
F4C3E0
F4E7F0
F50BE0
F52FD0
F553C0
F577A0
F59B70
F5BF40
F5E300
F606B0
F62A60
F64E10
F671A0
F69530
F6B8C0
F6DC40
F6FFB0
F72320
F74640
F76930
F78BD0
F7AE30
F7D040
F7F220
F813B0
F83500
F85610
F876E0
F89760
F8B7A0
F8D7A0
F8F760
F916E0
F93610
F954D0
F97320
F99100
F9AE70
F9CB60
F9E7E0
FA03F0
FA1F80
FA3AB0
FA5560
FA6FA0
FA8960
FAA2C0
FABBA0
FAD410
FAEC10
FB0370
FB1A40
FB3080
FB4630
FB5B40
FB6FC0
FB83A0
FB96F0
FBA9B0
FBBBE0
FBCD70
FBDE70
FBEED0
FBFEB0
FC0DF0
FC1C90
FC2AA0
FC3800
FC44C0
FC50E0
FC5C60
FC6740
FC7180
FC7B10
FC8400
FC8C50
FC9400
FC9B10
FCA180
FCA740
FCAC70
FCB0F0
FCB4E0
FCB830
FCBAE0
FCBCF0
FCBE70
FCBF50
FCBFA0
FCBF40
FCBE50
FCBCD0
FCBAA0
FCB7E0
FCB480
FCB090
FCAC00
FCA6D0
FCA120
FC9B00
FC9460
FC8D40
FC85A0
FC7D80
FC74F0
FC6BD0
FC6240
FC5830
FC4DA0
FC42A0
FC3710
FC2B10
FC1E90
FC1190
FC0440
FBF6B0
FBE8C0
FBDA90
FBCC00
FBBD30
FBAE10
FB9EA0
FB8EE0
FB7EE0
FB6E80
FB5DD0
FB4CE0
FB3BA0
FB2A10
FB1820
FB0630
FAF430
FAE220
FACFF0
FABDB0
FAAB60
FA9900
FA8690
FA7410
FA6180
FA4ED0
FA3C20
FA2950
FA1670
FA0380
F9F080
F9DDB0
F9CB00
F9B890
F9A650
F99430
F98250
F97090
F95F00
F94DA0
F93C80
F92B80
F91AB0
F90A10
F8F990
F8E950
F8D940
F8C990
F8BA60
F8AB90
F89D30
F88F30
F881B0
F87490
F867E0
F85BA0
F84FD0
F84470
F83970
F82EE0
F824C0
F81B10
F811C0
F80920
F80120
F7F9B0
F7F2F0
F7ECD0
F7E750
F7E270
F7DE30
F7DA90
F7D790
F7D530
F7D370
F7D260
F7D1E0
F7D200
F7D2D0
F7D450
F7D6A0
F7D9B0
F7DD90
F7E220
F7E780
F7EDA0
F7F480
F7FC20
F80480
F80DB0
F817A0
F82250
F82DD0
F83A00
F84700
F854D0
F86370
F872E0
F88320
F89430
F8A610
F8B8C0
F8CC40
F8E0A0
F8F5C0
F90BC0
F92280
F93A20
F95280
F96BC0
F985D0
F9A0A0
F9BC40
F9D890
F9F5C0
FA13A0
FA3250
FA51C0
FA7200
FA9300
FAB4C0
FAD750
FAFAA0
FB1EB0
FB4390
FB6930
FB8FA0
FBB6A0
FBDE50
FC06B0
FC2FA0
FC5940
FC8380
FCAE60
FCD9E0
FD0610
FD32E0
FD6050
FD8E60
FDBD20
FDEC80
FE1C80
FE4D30
FE7E40
FEAFC0
FEE1C0
FF1420
FF46F0
FF7A30
FFADE0
FFE200
001680
004B80
0080F0
00B6C0
00ED10
0123C0
015AE0
019280
01CA40
020220
023A40
027280
02AAF0
02E390
031C50
035540
038E60
03C7B0
040120
043AD0
047490
04AE90
04E8B0
052310
055D40
059750
05D150
060B30
0644E0
067E80
06B810
06F170
072AB0
0763E0
079CF0
07D5E0
080EB0
084760
087FF0
08B870
08F080
092830
095F70
099650
09CCC0
0A02D0
0A3880
0A6DC0
0AA2A0
0AD710
0B0B20
0B3ED0
0B7210
0BA4F0
0BD760
0C0970
0C3AE0
0C6BA0
0C9BC0
0CCB30
0CFA10
0D2830
0D55C0
0D82A0
0DAEE0
0DDA70
0E0570
0E2FB0
0E5960
0E8260
0EAAC0
0ED270
0EF950
0F1F60
0F4490
0F68F0
0F8C70
0FAF30
0FD100
0FF210
101230
103190
105010
106DC0
108A90
10A690
10C1B0
10DC10
10F570
110DD0
112550
113BD0
115170
116610
1179C0
118C70
119E40
11AF10
11BEF0
11CDE0
11DBE0
11E8F0
11F500
120030
120A50
121380
121BC0
1222F0
122930
122E80
1232C0
123610
123870
1239C0
123A30
123990
123800
123570
1231E0
122D60
1227F0
122190
121A40
121210
1208E0
11FED0
11F3D0
11E7F0
11DB10
11CD50
11BEA0
11AF00
119E70
118CF0
117A90
116730
115310
113E20
112870
1111E0
10FA90
10E270
10C980
10AFC0
109530
1079E0
105DB0
1040C0
102300
100470
0FE520
0FC4F0
0FA430
0F82C0
0F60C0
0F3E10
0F1AD0
0EF6E0
0ED260
0EAD40
0E8770
0E6100
0E3A00
0E1250
0DEA10
0DC120
0D97A0
0D6D70
0D42E0
0D17E0
0CEC80
0CC0B0
0C9470
0C67D0
0C3AC0
0C0D50
0BDF60
0BB120
0B8260
0B5340
0B23C0
0AF3D0
0AC370
0A92A0
0A61B0
0A3080
09FF20
09CD80
099BC0
0969C0
093790
090530
08D2A0
089FD0
086CD0
0839A0
080640
07D2A0
079ED0
076AE0
0736E0
0702E0
06CEE0
069AF0
0666F0
063300
05FF00
05CB10
059720
056330
052F40
04FB50
04C760
049370
045F90
042BA0
03F7E0
03C450
0390F0
035DC0
032AB0
02F7D0
02C520
0292A0
026040
022E10
01FC10
01CA40
019890
016720
0135D0
0104A0
00D3D0
00A350
007310
004330
001390
FFE440
FFB550
FF86A0
FF5840
FF2A30
FEFC70
FECEF0
FEA1D0
FE7500
FE4870
FE1C40
FDF060
FDC4F0
FD99E0
FD6F40
FD44F0
FD1B10
FCF190
FCC870
FC9FC0
FC7760
FC4F70
FC27E0
FC00C0
FBD9F0
FBB390
FB8D90
FB6800
FB42E0
FB1E20
FAF9E0
FAD600
FAB290
FA8FA0
FA6D10
FA4AF0
FA2930
FA07F0
F9E720
F9C6B0
F9A6B0
F98720
F96810
F94960
F92B20
F90D40
F8EFE0
F8D2F0
F8B670
F89A60
F87EC0
F86380
F848C0
F82E70
F81480
F7FB10
F7E200
F7C970
F7B140
F79980
F78230
F76B40
F754C0
F73EA0
F728F0
F713B0
F6FED0
F6EA60
F6D650
F6C2B0
F6AF70
F69CA0
F68A40
F67840
F666B0
F65580
F644B0
F63440
F62430
F61490
F60540
F5F660
F5E7D0
F5D9B0
F5CBF0
F5BE90
F5B190
F5A4F0
F598C0
F58CE0
F58170
F57650
F56B80
F56110
F55700
F54D40
F543D0
F53AC0
F53200
F529A0
F52190
F519D0
F51270
F50B70
F504C0
F4FE70
F4F860
F4F2B0
F4ED60
F4E850
F4E390
F4DF20
F4DB00
F4D740
F4D3C0
F4D090
F4CDC0
F4CB30
F4C900
F4C720
F4C580
F4C440
F4C350
F4C2A0
F4C240
F4C230
F4C270
F4C2F0
F4C3B0
F4C4D0
F4C630
F4C7D0
F4C9D0
F4CC10
F4CE90
F4D160
F4D480
F4D7F0
F4DBA0
F4DFA0
F4E3E0
F4E870
F4ED40
F4F260
F4F7C0
F4FD70
F50360
F509A0
F51020
F516F0
F51E00
F52560
F52D00
F534F0
F53D30
F545A0
F54E60
F55770
F560B0
F56A40
F57420
F57E30
F58890
F59330
F59E20
F5A950
F5B4C0
F5C080
F5CC80
F5D8C0
F5E540
F5F210
F5FF20
F60C70
F61A00
F627D0
F635E0
F64440
F652E0
F661B0
F670D0
F68040
F68FE0
F69FC0
F6AFF0
F6C060
F6D100
F6E1F0
F6F310
F70480
F71620
F727F0
F73A10
F74C60
F75EF0
F771B0
F784C0
F79800
F7AB80
F7BF40
F7D330
F7E760
F7FBD0
F81070
F82540
F83A40
F84F70
F864D0
F87A60
F89020
F8A610
F8BC30
F8D280
F8E900
F8FFB0
F91690
F92DA0
F944E0
F95C50
F973E0
F98B90
F9A360
F9BB50
F9D350
F9EB80
FA03C0
FA1C30
FA34B0
FA4D50
FA6610
FA7EF0
FA97F0
FAB110
FACA50
FAE3B0
FAFD10
FB1670
FB2FE0
FB4950
FB62D0
FB7C50
FB95D0
FBAF50
FBC8E0
FBE270
FBFC10
FC15A0
FC2F50
FC48F0
FC62A0
FC7C50
FC95F0
FCAF70
FCC8E0
FCE230
FCFB70
FD14A0
FD2DB0
FD46A0
FD5F80
FD7850
FD9100
FDA9A0
FDC220
FDDA90
FDF2F0
FE0B20
FE2330
FE3B00
FE5290
FE69F0
FE8110
FE9800
FEAEB0
FEC530
FEDB70
FEF170
FF0740
FF1CE0
FF3240
FF4760
FF5C50
FF7100
FF8560
FF9960
FFAD10
FFC060
FFD360
FFE610
FFF850
000A50
001BE0
002D30
003E20
004EB0
005EF0
006ED0
007E60
008D90
009C50
00AAA0
00B870
00C5E0
00D2D0
00DF40
00EB40
00F6E0
0101F0
010CA0
0116D0
012090
0129E0
0132B0
013B10
014300
014A60
015140
015790
015D60
0162A0
016760
016B90
016F40
017260
0174F0
017710
017890
017990
017A10
017A00
017960
017840
017680
017440
017160
016E00
016A00
016570
016060
015AB0
015470
014DB0
014650
013E60
0135F0
012CE0
012340
011920
010E70
010330
00F760
00EB10
00DE30
00D0C0
00C2D0
00B450
00A540
0095B0
008590
0074E0
0063A0
0051E0
003F90
002CD0
001990
0005D0
FFF1A0
FFDCF0
FFC7D0
FFB230
FF9C20
FF85A0
FF6E90
FF5710
FF3F20
FF26B0
FF0DD0
FEF470
FEDA90
FEC060
FEA5D0
FE8AF0
FE6FB0
FE5410
FE3810
FE1BC0
FDFF20
FDE210
FDC4B0
FDA6F0
FD88E0
FD6A70
FD4BA0
FD2C80
FD0D00
FCED50
FCCD70
FCAD60
FC8D20
FC6CA0
FC4C00
FC2B30
FC0A30
FBE8F0
FBC790
FBA600
FB8430
FB6240
FB4010
FB1DC0
FAFB30
FAD8B0
FAB620
FA9390
FA7100
FA4E60
FA2BD0
FA0930
F9E6A0
F9C400
F9A160
F97EC0
F95C20
F93970
F916D0
F8F420
F8D180
F8AF00
F88CA0
F86A80
F84880
F826B0
F80500
F7E390
F7C240
F7A110
F78020
F75F50
F73EB0
F71E40
F6FDF0
F6DDD0
F6BDE0
F69E40
F67EF0
F66000
F64160
F62310
F60510
F5E770
F5CA20
F5AD20
F59070
F57420
F55820
F53C70
F52110
F50610
F4EB60
F4D120
F4B750
F49E00
F48520
F46CB0
F454B0
F43D20
F42610
F40F70
F3F940
F3E380
F3CE30
F3B960
F3A4F0
F39100
F37D90
F36A90
F35820
F34630
F334D0
F323F0
F31390
F303B0
F2F460
F2E590
F2D750
F2C990
F2BC50
F2AF90
F2A360
F297B0
F28C90
F281F0
F277D0
F26E30
F26520
F25CA0
F254A0
F24D20
F24620
F23FB0
F239C0
F23460
F22F80
F22B20
F22750
F22400
F22130
F21EE0
F21D10
F21BB0
F21AC0
F21A50
F21A60
F21AE0
F21BD0
F21D40
F21F30
F22190
F22460
F227B0
F22B80
F22FC0
F23480
F23990
F23F00
F244D0
F24B00
F25180
F25860
F25FA0
F26740
F26F40
F27790
F28040
F28940
F292B0
F29C70
F2A690
F2B110
F2BBC0
F2C6B0
F2D1D0
F2DD30
F2E8C0
F2F480
F30080
F30CC0
F31930
F325D0
F332B0
F33FC0
F34D10
F35AA0
F36850
F37650
F38450
F39260
F3A080
F3AEA0
F3BCE0
F3CB20
F3D970
F3E7E0
F3F650
F404C0
F41350
F421F0
F43090
F43F40
F44E00
F45CD0
F46B90
F47A30
F488B0
F49710
F4A560
F4B390
F4C1A0
F4CFA0
F4DD80
F4EB40
F4F8F0
F50680
F51400
F52160
F52EA0
F53BC0
F548B0
F55560
F561E0
F56E10
F57A20
F585E0
F59170
F59CC0
F5A7D0
F5B2B0
F5BD50
F5C7B0
F5D1E0
F5DBD0
F5E580
F5EF00
F5F820
F60100
F60980
F611C0
F619A0
F62140
F62880
F62F80
F63620
F63C70
F64270
F64830
F64D90
F652A0
F65760
F65BD0
F65FF0
F663B0
F66720
F66A40
F66D00
F66F70
F67190
F67350
F674C0
F675E0
F676A0
F67710
F67730
F676F0
F67660
F67580
F67450
F672D0
F67100
F66EF0
F66C90
F669E0
F666F0
F663A0
F66010
F65C30
F65810
F653A0
F64EE0
F649D0
F64480
F63ED0
F63900
F63300
F62CC0
F62660
F61FC0
F61900
F61200
F60AD0
F60370
F5FBE0
F5F420
F5EC30
F5E410
F5DBC0
F5D340
F5CA80
F5C1C0
F5B8F0
F5B020
F5A730
F59E40
F59540
F58C30
F58320
F579F0
F570C0
F56780
F55E40
F554E0
F54B80
F54210
F538A0
F52F40
F52600
F51CF0
F513F0
F50B20
F50260
F4F9D0
F4F150
F4E900
F4E0C0
F4D8B0
F4D0C0
F4C8F0
F4C130
F4B9A0
F4B230
F4AB10
F4A430
F49DA0
F49760
F49170
F48BD0
F48670
F48160
F47CA0
F47830
F47410
F47030
F46CB0
F46970
F46680
F463D0
F461A0
F45FF0
F45EA0
F45DD0
F45D70
F45D80
F45E10
F45F10
F46080
F46260
F464C0
F46790
F46AE0
F46E90
F472C0
F47760
F47C90
F48250
F488B0
F48F90
F49700
F49F00
F4A7A0
F4B0C0
F4BA70
F4C4C0
F4CF90
F4DB00
F4E6F0
F4F380
F50090
F50E40
F51C80
F52B60
F53AD0
F54AE0
F55B90
F56CD0
F57EB0
F59130
F5A440
F5B7F0
F5CC30
F5E110
F5F690
F60CA0
F62350
F63AA0
F65270
F66AE0
F683E0
F69D70
F6B790
F6D240
F6ED80
F70960
F725C0
F742C0
F76040
F77E60
F79D10
F7BC50
F7DC20
F7FC80
F81D50
F83EA0
F86060
F882A0
F8A540
F8C860
F8EC00
F91000
F93480
F95970
F97EE0
F9A4C0
F9CB10
F9F1E0
FA1910
FA40D0
FA68C0
FA9100
FAB990
FAE260
FB0B80
FB34E0
FB5E90
FB8890
FBB2D0
FBDD50
FC0820
FC3330
FC5EA0
FC8A40
FCB630
FCE270
FD0EB0
FD3B00
FD6760
FD93D0
FDC050
FDECD0
FE1960
FE4600
FE72B0
FE9F70
FECC30
FEF900
FF25E0
FF52D0
FF7FD0
FFACD0
FFD9A0
000640
0032B0
005EE0
008AE0
00B6A0
00E240
010DA0
0138C0
0163C0
018E80
01B910
01E360
020D90
023780
026130
028A80
02B350
02DBA0
030390
032B00
0351F0
037870
039E80
03C420
03E940
040DF0
043220
0455F0
047930
049C10
04BE70
04E020
050130
052180
054130
056020
057E70
059C10
05B900
05D540
05F0E0
060BC0
062600
063F80
065860
067090
068810
069EB0
06B480
06C980
06DDA0
06F0E0
070350
0714F0
0725B0
073590
0744A0
0752E0
076040
076CC0
077870
078350
078D40
079660
079E80
07A5B0
07ABF0
07B150
07B5C0
07B930
07BBC0
07BD60
07BE10
07BDE0
07BCB0
07BA90
07B790
07B3A0
07AEB0
07A8E0
07A230
079A80
0791F0
078870
077E00
0772B0
076670
075940
074B20
073C10
072C20
071B40
070970
06F6C0
06E310
06CEA0
06B950
06A330
068C40
067480
065BF0
064280
062850
060D40
05F160
05D4A0
05B720
0598C0
0579A0
0559A0
0538C0
051750
04F540
04D280
04AF20
048B20
046680
044130
041B50
03F4C0
03CD90
03A5B0
037D40
035420
032A70
030010
02D500
02A9A0
027DE0
0251B0
022520
01F830
01CAE0
019D30
016F10
0140A0
0111C0
00E280
00B2E0
0082E0
005270
0021B0
FFF080
FFBF40
FF8DE0
FF5C70
FF2AF0
FEF950
FEC7A0
FE95D0
FE63F0
FE31F0
FDFFE0
FDCDC0
FD9B80
FD6930
FD36C0
FD0440
FCD1A0
FC9F40
FC6D10
FC3B20
FC0970
FBD7E0
FBA6A0
FB7580
FB44B0
FB1400
FAE3A0
FAB360
FA8360
FA53A0
FA2410
F9F4C0
F9C5A0
F99700
F968F0
F93B50
F90E30
F8E1A0
F8B580
F889F0
F85EE0
F83450
F80A40
F7E0B0
F7B7A0
F78F10
F76700
F73F70
F71870
F6F220
F6CC90
F6A7C0
F683C0
F66070
F63DE0
F61C00
F5FAF0
F5DAA0
F5BB10
F59C30
F57E20
F560D0
F54430
F52850
F50D40
F4F310
F4D9C0
F4C160
F4A9F0
F49360
F47DC0
F46910
F45540
F44260
F43060
F41F50
F40F20
F3FFE0
F3F190
F3E430
F3D7A0
F3CC20
F3C1A0
F3B820
F3AF90
F3A810
F3A180
F39BF0
F39760
F393E0
F39140
F38FB0
F38F20
F38F90
F390F0
F39360
F396C0
F39B20
F3A080
F3A6D0
F3AE20
F3B670
F3BFC0
F3CA00
F3D540
F3E170
F3EEA0
F3FCD0
F40BF0
F41C20
F42D30
F43F50
F45260
F46650
F47B30
F490E0
F4A770
F4BEE0
F4D740
F4F070
F50A90
F52580
F54150
F55E10
F57BA0
F59A20
F5B980
F5D9B0
F5FAD0
F61CA0
F63F20
F66250
F68630
F6AAC0
F6D010
F6F610
F71CC0
F74420
F76C30
F794F0
F7BE70
F7E8A0
F81370
F83F00
F86B50
F89800
F8C530
F8F2D0
F920F0
F94F80
F97E90
F9AE10
F9DE00
FA0E70
FA3F50
FA70A0
FAA270
FAD4B0
FB0760
FB3A90
FB6E40
FBA210
FBD620
FC0A60
FC3ED0
FC7370
FCA850
FCDD60
FD1290
FD4810
FD7DB0
FDB380
FDE990
FE1FD0
FE5640
FE8CF0
FEC3C0
FEFA90
FF3140
FF67F0
FF9E80
FFD500
000B70
0041E0
007830
00AE70
00E4A0
011AC0
0150C0
0186C0
01BCB0
01F290
022850
025DD0
029300
02C7E0
02FC70
0330C0
0364B0
039860
03CBC0
03FEC0
043190
046400
049620
04C800
04F980
052AC0
055BB0
058C20
05BC10
05EB80
061A70
0648E0
0676D0
06A440
06D140
06FDB0
0729A0
075510
078010
07AA80
07D470
07FDF0
0826E0
084F40
0876F0
089E10
08C490
08EA60
090FA0
093440
095840
097BA0
099E60
09C080
09E210
0A02F0
0A2330
0A42E0
0A61E0
0A8040
0A9DF0
0ABAF0
0AD740
0AF2F0
0B0DF0
0B2830
0B41E0
0B5AD0
0B7310
0B8AB0
0BA1A0
0BB7E0
0BCD80
0BE260
0BF6A0
0C0A30
0C1D20
0C2F60
0C4100
0C51F0
0C6230
0C71D0
0C80D0
0C8F20
0C9CC0
0CA9C0
0CB610
0CC1C0
0CCCC0
0CD720
0CE0D0
0CE9F0
0CF280
0CFA70
0D01D0
0D08A0
0D0EE0
0D1480
0D1990
0D1E10
0D21F0
0D2550
0D2810
0D2A30
0D2BD0
0D2CD0
0D2D40
0D2D40
0D2CC0
0D2BD0
0D2A70
0D28A0
0D2660
0D23A0
0D2070
0D1CD0
0D18B0
0D1420
0D0F20
0D09B0
0D03D0
0CFD70
0CF6A0
0CEF80
0CE820
0CE070
0CD870
0CD030
0CC790
0CBEB0
0CB590
0CAC10
0CA250
0C9850
0C8DF0
0C8350
0C7860
0C6D20
0C61A0
0C55F0
0C4A20
0C3E40
0C3220
0C25F0
0C19A0
0C0D20
0C0080
0BF3C0
0BE6E0
0BD9D0
0BCCA0
0BBF60
0BB1E0
0BA450
0B96A0
0B88F0
0B7B30
0B6D90
0B5FE0
0B5230
0B4490
0B36F0
0B2950
0B1BB0
0B0E20
0B0090
0AF2F0
0AE570
0AD7E0
0ACA50
0ABCD0
0AAF60
0AA220
0A9500
0A87F0
0A7B10
0A6E40
0A61A0
0A5510
0A48B0
0A3C60
0A3040
0A2430
0A1850
0A0C80
0A00D0
09F550
09E9F0
09DED0
09D3E0
09C920
09BE90
09B430
09AA00
09A010
099650
098CC0
098360
097A30
097130
096870
095FD0
095770
094F40
094750
093F90
093810
0930C0
0929B0
0922D0
091C20
0915B0
090F80
090980
0903C0
08FE30
08F8D0
08F3B0
08EED0
08EA10
08E590
08E140
08DD20
08D930
08D570
08D1E0
08CE90
08CB60
08C870
08C5B0
08C320
08C0C0
08BE90
08BC90
08BAC0
08B920
08B790
08B620
08B4E0
08B3C0
08B2B0
08B1D0
08B110
08B070
08AFF0
08AF80
08AF40
08AF30
08AF30
08AF50
08AF90
08AFE0
08B030
08B090
08B100
08B170
08B1F0
08B270
08B300
08B3A0
08B440
08B4F0
08B5A0
08B660
08B730
08B800
08B8D0
08B9A0
08BA60
08BB00
08BBA0
08BC20
08BCA0
08BD00
08BD60
08BDA0
08BDD0
08BE00
08BE10
08BE10
08BE00
08BDE0
08BDC0
08BD60
08BCE0
08BC30
08BB60
08BA60
08B940
08B7E0
08B670
08B4C0
08B300
08B100
08AEE0
08AC90
08AA20
08A780
08A4B0
08A1B0
089E70
089AF0
089730
089340
088F00
088A90
0885E0
088100
087BD0
087670
0870D0
086AF0
0864E0
085E90
0857F0
085120
084A00
084290
083AE0
0832E0
082AA0
082220
081950
081030
0806D0
07FD30
07F340
07E900
07DE80
07D3C0
07C8B0
07BD60
07B1C0
07A5D0
0799A0
078D20
078060
077350
076600
075860
074A80
073C50
072DE0
071F20
071010
0700C0
06F130
06E150
06D140
06C0E0
06B050
069F70
068E60
067D00
066B70
065990
064780
063520
062290
060FB0
05FCA0
05E950
05D5B0
05C1F0
05AE00
0599F0
0585A0
057130
055CA0
0547D0
0532E0
051DC0
050870
04F2F0
04DD50
04C780
04B190
049B60
048510
046EB0
045830
0441B0
042B10
041470
03FDB0
03E6F0
03D010
03B920
03A220
038B10
0373F0
035CC0
034580
032E30
0316D0
02FF70
02E830
02D0F0
02B9C0
02A2A0
028B80
027480
025D80
024690
022FA0
0218D0
020200
01EB40
01D490
01BDF0
01A760
0190F0
017AB0
0164A0
014EB0
0138F0
012360
010E00
00F8C0
00E3B0
00CED0
00BA10
00A590
009130
007CF0
0068E0
005510
004170
002E20
001B20
000860
FFF5E0
FFE3B0
FFD1C0
FFC020
FFAED0
FF9DB0
FF8CF0
FF7C60
FF6C30
FF5C30
FF4C90
FF3D20
FF2E20
FF1F70
FF1130
FF0340
FEF5B0
FEE890
FEDBC0
FECF50
FEC340
FEB780
FEAC30
FEA140
FE96A0
FE8C70
FE8290
FE7920
FE7010
FE6760
FE5F30
FE5760
FE5000
FE4910
FE4280
FE3C60
FE36B0
FE3170
FE2C90
FE2820
FE2410
FE2080
FE1D50
FE1A90
FE1840
FE1660
FE14E0
FE13E0
FE1350
FE1330
FE1380
FE1430
FE1560
FE1700
FE1910
FE1B80
FE1E70
FE21D0
FE2590
FE29D0
FE2E70
FE3380
FE3900
FE3EE0
FE4530
FE4BF0
FE5320
FE5AB0
FE62B0
FE6B10
FE73E0
FE7D20
FE86D0
FE90E0
FE9B60
FEA650
FEB190
FEBD40
FEC940
FED5A0
FEE270
FEEF90
FEFD10
FF0AE0
FF1920
FF27C0
FF36B0
FF4610
FF55C0
FF65D0
FF7640
FF8710
FF9830
FFA990
FFBB40
FFCD40
FFDF80
FFF210
0004F0
001810
002B90
003F40
005350
0067A0
007C40
009130
00A660
00BBE0
00D190
00E780
00FD90
0113E0
012A60
014110
015800
016F20
018660
019DF0
01B5A0
01CD80
01E5A0
01FDF0
021670
022F30
024800
0260F0
0279F0
029320
02AC60
02C5C0
02DF30
02F8C0
031270
032C40
034630
036030
037A50
039490
03AEE0
03C960
03E3D0
03FE50
0418D0
043350
044DE0
046870
048300
049D90
04B830
04D2D0
04ED70
050820
0522C0
053D70
055830
0572E0
058D90
05A830
05C2B0
05DD30
05F7A0
061200
062C50
064690
0660C0
067AE0
0694F0
06AEF0
06C8E0
06E2C0
06FCA0
071660
073010
074990
0762F0
077C40
079560
07AE60
07C750
07E010
07F8C0
081140
0829A0
0841F0
085A10
087210
088A00
08A1C0
08B960
08D0D0
08E810
08FF30
091610
092CE0
094370
0959E0
097020
098630
099C20
09B1E0
09C770
09DCD0
09F210
0A0720
0A1C00
0A30B0
0A4520
0A5960
0A6D70
0A8150
0A94F0
0AA870
0ABBB0
0ACEC0
0AE1A0
0AF440
0B06B0
0B18F0
0B2B00
0B3CE0
0B4E80
0B5FE0
0B7110
0B8210
0B92C0
0BA350
0BB390
0BC3A0
0BD380
0BE320
0BF280
0C01B0
0C10A0
0C1F60
0C2DE0
0C3C30
0C4A40
0C5810
0C65A0
0C72F0
0C8010
0C8CF0
0C9990
0CA5F0
0CB220
0CBE00
0CC9B0
0CD530
0CE060
0CEB60
0CF610
0D00A0
0D0AE0
0D14E0
0D1EA0
0D2820
0D3160
0D3A50
0D4310
0D4B90
0D53D0
0D5BD0
0D6390
0D6B10
0D7250
0D7940
0D8000
0D8680
0D8CB0
0D92B0
0D9860
0D9DD0
0DA300
0DA7F0
0DAC90
0DB0F0
0DB520
0DB8F0
0DBC90
0DBFF0
0DC300
0DC5E0
0DC870
0DCAB0
0DCCC0
0DCE80
0DCFF0
0DD120
0DD200
0DD2A0
0DD2F0
0DD300
0DD2C0
0DD240
0DD170
0DD060
0DCF00
0DCD60
0DCB70
0DC930
0DC6B0
0DC3E0
0DC0D0
0DBD60
0DB9B0
0DB5B0
0DB170
0DACD0
0DA7F0
0DA2C0
0D9D40
0D9780
0D9170
0D8B10
0D8460
0D7D70
0D7620
0D6E90
0D66A0
0D5E70
0D55F0
0D4D10
0D43F0
0D3A70
0D30B0
0D2690
0D1C30
0D1170
0D0670
0CFB10
0CEF70
0CE370
0CD730
0CCA90
0CBDB0
0CB070
0CA2F0
0C9510
0C86F0
0C7870
0C69A0
0C5A90
0C4B20
0C3B70
0C2B60
0C1B00
0C0A60
0BF960
0BE820
0BD680
0BC4A0
0BB270
0BA000
0B8D30
0B7A10
0B66B0
0B5300
0B3F00
0B2AB0
0B1610
0B0130
0AEC00
0AD680
0AC0B0
0AAA90
0A9440
0A7DA0
0A66C0
0A4F90
0A3820
0A2070
0A0880
09F040
09D7C0
09BF00
09A600
098CB0
097320
095940
093F30
0924E0
090A60
08EFA0
08D4B0
08B990
089E40
0882C0
086700
084B10
082EF0
081290
07F600
07D940
07BC50
079F20
0781D0
076450
0746B0
072900
070B30
06ED40
06CF30
06B100
0692C0
067450
0655D0
063730
061870
05F990
05DAA0
05BB80
059C50
057D20
055DE0
053EB0
051F80
050050
04E110
04C1E0
04A2B0
048380
046450
044520
0425F0
0406C0
03E790
03C860
03A930
038A20
036B30
034C70
032DC0
030F30
02F0D0
02D290
02B460
029660
027880
025AC0
023D20
021FA0
020240
01E500
01C7E0
01AB10
018E80
017230
015630
013A70
011EF0
0103C0
00E8D0
00CE20
00B3C0
0099A0
007FC0
006630
004CE0
0033E0
001B10
0002C0
FFEAC0
FFD330
FFBC10
FFA550
FF8EF0
FF78F0
FF6360
FF4E40
FF3980
FF2520
FF1130
FEFDA0
FEEA70
FED7B0
FEC550
FEB380
FEA220
FE9150
FE8100
FE7130
FE61E0
FE5310
FE44C0
FE3700
FE29C0
FE1CF0
FE10B0
FE0500
FDF9C0
FDEF00
FDE4D0
FDDB30
FDD220
FDC9A0
FDC1C0
FDBA60
FDB3A0
FDAD80
FDA7E0
FDA2E0
FD9E70
FD9AA0
FD9750
FD94A0
FD9280
FD9100
FD9000
FD8FB0
FD8FE0
FD90C0
FD9230
FD9440
FD96E0
FD9A20
FD9E00
FDA270
FDA780
FDAD30
FDB370
FDBA50
FDC1C0
FDC9D0
FDD280
FDDBC0
FDE590
FDEFF0
FDFAE0
FE0670
FE1280
FE1F30
FE2C70
FE3A40
FE48A0
FE5790
FE6720
FE7730
FE87E0
FE9920
FEAAF0
FEBD40
FED000
FEE340
FEF700
FF0B40
FF1FF0
FF3520
FF4AD0
FF6100
FF77A0
FF8EC0
FFA650
FFBE70
FFD700
FFF000
000990
002370
003DA0
005830
007320
008E60
00AA00
00C5F0
00E240
00FEE0
011BE0
013930
0156E0
0174E0
019340
01B200
01D110
01F050
020FB0
022F50
024F10
026F00
028F10
02AF60
02CFD0
02F070
031140
033230
035350
0374A0
039620
03B7C0
03D9A0
03FB70
041D30
043F00
0460C0
048280
04A430
04C5E0
04E790
050940
052AE0
054C90
056E20
058FC0
05B150
05D2E0
05F470
0615C0
0636E0
0657C0
067880
0698F0
06B940
06D940
06F920
0718C0
073830
075760
077660
079520
07B3B0
07D210
07F030
080DF0
082B50
084850
0864E0
088120
089CF0
08B860
08D370
08EE20
090870
092250
093BD0
0954F0
096DB0
098610
099E10
09B580
09CC70
09E2E0
09F8D0
0A0E40
0A2320
0A3790
0A4B70
0A5EC0
0A71A0
0A83F0
0A95C0
0AA710
0AB7E0
0AC830
0AD7F0
0AE720
0AF5C0
0B03C0
0B1130
0B1E10
0B2A50
0B3600
0B4120
0B4BA0
0B5590
0B5EE0
0B67A0
0B6FD0
0B7770
0B7E70
0B84D0
0B8AB0
0B8FE0
0B9490
0B98A0
0B9C10
0B9EF0
0BA130
0BA2E0
0BA400
0BA470
0BA460
0BA3B0
0BA260
0BA080
0B9E10
0B9B00
0B9770
0B9340
0B8EA0
0B8970
0B83B0
0B7D70
0B76A0
0B6F40
0B6760
0B5F00
0B5600
0B4C90
0B4280
0B37F0
0B2CE0
0B2140
0B1530
0B08C0
0AFBE0
0AEEA0
0AE0F0
0AD2D0
0AC450
0AB560
0AA610
0A9650
0A8620
0A7590
0A6490
0A5330
0A4160
0A2F20
0A1CB0
0A09F0
09F700
09E3D0
09D050
09BCA0
09A8B0
099480
098020
096B70
095680
094160
092BF0
091650
090070
08EA40
08D410
08BDE0
08A790
089140
087AD0
086460
084DE0
083760
0820C0
080A20
07F370
07DCB0
07C5E0
07AF00
079820
078130
076A60
0753C0
073D40
0726E0
0710A0
06FA90
06E4B0
06CEF0
06B950
06A3D0
068E80
067950
066450
064F70
063AB0
062620
0611E0
05FDF0
05EA50
05D710
05C420
05B180
059F40
058D50
057BB0
056A60
055970
0548D0
053880
052880
0518E0
050980
04FAB0
04EC50
04DE60
04D0F0
04C400
04B780
04AB80
049FF0
0494E0
048A40
048020
047680
046D50
046490
045C50
045490
044D50
0446B0
044090
043B00
043600
043190
042DA0
042A50
042780
042550
0423A0
042280
0421E0
0421E0
042270
042380
042530
042770
042A40
042DA0
043190
043620
043B40
0440E0
044730
044E00
045560
045D60
0465F0
046F10
0478C0
048310
048DE0
049930
04A500
04B160
04BE50
04CBB0
04D9B0
04E820
04F720
0506A0
0516B0
052740
053860
0549F0
055C20
056EC0
0581E0
059560
05A940
05BD90
05D250
05E780
05FD10
061310
062970
064050
065790
066F30
068740
069FC0
06B8A0
06D200
06EB90
070560
071F80
0739D0
075470
076F50
078A70
07A5E0
07C180
07DD70
07F990
081600
0832B0
084FA0
086CD0
088A50
08A7D0
08C570
08E320
0900E0
091EB0
093C90
095A80
097890
0996B0
09B4E0
09D320
09F170
0A0FD0
0A2E50
0A4CD0
0A6B70
0A89F0
0AA850
0AC690
0AE4B0
0B02B0
0B2090
0B3E60
0B5C00
0B7990
0B9700
0BB450
0BD170
0BEE90
0C0B80
0C2850
0C4500
0C6170
0C7D80
0C9960
0CB4E0
0CD010
0CEB00
0D05A0
0D1FF0
0D3A00
0D53B0
0D6D20
0D8640
0D9F20
0DB7A0
0DCFE0
0DE7D0
0DFF50
0E1660
0E2D00
0E4330
0E58F0
0E6E30
0E8310
0E9780
0EAB70
0EBF00
0ED210
0EE4C0
0EF6F0
0F08B0
0F1A00
0F2AF0
0F3B40
0F4B10
0F5A50
0F6910
0F7740
0F84E0
0F9200
0F9E90
0FAA90
0FB610
0FC100
0FCB60
0FD540
0FDE90
0FE750
0FEF90
0FF730
0FFE50
1004D0
100AB0
101010
1014D0
101900
101C90
101F90
102210
1023E0
102530
1025E0
102600
102590
102480
1022F0
1020C0
101E00
101AC0
1016E0
101270
100D70
1007E0
1001C0
0FFB10
0FF3D0
0FEC00
0FE3A0
0FDAB0
0FD130
0FC710
0FBC80
0FB170
0FA5D0
0F99C0
0F8D30
0F8010
0F7280
0F6460
0F55D0
0F46B0
0F3720
0F2700
0F1660
0F0550
0EF3B0
0EE190
0ECF10
0EBC30
0EA8E0
0E9520
0E8110
0E6C90
0E57A0
0E4260
0E2CB0
0E1690
0E0010
0DE930
0DD1E0
0DBA30
0DA220
0D89A0
0D70E0
0D57E0
0D3E90
0D2500
0D0B20
0CF100
0CD6A0
0CBBF0
0CA100
0C85D0
0C6A50
0C4E90
0C3290
0C1640
0BF9B0
0BDCD0
0BBFE0
0BA2C0
0B8580
0B6820
0B4AA0
0B2D00
0B0F30
0AF150
0AD340
0AB510
0A96C0
0A7850
0A59C0
0A3B10
0A1C30
09FD40
09DE40
09BF40
09A040
098140
096230
094330
092420
090510
08E600
08C6E0
08A7D0
0888B0
086990
084A70
082B50
080C20
07ED10
07CE20
07AF40
079080
0771E0
075350
0734D0
071670
06F830
06DA00
06BBF0
069DF0
068010
066250
0644A0
062700
0609A0
05EC60
05CF50
05B270
0595C0
057930
055CE0
0540B0
0524B0
0508E0
04ED40
04D1C0
04B680
049B60
048070
0465B0
044B30
0430E0
0416D0
03FCF0
03E360
03CA00
03B0E0
0397F0
037F40
0366D0
034EA0
0336A0
031EE0
030760
02F010
02D910
02C240
02ABB0
029560
027F50
026990
025400
023EB0
0229B0
0214E0
020060
01EC10
01D810
01C440
01B0C0
019D80
018A70
0177B0
016530
0152F0
0140F0
012F30
011DB0
010C70
00FB70
00EAB0
00DA30
00CA00
00BA00
00AA50
009AD0
008BA0
007CA0
006DF0
005F70
005140
004350
003590
002810
001AE0
000DE0
000130
FFF4B0
FFE870
FFDC80
FFD0C0
FFC540
FFBA00
FFAF10
FFA450
FF99C0
FF8F80
FF8570
FF7BA0
FF7210
FF68C0
FF5FA0
FF56C0
FF4E20
FF45C0
FF3D90
FF35B0
FF2E00
FF2690
FF1F50
FF1860
FF11A0
FF0B20
FF04D0
FEFED0
FEF900
FEF370
FEEE10
FEE900
FEE420
FEDF80
FEDB20
FED6F0
FED300
FECF50
FECBE0
FEC8A0
FEC5B0
FEC2F0
FEC060
FEBE20
FEBC10
FEBA40
FEB8B0
FEB760
FEB640
FEB570
FEB4D0
FEB470
FEB440
FEB450
FEB4B0
FEB540
FEB610
FEB730
FEB890
FEBA20
FEBC00
FEBE30
FEC090
FEC330
FEC620
FEC950
FECCC0
FED070
FED460
FED890
FEDD10
FEE1D0
FEE6D0
FEEC20
FEF1C0
FEF7A0
FEFDD0
FF0440
FF0AF0
FF1200
FF1940
FF20E0
FF28B0
FF30E0
FF3940
FF4200
FF4AF0
FF5440
FF5DE0
FF67D0
FF7210
FF7C90
FF8770
FF92A0
FF9E10
FFA9E0
FFB600
FFC270
FFCF20
FFDC30
FFE990
FFF730
000530
001380
002220
003110
004060
005000
005FF0
007030
0080D0
0091B0
00A2F0
00B490
00C670
00D8B0
00EB40
00FE20
011160
0124E0
0138C0
014D00
016180
017660
018B90
01A110
01B6E0
01CD00
01E380
01FA50
021170
0228F0
0240C0
0258D0
027150
028A00
02A310
02BC70
02D610
02F000
030A30
0324C0
033F90
035AB0
037620
0391D0
03ADD0
03CA30
03E6C0
0403B0
0420E0
043E50
045C00
0479E0
049800
04B650
04D4E0
04F3B0
0512B0
0531F0
055160
057120
059100
05B130
05D190
05F220
061300
0633F0
065500
067630
069780
06B8F0
06DA80
06FC40
071E10
073FF0
076200
078430
07A680
07C8F0
07EB80
080E30
0830F0
0853C0
087680
089940
08BBF0
08DEB0
090160
092400
0946B0
096950
098BF0
09AE80
09D110
09F3A0
0A1630
0A38B0
0A5B30
0A7D80
0A9FB0
0AC1A0
0AE370
0B0510
0B2680
0B47C0
0B68E0
0B89C0
0BAA80
0BCB10
0BEB70
0C0BB0
0C2BB0
0C4B90
0C6B40
0C8A90
0CA990
0CC830
0CE680
0D0460
0D2200
0D3F30
0D5C10
0D78A0
0D94C0
0DB0A0
0DCC10
0DE730
0E01F0
0E1C60
0E3670
0E5000
0E6910
0E8190
0E99A0
0EB120
0EC820
0EDEB0
0EF4A0
0F0A20
0F1F20
0F3390
0F4790
0F5B00
0F6DF0
0F8060
0F9250
0FA3A0
0FB440
0FC440
0FD3A0
0FE260
0FF080
0FFDF0
100AC0
1016F0
102280
102D60
1037B0
104150
104A50
1052B0
105A60
106160
1067B0
106D40
107220
107640
1079B0
107C60
107E60
107FB0
108040
108010
107F30
107DA0
107B50
107850
107490
107020
106AE0
106500
105E50
1056E0
104EC0
1045F0
103C50
103200
1026F0
101B20
100E90
100150
0FF350
0FE4A0
0FD520
0FC500
0FB430
0FA2B0
0F9080
0F7DA0
0F6A10
0F55D0
0F40F0
0F2B50
0F1510
0EFE10
0EE670
0ECE20
0EB510
0E9B60
0E8110
0E6620
0E4AA0
0E2E90
0E1200
0DF4D0
0DD720
0DB8E0
0D9A10
0D7AB0
0D5AC0
0D3A40
0D1930
0CF7A0
0CD570
0CB2C0
0C8F70
0C6BD0
0C47D0
0C2370
0BFEA0
0BD980
0BB400
0B8E20
0B67E0
0B4140
0B1A40
0AF2E0
0ACB20
0AA300
0A7A90
0A51B0
0A2870
09FF10
09D590
09ABE0
098210
095820
092E10
0903D0
08D970
08AEF0
088440
085970
082E80
080360
07D830
07ACD0
078140
0755E0
072A90
06FF60
06D440
06A940
067E60
0653A0
0628F0
05FE60
05D3F0
05A990
057F50
055530
052B20
050140
04D760
04ADF0
0484D0
045C10
0433B0
040BA0
03E3F0
03BCA0
0395A0
036F10
0348C0
0322E0
02FD50
02D820
02B350
028ED0
026AB0
024720
022430
0201C0
01DFF0
01BEB0
019E00
017DE0
015E50
013F60
0120F0
010320
00E5E0
00C930
00AD20
009190
0076A0
005C60
0042E0
002A20
001220
FFFAE0
FFE450
FFCE80
FFB960
FFA510
FF9170
FF7E90
FF6C70
FF5B00
FF4A50
FF3A60
FF2B30
FF1CD0
FF0F40
FF0280
FEF6A0
FEEB80
FEE140
FED7D0
FECF30
FEC770
FEC070
FEBA50
FEB500
FEB090
FEACE0
FEAA10
FEA800
FEA6E0
FEA680
FEA700
FEA850
FEAA70
FEAD70
FEB140
FEB5E0
FEBB60
FEC1B0
FEC8D0
FED0D0
FED990
FEE340
FEEDB0
FEF900
FF0510
FF11E0
FF1F70
FF2DD0
FF3CE0
FF4CC0
FF5D60
FF6EC0
FF80E0
FF93D0
FFA770
FFBBE0
FFD110
FFE700
FFFDB0
001520
002D30
0045E0
005F20
007910
009390
00AEA0
00CA60
00E6B0
010390
012120
013F40
015E00
017D60
019D50
01BDF0
01DF10
0200B0
0222A0
024510
0267D0
028B00
02AE90
02D290
02F6F0
031BC0
0340F0
036680
038C80
03B2E0
03D9B0
0400E0
042870
045030
047820
04A030
04C870
04F0E0
051970
054230
056B20
059430
05BD70
05E6E0
061070
063A30
066410
068E20
06B860
06E280
070CA0
0736A0
076090
078A60
07B430
07DDE0
080780
083110
085A90
0883F0
08AD40
08D680
08FFB0
0928C0
0951D0
097A80
09A2F0
09CB10
09F2E0
0A1A70
0A41B0
0A68A0
0A8F40
0AB5A0
0ADBB0
0B0170
0B26F0
0B4C10
0B70F0
0B9580
0BB9D0
0BDDA0
0C00F0
0C23C0
0C4620
0C6810
0C8980
0CAA70
0CCAE0
0CEAE0
0D0A70
0D2980
0D4810
0D6620
0D83C0
0DA0F0
0DBD90
0DD9B0
0DF530
0E1020
0E2A80
0E4440
0E5D70
0E7610
0E8E10
0EA590
0EBC70
0ED2B0
0EE870
0EFD90
0F1220
0F2610
0F3980
0F4C40
0F5E70
0F6FF0
0F80E0
0F9130
0FA0E0
0FB000
0FBE70
0FCC50
0FD990
0FE620
0FF220
0FFD90
100850
101270
101C00
1024F0
102D50
103520
103C50
104300
104910
104E80
105370
1057C0
105B80
105EB0
106140
106340
1064B0
106590
1065D0
1065A0
1064F0
1063C0
106220
106000
105D60
105A40
1056B0
1052A0
104E20
104910
104390
103DA0
103720
103030
1028D0
102110
1018F0
101090
1007D0
0FFEB0
0FF550
0FEB90
0FE180
0FD710
0FCC50
0FC140
0FB5E0
0FAA20
0F9E10
0F91A0
0F84F0
0F7800
0F6B00
0F5DC0
0F5060
0F42E0
0F3530
0F2750
0F1950
0F0B30
0EFCD0
0EEE50
0EDFB0
0ED0E0
0EC1F0
0EB2D0
0EA380
0E9440
0E84F0
0E75B0
0E6670
0E5730
0E47F0
0E38B0
0E2980
0E1A40
0E0B00
0DFBD0
0DECA0
0DDD70
0DCE30
0DBF00
0DAFE0
0DA0D0
0D91F0
0D8330
0D74A0
0D6630
0D57F0
0D49D0
0D3BD0
0D2E00
0D2050
0D12D0
0D0570
0CF830
0CEB20
0CDE30
0CD170
0CC4E0
0CB8A0
0CAC90
0CA0C0
0C9530
0C89D0
0C7EC0
0C73E0
0C6940
0C5EE0
0C54C0
0C4AE0
0C4140
0C37D0
0C2EA0
0C25C0
0C1D10
0C14B0
0C0CA0
0C04C0
0BFD40
0BF600
0BEF00
0BE840
0BE1E0
0BDBB0
0BD5D0
0BD030
0BCAE0
0BC5E0
0BC110
0BBCA0
0BB860
0BB460
0BB090
0BAD10
0BA9D0
0BA6C0
0BA3F0
0BA160
0B9F10
0B9D00
0B9B30
0B99A0
0B9840
0B9730
0B9650
0B95B0
0B9540
0B94F0
0B94C0
0B94C0
0B94E0
0B9530
0B95A0
0B9640
0B9700
0B97E0
0B98F0
0B9A30
0B9B90
0B9D10
0B9EB0
0BA090
0BA260
0BA430
0BA610
0BA7F0
0BA9D0
0BABB0
0BAD90
0BAF70
0BB160
0BB340
0BB530
0BB720
0BB910
0BBB10
0BBD00
0BBF00
0BC0D0
0BC280
0BC400
0BC550
0BC680
0BC790
0BC870
0BC920
0BC9B0
0BCA10
0BCA50
0BCA70
0BCA60
0BCA20
0BC9C0
0BC930
0BC850
0BC720
0BC590
0BC3C0
0BC190
0BBF00
0BBC20
0BB900
0BB570
0BB1A0
0BAD70
0BA8F0
0BA420
0B9EF0
0B9970
0B93A0
0B8D50
0B8680
0B7F40
0B7780
0B6F50
0B6690
0B5D60
0B53B0
0B4990
0B3EF0
0B33D0
0B2830
0B1C20
0B0F90
0B0290
0AF500
0AE6F0
0AD840
0AC8F0
0AB910
0AA8A0
0A97A0
0A8600
0A73D0
0A6100
0A4DA0
0A39B0
0A2520
0A1000
09FA40
09E400
09CD10
09B590
099D70
0984A0
096B40
095130
093680
091B30
08FF40
08E2B0
08C580
08A7A0
088930
086A10
084A50
0829F0
080900
07E760
07C530
07A260
077EF0
075AF0
073660
071120
06EB50
06C4F0
069DF0
067650
064E10
062540
05FBD0
05D1D0
05A730
057C10
055070
052450
04F7A0
04CA80
049CE0
046EB0
044000
0410E0
03E130
03B100
038060
034F30
031D80
02EB50
02B890
028590
025230
021E80
01EA70
01B620
018160
014C60
011700
00E140
00AB40
0074E0
003E30
000720
FFCFC0
FF9800
FF6000
FF27D0
FEEF80
FEB720
FE7E90
FE45F0
FE0D30
FDD440
FD9B40
FD6220
FD28E0
FCEF80
FCB600
FC7C70
FC42B0
FC08D0
FBCEE0
FB9500
FB5B40
FB21B0
FAE830
FAAED0
FA7590
FA3C70
FA0380
F9CAA0
F991E0
F95930
F920B0
F8E850
F8B010
F877F0
F83FE0
F80840
F7D0F0
F79A00
F76370
F72D40
F6F770
F6C1F0
F68CD0
F65810
F623B0
F5EFB0
F5BC10
F588C0
F555D0
F52340
F4F110
F4BF70
F48E60
F45DF0
F42E10
F3FEC0
F3D000
F3A1D0
F37440
F34740
F31AE0
F2EF00
F2C3C0
F29910
F26EF0
F24570
F21C70
F1F440
F1CCD0
F1A610
F18010
F15AE0
F13660
F112A0
F0EFA0
F0CD60
F0ABE0
F08B10
F06B10
F04BC0
F02D40
F00F70
EFF260
EFD630
EFBAD0
EFA040
EF8690
EF6DC0
EF55B0
EF3E90
EF2830
EF12C0
EEFE10
EEEA40
EED750
EEC530
EEB3E0
EEA370
EE93D0
EE8510
EE7730
EE6A20
EE5E00
EE52B0
EE4840
EE3EA0
EE35F0
EE2E10
EE2710
EE20F0
EE1BA0
EE1730
EE13A0
EE10F0
EE0F20
EE0E10
EE0DD0
EE0E60
EE0FC0
EE11E0
EE14D0
EE1890
EE1D20
EE2270
EE28A0
EE2F80
EE3740
EE3FD0
EE4920
EE5340
EE5E30
EE69C0
EE7600
EE82F0
EE9090
EE9ED0
EEADB0
EEBD50
EECD90
EEDE70
EEF010
EF0250
EF1530
EF28C0
EF3D00
EF51F0
EF6780
EF7D90
EF9410
EFAB20
EFC290
EFDA90
EFF300
F00BE0
F02550
F03F30
F05980
F07460
F08FB0
F0AB70
F0C7B0
F0E470
F101B0
F11F20
F13CE0
F15AE0
F17920
F197A0
F1B660
F1D560
F1F4A0
F21430
F233F0
F25400
F27450
F294D0
F2B5A0
F2D6B0
F2F810
F31960
F33AC0
F35C20
F37D90
F39F00
F3C080
F3E200
F40380
F42510
F446A0
F46840
F489E0
F4AB80
F4CD30
F4EEE0
F510A0
F53220
F55380
F574A0
F595A0
F5B660
F5D6F0
F5F750
F61780
F63780
F65750
F676F0
F69660
F6B5A0
F6D4A0
F6F380
F71220
F73070
F74E60
F76BF0
F78920
F7A5F0
F7C270
F7DE80
F7FA40
F815A0
F830A0
F84B50
F86590
F87F80
F89910
F8B240
F8CB10
F8E370
F8FB40
F912A0
F92980
F93FF0
F955D0
F96B40
F98030
F994B0
F9A8A0
F9BC20
F9CF20
F9E1B0
F9F3B0
FA0540
FA1650
FA26E0
FA36D0
FA4650
FA5540
FA63A0
FA7170
FA7EC0
FA8B90
FA97D0
FAA380
FAAEB0
FAB950
FAC370
FACD00
FAD610
FADE80
FAE680
FAEDF0
FAF4E0
FAFB50
FB0130
FB0690
FB0B70
FB0FD0
FB13A0
FB16E0
FB19B0
FB1BF0
FB1DB0
FB1EE0
FB1FA0
FB1FC0
FB1F80
FB1ED0
FB1DB0
FB1C20
FB1A20
FB17B0
FB14C0
FB1170
FB0DB0
FB0980
FB04E0
FAFFC0
FAFA40
FAF450
FAEDF0
FAE710
FADFF0
FAD880
FAD0C0
FAC8B0
FAC060
FAB7B0
FAAEB0
FAA570
FA9BE0
FA91F0
FA87C0
FA7D40
FA7270
FA6750
FA5BE0
FA5030
FA4450
FA3840
FA2C20
FA1FD0
FA1350
FA06C0
F9FA00
F9ED20
F9E010
F9D2E0
F9C590
F9B820
F9AA80
F99CC0
F98ED0
F980D0
F972C0
F964D0
F956D0
F948E0
F93B00
F92D20
F91F50
F91180
F903B0
F8F600
F8E840
F8DA90
F8CCF0
F8BF50
F8B1B0
F8A420
F896C0
F88990
F87C90
F86FC0
F86330
F856C0
F84A90
F83E80
F832B0
F82710
F81B90
F81050
F80540
F7FA60
F7EFB0
F7E540
F7DB10
F7D140
F7C7C0
F7BE90
F7B5C0
F7AD30
F7A500
F79D30
F795A0
F78E70
F78790
F78110
F77AD0
F774F0
F76F60
F76A30
F76560
F76100
F75D00
F75970
F75650
F75390
F75140
F74F50
F74DD0
F74CC0
F74C20
F74BE0
F74C10
F74CA0
F74DA0
F74F10
F750F0
F75340
F75600
F75940
F75CF0
F76110
F765A0
F76AB0
F77030
F77620
F77C80
F78350
F78AA0
F79260
F79A90
F7A340
F7AC50
F7B5D0
F7BFD0
F7CA30
F7D500
F7E040
F7EBF0
F7F810
F80490
F81190
F81F00
F82CD0
F83B20
F849D0
F85900
F86890
F87880
F888D0
F89980
F8AA90
F8BC00
F8CDC0
F8DFF0
F8F270
F90550
F91890
F92C30
F94030
F95490
F96940
F97E60
F993D0
F9A990
F9BF80
F9D5C0
F9EC40
FA0300
FA1A00
FA3140
FA48D0
FA6090
FA78A0
FA90F0
FAA980
FAC250
FADB70
FAF4C0
FB0E60
FB2810
FB41F0
FB5BF0
FB7600
FB9040
FBAAA0
FBC520
FBDFB0
FBFA70
FC1550
FC3050
FC4B70
FC66A0
FC8200
FC9D80
FCB920
FCD4C0
FCF050
FD0BF0
FD2780
FD4310
FD5EA0
FD7A30
FD95B0
FDB140
FDCCC0
FDE840
FE03C0
FE1F40
FE3AC0
FE5630
FE71B0
FE8D00
FEA830
FEC330
FEDE20
FEF8E0
FF1380
FF2E00
FF4860
FF6290
FF7CA0
FF9690
FFB060
FFCA00
FFE390
FFFCF0
001620
002F20
0047F0
006070
0078B0
0090C0
00A890
00C020
00D770
00EE80
010560
011C00
013260
014880
015E60
017400
018970
019E80
01B350
01C7D0
01DC00
01EFD0
020360
0216A0
022990
023C30
024E80
026080
027230
0283A0
0294B0
02A570
02B5F0
02C610
02D5D0
02E550
02F470
030340
0311B0
031FD0
032DA0
033B10
034830
035500
036180
036DA0
037960
0384E0
039000
039AD0
03A550
03AF80
03B950
03C2E0
03CC10
03D500
03DD90
03E5D0
03EDC0
03F560
03FCB0
0403A0
040A50
0410A0
0416B0
041C70
0421E0
042720
042C10
0430C0
043520
043940
043D20
0440C0
044410
044720
0449F0
044C70
044EB0
0450B0
045260
0453F0
045540
045660
045750
045810
0458A0
045900
045920
045920
0458E0
045880
0457E0
045710
045610
0454E0
045380
045200
045070
044EB0
044CE0
044B00
0448F0
0446D0
044490
044240
043FD0
043D40
043A90
0437D0
0434F0
0431F0
042ED0
042BB0
042890
042570
042240
041F10
041BE0
0418A0
041560
041220
040ED0
040B90
040830
0404E0
040180
03FE20
03FAC0
03F760
03F420
03F0E0
03EDB0
03EA80
03E770
03E460
03E170
03DE80
03DBA0
03D8D0
03D600
03D350
03D0A0
03CE00
03CB70
03C900
03C6A0
03C460
03C230
03C020
03BE30
03BC50
03BAA0
03B8F0
03B770
03B600
03B4A0
03B360
03B240
03B140
03B050
03AF80
03AED0
03AE40
03ADD0
03AD80
03AD40
03AD30
03AD30
03AD50
03AD90
03ADF0
03AE70
03AF10
03AFD0
03B0B0
03B1A0
03B2C0
03B3F0
03B530
03B6A0
03B820
03B9C0
03BB70
03BD50
03BF40
03C150
03C370
03C5B0
03C810
03CA90
03CD20
03CFE0
03D2A0
03D570
03D850
03DB40
03DE50
03E160
03E490
03E7C0
03EB10
03EE60
03F1D0
03F540
03F8D0
03FC70
040020
0403D0
040790
040B50
040F20
0412E0
0416A0
041A70
041E30
042200
0425D0
0429A0
042D70
043140
043510
0438E0
043CC0
044090
044460
044810
044BC0
044F50
0452E0
045650
0459C0
045D10
046060
046390
0466C0
0469D0
046CE0
046FD0
0472B0
047590
047840
047AD0
047D40
047FA0
0481D0
0483E0
0485D0
048790
048940
048AD0
048C40
048D80
048EB0
048FB0
0490A0
049160
049200
049270
0492A0
0492C0
0492A0
049250
0491E0
049140
049070
048F70
048E50
048D00
048B70
0489D0
0487F0
0485E0
0483A0
048140
047E90
047BC0
0478C0
047580
047210
046E70
046AA0
046690
046260
045DF0
045950
045480
044F80
044A40
0444E0
043F40
043980
043380
042D60
042700
042080
0419D0
0412E0
040BD0
040490
03FD10
03F570
03ED90
03E590
03DD60
03D500
03CC80
03C3E0
03BB10
03B220
03A910
039FE0
039680
038D00
038350
037980
036F90
036580
035B40
0350E0
034650
033BC0
033110
032660
031B90
0310B0
0305D0
02FAD0
02EFC0
02E4A0
02D970
02CE30
02C2E0
02B780
02AC10
02A090
0294F0
028970
027DE0
027270
026700
025B90
025030
0244D0
023980
022E40
022300
0217C0
020C90
020170
01F650
01EB30
01E030
01D540
01CA80
01BFE0
01B560
01AB10
01A0E0
0196D0
018CF0
018330
017990
017020
0166C0
015DA0
015490
014BB0
0142F0
013A70
013230
012A30
012280
011B00
0113C0
010CC0
010600
00FF80
00F950
00F350
00ED90
00E810
00E2D0
00DDD0
00D920
00D4B0
00D0A0
00CCF0
00C990
00C690
00C3D0
00C180
00BF80
00BDD0
00BC80
00BB80
00BAE0
00BA90
00BAA0
00BB00
00BBC0
00BCE0
00BE60
00C050
00C2A0
00C560
00C880
00CC10
00D000
00D450
00D910
00DE30
00E3B0
00E9A0
00F000
00F6B0
00FDE0
010560
010D60
0115C0
011E90
0127C0
013160
013B70
0145F0
0150D0
015C10
0167D0
0173F0
018070
018D70
019AD0
01A890
01B6C0
01C550
01D440
01E390
01F350
020360
0213E0
0224C0
023600
0247A0
0259B0
026C10
027EE0
029200
02A590
02B990
02CDD0
02E250
02F730
030C60
0321D0
0337A0
034DB0
036410
037AC0
0391C0
03A900
03C0A0
03D880
03F0C0
040940
042210
043B10
045440
046DA0
048730
04A0F0
04BAD0
04D4F0
04EF40
0509B0
052460
053F30
055A40
057570
0590D0
05AC60
05C830
05E3F0
05FFC0
061BA0
063780
065370
066F60
068B50
06A750
06C350
06DF60
06FB80
071790
0733C0
074FE0
076C20
078850
07A470
07C060
07DC30
07F7E0
081360
082ED0
084A10
086530
088020
089B00
08B5B0
08D040
08EAB0
0904F0
091F10
093920
0952D0
096C30
098540
099E10
09B680
09CEB0
09E690
09FE20
0A1550
0A2C50
0A42F0
0A5940
0A6F40
0A8500
0A9A60
0AAF80
0AC420
0AD850
0AEC10
0AFF60
0B1230
0B24A0
0B3690
0B4810
0B5910
0B69A0
0B79C0
0B8970
0B98B0
0BA770
0BB5D0
0BC3A0
0BD0F0
0BDDB0
0BE9E0
0BF580
0C0090
0C0B20
0C1510
0C1E70
0C2740
0C2F80
0C3730
0C3E50
0C44E0
0C4AF0
0C5060
0C5540
0C5980
0C5D30
0C6030
0C62A0
0C6460
0C6590
0C6610
0C6600
0C6550
0C63F0
0C6200
0C5F70
0C5C40
0C5870
0C5400
0C4EF0
0C4940
0C42F0
0C3C10
0C3480
0C2C50
0C2390
0C1A20
0C1020
0C0570
0BFA30
0BEE50
0BE1D0
0BD4B0
0BC6E0
0BB880
0BA990
0B9A00
0B89E0
0B7930
0B67F0
0B5620
0B43C0
0B30D0
0B1D50
0B0940
0AF4A0
0ADF60
0AC9A0
0AB350
0A9C70
0A8500
0A6D00
0A5490
0A3BA0
0A2240
0A0870
09EE30
09D380
09B850
099CC0
0980B0
096430
094730
0929D0
090BF0
08EDA0
08CEE0
08AFA0
089020
087050
085040
082FE0
080F30
07EE30
07CCE0
07AB50
078970
076750
0744D0
072210
06FF10
06DBB0
06B810
069420
067010
064BF0
0627B0
060340
05DED0
05BA30
059580
0570A0
054BB0
0526B0
050180
04DC40
04B6E0
049160
046BC0
044610
042070
03FAE0
03D560
03B000
038AB0
036580
034050
031B40
02F650
02D160
02AC90
0287D0
026330
023EA0
021A20
01F5B0
01D190
01ADB0
018A10
0166B0
014390
0120C0
00FE20
00DBD0
00B9C0
0097F0
007670
005520
003420
001360
FFF2E0
FFD2B0
FFB2E0
FF9370
FF7470
FF55E0
FF37B0
FF19F0
FEFCA0
FEDFB0
FEC330
FEA710
FE8B60
FE7020
FE5540
FE3AD0
FE20C0
FE0720
FDEE00
FDD570
FDBD60
FDA5D0
FD8ED0
FD7840
FD6250
FD4CD0
FD37E0
FD2370
FD0F80
FCFC20
FCE940
FCD6E0
FCC510
FCB3C0
FCA300
FC92D0
FC8340
FC7430
FC65C0
FC57E0
FC4A90
FC3DE0
FC31B0
FC2620
FC1B20
FC10B0
FC06D0
FBFD90
FBF4D0
FBECB0
FBE520
FBDE20
FBD7B0
FBD1D0
FBCC80
FBC7C0
FBC3A0
FBC000
FBBCF0
FBBA80
FBB8A0
FBB750
FBB680
FBB650
FBB6B0
FBB7B0
FBB920
FBBB10
FBBD90
FBC090
FBC400
FBC810
FBCC90
FBD190
FBD720
FBDD20
FBE3B0
FBEAC0
FBF250
FBFA60
FC0300
FC0C10
FC1590
FC1F80
FC29D0
FC3490
FC3FB0
FC4B30
FC5730
FC6380
FC7040
FC7D70
FC8B00
FC9900
FCA760
FCB630
FCC560
FCD500
FCE4E0
FCF510
FD0570
FD1630
FD2720
FD3870
FD49F0
FD5BC0
FD6DD0
FD8030
FD92D0
FDA5B0
FDB8E0
FDCC50
FDE010
FDF410
FE0830
FE1C70
FE30D0
FE4550
FE59F0
FE6EC0
FE83A0
FE98A0
FEADC0
FEC310
FED870
FEEDF0
FF0390
FF1960
FF2F40
FF4550
FF5B50
FF7150
FF8740
FF9D40
FFB330
FFC910
FFDF00
FFF4E0
000AC0
002090
003670
004C40
006200
0077D0
008D90
00A350
00B8F0
00CE60
00E3C0
00F8F0
010E00
0122F0
0137B0
014C60
0160E0
017540
018980
019DA0
01B1A0
01C580
01D930
01ECC0
020020
021340
022620
0238D0
024B50
025D90
026F90
028160
0292F0
02A450
02B570
02C660
02D710
02E780
02F7C0
0307D0
031790
032710
033650
034540
035400
036270
0370A0
037E90
038C30
0399A0
03A6C0
03B3A0
03C040
03CC90
03D8A0
03E480
03F010
03FB50
040660
041120
041BA0
0425E0
042FE0
0439A0
044310
044C50
045540
045DE0
046650
046E80
047660
047E00
048570
048CA0
0493A0
049A70
04A100
04A760
04AD80
04B370
04B930
04BEB0
04C400
04C920
04CE00
04D2B0
04D720
04DB70
04DF90
04E380
04E760
04EB20
04EEC0
04F230
04F590
04F8D0
04FBE0
04FED0
0501B0
050460
0506F0
050960
050BB0
050DE0
051000
051220
051440
051650
051860
051A60
051C60
051E50
052040
052220
052400
0525E0
0527B0
052970
052B30
052CF0
052EC0
0530A0
053290
0534A0
0536B0
0538E0
053B20
053D80
053FE0
054260
0544F0
054790
054A50
054D20
054FF0
0552F0
055600
055950
055CC0
056060
056430
056820
056C40
057090
057510
0579B0
057E80
058380
0588A0
058DF0
059370
059920
059F00
05A520
05AB80
05B220
05B900
05C010
05C760
05CEF0
05D6C0
05DED0
05E710
05EFA0
05F860
060160
060A90
061410
061DC0
0627C0
063210
063C90
064750
065260
065DB0
066940
067520
068130
068D90
069A30
06A710
06B440
06C1B0
06CF50
06DD40
06EB70
06F9E0
070890
071770
0726A0
073610
0745C0
0755A0
0765D0
077640
0786E0
0797D0
07A8F0
07BA60
07CC00
07DDE0
07EFE0
080220
081480
082710
0839E0
084CD0
085FF0
087340
0886D0
089A80
08AE60
08C270
08D6B0
08EB20
08FFC0
091470
092940
093E20
095320
096830
097D60
099290
09A7F0
09BD50
09D2E0
09E870
09FE20
0A13E0
0A29C0
0A3FB0
0A55C0
0A6BC0
0A81B0
0A97A0
0AAD80
0AC350
0AD920
0AEEE0
0B04A0
0B1A50
0B2FF0
0B4590
0B5B20
0B70A0
0B8620
0B9B90
0BB100
0BC640
0BDB40
0BF020
0C04E0
0C1960
0C2DC0
0C41E0
0C55E0
0C69B0
0C7D50
0C90D0
0CA410
0CB730
0CCA20
0CDCE0
0CEF70
0D01B0
0D13B0
0D2550
0D36A0
0D47B0
0D5860
0D68D0
0D78F0
0D88B0
0D9830
0DA760
0DB640
0DC4D0
0DD310
0DE100
0DEEA0
0DFBD0
0E08A0
0E1500
0E20F0
0E2C80
0E37A0
0E4250
0E4C90
0E5670
0E5FE0
0E68F0
0E7180
0E79B0
0E8170
0E88D0
0E8FB0
0E9620
0E9C10
0EA180
0EA680
0EAAF0
0EAEE0
0EB260
0EB560
0EB7D0
0EB9D0
0EBB50
0EBC60
0EBCE0
0EBCE0
0EBC70
0EBB70
0EBA00
0EB7F0
0EB570
0EB260
0EAED0
0EAAC0
0EA620
0EA0F0
0E9B50
0E9520
0E8E60
0E8730
0E7F70
0E7720
0E6E60
0E6500
0E5B30
0E50E0
0E4610
0E3AC0
0E2F00
0E22B0
0E15E0
0E0890
0DFAD0
0DEC80
0DDDB0
0DCE70
0DBEA0
0DAE60
0D9DA0
0D8C50
0D7AA0
0D6880
0D55F0
0D4300
0D2F90
0D1BC0
0D0780
0CF2D0
0CDDC0
0CC830
0CB240
0C9BE0
0C8510
0C6DD0
0C5620
0C3E10
0C25A0
0C0CF0
0BF3E0
0BDA90
0BC0E0
0BA6F0
0B8CB0
0B7210
0B5720
0B3BF0
0B2060
0B0490
0AE860
0ACBF0
0AAF20
0A9210
0A74C0
0A5750
0A39B0
0A1BF0
09FDF0
09DFD0
09C180
09A300
098450
096570
094670
092740
0907E0
08E860
08C8A0
08A8C0
0888D0
0868E0
0848F0
0828F0
0808F0
07E8F0
07C8E0
07A8C0
0788B0
076890
074860
072840
070810
06E7D0
06C790
06A750
068730
066720
064740
062770
0607D0
05E840
05C8D0
05A990
058A60
056B50
054C60
052D90
050EE0
04F050
04D1E0
04B390
049580
0477A0
045A00
043CB0
041F90
0402B0
03E600
03C9A0
03AD70
039180
0375E0
035A60
033F30
032440
030980
02EF10
02D4E0
02BB10
02A190
028860
026F80
025700
023EC0
0226E0
020F50
01F810
01E130
01CA90
01B450
019E60
0188C0
017380
015E90
014A00
0135C0
0121F0
010E70
00FB50
00E880
00D620
00C410
00B250
00A100
009000
007F60
006F20
005F40
004FB0
004080
0031B0
002330
001500
000740
FFF9C0
FFECB0
FFDFF0
FFD380
FFC780
FFBBC0
FFB070
FFA570
FF9AC0
FF9070
FF8680
FF7CD0
FF7370
FF6A60
FF6190
FF5910
FF50D0
FF48F0
FF4140
FF39F0
FF32E0
FF2C20
FF25A0
FF1F70
FF1990
FF13F0
FF0EA0
FF0980
FF0490
FEFFE0
FEFB60
FEF700
FEF2E0
FEEF00
FEEB40
FEE7B0
FEE460
FEE140
FEDE50
FEDBA0
FED910
FED6C0
FED490
FED290
FED090
FECEB0
FECCE0
FECB30
FEC990
FEC800
FEC680
FEC520
FEC3E0
FEC2A0
FEC180
FEC080
FEBF80
FEBEA0
FEBDE0
FEBD10
FEBC30
FEBB50
FEBA60
FEB970
FEB870
FEB760
FEB660
FEB540
FEB420
FEB300
FEB1D0
FEB090
FEAF50
FEAE10
FEACB0
FEAB40
FEA9B0
FEA7F0
FEA610
FEA410
FEA1E0
FE9FA0
FE9D30
FE9AA0
FE97F0
FE9510
FE9220
FE8F00
FE8BC0
FE8860
FE84D0
FE8110
FE7D20
FE78F0
FE7490
FE6FF0
FE6B20
FE6610
FE60D0
FE5B50
FE55A0
FE4FB0
FE4990
FE4340
FE3CB0
FE35E0
FE2EE0
FE27A0
FE2020
FE1860
FE1060
FE0820
FDFFA0
FDF6E0
FDEDD0
FDE490
FDDB10
FDD150
FDC750
FDBD10
FDB280
FDA7C0
FD9CC0
FD9180
FD8600
FD7A40
FD6E40
FD6200
FD5590
FD48D0
FD3BE0
FD2EB0
FD2130
FD1380
FD0590
FCF770
FCE900
FCDA50
FCCB70
FCBC50
FCAD10
FC9D90
FC8DF0
FC7E10
FC6E10
FC5DE0
FC4D70
FC3CE0
FC2C10
FC1B20
FC0A00
FBF8A0
FBE720
FBD570
FBC380
FBB190
FB9F70
FB8D40
FB7B00
FB68A0
FB5630
FB43A0
FB30F0
FB1E40
FB0B60
FAF870
FAE570
FAD250
FABF10
FAABC0
FA9860
FA8500
FA71A0
FA5E50
FA4B00
FA37C0
FA2490
FA1150
F9FE30
F9EB10
F9D7F0
F9C4D0
F9B1D0
F99EC0
F98BC0
F978D0
F965E0
F95320
F94080
F92E10
F91BD0
F909B0
F8F7C0
F8E5F0
F8D450
F8C2E0
F8B190
F8A070
F88F80
F87EB0
F86E10
F85D90
F84D50
F83D40
F82D90
F81E20
F80F00
F80020
F7F190
F7E350
F7D550
F7C7A0
F7BA40
F7AD30
F7A060
F793D0
F787A0
F77BB0
F77000
F764C0
F759F0
F74F80
F74570
F73BC0
F73280
F729A0
F72130
F71920
F71170
F70A30
F70350
F6FCD0
F6F6C0
F6F110
F6EBC0
F6E6F0
F6E290
F6DEB0
F6DB40
F6D850
F6D5D0
F6D3C0
F6D230
F6D110
F6D070
F6D040
F6D080
F6D140
F6D270
F6D420
F6D640
F6D8E0
F6DC00
F6DF90
F6E3B0
F6E840
F6ED50
F6F2D0
F6F8E0
F6FF60
F70670
F70DF0
F715E0
F71E60
F72750
F730C0
F73AB0
F74520
F74FF0
F75B40
F76710
F77340
F77FF0
F78D20
F79AB0
F7A8C0
F7B740
F7C640
F7D5B0
F7E590
F7F5F0
F806B0
F81800
F829A0
F83BA0
F84E10
F860E0
F87410
F887A0
F89B90
F8AFF0
F8C4A0
F8D9C0
F8EF40
F90520
F91B70
F93210
F94920
F96080
F97830
F99030
F9A870
F9C0F0
F9D9B0
F9F2C0
FA0C10
FA25B0
FA3F90
FA59B0
FA7420
FA8ED0
FAA9C0
FAC500
FAE080
FAFC40
FB1830
FB3430
FB5060
FB6CB0
FB8930
FBA5C0
FBC280
FBDF50
FBFC50
FC1970
FC36C0
FC5420
FC71B0
FC8F50
FCAD20
FCCB20
FCE910
FD06F0
FD24E0
FD42D0
FD60C0
FD7EA0
FD9C80
FDBA70
FDD850
FDF630
FE1410
FE31F0
FE4FD0
FE6DA0
FE8B80
FEA950
FEC700
FEE490
FF0200
FF1F40
FF3C60
FF5960
FF7630
FF92E0
FFAF70
FFCBE0
FFE820
000440
002040
003C10
0057D0
007350
008EA0
00A9B0
00C480
00DF00
00F950
011360
012D20
0146B0
015FF0
017900
0191C0
01AA40
01C290
01DA90
01F250
0209D0
022100
0237D0
024E60
026480
027A60
028FE0
02A510
02B9F0
02CE70
02E2A0
02F670
030A00
031D30
033000
034290
0354C0
036690
037800
038910
0399D0
03AA30
03BA30
03C9D0
03D910
03E7F0
03F680
0404B0
041270
041FE0
042CF0
0439B0
044600
045200
045DA0
0468E0
0473C0
047E50
048880
049250
049BC0
04A4D0
04AD90
04B5F0
04BDF0
04C5A0
04CCE0
04D3D0
04DA60
04E0A0
04E690
04EC30
04F170
04F670
04FB10
04FF60
050370
050720
050A80
050D90
051040
0512B0
0514C0
051690
051800
051930
051A30
051AE0
051B50
051B80
051B70
051B20
051A90
0519C0
0518A0
051750
0515C0
0513E0
0511D0
050F70
050CE0
050A10
050720
050400
0500B0
04FD40
04F990
04F5C0
04F1C0
04ED90
04E940
04E4B0
04E000
04DB20
04D610
04D0D0
04CB70
04C5F0
04C050
04BAA0
04B4D0
04AEF0
04A8F0
04A2E0
049CB0
049670
049010
048990
048300
047C60
0475A0
046EC0
0467D0
0460D0
0459D0
0452C0
044BA0
044480
043D50
043610
042ED0
042780
042030
0418D0
041170
0409F0
040270
03FAF0
03F360
03EBD0
03E440
03DCB0
03D520
03CD90
03C600
03BE80
03B6F0
03AF60
03A7D0
03A050
0398C0
039140
0389B0
038230
037AA0
037320
036BA0
036420
035CA0
035520
034DA0
034630
033EB0
033740
032FD0
032860
0320F0
031980
031220
030AB0
030350
02FBE0
02F480
02ED10
02E5A0
02DE30
02D6C0
02CF50
02C7E0
02C060
02B8F0
02B170
02A9F0
02A280
029B00
029380
028BF0
028460
027CD0
027520
026D70
0265B0
025DE0
025610
024E30
024640
023E40
023630
022E20
022600
021DD0
0215A0
020D50
020500
01FC80
01F400
01EB50
01E2A0
01D9C0
01D0E0
01C7E0
01BEC0
01B590
01AC40
01A2E0
019970
018FE0
018630
017C70
017290
016880
015E60
015410
0149A0
013F10
013460
012980
011E90
011370
010830
00FCD0
00F140
00E5A0
00D9D0
00CDE0
00C1C0
00B580
00A920
009C80
008FC0
0082D0
0075C0
006880
005B20
004D90
003FD0
0031F0
0023E0
0015A0
000740
FFF8B0
FFEA00
FFDB20
FFCC20
FFBCF0
FFADA0
FF9E20
FF8E70
FF7EB0
FF6EB0
FF5E90
FF4E50
FF3DE0
FF2D50
FF1C90
FF0BB0
FEFAA0
FEE970
FED830
FEC6C0
FEB540
FEA390
FE91D0
FE7FF0
FE6DF0
FE5BD0
FE4990
FE3730
FE24C0
FE1220
FDFF70
FDEC90
FDD9A0
FDC6A0
FDB3A0
FDA080
FD8D70
FD7A50
FD6720
FD53F0
FD40B0
FD2D60
FD1A10
FD06C0
FCF360
FCDFF0
FCCC80
FCB900
FCA570
FC9200
FC7EA0
FC6B50
FC5810
FC44E0
FC31D0
FC1EC0
FC0BD0
FBF8F0
FBE620
FBD360
FBC0C0
FBAE20
FB9BA0
FB8930
FB76C0
FB64A0
FB52A0
FB40E0
FB2F60
FB1E00
FB0CE0
FAFC00
FAEB40
FADAD0
FACA80
FABA70
FAAA90
FA9AE0
FA8B70
FA7C30
FA6D30
FA5E80
FA5020
FA4220
FA3480
FA2720
FA1A30
FA0D90
FA0140
F9F550
F9E9B0
F9DE70
F9D380
F9C8F0
F9BEB0
F9B4D0
F9AB40
F9A230
F99990
F99170
F989C0
F98280
F97BC0
F97580
F96FB0
F96A50
F96570
F96110
F95D20
F959A0
F956A0
F95410
F95200
F95080
F94F80
F94F10
F94F40
F94FF0
F95130
F952F0
F95550
F95830
F95BB0
F95FB0
F96440
F96960
F96F00
F97540
F97C00
F98360
F98B50
F993D0
F99CF0
F9A6A0
F9B0F0
F9BBC0
F9C730
F9D340
F9DFE0
F9ED10
F9FAD0
FA0930
FA1820
FA27B0
FA37C0
FA4870
FA59B0
FA6B70
FA7DC0
FA90A0
FAA410
FAB810
FACC90
FAE1B0
FAF750
FB0D80
FB2440
FB3B90
FB5360
FB6BD0
FB84C0
FB9E30
FBB800
FBD250
FBED10
FC0840
FC23E0
FC4000
FC5C90
FC7980
FC96F0
FCB4D0
FCD330
FCF1F0
FD1130
FD30E0
FD50F0
FD7160
FD9210
FDB310
FDD450
FDF5E0
FE17B0
FE39D0
FE5C30
FE7EE0
FEA1E0
FEC520
FEE8B0
FF0C80
FF30A0
FF5500
FF79B0
FF9E70
FFC340
FFE820
000D10
003210
005720
007C40
00A170
00C6C0
00EC10
011170
0136E0
015C70
018200
01A7A0
01CD60
01F2E0
021840
023D70
026270
028740
02ABE0
02D060
02F4A0
0318C0
033CB0
036070
038400
03A760
03CAA0
03EDB0
041080
0432F0
0454F0
047690
0497B0
04B870
04D8B0
04F890
051800
053700
0555A0
0573C0
059180
05AEC0
05CBA0
05E810
060420
061F70
063A30
065440
066DB0
068680
069EA0
06B620
06CCF0
06E320
06F8B0
070DA0
0721E0
073580
074870
075AD0
076C70
077D50
078D60
079CB0
07AB20
07B8C0
07C590
07D1A0
07DCD0
07E740
07F0D0
07F9A0
0801A0
0808D0
080F30
0814C0
081980
081D60
082060
082270
0823A0
0823F0
082360
0821E0
081F80
081C40
081820
081320
080D30
080660
07FEB0
07F610
07ECA0
07E240
07D700
07CAF0
07BDF0
07B010
07A150
0791B0
078140
076FE0
075DA0
074A80
073680
0721A0
070BE0
06F540
06DDD0
06C580
06AC80
0692B0
067820
065CD0
0640B0
0623D0
060630
05E7C0
05C890
05A8A0
0587F0
056670
054430
052130
04FD60
04D910
04B420
048EB0
0468A0
044200
041AE0
03F320
03CAE0
03A200
0378A0
034EA0
032410
02F900
02CD50
02A120
027450
024740
0219E0
01EC40
01BE50
019010
016180
0132B0
0103A0
00D430
00A480
007490
004450
0013C0
FFE2E0
FFB1C0
FF8050
FF4EF0
FF1D90
FEEC40
FEBAF0
FE89B0
FE5870
FE2740
FDF610
FDC4F0
FD93D0
FD62C0
FD31B0
FD00B0
FCCFB0
FC9EC0
FC6DE0
FC3D50
FC0D20
FBDD40
FBADD0
FB7EB0
FB4FF0
FB2180
FAF380
FAC5D0
FA9880
FA6B80
FA3EF0
FA12B0
F9E6D0
F9BB40
F99020
F965A0
F93BC0
F91290
F8EA10
F8C230
F89B00
F87470
F84E90
F82960
F804D0
F7E0E0
F7BDB0
F79B10
F77930
F757F0
F73750
F717A0
F6F8D0
F6DAF0
F6BDF0
F6A1E0
F686B0
F66C60
F65300
F63A80
F622F0
F60C40
F5F670
F5E190
F5CD90
F5BA70
F5A840
F59720
F58710
F57800
F56A00
F55D10
F55130
F54660
F53C90
F533D0
F52C20
F52580
F51FF0
F51B60
F517E0
F51570
F51410
F513C0
F51490
F51670
F51970
F51D80
F522B0
F528F0
F53040
F538B0
F54240
F54CE0
F558A0
F56570
F57350
F58250
F59270
F5A380
F5B5A0
F5C8D0
F5DCF0
F5F220
F60850
F61F80
F637B0
F650F0
F66B30
F68670
F6A2B0
F6C000
F6DE40
F6FD90
F71DF0
F73F10
F76110
F783E0
F7A790
F7CC00
F7F150
F81780
F83E70
F86640
F88EF0
F8B860
F8E2B0
F90DD0
F939D0
F96690
F99440
F9C260
F9F120
FA2070
FA5050
FA80B0
FAB1B0
FAE330
FB1540
FB47E0
FB7B10
FBAED0
FBE320
FC1800
FC4D60
FC8360
FCB9E0
FCF0A0
FD27A0
FD5ED0
FD9630
FDCDD0
FE05B0
FE3DC0
FE7610
FEAE90
FEE750
FF2050
FF5980
FF92E0
FFCC80
000660
004070
007A60
00B430
00EDD0
012760
0160C0
019A00
01D310
020C10
0244E0
027D90
02B620
02EE90
0326D0
035EF0
0396F0
03CED0
040630
043D10
047380
04A960
04DED0
0513C0
054840
057C30
05AFB0
05E2B0
061540
064740
0678D0
06A9E0
06DA70
070A90
0739E0
076860
079620
07C320
07EF50
081AC0
084560
086F30
089840
08C090
08E810
090ED0
0934C0
0959F0
097E50
09A1F0
09C490
09E630
0A06D0
0A2670
0A4510
0A62B0
0A7F50
0A9AF0
0AB5A0
0ACF40
0AE7F0
0AFF90
0B1640
0B2BE0
0B4090
0B5440
0B66D0
0B7850
0B88A0
0B97F0
0BA610
0BB320
0BBF10
0BC9F0
0BD3B0
0BDC50
0BE3E0
0BEA40
0BEFA0
0BF3D0
0BF6F0
0BF900
0BF9E0
0BF9B0
0BF870
0BF610
0BF290
0BEE00
0BE850
0BE180
0BD9A0
0BD0A0
0BC680
0BBB50
0BAF10
0BA1A0
0B9320
0B8390
0B72F0
0B6160
0B4ED0
0B3B40
0B26C0
0B1130
0AFAB0
0AE330
0ACAB0
0AB130
0A96B0
0A7B40
0A5ED0
0A4160
0A22F0
0A0380
09E350
09C250
09A090
097E00
095AB0
0936A0
0911B0
08EC10
08C590
089E60
087660
084D90
082400
07F9A0
07CE80
07A290
077620
074940
071BD0
06EDE0
06BF70
069080
066110
063120
0600B0
05CFB0
059E40
056C50
0539D0
0506E0
04D360
049F70
046B40
0436F0
040260
03CDB0
0398D0
0363B0
032E70
02F900
02C360
028D90
025790
022160
01EB00
01B470
017DB0
0146D0
011000
00D960
00A2D0
006C70
003630
000020
FFCA20
FF9450
FF5E90
FF2900
FEF390
FEBE40
FE8920
FE5410
FE1F30
FDEA70
FDB620
FD8230
FD4EC0
FD1BB0
FCE910
FCB6E0
FC8520
FC53D0
FC22F0
FBF280
FBC270
FB92D0
FB63B0
FB34F0
FB06A0
FAD8B0
FAAB80
FA7EF0
FA5300
FA27C0
F9FD30
F9D340
F9AA00
F98160
F95970
F93220
F90B80
F8E590
F8C040
F89BA0
F877A0
F85450
F831D0
F81020
F7EF40
F7CF30
F7AFF0
F79180
F773E0
F75710
F73B10
F71FF0
F70590
F6EC00
F6D350
F6BB60
F6A450
F68E00
F678A0
F66420
F65070
F63DB0
F62BD0
F61AD0
F60AB0
F5FB70
F5ED20
F5DFA0
F5D300
F5C750
F5BC70
F5B280
F5A970
F5A130
F599E0
F59360
F58DC0
F588F0
F58500
F581F0
F57FC0
F57E60
F57DE0
F57E30
F57F60
F58170
F58460
F58820
F58CC0
F59230
F59870
F59F60
F5A710
F5AF90
F5B8C0
F5C2B0
F5CD60
F5D8D0
F5E4F0
F5F1E0
F5FF90
F60DF0
F61D20
F62D00
F63DA0
F64F10
F66100
F67380
F686A0
F69A40
F6AE80
F6C340
F6D8A0
F6EE90
F70510
F71C20
F733C0
F74BF0
F764B0
F77E10
F797F0
F7B270
F7CD40
F7E870
F803F0
F81FD0
F83C10
F858B0
F875A0
F892F0
F8B090
F8CEA0
F8ED00
F90BB0
F92AC0
F94A30
F96A00
F98A20
F9AA60
F9CAC0
F9EB40
FA0BE0
FA2CA0
FA4D80
FA6E70
FA8F90
FAB0D0
FAD220
FAF390
FB1520
FB36E0
FB58B0
FB7AA0
FB9CA0
FBBEA0
FBE070
FC0230
FC23E0
FC4570
FC66E0
FC8840
FCA980
FCCAA0
FCEBB0
FD0CA0
FD2D80
FD4E40
FD6EE0
FD8F70
FDAFE0
FDD010
FDEFE0
FE0F70
FE2EC0
FE4DB0
FE6C60
FE8AD0
FEA8E0
FEC6B0
FEE430
FF0160
FF1E50
FF3AF0
FF5740
FF7350
FF8F10
FFAA60
FFC540
FFDFB0
FFF9B0
001340
002C60
004510
005D50
007520
008C80
00A380
00BA00
00D010
00E5B0
00FAF0
010FB0
0123F0
0137B0
014AE0
015D90
016FC0
018170
019290
01A320
01B340
01C2D0
01D1E0
01E060
01EE60
01FBE0
0208D0
021550
022130
022C90
023760
0241B0
024B70
0254A0
025D50
026570
026D10
027420
027AA0
0280A0
028610
028B00
028F50
029330
029680
029950
029BB0
029D80
029EE0
029FB0
02A010
029FF0
029F40
029E20
029C80
029A60
0297C0
0294A0
029100
028CE0
028860
028370
027E10
027850
027220
026B90
026490
025D30
025560
024D30
024490
023B80
023210
022830
021DF0
021340
020850
01FD10
01F180
01E5C0
01D9A0
01CD40
01C0A0
01B3A0
01A670
0198F0
018B20
017D10
016EB0
016010
015120
0141F0
013290
012320
011380
0103B0
00F3D0
00E3C0
00D3A0
00C340
00B2D0
00A240
009180
0080A0
006FA0
005E80
004D30
003BC0
002A60
0018F0
000790
FFF630
FFE4D0
FFD380
FFC230
FFB0E0
FF9F90
FF8E40
FF7D00
FF6BC0
FF5A80
FF4950
FF3810
FF26E0
FF15D0
FF04F0
FEF430
FEE390
FED320
FEC2E0
FEB2B0
FEA2C0
FE92E0
FE8330
FE73B0
FE6450
FE5510
FE4600
FE3710
FE2840
FE19C0
FE0B80
FDFD90
FDEFD0
FDE260
FDD530
FDC850
FDBBA0
FDAF40
FDA330
FD9750
FD8BC0
FD8070
FD7560
FD6AA0
FD6020
FD55F0
FD4C20
FD42B0
FD3990
FD30C0
FD2860
FD2040
FD1880
FD1120
FD0A20
FD0360
FCFD10
FCF710
FCF160
FCEC10
FCE720
FCE280
FCDE50
FCDA80
FCD720
FCD410
FCD160
FCCF20
FCCD40
FCCBC0
FCCAA0
FCC9E0
FCC990
FCC990
FCCA00
FCCAD0
FCCC00
FCCD90
FCCF90
FCD1E0
FCD4A0
FCD7C0
FCDB50
FCDF30
FCE380
FCE830
FCED40
FCF2B0
FCF880
FCFEC0
FD0560
FD0C60
FD13C0
FD1B80
FD2390
FD2C00
FD34D0
FD3DE0
FD4760
FD5130
FD5B60
FD65E0
FD70B0
FD7BE0
FD8770
FD9350
FD9F90
FDAC30
FDB910
FDC650
FDD3C0
FDE180
FDEF80
FDFDC0
FE0C50
FE1B20
FE2A30
FE3990
FE4930
FE5910
FE6940
FE79B0
FE8A60
FE9B50
FEAC90
FEBDF0
FECF80
FEE130
FEF310
FF0520
FF1750
FF29B0
FF3C30
FF4EE0
FF61B0
FF74B0
FF87D0
FF9B20
FFAEA0
FFC240
FFD610
FFE9E0
FFFDC0
0011A0
002590
003990
004D90
006190
0075B0
0089C0
009DF0
00B220
00C650
00DA90
00EEE0
010330
011780
012BC0
013FF0
015400
0167F0
017BD0
018F90
01A340
01B6C0
01CA40
01DDA0
01F0E0
020400
021710
022A10
023CE0
024FB0
026230
027480
028690
029860
02A9F0
02BB50
02CC60
02DD40
02EDF0
02FE50
030E80
031E70
032E20
033D90
034CD0
035BD0
036A70
0378C0
0386A0
039430
03A170
03AE50
03BAC0
03C6F0
03D2B0
03DE20
03E930
03F3F0
03FE50
040850
0411F0
041B40
042410
042C70
043460
043BD0
0442D0
044960
044F70
045510
045A40
045EF0
046330
046700
046A50
046D30
046F90
047190
047300
0473E0
047440
047420
047370
047240
047090
046E50
046B90
046850
046480
046030
045B50
0455F0
045010
0449A0
0442B0
043B20
043310
042A70
042150
041790
040D50
040280
03F720
03EB40
03DEC0
03D1C0
03C430
03B610
03A770
039830
038880
037830
036770
035620
034450
0331F0
031F10
030BA0
02F7C0
02E340
02CE50
02B8D0
02A2C0
028C30
027520
025D90
024580
022D00
021400
01FAA0
01E0C0
01C670
01ABA0
019060
0174B0
015890
013BF0
011EE0
010160
00E370
00C500
00A620
0086F0
006760
004780
002740
0006B0
FFE5D0
FFC490
FFA300
FF8120
FF5EE0
FF3C40
FF1960
FEF620
FED280
FEAEA0
FE8A50
FE65E0
FE4150
FE1C80
FDF790
FDD270
FDAD30
FD87B0
FD6210
FD3C40
FD1640
FCF020
FCC9D0
FCA350
FC7CA0
FC55D0
FC2EC0
FC07D0
FBE0D0
FBB9E0
FB92F0
FB6C10
FB4520
FB1E50
FAF770
FAD0A0
FAA9D0
FA8310
FA5C50
FA3590
FA0ED0
F9E820
F9C180
F99B10
F974D0
F94EE0
F92920
F903A0
F8DE60
F8B960
F89490
F87000
F84BB0
F827A0
F803C0
F7E030
F7BCD0
F799A0
F776C0
F75440
F73240
F710B0
F6EF90
F6CEE0
F6AEA0
F68ED0
F66F70
F65080
F63210
F61400
F5F670
F5D950
F5BCA0
F5A050
F58480
F56960
F54ED0
F534F0
F51BA0
F50300
F4EB00
F4D3B0
F4BCF0
F4A6E0
F49170
F47CA0
F46870
F454E0
F44200
F42FC0
F41E10
F40D40
F3FD30
F3EDF0
F3DF70
F3D1B0
F3C4C0
F3B8A0
F3AD40
F3A2B0
F398E0
F38FE0
F387B0
F38040
F37990
F373B0
F36EA0
F36A60
F36710
F364A0
F36310
F36250
F36280
F36390
F36580
F36850
F36C10
F370A0
F37610
F37C60
F383A0
F38BB0
F394B0
F39E90
F3A950
F3B4F0
F3C180
F3CF00
F3DD60
F3ECA0
F3FCC0
F40DD0
F41FC0
F432A0
F44660
F45B00
F47090
F48700
F49E50
F4B680
F4CF80
F4E960
F50410
F51F90
F53BF0
F55930
F57730
F59610
F5B5D0
F5D660
F5F7C0
F61A00
F63D10
F660F0
F685B0
F6AB20
F6D140
F6F810
F71FA0
F747E0
F770C0
F79A60
F7C4B0
F7EFC0
F81B70
F847E0
F874F0
F8A2C0
F8D140
F90070
F93060
F960C0
F991A0
F9C2F0
F9F4C0
FA2720
FA59E0
FA8D30
FAC0F0
FAF540
FB29F0
FB5F30
FB94F0
FBCB20
FC01D0
FC38F0
FC70A0
FCA880
FCE090
FD18E0
FD5170
FD8A30
FDC320
FDFC50
FE35C0
FE6F60
FEA930
FEE340
FF1D90
FF5810
FF92D0
FFCDC0
0008E0
004400
007F00
00B9E0
00F4B0
012F70
016A20
01A4B0
01DF30
021990
0253E0
028E20
02C840
030250
033C50
037640
03B010
03E970
042280
045B20
049360
04CB40
0502B0
0539D0
057080
05A6C0
05DCB0
061230
064750
067C10
06B070
06E460
0717F0
074AD0
077D10
07AE90
07DF70
080FA0
083F20
086E00
089C20
08C9A0
08F670
092290
094E10
0978D0
09A2F0
09CC60
09F520
0A1D00
0A43F0
0A69F0
0A8F20
0AB350
0AD6A0
0AF910
0B1A90
0B3B30
0B5AE0
0B79A0
0B9780
0BB480
0BD090
0BEBB0
0C0600
0C1F30
0C3750
0C4E50
0C6450
0C7940
0C8D20
0C9FF0
0CB1B0
0CC250
0CD1F0
0CE080
0CEDF0
0CFA60
0D05B0
0D1000
0D1930
0D2150
0D2840
0D2E10
0D32C0
0D3650
0D38C0
0D3A10
0D3A30
0D3940
0D3720
0D33F0
0D2F90
0D2A10
0D2380
0D1BC0
0D12D0
0D08E0
0CFDD0
0CF1A0
0CE460
0CD600
0CC680
0CB600
0CA450
0C9190
0C7DB0
0C68C0
0C52B0
0C3B90
0C2350
0C0A00
0BEF90
0BD430
0BB7D0
0B9A70
0B7C20
0B5CE0
0B3CA0
0B1B70
0AF940
0AD620
0AB200
0A8CF0
0A66E0
0A3FE0
0A17E0
09EEF0
09C500
099A50
096EE0
0942B0
0915C0
08E810
08B9A0
088A60
085A60
0829B0
07F830
07C5F0
0792F0
075F30
072AA0
06F560
06BF50
0688D0
0651D0
061A50
05E250
05A9E0
0570F0
053780
04FD90
04C320
048840
044CE0
041100
03D4B0
0397D0
035A80
031CB0
02DEB0
02A080
026230
0223A0
01E4F0
01A600
0166F0
0127B0
00E840
00A8A0
0068D0
0028D0
FFE8A0
FFA850
FF67C0
FF2710
FEE670
FEA600
FE65B0
FE2570
FDE560
FDA570
FD65A0
FD25E0
FCE650
FCA6E0
FC6790
FC2860
FBE950
FBAA60
FB6B90
FB2CE0
FAEE90
FAB0B0
FA7340
FA3620
F9F970
F9BD20
F98140
F945C0
F90AB0
F8D000
F895B0
F85BD0
F82250
F7E930
F7B080
F77830
F74080
F70970
F6D300
F69D30
F66800
F63370
F5FF70
F5CC20
F59970
F56750
F535E0
F50500
F4D4C0
F4A520
F47620
F447D0
F41A30
F3ED50
F3C140
F395F0
F36B60
F341A0
F31890
F2F050
F2C8D0
F2A220
F27C20
F256F0
F23280
F20EE0
F1EBF0
F1C9D0
F1A880
F18800
F16860
F14980
F12B80
F10E60
F0F200
F0D680
F0BBD0
F0A200
F088F0
F070C0
F05960
F042D0
F02D20
F01840
F00430
EFF0E0
EFDE70
EFCCC0
EFBBF0
EFABE0
EF9CA0
EF8E30
EF8090
EF73B0
EF67B0
EF5C70
EF5210
EF4870
EF3FA0
EF37A0
EF3050
EF29C0
EF23E0
EF1EC0
EF1A40
EF1690
EF1380
EF1130
EF0F90
EF0EB0
EF0E80
EF0F00
EF1040
EF1230
EF14E0
EF1830
EF1C20
EF20A0
EF25B0
EF2B50
EF3180
EF3840
EF3F80
EF4760
EF4FD0
EF58D0
EF6260
EF6C80
EF7730
EF8270
EF8E40
EF9AA0
EFA760
EFB480
EFC210
EFCFF0
EFDE40
EFECF0
EFFC00
F00B70
F01B40
F02B80
F03C10
F04D10
F05E60
F07020
F08240
F094D0
F0A780
F0BA70
F0CD90
F0E0E0
F0F470
F10830
F11C20
F13050
F144B0
F15940
F16E00
F18300
F19830
F1AD90
F1C330
F1D900
F1EEE0
F204C0
F21AB0
F230B0
F246B0
F25CC0
F272E0
F28900
F29F30
F2B570
F2CBB0
F2E210
F2F860
F30ED0
F32540
F33BC0
F35230
F36880
F37ED0
F39500
F3AB20
F3C130
F3D730
F3ED20
F40300
F418C0
F42E80
F44420
F459B0
F46F30
F484A0
F49A00
F4AF30
F4C450
F4D940
F4EE00
F502B0
F51730
F52B90
F53FD0
F553E0
F567E0
F57BB0
F58F50
F5A2E0
F5B640
F5C980
F5DCA0
F5EF90
F60260
F61510
F627A0
F63A00
F64C40
F65E50
F67040
F68210
F693C0
F6A540
F6B6A0
F6C7D0
F6D8F0
F6E9E0
F6FAA0
F70B50
F71BE0
F72C60
F73CC0
F74CF0
F75D20
F76D20
F77D10
F78CE0
F79C90
F7AC30
F7BBB0
F7CB10
F7DA50
F7E980
F7F890
F80790
F81690
F82590
F83480
F84370
F85250
F86130
F87000
F87EC0
F88D90
F89C50
F8AB00
F8B9B0
F8C850
F8D6F0
F8E590
F8F430
F902F0
F911B0
F92090
F92F70
F93E70
F94D70
F95C80
F96BB0
F97AE0
F98A30
F99980
F9A8F0
F9B860
F9C7E0
F9D780
F9E730
F9F710
FA0710
FA1740
FA2790
FA3800
FA4890
FA5940
FA6A20
FA7B20
FA8C50
FA9D90
FAAF00
FAC090
FAD250
FAE420
FAF630
FB0870
FB1AE0
FB2D80
FB4060
FB5360
FB66A0
FB7A00
FB8DA0
FBA170
FBB570
FBC9B0
FBDE10
FBF2B0
FC0770
FC1C70
FC31A0
FC4700
FC5C90
FC7260
FC8850
FC9E80
FCB4E0
FCCB70
FCE240
FCF930
FD1060
FD27C0
FD3F50
FD5710
FD6F00
FD8730
FD9F80
FDB7F0
FDD090
FDE960
FE0240
FE1B60
FE34A0
FE4E00
FE6780
FE8140
FE9B10
FEB510
FECF40
FEE990
FF0400
FF1EA0
FF3940
FF53F0
FF6EB0
FF8970
FFA440
FFBF20
FFDA00
FFF4E0
000FE0
002AE0
0045E0
0060F0
007C10
009730
00B260
00CD90
00E8B0
0103B0
011E80
013950
0153F0
016E70
0188E0
01A320
01BD50
01D760
01F160
020B30
0224E0
023E80
025800
027160
028A70
02A330
02BBB0
02D3D0
02EBB0
030340
031A80
033170
034810
035E60
037460
038A20
039F80
03B4A0
03C970
03DDF0
03F1F0
040570
041880
042B00
043D10
044EA0
045FB0
047040
048060
048FF0
049F10
04ADA0
04BBC0
04C960
04D680
04E330
04EF20
04FA80
050520
050F20
051880
052130
052930
053090
053740
053D50
0542B0
054770
054B80
054EE0
0551A0
0553B0
055500
055590
055550
055440
055280
054FF0
054C90
054870
054390
053DE0
053770
053030
052830
051F70
0515E0
050B90
050070
04F470
04E7B0
04DA20
04CBB0
04BC80
04AC80
049BA0
048A00
047780
046440
045020
043B30
042580
040EF0
03F790
03DF70
03C690
03ACE0
039270
037740
035B50
033E90
032110
0302D0
02E3D0
02C400
02A370
028220
026000
023D30
021980
01F540
01D070
01AAF0
0184D0
015E20
0136C0
010ED0
00E630
00BD00
009330
0068C0
003DB0
001200
FFE5B0
FFB8C0
FF8B40
FF5D50
FF2F00
FF0040
FED120
FEA1A0
FE71C0
FE4180
FE10D0
FDDFC0
FDAE40
FD7C70
FD4A30
FD1780
FCE480
FCB110
FC7D40
FC4950
FC1560
FBE140
FBAD10
FB78D0
FB4480
FB1000
FADB80
FAA6E0
FA7230
FA3D60
FA0880
F9D380
F99E70
F96940
F93410
F8FF10
F8CA40
F895C0
F86180
F82D70
F7F9B0
F7C620
F792E0
F75FD0
F72D00
F6FA70
F6C820
F69610
F66440
F632B0
F60150
F5D090
F5A070
F570E0
F541E0
F51370
F4E5B0
F4B870
F48BD0
F45FC0
F43450
F40970
F3DF20
F3B570
F38C50
F363D0
F33BE0
F314D0
F2EEB0
F2C970
F2A510
F28190
F25F00
F23D50
F21C80
F1FC90
F1DD90
F1BF70
F1A230
F185D0
F16A60
F14FD0
F13620
F11D90
F10630
F0EFE0
F0DAB0
F0C6A0
F0B3C0
F0A1F0
F09140
F081B0
F07350
F06600
F059E0
F04ED0
F044E0
F03C20
F03470
F02E10
F028F0
F02510
F02270
F02110
F02100
F02220
F02490
F02840
F02D30
F03370
F03AE0
F043A0
F04DA0
F058E0
F06560
F07330
F08240
F09290
F0A430
F0B710
F0CB30
F0E0A0
F0F760
F10F50
F12890
F14320
F15EE0
F17BF0
F19A50
F1B9F0
F1DAD0
F1FCE0
F22010
F24480
F26A00
F290C0
F2B890
F2E1A0
F30BD0
F33730
F363B0
F39160
F3C040
F3F040
F42170
F453C0
F48740
F4BBB0
F4F110
F52750
F55E90
F596B0
F5CFD0
F609D0
F644C0
F680A0
F6BD70
F6FB30
F739E0
F77970
F7BA00
F7FB70
F83DE0
F880E0
F8C470
F908B0
F94D80
F992F0
F9D8F0
FA1F90
FA66D0
FAAEB0
FAF720
FB4030
FB89D0
FBD420
FC1F00
FC6A70
FCB690
FD02D0
FD4F60
FD9C10
FDE900
FE3620
FE8380
FED110
FF1EE0
FF6CE0
FFBB10
000980
005820
00A6F0
00F600
014540
0194C0
01E400
023310
0281F0
02D0A0
031F10
036D50
03BB50
040930
0456D0
04A440
04F170
053E70
058B40
05D7E0
062440
067080
06BC10
070710
075170
079B30
07E460
082CF0
0874E0
08BC30
0902F0
094910
098EA0
09D390
0A17E0
0A5B90
0A9EB0
0AE120
0B22B0
0B6350
0BA2F0
0BE1A0
0C1F60
0C5C30
0C9810
0CD2F0
0D0CE0
0D45F0
0D7DF0
0DB510
0DEB40
0E2070
0E54B0
0E8800
0EBA20
0EEB00
0F1AC0
0F4940
0F76A0
0FA2C0
0FCDB0
0FF770
101FF0
104750
106D80
109270
10B630
10D8C0
10FA20
111A50
113920
1156B0
1172E0
118DC0
11A750
11BF80
11D660
11EBF0
120030
121310
1224B0
1234F0
1243D0
125170
125DB0
1268B0
127240
127A90
128180
128730
128B70
128E70
129010
129060
128F60
128D10
128960
128460
127E10
127670
126D70
126320
1257A0
124AE0
123CF0
122DD0
121D80
120BF0
11F930
11E540
11D020
11B9C0
11A230
118960
116F70
115440
1137D0
111A40
10FBB0
10DC20
10BBA0
109A20
1077B0
105450
102FE0
100A90
0FE440
0FBCF0
0F94B0
0F6B70
0F4140
0F1610
0EE9F0
0EBCD0
0E8F10
0E60A0
0E3190
0E01E0
0DD180
0DA080
0D6EE0
0D3C90
0D0990
0CD5F0
0CA1B0
0C6CD0
0C3740
0C0100
0BCA30
0B92A0
0B5AE0
0B22C0
0AEA60
0AB1C0
0A78D0
0A3F90
0A0610
09CC40
099220
0957C0
091D20
08E220
08A6F0
086B60
082F90
07F380
07B780
077B90
073FC0
070400
06C850
068CC0
065150
0615F0
05DAA0
059F70
056450
052940
04EE50
04B380
0478B0
043E10
0403D0
03CA00
039090
0357A0
031F10
02E700
02AF50
027810
024130
020AD0
01D4E0
019F50
016A30
013580
010140
00CD60
009A40
0067D0
003620
000520
FFD4D0
FFA530
FF7650
FF4820
FF1AB0
FEEDE0
FEC1D0
FE9680
FE6BD0
FE41E0
FE18A0
FDF020
FDC870
FDA1B0
FD7BE0
FD56E0
FD32D0
FD0FA0
FCED50
FCCBE0
FCAB60
FC8BC0
FC6D00
FC4F30
FC3230
FC1620
FBFAF0
FBE0B0
FBC760
FBAF00
FB97A0
FB8140
FB6BD0
FB5760
FB43F0
FB3170
FB1FE0
FB0F50
FAFFC0
FAF130
FAE390
FAD6E0
FACB30
FAC080
FAB6C0
FAADF0
FAA610
FA9F20
FA9920
FA9420
FA9000
FA8CE0
FA8AB0
FA8970
FA8920
FA89D0
FA8B60
FA8DF0
FA9170
FA95D0
FA9B10
FAA130
FAA810
FAAFC0
FAB850
FAC1B0
FACBD0
FAD6D0
FAE2B0
FAEF50
FAFCC0
FB0B10
FB1A30
FB2A10
FB3AD0
FB4C70
FB5EA0
FB7170
FB84E0
FB98F0
FBAD90
FBC2E0
FBD8D0
FBEF60
FC0680
FC1E50
FC36C0
FC4FC0
FC6970
FC83B0
FC9E90
FCBA20
FCD600
FCF240
FD0EE0
FD2BE0
FD4940
FD66F0
FD8510
FDA390
FDC260
FDE190
FE0130
FE2120
FE4170
FE6220
FE8330
FEA490
FEC620
FEE7C0
FF0980
FF2B50
FF4D40
FF6F50
FF9170
FFB3B0
FFD610
FFF880
001B10
003DC0
006090
008370
00A660
00C980
00EC70
010F30
0131D0
015450
0176A0
0198D0
01BAD0
01DCB0
01FE60
021FF0
024150
026290
0283B0
02A4A0
02C560
02E610
030650
032630
0345C0
0364F0
0383C0
03A230
03C050
03DE00
03FB60
041860
043500
045140
046D30
0488B0
04A3E0
04BEB0
04D900
04F2C0
050C00
0524C0
053CF0
0554A0
056BD0
058280
0598A0
05AE40
05C350
05D7E0
05EBF0
05FF80
061280
062510
0636F0
064840
065900
066930
0678C0
0687B0
069620
06A3E0
06B120
06BDC0
06C9C0
06D540
06E010
06EA60
06F410
06FD20
0705B0
070D90
0714F0
071BB0
0721E0
072780
072C80
073100
0734D0
073820
073AD0
073CF0
073E70
073F60
073FC0
073F90
073ED0
073DA0
073BE0
0739A0
0736F0
0733B0
072FF0
072BB0
0726F0
0721B0
071BE0
0715A0
070EE0
070790
06FFD0
06F780
06EEE0
06E5D0
06DC70
06D2B0
06C890
06BE10
06B330
06A7F0
069C50
069050
0683F0
067740
066A20
065CB0
064EE0
0640A0
063240
0623B0
0614E0
0605E0
05F6B0
05E750
05D7C0
05C800
05B810
05A7E0
059790
058700
057640
056550
055430
0542E0
053190
052030
050EE0
04FD80
04EC30
04DAD0
04C970
04B820
04A6C0
049560
048400
0472A0
046130
044FD0
043E70
042D00
041BD0
040AC0
03F9D0
03E920
03D890
03C820
03B7F0
03A7E0
039800
038850
0378C0
036960
035A30
034B20
033C40
032D90
031F30
031120
030360
02F5F0
02E8D0
02DC00
02CF80
02C350
02B770
02ABE0
02A0A0
0295C0
028B20
0280D0
0276E0
026D30
0263F0
025B20
0252B0
024AA0
024300
023BD0
023500
022EA0
0228A0
022310
021DF0
021930
0214D0
0210E0
020D50
020A40
020790
020550
020390
020240
020160
0200F0
0200F0
020170
020250
0203B0
020580
0207D0
020A80
020DB0
021150
021560
0219D0
021EC0
022410
0229D0
023000
0236A0
023DB0
024520
024D00
025550
025E10
026740
0270D0
027AD0
028540
029020
029B50
02A6E0
02B2D0
02BF10
02CBA0
02D8A0
02E5E0
02F390
030190
030FE0
031E90
032DA0
033D00
034CC0
035CE0
036D50
037DF0
038ED0
039FF0
03B150
03C2E0
03D4B0
03E6B0
03F8F0
040B70
041E20
043110
044440
0457A0
046B40
047F10
049320
04A740
04BB80
04CFD0
04E430
04F8A0
050D20
0521C0
053670
054B30
056000
0574F0
0589E0
059EF0
05B420
05C950
05DEA0
05F3D0
0608F0
061E00
063300
0647F0
065CC0
067180
068630
069AC0
06AF40
06C3B0
06D810
06EC60
070090
0714B0
0728C0
073C90
075030
076390
0776B0
0789A0
079C50
07AEC0
07C100
07D300
07E4D0
07F660
0807C0
0818D0
0829B0
083A60
084AD0
085AE0
086AA0
087A10
088920
0897D0
08A630
08B440
08C1F0
08CF40
08DC40
08E8F0
08F540
090140
090CE0
091820
092320
092DA0
0937B0
094160
094AA0
095370
095BE0
0963E0
096B60
097290
097940
097F80
098560
098AD0
098FD0
099470
099890
099C50
099F90
09A260
09A4B0
09A690
09A800
09A900
09A980
09A990
09A930
09A860
09A710
09A550
09A320
09A070
099D50
0999C0
0995C0
099150
098C70
098720
098160
097B30
097480
096D70
0965F0
095DF0
095590
094CB0
094370
0939B0
092F90
092500
091A10
090ED0
090320
08F710
08EAA0
08DDD0
08D0A0
08C310
08B520
08A6C0
089810
088900
087990
0869B0
085980
084900
083830
082730
0815D0
080430
07F250
07E020
07CDB0
07BAF0
07A7E0
079490
078100
076D20
075900
074490
072FE0
071B00
0705F0
06F0C0
06DB60
06C5E0
06B030
069A50
068450
066E20
0657D0
064150
062AA0
0613D0
05FCD0
05E5A0
05CE50
05B6F0
059F90
058820
0570B0
055930
0541A0
052A10
051270
04FAD0
04E320
04CB70
04B3B0
049BF0
048420
046C40
045460
043C90
0424E0
040D40
03F5B0
03DE40
03C6F0
03AFA0
039870
038160
036A60
035370
033CA0
0325E0
030F30
02F8A0
02E220
02CBD0
02B5C0
029FE0
028A20
0274A0
025F50
024A30
023540
022080
020C00
01F7A0
01E380
01CF90
01BBD0
01A830
0194E0
0181C0
016EF0
015C60
014A10
013810
012640
0114D0
010390
00F2A0
00E1F0
00D190
00C170
00B190
00A1F0
0092A0
008390
0074D0
006660
005840
004A70
003D00
002FD0
0022F0
001660
000A20
FFFE40
FFF2A0
FFE750
FFDC50
FFD1B0
FFC750
FFBD40
FFB390
FFAA20
FFA110
FF9850
FF8FE0
FF87C0
FF8000
FF7880
FF7160
FF6A90
FF6410
FF5DE0
FF5810
FF5280
FF4D50
FF4870
FF43E0
FF3F90
FF3B90
FF37E0
FF3480
FF3170
FF2EA0
FF2C20
FF29F0
FF2810
FF2680
FF2530
FF2430
FF2380
FF2320
FF2310
FF2330
FF23A0
FF2440
FF2530
FF2660
FF27C0
FF2970
FF2B50
FF2D80
FF2FE0
FF3290
FF3570
FF38A0
FF3C00
FF3FB0
FF4390
FF47B0
FF4BF0
FF5060
FF5500
FF59D0
FF5ED0
FF6400
FF6960
FF6EF0
FF74A0
FF7A90
FF80A0
FF86E0
FF8D50
FF93F0
FF9AC0
FFA1B0
FFA8C0
FFAFE0
FFB720
FFBE80
FFC5F0
FFCD80
FFD530
FFDD00
FFE4E0
FFECE0
FFF500
FFFD30
000590
000E00
001680
001F20
0027C0
003060
003910
0041C0
004A80
005350
005C20
006500
006DE0
0076D0
007FC0
0088C0
0091D0
009AE0
00A3F0
00AD00
00B610
00BF10
00C810
00D110
00DA00
00E2E0
00EBC0
00F4A0
00FD70
010640
010F10
0117C0
012080
012930
0131E0
013A70
014300
014B70
0153D0
015C10
016450
016C70
017480
017C80
018470
018C40
019410
019BC0
01A360
01AAE0
01B260
01B9C0
01C100
01C830
01CF40
01D630
01DD10
01E3D0
01EA80
01F110
01F780
01FDE0
020420
020A40
021050
021650
021C20
0221E0
022780
022D10
023280
0237C0
023D00
024210
024710
024BE0
0250B0
025550
0259D0
025E40
026290
0266D0
026AE0
026EE0
0272D0
027690
027A40
027DE0
028150
0284C0
028800
028B30
028E40
029140
029420
0296E0
029990
029C20
029EA0
02A100
02A350
02A580
02A7A0
02A9B0
02ABB0
02AD90
02AF60
02B110
02B2B0
02B440
02B5C0
02B720
02B870
02B9A0
02BAD0
02BBE0
02BCE0
02BDD0
02BEC0
02BF90
02C050
02C110
02C1B0
02C240
02C2D0
02C340
02C3B0
02C400
02C450
02C480
02C4B0
02C4D0
02C4E0
02C4F0
02C4F0
02C4E0
02C4D0
02C4C0
02C490
02C460
02C430
02C3E0
02C3A0
02C340
02C2E0
02C280
02C200
02C190
02C110
02C080
02BFF0
02BF60
02BEC0
02BE20
02BD70
02BCC0
02BC10
02BB50
02BA80
02B9C0
02B8F0
02B810
02B730
02B650
02B560
02B470
02B370
02B270
02B170
02B070
02AF60
02AE40
02AD30
02AC10
02AAE0
02A9C0
02A880
02A750
02A610
02A4D0
02A380
02A220
02A0C0
029F50
029DE0
029C60
029AD0
029940
0297B0
029600
029450
0292A0
0290E0
028F20
028D40
028B60
028970
028780
028570
028350
028120
027EF0
027CA0
027A50
0277E0
027570
0272F0
027060
026DC0
026B10
026850
026580
026290
025F90
025C70
025940
0255F0
025290
024F20
024B90
0247E0
024430
024050
023C60
023860
023450
023010
022BC0
022750
0222C0
021E10
021940
021450
020F40
020A10
0204C0
01FF50
01F9D0
01F420
01EE50
01E860
01E250
01DC30
01D5D0
01CF60
01C8C0
01C1F0
01BB00
01B3E0
01ACA0
01A530
019DA0
0195F0
018E10
018600
017DE0
017580
016D00
016460
015B90
015290
014960
014010
013680
012CD0
0122F0
0118F0
010EB0
010450
00F9C0
00EF10
00E420
00D910
00CDD0
00C260
00B6C0
00AB00
009F10
0092F0
0086A0
007A20
006D80
0060B0
0053B0
004680
003930
002BA0
001DF0
001010
000200
FFF3D0
FFE570
FFD6E0
FFC830
FFB960
FFAA50
FF9B30
FF8BE0
FF7C60
FF6CC0
FF5D00
FF4D10
FF3CF0
FF2CB0
FF1C50
FF0BC0
FEFB00
FEEA30
FED940
FEC830
FEB700
FEA5C0
FE9450
FE82D0
FE7130
FE5F70
FE4DA0
FE3BA0
FE2990
FE1760
FE0510
FDF2A0
FDE020
FDCD80
FDBAE0
FDA830
FD9570
FD82B0
FD6FD0
FD5CF0
FD4A00
FD3700
FD23F0
FD10D0
FCFDB0
FCEA70
FCD730
FCC3E0
FCB080
FC9D30
FC89E0
FC7690
FC6350
FC5010
FC3CE0
FC29C0
FC1690
FC0380
FBF060
FBDD50
FBCA50
FBB750
FBA450
FB9160
FB7E80
FB6BB0
FB5900
FB4670
FB33F0
FB21A0
FB0F60
FAFD40
FAEB40
FAD960
FAC7A0
FAB5F0
FAA470
FA9300
FA81B0
FA7080
FA5F60
FA4E80
FA3DD0
FA2D50
FA1D10
FA0D00
F9FD20
F9ED70
F9DDF0
F9CEB0
F9BF90
F9B0B0
F9A210
F99390
F98550
F97730
F96960
F95BC0
F94E70
F94160
F934A0
F92820
F91BE0
F90FF0
F90440
F8F8D0
F8EDB0
F8E2D0
F8D840
F8CDF0
F8C3F0
F8BA20
F8B0B0
F8A780
F89EB0
F89630
F88E00
F88620
F87EA0
F87770
F87090
F86A10
F863D0
F85DF0
F85860
F85330
F84E40
F849B0
F84580
F84190
F83E10
F83AE0
F83810
F83590
F83370
F831B0
F83040
F82F30
F82E80
F82E20
F82E20
F82E70
F82F20
F83030
F831A0
F83360
F83570
F837E0
F83AA0
F83DC0
F84130
F84500
F84920
F84DA0
F85270
F85790
F85D20
F862F0
F86920
F86FB0
F87680
F87DB0
F88530
F88CF0
F89500
F89D50
F8A600
F8AEF0
F8B830
F8C1B0
F8CB90
F8D5B0
F8E020
F8EAE0
F8F5E0
F90130
F90CD0
F918A0
F924B0
F930F0
F93D70
F94A20
F95710
F96430
F97190
F97F20
F98CE0
F99AE0
F9A920
F9B790
F9C630
F9D510
F9E420
F9F350
FA02A0
FA1210
FA21A0
FA3140
FA4100
FA50E0
FA60E0
FA7100
FA8130
FA9180
FAA200
FAB290
FAC330
FAD400
FAE4E0
FAF5C0
FB06B0
FB1780
FB2860
FB3940
FB4A10
FB5AF0
FB6BC0
FB7C90
FB8D60
FB9E30
FBAEF0
FBBFC0
FBD080
FBE140
FBF210
FC02A0
FC1320
FC2380
FC33C0
FC43D0
FC53C0
FC63A0
FC7350
FC82E0
FC9240
FCA190
FCB0C0
FCBFC0
FCCEB0
FCDD70
FCEC10
FCFA70
FD08A0
FD1680
FD2420
FD3190
FD3EB0
FD4BA0
FD5840
FD64B0
FD70E0
FD7CD0
FD8880
FD93F0
FD9F20
FDAA10
FDB4C0
FDBF20
FDC920
FDD2D0
FDDC30
FDE530
FDEDE0
FDF640
FDFE40
FE05F0
FE0D50
FE1450
FE1AF0
FE2150
FE2750
FE2CF0
FE3250
FE3740
FE3BC0
FE3FF0
FE43B0
FE4710
FE4A10
FE4CA0
FE4EE0
FE50B0
FE5210
FE5320
FE53C0
FE5400
FE53E0
FE5350
FE5270
FE5110
FE4F60
FE4D40
FE4AB0
FE47C0
FE4460
FE40A0
FE3C80
FE37F0
FE32F0
FE2D90
FE27D0
FE21A0
FE1B00
FE1410
FE0CA0
FE04E0
FDFCC0
FDF440
FDEB60
FDE220
FDD880
FDCE80
FDC420
FDB970
FDAE50
FDA2E0
FD9700
FD8AD0
FD7E30
FD7140
FD63F0
FD5650
FD4860
FD3A30
FD2BB0
FD1CE0
FD0DC0
FCFE60
FCEEA0
FCDEA0
FCCE60
FCBDC0
FCACE0
FC9BB0
FC8A40
FC7870
FC6660
FC5420
FC41A0
FC2F00
FC1C30
FC0930
FBF5F0
FBE290
FBCF00
FBBB30
FBA740
FB9320
FB7EC0
FB6A40
FB5580
FB40A0
FB2B80
FB1660
FB0120
FAEBE0
FAD680
FAC120
FAABB0
FA9620
FA8090
FA6AF0
FA5540
FA3F70
FA29A0
FA13C0
F9FDD0
F9E7D0
F9D1B0
F9BBC0
F9A5D0
F99000
F97A40
F96490
F94F00
F93970
F92400
F90EB0
F8F960
F8E430
F8CF20
F8BA10
F8A520
F89040
F87B70
F866E0
F85280
F83E50
F82A60
F816A0
F80320
F7EFD0
F7DCB0
F7C9D0
F7B720
F7A4A0
F79260
F78050
F76E70
F75CD0
F74B70
F73A50
F72980
F71900
F708D0
F6F900
F6E970
F6DA30
F6CB40
F6BCA0
F6AE50
F6A050
F692A0
F68540
F67830
F66B70
F65F00
F65300
F64750
F63C00
F63110
F62680
F61C50
F61280
F60910
F60000
F5F750
F5EF00
F5E710
F5DF80
F5D850
F5D180
F5CB10
F5C500
F5BF60
F5BA20
F5B540
F5B0D0
F5ACB0
F5A900
F5A5C0
F5A2D0
F5A050
F59E40
F59C80
F59B30
F59A40
F599B0
F59990
F599C0
F59A50
F59B40
F59C90
F59E40
F5A040
F5A2A0
F5A560
F5A880
F5ABF0
F5AFD0
F5B400
F5B890
F5BD70
F5C2C0
F5C860
F5CE50
F5D480
F5DAF0
F5E1B0
F5E8B0
F5F000
F5F780
F5FF60
F60770
F60FD0
F61880
F62170
F62AA0
F63410
F63DD0
F647E0
F65200
F65C50
F666D0
F67170
F67C30
F68710
F69220
F69D60
F6A8B0
F6B430
F6BFE0
F6CBA0
F6D790
F6E3B0
F6EFF0
F6FC50
F708B0
F71510
F72170
F72DD0
F73A30
F74690
F752F0
F75F40
F76BA0
F777F0
F78450
F790A0
F79CF0
F7A940
F7B590
F7C1E0
F7CE10
F7DA10
F7E5E0
F7F190
F7FD10
F80860
F81390
F81E90
F82970
F83420
F83EA0
F84900
F85330
F85D40
F86720
F870D0
F87A40
F88350
F88C10
F89490
F89CB0
F8A490
F8AC10
F8B340
F8BA30
F8C0C0
F8C700
F8CD00
F8D2A0
F8D7F0
F8DCF0
F8E1B0
F8E5F0
F8E9C0
F8ED30
F8F030
F8F2C0
F8F4E0
F8F690
F8F7D0
F8F8A0
F8F910
F8F900
F8F890
F8F7B0
F8F650
F8F490
F8F270
F8EFC0
F8EC90
F8E8E0
F8E4B0
F8E000
F8DAE0
F8D530
F8CF00
F8C860
F8C130
F8B980
F8B160
F8A8B0
F89F80
F895E0
F88BB0
F88110
F875E0
F86A30
F85E00
F85150
F84420
F83660
F82830
F81970
F80A40
F7FA80
F7EA40
F7D980
F7C840
F7B680
F7A430
F79180
F77E50
F76AC0
F756B0
F74230
F72D40
F717D0
F70200
F6EBB0
F6D500
F6BDD0
F6A630
F68E20
F675A0
F65CA0
F64340
F62980
F60F70
F5F510
F5DA60
F5BF60
F5A410
F58860
F56C60
F55010
F53370
F51680
F4F940
F4DBA0
F4BDC0
F49F80
F480F0
F46240
F44370
F42470
F40550
F3E610
F3C6B0
F3A720
F38780
F367B0
F347C0
F327B0
F30770
F2E710
F2C690
F2A5F0
F28530
F26480
F243E0
F22350
F202E0
F1E280
F1C240
F1A200
F181E0
F161E0
F141E0
F12200
F10230
F0E280
F0C2E0
F0A350
F083D0
F064B0
F045D0
F02750
F00920
EFEB40
EFCDC0
EFB080
EF93A0
EF7700
EF5AC0
EF3ED0
EF2340
EF07F0
EEECF0
EED250
EEB800
EE9E40
EE8500
EE6C50
EE5440
EE3CB0
EE25A0
EE0F30
EDF950
EDE3F0
EDCF20
EDBAF0
EDA730
ED9410
ED8180
ED6F70
ED5E00
ED4D40
ED3D50
ED2E10
ED1FA0
ED11E0
ED04F0
ECF8C0
ECED50
ECE2A0
ECD8B0
ECCF90
ECC720
ECBF70
ECB890
ECB260
ECAD00
ECA880
ECA4E0
ECA230
ECA060
EC9F80
EC9F80
ECA070
ECA230
ECA4F0
ECA880
ECAD00
ECB270
ECB8C0
ECBFF0
ECC810
ECD110
ECDB10
ECE600
ECF1E0
ECFED0
ED0CA0
ED1B70
ED2B40
ED3C00
ED4DC0
ED6070
ED7410
ED88B0
ED9E50
EDB4E0
EDCC60
EDE4F0
EDFE60
EE18C0
EE3420
EE5070
EE6DB0
EE8BE0
EEAB10
EECB20
EEEC30
EF0E30
EF3120
EF5510
EF79E0
EF9FB0
EFC670
EFEE30
F016B0
F04020
F06A50
F09570
F0C160
F0EE20
F11BC0
F14A30
F17980
F1A9B0
F1DAB0
F20C80
F23F30
F272C0
F2A720
F2DC50
F31230
F348C0
F37FF0
F3B7D0
F3F050
F42980
F46350
F49DD0
F4D8F0
F514C0
F55140
F58E50
F5CC20
F60A90
F649A0
F68970
F6C990
F70A20
F74B10
F78C70
F7CE30
F81050
F852E0
F895D0
F8D920
F91CE0
F96110
F9A590
F9EA90
FA2FE0
FA75A0
FABBC0
FB0200
FB4850
FB8EC0
FBD550
FC1BF0
FC62A0
FCA970
FCF060
FD3760
FD7E70
FDC5B0
FE0CF0
FE5460
FE9BE0
FEE370
FF2B20
FF7290
FFB9D0
0000D0
0047A0
008E30
00D490
011AB0
016090
01A640
01EBB0
0230F0
0275F0
02BAB0
02FF40
0343A0
0387B0
03CB50
040E60
0450E0
0492E0
04D450
051550
0555B0
059590
05D4F0
0613C0
065210
068FD0
06CD10
0709C0
0745F0
078190
07BC70
07F680
082FC0
086840
089FF0
08D6D0
090CF0
094230
0976C0
09AA70
09DD60
0A0F80
0A40E0
0A7160
0AA120
0AD020
0AFE10
0B2B10
0B5710
0B8210
0BAC20
0BD520
0BFD30
0C2440
0C4A50
0C6F70
0C9380
0CB6A0
0CD8C0
0CF9E0
0D1A10
0D3930
0D5740
0D7440
0D9020
0DAAE0
0DC490
0DDD30
0DF4B0
0E0B10
0E2060
0E3490
0E47B0
0E59B0
0E6AA0
0E7A70
0E8920
0E96D0
0EA350
0EAEC0
0EB910
0EC240
0ECA60
0ED160
0ED740
0EDC00
0EDFB0
0EE250
0EE3C0
0EE420
0EE360
0EE190
0EDE90
0EDA90
0ED570
0ECF60
0EC850
0EC030
0EB710
0EACF0
0EA1C0
0E95A0
0E8870
0E7A40
0E6B00
0E5AD0
0E4990
0E3750
0E2410
0E0FC0
0DFAB0
0DE4B0
0DCDF0
0DB650
0D9DE0
0D84A0
0D6A80
0D4F90
0D33D0
0D1730
0CF9C0
0CDB80
0CBC60
0C9C70
0C7BB0
0C5A10
0C37E0
0C1520
0BF1D0
0BCDE0
0BA960
0B8440
0B5EA0
0B3860
0B1180
0AEA20
0AC220
0A9990
0A7060
0A46B0
0A1C60
09F170
09C650
099AD0
096F10
094310
0916C0
08EA20
08BD50
089020
0862B0
0834F0
0806F0
07D8B0
07AA20
077B40
074C20
071CB0
06ED50
06BDF0
068EA0
065F50
063010
0600D0
05D1A0
05A270
057350
054430
051520
04E610
04B700
048800
045910
042A20
03FB80
03CD40
039F50
0371B0
034460
031760
02EAC0
02BE70
029270
0266D0
023B70
021070
01E5D0
01BB70
019170
0167B0
013EA0
011610
00EE20
00C6C0
009FF0
0079B0
005410
002F00
000A90
FFE6A0
FFC350
FFA090
FF7E70
FF5CD0
FF3BD0
FF1B70
FEFBC0
FEDCE0
FEBEB0
FEA150
FE84C0
FE68E0
FE4DD0
FE3370
FE19E0
FE0110
FDE910
FDD1C0
FDBB40
FDA580
FD9080
FD7C40
FD68E0
FD5660
FD44B0
FD33D0
FD23E0
FD14C0
FD0670
FCF910
FCEC80
FCE0C0
FCD5E0
FCCBE0
FCC2C0
FCBA70
FCB2F0
FCAC60
FCA6A0
FCA1B0
FC9DA0
FC9A60
FC9800
FC9680
FC95D0
FC9600
FC9700
FC98E0
FC9B90
FC9F20
FCA390
FCA8D0
FCAEE0
FCB5E0
FCBD90
FCC600
FCCF30
FCD920
FCE3D0
FCEF40
FCFB70
FD0860
FD1620
FD2490
FD33C0
FD43B0
FD5460
FD65D0
FD7800
FD8AF0
FD9E70
FDB290
FDC730
FDDC70
FDF240
FE08A0
FE1F90
FE3710
FE4F30
FE67D0
FE8110
FE9AE0
FEB540
FED030
FEEBC0
FF07D0
FF2440
FF4100
FF5E20
FF7B90
FF9950
FFB770
FFD5E0
FFF4A0
0013C0
003330
0052F0
007310
009380
00B440
00D560
00F6D0
011850
0139E0
015B80
017D30
019EF0
01C0C0
01E2A0
020490
022690
0248A0
026AC0
028CF0
02AF30
02D180
02F3E0
031660
033890
035AA0
037C70
039E00
03BF60
03E090
040190
042250
0442D0
046330
048340
04A330
04C2E0
04E260
0501A0
0520B0
053F50
055D70
057B20
059850
05B510
05D160
05ED40
0608A0
062390
063E00
065800
067190
068AB0
06A350
06BB70
06D330
06EA40
0700A0
071670
072B90
074010
0753E0
076710
0779A0
078B80
079CC0
07AD60
07BD50
07CCA0
07DB50
07E950
07F6B0
080350
080F30
081A40
0824A0
082E30
083700
083F10
084660
084CF0
0852B0
0857C0
085C00
085F90
086250
086450
086580
086600
0865A0
086490
0862A0
085FF0
085C80
085840
085330
084D60
0846C0
083F60
083730
082E30
082480
0819F0
080EA0
080290
07F5D0
07E860
07DA20
07CB40
07BB90
07AB30
079A20
078850
0775C0
076280
074E90
0739E0
072470
070E50
06F770
06E000
06C800
06AF70
069650
067CA0
066260
064790
062C20
061030
05F3B0
05D690
05B8E0
059AB0
057BE0
055C80
053C90
051C50
04FBB0
04DAB0
04B960
0497B0
0475B0
045350
0430A0
040D90
03EA30
03C670
03A250
037DE0
035910
0333F0
030E80
02E8F0
02C340
029D80
0277B0
0251D0
022BD0
0205C0
01DF90
01B950
019300
016CA0
014620
011F80
00F8E0
00D220
00AB40
0084A0
005E30
0037F0
0011E0
FFEBF0
FFC650
FFA0D0
FF7B80
FF5660
FF3170
FF0CC0
FEE830
FEC3E0
FE9FB0
FE7BC0
FE5800
FE34B0
FE11D0
FDEF70
FDCD70
FDABF0
FD8AF0
FD6A50
FD4A30
FD2A80
FD0B40
FCEC80
FCCE20
FCB040
FC92E0
FC75E0
FC5960
FC3D80
FC2260
FC07D0
FBEE00
FBD4D0
FBBC60
FBA480
FB8D60
FB76E0
FB6110
FB4BF0
FB3770
FB23A0
FB1080
FAFE10
FAEC40
FADB50
FACB20
FABBD0
FAAD40
FA9F90
FA92B0
FA86A0
FA7B60
FA70F0
FA6750
FA5E80
FA5680
FA4F60
FA4900
FA4380
FA3EC0
FA3AF0
FA3800
FA35F0
FA34C0
FA3470
FA3500
FA3670
FA38C0
FA3C00
FA4010
FA4510
FA4AE0
FA51A0
FA5940
FA61C0
FA6B10
FA7550
FA8060
FA8C40
FA9900
FAA6A0
FAB510
FAC460
FAD480
FAE570
FAF740
FB09F0
FB1D70
FB31D0
FB4700
FB5D10
FB73F0
FB8B90
FBA3E0
FBBCF0
FBD6B0
FBF130
FC0C60
FC2850
FC44F0
FC6250
FC8060
FC9F30
FCBEB0
FCDEF0
FCFFF0
FD2190
FD4400
FD66E0
FD8A50
FDAE40
FDD2B0
FDF7A0
FE1D20
FE4320
FE69A0
FE90A0
FEB830
FEE030
FF08C0
FF31D0
FF5B70
FF8580
FFB020
FFDB00
000610
003170
005D10
0088E0
00B500
00E150
010DF0
013AD0
0167E0
019540
01C2D0
01F0A0
021EC0
024D10
027BB0
02AA30
02D8B0
030720
033580
0363D0
039220
03C060
03EE80
041CB0
044AC0
0478C0
04A6C0
04D4B0
050290
053060
055E20
058B90
05B8A0
05E560
0611B0
063DC0
066960
0694B0
06BFB0
06EA40
071490
073E70
076800
079130
07BA10
07E290
080AB0
083240
085920
087F60
08A510
08CA10
08EE70
091240
093560
0957F0
0979D0
099B10
09BBC0
09DBC0
09FB20
0A19F0
0A3810
0A5560
0A71E0
0A8D80
0AA840
0AC230
0ADB50
0AF390
0B0B00
0B2190
0B3750
0B4C30
0B6040
0B7370
0B85D0
0B9760
0BA810
0BB7C0
0BC680
0BD440
0BE100
0BECD0
0BF7A0
0C0180
0C0A60
0C1240
0C1930
0C1F20
0C2420
0C2820
0C2B20
0C2D30
0C2E40
0C2E40
0C2D50
0C2B50
0C2850
0C2440
0C1F30
0C1920
0C1210
0C09F0
0C00D0
0BF6B0
0BEB80
0BDF50
0BD220
0BC3F0
0BB4B0
0BA480
0B9350
0B8130
0B6E20
0B5A10
0B4510
0B2F10
0B1820
0B0030
0AE750
0ACD70
0AB2A0
0A96E0
0A7A20
0A5C70
0A3DC0
0A1E40
09FE00
09DCE0
09BAF0
099820
097490
095030
092AF0
0904F0
08DE10
08B670
088DF0
0864A0
083A80
080F90
07E3D0
07B770
078A80
075D00
072EE0
070020
06D0D0
06A0E0
067060
063F50
060DA0
05DB50
05A870
057500
0540F0
050C40
04D700
04A170
046B90
043560
03FEE0
03C800
0390E0
035970
0321B0
02E990
02B130
027880
023F70
020620
01CC70
019280
015830
011DF0
00E3A0
00A950
006EF0
0034A0
FFFA50
FFBFF0
FF8590
FF4B30
FF10D0
FED670
FE9C10
FE61A0
FE2730
FDECC0
FDB250
FD7830
FD3E50
FD04C0
FCCB80
FC9280
FC59D0
FC2170
FBE950
FBB180
FB7A00
FB42C0
FB0BD0
FAD520
FA9EC0
FA68B0
FA32F0
F9FDB0
F9C900
F994E0
F96150
F92E50
F8FBD0
F8C9F0
F89890
F867C0
F83780
F807C0
F7D8A0
F7AA00
F77C00
F74E80
F72180
F6F550
F6C9E0
F69F30
F67540
F64C20
F623B0
F5FC00
F5D510
F5AEF0
F58980
F564E0
F540F0
F51DD0
F4FB60
F4D9C0
F4B8E0
F498E0
F479B0
F45B70
F43E10
F42190
F405E0
F3EB20
F3D140
F3B830
F3A010
F388D0
F37260
F35CE0
F34840
F33470
F32190
F30F90
F2FE70
F2EE50
F2DF00
F2D0A0
F2C320
F2B690
F2AAF0
F2A030
F29650
F28D60
F28550
F27E30
F277F0
F272A0
F26E30
F26AA0
F267E0
F265F0
F264D0
F26490
F26530
F26690
F268E0
F26BF0
F26FE0
F274A0
F27A30
F280A0
F287E0
F29000
F298F0
F2A290
F2ACE0
F2B7D0
F2C380
F2CFD0
F2DCE0
F2EA90
F2F900
F30810
F317D0
F32840
F33960
F34B30
F35DA0
F370D0
F384B0
F39900
F3ADC0
F3C300
F3D8B0
F3EEE0
F40580
F41CA0
F43430
F44C30
F464B0
F47DA0
F49710
F4B0F0
F4CB40
F4E610
F50150
F51CD0
F53870
F55450
F57070
F58CB0
F5A930
F5C5E0
F5E2C0
F5FFE0
F61D20
F63AA0
F65860
F67640
F69460
F6B2B0
F6D130
F6EFA0
F70E00
F72C50
F74A90
F768B0
F786D0
F7A4D0
F7C2C0
F7E0A0
F7FE70
F81C30
F839E0
F85770
F87500
F89270
F8AFD0
F8CCE0
F8E9A0
F90600
F92210
F93DD0
F95940
F97450
F98F10
F9A980
F9C3A0
F9DD60
F9F6E0
FA1000
FA28C0
FA4140
FA5960
FA7100
FA8810
FA9E90
FAB490
FACA10
FADEF0
FAF350
FB0730
FB1A80
FB2D40
FB3F80
FB5130
FB6260
FB7300
FB8310
FB92A0
FBA180
FBAFB0
FBBD30
FBCA10
FBD630
FBE1B0
FBEC80
FBF6A0
FC0010
FC08E0
FC10F0
FC1860
FC1F20
FC2530
FC2A90
FC2F50
FC3340
FC3680
FC3910
FC3AE0
FC3BF0
FC3C40
FC3BE0
FC3AC0
FC38F0
FC3660
FC3310
FC2F10
FC2A50
FC24D0
FC1E90
FC17A0
FC1000
FC07B0
FBFEB0
FBF500
FBEAA0
FBDF90
FBD3D0
FBC760
FBBA40
FBAC70
FB9DE0
FB8EB0
FB7ED0
FB6E40
FB5D00
FB4B00
FB3880
FB2570
FB11D0
FAFDA0
FAE8E0
FAD390
FABDB0
FAA740
FA9050
FA78C0
FA60A0
FA4800
FA2EC0
FA1500
F9FAA0
F9DFC0
F9C480
F9A8E0
F98CE0
F97090
F953E0
F936D0
F91970
F8FBB0
F8DD90
F8BF10
F8A040
F88110
F86180
F84190
F82150
F800B0
F7DFF0
F7BF20
F79E30
F77D30
F75C10
F73AD0
F71970
F6F800
F6D680
F6B4D0
F69310
F67140
F64F40
F62D40
F60B10
F5E8D0
F5C6C0
F5A4D0
F58310
F56190
F54020
F51EF0
F4FDF0
F4DD10
F4BC60
F49BE0
F47B90
F45B70
F43B70
F41BA0
F3FC00
F3DC90
F3BD90
F39F00
F380E0
F36340
F34610
F32950
F30D00
F2F120
F2D5C0
F2BAC0
F2A040
F28630
F26CA0
F25370
F23AC0
F22270
F20AE0
F1F400
F1DDC0
F1C840
F1B360
F19F40
F18BC0
F17900
F166E0
F15570
F144B0
F134A0
F12540
F11690
F10890
F0FB30
F0EEC0
F0E320
F0D850
F0CE60
F0C550
F0BD10
F0B5A0
F0AF20
F0A960
F0A490
F0A090
F09D60
F09B10
F099A0
F09900
F09940
F09A60
F09C80
F09F80
F0A370
F0A850
F0AE20
F0B4D0
F0BC80
F0C510
F0CE90
F0D900
F0E450
F0F0A0
F0FDD0
F10BF0
F11B00
F12AF0
F13BE0
F14DA0
F16050
F173F0
F18880
F19DF0
F1B440
F1CB80
F1E3B0
F1FCC0
F216C0
F231A0
F24D70
F26A30
F287D0
F2A640
F2C580
F2E580
F30650
F327F0
F34A60
F36DA0
F391A0
F3B670
F3DC10
F40280
F429B0
F451C0
F47A90
F4A430
F4CE90
F4F990
F52530
F55160
F57E30
F5AB90
F5D980
F60810
F63730
F666F0
F69750
F6C830
F6F9C0
F72BD0
F75E90
F791D0
F7C5C0
F7F9F0
F82E70
F86350
F89870
F8CDF0
F903C0
F939E0
F97050
F9A710
F9DE20
FA1580
FA4D40
FA8540
FABDA0
FAF650
FB2F40
FB6840
FBA140
FBDA40
FC1350
FC4C50
FC8550
FCBE60
FCF760
FD3070
FD6970
FDA280
FDDB90
FE14A0
FE4DB0
FE86C0
FEBFE0
FEF8A0
FF3110
FF6930
FFA100
FFD890
000FC0
0046A0
007D30
00B370
00E960
011F00
015450
018950
01BE00
01F260
022660
0259E0
028CB0
02BEE0
02F080
032180
0351E0
0381B0
03B0E0
03DF70
040D60
043AB0
046770
049380
04BF00
04E9F0
051430
053DA0
056630
058DF0
05B4D0
05DAE0
060010
062460
0647D0
066A80
068C40
06AD30
06CD40
06EC80
070AE0
072860
074510
0760C0
077B60
079510
07ADB0
07C550
07DC00
07F1A0
080640
0819D0
082C70
083E10
084EA0
085E40
086CD0
087A60
088700
089280
089CF0
08A650
08AEA0
08B5E0
08BC10
08C120
08C530
08C830
08CA20
08CB00
08CAC0
08C980
08C730
08C3C0
08BF50
08B9D0
08B350
08ABD0
08A350
0899C0
088F30
0883A0
087710
086980
085AE0
084B40
083AA0
082900
081650
0802B0
07EE00
07D870
07C200
07AAC0
0792A0
0779A0
075FC0
074510
072970
070D00
06EFB0
06D190
06B280
0692A0
0671E0
065040
062DD0
060AB0
05E700
05C2A0
059DB0
057810
0551E0
052B00
050390
04DB70
04B2C0
048960
045F70
0434D0
0409A0
03DDD0
03B150
038490
035770
032A00
02FC40
02CE20
029FC0
027100
0241F0
021290
01E2E0
01B2D0
018270
0151C0
0120C0
00EF70
00BDC0
008C20
005A70
0028D0
FFF730
FFC580
FF93E0
FF6240
FF30A0
FEFF00
FECD60
FE9BC0
FE6A20
FE3890
FE06F0
FDD550
FDA3C0
FD7270
FD4180
FD10F0
FCE0A0
FCB0B0
FC8110
FC51C0
FC22D0
FBF420
FBC5D0
FB97E0
FB6A30
FB3CE0
FB0FE0
FAE340
FAB6E0
FA8B30
FA6010
FA3590
FA0BB0
F9E270
F9B9D0
F991C0
F96A50
F94390
F91D60
F8F7C0
F8D2D0
F8AE80
F88AC0
F867A0
F84520
F82370
F802A0
F7E2A0
F7C370
F7A520
F787A0
F76B00
F74F20
F73420
F71A00
F700B0
F6E830
F6D080
F6B9B0
F6A3B0
F68E90
F67A60
F66720
F654D0
F64380
F63320
F623C0
F61550
F607D0
F5FB40
F5EFB0
F5E510
F5DB70
F5D2C0
F5CB00
F5C440
F5BE60
F5B990
F5B5B0
F5B2D0
F5B0F0
F5B000
F5B020
F5B120
F5B330
F5B630
F5BA30
F5BF30
F5C520
F5CC20
F5D400
F5DCF0
F5E6D0
F5F1A0
F5FD50
F609E0
F61760
F625D0
F63520
F64550
F65660
F66870
F67B50
F68F20
F6A3D0
F6B970
F6CFF0
F6E760
F6FFB0
F718C0
F73280
F74D00
F76840
F78430
F7A0E0
F7BE50
F7DC70
F7FB50
F81AF0
F83B40
F85C50
F87E20
F8A0A0
F8C3E0
F8E7D0
F90C50
F93130
F956A0
F97C80
F9A2E0
F9C9C0
F9F110
FA18E0
FA4130
FA69F0
FA9330
FABCF0
FAE720
FB11E0
FB3D00
FB68B0
FB9480
FBC080
FBECC0
FC1920
FC45B0
FC7270
FC9F60
FCCC90
FCF9E0
FD2760
FD5500
FD82E0
FDB0F0
FDDF30
FE0DA0
FE3C30
FE6AB0
FE9910
FEC750
FEF570
FF2360
FF5140
FF7F00
FFACA0
FFDA20
000790
0034D0
0061F0
008EF0
00BBD0
00E8A0
011540
014180
016D50
0198C0
01C3C0
01EE50
021880
024240
026BA0
029490
02BD10
02E530
030CE0
033430
035B10
038190
03A790
03CD00
03F1C0
0415E0
043950
045C20
047E40
049FC0
04C0A0
04E0D0
050060
051F50
053D90
055B30
057820
059470
05B010
05CAF0
05E4F0
05FE20
061690
062E20
0644E0
065AD0
066FF0
068440
0697C0
06AA60
06BC40
06CD50
06DD80
06ECF0
06FB80
070930
071600
0721F0
072CF0
073710
074050
0748B0
075020
0756B0
075C50
076120
076500
076800
076A10
076B50
076BA0
076B00
076990
076740
076410
076000
075B10
075540
074E80
0746F0
073E80
073520
072AF0
071FD0
0713E0
070700
06F950
06EAD0
06DB90
06CB80
06BAB0
06A920
0696C0
0683A0
066FC0
065B20
0645B0
062F70
061880
0600C0
05E840
05CEF0
05B4E0
059A40
057F00
056320
0546B0
0529B0
050C10
04EDD0
04CF10
04AFA0
048FA0
046F10
044DE0
042C10
0409B0
03E6C0
03C330
039F40
037B00
035650
033150
030BE0
02E620
02C000
029990
0272B0
024B70
0223E0
01FBF0
01D3A0
01AAF0
0181E0
015870
012EF0
010540
00DB80
00B1A0
0087A0
005D80
003350
0008F0
FFDE80
FFB3F0
FF8940
FF5E70
FF3390
FF0880
FEDD60
FEB220
FE8700
FE5C00
FE3110
FE0650
FDDBA0
FDB120
FD86C0
FD5C70
FD3240
FD0840
FCDE50
FCB480
FC8AD0
FC6140
FC37D0
FC0E80
FBE590
FBBCE0
FB9490
FB6C90
FB44E0
FB1D90
FAF690
FACFE0
FAA980
FA8380
FA5DD0
FA3870
FA1360
F9EEB0
F9CA40
F9A640
F982A0
F95F90
F93CF0
F91AC0
F8F910
F8D7E0
F8B730
F896F0
F87720
F857E0
F83900
F81AB0
F7FCD0
F7DF70
F7C280
F7A610
F78A30
F76EE0
F75410
F739E0
F72040
F70720
F6EEA0
F6D6A0
F6BF30
F6A850
F69210
F67C50
F66720
F65280
F63E70
F62AE0
F617F0
F60590
F5F3B0
F5E270
F5D1B0
F5C180
F5B1E0
F5A2D0
F59450
F58660
F57900
F56C30
F55FE0
F55430
F54900
F53E60
F53440
F52AA0
F52180
F518D0
F510B0
F50900
F501D0
F4FB20
F4F4E0
F4EF30
F4E9F0
F4E530
F4E0F0
F4DD20
F4D9E0
F4D710
F4D4A0
F4D290
F4D0E0
F4CF90
F4CE90
F4CDF0
F4CDB0
F4CDD0
F4CE50
F4CF20
F4D050
F4D1F0
F4D3E0
F4D620
F4D8D0
F4DBD0
F4DF10
F4E280
F4E620
F4E9F0
F4EE00
F4F240
F4F6B0
F4FB60
F50040
F50550
F50A90
F51010
F515C0
F51BA0
F521B0
F52800
F52E50
F534B0
F53B10
F54180
F547F0
F54E70
F55500
F55B90
F56230
F568D0
F56F70
F57630
F57CF0
F583B0
F58A80
F59150
F59810
F59EA0
F5A520
F5AB70
F5B1B0
F5B7D0
F5BDC0
F5C3A0
F5C960
F5CF00
F5D470
F5D9D0
F5DF10
F5E430
F5E930
F5EE10
F5F2B0
F5F720
F5FB40
F5FF30
F602E0
F60660
F60990
F60C90
F60F50
F611D0
F61410
F61620
F617F0
F61980
F61AD0
F61BF0
F61CB0
F61D30
F61D70
F61D50
F61CF0
F61C40
F61B40
F619F0
F61850
F61670
F61440
F611C0
F60F00
F60BF0
F60880
F604E0
F600E0
F5FCA0
F5F820
F5F350
F5EE30
F5E8D0
F5E330
F5DD40
F5D700
F5D080
F5C9B0
F5C2A0
F5BB40
F5B3A0
F5ABB0
F5A380
F59B10
F59270
F589A0
F580A0
F57760
F56DF0
F56440
F55A60
F55050
F54610
F53B90
F530E0
F52600
F51AE0
F50FA0
F50410
F4F880
F4ECE0
F4E130
F4D560
F4C990
F4BDA0
F4B1B0
F4A5A0
F49990
F48D60
F48130
F474E0
F46880
F45C20
F44FA0
F44310
F436A0
F42A50
F41E20
F41200
F40610
F3FA30
F3EE70
F3E2D0
F3D740
F3CBE0
F3C090
F3B560
F3AA50
F39F60
F39490
F389D0
F37F70
F37560
F36B90
F36220
F35900
F35030
F347B0
F33F80
F337B0
F33020
F328F0
F32200
F31B70
F31530
F30F40
F30990
F30480
F2FFE0
F2FBC0
F2F830
F2F520
F2F290
F2F080
F2EEF0
F2EDF0
F2ED70
F2ED70
F2EDF0
F2EEF0
F2F070
F2F280
F2F510
F2F840
F2FC30
F300C0
F305F0
F30BE0
F31270
F319B0
F321A0
F32A30
F33370
F33D60
F347F0
F35340
F35F30
F36BC0
F37910
F38710
F395F0
F3A580
F3B5E0
F3C700
F3D8E0
F3EB90
F3FF00
F41340
F42840
F43E00
F45480
F46BD0
F483E0
F49CC0
F4B650
F4D0C0
F4EBF0
F507F0
F524B0
F54240
F560A0
F57FC0
F59FB0
F5C060
F5E1F0
F60430
F62750
F64B30
F66FE0
F69550
F6BB90
F6E290
F70A40
F732B0
F75BD0
F785B0
F7B050
F7DBA0
F807B0
F83480
F86200
F89030
F8BF30
F8EEE0
F91F40
F95070
F98240
F9B4B0
F9E7C0
FA1B50
FA4F70
FA8430
FAB980
FAEF60
FB25D0
FB5CD0
FB9470
FBCC90
FC0550
FC3EA0
FC7880
FCB300
FCEE00
FD2960
FD6520
FDA130
FDDDA0
FE1A70
FE5790
FE9500
FED2D0
FF1100
FF4F80
FF8E60
FFCDA0
000D30
004D20
008D60
00CE00
010EB0
014F70
019040
01D110
021200
025300
029410
02D530
031660
0357A0
0398F0
03DA40
041BB0
045D30
049EC0
04E060
0521C0
0562E0
05A3C0
05E460
0624C0
0664E0
06A4C0
06E460
0723C0
0762E0
07A1C0
07E070
081ED0
085CF0
089AD0
08D880
091590
095220
098E10
09C980
0A0450
0A3EA0
0A7860
0AB190
0AEA30
0B2240
0B59C0
0B90C0
0BC720
0BFCF0
0C3240
0C66F0
0C9AE0
0CCDF0
0D0020
0D3190
0D6220
0D91E0
0DC0C0
0DEEE0
0E1C20
0E4880
0E7420
0E9EE0
0EC8D0
0EF1E0
0F1A30
0F41A0
0F6800
0F8D50
0FB1A0
0FD4F0
0FF720
101850
103880
105790
1075A0
1092B0
10AEA0
10C990
10E380
10FC50
111420
112AF0
114080
1154F0
116840
117A50
118B40
119B10
11A9A0
11B710
11C360
11CE70
11D870
11E130
11E8D0
11EF40
11F480
11F8A0
11FB90
11FD40
11FDD0
11FD20
11FB50
11F850
11F410
11EEA0
11E810
11E040
11D750
11CD20
11C1C0
11B530
11A770
119890
118880
117760
116510
1151B0
113D40
1127A0
1110F0
10F920
10E030
10C630
10AB00
108EC0
107170
1052F0
103360
1012A0
0FF100
0FCE70
0FAAF0
0F8680
0F6120
0F3AD0
0F13A0
0EEB70
0EC250
0E9840
0E6D40
0E4160
0E1480
0DE6B0
0DB800
0D8850
0D5800
0D26F0
0CF540
0CC2E0
0C8FD0
0C5C10
0C27A0
0BF280
0BBCB0
0B8630
0B4F00
0B1730
0ADEA0
0AA570
0A6B90
0A30F0
09F600
09BAB0
097EF0
0942E0
090670
08C990
088C60
084EC0
0810D0
07D270
0793C0
0754A0
071520
06D550
069510
065470
0613D0
05D310
059250
055180
0510B0
04CFC0
048ED0
044DD0
040CD0
03CBB0
038A90
034960
030820
02C6D0
028580
024420
020300
01C220
018190
014140
010130
00C160
0081E0
0042A0
0003A0
FFC4E0
FF8670
FF4830
FF0A40
FECCA0
FE8F30
FE5210
FE1570
FDD960
FD9DE0
FD62E0
FD2870
FCEE90
FCB530
FC7C60
FC4420
FC0C60
FBD530
FB9E90
FB6870
FB32E0
FAFDD0
FAC960
FA95A0
FA62A0
FA3060
F9FEE0
F9CE10
F99E10
F96ED0
F94040
F91280
F8E570
F8B930
F88DA0
F862D0
F838C0
F80F70
F7E6E0
F7BF30
F79860
F77270
F74D60
F72920
F705D0
F6E350
F6C1B0
F6A100
F68120
F66220
F64400
F626C0
F60A50
F5EED0
F5D430
F5BA70
F5A190
F589A0
F57290
F55C60
F54720
F532C0
F51F40
F50CB0
F4FB00
F4EA30
F4DA50
F4CB50
F4BD40
F4B000
F4A3C0
F49840
F48DA0
F483D0
F47AE0
F472C0
F46B70
F46500
F45F60
F45AA0
F456B0
F45390
F45150
F44FE0
F44F40
F44F80
F45090
F45250
F454D0
F45800
F45BE0
F46070
F465B0
F46BA0
F47250
F479B0
F481B0
F48A70
F493F0
F49E10
F4A8F0
F4B480
F4C0B0
F4CD70
F4DAC0
F4E880
F4F6C0
F50580
F514C0
F52490
F534D0
F545A0
F556E0
F568B0
F57B00
F58DC0
F5A110
F5B4E0
F5C930
F5DDC0
F5F2A0
F607D0
F61D40
F632F0
F648F0
F65F40
F675D0
F68CA0
F6A3C0
F6BB30
F6D2E0
F6EAD0
F70310
F71B90
F73460
F74D40
F76630
F77F30
F79830
F7B150
F7CA70
F7E3A0
F7FCF0
F81640
F82F90
F84900
F86280
F87C10
F895A0
F8AF40
F8C900
F8E290
F8FBF0
F91540
F92E60
F94760
F96030
F978F0
F99180
F9A9F0
F9C230
F9DA50
F9F250
FA0A30
FA21E0
FA3980
FA50E0
FA6810
FA7EE0
FA9570
FAABA0
FAC1A0
FAD740
FAECA0
FB01B0
FB1670
FB2AE0
FB3F10
FB52F0
FB6680
FB79C0
FB8CC0
FB9F70
FBB1C0
FBC3B0
FBD540
FBE670
FBF730
FC07A0
FC17B0
FC2760
FC36B0
FC4590
FC5420
FC6250
FC7010
FC7D80
FC8A90
FC9730
FCA380
FCAF60
FCBAE0
FCC5F0
FCD0B0
FCDB00
FCE4F0
FCEE80
FCF7A0
FD0060
FD08C0
FD10C0
FD1860
FD1F90
FD2660
FD2CD0
FD32E0
FD38B0
FD3E10
FD4330
FD47F0
FD4C60
FD5080
FD5440
FD57B0
FD5AD0
FD5D90
FD6000
FD6220
FD63E0
FD6560
FD6670
FD6760
FD6810
FD6880
FD68C0
FD68C0
FD6890
FD6820
FD6780
FD66A0
FD6590
FD6440
FD62C0
FD6100
FD5F10
FD5CF0
FD5A80
FD5810
FD5590
FD5300
FD5060
FD4DB0
FD4AF0
FD4820
FD4540
FD4250
FD3F50
FD3C40
FD3920
FD35F0
FD32B0
FD2F60
FD2C00
FD28C0
FD25A0
FD2290
FD1FA0
FD1CE0
FD1A20
FD1790
FD1520
FD12C0
FD1080
FD0E60
FD0C50
FD0A70
FD08A0
FD06F0
FD0560
FD0410
FD0310
FD0250
FD01D0
FD01A0
FD01B0
FD0200
FD02A0
FD0390
FD04B0
FD0620
FD07E0
FD09E0
FD0C20
FD0EA0
FD1170
FD14B0
FD1850
FD1C50
FD20C0
FD25A0
FD2AD0
FD3080
FD3690
FD3D00
FD43D0
FD4B20
FD52C0
FD5AE0
FD6350
FD6C30
FD7580
FD7F40
FD8980
FD9430
FD9F70
FDAB10
FDB740
FDC3E0
FDD100
FDDEA0
FDECB0
FDFB40
FE0A40
FE19C0
FE29C0
FE3A30
FE4B30
FE5CA0
FE6E80
FE80F0
FE93E0
FEA740
FEBB20
FECF80
FEE460
FEF9C0
FF0FA0
FF2600
FF3CD0
FF5420
FF6C00
FF8450
FF9D10
FFB650
FFD000
FFEA10
0004A0
001F90
003AF0
0056C0
007300
008FB0
00ACC0
00CA50
00E840
0106A0
012580
0144C0
016460
018460
01A4B0
01C550
01E630
020770
0228F0
024AC0
026CE0
028F60
02B220
02D530
02F890
031C30
034030
036480
038910
03ADD0
03D2A0
03F7A0
041CC0
044200
046750
048CD0
04B270
04D830
04FE00
052400
054A20
057060
0596C0
05BD40
05E3E0
060A70
0630E0
065740
067D90
06A3C0
06C9E0
06EFE0
0715E0
073BC0
076180
078730
07ACD0
07D260
07F7D0
081D30
084270
086770
088C20
08B080
08D490
08F850
091BD0
093EF0
0961D0
098460
09A6A0
09C890
09EA40
0A0B90
0A2CA0
0A4D60
0A6DD0
0A8DC0
0AAD30
0ACC20
0AEA90
0B0870
0B25E0
0B42D0
0B5F30
0B7B10
0B9680
0BB160
0BCBC0
0BE5A0
0BFF10
0C17F0
0C3040
0C4800
0C5F00
0C7560
0C8B20
0CA030
0CB490
0CC840
0CDB50
0CEDB0
0CFF70
0D1080
0D20E0
0D30A0
0D3FB0
0D4E10
0D5BD0
0D68C0
0D74F0
0D8060
0D8B10
0D94F0
0D9E10
0DA670
0DAE00
0DB4D0
0DBAE0
0DC020
0DC4A0
0DC860
0DCB50
0DCD90
0DCEF0
0DCFA0
0DCF70
0DCE80
0DCCB0
0DCA20
0DC6D0
0DC2A0
0DBDB0
0DB7F0
0DB170
0DAA10
0DA1F0
0D9900
0D8F40
0D84C0
0D7960
0D6D50
0D6080
0D52E0
0D4490
0D3570
0D25A0
0D1500
0D03B0
0CF190
0CDEB0
0CCB10
0CB6B0
0CA1A0
0C8BC0
0C7520
0C5DB0
0C45B0
0C2D10
0C13C0
0BF9D0
0BDF40
0BC410
0BA830
0B8BC0
0B6EA0
0B50E0
0B3280
0B1370
0AF3D0
0AD380
0AB290
0A90F0
0A6EF0
0A4C70
0A2970
0A0600
09E220
09BDC0
0998E0
097390
094DD0
0927A0
0900E0
08D9C0
08B220
088A10
086180
083870
080F30
07E5A0
07BBE0
0791D0
076780
073D00
071230
06E720
06BBD0
069030
066460
063850
060BF0
05DF60
05B280
058570
055840
052B20
04FDF0
04D0B0
04A370
047620
0448D0
041B70
03EE10
03C0A0
039330
0365C0
033840
030AB0
02DD20
02AF80
028210
0254E0
0227D0
01FAF0
01CE40
01A1B0
017560
014940
011D40
00F170
00C5E0
009A70
006F30
004420
001940
FFEE80
FFC430
FF9A30
FF70A0
FF4760
FF1E70
FEF5F0
FECDC0
FEA600
FE7E90
FE5780
FE30D0
FE0A70
FDE470
FDBEE0
FD99A0
FD74B0
FD5050
FD2C70
FD0900
FCE610
FCC3A0
FCA1B0
FC8040
FC5F50
FC3EE0
FC1EE0
FBFF70
FBE070
FBC1F0
FBA3F0
FB8670
FB6960
FB4CF0
FB3110
FB15B0
FAFAF0
FAE0C0
FAC710
FAAE00
FA9580
FA7D80
FA6620
FA4F50
FA3900
FA2350
FA0E30
F9F990
F9E590
F9D210
F9BF30
F9ACE0
F99B10
F989E0
F97940
F96930
F959A0
F94AB0
F93C50
F92E80
F92140
F91480
F90860
F8FCD0
F8F1D0
F8E750
F8DD50
F8D3D0
F8CAE0
F8C260
F8BA70
F8B2F0
F8AC00
F8A590
F89FA0
F89A30
F89540
F890E0
F88CF0
F88990
F886A0
F88420
F88210
F88060
F87F10
F87E30
F87DB0
F87DA0
F87DF0
F87EA0
F87FC0
F88140
F88330
F88580
F88830
F88B50
F88ED0
F892A0
F896A0
F89AF0
F89F80
F8A450
F8A970
F8AEC0
F8B460
F8BA40
F8C060
F8C6D0
F8CD70
F8D460
F8DB90
F8E300
F8EAC0
F8F290
F8FA80
F90290
F90AC0
F91300
F91B70
F923F0
F92C90
F93550
F93E30
F94720
F95040
F95970
F962C0
F96C30
F975C0
F97F40
F988C0
F99240
F99BB0
F9A520
F9AE80
F9B7E0
F9C140
F9CA90
F9D3D0
F9DD20
F9E660
F9EF90
F9F8C0
FA01F0
FA0B10
FA1410
FA1CF0
FA25B0
FA2E50
FA36C0
FA3F10
FA4740
FA4F50
FA5740
FA5F10
FA66C0
FA6E40
FA75A0
FA7CE0
FA8400
FA8B00
FA91C0
FA9850
FA9EB0
FAA4E0
FAAAD0
FAB080
FAB610
FABB60
FAC080
FAC560
FACA10
FACE90
FAD2E0
FAD6F0
FADAD0
FADE70
FAE1E0
FAE510
FAE810
FAEAD0
FAED60
FAEFB0
FAF1C0
FAF3A0
FAF540
FAF6B0
FAF7E0
FAF8D0
FAF990
FAFA10
FAFA50
FAFA60
FAFA40
FAF9F0
FAF970
FAF8B0
FAF7C0
FAF6A0
FAF550
FAF3D0
FAF210
FAF020
FAEE10
FAEBC0
FAE940
FAE680
FAE3A0
FAE080
FADD50
FAD9F0
FAD670
FAD2E0
FACF20
FACB50
FAC750
FAC340
FABF00
FABAB0
FAB630
FAB1A0
FAACE0
FAA810
FAA310
FA9E00
FA98E0
FA93C0
FA8E90
FA8960
FA8430
FA7EF0
FA79B0
FA7460
FA6F10
FA69C0
FA6460
FA5F00
FA59A0
FA5430
FA4EB0
FA4940
FA43D0
FA3E90
FA3950
FA3430
FA2F20
FA2A30
FA2560
FA2090
FA1BE0
FA1750
FA12D0
FA0E60
FA0A10
FA05D0
FA01A0
F9FD90
F9F9C0
F9F610
F9F290
F9EF50
F9EC40
F9E960
F9E6B0
F9E430
F9E1E0
F9DFD0
F9DDE0
F9DC30
F9DAB0
F9D960
F9D840
F9D760
F9D6C0
F9D660
F9D650
F9D680
F9D700
F9D7C0
F9D8D0
F9DA20
F9DBC0
F9DDA0
F9DFC0
F9E230
F9E4F0
F9E7F0
F9EB30
F9EEC0
F9F2B0
F9F6E0
F9FB70
FA0050
FA0580
FA0B00
FA10E0
FA1700
FA1D80
FA2460
FA2B80
FA3300
FA3AC0
FA42E0
FA4B60
FA5420
FA5D40
FA66A0
FA7060
FA7A70
FA84D0
FA8F80
FA9A80
FAA5D0
FAB170
FABD70
FAC9B0
FAD640
FAE330
FAF060
FAFDF0
FB0BD0
FB19F0
FB2850
FB36F0
FB45E0
FB5500
FB6470
FB7420
FB8410
FB9440
FBA4B0
FBB570
FBC670
FBD7B0
FBE930
FBFAF0
FC0CF0
FC1F20
FC3170
FC43F0
FC5690
FC6960
FC7C50
FC8F70
FCA2B0
FCB620
FCC9B0
FCDD60
FCF140
FD0550
FD1980
FD2DD0
FD4250
FD56D0
FD6B50
FD7FE0
FD9470
FDA900
FDBD90
FDD230
FDE6C0
FDFB60
FE1000
FE24B0
FE3950
FE4E00
FE62B0
FE7770
FE8C20
FEA0B0
FEB520
FEC960
FEDD80
FEF170
FF0530
FF18E0
FF2C50
FF3FA0
FF52D0
FF65D0
FF78B0
FF8B60
FF9DF0
FFB050
FFC290
FFD470
FFE610
FFF750
000840
0018E0
002920
003920
0048C0
005810
006700
0075B0
008400
009200
009FB0
00AD10
00BA20
00C6B0
00D2C0
00DE60
00E980
00F420
00FE50
010800
011140
011A00
012240
012A10
013160
013840
013E90
014480
0149E0
014EB0
0152F0
0156A0
0159A0
015C20
015E00
015F40
015FF0
016010
015F90
015E80
015CD0
015A90
0157C0
015450
015040
014B90
014640
014040
0139A0
013250
012A60
0121C0
011880
010E90
010400
00F8D0
00ECE0
00E060
00D330
00C550
00B6E0
00A7B0
0097E0
008770
007650
006480
005210
003F00
002B40
0016E0
0001D0
FFEC10
FFD5C0
FFBEB0
FFA700
FF8EB0
FF75B0
FF5C20
FF41F0
FF2730
FF0BD0
FEEFE0
FED350
FEB630
FE9870
FE7A20
FE5B40
FE3BC0
FE1BA0
FDFAF0
FDD9B0
FDB7D0
FD9560
FD7270
FD4F10
FD2B30
FD06E0
FCE220
FCBCE0
FC9730
FC7100
FC4A60
FC2340
FBFBB0
FBD3B0
FBAB30
FB8240
FB58D0
FB2EF0
FB04C0
FADA50
FAAF90
FA8490
FA5940
FA2DB0
FA01D0
F9D5A0
F9A930
F97C70
F94F70
F92220
F8F490
F8C6B0
F89890
F86A20
F83BA0
F80D10
F7DE70
F7AFC0
F780F0
F75220
F72340
F6F440
F6C540
F69620
F666F0
F637C0
F60870
F5D910
F5A9A0
F57A20
F54AD0
F51BA0
F4ECA0
F4BDD0
F48F20
F460B0
F43250
F40430
F3D630
F3A860
F37AC0
F34D40
F31FF0
F2F2D0
F2C5D0
F29910
F26CA0
F240A0
F21510
F1E9D0
F1BF10
F194A0
F16AB0
F14110
F117E0
F0EF20
F0C6C0
F09EC0
F07730
F05000
F02930
F002E0
EFDD10
EFB7F0
EF9360
EF6F80
EF4C30
EF2980
EF0760
EEE5F0
EEC510
EEA4D0
EE8530
EE6620
EE47C0
EE29F0
EE0CC0
EDF030
EDD460
EDB960
ED9F20
ED85B0
ED6D00
ED5520
ED3E00
ED27B0
ED1230
ECFD60
ECE970
ECD630
ECC3D0
ECB220
ECA150
EC9130
EC8200
EC73C0
EC6660
EC59E0
EC4E40
EC4390
EC39C0
EC30D0
EC28D0
EC21B0
EC1B80
EC1620
EC11B0
EC0E30
EC0B80
EC09D0
EC0900
EC0920
EC0A30
EC0C40
EC0F30
EC1320
EC17F0
EC1DC0
EC2480
EC2C20
EC34C0
EC3E50
EC48D0
EC5450
EC60B0
EC6E00
EC7C40
EC8B70
EC9B90
ECAC90
ECBE80
ECD160
ECE530
ECF9E0
ED0F90
ED2620
ED3DA0
ED5600
ED6F60
ED89A0
EDA4D0
EDC0E0
EDDDD0
EDFBA0
EE1A30
EE39A0
EE59F0
EE7B10
EE9D00
EEBFC0
EEE360
EF07D0
EF2D10
EF5330
EF7A20
EFA1F0
EFCA80
EFF400
F01E20
F048F0
F07470
F0A0B0
F0CD90
F0FB20
F12970
F15860
F18810
F1B870
F1E970
F21B30
F24DA0
F280C0
F2B490
F2E900
F31E00
F35380
F38980
F3C000
F3F6F0
F42E70
F46670
F49EE0
F4D7E0
F51150
F54B40
F585C0
F5C0B0
F5FC20
F63810
F67490
F6B140
F6EE40
F72B80
F76910
F7A6E0
F7E500
F82350
F86200
F8A0E0
F8E020
F91F90
F95F50
F99F50
F9DFA0
FA2030
FA6100
FAA1E0
FAE2D0
FB23C0
FB64B0
FBA5C0
FBE6C0
FC27D0
FC68F0
FCAA20
FCEB40
FD2C80
FD6DC0
FDAF00
FDF050
FE31B0
FE7310
FEB440
FEF540
FF3600
FF7690
FFB6F0
FFF720
003720
0076E0
00B670
00F5D0
013500
017400
01B2C0
01F150
022FB0
026DD0
02AB90
02E8E0
0325D0
036250
039E60
03DA00
041540
045010
048A80
04C470
04FE00
053730
056FE0
05A830
05E010
061790
064E70
0684B0
06BA50
06EF60
0723D0
0757B0
078AE0
07BD80
07EF90
082100
0851D0
088200
08B1A0
08E0A0
090F00
093CD0
0969E0
099620
09C1B0
09EC80
0A1690
0A3FF0
0A6880
0A9050
0AB770
0ADDC0
0B0360
0B2830
0B4C50
0B6FB0
0B9250
0BB420
0BD530
0BF560
0C14C0
0C3340
0C50F0
0C6DD0
0C89D0
0CA500
0CBF50
0CD8D0
0CF170
0D0950
0D2040
0D3670
0D4BC0
0D6030
0D73D0
0D8690
0D9860
0DA960
0DB980
0DC8C0
0DD720
0DE4A0
0DF140
0DFD10
0E07F0
0E11F0
0E1B20
0E2360
0E2AD0
0E3150
0E3700
0E3BD0
0E3FD0
0E42F0
0E4530
0E4690
0E4720
0E46D0
0E45B0
0E43A0
0E40C0
0E3D10
0E3870
0E3300
0E2CB0
0E2590
0E1DA0
0E14E0
0E0B60
0E0110
0DF600
0DEA20
0DDD80
0DD010
0DC1E0
0DB2E0
0DA310
0D9280
0D8120
0D6F00
0D5C20
0D4860
0D3400
0D1F00
0D0940
0CF2E0
0CDBD0
0CC410
0CABA0
0C9290
0C78C0
0C5E60
0C4340
0C2770
0C0B00
0BEDE0
0BD010
0BB1A0
0B92A0
0B7310
0B5310
0B3280
0B1160
0AEFC0
0ACDA0
0AAB00
0A87D0
0A6410
0A3FE0
0A1B20
09F5D0
09D000
09A9B0
0982E0
095BA0
093410
090C30
08E3E0
08BB40
089240
0868F0
083F30
081520
07EAC0
07BFF0
0794D0
076950
073D80
071150
06E4C0
06B800
068B10
065DF0
0630B0
060330
05D590
05A7C0
0579C0
054B90
051D30
04EEA0
04BFF0
049110
0461F0
0432B0
040340
03D3D0
03A460
0374E0
034570
031600
02E680
02B710
028790
025820
0228A0
01F920
01C9A0
019A20
016AB0
013B30
010BA0
00DC50
00AD20
007E10
004F30
002080
FFF1F0
FFC380
FF9540
FF6730
FF3940
FF0B80
FEDDE0
FEB060
FE8310
FE55F0
FE28F0
FDFC40
FDCFD0
FDA3B0
FD77E0
FD4C50
FD2110
FCF610
FCCB60
FCA100
FC76E0
FC4D10
FC2390
FBFA50
FBD160
FBA8B0
FB8060
FB5860
FB30C0
FB0990
FAE2C0
FABC50
FA9640
FA7090
FA4B40
FA2660
FA01E0
F9DDC0
F9BA00
F996B0
F973B0
F95120
F92EF0
F90D30
F8EBE0
F8CB10
F8AAA0
F88AB0
F86B30
F84C20
F82D80
F80F50
F7F1A0
F7D460
F7B780
F79B20
F77F30
F763C0
F748B0
F72E20
F71410
F6FA60
F6E140
F6C890
F6B050
F69890
F68140
F66A70
F65420
F63E40
F628D0
F613E0
F5FF60
F5EB60
F5D7D0
F5C4C0
F5B220
F59FF0
F58E30
F57CE0
F56C10
F55BB0
F54BC0
F53C50
F52D50
F51EC0
F510A0
F502F0
F4F5C0
F4E900
F4DCB0
F4D0D0
F4C550
F4BA40
F4AF90
F4A550
F49B70
F49200
F488F0
F48050
F47810
F47040
F468E0
F461D0
F45B40
F45510
F44F40
F449D0
F444B0
F43FF0
F43B80
F43770
F433B0
F43040
F42D30
F42A70
F42810
F42600
F42450
F422F0
F421E0
F42130
F420D0
F420C0
F420E0
F42150
F42200
F422F0
F42420
F425A0
F42750
F42950
F42B90
F42E10
F430D0
F433E0
F43720
F43AB0
F43E80
F44280
F446B0
F44B10
F44FA0
F45460
F45940
F45E60
F463B0
F46930
F46EE0
F474C0
F47AD0
F48100
F48770
F48E10
F494E0
F49BD0
F4A2D0
F4AA00
F4B150
F4B8C0
F4C040
F4C7F0
F4CFB0
F4D7A0
F4DFB0
F4E7D0
F4F020
F4F880
F50100
F509B0
F51270
F51B50
F52440
F52D40
F53660
F53F90
F548D0
F55220
F55B90
F56510
F56EA0
F57850
F58210
F58BE0
F595D0
F59FC0
F5A9E0
F5B400
F5BE30
F5C870
F5D2C0
F5DD20
F5E790
F5F200
F5FC90
F60730
F611E0
F61CA0
F62760
F63240
F63D30
F64820
F65330
F65E40
F66970
F674B0
F68000
F68B70
F696E0
F6A270
F6AE00
F6B9B0
F6C570
F6D140
F6DD20
F6E920
F6F520
F70140
F70D70
F719B0
F72610
F73290
F73F20
F74BD0
F75890
F76570
F77260
F77F70
F78CA0
F799E0
F7A740
F7B4B0
F7C240
F7CFF0
F7DDB0
F7EBA0
F7F9A0
F807D0
F81630
F824B0
F83350
F84210
F85100
F86010
F86F40
F87EA0
F88E20
F89DD0
F8AD90
F8BD80
F8CDA0
F8DDE0
F8EE60
F8FF00
F90FE0
F920E0
F93220
F94390
F95530
F966F0
F978F0
F98B20
F99D80
F9B010
F9C2D0
F9D5C0
F9E8F0
F9FC40
FA0FE0
FA23B0
FA37C0
FA4C00
FA6080
FA7540
FA8A30
FA9F60
FAB4C0
FACA60
FAE040
FAF650
FB0CA0
FB2330
FB39F0
FB50F0
FB6830
FB7FB0
FB9770
FBAF60
FBC790
FBE000
FBF8B0
FC11A0
FC2AD0
FC4440
FC5DE0
FC77C0
FC91E0
FCAC40
FCC6E0
FCE1B0
FCFCC0
FD1800
FD3380
FD4F30
FD6B20
FD8750
FDA3B0
FDC040
FDDD10
FDFA20
FE1760
FE34D0
FE5280
FE7070
FE8E90
FEACE0
FECB50
FEE9F0
FF08C0
FF27B0
FF46D0
FF6620
FF8590
FFA520
FFC4F0
FFE4E0
000500
002540
0045B0
006640
008710
00A7E0
00C8C0
00E9B0
010AB0
012BC0
014CE0
016E10
018F50
01B0A0
01D200
01F370
0214F0
023680
025810
0279C0
029B80
02BD20
02DEC0
030040
0321B0
034320
036460
0385A0
03A6D0
03C7E0
03E8F0
0409E0
042AC0
044B90
046C50
048CF0
04AD90
04CDF0
04EE10
050DF0
052D90
054D00
056C30
058B30
05A9E0
05C860
05E6A0
0604B0
062270
064000
065D60
067A70
069750
06B3C0
06CFD0
06EB80
0706D0
0721B0
073C30
075640
076FF0
078940
07A230
07BAB0
07D2D0
07EA80
0801E0
0818D0
082F50
084550
085AC0
086FA0
088400
0897C0
08AB00
08BDB0
08CFD0
08E160
08F270
0902E0
0912D0
092230
093100
093F50
094D00
095A10
096670
097230
097D40
0987A0
099150
099A60
09A2B0
09AA70
09B170
09B7D0
09BD80
09C290
09C6E0
09CA90
09CDA0
09CFE0
09D170
09D240
09D250
09D1B0
09D040
09CE20
09CB40
09C7B0
09C350
09BE40
09B870
09B1F0
09AAA0
09A2A0
0999E0
099060
098630
097B30
096F80
096310
0955F0
094800
093960
092A00
0919F0
090910
08F780
08E530
08D220
08BE60
08A9D0
0894B0
087ED0
086850
085130
083960
0820E0
0807C0
07EE00
07D390
07B870
079CB0
078040
076330
074580
072710
070810
06E880
06C860
06A7D0
0686C0
066520
064300
062050
05FD30
05D980
05B560
0590A0
056B70
0545C0
051F80
04F8C0
04D180
04A9F0
048210
0459F0
043180
0408C0
03DFB0
03B660
038CC0
0362D0
033890
030E10
02E330
02B810
028CB0
0260F0
0234F0
0208E0
01DCC0
01B0A0
018460
015820
012BE0
00FF80
00D320
00A6B0
007A30
004DA0
002110
FFF470
FFC7C0
FF9B10
FF6E40
FF41C0
FF1570
FEE950
FEBD70
FE91D0
FE6660
FE3B30
FE1040
FDE580
FDBB00
FD90B0
FD66A0
FD3CD0
FD1330
FCE9D0
FCC0B0
FC9800
FC6FD0
FC4810
FC20D0
FBFA10
FBD3D0
FBAE00
FB88B0
FB63D0
FB3F70
FB1B90
FAF830
FAD540
FAB2D0
FA90D0
FA6F60
FA4E90
FA2E70
FA0F10
F9F050
F9D250
F9B500
F99860
F97C70
F96130
F946A0
F92CC0
F91390
F8FB20
F8E350
F8CC40
F8B5E0
F8A050
F88BA0
F877B0
F864B0
F85270
F84110
F83090
F820E0
F81200
F803F0
F7F6C0
F7EA70
F7DEE0
F7D440
F7CA60
F7C160
F7B940
F7B200
F7ABA0
F7A630
F7A1A0
F79DE0
F79B10
F79920
F79820
F797F0
F798B0
F79A40
F79CC0
F7A020
F7A460
F7A990
F7AF80
F7B650
F7BE00
F7C680
F7CFD0
F7D9F0
F7E4F0
F7F0C0
F7FD70
F80AF0
F81940
F82870
F83870
F84940
F85AF0
F86D70
F880A0
F89480
F8A910
F8BE50
F8D430
F8EAD0
F90210
F91A10
F932B0
F94C00
F96610
F980C0
F99C20
F9B820
F9D4E0
F9F250
FA1030
FA2E80
FA4D40
FA6C80
FA8C20
FAAC40
FACCD0
FAEDE0
FB0F50
FB3140
FB53A0
FB7670
FB99B0
FBBD60
FBE190
FC0630
FC2AF0
FC4FE0
FC74F0
FC9A30
FCBF90
FCE510
FD0AC0
FD30A0
FD5690
FD7CC0
FDA300
FDC970
FDF010
FE16D0
FE3DB0
FE64C0
FE8BA0
FEB260
FED8E0
FEFF50
FF2580
FF4B90
FF7170
FF9730
FFBCC0
FFE220
000760
002C60
005150
007600
009A90
00BF00
00E2E0
010650
012950
014BC0
016DD0
018F50
01B060
01D0F0
01F100
0210A0
022FD0
024E70
026CA0
028A50
02A790
02C450
02E050
02FBA0
031620
032FF0
034900
036150
0378F0
038FD0
03A5E0
03BB50
03CFF0
03E3D0
03F700
040970
041B20
042C20
043C30
044B50
045990
0466E0
047350
047ED0
048960
049320
049BE0
04A3C0
04AAC0
04B0D0
04B5F0
04BA30
04BD90
04BFF0
04C170
04C1E0
04C160
04BFF0
04BD80
04BA10
04B5A0
04B040
04A9F0
04A290
049A50
049100
0486C0
047B80
046F50
046220
045400
044500
043510
042430
041270
03FFB0
03EC20
03D790
03C220
03ABC0
039470
037C30
036310
034900
032E10
031220
02F580
02D820
02B9F0
029B10
027B60
025AF0
0239D0
0217E0
01F530
01D1C0
01ADA0
0188B0
016300
013C90
011560
00ED60
00C500
009C10
0072B0
0048D0
001E80
FFF3A0
FFC860
FF9C90
FF7050
FF4390
FF1650
FEE8A0
FEBA70
FE8BD0
FE5CA0
FE2D10
FDFD40
FDCD60
FD9D50
FD6D20
FD3CC0
FD0C50
FCDBB0
FCAAE0
FC7A00
FC48F0
FC17B0
FBE660
FBB4E0
FB8340
FB5170
FB1F90
FAEDE0
FABC60
FA8B20
FA5A20
FA2960
F9F8D0
F9C870
F99860
F96880
F938E0
F90970
F8DA40
F8AB50
F87C90
F84E10
F81FC0
F7F210
F7C4F0
F79870
F76C80
F74120
F71650
F6EC20
F6C280
F69970
F67100
F64920
F621D0
F5FB20
F5D500
F5AF70
F58A80
F56660
F54330
F520D0
F4FF60
F4DED0
F4BF10
F4A040
F48240
F46530
F448F0
F42DA0
F41330
F3F990
F3E0E0
F3C900
F3B210
F39C30
F38760
F373A0
F360F0
F34F60
F33EE0
F32F70
F32110
F313D0
F30790
F2FC70
F2F260
F2E970
F2E180
F2DAB0
F2D4F0
F2D050
F2CCE0
F2CAA0
F2C970
F2C980
F2CAA0
F2CD00
F2D070
F2D510
F2DAE0
F2E1D0
F2E9E0
F2F320
F2FD80
F30910
F315C0
F32390
F33270
F34280
F35390
F365D0
F37920
F38D90
F3A310
F3B9B0
F3D170
F3EA40
F40440
F41F40
F43B70
F458B0
F47700
F49650
F4B680
F4D790
F4F990
F51C80
F54060
F56520
F58AC0
F5B160
F5D8E0
F60140
F62A90
F654D0
F68000
F6AC10
F6D900
F706A0
F734E0
F763B0
F79330
F7C340
F7F400
F82550
F85750
F889E0
F8BD20
F8F0F0
F92560
F95A80
F99030
F9C680
F9FD80
FA34B0
FA6C20
FAA3E0
FADBD0
FB1410
FB4C80
FB8540
FBBE30
FBF770
FC30F0
FC6AB0
FCA4B0
FCDEE0
FD1960
FD5420
FD8F30
FDCA00
FE04C0
FE3F50
FE79C0
FEB400
FEEE20
FF2820
FF61F0
FF9BB0
FFD530
000EA0
0047E0
008100
00B9F0
00F2D0
012B70
0163A0
019B40
01D250
0208E0
023EF0
027470
02A970
02DDE0
0311D0
034540
037820
03AA70
03DC40
040D90
043E50
046E90
049DF0
04CC80
04FA20
052700
0552F0
057E10
05A860
05D1C0
05FA60
062210
0648F0
066EF0
069420
06B870
06DBE0
06FE80
072010
074080
075FE0
077E40
079B80
07B7B0
07D2D0
07ECE0
0805D0
081DC0
083490
084A60
085F10
0872B0
088540
0896C0
08A710
08B640
08C430
08D110
08DCB0
08E730
08F080
08F8A0
08FFA0
090570
090A10
090D90
090FD0
091100
0910F0
090FC0
090D70
090A00
090570
08FFC0
08F900
08F110
08E810
08DDF0
08D2B0
08C650
08B8D0
08AA30
089A80
0889A0
0877B0
0864A0
0850A0
083BA0
0825C0
080EF0
07F720
07DE70
07C4C0
07AA30
078EA0
077220
0754C0
073660
071710
06F6D0
06D5A0
06B390
0690C0
066D60
064950
062490
05FF30
05D930
05B290
058B40
056350
053AB0
051180
04E790
04BD10
0491E0
046600
043990
040CC0
03DFC0
03B270
0384D0
0356F0
0328C0
02FA50
02CB90
029C90
026D50
023DC0
020DE0
01DDC0
01AD50
017CA0
014BB0
011AD0
00EA10
00B980
008900
0058A0
002860
FFF840
FFC840
FF9850
FF6890
FF38F0
FF0960
FEDA00
FEAAB0
FE7B80
FE4C80
FE1DF0
FDEFF0
FDC260
FD9560
FD68E0
FD3CE0
FD1160
FCE670
FCBBF0
FC9200
FC6890
FC3FA0
FC1730
FBEF40
FBC7D0
FBA0F0
FB7AE0
FB55A0
FB3130
FB0DA0
FAEAE0
FAC8F0
FAA7E0
FA87A0
FA6830
FA49A0
FA2BE0
FA0EF0
F9F2E0
F9D7A0
F9BD30
F9A390
F98B10
F97390
F95D30
F947D0
F93390
F92050
F90E30
F8FD10
F8ED00
F8DE10
F8D020
F8C350
F8B780
F8ACC0
F8A320
F89A80
F89310
F88CD0
F887B0
F883B0
F880F0
F87F40
F87ED0
F87F80
F88150
F88450
F88880
F88DD0
F89450
F89BF0
F8A4C0
F8AEB0
F8B9D0
F8C600
F8D360
F8E1E0
F8F170
F90230
F91410
F92710
F93B30
F95070
F966D0
F97E60
F99700
F9B0C0
F9CBB0
F9E7B0
FA04B0
FA22B0
FA4190
FA6180
FA8250
FAA420
FAC6F0
FAEAB0
FB0F60
FB3510
FB5BC0
FB8350
FBABF0
FBD570
FBFFF0
FC2B70
FC5790
FC8470
FCB200
FCE040
FD0F30
FD3ED0
FD6F30
FDA030
FDD1F0
FE0450
FE3770
FE6B40
FE9FC0
FED4F0
FF0AD0
FF4170
FF7860
FFAFA0
FFE740
001F40
005790
009040
00C940
0102A0
013C60
017670
01B0D0
01EBA0
0226B0
026230
029E00
02DA20
031640
035260
038E70
03CA70
040670
044260
047E50
04BA30
04F610
0531E0
056DA0
05A970
05E520
0620D0
065C80
069810
06D350
070E20
074890
078290
07BC30
07F560
082E40
0866A0
089EA0
08D640
090D80
094450
097AB0
09B0C0
09E650
0A1B90
0A5010
0A83D0
0AB6E0
0AE930
0B1AD0
0B4BB0
0B7BE0
0BAB50
0BDA00
0C0800
0C3550
0C61E0
0C8DC0
0CB8E0
0CE340
0D0CF0
0D35B0
0D5D80
0D8450
0DAA40
0DCF30
0DF330
0E1650
0E3870
0E59A0
0E79E0
0E9930
0EB780
0ED4F0
0EF160
0F0CF0
0F2780
0F4100
0F5980
0F70E0
0F8730
0F9C80
0FB0B0
0FC3E0
0FD5F0
0FE6F0
0FF6F0
1005D0
1013B0
102070
102C20
1036D0
104060
1048F0
105060
1056D0
105C30
106080
1063C0
1065F0
106710
106720
106630
106420
106100
105CE0
1057B0
105170
104A10
1041D0
1038A0
102E80
102370
101760
100A70
0FFC90
0FEDB0
0FDDF0
0FCD30
0FBB90
0FA8F0
0F9570
0F80F0
0F6B80
0F5530
0F3E10
0F2650
0F0DD0
0EF490
0EDAA0
0EBFF0
0EA490
0E8870
0E6BA0
0E4E10
0E2FD0
0E10D0
0DF120
0DD0B0
0DAF90
0D8DB0
0D6B70
0D48B0
0D2590
0D01F0
0CDDF0
0CB980
0C94A0
0C6F60
0C49A0
0C2380
0BFCE0
0BD5E0
0BAE70
0B8690
0B5E40
0B3590
0B0CB0
0AE3C0
0ABAB0
0A9180
0A6830
0A3ED0
0A1540
09EBA0
09C1E0
099810
096E10
094400
0919D0
08EF80
08C510
089A90
087040
084620
081C30
07F270
07C8F0
079FA0
077680
074DA0
0724F0
06FC70
06D420
06AC10
068430
065C80
063500
060DC0
05E6F0
05C0A0
059AC0
057560
055070
052C00
050810
04E490
04C190
049F00
047CF0
045B50
043A30
041990
03F960
03D9B0
03BAA0
039C50
037EA0
0361A0
034550
0329B0
030EB0
02F470
02DAD0
02C1E0
02A9A0
029210
027B30
0264F0
024F60
023A90
022670
021330
0200B0
01EEF0
01DE00
01CDE0
01BE80
01AFE0
01A220
019520
0188E0
017D70
0172D0
0168F0
015FD0
015790
015010
014950
014370
013E50
013A00
013680
0133D0
0131E0
0130D0
013080
0130F0
013240
013450
013730
013AE0
013F60
014490
014A70
015110
015860
016070
016920
0172A0
017CC0
0187A0
019340
019F80
01AC90
01BA40
01C8B0
01D7D0
01E7B0
01F810
020900
021A80
022C80
023F10
025230
0265D0
027A00
028EC0
02A400
02B9E0
02D030
02E720
02FE90
031690
032F10
0347F0
036110
037A90
039460
03AE80
03C8F0
03E3B0
03FEC0
041A20
0435D0
0451D0
046E30
048AD0
04A7D0
04C510
04E2B0
050050
051E10
053BD0
0559B0
057790
059580
05B380
05D190
05EFB0
060DE0
062C20
064A70
0668D0
068730
06A5B0
06C430
06E290
0700B0
071EA0
073C60
0759F0
077740
079470
07B160
07CE30
07EAC0
080720
082350
083F50
085B10
0876B0
089210
08AD10
08C7A0
08E1C0
08FB70
0914B0
092D90
094600
095E00
097590
098CB0
09A370
09B9C0
09CFA0
09E510
09FA20
0A0EB0
0A22B0
0A3620
0A48F0
0A5B20
0A6CC0
0A7DD0
0A8E30
0A9E00
0AAD40
0ABBE0
0AC9F0
0AD750
0AE430
0AF060
0AFC10
0B0710
0B1170
0B1B10
0B2400
0B2C30
0B33C0
0B3A90
0B40B0
0B4610
0B4AD0
0B4ED0
0B5220
0B54B0
0B56A0
0B57D0
0B5850
0B5810
0B5720
0B5580
0B5320
0B5000
0B4C30
0B47A0
0B4260
0B3C60
0B35B0
0B2E40
0B2610
0B1D30
0B13A0
0B0940
0AFE40
0AF270
0AE600
0AD8F0
0ACB30
0ABCC0
0AADB0
0A9DF0
0A8D80
0A7C70
0A6AC0
0A5850
0A4540
0A3190
0A1D30
0A0820
09F270
09DC10
09C530
09ADC0
0995C0
097D40
096430
094AA0
093080
0915D0
08FAA0
08DEE0
08C2A0
08A5D0
088880
086AA0
084C30
082D40
080DF0
07EE50
07CE40
07ADF0
078D30
076C20
074AC0
0728F0
0706D0
06E460
06C180
069E50
067AD0
0656F0
0632B0
060E10
05E960
05C480
059F80
057A60
055520
052FC0
050A30
04E490
04BEC0
0498D0
0472C0
044C90
042640
03FFD0
03D930
03B280
038BE0
036550
033EF0
0318A0
02F260
02CC40
02A640
028050
025A80
0234D0
020F30
01E9B0
01C450
019F00
0179C0
0154B0
012FE0
010B70
00E740
00C370
009FF0
007CC0
0059E0
003750
001510
FFF330
FFD190
FFB050
FF8F60
FF6EC0
FF4E60
FF2E70
FF0EF0
FEEFF0
FED170
FEB380
FE9600
FE7910
FE5CA0
FE40B0
FE2530
FE0A50
FDEFE0
FDD5F0
FDBC80
FDA3A0
FD8B30
FD7350
FD5C10
FD4570
FD2F70
FD1A20
FD0570
FCF160
FCDE00
FCCB40
FCB920
FCA7B0
FC96D0
FC86A0
FC7720
FC6830
FC59F0
FC4C50
FC3F70
FC3340
FC27C0
FC1D00
FC12F0
FC09A0
FC0110
FBF920
FBF200
FBEB80
FBE5C0
FBE0C0
FBDC70
FBD8D0
FBD5F0
FBD3D0
FBD260
FBD1A0
FBD1A0
FBD260
FBD3D0
FBD600
FBD8F0
FBDC90
FBE0F0
FBE600
FBEBD0
FBF250
FBF9A0
FC0190
FC0A50
FC13B0
FC1DD0
FC2890
FC3400
FC4010
FC4CD0
FC5A30
FC6850
FC7700
FC8670
FC9680
FCA730
FCB890
FCCAA0
FCDD60
FCF0C0
FD04C0
FD1960
FD2E80
FD4420
FD5A50
FD7110
FD8860
FDA030
FDB890
FDD180
FDEAF0
FE04F0
FE1F80
FE3A90
FE5630
FE7260
FE8F10
FEAC20
FEC990
FEE760
FF0590
FF2420
FF4310
FF6250
FF8200
FFA200
FFC260
FFE320
000440
0025C0
0047A0
0069E0
008C70
00AF30
00D220
00F540
011870
013BE0
015F70
018330
01A710
01CB20
01EF50
0213B0
023840
025CF0
0281D0
02A6E0
02CC10
02F130
031640
033B40
036030
038510
03A9F0
03CEB0
03F370
041810
043CB0
046130
0485B0
04AA20
04CE80
04F2D0
051700
053B00
055EB0
058220
05A540
05C820
05EAC0
060D10
062F10
0650E0
067260
069390
06B480
06D530
06F590
0715B0
073580
0754E0
0773D0
079240
07B040
07CDC0
07EAD0
080760
082380
083F20
085A60
087510
088F50
08A920
08C270
08DB50
08F3C0
090B80
0922B0
093940
094F30
096480
097930
098D40
09A0B0
09B390
09C5C0
09D760
09E860
09F8C0
0A0880
0A17A0
0A2620
0A33F0
0A4110
0A4D70
0A5920
0A6410
0A6E50
0A77E0
0A80B0
0A88D0
0A9040
0A96F0
0A9CF0
0AA240
0AA6D0
0AAAB0
0AADD0
0AB040
0AB1F0
0AB2E0
0AB320
0AB2A0
0AB160
0AAF70
0AACC0
0AA950
0AA520
0AA040
0A9AA0
0A9440
0A8D30
0A8550
0A7CD0
0A7390
0A69A0
0A5F10
0A53C0
0A47D0
0A3B30
0A2DE0
0A1FF0
0A1140
0A01F0
09F1E0
09E130
09CFD0
09BDC0
09AB00
0997A0
0983A0
096F20
095A00
094460
092E20
091760
090010
08E820
08CFB0
08B6B0
089D20
088300
086850
084D10
083140
0814E0
07F820
07DB00
07BD80
079FA0
078160
0762C0
0743C0
072450
070490
06E470
06C3E0
06A300
0681B0
066010
063E00
061BA0
05F910
05D660
05B380
059080
056D60
054A20
0526B0
050320
04DF70
04BB90
049790
047370
044F30
042AC0
040630
03E180
03BCE0
039870
037410
034FD0
032BB0
0307B0
02E3C0
02BFF0
029C50
0278C0
025550
0231F0
020EC0
01EBA0
01C8A0
01A5D0
018350
016130
013F70
011E10
00FD20
00DC80
00BC50
009C70
007D00
005DE0
003F30
0020E0
0002E0
FFE550
FFC820
FFAB50
FF8F20
FF7380
FF5890
FF3E30
FF2470
FF0B50
FEF2C0
FEDAE0
FEC390
FEACE0
FE96D0
FE8160
FE6C80
FE5850
FE44B0
FE31B0
FE1F80
FE0E10
FDFD80
FDEDB0
FDDEB0
FDD080
FDC320
FDB680
FDAAC0
FD9FC0
FD9590
FD8C20
FD8390
FD7BC0
FD74C0
FD6E90
FD6950
FD64F0
FD6180
FD5EF0
FD5D50
FD5C90
FD5CC0
FD5DE0
FD5FE0
FD62C0
FD66A0
FD6B50
FD7100
FD7790
FD7F00
FD8760
FD90B0
FD9AF0
FDA620
FDB230
FDBF40
FDCD40
FDDC20
FDEC00
FDFCC0
FE0E80
FE2120
FE34B0
FE4930
FE5EA0
FE7500
FE8C50
FEA480
FEBD90
FED770
FEF230
FF0DC0
FF2A40
FF4790
FF65C0
FF84C0
FFA4B0
FFC570
FFE700
000980
002CD0
005100
007610
009BC0
00C230
00E940
011110
013980
0162A0
018C70
01B6F0
01E210
020DF0
023A80
0267B0
0295A0
02C430
02F370
032360
0353C0
038480
03B5C0
03E760
041970
044BE0
047ED0
04B220
04E5E0
051A10
054EA0
0583B0
05B920
05EEF0
062540
065BF0
0692C0
06C9A0
0700A0
0737C0
076EF0
07A630
07DD90
081510
084CA0
088450
08BC10
08F3F0
092BE0
0963F0
099C10
09D450
0A0C50
0A4400
0A7B80
0AB2B0
0AE9A0
0B2060
0B56D0
0B8D00
0BC2E0
0BF890
0C2E00
0C6320
0C9800
0CCCA0
0D0110
0D3520
0D68B0
0D9B90
0DCDE0
0DFF80
0E3090
0E6110
0E90E0
0EC020
0EEEC0
0F1CC0
0F4A20
0F76F0
0FA320
0FCEB0
0FF9A0
102400
104D70
1075F0
109D80
10C430
10E9F0
110ED0
1132B0
1155C0
1177D0
119900
11B940
11D890
11F700
121480
123120
124CC0
126750
1280A0
1298E0
12AFF0
12C5D0
12DA90
12EE30
1300A0
1311E0
132200
133100
133ED0
134B80
135700
136160
136A90
137280
137920
137E80
138290
138560
1386E0
138720
138610
1383C0
138020
137B40
137510
136DA0
1364E0
135AD0
134F90
1342F0
133510
1325F0
131590
1303D0
12F0E0
12DCA0
12C710
12B040
129830
127ED0
126430
124840
122B10
120C90
11ECD0
11CBE0
11A9E0
1186B0
116250
113CD0
111630
10EE70
10C580
109B70
107040
1043E0
101660
0FE7B0
0FB7F0
0F8700
0F54E0
0F21F0
0EEE10
0EB950
0E83B0
0E4D20
0E15B0
0DDD60
0DA430
0D6A20
0D2F20
0CF340
0CB680
0C78E0
0C3A60
0BFAF0
0BBAA0
0B79D0
0B3860
0AF680
0AB400
0A7110
0A2D80
09E970
09A4E0
095FB0
091A10
08D3D0
088D10
0845D0
07FE00
07B5A0
076CC0
0723C0
06DAA0
069170
064810
05FEA0
05B520
056B70
0521B0
04D7D0
048DD0
0443C0
03F980
03AF30
0364D0
031A40
02CFA0
028550
023B60
01F1B0
01A870
015F70
0116D0
00CE90
0086A0
003F00
FFF7B0
FFB0C0
FF6A20
FF23E0
FEDDF0
FE9860
FE5310
FE0E90
FDCAD0
FD87E0
FD45A0
FD0430
FCC370
FC8380
FC4450
FC05F0
FBC840
FB8B50
FB4F30
FB13D0
FAD930
FA9F50
FA6630
FA2E30
F9F750
F9C190
F98CE0
F95950
F926E0
F8F590
F8C550
F89640
F86840
F83B50
F80F90
F7E4E0
F7BB60
F792F0
F76B90
F745A0
F72100
F6FDB0
F6DBC0
F6BB30
F69C00
F67E20
F66190
F64670
F62C90
F61420
F5FD00
F5E740
F5D2D0
F5BFC0
F5AE00
F59DC0
F58EF0
F58190
F575B0
F56B30
F56230
F55AB0
F55490
F54FF0
F54CC0
F54B00
F54AC0
F54BE0
F54E80
F552A0
F55820
F55F10
F56770
F57120
F57C50
F588D0
F596C0
F5A620
F5B6E0
F5C900
F5DC90
F5F180
F607E0
F61FA0
F638D0
F65360
F66F50
F68C80
F6AAE0
F6CA70
F6EB40
F70D40
F73070
F754E0
F77A70
F7A150
F7C950
F7F290
F81D00
F848A0
F87580
F8A380
F8D2D0
F902F0
F933F0
F965D0
F99890
F9CC40
FA00C0
FA3620
FA6C60
FAA380
FADB90
FB1470
FB4E30
FB88D0
FBC460
FC00C0
FC3E00
FC7BC0
FCB9E0
FCF880
FD37A0
FD7720
FDB720
FDF790
FE3870
FE79D0
FEBB90
FEFDD0
FF4090
FF83B0
FFC750
000B60
004FE0
009460
00D8E0
011D50
0161C0
01A630
01EA90
022EF0
027350
02B7B0
02FC00
034050
038490
03C8E0
040D20
045150
049590
04D940
051C80
055F40
05A180
05E340
062490
066550
06A5A0
06E570
0724C0
0763A0
07A1F0
07DFD0
081D30
085A10
089670
08D1F0
090C80
094630
097F00
09B6E0
09EDE0
0A23F0
0A5920
0A8D60
0AC0C0
0AF340
0B24D0
0B5570
0B8540
0BB410
0BE210
0C0ED0
0C3A50
0C64A0
0C8DB0
0CB590
0CDC30
0D01A0
0D25E0
0D48D0
0D6AA0
0D8B30
0DAA80
0DC8A0
0DE580
0E0130
0E1BA0
0E34B0
0E4C50
0E6290
0E7770
0E8AE0
0E9CE0
0EAD90
0EBCC0
0ECA90
0ED700
0EE200
0EEBA0
0EF3E0
0EFAB0
0F0010
0F0410
0F06A0
0F07C0
0F0770
0F05A0
0F0270
0EFDD0
0EF7C0
0EF030
0EE740
0EDCD0
0ED100
0EC3B0
0EB4F0
0EA4D0
0E9330
0E8020
0E6BC0
0E5610
0E3F10
0E26C0
0E0D20
0DF230
0DD5E0
0DB850
0D9960
0D7930
0D57A0
0D34C0
0D1090
0CEB20
0CC450
0C9C20
0C72F0
0C48C0
0C1D70
0BF110
0BC3B0
0B9530
0B65B0
0B3510
0B0370
0AD0C0
0A9D00
0A6830
0A3250
09FB60
09C360
098A60
0950A0
091630
08DB10
089F40
0862C0
082590
07E7B0
07A910
0769D0
0729D0
06E930
06A7D0
0665C0
062310
05DFA0
059B70
055710
051270
04CD80
048860
0442F0
03FD40
03B750
037120
032AA0
02E3F0
029CF0
0255B0
020E30
01C670
017E70
013620
00EE10
00A630
005E70
0016F0
FFCFA0
FF8880
FF4190
FEFAD0
FEB440
FE6DE0
FE27C0
FDE1C0
FD9BF0
FD5660
FD10F0
FCCBC0
FC8720
FC4330
FBFFD0
FBBD10
FB7AF0
FB3970
FAF890
FAB850
FA78B0
FA39A0
F9FB40
F9BD70
F98050
F943C0
F907D0
F8CC80
F89230
F858D0
F82060
F7E8F0
F7B280
F77D00
F74870
F714E0
F6E250
F6B0B0
F68000
F65050
F621A0
F5F3E0
F5C710
F59B40
F570B0
F54750
F51F20
F4F830
F4D280
F4ADF0
F48AB0
F46890
F447C0
F42810
F409A0
F3EC70
F3D070
F3B5B0
F39C20
F383C0
F36CC0
F35710
F342C0
F32FB0
F31E00
F30DB0
F2FEA0
F2F0F0
F2E4A0
F2D990
F2CFE0
F2C790
F2C080
F2BAD0
F2B670
F2B370
F2B1B0
F2B150
F2B240
F2B470
F2B800
F2BCE0
F2C310
F2CA90
F2D360
F2DD80
F2E8F0
F2F5B0
F303D0
F31330
F323E0
F335F0
F34920
F35D80
F37310
F389D0
F3A1C0
F3BAD0
F3D520
F3F090
F40D30
F42B00
F449F0
F46A20
F48B80
F4AE00
F4D1B0
F4F690
F51C60
F54320
F56AC0
F59360
F5BCF0
F5E760
F612C0
F63F20
F66C60
F69A90
F6C9B0
F6F9C0
F72AC0
F75CB0
F78F80
F7C350
F7F7B0
F82CB0
F86250
F89890
F8CF70
F906E0
F93EF0
F977B0
F9B0F0
F9EAE0
FA2570
FA6090
FA9C50
FAD8B0
FB15B0
FB5340
FB9120
FBCF30
FC0D90
FC4C20
FC8B00
FCCA10
FD0970
FD4900
FD88E0
FDC8F0
FE0940
FE49E0
FE8AB0
FECBD0
FF0D20
FF4EB0
FF9030
FFD190
0012D0
0053F0
009500
00D5F0
0116D0
015790
019830
01D8B0
021920
025970
0299A0
02D9C0
0319B0
0359A0
039910
03D810
0416A0
0454C0
049270
04CFC0
050C90
0548F0
0584E0
05C060
05FB70
063610
067040
06AA00
06E350
071C40
075460
078BE0
07C2A0
07F8B0
082E10
0862B0
0896B0
08C9F0
08FC70
092E50
095F70
098FE0
09BFA0
09EEA0
0A1D00
0A4A90
0A7750
0AA320
0ACE10
0AF820
0B2140
0B4980
0B70D0
0B9750
0BBCD0
0BE180
0C0540
0C2820
0C4A10
0C6B30
0C8B50
0CAAA0
0CC8E0
0CE620
0D0270
0D1DB0
0D37F0
0D5130
0D6970
0D80B0
0D96F0
0DAC30
0DC070
0DD3A0
0DE5E0
0DF720
0E0750
0E1690
0E24C0
0E31F0
0E3E10
0E4930
0E5350
0E5C60
0E6470
0E6B80
0E7180
0E7680
0E7A80
0E7D70
0E7F60
0E8040
0E8030
0E7F00
0E7CF0
0E79E0
0E75D0
0E70D0
0E6AD0
0E63E0
0E5BF0
0E5310
0E4940
0E3E60
0E32A0
0E25E0
0E1820
0E0970
0DF9D0
0DE920
0DD7B0
0DC560
0DB240
0D9E40
0D8960
0D73B0
0D5D30
0D45D0
0D2DA0
0D1490
0CFAB0
0CE000
0CC470
0CA800
0C8AC0
0C6CB0
0C4DE0
0C2E70
0C0E50
0BED80
0BCBF0
0BA9C0
0B86E0
0B6350
0B3F10
0B1A20
0AF480
0ACE30
0AA730
0A7F90
0A5730
0A2E20
0A04A0
09DA90
09B010
098510
0959A0
092DA0
090130
08D440
08A6D0
0878F0
084A80
081BA0
07EC40
07BC60
078C10
075B30
072A10
06F8B0
06C700
069500
0662C0
063030
05FD60
05CA40
0596D0
056320
052F20
04FAE0
04C650
049170
045C50
0426F0
03F170
03BBE0
038640
035080
031AC0
02E4E0
02AEF0
0278F0
0242D0
020CA0
01D670
01A020
0169B0
013340
00FCB0
00C620
008FA0
005940
002300
FFECE0
FFB6D0
FF80F0
FF4B30
FF1580
FEE000
FEAA90
FE7540
FE4010
FE0B10
FDD620
FDA150
FD6C90
FD3830
FD0420
FCD050
FC9CD0
FC69A0
FC36C0
FC0430
FBD1E0
FB9FE0
FB6E40
FB3CD0
FB0BC0
FADB00
FAAA80
FA7A50
FA4A80
FA1B10
F9EC20
F9BDB0
F98FB0
F96220
F93520
F90880
F8DC60
F8B0C0
F88590
F85AE0
F830A0
F806E0
F7DD90
F7B4B0
F78C60
F764A0
F73D70
F716F0
F6F100
F6CBB0
F6A6F0
F682E0
F65F60
F63C80
F61A30
F5F890
F5D780
F5B710
F59730
F577F0
F55960
F53B70
F51E50
F501E0
F4E640
F4CB50
F4B120
F497A0
F47EF0
F466F0
F44FB0
F43930
F42360
F40E60
F3FA10
F3E680
F3D3A0
F3C1A0
F3B070
F3A020
F39090
F381E0
F37400
F366F0
F35AB0
F34F50
F344B0
F33AF0
F33200
F329F0
F322A0
F31C30
F31680
F311C0
F30DF0
F30AF0
F308E0
F307B0
F30760
F307F0
F30970
F30BD0
F30F10
F31330
F31840
F31E30
F32500
F32CB0
F33540
F33EC0
F34920
F35470
F360A0
F36DB0
F37BB0
F38A90
F39A50
F3AB00
F3BC90
F3CF10
F3E260
F3F6B0
F40BD0
F421E0
F438E0
F450B0
F46960
F482F0
F49D60
F4B8B0
F4D4E0
F4F1F0
F50FD0
F52EA0
F54E40
F56EC0
F59030
F5B270
F5D590
F5F990
F61E60
F64410
F66A70
F691A0
F6B9A0
F6E260
F70BE0
F73620
F76130
F78D10
F7B9B0
F7E710
F81540
F84430
F873E0
F8A460
F8D5A0
F90780
F93A10
F96D30
F9A0F0
F9D550
FA0A50
FA3FF0
FA7630
FAAD10
FAE490
FB1CB0
FB5570
FB8ED0
FBC8D0
FC0370
FC3EB0
FC7A50
FCB670
FCF2E0
FD2FD0
FD6D20
FDAAD0
FDE8F0
FE2780
FE6680
FEA5E0
FEE5A0
FF25E0
FF6670
FFA780
FFE8F0
002AD0
006CD0
00AEF0
00F140
0133B0
017650
01B910
01FBF0
023EF0
028220
02C570
0308F0
034C80
039050
03D430
041840
045C70
04A080
04E460
052820
056BC0
05AF30
05F280
0635B0
0678B0
06BB90
06FE40
0740D0
078340
07C580
0807A0
0849A0
088B70
08CCD0
090DB0
094E20
098E20
09CDA0
0A0CA0
0A4B30
0A8950
0AC6F0
0B0420
0B40E0
0B7D20
0BB8E0
0BF440
0C2F10
0C6980
0CA320
0CDC00
0D1420
0D4B80
0D8220
0DB7F0
0DED10
0E2170
0E5500
0E87D0
0EB9F0
0EEB40
0F1BD0
0F4BA0
0F7AB0
0FA8F0
0FD640
100280
102DC0
1057F0
108130
10A960
10D080
10F6B0
111BD0
113FF0
116300
118520
11A620
11C630
11E530
120340
122000
123BA0
125610
126F40
128740
129E10
12B3A0
12C810
12DB40
12ED40
12FE10
130DA0
131C10
132940
133540
134010
134990
1351D0
1358C0
135E60
1362C0
1365D0
136790
136810
136740
136530
1361D0
135D30
135730
134FF0
134770
133DA0
133290
132630
131890
1309C0
12F990
12E830
12D580
12C1A0
12AC70
1295F0
127E40
126540
124B00
122F80
1212C0
11F4B0
11D590
11B540
1193E0
117150
114DB0
1128F0
110300
10DC00
10B3E0
108AA0
106040
1034C0
100820
0FDA60
0FAB80
0F7B80
0F4AA0
0F18E0
0EE640
0EB2D0
0E7E70
0E4930
0E1310
0DDC10
0DA430
0D6B70
0D31D0
0CF750
0CBBF0
0C7FB0
0C4290
0C04A0
0BC610
0B8700
0B4770
0B0740
0AC6A0
0A8570
0A43B0
0A0170
09BEA0
097B50
093770
08F310
08AE20
0868B0
0822B0
07DC20
079580
074EB0
0707C0
06C0B0
067970
063210
05EAA0
05A300
055B30
051350
04CB40
048310
043AC0
03F250
03A9C0
036100
031890
02D070
028890
0240F0
01F9A0
01B2A0
016BE0
012570
00DF40
009960
0053C0
000E70
FFC960
FF84A0
FF4030
FEFC00
FEB880
FE75B0
FE3380
FDF210
FDB140
FD7120
FD31B0
FCF2F0
FCB4E0
FC7780
FC3AC0
FBFEC0
FBC360
FB88B0
FB4EB0
FB1550
FADD00
FAA5B0
FA6F70
FA3A20
FA05E0
F9D290
F9A050
F96F10
F93ED0
F90FA0
F8E160
F8B430
F88800
F85CD0
F832A0
F80970
F7E180
F7BAD0
F79560
F77130
F74E40
F72C80
F70C10
F6ECD0
F6CED0
F6B210
F69690
F67C50
F66340
F64B80
F634F0
F61FA0
F60BB0
F5F910
F5E7D0
F5D7E0
F5C950
F5BC20
F5B040
F5A5C0
F59C90
F594B0
F58E40
F58920
F58550
F582E0
F581C0
F58210
F583A0
F58680
F58AB0
F59040
F59710
F59F40
F5A8C0
F5B390
F5BFB0
F5CD20
F5DBE0
F5EBF0
F5FD60
F61010
F62420
F63970
F64FF0
F667A0
F68070
F69A70
F6B590
F6D1D0
F6EF40
F70DE0
F72DA0
F74E80
F77090
F793C0
F7B820
F7DDA0
F80450
F82C20
F854D0
F87E70
F8A8E0
F8D430
F90070
F92D80
F95B70
F98A50
F9BA00
F9EAA0
FA1C10
FA4E70
FA81B0
FAB5C0
FAEAC0
FB20A0
FB5700
FB8DE0
FBC550
FBFD30
FC35A0
FC6E90
FCA810
FCE200
FD1C80
FD5780
FD9310
FDCF10
FE0BA0
FE48B0
FE8640
FEC460
FF0290
FF40E0
FF7F50
FFBDD0
FFFC70
003B30
007A10
00B910
00F820
013750
017690
01B600
01F580
023520
0274E0
02B4B0
02F440
033380
037280
03B120
03EF90
042DA0
046B70
04A8F0
04E630
052320
055FC0
059C20
05D830
0613F0
064F70
068AA0
06C530
06FF10
073850
0770E0
07A8E0
07E020
0816D0
084CD0
088220
08B6D0
08EAE0
091E50
095110
098320
09B4A0
09E560
0A1550
0A4440
0A7250
0A9F60
0ACBA0
0AF6E0
0B2140
0B4AA0
0B7330
0B9AC0
0BC170
0BE720
0C0C00
0C2FE0
0C52E0
0C74E0
0C95E0
0CB5C0
0CD480
0CF230
0D0ED0
0D2A50
0D44B0
0D5E00
0D7640
0D8D60
0DA360
0DB850
0DCC30
0DDEF0
0DF090
0E0130
0E10A0
0E1EE0
0E2C10
0E3820
0E4300
0E4CC0
0E5560
0E5CE0
0E6340
0E6880
0E6C90
0E6F90
0E7160
0E7210
0E71A0
0E7010
0E6D70
0E69C0
0E64F0
0E5F20
0E5840
0E5050
0E4750
0E3D40
0E3220
0E25F0
0E18B0
0E0A60
0DFB00
0DEA90
0DD910
0DC680
0DB310
0D9EC0
0D8980
0D7370
0D5C70
0D4490
0D2BD0
0D1230
0CF7B0
0CDC40
0CBFF0
0CA2D0
0C84C0
0C65D0
0C45F0
0C2540
0C03E0
0BE1F0
0BBF50
0B9C10
0B7830
0B53B0
0B2E90
0B08C0
0AE260
0ABB50
0A93A0
0A6B60
0A4270
0A18E0
09EEB0
09C3D0
0998B0
096D20
094150
091520
08E890
08BBB0
088E70
0860E0
083300
0804C0
07D620
07A730
0777F0
074850
071850
06E810
06B7B0
068750
0656E0
062660
05F5E0
05C550
0594B0
056400
053350
050290
04D1D0
04A100
047020
043F30
040E40
03DD30
03AC70
037BE0
034B80
031B50
02EB60
02BBB0
028C20
025CD0
022DC0
01FEE0
01D030
01A1C0
017380
014580
0117B0
00EA10
00BCE0
009020
0063D0
0037E0
000C60
FFE140
FFB690
FF8C50
FF6280
FF3910
FF1010
FEE780
FEBF60
FE97A0
FE7050
FE4960
FE2300
FDFD30
FDD7E0
FDB320
FD8EE0
FD6B20
FD47F0
FD2550
FD0330
FCE190
FCC080
FCA000
FC8000
FC6090
FC41A0
FC2330
FC0560
FBE820
FBCB60
FBAF40
FB93B0
FB78B0
FB5E40
FB4460
FB2B20
FB1260
FAFA30
FAE2A0
FACB90
FAB520
FA9F40
FA89E0
FA7510
FA60D0
FA4D00
FA39C0
FA2700
FA14D0
FA0320
F9F1F0
F9E140
F9D120
F9C180
F9B260
F9A3C0
F995B0
F98820
F97B20
F96E80
F96240
F95670
F94B10
F94010
F93580
F92B50
F92190
F91840
F90F50
F906C0
F8FEA0
F8F6F0
F8EFA0
F8E8C0
F8E250
F8DC10
F8D620
F8D070
F8CB10
F8C5E0
F8C100
F8BC60
F8B800
F8B3F0
F8B020
F8AC80
F8A940
F8A630
F8A370
F8A0E0
F89EB0
F89C80
F89A80
F89890
F896C0
F89500
F89360
F891E0
F89070
F88F30
F88E00
F88CE0
F88BE0
F88B00
F88A40
F88990
F88900
F88870
F887D0
F88720
F88680
F885D0
F88510
F88460
F883A0
F882D0
F88200
F88130
F88050
F87F70
F87E80
F87DA0
F87CA0
F87B90
F87A60
F87910
F877A0
F87610
F87460
F87290
F870A0
F86E90
F86C70
F86A20
F867B0
F86530
F86280
F85FC0
F85CD0
F859C0
F85690
F85340
F84FC0
F84C10
F84850
F84460
F84040
F83C00
F837A0
F83310
F82E60
F82990
F82490
F81F70
F81A30
F814C0
F80F40
F80990
F803D0
F7FDE0
F7F7E0
F7F1B0
F7EB70
F7E500
F7DE80
F7D7D0
F7D100
F7CA20
F7C310
F7BBF0
F7B4A0
F7AD50
F7A5F0
F79E90
F79720
F78FB0
F78830
F780B0
F77920
F77190
F769F0
F76240
F75A90
F752D0
F74B10
F74340
F73B70
F733B0
F72C00
F72470
F71D00
F71590
F70E50
F70710
F6FFF0
F6F8F0
F6F1F0
F6EB20
F6E450
F6DDA0
F6D710
F6D090
F6CA20
F6C3F0
F6BE00
F6B850
F6B2D0
F6AD90
F6A890
F6A3C0
F69F40
F69AF0
F696E0
F69300
F68F70
F68C10
F688F0
F68600
F68360
F68110
F67F20
F67D90
F67C60
F67B90
F67B20
F67B10
F67B60
F67C10
F67D10
F67E80
F68040
F68270
F684F0
F687D0
F68B20
F68ED0
F69300
F697B0
F69CD0
F6A270
F6A880
F6AF00
F6B600
F6BD80
F6C570
F6CDD0
F6D6B0
F6E000
F6E9D0
F6F420
F6FED0
F70A10
F715E0
F72220
F72EF0
F73C40
F74A10
F75860
F76740
F776A0
F78680
F796E0
F7A7D0
F7B940
F7CB30
F7DDA0
F7F090
F80400
F817F0
F82C60
F84140
F856A0
F86C80
F882D0
F899A0
F8B0F0
F8C8C0
F8E100
F8F9C0
F91300
F92CB0
F946E0
F96190
F97CA0
F99810
F9B3F0
F9D020
F9ECC0
FA09C0
FA2720
FA44E0
FA6310
FA81A0
FAA090
FABFE0
FADF90
FAFFB0
FB2030
FB4100
FB6220
FB8370
FBA4F0
FBC6B0
FBE8B0
FC0AD0
FC2D40
FC4FE0
FC72B0
FC95C0
FCB900
FCDC80
FD0030
FD2420
FD4850
FD6CA0
FD9100
FDB570
FDD9D0
FDFE30
FE22A0
FE4710
FE6B80
FE8FF0
FEB460
FED8E0
FEFD50
FF21D0
FF4650
FF6AD0
FF8F50
FFB3E0
FFD830
FFFC40
002010
0043B0
006720
008A50
00AD40
00CFF0
00F270
0114C0
0136C0
015890
017A30
019B90
01BCB0
01DDA0
01FE10
021E20
023DB0
025CC0
027B70
0299A0
02B760
02D4B0
02F190
030DF0
0329E0
034560
036070
037B10
039530
03AEE0
03C7F0
03E060
03F820
040F40
0425D0
043BA0
0450E0
046580
047970
048CC0
049F70
04B180
04C2F0
04D3B0
04E3D0
04F360
050210
051010
051D50
0529C0
053570
054060
054A80
0553F0
055C90
056470
056B90
0571F0
057780
057C50
058070
0583B0
058630
0587F0
0588D0
0588E0
058830
0586A0
058450
058130
057D40
057880
057300
056CA0
056580
055D90
0554D0
054B40
0540E0
0535D0
0529F0
051D50
050FF0
0501C0
04F2D0
04E320
04D2B0
04C170
04AF70
049CB0
048930
0474E0
045FE0
044A00
043390
041C80
0404C0
03EC60
03D370
03B9D0
039F80
0384A0
036920
034CF0
033020
0312B0
02F4A0
02D5F0
02B6A0
0296A0
027640
025560
023420
021260
01F030
01CDA0
01AA90
018710
016320
013ED0
011A00
00F4C0
00CF10
00A8F0
008260
005B60
003430
000CC0
FFE530
FFBD60
FF9550
FF6D20
FF44B0
FF1C20
FEF340
FECA40
FEA110
FE77A0
FE4E00
FE2420
FDFA20
FDCFE0
FDA5B0
FD7B90
FD5180
FD2770
FCFD70
FCD380
FCA9A0
FC7FC0
FC5600
FC2C40
FC0280
FBD8E0
FBAF40
FB85C0
FB5C40
FB32C0
FB09A0
FAE0B0
FAB820
FA8FD0
FA67C0
FA4000
FA1880
F9F150
F9CA70
F9A3D0
F97D70
F95760
F931A0
F90C20
F8E6E0
F8C200
F89D80
F87990
F85600
F83300
F81070
F7EE60
F7CCC0
F7ABA0
F78AF0
F76AC0
F74B10
F72BD0
F70D10
F6EEC0
F6D0F0
F6B390
F696D0
F67AA0
F65F10
F64410
F629B0
F60FE0
F5F6A0
F5DE00
F5C5F0
F5AE70
F59790
F58150
F56B90
F55670
F541F0
F52E00
F51AB0
F50800
F4F5F0
F4E480
F4D3B0
F4C390
F4B400
F4A510
F496D0
F48920
F47C20
F46FB0
F463F0
F458C0
F44E40
F44460
F43B10
F43250
F42A30
F42290
F41B90
F41530
F40F50
F40A10
F40560
F40140
F3FDB0
F3FAC0
F3F860
F3F690
F3F560
F3F4B0
F3F480
F3F4D0
F3F590
F3F6C0
F3F870
F3FA90
F3FD30
F40040
F403C0
F407C0
F40C30
F41120
F41680
F41C50
F422A0
F42970
F43080
F437D0
F43F70
F44760
F44FA0
F45820
F460F0
F46A00
F47360
F47D10
F48710
F49150
F49BD0
F4A6B0
F4B1D0
F4BD30
F4C8B0
F4D450
F4E000
F4EBD0
F4F7B0
F503B0
F50FC0
F51BF0
F52830
F53490
F54110
F54DA0
F55A40
F56700
F573D0
F580C0
F58DA0
F59A60
F5A710
F5B3A0
F5C010
F5CC70
F5D8C0
F5E4F0
F5F110
F5FD10
F60900
F614D0
F62090
F62C30
F637C0
F64330
F64E60
F65960
F66410
F66E80
F678C0
F682B0
F68C60
F695E0
F69F10
F6A800
F6B0C0
F6B930
F6C160
F6C960
F6D110
F6D880
F6DFA0
F6E670
F6ECE0
F6F2F0
F6F8C0
F6FE30
F70340
F70800
F70C70
F71080
F71440
F717B0
F71AC0
F71D80
F71FE0
F721F0
F723A0
F72500
F725F0
F72690
F726D0
F726C0
F72640
F72570
F72440
F722C0
F720E0
F71E90
F71C00
F71900
F715B0
F711F0
F70E00
F709B0
F70520
F70050
F6FB20
F6F5B0
F6F000
F6E9F0
F6E3A0
F6DD10
F6D630
F6CF00
F6C790
F6BFC0
F6B7C0
F6AF60
F6A6E0
F69E40
F69570
F68C70
F68350
F67A10
F670A0
F66700
F65D40
F65350
F64940
F63F00
F63490
F62A00
F61F50
F61470
F609A0
F5FED0
F5F410
F5E950
F5DEA0
F5D3F0
F5C950
F5BEC0
F5B430
F5A9B0
F59F40
F594D0
F58A60
F58010
F575B0
F56B70
F56160
F557A0
F54E10
F544C0
F53BC0
F53300
F52A70
F52230
F51A20
F51260
F50AE0
F503A0
F4FC90
F4F5D0
F4EF50
F4E910
F4E340
F4DDF0
F4D910
F4D4B0
F4D0C0
F4CD50
F4CA50
F4C7D0
F4C5C0
F4C430
F4C310
F4C260
F4C230
F4C280
F4C340
F4C470
F4C650
F4C8D0
F4CBF0
F4CFC0
F4D430
F4D940
F4DF00
F4E560
F4EC60
F4F400
F4FC50
F50540
F50EE0
F51910
F523F0
F52F80
F53BC0
F548C0
F55690
F56510
F57450
F58450
F59520
F5A6A0
F5B8E0
F5CBF0
F5DFB0
F5F430
F60970
F61F80
F63640
F64DC0
F66610
F67F20
F698F0
F6B390
F6CEF0
F6EB10
F70800
F725B0
F74430
F76370
F78370
F7A430
F7C5C0
F7E820
F80B30
F82F20
F853B0
F878F0
F89EE0
F8C580
F8ECE0
F914E0
F93DA0
F96700
F99120
F9BBF0
F9E760
FA1390
FA4070
FA6E00
FA9C40
FACB30
FAFAA0
FB2AA0
FB5B20
FB8C30
FBBDC0
FBEFD0
FC2270
FC5590
FC8930
FCBD60
FCF210
FD2750
FD5D10
FD9350
FDCA20
FE0170
FE3900
FE70E0
FEA900
FEE160
FF1A00
FF52F0
FF8C10
FFC590
FFFF40
003930
007370
00ADF0
00E8C0
0123C0
015F10
019AA0
01D620
0211A0
024D20
028880
02C3E0
02FF40
033A80
0375D0
03B100
03EC30
042760
046270
049D80
04D890
051390
054E80
058920
05C350
05FD30
0636B0
066FD0
06A890
06E100
071900
0750B0
078800
07BEF0
07F580
082BC0
086190
089710
08CC30
0900A0
093470
096780
099A00
09CBC0
09FCE0
0A2D50
0A5D10
0A8C30
0ABAA0
0AE860
0B1580
0B41E0
0B6DB0
0B98C0
0BC330
0BECB0
0C1550
0C3D00
0C63C0
0C8990
0CAE80
0CD290
0CF5B0
0D17E0
0D3920
0D5980
0D78F0
0D9780
0DB520
0DD1D0
0DEDA0
0E0850
0E2200
0E3A90
0E5210
0E6880
0E7DD0
0E9220
0EA550
0EB770
0EC880
0ED880
0EE770
0EF540
0F0200
0F0DC0
0F1850
0F21E0
0F2A40
0F3180
0F37A0
0F3CB0
0F4090
0F4360
0F4510
0F45A0
0F4510
0F4360
0F4090
0F3CA0
0F37A0
0F3170
0F2A30
0F21E0
0F1880
0F0E10
0F0290
0EF610
0EE880
0ED9E0
0ECA30
0EB970
0EA7B0
0E94E0
0E8100
0E6C10
0E5610
0E3F10
0E2700
0E0E10
0DF440
0DD9A0
0DBE10
0DA1B0
0D8470
0D6650
0D4760
0D2780
0D06D0
0CE540
0CC2E0
0C9F90
0C7B70
0C5660
0C3090
0C0A10
0BE300
0BBB60
0B9330
0B6A60
0B40F0
0B1700
0AEC60
0AC140
0A9580
0A6920
0A3C40
0A0EB0
09E0A0
09B1F0
0982A0
095320
092360
08F350
08C310
089290
0861D0
0830D0
07FF90
07CE10
079C50
076A50
073820
0705A0
06D2E0
069FF0
066CB0
0639A0
0606A0
05D3C0
05A100
056E50
053BD0
050960
04D720
04A4F0
0472E0
0440E0
040F10
03DD60
03ABC0
037A40
0348E0
0317F0
02E780
02B780
0287F0
0258E0
022A40
01FC10
01CE50
01A110
017440
0147F0
011C10
00F0A0
00C5A0
009B20
007110
0047C0
001F30
FFF760
FFD040
FFA9F0
FF8450
FF5F70
FF3B50
FF17F0
FEF550
FED370
FEB250
FE91F0
FE7240
FE5350
FE3530
FE17F0
FDFBA0
FDE040
FDC5D0
FDAC40
FD93B0
FD7C10
FD6550
FD4F80
FD3AB0
FD26C0
FD13C0
FD01B0
FCF090
FCE060
FCD110
FCC2D0
FCB590
FCA960
FC9E20
FC93F0
FC8AC0
FC8290
FC7B60
FC7540
FC7010
FC6BF0
FC68D0
FC66C0
FC65A0
FC6590
FC6680
FC6860
FC6B40
FC6F20
FC73E0
FC79B0
FC8060
FC8810
FC90C0
FC9A60
FCA500
FCB090
FCBD10
FCCA90
FCD900
FCE870
FCF8E0
FD0A10
FD1C10
FD2EF0
FD4290
FD5700
FD6C50
FD8260
FD9940
FDB100
FDC980
FDE2D0
FDFD00
FE17F0
FE33B0
FE5050
FE6DB0
FE8BB0
FEAA30
FEC940
FEE8E0
FF0910
FF29D0
FF4B20
FF6D00
FF8F70
FFB270
FFD5F0
FFFA10
001EC0
0043F0
0069C0
009010
00B6B0
00DD80
010490
012BF0
015380
017B60
01A370
01CBC0
01F450
021D30
024640
026F90
029920
02C300
02ED10
031760
0341A0
036BD0
0395E0
03BFE0
03E9D0
0413B0
043D80
046730
0490D0
04BA50
04E3D0
050D30
053680
055FC0
0588E0
05B200
05DAB0
060300
062AF0
065270
0679A0
06A060
06C6D0
06ECD0
071270
0737B0
075C90
078100
07A520
07C8D0
07EC20
080F20
083170
085320
087430
0894A0
08B470
08D3A0
08F230
091020
092D60
094A10
096620
098190
099C60
09B680
09D010
09E900
0A0120
0A1880
0A2F10
0A44D0
0A59D0
0A6E00
0A8170
0A9410
0AA5F0
0AB700
0AC750
0AD6D0
0AE580
0AF370
0B0090
0B0CF0
0B1880
0B2330
0B2D20
0B3630
0B3E80
0B45F0
0B4C90
0B5270
0B5770
0B5BA0
0B5F00
0B6190
0B6350
0B6440
0B6460
0B63B0
0B6240
0B6010
0B5D20
0B5970
0B5510
0B4FF0
0B4A00
0B4360
0B3C00
0B33E0
0B2B10
0B2170
0B1720
0B0C00
0B0030
0AF3A0
0AE680
0AD8D0
0ACA90
0ABBD0
0AAC70
0A9C90
0A8C10
0A7B10
0A6980
0A5760
0A44A0
0A3170
0A1DA0
0A0940
09F450
09DEE0
09C910
09B300
099CA0
098600
096F00
0957C0
094030
092850
091020
08F7A0
08DEE0
08C5D0
08AC70
0892D0
0878D0
085E90
084450
082A10
080FD0
07F5A0
07DB60
07C130
07A700
078CD0
0772B0
075880
073E60
072440
070A20
06F000
06D5E0
06BBD0
06A200
068890
066F70
0656A0
063E30
062600
060E20
05F6A0
05DF70
05C880
05B1F0
059BC0
0585D0
057030
055AF0
0545F0
053190
051DD0
050AA0
04F800
04E600
04D490
04C3B0
04B370
04A3C0
0494B0
048630
047850
046AF0
045E40
045210
044690
043BC0
0431C0
042890
042020
041880
0411A0
040B80
040630
0401B0
03FDF0
03FAF0
03F8C0
03F760
03F6C0
03F6F0
03F7E0
03F9A0
03FC50
03FFD0
040430
040960
040F80
041670
041E40
0426E0
043070
043AD0
044600
045220
045F10
046CE0
047B90
048B10
049B60
04AC80
04BE70
04D140
04E4D0
04F940
050E80
052490
053B70
055320
056BB0
058510
059F30
05BA30
05D610
05F280
060FA0
062D70
064BE0
066AF0
068AB0
06AB20
06CC30
06EDE0
071040
073350
075700
077B50
07A050
07C5F0
07EC40
0812F0
083A00
086180
088960
08B1A0
08DA40
090350
092CB0
095680
0980C0
09AB50
09D650
0A01B0
0A2D80
0A59A0
0A8630
0AB2C0
0ADF70
0B0C10
0B38D0
0B6590
0B9260
0BBF40
0BEC20
0C1910
0C4610
0C7310
0CA030
0CCD40
0CFA70
0D27A0
0D54E0
0D81C0
0DAE60
0DDAA0
0E0680
0E3210
0E5D50
0E8840
0EB2D0
0EDD10
0F06F0
0F3080
0F59C0
0F82B0
0FAB40
0FD380
0FFB60
1022A0
104920
106EE0
109400
10B860
10DC10
10FF10
112160
1142F0
1163E0
118410
11A380
11C250
11E060
11FDC0
121A70
123620
1250C0
126A60
128300
129AA0
12B140
12C6D0
12DB60
12EEF0
130180
131310
132390
133310
134190
134F10
135B90
1366D0
1370E0
1379B0
138140
1387A0
138CD0
1390C0
139370
1394F0
139530
139440
139220
138EC0
138A20
138450
137D40
1374F0
136B40
136050
135410
134670
133790
132760
1315F0
130320
12EF00
12D9A0
12C2E0
12AAE0
129190
1276F0
125B00
123DD0
121F60
11FFC0
11DED0
11BCA0
119940
117490
114EB0
112780
10FF20
10D580
10AA90
107E70
105110
102270
0FF290
0FC1A0
0F8FA0
0F5CA0
0F2880
0EF360
0EBD30
0E85F0
0E4DA0
0E1440
0DD9D0
0D9E60
0D61D0
0D2440
0CE5A0
0CA5E0
0C6530
0C23B0
0BE170
0B9E80
0B5AD0
0B1670
0AD150
0A8B70
0A44D0
09FD70
09B560
096C90
092300
08D8C0
088DC0
084200
07F580
07A8B0
075B90
070E20
06C050
067230
0623B0
05D4F0
0585D0
053660
04E690
049670
044600
03F540
03A420
0352C0
0300F0
02AF50
025DD0
020C60
01BB10
0169E0
0118D0
00C7E0
007710
002650
FFD5C0
FF8540
FF34E0
FEE4A0
FE9480
FE4480
FDF490
FDA540
FD5670
FD0830
FCBA80
FC6D60
FC20D0
FBD4D0
FB8950
FB3E70
FAF410
FAAA40
FA6110
FA1860
F9D030
F988A0
F941A0
F8FB80
F8B660
F87230
F82EF0
F7EC90
F7AB30
F76AC0
F72B40
F6ECA0
F6AF00
F67250
F63690
F5FBC0
F5C1E0
F588F0
F550F0
F51A30
F4E4A0
F4B050
F47D40
F44B60
F41AC0
F3EB50
F3BD20
F39030
F36480
F33A00
F310C0
F2E8B0
F2C1E0
F29C50
F27800
F25500
F23370
F21340
F1F470
F1D700
F1BB00
F1A050
F18710
F16F30
F158B0
F14390
F12FE0
F11D80
F10C90
F0FD00
F0EED0
F0E210
F0D6B0
F0CCB0
F0C420
F0BCF0
F0B730
F0B2D0
F0AFE0
F0AE50
F0AE30
F0AF70
F0B210
F0B620
F0BB90
F0C270
F0CAC0
F0D440
F0DF10
F0EB30
F0F880
F10720
F11710
F12830
F13AA0
F14E60
F16350
F179A0
F19120
F1A9F0
F1C400
F1DF50
F1FBF0
F21990
F23830
F257E0
F27880
F29A30
F2BCE0
F2E0A0
F30550
F32B10
F351D0
F379A0
F3A260
F3CC30
F3F700
F422E0
F44FB0
F47D30
F4AB60
F4DA40
F509C0
F539E0
F56AC0
F59C40
F5CE60
F60130
F634B0
F668E0
F69DB0
F6D320
F70950
F74020
F77790
F7AF50
F7E750
F81F80
F85800
F890C0
F8C9C0
F90310
F93C90
F97650
F9B050
F9EAA0
FA2520
FA5FF0
FA9B00
FAD650
FB11D0
FB4D40
FB8870
FBC390
FBFE70
FC3930
FC73D0
FCAE30
FCE880
FD2290
FD5C90
FD9650
FDCFF0
FE0970
FE42B0
FE7BE0
FEB4D0
FEED40
FF2520
FF5C80
FF9350
FFC980
FFFF40
003460
006900
009D00
00D090
010380
0135E0
0167C0
019910
01C9E0
01FA10
022970
025800
0285A0
02B280
02DE70
030990
0333E0
035D40
0385E0
03AD90
03D470
03FA80
041FB0
044400
046770
048A20
04ABB0
04CC30
04EBA0
050A10
052770
0543C0
055F00
057930
059250
05AA60
05C170
05D760
05EC50
060030
061300
0624C0
063560
0644E0
065340
066080
066C90
067790
068160
068A20
0691B0
069820
069D80
06A1B0
06A4C0
06A6A0
06A770
06A720
06A5B0
06A330
069F90
069AF0
069520
068E50
068650
067D50
067330
066800
065BB0
064E50
063FD0
063040
061FA0
060DE0
05FB30
05E7A0
05D310
05BDA0
05A730
058FE0
0577A0
055E60
054440
052930
050D30
04F040
04D260
04B390
0493D0
047330
0451D0
042FC0
040D00
03E990
03C570
03A0A0
037B30
035500
032E10
030680
02DE40
02B550
028BB0
026160
023660
020AA0
01DE90
01B210
018530
0157E0
012A30
00FC20
00CDA0
009EC0
006F80
003FD0
000FC0
FFDF50
FFAE80
FF7D40
FF4B90
FF1990
FEE770
FEB540
FE8300
FE50A0
FE1E30
FDEBB0
FDB920
FD8680
FD53C0
FD2100
FCEE20
FCBB20
FC8820
FC5500
FC21E0
FBEE90
FBBB90
FB88C0
FB5620
FB23C0
FAF1A0
FABFA0
FA8DF0
FA5C70
FA2B20
F9FA10
F9C930
F99890
F96820
F937F0
F90800
F8D830
F8A8F0
F87A20
F84BC0
F81DF0
F7F090
F7C3A0
F79730
F76B40
F73FC0
F714C0
F6EA40
F6C030
F69690
F66D80
F644E0
F61CB0
F5F530
F5CE60
F5A830
F582A0
F55DC0
F53980
F515F0
F4F310
F4D0C0
F4AF20
F48E30
F46DE0
F44E40
F42F40
F410E0
F3F330
F3D650
F3BA20
F39EC0
F38410
F36A30
F35110
F338B0
F32120
F30A40
F2F430
F2DEE0
F2CA50
F2B680
F2A380
F29130
F27FB0
F26EF0
F25F00
F24FD0
F24170
F233E0
F22710
F21B00
F20FC0
F20550
F1FBA0
F1F2B0
F1EA90
F1E340
F1DCB0
F1D6F0
F1D1F0
F1CDB0
F1CA30
F1C760
F1C560
F1C410
F1C380
F1C3A0
F1C490
F1C630
F1C890
F1CBB0
F1CF80
F1D410
F1D960
F1DF70
F1E640
F1EDA0
F1F5B0
F1FE60
F207C0
F211B0
F21C40
F22780
F23360
F23FE0
F24D00
F25AC0
F26920
F27830
F287E0
F29820
F2A910
F2BA80
F2CC70
F2DEE0
F2F1D0
F30530
F31920
F32D80
F34260
F357C0
F36DB0
F38410
F39AE0
F3B240
F3CA20
F3E280
F3FB50
F41490
F42E10
F44800
F46240
F47CE0
F497E0
F4B330
F4CEE0
F4EAF0
F50750
F52410
F54120
F55EA0
F57C70
F59A90
F5B920
F5D7D0
F5F6D0
F615F0
F63550
F654E0
F674B0
F694B0
F6B4F0
F6D560
F6F610
F716E0
F73800
F75940
F77AD0
F79C80
F7BE70
F7E080
F802A0
F824E0
F84740
F869B0
F88C50
F8AF00
F8D1C0
F8F4B0
F917B0
F93AD0
F95E10
F98160
F9A4D0
F9C860
F9EC00
FA0FB0
FA3360
FA5720
FA7AE0
FA9EA0
FAC270
FAE640
FB0A20
FB2E00
FB51E0
FB75C0
FB99B0
FBBDB0
FBE1B0
FC05B0
FC29B0
FC4DB0
FC71B0
FC95B0
FCB9A0
FCDD90
FD0180
FD2560
FD4940
FD6D20
FD90F0
FDB4C0
FDD890
FDFC50
FE2010
FE43D0
FE6790
FE8B40
FEAEE0
FED270
FEF600
FF1980
FF3D00
FF6070
FF83D0
FFA720
FFCA70
FFEDB0
0010F0
003410
005740
007A50
009D60
00C060
00E350
010640
012920
014BF0
016EC0
019170
01B420
01D6D0
01F960
021BF0
023E70
0260E0
028350
02A5B0
02C800
02EA50
030C80
032EB0
0350E0
0372F0
039500
03B700
03D8F0
03FAE0
041CC0
043E90
046050
048210
04A3C0
04C560
04E6F0
050880
0529F0
054B50
056CB0
058DF0
05AF20
05D040
05F160
061260
063350
065430
067500
0695C0
06B670
06D710
06F7A0
071810
073870
0758C0
0778E0
0798F0
07B8F0
07D8D0
07F8A0
081850
0837E0
085760
0876D0
089610
08B550
08D460
08F370
091240
0930F0
094F80
096DE0
098C10
09AA10
09C800
09E5B0
0A0340
0A20A0
0A3DE0
0A5AF0
0A77E0
0A94A0
0AB140
0ACDA0
0AE9D0
0B05D0
0B2180
0B3D00
0B5830
0B7330
0B8DF0
0BA880
0BC2C0
0BDCD0
0BF690
0C1020
0C2970
0C4290
0C5B60
0C7400
0C8C40
0CA420
0CBBC0
0CD2F0
0CE9D0
0D0060
0D1690
0D2C60
0D41E0
0D5700
0D6BD0
0D8040
0D9460
0DA830
0DBB90
0DCEB0
0DE150
0DF380
0E0540
0E1680
0E2760
0E37D0
0E47C0
0E5740
0E6650
0E74F0
0E8320
0E90E0
0E9E30
0EAB00
0EB770
0EC360
0ECED0
0ED9B0
0EE410
0EEDE0
0EF730
0EFFF0
0F0820
0F0FD0
0F1700
0F1D90
0F23B0
0F2940
0F2E40
0F32C0
0F36B0
0F3A10
0F3CF0
0F3F20
0F40D0
0F41E0
0F4250
0F4230
0F4180
0F4030
0F3E50
0F3BD0
0F38C0
0F3520
0F30E0
0F2C00
0F26A0
0F2090
0F1A00
0F12C0
0F0B00
0F0290
0EF990
0EF000
0EE5D0
0EDB00
0ECFA0
0EC3A0
0EB710
0EA9F0
0E9C20
0E8DC0
0E7ED0
0E6F40
0E5F20
0E4E80
0E3D40
0E2B80
0E1930
0E0650
0DF2E0
0DDEE0
0DCA50
0DB540
0D9FA0
0D8970
0D72B0
0D5B60
0D4380
0D2B20
0D1240
0CF8F0
0CDF40
0CC510
0CAA70
0C8F50
0C73D0
0C57E0
0C3B70
0C1EA0
0C0150
0BE390
0BC560
0BA6C0
0B87B0
0B6830
0B4860
0B2840
0B07E0
0AE730
0AC640
0AA500
0A8370
0A6190
0A3F70
0A1D00
09FA50
09D750
09B400
099070
096C90
094860
092420
08FFC0
08DB50
08B6D0
089230
086D70
0848A0
0823C0
07FEC0
07D9B0
07B480
078F40
0769E0
074470
071EE0
06F940
06D3C0
06AE50
068910
0663F0
063EE0
0619F0
05F530
05D080
05ABF0
058780
056330
053F00
051AE0
04F6F0
04D320
04AF60
048C00
0468F0
044630
0423D0
0401B0
03DFF0
03BE80
039D60
037CA0
035C30
033C10
031C40
02FCC0
02DDA0
02BED0
02A050
028250
0264D0
0247D0
022B50
020F50
01F3D0
01D8D0
01BE50
01A450
018AD0
0171D0
015950
014150
0129D0
0112D0
00FC40
00E660
00D120
00BC70
00A860
0094F0
008220
006FF0
005E50
004D50
003D00
002D40
001E10
000F90
0001B0
FFF460
FFE7B0
FFDBB0
FFD050
FFC5A0
FFBBA0
FFB240
FFA980
FFA180
FF9A20
FF9360
FF8D50
FF87F0
FF8330
FF7F10
FF7BB0
FF78F0
FF76D0
FF7560
FF7480
FF7440
FF74B0
FF75B0
FF7750
FF7990
FF7C70
FF7FF0
FF8410
FF88D0
FF8E20
FF9420
FF9AC0
FFA1F0
FFA9D0
FFB220
FFBB00
FFC460
FFCE40
FFD8A0
FFE390
FFEEF0
FFFAE0
000740
001430
0021A0
002F90
003E10
004D00
005C80
006C70
007CC0
008D60
009E50
00AF90
00C130
00D310
00E550
00F7E0
010AC0
011DF0
013170
014540
015960
016DE0
0182B0
0197C0
01AD00
01C240
01D7B0
01ED30
0202C0
021860
022E30
024400
025A00
027000
028620
029C60
02B2B0
02C920
02DFA0
02F630
030CA0
0322F0
033910
034F10
0364E0
037A80
039010
03A560
03BA90
03CFA0
03E480
03F940
040DD0
042240
043680
044AA0
045E50
0471B0
0484A0
049730
04A950
04BB20
04CC80
04DD80
04EE20
04FE50
050E30
051DA0
052CB0
053B50
0549A0
055780
0564D0
057190
057DB0
058940
059440
059EB0
05A880
05B1C0
05BA70
05C280
05CA00
05D0F0
05D740
05DD10
05E240
05E6D0
05EAC0
05EDF0
05F070
05F230
05F350
05F3A0
05F350
05F250
05F090
05EE20
05EAF0
05E710
05E280
05DD40
05D740
05D0A0
05C930
05C110
05B820
05AE80
05A430
059910
058D40
0580B0
057370
056560
0556A0
054720
0536E0
0525F0
051440
0501D0
04EEB0
04DAE0
04C670
04B140
049B70
0484F0
046DD0
0455F0
043D70
042440
040A60
03EFD0
03D490
03B8B0
039C20
037ED0
036110
0342C0
0323F0
030490
02E4B0
02C450
02A360
0281F0
026000
023D80
021A80
01F6F0
01D2E0
01AE50
018930
016390
013DA0
011760
00F0E0
00CA00
00A2E0
007B70
0053B0
002BA0
000350
FFDAA0
FFB1B0
FF8870
FF5EE0
FF3500
FF0AE0
FEE060
FEB5F0
FE8B60
FE60E0
FE3650
FE0BC0
FDE120
FDB680
FD8BE0
FD6130
FD3680
FD0BC0
FCE100
FCB640
FC8B70
FC60A0
FC35C0
FC0B30
FBE0E0
FBB6E0
FB8D20
FB63A0
FB3A60
FB1170
FAE8C0
FAC060
FA9840
FA7060
FA48C0
FA2170
F9FA60
F9D3A0
F9AD10
F98720
F961B0
F93CD0
F91880
F8F4C0
F8D190
F8AEE0
F88CC0
F86B30
F84A20
F829A0
F809B0
F7EA50
F7CB80
F7AD30
F78F80
F77280
F75650
F73AF0
F72050
F70680
F6ED70
F6D520
F6BDA0
F6A6E0
F690F0
F67BD0
F66760
F653D0
F640F0
F62EF0
F61DA0
F60D50
F5FDF0
F5EF70
F5E1F0
F5D550
F5C9A0
F5BEF0
F5B520
F5AC40
F5A450
F59D50
F59740
F59220
F58DF0
F58AB0
F58850
F58700
F586B0
F58760
F58900
F58BB0
F58F60
F59400
F599B0
F5A060
F5A800
F5B0B0
F5BA60
F5C500
F5D0B0
F5DD60
F5EB00
F5F9A0
F60940
F619C0
F62B50
F63DC0
F65130
F66590
F67AF0
F69140
F6A880
F6C0C0
F6D9F0
F6F420
F70F40
F72B50
F74860
F76640
F784F0
F7A480
F7C4D0
F7E610
F80810
F82AF0
F84EA0
F87320
F89880
F8BEA0
F8E5B0
F90D80
F93630
F95FB0
F98A00
F9B4F0
F9E080
FA0CB0
FA3980
FA66F0
FA9500
FAC3A0
FAF2E0
FB22D0
FB5350
FB8470
FBB630
FBE890
FC1B80
FC4F20
FC8350
FCB7E0
FCECD0
FD2210
FD57B0
FD8DA0
FDC3F0
FDFA90
FE31A0
FE68F0
FEA0A0
FED8B0
FF1120
FF49E0
FF82F0
FFBC60
FFF630
003000
0069F0
00A3E0
00DDE0
0117F0
015210
018C40
01C680
0200C0
023B20
027580
02AFF0
02EA70
032500
035FA0
039A50
03D4C0
040EF0
0448E0
048290
04BC10
04F550
052E50
056710
059F90
05D7E0
060FF0
0647B0
067F40
06B6A0
06EDB0
072490
075AF0
0790C0
07C620
07FB10
082F70
086350
0896C0
08C9A0
08FC10
092E00
095F70
099060
09C0E0
09F0D0
0A2050
0A4F40
0A7D90
0AAB20
0AD810
0B0440
0B2FD0
0B5AA0
0B84C0
0BAE30
0BD6F0
0BFF00
0C2660
0C4D10
0C7300
0C9850
0CBCE0
0CE0D0
0D03E0
0D2630
0D47A0
0D6850
0D8820
0DA730
0DC560
0DE2D0
0DFF60
0E1B30
0E3630
0E5050
0E69B0
0E8230
0E99F0
0EB0E0
0EC6F0
0EDC20
0EF080
0F0400
0F16A0
0F2870
0F3960
0F4970
0F58B0
0F6710
0F7490
0F8140
0F8D10
0F9800
0FA220
0FAB50
0FB3C0
0FBB60
0FC230
0FC830
0FCD60
0FD1B0
0FD540
0FD800
0FD9F0
0FDB00
0FDB50
0FDAC0
0FD970
0FD740
0FD450
0FD080
0FCC00
0FC6D0
0FC0F0
0FBA50
0FB2F0
0FAAF0
0FA230
0F98C0
0F8E90
0F83B0
0F7820
0F6BD0
0F5ED0
0F5120
0F42B0
0F33A0
0F23F0
0F13B0
0F02E0
0EF190
0EDFA0
0ECD30
0EBA20
0EA690
0E9270
0E7DC0
0E6880
0E52B0
0E3C50
0E2560
0E0DF0
0DF5E0
0DDD80
0DC4B0
0DAB80
0D9200
0D7810
0D5DC0
0D4320
0D2810
0D0CA0
0CF0D0
0CD4A0
0CB820
0C9B30
0C7DE0
0C6030
0C4220
0C23E0
0C0560
0BE6C0
0BC7E0
0BA8D0
0B8980
0B6A10
0B4A60
0B2A80
0B0A70
0AEA20
0AC9B0
0AA900
0A8810
0A6700
0A45B0
0A2460
0A0300
09E190
09C020
099EA0
097D10
095B80
0939E0
091830
08F680
08D4C0
08B2F0
089120
086F40
084D50
082B60
080980
07E7B0
07C5F0
07A450
0782B0
076130
073FC0
071E60
06FD20
06DBE0
06BAC0
0699B0
0678B0
0657D0
0636F0
061630
05F590
05D520
05B4D0
0594A0
0574A0
0554C0
053510
051580
04F620
04D6E0
04B7C0
0498D0
047A00
045B60
043CE0
041E90
040060
03E260
03C490
03A6E0
038970
036C20
034EF0
033200
031530
02F890
02DC10
02BFD0
02A3B0
0287C0
026BF0
025060
0234E0
0219A0
01FE70
01E370
01C8A0
01ADF0
019360
017900
015EC0
0144B0
012AC0
011100
00F760
00DDE0
00C490
00AB60
009250
007960
006080
0047B0
002F10
001680
FFFE00
FFE5A0
FFCD60
FFB540
FF9D30
FF8530
FF6D50
FF5590
FF3DE0
FF2650
FF0ED0
FEF750
FEDFE0
FEC870
FEB100
FE99B0
FE8250
FE6B00
FE53C0
FE3C90
FE2550
FE0E30
FDF700
FDDFF0
FDC8E0
FDB1D0
FD9AC0
FD83B0
FD6C90
FD5560
FD3E30
FD2700
FD0FC0
FCF880
FCE130
FCC9E0
FCB280
FC9B20
FC83B0
FC6C40
FC54D0
FC3D40
FC25B0
FC0E10
FBF650
FBDE80
FBC6A0
FBAEA0
FB9690
FB7E70
FB6640
FB4E00
FB35A0
FB1D30
FB04B0
FAEC20
FAD370
FABAB0
FAA1E0
FA88F0
FA6FF0
FA56E0
FA3DB0
FA2460
FA0B10
F9F1A0
F9D810
F9BE70
F9A4C0
F98AF0
F97110
F95720
F93D10
F922E0
F908B0
F8EE70
F8D410
F8B9B0
F89F30
F884A0
F86A10
F84F60
F834A0
F819D0
F7FEF0
F7E400
F7C900
F7ADF0
F792D0
F777A0
F75C70
F74140
F72610
F70AE0
F6EFB0
F6D480
F6B950
F69E30
F68300
F667D0
F64CB0
F63180
F61660
F5FB30
F5E010
F5C4F0
F5A9E0
F58EF0
F57420
F55960
F53EB0
F52430
F509C0
F4EF60
F4D520
F4BB00
F4A0F0
F48700
F46D20
F45360
F439B0
F42030
F406D0
F3EDB0
F3D4D0
F3BC30
F3A3C0
F38B80
F37380
F35BC0
F34430
F32CD0
F315C0
F2FED0
F2E830
F2D1C0
F2BB80
F2A580
F28FE0
F27A90
F26590
F250F0
F23CB0
F228C0
F21530
F201F0
F1EF10
F1DC90
F1CA60
F1B880
F1A700
F195E0
F18510
F17490
F16490
F15510
F145F0
F13750
F12920
F11B70
F10E30
F10160
F0F510
F0E930
F0DDC0
F0D2D0
F0C850
F0BE40
F0B4B0
F0AB90
F0A300
F09AF0
F09370
F08C70
F08600
F08020
F07AD0
F07600
F071B0
F06E00
F06AD0
F06820
F06610
F06470
F06370
F062F0
F06300
F063B0
F064F0
F066B0
F06910
F06C10
F06F90
F073B0
F07860
F07DA0
F08370
F089D0
F090D0
F09850
F0A070
F0A930
F0B270
F0BC40
F0C690
F0D180
F0DD00
F0E900
F0F5A0
F102C0
F11070
F11EB0
F12D80
F13CE0
F14CD0
F15D50
F16E50
F17FF0
F19200
F1A480
F1B790
F1CB00
F1DF00
F1F370
F20850
F21DB0
F23390
F249E0
F260B0
F277F0
F28FB0
F2A7F0
F2C0A0
F2D9C0
F2F340
F30D20
F32750
F341D0
F35CB0
F377E0
F39370
F3AF50
F3CB90
F3E820
F40510
F42250
F43FE0
F45DD0
F47C20
F49AB0
F4B980
F4D870
F4F790
F516D0
F53640
F555D0
F57590
F59580
F5B590
F5D5D0
F5F640
F616D0
F63790
F65870
F67980
F69AC0
F6BBF0
F6DD10
F6FE30
F71F50
F74050
F76160
F78250
F7A340
F7C430
F7E510
F805E0
F826B0
F84770
F86830
F888E0
F8A990
F8C9F0
F8EA20
F90A10
F929C0
F94930
F96860
F98750
F9A610
F9C480
F9E2C0
FA00B0
FA1E70
FA3BF0
FA5920
FA7620
FA92F0
FAAF40
FACB20
FAE690
FB01A0
FB1C30
FB3660
FB5020
FB6970
FB8250
FB9AC0
FBB2C0
FBCA50
FBE180
FBF830
FC0E80
FC2450
FC39A0
FC4E50
FC6270
FC7600
FC88F0
FC9B50
FCAD20
FCBE60
FCCF00
FCDF20
FCEEA0
FCFD80
FD0BE0
FD19A0
FD26D0
FD3370
FD3F60
FD4AA0
FD5540
FD5F30
FD6880
FD7120
FD7910
FD8060
FD8700
FD8CF0
FD9240
FD96E0
FD9AD0
FD9E20
FDA0C0
FDA2C0
FDA400
FDA4A0
FDA490
FDA3D0
FDA250
FDA030
FD9D60
FD99F0
FD95C0
FD90E0
FD8B50
FD8520
FD7E30
FD76A0
FD6E60
FD6560
FD5BD0
FD51A0
FD46D0
FD3B50
FD2F40
FD2290
FD1540
FD0740
FCF8B0
FCE980
FCD9B0
FCC930
FCB820
FCA670
FC9420
FC8120
FC6DB0
FC59C0
FC4550
FC3060
FC1B00
FC0510
FBEEB0
FBD7C0
FBC060
FBA880
FB9020
FB7740
FB5DE0
FB4400
FB29B0
FB0ED0
FAF3B0
FAD840
FABC80
FAA070
FA8420
FA6770
FA4A80
FA2D40
FA0FB0
F9F1D0
F9D3B0
F9B540
F99670
F97770
F95810
F93860
F918B0
F8F8E0
F8D900
F8B920
F89920
F87910
F858F0
F838C0
F81890
F7F840
F7D7E0
F7B770
F796F0
F77660
F755C0
F73500
F71480
F6F430
F6D410
F6B420
F69460
F674D0
F65570
F63650
F61750
F5F880
F5D9E0
F5BB70
F59D40
F57F30
F56150
F543B0
F52670
F509B0
F4ED50
F4D170
F4B600
F49AF0
F48060
F46640
F44C90
F43360
F41A90
F40230
F3EA40
F3D2D0
F3BBC0
F3A530
F38F40
F37A00
F36560
F35170
F33E20
F32B90
F31990
F30850
F2F7A0
F2E7B0
F2D860
F2C9C0
F2BBC0
F2AE70
F2A1C0
F295C0
F28A90
F28040
F276B0
F26E00
F26620
F25F20
F258E0
F25380
F24EF0
F24B30
F24840
F24630
F244F0
F24480
F244E0
F24610
F24830
F24B40
F24F40
F25420
F259E0
F260A0
F26840
F270D0
F27A40
F284A0
F28FF0
F29C30
F2A950
F2B750
F2C650
F2D630
F2E700
F2F8C0
F30B60
F31F00
F33380
F348F0
F35F50
F376A0
F38EE0
F3A800
F3C220
F3DD20
F3F910
F415F0
F433B0
F45270
F47200
F49270
F4B3B0
F4D5D0
F4F8C0
F51C90
F54140
F566C0
F58D20
F5B450
F5DC60
F60550
F62F10
F659B0
F68520
F6B170
F6DE70
F70C20
F73A80
F76990
F79950
F7C9C0
F7FAE0
F82CB0
F85F30
F89270
F8C650
F8FAE0
F93020
F96620
F99CC0
F9D410
FA0BE0
FA4420
FA7CD0
FAB600
FAEFA0
FB29C0
FB6450
FB9F50
FBDAC0
FC16B0
FC5320
FC8FF0
FCCD40
FD0B10
FD4940
FD8800
FDC6E0
FE05F0
FE4530
FE84A0
FEC440
FF0410
FF4410
FF8430
FFC490
000520
0045E0
0086D0
00C7E0
010930
014AB0
018C50
01CDE0
020F50
0250B0
0291E0
02D300
031400
0354E0
0395A0
03D650
0416E0
045750
0497A0
04D7E0
0517F0
0557F0
0597E0
05D750
061670
065520
069360
06D140
070EB0
074BD0
078870
07C4B0
080090
083C10
087710
08B1C0
08EC00
0925D0
095F50
099810
09D030
0A07A0
0A3E70
0A74A0
0AAA10
0ADEE0
0B1310
0B4690
0B7960
0BAB90
0BDD10
0C0DF0
0C3E20
0C6DB0
0C9C80
0CCA90
0CF7B0
0D23F0
0D4F60
0D79E0
0DA390
0DCC60
0DF450
0E1B70
0E41A0
0E6700
0E8B70
0EAF10
0ED1D0
0EF3B0
0F14C0
0F34C0
0F53D0
0F71D0
0F8EE0
0FAAF0
0FC600
0FE010
0FF920
101140
102850
103E70
105390
1067A0
107AC0
108CE0
109E10
10AE20
10BD30
10CB40
10D840
10E440
10EF30
10F920
110200
1109D0
1110B0
111670
111B30
111EF0
1121A0
112340
1123F0
112390
112240
111FF0
111CA0
111860
111320
110CE0
1105B0
10FD80
10F460
10EA40
10DF20
10D300
10C5F0
10B7E0
10A8E0
109900
108840
1076B0
106450
105110
103CF0
102800
101230
0FFB90
0FE420
0FCBC0
0FB2A0
0F98A0
0F7DC0
0F6210
0F4580
0F2850
0F0A80
0EEC10
0ECD00
0EAD40
0E8CE0
0E6BE0
0E4A40
0E2800
0E0510
0DE180
0DBD50
0D9880
0D7310
0D4CF0
0D2640
0CFF20
0CD7A0
0CAFD0
0C8790
0C5EF0
0C3600
0C0CA0
0BE2E0
0BB8C0
0B8E50
0B6370
0B3830
0B0CA0
0AE0A0
0AB440
0A8790
0A5AC0
0A2DD0
0A00D0
09D3C0
09A6A0
097960
094C00
091EA0
08F120
08C380
0895D0
086810
083A40
080C50
07DE40
07B030
078240
075490
072710
06F9C0
06CCA0
069FC0
067310
064690
061A40
05EE30
05C240
059690
056B10
053FD0
0514B0
04E9D0
04BF60
049570
046BE0
0442E0
041A40
03F220
03CA80
03A350
037C90
035640
033070
030B10
02E630
02C1C0
029DD0
027A40
025770
023540
0213C0
01F2F0
01D2C0
01B340
019470
017650
0158D0
013C00
011FE0
010460
00E990
00CF70
00B5F0
009D30
008530
006E00
0057A0
004210
002D50
001960
000630
FFF3E0
FFE260
FFD1A0
FFC1B0
FFB2A0
FFA450
FF96D0
FF8A20
FF7E50
FF7340
FF6920
FF5FE0
FF5770
FF4FE0
FF4940
FF4360
FF3E70
FF3A60
FF3720
FF34D0
FF3350
FF32B0
FF32F0
FF3400
FF3600
FF38D0
FF3C70
FF40E0
FF4630
FF4C60
FF5360
FF5B30
FF63D0
FF6D50
FF77A0
FF82D0
FF8ED0
FF9BA0
FFA950
FFB7D0
FFC730
FFD740
FFE810
FFF990
000BD0
001ED0
003280
0046F0
005C20
007200
0088A0
00A000
00B810
00D0E0
00EA60
0104B0
011FA0
013B30
015740
0173F0
019120
01AEE0
01CD20
01EC00
020B60
022B50
024BD0
026CE0
028E80
02B0A0
02D350
02F690
031A60
033E80
0362F0
0387C0
03ACD0
03D240
03F800
041E20
044480
046B40
049250
04B9B0
04E170
050970
0531D0
055A80
058390
05ACA0
05D5D0
05FF10
062860
0651C0
067B30
06A4C0
06CE60
06F810
0721D0
074BA0
077590
079F80
07C990
07F3B0
081DF0
0847F0
0871D0
089B80
08C500
08EE50
091780
094080
096950
0991F0
09BA70
09E2C0
0A0AE0
0A32D0
0A5A90
0A8230
0AA9A0
0AD0B0
0AF750
0B1D90
0B4360
0B68E0
0B8DE0
0BB290
0BD6D0
0BFAB0
0C1E30
0C4140
0C63F0
0C8630
0CA810
0CC990
0CEAB0
0D0B30
0D2B20
0D4A80
0D6950
0D8780
0DA520
0DC240
0DDEB0
0DFAA0
0E1600
0E30C0
0E4AF0
0E6490
0E7D90
0E9610
0EADF0
0EC520
0EDBA0
0EF170
0F0690
0F1B00
0F2EC0
0F41C0
0F5420
0F65D0
0F76C0
0F8700
0F9690
0FA580
0FB3B0
0FC130
0FCDF0
0FDA10
0FE560
0FF000
0FF9E0
100300
100B70
101320
101A10
102040
1025C0
102A80
102E80
1031D0
103460
103630
103750
1037B0
103760
103660
1034B0
103250
102F30
102B70
1026F0
1021C0
101BE0
101540
100E00
100600
0FFD50
0FF3F0
0FE9E0
0FDF30
0FD3F0
0FC810
0FBB90
0FAE80
0FA0D0
0F9280
0F83A0
0F7420
0F6410
0F5360
0F4210
0F3030
0F1DB0
0F0A90
0EF6E0
0EE2C0
0ECE20
0EB910
0EA390
0E8DA0
0E7730
0E6060
0E4910
0E3150
0E1920
0E0070
0DE760
0DCDD0
0DB3D0
0D9950
0D7E70
0D6340
0D47D0
0D2C20
0D1030
0CF3F0
0CD780
0CBAC0
0C9DC0
0C8080
0C62F0
0C4530
0C2720
0C08D0
0BEA40
0BCB60
0BAC50
0B8D20
0B6DF0
0B4EB0
0B2F50
0B0FF0
0AF080
0AD110
0AB180
0A91E0
0A7240
0A5280
0A32C0
0A12F0
09F310
09D310
09B320
099340
097380
0953F0
093480
091530
08F600
08D6F0
08B810
089940
087AA0
085C20
083DD0
081F90
080180
07E390
07C5C0
07A830
078B00
076E20
075180
073540
071940
06FD90
06E230
06C720
06AC50
0691E0
0677B0
065DD0
064450
062B10
061210
05F990
05E180
05C9D0
05B290
059BC0
058560
056F70
0559E0
0544C0
053010
051BD0
050800
04F490
04E1A0
04CF10
04BCF0
04AB50
049A30
048990
047960
0469C0
045AA0
044BF0
043DD0
043020
042300
041650
040A20
03FE70
03F340
03E8A0
03DE70
03D4C0
03CB90
03C2E0
03BAB0
03B310
03ABE0
03A530
039F10
039970
039440
038FA0
038B80
0387E0
0384C0
038220
038000
037E60
037D20
037C60
037C20
037C50
037CF0
037E00
037F90
038190
038400
0386F0
038A50
038E30
039270
039730
039C70
03A200
03A7F0
03AE40
03B4E0
03BBF0
03C350
03CB10
03D330
03DBB0
03E490
03EDC0
03F750
040150
040B90
041640
042150
042C90
043810
0443D0
044FD0
045C00
046870
047520
048210
048F30
049CA0
04AA40
04B820
04C630
04D480
04E320
04F1E0
0500D0
050FD0
051EE0
052E00
053D50
054CA0
055C10
056BA0
057B40
058AF0
059AC0
05AAA0
05BAA0
05CAB0
05DAE0
05EB20
05FB50
060B80
061B90
062BA0
063B90
064B80
065B60
066B30
067AF0
068AA0
069A40
06A9E0
06B960
06C8E0
06D850
06E7A0
06F6D0
0705D0
0714B0
072350
0731C0
074010
074E30
075C10
0769D0
077760
0784D0
079200
079F00
07ABE0
07B890
07C500
07D140
07DD30
07E8D0
07F440
07FF50
080A30
0814C0
081F00
082900
0832C0
083C30
084560
084E40
0856E0
085F40
086750
086F10
087680
087D90
088450
088AC0
0890D0
089690
089C00
08A110
08A5E0
08AA50
08AE60
08B230
08B5A0
08B8B0
08BB80
08BDF0
08C000
08C1C0
08C320
08C430
08C4F0
08C540
08C550
08C4F0
08C450
08C350
08C1F0
08C030
08BE30
08BBC0
08B910
08B600
08B2A0
08AEF0
08AB00
08A6B0
08A220
089D30
089800
089270
088CA0
088670
088000
087940
087230
086AD0
086310
085B20
085300
084A90
0841F0
083910
082FF0
082690
081CF0
081320
080900
07FEB0
07F420
07E960
07DE50
07D310
07C780
07BBE0
07B010
07A420
079800
078BC0
077F60
0772E0
076630
075960
074C60
073F40
073200
072490
071710
070950
06FB80
06EDA0
06DFB0
06D1B0
06C3B0
06B5B0
06A7A0
069980
068B60
067D30
066EF0
0660B0
065260
064410
0635B0
062740
0618D0
060A70
05FC20
05EDE0
05DFB0
05D1A0
05C3A0
05B5A0
05A7C0
0599F0
058C30
057E90
0570F0
056370
0555F0
054890
053B40
052E20
052120
051450
0507B0
04FB30
04EEF0
04E2D0
04D6D0
04CB10
04BF70
04B400
04A8C0
049DA0
0492B0
0487F0
047D50
047300
0468E0
045F00
045560
044C00
0442D0
0439F0
043140
0428D0
0420A0
0418B0
041100
040990
040250
03FB50
03F4A0
03EE20
03E800
03E220
03DC80
03D730
03D220
03CD70
03C8F0
03C4C0
03C0E0
03BD50
03B9F0
03B6F0
03B430
03B1B0
03AF90
03ADA0
03AC10
03AAC0
03A9C0
03A910
03A8B0
03A890
03A8C0
03A940
03AA00
03AB10
03AC70
03AE20
03B010
03B260
03B4E0
03B7C0
03BAD0
03BE40
03C1E0
03C5D0
03CA10
03CE90
03D350
03D860
03DDB0
03E350
03E930
03EF50
03F5C0
03FC80
040370
040AB0
041220
0419D0
0421C0
0429E0
043240
043AD0
0443B0
044CC0
045610
045F90
046950
047350
047D80
048800
0492A0
049D80
04A880
04B3B0
04BF00
04CA80
04D630
04E200
04EE00
04FA20
050670
0512F0
051F90
052C60
053960
054680
0553D0
056130
056EB0
057C40
0589E0
0597A0
05A570
05B360
05C160
05CF80
05DDB0
05EBF0
05FA50
0608C0
061740
0625E0
0634A0
064350
065210
0660C0
066F80
067E40
068D00
069BC0
06AA90
06B950
06C810
06D6E0
06E5B0
06F480
070340
071210
0720F0
072FB0
073E60
074D00
075B80
076A00
077870
0786D0
079510
07A350
07B170
07BF90
07CD90
07DB80
07E960
07F730
080500
081290
082010
082D70
083AB0
0847C0
0854B0
086190
086E40
087AD0
088740
089380
089FB0
08ABC0
08B7A0
08C360
08CF10
08DA80
08E5C0
08F0E0
08FBC0
090680
091110
091B70
0925A0
092FA0
093970
094310
094C80
0955D0
095EE0
0967D0
097090
097910
098160
098970
099150
099900
09A070
09A7A0
09AEA0
09B570
09BC00
09C260
09C880
09CE70
09D420
09D9A0
09DEF0
09E3F0
09E8C0
09ED50
09F1A0
09F5C0
09F990
09FD30
0A0090
0A03B0
0A06A0
0A0940
0A0BB0
0A0DE0
0A0FD0
0A1190
0A1300
0A1440
0A1540
0A15F0
0A1670
0A16B0
0A16B0
0A1670
0A15F0
0A1530
0A1440
0A1300
0A1180
0A0FD0
0A0DD0
0A0BA0
0A0920
0A0670
0A0380
0A0050
09FCD0
09F920
09F530
09F100
09EC90
09E7E0
09E300
09DDD0
09D860
09D2B0
09CCD0
09C6A0
09C040
09B990
09B2B0
09ABA0
09A440
099CB0
0994D0
098CC0
098480
097BF0
097330
096A30
0960F0
095780
094DC0
0943D0
0939A0
092F30
092490
0919B0
090EA0
090350
08F7C0
08EC00
08E000
08D3C0
08C750
08BAA0
08ADC0
08A0A0
089340
0885B0
0877E0
0869D0
085B90
084D20
083E80
082FA0
082090
081150
0801D0
07F220
07E240
07D220
07C1D0
07B150
07A090
078FA0
077E70
076D20
075B90
0749E0
073800
0725E0
0713A0
070130
06EE80
06DBB0
06C8B0
06B580
06A220
068E80
067AC0
0666D0
0652B0
063E60
0629F0
061560
0600A0
05EBB0
05D6B0
05C170
05AC10
059690
0580E0
056B10
055510
053EF0
0528B0
051240
04FBA0
04E4F0
04CE20
04B730
04A020
0488F0
0471B0
045A50
0442D0
042B30
041370
03FB90
03E3A0
03CB90
03B360
039B10
0382A0
036A20
0351A0
033900
032060
0307A0
02EED0
02D600
02BD10
02A410
028B10
0271F0
0258D0
023F90
022650
020CF0
01F390
01DA20
01C0C0
01A760
018E00
0174A0
015B40
0141E0
012880
010F20
00F5D0
00DC70
00C320
00A9C0
009070
007720
005DD0
004490
002B70
001260
FFF960
FFE070
FFC7A0
FFAEE0
FF9640
FF7DB0
FF6530
FF4CC0
FF3470
FF1C30
FF0410
FEEBF0
FED400
FEBC20
FEA480
FE8D00
FE75B0
FE5E90
FE47A0
FE30D0
FE1A30
FE03C0
FDED70
FDD750
FDC160
FDABA0
FD9610
FD80A0
FD6B60
FD5660
FD41A0
FD2D30
FD18F0
FD0500
FCF150
FCDDE0
FCCAB0
FCB7C0
FCA510
FC92B0
FC8080
FC6EA0
FC5D00
FC4BA0
FC3A80
FC29C0
FC1950
FC0940
FBF980
FBEA20
FBDB10
FBCC60
FBBE00
FBB000
FBA260
FB9510
FB8810
FB7B70
FB6F30
FB6340
FB57B0
FB4C80
FB41C0
FB3770
FB2D80
FB2400
FB1AE0
FB1230
FB09F0
FB0220
FAFAB0
FAF3A0
FAED00
FAE6D0
FAE110
FADBB0
FAD6C0
FAD240
FACE40
FACAB0
FAC790
FAC4F0
FAC2C0
FAC110
FABFD0
FABF00
FABEB0
FABED0
FABF60
FAC070
FAC200
FAC3F0
FAC670
FAC950
FACCC0
FAD0A0
FAD4F0
FAD9D0
FADF10
FAE4E0
FAEB20
FAF1E0
FAF910
FB00C0
FB08F0
FB1190
FB1AB0
FB2440
FB2E50
FB38D0
FB43D0
FB4F40
FB5B20
FB6770
FB7440
FB8170
FB8F30
FB9D50
FBABE0
FBBAF0
FBCA70
FBDA70
FBEAD0
FBFBB0
FC0D00
FC1EB0
FC30D0
FC4350
FC5630
FC6970
FC7D20
FC9130
FCA5A0
FCBA80
FCCFC0
FCE560
FCFB60
FD11D0
FD28A0
FD3FD0
FD5760
FD6F40
FD8770
FD9FE0
FDB8A0
FDD1B0
FDEB00
FE04A0
FE1E80
FE38B0
FE5330
FE6DF0
FE8900
FEA460
FEC000
FEDBF0
FEF820
FF1480
FF3110
FF4DC0
FF6A90
FF87A0
FFA4C0
FFC210
FFDF90
FFFD40
001B00
003900
005720
007560
0093D0
00B270
00D130
00EFF0
010EC0
012D80
014C50
016B10
0189E0
01A8B0
01C780
01E650
020530
022400
0242D0
0261B0
028090
029F70
02BE40
02DD00
02FB90
031A00
033850
035670
037470
039240
03AFF0
03CD80
03EAF0
040830
042550
044240
045F10
047BC0
049840
04B480
04D070
04EC10
050770
052270
053D40
0557B0
0571E0
058BC0
05A550
05BE90
05D790
05F040
0608B0
0620D0
0638A0
065000
066700
067D90
0693B0
06A970
06BED0
06D3B0
06E830
06FC50
071000
072340
073620
074890
075A90
076C30
077D60
078E10
079E50
07AE10
07BD40
07CC00
07DA40
07E800
07F550
080210
080E60
081A30
082580
083050
083AA0
084470
084DD0
0856A0
085EF0
0866C0
086E00
0874C0
087B00
0880B0
0885E0
088A90
088EC0
089260
089590
089820
089A40
089BD0
089CE0
089D70
089D80
089D20
089C30
089AD0
0898E0
089680
0893A0
089050
088C70
088810
088340
087DF0
087810
0871C0
086B00
0863C0
085C20
085410
084BA0
0842C0
083980
082FD0
0825B0
081B30
081040
0804E0
07F920
07ECF0
07E060
07D360
07C600
07B850
07AA50
079C10
078D80
077EB0
076F90
076030
075080
074080
073040
071FB0
070EE0
06FDC0
06EC60
06DAB0
06C8B0
06B6A0
06A460
069210
067F90
066CF0
065A40
064760
063460
062140
060E10
05FAB0
05E730
05D390
05BFD0
05ABF0
0597F0
058400
057010
055C40
054870
0534A0
0520F0
050D40
04F9A0
04E610
04D280
04BF10
04ABA0
049840
0484E0
047190
045E60
044B50
043880
0425E0
041380
040160
03EF60
03DDB0
03CC20
03BAD0
03A9C0
0398E0
038840
0377D0
036790
035790
0347C0
033850
032940
031A90
030C30
02FE40
02F0A0
02E360
02D680
02C9F0
02BDD0
02B200
02A690
029B80
0290C0
028670
027C70
0272F0
0269E0
026150
025940
025190
024A70
0243C0
023D90
0237D0
023280
022DB0
022960
022580
022220
021F40
021CC0
021AE0
021970
021890
021840
021870
021920
021A60
021C20
021E60
022130
022480
022860
022CC0
0231B0
023710
023D10
024380
024A80
025210
025A10
0262B0
026BC0
027560
027F80
028A30
029560
02A110
02AD50
02BA10
02C760
02D520
02E380
02F240
030180
031140
032170
033210
034330
0354C0
0366D0
037950
038C40
039FB0
03B390
03C7F0
03DCC0
03F210
0407C0
041DE0
043450
044B30
046250
0479E0
0491C0
04AA00
04C290
04DB90
04F4E0
050E80
052890
0542F0
055DA0
0578C0
059430
05AFE0
05CBC0
05E7D0
060410
062090
063D50
065A30
067760
0694B0
06B240
06D000
06EDF0
070C20
072A80
074920
0767F0
0786D0
07A5B0
07C4A0
07E3A0
0802A0
0821B0
0840D0
086000
087F30
089E70
08BDC0
08DD10
08FC70
091BE0
093B60
095AE0
097A50
099990
09B8C0
09D7C0
09F6B0
0A1580
0A3440
0A52D0
0A7140
0A8FA0
0AADE0
0ACBF0
0AE9F0
0B07E0
0B25A0
0B4340
0B60A0
0B7DC0
0B9AA0
0BB740
0BD390
0BEFB0
0C0B80
0C2710
0C4260
0C5D60
0C7830
0C92B0
0CACF0
0CC6F0
0CE0B0
0CFA30
0D1350
0D2C00
0D4460
0D5C60
0D7400
0D8B40
0DA220
0DB8A0
0DCED0
0DE490
0DFA00
0E0F00
0E23B0
0E37F0
0E4BE0
0E5F70
0E7290
0E8530
0E9770
0EA940
0EBAA0
0ECB90
0EDC00
0EEC10
0EFBB0
0F0AD0
0F1990
0F27E0
0F35B0
0F4320
0F5020
0F5CA0
0F68C0
0F7460
0F7F90
0F8A50
0F94A0
0F9E80
0FA7E0
0FB0E0
0FB960
0FC170
0FC910
0FD030
0FD6F0
0FDD30
0FE300
0FE870
0FED60
0FF1F0
0FF610
0FF9D0
0FFD20
100010
100290
1004B0
100660
1007A0
100880
1008F0
100900
1008A0
1007E0
1006B0
100530
100350
100120
0FFEA0
0FFBC0
0FF890
0FF510
0FF130
0FED00
0FE880
0FE3A0
0FDE70
0FD8F0
0FD310
0FCCE0
0FC650
0FBF90
0FB890
0FB160
0FA9F0
0FA240
0F9A60
0F9240
0F89E0
0F8150
0F7880
0F6F70
0F6630
0F5CB0
0F52F0
0F4900
0F3ED0
0F3480
0F2A20
0F1FA0
0F1500
0F0A50
0EFF70
0EF480
0EE980
0EDE50
0ED310
0EC7C0
0EBC40
0EB0B0
0EA500
0E9930
0E8D50
0E8170
0E7590
0E69B0
0E5DD0
0E5200
0E4630
0E3A60
0E2E90
0E22D0
0E1710
0E0B50
0DFF90
0DF3D0
0DE820
0DDC70
0DD0C0
0DC520
0DB9B0
0DAE50
0DA310
0D97E0
0D8CE0
0D81F0
0D7710
0D6C60
0D61C0
0D5740
0D4CE0
0D4290
0D3860
0D2E50
0D2450
0D1A90
0D10F0
0D0780
0CFE30
0CF520
0CEC30
0CE370
0CDAE0
0CD280
0CCA50
0CC240
0CBA60
0CB2B0
0CAB30
0CA3E0
0C9CB0
0C95C0
0C8F00
0C8870
0C8220
0C7BF0
0C7600
0C7050
0C6AC0
0C6570
0C6050
0C5B60
0C56B0
0C5220
0C4DD0
0C49C0
0C45D0
0C4220
0C3EA0
0C3B50
0C3830
0C3540
0C3290
0C3000
0C2DB0
0C2B90
0C29A0
0C27E0
0C2660
0C2500
0C23E0
0C22F0
0C2220
0C2190
0C2110
0C20C0
0C20A0
0C20A0
0C20C0
0C2100
0C2170
0C2200
0C22C0
0C23A0
0C24A0
0C25D0
0C2720
0C2890
0C2A30
0C2BE0
0C2DA0
0C2F70
0C3160
0C3360
0C3570
0C3790
0C39C0
0C3C10
0C3E60
0C40D0
0C4350
0C45F0
0C4890
0C4B50
0C4E20
0C50F0
0C53B0
0C5680
0C5940
0C5C10
0C5ED0
0C6190
0C6450
0C6710
0C69C0
0C6C80
0C6F30
0C71E0
0C74A0
0C7750
0C79F0
0C7C90
0C7F10
0C8170
0C83C0
0C8600
0C8820
0C8A30
0C8C20
0C8DF0
0C8FC0
0C9160
0C9300
0C9480
0C95E0
0C9730
0C9860
0C9970
0C9A50
0C9B10
0C9BA0
0C9C10
0C9C50
0C9C60
0C9C50
0C9C10
0C9BB0
0C9B20
0C9A70
0C9990
0C9880
0C9750
0C9600
0C9470
0C92A0
0C90B0
0C8E80
0C8C10
0C8980
0C86B0
0C83A0
0C8070
0C7D00
0C7950
0C7580
0C7170
0C6D30
0C68B0
0C6400
0C5F20
0C5A00
0C54B0
0C4F20
0C4960
0C4370
0C3D40
0C36D0
0C3040
0C2970
0C2260
0C1B20
0C13B0
0C0C00
0C0420
0BFC00
0BF3C0
0BEB40
0BE290
0BD9B0
0BD0B0
0BC770
0BBE00
0BB460
0BAAA0
0BA0A0
0B9670
0B8C10
0B8180
0B76C0
0B6BD0
0B60C0
0B5570
0B4A10
0B3E90
0B32F0
0B2720
0B1B40
0B0F30
0B0300
0AF6B0
0AEA40
0ADDB0
0AD100
0AC430
0AB730
0AAA20
0A9CE0
0A8FA0
0A8240
0A74E0
0A6770
0A59F0
0A4C60
0A3ED0
0A3120
0A2370
0A15B0
0A07E0
09FA00
09EC10
09DE10
09D010
09C1F0
09B3F0
09A5F0
0997F0
098A00
097C20
096E50
096080
0952C0
094500
093750
0929B0
091C20
090E90
090110
08F390
08E620
08D8D0
08CBB0
08BEA0
08B1B0
08A4F0
089850
088BD0
087F70
087330
086710
085B20
084F40
084390
083800
082C90
082140
081620
080B30
080080
07F600
07EBB0
07E1A0
07D7C0
07CE10
07C490
07BB50
07B240
07A960
07A0C0
079840
079000
078800
078030
0778A0
077150
076A50
076380
075CF0
0756B0
0750A0
074AD0
074550
074000
073B00
073630
0731A0
072D60
072950
072590
072210
071EC0
071BC0
071910
071690
071460
071260
0710B0
070F40
070E10
070D20
070C80
070C10
070BF0
070C10
070C70
070D00
070DD0
070EE0
071020
0711B0
071370
071570
0717A0
071A10
071CC0
071FB0
0722D0
072640
0729E0
072DB0
0731C0
0735F0
073A40
073ED0
074370
074850
074D50
075280
0757D0
075D50
076300
0768E0
076EE0
077500
077B60
0781D0
078870
078F10
0795C0
079C90
07A360
07AA50
07B150
07B860
07BF80
07C6B0
07CE00
07D550
07DCC0
07E440
07EBC0
07F370
07FB00
080290
080A10
081180
0818F0
082050
0827A0
082EF0
083630
083D70
084490
084BB0
0852D0
0859E0
0860E0
0867D0
086EA0
087550
087BD0
088220
088850
088E50
089430
0899F0
089F80
08A4E0
08AA20
08AF40
08B430
08B8F0
08BD90
08C210
08C640
08CA30
08CDE0
08D150
08D480
08D760
08DA00
08DC70
08DE90
08E060
08E200
08E350
08E470
08E540
08E5D0
08E610
08E610
08E5B0
08E4F0
08E3E0
08E280
08E0C0
08DEA0
08DC30
08D970
08D660
08D2E0
08CF20
08CB00
08C690
08C1C0
08BC90
08B710
08B120
08AAE0
08A430
089D20
0895B0
088DE0
0885B0
087D20
087430
086AD0
086120
085700
084C80
0841A0
083670
082AC0
081EC0
081260
0805A0
07F870
07EAF0
07DD00
07CEB0
07C000
07B0F0
07A180
0791B0
078180
0770E0
075FF0
074E90
073CE0
072AE0
071880
0705D0
06F2C0
06DF60
06CBB0
06B7A0
06A330
068E80
067970
066400
064E40
063830
0621D0
060B00
05F400
05DCC0
05C540
05AD70
059570
057D20
056490
054BC0
0532C0
051960
04FFD0
04E600
04CBF0
04B190
049700
047C20
046120
044600
042AC0
040F50
03F3C0
03D810
03BC40
03A040
038430
0367F0
034B80
032F00
031250
02F580
02D890
02BB70
029E60
028140
026420
024700
0229E0
020CC0
01EFA0
01D270
01B550
019820
017B00
015DD0
0140A0
012370
010640
00E910
00CC00
00AF10
009240
007590
005900
003C90
002050
000420
FFE820
FFCC30
FFB070
FF94C0
FF7940
FF5DE0
FF42A0
FF2780
FF0CA0
FEF200
FED7B0
FEBD90
FEA3C0
FE8A20
FE70D0
FE57C0
FE3EF0
FE2660
FE0E10
FDF600
FDDE40
FDC6B0
FDAF70
FD9860
FD81C0
FD6B70
FD5580
FD3FE0
FD2AB0
FD15D0
FD0150
FCED20
FCD950
FCC5E0
FCB2D0
FCA020
FC8DC0
FC7BC0
FC6A10
FC58D0
FC47F0
FC3780
FC2780
FC17F0
FC08D0
FBFA10
FBEBC0
FBDDF0
FBD080
FBC380
FBB6F0
FBAAD0
FB9F10
FB93D0
FB88F0
FB7E80
FB7490
FB6B00
FB6200
FB5960
FB5140
FB4990
FB4250
FB3B90
FB3540
FB2F70
FB2A00
FB2510
FB20A0
FB1C90
FB1900
FB15F0
FB1340
FB1110
FB0F40
FB0DF0
FB0D10
FB0CB0
FB0CB0
FB0D20
FB0E10
FB0F70
FB1140
FB1380
FB1630
FB1950
FB1CF0
FB20F0
FB2560
FB2A40
FB2F80
FB3520
FB3B30
FB41A0
FB4870
FB4FB0
FB5750
FB5F60
FB67D0
FB70B0
FB79F0
FB8390
FB8DA0
FB9810
FBA2D0
FBADF0
FBB960
FBC520
FBD130
FBDD90
FBEA40
FBF750
FC04B0
FC1250
FC2050
FC2EB0
FC3D50
FC4C50
FC5BA0
FC6B30
FC7B10
FC8B20
FC9B70
FCAC00
FCBCC0
FCCDC0
FCDEF0
FCF060
FD0210
FD13F0
FD2610
FD3870
FD4B00
FD5DD0
FD70E0
FD8420
FD9780
FDAB00
FDBEA0
FDD260
FDE640
FDFA40
FE0E60
FE22A0
FE36F0
FE4B70
FE6000
FE74C0
FE8990
FE9E90
FEB3A0
FEC8D0
FEDE10
FEF350
FF0890
FF1DD0
FF3320
FF4880
FF5DE0
FF7340
FF88A0
FF9E10
FFB380
FFC900
FFDE80
FFF400
000990
001F20
003490
004A00
005F60
0074B0
0089F0
009F20
00B430
00C940
00DE40
00F320
010800
011CC0
013180
014620
015AB0
016F40
0183A0
0197E0
01AC00
01C000
01D3E0
01E7A0
01FB30
020EB0
022200
023540
024850
025B40
026E10
0280C0
029350
02A5C0
02B800
02CA10
02DC00
02EDB0
02FF40
0310A0
0321E0
0332E0
0343C0
035470
0364F0
037550
038570
039570
03A540
03B4F0
03C460
03D3A0
03E2C0
03F1A0
040060
040EE0
041D40
042B60
043960
044720
0454C0
046220
046F60
047C60
048940
0495F0
04A270
04AEC0
04BAE0
04C6E0
04D2A0
04DE40
04E9C0
04F500
050020
050B00
0515C0
052060
052AC0
053500
053F00
0548F0
0552A0
055C40
0565B0
056EF0
057820
058120
058A00
0592B0
059B40
05A3B0
05ABF0
05B410
05BC10
05C3F0
05CBA0
05D320
05DA90
05E1F0
05E930
05F050
05F750
05FE40
060510
060BD0
061270
0618F0
061F50
0625A0
062BD0
0631F0
0637F0
063DD0
0643A0
064970
064F20
0654D0
065A60
065FF0
066570
066AE0
067040
067590
067AD0
068000
068520
068A30
068F40
069430
069920
069E10
06A300
06A7F0
06ACD0
06B1B0
06B690
06BB70
06C050
06C520
06C9F0
06CEC0
06D390
06D860
06DD20
06E1E0
06E6B0
06EB70
06F040
06F520
06F9F0
06FED0
0703C0
0708A0
070D90
071290
071780
071C80
072180
072690
072BA0
0730B0
0735D0
073AF0
074020
074560
074AA0
074FF0
075550
075AB0
076020
076590
076B10
0770A0
077630
077BD0
078170
078730
078CE0
0792B0
079880
079E50
07A430
07AA20
07B020
07B620
07BC20
07C240
07C860
07CE80
07D4B0
07DAF0
07E140
07E790
07EDE0
07F440
07FAA0
080100
080770
080DE0
081450
081AD0
082150
0827D0
082E60
0834F0
083B80
084220
0848C0
084F70
085610
085CB0
086350
0869E0
087080
087710
087DA0
088420
088AB0
089130
0897B0
089E30
08A4B0
08AB20
08B190
08B800
08BE60
08C4B0
08CAF0
08D120
08D740
08DD50
08E350
08E950
08EF30
08F500
08FAC0
090080
090620
090BB0
091140
0916B0
091C10
092140
092660
092B60
093040
093510
0939B0
093E30
0942A0
0946F0
094B20
094F30
095320
0956F0
095AA0
095E40
0961A0
0964E0
0967F0
096AE0
096D90
097020
097280
0974B0
0976C0
097890
097A40
097BC0
097D10
097E30
097F30
098000
098090
0980F0
098100
0980F0
098090
098000
097F30
097E30
097CF0
097B70
0979B0
0977C0
097590
097330
097090
096DB0
096A90
096730
096380
095F90
095B50
0956D0
095210
094D10
0947C0
094230
093C50
093630
092FD0
092920
092230
091B00
091380
090BB0
090390
08FB30
08F280
08E980
08E030
08D6A0
08CCC0
08C290
08B810
08AD40
08A230
0896D0
088B20
087F30
0872E0
086650
085970
084C40
083EC0
083100
0822E0
081480
0805D0
07F6D0
07E780
07D7F0
07C800
07B7D0
07A750
079680
078570
077400
076260
075070
073E30
072BA0
0718D0
0705C0
06F260
06DEB0
06CAC0
06B680
06A200
068D30
067810
0662B0
064D10
063730
062110
060AB0
05F420
05DD40
05C630
05AEE0
059750
057F70
056770
054F20
053690
051DC0
0504C0
04EB70
04D200
04B860
049E90
048490
046A70
045020
043590
041AF0
040010
03E500
03C9D0
03AE70
0392E0
037720
035B30
033F20
0322F0
0306B0
02EA50
02CDE0
02B160
0294C0
027810
025B50
023E70
022180
020470
01E750
01CA20
01ACD0
018F70
017200
015490
013720
0119B0
00FC50
00DEF0
00C190
00A440
0086F0
0069A0
004C50
002F10
0011D0
FFF490
FFD760
FFBA30
FF9D00
FF7FF0
FF6310
FF4640
FF29A0
FF0D10
FEF0B0
FED470
FEB850
FE9C50
FE8070
FE64C0
FE4920
FE2DA0
FE1250
FDF720
FDDC00
FDC130
FDA6A0
FD8C40
FD7230
FD5860
FD3EC0
FD2570
FD0C50
FCF380
FCDAE0
FCC290
FCAA70
FC9290
FC7B00
FC63A0
FC4C80
FC35C0
FC1F60
FC0950
FBF3A0
FBDE50
FBC950
FBB4B0
FBA060
FB8C80
FB78F0
FB65B0
FB52E0
FB4060
FB2E40
FB1C70
FB0B00
FAFA00
FAE980
FAD960
FAC9B0
FABA80
FAABC0
FA9D70
FA8F90
FA8220
FA7520
FA68A0
FA5C80
FA50E0
FA45B0
FA3AE0
FA3090
FA26D0
FA1D80
FA14B0
FA0C60
FA04A0
F9FD50
F9F680
F9F040
F9EA80
F9E530
F9E070
F9DC30
F9D870
F9D530
F9D270
F9D030
F9CE80
F9CD50
F9CCA0
F9CC90
F9CCF0
F9CDE0
F9CF60
F9D160
F9D3F0
F9D700
F9DAA0
F9DEC0
F9E370
F9E8A0
F9EE50
F9F4A0
F9FB60
FA02B0
FA0A80
FA12D0
FA1BA0
FA2500
FA2ED0
FA3940
FA4420
FA4F80
FA5B70
FA67E0
FA74D0
FA8250
FA9050
FA9EC0
FAADC0
FABD20
FACD00
FADD50
FAEE20
FAFF60
FB1110
FB2330
FB35D0
FB48E0
FB5C60
FB7060
FB84D0
FB99B0
FBAF10
FBC4E0
FBDB10
FBF190
FC0870
FC1FB0
FC3750
FC4F40
FC6790
FC8040
FC9940
FCB2B0
FCCC70
FCE680
FD0100
FD1BD0
FD3700
FD5290
FD6E50
FD8A50
FDA680
FDC2F0
FDDFA0
FDFC80
FE19A0
FE36F0
FE5480
FE7240
FE9040
FEAE80
FECCF0
FEEBA0
FF0A80
FF29A0
FF48D0
FF6810
FF8760
FFA6C0
FFC630
FFE5C0
000550
0024F0
0044B0
006470
008450
00A440
00C430
00E440
010460
012490
0144A0
0164A0
018480
01A440
01C3E0
01E370
0202E0
022240
024180
0260A0
027FA0
029E90
02BD60
02DC10
02FAB0
031930
033770
035560
037310
039080
03ADA0
03CA90
03E720
040380
041F90
043B60
0456F0
047230
048D30
04A7F0
04C260
04DCA0
04F660
050FC0
0528B0
054140
055960
057110
058860
059F40
05B5B0
05CBC0
05E160
05F690
060B60
061FC0
0633C0
064750
065A60
066CE0
067EE0
069050
06A140
06B1B0
06C190
06D0F0
06DFD0
06EE20
06FBF0
070930
0715F0
072230
072DE0
073910
0743B0
074DB0
075720
075FF0
076830
076FE0
0776F0
077D80
078360
0788C0
078D80
0791A0
079530
079830
079AA0
079C70
079DB0
079E50
079E60
079DD0
079CB0
079B00
0798B0
0795C0
079240
078E30
078980
078440
077E60
0777F0
0770E0
076940
076110
075860
074F20
074550
073B00
073020
0724C0
0718C0
070C50
06FF40
06F1B0
06E3A0
06D4F0
06C5D0
06B610
06A5D0
069520
068400
067270
066070
064E00
063B20
0627E0
061420
05FFF0
05EB60
05D650
05C0E0
05AB00
0594A0
057DE0
0566B0
054F30
053770
051F60
050710
04EE70
04D580
04BC50
04A2D0
048910
046F10
0454B0
043A10
041F30
040400
03E890
03CCC0
03B0F0
0394F0
0378E0
035CB0
034060
032400
030780
02EAE0
02CE20
02B150
029460
027750
025A30
023CE0
021F80
020210
01E4A0
01C750
01AA10
018CE0
016FD0
0152C0
0135D0
011900
00FC30
00DF80
00C2E0
00A650
0089D0
006D70
005110
0034E0
0018E0
FFFD20
FFE1A0
FFC660
FFAB60
FF90A0
FF7630
FF5BF0
FF41F0
FF2830
FF0EC0
FEF580
FEDC80
FEC3C0
FEAB50
FE9310
FE7B40
FE63D0
FE4CC0
FE3620
FE1FE0
FE0A00
FDF480
FDDF70
FDCAC0
FDB680
FDA290
FD8F10
FD7C00
FD6940
FD56F0
FD4510
FD33A0
FD22B0
FD1240
FD0240
FCF2D0
FCE3D0
FCD560
FCC760
FCB9E0
FCACE0
FCA060
FC9460
FC88D0
FC7DD0
FC7340
FC6940
FC5FB0
FC56C0
FC4E40
FC4650
FC3EF0
FC3810
FC31C0
FC2BF0
FC26A0
FC21E0
FC1DB0
FC1A00
FC16D0
FC1430
FC1220
FC1080
FC0F70
FC0EF0
FC0EE0
FC0F60
FC1050
FC11D0
FC13D0
FC1650
FC1960
FC1CE0
FC20F0
FC2570
FC2A80
FC3020
FC3630
FC3CC0
FC43D0
FC4B40
FC5320
FC5B70
FC6430
FC6D50
FC76F0
FC80F0
FC8B70
FC9650
FCA1A0
FCAD60
FCB990
FCC630
FCD340
FCE0B0
FCEE80
FCFC90
FD0AF0
FD19B0
FD28B0
FD3800
FD47A0
FD5790
FD67D0
FD7850
FD8930
FD9A60
FDABD0
FDBDA0
FDCFB0
FDE210
FDF4A0
FE0750
FE1A30
FE2D30
FE4060
FE53B0
FE6730
FE7AD0
FE8E90
FEA280
FEB6A0
FECAE0
FEDF50
FEF3E0
FF0890
FF1D80
FF3260
FF4730
FF5C10
FF70F0
FF85D0
FF9AB0
FFAF80
FFC460
FFD940
FFEE10
0002F0
0017C0
002C90
004170
005640
006B10
007FC0
009440
00A8A0
00BCE0
00D0F0
00E4E0
00F8A0
010C40
011FC0
013310
014640
015940
016C20
017EE0
019170
01A3E0
01B600
01C7F0
01D990
01EAF0
01FC00
020CE0
021D70
022DB0
023DC0
024D80
025D00
026C40
027B40
0289F0
029860
02A690
02B470
02C1F0
02CF20
02DC00
02E890
02F4C0
0300B0
030C40
031780
032260
032D00
033740
034130
034AD0
035410
035D10
0365B0
036DF0
0375F0
037D90
0384D0
038BC0
039260
0398B0
039EA0
03A430
03A980
03AE70
03B310
03B750
03BB40
03BED0
03C220
03C530
03C7F0
03CA60
03CC90
03CE80
03D020
03D180
03D280
03D350
03D3D0
03D400
03D3F0
03D3A0
03D300
03D210
03D100
03CFB0
03CE40
03CC90
03CAC0
03C8C0
03C680
03C420
03C190
03BED0
03BBD0
03B8B0
03B560
03B1E0
03AE30
03AA50
03A660
03A270
039E60
039A50
039640
039210
038DE0
0389A0
038550
038100
037C90
037820
0373A0
036F20
036A90
0365E0
036160
035CF0
0358A0
035470
035050
034C50
034860
034490
0340E0
033D40
0339C0
033660
033310
032FE0
032CD0
0329D0
032710
032490
032250
032050
031E90
031D00
031BB0
031AB0
0319E0
031950
031900
0318E0
031910
031980
031A20
031B00
031C40
031DE0
031FD0
032220
0324C0
0327C0
032B20
032EE0
0332F0
033760
033C20
034140
0346C0
034CA0
0352D0
035950
036050
0367B0
036F70
0377A0
038040
038940
0392A0
039C80
03A6C0
03B160
03BC70
03C7F0
03D3D0
03E010
03ECD0
03F9E0
040770
041560
0423B0
043280
0441A0
045140
046140
0471A0
048270
0493B0
04A550
04B760
04C9E0
04DCC0
04F000
0503C0
0517C0
052C20
0540E0
0555F0
056B50
058110
059730
05AD90
05C450
05DB70
05F2E0
060AA0
0622C0
063B40
065400
066D30
068680
06A010
06B9E0
06D3E0
06EE10
070880
072320
073E00
075910
077460
078FE0
07ABA0
07C790
07E3B0
080010
081CB0
083950
0855F0
0872B0
088F70
08AC30
08C910
08E5F0
0902D0
091FC0
093CC0
0959D0
0976E0
099400
09B120
09CE60
09EB90
0A08B0
0A25A0
0A4260
0A5F10
0A7B80
0A97E0
0AB410
0AD010
0AEBF0
0B07B0
0B2340
0B3EB0
0B59F0
0B7510
0B9010
0BAAE0
0BC560
0BDF80
0BF950
0C12C0
0C2BD0
0C44A0
0C5D00
0C7510
0C8CD0
0CA430
0CBB40
0CD1F0
0CE840
0CFE40
0D13F0
0D2940
0D3E10
0D5260
0D6630
0D7970
0D8C40
0D9E80
0DB040
0DC190
0DD250
0DE290
0DF250
0E0180
0E1040
0E1E70
0E2C30
0E3960
0E4600
0E51F0
0E5D60
0E6820
0E7240
0E7BD0
0E84C0
0E8D10
0E94D0
0E9BE0
0EA260
0EA840
0EAD90
0EB230
0EB640
0EB9B0
0EBC80
0EBEA0
0EC020
0EC100
0EC130
0EC0C0
0EBFB0
0EBDF0
0EBB90
0EB890
0EB4E0
0EB090
0EABA0
0EA600
0E9FC0
0E98E0
0E9160
0E8940
0E8090
0E7750
0E6D70
0E62F0
0E57D0
0E4C30
0E3FE0
0E3300
0E2590
0E1770
0E08D0
0DF990
0DE9B0
0DD930
0DC840
0DB6E0
0DA4F0
0D9290
0D7FC0
0D6C60
0D5890
0D4450
0D2F80
0D1A40
0D0490
0CEE50
0CD7A0
0CC080
0CA8D0
0C90C0
0C7850
0C5FA0
0C46A0
0C2D60
0C13E0
0BFA00
0BDFF0
0BC580
0BAAD0
0B8FE0
0B74A0
0B5910
0B3D40
0B2130
0B04C0
0AE820
0ACB60
0AAEA0
0A91C0
0A74E0
0A57F0
0A3AF0
0A1DE0
0A00D0
09E3A0
09C670
09A920
098BD0
096E70
095100
093390
091600
08F8B0
08DB80
08BE90
08A1D0
088540
0868E0
084CB0
0830B0
0814E0
07F950
07DDE0
07C2A0
07A7A0
078CD0
077230
0757B0
073DB0
072410
070AE0
06F220
06D9D0
06C1E0
06AA60
069340
067CA0
066660
065090
063B20
062620
061190
05FD70
05E9B0
05D690
05C410
05B220
05A0C0
059000
057FE0
057050
056160
055310
054550
053820
052B90
051FA0
051440
050980
04FF50
04F5E0
04ED20
04E510
04DDB0
04D710
04D120
04CBE0
04C750
04C380
04C060
04BDF0
04BC40
04BB30
04BAE0
04BB50
04BC60
04BE30
04C0C0
04C3F0
04C7F0
04CC90
04D1F0
04D800
04DED0
04E650
04EE90
04F780
050120
050B80
051690
052260
052ED0
053C00
0549C0
055820
056720
0576D0
058710
059800
05A980
05BBB0
05CE80
05E1F0
05F600
060AB0
062000
063600
064C90
0663A0
067B20
069310
06AB80
06C460
06DDB0
06F770
0711B0
072C60
074780
076310
077F20
079BA0
07B890
07D600
07F3E0
0811F0
083040
084EC0
086D80
088C80
08ABA0
08CB10
08EAA0
090A70
092A80
094AC0
096B40
098BF0
09ACE0
09CE00
09EF50
0A10A0
0A31D0
0A52F0
0A7400
0A9500
0AB5F0
0AD6D0
0AF7A0
0B1850
0B3900
0B5990
0B7A20
0B9A90
0BBAF0
0BDB40
0BFB70
0C1B60
0C3AE0
0C5A10
0C78D0
0C9750
0CB560
0CD320
0CF080
0D0D80
0D2A30
0D4680
0D6270
0D7E10
0D9940
0DB420
0DCEB0
0DE890
0E01E0
0E1A90
0E32A0
0E4A20
0E6100
0E7740
0E8CE0
0EA1E0
0EB650
0ECA20
0EDD50
0EEFE0
0F01E0
0F1340
0F2400
0F33F0
0F4320
0F5180
0F5F10
0F6BD0
0F77C0
0F82F0
0F8D50
0F96E0
0F9FA0
0FA7A0
0FAEC0
0FB520
0FBAB0
0FBF80
0FC370
0FC690
0FC8B0
0FCA00
0FCA60
0FC9E0
0FC880
0FC630
0FC300
0FBEF0
0FB9F0
0FB410
0FAD50
0FA5A0
0F9D20
0F93A0
0F8950
0F7E10
0F71F0
0F64F0
0F5700
0F4830
0F3880
0F27F0
0F1670
0F0420
0EF0E0
0EDCB0
0EC7B0
0EB1C0
0E9AF0
0E8340
0E6AA0
0E5150
0E3730
0E1C40
0E00A0
0DE430
0DC700
0DA910
0D8A60
0D6AE0
0D4AA0
0D29A0
0D07D0
0CE550
0CC200
0C9DF0
0C7910
0C53B0
0C2DC0
0C0740
0BE040
0BB8A0
0B9080
0B67D0
0B3E90
0B14D0
0AEA70
0ABF90
0A9420
0A6820
0A3B90
0A0E80
09E0D0
09B2F0
0984C0
095660
0927B0
08F8C0
08C990
089A10
086A60
083A60
080A20
07D9B0
07A8F0
0777E0
0746A0
071520
06E350
06B1A0
067FF0
064E60
061CE0
05EB60
05BA00
0588B0
055770
052640
04F520
04C410
049310
046230
043150
040080
03CFD0
039F70
036F90
034000
0310E0
02E220
02B3C0
0285D0
025840
022B10
01FE50
01D1F0
01A5F0
017A60
014F30
012460
00FA00
00D040
00A740
007EE0
005740
003040
0009F0
FFE450
FFBF70
FF9B30
FF77A0
FF54C0
FF3280
FF1100
FEF030
FED010
FEB090
FE9200
FE7450
FE5790
FE3BA0
FE20A0
FE0690
FDED50
FDD500
FDBD90
FDA700
FD9150
FD7C90
FD68B0
FD55C0
FD43A0
FD3270
FD2240
FD1310
FD04D0
FCF7A0
FCEB70
FCE040
FCD610
FCCCE0
FCC4B0
FCBD80
FCB750
FCB220
FCADF0
FCAAC0
FCA890
FCA770
FCA730
FCA800
FCA9D0
FCAC90
FCB050
FCB510
FCBAC0
FCC180
FCC930
FCD1E0
FCDB90
FCE630
FCF1E0
FCFE80
FD0C20
FD1AB0
FD2A30
FD3A80
FD4BB0
FD5DC0
FD70B0
FD8470
FD9910
FDAE90
FDC4F0
FDDC30
FDF440
FE0D30
FE2700
FE41B0
FE5D40
FE79A0
FE96B0
FEB450
FED2A0
FEF180
FF1110
FF3140
FF5200
FF7370
FF9580
FFB830
FFDB80
FFFF70
002400
004930
006F00
009570
00BC30
00E350
010AC0
013280
015A90
0182F0
01ABA0
01D4B0
01FE00
0227B0
0251B0
027C00
02A6B0
02D1A0
02FCF0
032890
035420
037FC0
03AB40
03D6D0
040250
042DD0
045940
0484B0
04B020
04DB80
0506E0
053240
055D90
0588E0
05B430
05DF70
060A60
0634E0
065F10
0688E0
06B250
06DB60
070420
072C70
075470
077C10
07A350
07CA30
07F0C0
0816E0
083CB0
086220
0886E0
08AB00
08CE70
08F130
091350
0934C0
095590
0975B0
099520
09B3F0
09D210
09EF80
0A0C50
0A2870
0A43F0
0A5EB0
0A78A0
0A91B0
0AA9D0
0AC110
0AD760
0AECE0
0B0170
0B1520
0B27F0
0B39E0
0B4AE0
0B5B00
0B6A40
0B78A0
0B8610
0B92B0
0B9E40
0BA8D0
0BB260
0BBB00
0BC290
0BC920
0BCEB0
0BD340
0BD6E0
0BD970
0BDB00
0BDB90
0BDB30
0BD9C0
0BD750
0BD3E0
0BCF70
0BCA00
0BC3A0
0BBC30
0BB3C0
0BAA50
0B9FE0
0B9480
0B8810
0B7AA0
0B6C30
0B5CC0
0B4C60
0B3AF0
0B2880
0B1510
0B00C0
0AEB90
0AD580
0ABE90
0AA6C0
0A8E10
0A7470
0A5A00
0A3EA0
0A2270
0A0550
09E750
09C870
09A8C0
098820
096690
094470
0921A0
08FE20
08D9F0
08B520
088FB0
086980
0842C0
081B40
07F320
07CA60
07A0E0
0776D0
074C00
072090
06F480
06C800
069B30
066E00
064070
061280
05E440
05B5A0
058690
055730
052780
04F760
04C6E0
049610
0464E0
043350
040160
03CF70
039D70
036B70
033960
030750
02D540
02A320
0270F0
023ED0
020C90
01DA60
01A810
0175D0
014380
011120
00DEC0
00ACB0
007AF0
004970
001850
FFE770
FFB6F0
FF86B0
FF56C0
FF2720
FEF7D0
FEC8C0
FE9A10
FE6BA0
FE3D90
FE0FC0
FDE240
FDB560
FD8910
FD5D60
FD3250
FD07D0
FCDDF0
FCB4B0
FC8C00
FC63F0
FC3C80
FC15A0
FBEF60
FBC9B0
FBA4A0
FB8030
FB5C50
FB3950
FB1710
FAF5B0
FAD520
FAB560
FA9670
FA7850
FA5B10
FA3E90
FA22F0
FA0820
F9EE10
F9D4E0
F9BC90
F9A500
F98E40
F97880
F963A0
F94FC0
F93CD0
F92AD0
F919C0
F909B0
F8FA80
F8EC50
F8DF00
F8D2B0
F8C750
F8BCE0
F8B360
F8AAE0
F8A340
F89CA0
F896F0
F89240
F88E70
F88BA0
F889D0
F888E0
F888F0
F88A00
F88BF0
F88EE0
F892C0
F897A0
F89D70
F8A430
F8ABE0
F8B470
F8BDF0
F8C830
F8D360
F8DF70
F8EC50
F8FA10
F908B0
F91830
F92880
F939C0
F94BD0
F95EC0
F97290
F98730
F99CC0
F9B2F0
F9C9D0
F9E150
F9F980
FA1260
FA2BE0
FA4610
FA60F0
FA7C80
FA98B0
FAB590
FAD310
FAF140
FB1020
FB2FA0
FB4FE0
FB7070
FB9170
FBB2D0
FBD4A0
FBF6D0
FC1970
FC3C70
FC5FD0
FC83A0
FCA7D0
FCCC60
FCF160
FD16C0
FD3C90
FD62C0
FD8960
FDB010
FDD6D0
FDFDB0
FE24B0
FE4BC0
FE72F0
FE9A30
FEC190
FEE900
FF1090
FF3840
FF5FF0
FF87D0
FFAFC0
FFD7C0
FFFFF0
0027D0
004F80
007700
009E40
00C550
00EC20
0112C0
013930
015F60
018550
01AB20
01D0A0
01F5F0
021B10
024000
0264A0
0288D0
02AC80
02CFC0
02F270
0314A0
033660
035790
037850
039890
03B850
03D790
03F650
041490
043250
044FA0
046C60
048870
04A3D0
04BE70
04D860
04F190
050A10
0521D0
0538E0
054F40
0564E0
0579C0
058E00
05A170
05B430
05C640
05D7A0
05E810
05F7C0
060680
061470
062190
062DD0
063930
0643C0
064D70
065640
065E40
066560
066BB0
067120
0675C0
067980
067C60
067E50
067F60
067F90
067EE0
067D50
067AD0
067770
067320
066E00
0667F0
066100
065920
065070
0646D0
063C40
0630F0
0624C0
0617C0
0609E0
05FB30
05EBB0
05DB50
05CA20
05B820
05A540
059190
057D00
0567B0
055170
053A70
052290
050A00
04F0C0
04D6D0
04BC30
04A0D0
0484D0
046810
044AB0
042C90
040DC0
03EE50
03CE20
03AD40
038BA0
036960
034670
032300
02FF10
02DAA0
02B5C0
029060
026A80
024420
021D40
01F5F0
01CE20
01A5D0
017D00
0153C0
0129F0
00FFB0
00D500
00AA00
007ED0
005360
0027B0
FFFBC0
FFCFA0
FFA340
FF76A0
FF49C0
FF1CB0
FEEF50
FEC1C0
FE9400
FE65F0
FE37B0
FE0930
FDDAB0
FDAC40
FD7DD0
FD4F70
FD2110
FCF2B0
FCC450
FC9600
FC67C0
FC3970
FC0B30
FBDD00
FBAEC0
FB80A0
FB5270
FB2450
FAF670
FAC8E0
FA9B90
FA6E80
FA41C0
FA1530
F9E900
F9BD00
F99150
F965F0
F93AD0
F90FF0
F8E550
F8BB00
F890F0
F86720
F83DD0
F81500
F7ECA0
F7C4C0
F79D50
F77660
F74FF0
F729F0
F70470
F6DF60
F6BAD0
F696B0
F67310
F64FF0
F62D40
F60B10
F5E980
F5C880
F5A830
F58880
F56970
F54B00
F52D20
F50FF0
F4F360
F4D760
F4BC10
F4A160
F48740
F46DD0
F45500
F43CC0
F42540
F40E70
F3F850
F3E2F0
F3CE30
F3BA30
F3A6E0
F39440
F38250
F37110
F36090
F350C0
F34190
F33330
F32570
F31860
F30C10
F30070
F2F580
F2EB50
F2E1C0
F2D8F0
F2D0E0
F2C970
F2C2C0
F2BCC0
F2B780
F2B2E0
F2AF00
F2ABD0
F2A960
F2A790
F2A670
F2A600
F2A620
F2A700
F2A870
F2AA90
F2AD50
F2B0B0
F2B4C0
F2B970
F2BED0
F2C4D0
F2CB70
F2D2B0
F2DAA0
F2E340
F2EC50
F2F600
F30030
F30AE0
F31620
F321F0
F32E40
F33B20
F34890
F35680
F364F0
F373F0
F38380
F39390
F3A430
F3B560
F3C6E0
F3D8D0
F3EB30
F3FDE0
F41100
F42480
F43870
F44CC0
F46170
F47680
F48C00
F4A1E0
F4B820
F4CED0
F4E5D0
F4FD50
F514F0
F52CE0
F54500
F55D60
F57600
F58ED0
F5A7E0
F5C130
F5DAC0
F5F480
F60E80
F628B0
F64330
F65DE0
F678C0
F693F0
F6AF20
F6CA80
F6E5E0
F70160
F71CF0
F73890
F75450
F77020
F78C00
F7A800
F7C410
F7E040
F7FC70
F818C0
F83530
F851A0
F86E10
F88A70
F8A6D0
F8C310
F8DF50
F8FB80
F917A0
F933B0
F94FC0
F96BC0
F987B0
F9A390
F9BF60
F9DB30
F9F6F0
FA12A0
FA2E30
FA4990
FA64E0
FA8000
FA9B00
FAB5E0
FAD090
FAEB30
FB05A0
FB1FF0
FB3A10
FB5420
FB6E00
FB87C0
FBA160
FBBAD0
FBD420
FBED30
FC0620
FC1ED0
FC3750
FC4FB0
FC67D0
FC7FC0
FC9780
FCAF10
FCC670
FCDDA0
FCF4A0
FD0B70
FD2210
FD3880
FD4EC0
FD64C0
FD7A90
FD9040
FDA5B0
FDBAE0
FDCFF0
FDE4D0
FDF970
FE0DE0
FE2220
FE3630
FE4A10
FE5DB0
FE7130
FE8470
FE9790
FEAA80
FEBD40
FECFD0
FEE240
FEF480
FF0690
FF1880
FF2A40
FF3BD0
FF4D30
FF5E70
FF6F80
FF8060
FF9120
FFA1B0
FFB220
FFC280
FFD2B0
FFE2D0
FFF2D0
0002C0
001280
002230
0031C0
004140
0050A0
005FD0
006F00
007E00
008CF0
009BB0
00AA80
00B940
00C7F0
00D6A0
00E540
00F3D0
010260
0110F0
011F70
012DF0
013C50
014AC0
015920
016770
0175C0
018400
019250
01A0B0
01AF10
01BD70
01CBF0
01DA70
01E8F0
01F790
020630
0214D0
022380
023240
024110
024FE0
025EB0
026DA0
027CA0
028BB0
029AF0
02AA40
02B9A0
02C920
02D8C0
02E880
02F850
030840
031850
032870
0338B0
034910
035980
036A10
037AC0
038BA0
039C90
03ADB0
03BF00
03D060
03E1F0
03F3A0
040580
041780
0429A0
043BE0
044E40
0460D0
047380
048660
049960
04AC80
04BFD0
04D340
04E6D0
04FA90
050E80
052290
0536C0
054B20
055FA0
057450
058920
059E20
05B340
05C890
05DDF0
05F380
060930
061EF0
0634E0
064AF0
066120
067770
068DE0
06A470
06BB20
06D1F0
06E8E0
06FFF0
071720
072E80
0745E0
075D60
0774E0
078C80
07A430
07BBF0
07D3C0
07EBB0
0803A0
081BB0
0833D0
084C00
086440
087C90
0894F0
08AD70
08C5E0
08DE50
08F6C0
090F20
092790
093FF0
095850
0970A0
098900
09A150
09B9A0
09D1E0
09EA30
0A0270
0A1AB0
0A32F0
0A4B10
0A6310
0A7AF0
0A92B0
0AAA50
0AC1E0
0AD940
0AF090
0B07C0
0B1ED0
0B35C0
0B4C90
0B6340
0B79E0
0B9050
0BA6B0
0BBCD0
0BD2B0
0BE860
0BFDD0
0C1300
0C2800
0C3CC0
0C5140
0C6590
0C79A0
0C8D80
0CA110
0CB480
0CC7A0
0CDA90
0CED40
0CFFA0
0D11A0
0D2360
0D34C0
0D45C0
0D5670
0D66D0
0D76E0
0D8690
0D95F0
0DA4F0
0DB3A0
0DC200
0DD010
0DDDC0
0DEB20
0DF810
0E0490
0E10B0
0E1C60
0E27A0
0E3280
0E3CF0
0E46F0
0E5080
0E59A0
0E6260
0E6AB0
0E7290
0E7A10
0E8120
0E87C0
0E8DE0
0E9390
0E98C0
0E9D70
0EA1B0
0EA570
0EA8B0
0EAB70
0EADC0
0EAF90
0EB0E0
0EB1C0
0EB220
0EB200
0EB160
0EB050
0EAEB0
0EACA0
0EAA00
0EA6E0
0EA340
0E9F20
0E9A70
0E9540
0E8FA0
0E8970
0E82C0
0E7B80
0E73D0
0E6B90
0E62D0
0E59A0
0E4FE0
0E45A0
0E3AE0
0E2FA0
0E23E0
0E17A0
0E0AE0
0DFDA0
0DEFF0
0DE1B0
0DD2F0
0DC3B0
0DB3F0
0DA3C0
0D9300
0D81C0
0D7010
0D5DF0
0D4B60
0D3850
0D24D0
0D10E0
0CFC80
0CE7B0
0CD260
0CBCB0
0CA680
0C8FE0
0C78C0
0C6140
0C4940
0C30D0
0C1800
0BFEE0
0BE550
0BCB70
0BB130
0B9690
0B7B90
0B6030
0B4480
0B2860
0B0BF0
0AEF20
0AD1F0
0AB470
0A9680
0A7840
0A59B0
0A3AF0
0A1BE0
09FC90
09DD10
09BD40
099D30
097CE0
095C50
093B80
091A60
08F910
08D770
08B5A0
089380
087130
084EB0
082C10
080950
07E670
07C380
07A060
077D20
0759C0
073640
071290
06EED0
06CAF0
06A6F0
0682D0
065E80
063A20
0615C0
05F150
05CD00
05A8A0
058440
055FE0
053B90
051740
04F2F0
04CEA0
04AA50
048600
0461B0
043D70
041930
03F4E0
03D0C0
03ACD0
0388F0
036540
0341B0
031E40
02FAF0
02D7C0
02B4C0
0291E0
026F20
024C80
022A10
0207C0
01E580
01C380
01A1B0
018020
015ED0
013DC0
011CF0
00FC70
00DC20
00BC10
009C50
007CC0
005D70
003E70
001FA0
000110
FFE2D0
FFC4C0
FFA710
FF89B0
FF6CB0
FF5000
FF33A0
FF17A0
FEFBF0
FEE0A0
FEC5A0
FEAB00
FE90A0
FE76B0
FE5D00
FE43B0
FE2AC0
FE1210
FDF9D0
FDE200
FDCA80
FDB370
FD9CC0
FD8670
FD7090
FD5B10
FD45F0
FD3130
FD1CD0
FD08E0
FCF550
FCE220
FCCF60
FCBCF0
FCAAF0
FC9960
FC8830
FC7770
FC6710
FC5710
FC4780
FC3860
FC2990
FC1B40
FC0D50
FBFFC0
FBF2A0
FBE5E0
FBD980
FBCDA0
FBC210
FBB6E0
FBAC10
FBA1B0
FB97B0
FB8E00
FB84C0
FB7BE0
FB7360
FB6B40
FB6380
FB5C20
FB5530
FB4E90
FB4860
FB4280
FB3D00
FB37D0
FB32F0
FB2E60
FB2A20
FB2640
FB22A0
FB1F60
FB1C70
FB19D0
FB1780
FB1580
FB13E0
FB1280
FB1180
FB10C0
FB1050
FB1010
FB1010
FB1040
FB10B0
FB1160
FB1250
FB1370
FB14D0
FB1670
FB1840
FB1A50
FB1CA0
FB1F20
FB21F0
FB24E0
FB2800
FB2B40
FB2E90
FB3210
FB35A0
FB3950
FB3D20
FB4120
FB4520
FB4950
FB4DA0
FB5210
FB5690
FB5B40
FB6000
FB64F0
FB69D0
FB6EB0
FB7390
FB7880
FB7D60
FB8240
FB8720
FB8C00
FB90E0
FB95C0
FB9AB0
FB9F90
FBA470
FBA950
FBAE30
FBB300
FBB7C0
FBBC70
FBC0F0
FBC550
FBC990
FBCDC0
FBD1C0
FBD5B0
FBD970
FBDD20
FBE0B0
FBE420
FBE770
FBEAA0
FBEDB0
FBF0A0
FBF360
FBF5E0
FBF820
FBFA30
FBFC00
FBFDA0
FBFF00
FC0020
FC0110
FC01D0
FC0240
FC0290
FC0290
FC0260
FC0200
FC0150
FC0060
FBFF20
FBFDA0
FBFBC0
FBF9A0
FBF730
FBF460
FBF160
FBEE00
FBEA50
FBE660
FBE210
FBDD80
FBD8A0
FBD370
FBCE00
FBC820
FBC200
FBBB70
FBB490
FBAD60
FBA5D0
FB9DE0
FB95A0
FB8D00
FB8400
FB7AB0
FB7110
FB6710
FB5CB0
FB5200
FB46F0
FB3B90
FB2FD0
FB23B0
FB1730
FB0A60
FAFD40
FAEFB0
FAE1D0
FAD390
FAC500
FAB610
FAA6C0
FA9720
FA8720
FA76D0
FA6610
FA5510
FA43C0
FA3210
FA2020
FA0DD0
F9FB30
F9E840
F9D510
F9C180
F9ADA0
F99960
F984E0
F97010
F95AF0
F94570
F92FB0
F919A0
F90360
F8ECE0
F8D620
F8BF20
F8A7F0
F89070
F878C0
F860D0
F848A0
F83030
F81780
F7FEA0
F7E570
F7CC10
F7B270
F798B0
F77EC0
F764C0
F74AA0
F73050
F715E0
F6FB60
F6E0B0
F6C5E0
F6AAF0
F68FE0
F674A0
F65950
F63DE0
F62240
F60690
F5EAD0
F5CF20
F5B360
F597B0
F57BF0
F56040
F54490
F528E0
F50D20
F4F170
F4D5C0
F4BA10
F49E60
F482B0
F46700
F44B50
F42FC0
F41460
F3F920
F3DE10
F3C320
F3A850
F38DA0
F37320
F358C0
F33E90
F32480
F30A90
F2F0D0
F2D730
F2BDB0
F2A460
F28B50
F27290
F25A10
F241E0
F22A00
F21260
F1FB10
F1E400
F1CD40
F1B6D0
F1A0A0
F18AC0
F17520
F15FD0
F14AC0
F13610
F121B0
F10DD0
F0FA50
F0E730
F0D480
F0C240
F0B070
F09F00
F08E00
F07D60
F06D30
F05D70
F04E20
F03F30
F030A0
F02290
F014F0
F007E0
EFFB50
EFEF40
EFE3B0
EFD8A0
EFCE20
EFC420
EFBAA0
EFB1A0
EFA920
EFA130
EF99C0
EF92D0
EF8C60
EF8670
EF8110
EF7C50
EF7810
EF7470
EF7150
EF6ED0
EF6CD0
EF6B70
EF6A90
EF6A50
EF6A90
EF6B70
EF6CE0
EF6ED0
EF7160
EF7480
EF7830
EF7C70
EF8140
EF86A0
EF8C90
EF9310
EF9A30
EFA1D0
EFAA00
EFB2D0
EFBC30
EFC620
EFD090
EFDBA0
EFE740
EFF380
F00030
F00D70
F01B40
F02980
F03860
F047B0
F05790
F06800
F078F0
F08A60
F09C60
F0AEF0
F0C1F0
F0D580
F0E9A0
F0FE40
F11350
F128D0
F13EC0
F15520
F16BF0
F18330
F19AE0
F1B300
F1CB90
F1E490
F1FE00
F217E0
F23230
F24CF0
F26820
F283B0
F29FA0
F2BBE0
F2D860
F2F540
F31260
F32FD0
F34D90
F36B90
F389F0
F3A890
F3C780
F3E6D0
F40650
F42630
F44660
F466D0
F48770
F4A830
F4C910
F4EA10
F50B40
F52C90
F54E00
F56F90
F59150
F5B320
F5D520
F5F740
F61990
F63C00
F65E80
F68140
F6A3E0
F6C680
F6E920
F70BA0
F72E30
F750A0
F77320
F79580
F7B7E0
F7DA40
F7FC90
F81ED0
F84110
F86340
F88560
F8A790
F8C970
F8EB30
F90CB0
F92E00
F94F10
F96FF0
F990A0
F9B120
F9D160
F9F170
FA1150
FA30F0
FA5060
FA6FA0
FA8EA0
FAAD80
FACBF0
FAEA00
FB07C0
FB2520
FB4220
FB5ED0
FB7B10
FB9700
FBB290
FBCDC0
FBE8A0
FC0320
FC1D30
FC36F0
FC5060
FC6960
FC81F0
FC9A00
FCB1A0
FCC8C0
FCDF60
FCF580
FD0B30
FD2060
FD3520
FD4960
FD5D20
FD7070
FD8340
FD9590
FDA770
FDB8C0
FDC9A0
FDD9E0
FDE990
FDF8C0
FE0760
FE1570
FE2300
FE2FF0
FE3C60
FE4840
FE5390
FE5E50
FE6890
FE7240
FE7B50
FE83F0
FE8BF0
FE9360
FE9A40
FEA090
FEA650
FEAB80
FEB020
FEB430
FEB7C0
FEBAB0
FEBD10
FEBEE0
FEC020
FEC0D0
FEC0F0
FEC080
FEBF90
FEBE10
FEBC20
FEB9A0
FEB690
FEB310
FEAF00
FEAA70
FEA560
FE9FC0
FE99B0
FE9310
FE8BE0
FE8440
FE7C10
FE7360
FE6A40
FE60C0
FE56D0
FE4C80
FE41C0
FE3690
FE2B00
FE1F00
FE1290
FE05C0
FDF890
FDEAE0
FDDCD0
FDCE60
FDBF80
FDB030
FDA0A0
FD90D0
FD80C0
FD7060
FD5FD0
FD4EF0
FD3DD0
FD2C70
FD1AC0
FD08E0
FCF6B0
FCE440
FCD180
FCBE90
FCAB50
FC97E0
FC8450
FC70A0
FC5CF0
FC4920
FC3540
FC2140
FC0D40
FBF920
FBE4F0
FBD0B0
FBBC50
FBA7E0
FB9360
FB7ED0
FB6A20
FB5570
FB40D0
FB2C50
FB17F0
FB03B0
FAEF90
FADBA0
FAC7C0
FAB400
FAA060
FA8CE0
FA7980
FA6640
FA5320
FA4020
FA2D40
FA1A90
FA0820
F9F600
F9E440
F9D2C0
F9C1A0
F9B0D0
F9A060
F99030
F98050
F970D0
F961A0
F952C0
F94430
F93600
F92810
F91A80
F90D70
F900D0
F8F4C0
F8E930
F8DE20
F8D380
F8C970
F8BFE0
F8B6D0
F8AE40
F8A630
F89EA0
F89790
F89100
F88AE0
F88550
F88070
F87C20
F87880
F87570
F87310
F87150
F87030
F86FC0
F86FE0
F870B0
F87220
F87430
F876E0
F87A40
F87E30
F882D0
F88820
F88E30
F894F0
F89C60
F8A490
F8AD80
F8B720
F8C170
F8CC80
F8D840
F8E4C0
F8F1F0
F8FFE0
F90E80
F91DD0
F92DE0
F93EB0
F95030
F96270
F97560
F98910
F99D80
F9B2A0
F9C880
F9DF20
F9F670
FA0E80
FA2740
FA40C0
FA5B00
FA75F0
FA91A0
FAAE00
FACB00
FAE8B0
FB0710
FB2620
FB45D0
FB6640
FB8750
FBA900
FBCB70
FBEE80
FC1240
FC36B0
FC5BC0
FC8180
FCA7F0
FCCEF0
FCF680
FD1E90
FD4730
FD7060
FD9A20
FDC460
FDEF30
FE1A90
FE4680
FE72F0
FE9FF0
FECD80
FEFBA0
FF2A40
FF5980
FF8910
FFB900
FFE940
0019F0
004AF0
007C50
00AE10
00E030
0112B0
014580
0178B0
01AC40
01E030
021480
024920
027E30
02B350
02E8A0
031E00
035390
038940
03BF10
03F510
042B20
046160
0497B0
04CE30
0504D0
053B90
057270
05A980
05E0A0
0617B0
064E90
068560
06BC10
06F2A0
072910
075F60
079590
07CBA0
0801A0
083770
086D30
08A2C0
08D840
090DA0
0942D0
0977B0
09AC30
09E050
0A1400
0A4760
0A7A60
0AACF0
0ADF30
0B1110
0B4280
0B73A0
0BA450
0BD4B0
0C04A0
0C3440
0C6370
0C9210
0CC010
0CED60
0D1A20
0D4650
0D71D0
0D9CB0
0DC700
0DF0B0
0E19C0
0E4230
0E6A00
0E9130
0EB7D0
0EDDD0
0F0320
0F27B0
0F4B70
0F6E60
0F9080
0FB1D0
0FD250
0FF1F0
1010D0
102EE0
104C20
106890
108430
109F00
10B900
10D230
10EA90
110200
111870
112DF0
114280
115620
1168C0
117A70
118B30
119B00
11A9D0
11B7B0
11C4A0
11D090
11DB90
11E5A0
11EEC0
11F6D0
11FDE0
1203F0
1208F0
120CF0
120FF0
1211E0
1212D0
1212B0
1211A0
120F80
120C50
120820
1202F0
11FCC0
11F580
11ED40
11E400
11D9C0
11CE70
11C230
11B4E0
11A690
119740
1186F0
1175A0
116340
114FE0
113B80
112620
110FC0
10F860
10E010
10C6D0
10ACB0
1091A0
1075A0
1058C0
103AF0
101C30
0FFC90
0FDC00
0FBA80
0F9820
0F74D0
0F5090
0F2B70
0F0560
0EDE80
0EB6F0
0E8EA0
0E6590
0E3BC0
0E1120
0DE5D0
0DB9B0
0D8CE0
0D5F40
0D30E0
0D01C0
0CD1E0
0CA150
0C6FF0
0C3DC0
0C0B20
0BD7F0
0BA430
0B6FF0
0B3B30
0B05E0
0AD010
0A99B0
0A62C0
0A2B50
09F360
09BAE0
0981E0
094850
090E40
08D3A0
0898C0
085DA0
082240
07E690
07AAA0
076E70
073200
06F550
06B850
067B10
063D90
05FFD0
05C1D0
058380
054500
050630
04C760
0488A0
0449E0
040B30
03CC80
038DD0
034F30
0310A0
02D210
029380
025500
021680
01D800
019990
015B30
011CC0
00DEB0
00A0F0
006380
002650
FFE980
FFAD00
FF70D0
FF34E0
FEF950
FEBE00
FE8310
FE4870
FE0E10
FDD410
FD9A50
FD60F0
FD2810
FCEFD0
FCB820
FC8100
FC4A70
FC1470
FBDF00
FBAA30
FB75E0
FB4230
FB0F00
FADC70
FAAA70
FA7900
FA4820
FA17E0
F9E850
F9B9A0
F98BA0
F95E80
F93220
F90680
F8DBB0
F8B1A0
F88860
F85FE0
F83830
F81150
F7EB20
F7C5D0
F7A140
F77D70
F75AA0
F738B0
F717B0
F6F7A0
F6D870
F6BA40
F69CF0
F680A0
F66530
F64AB0
F63110
F61870
F600C0
F5E9F0
F5D410
F5BF30
F5AB40
F59850
F58660
F57580
F56590
F556A0
F548C0
F53BD0
F52FF0
F52510
F51B20
F51240
F50A60
F50380
F4FDA0
F4F8B0
F4F4D0
F4F1F0
F4F010
F4EF20
F4EF40
F4F050
F4F270
F4F580
F4F990
F4FEA0
F504B0
F50BC0
F513D0
F51CE0
F526F0
F531F0
F53DF0
F54AC0
F55890
F56740
F576D0
F58760
F598D0
F5AB20
F5BE60
F5D290
F5E7A0
F5FDA0
F61480
F62C50
F64510
F65EB0
F67920
F69440
F6B030
F6CCE0
F6EA50
F70880
F72770
F74730
F767A0
F788E0
F7AAE0
F7CDA0
F7F120
F81570
F83A70
F86040
F88690
F8AD80
F8D4F0
F8FCF0
F92580
F94EA0
F97850
F9A280
F9CD50
F9F8A0
FA2480
FA50F0
FA7DF0
FAAB70
FAD990
FB0830
FB3730
FB6670
FB9600
FBC5E0
FBF620
FC26A0
FC5770
FC8890
FCBA00
FCEBC0
FD1DD0
FD5030
FD82E0
FDB5E0
FDE930
FE1CD0
FE5080
FE8430
FEB800
FEEBE0
FF1FC0
FF53C0
FF87C0
FFBBE0
FFF000
002430
005870
008CC0
00C120
00F590
012A10
015EA0
019300
01C730
01FB20
022EF0
026290
029600
02C940
02FC50
032F30
0361E0
039460
03C6B0
03F8D0
042AC0
045C80
048E10
04BF40
04F000
052050
055050
057FD0
05AF00
05DDB0
060C10
063A00
066780
0694A0
06C150
06EDA0
071990
074510
077020
079AB0
07C4A0
07EE00
0816D0
083F00
0866B0
088DC0
08B440
08DA30
08FF80
092450
094880
096C20
098F30
09B1A0
09D390
09F4C0
0A1550
0A3530
0A5450
0A72D0
0A90A0
0AADC0
0ACA40
0AE600
0B0110
0B1B80
0B3530
0B4E40
0B66A0
0B7E50
0B9540
0BAB90
0BC120
0BD5F0
0BEA10
0BFD70
0C1020
0C2210
0C3350
0C43D0
0C5390
0C62A0
0C7100
0C7EA0
0C8B80
0C97B0
0CA330
0CADF0
0CB800
0CC160
0CCA10
0CD200
0CD950
0CDFE0
0CE5C0
0CEAF0
0CEF70
0CF330
0CF650
0CF8B0
0CFA60
0CFB60
0CFBB0
0CFB60
0CFA70
0CF8F0
0CF6C0
0CF400
0CF0B0
0CECB0
0CE820
0CE2E0
0CDD10
0CD6B0
0CCFA0
0CC800
0CBFC0
0CB6E0
0CAD70
0CA380
0C9910
0C8E30
0C82D0
0C76F0
0C6AA0
0C5DE0
0C50A0
0C42E0
0C34B0
0C2600
0C16D0
0C0740
0BF720
0BE690
0BD580
0BC430
0BB280
0BA090
0B8E60
0B7BD0
0B6900
0B55D0
0B4260
0B2EB0
0B1AA0
0B0650
0AF1B0
0ADCC0
0AC780
0AB200
0A9C20
0A8630
0A7020
0A5A00
0A43B0
0A2D50
0A16D0
0A0030
09E980
09D2A0
09BBB0
09A4A0
098D80
097630
095ED0
094740
092FB0
091820
0900A0
08E940
08D1E0
08BAA0
08A370
088C60
087550
085E60
084770
0830A0
0819E0
080340
07ECA0
07D620
07BFA0
07A970
079370
077DB0
076830
0752E0
073DE0
072910
071470
070020
06EC00
06D820
06C480
06B110
069DE0
068AF0
067840
0665E0
0653E0
064240
063100
062010
060F80
05FF50
05EF80
05E000
05D0E0
05C210
05B3B0
05A5A0
0597F0
058A90
057DA0
057110
0564F0
055940
054E00
054330
0538D0
052EE0
052560
051C40
0513A0
050B60
0503A0
04FC40
04F560
04EEE0
04E8D0
04E340
04DE10
04D960
04D520
04D160
04CE00
04CB20
04C8C0
04C6C0
04C540
04C430
04C390
04C360
04C3B0
04C470
04C5A0
04C740
04C940
04CBB0
04CE90
04D1E0
04D590
04D9A0
04DE30
04E310
04E870
04EE30
04F460
04FAF0
050200
050960
051140
051960
0521E0
052AB0
0533D0
053D50
054720
055130
055BB0
056670
057180
057CF0
0588B0
0594C0
05A130
05ADF0
05BAF0
05C830
05D5B0
05E350
05F130
05FF30
060D70
061BE0
062A90
063960
064870
0657A0
066710
0676B0
068690
069690
06A6D0
06B710
06C760
06D7C0
06E820
06F890
070910
0719A0
072A30
073AD0
074B80
075C30
076CF0
077DC0
078E90
079F70
07B060
07C130
07D1E0
07E270
07F2E0
080340
081370
082390
083390
084370
085330
0862D0
087250
0881B0
089100
08A030
08AF30
08BE00
08CC80
08DAC0
08E8B0
08F660
0903D0
0910F0
091DE0
092A70
0936D0
0942E0
094EB0
095A30
096570
097070
097B30
098580
098F70
0998F0
09A210
09AAD0
09B320
09BB10
09C290
09C9B0
09D070
09D6C0
09DCB0
09E230
09E760
09EC10
09F070
09F440
09F7A0
09FA80
09FCE0
09FEC0
0A0030
0A0120
0A0190
0A0180
0A00F0
09FFF0
09FE60
09FC60
09F9E0
09F6F0
09F370
09EF70
09EAF0
09E5F0
09E060
09DA40
09D3B0
09CC90
09C4E0
09BCC0
09B410
09AAD0
09A120
0996D0
098C10
0980C0
0974F0
0968A0
095BC0
094E70
0940A0
093250
092370
091420
090440
08F3F0
08E310
08D1C0
08BFE0
08AD90
089AB0
088750
087380
085F30
084A80
083550
081FC0
0809C0
07F340
07DC60
07C510
07AD60
079530
077C90
076380
074A10
073020
0715D0
06FB10
06E000
06C490
06A8E0
068CE0
067080
0653E0
0636E0
0619A0
05FC00
05DE20
05BFE0
05A160
058280
056360
0543E0
052410
050420
04E400
04C3C0
04A350
0482C0
046200
044120
042010
03FEE0
03DD80
03BC00
039A50
037880
035680
033460
031210
02EFD0
02CD80
02AB50
028910
0266E0
0244B0
022290
020070
01DE50
01BC30
019A20
017810
015610
013410
011210
00F010
00CE50
00ACC0
008B60
006A30
004940
002880
0007F0
FFE790
FFC760
FFA770
FF87A0
FF6810
FF48C0
FF2990
FF0AA0
FEEBD0
FECD70
FEAF60
FE91C0
FE7470
FE5780
FE3AF0
FE1EB0
FE02D0
FDE760
FDCC40
FDB170
FD9710
FD7D10
FD6360
FD4A10
FD3120
FD18B0
FD00C0
FCE950
FCD250
FCBBE0
FCA5F0
FC9080
FC7B80
FC6710
FC5320
FC3FA0
FC2CB0
FC1A30
FC0840
FBF6C0
FBE5D0
FBD570
FBC5A0
FBB660
FBA7C0
FB99B0
FB8C40
FB7F60
FB7310
FB6760
FB5C40
FB51B0
FB47C0
FB3E60
FB3590
FB2D60
FB25C0
FB1EC0
FB1860
FB12A0
FB0D70
FB08F0
FB0510
FB01C0
FAFF10
FAFD00
FAFB90
FAFAC0
FAFA90
FAFB00
FAFC00
FAFDB0
FAFFF0
FB02D0
FB0640
FB0A50
FB0EF0
FB1430
FB1A00
FB2070
FB2770
FB2F10
FB3740
FB4000
FB4960
FB5360
FB5DF0
FB6910
FB74D0
FB8110
FB8DD0
FB9B10
FBA8D0
FBB720
FBC5E0
FBD530
FBE500
FBF550
FC0610
FC1770
FC2940
FC3B90
FC4E60
FC61C0
FC7590
FC89D0
FC9E60
FCB360
FCC8B0
FCDE60
FCF470
FD0AE0
FD21C0
FD38F0
FD5070
FD6860
FD80B0
FD9960
FDB270
FDCBD0
FDE5A0
FDFFA0
FE19C0
FE3420
FE4EC0
FE6980
FE8480
FE9FA0
FEBB00
FED690
FEF250
FF0E50
FF2A70
FF46D0
FF6350
FF8010
FF9D10
FFBA00
FFD6F0
FFF3E0
0010D0
002DD0
004AC0
0067B0
0084B0
00A1A0
00BEA0
00DB90
00F890
011580
013280
014F80
016C70
018940
01A5D0
01C230
01DE60
01FA60
021630
0231C0
024D30
026860
028360
029E30
02B8C0
02D330
02ED60
030760
032130
033AA0
0353B0
036C50
0384A0
039C80
03B400
03CB20
03E1E0
03F840
040E40
0423E0
043910
044DF0
046260
047670
048A30
049D50
04AFF0
04C210
04D3A0
04E4A0
04F520
050510
051480
052360
0531B0
053F80
054CD0
055990
0565C0
057170
057C90
058710
0590F0
059A30
05A2C0
05AAB0
05B200
05B8B0
05BEC0
05C420
05C8E0
05CD00
05D080
05D360
05D590
05D730
05D820
05D860
05D7F0
05D6D0
05D500
05D280
05CF60
05CB80
05C700
05C1C0
05BBE0
05B540
05AE00
05A610
059D70
059420
058A10
057F70
057410
056810
055B60
054E10
054010
053160
052200
051200
050150
04F000
04DDF0
04CB40
04B7F0
04A3F0
048F40
0479F0
046410
044DA0
043690
041EF0
0406B0
03EDE0
03D480
03BA80
039FE0
0384B0
0368F0
034C90
032FA0
031220
02F3F0
02D560
02B650
0296D0
0276E0
025670
023580
021430
01F260
01D020
01AD60
018A30
016680
014270
011DD0
00F8D0
00D350
00AD90
008770
006110
003A70
001370
FFEC40
FFC4B0
FF9CE0
FF74C0
FF4C50
FF23A0
FEFAA0
FED150
FEA7B0
FE7DD0
FE53B0
FE2960
FDFF00
FDD490
FDA9F0
FD7F40
FD5480
FD29A0
FCFEA0
FCD390
FCA860
FC7D10
FC51B0
FC2630
FBFA90
FBCEE0
FBA310
FB7760
FB4BC0
FB2040
FAF4D0
FAC980
FA9E40
FA7320
FA4810
FA1D20
F9F250
F9C780
F99CE0
F97250
F947D0
F91D70
F8F330
F8C930
F89F70
F87600
F84CD0
F823F0
F7FB50
F7D2F0
F7AAE0
F78320
F75B90
F73460
F70D60
F6E6B0
F6C050
F69A30
F67450
F64EE0
F629E0
F60550
F5E120
F5BD60
F59A00
F57720
F554A0
F53290
F510E0
F4EFA0
F4CED0
F4AE70
F48E70
F46EE0
F44FC0
F43120
F41300
F3F570
F3D850
F3BBC0
F39FB0
F38430
F36930
F34EB0
F334B0
F31B30
F30240
F2E9D0
F2D1E0
F2BA70
F2A390
F28D30
F27770
F26230
F24D90
F23970
F225E0
F212E0
F20070
F1EE90
F1DD40
F1CC80
F1BC40
F1ACA0
F19D80
F18F00
F18100
F17390
F166B0
F15A50
F14E80
F14340
F13890
F12E60
F124B0
F11BA0
F11310
F10B10
F10390
F0FCA0
F0F640
F0F060
F0EB20
F0E640
F0E1E0
F0DE00
F0DA80
F0D790
F0D500
F0D300
F0D160
F0D040
F0CFA0
F0CF70
F0CFB0
F0D070
F0D1A0
F0D350
F0D570
F0D7F0
F0DAC0
F0DDE0
F0E170
F0E540
F0E970
F0EE00
F0F2E0
F0F820
F0FDB0
F10390
F109D0
F11070
F11760
F11EA0
F12650
F12E20
F13620
F13E50
F146C0
F14F50
F15820
F16120
F16A50
F173A0
F17D40
F18700
F190F0
F19B10
F1A570
F1AFF0
F1BAB0
F1C570
F1D040
F1DB10
F1E5F0
F1F0D0
F1FBC0
F206B0
F211B0
F21CC0
F227C0
F232E0
F23E00
F24930
F25460
F25F90
F26AE0
F27600
F28100
F28BF0
F296B0
F2A160
F2ABE0
F2B650
F2C0A0
F2CAD0
F2D4E0
F2DED0
F2E8A0
F2F250
F2FBF0
F30560
F30EC0
F317D0
F320B0
F32950
F331B0
F339C0
F341A0
F34950
F350B0
F357D0
F35EB0
F36560
F36BC0
F371F0
F377D0
F37D80
F382F0
F38810
F38CD0
F39140
F39560
F39930
F39CB0
F39FD0
F3A2B0
F3A530
F3A760
F3A940
F3AAC0
F3AC00
F3ACE0
F3AD70
F3ADB0
F3AD90
F3AD20
F3AC50
F3AB20
F3A9A0
F3A7C0
F3A590
F3A300
F3A020
F39CD0
F39940
F39540
F390F0
F38C50
F38740
F381F0
F37C40
F37640
F36FF0
F36950
F36270
F35B30
F353A0
F34BC0
F34390
F33B20
F33250
F32930
F31FC0
F31610
F30C00
F301A0
F2F710
F2EC40
F2E140
F2D600
F2CA90
F2BEE0
F2B2F0
F2A6D0
F29A80
F28DF0
F28120
F27420
F266F0
F25980
F24BD0
F23DF0
F23000
F221F0
F213D0
F205A0
F1F760
F1E910
F1DAA0
F1CC20
F1BD90
F1AEF0
F1A040
F19170
F18290
F173A0
F164A0
F15580
F14680
F137A0
F128D0
F11A20
F10B80
F0FD00
F0EEA0
F0E050
F0D220
F0C400
F0B600
F0A810
F09A40
F08C90
F07EF0
F07160
F06430
F05730
F04A90
F03E30
F03220
F02650
F01AD0
F00F90
F004A0
EFFA00
EFEFA0
EFE590
EFDBC0
EFD240
EFC910
EFC020
EFB7B0
EFAFB0
EFA820
EFA110
EF9A70
EF9450
EF8EA0
EF8970
EF84B0
EF8060
EF7C90
EF7930
EF7650
EF73E0
EF71E0
EF7060
EF6F80
EF6F30
EF6F80
EF7070
EF7200
EF7430
EF76F0
EF7A50
EF7E50
EF82E0
EF8820
EF8DF0
EF9460
EF9B70
EFA310
EFAB60
EFB450
EFBE00
EFC860
EFD380
EFDF40
EFEBC0
EFF900
F006E0
F01580
F024D0
F034E0
F04590
F05700
F06930
F07C00
F08F90
F0A3D0
F0B8D0
F0CE90
F0E510
F0FC40
F11420
F12CD0
F14630
F16040
F17B10
F196A0
F1B2F0
F1CFF0
F1EDB0
F20C20
F22B60
F24B40
F26BC0
F28D00
F2AEE0
F2D180
F2F4C0
F318B0
F33D40
F36290
F38880
F3AF20
F3D670
F3FE70
F42720
F45070
F47A80
F4A510
F4D030
F4FBE0
F52810
F554E0
F58230
F5B010
F5DE90
F60D80
F63D10
F66D30
F69DD0
F6CF00
F700D0
F73320
F765F0
F79930
F7CCD0
F800C0
F83510
F869C0
F89ED0
F8D430
F90A00
F94020
F976A0
F9AD80
F9E4C0
FA1C50
FA5450
FA8CA0
FAC550
FAFE20
FB3710
FB7020
FBA940
FBE290
FC1BF0
FC5580
FC8F20
FCC8E0
FD02C0
FD3CD0
FD76E0
FDB120
FDEB80
FE2600
FE6090
FE9B00
FED550
FF0F70
FF4970
FF8350
FFBD00
FFF680
002FE0
006920
00A230
00DB20
0113F0
014C90
018500
01BD60
01F580
022D40
0264A0
029B80
02D1F0
030800
033DA0
0372E0
03A7A0
03DC00
040FE0
044370
047680
04A920
04DB60
050D30
053E90
056F40
059F50
05CEB0
05FD60
062B70
0658C0
068570
06B170
06DCD0
070780
073180
075AD0
078380
07AB70
07D2C0
07F970
081F30
084410
086820
088B40
08AD90
08CEF0
08EF80
090F20
092DF0
094BD0
0968E0
098500
09A050
09BAB0
09D440
09ECF0
0A0490
0A1B40
0A30E0
0A4590
0A5930
0A6BD0
0A7D70
0A8E10
0A9DB0
0AAC50
0AB9E0
0AC680
0AD210
0ADCB0
0AE640
0AEED0
0AF650
0AFCD0
0B0230
0B0690
0B09E0
0B0C20
0B0D50
0B0D70
0B0C80
0B0A80
0B0780
0B0360
0AFE40
0AF810
0AF0D0
0AE880
0ADF20
0AD4D0
0AC970
0ABD10
0AAFA0
0AA140
0A91D0
0A8160
0A6FE0
0A5D60
0A49E0
0A3560
0A1FE0
0A0950
09F1C0
09D920
09BFB0
09A550
098A00
096DE0
0950D0
0932D0
091400
08F440
08D390
08B210
088FA0
086C50
084810
0822F0
07FCF0
07D600
07AE60
078610
075D10
073360
0708F0
06DDD0
06B200
068580
065840
062A60
05FBC0
05CC60
059C60
056BA0
053A40
050810
04D580
04A280
046F00
043B10
0406B0
03D1D0
039C80
0366C0
033090
02F9F0
02C2D0
028B40
025340
021AD0
01E1E0
01A880
016EF0
013540
00FB60
00C150
008710
004CB0
001210
FFD750
FF9C60
FF6150
FF2600
FEEA90
FEAEF0
FE7330
FE3730
FDFB10
FDBF00
FD8310
FD4740
FD0B90
FCCFF0
FC9470
FC5900
FC1DC0
FBE290
FBA770
FB6C70
FB3190
FAF6D0
FABC30
FA81A0
FA4720
FA0D10
F9D350
F999F0
F960F0
F92850
F8F010
F8B820
F88090
F84970
F81290
F7DC20
F7A600
F77050
F73AF0
F705F0
F6D140
F69D30
F669B0
F636D0
F60470
F5D2B0
F5A180
F570E0
F540E0
F51160
F4E280
F4B430
F48680
F45950
F42CC0
F400C0
F3D550
F3AAA0
F380A0
F35760
F32EE0
F30720
F2E010
F2B9B0
F29420
F26F30
F24B10
F227A0
F204F0
F1E2F0
F1C1C0
F1A130
F18170
F16270
F14440
F126E0
F10A40
F0EE70
F0D370
F0B940
F09FE0
F08740
F06F80
F05880
F04240
F02CE0
F01840
F00480
EFF170
EFDF40
EFCDD0
EFBD30
EFAD60
EF9E50
EF9010
EF82A0
EF75F0
EF6A10
EF5F00
EF54B0
EF4B30
EF4280
EF3AA0
EF3380
EF2D20
EF2790
EF22A0
EF1E80
EF1B00
EF1850
EF1650
EF1500
EF1470
EF1490
EF1570
EF1700
EF1950
EF1C50
EF2010
EF2490
EF29B0
EF2F80
EF35D0
EF3CC0
EF4440
EF4C50
EF5500
EF5E40
EF6820
EF7280
EF7D80
EF8910
EF9540
EFA200
EFAF50
EFBD40
EFCBB0
EFDAA0
EFE9E0
EFF990
F009B0
F01A20
F02B10
F03C50
F04E00
F06010
F07290
F08570
F098C0
F0AC70
F0C080
F0D500
F0E9E0
F0FEF0
F11430
F129B0
F13F50
F15520
F16B30
F18160
F197D0
F1AE60
F1C530
F1DC20
F1F350
F20AB0
F22230
F239F0
F251E0
F269C0
F281B0
F29990
F2B170
F2C940
F2E120
F2F8F0
F310C0
F32880
F34050
F35810
F36FD0
F38790
F39F40
F3B6F0
F3CEA0
F3E620
F3FD70
F41480
F42B60
F44200
F45880
F46EC0
F484D0
F49AA0
F4B050
F4C5C0
F4DAF0
F4F000
F504D0
F51970
F52DE0
F541F0
F555A0
F56900
F57BF0
F58EA0
F5A0E0
F5B2D0
F5C460
F5D590
F5E670
F5F6E0
F60710
F616D0
F62640
F63550
F64400
F65240
F66010
F66D60
F67A40
F686A0
F69290
F69E10
F6A910
F6B3A0
F6BDC0
F6C760
F6D090
F6D940
F6E190
F6E950
F6F0B0
F6F780
F6FDD0
F703A0
F708F0
F70DC0
F71200
F715C0
F71910
F71BD0
F71E10
F71FD0
F72110
F721C0
F72200
F721B0
F720E0
F71F90
F71DD0
F71B80
F718B0
F71570
F711B0
F70D60
F708A0
F70360
F6FD90
F6F750
F6F090
F6E950
F6E190
F6D950
F6D0A0
F6C770
F6BDD0
F6B3D0
F6A950
F69E70
F69320
F68750
F67B20
F66E80
F66170
F653F0
F64610
F637B0
F628E0
F619B0
F60A00
F5FA10
F5E9C0
F5D920
F5C840
F5B700
F5A570
F59380
F58150
F56ED0
F55BF0
F548D0
F53550
F52180
F50D60
F4F900
F4E430
F4CF50
F4BA30
F4A4E0
F48F70
F479D0
F46400
F44E00
F437E0
F42180
F40B00
F3F450
F3DD70
F3C670
F3AF30
F397D0
F38040
F368B0
F35110
F33980
F321E0
F30A40
F2F2A0
F2DB00
F2C350
F2ABB0
F29400
F27C50
F264A0
F24CF0
F23530
F21D80
F205C0
F1EE30
F1D6C0
F1BF80
F1A860
F19170
F17AA0
F16400
F14D80
F13720
F120F0
F10AF0
F0F510
F0DF60
F0C9D0
F0B460
F09F30
F08A40
F075A0
F06150
F04D50
F039A0
F02640
F01330
F00070
EFEE00
EFDBE0
EFCA10
EFB890
EFA760
EF9680
EF85F0
EF75B0
EF65E0
EF5690
EF47A0
EF3930
EF2B30
EF1DA0
EF1080
EF03D0
EEF7A0
EEEBD0
EEE080
EED5A0
EECB30
EEC140
EEB7B0
EEAEA0
EEA610
EE9E20
EE96B0
EE8FD0
EE8970
EE83B0
EE7E70
EE79C0
EE75A0
EE7210
EE6F00
EE6C90
EE6AA0
EE6940
EE6860
EE6820
EE6870
EE6960
EE6AF0
EE6D10
EE6FE0
EE7340
EE7740
EE7BD0
EE8110
EE86E0
EE8D50
EE9450
EE9C00
EEA440
EEAD20
EEB690
EEC0B0
EECB70
EED6C0
EEE2C0
EEEF50
EEFC90
EF0A60
EF18E0
EF27F0
EF37A0
EF4800
EF58F0
EF6A80
EF7CC0
EF8F90
EFA300
EFB710
EFCBB0
EFE0F0
EFF6D0
F00D40
F02440
F03BF0
F05420
F06D00
F08670
F0A070
F0BB10
F0D650
F0F220
F10E90
F12BA0
F14930
F16740
F185E0
F1A500
F1C4A0
F1E4D0
F20590
F226D0
F24890
F26AE0
F28DB0
F2B100
F2D4F0
F2F950
F31E40
F343B0
F36990
F38FE0
F3B690
F3DDB0
F40540
F42D40
F455A0
F47E70
F4A7A0
F4D150
F4FB60
F525D0
F550C0
F57C10
F5A7D0
F5D3F0
F60060
F62D20
F65A10
F68760
F6B4E0
F6E2B0
F710D0
F73F30
F76DD0
F79CC0
F7CC00
F7FB70
F82B40
F85B40
F88B90
F8BC30
F8ECE0
F91DB0
F94EB0
F97FC0
F9B0F0
F9E230
FA13A0
FA4530
FA76D0
FAA8A0
FADA80
FB0C80
FB3EA0
FB70E0
FBA340
FBD5C0
FC0830
FC3A90
FC6CE0
FC9F30
FCD160
FD0390
FD35B0
FD67C0
FD99D0
FDCBC0
FDFDB0
FE2F90
FE6160
FE9330
FEC4E0
FEF690
FF2800
FF5940
FF8A40
FFBB00
FFEB90
001BE0
004C00
007BF0
00AB90
00DB00
010A40
013940
016810
0196A0
01C4F0
01F310
0220D0
024E30
027B20
02A7C0
02D400
02FFD0
032B50
035660
038120
03AB70
03D570
03FF00
042830
045110
047980
04A190
04C920
04F030
0516B0
053CC0
056240
058740
05ABC0
05CFB0
05F330
061620
063890
065A80
067BE0
069CD0
06BD30
06DD10
06FC50
071B00
073900
075670
077340
078F80
07AB10
07C610
07E070
07FA30
081360
082BE0
0843D0
085B20
0871E0
0887F0
089D60
08B220
08C640
08D9A0
08EC60
08FE70
090FE0
0920A0
0930B0
094010
094ED0
095CD0
096A30
0976F0
098300
098E50
099910
09A310
09AC60
09B500
09BD00
09C440
09CAE0
09D0C0
09D600
09DA90
09DE70
09E1A0
09E420
09E5F0
09E720
09E790
09E760
09E690
09E520
09E300
09E030
09DCD0
09D8C0
09D410
09CEB0
09C8C0
09C210
09BAD0
09B2E0
09AA50
09A110
099740
098CD0
0981D0
097640
096A20
095D70
095030
094260
093400
092510
091590
090580
08F4E0
08E3B0
08D1F0
08BFA0
08ACB0
089960
0885A0
087160
085CB0
0847A0
083210
081C10
0805A0
07EEB0
07D760
07BF90
07A760
078EB0
077590
075C00
074200
0727B0
070D10
06F230
06D700
06BB70
069FB0
068390
066720
064A70
062D70
061020
05F290
05D4A0
05B670
0597F0
057920
055A30
053B20
051BF0
04FC90
04DD20
04BD80
049DC0
047DE0
045DE0
043DB0
041D70
03FD00
03DC70
03BBC0
039AF0
0379F0
035900
033820
031740
02F660
02D590
02B4C0
029400
027340
025290
0231E0
021140
01F0A0
01D000
01AF70
018EF0
016E60
014E10
012DE0
010DE0
00EE10
00CE70
00AEF0
008FA0
007080
005180
0032C0
001420
FFF5A0
FFD760
FFB940
FF9B50
FF7D90
FF6010
FF42E0
FF25F0
FF0950
FEED00
FED0F0
FEB530
FE99B0
FE7E70
FE6390
FE48E0
FE2E90
FE1480
FDFAB0
FDE130
FDC800
FDAF20
FD96A0
FD7E80
FD66B0
FD4F40
FD3830
FD2180
FD0B20
FCF520
FCDF70
FCCA30
FCB540
FCA0A0
FC8C70
FC7890
FC6510
FC51F0
FC3F30
FC2CD0
FC1AE0
FC0940
FBF800
FBE730
FBD6C0
FBC6B0
FBB700
FBA7B0
FB98C0
FB8A30
FB7C10
FB6E40
FB60E0
FB53D0
FB4720
FB3AC0
FB2ED0
FB2320
FB17E0
FB0CF0
FB0250
FAF810
FAEE30
FAE4B0
FADB80
FAD2A0
FACA30
FAC210
FABA40
FAB2C0
FAAB90
FAA4A0
FA9DF0
FA9790
FA9170
FA8BA0
FA8610
FA80D0
FA7BD0
FA7720
FA72B0
FA6E90
FA6AB0
FA6710
FA63C0
FA60A0
FA5DA0
FA5AD0
FA5830
FA55B0
FA5360
FA5140
FA4F40
FA4D80
FA4BD0
FA4A60
FA4910
FA47F0
FA4700
FA4630
FA4590
FA4500
FA4470
FA43F0
FA4380
FA4310
FA42B0
FA4250
FA4210
FA41D0
FA4190
FA4170
FA4140
FA4130
FA4120
FA4120
FA4130
FA4120
FA4100
FA40C0
FA4070
FA4010
FA3F90
FA3F00
FA3E50
FA3D90
FA3CC0
FA3BD0
FA3AD0
FA39B0
FA3880
FA3740
FA35E0
FA3450
FA3290
FA30A0
FA2E80
FA2C20
FA2990
FA26E0
FA23F0
FA20D0
FA1D70
FA19F0
FA1630
FA1250
FA0E30
FA09E0
FA0550
FA0090
F9FB80
F9F630
F9F0A0
F9EAC0
F9E4A0
F9DE30
F9D790
F9D0A0
F9C970
F9C1F0
F9BA30
F9B230
F9A9E0
F9A160
F99880
F98F70
F98600
F97C50
F97250
F96800
F95D60
F95280
F94750
F93BD0
F93000
F923F0
F91790
F90AE0
F8FDF0
F8F0A0
F8E310
F8D540
F8C730
F8B8E0
F8AA40
F89B60
F88C40
F87CE0
F86D40
F85D50
F84D20
F83CC0
F82C10
F81B20
F809E0
F7F870
F7E6B0
F7D4D0
F7C2C0
F7B070
F79E10
F78B70
F778B0
F765B0
F75290
F73F40
F72BD0
F71820
F70450
F6F050
F6DC20
F6C7C0
F6B340
F69EB0
F68A10
F67570
F660C0
F64C10
F63750
F62290
F60DC0
F5F8E0
F5E400
F5CF10
F5BA20
F5A520
F59020
F57B10
F56600
F55100
F53C30
F52780
F512F0
F4FE80
F4EA20
F4D5F0
F4C1F0
F4AE00
F49A30
F48680
F472F0
F45F90
F44C40
F43920
F42610
F41360
F400F0
F3EED0
F3DD10
F3CB90
F3BA60
F3A970
F398E0
F388A0
F378B0
F36900
F359A0
F34AA0
F33BE0
F32D70
F31F50
F311A0
F30470
F2F7C0
F2EB70
F2DFA0
F2D450
F2C970
F2BF00
F2B510
F2AB90
F2A290
F29A00
F291F0
F28A50
F28320
F27C70
F27650
F270D0
F26BE0
F26780
F263C0
F26090
F25DF0
F25BF0
F25A80
F259B0
F25970
F259C0
F25AB0
F25C30
F25E50
F260F0
F26450
F26840
F26CE0
F27230
F27820
F27EB0
F285E0
F28DC0
F29650
F29F70
F2A950
F2B3C0
F2BEE0
F2CAA0
F2D710
F2E420
F2F1D0
F30020
F30F20
F31EB0
F32EE0
F33FC0
F35130
F36350
F37600
F38960
F39D60
F3B1F0
F3C730
F3DD10
F3F390
F40AB0
F42260
F43A90
F45340
F46C80
F48650
F4A0A0
F4BB80
F4D6E0
F4F2D0
F50F40
F52C40
F549C0
F567D0
F58670
F5A590
F5C530
F5E530
F60590
F62650
F64770
F668E0
F68AB0
F6ACE0
F6CF60
F6F240
F71580
F73920
F75D10
F78170
F7A620
F7CB20
F7F090
F81610
F83BC0
F86190
F88780
F8AD90
F8D3C0
F8FA10
F92090
F94720
F96DE0
F994C0
F9BBB0
F9E2D0
FA0A20
FA3180
FA5900
FA8060
FAA7A0
FACEC0
FAF5B0
FB1C90
FB4340
FB69C0
FB9030
FBB670
FBDC90
FC0290
FC2860
FC4E20
FC73B0
FC9920
FCBE60
FCE340
FD07C0
FD2BD0
FD4F70
FD72B0
FD9590
FDB7F0
FDDA00
FDFB90
FE1CC0
FE3D90
FE5DF0
FE7DF0
FE9D80
FEBCA0
FEDB60
FEF970
FF16E0
FF33B0
FF4FD0
FF6B50
FF8620
FFA050
FFB9D0
FFD2B0
FFEAF0
000280
001970
002FB0
004550
005A40
006E90
008210
0094B0
00A680
00B780
00C7A0
00D6F0
00E570
00F310
00FFE0
010BE0
011710
012160
012AE0
013380
013B60
014250
014870
014D90
0151D0
015520
015780
0158F0
015980
015920
0157D0
015590
015270
014E50
014950
014370
013C90
0134D0
012C20
012290
011810
010CA0
010050
00F310
00E4E0
00D5D0
00C5E0
00B4F0
00A320
009070
007CD0
006840
0052D0
003C70
002550
000D60
FFF4A0
FFDB20
FFC0D0
FFA5C0
FF89E0
FF6D30
FF4FC0
FF3190
FF1290
FEF2C0
FED220
FEB0D0
FE8EA0
FE6BB0
FE4830
FE2420
FDFF70
FDDA40
FDB480
FD8E20
FD6740
FD3FC0
FD17C0
FCEF20
FCC600
FC9C40
FC71F0
FC4710
FC1BA0
FBEFB0
FBC360
FB96E0
FB6A20
FB3D10
FB0FC0
FAE230
FAB460
FA8650
FA57F0
FA2950
F9FA80
F9CB60
F99BF0
F96C50
F93C60
F90C40
F8DC20
F8AC20
F87C40
F84C60
F81CA0
F7ED00
F7BD70
F78DF0
F75E80
F72F30
F70000
F6D0D0
F6A1C0
F672D0
F643E0
F61520
F5E6C0
F5B8D0
F58B60
F55E50
F531C0
F505A0
F4D9F0
F4AEB0
F483E0
F45990
F42FA0
F40630
F3DD30
F3B4A0
F38C80
F364D0
F33DF0
F317C0
F2F260
F2CDD0
F2AA00
F286F0
F264A0
F24320
F22250
F20260
F1E320
F1C4B0
F1A700
F18A20
F16DF0
F152A0
F13840
F11EE0
F10690
F0EF40
F0D900
F0C3B0
F0AF70
F09C30
F08A00
F078C0
F06890
F05960
F04B30
F03E10
F031F0
F026D0
F01CE0
F01410
F00C70
F005F0
F000A0
EFFC80
EFF980
EFF7B0
EFF700
EFF780
EFF920
EFFBF0
EFFFF0
F00510
F00B50
F012D0
F01B70
F02540
F03030
F03C60
F049C0
F05840
F067F0
F078D0
F08AE0
F09E20
F0B280
F0C820
F0DEE0
F0F6D0
F10FF0
F12A40
F145A0
F16210
F17F90
F19E30
F1BDD0
F1DE90
F20060
F22340
F24730
F26C30
F29240
F2B970
F2E1B0
F30AF0
F33550
F360D0
F38D10
F3BA30
F3E820
F416F0
F44690
F47700
F4A850
F4DA70
F50D60
F54130
F575D0
F5AB40
F5E190
F618B0
F650B0
F68980
F6C2D0
F6FCA0
F73700
F771D0
F7AD30
F7E910
F82570
F86250
F89FB0
F8DD90
F91C00
F95AE0
F99A50
F9DA40
FA1AB0
FA5BB0
FA9CC0
FADDF0
FB1F40
FB60B0
FBA240
FBE3F0
FC25C0
FC67A0
FCA9B0
FCEBE0
FD2E20
FD7090
FDB310
FDF5C0
FE3880
FE7B60
FEBE00
FF0050
FF4260
FF8420
FFC5A0
0006D0
0047C0
008860
00C8C0
0108D0
0148A0
018820
01C760
020650
024500
028360
02C120
02FE30
033AA0
037670
03B190
03EC10
0425F0
045F20
0497A0
04CF80
0506C0
053D50
057340
05A890
05DD30
061130
064430
067650
06A770
06D7A0
0706E0
073520
076280
078EE0
07BA50
07E4D0
080E60
0836F0
085EA0
088550
08AB10
08CFD0
08F380
091600
093770
0957B0
0976D0
0994C0
09B1A0
09CD50
09E7E0
0A0150
0A19A0
0A30D0
0A46D0
0A5BC0
0A6F80
0A8220
0A9390
0AA3C0
0AB2D0
0AC0A0
0ACD40
0AD8B0
0AE2F0
0AEC00
0AF3D0
0AFA70
0AFFE0
0B0420
0B0730
0B0900
0B09A0
0B0920
0B0770
0B04A0
0B00C0
0AFBB0
0AF590
0AEE50
0AE5F0
0ADC70
0AD1E0
0AC620
0AB950
0AAB60
0A9C50
0A8C20
0A7AD0
0A6860
0A5510
0A40D0
0A2BA0
0A1590
09FEA0
09E6B0
09CDE0
09B430
099990
097E00
096180
094420
0925E0
0906B0
08E690
08C580
08A3E0
0881A0
085ED0
083B50
081740
07F2A0
07CD50
07A770
0780F0
0759E0
073220
0709D0
06E0F0
06B760
068D40
066280
063780
060C50
05E0E0
05B520
058930
055D10
0530A0
050400
04D710
04A9F0
047C90
044F00
042120
03F310
03C4C0
039630
0367C0
033980
030B60
02DD70
02AFA0
0281F0
025470
022710
01F9E0
01CCD0
019FF0
017330
014690
011A20
00EDD0
00C1B0
009610
006AF0
004050
001640
FFECB0
FFC3B0
FF9B30
FF7330
FF4BB0
FF24C0
FEFE50
FED860
FEB2F0
FE8E10
FE69B0
FE45E0
FE22D0
FE00A0
FDDF30
FDBEA0
FD9ED0
FD7FE0
FD61B0
FD4450
FD27D0
FD0C20
FCF130
FCD720
FCBDD0
FCA560
FC8DB0
FC76E0
FC6110
FC4C40
FC3870
FC25A0
FC13E0
FC0320
FBF360
FBE4A0
FBD6E0
FBCA30
FBBE80
FBB3D0
FBAA20
FBA170
FB99D0
FB9330
FB8DA0
FB8930
FB85D0
FB8380
FB8240
FB8220
FB8310
FB8520
FB8830
FB8C70
FB91B0
FB9810
FB9F80
FBA800
FBB1A0
FBBC50
FBC810
FBD4D0
FBE290
FBF160
FC0140
FC1220
FC2400
FC36F0
FC4AF0
FC5FF0
FC75F0
FC8D00
FCA510
FCBE30
FCD860
FCF380
FD0F90
FD2C70
FD4A30
FD68D0
FD8840
FDA890
FDC9C0
FDEBC0
FE0EA0
FE3260
FE5700
FE7C70
FEA2C0
FEC9E0
FEF1F0
FF1AC0
FF4440
FF6E50
FF98F0
FFC420
FFEFF0
001C50
004950
0076E0
00A500
00D3C0
010320
013300
016380
0194A0
01C640
01F890
022B10
025DD0
0290D0
02C420
02F7A0
032B70
035F70
0393C0
03C850
03FD10
043220
046770
049D00
04D2D0
0508E0
053F30
057560
05AB80
05E180
061760
064D30
0682E0
06B870
06EDF0
072340
075880
078DB0
07C2C0
07F7B0
082C80
086140
0895D0
08CA00
08FDC0
093110
0963E0
099650
09C840
09F9C0
0A2AD0
0A5B70
0A8BA0
0ABB60
0AEAB0
0B1980
0B47F0
0B75E0
0BA370
0BD030
0BFC40
0C2790
0C5230
0C7C00
0CA520
0CCD80
0CF530
0D1C10
0D4240
0D67B0
0D8C70
0DB070
0DD3B0
0DF630
0E17F0
0E38D0
0E58C0
0E77B0
0E95C0
0EB2E0
0ECF20
0EEA60
0F04B0
0F1E20
0F3690
0F4E20
0F64C0
0F7A70
0F8F30
0FA300
0FB5F0
0FC7C0
0FD8A0
0FE870
0FF730
1004F0
1011A0
101D50
1027F0
103190
103A20
1041B0
104830
104DB0
105230
105590
105800
105960
1059B0
105900
105750
1054A0
1050E0
104C20
104650
103F80
1037B0
102ED0
1024F0
101A10
100E20
100130
0FF340
0FE460
0FD490
0FC3E0
0FB240
0F9FB0
0F8C40
0F77E0
0F6290
0F4C60
0F3540
0F1D40
0F0450
0EEA70
0ECFB0
0EB400
0E9760
0E7A10
0E5C00
0E3D40
0E1DC0
0DFD90
0DDCA0
0DBB00
0D98A0
0D7590
0D51C0
0D2D30
0D07F0
0CE200
0CBB50
0C93E0
0C6BC0
0C4320
0C1A10
0BF090
0BC690
0B9C10
0B7120
0B45C0
0B19E0
0AED90
0AC0C0
0A9380
0A65C0
0A3790
0A08E0
09D9C0
09AA30
097A60
094A60
091A30
08E9D0
08B940
088880
085790
082660
07F510
07C380
0791C0
075FD0
072DB0
06FB60
06C8E0
069620
066380
0630F0
05FE80
05CC20
0599D0
056790
053570
050360
04D160
049F70
046DA0
043BE0
040A30
03D8A0
03A720
0375B0
034490
0313D0
02E350
02B320
028350
0253C0
022490
01F5B0
01C710
0198D0
016AE0
013D40
010FF0
00E2E0
00B630
0089E0
005E00
0032A0
0007C0
FFDD60
FFB390
FF8A30
FF6160
FF3900
FF1130
FEE9D0
FEC300
FE9CB0
FE76E0
FE5190
FE2CB0
FE0860
FDE4B0
FDC1A0
FD9F30
FD7D50
FD5C20
FD3B80
FD1B80
FCFC20
FCDD60
FCBF40
FCA1C0
FC84D0
FC6880
FC4CE0
FC31D0
FC1760
FBFDA0
FBE480
FBCC10
FBB440
FB9D20
FB86B0
FB70E0
FB5BB0
FB4740
FB3360
FB2040
FB0DC0
FAFBE0
FAEAC0
FADA30
FACA60
FABB20
FAAC90
FA9E90
FA9140
FA8490
FA7880
FA6D20
FA6250
FA5820
FA4EA0
FA45C0
FA3D80
FA35E0
FA2EE0
FA2880
FA22D0
FA1DA0
FA1900
FA14E0
FA1160
FA0E60
FA0BE0
FA0A00
FA08A0
FA07C0
FA0780
FA07C0
FA0890
FA09F0
FA0BD0
FA0E40
FA1140
FA14A0
FA1880
FA1CC0
FA2160
FA2680
FA2C00
FA31F0
FA3840
FA3F10
FA4640
FA4DE0
FA55E0
FA5E50
FA6730
FA7080
FA7A40
FA8440
FA8E80
FA9900
FAA3C0
FAAED0
FABA20
FAC5C0
FAD190
FADDB0
FAEA10
FAF6C0
FB03A0
FB10D0
FB1E50
FB2C00
FB3A00
FB4810
FB5650
FB64A0
FB7310
FB81A0
FB9040
FB9F10
FBADF0
FBBCF0
FBCC10
FBDB40
FBEAA0
FBFA10
FC09A0
FC1950
FC2920
FC38E0
FC4890
FC5840
FC67E0
FC7780
FC8710
FC96A0
FCA610
FCB590
FCC4F0
FCD450
FCE3B0
FCF2F0
FD0230
FD1170
FD20A0
FD2FA0
FD3E80
FD4D40
FD5BC0
FD6A30
FD7860
FD8680
FD9460
FDA220
FDAFC0
FDBD30
FDCA70
FDD790
FDE490
FDF160
FDFE00
FE0A60
FE1690
FE2270
FE2E10
FE3970
FE4490
FE4F70
FE5A10
FE6470
FE6E80
FE7860
FE8200
FE8B50
FE9460
FE9D40
FEA5D0
FEAE10
FEB610
FEBDB0
FEC500
FECC00
FED2B0
FED910
FEDF20
FEE4E0
FEEA40
FEEF60
FEF430
FEF8B0
FEFCD0
FF00B0
FF0430
FF0760
FF0A40
FF0CC0
FF0EE0
FF10B0
FF1220
FF1340
FF1410
FF1480
FF1490
FF1450
FF13B0
FF12C0
FF1170
FF0FD0
FF0DD0
FF0B80
FF08D0
FF05C0
FF0260
FEFEA0
FEFA80
FEF610
FEF150
FEEC20
FEE6A0
FEE0D0
FEDA90
FED400
FECD20
FEC5E0
FEBE40
FEB650
FEAE10
FEA570
FE9C90
FE9350
FE89B0
FE7FD0
FE7590
FE6B00
FE6010
FE54E0
FE4950
FE3D70
FE3140
FE24B0
FE17D0
FE0AA0
FDFD30
FDEF70
FDE160
FDD310
FDC460
FDB570
FDA640
FD96B0
FD86E0
FD76C0
FD6650
FD55A0
FD44A0
FD3350
FD21B0
FD0FE0
FCFDC0
FCEB70
FCD8E0
FCC610
FCB300
FC9FC0
FC8C30
FC7870
FC6470
FC5030
FC3BB0
FC26F0
FC1200
FBFCC0
FBE750
FBD1B0
FBBBD0
FBA5D0
FB8FA0
FB7940
FB62B0
FB4BF0
FB3500
FB1DF0
FB06A0
FAEF20
FAD780
FABFA0
FAA7A0
FA8F60
FA7700
FA5E80
FA45E0
FA2D20
FA1440
F9FB50
F9E240
F9C910
F9AFC0
F99660
F97CD0
F96330
F94970
F92FA0
F915A0
F8FB90
F8E160
F8C720
F8ACE0
F892A0
F87840
F85DF0
F84380
F82910
F80EA0
F7F420
F7D990
F7BF00
F7A470
F789D0
F76F20
F75470
F739B0
F71F00
F70460
F6E9D0
F6CF50
F6B4D0
F69A60
F68000
F665B0
F64B70
F63140
F61720
F5FD00
F5E2F0
F5C8F0
F5AF00
F59520
F57B60
F561D0
F54860
F52F10
F515F0
F4FCF0
F4E420
F4CB70
F4B2F0
F49A90
F48250
F46A40
F45250
F43A90
F422F0
F40B70
F3F440
F3DD40
F3C690
F3B010
F399E0
F383E0
F36E30
F358B0
F34370
F32E80
F319C0
F30550
F2F110
F2DD10
F2C960
F2B5E0
F2A2C0
F29000
F27D90
F26B80
F259D0
F24870
F23770
F226C0
F21680
F20680
F1F6F0
F1E7B0
F1D8D0
F1CA40
F1BC10
F1AE40
F1A0E0
F193E0
F18760
F17B50
F16FB0
F16480
F159C0
F14F80
F145A0
F13C30
F13340
F12AB0
F12290
F11AF0
F113C0
F10CF0
F106B0
F10100
F0FBC0
F0F720
F0F2F0
F0EF50
F0EC30
F0E990
F0E780
F0E5F0
F0E4F0
F0E460
F0E470
F0E4F0
F0E600
F0E790
F0E9B0
F0EC70
F0EFB0
F0F390
F0F800
F0FD00
F10290
F108B0
F10F60
F116A0
F11E80
F126E0
F12FE0
F13970
F14390
F14E40
F15980
F16560
F171D0
F17EE0
F18C70
F19AA0
F1A970
F1B8D0
F1C8C0
F1D940
F1EA60
F1FC10
F20E50
F22130
F234A0
F248B0
F25D40
F27260
F28810
F29E50
F2B510
F2CC60
F2E450
F2FCB0
F315B0
F32F40
F34950
F363F0
F37F20
F39AE0
F3B730
F3D400
F3F150
F40F20
F42D60
F44C20
F46B50
F48B10
F4AB30
F4CBE0
F4ECF0
F50E90
F530A0
F55330
F57630
F599B0
F5BDA0
F5E220
F606E0
F62C10
F65190
F67770
F69DB0
F6C440
F6EB30
F71270
F73A20
F76220
F78A80
F7B330
F7DC40
F805B0
F82F70
F859A0
F883F0
F8AE70
F8D930
F90410
F92F30
F95A80
F98600
F9B1B0
F9DD90
FA09A0
FA35E0
FA6250
FA8F00
FABBD0
FAE8E0
FB1620
FB4360
FB70A0
FB9DE0
FBCB20
FBF870
FC25B0
FC5300
FC8050
FCADA0
FCDAF0
FD0840
FD35A0
FD62F0
FD9050
FDBDB0
FDEB10
FE1840
FE4540
FE7210
FE9EB0
FECB20
FEF760
FF2360
FF4F40
FF7AF0
FFA670
FFD1B0
FFFCD0
0027C0
005280
007D00
00A760
00D150
00FAF0
012420
014D00
017570
019D90
01C540
01EC90
021390
023A20
026050
028620
02AB90
02D0A0
02F560
0319B0
033D70
0360A0
038350
03A570
03C710
03E810
040890
042890
0447F0
0466D0
048520
04A2F0
04C020
04DCD0
04F900
051490
052F80
0549C0
056360
057C40
059480
05AC10
05C300
05D940
05EED0
0603B0
0617F0
062B70
063E50
065090
066220
0672F0
068320
069280
06A120
06AF10
06BC40
06C8A0
06D450
06DF50
06E980
06F2F0
06FBB0
0703B0
070AF0
071170
071730
071C40
072080
072410
0726D0
0728D0
072A20
072AA0
072A60
072970
0727B0
072530
072200
071E00
071940
0713D0
070D90
070690
06FEE0
06F680
06ED60
06E3A0
06D920
06CDF0
06C200
06B570
06A820
069A20
068B60
067C00
066BE0
065B10
064980
063750
062480
061110
05FD00
05E860
05D330
05BD50
05A6F0
058FE0
057840
056000
054730
052DC0
0513B0
04F910
04DDD0
04C200
04A5B0
0488F0
046BC0
044E10
042FF0
041160
03F260
03D2E0
03B2F0
039290
0371B0
035070
032EB0
030C70
02E9C0
02C6B0
02A340
027F90
025BA0
023760
0212D0
01EE00
01C8F0
01A390
017DE0
0157F0
0131C0
010B40
00E470
00BD60
009610
006E70
0046B0
001EE0
FFF6F0
FFCEE0
FFA6B0
FF7E70
FF5610
FF2DA0
FF0500
FEDC50
FEB380
FE8AA0
FE61A0
FE3880
FE0F40
FDE5F0
FDBCB0
FD9370
FD6A50
FD4140
FD1840
FCEF40
FCC660
FC9D90
FC74D0
FC4C20
FC2380
FBFAF0
FBD270
FBAA00
FB81A0
FB5950
FB3130
FB0950
FAE1A0
FABA20
FA92E0
FA6BD0
FA44F0
FA1E40
F9F7D0
F9D190
F9AB80
F985B0
F96010
F93AA0
F91570
F8F060
F8CBB0
F8A750
F88340
F85F90
F83C20
F81900
F7F640
F7D3C0
F7B1A0
F78FD0
F76E50
F74D20
F72C40
F70BB0
F6EB70
F6CB90
F6AC00
F68CE0
F66E20
F64FC0
F631C0
F61420
F5F6E0
F5DA10
F5BDA0
F5A190
F585E0
F56A90
F54FA0
F53520
F51AF0
F50130
F4E7D0
F4CEE0
F4B660
F49E40
F48690
F46F40
F45860
F441F0
F42BE0
F41640
F40100
F3EC30
F3D7D0
F3C3D0
F3B040
F39D20
F38A60
F37800
F36610
F35490
F34370
F332C0
F32270
F31290
F30310
F2F400
F2E550
F2D710
F2C940
F2BBD0
F2AEC0
F2A220
F295E0
F28A00
F27E80
F27360
F268A0
F25E40
F25450
F24AB0
F24170
F23890
F23010
F22800
F22040
F218E0
F211E0
F20B50
F20500
F1FF10
F1F970
F1F430
F1EF40
F1EAA0
F1E660
F1E270
F1DED0
F1DB80
F1D890
F1D5F0
F1D3B0
F1D1B0
F1D010
F1CED0
F1CDD0
F1CD10
F1CCA0
F1CC70
F1CC90
F1CCF0
F1CDA0
F1CE90
F1CFD0
F1D150
F1D320
F1D530
F1D780
F1DA20
F1DD10
F1E040
F1E3B0
F1E760
F1EB40
F1EF70
F1F3E0
F1F880
F1FD60
F20280
F207E0
F20D80
F21360
F21970
F21FD0
F22660
F22D30
F23450
F23B90
F24310
F24AC0
F252B0
F25AC0
F26320
F26BA0
F27460
F27D60
F28680
F28FE0
F29970
F2A340
F2AD40
F2B780
F2C1E0
F2CC80
F2D750
F2E260
F2ED90
F2F900
F304A0
F31070
F31C70
F328A0
F33510
F341A0
F34E70
F35B70
F368B0
F37610
F383B0
F39180
F39F70
F3ADA0
F3BC00
F3CAA0
F3D960
F3E850
F3F780
F406E0
F41660
F42620
F43610
F44630
F45680
F46710
F477C0
F488B0
F499D0
F4AB20
F4BCA0
F4CE50
F4E040
F4F260
F504A0
F51730
F529E0
F53CC0
F54FE0
F56330
F576B0
F58A60
F59E50
F5B260
F5C6B0
F5DB30
F5EFF0
F604D0
F619F0
F62F40
F644C0
F65A70
F67060
F68680
F69CD0
F6B350
F6CA10
F6E100
F6F810
F70F60
F726F0
F73EA0
F75680
F76EA0
F786E0
F79F60
F7B800
F7D0E0
F7E9F0
F80330
F81CA0
F83640
F85010
F86A20
F88450
F89EB0
F8B940
F8D400
F8EEF0
F90A00
F92540
F940B0
F95C40
F97810
F99400
F9B020
F9CC60
F9E8E0
FA0580
FA2250
FA3F50
FA5C70
FA79A0
FA9700
FAB480
FAD220
FAEFD0
FB0DB0
FB2BB0
FB49D0
FB6810
FB8660
FBA4E0
FBC380
FBE240
FC0120
FC2010
FC3F20
FC5E40
FC7D70
FC9CB0
FCBC00
FCDB60
FCFAC0
FD1A40
FD39D0
FD5970
FD7920
FD98E0
FDB8B0
FDD890
FDF880
FE1880
FE3880
FE5870
FE7860
FE9850
FEB840
FED820
FEF800
FF17D0
FF37B0
FF5780
FF7740
FF9710
FFB6D0
FFD690
FFF640
001600
003590
005510
007480
0093C0
00B2F0
00D210
00F110
010FF0
012EB0
014D60
016C00
018A70
01A8D0
01C720
01E540
020360
022140
023EF0
025C70
0279C0
0296F0
02B3E0
02D0A0
02ED40
0309A0
0325E0
0341E0
035DC0
037960
0394E0
03B020
03CB40
03E610
0400B0
041B00
043520
044EF0
046890
0481E0
049AF0
04B3D0
04CC60
04E4B0
04FCC0
051490
052C20
054380
055A90
057150
0587C0
059DF0
05B3E0
05C970
05DEC0
05F3C0
060880
061CF0
063110
0644E0
065870
066BB0
067EA0
069150
06A3B0
06B5C0
06C780
06D900
06EA20
06FB00
070B80
071BC0
072BB0
073B50
074AA0
0759B0
076860
0776D0
0784E0
0792B0
07A030
07AD60
07BA50
07C700
07D360
07DF80
07EB50
07F6E0
080230
080D30
0817E0
082260
082C90
083670
084010
084960
085280
085B50
0863F0
086C50
087480
087C80
088430
088BB0
089300
089A10
08A0E0
08A780
08ADE0
08B410
08BA00
08BFB0
08C530
08CA80
08CFC0
08D4D0
08D9B0
08DE70
08E310
08E780
08EBE0
08F000
08F410
08F7F0
08FBB0
08FF40
0902B0
090600
090920
090C40
090F40
091230
091510
0917E0
091AA0
091D60
092000
092280
092500
092770
0929D0
092C20
092E60
093080
0932A0
0934C0
0936E0
093900
093B20
093D50
093F70
0941A0
0943D0
094610
094840
094A80
094CC0
094F00
095140
095380
0955D0
095820
095A90
095D10
095FA0
096240
0964E0
0967A0
096A80
096D60
097050
097350
097660
097990
097CC0
098010
098360
0986D0
098A50
098DF0
0991A0
099560
099930
099D20
09A120
09A530
09A950
09AD90
09B1E0
09B650
09BAD0
09BF60
09C400
09C8C0
09CD80
09D250
09D730
09DC30
09E130
09E640
09EB60
09F090
09F5D0
09FB20
0A0080
0A05F0
0A0B70
0A1100
0A16A0
0A1C40
0A21D0
0A2760
0A2CF0
0A3280
0A3810
0A3D90
0A4320
0A48A0
0A4E20
0A5390
0A5910
0A5E80
0A63F0
0A6960
0A6ED0
0A7420
0A7950
0A7E60
0A8360
0A8830
0A8CF0
0A91A0
0A9620
0A9A90
0A9ED0
0AA300
0AA720
0AAB10
0AAEF0
0AB2A0
0AB650
0AB9B0
0ABCD0
0ABFC0
0AC260
0AC4D0
0AC700
0AC8F0
0ACAB0
0ACC20
0ACD60
0ACE50
0ACF10
0ACF90
0ACFD0
0ACFE0
0ACFA0
0ACF10
0ACE20
0ACCD0
0ACB20
0AC910
0AC6B0
0AC3E0
0AC0C0
0ABD40
0AB960
0AB530
0AB090
0AABA0
0AA640
0AA090
0A9A90
0A9400
0A8D00
0A8580
0A7D90
0A7520
0A6C40
0A62E0
0A5900
0A4EB0
0A43E0
0A38A0
0A2CE0
0A20A0
0A13F0
0A06C0
09F920
09EAF0
09DC30
09CCF0
09BD20
09ACC0
099BD0
098A60
097860
0965E0
0952D0
093F30
092B10
091650
090120
08EB50
08D500
08BE20
08A6B0
088EC0
087640
085D30
0843A0
082980
080ED0
07F390
07D7D0
07BB80
079EA0
078140
076350
0744D0
0725C0
070640
06E640
06C5C0
06A4D0
068360
066170
063F00
061C20
05F8C0
05D4E0
05B090
058BC0
056670
0540B0
051A60
04F3B0
04CC90
04A520
047D60
045540
042CD0
040400
03DAE0
03B160
038790
035D70
0332F0
030810
02DCE0
02B160
028580
025940
022CF0
020060
01D3C0
01A6F0
017A00
014CF0
011FB0
00F240
00C4C0
009710
006930
003B40
000D20
FFDED0
FFB070
FF81D0
FF5360
FF2500
FEF6C0
FEC890
FE9A80
FE6C90
FE3EB0
FE10F0
FDE340
FDB5B0
FD8840
FD5AE0
FD2DA0
FD0070
FCD370
FCA670
FC79E0
FC4DA0
FC21C0
FBF640
FBCB10
FBA040
FB75D0
FB4BC0
FB2200
FAF8A0
FACFA0
FAA700
FA7EB0
FA56C0
FA2F30
FA07F0
F9E150
F9BB50
F995F0
F97120
F94CF0
F92960
F90670
F8E410
F8C250
F8A120
F880A0
F860B0
F84150
F822A0
F80480
F7E700
F7CA50
F7AE60
F79350
F77900
F75F90
F746E0
F72F00
F717F0
F701B0
F6EC40
F6D790
F6C3C0
F6B0B0
F69E80
F68D10
F67C70
F66CC0
F65E00
F65030
F64340
F63740
F62C40
F62220
F618F0
F610A0
F60950
F602E0
F5FD70
F5F8E0
F5F540
F5F290
F5F0C0
F5EFF0
F5F020
F5F130
F5F340
F5F650
F5FA50
F5FF40
F60520
F60C00
F613D0
F61C90
F62650
F63100
F63CB0
F64940
F656E0
F66550
F674A0
F684D0
F695F0
F6A7E0
F6BAB0
F6CE70
F6E300
F6F880
F70ED0
F72610
F73E30
F75720
F77100
F78BC0
F7A760
F7C3B0
F7E0B0
F7FE70
F81CE0
F83C00
F85BD0
F87C60
F89DA0
F8BF90
F8E230
F90590
F929A0
F94E60
F973D0
F99A00
F9C0E0
F9E830
FA0FF0
FA3810
FA60B0
FA89C0
FAB330
FADD20
FB0780
FB3240
FB5D80
FB8920
FBB540
FBE1C0
FC0EB0
FC3C20
FC69F0
FC97E0
FCC5F0
FCF420
FD2270
FD50E0
FD7F60
FDAE10
FDDCD0
FE0BC0
FE3AC0
FE69E0
FE9910
FEC870
FEF7F0
FF2780
FF5740
FF86B0
FFB600
FFE500
0013D0
004270
0070C0
009EE0
00CCD0
00FA80
0127F0
015530
018230
01AF00
01DB90
0207E0
023400
025F90
028A90
02B510
02DEF0
030850
033130
035970
038130
03A860
03CF10
03F520
041AB0
043FB0
046420
048810
04AB70
04CE00
04EFC0
0510B0
0530D0
055030
056EB0
058C60
05A950
05C570
05E0B0
05FB30
0614E0
062DC0
0645D0
065D10
067380
068900
069D70
06B0F0
06C380
06D500
06E590
06F520
0703B0
071150
071DF0
072990
073430
073DE0
074690
074E40
0754F0
075AA0
075F40
0762E0
076570
0766F0
076760
0766D0
076540
076290
075EE0
075A20
075460
074D90
0745C0
073CD0
0732F0
072800
071C10
070F30
070150
06F270
06E2A0
06D1C0
06BFF0
06AD20
069960
068490
066ED0
065810
064050
062790
060DE0
05F350
05D800
05BBD0
059EE0
058110
056270
054310
0522D0
0501C0
04DFE0
04BD30
0499B0
047570
045050
042A60
040390
03DC40
03B470
038C00
036300
033970
030F50
02E4B0
02B970
028DA0
026150
023460
0206F0
01D8F0
01AA50
017B30
014B80
011B90
00EB60
00BAF0
008A40
005960
002840
FFF6D0
FFC530
FF9350
FF6130
FF2EE0
FEFC40
FEC970
FE9650
FE6300
FE2F70
FDFBF0
FDC890
FD9550
FD6220
FD2F00
FCFC00
FCC910
FC9640
FC6390
FC30E0
FBFE60
FBCBF0
FB9990
FB6750
FB3520
FB0310
FAD160
FAA020
FA6F40
FA3EC0
FA0EB0
F9DF00
F9AFB0
F980D0
F95250
F92440
F8F690
F8C940
F89C60
F86FE0
F843D0
F81810
F7ED10
F7C2A0
F798E0
F76FD0
F74760
F71F90
F6F870
F6D1F0
F6AC10
F686E0
F66250
F63E70
F61B30
F5F890
F5D6A0
F5B550
F594D0
F57520
F55640
F53820
F51AE0
F4FE60
F4E2B0
F4C7D0
F4ADC0
F49480
F47C00
F46460
F44D80
F43770
F42230
F40DC0
F3FA20
F3E770
F3D590
F3C490
F3B470
F3A520
F396B0
F38920
F37C70
F370A0
F365A0
F35B80
F35240
F349E0
F34250
F33BB0
F335D0
F330B0
F32C70
F328F0
F32650
F32460
F32350
F32310
F32390
F324E0
F32700
F329E0
F32DA0
F33220
F33770
F33D80
F34440
F34BB0
F353C0
F35C70
F365D0
F36FD0
F37A70
F385C0
F391B0
F39E50
F3AB90
F3B970
F3C800
F3D730
F3E710
F3F790
F40880
F419E0
F42BA0
F43DD0
F45080
F46390
F47710
F48AF0
F49F50
F4B410
F4C940
F4DEF0
F4F4F0
F50B70
F52260
F539B0
F55130
F568E0
F580C0
F598C0
F5B100
F5C950
F5E1E0
F5FA90
F61380
F62C80
F645C0
F65F20
F678B0
F69270
F6AC60
F6C670
F6E070
F6FA60
F71440
F72E00
F747B0
F76150
F77AE0
F79450
F7ADB0
F7C700
F7E040
F7F960
F81270
F82B70
F84460
F85D30
F875C0
F88E00
F8A5F0
F8BDA0
F8D500
F8EC10
F902D0
F91950
F92F80
F94560
F95B00
F97050
F98550
F99A10
F9AE70
F9C2A0
F9D650
F9E990
F9FC60
FA0ED0
FA20D0
FA3250
FA4370
FA5420
FA6470
FA7440
FA83A0
FA92A0
FAA120
FAAF40
FABCF0
FACA30
FAD6F0
FAE340
FAEF00
FAFA50
FB0520
FB0F70
FB1940
FB22A0
FB2B70
FB33D0
FB3BB0
FB4320
FB4A00
FB5070
FB5650
FB5BC0
FB60C0
FB6550
FB6970
FB6D20
FB7060
FB7330
FB7590
FB7780
FB78F0
FB7A00
FB7AA0
FB7AC0
FB7A80
FB79D0
FB78A0
FB7710
FB7520
FB72F0
FB7060
FB6D90
FB6A60
FB66E0
FB6320
FB5F00
FB5A90
FB55D0
FB50C0
FB4B60
FB45B0
FB3FB0
FB3960
FB32C0
FB2C00
FB2520
FB1E20
FB1700
FB0FC0
FB0870
FB00F0
FAF960
FAF1A0
FAE9D0
FAE1E0
FAD9D0
FAD190
FAC940
FAC0D0
FAB850
FAAFD0
FAA780
FA9F40
FA9720
FA8F10
FA8720
FA7F50
FA7790
FA6FF0
FA6870
FA6100
FA59B0
FA5280
FA4B60
FA4460
FA3D70
FA36E0
FA30A0
FA2AB0
FA2510
FA1FC0
FA1AD0
FA1630
FA11D0
FA0DD0
FA0A20
FA06D0
FA03C0
FA0110
F9FEB0
F9FC90
F9FAE0
F9F9A0
F9F8E0
F9F8A0
F9F8F0
F9F9B0
F9FB00
F9FCC0
F9FF10
FA01E0
FA0530
FA0900
FA0D50
FA1220
FA1770
FA1D40
FA23A0
FA2A90
FA3220
FA3A40
FA4310
FA4C70
FA5670
FA6100
FA6C30
FA7800
FA8470
FA9180
FA9F20
FAAD60
FABC40
FACBB0
FADBD0
FAEC80
FAFDD0
FB0FD0
FB2270
FB35B0
FB4990
FB5E10
FB7330
FB88F0
FB9F60
FBB660
FBCE10
FBE660
FBFF50
FC18E0
FC3310
FC4DD0
FC6920
FC84F0
FCA150
FCBE40
FCDBB0
FCF9B0
FD1840
FD3760
FD5700
FD7730
FD97F0
FDB940
FDDB10
FDFD70
FE2050
FE43A0
FE6750
FE8B50
FEAFC0
FED490
FEF9C0
FF1F50
FF4530
FF6B80
FF9230
FFB940
FFE0B0
000880
0030B0
005940
008240
00AB50
00D480
00FDD0
012750
0150E0
017AA0
01A480
01CE80
01F8A0
0222E0
024D40
0277C0
02A260
02CD20
02F810
032310
034DF0
0378B0
03A340
03CDB0
03F800
042220
044C20
0475F0
049FA0
04C930
04F290
051BC0
0544E0
056DD0
059690
05BF40
05E770
060F30
063680
065D70
0683E0
06A9F0
06CF80
06F4B0
071960
073DB0
076180
0784F0
07A7F0
07CA80
07ECA0
080E40
082F40
084F90
086F30
088E20
08AC70
08CA00
08E6E0
090310
091E90
093970
095390
096D10
0985D0
099DF0
09B550
09CC10
09E1F0
09F6F0
0A0B10
0A1E60
0A30D0
0A4270
0A5320
0A6300
0A7200
0A8030
0A8D80
0A99F0
0AA580
0AB040
0ABA10
0AC320
0ACB30
0AD250
0AD880
0ADDC0
0AE200
0AE560
0AE7D0
0AE950
0AE9D0
0AE970
0AE810
0AE5C0
0AE290
0ADE60
0AD940
0AD330
0ACC40
0AC450
0ABB90
0AB1E0
0AA740
0A9BC0
0A8F50
0A8200
0A73C0
0A6490
0A5480
0A4390
0A31A0
0A1EE0
0A0B20
09F690
09E120
09CAF0
09B400
099C40
0983C0
096A70
095060
093580
0919E0
08FD70
08E030
08C240
08A370
0883E0
086390
084270
0820C0
07FE90
07DBC0
07B870
079490
077010
074B10
072590
06FF70
06D8C0
06B190
0689C0
066170
063890
060F20
05E520
05BAE0
059050
056580
053A70
050F10
04E370
04B780
048B50
045EE0
043220
040520
03D7E0
03AA50
037C80
034E60
032010
02F1B0
02C360
029520
0266E0
0238B0
020A80
01DC60
01AE40
018030
015230
012430
00F630
00C840
009A60
006C80
003EA0
001120
FFE3F0
FFB710
FF8A90
FF5E60
FF3270
FF06E0
FEDBB0
FEB0C0
FE8630
FE5BF0
FE3200
FE0860
FDDF20
FDB630
FD8D80
FD6570
FD3DF0
FD1700
FCF0A0
FCCAD0
FCA580
FC80D0
FC5CA0
FC3910
FC1600
FBF390
FBD1A0
FBB050
FB8F80
FB6F40
FB4FA0
FB30A0
FB1270
FAF4E0
FAD820
FABC10
FAA0B0
FA8610
FA6C20
FA52F0
FA3A70
FA22B0
FA0BB0
F9F550
F9DFC0
F9CAE0
F9B6B0
F9A350
F990B0
F97ED0
F96DC0
F95D60
F94DD0
F93F00
F93100
F923C0
F91740
F90B80
F90090
F8F650
F8ECE0
F8E440
F8DC50
F8D520
F8CEB0
F8C8F0
F8C3E0
F8BF90
F8BBF0
F8B910
F8B6F0
F8B570
F8B4C0
F8B4B0
F8B570
F8B6D0
F8B8F0
F8BBD0
F8BF60
F8C380
F8C830
F8CD70
F8D340
F8D9B0
F8E0A0
F8E820
F8F030
F8F8D0
F90200
F90BC0
F91620
F92100
F92C70
F93870
F94510
F951F0
F95F40
F96CD0
F97AC0
F98910
F997B0
F9A6B0
F9B600
F9C5B0
F9D5B0
F9E600
F9F6B0
FA07C0
FA1920
FA2AD0
FA3CE0
FA4F10
FA6140
FA7390
FA85F0
FA9860
FAAAF0
FABD80
FAD030
FAE2F0
FAF5D0
FB08B0
FB1BB0
FB2ED0
FB41F0
FB5530
FB6870
FB7B90
FB8E80
FBA140
FBB3C0
FBC620
FBD840
FBEA30
FBFBF0
FC0D90
FC1EF0
FC3020
FC4120
FC51E0
FC6280
FC72F0
FC8320
FC92F0
FCA250
FCB140
FCBFD0
FCCDF0
FCDBA0
FCE8E0
FCF5B0
FD0220
FD0E20
FD19B0
FD24D0
FD2F90
FD39E0
FD43C0
FD4D30
FD5610
FD5E50
FD6600
FD6D10
FD7390
FD7970
FD7EB0
FD8370
FD8780
FD8B00
FD8DF0
FD9030
FD91F0
FD9310
FD9390
FD9380
FD92C0
FD9150
FD8F40
FD8C80
FD8910
FD84F0
FD8030
FD7AB0
FD7490
FD6DD0
FD6650
FD5E30
FD5560
FD4BF0
FD41C0
FD36F0
FD2B70
FD1F50
FD1280
FD0500
FCF6E0
FCE820
FCD8A0
FCC890
FCB7C0
FCA650
FC9440
FC8180
FC6E10
FC5A00
FC4540
FC2FD0
FC19E0
FC0360
FBEC60
FBD4C0
FBBCA0
FBA400
FB8AC0
FB7100
FB56B0
FB3BD0
FB2070
FB0480
FAE800
FACB00
FAAD60
FA8F50
FA70D0
FA51F0
FA32C0
FA1330
F9F350
F9D300
F9B260
F99160
F97000
F94E50
F92C40
F909D0
F8E700
F8C3E0
F8A050
F87C80
F85880
F83460
F81020
F7EBC0
F7C750
F7A2B0
F77DF0
F75920
F73420
F70F10
F6E9E0
F6C480
F69F10
F67980
F653D0
F62DF0
F60840
F5E2C0
F5BD50
F59800
F572E0
F54DD0
F528F0
F50430
F4DF90
F4BB10
F496B0
F47280
F44E60
F42A70
F406A0
F3E2E0
F3BF90
F39CA0
F37A00
F357D0
F335F0
F31470
F2F350
F2D280
F2B220
F29210
F27270
F25320
F23430
F215A0
F1F770
F1D990
F1BC50
F19F90
F18370
F167D0
F14CC0
F13240
F11850
F0FEF0
F0E620
F0CDE0
F0B630
F09F00
F08870
F07260
F05CE0
F04800
F033B0
F02020
F00D30
EFFAE0
EFE940
EFD850
EFC800
EFB860
EFA970
EF9B20
EF8D70
EF8070
EF7420
EF6870
EF5D70
EF5320
EF4970
EF4080
EF3830
EF30A0
EF29B0
EF2380
EF1DF0
EF1910
EF14F0
EF1180
EF0EB0
EF0CA0
EF0B30
EF0A80
EF0A70
EF0B20
EF0C60
EF0E50
EF10D0
EF13F0
EF17B0
EF1C10
EF2110
EF26B0
EF2CF0
EF33C0
EF3B40
EF4350
EF4C10
EF5560
EF5F50
EF69E0
EF74F0
EF8070
EF8C70
EF98F0
EFA5F0
EFB360
EFC150
EFCFC0
EFDEB0
EFEE10
EFFDF0
F00E40
F01F20
F03070
F04230
F05480
F06710
F079E0
F08D00
F0A070
F0B420
F0C810
F0DC50
F0F0E0
F105B0
F11AC0
F13030
F145D0
F15BC0
F17200
F18880
F19F50
F1B630
F1CD10
F1E410
F1FB10
F21230
F22950
F24090
F257D0
F26F30
F28690
F29E10
F2B590
F2CD30
F2E4D0
F2FC80
F31450
F32BF0
F34360
F35AB0
F371E0
F388F0
F39FD0
F3B690
F3CD20
F3E390
F3F9E0
F41000
F42600
F43BD0
F45180
F46710
F47C80
F49190
F4A650
F4BAC0
F4CEE0
F4E2B0
F4F620
F50940
F51C20
F52EA0
F540C0
F552A0
F56430
F57560
F58640
F596E0
F5A710
F5B6F0
F5C650
F5D540
F5E3D0
F5F1F0
F5FFA0
F60CE0
F619B0
F62610
F63210
F63DA0
F648C0
F65370
F65DB0
F66780
F670F0
F679E0
F68260
F68A60
F691F0
F69910
F69FB0
F6A5E0
F6AB90
F6B0E0
F6B5A0
F6BA00
F6BDE0
F6C140
F6C430
F6C6B0
F6C8C0
F6CA60
F6CB90
F6CC60
F6CCD0
F6CCE0
F6CC70
F6CBB0
F6CA80
F6C8F0
F6C6F0
F6C490
F6C1C0
F6BE90
F6BB00
F6B700
F6B290
F6ADF0
F6A900
F6A3C0
F69E40
F69880
F69270
F68C20
F68590
F67EB0
F67790
F67020
F66870
F66080
F65840
F64FC0
F646F0
F63E10
F63520
F62C10
F622F0
F619B0
F61070
F60700
F5FD90
F5F3F0
F5EA50
F5E090
F5D6C0
F5CCD0
F5C2D0
F5B8B0
F5AE90
F5A480
F59A90
F590C0
F58710
F57D80
F57410
F56AC0
F56190
F55880
F54F90
F546C0
F53E10
F53580
F52D10
F524C0
F51C90
F514C0
F50D40
F50610
F4FF30
F4F8B0
F4F280
F4ECB0
F4E730
F4E200
F4DD30
F4D8B0
F4D480
F4D0B0
F4CD30
F4CA10
F4C730
F4C4F0
F4C320
F4C1D0
F4C110
F4C0D0
F4C120
F4C1E0
F4C330
F4C500
F4C750
F4CA30
F4CD90
F4D160
F4D5D0
F4DAB0
F4E020
F4E630
F4ECD0
F4F420
F4FC10
F50490
F50DC0
F51790
F521F0
F52D00
F538B0
F54500
F551E0
F55F70
F56DA0
F57C70
F58BD0
F59BF0
F5ACB0
F5BE10
F5D030
F5E2F0
F5F650
F60A60
F61F20
F63490
F64AA0
F66150
F678C0
F690D0
F6A980
F6C2F0
F6DCF0
F6F7A0
F712E0
F72ED0
F74B40
F76860
F78610
F7A460
F7C350
F7E2E0
F80300
F823C0
F84520
F86720
F889B0
F8ACE0
F8D0B0
F8F4F0
F919C0
F93EF0
F964B0
F98AE0
F9B190
F9D8B0
FA0050
FA2870
FA5110
FA7A20
FAA3B0
FACDB0
FAF830
FB2330
FB4EB0
FB7A70
FBA670
FBD2C0
FBFF50
FC2C20
FC5940
FC86A0
FCB450
FCE240
FD1070
FD3EF0
FD6DB0
FD9CC0
FDCC10
FDFBA0
FE2B80
FE5B60
FE8B50
FEBB40
FEEB40
FF1B50
FF4B50
FF7B70
FFAB90
FFDBB0
000BE0
003C20
006C60
009CB0
00CD00
00FD50
012DC0
015DE0
018DD0
01BD90
01ED10
021C50
024B60
027A30
02A8D0
02D730
030560
033350
036110
038E90
03BBD0
03E8E0
0415C0
044220
046E10
049980
04C480
04EF10
051930
0542D0
056C00
0594C0
05BD10
05E4E0
060C40
063320
0659A0
067FA0
06A520
06CA10
06EE50
071200
073500
075760
077920
079A30
07BAB0
07DA80
07F9B0
081840
083630
085380
087020
088C30
08A790
08C230
08DC20
08F540
090DB0
092560
093C40
095270
0967E0
097C90
099080
09A3C0
09B630
09C7E0
09D8E0
09E910
09F890
0A0740
0A1540
0A2270
0A2EE0
0A3A90
0A4570
0A4FA0
0A5900
0A61A0
0A6980
0A70A0
0A7700
0A7CA0
0A8170
0A8580
0A88E0
0A8B80
0A8D70
0A8EA0
0A8F30
0A8F10
0A8E40
0A8CB0
0A8A80
0A8790
0A8400
0A7FB0
0A7AB0
0A7500
0A6EB0
0A67A0
0A5FD0
0A5790
0A4EC0
0A4560
0A3B70
0A3100
0A2610
0A1A90
0A0E80
0A01E0
09F4C0
09E720
09D8F0
09CA30
09BAF0
09AB20
099AC0
098A20
097920
0967C0
095620
094420
0931D0
091F30
090C40
08F8F0
08E560
08D170
08BD20
08A890
0893A0
087E60
0868D0
085320
083D70
0827A0
0811B0
07FBB0
07E5A0
07CF80
07B940
07A300
078C90
077620
075F90
0748F0
073230
071B70
070480
06EDD0
06D740
06C0E0
06AAA0
069490
067EB0
0668F0
065360
063E00
0628C0
0613A0
05FEC0
05E9F0
05D560
05C0F0
05ACB0
0598D0
058540
057220
055F60
054D00
053AF0
052950
051810
050720
04F6A0
04E680
04D6B0
04C750
04B850
04A9A0
049B60
048DA0
048070
0473C0
046790
045BF0
0450E0
044650
043C50
0432D0
0429E0
042170
041990
041230
040B50
040510
03FF40
03FA20
03F590
03F190
03EE40
03EB70
03E950
03E7C0
03E6D0
03E680
03E6C0
03E790
03E910
03EB20
03EDD0
03F110
03F4F0
03F960
03FE70
040420
040A60
041130
0418A0
0420A0
042940
043280
043C40
0446B0
0451A0
045D40
046960
047630
048380
049160
049FB0
04AE90
04BDE0
04CDB0
04DE00
04EEC0
050010
0511D0
052410
0536E0
054A20
055DD0
057210
0586D0
059C00
05B190
05C770
05DDA0
05F420
060AF0
062220
063990
065160
066980
068200
069AC0
06B3E0
06CD50
06E710
070120
071B80
073600
0750A0
076B50
078620
07A100
07BC00
07D720
07F250
080DA0
082900
084480
086020
087BD0
0897A0
08B380
08CF90
08EB60
090720
0922B0
093E20
095970
0974A0
098FA0
09AA80
09C540
09DFD0
09FA50
0A14A0
0A2ED0
0A48D0
0A62B0
0A7C80
0A95E0
0AAEE0
0AC790
0ADFD0
0AF7C0
0B0F50
0B2680
0B3D60
0B53D0
0B69F0
0B7FA0
0B9500
0BAA00
0BBEA0
0BD2F0
0BE6D0
0BFA30
0C0D00
0C1F40
0C30F0
0C4220
0C52B0
0C62C0
0C7240
0C8140
0C8FA0
0C9D80
0CAAD0
0CB790
0CC3C0
0CCF70
0CDA80
0CE4F0
0CEEC0
0CF7D0
0D0050
0D0810
0D0F30
0D15A0
0D1B60
0D2080
0D24F0
0D28C0
0D2BD0
0D2E50
0D3010
0D3130
0D31A0
0D3160
0D3070
0D2EC0
0D2C60
0D2950
0D2590
0D2110
0D1BF0
0D1610
0D0F70
0D0830
0D0030
0CF780
0CEE10
0CE400
0CD930
0CCDC0
0CC1B0
0CB4F0
0CA7A0
0C99A0
0C8AF0
0C7BB0
0C6BC0
0C5B30
0C4A00
0C3830
0C25B0
0C1290
0BFED0
0BEA70
0BD560
0BBFE0
0BA9D0
0B9350
0B7C40
0B64C0
0B4CC0
0B3430
0B1B30
0B01B0
0AE7B0
0ACD30
0AB230
0A96B0
0A7AB0
0A5E30
0A4130
0A23F0
0A0660
09E880
09CA60
09ABF0
098D30
096E30
094EF0
092F60
090F80
08EF60
08CEF0
08AE30
088D30
086BE0
084A50
0828B0
080700
07E550
07C3A0
07A1D0
078000
075E30
073C40
071A60
06F860
06D660
06B460
069240
067020
064E00
062BD0
0609E0
05E820
05C6A0
05A550
058440
056370
0542D0
052270
050250
04E260
04C2B0
04A330
0483F0
0464F0
044630
0427A0
040980
03EBE0
03CEC0
03B210
0395D0
037A10
035ED0
034400
0329A0
030FC0
02F660
02DD70
02C4F0
02ACF0
029570
027E60
026800
025240
023D20
0228B0
0214F0
0201D0
01EF50
01DD80
01CC50
01BBD0
01AC00
019CD0
018E40
018060
017320
016690
015AC0
014FB0
014570
013BF0
013330
012B40
012410
011DA0
0117F0
011310
010EF0
010B90
0108F0
010720
010610
0105D0
010650
010790
0109A0
010C80
011020
011490
0119C0
011FC0
012680
012E10
013670
013F90
014970
015430
015FA0
016BF0
0178E0
018690
019500
01A420
01B3F0
01C470
01D5B0
01E7A0
01FA50
020DB0
0221C0
023680
024C00
026240
027920
0290D0
02A8F0
02C1B0
02DAF0
02F4B0
030F10
0329F0
034550
036150
037DC0
039AD0
03B860
03D680
03F530
041460
043420
045460
047500
0495E0
04B710
04D890
04FA60
051C80
053EE0
0561A0
0584A0
05A800
05CBA0
05EF90
0613D0
063860
065D30
068260
06A790
06CCC0
06F200
071740
073C80
0761C0
078710
07AC70
07D1C0
07F730
081C90
084200
086770
088CE0
08B260
08D7E0
08FD20
092210
0946C0
096B30
098F50
09B340
09D6D0
09FA30
0A1D40
0A4000
0A6280
0A84C0
0AA6C0
0AC870
0AE9E0
0B0B10
0B2BB0
0B4BC0
0B6B40
0B8A40
0BA8B0
0BC690
0BE3E0
0C00B0
0C1CF0
0C38B0
0C53D0
0C6E70
0C8880
0CA210
0CBB10
0CD380
0CEB20
0D0210
0D1830
0D2D90
0D4230
0D5600
0D6910
0D7B60
0D8CF0
0D9DC0
0DADC0
0DBD00
0DCB70
0DD930
0DE620
0DF250
0DFD90
0E07F0
0E1170
0E1A00
0E21B0
0E2870
0E2E50
0E3340
0E3750
0E3A70
0E3CB0
0E3E10
0E3E80
0E3E00
0E3CA0
0E3A60
0E3720
0E3300
0E2DE0
0E27D0
0E20C0
0E18D0
0E0FE0
0E0610
0DFB40
0DEF80
0DE2D0
0DD520
0DC690
0DB700
0DA680
0D9510
0D82C0
0D6F80
0D5B60
0D4660
0D3080
0D19B0
0D0200
0CE970
0CCFF0
0CB5A0
0C9A60
0C7E40
0C6130
0C4340
0C2470
0C04C0
0BE450
0BC320
0BA130
0B7E80
0B5B10
0B36F0
0B1210
0AEC70
0AC610
0A9EF0
0A7710
0A4E70
0A2520
09FB10
09D040
09A4B0
097890
094C00
091EF0
08F150
08C340
0894A0
086590
0835F0
0805D0
07D530
07A410
077260
074040
070D90
06DA70
06A6C0
0672E0
063EC0
060A70
05D5F0
05A120
056C30
053700
050190
04CBF0
049620
046010
0429C0
03F340
03BC90
0385A0
034E70
031760
02E070
02A990
0272C0
023C10
020580
01CEF0
019890
016240
012C00
00F5E0
00BFD0
0089E0
005400
001E30
FFE890
FFB340
FF7E60
FF49E0
FF15C0
FEE210
FEAEC0
FE7BE0
FE4960
FE1740
FDE580
FDB430
FD8340
FD52C0
FD22A0
FCF2E0
FCC380
FC94D0
FC66D0
FC3970
FC0CC0
FBE0B0
FBB540
FB8A90
FB6080
FB3710
FB0E50
FAE630
FABEC0
FA97F0
FA71D0
FA4C60
FA2790
FA03A0
F9E080
F9BE50
F99CF0
F97C60
F95CC0
F93DF0
F92000
F902E0
F8E6B0
F8CB50
F8B0D0
F89720
F87E60
F86670
F84F50
F83940
F82410
F80FF0
F7FCC0
F7EA80
F7D940
F7C8F0
F7B9A0
F7AB40
F79DE0
F79180
F78610
F77B90
F77210
F76980
F761F0
F75B60
F755D0
F75140
F74DA0
F74B00
F74960
F748C0
F74920
F74A80
F74CD0
F75020
F75480
F759D0
F76020
F76760
F76FB0
F778E0
F78300
F78E00
F79A00
F7A6E0
F7B4A0
F7C360
F7D2F0
F7E380
F7F4F0
F80750
F81AA0
F82ED0
F843F0
F85A00
F870F0
F888B0
F8A120
F8BA60
F8D460
F8EF30
F90AB0
F92700
F94410
F961E0
F98070
F99FD0
F9BFF0
F9E0D0
FA0270
FA24D0
FA4800
FA6BB0
FA8FF0
FAB4C0
FADA20
FB0000
FB2670
FB4D70
FB7500
FB9D10
FBC5C0
FBEEF0
FC18B0
FC42F0
FC6DC0
FC9930
FCC510
FCF150
FD1DD0
FD4AA0
FD77C0
FDA520
FDD2D0
FE00D0
FE2F10
FE5DB0
FE8C80
FEBBB0
FEEB20
FF1AE0
FF4AF0
FF7B40
FFABE0
FFDC90
000D40
003DF0
006EC0
009F80
00D060
010140
013220
016310
019410
01C510
01F620
022730
025850
028980
02BAB0
02EBA0
031C60
034CF0
037D50
03AD70
03DD60
040D20
043CA0
046BF0
049B00
04C9F0
04F890
052710
055550
058360
05B130
05DEA0
060BA0
063840
066470
069040
06BBA0
06E6A0
071120
073B50
076510
078E60
07B750
07DFD0
0807E0
082F90
0856E0
087D90
08A3C0
08C960
08EE70
0912F0
0936E0
095A40
097D10
099F60
09C110
09E240
0A02E0
0A22F0
0A4270
0A6160
0A7FC0
0A9D80
0ABAB0
0AD730
0AF310
0B0E60
0B2900
0B4300
0B5C70
0B7530
0B8D50
0BA4E0
0BBBC0
0BD210
0BE7B0
0BFCC0
0C1120
0C24F0
0C3810
0C4AA0
0C5C90
0C6DD0
0C7E80
0C8E90
0C9E00
0CACD0
0CBAF0
0CC880
0CD570
0CE1C0
0CED70
0CF880
0D0300
0D0CE0
0D1630
0D1EF0
0D2720
0D2ED0
0D35E0
0D3C70
0D4260
0D47C0
0D4CA0
0D50F0
0D54A0
0D57D0
0D5A60
0D5C70
0D5DF0
0D5F00
0D5F90
0D5FC0
0D5F70
0D5EB0
0D5D80
0D5BF0
0D59E0
0D5760
0D5460
0D5100
0D4D30
0D48E0
0D4430
0D3F00
0D3970
0D3380
0D2D50
0D26E0
0D2020
0D1910
0D11B0
0D0A10
0D0230
0CFA00
0CF180
0CE8B0
0CDFA0
0CD640
0CCCA0
0CC2B0
0CB870
0CAE20
0CA3A0
0C9910
0C8E60
0C8390
0C78B0
0C6DA0
0C6280
0C5740
0C4BE0
0C4060
0C34C0
0C2900
0C1D30
0C1140
0C0520
0BF920
0BED20
0BE130
0BD550
0BC980
0BBDB0
0BB1F0
0BA640
0B9A90
0B8EF0
0B8360
0B77E0
0B6C60
0B60F0
0B5590
0B4A40
0B3F10
0B3420
0B2950
0B1EC0
0B1460
0B0A20
0B0020
0AF640
0AECA0
0AE330
0AD9E0
0AD0D0
0AC7E0
0ABF30
0AB6B0
0AAE50
0AA650
0A9E90
0A9710
0A8FF0
0A8910
0A8270
0A7C30
0A7630
0A7070
0A6B10
0A65F0
0A6120
0A5C90
0A5850
0A5460
0A50B0
0A4D60
0A4A70
0A47D0
0A4590
0A43B0
0A4220
0A40F0
0A4020
0A3FA0
0A3F80
0A3FC0
0A4050
0A4140
0A4280
0A4430
0A4620
0A4880
0A4B30
0A4E50
0A51C0
0A5590
0A59B0
0A5E40
0A6320
0A6860
0A6E00
0A7400
0A7A60
0A8110
0A8830
0A8FA0
0A9760
0A9F90
0AA800
0AB0C0
0AB9E0
0AC350
0ACD20
0AD730
0AE1A0
0AEC60
0AF770
0B02D0
0B0E90
0B1AA0
0B2700
0B33B0
0B40C0
0B4E00
0B5B90
0B6960
0B7770
0B85B0
0B9440
0BA310
0BB220
0BC170
0BD100
0BE0E0
0BF0F0
0C0140
0C11D0
0C22B0
0C33C0
0C4500
0C5660
0C67F0
0C79A0
0C8B70
0C9D60
0CAF80
0CC1D0
0CD440
0CE6D0
0CF980
0D0C60
0D1F60
0D3280
0D45D0
0D5950
0D6CC0
0D8040
0D93D0
0DA760
0DBAF0
0DCE90
0DE240
0DF5F0
0E09A0
0E1D50
0E3120
0E44E0
0E58B0
0E6C80
0E8060
0E9450
0EA810
0EBBC0
0ECF60
0EE2E0
0EF640
0F0980
0F1CB0
0F2FD0
0F42C0
0F55A0
0F6870
0F7B20
0F8DB0
0FA020
0FB280
0FC4D0
0FD6D0
0FE8B0
0FFA50
100BB0
101CE0
102DD0
103E90
104F10
105F60
106F70
107F50
108EF0
109E60
10AD90
10BC80
10CB50
10D9C0
10E7D0
10F5A0
110310
111040
111D10
112990
1135B0
114190
114D10
115840
116320
116DB0
1177F0
1181D0
118B60
119490
119D50
11A5B0
11ADA0
11B520
11BC40
11C300
11C950
11CF30
11D4B0
11D9D0
11DE80
11E2C0
11E6A0
11EA20
11ED20
11EFC0
11F1E0
11F390
11F4C0
11F580
11F5C0
11F590
11F4E0
11F3D0
11F230
11F020
11EDA0
11EAB0
11E740
11E350
11DF00
11DA20
11D4C0
11CEF0
11C8A0
11C1D0
11BA80
11B2B0
11AA60
11A1A0
119860
118E90
118450
1179A0
116E60
1162A0
115670
1149C0
113C90
112EE0
1120B0
111210
1102F0
10F350
10E330
10D2A0
10C180
10AFF0
109DE0
108B60
107850
1064D0
1050D0
103C60
102770
101200
0FFC30
0FE5E0
0FCF10
0FB7D0
0FA020
0F87F0
0F6F50
0F5630
0F3CA0
0F2290
0F0810
0EED20
0ED1B0
0EB5E0
0E99A0
0E7CF0
0E5FE0
0E4260
0E2480
0E0630
0DE770
0DC850
0DA8C0
0D88C0
0D6860
0D47A0
0D2670
0D04D0
0CE2C0
0CC060
0C9DB0
0C7AA0
0C5730
0C3380
0C0F60
0BEAF0
0BC630
0BA110
0B7B90
0B55C0
0B2FA0
0B0920
0AE240
0ABB10
0A9390
0A6BC0
0A43C0
0A1B70
09F2E0
09CA10
09A110
0977C0
094E30
092460
08FA50
08CFF0
08A560
087A90
084F80
082420
07F890
07CCD0
07A0E0
0774E0
0748A0
071C40
06EFC0
06C310
069640
066940
063C20
060ED0
05E150
05B3C0
0585F0
055810
0529F0
04FBD0
04CDB0
049F70
047130
0442E0
041490
03E630
03B7C0
038940
035AB0
032C20
02FD80
02CEE0
02A020
027160
0242A0
0213E0
01E540
01B6A0
018820
0159B0
012B50
00FD10
00CED0
00A0B0
0072A0
004490
0016B0
FFE8D0
FFBB00
FF8D50
FF5FA0
FF3230
FF04F0
FED7D0
FEAAF0
FE7E40
FE51C0
FE2560
FDF940
FDCD50
FDA180
FD75F0
FD4A90
FD1F60
FCF450
FCC980
FC9EE0
FC7480
FC4A80
FC20C0
FBF750
FBCE30
FBA560
FB7CD0
FB54A0
FB2CB0
FB0510
FADDC0
FAB6C0
FA9000
FA69A0
FA4380
FA1DB0
F9F840
F9D340
F9AEB0
F98A70
F966A0
F94330
F92030
F8FD90
F8DB60
F8B990
F89820
F87720
F85680
F83640
F81670
F7F700
F7D810
F7B9A0
F79BA0
F77E20
F76120
F74490
F72880
F70CF0
F6F1E0
F6D740
F6BD20
F6A380
F68A60
F671B0
F65980
F641C0
F62A90
F613F0
F5FDD0
F5E840
F5D340
F5BEB0
F5AAC0
F59750
F58460
F57200
F56030
F54EE0
F53E20
F52DE0
F51E30
F50F00
F50060
F4F260
F4E4E0
F4D7F0
F4CB90
F4BFC0
F4B470
F4A9C0
F49FA0
F49600
F48D00
F48480
F47CA0
F47540
F46E70
F46840
F46280
F45D60
F458C0
F454B0
F45130
F44E40
F44BD0
F449F0
F44890
F447C0
F44780
F447D0
F448A0
F44A00
F44BF0
F44E70
F45160
F454D0
F458D0
F45D40
F46230
F467A0
F46D90
F473F0
F47AE0
F48250
F48A30
F49290
F49B80
F4A4E0
F4AEC0
F4B920
F4C3F0
F4CF20
F4DAB0
F4E6C0
F4F330
F50000
F50D40
F51AF0
F52900
F53780
F54660
F555B0
F56570
F57590
F58610
F59710
F5A850
F5B9D0
F5CBB0
F5DDD0
F5F040
F60300
F61610
F62960
F63D00
F650F0
F66530
F679B0
F68E80
F6A3A0
F6B910
F6CEC0
F6E4A0
F6FAB0
F710F0
F72750
F73DE0
F75490
F76B70
F78280
F799C0
F7B120
F7C8B0
F7E070
F7F850
F81060
F828A0
F84100
F85970
F871E0
F88A60
F8A2F0
F8BB80
F8D410
F8ECB0
F90560
F91E10
F936C0
F94F80
F96850
F98120
F99A00
F9B2E0
F9CBC0
F9E490
F9FD50
FA15F0
FA2E80
FA46F0
FA5F50
FA7790
FA8FC0
FAA7D0
FABFC0
FAD7B0
FAEF70
FB0730
FB1EC0
FB3650
FB4DB0
FB64F0
FB7BF0
FB92C0
FBA960
FBBFD0
FBD610
FBEC10
FC01E0
FC1780
FC2CF0
FC4220
FC5730
FC6C00
FC80A0
FC9510
FCA940
FCBD30
FCD0E0
FCE450
FCF770
FD0A50
FD1CE0
FD2F30
FD4130
FD5300
FD6470
FD75B0
FD86A0
FD9750
FDA7B0
FDB7D0
FDC7B0
FDD740
FDE680
FDF570
FE0410
FE1270
FE2070
FE2E30
FE3BA0
FE48C0
FE55A0
FE6220
FE6E60
FE7A50
FE85F0
FE9140
FE9C50
FEA710
FEB180
FEBBA0
FEC580
FECF20
FED870
FEE170
FEEA20
FEF290
FEFAC0
FF02A0
FF0A30
FF1170
FF1870
FF1F30
FF2590
FF2BC0
FF31C0
FF3780
FF3D00
FF4250
FF4750
FF4C30
FF50C0
FF5520
FF5950
FF5D30
FF60E0
FF6460
FF67A0
FF6AA0
FF6D60
FF7010
FF7290
FF74F0
FF7730
FF7940
FF7B40
FF7D10
FF7EC0
FF8050
FF81C0
FF8310
FF8430
FF8530
FF8620
FF86E0
FF8770
FF8810
FF88A0
FF8930
FF89C0
FF8A40
FF8AC0
FF8B40
FF8BB0
FF8C30
FF8CA0
FF8D00
FF8D70
FF8DD0
FF8E20
FF8E80
FF8ED0
FF8F40
FF8FC0
FF9070
FF9130
FF9200
FF92F0
FF9400
FF9530
FF9670
FF97D0
FF9950
FF9AE0
FF9C90
FF9E60
FFA040
FFA240
FFA470
FFA6E0
FFA990
FFAC70
FFAF80
FFB2D0
FFB650
FFBA10
FFBE00
FFC230
FFC690
FFCB30
FFD000
FFD510
FFDA50
FFDFD0
FFE590
FFEBB0
FFF210
FFF8C0
FFFFC0
000700
000EA0
001680
001EC0
002740
003010
003920
004290
004C50
005650
0060A0
006B50
007650
0081B0
008D60
009970
00A5D0
00B280
00BFA0
00CD00
00DAC0
00E8E0
00F750
010620
011540
0124C0
013490
0144C0
015540
016610
017740
0188C0
019A90
01ACC0
01BF50
01D220
01E550
01F8E0
020CC0
0220F0
023580
024A60
025F90
027510
028AD0
02A0E0
02B730
02CDC0
02E4A0
02FBC0
031330
032AE0
0342E0
035B10
0373A0
038C60
03A570
03BED0
03D860
03F230
040C20
042640
044090
045B00
0475A0
049070
04AB60
04C690
04E1D0
04FD50
0518F0
0534C0
0550C0
056CE0
058940
05A590
05C1F0
05DE50
05FAC0
061730
0633A0
065020
066CA0
068930
06A5B0
06C250
06DEE0
06FB80
071830
0734D0
075190
076E10
078A80
07A6D0
07C2F0
07DEF0
07FAD0
081680
083220
084D90
0868E0
088410
089F10
08BA00
08D4C0
08EF60
0909D0
092400
093DE0
095780
0970C0
0989C0
09A270
09BAD0
09D2E0
09EAA0
0A0220
0A1950
0A3030
0A46C0
0A5D00
0A7300
0A88B0
0A9DF0
0AB2B0
0AC710
0ADB00
0AEE70
0B0180
0B1420
0B2640
0B3800
0B4940
0B5A20
0B6A80
0B7A70
0B8A00
0B9910
0BA7B0
0BB5D0
0BC360
0BD060
0BDCE0
0BE8E0
0BF450
0BFF30
0C0990
0C1360
0C1CA0
0C2560
0C2DA0
0C3540
0C3C70
0C4300
0C4920
0C4E90
0C5380
0C57D0
0C5B90
0C5EC0
0C6150
0C6360
0C64D0
0C65A0
0C65F0
0C65A0
0C64B0
0C6340
0C6130
0C5E90
0C5B60
0C57A0
0C5340
0C4E60
0C48F0
0C42F0
0C3C70
0C3550
0C2DA0
0C2560
0C1CA0
0C1340
0C0960
0BFEF0
0BF3E0
0BE850
0BDC30
0BCF90
0BC280
0BB4F0
0BA6E0
0B9850
0B8950
0B79E0
0B69E0
0B5970
0B4880
0B3720
0B2540
0B12E0
0B0010
0AECC0
0AD8F0
0AC4D0
0AB050
0A9B80
0A8660
0A70E0
0A5B00
0A44D0
0A2E40
0A1760
0A0030
09E8A0
09D0B0
09B870
099FE0
0986F0
096DB0
095440
093AA0
0920D0
0906E0
08ECC0
08D270
08B7F0
089D50
088280
086780
084C50
083100
081580
07F9D0
07DDF0
07C1F0
07A5F0
0789F0
076DF0
075200
073600
071A10
06FE30
06E240
06C660
06AA80
068EA0
0672C0
0656F0
063B20
061F50
060380
05E7F0
05CC80
05B150
059650
057B80
0560E0
054670
052C30
051230
04F850
04DEB0
04C540
04AC00
0492F0
047A10
046160
044910
043110
041970
040230
03EB40
03D4A0
03BE60
03A880
0392F0
037DC0
0368E0
035450
034030
032C50
0318E0
0305B0
02F300
02E0D0
02CF00
02BDB0
02ACD0
029C70
028C70
027CF0
026DE0
025F50
025130
024380
023640
022970
021D20
021140
0205E0
01FB00
01F090
01E6B0
01DD50
01D460
01CBF0
01C410
01BCA0
01B5B0
01AF40
01A950
01A3E0
019EF0
019A70
019680
019300
019000
018D70
018B70
0189D0
0188C0
018820
018800
018850
018920
018A70
018C30
018E70
019130
019460
019810
019C20
01A0A0
01A580
01AAD0
01B080
01B6A0
01BD20
01C400
01CB50
01D310
01DB20
01E3B0
01EC90
01F5E0
01FFA0
0209C0
021430
021EE0
0229D0
023520
0240B0
024C80
0258A0
026510
0271C0
027EC0
028C00
029990
02A760
02B580
02C3F0
02D2A0
02E180
02F070
02FF90
030ED0
031E30
032DC0
033D70
034D40
035D30
036D40
037D80
038DE0
039E60
03AF00
03BFD0
03D0B0
03E1A0
03F280
040370
041450
042520
043600
0446E0
0457B0
046880
047950
048A20
049AE0
04ABB0
04BC70
04CD30
04DDF0
04EE90
04FF00
050F60
051F90
052FA0
053F90
054F60
055F10
056EA0
057E10
058D50
059C70
05AB80
05BA60
05C920
05D7B0
05E620
05F440
060240
060FF0
061D70
062AC0
0637D0
0644B0
065150
065DB0
0669E0
0675D0
068190
068D20
069860
06A380
06AE50
06B8E0
06C330
06CD50
06D720
06E0B0
06EA00
06F320
06FBF0
070480
070CD0
0714F0
071CC0
072450
072BA0
0732C0
073990
074030
074690
074CC0
0752B0
075860
075DD0
076310
076810
076CD0
077160
0775B0
0779C0
077DA0
078140
0784A0
0787E0
078B00
078DF0
0790C0
079370
0795F0
079850
079A90
079CA0
079E90
07A060
07A200
07A380
07A4E0
07A610
07A730
07A830
07A930
07AA30
07AB30
07AC20
07AD00
07ADE0
07AEC0
07AF90
07B050
07B120
07B1D0
07B290
07B340
07B3E0
07B480
07B540
07B620
07B710
07B820
07B960
07BAB0
07BC10
07BDA0
07BF50
07C110
07C2F0
07C4F0
07C710
07C950
07CBA0
07CE20
07D0D0
07D3C0
07D700
07DA70
07DE20
07E210
07E640
07EAB0
07EF60
07F460
07F980
07FEF0
0804A0
080A90
0810C0
081730
081DF0
082510
082C90
083460
083C90
084520
084E00
085730
0860D0
086AC0
087500
087FA0
088AA0
0895F0
08A1A0
08ADB0
08BA20
08C6F0
08D430
08E1D0
08EFE0
08FE50
090D30
091C70
092C10
093C20
094CA0
095D70
096EC0
098060
099270
09A4F0
09B7C0
09CB00
09DE90
09F290
0A06E0
0A1BA0
0A30C0
0A4630
0A5C10
0A7240
0A88E0
0A9FE0
0AB730
0ACEF0
0AE710
0AFF80
0B1850
0B3150
0B4AA0
0B6440
0B7E20
0B9850
0BB2C0
0BCD80
0BE880
0C03C0
0C1F50
0C3B30
0C5750
0C73C0
0C9070
0CAD60
0CCA70
0CE7A0
0D04F0
0D2250
0D3FD0
0D5D60
0D7B10
0D98E0
0DB6C0
0DD4C0
0DF2D0
0E1100
0E2F50
0E4DC0
0E6C40
0E8AD0
0EA950
0EC7B0
0EE5F0
0F0400
0F2200
0F3FE0
0F5DA0
0F7B40
0F98C0
0FB620
0FD360
0FF080
100D80
102A60
104720
1063C0
108000
109BD0
10B750
10D260
10ED10
110750
112130
113AB0
1153D0
116C80
1184D0
119CC0
11B440
11CB70
11E230
11F880
120E40
122340
1237B0
124B70
125E80
1270F0
1282C0
1293E0
12A460
12B430
12C360
12D1E0
12DFC0
12ED00
12F990
130570
131080
131AA0
1323F0
132C50
1333D0
133A80
134040
134520
134920
134C30
134E70
134FD0
135050
134FE0
134EA0
134C70
134940
134500
133FC0
133980
133220
1329D0
132060
1315F0
130A80
12FE00
12F070
12E1E0
12D250
12C1B0
12B000
129D50
128980
1274A0
125EA0
124790
122F70
121630
11FBD0
11E060
11C3E0
11A640
118780
1167B0
1146D0
1124D0
1101B0
10DD90
10B850
109210
106AC0
104260
101900
0FEE90
0FC320
0F96A0
0F6910
0F3A70
0F0AD0
0EDA20
0EA860
0E75A0
0E41D0
0E0D00
0DD740
0DA0B0
0D6940
0D3100
0CF7D0
0CBDD0
0C82F0
0C4730
0C0A90
0BCD10
0B8EC0
0B4F90
0B0F80
0ACEA0
0A8CD0
0A4A30
0A06F0
09C320
097EC0
0939C0
08F430
08AE10
086750
082000
07D820
078FA0
074690
06FCF0
06B2B0
0667E0
061C70
05D080
058440
0537E0
04EB40
049E60
045150
040400
03B690
0368D0
031AE0
02CCC0
027E70
022FD0
01E110
019210
0142D0
00F370
00A430
005520
000640
FFB7A0
FF6920
FF1AE0
FECCD0
FE7EF0
FE3130
FDE3B0
FD9660
FD4940
FCFC60
FCAFA0
FC6310
FC16C0
FBCB00
FB7FE0
FB3560
FAEB70
FAA230
FA5980
FA1170
F9C9F0
F98320
F93CE0
F8F740
F8B240
F86DD0
F82A10
F7E6E0
F7A450
F762C0
F72220
F6E280
F6A3E0
F66640
F62990
F5EDE0
F5B330
F57970
F540C0
F508F0
F4D230
F49C70
F467A0
F433D0
F400F0
F3CF60
F39F20
F37010
F34250
F315D0
F2EAA0
F2C0B0
F29800
F270A0
F24A80
F225A0
F20210
F1DFC0
F1BEB0
F19EF0
F18070
F16360
F147C0
F12D90
F114D0
F0FD80
F0E7A0
F0D340
F0C040
F0AEB0
F09E90
F08FE0
F082B0
F076E0
F06C80
F06390
F05C20
F05610
F05180
F04E70
F04CC0
F04C90
F04DE0
F050A0
F054D0
F05A70
F06190
F06A20
F07430
F07FA0
F08CA0
F09B00
F0AAE0
F0BC10
F0CEA0
F0E280
F0F7B0
F10E40
F12620
F13F50
F159E0
F175C0
F19300
F1B190
F1D170
F1F2B0
F21540
F23920
F25E60
F284B0
F2AC10
F2D470
F2FDF0
F32890
F35430
F380E0
F3AEA0
F3DD70
F40D60
F43E50
F47060
F4A370
F4D7A0
F50CE0
F54320
F57A20
F5B1D0
F5EA30
F62340
F65D00
F69770
F6D290
F70E70
F74AF0
F78820
F7C610
F804A0
F843F0
F883E0
F8C490
F905F0
F94780
F98960
F9CB70
FA0DC0
FA5050
FA9320
FAD630
FB1980
FB5D00
FBA0C0
FBE4D0
FC2910
FC6D80
FCB240
FCF740
FD3C70
FD8170
FDC630
FE0AB0
FE4F00
FE9310
FED6E0
FF1A80
FF5DE0
FFA100
FFE3F0
0026A0
006910
00AB40
00ED40
012F00
017090
01B160
01F190
023110
026FF0
02AE10
02EB90
032860
036480
03A000
03DAC0
0414E0
044E50
048710
04BF30
04F6A0
052D50
056310
0597B0
05CB50
05FDF0
062F70
065FF0
068F70
06BDD0
06EB30
071790
0742D0
076D20
079650
07BE80
07E5A0
080BB0
083080
085400
087640
089740
08B6E0
08D550
08F260
090E30
0928C0
094200
095A00
0970B0
098610
099A30
09AD10
09BE90
09CEC0
09DD90
09EAF0
09F6F0
0A0190
0A0AD0
0A12B0
0A1930
0A1E40
0A2200
0A2450
0A2540
0A24D0
0A22F0
0A1FC0
0A1B20
0A1530
0A0DF0
0A0560
09FB70
09F040
09E3B0
09D5C0
09C690
09B600
09A420
0990F0
097C70
096690
094F70
0936F0
091D10
090220
08E610
08C8E0
08AA80
088B10
086A70
0848C0
0825F0
0801F0
07DCE0
07B6A0
078F50
0766D0
073D40
071280
06E6B0
06BA00
068C90
065E50
062F50
05FF70
05CED0
059D50
056B20
053810
050430
04CF90
049A20
0463E0
042CD0
03F500
03BC50
038350
0349E0
031010
02D5D0
029B30
026030
0224D0
01E900
01ACD0
017030
013340
00F5E0
00B820
0079F0
003B60
FFFC70
FFBD80
FF7EB0
FF3FE0
FF0120
FEC270
FE83C0
FE4520
FE0690
FDC810
FD89A0
FD4B30
FD0CD0
FCCE80
FC9030
FC5200
FC13D0
FBD620
FB98E0
FB5C20
FB1FE0
FAE410
FAA8B0
FA6DD0
FA3370
F9F980
F9C010
F98720
F94EA0
F91690
F8DF00
F8A7F0
F87150
F83B80
F80690
F7D270
F79F10
F76C90
F73AE0
F70A00
F6D9F0
F6AAB0
F67C50
F64EB0
F621F0
F5F5F0
F5CAD0
F5A080
F57700
F54E90
F52730
F500E0
F4DBA0
F4B770
F49450
F47240
F45140
F43140
F41260
F3F490
F3D7D0
F3BC20
F3A180
F387F0
F36F60
F35810
F341E0
F32CE0
F31900
F30650
F2F4C0
F2E460
F2D530
F2C730
F2BA50
F2AE90
F2A410
F29AA0
F29270
F28B60
F28580
F280C0
F27D10
F27A90
F27930
F278F0
F279D0
F27BD0
F27EE0
F28320
F28880
F28F00
F296A0
F29F60
F2A940
F2B440
F2C060
F2CD70
F2DB70
F2EA60
F2FA40
F30B10
F31CC0
F32F70
F34310
F357A0
F36D10
F38380
F39AE0
F3B330
F3CC60
F3E690
F401A0
F41D60
F439C0
F456C0
F47460
F492B0
F4B1A0
F4D120
F4F160
F51230
F533A0
F555C0
F57880
F59BE0
F5BFE0
F5E480
F609D0
F62F60
F65520
F67B40
F6A190
F6C820
F6EF00
F71620
F73D80
F76520
F78D00
F7B530
F7DDA0
F80640
F82F40
F85870
F881E0
F8AB30
F8D460
F8FD70
F92650
F94F20
F977B0
F9A030
F9C880
F9F0C0
FA18C0
FA40B0
FA6870
FA9010
FAB790
FADEF0
FB0620
FB2CD0
FB5300
FB78A0
FB9DD0
FBC260
FBE680
FC0A10
FC2D20
FC4FB0
FC71C0
FC9340
FCB440
FCD4B0
FCF4B0
FD1420
FD3300
FD5120
FD6E60
FD8AD0
FDA670
FDC140
FDDB30
FDF460
FE0CB0
FE2430
FE3AD0
FE50B0
FE65B0
FE79E0
FE8D40
FE9FC0
FEB180
FEC230
FED1E0
FEE080
FEEE30
FEFAD0
FF0670
FF1110
FF1AA0
FF2340
FF2AD0
FF3150
FF36E0
FF3B60
FF3EE0
FF4160
FF42E0
FF4340
FF42A0
FF40E0
FF3E00
FF3A20
FF3530
FF2F20
FF2800
FF1FD0
FF1690
FF0C40
FF00D0
FEF450
FEE6C0
FED820
FEC870
FEB7C0
FEA610
FE9370
FE7FE0
FE6B40
FE55B0
FE3F30
FE27B0
FE0F30
FDF5C0
FDDB50
FDBFF0
FDA390
FD8630
FD67E0
FD4890
FD2880
FD07C0
FCE630
FCC3E0
FCA0E0
FC7D10
FC5890
FC3340
FC0D40
FBE680
FBBF00
FB96B0
FB6DB0
FB43F0
FB1970
FAEE30
FAC290
FA9680
FA6A00
FA3D30
FA0FE0
F9E240
F9B430
F985B0
F956D0
F92790
F8F7E0
F8C7D0
F89760
F86670
F83530
F80380
F7D1D0
F7A020
F76E80
F73CD0
F70B30
F6D980
F6A7E0
F67640
F644A0
F61300
F5E160
F5AFC0
F57E30
F54C90
F51B00
F4E960
F4B840
F48790
F45740
F42770
F3F800
F3C910
F39A80
F36C70
F33EC0
F31190
F2E4C0
F2B870
F28C80
F26100
F23600
F20B60
F1E1A0
F1B8B0
F19090
F16950
F142E0
F11D50
F0F880
F0D490
F0B180
F08F40
F06DD0
F04D30
F02D70
F00E80
EFF070
EFD320
EFB710
EF9C10
EF8240
EF6990
EF5210
EF3BA0
EF2670
EF1250
EEFF60
EEED90
EEDCF0
EECD70
EEBF10
EEB1D0
EEA5C0
EE9AE0
EE9140
EE8910
EE8220
EE7C90
EE7860
EE7580
EE7400
EE73D0
EE74F0
EE7770
EE7B50
EE8080
EE8700
EE8EE0
EE9820
EEA2A0
EEAE90
EEBBE0
EECA90
EEDAB0
EEEC20
EEFEF0
EF1330
EF28C0
EF3FB0
EF5810
EF71D0
EF8CE0
EFA960
EFC740
EFE680
F00720
F02900
F04C30
F070A0
F09650
F0BD40
F0E580
F10F00
F139D0
F165D0
F19320
F1C1B0
F1F190
F222B0
F25510
F288B0
F2BDA0
F2F390
F32A80
F36270
F39B60
F3D550
F41050
F44C40
F48940
F4C730
F50630
F54630
F58740
F5C940
F60C40
F65050
F69550
F6DB00
F72150
F76840
F7AFD0
F7F810
F840F0
F88A60
F8D480
F91F40
F96AB0
F9B6B0
FA0360
FA50A0
FA9E90
FAED20
FB3C60
FB8BC0
FBDB50
FC2B10
FC7B00
FCCB10
FD1B60
FD6BE0
FDBC80
FE0D50
FE5E60
FEAF90
FF00F0
FF5280
FFA440
FFF630
004840
009A10
00EBA0
013CD0
018DC0
01DE60
022EC0
027EC0
02CE80
031E00
036D20
03BC00
040A90
0458E0
04A6E0
04F490
0541F0
058EA0
05DA90
0625B0
067030
06B9E0
0702D0
074B10
079290
07D950
081F50
0864A0
08A920
08ECF0
093000
097250
09B3F0
09F460
0A33C0
0A7210
0AAF40
0AEB50
0B2640
0B6020
0B98E0
0BD080
0C0710
0C3C80
0C70D0
0CA410
0CD630
0D0730
0D3720
0D65B0
0D92F0
0DBED0
0DE960
0E1290
0E3A70
0E6100
0E8630
0EAA00
0ECC90
0EEDB0
0F0D80
0F2C00
0F4920
0F64F0
0F7F70
0F9870
0FB010
0FC630
0FDAF0
0FEE30
100010
101080
101F70
102D00
103920
1043D0
104D10
1054E0
105B40
106030
1063B0
1065D0
1066A0
106600
106410
1060C0
105C10
105600
104EA0
1045D0
103BB0
103030
102350
101510
100580
0FF480
0FE230
0FCEB0
0FBA10
0FA440
0F8D50
0F7540
0F5C00
0F4190
0F2610
0F0950
0EEB80
0ECC80
0EAC50
0E8B00
0E6890
0E44F0
0E2020
0DFA90
0DD430
0DAD00
0D84F0
0D5C20
0D3280
0D0810
0CDCD0
0CB0C0
0C83E0
0C5630
0C27B0
0BF860
0BC850
0B9760
0B65A0
0B3380
0B0100
0ACE20
0A9AD0
0A6720
0A3310
09FEA0
09C9C0
099480
095EE0
0928E0
08F270
08BBB0
088480
084CF0
0814F0
07DD10
07A540
076D70
0735C0
06FE10
06C680
068EF0
065780
062010
05E8C0
05B170
057A40
054310
050C00
04D4F0
049E00
046780
043180
03FC00
03C700
039280
035E80
032B00
02F800
02C570
029370
0261E0
0230D0
020050
01D040
01A0B0
017190
014360
011600
00E970
00BDD0
0092F0
006900
003FD0
001790
FFF020
FFC980
FFA3C0
FF7EE0
FF5AD0
FF37A0
FF1540
FEF3C0
FED350
FEB400
FE95D0
FE78B0
FE5CA0
FE41B0
FE27E0
FE0F20
FDF780
FDE0F0
FDCB70
FDB720
FDA3D0
FD91B0
FD8090
FD70A0
FD61D0
FD5440
FD47D0
FD3CA0
FD32A0
FD29D0
FD2240
FD1BD0
FD16A0
FD1290
FD0FC0
FD0E20
FD0DB0
FD0E70
FD1070
FD1390
FD17E0
FD1D60
FD23F0
FD2BC0
FD34B0
FD3EC0
FD4A00
FD5660
FD63E0
FD7290
FD8270
FD9370
FDA590
FDB8E0
FDCD60
FDE2F0
FDF990
FE1110
FE2990
FE4300
FE5D70
FE78D0
FE9520
FEB270
FED0B0
FEEFE0
FF1010
FF3130
FF5340
FF7650
FF9A50
FFBF40
FFE4E0
000B20
003210
0059A0
0081E0
00AAC0
00D440
00FE70
012940
0154B0
0180D0
01ADA0
01DB10
020920
0237D0
026740
0296E0
02C6C0
02F6F0
032760
035810
038900
03BA30
03EBB0
041D70
044F70
0481B0
04B430
04E700
051A10
054D50
0580F0
05B450
05E790
061AA0
064D90
068050
06B2F0
06E560
0717B0
0749C0
077BC0
07AD90
07DF30
0810A0
0841F0
087320
08A410
08D480
090460
0933B0
096260
099090
09BE30
09EB30
0A17B0
0A4390
0A6EF0
0A99B0
0AC3F0
0AED90
0B16B0
0B3F30
0B6720
0B8E30
0BB450
0BD990
0BFDE0
0C2150
0C43D0
0C6570
0C8620
0CA5E0
0CC4C0
0CE2C0
0CFFD0
0D1C00
0D3740
0D5190
0D6B00
0D8350
0D9A70
0DB070
0DC550
0DD900
0DEBA0
0DFD10
0E0D50
0E1C80
0E2A80
0E3760
0E4310
0E4DB0
0E5720
0E5F60
0E6690
0E6C70
0E7110
0E7480
0E76A0
0E7780
0E7720
0E7580
0E72A0
0E6E70
0E6910
0E6270
0E5A80
0E5160
0E46F0
0E3B50
0E2E60
0E2040
0E10E0
0E0050
0DEE90
0DDB90
0DC750
0DB1F0
0D9B40
0D8360
0D6A50
0D5000
0D3480
0D17D0
0CF9E0
0CDAB0
0CBA50
0C98E0
0C7670
0C52E0
0C2E50
0C08C0
0BE210
0BBA60
0B9190
0B67D0
0B3CF0
0B1100
0AE410
0AB610
0A8710
0A56F0
0A25D0
09F3E0
09C140
098DC0
095990
092490
08EED0
08B850
088110
084900
081030
07D690
079C40
076120
072530
06E890
06AB20
066D50
062F10
05F060
05B150
0571E0
053200
04F1B0
04B100
046FE0
042E60
03EC70
03AA20
036760
032440
02E0B0
029CB0
0258C0
0214C0
01D0C0
018CB0
0148B0
0104A0
00C090
007C80
003860
FFF450
FFB030
FF6C10
FF27F0
FEE3D0
FE9FA0
FE5B70
FE17A0
FDD440
FD9130
FD4E80
FD0C40
FCCA50
FC88D0
FC47B0
FC06E0
FBC680
FB8680
FB46E0
FB07A0
FAC8C0
FA8A40
FA4C20
FA0EC0
F9D200
F99610
F95AC0
F92030
F8E660
F8AD40
F874D0
F83D20
F80620
F7CFD0
F79A40
F76560
F73130
F6FDC0
F6CB10
F69940
F66880
F638A0
F609C0
F5DBE0
F5AEF0
F582F0
F557F0
F52DE0
F504D0
F4DCB0
F4B590
F48F60
F46A20
F445E0
F422A0
F40070
F3DF50
F3BF60
F3A070
F382B0
F36600
F34A70
F32FF0
F31690
F2FE50
F2E720
F2D110
F2BC10
F2A830
F29570
F283C0
F27330
F263D0
F25580
F24850
F23C40
F23150
F22780
F21ED0
F21740
F210D0
F20B70
F20740
F20430
F20240
F20160
F201B0
F20300
F20550
F208B0
F20D10
F21280
F218F0
F22060
F228E0
F23260
F23CE0
F24870
F25510
F262A0
F27140
F280F0
F291A0
F2A320
F2B580
F2C8A0
F2DCB0
F2F180
F30730
F31DB0
F33500
F34D20
F36620
F37FF0
F39A90
F3B610
F3D260
F3EF80
F40D80
F42C00
F44B20
F46AC0
F48B00
F4ABD0
F4CD20
F4EF10
F51190
F53490
F55830
F57C60
F5A120
F5C670
F5EC50
F612C0
F639B0
F66100
F68880
F6B040
F6D850
F70090
F72920
F751F0
F77B00
F7A450
F7CDE0
F7F7B0
F821D0
F84C20
F876C0
F8A1A0
F8CCC0
F8F7D0
F922E0
F94DE0
F978E0
F9A3C0
F9CEB0
F9F980
FA2450
FA4F10
FA79D0
FAA480
FACF20
FAF9C0
FB2450
FB4EE0
FB7950
FBA380
FBCD60
FBF6F0
FC2030
FC4920
FC71C0
FC9A10
FCC210
FCE9C0
FD1120
FD3830
FD5EF0
FD8560
FDAB90
FDD160
FDF6E0
FE1BE0
FE4060
FE6460
FE87E0
FEAAD0
FECD40
FEEF30
FF10A0
FF3190
FF5200
FF71E0
FF9150
FFB030
FFCE90
FFEC70
0009C0
002680
004290
005E00
0078D0
009300
00AC90
00C570
00DDC0
00F560
010C60
0122C0
013870
014D90
016200
0175D0
018900
019B80
01AD60
01BE90
01CF10
01DEE0
01EE10
01FC90
020A70
0217A0
022420
022FF0
023B20
0245A0
024F70
0258A0
026120
026900
027040
0276F0
027CF0
028260
028720
028B50
028EE0
0291D0
029420
0295D0
0296E0
029750
029730
029660
029500
029310
0290B0
028DD0
028A70
028690
028220
027D40
0277E0
027200
026BA0
0264C0
025D60
025580
024D30
024450
023AF0
023140
022740
021CF0
021240
020740
01FBF0
01F050
01E460
01D810
01CB70
01BE80
01B140
01A3A0
0195B0
018780
0178E0
016A30
015B60
014C60
013D40
012E00
011E90
010F10
00FF60
00EF90
00DFA0
00CF80
00BF40
00AEF0
009E70
008DC0
007D00
006C40
005B90
004AF0
003A60
0029E0
001960
0008F0
FFF8A0
FFE850
FFD800
FFC7D0
FFB7A0
FFA790
FF9780
FF8780
FF7780
FF67C0
FF5840
FF48E0
FF39C0
FF2AD0
FF1C20
FF0D90
FEFF40
FEF120
FEE340
FED580
FEC800
FEBAC0
FEADA0
FEA0C0
FE9410
FE87B0
FE7BA0
FE6FF0
FE6480
FE5970
FE4EA0
FE4430
FE3A10
FE3030
FE26B0
FE1D80
FE14A0
FE0C20
FE03E0
FDFBF0
FDF460
FDED20
FDE640
FDDFC0
FDD9A0
FDD3E0
FDCE80
FDC970
FDC4C0
FDC080
FDBC90
FDB900
FDB5D0
FDB2F0
FDB080
FDAE60
FDACB0
FDAB50
FDAA50
FDA9A0
FDA960
FDA970
FDA9E0
FDAAB0
FDABE0
FDAD60
FDAF50
FDB190
FDB430
FDB720
FDBA80
FDBE30
FDC240
FDC6A0
FDCB40
FDD040
FDD580
FDDB10
FDE0F0
FDE710
FDED90
FDF450
FDFB50
FE02B0
FE0A50
FE1250
FE1A90
FE2310
FE2BF0
FE34F0
FE3E30
FE47A0
FE5140
FE5B10
FE6520
FE6F50
FE79C0
FE8450
FE8F20
FE9A20
FEA550
FEB0B0
FEBC50
FEC810
FED410
FEE020
FEEC40
FEF870
FF04B0
FF1110
FF1D80
FF2A00
FF3690
FF4330
FF4FF0
FF5CB0
FF6990
FF7680
FF8390
FF90A0
FF9DD0
FFAAF0
FFB800
FFC500
FFD1F0
FFDEE0
FFEBB0
FFF880
000540
0011F0
001E90
002B30
0037B0
004430
0050A0
005D00
006950
007580
008180
008D50
009900
00A480
00AFE0
00BB10
00C620
00D100
00DBB0
00E640
00F0B0
00FAE0
0104F0
010EE0
0118A0
012220
012B60
013470
013D30
0145B0
014E00
015610
015DE0
016560
016CB0
0173C0
017AA0
018130
018780
018DA0
019370
019900
019E50
01A350
01A810
01AC80
01B0B0
01B490
01B820
01BB80
01BE80
01C150
01C3D0
01C600
01C7F0
01C990
01CAF0
01CC00
01CCD0
01CD60
01CDA0
01CDA0
01CD50
01CCC0
01CBE0
01CAC0
01C950
01C7A0
01C5B0
01C370
01C0F0
01BE20
01BB10
01B7C0
01B430
01B070
01AC70
01A840
01A3C0
019F10
019A30
019500
018FA0
018A00
018430
017E20
0177D0
017140
016A80
016390
015C80
015540
014DE0
014650
013EA0
0136D0
012ED0
0126A0
011E50
0115D0
010D30
010470
00FB80
00F260
00E930
00DFE0
00D680
00CD10
00C390
00BA00
00B060
00A6B0
009D00
009330
008950
007F60
007570
006B60
006140
005710
004CE0
0042B0
003880
002E60
002450
001A40
001040
000640
FFFC60
FFF270
FFE890
FFDEC0
FFD500
FFCB40
FFC180
FFB7E0
FFAE30
FFA4B0
FF9B50
FF9210
FF88E0
FF7FE0
FF76F0
FF6E30
FF6580
FF5D00
FF5490
FF4C50
FF4420
FF3C10
FF3420
FF2C50
FF24B0
FF1D30
FF15E0
FF0EC0
FF07D0
FF0120
FEFA90
FEF430
FEEE10
FEE810
FEE240
FEDCB0
FED740
FED210
FECD00
FEC830
FEC380
FEBF10
FEBAE0
FEB6E0
FEB320
FEAF90
FEAC30
FEA910
FEA630
FEA380
FEA100
FE9EC0
FE9CC0
FE9AF0
FE9960
FE9800
FE96D0
FE95E0
FE9530
FE94B0
FE9470
FE9460
FE9480
FE94F0
FE9580
FE9650
FE9760
FE98A0
FE9A20
FE9BD0
FE9DC0
FE9FE0
FEA240
FEA4D0
FEA780
FEAA70
FEAD80
FEB0D0
FEB440
FEB7E0
FEBBC0
FEBFC0
FEC3F0
FEC850
FECCE0
FED1A0
FED690
FEDBB0
FEE100
FEE670
FEEC00
FEF1A0
FEF770
FEFD60
FF0370
FF09A0
FF0FF0
FF1660
FF1CE0
FF2390
FF2A60
FF3150
FF3860
FF3F90
FF46E0
FF4E40
FF55A0
FF5D20
FF64A0
FF6C30
FF73D0
FF7B80
FF8330
FF8B00
FF92D0
FF9AB0
FFA2A0
FFAAA0
FFB2A0
FFBAB0
FFC2E0
FFCAF0
FFD310
FFDB20
FFE320
FFEB20
FFF320
FFFB10
0002F0
000AE0
0012B0
001A90
002260
002A20
0031E0
0039A0
004150
0048F0
005070
0057D0
005F20
006660
006D80
007480
007B70
008250
008910
008FB0
009640
009CB0
00A310
00A950
00AF70
00B580
00BB50
00C110
00C6A0
00CC00
00D150
00D660
00DB60
00E030
00E4D0
00E960
00EDB0
00F1F0
00F600
00F9E0
00FDB0
010140
0104B0
0107E0
010AF0
010DE0
011090
011320
011570
0117A0
0119B0
011B80
011D30
011EB0
012000
012120
012210
0122E0
012380
0123F0
012430
012440
012430
0123E0
012370
0122D0
012200
012110
011FE0
011E90
011D10
011B60
011980
011780
011550
011310
011090
010E00
010B40
010850
010540
010210
00FEB0
00FB30
00F790
00F3C0
00EFD0
00EBB0
00E780
00E320
00DEB0
00DA20
00D570
00D0B0
00CBD0
00C6E0
00C1D0
00BCA0
00B760
00B200
00AC80
00A6F0
00A140
009B70
009590
008FA0
0089A0
0083A0
007D90
007770
007150
006B20
0064E0
005EA0
005840
0051E0
004B80
004510
003E90
003800
003170
002AE0
002450
001DD0
001750
0010D0
000A60
0003F0
FFFD80
FFF720
FFF0C0
FFEA60
FFE400
FFDDB0
FFD770
FFD120
FFCAE0
FFC4B0
FFBE90
FFB890
FFB2A0
FFACC0
FFA6F0
FFA140
FF9B90
FF9600
FF9080
FF8B20
FF85C0
FF8080
FF7B50
FF7640
FF7130
FF6C50
FF6780
FF62E0
FF5E50
FF59E0
FF5590
FF5160
FF4D60
FF4970
FF4590
FF41E0
FF3E50
FF3AE0
FF3790
FF3450
FF3140
FF2E50
FF2B80
FF28D0
FF2650
FF23F0
FF21B0
FF1F90
FF1DA0
FF1BD0
FF1A30
FF18A0
FF1740
FF1600
FF14F0
FF13F0
FF1320
FF1280
FF11F0
FF1190
FF1160
FF1140
FF1150
FF1180
FF11E0
FF1260
FF1300
FF13C0
FF14B0
FF15C0
FF1700
FF1850
FF19E0
FF1B80
FF1D40
FF1F10
FF2110
FF2330
FF2570
FF27D0
FF2A40
FF2CE0
FF2FA0
FF3270
FF3570
FF3880
FF3BC0
FF3F10
FF4290
FF4610
FF49C0
FF4D70
FF5140
FF5520
FF5910
FF5D20
FF6150
FF6580
FF69D0
FF6E40
FF72B0
FF7740
FF7BF0
FF80A0
FF8580
FF8A50
FF8F40
FF9420
FF9920
FF9E20
FFA320
FFA830
FFAD50
FFB270
FFB7A0
FFBCE0
FFC220
FFC760
FFCCB0
FFD210
FFD770
FFDCD0
FFE230
FFE780
FFECE0
FFF230
FFF770
FFFCC0
000200
000740
000C70
0011B0
0016E0
001C10
002140
002660
002B80
003090
003590
003A80
003F60
004440
004900
004DB0
005250
0056E0
005B60
005FD0
006430
006880
006CC0
0070F0
007510
007910
007D00
0080D0
008490
008830
008BC0
008F30
009280
0095C0
0098E0
009BE0
009ED0
00A1B0
00A460
00A710
00A990
00AC00
00AE50
00B080
00B290
00B480
00B660
00B810
00B9B0
00BB30
00BC90
00BDD0
00BEF0
00C000
00C0E0
00C1B0
00C250
00C2E0
00C350
00C3A0
00C3D0
00C3F0
00C3E0
00C3B0
00C370
00C310
00C280
00C1E0
00C120
00C040
00BF50
00BE30
00BCF0
00BBA0
00BA30
00B8B0
00B710
00B550
00B380
00B190
00AF80
00AD60
00AB20
00A8D0
00A660
00A3E0
00A130
009E80
009BA0
0098C0
0095C0
0092B0
008FA0
008C70
008930
0085D0
008270
007EF0
007B70
0077D0
007420
007060
006C90
0068B0
0064C0
0060C0
005CC0
0058B0
0054A0
005080
004C60
004830
004400
003FC0
003B80
003740
0032F0
002E90
002A30
0025D0
002160
001CF0
001880
001420
000FC0
000B60
000700
0002B0
FFFE50
FFFA00
FFF5B0
FFF170
FFED20
FFE8E0
FFE4A0
FFE060
FFDC30
FFD800
FFD3E0
FFCFD0
FFCBD0
FFC7D0
FFC3E0
FFC010
FFBC40
FFB870
FFB4C0
FFB110
FFAD80
FFA9F0
FFA670
FFA2F0
FF9F90
FF9C40
FF9900
FF95D0
FF92C0
FF8FC0
FF8CD0
FF8A00
FF8740
FF8490
FF8200
FF7F80
FF7D10
FF7AC0
FF7880
FF7650
FF7430
FF7230
FF7050
FF6E80
FF6CD0
FF6B30
FF69A0
FF6840
FF66F0
FF65B0
FF6490
FF6380
FF6290
FF61B0
FF60F0
FF6050
FF5FC0
FF5F50
FF5EF0
FF5EB0
FF5E80
FF5E70
FF5E70
FF5E90
FF5ED0
FF5F20
FF5F90
FF6010
FF60B0
FF6170
FF6240
FF6320
FF6430
FF6540
FF6670
FF67B0
FF6910
FF6A70
FF6C00
FF6D90
FF6F40
FF7100
FF72D0
FF74C0
FF76C0
FF78E0
FF7B00
FF7D40
FF7FA0
FF8200
FF8470
FF86F0
FF8980
FF8C30
FF8ED0
FF9190
FF9460
FF9740
FF9A30
FF9D20
FFA030
FFA340
FFA670
FFA9A0
FFACE0
FFB030
FFB380
FFB6D0
FFBA30
FFBD90
FFC100
FFC470
FFC7E0
FFCB60
FFCEE0
FFD270
FFD600
FFD990
FFDD30
FFE0D0
FFE480
FFE820
FFEBC0
FFEF60
FFF300
FFF6A0
FFFA30
FFFDD0
000160
0004F0
000880
000C00
000F90
001310
001690
001A10
001D90
002100
002460
0027C0
002B10
002E50
003190
0034C0
0037F0
003B00
003E10
004120
004410
004700
0049E0
004CC0
004F90
005250
005500
005790
005A20
005C90
005F00
006150
0063A0
0065D0
0067F0
006A00
006C00
006DF0
006FC0
007190
007350
0074F0
007680
007800
007970
007AC0
007C00
007D30
007E40
007F40
008030
008110
0081D0
008280
008320
0083B0
008420
008480
0084D0
008500
008530
008530
008530
008510
0084E0
0084A0
008440
0083E0
008350
0082C0
008210
008150
008080
007F90
007EA0
007D90
007C80
007B50
007A10
0078C0
007760
0075E0
007460
0072D0
007120
006F70
006DA0
006BC0
0069D0
0067D0
0065D0
0063C0
0061A0
005F70
005D40
005AF0
0058A0
005650
0053E0
005170
004EF0
004C60
0049D0
004730
004480
0041C0
003F10
003C50
003980
0036C0
0033F0
003110
002E40
002B60
002870
002590
0022A0
001FB0
001CB0
0019B0
0016B0
0013B0
0010B0
000DB0
000AB0
0007C0
0004C0
0001D0
FFFEE0
FFFBF0
FFF910
FFF620
FFF330
FFF050
FFED70
FFEA90
FFE7B0
FFE4E0
FFE210
FFDF50
FFDC90
FFD9E0
FFD740
FFD4A0
FFD200
FFCF70
FFCCF0
FFCA70
FFC800
FFC5A0
FFC330
FFC0E0
FFBE90
FFBC50
FFBA20
FFB800
FFB5E0
FFB3E0
FFB1E0
FFB000
FFAE20
FFAC50
FFAA90
FFA8E0
FFA740
FFA5A0
FFA420
FFA2A0
FFA140
FF9FE0
FF9EA0
FF9D60
FF9C40
FF9B20
FF9A20
FF9930
FF9840
FF9770
FF96B0
FF9600
FF9560
FF94C0
FF9440
FF93D0
FF9380
FF9330
FF92F0
FF92C0
FF92A0
FF92A0
FF92A0
FF92C0
FF92E0
FF9320
FF9370
FF93C0
FF9430
FF94B0
FF9540
FF95E0
FF9690
FF9750
FF9820
FF9900
FF99E0
FF9AE0
FF9BE0
FF9D00
FF9E20
FF9F50
FFA090
FFA1E0
FFA340
FFA4A0
FFA620
FFA7A0
FFA940
FFAAE0
FFAC80
FFAE40
FFAFF0
FFB1C0
FFB390
FFB570
FFB750
FFB940
FFBB40
FFBD40
FFBF50
FFC160
FFC380
FFC5B0
FFC7E0
FFCA20
FFCC60
FFCEA0
FFD0E0
FFD330
FFD580
FFD7D0
FFDA20
FFDC80
FFDEE0
FFE140
FFE3A0
FFE610
FFE880
FFEAF0
FFED70
FFEFE0
FFF250
FFF4C0
FFF730
FFF9A0
FFFC10
FFFE80
0000E0
000350
0005B0
000810
000A70
000CD0
000F30
001180
0013E0
001630
001870
001AB0
001CF0
001F20
002150
002370
002590
0027A0
0029B0
002BC0
002DB0
002FB0
0031A0
003380
003570
003740
003900
003AC0
003C70
003E20
003FC0
004150
0042D0
004440
0045B0
004710
004860
0049B0
004AF0
004C20
004D40
004E60
004F60
005060
005150
005230
005310
0053D0
005490
005530
0055D0
005660
0056E0
005760
0057C0
005820
005860
0058A0
0058D0
0058F0
005910
005910
005910
0058F0
0058D0
0058A0
005860
005820
0057C0
005760
0056E0
005660
0055D0
005530
005490
0053D0
005310
005250
005170
005090
004FA0
004EB0
004DB0
004CA0
004B80
004A50
004920
0047E0
0046A0
004550
0043F0
004290
004120
003FB0
003E30
003CB0
003B20
003990
003800
003650
0034B0
0032F0
003140
002F70
002DB0
002BE0
002A00
002830
002660
002480
0022A0
0020B0
001ED0
001CE0
001B00
001900
001710
001520
001320
001120
000F20
000D20
000B20
000920
000720
000530
000330
000140
FFFF50
FFFD50
FFFB60
FFF970
FFF780
FFF5A0
FFF3B0
FFF1C0
FFEFE0
FFEE00
FFEC20
FFEA40
FFE870
FFE6B0
FFE4F0
FFE330
FFE170
FFDFC0
FFDE10
FFDC70
FFDAD0
FFD930
FFD7A0
FFD610
FFD490
FFD310
FFD1A0
FFD030
FFCED0
FFCD70
FFCC20
FFCAE0
FFC9A0
FFC870
FFC750
FFC630
FFC520
FFC410
FFC310
FFC210
FFC130
FFC040
FFBF70
FFBEA0
FFBDE0
FFBD30
FFBC80
FFBBE0
FFBB40
FFBAC0
FFBA40
FFB9D0
FFB960
FFB900
FFB8B0
FFB860
FFB830
FFB7F0
FFB7D0
FFB7B0
FFB7A0
FFB7A0
FFB7A0
FFB7C0
FFB7D0
FFB800
FFB830
FFB870
FFB8C0
FFB910
FFB970
FFB9E0
FFBA50
FFBAD0
FFBB60
FFBBF0
FFBC90
FFBD30
FFBDE0
FFBEA0
FFBF60
FFC030
FFC100
FFC1E0
FFC2C0
FFC3C0
FFC4B0
FFC5C0
FFC6C0
FFC7E0
FFC8F0
FFCA10
FFCB40
FFCC70
FFCDA0
FFCEE0
FFD020
FFD160
FFD2B0
FFD400
FFD560
FFD6C0
FFD830
FFD990
FFDB10
FFDC80
FFDE00
FFDF70
FFE0F0
FFE270
FFE400
FFE580
FFE710
FFE8A0
FFEA30
FFEBC0
FFED50
FFEEF0
FFF080
FFF220
FFF3C0
FFF560
FFF700
FFF890
FFFA30
FFFBD0
FFFD60
FFFEF0
000090
000220
0003B0
000540
0006D0
000860
0009F0
000B70
000D00
000E80
001000
001180
0012F0
001460
0015D0
001730
001890
0019F0
001B40
001CA0
001DE0
001F30
002070
0021B0
0022F0
002420
002550
002670
002780
0028A0
0029A0
002AB0
002BA0
002CA0
002D80
002E70
002F50
003020
0030F0
0031B0
003270
003320
0033D0
003470
003510
0035A0
003620
0036A0
003720
003790
0037F0
003850
0038A0
0038E0
003930
003960
003990
0039B0
0039D0
0039E0
0039F0
0039F0
0039F0
0039E0
0039C0
0039A0
003980
003940
003910
0038C0
003870
003820
0037C0
003760
0036F0
003670
0035F0
003570
0034E0
003450
0033B0
003310
003260
0031B0
0030F0
003030
002F70
002EA0
002DC0
002CE0
002C00
002B20
002A30
002940
002850
002750
002650
002540
002440
002330
002210
002100
001FE0
001EB0
001D90
001C60
001B30
001A00
0018D0
0017A0
001660
001530
0013F0
0012B0
001170
001030
000EF0
000DA0
000C60
000B10
0009D0
000880
000730
0005F0
0004A0
000360
000220
0000D0
FFFF90
FFFE50
FFFD10
FFFBD0
FFFA90
FFF950
FFF820
FFF6E0
FFF5A0
FFF470
FFF340
FFF210
FFF0E0
FFEFC0
FFEEA0
FFED80
FFEC60
FFEB50
FFEA40
FFE930
FFE820
FFE720
FFE620
FFE520
FFE420
FFE330
FFE240
FFE160
FFE080
FFDFA0
FFDED0
FFDE00
FFDD30
FFDC70
FFDBB0
FFDB00
FFDA50
FFD9A0
FFD900
FFD860
FFD7D0
FFD740
FFD6B0
FFD630
FFD5C0
FFD540
FFD4E0
FFD470
FFD410
FFD3C0
FFD370
FFD330
FFD2F0
FFD2B0
FFD280
FFD250
FFD230
FFD210
FFD200
FFD1F0
FFD1E0
FFD1E0
FFD1F0
FFD200
FFD210
FFD230
FFD250
FFD280
FFD2B0
FFD2E0
FFD320
FFD370
FFD3B0
FFD410
FFD460
FFD4C0
FFD530
FFD590
FFD600
FFD680
FFD700
FFD780
FFD810
FFD8A0
FFD930
FFD9D0
FFDA70
FFDB10
FFDBC0
FFDC70
FFDD20
FFDDE0
FFDEA0
FFDF60
FFE020
FFE0F0
FFE1B0
FFE280
FFE360
FFE430
FFE510
FFE5F0
FFE6E0
FFE7C0
FFE8B0
FFE9A0
FFEA90
FFEB80
FFEC70
FFED60
FFEE60
FFEF50
FFF050
FFF140
FFF240
FFF340
FFF440
FFF540
FFF640
FFF740
FFF850
FFF950
FFFA50
FFFB50
FFFC50
FFFD50
FFFE50
FFFF50
000050
000140
000240
000340
000430
000530
000620
000710
000810
000900
0009F0
000AD0
000BC0
000CA0
000D80
000E60
000F30
001010
0010E0
0011B0
001280
001350
001410
0014D0
0015A0
001650
001710
0017C0
001870
001910
0019C0
001A60
001AF0
001B90
001C20
001CA0
001D30
001DB0
001E30
001EA0
001F20
001F90
001FF0
002050
0020B0
002110
002160
0021B0
0021F0
002230
002270
0022A0
0022E0
002300
002330
002350
002360
002380
002390
002390
0023A0
0023A0
002390
002380
002370
002360
002340
002320
0022F0
0022D0
002290
002260
002220
0021E0
002190
002150
002100
0020A0
002050
001FF0
001F90
001F30
001EC0
001E50
001DE0
001D60
001CE0
001C60
001BE0
001B50
001AD0
001A40
0019A0
001910
001880
0017E0
001740
0016A0
001600
001550
0014B0
001400
001350
0012A0
0011E0
001130
001070
000FC0
000F00
000E40
000D90
000CD0
000C10
000B50
000A80
0009C0
000900
000840
000770
0006B0
0005E0
000520
000450
000390
0002C0
000200
000140
000080
FFFFC0
FFFEF0
FFFE30
FFFD70
FFFCB0
FFFC00
FFFB40
FFFA80
FFF9C0
FFF910
FFF850
FFF7A0
FFF6F0
FFF640
FFF590
FFF4E0
FFF440
FFF390
FFF2F0
FFF250
FFF1B0
FFF110
FFF080
FFEFE0
FFEF50
FFEEC0
FFEE30
FFEDA0
FFED20
FFECA0
FFEC20
FFEBA0
FFEB30
FFEAC0
FFEA50
FFE9E0
FFE970
FFE910
FFE8B0
FFE850
FFE800
FFE7A0
FFE750
FFE710
FFE6C0
FFE680
FFE640
FFE600
FFE5D0
FFE5A0
FFE570
FFE540
FFE520
FFE500
FFE4E0
FFE4D0
FFE4B0
FFE4A0
FFE4A0
FFE490
FFE490
FFE490
FFE490
FFE4A0
FFE4B0
FFE4C0
FFE4D0
FFE4F0
FFE510
FFE530
FFE550
FFE580
FFE5B0
FFE5E0
FFE620
FFE650
FFE690
FFE6D0
FFE710
FFE760
FFE7A0
FFE7F0
FFE850
FFE8A0
FFE900
FFE950
FFE9B0
FFEA20
FFEA80
FFEAF0
FFEB60
FFEBD0
FFEC40
FFECB0
FFED20
FFEDA0
FFEE10
FFEE90
FFEF10
FFEF90
FFF010
FFF0A0
FFF120
FFF1B0
FFF230
FFF2C0
FFF350
FFF3E0
FFF470
FFF500
FFF590
FFF620
FFF6B0
FFF750
FFF7E0
FFF870
FFF910
FFF9A0
FFFA40
FFFAD0
FFFB70
FFFC00
FFFCA0
FFFD30
FFFDD0
FFFE60
FFFF00
FFFF90
000020
0000C0
000150
0001E0
000270
000300
000390
000430
0004C0
000540
0005D0
000660
0006E0
000770
0007F0
000870
0008F0
000970
0009F0
000A70
000AE0
000B60
000BD0
000C40
000CC0
000D30
000D90
000E00
000E60
000EC0
000F20
000F80
000FE0
001030
001090
0010E0
001120
001170
0011C0
001200
001240
001280
0012C0
0012F0
001330
001360
001390
0013B0
0013E0
001400
001420
001440
001460
001470
001480
0014A0
0014A0
0014B0
0014C0
0014C0
0014C0
0014C0
0014C0
0014B0
0014A0
0014A0
001480
001470
001460
001440
001420
001400
0013E0
0013B0
001390
001360
001330
001300
0012D0
001290
001260
001220
0011E0
0011A0
001160
001110
0010D0
001080
001030
000FE0
000F90
000F40
000EE0
000E90
000E30
000DE0
000D80
000D20
000CC0
000C60
000C00
000B90
000B30
000AC0
000A60
0009F0
000980
000920
0008B0
000840
0007D0
000760
0006F0
000680
000610
0005A0
000530
0004C0
000450
0003E0
000360
0002F0
000280
000210
0001A0
000130
0000C0
000050
FFFFE0
FFFF70
FFFF00
FFFE90
FFFE20
FFFDB0
FFFD50
FFFCE0
FFFC70
FFFC10
FFFBA0
FFFB40
FFFAD0
FFFA70
FFFA10
FFF9B0
FFF950
FFF8F0
FFF8A0
FFF840
FFF7F0
FFF790
FFF740
FFF6F0
FFF690
FFF640
FFF600
FFF5B0
FFF560
FFF520
FFF4D0
FFF490
FFF450
FFF410
FFF3D0
FFF3A0
FFF360
FFF330
FFF2F0
FFF2C0
FFF290
FFF260
FFF230
FFF210
FFF1E0
FFF1C0
FFF1A0
FFF180
FFF160
FFF140
FFF130
FFF110
FFF100
FFF0F0
FFF0E0
FFF0D0
FFF0D0
FFF0C0
FFF0C0
FFF0C0
FFF0C0
FFF0C0
FFF0C0
FFF0C0
FFF0D0
FFF0E0
FFF0F0
FFF100
FFF110
FFF120
FFF140
FFF150
FFF170
FFF190
FFF1B0
FFF1D0
FFF1F0
FFF210
FFF240
FFF270
FFF290
FFF2C0
FFF2F0
FFF320
FFF350
FFF390
FFF3C0
FFF400
FFF430
FFF470
FFF4B0
FFF4F0
FFF530
FFF570
FFF5B0
FFF5F0
FFF630
FFF680
FFF6C0
FFF710
FFF750
FFF7A0
FFF7E0
FFF830
FFF880
FFF8D0
FFF920
FFF970
FFF9B0
FFFA00
FFFA50
FFFAA0
FFFAF0
FFFB40
FFFBA0
FFFBF0
FFFC40
FFFC90
FFFCE0
FFFD30
FFFD90
FFFDE0
FFFE30
FFFE80
FFFED0
FFFF20
FFFF80
FFFFD0
000020
000070
0000C0
000110
000150
0001A0
0001F0
000240
000290
0002E0
000320
000370
0003B0
000400
000440
000490
0004D0
000510
000550
000590
0005D0
000610
000650
000690
0006C0
000700
000730
000770
0007A0
0007D0
000800
000830
000860
000890
0008C0
0008E0
000910
000930
000960
000980
0009A0
0009C0
0009E0
000A00
000A10
000A30
000A50
000A60
000A70
000A80
000A90
000AA0
000AB0
000AC0
000AC0
000AD0
000AD0
000AD0
000AE0
000AE0
000AE0
000AE0
000AD0
000AD0
000AD0
000AC0
000AB0
000AB0
000AA0
000A90
000A80
000A70
000A50
000A40
000A30
000A10
000A00
0009E0
0009C0
0009A0
000980
000960
000940
000920
000900
0008D0
0008B0
000880
000860
000830
000800
0007E0
0007B0
000780
000750
000720
0006F0
0006C0
000690
000650
000620
0005F0
0005C0
000580
000550
000510
0004E0
0004A0
000470
000430
000400
0003C0
000390
000350
000320
0002E0
0002A0
000270
000230
0001F0
0001C0
000180
000140
000110
0000D0
0000A0
000060
000030
FFFFF0
FFFFC0
FFFF80
FFFF50
FFFF20
FFFEE0
FFFEB0
FFFE80
FFFE40
FFFE10
FFFDE0
FFFDB0
FFFD80
FFFD50
FFFD20
FFFCF0
FFFCC0
FFFC90
FFFC70
FFFC40
FFFC10
FFFBF0
FFFBC0
FFFBA0
FFFB70
FFFB50
FFFB30
FFFB00
FFFAE0
FFFAC0
FFFAA0
FFFA80
FFFA60
FFFA50
FFFA30
FFFA10
FFFA00
FFF9E0
FFF9D0
FFF9B0
FFF9A0
FFF990
FFF970
FFF960
FFF950
FFF940
FFF930
FFF930
FFF920
FFF910
FFF910
FFF900
FFF900
FFF8F0
FFF8F0
FFF8F0
FFF8E0
FFF8E0
FFF8E0
FFF8E0
FFF8E0
FFF8E0
FFF8F0
FFF8F0
FFF8F0
FFF900
FFF900
FFF910
FFF910
FFF920
FFF930
FFF940
FFF940
FFF950
FFF960
FFF970
FFF980
FFF9A0
FFF9B0
FFF9C0
FFF9D0
FFF9F0
FFFA00
FFFA10
FFFA30
FFFA40
FFFA60
FFFA80
FFFA90
FFFAB0
FFFAD0
FFFAF0
FFFB00
FFFB20
FFFB40
FFFB60
FFFB80
FFFBA0
FFFBC0
FFFBE0
FFFC00
FFFC20
FFFC50
FFFC70
FFFC90
FFFCB0
FFFCE0
FFFD00
FFFD20
FFFD40
FFFD70
FFFD90
FFFDB0
FFFDE0
FFFE00
FFFE20
FFFE50
FFFE70
FFFE90
FFFEC0
FFFEE0
FFFF10
FFFF30
FFFF50
FFFF80
FFFFA0
FFFFC0
FFFFE0
000010
000030
000050
000080
0000A0
0000C0
0000E0
000100
000130
000150
000170
000190
0001B0
0001D0
0001F0
000210
000230
000250
000270
000280
0002A0
0002C0
0002E0
0002F0
000310
000320
000340
000350
000370
000380
0003A0
0003B0
0003C0
0003E0
0003F0
000400
000410
000420
000430
000440
000450
000460
000470
000470
000480
000490
0004A0
0004A0
0004B0
0004B0
0004C0
0004C0
0004C0
0004D0
0004D0
0004D0
0004D0
0004D0
0004D0
0004D0
0004D0
0004D0
0004D0
0004D0
0004D0
0004C0
0004C0
0004C0
0004B0
0004B0
0004A0
0004A0
000490
000490
000480
000470
000470
000460
000450
000440
000430
000420
000410
000400
0003F0
0003E0
0003D0
0003C0
0003B0
0003A0
000380
000370
000360
000350
000330
000320
000310
0002F0
0002E0
0002C0
0002B0
000290
000280
000260
000250
000230
000220
000200
0001E0
0001D0
0001B0
0001A0
000180
000170
000150
000140
000120
000100
0000F0
0000D0
0000C0
0000A0
000090
000070
000060
000040
000030
000010
FFFFF0
FFFFE0
FFFFD0
FFFFB0
FFFFA0
FFFF80
FFFF70
FFFF50
FFFF40
FFFF20
FFFF10
FFFF00
FFFEE0
FFFED0
FFFEC0
FFFEA0
FFFE90
FFFE80
FFFE70
FFFE60
FFFE50
FFFE40
FFFE30
FFFE10
FFFE00
FFFE00
FFFDF0
FFFDE0
FFFDD0
FFFDC0
FFFDB0
FFFDA0
FFFDA0
FFFD90
FFFD80
FFFD80
FFFD70
FFFD60
FFFD60
FFFD50
FFFD50
FFFD40
FFFD40
FFFD30
FFFD30
FFFD30
FFFD20
FFFD20
FFFD20
FFFD10
FFFD10
FFFD10
FFFD10
FFFD10
FFFD10
FFFD10
FFFD00
FFFD00
FFFD00
FFFD00
FFFD10
FFFD10
FFFD10
FFFD10
FFFD10
FFFD10
FFFD20
FFFD20
FFFD20
FFFD20
FFFD30
FFFD30
FFFD40
FFFD40
FFFD50
FFFD50
FFFD60
FFFD60
FFFD70
FFFD70
FFFD80
FFFD90
FFFD90
FFFDA0
FFFDA0
FFFDB0
FFFDC0
FFFDD0
FFFDD0
FFFDE0
FFFDF0
FFFE00
FFFE00
FFFE10
FFFE20
FFFE30
FFFE40
FFFE40
FFFE50
FFFE60
FFFE70
FFFE80
FFFE90
FFFEA0
FFFEA0
FFFEB0
FFFEC0
FFFED0
FFFEE0
FFFEF0
FFFF00
FFFF10
FFFF10
FFFF20
FFFF30
FFFF40
FFFF50
FFFF60
FFFF70
FFFF80
FFFF80
FFFF90
FFFFA0
FFFFB0
FFFFC0
FFFFD0
FFFFE0
FFFFE0
FFFFF0
000000
000010
000020
000020
000030
000040
000050
000050
000060
000070
000080
000080
000090
0000A0
0000A0
0000B0
0000C0
0000C0
0000D0
0000D0
0000E0
0000F0
0000F0
000100
000100
000110
000110
000120
000120
000130
000130
000130
000140
000140
000140
000150
000150
000150
000150
000160
000160
000160
000160
000160
000160
000160
000160
000170
000170
000170
000170
000170
000170
000170
000170
000160
000160
000160
000160
000160
000160
000160
000160
000160
000160
000150
000150
000150
000150
000150
000150
000140
000140
000140
000140
000140
000130
000130
000130
000120
000120
000120
000120
000110
000110
000110
000100
000100
0000F0
0000F0
0000F0
0000E0
0000E0
0000E0
0000D0
0000D0
0000C0
0000C0
0000C0
0000B0
0000B0
0000B0
0000A0
0000A0
000090
000090
000090
000080
000080
000070
000070
000070
000060
000060
000050
000050
000050
000040
000040
000030
000030
000020
000020
000020
000010
000010
000000
000000
000000
FFFFF0
FFFFF0
FFFFE0
FFFFE0
FFFFE0
FFFFD0
FFFFD0
FFFFC0
FFFFC0
FFFFC0
FFFFB0
FFFFB0
FFFFB0
FFFFA0
FFFFA0
FFFFA0
FFFF90
FFFF90
FFFF90
FFFF80
FFFF80
FFFF80
FFFF70
FFFF70
FFFF70
FFFF60
FFFF60
FFFF60
FFFF60
FFFF50
FFFF50
FFFF50
FFFF50
FFFF50
FFFF50
FFFF40
FFFF40
FFFF40
FFFF40
FFFF40
FFFF40
FFFF40
FFFF40
FFFF30
FFFF30
FFFF30
FFFF30
FFFF30
FFFF30
FFFF30
FFFF30
FFFF30
FFFF30
FFFF30
FFFF30
FFFF30
FFFF30
FFFF30
FFFF30
FFFF30
FFFF30
FFFF30
FFFF30
FFFF30
FFFF30
FFFF40
FFFF40
FFFF40
FFFF40
FFFF40
FFFF40
FFFF40
FFFF40
FFFF40
FFFF50
FFFF50
FFFF50
FFFF50
FFFF50
FFFF50
FFFF60
FFFF60
FFFF60
FFFF60
FFFF60
FFFF60
FFFF70
FFFF70
FFFF70
FFFF70
FFFF70
FFFF80
FFFF80
FFFF80
FFFF80
FFFF80
FFFF90
FFFF90
FFFF90
FFFF90
FFFFA0
FFFFA0
FFFFA0
FFFFA0
FFFFB0
FFFFB0
FFFFB0
FFFFB0
FFFFC0
FFFFC0
FFFFC0
FFFFC0
FFFFD0
FFFFD0
FFFFD0
FFFFD0
FFFFE0
FFFFE0
FFFFE0
FFFFE0
FFFFF0
FFFFF0
FFFFF0
FFFFF0
000000
000000
000000
000000
000000
000010
000010
000010
000010
000010
000020
000020
000020
000020
000020
000020
000030
000030
000030
000030
000030
000030
000030
000030
000030
000030
000040
000040
000040
000040
000040
000040
000040
000040
000040
000040
000040
000040
000040
000040
000040
000040
000040
000040
000040
000040
000040
000040
000040
000040
000040
000040
000040
000040
000040
000040
000040
000040
000040
000040
000040
000040
000040
000040
000040
000040
000040
000040
000040
000040
000040
000040
000040
000040
000030
000030
000030
000030
000030
000030
000030
000030
000030
000030
000030
000030
000030
000030
000030
000030
000020
000020
000020
000020
000020
000020
000020
000020
000020
000020
000020
000020
000020
000020
000020
000020
000010
000010
000010
000010
000010
000010
000010
000010
000010
000010
000010
000010
000010
000010
000010
000010
000000
000000
000000
000000
000000
000000
000000
000000
000000
000000
000000
000000
000000
000000
000000
000000
000000
000000
000000
000000
000000
000000
000000
000000
000000
000000
000000
000000
000000
000000
000000
000000
000010
000010
000010
000010
000010
000010
000010
000010
000010
000010
000010
000010
000010
000010
000010
000010
000020
000020
000020
000020
000020
000020
000020
000020
000020
000020
000020
000020
000020
000020
000020
000020
000020
000020
000020
000020
000020
000020
000020
000020
000020
000020
000020
000020
000020
000020
000020
000020
000020
000020
000020
000020
000020
000020
000020
000020
000020
000020
000020
000020
000020
000020
000020
000020
000010
000010
000010
000010
000010
000010
000010
000010
000010
000010
000010
000010
000010
000010
000010
000010
000000
000000
000000
000000
000000
000000
000000
000000
000000
000000
000000
000000
000000
000000
000000
000000
000000
000000
000000
000000
000000
000000
000000
000000
000000
000000
000000
000000
000000
000000
000000
000000
000000
000000
000000
000000
000000
000000
000000
000000
000000
000000
000000
000000
000000
000000
000000
000000
000000
000000
000000
000000
000000
000000
000000
000000
000000
000000
000000
000000
000000
000000
000000
000000
000000
000000
000000
000000
000000
000000
000000
000000
000000
000000
000000
000000
000000
000000
000000
000000
000000
000000
000000
000000
000000
000000
000000
000000
000000
000000
000000
000000
000000
000000
000000
000000
000000
000000
000000
000000
000000
000000
000000
000000
000000
000000
000000
000000
000000
000000
000000
000000
000000
000000
000000
000000
000000
000000
000000
000000
000000
000000
000000
000000
000000
000000
000000
000000
000000
000000
000000
000000
000000
000000
000000
000000
000000
000000
000000
000000
000000
000000
000000
000000
000000
000000
000000
000000
000000
000000
000000
000000
000000
000000
000000
000000
000000
000000
000000
000000
000000
000000
000000
000000
000000
000000
000000
000000
000000
000000
000000
000000
000000
000000
000000
000000
000000
000000
000000
000000
000000
000000
000000
000000
000000
000000
000000
000000
000000
000000
000000
000000
000000
000000
000000
000000
000000
000000
000000
000000
000000
000000
000000
000000
000000
000000
000000
000000
000000
000000
000000
000000
000000
000000
000000
000000
000000
000000
000000
000000
000000
000000
000000
000000
000000
000000
000000
000000
000000
000000
000000
000000
000000
000000
000000
000000
000000
000000
000000
000000
000000
000000
000000
000000
000000
000000
000000
000000
000000
000000
000000
000000
000000
000000
000000
000000
000000
000000
000000
000000
000000
000000
000000
000000
000000
000000
000000
000000
000000
000000
000000
000000
000000
000000
000000
000000
000000
000000
000000
000000
000000
000000
000000
000000
000000
000000
000000
000000
000000
000000
000000
000000
000000
000000
000000
000000
000000
000000
000000
000000
000000
000000
000000
000000
000000
000000
000000
000000
000000
000000
000000
000000
000000
000000
000000
000000
000000
000000
000000
000000
000000
000000
000000
000000
000000
000000
000000
000000
000000
000000
000000
000000
000000
000000
000000
000000
000000
000000
000000
000000
000000
000000
000000
000000
000000
000000
000000
000000
000000
000000
000000
000000
000000
000000
000000
000000
000000
000000
000000
000000
000000
000000
000000
000000
000000
000000
000000
000000
000000
000000
000000
000000
000000
000000
000000
000000
000000
000000
000000
000000
000000
000000
000000
000000
000000
000000
000000
000000
000000
000000
000000
000000
000000
000000
000000
000000
000000
000000
000000
000000
000000
000000
000000
000000
000000
000000
000000
000000
000000
000000
000000
000000
000000
000000
000000
000000
000000
000000
000000
000000
000000
000000
000000
000000
000000
000000
000000
000000
000000
000000
000000
000000
000000
