CELL	REF_NAME	PRIMITIVE_GROUP	LOC	BEL	FILE_NAME	LINE_NUMBER
GND	GND	OTHERS				
GND_1	GND	OTHERS				
VCC	VCC	OTHERS				
burst_remaining[0]_i_1	LUT2	LUT	SLICE_X41Y59	SLICEL.A6LUT	D:/FpgaProject/XilinxProject/XC7A35T/fir_interpolation/submit/finally/images/work/resource_compare_218_239/matched_ooc/lut239_snapshot/XC7A35T_interp_opt_2025.2/XC7A35T_interp.srcs/sources_1/new/all2x_v7/interp128_all2x_v7_folded_fir_cic_top_ce.v	38
burst_remaining[1]_i_1	LUT3	LUT	SLICE_X41Y59	SLICEL.A5LUT	D:/FpgaProject/XilinxProject/XC7A35T/fir_interpolation/submit/finally/images/work/resource_compare_218_239/matched_ooc/lut239_snapshot/XC7A35T_interp_opt_2025.2/XC7A35T_interp.srcs/sources_1/new/all2x_v7/interp128_all2x_v7_folded_fir_cic_top_ce.v	38
burst_remaining[2]_i_1	LUT4	LUT	SLICE_X41Y59	SLICEL.B6LUT	D:/FpgaProject/XilinxProject/XC7A35T/fir_interpolation/submit/finally/images/work/resource_compare_218_239/matched_ooc/lut239_snapshot/XC7A35T_interp_opt_2025.2/XC7A35T_interp.srcs/sources_1/new/all2x_v7/interp128_all2x_v7_folded_fir_cic_top_ce.v	38
burst_remaining[3]_i_2	LUT5	LUT	SLICE_X41Y59	SLICEL.B5LUT	D:/FpgaProject/XilinxProject/XC7A35T/fir_interpolation/submit/finally/images/work/resource_compare_218_239/matched_ooc/lut239_snapshot/XC7A35T_interp_opt_2025.2/XC7A35T_interp.srcs/sources_1/new/all2x_v7/interp128_all2x_v7_folded_fir_cic_top_ce.v	38
comb_active_i_1	LUT3	LUT	SLICE_X37Y59	SLICEL.A6LUT	D:/FpgaProject/XilinxProject/XC7A35T/fir_interpolation/submit/finally/images/work/resource_compare_218_239/matched_ooc/lut239_snapshot/XC7A35T_interp_opt_2025.2/XC7A35T_interp.srcs/sources_1/new/national_finals/cic_interp16_n3_hold2_dsp_ce.v	196
comb_operand_fabric_reg[11]_i_1	CARRY4	CARRY	SLICE_X39Y58	SLICEL.CARRY4	D:/FpgaProject/XilinxProject/XC7A35T/fir_interpolation/submit/finally/images/work/resource_compare_218_239/matched_ooc/lut239_snapshot/XC7A35T_interp_opt_2025.2/XC7A35T_interp.srcs/sources_1/new/national_finals/cic_interp16_n3_hold2_dsp_ce.v	90
comb_operand_fabric_reg[15]_i_1	CARRY4	CARRY	SLICE_X39Y59	SLICEL.CARRY4	D:/FpgaProject/XilinxProject/XC7A35T/fir_interpolation/submit/finally/images/work/resource_compare_218_239/matched_ooc/lut239_snapshot/XC7A35T_interp_opt_2025.2/XC7A35T_interp.srcs/sources_1/new/national_finals/cic_interp16_n3_hold2_dsp_ce.v	90
comb_operand_fabric_reg[19]_i_1	CARRY4	CARRY	SLICE_X39Y60	SLICEL.CARRY4	D:/FpgaProject/XilinxProject/XC7A35T/fir_interpolation/submit/finally/images/work/resource_compare_218_239/matched_ooc/lut239_snapshot/XC7A35T_interp_opt_2025.2/XC7A35T_interp.srcs/sources_1/new/national_finals/cic_interp16_n3_hold2_dsp_ce.v	90
comb_operand_fabric_reg[22]_i_2	CARRY4	CARRY	SLICE_X39Y61	SLICEL.CARRY4	D:/FpgaProject/XilinxProject/XC7A35T/fir_interpolation/submit/finally/images/work/resource_compare_218_239/matched_ooc/lut239_snapshot/XC7A35T_interp_opt_2025.2/XC7A35T_interp.srcs/sources_1/new/national_finals/cic_interp16_n3_hold2_dsp_ce.v	90
comb_operand_fabric_reg[3]_i_1	CARRY4	CARRY	SLICE_X39Y56	SLICEL.CARRY4	D:/FpgaProject/XilinxProject/XC7A35T/fir_interpolation/submit/finally/images/work/resource_compare_218_239/matched_ooc/lut239_snapshot/XC7A35T_interp_opt_2025.2/XC7A35T_interp.srcs/sources_1/new/national_finals/cic_interp16_n3_hold2_dsp_ce.v	90
comb_operand_fabric_reg[7]_i_1	CARRY4	CARRY	SLICE_X39Y57	SLICEL.CARRY4	D:/FpgaProject/XilinxProject/XC7A35T/fir_interpolation/submit/finally/images/work/resource_compare_218_239/matched_ooc/lut239_snapshot/XC7A35T_interp_opt_2025.2/XC7A35T_interp.srcs/sources_1/new/national_finals/cic_interp16_n3_hold2_dsp_ce.v	90
comb_stage_index_i_1	LUT3	LUT	SLICE_X37Y59	SLICEL.A5LUT	D:/FpgaProject/XilinxProject/XC7A35T/fir_interpolation/submit/finally/images/work/resource_compare_218_239/matched_ooc/lut239_snapshot/XC7A35T_interp_opt_2025.2/XC7A35T_interp.srcs/sources_1/new/national_finals/cic_interp16_n3_hold2_dsp_ce.v	196
gen_lutram_stage23.u_interp2_stage23_lutram_cic_dsp_ce/gen_unified_bram_history.u_nf_stage23_history_ramb18_sdp/gen_primitive.u_stage23_history_ramb18e1	RAMB18E1	BMEM	RAMB18_X0Y22	RAMB18E1.RAMB18E1	D:/FpgaProject/XilinxProject/XC7A35T/fir_interpolation/submit/finally/images/work/resource_compare_218_239/matched_ooc/lut239_snapshot/XC7A35T_interp_opt_2025.2/XC7A35T_interp.srcs/sources_1/new/national_finals/nf_stage23_history_ramb18_sdp.v	45
gen_lutram_stage23.u_interp2_stage23_lutram_cic_dsp_ce/job_active_reg	FDRE	FLOP_LATCH	SLICE_X32Y57	SLICEL.AFF	D:/FpgaProject/XilinxProject/XC7A35T/fir_interpolation/submit/finally/images/work/resource_compare_218_239/matched_ooc/lut239_snapshot/XC7A35T_interp_opt_2025.2/XC7A35T_interp.srcs/sources_1/new/all2x_v7/interp2_stage23_lutram_cic_dsp_ce.v	251
gen_lutram_stage23.u_interp2_stage23_lutram_cic_dsp_ce/job_history_full_reg	FDRE	FLOP_LATCH	SLICE_X32Y54	SLICEL.AFF	D:/FpgaProject/XilinxProject/XC7A35T/fir_interpolation/submit/finally/images/work/resource_compare_218_239/matched_ooc/lut239_snapshot/XC7A35T_interp_opt_2025.2/XC7A35T_interp.srcs/sources_1/new/all2x_v7/interp2_stage23_lutram_cic_dsp_ce.v	267
gen_lutram_stage23.u_interp2_stage23_lutram_cic_dsp_ce/job_history_head_reg[0]	FDRE	FLOP_LATCH	SLICE_X32Y54	SLICEL.A5FF	D:/FpgaProject/XilinxProject/XC7A35T/fir_interpolation/submit/finally/images/work/resource_compare_218_239/matched_ooc/lut239_snapshot/XC7A35T_interp_opt_2025.2/XC7A35T_interp.srcs/sources_1/new/all2x_v7/interp2_stage23_lutram_cic_dsp_ce.v	251
gen_lutram_stage23.u_interp2_stage23_lutram_cic_dsp_ce/job_history_head_reg[1]	FDRE	FLOP_LATCH	SLICE_X32Y55	SLICEL.AFF	D:/FpgaProject/XilinxProject/XC7A35T/fir_interpolation/submit/finally/images/work/resource_compare_218_239/matched_ooc/lut239_snapshot/XC7A35T_interp_opt_2025.2/XC7A35T_interp.srcs/sources_1/new/all2x_v7/interp2_stage23_lutram_cic_dsp_ce.v	251
gen_lutram_stage23.u_interp2_stage23_lutram_cic_dsp_ce/job_history_head_reg[2]	FDRE	FLOP_LATCH	SLICE_X32Y55	SLICEL.BFF	D:/FpgaProject/XilinxProject/XC7A35T/fir_interpolation/submit/finally/images/work/resource_compare_218_239/matched_ooc/lut239_snapshot/XC7A35T_interp_opt_2025.2/XC7A35T_interp.srcs/sources_1/new/all2x_v7/interp2_stage23_lutram_cic_dsp_ce.v	251
gen_lutram_stage23.u_interp2_stage23_lutram_cic_dsp_ce/job_history_head_reg[3]	FDRE	FLOP_LATCH	SLICE_X32Y55	SLICEL.CFF	D:/FpgaProject/XilinxProject/XC7A35T/fir_interpolation/submit/finally/images/work/resource_compare_218_239/matched_ooc/lut239_snapshot/XC7A35T_interp_opt_2025.2/XC7A35T_interp.srcs/sources_1/new/all2x_v7/interp2_stage23_lutram_cic_dsp_ce.v	251
gen_lutram_stage23.u_interp2_stage23_lutram_cic_dsp_ce/job_mac_index_reg[0]	FDRE	FLOP_LATCH	SLICE_X32Y56	SLICEL.AFF	D:/FpgaProject/XilinxProject/XC7A35T/fir_interpolation/submit/finally/images/work/resource_compare_218_239/matched_ooc/lut239_snapshot/XC7A35T_interp_opt_2025.2/XC7A35T_interp.srcs/sources_1/new/all2x_v7/interp2_stage23_lutram_cic_dsp_ce.v	253
gen_lutram_stage23.u_interp2_stage23_lutram_cic_dsp_ce/job_mac_index_reg[1]	FDRE	FLOP_LATCH	SLICE_X32Y56	SLICEL.A5FF	D:/FpgaProject/XilinxProject/XC7A35T/fir_interpolation/submit/finally/images/work/resource_compare_218_239/matched_ooc/lut239_snapshot/XC7A35T_interp_opt_2025.2/XC7A35T_interp.srcs/sources_1/new/all2x_v7/interp2_stage23_lutram_cic_dsp_ce.v	253
gen_lutram_stage23.u_interp2_stage23_lutram_cic_dsp_ce/job_mac_index_reg[2]	FDRE	FLOP_LATCH	SLICE_X31Y56	SLICEL.AFF	D:/FpgaProject/XilinxProject/XC7A35T/fir_interpolation/submit/finally/images/work/resource_compare_218_239/matched_ooc/lut239_snapshot/XC7A35T_interp_opt_2025.2/XC7A35T_interp.srcs/sources_1/new/all2x_v7/interp2_stage23_lutram_cic_dsp_ce.v	253
gen_lutram_stage23.u_interp2_stage23_lutram_cic_dsp_ce/job_mac_index_reg[3]	FDRE	FLOP_LATCH	SLICE_X31Y56	SLICEL.A5FF	D:/FpgaProject/XilinxProject/XC7A35T/fir_interpolation/submit/finally/images/work/resource_compare_218_239/matched_ooc/lut239_snapshot/XC7A35T_interp_opt_2025.2/XC7A35T_interp.srcs/sources_1/new/all2x_v7/interp2_stage23_lutram_cic_dsp_ce.v	253
gen_lutram_stage23.u_interp2_stage23_lutram_cic_dsp_ce/job_output_pending_reg	FDRE	FLOP_LATCH	SLICE_X31Y58	SLICEL.BFF	D:/FpgaProject/XilinxProject/XC7A35T/fir_interpolation/submit/finally/images/work/resource_compare_218_239/matched_ooc/lut239_snapshot/XC7A35T_interp_opt_2025.2/XC7A35T_interp.srcs/sources_1/new/all2x_v7/interp2_stage23_lutram_cic_dsp_ce.v	368
gen_lutram_stage23.u_interp2_stage23_lutram_cic_dsp_ce/job_phase_reg	FDRE	FLOP_LATCH	SLICE_X32Y54	SLICEL.BFF	D:/FpgaProject/XilinxProject/XC7A35T/fir_interpolation/submit/finally/images/work/resource_compare_218_239/matched_ooc/lut239_snapshot/XC7A35T_interp_opt_2025.2/XC7A35T_interp.srcs/sources_1/new/all2x_v7/interp2_stage23_lutram_cic_dsp_ce.v	255
gen_lutram_stage23.u_interp2_stage23_lutram_cic_dsp_ce/job_result_pending_reg	FDRE	FLOP_LATCH	SLICE_X31Y55	SLICEL.AFF	D:/FpgaProject/XilinxProject/XC7A35T/fir_interpolation/submit/finally/images/work/resource_compare_218_239/matched_ooc/lut239_snapshot/XC7A35T_interp_opt_2025.2/XC7A35T_interp.srcs/sources_1/new/all2x_v7/interp2_stage23_lutram_cic_dsp_ce.v	368
gen_lutram_stage23.u_interp2_stage23_lutram_cic_dsp_ce/job_saturation_pending_reg	FDRE	FLOP_LATCH	SLICE_X31Y58	SLICEL.B5FF	D:/FpgaProject/XilinxProject/XC7A35T/fir_interpolation/submit/finally/images/work/resource_compare_218_239/matched_ooc/lut239_snapshot/XC7A35T_interp_opt_2025.2/XC7A35T_interp.srcs/sources_1/new/all2x_v7/interp2_stage23_lutram_cic_dsp_ce.v	369
gen_lutram_stage23.u_interp2_stage23_lutram_cic_dsp_ce/job_stage3_reg	FDRE	FLOP_LATCH	SLICE_X33Y57	SLICEL.AFF	D:/FpgaProject/XilinxProject/XC7A35T/fir_interpolation/submit/finally/images/work/resource_compare_218_239/matched_ooc/lut239_snapshot/XC7A35T_interp_opt_2025.2/XC7A35T_interp.srcs/sources_1/new/all2x_v7/interp2_stage23_lutram_cic_dsp_ce.v	254
gen_lutram_stage23.u_interp2_stage23_lutram_cic_dsp_ce/stage2_head_reg[0]	FDRE	FLOP_LATCH	SLICE_X33Y53	SLICEL.AFF	D:/FpgaProject/XilinxProject/XC7A35T/fir_interpolation/submit/finally/images/work/resource_compare_218_239/matched_ooc/lut239_snapshot/XC7A35T_interp_opt_2025.2/XC7A35T_interp.srcs/sources_1/new/all2x_v7/interp2_stage23_lutram_cic_dsp_ce.v	245
gen_lutram_stage23.u_interp2_stage23_lutram_cic_dsp_ce/stage2_head_reg[1]	FDRE	FLOP_LATCH	SLICE_X33Y53	SLICEL.A5FF	D:/FpgaProject/XilinxProject/XC7A35T/fir_interpolation/submit/finally/images/work/resource_compare_218_239/matched_ooc/lut239_snapshot/XC7A35T_interp_opt_2025.2/XC7A35T_interp.srcs/sources_1/new/all2x_v7/interp2_stage23_lutram_cic_dsp_ce.v	245
gen_lutram_stage23.u_interp2_stage23_lutram_cic_dsp_ce/stage2_head_reg[2]	FDRE	FLOP_LATCH	SLICE_X31Y53	SLICEL.AFF	D:/FpgaProject/XilinxProject/XC7A35T/fir_interpolation/submit/finally/images/work/resource_compare_218_239/matched_ooc/lut239_snapshot/XC7A35T_interp_opt_2025.2/XC7A35T_interp.srcs/sources_1/new/all2x_v7/interp2_stage23_lutram_cic_dsp_ce.v	245
gen_lutram_stage23.u_interp2_stage23_lutram_cic_dsp_ce/stage2_head_reg[3]	FDRE	FLOP_LATCH	SLICE_X31Y53	SLICEL.BFF	D:/FpgaProject/XilinxProject/XC7A35T/fir_interpolation/submit/finally/images/work/resource_compare_218_239/matched_ooc/lut239_snapshot/XC7A35T_interp_opt_2025.2/XC7A35T_interp.srcs/sources_1/new/all2x_v7/interp2_stage23_lutram_cic_dsp_ce.v	245
gen_lutram_stage23.u_interp2_stage23_lutram_cic_dsp_ce/stage2_history_full_reg	FDRE	FLOP_LATCH	SLICE_X31Y52	SLICEL.AFF	D:/FpgaProject/XilinxProject/XC7A35T/fir_interpolation/submit/finally/images/work/resource_compare_218_239/matched_ooc/lut239_snapshot/XC7A35T_interp_opt_2025.2/XC7A35T_interp.srcs/sources_1/new/all2x_v7/interp2_stage23_lutram_cic_dsp_ce.v	753
gen_lutram_stage23.u_interp2_stage23_lutram_cic_dsp_ce/stage2_pending_reg	FDRE	FLOP_LATCH	SLICE_X33Y56	SLICEL.AFF	D:/FpgaProject/XilinxProject/XC7A35T/fir_interpolation/submit/finally/images/work/resource_compare_218_239/matched_ooc/lut239_snapshot/XC7A35T_interp_opt_2025.2/XC7A35T_interp.srcs/sources_1/new/all2x_v7/interp2_stage23_lutram_cic_dsp_ce.v	252
gen_lutram_stage23.u_interp2_stage23_lutram_cic_dsp_ce/stage2_phase_reg	FDSE	FLOP_LATCH	SLICE_X32Y53	SLICEL.AFF	D:/FpgaProject/XilinxProject/XC7A35T/fir_interpolation/submit/finally/images/work/resource_compare_218_239/matched_ooc/lut239_snapshot/XC7A35T_interp_opt_2025.2/XC7A35T_interp.srcs/sources_1/new/all2x_v7/interp2_stage23_lutram_cic_dsp_ce.v	273
gen_lutram_stage23.u_interp2_stage23_lutram_cic_dsp_ce/stage2_y_out_reg[0]	FDRE	FLOP_LATCH	SLICE_X31Y57	SLICEL.AFF	D:/FpgaProject/XilinxProject/XC7A35T/fir_interpolation/submit/finally/images/work/resource_compare_218_239/matched_ooc/lut239_snapshot/XC7A35T_interp_opt_2025.2/XC7A35T_interp.srcs/sources_1/new/all2x_v7/interp2_stage23_lutram_cic_dsp_ce.v	769
gen_lutram_stage23.u_interp2_stage23_lutram_cic_dsp_ce/stage2_y_out_reg[10]	FDRE	FLOP_LATCH	SLICE_X30Y56	SLICEM.AFF	D:/FpgaProject/XilinxProject/XC7A35T/fir_interpolation/submit/finally/images/work/resource_compare_218_239/matched_ooc/lut239_snapshot/XC7A35T_interp_opt_2025.2/XC7A35T_interp.srcs/sources_1/new/all2x_v7/interp2_stage23_lutram_cic_dsp_ce.v	769
gen_lutram_stage23.u_interp2_stage23_lutram_cic_dsp_ce/stage2_y_out_reg[11]	FDRE	FLOP_LATCH	SLICE_X30Y56	SLICEM.BFF	D:/FpgaProject/XilinxProject/XC7A35T/fir_interpolation/submit/finally/images/work/resource_compare_218_239/matched_ooc/lut239_snapshot/XC7A35T_interp_opt_2025.2/XC7A35T_interp.srcs/sources_1/new/all2x_v7/interp2_stage23_lutram_cic_dsp_ce.v	769
gen_lutram_stage23.u_interp2_stage23_lutram_cic_dsp_ce/stage2_y_out_reg[12]	FDRE	FLOP_LATCH	SLICE_X31Y57	SLICEL.BFF	D:/FpgaProject/XilinxProject/XC7A35T/fir_interpolation/submit/finally/images/work/resource_compare_218_239/matched_ooc/lut239_snapshot/XC7A35T_interp_opt_2025.2/XC7A35T_interp.srcs/sources_1/new/all2x_v7/interp2_stage23_lutram_cic_dsp_ce.v	769
gen_lutram_stage23.u_interp2_stage23_lutram_cic_dsp_ce/stage2_y_out_reg[13]	FDRE	FLOP_LATCH	SLICE_X31Y57	SLICEL.CFF	D:/FpgaProject/XilinxProject/XC7A35T/fir_interpolation/submit/finally/images/work/resource_compare_218_239/matched_ooc/lut239_snapshot/XC7A35T_interp_opt_2025.2/XC7A35T_interp.srcs/sources_1/new/all2x_v7/interp2_stage23_lutram_cic_dsp_ce.v	769
gen_lutram_stage23.u_interp2_stage23_lutram_cic_dsp_ce/stage2_y_out_reg[14]	FDRE	FLOP_LATCH	SLICE_X28Y57	SLICEL.AFF	D:/FpgaProject/XilinxProject/XC7A35T/fir_interpolation/submit/finally/images/work/resource_compare_218_239/matched_ooc/lut239_snapshot/XC7A35T_interp_opt_2025.2/XC7A35T_interp.srcs/sources_1/new/all2x_v7/interp2_stage23_lutram_cic_dsp_ce.v	769
gen_lutram_stage23.u_interp2_stage23_lutram_cic_dsp_ce/stage2_y_out_reg[15]	FDRE	FLOP_LATCH	SLICE_X28Y57	SLICEL.BFF	D:/FpgaProject/XilinxProject/XC7A35T/fir_interpolation/submit/finally/images/work/resource_compare_218_239/matched_ooc/lut239_snapshot/XC7A35T_interp_opt_2025.2/XC7A35T_interp.srcs/sources_1/new/all2x_v7/interp2_stage23_lutram_cic_dsp_ce.v	769
gen_lutram_stage23.u_interp2_stage23_lutram_cic_dsp_ce/stage2_y_out_reg[16]	FDRE	FLOP_LATCH	SLICE_X29Y58	SLICEL.AFF	D:/FpgaProject/XilinxProject/XC7A35T/fir_interpolation/submit/finally/images/work/resource_compare_218_239/matched_ooc/lut239_snapshot/XC7A35T_interp_opt_2025.2/XC7A35T_interp.srcs/sources_1/new/all2x_v7/interp2_stage23_lutram_cic_dsp_ce.v	769
gen_lutram_stage23.u_interp2_stage23_lutram_cic_dsp_ce/stage2_y_out_reg[17]	FDRE	FLOP_LATCH	SLICE_X29Y58	SLICEL.BFF	D:/FpgaProject/XilinxProject/XC7A35T/fir_interpolation/submit/finally/images/work/resource_compare_218_239/matched_ooc/lut239_snapshot/XC7A35T_interp_opt_2025.2/XC7A35T_interp.srcs/sources_1/new/all2x_v7/interp2_stage23_lutram_cic_dsp_ce.v	769
gen_lutram_stage23.u_interp2_stage23_lutram_cic_dsp_ce/stage2_y_out_reg[18]	FDRE	FLOP_LATCH	SLICE_X29Y58	SLICEL.CFF	D:/FpgaProject/XilinxProject/XC7A35T/fir_interpolation/submit/finally/images/work/resource_compare_218_239/matched_ooc/lut239_snapshot/XC7A35T_interp_opt_2025.2/XC7A35T_interp.srcs/sources_1/new/all2x_v7/interp2_stage23_lutram_cic_dsp_ce.v	769
gen_lutram_stage23.u_interp2_stage23_lutram_cic_dsp_ce/stage2_y_out_reg[19]	FDRE	FLOP_LATCH	SLICE_X30Y58	SLICEM.AFF	D:/FpgaProject/XilinxProject/XC7A35T/fir_interpolation/submit/finally/images/work/resource_compare_218_239/matched_ooc/lut239_snapshot/XC7A35T_interp_opt_2025.2/XC7A35T_interp.srcs/sources_1/new/all2x_v7/interp2_stage23_lutram_cic_dsp_ce.v	769
gen_lutram_stage23.u_interp2_stage23_lutram_cic_dsp_ce/stage2_y_out_reg[1]	FDRE	FLOP_LATCH	SLICE_X28Y56	SLICEL.AFF	D:/FpgaProject/XilinxProject/XC7A35T/fir_interpolation/submit/finally/images/work/resource_compare_218_239/matched_ooc/lut239_snapshot/XC7A35T_interp_opt_2025.2/XC7A35T_interp.srcs/sources_1/new/all2x_v7/interp2_stage23_lutram_cic_dsp_ce.v	769
gen_lutram_stage23.u_interp2_stage23_lutram_cic_dsp_ce/stage2_y_out_reg[2]	FDRE	FLOP_LATCH	SLICE_X30Y56	SLICEM.CFF	D:/FpgaProject/XilinxProject/XC7A35T/fir_interpolation/submit/finally/images/work/resource_compare_218_239/matched_ooc/lut239_snapshot/XC7A35T_interp_opt_2025.2/XC7A35T_interp.srcs/sources_1/new/all2x_v7/interp2_stage23_lutram_cic_dsp_ce.v	769
gen_lutram_stage23.u_interp2_stage23_lutram_cic_dsp_ce/stage2_y_out_reg[3]	FDRE	FLOP_LATCH	SLICE_X28Y56	SLICEL.BFF	D:/FpgaProject/XilinxProject/XC7A35T/fir_interpolation/submit/finally/images/work/resource_compare_218_239/matched_ooc/lut239_snapshot/XC7A35T_interp_opt_2025.2/XC7A35T_interp.srcs/sources_1/new/all2x_v7/interp2_stage23_lutram_cic_dsp_ce.v	769
gen_lutram_stage23.u_interp2_stage23_lutram_cic_dsp_ce/stage2_y_out_reg[4]	FDRE	FLOP_LATCH	SLICE_X30Y58	SLICEM.BFF	D:/FpgaProject/XilinxProject/XC7A35T/fir_interpolation/submit/finally/images/work/resource_compare_218_239/matched_ooc/lut239_snapshot/XC7A35T_interp_opt_2025.2/XC7A35T_interp.srcs/sources_1/new/all2x_v7/interp2_stage23_lutram_cic_dsp_ce.v	769
gen_lutram_stage23.u_interp2_stage23_lutram_cic_dsp_ce/stage2_y_out_reg[5]	FDRE	FLOP_LATCH	SLICE_X30Y56	SLICEM.DFF	D:/FpgaProject/XilinxProject/XC7A35T/fir_interpolation/submit/finally/images/work/resource_compare_218_239/matched_ooc/lut239_snapshot/XC7A35T_interp_opt_2025.2/XC7A35T_interp.srcs/sources_1/new/all2x_v7/interp2_stage23_lutram_cic_dsp_ce.v	769
gen_lutram_stage23.u_interp2_stage23_lutram_cic_dsp_ce/stage2_y_out_reg[6]	FDRE	FLOP_LATCH	SLICE_X28Y56	SLICEL.CFF	D:/FpgaProject/XilinxProject/XC7A35T/fir_interpolation/submit/finally/images/work/resource_compare_218_239/matched_ooc/lut239_snapshot/XC7A35T_interp_opt_2025.2/XC7A35T_interp.srcs/sources_1/new/all2x_v7/interp2_stage23_lutram_cic_dsp_ce.v	769
gen_lutram_stage23.u_interp2_stage23_lutram_cic_dsp_ce/stage2_y_out_reg[7]	FDRE	FLOP_LATCH	SLICE_X28Y57	SLICEL.CFF	D:/FpgaProject/XilinxProject/XC7A35T/fir_interpolation/submit/finally/images/work/resource_compare_218_239/matched_ooc/lut239_snapshot/XC7A35T_interp_opt_2025.2/XC7A35T_interp.srcs/sources_1/new/all2x_v7/interp2_stage23_lutram_cic_dsp_ce.v	769
gen_lutram_stage23.u_interp2_stage23_lutram_cic_dsp_ce/stage2_y_out_reg[8]	FDRE	FLOP_LATCH	SLICE_X28Y56	SLICEL.DFF	D:/FpgaProject/XilinxProject/XC7A35T/fir_interpolation/submit/finally/images/work/resource_compare_218_239/matched_ooc/lut239_snapshot/XC7A35T_interp_opt_2025.2/XC7A35T_interp.srcs/sources_1/new/all2x_v7/interp2_stage23_lutram_cic_dsp_ce.v	769
gen_lutram_stage23.u_interp2_stage23_lutram_cic_dsp_ce/stage2_y_out_reg[9]	FDRE	FLOP_LATCH	SLICE_X28Y57	SLICEL.DFF	D:/FpgaProject/XilinxProject/XC7A35T/fir_interpolation/submit/finally/images/work/resource_compare_218_239/matched_ooc/lut239_snapshot/XC7A35T_interp_opt_2025.2/XC7A35T_interp.srcs/sources_1/new/all2x_v7/interp2_stage23_lutram_cic_dsp_ce.v	769
gen_lutram_stage23.u_interp2_stage23_lutram_cic_dsp_ce/stage2_y_out_valid_reg	FDRE	FLOP_LATCH	SLICE_X31Y58	SLICEL.A5FF	D:/FpgaProject/XilinxProject/XC7A35T/fir_interpolation/submit/finally/images/work/resource_compare_218_239/matched_ooc/lut239_snapshot/XC7A35T_interp_opt_2025.2/XC7A35T_interp.srcs/sources_1/new/all2x_v7/interp2_stage23_lutram_cic_dsp_ce.v	771
gen_lutram_stage23.u_interp2_stage23_lutram_cic_dsp_ce/stage3_head_reg[0]	FDRE	FLOP_LATCH	SLICE_X33Y54	SLICEL.AFF	D:/FpgaProject/XilinxProject/XC7A35T/fir_interpolation/submit/finally/images/work/resource_compare_218_239/matched_ooc/lut239_snapshot/XC7A35T_interp_opt_2025.2/XC7A35T_interp.srcs/sources_1/new/all2x_v7/interp2_stage23_lutram_cic_dsp_ce.v	246
gen_lutram_stage23.u_interp2_stage23_lutram_cic_dsp_ce/stage3_head_reg[1]	FDRE	FLOP_LATCH	SLICE_X33Y54	SLICEL.A5FF	D:/FpgaProject/XilinxProject/XC7A35T/fir_interpolation/submit/finally/images/work/resource_compare_218_239/matched_ooc/lut239_snapshot/XC7A35T_interp_opt_2025.2/XC7A35T_interp.srcs/sources_1/new/all2x_v7/interp2_stage23_lutram_cic_dsp_ce.v	246
gen_lutram_stage23.u_interp2_stage23_lutram_cic_dsp_ce/stage3_head_reg[2]	FDRE	FLOP_LATCH	SLICE_X33Y54	SLICEL.BFF	D:/FpgaProject/XilinxProject/XC7A35T/fir_interpolation/submit/finally/images/work/resource_compare_218_239/matched_ooc/lut239_snapshot/XC7A35T_interp_opt_2025.2/XC7A35T_interp.srcs/sources_1/new/all2x_v7/interp2_stage23_lutram_cic_dsp_ce.v	246
gen_lutram_stage23.u_interp2_stage23_lutram_cic_dsp_ce/stage3_head_reg[3]	FDRE	FLOP_LATCH	SLICE_X33Y54	SLICEL.B5FF	D:/FpgaProject/XilinxProject/XC7A35T/fir_interpolation/submit/finally/images/work/resource_compare_218_239/matched_ooc/lut239_snapshot/XC7A35T_interp_opt_2025.2/XC7A35T_interp.srcs/sources_1/new/all2x_v7/interp2_stage23_lutram_cic_dsp_ce.v	246
gen_lutram_stage23.u_interp2_stage23_lutram_cic_dsp_ce/stage3_history_full_reg	FDRE	FLOP_LATCH	SLICE_X30Y54	SLICEM.BFF	D:/FpgaProject/XilinxProject/XC7A35T/fir_interpolation/submit/finally/images/work/resource_compare_218_239/matched_ooc/lut239_snapshot/XC7A35T_interp_opt_2025.2/XC7A35T_interp.srcs/sources_1/new/all2x_v7/interp2_stage23_lutram_cic_dsp_ce.v	754
gen_lutram_stage23.u_interp2_stage23_lutram_cic_dsp_ce/stage3_pending_compensated_reg	FDRE	FLOP_LATCH	SLICE_X12Y55	SLICEM.AFF	D:/FpgaProject/XilinxProject/XC7A35T/fir_interpolation/submit/finally/images/work/resource_compare_218_239/matched_ooc/lut239_snapshot/XC7A35T_interp_opt_2025.2/XC7A35T_interp.srcs/sources_1/new/all2x_v7/interp2_stage23_lutram_cic_dsp_ce.v	276
gen_lutram_stage23.u_interp2_stage23_lutram_cic_dsp_ce/stage3_pending_reg	FDRE	FLOP_LATCH	SLICE_X33Y56	SLICEL.A5FF	D:/FpgaProject/XilinxProject/XC7A35T/fir_interpolation/submit/finally/images/work/resource_compare_218_239/matched_ooc/lut239_snapshot/XC7A35T_interp_opt_2025.2/XC7A35T_interp.srcs/sources_1/new/all2x_v7/interp2_stage23_lutram_cic_dsp_ce.v	271
gen_lutram_stage23.u_interp2_stage23_lutram_cic_dsp_ce/stage3_phase_reg	FDSE	FLOP_LATCH	SLICE_X33Y55	SLICEL.AFF	D:/FpgaProject/XilinxProject/XC7A35T/fir_interpolation/submit/finally/images/work/resource_compare_218_239/matched_ooc/lut239_snapshot/XC7A35T_interp_opt_2025.2/XC7A35T_interp.srcs/sources_1/new/all2x_v7/interp2_stage23_lutram_cic_dsp_ce.v	273
gen_lutram_stage23.u_interp2_stage23_lutram_cic_dsp_ce/stage3_y_out_reg[0]	FDRE	FLOP_LATCH	SLICE_X35Y57	SLICEL.AFF	D:/FpgaProject/XilinxProject/XC7A35T/fir_interpolation/submit/finally/images/work/resource_compare_218_239/matched_ooc/lut239_snapshot/XC7A35T_interp_opt_2025.2/XC7A35T_interp.srcs/sources_1/new/all2x_v7/interp2_stage23_lutram_cic_dsp_ce.v	770
gen_lutram_stage23.u_interp2_stage23_lutram_cic_dsp_ce/stage3_y_out_reg[10]	FDRE	FLOP_LATCH	SLICE_X35Y58	SLICEL.AFF	D:/FpgaProject/XilinxProject/XC7A35T/fir_interpolation/submit/finally/images/work/resource_compare_218_239/matched_ooc/lut239_snapshot/XC7A35T_interp_opt_2025.2/XC7A35T_interp.srcs/sources_1/new/all2x_v7/interp2_stage23_lutram_cic_dsp_ce.v	770
gen_lutram_stage23.u_interp2_stage23_lutram_cic_dsp_ce/stage3_y_out_reg[11]	FDRE	FLOP_LATCH	SLICE_X35Y57	SLICEL.BFF	D:/FpgaProject/XilinxProject/XC7A35T/fir_interpolation/submit/finally/images/work/resource_compare_218_239/matched_ooc/lut239_snapshot/XC7A35T_interp_opt_2025.2/XC7A35T_interp.srcs/sources_1/new/all2x_v7/interp2_stage23_lutram_cic_dsp_ce.v	770
gen_lutram_stage23.u_interp2_stage23_lutram_cic_dsp_ce/stage3_y_out_reg[12]	FDRE	FLOP_LATCH	SLICE_X35Y58	SLICEL.BFF	D:/FpgaProject/XilinxProject/XC7A35T/fir_interpolation/submit/finally/images/work/resource_compare_218_239/matched_ooc/lut239_snapshot/XC7A35T_interp_opt_2025.2/XC7A35T_interp.srcs/sources_1/new/all2x_v7/interp2_stage23_lutram_cic_dsp_ce.v	770
gen_lutram_stage23.u_interp2_stage23_lutram_cic_dsp_ce/stage3_y_out_reg[13]	FDRE	FLOP_LATCH	SLICE_X35Y58	SLICEL.CFF	D:/FpgaProject/XilinxProject/XC7A35T/fir_interpolation/submit/finally/images/work/resource_compare_218_239/matched_ooc/lut239_snapshot/XC7A35T_interp_opt_2025.2/XC7A35T_interp.srcs/sources_1/new/all2x_v7/interp2_stage23_lutram_cic_dsp_ce.v	770
gen_lutram_stage23.u_interp2_stage23_lutram_cic_dsp_ce/stage3_y_out_reg[14]	FDRE	FLOP_LATCH	SLICE_X35Y57	SLICEL.CFF	D:/FpgaProject/XilinxProject/XC7A35T/fir_interpolation/submit/finally/images/work/resource_compare_218_239/matched_ooc/lut239_snapshot/XC7A35T_interp_opt_2025.2/XC7A35T_interp.srcs/sources_1/new/all2x_v7/interp2_stage23_lutram_cic_dsp_ce.v	770
gen_lutram_stage23.u_interp2_stage23_lutram_cic_dsp_ce/stage3_y_out_reg[15]	FDRE	FLOP_LATCH	SLICE_X34Y58	SLICEM.AFF	D:/FpgaProject/XilinxProject/XC7A35T/fir_interpolation/submit/finally/images/work/resource_compare_218_239/matched_ooc/lut239_snapshot/XC7A35T_interp_opt_2025.2/XC7A35T_interp.srcs/sources_1/new/all2x_v7/interp2_stage23_lutram_cic_dsp_ce.v	770
gen_lutram_stage23.u_interp2_stage23_lutram_cic_dsp_ce/stage3_y_out_reg[16]	FDRE	FLOP_LATCH	SLICE_X32Y59	SLICEL.AFF	D:/FpgaProject/XilinxProject/XC7A35T/fir_interpolation/submit/finally/images/work/resource_compare_218_239/matched_ooc/lut239_snapshot/XC7A35T_interp_opt_2025.2/XC7A35T_interp.srcs/sources_1/new/all2x_v7/interp2_stage23_lutram_cic_dsp_ce.v	770
gen_lutram_stage23.u_interp2_stage23_lutram_cic_dsp_ce/stage3_y_out_reg[17]	FDRE	FLOP_LATCH	SLICE_X32Y59	SLICEL.BFF	D:/FpgaProject/XilinxProject/XC7A35T/fir_interpolation/submit/finally/images/work/resource_compare_218_239/matched_ooc/lut239_snapshot/XC7A35T_interp_opt_2025.2/XC7A35T_interp.srcs/sources_1/new/all2x_v7/interp2_stage23_lutram_cic_dsp_ce.v	770
gen_lutram_stage23.u_interp2_stage23_lutram_cic_dsp_ce/stage3_y_out_reg[18]	FDRE	FLOP_LATCH	SLICE_X32Y59	SLICEL.CFF	D:/FpgaProject/XilinxProject/XC7A35T/fir_interpolation/submit/finally/images/work/resource_compare_218_239/matched_ooc/lut239_snapshot/XC7A35T_interp_opt_2025.2/XC7A35T_interp.srcs/sources_1/new/all2x_v7/interp2_stage23_lutram_cic_dsp_ce.v	770
gen_lutram_stage23.u_interp2_stage23_lutram_cic_dsp_ce/stage3_y_out_reg[19]	FDRE	FLOP_LATCH	SLICE_X34Y58	SLICEM.BFF	D:/FpgaProject/XilinxProject/XC7A35T/fir_interpolation/submit/finally/images/work/resource_compare_218_239/matched_ooc/lut239_snapshot/XC7A35T_interp_opt_2025.2/XC7A35T_interp.srcs/sources_1/new/all2x_v7/interp2_stage23_lutram_cic_dsp_ce.v	770
gen_lutram_stage23.u_interp2_stage23_lutram_cic_dsp_ce/stage3_y_out_reg[1]	FDRE	FLOP_LATCH	SLICE_X35Y57	SLICEL.DFF	D:/FpgaProject/XilinxProject/XC7A35T/fir_interpolation/submit/finally/images/work/resource_compare_218_239/matched_ooc/lut239_snapshot/XC7A35T_interp_opt_2025.2/XC7A35T_interp.srcs/sources_1/new/all2x_v7/interp2_stage23_lutram_cic_dsp_ce.v	770
gen_lutram_stage23.u_interp2_stage23_lutram_cic_dsp_ce/stage3_y_out_reg[20]	FDRE	FLOP_LATCH	SLICE_X34Y58	SLICEM.CFF	D:/FpgaProject/XilinxProject/XC7A35T/fir_interpolation/submit/finally/images/work/resource_compare_218_239/matched_ooc/lut239_snapshot/XC7A35T_interp_opt_2025.2/XC7A35T_interp.srcs/sources_1/new/all2x_v7/interp2_stage23_lutram_cic_dsp_ce.v	770
gen_lutram_stage23.u_interp2_stage23_lutram_cic_dsp_ce/stage3_y_out_reg[2]	FDRE	FLOP_LATCH	SLICE_X34Y57	SLICEM.AFF	D:/FpgaProject/XilinxProject/XC7A35T/fir_interpolation/submit/finally/images/work/resource_compare_218_239/matched_ooc/lut239_snapshot/XC7A35T_interp_opt_2025.2/XC7A35T_interp.srcs/sources_1/new/all2x_v7/interp2_stage23_lutram_cic_dsp_ce.v	770
gen_lutram_stage23.u_interp2_stage23_lutram_cic_dsp_ce/stage3_y_out_reg[3]	FDRE	FLOP_LATCH	SLICE_X34Y57	SLICEM.BFF	D:/FpgaProject/XilinxProject/XC7A35T/fir_interpolation/submit/finally/images/work/resource_compare_218_239/matched_ooc/lut239_snapshot/XC7A35T_interp_opt_2025.2/XC7A35T_interp.srcs/sources_1/new/all2x_v7/interp2_stage23_lutram_cic_dsp_ce.v	770
gen_lutram_stage23.u_interp2_stage23_lutram_cic_dsp_ce/stage3_y_out_reg[4]	FDRE	FLOP_LATCH	SLICE_X34Y58	SLICEM.DFF	D:/FpgaProject/XilinxProject/XC7A35T/fir_interpolation/submit/finally/images/work/resource_compare_218_239/matched_ooc/lut239_snapshot/XC7A35T_interp_opt_2025.2/XC7A35T_interp.srcs/sources_1/new/all2x_v7/interp2_stage23_lutram_cic_dsp_ce.v	770
gen_lutram_stage23.u_interp2_stage23_lutram_cic_dsp_ce/stage3_y_out_reg[5]	FDRE	FLOP_LATCH	SLICE_X36Y57	SLICEL.AFF	D:/FpgaProject/XilinxProject/XC7A35T/fir_interpolation/submit/finally/images/work/resource_compare_218_239/matched_ooc/lut239_snapshot/XC7A35T_interp_opt_2025.2/XC7A35T_interp.srcs/sources_1/new/all2x_v7/interp2_stage23_lutram_cic_dsp_ce.v	770
gen_lutram_stage23.u_interp2_stage23_lutram_cic_dsp_ce/stage3_y_out_reg[6]	FDRE	FLOP_LATCH	SLICE_X36Y57	SLICEL.BFF	D:/FpgaProject/XilinxProject/XC7A35T/fir_interpolation/submit/finally/images/work/resource_compare_218_239/matched_ooc/lut239_snapshot/XC7A35T_interp_opt_2025.2/XC7A35T_interp.srcs/sources_1/new/all2x_v7/interp2_stage23_lutram_cic_dsp_ce.v	770
gen_lutram_stage23.u_interp2_stage23_lutram_cic_dsp_ce/stage3_y_out_reg[7]	FDRE	FLOP_LATCH	SLICE_X36Y57	SLICEL.CFF	D:/FpgaProject/XilinxProject/XC7A35T/fir_interpolation/submit/finally/images/work/resource_compare_218_239/matched_ooc/lut239_snapshot/XC7A35T_interp_opt_2025.2/XC7A35T_interp.srcs/sources_1/new/all2x_v7/interp2_stage23_lutram_cic_dsp_ce.v	770
gen_lutram_stage23.u_interp2_stage23_lutram_cic_dsp_ce/stage3_y_out_reg[8]	FDRE	FLOP_LATCH	SLICE_X34Y57	SLICEM.CFF	D:/FpgaProject/XilinxProject/XC7A35T/fir_interpolation/submit/finally/images/work/resource_compare_218_239/matched_ooc/lut239_snapshot/XC7A35T_interp_opt_2025.2/XC7A35T_interp.srcs/sources_1/new/all2x_v7/interp2_stage23_lutram_cic_dsp_ce.v	770
gen_lutram_stage23.u_interp2_stage23_lutram_cic_dsp_ce/stage3_y_out_reg[9]	FDRE	FLOP_LATCH	SLICE_X34Y57	SLICEM.DFF	D:/FpgaProject/XilinxProject/XC7A35T/fir_interpolation/submit/finally/images/work/resource_compare_218_239/matched_ooc/lut239_snapshot/XC7A35T_interp_opt_2025.2/XC7A35T_interp.srcs/sources_1/new/all2x_v7/interp2_stage23_lutram_cic_dsp_ce.v	770
gen_lutram_stage23.u_interp2_stage23_lutram_cic_dsp_ce/stage3_y_out_valid_reg	FDRE	FLOP_LATCH	SLICE_X32Y58	SLICEL.AFF	D:/FpgaProject/XilinxProject/XC7A35T/fir_interpolation/submit/finally/images/work/resource_compare_218_239/matched_ooc/lut239_snapshot/XC7A35T_interp_opt_2025.2/XC7A35T_interp.srcs/sources_1/new/all2x_v7/interp2_stage23_lutram_cic_dsp_ce.v	772
gen_lutram_stage23.u_interp2_stage23_lutram_cic_dsp_ce/u_stage23_dsp48e1	DSP48E1	MULT	DSP48_X0Y22	DSP48E1.DSP48E1	D:/FpgaProject/XilinxProject/XC7A35T/fir_interpolation/submit/finally/images/work/resource_compare_218_239/matched_ooc/lut239_snapshot/XC7A35T_interp_opt_2025.2/XC7A35T_interp.srcs/sources_1/new/all2x_v7/interp2_stage23_lutram_cic_dsp_ce.v	424
gen_primitive.u_stage1_history_ramb18e1_i_26	LUT2	LUT	SLICE_X30Y57	SLICEM.C5LUT	D:/FpgaProject/XilinxProject/XC7A35T/fir_interpolation/submit/finally/images/work/resource_compare_218_239/matched_ooc/lut239_snapshot/XC7A35T_interp_opt_2025.2/XC7A35T_interp.srcs/sources_1/new/all2x_v6/bridge_valid_quantized_to_interp2_ce.v	70
gen_primitive.u_stage23_history_ramb18e1_i_31	LUT3	LUT	SLICE_X32Y55	SLICEL.A5LUT	D:/FpgaProject/XilinxProject/XC7A35T/fir_interpolation/submit/finally/images/work/resource_compare_218_239/matched_ooc/lut239_snapshot/XC7A35T_interp_opt_2025.2/XC7A35T_interp.srcs/sources_1/new/all2x_v6/bridge_valid_quantized_to_interp2_ce.v	70
gen_primitive.u_stage23_history_ramb18e1_i_32	LUT3	LUT	SLICE_X32Y55	SLICEL.A6LUT	D:/FpgaProject/XilinxProject/XC7A35T/fir_interpolation/submit/finally/images/work/resource_compare_218_239/matched_ooc/lut239_snapshot/XC7A35T_interp_opt_2025.2/XC7A35T_interp.srcs/sources_1/new/all2x_v6/bridge_valid_quantized_to_interp2_ce.v	70
gen_primitive.u_stage23_history_ramb18e1_i_33	LUT4	LUT	SLICE_X31Y55	SLICEL.A5LUT	D:/FpgaProject/XilinxProject/XC7A35T/fir_interpolation/submit/finally/images/work/resource_compare_218_239/matched_ooc/lut239_snapshot/XC7A35T_interp_opt_2025.2/XC7A35T_interp.srcs/sources_1/new/all2x_v6/bridge_valid_quantized_to_interp2_ce.v	70
gen_primitive.u_stage23_history_ramb18e1_i_34	LUT4	LUT	SLICE_X31Y55	SLICEL.A6LUT	D:/FpgaProject/XilinxProject/XC7A35T/fir_interpolation/submit/finally/images/work/resource_compare_218_239/matched_ooc/lut239_snapshot/XC7A35T_interp_opt_2025.2/XC7A35T_interp.srcs/sources_1/new/all2x_v7/interp128_all2x_v7_folded_fir_cic_top_ce.v	38
gen_primitive.u_stage23_history_ramb18e1_i_35	LUT2	LUT	SLICE_X32Y53	SLICEL.B6LUT	D:/FpgaProject/XilinxProject/XC7A35T/fir_interpolation/submit/finally/images/work/resource_compare_218_239/matched_ooc/lut239_snapshot/XC7A35T_interp_opt_2025.2/XC7A35T_interp.srcs/sources_1/new/all2x_v6/bridge_valid_quantized_to_interp2_ce.v	70
gen_primitive.u_stage23_history_ramb18e1_i_36	LUT4	LUT	SLICE_X30Y58	SLICEM.A6LUT	D:/FpgaProject/XilinxProject/XC7A35T/fir_interpolation/submit/finally/images/work/resource_compare_218_239/matched_ooc/lut239_snapshot/XC7A35T_interp_opt_2025.2/XC7A35T_interp.srcs/sources_1/new/all2x_v6/bridge_valid_quantized_to_interp2_ce.v	70
gen_primitive.u_stage23_history_ramb18e1_i_37	LUT4	LUT	SLICE_X30Y58	SLICEM.A5LUT	D:/FpgaProject/XilinxProject/XC7A35T/fir_interpolation/submit/finally/images/work/resource_compare_218_239/matched_ooc/lut239_snapshot/XC7A35T_interp_opt_2025.2/XC7A35T_interp.srcs/sources_1/new/all2x_v6/bridge_valid_quantized_to_interp2_ce.v	70
gen_primitive.u_stage23_history_ramb18e1_i_38	CARRY4	CARRY	SLICE_X29Y59	SLICEL.CARRY4	D:/FpgaProject/XilinxProject/XC7A35T/fir_interpolation/submit/finally/images/work/resource_compare_218_239/matched_ooc/lut239_snapshot/XC7A35T_interp_opt_2025.2/XC7A35T_interp.srcs/sources_1/new/national_finals/cic_interp16_n3_hold2_dsp_ce.v	155
gen_serial_cic_comb.u_cic_interp16_serial_comb_dsp_ce/burst_pending_reg	FDRE	FLOP_LATCH	SLICE_X40Y59	SLICEL.AFF	D:/FpgaProject/XilinxProject/XC7A35T/fir_interpolation/submit/finally/images/work/resource_compare_218_239/matched_ooc/lut239_snapshot/XC7A35T_interp_opt_2025.2/XC7A35T_interp.srcs/sources_1/new/national_finals/cic_interp16_n3_hold2_dsp_ce.v	149
gen_serial_cic_comb.u_cic_interp16_serial_comb_dsp_ce/burst_remaining_reg[0]	FDRE	FLOP_LATCH	SLICE_X41Y59	SLICEL.AFF	D:/FpgaProject/XilinxProject/XC7A35T/fir_interpolation/submit/finally/images/work/resource_compare_218_239/matched_ooc/lut239_snapshot/XC7A35T_interp_opt_2025.2/XC7A35T_interp.srcs/sources_1/new/national_finals/cic_interp16_n3_hold2_dsp_ce.v	149
gen_serial_cic_comb.u_cic_interp16_serial_comb_dsp_ce/burst_remaining_reg[1]	FDRE	FLOP_LATCH	SLICE_X41Y59	SLICEL.A5FF	D:/FpgaProject/XilinxProject/XC7A35T/fir_interpolation/submit/finally/images/work/resource_compare_218_239/matched_ooc/lut239_snapshot/XC7A35T_interp_opt_2025.2/XC7A35T_interp.srcs/sources_1/new/national_finals/cic_interp16_n3_hold2_dsp_ce.v	149
gen_serial_cic_comb.u_cic_interp16_serial_comb_dsp_ce/burst_remaining_reg[2]	FDRE	FLOP_LATCH	SLICE_X41Y59	SLICEL.BFF	D:/FpgaProject/XilinxProject/XC7A35T/fir_interpolation/submit/finally/images/work/resource_compare_218_239/matched_ooc/lut239_snapshot/XC7A35T_interp_opt_2025.2/XC7A35T_interp.srcs/sources_1/new/national_finals/cic_interp16_n3_hold2_dsp_ce.v	149
gen_serial_cic_comb.u_cic_interp16_serial_comb_dsp_ce/burst_remaining_reg[3]	FDRE	FLOP_LATCH	SLICE_X41Y59	SLICEL.B5FF	D:/FpgaProject/XilinxProject/XC7A35T/fir_interpolation/submit/finally/images/work/resource_compare_218_239/matched_ooc/lut239_snapshot/XC7A35T_interp_opt_2025.2/XC7A35T_interp.srcs/sources_1/new/national_finals/cic_interp16_n3_hold2_dsp_ce.v	149
gen_serial_cic_comb.u_cic_interp16_serial_comb_dsp_ce/comb_active_reg	FDRE	FLOP_LATCH	SLICE_X37Y59	SLICEL.AFF	D:/FpgaProject/XilinxProject/XC7A35T/fir_interpolation/submit/finally/images/work/resource_compare_218_239/matched_ooc/lut239_snapshot/XC7A35T_interp_opt_2025.2/XC7A35T_interp.srcs/sources_1/new/national_finals/cic_interp16_n3_hold2_dsp_ce.v	196
gen_serial_cic_comb.u_cic_interp16_serial_comb_dsp_ce/comb_delay0_reg[0]	FDRE	FLOP_LATCH	SLICE_X38Y57	SLICEM.AFF	D:/FpgaProject/XilinxProject/XC7A35T/fir_interpolation/submit/finally/images/work/resource_compare_218_239/matched_ooc/lut239_snapshot/XC7A35T_interp_opt_2025.2/XC7A35T_interp.srcs/sources_1/new/national_finals/cic_interp16_n3_hold2_dsp_ce.v	88
gen_serial_cic_comb.u_cic_interp16_serial_comb_dsp_ce/comb_delay0_reg[10]	FDRE	FLOP_LATCH	SLICE_X45Y58	SLICEL.AFF	D:/FpgaProject/XilinxProject/XC7A35T/fir_interpolation/submit/finally/images/work/resource_compare_218_239/matched_ooc/lut239_snapshot/XC7A35T_interp_opt_2025.2/XC7A35T_interp.srcs/sources_1/new/national_finals/cic_interp16_n3_hold2_dsp_ce.v	88
gen_serial_cic_comb.u_cic_interp16_serial_comb_dsp_ce/comb_delay0_reg[11]	FDRE	FLOP_LATCH	SLICE_X45Y57	SLICEL.AFF	D:/FpgaProject/XilinxProject/XC7A35T/fir_interpolation/submit/finally/images/work/resource_compare_218_239/matched_ooc/lut239_snapshot/XC7A35T_interp_opt_2025.2/XC7A35T_interp.srcs/sources_1/new/national_finals/cic_interp16_n3_hold2_dsp_ce.v	88
gen_serial_cic_comb.u_cic_interp16_serial_comb_dsp_ce/comb_delay0_reg[12]	FDRE	FLOP_LATCH	SLICE_X38Y59	SLICEM.AFF	D:/FpgaProject/XilinxProject/XC7A35T/fir_interpolation/submit/finally/images/work/resource_compare_218_239/matched_ooc/lut239_snapshot/XC7A35T_interp_opt_2025.2/XC7A35T_interp.srcs/sources_1/new/national_finals/cic_interp16_n3_hold2_dsp_ce.v	88
gen_serial_cic_comb.u_cic_interp16_serial_comb_dsp_ce/comb_delay0_reg[13]	FDRE	FLOP_LATCH	SLICE_X45Y59	SLICEL.AFF	D:/FpgaProject/XilinxProject/XC7A35T/fir_interpolation/submit/finally/images/work/resource_compare_218_239/matched_ooc/lut239_snapshot/XC7A35T_interp_opt_2025.2/XC7A35T_interp.srcs/sources_1/new/national_finals/cic_interp16_n3_hold2_dsp_ce.v	88
gen_serial_cic_comb.u_cic_interp16_serial_comb_dsp_ce/comb_delay0_reg[14]	FDRE	FLOP_LATCH	SLICE_X38Y59	SLICEM.BFF	D:/FpgaProject/XilinxProject/XC7A35T/fir_interpolation/submit/finally/images/work/resource_compare_218_239/matched_ooc/lut239_snapshot/XC7A35T_interp_opt_2025.2/XC7A35T_interp.srcs/sources_1/new/national_finals/cic_interp16_n3_hold2_dsp_ce.v	88
gen_serial_cic_comb.u_cic_interp16_serial_comb_dsp_ce/comb_delay0_reg[15]	FDRE	FLOP_LATCH	SLICE_X38Y59	SLICEM.CFF	D:/FpgaProject/XilinxProject/XC7A35T/fir_interpolation/submit/finally/images/work/resource_compare_218_239/matched_ooc/lut239_snapshot/XC7A35T_interp_opt_2025.2/XC7A35T_interp.srcs/sources_1/new/national_finals/cic_interp16_n3_hold2_dsp_ce.v	88
gen_serial_cic_comb.u_cic_interp16_serial_comb_dsp_ce/comb_delay0_reg[16]	FDRE	FLOP_LATCH	SLICE_X45Y60	SLICEL.AFF	D:/FpgaProject/XilinxProject/XC7A35T/fir_interpolation/submit/finally/images/work/resource_compare_218_239/matched_ooc/lut239_snapshot/XC7A35T_interp_opt_2025.2/XC7A35T_interp.srcs/sources_1/new/national_finals/cic_interp16_n3_hold2_dsp_ce.v	88
gen_serial_cic_comb.u_cic_interp16_serial_comb_dsp_ce/comb_delay0_reg[17]	FDRE	FLOP_LATCH	SLICE_X45Y59	SLICEL.BFF	D:/FpgaProject/XilinxProject/XC7A35T/fir_interpolation/submit/finally/images/work/resource_compare_218_239/matched_ooc/lut239_snapshot/XC7A35T_interp_opt_2025.2/XC7A35T_interp.srcs/sources_1/new/national_finals/cic_interp16_n3_hold2_dsp_ce.v	88
gen_serial_cic_comb.u_cic_interp16_serial_comb_dsp_ce/comb_delay0_reg[18]	FDRE	FLOP_LATCH	SLICE_X45Y60	SLICEL.BFF	D:/FpgaProject/XilinxProject/XC7A35T/fir_interpolation/submit/finally/images/work/resource_compare_218_239/matched_ooc/lut239_snapshot/XC7A35T_interp_opt_2025.2/XC7A35T_interp.srcs/sources_1/new/national_finals/cic_interp16_n3_hold2_dsp_ce.v	88
gen_serial_cic_comb.u_cic_interp16_serial_comb_dsp_ce/comb_delay0_reg[19]	FDRE	FLOP_LATCH	SLICE_X40Y61	SLICEL.AFF	D:/FpgaProject/XilinxProject/XC7A35T/fir_interpolation/submit/finally/images/work/resource_compare_218_239/matched_ooc/lut239_snapshot/XC7A35T_interp_opt_2025.2/XC7A35T_interp.srcs/sources_1/new/national_finals/cic_interp16_n3_hold2_dsp_ce.v	88
gen_serial_cic_comb.u_cic_interp16_serial_comb_dsp_ce/comb_delay0_reg[1]	FDRE	FLOP_LATCH	SLICE_X38Y57	SLICEM.BFF	D:/FpgaProject/XilinxProject/XC7A35T/fir_interpolation/submit/finally/images/work/resource_compare_218_239/matched_ooc/lut239_snapshot/XC7A35T_interp_opt_2025.2/XC7A35T_interp.srcs/sources_1/new/national_finals/cic_interp16_n3_hold2_dsp_ce.v	88
gen_serial_cic_comb.u_cic_interp16_serial_comb_dsp_ce/comb_delay0_reg[20]	FDRE	FLOP_LATCH	SLICE_X41Y61	SLICEL.AFF	D:/FpgaProject/XilinxProject/XC7A35T/fir_interpolation/submit/finally/images/work/resource_compare_218_239/matched_ooc/lut239_snapshot/XC7A35T_interp_opt_2025.2/XC7A35T_interp.srcs/sources_1/new/national_finals/cic_interp16_n3_hold2_dsp_ce.v	88
gen_serial_cic_comb.u_cic_interp16_serial_comb_dsp_ce/comb_delay0_reg[21]	FDRE	FLOP_LATCH	SLICE_X40Y61	SLICEL.BFF	D:/FpgaProject/XilinxProject/XC7A35T/fir_interpolation/submit/finally/images/work/resource_compare_218_239/matched_ooc/lut239_snapshot/XC7A35T_interp_opt_2025.2/XC7A35T_interp.srcs/sources_1/new/national_finals/cic_interp16_n3_hold2_dsp_ce.v	88
gen_serial_cic_comb.u_cic_interp16_serial_comb_dsp_ce/comb_delay0_reg[2]	FDRE	FLOP_LATCH	SLICE_X45Y56	SLICEL.AFF	D:/FpgaProject/XilinxProject/XC7A35T/fir_interpolation/submit/finally/images/work/resource_compare_218_239/matched_ooc/lut239_snapshot/XC7A35T_interp_opt_2025.2/XC7A35T_interp.srcs/sources_1/new/national_finals/cic_interp16_n3_hold2_dsp_ce.v	88
gen_serial_cic_comb.u_cic_interp16_serial_comb_dsp_ce/comb_delay0_reg[3]	FDRE	FLOP_LATCH	SLICE_X45Y56	SLICEL.BFF	D:/FpgaProject/XilinxProject/XC7A35T/fir_interpolation/submit/finally/images/work/resource_compare_218_239/matched_ooc/lut239_snapshot/XC7A35T_interp_opt_2025.2/XC7A35T_interp.srcs/sources_1/new/national_finals/cic_interp16_n3_hold2_dsp_ce.v	88
gen_serial_cic_comb.u_cic_interp16_serial_comb_dsp_ce/comb_delay0_reg[4]	FDRE	FLOP_LATCH	SLICE_X38Y56	SLICEM.AFF	D:/FpgaProject/XilinxProject/XC7A35T/fir_interpolation/submit/finally/images/work/resource_compare_218_239/matched_ooc/lut239_snapshot/XC7A35T_interp_opt_2025.2/XC7A35T_interp.srcs/sources_1/new/national_finals/cic_interp16_n3_hold2_dsp_ce.v	88
gen_serial_cic_comb.u_cic_interp16_serial_comb_dsp_ce/comb_delay0_reg[5]	FDRE	FLOP_LATCH	SLICE_X38Y56	SLICEM.BFF	D:/FpgaProject/XilinxProject/XC7A35T/fir_interpolation/submit/finally/images/work/resource_compare_218_239/matched_ooc/lut239_snapshot/XC7A35T_interp_opt_2025.2/XC7A35T_interp.srcs/sources_1/new/national_finals/cic_interp16_n3_hold2_dsp_ce.v	88
gen_serial_cic_comb.u_cic_interp16_serial_comb_dsp_ce/comb_delay0_reg[6]	FDRE	FLOP_LATCH	SLICE_X38Y56	SLICEM.CFF	D:/FpgaProject/XilinxProject/XC7A35T/fir_interpolation/submit/finally/images/work/resource_compare_218_239/matched_ooc/lut239_snapshot/XC7A35T_interp_opt_2025.2/XC7A35T_interp.srcs/sources_1/new/national_finals/cic_interp16_n3_hold2_dsp_ce.v	88
gen_serial_cic_comb.u_cic_interp16_serial_comb_dsp_ce/comb_delay0_reg[7]	FDRE	FLOP_LATCH	SLICE_X38Y56	SLICEM.DFF	D:/FpgaProject/XilinxProject/XC7A35T/fir_interpolation/submit/finally/images/work/resource_compare_218_239/matched_ooc/lut239_snapshot/XC7A35T_interp_opt_2025.2/XC7A35T_interp.srcs/sources_1/new/national_finals/cic_interp16_n3_hold2_dsp_ce.v	88
gen_serial_cic_comb.u_cic_interp16_serial_comb_dsp_ce/comb_delay0_reg[8]	FDRE	FLOP_LATCH	SLICE_X45Y58	SLICEL.BFF	D:/FpgaProject/XilinxProject/XC7A35T/fir_interpolation/submit/finally/images/work/resource_compare_218_239/matched_ooc/lut239_snapshot/XC7A35T_interp_opt_2025.2/XC7A35T_interp.srcs/sources_1/new/national_finals/cic_interp16_n3_hold2_dsp_ce.v	88
gen_serial_cic_comb.u_cic_interp16_serial_comb_dsp_ce/comb_delay0_reg[9]	FDRE	FLOP_LATCH	SLICE_X45Y57	SLICEL.BFF	D:/FpgaProject/XilinxProject/XC7A35T/fir_interpolation/submit/finally/images/work/resource_compare_218_239/matched_ooc/lut239_snapshot/XC7A35T_interp_opt_2025.2/XC7A35T_interp.srcs/sources_1/new/national_finals/cic_interp16_n3_hold2_dsp_ce.v	88
gen_serial_cic_comb.u_cic_interp16_serial_comb_dsp_ce/comb_delay1_reg[0]	FDRE	FLOP_LATCH	SLICE_X38Y57	SLICEM.CFF	D:/FpgaProject/XilinxProject/XC7A35T/fir_interpolation/submit/finally/images/work/resource_compare_218_239/matched_ooc/lut239_snapshot/XC7A35T_interp_opt_2025.2/XC7A35T_interp.srcs/sources_1/new/national_finals/cic_interp16_n3_hold2_dsp_ce.v	227
gen_serial_cic_comb.u_cic_interp16_serial_comb_dsp_ce/comb_delay1_reg[10]	FDRE	FLOP_LATCH	SLICE_X45Y58	SLICEL.CFF	D:/FpgaProject/XilinxProject/XC7A35T/fir_interpolation/submit/finally/images/work/resource_compare_218_239/matched_ooc/lut239_snapshot/XC7A35T_interp_opt_2025.2/XC7A35T_interp.srcs/sources_1/new/national_finals/cic_interp16_n3_hold2_dsp_ce.v	227
gen_serial_cic_comb.u_cic_interp16_serial_comb_dsp_ce/comb_delay1_reg[11]	FDRE	FLOP_LATCH	SLICE_X45Y57	SLICEL.CFF	D:/FpgaProject/XilinxProject/XC7A35T/fir_interpolation/submit/finally/images/work/resource_compare_218_239/matched_ooc/lut239_snapshot/XC7A35T_interp_opt_2025.2/XC7A35T_interp.srcs/sources_1/new/national_finals/cic_interp16_n3_hold2_dsp_ce.v	227
gen_serial_cic_comb.u_cic_interp16_serial_comb_dsp_ce/comb_delay1_reg[12]	FDRE	FLOP_LATCH	SLICE_X38Y59	SLICEM.DFF	D:/FpgaProject/XilinxProject/XC7A35T/fir_interpolation/submit/finally/images/work/resource_compare_218_239/matched_ooc/lut239_snapshot/XC7A35T_interp_opt_2025.2/XC7A35T_interp.srcs/sources_1/new/national_finals/cic_interp16_n3_hold2_dsp_ce.v	227
gen_serial_cic_comb.u_cic_interp16_serial_comb_dsp_ce/comb_delay1_reg[13]	FDRE	FLOP_LATCH	SLICE_X45Y59	SLICEL.CFF	D:/FpgaProject/XilinxProject/XC7A35T/fir_interpolation/submit/finally/images/work/resource_compare_218_239/matched_ooc/lut239_snapshot/XC7A35T_interp_opt_2025.2/XC7A35T_interp.srcs/sources_1/new/national_finals/cic_interp16_n3_hold2_dsp_ce.v	227
gen_serial_cic_comb.u_cic_interp16_serial_comb_dsp_ce/comb_delay1_reg[14]	FDRE	FLOP_LATCH	SLICE_X38Y59	SLICEM.A5FF	D:/FpgaProject/XilinxProject/XC7A35T/fir_interpolation/submit/finally/images/work/resource_compare_218_239/matched_ooc/lut239_snapshot/XC7A35T_interp_opt_2025.2/XC7A35T_interp.srcs/sources_1/new/national_finals/cic_interp16_n3_hold2_dsp_ce.v	227
gen_serial_cic_comb.u_cic_interp16_serial_comb_dsp_ce/comb_delay1_reg[15]	FDRE	FLOP_LATCH	SLICE_X38Y59	SLICEM.B5FF	D:/FpgaProject/XilinxProject/XC7A35T/fir_interpolation/submit/finally/images/work/resource_compare_218_239/matched_ooc/lut239_snapshot/XC7A35T_interp_opt_2025.2/XC7A35T_interp.srcs/sources_1/new/national_finals/cic_interp16_n3_hold2_dsp_ce.v	227
gen_serial_cic_comb.u_cic_interp16_serial_comb_dsp_ce/comb_delay1_reg[16]	FDRE	FLOP_LATCH	SLICE_X45Y60	SLICEL.CFF	D:/FpgaProject/XilinxProject/XC7A35T/fir_interpolation/submit/finally/images/work/resource_compare_218_239/matched_ooc/lut239_snapshot/XC7A35T_interp_opt_2025.2/XC7A35T_interp.srcs/sources_1/new/national_finals/cic_interp16_n3_hold2_dsp_ce.v	227
gen_serial_cic_comb.u_cic_interp16_serial_comb_dsp_ce/comb_delay1_reg[17]	FDRE	FLOP_LATCH	SLICE_X45Y59	SLICEL.DFF	D:/FpgaProject/XilinxProject/XC7A35T/fir_interpolation/submit/finally/images/work/resource_compare_218_239/matched_ooc/lut239_snapshot/XC7A35T_interp_opt_2025.2/XC7A35T_interp.srcs/sources_1/new/national_finals/cic_interp16_n3_hold2_dsp_ce.v	227
gen_serial_cic_comb.u_cic_interp16_serial_comb_dsp_ce/comb_delay1_reg[18]	FDRE	FLOP_LATCH	SLICE_X45Y60	SLICEL.DFF	D:/FpgaProject/XilinxProject/XC7A35T/fir_interpolation/submit/finally/images/work/resource_compare_218_239/matched_ooc/lut239_snapshot/XC7A35T_interp_opt_2025.2/XC7A35T_interp.srcs/sources_1/new/national_finals/cic_interp16_n3_hold2_dsp_ce.v	227
gen_serial_cic_comb.u_cic_interp16_serial_comb_dsp_ce/comb_delay1_reg[19]	FDRE	FLOP_LATCH	SLICE_X40Y61	SLICEL.CFF	D:/FpgaProject/XilinxProject/XC7A35T/fir_interpolation/submit/finally/images/work/resource_compare_218_239/matched_ooc/lut239_snapshot/XC7A35T_interp_opt_2025.2/XC7A35T_interp.srcs/sources_1/new/national_finals/cic_interp16_n3_hold2_dsp_ce.v	227
gen_serial_cic_comb.u_cic_interp16_serial_comb_dsp_ce/comb_delay1_reg[1]	FDRE	FLOP_LATCH	SLICE_X38Y57	SLICEM.DFF	D:/FpgaProject/XilinxProject/XC7A35T/fir_interpolation/submit/finally/images/work/resource_compare_218_239/matched_ooc/lut239_snapshot/XC7A35T_interp_opt_2025.2/XC7A35T_interp.srcs/sources_1/new/national_finals/cic_interp16_n3_hold2_dsp_ce.v	227
gen_serial_cic_comb.u_cic_interp16_serial_comb_dsp_ce/comb_delay1_reg[20]	FDRE	FLOP_LATCH	SLICE_X41Y61	SLICEL.BFF	D:/FpgaProject/XilinxProject/XC7A35T/fir_interpolation/submit/finally/images/work/resource_compare_218_239/matched_ooc/lut239_snapshot/XC7A35T_interp_opt_2025.2/XC7A35T_interp.srcs/sources_1/new/national_finals/cic_interp16_n3_hold2_dsp_ce.v	227
gen_serial_cic_comb.u_cic_interp16_serial_comb_dsp_ce/comb_delay1_reg[21]	FDRE	FLOP_LATCH	SLICE_X40Y61	SLICEL.DFF	D:/FpgaProject/XilinxProject/XC7A35T/fir_interpolation/submit/finally/images/work/resource_compare_218_239/matched_ooc/lut239_snapshot/XC7A35T_interp_opt_2025.2/XC7A35T_interp.srcs/sources_1/new/national_finals/cic_interp16_n3_hold2_dsp_ce.v	227
gen_serial_cic_comb.u_cic_interp16_serial_comb_dsp_ce/comb_delay1_reg[2]	FDRE	FLOP_LATCH	SLICE_X45Y56	SLICEL.CFF	D:/FpgaProject/XilinxProject/XC7A35T/fir_interpolation/submit/finally/images/work/resource_compare_218_239/matched_ooc/lut239_snapshot/XC7A35T_interp_opt_2025.2/XC7A35T_interp.srcs/sources_1/new/national_finals/cic_interp16_n3_hold2_dsp_ce.v	227
gen_serial_cic_comb.u_cic_interp16_serial_comb_dsp_ce/comb_delay1_reg[3]	FDRE	FLOP_LATCH	SLICE_X45Y56	SLICEL.DFF	D:/FpgaProject/XilinxProject/XC7A35T/fir_interpolation/submit/finally/images/work/resource_compare_218_239/matched_ooc/lut239_snapshot/XC7A35T_interp_opt_2025.2/XC7A35T_interp.srcs/sources_1/new/national_finals/cic_interp16_n3_hold2_dsp_ce.v	227
gen_serial_cic_comb.u_cic_interp16_serial_comb_dsp_ce/comb_delay1_reg[4]	FDRE	FLOP_LATCH	SLICE_X38Y56	SLICEM.A5FF	D:/FpgaProject/XilinxProject/XC7A35T/fir_interpolation/submit/finally/images/work/resource_compare_218_239/matched_ooc/lut239_snapshot/XC7A35T_interp_opt_2025.2/XC7A35T_interp.srcs/sources_1/new/national_finals/cic_interp16_n3_hold2_dsp_ce.v	227
gen_serial_cic_comb.u_cic_interp16_serial_comb_dsp_ce/comb_delay1_reg[5]	FDRE	FLOP_LATCH	SLICE_X38Y56	SLICEM.B5FF	D:/FpgaProject/XilinxProject/XC7A35T/fir_interpolation/submit/finally/images/work/resource_compare_218_239/matched_ooc/lut239_snapshot/XC7A35T_interp_opt_2025.2/XC7A35T_interp.srcs/sources_1/new/national_finals/cic_interp16_n3_hold2_dsp_ce.v	227
gen_serial_cic_comb.u_cic_interp16_serial_comb_dsp_ce/comb_delay1_reg[6]	FDRE	FLOP_LATCH	SLICE_X38Y56	SLICEM.C5FF	D:/FpgaProject/XilinxProject/XC7A35T/fir_interpolation/submit/finally/images/work/resource_compare_218_239/matched_ooc/lut239_snapshot/XC7A35T_interp_opt_2025.2/XC7A35T_interp.srcs/sources_1/new/national_finals/cic_interp16_n3_hold2_dsp_ce.v	227
gen_serial_cic_comb.u_cic_interp16_serial_comb_dsp_ce/comb_delay1_reg[7]	FDRE	FLOP_LATCH	SLICE_X38Y56	SLICEM.D5FF	D:/FpgaProject/XilinxProject/XC7A35T/fir_interpolation/submit/finally/images/work/resource_compare_218_239/matched_ooc/lut239_snapshot/XC7A35T_interp_opt_2025.2/XC7A35T_interp.srcs/sources_1/new/national_finals/cic_interp16_n3_hold2_dsp_ce.v	227
gen_serial_cic_comb.u_cic_interp16_serial_comb_dsp_ce/comb_delay1_reg[8]	FDRE	FLOP_LATCH	SLICE_X45Y58	SLICEL.DFF	D:/FpgaProject/XilinxProject/XC7A35T/fir_interpolation/submit/finally/images/work/resource_compare_218_239/matched_ooc/lut239_snapshot/XC7A35T_interp_opt_2025.2/XC7A35T_interp.srcs/sources_1/new/national_finals/cic_interp16_n3_hold2_dsp_ce.v	227
gen_serial_cic_comb.u_cic_interp16_serial_comb_dsp_ce/comb_delay1_reg[9]	FDRE	FLOP_LATCH	SLICE_X45Y57	SLICEL.DFF	D:/FpgaProject/XilinxProject/XC7A35T/fir_interpolation/submit/finally/images/work/resource_compare_218_239/matched_ooc/lut239_snapshot/XC7A35T_interp_opt_2025.2/XC7A35T_interp.srcs/sources_1/new/national_finals/cic_interp16_n3_hold2_dsp_ce.v	227
gen_serial_cic_comb.u_cic_interp16_serial_comb_dsp_ce/comb_operand_fabric_reg[0]	FDRE	FLOP_LATCH	SLICE_X39Y56	SLICEL.AFF	D:/FpgaProject/XilinxProject/XC7A35T/fir_interpolation/submit/finally/images/work/resource_compare_218_239/matched_ooc/lut239_snapshot/XC7A35T_interp_opt_2025.2/XC7A35T_interp.srcs/sources_1/new/national_finals/cic_interp16_n3_hold2_dsp_ce.v	144
gen_serial_cic_comb.u_cic_interp16_serial_comb_dsp_ce/comb_operand_fabric_reg[10]	FDRE	FLOP_LATCH	SLICE_X39Y58	SLICEL.CFF	D:/FpgaProject/XilinxProject/XC7A35T/fir_interpolation/submit/finally/images/work/resource_compare_218_239/matched_ooc/lut239_snapshot/XC7A35T_interp_opt_2025.2/XC7A35T_interp.srcs/sources_1/new/national_finals/cic_interp16_n3_hold2_dsp_ce.v	144
gen_serial_cic_comb.u_cic_interp16_serial_comb_dsp_ce/comb_operand_fabric_reg[11]	FDRE	FLOP_LATCH	SLICE_X39Y58	SLICEL.DFF	D:/FpgaProject/XilinxProject/XC7A35T/fir_interpolation/submit/finally/images/work/resource_compare_218_239/matched_ooc/lut239_snapshot/XC7A35T_interp_opt_2025.2/XC7A35T_interp.srcs/sources_1/new/national_finals/cic_interp16_n3_hold2_dsp_ce.v	144
gen_serial_cic_comb.u_cic_interp16_serial_comb_dsp_ce/comb_operand_fabric_reg[12]	FDRE	FLOP_LATCH	SLICE_X39Y59	SLICEL.AFF	D:/FpgaProject/XilinxProject/XC7A35T/fir_interpolation/submit/finally/images/work/resource_compare_218_239/matched_ooc/lut239_snapshot/XC7A35T_interp_opt_2025.2/XC7A35T_interp.srcs/sources_1/new/national_finals/cic_interp16_n3_hold2_dsp_ce.v	144
gen_serial_cic_comb.u_cic_interp16_serial_comb_dsp_ce/comb_operand_fabric_reg[13]	FDRE	FLOP_LATCH	SLICE_X39Y59	SLICEL.BFF	D:/FpgaProject/XilinxProject/XC7A35T/fir_interpolation/submit/finally/images/work/resource_compare_218_239/matched_ooc/lut239_snapshot/XC7A35T_interp_opt_2025.2/XC7A35T_interp.srcs/sources_1/new/national_finals/cic_interp16_n3_hold2_dsp_ce.v	144
gen_serial_cic_comb.u_cic_interp16_serial_comb_dsp_ce/comb_operand_fabric_reg[14]	FDRE	FLOP_LATCH	SLICE_X39Y59	SLICEL.CFF	D:/FpgaProject/XilinxProject/XC7A35T/fir_interpolation/submit/finally/images/work/resource_compare_218_239/matched_ooc/lut239_snapshot/XC7A35T_interp_opt_2025.2/XC7A35T_interp.srcs/sources_1/new/national_finals/cic_interp16_n3_hold2_dsp_ce.v	144
gen_serial_cic_comb.u_cic_interp16_serial_comb_dsp_ce/comb_operand_fabric_reg[15]	FDRE	FLOP_LATCH	SLICE_X39Y59	SLICEL.DFF	D:/FpgaProject/XilinxProject/XC7A35T/fir_interpolation/submit/finally/images/work/resource_compare_218_239/matched_ooc/lut239_snapshot/XC7A35T_interp_opt_2025.2/XC7A35T_interp.srcs/sources_1/new/national_finals/cic_interp16_n3_hold2_dsp_ce.v	144
gen_serial_cic_comb.u_cic_interp16_serial_comb_dsp_ce/comb_operand_fabric_reg[16]	FDRE	FLOP_LATCH	SLICE_X39Y60	SLICEL.AFF	D:/FpgaProject/XilinxProject/XC7A35T/fir_interpolation/submit/finally/images/work/resource_compare_218_239/matched_ooc/lut239_snapshot/XC7A35T_interp_opt_2025.2/XC7A35T_interp.srcs/sources_1/new/national_finals/cic_interp16_n3_hold2_dsp_ce.v	144
gen_serial_cic_comb.u_cic_interp16_serial_comb_dsp_ce/comb_operand_fabric_reg[17]	FDRE	FLOP_LATCH	SLICE_X39Y60	SLICEL.BFF	D:/FpgaProject/XilinxProject/XC7A35T/fir_interpolation/submit/finally/images/work/resource_compare_218_239/matched_ooc/lut239_snapshot/XC7A35T_interp_opt_2025.2/XC7A35T_interp.srcs/sources_1/new/national_finals/cic_interp16_n3_hold2_dsp_ce.v	144
gen_serial_cic_comb.u_cic_interp16_serial_comb_dsp_ce/comb_operand_fabric_reg[18]	FDRE	FLOP_LATCH	SLICE_X39Y60	SLICEL.CFF	D:/FpgaProject/XilinxProject/XC7A35T/fir_interpolation/submit/finally/images/work/resource_compare_218_239/matched_ooc/lut239_snapshot/XC7A35T_interp_opt_2025.2/XC7A35T_interp.srcs/sources_1/new/national_finals/cic_interp16_n3_hold2_dsp_ce.v	144
gen_serial_cic_comb.u_cic_interp16_serial_comb_dsp_ce/comb_operand_fabric_reg[19]	FDRE	FLOP_LATCH	SLICE_X39Y60	SLICEL.DFF	D:/FpgaProject/XilinxProject/XC7A35T/fir_interpolation/submit/finally/images/work/resource_compare_218_239/matched_ooc/lut239_snapshot/XC7A35T_interp_opt_2025.2/XC7A35T_interp.srcs/sources_1/new/national_finals/cic_interp16_n3_hold2_dsp_ce.v	144
gen_serial_cic_comb.u_cic_interp16_serial_comb_dsp_ce/comb_operand_fabric_reg[1]	FDRE	FLOP_LATCH	SLICE_X39Y56	SLICEL.BFF	D:/FpgaProject/XilinxProject/XC7A35T/fir_interpolation/submit/finally/images/work/resource_compare_218_239/matched_ooc/lut239_snapshot/XC7A35T_interp_opt_2025.2/XC7A35T_interp.srcs/sources_1/new/national_finals/cic_interp16_n3_hold2_dsp_ce.v	144
gen_serial_cic_comb.u_cic_interp16_serial_comb_dsp_ce/comb_operand_fabric_reg[20]	FDRE	FLOP_LATCH	SLICE_X39Y61	SLICEL.AFF	D:/FpgaProject/XilinxProject/XC7A35T/fir_interpolation/submit/finally/images/work/resource_compare_218_239/matched_ooc/lut239_snapshot/XC7A35T_interp_opt_2025.2/XC7A35T_interp.srcs/sources_1/new/national_finals/cic_interp16_n3_hold2_dsp_ce.v	144
gen_serial_cic_comb.u_cic_interp16_serial_comb_dsp_ce/comb_operand_fabric_reg[21]	FDRE	FLOP_LATCH	SLICE_X39Y61	SLICEL.BFF	D:/FpgaProject/XilinxProject/XC7A35T/fir_interpolation/submit/finally/images/work/resource_compare_218_239/matched_ooc/lut239_snapshot/XC7A35T_interp_opt_2025.2/XC7A35T_interp.srcs/sources_1/new/national_finals/cic_interp16_n3_hold2_dsp_ce.v	144
gen_serial_cic_comb.u_cic_interp16_serial_comb_dsp_ce/comb_operand_fabric_reg[22]	FDRE	FLOP_LATCH	SLICE_X39Y61	SLICEL.CFF	D:/FpgaProject/XilinxProject/XC7A35T/fir_interpolation/submit/finally/images/work/resource_compare_218_239/matched_ooc/lut239_snapshot/XC7A35T_interp_opt_2025.2/XC7A35T_interp.srcs/sources_1/new/national_finals/cic_interp16_n3_hold2_dsp_ce.v	144
gen_serial_cic_comb.u_cic_interp16_serial_comb_dsp_ce/comb_operand_fabric_reg[2]	FDRE	FLOP_LATCH	SLICE_X39Y56	SLICEL.CFF	D:/FpgaProject/XilinxProject/XC7A35T/fir_interpolation/submit/finally/images/work/resource_compare_218_239/matched_ooc/lut239_snapshot/XC7A35T_interp_opt_2025.2/XC7A35T_interp.srcs/sources_1/new/national_finals/cic_interp16_n3_hold2_dsp_ce.v	144
gen_serial_cic_comb.u_cic_interp16_serial_comb_dsp_ce/comb_operand_fabric_reg[3]	FDRE	FLOP_LATCH	SLICE_X39Y56	SLICEL.DFF	D:/FpgaProject/XilinxProject/XC7A35T/fir_interpolation/submit/finally/images/work/resource_compare_218_239/matched_ooc/lut239_snapshot/XC7A35T_interp_opt_2025.2/XC7A35T_interp.srcs/sources_1/new/national_finals/cic_interp16_n3_hold2_dsp_ce.v	144
gen_serial_cic_comb.u_cic_interp16_serial_comb_dsp_ce/comb_operand_fabric_reg[4]	FDRE	FLOP_LATCH	SLICE_X39Y57	SLICEL.AFF	D:/FpgaProject/XilinxProject/XC7A35T/fir_interpolation/submit/finally/images/work/resource_compare_218_239/matched_ooc/lut239_snapshot/XC7A35T_interp_opt_2025.2/XC7A35T_interp.srcs/sources_1/new/national_finals/cic_interp16_n3_hold2_dsp_ce.v	144
gen_serial_cic_comb.u_cic_interp16_serial_comb_dsp_ce/comb_operand_fabric_reg[5]	FDRE	FLOP_LATCH	SLICE_X39Y57	SLICEL.BFF	D:/FpgaProject/XilinxProject/XC7A35T/fir_interpolation/submit/finally/images/work/resource_compare_218_239/matched_ooc/lut239_snapshot/XC7A35T_interp_opt_2025.2/XC7A35T_interp.srcs/sources_1/new/national_finals/cic_interp16_n3_hold2_dsp_ce.v	144
gen_serial_cic_comb.u_cic_interp16_serial_comb_dsp_ce/comb_operand_fabric_reg[6]	FDRE	FLOP_LATCH	SLICE_X39Y57	SLICEL.CFF	D:/FpgaProject/XilinxProject/XC7A35T/fir_interpolation/submit/finally/images/work/resource_compare_218_239/matched_ooc/lut239_snapshot/XC7A35T_interp_opt_2025.2/XC7A35T_interp.srcs/sources_1/new/national_finals/cic_interp16_n3_hold2_dsp_ce.v	144
gen_serial_cic_comb.u_cic_interp16_serial_comb_dsp_ce/comb_operand_fabric_reg[7]	FDRE	FLOP_LATCH	SLICE_X39Y57	SLICEL.DFF	D:/FpgaProject/XilinxProject/XC7A35T/fir_interpolation/submit/finally/images/work/resource_compare_218_239/matched_ooc/lut239_snapshot/XC7A35T_interp_opt_2025.2/XC7A35T_interp.srcs/sources_1/new/national_finals/cic_interp16_n3_hold2_dsp_ce.v	144
gen_serial_cic_comb.u_cic_interp16_serial_comb_dsp_ce/comb_operand_fabric_reg[8]	FDRE	FLOP_LATCH	SLICE_X39Y58	SLICEL.AFF	D:/FpgaProject/XilinxProject/XC7A35T/fir_interpolation/submit/finally/images/work/resource_compare_218_239/matched_ooc/lut239_snapshot/XC7A35T_interp_opt_2025.2/XC7A35T_interp.srcs/sources_1/new/national_finals/cic_interp16_n3_hold2_dsp_ce.v	144
gen_serial_cic_comb.u_cic_interp16_serial_comb_dsp_ce/comb_operand_fabric_reg[9]	FDRE	FLOP_LATCH	SLICE_X39Y58	SLICEL.BFF	D:/FpgaProject/XilinxProject/XC7A35T/fir_interpolation/submit/finally/images/work/resource_compare_218_239/matched_ooc/lut239_snapshot/XC7A35T_interp_opt_2025.2/XC7A35T_interp.srcs/sources_1/new/national_finals/cic_interp16_n3_hold2_dsp_ce.v	144
gen_serial_cic_comb.u_cic_interp16_serial_comb_dsp_ce/comb_stage_index_reg	FDRE	FLOP_LATCH	SLICE_X37Y59	SLICEL.A5FF	D:/FpgaProject/XilinxProject/XC7A35T/fir_interpolation/submit/finally/images/work/resource_compare_218_239/matched_ooc/lut239_snapshot/XC7A35T_interp_opt_2025.2/XC7A35T_interp.srcs/sources_1/new/national_finals/cic_interp16_n3_hold2_dsp_ce.v	196
gen_serial_cic_comb.u_cic_interp16_serial_comb_dsp_ce/gen_final_integrator_dsp.final_integrator_sum	DSP48E1	MULT	DSP48_X1Y22	DSP48E1.DSP48E1	D:/FpgaProject/XilinxProject/XC7A35T/fir_interpolation/submit/finally/images/work/resource_compare_218_239/matched_ooc/lut239_snapshot/XC7A35T_interp_opt_2025.2/XC7A35T_interp.srcs/sources_1/new/national_finals/cic_interp16_n3_hold2_dsp_ce.v	178
gen_serial_cic_comb.u_cic_interp16_serial_comb_dsp_ce/gen_first_integrator_carry.first_integrator_sum_carry	CARRY4	CARRY	SLICE_X45Y55	SLICEL.CARRY4	D:/FpgaProject/XilinxProject/XC7A35T/fir_interpolation/submit/finally/images/work/resource_compare_218_239/matched_ooc/lut239_snapshot/XC7A35T_interp_opt_2025.2/XC7A35T_interp.srcs/sources_1/new/national_finals/cic_interp16_n3_hold2_dsp_ce.v	155
gen_serial_cic_comb.u_cic_interp16_serial_comb_dsp_ce/gen_first_integrator_carry.first_integrator_sum_carry__0	CARRY4	CARRY	SLICE_X45Y56	SLICEL.CARRY4	D:/FpgaProject/XilinxProject/XC7A35T/fir_interpolation/submit/finally/images/work/resource_compare_218_239/matched_ooc/lut239_snapshot/XC7A35T_interp_opt_2025.2/XC7A35T_interp.srcs/sources_1/new/national_finals/cic_interp16_n3_hold2_dsp_ce.v	155
gen_serial_cic_comb.u_cic_interp16_serial_comb_dsp_ce/gen_first_integrator_carry.first_integrator_sum_carry__1	CARRY4	CARRY	SLICE_X45Y57	SLICEL.CARRY4	D:/FpgaProject/XilinxProject/XC7A35T/fir_interpolation/submit/finally/images/work/resource_compare_218_239/matched_ooc/lut239_snapshot/XC7A35T_interp_opt_2025.2/XC7A35T_interp.srcs/sources_1/new/national_finals/cic_interp16_n3_hold2_dsp_ce.v	155
gen_serial_cic_comb.u_cic_interp16_serial_comb_dsp_ce/gen_first_integrator_carry.first_integrator_sum_carry__2	CARRY4	CARRY	SLICE_X45Y58	SLICEL.CARRY4	D:/FpgaProject/XilinxProject/XC7A35T/fir_interpolation/submit/finally/images/work/resource_compare_218_239/matched_ooc/lut239_snapshot/XC7A35T_interp_opt_2025.2/XC7A35T_interp.srcs/sources_1/new/national_finals/cic_interp16_n3_hold2_dsp_ce.v	155
gen_serial_cic_comb.u_cic_interp16_serial_comb_dsp_ce/gen_first_integrator_carry.first_integrator_sum_carry__3	CARRY4	CARRY	SLICE_X45Y59	SLICEL.CARRY4	D:/FpgaProject/XilinxProject/XC7A35T/fir_interpolation/submit/finally/images/work/resource_compare_218_239/matched_ooc/lut239_snapshot/XC7A35T_interp_opt_2025.2/XC7A35T_interp.srcs/sources_1/new/national_finals/cic_interp16_n3_hold2_dsp_ce.v	155
gen_serial_cic_comb.u_cic_interp16_serial_comb_dsp_ce/gen_first_integrator_carry.first_integrator_sum_carry__4	CARRY4	CARRY	SLICE_X45Y60	SLICEL.CARRY4	D:/FpgaProject/XilinxProject/XC7A35T/fir_interpolation/submit/finally/images/work/resource_compare_218_239/matched_ooc/lut239_snapshot/XC7A35T_interp_opt_2025.2/XC7A35T_interp.srcs/sources_1/new/national_finals/cic_interp16_n3_hold2_dsp_ce.v	155
gen_serial_cic_comb.u_cic_interp16_serial_comb_dsp_ce/gen_first_integrator_carry.first_integrator_sum_carry__5	CARRY4	CARRY	SLICE_X45Y61	SLICEL.CARRY4	D:/FpgaProject/XilinxProject/XC7A35T/fir_interpolation/submit/finally/images/work/resource_compare_218_239/matched_ooc/lut239_snapshot/XC7A35T_interp_opt_2025.2/XC7A35T_interp.srcs/sources_1/new/national_finals/cic_interp16_n3_hold2_dsp_ce.v	155
gen_serial_cic_comb.u_cic_interp16_serial_comb_dsp_ce/hold_sample_reg[0]	FDRE	FLOP_LATCH	SLICE_X43Y56	SLICEL.AFF	D:/FpgaProject/XilinxProject/XC7A35T/fir_interpolation/submit/finally/images/work/resource_compare_218_239/matched_ooc/lut239_snapshot/XC7A35T_interp_opt_2025.2/XC7A35T_interp.srcs/sources_1/new/national_finals/cic_interp16_n3_hold2_dsp_ce.v	157
gen_serial_cic_comb.u_cic_interp16_serial_comb_dsp_ce/hold_sample_reg[10]	FDRE	FLOP_LATCH	SLICE_X43Y58	SLICEL.AFF	D:/FpgaProject/XilinxProject/XC7A35T/fir_interpolation/submit/finally/images/work/resource_compare_218_239/matched_ooc/lut239_snapshot/XC7A35T_interp_opt_2025.2/XC7A35T_interp.srcs/sources_1/new/national_finals/cic_interp16_n3_hold2_dsp_ce.v	157
gen_serial_cic_comb.u_cic_interp16_serial_comb_dsp_ce/hold_sample_reg[11]	FDRE	FLOP_LATCH	SLICE_X42Y58	SLICEM.AFF	D:/FpgaProject/XilinxProject/XC7A35T/fir_interpolation/submit/finally/images/work/resource_compare_218_239/matched_ooc/lut239_snapshot/XC7A35T_interp_opt_2025.2/XC7A35T_interp.srcs/sources_1/new/national_finals/cic_interp16_n3_hold2_dsp_ce.v	157
gen_serial_cic_comb.u_cic_interp16_serial_comb_dsp_ce/hold_sample_reg[12]	FDRE	FLOP_LATCH	SLICE_X42Y59	SLICEM.AFF	D:/FpgaProject/XilinxProject/XC7A35T/fir_interpolation/submit/finally/images/work/resource_compare_218_239/matched_ooc/lut239_snapshot/XC7A35T_interp_opt_2025.2/XC7A35T_interp.srcs/sources_1/new/national_finals/cic_interp16_n3_hold2_dsp_ce.v	157
gen_serial_cic_comb.u_cic_interp16_serial_comb_dsp_ce/hold_sample_reg[13]	FDRE	FLOP_LATCH	SLICE_X43Y58	SLICEL.BFF	D:/FpgaProject/XilinxProject/XC7A35T/fir_interpolation/submit/finally/images/work/resource_compare_218_239/matched_ooc/lut239_snapshot/XC7A35T_interp_opt_2025.2/XC7A35T_interp.srcs/sources_1/new/national_finals/cic_interp16_n3_hold2_dsp_ce.v	157
gen_serial_cic_comb.u_cic_interp16_serial_comb_dsp_ce/hold_sample_reg[14]	FDRE	FLOP_LATCH	SLICE_X42Y59	SLICEM.BFF	D:/FpgaProject/XilinxProject/XC7A35T/fir_interpolation/submit/finally/images/work/resource_compare_218_239/matched_ooc/lut239_snapshot/XC7A35T_interp_opt_2025.2/XC7A35T_interp.srcs/sources_1/new/national_finals/cic_interp16_n3_hold2_dsp_ce.v	157
gen_serial_cic_comb.u_cic_interp16_serial_comb_dsp_ce/hold_sample_reg[15]	FDRE	FLOP_LATCH	SLICE_X43Y58	SLICEL.CFF	D:/FpgaProject/XilinxProject/XC7A35T/fir_interpolation/submit/finally/images/work/resource_compare_218_239/matched_ooc/lut239_snapshot/XC7A35T_interp_opt_2025.2/XC7A35T_interp.srcs/sources_1/new/national_finals/cic_interp16_n3_hold2_dsp_ce.v	157
gen_serial_cic_comb.u_cic_interp16_serial_comb_dsp_ce/hold_sample_reg[16]	FDRE	FLOP_LATCH	SLICE_X43Y59	SLICEL.AFF	D:/FpgaProject/XilinxProject/XC7A35T/fir_interpolation/submit/finally/images/work/resource_compare_218_239/matched_ooc/lut239_snapshot/XC7A35T_interp_opt_2025.2/XC7A35T_interp.srcs/sources_1/new/national_finals/cic_interp16_n3_hold2_dsp_ce.v	157
gen_serial_cic_comb.u_cic_interp16_serial_comb_dsp_ce/hold_sample_reg[17]	FDRE	FLOP_LATCH	SLICE_X43Y59	SLICEL.BFF	D:/FpgaProject/XilinxProject/XC7A35T/fir_interpolation/submit/finally/images/work/resource_compare_218_239/matched_ooc/lut239_snapshot/XC7A35T_interp_opt_2025.2/XC7A35T_interp.srcs/sources_1/new/national_finals/cic_interp16_n3_hold2_dsp_ce.v	157
gen_serial_cic_comb.u_cic_interp16_serial_comb_dsp_ce/hold_sample_reg[18]	FDRE	FLOP_LATCH	SLICE_X43Y59	SLICEL.CFF	D:/FpgaProject/XilinxProject/XC7A35T/fir_interpolation/submit/finally/images/work/resource_compare_218_239/matched_ooc/lut239_snapshot/XC7A35T_interp_opt_2025.2/XC7A35T_interp.srcs/sources_1/new/national_finals/cic_interp16_n3_hold2_dsp_ce.v	157
gen_serial_cic_comb.u_cic_interp16_serial_comb_dsp_ce/hold_sample_reg[19]	FDRE	FLOP_LATCH	SLICE_X40Y60	SLICEL.AFF	D:/FpgaProject/XilinxProject/XC7A35T/fir_interpolation/submit/finally/images/work/resource_compare_218_239/matched_ooc/lut239_snapshot/XC7A35T_interp_opt_2025.2/XC7A35T_interp.srcs/sources_1/new/national_finals/cic_interp16_n3_hold2_dsp_ce.v	157
gen_serial_cic_comb.u_cic_interp16_serial_comb_dsp_ce/hold_sample_reg[1]	FDRE	FLOP_LATCH	SLICE_X40Y56	SLICEL.AFF	D:/FpgaProject/XilinxProject/XC7A35T/fir_interpolation/submit/finally/images/work/resource_compare_218_239/matched_ooc/lut239_snapshot/XC7A35T_interp_opt_2025.2/XC7A35T_interp.srcs/sources_1/new/national_finals/cic_interp16_n3_hold2_dsp_ce.v	157
gen_serial_cic_comb.u_cic_interp16_serial_comb_dsp_ce/hold_sample_reg[20]	FDRE	FLOP_LATCH	SLICE_X42Y61	SLICEM.AFF	D:/FpgaProject/XilinxProject/XC7A35T/fir_interpolation/submit/finally/images/work/resource_compare_218_239/matched_ooc/lut239_snapshot/XC7A35T_interp_opt_2025.2/XC7A35T_interp.srcs/sources_1/new/national_finals/cic_interp16_n3_hold2_dsp_ce.v	157
gen_serial_cic_comb.u_cic_interp16_serial_comb_dsp_ce/hold_sample_reg[21]	FDRE	FLOP_LATCH	SLICE_X42Y61	SLICEM.BFF	D:/FpgaProject/XilinxProject/XC7A35T/fir_interpolation/submit/finally/images/work/resource_compare_218_239/matched_ooc/lut239_snapshot/XC7A35T_interp_opt_2025.2/XC7A35T_interp.srcs/sources_1/new/national_finals/cic_interp16_n3_hold2_dsp_ce.v	157
gen_serial_cic_comb.u_cic_interp16_serial_comb_dsp_ce/hold_sample_reg[22]	FDRE	FLOP_LATCH	SLICE_X40Y60	SLICEL.BFF	D:/FpgaProject/XilinxProject/XC7A35T/fir_interpolation/submit/finally/images/work/resource_compare_218_239/matched_ooc/lut239_snapshot/XC7A35T_interp_opt_2025.2/XC7A35T_interp.srcs/sources_1/new/national_finals/cic_interp16_n3_hold2_dsp_ce.v	157
gen_serial_cic_comb.u_cic_interp16_serial_comb_dsp_ce/hold_sample_reg[2]	FDRE	FLOP_LATCH	SLICE_X43Y56	SLICEL.BFF	D:/FpgaProject/XilinxProject/XC7A35T/fir_interpolation/submit/finally/images/work/resource_compare_218_239/matched_ooc/lut239_snapshot/XC7A35T_interp_opt_2025.2/XC7A35T_interp.srcs/sources_1/new/national_finals/cic_interp16_n3_hold2_dsp_ce.v	157
gen_serial_cic_comb.u_cic_interp16_serial_comb_dsp_ce/hold_sample_reg[3]	FDRE	FLOP_LATCH	SLICE_X43Y56	SLICEL.CFF	D:/FpgaProject/XilinxProject/XC7A35T/fir_interpolation/submit/finally/images/work/resource_compare_218_239/matched_ooc/lut239_snapshot/XC7A35T_interp_opt_2025.2/XC7A35T_interp.srcs/sources_1/new/national_finals/cic_interp16_n3_hold2_dsp_ce.v	157
gen_serial_cic_comb.u_cic_interp16_serial_comb_dsp_ce/hold_sample_reg[4]	FDRE	FLOP_LATCH	SLICE_X40Y56	SLICEL.BFF	D:/FpgaProject/XilinxProject/XC7A35T/fir_interpolation/submit/finally/images/work/resource_compare_218_239/matched_ooc/lut239_snapshot/XC7A35T_interp_opt_2025.2/XC7A35T_interp.srcs/sources_1/new/national_finals/cic_interp16_n3_hold2_dsp_ce.v	157
gen_serial_cic_comb.u_cic_interp16_serial_comb_dsp_ce/hold_sample_reg[5]	FDRE	FLOP_LATCH	SLICE_X40Y56	SLICEL.CFF	D:/FpgaProject/XilinxProject/XC7A35T/fir_interpolation/submit/finally/images/work/resource_compare_218_239/matched_ooc/lut239_snapshot/XC7A35T_interp_opt_2025.2/XC7A35T_interp.srcs/sources_1/new/national_finals/cic_interp16_n3_hold2_dsp_ce.v	157
gen_serial_cic_comb.u_cic_interp16_serial_comb_dsp_ce/hold_sample_reg[6]	FDRE	FLOP_LATCH	SLICE_X37Y56	SLICEL.AFF	D:/FpgaProject/XilinxProject/XC7A35T/fir_interpolation/submit/finally/images/work/resource_compare_218_239/matched_ooc/lut239_snapshot/XC7A35T_interp_opt_2025.2/XC7A35T_interp.srcs/sources_1/new/national_finals/cic_interp16_n3_hold2_dsp_ce.v	157
gen_serial_cic_comb.u_cic_interp16_serial_comb_dsp_ce/hold_sample_reg[7]	FDRE	FLOP_LATCH	SLICE_X40Y56	SLICEL.DFF	D:/FpgaProject/XilinxProject/XC7A35T/fir_interpolation/submit/finally/images/work/resource_compare_218_239/matched_ooc/lut239_snapshot/XC7A35T_interp_opt_2025.2/XC7A35T_interp.srcs/sources_1/new/national_finals/cic_interp16_n3_hold2_dsp_ce.v	157
gen_serial_cic_comb.u_cic_interp16_serial_comb_dsp_ce/hold_sample_reg[8]	FDRE	FLOP_LATCH	SLICE_X43Y58	SLICEL.DFF	D:/FpgaProject/XilinxProject/XC7A35T/fir_interpolation/submit/finally/images/work/resource_compare_218_239/matched_ooc/lut239_snapshot/XC7A35T_interp_opt_2025.2/XC7A35T_interp.srcs/sources_1/new/national_finals/cic_interp16_n3_hold2_dsp_ce.v	157
gen_serial_cic_comb.u_cic_interp16_serial_comb_dsp_ce/hold_sample_reg[9]	FDRE	FLOP_LATCH	SLICE_X43Y57	SLICEL.AFF	D:/FpgaProject/XilinxProject/XC7A35T/fir_interpolation/submit/finally/images/work/resource_compare_218_239/matched_ooc/lut239_snapshot/XC7A35T_interp_opt_2025.2/XC7A35T_interp.srcs/sources_1/new/national_finals/cic_interp16_n3_hold2_dsp_ce.v	157
gen_serial_cic_comb.u_cic_interp16_serial_comb_dsp_ce/integrator_state_reg[0]	FDRE	FLOP_LATCH	SLICE_X44Y55	SLICEL.AFF	D:/FpgaProject/XilinxProject/XC7A35T/fir_interpolation/submit/finally/images/work/resource_compare_218_239/matched_ooc/lut239_snapshot/XC7A35T_interp_opt_2025.2/XC7A35T_interp.srcs/sources_1/new/national_finals/cic_interp16_n3_hold2_dsp_ce.v	169
gen_serial_cic_comb.u_cic_interp16_serial_comb_dsp_ce/integrator_state_reg[10]	FDRE	FLOP_LATCH	SLICE_X44Y57	SLICEL.CFF	D:/FpgaProject/XilinxProject/XC7A35T/fir_interpolation/submit/finally/images/work/resource_compare_218_239/matched_ooc/lut239_snapshot/XC7A35T_interp_opt_2025.2/XC7A35T_interp.srcs/sources_1/new/national_finals/cic_interp16_n3_hold2_dsp_ce.v	169
gen_serial_cic_comb.u_cic_interp16_serial_comb_dsp_ce/integrator_state_reg[11]	FDRE	FLOP_LATCH	SLICE_X44Y57	SLICEL.DFF	D:/FpgaProject/XilinxProject/XC7A35T/fir_interpolation/submit/finally/images/work/resource_compare_218_239/matched_ooc/lut239_snapshot/XC7A35T_interp_opt_2025.2/XC7A35T_interp.srcs/sources_1/new/national_finals/cic_interp16_n3_hold2_dsp_ce.v	169
gen_serial_cic_comb.u_cic_interp16_serial_comb_dsp_ce/integrator_state_reg[12]	FDRE	FLOP_LATCH	SLICE_X44Y58	SLICEL.AFF	D:/FpgaProject/XilinxProject/XC7A35T/fir_interpolation/submit/finally/images/work/resource_compare_218_239/matched_ooc/lut239_snapshot/XC7A35T_interp_opt_2025.2/XC7A35T_interp.srcs/sources_1/new/national_finals/cic_interp16_n3_hold2_dsp_ce.v	169
gen_serial_cic_comb.u_cic_interp16_serial_comb_dsp_ce/integrator_state_reg[13]	FDRE	FLOP_LATCH	SLICE_X44Y58	SLICEL.BFF	D:/FpgaProject/XilinxProject/XC7A35T/fir_interpolation/submit/finally/images/work/resource_compare_218_239/matched_ooc/lut239_snapshot/XC7A35T_interp_opt_2025.2/XC7A35T_interp.srcs/sources_1/new/national_finals/cic_interp16_n3_hold2_dsp_ce.v	169
gen_serial_cic_comb.u_cic_interp16_serial_comb_dsp_ce/integrator_state_reg[14]	FDRE	FLOP_LATCH	SLICE_X44Y58	SLICEL.CFF	D:/FpgaProject/XilinxProject/XC7A35T/fir_interpolation/submit/finally/images/work/resource_compare_218_239/matched_ooc/lut239_snapshot/XC7A35T_interp_opt_2025.2/XC7A35T_interp.srcs/sources_1/new/national_finals/cic_interp16_n3_hold2_dsp_ce.v	169
gen_serial_cic_comb.u_cic_interp16_serial_comb_dsp_ce/integrator_state_reg[15]	FDRE	FLOP_LATCH	SLICE_X44Y58	SLICEL.DFF	D:/FpgaProject/XilinxProject/XC7A35T/fir_interpolation/submit/finally/images/work/resource_compare_218_239/matched_ooc/lut239_snapshot/XC7A35T_interp_opt_2025.2/XC7A35T_interp.srcs/sources_1/new/national_finals/cic_interp16_n3_hold2_dsp_ce.v	169
gen_serial_cic_comb.u_cic_interp16_serial_comb_dsp_ce/integrator_state_reg[16]	FDRE	FLOP_LATCH	SLICE_X44Y59	SLICEL.AFF	D:/FpgaProject/XilinxProject/XC7A35T/fir_interpolation/submit/finally/images/work/resource_compare_218_239/matched_ooc/lut239_snapshot/XC7A35T_interp_opt_2025.2/XC7A35T_interp.srcs/sources_1/new/national_finals/cic_interp16_n3_hold2_dsp_ce.v	169
gen_serial_cic_comb.u_cic_interp16_serial_comb_dsp_ce/integrator_state_reg[17]	FDRE	FLOP_LATCH	SLICE_X44Y59	SLICEL.BFF	D:/FpgaProject/XilinxProject/XC7A35T/fir_interpolation/submit/finally/images/work/resource_compare_218_239/matched_ooc/lut239_snapshot/XC7A35T_interp_opt_2025.2/XC7A35T_interp.srcs/sources_1/new/national_finals/cic_interp16_n3_hold2_dsp_ce.v	169
gen_serial_cic_comb.u_cic_interp16_serial_comb_dsp_ce/integrator_state_reg[18]	FDRE	FLOP_LATCH	SLICE_X44Y59	SLICEL.CFF	D:/FpgaProject/XilinxProject/XC7A35T/fir_interpolation/submit/finally/images/work/resource_compare_218_239/matched_ooc/lut239_snapshot/XC7A35T_interp_opt_2025.2/XC7A35T_interp.srcs/sources_1/new/national_finals/cic_interp16_n3_hold2_dsp_ce.v	169
gen_serial_cic_comb.u_cic_interp16_serial_comb_dsp_ce/integrator_state_reg[19]	FDRE	FLOP_LATCH	SLICE_X44Y59	SLICEL.DFF	D:/FpgaProject/XilinxProject/XC7A35T/fir_interpolation/submit/finally/images/work/resource_compare_218_239/matched_ooc/lut239_snapshot/XC7A35T_interp_opt_2025.2/XC7A35T_interp.srcs/sources_1/new/national_finals/cic_interp16_n3_hold2_dsp_ce.v	169
gen_serial_cic_comb.u_cic_interp16_serial_comb_dsp_ce/integrator_state_reg[1]	FDRE	FLOP_LATCH	SLICE_X44Y55	SLICEL.BFF	D:/FpgaProject/XilinxProject/XC7A35T/fir_interpolation/submit/finally/images/work/resource_compare_218_239/matched_ooc/lut239_snapshot/XC7A35T_interp_opt_2025.2/XC7A35T_interp.srcs/sources_1/new/national_finals/cic_interp16_n3_hold2_dsp_ce.v	169
gen_serial_cic_comb.u_cic_interp16_serial_comb_dsp_ce/integrator_state_reg[20]	FDRE	FLOP_LATCH	SLICE_X44Y60	SLICEL.AFF	D:/FpgaProject/XilinxProject/XC7A35T/fir_interpolation/submit/finally/images/work/resource_compare_218_239/matched_ooc/lut239_snapshot/XC7A35T_interp_opt_2025.2/XC7A35T_interp.srcs/sources_1/new/national_finals/cic_interp16_n3_hold2_dsp_ce.v	169
gen_serial_cic_comb.u_cic_interp16_serial_comb_dsp_ce/integrator_state_reg[21]	FDRE	FLOP_LATCH	SLICE_X44Y60	SLICEL.BFF	D:/FpgaProject/XilinxProject/XC7A35T/fir_interpolation/submit/finally/images/work/resource_compare_218_239/matched_ooc/lut239_snapshot/XC7A35T_interp_opt_2025.2/XC7A35T_interp.srcs/sources_1/new/national_finals/cic_interp16_n3_hold2_dsp_ce.v	169
gen_serial_cic_comb.u_cic_interp16_serial_comb_dsp_ce/integrator_state_reg[22]	FDRE	FLOP_LATCH	SLICE_X44Y60	SLICEL.CFF	D:/FpgaProject/XilinxProject/XC7A35T/fir_interpolation/submit/finally/images/work/resource_compare_218_239/matched_ooc/lut239_snapshot/XC7A35T_interp_opt_2025.2/XC7A35T_interp.srcs/sources_1/new/national_finals/cic_interp16_n3_hold2_dsp_ce.v	169
gen_serial_cic_comb.u_cic_interp16_serial_comb_dsp_ce/integrator_state_reg[23]	FDRE	FLOP_LATCH	SLICE_X44Y60	SLICEL.DFF	D:/FpgaProject/XilinxProject/XC7A35T/fir_interpolation/submit/finally/images/work/resource_compare_218_239/matched_ooc/lut239_snapshot/XC7A35T_interp_opt_2025.2/XC7A35T_interp.srcs/sources_1/new/national_finals/cic_interp16_n3_hold2_dsp_ce.v	169
gen_serial_cic_comb.u_cic_interp16_serial_comb_dsp_ce/integrator_state_reg[24]	FDRE	FLOP_LATCH	SLICE_X44Y61	SLICEL.AFF	D:/FpgaProject/XilinxProject/XC7A35T/fir_interpolation/submit/finally/images/work/resource_compare_218_239/matched_ooc/lut239_snapshot/XC7A35T_interp_opt_2025.2/XC7A35T_interp.srcs/sources_1/new/national_finals/cic_interp16_n3_hold2_dsp_ce.v	169
gen_serial_cic_comb.u_cic_interp16_serial_comb_dsp_ce/integrator_state_reg[25]	FDRE	FLOP_LATCH	SLICE_X44Y61	SLICEL.BFF	D:/FpgaProject/XilinxProject/XC7A35T/fir_interpolation/submit/finally/images/work/resource_compare_218_239/matched_ooc/lut239_snapshot/XC7A35T_interp_opt_2025.2/XC7A35T_interp.srcs/sources_1/new/national_finals/cic_interp16_n3_hold2_dsp_ce.v	169
gen_serial_cic_comb.u_cic_interp16_serial_comb_dsp_ce/integrator_state_reg[2]	FDRE	FLOP_LATCH	SLICE_X44Y55	SLICEL.CFF	D:/FpgaProject/XilinxProject/XC7A35T/fir_interpolation/submit/finally/images/work/resource_compare_218_239/matched_ooc/lut239_snapshot/XC7A35T_interp_opt_2025.2/XC7A35T_interp.srcs/sources_1/new/national_finals/cic_interp16_n3_hold2_dsp_ce.v	169
gen_serial_cic_comb.u_cic_interp16_serial_comb_dsp_ce/integrator_state_reg[3]	FDRE	FLOP_LATCH	SLICE_X44Y55	SLICEL.DFF	D:/FpgaProject/XilinxProject/XC7A35T/fir_interpolation/submit/finally/images/work/resource_compare_218_239/matched_ooc/lut239_snapshot/XC7A35T_interp_opt_2025.2/XC7A35T_interp.srcs/sources_1/new/national_finals/cic_interp16_n3_hold2_dsp_ce.v	169
gen_serial_cic_comb.u_cic_interp16_serial_comb_dsp_ce/integrator_state_reg[4]	FDRE	FLOP_LATCH	SLICE_X44Y56	SLICEL.AFF	D:/FpgaProject/XilinxProject/XC7A35T/fir_interpolation/submit/finally/images/work/resource_compare_218_239/matched_ooc/lut239_snapshot/XC7A35T_interp_opt_2025.2/XC7A35T_interp.srcs/sources_1/new/national_finals/cic_interp16_n3_hold2_dsp_ce.v	169
gen_serial_cic_comb.u_cic_interp16_serial_comb_dsp_ce/integrator_state_reg[5]	FDRE	FLOP_LATCH	SLICE_X44Y56	SLICEL.BFF	D:/FpgaProject/XilinxProject/XC7A35T/fir_interpolation/submit/finally/images/work/resource_compare_218_239/matched_ooc/lut239_snapshot/XC7A35T_interp_opt_2025.2/XC7A35T_interp.srcs/sources_1/new/national_finals/cic_interp16_n3_hold2_dsp_ce.v	169
gen_serial_cic_comb.u_cic_interp16_serial_comb_dsp_ce/integrator_state_reg[6]	FDRE	FLOP_LATCH	SLICE_X44Y56	SLICEL.CFF	D:/FpgaProject/XilinxProject/XC7A35T/fir_interpolation/submit/finally/images/work/resource_compare_218_239/matched_ooc/lut239_snapshot/XC7A35T_interp_opt_2025.2/XC7A35T_interp.srcs/sources_1/new/national_finals/cic_interp16_n3_hold2_dsp_ce.v	169
gen_serial_cic_comb.u_cic_interp16_serial_comb_dsp_ce/integrator_state_reg[7]	FDRE	FLOP_LATCH	SLICE_X44Y56	SLICEL.DFF	D:/FpgaProject/XilinxProject/XC7A35T/fir_interpolation/submit/finally/images/work/resource_compare_218_239/matched_ooc/lut239_snapshot/XC7A35T_interp_opt_2025.2/XC7A35T_interp.srcs/sources_1/new/national_finals/cic_interp16_n3_hold2_dsp_ce.v	169
gen_serial_cic_comb.u_cic_interp16_serial_comb_dsp_ce/integrator_state_reg[8]	FDRE	FLOP_LATCH	SLICE_X44Y57	SLICEL.AFF	D:/FpgaProject/XilinxProject/XC7A35T/fir_interpolation/submit/finally/images/work/resource_compare_218_239/matched_ooc/lut239_snapshot/XC7A35T_interp_opt_2025.2/XC7A35T_interp.srcs/sources_1/new/national_finals/cic_interp16_n3_hold2_dsp_ce.v	169
gen_serial_cic_comb.u_cic_interp16_serial_comb_dsp_ce/integrator_state_reg[9]	FDRE	FLOP_LATCH	SLICE_X44Y57	SLICEL.BFF	D:/FpgaProject/XilinxProject/XC7A35T/fir_interpolation/submit/finally/images/work/resource_compare_218_239/matched_ooc/lut239_snapshot/XC7A35T_interp_opt_2025.2/XC7A35T_interp.srcs/sources_1/new/national_finals/cic_interp16_n3_hold2_dsp_ce.v	169
gen_serial_cic_comb.u_cic_interp16_serial_comb_dsp_ce/u_round_cic_normalized_output/rounded_value_carry	CARRY4	CARRY	SLICE_X54Y56	SLICEM.CARRY4	D:/FpgaProject/XilinxProject/XC7A35T/fir_interpolation/submit/finally/images/work/resource_compare_218_239/matched_ooc/lut239_snapshot/XC7A35T_interp_opt_2025.2/XC7A35T_interp.srcs/sources_1/new/all2x_v6/round_sat_shift_compact.v	57
gen_serial_cic_comb.u_cic_interp16_serial_comb_dsp_ce/u_round_cic_normalized_output/rounded_value_carry__0	CARRY4	CARRY	SLICE_X54Y57	SLICEM.CARRY4	D:/FpgaProject/XilinxProject/XC7A35T/fir_interpolation/submit/finally/images/work/resource_compare_218_239/matched_ooc/lut239_snapshot/XC7A35T_interp_opt_2025.2/XC7A35T_interp.srcs/sources_1/new/all2x_v6/round_sat_shift_compact.v	57
gen_serial_cic_comb.u_cic_interp16_serial_comb_dsp_ce/u_round_cic_normalized_output/rounded_value_carry__1	CARRY4	CARRY	SLICE_X54Y58	SLICEM.CARRY4	D:/FpgaProject/XilinxProject/XC7A35T/fir_interpolation/submit/finally/images/work/resource_compare_218_239/matched_ooc/lut239_snapshot/XC7A35T_interp_opt_2025.2/XC7A35T_interp.srcs/sources_1/new/all2x_v6/round_sat_shift_compact.v	57
gen_serial_cic_comb.u_cic_interp16_serial_comb_dsp_ce/u_round_cic_normalized_output/rounded_value_carry__2	CARRY4	CARRY	SLICE_X54Y59	SLICEM.CARRY4	D:/FpgaProject/XilinxProject/XC7A35T/fir_interpolation/submit/finally/images/work/resource_compare_218_239/matched_ooc/lut239_snapshot/XC7A35T_interp_opt_2025.2/XC7A35T_interp.srcs/sources_1/new/all2x_v6/round_sat_shift_compact.v	57
gen_serial_cic_comb.u_cic_interp16_serial_comb_dsp_ce/u_round_cic_normalized_output/rounded_value_carry__3	CARRY4	CARRY	SLICE_X54Y60	SLICEM.CARRY4	D:/FpgaProject/XilinxProject/XC7A35T/fir_interpolation/submit/finally/images/work/resource_compare_218_239/matched_ooc/lut239_snapshot/XC7A35T_interp_opt_2025.2/XC7A35T_interp.srcs/sources_1/new/all2x_v6/round_sat_shift_compact.v	57
gen_serial_cic_comb.u_cic_interp16_serial_comb_dsp_ce/u_round_cic_normalized_output/rounded_value_carry__4	CARRY4	CARRY	SLICE_X54Y61	SLICEM.CARRY4	D:/FpgaProject/XilinxProject/XC7A35T/fir_interpolation/submit/finally/images/work/resource_compare_218_239/matched_ooc/lut239_snapshot/XC7A35T_interp_opt_2025.2/XC7A35T_interp.srcs/sources_1/new/all2x_v6/round_sat_shift_compact.v	57
gen_serial_cic_comb.u_cic_interp16_serial_comb_dsp_ce/y_out_reg[0]	FDRE	FLOP_LATCH	SLICE_X55Y56	SLICEL.AFF	D:/FpgaProject/XilinxProject/XC7A35T/fir_interpolation/submit/finally/images/work/resource_compare_218_239/matched_ooc/lut239_snapshot/XC7A35T_interp_opt_2025.2/XC7A35T_interp.srcs/sources_1/new/national_finals/cic_interp16_n3_hold2_dsp_ce.v	237
gen_serial_cic_comb.u_cic_interp16_serial_comb_dsp_ce/y_out_reg[10]	FDRE	FLOP_LATCH	SLICE_X55Y58	SLICEL.AFF	D:/FpgaProject/XilinxProject/XC7A35T/fir_interpolation/submit/finally/images/work/resource_compare_218_239/matched_ooc/lut239_snapshot/XC7A35T_interp_opt_2025.2/XC7A35T_interp.srcs/sources_1/new/national_finals/cic_interp16_n3_hold2_dsp_ce.v	237
gen_serial_cic_comb.u_cic_interp16_serial_comb_dsp_ce/y_out_reg[11]	FDRE	FLOP_LATCH	SLICE_X55Y59	SLICEL.AFF	D:/FpgaProject/XilinxProject/XC7A35T/fir_interpolation/submit/finally/images/work/resource_compare_218_239/matched_ooc/lut239_snapshot/XC7A35T_interp_opt_2025.2/XC7A35T_interp.srcs/sources_1/new/national_finals/cic_interp16_n3_hold2_dsp_ce.v	237
gen_serial_cic_comb.u_cic_interp16_serial_comb_dsp_ce/y_out_reg[12]	FDRE	FLOP_LATCH	SLICE_X55Y59	SLICEL.A5FF	D:/FpgaProject/XilinxProject/XC7A35T/fir_interpolation/submit/finally/images/work/resource_compare_218_239/matched_ooc/lut239_snapshot/XC7A35T_interp_opt_2025.2/XC7A35T_interp.srcs/sources_1/new/national_finals/cic_interp16_n3_hold2_dsp_ce.v	237
gen_serial_cic_comb.u_cic_interp16_serial_comb_dsp_ce/y_out_reg[13]	FDRE	FLOP_LATCH	SLICE_X55Y59	SLICEL.BFF	D:/FpgaProject/XilinxProject/XC7A35T/fir_interpolation/submit/finally/images/work/resource_compare_218_239/matched_ooc/lut239_snapshot/XC7A35T_interp_opt_2025.2/XC7A35T_interp.srcs/sources_1/new/national_finals/cic_interp16_n3_hold2_dsp_ce.v	237
gen_serial_cic_comb.u_cic_interp16_serial_comb_dsp_ce/y_out_reg[14]	FDRE	FLOP_LATCH	SLICE_X55Y59	SLICEL.B5FF	D:/FpgaProject/XilinxProject/XC7A35T/fir_interpolation/submit/finally/images/work/resource_compare_218_239/matched_ooc/lut239_snapshot/XC7A35T_interp_opt_2025.2/XC7A35T_interp.srcs/sources_1/new/national_finals/cic_interp16_n3_hold2_dsp_ce.v	237
gen_serial_cic_comb.u_cic_interp16_serial_comb_dsp_ce/y_out_reg[15]	FDRE	FLOP_LATCH	SLICE_X55Y59	SLICEL.CFF	D:/FpgaProject/XilinxProject/XC7A35T/fir_interpolation/submit/finally/images/work/resource_compare_218_239/matched_ooc/lut239_snapshot/XC7A35T_interp_opt_2025.2/XC7A35T_interp.srcs/sources_1/new/national_finals/cic_interp16_n3_hold2_dsp_ce.v	237
gen_serial_cic_comb.u_cic_interp16_serial_comb_dsp_ce/y_out_reg[16]	FDRE	FLOP_LATCH	SLICE_X55Y59	SLICEL.C5FF	D:/FpgaProject/XilinxProject/XC7A35T/fir_interpolation/submit/finally/images/work/resource_compare_218_239/matched_ooc/lut239_snapshot/XC7A35T_interp_opt_2025.2/XC7A35T_interp.srcs/sources_1/new/national_finals/cic_interp16_n3_hold2_dsp_ce.v	237
gen_serial_cic_comb.u_cic_interp16_serial_comb_dsp_ce/y_out_reg[17]	FDRE	FLOP_LATCH	SLICE_X55Y60	SLICEL.AFF	D:/FpgaProject/XilinxProject/XC7A35T/fir_interpolation/submit/finally/images/work/resource_compare_218_239/matched_ooc/lut239_snapshot/XC7A35T_interp_opt_2025.2/XC7A35T_interp.srcs/sources_1/new/national_finals/cic_interp16_n3_hold2_dsp_ce.v	237
gen_serial_cic_comb.u_cic_interp16_serial_comb_dsp_ce/y_out_reg[18]	FDRE	FLOP_LATCH	SLICE_X55Y60	SLICEL.A5FF	D:/FpgaProject/XilinxProject/XC7A35T/fir_interpolation/submit/finally/images/work/resource_compare_218_239/matched_ooc/lut239_snapshot/XC7A35T_interp_opt_2025.2/XC7A35T_interp.srcs/sources_1/new/national_finals/cic_interp16_n3_hold2_dsp_ce.v	237
gen_serial_cic_comb.u_cic_interp16_serial_comb_dsp_ce/y_out_reg[19]	FDRE	FLOP_LATCH	SLICE_X55Y56	SLICEL.A5FF	D:/FpgaProject/XilinxProject/XC7A35T/fir_interpolation/submit/finally/images/work/resource_compare_218_239/matched_ooc/lut239_snapshot/XC7A35T_interp_opt_2025.2/XC7A35T_interp.srcs/sources_1/new/national_finals/cic_interp16_n3_hold2_dsp_ce.v	237
gen_serial_cic_comb.u_cic_interp16_serial_comb_dsp_ce/y_out_reg[1]	FDRE	FLOP_LATCH	SLICE_X55Y56	SLICEL.BFF	D:/FpgaProject/XilinxProject/XC7A35T/fir_interpolation/submit/finally/images/work/resource_compare_218_239/matched_ooc/lut239_snapshot/XC7A35T_interp_opt_2025.2/XC7A35T_interp.srcs/sources_1/new/national_finals/cic_interp16_n3_hold2_dsp_ce.v	237
gen_serial_cic_comb.u_cic_interp16_serial_comb_dsp_ce/y_out_reg[2]	FDRE	FLOP_LATCH	SLICE_X55Y56	SLICEL.B5FF	D:/FpgaProject/XilinxProject/XC7A35T/fir_interpolation/submit/finally/images/work/resource_compare_218_239/matched_ooc/lut239_snapshot/XC7A35T_interp_opt_2025.2/XC7A35T_interp.srcs/sources_1/new/national_finals/cic_interp16_n3_hold2_dsp_ce.v	237
gen_serial_cic_comb.u_cic_interp16_serial_comb_dsp_ce/y_out_reg[3]	FDRE	FLOP_LATCH	SLICE_X55Y57	SLICEL.AFF	D:/FpgaProject/XilinxProject/XC7A35T/fir_interpolation/submit/finally/images/work/resource_compare_218_239/matched_ooc/lut239_snapshot/XC7A35T_interp_opt_2025.2/XC7A35T_interp.srcs/sources_1/new/national_finals/cic_interp16_n3_hold2_dsp_ce.v	237
gen_serial_cic_comb.u_cic_interp16_serial_comb_dsp_ce/y_out_reg[4]	FDRE	FLOP_LATCH	SLICE_X55Y57	SLICEL.A5FF	D:/FpgaProject/XilinxProject/XC7A35T/fir_interpolation/submit/finally/images/work/resource_compare_218_239/matched_ooc/lut239_snapshot/XC7A35T_interp_opt_2025.2/XC7A35T_interp.srcs/sources_1/new/national_finals/cic_interp16_n3_hold2_dsp_ce.v	237
gen_serial_cic_comb.u_cic_interp16_serial_comb_dsp_ce/y_out_reg[5]	FDRE	FLOP_LATCH	SLICE_X55Y57	SLICEL.BFF	D:/FpgaProject/XilinxProject/XC7A35T/fir_interpolation/submit/finally/images/work/resource_compare_218_239/matched_ooc/lut239_snapshot/XC7A35T_interp_opt_2025.2/XC7A35T_interp.srcs/sources_1/new/national_finals/cic_interp16_n3_hold2_dsp_ce.v	237
gen_serial_cic_comb.u_cic_interp16_serial_comb_dsp_ce/y_out_reg[6]	FDRE	FLOP_LATCH	SLICE_X55Y57	SLICEL.B5FF	D:/FpgaProject/XilinxProject/XC7A35T/fir_interpolation/submit/finally/images/work/resource_compare_218_239/matched_ooc/lut239_snapshot/XC7A35T_interp_opt_2025.2/XC7A35T_interp.srcs/sources_1/new/national_finals/cic_interp16_n3_hold2_dsp_ce.v	237
gen_serial_cic_comb.u_cic_interp16_serial_comb_dsp_ce/y_out_reg[7]	FDRE	FLOP_LATCH	SLICE_X55Y58	SLICEL.BFF	D:/FpgaProject/XilinxProject/XC7A35T/fir_interpolation/submit/finally/images/work/resource_compare_218_239/matched_ooc/lut239_snapshot/XC7A35T_interp_opt_2025.2/XC7A35T_interp.srcs/sources_1/new/national_finals/cic_interp16_n3_hold2_dsp_ce.v	237
gen_serial_cic_comb.u_cic_interp16_serial_comb_dsp_ce/y_out_reg[8]	FDRE	FLOP_LATCH	SLICE_X55Y58	SLICEL.B5FF	D:/FpgaProject/XilinxProject/XC7A35T/fir_interpolation/submit/finally/images/work/resource_compare_218_239/matched_ooc/lut239_snapshot/XC7A35T_interp_opt_2025.2/XC7A35T_interp.srcs/sources_1/new/national_finals/cic_interp16_n3_hold2_dsp_ce.v	237
gen_serial_cic_comb.u_cic_interp16_serial_comb_dsp_ce/y_out_reg[9]	FDRE	FLOP_LATCH	SLICE_X55Y58	SLICEL.A5FF	D:/FpgaProject/XilinxProject/XC7A35T/fir_interpolation/submit/finally/images/work/resource_compare_218_239/matched_ooc/lut239_snapshot/XC7A35T_interp_opt_2025.2/XC7A35T_interp.srcs/sources_1/new/national_finals/cic_interp16_n3_hold2_dsp_ce.v	237
gen_serial_cic_comb.u_cic_interp16_serial_comb_dsp_ce/y_out_valid_reg	FDRE	FLOP_LATCH	SLICE_X48Y57	SLICEL.AFF	D:/FpgaProject/XilinxProject/XC7A35T/fir_interpolation/submit/finally/images/work/resource_compare_218_239/matched_ooc/lut239_snapshot/XC7A35T_interp_opt_2025.2/XC7A35T_interp.srcs/sources_1/new/national_finals/cic_interp16_n3_hold2_dsp_ce.v	238
gen_single_bram_stage1.u_interp2_stage1_strict_halfband_bram_ce/delay_result_reg[0]	FDRE	FLOP_LATCH	SLICE_X29Y54	SLICEL.BFF	D:/FpgaProject/XilinxProject/XC7A35T/fir_interpolation/submit/finally/images/work/resource_compare_218_239/matched_ooc/lut239_snapshot/XC7A35T_interp_opt_2025.2/XC7A35T_interp.srcs/sources_1/new/national_finals/interp2_stage1_single_bram_serial_ce.v	272
gen_single_bram_stage1.u_interp2_stage1_strict_halfband_bram_ce/delay_result_reg[10]	FDRE	FLOP_LATCH	SLICE_X29Y55	SLICEL.AFF	D:/FpgaProject/XilinxProject/XC7A35T/fir_interpolation/submit/finally/images/work/resource_compare_218_239/matched_ooc/lut239_snapshot/XC7A35T_interp_opt_2025.2/XC7A35T_interp.srcs/sources_1/new/national_finals/interp2_stage1_single_bram_serial_ce.v	272
gen_single_bram_stage1.u_interp2_stage1_strict_halfband_bram_ce/delay_result_reg[11]	FDRE	FLOP_LATCH	SLICE_X29Y55	SLICEL.BFF	D:/FpgaProject/XilinxProject/XC7A35T/fir_interpolation/submit/finally/images/work/resource_compare_218_239/matched_ooc/lut239_snapshot/XC7A35T_interp_opt_2025.2/XC7A35T_interp.srcs/sources_1/new/national_finals/interp2_stage1_single_bram_serial_ce.v	272
gen_single_bram_stage1.u_interp2_stage1_strict_halfband_bram_ce/delay_result_reg[12]	FDRE	FLOP_LATCH	SLICE_X29Y56	SLICEL.AFF	D:/FpgaProject/XilinxProject/XC7A35T/fir_interpolation/submit/finally/images/work/resource_compare_218_239/matched_ooc/lut239_snapshot/XC7A35T_interp_opt_2025.2/XC7A35T_interp.srcs/sources_1/new/national_finals/interp2_stage1_single_bram_serial_ce.v	272
gen_single_bram_stage1.u_interp2_stage1_strict_halfband_bram_ce/delay_result_reg[13]	FDRE	FLOP_LATCH	SLICE_X30Y55	SLICEM.AFF	D:/FpgaProject/XilinxProject/XC7A35T/fir_interpolation/submit/finally/images/work/resource_compare_218_239/matched_ooc/lut239_snapshot/XC7A35T_interp_opt_2025.2/XC7A35T_interp.srcs/sources_1/new/national_finals/interp2_stage1_single_bram_serial_ce.v	272
gen_single_bram_stage1.u_interp2_stage1_strict_halfband_bram_ce/delay_result_reg[14]	FDRE	FLOP_LATCH	SLICE_X29Y57	SLICEL.AFF	D:/FpgaProject/XilinxProject/XC7A35T/fir_interpolation/submit/finally/images/work/resource_compare_218_239/matched_ooc/lut239_snapshot/XC7A35T_interp_opt_2025.2/XC7A35T_interp.srcs/sources_1/new/national_finals/interp2_stage1_single_bram_serial_ce.v	272
gen_single_bram_stage1.u_interp2_stage1_strict_halfband_bram_ce/delay_result_reg[15]	FDRE	FLOP_LATCH	SLICE_X29Y57	SLICEL.BFF	D:/FpgaProject/XilinxProject/XC7A35T/fir_interpolation/submit/finally/images/work/resource_compare_218_239/matched_ooc/lut239_snapshot/XC7A35T_interp_opt_2025.2/XC7A35T_interp.srcs/sources_1/new/national_finals/interp2_stage1_single_bram_serial_ce.v	272
gen_single_bram_stage1.u_interp2_stage1_strict_halfband_bram_ce/delay_result_reg[16]	FDRE	FLOP_LATCH	SLICE_X29Y57	SLICEL.CFF	D:/FpgaProject/XilinxProject/XC7A35T/fir_interpolation/submit/finally/images/work/resource_compare_218_239/matched_ooc/lut239_snapshot/XC7A35T_interp_opt_2025.2/XC7A35T_interp.srcs/sources_1/new/national_finals/interp2_stage1_single_bram_serial_ce.v	272
gen_single_bram_stage1.u_interp2_stage1_strict_halfband_bram_ce/delay_result_reg[17]	FDRE	FLOP_LATCH	SLICE_X28Y58	SLICEL.AFF	D:/FpgaProject/XilinxProject/XC7A35T/fir_interpolation/submit/finally/images/work/resource_compare_218_239/matched_ooc/lut239_snapshot/XC7A35T_interp_opt_2025.2/XC7A35T_interp.srcs/sources_1/new/national_finals/interp2_stage1_single_bram_serial_ce.v	272
gen_single_bram_stage1.u_interp2_stage1_strict_halfband_bram_ce/delay_result_reg[18]	FDRE	FLOP_LATCH	SLICE_X28Y58	SLICEL.BFF	D:/FpgaProject/XilinxProject/XC7A35T/fir_interpolation/submit/finally/images/work/resource_compare_218_239/matched_ooc/lut239_snapshot/XC7A35T_interp_opt_2025.2/XC7A35T_interp.srcs/sources_1/new/national_finals/interp2_stage1_single_bram_serial_ce.v	272
gen_single_bram_stage1.u_interp2_stage1_strict_halfband_bram_ce/delay_result_reg[19]	FDRE	FLOP_LATCH	SLICE_X28Y58	SLICEL.CFF	D:/FpgaProject/XilinxProject/XC7A35T/fir_interpolation/submit/finally/images/work/resource_compare_218_239/matched_ooc/lut239_snapshot/XC7A35T_interp_opt_2025.2/XC7A35T_interp.srcs/sources_1/new/national_finals/interp2_stage1_single_bram_serial_ce.v	272
gen_single_bram_stage1.u_interp2_stage1_strict_halfband_bram_ce/delay_result_reg[1]	FDRE	FLOP_LATCH	SLICE_X29Y54	SLICEL.CFF	D:/FpgaProject/XilinxProject/XC7A35T/fir_interpolation/submit/finally/images/work/resource_compare_218_239/matched_ooc/lut239_snapshot/XC7A35T_interp_opt_2025.2/XC7A35T_interp.srcs/sources_1/new/national_finals/interp2_stage1_single_bram_serial_ce.v	272
gen_single_bram_stage1.u_interp2_stage1_strict_halfband_bram_ce/delay_result_reg[20]	FDRE	FLOP_LATCH	SLICE_X29Y57	SLICEL.DFF	D:/FpgaProject/XilinxProject/XC7A35T/fir_interpolation/submit/finally/images/work/resource_compare_218_239/matched_ooc/lut239_snapshot/XC7A35T_interp_opt_2025.2/XC7A35T_interp.srcs/sources_1/new/national_finals/interp2_stage1_single_bram_serial_ce.v	272
gen_single_bram_stage1.u_interp2_stage1_strict_halfband_bram_ce/delay_result_reg[21]	FDRE	FLOP_LATCH	SLICE_X28Y58	SLICEL.DFF	D:/FpgaProject/XilinxProject/XC7A35T/fir_interpolation/submit/finally/images/work/resource_compare_218_239/matched_ooc/lut239_snapshot/XC7A35T_interp_opt_2025.2/XC7A35T_interp.srcs/sources_1/new/national_finals/interp2_stage1_single_bram_serial_ce.v	272
gen_single_bram_stage1.u_interp2_stage1_strict_halfband_bram_ce/delay_result_reg[22]	FDRE	FLOP_LATCH	SLICE_X28Y58	SLICEL.A5FF	D:/FpgaProject/XilinxProject/XC7A35T/fir_interpolation/submit/finally/images/work/resource_compare_218_239/matched_ooc/lut239_snapshot/XC7A35T_interp_opt_2025.2/XC7A35T_interp.srcs/sources_1/new/national_finals/interp2_stage1_single_bram_serial_ce.v	272
gen_single_bram_stage1.u_interp2_stage1_strict_halfband_bram_ce/delay_result_reg[23]	FDRE	FLOP_LATCH	SLICE_X30Y55	SLICEM.BFF	D:/FpgaProject/XilinxProject/XC7A35T/fir_interpolation/submit/finally/images/work/resource_compare_218_239/matched_ooc/lut239_snapshot/XC7A35T_interp_opt_2025.2/XC7A35T_interp.srcs/sources_1/new/national_finals/interp2_stage1_single_bram_serial_ce.v	272
gen_single_bram_stage1.u_interp2_stage1_strict_halfband_bram_ce/delay_result_reg[2]	FDRE	FLOP_LATCH	SLICE_X29Y54	SLICEL.DFF	D:/FpgaProject/XilinxProject/XC7A35T/fir_interpolation/submit/finally/images/work/resource_compare_218_239/matched_ooc/lut239_snapshot/XC7A35T_interp_opt_2025.2/XC7A35T_interp.srcs/sources_1/new/national_finals/interp2_stage1_single_bram_serial_ce.v	272
gen_single_bram_stage1.u_interp2_stage1_strict_halfband_bram_ce/delay_result_reg[3]	FDRE	FLOP_LATCH	SLICE_X29Y55	SLICEL.CFF	D:/FpgaProject/XilinxProject/XC7A35T/fir_interpolation/submit/finally/images/work/resource_compare_218_239/matched_ooc/lut239_snapshot/XC7A35T_interp_opt_2025.2/XC7A35T_interp.srcs/sources_1/new/national_finals/interp2_stage1_single_bram_serial_ce.v	272
gen_single_bram_stage1.u_interp2_stage1_strict_halfband_bram_ce/delay_result_reg[4]	FDRE	FLOP_LATCH	SLICE_X30Y55	SLICEM.CFF	D:/FpgaProject/XilinxProject/XC7A35T/fir_interpolation/submit/finally/images/work/resource_compare_218_239/matched_ooc/lut239_snapshot/XC7A35T_interp_opt_2025.2/XC7A35T_interp.srcs/sources_1/new/national_finals/interp2_stage1_single_bram_serial_ce.v	272
gen_single_bram_stage1.u_interp2_stage1_strict_halfband_bram_ce/delay_result_reg[5]	FDRE	FLOP_LATCH	SLICE_X29Y56	SLICEL.BFF	D:/FpgaProject/XilinxProject/XC7A35T/fir_interpolation/submit/finally/images/work/resource_compare_218_239/matched_ooc/lut239_snapshot/XC7A35T_interp_opt_2025.2/XC7A35T_interp.srcs/sources_1/new/national_finals/interp2_stage1_single_bram_serial_ce.v	272
gen_single_bram_stage1.u_interp2_stage1_strict_halfband_bram_ce/delay_result_reg[6]	FDRE	FLOP_LATCH	SLICE_X30Y55	SLICEM.DFF	D:/FpgaProject/XilinxProject/XC7A35T/fir_interpolation/submit/finally/images/work/resource_compare_218_239/matched_ooc/lut239_snapshot/XC7A35T_interp_opt_2025.2/XC7A35T_interp.srcs/sources_1/new/national_finals/interp2_stage1_single_bram_serial_ce.v	272
gen_single_bram_stage1.u_interp2_stage1_strict_halfband_bram_ce/delay_result_reg[7]	FDRE	FLOP_LATCH	SLICE_X29Y56	SLICEL.CFF	D:/FpgaProject/XilinxProject/XC7A35T/fir_interpolation/submit/finally/images/work/resource_compare_218_239/matched_ooc/lut239_snapshot/XC7A35T_interp_opt_2025.2/XC7A35T_interp.srcs/sources_1/new/national_finals/interp2_stage1_single_bram_serial_ce.v	272
gen_single_bram_stage1.u_interp2_stage1_strict_halfband_bram_ce/delay_result_reg[8]	FDRE	FLOP_LATCH	SLICE_X29Y56	SLICEL.DFF	D:/FpgaProject/XilinxProject/XC7A35T/fir_interpolation/submit/finally/images/work/resource_compare_218_239/matched_ooc/lut239_snapshot/XC7A35T_interp_opt_2025.2/XC7A35T_interp.srcs/sources_1/new/national_finals/interp2_stage1_single_bram_serial_ce.v	272
gen_single_bram_stage1.u_interp2_stage1_strict_halfband_bram_ce/delay_result_reg[9]	FDRE	FLOP_LATCH	SLICE_X29Y55	SLICEL.DFF	D:/FpgaProject/XilinxProject/XC7A35T/fir_interpolation/submit/finally/images/work/resource_compare_218_239/matched_ooc/lut239_snapshot/XC7A35T_interp_opt_2025.2/XC7A35T_interp.srcs/sources_1/new/national_finals/interp2_stage1_single_bram_serial_ce.v	272
gen_single_bram_stage1.u_interp2_stage1_strict_halfband_bram_ce/filter_commit_pending_reg	FDRE	FLOP_LATCH	SLICE_X30Y54	SLICEM.AFF	D:/FpgaProject/XilinxProject/XC7A35T/fir_interpolation/submit/finally/images/work/resource_compare_218_239/matched_ooc/lut239_snapshot/XC7A35T_interp_opt_2025.2/XC7A35T_interp.srcs/sources_1/new/national_finals/interp2_stage1_single_bram_serial_ce.v	172
gen_single_bram_stage1.u_interp2_stage1_strict_halfband_bram_ce/filter_saturation_pending_reg	FDRE	FLOP_LATCH	SLICE_X12Y57	SLICEM.AFF	D:/FpgaProject/XilinxProject/XC7A35T/fir_interpolation/submit/finally/images/work/resource_compare_218_239/matched_ooc/lut239_snapshot/XC7A35T_interp_opt_2025.2/XC7A35T_interp.srcs/sources_1/new/national_finals/interp2_stage1_single_bram_serial_ce.v	173
gen_single_bram_stage1.u_interp2_stage1_strict_halfband_bram_ce/history_full_reg	FDRE	FLOP_LATCH	SLICE_X49Y54	SLICEL.AFF	D:/FpgaProject/XilinxProject/XC7A35T/fir_interpolation/submit/finally/images/work/resource_compare_218_239/matched_ooc/lut239_snapshot/XC7A35T_interp_opt_2025.2/XC7A35T_interp.srcs/sources_1/new/national_finals/interp2_stage1_single_bram_serial_ce.v	260
gen_single_bram_stage1.u_interp2_stage1_strict_halfband_bram_ce/issue_active_reg	FDRE	FLOP_LATCH	SLICE_X29Y53	SLICEL.AFF	D:/FpgaProject/XilinxProject/XC7A35T/fir_interpolation/submit/finally/images/work/resource_compare_218_239/matched_ooc/lut239_snapshot/XC7A35T_interp_opt_2025.2/XC7A35T_interp.srcs/sources_1/new/national_finals/interp2_stage1_single_bram_serial_ce.v	270
gen_single_bram_stage1.u_interp2_stage1_strict_halfband_bram_ce/issue_index_reg[0]	FDRE	FLOP_LATCH	SLICE_X28Y53	SLICEL.AFF	D:/FpgaProject/XilinxProject/XC7A35T/fir_interpolation/submit/finally/images/work/resource_compare_218_239/matched_ooc/lut239_snapshot/XC7A35T_interp_opt_2025.2/XC7A35T_interp.srcs/sources_1/new/national_finals/interp2_stage1_single_bram_serial_ce.v	271
gen_single_bram_stage1.u_interp2_stage1_strict_halfband_bram_ce/issue_index_reg[1]	FDRE	FLOP_LATCH	SLICE_X28Y53	SLICEL.BFF	D:/FpgaProject/XilinxProject/XC7A35T/fir_interpolation/submit/finally/images/work/resource_compare_218_239/matched_ooc/lut239_snapshot/XC7A35T_interp_opt_2025.2/XC7A35T_interp.srcs/sources_1/new/national_finals/interp2_stage1_single_bram_serial_ce.v	271
gen_single_bram_stage1.u_interp2_stage1_strict_halfband_bram_ce/issue_index_reg[2]	FDRE	FLOP_LATCH	SLICE_X28Y53	SLICEL.B5FF	D:/FpgaProject/XilinxProject/XC7A35T/fir_interpolation/submit/finally/images/work/resource_compare_218_239/matched_ooc/lut239_snapshot/XC7A35T_interp_opt_2025.2/XC7A35T_interp.srcs/sources_1/new/national_finals/interp2_stage1_single_bram_serial_ce.v	271
gen_single_bram_stage1.u_interp2_stage1_strict_halfband_bram_ce/issue_index_reg[3]	FDRE	FLOP_LATCH	SLICE_X30Y53	SLICEM.BFF	D:/FpgaProject/XilinxProject/XC7A35T/fir_interpolation/submit/finally/images/work/resource_compare_218_239/matched_ooc/lut239_snapshot/XC7A35T_interp_opt_2025.2/XC7A35T_interp.srcs/sources_1/new/national_finals/interp2_stage1_single_bram_serial_ce.v	271
gen_single_bram_stage1.u_interp2_stage1_strict_halfband_bram_ce/issue_index_reg[4]	FDRE	FLOP_LATCH	SLICE_X30Y53	SLICEM.B5FF	D:/FpgaProject/XilinxProject/XC7A35T/fir_interpolation/submit/finally/images/work/resource_compare_218_239/matched_ooc/lut239_snapshot/XC7A35T_interp_opt_2025.2/XC7A35T_interp.srcs/sources_1/new/national_finals/interp2_stage1_single_bram_serial_ce.v	271
gen_single_bram_stage1.u_interp2_stage1_strict_halfband_bram_ce/issue_index_reg[5]	FDRE	FLOP_LATCH	SLICE_X30Y53	SLICEM.AFF	D:/FpgaProject/XilinxProject/XC7A35T/fir_interpolation/submit/finally/images/work/resource_compare_218_239/matched_ooc/lut239_snapshot/XC7A35T_interp_opt_2025.2/XC7A35T_interp.srcs/sources_1/new/national_finals/interp2_stage1_single_bram_serial_ce.v	271
gen_single_bram_stage1.u_interp2_stage1_strict_halfband_bram_ce/phase_cnt_reg	FDSE	FLOP_LATCH	SLICE_X28Y59	SLICEL.AFF	D:/FpgaProject/XilinxProject/XC7A35T/fir_interpolation/submit/finally/images/work/resource_compare_218_239/matched_ooc/lut239_snapshot/XC7A35T_interp_opt_2025.2/XC7A35T_interp.srcs/sources_1/new/national_finals/interp2_stage1_single_bram_serial_ce.v	110
gen_single_bram_stage1.u_interp2_stage1_strict_halfband_bram_ce/read_addr_reg[0]	FDRE	FLOP_LATCH	SLICE_X48Y55	SLICEL.AFF	D:/FpgaProject/XilinxProject/XC7A35T/fir_interpolation/submit/finally/images/work/resource_compare_218_239/matched_ooc/lut239_snapshot/XC7A35T_interp_opt_2025.2/XC7A35T_interp.srcs/sources_1/new/national_finals/interp2_stage1_single_bram_serial_ce.v	118
gen_single_bram_stage1.u_interp2_stage1_strict_halfband_bram_ce/read_addr_reg[1]	FDRE	FLOP_LATCH	SLICE_X48Y55	SLICEL.A5FF	D:/FpgaProject/XilinxProject/XC7A35T/fir_interpolation/submit/finally/images/work/resource_compare_218_239/matched_ooc/lut239_snapshot/XC7A35T_interp_opt_2025.2/XC7A35T_interp.srcs/sources_1/new/national_finals/interp2_stage1_single_bram_serial_ce.v	118
gen_single_bram_stage1.u_interp2_stage1_strict_halfband_bram_ce/read_addr_reg[2]	FDRE	FLOP_LATCH	SLICE_X49Y55	SLICEL.AFF	D:/FpgaProject/XilinxProject/XC7A35T/fir_interpolation/submit/finally/images/work/resource_compare_218_239/matched_ooc/lut239_snapshot/XC7A35T_interp_opt_2025.2/XC7A35T_interp.srcs/sources_1/new/national_finals/interp2_stage1_single_bram_serial_ce.v	118
gen_single_bram_stage1.u_interp2_stage1_strict_halfband_bram_ce/read_addr_reg[3]	FDRE	FLOP_LATCH	SLICE_X49Y55	SLICEL.BFF	D:/FpgaProject/XilinxProject/XC7A35T/fir_interpolation/submit/finally/images/work/resource_compare_218_239/matched_ooc/lut239_snapshot/XC7A35T_interp_opt_2025.2/XC7A35T_interp.srcs/sources_1/new/national_finals/interp2_stage1_single_bram_serial_ce.v	118
gen_single_bram_stage1.u_interp2_stage1_strict_halfband_bram_ce/read_addr_reg[4]	FDRE	FLOP_LATCH	SLICE_X49Y56	SLICEL.AFF	D:/FpgaProject/XilinxProject/XC7A35T/fir_interpolation/submit/finally/images/work/resource_compare_218_239/matched_ooc/lut239_snapshot/XC7A35T_interp_opt_2025.2/XC7A35T_interp.srcs/sources_1/new/national_finals/interp2_stage1_single_bram_serial_ce.v	118
gen_single_bram_stage1.u_interp2_stage1_strict_halfband_bram_ce/read_addr_reg[5]	FDRE	FLOP_LATCH	SLICE_X49Y56	SLICEL.BFF	D:/FpgaProject/XilinxProject/XC7A35T/fir_interpolation/submit/finally/images/work/resource_compare_218_239/matched_ooc/lut239_snapshot/XC7A35T_interp_opt_2025.2/XC7A35T_interp.srcs/sources_1/new/national_finals/interp2_stage1_single_bram_serial_ce.v	118
gen_single_bram_stage1.u_interp2_stage1_strict_halfband_bram_ce/read_coeff_index_reg[0]	FDRE	FLOP_LATCH	SLICE_X31Y54	SLICEL.AFF	D:/FpgaProject/XilinxProject/XC7A35T/fir_interpolation/submit/finally/images/work/resource_compare_218_239/matched_ooc/lut239_snapshot/XC7A35T_interp_opt_2025.2/XC7A35T_interp.srcs/sources_1/new/national_finals/interp2_stage1_single_bram_serial_ce.v	128
gen_single_bram_stage1.u_interp2_stage1_strict_halfband_bram_ce/read_coeff_index_reg[1]	FDRE	FLOP_LATCH	SLICE_X31Y54	SLICEL.BFF	D:/FpgaProject/XilinxProject/XC7A35T/fir_interpolation/submit/finally/images/work/resource_compare_218_239/matched_ooc/lut239_snapshot/XC7A35T_interp_opt_2025.2/XC7A35T_interp.srcs/sources_1/new/national_finals/interp2_stage1_single_bram_serial_ce.v	128
gen_single_bram_stage1.u_interp2_stage1_strict_halfband_bram_ce/read_coeff_index_reg[2]	FDRE	FLOP_LATCH	SLICE_X31Y54	SLICEL.CFF	D:/FpgaProject/XilinxProject/XC7A35T/fir_interpolation/submit/finally/images/work/resource_compare_218_239/matched_ooc/lut239_snapshot/XC7A35T_interp_opt_2025.2/XC7A35T_interp.srcs/sources_1/new/national_finals/interp2_stage1_single_bram_serial_ce.v	128
gen_single_bram_stage1.u_interp2_stage1_strict_halfband_bram_ce/read_coeff_index_reg[3]	FDRE	FLOP_LATCH	SLICE_X31Y54	SLICEL.DFF	D:/FpgaProject/XilinxProject/XC7A35T/fir_interpolation/submit/finally/images/work/resource_compare_218_239/matched_ooc/lut239_snapshot/XC7A35T_interp_opt_2025.2/XC7A35T_interp.srcs/sources_1/new/national_finals/interp2_stage1_single_bram_serial_ce.v	128
gen_single_bram_stage1.u_interp2_stage1_strict_halfband_bram_ce/read_coeff_index_reg[4]	FDRE	FLOP_LATCH	SLICE_X31Y54	SLICEL.B5FF	D:/FpgaProject/XilinxProject/XC7A35T/fir_interpolation/submit/finally/images/work/resource_compare_218_239/matched_ooc/lut239_snapshot/XC7A35T_interp_opt_2025.2/XC7A35T_interp.srcs/sources_1/new/national_finals/interp2_stage1_single_bram_serial_ce.v	128
gen_single_bram_stage1.u_interp2_stage1_strict_halfband_bram_ce/read_coeff_index_reg[5]	FDRE	FLOP_LATCH	SLICE_X31Y54	SLICEL.C5FF	D:/FpgaProject/XilinxProject/XC7A35T/fir_interpolation/submit/finally/images/work/resource_compare_218_239/matched_ooc/lut239_snapshot/XC7A35T_interp_opt_2025.2/XC7A35T_interp.srcs/sources_1/new/national_finals/interp2_stage1_single_bram_serial_ce.v	128
gen_single_bram_stage1.u_interp2_stage1_strict_halfband_bram_ce/read_data_valid_reg	FDRE	FLOP_LATCH	SLICE_X30Y54	SLICEM.A5FF	D:/FpgaProject/XilinxProject/XC7A35T/fir_interpolation/submit/finally/images/work/resource_compare_218_239/matched_ooc/lut239_snapshot/XC7A35T_interp_opt_2025.2/XC7A35T_interp.srcs/sources_1/new/national_finals/interp2_stage1_single_bram_serial_ce.v	171
gen_single_bram_stage1.u_interp2_stage1_strict_halfband_bram_ce/read_issue_mask_reg	FDRE	FLOP_LATCH	SLICE_X48Y53	SLICEL.AFF	D:/FpgaProject/XilinxProject/XC7A35T/fir_interpolation/submit/finally/images/work/resource_compare_218_239/matched_ooc/lut239_snapshot/XC7A35T_interp_opt_2025.2/XC7A35T_interp.srcs/sources_1/new/national_finals/interp2_stage1_single_bram_serial_ce.v	269
gen_single_bram_stage1.u_interp2_stage1_strict_halfband_bram_ce/read_issue_valid_reg	FDRE	FLOP_LATCH	SLICE_X44Y54	SLICEL.AFF	D:/FpgaProject/XilinxProject/XC7A35T/fir_interpolation/submit/finally/images/work/resource_compare_218_239/matched_ooc/lut239_snapshot/XC7A35T_interp_opt_2025.2/XC7A35T_interp.srcs/sources_1/new/national_finals/interp2_stage1_single_bram_serial_ce.v	268
gen_single_bram_stage1.u_interp2_stage1_strict_halfband_bram_ce/read_mask_reg	FDRE	FLOP_LATCH	SLICE_X43Y54	SLICEL.AFF	D:/FpgaProject/XilinxProject/XC7A35T/fir_interpolation/submit/finally/images/work/resource_compare_218_239/matched_ooc/lut239_snapshot/XC7A35T_interp_opt_2025.2/XC7A35T_interp.srcs/sources_1/new/national_finals/interp2_stage1_single_bram_serial_ce.v	171
gen_single_bram_stage1.u_interp2_stage1_strict_halfband_bram_ce/scan_exhausted_reg	FDRE	FLOP_LATCH	SLICE_X49Y54	SLICEL.BFF	D:/FpgaProject/XilinxProject/XC7A35T/fir_interpolation/submit/finally/images/work/resource_compare_218_239/matched_ooc/lut239_snapshot/XC7A35T_interp_opt_2025.2/XC7A35T_interp.srcs/sources_1/new/national_finals/interp2_stage1_single_bram_serial_ce.v	267
gen_single_bram_stage1.u_interp2_stage1_strict_halfband_bram_ce/u_nf_stage1_history_ramb18_sdp/gen_primitive.u_stage1_history_ramb18e1	RAMB18E1	BMEM	RAMB18_X1Y22	RAMB18E1.RAMB18E1	D:/FpgaProject/XilinxProject/XC7A35T/fir_interpolation/submit/finally/images/work/resource_compare_218_239/matched_ooc/lut239_snapshot/XC7A35T_interp_opt_2025.2/XC7A35T_interp.srcs/sources_1/new/national_finals/nf_stage1_history_ramb18_sdp.v	44
gen_single_bram_stage1.u_interp2_stage1_strict_halfband_bram_ce/u_stage1_dsp48e1	DSP48E1	MULT	DSP48_X0Y23	DSP48E1.DSP48E1	D:/FpgaProject/XilinxProject/XC7A35T/fir_interpolation/submit/finally/images/work/resource_compare_218_239/matched_ooc/lut239_snapshot/XC7A35T_interp_opt_2025.2/XC7A35T_interp.srcs/sources_1/new/national_finals/interp2_stage1_single_bram_serial_ce.v	204
gen_single_bram_stage1.u_interp2_stage1_strict_halfband_bram_ce/wr_ptr_reg[0]	FDRE	FLOP_LATCH	SLICE_X48Y54	SLICEL.AFF	D:/FpgaProject/XilinxProject/XC7A35T/fir_interpolation/submit/finally/images/work/resource_compare_218_239/matched_ooc/lut239_snapshot/XC7A35T_interp_opt_2025.2/XC7A35T_interp.srcs/sources_1/new/national_finals/interp2_stage1_single_bram_serial_ce.v	121
gen_single_bram_stage1.u_interp2_stage1_strict_halfband_bram_ce/wr_ptr_reg[1]	FDRE	FLOP_LATCH	SLICE_X48Y54	SLICEL.A5FF	D:/FpgaProject/XilinxProject/XC7A35T/fir_interpolation/submit/finally/images/work/resource_compare_218_239/matched_ooc/lut239_snapshot/XC7A35T_interp_opt_2025.2/XC7A35T_interp.srcs/sources_1/new/national_finals/interp2_stage1_single_bram_serial_ce.v	121
gen_single_bram_stage1.u_interp2_stage1_strict_halfband_bram_ce/wr_ptr_reg[2]	FDRE	FLOP_LATCH	SLICE_X48Y54	SLICEL.BFF	D:/FpgaProject/XilinxProject/XC7A35T/fir_interpolation/submit/finally/images/work/resource_compare_218_239/matched_ooc/lut239_snapshot/XC7A35T_interp_opt_2025.2/XC7A35T_interp.srcs/sources_1/new/national_finals/interp2_stage1_single_bram_serial_ce.v	121
gen_single_bram_stage1.u_interp2_stage1_strict_halfband_bram_ce/wr_ptr_reg[3]	FDRE	FLOP_LATCH	SLICE_X48Y54	SLICEL.B5FF	D:/FpgaProject/XilinxProject/XC7A35T/fir_interpolation/submit/finally/images/work/resource_compare_218_239/matched_ooc/lut239_snapshot/XC7A35T_interp_opt_2025.2/XC7A35T_interp.srcs/sources_1/new/national_finals/interp2_stage1_single_bram_serial_ce.v	121
gen_single_bram_stage1.u_interp2_stage1_strict_halfband_bram_ce/wr_ptr_reg[4]	FDRE	FLOP_LATCH	SLICE_X48Y54	SLICEL.CFF	D:/FpgaProject/XilinxProject/XC7A35T/fir_interpolation/submit/finally/images/work/resource_compare_218_239/matched_ooc/lut239_snapshot/XC7A35T_interp_opt_2025.2/XC7A35T_interp.srcs/sources_1/new/national_finals/interp2_stage1_single_bram_serial_ce.v	121
gen_single_bram_stage1.u_interp2_stage1_strict_halfband_bram_ce/wr_ptr_reg[5]	FDRE	FLOP_LATCH	SLICE_X48Y54	SLICEL.C5FF	D:/FpgaProject/XilinxProject/XC7A35T/fir_interpolation/submit/finally/images/work/resource_compare_218_239/matched_ooc/lut239_snapshot/XC7A35T_interp_opt_2025.2/XC7A35T_interp.srcs/sources_1/new/national_finals/interp2_stage1_single_bram_serial_ce.v	121
gen_single_bram_stage1.u_interp2_stage1_strict_halfband_bram_ce/y_out_reg[0]	FDRE	FLOP_LATCH	SLICE_X28Y54	SLICEL.AFF	D:/FpgaProject/XilinxProject/XC7A35T/fir_interpolation/submit/finally/images/work/resource_compare_218_239/matched_ooc/lut239_snapshot/XC7A35T_interp_opt_2025.2/XC7A35T_interp.srcs/sources_1/new/national_finals/interp2_stage1_single_bram_serial_ce.v	275
gen_single_bram_stage1.u_interp2_stage1_strict_halfband_bram_ce/y_out_reg[10]	FDRE	FLOP_LATCH	SLICE_X28Y55	SLICEL.AFF	D:/FpgaProject/XilinxProject/XC7A35T/fir_interpolation/submit/finally/images/work/resource_compare_218_239/matched_ooc/lut239_snapshot/XC7A35T_interp_opt_2025.2/XC7A35T_interp.srcs/sources_1/new/national_finals/interp2_stage1_single_bram_serial_ce.v	275
gen_single_bram_stage1.u_interp2_stage1_strict_halfband_bram_ce/y_out_reg[11]	FDRE	FLOP_LATCH	SLICE_X28Y55	SLICEL.BFF	D:/FpgaProject/XilinxProject/XC7A35T/fir_interpolation/submit/finally/images/work/resource_compare_218_239/matched_ooc/lut239_snapshot/XC7A35T_interp_opt_2025.2/XC7A35T_interp.srcs/sources_1/new/national_finals/interp2_stage1_single_bram_serial_ce.v	275
gen_single_bram_stage1.u_interp2_stage1_strict_halfband_bram_ce/y_out_reg[12]	FDRE	FLOP_LATCH	SLICE_X28Y55	SLICEL.B5FF	D:/FpgaProject/XilinxProject/XC7A35T/fir_interpolation/submit/finally/images/work/resource_compare_218_239/matched_ooc/lut239_snapshot/XC7A35T_interp_opt_2025.2/XC7A35T_interp.srcs/sources_1/new/national_finals/interp2_stage1_single_bram_serial_ce.v	275
gen_single_bram_stage1.u_interp2_stage1_strict_halfband_bram_ce/y_out_reg[13]	FDRE	FLOP_LATCH	SLICE_X30Y57	SLICEM.AFF	D:/FpgaProject/XilinxProject/XC7A35T/fir_interpolation/submit/finally/images/work/resource_compare_218_239/matched_ooc/lut239_snapshot/XC7A35T_interp_opt_2025.2/XC7A35T_interp.srcs/sources_1/new/national_finals/interp2_stage1_single_bram_serial_ce.v	275
gen_single_bram_stage1.u_interp2_stage1_strict_halfband_bram_ce/y_out_reg[14]	FDRE	FLOP_LATCH	SLICE_X30Y57	SLICEM.A5FF	D:/FpgaProject/XilinxProject/XC7A35T/fir_interpolation/submit/finally/images/work/resource_compare_218_239/matched_ooc/lut239_snapshot/XC7A35T_interp_opt_2025.2/XC7A35T_interp.srcs/sources_1/new/national_finals/interp2_stage1_single_bram_serial_ce.v	275
gen_single_bram_stage1.u_interp2_stage1_strict_halfband_bram_ce/y_out_reg[15]	FDRE	FLOP_LATCH	SLICE_X30Y57	SLICEM.BFF	D:/FpgaProject/XilinxProject/XC7A35T/fir_interpolation/submit/finally/images/work/resource_compare_218_239/matched_ooc/lut239_snapshot/XC7A35T_interp_opt_2025.2/XC7A35T_interp.srcs/sources_1/new/national_finals/interp2_stage1_single_bram_serial_ce.v	275
gen_single_bram_stage1.u_interp2_stage1_strict_halfband_bram_ce/y_out_reg[16]	FDRE	FLOP_LATCH	SLICE_X30Y57	SLICEM.B5FF	D:/FpgaProject/XilinxProject/XC7A35T/fir_interpolation/submit/finally/images/work/resource_compare_218_239/matched_ooc/lut239_snapshot/XC7A35T_interp_opt_2025.2/XC7A35T_interp.srcs/sources_1/new/national_finals/interp2_stage1_single_bram_serial_ce.v	275
gen_single_bram_stage1.u_interp2_stage1_strict_halfband_bram_ce/y_out_reg[17]	FDRE	FLOP_LATCH	SLICE_X28Y59	SLICEL.BFF	D:/FpgaProject/XilinxProject/XC7A35T/fir_interpolation/submit/finally/images/work/resource_compare_218_239/matched_ooc/lut239_snapshot/XC7A35T_interp_opt_2025.2/XC7A35T_interp.srcs/sources_1/new/national_finals/interp2_stage1_single_bram_serial_ce.v	275
gen_single_bram_stage1.u_interp2_stage1_strict_halfband_bram_ce/y_out_reg[18]	FDRE	FLOP_LATCH	SLICE_X28Y59	SLICEL.B5FF	D:/FpgaProject/XilinxProject/XC7A35T/fir_interpolation/submit/finally/images/work/resource_compare_218_239/matched_ooc/lut239_snapshot/XC7A35T_interp_opt_2025.2/XC7A35T_interp.srcs/sources_1/new/national_finals/interp2_stage1_single_bram_serial_ce.v	275
gen_single_bram_stage1.u_interp2_stage1_strict_halfband_bram_ce/y_out_reg[19]	FDRE	FLOP_LATCH	SLICE_X28Y59	SLICEL.CFF	D:/FpgaProject/XilinxProject/XC7A35T/fir_interpolation/submit/finally/images/work/resource_compare_218_239/matched_ooc/lut239_snapshot/XC7A35T_interp_opt_2025.2/XC7A35T_interp.srcs/sources_1/new/national_finals/interp2_stage1_single_bram_serial_ce.v	275
gen_single_bram_stage1.u_interp2_stage1_strict_halfband_bram_ce/y_out_reg[1]	FDRE	FLOP_LATCH	SLICE_X28Y54	SLICEL.BFF	D:/FpgaProject/XilinxProject/XC7A35T/fir_interpolation/submit/finally/images/work/resource_compare_218_239/matched_ooc/lut239_snapshot/XC7A35T_interp_opt_2025.2/XC7A35T_interp.srcs/sources_1/new/national_finals/interp2_stage1_single_bram_serial_ce.v	275
gen_single_bram_stage1.u_interp2_stage1_strict_halfband_bram_ce/y_out_reg[20]	FDRE	FLOP_LATCH	SLICE_X28Y59	SLICEL.C5FF	D:/FpgaProject/XilinxProject/XC7A35T/fir_interpolation/submit/finally/images/work/resource_compare_218_239/matched_ooc/lut239_snapshot/XC7A35T_interp_opt_2025.2/XC7A35T_interp.srcs/sources_1/new/national_finals/interp2_stage1_single_bram_serial_ce.v	275
gen_single_bram_stage1.u_interp2_stage1_strict_halfband_bram_ce/y_out_reg[21]	FDRE	FLOP_LATCH	SLICE_X28Y59	SLICEL.DFF	D:/FpgaProject/XilinxProject/XC7A35T/fir_interpolation/submit/finally/images/work/resource_compare_218_239/matched_ooc/lut239_snapshot/XC7A35T_interp_opt_2025.2/XC7A35T_interp.srcs/sources_1/new/national_finals/interp2_stage1_single_bram_serial_ce.v	275
gen_single_bram_stage1.u_interp2_stage1_strict_halfband_bram_ce/y_out_reg[22]	FDRE	FLOP_LATCH	SLICE_X28Y59	SLICEL.D5FF	D:/FpgaProject/XilinxProject/XC7A35T/fir_interpolation/submit/finally/images/work/resource_compare_218_239/matched_ooc/lut239_snapshot/XC7A35T_interp_opt_2025.2/XC7A35T_interp.srcs/sources_1/new/national_finals/interp2_stage1_single_bram_serial_ce.v	275
gen_single_bram_stage1.u_interp2_stage1_strict_halfband_bram_ce/y_out_reg[23]	FDRE	FLOP_LATCH	SLICE_X30Y57	SLICEM.CFF	D:/FpgaProject/XilinxProject/XC7A35T/fir_interpolation/submit/finally/images/work/resource_compare_218_239/matched_ooc/lut239_snapshot/XC7A35T_interp_opt_2025.2/XC7A35T_interp.srcs/sources_1/new/national_finals/interp2_stage1_single_bram_serial_ce.v	275
gen_single_bram_stage1.u_interp2_stage1_strict_halfband_bram_ce/y_out_reg[2]	FDRE	FLOP_LATCH	SLICE_X28Y54	SLICEL.B5FF	D:/FpgaProject/XilinxProject/XC7A35T/fir_interpolation/submit/finally/images/work/resource_compare_218_239/matched_ooc/lut239_snapshot/XC7A35T_interp_opt_2025.2/XC7A35T_interp.srcs/sources_1/new/national_finals/interp2_stage1_single_bram_serial_ce.v	275
gen_single_bram_stage1.u_interp2_stage1_strict_halfband_bram_ce/y_out_reg[3]	FDRE	FLOP_LATCH	SLICE_X28Y55	SLICEL.CFF	D:/FpgaProject/XilinxProject/XC7A35T/fir_interpolation/submit/finally/images/work/resource_compare_218_239/matched_ooc/lut239_snapshot/XC7A35T_interp_opt_2025.2/XC7A35T_interp.srcs/sources_1/new/national_finals/interp2_stage1_single_bram_serial_ce.v	275
gen_single_bram_stage1.u_interp2_stage1_strict_halfband_bram_ce/y_out_reg[4]	FDRE	FLOP_LATCH	SLICE_X28Y55	SLICEL.C5FF	D:/FpgaProject/XilinxProject/XC7A35T/fir_interpolation/submit/finally/images/work/resource_compare_218_239/matched_ooc/lut239_snapshot/XC7A35T_interp_opt_2025.2/XC7A35T_interp.srcs/sources_1/new/national_finals/interp2_stage1_single_bram_serial_ce.v	275
gen_single_bram_stage1.u_interp2_stage1_strict_halfband_bram_ce/y_out_reg[5]	FDRE	FLOP_LATCH	SLICE_X28Y54	SLICEL.CFF	D:/FpgaProject/XilinxProject/XC7A35T/fir_interpolation/submit/finally/images/work/resource_compare_218_239/matched_ooc/lut239_snapshot/XC7A35T_interp_opt_2025.2/XC7A35T_interp.srcs/sources_1/new/national_finals/interp2_stage1_single_bram_serial_ce.v	275
gen_single_bram_stage1.u_interp2_stage1_strict_halfband_bram_ce/y_out_reg[6]	FDRE	FLOP_LATCH	SLICE_X28Y54	SLICEL.C5FF	D:/FpgaProject/XilinxProject/XC7A35T/fir_interpolation/submit/finally/images/work/resource_compare_218_239/matched_ooc/lut239_snapshot/XC7A35T_interp_opt_2025.2/XC7A35T_interp.srcs/sources_1/new/national_finals/interp2_stage1_single_bram_serial_ce.v	275
gen_single_bram_stage1.u_interp2_stage1_strict_halfband_bram_ce/y_out_reg[7]	FDRE	FLOP_LATCH	SLICE_X28Y55	SLICEL.DFF	D:/FpgaProject/XilinxProject/XC7A35T/fir_interpolation/submit/finally/images/work/resource_compare_218_239/matched_ooc/lut239_snapshot/XC7A35T_interp_opt_2025.2/XC7A35T_interp.srcs/sources_1/new/national_finals/interp2_stage1_single_bram_serial_ce.v	275
gen_single_bram_stage1.u_interp2_stage1_strict_halfband_bram_ce/y_out_reg[8]	FDRE	FLOP_LATCH	SLICE_X28Y55	SLICEL.D5FF	D:/FpgaProject/XilinxProject/XC7A35T/fir_interpolation/submit/finally/images/work/resource_compare_218_239/matched_ooc/lut239_snapshot/XC7A35T_interp_opt_2025.2/XC7A35T_interp.srcs/sources_1/new/national_finals/interp2_stage1_single_bram_serial_ce.v	275
gen_single_bram_stage1.u_interp2_stage1_strict_halfband_bram_ce/y_out_reg[9]	FDRE	FLOP_LATCH	SLICE_X28Y55	SLICEL.A5FF	D:/FpgaProject/XilinxProject/XC7A35T/fir_interpolation/submit/finally/images/work/resource_compare_218_239/matched_ooc/lut239_snapshot/XC7A35T_interp_opt_2025.2/XC7A35T_interp.srcs/sources_1/new/national_finals/interp2_stage1_single_bram_serial_ce.v	275
gen_single_bram_stage1.u_interp2_stage1_strict_halfband_bram_ce/y_out_valid_reg	FDRE	FLOP_LATCH	SLICE_X30Y59	SLICEM.A5FF	D:/FpgaProject/XilinxProject/XC7A35T/fir_interpolation/submit/finally/images/work/resource_compare_218_239/matched_ooc/lut239_snapshot/XC7A35T_interp_opt_2025.2/XC7A35T_interp.srcs/sources_1/new/national_finals/interp2_stage1_single_bram_serial_ce.v	276
gen_unified_fir_coeff_bram.u_nf_unified_fir_coeff_bram/u_unified_coeff_ramb18e1	RAMB18E1	BMEM	RAMB18_X0Y23	RAMB18E1.RAMB18E1	D:/FpgaProject/XilinxProject/XC7A35T/fir_interpolation/submit/finally/images/work/resource_compare_218_239/matched_ooc/lut239_snapshot/XC7A35T_interp_opt_2025.2/XC7A35T_interp.srcs/sources_1/new/national_finals/nf_unified_fir_coeff_bram.v	50
integrator_state_reg[0]_i_1	CARRY4	CARRY	SLICE_X44Y55	SLICEL.CARRY4	D:/FpgaProject/XilinxProject/XC7A35T/fir_interpolation/submit/finally/images/work/resource_compare_218_239/matched_ooc/lut239_snapshot/XC7A35T_interp_opt_2025.2/XC7A35T_interp.srcs/sources_1/new/national_finals/cic_interp16_n3_hold2_dsp_ce.v	155
integrator_state_reg[12]_i_1	CARRY4	CARRY	SLICE_X44Y58	SLICEL.CARRY4	D:/FpgaProject/XilinxProject/XC7A35T/fir_interpolation/submit/finally/images/work/resource_compare_218_239/matched_ooc/lut239_snapshot/XC7A35T_interp_opt_2025.2/XC7A35T_interp.srcs/sources_1/new/national_finals/cic_interp16_n3_hold2_dsp_ce.v	155
integrator_state_reg[16]_i_1	CARRY4	CARRY	SLICE_X44Y59	SLICEL.CARRY4	D:/FpgaProject/XilinxProject/XC7A35T/fir_interpolation/submit/finally/images/work/resource_compare_218_239/matched_ooc/lut239_snapshot/XC7A35T_interp_opt_2025.2/XC7A35T_interp.srcs/sources_1/new/national_finals/cic_interp16_n3_hold2_dsp_ce.v	155
integrator_state_reg[20]_i_1	CARRY4	CARRY	SLICE_X44Y60	SLICEL.CARRY4	D:/FpgaProject/XilinxProject/XC7A35T/fir_interpolation/submit/finally/images/work/resource_compare_218_239/matched_ooc/lut239_snapshot/XC7A35T_interp_opt_2025.2/XC7A35T_interp.srcs/sources_1/new/national_finals/cic_interp16_n3_hold2_dsp_ce.v	155
integrator_state_reg[24]_i_1	CARRY4	CARRY	SLICE_X44Y61	SLICEL.CARRY4	D:/FpgaProject/XilinxProject/XC7A35T/fir_interpolation/submit/finally/images/work/resource_compare_218_239/matched_ooc/lut239_snapshot/XC7A35T_interp_opt_2025.2/XC7A35T_interp.srcs/sources_1/new/national_finals/cic_interp16_n3_hold2_dsp_ce.v	155
integrator_state_reg[4]_i_1	CARRY4	CARRY	SLICE_X44Y56	SLICEL.CARRY4	D:/FpgaProject/XilinxProject/XC7A35T/fir_interpolation/submit/finally/images/work/resource_compare_218_239/matched_ooc/lut239_snapshot/XC7A35T_interp_opt_2025.2/XC7A35T_interp.srcs/sources_1/new/national_finals/cic_interp16_n3_hold2_dsp_ce.v	155
integrator_state_reg[8]_i_1	CARRY4	CARRY	SLICE_X44Y57	SLICEL.CARRY4	D:/FpgaProject/XilinxProject/XC7A35T/fir_interpolation/submit/finally/images/work/resource_compare_218_239/matched_ooc/lut239_snapshot/XC7A35T_interp_opt_2025.2/XC7A35T_interp.srcs/sources_1/new/national_finals/cic_interp16_n3_hold2_dsp_ce.v	155
interp128_all2x_LUT1_112	LUT1	LUT	SLICE_X28Y53	SLICEL.A6LUT		
interp128_all2x_LUT1_113	LUT1	LUT	SLICE_X28Y59	SLICEL.A6LUT		
interp128_all2x_LUT1_116	LUT1	LUT	SLICE_X33Y53	SLICEL.A6LUT		
interp128_all2x_LUT1_121	LUT1	LUT	SLICE_X48Y57	SLICEL.D6LUT		
interp128_all2x_LUT1_67	LUT1	LUT	SLICE_X45Y60	SLICEL.D5LUT		
interp128_all2x_LUT1_71	LUT1	LUT	SLICE_X12Y57	SLICEM.A5LUT		
interp128_all2x_LUT1_74	LUT1	LUT	SLICE_X33Y55	SLICEL.A6LUT		
interp128_all2x_LUT1_75	LUT1	LUT	SLICE_X30Y58	SLICEM.B6LUT		
interp128_all2x_LUT1_78	LUT1	LUT	SLICE_X12Y56	SLICEM.A6LUT		
interp128_all2x_LUT2	LUT2	LUT	SLICE_X38Y59	SLICEM.A6LUT		
interp128_all2x_LUT2_1	LUT2	LUT	SLICE_X39Y56	SLICEL.A5LUT		
interp128_all2x_LUT2_10	LUT2	LUT	SLICE_X39Y58	SLICEL.B5LUT		
interp128_all2x_LUT2_11	LUT2	LUT	SLICE_X39Y58	SLICEL.C5LUT		
interp128_all2x_LUT2_12	LUT2	LUT	SLICE_X39Y58	SLICEL.D5LUT		
interp128_all2x_LUT2_13	LUT2	LUT	SLICE_X39Y59	SLICEL.A5LUT		
interp128_all2x_LUT2_14	LUT2	LUT	SLICE_X39Y59	SLICEL.B5LUT		
interp128_all2x_LUT2_15	LUT2	LUT	SLICE_X39Y59	SLICEL.C5LUT		
interp128_all2x_LUT2_16	LUT2	LUT	SLICE_X39Y59	SLICEL.D5LUT		
interp128_all2x_LUT2_17	LUT2	LUT	SLICE_X39Y60	SLICEL.A5LUT		
interp128_all2x_LUT2_18	LUT2	LUT	SLICE_X39Y60	SLICEL.B5LUT		
interp128_all2x_LUT2_19	LUT2	LUT	SLICE_X39Y60	SLICEL.C5LUT		
interp128_all2x_LUT2_2	LUT2	LUT	SLICE_X39Y56	SLICEL.B5LUT		
interp128_all2x_LUT2_20	LUT2	LUT	SLICE_X39Y60	SLICEL.D5LUT		
interp128_all2x_LUT2_21	LUT2	LUT	SLICE_X39Y61	SLICEL.A5LUT		
interp128_all2x_LUT2_22	LUT2	LUT	SLICE_X39Y61	SLICEL.B5LUT		
interp128_all2x_LUT2_23	LUT2	LUT	SLICE_X43Y60	SLICEL.A6LUT		
interp128_all2x_LUT2_24	LUT2	LUT	SLICE_X43Y60	SLICEL.A5LUT		
interp128_all2x_LUT2_25	LUT2	LUT	SLICE_X45Y61	SLICEL.A6LUT		
interp128_all2x_LUT2_26	LUT2	LUT	SLICE_X45Y61	SLICEL.B6LUT		
interp128_all2x_LUT2_27	LUT2	LUT	SLICE_X30Y55	SLICEM.A5LUT		
interp128_all2x_LUT2_28	LUT2	LUT	SLICE_X12Y55	SLICEM.A6LUT		
interp128_all2x_LUT2_29	LUT2	LUT	SLICE_X30Y55	SLICEM.C5LUT		
interp128_all2x_LUT2_3	LUT2	LUT	SLICE_X39Y56	SLICEL.C5LUT		
interp128_all2x_LUT2_30	LUT2	LUT	SLICE_X12Y58	SLICEM.A6LUT		
interp128_all2x_LUT2_31	LUT2	LUT	SLICE_X29Y53	SLICEL.C6LUT		
interp128_all2x_LUT2_32	LUT2	LUT	SLICE_X33Y55	SLICEL.B6LUT		
interp128_all2x_LUT2_33	LUT2	LUT	SLICE_X30Y58	SLICEM.B5LUT		
interp128_all2x_LUT2_34	LUT2	LUT	SLICE_X30Y57	SLICEM.D6LUT		
interp128_all2x_LUT2_35	LUT2	LUT	SLICE_X12Y56	SLICEM.A5LUT		
interp128_all2x_LUT2_36	LUT2	LUT	SLICE_X31Y54	SLICEL.A6LUT		
interp128_all2x_LUT2_37	LUT2	LUT	SLICE_X30Y55	SLICEM.C6LUT		
interp128_all2x_LUT2_38	LUT2	LUT	SLICE_X12Y56	SLICEM.B5LUT		
interp128_all2x_LUT2_39	LUT2	LUT	SLICE_X48Y57	SLICEL.A6LUT		
interp128_all2x_LUT2_4	LUT2	LUT	SLICE_X39Y56	SLICEL.D5LUT		
interp128_all2x_LUT2_40	LUT2	LUT	SLICE_X48Y56	SLICEL.A6LUT		
interp128_all2x_LUT2_41	LUT2	LUT	SLICE_X48Y57	SLICEL.A5LUT		
interp128_all2x_LUT2_42	LUT2	LUT	SLICE_X48Y56	SLICEL.B6LUT		
interp128_all2x_LUT2_43	LUT2	LUT	SLICE_X48Y55	SLICEL.B6LUT		
interp128_all2x_LUT2_44	LUT2	LUT	SLICE_X48Y55	SLICEL.B5LUT		
interp128_all2x_LUT2_45	LUT2	LUT	SLICE_X48Y55	SLICEL.C6LUT		
interp128_all2x_LUT2_46	LUT2	LUT	SLICE_X48Y56	SLICEL.C6LUT		
interp128_all2x_LUT2_47	LUT2	LUT	SLICE_X48Y57	SLICEL.B6LUT		
interp128_all2x_LUT2_48	LUT2	LUT	SLICE_X48Y57	SLICEL.C6LUT		
interp128_all2x_LUT2_49	LUT2	LUT	SLICE_X48Y56	SLICEL.D6LUT		
interp128_all2x_LUT2_5	LUT2	LUT	SLICE_X39Y57	SLICEL.A5LUT		
interp128_all2x_LUT2_50	LUT2	LUT	SLICE_X48Y56	SLICEL.A5LUT		
interp128_all2x_LUT2_51	LUT2	LUT	SLICE_X49Y56	SLICEL.C6LUT		
interp128_all2x_LUT2_52	LUT2	LUT	SLICE_X48Y54	SLICEL.D6LUT		
interp128_all2x_LUT2_53	LUT2	LUT	SLICE_X48Y54	SLICEL.D5LUT		
interp128_all2x_LUT2_54	LUT2	LUT	SLICE_X48Y56	SLICEL.D5LUT		
interp128_all2x_LUT2_55	LUT2	LUT	SLICE_X48Y57	SLICEL.B5LUT		
interp128_all2x_LUT2_56	LUT2	LUT	SLICE_X48Y56	SLICEL.C5LUT		
interp128_all2x_LUT2_57	LUT2	LUT	SLICE_X48Y57	SLICEL.C5LUT		
interp128_all2x_LUT2_58	LUT2	LUT	SLICE_X48Y56	SLICEL.B5LUT		
interp128_all2x_LUT2_59	LUT2	LUT	SLICE_X49Y56	SLICEL.C5LUT		
interp128_all2x_LUT2_6	LUT2	LUT	SLICE_X39Y57	SLICEL.B5LUT		
interp128_all2x_LUT2_60	LUT2	LUT	SLICE_X48Y55	SLICEL.D6LUT		
interp128_all2x_LUT2_61	LUT2	LUT	SLICE_X48Y55	SLICEL.C5LUT		
interp128_all2x_LUT2_62	LUT2	LUT	SLICE_X48Y55	SLICEL.D5LUT		
interp128_all2x_LUT2_63	LUT2	LUT	SLICE_X48Y57	SLICEL.D5LUT		
interp128_all2x_LUT2_64	LUT2	LUT	SLICE_X49Y54	SLICEL.D6LUT		
interp128_all2x_LUT2_65	LUT2	LUT	SLICE_X44Y61	SLICEL.A6LUT		
interp128_all2x_LUT2_66	LUT2	LUT	SLICE_X44Y61	SLICEL.B6LUT		
interp128_all2x_LUT2_67	LUT2	LUT	SLICE_X30Y57	SLICEM.D5LUT		
interp128_all2x_LUT2_68	LUT2	LUT	SLICE_X44Y54	SLICEL.A6LUT		
interp128_all2x_LUT2_69	LUT2	LUT	SLICE_X32Y53	SLICEL.A6LUT		
interp128_all2x_LUT2_7	LUT2	LUT	SLICE_X39Y57	SLICEL.C5LUT		
interp128_all2x_LUT2_70	LUT2	LUT	SLICE_X32Y57	SLICEL.B6LUT		
interp128_all2x_LUT2_71	LUT2	LUT	SLICE_X32Y57	SLICEL.B5LUT		
interp128_all2x_LUT2_72	LUT2	LUT	SLICE_X12Y56	SLICEM.B6LUT		
interp128_all2x_LUT2_73	LUT2	LUT	SLICE_X12Y57	SLICEM.B6LUT		
interp128_all2x_LUT2_74	LUT2	LUT	SLICE_X12Y57	SLICEM.B5LUT		
interp128_all2x_LUT2_75	LUT2	LUT	SLICE_X12Y57	SLICEM.A6LUT		
interp128_all2x_LUT2_76	LUT2	LUT	SLICE_X12Y58	SLICEM.B6LUT		
interp128_all2x_LUT2_77	LUT2	LUT	SLICE_X12Y58	SLICEM.B5LUT		
interp128_all2x_LUT2_8	LUT2	LUT	SLICE_X39Y57	SLICEL.D5LUT		
interp128_all2x_LUT2_9	LUT2	LUT	SLICE_X39Y58	SLICEL.A5LUT		
interp128_all2x_LUT3	LUT3	LUT	SLICE_X38Y57	SLICEM.A6LUT		
interp128_all2x_LUT3_1	LUT3	LUT	SLICE_X36Y57	SLICEL.A6LUT		
interp128_all2x_LUT3_10	LUT3	LUT	SLICE_X34Y59	SLICEM.A6LUT		
interp128_all2x_LUT3_11	LUT3	LUT	SLICE_X34Y59	SLICEM.A5LUT		
interp128_all2x_LUT3_12	LUT3	LUT	SLICE_X36Y57	SLICEL.C6LUT		
interp128_all2x_LUT3_13	LUT3	LUT	SLICE_X38Y57	SLICEM.D6LUT		
interp128_all2x_LUT3_14	LUT3	LUT	SLICE_X36Y57	SLICEL.C5LUT		
interp128_all2x_LUT3_15	LUT3	LUT	SLICE_X36Y57	SLICEL.A5LUT		
interp128_all2x_LUT3_16	LUT3	LUT	SLICE_X38Y57	SLICEM.C5LUT		
interp128_all2x_LUT3_17	LUT3	LUT	SLICE_X38Y57	SLICEM.B5LUT		
interp128_all2x_LUT3_18	LUT3	LUT	SLICE_X38Y57	SLICEM.A5LUT		
interp128_all2x_LUT3_19	LUT3	LUT	SLICE_X40Y60	SLICEL.B6LUT		
interp128_all2x_LUT3_2	LUT3	LUT	SLICE_X38Y57	SLICEM.B6LUT		
interp128_all2x_LUT3_20	LUT3	LUT	SLICE_X32Y54	SLICEL.C6LUT		
interp128_all2x_LUT3_21	LUT3	LUT	SLICE_X30Y55	SLICEM.B6LUT		
interp128_all2x_LUT3_22	LUT3	LUT	SLICE_X32Y56	SLICEL.B6LUT		
interp128_all2x_LUT3_23	LUT3	LUT	SLICE_X31Y53	SLICEL.C6LUT		
interp128_all2x_LUT3_24	LUT3	LUT	SLICE_X31Y57	SLICEL.D6LUT		
interp128_all2x_LUT3_25	LUT3	LUT	SLICE_X32Y54	SLICEL.A6LUT		
interp128_all2x_LUT3_26	LUT3	LUT	SLICE_X31Y56	SLICEL.D6LUT		
interp128_all2x_LUT3_27	LUT3	LUT	SLICE_X54Y55	SLICEM.B6LUT		
interp128_all2x_LUT3_28	LUT3	LUT	SLICE_X30Y59	SLICEM.A6LUT		
interp128_all2x_LUT3_29	LUT3	LUT	SLICE_X31Y58	SLICEL.A6LUT		
interp128_all2x_LUT3_3	LUT3	LUT	SLICE_X36Y57	SLICEL.B6LUT		
interp128_all2x_LUT3_30	LUT3	LUT	SLICE_X12Y58	SLICEM.A5LUT		
interp128_all2x_LUT3_31	LUT3	LUT	SLICE_X28Y54	SLICEL.A6LUT		
interp128_all2x_LUT3_4	LUT3	LUT	SLICE_X36Y58	SLICEL.A6LUT		
interp128_all2x_LUT3_5	LUT3	LUT	SLICE_X36Y57	SLICEL.B5LUT		
interp128_all2x_LUT3_6	LUT3	LUT	SLICE_X36Y58	SLICEL.A5LUT		
interp128_all2x_LUT3_7	LUT3	LUT	SLICE_X34Y58	SLICEM.A6LUT		
interp128_all2x_LUT3_8	LUT3	LUT	SLICE_X38Y57	SLICEM.C6LUT		
interp128_all2x_LUT3_9	LUT3	LUT	SLICE_X34Y58	SLICEM.A5LUT		
interp128_all2x_LUT4	LUT4	LUT	SLICE_X39Y56	SLICEL.A6LUT		
interp128_all2x_LUT4_1	LUT4	LUT	SLICE_X39Y56	SLICEL.B6LUT		
interp128_all2x_LUT4_10	LUT4	LUT	SLICE_X39Y58	SLICEL.C6LUT		
interp128_all2x_LUT4_11	LUT4	LUT	SLICE_X39Y58	SLICEL.D6LUT		
interp128_all2x_LUT4_12	LUT4	LUT	SLICE_X39Y59	SLICEL.A6LUT		
interp128_all2x_LUT4_13	LUT4	LUT	SLICE_X39Y59	SLICEL.B6LUT		
interp128_all2x_LUT4_14	LUT4	LUT	SLICE_X39Y59	SLICEL.C6LUT		
interp128_all2x_LUT4_15	LUT4	LUT	SLICE_X39Y59	SLICEL.D6LUT		
interp128_all2x_LUT4_16	LUT4	LUT	SLICE_X39Y60	SLICEL.A6LUT		
interp128_all2x_LUT4_17	LUT4	LUT	SLICE_X39Y60	SLICEL.B6LUT		
interp128_all2x_LUT4_18	LUT4	LUT	SLICE_X39Y60	SLICEL.C6LUT		
interp128_all2x_LUT4_19	LUT4	LUT	SLICE_X39Y60	SLICEL.D6LUT		
interp128_all2x_LUT4_2	LUT4	LUT	SLICE_X39Y56	SLICEL.C6LUT		
interp128_all2x_LUT4_20	LUT4	LUT	SLICE_X39Y61	SLICEL.A6LUT		
interp128_all2x_LUT4_21	LUT4	LUT	SLICE_X39Y61	SLICEL.B6LUT		
interp128_all2x_LUT4_22	LUT4	LUT	SLICE_X39Y61	SLICEL.C6LUT		
interp128_all2x_LUT4_23	LUT4	LUT	SLICE_X31Y54	SLICEL.A5LUT		
interp128_all2x_LUT4_24	LUT4	LUT	SLICE_X43Y56	SLICEL.A6LUT		
interp128_all2x_LUT4_25	LUT4	LUT	SLICE_X40Y56	SLICEL.A6LUT		
interp128_all2x_LUT4_26	LUT4	LUT	SLICE_X43Y56	SLICEL.B6LUT		
interp128_all2x_LUT4_27	LUT4	LUT	SLICE_X43Y56	SLICEL.C6LUT		
interp128_all2x_LUT4_28	LUT4	LUT	SLICE_X40Y56	SLICEL.B6LUT		
interp128_all2x_LUT4_29	LUT4	LUT	SLICE_X40Y56	SLICEL.C6LUT		
interp128_all2x_LUT4_3	LUT4	LUT	SLICE_X39Y56	SLICEL.D6LUT		
interp128_all2x_LUT4_30	LUT4	LUT	SLICE_X38Y56	SLICEM.A6LUT		
interp128_all2x_LUT4_31	LUT4	LUT	SLICE_X40Y56	SLICEL.D6LUT		
interp128_all2x_LUT4_32	LUT4	LUT	SLICE_X43Y58	SLICEL.A6LUT		
interp128_all2x_LUT4_33	LUT4	LUT	SLICE_X43Y57	SLICEL.A6LUT		
interp128_all2x_LUT4_34	LUT4	LUT	SLICE_X43Y58	SLICEL.B6LUT		
interp128_all2x_LUT4_35	LUT4	LUT	SLICE_X43Y57	SLICEL.B6LUT		
interp128_all2x_LUT4_36	LUT4	LUT	SLICE_X42Y59	SLICEM.A6LUT		
interp128_all2x_LUT4_37	LUT4	LUT	SLICE_X43Y58	SLICEL.C6LUT		
interp128_all2x_LUT4_38	LUT4	LUT	SLICE_X42Y59	SLICEM.B6LUT		
interp128_all2x_LUT4_39	LUT4	LUT	SLICE_X43Y58	SLICEL.D6LUT		
interp128_all2x_LUT4_4	LUT4	LUT	SLICE_X39Y57	SLICEL.A6LUT		
interp128_all2x_LUT4_40	LUT4	LUT	SLICE_X43Y59	SLICEL.A6LUT		
interp128_all2x_LUT4_41	LUT4	LUT	SLICE_X43Y59	SLICEL.B6LUT		
interp128_all2x_LUT4_42	LUT4	LUT	SLICE_X43Y59	SLICEL.C6LUT		
interp128_all2x_LUT4_43	LUT4	LUT	SLICE_X40Y60	SLICEL.A6LUT		
interp128_all2x_LUT4_44	LUT4	LUT	SLICE_X43Y61	SLICEL.A6LUT		
interp128_all2x_LUT4_45	LUT4	LUT	SLICE_X42Y61	SLICEM.A6LUT		
interp128_all2x_LUT4_46	LUT4	LUT	SLICE_X30Y55	SLICEM.A6LUT		
interp128_all2x_LUT4_47	LUT4	LUT	SLICE_X32Y56	SLICEL.B5LUT		
interp128_all2x_LUT4_48	LUT4	LUT	SLICE_X29Y53	SLICEL.B6LUT		
interp128_all2x_LUT4_49	LUT4	LUT	SLICE_X54Y55	SLICEM.A6LUT		
interp128_all2x_LUT4_5	LUT4	LUT	SLICE_X39Y57	SLICEL.B6LUT		
interp128_all2x_LUT4_50	LUT4	LUT	SLICE_X49Y55	SLICEL.D6LUT		
interp128_all2x_LUT4_51	LUT4	LUT	SLICE_X49Y56	SLICEL.A6LUT		
interp128_all2x_LUT4_6	LUT4	LUT	SLICE_X39Y57	SLICEL.C6LUT		
interp128_all2x_LUT4_7	LUT4	LUT	SLICE_X39Y57	SLICEL.D6LUT		
interp128_all2x_LUT4_8	LUT4	LUT	SLICE_X39Y58	SLICEL.A6LUT		
interp128_all2x_LUT4_9	LUT4	LUT	SLICE_X39Y58	SLICEL.B6LUT		
interp128_all2x_LUT5	LUT5	LUT	SLICE_X40Y59	SLICEL.A6LUT		
interp128_all2x_LUT5_1	LUT5	LUT	SLICE_X30Y55	SLICEM.B5LUT		
interp128_all2x_LUT5_10	LUT5	LUT	SLICE_X28Y58	SLICEL.B6LUT		
interp128_all2x_LUT5_11	LUT5	LUT	SLICE_X28Y58	SLICEL.C6LUT		
interp128_all2x_LUT5_12	LUT5	LUT	SLICE_X28Y58	SLICEL.D6LUT		
interp128_all2x_LUT5_13	LUT5	LUT	SLICE_X30Y58	SLICEM.C6LUT		
interp128_all2x_LUT5_14	LUT5	LUT	SLICE_X28Y56	SLICEL.A6LUT		
interp128_all2x_LUT5_15	LUT5	LUT	SLICE_X30Y56	SLICEM.A6LUT		
interp128_all2x_LUT5_16	LUT5	LUT	SLICE_X28Y56	SLICEL.B6LUT		
interp128_all2x_LUT5_17	LUT5	LUT	SLICE_X31Y56	SLICEL.B6LUT		
interp128_all2x_LUT5_18	LUT5	LUT	SLICE_X30Y56	SLICEM.B6LUT		
interp128_all2x_LUT5_19	LUT5	LUT	SLICE_X28Y56	SLICEL.C6LUT		
interp128_all2x_LUT5_2	LUT5	LUT	SLICE_X31Y53	SLICEL.C5LUT		
interp128_all2x_LUT5_20	LUT5	LUT	SLICE_X28Y57	SLICEL.A6LUT		
interp128_all2x_LUT5_21	LUT5	LUT	SLICE_X28Y56	SLICEL.D6LUT		
interp128_all2x_LUT5_22	LUT5	LUT	SLICE_X28Y57	SLICEL.B6LUT		
interp128_all2x_LUT5_23	LUT5	LUT	SLICE_X30Y54	SLICEM.D6LUT		
interp128_all2x_LUT5_24	LUT5	LUT	SLICE_X29Y53	SLICEL.A6LUT		
interp128_all2x_LUT5_25	LUT5	LUT	SLICE_X33Y57	SLICEL.A6LUT		
interp128_all2x_LUT5_26	LUT5	LUT	SLICE_X54Y56	SLICEM.A6LUT		
interp128_all2x_LUT5_27	LUT5	LUT	SLICE_X49Y55	SLICEL.A6LUT		
interp128_all2x_LUT5_28	LUT5	LUT	SLICE_X49Y56	SLICEL.B6LUT		
interp128_all2x_LUT5_29	LUT5	LUT	SLICE_X48Y53	SLICEL.A6LUT		
interp128_all2x_LUT5_3	LUT5	LUT	SLICE_X31Y56	SLICEL.C6LUT		
interp128_all2x_LUT5_30	LUT5	LUT	SLICE_X30Y55	SLICEM.D6LUT		
interp128_all2x_LUT5_4	LUT5	LUT	SLICE_X30Y56	SLICEM.C6LUT		
interp128_all2x_LUT5_5	LUT5	LUT	SLICE_X30Y56	SLICEM.D6LUT		
interp128_all2x_LUT5_6	LUT5	LUT	SLICE_X31Y57	SLICEL.B6LUT		
interp128_all2x_LUT5_7	LUT5	LUT	SLICE_X31Y57	SLICEL.C6LUT		
interp128_all2x_LUT5_8	LUT5	LUT	SLICE_X28Y57	SLICEL.C6LUT		
interp128_all2x_LUT5_9	LUT5	LUT	SLICE_X28Y57	SLICEL.D6LUT		
interp128_all2x_LUT6	LUT6	LUT	SLICE_X41Y59	SLICEL.C6LUT		
interp128_all2x_LUT6_1	LUT6	LUT	SLICE_X41Y59	SLICEL.D6LUT		
interp128_all2x_LUT6_10	LUT6	LUT	SLICE_X31Y55	SLICEL.B6LUT		
interp128_all2x_LUT6_11	LUT6	LUT	SLICE_X31Y55	SLICEL.C6LUT		
interp128_all2x_LUT6_12	LUT6	LUT	SLICE_X31Y54	SLICEL.D6LUT		
interp128_all2x_LUT6_13	LUT6	LUT	SLICE_X12Y57	SLICEM.C6LUT		
interp128_all2x_LUT6_14	LUT6	LUT	SLICE_X49Y54	SLICEL.A6LUT		
interp128_all2x_LUT6_15	LUT6	LUT	SLICE_X31Y55	SLICEL.D6LUT		
interp128_all2x_LUT6_16	LUT6	LUT	SLICE_X32Y57	SLICEL.A6LUT		
interp128_all2x_LUT6_17	LUT6	LUT	SLICE_X30Y53	SLICEM.A6LUT		
interp128_all2x_LUT6_18	LUT6	LUT	SLICE_X49Y55	SLICEL.B6LUT		
interp128_all2x_LUT6_19	LUT6	LUT	SLICE_X49Y55	SLICEL.C6LUT		
interp128_all2x_LUT6_2	LUT6	LUT	SLICE_X30Y54	SLICEM.A6LUT		
interp128_all2x_LUT6_20	LUT6	LUT	SLICE_X49Y54	SLICEL.B6LUT		
interp128_all2x_LUT6_21	LUT6	LUT	SLICE_X30Y54	SLICEM.B6LUT		
interp128_all2x_LUT6_3	LUT6	LUT	SLICE_X32Y55	SLICEL.B6LUT		
interp128_all2x_LUT6_4	LUT6	LUT	SLICE_X32Y55	SLICEL.C6LUT		
interp128_all2x_LUT6_5	LUT6	LUT	SLICE_X12Y57	SLICEM.D6LUT		
interp128_all2x_LUT6_6	LUT6	LUT	SLICE_X31Y53	SLICEL.D6LUT		
interp128_all2x_LUT6_7	LUT6	LUT	SLICE_X30Y54	SLICEM.C6LUT		
interp128_all2x_LUT6_8	LUT6	LUT	SLICE_X29Y54	SLICEL.A6LUT		
interp128_all2x_LUT6_9	LUT6	LUT	SLICE_X32Y55	SLICEL.D6LUT		
issue_index[1]_i_1	LUT2	LUT	SLICE_X28Y53	SLICEL.B6LUT	D:/FpgaProject/XilinxProject/XC7A35T/fir_interpolation/submit/finally/images/work/resource_compare_218_239/matched_ooc/lut239_snapshot/XC7A35T_interp_opt_2025.2/XC7A35T_interp.srcs/sources_1/new/all2x_v6/bridge_valid_quantized_to_interp2_ce.v	70
issue_index[2]_i_1	LUT3	LUT	SLICE_X28Y53	SLICEL.B5LUT	D:/FpgaProject/XilinxProject/XC7A35T/fir_interpolation/submit/finally/images/work/resource_compare_218_239/matched_ooc/lut239_snapshot/XC7A35T_interp_opt_2025.2/XC7A35T_interp.srcs/sources_1/new/all2x_v6/bridge_valid_quantized_to_interp2_ce.v	70
issue_index[3]_i_1	LUT4	LUT	SLICE_X30Y53	SLICEM.B6LUT	D:/FpgaProject/XilinxProject/XC7A35T/fir_interpolation/submit/finally/images/work/resource_compare_218_239/matched_ooc/lut239_snapshot/XC7A35T_interp_opt_2025.2/XC7A35T_interp.srcs/sources_1/new/all2x_v6/bridge_valid_quantized_to_interp2_ce.v	70
issue_index[4]_i_1	LUT5	LUT	SLICE_X30Y53	SLICEM.B5LUT	D:/FpgaProject/XilinxProject/XC7A35T/fir_interpolation/submit/finally/images/work/resource_compare_218_239/matched_ooc/lut239_snapshot/XC7A35T_interp_opt_2025.2/XC7A35T_interp.srcs/sources_1/new/all2x_v6/bridge_valid_quantized_to_interp2_ce.v	70
job_history_head[0]_i_1	LUT3	LUT	SLICE_X32Y53	SLICEL.B5LUT	D:/FpgaProject/XilinxProject/XC7A35T/fir_interpolation/submit/finally/images/work/resource_compare_218_239/matched_ooc/lut239_snapshot/XC7A35T_interp_opt_2025.2/XC7A35T_interp.srcs/sources_1/new/all2x_v6/bridge_valid_quantized_to_interp2_ce.v	70
job_history_head[1]_i_1	LUT3	LUT	SLICE_X33Y53	SLICEL.B5LUT	D:/FpgaProject/XilinxProject/XC7A35T/fir_interpolation/submit/finally/images/work/resource_compare_218_239/matched_ooc/lut239_snapshot/XC7A35T_interp_opt_2025.2/XC7A35T_interp.srcs/sources_1/new/all2x_v6/bridge_valid_quantized_to_interp2_ce.v	70
job_history_head[2]_i_1	LUT3	LUT	SLICE_X31Y53	SLICEL.A6LUT	D:/FpgaProject/XilinxProject/XC7A35T/fir_interpolation/submit/finally/images/work/resource_compare_218_239/matched_ooc/lut239_snapshot/XC7A35T_interp_opt_2025.2/XC7A35T_interp.srcs/sources_1/new/all2x_v6/bridge_valid_quantized_to_interp2_ce.v	70
job_history_head[3]_i_1	LUT3	LUT	SLICE_X32Y54	SLICEL.B6LUT	D:/FpgaProject/XilinxProject/XC7A35T/fir_interpolation/submit/finally/images/work/resource_compare_218_239/matched_ooc/lut239_snapshot/XC7A35T_interp_opt_2025.2/XC7A35T_interp.srcs/sources_1/new/all2x_v6/bridge_valid_quantized_to_interp2_ce.v	70
job_mac_index[0]_i_1	LUT1	LUT	SLICE_X32Y56	SLICEL.A6LUT	D:/FpgaProject/XilinxProject/XC7A35T/fir_interpolation/submit/finally/images/work/resource_compare_218_239/matched_ooc/lut239_snapshot/XC7A35T_interp_opt_2025.2/XC7A35T_interp.srcs/sources_1/new/all2x_v6/bridge_valid_quantized_to_interp2_ce.v	70
job_mac_index[1]_i_1	LUT2	LUT	SLICE_X32Y56	SLICEL.A5LUT	D:/FpgaProject/XilinxProject/XC7A35T/fir_interpolation/submit/finally/images/work/resource_compare_218_239/matched_ooc/lut239_snapshot/XC7A35T_interp_opt_2025.2/XC7A35T_interp.srcs/sources_1/new/all2x_v6/bridge_valid_quantized_to_interp2_ce.v	70
job_mac_index[2]_i_1	LUT3	LUT	SLICE_X31Y56	SLICEL.A6LUT	D:/FpgaProject/XilinxProject/XC7A35T/fir_interpolation/submit/finally/images/work/resource_compare_218_239/matched_ooc/lut239_snapshot/XC7A35T_interp_opt_2025.2/XC7A35T_interp.srcs/sources_1/new/all2x_v6/bridge_valid_quantized_to_interp2_ce.v	70
job_mac_index[3]_i_3	LUT4	LUT	SLICE_X31Y56	SLICEL.A5LUT	D:/FpgaProject/XilinxProject/XC7A35T/fir_interpolation/submit/finally/images/work/resource_compare_218_239/matched_ooc/lut239_snapshot/XC7A35T_interp_opt_2025.2/XC7A35T_interp.srcs/sources_1/new/all2x_v6/bridge_valid_quantized_to_interp2_ce.v	70
job_output_pending_i_1	LUT3	LUT	SLICE_X31Y58	SLICEL.B6LUT	D:/FpgaProject/XilinxProject/XC7A35T/fir_interpolation/submit/finally/images/work/resource_compare_218_239/matched_ooc/lut239_snapshot/XC7A35T_interp_opt_2025.2/XC7A35T_interp.srcs/sources_1/new/all2x_v7/interp2_stage23_lutram_cic_dsp_ce.v	368
job_phase_i_2	LUT3	LUT	SLICE_X32Y54	SLICEL.B5LUT	D:/FpgaProject/XilinxProject/XC7A35T/fir_interpolation/submit/finally/images/work/resource_compare_218_239/matched_ooc/lut239_snapshot/XC7A35T_interp_opt_2025.2/XC7A35T_interp.srcs/sources_1/new/all2x_v6/bridge_valid_quantized_to_interp2_ce.v	70
job_result_pending_i_1	LUT5	LUT	SLICE_X31Y57	SLICEL.A5LUT	D:/FpgaProject/XilinxProject/XC7A35T/fir_interpolation/submit/finally/images/work/resource_compare_218_239/matched_ooc/lut239_snapshot/XC7A35T_interp_opt_2025.2/XC7A35T_interp.srcs/sources_1/new/all2x_v7/interp2_stage23_lutram_cic_dsp_ce.v	368
job_saturation_pending_i_1	LUT2	LUT	SLICE_X31Y58	SLICEL.B5LUT	D:/FpgaProject/XilinxProject/XC7A35T/fir_interpolation/submit/finally/images/work/resource_compare_218_239/matched_ooc/lut239_snapshot/XC7A35T_interp_opt_2025.2/XC7A35T_interp.srcs/sources_1/new/all2x_v7/interp2_stage23_lutram_cic_dsp_ce.v	369
read_addr[0]_i_1	LUT3	LUT	SLICE_X48Y55	SLICEL.A6LUT	D:/FpgaProject/XilinxProject/XC7A35T/fir_interpolation/submit/finally/images/work/resource_compare_218_239/matched_ooc/lut239_snapshot/XC7A35T_interp_opt_2025.2/XC7A35T_interp.srcs/sources_1/new/all2x_v6/bridge_valid_quantized_to_interp2_ce.v	70
read_addr[1]_i_1	LUT4	LUT	SLICE_X48Y55	SLICEL.A5LUT	D:/FpgaProject/XilinxProject/XC7A35T/fir_interpolation/submit/finally/images/work/resource_compare_218_239/matched_ooc/lut239_snapshot/XC7A35T_interp_opt_2025.2/XC7A35T_interp.srcs/sources_1/new/all2x_v6/bridge_valid_quantized_to_interp2_ce.v	70
scan_exhausted_i_2	LUT5	LUT	SLICE_X49Y54	SLICEL.C5LUT	D:/FpgaProject/XilinxProject/XC7A35T/fir_interpolation/submit/finally/images/work/resource_compare_218_239/matched_ooc/lut239_snapshot/XC7A35T_interp_opt_2025.2/XC7A35T_interp.srcs/sources_1/new/all2x_v6/bridge_valid_quantized_to_interp2_ce.v	70
stage2_head[1]_i_1	LUT2	LUT	SLICE_X33Y53	SLICEL.B6LUT	D:/FpgaProject/XilinxProject/XC7A35T/fir_interpolation/submit/finally/images/work/resource_compare_218_239/matched_ooc/lut239_snapshot/XC7A35T_interp_opt_2025.2/XC7A35T_interp.srcs/sources_1/new/all2x_v6/bridge_valid_quantized_to_interp2_ce.v	70
stage2_head[2]_i_1	LUT2	LUT	SLICE_X31Y53	SLICEL.A5LUT	D:/FpgaProject/XilinxProject/XC7A35T/fir_interpolation/submit/finally/images/work/resource_compare_218_239/matched_ooc/lut239_snapshot/XC7A35T_interp_opt_2025.2/XC7A35T_interp.srcs/sources_1/new/all2x_v6/bridge_valid_quantized_to_interp2_ce.v	70
stage2_head[3]_i_2	LUT3	LUT	SLICE_X31Y53	SLICEL.B5LUT	D:/FpgaProject/XilinxProject/XC7A35T/fir_interpolation/submit/finally/images/work/resource_compare_218_239/matched_ooc/lut239_snapshot/XC7A35T_interp_opt_2025.2/XC7A35T_interp.srcs/sources_1/new/all2x_v6/bridge_valid_quantized_to_interp2_ce.v	70
stage2_history_full_i_1	LUT5	LUT	SLICE_X31Y53	SLICEL.B6LUT	D:/FpgaProject/XilinxProject/XC7A35T/fir_interpolation/submit/finally/images/work/resource_compare_218_239/matched_ooc/lut239_snapshot/XC7A35T_interp_opt_2025.2/XC7A35T_interp.srcs/sources_1/new/all2x_v7/interp2_stage23_lutram_cic_dsp_ce.v	753
stage2_pending_i_1	LUT3	LUT	SLICE_X33Y56	SLICEL.A6LUT	D:/FpgaProject/XilinxProject/XC7A35T/fir_interpolation/submit/finally/images/work/resource_compare_218_239/matched_ooc/lut239_snapshot/XC7A35T_interp_opt_2025.2/XC7A35T_interp.srcs/sources_1/new/all2x_v7/interp2_stage23_lutram_cic_dsp_ce.v	252
stage3_head[0]_i_1	LUT1	LUT	SLICE_X33Y54	SLICEL.A6LUT	D:/FpgaProject/XilinxProject/XC7A35T/fir_interpolation/submit/finally/images/work/resource_compare_218_239/matched_ooc/lut239_snapshot/XC7A35T_interp_opt_2025.2/XC7A35T_interp.srcs/sources_1/new/all2x_v6/bridge_valid_quantized_to_interp2_ce.v	70
stage3_head[1]_i_1	LUT2	LUT	SLICE_X33Y54	SLICEL.A5LUT	D:/FpgaProject/XilinxProject/XC7A35T/fir_interpolation/submit/finally/images/work/resource_compare_218_239/matched_ooc/lut239_snapshot/XC7A35T_interp_opt_2025.2/XC7A35T_interp.srcs/sources_1/new/all2x_v6/bridge_valid_quantized_to_interp2_ce.v	70
stage3_head[2]_i_1	LUT3	LUT	SLICE_X33Y54	SLICEL.B6LUT	D:/FpgaProject/XilinxProject/XC7A35T/fir_interpolation/submit/finally/images/work/resource_compare_218_239/matched_ooc/lut239_snapshot/XC7A35T_interp_opt_2025.2/XC7A35T_interp.srcs/sources_1/new/all2x_v6/bridge_valid_quantized_to_interp2_ce.v	70
stage3_head[3]_i_2	LUT4	LUT	SLICE_X33Y54	SLICEL.B5LUT	D:/FpgaProject/XilinxProject/XC7A35T/fir_interpolation/submit/finally/images/work/resource_compare_218_239/matched_ooc/lut239_snapshot/XC7A35T_interp_opt_2025.2/XC7A35T_interp.srcs/sources_1/new/all2x_v6/bridge_valid_quantized_to_interp2_ce.v	70
stage3_pending_i_1	LUT4	LUT	SLICE_X33Y56	SLICEL.A5LUT	D:/FpgaProject/XilinxProject/XC7A35T/fir_interpolation/submit/finally/images/work/resource_compare_218_239/matched_ooc/lut239_snapshot/XC7A35T_interp_opt_2025.2/XC7A35T_interp.srcs/sources_1/new/all2x_v7/interp2_stage23_lutram_cic_dsp_ce.v	271
stage3_y_out_valid_i_1	LUT3	LUT	SLICE_X32Y58	SLICEL.A6LUT	D:/FpgaProject/XilinxProject/XC7A35T/fir_interpolation/submit/finally/images/work/resource_compare_218_239/matched_ooc/lut239_snapshot/XC7A35T_interp_opt_2025.2/XC7A35T_interp.srcs/sources_1/new/all2x_v6/bridge_valid_quantized_to_interp2_ce.v	70
u_bridge_2_to_4_quantized/gen_rounding_quantizer.u_round_sat_shift_compact/rounded_value_carry	CARRY4	CARRY	SLICE_X29Y54	SLICEL.CARRY4	D:/FpgaProject/XilinxProject/XC7A35T/fir_interpolation/submit/finally/images/work/resource_compare_218_239/matched_ooc/lut239_snapshot/XC7A35T_interp_opt_2025.2/XC7A35T_interp.srcs/sources_1/new/national_finals/cic_interp16_n3_hold2_dsp_ce.v	155
u_bridge_2_to_4_quantized/gen_rounding_quantizer.u_round_sat_shift_compact/rounded_value_carry__0	CARRY4	CARRY	SLICE_X29Y55	SLICEL.CARRY4	D:/FpgaProject/XilinxProject/XC7A35T/fir_interpolation/submit/finally/images/work/resource_compare_218_239/matched_ooc/lut239_snapshot/XC7A35T_interp_opt_2025.2/XC7A35T_interp.srcs/sources_1/new/national_finals/cic_interp16_n3_hold2_dsp_ce.v	155
u_bridge_2_to_4_quantized/gen_rounding_quantizer.u_round_sat_shift_compact/rounded_value_carry__1	CARRY4	CARRY	SLICE_X29Y56	SLICEL.CARRY4	D:/FpgaProject/XilinxProject/XC7A35T/fir_interpolation/submit/finally/images/work/resource_compare_218_239/matched_ooc/lut239_snapshot/XC7A35T_interp_opt_2025.2/XC7A35T_interp.srcs/sources_1/new/national_finals/cic_interp16_n3_hold2_dsp_ce.v	155
u_bridge_2_to_4_quantized/gen_rounding_quantizer.u_round_sat_shift_compact/rounded_value_carry__2	CARRY4	CARRY	SLICE_X29Y57	SLICEL.CARRY4	D:/FpgaProject/XilinxProject/XC7A35T/fir_interpolation/submit/finally/images/work/resource_compare_218_239/matched_ooc/lut239_snapshot/XC7A35T_interp_opt_2025.2/XC7A35T_interp.srcs/sources_1/new/national_finals/cic_interp16_n3_hold2_dsp_ce.v	155
u_bridge_2_to_4_quantized/gen_rounding_quantizer.u_round_sat_shift_compact/rounded_value_carry__3	CARRY4	CARRY	SLICE_X29Y58	SLICEL.CARRY4	D:/FpgaProject/XilinxProject/XC7A35T/fir_interpolation/submit/finally/images/work/resource_compare_218_239/matched_ooc/lut239_snapshot/XC7A35T_interp_opt_2025.2/XC7A35T_interp.srcs/sources_1/new/national_finals/cic_interp16_n3_hold2_dsp_ce.v	155
u_bridge_2_to_4_quantized/pending_reg	FDRE	FLOP_LATCH	SLICE_X30Y59	SLICEM.AFF	D:/FpgaProject/XilinxProject/XC7A35T/fir_interpolation/submit/finally/images/work/resource_compare_218_239/matched_ooc/lut239_snapshot/XC7A35T_interp_opt_2025.2/XC7A35T_interp.srcs/sources_1/new/all2x_v6/bridge_valid_quantized_to_interp2_ce.v	64
u_bridge_4_to_8_quantized/pending_reg	FDRE	FLOP_LATCH	SLICE_X31Y58	SLICEL.AFF	D:/FpgaProject/XilinxProject/XC7A35T/fir_interpolation/submit/finally/images/work/resource_compare_218_239/matched_ooc/lut239_snapshot/XC7A35T_interp_opt_2025.2/XC7A35T_interp.srcs/sources_1/new/all2x_v6/bridge_valid_quantized_to_interp2_ce.v	64
u_stage23_dsp48e1_i_14	LUT4	LUT	SLICE_X31Y57	SLICEL.A6LUT	D:/FpgaProject/XilinxProject/XC7A35T/fir_interpolation/submit/finally/images/work/resource_compare_218_239/matched_ooc/lut239_snapshot/XC7A35T_interp_opt_2025.2/XC7A35T_interp.srcs/sources_1/new/all2x_v6/bridge_valid_quantized_to_interp2_ce.v	70
u_stage23_dsp48e1_i_16	LUT3	LUT	SLICE_X32Y58	SLICEL.A5LUT	D:/FpgaProject/XilinxProject/XC7A35T/fir_interpolation/submit/finally/images/work/resource_compare_218_239/matched_ooc/lut239_snapshot/XC7A35T_interp_opt_2025.2/XC7A35T_interp.srcs/sources_1/new/all2x_v6/bridge_valid_quantized_to_interp2_ce.v	70
wr_ptr[0]_i_1	LUT1	LUT	SLICE_X48Y54	SLICEL.A6LUT	D:/FpgaProject/XilinxProject/XC7A35T/fir_interpolation/submit/finally/images/work/resource_compare_218_239/matched_ooc/lut239_snapshot/XC7A35T_interp_opt_2025.2/XC7A35T_interp.srcs/sources_1/new/all2x_v6/bridge_valid_quantized_to_interp2_ce.v	70
wr_ptr[1]_i_1	LUT2	LUT	SLICE_X48Y54	SLICEL.A5LUT	D:/FpgaProject/XilinxProject/XC7A35T/fir_interpolation/submit/finally/images/work/resource_compare_218_239/matched_ooc/lut239_snapshot/XC7A35T_interp_opt_2025.2/XC7A35T_interp.srcs/sources_1/new/all2x_v6/bridge_valid_quantized_to_interp2_ce.v	70
wr_ptr[2]_i_1	LUT2	LUT	SLICE_X48Y54	SLICEL.B6LUT	D:/FpgaProject/XilinxProject/XC7A35T/fir_interpolation/submit/finally/images/work/resource_compare_218_239/matched_ooc/lut239_snapshot/XC7A35T_interp_opt_2025.2/XC7A35T_interp.srcs/sources_1/new/all2x_v6/bridge_valid_quantized_to_interp2_ce.v	70
wr_ptr[3]_i_1	LUT3	LUT	SLICE_X48Y54	SLICEL.B5LUT	D:/FpgaProject/XilinxProject/XC7A35T/fir_interpolation/submit/finally/images/work/resource_compare_218_239/matched_ooc/lut239_snapshot/XC7A35T_interp_opt_2025.2/XC7A35T_interp.srcs/sources_1/new/all2x_v6/bridge_valid_quantized_to_interp2_ce.v	70
wr_ptr[4]_i_1	LUT4	LUT	SLICE_X48Y54	SLICEL.C6LUT	D:/FpgaProject/XilinxProject/XC7A35T/fir_interpolation/submit/finally/images/work/resource_compare_218_239/matched_ooc/lut239_snapshot/XC7A35T_interp_opt_2025.2/XC7A35T_interp.srcs/sources_1/new/all2x_v6/bridge_valid_quantized_to_interp2_ce.v	70
wr_ptr[5]_i_2	LUT5	LUT	SLICE_X48Y54	SLICEL.C5LUT	D:/FpgaProject/XilinxProject/XC7A35T/fir_interpolation/submit/finally/images/work/resource_compare_218_239/matched_ooc/lut239_snapshot/XC7A35T_interp_opt_2025.2/XC7A35T_interp.srcs/sources_1/new/all2x_v6/bridge_valid_quantized_to_interp2_ce.v	70
wr_ptr[5]_i_3	LUT2	LUT	SLICE_X49Y54	SLICEL.C6LUT	D:/FpgaProject/XilinxProject/XC7A35T/fir_interpolation/submit/finally/images/work/resource_compare_218_239/matched_ooc/lut239_snapshot/XC7A35T_interp_opt_2025.2/XC7A35T_interp.srcs/sources_1/new/all2x_v6/bridge_valid_quantized_to_interp2_ce.v	70
y_out[0]_i_1__0	LUT4	LUT	SLICE_X55Y56	SLICEL.A6LUT	D:/FpgaProject/XilinxProject/XC7A35T/fir_interpolation/submit/finally/images/work/resource_compare_218_239/matched_ooc/lut239_snapshot/XC7A35T_interp_opt_2025.2/XC7A35T_interp.srcs/sources_1/new/all2x_v6/round_sat_shift_compact.v	71
y_out[10]_i_1	LUT3	LUT	SLICE_X28Y55	SLICEL.A6LUT	D:/FpgaProject/XilinxProject/XC7A35T/fir_interpolation/submit/finally/images/work/resource_compare_218_239/matched_ooc/lut239_snapshot/XC7A35T_interp_opt_2025.2/XC7A35T_interp.srcs/sources_1/new/all2x_v6/bridge_valid_quantized_to_interp2_ce.v	70
y_out[10]_i_1__0	LUT4	LUT	SLICE_X55Y58	SLICEL.A6LUT	D:/FpgaProject/XilinxProject/XC7A35T/fir_interpolation/submit/finally/images/work/resource_compare_218_239/matched_ooc/lut239_snapshot/XC7A35T_interp_opt_2025.2/XC7A35T_interp.srcs/sources_1/new/all2x_v6/round_sat_shift_compact.v	71
y_out[11]_i_1	LUT3	LUT	SLICE_X28Y55	SLICEL.B6LUT	D:/FpgaProject/XilinxProject/XC7A35T/fir_interpolation/submit/finally/images/work/resource_compare_218_239/matched_ooc/lut239_snapshot/XC7A35T_interp_opt_2025.2/XC7A35T_interp.srcs/sources_1/new/all2x_v6/bridge_valid_quantized_to_interp2_ce.v	70
y_out[11]_i_1__0	LUT4	LUT	SLICE_X55Y59	SLICEL.A6LUT	D:/FpgaProject/XilinxProject/XC7A35T/fir_interpolation/submit/finally/images/work/resource_compare_218_239/matched_ooc/lut239_snapshot/XC7A35T_interp_opt_2025.2/XC7A35T_interp.srcs/sources_1/new/all2x_v6/round_sat_shift_compact.v	71
y_out[12]_i_1	LUT3	LUT	SLICE_X28Y55	SLICEL.B5LUT	D:/FpgaProject/XilinxProject/XC7A35T/fir_interpolation/submit/finally/images/work/resource_compare_218_239/matched_ooc/lut239_snapshot/XC7A35T_interp_opt_2025.2/XC7A35T_interp.srcs/sources_1/new/all2x_v6/bridge_valid_quantized_to_interp2_ce.v	70
y_out[12]_i_1__0	LUT4	LUT	SLICE_X55Y59	SLICEL.A5LUT	D:/FpgaProject/XilinxProject/XC7A35T/fir_interpolation/submit/finally/images/work/resource_compare_218_239/matched_ooc/lut239_snapshot/XC7A35T_interp_opt_2025.2/XC7A35T_interp.srcs/sources_1/new/all2x_v6/round_sat_shift_compact.v	71
y_out[13]_i_1	LUT3	LUT	SLICE_X30Y57	SLICEM.A6LUT	D:/FpgaProject/XilinxProject/XC7A35T/fir_interpolation/submit/finally/images/work/resource_compare_218_239/matched_ooc/lut239_snapshot/XC7A35T_interp_opt_2025.2/XC7A35T_interp.srcs/sources_1/new/all2x_v6/bridge_valid_quantized_to_interp2_ce.v	70
y_out[13]_i_1__0	LUT4	LUT	SLICE_X55Y59	SLICEL.B6LUT	D:/FpgaProject/XilinxProject/XC7A35T/fir_interpolation/submit/finally/images/work/resource_compare_218_239/matched_ooc/lut239_snapshot/XC7A35T_interp_opt_2025.2/XC7A35T_interp.srcs/sources_1/new/all2x_v6/round_sat_shift_compact.v	71
y_out[14]_i_1	LUT3	LUT	SLICE_X30Y57	SLICEM.A5LUT	D:/FpgaProject/XilinxProject/XC7A35T/fir_interpolation/submit/finally/images/work/resource_compare_218_239/matched_ooc/lut239_snapshot/XC7A35T_interp_opt_2025.2/XC7A35T_interp.srcs/sources_1/new/all2x_v6/bridge_valid_quantized_to_interp2_ce.v	70
y_out[14]_i_1__0	LUT4	LUT	SLICE_X55Y59	SLICEL.B5LUT	D:/FpgaProject/XilinxProject/XC7A35T/fir_interpolation/submit/finally/images/work/resource_compare_218_239/matched_ooc/lut239_snapshot/XC7A35T_interp_opt_2025.2/XC7A35T_interp.srcs/sources_1/new/all2x_v6/round_sat_shift_compact.v	71
y_out[15]_i_1	LUT3	LUT	SLICE_X30Y57	SLICEM.B6LUT	D:/FpgaProject/XilinxProject/XC7A35T/fir_interpolation/submit/finally/images/work/resource_compare_218_239/matched_ooc/lut239_snapshot/XC7A35T_interp_opt_2025.2/XC7A35T_interp.srcs/sources_1/new/all2x_v6/bridge_valid_quantized_to_interp2_ce.v	70
y_out[15]_i_1__0	LUT4	LUT	SLICE_X55Y59	SLICEL.C6LUT	D:/FpgaProject/XilinxProject/XC7A35T/fir_interpolation/submit/finally/images/work/resource_compare_218_239/matched_ooc/lut239_snapshot/XC7A35T_interp_opt_2025.2/XC7A35T_interp.srcs/sources_1/new/all2x_v6/round_sat_shift_compact.v	71
y_out[16]_i_1	LUT3	LUT	SLICE_X30Y57	SLICEM.B5LUT	D:/FpgaProject/XilinxProject/XC7A35T/fir_interpolation/submit/finally/images/work/resource_compare_218_239/matched_ooc/lut239_snapshot/XC7A35T_interp_opt_2025.2/XC7A35T_interp.srcs/sources_1/new/all2x_v6/bridge_valid_quantized_to_interp2_ce.v	70
y_out[16]_i_1__0	LUT4	LUT	SLICE_X55Y59	SLICEL.C5LUT	D:/FpgaProject/XilinxProject/XC7A35T/fir_interpolation/submit/finally/images/work/resource_compare_218_239/matched_ooc/lut239_snapshot/XC7A35T_interp_opt_2025.2/XC7A35T_interp.srcs/sources_1/new/all2x_v6/round_sat_shift_compact.v	71
y_out[17]_i_1	LUT3	LUT	SLICE_X28Y59	SLICEL.B6LUT	D:/FpgaProject/XilinxProject/XC7A35T/fir_interpolation/submit/finally/images/work/resource_compare_218_239/matched_ooc/lut239_snapshot/XC7A35T_interp_opt_2025.2/XC7A35T_interp.srcs/sources_1/new/all2x_v6/bridge_valid_quantized_to_interp2_ce.v	70
y_out[17]_i_1__0	LUT4	LUT	SLICE_X55Y60	SLICEL.A6LUT	D:/FpgaProject/XilinxProject/XC7A35T/fir_interpolation/submit/finally/images/work/resource_compare_218_239/matched_ooc/lut239_snapshot/XC7A35T_interp_opt_2025.2/XC7A35T_interp.srcs/sources_1/new/all2x_v6/round_sat_shift_compact.v	71
y_out[18]_i_1	LUT3	LUT	SLICE_X28Y59	SLICEL.B5LUT	D:/FpgaProject/XilinxProject/XC7A35T/fir_interpolation/submit/finally/images/work/resource_compare_218_239/matched_ooc/lut239_snapshot/XC7A35T_interp_opt_2025.2/XC7A35T_interp.srcs/sources_1/new/all2x_v6/bridge_valid_quantized_to_interp2_ce.v	70
y_out[18]_i_1__0	LUT4	LUT	SLICE_X55Y60	SLICEL.A5LUT	D:/FpgaProject/XilinxProject/XC7A35T/fir_interpolation/submit/finally/images/work/resource_compare_218_239/matched_ooc/lut239_snapshot/XC7A35T_interp_opt_2025.2/XC7A35T_interp.srcs/sources_1/new/all2x_v6/round_sat_shift_compact.v	71
y_out[19]_i_1__0	LUT3	LUT	SLICE_X28Y59	SLICEL.C6LUT	D:/FpgaProject/XilinxProject/XC7A35T/fir_interpolation/submit/finally/images/work/resource_compare_218_239/matched_ooc/lut239_snapshot/XC7A35T_interp_opt_2025.2/XC7A35T_interp.srcs/sources_1/new/all2x_v6/bridge_valid_quantized_to_interp2_ce.v	70
y_out[19]_i_3	LUT1	LUT	SLICE_X55Y56	SLICEL.A5LUT	D:/FpgaProject/XilinxProject/XC7A35T/fir_interpolation/submit/finally/images/work/resource_compare_218_239/matched_ooc/lut239_snapshot/XC7A35T_interp_opt_2025.2/XC7A35T_interp.srcs/sources_1/new/all2x_v6/round_sat_shift_compact.v	71
y_out[1]_i_1	LUT3	LUT	SLICE_X28Y54	SLICEL.B6LUT	D:/FpgaProject/XilinxProject/XC7A35T/fir_interpolation/submit/finally/images/work/resource_compare_218_239/matched_ooc/lut239_snapshot/XC7A35T_interp_opt_2025.2/XC7A35T_interp.srcs/sources_1/new/all2x_v6/bridge_valid_quantized_to_interp2_ce.v	70
y_out[1]_i_1__0	LUT4	LUT	SLICE_X55Y56	SLICEL.B6LUT	D:/FpgaProject/XilinxProject/XC7A35T/fir_interpolation/submit/finally/images/work/resource_compare_218_239/matched_ooc/lut239_snapshot/XC7A35T_interp_opt_2025.2/XC7A35T_interp.srcs/sources_1/new/all2x_v6/round_sat_shift_compact.v	71
y_out[20]_i_1	LUT3	LUT	SLICE_X28Y59	SLICEL.C5LUT	D:/FpgaProject/XilinxProject/XC7A35T/fir_interpolation/submit/finally/images/work/resource_compare_218_239/matched_ooc/lut239_snapshot/XC7A35T_interp_opt_2025.2/XC7A35T_interp.srcs/sources_1/new/all2x_v6/bridge_valid_quantized_to_interp2_ce.v	70
y_out[21]_i_1	LUT3	LUT	SLICE_X28Y59	SLICEL.D6LUT	D:/FpgaProject/XilinxProject/XC7A35T/fir_interpolation/submit/finally/images/work/resource_compare_218_239/matched_ooc/lut239_snapshot/XC7A35T_interp_opt_2025.2/XC7A35T_interp.srcs/sources_1/new/all2x_v6/bridge_valid_quantized_to_interp2_ce.v	70
y_out[22]_i_1	LUT3	LUT	SLICE_X28Y59	SLICEL.D5LUT	D:/FpgaProject/XilinxProject/XC7A35T/fir_interpolation/submit/finally/images/work/resource_compare_218_239/matched_ooc/lut239_snapshot/XC7A35T_interp_opt_2025.2/XC7A35T_interp.srcs/sources_1/new/all2x_v6/bridge_valid_quantized_to_interp2_ce.v	70
y_out[23]_i_1	LUT3	LUT	SLICE_X30Y57	SLICEM.C6LUT	D:/FpgaProject/XilinxProject/XC7A35T/fir_interpolation/submit/finally/images/work/resource_compare_218_239/matched_ooc/lut239_snapshot/XC7A35T_interp_opt_2025.2/XC7A35T_interp.srcs/sources_1/new/all2x_v6/bridge_valid_quantized_to_interp2_ce.v	70
y_out[2]_i_1	LUT3	LUT	SLICE_X28Y54	SLICEL.B5LUT	D:/FpgaProject/XilinxProject/XC7A35T/fir_interpolation/submit/finally/images/work/resource_compare_218_239/matched_ooc/lut239_snapshot/XC7A35T_interp_opt_2025.2/XC7A35T_interp.srcs/sources_1/new/all2x_v6/bridge_valid_quantized_to_interp2_ce.v	70
y_out[2]_i_1__0	LUT4	LUT	SLICE_X55Y56	SLICEL.B5LUT	D:/FpgaProject/XilinxProject/XC7A35T/fir_interpolation/submit/finally/images/work/resource_compare_218_239/matched_ooc/lut239_snapshot/XC7A35T_interp_opt_2025.2/XC7A35T_interp.srcs/sources_1/new/all2x_v6/round_sat_shift_compact.v	71
y_out[3]_i_1	LUT3	LUT	SLICE_X28Y55	SLICEL.C6LUT	D:/FpgaProject/XilinxProject/XC7A35T/fir_interpolation/submit/finally/images/work/resource_compare_218_239/matched_ooc/lut239_snapshot/XC7A35T_interp_opt_2025.2/XC7A35T_interp.srcs/sources_1/new/all2x_v6/bridge_valid_quantized_to_interp2_ce.v	70
y_out[3]_i_1__0	LUT4	LUT	SLICE_X55Y57	SLICEL.A6LUT	D:/FpgaProject/XilinxProject/XC7A35T/fir_interpolation/submit/finally/images/work/resource_compare_218_239/matched_ooc/lut239_snapshot/XC7A35T_interp_opt_2025.2/XC7A35T_interp.srcs/sources_1/new/all2x_v6/round_sat_shift_compact.v	71
y_out[4]_i_1	LUT3	LUT	SLICE_X28Y55	SLICEL.C5LUT	D:/FpgaProject/XilinxProject/XC7A35T/fir_interpolation/submit/finally/images/work/resource_compare_218_239/matched_ooc/lut239_snapshot/XC7A35T_interp_opt_2025.2/XC7A35T_interp.srcs/sources_1/new/all2x_v6/bridge_valid_quantized_to_interp2_ce.v	70
y_out[4]_i_1__0	LUT4	LUT	SLICE_X55Y57	SLICEL.A5LUT	D:/FpgaProject/XilinxProject/XC7A35T/fir_interpolation/submit/finally/images/work/resource_compare_218_239/matched_ooc/lut239_snapshot/XC7A35T_interp_opt_2025.2/XC7A35T_interp.srcs/sources_1/new/all2x_v6/round_sat_shift_compact.v	71
y_out[5]_i_1	LUT3	LUT	SLICE_X28Y54	SLICEL.C6LUT	D:/FpgaProject/XilinxProject/XC7A35T/fir_interpolation/submit/finally/images/work/resource_compare_218_239/matched_ooc/lut239_snapshot/XC7A35T_interp_opt_2025.2/XC7A35T_interp.srcs/sources_1/new/all2x_v6/bridge_valid_quantized_to_interp2_ce.v	70
y_out[5]_i_1__0	LUT4	LUT	SLICE_X55Y57	SLICEL.B6LUT	D:/FpgaProject/XilinxProject/XC7A35T/fir_interpolation/submit/finally/images/work/resource_compare_218_239/matched_ooc/lut239_snapshot/XC7A35T_interp_opt_2025.2/XC7A35T_interp.srcs/sources_1/new/all2x_v6/round_sat_shift_compact.v	71
y_out[6]_i_1	LUT3	LUT	SLICE_X28Y54	SLICEL.C5LUT	D:/FpgaProject/XilinxProject/XC7A35T/fir_interpolation/submit/finally/images/work/resource_compare_218_239/matched_ooc/lut239_snapshot/XC7A35T_interp_opt_2025.2/XC7A35T_interp.srcs/sources_1/new/all2x_v6/bridge_valid_quantized_to_interp2_ce.v	70
y_out[6]_i_1__0	LUT4	LUT	SLICE_X55Y57	SLICEL.B5LUT	D:/FpgaProject/XilinxProject/XC7A35T/fir_interpolation/submit/finally/images/work/resource_compare_218_239/matched_ooc/lut239_snapshot/XC7A35T_interp_opt_2025.2/XC7A35T_interp.srcs/sources_1/new/all2x_v6/round_sat_shift_compact.v	71
y_out[7]_i_1	LUT3	LUT	SLICE_X28Y55	SLICEL.D6LUT	D:/FpgaProject/XilinxProject/XC7A35T/fir_interpolation/submit/finally/images/work/resource_compare_218_239/matched_ooc/lut239_snapshot/XC7A35T_interp_opt_2025.2/XC7A35T_interp.srcs/sources_1/new/all2x_v6/bridge_valid_quantized_to_interp2_ce.v	70
y_out[7]_i_1__0	LUT4	LUT	SLICE_X55Y58	SLICEL.B6LUT	D:/FpgaProject/XilinxProject/XC7A35T/fir_interpolation/submit/finally/images/work/resource_compare_218_239/matched_ooc/lut239_snapshot/XC7A35T_interp_opt_2025.2/XC7A35T_interp.srcs/sources_1/new/all2x_v6/round_sat_shift_compact.v	71
y_out[8]_i_1	LUT3	LUT	SLICE_X28Y55	SLICEL.D5LUT	D:/FpgaProject/XilinxProject/XC7A35T/fir_interpolation/submit/finally/images/work/resource_compare_218_239/matched_ooc/lut239_snapshot/XC7A35T_interp_opt_2025.2/XC7A35T_interp.srcs/sources_1/new/all2x_v6/bridge_valid_quantized_to_interp2_ce.v	70
y_out[8]_i_1__0	LUT4	LUT	SLICE_X55Y58	SLICEL.B5LUT	D:/FpgaProject/XilinxProject/XC7A35T/fir_interpolation/submit/finally/images/work/resource_compare_218_239/matched_ooc/lut239_snapshot/XC7A35T_interp_opt_2025.2/XC7A35T_interp.srcs/sources_1/new/all2x_v6/round_sat_shift_compact.v	71
y_out[9]_i_1	LUT3	LUT	SLICE_X28Y55	SLICEL.A5LUT	D:/FpgaProject/XilinxProject/XC7A35T/fir_interpolation/submit/finally/images/work/resource_compare_218_239/matched_ooc/lut239_snapshot/XC7A35T_interp_opt_2025.2/XC7A35T_interp.srcs/sources_1/new/all2x_v6/bridge_valid_quantized_to_interp2_ce.v	70
y_out[9]_i_1__0	LUT4	LUT	SLICE_X55Y58	SLICEL.A5LUT	D:/FpgaProject/XilinxProject/XC7A35T/fir_interpolation/submit/finally/images/work/resource_compare_218_239/matched_ooc/lut239_snapshot/XC7A35T_interp_opt_2025.2/XC7A35T_interp.srcs/sources_1/new/all2x_v6/round_sat_shift_compact.v	71
