00000
00000
00000
00000
00000
00000
00000
00000
00000
00000
00000
00000
00000
00000
00000
00000
00000
00000
00000
00000
00000
00000
00000
00000
00000
00000
00000
00000
00000
00000
00000
00000
00000
00000
00000
00000
00000
00000
00000
00000
00000
00000
00000
00000
00000
00000
00000
00000
00000
00000
00000
00000
00000
00000
00000
00000
00000
00000
00000
00000
00000
00000
00000
00000
00000
00000
00000
00000
00000
00000
00000
00000
00000
00000
00000
00000
00000
00000
00000
00000
00000
00000
00000
00000
00000
00000
00000
00000
00000
00000
00000
00000
00000
00000
00000
00000
00000
00000
00000
00000
00000
00000
00000
00000
00000
00000
00000
00000
00000
00000
00000
00000
00000
00000
00000
00000
00000
00000
00000
00000
00000
00000
00000
00000
00000
00000
00000
00000
00000
00000
00000
00000
00000
00000
00000
00000
00000
00000
00000
00000
00000
00000
00000
00000
00000
00000
00000
00000
00000
00000
00000
00000
00000
00000
00000
00000
00000
00000
00000
00000
00000
00000
00000
00000
00000
00000
00000
00000
00000
00000
00000
00000
00000
00000
00000
00000
00000
00000
00000
00000
00000
00000
00000
00000
00000
00000
00000
00000
00000
00000
00000
00000
00000
00000
00000
00000
00000
00000
00000
00000
00000
00000
00000
00000
00000
00000
00000
00000
00000
00000
00000
00000
00000
00000
00000
00000
00000
00000
00000
00000
00000
00000
00000
00000
00000
00000
00000
00000
00000
00000
00000
00000
00000
00000
00000
00000
00000
00000
00000
00000
00000
00000
00000
00000
00000
00000
00000
00000
00000
00000
00000
00000
00000
00000
00000
00000
00000
00000
00000
00000
00000
00000
00000
00000
00000
00000
00000
00000
00000
00000
00000
00000
00000
00000
00000
00000
00000
00000
00000
00000
00000
00000
00000
00000
00000
00000
00000
00000
00000
00000
00000
00000
00000
00000
00000
00000
00000
00000
00000
00000
00000
00000
00000
00000
00000
00000
00000
00000
00000
00000
00000
00001
00001
00001
00001
00001
00001
00001
00001
00001
00001
00001
00001
00001
00001
00001
00001
00001
00001
00001
00001
00001
00001
00001
00001
00001
00001
00001
00001
00001
00001
00001
00001
00001
00001
00001
00001
00001
00001
00001
00001
00001
00000
00000
00000
00000
00000
00000
00000
00000
00000
FFFFF
FFFFF
FFFFF
FFFFF
FFFFF
FFFFF
FFFFF
FFFFF
FFFFE
FFFFE
FFFFE
FFFFE
FFFFE
FFFFE
FFFFE
FFFFE
FFFFD
FFFFD
FFFFD
FFFFD
FFFFD
FFFFD
FFFFD
FFFFD
FFFFC
FFFFC
FFFFC
FFFFC
FFFFC
FFFFC
FFFFC
FFFFC
FFFFB
FFFFB
FFFFB
FFFFB
FFFFB
FFFFB
FFFFB
FFFFB
FFFFA
FFFFA
FFFFA
FFFFA
FFFFA
FFFFA
FFFFA
FFFFA
FFFF9
FFFF9
FFFF9
FFFF9
FFFF9
FFFF9
FFFF9
FFFF9
FFFF9
FFFF9
FFFF9
FFFF9
FFFF8
FFFF8
FFFF8
FFFF8
FFFF8
FFFF8
FFFF8
FFFF8
FFFF8
FFFF8
FFFF8
FFFF8
FFFF8
FFFF8
FFFF8
FFFF8
FFFF8
FFFF8
FFFF8
FFFF8
FFFF8
FFFF8
FFFF8
FFFF8
FFFF8
FFFF8
FFFF8
FFFF8
FFFF8
FFFF8
FFFF9
FFFF9
FFFF9
FFFF9
FFFF9
FFFF9
FFFF9
FFFF9
FFFF9
FFFFA
FFFFA
FFFFA
FFFFA
FFFFA
FFFFA
FFFFA
FFFFA
FFFFB
FFFFB
FFFFB
FFFFB
FFFFB
FFFFB
FFFFB
FFFFC
FFFFC
FFFFC
FFFFC
FFFFC
FFFFC
FFFFC
FFFFD
FFFFD
FFFFD
FFFFD
FFFFD
FFFFE
FFFFE
FFFFE
FFFFE
FFFFE
FFFFE
FFFFF
FFFFF
FFFFF
FFFFF
FFFFF
00000
00000
00000
00000
00000
00001
00001
00001
00001
00001
00002
00002
00002
00002
00002
00002
00003
00003
00003
00003
00003
00004
00004
00004
00004
00004
00004
00005
00005
00005
00005
00005
00005
00005
00006
00006
00006
00006
00006
00006
00006
00006
00007
00007
00007
00007
00007
00007
00007
00007
00007
00007
00007
00007
00007
00008
00008
00008
00008
00008
00008
00008
00008
00008
00008
00008
00008
00008
00008
00008
00008
00008
00008
00008
00008
00008
00008
00008
00008
00008
00008
00008
00007
00007
00007
00007
00007
00007
00007
00007
00007
00007
00007
00006
00006
00006
00006
00006
00006
00006
00005
00005
00005
00005
00005
00004
00004
00004
00004
00003
00003
00003
00003
00002
00002
00002
00001
00001
00001
00000
00000
00000
FFFFF
FFFFF
FFFFF
FFFFE
FFFFE
FFFFE
FFFFD
FFFFD
FFFFD
FFFFC
FFFFC
FFFFB
FFFFB
FFFFB
FFFFA
FFFFA
FFFFA
FFFF9
FFFF9
FFFF8
FFFF8
FFFF7
FFFF7
FFFF7
FFFF6
FFFF6
FFFF5
FFFF5
FFFF5
FFFF4
FFFF4
FFFF3
FFFF3
FFFF3
FFFF2
FFFF2
FFFF1
FFFF1
FFFF1
FFFF0
FFFF0
FFFEF
FFFEF
FFFEF
FFFEE
FFFEE
FFFEE
FFFED
FFFED
FFFED
FFFEC
FFFEC
FFFEC
FFFEB
FFFEB
FFFEB
FFFEB
FFFEA
FFFEA
FFFEA
FFFEA
FFFE9
FFFE9
FFFE9
FFFE9
FFFE9
FFFE9
FFFE8
FFFE8
FFFE8
FFFE8
FFFE8
FFFE8
FFFE8
FFFE8
FFFE8
FFFE8
FFFE8
FFFE8
FFFE8
FFFE8
FFFE8
FFFE9
FFFE9
FFFE9
FFFE9
FFFE9
FFFE9
FFFEA
FFFEA
FFFEA
FFFEA
FFFEB
FFFEB
FFFEB
FFFEC
FFFEC
FFFEC
FFFED
FFFED
FFFEE
FFFEE
FFFEF
FFFEF
FFFF0
FFFF0
FFFF1
FFFF1
FFFF2
FFFF2
FFFF3
FFFF3
FFFF4
FFFF5
FFFF5
FFFF6
FFFF7
FFFF7
FFFF8
FFFF8
FFFF9
FFFFA
FFFFA
FFFFB
FFFFC
FFFFD
FFFFD
FFFFE
FFFFF
FFFFF
00000
00001
00002
00002
00003
00004
00004
00005
00006
00007
00007
00008
00009
0000A
0000A
0000B
0000C
0000C
0000D
0000E
0000F
0000F
00010
00011
00011
00012
00013
00013
00014
00015
00015
00016
00017
00017
00018
00018
00019
0001A
0001A
0001B
0001B
0001C
0001C
0001D
0001D
0001E
0001E
0001F
0001F
00020
00020
00020
00021
00021
00022
00022
00022
00022
00023
00023
00023
00023
00024
00024
00024
00024
00024
00024
00024
00024
00024
00024
00024
00024
00024
00024
00024
00024
00023
00023
00023
00023
00022
00022
00022
00021
00021
00021
00020
00020
0001F
0001F
0001E
0001E
0001D
0001D
0001C
0001B
0001B
0001A
00019
00019
00018
00017
00016
00015
00015
00014
00013
00012
00011
00010
0000F
0000F
0000E
0000D
0000C
0000B
0000A
00009
00008
00007
00006
00005
00004
00003
00002
00001
00000
FFFFF
FFFFE
FFFFD
FFFFC
FFFFB
FFFF9
FFFF8
FFFF7
FFFF6
FFFF5
FFFF4
FFFF3
FFFF2
FFFF1
FFFF0
FFFEF
FFFEE
FFFED
FFFEC
FFFEB
FFFEA
FFFE9
FFFE7
FFFE6
FFFE5
FFFE4
FFFE3
FFFE2
FFFE1
FFFE1
FFFE0
FFFDF
FFFDE
FFFDD
FFFDC
FFFDB
FFFDA
FFFDA
FFFD9
FFFD8
FFFD7
FFFD7
FFFD6
FFFD5
FFFD5
FFFD4
FFFD4
FFFD3
FFFD3
FFFD2
FFFD2
FFFD1
FFFD1
FFFD0
FFFD0
FFFD0
FFFCF
FFFCF
FFFCF
FFFCF
FFFCE
FFFCE
FFFCE
FFFCE
FFFCE
FFFCE
FFFCE
FFFCE
FFFCE
FFFCE
FFFCE
FFFCE
FFFCE
FFFCE
FFFCE
FFFCE
FFFCE
FFFCF
FFFCF
FFFCF
FFFD0
FFFD0
FFFD1
FFFD1
FFFD1
FFFD2
FFFD3
FFFD3
FFFD4
FFFD4
FFFD5
FFFD6
FFFD7
FFFD7
FFFD8
FFFD9
FFFDA
FFFDB
FFFDC
FFFDD
FFFDE
FFFDF
FFFE0
FFFE1
FFFE2
FFFE3
FFFE4
FFFE5
FFFE6
FFFE8
FFFE9
FFFEA
FFFEB
FFFED
FFFEE
FFFEF
FFFF1
FFFF2
FFFF4
FFFF5
FFFF6
FFFF8
FFFF9
FFFFB
FFFFC
FFFFE
00000
00001
00003
00004
00006
00007
00009
0000A
0000C
0000D
0000F
00010
00012
00013
00015
00017
00018
0001A
0001B
0001D
0001E
0001F
00021
00022
00024
00025
00027
00028
00029
0002B
0002C
0002D
0002F
00030
00031
00033
00034
00035
00036
00037
00038
0003A
0003B
0003C
0003D
0003E
0003F
00040
00041
00041
00042
00043
00044
00044
00045
00046
00046
00047
00047
00048
00048
00049
00049
00049
0004A
0004A
0004A
0004A
0004A
0004A
0004A
0004A
0004A
0004A
0004A
00049
00049
00049
00048
00048
00048
00047
00047
00046
00045
00045
00044
00043
00042
00041
00041
00040
0003F
0003E
0003C
0003B
0003A
00039
00038
00036
00035
00034
00032
00031
0002F
0002E
0002C
0002A
00029
00027
00025
00023
00022
00020
0001E
0001C
0001A
00018
00016
00014
00012
00010
0000E
0000C
0000A
00008
00006
00004
00002
00000
FFFFD
FFFFB
FFFF9
FFFF7
FFFF5
FFFF3
FFFF0
FFFEE
FFFEC
FFFEA
FFFE8
FFFE6
FFFE4
FFFE1
FFFDF
FFFDD
FFFDB
FFFD9
FFFD7
FFFD5
FFFD3
FFFD1
FFFCF
FFFCD
FFFCB
FFFC9
FFFC7
FFFC5
FFFC3
FFFC1
FFFBF
FFFBD
FFFBB
FFFBA
FFFB8
FFFB6
FFFB5
FFFB3
FFFB1
FFFB0
FFFAE
FFFAD
FFFAB
FFFAA
FFFA9
FFFA7
FFFA6
FFFA5
FFFA4
FFFA3
FFFA2
FFFA1
FFFA0
FFF9F
FFF9E
FFF9D
FFF9D
FFF9C
FFF9C
FFF9B
FFF9B
FFF9A
FFF9A
FFF99
FFF99
FFF99
FFF99
FFF99
FFF99
FFF99
FFF99
FFF99
FFF9A
FFF9A
FFF9B
FFF9B
FFF9B
FFF9C
FFF9D
FFF9D
FFF9E
FFF9F
FFFA0
FFFA1
FFFA2
FFFA3
FFFA4
FFFA5
FFFA6
FFFA8
FFFA9
FFFAA
FFFAC
FFFAE
FFFAF
FFFB1
FFFB3
FFFB4
FFFB6
FFFB8
FFFBA
FFFBC
FFFBE
FFFC1
FFFC3
FFFC5
FFFC7
FFFCA
FFFCC
FFFCF
FFFD1
FFFD4
FFFD6
FFFD9
FFFDC
FFFDE
FFFE1
FFFE4
FFFE6
FFFE9
FFFEC
FFFEF
FFFF2
FFFF5
FFFF8
FFFFB
FFFFE
00001
00004
00007
0000A
0000D
00010
00013
00016
00019
0001D
00020
00023
00026
00029
0002C
0002F
00032
00035
00038
0003B
0003E
00041
00044
00047
0004A
0004C
0004F
00052
00055
00057
0005A
0005C
0005F
00061
00064
00066
00069
0006B
0006D
0006F
00071
00073
00075
00077
00079
0007B
0007D
0007F
00080
00082
00083
00085
00086
00087
00089
0008A
0008B
0008C
0008D
0008D
0008E
0008F
0008F
00090
00090
00090
00091
00091
00091
00091
00091
00090
00090
00090
0008F
0008F
0008E
0008D
0008C
0008B
0008A
00089
00088
00087
00085
00084
00082
00080
0007F
0007D
0007B
00079
00077
00075
00072
00070
0006E
0006B
00069
00066
00063
00061
0005E
0005B
00058
00055
00052
0004E
0004B
00048
00044
00041
0003E
0003A
00036
00033
0002F
0002B
00027
00023
00020
0001C
00018
00014
00010
0000C
00007
00003
FFFFF
FFFFB
FFFF7
FFFF3
FFFEE
FFFEA
FFFE6
FFFE2
FFFDE
FFFD9
FFFD5
FFFD1
FFFCD
FFFC8
FFFC4
FFFC0
FFFBC
FFFB8
FFFB4
FFFAF
FFFAB
FFFA7
FFFA3
FFF9F
FFF9B
FFF98
FFF94
FFF90
FFF8C
FFF89
FFF85
FFF81
FFF7E
FFF7A
FFF77
FFF74
FFF71
FFF6D
FFF6A
FFF67
FFF64
FFF62
FFF5F
FFF5C
FFF5A
FFF57
FFF55
FFF52
FFF50
FFF4E
FFF4C
FFF4A
FFF48
FFF47
FFF45
FFF44
FFF42
FFF41
FFF40
FFF3F
FFF3E
FFF3D
FFF3C
FFF3B
FFF3B
FFF3B
FFF3A
FFF3A
FFF3A
FFF3A
FFF3A
FFF3B
FFF3B
FFF3C
FFF3D
FFF3D
FFF3E
FFF3F
FFF41
FFF42
FFF43
FFF45
FFF47
FFF48
FFF4A
FFF4C
FFF4F
FFF51
FFF53
FFF56
FFF58
FFF5B
FFF5E
FFF61
FFF64
FFF67
FFF6B
FFF6E
FFF72
FFF75
FFF79
FFF7D
FFF81
FFF85
FFF89
FFF8D
FFF92
FFF96
FFF9A
FFF9F
FFFA4
FFFA8
FFFAD
FFFB2
FFFB7
FFFBC
FFFC1
FFFC6
FFFCB
FFFD0
FFFD6
FFFDB
FFFE0
FFFE6
FFFEB
FFFF0
FFFF6
FFFFB
00001
00007
0000C
00012
00017
0001D
00023
00028
0002E
00034
00039
0003F
00045
0004A
00050
00055
0005B
00060
00066
0006B
00071
00076
0007B
00081
00086
0008B
00090
00095
0009A
0009F
000A4
000A9
000AD
000B2
000B6
000BB
000BF
000C3
000C7
000CB
000CF
000D3
000D6
000DA
000DD
000E1
000E4
000E7
000EA
000EC
000EF
000F2
000F4
000F6
000F8
000FA
000FC
000FE
000FF
00101
00102
00103
00104
00105
00105
00106
00106
00106
00106
00106
00105
00105
00104
00103
00102
00101
000FF
000FE
000FC
000FA
000F8
000F6
000F4
000F1
000EF
000EC
000E9
000E6
000E3
000DF
000DC
000D8
000D4
000D0
000CC
000C8
000C3
000BF
000BA
000B5
000B0
000AB
000A6
000A1
0009B
00096
00090
0008B
00085
0007F
00079
00073
0006C
00066
00060
00059
00052
0004C
00045
0003E
00037
00031
0002A
00023
0001C
00015
0000D
00006
FFFFF
FFFF8
FFFF1
FFFE9
FFFE2
FFFDB
FFFD4
FFFCC
FFFC5
FFFBE
FFFB7
FFFAF
FFFA8
FFFA1
FFF9A
FFF93
FFF8C
FFF85
FFF7E
FFF77
FFF70
FFF69
FFF62
FFF5B
FFF55
FFF4E
FFF48
FFF41
FFF3B
FFF35
FFF2F
FFF29
FFF23
FFF1D
FFF17
FFF12
FFF0C
FFF07
FFF02
FFEFD
FFEF8
FFEF3
FFEEF
FFEEA
FFEE6
FFEE2
FFEDE
FFEDA
FFED6
FFED3
FFECF
FFECC
FFEC9
FFEC7
FFEC4
FFEC2
FFEBF
FFEBD
FFEBB
FFEBA
FFEB8
FFEB7
FFEB6
FFEB5
FFEB4
FFEB4
FFEB3
FFEB3
FFEB3
FFEB4
FFEB4
FFEB5
FFEB6
FFEB7
FFEB8
FFEB9
FFEBB
FFEBD
FFEBF
FFEC1
FFEC4
FFEC6
FFEC9
FFECC
FFECF
FFED3
FFED7
FFEDA
FFEDE
FFEE3
FFEE7
FFEEC
FFEF1
FFEF6
FFEFB
FFF00
FFF06
FFF0B
FFF11
FFF18
FFF1E
FFF24
FFF2B
FFF32
FFF38
FFF40
FFF47
FFF4E
FFF56
FFF5D
FFF65
FFF6D
FFF75
FFF7D
FFF85
FFF8E
FFF96
FFF9F
FFFA7
FFFB0
FFFB9
FFFC2
FFFCB
FFFD4
FFFDD
FFFE6
FFFEF
FFFF9
00002
0000B
00015
0001E
00028
00031
0003B
00044
0004E
00057
00061
0006A
00074
0007D
00087
00090
00099
000A3
000AC
000B5
000BE
000C7
000D0
000D9
000E1
000EA
000F2
000FB
00103
0010B
00113
0011B
00123
0012A
00132
00139
00140
00147
0014E
00155
0015B
00161
00167
0016D
00173
00178
0017E
00183
00187
0018C
00190
00195
00199
0019C
001A0
001A3
001A6
001A9
001AB
001AD
001AF
001B1
001B3
001B4
001B5
001B6
001B6
001B6
001B6
001B6
001B5
001B4
001B3
001B2
001B0
001AE
001AC
001A9
001A7
001A4
001A0
0019D
00199
00195
00190
0018C
00187
00182
0017C
00177
00171
0016A
00164
0015D
00156
0014F
00148
00140
00138
00130
00128
00120
00117
0010E
00105
000FC
000F2
000E8
000DF
000D5
000CA
000C0
000B6
000AB
000A0
00095
0008A
0007F
00074
00068
0005D
00051
00046
0003A
0002E
00022
00016
0000A
FFFFE
FFFF2
FFFE6
FFFDA
FFFCD
FFFC1
FFFB5
FFFA9
FFF9D
FFF90
FFF84
FFF78
FFF6C
FFF60
FFF54
FFF48
FFF3C
FFF30
FFF24
FFF19
FFF0D
FFF02
FFEF7
FFEEB
FFEE0
FFED5
FFECB
FFEC0
FFEB5
FFEAB
FFEA1
FFE97
FFE8D
FFE83
FFE7A
FFE71
FFE68
FFE5F
FFE56
FFE4E
FFE46
FFE3E
FFE36
FFE2F
FFE28
FFE21
FFE1A
FFE14
FFE0E
FFE08
FFE03
FFDFD
FFDF8
FFDF4
FFDEF
FFDEB
FFDE8
FFDE4
FFDE1
FFDDE
FFDDC
FFDDA
FFDD8
FFDD6
FFDD5
FFDD4
FFDD4
FFDD4
FFDD4
FFDD4
FFDD5
FFDD6
FFDD8
FFDDA
FFDDC
FFDDF
FFDE1
FFDE5
FFDE8
FFDEC
FFDF0
FFDF5
FFDFA
FFDFF
FFE05
FFE0B
FFE11
FFE17
FFE1E
FFE25
FFE2D
FFE35
FFE3D
FFE45
FFE4E
FFE57
FFE60
FFE6A
FFE74
FFE7E
FFE89
FFE93
FFE9E
FFEA9
FFEB5
FFEC1
FFECD
FFED9
FFEE5
FFEF2
FFEFF
FFF0C
FFF19
FFF27
FFF35
FFF42
FFF51
FFF5F
FFF6D
FFF7C
FFF8A
FFF99
FFFA8
FFFB7
FFFC6
FFFD5
FFFE5
FFFF4
00003
00013
00022
00032
00041
00051
00061
00070
00080
0008F
0009F
000AE
000BE
000CD
000DD
000EC
000FB
0010A
00119
00128
00137
00145
00154
00162
00170
0017E
0018C
0019A
001A7
001B4
001C1
001CE
001DB
001E7
001F3
001FF
0020A
00216
00221
0022B
00236
00240
0024A
00253
0025C
00265
0026E
00276
0027D
00285
0028C
00293
00299
0029F
002A4
002AA
002AE
002B3
002B7
002BA
002BD
002C0
002C2
002C4
002C6
002C7
002C7
002C7
002C7
002C7
002C5
002C4
002C2
002BF
002BD
002B9
002B6
002B2
002AD
002A8
002A3
0029D
00296
00290
00288
00281
00279
00270
00268
0025E
00255
0024B
00240
00236
0022A
0021F
00213
00206
001FA
001ED
001DF
001D1
001C3
001B5
001A6
00197
00188
00178
00168
00158
00147
00137
00126
00115
00103
000F1
000E0
000CE
000BB
000A9
00096
00084
00071
0005E
0004A
00037
00024
00010
FFFFD
FFFE9
FFFD6
FFFC2
FFFAE
FFF9A
FFF87
FFF73
FFF5F
FFF4B
FFF38
FFF24
FFF11
FFEFD
FFEEA
FFED6
FFEC3
FFEB0
FFE9D
FFE8A
FFE78
FFE65
FFE53
FFE41
FFE2F
FFE1D
FFE0C
FFDFB
FFDEA
FFDD9
FFDC9
FFDB9
FFDA9
FFD9A
FFD8A
FFD7C
FFD6D
FFD5F
FFD51
FFD44
FFD37
FFD2A
FFD1E
FFD12
FFD07
FFCFC
FFCF1
FFCE7
FFCDD
FFCD4
FFCCB
FFCC3
FFCBB
FFCB4
FFCAD
FFCA6
FFCA1
FFC9B
FFC96
FFC92
FFC8E
FFC8B
FFC88
FFC86
FFC84
FFC83
FFC82
FFC82
FFC82
FFC83
FFC85
FFC87
FFC89
FFC8D
FFC90
FFC94
FFC99
FFC9F
FFCA4
FFCAB
FFCB2
FFCB9
FFCC1
FFCCA
FFCD3
FFCDC
FFCE6
FFCF1
FFCFC
FFD08
FFD14
FFD20
FFD2D
FFD3B
FFD49
FFD58
FFD67
FFD76
FFD86
FFD97
FFDA7
FFDB9
FFDCA
FFDDC
FFDEF
FFE02
FFE15
FFE28
FFE3C
FFE51
FFE65
FFE7A
FFE8F
FFEA5
FFEBB
FFED1
FFEE7
FFEFE
FFF15
FFF2C
FFF43
FFF5B
FFF72
FFF8A
FFFA2
FFFBA
FFFD2
FFFEB
00003
0001C
00034
0004D
00065
0007E
00097
000AF
000C8
000E0
000F9
00111
0012A
00142
0015A
00172
0018A
001A2
001B9
001D0
001E8
001FE
00215
0022C
00242
00258
0026D
00283
00298
002AC
002C1
002D5
002E8
002FC
0030E
00321
00333
00344
00356
00366
00377
00386
00396
003A4
003B3
003C0
003CD
003DA
003E6
003F2
003FD
00407
00411
0041A
00422
0042A
00431
00438
0043E
00444
00448
0044C
00450
00453
00455
00456
00457
00457
00456
00455
00453
00451
0044D
00449
00445
0043F
00439
00433
0042B
00423
0041B
00411
00407
003FD
003F1
003E5
003D9
003CB
003BD
003AF
003A0
00390
00380
0036F
0035D
0034B
00338
00325
00311
002FD
002E8
002D2
002BD
002A6
0028F
00278
00260
00248
0022F
00216
001FC
001E2
001C8
001AD
00192
00177
0015B
0013F
00123
00106
000E9
000CC
000AF
00091
00074
00056
00038
0001A
FFFFB
FFFDD
FFFBE
FFFA0
FFF81
FFF63
FFF44
FFF26
FFF07
FFEE9
FFECA
FFEAC
FFE8D
FFE6F
FFE51
FFE34
FFE16
FFDF8
FFDDB
FFDBE
FFDA1
FFD85
FFD69
FFD4D
FFD31
FFD16
FFCFB
FFCE0
FFCC6
FFCAD
FFC93
FFC7B
FFC62
FFC4A
FFC33
FFC1C
FFC06
FFBF0
FFBDB
FFBC6
FFBB2
FFB9F
FFB8C
FFB7A
FFB68
FFB57
FFB47
FFB37
FFB29
FFB1A
FFB0D
FFB00
FFAF4
FFAE9
FFADE
FFAD5
FFACC
FFAC3
FFABC
FFAB5
FFAAF
FFAAA
FFAA6
FFAA2
FFAA0
FFA9E
FFA9D
FFA9D
FFA9E
FFA9F
FFAA2
FFAA5
FFAA9
FFAAE
FFAB3
FFABA
FFAC1
FFAC9
FFAD3
FFADC
FFAE7
FFAF3
FFAFF
FFB0C
FFB1A
FFB29
FFB39
FFB49
FFB5B
FFB6D
FFB7F
FFB93
FFBA7
FFBBC
FFBD2
FFBE8
FFC00
FFC18
FFC30
FFC49
FFC63
FFC7E
FFC99
FFCB5
FFCD2
FFCEF
FFD0C
FFD2A
FFD49
FFD68
FFD88
FFDA8
FFDC9
FFDEA
FFE0C
FFE2E
FFE50
FFE73
FFE96
FFEBA
FFEDE
FFF02
FFF26
FFF4B
FFF6F
FFF95
FFFBA
FFFDF
00005
0002A
00050
00076
0009C
000C2
000E8
0010E
00134
0015A
0017F
001A5
001CB
001F0
00215
0023A
0025F
00284
002A8
002CC
002EF
00313
00336
00358
0037B
0039C
003BE
003DF
003FF
0041F
0043E
0045D
0047B
00499
004B6
004D2
004EE
00509
00523
0053D
00556
0056E
00585
0059C
005B2
005C7
005DB
005EF
00601
00613
00624
00633
00642
00650
0065E
0066A
00675
0067F
00688
00691
00698
0069E
006A4
006A8
006AB
006AE
006AF
006AF
006AE
006AC
006A9
006A5
006A0
0069A
00693
0068B
00682
00677
0066C
00660
00652
00644
00634
00624
00613
00600
005ED
005D8
005C3
005AC
00595
0057D
00564
0054A
0052F
00513
004F6
004D8
004BA
0049A
0047A
00459
00437
00415
003F1
003CD
003A9
00383
0035D
00336
0030F
002E7
002BE
00295
0026C
00241
00217
001EC
001C0
00194
00168
0013B
0010E
000E0
000B3
00085
00056
00028
FFFF9
FFFCB
FFF9C
FFF6D
FFF3E
FFF0F
FFEDF
FFEB0
FFE81
FFE52
FFE23
FFDF4
FFDC6
FFD97
FFD69
FFD3B
FFD0E
FFCE0
FFCB3
FFC86
FFC5A
FFC2E
FFC03
FFBD8
FFBAD
FFB84
FFB5A
FFB31
FFB09
FFAE2
FFABB
FFA95
FFA6F
FFA4A
FFA26
FFA03
FF9E1
FF9BF
FF99F
FF97F
FF960
FF942
FF925
FF909
FF8EE
FF8D4
FF8BB
FF8A3
FF88C
FF876
FF861
FF84E
FF83B
FF82A
FF81A
FF80B
FF7FD
FF7F0
FF7E5
FF7DB
FF7D2
FF7CA
FF7C3
FF7BE
FF7BA
FF7B7
FF7B6
FF7B6
FF7B7
FF7B9
FF7BD
FF7C2
FF7C8
FF7D0
FF7D9
FF7E3
FF7EE
FF7FB
FF809
FF818
FF829
FF83B
FF84E
FF862
FF878
FF88F
FF8A7
FF8C0
FF8DB
FF8F7
FF914
FF932
FF951
FF971
FF993
FF9B5
FF9D9
FF9FE
FFA24
FFA4B
FFA72
FFA9B
FFAC5
FFAF0
FFB1C
FFB49
FFB76
FFBA5
FFBD4
FFC04
FFC35
FFC66
FFC98
FFCCB
FFCFF
FFD33
FFD68
FFD9E
FFDD4
FFE0A
FFE41
FFE79
FFEB1
FFEE9
FFF21
FFF5A
FFF94
FFFCD
00007
00041
0007B
000B5
000EF
0012A
00164
0019E
001D9
00213
0024D
00287
002C0
002FA
00333
0036C
003A4
003DC
00414
0044B
00482
004B8
004EE
00523
00558
0058C
005BF
005F1
00623
00654
00684
006B3
006E2
0070F
0073B
00767
00792
007BB
007E3
0080B
00831
00856
0087A
0089D
008BF
008DF
008FE
0091C
00938
00953
0096D
00985
0099C
009B2
009C6
009D9
009EA
009FA
00A08
00A15
00A20
00A2A
00A32
00A39
00A3E
00A42
00A44
00A44
00A43
00A40
00A3B
00A35
00A2E
00A25
00A1A
00A0D
00A00
009F0
009DF
009CC
009B8
009A2
0098A
00971
00956
0093A
0091D
008FD
008DD
008BA
00897
00872
0084B
00823
007FA
007CF
007A3
00775
00746
00716
006E4
006B2
0067E
00649
00612
005DB
005A2
00569
0052E
004F3
004B6
00479
0043A
003FB
003BB
0037A
00338
002F6
002B3
0026F
0022B
001E6
001A0
0015A
00114
000CD
00086
0003E
FFFF7
FFFAF
FFF66
FFF1E
FFED5
FFE8D
FFE44
FFDFB
FFDB3
FFD6A
FFD22
FFCDA
FFC92
FFC4A
FFC03
FFBBC
FFB75
FFB2F
FFAE9
FFAA4
FFA60
FFA1C
FF9D9
FF997
FF955
FF914
FF8D4
FF895
FF857
FF819
FF7DD
FF7A2
FF768
FF72F
FF6F7
FF6C0
FF68B
FF657
FF624
FF5F2
FF5C2
FF593
FF566
FF53A
FF510
FF4E7
FF4C0
FF49B
FF477
FF454
FF434
FF415
FF3F8
FF3DD
FF3C3
FF3AB
FF395
FF381
FF36F
FF35E
FF350
FF343
FF338
FF330
FF329
FF324
FF321
FF321
FF322
FF325
FF32A
FF331
FF33A
FF346
FF353
FF362
FF373
FF386
FF39C
FF3B3
FF3CC
FF3E7
FF404
FF424
FF445
FF468
FF48D
FF4B4
FF4DD
FF507
FF534
FF562
FF592
FF5C4
FF5F8
FF62E
FF665
FF69E
FF6D9
FF715
FF753
FF793
FF7D4
FF816
FF85B
FF8A0
FF8E7
FF92F
FF979
FF9C4
FFA10
FFA5D
FFAAC
FFAFB
FFB4C
FFB9E
FFBF1
FFC44
FFC99
FFCEE
FFD44
FFD9B
FFDF3
FFE4B
FFEA4
FFEFD
FFF57
FFFB1
0000C
00067
000C3
0011E
0017A
001D6
00232
0028E
002EA
00345
003A1
003FC
00457
004B2
0050D
00567
005C0
00619
00671
006C9
00720
00776
007CB
00820
00873
008C6
00918
00968
009B7
00A05
00A52
00A9E
00AE8
00B31
00B78
00BBE
00C02
00C45
00C86
00CC5
00D03
00D3F
00D79
00DB2
00DE8
00E1C
00E4F
00E7F
00EAE
00EDA
00F04
00F2C
00F51
00F75
00F96
00FB5
00FD2
00FEC
01004
0101A
0102D
0103E
0104C
01058
01061
01068
0106C
0106E
0106D
0106A
01064
0105B
01050
01043
01033
01020
0100B
00FF3
00FD9
00FBC
00F9C
00F7A
00F55
00F2E
00F04
00ED8
00EAA
00E78
00E45
00E0F
00DD7
00D9C
00D5F
00D1F
00CDE
00C9A
00C53
00C0B
00BC0
00B73
00B24
00AD3
00A80
00A2B
009D4
0097B
00921
008C4
00866
00806
007A5
00742
006DD
00677
0060F
005A6
0053C
004D1
00464
003F6
00387
00317
002A6
00235
001C2
0014F
000DB
00066
FFFF1
FFF7C
FFF05
FFE8F
FFE18
FFDA1
FFD2A
FFCB3
FFC3C
FFBC5
FFB4E
FFAD7
FFA61
FF9EB
FF975
FF900
FF88B
FF818
FF7A4
FF732
FF6C1
FF650
FF5E1
FF572
FF505
FF499
FF42E
FF3C4
FF35C
FF2F6
FF291
FF22D
FF1CC
FF16C
FF10E
FF0B1
FF057
FEFFF
FEFA9
FEF55
FEF03
FEEB3
FEE66
FEE1B
FEDD2
FED8C
FED49
FED08
FECCA
FEC8E
FEC55
FEC20
FEBEC
FEBBC
FEB8F
FEB65
FEB3D
FEB19
FEAF8
FEADA
FEABF
FEAA7
FEA92
FEA81
FEA72
FEA68
FEA60
FEA5C
FEA5B
FEA5D
FEA63
FEA6C
FEA79
FEA89
FEA9C
FEAB3
FEACD
FEAEB
FEB0B
FEB30
FEB57
FEB83
FEBB1
FEBE3
FEC19
FEC51
FEC8D
FECCC
FED0F
FED55
FED9E
FEDEA
FEE39
FEE8C
FEEE1
FEF3A
FEF96
FEFF4
FF056
FF0BB
FF122
FF18C
FF1F9
FF269
FF2DC
FF351
FF3C8
FF442
FF4BE
FF53D
FF5BE
FF641
FF6C7
FF74E
FF7D8
FF864
FF8F1
FF980
FFA11
FFAA4
FFB38
FFBCE
FFC65
FFCFD
FFD97
FFE31
FFECD
FFF6A
00008
000A6
00146
001E6
00286
00327
003C8
0046A
0050C
005AD
0064F
006F1
00792
00833
008D4
00974
00A13
00AB2
00B50
00BED
00C89
00D24
00DBE
00E56
00EED
00F83
01017
010A9
01139
011C8
01255
012DF
01368
013EE
01472
014F4
01573
015EF
01669
016E0
01754
017C5
01833
0189E
01906
0196A
019CB
01A29
01A83
01AD9
01B2C
01B7B
01BC7
01C0E
01C51
01C91
01CCC
01D03
01D37
01D66
01D90
01DB7
01DD9
01DF6
01E0F
01E24
01E33
01E3F
01E45
01E47
01E45
01E3E
01E32
01E21
01E0B
01DF1
01DD2
01DAE
01D85
01D58
01D25
01CEE
01CB2
01C71
01C2B
01BE0
01B91
01B3D
01AE4
01A86
01A24
019BD
01951
018E1
0186C
017F3
01775
016F2
0166B
015E0
01550
014BC
01424
01388
012E8
01244
0119C
010F0
01040
00F8D
00ED5
00E1B
00D5D
00C9B
00BD6
00B0E
00A43
00975
008A4
007D0
006F9
00620
00544
00466
00386
002A3
001BF
000D8
FFFF0
FFF06
FFE1A
FFD2D
FFC3F
FFB4F
FFA5E
FF96D
FF87A
FF787
FF694
FF5A0
FF4AC
FF3B8
FF2C3
FF1CF
FF0DC
FEFE8
FEEF5
FEE03
FED12
FEC22
FEB33
FEA46
FE95A
FE86F
FE787
FE6A0
FE5BB
FE4D8
FE3F8
FE31B
FE240
FE167
FE092
FDFC0
FDEF1
FDE25
FDD5D
FDC99
FDBD8
FDB1B
FDA63
FD9AE
FD8FE
FD853
FD7AC
FD70A
FD66D
FD5D5
FD542
FD4B5
FD42C
FD3AA
FD32D
FD2B6
FD245
FD1DA
FD175
FD116
FD0BD
FD06B
FD020
FCFDB
FCF9D
FCF66
FCF36
FCF0D
FCEEC
FCED1
FCEBE
FCEB2
FCEAE
FCEB1
FCEBC
FCECE
FCEE9
FCF0B
FCF35
FCF67
FCFA1
FCFE3
FD02E
FD080
FD0DB
FD13E
FD1AA
FD21D
FD299
FD31D
FD3AA
FD43F
FD4DC
FD582
FD630
FD6E6
FD7A5
FD86D
FD93D
FDA15
FDAF6
FDBDF
FDCD0
FDDCA
FDECB
FDFD5
FE0E7
FE202
FE324
FE44E
FE580
FE6BA
FE7FC
FE946
FEA98
FEBF1
FED52
FEEBA
FF02A
FF1A1
FF31F
FF4A4
FF630
FF7C3
FF95D
FFAFE
FFCA5
FFE53
00007
001C1
00381
00548
00714
008E6
00ABE
00C9B
00E7D
01064
01251
01442
01638
01832
01A31
01C34
01E3B
02046
02255
02467
0267D
02896
02AB2
02CD1
02EF3
03117
0333D
03566
03791
039BD
03BEB
03E1A
0404B
0427D
044B0
046E3
04917
04B4B
04D7F
04FB4
051E8
0541B
0564E
0587F
05AB0
05CDF
05F0D
0613A
06364
0658C
067B2
069D5
06BF6
06E14
0702F
07247
0745C
0766C
0787A
07A83
07C88
07E89
08085
0827D
08470
0865D
08846
08A29
08C07
08DDF
08FB2
0917E
09344
09504
096BE
09871
09A1D
09BC2
09D61
09EF8
0A087
0A210
0A390
0A509
0A67A
0A7E3
0A944
0AA9C
0ABED
0AD35
0AE75
0AFAC
0B0DB
0B201
0B31E
0B433
0B53E
0B640
0B739
0B829
0B910
0B9ED
0BAC1
0BB8C
0BC4D
0BD05
0BDB3
0BE58
0BEF3
0BF85
0C00D
0C08B
0C0FF
0C169
0C1CA
0C221
0C26E
0C2B1
0C2EB
0C31B
0C342
0C35F
0C372
0C37C
0C37D
0C374
0C361
0C346
0C320
0C2F2
0C2BB
0C27A
0C230
0C1DD
0C182
0C11E
0C0B1
0C03C
0BFBE
0BF38
0BEA9
0BE12
0BD74
0BCCD
0BC1F
0BB68
0BAAA
0B9E5
0B918
0B844
0B769
0B687
0B59F
0B4B0
0B3BA
0B2BF
0B1BD
0B0B6
0AFA9
0AE96
0AD7E
0AC60
0AB3E
0AA16
0A8EA
0A7BA
0A685
0A54C
0A40F
0A2CE
0A18A
0A042
09EF7
09DA9
09C59
09B05
099B0
09858
096FE
095A2
09444
092E5
09185
09024
08EC2
08D5F
08BFC
08A99
08936
087D3
08671
0850F
083AE
0824E
080F0
07F93
07E38
07CDF
07B87
07A32
078E0
07790
07642
074F8
073B1
0726E
0712E
06FF2
06EBA
06D86
06C57
06B2C
06A06
068E4
067C8
066B1
0659F
06493
0638D
0628C
06191
0609D
05FAF
05EC7
05DE6
05D0C
05C39
05B6D
05AA8
059EB
05935
05886
057DF
05740
056A8
05619
05591
05512
0549B
0542C
053C5
05368
05312
052C6
05282
05246
05214
051EA
051CA
051B2
051A3
0519D
051A0
051AC
051C1
051E0
05207
05238
05272
052B5
05301
05357
053B5
0541D
0548D
05506
05589
05614
056A8
05745
057EA
05898
0594F
05A0F
05AD7
05BA7
05C80
05D61
05E4A
05F3C
06035
06136
0623F
0634F
06467
06586
066AC
067DA
0690F
06A4B
06B8D
06CD6
06E26
06F7C
070D8
0723B
073A2
07510
07683
077FC
07979
07AFC
07C83
07E0F
07F9F
08134
082CD
0846A
0860A
087AE
08955
08AFF
08CAC
08E5C
0900E
091C3
09379
09531
096EB
098A7
09A64
09C21
09DE0
09F9F
0A15E
0A31E
0A4DD
0A69C
0A85B
0AA18
0ABD5
0AD90
0AF4A
0B103
0B2B9
0B46D
0B61F
0B7CE
0B97A
0BB23
0BCC9
0BE6B
0C00A
0C1A4
0C33B
0C4CD
0C65B
0C7E4
0C967
0CAE6
0CC5F
0CDD3
0CF40
0D0A8
0D209
0D364
0D4B9
0D606
0D74C
0D88B
0D9C3
0DAF3
0DC1B
0DD3C
0DE54
0DF63
0E06A
0E168
0E25E
0E34A
0E42D
0E506
0E5D6
0E69C
0E758
0E80A
0E8B3
0E951
0E9E4
0EA6D
0EAEC
0EB5F
0EBC8
0EC26
0EC79
0ECC0
0ECFC
0ED2C
0ED51
0ED6A
0ED78
0ED7A
0ED70
0ED5A
0ED39
0ED0B
0ECD1
0EC8B
0EC38
0EBD9
0EB6E
0EAF6
0EA72
0E9E1
0E944
0E89A
0E7E4
0E722
0E652
0E577
0E48F
0E39B
0E29A
0E18D
0E073
0DF4D
0DE1B
0DCDC
0DB91
0DA3A
0D8D6
0D767
0D5EB
0D463
0D2D0
0D130
0CF85
0CDCE
0CC0C
0CA3E
0C864
0C67F
0C48F
0C293
0C08C
0BE7A
0BC5D
0BA36
0B804
0B5C7
0B380
0B12F
0AED4
0AC6F
0AA00
0A787
0A505
0A27A
09FE5
09D48
09AA1
097F2
0953A
0927A
08FB2
08CE2
08A0A
0872B
08444
08156
07E60
07B64
07862
07558
07249
06F33
06C17
068F6
065CF
062A3
05F72
05C3C
05902
055C3
05280
04F39
04BEE
048A0
0454E
041FA
03EA2
03B48
037EC
0348E
0312D
02DCB
02A67
02702
0239C
02035
01CCE
01966
015FD
01295
00F2E
00BC6
0085F
004FA
00195
FFE32
FFAD0
FF770
FF412
FF0B6
FED5D
FEA06
FE6B2
FE361
FE014
FDCCA
FD983
FD641
FD302
FCFC8
FCC92
FC961
FC635
FC30E
FBFEC
FBCD0
FB9B9
FB6A8
FB39D
FB098
FAD9A
FAAA2
FA7B0
FA4C6
FA1E3
F9F07
F9C32
F9965
F969F
F93E2
F912C
F8E7E
F8BD9
F893C
F86A7
F841B
F8198
F7F1E
F7CAC
F7A44
F77E6
F7590
F7345
F7103
F6ECA
F6C9C
F6A77
F685D
F664C
F6446
F624A
F6059
F5E72
F5C95
F5AC3
F58FC
F573F
F558E
F53E8
F524C
F50BB
F4F36
F4DBC
F4C4C
F4AE8
F498F
F4841
F46FE
F45C7
F449B
F437A
F4265
F415A
F405C
F3F68
F3E80
F3DA3
F3CD2
F3C0C
F3B51
F3AA2
F39FE
F3965
F38D7
F3855
F37DD
F3771
F3711
F36BB
F3670
F3631
F35FD
F35D3
F35B5
F35A1
F3598
F359A
F35A6
F35BD
F35DE
F360A
F3640
F3681
F36CB
F3720
F377F
F37E7
F385A
F38D6
F395C
F39EC
F3A85
F3B27
F3BD3
F3C88
F3D47
F3E0E
F3EDE
F3FB7
F4099
F4184
F4277
F4373
F4477
F4583
F4697
F47B4
F48D8
F4A04
F4B37
F4C72
F4DB4
F4EFD
F504E
F51A5
F5303
F5468
F55D3
F5745
F58BD
F5A3C
F5BC0
F5D4A
F5EDA
F6070
F620B
F63AC
F6551
F66FC
F68AC
F6A61
F6C1B
F6DD9
F6F9C
F7163
F732E
F74FD
F76D0
F78A7
F7A82
F7C60
F7E41
F8026
F820E
F83F8
F85E6
F87D6
F89C8
F8BBD
F8DB4
F8FAD
F91A8
F93A5
F95A3
F97A4
F99A5
F9BA8
F9DAC
F9FB1
FA1B7
FA3BE
FA5C5
FA7CD
FA9D5
FABDE
FADE7
FAFF0
FB1F9
FB401
FB609
FB811
FBA18
FBC1F
FBE25
FC029
FC22D
FC430
FC631
FC830
FCA2F
FCC2B
FCE26
FD01F
FD216
FD40A
FD5FD
FD7ED
FD9DB
FDBC6
FDDAE
FDF94
FE177
FE357
FE534
FE70E
FE8E4
FEAB7
FEC87
FEE53
FF01C
FF1E0
FF3A1
FF55E
FF717
FF8CC
FFA7C
FFC28
FFDD0
FFF74
00113
002AD
00443
005D3
0075F
008E6
00A68
00BE4
00D5C
00ECE
0103B
011A3
01305
01461
015B8
01709
01854
0199A
01ADA
01C13
01D47
01E75
01F9C
020BD
021D8
022ED
023FB
02503
02604
026FF
027F4
028E2
029C9
02AA9
02B83
02C56
02D22
02DE8
02EA6
02F5E
0300E
030B8
0315A
031F5
0328A
03317
0339D
0341C
03493
03503
0356C
035CE
03628
0367B
036C6
0370A
03747
0377C
037AA
037D1
037EF
03807
03817
03820
03821
0381B
0380D
037F8
037DB
037B7
0378B
03758
0371E
036DC
03693
03642
035EA
0358A
03524
034B5
03440
033C3
0333F
032B3
03220
03186
030E5
0303C
02F8D
02ED6
02E18
02D53
02C88
02BB5
02ADB
029FB
02914
02826
02731
02636
02534
0242B
0231C
02207
020EB
01FC8
01EA0
01D71
01C3C
01B02
019C1
0187A
0172D
015DB
01483
01325
011C2
01059
00EEA
00D76
00BFD
00A7F
008FC
00774
005E7
00455
002BE
00123
FFF83
FFDDF
FFC37
FFA8A
FF8D9
FF725
FF56C
FF3AF
FF1EF
FF02B
FEE64
FEC99
FEACC
FE8FB
FE727
FE550
FE377
FE19B
FDFBC
FDDDB
FDBF8
FDA12
FD82B
FD642
FD457
FD26A
FD07C
FCE8D
FCC9C
FCAAB
FC8B8
FC6C5
FC4D1
FC2DC
FC0E7
FBEF2
FBCFC
FBB07
FB911
FB71C
FB528
FB334
FB141
FAF4F
FAD5D
FAB6D
FA97F
FA792
FA5A6
FA3BD
FA1D5
F9FEF
F9E0C
F9C2B
F9A4C
F9871
F9698
F94C2
F92EF
F911F
F8F53
F8D8A
F8BC5
F8A04
F8846
F868D
F84D8
F8328
F817C
F7FD4
F7E31
F7C94
F7AFB
F7968
F77DA
F7651
F74CF
F7352
F71DB
F706A
F6EFF
F6D9B
F6C3D
F6AE6
F6995
F684C
F6709
F65CE
F649A
F636D
F6248
F612A
F6014
F5F05
F5DFF
F5D01
F5C0A
F5B1C
F5A36
F5959
F5884
F57B7
F56F4
F5639
F5587
F54DD
F543D
F53A6
F5318
F5294
F5219
F51A7
F513E
F50DF
F508A
F503F
F4FFD
F4FC6
F4F98
F4F74
F4F5A
F4F4A
F4F43
F4F47
F4F55
F4F6D
F4F8F
F4FBB
F4FF1
F5032
F507C
F50D1
F5130
F5199
F520D
F528A
F5312
F53A4
F5440
F54E6
F5596
F5651
F5715
F57E3
F58BC
F599E
F5A8B
F5B81
F5C81
F5D8C
F5EA0
F5FBE
F60E5
F6216
F6351
F6495
F65E2
F6738
F6898
F6A01
F6B73
F6CEE
F6E71
F6FFE
F7193
F7331
F74D7
F7686
F783D
F79FC
F7BC3
F7D91
F7F68
F8146
F832C
F8519
F870E
F8909
F8B0C
F8D16
F8F26
F913D
F935A
F957E
F97A8
F99D8
F9C0E
F9E49
FA08A
FA2D0
FA51B
FA76B
FA9C0
FAC1A
FAE78
FB0DA
FB341
FB5AC
FB81A
FBA8C
FBD01
FBF79
FC1F5
FC473
FC6F4
FC977
FCBFD
FCE85
FD10E
FD39A
FD627
FD8B5
FDB44
FDDD4
FE065
FE2F6
FE588
FE81A
FEAAC
FED3E
FEFCF
FF25F
FF4EF
FF77E
FFA0B
FFC97
FFF21
001AA
00430
006B4
00936
00BB5
00E31
010AA
01320
01593
01802
01A6D
01CD5
01F38
02197
023F1
02647
02898
02AE3
02D2A
02F6B
031A6
033DC
0360B
03835
03A58
03C75
03E8C
0409B
042A4
044A6
046A0
04893
04A7F
04C63
04E3F
05013
051DF
053A3
0555E
05711
058BC
05A5E
05BF7
05D87
05F0E
0608B
06200
0636B
064CD
06624
06772
068B7
069F1
06B22
06C48
06D65
06E77
06F7F
0707D
07170
07259
07338
0740C
074D5
07594
07647
076F1
0778F
07822
078AB
07929
0799C
07A04
07A61
07AB4
07AFB
07B38
07B69
07B90
07BAC
07BBC
07BC2
07BBD
07BAC
07B91
07B6B
07B3A
07AFF
07AB9
07A68
07A0C
079A6
07935
078BA
07834
077A4
0770A
07665
075B6
074FD
0743A
0736D
07296
071B5
070CA
06FD6
06ED8
06DD1
06CC1
06BA7
06A85
06959
06824
066E6
065A0
06451
062F9
06199
06031
05EC1
05D48
05BC8
05A40
058B1
0571A
0557C
053D6
0522A
05076
04EBC
04CFB
04B34
04966
04792
045B8
043D8
041F2
04007
03E16
03C20
03A24
03824
0361F
03414
03206
02FF2
02DDB
02BBF
0299F
0277C
02554
02329
020FB
01EC9
01C95
01A5D
01822
015E5
013A6
01164
00F1F
00CD9
00A91
00847
005FC
003AF
00160
FFF11
FFCC0
FFA6E
FF81C
FF5C9
FF376
FF122
FEECE
FEC7A
FEA26
FE7D2
FE57F
FE32C
FE0D9
FDE88
FDC37
FD9E7
FD798
FD54A
FD2FD
FD0B2
FCE69
FCC21
FC9DA
FC796
FC553
FC313
FC0D5
FBE99
FBC5F
FBA28
FB7F3
FB5C1
FB392
FB165
FAF3B
FAD14
FAAF1
FA8D0
FA6B2
FA498
FA280
FA06D
F9E5C
F9C50
F9A47
F9841
F963F
F9441
F9246
F904F
F8E5C
F8C6D
F8A82
F889A
F86B7
F84D8
F82FC
F8125
F7F52
F7D83
F7BB9
F79F2
F7830
F7672
F74B8
F7302
F7151
F6FA4
F6DFB
F6C56
F6AB6
F691A
F6783
F65EF
F6460
F62D6
F6150
F5FCE
F5E50
F5CD6
F5B61
F59F0
F5883
F571B
F55B6
F5456
F52F9
F51A1
F504D
F4EFD
F4DB1
F4C69
F4B25
F49E5
F48A9
F4771
F463C
F450C
F43DF
F42B6
F4191
F4070
F3F52
F3E38
F3D22
F3C0F
F3B00
F39F4
F38EC
F37E8
F36E6
F35E9
F34EE
F33F7
F3303
F3212
F3125
F303A
F2F53
F2E6F
F2D8E
F2CAF
F2BD4
F2AFC
F2A26
F2954
F2884
F27B7
F26ED
F2626
F2561
F249F
F23E1
F2324
F226B
F21B4
F2100
F204E
F1F9F
F1EF3
F1E49
F1DA2
F1CFD
F1C5B
F1BBB
F1B1E
F1A84
F19EB
F1956
F18C3
F1832
F17A3
F1717
F168E
F1606
F1582
F14FF
F147F
F1402
F1387
F130E
F1298
F1225
F11B4
F1145
F10DA
F1071
F100A
F0FA7
F0F46
F0EE7
F0E8C
F0E33
F0DDD
F0D89
F0D39
F0CEC
F0CA1
F0C59
F0C15
F0BD3
F0B94
F0B59
F0B20
F0AEB
F0AB9
F0A8A
F0A5E
F0A36
F0A10
F09EF
F09D1
F09B6
F09A0
F098C
F097D
F0972
F096A
F0966
F0967
F096B
F0974
F0981
F0992
F09A8
F09C1
F09E0
F0A03
F0A2A
F0A56
F0A87
F0ABC
F0AF6
F0B35
F0B79
F0BC2
F0C10
F0C63
F0CBB
F0D19
F0D7B
F0DE3
F0E51
F0EC3
F0F3C
F0FBA
F103D
F10C7
F1156
F11EB
F1285
F1326
F13CD
F147A
F152D
F15E7
F16A6
F176C
F1838
F190A
F19E3
F1AC2
F1BA7
F1C93
F1D85
F1E7E
F1F7D
F2083
F2190
F22A3
F23BC
F24DD
F2604
F2731
F2865
F29A0
F2AE2
F2C2A
F2D7A
F2ECF
F302C
F318F
F32FA
F346B
F35E2
F3761
F38E6
F3A73
F3C05
F3D9F
F3F3F
F40E5
F4293
F4446
F4600
F47C1
F4988
F4B55
F4D28
F4F02
F50E2
F52C8
F54B4
F56A6
F589E
F5A9C
F5C9F
F5EA8
F60B7
F62CB
F64E4
F6703
F6927
F6B50
F6D7E
F6FB1
F71E8
F7425
F7666
F78AC
F7AF5
F7D44
F7F96
F81EC
F8445
F86A3
F8904
F8B68
F8DCF
F903A
F92A7
F9517
F978A
F99FF
F9C76
F9EF0
FA16C
FA3E9
FA668
FA8E8
FAB6A
FADEC
FB070
FB2F4
FB579
FB7FE
FBA83
FBD08
FBF8D
FC212
FC496
FC719
FC99B
FCC1C
FCE9C
FD11A
FD397
FD611
FD889
FDAFF
FDD72
FDFE2
FE250
FE4BA
FE720
FE984
FEBE3
FEE3E
FF095
FF2E7
FF535
FF77E
FF9C2
FFC00
FFE39
0006C
00299
004C0
006E1
008FB
00B0E
00D1A
00F1F
0111D
01313
01501
016E7
018C5
01A9B
01C68
01E2C
01FE8
0219A
02343
024E3
02679
02804
02986
02AFE
02C6B
02DCE
02F26
03074
031B6
032ED
03419
0353A
0364F
03758
03855
03947
03A2C
03B05
03BD1
03C91
03D44
03DEB
03E84
03F11
03F91
04004
0406A
040C2
0410E
0414B
0417C
0419F
041B4
041BC
041B6
041A2
04181
04151
04114
040CA
04071
0400B
03F96
03F14
03E85
03DE7
03D3C
03C83
03BBC
03AE8
03A05
03915
03817
0370C
035F4
034CE
0339A
0325A
0310C
02FB2
02E4B
02CD7
02B56
029C8
0282E
02688
024D5
02316
0214B
01F74
01D92
01BA4
019AB
017A7
01598
0137E
01159
00F2A
00CF1
00AAE
00861
0060A
003AA
00140
FFECE
FFC53
FF9CF
FF743
FF4AF
FF213
FEF70
FECC5
FEA14
FE75B
FE49D
FE1D8
FDF0D
FDC3C
FD966
FD68B
FD3AB
FD0C6
FCDDD
FCAF0
FC800
FC50C
FC216
FBF1C
FBC21
FB923
FB623
FB323
FB021
FAD1E
FAA1A
FA717
FA414
FA111
F9E0F
F9B0E
F980F
F9512
F9216
F8F1E
F8C28
F8935
F8646
F835A
F8073
F7D90
F7AB2
F77D9
F7505
F7238
F6F70
F6CAF
F69F5
F6742
F6496
F61F3
F5F57
F5CC4
F5A3A
F57B8
F5541
F52D3
F506F
F4E16
F4BC7
F4983
F474B
F451E
F42FD
F40E8
F3EE0
F3CE4
F3AF5
F3913
F373F
F3578
F33C0
F3216
F307B
F2EEE
F2D71
F2C02
F2AA4
F2955
F2816
F26E7
F25C8
F24BA
F23BD
F22D0
F21F5
F212C
F2074
F1FCE
F1F39
F1EB8
F1E48
F1DEB
F1DA0
F1D68
F1D42
F1D2F
F1D30
F1D43
F1D69
F1DA3
F1DEF
F1E4F
F1EC3
F1F4A
F1FE5
F2094
F2157
F222D
F2317
F2414
F2526
F264B
F2783
F28D0
F2A30
F2BA4
F2D2B
F2EC6
F3075
F3238
F340F
F35F8
F37F6
F3A07
F3C2B
F3E61
F40AB
F4308
F4577
F47F9
F4A8D
F4D34
F4FED
F52B7
F5594
F5882
F5B82
F5E93
F61B6
F64E9
F682D
F6B81
F6EE6
F725A
F75DE
F7972
F7D15
F80C7
F8487
F8857
F8C34
F9020
F9419
F9820
F9C34
FA054
FA481
FA8BB
FAD00
FB151
FB5AC
FBA13
FBE84
FC2FF
FC784
FCC12
FD0AA
FD54A
FD9F3
FDEA3
FE35C
FE81C
FECE2
FF1AF
FF682
FFB5B
0003A
0051D
00A04
00EF0
013DF
018D2
01DC8
022C0
027BA
02CB7
031B4
036B2
03BB1
040B0
045AF
04AAC
04FA9
054A4
0599D
05E93
06387
06877
06D64
0724D
07731
07C10
080EA
085BE
08A8C
08F54
09414
098CD
09D7F
0A228
0A6C9
0AB60
0AFEF
0B473
0B8EE
0BD5D
0C1C2
0C61C
0CA69
0CEAB
0D2E1
0D709
0DB25
0DF33
0E334
0E726
0EB0A
0EEE0
0F2A6
0F65D
0FA04
0FD9B
10122
10498
107FD
10B51
10E93
111C3
114E2
117EE
11AE8
11DCF
120A2
12363
12610
128A9
12B2E
12D9E
12FFA
13242
13474
13691
13899
13A8C
13C69
13E31
13FE3
1417F
14305
14475
145CF
14713
14840
14956
14A56
14B3F
14C11
14CCC
14D70
14DFE
14E74
14ED4
14F1D
14F4F
14F6A
14F6E
14F5B
14F31
14EF0
14E98
14E29
14DA3
14D06
14C53
14B89
14AA8
149B2
148A5
14782
14649
144FB
14396
1421D
1408D
13EE9
13D2F
13B61
1397D
13785
13579
13359
13124
12EDC
12C81
12A12
12791
124FC
12256
11F9C
11CD1
119F4
11705
11405
110F4
10DD2
10A9F
1075D
1040B
100A9
0FD38
0F9B9
0F62B
0F28F
0EEE5
0EB2E
0E769
0E398
0DFBA
0DBD1
0D7DB
0D3DA
0CFCE
0CBB8
0C797
0C36D
0BF39
0BAFB
0B6B5
0B267
0AE11
0A9B3
0A54E
0A0E2
09C6F
097F7
09378
08EF5
08A6C
085DF
0814E
07CBA
07821
07387
06EE9
06A4A
065A8
06106
05C63
057BF
0531B
04E77
049D5
04533
04092
03BF4
03758
032BE
02E27
02994
02504
02079
01BF2
01770
012F3
00E7B
00A0A
0059F
0013A
FFCDD
FF887
FF439
FEFF2
FEBB4
FE77E
FE352
FDF2E
FDB14
FD704
FD2FF
FCF03
FCB13
FC72D
FC354
FBF86
FBBC3
FB80D
FB464
FB0C7
FAD37
FA9B4
FA63E
FA2D6
F9F7C
F9C30
F98F2
F95C3
F92A2
F8F90
F8C8E
F899B
F86B7
F83E3
F811F
F7E6B
F7BC6
F7932
F76AE
F743A
F71D6
F6F84
F6D42
F6B10
F68F0
F66E1
F64E3
F62F6
F611B
F5F50
F5D97
F5BF0
F5A59
F58D4
F5761
F55FF
F54AE
F536E
F5241
F5124
F5019
F4F20
F4E38
F4D61
F4C9C
F4BE8
F4B46
F4AB4
F4A33
F49C3
F4964
F4916
F48D8
F48AB
F488E
F4882
F4885
F4899
F48BD
F48F1
F4934
F4987
F49E9
F4A5B
F4ADB
F4B6A
F4C08
F4CB5
F4D6F
F4E38
F4F0F
F4FF3
F50E5
F51E5
F52F2
F540B
F5532
F5665
F57A4
F58F0
F5A47
F5BAA
F5D18
F5E91
F6014
F61A3
F633C
F64DE
F668B
F6841
F6A00
F6BC9
F6D9A
F6F74
F7156
F7340
F7532
F772B
F792B
F7B32
F7D40
F7F55
F816F
F838F
F85B5
F87DF
F8A0F
F8C44
F8E7D
F90BB
F92FC
F9541
F9789
F99D4
F9C22
F9E73
FA0C6
FA31B
FA572
FA7CA
FAA23
FAC7D
FAED8
FB133
FB38F
FB5EA
FB845
FBAA0
FBCF9
FBF52
FC1AA
FC400
FC654
FC8A6
FCAF7
FCD44
FCF90
FD1D8
FD41D
FD65F
FD89E
FDAD9
FDD10
FDF43
FE172
FE39C
FE5C2
FE7E4
FEA00
FEC18
FEE2A
FF037
FF23F
FF440
FF63C
FF832
FFA21
FFC0A
FFDED
FFFCA
001A0
0036F
00538
006FA
008B4
00A68
00C15
00DBA
00F58
010EE
0127D
01404
01584
016FC
0186C
019D4
01B35
01C8E
01DE0
01F29
0206B
021A5
022D7
02401
02523
0263E
02750
0285B
0295D
02A59
02B4C
02C38
02D1C
02DF8
02ECD
02F9B
03061
03120
031D8
03289
03332
033D4
03470
03504
03592
03619
03699
03713
03787
037F5
0385C
038BE
0391A
03970
039C1
03A0C
03A52
03A93
03ACF
03B06
03B38
03B66
03B8F
03BB4
03BD5
03BF1
03C0A
03C20
03C32
03C41
03C4C
03C55
03C5A
03C5D
03C5E
03C5C
03C58
03C51
03C49
03C40
03C35
03C28
03C1B
03C0D
03BFD
03BEE
03BDE
03BCD
03BBD
03BAC
03B9C
03B8D
03B7E
03B70
03B62
03B56
03B4B
03B42
03B3A
03B34
03B2F
03B2D
03B2D
03B30
03B35
03B3C
03B47
03B54
03B65
03B79
03B90
03BAB
03BC9
03BEB
03C11
03C3B
03C69
03C9B
03CD2
03D0E
03D4E
03D92
03DDC
03E2B
03E7E
03ED7
03F35
03F98
04001
0406E
040E2
0415A
041D9
0425D
042E6
04376
0440B
044A6
04547
045EE
0469B
0474E
04807
048C6
0498B
04A56
04B26
04BFD
04CDA
04DBD
04EA6
04F94
05089
05184
05285
0538B
05498
055AA
056C2
057E0
05903
05A2C
05B5A
05C8E
05DC7
05F05
06048
06190
062DD
0642F
06586
066E2
06842
069A6
06B0F
06C7C
06DEE
06F63
070DC
07258
073D8
0755C
076E3
0786D
079FA
07B8A
07D1C
07EB2
08049
081E3
0837F
0851D
086BD
0885E
08A00
08BA4
08D48
08EEE
09094
0923A
093E1
09588
0972E
098D4
09A7A
09C1F
09DC4
09F67
0A109
0A2A9
0A448
0A5E5
0A780
0A918
0AAAF
0AC42
0ADD3
0AF60
0B0EB
0B271
0B3F5
0B574
0B6F0
0B867
0B9D9
0BB47
0BCB1
0BE15
0BF74
0C0CD
0C221
0C36F
0C4B6
0C5F8
0C733
0C868
0C995
0CABC
0CBDB
0CCF4
0CE04
0CF0D
0D00F
0D108
0D1F9
0D2E2
0D3C3
0D49A
0D569
0D630
0D6EC
0D7A0
0D84A
0D8EB
0D982
0DA10
0DA93
0DB0D
0DB7C
0DBE1
0DC3C
0DC8C
0DCD2
0DD0D
0DD3D
0DD62
0DD7C
0DD8B
0DD8F
0DD88
0DD75
0DD57
0DD2D
0DCF8
0DCB8
0DC6C
0DC14
0DBB1
0DB43
0DAC8
0DA42
0D9B0
0D912
0D868
0D7B2
0D6F1
0D624
0D54A
0D466
0D375
0D279
0D171
0D05D
0CF3E
0CE13
0CCDD
0CB9A
0CA4D
0C8F3
0C78E
0C61E
0C4A2
0C31C
0C18A
0BFED
0BE45
0BC93
0BAD5
0B90E
0B73B
0B55E
0B377
0B186
0AF8B
0AD85
0AB76
0A95D
0A73A
0A50E
0A2D9
0A09A
09E53
09C03
099AA
09749
094DF
0926D
08FF3
08D72
08AE8
08857
085BF
08320
08079
07DCC
07B18
0785E
0759E
072D8
0700C
06D3A
06A64
06788
064A7
061C1
05ED7
05BE9
058F6
05600
05306
05008
04D08
04A04
046FD
043F4
040E9
03DDB
03ACC
037BA
034A8
03194
02E7F
02B69
02853
0253C
02225
01F0E
01BF7
018E1
015CC
012B7
00FA4
00C91
00981
00672
00365
0005A
FFD52
FFA4C
FF749
FF449
FF14C
FEE53
FEB5D
FE86B
FE57D
FE293
FDFAD
FDCCB
FD9EF
FD717
FD444
FD176
FCEAE
FCBEB
FC92E
FC677
FC3C5
FC11A
FBE75
FBBD7
FB93F
FB6AE
FB423
FB19F
FAF23
FACAD
FAA3F
FA7D8
FA579
FA322
FA0D2
F9E8A
F9C4B
F9A13
F97E3
F95BB
F939C
F9184
F8F76
F8D6F
F8B71
F897C
F878F
F85AB
F83D0
F81FD
F8034
F7E73
F7CBB
F7B0C
F7965
F77C8
F7633
F74A8
F7325
F71AB
F7039
F6ED1
F6D71
F6C1A
F6ACC
F6987
F684A
F6717
F65EB
F64C9
F63AF
F629D
F6193
F6092
F5F9A
F5EA9
F5DC0
F5CE0
F5C08
F5B37
F5A6E
F59AE
F58F4
F5843
F5799
F56F6
F565A
F55C6
F5538
F54B1
F5431
F53B8
F5345
F52D8
F5272
F5212
F51B8
F5163
F5115
F50CC
F5088
F504A
F5011
F4FDC
F4FAD
F4F82
F4F5C
F4F3B
F4F1D
F4F04
F4EEF
F4EDE
F4ED0
F4EC6
F4EBF
F4EBB
F4EBB
F4EBD
F4EC2
F4ECA
F4ED4
F4EE0
F4EEE
F4EFE
F4F10
F4F24
F4F39
F4F4F
F4F67
F4F7F
F4F98
F4FB2
F4FCC
F4FE7
F5002
F501D
F5038
F5053
F506D
F5087
F50A1
F50B9
F50D1
F50E8
F50FE
F5112
F5125
F5137
F5147
F5155
F5162
F516C
F5175
F517B
F517F
F5181
F5180
F517D
F5177
F516E
F5162
F5154
F5142
F512D
F5115
F50FA
F50DC
F50BA
F5096
F506E
F5042
F5013
F4FE1
F4FAB
F4F72
F4F35
F4EF5
F4EB1
F4E69
F4E1E
F4DCF
F4D7C
F4D26
F4CCC
F4C6F
F4C0F
F4BAB
F4B43
F4AD8
F4A69
F49F8
F4982
F490A
F488E
F480E
F478C
F4706
F467E
F45F2
F4564
F44D3
F443F
F43A9
F4311
F4276
F41D8
F4139
F4098
F3FF4
F3F4F
F3EA8
F3DFF
F3D55
F3CAA
F3BFD
F3B4F
F3AA0
F39F1
F3941
F3890
F37DF
F372E
F367D
F35CC
F351B
F346A
F33BA
F330A
F325C
F31AE
F3102
F3057
F2FAE
F2F07
F2E62
F2DBF
F2D1E
F2C80
F2BE5
F2B4D
F2AB8
F2A26
F2998
F290D
F2887
F2805
F2787
F270D
F2699
F2629
F25BE
F2559
F24F9
F249F
F244B
F23FC
F23B4
F2373
F2338
F2304
F22D7
F22B1
F2293
F227C
F226D
F2266
F2267
F2271
F2283
F229E
F22C2
F22EF
F2325
F2365
F23AF
F2402
F245F
F24C7
F2538
F25B4
F263A
F26CB
F2767
F280E
F28C0
F297D
F2A45
F2B19
F2BF9
F2CE4
F2DDB
F2EDE
F2FED
F3108
F322F
F3363
F34A3
F35EF
F3748
F38AD
F3A20
F3B9F
F3D2A
F3EC3
F4069
F421C
F43DC
F45A9
F4783
F496A
F4B5E
F4D60
F4F6E
F518A
F53B2
F55E8
F582B
F5A7B
F5CD7
F5F41
F61B8
F643C
F66CD
F696B
F6C15
F6ECC
F7190
F7460
F773D
F7A26
F7D1B
F801C
F8329
F8643
F8968
F8C99
F8FD6
F931E
F9672
F99D2
F9D3C
FA0B1
FA431
FA7BB
FAB50
FAEF0
FB299
FB64C
FBA08
FBDCF
FC19E
FC577
FC959
FCD43
FD136
FD531
FD935
FDD40
FE152
FE56C
FE98D
FEDB5
FF1E4
FF618
FFA53
FFE93
002D9
00724
00B75
00FCA
01423
01881
01CE3
02148
025B0
02A1C
02E8A
032FA
0376D
03BE1
04057
044CE
04946
04DBF
05237
056B0
05B29
05FA0
06417
0688D
06D01
07173
075E2
07A50
07EBA
08321
08784
08BE4
0903F
09496
098E8
09D34
0A17B
0A5BD
0A9F8
0AE2D
0B25C
0B683
0BAA3
0BEBB
0C2CC
0C6D4
0CAD4
0CECB
0D2B9
0D69D
0DA78
0DE49
0E20F
0E5CB
0E97C
0ED22
0F0BD
0F44C
0F7CF
0FB46
0FEB0
1020E
1055F
108A3
10BD9
10F01
1121C
11528
11825
11B14
11DF4
120C5
12387
12639
128DC
12B6F
12DF2
13065
132C7
13519
1375B
1398B
13BAB
13DB9
13FB6
141A2
1437C
14544
146FB
148A0
14A33
14BB4
14D23
14E7F
14FCA
15101
15227
15339
15439
15526
15600
156C8
1577C
1581E
158AD
1592A
15994
159EB
15A2F
15A60
15A80
15A8C
15A86
15A6D
15A42
15A04
159B3
15951
158DC
15855
157BC
15711
15654
15586
154A6
153B4
152B1
1519D
15078
14F41
14DFA
14CA2
14B39
149C0
14837
1469D
144F4
1433B
14173
13F9C
13DB6
13BC1
139BE
137AC
1358C
1335E
13123
12EDA
12C84
12A22
127B2
12536
122AE
1201A
11D7B
11AD0
1181A
1155A
1128F
10FB9
10CDA
109F1
106FE
10402
100FE
0FDF1
0FADB
0F7BE
0F499
0F16D
0EE39
0EAFF
0E7BF
0E479
0E12D
0DDDC
0DA85
0D72A
0D3CA
0D067
0CCFF
0C994
0C626
0C2B4
0BF41
0BBCB
0B853
0B4D9
0B15E
0ADE2
0AA65
0A6E8
0A36B
09FEE
09C71
098F6
0957B
09202
08E8B
08B15
087A2
08432
080C4
07D59
079F2
0768F
07330
06FD5
06C7E
0692D
065E1
0629A
05F59
05C1E
058E9
055BA
05292
04F71
04C57
04944
04639
04335
04039
03D46
03A5B
03778
0349F
031CE
02F07
02C49
02995
026EA
02449
021B2
01F26
01CA3
01A2B
017BE
0155B
01304
010B7
00E75
00C3F
00A14
007F5
005E2
003DA
001DD
FFFED
FFE08
FFC30
FFA63
FF8A2
FF6EE
FF545
FF3A9
FF219
FF095
FEF1E
FEDB3
FEC54
FEB02
FE9BC
FE882
FE755
FE634
FE51F
FE416
FE31A
FE22A
FE145
FE06D
FDFA1
FDEE1
FDE2C
FDD84
FDCE8
FDC57
FDBD2
FDB58
FDAEA
FDA87
FDA2F
FD9E2
FD9A1
FD96A
FD93D
FD91C
FD905
FD8F8
FD8F5
FD8FD
FD90F
FD92A
FD94F
FD97E
FD9B6
FD9F7
FDA41
FDA93
FDAEF
FDB53
FDBBF
FDC33
FDCAF
FDD33
FDDBF
FDE52
FDEEC
FDF8D
FE035
FE0E4
FE199
FE255
FE316
FE3DD
FE4AA
FE57D
FE655
FE731
FE813
FE8F9
FE9E4
FEAD3
FEBC6
FECBD
FEDB8
FEEB6
FEFB7
FF0BB
FF1C3
FF2CC
FF3D9
FF4E7
FF5F8
FF70B
FF81F
FF934
FFA4B
FFB63
FFC7C
FFD95
FFEAF
FFFCA
000E4
001FF
00319
00433
0054C
00665
0077C
00893
009A8
00ABC
00BCE
00CDF
00DED
00EFA
01004
0110C
01212
01315
01415
01513
0160D
01705
017F9
018EA
019D7
01AC1
01BA7
01C8A
01D68
01E42
01F19
01FEB
020B9
02183
02249
0230A
023C7
02480
02534
025E3
0268E
02734
027D6
02872
0290A
0299D
02A2B
02AB5
02B39
02BB9
02C35
02CAB
02D1D
02D8A
02DF3
02E56
02EB5
02F10
02F65
02FB7
03003
0304B
0308F
030CE
03109
0313F
03172
031A0
031CB
031F1
03214
03233
0324E
03266
0327A
0328A
03297
032A1
032A7
032AB
032AC
032A9
032A5
0329D
03294
03288
0327A
03269
03257
03243
0322E
03217
031FE
031E4
031C9
031AD
03191
03173
03156
03137
03119
030FA
030DC
030BE
030A0
03083
03066
0304A
03030
03016
02FFD
02FE7
02FD1
02FBE
02FAC
02F9C
02F8F
02F84
02F7B
02F75
02F72
02F72
02F75
02F7B
02F84
02F91
02FA2
02FB6
02FCF
02FEB
0300B
03030
03059
03086
030B8
030EE
0312A
0316A
031B0
031FA
0324A
0329F
032FA
0335A
033BF
0342B
0349B
03512
0358E
03611
03699
03728
037BC
03857
038F8
0399F
03A4D
03B01
03BBC
03C7C
03D44
03E11
03EE5
03FBF
040A0
04187
04274
04368
04462
04562
04669
04776
04889
049A2
04AC2
04BE8
04D14
04E45
04F7D
050BA
051FD
05346
05495
055E9
05742
058A1
05A05
05B6E
05CDD
05E51
05FC9
06146
062C8
0644E
065D8
06766
068F9
06A8F
06C29
06DC6
06F67
0710B
072B2
0745C
07608
077B7
07969
07B1D
07CD2
07E8A
08043
081FE
083B9
08576
08734
088F2
08AB0
08C6F
08E2E
08FED
091AB
09369
09526
096E2
0989C
09A55
09C0C
09DC2
09F75
0A125
0A2D3
0A47E
0A625
0A7CA
0A96A
0AB07
0ACA0
0AE34
0AFC4
0B14E
0B2D4
0B455
0B5D0
0B746
0B8B6
0BA1F
0BB82
0BCDF
0BE35
0BF83
0C0CB
0C20B
0C343
0C474
0C59C
0C6BC
0C7D4
0C8E2
0C9E8
0CAE5
0CBD8
0CCC2
0CDA3
0CE79
0CF45
0D007
0D0BE
0D16A
0D20C
0D2A2
0D32E
0D3AE
0D422
0D48B
0D4E9
0D53A
0D580
0D5B9
0D5E6
0D607
0D61C
0D623
0D61E
0D60C
0D5ED
0D5C1
0D588
0D542
0D4EE
0D48D
0D41F
0D3A4
0D31B
0D284
0D1E0
0D12F
0D06F
0CFA2
0CEC7
0CDDE
0CCE7
0CBE3
0CAD1
0C9B1
0C883
0C748
0C5FF
0C4A9
0C345
0C1D4
0C055
0BEC9
0BD30
0BB89
0B9D5
0B814
0B646
0B46C
0B284
0B090
0AE8F
0AC82
0AA69
0A843
0A612
0A3D5
0A18C
09F38
09CD8
09A6D
097F7
09576
092EA
09054
08DB3
08B08
08854
08595
082CE
07FFD
07D23
07A41
07756
07463
07168
06E65
06B5A
06848
0652F
06210
05EEA
05BBD
0588B
05553
05216
04ED4
04B8E
04842
044F3
041A0
03E49
03AEF
03792
03433
030D1
02D6D
02A07
026A0
02338
01FCF
01C66
018FC
01593
0122B
00EC3
00B5D
007F8
00495
00134
FFDD6
FFA7B
FF722
FF3CE
FF07D
FED30
FE9E7
FE6A4
FE365
FE02C
FDCF9
FD9CC
FD6A5
FD384
FD06B
FCD59
FCA4F
FC74D
FC453
FC161
FBE78
FBB98
FB8C2
FB5F5
FB332
FB079
FADCB
FAB27
FA88F
FA601
FA380
FA10A
F9EA0
F9C42
F99F1
F97AD
F9576
F934C
F912F
F8F20
F8D1E
F8B2B
F8945
F876E
F85A6
F83ED
F8242
F80A7
F7F1B
F7D9F
F7C32
F7AD5
F7988
F784B
F771E
F7601
F74F5
F73F9
F730D
F7232
F7168
F70AF
F7006
F6F6F
F6EE8
F6E73
F6E0F
F6DBC
F6D7A
F6D4A
F6D2A
F6D1C
F6D1E
F6D32
F6D57
F6D8D
F6DD4
F6E2C
F6E95
F6F0F
F6F9B
F7037
F70E4
F71A2
F7270
F734F
F743F
F753E
F764E
F776E
F789D
F79DD
F7B2C
F7C8B
F7DF9
F7F76
F8103
F829E
F8449
F8602
F87C9
F899F
F8B82
F8D73
F8F72
F917E
F9397
F95BE
F97F0
F9A30
F9C7B
F9ED3
FA136
FA3A5
FA620
FA8A5
FAB35
FADD0
FB075
FB323
FB5DC
FB89D
FBB68
FBE3C
FC118
FC3FC
FC6E8
FC9DC
FCCD8
FCFDA
FD2E3
FD5F3
FD908
FDC24
FDF45
FE26B
FE596
FE8C6
FEBFA
FEF31
FF26D
FF5AB
FF8ED
FFC31
FFF77
002C0
0060A
00956
00CA2
00FF0
0133D
0168B
019D9
01D26
02072
023BE
02707
02A4F
02D95
030D9
0341A
03758
03A92
03DC9
040FD
0442C
04757
04A7D
04D9F
050BB
053D2
056E4
059EF
05CF4
05FF3
062EB
065DC
068C6
06BA8
06E83
07156
07421
076E3
0799E
07C50
07EF9
08199
08430
086BE
08942
08BBC
08E2D
09093
092EF
09541
09789
099C5
09BF8
09E1F
0A03C
0A24D
0A454
0A64F
0A83F
0AA24
0ABFD
0ADCB
0AF8C
0B142
0B2ED
0B48B
0B61E
0B7A4
0B91F
0BA8E
0BBF2
0BD49
0BE95
0BFD5
0C109
0C231
0C34E
0C45E
0C563
0C65C
0C74A
0C82B
0C902
0C9CC
0CA8C
0CB40
0CBE9
0CC87
0CD1B
0CDA3
0CE20
0CE93
0CEFB
0CF59
0CFAD
0CFF6
0D035
0D06A
0D095
0D0B7
0D0D0
0D0DF
0D0E5
0D0E2
0D0D7
0D0C3
0D0A7
0D083
0D057
0D023
0CFE8
0CFA5
0CF5B
0CF0B
0CEB3
0CE55
0CDF1
0CD86
0CD16
0CCA0
0CC25
0CBA4
0CB1F
0CA95
0CA07
0C974
0C8DD
0C842
0C7A4
0C702
0C65D
0C5B6
0C50B
0C45F
0C3B0
0C300
0C24D
0C19A
0C0E5
0C02F
0BF79
0BEC2
0BE0C
0BD55
0BC9E
0BBE8
0BB33
0BA7F
0B9CC
0B91A
0B869
0B7BB
0B70F
0B664
0B5BC
0B517
0B475
0B3D5
0B339
0B2A0
0B20B
0B17A
0B0ED
0B064
0AFDF
0AF5E
0AEE3
0AE6C
0ADF9
0AD8C
0AD25
0ACC2
0AC66
0AC0F
0ABBE
0AB73
0AB2E
0AAF0
0AAB8
0AA86
0AA5A
0AA36
0AA17
0AA00
0A9EF
0A9E5
0A9E1
0A9E5
0A9F0
0AA02
0AA1A
0AA3B
0AA62
0AA90
0AAC6
0AB03
0AB47
0AB92
0ABE4
0AC3E
0AC9E
0AD06
0AD74
0ADEA
0AE66
0AEEA
0AF75
0B006
0B09F
0B13E
0B1E4
0B290
0B343
0B3FC
0B4BB
0B580
0B64A
0B71B
0B7F1
0B8CD
0B9AE
0BA94
0BB7F
0BC6F
0BD64
0BE5E
0BF5C
0C05E
0C164
0C26E
0C37B
0C48C
0C5A0
0C6B8
0C7D2
0C8EE
0CA0D
0CB2F
0CC52
0CD78
0CE9E
0CFC7
0D0F0
0D21A
0D345
0D470
0D59B
0D6C6
0D7F0
0D919
0DA42
0DB69
0DC8F
0DDB2
0DED4
0DFF3
0E110
0E22A
0E340
0E454
0E563
0E66F
0E776
0E879
0E977
0EA70
0EB64
0EC52
0ED3B
0EE1D
0EEF9
0EFCE
0F09D
0F164
0F224
0F2DC
0F38C
0F435
0F4D4
0F56B
0F5F9
0F67E
0F6F9
0F76B
0F7D2
0F830
0F883
0F8CB
0F908
0F93A
0F961
0F97C
0F98B
0F98F
0F987
0F972
0F951
0F923
0F8E9
0F8A1
0F84D
0F7EB
0F77B
0F6FE
0F673
0F5DA
0F534
0F47F
0F3BB
0F2EA
0F20A
0F11B
0F01E
0EF12
0EDF7
0ECCD
0EB95
0EA4D
0E8F5
0E78F
0E618
0E493
0E2FE
0E15A
0DFA7
0DDE4
0DC13
0DA32
0D841
0D642
0D433
0D215
0CFE8
0CDAC
0CB61
0C907
0C69E
0C426
0C19F
0BF0A
0BC67
0B9B5
0B6F5
0B427
0B14C
0AE62
0AB6B
0A867
0A555
0A236
09F0A
09BD2
0988C
0953B
091DD
08E73
08AFE
0877D
083F1
0805A
07CB9
0790D
07558
07198
06DCF
069FD
06621
0623D
05E50
05A5B
0565E
0525A
04E4F
04A3C
04624
04205
03DE0
039B6
03587
03154
02D1B
028DF
0249F
0205B
01C15
017CC
01380
00F33
00AE4
00694
00244
FFDF3
FF9A2
FF552
FF102
FECB4
FE867
FE41D
FDFD5
FDB8F
FD74D
FD30F
FCED4
FCA9E
FC66C
FC240
FBE19
FB9F9
FB5DF
FB1CB
FADBF
FA9BA
FA5BE
FA1C9
F9DDE
F99FC
F9623
F9254
F8E8F
F8AD5
F8726
F8383
F7FEB
F7C5F
F78DF
F756C
F7206
F6EAE
F6B64
F6827
F64F9
F61DA
F5ECA
F5BCA
F58D9
F55F8
F5327
F5067
F4DB8
F4B19
F488C
F4611
F43A7
F4150
F3F0B
F3CD9
F3ABA
F38AE
F36B5
F34D0
F32FF
F3142
F2F98
F2E03
F2C82
F2B16
F29BE
F287B
F274C
F2633
F252F
F2441
F2367
F22A4
F21F6
F215E
F20DB
F206E
F2017
F1FD5
F1FAA
F1F94
F1F93
F1FA9
F1FD4
F2015
F206C
F20D8
F215B
F21F3
F22A1
F2364
F243D
F252B
F262E
F2746
F2873
F29B5
F2B0B
F2C75
F2DF4
F2F87
F312D
F32E8
F34B6
F3697
F388C
F3A94
F3CAF
F3EDC
F411B
F436C
F45CE
F4842
F4AC7
F4D5D
F5003
F52BA
F5580
F5856
F5B3C
F5E31
F6135
F6447
F6767
F6A94
F6DCF
F7117
F746B
F77CC
F7B38
F7EAF
F8231
F85BE
F8955
F8CF6
F90A0
F9453
F980F
F9BD2
F9F9E
FA370
FA74A
FAB29
FAF0E
FB2F9
FB6E9
FBADD
FBED5
FC2D0
FC6CF
FCAD0
FCED4
FD2D9
FD6E0
FDAE7
FDEEF
FE2F7
FE6FD
FEB03
FEF07
FF30A
FF709
FFB06
FFEFF
002F4
006E5
00AD1
00EB7
01298
01672
01A46
01E12
021D7
02594
02948
02CF4
03095
0342E
037BB
03B3F
03EB7
04223
04583
048D7
04C1E
04F58
05284
055A2
058B2
05BB3
05EA5
06187
0645A
0671D
069CF
06C70
06F00
0717F
073EB
07645
0788D
07AC1
07CE3
07EF1
080EC
082D2
084A5
08663
0880C
089A1
08B21
08C8B
08DE0
08F1F
09048
0915A
09256
0933B
0940A
094C2
09563
095ED
09660
096BB
09700
0972D
09742
09740
09727
096F5
096AC
0964B
095D2
09541
09498
093D7
092FF
0920F
09107
08FE7
08EB0
08D62
08BFC
08A7F
088EA
0873E
0857B
083A1
081AF
07FA7
07D88
07B52
07907
076A5
0742E
071A1
06EFE
06C46
0697A
06698
063A2
06098
05D7A
05A48
05702
053A8
0503C
04CBD
0492C
04589
041D4
03E0D
03A36
0364E
03256
02E4D
02A35
0260E
021D8
01D93
01940
014DF
01070
00BF5
0076D
002D9
FFE39
FF98D
FF4D7
FF017
FEB4C
FE678
FE19B
FDCB5
FD7C7
FD2D1
FCDD4
FC8D0
FC3C5
FBEB5
FB99E
FB483
FAF64
FAA40
FA519
F9FEF
F9AC2
F9593
F9062
F8B30
F85FD
F80CA
F7B98
F7666
F7135
F6C06
F66D9
F61AF
F5C87
F5764
F5244
F4D29
F4812
F4302
F3DF7
F38F2
F33F5
F2EFE
F2A10
F252A
F204C
F1B78
F16AD
F11EC
F0D36
F088A
F03EA
EFF55
EFACD
EF651
EF1E2
EED80
EE92D
EE4E7
EE0B1
EDC89
ED871
ED469
ED070
ECC88
EC8B1
EC4EB
EC136
EBD93
EBA02
EB683
EB318
EAFBF
EAC79
EA948
EA62A
EA321
EA02C
E9D4C
E9A81
E97CB
E952A
E929F
E902B
E8DCC
E8B84
E8952
E8737
E8534
E8347
E8172
E7FB5
E7E10
E7C83
E7B0E
E79B1
E786C
E773F
E762B
E752F
E744B
E7380
E72CE
E7235
E71B4
E714C
E70FD
E70C7
E70AB
E70A7
E70BC
E70EA
E7130
E7190
E7208
E7299
E7343
E7405
E74E0
E75D3
E76DF
E7803
E7940
E7A95
E7C02
E7D87
E7F24
E80D9
E82A4
E8488
E8682
E8893
E8ABA
E8CF8
E8F4C
E91B7
E9437
E96CD
E9978
E9C38
E9F0E
EA1F8
EA4F7
EA809
EAB30
EAE6A
EB1B8
EB519
EB88C
EBC12
EBFAB
EC355
EC711
ECADF
ECEBD
ED2AD
ED6AD
EDABD
EDEDD
EE30C
EE74B
EEB98
EEFF3
EF45D
EF8D4
EFD58
F01E9
F0686
F0B30
F0FE5
F14A6
F1971
F1E47
F2328
F2812
F2D05
F3202
F3707
F3C14
F4129
F4646
F4B69
F5093
F55C3
F5AFA
F6035
F6576
F6ABB
F7004
F7551
F7AA2
F7FF6
F854C
F8AA4
F8FFE
F9559
F9AB5
FA012
FA56F
FAACB
FB027
FB581
FBADA
FC031
FC585
FCAD7
FD026
FD571
FDAB8
FDFFB
FE539
FEA72
FEFA6
FF4D4
FF9FC
FFF1E
00439
0094C
00E58
0135C
01857
01D4A
02234
02714
02BEB
030B8
0357B
03A33
03EE0
04383
04819
04CA4
05123
05595
059FA
05E53
0629D
066DB
06B0A
06F2C
0733F
07743
07B39
07F20
082F7
086BF
08A77
08E1F
091B7
0953E
098B5
09C1A
09F6F
0A2B2
0A5E3
0A903
0AC12
0AF0E
0B1F9
0B4D1
0B797
0BA4B
0BCEC
0BF7A
0C1F5
0C45E
0C6B3
0C8F5
0CB24
0CD3F
0CF47
0D13B
0D31C
0D4E9
0D6A2
0D848
0D9D9
0DB57
0DCC1
0DE17
0DF58
0E086
0E19F
0E2A5
0E395
0E472
0E53B
0E5F0
0E690
0E71D
0E795
0E7FA
0E84B
0E888
0E8B2
0E8C7
0E8C9
0E8B8
0E893
0E85A
0E80E
0E7AE
0E73C
0E6B6
0E61E
0E572
0E4B4
0E3E3
0E300
0E20A
0E102
0DFE8
0DEBC
0DD7D
0DC2D
0DACB
0D958
0D7D3
0D63D
0D497
0D2DF
0D117
0CF3E
0CD55
0CB5C
0C953
0C73B
0C513
0C2DC
0C096
0BE41
0BBDD
0B96B
0B6EB
0B45C
0B1C0
0AF16
0AC5F
0A99B
0A6CA
0A3EC
0A102
09E0C
09B09
097FB
094E2
091BD
08E8D
08B52
0880D
084BD
08163
07E00
07A93
0771D
0739E
07016
06C86
068ED
0654D
061A5
05DF6
05A3F
05682
052BD
04EF3
04B23
0474C
04370
03F8F
03BA9
037BE
033CE
02FDA
02BE3
027E7
023E8
01FE6
01BE0
017D8
013CE
00FC2
00BB3
007A3
00391
FFF7E
FFB6A
FF756
FF341
FEF2C
FEB17
FE702
FE2EE
FDEDB
FDAC9
FD6B8
FD2A9
FCE9C
FCA90
FC687
FC281
FBE7D
FBA7C
FB67E
FB284
FAE8E
FAA9B
FA6AD
FA2C3
F9EDD
F9AFD
F9722
F934C
F8F7B
F8BB0
F87EB
F842C
F8073
F7CC1
F7915
F7570
F71D3
F6E3C
F6AAD
F6725
F63A5
F602D
F5CBD
F5955
F55F6
F52A0
F4F52
F4C0D
F48D1
F459E
F4275
F3F55
F3C3F
F3932
F3630
F3337
F3049
F2D66
F2A8D
F27BE
F24FA
F2241
F1F93
F1CF0
F1A58
F17CB
F154A
F12D3
F1069
F0E09
F0BB5
F096D
F0730
F0500
F02DB
F00C2
EFEB5
EFCB5
EFAC0
EF8D8
EF6FB
EF52B
EF368
EF1B0
EF006
EEE67
EECD5
EEB50
EE9D8
EE86C
EE70C
EE5BA
EE474
EE33B
EE20F
EE0EF
EDFDC
EDED6
EDDDC
EDCEE
EDC0E
EDB39
EDA72
ED9B7
ED908
ED866
ED7D0
ED746
ED6C9
ED658
ED5F4
ED59B
ED54F
ED50F
ED4DA
ED4B2
ED496
ED485
ED480
ED487
ED49A
ED4B8
ED4E2
ED517
ED558
ED5A4
ED5FB
ED65D
ED6CA
ED742
ED7C4
ED851
ED8E9
ED98B
EDA37
EDAED
EDBAD
EDC77
EDD4A
EDE28
EDF0F
EDFFF
EE0F8
EE1FB
EE307
EE41B
EE538
EE65E
EE78C
EE8C3
EEA01
EEB48
EEC97
EEDED
EEF4C
EF0B1
EF21F
EF393
EF50E
EF690
EF819
EF9A9
EFB3E
EFCDA
EFE7C
F0024
F01D2
F0385
F053D
F06FB
F08BE
F0A85
F0C51
F0E22
F0FF7
F11D1
F13AE
F158F
F1774
F195D
F1B49
F1D38
F1F2A
F211F
F2317
F2512
F270F
F290E
F2B0F
F2D12
F2F17
F311D
F3324
F352D
F3737
F3942
F3B4E
F3D5A
F3F66
F4173
F437F
F458C
F4798
F49A3
F4BAF
F4DB9
F4FC2
F51CB
F53D2
F55D8
F57DC
F59DF
F5BE0
F5DDF
F5FDC
F61D7
F63CF
F65C5
F67B8
F69A8
F6B96
F6D80
F6F68
F714C
F732C
F750A
F76E3
F78B9
F7A8A
F7C58
F7E22
F7FE7
F81A8
F8364
F851C
F86CF
F887E
F8A27
F8BCB
F8D6B
F8F05
F909A
F9229
F93B4
F9539
F96B8
F9832
F99A6
F9B14
F9C7C
F9DDF
F9F3B
FA092
FA1E2
FA32C
FA470
FA5AE
FA6E6
FA818
FA943
FAA67
FAB86
FAC9E
FADAF
FAEBA
FAFBF
FB0BC
FB1B4
FB2A4
FB38E
FB472
FB54F
FB625
FB6F5
FB7BE
FB881
FB93D
FB9F2
FBAA1
FBB4A
FBBEC
FBC88
FBD1D
FBDAB
FBE33
FBEB5
FBF31
FBFA6
FC015
FC07D
FC0E0
FC13D
FC193
FC1E3
FC22E
FC272
FC2B1
FC2EA
FC31D
FC34A
FC372
FC394
FC3B1
FC3C8
FC3DA
FC3E7
FC3EF
FC3F1
FC3EF
FC3E8
FC3DC
FC3CB
FC3B6
FC39C
FC37D
FC35A
FC333
FC308
FC2D9
FC2A6
FC26E
FC234
FC1F5
FC1B3
FC16E
FC125
FC0D9
FC089
FC037
FBFE2
FBF8A
FBF2F
FBED2
FBE72
FBE10
FBDAC
FBD46
FBCDD
FBC73
FBC07
FBB9A
FBB2B
FBABA
FBA48
FB9D5
FB962
FB8ED
FB877
FB801
FB78A
FB713
FB69B
FB624
FB5AC
FB534
FB4BC
FB445
FB3CE
FB357
FB2E1
FB26C
FB1F7
FB184
FB111
FB0A0
FB030
FAFC1
FAF54
FAEE8
FAE7E
FAE16
FADAF
FAD4B
FACE8
FAC88
FAC2A
FABCF
FAB76
FAB1F
FAACB
FAA7A
FAA2C
FA9E0
FA998
FA953
FA910
FA8D1
FA895
FA85C
FA827
FA7F5
FA7C7
FA79D
FA776
FA752
FA733
FA717
FA700
FA6EC
FA6DD
FA6D1
FA6C9
FA6C6
FA6C7
FA6CC
FA6D5
FA6E3
FA6F5
FA70C
FA727
FA746
FA76B
FA793
FA7C0
FA7F2
FA829
FA864
FA8A3
FA8E8
FA931
FA97E
FA9D0
FAA27
FAA83
FAAE3
FAB48
FABB2
FAC20
FAC93
FAD0B
FAD87
FAE08
FAE8D
FAF17
FAFA6
FB039
FB0D0
FB16C
FB20D
FB2B2
FB35B
FB409
FB4BB
FB572
FB62D
FB6EC
FB7AF
FB876
FB942
FBA11
FBAE5
FBBBC
FBC97
FBD76
FBE59
FBF40
FC02A
FC118
FC209
FC2FE
FC3F6
FC4F2
FC5F1
FC6F3
FC7F9
FC902
FCA0D
FCB1C
FCC2D
FCD42
FCE59
FCF73
FD090
FD1AF
FD2D1
FD3F5
FD51C
FD645
FD770
FD89E
FD9CD
FDAFF
FDC32
FDD68
FDE9F
FDFD8
FE112
FE24E
FE38C
FE4CB
FE60B
FE74D
FE890
FE9D4
FEB19
FEC5F
FEDA5
FEEED
FF036
FF17F
FF2C9
FF413
FF55E
FF6AA
FF7F6
FF942
FFA8E
FFBDB
FFD27
FFE74
FFFC1
0010D
0025A
003A6
004F2
0063E
00789
008D4
00A1E
00B68
00CB2
00DFA
00F42
01089
011D0
01315
0145A
0159E
016E0
01822
01963
01AA2
01BE1
01D1E
01E5A
01F95
020CE
02206
0233D
02473
025A7
026D9
0280A
0293A
02A68
02B94
02CBF
02DE9
02F11
03037
0315C
0327F
033A0
034C0
035DE
036FA
03815
0392E
03A45
03B5A
03C6E
03D80
03E91
03FA0
040AD
041B8
042C2
043CA
044D0
045D5
046D8
047D9
048D9
049D7
04AD4
04BCF
04CC8
04DC0
04EB7
04FAC
0509F
05191
05282
05371
0545F
0554C
05637
05721
05809
058F1
059D7
05ABC
05B9F
05C82
05D63
05E44
05F23
06001
060DE
061BA
06295
0636F
06448
06520
065F8
066CE
067A4
06878
0694C
06A20
06AF2
06BC4
06C95
06D66
06E36
06F05
06FD4
070A2
07170
0723E
0730B
073D8
074A4
07570
0763C
07707
077D2
0789D
07967
07A31
07AFC
07BC5
07C8F
07D59
07E22
07EEC
07FB5
0807E
08147
08210
082DA
083A3
0846C
08535
085FE
086C8
08791
0885B
08924
089EE
08AB8
08B82
08C4C
08D17
08DE1
08EAC
08F77
09041
0910C
091D7
092A2
0936D
09438
09504
095CF
0969A
09765
09830
098FC
099C7
09A92
09B5D
09C27
09CF2
09DBD
09E87
09F52
0A01C
0A0E6
0A1B0
0A279
0A342
0A40C
0A4D4
0A59D
0A665
0A72D
0A7F4
0A8BB
0A981
0AA47
0AB0C
0ABD0
0AC94
0AD57
0AE1A
0AEDC
0AF9C
0B05C
0B11C
0B1DA
0B297
0B354
0B40F
0B4C9
0B582
0B63B
0B6F2
0B7A7
0B85C
0B90F
0B9C1
0BA72
0BB21
0BBCF
0BC7C
0BD27
0BDD1
0BE79
0BF1F
0BFC4
0C067
0C108
0C1A8
0C245
0C2E1
0C37B
0C413
0C4A9
0C53D
0C5CF
0C65E
0C6EC
0C777
0C800
0C887
0C90C
0C98E
0CA0E
0CA8C
0CB07
0CB80
0CBF6
0CC6A
0CCDC
0CD4B
0CDB7
0CE21
0CE89
0CEED
0CF4F
0CFAF
0D00B
0D065
0D0BD
0D111
0D163
0D1B2
0D1FE
0D247
0D28E
0D2D2
0D312
0D350
0D38B
0D3C3
0D3F8
0D42A
0D459
0D486
0D4AF
0D4D6
0D4FA
0D51A
0D538
0D553
0D56C
0D581
0D593
0D5A3
0D5B0
0D5B9
0D5C1
0D5C5
0D5C6
0D5C5
0D5C1
0D5BA
0D5B0
0D5A4
0D595
0D583
0D56E
0D557
0D53D
0D521
0D502
0D4E0
0D4BB
0D495
0D46B
0D440
0D412
0D3E1
0D3AE
0D379
0D342
0D308
0D2CC
0D28E
0D24E
0D20B
0D1C7
0D180
0D138
0D0EE
0D0A1
0D053
0D003
0CFB1
0CF5D
0CF07
0CEB0
0CE57
0CDFD
0CDA0
0CD43
0CCE3
0CC82
0CC20
0CBBC
0CB57
0CAF1
0CA89
0CA20
0C9B6
0C94B
0C8DE
0C871
0C802
0C793
0C722
0C6B1
0C63F
0C5CC
0C558
0C4E3
0C46E
0C3F7
0C381
0C309
0C291
0C218
0C19E
0C124
0C0A9
0C02E
0BFB2
0BF36
0BEB9
0BE3B
0BDBE
0BD3F
0BCC1
0BC42
0BBC2
0BB42
0BAC2
0BA42
0B9C1
0B940
0B8BF
0B83D
0B7BB
0B739
0B6B7
0B635
0B5B2
0B52F
0B4AC
0B429
0B3A5
0B321
0B29D
0B219
0B194
0B10F
0B089
0B004
0AF7D
0AEF7
0AE70
0ADE9
0AD62
0ACDA
0AC51
0ABC9
0AB40
0AAB6
0AA2C
0A9A1
0A916
0A88A
0A7FE
0A771
0A6E4
0A656
0A5C7
0A538
0A4A8
0A417
0A386
0A2F3
0A260
0A1CB
0A136
0A09F
0A008
09F6F
09ED5
09E3A
09D9D
09CFF
09C60
09BBF
09B1D
09A79
099D3
0992C
09884
097D9
0972D
0967F
095CF
0951E
0946A
093B5
092FD
09244
09188
090CB
0900B
08F49
08E84
08DBE
08CF5
08C29
08B5C
08A8B
089B9
088E3
0880B
08730
08653
08573
08490
083AA
082C2
081D7
080E8
07FF8
07F04
07E0D
07D13
07C17
07B17
07A15
07910
07808
076FC
075EE
074DD
073C8
072B1
07197
0707A
06F59
06E36
06D10
06BE6
06ABA
0698B
06859
06724
065EB
064B0
06372
06231
060ED
05FA6
05E5D
05D10
05BC1
05A6F
0591B
057C4
0566B
0550F
053B1
05250
050ED
04F87
04E20
04CB6
04B4A
049DC
0486D
046FB
04588
04413
0429D
04125
03FAC
03E31
03CB5
03B39
039BB
0383C
036BC
0353C
033BB
0323A
030B8
02F36
02DB4
02C32
02AB0
0292F
027AE
0262D
024AD
0232E
021B0
02033
01EB7
01D3C
01BC3
01A4B
018D5
01761
015F0
01480
01313
011A8
01040
00EDB
00D79
00C1B
00ABF
00967
00813
006C2
00575
0042D
002E9
001A9
0006D
FFF37
FFE05
FFCD8
FFBB1
FFA8F
FF973
FF85C
FF74B
FF640
FF53B
FF43D
FF345
FF253
FF168
FF085
FEFA8
FEED3
FEE05
FED3E
FEC7F
FEBC8
FEB19
FEA72
FE9D4
FE93E
FE8B0
FE82B
FE7AF
FE73C
FE6D1
FE670
FE619
FE5CA
FE585
FE54A
FE518
FE4F0
FE4D2
FE4BE
FE4B4
FE4B4
FE4BF
FE4D3
FE4F3
FE51D
FE551
FE590
FE5DA
FE62E
FE68D
FE6F7
FE76C
FE7EC
FE877
FE90C
FE9AD
FEA59
FEB10
FEBD2
FEC9F
FED78
FEE5B
FEF4A
FF044
FF148
FF258
FF372
FF498
FF5C8
FF704
FF84A
FF99B
FFAF7
FFC5D
FFDCE
FFF4A
000D1
00261
003FC
005A1
00750
00909
00ACC
00C99
00E6F
0104E
01237
01429
01624
01828
01A36
01C4B
01E69
02090
022BE
024F5
02733
02978
02BC5
02E19
03074
032D6
0353E
037AD
03A22
03C9D
03F1E
041A4
0442F
046BF
04954
04BEE
04E8B
0512C
053D1
05679
05925
05BD3
05E83
06136
063EB
066A2
0695A
06C13
06ECD
07187
07442
076FD
079B7
07C70
07F29
081E0
08496
08749
089FB
08CAA
08F56
091FF
094A5
09747
099E5
09C7E
09F13
0A1A3
0A42D
0A6B2
0A931
0ABA9
0AE1B
0B085
0B2E9
0B544
0B798
0B9E4
0BC27
0BE61
0C092
0C2B9
0C4D7
0C6EB
0C8F5
0CAF4
0CCE8
0CED1
0D0AF
0D281
0D448
0D602
0D7AF
0D950
0DAE3
0DC69
0DDE2
0DF4D
0E0AA
0E1F9
0E33A
0E46C
0E58E
0E6A2
0E7A6
0E89B
0E980
0EA55
0EB19
0EBCD
0EC70
0ED03
0ED84
0EDF5
0EE54
0EEA2
0EEDE
0EF09
0EF22
0EF2A
0EF1F
0EF03
0EED4
0EE93
0EE40
0EDDA
0ED61
0ECD6
0EC38
0EB88
0EAC5
0E9EF
0E907
0E80C
0E6FF
0E5DF
0E4AC
0E366
0E20E
0E0A3
0DF26
0DD95
0DBF2
0DA3D
0D875
0D69B
0D4AF
0D2B1
0D0A1
0CE7F
0CC4C
0CA07
0C7B1
0C54A
0C2D1
0C048
0BDAE
0BB03
0B848
0B57C
0B2A1
0AFB5
0ACBB
0A9B1
0A698
0A370
0A03A
09CF6
099A3
09643
092D5
08F5A
08BD3
0883E
0849D
080F0
07D37
07973
075A3
071CA
06DE5
069F7
065FF
061FE
05DF4
059E2
055C7
051A4
04D7A
04949
04511
040D3
03C8E
03844
033F6
02FA2
02B4A
026EF
0228F
01E2D
019C9
01562
010F9
00C8F
00825
003B9
FFF4E
FFAE3
FF678
FF20F
FEDA8
FE943
FE4E0
FE080
FDC23
FD7CB
FD376
FCF27
FCADC
FC697
FC258
FBE1F
FB9ED
FB5C2
FB19F
FAD84
FA971
FA567
FA166
F9D6F
F9982
F95A0
F91C8
F8DFC
F8A3C
F8687
F82DF
F7F44
F7BB6
F7836
F74C4
F715F
F6E0A
F6AC3
F678B
F6463
F614B
F5E42
F5B4A
F5863
F558D
F52C8
F5015
F4D74
F4AE6
F4869
F45FF
F43A8
F4164
F3F34
F3D16
F3B0D
F3917
F3735
F3567
F33AE
F3209
F307A
F2EFF
F2D99
F2C49
F2B0E
F29E8
F28D8
F27DD
F26F8
F2628
F256E
F24C9
F243A
F23C1
F235D
F2310
F22D8
F22B5
F22A9
F22B3
F22D2
F2307
F2351
F23B0
F2425
F24AF
F254E
F2602
F26CB
F27A8
F289A
F29A1
F2ABB
F2BEA
F2D2E
F2E85
F2FF0
F316E
F32FF
F34A3
F365A
F3823
F39FE
F3BEB
F3DE9
F3FF9
F4219
F444B
F468D
F48DF
F4B41
F4DB2
F5033
F52C2
F5560
F580C
F5AC6
F5D8D
F6061
F6341
F662E
F6926
F6C2A
F6F38
F7252
F7575
F78A3
F7BDA
F7F1A
F8262
F85B2
F890A
F8C69
F8FCF
F933B
F96AD
F9A24
F9DA0
FA121
FA4A5
FA82D
FABB8
FAF45
FB2D4
FB666
FB9F8
FBD8B
FC11E
FC4B1
FC843
FCBD4
FCF63
FD2F0
FD67B
FDA02
FDD86
FE105
FE480
FE7F6
FEB67
FEED2
FF236
FF593
FF8EA
FFC39
FFF7F
002BE
005F3
0091F
00C41
00F59
01266
01568
0185F
01B4A
01E28
020FA
023BE
02676
02920
02BBC
02E49
030C8
03338
03599
037EA
03A2B
03C5B
03E7B
0408A
04288
04474
0464E
04817
049CD
04B71
04D03
04E82
04FEE
05147
0528C
053BF
054DD
055E8
056DE
057C1
0588F
05948
059EE
05A7E
05AFA
05B62
05BB4
05BF3
05C1C
05C31
05C31
05C1C
05BF3
05BB5
05B62
05AFA
05A7D
059EC
05946
0588B
057BC
056D9
055E2
054D7
053B8
05286
05140
04FE7
04E7B
04CFB
04B69
049C4
0480D
04643
04467
0427A
0407B
03E6C
03C4B
03A1A
037D9
03588
03327
030B8
02E39
02BAC
02910
02667
023AF
020EB
01E19
01B3C
01852
0155C
0125C
00F50
00C3A
0091B
005F2
002C0
FFF85
FFC42
FF8F7
FF5A5
FF24C
FEEED
FEB87
FE81C
FE4AD
FE138
FDDC0
FDA44
FD6C5
FD344
FCFC1
FCC3C
FC8B6
FC530
FC1A9
FBE23
FBA9E
FB71B
FB399
FB01A
FAC9E
FA925
FA5B0
FA23F
F9ED4
F9B6E
F980D
F94B3
F9160
F8E14
F8AD0
F8795
F8462
F8139
F7E19
F7B03
F77F8
F74F8
F7204
F6F1B
F6C3F
F696F
F66AD
F63F8
F6152
F5EBA
F5C30
F59B7
F574D
F54F3
F52AA
F5071
F4E4A
F4C34
F4A2F
F483D
F465D
F4490
F42D5
F412E
F3F9B
F3E1B
F3CB0
F3B59
F3A17
F38EA
F37D3
F36D0
F35E3
F350C
F344B
F339F
F330A
F328B
F3222
F31D1
F3195
F3171
F3164
F316F
F3191
F31CA
F321A
F3282
F3302
F3398
F3446
F350C
F35E8
F36DC
F37E7
F3909
F3A42
F3B93
F3CFA
F3E79
F400F
F41BB
F437F
F4558
F4748
F494E
F4B6A
F4D9B
F4FE2
F523E
F54AF
F5735
F59D0
F5C7F
F5F42
F6219
F6504
F6802
F6B14
F6E38
F716E
F74B6
F7810
F7B7C
F7EF8
F8284
F8621
F89CE
F8D89
F9154
F952E
F9916
F9D0C
FA10F
FA520
FA93D
FAD66
FB19A
FB5DA
FBA24
FBE78
FC2D7
FC73E
FCBAE
FD026
FD4A6
FD92D
FDDBC
FE250
FE6EA
FEB8A
FF02E
FF4D7
FF983
FFE33
002E5
00799
00C4F
01106
015BD
01A74
01F2B
023E1
02895
02D47
031F7
036A3
03B4C
03FF0
04490
0492A
04DBF
0524D
056D5
05B56
05FCE
0643F
068A6
06D04
07158
075A2
079E1
07E15
0823D
08659
08A68
08E6A
0925F
09646
09A1F
09DE8
0A1A3
0A54E
0A8E9
0AC74
0AFEE
0B356
0B6AC
0B9F1
0BD24
0C043
0C350
0C64A
0C930
0CC02
0CEC1
0D16A
0D3FF
0D67F
0D8EA
0DB3F
0DD7E
0DFA6
0E1B9
0E3B4
0E599
0E767
0E91F
0EABF
0EC48
0EDBA
0EF14
0F056
0F181
0F294
0F390
0F473
0F53D
0F5F0
0F68A
0F70C
0F776
0F7C8
0F801
0F823
0F82C
0F81E
0F7F8
0F7BA
0F765
0F6F7
0F672
0F5D6
0F522
0F457
0F374
0F27B
0F16A
0F044
0EF07
0EDB4
0EC4B
0EACD
0E93A
0E792
0E5D5
0E403
0E21D
0E024
0DE16
0DBF5
0D9C1
0D77A
0D521
0D2B6
0D039
0CDAB
0CB0C
0C85D
0C59E
0C2CF
0BFF1
0BD05
0BA09
0B700
0B3E9
0B0C4
0AD93
0AA56
0A70C
0A3B8
0A058
09CEE
0997B
095FD
09278
08EE9
08B53
087B6
08411
08066
07CB6
07900
07545
07185
06DC2
069FC
06632
06267
05E9A
05ACB
056FC
0532D
04F5F
04B91
047C4
043FA
04032
03C6D
038AC
034EF
03136
02D82
029D4
0262C
0228B
01EF0
01B5D
017D2
01450
010D6
00D66
00A00
006A5
00355
00010
FFCD7
FF9AA
FF68A
FF377
FF071
FED79
FEA90
FE7B5
FE4E9
FE22D
FDF80
FDCE4
FDA58
FD7DE
FD574
FD31D
FD0D8
FCEA5
FCC84
FCA76
FC87B
FC694
FC4C0
FC2FF
FC153
FBFBB
FBE38
FBCCA
FBB70
FBA2C
FB8FE
FB7E5
FB6E2
FB5F4
FB51D
FB45C
FB3B0
FB31B
FB29C
FB233
FB1E1
FB1A5
FB180
FB171
FB178
FB197
FB1CC
FB218
FB27A
FB2F3
FB383
FB428
FB4E4
FB5B5
FB69D
FB79A
FB8AD
FB9D6
FBB14
FBC67
FBDCF
FBF4D
FC0DF
FC286
FC442
FC612
FC7F5
FC9EC
FCBF7
FCE14
FD044
FD286
FD4DB
FD741
FD9B9
FDC42
FDEDC
FE186
FE441
FE70C
FE9E7
FECD0
FEFC9
FF2CF
FF5E4
FF906
FFC34
FFF70
002B7
0060A
00969
00CD2
01046
013C4
0174B
01ADB
01E74
02216
025BE
0296E
02D24
030E0
034A2
03868
03C33
04002
043D5
047AA
04B82
04F5C
05337
05713
05AF0
05ECC
062A7
06681
06A5A
06E30
07204
075D4
079A0
07D68
0812A
084E8
0889F
08C50
08FFA
0939C
09736
09AC8
09E51
0A1D0
0A546
0A8B1
0AC11
0AF65
0B2AE
0B5EA
0B91A
0BC3C
0BF50
0C256
0C54E
0C836
0CB0E
0CDD7
0D08F
0D337
0D5CE
0D853
0DAC6
0DD28
0DF77
0E1B3
0E3DB
0E5F0
0E7F2
0E9DE
0EBB6
0ED7A
0EF28
0F0C0
0F243
0F3B0
0F507
0F648
0F773
0F886
0F983
0FA68
0FB37
0FBED
0FC8C
0FD13
0FD81
0FDD8
0FE16
0FE3B
0FE48
0FE3D
0FE1A
0FDDE
0FD89
0FD1C
0FC97
0FBF8
0FB42
0FA72
0F98A
0F88A
0F770
0F63E
0F4F4
0F391
0F216
0F083
0EED8
0ED16
0EB3C
0E94A
0E742
0E522
0E2EB
0E09D
0DE39
0DBBE
0D92D
0D685
0D3C8
0D0F5
0CE0E
0CB11
0C800
0C4DB
0C1A2
0BE55
0BAF5
0B783
0B3FD
0B066
0ACBD
0A902
0A535
0A158
09D6B
0996D
09560
09144
08D19
088E0
0849A
08046
07BE5
07778
072FE
06E7A
069EA
0654F
060AB
05BFC
05745
05285
04DBC
048EC
04415
03F38
03A54
0356B
0307D
02B8A
02694
0219A
01C9D
0179E
0129C
00D9A
00896
00393
FFE8F
FF98D
FF48B
FEF8C
FEA8E
FE594
FE09D
FDBA9
FD6BB
FD1D1
FCCEC
FC80E
FC336
FBE65
FB99B
FB4DA
FB021
FAB70
FA6C9
FA22C
F9D99
F9911
F9494
F9023
F8BBE
F8766
F831A
F7EDC
F7AAD
F768C
F7279
F6E76
F6A82
F669E
F62CA
F5F07
F5B55
F57B4
F5425
F50A8
F4D3D
F49E5
F46A1
F436F
F4052
F3D49
F3A53
F3773
F34A7
F31F0
F2F4E
F2CC2
F2A4B
F27EA
F259E
F2369
F214B
F1F42
F1D51
F1B77
F19B4
F1808
F1673
F14F6
F1391
F1242
F110B
F0FEC
F0EE4
F0DF4
F0D1C
F0C5B
F0BB2
F0B21
F0AA8
F0A46
F09FD
F09CB
F09B1
F09AF
F09C3
F09F0
F0A33
F0A8D
F0AFE
F0B86
F0C25
F0CDA
F0DA5
F0E86
F0F7E
F108B
F11AF
F12E8
F1436
F1599
F1710
F189C
F1A3D
F1BF1
F1DB8
F1F93
F2181
F2382
F2595
F27BB
F29F2
F2C3B
F2E96
F3101
F337D
F3609
F38A5
F3B50
F3E0A
F40D3
F43AA
F468F
F4981
F4C81
F4F8D
F52A5
F55C9
F58F8
F5C33
F5F78
F62C7
F6620
F6982
F6CED
F7060
F73DB
F775E
F7AE7
F7E78
F820E
F85AA
F894B
F8CF2
F909C
F944B
F97FC
F9BB1
F9F69
FA322
FA6DD
FAA99
FAE56
FB214
FB5D1
FB98D
FBD48
FC102
FC4BA
FC86F
FCC22
FCFD1
FD37C
FD723
FDAC5
FDE63
FE1FB
FE58E
FE91A
FECA0
FF01F
FF396
FF706
FFA6E
FFDCD
00124
00471
007B4
00AED
00E1C
01141
0145B
01769
01A6C
01D63
0204F
0232D
02600
028C5
02B7D
02E27
030C4
03352
035D2
03844
03AA6
03CFA
03F3E
04174
04399
045B0
047B6
049AD
04B93
04D6A
04F30
050E5
05289
0541D
055A0
05711
05872
059C1
05AFF
05C2C
05D48
05E53
05F4C
06034
0610B
061D1
06286
06329
063BB
0643C
064AB
06509
06556
06592
065BE
065D8
065E2
065DC
065C5
0659E
06567
06521
064CA
06464
063EE
06368
062D4
06230
0617E
060BD
05FEE
05F10
05E25
05D2D
05C27
05B14
059F4
058C8
0578F
0564B
054FB
0539F
05238
050C6
04F49
04DC2
04C31
04A96
048F3
04746
04590
043D2
0420C
0403F
03E6A
03C8E
03AAB
038C2
036D3
034DE
032E4
030E5
02EE1
02CD9
02ACD
028BE
026AC
02496
0227F
02065
01E4A
01C2E
01A10
017F2
015D4
013B6
01199
00F7C
00D61
00B47
0092F
0071A
00506
002F6
000EA
FFEE0
FFCDB
FFADA
FF8DE
FF6E7
FF4F5
FF309
FF123
FEF44
FED6A
FEB98
FE9CD
FE809
FE64D
FE498
FE2ED
FE149
FDFAF
FDE1E
FDC96
FDB18
FD9A4
FD83B
FD6DC
FD587
FD43D
FD2FE
FD1CB
FD0A3
FCF86
FCE75
FCD70
FCC78
FCB8B
FCAAC
FC9D8
FC912
FC859
FC7AD
FC70F
FC67D
FC5FA
FC583
FC51A
FC4BF
FC471
FC431
FC3FF
FC3DB
FC3C5
FC3BD
FC3C3
FC3D7
FC3F9
FC42A
FC468
FC4B5
FC510
FC579
FC5EF
FC674
FC706
FC7A6
FC854
FC90F
FC9D8
FCAAE
FCB92
FCC83
FCD82
FCE8D
FCFA6
FD0CB
FD1FD
FD33B
FD486
FD5DD
FD73F
FD8AE
FDA27
FDBAD
FDD3D
FDED8
FE07F
FE230
FE3EB
FE5B1
FE780
FE959
FEB3C
FED28
FEF1D
FF11A
FF320
FF52D
FF743
FF960
FFB85
FFDB0
FFFE3
0021B
0045A
0069F
008EA
00B3A
00D8E
00FE8
01246
014A7
0170D
01975
01BE1
01E50
020C0
02333
025A8
0281E
02A95
02D0D
02F86
031FE
03476
036EE
03965
03BDA
03E4E
040C0
04330
0459D
04807
04A6E
04CD2
04F31
0518D
053E3
05635
05882
05AC9
05D0B
05F46
0617B
063AA
065D1
067F1
06A0A
06C1A
06E23
07023
0721A
07408
075ED
077C9
0799A
07B62
07D1F
07ED2
0807A
08217
083A9
08530
086AB
0881A
0897D
08AD4
08C1F
08D5C
08E8D
08FB0
090C7
091D0
092CC
093BA
0949B
0956E
09633
096EA
09792
0982D
098B9
09936
099A5
09A05
09A56
09A98
09ACB
09AF0
09B05
09B0C
09B04
09AED
09AC7
09A92
09A4D
099FA
09998
09927
098A7
09818
0977A
096CD
09611
09546
0946D
09386
09290
0918C
0907A
08F5A
08E2C
08CF1
08BA7
08A50
088EC
0877A
085FB
0846F
082D6
08130
07F7E
07DC0
07BF7
07A21
0783F
07653
0745B
07258
0704A
06E32
06C10
069E3
067AC
0656C
06322
060D0
05E74
05C10
059A4
05730
054B4
05231
04FA6
04D15
04A7E
047E0
0453C
04292
03FE3
03D2F
03A76
037B9
034F8
03232
02F6A
02C9E
029CF
026FE
0242A
02154
01E7D
01BA5
018CB
015F1
01316
0103C
00D61
00A87
007AE
004D7
00200
FFF2C
FFC5A
FF98A
FF6BD
FF3F3
FF12D
FEE6A
FEBAB
FE8F1
FE63B
FE38B
FE0DF
FDE39
FDB98
FD8FE
FD66A
FD3DC
FD155
FCED5
FCC5D
FC9EC
FC783
FC522
FC2CA
FC07A
FBE33
FBBF6
FB9C1
FB796
FB575
FB35E
FB151
FAF4E
FAD55
FAB67
FA985
FA7AD
FA5E0
FA41F
FA26A
FA0C0
F9F23
F9D91
F9C0C
F9A93
F9927
F97C6
F9673
F952C
F93F2
F92C5
F91A5
F9092
F8F8D
F8E94
F8DAA
F8CCC
F8BFC
F8B3A
F8A85
F89DE
F8944
F88B8
F8839
F87C8
F8765
F870E
F86C6
F868A
F865D
F863D
F862A
F8624
F862D
F8642
F8664
F8694
F86D1
F871A
F8770
F87D3
F8842
F88BE
F8946
F89DB
F8A7C
F8B28
F8BE1
F8CA5
F8D75
F8E51
F8F38
F902A
F9127
F922E
F9341
F945D
F9584
F96B4
F97EE
F9932
F9A80
F9BD6
F9D35
F9E9E
FA00E
FA187
FA309
FA492
FA622
FA7BA
FA959
FAAFF
FACAC
FAE5F
FB018
FB1D7
FB39B
FB565
FB735
FB909
FBAE1
FBCBF
FBEA0
FC085
FC26E
FC45A
FC649
FC83A
FCA2F
FCC25
FCE1E
FD018
FD213
FD410
FD60E
FD80C
FDA0A
FDC09
FDE07
FE005
FE202
FE3FF
FE5FA
FE7F3
FE9EB
FEBE2
FEDD5
FEFC7
FF1B6
FF3A1
FF58A
FF76F
FF950
FFB2E
FFD07
FFEDC
000AD
00279
00440
00601
007BE
00975
00B26
00CD1
00E75
01014
011AB
0133C
014C6
01649
017C4
01938
01AA5
01C0A
01D67
01EBC
02009
0214E
0228B
023BF
024EA
0260D
02727
02838
0293F
02A3E
02B33
02C20
02D03
02DDC
02EAD
02F73
03031
030E5
0318F
03230
032C7
03354
033D8
03452
034C2
03528
03585
035D8
03622
03662
03698
036C5
036E9
03703
03714
0371B
03719
0370E
036FA
036DD
036B7
03688
03650
0360F
035C6
03575
0351B
034B9
0344F
033DE
03364
032E3
0325B
031CB
03134
03095
02FF0
02F44
02E91
02DD9
02D1A
02C54
02B8A
02AB9
029E3
02908
02828
02743
0265A
0256C
02479
02383
02289
0218B
0208A
01F85
01E7E
01D74
01C67
01B59
01A48
01936
01822
0170C
015F6
014DF
013C7
012AF
01196
0107E
00F66
00E4E
00D37
00C22
00B0D
009FA
008E9
007D9
006CC
005C1
004B8
003B2
002B0
001B1
000B5
FFFBD
FFEC8
FFDD8
FFCED
FFC05
FFB23
FFA45
FF96D
FF899
FF7CC
FF704
FF642
FF587
FF4D1
FF423
FF37B
FF2DA
FF23F
FF1AD
FF121
FF09D
FF021
FEFAC
FEF40
FEEDB
FEE7F
FEE2B
FEDDF
FED9D
FED63
FED32
FED0B
FECEC
FECD7
FECCB
FECC8
FECCF
FECE0
FECFA
FED1E
FED4B
FED83
FEDC4
FEE10
FEE65
FEEC5
FEF2F
FEFA3
FF022
FF0AB
FF13E
FF1DB
FF282
FF334
FF3F0
FF4B6
FF586
FF661
FF745
FF834
FF92D
FFA30
FFB3D
FFC54
FFD75
FFEA0
FFFD5
00113
0025B
003AC
00507
0066B
007D9
0094F
00ACE
00C57
00DE8
00F82
01125
012D0
01484
01640
01803
019CF
01BA2
01D7D
01F60
02149
02339
02531
0272F
02933
02B3E
02D4F
02F67
03184
033A6
035CE
037FB
03A2E
03C65
03EA0
040E0
04324
0456C
047B8
04A07
04C59
04EAF
05107
05362
055C0
0581F
05A81
05CE4
05F49
061AE
06415
0667D
068E5
06B4D
06DB6
0701E
07286
074ED
07753
079B7
07C1B
07E7D
080DD
0833B
08596
087EF
08A46
08C99
08EE9
09135
0937E
095C3
09804
09A41
09C79
09EAC
0A0DA
0A302
0A526
0A744
0A95C
0AB6E
0AD79
0AF7F
0B17D
0B375
0B566
0B750
0B932
0BB0C
0BCDF
0BEAA
0C06D
0C227
0C3D9
0C583
0C723
0C8BB
0CA4A
0CBD0
0CD4D
0CEC0
0D02A
0D18A
0D2E0
0D42D
0D56F
0D6A8
0D7D6
0D8FA
0DA13
0DB22
0DC27
0DD20
0DE10
0DEF4
0DFCE
0E09D
0E161
0E21A
0E2C8
0E36A
0E402
0E48E
0E50F
0E585
0E5F0
0E64F
0E6A3
0E6EC
0E72A
0E75D
0E785
0E7A1
0E7B2
0E7B9
0E7B4
0E7A4
0E789
0E764
0E733
0E6F7
0E6B1
0E660
0E604
0E59E
0E52D
0E4B2
0E42D
0E39D
0E304
0E260
0E1B3
0E0FB
0E03A
0DF6F
0DE9A
0DDBC
0DCD5
0DBE5
0DAEB
0D9E9
0D8DE
0D7CB
0D6AF
0D58B
0D45F
0D32B
0D1EF
0D0AC
0CF61
0CE0E
0CCB5
0CB55
0C9ED
0C87F
0C70B
0C590
0C410
0C289
0C0FD
0BF6B
0BDD3
0BC37
0BA95
0B8EE
0B743
0B593
0B3DF
0B227
0B06A
0AEAA
0ACE7
0AB20
0A956
0A789
0A5B9
0A3E7
0A212
0A03B
09E62
09C87
09AAB
098CD
096EE
0950E
0932E
0914C
08F6A
08D87
08BA5
089C2
087E0
085FD
0841C
0823B
0805A
07E7B
07C9D
07AC0
078E5
0770C
07534
0735E
0718A
06FB9
06DEA
06C1D
06A53
0688C
066C7
06506
06348
0618D
05FD6
05E22
05C72
05AC6
0591D
05779
055D9
0543C
052A4
05111
04F81
04DF6
04C70
04AEE
04970
047F8
04684
04515
043AC
04247
040E7
03F8C
03E36
03CE5
03B99
03A53
03911
037D5
0369D
0356B
0343E
03317
031F4
030D7
02FBF
02EAC
02D9E
02C96
02B92
02A94
0299A
028A5
027B5
026CA
025E4
02502
02425
0234D
02279
021AA
020DF
02019
01F56
01E98
01DDE
01D28
01C76
01BC8
01B1D
01A76
019D2
01932
01895
017FB
01764
016D1
01640
015B2
01526
0149D
01417
01392
01310
01290
01211
01194
01119
0109F
01026
00FAF
00F39
00EC3
00E4E
00DDA
00D66
00CF3
00C80
00C0D
00B99
00B26
00AB2
00A3D
009C8
00952
008DB
00863
007EA
0076F
006F3
00675
005F6
00574
004F0
0046B
003E2
00358
002CA
0023B
001A8
00112
00079
FFFDD
FFF3E
FFE9B
FFDF4
FFD4A
FFC9C
FFBEA
FFB34
FFA7A
FF9BB
FF8F9
FF832
FF767
FF697
FF5C2
FF4E8
FF40A
FF327
FF23E
FF151
FF05E
FEF66
FEE69
FED67
FEC5F
FEB52
FEA3F
FE927
FE809
FE6E6
FE5BD
FE48F
FE35B
FE221
FE0E2
FDF9C
FDE51
FDD00
FDBAA
FDA4E
FD8EC
FD784
FD617
FD4A4
FD32C
FD1AE
FD02A
FCEA1
FCD12
FCB7E
FC9E4
FC845
FC6A0
FC4F6
FC347
FC193
FBFD9
FBE1B
FBC58
FBA91
FB8C4
FB6F3
FB51E
FB344
FB166
FAF83
FAD9C
FABB2
FA9C3
FA7D1
FA5DB
FA3E2
FA1E5
F9FE5
F9DE3
F9BDD
F99D4
F97C9
F95BB
F93AB
F9199
F8F85
F8D6E
F8B56
F893D
F8722
F8505
F82E8
F80CA
F7EAB
F7C8C
F7A6C
F784C
F762D
F740D
F71EE
F6FD0
F6DB3
F6B96
F697B
F6761
F6549
F6332
F611D
F5F0B
F5CFB
F5AEE
F58E3
F56DB
F54D7
F52D5
F50D8
F4EDE
F4CE8
F4AF6
F4909
F4720
F453C
F435D
F4183
F3FAE
F3DDF
F3C16
F3A52
F3895
F36DE
F352E
F3384
F31E2
F3046
F2EB2
F2D26
F2BA1
F2A24
F28AF
F2742
F25DD
F2481
F232E
F21E4
F20A2
F1F6A
F1E3B
F1D15
F1BFA
F1AE8
F19E0
F18E2
F17EE
F1705
F1626
F1552
F1488
F13C9
F1315
F126D
F11CF
F113D
F10B6
F103A
F0FCA
F0F67
F0F0E
F0EC2
F0E82
F0E4E
F0E26
F0E0A
F0DFA
F0DF6
F0DFF
F0E14
F0E35
F0E63
F0E9D
F0EE3
F0F36
F0F96
F1002
F107B
F1100
F1192
F1231
F12DC
F1393
F1457
F1527
F1604
F16ED
F17E3
F18E5
F19F3
F1B0E
F1C34
F1D68
F1EA7
F1FF2
F214A
F22AD
F241C
F2597
F271D
F28AF
F2A4D
F2BF5
F2DA9
F2F68
F3131
F3306
F34E6
F36D0
F38C4
F3AC3
F3CCD
F3EE0
F40FD
F4324
F4555
F478F
F49D3
F4C1F
F4E75
F50D4
F533B
F55AA
F5823
F5AA3
F5D2B
F5FBC
F6253
F64F3
F6799
F6A47
F6CFB
F6FB6
F7278
F753F
F780D
F7AE0
F7DB9
F8098
F837B
F8664
F8951
F8C43
F8F39
F9233
F9532
F9833
F9B39
F9E41
FA14D
FA45B
FA76C
FAA80
FAD95
FB0AC
FB3C6
FB6E0
FB9FC
FBD19
FC037
FC355
FC674
FC993
FCCB2
FCFD0
FD2EE
FD60C
FD928
FDC44
FDF5E
FE276
FE58D
FE8A1
FEBB4
FEEC4
FF1D1
FF4DC
FF7E4
FFAE9
FFDEA
000E8
003E2
006D8
009CA
00CB8
00FA1
01286
01565
01840
01B16
01DE6
020B1
02376
02636
028EF
02BA3
02E50
030F7
03398
03632
038C5
03B51
03DD6
04054
042CB
0453A
047A2
04A02
04C5B
04EAB
050F4
05335
0556E
0579F
059C7
05BE7
05DFF
0600F
06215
06414
06609
067F6
069DA
06BB5
06D87
06F51
07112
072C9
07478
0761E
077BB
0794F
07ADA
07C5C
07DD5
07F45
080AC
08209
0835E
084AA
085EC
08726
08857
0897F
08A9E
08BB5
08CC2
08DC7
08EC4
08FB7
090A2
09184
0925E
0932F
093F8
094B9
09571
09621
096CA
0976A
09802
09893
0991B
0999D
09A16
09A89
09AF4
09B57
09BB4
09C09
09C57
09C9F
09CE0
09D1A
09D4D
09D7B
09DA2
09DC2
09DDD
09DF1
09E00
09E09
09E0C
09E0A
09E02
09DF5
09DE3
09DCC
09DB0
09D8F
09D69
09D3F
09D10
09CDD
09CA6
09C6B
09C2C
09BE9
09BA3
09B59
09B0B
09ABB
09A67
09A10
099B7
0995A
098FB
09899
09835
097CE
09765
096FA
0968D
0961E
095AD
0953A
094C6
09450
093D9
09361
092E8
0926D
091F2
09175
090F8
0907A
08FFB
08F7C
08EFD
08E7D
08DFD
08D7C
08CFC
08C7C
08BFC
08B7C
08AFC
08A7D
089FD
0897F
08900
08882
08804
08787
0870B
0868F
08614
0859A
08520
084A7
0842F
083B8
08342
082CD
08258
081E5
08172
08101
08090
08021
07FB2
07F45
07ED8
07E6D
07E03
07D9A
07D32
07CCB
07C64
07BFF
07B9B
07B38
07AD5
07A74
07A13
079B3
07953
078F5
07897
0783A
077DD
07781
07726
076CB
07671
07617
075BD
07563
0750A
074B1
07458
073FF
073A7
0734E
072F5
0729C
07242
071E9
0718F
07135
070DA
0707F
07023
06FC6
06F69
06F0A
06EAB
06E4B
06DE9
06D87
06D23
06CBE
06C57
06BEF
06B85
06B1A
06AAD
06A3E
069CE
0695B
068E7
06870
067F8
0677D
06700
06680
065FE
0657A
064F3
06469
063DD
0634E
062BC
06227
0618F
060F5
06057
05FB6
05F12
05E6B
05DC0
05D12
05C60
05BAC
05AF3
05A37
05977
058B4
057ED
05723
05654
05582
054AC
053D3
052F5
05214
0512E
05045
04F58
04E67
04D71
04C78
04B7B
04A7A
04975
0486C
0475E
0464D
04538
0441F
04302
041E2
040BD
03F94
03E68
03D37
03C03
03ACB
0398F
0384F
0370C
035C4
0347A
0332C
031DA
03085
02F2D
02DD1
02C72
02B0F
029AA
02841
026D6
02567
023F6
02281
0210A
01F90
01E14
01C95
01B14
01991
0180C
01684
014FB
0136F
011E2
01053
00EC2
00D30
00B9C
00A07
00871
006DA
00542
003A9
00210
00076
FFEDB
FFD40
FFBA5
FFA0A
FF86F
FF6D3
FF539
FF39E
FF204
FF06B
FEED2
FED3A
FEBA4
FEA0E
FE87A
FE6E8
FE556
FE3C7
FE239
FE0AE
FDF24
FDD9D
FDC18
FDA96
FD916
FD799
FD61F
FD4A8
FD334
FD1C3
FD055
FCEEC
FCD86
FCC23
FCAC5
FC96A
FC814
FC6C2
FC575
FC42C
FC2E7
FC1A8
FC06D
FBF37
FBE06
FBCDB
FBBB4
FBA93
FB978
FB862
FB752
FB647
FB543
FB444
FB34C
FB25A
FB16E
FB089
FAFA9
FAED1
FADFF
FAD33
FAC6E
FABB0
FAAF9
FAA48
FA99F
FA8FC
FA861
FA7CD
FA740
FA6BA
FA63B
FA5C4
FA554
FA4EB
FA48A
FA430
FA3DD
FA392
FA34E
FA312
FA2DD
FA2B0
FA28A
FA26B
FA255
FA245
FA23E
FA23D
FA245
FA253
FA269
FA286
FA2AB
FA2D7
FA30A
FA344
FA386
FA3CE
FA41E
FA475
FA4D3
FA538
FA5A3
FA616
FA68F
FA70F
FA796
FA823
FA8B6
FA950
FA9EF
FAA95
FAB41
FABF3
FACAB
FAD69
FAE2C
FAEF5
FAFC4
FB098
FB171
FB24F
FB332
FB41A
FB506
FB5F8
FB6ED
FB7E8
FB8E6
FB9E8
FBAEF
FBBF9
FBD07
FBE19
FBF2E
FC046
FC162
FC280
FC3A2
FC4C6
FC5ED
FC716
FC841
FC96F
FCA9E
FCBCF
FCD02
FCE37
FCF6D
FD0A4
FD1DC
FD315
FD44F
FD58A
FD6C5
FD800
FD93C
FDA77
FDBB3
FDCEE
FDE29
FDF63
FE09C
FE1D5
FE30C
FE442
FE577
FE6AA
FE7DC
FE90C
FEA3B
FEB67
FEC91
FEDB9
FEEDE
FF001
FF121
FF23E
FF359
FF470
FF584
FF695
FF7A2
FF8AB
FF9B1
FFAB4
FFBB2
FFCAC
FFDA3
FFE95
FFF83
0006C
00151
00232
0030D
003E4
004B6
00584
0064C
0070F
007CD
00886
00939
009E8
00A91
00B35
00BD3
00C6C
00CFF
00D8D
00E15
00E98
00F14
00F8B
00FFD
01068
010CE
0112E
01189
011DE
0122D
01276
012BA
012F8
01330
01363
01390
013B7
013D9
013F5
0140C
0141D
01428
0142F
01430
0142B
01422
01413
01400
013E7
013CA
013A8
01380
01355
01324
012EF
012B6
01278
01236
011EF
011A5
01157
01105
010B0
01057
00FFA
00F9A
00F37
00ED1
00E67
00DFB
00D8C
00D1A
00CA6
00C30
00BB7
00B3C
00AC0
00A41
009C1
00940
008BD
00839
007B4
0072E
006A7
00620
00598
00510
00488
00400
00378
002F0
00269
001E2
0015C
000D8
00054
FFFD1
FFF50
FFED1
FFE53
FFDD7
FFD5E
FFCE6
FFC71
FFBFE
FFB8E
FFB20
FFAB6
FFA4E
FF9EA
FF989
FF92C
FF8D2
FF87C
FF82A
FF7DD
FF793
FF74E
FF70D
FF6D1
FF69A
FF667
FF639
FF611
FF5ED
FF5CF
FF5B6
FF5A3
FF596
FF58E
FF58C
FF590
FF59A
FF5AA
FF5C1
FF5DD
FF600
FF62A
FF65A
FF690
FF6CD
FF711
FF75C
FF7AD
FF805
FF864
FF8CA
FF937
FF9AC
FFA27
FFAAA
FFB33
FFBC4
FFC5C
FFCFB
FFDA1
FFE4E
FFF03
FFFBF
00082
0014C
0021D
002F5
003D5
004BC
005A9
0069E
0079A
0089D
009A7
00AB8
00BCF
00CED
00E12
00F3D
0106E
011A6
012E5
01429
01574
016C5
0181C
01979
01ADC
01C44
01DB2
01F26
0209F
0221C
0239F
02527
026B4
02846
029DC
02B76
02D15
02EB8
0305F
0320B
033B9
0356C
03722
038DB
03A97
03C56
03E17
03FDC
041A2
0436B
04536
04703
048D2
04AA2
04C73
04E46
05019
051EE
053C3
05598
0576E
05943
05B19
05CEE
05EC3
06097
0626B
0643D
0660E
067DE
069AC
06B78
06D42
06F0A
070D0
07293
07453
07611
077CB
07982
07B35
07CE5
07E91
08038
081DC
0837B
08515
086AA
0883A
089C6
08B4C
08CCC
08E47
08FBC
0912C
09295
093F8
09554
096AA
097FA
09942
09A84
09BBE
09CF2
09E1E
09F42
0A05F
0A174
0A282
0A387
0A485
0A57A
0A668
0A74D
0A829
0A8FD
0A9C9
0AA8C
0AB45
0ABF6
0AC9F
0AD3E
0ADD4
0AE62
0AEE6
0AF62
0AFD4
0B03D
0B09D
0B0F4
0B142
0B187
0B1C2
0B1F4
0B21D
0B23D
0B253
0B260
0B264
0B25F
0B251
0B23A
0B21A
0B1F1
0B1BF
0B185
0B141
0B0F5
0B09F
0B042
0AFDB
0AF6C
0AEF5
0AE75
0ADED
0AD5D
0ACC5
0AC26
0AB7E
0AAD0
0AA19
0A95C
0A897
0A7CB
0A6F8
0A61E
0A53D
0A456
0A368
0A275
0A17B
0A07B
09F76
09E6C
09D5C
09C46
09B2C
09A0E
098EA
097C2
09696
09566
09432
092FA
091BF
09080
08F3F
08DFB
08CB4
08B6B
08A20
088D2
08784
08633
084E2
0838F
0823C
080E8
07F94
07E40
07CEB
07B97
07A44
078F1
077A0
0764F
07500
073B3
07268
0711F
06FD8
06E94
06D52
06C14
06AD9
069A1
0686D
0673D
06611
064E9
063C6
062A8
0618E
0607A
05F6B
05E62
05D5E
05C60
05B69
05A78
0598E
058AA
057CE
056F8
0562A
05563
054A4
053EC
0533C
05294
051F4
0515D
050CE
05048
04FCA
04F56
04EEB
04E88
04E2F
04DDF
04D99
04D5C
04D29
04CFF
04CDF
04CC9
04CBD
04CBB
04CC3
04CD5
04CF1
04D18
04D49
04D85
04DCA
04E1A
04E75
04EDA
04F49
04FC2
05046
050D4
0516C
0520E
052BB
05372
05433
054FE
055D4
056B3
0579D
05890
0598D
05A94
05BA4
05CBD
05DE0
05F0D
06042
06180
062C8
06418
06571
066D2
0683C
069AF
06B29
06CAC
06E36
06FC7
07160
07300
074A7
07655
07809
079C4
07B84
07D4B
07F18
080EA
082C1
0849E
08680
08866
08A50
08C3F
08E31
09027
09221
0941D
0961D
0981F
09A24
09C2A
09E33
0A03D
0A249
0A455
0A663
0A871
0AA7F
0AC8C
0AE9A
0B0A7
0B2B2
0B4BD
0B6C5
0B8CC
0BAD0
0BCD2
0BED1
0C0CD
0C2C6
0C4BB
0C6AC
0C898
0CA81
0CC64
0CE42
0D01B
0D1EE
0D3BB
0D581
0D742
0D8FB
0DAAD
0DC58
0DDFB
0DF97
0E12A
0E2B4
0E436
0E5AF
0E71F
0E885
0E9E2
0EB34
0EC7D
0EDBA
0EEED
0F016
0F132
0F244
0F349
0F443
0F531
0F612
0F6E7
0F7AF
0F86B
0F919
0F9BB
0FA4F
0FAD6
0FB50
0FBBB
0FC19
0FC69
0FCAA
0FCDD
0FD02
0FD18
0FD20
0FD18
0FD02
0FCDE
0FCAA
0FC67
0FC15
0FBB4
0FB44
0FAC4
0FA35
0F996
0F8E8
0F82A
0F75D
0F680
0F593
0F497
0F38C
0F272
0F148
0F00E
0EEC6
0ED6F
0EC08
0EA92
0E90E
0E77A
0E5D8
0E427
0E267
0E099
0DEBC
0DCD1
0DAD9
0D8D2
0D6BE
0D49D
0D26E
0D032
0CDE9
0CB93
0C930
0C6C2
0C446
0C1BF
0BF2C
0BC8D
0B9E3
0B72E
0B46F
0B1A5
0AED0
0ABF2
0A90B
0A61A
0A320
0A01D
09D12
099FE
096E3
093C0
09096
08D65
08A2D
086F0
083AC
08063
07D15
079C2
0766A
0730F
06FAF
06C4C
068E7
0657E
06214
05EA7
05B38
057C9
05459
050E8
04D77
04A07
04697
04329
03FBC
03C51
038E9
03583
03220
02EC1
02B65
0280F
024BC
0216F
01E27
01AE5
017AA
01475
01146
00E20
00B01
007EA
004DC
001D6
FFEDA
FFBE8
FF900
FF622
FF34F
FF087
FEDCA
FEB19
FE875
FE5DC
FE351
FE0D2
FDE61
FDBFE
FD9A8
FD761
FD529
FD300
FD0E6
FCEDB
FCCE1
FCAF7
FC91D
FC754
FC59B
FC3F4
FC25E
FC0D9
FBF66
FBE05
FBCB7
FBB7A
FBA50
FB93A
FB836
FB746
FB669
FB59F
FB4E9
FB447
FB3B9
FB33E
FB2D8
FB285
FB247
FB21D
FB208
FB207
FB21A
FB242
FB27F
FB2D0
FB337
FB3B2
FB442
FB4E6
FB59F
FB66D
FB74F
FB845
FB950
FBA6E
FBBA2
FBCE9
FBE44
FBFB4
FC137
FC2CF
FC47A
FC639
FC80B
FC9F0
FCBE8
FCDF3
FD011
FD241
FD483
FD6D6
FD93C
FDBB3
FDE3C
FE0D5
FE380
FE63B
FE906
FEBE2
FEECD
FF1C7
FF4D1
FF7E9
FFB10
FFE44
00187
004D6
00833
00B9C
00F12
01293
01620
019B8
01D5C
02109
024C1
02882
02C4D
03020
033FB
037DE
03BC9
03FBA
043B3
047B1
04BB5
04FBE
053CD
057DF
05BF6
06010
0642D
0684C
06C6E
07091
074B5
078DA
07CFE
08122
08546
08968
08D88
091A6
095C1
099D9
09DEC
0A1FC
0A607
0AA0D
0AE0D
0B207
0B5FB
0B9E7
0BDCC
0C1A9
0C57D
0C949
0CD0B
0D0C4
0D472
0D815
0DBAE
0DF3A
0E2BB
0E62F
0E996
0ECF0
0F03C
0F37B
0F6AA
0F9CB
0FCDC
0FFDE
102CF
105B0
1087F
10B3E
10DEA
11085
1130D
11582
117E5
11A34
11C70
11E98
120AC
122AB
12496
1266C
1282C
129D8
12B6D
12CEC
12E55
12FA7
130E3
13208
13316
1340D
134ED
135B5
13667
13700
13782
137EB
1383D
13876
13897
1389F
1388F
13866
13825
137CB
1375A
136CF
1362D
13572
1349E
133B3
132AF
13193
13060
12F13
12DAF
12C33
12A9F
128F4
12731
12556
12365
1215D
11F3E
11D08
11ABC
1185A
115E2
11354
110B0
10DF8
10B29
10846
1054E
10242
0FF22
0FBEE
0F8A7
0F54D
0F1E0
0EE62
0EAD1
0E72E
0E37B
0DFB6
0DBE1
0D7FC
0D407
0D003
0CBF0
0C7CE
0C39E
0BF60
0BB15
0B6BE
0B25A
0ADEA
0A96F
0A4E9
0A059
09BBF
0971B
0926E
08DB8
088FB
08435
07F69
07A96
075BC
070DE
06BFA
06712
06225
05D35
05843
0534D
04E56
0495D
04464
03F6A
03A70
03577
03080
02B8A
02696
021A5
01CB7
017CD
012E7
00E06
0092A
00454
FFF85
FFABC
FF5FB
FF142
FEC91
FE7E9
FE34A
FDEB6
FDA2B
FD5AB
FD136
FCCCD
FC870
FC420
FBFDD
FBBA7
FB77F
FB365
FAF5A
FAB5F
FA773
FA397
F9FCC
F9C12
F9868
F94D0
F914A
F8DD6
F8A75
F8726
F83EB
F80C3
F7DAF
F7AB0
F77C5
F74EE
F722E
F6F82
F6CEC
F6A6C
F6802
F65AF
F6371
F614B
F5F3B
F5D42
F5B60
F5995
F57E2
F5647
F54C4
F5358
F5205
F50CB
F4FA8
F4E9E
F4DAC
F4CD3
F4C12
F4B6A
F4AD9
F4A62
F4A03
F49BC
F498E
F4978
F497B
F4997
F49CB
F4A18
F4A7C
F4AF9
F4B8E
F4C3B
F4CFF
F4DDB
F4ECE
F4FD9
F50FA
F5232
F5381
F54E6
F5662
F57F3
F599B
F5B59
F5D2C
F5F14
F6111
F6322
F6547
F6780
F69CD
F6C2D
F6EA0
F7125
F73BD
F7666
F7922
F7BEE
F7ECC
F81BA
F84B8
F87C6
F8AE3
F8E10
F914A
F9492
F97E8
F9B4B
F9EBB
FA237
FA5BF
FA952
FACF0
FB098
FB44B
FB807
FBBCC
FBF99
FC36F
FC74C
FCB30
FCF1B
FD30C
FD703
FDAFE
FDEFF
FE303
FE70B
FEB16
FEF24
FF334
FF745
FFB58
FFF6B
0037E
00791
00BA3
00FB4
013C2
017CE
01BD8
01FDE
023E0
027DE
02BD6
02FCA
033B7
0379E
03B7E
03F57
04328
046F1
04AB2
04E69
05217
055BB
05954
05CE3
06066
063DD
06749
06AA7
06DF9
0713D
07473
0779B
07AB5
07DC0
080BB
083A7
08684
08950
08C0B
08EB6
0914F
093D7
0964D
098B1
09B02
09D40
09F6B
0A184
0A388
0A579
0A756
0A91F
0AAD4
0AC75
0AE01
0AF77
0B0D9
0B226
0B35D
0B47E
0B58A
0B680
0B75F
0B829
0B8DD
0B97A
0BA02
0BA73
0BACE
0BB13
0BB42
0BB5A
0BB5C
0BB48
0BB1D
0BADC
0BA84
0BA16
0B992
0B8F8
0B847
0B781
0B6A5
0B5B3
0B4AC
0B38F
0B25D
0B116
0AFBA
0AE49
0ACC3
0AB29
0A97A
0A7B6
0A5DF
0A3F4
0A1F5
09FE4
09DBF
09B87
0993E
096E2
09474
091F4
08F64
08CC2
08A0F
0874C
08479
08196
07EA3
07BA1
07891
07572
07245
06F0A
06BC2
0686D
0650B
0619E
05E24
05A9F
0570F
05374
04FCF
04C20
04867
044A6
040DB
03D09
0392F
0354D
03164
02D75
02980
02586
02186
01D81
01978
0156B
0115B
00D48
00932
0051A
00100
FFCE5
FF8C9
FF4AC
FF090
FEC74
FE859
FE43F
FE027
FDC11
FD7FE
FD3EE
FCFE1
FCBD8
FC7D3
FC3D3
FBFD9
FBBE3
FB7F3
FB40A
FB027
FAC4B
FA877
FA4AA
FA0E6
F9D2A
F9977
F95CD
F922D
F8E97
F8B0C
F878B
F8415
F80AA
F7D4A
F79F7
F76B0
F7375
F7047
F6D26
F6A12
F670C
F6414
F612A
F5E4E
F5B82
F58C4
F5615
F5376
F50E6
F4E65
F4BF5
F4994
F4744
F4504
F42D4
F40B5
F3EA7
F3CAA
F3ABE
F38E4
F371B
F3563
F33BD
F3229
F30A7
F2F36
F2DD6
F2C89
F2B4D
F2A24
F290C
F2806
F2712
F2631
F2561
F24A4
F23F9
F2360
F22D8
F2263
F21FF
F21AD
F216C
F213D
F2120
F2113
F2118
F212E
F2155
F218D
F21D5
F222F
F2299
F2313
F239E
F2438
F24E3
F259D
F2666
F273F
F2827
F291D
F2A23
F2B37
F2C59
F2D89
F2EC7
F3013
F316D
F32D4
F3447
F35C8
F3754
F38ED
F3A92
F3C42
F3DFD
F3FC4
F4195
F4370
F4556
F4745
F493E
F4B41
F4D4C
F4F61
F517D
F53A2
F55CE
F5802
F5A3D
F5C7F
F5EC7
F6116
F636B
F65C5
F6825
F6A89
F6CF2
F6F60
F71D2
F7447
F76C0
F793D
F7BBB
F7E3D
F80C0
F8346
F85CD
F8855
F8ADE
F8D68
F8FF2
F927C
F9505
F978E
F9A16
F9C9C
F9F21
FA1A5
FA426
FA6A5
FA922
FAB9C
FAE12
FB086
FB2F6
FB562
FB7CA
FBA2D
FBC8C
FBEE6
FC13B
FC38B
FC5D5
FC819
FCA58
FCC91
FCEC3
FD0EE
FD313
FD531
FD748
FD958
FDB60
FDD60
FDF59
FE149
FE331
FE511
FE6E8
FE8B7
FEA7D
FEC3A
FEDEE
FEF9A
FF13C
FF2D5
FF465
FF5EB
FF767
FF8DA
FFA44
FFBA3
FFCF8
FFE44
FFF86
000BD
001EB
0030E
00428
00537
0063C
00738
00829
0090F
009EC
00ABF
00B87
00C45
00CF8
00DA2
00E41
00ED7
00F62
00FE4
0105B
010C9
0112D
01188
011D9
01220
0125E
01292
012BD
012DF
012F8
01307
0130E
0130B
01301
012ED
012D1
012AD
01280
0124C
0120F
011CB
0117F
0112B
010D0
0106E
01004
00F93
00F1C
00E9D
00E18
00D8D
00CFB
00C64
00BC6
00B22
00A79
009CA
00916
0085D
0079F
006DC
00614
00547
00477
003A2
002C8
001EB
0010B
00026
FFF3E
FFE53
FFD65
FFC74
FFB80
FFA8A
FF991
FF896
FF799
FF69A
FF598
FF496
FF391
FF28B
FF184
FF07C
FEF72
FEE68
FED5D
FEC51
FEB45
FEA38
FE92B
FE81E
FE711
FE604
FE4F7
FE3EB
FE2DF
FE1D3
FE0C8
FDFBE
FDEB5
FDDAC
FDCA5
FDB9E
FDA99
FD995
FD892
FD791
FD692
FD594
FD498
FD39D
FD2A4
FD1AD
FD0B8
FCFC5
FCED3
FCDE4
FCCF6
FCC0A
FCB21
FCA3A
FC955
FC872
FC791
FC6B2
FC5D6
FC4FC
FC424
FC34E
FC27B
FC1A9
FC0DA
FC00D
FBF42
FBE79
FBDB3
FBCEF
FBC2C
FBB6C
FBAAE
FB9F3
FB939
FB881
FB7CB
FB717
FB665
FB5B5
FB506
FB459
FB3AE
FB304
FB25C
FB1B6
FB110
FB06D
FAFCB
FAF2A
FAE8A
FADEB
FAD4E
FACB1
FAC16
FAB7B
FAAE1
FAA48
FA9B0
FA918
FA881
FA7EA
FA754
FA6BE
FA628
FA592
FA4FD
FA467
FA3D2
FA33D
FA2A7
FA211
FA17B
FA0E5
FA04F
F9FB7
F9F20
F9E88
F9DEF
F9D55
F9CBB
F9C20
F9B84
F9AE7
F9A4A
F99AB
F990B
F986A
F97C8
F9725
F9681
F95DB
F9534
F948B
F93E1
F9336
F9289
F91DB
F912B
F907A
F8FC7
F8F13
F8E5D
F8DA6
F8CEE
F8C34
F8B78
F8ABC
F89FD
F893E
F887D
F87BA
F86F6
F8631
F856A
F84A3
F83DA
F8310
F8244
F8178
F80AB
F7FDD
F7F0E
F7E3E
F7D6D
F7C9B
F7BC9
F7AF6
F7A22
F794E
F7879
F77A4
F76CF
F75FA
F7525
F7451
F737C
F72A8
F71D4
F7101
F702F
F6F5D
F6E8D
F6DBD
F6CEF
F6C22
F6B56
F6A8C
F69C4
F68FE
F6839
F6777
F66B7
F65F9
F653E
F6486
F63D0
F631D
F626E
F61C1
F6118
F6073
F5FD1
F5F33
F5E99
F5E04
F5D73
F5CE6
F5C5F
F5BDC
F5B5E
F5AE6
F5A73
F5A06
F599F
F593E
F58E2
F588E
F583F
F57F7
F57B7
F577D
F574A
F571E
F56FA
F56DD
F56C8
F56BB
F56B7
F56BA
F56C5
F56DA
F56F6
F571C
F574A
F5782
F57C2
F580C
F5860
F58BD
F5923
F5994
F5A0E
F5A93
F5B22
F5BBB
F5C5E
F5D0C
F5DC5
F5E89
F5F57
F6030
F6114
F6203
F62FD
F6402
F6513
F662E
F6755
F6887
F69C5
F6B0E
F6C62
F6DC2
F6F2E
F70A5
F7227
F73B5
F754F
F76F4
F78A4
F7A60
F7C28
F7DFA
F7FD9
F81C2
F83B7
F85B7
F87C2
F89D9
F8BFB
F8E28
F9060
F92A3
F94F0
F9748
F99AB
F9C18
F9E8F
FA111
FA39C
FA632
FA8D1
FAB7A
FAE2D
FB0E9
FB3AE
FB67D
FB954
FBC34
FBF1D
FC20D
FC506
FC807
FCB0F
FCE1F
FD136
FD454
FD779
FDAA4
FDDD6
FE10E
FE44C
FE78F
FEAD8
FEE26
FF179
FF4D1
FF82C
FFB8C
FFEEF
00256
005C0
0092D
00C9C
0100E
01382
016F7
01A6E
01DE7
0215F
024D9
02852
02BCC
02F44
032BC
03633
039A8
03D1B
0408C
043FB
04767
04ACF
04E34
05195
054F2
0584B
05B9F
05EED
06236
06579
068B6
06BED
06F1C
07245
07566
0787F
07B90
07E99
08199
0848F
0877C
08A60
08D39
09008
092CD
09586
09834
09AD7
09D6E
09FF8
0A276
0A4E7
0A74B
0A9A2
0ABEB
0AE26
0B052
0B271
0B480
0B681
0B873
0BA55
0BC28
0BDEB
0BF9E
0C141
0C2D4
0C455
0C5C6
0C726
0C874
0C9B1
0CADC
0CBF6
0CCFD
0CDF3
0CED6
0CFA7
0D066
0D112
0D1AC
0D232
0D2A6
0D307
0D354
0D38F
0D3B5
0D3C9
0D3C9
0D3B5
0D38E
0D353
0D305
0D2A4
0D22F
0D1A7
0D10B
0D05C
0CF9A
0CEC4
0CDDB
0CCDE
0CBCE
0CAAA
0C974
0C82A
0C6CE
0C55F
0C3DD
0C249
0C0A2
0BEE9
0BD1F
0BB42
0B953
0B753
0B541
0B31D
0B0E9
0AEA3
0AC4C
0A9E5
0A76E
0A4E7
0A250
09FA9
09CF4
09A2F
0975C
0947A
0918A
08E8C
08B80
08868
08542
0820F
07ECF
07B84
0782D
074CB
0715D
06DE5
06A63
066D7
06341
05FA2
05BFA
0584A
05491
050D0
04D09
0493A
04564
04188
03DA7
039C0
035D4
031E3
02DEF
029F6
025FB
021FC
01DFB
019F8
015F4
011EE
00DE7
009E0
005DA
001D3
FFDCE
FF9CA
FF5C7
FF1C7
FEDCA
FE9D0
FE5D9
FE1E6
FDDF8
FDA0E
FD62A
FD24B
FCE73
FCAA0
FC6D5
FC311
FBF55
FBBA1
FB7F6
FB453
FB0B9
FAD29
FA9A4
FA628
FA2B8
F9F53
F9BF9
F98AC
F956B
F9236
F8F0F
F8BF5
F88E9
F85EB
F82FB
F801A
F7D48
F7A85
F77D1
F752E
F729B
F7018
F6DA7
F6B46
F68F7
F66BA
F648F
F6276
F606F
F5E7A
F5C99
F5ACA
F590E
F5766
F55D1
F5450
F52E3
F518A
F5045
F4F15
F4DF9
F4CF2
F4C00
F4B23
F4A5A
F49A7
F4909
F4880
F480C
F47AD
F4764
F4730
F4711
F4708
F4715
F4737
F476F
F47BD
F4820
F4899
F4927
F49CA
F4A83
F4B50
F4C33
F4D2B
F4E37
F4F58
F508E
F51D9
F5338
F54AC
F5634
F57D0
F5980
F5B43
F5D1A
F5F05
F6102
F6313
F6536
F676C
F69B3
F6C0D
F6E79
F70F6
F7385
F7624
F78D5
F7B96
F7E68
F814A
F843B
F873C
F8A4C
F8D6A
F9097
F93D2
F971A
F9A70
F9DD3
FA143
FA4BF
FA847
FABDB
FAF7B
FB325
FB6DA
FBA9A
FBE63
FC236
FC611
FC9F6
FCDE2
FD1D7
FD5D3
FD9D6
FDDE0
FE1F1
FE607
FEA23
FEE44
FF26A
FF694
FFAC3
FFEF4
00329
00761
00B9A
00FD6
01413
01851
01C90
020CF
0250E
0294C
02D89
031C5
035FF
03A37
03E6C
0429F
046CD
04AF9
04F20
05342
05760
05B78
05F8A
06397
0679D
06B9C
06F94
07384
0776C
07B4C
07F24
082F2
086B8
08A74
08E26
091CE
0956B
098FD
09C85
0A001
0A371
0A6D5
0AA2C
0AD77
0B0B5
0B3E6
0B70A
0BA1F
0BD28
0C022
0C30D
0C5EB
0C8B9
0CB79
0CE29
0D0CA
0D35B
0D5DC
0D84D
0DAAE
0DCFF
0DF3F
0E16F
0E38E
0E59C
0E799
0E986
0EB61
0ED2B
0EEE4
0F08B
0F221
0F3A5
0F517
0F678
0F7C7
0F903
0FA2F
0FB48
0FC4F
0FD45
0FE28
0FEFA
0FFBA
10068
10105
1018F
10208
1026F
102C4
10307
10338
10358
10366
10363
1034F
1032A
102F4
102AC
10254
101EC
10173
100E9
10050
0FFA6
0FEEC
0FE22
0FD49
0FC60
0FB67
0FA60
0F949
0F824
0F6F1
0F5AF
0F45F
0F301
0F195
0F01C
0EE96
0ED02
0EB61
0E9B4
0E7FA
0E634
0E463
0E285
0E09C
0DEA8
0DCA9
0DA9F
0D88B
0D66E
0D446
0D215
0CFDA
0CD96
0CB4A
0C8F6
0C699
0C434
0C1C7
0BF54
0BCD9
0BA57
0B7CF
0B540
0B2AC
0B012
0AD72
0AACD
0A823
0A575
0A2C2
0A00B
09D51
09A93
097D1
0950D
09246
08F7C
08CB0
089E3
08713
08443
08171
07E9F
07BCC
078F8
07625
07352
07080
06DAE
06ADD
0680E
06540
06273
05FA8
05CE0
05A19
05755
05494
051D6
04F1B
04C63
049AF
046FE
04452
041AA
03F06
03C66
039CB
03735
034A4
03218
02F92
02D11
02A95
0281F
025B0
02346
020E3
01E86
01C2F
019E0
01797
01555
01319
010E5
00EB8
00C92
00A73
0085C
0064C
00444
00243
0004A
FFE58
FFC6F
FFA8D
FF8B4
FF6E2
FF518
FF357
FF19D
FEFEB
FEE41
FEC9F
FEB06
FE974
FE7EA
FE669
FE4F0
FE37E
FE215
FE0B4
FDF5C
FDE0B
FDCC2
FDB81
FDA48
FD917
FD7ED
FD6CC
FD5B2
FD49F
FD395
FD292
FD196
FD0A2
FCFB6
FCED0
FCDF2
FCD1C
FCC4C
FCB83
FCAC1
FCA06
FC952
FC8A4
FC7FD
FC75C
FC6C1
FC62D
FC59F
FC517
FC495
FC418
FC3A2
FC331
FC2C5
FC25F
FC1FF
FC1A3
FC14D
FC0FB
FC0AF
FC067
FC024
FBFE5
FBFAB
FBF75
FBF44
FBF17
FBEED
FBEC8
FBEA6
FBE88
FBE6D
FBE56
FBE42
FBE31
FBE23
FBE19
FBE11
FBE0C
FBE09
FBE09
FBE0B
FBE10
FBE16
FBE1F
FBE2A
FBE37
FBE45
FBE55
FBE67
FBE7B
FBE90
FBEA6
FBEBE
FBED6
FBEF0
FBF0B
FBF27
FBF44
FBF61
FBF7F
FBF9E
FBFBE
FBFDE
FBFFE
FC01F
FC041
FC062
FC084
FC0A6
FC0C7
FC0E9
FC10B
FC12D
FC14F
FC170
FC191
FC1B2
FC1D3
FC1F3
FC213
FC233
FC253
FC272
FC291
FC2AF
FC2CD
FC2EB
FC308
FC324
FC340
FC35C
FC377
FC392
FC3AC
FC3C6
FC3DF
FC3F8
FC411
FC429
FC441
FC458
FC46F
FC486
FC49C
FC4B3
FC4C8
FC4DE
FC4F3
FC508
FC51D
FC532
FC547
FC55C
FC571
FC586
FC59C
FC5B1
FC5C7
FC5DD
FC5F3
FC60A
FC621
FC639
FC652
FC66B
FC684
FC69F
FC6BA
FC6D6
FC6F3
FC712
FC731
FC751
FC773
FC796
FC7BA
FC7DF
FC806
FC82F
FC859
FC885
FC8B2
FC8E1
FC912
FC945
FC97A
FC9B1
FC9EA
FCA24
FCA62
FCAA1
FCAE2
FCB26
FCB6D
FCBB6
FCC01
FCC4F
FCC9F
FCCF2
FCD48
FCDA1
FCDFC
FCE5B
FCEBC
FCF20
FCF88
FCFF2
FD060
FD0D1
FD145
FD1BC
FD237
FD2B4
FD336
FD3BA
FD443
FD4CE
FD55D
FD5F0
FD686
FD71F
FD7BD
FD85E
FD902
FD9AB
FDA57
FDB07
FDBBA
FDC72
FDD2D
FDDEB
FDEAE
FDF74
FE03F
FE10D
FE1DF
FE2B4
FE38E
FE46B
FE54C
FE632
FE71A
FE807
FE8F8
FE9EC
FEAE4
FEBE0
FECE0
FEDE3
FEEEA
FEFF4
FF102
FF213
FF329
FF441
FF55D
FF67D
FF79F
FF8C6
FF9EF
FFB1C
FFC4C
FFD7F
FFEB5
FFFEF
0012B
0026A
003AC
004F2
00639
00784
008D2
00A22
00B74
00CCA
00E21
00F7C
010D8
01237
01398
014FB
01660
017C8
01931
01A9C
01C09
01D78
01EE9
0205B
021CE
02344
024BA
02632
027AC
02926
02AA2
02C1F
02D9C
02F1B
0309B
0321B
0339C
0351D
036A0
03822
039A5
03B29
03CAD
03E31
03FB5
04139
042BD
04441
045C6
04749
048CD
04A51
04BD4
04D56
04ED8
0505A
051DA
0535B
054DA
05658
057D6
05953
05ACF
05C4A
05DC3
05F3C
060B3
06229
0639E
06511
06683
067F4
06962
06AD0
06C3B
06DA5
06F0E
07074
071D9
0733C
0749D
075FC
07759
078B5
07A0E
07B65
07CBA
07E0D
07F5D
080AB
081F8
08342
08489
085CE
08711
08852
08990
08ACC
08C05
08D3C
08E70
08FA2
090D1
091FE
09328
0944F
09574
09696
097B6
098D3
099ED
09B05
09C1A
09D2C
09E3B
09F48
0A052
0A15A
0A25E
0A360
0A45F
0A55B
0A654
0A74B
0A83F
0A930
0AA1E
0AB0A
0ABF3
0ACD9
0ADBC
0AE9C
0AF7A
0B055
0B12D
0B202
0B2D4
0B3A4
0B470
0B53A
0B601
0B6C5
0B786
0B844
0B900
0B9B8
0BA6E
0BB20
0BBD0
0BC7C
0BD26
0BDCC
0BE6F
0BF10
0BFAD
0C048
0C0DF
0C173
0C204
0C292
0C31C
0C3A4
0C428
0C4AA
0C528
0C5A2
0C61A
0C68E
0C6FF
0C76D
0C7D8
0C83F
0C8A2
0C902
0C95F
0C9B8
0CA0D
0CA5F
0CAAD
0CAF7
0CB3D
0CB80
0CBBF
0CBFA
0CC31
0CC64
0CC93
0CCBD
0CCE4
0CD07
0CD25
0CD3F
0CD55
0CD66
0CD74
0CD7C
0CD80
0CD80
0CD7B
0CD72
0CD64
0CD51
0CD39
0CD1D
0CCFB
0CCD5
0CCA9
0CC78
0CC42
0CC07
0CBC6
0CB80
0CB34
0CAE3
0CA8C
0CA2F
0C9CC
0C964
0C8F6
0C881
0C807
0C787
0C700
0C673
0C5E0
0C547
0C4A7
0C401
0C354
0C2A1
0C1E7
0C126
0C05F
0BF91
0BEBC
0BDE0
0BCFD
0BC13
0BB22
0BA2A
0B92A
0B823
0B715
0B5FF
0B4E2
0B3BD
0B290
0B15C
0B020
0AEDC
0AD90
0AC3D
0AAE1
0A97E
0A813
0A6A0
0A524
0A3A1
0A216
0A083
09EE8
09D44
09B99
099E5
09829
09665
09499
092C5
090E8
08F04
08D17
08B22
08925
08721
08514
082FE
080E1
07EBC
07C8F
07A59
0781C
075D7
0738A
07135
06ED9
06C75
06A09
06796
0651B
06299
06010
05D7F
05AE8
05849
055A3
052F6
05043
04D88
04AC7
04800
04532
0425E
03F84
03CA4
039BE
036D3
033E2
030EB
02DEF
02AEE
027E7
024DC
021CC
01EB7
01B9E
01880
0155F
01239
00F10
00BE3
008B3
0057F
00249
FFF10
FFBD4
FF895
FF554
FF212
FEECD
FEB87
FE83F
FE4F6
FE1AC
FDE61
FDB16
FD7CB
FD47F
FD134
FCDEA
FCAA0
FC757
FC40F
FC0C9
FBD84
FBA41
FB700
FB3C2
FB087
FAD4E
FAA18
FA6E6
FA3B8
FA08E
F9D67
F9A46
F9729
F9411
F90FE
F8DF0
F8AE9
F87E7
F84EC
F81F7
F7F09
F7C22
F7942
F766A
F739A
F70D3
F6E13
F6B5C
F68AF
F660A
F636F
F60DE
F5E57
F5BDA
F5968
F5700
F54A3
F5252
F500C
F4DD1
F4BA3
F4981
F476B
F4561
F4365
F4175
F3F93
F3DBE
F3BF7
F3A3E
F3893
F36F7
F3568
F33E9
F3278
F3116
F2FC4
F2E81
F2D4D
F2C2A
F2B16
F2A12
F291F
F283C
F276A
F26A9
F25F8
F2559
F24CA
F244D
F23E1
F2386
F233C
F2304
F22DE
F22C9
F22C6
F22D5
F22F6
F2329
F236E
F23C5
F242E
F24A9
F2536
F25D5
F2687
F274A
F2820
F2907
F2A01
F2B0D
F2C2B
F2D5A
F2E9C
F2FF0
F3156
F32CE
F3458
F35F3
F37A0
F395E
F3B2E
F3D0E
F3F00
F4103
F4316
F453A
F476F
F49B4
F4C09
F4E6F
F50E4
F536A
F55FF
F58A3
F5B56
F5E18
F60E9
F63C9
F66B6
F69B2
F6CBB
F6FD2
F72F6
F7627
F7965
F7CAF
F8006
F8369
F86D8
F8A52
F8DD7
F9167
F9501
F98A6
F9C54
FA00C
FA3CC
FA796
FAB68
FAF42
FB324
FB70E
FBAFF
FBEF6
FC2F4
FC6F8
FCB02
FCF11
FD324
FD73D
FDB59
FDF79
FE39C
FE7C3
FEBEC
FF017
FF443
FF872
FFCA1
000D1
00501
00931
00D60
0118E
015BB
019E5
01E0E
02234
02657
02A76
02E91
032A8
036BB
03AC8
03ED0
042D2
046CD
04AC2
04EAF
05295
05673
05A49
05E16
061DA
06595
06945
06CEB
07087
07417
0779C
07B15
07E82
081E2
08536
0887C
08BB4
08EDF
091FC
09509
09809
09AF9
09DD9
0A0A9
0A36A
0A61A
0A8B9
0AB46
0ADC3
0B02E
0B286
0B4CD
0B701
0B923
0BB32
0BD2E
0BF16
0C0EB
0C2AB
0C458
0C5F0
0C774
0C8E3
0CA3D
0CB82
0CCB1
0CDCB
0CED0
0CFBF
0D098
0D15B
0D209
0D2A0
0D321
0D38C
0D3E1
0D41F
0D446
0D457
0D451
0D434
0D400
0D3B6
0D355
0D2DD
0D24E
0D1A9
0D0ED
0D01B
0CF32
0CE32
0CD1C
0CBEF
0CAAC
0C952
0C7E2
0C65B
0C4BE
0C30B
0C143
0BF64
0BD71
0BB68
0B949
0B716
0B4CE
0B272
0B000
0AD7B
0AAE1
0A834
0A573
0A29E
09FB6
09CBB
099AD
0968D
0935A
09016
08CC1
0895A
085E2
0825A
07EC1
07B18
0775F
07396
06FBE
06BD8
067E3
063DF
05FCE
05BB0
05784
0534C
04F08
04AB8
0465C
041F6
03D84
03908
03483
02FF4
02B5B
026BA
02211
01D5F
018A6
013E7
00F20
00A54
00581
000AA
FFBCD
FF6EC
FF208
FED1F
FE834
FE345
FDE55
FD963
FD46F
FCF7A
FCA85
FC590
FC09B
FBBA7
FB6B4
FB1C3
FACD4
FA7E8
FA2FE
F9E18
F9936
F9459
F8F80
F8AAC
F85DE
F8116
F7C54
F7799
F72E6
F6E3A
F6996
F64FB
F6068
F5BDF
F5760
F52EA
F4E7F
F4A1F
F45CB
F4182
F3D45
F3915
F34F1
F30DA
F2CD1
F28D5
F24E7
F2108
F1D37
F1975
F15C2
F121F
F0E8C
F0B09
F0797
F0436
F00E5
EFDA6
EFA79
EF75D
EF453
EF15C
EEE76
EEBA4
EE8E4
EE638
EE39F
EE119
EDEA7
EDC49
EDA00
ED7CA
ED5A9
ED39D
ED1A5
ECFC2
ECDF4
ECC3B
ECA96
EC907
EC78D
EC628
EC4D8
EC39E
EC279
EC16A
EC070
EBF8C
EBEBE
EBE05
EBD62
EBCD5
EBC5D
EBBFA
EBBAD
EBB76
EBB53
EBB47
EBB4F
EBB6D
EBBA0
EBBE9
EBC47
EBCBA
EBD42
EBDDE
EBE90
EBF56
EC030
EC11E
EC220
EC336
EC460
EC59D
EC6EE
EC852
EC9C9
ECB52
ECCEF
ECE9D
ED05E
ED231
ED416
ED60C
ED814
EDA2C
EDC55
EDE8F
EE0D8
EE332
EE59C
EE815
EEA9D
EED35
EEFDB
EF28F
EF552
EF822
EFB00
EFDEC
F00E3
F03E8
F06F8
F0A15
F0D3D
F1070
F13AD
F16F6
F1A48
F1DA5
F210B
F247A
F27F2
F2B72
F2EFB
F328C
F3623
F39C3
F3D68
F4115
F44C7
F487F
F4C3D
F5000
F53C7
F5793
F5B63
F5F36
F630D
F66E7
F6AC4
F6EA2
F7283
F7666
F7A4A
F7E2E
F8214
F85F9
F89DF
F8DC4
F91A8
F958B
F996C
F9D4C
FA12A
FA506
FA8DE
FACB4
FB087
FB456
FB821
FBBE8
FBFAB
FC369
FC722
FCAD6
FCE85
FD22D
FD5D0
FD96C
FDD01
FE090
FE417
FE798
FEB10
FEE82
FF1EB
FF54C
FF8A5
FFBF5
FFF3C
0027B
005B0
008DB
00BFD
00F15
01223
01527
01821
01B10
01DF5
020CF
0239E
02662
0291C
02BC9
02E6C
03103
0338F
0360E
03882
03AEA
03D46
03F96
041D9
04411
0463D
0485C
04A6F
04C76
04E70
0505E
05240
05416
055DE
0579B
0594B
05AEE
05C85
05E10
05F8E
06100
06265
063BF
0650C
0664D
06782
068AB
069C9
06ADA
06BDF
06CD9
06DC7
06EA9
06F80
0704B
0710B
071C0
0726A
07309
0739E
07428
074A7
0751D
07588
075E9
07640
0768D
076D1
0770B
0773C
07764
07783
07799
077A7
077AC
077A9
0779E
0778B
07770
0774D
07724
076F3
076BB
0767C
07637
075EB
07599
07541
074E3
07480
07417
073A9
07337
072BF
07243
071C3
0713E
070B6
0702A
06F9B
06F08
06E73
06DDA
06D3F
06CA2
06C02
06B60
06ABD
06A18
06971
068C9
06821
06777
066CD
06623
06578
064CD
06423
06379
062D0
06227
0617F
060D9
06034
05F90
05EEE
05E4E
05DB0
05D15
05C7C
05BE5
05B52
05AC1
05A34
059AA
05923
058A0
05820
057A4
0572D
056B9
0564A
055DF
05579
05517
054BA
05462
0540F
053C2
05379
05336
052F9
052C1
0528E
05261
0523A
05219
051FE
051E9
051DA
051D1
051CF
051D3
051DD
051EE
05205
05223
05247
05272
052A4
052DC
0531B
05360
053AC
053FE
05458
054B8
0551E
0558C
05600
0567B
056FC
05784
05812
058A8
05943
059E5
05A8D
05B3C
05BF1
05CAC
05D6D
05E35
05F03
05FD6
060B0
06190
06275
06360
06451
06547
06643
06744
0684A
06956
06A66
06B7C
06C96
06DB5
06ED9
07001
0712E
0725F
07394
074CE
0760B
0774C
07890
079D8
07B24
07C73
07DC4
07F19
08071
081CB
08328
08487
085E8
0874C
088B1
08A18
08B81
08CEB
08E57
08FC3
09131
0929F
0940E
0957D
096EC
0985C
099CB
09B3B
09CA9
09E17
09F85
0A0F1
0A25D
0A3C7
0A52F
0A696
0A7FB
0A95E
0AABF
0AC1E
0AD7A
0AED3
0B02A
0B17D
0B2CE
0B41B
0B564
0B6AA
0B7EC
0B92A
0BA63
0BB98
0BCC9
0BDF5
0BF1C
0C03E
0C15B
0C273
0C384
0C491
0C597
0C697
0C792
0C885
0C973
0CA5A
0CB3A
0CC13
0CCE6
0CDB1
0CE75
0CF32
0CFE7
0D095
0D13B
0D1D9
0D26F
0D2FC
0D382
0D3FF
0D473
0D4E0
0D543
0D59D
0D5EF
0D638
0D677
0D6AD
0D6DA
0D6FE
0D717
0D728
0D72E
0D72B
0D71D
0D706
0D6E5
0D6B9
0D684
0D644
0D5FB
0D5A7
0D549
0D4E0
0D46D
0D3F0
0D368
0D2D5
0D238
0D191
0D0DE
0D021
0CF5A
0CE87
0CDAB
0CCC3
0CBD0
0CAD3
0C9CB
0C8B9
0C79B
0C673
0C540
0C402
0C2B9
0C166
0C007
0BE9E
0BD2B
0BBAC
0BA24
0B890
0B6F2
0B54A
0B397
0B1DB
0B013
0AE42
0AC66
0AA81
0A891
0A697
0A494
0A286
0A06F
09E4E
09C24
099F0
097B3
0956D
0931D
090C5
08E63
08BF8
08985
08709
08484
081F7
07F61
07CC3
07A1E
07770
074BA
071FD
06F38
06C6C
06998
066BE
063DD
060F4
05E06
05B10
05815
05513
0520B
04EFD
04BEA
048D1
045B3
0428F
03F67
03C39
03907
035D1
03296
02F57
02C14
028CD
02582
02234
01EE3
01B8E
01837
014DD
01180
00E21
00AC0
0075D
003F8
00092
FFD2A
FF9C2
FF658
FF2ED
FEF82
FEC17
FE8AB
FE540
FE1D5
FDE6A
FDB00
FD796
FD42E
FD0C8
FCD62
FC9FF
FC69D
FC33E
FBFE0
FBC86
FB92E
FB5D9
FB287
FAF39
FABEE
FA8A7
FA564
FA225
F9EEB
F9BB5
F9884
F9557
F9230
F8F0F
F8BF2
F88DC
F85CC
F82C1
F7FBE
F7CC0
F79CA
F76DA
F73F1
F7110
F6E36
F6B64
F689A
F65D8
F631E
F606C
F5DC3
F5B23
F588C
F55FE
F5379
F50FE
F4E8D
F4C25
F49C7
F4773
F4529
F42E9
F40B4
F3E8A
F3C6A
F3A56
F384C
F364E
F345A
F3273
F3097
F2EC6
F2D02
F2B49
F299C
F27FC
F2667
F24DF
F2364
F21F5
F2093
F1F3D
F1DF5
F1CBA
F1B8B
F1A6A
F1956
F1850
F1757
F166B
F158D
F14BC
F13F8
F1342
F129A
F11FF
F1172
F10F3
F1081
F101D
F0FC7
F0F7F
F0F45
F0F18
F0EFA
F0EE9
F0EE6
F0EF0
F0F09
F0F2F
F0F63
F0FA5
F0FF4
F1052
F10BD
F1136
F11BC
F1251
F12F3
F13A2
F145F
F1529
F1600
F16E5
F17D6
F18D5
F19E0
F1AF9
F1C1E
F1D4F
F1E8E
F1FD8
F212F
F2293
F2402
F257E
F2705
F2898
F2A37
F2BE1
F2D97
F2F57
F3123
F32F9
F34DB
F36C7
F38BD
F3ABE
F3CC9
F3EDE
F40FD
F4326
F4558
F4793
F49D7
F4C24
F4E7A
F50D8
F533F
F55AD
F5824
F5AA2
F5D27
F5FB4
F6248
F64E3
F6784
F6A2C
F6CD9
F6F8D
F7247
F7506
F77CA
F7A93
F7D61
F8033
F830A
F85E5
F88C4
F8BA6
F8E8C
F9175
F9461
F9750
F9A40
F9D34
FA029
FA31F
FA617
FA911
FAC0B
FAF05
FB201
FB4FC
FB7F7
FBAF2
FBDEC
FC0E6
FC3DE
FC6D5
FC9CB
FCCBE
FCFB0
FD29F
FD58C
FD876
FDB5C
FDE40
FE120
FE3FC
FE6D4
FE9A8
FEC77
FEF41
FF207
FF4C7
FF782
FFA37
FFCE7
FFF90
00233
004D0
00766
009F5
00C7C
00EFD
01176
013E7
01650
018B0
01B09
01D59
01FA0
021DE
02413
0263F
02862
02A7B
02C8A
02E90
0308B
0327C
03462
0363E
0380F
039D5
03B91
03D41
03EE6
0407F
0420E
04390
04507
04673
047D2
04926
04A6D
04BA8
04CD8
04DFA
04F11
0501A
05118
05208
052ED
053C4
0548F
0554D
055FF
056A3
0573B
057C7
05845
058B6
0591B
05973
059BD
059FB
05A2C
05A50
05A67
05A72
05A70
05A61
05A46
05A1E
059EA
059A9
0595C
05903
0589E
0582C
057AE
05724
0568E
055EC
0553F
05486
053C1
052F2
05217
05131
05040
04F44
04E3E
04D2D
04C12
04AEC
049BC
04882
0473E
045F1
0449A
0433A
041D1
0405F
03EE4
03D60
03BD4
03A40
038A4
03701
03555
033A2
031E8
03027
02E5F
02C90
02ABB
028E0
026FF
02519
0232C
0213B
01F44
01D49
01B49
01945
0173C
01530
01320
0110C
00EF5
00CDC
00ABF
008A0
0067E
0045B
00236
0000F
FFDE6
FFBBD
FF993
FF768
FF53C
FF310
FF0E5
FEEBA
FEC8F
FEA65
FE83C
FE614
FE3ED
FE1C8
FDFA5
FDD84
FDB66
FD949
FD730
FD51A
FD307
FD0F7
FCEEB
FCCE3
FCADF
FC8DF
FC6E4
FC4ED
FC2FB
FC10E
FBF26
FBD44
FBB67
FB990
FB7BF
FB5F4
FB42F
FB271
FB0B9
FAF08
FAD5E
FABBC
FAA20
FA88C
FA6FF
FA57A
FA3FC
FA287
FA119
F9FB4
F9E57
F9D02
F9BB6
F9A72
F9937
F9805
F96DC
F95BC
F94A5
F9397
F9292
F9196
F90A3
F8FBA
F8EDB
F8E04
F8D37
F8C74
F8BBB
F8B0B
F8A64
F89C8
F8935
F88AC
F882D
F87B7
F874B
F86E9
F8691
F8642
F85FC
F85C1
F858F
F8566
F8548
F8532
F8527
F8525
F852C
F853D
F8557
F857A
F85A6
F85DC
F861A
F8661
F86B1
F870A
F876B
F87D5
F8848
F88C3
F8946
F89D1
F8A65
F8B00
F8BA4
F8C4F
F8D01
F8DBB
F8E7D
F8F45
F9015
F90EB
F91C8
F92AC
F9397
F9488
F957F
F967C
F9780
F9889
F9998
F9AAC
F9BC5
F9CE4
F9E08
F9F30
FA05E
FA18F
FA2C5
FA400
FA53E
FA680
FA7C6
FA910
FAA5D
FABAD
FAD00
FAE56
FAFAE
FB10A
FB267
FB3C7
FB529
FB68D
FB7F2
FB95A
FBAC2
FBC2C
FBD97
FBF02
FC06F
FC1DC
FC349
FC4B7
FC625
FC793
FC901
FCA6F
FCBDC
FCD49
FCEB4
FD01F
FD189
FD2F2
FD45A
FD5C0
FD724
FD887
FD9E8
FDB47
FDCA5
FDE00
FDF59
FE0B0
FE204
FE356
FE4A6
FE5F2
FE73C
FE883
FE9C7
FEB08
FEC46
FED81
FEEB8
FEFED
FF11E
FF24B
FF375
FF49C
FF5BF
FF6DF
FF7FA
FF913
FFA27
FFB38
FFC45
FFD4D
FFE53
FFF54
00051
0014B
00241
00333
00421
0050C
005F2
006D5
007B5
00890
00968
00A3C
00B0D
00BD9
00CA3
00D68
00E2A
00EE9
00FA5
0105D
01112
011C4
01272
0131E
013C7
0146C
0150F
015B0
0164D
016E8
01780
01816
018A9
0193B
019CA
01A57
01AE3
01B6D
01BF5
01C7B
01D00
01D84
01E06
01E88
01F08
01F88
02006
02085
02102
0217F
021FC
02279
022F6
02373
023F0
0246E
024EC
0256B
025EB
0266B
026ED
0276F
027F3
02879
028FF
02988
02A12
02A9E
02B2C
02BBD
02C4F
02CE4
02D7B
02E15
02EB2
02F52
02FF4
0309A
03143
031EF
0329E
03351
03407
034C1
0357F
03641
03707
037D0
0389E
03970
03A46
03B21
03C00
03CE4
03DCC
03EB9
03FAB
040A1
0419C
0429C
043A0
044AA
045B8
046CB
047E3
04901
04A23
04B4A
04C77
04DA8
04EDF
0501A
0515B
052A1
053EB
0553B
05690
057E9
05948
05AAB
05C13
05D80
05EF2
06068
061E4
06364
064E8
06671
067FF
06990
06B26
06CC0
06E5E
06FFF
071A5
0734E
074FA
076AA
0785E
07A14
07BCE
07D8A
07F4A
0810C
082D0
08497
08660
0882B
089F8
08BC7
08D97
08F68
0913B
0930F
094E4
096BA
09890
09A66
09C3D
09E14
09FEA
0A1C0
0A395
0A56A
0A73D
0A90F
0AADF
0ACAE
0AE7A
0B045
0B20D
0B3D2
0B594
0B753
0B90F
0BAC8
0BC7D
0BE2D
0BFDA
0C182
0C325
0C4C4
0C65D
0C7F1
0C97F
0CB08
0CC8B
0CE07
0CF7D
0D0ED
0D255
0D3B6
0D510
0D662
0D7AD
0D8EF
0DA29
0DB5B
0DC84
0DDA3
0DEBA
0DFC7
0E0CB
0E1C5
0E2B4
0E399
0E474
0E544
0E60A
0E6C4
0E773
0E817
0E8B0
0E93C
0E9BD
0EA32
0EA9B
0EAF8
0EB47
0EB8B
0EBC1
0EBEB
0EC07
0EC16
0EC19
0EC0D
0EBF4
0EBCE
0EB9A
0EB58
0EB08
0EAAB
0EA3F
0E9C5
0E93C
0E8A6
0E800
0E74D
0E68A
0E5BA
0E4DA
0E3ED
0E2F0
0E1E6
0E0CC
0DFA5
0DE6E
0DD2A
0DBD7
0DA75
0D905
0D787
0D5FA
0D45E
0D2B5
0D0FD
0CF37
0CD64
0CB82
0C993
0C796
0C58C
0C374
0C14F
0BF1C
0BCDD
0BA90
0B836
0B5D0
0B35D
0B0DE
0AE52
0ABBB
0A917
0A668
0A3AE
0A0E9
09E19
09B3E
09858
09568
0926F
08F6B
08C5E
08947
08627
082FE
07FCD
07C93
07952
07609
072B8
06F61
06C02
0689E
06533
061C2
05E4C
05AD0
05750
053CB
05041
04CB4
04923
0458F
041F8
03E5E
03AC2
03725
03386
02FE5
02C45
028A3
02502
02161
01DC1
01A22
01684
012E8
00F4E
00BB7
00822
00491
00103
FFD7A
FF9F5
FF675
FF2F9
FEF84
FEC14
FE8AA
FE548
FE1EC
FDE97
FDB4B
FD806
FD4C9
FD196
FCE6B
FCB4A
FC833
FC526
FC223
FBF2B
FBC3E
FB95C
FB687
FB3BE
FB101
FAE51
FABAE
FA918
FA690
FA416
FA1AA
F9F4C
F9CFE
F9ABE
F988E
F966D
F945C
F925B
F906A
F8E8B
F8CBC
F8AFE
F8952
F87B7
F862E
F84B6
F8351
F81FD
F80BC
F7F8E
F7E72
F7D68
F7C72
F7B8F
F7ABF
F7A03
F795A
F78C5
F7844
F77D6
F777C
F7736
F7704
F76E6
F76DC
F76E5
F7703
F7735
F777B
F77D5
F7843
F78C6
F795C
F7A07
F7AC6
F7B99
F7C7F
F7D7A
F7E88
F7FA9
F80DE
F8227
F8382
F84F1
F8672
F8807
F89AE
F8B68
F8D34
F8F13
F9103
F9306
F951A
F9740
F9977
F9BBE
F9E17
FA07F
FA2F8
FA581
FA819
FAAC1
FAD78
FB03E
FB313
FB5F6
FB8E7
FBBE6
FBEF2
FC20B
FC531
FC863
FCBA1
FCEEA
FD23F
FD59F
FD909
FDC7D
FDFFB
FE382
FE712
FEAAB
FEE4D
FF1F6
FF5A7
FF95E
FFD1C
000E0
004AA
00879
00C4D
01025
01401
017E1
01BC4
01FA9
02391
0277B
02B65
02F51
0333D
0372A
03B15
03F00
042EA
046D1
04AB7
04E99
05279
05655
05A2D
05E00
061CE
06597
0695A
06D17
070CD
0747B
07823
07BC2
07F59
082E7
0866B
089E6
08D57
090BD
09418
09767
09AAB
09DE2
0A10C
0A42A
0A73A
0AA3D
0AD32
0B018
0B2EF
0B5B7
0B870
0BB19
0BDB2
0C03A
0C2B1
0C517
0C76C
0C9AF
0CBDF
0CDFD
0D009
0D201
0D3E7
0D5B9
0D778
0D923
0DAB9
0DC3B
0DDA9
0DF02
0E046
0E174
0E28C
0E38F
0E47C
0E554
0E615
0E6C0
0E755
0E7D3
0E83B
0E88C
0E8C7
0E8EB
0E8F8
0E8EE
0E8CD
0E895
0E846
0E7DF
0E762
0E6CD
0E621
0E55D
0E483
0E392
0E28A
0E16B
0E035
0DEE8
0DD85
0DC0A
0DA79
0D8D2
0D713
0D53E
0D353
0D152
0CF3B
0CD0F
0CACC
0C875
0C609
0C387
0C0F1
0BE46
0BB87
0B8B4
0B5CD
0B2D2
0AFC3
0ACA2
0A96D
0A626
0A2CC
09F60
09BE3
09854
094B4
09103
08D42
08970
0858F
0819E
07D9E
0798E
07570
07144
06D0A
068C3
0646E
0600D
05B9F
05726
052A1
04E11
04976
044D1
04022
03B69
036A8
031DE
02D0B
02831
0234F
01E66
01976
01481
00F85
00A85
0057F
00076
FFB68
FF656
FF142
FEC2B
FE711
FE1F6
FDCD9
FD7BC
FD29E
FCD7F
FC861
FC344
FBE28
FB90E
FB3F6
FAEE0
FA9CD
FA4BD
F9FB1
F9AA9
F95A5
F90A7
F8BAE
F86BB
F81CE
F7CE8
F7808
F7330
F6E60
F6997
F64D7
F6020
F5B72
F56CD
F5233
F4DA3
F491D
F44A2
F4033
F3BD0
F3779
F332D
F2EEF
F2ABD
F2698
F2281
F1E78
F1A7C
F168E
F12B0
F0EDF
F0B1E
F076D
F03CB
F0038
EFCB6
EF944
EF5E3
EF292
EEF52
EEC23
EE904
EE5F8
EE2FC
EE012
EDD3A
EDA74
ED7C0
ED51E
ED28F
ED012
ECDA8
ECB51
EC90C
EC6DA
EC4BB
EC2AE
EC0B5
EBECE
EBCFA
EBB3A
EB98C
EB7F1
EB669
EB4F5
EB393
EB245
EB109
EAFE1
EAECB
EADC9
EACD9
EABFC
EAB31
EAA79
EA9D4
EA941
EA8C0
EA852
EA7F6
EA7AC
EA774
EA74E
EA73A
EA738
EA747
EA767
EA798
EA7DB
EA82E
EA891
EA905
EA989
EAA1D
EAAC0
EAB74
EAC36
EAD08
EADE9
EAED8
EAFD7
EB0E3
EB1FE
EB326
EB45C
EB59F
EB6EF
EB84C
EB9B6
EBB2C
EBCAF
EBE3D
EBFD6
EC17B
EC32C
EC4E7
EC6AD
EC87C
ECA56
ECC3A
ECE27
ED01D
ED21C
ED423
ED633
ED84A
EDA6A
EDC90
EDEBD
EE0F2
EE32C
EE56D
EE7B4
EEA01
EEC52
EEEA9
EF105
EF365
EF5CA
EF832
EFA9F
EFD0F
EFF82
F01F8
F0470
F06EB
F0969
F0BE8
F0E69
F10EB
F136E
F15F2
F1877
F1AFC
F1D81
F2007
F228C
F2510
F2793
F2A16
F2C97
F2F16
F3193
F340F
F3688
F38FF
F3B74
F3DE5
F4054
F42C0
F4528
F478E
F49EF
F4C4D
F4EA7
F50FD
F534E
F559C
F57E4
F5A28
F5C67
F5EA1
F60D7
F6307
F6531
F6757
F6977
F6B92
F6DA6
F6FB5
F71BF
F73C2
F75BF
F77B6
F79A7
F7B91
F7D75
F7F52
F812A
F82FB
F84C5
F8689
F8847
F89FE
F8BAF
F8D59
F8EFD
F909A
F9231
F93C1
F954A
F96CD
F984A
F99C0
F9B30
F9C99
F9DFD
F9F5A
FA0B0
FA201
FA34B
FA490
FA5CE
FA707
FA83A
FA966
FAA8D
FABAE
FACCA
FADE0
FAEF1
FAFFC
FB102
FB204
FB300
FB3F7
FB4E9
FB5D7
FB6C0
FB7A5
FB885
FB961
FBA39
FBB0D
FBBDD
FBCA9
FBD72
FBE37
FBEF8
FBFB7
FC072
FC12A
FC1DF
FC292
FC341
FC3EF
FC49A
FC543
FC5E9
FC68E
FC731
FC7D2
FC871
FC90F
FC9AC
FCA47
FCAE2
FCB7B
FCC14
FCCAB
FCD42
FCDD9
FCE70
FCF06
FCF9C
FD032
FD0C8
FD15E
FD1F5
FD28C
FD324
FD3BC
FD456
FD4F0
FD58A
FD626
FD6C4
FD762
FD802
FD8A3
FD946
FD9EB
FDA91
FDB39
FDBE3
FDC8F
FDD3D
FDDED
FDE9E
FDF52
FE009
FE0C1
FE17C
FE239
FE2F8
FE3BA
FE47E
FE545
FE60F
FE6DB
FE7A9
FE87B
FE94E
FEA25
FEAFE
FEBD9
FECB8
FED98
FEE7C
FEF62
FF04B
FF136
FF224
FF315
FF408
FF4FE
FF5F6
FF6F1
FF7EE
FF8ED
FF9EF
FFAF3
FFBF9
FFD01
FFE0C
FFF18
00027
00137
00249
0035E
00474
0058B
006A4
007BF
008DB
009F8
00B17
00C37
00D57
00E79
00F9C
010BF
011E3
01307
0142D
01552
01678
0179E
018C4
019EA
01B10
01C35
01D5A
01E7E
01FA2
020C5
021E7
02308
02428
02547
02664
02780
0289A
029B2
02AC9
02BDD
02CF0
02E00
02F0E
03019
03122
03228
0332B
0342B
03528
03622
03718
0380B
038FB
039E7
03ACF
03BB3
03C94
03D70
03E48
03F1C
03FEB
040B6
0417D
0423F
042FC
043B4
04467
04515
045BE
04662
04701
0479A
0482E
048BC
04945
049C9
04A47
04ABF
04B31
04B9E
04C04
04C65
04CC0
04D15
04D63
04DAC
04DEE
04E2B
04E61
04E92
04EBC
04EE0
04EFE
04F16
04F27
04F33
04F38
04F37
04F30
04F23
04F10
04EF6
04ED7
04EB2
04E87
04E56
04E1F
04DE2
04DA0
04D58
04D0A
04CB7
04C5E
04C00
04B9C
04B33
04AC5
04A52
049D9
0495C
048DA
04854
047C8
04739
046A4
0460C
04570
044CF
0442A
04382
042D6
04226
04173
040BD
04003
03F47
03E88
03DC6
03D01
03C3A
03B71
03AA6
039D9
0390A
0383A
03768
03694
035C0
034EB
03414
0333E
03267
0318F
030B8
02FE0
02F09
02E32
02D5C
02C87
02BB3
02ADF
02A0E
0293D
0286F
027A2
026D7
0260F
02549
02485
023C4
02307
0224C
02195
020E1
02031
01F84
01EDC
01E38
01D98
01CFD
01C67
01BD5
01B48
01AC1
01A3F
019C2
0194B
018D9
0186E
01808
017A9
01750
016FE
016B2
0166D
0162F
015F8
015C9
015A0
0157F
01565
01553
01549
01546
0154C
01559
0156E
0158C
015B2
015E1
01618
01657
016A0
016F1
0174A
017AD
01818
0188C
0190A
01990
01A1F
01AB7
01B58
01C02
01CB6
01D72
01E38
01F07
01FE0
020C1
021AC
0229F
0239C
024A2
025B1
026C9
027EA
02914
02A47
02B83
02CC8
02E15
02F6C
030CB
03233
033A4
0351D
0369E
03828
039BA
03B54
03CF5
03E9F
04050
04209
043C9
04591
04760
04936
04B14
04CF8
04EE3
050D4
052CC
054CA
056CE
058D8
05AE8
05CFE
05F19
06139
0635E
06589
067B8
069EC
06C24
06E61
070A2
072E6
0752E
0777A
079C9
07C1B
07E70
080C7
08321
0857D
087DB
08A3B
08C9D
08F00
09164
093C9
0962F
09896
09AFD
09D64
09FCB
0A232
0A498
0A6FE
0A963
0ABC7
0AE29
0B08A
0B2E9
0B546
0B7A1
0B9FA
0BC50
0BEA3
0C0F3
0C341
0C58A
0C7D0
0CA12
0CC50
0CE8A
0D0BF
0D2F0
0D51C
0D742
0D963
0DB7F
0DD95
0DFA5
0E1AF
0E3B3
0E5B1
0E7A8
0E998
0EB82
0ED64
0EF40
0F114
0F2E1
0F4A5
0F663
0F818
0F9C5
0FB69
0FD06
0FE9A
10025
101A8
10322
10493
105FB
1075A
108AF
109FC
10B3E
10C78
10DA7
10ECD
10FE9
110FA
11202
11301
113F5
114DF
115BF
11695
11761
11822
118DA
11987
11A2B
11AC4
11B52
11BD7
11C51
11CC0
11D26
11D81
11DD3
11E1A
11E57
11E8A
11EB2
11ED1
11EE6
11EF1
11EF2
11EE9
11ED6
11EB9
11E93
11E63
11E29
11DE6
11D9A
11D45
11CE6
11C7F
11C0F
11B96
11B14
11A8A
119F8
1195D
118BA
11810
1175D
116A2
115E0
11517
11446
1136E
1128F
111AA
110BD
10FCB
10ED2
10DD2
10CCD
10BC2
10AB1
1099B
10880
1075F
10639
1050F
103E0
102AD
10176
1003B
0FEFC
0FDBA
0FC74
0FB2C
0F9E0
0F892
0F741
0F5EE
0F499
0F342
0F1EA
0F090
0EF35
0EDD8
0EC7B
0EB1D
0E9BE
0E85F
0E700
0E5A1
0E442
0E2E4
0E186
0E02A
0DECE
0DD73
0DC1A
0DAC2
0D96C
0D818
0D6C6
0D577
0D42A
0D2DF
0D198
0D053
0CF12
0CDD4
0CC9A
0CB64
0CA32
0C903
0C7D9
0C6B3
0C592
0C475
0C35D
0C24A
0C13C
0C033
0BF2F
0BE31
0BD38
0BC45
0BB57
0BA70
0B98E
0B8B3
0B7DD
0B70E
0B646
0B583
0B4C7
0B412
0B363
0B2BB
0B21A
0B180
0B0ED
0B060
0AFDB
0AF5D
0AEE7
0AE77
0AE0F
0ADAE
0AD54
0AD01
0ACB6
0AC72
0AC34
0ABFF
0ABD0
0ABA8
0AB88
0AB6F
0AB5C
0AB52
0AB4E
0AB51
0AB5B
0AB6C
0AB84
0ABA3
0ABC8
0ABF4
0AC27
0AC60
0ACA0
0ACE6
0AD32
0AD85
0ADDE
0AE3D
0AEA2
0AF0C
0AF7D
0AFF3
0B06F
0B0F0
0B177
0B202
0B292
0B327
0B3C1
0B460
0B502
0B5AA
0B655
0B704
0B7B7
0B86E
0B928
0B9E6
0BAA6
0BB6A
0BC31
0BCFA
0BDC6
0BE94
0BF65
0C037
0C10B
0C1E1
0C2B9
0C392
0C46C
0C547
0C622
0C6FF
0C7DB
0C8B8
0C995
0CA71
0CB4D
0CC29
0CD03
0CDDD
0CEB5
0CF8C
0D062
0D135
0D207
0D2D6
0D3A3
0D46D
0D535
0D5F9
0D6BB
0D779
0D834
0D8EB
0D99E
0DA4D
0DAF8
0DB9F
0DC41
0DCDE
0DD76
0DE0A
0DE98
0DF20
0DFA3
0E020
0E098
0E109
0E174
0E1D9
0E237
0E28E
0E2DE
0E328
0E36A
0E3A5
0E3D8
0E404
0E428
0E444
0E459
0E465
0E46A
0E466
0E45A
0E445
0E428
0E402
0E3D4
0E39D
0E35D
0E313
0E2C1
0E266
0E201
0E193
0E11C
0E09C
0E012
0DF7E
0DEE2
0DE3B
0DD8B
0DCD2
0DC0F
0DB42
0DA6B
0D98A
0D8A0
0D7AB
0D6AD
0D5A6
0D494
0D379
0D254
0D126
0CFEE
0CEAC
0CD61
0CC0C
0CAAE
0C946
0C7D4
0C65A
0C4D6
0C348
0C1B2
0C012
0BE6A
0BCB8
0BAFE
0B93B
0B76F
0B59B
0B3BE
0B1D8
0AFEB
0ADF5
0ABF7
0A9F1
0A7E2
0A5CD
0A3AF
0A18A
09F5D
09D2A
09AEF
098AD
09665
09416
091C0
08F64
08D02
08A9A
0882C
085B8
0833E
080BF
07E3B
07BB2
07924
07691
073F9
0715D
06EBD
06C19
06971
066C5
06415
06163
05EAD
05BF4
05938
05679
053B8
050F5
04E30
04B68
048A0
045D5
04309
0403D
03D6F
03AA0
037D1
03502
03232
02F63
02C93
029C5
026F6
02428
0215C
01E90
01BC6
018FD
01635
01370
010AC
00DEB
00B2B
0086F
005B5
002FE
0004A
FFD99
FFAEB
FF841
FF59B
FF2F8
FF059
FEDBE
FEB28
FE895
FE608
FE37F
FE0FB
FDE7B
FDC01
FD98C
FD71D
FD4B3
FD24F
FCFF0
FCD97
FCB44
FC8F7
FC6B0
FC46F
FC234
FC000
FBDD3
FBBAC
FB98B
FB772
FB55F
FB353
FB14F
FAF51
FAD5A
FAB6B
FA983
FA7A2
FA5C8
FA3F6
FA22B
FA067
F9EAB
F9CF7
F9B4A
F99A5
F9807
F9671
F94E3
F935C
F91DD
F9066
F8EF6
F8D8E
F8C2D
F8AD5
F8983
F883A
F86F8
F85BD
F848A
F835F
F823B
F811F
F800A
F7EFD
F7DF7
F7CF8
F7C01
F7B10
F7A27
F7945
F786A
F7796
F76C8
F7602
F7542
F7489
F73D6
F732A
F7285
F71E6
F714D
F70BA
F702E
F6FA7
F6F27
F6EAC
F6E37
F6DC8
F6D5E
F6CF9
F6C9A
F6C41
F6BEC
F6B9D
F6B52
F6B0C
F6ACB
F6A8F
F6A57
F6A24
F69F4
F69C9
F69A2
F697F
F695F
F6944
F692B
F6917
F6905
F68F7
F68EC
F68E3
F68DE
F68DC
F68DC
F68DF
F68E4
F68EB
F68F5
F6901
F690F
F691F
F6931
F6944
F6959
F6970
F6988
F69A1
F69BB
F69D7
F69F3
F6A11
F6A2F
F6A4E
F6A6E
F6A8E
F6AAF
F6AD0
F6AF1
F6B12
F6B33
F6B55
F6B76
F6B97
F6BB8
F6BD9
F6BF9
F6C19
F6C39
F6C58
F6C76
F6C94
F6CB2
F6CCE
F6CEA
F6D05
F6D1F
F6D39
F6D51
F6D69
F6D7F
F6D95
F6DA9
F6DBD
F6DCF
F6DE1
F6DF1
F6E00
F6E0E
F6E1B
F6E27
F6E31
F6E3A
F6E42
F6E49
F6E4F
F6E54
F6E57
F6E5A
F6E5C
F6E5C
F6E5C
F6E5B
F6E59
F6E56
F6E52
F6E4D
F6E48
F6E42
F6E3C
F6E34
F6E2D
F6E24
F6E1C
F6E13
F6E0A
F6E00
F6DF7
F6DED
F6DE4
F6DDA
F6DD1
F6DC8
F6DBF
F6DB7
F6DAE
F6DA7
F6DA0
F6D9A
F6D94
F6D90
F6D8C
F6D8A
F6D89
F6D89
F6D8B
F6D8E
F6D93
F6D9A
F6DA2
F6DAD
F6DB9
F6DC8
F6DD9
F6DEC
F6E02
F6E1A
F6E35
F6E53
F6E74
F6E98
F6EBF
F6EE9
F6F17
F6F48
F6F7C
F6FB5
F6FF1
F7031
F7075
F70BD
F7109
F715A
F71AF
F7208
F7267
F72CA
F7331
F739E
F7410
F7488
F7504
F7586
F760E
F769B
F772D
F77C6
F7864
F7908
F79B3
F7A63
F7B19
F7BD6
F7C99
F7D62
F7E32
F7F09
F7FE6
F80C9
F81B4
F82A5
F839D
F849C
F85A2
F86AF
F87C3
F88DE
F8A00
F8B2A
F8C5A
F8D92
F8ED1
F9017
F9165
F92BB
F9417
F957B
F96E7
F985A
F99D4
F9B56
F9CDF
F9E6F
FA007
FA1A6
FA34C
FA4FA
FA6AF
FA86C
FAA2F
FABFA
FADCD
FAFA6
FB187
FB36E
FB55D
FB752
FB94F
FBB52
FBD5C
FBF6C
FC183
FC3A1
FC5C5
FC7EF
FCA20
FCC57
FCE94
FD0D8
FD321
FD570
FD7C4
FDA1F
FDC7E
FDEE4
FE14E
FE3BD
FE632
FE8AB
FEB29
FEDAC
FF033
FF2BF
FF54E
FF7E2
FFA7A
FFD16
FFFB5
00258
004FE
007A7
00A54
00D03
00FB4
01268
0151F
017D7
01A92
01D4E
0200C
022CC
0258D
0284F
02B12
02DD5
03099
0335E
03623
038E7
03BAC
03E70
04134
043F6
046B8
04979
04C39
04EF7
051B3
0546E
05726
059DC
05C90
05F41
061EF
0649A
06742
069E6
06C87
06F24
071BD
07452
076E2
0796E
07BF5
07E77
080F4
0836B
085DD
0884A
08AB1
08D12
08F6D
091C1
0940F
09656
09897
09AD0
09D02
09F2D
0A151
0A36D
0A581
0A78D
0A992
0AB8E
0AD82
0AF6D
0B150
0B32A
0B4FB
0B6C3
0B882
0BA38
0BBE4
0BD87
0BF20
0C0B0
0C236
0C3B2
0C524
0C68C
0C7EA
0C93E
0CA87
0CBC7
0CCFC
0CE26
0CF46
0D05B
0D166
0D266
0D35B
0D445
0D525
0D5FA
0D6C4
0D783
0D837
0D8E0
0D97F
0DA12
0DA9B
0DB18
0DB8B
0DBF2
0DC4F
0DCA0
0DCE7
0DD23
0DD54
0DD7A
0DD96
0DDA6
0DDAD
0DDA9
0DD9A
0DD81
0DD5E
0DD30
0DCF8
0DCB6
0DC6A
0DC14
0DBB3
0DB4A
0DAD6
0DA59
0D9D3
0D943
0D8AA
0D807
0D75C
0D6A8
0D5EB
0D525
0D457
0D380
0D2A1
0D1BA
0D0CB
0CFD4
0CED5
0CDCF
0CCC2
0CBAD
0CA92
0C96F
0C846
0C717
0C5E1
0C4A6
0C364
0C21D
0C0CF
0BF7D
0BE25
0BCC9
0BB67
0BA01
0B897
0B728
0B5B6
0B43F
0B2C5
0B148
0AFC7
0AE44
0ACBD
0AB34
0A9A8
0A81B
0A68B
0A4FA
0A367
0A1D2
0A03D
09EA7
09D10
09B78
099E1
09849
096B1
0951A
09384
091EE
0905A
08EC7
08D35
08BA5
08A16
0888A
08700
08578
083F3
08271
080F2
07F76
07DFE
07C89
07B18
079AB
07842
076DD
0757D
07422
072CB
0717A
0702D
06EE6
06DA5
06C69
06B34
06A04
068DA
067B7
0669B
06585
06476
0636E
0626D
06173
06080
05F95
05EB2
05DD6
05D01
05C35
05B70
05AB4
05A00
05954
058B0
05815
05783
056F9
05678
055FF
05590
05529
054CB
05476
0542A
053E7
053AD
0537C
05355
05336
05321
05316
05313
0531A
0532B
05344
05367
05393
053C8
05406
0544E
0549E
054F8
0555B
055C6
0563B
056B9
0573F
057CF
05867
05908
059B2
05A64
05B1E
05BE1
05CAC
05D80
05E5B
05F3E
0602A
0611D
06218
0631A
06424
06536
0664F
0676F
06896
069C3
06AF8
06C33
06D74
06EBC
07009
0715D
072B7
07416
0757A
076E4
07854
079C8
07B41
07CBF
07E41
07FC8
08153
082E1
08474
0860A
087A4
08941
08AE1
08C83
08E29
08FD1
0917C
09328
094D7
09687
09839
099ED
09BA1
09D56
09F0C
0A0C3
0A27A
0A431
0A5E8
0A79E
0A954
0AB0A
0ACBE
0AE72
0B024
0B1D4
0B383
0B530
0B6DB
0B884
0BA2A
0BBCE
0BD6F
0BF0D
0C0A8
0C23F
0C3D3
0C563
0C6EF
0C877
0C9FA
0CB7A
0CCF4
0CE6A
0CFDB
0D147
0D2AD
0D40E
0D56A
0D6BF
0D80F
0D959
0DA9C
0DBD9
0DD0F
0DE3F
0DF67
0E089
0E1A4
0E2B8
0E3C4
0E4C9
0E5C7
0E6BD
0E7AB
0E892
0E970
0EA47
0EB16
0EBDC
0EC9A
0ED50
0EDFD
0EEA2
0EF3E
0EFD2
0F05C
0F0DF
0F158
0F1C8
0F230
0F28E
0F2E3
0F330
0F373
0F3AC
0F3DD
0F404
0F422
0F437
0F442
0F444
0F43D
0F42D
0F413
0F3F0
0F3C4
0F38F
0F351
0F30A
0F2BA
0F260
0F1FE
0F192
0F11E
0F0A0
0F01A
0EF8B
0EEF4
0EE54
0EDAB
0ECFA
0EC41
0EB7F
0EAB5
0E9E3
0E909
0E826
0E73C
0E64A
0E550
0E44F
0E347
0E237
0E120
0E001
0DEDC
0DDB1
0DC7E
0DB46
0DA07
0D8C1
0D776
0D625
0D4CE
0D371
0D20F
0D0A8
0CF3B
0CDC9
0CC53
0CAD8
0C958
0C7D4
0C64C
0C4C0
0C32F
0C19B
0C004
0BE69
0BCCA
0BB29
0B985
0B7DD
0B634
0B488
0B2DA
0B129
0AF77
0ADC4
0AC0F
0AA58
0A8A1
0A6E8
0A52F
0A376
0A1BC
0A002
09E47
09C8D
09AD4
0991B
09762
095AB
093F4
0923F
0908B
08ED8
08D27
08B79
089CC
08821
08679
084D3
08330
08190
07FF3
07E59
07CC2
07B2F
079A0
07814
0768C
07508
07389
0720E
07097
06F25
06DB8
06C50
06AED
0698F
06837
066E4
06596
0644E
0630C
061CF
06098
05F67
05E3D
05D18
05BFA
05AE2
059D0
058C6
057C1
056C4
055CD
054DD
053F3
05311
05235
05160
05093
04FCC
04F0D
04E54
04DA3
04CFA
04C57
04BBC
04B29
04A9C
04A17
04999
04923
048B4
0484C
047EB
04792
04740
046F5
046B1
04675
0463F
04611
045EA
045CA
045B1
045A0
04595
04590
04593
0459C
045AC
045C3
045E0
04603
0462D
0465E
04694
046D1
04714
0475D
047AC
04801
0485B
048BB
04920
0498B
049FB
04A70
04AEA
04B69
04BED
04C75
04D02
04D93
04E29
04EC3
04F60
05002
050A7
05150
051FD
052AD
0535F
05415
054CE
0558A
05648
05709
057CC
05891
05958
05A21
05AEC
05BB9
05C87
05D56
05E26
05EF7
05FC9
0609C
0616F
06242
06316
063E9
064BD
06590
06663
06735
06806
068D7
069A6
06A75
06B42
06C0D
06CD7
06D9F
06E66
06F2A
06FEC
070AB
07169
07223
072DB
07390
07442
074F1
0759C
07644
076E9
0778A
07827
078C1
07956
079E7
07A74
07AFC
07B80
07BFF
07C79
07CEF
07D5F
07DCB
07E31
07E93
07EEF
07F46
07F97
07FE3
08029
08069
080A4
080D9
08108
08131
08154
08171
08187
08198
081A2
081A6
081A4
0819B
0818C
08177
0815B
08139
08110
080E1
080AB
0806E
0802B
07FE1
07F91
07F3A
07EDC
07E78
07E0D
07D9C
07D24
07CA6
07C22
07B97
07B06
07A6E
079D0
0792B
07881
077D0
07719
0765B
07598
074CF
07400
0732B
07250
0716F
07088
06F9C
06EAB
06DB4
06CB7
06BB5
06AAD
069A1
0688F
06778
0665C
0653C
06417
062ED
061BF
0608C
05F55
05E1A
05CDA
05B97
05A50
05905
057B7
05665
0550F
053B6
0525B
050FC
04F9A
04E35
04CCE
04B64
049F8
0488A
04719
045A7
04433
042BC
04145
03FCB
03E51
03CD5
03B58
039DA
0385C
036DC
0355D
033DD
0325C
030DC
02F5C
02DDB
02C5C
02ADC
0295E
027E0
02663
024E6
0236B
021F2
02079
01F02
01D8D
01C19
01AA7
01938
017CA
0165F
014F6
0138F
0122B
010CA
00F6C
00E10
00CB8
00B63
00A11
008C2
00777
0062F
004EC
003AC
0026F
00137
00003
FFED3
FFDA8
FFC81
FFB5E
FFA40
FF926
FF811
FF701
FF5F6
FF4F0
FF3EE
FF2F2
FF1FA
FF108
FF01B
FEF33
FEE51
FED74
FEC9D
FEBCB
FEAFE
FEA38
FE976
FE8BB
FE805
FE754
FE6AA
FE605
FE566
FE4CC
FE439
FE3AB
FE324
FE2A2
FE226
FE1B0
FE13F
FE0D5
FE071
FE012
FDFB9
FDF66
FDF19
FDED1
FDE8F
FDE54
FDE1D
FDDED
FDDC2
FDD9D
FDD7E
FDD64
FDD50
FDD41
FDD37
FDD33
FDD35
FDD3B
FDD47
FDD58
FDD6E
FDD89
FDDAA
FDDCF
FDDF9
FDE28
FDE5C
FDE94
FDED1
FDF13
FDF59
FDFA3
FDFF2
FE044
FE09B
FE0F6
FE155
FE1B8
FE21F
FE289
FE2F7
FE369
FE3DE
FE456
FE4D2
FE551
FE5D3
FE657
FE6DF
FE769
FE7F6
FE886
FE918
FE9AC
FEA43
FEADB
FEB76
FEC13
FECB1
FED51
FEDF3
FEE97
FEF3C
FEFE2
FF089
FF131
FF1DB
FF285
FF330
FF3DC
FF489
FF535
FF5E3
FF690
FF73E
FF7EC
FF899
FF947
FF9F5
FFAA2
FFB4F
FFBFB
FFCA6
FFD51
FFDFC
FFEA5
FFF4D
FFFF4
0009A
0013F
001E2
00284
00325
003C4
00461
004FD
00596
0062E
006C4
00758
007EA
0087A
00907
00992
00A1A
00AA1
00B24
00BA5
00C24
00C9F
00D18
00D8F
00E02
00E73
00EE0
00F4B
00FB2
01017
01078
010D7
01132
0118A
011DE
0122F
0127D
012C8
0130F
01353
01394
013D1
0140B
01441
01474
014A4
014D0
014F8
0151D
0153F
0155D
01578
0158F
015A2
015B3
015BF
015C9
015CF
015D2
015D1
015CD
015C5
015BB
015AD
0159B
01587
0156F
01554
01536
01515
014F1
014C9
0149F
01472
01442
0140F
013DA
013A1
01366
01328
012E8
012A5
0125F
01217
011CD
01180
01131
010E0
0108C
01037
00FDF
00F86
00F2A
00ECD
00E6E
00E0D
00DAB
00D47
00CE1
00C7A
00C12
00BA8
00B3E
00AD1
00A64
009F6
00987
00917
008A6
00835
007C2
0074F
006DC
00668
005F4
0057F
0050A
00495
00420
003AA
00335
002C0
0024B
001D6
00161
000ED
00079
00006
FFF94
FFF22
FFEB0
FFE40
FFDD0
FFD61
FFCF3
FFC87
FFC1B
FFBB0
FFB46
FFADE
FFA77
FFA11
FF9AD
FF94A
FF8E9
FF889
FF82B
FF7CF
FF774
FF71B
FF6C3
FF66E
FF61A
FF5C9
FF579
FF52B
FF4DF
FF496
FF44E
FF409
FF3C6
FF385
FF346
FF309
FF2CF
FF297
FF261
FF22E
FF1FD
FF1CF
FF1A2
FF179
FF151
FF12C
FF10A
FF0EA
FF0CC
FF0B1
FF099
FF083
FF06F
FF05E
FF050
FF043
FF03A
FF033
FF02E
FF02B
FF02C
FF02E
FF033
FF03B
FF044
FF051
FF05F
FF070
FF084
FF099
FF0B1
FF0CB
FF0E8
FF106
FF127
FF14A
FF16F
FF196
FF1BF
FF1EA
FF217
FF246
FF277
FF2AA
FF2DF
FF316
FF34E
FF388
FF3C4
FF401
FF440
FF480
FF4C2
FF506
FF54A
FF591
FF5D8
FF621
FF66B
FF6B6
FF702
FF74F
FF79D
FF7ED
FF83D
FF88E
FF8E0
FF932
FF986
FF9DA
FFA2E
FFA83
FFAD9
FFB2F
FFB86
FFBDD
FFC34
FFC8B
FFCE3
FFD3A
FFD92
FFDEA
FFE42
FFE9A
FFEF1
FFF49
FFFA0
FFFF7
0004D
000A3
000F9
0014E
001A2
001F6
0024A
0029D
002EF
00340
00390
003E0
0042E
0047C
004C9
00514
0055F
005A9
005F1
00638
0067E
006C2
00706
00748
00788
007C8
00805
00842
0087D
008B6
008EE
00924
00958
0098B
009BC
009EC
00A19
00A45
00A70
00A98
00ABF
00AE4
00B07
00B28
00B47
00B65
00B81
00B9B
00BB2
00BC8
00BDC
00BEF
00BFF
00C0D
00C1A
00C24
00C2D
00C34
00C38
00C3B
00C3C
00C3C
00C39
00C34
00C2E
00C25
00C1B
00C0F
00C01
00BF2
00BE0
00BCD
00BB8
00BA1
00B89
00B6F
00B53
00B36
00B17
00AF6
00AD4
00AB0
00A8B
00A64
00A3C
00A12
009E7
009BB
0098D
0095E
0092E
008FC
008C9
00895
00860
0082A
007F3
007BA
00781
00747
0070C
006D0
00693
00655
00617
005D8
00598
00557
00516
004D5
00493
00450
0040D
003CA
00386
00342
002FD
002B9
00274
0022F
001EA
001A5
00160
0011B
000D6
00091
0004D
00008
FFFC4
FFF80
FFF3C
FFEF9
FFEB6
FFE73
FFE31
FFDF0
FFDAF
FFD6F
FFD2F
FFCF0
FFCB1
FFC73
FFC37
FFBFA
FFBBF
FFB85
FFB4B
FFB13
FFADB
FFAA4
FFA6F
FFA3A
FFA06
FF9D4
FF9A3
FF972
FF943
FF916
FF8E9
FF8BE
FF894
FF86B
FF844
FF81E
FF7F9
FF7D6
FF7B4
FF793
FF774
FF757
FF73A
FF720
FF706
FF6EE
FF6D8
FF6C3
FF6B0
FF69E
FF68D
FF67E
FF671
FF665
FF65B
FF652
FF64B
FF645
FF641
FF63E
FF63D
FF63D
FF63F
FF642
FF647
FF64D
FF655
FF65E
FF669
FF675
FF682
FF691
FF6A2
FF6B3
FF6C7
FF6DB
FF6F1
FF708
FF720
FF73A
FF755
FF772
FF78F
FF7AE
FF7CE
FF7EF
FF811
FF834
FF858
FF87E
FF8A4
FF8CC
FF8F4
FF91D
FF948
FF973
FF99F
FF9CC
FF9FA
FFA28
FFA57
FFA87
FFAB8
FFAE9
FFB1B
FFB4E
FFB81
FFBB4
FFBE8
FFC1D
FFC52
FFC87
FFCBD
FFCF3
FFD2A
FFD60
FFD97
FFDCE
FFE05
FFE3D
FFE74
FFEAC
FFEE3
FFF1B
FFF52
FFF8A
FFFC1
FFFF8
0002F
00066
0009D
000D3
00109
0013F
00174
001A9
001DD
00211
00245
00278
002AB
002DC
0030E
0033E
0036E
0039E
003CC
003FA
00427
00454
0047F
004AA
004D4
004FD
00525
0054C
00572
00597
005BB
005DF
00601
00622
00642
00661
0067F
0069C
006B7
006D2
006EB
00704
0071B
00731
00746
00759
0076C
0077D
0078D
0079B
007A9
007B5
007C0
007CA
007D3
007DA
007E0
007E5
007E9
007EB
007EC
007EC
007EB
007E9
007E5
007E0
007DA
007D2
007CA
007C0
007B5
007A9
0079C
0078E
0077F
0076E
0075D
0074A
00736
00722
0070C
006F5
006DD
006C4
006AA
00690
00674
00658
0063A
0061C
005FD
005DD
005BC
0059A
00578
00555
00531
0050D
004E7
004C2
0049B
00474
0044D
00424
003FC
003D3
003A9
0037F
00355
0032A
002FF
002D3
002A7
0027B
0024F
00222
001F6
001C9
0019C
0016E
00141
00114
000E7
000B9
0008C
0005F
00032
00005
FFFD8
FFFAB
FFF7F
FFF52
FFF26
FFEFB
FFECF
FFEA4
FFE79
FFE4F
FFE24
FFDFB
FFDD1
FFDA9
FFD80
FFD59
FFD31
FFD0B
FFCE4
FFCBF
FFC9A
FFC76
FFC52
FFC2F
FFC0D
FFBEB
FFBCA
FFBAA
FFB8B
FFB6C
FFB4F
FFB32
FFB16
FFAFB
FFAE0
FFAC7
FFAAE
FFA97
FFA80
FFA6A
FFA55
FFA41
FFA2E
FFA1C
FFA0B
FF9FB
FF9EC
FF9DD
FF9D0
FF9C4
FF9B9
FF9AF
FF9A5
FF99D
FF996
FF990
FF98B
FF987
FF983
FF981
FF980
FF980
FF981
FF983
FF986
FF98A
FF98F
FF994
FF99B
FF9A3
FF9AC
FF9B6
FF9C0
FF9CC
FF9D9
FF9E6
FF9F4
FFA04
FFA14
FFA25
FFA36
FFA49
FFA5D
FFA71
FFA86
FFA9C
FFAB3
FFACA
FFAE2
FFAFB
FFB15
FFB2F
FFB4A
FFB65
FFB81
FFB9E
FFBBB
FFBD9
FFBF8
FFC17
FFC36
FFC56
FFC77
FFC98
FFCB9
FFCDB
FFCFD
FFD20
FFD42
FFD65
FFD89
FFDAD
FFDD1
FFDF5
FFE19
FFE3E
FFE63
FFE87
FFEAC
FFED2
FFEF7
FFF1C
FFF41
FFF66
FFF8C
FFFB1
FFFD6
FFFFB
00020
00044
00069
0008D
000B2
000D6
000F9
0011D
00140
00163
00186
001A8
001CA
001EB
0020D
0022D
0024E
0026D
0028D
002AC
002CA
002E8
00305
00322
0033E
0035A
00375
0038F
003A9
003C2
003DB
003F2
00409
00420
00435
0044A
0045F
00472
00485
00497
004A8
004B9
004C8
004D7
004E5
004F3
004FF
0050B
00516
00520
00529
00531
00539
00540
00546
0054B
0054F
00552
00555
00557
00558
00558
00557
00556
00553
00550
0054C
00547
00541
0053B
00534
0052C
00523
00519
0050F
00504
004F8
004EC
004DF
004D1
004C2
004B3
004A3
00492
00480
0046E
0045C
00449
00435
00420
0040B
003F6
003E0
003C9
003B2
0039A
00382
00369
00350
00337
0031D
00302
002E8
002CD
002B1
00296
00279
0025D
00240
00224
00206
001E9
001CB
001AE
00190
00172
00153
00135
00117
000F8
000DA
000BB
0009C
0007E
0005F
00041
00022
00004
FFFE5
FFFC7
FFFA9
FFF8B
FFF6D
FFF50
FFF32
FFF15
FFEF8
FFEDC
FFEBF
FFEA3
FFE87
FFE6B
FFE50
FFE35
FFE1B
FFE01
FFDE7
FFDCD
FFDB4
FFD9C
FFD84
FFD6C
FFD55
FFD3E
FFD28
FFD12
FFCFD
FFCE9
FFCD5
FFCC1
FFCAE
FFC9C
FFC8A
FFC79
FFC68
FFC58
FFC49
FFC3A
FFC2C
FFC1E
FFC11
FFC05
FFBF9
FFBEF
FFBE4
FFBDB
FFBD2
FFBC9
FFBC2
FFBBB
FFBB5
FFBAF
FFBAA
FFBA6
FFBA2
FFBA0
FFB9D
FFB9C
FFB9B
FFB9B
FFB9C
FFB9D
FFB9F
FFBA1
FFBA5
FFBA9
FFBAD
FFBB3
FFBB8
FFBBF
FFBC6
FFBCE
FFBD6
FFBE0
FFBE9
FFBF3
FFBFE
FFC0A
FFC16
FFC22
FFC30
FFC3D
FFC4C
FFC5A
FFC6A
FFC7A
FFC8A
FFC9B
FFCAC
FFCBE
FFCD0
FFCE3
FFCF6
FFD09
FFD1D
FFD31
FFD46
FFD5B
FFD70
FFD86
FFD9C
FFDB2
FFDC8
FFDDF
FFDF6
FFE0E
FFE25
FFE3D
FFE55
FFE6D
FFE86
FFE9E
FFEB7
FFECF
FFEE8
FFF01
FFF1A
FFF33
FFF4D
FFF66
FFF7F
FFF98
FFFB1
FFFCB
FFFE4
FFFFD
00016
0002F
00047
00060
00079
00091
000A9
000C1
000D9
000F1
00109
00120
00137
0014E
00164
0017A
00190
001A6
001BB
001D0
001E4
001F9
0020C
00220
00233
00246
00258
0026A
0027B
0028C
0029D
002AD
002BC
002CC
002DA
002E8
002F6
00303
00310
0031C
00328
00333
0033D
00347
00351
0035A
00362
0036A
00372
00378
0037F
00384
00389
0038E
00392
00395
00398
0039A
0039C
0039D
0039E
0039E
0039D
0039C
0039A
00398
00395
00392
0038E
00389
00384
0037F
00379
00372
0036B
00364
0035C
00353
0034A
00341
00337
0032C
00321
00316
0030A
002FE
002F1
002E4
002D7
002C9
002BB
002AC
0029D
0028E
0027E
0026E
0025E
0024D
0023C
0022B
00219
00207
001F5
001E3
001D0
001BE
001AB
00198
00184
00171
0015D
00149
00135
00121
0010D
000F9
000E4
000D0
000BC
000A7
00093
0007E
00069
00055
00040
0002C
00017
00003
FFFEF
FFFDA
FFFC6
FFFB2
FFF9E
FFF8A
FFF77
FFF63
FFF50
FFF3D
FFF2A
FFF17
FFF04
FFEF2
FFEE0
FFECE
FFEBC
FFEAB
FFE9A
FFE89
FFE78
FFE68
FFE58
FFE48
FFE39
FFE2A
FFE1B
FFE0D
FFDFF
FFDF1
FFDE4
FFDD7
FFDCB
FFDBF
FFDB3
FFDA8
FFD9D
FFD92
FFD88
FFD7E
FFD75
FFD6C
FFD64
FFD5C
FFD54
FFD4D
FFD46
FFD40
FFD3A
FFD35
FFD30
FFD2C
FFD28
FFD24
FFD21
FFD1F
FFD1C
FFD1B
FFD1A
FFD19
FFD18
FFD18
FFD19
FFD1A
FFD1B
FFD1D
FFD20
FFD22
FFD26
FFD29
FFD2D
FFD32
FFD37
FFD3C
FFD42
FFD48
FFD4E
FFD55
FFD5C
FFD64
FFD6C
FFD74
FFD7D
FFD86
FFD90
FFD9A
FFDA4
FFDAE
FFDB9
FFDC4
FFDD0
FFDDB
FFDE7
FFDF4
FFE00
FFE0D
FFE1A
FFE27
FFE35
FFE43
FFE51
FFE5F
FFE6E
FFE7C
FFE8B
FFE9A
FFEA9
FFEB9
FFEC8
FFED8
FFEE8
FFEF7
FFF07
FFF17
FFF28
FFF38
FFF48
FFF59
FFF69
FFF7A
FFF8A
FFF9B
FFFAB
FFFBC
FFFCC
FFFDD
FFFED
FFFFE
0000E
0001E
0002F
0003F
0004F
0005F
0006F
0007E
0008E
0009E
000AD
000BC
000CB
000DA
000E9
000F7
00105
00113
00121
0012F
0013C
00149
00156
00163
0016F
0017C
00187
00193
0019E
001A9
001B4
001BF
001C9
001D2
001DC
001E5
001EE
001F7
001FF
00207
0020E
00215
0021C
00223
00229
0022E
00234
00239
0023E
00242
00246
00249
0024C
0024F
00252
00254
00256
00257
00258
00259
00259
00259
00258
00257
00256
00255
00253
00251
0024E
0024B
00248
00244
00240
0023C
00237
00232
0022D
00228
00222
0021C
00215
0020E
00207
00200
001F8
001F0
001E8
001DF
001D7
001CE
001C4
001BB
001B1
001A7
0019D
00193
00188
0017D
00172
00167
0015C
00150
00144
00139
0012D
00120
00114
00108
000FB
000EF
000E2
000D5
000C8
000BB
000AE
000A1
00094
00086
00079
0006C
0005F
00051
00044
00037
00029
0001C
0000F
00002
FFFF4
FFFE7
FFFDA
FFFCD
FFFC0
FFFB4
FFFA7
FFF9A
FFF8E
FFF81
FFF75
FFF69
FFF5D
FFF51
FFF45
FFF3A
FFF2E
FFF23
FFF18
FFF0D
FFF02
FFEF8
FFEED
FFEE3
FFED9
FFED0
FFEC6
FFEBD
FFEB4
FFEAB
FFEA3
FFE9A
FFE92
FFE8B
FFE83
FFE7C
FFE75
FFE6E
FFE68
FFE61
FFE5C
FFE56
FFE51
FFE4C
FFE47
FFE42
FFE3E
FFE3A
FFE36
FFE33
FFE30
FFE2D
FFE2B
FFE29
FFE27
FFE25
FFE24
FFE23
FFE22
FFE22
FFE22
FFE22
FFE22
FFE23
FFE24
FFE25
FFE27
FFE28
FFE2A
FFE2D
FFE30
FFE32
FFE36
FFE39
FFE3D
FFE41
FFE45
FFE49
FFE4E
FFE53
FFE58
FFE5E
FFE63
FFE69
FFE70
FFE76
FFE7D
FFE83
FFE8A
FFE92
FFE99
FFEA1
FFEA8
FFEB0
FFEB8
FFEC1
FFEC9
FFED2
FFEDB
FFEE3
FFEEC
FFEF6
FFEFF
FFF08
FFF12
FFF1C
FFF25
FFF2F
FFF39
FFF43
FFF4D
FFF57
FFF62
FFF6C
FFF76
FFF81
FFF8B
FFF95
FFFA0
FFFAA
FFFB5
FFFBF
FFFCA
FFFD4
FFFDF
FFFE9
FFFF4
FFFFE
00009
00013
0001D
00027
00031
0003C
00046
0004F
00059
00063
0006D
00076
00080
00089
00092
0009B
000A4
000AD
000B6
000BE
000C6
000CF
000D7
000DF
000E6
000EE
000F5
000FD
00104
0010A
00111
00118
0011E
00124
0012A
00130
00135
0013A
0013F
00144
00149
0014D
00151
00155
00159
0015D
00160
00163
00166
00169
0016B
0016D
0016F
00171
00173
00174
00175
00176
00177
00177
00177
00177
00177
00176
00175
00174
00173
00172
00170
0016E
0016C
0016A
00167
00164
00162
0015E
0015B
00157
00154
00150
0014C
00147
00143
0013E
00139
00134
0012F
0012A
00124
0011F
00119
00113
0010D
00106
00100
000FA
000F3
000EC
000E5
000DE
000D7
000D0
000C9
000C1
000BA
000B2
000AB
000A3
0009B
00094
0008C
00084
0007C
00074
0006C
00064
0005B
00053
0004B
00043
0003B
00032
0002A
00022
0001A
00011
00009
00001
FFFF9
FFFF1
FFFE9
FFFE1
FFFD9
FFFD1
FFFC9
FFFC1
FFFB9
FFFB2
FFFAA
FFFA2
FFF9B
FFF94
FFF8C
FFF85
FFF7E
FFF77
FFF70
FFF69
FFF63
FFF5C
FFF56
FFF4F
FFF49
FFF43
FFF3D
FFF37
FFF32
FFF2C
FFF27
FFF22
FFF1D
FFF18
FFF13
FFF0F
FFF0A
FFF06
FFF02
FFEFE
FFEFB
FFEF7
FFEF4
FFEF1
FFEEE
FFEEB
FFEE8
FFEE6
FFEE3
FFEE1
FFEDF
FFEDE
FFEDC
FFEDB
FFEDA
FFED9
FFED8
FFED7
FFED7
FFED7
FFED7
FFED7
FFED7
FFED8
FFED8
FFED9
FFEDA
FFEDB
FFEDD
FFEDE
FFEE0
FFEE2
FFEE4
FFEE6
FFEE9
FFEEB
FFEEE
FFEF1
FFEF4
FFEF7
FFEFB
FFEFE
FFF02
FFF05
FFF09
FFF0D
FFF11
FFF16
FFF1A
FFF1F
FFF23
FFF28
FFF2D
FFF32
FFF37
FFF3C
FFF41
FFF46
FFF4C
FFF51
FFF57
FFF5D
FFF62
FFF68
FFF6E
FFF74
FFF7A
FFF80
FFF86
FFF8C
FFF92
FFF98
FFF9F
FFFA5
FFFAB
FFFB1
FFFB8
FFFBE
FFFC5
FFFCB
FFFD1
FFFD8
FFFDE
FFFE4
FFFEB
FFFF1
FFFF7
FFFFE
00004
0000A
00010
00017
0001D
00023
00029
0002F
00035
0003B
00040
00046
0004C
00051
00057
0005C
00062
00067
0006C
00071
00076
0007B
00080
00084
00089
0008D
00092
00096
0009A
0009E
000A2
000A6
000A9
000AD
000B0
000B4
000B7
000BA
000BD
000BF
000C2
000C5
000C7
000C9
000CB
000CE
000CF
000D1
000D3
000D4
000D6
000D7
000D8
000D9
000DA
000DA
000DB
000DB
000DC
000DC
000DC
000DC
000DB
000DB
000DA
000DA
000D9
000D8
000D7
000D6
000D4
000D3
000D1
000D0
000CE
000CC
000CA
000C8
000C6
000C3
000C1
000BE
000BC
000B9
000B6
000B3
000B0
000AD
000AA
000A6
000A3
0009F
0009C
00098
00094
00091
0008D
00089
00085
00081
0007D
00078
00074
00070
0006B
00067
00063
0005E
00059
00055
00050
0004C
00047
00042
0003E
00039
00034
0002F
0002B
00026
00021
0001C
00017
00013
0000E
00009
00004
00000
FFFFB
FFFF6
FFFF2
FFFED
FFFE9
FFFE4
FFFE0
FFFDB
FFFD7
FFFD2
FFFCE
FFFCA
FFFC5
FFFC1
FFFBD
FFFB9
FFFB5
FFFB1
FFFAD
FFFA9
FFFA5
FFFA2
FFF9E
FFF9B
FFF97
FFF94
FFF90
FFF8D
FFF8A
FFF87
FFF84
FFF81
FFF7E
FFF7B
FFF79
FFF76
FFF74
FFF71
FFF6F
FFF6D
FFF6B
FFF69
FFF67
FFF65
FFF64
FFF62
FFF60
FFF5F
FFF5E
FFF5D
FFF5C
FFF5B
FFF5A
FFF59
FFF58
FFF58
FFF57
FFF57
FFF57
FFF57
FFF57
FFF57
FFF57
FFF57
FFF57
FFF58
FFF59
FFF59
FFF5A
FFF5B
FFF5C
FFF5D
FFF5E
FFF5F
FFF61
FFF62
FFF64
FFF65
FFF67
FFF69
FFF6B
FFF6D
FFF6F
FFF71
FFF73
FFF75
FFF78
FFF7A
FFF7D
FFF7F
FFF82
FFF85
FFF87
FFF8A
FFF8D
FFF90
FFF93
FFF96
FFF99
FFF9C
FFF9F
FFFA3
FFFA6
FFFA9
FFFAD
FFFB0
FFFB3
FFFB7
FFFBA
FFFBE
FFFC1
FFFC5
FFFC8
FFFCC
FFFD0
FFFD3
FFFD7
FFFDB
FFFDE
FFFE2
FFFE6
FFFE9
FFFED
FFFF1
FFFF4
FFFF8
FFFFB
FFFFF
00003
00006
0000A
0000D
00011
00014
00018
0001B
0001E
00022
00025
00028
0002B
0002F
00032
00035
00038
0003B
0003E
00040
00043
00046
00049
0004B
0004E
00050
00053
00055
00058
0005A
0005C
0005E
00060
00062
00064
00066
00068
00069
0006B
0006D
0006E
00070
00071
00072
00073
00074
00075
00076
00077
00078
00079
00079
0007A
0007A
0007B
0007B
0007B
0007C
0007C
0007C
0007C
0007B
0007B
0007B
0007B
0007A
0007A
00079
00078
00078
00077
00076
00075
00074
00073
00072
00071
00070
0006F
0006D
0006C
0006A
00069
00067
00066
00064
00062
00060
0005E
0005D
0005B
00059
00057
00055
00052
00050
0004E
0004C
00049
00047
00045
00042
00040
0003E
0003B
00039
00036
00034
00031
0002F
0002C
0002A
00027
00024
00022
0001F
0001D
0001A
00017
00015
00012
00010
0000D
0000B
00008
00006
00003
00001
FFFFE
FFFFC
FFFF9
FFFF7
FFFF4
FFFF2
FFFEF
FFFED
FFFEB
FFFE8
FFFE6
FFFE4
FFFE2
FFFE0
FFFDD
FFFDB
FFFD9
FFFD7
FFFD5
FFFD3
FFFD1
FFFCF
FFFCE
FFFCC
FFFCA
FFFC8
FFFC7
FFFC5
FFFC3
FFFC2
FFFC0
FFFBF
FFFBD
FFFBC
FFFBB
FFFB9
FFFB8
FFFB7
FFFB6
FFFB5
FFFB4
FFFB3
FFFB2
FFFB1
FFFB0
FFFB0
FFFAF
FFFAE
FFFAE
FFFAD
FFFAD
FFFAC
FFFAC
FFFAC
FFFAC
FFFAB
FFFAB
FFFAB
FFFAB
FFFAB
FFFAB
FFFAB
FFFAC
FFFAC
FFFAC
FFFAC
FFFAD
FFFAD
FFFAE
FFFAE
FFFAF
FFFAF
FFFB0
FFFB1
FFFB1
FFFB2
FFFB3
FFFB4
FFFB5
FFFB6
FFFB7
FFFB8
FFFB9
FFFBA
FFFBB
FFFBC
FFFBD
FFFBF
FFFC0
FFFC1
FFFC3
FFFC4
FFFC5
FFFC7
FFFC8
FFFCA
FFFCB
FFFCD
FFFCE
FFFD0
FFFD2
FFFD3
FFFD5
FFFD6
FFFD8
FFFDA
FFFDB
FFFDD
FFFDF
FFFE1
FFFE2
FFFE4
FFFE6
FFFE7
FFFE9
FFFEB
FFFED
FFFEE
FFFF0
FFFF2
FFFF3
FFFF5
FFFF7
FFFF9
FFFFA
FFFFC
FFFFE
00000
00001
00003
00005
00006
00008
0000A
0000B
0000D
0000F
00010
00012
00013
00015
00017
00018
0001A
0001B
0001C
0001E
0001F
00021
00022
00023
00024
00026
00027
00028
00029
0002A
0002B
0002C
0002D
0002E
0002F
00030
00031
00032
00033
00033
00034
00035
00036
00036
00037
00038
00038
00039
00039
0003A
0003A
0003A
0003B
0003B
0003B
0003B
0003C
0003C
0003C
0003C
0003C
0003C
0003C
0003C
0003C
0003C
0003B
0003B
0003B
0003A
0003A
0003A
00039
00039
00038
00038
00037
00037
00036
00035
00035
00034
00033
00032
00032
00031
00030
0002F
0002E
0002D
0002D
0002C
0002B
0002A
00029
00028
00027
00026
00024
00023
00022
00021
00020
0001F
0001E
0001C
0001B
0001A
00019
00017
00016
00015
00014
00012
00011
00010
0000F
0000D
0000C
0000B
0000A
00008
00007
00006
00005
00003
00002
00001
00000
FFFFF
FFFFD
FFFFC
FFFFB
FFFFA
FFFF9
FFFF7
FFFF6
FFFF5
FFFF4
FFFF3
FFFF2
FFFF0
FFFEF
FFFEE
FFFED
FFFEC
FFFEB
FFFEA
FFFE9
FFFE8
FFFE7
FFFE6
FFFE5
FFFE4
FFFE3
FFFE3
FFFE2
FFFE1
FFFE0
FFFDF
FFFDF
FFFDE
FFFDD
FFFDC
FFFDC
FFFDB
FFFDA
FFFDA
FFFD9
FFFD9
FFFD8
FFFD8
FFFD7
FFFD7
FFFD7
FFFD6
FFFD6
FFFD6
FFFD5
FFFD5
FFFD5
FFFD5
FFFD5
FFFD4
FFFD4
FFFD4
FFFD4
FFFD4
FFFD4
FFFD4
FFFD4
FFFD5
FFFD5
FFFD5
FFFD5
FFFD5
FFFD5
FFFD6
FFFD6
FFFD6
FFFD7
FFFD7
FFFD8
FFFD8
FFFD8
FFFD9
FFFD9
FFFDA
FFFDA
FFFDB
FFFDB
FFFDC
FFFDD
FFFDD
FFFDE
FFFDE
FFFDF
FFFE0
FFFE0
FFFE1
FFFE2
FFFE3
FFFE3
FFFE4
FFFE5
FFFE6
FFFE6
FFFE7
FFFE8
FFFE9
FFFE9
FFFEA
FFFEB
FFFEC
FFFED
FFFED
FFFEE
FFFEF
FFFF0
FFFF1
FFFF2
FFFF2
FFFF3
FFFF4
FFFF5
FFFF6
FFFF6
FFFF7
FFFF8
FFFF9
FFFFA
FFFFA
FFFFB
FFFFC
FFFFD
FFFFE
FFFFE
FFFFF
00000
00001
00001
00002
00003
00004
00004
00005
00006
00007
00007
00008
00009
00009
0000A
0000B
0000B
0000C
0000C
0000D
0000D
0000E
0000E
0000F
0000F
00010
00010
00011
00011
00011
00012
00012
00012
00013
00013
00013
00013
00014
00014
00014
00014
00015
00015
00015
00015
00015
00015
00015
00015
00016
00016
00016
00016
00016
00016
00016
00016
00016
00016
00016
00016
00016
00016
00016
00016
00016
00016
00015
00015
00015
00015
00015
00015
00014
00014
00014
00014
00013
00013
00013
00012
00012
00012
00012
00011
00011
00010
00010
00010
0000F
0000F
0000F
0000E
0000E
0000D
0000D
0000D
0000C
0000C
0000B
0000B
0000A
0000A
0000A
00009
00009
00008
00008
00007
00007
00006
00006
00005
00005
00005
00004
00004
00003
00003
00002
00002
00001
00001
00000
00000
FFFFF
FFFFF
FFFFE
FFFFE
FFFFD
FFFFD
FFFFC
FFFFC
FFFFC
FFFFB
FFFFB
FFFFA
FFFFA
FFFFA
FFFF9
FFFF9
FFFF8
FFFF8
FFFF8
FFFF7
FFFF7
FFFF7
FFFF6
FFFF6
FFFF5
FFFF5
FFFF5
FFFF5
FFFF4
FFFF4
FFFF4
FFFF3
FFFF3
FFFF3
FFFF3
FFFF2
FFFF2
FFFF2
FFFF1
FFFF1
FFFF1
FFFF1
FFFF1
FFFF0
FFFF0
FFFF0
FFFF0
FFFF0
FFFEF
FFFEF
FFFEF
FFFEF
FFFEF
FFFEF
FFFEF
FFFEF
FFFEF
FFFEF
FFFEF
FFFEF
FFFEF
FFFEF
FFFEF
FFFEF
FFFEF
FFFEF
FFFEF
FFFEF
FFFEF
FFFEF
FFFEF
FFFEF
FFFF0
FFFF0
FFFF0
FFFF0
FFFF0
FFFF0
FFFF0
FFFF1
FFFF1
FFFF1
FFFF1
FFFF1
FFFF2
FFFF2
FFFF2
FFFF2
FFFF2
FFFF3
FFFF3
FFFF3
FFFF3
FFFF4
FFFF4
FFFF4
FFFF5
FFFF5
FFFF5
FFFF5
FFFF6
FFFF6
FFFF6
FFFF7
FFFF7
FFFF7
FFFF7
FFFF8
FFFF8
FFFF8
FFFF9
FFFF9
FFFF9
FFFFA
FFFFA
FFFFA
FFFFB
FFFFB
FFFFB
FFFFC
FFFFC
FFFFC
FFFFC
FFFFD
FFFFD
FFFFD
FFFFE
FFFFE
FFFFE
FFFFF
FFFFF
FFFFF
FFFFF
00000
00000
00000
00000
00001
00001
00001
00001
00002
00002
00002
00002
00002
00003
00003
00003
00003
00003
00003
00004
00004
00004
00004
00004
00004
00004
00004
00004
00005
00005
00005
00005
00005
00005
00005
00005
00005
00005
00005
00005
00005
00005
00005
00005
00005
00005
00005
00005
00005
00005
00005
00005
00005
00005
00005
00005
00005
00005
00005
00005
00005
00005
00005
00005
00004
00004
00004
00004
00004
00004
00004
00004
00004
00004
00004
00004
00004
00004
00004
00004
00003
00003
00003
00003
00003
00003
00003
00003
00003
00003
00003
00003
00003
00003
00003
00003
00002
00002
00002
00002
00002
00002
00002
00002
00002
00002
00002
00002
00002
00001
00001
00001
00001
00001
00001
00001
00001
00001
00000
00000
00000
00000
00000
00000
00000
00000
FFFFF
FFFFF
FFFFF
FFFFF
FFFFF
FFFFF
FFFFF
FFFFF
FFFFE
FFFFE
FFFFE
FFFFE
FFFFE
FFFFE
FFFFE
FFFFE
FFFFD
FFFFD
FFFFD
FFFFD
FFFFD
FFFFD
FFFFD
FFFFD
FFFFC
FFFFC
FFFFC
FFFFC
FFFFC
FFFFC
FFFFC
FFFFC
FFFFC
FFFFC
FFFFB
FFFFB
FFFFB
FFFFB
FFFFB
FFFFB
FFFFB
FFFFB
FFFFB
FFFFB
FFFFB
FFFFB
FFFFB
FFFFB
FFFFB
FFFFB
FFFFB
FFFFB
FFFFB
FFFFB
FFFFB
FFFFB
FFFFB
FFFFB
FFFFB
FFFFB
FFFFB
FFFFB
FFFFB
FFFFB
FFFFB
FFFFB
FFFFB
FFFFB
FFFFB
FFFFB
FFFFB
FFFFB
FFFFB
FFFFB
FFFFB
FFFFB
FFFFC
FFFFC
FFFFC
FFFFC
FFFFC
FFFFC
FFFFC
FFFFC
FFFFC
FFFFC
FFFFC
FFFFC
FFFFC
FFFFC
FFFFC
FFFFD
FFFFD
FFFFD
FFFFD
FFFFD
FFFFD
FFFFD
FFFFD
FFFFD
FFFFD
FFFFD
FFFFE
FFFFE
FFFFE
FFFFE
FFFFE
FFFFE
FFFFE
FFFFE
FFFFE
FFFFE
FFFFF
FFFFF
FFFFF
FFFFF
FFFFF
FFFFF
FFFFF
FFFFF
FFFFF
FFFFF
FFFFF
FFFFF
FFFFF
FFFFF
00000
00000
00000
00000
00000
00000
00000
00000
00000
00000
00000
00000
00000
00000
00000
00000
00000
00000
00000
00001
00001
00001
00001
00001
00001
00001
00001
00001
00001
00001
00001
00001
00001
00001
00001
00001
00001
00001
00001
00001
00001
00001
00001
00001
00001
00001
00000
00000
00000
00000
00000
00000
00000
00000
00000
00000
00000
00000
00000
00000
00000
00000
00000
00000
00000
00000
00000
00000
00000
00000
00000
00000
00000
00000
00000
00000
00000
00000
00000
00000
00000
00000
00000
00000
00000
00000
00000
00000
00000
00000
00000
00000
00000
00000
00000
00000
00000
00000
00000
00000
00000
00000
00000
00000
00000
00000
00000
00000
00000
00000
00000
00000
00000
00000
00000
00000
00000
00000
00000
00000
00000
00000
00000
00000
00000
00000
00000
00000
00000
00000
00000
00000
00000
00000
00000
00000
00000
00000
00000
00000
00000
00000
00000
00000
00000
00000
00000
00000
00000
00000
00000
00000
00000
00000
00000
00000
00000
00000
00000
00000
00000
00000
00000
00000
00000
00000
00000
00000
00000
00000
00000
00000
00000
00000
00000
00000
00000
00000
00000
00000
00000
00000
00000
00000
00000
00000
00000
00000
00000
00000
00000
00000
00000
00000
00000
00000
00000
00000
00000
00000
00000
00000
00000
00000
00000
00000
00000
00000
00000
00000
00000
00000
00000
00000
00000
00000
00000
00000
00000
00000
00000
00000
00000
00000
00000
00000
00000
00000
00000
00000
00000
00000
00000
00000
00000
00000
00000
00000
00000
00000
00000
00000
00000
00000
00000
00000
00000
00000
00000
00000
00000
00000
00000
00000
00000
00000
00000
00000
00000
00000
00000
00000
00000
00000
00000
00000
00000
00000
00000
00000
00000
00000
00000
00000
00000
00000
00000
00000
00000
00000
00000
00000
00000
00000
00000
00000
00000
00000
00000
00000
00000
00000
00000
00000
00000
00000
00000
00000
00000
00000
00000
00000
00000
00000
00000
00000
00000
00000
00000
00000
00000
00000
00000
00000
00000
00000
00000
00000
00000
00000
00000
00000
00000
00000
00000
00000
00000
00000
00000
00000
00000
00000
00000
00000
00000
00000
00000
00000
00000
00000
00000
00000
00000
00000
00000
00000
00000
00000
00000
00000
00000
00000
00000
00000
00000
00000
00000
00000
00000
00000
00000
00000
00000
00000
00000
00000
00000
00000
00000
00000
00000
00000
00000
00000
00000
00000
00000
00000
00000
00000
00000
00000
00000
00000
00000
00000
