00000
00000
00000
00000
00000
00000
00000
00000
00000
00000
00000
00000
00000
00000
00000
00000
00000
00000
00000
00000
00000
00000
00000
00000
00000
00000
00000
00000
00000
00000
00000
00000
00000
00000
00000
00000
00000
00000
00000
00000
00000
00000
00000
00000
00000
00000
00000
00000
00000
00000
00000
00000
00000
00000
00000
00000
00000
00000
00000
00000
00000
00000
00000
00000
00000
00000
00000
00000
00000
00000
00000
00000
00000
00000
00000
00000
00000
00000
00000
00000
00000
00000
00000
00000
00000
00000
00000
00000
00000
00000
00000
00000
00000
00000
00000
00000
00000
00000
00000
00000
00000
00000
00000
00000
00000
00000
00000
00000
00000
00000
00000
00000
00000
00000
00000
00000
00000
00000
00000
00000
00000
00000
00000
00000
00000
00000
00000
00000
00000
00000
00000
00000
00000
00000
00000
00000
00000
00000
00000
00000
00000
00000
00000
00000
00000
00000
00000
00000
00000
00000
00000
00000
00000
00000
00000
00000
00000
00000
00000
00000
00000
00000
00000
00000
00000
00000
00000
00000
00000
00000
00000
00000
00000
00000
00000
00000
00000
00000
00000
00000
00000
00000
00000
00000
00000
00000
00000
00000
00000
00000
00000
00000
00000
00000
00000
00000
00000
00000
00000
00000
00000
00000
00000
00000
00000
00000
00000
00000
00000
00000
00000
00000
00000
00000
00000
00000
00000
00000
00000
00000
00000
00000
00000
00000
00000
00000
00000
00000
00000
00000
00000
00000
00000
00000
00000
00000
00000
00000
00000
00000
00000
00000
00000
00000
00000
00000
00000
00000
00000
00000
00000
00000
00000
00000
00000
00000
00000
00000
00000
00000
00000
00000
00000
00000
00000
00000
00000
00000
00000
00000
00000
00000
00000
00000
00000
00000
00000
00000
00000
00000
00000
00000
00000
00000
00000
00000
00000
00000
00000
00000
00000
00000
00000
00000
00000
00000
00000
00000
00000
00000
00000
00000
00000
00001
00001
00001
00001
00001
00001
00001
00001
00001
00001
00001
00001
00001
00001
00001
00001
00001
00001
00001
00001
00001
00001
00001
00001
00001
00001
00001
00001
00001
00001
00001
00001
00001
00001
00001
00001
00001
00001
00001
00001
00001
00001
00001
00000
00000
00000
00000
00000
00000
00000
00000
00000
FFFFF
FFFFF
FFFFF
FFFFF
FFFFF
FFFFF
FFFFF
FFFFF
FFFFE
FFFFE
FFFFE
FFFFE
FFFFE
FFFFE
FFFFE
FFFFE
FFFFD
FFFFD
FFFFD
FFFFD
FFFFD
FFFFD
FFFFD
FFFFD
FFFFC
FFFFC
FFFFC
FFFFC
FFFFC
FFFFC
FFFFC
FFFFC
FFFFB
FFFFB
FFFFB
FFFFB
FFFFB
FFFFB
FFFFB
FFFFB
FFFFA
FFFFA
FFFFA
FFFFA
FFFFA
FFFFA
FFFFA
FFFFA
FFFF9
FFFF9
FFFF9
FFFF9
FFFF9
FFFF9
FFFF9
FFFF9
FFFF9
FFFF9
FFFF9
FFFF9
FFFF8
FFFF8
FFFF8
FFFF8
FFFF8
FFFF8
FFFF8
FFFF8
FFFF8
FFFF8
FFFF8
FFFF8
FFFF8
FFFF8
FFFF8
FFFF8
FFFF8
FFFF8
FFFF8
FFFF8
FFFF8
FFFF8
FFFF8
FFFF8
FFFF8
FFFF8
FFFF8
FFFF9
FFFF9
FFFF9
FFFF9
FFFF9
FFFF9
FFFF9
FFFF9
FFFF9
FFFFA
FFFFA
FFFFA
FFFFA
FFFFA
FFFFA
FFFFA
FFFFA
FFFFB
FFFFB
FFFFB
FFFFB
FFFFB
FFFFB
FFFFB
FFFFB
FFFFC
FFFFC
FFFFC
FFFFC
FFFFC
FFFFC
FFFFD
FFFFD
FFFFD
FFFFD
FFFFD
FFFFD
FFFFE
FFFFE
FFFFE
FFFFE
FFFFE
FFFFF
FFFFF
FFFFF
FFFFF
FFFFF
FFFFF
00000
00000
00000
00000
00000
00001
00001
00001
00001
00001
00002
00002
00002
00002
00002
00002
00003
00003
00003
00003
00003
00004
00004
00004
00004
00004
00004
00005
00005
00005
00005
00005
00005
00006
00006
00006
00006
00006
00006
00006
00006
00007
00007
00007
00007
00007
00007
00007
00007
00007
00007
00007
00007
00008
00008
00008
00008
00008
00008
00008
00008
00008
00008
00008
00008
00008
00008
00008
00008
00008
00008
00008
00008
00008
00008
00008
00008
00008
00008
00008
00008
00008
00008
00008
00008
00007
00007
00007
00007
00007
00007
00007
00007
00007
00007
00006
00006
00006
00006
00006
00006
00005
00005
00005
00005
00005
00004
00004
00004
00004
00003
00003
00003
00003
00002
00002
00002
00001
00001
00001
00000
00000
00000
FFFFF
FFFFF
FFFFF
FFFFE
FFFFE
FFFFE
FFFFD
FFFFD
FFFFD
FFFFC
FFFFC
FFFFB
FFFFB
FFFFB
FFFFA
FFFFA
FFFF9
FFFF9
FFFF9
FFFF8
FFFF8
FFFF7
FFFF7
FFFF7
FFFF6
FFFF6
FFFF5
FFFF5
FFFF4
FFFF4
FFFF4
FFFF3
FFFF3
FFFF2
FFFF2
FFFF2
FFFF1
FFFF1
FFFF0
FFFF0
FFFF0
FFFEF
FFFEF
FFFEE
FFFEE
FFFEE
FFFED
FFFED
FFFED
FFFED
FFFEC
FFFEC
FFFEC
FFFEB
FFFEB
FFFEB
FFFEB
FFFEB
FFFEA
FFFEA
FFFEA
FFFEA
FFFEA
FFFEA
FFFE9
FFFE9
FFFE9
FFFE9
FFFE9
FFFE9
FFFE9
FFFE9
FFFE9
FFFE9
FFFE8
FFFE8
FFFE8
FFFE8
FFFE8
FFFE8
FFFE9
FFFE9
FFFE9
FFFE9
FFFE9
FFFE9
FFFE9
FFFE9
FFFEA
FFFEA
FFFEA
FFFEA
FFFEB
FFFEB
FFFEB
FFFEC
FFFEC
FFFEC
FFFED
FFFED
FFFEE
FFFEE
FFFEF
FFFEF
FFFF0
FFFF0
FFFF1
FFFF1
FFFF2
FFFF3
FFFF3
FFFF4
FFFF4
FFFF5
FFFF6
FFFF6
FFFF7
FFFF7
FFFF8
FFFF9
FFFF9
FFFFA
FFFFB
FFFFC
FFFFC
FFFFD
FFFFE
FFFFE
FFFFF
00000
00000
00001
00002
00003
00003
00004
00005
00006
00006
00007
00008
00009
00009
0000A
0000B
0000C
0000C
0000D
0000E
0000E
0000F
00010
00010
00011
00012
00013
00013
00014
00015
00015
00016
00016
00017
00018
00018
00019
00019
0001A
0001B
0001B
0001C
0001C
0001D
0001D
0001E
0001E
0001F
0001F
00020
00020
00021
00021
00021
00022
00022
00022
00023
00023
00023
00023
00024
00024
00024
00024
00024
00024
00024
00025
00025
00025
00025
00025
00024
00024
00024
00024
00024
00024
00024
00023
00023
00023
00023
00022
00022
00022
00021
00021
00020
00020
0001F
0001F
0001E
0001E
0001D
0001D
0001C
0001B
0001B
0001A
00019
00018
00018
00017
00016
00015
00014
00014
00013
00012
00011
00010
0000F
0000E
0000D
0000C
0000B
0000A
00009
00009
00008
00006
00005
00004
00003
00002
00001
00000
FFFFF
FFFFE
FFFFD
FFFFC
FFFFB
FFFFA
FFFF9
FFFF8
FFFF7
FFFF6
FFFF5
FFFF4
FFFF3
FFFF2
FFFF1
FFFF0
FFFEE
FFFED
FFFEC
FFFEB
FFFEA
FFFE9
FFFE8
FFFE7
FFFE6
FFFE5
FFFE4
FFFE3
FFFE2
FFFE1
FFFE0
FFFDF
FFFDE
FFFDD
FFFDD
FFFDC
FFFDB
FFFDA
FFFDA
FFFD9
FFFD8
FFFD7
FFFD7
FFFD6
FFFD6
FFFD5
FFFD4
FFFD4
FFFD3
FFFD3
FFFD2
FFFD2
FFFD1
FFFD1
FFFD1
FFFD0
FFFD0
FFFCF
FFFCF
FFFCF
FFFCF
FFFCE
FFFCE
FFFCE
FFFCE
FFFCE
FFFCE
FFFCD
FFFCD
FFFCD
FFFCD
FFFCD
FFFCE
FFFCE
FFFCE
FFFCE
FFFCE
FFFCE
FFFCF
FFFCF
FFFCF
FFFD0
FFFD0
FFFD1
FFFD1
FFFD2
FFFD2
FFFD3
FFFD3
FFFD4
FFFD5
FFFD5
FFFD6
FFFD7
FFFD8
FFFD9
FFFD9
FFFDA
FFFDB
FFFDC
FFFDD
FFFDE
FFFDF
FFFE0
FFFE2
FFFE3
FFFE4
FFFE5
FFFE6
FFFE7
FFFE9
FFFEA
FFFEB
FFFED
FFFEE
FFFEF
FFFF1
FFFF2
FFFF3
FFFF5
FFFF6
FFFF8
FFFF9
FFFFB
FFFFC
FFFFE
FFFFF
00001
00002
00004
00005
00007
00008
0000A
0000B
0000D
0000E
00010
00011
00013
00014
00016
00017
00019
0001B
0001C
0001D
0001F
00020
00022
00023
00025
00026
00028
00029
0002A
0002C
0002D
0002E
00030
00031
00032
00034
00035
00036
00037
00038
00039
0003B
0003C
0003D
0003E
0003F
00040
00040
00041
00042
00043
00044
00044
00045
00046
00046
00047
00047
00048
00048
00049
00049
00049
00049
0004A
0004A
0004A
0004A
0004A
0004A
0004A
0004A
0004A
0004A
0004A
0004A
00049
00049
00049
00048
00048
00047
00047
00046
00045
00044
00044
00043
00042
00041
00040
0003F
0003E
0003D
0003C
0003B
00039
00038
00037
00036
00034
00033
00031
00030
0002E
0002D
0002B
0002A
00028
00026
00024
00023
00021
0001F
0001D
0001B
00019
00018
00016
00014
00012
0000F
0000D
0000B
00009
00007
00005
00003
00001
FFFFF
FFFFD
FFFFA
FFFF8
FFFF6
FFFF4
FFFF2
FFFF0
FFFED
FFFEB
FFFE9
FFFE7
FFFE5
FFFE3
FFFE0
FFFDE
FFFDC
FFFDA
FFFD8
FFFD6
FFFD4
FFFD2
FFFD0
FFFCE
FFFCB
FFFC9
FFFC7
FFFC5
FFFC4
FFFC2
FFFC0
FFFBE
FFFBC
FFFBA
FFFB9
FFFB7
FFFB5
FFFB4
FFFB2
FFFB1
FFFAF
FFFAE
FFFAC
FFFAB
FFFAA
FFFA8
FFFA7
FFFA6
FFFA5
FFFA4
FFFA3
FFFA2
FFFA1
FFFA0
FFF9F
FFF9E
FFF9E
FFF9D
FFF9C
FFF9C
FFF9B
FFF9B
FFF9A
FFF9A
FFF9A
FFF9A
FFF99
FFF99
FFF99
FFF99
FFF99
FFF99
FFF9A
FFF9A
FFF9A
FFF9B
FFF9B
FFF9C
FFF9C
FFF9D
FFF9D
FFF9E
FFF9F
FFFA0
FFFA1
FFFA2
FFFA3
FFFA4
FFFA6
FFFA7
FFFA8
FFFAA
FFFAB
FFFAD
FFFAE
FFFB0
FFFB2
FFFB4
FFFB5
FFFB7
FFFB9
FFFBB
FFFBD
FFFBF
FFFC2
FFFC4
FFFC6
FFFC8
FFFCB
FFFCD
FFFD0
FFFD2
FFFD5
FFFD7
FFFDA
FFFDD
FFFDF
FFFE2
FFFE5
FFFE8
FFFEB
FFFEE
FFFF1
FFFF4
FFFF7
FFFFA
FFFFD
00000
00003
00006
00009
0000C
0000F
00012
00015
00018
0001B
0001E
00021
00024
00027
0002A
0002D
00030
00033
00036
00039
0003C
0003F
00042
00045
00048
0004A
0004D
00050
00053
00056
00058
0005B
0005D
00060
00062
00065
00067
0006A
0006C
0006E
00070
00073
00075
00077
00079
0007B
0007C
0007E
00080
00081
00083
00084
00086
00087
00088
00089
0008B
0008C
0008C
0008D
0008E
0008F
0008F
00090
00090
00090
00091
00091
00091
00091
00091
00090
00090
00090
0008F
0008F
0008E
0008D
0008D
0008C
0008B
0008A
00089
00087
00086
00085
00083
00082
00080
0007E
0007C
0007A
00078
00076
00074
00072
0006F
0006D
0006B
00068
00065
00062
00060
0005D
0005A
00056
00053
00050
0004D
00049
00046
00043
0003F
0003C
00038
00034
00031
0002D
00029
00025
00021
0001E
0001A
00016
00012
0000E
00009
00005
00001
FFFFD
FFFF9
FFFF5
FFFF1
FFFEC
FFFE8
FFFE4
FFFE0
FFFDB
FFFD7
FFFD3
FFFCF
FFFCA
FFFC6
FFFC2
FFFBE
FFFBA
FFFB6
FFFB2
FFFAD
FFFA9
FFFA5
FFFA1
FFF9D
FFF9A
FFF96
FFF92
FFF8E
FFF8A
FFF87
FFF83
FFF80
FFF7C
FFF79
FFF76
FFF72
FFF6F
FFF6C
FFF69
FFF66
FFF63
FFF60
FFF5D
FFF5B
FFF58
FFF56
FFF53
FFF51
FFF4F
FFF4D
FFF4B
FFF49
FFF47
FFF46
FFF44
FFF43
FFF41
FFF40
FFF3F
FFF3E
FFF3D
FFF3C
FFF3C
FFF3B
FFF3B
FFF3A
FFF3A
FFF3A
FFF3A
FFF3A
FFF3B
FFF3B
FFF3C
FFF3C
FFF3D
FFF3E
FFF3F
FFF40
FFF42
FFF43
FFF45
FFF46
FFF48
FFF4A
FFF4C
FFF4E
FFF50
FFF53
FFF55
FFF58
FFF5B
FFF5D
FFF60
FFF63
FFF66
FFF6A
FFF6D
FFF70
FFF74
FFF78
FFF7B
FFF7F
FFF83
FFF87
FFF8C
FFF90
FFF94
FFF99
FFF9D
FFFA2
FFFA6
FFFAB
FFFB0
FFFB4
FFFB9
FFFBE
FFFC3
FFFC8
FFFCE
FFFD3
FFFD8
FFFDD
FFFE3
FFFE8
FFFEE
FFFF3
FFFF9
FFFFE
00004
00009
0000F
00014
0001A
00020
00025
0002B
00031
00037
0003C
00042
00048
0004D
00053
00058
0005E
00063
00069
0006E
00073
00079
0007E
00083
00089
0008E
00093
00098
0009D
000A2
000A6
000AB
000B0
000B4
000B8
000BD
000C1
000C5
000C9
000CD
000D1
000D5
000D8
000DC
000DF
000E2
000E5
000E8
000EB
000EE
000F0
000F3
000F5
000F7
000F9
000FB
000FD
000FE
00100
00101
00102
00103
00104
00105
00105
00105
00106
00106
00105
00105
00105
00104
00103
00102
00101
00100
000FE
000FD
000FB
000F9
000F7
000F5
000F2
000F0
000ED
000EA
000E7
000E4
000E0
000DD
000D9
000D5
000D1
000CD
000C9
000C5
000C1
000BC
000B7
000B2
000AD
000A8
000A3
0009E
00098
00093
0008D
00087
00081
0007B
00075
0006F
00069
00063
0005C
00056
0004F
00049
00042
0003B
00034
0002D
00026
0001F
00018
00011
0000A
00003
FFFFC
FFFF4
FFFED
FFFE6
FFFDF
FFFD7
FFFD0
FFFC9
FFFC1
FFFBA
FFFB3
FFFAB
FFFA4
FFF9D
FFF96
FFF8F
FFF88
FFF81
FFF7A
FFF73
FFF6C
FFF65
FFF5F
FFF58
FFF51
FFF4B
FFF44
FFF3E
FFF38
FFF31
FFF2B
FFF26
FFF20
FFF1A
FFF15
FFF0F
FFF0A
FFF05
FFEFF
FFEFA
FFEF6
FFEF1
FFEEC
FFEE8
FFEE4
FFEE0
FFEDC
FFED8
FFED5
FFED1
FFECE
FFECB
FFEC8
FFEC5
FFEC3
FFEC1
FFEBE
FFEBC
FFEBB
FFEB9
FFEB8
FFEB6
FFEB5
FFEB5
FFEB4
FFEB4
FFEB3
FFEB3
FFEB3
FFEB4
FFEB4
FFEB5
FFEB6
FFEB7
FFEB8
FFEBA
FFEBC
FFEBE
FFEC0
FFEC2
FFEC5
FFEC8
FFECB
FFECE
FFED1
FFED5
FFED8
FFEDC
FFEE1
FFEE5
FFEEA
FFEEE
FFEF3
FFEF8
FFEFD
FFF03
FFF09
FFF0E
FFF14
FFF1B
FFF21
FFF27
FFF2E
FFF35
FFF3C
FFF43
FFF4B
FFF52
FFF59
FFF61
FFF69
FFF71
FFF79
FFF81
FFF89
FFF92
FFF9A
FFFA3
FFFAC
FFFB4
FFFBD
FFFC7
FFFD0
FFFD9
FFFE2
FFFEB
FFFF4
FFFFE
00007
00010
0001A
00023
0002D
00036
00040
00049
00053
0005C
00066
0006F
00079
00082
0008B
00095
0009E
000A7
000B0
000B9
000C2
000CB
000D4
000DD
000E6
000EF
000F7
000FF
00108
00110
00118
0011F
00127
0012F
00136
0013D
00144
0014B
00152
00158
0015F
00165
0016B
00171
00176
0017C
00181
00186
0018A
0018F
00193
00197
0019B
0019E
001A1
001A5
001A7
001AA
001AC
001AF
001B0
001B2
001B3
001B4
001B5
001B6
001B6
001B6
001B6
001B5
001B5
001B4
001B2
001B1
001AF
001AD
001AB
001A8
001A5
001A2
0019F
0019B
00197
00193
0018E
00189
00184
0017F
00179
00173
0016D
00167
00160
0015A
00153
0014B
00144
0013C
00134
0012C
00124
0011B
00112
00109
00100
000F6
000ED
000E3
000D9
000CF
000C5
000BB
000B0
000A5
0009B
00090
00085
00079
0006E
00062
00057
0004B
0003F
00033
00027
0001C
00010
00004
FFFF8
FFFEC
FFFDF
FFFD3
FFFC7
FFFBB
FFFAF
FFFA2
FFF96
FFF8A
FFF7D
FFF71
FFF65
FFF59
FFF4D
FFF41
FFF36
FFF2A
FFF1E
FFF13
FFF07
FFEFC
FFEF1
FFEE6
FFEDA
FFECF
FFEC5
FFEBA
FFEB0
FFEA6
FFE9C
FFE92
FFE88
FFE7F
FFE75
FFE6C
FFE64
FFE5B
FFE52
FFE4A
FFE42
FFE3A
FFE33
FFE2B
FFE24
FFE1D
FFE17
FFE11
FFE0B
FFE05
FFE00
FFDFB
FFDF6
FFDF2
FFDED
FFDE9
FFDE6
FFDE2
FFDDF
FFDDD
FFDDA
FFDD8
FFDD7
FFDD5
FFDD4
FFDD4
FFDD3
FFDD3
FFDD4
FFDD4
FFDD5
FFDD7
FFDD8
FFDDA
FFDDD
FFDDF
FFDE2
FFDE6
FFDEA
FFDEE
FFDF2
FFDF7
FFDFC
FFE01
FFE07
FFE0D
FFE14
FFE1A
FFE22
FFE29
FFE31
FFE39
FFE41
FFE4A
FFE52
FFE5C
FFE65
FFE6F
FFE79
FFE83
FFE8E
FFE98
FFEA4
FFEAF
FFEBB
FFEC7
FFED3
FFEDF
FFEEC
FFEF9
FFF05
FFF13
FFF20
FFF2D
FFF3B
FFF49
FFF57
FFF65
FFF74
FFF83
FFF91
FFFA0
FFFAF
FFFBE
FFFCE
FFFDD
FFFEC
FFFFB
0000B
0001A
00029
00039
00049
00058
00068
00078
00087
00097
000A7
000B6
000C6
000D5
000E4
000F3
00103
00112
00120
0012F
0013E
0014C
0015B
00169
00178
00186
00194
001A1
001AE
001BC
001C8
001D5
001E1
001ED
001F9
00205
00210
0021B
00226
00231
0023B
00245
0024F
00258
00261
0026A
00272
0027A
00281
00289
0028F
00296
0029C
002A2
002A7
002AC
002B1
002B5
002B9
002BC
002BF
002C2
002C4
002C6
002C7
002C8
002C8
002C8
002C7
002C6
002C5
002C3
002C1
002BE
002BB
002B8
002B4
002AF
002AA
002A5
002A0
00299
00293
0028C
00285
0027D
00275
0026C
00263
0025A
00250
00246
0023B
00230
00225
00219
0020D
00201
001F4
001E7
001D9
001CB
001BD
001AE
0019F
00190
00180
00170
00160
00150
00140
0012F
0011E
0010D
000FB
000E9
000D7
000C5
000B3
000A0
0008D
0007A
00067
00054
00041
0002D
0001A
00007
FFFF3
FFFE0
FFFCC
FFFB8
FFFA5
FFF91
FFF7D
FFF69
FFF55
FFF41
FFF2D
FFF1A
FFF06
FFEF3
FFEE0
FFECC
FFEB9
FFEA7
FFE94
FFE81
FFE6F
FFE5C
FFE4A
FFE38
FFE26
FFE14
FFE03
FFDF2
FFDE1
FFDD1
FFDC1
FFDB1
FFDA1
FFD92
FFD83
FFD75
FFD66
FFD58
FFD4B
FFD3D
FFD30
FFD24
FFD18
FFD0C
FFD01
FFCF6
FFCEC
FFCE2
FFCD9
FFCD0
FFCC7
FFCBF
FFCB8
FFCB1
FFCAA
FFCA4
FFC9E
FFC99
FFC94
FFC90
FFC8D
FFC89
FFC87
FFC85
FFC84
FFC83
FFC82
FFC82
FFC83
FFC84
FFC86
FFC89
FFC8B
FFC8F
FFC93
FFC97
FFC9C
FFCA2
FFCA8
FFCAF
FFCB6
FFCBD
FFCC6
FFCCE
FFCD8
FFCE2
FFCEC
FFCF7
FFD02
FFD0E
FFD1A
FFD27
FFD35
FFD42
FFD51
FFD5F
FFD6F
FFD7E
FFD8E
FFD9F
FFDB0
FFDC2
FFDD4
FFDE6
FFDF9
FFE0C
FFE20
FFE34
FFE48
FFE5C
FFE71
FFE86
FFE9B
FFEB0
FFEC6
FFEDC
FFEF3
FFF09
FFF20
FFF38
FFF4F
FFF67
FFF7F
FFF96
FFFAE
FFFC6
FFFDE
FFFF7
0000F
00027
00040
00058
00071
00089
000A2
000BB
000D4
000ED
00105
0011E
00136
0014E
00166
0017E
00196
001AD
001C5
001DC
001F3
0020A
00220
00237
0024D
00263
00279
0028E
002A3
002B7
002CB
002DF
002F2
00305
00318
0032A
0033C
0034D
0035E
0036E
0037F
0038E
0039D
003AC
003BA
003C7
003D4
003E0
003EC
003F7
00401
0040B
00415
0041D
00426
0042D
00435
0043B
00441
00446
0044A
0044E
00451
00454
00455
00456
00457
00457
00456
00454
00452
0044F
0044B
00447
00442
0043C
00436
0042F
00427
0041F
00416
0040D
00402
003F7
003EC
003DF
003D2
003C5
003B6
003A7
00398
00388
00377
00366
00354
00342
0032F
0031C
00308
002F3
002DE
002C8
002B2
0029B
00284
0026C
00254
0023B
00222
00209
001EF
001D5
001BB
001A0
00185
0016A
0014E
00132
00115
000F8
000DB
000BD
000A0
00082
00065
00047
00029
0000B
FFFED
FFFCE
FFFB0
FFF92
FFF73
FFF55
FFF36
FFF17
FFEF8
FFED9
FFEBB
FFE9C
FFE7E
FFE60
FFE43
FFE25
FFE08
FFDEB
FFDCE
FFDB1
FFD94
FFD78
FFD5C
FFD40
FFD24
FFD09
FFCEE
FFCD4
FFCBA
FFCA1
FFC88
FFC6F
FFC57
FFC40
FFC29
FFC13
FFBFD
FFBE7
FFBD2
FFBBE
FFBA9
FFB96
FFB83
FFB71
FFB60
FFB50
FFB40
FFB31
FFB22
FFB14
FFB07
FFAFB
FFAEF
FFAE4
FFADA
FFAD0
FFAC8
FFAC0
FFAB8
FFAB2
FFAAC
FFAA8
FFAA4
FFAA1
FFA9F
FFA9D
FFA9D
FFA9D
FFA9E
FFAA0
FFAA3
FFAA7
FFAAB
FFAB1
FFAB7
FFABE
FFAC6
FFACE
FFAD8
FFAE2
FFAED
FFAF9
FFB06
FFB13
FFB22
FFB31
FFB41
FFB52
FFB64
FFB76
FFB8A
FFB9D
FFBB2
FFBC7
FFBDD
FFBF4
FFC0B
FFC24
FFC3C
FFC56
FFC70
FFC8B
FFCA7
FFCC3
FFCE1
FFCFE
FFD1C
FFD3B
FFD5A
FFD79
FFD99
FFDB9
FFDDA
FFDFB
FFE1D
FFE3F
FFE61
FFE84
FFEA8
FFECC
FFEF0
FFF15
FFF39
FFF5E
FFF83
FFFA8
FFFCD
FFFF2
00018
0003D
00063
00089
000AF
000D5
000FB
00121
00148
0016E
00194
001BA
001DF
00204
00229
0024E
00272
00296
002BA
002DE
00301
00325
00348
0036A
0038D
003AF
003D0
003F0
00411
00430
0044F
0046D
0048B
004A8
004C4
004E0
004FC
00516
00531
0054A
00563
0057B
00592
005A9
005BE
005D3
005E6
005F9
0060B
0061C
0062C
0063C
0064A
00658
00664
00670
0067B
00685
0068E
00696
0069C
006A2
006A7
006AB
006AD
006AF
006B0
006AF
006AE
006AB
006A8
006A3
0069E
00697
00690
00687
0067D
00672
00667
0065A
0064C
0063D
0062D
0061C
0060B
005F8
005E4
005CF
005B8
005A2
0058A
00571
00557
0053D
00522
00505
004E8
004CA
004AC
0048C
0046B
0044A
00427
00404
003E0
003BB
00396
00370
0034A
00323
002FB
002D3
002AB
00282
00258
0022D
00203
001D7
001AB
0017F
00151
00124
000F7
000C9
0009B
0006D
0003F
00011
FFFE3
FFFB4
FFF85
FFF56
FFF27
FFEF8
FFEC9
FFE99
FFE6A
FFE3A
FFE0B
FFDDC
FFDAE
FFD80
FFD52
FFD24
FFCF7
FFCCA
FFC9E
FFC71
FFC45
FFC1A
FFBEE
FFBC3
FFB99
FFB6F
FFB45
FFB1D
FFAF5
FFACE
FFAA8
FFA82
FFA5D
FFA39
FFA16
FF9F3
FF9D2
FF9B0
FF990
FF970
FF952
FF934
FF917
FF8FB
FF8E1
FF8C7
FF8AF
FF898
FF882
FF86C
FF858
FF845
FF833
FF823
FF813
FF804
FF7F7
FF7EA
FF7DF
FF7D6
FF7CD
FF7C6
FF7C0
FF7BC
FF7B8
FF7B6
FF7B6
FF7B6
FF7B8
FF7BB
FF7C0
FF7C5
FF7CC
FF7D5
FF7DE
FF7E9
FF7F5
FF803
FF811
FF821
FF832
FF845
FF858
FF86D
FF884
FF89B
FF8B4
FF8CE
FF8E9
FF906
FF923
FF942
FF961
FF982
FF9A4
FF9C7
FF9EB
FFA10
FFA36
FFA5E
FFA86
FFAB0
FFADA
FFB06
FFB33
FFB60
FFB8F
FFBBD
FFBED
FFC1D
FFC4E
FFC80
FFCB2
FFCE5
FFD19
FFD4D
FFD83
FFDB8
FFDEF
FFE26
FFE5E
FFE96
FFECE
FFF07
FFF3F
FFF78
FFFB1
FFFEB
00024
0005E
00097
000D1
0010C
00146
00181
001BC
001F7
00231
0026B
002A5
002DF
00318
00350
00389
003C1
003F8
0042F
00466
0049D
004D3
00508
0053E
00572
005A6
005D9
0060C
0063D
0066D
0069C
006CB
006F9
00725
00751
0077C
007A6
007CF
007F7
0081E
00844
00869
0088D
008AF
008D0
008EF
0090E
0092B
00946
00960
00979
00991
009A7
009BC
009D0
009E2
009F3
00A02
00A10
00A1C
00A27
00A30
00A37
00A3D
00A41
00A44
00A45
00A44
00A42
00A3E
00A39
00A32
00A2A
00A20
00A14
00A07
009F8
009E8
009D6
009C2
009AD
00996
0097E
00964
00949
0092C
0090D
008ED
008CB
008A8
00884
0085E
00837
0080E
007E4
007B9
0078C
0075E
0072F
006FE
006CC
00699
00664
0062E
005F6
005BE
00585
0054B
00510
004D4
00497
00459
0041B
003DC
0039B
0035A
00318
002D5
00292
0024D
00208
001C2
0017C
00136
000EF
000A9
00062
0001B
FFFD3
FFF8B
FFF43
FFEFB
FFEB3
FFE6A
FFE21
FFDD8
FFD8E
FFD45
FFCFD
FFCB4
FFC6D
FFC26
FFBDF
FFB99
FFB53
FFB0D
FFAC8
FFA84
FFA40
FF9FC
FF9B9
FF977
FF934
FF8F3
FF8B3
FF875
FF837
FF7FA
FF7BF
FF785
FF74C
FF714
FF6DD
FF6A7
FF672
FF63F
FF60C
FF5DB
FF5AB
FF57C
FF550
FF525
FF4FB
FF4D3
FF4AD
FF489
FF466
FF445
FF425
FF407
FF3EB
FF3D1
FF3B8
FF3A1
FF38B
FF378
FF366
FF357
FF349
FF33D
FF334
FF32C
FF327
FF323
FF321
FF321
FF324
FF328
FF32E
FF336
FF341
FF34D
FF35B
FF36B
FF37D
FF391
FF3A8
FF3C0
FF3DA
FF3F6
FF414
FF434
FF456
FF47A
FF4A0
FF4C8
FF4F3
FF51E
FF54C
FF57B
FF5AC
FF5DF
FF613
FF649
FF681
FF6BB
FF6F6
FF733
FF772
FF7B2
FF7F4
FF838
FF87E
FF8C5
FF90C
FF955
FF9A0
FF9EB
FFA37
FFA85
FFAD3
FFB23
FFB74
FFBC6
FFC19
FFC6D
FFCC2
FFD19
FFD70
FFDC8
FFE20
FFE79
FFED2
FFF2B
FFF85
FFFDF
00039
00094
000EF
0014A
001A6
00202
0025E
002BB
00318
00375
003D0
0042C
00487
004E1
0053B
00594
005ED
00645
0069C
006F3
0074A
0079F
007F5
00849
0089E
008F0
00942
00992
009E0
00A2D
00A79
00AC4
00B0C
00B54
00B9A
00BDF
00C22
00C64
00CA5
00CE4
00D21
00D5D
00D96
00DCE
00E03
00E36
00E68
00E97
00EC3
00EEE
00F17
00F3E
00F62
00F85
00FA5
00FC3
00FE0
00FF9
01010
01025
01037
01047
01054
0105E
01066
0106B
0106E
0106F
0106C
01068
01060
01057
0104A
0103B
0102A
01016
01000
00FE6
00FCB
00FAD
00F8C
00F69
00F43
00F1A
00EEF
00EC2
00E92
00E5F
00E2A
00DF2
00DB9
00D7D
00D3F
00CFE
00CBC
00C77
00C30
00BE7
00B9B
00B4D
00AFD
00AAB
00A57
00A00
009A7
0094D
008F1
00893
00834
007D4
00772
0070F
006AA
00644
005DC
00573
00508
0049C
0042E
003BF
0034F
002DE
0026C
001FA
00187
00114
000A0
0002C
FFFB8
FFF42
FFECD
FFE57
FFDE0
FFD69
FFCF1
FFC79
FFC00
FFB88
FFB11
FFA9A
FFA24
FF9AF
FF93A
FF8C6
FF852
FF7DF
FF76D
FF6FC
FF68B
FF61B
FF5AB
FF53C
FF4CE
FF461
FF3F7
FF38E
FF327
FF2C1
FF25E
FF1FC
FF19C
FF13D
FF0E1
FF086
FF02D
FEFD6
FEF80
FEF2C
FEEDB
FEE8B
FEE3F
FEDF5
FEDAE
FED69
FED28
FECE9
FECAC
FEC73
FEC3C
FEC07
FEBD6
FEBA7
FEB7B
FEB51
FEB2B
FEB07
FEAE7
FEACA
FEAB1
FEA9B
FEA88
FEA78
FEA6C
FEA63
FEA5D
FEA5B
FEA5C
FEA60
FEA68
FEA72
FEA81
FEA92
FEAA7
FEAC0
FEADB
FEAFB
FEB1D
FEB43
FEB6C
FEB99
FEBC9
FEBFD
FEC34
FEC6E
FECAC
FECED
FED32
FED79
FEDC4
FEE12
FEE62
FEEB6
FEF0D
FEF67
FEFC3
FF023
FF086
FF0EC
FF155
FF1C1
FF230
FF2A2
FF317
FF38E
FF407
FF483
FF500
FF580
FF601
FF685
FF70B
FF793
FF81D
FF8A9
FF937
FF9C7
FFA59
FFAEE
FFB84
FFC1C
FFCB4
FFD4D
FFDE7
FFE81
FFF1D
FFFB9
00056
000F4
00193
00233
002D3
00375
00417
004BA
0055E
00601
006A4
00745
007E6
00886
00926
009C5
00A63
00B00
00B9D
00C39
00CD4
00D6F
00E08
00EA1
00F3A
00FD0
01064
010F5
01184
01212
0129C
01325
013AB
0142F
014B1
01531
015AE
01629
016A2
01719
0178D
017FE
0186B
018D5
0193B
0199D
019FC
01A57
01AAE
01B02
01B53
01B9F
01BE8
01C2E
01C70
01CAE
01CE9
01D1F
01D51
01D7E
01DA6
01DCA
01DE9
01E04
01E1B
01E2C
01E3A
01E42
01E46
01E46
01E41
01E38
01E29
01E17
01DFF
01DE2
01DC1
01D9A
01D6F
01D3F
01D0A
01CD1
01C92
01C4F
01C06
01BB9
01B67
01B10
01AB5
01A54
019F0
01987
01919
018A7
01830
017B5
01735
016B1
01628
0159B
01509
01473
013D8
01339
01295
011EE
01143
01096
00FE4
00F30
00E77
00DBC
00CFD
00C3B
00B75
00AAC
009E0
00910
0083D
00766
0068C
005B0
004D3
003F4
00313
00230
0014C
00065
FFF7E
FFE94
FFDA9
FFCBC
FFBCD
FFADC
FF9EA
FF8F6
FF800
FF70B
FF616
FF522
FF42E
FF33A
FF247
FF155
FF063
FEF71
FEE80
FED8F
FEC9F
FEBAF
FEAC0
FE9D1
FE8E3
FE7F7
FE70E
FE628
FE545
FE465
FE387
FE2AC
FE1D4
FE0FF
FE02D
FDF5D
FDE90
FDDC6
FDCFF
FDC3A
FDB79
FDABC
FDA04
FD952
FD8A5
FD7FC
FD759
FD6BB
FD621
FD58D
FD4FE
FD474
FD3EF
FD36F
FD2F5
FD27F
FD20E
FD1A4
FD142
FD0E6
FD091
FD042
FCFFB
FCFBB
FCF81
FCF4F
FCF23
FCEFF
FCEE1
FCECA
FCEBA
FCEB1
FCEAF
FCEB5
FCEC3
FCED9
FCEF7
FCF1E
FCF4C
FCF83
FCFC2
FD008
FD057
FD0AE
FD10D
FD175
FD1E4
FD25B
FD2DB
FD363
FD3F3
FD48C
FD52D
FD5D7
FD689
FD744
FD807
FD8D3
FD9A7
FDA83
FDB68
FDC56
FDD4C
FDE4A
FDF51
FE060
FE176
FE294
FE3BA
FE4E8
FE61E
FE75B
FE8A0
FE9ED
FEB42
FEC9F
FEE03
FEF6F
FF0E3
FF25F
FF3E3
FF56D
FF6FD
FF893
FFA30
FFBD3
FFD7C
FFF2C
000E2
0029E
00460
00629
007F8
009CD
00BA8
00D8A
00F72
0115E
0134E
01542
01739
01935
01B34
01D38
01F3F
0214A
02359
0256D
02784
0299F
02BBD
02DE0
03007
0322F
03457
03681
038AC
03AD8
03D05
03F34
04163
04393
045C5
047F7
04A2B
04C5F
04E95
050CC
05303
05539
0576D
0599E
05BCE
05DFB
06027
06250
06477
0669D
068C0
06AE1
06D00
06F1D
07137
07350
07567
07779
07985
07B8D
07D8F
07F8D
08185
08379
08567
08751
08935
08B14
08CEF
08EC4
09094
0925F
09426
095E4
0979C
0994B
09AF4
09C95
09E2E
09FC0
0A14B
0A2CE
0A449
0A5BD
0A72A
0A88F
0A9ED
0AB44
0AC92
0ADD8
0AF15
0B048
0B173
0B294
0B3AC
0B4BC
0B5C2
0B6BF
0B7B2
0B89D
0B97F
0BA57
0BB27
0BBED
0BCAA
0BD5E
0BE07
0BEA7
0BF3E
0BFCA
0C04D
0C0C6
0C135
0C19B
0C1F7
0C249
0C291
0C2D0
0C305
0C330
0C351
0C369
0C378
0C37E
0C37A
0C36D
0C356
0C337
0C30E
0C2DB
0C2A0
0C25B
0C20C
0C1B5
0C154
0C0EA
0C076
0BFFB
0BF78
0BEEE
0BE5B
0BDC1
0BD1F
0BC76
0BBC5
0BB0C
0BA4B
0B983
0B8B3
0B7DB
0B6FC
0B615
0B526
0B432
0B339
0B23A
0B136
0B02D
0AF1F
0AE0B
0ACF2
0ABD4
0AAB0
0A988
0A85A
0A726
0A5EE
0A4B0
0A36D
0A228
0A0E0
09F96
09E4B
09CFC
09BAC
09A5A
09905
097AE
09655
094F9
0939B
0923C
090DA
08F75
08E0F
08CA9
08B45
089E2
0887F
0871E
085BE
0845F
08301
081A4
08048
07EED
07D93
07C3A
07AE2
0798C
07836
076E5
07598
0744F
0730A
071C9
0708D
06F54
06E20
06CF1
06BC5
06A9D
0697A
0685B
06740
0662A
06517
0640C
06307
06209
06112
06021
05F38
05E55
05D79
05CA4
05BD6
05B0E
05A4D
05994
058E0
05834
0578F
056F2
0565D
055D2
0554E
054D3
05461
053F7
05396
0533D
052ED
052A5
05266
0522F
05201
051DB
051BE
051AA
0519F
0519D
051A5
051B6
051CF
051F3
0521F
05254
05293
052DA
0532B
05385
053E9
05455
054CB
05549
055D0
0565F
056F7
05798
05841
058F3
059AE
05A71
05B3C
05C11
05CEE
05DD3
05EC1
05FB8
060B7
061BD
062CB
063DF
064FA
0661C
06745
06874
069AB
06AE9
06C2E
06D79
06ECC
07025
07186
072ED
0745B
075CE
07744
078C0
07A3F
07BC3
07D4B
07ED7
08068
081FC
08396
08533
086D5
0887B
08A25
08BD4
08D86
08F3A
090EF
092A5
0945C
09614
097CD
09986
09B41
09CFD
09EBA
0A078
0A237
0A3F6
0A5B7
0A779
0A93C
0AAFC
0ACBA
0AE75
0B02D
0B1E3
0B396
0B547
0B6F5
0B8A0
0BA49
0BBEF
0BD93
0BF34
0C0D3
0C26E
0C408
0C59B
0C728
0C8AF
0CA30
0CBAA
0CD1F
0CE8E
0CFF6
0D158
0D2B5
0D40B
0D55B
0D6A5
0D7E9
0D927
0DA5E
0DB8D
0DCB2
0DDCF
0DEE2
0DFEC
0E0EE
0E1E6
0E2D4
0E3BA
0E497
0E56B
0E635
0E6F7
0E7AF
0E85E
0E905
0E99F
0EA2F
0EAB3
0EB2C
0EB9A
0EBFC
0EC53
0EC9F
0ECE0
0ED15
0ED3F
0ED5D
0ED71
0ED79
0ED75
0ED67
0ED4C
0ED24
0ECF0
0ECB0
0EC63
0EC0A
0EBA5
0EB33
0EAB5
0EA2A
0E993
0E8F0
0E840
0E783
0E6BB
0E5E5
0E504
0E416
0E31C
0E215
0E102
0DFE3
0DEB7
0DD7F
0DC3A
0DAEA
0D98C
0D823
0D6AD
0D52A
0D39C
0D200
0D05A
0CEA8
0CCEC
0CB24
0C950
0C772
0C588
0C393
0C193
0BF88
0BD71
0BB4F
0B922
0B6E9
0B4A6
0B257
0AFFF
0AD9E
0AB34
0A8C1
0A645
0A3C0
0A132
09E9A
09BFA
09951
0969E
093E2
0911E
08E50
08B79
0889A
085B4
082C8
07FD6
07CDD
079DF
076DB
073D0
070C0
06DA9
06A8C
06769
06441
06112
05DDC
05AA1
05760
0541C
050D5
04D8C
04A40
046F2
043A1
0404D
03CF7
0399E
03643
032E5
02F84
02C21
028BB
02552
021E7
01E7D
01B13
017AB
01443
010DD
00D77
00A12
006AE
0034B
FFFE9
FFC88
FF928
FF5C8
FF26A
FEF0C
FEBB0
FE857
FE503
FE1B4
FDE68
FDB21
FD7DE
FD4A0
FD166
FCE30
FCAFE
FC7D1
FC4A8
FC184
FBE63
FBB47
FB830
FB51F
FB216
FAF14
FAC19
FA925
FA639
FA354
FA076
F9D9F
F9ACF
F9807
F9546
F928C
F8FD9
F8D2D
F8A89
F87EE
F855C
F82D4
F8056
F7DE1
F7B75
F7913
F76BA
F746B
F7225
F6FE9
F6DB6
F6B8C
F696C
F6756
F6548
F6346
F614F
F5F62
F5D81
F5BAA
F59DE
F581D
F5666
F54BB
F531A
F5185
F4FFA
F4E7A
F4D05
F4B9B
F4A3B
F48E7
F479F
F4661
F4530
F4409
F42EE
F41DE
F40DA
F3FE1
F3EF3
F3E11
F3D3A
F3C6E
F3BAE
F3AF9
F3A50
F39B1
F391E
F3896
F3819
F37A7
F3741
F36E5
F3694
F364F
F3615
F35E6
F35C2
F35A9
F359B
F3598
F35A1
F35B3
F35D0
F35F6
F3627
F3662
F36A6
F36F5
F374E
F37B1
F381E
F3895
F3916
F39A1
F3A36
F3AD5
F3B7F
F3C30
F3CEB
F3DAE
F3E79
F3F4D
F402A
F410F
F41FD
F42F3
F43F2
F44F9
F4609
F4722
F4843
F496C
F4A9F
F4BD7
F4D17
F4E5D
F4FA9
F50FC
F5256
F53B6
F551C
F568A
F57FE
F5978
F5AF9
F5C81
F5E0F
F5FA3
F613F
F62DE
F6483
F662B
F67D8
F698A
F6B40
F6CFA
F6EB9
F707D
F7245
F7411
F75E2
F77B8
F7991
F7B70
F7D52
F7F37
F811F
F8308
F84F4
F86E1
F88D1
F8AC4
F8CB8
F8EAF
F90A8
F92A3
F94A0
F96A0
F98A1
F9AA5
F9CAC
F9EB2
FA0B8
FA2BF
FA4C6
FA6CD
FA8D4
FAADB
FACE3
FAEEA
FB0F2
FB2FA
FB502
FB70A
FB912
FBB1B
FBD23
FBF2A
FC12F
FC333
FC534
FC734
FC932
FCB2E
FCD28
FCF21
FD118
FD30D
FD500
FD6F2
FD8E1
FDACF
FDCBC
FDEA4
FE08A
FE26B
FE44A
FE624
FE7FC
FE9CF
FEBA0
FED6D
FEF36
FF0FC
FF2BE
FF47D
FF639
FF7F1
FF9A5
FFB55
FFD00
FFEA5
00046
001E3
0037A
0050C
00699
00822
009A6
00B24
00C9E
00E13
00F84
010EF
01255
013B6
01510
01664
017B2
018FA
01A3C
01B79
01CAF
01DDE
01F08
0202C
0214A
02262
02374
0247F
02585
02684
0277C
0286D
02957
02A3B
02B18
02BEE
02CBD
02D85
02E47
02F01
02FB5
03062
03109
031A8
03241
032D2
0335C
033DF
0345A
034CE
0353A
0359F
035FD
03653
036A2
036EA
0372A
03763
03795
037BF
037E1
037FD
03810
0381D
03822
0381F
03815
03804
037EB
037CA
037A3
03773
0373C
036FE
036B8
0366B
03617
035BB
03558
034ED
0347B
03402
03382
032FA
0326B
031D5
03138
03093
02FE7
02F34
02E79
02DB7
02CEE
02C1E
02B48
02A6B
02987
0289D
027AC
026B4
025B6
024B1
023A6
02294
0217C
0205C
01F36
01E0A
01CD7
01B9E
01A60
0191C
017D3
01684
0152F
013D5
01275
01110
00FA4
00E34
00CBE
00B42
009C0
00839
006AD
0051C
00387
001EE
00051
FFEB0
FFD0A
FFB61
FF9B3
FF801
FF64C
FF492
FF2D3
FF111
FEF4B
FED80
FEBB2
FE9E1
FE80E
FE638
FE461
FE287
FE0AA
FDECC
FDCEB
FDB08
FD923
FD73B
FD551
FD365
FD177
FCF86
FCD94
FCBA1
FC9AD
FC7BA
FC5C7
FC3D3
FC1E0
FBFEC
FBDF8
FBC04
FBA10
FB81C
FB628
FB433
FB23F
FB04A
FAE55
FAC63
FAA72
FA884
FA698
FA4AF
FA2C7
FA0E2
F9EFF
F9D1E
F9B40
F9964
F978A
F95B2
F93DC
F9209
F9038
F8E6B
F8CA3
F8AE0
F8921
F8767
F85B1
F83FF
F8253
F80AA
F7F07
F7D67
F7BCD
F7A36
F78A5
F7718
F758F
F740D
F7292
F711E
F6FB1
F6E4A
F6CEA
F6B91
F6A3E
F68F2
F67AD
F666F
F6538
F6407
F62DD
F61BA
F609E
F5F8A
F5E7F
F5D7C
F5C82
F5B90
F5AA7
F59C6
F58EE
F581E
F5757
F5698
F55E2
F5535
F5490
F53F3
F535F
F52D5
F5254
F51DE
F5171
F510D
F50B4
F5064
F501E
F4FE2
F4FB0
F4F87
F4F68
F4F53
F4F48
F4F46
F4F4E
F4F60
F4F7D
F4FA4
F4FD5
F5010
F5055
F50A5
F50FF
F5163
F51D2
F524A
F52CD
F535A
F53F1
F5493
F553E
F55F4
F56B3
F577D
F5850
F592D
F5A14
F5B05
F5C00
F5D05
F5E14
F5F2C
F604F
F617B
F62B1
F63F1
F653C
F668E
F67EA
F694E
F6ABB
F6C31
F6DAF
F6F36
F70C6
F725E
F7400
F75AA
F775C
F7918
F7ADC
F7CA9
F7E7E
F805B
F823E
F8427
F8618
F880F
F8A0D
F8C12
F8E1D
F9030
F9249
F9468
F968F
F98BC
F9AF0
F9D2A
F9F6C
FA1B1
FA3FB
FA649
FA89B
FAAF1
FAD4B
FAFA9
FB20C
FB473
FB6DD
FB94C
FBBBF
FBE37
FC0B2
FC332
FC5B5
FC83A
FCAC0
FCD47
FCFCF
FD259
FD4E3
FD76F
FD9FB
FDC89
FDF18
FE1A8
FE439
FE6CB
FE95F
FEBF3
FEE89
FF11C
FF3AE
FF63D
FF8CB
FFB56
FFDE0
00067
002EC
00570
007F1
00A70
00CED
00F68
011E1
01458
016CD
0193D
01BA8
01E0D
0206E
022C9
02520
02771
029BE
02C05
02E47
03084
032BC
034EF
0371D
03946
03B69
03D85
03F9A
041A6
043AB
045A8
0479E
0498C
04B72
04D50
04F27
050F6
052BE
0547D
05635
057E6
0598E
05B2D
05CC3
05E4E
05FD1
06149
062B8
0641D
06579
066CB
06814
06952
06A88
06BB3
06CD5
06DEE
06EFC
07000
070FA
071E8
072CC
073A5
07473
07537
075F0
0769E
07741
077DA
07868
078EB
07963
079D1
07A34
07A8C
07AD9
07B1B
07B52
07B7E
07B9F
07BB6
07BC1
07BC1
07BB7
07BA1
07B81
07B55
07B1F
07ADD
07A91
07A3A
079D9
0796E
078F8
07878
077EE
07759
076BB
07611
0755E
074A0
073D8
07306
07229
07142
07050
06F56
06E53
06D47
06C32
06B15
069EE
068BF
06787
06646
064FC
063A9
0624E
060E9
05F7C
05E06
05C87
05B01
05975
057E1
05647
054A6
052FF
05150
04F9B
04DDF
04C1C
04A52
04882
046AB
044CD
042E8
040FC
03F0C
03D17
03B1E
03921
0371F
03518
0330D
030FE
02EEA
02CD2
02AB5
02893
0266D
02443
02214
01FE1
01DAB
01B74
0193B
016FF
014C2
01282
01041
00DFD
00BB7
00970
00726
004DA
0028C
0003C
FFDEA
FFB97
FF943
FF6EF
FF49C
FF249
FEFF6
FEDA3
FEB50
FE8FD
FE6AB
FE459
FE207
FDFB5
FDD64
FDB12
FD8C1
FD670
FD421
FD1D4
FCF89
FCD41
FCAFA
FC8B5
FC673
FC433
FC1F4
FBFB8
FBD7E
FBB46
FB910
FB6DD
FB4AB
FB27B
FB04F
FAE26
FAC00
FA9DE
FA7BF
FA5A4
FA38C
FA177
F9F66
F9D58
F9B4D
F9946
F9742
F9541
F9344
F914A
F8F54
F8D63
F8B75
F898C
F87A7
F85C5
F83E8
F8210
F803B
F7E6A
F7C9E
F7AD5
F7911
F7751
F7595
F73DD
F7229
F707A
F6ECF
F6D29
F6B86
F69E8
F684E
F66B9
F6528
F639B
F6213
F608E
F5F0E
F5D93
F5C1B
F5AA8
F593A
F57CF
F5668
F5505
F53A7
F524C
F50F6
F4FA4
F4E55
F4D0B
F4BC5
F4A83
F4945
F480C
F46D6
F45A4
F4476
F434C
F4225
F4102
F3FE2
F3EC6
F3DAD
F3C99
F3B87
F3A7A
F396F
F3869
F3766
F3667
F356B
F3473
F337E
F328C
F319D
F30B0
F2FC7
F2EE1
F2DFE
F2D1E
F2C41
F2B67
F2A90
F29BC
F28EB
F281D
F2752
F2689
F25C4
F2501
F2441
F2383
F22C8
F2210
F215A
F20A7
F1FF7
F1F49
F1E9E
F1DF5
F1D4F
F1CAC
F1C0B
F1B6D
F1AD1
F1A38
F19A1
F190D
F187A
F17EB
F175E
F16D3
F164A
F15C4
F1541
F14BF
F1441
F13C4
F134A
F12D3
F125E
F11EC
F117C
F110F
F10A5
F103E
F0FD9
F0F77
F0F17
F0EBA
F0E60
F0E09
F0DB4
F0D62
F0D13
F0CC6
F0C7D
F0C36
F0BF3
F0BB3
F0B76
F0B3D
F0B06
F0AD3
F0AA3
F0A76
F0A4C
F0A26
F0A02
F09E2
F09C5
F09AB
F0995
F0984
F0976
F096D
F0968
F0967
F096A
F0971
F097C
F098C
F099F
F09B7
F09D3
F09F3
F0A17
F0A3F
F0A6C
F0A9F
F0AD7
F0B13
F0B55
F0B9C
F0BE8
F0C39
F0C8F
F0CEB
F0D4B
F0DB1
F0E1B
F0E8B
F0F00
F0F7A
F0FFA
F1080
F110C
F119F
F1237
F12D5
F137A
F1424
F14D4
F158B
F1648
F170A
F17D3
F18A2
F1977
F1A51
F1B33
F1C1B
F1D0A
F1DFF
F1EFB
F1FFE
F2107
F2217
F232E
F244B
F256F
F269A
F27CB
F2903
F2A41
F2B87
F2CD2
F2E25
F2F7E
F30DE
F3245
F33B3
F3527
F36A2
F3824
F39AC
F3B3C
F3CD2
F3E6E
F4012
F41BC
F436D
F4524
F46E1
F48A5
F4A6E
F4C3E
F4E14
F4FF0
F51D2
F53BB
F55A9
F579E
F5999
F5B9A
F5DA1
F5FAF
F61C2
F63DB
F65F7
F6819
F6A3F
F6C6A
F6E9A
F70CE
F7307
F7544
F7787
F79CE
F7C19
F7E69
F80BE
F8318
F8576
F87D7
F8A3A
F8CA0
F8F08
F9173
F93E0
F9650
F98C2
F9B37
F9DAE
FA027
FA2A4
FA522
FA7A3
FAA27
FACAD
FAF33
FB1B8
FB43D
FB6C1
FB945
FBBC9
FBE4C
FC0CF
FC352
FC5D4
FC855
FCAD6
FCD57
FCFD7
FD257
FD4D7
FD753
FD9CB
FDC40
FDEB1
FE11E
FE388
FE5EE
FE851
FEAB0
FED0B
FEF63
FF1B7
FF408
FF655
FF89E
FFAE4
FFD23
FFF5A
0018B
003B5
005D7
007F3
00A07
00C15
00E1C
0101B
01214
01405
015EF
017D3
019AF
01B85
01D50
01F11
020C9
02276
02419
025B2
02741
028C6
02A41
02BB2
02D19
02E76
02FC9
03112
03251
03385
034AE
035CA
036D9
037DC
038D3
039BD
03A9B
03B6C
03C31
03CEA
03D96
03E36
03EC9
03F50
03FCA
04039
04099
040EC
04130
04168
04191
041AD
041BB
041BC
041AE
04193
0416B
04134
040F0
0409E
0403F
03FD1
03F56
03ECE
03E37
03D93
03CE1
03C22
03B55
03A7A
03991
0389A
03796
03684
03565
03437
032FC
031B4
0305F
02EFD
02D90
02C16
02A8F
028FD
0275E
025B3
023FB
02237
02067
01E8B
01CA2
01AAD
018AC
0169E
01487
01267
0103D
00E09
00BCC
00986
00736
004DD
0027A
0000E
FFD99
FFB1A
FF891
FF5FF
FF364
FF0BF
FEE15
FEB65
FE8B0
FE5F5
FE335
FE070
FDDA5
FDAD5
FD7FF
FD524
FD243
FCF5D
FCC71
FC980
FC68A
FC38E
FC092
FBD95
FBA98
FB79A
FB49C
FB19D
FAE9E
FAB9E
FA89E
FA59E
FA29C
F9F9B
F9C99
F9997
F9694
F9390
F9092
F8D98
F8AA3
F87B3
F84C8
F81E1
F7EFF
F7C23
F794A
F7677
F73A9
F70DF
F6E1A
F6B5A
F689F
F65E9
F633D
F609A
F5E02
F5B74
F58F0
F5677
F5407
F51A1
F4F46
F4CF4
F4AAD
F4870
F463D
F4414
F41F5
F3FE0
F3DDA
F3BE2
F39F9
F381F
F3653
F3496
F32E7
F3147
F2FB6
F2E33
F2CBF
F2B5A
F2A03
F28BA
F2781
F2655
F253C
F2435
F2340
F225D
F218B
F20CC
F201E
F1F83
F1EFA
F1E82
F1E1C
F1DC9
F1D87
F1D58
F1D3A
F1D2E
F1D36
F1D52
F1D81
F1DC4
F1E1B
F1E85
F1F03
F1F95
F203A
F20F3
F21C0
F22A0
F2394
F249C
F25B7
F26E7
F2829
F2980
F2AE9
F2C67
F2DF8
F2F9D
F3155
F3321
F3500
F36F3
F38FA
F3B14
F3D42
F3F83
F41D8
F4441
F46BB
F4947
F4BE4
F4E93
F5153
F5425
F5709
F59FE
F5D04
F601D
F6346
F6682
F69CF
F6D2D
F709D
F741F
F77AE
F7B4B
F7EF6
F82AE
F8675
F8A49
F8E2A
F921A
F9617
F9A22
F9E3A
FA260
FA694
FAAD6
FAF25
FB383
FB7E8
FBC56
FC0CC
FC54B
FC9D3
FCE62
FD2FA
FD79B
FDC44
FE0F5
FE5AF
FEA71
FEF3C
FF40F
FF8EB
FFDCE
002B5
0079D
00C87
01174
01662
01B53
02046
0253B
02A32
02F2B
03427
03924
03E24
04326
0482A
04D30
05232
0572F
05C27
0611B
0660B
06AF6
06FDC
074BE
0799C
07E75
08349
08819
08CE4
091AB
0966D
09B2B
09FDE
0A486
0A923
0ADB5
0B23C
0B6B8
0BB29
0BF8F
0C3EB
0C83B
0CC81
0D0BB
0D4EB
0D910
0DD2A
0E138
0E537
0E925
0ED03
0F0D0
0F48D
0F839
0FBD5
0FF60
102DC
10646
109A0
10CEA
11024
1134D
11665
1196E
11C61
11F40
1220B
124C1
12763
129F0
12C69
12ECD
1311D
13358
1357E
13791
1398E
13B77
13D4C
13F0C
140B5
14248
143C4
14529
14678
147AF
148D0
149DA
14ACE
14BAB
14C71
14D20
14DB9
14E3A
14EA5
14EFA
14F37
14F5E
14F6D
14F66
14F48
14F13
14EC6
14E64
14DEA
14D59
14CB1
14BF3
14B1D
14A31
1492E
14813
146E4
145A0
14447
142D9
14155
13FBD
13E10
13C4E
13A77
1388B
13689
13473
13248
13008
12DB3
12B48
128CD
12640
123A2
120F3
11E32
11B60
1187D
11588
11283
10F6B
10C43
10909
105BE
10262
0FEF4
0FB76
0F7EB
0F453
0F0B0
0ED01
0E945
0E57E
0E1AA
0DDCA
0D9DE
0D5E6
0D1E2
0CDD2
0C9B5
0C58D
0C158
0BD17
0B8D0
0B483
0B030
0ABD7
0A778
0A313
09EA7
09A36
095BE
09141
08CBD
08834
083A4
07F0E
07A72
075D0
0712E
06C8D
067EC
0634B
05EAB
05A0B
0556B
050CB
04C2C
0478D
042EF
03E51
039B3
03515
03078
02BDB
02744
022B4
01E2A
019A6
01529
010B2
00C41
007D6
00372
FFF14
FFABD
FF66B
FF220
FEDDB
FE99D
FE565
FE138
FDD17
FD901
FD4F7
FD0F8
FCD04
FC91C
FC540
FC16F
FBDA9
FB9EF
FB640
FB29C
FAF05
FAB78
FA7F7
FA485
FA122
F9DCE
F9A8A
F9754
F942E
F9117
F8E0F
F8B16
F882C
F8551
F8285
F7FC9
F7D1B
F7A7D
F77EE
F7570
F7303
F70A7
F6E5D
F6C24
F69FB
F67E4
F65DF
F63EA
F6206
F6034
F5E73
F5CC3
F5B24
F5997
F581A
F56AF
F5556
F540D
F52D7
F51B1
F509E
F4F9B
F4EAA
F4DCA
F4CFC
F4C3F
F4B94
F4AFA
F4A71
F49FA
F4995
F493F
F48F9
F48C4
F489E
F4888
F4883
F488D
F48A7
F48D2
F490C
F4957
F49B1
F4A1B
F4A96
F4B20
F4BBB
F4C62
F4D17
F4DD9
F4EA8
F4F85
F506E
F5165
F5269
F537A
F5498
F55C4
F56FD
F5842
F5996
F5AF6
F5C63
F5DDA
F5F5A
F60E3
F6276
F6412
F65B7
F6766
F691E
F6ADF
F6CAA
F6E7E
F705B
F7242
F7432
F762B
F782D
F7A35
F7C41
F7E53
F8069
F8285
F84A5
F86CB
F88F6
F8B25
F8D5A
F8F94
F91D2
F9416
F965E
F98AC
F9AFF
F9D52
F9FA6
FA1FB
FA450
FA6A6
FA8FC
FAB53
FADAB
FB004
FB25D
FB4B6
FB711
FB96C
FBBC7
FBE24
FC080
FC2DA
FC531
FC785
FC9D6
FCC23
FCE6E
FD0B6
FD2FA
FD53C
FD77A
FD9B6
FDBEE
FDE24
FE056
FE285
FE4B2
FE6D8
FE8F9
FEB13
FED28
FEF37
FF140
FF343
FF540
FF737
FF928
FFB14
FFCF9
FFED9
000B3
00287
00454
0061B
007DA
00991
00B41
00CEA
00E8B
01024
011B6
01340
014C3
0163F
017B3
0191F
01A84
01BE2
01D37
01E85
01FCC
0210A
02240
0236F
02495
025B4
026CA
027D9
028E0
029DF
02AD6
02BC5
02CAC
02D8B
02E63
02F33
02FFD
030BF
0317B
0322F
032DD
03384
03424
034BC
0354E
035D9
0365D
036DA
03750
037BF
03828
0388B
038E9
03942
03996
039E5
03A2F
03A74
03AB4
03AEE
03B24
03B55
03B80
03BA7
03BC9
03BE5
03BFD
03C12
03C24
03C34
03C42
03C4D
03C55
03C5B
03C5F
03C60
03C5E
03C5A
03C53
03C4A
03C3F
03C31
03C20
03C10
03C00
03BF0
03BE1
03BD2
03BC3
03BB4
03BA6
03B98
03B8A
03B7C
03B6F
03B62
03B55
03B49
03B3D
03B34
03B2D
03B2A
03B29
03B2B
03B30
03B37
03B42
03B4F
03B60
03B73
03B89
03BA1
03BBD
03BDB
03BFD
03C23
03C4E
03C7E
03CB2
03CEC
03D2B
03D6E
03DB6
03E03
03E55
03EAC
03F08
03F69
03FCE
04038
040A8
0411D
04198
04219
042A0
0432C
043BF
04458
044F6
0459A
04645
046F5
047AB
04867
04929
049F1
04ABE
04B92
04C6C
04D4B
04E31
04F1C
0500E
05105
05202
05306
0540F
0551E
05634
0574F
05870
05997
05AC4
05BF6
05D2D
05E68
05FA8
060ED
06237
06386
064D9
06631
0678E
068F0
06A57
06BC2
06D32
06EA7
07021
0719D
0731D
0749F
07623
077AB
07935
07AC2
07C51
07DE4
07F79
08111
082AB
08449
085E9
0878C
08931
08AD7
08C7C
08E21
08FC6
0916C
09310
094B5
0965A
097FF
099A3
09B48
09CEC
09E90
0A034
0A1D8
0A37C
0A51D
0A6BA
0A854
0A9EB
0AB7E
0AD0F
0AE9C
0B026
0B1AC
0B32F
0B4AF
0B62C
0B7A5
0B91C
0BA8F
0BBFE
0BD68
0BECA
0C027
0C17D
0C2CD
0C416
0C559
0C695
0C7CB
0C8FA
0CA24
0CB46
0CC63
0CD78
0CE88
0CF91
0D091
0D188
0D275
0D35A
0D435
0D507
0D5D0
0D690
0D747
0D7F4
0D899
0D934
0D9C6
0DA4F
0DACF
0DB46
0DBB2
0DC12
0DC68
0DCB3
0DCF2
0DD27
0DD51
0DD6F
0DD83
0DD8C
0DD8A
0DD7C
0DD64
0DD41
0DD13
0DCD9
0DC94
0DC43
0DBE6
0DB7E
0DB09
0DA89
0D9FC
0D964
0D8C0
0D810
0D754
0D68D
0D5B9
0D4DA
0D3EF
0D2F7
0D1F5
0D0E7
0CFCD
0CEA8
0CD78
0CC3C
0CAF4
0C9A1
0C843
0C6D9
0C563
0C3E2
0C256
0C0BE
0BF1A
0BD6C
0BBB3
0B9F0
0B823
0B64C
0B46B
0B280
0B08B
0AE8C
0AC82
0AA6F
0A852
0A62B
0A3FA
0A1BE
09F79
09D2A
09AD3
09875
0960F
093A2
0912D
08EB0
08C2D
089A1
0870E
08474
081D2
07F29
07C78
079C0
07700
07438
0716D
06E9D
06BC8
068F0
06613
06331
0604C
05D62
05A74
05781
0548A
0518F
04E90
04B8C
04884
04577
0426A
03F5C
03C4D
0393D
0362D
0331B
03009
02CF6
029E2
026CD
023B8
020A1
01D8A
01A72
01759
0143F
01128
00E13
00B02
007F2
004E6
001DB
FFED4
FFBCF
FF8CD
FF5CD
FF2D0
FEFD6
FECDE
FE9E9
FE6F6
FE406
FE11C
FDE37
FDB57
FD87D
FD5A9
FD2DA
FD010
FCD4D
FCA8E
FC7D5
FC522
FC274
FBFCC
FBD29
FBA8C
FB7F4
FB564
FB2DC
FB05B
FADE2
FAB71
FA907
FA6A6
FA44B
FA1F9
F9FAE
F9D6B
F9B30
F98FC
F96D0
F94AC
F9290
F907C
F8E71
F8C6F
F8A75
F8884
F869C
F84BD
F82E7
F8119
F7F54
F7D98
F7BE4
F7A39
F7897
F76FE
F756E
F73E6
F7267
F70F1
F6F84
F6E1F
F6CC4
F6B71
F6A27
F68E6
F67AD
F667E
F6557
F6439
F6324
F6217
F6114
F6018
F5F24
F5E37
F5D53
F5C76
F5BA1
F5AD3
F5A0E
F5950
F5899
F57EB
F5744
F56A5
F560E
F557E
F54F6
F5474
F53F8
F5382
F5311
F52A7
F5243
F51E4
F518B
F5138
F50EB
F50A4
F5063
F5028
F4FF2
F4FC3
F4F99
F4F73
F4F50
F4F31
F4F16
F4EFE
F4EE9
F4ED8
F4ECA
F4EC0
F4EB9
F4EB6
F4EB7
F4EBB
F4EC2
F4ECD
F4EDB
F4EEB
F4EFB
F4F0C
F4F1E
F4F32
F4F46
F4F5B
F4F71
F4F89
F4FA1
F4FBA
F4FD4
F4FEF
F500B
F5028
F5046
F5063
F507E
F5098
F50B1
F50C9
F50DF
F50F4
F5108
F511B
F512C
F513C
F514B
F5158
F5165
F5170
F5179
F5180
F5184
F5185
F5183
F517D
F5175
F516A
F515C
F514B
F5138
F5121
F5107
F50EA
F50CA
F50A8
F5082
F5059
F502C
F4FFC
F4FC8
F4F90
F4F55
F4F16
F4ED4
F4E8E
F4E44
F4DF7
F4DA6
F4D52
F4CFA
F4C9E
F4C3F
F4BDC
F4B77
F4B0D
F4AA1
F4A31
F49BE
F4948
F48CE
F4851
F47D1
F474D
F46C6
F463C
F45AE
F451D
F4489
F43F3
F435B
F42C1
F4225
F4188
F40E8
F4047
F3FA4
F3EFF
F3E58
F3DAF
F3D05
F3C58
F3BAA
F3AFA
F3A47
F3996
F38E4
F3833
F3783
F36D3
F3623
F3573
F34C4
F3415
F3367
F32B9
F320B
F315E
F30B1
F3005
F2F58
F2EB0
F2E0A
F2D68
F2CC9
F2C2E
F2B96
F2B01
F2A70
F29E2
F2957
F28D0
F284C
F27CC
F274F
F26D5
F265E
F25EE
F2585
F2522
F24C5
F246F
F2420
F23D7
F2394
F2358
F2322
F22F3
F22CA
F22A8
F228C
F2277
F2268
F2263
F2267
F2274
F228B
F22AC
F22D6
F2309
F2346
F238C
F23DC
F2435
F2498
F2504
F257A
F25F9
F2681
F2716
F27B6
F2861
F2919
F29DC
F2AAB
F2B86
F2C6D
F2D5F
F2E5D
F2F67
F307C
F319E
F32CB
F3404
F3548
F369A
F37F9
F3964
F3ADD
F3C63
F3DF5
F3F95
F4142
F42FB
F44C2
F4696
F4877
F4A65
F4C5F
F4E67
F507C
F529E
F54CD
F5708
F5951
F5BA7
F5E0A
F607A
F62F7
F6581
F6817
F6ABB
F6D6C
F702A
F72F5
F75CD
F78B2
F7BA2
F7E9E
F81A6
F84B9
F87D8
F8B02
F8E38
F9179
F94C6
F981E
F9B82
F9EF1
FA26C
FA5F3
FA985
FAD22
FB0C9
FB478
FB830
FBBF0
FBFBA
FC38C
FC767
FCB4A
FCF37
FD32C
FD72A
FDB31
FDF41
FE359
FE77A
FEBA4
FEFD3
FF406
FF83E
FFC7B
000BC
00503
0094E
00D9D
011F2
0164B
01AA9
01F0C
02373
027DF
02C50
030C6
0353B
039B1
03E27
0429C
04712
04B87
04FFC
05472
058E7
05D5D
061D2
06647
06ABC
06F32
073A7
0781C
07C8C
080F7
0855D
089BD
08E19
0926F
096C0
09B0C
09F53
0A395
0A7D2
0AC09
0B03B
0B469
0B891
0BCB3
0C0CC
0C4DB
0C8E0
0CCDB
0D0CB
0D4B2
0D88F
0DC61
0E02A
0E3E9
0E79D
0EB48
0EEE8
0F27F
0F60B
0F98E
0FD02
10068
103C0
10709
10A45
10D72
11091
113A2
116A4
11999
11C7F
11F57
12221
124DC
12789
12A29
12CB6
12F33
1319F
133F9
13642
1387A
13AA0
13CB6
13EBA
140AD
1428F
1445F
1461E
147CC
14969
14AF5
14C6E
14DD4
14F27
15068
15196
152B2
153BB
154B1
15594
15665
15723
157CE
15866
158EC
1595F
159C0
15A0E
15A49
15A72
15A88
15A8C
15A7D
15A5B
15A28
159E1
15988
1591C
1589E
1580E
1576A
156B5
155EC
15513
1542A
1532F
15224
15108
14FDB
14E9E
14D50
14BF1
14A82
14902
14771
145CF
1441D
1425A
14086
13EA5
13CB6
13ABA
138B1
13699
13475
13243
13004
12DB7
12B5C
128F4
1267F
123FC
1216C
11ECF
11C23
1196F
116B2
113EB
1111C
10E43
10B61
10876
10582
10285
0FF7F
0FC6F
0F957
0F635
0F30A
0EFD7
0EC9A
0E958
0E613
0E2CA
0DF7C
0DC2A
0D8D4
0D57A
0D21C
0CEB9
0CB52
0C7E8
0C479
0C106
0BD8E
0BA13
0B693
0B314
0AF96
0AC19
0A89D
0A522
0A1A7
09E2D
09AB4
0973C
093C5
0904F
08CD9
08964
085F1
0827E
07F0B
07B9F
07837
074D5
07179
06E22
06AD0
06784
0643E
060FC
05DC0
05A8A
05759
0542D
05107
04DE7
04ACB
047B9
044B0
041B0
03EB9
03BCB
038E5
03609
03336
0306C
02DAB
02AF3
02845
0259F
02302
0206E
01DE3
01B64
018F0
01687
0142A
011D9
00F92
00D58
00B28
00904
006EC
004DF
002DD
000E7
FFEFD
FFD1D
FFB4A
FF982
FF7C7
FF618
FF476
FF2E0
FF156
FEFD9
FEE68
FED03
FEBAB
FEA5F
FE91F
FE7EC
FE6C5
FE5AA
FE49C
FE39A
FE2A3
FE1B9
FE0DA
FE007
FDF40
FDE85
FDDD6
FDD33
FDC9C
FDC10
FDB91
FDB1D
FDAB6
FDA5A
FDA0A
FD9C4
FD989
FD957
FD930
FD912
FD8FF
FD8F6
FD8F7
FD902
FD918
FD937
FD961
FD994
FD9D2
FDA1A
FDA6C
FDAC5
FDB26
FDB8E
FDBFE
FDC75
FDCF4
FDD79
FDE07
FDE9B
FDF38
FDFDB
FE086
FE138
FE1F2
FE2B3
FE37C
FE449
FE51A
FE5EF
FE6C9
FE7A7
FE889
FE96F
FEA5A
FEB49
FEC3C
FED34
FEE30
FEF30
FF034
FF13D
FF24A
FF358
FF467
FF577
FF688
FF79A
FF8AD
FF9C2
FFAD7
FFBED
FFD05
FFE1D
FFF37
00051
0016D
00289
003A7
004C3
005DD
006F5
0080C
00921
00A34
00B46
00C56
00D64
00E70
00F7A
01083
0118A
01290
01394
01495
01594
0168E
01784
01877
01966
01A50
01B38
01C1B
01CFA
01DD6
01EAD
01F81
02051
0211D
021E6
022AA
0236A
02425
024DB
0258D
0263A
026E2
02786
02824
028BE
02954
029E4
02A70
02AF7
02B79
02BF7
02C70
02CE4
02D54
02DBF
02E25
02E87
02EE4
02F3D
02F91
02FE0
0302A
03070
030B2
030EE
03126
0315A
03188
031B4
031DC
03200
03221
0323E
03259
0326F
03282
03292
0329E
032A7
032AD
032AF
032AD
032A8
032A0
03296
0328A
0327D
0326F
0325F
0324D
03239
03225
0320E
031F6
031DD
031C1
031A5
03187
03167
03145
03125
03105
030E6
030C8
030AB
0308F
03073
03059
0303F
03026
0300E
02FF7
02FE0
02FCB
02FB6
02FA2
02F91
02F84
02F7A
02F73
02F6F
02F6F
02F72
02F78
02F81
02F8D
02F9D
02FB0
02FC6
02FE0
02FFD
0301C
03042
0306C
0309B
030D0
03109
03148
0318C
031D5
03223
03276
032CF
0332C
0338F
033F7
03464
034D6
0354F
035CD
03652
036DE
0376F
03807
038A6
0394A
039F5
03AA7
03B5E
03C1C
03CE0
03DAB
03E7C
03F53
04031
04114
041FE
042EF
043E5
044E2
045E5
046EF
047FF
04915
04A31
04B54
04C7C
04DAC
04EE1
0501D
0515E
052A4
053F0
05540
05696
057F1
05952
05AB7
05C22
05D92
05F08
06082
06202
06387
06511
066A1
06833
069C8
06B61
06CFC
06E9A
0703B
071DE
07385
0752F
076DB
0788B
07A3D
07BF2
07DAA
07F65
08123
082E1
0849E
0865C
08819
089D6
08B93
08D4F
08F0C
090C8
09284
09440
095FC
097B8
09973
09B2E
09CEA
09EA1
0A054
0A204
0A3AF
0A557
0A6FB
0A89B
0AA37
0ABD0
0AD64
0AEF5
0B082
0B20B
0B390
0B511
0B68E
0B804
0B972
0BAD9
0BC39
0BD90
0BEE1
0C02A
0C16B
0C2A5
0C3D7
0C502
0C626
0C742
0C856
0C963
0CA69
0CB64
0CC54
0CD39
0CE14
0CEE4
0CFA9
0D064
0D114
0D1B9
0D254
0D2E4
0D369
0D3E4
0D454
0D4B9
0D514
0D561
0D5A2
0D5D6
0D5FD
0D617
0D624
0D624
0D618
0D5FE
0D5D8
0D5A4
0D564
0D517
0D4BD
0D455
0D3E2
0D360
0D2D0
0D233
0D188
0D0CF
0D009
0CF35
0CE53
0CD63
0CC65
0CB5A
0CA41
0C91A
0C7E6
0C6A4
0C553
0C3F6
0C28C
0C114
0BF90
0BDFE
0BC5F
0BAB3
0B8F9
0B733
0B55F
0B37E
0B190
0AF95
0AD8D
0AB77
0A955
0A727
0A4EF
0A2AC
0A05D
09E04
09BA0
09932
096B8
09434
091A4
08F0A
08C65
089B5
086FA
08434
08163
07E8B
07BAC
078C5
075D7
072E2
06FE5
06CE1
069D6
066C3
063A9
06088
05D5F
05A2F
056F8
053B9
05073
04D2A
049DF
04691
04341
03FEE
03C98
0393F
035E4
03287
02F26
02BC3
0285E
024F5
0218B
01E1D
01AAD
0173F
013D4
0106C
00D06
009A2
00641
002E3
FFF86
FFC2D
FF8D6
FF582
FF230
FEEE0
FEB93
FE849
FE501
FE1C1
FDE88
FDB57
FD82E
FD50C
FD1F2
FCEDF
FCBD5
FC8D1
FC5D6
FC2E2
FBFF5
FBD11
FBA33
FB75E
FB490
FB1CE
FAF19
FAC6F
FA9D1
FA740
FA4BA
FA241
F9FD4
F9D73
F9B1E
F98D5
F9698
F9467
F9242
F9029
F8E1D
F8C1F
F8A31
F8853
F8684
F84C4
F8313
F8172
F7FE0
F7E5D
F7CEA
F7B86
F7A32
F78EC
F77B7
F7690
F7579
F7473
F737E
F729A
F71C7
F7106
F7055
F6FB6
F6F27
F6EAA
F6E3E
F6DE3
F6D99
F6D60
F6D38
F6D22
F6D1C
F6D28
F6D44
F6D72
F6DB0
F6DFF
F6E60
F6ED1
F6F53
F6FE6
F708A
F713F
F7206
F72DD
F73C5
F74BE
F75C7
F76E1
F7809
F7940
F7A87
F7BDD
F7D42
F7EB6
F8039
F81CB
F836D
F851E
F86DE
F88AD
F8A8B
F8C78
F8E75
F907D
F9291
F94B1
F96DD
F9915
F9B58
F9DA7
FA002
FA269
FA4DB
FA75A
FA9E4
FAC7A
FAF1C
FB1C9
FB483
FB743
FBA0C
FBCDB
FBFB2
FC290
FC576
FC863
FCB57
FCE53
FD156
FD461
FD772
FDA8C
FDDAC
FE0D4
FE404
FE735
FEA69
FEDA0
FF0D8
FF413
FF751
FFA90
FFDD2
00117
0045D
007A6
00AF2
00E3F
0118F
014E2
01836
01B88
01ED7
02224
0256E
028B5
02BF9
02F3B
0327A
035B6
038F0
03C27
03F5B
0428C
045BB
048E7
04C11
04F33
0524F
05563
05871
05B78
05E78
06171
06463
0674E
06A32
06D0F
06FE5
072B5
0757D
0783F
07AF9
07DAA
08050
082ED
0857F
08807
08A85
08CF9
08F63
091C2
09418
09663
098A5
09ADC
09D09
09F2D
0A146
0A353
0A554
0A74A
0A935
0AB13
0ACE6
0AEAD
0B068
0B218
0B3BC
0B554
0B6E1
0B862
0B9D7
0BB41
0BC9E
0BDF0
0BF37
0C071
0C1A0
0C2C3
0C3DA
0C4E5
0C5E4
0C6D8
0C7C0
0C89C
0C96C
0CA31
0CAEA
0CB96
0CC38
0CCCF
0CD5B
0CDDE
0CE56
0CEC5
0CF29
0CF83
0CFD2
0D018
0D053
0D085
0D0AC
0D0C9
0D0DB
0D0E4
0D0E2
0D0D9
0D0C9
0D0B1
0D092
0D06B
0D03D
0D008
0CFCB
0CF86
0CF3B
0CEE8
0CE8D
0CE2B
0CDC2
0CD52
0CCD9
0CC5E
0CBDE
0CB5B
0CAD3
0CA48
0C9BA
0C927
0C891
0C7F7
0C759
0C6B7
0C611
0C568
0C4BB
0C40A
0C356
0C2A1
0C1ED
0C138
0C084
0BFCF
0BF1B
0BE66
0BDB2
0BCFE
0BC4A
0BB95
0BAE1
0BA2D
0B979
0B8C5
0B811
0B760
0B6B3
0B60A
0B563
0B4C1
0B421
0B385
0B2ED
0B258
0B1C6
0B138
0B0AE
0B027
0AFA3
0AF22
0AEA6
0AE2F
0ADBE
0AD53
0ACEE
0AC90
0AC37
0ABE4
0AB98
0AB51
0AB11
0AAD6
0AAA2
0AA73
0AA4B
0AA28
0AA0C
0A9F7
0A9E9
0A9E2
0A9E2
0A9E9
0A9F8
0AA0D
0AA2A
0AA4E
0AA79
0AAAB
0AAE5
0AB25
0AB6D
0ABBC
0AC12
0AC6F
0ACD3
0AD3E
0ADAF
0AE28
0AEA7
0AF2E
0AFBB
0B04F
0B0EA
0B18D
0B236
0B2E6
0B39C
0B45A
0B51F
0B5E8
0B6B7
0B78A
0B863
0B940
0BA22
0BB09
0BBF5
0BCE6
0BDDC
0BED7
0BFD7
0C0DB
0C1E5
0C2F3
0C407
0C51C
0C633
0C74C
0C866
0C983
0CAA1
0CBC1
0CCE3
0CE07
0CF2C
0D053
0D17D
0D2A8
0D3D4
0D503
0D633
0D761
0D88D
0D9B6
0DADD
0DC02
0DD24
0DE45
0DF62
0E07E
0E197
0E2AD
0E3C2
0E4D4
0E5E4
0E6F1
0E7FC
0E900
0E9FE
0EAF5
0EBE6
0ECCF
0EDB2
0EE8F
0EF65
0F034
0F0FC
0F1BE
0F279
0F32D
0F3DB
0F482
0F523
0F5B8
0F644
0F6C4
0F73A
0F7A5
0F805
0F85B
0F8A6
0F8E7
0F91C
0F947
0F968
0F97E
0F989
0F989
0F97F
0F967
0F941
0F90E
0F8CD
0F87E
0F822
0F7B7
0F740
0F6BA
0F627
0F586
0F4D7
0F41B
0F351
0F279
0F193
0F09F
0EF9B
0EE87
0ED65
0EC33
0EAF2
0E9A2
0E843
0E6D4
0E556
0E3C9
0E22C
0E081
0DEC6
0DCFC
0DB22
0D93A
0D742
0D53C
0D326
0D102
0CECE
0CC8B
0CA39
0C7D8
0C569
0C2EA
0C05C
0BDBE
0BB12
0B857
0B58D
0B2B6
0AFD2
0ACE2
0A9E4
0A6DA
0A3C4
0A0A0
09D70
09A33
096E9
09393
0902F
08CBF
08943
085B9
08223
07E84
07ADC
0772B
07372
06FAF
06BE4
06810
06434
0604E
05C60
05869
05469
05060
04C4E
04834
04411
03FEA
03BC0
03793
03363
02F2F
02AF7
026BD
0227F
01E3D
019F9
015B1
01165
00D16
008C4
0046F
00016
FFBC0
FF76D
FF31C
FEECF
FEA84
FE63C
FE1F7
FDDB4
FD974
FD538
FD0FD
FCCC6
FC892
FC460
FC031
FBC05
FB7E2
FB3C8
FAFB7
FABB0
FA7B2
FA3BC
F9FD0
F9BEE
F9814
F9443
F907C
F8CBE
F8909
F855D
F81BA
F7E20
F7A95
F7719
F73AC
F704E
F6CFE
F69BE
F668C
F6369
F6054
F5D4F
F5A58
F5771
F5498
F51CE
F4F12
F4C66
F49CC
F4746
F44D3
F4273
F4026
F3DED
F3BC6
F39B3
F37B3
F35C6
F33EC
F3225
F3071
F2ED1
F2D44
F2BC9
F2A65
F2916
F27DC
F26B9
F25AA
F24B2
F23CE
F2301
F2249
F21A7
F211A
F20A3
F2041
F1FF5
F1FBF
F1F9E
F1F93
F1F9D
F1FBE
F1FF4
F203F
F20A0
F2117
F21A4
F2246
F22FE
F23CB
F24AF
F25A8
F26B6
F27DB
F2914
F2A62
F2BC3
F2D37
F2EBF
F305A
F3209
F33CB
F35A1
F378A
F3986
F3B96
F3DBA
F3FF1
F423B
F4499
F470B
F498B
F4C1B
F4EB9
F5167
F5423
F56EF
F59CA
F5CB4
F5FAD
F62B4
F65CB
F68F1
F6C27
F6F6B
F72BE
F7620
F798B
F7D00
F807D
F8403
F8792
F8B2A
F8ECB
F9275
F9628
F99E4
F9DA9
FA177
FA54E
FA92E
FAD17
FB108
FB4FC
FB8F1
FBCE8
FC0E1
FC4DB
FC8D7
FCCD5
FD0D5
FD4D6
FD8D9
FDCDE
FE0E4
FE4EC
FE8F6
FED01
FF10F
FF516
FF918
FFD13
00109
004F9
008E4
00CC8
010A7
0147F
01852
01C1F
01FE7
023A8
02764
02B1A
02EC9
0326D
03603
0398C
03D09
04078
043DB
04731
04A7A
04DB7
050E6
05409
0571F
05A28
05D24
06013
062F5
065C5
06882
06B2D
06DC5
0704A
072BD
0751D
0776B
079A6
07BCE
07DE4
07FE7
081D8
083B6
08581
0873A
088DC
08A68
08BDE
08D3D
08E86
08FB8
090D4
091DA
092C9
093A1
09464
09510
095A5
09624
0968D
096DF
09719
0973C
09746
09739
09713
096D6
09681
09613
0958E
094F1
0943C
0936F
0928A
0918D
09078
08F4C
08E08
08CAD
08B3C
089B3
08813
0865D
0848F
082AB
080B0
07E9D
07C74
07A34
077DC
0756E
072E9
0704D
06D9D
06ADA
06803
06518
0621A
05F08
05BE3
058AA
0555D
051FD
04E89
04B01
04766
043B7
03FF5
03C1E
0383A
03448
03047
02C38
0281B
023EF
01FB5
01B6D
01717
012B3
00E40
009BF
00530
00093
FFBE7
FF72D
FF26C
FEDA3
FE8D3
FE3FC
FDF1D
FDA38
FD54A
FD056
FCB5A
FC656
FC14B
FBC39
FB720
FB1FF
FACD7
FA7A8
FA279
F9D4A
F981B
F92EC
F8DBE
F8890
F8362
F7E34
F7906
F73D9
F6EAC
F697F
F6452
F5F26
F59FA
F54CD
F4FA9
F4A8D
F4578
F406B
F3B67
F3669
F3174
F2C87
F27A1
F22C3
F1DED
F191F
F1459
F0F9B
F0AE4
F0635
F0195
EFD03
EF880
EF40C
EEFA6
EEB4F
EE707
EE2CD
EDEA1
EDA85
ED677
ED277
ECE86
ECAA4
EC6D0
EC30B
EBF5B
EBBBE
EB835
EB4C0
EB15F
EAE13
EAADA
EA7B5
EA4A5
EA1A8
E9EC0
E9BEB
E992B
E967F
E93E7
E9162
E8EF6
E8CA1
E8A64
E883E
E8630
E8439
E825A
E8093
E7EE3
E7D4B
E7BCB
E7A62
E7911
E77D7
E76B5
E75AB
E74B9
E73E1
E7322
E727C
E71EE
E717A
E711F
E70DD
E70B3
E70A3
E70AC
E70CE
E7109
E715D
E71CA
E7250
E72EE
E73A5
E7473
E755A
E7659
E7770
E78A0
E79E7
E7B47
E7CBF
E7E4F
E7FF8
E81B8
E8391
E8582
E878C
E89AA
E8BDE
E8E27
E9085
E92F9
E9581
E981F
E9AD3
E9D9B
EA079
EA36C
EA674
EA992
EACC5
EB00D
EB36A
EB6D8
EBA57
EBDE7
EC187
EC539
EC8FB
ECCCE
ED0B1
ED4A6
ED8AB
EDCC1
EE0E8
EE520
EE968
EEDC1
EF22C
EF6A1
EFB21
EFFAC
F0442
F08E3
F0D8F
F1246
F1707
F1BD4
F20AC
F258F
F2A7D
F2F76
F347A
F3989
F3EA2
F43C1
F48E4
F4E0B
F5338
F5868
F5D9E
F62D8
F6816
F6D5A
F72A1
F77EE
F7D3F
F8294
F87EF
F8D4D
F92B1
F9812
F9D71
FA2CF
FA82A
FAD84
FB2DB
FB831
FBD84
FC2D6
FC826
FCD73
FD2BF
FD808
FDD50
FE296
FE7D9
FED15
FF249
FF775
FFC99
001B4
006C8
00BD4
010D9
015D5
01AC9
01FB5
02499
02976
02E4A
03316
037DB
03C92
0413C
045DA
04A6A
04EED
05363
057CC
05C28
06076
064B8
068ED
06D14
0712F
0753C
0793C
07D30
08112
084E3
088A4
08C53
08FF2
09380
096FD
09A69
09DC4
0A10E
0A447
0A76F
0AA87
0AD8D
0B083
0B367
0B639
0B8F7
0BBA2
0BE39
0C0BE
0C32F
0C58C
0C7D7
0CA0E
0CC32
0CE43
0D041
0D22B
0D402
0D5C6
0D776
0D913
0DA9B
0DC0F
0DD6F
0DEBA
0DFF2
0E115
0E224
0E31F
0E406
0E4D9
0E597
0E642
0E6D8
0E75A
0E7C8
0E822
0E869
0E89D
0E8BD
0E8C9
0E8C2
0E8A7
0E879
0E838
0E7E3
0E77A
0E6FE
0E66F
0E5CC
0E515
0E44C
0E370
0E283
0E184
0E073
0DF51
0DE1D
0DCD7
0DB7F
0DA16
0D89C
0D70F
0D571
0D3C1
0D200
0D02C
0CE48
0CC54
0CA52
0C841
0C622
0C3F3
0C1B7
0BF6B
0BD11
0BAA8
0B831
0B5AB
0B316
0B072
0ADC0
0AB00
0A830
0A556
0A270
09F80
09C84
0997E
0966C
0934F
09027
08CF4
089B7
0866E
0831A
07FBA
07C50
078DB
0755B
071D4
06E46
06AB1
06715
06373
05FC9
05C19
05862
054A4
050DF
04D13
04940
04567
04186
03D9F
039B1
035C0
031CD
02DD6
029DD
025E2
021E3
01DE2
019DE
015D8
011CE
00DC2
009B4
005A2
0018E
FFD77
FF95E
FF545
FF12F
FED19
FE905
FE4F2
FE0E1
FDCD0
FD8C2
FD4B4
FD0A8
FCC9D
FC894
FC48C
FC085
FBC80
FB87B
FB47C
FB082
FAC8E
FA89E
FA4B3
FA0CD
F9CEC
F9911
F953A
F9168
F8D9C
F89D4
F8612
F8255
F7E9C
F7AE9
F773E
F739B
F7000
F6C6D
F68E2
F6560
F61E6
F5E74
F5B0A
F57A8
F544E
F50FC
F4DB3
F4A72
F4738
F4407
F40E1
F3DC5
F3AB3
F37AC
F34B0
F31BE
F2ED6
F2BF9
F2926
F265E
F23A0
F20ED
F1E45
F1BA6
F1913
F1689
F140C
F119B
F0F35
F0CDB
F0A8E
F084C
F0616
F03EC
F01CE
EFFBC
EFDB6
EFBBB
EF9CD
EF7EA
EF614
EF449
EF28B
EF0DA
EEF35
EED9D
EEC12
EEA93
EE921
EE7BC
EE663
EE517
EE3D7
EE2A5
EE17F
EE065
EDF59
EDE58
EDD65
EDC7E
EDBA3
EDAD5
EDA13
ED95E
ED8B5
ED818
ED788
ED705
ED68D
ED623
ED5C5
ED573
ED52D
ED4F5
ED4C7
ED4A5
ED48F
ED484
ED485
ED491
ED4A9
ED4CC
ED4FB
ED535
ED57A
ED5CC
ED628
ED691
ED704
ED784
ED80D
ED89F
ED93C
ED9E2
EDA93
EDB4D
EDC10
EDCDE
EDDB5
EDE96
EDF81
EE076
EE174
EE27D
EE38F
EE4AA
EE5CE
EE6F9
EE82C
EE966
EEAA8
EEBF1
EED43
EEE9C
EEFFC
EF164
EF2D4
EF44B
EF5CA
EF751
EF8DF
EFA75
EFC10
EFDB0
EFF55
F00FF
F02AE
F0462
F061C
F07DA
F099E
F0B66
F0D34
F0F06
F10DE
F12BB
F149D
F1683
F186D
F1A58
F1C46
F1E37
F2029
F221E
F2416
F2610
F280C
F2A0B
F2C0C
F2E0F
F3015
F321D
F3427
F3634
F3840
F3A4D
F3C59
F3E64
F4070
F427B
F4486
F4691
F489B
F4AA5
F4CAF
F4EB8
F50C2
F52CB
F54D3
F56DC
F58E1
F5AE5
F5CE5
F5EE3
F60DE
F62D6
F64CC
F66BF
F68AF
F6A9D
F6C88
F6E71
F7056
F7239
F741A
F75F7
F77D0
F79A5
F7B75
F7D40
F7F07
F80C9
F8287
F8440
F85F4
F87A4
F894F
F8AF6
F8C98
F8E35
F8FCE
F9162
F92F0
F9479
F95FB
F9778
F98EE
F9A5F
F9BCA
F9D2F
F9E8E
F9FE6
FA13A
FA287
FA3CE
FA50F
FA64A
FA780
FA8AF
FA9D7
FAAF8
FAC14
FAD28
FAE36
FAF3E
FB03F
FB139
FB22D
FB31A
FB401
FB4E1
FB5BA
FB68D
FB75A
FB820
FB8DF
FB998
FBA4B
FBAF7
FBB9C
FBC3B
FBCD4
FBD66
FBDF1
FBE76
FBEF5
FBF6D
FBFDF
FC04A
FC0AE
FC10D
FC166
FC1BA
FC207
FC24F
FC291
FC2CE
FC304
FC335
FC360
FC386
FC3A5
FC3BF
FC3D3
FC3E2
FC3EA
FC3EE
FC3EE
FC3E9
FC3E0
FC3D2
FC3C0
FC3A9
FC38E
FC36E
FC34A
FC322
FC2F5
FC2C3
FC28D
FC252
FC213
FC1D2
FC18D
FC146
FC0FC
FC0AF
FC05F
FC00C
FBFB7
FBF5F
FBF04
FBEA6
FBE45
FBDE2
FBD7C
FBD13
FBCA7
FBC3A
FBBCD
FBB5E
FBAEF
FBA7F
FBA0D
FB99B
FB928
FB8B4
FB83F
FB7C9
FB752
FB6DA
FB662
FB5E8
FB56E
FB4F4
FB47C
FB404
FB38D
FB318
FB2A3
FB22F
FB1BC
FB14A
FB0DA
FB06A
FAFFB
FAF8D
FAF20
FAEB4
FAE48
FADE0
FAD7A
FAD16
FACB5
FAC57
FABFB
FABA2
FAB4B
FAAF7
FAAA5
FAA56
FAA09
FA9BF
FA977
FA932
FA8F0
FA8B1
FA876
FA83F
FA80B
FA7DC
FA7B0
FA788
FA763
FA743
FA726
FA70D
FA6F7
FA6E6
FA6D8
FA6CE
FA6C7
FA6C6
FA6C8
FA6CF
FA6DB
FA6EB
FA700
FA719
FA737
FA759
FA77F
FA7AA
FA7DA
FA80E
FA847
FA884
FA8C5
FA90C
FA957
FA9A6
FA9FB
FAA54
FAAB2
FAB14
FAB7B
FABE7
FAC58
FACCD
FAD47
FADC6
FAE49
FAED2
FAF5E
FAFF0
FB085
FB11F
FB1BD
FB260
FB307
FB3B2
FB462
FB516
FB5CE
FB68B
FB74C
FB811
FB8DB
FB9A9
FBA7C
FBB52
FBC2B
FBD08
FBDE9
FBECD
FBFB5
FC0A1
FC190
FC282
FC378
FC472
FC56F
FC670
FC775
FC87D
FC988
FCA96
FCBA7
FCCBA
FCDD0
FCEE8
FD003
FD120
FD240
FD362
FD487
FD5AF
FD6D8
FD805
FD934
FDA65
FDB9A
FDCCF
FDE06
FDF3E
FE077
FE1B2
FE2EE
FE42C
FE56B
FE6AB
FE7EC
FE92F
FEA73
FEBB9
FED00
FEE48
FEF92
FF0DC
FF226
FF370
FF4BB
FF606
FF751
FF89C
FF9E8
FFB33
FFC7F
FFDCC
FFF18
00065
001B2
002FF
0044D
0059A
006E6
00831
0097C
00AC5
00C0F
00D57
00E9F
00FE6
0112C
01272
013B6
014FA
0163E
01781
018C2
01A03
01B42
01C80
01DBD
01EF8
02032
0216A
022A1
023D7
0250C
0263F
02771
028A1
029D0
02AFE
02C2A
02D55
02E7E
02FA5
030CB
031EF
03311
03431
03550
0366D
03788
038A2
039BA
03AD0
03BE5
03CF7
03E09
03F18
04026
04132
0423D
04346
0444D
04553
04657
04759
0485A
04959
04A56
04B52
04C4C
04D45
04E3B
04F31
05025
05118
0520A
052FA
053E8
054D6
055C2
056AD
05796
0587E
05965
05A4B
05B2F
05C11
05CF3
05DD3
05EB3
05F91
0606F
0614B
06227
06302
063DC
064B5
0658D
06664
0673A
0680F
068E3
069B6
06A89
06B5A
06C2C
06CFD
06DCD
06E9D
06F6C
0703B
0710A
071D8
072A5
07372
0743F
0750B
075D7
076A2
0776C
07837
07901
079CC
07A96
07B60
07C2A
07CF4
07DBD
07E87
07F51
0801A
080E3
081AC
08276
0833F
08407
084D0
0859A
08663
0872C
087F6
088BF
08989
08A53
08B1D
08BE7
08CB2
08D7C
08E47
08F11
08FDC
090A7
09172
0923D
09308
093D3
0949E
09569
09634
096FF
097CA
09895
09960
09A2B
09AF7
09BC2
09C8D
09D58
09E23
09EEE
09FB8
0A082
0A14C
0A215
0A2DE
0A3A7
0A470
0A538
0A600
0A6C8
0A78F
0A856
0A91D
0A9E4
0AAAA
0AB6E
0AC33
0ACF6
0ADB8
0AE7A
0AF3B
0AFFB
0B0BA
0B179
0B237
0B2F3
0B3B0
0B46B
0B525
0B5DF
0B697
0B74E
0B803
0B8B7
0B96A
0BA1B
0BACA
0BB79
0BC25
0BCD1
0BD7B
0BE23
0BECB
0BF70
0C015
0C0B7
0C158
0C1F7
0C294
0C32E
0C3C7
0C45E
0C4F2
0C585
0C615
0C6A4
0C730
0C7BA
0C843
0C8C9
0C94D
0C9CF
0CA4F
0CACC
0CB46
0CBBE
0CC33
0CCA6
0CD16
0CD83
0CDEE
0CE56
0CEBC
0CF1F
0CF7F
0CFDD
0D039
0D091
0D0E7
0D13A
0D18B
0D1D8
0D222
0D26A
0D2AF
0D2F1
0D330
0D36C
0D3A6
0D3DD
0D410
0D441
0D46F
0D49B
0D4C3
0D4E8
0D50B
0D52B
0D547
0D561
0D578
0D58C
0D59D
0D5AB
0D5B6
0D5BF
0D5C4
0D5C7
0D5C6
0D5C3
0D5BD
0D5B4
0D5A9
0D59B
0D58B
0D578
0D562
0D54A
0D52F
0D511
0D4F1
0D4CE
0D4A9
0D481
0D456
0D429
0D3F9
0D3C8
0D394
0D35E
0D326
0D2EB
0D2AF
0D270
0D22F
0D1EC
0D1A6
0D15F
0D115
0D0C9
0D07B
0D02B
0CFD9
0CF86
0CF31
0CEDA
0CE82
0CE29
0CDCE
0CD71
0CD13
0CCB3
0CC52
0CBEF
0CB8B
0CB25
0CABD
0CA54
0C9EA
0C97F
0C913
0C8A6
0C839
0C7CA
0C75B
0C6EA
0C679
0C606
0C593
0C51F
0C4AA
0C433
0C3BC
0C345
0C2CC
0C253
0C1DA
0C160
0C0E5
0C06A
0BFEF
0BF73
0BEF7
0BE7A
0BDFC
0BD7F
0BD00
0BC81
0BC02
0BB82
0BB02
0BA82
0BA01
0B980
0B8FF
0B87E
0B7FC
0B77A
0B6F8
0B676
0B5F4
0B571
0B4EE
0B46B
0B3E7
0B364
0B2E0
0B25B
0B1D7
0B152
0B0CC
0B046
0AFC0
0AF3A
0AEB3
0AE2C
0ADA5
0AD1D
0AC95
0AC0D
0AB84
0AAFB
0AA71
0A9E7
0A95C
0A8D1
0A844
0A7B8
0A72A
0A69C
0A60D
0A57E
0A4EE
0A45E
0A3CD
0A33B
0A2A9
0A216
0A181
0A0EB
0A054
09FBC
09F22
09E87
09DEB
09D4D
09CAE
09C0E
09B6C
09AC9
09A25
0997F
098D8
0982F
09785
096D8
0962A
09579
094C6
09411
0935A
092A2
091E7
09129
0906A
08FA9
08EE6
08E21
08D59
08C90
08BC4
08AF5
08A23
0894F
08878
0879E
086C2
085E3
08501
0841D
08335
0824B
0815F
0806F
07F7D
07E89
07D91
07C96
07B98
07A97
07994
0788D
07783
07676
07566
07453
0733D
07224
07108
06FE9
06EC7
06DA2
06C7A
06B4F
06A21
068F1
067BD
06686
0654D
06411
062D1
0618F
0604A
05F02
05DB7
05C69
05B18
059C5
0586F
05717
055BC
0545F
05300
0519F
0503C
04ED6
04D6E
04C04
04A97
04928
047B7
04644
044CE
04357
041DE
04065
03EEA
03D70
03BF4
03A77
038FA
0377C
035FD
0347E
032FD
0317C
02FFA
02E78
02CF4
02B70
029ED
0286B
026EA
0256A
023EC
0226E
020F2
01F77
01DFD
01C85
01B0D
01996
01821
016AD
0153A
013C8
0125A
010EF
00F88
00E25
00CC6
00B6A
00A11
008BD
0076C
0061F
004D5
0038F
0024D
0010E
FFFD3
FFE9C
FFD6B
FFC40
FFB1B
FF9FC
FF8E3
FF7D1
FF6C5
FF5BE
FF4BE
FF3C4
FF2D1
FF1E3
FF0FC
FF01A
FEF3F
FEE6A
FED9D
FECDA
FEC1E
FEB6B
FEAC1
FEA1F
FE986
FE8F6
FE86E
FE7EE
FE778
FE709
FE6A4
FE647
FE5F2
FE5A6
FE564
FE52D
FE500
FE4DD
FE4C4
FE4B6
FE4B2
FE4B8
FE4C9
FE4E4
FE509
FE539
FE572
FE5B6
FE605
FE65D
FE6C1
FE730
FE7AA
FE82F
FE8BF
FE95B
FEA01
FEAB3
FEB6F
FEC37
FED0A
FEDE8
FEED1
FEFC6
FF0C5
FF1D0
FF2E5
FF405
FF530
FF665
FF7A6
FF8F1
FFA47
FFBA7
FFD12
FFE88
00009
00195
0032B
004CC
00678
0082E
009EE
00BB6
00D87
00F62
01145
01331
01526
01724
0192B
01B3B
01D54
01F76
021A1
023D5
02612
02857
02AA3
02CF5
02F4C
031AA
0340D
03677
038E6
03B5C
03DD7
04059
042E0
0456D
04800
04A9A
04D39
04FDE
05285
0552E
057D8
05A84
05D31
05FE1
06292
06544
067F9
06AAF
06D67
07020
072DB
07598
07857
07B17
07DD4
0808E
08345
085F9
088AA
08B57
08E01
090A9
0934D
095EE
0988C
09B27
09DBE
0A053
0A2E4
0A573
0A7F9
0AA77
0ACEC
0AF5A
0B1BF
0B41C
0B670
0B8BD
0BB01
0BD3D
0BF71
0C19C
0C3BF
0C5DA
0C7ED
0C9F8
0CBF6
0CDE7
0CFCB
0D1A2
0D36D
0D52B
0D6DC
0D880
0DA17
0DBA2
0DD20
0DE91
0DFF5
0E14C
0E297
0E3D5
0E502
0E61F
0E72C
0E828
0E914
0E9EF
0EABA
0EB74
0EC1E
0ECB7
0ED40
0EDB9
0EE21
0EE78
0EEC0
0EEF6
0EF1B
0EF2C
0EF2B
0EF18
0EEF2
0EEBA
0EE6F
0EE11
0EDA1
0ED1F
0EC8A
0EBE2
0EB28
0EA5C
0E97C
0E88B
0E786
0E670
0E546
0E40A
0E2BB
0E15A
0DFE6
0DE60
0DCC7
0DB1B
0D95D
0D78C
0D5A9
0D3B3
0D1AB
0CF8F
0CD64
0CB27
0C8DA
0C67C
0C40E
0C18E
0BEFF
0BC5E
0B9AD
0B6EB
0B418
0B135
0AE41
0AB3D
0A827
0A502
0A1CF
09E90
09B44
097EB
09486
09114
08D96
08A0B
08673
082CE
07F1D
07B60
07795
073BE
06FDB
06BEA
067F3
063F4
05FEE
05BE2
057CD
053B2
04F90
04B66
04736
042FE
03EBF
03A78
0362B
031D7
02D7B
02918
024B5
02051
01BED
01788
01323
00EBD
00A57
005F0
00189
FFD22
FF8BA
FF451
FEFE8
FEB7F
FE715
FE2AA
FDE46
FD9E9
FD591
FD140
FCCF6
FC8B2
FC474
FC03C
FBC0B
FB7E1
FB3BC
FAF9F
FAB87
FA776
FA36B
F9F67
F9B6F
F9785
F93A7
F8FD6
F8C12
F885A
F84B0
F8112
F7D81
F79FD
F7686
F731C
F6FBE
F6C6E
F692A
F65F3
F62CE
F5FBB
F5CBA
F59CB
F56EE
F5423
F516A
F4EC3
F4C2D
F49AA
F4739
F44DA
F428C
F4051
F3E28
F3C10
F3A0E
F3821
F3649
F3485
F32D7
F313E
F2FBA
F2E4B
F2CF2
F2BAD
F2A7D
F2962
F285D
F276C
F2691
F25CA
F251A
F247F
F23FA
F238B
F2332
F22EF
F22C1
F22AA
F22A8
F22BC
F22E6
F2326
F237B
F23E7
F2468
F2500
F25AB
F266A
F273D
F2825
F2920
F2A2F
F2B52
F2C89
F2DD5
F2F34
F30A7
F322E
F33CA
F3579
F373C
F3913
F3AFA
F3CF1
F3EF8
F410F
F4336
F456C
F47B3
F4A0A
F4C70
F4EE6
F516D
F5403
F56A9
F595F
F5C25
F5EFB
F61DB
F64C4
F67B7
F6AB4
F6DBB
F70CC
F73E6
F770A
F7A38
F7D6F
F80B1
F83FC
F8751
F8AB0
F8E18
F918B
F9500
F9877
F9BF1
F9F6E
FA2ED
FA66F
FA9F3
FAD7A
FB104
FB490
FB81F
FBBB0
FBF44
FC2DB
FC674
FCA10
FCDA7
FD138
FD4C5
FD84D
FDBD0
FDF4D
FE2C6
FE63A
FE9A9
FED12
FF077
FF3D7
FF732
FFA87
FFDD8
00124
00464
00798
00AC0
00DDC
010EC
013F0
016E9
019D5
01CB5
01F8A
02253
02510
027C0
02A65
02CFE
02F8C
03207
03472
036CC
03914
03B4B
03D71
03F86
04189
0437C
0455D
0472D
048EC
04A99
04C35
04DC1
04F3A
050A0
051F1
0532E
05457
0556B
0566A
05756
0582D
058EF
0599E
05A38
05ABD
05B2E
05B8B
05BD3
05C08
05C27
05C31
05C27
05C09
05BD5
05B8D
05B30
05ABE
05A37
0599C
058EC
05828
0574E
05660
0555D
05446
0531C
051DF
05090
04F2E
04DBA
04C33
04A9A
048EF
04730
04560
0437C
04186
03F7E
03D63
03B36
038F6
036A9
0344E
031E5
02F6F
02CEB
02A5A
027BB
0250E
02254
01F8C
01CB7
019D4
016E3
013E5
010DA
00DC0
00AA0
00779
0044B
00116
FFDDA
FFA98
FF74E
FF3FD
FF0A6
FED48
FE9E2
FE676
FE303
FDF89
FDC08
FD880
FD4F9
FD173
FCDEE
FCA6A
FC6E7
FC365
FBFE3
FBC63
FB8E4
FB565
FB1E8
FAE6B
FAAF0
FA775
FA3FB
FA083
F9D13
F99AC
F964D
F92F8
F8FAB
F8C68
F892D
F85FB
F82D1
F7FB1
F7C9A
F798B
F7685
F7388
F7094
F6DA8
F6ACD
F6801
F6544
F6298
F5FFB
F5D6E
F5AF0
F5882
F5624
F53D6
F5197
F4F68
F4D49
F4B39
F4939
F4749
F456D
F43A7
F41F5
F4058
F3ED0
F3D5C
F3BFE
F3AB4
F397F
F385F
F3753
F365D
F357B
F34AE
F33F6
F3353
F32C7
F3252
F31F4
F31AE
F317F
F3167
F3167
F317E
F31AC
F31F1
F324E
F32C2
F334D
F33EF
F34A9
F3579
F3661
F3760
F3876
F39A3
F3AE7
F3C42
F3DB4
F3F3D
F40DD
F4294
F4462
F4647
F4843
F4A56
F4C7F
F4EC0
F5115
F537D
F55F9
F5889
F5B2C
F5DE3
F60AD
F638B
F667D
F6982
F6C9B
F6FC7
F7307
F765B
F79C2
F7D3D
F80C6
F845D
F8802
F8BB5
F8F75
F9344
F9720
F9B0B
F9F03
FA309
FA71D
FAB3F
FAF6F
FB3AD
FB7F9
FBC52
FC0B2
FC519
FC985
FCDF8
FD271
FD6F1
FDB76
FE002
FE495
FE92D
FEDCC
FF271
FF71D
FFBCF
00087
00545
00A01
00EBC
01374
01829
01CDD
0218F
0263E
02AEC
02F97
03440
038E7
03D8C
0422F
046D0
04B6E
0500B
0549D
05925
05DA2
06215
0667E
06ADD
06F31
0737B
077BB
07BF0
0801B
0843C
08852
08C5E
09060
09458
0983E
09C13
09FD6
0A389
0A729
0AAB9
0AE37
0B1A4
0B500
0B84A
0BB83
0BEAA
0C1C1
0C4C6
0C7B9
0CA9C
0CD68
0D01E
0D2BE
0D548
0D7BC
0DA19
0DC61
0DE93
0E0AE
0E2B3
0E4A2
0E67B
0E83E
0E9EB
0EB82
0ED03
0EE6B
0EFBB
0F0F3
0F213
0F31A
0F409
0F4DF
0F59D
0F643
0F6D1
0F746
0F7A3
0F7E8
0F814
0F829
0F824
0F809
0F7D6
0F78C
0F72B
0F6B3
0F623
0F57D
0F4BE
0F3E9
0F2FD
0F1F9
0F0DE
0EFAC
0EE62
0ED01
0EB8A
0E9FE
0E85F
0E6AD
0E4E7
0E30E
0E121
0DF21
0DD0D
0DAE5
0D8AB
0D65D
0D3FB
0D186
0CEFD
0CC61
0C9B1
0C6F4
0C42A
0C153
0BE6F
0BB7D
0B87F
0B573
0B25A
0AF33
0AC00
0A8BF
0A571
0A216
09EAE
09B39
097B6
0942E
090A1
08D0E
08976
085D8
08235
07E8D
07ADF
0772C
07373
06FB5
06BF2
06829
0645B
06087
05CAE
058D8
05505
05135
04D68
0499E
045D7
04213
03E52
03A94
036D9
03321
02F6C
02BBB
0280C
02460
020B7
01D19
01986
015FF
01282
00F10
00BA9
0084D
004FC
001B6
FFE7B
FFB4B
FF826
FF50C
FF1FD
FEEF9
FEC00
FE919
FE643
FE37E
FE0CA
FDE28
FDB97
FD917
FD6A9
FD44C
FD200
FCFC6
FCD9D
FCB85
FC97F
FC78A
FC5A6
FC3D8
FC21F
FC07C
FBEEF
FBD77
FBC14
FBAC7
FB990
FB86E
FB762
FB66B
FB589
FB4BD
FB407
FB366
FB2DB
FB266
FB208
FB1C1
FB190
FB176
FB172
FB185
FB1AF
FB1EF
FB246
FB2B3
FB337
FB3D2
FB483
FB54B
FB62A
FB71D
FB826
FB943
FBA75
FBBBC
FBD18
FBE89
FC00F
FC1AA
FC359
FC51E
FC6F7
FC8E6
FCAE9
FCD01
FCF2E
FD16B
FD3B9
FD617
FD885
FDB03
FDD92
FE031
FE2E0
FE59F
FE86F
FEB4E
FEE3F
FF13F
FF450
FF770
FFAA2
FFDDC
00120
0046E
007C5
00B26
00E91
01205
01582
01909
01C9A
02034
023D7
02785
02B3B
02EFC
032C5
03691
03A5D
03E2B
041FB
045CB
0499E
04D71
05146
0551C
058F4
05CCD
060A8
06484
06861
06C40
07020
073F9
077CB
07B96
07F5A
08317
086CD
08A7C
08E24
091C4
0955E
098F1
09C7D
0A001
0A37F
0A6F5
0AA65
0ADC6
0B118
0B45B
0B790
0BAB6
0BDCE
0C0D6
0C3D1
0C6BC
0C999
0CC67
0CF26
0D1D7
0D479
0D70D
0D991
0DC01
0DE5D
0E0A3
0E2D5
0E4F3
0E6FB
0E8EF
0EACE
0EC99
0EE4F
0EFF0
0F17C
0F2F4
0F457
0F5A6
0F6DF
0F801
0F90B
0F9FC
0FAD6
0FB97
0FC41
0FCD2
0FD4B
0FDAD
0FDF6
0FE27
0FE40
0FE41
0FE2A
0FDFC
0FDB5
0FD55
0FCDC
0FC4B
0FBA2
0FADF
0FA04
0F910
0F804
0F6DF
0F5A1
0F44A
0F2DB
0F153
0EFB3
0EDF9
0EC28
0EA3F
0E841
0E62C
0E402
0E1C1
0DF69
0DCFC
0DA78
0D7DE
0D52E
0D268
0CF8B
0CC98
0C98F
0C670
0C33A
0BFF4
0BC9C
0B932
0B5B8
0B22C
0AE8F
0AAE1
0A721
0A351
09F6F
09B7B
09777
09361
08F3A
08B02
086B8
08265
07E07
0799F
0752D
070B1
06C2B
0679A
06300
05E5B
059AC
054F4
05031
04B63
0468C
041AB
03CBF
037D2
032E3
02DF1
028FE
0240A
01F13
01A1A
01520
01023
00B25
00625
00123
FFC1F
FF719
FF211
FED08
FE805
FE308
FDE12
FD922
FD439
FCF56
FCA79
FC5A4
FC0D4
FBC0B
FB748
FB28C
FADD7
FA927
FA47F
F9FDC
F9B48
F96C2
F924A
F8DDF
F8983
F8535
F80F5
F7CC3
F789E
F7488
F7080
F6C86
F689A
F64BC
F60EC
F5D2A
F597C
F55E1
F525A
F4EE7
F4B88
F483C
F4504
F41E0
F3ECF
F3BD2
F38E9
F3613
F3352
F30A4
F2E09
F2B83
F2913
F26BB
F247A
F2250
F203D
F1E41
F1C5D
F1A90
F18DA
F173B
F15B3
F1442
F12E9
F11A7
F107B
F0F68
F0E6B
F0D87
F0CBA
F0C05
F0B68
F0AE3
F0A75
F0A1F
F09E1
F09BA
F09AC
F09B5
F09D6
F0A0E
F0A5E
F0AC7
F0B44
F0BD8
F0C81
F0D40
F0E15
F0F00
F1000
F1116
F1242
F1384
F14DB
F1648
F17CB
F1964
F1B12
F1CD7
F1EAC
F2093
F228B
F2494
F26AE
F28DA
F2B17
F2D65
F2FC4
F3235
F34B7
F374A
F39EE
F3CA4
F3F6B
F4243
F4526
F4814
F4B0E
F4E12
F5121
F543B
F5761
F5A91
F5DCC
F6113
F6464
F67C0
F6B28
F6E9A
F7218
F75A0
F792D
F7CBD
F8051
F83E9
F8785
F8B25
F8EC9
F9271
F961C
F99CC
F9D7F
FA136
FA4F2
FA8B1
FAC74
FB03A
FB3FE
FB7BE
FBB7B
FBF34
FC2EA
FC69D
FCA4D
FCDF9
FD1A1
FD547
FD8E9
FDC87
FE022
FE3BA
FE74F
FEAE0
FEE68
FF1E6
FF55A
FF8C5
FFC26
FFF7E
002CC
00611
0094C
00C7D
00FA5
012C3
015D8
018E3
01BE4
01EDC
021C5
024A1
0276D
02A2B
02CDB
02F7D
03210
03495
0370B
03973
03BCD
03E18
04054
04283
044A3
046B4
048B5
04AA5
04C83
04E51
0500E
051BA
05355
054E0
05659
057C1
05919
05A5F
05B95
05CB9
05DCD
05ED0
05FC1
060A2
06171
0622E
062DB
06376
06400
06478
064E0
06536
0657B
065AE
065D0
065E1
065E1
065CF
065AE
0657E
0653F
064F1
06494
06427
063AB
06320
06286
061DD
06124
0605D
05F86
05EA0
05DAB
05CA7
05B97
05A7D
05957
05825
056E9
055A1
0544E
052F0
05186
05011
04E91
04D06
04B70
049CE
04821
04668
044AA
042E6
0411B
03F4B
03D74
03B98
039B6
037CD
035DF
033EA
031F0
02FEF
02DE9
02BDC
029C9
027B1
02598
0237F
02166
01F4C
01D33
01B19
018FF
016E5
014CA
012B0
01095
00E7A
00C5F
00A44
00828
0060D
003F6
001E5
FFFDA
FFDD3
FFBD2
FF9D7
FF7E0
FF5EF
FF403
FF21D
FF03C
FEE60
FEC8A
FEAB9
FE8ED
FE727
FE56A
FE3B8
FE210
FE071
FDEDD
FDD53
FDBD3
FDA5C
FD8F0
FD78E
FD636
FD4E8
FD3A3
FD269
FD139
FD013
FCEFA
FCDEE
FCCEE
FCBFC
FCB17
FCA3F
FC974
FC8B5
FC804
FC760
FC6C9
FC63E
FC5C1
FC551
FC4ED
FC497
FC44F
FC415
FC3E9
FC3CB
FC3BC
FC3BB
FC3C8
FC3E3
FC40D
FC445
FC48B
FC4DF
FC541
FC5B2
FC630
FC6BD
FC758
FC7FF
FC8B4
FC975
FCA44
FCB21
FCC0A
FCD01
FCE04
FCF15
FD033
FD15F
FD297
FD3DD
FD530
FD690
FD7FB
FD970
FDAEF
FDC79
FDE0D
FDFAC
FE155
FE309
FE4C7
FE690
FE863
FEA40
FEC28
FEE1B
FF017
FF21F
FF42C
FF640
FF85A
FFA7A
FFCA0
FFECC
000FF
00338
00577
007BC
00A07
00C59
00EB1
0110F
01373
015DD
01849
01AB5
01D23
01F92
02201
02472
026E4
02957
02BCB
02E41
030B7
0332E
035A7
03820
03A9B
03D17
03F8E
04202
04471
046DC
04942
04BA5
04E03
0505D
052B3
05505
05752
0599B
05BE0
05E21
0605E
06296
064C5
066EC
06909
06B1D
06D28
06F2A
07123
07313
074FA
076D7
078AC
07A78
07C3A
07DF3
07FA4
0814B
082E6
08474
085F5
0876A
088D2
08A2D
08B7C
08CBE
08DF3
08F1C
09038
09148
0924B
09341
0942A
09507
095D5
09694
09745
097E6
09879
098FD
09973
099D9
09A31
09A7A
09AB4
09ADF
09AFC
09B09
09B08
09AF9
09ADA
09AAC
09A70
09A24
099CA
09960
098E8
09861
097CA
09725
09671
095AE
094DC
093FC
0930C
0920D
09101
08FE8
08EC1
08D8D
08C4B
08AFC
089A0
08837
086C0
0853C
083AA
0820B
0805F
07EA5
07CDE
07B09
0792B
07742
0754F
07353
0714C
06F3B
06D20
06AFB
068CB
06692
0644F
06201
05FA9
05D48
05ADC
05866
055EA
05369
050E2
04E56
04BC3
0492B
0468D
043EA
04141
03E92
03BDD
03923
03663
0339D
030D2
02E00
02B2F
0285C
02589
022B5
01FE1
01D0B
01A36
0175F
01488
011B0
00ED7
00BFE
00924
00649
0036E
00092
FFDBA
FFAE7
FF818
FF54D
FF287
FEFC5
FED08
FEA4E
FE799
FE4E9
FE23C
FDF95
FDCF1
FDA52
FD7B7
FD520
FD292
FD00D
FCD90
FCB1C
FC8B1
FC64E
FC3F4
FC1A2
FBF59
FBD19
FBAE1
FB8B2
FB68C
FB46E
FB259
FB04C
FAE4C
FAC57
FAA6E
FA890
FA6BF
FA4FA
FA340
FA192
F9FF0
F9E5A
F9CD0
F9B52
F99DF
F9878
F971D
F95CE
F948D
F9359
F9232
F9119
F900D
F8F0E
F8E1D
F8D3A
F8C64
F8B9B
F8AE0
F8A32
F8991
F88FE
F8879
F8800
F8796
F8738
F86E9
F86A6
F8671
F864A
F8630
F8623
F8624
F8632
F864E
F8677
F86AD
F86F2
F8743
F87A2
F880D
F8883
F8905
F8993
F8A2D
F8AD3
F8B84
F8C41
F8D0A
F8DDE
F8EBF
F8FAB
F90A2
F91A6
F92B5
F93D1
F94F4
F9621
F9757
F9895
F99DC
F9B2C
F9C85
F9DE6
F9F50
FA0C3
FA23F
FA3C4
FA551
FA6E8
FA887
FAA2E
FABDB
FAD8D
FAF43
FB0FF
FB2BF
FB484
FB64E
FB81D
FB9F1
FBBCA
FBDA7
FBF8A
FC171
FC35D
FC54E
FC745
FC93B
FCB32
FCD2A
FCF23
FD11C
FD316
FD510
FD70B
FD907
FDB03
FDCFF
FDEFD
FE0FB
FE2F9
FE4F9
FE6F8
FE8F5
FEAEE
FECE3
FEED5
FF0C4
FF2AF
FF497
FF67B
FF85C
FFA3A
FFC14
FFDEB
FFFBE
0018E
0035A
00523
006E5
008A0
00A55
00C02
00DA9
00F49
010E2
01275
01400
01585
01703
0187A
019EA
01B54
01CB6
01E12
01F65
020AF
021F0
02328
02457
0257D
0269A
027AF
028BA
029BC
02AB6
02BA7
02C8E
02D6D
02E43
02F10
02FD3
0308D
0313C
031E2
0327E
03310
03399
03418
0348D
034F8
03559
035B1
035FF
03643
0367D
036AE
036D5
036F4
03709
03716
03719
03713
03704
036ED
036CC
036A2
0366F
03633
035EE
035A0
03549
034E8
03481
03413
0339D
03321
0329D
03212
03180
030E7
03047
02FA0
02EF1
02E3C
02D7F
02CBC
02BF1
02B1F
02A49
0296F
02891
027AF
026C9
025DF
024F1
023FF
02309
0220F
02110
0200E
01F08
01DFE
01CEF
01BDD
01ACA
019B7
018A3
0178F
0167B
01566
01451
0133B
01226
0110F
00FF8
00EE1
00DCA
00CB2
00B99
00A81
0096B
00859
0074A
0063E
00536
00431
0032F
00230
00135
0003D
FFF48
FFE56
FFD68
FFC7D
FFB95
FFAB1
FF9D3
FF8FB
FF82B
FF760
FF69D
FF5DF
FF529
FF479
FF3CF
FF32C
FF290
FF1FA
FF16B
FF0E2
FF060
FEFE5
FEF72
FEF08
FEEA8
FEE50
FEE01
FEDBB
FED7E
FED4A
FED1F
FECFD
FECE3
FECD3
FECCC
FECCD
FECD8
FECEB
FED09
FED31
FED63
FED9F
FEDE6
FEE37
FEE92
FEEF7
FEF67
FEFE0
FF064
FF0F2
FF18B
FF22E
FF2DA
FF392
FF453
FF51E
FF5F3
FF6D3
FF7BC
FF8AF
FF9AD
FFAB4
FFBC6
FFCE1
FFE07
FFF37
00070
001B4
00302
0045A
005BA
00724
00895
00A10
00B93
00D1F
00EB3
01050
011F6
013A4
0155B
0171A
018E3
01AB3
01C8D
01E6F
02057
02245
02439
02634
02834
02A3A
02C46
02E58
03071
0328F
034B3
036DD
0390D
03B44
03D80
03FC2
04207
0444E
04699
048E5
04B35
04D87
04FDB
05232
0548C
056E9
05948
05BAA
05E0E
06075
062DE
0654B
067B6
06A20
06C88
06EF0
07156
073BC
07620
07883
07AE5
07D46
07FA5
08204
08461
086BD
08918
08B72
08DC7
09017
09263
094A9
096EB
09927
09B5F
09D93
09FC1
0A1EA
0A40F
0A62F
0A84A
0AA60
0AC71
0AE7D
0B082
0B27E
0B473
0B660
0B844
0BA21
0BBF6
0BDC3
0BF88
0C145
0C2FB
0C4A8
0C64E
0C7EB
0C981
0CB0E
0CC92
0CE0B
0CF7A
0D0DF
0D23A
0D38B
0D4D1
0D60E
0D740
0D868
0D986
0DA99
0DBA3
0DCA2
0DD97
0DE82
0DF62
0E036
0E100
0E1BE
0E271
0E319
0E3B6
0E448
0E4CE
0E54A
0E5BA
0E61F
0E679
0E6C7
0E70B
0E743
0E771
0E793
0E7AA
0E7B6
0E7B8
0E7AE
0E799
0E779
0E74F
0E719
0E6D8
0E68C
0E635
0E5D3
0E566
0E4EF
0E46D
0E3E2
0E34D
0E2AF
0E206
0E155
0E099
0DFD5
0DF06
0DE2E
0DD4C
0DC61
0DB6B
0DA6D
0D964
0D853
0D739
0D619
0D4F1
0D3C1
0D28A
0D14C
0D007
0CEBA
0CD66
0CC0A
0CAA8
0C93D
0C7CC
0C653
0C4D2
0C34B
0C1BE
0C02E
0BE99
0BCFF
0BB61
0B9BE
0B817
0B66B
0B4BB
0B307
0B14E
0AF90
0ADCE
0AC07
0AA3C
0A86D
0A69C
0A4C9
0A2F5
0A120
09F49
09D71
09B98
099BD
097E0
09602
09423
09242
09060
08E7D
08C98
08AB1
088CC
086E8
08506
08325
08145
07F67
07D8A
07BAE
079D4
077FB
07623
0744D
07278
070A4
06ED2
06D01
06B33
06969
067A3
065E0
06421
06266
060AE
05EFA
05D49
05B9C
059F3
0584D
056AB
0550C
05371
051D9
05047
04EB9
04D30
04BAC
04A2D
048B2
0473D
045CC
04460
042F9
04197
0403A
03EE1
03D8E
03C3F
03AF5
039B0
03871
03737
03602
034D2
033A8
03283
03163
03048
02F32
02E22
02D17
02C11
02B11
02A16
0291F
0282E
02741
02658
02574
02494
023B9
022E2
02210
02143
02079
01FB4
01EF4
01E38
01D81
01CCE
01C20
01B74
01ACC
01A27
01984
018E5
01848
017AF
01719
01685
015F5
01567
014DD
01455
013D1
0134F
012D1
01253
011D6
0115B
010E0
01066
00FEC
00F74
00EFD
00E86
00E11
00D9C
00D28
00CB5
00C43
00BD2
00B61
00AF0
00A7D
00A08
00992
0091B
008A2
00828
007AD
00730
006B1
00632
005B1
0052E
004AA
00425
0039E
00314
00286
001F5
00161
000C9
0002D
FFF8E
FFEEC
FFE46
FFD9C
FFCF0
FFC3F
FFB8C
FFAD4
FFA1A
FF95B
FF898
FF7D0
FF702
FF630
FF559
FF47C
FF39A
FF2B4
FF1C8
FF0D7
FEFE1
FEEE7
FEDE7
FECE2
FEBD8
FEAC8
FE9B4
FE899
FE779
FE653
FE527
FE3F6
FE2BE
FE182
FE03F
FDEF7
FDDA9
FDC55
FDAFB
FD99C
FD837
FD6CD
FD55D
FD3E7
FD26C
FD0EB
FCF65
FCDDA
FCC49
FCAB2
FC916
FC774
FC5CD
FC421
FC26F
FC0B7
FBEFA
FBD38
FBB71
FB9A6
FB7D8
FB605
FB42E
FB252
FB073
FAE90
FACA8
FAABD
FA8CD
FA6D9
FA4E1
FA2E5
FA0E5
F9EE1
F9CDB
F9AD3
F98C9
F96BD
F94AF
F929F
F908E
F8E7A
F8C64
F8A4D
F8834
F8619
F83FB
F81DC
F7FBB
F7D99
F7B77
F7956
F7736
F7517
F72F9
F70DC
F6EC0
F6CA5
F6A8B
F6872
F665A
F6443
F622D
F6018
F5E04
F5BF1
F59E2
F57D7
F55D1
F53CE
F51D0
F4FD6
F4DE0
F4BEF
F4A01
F4818
F4633
F4452
F4275
F409C
F3EC8
F3CF7
F3B2E
F396D
F37B2
F35FF
F3453
F32AF
F3112
F2F7C
F2DEE
F2C66
F2AE7
F296E
F27FD
F2693
F2530
F23D5
F2284
F213C
F1FFF
F1ECB
F1DA2
F1C83
F1B6D
F1A62
F1960
F1869
F177B
F1698
F15BE
F14EF
F1429
F136E
F12BE
F121A
F1182
F10F5
F1075
F1000
F0F97
F0F3A
F0EE9
F0EA3
F0E69
F0E3B
F0E19
F0E03
F0DF8
F0DF9
F0E07
F0E21
F0E48
F0E7C
F0EBC
F0F09
F0F62
F0FC8
F103B
F10BA
F1146
F11DF
F1284
F1335
F13F4
F14BE
F1596
F1679
F1768
F1864
F196C
F1A80
F1BA0
F1CCC
F1E05
F1F4A
F209B
F21F8
F2361
F24D7
F2659
F27E6
F297F
F2B22
F2CD0
F2E89
F304C
F321B
F33F3
F35D7
F37C5
F39BE
F3BC1
F3DCF
F3FE8
F420C
F443A
F4673
F48B4
F4AFD
F4D4F
F4FA9
F520A
F5474
F56E7
F5961
F5BE3
F5E6E
F6101
F639C
F6640
F68EB
F6B9F
F6E5A
F711B
F73E1
F76AC
F797C
F7C50
F7F2A
F8209
F84ED
F87D5
F8AC3
F8DB6
F90AE
F93AA
F96AC
F99B3
F9CBE
F9FCC
FA2DA
FA5EA
FA8FC
FAC0F
FAF24
FB23A
FB551
FB86A
FBB85
FBEA1
FC1BE
FC4DD
FC7FE
FCB20
FCE43
FD165
FD484
FD7A2
FDABD
FDDD6
FE0EE
FE403
FE717
FEA28
FED38
FF045
FF350
FF65A
FF961
FFC67
FFF6A
00269
00562
00857
00B46
00E31
01116
013F7
016D2
019A9
01C7A
01F47
0220E
024D1
0278F
02A47
02CFB
02FA7
0324C
034EA
03780
03A0F
03C97
03F17
04190
04402
0466D
048D0
04B2C
04D80
04FCD
05213
05452
05688
058B5
05ADA
05CF5
05F09
06113
06315
0650F
066FF
068E7
06AC6
06C9D
06E6B
07030
071ED
073A1
0754C
076EE
07887
07A16
07B9D
07D1A
07E8F
07FFA
0815C
082B5
08406
0854D
0868B
087BF
088EB
08A0E
08B28
08C3A
08D43
08E44
08F3C
0902B
09113
091F1
092C8
09395
0945A
09517
095CB
09677
0971A
097B5
09848
098D5
0995A
099D8
09A4E
09ABE
09B26
09B87
09BE1
09C34
09C80
09CC4
09D01
09D37
09D66
09D8D
09DAF
09DCC
09DE3
09DF5
09E02
09E09
09E0B
09E07
09DFE
09DEF
09DDB
09DC1
09DA3
09D7E
09D55
09D25
09CF3
09CBD
09C84
09C47
09C07
09BC3
09B7C
09B32
09AE4
09A93
09A3F
099E7
0998C
0992D
098CB
09865
097FE
09795
0972B
096BF
09652
095E3
09572
09500
0948C
09417
093A0
09327
092AD
09231
091B4
09135
090B6
09037
08FB8
08F39
08EBA
08E3A
08DBB
08D3C
08CBC
08C3D
08BBD
08B3E
08ABE
08A3E
089BE
0893F
088C0
08841
087C4
08747
086CB
08650
085D6
0855C
084E3
0846B
083F4
0837D
08308
08293
0821F
081AB
08139
080C8
08058
07FE8
07F7A
07F0D
07EA2
07E37
07DCD
07D64
07CFD
07C96
07C30
07BCC
07B69
07B06
07AA5
07A44
079E3
07983
07924
078C6
07868
0780B
077AE
07752
076F7
0769C
07642
075E8
07590
07537
074DF
07486
0742E
073D5
0737B
07322
072C8
0726E
07214
071BA
0715F
07105
070AA
0704F
06FF3
06F98
06F3B
06EDC
06E7D
06E1C
06DB9
06D55
06CF0
06C89
06C21
06BB8
06B4D
06AE1
06A73
06A04
06994
06922
068AE
06837
067BD
06741
066C3
06641
065BD
06537
064AE
06422
06394
06303
06270
061DA
06142
060A6
06008
05F66
05EC0
05E17
05D6A
05CBA
05C06
05B4F
05A95
059D6
05915
05850
05787
056BB
055EB
05518
05441
05365
05286
051A3
050BC
04FD0
04EE1
04DEE
04CF6
04BFB
04AFC
049F8
048F1
047E5
046D6
045C2
044AB
04390
04271
0414E
04027
03EFD
03DCF
03C9C
03B66
03A2D
038EF
037AE
03668
0351F
033D2
03282
0312E
02FD7
02E7D
02D20
02BC0
02A5D
028F6
0278D
02621
024B1
0233E
021C9
02050
01ED4
01D55
01BD4
01A50
018CB
01744
015BC
01432
012A6
01119
00F8B
00DFA
00C68
00AD5
00940
007A9
00611
00477
002DB
00140
FFFA5
FFE0A
FFC70
FFAD5
FF93B
FF7A1
FF608
FF46E
FF2D5
FF13C
FEFA4
FEE0B
FEC73
FEADB
FE943
FE7AE
FE61B
FE48A
FE2FC
FE170
FDFE6
FDE5F
FDCDB
FDB58
FD9D8
FD85B
FD6DF
FD566
FD3F0
FD27C
FD10A
FCF9D
FCE34
FCCCF
FCB6F
FCA14
FC8BC
FC769
FC61B
FC4D1
FC38B
FC24A
FC10D
FBFD5
FBEA1
FBD71
FBC46
FBB21
FBA02
FB8E9
FB7D6
FB6C9
FB5C3
FB4C2
FB3C8
FB2D3
FB1E5
FB0FD
FB01B
FAF3F
FAE69
FAD99
FACCF
FAC0D
FAB51
FAA9D
FA9F0
FA94A
FA8AC
FA814
FA784
FA6FB
FA679
FA5FF
FA58B
FA51F
FA4BA
FA45C
FA406
FA3B7
FA36F
FA32F
FA2F6
FA2C5
FA29C
FA279
FA25F
FA24C
FA240
FA23C
FA23F
FA24A
FA25D
FA277
FA298
FA2C1
FA2F0
FA327
FA364
FA3A9
FA3F5
FA447
FA4A1
FA502
FA56A
FA5D9
FA64F
FA6CB
FA74F
FA7DA
FA86D
FA904
FA9A2
FAA45
FAAED
FAB9C
FAC50
FAD0A
FADC9
FAE8E
FAF59
FB02A
FB100
FB1DB
FB2BD
FB3A4
FB491
FB581
FB676
FB76E
FB86A
FB969
FBA6C
FBB73
FBC7E
FBD8C
FBE9F
FBFB5
FC0CE
FC1EC
FC30D
FC432
FC55A
FC684
FC7B0
FC8DC
FCA0B
FCB3A
FCC6B
FCD9D
FCED1
FD006
FD13C
FD274
FD3AD
FD4E8
FD624
FD761
FD8A0
FD9DD
FDB1A
FDC56
FDD90
FDECA
FE002
FE139
FE270
FE3A5
FE4D9
FE60D
FE73F
FE870
FE9A0
FEACF
FEBFD
FED28
FEE4F
FEF74
FF095
FF1B3
FF2CE
FF3E5
FF4FA
FF60B
FF719
FF823
FF92B
FFA2F
FFB30
FFC2E
FFD29
FFE1F
FFF10
FFFFC
000E3
001C5
002A3
0037B
0044F
0051E
005E8
006AD
0076D
00828
008DF
00990
00A3D
00AE4
00B85
00C21
00CB7
00D47
00DD2
00E57
00ED6
00F50
00FC4
01032
0109B
010FE
0115B
011B3
01205
01251
01298
012D9
01315
0134A
0137B
013A5
013CA
013E9
01403
01417
01425
0142E
01431
0142E
01426
01419
01408
013F1
013D7
013B7
01393
0136B
0133E
0130C
012D5
0129A
0125A
01216
011CD
01180
0112D
010D8
01080
01025
00FC8
00F67
00F03
00E9D
00E33
00DC7
00D58
00CE6
00C70
00BF9
00B7E
00B00
00A7F
009FE
0097C
008FA
00876
007F3
0076F
006EA
00664
005DE
00558
004D0
00449
003C0
00337
002AE
00223
0019B
00115
00090
0000D
FFF8D
FFF0E
FFE91
FFE16
FFD9C
FFD25
FFCB0
FFC3C
FFBCA
FFB5A
FFAED
FFA80
FFA19
FF9B5
FF956
FF8FA
FF8A3
FF851
FF802
FF7B8
FF772
FF730
FF6F2
FF6B9
FF684
FF653
FF626
FF5FD
FF5DB
FF5BE
FF5A8
FF598
FF58D
FF589
FF58B
FF593
FF5A1
FF5B5
FF5D0
FF5F0
FF616
FF643
FF675
FF6AE
FF6ED
FF734
FF782
FF7D7
FF833
FF895
FF8FF
FF971
FF9E9
FFA68
FFAEE
FFB7B
FFC10
FFCAB
FFD4E
FFDF7
FFEA8
FFF60
0001F
000E5
001B3
00287
00363
00446
00530
00621
00719
00819
00920
00A2D
00B42
00C5F
00D81
00EA9
00FD8
0110C
01247
01388
014CF
0161C
0176F
018C8
01A27
01B8C
01CF8
01E69
01FE1
0215F
022E1
02467
025F1
02780
02913
02AAA
02C45
02DE5
02F88
03130
032DC
0348D
03641
037FA
039B7
03B78
03D3B
03EFF
040C5
0428C
04455
0461F
047EB
049B9
04B88
04D58
04F2A
050FE
052D3
054AA
05682
0585B
05A34
05C0A
05DE0
05FB4
06186
06357
06527
066F5
068C2
06A8E
06C58
06E20
06FE7
071AD
07371
07534
076F2
078AC
07A62
07C13
07DBF
07F67
0810B
082AA
08445
085DB
0876D
088FB
08A84
08C08
08D88
08F04
09078
091E6
0934D
094AC
09605
09756
098A1
099E5
09B21
09C57
09D85
09EAD
09FCE
0A0E7
0A1FA
0A305
0A408
0A502
0A5F4
0A6DD
0A7BD
0A895
0A964
0AA2A
0AAE8
0AB9D
0AC49
0ACED
0AD88
0AE1A
0AEA4
0AF25
0AF9D
0B00B
0B070
0B0CC
0B11F
0B168
0B1A8
0B1DF
0B20C
0B230
0B24B
0B25D
0B265
0B264
0B259
0B246
0B229
0B204
0B1D7
0B1A1
0B162
0B11A
0B0CA
0B072
0B010
0AFA6
0AF34
0AEB8
0AE34
0ADA8
0AD13
0AC75
0ABD0
0AB25
0AA73
0A9B9
0A8F9
0A832
0A764
0A68F
0A5B3
0A4D1
0A3E7
0A2F7
0A1FF
0A101
09FFC
09EF0
09DE0
09CCC
09BB4
09A98
09978
09854
0972B
095FF
094CF
0939B
09263
09126
08FE6
08EA2
08D5A
08C0D
08AC0
08973
08825
086D6
08587
08437
082E6
08195
08043
07EF1
07D9E
07C4A
07AF6
079A1
0784C
076F5
075A2
07453
07306
071BC
07075
06F31
06DF1
06CB3
06B79
06A41
0690D
067DB
066AD
06582
0645A
06334
06216
060FD
05FEB
05EE0
05DDB
05CDC
05BE3
05AF1
05A06
05920
05841
05769
05697
055CB
05506
05447
05390
052E3
0523F
051A4
05111
05088
05007
04F8F
04F21
04EBB
04E5E
04E0A
04DBF
04D7C
04D43
04D13
04CED
04CD1
04CC0
04CB8
04CBC
04CC9
04CE1
04D03
04D2F
04D66
04DA7
04DF2
04E48
04EA8
04F12
04F86
05005
0508E
05121
051BE
05265
05316
053D2
05498
05567
05641
05726
05814
0590C
05A0F
05B1C
05C32
05D52
05E7A
05FAB
060E4
06226
06370
064C4
0661F
06784
068F0
06A66
06BE4
06D6B
06EFA
07092
07233
073D9
07585
07736
078ED
07AA9
07C6B
07E32
08000
081D2
083AA
08588
0876B
08954
08B43
08D37
08F30
0912B
09328
09527
09727
09928
09B2B
09D30
09F37
0A13F
0A348
0A553
0A760
0A96F
0AB7F
0AD90
0AFA4
0B1B4
0B3C1
0B5CB
0B7D2
0B9D5
0BBD6
0BDD4
0BFCE
0C1C5
0C3BA
0C5AB
0C799
0C984
0CB6C
0CD51
0CF32
0D10C
0D2DF
0D4A9
0D66C
0D827
0D9DB
0DB86
0DD2B
0DEC7
0E05C
0E1E9
0E36E
0E4EB
0E661
0E7CF
0E936
0EA91
0EBE0
0ED23
0EE5B
0EF87
0F0A8
0F1BD
0F2C6
0F3C4
0F4B6
0F59C
0F677
0F746
0F809
0F8C1
0F96D
0FA0B
0FA9A
0FB1B
0FB8E
0FBF2
0FC48
0FC8F
0FCC8
0FCF2
0FD0F
0FD1C
0FD1C
0FD0D
0FCEF
0FCC4
0FC89
0FC40
0FBE7
0FB7E
0FB06
0FA7E
0F9E7
0F940
0F88A
0F7C4
0F6EF
0F60B
0F516
0F413
0F300
0F1DD
0F0AB
0EF6A
0EE1A
0ECBC
0EB4E
0E9D2
0E847
0E6AE
0E505
0E34E
0E187
0DFB2
0DDCF
0DBDC
0D9DB
0D7CB
0D5AC
0D381
0D14A
0CF07
0CCB8
0CA5D
0C7F6
0C583
0C304
0C07A
0BDE3
0BB40
0B891
0B5D7
0B310
0B03D
0AD5F
0AA78
0A78B
0A495
0A198
09E93
09B87
09873
09557
09234
08F09
08BD7
0889D
0855B
08212
07EC1
07B68
0780E
074B1
07153
06DF3
06A91
0672D
063C7
0605F
05CF5
0598A
0561C
052AD
04F3B
04BC8
04853
044DC
04169
03DFB
03A90
0372A
033C9
0306B
02D12
029BD
0266D
02320
01FD8
01C94
01955
01619
012E2
00FB0
00C87
00969
00656
0034D
0004E
FFD5A
FFA70
FF791
FF4BC
FF1F2
FEF31
FEC7C
FE9D1
FE730
FE499
FE20E
FDF91
FDD24
FDAC7
FD87A
FD63C
FD40E
FD1EF
FCFE0
FCDE1
FCBF1
FCA11
FC840
FC67F
FC4CE
FC32C
FC19A
FC01B
FBEAF
FBD57
FBC12
FBAE0
FB9C1
FB8B5
FB7BD
FB6D7
FB606
FB547
FB49B
FB403
FB37E
FB30C
FB2AD
FB263
FB22E
FB20E
FB202
FB20B
FB229
FB25C
FB2A3
FB2FF
FB370
FB3F6
FB491
FB540
FB604
FB6DD
FB7CA
FB8CC
FB9E1
FBB0A
FBC47
FBD97
FBEFC
FC074
FC200
FC3A0
FC554
FC71C
FC8F7
FCAE7
FCCEA
FCF01
FD12B
FD367
FD5B3
FD80F
FDA7D
FDCFB
FDF89
FE228
FE4D8
FE799
FEA6A
FED4C
FF03E
FF341
FF655
FF979
FFCAE
FFFEE
00339
00690
009F2
00D5F
010D7
0145B
017E9
01B83
01F28
022D8
02694
02A5B
02E2D
0320A
035F2
039DF
03DD0
041C6
045C0
049BE
04DC1
051C8
055D3
059E3
05DF7
06210
0662D
06A4E
06E74
0729E
076CD
07AF8
07F20
08345
08766
08B84
08F9F
093B7
097CB
09BDC
09FEA
0A3F4
0A7FC
0AC00
0B000
0B3FD
0B7F8
0BBE7
0BFCB
0C3A5
0C774
0CB38
0CEF2
0D2A0
0D644
0D9DD
0DD6C
0E0EF
0E468
0E7D6
0EB3A
0EE92
0F1E0
0F51C
0F847
0FB61
0FE6A
10161
10447
1071B
109DE
10C90
10F31
111C0
1143E
116AA
11906
11B50
11D88
11FAB
121B7
123AE
1258E
12758
1290C
12AAA
12C31
12DA3
12EFF
13044
13173
1328C
13390
1347D
13553
13612
136B8
13746
137BB
13818
1385D
13889
1389D
13899
1387C
13847
137FA
13794
13716
1367F
135D0
13509
1342A
13333
13224
130FD
12FBE
12E67
12CF9
12B72
129D3
1281C
1264D
12466
12267
12050
11E21
11BDD
11985
11717
11495
111FD
10F51
10C90
109BB
106D0
103D0
100BC
0FD93
0FA55
0F702
0F39A
0F01D
0EC91
0E8F5
0E54A
0E190
0DDC6
0D9ED
0D604
0D20C
0CE04
0C9ED
0C5C6
0C190
0BD4B
0B8F6
0B492
0B01E
0ABA2
0A71E
0A292
09DFE
09962
094BE
09011
08B5D
086A0
081DB
07D0F
0783A
0735D
06E78
0698B
06495
05FA0
05AAB
055B6
050C2
04BCD
046D9
041E5
03CF1
037FD
03309
02E15
02922
0242E
01F3B
01A48
01555
0106A
00B88
006AE
001DD
FFD14
FF853
FF39B
FEEEB
FEA44
FE5A4
FE10E
FDC7F
FD7F9
FD37C
FCF06
FCA9A
FC63C
FC1EF
FBDB1
FB983
FB565
FB156
FAD57
FA968
FA588
FA1B8
F9DF8
F9A48
F96A7
F9316
F8F94
F8C23
F88C6
F857F
F824C
F7F2F
F7C27
F7934
F7656
F738E
F70DA
F6E3B
F6BB2
F693E
F66DF
F6495
F6260
F6040
F5E39
F5C49
F5A72
F58B3
F570D
F557E
F5408
F52AA
F5164
F5036
F4F21
F4E24
F4D3F
F4C72
F4BBE
F4B21
F4A9D
F4A32
F49DF
F49A4
F4982
F4978
F4987
F49AE
F49EE
F4A46
F4AB6
F4B3F
F4BE0
F4C9A
F4D6C
F4E56
F4F57
F506D
F519A
F52DC
F5434
F55A3
F5727
F58C1
F5A71
F5C38
F5E14
F6006
F620E
F642C
F6660
F68AA
F6B05
F6D71
F6FED
F727B
F7519
F77C9
F7A89
F7D5A
F803C
F832F
F8633
F8947
F8C6D
F8FA3
F92EA
F9643
F99A5
F9D11
FA087
FA408
FA792
FAB26
FAEC5
FB26D
FB61F
FB9DC
FBDA2
FC173
FC54D
FC932
FCD20
FD119
FD513
FD910
FDD0F
FE110
FE513
FE919
FED20
FF129
FF535
FF943
FFD53
00165
00579
0098F
00DA7
011C2
015D6
019E5
01DEE
021F0
025ED
029E4
02DD5
031C0
035A6
03985
03D5E
04132
04500
048C7
04C89
05045
053F4
05796
05B2B
05EB2
0622D
0659B
068FC
06C50
06F97
072D0
075FD
0791D
07C30
07F36
0822F
0851A
087F4
08ABA
08D6F
09010
0929F
0951C
09786
099DD
09C22
09E54
0A074
0A281
0A47C
0A664
0A83A
0A9FD
0ABAA
0AD41
0AEC3
0B02F
0B186
0B2C6
0B3F1
0B507
0B606
0B6F0
0B7C4
0B882
0B92B
0B9BE
0BA3B
0BAA3
0BAF4
0BB2E
0BB53
0BB60
0BB58
0BB39
0BB03
0BAB7
0BA55
0B9DC
0B94C
0B8A7
0B7EA
0B718
0B62F
0B52F
0B41B
0B2F3
0B1B6
0B065
0AF00
0AD86
0ABF7
0AA54
0A89D
0A6D2
0A4F2
0A2FD
0A0F4
09ED7
09CA6
09A5F
09809
095A3
0932C
090A5
08E0E
08B67
088AF
085E8
08310
08028
07D30
07A27
0770F
073E6
070AD
06D63
06A10
066B2
0634A
05FD7
05C5A
058D3
05542
051A6
04E00
04A4F
04695
042D0
03F00
03B27
03743
03354
02F63
02B6D
02775
02379
01F79
01B76
01770
01366
00F58
00B48
00733
0031C
FFF00
FFAE2
FF6C0
FF29A
FEE78
FEA5A
FE63E
FE226
FDE12
FDA01
FD5F4
FD1E9
FCDE3
FC9DF
FC5E0
FC1E3
FBDEA
FB9F5
FB602
FB214
FAE2F
FAA53
FA682
FA2BA
F9EFC
F9B47
F979C
F93FB
F9064
F8CD6
F8953
F85D8
F8268
F7F01
F7BA4
F7851
F750C
F71D5
F6EAD
F6B94
F6888
F658B
F629D
F5FBD
F5CEB
F5A28
F5773
F54CC
F5234
F4FAB
F4D2F
F4AC3
F4867
F461D
F43E4
F41BD
F3FA7
F3DA2
F3BAF
F39CD
F37FD
F363D
F3490
F32F3
F3168
F2FEF
F2E86
F2D30
F2BEB
F2AB8
F2997
F2888
F278C
F26A1
F25C8
F2502
F244D
F23AB
F231A
F229C
F222F
F21D5
F218D
F2156
F2131
F211C
F2118
F2124
F2142
F2170
F21AF
F21FE
F225E
F22CF
F2351
F23E4
F2487
F253B
F25FF
F26D5
F27B8
F28A8
F29A7
F2AB3
F2BCD
F2CF4
F2E29
F2F6C
F30BC
F321A
F3386
F34FF
F3686
F381B
F39BD
F3B6D
F3D26
F3EE9
F40B5
F428A
F4469
F4651
F4842
F4A3D
F4C40
F4E4E
F5064
F5284
F54AD
F56E0
F591B
F5B61
F5DAA
F5FF8
F624A
F64A1
F66FC
F695B
F6BBF
F6E27
F7094
F7305
F757A
F77F4
F7A72
F7CF5
F7F7C
F8207
F8492
F871C
F89A5
F8C2E
F8EB6
F913D
F93C4
F964A
F98CF
F9B54
F9DD8
FA05B
FA2DD
FA55F
FA7E1
FAA61
FACDD
FAF54
FB1C6
FB434
FB69C
FB900
FBB5F
FBDB9
FC00E
FC25E
FC4AA
FC6F1
FC933
FCB70
FCDA8
FCFDC
FD207
FD42A
FD646
FD859
FDA64
FDC67
FDE62
FE054
FE23F
FE421
FE5FC
FE7CE
FE998
FEB5A
FED15
FEEC6
FF06F
FF20D
FF3A1
FF52C
FF6AD
FF824
FF991
FFAF5
FFC4F
FFD9F
FFEE5
00021
00153
0027C
0039B
004B0
005BB
006BB
007B2
0089E
00980
00A58
00B25
00BE8
00CA1
00D50
00DF5
00E8F
00F1F
00FA5
01020
01092
010FA
01159
011AE
011FB
0123E
01278
012A8
012D0
012EE
01302
0130E
01310
01309
012F9
012E0
012BD
01293
01262
01229
011E9
011A2
01153
010FD
010A0
0103C
00FD0
00F5C
00EE2
00E60
00DD7
00D46
00CAF
00C12
00B70
00ACA
00A1E
0096E
008B9
007FF
00740
0067C
005B3
004E5
00412
0033B
0025E
0017D
00097
FFFAE
FFEC4
FFDD7
FFCE7
FFBF6
FFB02
FFA0C
FF914
FF819
FF71C
FF61D
FF51C
FF418
FF312
FF20A
FF100
FEFF5
FEEEB
FEDE0
FECD5
FEBC9
FEABE
FE9B2
FE8A7
FE79B
FE68F
FE583
FE476
FE36A
FE25D
FE150
FE043
FDF37
FDE2D
FDD25
FDC1E
FDB18
FDA14
FD912
FD811
FD711
FD613
FD517
FD41C
FD322
FD22A
FD134
FD03F
FCF4C
FCE5C
FCD6D
FCC81
FCB96
FCAAE
FC9C8
FC8E4
FC803
FC723
FC646
FC56A
FC491
FC3BA
FC2E5
FC213
FC142
FC074
FBFA7
FBEDD
FBE15
FBD50
FBC8C
FBBCB
FBB0B
FBA4E
FB993
FB8DB
FB824
FB770
FB6BE
FB60D
FB55F
FB4B2
FB406
FB35B
FB2B2
FB20A
FB164
FB0BF
FB01B
FAF79
FAED9
FAE39
FAD9B
FACFF
FAC63
FABCA
FAB30
FAA97
FA9FE
FA966
FA8CE
FA836
FA79F
FA708
FA671
FA5DB
FA545
FA4B0
FA41A
FA386
FA2F1
FA25D
FA1C8
FA133
FA09C
FA005
F9F6E
F9ED6
F9E3D
F9DA3
F9D09
F9C6D
F9BD2
F9B35
F9A98
F99FA
F995C
F98BC
F981C
F977A
F96D6
F9631
F958A
F94E2
F9439
F938E
F92E2
F9234
F9184
F90D4
F9022
F8F6E
F8EB9
F8E02
F8D4A
F8C91
F8BD6
F8B1A
F8A5D
F899E
F88DE
F881C
F8759
F8695
F85CF
F8508
F8440
F8376
F82AB
F81DE
F8111
F8043
F7F75
F7EA5
F7DD5
F7D05
F7C34
F7B62
F7A8F
F79BC
F78E8
F7813
F773E
F7668
F7592
F74BA
F73E4
F730F
F723B
F7168
F7096
F6FC5
F6EF5
F6E27
F6D59
F6C8C
F6BC1
F6AF6
F6A2D
F6964
F689D
F67D7
F6714
F6654
F6598
F64DE
F6428
F6375
F62C6
F6219
F6170
F60CA
F6028
F5F88
F5EEC
F5E53
F5DBD
F5D2B
F5C9E
F5C18
F5B97
F5B1D
F5AA8
F5A3A
F59D1
F596E
F5912
F58BB
F586B
F5820
F57DC
F579D
F5764
F5732
F5708
F56E6
F56CD
F56BC
F56B4
F56B5
F56BE
F56CF
F56E9
F570C
F5737
F576A
F57A6
F57EB
F5838
F588E
F58EE
F5959
F59CE
F5A4E
F5AD8
F5B6D
F5C0C
F5CB6
F5D6A
F5E29
F5EF2
F5FC6
F60A5
F618E
F6281
F6380
F6489
F659E
F66BF
F67EB
F6923
F6A66
F6BB5
F6D10
F6E76
F6FE7
F7165
F72ED
F7481
F7621
F77CD
F7983
F7B45
F7D13
F7EEB
F80CF
F82BE
F84B8
F86BD
F88CD
F8AE9
F8D0F
F8F41
F917F
F93C7
F961A
F9879
F9AE3
F9D56
F9FD3
FA259
FA4E9
FA782
FAA25
FACD1
FAF87
FB246
FB50F
FB7E1
FBABC
FBDA1
FC090
FC388
FC689
FC991
FCC9E
FCFB2
FD2CC
FD5EC
FD912
FDC3E
FDF71
FE2A9
FE5E8
FE92D
FEC77
FEFC8
FF31F
FF67C
FF9E0
FFD45
000AB
00414
0077E
00AEA
00E58
011C8
01539
018AC
01C21
01F98
02310
0268B
02A07
02D84
03104
03480
037F8
03B6D
03EDF
0424C
045B7
0491E
04C81
04FE1
0533D
05696
059EB
05D3D
0608B
063D5
0671D
06A5B
06D90
070BD
073E1
076FC
07A0E
07D18
08019
08310
08600
088E6
08BC3
08E98
09164
09427
096E1
0998E
09C2D
09EBE
0A141
0A3B7
0A620
0A87A
0AAC7
0AD06
0AF38
0B15C
0B372
0B57B
0B776
0B963
0BB43
0BD11
0BECE
0C07A
0C214
0C39D
0C515
0C67B
0C7D0
0C914
0CA46
0CB67
0CC77
0CD75
0CE62
0CF3E
0D008
0D0BF
0D163
0D1F3
0D270
0D2DA
0D331
0D374
0D3A4
0D3C0
0D3C9
0D3BF
0D3A2
0D371
0D32D
0D2D5
0D26B
0D1ED
0D15B
0D0B6
0CFFE
0CF32
0CE53
0CD61
0CC5B
0CB42
0CA16
0C8D6
0C783
0C61C
0C4A3
0C315
0C175
0BFC3
0BE00
0BC2C
0BA47
0B850
0B648
0B430
0B206
0AFCB
0AD7E
0AB21
0A8B2
0A633
0A3A2
0A100
09E4C
09B8C
098BF
095E4
092FC
09007
08D06
089F7
086DA
083B1
0807B
07D37
079E7
07689
0731E
06FA7
06C22
06895
06501
06166
05DC4
05A1A
05668
052B0
04EEF
04B28
04759
04383
03FA5
03BC0
037D3
033E0
02FE4
02BE8
027EC
023EE
01FEF
01BF0
017F0
013F0
00FEE
00BEC
007E8
003E5
FFFE0
FFBDA
FF7D4
FF3CD
FEFC5
FEBC3
FE7C8
FE3D2
FDFE2
FDBF9
FD815
FD438
FD061
FCC90
FC8C5
FC500
FC141
FBD88
FB9D5
FB628
FB282
FAEE7
FAB5A
FA7D8
FA463
FA0FB
F9D9E
F9A4F
F970B
F93D4
F90AA
F8D8B
F8A7A
F8774
F847B
F818F
F7EAE
F7BE0
F7922
F7676
F73DC
F7153
F6EDB
F6C74
F6A1F
F67DC
F65AA
F6389
F617A
F5F7C
F5D8F
F5BB4
F59EA
F5835
F5695
F5509
F5391
F522F
F50E1
F4FA8
F4E83
F4D73
F4C78
F4B91
F4ABF
F4A01
F4958
F48C4
F4845
F47DB
F4786
F4747
F471E
F470B
F470C
F4724
F4751
F4794
F47EC
F485A
F48DD
F4976
F4A25
F4AE9
F4BC2
F4CB0
F4DB3
F4EC9
F4FF4
F5133
F5287
F53EF
F556B
F56FB
F58A0
F5A59
F5C26
F5E08
F5FFE
F6208
F6426
F6656
F6896
F6AE7
F6D49
F6FBC
F723F
F74D4
F7779
F7A30
F7CF7
F7FCF
F82B8
F85B1
F88BC
F8BD7
F8F04
F923C
F9580
F98CF
F9C2A
F9F92
FA304
FA683
FAA0D
FADA3
FB145
FB4F3
FB8AC
FBC71
FC042
FC41F
FC807
FCBF5
FCFE9
FD3E2
FD7E0
FDBE5
FDFEE
FE3FE
FE813
FEC2D
FF04E
FF473
FF89E
FFCCF
00106
00542
00983
00DC4
01203
01642
01A7F
01EBC
022F7
02731
02B6B
02FA3
033DA
03810
03C46
0407A
044AD
048DF
04D10
0513A
0555D
05978
05D8D
0619A
065A0
0699F
06D96
07187
07570
07952
07D2D
08101
084CD
08893
08C51
09003
093A8
09741
09ACE
09E4E
0A1C2
0A529
0A884
0ABD2
0AF14
0B24A
0B573
0B88F
0BBA0
0BEA3
0C19B
0C482
0C759
0CA21
0CCD8
0CF80
0D217
0D49F
0D716
0D97D
0DBD5
0DE1C
0E054
0E27B
0E493
0E69A
0E892
0EA77
0EC4B
0EE0D
0EFBE
0F15C
0F2E9
0F463
0F5CC
0F723
0F869
0F99C
0FABE
0FBCE
0FCCC
0FDB8
0FE92
0FF5B
10012
100B7
1014B
101CC
1023D
1029B
102E8
10323
1034C
10363
10369
1035D
10340
10311
102D0
1027F
1021E
101AD
1012D
1009C
0FFFC
0FF4C
0FE8C
0FDBC
0FCDC
0FBEC
0FAEC
0F9DD
0F8BD
0F78E
0F64F
0F503
0F3AB
0F245
0F0D4
0EF55
0EDCA
0EC32
0EA8E
0E8DC
0E71F
0E554
0E37D
0E199
0DFA9
0DDAB
0DBA2
0D98F
0D775
0D551
0D326
0D0F2
0CEB5
0CC70
0CA23
0C7CD
0C56E
0C307
0C098
0BE20
0BBA0
0B917
0B686
0B3F1
0B157
0AEBA
0AC18
0A973
0A6C9
0A41B
0A169
09EB3
09BF9
0993B
09679
093B3
090E8
08E1A
08B47
08875
085A3
082D1
08000
07D2E
07A5D
0778D
074BC
071EC
06F1C
06C4D
0697D
066AE
063DF
06111
05E42
05B78
058B1
055EE
0532F
05073
04DBB
04B07
04857
045AB
04302
0405D
03DBC
03B1E
03885
035EF
0335C
030D1
02E4B
02BCC
02954
026E2
02476
02211
01FB3
01D5A
01B08
018BD
01678
01439
01201
00FD0
00DA4
00B81
00965
00751
00545
00341
00145
FFF50
FFD63
FFB7E
FF9A1
FF7CC
FF5FE
FF438
FF27A
FF0C4
FEF16
FED70
FEBD1
FEA3C
FE8AE
FE728
FE5AA
FE435
FE2C8
FE163
FE006
FDEB1
FDD64
FDC1F
FDAE3
FD9AF
FD882
FD75E
FD640
FD52A
FD41C
FD314
FD215
FD11C
FD02B
FCF42
FCE5F
FCD85
FCCB1
FCBE5
FCB21
FCA63
FC9AE
FC8FE
FC854
FC7B0
FC712
FC67A
FC5E8
FC55B
FC4D5
FC455
FC3DA
FC366
FC2F8
FC28F
FC22C
FC1D0
FC179
FC127
FC0D8
FC08E
FC049
FC007
FBFCA
FBF91
FBF5C
FBF2B
FBEFF
FBED7
FBEB3
FBE93
FBE78
FBE60
FBE4D
FBE3D
FBE2F
FBE23
FBE19
FBE12
FBE0D
FBE0B
FBE0B
FBE0D
FBE12
FBE19
FBE22
FBE2E
FBE3C
FBE4D
FBE5F
FBE73
FBE88
FBE9E
FBEB5
FBECC
FBEE5
FBEFE
FBF19
FBF35
FBF51
FBF6E
FBF8D
FBFAC
FBFCD
FBFEE
FC010
FC032
FC054
FC076
FC098
FC0BA
FC0DB
FC0FD
FC11E
FC13F
FC160
FC181
FC1A2
FC1C3
FC1E3
FC204
FC224
FC244
FC264
FC283
FC2A1
FC2BF
FC2DD
FC2FA
FC317
FC333
FC34F
FC36A
FC385
FC39F
FC3B9
FC3D3
FC3EC
FC405
FC41D
FC435
FC44D
FC465
FC47C
FC492
FC4A9
FC4BF
FC4D5
FC4EB
FC500
FC515
FC529
FC53E
FC551
FC566
FC57B
FC590
FC5A5
FC5BB
FC5D2
FC5E8
FC5FF
FC617
FC62F
FC647
FC660
FC679
FC693
FC6AD
FC6C7
FC6E3
FC700
FC71F
FC73F
FC760
FC783
FC7A7
FC7CC
FC7F3
FC81C
FC845
FC870
FC89D
FC8CB
FC8FA
FC92B
FC95E
FC993
FC9CB
FCA05
FCA41
FCA80
FCAC1
FCB05
FCB4A
FCB92
FCBDD
FCC2A
FCC79
FCCCA
FCD1E
FCD74
FCDCD
FCE2A
FCE8A
FCEEC
FCF53
FCFBC
FD028
FD098
FD10B
FD181
FD1FA
FD276
FD2F6
FD379
FD3FF
FD488
FD515
FD5A6
FD63A
FD6D2
FD76D
FD80D
FD8B0
FD956
FDA01
FDAAF
FDB61
FDC16
FDCCF
FDD8C
FDE4D
FDF11
FDFD9
FE0A5
FE175
FE249
FE320
FE3FC
FE4DB
FE5BE
FE6A5
FE790
FE87E
FE971
FEA67
FEB61
FEC60
FED61
FEE67
FEF70
FF07C
FF18C
FF29F
FF3B5
FF4CF
FF5EC
FF70D
FF831
FF959
FFA84
FFBB3
FFCE5
FFE1A
FFF53
0008E
001CD
0030D
00451
00597
006E0
0082B
00979
00ACA
00C1E
00D74
00ECC
01028
01186
012E7
0144A
015AF
01716
0187E
019E8
01B54
01CC1
01E30
01FA1
02113
02287
023FD
02574
026ED
02867
029E4
02B61
02CE0
02E5E
02FDE
0315E
032DE
0345E
035E0
03761
038E4
03A66
03BE9
03D6D
03EF1
04076
041FB
04380
04505
0468A
0480E
04991
04B14
04C96
04E18
04F99
05119
05299
05419
05597
05716
05894
05A11
05B8D
05D08
05E82
05FFA
06171
062E6
06459
065CC
0673C
068AB
06A19
06B85
06CF0
06E59
06FC0
07126
0728B
073ED
0754E
076AC
07808
07962
07AB9
07C0F
07D63
07EB4
08003
08150
0829B
083E4
0852B
08670
087B2
088F2
08A2F
08B6A
08CA2
08DD8
08F0B
0903B
09169
09294
093BD
094E3
09606
09727
09845
09961
09A7A
09B90
09CA3
09DB4
09EC2
09FCD
0A0D6
0A1DC
0A2DF
0A3DF
0A4DD
0A5D8
0A6D0
0A7C5
0A8B8
0A9A7
0AA95
0AB7F
0AC66
0AD4B
0AE2D
0AF0C
0AFE8
0B0C1
0B198
0B26B
0B33C
0B40A
0B4D5
0B59E
0B663
0B726
0B7E6
0B8A3
0B95D
0BA14
0BAC7
0BB78
0BC26
0BCD1
0BD79
0BE1E
0BEBF
0BF5E
0BFFA
0C093
0C129
0C1BC
0C24B
0C2D8
0C361
0C3E7
0C46A
0C4E9
0C566
0C5DF
0C654
0C6C7
0C736
0C7A2
0C80A
0C870
0C8D2
0C931
0C98C
0C9E4
0CA38
0CA88
0CAD4
0CB1C
0CB60
0CBA0
0CBDD
0CC15
0CC4A
0CC7A
0CCA7
0CCD0
0CCF5
0CD16
0CD34
0CD4C
0CD60
0CD70
0CD7A
0CD80
0CD82
0CD7F
0CD77
0CD6B
0CD5A
0CD44
0CD2A
0CD0B
0CCE7
0CCBF
0CC92
0CC60
0CC27
0CBE9
0CBA6
0CB5C
0CB0D
0CAB8
0CA5E
0C9FD
0C997
0C92B
0C8BA
0C843
0C7C6
0C743
0C6BB
0C62C
0C596
0C4FA
0C456
0C3AD
0C2FC
0C245
0C187
0C0C2
0BFF7
0BF25
0BE4C
0BD6D
0BC87
0BB9A
0BAA7
0B9AC
0B8A9
0B79E
0B68C
0B572
0B451
0B327
0B1F7
0B0BE
0AF7E
0AE36
0ACE6
0AB8F
0AA2F
0A8C9
0A75A
0A5E4
0A465
0A2DE
0A14F
09FB8
09E18
09C71
09AC1
09909
09749
09581
093B0
091D8
08FF7
08E0E
08C1D
08A24
08823
0861A
08409
081F0
07FCF
07DA6
07B75
0793C
076FC
074B3
07262
07009
06DA9
06B40
068CF
06658
063D9
06153
05EC7
05C34
05999
056F8
05450
051A0
04EEA
04C2D
04969
0469E
043CC
040F3
03E14
03B2F
03845
03557
03263
02F6B
02C6D
0296B
02664
02357
02046
01D30
01A15
016F5
013D1
010A7
00D78
00A47
00714
003DF
000A8
FFD6F
FFA34
FF6F6
FF3B7
FF075
FED31
FE9EB
FE6A3
FE359
FE00D
FDCBF
FD96E
FD620
FD2D2
FCF87
FCC3D
FC8F5
FC5AF
FC26A
FBF27
FBBE6
FB8A7
FB569
FB22C
FAEF2
FABB9
FA882
FA54C
FA21C
F9EF2
F9BCE
F98B0
F9597
F9284
F8F76
F8C6F
F896D
F8671
F837A
F808A
F7D9F
F7AB9
F77DA
F7500
F7230
F6F6B
F6CAF
F69FD
F6756
F64B8
F6225
F5F9B
F5D1B
F5AA6
F583A
F55D9
F5382
F5134
F4EF1
F4CB7
F4A8C
F486E
F465E
F445B
F4266
F407F
F3EA6
F3CDA
F3B1C
F396C
F37CA
F3635
F34AE
F3335
F31C9
F306C
F2F1E
F2DE2
F2CB6
F2B9A
F2A8F
F2995
F28AC
F27D3
F270A
F2652
F25AB
F2514
F248E
F2419
F23B4
F2360
F231E
F22EE
F22D0
F22C4
F22CA
F22E2
F230C
F2348
F2397
F23F7
F246A
F24EE
F2585
F262E
F26E9
F27B5
F2894
F2985
F2A88
F2B9C
F2CC3
F2DFB
F2F45
F30A1
F3210
F3390
F3522
F36C6
F387B
F3A43
F3C1D
F3E08
F4004
F420F
F442B
F4657
F4892
F4ADE
F4D39
F4FA5
F5221
F54AC
F5748
F59F3
F5CAF
F5F7B
F6256
F6542
F683A
F6B3E
F6E4E
F716B
F7494
F77C9
F7B0B
F7E59
F81B3
F8519
F888B
F8C0A
F8F95
F932D
F96D1
F9A80
F9E38
FA1F6
FA5BB
FA988
FAD5C
FB137
FB519
FB902
FBCF3
FC0EA
FC4E9
FC8EF
FCCFC
FD111
FD52C
FD94F
FDD73
FE197
FE5BD
FE9E3
FEE0B
FF233
FF65D
FFA87
FFEB3
002DF
0070D
00B3B
00F6B
0139B
017CC
01BFF
0202B
02453
02874
02C91
030A7
034B8
038C4
03CCA
040CB
044C6
048BB
04CAB
05095
0547A
0585A
05C33
06001
063C4
0677A
06B24
06EC3
07256
075DD
07958
07CC7
0802B
08382
086CE
08A0E
08D42
0906B
09387
09693
0998D
09C76
09F4E
0A215
0A4CA
0A76F
0AA02
0AC84
0AEF5
0B155
0B3A4
0B5E1
0B80E
0BA29
0BC33
0BE28
0C008
0C1D4
0C38A
0C52C
0C6B8
0C82F
0C992
0CAE0
0CC18
0CD3C
0CE4B
0CF45
0D02A
0D0FA
0D1B5
0D259
0D2E6
0D35D
0D3BD
0D406
0D438
0D454
0D459
0D447
0D41E
0D3DF
0D388
0D31B
0D298
0D1FD
0D14C
0D084
0CFA6
0CEB2
0CDA7
0CC86
0CB4F
0CA01
0C89D
0C722
0C592
0C3EA
0C22D
0C059
0BE6F
0BC6E
0BA58
0B82D
0B5EF
0B39C
0B136
0AEBD
0AC2F
0A98E
0A6D9
0A410
0A134
09E44
09B40
09828
094FC
091BD
08E6A
08B08
08796
08416
08086
07CE7
07938
0757B
071AE
06DD3
069E8
065ED
061E4
05DCB
059A4
0556D
05126
04CD7
0487F
0441D
03FB2
03B3E
036C1
0323B
02DAB
02913
02471
01FC6
01B12
01655
0118F
00CBF
007E7
0030C
FFE2F
FF94F
FF46D
FEF8A
FEAA3
FE5BB
FE0D0
FDBE3
FD6F4
FD202
FCD0E
FC818
FC320
FBE25
FB928
FB430
FAF3D
FAA4E
FA564
FA07F
F9B9F
F96C3
F91ED
F8D1B
F884E
F8386
F7EC2
F7A03
F7549
F7094
F6BE4
F673F
F62A5
F5E16
F5993
F551B
F50AE
F4C4D
F47F6
F43AB
F3F6C
F3B37
F370E
F32F0
F2EDD
F2AD6
F26DA
F22EE
F1F13
F1B49
F178F
F13E6
F104D
F0CC5
F094E
F05E7
F0291
EFF4B
EFC16
EF8F1
EF5DD
EF2DA
EEFE7
EED08
EEA3E
EE787
EE4E5
EE256
EDFDC
EDD76
EDB24
ED8E6
ED6BC
ED4A7
ED2A5
ED0B7
ECEDE
ECD19
ECB67
EC9CC
EC846
EC6D6
EC57B
EC436
EC306
EC1ED
EC0E9
EBFFA
EBF22
EBE5E
EBDB1
EBD19
EBC97
EBC2A
EBBD4
EBB92
EBB65
EBB4E
EBB4B
EBB5E
EBB86
EBBC3
EBC15
EBC7D
EBCF9
EBD8B
EBE32
EBEEE
EBFBF
EC0A5
EC1A0
EC2AE
EC3CF
EC502
EC648
EC7A1
EC90C
ECA8B
ECC1B
ECDBF
ECF75
ED13E
ED31A
ED508
ED709
ED91C
EDB43
EDD78
EDFBB
EE20E
EE46F
EE6DE
EE95D
EEBEA
EEE86
EF130
EF3E9
EF6B1
EF987
EFC6D
EFF60
F0263
F0574
F088F
F0BB3
F0EE1
F1218
F1559
F18A4
F1BF8
F1F55
F22BC
F262D
F29A7
F2D2B
F30B8
F344F
F37EF
F3B99
F3F47
F42F9
F46AF
F4A69
F4E27
F51E9
F55AF
F5979
F5D47
F611A
F64F0
F68CA
F6CA9
F708B
F7471
F785C
F7C45
F802C
F8412
F87F7
F8BDA
F8FBC
F939C
F977B
F9B59
F9F35
FA30F
FA6E8
FAAC0
FAE96
FB26B
FB63E
FBA0B
FBDD3
FC194
FC54F
FC904
FCCB2
FD05B
FD3FE
FD79B
FDB31
FDEC2
FE24C
FE5D0
FE94F
FECC7
FF039
FF3A2
FF700
FFA55
FFDA1
000E3
0041B
00749
00A6E
00D89
0109A
013A2
016A0
01995
01C7F
01F60
02238
02503
027C3
02A77
02D1F
02FBB
0324C
034D0
03749
039B6
03C17
03E6D
040B6
042F4
04526
0474C
04966
04B74
04D75
04F6A
05152
0532E
054FD
056C0
05876
05A20
05BBD
05D4D
05ED2
06049
061B4
06313
06465
065AC
066E6
06815
06939
06A50
06B5C
06C5D
06D51
06E3A
06F18
06FE9
070AF
07169
07218
072BB
07352
073E0
07464
074DE
0754F
075B6
07613
07667
076B1
076F2
07729
07756
0777A
07794
077A5
077AB
077A9
0779F
0778F
07778
0775A
07735
07709
076D7
0769E
0765D
07617
075C9
07575
07519
074B7
0744E
073DF
0736C
072F5
0727B
071FD
0717C
070F8
07070
06FE5
06F56
06EC3
06E2E
06D94
06CF8
06C58
06BB4
06B0D
06A66
069BE
06917
0686F
067C7
0671F
06677
065CE
06526
0647D
063D4
0632B
06282
061D8
0612E
06085
05FDE
05F39
05E98
05DFA
05D5E
05CC5
05C2F
05B9C
05B0B
05A7E
059F3
0596B
058E6
05864
057E4
05768
056F0
0567E
05610
055A8
05544
054E6
0548D
05439
053EA
0539F
0535A
0531A
052E0
052AA
05279
0524D
05228
05209
051F0
051DE
051D3
051CE
051CF
051D6
051E5
051F9
05214
05235
0525D
0528B
052C0
052FB
0533D
05385
053D4
0542A
05487
054EA
05554
055C5
0563C
056BA
0573F
057CA
0585C
058F5
05994
05A3B
05AE7
05B99
05C51
05D0F
05DD3
05E9D
05F6D
06043
0611F
06201
062E8
063D6
064CA
065C4
066C3
067C9
068D3
069E1
06AF4
06C0C
06D28
06E48
06F6D
07096
071C4
072F6
0742D
07568
076A7
077EB
07934
07A80
07BD0
07D21
07E74
07FCA
08122
0827C
083D9
08537
08698
087FB
08961
08AC8
08C32
08D9E
08F0C
0907D
091ED
0935C
094CC
0963A
097A9
09917
09A84
09BF1
09D5E
09ECA
0A036
0A1A2
0A30D
0A477
0A5E2
0A74B
0A8B2
0AA15
0AB76
0ACD2
0AE2C
0AF83
0B0D6
0B226
0B373
0B4BD
0B603
0B746
0B886
0B9C3
0BAFC
0BC33
0BD63
0BE8E
0BFB3
0C0D2
0C1EB
0C2FE
0C40C
0C513
0C615
0C711
0C807
0C8F8
0C9E2
0CAC7
0CBA6
0CC7F
0CD50
0CE19
0CEDA
0CF93
0D043
0D0EC
0D18D
0D225
0D2B6
0D33E
0D3BF
0D437
0D4A8
0D510
0D570
0D5C8
0D616
0D65B
0D696
0D6C7
0D6EF
0D70D
0D721
0D72B
0D72C
0D723
0D710
0D6F4
0D6CE
0D69E
0D664
0D621
0D5D3
0D57A
0D517
0D4AA
0D431
0D3AE
0D321
0D289
0D1E6
0D139
0D081
0CFBE
0CEF1
0CE1A
0CD37
0CC4B
0CB53
0CA50
0C943
0C82B
0C708
0C5DB
0C4A2
0C35F
0C211
0C0B9
0BF55
0BDE7
0BC6E
0BAEA
0B95B
0B7C2
0B61E
0B471
0B2B9
0B0F7
0AF2C
0AD56
0AB76
0A98C
0A798
0A59A
0A392
0A17F
09F63
09D3D
09B0C
098D2
0968F
09443
091EF
08F92
08D2C
08ABE
08848
085C8
08341
080B0
07E17
07B75
078CB
07618
0735D
07099
06DCF
06AFE
06827
0654A
06266
05F7C
05C8B
05994
05697
05394
0508A
04D7A
04A63
04746
04423
040FA
03DCC
03A9C
03767
0342F
030F3
02DB3
02A70
02729
023DF
02091
01D3F
019E9
01690
01334
00FD3
00C6F
0090A
005A5
0023F
FFED9
FFB72
FF80A
FF4A2
FF13A
FEDD1
FEA67
FE6FD
FE392
FE026
FDCBB
FD94E
FD5E1
FD277
FCF0F
FCBAA
FC848
FC4E9
FC18C
FBE33
FBADB
FB787
FB436
FB0E7
FAD9B
FAA51
FA70B
FA3C7
FA086
F9D4B
F9A16
F96E7
F93BD
F909A
F8D7D
F8A66
F8754
F8449
F8144
F7E44
F7B4B
F7858
F756A
F7283
F6FA1
F6CC9
F69F9
F6733
F6475
F61C0
F5F14
F5C72
F59D8
F5747
F54BF
F5240
F4FCA
F4D5D
F4AF9
F489E
F464C
F4405
F41CA
F3F9A
F3D75
F3B5B
F394D
F374B
F3553
F3367
F3186
F2FB1
F2DE7
F2C28
F2A75
F28CD
F2730
F25A1
F241E
F22A9
F2140
F1FE5
F1E97
F1D56
F1C22
F1AFB
F19E1
F18D4
F17D5
F16E2
F15FD
F1524
F1459
F139B
F12EC
F124A
F11B6
F1130
F10B7
F104D
F0FF0
F0FA1
F0F60
F0F2D
F0F08
F0EF0
F0EE6
F0EEB
F0EFC
F0F1C
F0F49
F0F84
F0FCD
F1023
F1087
F10F9
F1178
F1205
F129F
F1348
F13FE
F14C1
F1592
F1671
F175E
F1857
F195C
F1A6E
F1B8C
F1CB7
F1DEE
F1F31
F2081
F21DD
F2345
F24BA
F263C
F27C9
F2963
F2B0A
F2CBD
F2E7A
F3041
F3213
F33EE
F35D4
F37C4
F39BE
F3BC2
F3DD0
F3FE9
F420C
F4438
F466F
F48B0
F4AFC
F4D51
F4FAE
F5211
F547C
F56EE
F5966
F5BE6
F5E6D
F60FB
F6390
F662C
F68D0
F6B7A
F6E2B
F70E4
F73A3
F766A
F7934
F7C01
F7ED2
F81A6
F847D
F8758
F8A36
F8D18
F8FFD
F92E5
F95D1
F98C0
F9BB2
F9EA8
FA1A1
FA49E
FA79A
FAA95
FAD90
FB08A
FB384
FB67D
FB975
FBC6D
FBF65
FC25B
FC552
FC847
FCB3C
FCE31
FD124
FD418
FD706
FD9F1
FDCD6
FDFB7
FE294
FE56C
FE840
FEB0F
FEDD9
FF09F
FF361
FF61E
FF8D6
FFB8A
FFE3A
000E4
00387
00622
008B5
00B40
00DC3
0103E
012B1
0151C
0177E
019D9
01C2C
01E77
020BA
022F5
02528
02753
02973
02B89
02D93
02F93
03189
03373
03553
03728
038F2
03AB2
03C67
03E11
03FB0
04145
042CE
0444E
045C0
04727
04880
049CE
04B0F
04C44
04D6C
04E88
04F97
0509A
05190
0527A
05358
05429
054EE
055A7
05652
056F1
05783
05807
0587F
058EA
05949
0599A
059DE
05A16
05A40
05A5E
05A6F
05A73
05A69
05A54
05A31
05A03
059C9
05983
05930
058D1
05866
057F0
0576C
056DD
05642
0559B
054E7
05427
0535B
05284
051A1
050B5
04FBF
04EBE
04DB4
04C9F
04B80
04A56
04923
047E6
0469E
0454C
043F0
0428A
0411A
03F9F
03E1E
03C95
03B05
0396D
037CF
03629
0347C
032C7
0310C
02F49
02D7F
02BAE
029D6
027F6
0260F
02421
0222F
0203A
01E40
01C43
01A43
0183E
01636
0142A
0121B
01008
00DF1
00BD6
009B8
00796
00570
00346
0011D
FFEF3
FFCCA
FFAA1
FF878
FF64E
FF425
FF1FC
FEFD3
FEDAA
FEB81
FE958
FE72F
FE507
FE2DE
FE0B5
FDE90
FDC6F
FDA51
FD837
FD620
FD40D
FD1FE
FCFF2
FCDEA
FCBE6
FC9E5
FC7E8
FC5EF
FC3F9
FC207
FC018
FBE30
FBC4F
FBA75
FB8A1
FB6D3
FB50D
FB34D
FB194
FAFE1
FAE35
FAC90
FAAF2
FA95A
FA7C8
FA63E
FA4BA
FA33F
FA1CC
FA063
F9F02
F9DA9
F9C5A
F9B13
F99D5
F989F
F9772
F964E
F9533
F9420
F9316
F9215
F911C
F902D
F8F48
F8E6D
F8D9B
F8CD3
F8C15
F8B61
F8AB6
F8A15
F897D
F88F0
F886C
F87F2
F8781
F871A
F86BD
F866A
F8620
F85E0
F85A9
F857B
F8557
F853D
F852C
F8525
F8527
F8533
F8548
F8567
F858F
F85C1
F85FC
F8640
F868C
F86E0
F873D
F87A2
F880F
F8884
F8902
F8989
F8A17
F8AAE
F8B4D
F8BF5
F8CA5
F8D5D
F8E1D
F8EE4
F8FB1
F9084
F915E
F923E
F9324
F9410
F9503
F95FB
F96FA
F9800
F990B
F9A1D
F9B35
F9C54
F9D78
F9EA1
F9FCD
FA0FC
FA230
FA367
FA4A2
FA5E0
FA723
FA869
FA9B2
FAB00
FAC51
FADA5
FAEFE
FB05A
FB1BA
FB31B
FB47D
FB5E0
FB744
FB8AA
FBA10
FBB78
FBCE0
FBE4A
FBFB5
FC120
FC28D
FC3FB
FC56B
FC6DB
FC84C
FC9BC
FCB2B
FCC98
FCE04
FCF6F
FD0D8
FD240
FD3A7
FD50D
FD671
FD7D3
FD935
FDA95
FDBF4
FDD51
FDEAE
FE007
FE15D
FE2B1
FE401
FE54E
FE699
FE7E1
FE925
FEA67
FEBA6
FECE2
FEE1B
FEF51
FF084
FF1B4
FF2E1
FF40A
FF530
FF652
FF76F
FF889
FF9A0
FFAB2
FFBC0
FFCCB
FFDD2
FFED5
FFFD4
000CF
001C7
002BB
003AA
00497
0057F
00664
00745
00823
008FD
009D3
00AA6
00B75
00C40
00D08
00DCC
00E8C
00F49
01002
010B7
0116A
0121A
012C7
01372
0141A
014BF
01561
01601
0169E
01738
017D0
01864
018F7
01986
01A13
01A9C
01B25
01BAD
01C34
01CBA
01D40
01DC4
01E47
01EC9
01F4A
01FCA
02049
020C8
02145
021C1
0223C
022B7
02332
023AE
0242C
024AA
02529
025AA
0262B
026AD
02731
027B5
0283B
028C1
02948
029D1
02A5A
02AE5
02B72
02C03
02C96
02D2C
02DC5
02E62
02F01
02FA3
03048
030F0
0319B
0324A
032FB
033AF
03466
0351F
035DE
036A1
03768
03834
03904
039D9
03AB2
03B90
03C72
03D59
03E44
03F33
04027
04120
0421D
0431E
04425
04530
04641
04757
04871
04991
04AB6
04BE0
04D0F
04E43
04F7C
050BA
051FE
05346
05493
055E6
0573D
05899
059F9
05B5F
05CC9
05E38
05FAB
06124
062A1
06422
065A9
06734
068C4
06A59
06BF2
06D90
06F31
070D6
0727D
07427
075D5
07785
07939
07AF0
07CAA
07E66
08026
081E9
083AF
08579
08745
08914
08AE4
08CB4
08E86
09057
09229
093FC
095CF
097A3
09978
09B4D
09D22
09EF8
0A0CF
0A2A6
0A47E
0A657
0A82C
0A9FF
0ABCF
0AD9C
0AF66
0B12D
0B2F1
0B4B3
0B671
0B82D
0B9E6
0BB9C
0BD4F
0BEFF
0C0AD
0C257
0C3FB
0C599
0C730
0C8C0
0CA4B
0CBCE
0CD4B
0CEC2
0D032
0D19C
0D2FF
0D45C
0D5B2
0D702
0D84C
0D98E
0DAC7
0DBF6
0DD1B
0DE35
0DF46
0E04D
0E149
0E23C
0E324
0E403
0E4D7
0E5A1
0E662
0E718
0E7C4
0E866
0E8FB
0E984
0E9FF
0EA6E
0EAD0
0EB25
0EB6D
0EBA9
0EBD7
0EBF9
0EC0E
0EC16
0EC11
0EBFF
0EBE1
0EBB5
0EB7C
0EB33
0EADD
0EA78
0EA05
0E983
0E8F3
0E854
0E7A7
0E6EC
0E622
0E54A
0E464
0E36F
0E26C
0E15A
0E03A
0DF0C
0DDCF
0DC83
0DB29
0D9C1
0D84A
0D6C5
0D532
0D38F
0D1DF
0D020
0CE53
0CC77
0CA8C
0C894
0C68E
0C47C
0C25D
0C032
0BDFA
0BBB5
0B963
0B705
0B49A
0B222
0AF9E
0AD0D
0AA6F
0A7C5
0A50D
0A24A
09F7C
09CA6
099C6
096DC
093E9
090ED
08DE7
08AD7
087BF
0849D
08171
07E3C
07AFE
077B6
07464
0710A
06DAA
06A46
066DE
06371
05FFF
05C89
0590E
0558F
0520B
04E83
04AF5
04764
043CE
04033
03C93
038F0
0354D
031AB
02E0A
02A6A
026CB
0232D
01F91
01BF5
0185A
014C0
01128
00D90
009F9
00663
002CF
FFF3B
FFBAF
FF829
FF4AA
FF133
FEDC2
FEA59
FE6F6
FE39A
FE046
FDCF8
FD9B2
FD672
FD33A
FD008
FCCDE
FC9BA
FC6A3
FC399
FC09B
FBDA9
FBAC4
FB7EB
FB51F
FB25F
FAFAC
FAD05
FAA6B
FA7DD
FA55C
FA2E7
FA07F
F9E23
F9BD8
F999E
F9775
F955C
F9355
F915E
F8F78
F8DA3
F8BDF
F8A2C
F888A
F86F8
F8578
F8408
F82A9
F815B
F8021
F7EFA
F7DE6
F7CE7
F7BFB
F7B22
F7A5D
F79AC
F790E
F7883
F780D
F77A9
F775A
F771E
F76F5
F76E1
F76E0
F76F3
F771B
F7756
F77A6
F780A
F7882
F790E
F79AE
F7A63
F7B2B
F7C08
F7CF9
F7DFE
F7F17
F8044
F8184
F82D6
F843B
F85B2
F873C
F88D8
F8A87
F8C48
F8E1C
F9002
F91FB
F9406
F9624
F9854
F9A97
F9CED
F9F51
FA1C3
FA445
FA6D4
FA973
FAC20
FAEDC
FB1A6
FB47F
FB766
FBA5D
FBD61
FC075
FC397
FC6C7
FCA07
FCD4F
FD0A0
FD3FB
FD75E
FDACB
FDE40
FE1BF
FE547
FE8D7
FEC71
FF014
FF3C0
FF775
FFB33
FFEFA
002CA
0069C
00A71
00E48
01221
015FC
019DA
01DB9
0219B
02580
02966
02D4F
0313A
03527
03916
03D08
040FB
044EA
048D4
04CB9
05099
05474
0584A
05C1A
05FE6
063AD
0676F
06B2C
06EE4
07297
07645
079EE
07D92
0812A
084B6
08837
08BAC
08F14
09271
095C3
09908
09C41
09F6F
0A291
0A5A7
0A8B1
0ABAF
0AEA2
0B188
0B45D
0B721
0B9D3
0BC73
0BF02
0C17F
0C3EB
0C645
0C88D
0CAC4
0CCE9
0CEFD
0D0FF
0D2EF
0D4CE
0D69C
0D854
0D9F6
0DB83
0DCFA
0DE5C
0DFA9
0E0E0
0E202
0E30E
0E404
0E4E5
0E5B1
0E667
0E708
0E793
0E809
0E867
0E8AF
0E8DF
0E8F8
0E8F9
0E8E4
0E8B7
0E873
0E818
0E7A5
0E71B
0E67B
0E5C2
0E4F3
0E40C
0E30F
0E1FA
0E0CF
0DF8E
0DE36
0DCC8
0DB43
0D9A8
0D7F6
0D62E
0D44F
0D25A
0D04E
0CE2C
0CBF3
0C9A3
0C73E
0C4C4
0C237
0BF97
0BCE3
0BA1C
0B741
0B452
0B150
0AE3B
0AB12
0A7D5
0A485
0A121
09DAA
09A20
09681
092D5
08F19
08B4F
08777
08390
07F9A
07B96
07783
07361
06F31
06AF3
066A5
0624A
05DDF
05966
054DF
0504F
04BB7
04716
0426E
03DBD
03903
03442
02F78
02AA6
025CB
020E9
01BFE
0170A
0120F
00D0B
007FF
002F1
FFDE2
FF8D2
FF3C0
FEEAD
FE999
FE483
FDF6B
FDA52
FD538
FD01C
FCAFF
FC5E1
FC0C1
FBBA0
FB67D
FB160
FAC48
FA736
FA229
F9D21
F981F
F9322
F8E2B
F8939
F844D
F7F66
F7A84
F75A8
F70D1
F6C00
F6734
F6274
F5DBE
F5914
F5476
F4FE2
F4B5A
F46DE
F426C
F3E06
F39AC
F355C
F3118
F2CDF
F28B2
F2490
F2079
F1C72
F187B
F1494
F10BD
F0CF5
F093E
F0596
F01FF
EFE77
EFAFF
EF797
EF43F
EF0F6
EEDBE
EEA95
EE77D
EE477
EE183
EDEA2
EDBD3
ED916
ED66D
ED3D5
ED150
ECEDE
ECC7E
ECA30
EC7F5
EC5CC
EC3B6
EC1B2
EBFC1
EBDE3
EBC18
EBA60
EB8BB
EB729
EB5AB
EB43F
EB2E7
EB1A2
EB070
EAF51
EAE45
EAD4D
EAC67
EAB95
EAAD6
EAA29
EA98D
EA904
EA88C
EA826
EA7D2
EA790
EA760
EA741
EA735
EA73A
EA752
EA77B
EA7B6
EA803
EA861
EA8CF
EA94C
EA9D8
EAA73
EAB1D
EABD5
EAC9D
EAD74
EAE5A
EAF4F
EB053
EB167
EB289
EB3BA
EB4FA
EB649
EB7A3
EB909
EBA79
EBBF5
EBD7B
EBF0D
EC0AA
EC252
EC404
EC5C2
EC78C
EC960
ECB3F
ECD29
ECF1F
ED11F
ED326
ED534
ED748
ED962
EDB83
EDDAB
EDFD8
EE20D
EE448
EE689
EE8D1
EEB1F
EED74
EEFD0
EF231
EF49A
EF704
EF971
EFBDF
EFE50
F00C3
F0338
F05B0
F0829
F0AA5
F0D23
F0FA2
F1224
F14A9
F172F
F19B7
F1C42
F1ECB
F2152
F23D7
F265A
F28DC
F2B5B
F2DD9
F3055
F32D0
F3548
F37BF
F3A34
F3CA7
F3F19
F4188
F43F6
F465F
F48C4
F4B24
F4D7F
F4FD6
F5229
F5477
F56C0
F5905
F5B46
F5D81
F5FB9
F61EB
F6419
F6643
F6868
F6A87
F6C9F
F6EB2
F70BE
F72C4
F74C3
F76BD
F78B0
F7A9D
F7C83
F7E64
F803E
F8212
F83DF
F85A7
F8768
F8923
F8AD7
F8C85
F8E2C
F8FCC
F9166
F92FA
F9487
F960D
F978D
F9907
F9A7A
F9BE6
F9D4C
F9EAC
FA004
FA158
FA2A5
FA3EC
FA52E
FA66A
FA7A0
FA8D1
FA9FC
FAB21
FAC40
FAD59
FAE6D
FAF7A
FB082
FB185
FB281
FB37A
FB46E
FB55E
FB64A
FB731
FB815
FB8F4
FB9CF
FBAA6
FBB79
FBC48
FBD12
FBDD9
FBE9B
FBF59
FC013
FC0CB
FC180
FC234
FC2E5
FC395
FC442
FC4ED
FC597
FC63E
FC6E3
FC785
FC826
FC8C5
FC961
FC9FC
FCA94
FCB2C
FCBC5
FCC5D
FCCF4
FCD8C
FCE24
FCEBB
FCF52
FCFEA
FD081
FD118
FD1AE
FD245
FD2DB
FD372
FD408
FD4A0
FD539
FD5D4
FD671
FD70F
FD7AF
FD851
FD8F4
FD998
FDA3F
FDAE7
FDB90
FDC3B
FDCE8
FDD96
FDE46
FDEF8
FDFAD
FE064
FE11E
FE1DA
FE299
FE35A
FE41D
FE4E3
FE5AC
FE676
FE744
FE814
FE8E6
FE9BA
FEA92
FEB6B
FEC48
FED27
FEE09
FEEED
FEFD4
FF0BE
FF1AB
FF29A
FF38C
FF480
FF577
FF671
FF76D
FF86D
FF96E
FFA72
FFB78
FFC7F
FFD88
FFE93
FFFA0
000AF
001C0
002D3
003E7
004FD
00615
00730
0084B
00969
00A89
00BA9
00CCA
00DEB
00F0C
0102F
01151
01275
01398
014BC
015E1
01706
0182C
01953
01A79
01BA1
01CC8
01DEF
01F14
02038
0215A
0227B
0239A
024B8
025D5
026F0
0280A
02923
02A3A
02B50
02C64
02D77
02E89
02F97
030A2
031AA
032AE
033AF
034AD
035A7
0369E
03791
03882
0396F
03A58
03B3E
03C21
03D01
03DDD
03EB4
03F87
04054
0411D
041E0
0429F
04359
0440E
044BD
04568
0460E
046AF
0474B
047E3
04875
04902
04989
04A0B
04A86
04AFB
04B6B
04BD4
04C37
04C95
04CEC
04D3D
04D88
04DCE
04E0D
04E46
04E79
04EA7
04ECE
04EEF
04F0A
04F1E
04F2D
04F36
04F38
04F34
04F2A
04F1A
04F04
04EE8
04EC6
04E9D
04E6F
04E3A
04E00
04DC1
04D7C
04D31
04CE1
04C8C
04C31
04BD1
04B6C
04B01
04A90
04A1B
0499F
0491F
04899
0480D
0477E
046EB
04655
045BB
0451D
0447B
043D6
0432D
04281
041D0
0411C
04065
03FAA
03EEB
03E28
03D62
03C9A
03BD1
03B07
03A3C
0396F
038A1
037D1
03700
0362E
0355B
03486
033B0
032D8
03200
03126
0304A
02F70
02E98
02DC1
02CEC
02C18
02B46
02A75
029A6
028D8
0280C
02742
02679
025B1
024EB
02427
02364
022A5
021EB
02135
02083
01FD6
01F2D
01E89
01DE9
01D4D
01CB5
01C22
01B94
01B0A
01A84
01A02
01985
0190F
0189F
01836
017D4
01779
01724
016D7
01690
01650
01616
015E4
015B8
01593
01575
0155E
0154D
01545
01546
0154F
01560
0157A
0159D
015C8
015FC
01638
0167C
016CA
0171F
0177E
017E4
01854
018CB
0194C
019D7
01A6A
01B07
01BAC
01C5B
01D13
01DD5
01E9F
01F73
02050
02136
02225
0231E
02420
0252A
0263E
0275B
02880
029AE
02AE5
02C25
02D6E
02EBF
03019
0317C
032E8
0345D
035DA
03761
038F0
03A88
03C27
03DCD
03F7B
04130
042EB
044AE
04678
0484A
04A22
04C02
04DE9
04FD6
051CC
053C8
055CB
057D6
059E5
05BF9
05E11
0602E
06250
06476
066A1
068D1
06B05
06D3E
06F7B
071BE
07404
07650
078A0
07AF4
07D4A
07FA2
081FB
08455
086B1
0890E
08B6D
08DCD
0902F
09292
094F6
0975C
099C3
09C2C
09E96
0A102
0A36B
0A5D3
0A839
0AA9D
0ACFE
0AF5E
0B1BC
0B418
0B672
0B8CA
0BB1F
0BD73
0BFC5
0C215
0C463
0C6B0
0C8F6
0CB38
0CD74
0CFAB
0D1DD
0D409
0D630
0D852
0DA6F
0DC86
0DE98
0E0A5
0E2AC
0E4AF
0E6AC
0E8A3
0EA93
0EC7B
0EE5A
0F032
0F202
0F3C9
0F589
0F740
0F8F0
0FA97
0FC37
0FDCE
0FF5E
100E5
10265
103DC
1054A
106AE
10808
10959
10AA0
10BDD
10D11
10E3A
10F5B
11071
1117E
11281
1137A
1146A
1154F
1162C
116FD
117C5
11882
11935
119DD
11A7C
11B0F
11B99
11C18
11C8D
11CF7
11D57
11DAD
11DF9
11E3A
11E70
11E9D
11EC1
11EDA
11EEA
11EF0
11EED
11EE0
11EC9
11EA8
11E7D
11E49
11E0B
11DC4
11D72
11D17
11CB3
11C46
11BD1
11B54
11ACF
11A42
119AC
1190F
1186A
117BC
11707
11649
11583
114B5
113E0
11302
1121B
11130
1103F
10F49
10E4D
10D4C
10C45
10B39
10A27
10910
107F4
106D2
105AB
1047E
1034C
10214
100D7
0FF98
0FE56
0FD12
0FBCC
0FA83
0F938
0F7EB
0F69B
0F549
0F3F5
0F29E
0F145
0EFEA
0EE8C
0ED2D
0EBCA
0EA69
0E909
0E7A9
0E64A
0E4EC
0E38F
0E233
0E0D8
0DF7E
0DE24
0DCCB
0DB73
0DA1D
0D8C6
0D771
0D61D
0D4CC
0D37F
0D236
0D0F1
0CFAF
0CE71
0CD37
0CC00
0CACE
0C99F
0C873
0C74C
0C628
0C508
0C3EC
0C2D3
0C1C1
0C0B4
0BFAD
0BEAC
0BDB1
0BCBC
0BBCC
0BAE3
0BA00
0B922
0B84A
0B779
0B6AD
0B5E7
0B527
0B46C
0B3B9
0B30D
0B269
0B1CB
0B135
0B0A5
0B01D
0AF9C
0AF22
0AEAF
0AE44
0ADDF
0AD82
0AD2C
0ACDC
0AC95
0AC54
0AC1A
0ABE8
0ABBC
0AB98
0AB7B
0AB65
0AB56
0AB4E
0AB4D
0AB54
0AB62
0AB76
0AB92
0ABB5
0ABE0
0AC10
0AC46
0AC83
0ACC5
0AD0E
0AD5C
0ADB1
0AE0C
0AE6D
0AED4
0AF41
0AFB4
0B02D
0B0AD
0B132
0B1BE
0B24D
0B2E1
0B378
0B414
0B4B4
0B557
0B5FF
0B6AA
0B75A
0B80E
0B8C6
0B981
0BA41
0BB05
0BBCD
0BC98
0BD66
0BE34
0BF04
0BFD5
0C0A7
0C17B
0C24F
0C326
0C3FD
0C4D6
0C5B0
0C68B
0C768
0C846
0C925
0CA06
0CAE5
0CBC2
0CC9D
0CD76
0CE4E
0CF24
0CFF8
0D0CA
0D19B
0D26A
0D337
0D402
0D4CB
0D593
0D659
0D71D
0D7DC
0D897
0D94D
0D9FE
0DAAA
0DB51
0DBF4
0DC91
0DD2A
0DDBE
0DE4E
0DED8
0DF5E
0DFDF
0E05B
0E0D3
0E143
0E1AC
0E20D
0E267
0E2BA
0E306
0E34A
0E387
0E3BD
0E3EC
0E413
0E433
0E44C
0E45D
0E467
0E46A
0E464
0E454
0E43C
0E41B
0E3F0
0E3BD
0E380
0E33B
0E2EC
0E295
0E234
0E1CA
0E158
0E0DC
0E057
0DFC9
0DF31
0DE90
0DDE5
0DD30
0DC71
0DBA9
0DAD7
0D9FB
0D916
0D826
0D72D
0D62A
0D51E
0D407
0D2E7
0D1BE
0D08A
0CF4E
0CE08
0CCB8
0CB5F
0C9FC
0C891
0C71B
0C59C
0C414
0C283
0C0E7
0BF43
0BD95
0BBDD
0BA1D
0B854
0B683
0B4AA
0B2C9
0B0E0
0AEEF
0ACF6
0AAF5
0A8EC
0A6DB
0A4C2
0A2A1
0A078
09E47
09C0E
099CD
09786
0953A
092E7
0908F
08E31
08BCD
08964
086F4
0847F
08204
07F84
07CFD
07A71
077DF
07547
072AA
07009
06D66
06ABF
06815
06569
062B9
06007
05D51
05A99
057DD
0551F
0525D
04F98
04CD1
04A06
04739
0446B
0419E
03ED0
03C03
03935
03668
0339A
030CD
02DFF
02B32
02864
02597
022C9
01FFC
01D2E
01A61
01796
014CE
01209
00F47
00C88
009CC
00712
0045B
001A7
FFEF6
FFC48
FF99C
FF6F4
FF44E
FF1AB
FEF0B
FEC70
FE9DA
FE74A
FE4BF
FE239
FDFB9
FDD3D
FDAC7
FD856
FD5EB
FD384
FD123
FCEC7
FCC71
FCA20
FC7D3
FC58E
FC350
FC118
FBEE8
FBCBE
FBA9B
FB87F
FB669
FB45B
FB253
FB052
FAE59
FAC65
FAA79
FA894
FA6B5
FA4DE
FA30F
FA148
F9F88
F9DCF
F9C1F
F9A76
F98D5
F973B
F95A9
F941F
F929C
F9121
F8FAE
F8E42
F8CDF
F8B82
F8A2D
F88E0
F879A
F865C
F8525
F83F5
F82CD
F81AD
F8094
F7F83
F7E79
F7D77
F7C7C
F7B89
F7A9D
F79B8
F78DA
F7802
F7731
F7666
F75A2
F74E5
F742E
F737E
F72D5
F7232
F7196
F7101
F7072
F6FEA
F6F69
F6EEC
F6E75
F6E03
F6D96
F6D2F
F6CCC
F6C6F
F6C16
F6BC3
F6B75
F6B2D
F6AE9
F6AAA
F6A71
F6A3D
F6A0D
F69E2
F69B9
F6994
F6972
F6954
F6939
F6921
F690D
F68FC
F68EE
F68E4
F68DD
F68D9
F68D9
F68DC
F68E3
F68EB
F68F4
F6900
F690C
F691B
F692B
F693C
F694F
F6964
F697B
F6992
F69AC
F69C7
F69E4
F6A02
F6A22
F6A42
F6A62
F6A82
F6AA2
F6AC2
F6AE3
F6B03
F6B23
F6B44
F6B65
F6B85
F6BA6
F6BC7
F6BE8
F6C08
F6C29
F6C4A
F6C69
F6C87
F6CA5
F6CC2
F6CDE
F6CF9
F6D13
F6D2C
F6D45
F6D5D
F6D73
F6D89
F6D9E
F6DB3
F6DC6
F6DD8
F6DEA
F6DF9
F6E08
F6E16
F6E22
F6E2D
F6E37
F6E40
F6E47
F6E4E
F6E53
F6E57
F6E5A
F6E5B
F6E5C
F6E5B
F6E5B
F6E59
F6E57
F6E54
F6E50
F6E4B
F6E46
F6E41
F6E3A
F6E33
F6E2B
F6E22
F6E19
F6E0F
F6E05
F6DFA
F6DF0
F6DE7
F6DDE
F6DD5
F6DCC
F6DC4
F6DBC
F6DB5
F6DAE
F6DA7
F6DA1
F6D9B
F6D95
F6D8F
F6D8A
F6D87
F6D86
F6D87
F6D8A
F6D8F
F6D95
F6D9E
F6DA9
F6DB5
F6DC3
F6DD4
F6DE6
F6DFB
F6E11
F6E29
F6E43
F6E61
F6E82
F6EA8
F6ED0
F6EFD
F6F2D
F6F61
F6F99
F6FD4
F7013
F7056
F709C
F70E7
F7134
F7186
F71DB
F7236
F7296
F72FB
F7366
F73D6
F744B
F74C6
F7546
F75CC
F7657
F76E7
F777D
F7818
F78B9
F795F
F7A0A
F7ABC
F7B75
F7C34
F7CFB
F7DC7
F7E9B
F7F75
F8056
F813E
F822D
F8322
F841E
F8520
F862A
F873A
F8850
F896E
F8A94
F8BC1
F8CF5
F8E31
F8F74
F90BE
F9210
F9369
F94C9
F9631
F97A1
F9917
F9A95
F9C1B
F9DA7
F9F3B
FA0D7
FA279
FA423
FA5D4
FA78D
FA94C
FAB13
FACE2
FAEB7
FB094
FB278
FB464
FB656
FB850
FBA52
FBC59
FBE67
FC07B
FC295
FC4B5
FC6DC
FC908
FCB3B
FCD75
FCFB4
FD1FA
FD445
FD697
FD8F0
FDB4E
FDDB3
FE01C
FE289
FE4FB
FE772
FE9EC
FEC6B
FEEEF
FF177
FF403
FF694
FF929
FFBC2
FFE60
00103
003A9
00655
00902
00BB0
00E61
01113
013C7
0167E
01935
01BEF
01EAB
02168
02427
026E8
029AB
02C6F
02F36
031FE
034C5
0378B
03A50
03D14
03FD7
04298
04559
04818
04AD6
04D93
0504F
0530A
055C4
0587D
05B34
05DEB
0609D
0634B
065F5
0689A
06B3C
06DD9
07072
07307
07598
07824
07AAC
07D30
07FB0
0822C
084A3
08717
08983
08BE8
08E46
0909E
092EE
09537
09779
099B4
09BE9
09E16
0A03C
0A25B
0A473
0A684
0A88E
0AA92
0AC8B
0AE7C
0B063
0B242
0B416
0B5E2
0B7A4
0B95E
0BB0D
0BCB4
0BE51
0BFE6
0C170
0C2F2
0C46A
0C5DA
0C73E
0C898
0C9E7
0CB2C
0CC66
0CD95
0CEB9
0CFD3
0D0E3
0D1E7
0D2E1
0D3D1
0D4B6
0D590
0D65F
0D724
0D7DE
0D88D
0D931
0D9CA
0DA58
0DADB
0DB53
0DBC0
0DC22
0DC79
0DCC5
0DD07
0DD3D
0DD68
0DD89
0DD9E
0DDA9
0DDAA
0DDA1
0DD8E
0DD70
0DD49
0DD17
0DCDA
0DC94
0DC43
0DBE9
0DB84
0DB14
0DA9B
0DA17
0D98A
0D8F3
0D855
0D7AE
0D6FE
0D646
0D586
0D4BE
0D3ED
0D313
0D231
0D147
0D054
0CF59
0CE56
0CD4A
0CC36
0CB1C
0C9FC
0C8D6
0C7AB
0C67A
0C543
0C406
0C2C3
0C17B
0C02D
0BED9
0BD7F
0BC1F
0BABA
0B94F
0B7DE
0B66B
0B4F4
0B37C
0B200
0B083
0AF02
0AD7F
0ABFA
0AA71
0A8E7
0A759
0A5C9
0A437
0A2A2
0A10A
09F70
09DD6
09C3E
09AA6
0990F
09779
095E4
0944F
092BB
09128
08F96
08E05
08C75
08AE5
08956
087C8
0863B
084B2
0832D
081AB
0802E
07EB5
07D40
07BCF
07A62
078F9
07793
07632
074D5
0737C
07227
070D6
06F89
06E43
06D03
06BCA
06A97
0696C
06847
06728
06611
06500
063F5
062F2
061F5
060FE
0600F
05F26
05E43
05D6A
05C98
05BCF
05B0F
05A57
059A8
05901
05862
057CC
0573F
056BA
0563D
055C9
0555E
054FB
054A0
0544F
05407
053C8
05393
05367
05344
0532B
0531A
05314
05316
05322
05337
05355
0537D
053AD
053E8
0542B
05477
054CC
0552A
05590
05600
05679
056FA
05785
05818
058B5
0595A
05A08
05ABF
05B7F
05C48
05D18
05DF0
05ED0
05FB7
060A5
0619B
06299
0639E
064AA
065BE
066DA
067FD
06928
06A5A
06B93
06CD5
06E1B
06F66
070B7
0720D
07369
074C9
0762F
0779A
0790A
07A7F
07BFA
07D79
07EFE
08089
08218
083AD
08544
086DD
08879
08A17
08BB7
08D5A
08EFF
090A6
0924F
093FB
095AA
0975A
0990D
09AC2
09C7A
09E33
09FEC
0A1A4
0A35C
0A512
0A6C7
0A87C
0AA30
0ABE3
0AD95
0AF46
0B0F6
0B2A5
0B454
0B601
0B7AE
0B95A
0BB02
0BCA6
0BE46
0BFE2
0C17A
0C30E
0C49E
0C62A
0C7B2
0C936
0CAB6
0CC33
0CDAB
0CF1F
0D08F
0D1FC
0D361
0D4C1
0D619
0D76C
0D8B7
0D9FD
0DB3B
0DC73
0DDA5
0DED0
0DFF5
0E113
0E22A
0E33B
0E446
0E54A
0E646
0E739
0E824
0E907
0E9E1
0EAB3
0EB7D
0EC3E
0ECF7
0EDA8
0EE50
0EEF0
0EF87
0F017
0F09E
0F11C
0F192
0F1FE
0F261
0F2BB
0F30B
0F353
0F391
0F3C6
0F3F1
0F414
0F42D
0F43D
0F444
0F442
0F436
0F421
0F403
0F3DC
0F3AC
0F373
0F331
0F2E5
0F291
0F233
0F1CD
0F15D
0F0E4
0F062
0EFD7
0EF43
0EEA6
0EDFF
0ED51
0EC9B
0EBDD
0EB18
0EA4A
0E975
0E897
0E7B2
0E6C5
0E5D0
0E4D3
0E3CF
0E2C2
0E1AE
0E092
0DF6E
0DE44
0DD15
0DBDF
0DAA4
0D963
0D81C
0D6CF
0D57D
0D424
0D2C6
0D162
0CFF8
0CE89
0CD13
0CB98
0CA17
0C893
0C70B
0C580
0C3F2
0C261
0C0CD
0BF35
0BD9A
0BBFC
0BA5B
0B8B6
0B70E
0B563
0B3B5
0B203
0B04F
0AE99
0ACE4
0AB2E
0A978
0A7C1
0A60A
0A453
0A29B
0A0E2
09F2A
09D71
09BB7
099FE
09844
09689
094CE
09315
0915F
08FAC
08DFA
08C4B
08A9F
088F5
0874D
085A8
08405
08264
080C6
07F2A
07D91
07BFA
07A66
078D6
0774B
075C5
07444
072C7
07150
06FDD
06E6F
06D06
06BA1
06A42
068E7
06791
06640
064F4
063AC
0626B
06131
05FFD
05ECF
05DA8
05C87
05B6D
05A59
0594B
05845
05744
0564A
05557
0546A
05383
052A3
051CA
050F9
0502E
04F6B
04EB0
04DFB
04D4E
04CA8
04C0A
04B73
04AE3
04A5A
049D9
0495F
048EC
04881
0481D
047BF
04769
0471B
046D3
04693
04659
04627
045FC
045D9
045BC
045A7
04598
04591
04591
04599
045A6
045BA
045D4
045F4
0461A
04646
04679
046B2
046F1
04736
04781
047D3
0482B
04889
048ED
04957
049C6
04A39
04AB1
04B2D
04BAD
04C32
04CBC
04D4A
04DDC
04E72
04F0D
04FAD
05051
050F9
051A6
05257
0530A
053C0
05478
05532
055EE
056AC
0576C
0582F
058F3
059BA
05A83
05B4E
05C1C
05CEB
05DBD
05E91
05F65
06038
0610B
061DE
062B0
06382
06454
06526
065F8
066C9
0679A
0686A
0693A
06A0A
06ADA
06BAA
06C77
06D41
06E08
06ECD
06F90
0704F
0710C
071C7
0727F
07334
073E6
07496
07543
075EE
07696
0773B
077DC
07878
0790F
079A2
07A30
07ABA
07B3F
07BBF
07C3B
07CB2
07D25
07D93
07DFC
07E61
07EC1
07F1C
07F72
07FC1
0800A
0804E
0808B
080C2
080F4
0811F
08144
08164
0817D
08190
0819D
081A4
081A5
081A1
08195
08183
0816B
0814B
08126
080F9
080C6
0808D
0804D
08006
07FB9
07F66
07F0B
07EAA
07E43
07DD5
07D61
07CE6
07C65
07BDD
07B50
07ABC
07A21
07980
078D9
0782C
07778
076BE
075FD
07536
07469
07395
072BC
071DE
070FA
07011
06F22
06E2F
06D35
06C37
06B33
06A2A
0691B
06807
066ED
065CE
064AA
06381
06253
06122
05FED
05EB5
05D78
05C38
05AF4
059AD
05861
05712
055BF
05468
0530D
051AF
0504D
04EE7
04D7F
04C16
04AAB
0493E
047CF
0465F
044ED
04379
04204
0408C
03F13
03D98
03C1C
03A9D
0391D
0379C
0361A
03499
03319
03199
03019
02E9A
02D1C
02B9E
02A20
028A3
02726
025A9
0242E
022B2
02137
01FBD
01E45
01CCF
01B5C
019EC
0187E
01712
015A9
01443
012DF
0117D
0101E
00EC1
00D67
00C10
00ABB
00968
0081A
006D0
0058A
00448
0030B
001D1
0009C
FFF6B
FFE3E
FFD16
FFBF2
FFAD2
FF9B6
FF89E
FF78B
FF67B
FF571
FF46D
FF36E
FF274
FF17F
FF090
FEFA6
FEEC2
FEDE3
FED09
FEC35
FEB66
FEA9C
FE9D8
FE919
FE85F
FE7AB
FE6FE
FE656
FE5B4
FE517
FE481
FE3F1
FE366
FE2E1
FE263
FE1EA
FE177
FE10A
FE0A3
FE041
FDFE6
FDF90
FDF40
FDEF6
FDEB1
FDE72
FDE39
FDE05
FDDD7
FDDAF
FDD8C
FDD70
FDD58
FDD47
FDD3B
FDD35
FDD35
FDD39
FDD43
FDD51
FDD64
FDD7D
FDD9A
FDDBC
FDDE3
FDE0F
FDE3F
FDE75
FDEB0
FDEEF
FDF34
FDF7D
FDFCB
FE01D
FE073
FE0CC
FE128
FE189
FE1ED
FE254
FE2C0
FE32F
FE3A1
FE417
FE491
FE50F
FE590
FE614
FE69D
FE727
FE7B3
FE842
FE8D2
FE965
FE9F9
FEA90
FEB28
FEBC3
FEC60
FECFE
FED9F
FEE42
FEEE7
FEF8E
FF036
FF0E0
FF189
FF233
FF2DE
FF389
FF434
FF4DF
FF58B
FF638
FF6E5
FF792
FF83F
FF8ED
FF99C
FFA4A
FFAFA
FFBA8
FFC54
FFD00
FFDAA
FFE53
FFEFB
FFFA2
00048
000EC
00190
00232
002D3
00372
00411
004AE
0054B
005E4
0067C
00711
007A3
00834
008C2
0094D
009D6
00A5D
00AE1
00B63
00BE3
00C60
00CDB
00D53
00DC9
00E3C
00EAB
00F18
00F81
00FE7
01049
010A9
01105
0115E
011B4
01207
01256
012A2
012EB
01331
01374
013B3
013EE
01427
0145B
0148C
014BA
014E4
0150B
0152E
0154E
0156B
01583
01599
015AB
015B9
015C4
015CC
015D0
015D1
015CF
015C9
015C1
015B5
015A5
01593
0157D
01563
01547
01527
01504
014DE
014B4
01488
01459
01428
013F3
013BD
01383
01347
01309
012C7
01284
0123D
011F4
011A8
0115A
01109
010B5
01060
01009
00FB0
00F56
00EFA
00E9D
00E3E
00DDD
00D7A
00D16
00CB0
00C49
00BE0
00B75
00B09
00A9A
00A2C
009BD
0094D
008DD
0086C
007FB
00789
00716
006A3
00630
005BB
00547
004D2
0045C
003E5
0036F
002F8
00283
0020D
00199
00125
000B2
0003F
FFFCD
FFF5B
FFEEA
FFE7A
FFE0A
FFD9B
FFD2C
FFCBE
FFC50
FFBE4
FFB7A
FFB11
FFAA9
FFA43
FF9DF
FF97C
FF91A
FF8BA
FF85C
FF7FF
FF7A3
FF749
FF6F1
FF69A
FF644
FF5F1
FF5A0
FF551
FF504
FF4BA
FF471
FF42B
FF3E7
FF3A5
FF366
FF328
FF2ED
FF2B4
FF27D
FF249
FF216
FF1E6
FF1B9
FF18E
FF165
FF13F
FF11C
FF0FA
FF0DC
FF0C0
FF0A6
FF08F
FF07A
FF068
FF058
FF04A
FF040
FF037
FF031
FF02D
FF02C
FF02D
FF031
FF037
FF040
FF04A
FF058
FF068
FF07A
FF08E
FF0A5
FF0BF
FF0DA
FF0F8
FF118
FF13A
FF15E
FF183
FF1AB
FF1D5
FF201
FF22F
FF25E
FF290
FF2C4
FF2FA
FF331
FF36B
FF3A7
FF3E4
FF422
FF462
FF4A3
FF4E5
FF529
FF56E
FF5B4
FF5FC
FF645
FF68F
FF6DB
FF727
FF776
FF7C5
FF816
FF867
FF8B9
FF90B
FF95E
FF9B2
FFA05
FFA5A
FFAAF
FFB04
FFB5A
FFBB0
FFC07
FFC5E
FFCB6
FFD0F
FFD67
FFDC0
FFE18
FFE70
FFEC7
FFF1F
FFF75
FFFCC
00022
00078
000CD
00122
00177
001CB
0021F
00273
002C6
00318
0036A
003BA
00409
00457
004A3
004EF
0053A
00584
005CC
00614
0065A
0069F
006E4
00727
00769
007AA
007E8
00826
00861
0089B
008D3
0090A
0093F
00972
009A4
009D4
00A03
00A2F
00A5B
00A84
00AAC
00AD2
00AF6
00B18
00B39
00B57
00B73
00B8E
00BA7
00BBE
00BD3
00BE6
00BF7
00C06
00C14
00C1F
00C29
00C31
00C36
00C3A
00C3C
00C3D
00C3B
00C37
00C32
00C2B
00C22
00C16
00C09
00BFB
00BEA
00BD7
00BC3
00BAD
00B95
00B7C
00B61
00B45
00B27
00B07
00AE6
00AC3
00A9F
00A79
00A51
00A28
009FE
009D1
009A4
00975
00945
00914
008E2
008AF
0087A
00845
0080F
007D7
0079F
00765
0072B
006EF
006B2
00674
00636
005F6
005B7
00576
00536
004F5
004B3
00471
0042F
003EC
003A9
00365
00321
002DC
00297
00252
0020C
001C6
00181
0013C
000F7
000B2
0006E
0002A
FFFE6
FFFA2
FFF5F
FFF1C
FFED9
FFE96
FFE54
FFE11
FFDD0
FFD8E
FFD4E
FFD0F
FFCD0
FFC92
FFC55
FFC19
FFBDE
FFBA3
FFB69
FFB31
FFAF9
FFAC1
FFA8B
FFA55
FFA21
FF9ED
FF9BB
FF98A
FF95B
FF92C
FF8FF
FF8D3
FF8A9
FF880
FF858
FF831
FF80C
FF7E8
FF7C5
FF7A4
FF784
FF765
FF748
FF72D
FF712
FF6FA
FF6E3
FF6CD
FF6B9
FF6A6
FF695
FF686
FF678
FF66B
FF660
FF657
FF64E
FF648
FF643
FF63F
FF63D
FF63D
FF63E
FF640
FF644
FF64A
FF651
FF659
FF663
FF66F
FF67C
FF68A
FF69A
FF6AB
FF6BE
FF6D2
FF6E7
FF6FD
FF715
FF72E
FF748
FF763
FF780
FF79E
FF7BD
FF7DE
FF7FF
FF822
FF847
FF86C
FF892
FF8B9
FF8E1
FF909
FF933
FF95D
FF989
FF9B5
FF9E2
FFA10
FFA3F
FFA6E
FFA9F
FFAD0
FFB03
FFB35
FFB68
FFB9C
FFBD0
FFC04
FFC38
FFC6D
FFCA2
FFCD8
FFD0E
FFD44
FFD7B
FFDB2
FFDEA
FFE21
FFE5A
FFE92
FFEC9
FFF01
FFF39
FFF70
FFFA7
FFFDE
00014
0004B
00081
000B8
000EE
00123
00159
0018E
001C4
001F8
0022C
0025F
00292
002C4
002F5
00326
00356
00386
003B4
003E2
00410
0043D
00469
00494
004BF
004E9
00511
00539
00560
00585
005AA
005CE
005F0
00611
00632
00651
00670
0068D
006A9
006C4
006DF
006F8
0070F
00726
0073B
0074F
00762
00774
00785
00794
007A2
007AF
007BA
007C5
007CE
007D6
007DD
007E2
007E7
007EA
007EC
007ED
007EC
007EA
007E7
007E3
007DE
007D7
007CF
007C6
007BB
007B0
007A3
00795
00786
00776
00765
00753
00740
0072C
00717
00701
006EA
006D2
006B8
0069E
00683
00666
00649
0062B
0060C
005EC
005CC
005AB
00589
00567
00543
00520
004FB
004D6
004AF
00489
00461
00439
00410
003E7
003BD
00393
00369
0033F
00314
002E9
002BE
00292
00266
0023A
0020D
001E0
001B3
00186
00158
0012B
000FD
000D0
000A2
00075
00048
0001C
FFFEF
FFFC3
FFF96
FFF6A
FFF3E
FFF12
FFEE6
FFEBA
FFE8F
FFE64
FFE39
FFE0F
FFDE6
FFDBD
FFD94
FFD6D
FFD45
FFD1F
FFCF8
FFCD3
FFCAD
FFC89
FFC65
FFC41
FFC1E
FFBFC
FFBDA
FFBBA
FFB9A
FFB7B
FFB5D
FFB40
FFB24
FFB08
FFAEE
FFAD4
FFABB
FFAA3
FFA8C
FFA75
FFA60
FFA4B
FFA38
FFA25
FFA13
FFA03
FF9F3
FF9E5
FF9D7
FF9CA
FF9BF
FF9B4
FF9AA
FF9A2
FF99A
FF993
FF98E
FF989
FF985
FF983
FF981
FF980
FF981
FF982
FF984
FF988
FF98C
FF992
FF998
FF99F
FF9A8
FF9B1
FF9BC
FF9C7
FF9D3
FF9E0
FF9EE
FF9FD
FFA0C
FFA1D
FFA2E
FFA40
FFA53
FFA67
FFA7B
FFA91
FFAA7
FFABE
FFAD7
FFAEF
FFB08
FFB22
FFB3D
FFB58
FFB73
FFB90
FFBAC
FFBCA
FFBE8
FFC06
FFC26
FFC45
FFC66
FFC87
FFCA8
FFCCA
FFCEC
FFD0F
FFD31
FFD54
FFD77
FFD9A
FFDBE
FFDE2
FFE06
FFE2A
FFE4F
FFE74
FFE99
FFEBF
FFEE4
FFF0A
FFF2F
FFF55
FFF7A
FFF9F
FFFC4
FFFE9
0000E
00032
00057
0007B
0009F
000C4
000E8
0010C
0012F
00153
00176
00198
001BA
001DC
001FD
0021E
0023E
0025E
0027D
0029C
002BB
002D9
002F7
00314
00331
0034D
00368
00383
0039D
003B7
003CF
003E7
003FF
00415
0042B
00440
00455
00469
0047C
0048E
004A0
004B1
004C1
004D0
004DF
004EC
004F9
00505
00510
0051B
00524
0052D
00535
0053C
00543
00548
0054D
00551
00554
00556
00557
00558
00558
00556
00555
00552
0054E
0054A
00545
0053E
00538
00530
00527
0051E
00514
00509
004FE
004F2
004E5
004D8
004C9
004BB
004AB
0049B
0048A
00478
00466
00452
0043F
0042A
00416
00400
003EA
003D4
003BD
003A6
0038F
00376
0035E
00344
0032B
00311
002F6
002DB
002BF
002A3
00287
0026B
0024F
00232
00215
001F8
001DB
001BD
001A0
00182
00164
00145
00127
00108
000E9
000CA
000AB
0008D
0006E
00050
00031
00013
FFFF5
FFFD7
FFFB9
FFF9B
FFF7D
FFF5F
FFF42
FFF24
FFF07
FFEEA
FFECD
FFEB1
FFE95
FFE79
FFE5E
FFE43
FFE28
FFE0E
FFDF4
FFDDB
FFDC2
FFDA9
FFD90
FFD78
FFD61
FFD4A
FFD33
FFD1D
FFD08
FFCF3
FFCDE
FFCCB
FFCB8
FFCA5
FFC93
FFC81
FFC71
FFC60
FFC51
FFC41
FFC33
FFC25
FFC17
FFC0B
FFBFF
FFBF4
FFBE9
FFBDF
FFBD6
FFBCD
FFBC5
FFBBE
FFBB8
FFBB2
FFBAC
FFBA8
FFBA4
FFBA1
FFB9E
FFB9D
FFB9B
FFB9B
FFB9B
FFB9C
FFB9E
FFBA0
FFBA3
FFBA7
FFBAB
FFBB0
FFBB6
FFBBC
FFBC3
FFBCB
FFBD3
FFBDC
FFBE5
FFBEF
FFBF9
FFC05
FFC10
FFC1C
FFC29
FFC37
FFC45
FFC53
FFC62
FFC72
FFC82
FFC93
FFCA4
FFCB5
FFCC7
FFCD9
FFCEC
FFCFF
FFD13
FFD27
FFD3B
FFD50
FFD65
FFD7A
FFD90
FFDA7
FFDBD
FFDD4
FFDEB
FFE03
FFE1A
FFE32
FFE49
FFE61
FFE79
FFE92
FFEAA
FFEC3
FFEDB
FFEF4
FFF0E
FFF27
FFF40
FFF5A
FFF73
FFF8C
FFFA5
FFFBE
FFFD7
FFFF0
00009
00022
0003B
00053
0006C
00085
0009D
000B5
000CE
000E6
000FD
00115
0012C
00143
00159
0016F
00185
0019B
001B0
001C5
001DA
001EE
00202
00216
0022A
0023D
0024F
00261
00273
00284
00295
002A5
002B5
002C4
002D3
002E1
002EF
002FD
0030A
00316
00322
0032D
00338
00343
0034C
00356
0035E
00366
0036E
00375
0037B
00381
00387
0038C
00390
00393
00397
00399
0039B
0039D
0039D
0039E
0039E
0039D
0039B
00399
00397
00394
00390
0038C
00387
00382
0037C
00376
0036F
00368
00360
00358
0034F
00346
0033C
00332
00327
0031C
00310
00304
002F8
002EB
002DD
002CF
002C1
002B3
002A4
00295
00286
00276
00266
00255
00245
00234
00222
00211
001FF
001EC
001DA
001C7
001B4
001A1
0018E
0017B
00167
00153
00140
0012C
00118
00104
000F0
000DB
000C7
000B2
0009D
00088
00074
0005F
0004B
00036
00022
0000D
FFFF9
FFFE5
FFFD1
FFFBD
FFFA9
FFF95
FFF81
FFF6D
FFF5A
FFF46
FFF33
FFF20
FFF0D
FFEFB
FFEE9
FFED7
FFEC5
FFEB4
FFEA3
FFE92
FFE81
FFE70
FFE60
FFE50
FFE41
FFE31
FFE22
FFE14
FFE06
FFDF8
FFDEB
FFDDE
FFDD1
FFDC5
FFDB9
FFDAD
FFDA2
FFD98
FFD8D
FFD83
FFD7A
FFD71
FFD68
FFD60
FFD58
FFD51
FFD4A
FFD43
FFD3D
FFD38
FFD33
FFD2E
FFD2A
FFD26
FFD23
FFD20
FFD1E
FFD1C
FFD1A
FFD19
FFD19
FFD19
FFD19
FFD1A
FFD1B
FFD1C
FFD1F
FFD21
FFD24
FFD27
FFD2B
FFD30
FFD34
FFD3A
FFD3F
FFD45
FFD4B
FFD52
FFD59
FFD60
FFD68
FFD70
FFD79
FFD82
FFD8B
FFD95
FFD9F
FFDA9
FFDB4
FFDBF
FFDCA
FFDD6
FFDE2
FFDEE
FFDFA
FFE07
FFE14
FFE21
FFE2E
FFE3C
FFE4A
FFE58
FFE66
FFE75
FFE84
FFE93
FFEA2
FFEB1
FFEC1
FFED0
FFEE0
FFEF0
FFF00
FFF10
FFF20
FFF30
FFF40
FFF50
FFF61
FFF72
FFF82
FFF93
FFFA4
FFFB4
FFFC5
FFFD5
FFFE6
FFFF6
00006
00017
00027
00037
00047
00057
00067
00077
00087
00097
000A6
000B5
000C4
000D3
000E2
000F0
000FF
0010D
0011B
00128
00136
00143
00150
0015D
0016A
00176
00182
0018E
0019A
001A5
001AF
001BA
001C4
001CE
001D8
001E1
001EA
001F3
001FB
00203
0020B
00212
00219
00220
00226
0022C
00232
00237
0023C
00240
00244
00248
0024C
0024F
00251
00254
00255
00257
00258
00259
0025A
0025A
00259
00259
00258
00257
00255
00253
00250
0024E
0024A
00247
00243
0023F
0023A
00236
00231
0022B
00225
0021F
00219
00212
0020C
00204
001FD
001F5
001ED
001E4
001DC
001D3
001C9
001C0
001B7
001AD
001A3
00198
0018E
00183
00179
0016D
00162
00157
0014B
0013F
00133
00127
0011A
0010E
00102
000F5
000E8
000DC
000CF
000C2
000B5
000A8
0009B
0008E
00081
00073
00066
00058
0004B
0003E
00030
00023
00016
00009
FFFFC
FFFEF
FFFE2
FFFD5
FFFC8
FFFBB
FFFAE
FFFA1
FFF95
FFF88
FFF7C
FFF6F
FFF63
FFF57
FFF4C
FFF40
FFF35
FFF29
FFF1E
FFF13
FFF08
FFEFE
FFEF3
FFEE9
FFEDF
FFED5
FFECB
FFEC2
FFEB9
FFEB0
FFEA7
FFE9F
FFE97
FFE8F
FFE87
FFE80
FFE79
FFE72
FFE6B
FFE65
FFE5F
FFE59
FFE54
FFE4E
FFE49
FFE45
FFE40
FFE3C
FFE38
FFE35
FFE32
FFE2F
FFE2C
FFE2A
FFE28
FFE26
FFE25
FFE24
FFE23
FFE22
FFE22
FFE22
FFE22
FFE23
FFE24
FFE25
FFE26
FFE28
FFE2A
FFE2C
FFE2F
FFE31
FFE35
FFE38
FFE3C
FFE3F
FFE43
FFE48
FFE4C
FFE51
FFE56
FFE5C
FFE61
FFE67
FFE6D
FFE73
FFE7A
FFE80
FFE87
FFE8F
FFE96
FFE9D
FFEA5
FFEAD
FFEB5
FFEBD
FFEC5
FFECE
FFED6
FFEDF
FFEE8
FFEF1
FFEFA
FFF04
FFF0D
FFF17
FFF21
FFF2A
FFF34
FFF3E
FFF48
FFF52
FFF5C
FFF66
FFF71
FFF7B
FFF85
FFF90
FFF9A
FFFA5
FFFAF
FFFBA
FFFC4
FFFCF
FFFD9
FFFE4
FFFEE
FFFF9
00003
0000D
00017
00022
0002C
00036
00040
0004A
00054
0005E
00068
00071
0007B
00084
0008D
00096
0009F
000A8
000B1
000B9
000C2
000CA
000D2
000DB
000E2
000EA
000F2
000F9
00100
00107
0010E
00115
0011B
00121
00127
0012D
00132
00138
0013D
00142
00147
0014B
00150
00154
00158
0015C
0015F
00162
00165
00168
0016A
0016D
0016F
00170
00172
00173
00175
00175
00176
00177
00177
00177
00177
00176
00176
00175
00174
00172
00171
0016F
0016D
0016B
00168
00166
00163
00160
0015D
00159
00156
00152
0014E
0014A
00145
00141
0013C
00137
00132
0012D
00127
00122
0011C
00116
00110
0010A
00104
000FD
000F7
000F0
000E9
000E3
000DC
000D4
000CD
000C6
000BE
000B7
000AF
000A7
000A0
00098
00090
00088
00080
00078
00070
00068
00060
00058
00050
00047
0003F
00036
0002E
00026
0001E
00015
0000D
00005
FFFFD
FFFF5
FFFED
FFFE5
FFFDD
FFFD5
FFFCD
FFFC5
FFFBD
FFFB5
FFFAE
FFFA6
FFF9F
FFF97
FFF90
FFF89
FFF82
FFF7B
FFF74
FFF6D
FFF66
FFF60
FFF59
FFF53
FFF4C
FFF46
FFF40
FFF3A
FFF35
FFF2F
FFF2A
FFF25
FFF1F
FFF1B
FFF16
FFF11
FFF0D
FFF08
FFF04
FFF00
FFEFD
FFEF9
FFEF6
FFEF2
FFEEF
FFEEC
FFEEA
FFEE7
FFEE5
FFEE3
FFEE1
FFEDF
FFEDD
FFEDC
FFEDA
FFED9
FFED9
FFED8
FFED7
FFED7
FFED7
FFED7
FFED7
FFED8
FFED8
FFED9
FFEDA
FFEDB
FFEDC
FFEDE
FFEE0
FFEE1
FFEE4
FFEE6
FFEE8
FFEEB
FFEED
FFEF0
FFEF3
FFEF6
FFEF9
FFEFD
FFF00
FFF04
FFF08
FFF0B
FFF10
FFF14
FFF18
FFF1D
FFF21
FFF26
FFF2B
FFF30
FFF34
FFF3A
FFF3F
FFF44
FFF49
FFF4F
FFF54
FFF5A
FFF60
FFF66
FFF6B
FFF71
FFF77
FFF7D
FFF84
FFF8A
FFF90
FFF96
FFF9C
FFFA2
FFFA9
FFFAF
FFFB5
FFFBB
FFFC2
FFFC8
FFFCF
FFFD5
FFFDC
FFFE2
FFFE8
FFFEE
FFFF5
FFFFB
00001
00007
0000E
00014
0001A
00020
00026
0002C
00032
00038
0003E
00044
00049
0004F
00054
0005A
0005F
00064
00069
0006F
00074
00079
0007D
00082
00087
0008B
00090
00094
00098
0009C
000A0
000A4
000A8
000AC
000AF
000B2
000B6
000B9
000BC
000BF
000C1
000C4
000C6
000C9
000CB
000CD
000CF
000D1
000D2
000D4
000D5
000D7
000D8
000D9
000DA
000DA
000DB
000DB
000DC
000DC
000DC
000DC
000DB
000DB
000DB
000DA
000D9
000D8
000D7
000D6
000D5
000D4
000D2
000D1
000CF
000CD
000CB
000C9
000C7
000C5
000C2
000C0
000BD
000BB
000B8
000B5
000B2
000AF
000AB
000A8
000A5
000A1
0009E
0009A
00096
00093
0008F
0008B
00087
00083
0007F
0007B
00076
00072
0006E
00069
00065
00061
0005C
00057
00053
0004E
0004A
00045
00040
0003C
00037
00032
0002D
00028
00024
0001F
0001A
00015
00010
0000C
00007
00002
FFFFD
FFFF9
FFFF4
FFFEF
FFFEB
FFFE6
FFFE2
FFFDD
FFFD9
FFFD4
FFFD0
FFFCC
FFFC7
FFFC3
FFFBF
FFFBB
FFFB7
FFFB3
FFFAF
FFFAB
FFFA7
FFFA4
FFFA0
FFF9C
FFF99
FFF95
FFF92
FFF8F
FFF8B
FFF88
FFF85
FFF82
FFF7F
FFF7D
FFF7A
FFF77
FFF75
FFF73
FFF70
FFF6E
FFF6C
FFF6A
FFF68
FFF66
FFF64
FFF63
FFF61
FFF60
FFF5F
FFF5D
FFF5C
FFF5B
FFF5A
FFF5A
FFF59
FFF58
FFF58
FFF57
FFF57
FFF57
FFF57
FFF57
FFF57
FFF57
FFF57
FFF58
FFF58
FFF59
FFF5A
FFF5A
FFF5B
FFF5C
FFF5E
FFF5F
FFF60
FFF61
FFF63
FFF64
FFF66
FFF68
FFF6A
FFF6C
FFF6E
FFF70
FFF72
FFF74
FFF76
FFF79
FFF7B
FFF7E
FFF80
FFF83
FFF86
FFF89
FFF8B
FFF8E
FFF91
FFF94
FFF97
FFF9A
FFF9E
FFFA1
FFFA4
FFFA7
FFFAB
FFFAE
FFFB2
FFFB5
FFFB8
FFFBC
FFFBF
FFFC3
FFFC7
FFFCA
FFFCE
FFFD1
FFFD5
FFFD9
FFFDC
FFFE0
FFFE4
FFFE8
FFFEB
FFFEF
FFFF3
FFFF6
FFFFA
FFFFD
00001
00005
00008
0000C
0000F
00012
00016
00019
0001D
00020
00023
00027
0002A
0002D
00030
00033
00036
00039
0003C
0003F
00042
00044
00047
0004A
0004C
0004F
00051
00054
00056
00058
0005B
0005D
0005F
00061
00063
00065
00067
00068
0006A
0006C
0006D
0006F
00070
00071
00073
00074
00075
00076
00077
00078
00078
00079
0007A
0007A
0007B
0007B
0007B
0007B
0007B
0007B
0007B
0007B
0007B
0007B
0007B
0007A
0007A
00079
00079
00078
00077
00076
00076
00075
00074
00073
00071
00070
0006F
0006E
0006C
0006B
00069
00068
00066
00065
00063
00061
0005F
0005D
0005B
00059
00057
00055
00053
00051
0004F
0004D
0004A
00048
00046
00043
00041
0003F
0003C
0003A
00037
00035
00032
00030
0002D
0002B
00029
00026
00023
00021
0001E
0001C
00019
00017
00014
00012
0000F
0000D
0000A
00008
00005
00003
00000
FFFFE
FFFFB
FFFF9
FFFF6
FFFF4
FFFF2
FFFEF
FFFED
FFFEA
FFFE8
FFFE6
FFFE4
FFFE1
FFFDF
FFFDD
FFFDB
FFFD9
FFFD7
FFFD5
FFFD3
FFFD1
FFFCF
FFFCD
FFFCB
FFFC9
FFFC7
FFFC6
FFFC4
FFFC3
FFFC1
FFFBF
FFFBE
FFFBD
FFFBB
FFFBA
FFFB9
FFFB8
FFFB7
FFFB5
FFFB4
FFFB4
FFFB3
FFFB2
FFFB1
FFFB0
FFFB0
FFFAF
FFFAE
FFFAE
FFFAD
FFFAD
FFFAC
FFFAC
FFFAC
FFFAC
FFFAB
FFFAB
FFFAB
FFFAB
FFFAB
FFFAB
FFFAB
FFFAC
FFFAC
FFFAC
FFFAD
FFFAD
FFFAD
FFFAE
FFFAF
FFFAF
FFFB0
FFFB1
FFFB1
FFFB2
FFFB3
FFFB4
FFFB5
FFFB6
FFFB7
FFFB8
FFFB9
FFFBA
FFFBB
FFFBC
FFFBD
FFFBE
FFFC0
FFFC1
FFFC2
FFFC4
FFFC5
FFFC6
FFFC8
FFFC9
FFFCB
FFFCC
FFFCE
FFFCF
FFFD1
FFFD2
FFFD4
FFFD6
FFFD7
FFFD9
FFFDB
FFFDC
FFFDE
FFFE0
FFFE2
FFFE3
FFFE5
FFFE7
FFFE8
FFFEA
FFFEC
FFFEE
FFFEF
FFFF1
FFFF3
FFFF5
FFFF6
FFFF8
FFFFA
FFFFC
FFFFD
FFFFF
00001
00002
00004
00006
00008
00009
0000B
0000D
0000E
00010
00012
00013
00015
00016
00018
00019
0001B
0001C
0001E
0001F
00020
00022
00023
00024
00026
00027
00028
00029
0002A
0002B
0002C
0002E
0002F
0002F
00030
00031
00032
00033
00034
00035
00035
00036
00037
00037
00038
00039
00039
0003A
0003A
0003A
0003B
0003B
0003B
0003C
0003C
0003C
0003C
0003C
0003C
0003C
0003C
0003C
0003C
0003C
0003C
0003C
0003B
0003B
0003B
0003A
0003A
0003A
00039
00039
00038
00038
00037
00037
00036
00035
00035
00034
00033
00033
00032
00031
00030
0002F
0002F
0002E
0002D
0002C
0002B
0002A
00029
00028
00027
00026
00025
00023
00022
00021
00020
0001F
0001D
0001C
0001B
0001A
00018
00017
00016
00015
00013
00012
00011
00010
0000E
0000D
0000C
0000B
00009
00008
00007
00006
00004
00003
00002
00001
00000
FFFFE
FFFFD
FFFFC
FFFFB
FFFF9
FFFF8
FFFF7
FFFF6
FFFF5
FFFF4
FFFF2
FFFF1
FFFF0
FFFEF
FFFEE
FFFED
FFFEC
FFFEB
FFFEA
FFFE9
FFFE8
FFFE7
FFFE6
FFFE5
FFFE4
FFFE3
FFFE2
FFFE2
FFFE1
FFFE0
FFFDF
FFFDF
FFFDE
FFFDD
FFFDD
FFFDC
FFFDB
FFFDB
FFFDA
FFFDA
FFFD9
FFFD9
FFFD8
FFFD8
FFFD8
FFFD7
FFFD7
FFFD7
FFFD6
FFFD6
FFFD6
FFFD6
FFFD5
FFFD5
FFFD5
FFFD5
FFFD5
FFFD5
FFFD5
FFFD5
FFFD5
FFFD5
FFFD5
FFFD5
FFFD5
FFFD5
FFFD6
FFFD6
FFFD6
FFFD6
FFFD7
FFFD7
FFFD8
FFFD8
FFFD8
FFFD9
FFFD9
FFFDA
FFFDA
FFFDB
FFFDB
FFFDC
FFFDD
FFFDD
FFFDE
FFFDE
FFFDF
FFFE0
FFFE1
FFFE1
FFFE2
FFFE3
FFFE3
FFFE4
FFFE5
FFFE6
FFFE6
FFFE7
FFFE8
FFFE9
FFFE9
FFFEA
FFFEB
FFFEC
FFFED
FFFEE
FFFEE
FFFEF
FFFF0
FFFF1
FFFF2
FFFF2
FFFF3
FFFF4
FFFF5
FFFF6
FFFF6
FFFF7
FFFF8
FFFF9
FFFFA
FFFFB
FFFFB
FFFFC
FFFFD
FFFFE
FFFFE
FFFFF
00000
00001
00002
00002
00003
00004
00005
00005
00006
00007
00008
00008
00009
0000A
0000A
0000B
0000B
0000C
0000D
0000D
0000E
0000E
0000F
0000F
00010
00010
00011
00011
00011
00012
00012
00013
00013
00013
00013
00014
00014
00014
00014
00015
00015
00015
00015
00015
00015
00015
00016
00016
00016
00016
00016
00016
00016
00016
00016
00016
00016
00016
00016
00016
00016
00016
00016
00016
00016
00016
00015
00015
00015
00015
00015
00015
00015
00015
00014
00014
00014
00014
00014
00013
00013
00013
00013
00012
00012
00012
00011
00011
00010
00010
00010
0000F
0000F
0000E
0000E
0000E
0000D
0000D
0000C
0000C
0000C
0000B
0000B
0000A
0000A
00009
00009
00008
00008
00008
00007
00007
00006
00006
00005
00005
00004
00004
00003
00003
00002
00002
00001
00001
00000
00000
FFFFF
FFFFF
FFFFE
FFFFE
FFFFE
FFFFD
FFFFD
FFFFC
FFFFC
FFFFB
FFFFB
FFFFA
FFFFA
FFFFA
FFFF9
FFFF9
FFFF8
FFFF8
FFFF8
FFFF7
FFFF7
FFFF7
FFFF6
FFFF6
FFFF6
FFFF5
FFFF5
FFFF5
FFFF4
FFFF4
FFFF4
FFFF4
FFFF3
FFFF3
FFFF3
FFFF2
FFFF2
FFFF2
FFFF2
FFFF1
FFFF1
FFFF1
FFFF1
FFFF0
FFFF0
FFFF0
FFFF0
FFFF0
FFFF0
FFFEF
FFFEF
FFFEF
FFFEF
FFFEF
FFFEF
FFFEF
FFFEF
FFFEF
FFFEF
FFFEF
FFFEF
FFFEF
FFFEF
FFFEF
FFFEF
FFFEF
FFFEF
FFFEF
FFFF0
FFFF0
FFFF0
FFFF0
FFFF0
FFFF0
FFFF0
FFFF0
FFFF0
FFFF1
FFFF1
FFFF1
FFFF1
FFFF1
FFFF2
FFFF2
FFFF2
FFFF2
FFFF2
FFFF3
FFFF3
FFFF3
FFFF3
FFFF4
FFFF4
FFFF4
FFFF4
FFFF5
FFFF5
FFFF5
FFFF6
FFFF6
FFFF6
FFFF6
FFFF7
FFFF7
FFFF7
FFFF8
FFFF8
FFFF8
FFFF9
FFFF9
FFFF9
FFFFA
FFFFA
FFFFA
FFFFA
FFFFB
FFFFB
FFFFB
FFFFC
FFFFC
FFFFC
FFFFD
FFFFD
FFFFD
FFFFE
FFFFE
FFFFE
FFFFE
FFFFF
FFFFF
FFFFF
00000
00000
00000
00000
00001
00001
00001
00001
00002
00002
00002
00002
00002
00003
00003
00003
00003
00003
00004
00004
00004
00004
00004
00004
00004
00004
00005
00005
00005
00005
00005
00005
00005
00005
00005
00005
00005
00005
00006
00006
00006
00006
00006
00006
00006
00006
00006
00006
00006
00006
00006
00006
00006
00006
00005
00005
00005
00005
00005
00005
00005
00005
00005
00005
00005
00005
00005
00005
00005
00005
00004
00004
00004
00004
00004
00004
00004
00004
00004
00004
00004
00004
00004
00004
00004
00004
00003
00003
00003
00003
00003
00003
00003
00003
00003
00003
00003
00003
00003
00003
00003
00003
00002
00002
00002
00002
00002
00002
00002
00002
00002
00002
00002
00002
00001
00001
00001
00001
00001
00001
00001
00001
00000
00000
00000
00000
00000
00000
00000
00000
FFFFF
FFFFF
FFFFF
FFFFF
FFFFF
FFFFF
FFFFF
FFFFF
FFFFE
FFFFE
FFFFE
FFFFE
FFFFE
FFFFE
FFFFE
FFFFE
FFFFD
FFFFD
FFFFD
FFFFD
FFFFD
FFFFD
FFFFD
FFFFD
FFFFC
FFFFC
FFFFC
FFFFC
FFFFC
FFFFC
FFFFC
FFFFC
FFFFC
FFFFC
FFFFC
FFFFC
FFFFB
FFFFB
FFFFB
FFFFB
FFFFB
FFFFB
FFFFB
FFFFB
FFFFB
FFFFB
FFFFB
FFFFB
FFFFB
FFFFB
FFFFB
FFFFB
FFFFB
FFFFB
FFFFB
FFFFB
FFFFB
FFFFB
FFFFB
FFFFB
FFFFB
FFFFB
FFFFB
FFFFB
FFFFB
FFFFB
FFFFB
FFFFB
FFFFC
FFFFC
FFFFC
FFFFC
FFFFC
FFFFC
FFFFC
FFFFC
FFFFC
FFFFC
FFFFC
FFFFC
FFFFC
FFFFC
FFFFC
FFFFC
FFFFD
FFFFD
FFFFD
FFFFD
FFFFD
FFFFD
FFFFD
FFFFD
FFFFD
FFFFD
FFFFD
FFFFD
FFFFE
FFFFE
FFFFE
FFFFE
FFFFE
FFFFE
FFFFE
FFFFE
FFFFF
FFFFF
FFFFF
FFFFF
FFFFF
FFFFF
FFFFF
FFFFF
FFFFF
FFFFF
FFFFF
FFFFF
00000
00000
00000
00000
00000
00000
00000
00000
00000
00000
00000
00000
00000
00000
00000
00000
00001
00001
00001
00001
00001
00001
00001
00001
00001
00001
00001
00001
00001
00001
00001
00001
00001
00001
00001
00001
00001
00001
00001
00001
00001
00001
00001
00001
00001
00001
00001
00001
00001
00001
00001
00001
00001
00001
00001
00001
00001
00001
00001
00001
00001
00001
00001
00001
00000
00000
00000
00000
00000
00000
00000
00000
00000
00000
00000
00000
00000
00000
00000
00000
00000
00000
00000
00000
00000
00000
00000
00000
00000
00000
00000
00000
00000
00000
00000
00000
00000
00000
00000
00000
00000
00000
00000
00000
00000
00000
00000
00000
00000
00000
00000
00000
00000
00000
00000
00000
00000
00000
00000
00000
00000
00000
00000
00000
00000
00000
00000
00000
00000
00000
00000
00000
00000
00000
00000
00000
00000
00000
00000
00000
00000
00000
00000
00000
00000
00000
00000
00000
00000
00000
00000
00000
00000
00000
00000
00000
00000
00000
00000
00000
00000
00000
00000
00000
00000
00000
00000
00000
00000
00000
00000
00000
00000
00000
00000
00000
00000
00000
00000
00000
00000
00000
00000
00000
00000
00000
00000
00000
00000
00000
00000
00000
00000
00000
00000
00000
00000
00000
00000
00000
00000
00000
00000
00000
00000
00000
00000
00000
00000
00000
00000
00000
00000
00000
00000
00000
00000
00000
00000
00000
00000
00000
00000
00000
00000
00000
00000
00000
00000
00000
00000
00000
00000
00000
00000
00000
00000
00000
00000
00000
00000
00000
00000
00000
00000
00000
00000
00000
00000
00000
00000
00000
00000
00000
00000
00000
00000
00000
00000
00000
00000
00000
00000
00000
00000
00000
00000
00000
00000
00000
00000
00000
00000
00000
00000
00000
00000
00000
00000
00000
00000
00000
00000
00000
00000
00000
00000
00000
00000
00000
00000
00000
00000
00000
00000
00000
00000
00000
00000
00000
00000
00000
00000
00000
00000
00000
00000
00000
00000
00000
00000
00000
00000
00000
00000
00000
00000
00000
00000
00000
00000
00000
00000
00000
00000
00000
00000
00000
00000
00000
00000
00000
00000
00000
00000
00000
00000
00000
00000
00000
00000
00000
00000
00000
00000
00000
00000
00000
00000
00000
00000
00000
00000
00000
00000
00000
00000
00000
00000
00000
00000
00000
00000
00000
00000
00000
00000
00000
00000
00000
00000
00000
00000
00000
00000
00000
00000
00000
00000
00000
00000
00000
00000
00000
00000
