Copyright 1986-2022 Xilinx, Inc. All Rights Reserved. Copyright 2022-2025 Advanced Micro Devices, Inc. All Rights Reserved.
--------------------------------------------------------------------------------------------------------------------------------------------------------------------------------------------------------------------------------------
| Tool Version : Vivado v.2025.2 (win64) Build 6299465 Fri Nov 14 19:35:11 GMT 2025
| Date         : Sat Aug  8 23:39:27 2026
| Host         : LAPTOP-476JT8H0 running 64-bit major release  (build 9200)
| Command      : report_timing_summary -delay_type min_max -max_paths 10 -file D:/FpgaProject/XilinxProject/XC7A35T/fir_interpolation/XC7A35T_interp_opt_2025.2/tools/vivado_2025_2/results/20260808_233550/timing_summary_routed.rpt
| Design       : board_demo_competition_dac8_top
| Device       : 7a35t-fgg484
| Speed File   : -2  PRODUCTION 1.23 2018-06-13
| Design State : Routed
--------------------------------------------------------------------------------------------------------------------------------------------------------------------------------------------------------------------------------------

Timing Summary Report

------------------------------------------------------------------------------------------------
| Timer Settings
| --------------
------------------------------------------------------------------------------------------------

  Enable Multi Corner Analysis               :  Yes
  Enable Pessimism Removal                   :  Yes
  Pessimism Removal Resolution               :  Nearest Common Node
  Enable Input Delay Default Clock           :  No
  Enable Preset / Clear Arcs                 :  No
  Disable Flight Delays                      :  No
  Ignore I/O Paths                           :  No
  Timing Early Launch at Borrowing Latches   :  No
  Borrow Time for Max Delay Exceptions       :  Yes
  Merge Timing Exceptions                    :  Yes
  Inter-SLR Compensation                     :  Conservative

  Corner  Analyze    Analyze    
  Name    Max Paths  Min Paths  
  ------  ---------  ---------  
  Slow    Yes        Yes        
  Fast    Yes        Yes        


------------------------------------------------------------------------------------------------
| Report Methodology
| ------------------
------------------------------------------------------------------------------------------------

Rule       Severity  Description                                 Violations  
---------  --------  ------------------------------------------  ----------  
SYNTH-6    Warning   Timing of a RAM block might be sub-optimal  1           
TIMING-18  Warning   Missing input or output delay               8           

Note: This report is based on the most recent report_methodology run and may not be up-to-date. Run report_methodology on the current design for the latest report.



check_timing report

Table of Contents
-----------------
1. checking no_clock (0)
2. checking constant_clock (0)
3. checking pulse_width_clock (0)
4. checking unconstrained_internal_endpoints (0)
5. checking no_input_delay (2)
6. checking no_output_delay (5)
7. checking multiple_clock (0)
8. checking generated_clocks (0)
9. checking loops (0)
10. checking partial_input_delay (0)
11. checking partial_output_delay (0)
12. checking latch_loops (0)

1. checking no_clock (0)
------------------------
 There are 0 register/latch pins with no clock.


2. checking constant_clock (0)
------------------------------
 There are 0 register/latch pins with constant_clock.


3. checking pulse_width_clock (0)
---------------------------------
 There are 0 register/latch pins which need pulse_width check


4. checking unconstrained_internal_endpoints (0)
------------------------------------------------
 There are 0 pins that are not constrained for maximum delay.

 There are 0 pins that are not constrained for maximum delay due to constant clock.


5. checking no_input_delay (2)
------------------------------
 There are 0 input ports with no input delay specified.

 There are 2 input ports with no input delay but user has a false path constraint. (MEDIUM)


6. checking no_output_delay (5)
-------------------------------
 There are 0 ports with no output delay specified.

 There are 4 ports with no output delay but user has a false path constraint (MEDIUM)

 There is 1 port with no output delay but with a timing clock defined on it or propagating through it (LOW)


7. checking multiple_clock (0)
------------------------------
 There are 0 register/latch pins with multiple clocks.


8. checking generated_clocks (0)
--------------------------------
 There are 0 generated clocks that are not connected to a clock source.


9. checking loops (0)
---------------------
 There are 0 combinational loops in the design.


10. checking partial_input_delay (0)
------------------------------------
 There are 0 input ports with partial input delay specified.


11. checking partial_output_delay (0)
-------------------------------------
 There are 0 ports with partial output delay specified.


12. checking latch_loops (0)
----------------------------
 There are 0 combinational latch loops in the design through latch input



------------------------------------------------------------------------------------------------
| Design Timing Summary
| ---------------------
------------------------------------------------------------------------------------------------

    WNS(ns)      TNS(ns)  TNS Failing Endpoints  TNS Total Endpoints      WHS(ns)      THS(ns)  THS Failing Endpoints  THS Total Endpoints     WPWS(ns)     TPWS(ns)  TPWS Failing Endpoints  TPWS Total Endpoints  
    -------      -------  ---------------------  -------------------      -------      -------  ---------------------  -------------------     --------     --------  ----------------------  --------------------  
     43.997        0.000                      0                 1506        0.085        0.000                      0                 1504        0.000        0.000                       0                   408  


All user specified timing constraints are met.


------------------------------------------------------------------------------------------------
| Clock Summary
| -------------
------------------------------------------------------------------------------------------------

Clock                                     Waveform(ns)         Period(ns)      Frequency(MHz)
-----                                     ------------         ----------      --------------
clk_20M                                   {0.000 25.000}       50.000          20.000          
  u_dual_family_audio_clock/clk_44k1_raw  {0.000 88.577}       177.154         5.645           
    dac_clk_44k1_128x                     {0.000 88.577}       177.154         5.645           
  u_dual_family_audio_clock/clk_48k_raw   {0.000 81.379}       162.759         6.144           
    dac_clk_48k_128x                      {0.000 81.379}       162.759         6.144           
  u_dual_family_audio_clock/clkfb_44k1    {0.000 50.000}       100.000         10.000          
  u_dual_family_audio_clock/clkfb_48k     {0.000 25.000}       50.000          20.000          


------------------------------------------------------------------------------------------------
| Intra Clock Table
| -----------------
------------------------------------------------------------------------------------------------

Clock                                         WNS(ns)      TNS(ns)  TNS Failing Endpoints  TNS Total Endpoints      WHS(ns)      THS(ns)  THS Failing Endpoints  THS Total Endpoints     WPWS(ns)     TPWS(ns)  TPWS Failing Endpoints  TPWS Total Endpoints  
-----                                         -------      -------  ---------------------  -------------------      -------      -------  ---------------------  -------------------     --------     --------  ----------------------  --------------------  
clk_20M                                        43.997        0.000                      0                  110        0.127        0.000                      0                  110       15.000        0.000                       0                    59  
  u_dual_family_audio_clock/clk_44k1_raw       83.121        0.000                      0                 1386        0.085        0.000                      0                 1386       36.206        0.000                       0                   343  
  u_dual_family_audio_clock/clk_48k_raw        76.130        0.000                      0                 1386        0.085        0.000                      0                 1386       50.601        0.000                       0                   343  
  u_dual_family_audio_clock/clkfb_44k1                                                                                                                                                      0.000        0.000                       0                     2  
  u_dual_family_audio_clock/clkfb_48k                                                                                                                                                      48.751        0.000                       0                     2  


------------------------------------------------------------------------------------------------
| Inter Clock Table
| -----------------
------------------------------------------------------------------------------------------------

From Clock                              To Clock                                    WNS(ns)      TNS(ns)  TNS Failing Endpoints  TNS Total Endpoints      WHS(ns)      THS(ns)  THS Failing Endpoints  THS Total Endpoints  
----------                              --------                                    -------      -------  ---------------------  -------------------      -------      -------  ---------------------  -------------------  
clk_20M                                 u_dual_family_audio_clock/clk_44k1_raw       48.877        0.000                      0                    2                                                                        
u_dual_family_audio_clock/clk_44k1_raw  dac_clk_44k1_128x                            84.287        0.000                      0                    8       86.288        0.000                      0                    8  
clk_20M                                 u_dual_family_audio_clock/clk_48k_raw        48.877        0.000                      0                    2                                                                        
u_dual_family_audio_clock/clk_48k_raw   dac_clk_48k_128x                             76.116        0.000                      0                    8       78.117        0.000                      0                    8  


------------------------------------------------------------------------------------------------
| Other Path Groups Table
| -----------------------
------------------------------------------------------------------------------------------------

Path Group    From Clock    To Clock          WNS(ns)      TNS(ns)  TNS Failing Endpoints  TNS Total Endpoints      WHS(ns)      THS(ns)  THS Failing Endpoints  THS Total Endpoints  
----------    ----------    --------          -------      -------  ---------------------  -------------------      -------      -------  ---------------------  -------------------  


------------------------------------------------------------------------------------------------
| Timing Details
| --------------
------------------------------------------------------------------------------------------------


---------------------------------------------------------------------------------------------------
From Clock:  clk_20M
  To Clock:  clk_20M

Setup :            0  Failing Endpoints,  Worst Slack       43.997ns,  Total Violation        0.000ns
Hold  :            0  Failing Endpoints,  Worst Slack        0.127ns,  Total Violation        0.000ns
PW    :            0  Failing Endpoints,  Worst Slack       15.000ns,  Total Violation        0.000ns
---------------------------------------------------------------------------------------------------


Max Delay Paths
--------------------------------------------------------------------------------------
Slack (MET) :             43.997ns  (required time - arrival time)
  Source:                 gen_shared_scan_counter.pwr_rst_cnt_reg[13]/C
                            (rising edge-triggered cell FDRE clocked by clk_20M  {rise@0.000ns fall@25.000ns period=50.000ns})
  Destination:            gen_compact_keypad.gen_ultracompact.u_matrix_keypad_mode_ctrl_ultracompact/kr_drive_low_reg[0]/R
                            (rising edge-triggered cell FDRE clocked by clk_20M  {rise@0.000ns fall@25.000ns period=50.000ns})
  Path Group:             clk_20M
  Path Type:              Setup (Max at Slow Process Corner)
  Requirement:            50.000ns  (clk_20M rise@50.000ns - clk_20M rise@0.000ns)
  Data Path Delay:        5.527ns  (logic 0.998ns (18.057%)  route 4.529ns (81.943%))
  Logic Levels:           4  (LUT2=1 LUT3=1 LUT6=2)
  Clock Path Skew:        -0.088ns (DCD - SCD + CPR)
    Destination Clock Delay (DCD):    4.370ns = ( 54.370 - 50.000 ) 
    Source Clock Delay      (SCD):    4.617ns
    Clock Pessimism Removal (CPR):    0.159ns
  Clock Uncertainty:      0.035ns  ((TSJ^2 + TIJ^2)^1/2 + DJ) / 2 + PE
    Total System Jitter     (TSJ):    0.071ns
    Total Input Jitter      (TIJ):    0.000ns
    Discrete Jitter          (DJ):    0.000ns
    Phase Error              (PE):    0.000ns

    Location             Delay type                Incr(ns)  Path(ns)    Netlist Resource(s)
  -------------------------------------------------------------------    -------------------
                         (clock clk_20M rise edge)    0.000     0.000 r  
    Y18                                               0.000     0.000 r  clk (IN)
                         net (fo=0)                   0.000     0.000    clk
    Y18                  IBUF (Prop_ibuf_I_O)         1.427     1.427 r  u_ibuf_sys_clk/O
                         net (fo=1, routed)           1.693     3.120    clk_ibuf
    BUFGCTRL_X0Y0        BUFG (Prop_bufg_I_O)         0.081     3.201 r  u_bufg_sys_clk/O
                         net (fo=58, routed)          1.416     4.617    clk_sys_bufg
    SLICE_X1Y82          FDRE                                         r  gen_shared_scan_counter.pwr_rst_cnt_reg[13]/C
  -------------------------------------------------------------------    -------------------
    SLICE_X1Y82          FDRE (Prop_fdre_C_Q)         0.379     4.996 r  gen_shared_scan_counter.pwr_rst_cnt_reg[13]/Q
                         net (fo=2, routed)           1.070     6.066    gen_shared_scan_counter.pwr_rst_cnt_reg[13]
    SLICE_X0Y81          LUT6 (Prop_lut6_I3_O)        0.105     6.171 r  board_demo_comp_LUT6/O
                         net (fo=2, routed)           0.531     6.702    board_demo_comp_net_2
    SLICE_X0Y79          LUT6 (Prop_lut6_I5_O)        0.105     6.807 r  board_demo_comp_LUT6_1/O
                         net (fo=11, routed)          0.620     7.426    board_demo_comp_net_35
    SLICE_X2Y81          LUT3 (Prop_lut3_I2_O)        0.126     7.552 r  kr_drive_low[3]_i_3/O
                         net (fo=4, routed)           0.696     8.249    kr_drive_low[3]_i_3_n_0
    SLICE_X2Y79          LUT2 (Prop_lut2_I1_O)        0.283     8.532 r  board_demo_comp_LUT2_5/O
                         net (fo=8, routed)           1.612    10.144    gen_compact_keypad.gen_ultracompact.u_matrix_keypad_mode_ctrl_ultracompact/scan_candidate[0]
    SLICE_X0Y39          FDRE                                         r  gen_compact_keypad.gen_ultracompact.u_matrix_keypad_mode_ctrl_ultracompact/kr_drive_low_reg[0]/R
  -------------------------------------------------------------------    -------------------

                         (clock clk_20M rise edge)   50.000    50.000 r  
    Y18                                               0.000    50.000 r  clk (IN)
                         net (fo=0)                   0.000    50.000    clk
    Y18                  IBUF (Prop_ibuf_I_O)         1.361    51.361 r  u_ibuf_sys_clk/O
                         net (fo=1, routed)           1.604    52.965    clk_ibuf
    BUFGCTRL_X0Y0        BUFG (Prop_bufg_I_O)         0.077    53.042 r  u_bufg_sys_clk/O
                         net (fo=58, routed)          1.328    54.370    clk_sys_bufg
    SLICE_X0Y39          FDRE                                         r  gen_compact_keypad.gen_ultracompact.u_matrix_keypad_mode_ctrl_ultracompact/kr_drive_low_reg[0]/C
                         clock pessimism              0.159    54.528    
                         clock uncertainty           -0.035    54.493    
    SLICE_X0Y39          FDRE (Setup_fdre_C_R)       -0.352    54.141    gen_compact_keypad.gen_ultracompact.u_matrix_keypad_mode_ctrl_ultracompact/kr_drive_low_reg[0]
  -------------------------------------------------------------------
                         required time                         54.141    
                         arrival time                         -10.144    
  -------------------------------------------------------------------
                         slack                                 43.997    

Slack (MET) :             43.997ns  (required time - arrival time)
  Source:                 gen_shared_scan_counter.pwr_rst_cnt_reg[13]/C
                            (rising edge-triggered cell FDRE clocked by clk_20M  {rise@0.000ns fall@25.000ns period=50.000ns})
  Destination:            gen_compact_keypad.gen_ultracompact.u_matrix_keypad_mode_ctrl_ultracompact/kr_drive_low_reg[1]/S
                            (rising edge-triggered cell FDSE clocked by clk_20M  {rise@0.000ns fall@25.000ns period=50.000ns})
  Path Group:             clk_20M
  Path Type:              Setup (Max at Slow Process Corner)
  Requirement:            50.000ns  (clk_20M rise@50.000ns - clk_20M rise@0.000ns)
  Data Path Delay:        5.527ns  (logic 0.998ns (18.057%)  route 4.529ns (81.943%))
  Logic Levels:           4  (LUT2=1 LUT3=1 LUT6=2)
  Clock Path Skew:        -0.088ns (DCD - SCD + CPR)
    Destination Clock Delay (DCD):    4.370ns = ( 54.370 - 50.000 ) 
    Source Clock Delay      (SCD):    4.617ns
    Clock Pessimism Removal (CPR):    0.159ns
  Clock Uncertainty:      0.035ns  ((TSJ^2 + TIJ^2)^1/2 + DJ) / 2 + PE
    Total System Jitter     (TSJ):    0.071ns
    Total Input Jitter      (TIJ):    0.000ns
    Discrete Jitter          (DJ):    0.000ns
    Phase Error              (PE):    0.000ns

    Location             Delay type                Incr(ns)  Path(ns)    Netlist Resource(s)
  -------------------------------------------------------------------    -------------------
                         (clock clk_20M rise edge)    0.000     0.000 r  
    Y18                                               0.000     0.000 r  clk (IN)
                         net (fo=0)                   0.000     0.000    clk
    Y18                  IBUF (Prop_ibuf_I_O)         1.427     1.427 r  u_ibuf_sys_clk/O
                         net (fo=1, routed)           1.693     3.120    clk_ibuf
    BUFGCTRL_X0Y0        BUFG (Prop_bufg_I_O)         0.081     3.201 r  u_bufg_sys_clk/O
                         net (fo=58, routed)          1.416     4.617    clk_sys_bufg
    SLICE_X1Y82          FDRE                                         r  gen_shared_scan_counter.pwr_rst_cnt_reg[13]/C
  -------------------------------------------------------------------    -------------------
    SLICE_X1Y82          FDRE (Prop_fdre_C_Q)         0.379     4.996 r  gen_shared_scan_counter.pwr_rst_cnt_reg[13]/Q
                         net (fo=2, routed)           1.070     6.066    gen_shared_scan_counter.pwr_rst_cnt_reg[13]
    SLICE_X0Y81          LUT6 (Prop_lut6_I3_O)        0.105     6.171 r  board_demo_comp_LUT6/O
                         net (fo=2, routed)           0.531     6.702    board_demo_comp_net_2
    SLICE_X0Y79          LUT6 (Prop_lut6_I5_O)        0.105     6.807 r  board_demo_comp_LUT6_1/O
                         net (fo=11, routed)          0.620     7.426    board_demo_comp_net_35
    SLICE_X2Y81          LUT3 (Prop_lut3_I2_O)        0.126     7.552 r  kr_drive_low[3]_i_3/O
                         net (fo=4, routed)           0.696     8.249    kr_drive_low[3]_i_3_n_0
    SLICE_X2Y79          LUT2 (Prop_lut2_I1_O)        0.283     8.532 r  board_demo_comp_LUT2_5/O
                         net (fo=8, routed)           1.612    10.144    gen_compact_keypad.gen_ultracompact.u_matrix_keypad_mode_ctrl_ultracompact/scan_candidate[0]
    SLICE_X0Y39          FDSE                                         r  gen_compact_keypad.gen_ultracompact.u_matrix_keypad_mode_ctrl_ultracompact/kr_drive_low_reg[1]/S
  -------------------------------------------------------------------    -------------------

                         (clock clk_20M rise edge)   50.000    50.000 r  
    Y18                                               0.000    50.000 r  clk (IN)
                         net (fo=0)                   0.000    50.000    clk
    Y18                  IBUF (Prop_ibuf_I_O)         1.361    51.361 r  u_ibuf_sys_clk/O
                         net (fo=1, routed)           1.604    52.965    clk_ibuf
    BUFGCTRL_X0Y0        BUFG (Prop_bufg_I_O)         0.077    53.042 r  u_bufg_sys_clk/O
                         net (fo=58, routed)          1.328    54.370    clk_sys_bufg
    SLICE_X0Y39          FDSE                                         r  gen_compact_keypad.gen_ultracompact.u_matrix_keypad_mode_ctrl_ultracompact/kr_drive_low_reg[1]/C
                         clock pessimism              0.159    54.528    
                         clock uncertainty           -0.035    54.493    
    SLICE_X0Y39          FDSE (Setup_fdse_C_S)       -0.352    54.141    gen_compact_keypad.gen_ultracompact.u_matrix_keypad_mode_ctrl_ultracompact/kr_drive_low_reg[1]
  -------------------------------------------------------------------
                         required time                         54.141    
                         arrival time                         -10.144    
  -------------------------------------------------------------------
                         slack                                 43.997    

Slack (MET) :             43.997ns  (required time - arrival time)
  Source:                 gen_shared_scan_counter.pwr_rst_cnt_reg[13]/C
                            (rising edge-triggered cell FDRE clocked by clk_20M  {rise@0.000ns fall@25.000ns period=50.000ns})
  Destination:            gen_compact_keypad.gen_ultracompact.u_matrix_keypad_mode_ctrl_ultracompact/kr_drive_low_reg[2]/S
                            (rising edge-triggered cell FDSE clocked by clk_20M  {rise@0.000ns fall@25.000ns period=50.000ns})
  Path Group:             clk_20M
  Path Type:              Setup (Max at Slow Process Corner)
  Requirement:            50.000ns  (clk_20M rise@50.000ns - clk_20M rise@0.000ns)
  Data Path Delay:        5.527ns  (logic 0.998ns (18.057%)  route 4.529ns (81.943%))
  Logic Levels:           4  (LUT2=1 LUT3=1 LUT6=2)
  Clock Path Skew:        -0.088ns (DCD - SCD + CPR)
    Destination Clock Delay (DCD):    4.370ns = ( 54.370 - 50.000 ) 
    Source Clock Delay      (SCD):    4.617ns
    Clock Pessimism Removal (CPR):    0.159ns
  Clock Uncertainty:      0.035ns  ((TSJ^2 + TIJ^2)^1/2 + DJ) / 2 + PE
    Total System Jitter     (TSJ):    0.071ns
    Total Input Jitter      (TIJ):    0.000ns
    Discrete Jitter          (DJ):    0.000ns
    Phase Error              (PE):    0.000ns

    Location             Delay type                Incr(ns)  Path(ns)    Netlist Resource(s)
  -------------------------------------------------------------------    -------------------
                         (clock clk_20M rise edge)    0.000     0.000 r  
    Y18                                               0.000     0.000 r  clk (IN)
                         net (fo=0)                   0.000     0.000    clk
    Y18                  IBUF (Prop_ibuf_I_O)         1.427     1.427 r  u_ibuf_sys_clk/O
                         net (fo=1, routed)           1.693     3.120    clk_ibuf
    BUFGCTRL_X0Y0        BUFG (Prop_bufg_I_O)         0.081     3.201 r  u_bufg_sys_clk/O
                         net (fo=58, routed)          1.416     4.617    clk_sys_bufg
    SLICE_X1Y82          FDRE                                         r  gen_shared_scan_counter.pwr_rst_cnt_reg[13]/C
  -------------------------------------------------------------------    -------------------
    SLICE_X1Y82          FDRE (Prop_fdre_C_Q)         0.379     4.996 r  gen_shared_scan_counter.pwr_rst_cnt_reg[13]/Q
                         net (fo=2, routed)           1.070     6.066    gen_shared_scan_counter.pwr_rst_cnt_reg[13]
    SLICE_X0Y81          LUT6 (Prop_lut6_I3_O)        0.105     6.171 r  board_demo_comp_LUT6/O
                         net (fo=2, routed)           0.531     6.702    board_demo_comp_net_2
    SLICE_X0Y79          LUT6 (Prop_lut6_I5_O)        0.105     6.807 r  board_demo_comp_LUT6_1/O
                         net (fo=11, routed)          0.620     7.426    board_demo_comp_net_35
    SLICE_X2Y81          LUT3 (Prop_lut3_I2_O)        0.126     7.552 r  kr_drive_low[3]_i_3/O
                         net (fo=4, routed)           0.696     8.249    kr_drive_low[3]_i_3_n_0
    SLICE_X2Y79          LUT2 (Prop_lut2_I1_O)        0.283     8.532 r  board_demo_comp_LUT2_5/O
                         net (fo=8, routed)           1.612    10.144    gen_compact_keypad.gen_ultracompact.u_matrix_keypad_mode_ctrl_ultracompact/scan_candidate[0]
    SLICE_X0Y39          FDSE                                         r  gen_compact_keypad.gen_ultracompact.u_matrix_keypad_mode_ctrl_ultracompact/kr_drive_low_reg[2]/S
  -------------------------------------------------------------------    -------------------

                         (clock clk_20M rise edge)   50.000    50.000 r  
    Y18                                               0.000    50.000 r  clk (IN)
                         net (fo=0)                   0.000    50.000    clk
    Y18                  IBUF (Prop_ibuf_I_O)         1.361    51.361 r  u_ibuf_sys_clk/O
                         net (fo=1, routed)           1.604    52.965    clk_ibuf
    BUFGCTRL_X0Y0        BUFG (Prop_bufg_I_O)         0.077    53.042 r  u_bufg_sys_clk/O
                         net (fo=58, routed)          1.328    54.370    clk_sys_bufg
    SLICE_X0Y39          FDSE                                         r  gen_compact_keypad.gen_ultracompact.u_matrix_keypad_mode_ctrl_ultracompact/kr_drive_low_reg[2]/C
                         clock pessimism              0.159    54.528    
                         clock uncertainty           -0.035    54.493    
    SLICE_X0Y39          FDSE (Setup_fdse_C_S)       -0.352    54.141    gen_compact_keypad.gen_ultracompact.u_matrix_keypad_mode_ctrl_ultracompact/kr_drive_low_reg[2]
  -------------------------------------------------------------------
                         required time                         54.141    
                         arrival time                         -10.144    
  -------------------------------------------------------------------
                         slack                                 43.997    

Slack (MET) :             43.997ns  (required time - arrival time)
  Source:                 gen_shared_scan_counter.pwr_rst_cnt_reg[13]/C
                            (rising edge-triggered cell FDRE clocked by clk_20M  {rise@0.000ns fall@25.000ns period=50.000ns})
  Destination:            gen_compact_keypad.gen_ultracompact.u_matrix_keypad_mode_ctrl_ultracompact/kr_drive_low_reg[3]/S
                            (rising edge-triggered cell FDSE clocked by clk_20M  {rise@0.000ns fall@25.000ns period=50.000ns})
  Path Group:             clk_20M
  Path Type:              Setup (Max at Slow Process Corner)
  Requirement:            50.000ns  (clk_20M rise@50.000ns - clk_20M rise@0.000ns)
  Data Path Delay:        5.527ns  (logic 0.998ns (18.057%)  route 4.529ns (81.943%))
  Logic Levels:           4  (LUT2=1 LUT3=1 LUT6=2)
  Clock Path Skew:        -0.088ns (DCD - SCD + CPR)
    Destination Clock Delay (DCD):    4.370ns = ( 54.370 - 50.000 ) 
    Source Clock Delay      (SCD):    4.617ns
    Clock Pessimism Removal (CPR):    0.159ns
  Clock Uncertainty:      0.035ns  ((TSJ^2 + TIJ^2)^1/2 + DJ) / 2 + PE
    Total System Jitter     (TSJ):    0.071ns
    Total Input Jitter      (TIJ):    0.000ns
    Discrete Jitter          (DJ):    0.000ns
    Phase Error              (PE):    0.000ns

    Location             Delay type                Incr(ns)  Path(ns)    Netlist Resource(s)
  -------------------------------------------------------------------    -------------------
                         (clock clk_20M rise edge)    0.000     0.000 r  
    Y18                                               0.000     0.000 r  clk (IN)
                         net (fo=0)                   0.000     0.000    clk
    Y18                  IBUF (Prop_ibuf_I_O)         1.427     1.427 r  u_ibuf_sys_clk/O
                         net (fo=1, routed)           1.693     3.120    clk_ibuf
    BUFGCTRL_X0Y0        BUFG (Prop_bufg_I_O)         0.081     3.201 r  u_bufg_sys_clk/O
                         net (fo=58, routed)          1.416     4.617    clk_sys_bufg
    SLICE_X1Y82          FDRE                                         r  gen_shared_scan_counter.pwr_rst_cnt_reg[13]/C
  -------------------------------------------------------------------    -------------------
    SLICE_X1Y82          FDRE (Prop_fdre_C_Q)         0.379     4.996 r  gen_shared_scan_counter.pwr_rst_cnt_reg[13]/Q
                         net (fo=2, routed)           1.070     6.066    gen_shared_scan_counter.pwr_rst_cnt_reg[13]
    SLICE_X0Y81          LUT6 (Prop_lut6_I3_O)        0.105     6.171 r  board_demo_comp_LUT6/O
                         net (fo=2, routed)           0.531     6.702    board_demo_comp_net_2
    SLICE_X0Y79          LUT6 (Prop_lut6_I5_O)        0.105     6.807 r  board_demo_comp_LUT6_1/O
                         net (fo=11, routed)          0.620     7.426    board_demo_comp_net_35
    SLICE_X2Y81          LUT3 (Prop_lut3_I2_O)        0.126     7.552 r  kr_drive_low[3]_i_3/O
                         net (fo=4, routed)           0.696     8.249    kr_drive_low[3]_i_3_n_0
    SLICE_X2Y79          LUT2 (Prop_lut2_I1_O)        0.283     8.532 r  board_demo_comp_LUT2_5/O
                         net (fo=8, routed)           1.612    10.144    gen_compact_keypad.gen_ultracompact.u_matrix_keypad_mode_ctrl_ultracompact/scan_candidate[0]
    SLICE_X0Y39          FDSE                                         r  gen_compact_keypad.gen_ultracompact.u_matrix_keypad_mode_ctrl_ultracompact/kr_drive_low_reg[3]/S
  -------------------------------------------------------------------    -------------------

                         (clock clk_20M rise edge)   50.000    50.000 r  
    Y18                                               0.000    50.000 r  clk (IN)
                         net (fo=0)                   0.000    50.000    clk
    Y18                  IBUF (Prop_ibuf_I_O)         1.361    51.361 r  u_ibuf_sys_clk/O
                         net (fo=1, routed)           1.604    52.965    clk_ibuf
    BUFGCTRL_X0Y0        BUFG (Prop_bufg_I_O)         0.077    53.042 r  u_bufg_sys_clk/O
                         net (fo=58, routed)          1.328    54.370    clk_sys_bufg
    SLICE_X0Y39          FDSE                                         r  gen_compact_keypad.gen_ultracompact.u_matrix_keypad_mode_ctrl_ultracompact/kr_drive_low_reg[3]/C
                         clock pessimism              0.159    54.528    
                         clock uncertainty           -0.035    54.493    
    SLICE_X0Y39          FDSE (Setup_fdse_C_S)       -0.352    54.141    gen_compact_keypad.gen_ultracompact.u_matrix_keypad_mode_ctrl_ultracompact/kr_drive_low_reg[3]
  -------------------------------------------------------------------
                         required time                         54.141    
                         arrival time                         -10.144    
  -------------------------------------------------------------------
                         slack                                 43.997    

Slack (MET) :             44.693ns  (required time - arrival time)
  Source:                 gen_shared_scan_counter.pwr_rst_cnt_reg[13]/C
                            (rising edge-triggered cell FDRE clocked by clk_20M  {rise@0.000ns fall@25.000ns period=50.000ns})
  Destination:            gen_compact_keypad.gen_ultracompact.u_matrix_keypad_mode_ctrl_ultracompact/stable_cnt_reg[0]/R
                            (rising edge-triggered cell FDRE clocked by clk_20M  {rise@0.000ns fall@25.000ns period=50.000ns})
  Path Group:             clk_20M
  Path Type:              Setup (Max at Slow Process Corner)
  Requirement:            50.000ns  (clk_20M rise@50.000ns - clk_20M rise@0.000ns)
  Data Path Delay:        4.725ns  (logic 1.106ns (23.405%)  route 3.619ns (76.595%))
  Logic Levels:           5  (LUT2=2 LUT3=1 LUT6=2)
  Clock Path Skew:        -0.024ns (DCD - SCD + CPR)
    Destination Clock Delay (DCD):    4.352ns = ( 54.352 - 50.000 ) 
    Source Clock Delay      (SCD):    4.617ns
    Clock Pessimism Removal (CPR):    0.241ns
  Clock Uncertainty:      0.035ns  ((TSJ^2 + TIJ^2)^1/2 + DJ) / 2 + PE
    Total System Jitter     (TSJ):    0.071ns
    Total Input Jitter      (TIJ):    0.000ns
    Discrete Jitter          (DJ):    0.000ns
    Phase Error              (PE):    0.000ns

    Location             Delay type                Incr(ns)  Path(ns)    Netlist Resource(s)
  -------------------------------------------------------------------    -------------------
                         (clock clk_20M rise edge)    0.000     0.000 r  
    Y18                                               0.000     0.000 r  clk (IN)
                         net (fo=0)                   0.000     0.000    clk
    Y18                  IBUF (Prop_ibuf_I_O)         1.427     1.427 r  u_ibuf_sys_clk/O
                         net (fo=1, routed)           1.693     3.120    clk_ibuf
    BUFGCTRL_X0Y0        BUFG (Prop_bufg_I_O)         0.081     3.201 r  u_bufg_sys_clk/O
                         net (fo=58, routed)          1.416     4.617    clk_sys_bufg
    SLICE_X1Y82          FDRE                                         r  gen_shared_scan_counter.pwr_rst_cnt_reg[13]/C
  -------------------------------------------------------------------    -------------------
    SLICE_X1Y82          FDRE (Prop_fdre_C_Q)         0.379     4.996 r  gen_shared_scan_counter.pwr_rst_cnt_reg[13]/Q
                         net (fo=2, routed)           1.070     6.066    gen_shared_scan_counter.pwr_rst_cnt_reg[13]
    SLICE_X0Y81          LUT6 (Prop_lut6_I3_O)        0.105     6.171 r  board_demo_comp_LUT6/O
                         net (fo=2, routed)           0.531     6.702    board_demo_comp_net_2
    SLICE_X0Y79          LUT6 (Prop_lut6_I5_O)        0.105     6.807 r  board_demo_comp_LUT6_1/O
                         net (fo=11, routed)          0.620     7.426    board_demo_comp_net_35
    SLICE_X2Y81          LUT3 (Prop_lut3_I2_O)        0.126     7.552 r  kr_drive_low[3]_i_3/O
                         net (fo=4, routed)           0.607     8.160    kr_drive_low[3]_i_3_n_0
    SLICE_X0Y83          LUT2 (Prop_lut2_I0_O)        0.283     8.443 r  board_demo_comp_LUT2_4/O
                         net (fo=5, routed)           0.347     8.790    board_demo_comp_net_26
    SLICE_X0Y83          LUT2 (Prop_lut2_I1_O)        0.108     8.898 r  board_demo_comp_LUT2_41/O
                         net (fo=3, routed)           0.444     9.342    stable_cnt[2]_i_1_n_0
    SLICE_X0Y83          FDRE                                         r  gen_compact_keypad.gen_ultracompact.u_matrix_keypad_mode_ctrl_ultracompact/stable_cnt_reg[0]/R
  -------------------------------------------------------------------    -------------------

                         (clock clk_20M rise edge)   50.000    50.000 r  
    Y18                                               0.000    50.000 r  clk (IN)
                         net (fo=0)                   0.000    50.000    clk
    Y18                  IBUF (Prop_ibuf_I_O)         1.361    51.361 r  u_ibuf_sys_clk/O
                         net (fo=1, routed)           1.604    52.965    clk_ibuf
    BUFGCTRL_X0Y0        BUFG (Prop_bufg_I_O)         0.077    53.042 r  u_bufg_sys_clk/O
                         net (fo=58, routed)          1.310    54.352    clk_sys_bufg
    SLICE_X0Y83          FDRE                                         r  gen_compact_keypad.gen_ultracompact.u_matrix_keypad_mode_ctrl_ultracompact/stable_cnt_reg[0]/C
                         clock pessimism              0.241    54.593    
                         clock uncertainty           -0.035    54.558    
    SLICE_X0Y83          FDRE (Setup_fdre_C_R)       -0.522    54.036    gen_compact_keypad.gen_ultracompact.u_matrix_keypad_mode_ctrl_ultracompact/stable_cnt_reg[0]
  -------------------------------------------------------------------
                         required time                         54.036    
                         arrival time                          -9.342    
  -------------------------------------------------------------------
                         slack                                 44.693    

Slack (MET) :             44.693ns  (required time - arrival time)
  Source:                 gen_shared_scan_counter.pwr_rst_cnt_reg[13]/C
                            (rising edge-triggered cell FDRE clocked by clk_20M  {rise@0.000ns fall@25.000ns period=50.000ns})
  Destination:            gen_compact_keypad.gen_ultracompact.u_matrix_keypad_mode_ctrl_ultracompact/stable_cnt_reg[1]/R
                            (rising edge-triggered cell FDRE clocked by clk_20M  {rise@0.000ns fall@25.000ns period=50.000ns})
  Path Group:             clk_20M
  Path Type:              Setup (Max at Slow Process Corner)
  Requirement:            50.000ns  (clk_20M rise@50.000ns - clk_20M rise@0.000ns)
  Data Path Delay:        4.725ns  (logic 1.106ns (23.405%)  route 3.619ns (76.595%))
  Logic Levels:           5  (LUT2=2 LUT3=1 LUT6=2)
  Clock Path Skew:        -0.024ns (DCD - SCD + CPR)
    Destination Clock Delay (DCD):    4.352ns = ( 54.352 - 50.000 ) 
    Source Clock Delay      (SCD):    4.617ns
    Clock Pessimism Removal (CPR):    0.241ns
  Clock Uncertainty:      0.035ns  ((TSJ^2 + TIJ^2)^1/2 + DJ) / 2 + PE
    Total System Jitter     (TSJ):    0.071ns
    Total Input Jitter      (TIJ):    0.000ns
    Discrete Jitter          (DJ):    0.000ns
    Phase Error              (PE):    0.000ns

    Location             Delay type                Incr(ns)  Path(ns)    Netlist Resource(s)
  -------------------------------------------------------------------    -------------------
                         (clock clk_20M rise edge)    0.000     0.000 r  
    Y18                                               0.000     0.000 r  clk (IN)
                         net (fo=0)                   0.000     0.000    clk
    Y18                  IBUF (Prop_ibuf_I_O)         1.427     1.427 r  u_ibuf_sys_clk/O
                         net (fo=1, routed)           1.693     3.120    clk_ibuf
    BUFGCTRL_X0Y0        BUFG (Prop_bufg_I_O)         0.081     3.201 r  u_bufg_sys_clk/O
                         net (fo=58, routed)          1.416     4.617    clk_sys_bufg
    SLICE_X1Y82          FDRE                                         r  gen_shared_scan_counter.pwr_rst_cnt_reg[13]/C
  -------------------------------------------------------------------    -------------------
    SLICE_X1Y82          FDRE (Prop_fdre_C_Q)         0.379     4.996 r  gen_shared_scan_counter.pwr_rst_cnt_reg[13]/Q
                         net (fo=2, routed)           1.070     6.066    gen_shared_scan_counter.pwr_rst_cnt_reg[13]
    SLICE_X0Y81          LUT6 (Prop_lut6_I3_O)        0.105     6.171 r  board_demo_comp_LUT6/O
                         net (fo=2, routed)           0.531     6.702    board_demo_comp_net_2
    SLICE_X0Y79          LUT6 (Prop_lut6_I5_O)        0.105     6.807 r  board_demo_comp_LUT6_1/O
                         net (fo=11, routed)          0.620     7.426    board_demo_comp_net_35
    SLICE_X2Y81          LUT3 (Prop_lut3_I2_O)        0.126     7.552 r  kr_drive_low[3]_i_3/O
                         net (fo=4, routed)           0.607     8.160    kr_drive_low[3]_i_3_n_0
    SLICE_X0Y83          LUT2 (Prop_lut2_I0_O)        0.283     8.443 r  board_demo_comp_LUT2_4/O
                         net (fo=5, routed)           0.347     8.790    board_demo_comp_net_26
    SLICE_X0Y83          LUT2 (Prop_lut2_I1_O)        0.108     8.898 r  board_demo_comp_LUT2_41/O
                         net (fo=3, routed)           0.444     9.342    stable_cnt[2]_i_1_n_0
    SLICE_X0Y83          FDRE                                         r  gen_compact_keypad.gen_ultracompact.u_matrix_keypad_mode_ctrl_ultracompact/stable_cnt_reg[1]/R
  -------------------------------------------------------------------    -------------------

                         (clock clk_20M rise edge)   50.000    50.000 r  
    Y18                                               0.000    50.000 r  clk (IN)
                         net (fo=0)                   0.000    50.000    clk
    Y18                  IBUF (Prop_ibuf_I_O)         1.361    51.361 r  u_ibuf_sys_clk/O
                         net (fo=1, routed)           1.604    52.965    clk_ibuf
    BUFGCTRL_X0Y0        BUFG (Prop_bufg_I_O)         0.077    53.042 r  u_bufg_sys_clk/O
                         net (fo=58, routed)          1.310    54.352    clk_sys_bufg
    SLICE_X0Y83          FDRE                                         r  gen_compact_keypad.gen_ultracompact.u_matrix_keypad_mode_ctrl_ultracompact/stable_cnt_reg[1]/C
                         clock pessimism              0.241    54.593    
                         clock uncertainty           -0.035    54.558    
    SLICE_X0Y83          FDRE (Setup_fdre_C_R)       -0.522    54.036    gen_compact_keypad.gen_ultracompact.u_matrix_keypad_mode_ctrl_ultracompact/stable_cnt_reg[1]
  -------------------------------------------------------------------
                         required time                         54.036    
                         arrival time                          -9.342    
  -------------------------------------------------------------------
                         slack                                 44.693    

Slack (MET) :             44.693ns  (required time - arrival time)
  Source:                 gen_shared_scan_counter.pwr_rst_cnt_reg[13]/C
                            (rising edge-triggered cell FDRE clocked by clk_20M  {rise@0.000ns fall@25.000ns period=50.000ns})
  Destination:            gen_compact_keypad.gen_ultracompact.u_matrix_keypad_mode_ctrl_ultracompact/stable_cnt_reg[2]/R
                            (rising edge-triggered cell FDRE clocked by clk_20M  {rise@0.000ns fall@25.000ns period=50.000ns})
  Path Group:             clk_20M
  Path Type:              Setup (Max at Slow Process Corner)
  Requirement:            50.000ns  (clk_20M rise@50.000ns - clk_20M rise@0.000ns)
  Data Path Delay:        4.725ns  (logic 1.106ns (23.405%)  route 3.619ns (76.595%))
  Logic Levels:           5  (LUT2=2 LUT3=1 LUT6=2)
  Clock Path Skew:        -0.024ns (DCD - SCD + CPR)
    Destination Clock Delay (DCD):    4.352ns = ( 54.352 - 50.000 ) 
    Source Clock Delay      (SCD):    4.617ns
    Clock Pessimism Removal (CPR):    0.241ns
  Clock Uncertainty:      0.035ns  ((TSJ^2 + TIJ^2)^1/2 + DJ) / 2 + PE
    Total System Jitter     (TSJ):    0.071ns
    Total Input Jitter      (TIJ):    0.000ns
    Discrete Jitter          (DJ):    0.000ns
    Phase Error              (PE):    0.000ns

    Location             Delay type                Incr(ns)  Path(ns)    Netlist Resource(s)
  -------------------------------------------------------------------    -------------------
                         (clock clk_20M rise edge)    0.000     0.000 r  
    Y18                                               0.000     0.000 r  clk (IN)
                         net (fo=0)                   0.000     0.000    clk
    Y18                  IBUF (Prop_ibuf_I_O)         1.427     1.427 r  u_ibuf_sys_clk/O
                         net (fo=1, routed)           1.693     3.120    clk_ibuf
    BUFGCTRL_X0Y0        BUFG (Prop_bufg_I_O)         0.081     3.201 r  u_bufg_sys_clk/O
                         net (fo=58, routed)          1.416     4.617    clk_sys_bufg
    SLICE_X1Y82          FDRE                                         r  gen_shared_scan_counter.pwr_rst_cnt_reg[13]/C
  -------------------------------------------------------------------    -------------------
    SLICE_X1Y82          FDRE (Prop_fdre_C_Q)         0.379     4.996 r  gen_shared_scan_counter.pwr_rst_cnt_reg[13]/Q
                         net (fo=2, routed)           1.070     6.066    gen_shared_scan_counter.pwr_rst_cnt_reg[13]
    SLICE_X0Y81          LUT6 (Prop_lut6_I3_O)        0.105     6.171 r  board_demo_comp_LUT6/O
                         net (fo=2, routed)           0.531     6.702    board_demo_comp_net_2
    SLICE_X0Y79          LUT6 (Prop_lut6_I5_O)        0.105     6.807 r  board_demo_comp_LUT6_1/O
                         net (fo=11, routed)          0.620     7.426    board_demo_comp_net_35
    SLICE_X2Y81          LUT3 (Prop_lut3_I2_O)        0.126     7.552 r  kr_drive_low[3]_i_3/O
                         net (fo=4, routed)           0.607     8.160    kr_drive_low[3]_i_3_n_0
    SLICE_X0Y83          LUT2 (Prop_lut2_I0_O)        0.283     8.443 r  board_demo_comp_LUT2_4/O
                         net (fo=5, routed)           0.347     8.790    board_demo_comp_net_26
    SLICE_X0Y83          LUT2 (Prop_lut2_I1_O)        0.108     8.898 r  board_demo_comp_LUT2_41/O
                         net (fo=3, routed)           0.444     9.342    stable_cnt[2]_i_1_n_0
    SLICE_X0Y83          FDRE                                         r  gen_compact_keypad.gen_ultracompact.u_matrix_keypad_mode_ctrl_ultracompact/stable_cnt_reg[2]/R
  -------------------------------------------------------------------    -------------------

                         (clock clk_20M rise edge)   50.000    50.000 r  
    Y18                                               0.000    50.000 r  clk (IN)
                         net (fo=0)                   0.000    50.000    clk
    Y18                  IBUF (Prop_ibuf_I_O)         1.361    51.361 r  u_ibuf_sys_clk/O
                         net (fo=1, routed)           1.604    52.965    clk_ibuf
    BUFGCTRL_X0Y0        BUFG (Prop_bufg_I_O)         0.077    53.042 r  u_bufg_sys_clk/O
                         net (fo=58, routed)          1.310    54.352    clk_sys_bufg
    SLICE_X0Y83          FDRE                                         r  gen_compact_keypad.gen_ultracompact.u_matrix_keypad_mode_ctrl_ultracompact/stable_cnt_reg[2]/C
                         clock pessimism              0.241    54.593    
                         clock uncertainty           -0.035    54.558    
    SLICE_X0Y83          FDRE (Setup_fdre_C_R)       -0.522    54.036    gen_compact_keypad.gen_ultracompact.u_matrix_keypad_mode_ctrl_ultracompact/stable_cnt_reg[2]
  -------------------------------------------------------------------
                         required time                         54.036    
                         arrival time                          -9.342    
  -------------------------------------------------------------------
                         slack                                 44.693    

Slack (MET) :             45.045ns  (required time - arrival time)
  Source:                 gen_shared_scan_counter.pwr_rst_cnt_reg[13]/C
                            (rising edge-triggered cell FDRE clocked by clk_20M  {rise@0.000ns fall@25.000ns period=50.000ns})
  Destination:            gen_compact_keypad.gen_ultracompact.u_matrix_keypad_mode_ctrl_ultracompact/scan_candidate_reg[0]/R
                            (rising edge-triggered cell FDRE clocked by clk_20M  {rise@0.000ns fall@25.000ns period=50.000ns})
  Path Group:             clk_20M
  Path Type:              Setup (Max at Slow Process Corner)
  Requirement:            50.000ns  (clk_20M rise@50.000ns - clk_20M rise@0.000ns)
  Data Path Delay:        4.544ns  (logic 0.998ns (21.965%)  route 3.546ns (78.035%))
  Logic Levels:           4  (LUT2=1 LUT3=1 LUT6=2)
  Clock Path Skew:        -0.024ns (DCD - SCD + CPR)
    Destination Clock Delay (DCD):    4.351ns = ( 54.351 - 50.000 ) 
    Source Clock Delay      (SCD):    4.617ns
    Clock Pessimism Removal (CPR):    0.242ns
  Clock Uncertainty:      0.035ns  ((TSJ^2 + TIJ^2)^1/2 + DJ) / 2 + PE
    Total System Jitter     (TSJ):    0.071ns
    Total Input Jitter      (TIJ):    0.000ns
    Discrete Jitter          (DJ):    0.000ns
    Phase Error              (PE):    0.000ns

    Location             Delay type                Incr(ns)  Path(ns)    Netlist Resource(s)
  -------------------------------------------------------------------    -------------------
                         (clock clk_20M rise edge)    0.000     0.000 r  
    Y18                                               0.000     0.000 r  clk (IN)
                         net (fo=0)                   0.000     0.000    clk
    Y18                  IBUF (Prop_ibuf_I_O)         1.427     1.427 r  u_ibuf_sys_clk/O
                         net (fo=1, routed)           1.693     3.120    clk_ibuf
    BUFGCTRL_X0Y0        BUFG (Prop_bufg_I_O)         0.081     3.201 r  u_bufg_sys_clk/O
                         net (fo=58, routed)          1.416     4.617    clk_sys_bufg
    SLICE_X1Y82          FDRE                                         r  gen_shared_scan_counter.pwr_rst_cnt_reg[13]/C
  -------------------------------------------------------------------    -------------------
    SLICE_X1Y82          FDRE (Prop_fdre_C_Q)         0.379     4.996 r  gen_shared_scan_counter.pwr_rst_cnt_reg[13]/Q
                         net (fo=2, routed)           1.070     6.066    gen_shared_scan_counter.pwr_rst_cnt_reg[13]
    SLICE_X0Y81          LUT6 (Prop_lut6_I3_O)        0.105     6.171 r  board_demo_comp_LUT6/O
                         net (fo=2, routed)           0.531     6.702    board_demo_comp_net_2
    SLICE_X0Y79          LUT6 (Prop_lut6_I5_O)        0.105     6.807 r  board_demo_comp_LUT6_1/O
                         net (fo=11, routed)          0.620     7.426    board_demo_comp_net_35
    SLICE_X2Y81          LUT3 (Prop_lut3_I2_O)        0.126     7.552 r  kr_drive_low[3]_i_3/O
                         net (fo=4, routed)           0.696     8.249    kr_drive_low[3]_i_3_n_0
    SLICE_X2Y79          LUT2 (Prop_lut2_I1_O)        0.283     8.532 r  board_demo_comp_LUT2_5/O
                         net (fo=8, routed)           0.629     9.161    gen_compact_keypad.gen_ultracompact.u_matrix_keypad_mode_ctrl_ultracompact/scan_candidate[0]
    SLICE_X0Y82          FDRE                                         r  gen_compact_keypad.gen_ultracompact.u_matrix_keypad_mode_ctrl_ultracompact/scan_candidate_reg[0]/R
  -------------------------------------------------------------------    -------------------

                         (clock clk_20M rise edge)   50.000    50.000 r  
    Y18                                               0.000    50.000 r  clk (IN)
                         net (fo=0)                   0.000    50.000    clk
    Y18                  IBUF (Prop_ibuf_I_O)         1.361    51.361 r  u_ibuf_sys_clk/O
                         net (fo=1, routed)           1.604    52.965    clk_ibuf
    BUFGCTRL_X0Y0        BUFG (Prop_bufg_I_O)         0.077    53.042 r  u_bufg_sys_clk/O
                         net (fo=58, routed)          1.309    54.351    clk_sys_bufg
    SLICE_X0Y82          FDRE                                         r  gen_compact_keypad.gen_ultracompact.u_matrix_keypad_mode_ctrl_ultracompact/scan_candidate_reg[0]/C
                         clock pessimism              0.242    54.593    
                         clock uncertainty           -0.035    54.558    
    SLICE_X0Y82          FDRE (Setup_fdre_C_R)       -0.352    54.206    gen_compact_keypad.gen_ultracompact.u_matrix_keypad_mode_ctrl_ultracompact/scan_candidate_reg[0]
  -------------------------------------------------------------------
                         required time                         54.206    
                         arrival time                          -9.161    
  -------------------------------------------------------------------
                         slack                                 45.045    

Slack (MET) :             45.045ns  (required time - arrival time)
  Source:                 gen_shared_scan_counter.pwr_rst_cnt_reg[13]/C
                            (rising edge-triggered cell FDRE clocked by clk_20M  {rise@0.000ns fall@25.000ns period=50.000ns})
  Destination:            gen_compact_keypad.gen_ultracompact.u_matrix_keypad_mode_ctrl_ultracompact/scan_candidate_reg[1]/R
                            (rising edge-triggered cell FDRE clocked by clk_20M  {rise@0.000ns fall@25.000ns period=50.000ns})
  Path Group:             clk_20M
  Path Type:              Setup (Max at Slow Process Corner)
  Requirement:            50.000ns  (clk_20M rise@50.000ns - clk_20M rise@0.000ns)
  Data Path Delay:        4.544ns  (logic 0.998ns (21.965%)  route 3.546ns (78.035%))
  Logic Levels:           4  (LUT2=1 LUT3=1 LUT6=2)
  Clock Path Skew:        -0.024ns (DCD - SCD + CPR)
    Destination Clock Delay (DCD):    4.351ns = ( 54.351 - 50.000 ) 
    Source Clock Delay      (SCD):    4.617ns
    Clock Pessimism Removal (CPR):    0.242ns
  Clock Uncertainty:      0.035ns  ((TSJ^2 + TIJ^2)^1/2 + DJ) / 2 + PE
    Total System Jitter     (TSJ):    0.071ns
    Total Input Jitter      (TIJ):    0.000ns
    Discrete Jitter          (DJ):    0.000ns
    Phase Error              (PE):    0.000ns

    Location             Delay type                Incr(ns)  Path(ns)    Netlist Resource(s)
  -------------------------------------------------------------------    -------------------
                         (clock clk_20M rise edge)    0.000     0.000 r  
    Y18                                               0.000     0.000 r  clk (IN)
                         net (fo=0)                   0.000     0.000    clk
    Y18                  IBUF (Prop_ibuf_I_O)         1.427     1.427 r  u_ibuf_sys_clk/O
                         net (fo=1, routed)           1.693     3.120    clk_ibuf
    BUFGCTRL_X0Y0        BUFG (Prop_bufg_I_O)         0.081     3.201 r  u_bufg_sys_clk/O
                         net (fo=58, routed)          1.416     4.617    clk_sys_bufg
    SLICE_X1Y82          FDRE                                         r  gen_shared_scan_counter.pwr_rst_cnt_reg[13]/C
  -------------------------------------------------------------------    -------------------
    SLICE_X1Y82          FDRE (Prop_fdre_C_Q)         0.379     4.996 r  gen_shared_scan_counter.pwr_rst_cnt_reg[13]/Q
                         net (fo=2, routed)           1.070     6.066    gen_shared_scan_counter.pwr_rst_cnt_reg[13]
    SLICE_X0Y81          LUT6 (Prop_lut6_I3_O)        0.105     6.171 r  board_demo_comp_LUT6/O
                         net (fo=2, routed)           0.531     6.702    board_demo_comp_net_2
    SLICE_X0Y79          LUT6 (Prop_lut6_I5_O)        0.105     6.807 r  board_demo_comp_LUT6_1/O
                         net (fo=11, routed)          0.620     7.426    board_demo_comp_net_35
    SLICE_X2Y81          LUT3 (Prop_lut3_I2_O)        0.126     7.552 r  kr_drive_low[3]_i_3/O
                         net (fo=4, routed)           0.696     8.249    kr_drive_low[3]_i_3_n_0
    SLICE_X2Y79          LUT2 (Prop_lut2_I1_O)        0.283     8.532 r  board_demo_comp_LUT2_5/O
                         net (fo=8, routed)           0.629     9.161    gen_compact_keypad.gen_ultracompact.u_matrix_keypad_mode_ctrl_ultracompact/scan_candidate[0]
    SLICE_X0Y82          FDRE                                         r  gen_compact_keypad.gen_ultracompact.u_matrix_keypad_mode_ctrl_ultracompact/scan_candidate_reg[1]/R
  -------------------------------------------------------------------    -------------------

                         (clock clk_20M rise edge)   50.000    50.000 r  
    Y18                                               0.000    50.000 r  clk (IN)
                         net (fo=0)                   0.000    50.000    clk
    Y18                  IBUF (Prop_ibuf_I_O)         1.361    51.361 r  u_ibuf_sys_clk/O
                         net (fo=1, routed)           1.604    52.965    clk_ibuf
    BUFGCTRL_X0Y0        BUFG (Prop_bufg_I_O)         0.077    53.042 r  u_bufg_sys_clk/O
                         net (fo=58, routed)          1.309    54.351    clk_sys_bufg
    SLICE_X0Y82          FDRE                                         r  gen_compact_keypad.gen_ultracompact.u_matrix_keypad_mode_ctrl_ultracompact/scan_candidate_reg[1]/C
                         clock pessimism              0.242    54.593    
                         clock uncertainty           -0.035    54.558    
    SLICE_X0Y82          FDRE (Setup_fdre_C_R)       -0.352    54.206    gen_compact_keypad.gen_ultracompact.u_matrix_keypad_mode_ctrl_ultracompact/scan_candidate_reg[1]
  -------------------------------------------------------------------
                         required time                         54.206    
                         arrival time                          -9.161    
  -------------------------------------------------------------------
                         slack                                 45.045    

Slack (MET) :             45.045ns  (required time - arrival time)
  Source:                 gen_shared_scan_counter.pwr_rst_cnt_reg[13]/C
                            (rising edge-triggered cell FDRE clocked by clk_20M  {rise@0.000ns fall@25.000ns period=50.000ns})
  Destination:            gen_compact_keypad.gen_ultracompact.u_matrix_keypad_mode_ctrl_ultracompact/scan_candidate_reg[2]/R
                            (rising edge-triggered cell FDRE clocked by clk_20M  {rise@0.000ns fall@25.000ns period=50.000ns})
  Path Group:             clk_20M
  Path Type:              Setup (Max at Slow Process Corner)
  Requirement:            50.000ns  (clk_20M rise@50.000ns - clk_20M rise@0.000ns)
  Data Path Delay:        4.544ns  (logic 0.998ns (21.965%)  route 3.546ns (78.035%))
  Logic Levels:           4  (LUT2=1 LUT3=1 LUT6=2)
  Clock Path Skew:        -0.024ns (DCD - SCD + CPR)
    Destination Clock Delay (DCD):    4.351ns = ( 54.351 - 50.000 ) 
    Source Clock Delay      (SCD):    4.617ns
    Clock Pessimism Removal (CPR):    0.242ns
  Clock Uncertainty:      0.035ns  ((TSJ^2 + TIJ^2)^1/2 + DJ) / 2 + PE
    Total System Jitter     (TSJ):    0.071ns
    Total Input Jitter      (TIJ):    0.000ns
    Discrete Jitter          (DJ):    0.000ns
    Phase Error              (PE):    0.000ns

    Location             Delay type                Incr(ns)  Path(ns)    Netlist Resource(s)
  -------------------------------------------------------------------    -------------------
                         (clock clk_20M rise edge)    0.000     0.000 r  
    Y18                                               0.000     0.000 r  clk (IN)
                         net (fo=0)                   0.000     0.000    clk
    Y18                  IBUF (Prop_ibuf_I_O)         1.427     1.427 r  u_ibuf_sys_clk/O
                         net (fo=1, routed)           1.693     3.120    clk_ibuf
    BUFGCTRL_X0Y0        BUFG (Prop_bufg_I_O)         0.081     3.201 r  u_bufg_sys_clk/O
                         net (fo=58, routed)          1.416     4.617    clk_sys_bufg
    SLICE_X1Y82          FDRE                                         r  gen_shared_scan_counter.pwr_rst_cnt_reg[13]/C
  -------------------------------------------------------------------    -------------------
    SLICE_X1Y82          FDRE (Prop_fdre_C_Q)         0.379     4.996 r  gen_shared_scan_counter.pwr_rst_cnt_reg[13]/Q
                         net (fo=2, routed)           1.070     6.066    gen_shared_scan_counter.pwr_rst_cnt_reg[13]
    SLICE_X0Y81          LUT6 (Prop_lut6_I3_O)        0.105     6.171 r  board_demo_comp_LUT6/O
                         net (fo=2, routed)           0.531     6.702    board_demo_comp_net_2
    SLICE_X0Y79          LUT6 (Prop_lut6_I5_O)        0.105     6.807 r  board_demo_comp_LUT6_1/O
                         net (fo=11, routed)          0.620     7.426    board_demo_comp_net_35
    SLICE_X2Y81          LUT3 (Prop_lut3_I2_O)        0.126     7.552 r  kr_drive_low[3]_i_3/O
                         net (fo=4, routed)           0.696     8.249    kr_drive_low[3]_i_3_n_0
    SLICE_X2Y79          LUT2 (Prop_lut2_I1_O)        0.283     8.532 r  board_demo_comp_LUT2_5/O
                         net (fo=8, routed)           0.629     9.161    gen_compact_keypad.gen_ultracompact.u_matrix_keypad_mode_ctrl_ultracompact/scan_candidate[0]
    SLICE_X0Y82          FDRE                                         r  gen_compact_keypad.gen_ultracompact.u_matrix_keypad_mode_ctrl_ultracompact/scan_candidate_reg[2]/R
  -------------------------------------------------------------------    -------------------

                         (clock clk_20M rise edge)   50.000    50.000 r  
    Y18                                               0.000    50.000 r  clk (IN)
                         net (fo=0)                   0.000    50.000    clk
    Y18                  IBUF (Prop_ibuf_I_O)         1.361    51.361 r  u_ibuf_sys_clk/O
                         net (fo=1, routed)           1.604    52.965    clk_ibuf
    BUFGCTRL_X0Y0        BUFG (Prop_bufg_I_O)         0.077    53.042 r  u_bufg_sys_clk/O
                         net (fo=58, routed)          1.309    54.351    clk_sys_bufg
    SLICE_X0Y82          FDRE                                         r  gen_compact_keypad.gen_ultracompact.u_matrix_keypad_mode_ctrl_ultracompact/scan_candidate_reg[2]/C
                         clock pessimism              0.242    54.593    
                         clock uncertainty           -0.035    54.558    
    SLICE_X0Y82          FDRE (Setup_fdre_C_R)       -0.352    54.206    gen_compact_keypad.gen_ultracompact.u_matrix_keypad_mode_ctrl_ultracompact/scan_candidate_reg[2]
  -------------------------------------------------------------------
                         required time                         54.206    
                         arrival time                          -9.161    
  -------------------------------------------------------------------
                         slack                                 45.045    





Min Delay Paths
--------------------------------------------------------------------------------------
Slack (MET) :             0.127ns  (arrival time - required time)
  Source:                 gen_compact_keypad.gen_ultracompact.u_matrix_keypad_mode_ctrl_ultracompact/kc_meta_reg[1]/C
                            (rising edge-triggered cell FDSE clocked by clk_20M  {rise@0.000ns fall@25.000ns period=50.000ns})
  Destination:            gen_compact_keypad.gen_ultracompact.u_matrix_keypad_mode_ctrl_ultracompact/kc_sync_reg[1]/D
                            (rising edge-triggered cell FDSE clocked by clk_20M  {rise@0.000ns fall@25.000ns period=50.000ns})
  Path Group:             clk_20M
  Path Type:              Hold (Min at Fast Process Corner)
  Requirement:            0.000ns  (clk_20M rise@0.000ns - clk_20M rise@0.000ns)
  Data Path Delay:        0.198ns  (logic 0.141ns (71.201%)  route 0.057ns (28.799%))
  Logic Levels:           0  
  Clock Path Skew:        0.000ns (DCD - SCD - CPR)
    Destination Clock Delay (DCD):    2.024ns
    Source Clock Delay      (SCD):    1.509ns
    Clock Pessimism Removal (CPR):    0.514ns

    Location             Delay type                Incr(ns)  Path(ns)    Netlist Resource(s)
  -------------------------------------------------------------------    -------------------
                         (clock clk_20M rise edge)    0.000     0.000 r  
    Y18                                               0.000     0.000 r  clk (IN)
                         net (fo=0)                   0.000     0.000    clk
    Y18                  IBUF (Prop_ibuf_I_O)         0.264     0.264 r  u_ibuf_sys_clk/O
                         net (fo=1, routed)           0.634     0.898    clk_ibuf
    BUFGCTRL_X0Y0        BUFG (Prop_bufg_I_O)         0.026     0.924 r  u_bufg_sys_clk/O
                         net (fo=58, routed)          0.586     1.509    clk_sys_bufg
    SLICE_X0Y81          FDSE                                         r  gen_compact_keypad.gen_ultracompact.u_matrix_keypad_mode_ctrl_ultracompact/kc_meta_reg[1]/C
  -------------------------------------------------------------------    -------------------
    SLICE_X0Y81          FDSE (Prop_fdse_C_Q)         0.141     1.650 r  gen_compact_keypad.gen_ultracompact.u_matrix_keypad_mode_ctrl_ultracompact/kc_meta_reg[1]/Q
                         net (fo=1, routed)           0.057     1.707    gen_compact_keypad.gen_ultracompact.u_matrix_keypad_mode_ctrl_ultracompact/kc_meta[1]
    SLICE_X0Y81          FDSE                                         r  gen_compact_keypad.gen_ultracompact.u_matrix_keypad_mode_ctrl_ultracompact/kc_sync_reg[1]/D
  -------------------------------------------------------------------    -------------------

                         (clock clk_20M rise edge)    0.000     0.000 r  
    Y18                                               0.000     0.000 r  clk (IN)
                         net (fo=0)                   0.000     0.000    clk
    Y18                  IBUF (Prop_ibuf_I_O)         0.452     0.452 r  u_ibuf_sys_clk/O
                         net (fo=1, routed)           0.689     1.140    clk_ibuf
    BUFGCTRL_X0Y0        BUFG (Prop_bufg_I_O)         0.029     1.169 r  u_bufg_sys_clk/O
                         net (fo=58, routed)          0.854     2.024    clk_sys_bufg
    SLICE_X0Y81          FDSE                                         r  gen_compact_keypad.gen_ultracompact.u_matrix_keypad_mode_ctrl_ultracompact/kc_sync_reg[1]/C
                         clock pessimism             -0.514     1.509    
    SLICE_X0Y81          FDSE (Hold_fdse_C_D)         0.071     1.580    gen_compact_keypad.gen_ultracompact.u_matrix_keypad_mode_ctrl_ultracompact/kc_sync_reg[1]
  -------------------------------------------------------------------
                         required time                         -1.580    
                         arrival time                           1.707    
  -------------------------------------------------------------------
                         slack                                  0.127    

Slack (MET) :             0.130ns  (arrival time - required time)
  Source:                 gen_compact_keypad.gen_ultracompact.u_matrix_keypad_mode_ctrl_ultracompact/kc_meta_reg[0]/C
                            (rising edge-triggered cell FDSE clocked by clk_20M  {rise@0.000ns fall@25.000ns period=50.000ns})
  Destination:            gen_compact_keypad.gen_ultracompact.u_matrix_keypad_mode_ctrl_ultracompact/kc_sync_reg[0]/D
                            (rising edge-triggered cell FDSE clocked by clk_20M  {rise@0.000ns fall@25.000ns period=50.000ns})
  Path Group:             clk_20M
  Path Type:              Hold (Min at Fast Process Corner)
  Requirement:            0.000ns  (clk_20M rise@0.000ns - clk_20M rise@0.000ns)
  Data Path Delay:        0.205ns  (logic 0.141ns (68.843%)  route 0.064ns (31.157%))
  Logic Levels:           0  
  Clock Path Skew:        0.000ns (DCD - SCD - CPR)
    Destination Clock Delay (DCD):    2.024ns
    Source Clock Delay      (SCD):    1.509ns
    Clock Pessimism Removal (CPR):    0.514ns

    Location             Delay type                Incr(ns)  Path(ns)    Netlist Resource(s)
  -------------------------------------------------------------------    -------------------
                         (clock clk_20M rise edge)    0.000     0.000 r  
    Y18                                               0.000     0.000 r  clk (IN)
                         net (fo=0)                   0.000     0.000    clk
    Y18                  IBUF (Prop_ibuf_I_O)         0.264     0.264 r  u_ibuf_sys_clk/O
                         net (fo=1, routed)           0.634     0.898    clk_ibuf
    BUFGCTRL_X0Y0        BUFG (Prop_bufg_I_O)         0.026     0.924 r  u_bufg_sys_clk/O
                         net (fo=58, routed)          0.586     1.509    clk_sys_bufg
    SLICE_X0Y81          FDSE                                         r  gen_compact_keypad.gen_ultracompact.u_matrix_keypad_mode_ctrl_ultracompact/kc_meta_reg[0]/C
  -------------------------------------------------------------------    -------------------
    SLICE_X0Y81          FDSE (Prop_fdse_C_Q)         0.141     1.650 r  gen_compact_keypad.gen_ultracompact.u_matrix_keypad_mode_ctrl_ultracompact/kc_meta_reg[0]/Q
                         net (fo=1, routed)           0.064     1.714    gen_compact_keypad.gen_ultracompact.u_matrix_keypad_mode_ctrl_ultracompact/kc_meta[0]
    SLICE_X0Y81          FDSE                                         r  gen_compact_keypad.gen_ultracompact.u_matrix_keypad_mode_ctrl_ultracompact/kc_sync_reg[0]/D
  -------------------------------------------------------------------    -------------------

                         (clock clk_20M rise edge)    0.000     0.000 r  
    Y18                                               0.000     0.000 r  clk (IN)
                         net (fo=0)                   0.000     0.000    clk
    Y18                  IBUF (Prop_ibuf_I_O)         0.452     0.452 r  u_ibuf_sys_clk/O
                         net (fo=1, routed)           0.689     1.140    clk_ibuf
    BUFGCTRL_X0Y0        BUFG (Prop_bufg_I_O)         0.029     1.169 r  u_bufg_sys_clk/O
                         net (fo=58, routed)          0.854     2.024    clk_sys_bufg
    SLICE_X0Y81          FDSE                                         r  gen_compact_keypad.gen_ultracompact.u_matrix_keypad_mode_ctrl_ultracompact/kc_sync_reg[0]/C
                         clock pessimism             -0.514     1.509    
    SLICE_X0Y81          FDSE (Hold_fdse_C_D)         0.075     1.584    gen_compact_keypad.gen_ultracompact.u_matrix_keypad_mode_ctrl_ultracompact/kc_sync_reg[0]
  -------------------------------------------------------------------
                         required time                         -1.584    
                         arrival time                           1.714    
  -------------------------------------------------------------------
                         slack                                  0.130    

Slack (MET) :             0.130ns  (arrival time - required time)
  Source:                 gen_compact_keypad.gen_ultracompact.u_matrix_keypad_mode_ctrl_ultracompact/stable_cnt_reg[0]/C
                            (rising edge-triggered cell FDRE clocked by clk_20M  {rise@0.000ns fall@25.000ns period=50.000ns})
  Destination:            gen_compact_keypad.gen_ultracompact.u_matrix_keypad_mode_ctrl_ultracompact/stable_cnt_reg[1]/D
                            (rising edge-triggered cell FDRE clocked by clk_20M  {rise@0.000ns fall@25.000ns period=50.000ns})
  Path Group:             clk_20M
  Path Type:              Hold (Min at Fast Process Corner)
  Requirement:            0.000ns  (clk_20M rise@0.000ns - clk_20M rise@0.000ns)
  Data Path Delay:        0.205ns  (logic 0.141ns (68.843%)  route 0.064ns (31.157%))
  Logic Levels:           0  
  Clock Path Skew:        0.000ns (DCD - SCD - CPR)
    Destination Clock Delay (DCD):    2.026ns
    Source Clock Delay      (SCD):    1.511ns
    Clock Pessimism Removal (CPR):    0.514ns

    Location             Delay type                Incr(ns)  Path(ns)    Netlist Resource(s)
  -------------------------------------------------------------------    -------------------
                         (clock clk_20M rise edge)    0.000     0.000 r  
    Y18                                               0.000     0.000 r  clk (IN)
                         net (fo=0)                   0.000     0.000    clk
    Y18                  IBUF (Prop_ibuf_I_O)         0.264     0.264 r  u_ibuf_sys_clk/O
                         net (fo=1, routed)           0.634     0.898    clk_ibuf
    BUFGCTRL_X0Y0        BUFG (Prop_bufg_I_O)         0.026     0.924 r  u_bufg_sys_clk/O
                         net (fo=58, routed)          0.588     1.511    clk_sys_bufg
    SLICE_X0Y83          FDRE                                         r  gen_compact_keypad.gen_ultracompact.u_matrix_keypad_mode_ctrl_ultracompact/stable_cnt_reg[0]/C
  -------------------------------------------------------------------    -------------------
    SLICE_X0Y83          FDRE (Prop_fdre_C_Q)         0.141     1.652 r  gen_compact_keypad.gen_ultracompact.u_matrix_keypad_mode_ctrl_ultracompact/stable_cnt_reg[0]/Q
                         net (fo=3, routed)           0.064     1.716    stable_cnt[0]
    SLICE_X0Y83          FDRE                                         r  gen_compact_keypad.gen_ultracompact.u_matrix_keypad_mode_ctrl_ultracompact/stable_cnt_reg[1]/D
  -------------------------------------------------------------------    -------------------

                         (clock clk_20M rise edge)    0.000     0.000 r  
    Y18                                               0.000     0.000 r  clk (IN)
                         net (fo=0)                   0.000     0.000    clk
    Y18                  IBUF (Prop_ibuf_I_O)         0.452     0.452 r  u_ibuf_sys_clk/O
                         net (fo=1, routed)           0.689     1.140    clk_ibuf
    BUFGCTRL_X0Y0        BUFG (Prop_bufg_I_O)         0.029     1.169 r  u_bufg_sys_clk/O
                         net (fo=58, routed)          0.856     2.026    clk_sys_bufg
    SLICE_X0Y83          FDRE                                         r  gen_compact_keypad.gen_ultracompact.u_matrix_keypad_mode_ctrl_ultracompact/stable_cnt_reg[1]/C
                         clock pessimism             -0.514     1.511    
    SLICE_X0Y83          FDRE (Hold_fdre_C_D)         0.075     1.586    gen_compact_keypad.gen_ultracompact.u_matrix_keypad_mode_ctrl_ultracompact/stable_cnt_reg[1]
  -------------------------------------------------------------------
                         required time                         -1.586    
                         arrival time                           1.716    
  -------------------------------------------------------------------
                         slack                                  0.130    

Slack (MET) :             0.130ns  (arrival time - required time)
  Source:                 locked_44k1_sync_reg[0]/C
                            (rising edge-triggered cell FDRE clocked by clk_20M  {rise@0.000ns fall@25.000ns period=50.000ns})
  Destination:            locked_44k1_sync_reg[1]/D
                            (rising edge-triggered cell FDRE clocked by clk_20M  {rise@0.000ns fall@25.000ns period=50.000ns})
  Path Group:             clk_20M
  Path Type:              Hold (Min at Fast Process Corner)
  Requirement:            0.000ns  (clk_20M rise@0.000ns - clk_20M rise@0.000ns)
  Data Path Delay:        0.205ns  (logic 0.141ns (68.843%)  route 0.064ns (31.157%))
  Logic Levels:           0  
  Clock Path Skew:        0.000ns (DCD - SCD - CPR)
    Destination Clock Delay (DCD):    2.031ns
    Source Clock Delay      (SCD):    1.514ns
    Clock Pessimism Removal (CPR):    0.516ns

    Location             Delay type                Incr(ns)  Path(ns)    Netlist Resource(s)
  -------------------------------------------------------------------    -------------------
                         (clock clk_20M rise edge)    0.000     0.000 r  
    Y18                                               0.000     0.000 r  clk (IN)
                         net (fo=0)                   0.000     0.000    clk
    Y18                  IBUF (Prop_ibuf_I_O)         0.264     0.264 r  u_ibuf_sys_clk/O
                         net (fo=1, routed)           0.634     0.898    clk_ibuf
    BUFGCTRL_X0Y0        BUFG (Prop_bufg_I_O)         0.026     0.924 r  u_bufg_sys_clk/O
                         net (fo=58, routed)          0.591     1.514    clk_sys_bufg
    SLICE_X0Y89          FDRE                                         r  locked_44k1_sync_reg[0]/C
  -------------------------------------------------------------------    -------------------
    SLICE_X0Y89          FDRE (Prop_fdre_C_Q)         0.141     1.655 r  locked_44k1_sync_reg[0]/Q
                         net (fo=1, routed)           0.064     1.719    locked_44k1_sync[0]
    SLICE_X0Y89          FDRE                                         r  locked_44k1_sync_reg[1]/D
  -------------------------------------------------------------------    -------------------

                         (clock clk_20M rise edge)    0.000     0.000 r  
    Y18                                               0.000     0.000 r  clk (IN)
                         net (fo=0)                   0.000     0.000    clk
    Y18                  IBUF (Prop_ibuf_I_O)         0.452     0.452 r  u_ibuf_sys_clk/O
                         net (fo=1, routed)           0.689     1.140    clk_ibuf
    BUFGCTRL_X0Y0        BUFG (Prop_bufg_I_O)         0.029     1.169 r  u_bufg_sys_clk/O
                         net (fo=58, routed)          0.861     2.031    clk_sys_bufg
    SLICE_X0Y89          FDRE                                         r  locked_44k1_sync_reg[1]/C
                         clock pessimism             -0.516     1.514    
    SLICE_X0Y89          FDRE (Hold_fdre_C_D)         0.075     1.589    locked_44k1_sync_reg[1]
  -------------------------------------------------------------------
                         required time                         -1.589    
                         arrival time                           1.719    
  -------------------------------------------------------------------
                         slack                                  0.130    

Slack (MET) :             0.130ns  (arrival time - required time)
  Source:                 locked_48k_sync_reg[0]/C
                            (rising edge-triggered cell FDRE clocked by clk_20M  {rise@0.000ns fall@25.000ns period=50.000ns})
  Destination:            locked_48k_sync_reg[1]/D
                            (rising edge-triggered cell FDRE clocked by clk_20M  {rise@0.000ns fall@25.000ns period=50.000ns})
  Path Group:             clk_20M
  Path Type:              Hold (Min at Fast Process Corner)
  Requirement:            0.000ns  (clk_20M rise@0.000ns - clk_20M rise@0.000ns)
  Data Path Delay:        0.205ns  (logic 0.141ns (68.843%)  route 0.064ns (31.157%))
  Logic Levels:           0  
  Clock Path Skew:        0.000ns (DCD - SCD - CPR)
    Destination Clock Delay (DCD):    2.018ns
    Source Clock Delay      (SCD):    1.504ns
    Clock Pessimism Removal (CPR):    0.513ns

    Location             Delay type                Incr(ns)  Path(ns)    Netlist Resource(s)
  -------------------------------------------------------------------    -------------------
                         (clock clk_20M rise edge)    0.000     0.000 r  
    Y18                                               0.000     0.000 r  clk (IN)
                         net (fo=0)                   0.000     0.000    clk
    Y18                  IBUF (Prop_ibuf_I_O)         0.264     0.264 r  u_ibuf_sys_clk/O
                         net (fo=1, routed)           0.634     0.898    clk_ibuf
    BUFGCTRL_X0Y0        BUFG (Prop_bufg_I_O)         0.026     0.924 r  u_bufg_sys_clk/O
                         net (fo=58, routed)          0.581     1.504    clk_sys_bufg
    SLICE_X0Y73          FDRE                                         r  locked_48k_sync_reg[0]/C
  -------------------------------------------------------------------    -------------------
    SLICE_X0Y73          FDRE (Prop_fdre_C_Q)         0.141     1.645 r  locked_48k_sync_reg[0]/Q
                         net (fo=1, routed)           0.064     1.709    locked_48k_sync[0]
    SLICE_X0Y73          FDRE                                         r  locked_48k_sync_reg[1]/D
  -------------------------------------------------------------------    -------------------

                         (clock clk_20M rise edge)    0.000     0.000 r  
    Y18                                               0.000     0.000 r  clk (IN)
                         net (fo=0)                   0.000     0.000    clk
    Y18                  IBUF (Prop_ibuf_I_O)         0.452     0.452 r  u_ibuf_sys_clk/O
                         net (fo=1, routed)           0.689     1.140    clk_ibuf
    BUFGCTRL_X0Y0        BUFG (Prop_bufg_I_O)         0.029     1.169 r  u_bufg_sys_clk/O
                         net (fo=58, routed)          0.848     2.018    clk_sys_bufg
    SLICE_X0Y73          FDRE                                         r  locked_48k_sync_reg[1]/C
                         clock pessimism             -0.513     1.504    
    SLICE_X0Y73          FDRE (Hold_fdre_C_D)         0.075     1.579    locked_48k_sync_reg[1]
  -------------------------------------------------------------------
                         required time                         -1.579    
                         arrival time                           1.709    
  -------------------------------------------------------------------
                         slack                                  0.130    

Slack (MET) :             0.181ns  (arrival time - required time)
  Source:                 gen_compact_keypad.gen_ultracompact.u_matrix_keypad_mode_ctrl_ultracompact/mode_sel_reg[0]/C
                            (rising edge-triggered cell FDSE clocked by clk_20M  {rise@0.000ns fall@25.000ns period=50.000ns})
  Destination:            u_nf_mode_cdc_handshake/mode_shadow_reg[0]/D
                            (rising edge-triggered cell FDSE clocked by clk_20M  {rise@0.000ns fall@25.000ns period=50.000ns})
  Path Group:             clk_20M
  Path Type:              Hold (Min at Fast Process Corner)
  Requirement:            0.000ns  (clk_20M rise@0.000ns - clk_20M rise@0.000ns)
  Data Path Delay:        0.271ns  (logic 0.164ns (60.541%)  route 0.107ns (39.459%))
  Logic Levels:           0  
  Clock Path Skew:        0.015ns (DCD - SCD - CPR)
    Destination Clock Delay (DCD):    2.026ns
    Source Clock Delay      (SCD):    1.510ns
    Clock Pessimism Removal (CPR):    0.500ns

    Location             Delay type                Incr(ns)  Path(ns)    Netlist Resource(s)
  -------------------------------------------------------------------    -------------------
                         (clock clk_20M rise edge)    0.000     0.000 r  
    Y18                                               0.000     0.000 r  clk (IN)
                         net (fo=0)                   0.000     0.000    clk
    Y18                  IBUF (Prop_ibuf_I_O)         0.264     0.264 r  u_ibuf_sys_clk/O
                         net (fo=1, routed)           0.634     0.898    clk_ibuf
    BUFGCTRL_X0Y0        BUFG (Prop_bufg_I_O)         0.026     0.924 r  u_bufg_sys_clk/O
                         net (fo=58, routed)          0.587     1.510    clk_sys_bufg
    SLICE_X2Y82          FDSE                                         r  gen_compact_keypad.gen_ultracompact.u_matrix_keypad_mode_ctrl_ultracompact/mode_sel_reg[0]/C
  -------------------------------------------------------------------    -------------------
    SLICE_X2Y82          FDSE (Prop_fdse_C_Q)         0.164     1.674 r  gen_compact_keypad.gen_ultracompact.u_matrix_keypad_mode_ctrl_ultracompact/mode_sel_reg[0]/Q
                         net (fo=2, routed)           0.107     1.781    mode_sel[0]
    SLICE_X1Y83          FDSE                                         r  u_nf_mode_cdc_handshake/mode_shadow_reg[0]/D
  -------------------------------------------------------------------    -------------------

                         (clock clk_20M rise edge)    0.000     0.000 r  
    Y18                                               0.000     0.000 r  clk (IN)
                         net (fo=0)                   0.000     0.000    clk
    Y18                  IBUF (Prop_ibuf_I_O)         0.452     0.452 r  u_ibuf_sys_clk/O
                         net (fo=1, routed)           0.689     1.140    clk_ibuf
    BUFGCTRL_X0Y0        BUFG (Prop_bufg_I_O)         0.029     1.169 r  u_bufg_sys_clk/O
                         net (fo=58, routed)          0.856     2.026    clk_sys_bufg
    SLICE_X1Y83          FDSE                                         r  u_nf_mode_cdc_handshake/mode_shadow_reg[0]/C
                         clock pessimism             -0.500     1.525    
    SLICE_X1Y83          FDSE (Hold_fdse_C_D)         0.075     1.600    u_nf_mode_cdc_handshake/mode_shadow_reg[0]
  -------------------------------------------------------------------
                         required time                         -1.600    
                         arrival time                           1.781    
  -------------------------------------------------------------------
                         slack                                  0.181    

Slack (MET) :             0.201ns  (arrival time - required time)
  Source:                 gen_compact_keypad.gen_ultracompact.u_matrix_keypad_mode_ctrl_ultracompact/kr_drive_low_reg[3]/C
                            (rising edge-triggered cell FDSE clocked by clk_20M  {rise@0.000ns fall@25.000ns period=50.000ns})
  Destination:            gen_compact_keypad.gen_ultracompact.u_matrix_keypad_mode_ctrl_ultracompact/kr_drive_low_reg[0]/D
                            (rising edge-triggered cell FDRE clocked by clk_20M  {rise@0.000ns fall@25.000ns period=50.000ns})
  Path Group:             clk_20M
  Path Type:              Hold (Min at Fast Process Corner)
  Requirement:            0.000ns  (clk_20M rise@0.000ns - clk_20M rise@0.000ns)
  Data Path Delay:        0.271ns  (logic 0.141ns (52.045%)  route 0.130ns (47.955%))
  Logic Levels:           0  
  Clock Path Skew:        0.000ns (DCD - SCD - CPR)
    Destination Clock Delay (DCD):    2.033ns
    Source Clock Delay      (SCD):    1.516ns
    Clock Pessimism Removal (CPR):    0.517ns

    Location             Delay type                Incr(ns)  Path(ns)    Netlist Resource(s)
  -------------------------------------------------------------------    -------------------
                         (clock clk_20M rise edge)    0.000     0.000 r  
    Y18                                               0.000     0.000 r  clk (IN)
                         net (fo=0)                   0.000     0.000    clk
    Y18                  IBUF (Prop_ibuf_I_O)         0.264     0.264 r  u_ibuf_sys_clk/O
                         net (fo=1, routed)           0.634     0.898    clk_ibuf
    BUFGCTRL_X0Y0        BUFG (Prop_bufg_I_O)         0.026     0.924 r  u_bufg_sys_clk/O
                         net (fo=58, routed)          0.593     1.516    clk_sys_bufg
    SLICE_X0Y39          FDSE                                         r  gen_compact_keypad.gen_ultracompact.u_matrix_keypad_mode_ctrl_ultracompact/kr_drive_low_reg[3]/C
  -------------------------------------------------------------------    -------------------
    SLICE_X0Y39          FDSE (Prop_fdse_C_Q)         0.141     1.657 r  gen_compact_keypad.gen_ultracompact.u_matrix_keypad_mode_ctrl_ultracompact/kr_drive_low_reg[3]/Q
                         net (fo=2, routed)           0.130     1.787    key_kr_TRI[3]
    SLICE_X0Y39          FDRE                                         r  gen_compact_keypad.gen_ultracompact.u_matrix_keypad_mode_ctrl_ultracompact/kr_drive_low_reg[0]/D
  -------------------------------------------------------------------    -------------------

                         (clock clk_20M rise edge)    0.000     0.000 r  
    Y18                                               0.000     0.000 r  clk (IN)
                         net (fo=0)                   0.000     0.000    clk
    Y18                  IBUF (Prop_ibuf_I_O)         0.452     0.452 r  u_ibuf_sys_clk/O
                         net (fo=1, routed)           0.689     1.140    clk_ibuf
    BUFGCTRL_X0Y0        BUFG (Prop_bufg_I_O)         0.029     1.169 r  u_bufg_sys_clk/O
                         net (fo=58, routed)          0.864     2.033    clk_sys_bufg
    SLICE_X0Y39          FDRE                                         r  gen_compact_keypad.gen_ultracompact.u_matrix_keypad_mode_ctrl_ultracompact/kr_drive_low_reg[0]/C
                         clock pessimism             -0.517     1.516    
    SLICE_X0Y39          FDRE (Hold_fdre_C_D)         0.070     1.586    gen_compact_keypad.gen_ultracompact.u_matrix_keypad_mode_ctrl_ultracompact/kr_drive_low_reg[0]
  -------------------------------------------------------------------
                         required time                         -1.586    
                         arrival time                           1.787    
  -------------------------------------------------------------------
                         slack                                  0.201    

Slack (MET) :             0.245ns  (arrival time - required time)
  Source:                 gen_compact_keypad.gen_ultracompact.u_matrix_keypad_mode_ctrl_ultracompact/mode_sel_reg[1]/C
                            (rising edge-triggered cell FDSE clocked by clk_20M  {rise@0.000ns fall@25.000ns period=50.000ns})
  Destination:            u_nf_mode_cdc_handshake/mode_shadow_reg[1]/D
                            (rising edge-triggered cell FDSE clocked by clk_20M  {rise@0.000ns fall@25.000ns period=50.000ns})
  Path Group:             clk_20M
  Path Type:              Hold (Min at Fast Process Corner)
  Requirement:            0.000ns  (clk_20M rise@0.000ns - clk_20M rise@0.000ns)
  Data Path Delay:        0.326ns  (logic 0.164ns (50.265%)  route 0.162ns (49.735%))
  Logic Levels:           0  
  Clock Path Skew:        0.015ns (DCD - SCD - CPR)
    Destination Clock Delay (DCD):    2.026ns
    Source Clock Delay      (SCD):    1.510ns
    Clock Pessimism Removal (CPR):    0.500ns

    Location             Delay type                Incr(ns)  Path(ns)    Netlist Resource(s)
  -------------------------------------------------------------------    -------------------
                         (clock clk_20M rise edge)    0.000     0.000 r  
    Y18                                               0.000     0.000 r  clk (IN)
                         net (fo=0)                   0.000     0.000    clk
    Y18                  IBUF (Prop_ibuf_I_O)         0.264     0.264 r  u_ibuf_sys_clk/O
                         net (fo=1, routed)           0.634     0.898    clk_ibuf
    BUFGCTRL_X0Y0        BUFG (Prop_bufg_I_O)         0.026     0.924 r  u_bufg_sys_clk/O
                         net (fo=58, routed)          0.587     1.510    clk_sys_bufg
    SLICE_X2Y82          FDSE                                         r  gen_compact_keypad.gen_ultracompact.u_matrix_keypad_mode_ctrl_ultracompact/mode_sel_reg[1]/C
  -------------------------------------------------------------------    -------------------
    SLICE_X2Y82          FDSE (Prop_fdse_C_Q)         0.164     1.674 r  gen_compact_keypad.gen_ultracompact.u_matrix_keypad_mode_ctrl_ultracompact/mode_sel_reg[1]/Q
                         net (fo=2, routed)           0.162     1.837    mode_sel[1]
    SLICE_X1Y83          FDSE                                         r  u_nf_mode_cdc_handshake/mode_shadow_reg[1]/D
  -------------------------------------------------------------------    -------------------

                         (clock clk_20M rise edge)    0.000     0.000 r  
    Y18                                               0.000     0.000 r  clk (IN)
                         net (fo=0)                   0.000     0.000    clk
    Y18                  IBUF (Prop_ibuf_I_O)         0.452     0.452 r  u_ibuf_sys_clk/O
                         net (fo=1, routed)           0.689     1.140    clk_ibuf
    BUFGCTRL_X0Y0        BUFG (Prop_bufg_I_O)         0.029     1.169 r  u_bufg_sys_clk/O
                         net (fo=58, routed)          0.856     2.026    clk_sys_bufg
    SLICE_X1Y83          FDSE                                         r  u_nf_mode_cdc_handshake/mode_shadow_reg[1]/C
                         clock pessimism             -0.500     1.525    
    SLICE_X1Y83          FDSE (Hold_fdse_C_D)         0.066     1.591    u_nf_mode_cdc_handshake/mode_shadow_reg[1]
  -------------------------------------------------------------------
                         required time                         -1.591    
                         arrival time                           1.837    
  -------------------------------------------------------------------
                         slack                                  0.245    

Slack (MET) :             0.252ns  (arrival time - required time)
  Source:                 gen_compact_keypad.gen_ultracompact.u_matrix_keypad_mode_ctrl_ultracompact/kr_drive_low_reg[1]/C
                            (rising edge-triggered cell FDSE clocked by clk_20M  {rise@0.000ns fall@25.000ns period=50.000ns})
  Destination:            gen_compact_keypad.gen_ultracompact.u_matrix_keypad_mode_ctrl_ultracompact/kr_drive_low_reg[2]/D
                            (rising edge-triggered cell FDSE clocked by clk_20M  {rise@0.000ns fall@25.000ns period=50.000ns})
  Path Group:             clk_20M
  Path Type:              Hold (Min at Fast Process Corner)
  Requirement:            0.000ns  (clk_20M rise@0.000ns - clk_20M rise@0.000ns)
  Data Path Delay:        0.322ns  (logic 0.141ns (43.855%)  route 0.181ns (56.145%))
  Logic Levels:           0  
  Clock Path Skew:        0.000ns (DCD - SCD - CPR)
    Destination Clock Delay (DCD):    2.033ns
    Source Clock Delay      (SCD):    1.516ns
    Clock Pessimism Removal (CPR):    0.517ns

    Location             Delay type                Incr(ns)  Path(ns)    Netlist Resource(s)
  -------------------------------------------------------------------    -------------------
                         (clock clk_20M rise edge)    0.000     0.000 r  
    Y18                                               0.000     0.000 r  clk (IN)
                         net (fo=0)                   0.000     0.000    clk
    Y18                  IBUF (Prop_ibuf_I_O)         0.264     0.264 r  u_ibuf_sys_clk/O
                         net (fo=1, routed)           0.634     0.898    clk_ibuf
    BUFGCTRL_X0Y0        BUFG (Prop_bufg_I_O)         0.026     0.924 r  u_bufg_sys_clk/O
                         net (fo=58, routed)          0.593     1.516    clk_sys_bufg
    SLICE_X0Y39          FDSE                                         r  gen_compact_keypad.gen_ultracompact.u_matrix_keypad_mode_ctrl_ultracompact/kr_drive_low_reg[1]/C
  -------------------------------------------------------------------    -------------------
    SLICE_X0Y39          FDSE (Prop_fdse_C_Q)         0.141     1.657 r  gen_compact_keypad.gen_ultracompact.u_matrix_keypad_mode_ctrl_ultracompact/kr_drive_low_reg[1]/Q
                         net (fo=2, routed)           0.181     1.838    key_kr_TRI[1]
    SLICE_X0Y39          FDSE                                         r  gen_compact_keypad.gen_ultracompact.u_matrix_keypad_mode_ctrl_ultracompact/kr_drive_low_reg[2]/D
  -------------------------------------------------------------------    -------------------

                         (clock clk_20M rise edge)    0.000     0.000 r  
    Y18                                               0.000     0.000 r  clk (IN)
                         net (fo=0)                   0.000     0.000    clk
    Y18                  IBUF (Prop_ibuf_I_O)         0.452     0.452 r  u_ibuf_sys_clk/O
                         net (fo=1, routed)           0.689     1.140    clk_ibuf
    BUFGCTRL_X0Y0        BUFG (Prop_bufg_I_O)         0.029     1.169 r  u_bufg_sys_clk/O
                         net (fo=58, routed)          0.864     2.033    clk_sys_bufg
    SLICE_X0Y39          FDSE                                         r  gen_compact_keypad.gen_ultracompact.u_matrix_keypad_mode_ctrl_ultracompact/kr_drive_low_reg[2]/C
                         clock pessimism             -0.517     1.516    
    SLICE_X0Y39          FDSE (Hold_fdse_C_D)         0.070     1.586    gen_compact_keypad.gen_ultracompact.u_matrix_keypad_mode_ctrl_ultracompact/kr_drive_low_reg[2]
  -------------------------------------------------------------------
                         required time                         -1.586    
                         arrival time                           1.838    
  -------------------------------------------------------------------
                         slack                                  0.252    

Slack (MET) :             0.257ns  (arrival time - required time)
  Source:                 gen_compact_keypad.gen_ultracompact.u_matrix_keypad_mode_ctrl_ultracompact/kr_drive_low_reg[0]/C
                            (rising edge-triggered cell FDRE clocked by clk_20M  {rise@0.000ns fall@25.000ns period=50.000ns})
  Destination:            gen_compact_keypad.gen_ultracompact.u_matrix_keypad_mode_ctrl_ultracompact/kr_drive_low_reg[1]/D
                            (rising edge-triggered cell FDSE clocked by clk_20M  {rise@0.000ns fall@25.000ns period=50.000ns})
  Path Group:             clk_20M
  Path Type:              Hold (Min at Fast Process Corner)
  Requirement:            0.000ns  (clk_20M rise@0.000ns - clk_20M rise@0.000ns)
  Data Path Delay:        0.323ns  (logic 0.141ns (43.637%)  route 0.182ns (56.363%))
  Logic Levels:           0  
  Clock Path Skew:        0.000ns (DCD - SCD - CPR)
    Destination Clock Delay (DCD):    2.033ns
    Source Clock Delay      (SCD):    1.516ns
    Clock Pessimism Removal (CPR):    0.517ns

    Location             Delay type                Incr(ns)  Path(ns)    Netlist Resource(s)
  -------------------------------------------------------------------    -------------------
                         (clock clk_20M rise edge)    0.000     0.000 r  
    Y18                                               0.000     0.000 r  clk (IN)
                         net (fo=0)                   0.000     0.000    clk
    Y18                  IBUF (Prop_ibuf_I_O)         0.264     0.264 r  u_ibuf_sys_clk/O
                         net (fo=1, routed)           0.634     0.898    clk_ibuf
    BUFGCTRL_X0Y0        BUFG (Prop_bufg_I_O)         0.026     0.924 r  u_bufg_sys_clk/O
                         net (fo=58, routed)          0.593     1.516    clk_sys_bufg
    SLICE_X0Y39          FDRE                                         r  gen_compact_keypad.gen_ultracompact.u_matrix_keypad_mode_ctrl_ultracompact/kr_drive_low_reg[0]/C
  -------------------------------------------------------------------    -------------------
    SLICE_X0Y39          FDRE (Prop_fdre_C_Q)         0.141     1.657 r  gen_compact_keypad.gen_ultracompact.u_matrix_keypad_mode_ctrl_ultracompact/kr_drive_low_reg[0]/Q
                         net (fo=2, routed)           0.182     1.839    key_kr_TRI[0]
    SLICE_X0Y39          FDSE                                         r  gen_compact_keypad.gen_ultracompact.u_matrix_keypad_mode_ctrl_ultracompact/kr_drive_low_reg[1]/D
  -------------------------------------------------------------------    -------------------

                         (clock clk_20M rise edge)    0.000     0.000 r  
    Y18                                               0.000     0.000 r  clk (IN)
                         net (fo=0)                   0.000     0.000    clk
    Y18                  IBUF (Prop_ibuf_I_O)         0.452     0.452 r  u_ibuf_sys_clk/O
                         net (fo=1, routed)           0.689     1.140    clk_ibuf
    BUFGCTRL_X0Y0        BUFG (Prop_bufg_I_O)         0.029     1.169 r  u_bufg_sys_clk/O
                         net (fo=58, routed)          0.864     2.033    clk_sys_bufg
    SLICE_X0Y39          FDSE                                         r  gen_compact_keypad.gen_ultracompact.u_matrix_keypad_mode_ctrl_ultracompact/kr_drive_low_reg[1]/C
                         clock pessimism             -0.517     1.516    
    SLICE_X0Y39          FDSE (Hold_fdse_C_D)         0.066     1.582    gen_compact_keypad.gen_ultracompact.u_matrix_keypad_mode_ctrl_ultracompact/kr_drive_low_reg[1]
  -------------------------------------------------------------------
                         required time                         -1.582    
                         arrival time                           1.839    
  -------------------------------------------------------------------
                         slack                                  0.257    





Pulse Width Checks
--------------------------------------------------------------------------------------
Clock Name:         clk_20M
Waveform(ns):       { 0.000 25.000 }
Period(ns):         50.000
Sources:            { clk }

Check Type        Corner  Lib Pin            Reference Pin  Required(ns)  Actual(ns)  Slack(ns)  Location         Pin
Min Period        n/a     BUFG/I             n/a            1.592         50.000      48.408     BUFGCTRL_X0Y0    u_bufg_sys_clk/I
Min Period        n/a     MMCME2_ADV/CLKIN1  n/a            1.249         50.000      48.751     MMCME2_ADV_X0Y2  u_dual_family_audio_clock/u_mmcm_44k1/CLKIN1
Min Period        n/a     MMCME2_ADV/CLKIN1  n/a            1.249         50.000      48.751     MMCME2_ADV_X0Y1  u_dual_family_audio_clock/u_mmcm_48k/CLKIN1
Min Period        n/a     FDRE/C             n/a            1.000         50.000      49.000     SLICE_X2Y83      gen_compact_keypad.gen_ultracompact.u_matrix_keypad_mode_ctrl_ultracompact/family_sel_reg/C
Min Period        n/a     FDSE/C             n/a            1.000         50.000      49.000     SLICE_X0Y81      gen_compact_keypad.gen_ultracompact.u_matrix_keypad_mode_ctrl_ultracompact/kc_meta_reg[0]/C
Min Period        n/a     FDSE/C             n/a            1.000         50.000      49.000     SLICE_X0Y81      gen_compact_keypad.gen_ultracompact.u_matrix_keypad_mode_ctrl_ultracompact/kc_meta_reg[1]/C
Min Period        n/a     FDSE/C             n/a            1.000         50.000      49.000     SLICE_X0Y81      gen_compact_keypad.gen_ultracompact.u_matrix_keypad_mode_ctrl_ultracompact/kc_sync_reg[0]/C
Min Period        n/a     FDSE/C             n/a            1.000         50.000      49.000     SLICE_X0Y81      gen_compact_keypad.gen_ultracompact.u_matrix_keypad_mode_ctrl_ultracompact/kc_sync_reg[1]/C
Min Period        n/a     FDRE/C             n/a            1.000         50.000      49.000     SLICE_X0Y39      gen_compact_keypad.gen_ultracompact.u_matrix_keypad_mode_ctrl_ultracompact/kr_drive_low_reg[0]/C
Min Period        n/a     FDSE/C             n/a            1.000         50.000      49.000     SLICE_X0Y39      gen_compact_keypad.gen_ultracompact.u_matrix_keypad_mode_ctrl_ultracompact/kr_drive_low_reg[1]/C
Max Period        n/a     MMCME2_ADV/CLKIN1  n/a            100.000       50.000      50.000     MMCME2_ADV_X0Y2  u_dual_family_audio_clock/u_mmcm_44k1/CLKIN1
Max Period        n/a     MMCME2_ADV/CLKIN1  n/a            100.000       50.000      50.000     MMCME2_ADV_X0Y1  u_dual_family_audio_clock/u_mmcm_48k/CLKIN1
Low Pulse Width   Slow    MMCME2_ADV/CLKIN1  n/a            10.000        25.000      15.000     MMCME2_ADV_X0Y2  u_dual_family_audio_clock/u_mmcm_44k1/CLKIN1
Low Pulse Width   Fast    MMCME2_ADV/CLKIN1  n/a            10.000        25.000      15.000     MMCME2_ADV_X0Y2  u_dual_family_audio_clock/u_mmcm_44k1/CLKIN1
Low Pulse Width   Slow    MMCME2_ADV/CLKIN1  n/a            10.000        25.000      15.000     MMCME2_ADV_X0Y1  u_dual_family_audio_clock/u_mmcm_48k/CLKIN1
Low Pulse Width   Fast    MMCME2_ADV/CLKIN1  n/a            10.000        25.000      15.000     MMCME2_ADV_X0Y1  u_dual_family_audio_clock/u_mmcm_48k/CLKIN1
Low Pulse Width   Slow    FDRE/C             n/a            0.500         25.000      24.500     SLICE_X2Y83      gen_compact_keypad.gen_ultracompact.u_matrix_keypad_mode_ctrl_ultracompact/family_sel_reg/C
Low Pulse Width   Fast    FDRE/C             n/a            0.500         25.000      24.500     SLICE_X2Y83      gen_compact_keypad.gen_ultracompact.u_matrix_keypad_mode_ctrl_ultracompact/family_sel_reg/C
Low Pulse Width   Slow    FDSE/C             n/a            0.500         25.000      24.500     SLICE_X0Y81      gen_compact_keypad.gen_ultracompact.u_matrix_keypad_mode_ctrl_ultracompact/kc_meta_reg[0]/C
Low Pulse Width   Fast    FDSE/C             n/a            0.500         25.000      24.500     SLICE_X0Y81      gen_compact_keypad.gen_ultracompact.u_matrix_keypad_mode_ctrl_ultracompact/kc_meta_reg[0]/C
Low Pulse Width   Slow    FDSE/C             n/a            0.500         25.000      24.500     SLICE_X0Y81      gen_compact_keypad.gen_ultracompact.u_matrix_keypad_mode_ctrl_ultracompact/kc_meta_reg[1]/C
Low Pulse Width   Fast    FDSE/C             n/a            0.500         25.000      24.500     SLICE_X0Y81      gen_compact_keypad.gen_ultracompact.u_matrix_keypad_mode_ctrl_ultracompact/kc_meta_reg[1]/C
High Pulse Width  Slow    MMCME2_ADV/CLKIN1  n/a            10.000        25.000      15.000     MMCME2_ADV_X0Y2  u_dual_family_audio_clock/u_mmcm_44k1/CLKIN1
High Pulse Width  Fast    MMCME2_ADV/CLKIN1  n/a            10.000        25.000      15.000     MMCME2_ADV_X0Y2  u_dual_family_audio_clock/u_mmcm_44k1/CLKIN1
High Pulse Width  Slow    MMCME2_ADV/CLKIN1  n/a            10.000        25.000      15.000     MMCME2_ADV_X0Y1  u_dual_family_audio_clock/u_mmcm_48k/CLKIN1
High Pulse Width  Fast    MMCME2_ADV/CLKIN1  n/a            10.000        25.000      15.000     MMCME2_ADV_X0Y1  u_dual_family_audio_clock/u_mmcm_48k/CLKIN1
High Pulse Width  Slow    FDRE/C             n/a            0.500         25.000      24.500     SLICE_X2Y83      gen_compact_keypad.gen_ultracompact.u_matrix_keypad_mode_ctrl_ultracompact/family_sel_reg/C
High Pulse Width  Fast    FDRE/C             n/a            0.500         25.000      24.500     SLICE_X2Y83      gen_compact_keypad.gen_ultracompact.u_matrix_keypad_mode_ctrl_ultracompact/family_sel_reg/C
High Pulse Width  Slow    FDSE/C             n/a            0.500         25.000      24.500     SLICE_X0Y81      gen_compact_keypad.gen_ultracompact.u_matrix_keypad_mode_ctrl_ultracompact/kc_meta_reg[0]/C
High Pulse Width  Fast    FDSE/C             n/a            0.500         25.000      24.500     SLICE_X0Y81      gen_compact_keypad.gen_ultracompact.u_matrix_keypad_mode_ctrl_ultracompact/kc_meta_reg[0]/C
High Pulse Width  Slow    FDSE/C             n/a            0.500         25.000      24.500     SLICE_X0Y81      gen_compact_keypad.gen_ultracompact.u_matrix_keypad_mode_ctrl_ultracompact/kc_meta_reg[1]/C
High Pulse Width  Fast    FDSE/C             n/a            0.500         25.000      24.500     SLICE_X0Y81      gen_compact_keypad.gen_ultracompact.u_matrix_keypad_mode_ctrl_ultracompact/kc_meta_reg[1]/C



---------------------------------------------------------------------------------------------------
From Clock:  u_dual_family_audio_clock/clk_44k1_raw
  To Clock:  u_dual_family_audio_clock/clk_44k1_raw

Setup :            0  Failing Endpoints,  Worst Slack       83.121ns,  Total Violation        0.000ns
Hold  :            0  Failing Endpoints,  Worst Slack        0.085ns,  Total Violation        0.000ns
PW    :            0  Failing Endpoints,  Worst Slack       36.206ns,  Total Violation        0.000ns
---------------------------------------------------------------------------------------------------


Max Delay Paths
--------------------------------------------------------------------------------------
Slack (MET) :             83.121ns  (required time - arrival time)
  Source:                 u_demo_interp_dac8_audio_pcm_common/gen_phase7_folded.u_interp128_all2x_v7_folded_fir_cic_top_ce/gen_serial_cic_comb.u_cic_interp16_serial_comb_dsp_ce/y_out_reg[18]/C
                            (rising edge-triggered cell FDRE clocked by u_dual_family_audio_clock/clk_44k1_raw  {rise@0.000ns fall@88.577ns period=177.154ns})
  Destination:            u_demo_interp_dac8_audio_pcm_common/dac_data_r_reg[6]/D
                            (falling edge-triggered cell FDRE clocked by u_dual_family_audio_clock/clk_44k1_raw  {rise@0.000ns fall@88.577ns period=177.154ns})
  Path Group:             u_dual_family_audio_clock/clk_44k1_raw
  Path Type:              Setup (Max at Slow Process Corner)
  Requirement:            88.577ns  (u_dual_family_audio_clock/clk_44k1_raw fall@88.577ns - u_dual_family_audio_clock/clk_44k1_raw rise@0.000ns)
  Data Path Delay:        4.405ns  (logic 0.695ns (15.776%)  route 3.710ns (84.224%))
  Logic Levels:           2  (LUT5=1 LUT6=1)
  Clock Path Skew:        0.114ns (DCD - SCD + CPR)
    Destination Clock Delay (DCD):    7.689ns = ( 96.266 - 88.577 ) 
    Source Clock Delay      (SCD):    7.940ns
    Clock Pessimism Removal (CPR):    0.365ns
  Clock Uncertainty:      0.458ns  ((TSJ^2 + DJ^2)^1/2) / 2 + PE
    Total System Jitter     (TSJ):    0.071ns
    Discrete Jitter          (DJ):    0.913ns
    Phase Error              (PE):    0.000ns

    Location             Delay type                Incr(ns)  Path(ns)    Netlist Resource(s)
  -------------------------------------------------------------------    -------------------
                         (clock u_dual_family_audio_clock/clk_44k1_raw rise edge)
                                                      0.000     0.000 r  
    Y18                                               0.000     0.000 r  clk (IN)
                         net (fo=0)                   0.000     0.000    clk
    Y18                  IBUF (Prop_ibuf_I_O)         1.427     1.427 r  u_ibuf_sys_clk/O
                         net (fo=1, routed)           1.693     3.120    clk_ibuf
    BUFGCTRL_X0Y0        BUFG (Prop_bufg_I_O)         0.081     3.201 r  u_bufg_sys_clk/O
                         net (fo=58, routed)          1.538     4.739    clk_sys_bufg
    MMCME2_ADV_X0Y2      MMCME2_ADV (Prop_mmcme2_adv_CLKIN1_CLKOUT0)
                                                      0.077     4.816 r  u_dual_family_audio_clock/u_mmcm_44k1/CLKOUT0
                         net (fo=1, routed)           1.698     6.513    u_dual_family_audio_clock/clk_44k1_raw
    BUFGCTRL_X0Y16       BUFGCTRL (Prop_bufgctrl_I0_O)
                                                      0.081     6.594 r  u_dual_family_audio_clock/u_bufgmux_audio_family/O
                         net (fo=342, routed)         1.345     7.940    clk_audio_128x
    SLICE_X11Y81         FDRE                                         r  u_demo_interp_dac8_audio_pcm_common/gen_phase7_folded.u_interp128_all2x_v7_folded_fir_cic_top_ce/gen_serial_cic_comb.u_cic_interp16_serial_comb_dsp_ce/y_out_reg[18]/C
  -------------------------------------------------------------------    -------------------
    SLICE_X11Y81         FDRE (Prop_fdre_C_Q)         0.348     8.288 r  u_demo_interp_dac8_audio_pcm_common/gen_phase7_folded.u_interp128_all2x_v7_folded_fir_cic_top_ce/gen_serial_cic_comb.u_cic_interp16_serial_comb_dsp_ce/y_out_reg[18]/Q
                         net (fo=1, routed)           0.658     8.946    u_demo_interp_dac8_audio_pcm_common/gen_phase7_folded.u_interp128_all2x_v7_folded_fir_cic_top_ce/gen_serial_cic_comb.u_cic_interp16_serial_comb_dsp_ce/y_out_reg_n_0_[18]
    SLICE_X10Y83         LUT5 (Prop_lut5_I4_O)        0.242     9.188 r  board_demo_comp_LUT5_8/O
                         net (fo=1, routed)           0.802     9.990    dac_data_r[6]_i_2_n_0
    SLICE_X9Y85          LUT6 (Prop_lut6_I5_O)        0.105    10.095 r  dac_data_r[6]_i_1/O
                         net (fo=1, routed)           2.251    12.345    dac_data_r[6]_i_1_n_0
    OLOGIC_X0Y145        FDRE                                         r  u_demo_interp_dac8_audio_pcm_common/dac_data_r_reg[6]/D
  -------------------------------------------------------------------    -------------------

                         (clock u_dual_family_audio_clock/clk_44k1_raw fall edge)
                                                     88.577    88.577 f  
    Y18                                               0.000    88.577 f  clk (IN)
                         net (fo=0)                   0.000    88.577    clk
    Y18                  IBUF (Prop_ibuf_I_O)         1.361    89.938 f  u_ibuf_sys_clk/O
                         net (fo=1, routed)           1.604    91.542    clk_ibuf
    BUFGCTRL_X0Y0        BUFG (Prop_bufg_I_O)         0.077    91.619 f  u_bufg_sys_clk/O
                         net (fo=58, routed)          1.426    93.045    clk_sys_bufg
    MMCME2_ADV_X0Y2      MMCME2_ADV (Prop_mmcme2_adv_CLKIN1_CLKOUT0)
                                                      0.073    93.118 f  u_dual_family_audio_clock/u_mmcm_44k1/CLKOUT0
                         net (fo=1, routed)           1.617    94.735    u_dual_family_audio_clock/clk_44k1_raw
    BUFGCTRL_X0Y16       BUFGCTRL (Prop_bufgctrl_I0_O)
                                                      0.077    94.812 f  u_dual_family_audio_clock/u_bufgmux_audio_family/O
                         net (fo=342, routed)         1.454    96.266    clk_audio_128x
    OLOGIC_X0Y145        FDRE                                         r  u_demo_interp_dac8_audio_pcm_common/dac_data_r_reg[6]/C  (IS_INVERTED)
                         clock pessimism              0.365    96.631    
                         clock uncertainty           -0.458    96.173    
    OLOGIC_X0Y145        FDRE (Setup_fdre_C_D)       -0.707    95.466    u_demo_interp_dac8_audio_pcm_common/dac_data_r_reg[6]
  -------------------------------------------------------------------
                         required time                         95.466    
                         arrival time                         -12.345    
  -------------------------------------------------------------------
                         slack                                 83.121    

Slack (MET) :             83.342ns  (required time - arrival time)
  Source:                 rst_audio_datapath_n_reg/C
                            (rising edge-triggered cell FDRE clocked by u_dual_family_audio_clock/clk_44k1_raw  {rise@0.000ns fall@88.577ns period=177.154ns})
  Destination:            u_demo_interp_dac8_audio_pcm_common/dac_data_r_reg[6]/R
                            (falling edge-triggered cell FDRE clocked by u_dual_family_audio_clock/clk_44k1_raw  {rise@0.000ns fall@88.577ns period=177.154ns})
  Path Group:             u_dual_family_audio_clock/clk_44k1_raw
  Path Type:              Setup (Max at Slow Process Corner)
  Requirement:            88.577ns  (u_dual_family_audio_clock/clk_44k1_raw fall@88.577ns - u_dual_family_audio_clock/clk_44k1_raw rise@0.000ns)
  Data Path Delay:        4.396ns  (logic 0.484ns (11.009%)  route 3.912ns (88.991%))
  Logic Levels:           1  (LUT6=1)
  Clock Path Skew:        0.052ns (DCD - SCD + CPR)
    Destination Clock Delay (DCD):    7.689ns = ( 96.266 - 88.577 ) 
    Source Clock Delay      (SCD):    8.002ns
    Clock Pessimism Removal (CPR):    0.365ns
  Clock Uncertainty:      0.458ns  ((TSJ^2 + DJ^2)^1/2) / 2 + PE
    Total System Jitter     (TSJ):    0.071ns
    Discrete Jitter          (DJ):    0.913ns
    Phase Error              (PE):    0.000ns

    Location             Delay type                Incr(ns)  Path(ns)    Netlist Resource(s)
  -------------------------------------------------------------------    -------------------
                         (clock u_dual_family_audio_clock/clk_44k1_raw rise edge)
                                                      0.000     0.000 r  
    Y18                                               0.000     0.000 r  clk (IN)
                         net (fo=0)                   0.000     0.000    clk
    Y18                  IBUF (Prop_ibuf_I_O)         1.427     1.427 r  u_ibuf_sys_clk/O
                         net (fo=1, routed)           1.693     3.120    clk_ibuf
    BUFGCTRL_X0Y0        BUFG (Prop_bufg_I_O)         0.081     3.201 r  u_bufg_sys_clk/O
                         net (fo=58, routed)          1.538     4.739    clk_sys_bufg
    MMCME2_ADV_X0Y2      MMCME2_ADV (Prop_mmcme2_adv_CLKIN1_CLKOUT0)
                                                      0.077     4.816 r  u_dual_family_audio_clock/u_mmcm_44k1/CLKOUT0
                         net (fo=1, routed)           1.698     6.513    u_dual_family_audio_clock/clk_44k1_raw
    BUFGCTRL_X0Y16       BUFGCTRL (Prop_bufgctrl_I0_O)
                                                      0.081     6.594 r  u_dual_family_audio_clock/u_bufgmux_audio_family/O
                         net (fo=342, routed)         1.407     8.002    clk_audio_128x
    SLICE_X4Y78          FDRE                                         r  rst_audio_datapath_n_reg/C
  -------------------------------------------------------------------    -------------------
    SLICE_X4Y78          FDRE (Prop_fdre_C_Q)         0.379     8.381 f  rst_audio_datapath_n_reg/Q
                         net (fo=18, routed)          1.109     9.489    rst_audio_datapath_n
    SLICE_X4Y84          LUT6 (Prop_lut6_I5_O)        0.105     9.594 r  dac_data_r[7]_i_1/O
                         net (fo=8, routed)           2.804    12.398    dac_data_r[7]_i_1_n_0
    OLOGIC_X0Y145        FDRE                                         r  u_demo_interp_dac8_audio_pcm_common/dac_data_r_reg[6]/R
  -------------------------------------------------------------------    -------------------

                         (clock u_dual_family_audio_clock/clk_44k1_raw fall edge)
                                                     88.577    88.577 f  
    Y18                                               0.000    88.577 f  clk (IN)
                         net (fo=0)                   0.000    88.577    clk
    Y18                  IBUF (Prop_ibuf_I_O)         1.361    89.938 f  u_ibuf_sys_clk/O
                         net (fo=1, routed)           1.604    91.542    clk_ibuf
    BUFGCTRL_X0Y0        BUFG (Prop_bufg_I_O)         0.077    91.619 f  u_bufg_sys_clk/O
                         net (fo=58, routed)          1.426    93.045    clk_sys_bufg
    MMCME2_ADV_X0Y2      MMCME2_ADV (Prop_mmcme2_adv_CLKIN1_CLKOUT0)
                                                      0.073    93.118 f  u_dual_family_audio_clock/u_mmcm_44k1/CLKOUT0
                         net (fo=1, routed)           1.617    94.735    u_dual_family_audio_clock/clk_44k1_raw
    BUFGCTRL_X0Y16       BUFGCTRL (Prop_bufgctrl_I0_O)
                                                      0.077    94.812 f  u_dual_family_audio_clock/u_bufgmux_audio_family/O
                         net (fo=342, routed)         1.454    96.266    clk_audio_128x
    OLOGIC_X0Y145        FDRE                                         r  u_demo_interp_dac8_audio_pcm_common/dac_data_r_reg[6]/C  (IS_INVERTED)
                         clock pessimism              0.365    96.631    
                         clock uncertainty           -0.458    96.173    
    OLOGIC_X0Y145        FDRE (Setup_fdre_C_R)       -0.433    95.740    u_demo_interp_dac8_audio_pcm_common/dac_data_r_reg[6]
  -------------------------------------------------------------------
                         required time                         95.740    
                         arrival time                         -12.398    
  -------------------------------------------------------------------
                         slack                                 83.342    

Slack (MET) :             83.483ns  (required time - arrival time)
  Source:                 u_demo_interp_dac8_audio_pcm_common/gen_dual_rate_test_tone.u_dual_rate_test_tone_rom_source/sample_out_reg[20]/C
                            (rising edge-triggered cell FDRE clocked by u_dual_family_audio_clock/clk_44k1_raw  {rise@0.000ns fall@88.577ns period=177.154ns})
  Destination:            u_demo_interp_dac8_audio_pcm_common/dac_data_r_reg[4]/D
                            (falling edge-triggered cell FDRE clocked by u_dual_family_audio_clock/clk_44k1_raw  {rise@0.000ns fall@88.577ns period=177.154ns})
  Path Group:             u_dual_family_audio_clock/clk_44k1_raw
  Path Type:              Setup (Max at Slow Process Corner)
  Requirement:            88.577ns  (u_dual_family_audio_clock/clk_44k1_raw fall@88.577ns - u_dual_family_audio_clock/clk_44k1_raw rise@0.000ns)
  Data Path Delay:        4.038ns  (logic 0.589ns (14.585%)  route 3.449ns (85.415%))
  Logic Levels:           2  (LUT5=1 LUT6=1)
  Clock Path Skew:        0.109ns (DCD - SCD + CPR)
    Destination Clock Delay (DCD):    7.677ns = ( 96.254 - 88.577 ) 
    Source Clock Delay      (SCD):    7.933ns
    Clock Pessimism Removal (CPR):    0.365ns
  Clock Uncertainty:      0.458ns  ((TSJ^2 + DJ^2)^1/2) / 2 + PE
    Total System Jitter     (TSJ):    0.071ns
    Discrete Jitter          (DJ):    0.913ns
    Phase Error              (PE):    0.000ns

    Location             Delay type                Incr(ns)  Path(ns)    Netlist Resource(s)
  -------------------------------------------------------------------    -------------------
                         (clock u_dual_family_audio_clock/clk_44k1_raw rise edge)
                                                      0.000     0.000 r  
    Y18                                               0.000     0.000 r  clk (IN)
                         net (fo=0)                   0.000     0.000    clk
    Y18                  IBUF (Prop_ibuf_I_O)         1.427     1.427 r  u_ibuf_sys_clk/O
                         net (fo=1, routed)           1.693     3.120    clk_ibuf
    BUFGCTRL_X0Y0        BUFG (Prop_bufg_I_O)         0.081     3.201 r  u_bufg_sys_clk/O
                         net (fo=58, routed)          1.538     4.739    clk_sys_bufg
    MMCME2_ADV_X0Y2      MMCME2_ADV (Prop_mmcme2_adv_CLKIN1_CLKOUT0)
                                                      0.077     4.816 r  u_dual_family_audio_clock/u_mmcm_44k1/CLKOUT0
                         net (fo=1, routed)           1.698     6.513    u_dual_family_audio_clock/clk_44k1_raw
    BUFGCTRL_X0Y16       BUFGCTRL (Prop_bufgctrl_I0_O)
                                                      0.081     6.594 r  u_dual_family_audio_clock/u_bufgmux_audio_family/O
                         net (fo=342, routed)         1.338     7.933    clk_audio_128x
    SLICE_X9Y73          FDRE                                         r  u_demo_interp_dac8_audio_pcm_common/gen_dual_rate_test_tone.u_dual_rate_test_tone_rom_source/sample_out_reg[20]/C
  -------------------------------------------------------------------    -------------------
    SLICE_X9Y73          FDRE (Prop_fdre_C_Q)         0.379     8.312 r  u_demo_interp_dac8_audio_pcm_common/gen_dual_rate_test_tone.u_dual_rate_test_tone_rom_source/sample_out_reg[20]/Q
                         net (fo=2, routed)           1.206     9.518    u_demo_interp_dac8_audio_pcm_common/audio_sample_w[20]
    SLICE_X9Y83          LUT5 (Prop_lut5_I3_O)        0.105     9.623 r  board_demo_comp_LUT5_6/O
                         net (fo=1, routed)           0.704    10.327    dac_data_r[4]_i_2_n_0
    SLICE_X10Y85         LUT6 (Prop_lut6_I5_O)        0.105    10.432 r  dac_data_r[4]_i_1/O
                         net (fo=1, routed)           1.539    11.971    dac_data_r[4]_i_1_n_0
    OLOGIC_X0Y120        FDRE                                         r  u_demo_interp_dac8_audio_pcm_common/dac_data_r_reg[4]/D
  -------------------------------------------------------------------    -------------------

                         (clock u_dual_family_audio_clock/clk_44k1_raw fall edge)
                                                     88.577    88.577 f  
    Y18                                               0.000    88.577 f  clk (IN)
                         net (fo=0)                   0.000    88.577    clk
    Y18                  IBUF (Prop_ibuf_I_O)         1.361    89.938 f  u_ibuf_sys_clk/O
                         net (fo=1, routed)           1.604    91.542    clk_ibuf
    BUFGCTRL_X0Y0        BUFG (Prop_bufg_I_O)         0.077    91.619 f  u_bufg_sys_clk/O
                         net (fo=58, routed)          1.426    93.045    clk_sys_bufg
    MMCME2_ADV_X0Y2      MMCME2_ADV (Prop_mmcme2_adv_CLKIN1_CLKOUT0)
                                                      0.073    93.118 f  u_dual_family_audio_clock/u_mmcm_44k1/CLKOUT0
                         net (fo=1, routed)           1.617    94.735    u_dual_family_audio_clock/clk_44k1_raw
    BUFGCTRL_X0Y16       BUFGCTRL (Prop_bufgctrl_I0_O)
                                                      0.077    94.812 f  u_dual_family_audio_clock/u_bufgmux_audio_family/O
                         net (fo=342, routed)         1.442    96.254    clk_audio_128x
    OLOGIC_X0Y120        FDRE                                         r  u_demo_interp_dac8_audio_pcm_common/dac_data_r_reg[4]/C  (IS_INVERTED)
                         clock pessimism              0.365    96.619    
                         clock uncertainty           -0.458    96.161    
    OLOGIC_X0Y120        FDRE (Setup_fdre_C_D)       -0.707    95.454    u_demo_interp_dac8_audio_pcm_common/dac_data_r_reg[4]
  -------------------------------------------------------------------
                         required time                         95.454    
                         arrival time                         -11.971    
  -------------------------------------------------------------------
                         slack                                 83.483    

Slack (MET) :             83.692ns  (required time - arrival time)
  Source:                 u_demo_interp_dac8_audio_pcm_common/gen_phase7_folded.u_interp128_all2x_v7_folded_fir_cic_top_ce/gen_lutram_stage23.u_interp2_stage23_lutram_cic_dsp_ce/stage2_y_out_valid_reg/C
                            (rising edge-triggered cell FDRE clocked by u_dual_family_audio_clock/clk_44k1_raw  {rise@0.000ns fall@88.577ns period=177.154ns})
  Destination:            u_demo_interp_dac8_audio_pcm_common/dac_data_r_reg[6]/CE
                            (falling edge-triggered cell FDRE clocked by u_dual_family_audio_clock/clk_44k1_raw  {rise@0.000ns fall@88.577ns period=177.154ns})
  Path Group:             u_dual_family_audio_clock/clk_44k1_raw
  Path Type:              Setup (Max at Slow Process Corner)
  Requirement:            88.577ns  (u_dual_family_audio_clock/clk_44k1_raw fall@88.577ns - u_dual_family_audio_clock/clk_44k1_raw rise@0.000ns)
  Data Path Delay:        4.207ns  (logic 0.484ns (11.503%)  route 3.723ns (88.497%))
  Logic Levels:           1  (LUT6=1)
  Clock Path Skew:        0.111ns (DCD - SCD + CPR)
    Destination Clock Delay (DCD):    7.689ns = ( 96.266 - 88.577 ) 
    Source Clock Delay      (SCD):    7.943ns
    Clock Pessimism Removal (CPR):    0.365ns
  Clock Uncertainty:      0.458ns  ((TSJ^2 + DJ^2)^1/2) / 2 + PE
    Total System Jitter     (TSJ):    0.071ns
    Discrete Jitter          (DJ):    0.913ns
    Phase Error              (PE):    0.000ns

    Location             Delay type                Incr(ns)  Path(ns)    Netlist Resource(s)
  -------------------------------------------------------------------    -------------------
                         (clock u_dual_family_audio_clock/clk_44k1_raw rise edge)
                                                      0.000     0.000 r  
    Y18                                               0.000     0.000 r  clk (IN)
                         net (fo=0)                   0.000     0.000    clk
    Y18                  IBUF (Prop_ibuf_I_O)         1.427     1.427 r  u_ibuf_sys_clk/O
                         net (fo=1, routed)           1.693     3.120    clk_ibuf
    BUFGCTRL_X0Y0        BUFG (Prop_bufg_I_O)         0.081     3.201 r  u_bufg_sys_clk/O
                         net (fo=58, routed)          1.538     4.739    clk_sys_bufg
    MMCME2_ADV_X0Y2      MMCME2_ADV (Prop_mmcme2_adv_CLKIN1_CLKOUT0)
                                                      0.077     4.816 r  u_dual_family_audio_clock/u_mmcm_44k1/CLKOUT0
                         net (fo=1, routed)           1.698     6.513    u_dual_family_audio_clock/clk_44k1_raw
    BUFGCTRL_X0Y16       BUFGCTRL (Prop_bufgctrl_I0_O)
                                                      0.081     6.594 r  u_dual_family_audio_clock/u_bufgmux_audio_family/O
                         net (fo=342, routed)         1.348     7.943    clk_audio_128x
    SLICE_X9Y84          FDRE                                         r  u_demo_interp_dac8_audio_pcm_common/gen_phase7_folded.u_interp128_all2x_v7_folded_fir_cic_top_ce/gen_lutram_stage23.u_interp2_stage23_lutram_cic_dsp_ce/stage2_y_out_valid_reg/C
  -------------------------------------------------------------------    -------------------
    SLICE_X9Y84          FDRE (Prop_fdre_C_Q)         0.379     8.322 r  u_demo_interp_dac8_audio_pcm_common/gen_phase7_folded.u_interp128_all2x_v7_folded_fir_cic_top_ce/gen_lutram_stage23.u_interp2_stage23_lutram_cic_dsp_ce/stage2_y_out_valid_reg/Q
                         net (fo=2, routed)           0.552     8.874    u_demo_interp_dac8_audio_pcm_common/dbg_y4_valid_w
    SLICE_X9Y84          LUT6 (Prop_lut6_I3_O)        0.105     8.979 r  dac_data_r[7]_i_2/O
                         net (fo=8, routed)           3.171    12.150    selected_valid
    OLOGIC_X0Y145        FDRE                                         r  u_demo_interp_dac8_audio_pcm_common/dac_data_r_reg[6]/CE
  -------------------------------------------------------------------    -------------------

                         (clock u_dual_family_audio_clock/clk_44k1_raw fall edge)
                                                     88.577    88.577 f  
    Y18                                               0.000    88.577 f  clk (IN)
                         net (fo=0)                   0.000    88.577    clk
    Y18                  IBUF (Prop_ibuf_I_O)         1.361    89.938 f  u_ibuf_sys_clk/O
                         net (fo=1, routed)           1.604    91.542    clk_ibuf
    BUFGCTRL_X0Y0        BUFG (Prop_bufg_I_O)         0.077    91.619 f  u_bufg_sys_clk/O
                         net (fo=58, routed)          1.426    93.045    clk_sys_bufg
    MMCME2_ADV_X0Y2      MMCME2_ADV (Prop_mmcme2_adv_CLKIN1_CLKOUT0)
                                                      0.073    93.118 f  u_dual_family_audio_clock/u_mmcm_44k1/CLKOUT0
                         net (fo=1, routed)           1.617    94.735    u_dual_family_audio_clock/clk_44k1_raw
    BUFGCTRL_X0Y16       BUFGCTRL (Prop_bufgctrl_I0_O)
                                                      0.077    94.812 f  u_dual_family_audio_clock/u_bufgmux_audio_family/O
                         net (fo=342, routed)         1.454    96.266    clk_audio_128x
    OLOGIC_X0Y145        FDRE                                         r  u_demo_interp_dac8_audio_pcm_common/dac_data_r_reg[6]/C  (IS_INVERTED)
                         clock pessimism              0.365    96.631    
                         clock uncertainty           -0.458    96.173    
    OLOGIC_X0Y145        FDRE (Setup_fdre_C_CE)      -0.331    95.842    u_demo_interp_dac8_audio_pcm_common/dac_data_r_reg[6]
  -------------------------------------------------------------------
                         required time                         95.842    
                         arrival time                         -12.150    
  -------------------------------------------------------------------
                         slack                                 83.692    

Slack (MET) :             83.697ns  (required time - arrival time)
  Source:                 u_demo_interp_dac8_audio_pcm_common/gen_dual_rate_test_tone.u_dual_rate_test_tone_rom_source/rom_word_q_reg/CLKARDCLK
                            (rising edge-triggered cell RAMB18E1 clocked by u_dual_family_audio_clock/clk_44k1_raw  {rise@0.000ns fall@88.577ns period=177.154ns})
  Destination:            u_demo_interp_dac8_audio_pcm_common/dac_data_r_reg[1]/D
                            (falling edge-triggered cell FDRE clocked by u_dual_family_audio_clock/clk_44k1_raw  {rise@0.000ns fall@88.577ns period=177.154ns})
  Path Group:             u_dual_family_audio_clock/clk_44k1_raw
  Path Type:              Setup (Max at Slow Process Corner)
  Requirement:            88.577ns  (u_dual_family_audio_clock/clk_44k1_raw fall@88.577ns - u_dual_family_audio_clock/clk_44k1_raw rise@0.000ns)
  Data Path Delay:        3.786ns  (logic 1.109ns (29.294%)  route 2.677ns (70.706%))
  Logic Levels:           2  (LUT5=1 LUT6=1)
  Clock Path Skew:        0.071ns (DCD - SCD + CPR)
    Destination Clock Delay (DCD):    7.677ns = ( 96.254 - 88.577 ) 
    Source Clock Delay      (SCD):    7.971ns
    Clock Pessimism Removal (CPR):    0.365ns
  Clock Uncertainty:      0.458ns  ((TSJ^2 + DJ^2)^1/2) / 2 + PE
    Total System Jitter     (TSJ):    0.071ns
    Discrete Jitter          (DJ):    0.913ns
    Phase Error              (PE):    0.000ns

    Location             Delay type                Incr(ns)  Path(ns)    Netlist Resource(s)
  -------------------------------------------------------------------    -------------------
                         (clock u_dual_family_audio_clock/clk_44k1_raw rise edge)
                                                      0.000     0.000 r  
    Y18                                               0.000     0.000 r  clk (IN)
                         net (fo=0)                   0.000     0.000    clk
    Y18                  IBUF (Prop_ibuf_I_O)         1.427     1.427 r  u_ibuf_sys_clk/O
                         net (fo=1, routed)           1.693     3.120    clk_ibuf
    BUFGCTRL_X0Y0        BUFG (Prop_bufg_I_O)         0.081     3.201 r  u_bufg_sys_clk/O
                         net (fo=58, routed)          1.538     4.739    clk_sys_bufg
    MMCME2_ADV_X0Y2      MMCME2_ADV (Prop_mmcme2_adv_CLKIN1_CLKOUT0)
                                                      0.077     4.816 r  u_dual_family_audio_clock/u_mmcm_44k1/CLKOUT0
                         net (fo=1, routed)           1.698     6.513    u_dual_family_audio_clock/clk_44k1_raw
    BUFGCTRL_X0Y16       BUFGCTRL (Prop_bufgctrl_I0_O)
                                                      0.081     6.594 r  u_dual_family_audio_clock/u_bufgmux_audio_family/O
                         net (fo=342, routed)         1.377     7.971    clk_audio_128x
    RAMB18_X0Y29         RAMB18E1                                     r  u_demo_interp_dac8_audio_pcm_common/gen_dual_rate_test_tone.u_dual_rate_test_tone_rom_source/rom_word_q_reg/CLKARDCLK
  -------------------------------------------------------------------    -------------------
    RAMB18_X0Y29         RAMB18E1 (Prop_ramb18e1_CLKARDCLK_DOPADOP[1])
                                                      0.734     8.705 r  u_demo_interp_dac8_audio_pcm_common/gen_dual_rate_test_tone.u_dual_rate_test_tone_rom_source/rom_word_q_reg/DOPADOP[1]
                         net (fo=2, routed)           0.984     9.690    u_demo_interp_dac8_audio_pcm_common/audio_sample_w[17]
    SLICE_X9Y83          LUT5 (Prop_lut5_I1_O)        0.108     9.798 r  dac_data_r[1]_i_2/O
                         net (fo=1, routed)           0.240    10.038    dac_data_r[1]_i_2_n_0
    SLICE_X9Y85          LUT6 (Prop_lut6_I5_O)        0.267    10.305 r  dac_data_r[1]_i_1/O
                         net (fo=1, routed)           1.452    11.757    dac_data_r[1]_i_1_n_0
    OLOGIC_X0Y122        FDRE                                         r  u_demo_interp_dac8_audio_pcm_common/dac_data_r_reg[1]/D
  -------------------------------------------------------------------    -------------------

                         (clock u_dual_family_audio_clock/clk_44k1_raw fall edge)
                                                     88.577    88.577 f  
    Y18                                               0.000    88.577 f  clk (IN)
                         net (fo=0)                   0.000    88.577    clk
    Y18                  IBUF (Prop_ibuf_I_O)         1.361    89.938 f  u_ibuf_sys_clk/O
                         net (fo=1, routed)           1.604    91.542    clk_ibuf
    BUFGCTRL_X0Y0        BUFG (Prop_bufg_I_O)         0.077    91.619 f  u_bufg_sys_clk/O
                         net (fo=58, routed)          1.426    93.045    clk_sys_bufg
    MMCME2_ADV_X0Y2      MMCME2_ADV (Prop_mmcme2_adv_CLKIN1_CLKOUT0)
                                                      0.073    93.118 f  u_dual_family_audio_clock/u_mmcm_44k1/CLKOUT0
                         net (fo=1, routed)           1.617    94.735    u_dual_family_audio_clock/clk_44k1_raw
    BUFGCTRL_X0Y16       BUFGCTRL (Prop_bufgctrl_I0_O)
                                                      0.077    94.812 f  u_dual_family_audio_clock/u_bufgmux_audio_family/O
                         net (fo=342, routed)         1.442    96.254    clk_audio_128x
    OLOGIC_X0Y122        FDRE                                         r  u_demo_interp_dac8_audio_pcm_common/dac_data_r_reg[1]/C  (IS_INVERTED)
                         clock pessimism              0.365    96.619    
                         clock uncertainty           -0.458    96.161    
    OLOGIC_X0Y122        FDRE (Setup_fdre_C_D)       -0.707    95.454    u_demo_interp_dac8_audio_pcm_common/dac_data_r_reg[1]
  -------------------------------------------------------------------
                         required time                         95.454    
                         arrival time                         -11.757    
  -------------------------------------------------------------------
                         slack                                 83.697    

Slack (MET) :             83.767ns  (required time - arrival time)
  Source:                 rst_audio_datapath_n_reg/C
                            (rising edge-triggered cell FDRE clocked by u_dual_family_audio_clock/clk_44k1_raw  {rise@0.000ns fall@88.577ns period=177.154ns})
  Destination:            u_demo_interp_dac8_audio_pcm_common/dac_data_r_reg[4]/R
                            (falling edge-triggered cell FDRE clocked by u_dual_family_audio_clock/clk_44k1_raw  {rise@0.000ns fall@88.577ns period=177.154ns})
  Path Group:             u_dual_family_audio_clock/clk_44k1_raw
  Path Type:              Setup (Max at Slow Process Corner)
  Requirement:            88.577ns  (u_dual_family_audio_clock/clk_44k1_raw fall@88.577ns - u_dual_family_audio_clock/clk_44k1_raw rise@0.000ns)
  Data Path Delay:        3.960ns  (logic 0.484ns (12.224%)  route 3.476ns (87.776%))
  Logic Levels:           1  (LUT6=1)
  Clock Path Skew:        0.040ns (DCD - SCD + CPR)
    Destination Clock Delay (DCD):    7.677ns = ( 96.254 - 88.577 ) 
    Source Clock Delay      (SCD):    8.002ns
    Clock Pessimism Removal (CPR):    0.365ns
  Clock Uncertainty:      0.458ns  ((TSJ^2 + DJ^2)^1/2) / 2 + PE
    Total System Jitter     (TSJ):    0.071ns
    Discrete Jitter          (DJ):    0.913ns
    Phase Error              (PE):    0.000ns

    Location             Delay type                Incr(ns)  Path(ns)    Netlist Resource(s)
  -------------------------------------------------------------------    -------------------
                         (clock u_dual_family_audio_clock/clk_44k1_raw rise edge)
                                                      0.000     0.000 r  
    Y18                                               0.000     0.000 r  clk (IN)
                         net (fo=0)                   0.000     0.000    clk
    Y18                  IBUF (Prop_ibuf_I_O)         1.427     1.427 r  u_ibuf_sys_clk/O
                         net (fo=1, routed)           1.693     3.120    clk_ibuf
    BUFGCTRL_X0Y0        BUFG (Prop_bufg_I_O)         0.081     3.201 r  u_bufg_sys_clk/O
                         net (fo=58, routed)          1.538     4.739    clk_sys_bufg
    MMCME2_ADV_X0Y2      MMCME2_ADV (Prop_mmcme2_adv_CLKIN1_CLKOUT0)
                                                      0.077     4.816 r  u_dual_family_audio_clock/u_mmcm_44k1/CLKOUT0
                         net (fo=1, routed)           1.698     6.513    u_dual_family_audio_clock/clk_44k1_raw
    BUFGCTRL_X0Y16       BUFGCTRL (Prop_bufgctrl_I0_O)
                                                      0.081     6.594 r  u_dual_family_audio_clock/u_bufgmux_audio_family/O
                         net (fo=342, routed)         1.407     8.002    clk_audio_128x
    SLICE_X4Y78          FDRE                                         r  rst_audio_datapath_n_reg/C
  -------------------------------------------------------------------    -------------------
    SLICE_X4Y78          FDRE (Prop_fdre_C_Q)         0.379     8.381 f  rst_audio_datapath_n_reg/Q
                         net (fo=18, routed)          1.109     9.489    rst_audio_datapath_n
    SLICE_X4Y84          LUT6 (Prop_lut6_I5_O)        0.105     9.594 r  dac_data_r[7]_i_1/O
                         net (fo=8, routed)           2.367    11.961    dac_data_r[7]_i_1_n_0
    OLOGIC_X0Y120        FDRE                                         r  u_demo_interp_dac8_audio_pcm_common/dac_data_r_reg[4]/R
  -------------------------------------------------------------------    -------------------

                         (clock u_dual_family_audio_clock/clk_44k1_raw fall edge)
                                                     88.577    88.577 f  
    Y18                                               0.000    88.577 f  clk (IN)
                         net (fo=0)                   0.000    88.577    clk
    Y18                  IBUF (Prop_ibuf_I_O)         1.361    89.938 f  u_ibuf_sys_clk/O
                         net (fo=1, routed)           1.604    91.542    clk_ibuf
    BUFGCTRL_X0Y0        BUFG (Prop_bufg_I_O)         0.077    91.619 f  u_bufg_sys_clk/O
                         net (fo=58, routed)          1.426    93.045    clk_sys_bufg
    MMCME2_ADV_X0Y2      MMCME2_ADV (Prop_mmcme2_adv_CLKIN1_CLKOUT0)
                                                      0.073    93.118 f  u_dual_family_audio_clock/u_mmcm_44k1/CLKOUT0
                         net (fo=1, routed)           1.617    94.735    u_dual_family_audio_clock/clk_44k1_raw
    BUFGCTRL_X0Y16       BUFGCTRL (Prop_bufgctrl_I0_O)
                                                      0.077    94.812 f  u_dual_family_audio_clock/u_bufgmux_audio_family/O
                         net (fo=342, routed)         1.442    96.254    clk_audio_128x
    OLOGIC_X0Y120        FDRE                                         r  u_demo_interp_dac8_audio_pcm_common/dac_data_r_reg[4]/C  (IS_INVERTED)
                         clock pessimism              0.365    96.619    
                         clock uncertainty           -0.458    96.161    
    OLOGIC_X0Y120        FDRE (Setup_fdre_C_R)       -0.433    95.728    u_demo_interp_dac8_audio_pcm_common/dac_data_r_reg[4]
  -------------------------------------------------------------------
                         required time                         95.728    
                         arrival time                         -11.961    
  -------------------------------------------------------------------
                         slack                                 83.767    

Slack (MET) :             83.952ns  (required time - arrival time)
  Source:                 rst_audio_datapath_n_reg/C
                            (rising edge-triggered cell FDRE clocked by u_dual_family_audio_clock/clk_44k1_raw  {rise@0.000ns fall@88.577ns period=177.154ns})
  Destination:            u_demo_interp_dac8_audio_pcm_common/dac_data_r_reg[7]/S
                            (falling edge-triggered cell FDSE clocked by u_dual_family_audio_clock/clk_44k1_raw  {rise@0.000ns fall@88.577ns period=177.154ns})
  Path Group:             u_dual_family_audio_clock/clk_44k1_raw
  Path Type:              Setup (Max at Slow Process Corner)
  Requirement:            88.577ns  (u_dual_family_audio_clock/clk_44k1_raw fall@88.577ns - u_dual_family_audio_clock/clk_44k1_raw rise@0.000ns)
  Data Path Delay:        3.773ns  (logic 0.484ns (12.829%)  route 3.289ns (87.172%))
  Logic Levels:           1  (LUT6=1)
  Clock Path Skew:        0.038ns (DCD - SCD + CPR)
    Destination Clock Delay (DCD):    7.675ns = ( 96.252 - 88.577 ) 
    Source Clock Delay      (SCD):    8.002ns
    Clock Pessimism Removal (CPR):    0.365ns
  Clock Uncertainty:      0.458ns  ((TSJ^2 + DJ^2)^1/2) / 2 + PE
    Total System Jitter     (TSJ):    0.071ns
    Discrete Jitter          (DJ):    0.913ns
    Phase Error              (PE):    0.000ns

    Location             Delay type                Incr(ns)  Path(ns)    Netlist Resource(s)
  -------------------------------------------------------------------    -------------------
                         (clock u_dual_family_audio_clock/clk_44k1_raw rise edge)
                                                      0.000     0.000 r  
    Y18                                               0.000     0.000 r  clk (IN)
                         net (fo=0)                   0.000     0.000    clk
    Y18                  IBUF (Prop_ibuf_I_O)         1.427     1.427 r  u_ibuf_sys_clk/O
                         net (fo=1, routed)           1.693     3.120    clk_ibuf
    BUFGCTRL_X0Y0        BUFG (Prop_bufg_I_O)         0.081     3.201 r  u_bufg_sys_clk/O
                         net (fo=58, routed)          1.538     4.739    clk_sys_bufg
    MMCME2_ADV_X0Y2      MMCME2_ADV (Prop_mmcme2_adv_CLKIN1_CLKOUT0)
                                                      0.077     4.816 r  u_dual_family_audio_clock/u_mmcm_44k1/CLKOUT0
                         net (fo=1, routed)           1.698     6.513    u_dual_family_audio_clock/clk_44k1_raw
    BUFGCTRL_X0Y16       BUFGCTRL (Prop_bufgctrl_I0_O)
                                                      0.081     6.594 r  u_dual_family_audio_clock/u_bufgmux_audio_family/O
                         net (fo=342, routed)         1.407     8.002    clk_audio_128x
    SLICE_X4Y78          FDRE                                         r  rst_audio_datapath_n_reg/C
  -------------------------------------------------------------------    -------------------
    SLICE_X4Y78          FDRE (Prop_fdre_C_Q)         0.379     8.381 f  rst_audio_datapath_n_reg/Q
                         net (fo=18, routed)          1.109     9.489    rst_audio_datapath_n
    SLICE_X4Y84          LUT6 (Prop_lut6_I5_O)        0.105     9.594 r  dac_data_r[7]_i_1/O
                         net (fo=8, routed)           2.180    11.775    dac_data_r[7]_i_1_n_0
    OLOGIC_X0Y125        FDSE                                         r  u_demo_interp_dac8_audio_pcm_common/dac_data_r_reg[7]/S
  -------------------------------------------------------------------    -------------------

                         (clock u_dual_family_audio_clock/clk_44k1_raw fall edge)
                                                     88.577    88.577 f  
    Y18                                               0.000    88.577 f  clk (IN)
                         net (fo=0)                   0.000    88.577    clk
    Y18                  IBUF (Prop_ibuf_I_O)         1.361    89.938 f  u_ibuf_sys_clk/O
                         net (fo=1, routed)           1.604    91.542    clk_ibuf
    BUFGCTRL_X0Y0        BUFG (Prop_bufg_I_O)         0.077    91.619 f  u_bufg_sys_clk/O
                         net (fo=58, routed)          1.426    93.045    clk_sys_bufg
    MMCME2_ADV_X0Y2      MMCME2_ADV (Prop_mmcme2_adv_CLKIN1_CLKOUT0)
                                                      0.073    93.118 f  u_dual_family_audio_clock/u_mmcm_44k1/CLKOUT0
                         net (fo=1, routed)           1.617    94.735    u_dual_family_audio_clock/clk_44k1_raw
    BUFGCTRL_X0Y16       BUFGCTRL (Prop_bufgctrl_I0_O)
                                                      0.077    94.812 f  u_dual_family_audio_clock/u_bufgmux_audio_family/O
                         net (fo=342, routed)         1.440    96.252    clk_audio_128x
    OLOGIC_X0Y125        FDSE                                         r  u_demo_interp_dac8_audio_pcm_common/dac_data_r_reg[7]/C  (IS_INVERTED)
                         clock pessimism              0.365    96.617    
                         clock uncertainty           -0.458    96.159    
    OLOGIC_X0Y125        FDSE (Setup_fdse_C_S)       -0.433    95.726    u_demo_interp_dac8_audio_pcm_common/dac_data_r_reg[7]
  -------------------------------------------------------------------
                         required time                         95.726    
                         arrival time                         -11.775    
  -------------------------------------------------------------------
                         slack                                 83.952    

Slack (MET) :             83.955ns  (required time - arrival time)
  Source:                 u_demo_interp_dac8_audio_pcm_common/gen_dual_rate_test_tone.u_dual_rate_test_tone_rom_source/rom_word_q_reg/CLKARDCLK
                            (rising edge-triggered cell RAMB18E1 clocked by u_dual_family_audio_clock/clk_44k1_raw  {rise@0.000ns fall@88.577ns period=177.154ns})
  Destination:            u_demo_interp_dac8_audio_pcm_common/dac_data_r_reg[0]/D
                            (falling edge-triggered cell FDRE clocked by u_dual_family_audio_clock/clk_44k1_raw  {rise@0.000ns fall@88.577ns period=177.154ns})
  Path Group:             u_dual_family_audio_clock/clk_44k1_raw
  Path Type:              Setup (Max at Slow Process Corner)
  Requirement:            88.577ns  (u_dual_family_audio_clock/clk_44k1_raw fall@88.577ns - u_dual_family_audio_clock/clk_44k1_raw rise@0.000ns)
  Data Path Delay:        3.430ns  (logic 0.944ns (27.519%)  route 2.486ns (72.481%))
  Logic Levels:           2  (LUT5=1 LUT6=1)
  Clock Path Skew:        -0.027ns (DCD - SCD + CPR)
    Destination Clock Delay (DCD):    7.520ns = ( 96.097 - 88.577 ) 
    Source Clock Delay      (SCD):    7.971ns
    Clock Pessimism Removal (CPR):    0.425ns
  Clock Uncertainty:      0.458ns  ((TSJ^2 + DJ^2)^1/2) / 2 + PE
    Total System Jitter     (TSJ):    0.071ns
    Discrete Jitter          (DJ):    0.913ns
    Phase Error              (PE):    0.000ns

    Location             Delay type                Incr(ns)  Path(ns)    Netlist Resource(s)
  -------------------------------------------------------------------    -------------------
                         (clock u_dual_family_audio_clock/clk_44k1_raw rise edge)
                                                      0.000     0.000 r  
    Y18                                               0.000     0.000 r  clk (IN)
                         net (fo=0)                   0.000     0.000    clk
    Y18                  IBUF (Prop_ibuf_I_O)         1.427     1.427 r  u_ibuf_sys_clk/O
                         net (fo=1, routed)           1.693     3.120    clk_ibuf
    BUFGCTRL_X0Y0        BUFG (Prop_bufg_I_O)         0.081     3.201 r  u_bufg_sys_clk/O
                         net (fo=58, routed)          1.538     4.739    clk_sys_bufg
    MMCME2_ADV_X0Y2      MMCME2_ADV (Prop_mmcme2_adv_CLKIN1_CLKOUT0)
                                                      0.077     4.816 r  u_dual_family_audio_clock/u_mmcm_44k1/CLKOUT0
                         net (fo=1, routed)           1.698     6.513    u_dual_family_audio_clock/clk_44k1_raw
    BUFGCTRL_X0Y16       BUFGCTRL (Prop_bufgctrl_I0_O)
                                                      0.081     6.594 r  u_dual_family_audio_clock/u_bufgmux_audio_family/O
                         net (fo=342, routed)         1.377     7.971    clk_audio_128x
    RAMB18_X0Y29         RAMB18E1                                     r  u_demo_interp_dac8_audio_pcm_common/gen_dual_rate_test_tone.u_dual_rate_test_tone_rom_source/rom_word_q_reg/CLKARDCLK
  -------------------------------------------------------------------    -------------------
    RAMB18_X0Y29         RAMB18E1 (Prop_ramb18e1_CLKARDCLK_DOPADOP[0])
                                                      0.734     8.705 r  u_demo_interp_dac8_audio_pcm_common/gen_dual_rate_test_tone.u_dual_rate_test_tone_rom_source/rom_word_q_reg/DOPADOP[0]
                         net (fo=2, routed)           1.198     9.903    u_demo_interp_dac8_audio_pcm_common/audio_sample_w[16]
    SLICE_X10Y82         LUT5 (Prop_lut5_I3_O)        0.105    10.008 r  board_demo_comp_LUT5_3/O
                         net (fo=1, routed)           0.374    10.382    dac_data_r[0]_i_2_n_0
    SLICE_X10Y82         LUT6 (Prop_lut6_I5_O)        0.105    10.487 r  dac_data_r[0]_i_1/O
                         net (fo=1, routed)           0.914    11.402    dac_data_r[0]_i_1_n_0
    OLOGIC_X0Y75         FDRE                                         r  u_demo_interp_dac8_audio_pcm_common/dac_data_r_reg[0]/D
  -------------------------------------------------------------------    -------------------

                         (clock u_dual_family_audio_clock/clk_44k1_raw fall edge)
                                                     88.577    88.577 f  
    Y18                                               0.000    88.577 f  clk (IN)
                         net (fo=0)                   0.000    88.577    clk
    Y18                  IBUF (Prop_ibuf_I_O)         1.361    89.938 f  u_ibuf_sys_clk/O
                         net (fo=1, routed)           1.604    91.542    clk_ibuf
    BUFGCTRL_X0Y0        BUFG (Prop_bufg_I_O)         0.077    91.619 f  u_bufg_sys_clk/O
                         net (fo=58, routed)          1.426    93.045    clk_sys_bufg
    MMCME2_ADV_X0Y2      MMCME2_ADV (Prop_mmcme2_adv_CLKIN1_CLKOUT0)
                                                      0.073    93.118 f  u_dual_family_audio_clock/u_mmcm_44k1/CLKOUT0
                         net (fo=1, routed)           1.617    94.735    u_dual_family_audio_clock/clk_44k1_raw
    BUFGCTRL_X0Y16       BUFGCTRL (Prop_bufgctrl_I0_O)
                                                      0.077    94.812 f  u_dual_family_audio_clock/u_bufgmux_audio_family/O
                         net (fo=342, routed)         1.285    96.097    clk_audio_128x
    OLOGIC_X0Y75         FDRE                                         r  u_demo_interp_dac8_audio_pcm_common/dac_data_r_reg[0]/C  (IS_INVERTED)
                         clock pessimism              0.425    96.522    
                         clock uncertainty           -0.458    96.064    
    OLOGIC_X0Y75         FDRE (Setup_fdre_C_D)       -0.707    95.357    u_demo_interp_dac8_audio_pcm_common/dac_data_r_reg[0]
  -------------------------------------------------------------------
                         required time                         95.357    
                         arrival time                         -11.402    
  -------------------------------------------------------------------
                         slack                                 83.955    

Slack (MET) :             84.026ns  (required time - arrival time)
  Source:                 rst_audio_datapath_n_reg/C
                            (rising edge-triggered cell FDRE clocked by u_dual_family_audio_clock/clk_44k1_raw  {rise@0.000ns fall@88.577ns period=177.154ns})
  Destination:            u_demo_interp_dac8_audio_pcm_common/dac_data_r_reg[1]/R
                            (falling edge-triggered cell FDRE clocked by u_dual_family_audio_clock/clk_44k1_raw  {rise@0.000ns fall@88.577ns period=177.154ns})
  Path Group:             u_dual_family_audio_clock/clk_44k1_raw
  Path Type:              Setup (Max at Slow Process Corner)
  Requirement:            88.577ns  (u_dual_family_audio_clock/clk_44k1_raw fall@88.577ns - u_dual_family_audio_clock/clk_44k1_raw rise@0.000ns)
  Data Path Delay:        3.701ns  (logic 0.484ns (13.079%)  route 3.217ns (86.921%))
  Logic Levels:           1  (LUT6=1)
  Clock Path Skew:        0.040ns (DCD - SCD + CPR)
    Destination Clock Delay (DCD):    7.677ns = ( 96.254 - 88.577 ) 
    Source Clock Delay      (SCD):    8.002ns
    Clock Pessimism Removal (CPR):    0.365ns
  Clock Uncertainty:      0.458ns  ((TSJ^2 + DJ^2)^1/2) / 2 + PE
    Total System Jitter     (TSJ):    0.071ns
    Discrete Jitter          (DJ):    0.913ns
    Phase Error              (PE):    0.000ns

    Location             Delay type                Incr(ns)  Path(ns)    Netlist Resource(s)
  -------------------------------------------------------------------    -------------------
                         (clock u_dual_family_audio_clock/clk_44k1_raw rise edge)
                                                      0.000     0.000 r  
    Y18                                               0.000     0.000 r  clk (IN)
                         net (fo=0)                   0.000     0.000    clk
    Y18                  IBUF (Prop_ibuf_I_O)         1.427     1.427 r  u_ibuf_sys_clk/O
                         net (fo=1, routed)           1.693     3.120    clk_ibuf
    BUFGCTRL_X0Y0        BUFG (Prop_bufg_I_O)         0.081     3.201 r  u_bufg_sys_clk/O
                         net (fo=58, routed)          1.538     4.739    clk_sys_bufg
    MMCME2_ADV_X0Y2      MMCME2_ADV (Prop_mmcme2_adv_CLKIN1_CLKOUT0)
                                                      0.077     4.816 r  u_dual_family_audio_clock/u_mmcm_44k1/CLKOUT0
                         net (fo=1, routed)           1.698     6.513    u_dual_family_audio_clock/clk_44k1_raw
    BUFGCTRL_X0Y16       BUFGCTRL (Prop_bufgctrl_I0_O)
                                                      0.081     6.594 r  u_dual_family_audio_clock/u_bufgmux_audio_family/O
                         net (fo=342, routed)         1.407     8.002    clk_audio_128x
    SLICE_X4Y78          FDRE                                         r  rst_audio_datapath_n_reg/C
  -------------------------------------------------------------------    -------------------
    SLICE_X4Y78          FDRE (Prop_fdre_C_Q)         0.379     8.381 f  rst_audio_datapath_n_reg/Q
                         net (fo=18, routed)          1.109     9.489    rst_audio_datapath_n
    SLICE_X4Y84          LUT6 (Prop_lut6_I5_O)        0.105     9.594 r  dac_data_r[7]_i_1/O
                         net (fo=8, routed)           2.108    11.702    dac_data_r[7]_i_1_n_0
    OLOGIC_X0Y122        FDRE                                         r  u_demo_interp_dac8_audio_pcm_common/dac_data_r_reg[1]/R
  -------------------------------------------------------------------    -------------------

                         (clock u_dual_family_audio_clock/clk_44k1_raw fall edge)
                                                     88.577    88.577 f  
    Y18                                               0.000    88.577 f  clk (IN)
                         net (fo=0)                   0.000    88.577    clk
    Y18                  IBUF (Prop_ibuf_I_O)         1.361    89.938 f  u_ibuf_sys_clk/O
                         net (fo=1, routed)           1.604    91.542    clk_ibuf
    BUFGCTRL_X0Y0        BUFG (Prop_bufg_I_O)         0.077    91.619 f  u_bufg_sys_clk/O
                         net (fo=58, routed)          1.426    93.045    clk_sys_bufg
    MMCME2_ADV_X0Y2      MMCME2_ADV (Prop_mmcme2_adv_CLKIN1_CLKOUT0)
                                                      0.073    93.118 f  u_dual_family_audio_clock/u_mmcm_44k1/CLKOUT0
                         net (fo=1, routed)           1.617    94.735    u_dual_family_audio_clock/clk_44k1_raw
    BUFGCTRL_X0Y16       BUFGCTRL (Prop_bufgctrl_I0_O)
                                                      0.077    94.812 f  u_dual_family_audio_clock/u_bufgmux_audio_family/O
                         net (fo=342, routed)         1.442    96.254    clk_audio_128x
    OLOGIC_X0Y122        FDRE                                         r  u_demo_interp_dac8_audio_pcm_common/dac_data_r_reg[1]/C  (IS_INVERTED)
                         clock pessimism              0.365    96.619    
                         clock uncertainty           -0.458    96.161    
    OLOGIC_X0Y122        FDRE (Setup_fdre_C_R)       -0.433    95.728    u_demo_interp_dac8_audio_pcm_common/dac_data_r_reg[1]
  -------------------------------------------------------------------
                         required time                         95.728    
                         arrival time                         -11.702    
  -------------------------------------------------------------------
                         slack                                 84.026    

Slack (MET) :             84.265ns  (required time - arrival time)
  Source:                 u_demo_interp_dac8_audio_pcm_common/gen_dual_rate_test_tone.u_dual_rate_test_tone_rom_source/sample_out_reg[19]/C
                            (rising edge-triggered cell FDRE clocked by u_dual_family_audio_clock/clk_44k1_raw  {rise@0.000ns fall@88.577ns period=177.154ns})
  Destination:            u_demo_interp_dac8_audio_pcm_common/dac_data_r_reg[3]/D
                            (falling edge-triggered cell FDRE clocked by u_dual_family_audio_clock/clk_44k1_raw  {rise@0.000ns fall@88.577ns period=177.154ns})
  Path Group:             u_dual_family_audio_clock/clk_44k1_raw
  Path Type:              Setup (Max at Slow Process Corner)
  Requirement:            88.577ns  (u_dual_family_audio_clock/clk_44k1_raw fall@88.577ns - u_dual_family_audio_clock/clk_44k1_raw rise@0.000ns)
  Data Path Delay:        3.172ns  (logic 0.643ns (20.274%)  route 2.529ns (79.726%))
  Logic Levels:           2  (LUT5=1 LUT6=1)
  Clock Path Skew:        0.025ns (DCD - SCD + CPR)
    Destination Clock Delay (DCD):    7.532ns = ( 96.109 - 88.577 ) 
    Source Clock Delay      (SCD):    7.932ns
    Clock Pessimism Removal (CPR):    0.425ns
  Clock Uncertainty:      0.458ns  ((TSJ^2 + DJ^2)^1/2) / 2 + PE
    Total System Jitter     (TSJ):    0.071ns
    Discrete Jitter          (DJ):    0.913ns
    Phase Error              (PE):    0.000ns

    Location             Delay type                Incr(ns)  Path(ns)    Netlist Resource(s)
  -------------------------------------------------------------------    -------------------
                         (clock u_dual_family_audio_clock/clk_44k1_raw rise edge)
                                                      0.000     0.000 r  
    Y18                                               0.000     0.000 r  clk (IN)
                         net (fo=0)                   0.000     0.000    clk
    Y18                  IBUF (Prop_ibuf_I_O)         1.427     1.427 r  u_ibuf_sys_clk/O
                         net (fo=1, routed)           1.693     3.120    clk_ibuf
    BUFGCTRL_X0Y0        BUFG (Prop_bufg_I_O)         0.081     3.201 r  u_bufg_sys_clk/O
                         net (fo=58, routed)          1.538     4.739    clk_sys_bufg
    MMCME2_ADV_X0Y2      MMCME2_ADV (Prop_mmcme2_adv_CLKIN1_CLKOUT0)
                                                      0.077     4.816 r  u_dual_family_audio_clock/u_mmcm_44k1/CLKOUT0
                         net (fo=1, routed)           1.698     6.513    u_dual_family_audio_clock/clk_44k1_raw
    BUFGCTRL_X0Y16       BUFGCTRL (Prop_bufgctrl_I0_O)
                                                      0.081     6.594 r  u_dual_family_audio_clock/u_bufgmux_audio_family/O
                         net (fo=342, routed)         1.337     7.932    clk_audio_128x
    SLICE_X8Y74          FDRE                                         r  u_demo_interp_dac8_audio_pcm_common/gen_dual_rate_test_tone.u_dual_rate_test_tone_rom_source/sample_out_reg[19]/C
  -------------------------------------------------------------------    -------------------
    SLICE_X8Y74          FDRE (Prop_fdre_C_Q)         0.433     8.365 r  u_demo_interp_dac8_audio_pcm_common/gen_dual_rate_test_tone.u_dual_rate_test_tone_rom_source/sample_out_reg[19]/Q
                         net (fo=2, routed)           1.266     9.631    u_demo_interp_dac8_audio_pcm_common/audio_sample_w[19]
    SLICE_X10Y82         LUT5 (Prop_lut5_I3_O)        0.105     9.736 r  board_demo_comp_LUT5_5/O
                         net (fo=1, routed)           0.467    10.203    dac_data_r[3]_i_2_n_0
    SLICE_X9Y85          LUT6 (Prop_lut6_I5_O)        0.105    10.308 r  dac_data_r[3]_i_1/O
                         net (fo=1, routed)           0.795    11.103    dac_data_r[3]_i_1_n_0
    OLOGIC_X0Y91         FDRE                                         r  u_demo_interp_dac8_audio_pcm_common/dac_data_r_reg[3]/D
  -------------------------------------------------------------------    -------------------

                         (clock u_dual_family_audio_clock/clk_44k1_raw fall edge)
                                                     88.577    88.577 f  
    Y18                                               0.000    88.577 f  clk (IN)
                         net (fo=0)                   0.000    88.577    clk
    Y18                  IBUF (Prop_ibuf_I_O)         1.361    89.938 f  u_ibuf_sys_clk/O
                         net (fo=1, routed)           1.604    91.542    clk_ibuf
    BUFGCTRL_X0Y0        BUFG (Prop_bufg_I_O)         0.077    91.619 f  u_bufg_sys_clk/O
                         net (fo=58, routed)          1.426    93.045    clk_sys_bufg
    MMCME2_ADV_X0Y2      MMCME2_ADV (Prop_mmcme2_adv_CLKIN1_CLKOUT0)
                                                      0.073    93.118 f  u_dual_family_audio_clock/u_mmcm_44k1/CLKOUT0
                         net (fo=1, routed)           1.617    94.735    u_dual_family_audio_clock/clk_44k1_raw
    BUFGCTRL_X0Y16       BUFGCTRL (Prop_bufgctrl_I0_O)
                                                      0.077    94.812 f  u_dual_family_audio_clock/u_bufgmux_audio_family/O
                         net (fo=342, routed)         1.297    96.109    clk_audio_128x
    OLOGIC_X0Y91         FDRE                                         r  u_demo_interp_dac8_audio_pcm_common/dac_data_r_reg[3]/C  (IS_INVERTED)
                         clock pessimism              0.425    96.534    
                         clock uncertainty           -0.458    96.076    
    OLOGIC_X0Y91         FDRE (Setup_fdre_C_D)       -0.707    95.369    u_demo_interp_dac8_audio_pcm_common/dac_data_r_reg[3]
  -------------------------------------------------------------------
                         required time                         95.369    
                         arrival time                         -11.103    
  -------------------------------------------------------------------
                         slack                                 84.265    





Min Delay Paths
--------------------------------------------------------------------------------------
Slack (MET) :             0.085ns  (arrival time - required time)
  Source:                 u_demo_interp_dac8_audio_pcm_common/gen_dual_rate_test_tone.u_dual_rate_test_tone_rom_source/rd_addr_reg_rep[5]/C
                            (rising edge-triggered cell FDRE clocked by u_dual_family_audio_clock/clk_44k1_raw  {rise@0.000ns fall@88.577ns period=177.154ns})
  Destination:            u_demo_interp_dac8_audio_pcm_common/gen_dual_rate_test_tone.u_dual_rate_test_tone_rom_source/rom_word_q_reg/ADDRARDADDR[9]
                            (rising edge-triggered cell RAMB18E1 clocked by u_dual_family_audio_clock/clk_44k1_raw  {rise@0.000ns fall@88.577ns period=177.154ns})
  Path Group:             u_dual_family_audio_clock/clk_44k1_raw
  Path Type:              Hold (Min at Fast Process Corner)
  Requirement:            0.000ns  (u_dual_family_audio_clock/clk_44k1_raw rise@0.000ns - u_dual_family_audio_clock/clk_44k1_raw rise@0.000ns)
  Data Path Delay:        0.318ns  (logic 0.164ns (51.605%)  route 0.154ns (48.395%))
  Logic Levels:           0  
  Clock Path Skew:        0.050ns (DCD - SCD - CPR)
    Destination Clock Delay (DCD):    3.717ns
    Source Clock Delay      (SCD):    2.837ns
    Clock Pessimism Removal (CPR):    0.831ns

    Location             Delay type                Incr(ns)  Path(ns)    Netlist Resource(s)
  -------------------------------------------------------------------    -------------------
                         (clock u_dual_family_audio_clock/clk_44k1_raw rise edge)
                                                      0.000     0.000 r  
    Y18                                               0.000     0.000 r  clk (IN)
                         net (fo=0)                   0.000     0.000    clk
    Y18                  IBUF (Prop_ibuf_I_O)         0.264     0.264 r  u_ibuf_sys_clk/O
                         net (fo=1, routed)           0.634     0.898    clk_ibuf
    BUFGCTRL_X0Y0        BUFG (Prop_bufg_I_O)         0.026     0.924 r  u_bufg_sys_clk/O
                         net (fo=58, routed)          0.629     1.553    clk_sys_bufg
    MMCME2_ADV_X0Y2      MMCME2_ADV (Prop_mmcme2_adv_CLKIN1_CLKOUT0)
                                                      0.050     1.603 r  u_dual_family_audio_clock/u_mmcm_44k1/CLKOUT0
                         net (fo=1, routed)           0.656     2.259    u_dual_family_audio_clock/clk_44k1_raw
    BUFGCTRL_X0Y16       BUFGCTRL (Prop_bufgctrl_I0_O)
                                                      0.026     2.285 r  u_dual_family_audio_clock/u_bufgmux_audio_family/O
                         net (fo=342, routed)         0.552     2.837    clk_audio_128x
    SLICE_X8Y72          FDRE                                         r  u_demo_interp_dac8_audio_pcm_common/gen_dual_rate_test_tone.u_dual_rate_test_tone_rom_source/rd_addr_reg_rep[5]/C
  -------------------------------------------------------------------    -------------------
    SLICE_X8Y72          FDRE (Prop_fdre_C_Q)         0.164     3.001 r  u_demo_interp_dac8_audio_pcm_common/gen_dual_rate_test_tone.u_dual_rate_test_tone_rom_source/rd_addr_reg_rep[5]/Q
                         net (fo=2, routed)           0.154     3.155    u_demo_interp_dac8_audio_pcm_common/gen_dual_rate_test_tone.u_dual_rate_test_tone_rom_source/rd_addr_reg_rep_n_0_[5]
    RAMB18_X0Y29         RAMB18E1                                     r  u_demo_interp_dac8_audio_pcm_common/gen_dual_rate_test_tone.u_dual_rate_test_tone_rom_source/rom_word_q_reg/ADDRARDADDR[9]
  -------------------------------------------------------------------    -------------------

                         (clock u_dual_family_audio_clock/clk_44k1_raw rise edge)
                                                      0.000     0.000 r  
    Y18                                               0.000     0.000 r  clk (IN)
                         net (fo=0)                   0.000     0.000    clk
    Y18                  IBUF (Prop_ibuf_I_O)         0.452     0.452 r  u_ibuf_sys_clk/O
                         net (fo=1, routed)           0.689     1.140    clk_ibuf
    BUFGCTRL_X0Y0        BUFG (Prop_bufg_I_O)         0.029     1.169 r  u_bufg_sys_clk/O
                         net (fo=58, routed)          0.901     2.070    clk_sys_bufg
    MMCME2_ADV_X0Y2      MMCME2_ADV (Prop_mmcme2_adv_CLKIN1_CLKOUT0)
                                                      0.053     2.123 r  u_dual_family_audio_clock/u_mmcm_44k1/CLKOUT0
                         net (fo=1, routed)           0.710     2.833    u_dual_family_audio_clock/clk_44k1_raw
    BUFGCTRL_X0Y16       BUFGCTRL (Prop_bufgctrl_I0_O)
                                                      0.029     2.862 r  u_dual_family_audio_clock/u_bufgmux_audio_family/O
                         net (fo=342, routed)         0.855     3.717    clk_audio_128x
    RAMB18_X0Y29         RAMB18E1                                     r  u_demo_interp_dac8_audio_pcm_common/gen_dual_rate_test_tone.u_dual_rate_test_tone_rom_source/rom_word_q_reg/CLKARDCLK
                         clock pessimism             -0.831     2.887    
    RAMB18_X0Y29         RAMB18E1 (Hold_ramb18e1_CLKARDCLK_ADDRARDADDR[9])
                                                      0.183     3.070    u_demo_interp_dac8_audio_pcm_common/gen_dual_rate_test_tone.u_dual_rate_test_tone_rom_source/rom_word_q_reg
  -------------------------------------------------------------------
                         required time                         -3.070    
                         arrival time                           3.155    
  -------------------------------------------------------------------
                         slack                                  0.085    

Slack (MET) :             0.088ns  (arrival time - required time)
  Source:                 u_demo_interp_dac8_audio_pcm_common/gen_dual_rate_test_tone.u_dual_rate_test_tone_rom_source/rd_addr_reg_rep[3]/C
                            (rising edge-triggered cell FDRE clocked by u_dual_family_audio_clock/clk_44k1_raw  {rise@0.000ns fall@88.577ns period=177.154ns})
  Destination:            u_demo_interp_dac8_audio_pcm_common/gen_dual_rate_test_tone.u_dual_rate_test_tone_rom_source/rom_word_q_reg/ADDRARDADDR[7]
                            (rising edge-triggered cell RAMB18E1 clocked by u_dual_family_audio_clock/clk_44k1_raw  {rise@0.000ns fall@88.577ns period=177.154ns})
  Path Group:             u_dual_family_audio_clock/clk_44k1_raw
  Path Type:              Hold (Min at Fast Process Corner)
  Requirement:            0.000ns  (u_dual_family_audio_clock/clk_44k1_raw rise@0.000ns - u_dual_family_audio_clock/clk_44k1_raw rise@0.000ns)
  Data Path Delay:        0.321ns  (logic 0.164ns (51.118%)  route 0.157ns (48.882%))
  Logic Levels:           0  
  Clock Path Skew:        0.050ns (DCD - SCD - CPR)
    Destination Clock Delay (DCD):    3.717ns
    Source Clock Delay      (SCD):    2.837ns
    Clock Pessimism Removal (CPR):    0.831ns

    Location             Delay type                Incr(ns)  Path(ns)    Netlist Resource(s)
  -------------------------------------------------------------------    -------------------
                         (clock u_dual_family_audio_clock/clk_44k1_raw rise edge)
                                                      0.000     0.000 r  
    Y18                                               0.000     0.000 r  clk (IN)
                         net (fo=0)                   0.000     0.000    clk
    Y18                  IBUF (Prop_ibuf_I_O)         0.264     0.264 r  u_ibuf_sys_clk/O
                         net (fo=1, routed)           0.634     0.898    clk_ibuf
    BUFGCTRL_X0Y0        BUFG (Prop_bufg_I_O)         0.026     0.924 r  u_bufg_sys_clk/O
                         net (fo=58, routed)          0.629     1.553    clk_sys_bufg
    MMCME2_ADV_X0Y2      MMCME2_ADV (Prop_mmcme2_adv_CLKIN1_CLKOUT0)
                                                      0.050     1.603 r  u_dual_family_audio_clock/u_mmcm_44k1/CLKOUT0
                         net (fo=1, routed)           0.656     2.259    u_dual_family_audio_clock/clk_44k1_raw
    BUFGCTRL_X0Y16       BUFGCTRL (Prop_bufgctrl_I0_O)
                                                      0.026     2.285 r  u_dual_family_audio_clock/u_bufgmux_audio_family/O
                         net (fo=342, routed)         0.552     2.837    clk_audio_128x
    SLICE_X8Y72          FDRE                                         r  u_demo_interp_dac8_audio_pcm_common/gen_dual_rate_test_tone.u_dual_rate_test_tone_rom_source/rd_addr_reg_rep[3]/C
  -------------------------------------------------------------------    -------------------
    SLICE_X8Y72          FDRE (Prop_fdre_C_Q)         0.164     3.001 r  u_demo_interp_dac8_audio_pcm_common/gen_dual_rate_test_tone.u_dual_rate_test_tone_rom_source/rd_addr_reg_rep[3]/Q
                         net (fo=2, routed)           0.157     3.158    u_demo_interp_dac8_audio_pcm_common/gen_dual_rate_test_tone.u_dual_rate_test_tone_rom_source/rd_addr_reg_rep_n_0_[3]
    RAMB18_X0Y29         RAMB18E1                                     r  u_demo_interp_dac8_audio_pcm_common/gen_dual_rate_test_tone.u_dual_rate_test_tone_rom_source/rom_word_q_reg/ADDRARDADDR[7]
  -------------------------------------------------------------------    -------------------

                         (clock u_dual_family_audio_clock/clk_44k1_raw rise edge)
                                                      0.000     0.000 r  
    Y18                                               0.000     0.000 r  clk (IN)
                         net (fo=0)                   0.000     0.000    clk
    Y18                  IBUF (Prop_ibuf_I_O)         0.452     0.452 r  u_ibuf_sys_clk/O
                         net (fo=1, routed)           0.689     1.140    clk_ibuf
    BUFGCTRL_X0Y0        BUFG (Prop_bufg_I_O)         0.029     1.169 r  u_bufg_sys_clk/O
                         net (fo=58, routed)          0.901     2.070    clk_sys_bufg
    MMCME2_ADV_X0Y2      MMCME2_ADV (Prop_mmcme2_adv_CLKIN1_CLKOUT0)
                                                      0.053     2.123 r  u_dual_family_audio_clock/u_mmcm_44k1/CLKOUT0
                         net (fo=1, routed)           0.710     2.833    u_dual_family_audio_clock/clk_44k1_raw
    BUFGCTRL_X0Y16       BUFGCTRL (Prop_bufgctrl_I0_O)
                                                      0.029     2.862 r  u_dual_family_audio_clock/u_bufgmux_audio_family/O
                         net (fo=342, routed)         0.855     3.717    clk_audio_128x
    RAMB18_X0Y29         RAMB18E1                                     r  u_demo_interp_dac8_audio_pcm_common/gen_dual_rate_test_tone.u_dual_rate_test_tone_rom_source/rom_word_q_reg/CLKARDCLK
                         clock pessimism             -0.831     2.887    
    RAMB18_X0Y29         RAMB18E1 (Hold_ramb18e1_CLKARDCLK_ADDRARDADDR[7])
                                                      0.183     3.070    u_demo_interp_dac8_audio_pcm_common/gen_dual_rate_test_tone.u_dual_rate_test_tone_rom_source/rom_word_q_reg
  -------------------------------------------------------------------
                         required time                         -3.070    
                         arrival time                           3.158    
  -------------------------------------------------------------------
                         slack                                  0.088    

Slack (MET) :             0.097ns  (arrival time - required time)
  Source:                 u_demo_interp_dac8_audio_pcm_common/gen_phase7_folded.u_interp128_all2x_v7_folded_fir_cic_top_ce/gen_single_bram_stage1.u_interp2_stage1_strict_halfband_bram_ce/wr_ptr_reg[0]/C
                            (rising edge-triggered cell FDRE clocked by u_dual_family_audio_clock/clk_44k1_raw  {rise@0.000ns fall@88.577ns period=177.154ns})
  Destination:            u_demo_interp_dac8_audio_pcm_common/gen_phase7_folded.u_interp128_all2x_v7_folded_fir_cic_top_ce/gen_single_bram_stage1.u_interp2_stage1_strict_halfband_bram_ce/u_nf_stage1_history_ramb18_sdp/gen_primitive.u_stage1_history_ramb18e1/ADDRBWRADDR[5]
                            (rising edge-triggered cell RAMB18E1 clocked by u_dual_family_audio_clock/clk_44k1_raw  {rise@0.000ns fall@88.577ns period=177.154ns})
  Path Group:             u_dual_family_audio_clock/clk_44k1_raw
  Path Type:              Hold (Min at Fast Process Corner)
  Requirement:            0.000ns  (u_dual_family_audio_clock/clk_44k1_raw rise@0.000ns - u_dual_family_audio_clock/clk_44k1_raw rise@0.000ns)
  Data Path Delay:        0.330ns  (logic 0.164ns (49.705%)  route 0.166ns (50.295%))
  Logic Levels:           0  
  Clock Path Skew:        0.050ns (DCD - SCD - CPR)
    Destination Clock Delay (DCD):    3.717ns
    Source Clock Delay      (SCD):    2.837ns
    Clock Pessimism Removal (CPR):    0.831ns

    Location             Delay type                Incr(ns)  Path(ns)    Netlist Resource(s)
  -------------------------------------------------------------------    -------------------
                         (clock u_dual_family_audio_clock/clk_44k1_raw rise edge)
                                                      0.000     0.000 r  
    Y18                                               0.000     0.000 r  clk (IN)
                         net (fo=0)                   0.000     0.000    clk
    Y18                  IBUF (Prop_ibuf_I_O)         0.264     0.264 r  u_ibuf_sys_clk/O
                         net (fo=1, routed)           0.634     0.898    clk_ibuf
    BUFGCTRL_X0Y0        BUFG (Prop_bufg_I_O)         0.026     0.924 r  u_bufg_sys_clk/O
                         net (fo=58, routed)          0.629     1.553    clk_sys_bufg
    MMCME2_ADV_X0Y2      MMCME2_ADV (Prop_mmcme2_adv_CLKIN1_CLKOUT0)
                                                      0.050     1.603 r  u_dual_family_audio_clock/u_mmcm_44k1/CLKOUT0
                         net (fo=1, routed)           0.656     2.259    u_dual_family_audio_clock/clk_44k1_raw
    BUFGCTRL_X0Y16       BUFGCTRL (Prop_bufgctrl_I0_O)
                                                      0.026     2.285 r  u_dual_family_audio_clock/u_bufgmux_audio_family/O
                         net (fo=342, routed)         0.552     2.837    clk_audio_128x
    SLICE_X8Y77          FDRE                                         r  u_demo_interp_dac8_audio_pcm_common/gen_phase7_folded.u_interp128_all2x_v7_folded_fir_cic_top_ce/gen_single_bram_stage1.u_interp2_stage1_strict_halfband_bram_ce/wr_ptr_reg[0]/C
  -------------------------------------------------------------------    -------------------
    SLICE_X8Y77          FDRE (Prop_fdre_C_Q)         0.164     3.001 r  u_demo_interp_dac8_audio_pcm_common/gen_phase7_folded.u_interp128_all2x_v7_folded_fir_cic_top_ce/gen_single_bram_stage1.u_interp2_stage1_strict_halfband_bram_ce/wr_ptr_reg[0]/Q
                         net (fo=6, routed)           0.166     3.167    u_demo_interp_dac8_audio_pcm_common/gen_phase7_folded.u_interp128_all2x_v7_folded_fir_cic_top_ce/gen_single_bram_stage1.u_interp2_stage1_strict_halfband_bram_ce/wr_ptr_reg[0]
    RAMB18_X0Y31         RAMB18E1                                     r  u_demo_interp_dac8_audio_pcm_common/gen_phase7_folded.u_interp128_all2x_v7_folded_fir_cic_top_ce/gen_single_bram_stage1.u_interp2_stage1_strict_halfband_bram_ce/u_nf_stage1_history_ramb18_sdp/gen_primitive.u_stage1_history_ramb18e1/ADDRBWRADDR[5]
  -------------------------------------------------------------------    -------------------

                         (clock u_dual_family_audio_clock/clk_44k1_raw rise edge)
                                                      0.000     0.000 r  
    Y18                                               0.000     0.000 r  clk (IN)
                         net (fo=0)                   0.000     0.000    clk
    Y18                  IBUF (Prop_ibuf_I_O)         0.452     0.452 r  u_ibuf_sys_clk/O
                         net (fo=1, routed)           0.689     1.140    clk_ibuf
    BUFGCTRL_X0Y0        BUFG (Prop_bufg_I_O)         0.029     1.169 r  u_bufg_sys_clk/O
                         net (fo=58, routed)          0.901     2.070    clk_sys_bufg
    MMCME2_ADV_X0Y2      MMCME2_ADV (Prop_mmcme2_adv_CLKIN1_CLKOUT0)
                                                      0.053     2.123 r  u_dual_family_audio_clock/u_mmcm_44k1/CLKOUT0
                         net (fo=1, routed)           0.710     2.833    u_dual_family_audio_clock/clk_44k1_raw
    BUFGCTRL_X0Y16       BUFGCTRL (Prop_bufgctrl_I0_O)
                                                      0.029     2.862 r  u_dual_family_audio_clock/u_bufgmux_audio_family/O
                         net (fo=342, routed)         0.855     3.717    clk_audio_128x
    RAMB18_X0Y31         RAMB18E1                                     r  u_demo_interp_dac8_audio_pcm_common/gen_phase7_folded.u_interp128_all2x_v7_folded_fir_cic_top_ce/gen_single_bram_stage1.u_interp2_stage1_strict_halfband_bram_ce/u_nf_stage1_history_ramb18_sdp/gen_primitive.u_stage1_history_ramb18e1/CLKBWRCLK
                         clock pessimism             -0.831     2.887    
    RAMB18_X0Y31         RAMB18E1 (Hold_ramb18e1_CLKBWRCLK_ADDRBWRADDR[5])
                                                      0.183     3.070    u_demo_interp_dac8_audio_pcm_common/gen_phase7_folded.u_interp128_all2x_v7_folded_fir_cic_top_ce/gen_single_bram_stage1.u_interp2_stage1_strict_halfband_bram_ce/u_nf_stage1_history_ramb18_sdp/gen_primitive.u_stage1_history_ramb18e1
  -------------------------------------------------------------------
                         required time                         -3.070    
                         arrival time                           3.167    
  -------------------------------------------------------------------
                         slack                                  0.097    

Slack (MET) :             0.121ns  (arrival time - required time)
  Source:                 u_demo_interp_dac8_audio_pcm_common/gen_dual_rate_test_tone.u_dual_rate_test_tone_rom_source/rd_addr_reg_rep[4]/C
                            (rising edge-triggered cell FDSE clocked by u_dual_family_audio_clock/clk_44k1_raw  {rise@0.000ns fall@88.577ns period=177.154ns})
  Destination:            u_demo_interp_dac8_audio_pcm_common/gen_dual_rate_test_tone.u_dual_rate_test_tone_rom_source/rom_word_q_reg/ADDRARDADDR[8]
                            (rising edge-triggered cell RAMB18E1 clocked by u_dual_family_audio_clock/clk_44k1_raw  {rise@0.000ns fall@88.577ns period=177.154ns})
  Path Group:             u_dual_family_audio_clock/clk_44k1_raw
  Path Type:              Hold (Min at Fast Process Corner)
  Requirement:            0.000ns  (u_dual_family_audio_clock/clk_44k1_raw rise@0.000ns - u_dual_family_audio_clock/clk_44k1_raw rise@0.000ns)
  Data Path Delay:        0.354ns  (logic 0.141ns (39.815%)  route 0.213ns (60.185%))
  Logic Levels:           0  
  Clock Path Skew:        0.050ns (DCD - SCD - CPR)
    Destination Clock Delay (DCD):    3.717ns
    Source Clock Delay      (SCD):    2.837ns
    Clock Pessimism Removal (CPR):    0.831ns

    Location             Delay type                Incr(ns)  Path(ns)    Netlist Resource(s)
  -------------------------------------------------------------------    -------------------
                         (clock u_dual_family_audio_clock/clk_44k1_raw rise edge)
                                                      0.000     0.000 r  
    Y18                                               0.000     0.000 r  clk (IN)
                         net (fo=0)                   0.000     0.000    clk
    Y18                  IBUF (Prop_ibuf_I_O)         0.264     0.264 r  u_ibuf_sys_clk/O
                         net (fo=1, routed)           0.634     0.898    clk_ibuf
    BUFGCTRL_X0Y0        BUFG (Prop_bufg_I_O)         0.026     0.924 r  u_bufg_sys_clk/O
                         net (fo=58, routed)          0.629     1.553    clk_sys_bufg
    MMCME2_ADV_X0Y2      MMCME2_ADV (Prop_mmcme2_adv_CLKIN1_CLKOUT0)
                                                      0.050     1.603 r  u_dual_family_audio_clock/u_mmcm_44k1/CLKOUT0
                         net (fo=1, routed)           0.656     2.259    u_dual_family_audio_clock/clk_44k1_raw
    BUFGCTRL_X0Y16       BUFGCTRL (Prop_bufgctrl_I0_O)
                                                      0.026     2.285 r  u_dual_family_audio_clock/u_bufgmux_audio_family/O
                         net (fo=342, routed)         0.552     2.837    clk_audio_128x
    SLICE_X9Y71          FDSE                                         r  u_demo_interp_dac8_audio_pcm_common/gen_dual_rate_test_tone.u_dual_rate_test_tone_rom_source/rd_addr_reg_rep[4]/C
  -------------------------------------------------------------------    -------------------
    SLICE_X9Y71          FDSE (Prop_fdse_C_Q)         0.141     2.978 r  u_demo_interp_dac8_audio_pcm_common/gen_dual_rate_test_tone.u_dual_rate_test_tone_rom_source/rd_addr_reg_rep[4]/Q
                         net (fo=2, routed)           0.213     3.191    u_demo_interp_dac8_audio_pcm_common/gen_dual_rate_test_tone.u_dual_rate_test_tone_rom_source/rd_addr_reg_rep_n_0_[4]
    RAMB18_X0Y29         RAMB18E1                                     r  u_demo_interp_dac8_audio_pcm_common/gen_dual_rate_test_tone.u_dual_rate_test_tone_rom_source/rom_word_q_reg/ADDRARDADDR[8]
  -------------------------------------------------------------------    -------------------

                         (clock u_dual_family_audio_clock/clk_44k1_raw rise edge)
                                                      0.000     0.000 r  
    Y18                                               0.000     0.000 r  clk (IN)
                         net (fo=0)                   0.000     0.000    clk
    Y18                  IBUF (Prop_ibuf_I_O)         0.452     0.452 r  u_ibuf_sys_clk/O
                         net (fo=1, routed)           0.689     1.140    clk_ibuf
    BUFGCTRL_X0Y0        BUFG (Prop_bufg_I_O)         0.029     1.169 r  u_bufg_sys_clk/O
                         net (fo=58, routed)          0.901     2.070    clk_sys_bufg
    MMCME2_ADV_X0Y2      MMCME2_ADV (Prop_mmcme2_adv_CLKIN1_CLKOUT0)
                                                      0.053     2.123 r  u_dual_family_audio_clock/u_mmcm_44k1/CLKOUT0
                         net (fo=1, routed)           0.710     2.833    u_dual_family_audio_clock/clk_44k1_raw
    BUFGCTRL_X0Y16       BUFGCTRL (Prop_bufgctrl_I0_O)
                                                      0.029     2.862 r  u_dual_family_audio_clock/u_bufgmux_audio_family/O
                         net (fo=342, routed)         0.855     3.717    clk_audio_128x
    RAMB18_X0Y29         RAMB18E1                                     r  u_demo_interp_dac8_audio_pcm_common/gen_dual_rate_test_tone.u_dual_rate_test_tone_rom_source/rom_word_q_reg/CLKARDCLK
                         clock pessimism             -0.831     2.887    
    RAMB18_X0Y29         RAMB18E1 (Hold_ramb18e1_CLKARDCLK_ADDRARDADDR[8])
                                                      0.183     3.070    u_demo_interp_dac8_audio_pcm_common/gen_dual_rate_test_tone.u_dual_rate_test_tone_rom_source/rom_word_q_reg
  -------------------------------------------------------------------
                         required time                         -3.070    
                         arrival time                           3.191    
  -------------------------------------------------------------------
                         slack                                  0.121    

Slack (MET) :             0.130ns  (arrival time - required time)
  Source:                 rst_request_sync_reg[0]/C
                            (rising edge-triggered cell FDRE clocked by u_dual_family_audio_clock/clk_44k1_raw  {rise@0.000ns fall@88.577ns period=177.154ns})
  Destination:            rst_request_sync_reg[1]/D
                            (rising edge-triggered cell FDRE clocked by u_dual_family_audio_clock/clk_44k1_raw  {rise@0.000ns fall@88.577ns period=177.154ns})
  Path Group:             u_dual_family_audio_clock/clk_44k1_raw
  Path Type:              Hold (Min at Fast Process Corner)
  Requirement:            0.000ns  (u_dual_family_audio_clock/clk_44k1_raw rise@0.000ns - u_dual_family_audio_clock/clk_44k1_raw rise@0.000ns)
  Data Path Delay:        0.205ns  (logic 0.141ns (68.843%)  route 0.064ns (31.157%))
  Logic Levels:           0  
  Clock Path Skew:        0.000ns (DCD - SCD - CPR)
    Destination Clock Delay (DCD):    3.710ns
    Source Clock Delay      (SCD):    2.864ns
    Clock Pessimism Removal (CPR):    0.846ns

    Location             Delay type                Incr(ns)  Path(ns)    Netlist Resource(s)
  -------------------------------------------------------------------    -------------------
                         (clock u_dual_family_audio_clock/clk_44k1_raw rise edge)
                                                      0.000     0.000 r  
    Y18                                               0.000     0.000 r  clk (IN)
                         net (fo=0)                   0.000     0.000    clk
    Y18                  IBUF (Prop_ibuf_I_O)         0.264     0.264 r  u_ibuf_sys_clk/O
                         net (fo=1, routed)           0.634     0.898    clk_ibuf
    BUFGCTRL_X0Y0        BUFG (Prop_bufg_I_O)         0.026     0.924 r  u_bufg_sys_clk/O
                         net (fo=58, routed)          0.629     1.553    clk_sys_bufg
    MMCME2_ADV_X0Y2      MMCME2_ADV (Prop_mmcme2_adv_CLKIN1_CLKOUT0)
                                                      0.050     1.603 r  u_dual_family_audio_clock/u_mmcm_44k1/CLKOUT0
                         net (fo=1, routed)           0.656     2.259    u_dual_family_audio_clock/clk_44k1_raw
    BUFGCTRL_X0Y16       BUFGCTRL (Prop_bufgctrl_I0_O)
                                                      0.026     2.285 r  u_dual_family_audio_clock/u_bufgmux_audio_family/O
                         net (fo=342, routed)         0.579     2.864    clk_audio_128x
    SLICE_X4Y78          FDRE                                         r  rst_request_sync_reg[0]/C
  -------------------------------------------------------------------    -------------------
    SLICE_X4Y78          FDRE (Prop_fdre_C_Q)         0.141     3.005 r  rst_request_sync_reg[0]/Q
                         net (fo=1, routed)           0.064     3.069    rst_request_sync[0]
    SLICE_X4Y78          FDRE                                         r  rst_request_sync_reg[1]/D
  -------------------------------------------------------------------    -------------------

                         (clock u_dual_family_audio_clock/clk_44k1_raw rise edge)
                                                      0.000     0.000 r  
    Y18                                               0.000     0.000 r  clk (IN)
                         net (fo=0)                   0.000     0.000    clk
    Y18                  IBUF (Prop_ibuf_I_O)         0.452     0.452 r  u_ibuf_sys_clk/O
                         net (fo=1, routed)           0.689     1.140    clk_ibuf
    BUFGCTRL_X0Y0        BUFG (Prop_bufg_I_O)         0.029     1.169 r  u_bufg_sys_clk/O
                         net (fo=58, routed)          0.901     2.070    clk_sys_bufg
    MMCME2_ADV_X0Y2      MMCME2_ADV (Prop_mmcme2_adv_CLKIN1_CLKOUT0)
                                                      0.053     2.123 r  u_dual_family_audio_clock/u_mmcm_44k1/CLKOUT0
                         net (fo=1, routed)           0.710     2.833    u_dual_family_audio_clock/clk_44k1_raw
    BUFGCTRL_X0Y16       BUFGCTRL (Prop_bufgctrl_I0_O)
                                                      0.029     2.862 r  u_dual_family_audio_clock/u_bufgmux_audio_family/O
                         net (fo=342, routed)         0.848     3.710    clk_audio_128x
    SLICE_X4Y78          FDRE                                         r  rst_request_sync_reg[1]/C
                         clock pessimism             -0.846     2.864    
    SLICE_X4Y78          FDRE (Hold_fdre_C_D)         0.075     2.939    rst_request_sync_reg[1]
  -------------------------------------------------------------------
                         required time                         -2.939    
                         arrival time                           3.069    
  -------------------------------------------------------------------
                         slack                                  0.130    

Slack (MET) :             0.137ns  (arrival time - required time)
  Source:                 u_demo_interp_dac8_audio_pcm_common/gen_dual_rate_test_tone.u_dual_rate_test_tone_rom_source/rd_addr_reg_rep[6]/C
                            (rising edge-triggered cell FDRE clocked by u_dual_family_audio_clock/clk_44k1_raw  {rise@0.000ns fall@88.577ns period=177.154ns})
  Destination:            u_demo_interp_dac8_audio_pcm_common/gen_dual_rate_test_tone.u_dual_rate_test_tone_rom_source/rom_word_q_reg/ADDRBWRADDR[10]
                            (rising edge-triggered cell RAMB18E1 clocked by u_dual_family_audio_clock/clk_44k1_raw  {rise@0.000ns fall@88.577ns period=177.154ns})
  Path Group:             u_dual_family_audio_clock/clk_44k1_raw
  Path Type:              Hold (Min at Fast Process Corner)
  Requirement:            0.000ns  (u_dual_family_audio_clock/clk_44k1_raw rise@0.000ns - u_dual_family_audio_clock/clk_44k1_raw rise@0.000ns)
  Data Path Delay:        0.376ns  (logic 0.164ns (43.668%)  route 0.212ns (56.332%))
  Logic Levels:           0  
  Clock Path Skew:        0.056ns (DCD - SCD - CPR)
    Destination Clock Delay (DCD):    3.720ns
    Source Clock Delay      (SCD):    2.834ns
    Clock Pessimism Removal (CPR):    0.831ns

    Location             Delay type                Incr(ns)  Path(ns)    Netlist Resource(s)
  -------------------------------------------------------------------    -------------------
                         (clock u_dual_family_audio_clock/clk_44k1_raw rise edge)
                                                      0.000     0.000 r  
    Y18                                               0.000     0.000 r  clk (IN)
                         net (fo=0)                   0.000     0.000    clk
    Y18                  IBUF (Prop_ibuf_I_O)         0.264     0.264 r  u_ibuf_sys_clk/O
                         net (fo=1, routed)           0.634     0.898    clk_ibuf
    BUFGCTRL_X0Y0        BUFG (Prop_bufg_I_O)         0.026     0.924 r  u_bufg_sys_clk/O
                         net (fo=58, routed)          0.629     1.553    clk_sys_bufg
    MMCME2_ADV_X0Y2      MMCME2_ADV (Prop_mmcme2_adv_CLKIN1_CLKOUT0)
                                                      0.050     1.603 r  u_dual_family_audio_clock/u_mmcm_44k1/CLKOUT0
                         net (fo=1, routed)           0.656     2.259    u_dual_family_audio_clock/clk_44k1_raw
    BUFGCTRL_X0Y16       BUFGCTRL (Prop_bufgctrl_I0_O)
                                                      0.026     2.285 r  u_dual_family_audio_clock/u_bufgmux_audio_family/O
                         net (fo=342, routed)         0.549     2.834    clk_audio_128x
    SLICE_X8Y74          FDRE                                         r  u_demo_interp_dac8_audio_pcm_common/gen_dual_rate_test_tone.u_dual_rate_test_tone_rom_source/rd_addr_reg_rep[6]/C
  -------------------------------------------------------------------    -------------------
    SLICE_X8Y74          FDRE (Prop_fdre_C_Q)         0.164     2.998 r  u_demo_interp_dac8_audio_pcm_common/gen_dual_rate_test_tone.u_dual_rate_test_tone_rom_source/rd_addr_reg_rep[6]/Q
                         net (fo=2, routed)           0.212     3.209    u_demo_interp_dac8_audio_pcm_common/gen_dual_rate_test_tone.u_dual_rate_test_tone_rom_source/rd_addr_reg_rep_n_0_[6]
    RAMB18_X0Y29         RAMB18E1                                     r  u_demo_interp_dac8_audio_pcm_common/gen_dual_rate_test_tone.u_dual_rate_test_tone_rom_source/rom_word_q_reg/ADDRBWRADDR[10]
  -------------------------------------------------------------------    -------------------

                         (clock u_dual_family_audio_clock/clk_44k1_raw rise edge)
                                                      0.000     0.000 r  
    Y18                                               0.000     0.000 r  clk (IN)
                         net (fo=0)                   0.000     0.000    clk
    Y18                  IBUF (Prop_ibuf_I_O)         0.452     0.452 r  u_ibuf_sys_clk/O
                         net (fo=1, routed)           0.689     1.140    clk_ibuf
    BUFGCTRL_X0Y0        BUFG (Prop_bufg_I_O)         0.029     1.169 r  u_bufg_sys_clk/O
                         net (fo=58, routed)          0.901     2.070    clk_sys_bufg
    MMCME2_ADV_X0Y2      MMCME2_ADV (Prop_mmcme2_adv_CLKIN1_CLKOUT0)
                                                      0.053     2.123 r  u_dual_family_audio_clock/u_mmcm_44k1/CLKOUT0
                         net (fo=1, routed)           0.710     2.833    u_dual_family_audio_clock/clk_44k1_raw
    BUFGCTRL_X0Y16       BUFGCTRL (Prop_bufgctrl_I0_O)
                                                      0.029     2.862 r  u_dual_family_audio_clock/u_bufgmux_audio_family/O
                         net (fo=342, routed)         0.858     3.720    clk_audio_128x
    RAMB18_X0Y29         RAMB18E1                                     r  u_demo_interp_dac8_audio_pcm_common/gen_dual_rate_test_tone.u_dual_rate_test_tone_rom_source/rom_word_q_reg/CLKBWRCLK
                         clock pessimism             -0.831     2.890    
    RAMB18_X0Y29         RAMB18E1 (Hold_ramb18e1_CLKBWRCLK_ADDRBWRADDR[10])
                                                      0.183     3.073    u_demo_interp_dac8_audio_pcm_common/gen_dual_rate_test_tone.u_dual_rate_test_tone_rom_source/rom_word_q_reg
  -------------------------------------------------------------------
                         required time                         -3.073    
                         arrival time                           3.209    
  -------------------------------------------------------------------
                         slack                                  0.137    

Slack (MET) :             0.138ns  (arrival time - required time)
  Source:                 u_demo_interp_dac8_audio_pcm_common/gen_dual_rate_test_tone.u_dual_rate_test_tone_rom_source/rd_addr_reg_rep[2]/C
                            (rising edge-triggered cell FDRE clocked by u_dual_family_audio_clock/clk_44k1_raw  {rise@0.000ns fall@88.577ns period=177.154ns})
  Destination:            u_demo_interp_dac8_audio_pcm_common/gen_dual_rate_test_tone.u_dual_rate_test_tone_rom_source/rom_word_q_reg/ADDRARDADDR[6]
                            (rising edge-triggered cell RAMB18E1 clocked by u_dual_family_audio_clock/clk_44k1_raw  {rise@0.000ns fall@88.577ns period=177.154ns})
  Path Group:             u_dual_family_audio_clock/clk_44k1_raw
  Path Type:              Hold (Min at Fast Process Corner)
  Requirement:            0.000ns  (u_dual_family_audio_clock/clk_44k1_raw rise@0.000ns - u_dual_family_audio_clock/clk_44k1_raw rise@0.000ns)
  Data Path Delay:        0.370ns  (logic 0.164ns (44.296%)  route 0.206ns (55.704%))
  Logic Levels:           0  
  Clock Path Skew:        0.050ns (DCD - SCD - CPR)
    Destination Clock Delay (DCD):    3.717ns
    Source Clock Delay      (SCD):    2.837ns
    Clock Pessimism Removal (CPR):    0.831ns

    Location             Delay type                Incr(ns)  Path(ns)    Netlist Resource(s)
  -------------------------------------------------------------------    -------------------
                         (clock u_dual_family_audio_clock/clk_44k1_raw rise edge)
                                                      0.000     0.000 r  
    Y18                                               0.000     0.000 r  clk (IN)
                         net (fo=0)                   0.000     0.000    clk
    Y18                  IBUF (Prop_ibuf_I_O)         0.264     0.264 r  u_ibuf_sys_clk/O
                         net (fo=1, routed)           0.634     0.898    clk_ibuf
    BUFGCTRL_X0Y0        BUFG (Prop_bufg_I_O)         0.026     0.924 r  u_bufg_sys_clk/O
                         net (fo=58, routed)          0.629     1.553    clk_sys_bufg
    MMCME2_ADV_X0Y2      MMCME2_ADV (Prop_mmcme2_adv_CLKIN1_CLKOUT0)
                                                      0.050     1.603 r  u_dual_family_audio_clock/u_mmcm_44k1/CLKOUT0
                         net (fo=1, routed)           0.656     2.259    u_dual_family_audio_clock/clk_44k1_raw
    BUFGCTRL_X0Y16       BUFGCTRL (Prop_bufgctrl_I0_O)
                                                      0.026     2.285 r  u_dual_family_audio_clock/u_bufgmux_audio_family/O
                         net (fo=342, routed)         0.552     2.837    clk_audio_128x
    SLICE_X8Y72          FDRE                                         r  u_demo_interp_dac8_audio_pcm_common/gen_dual_rate_test_tone.u_dual_rate_test_tone_rom_source/rd_addr_reg_rep[2]/C
  -------------------------------------------------------------------    -------------------
    SLICE_X8Y72          FDRE (Prop_fdre_C_Q)         0.164     3.001 r  u_demo_interp_dac8_audio_pcm_common/gen_dual_rate_test_tone.u_dual_rate_test_tone_rom_source/rd_addr_reg_rep[2]/Q
                         net (fo=2, routed)           0.206     3.207    u_demo_interp_dac8_audio_pcm_common/gen_dual_rate_test_tone.u_dual_rate_test_tone_rom_source/rd_addr_reg_rep_n_0_[2]
    RAMB18_X0Y29         RAMB18E1                                     r  u_demo_interp_dac8_audio_pcm_common/gen_dual_rate_test_tone.u_dual_rate_test_tone_rom_source/rom_word_q_reg/ADDRARDADDR[6]
  -------------------------------------------------------------------    -------------------

                         (clock u_dual_family_audio_clock/clk_44k1_raw rise edge)
                                                      0.000     0.000 r  
    Y18                                               0.000     0.000 r  clk (IN)
                         net (fo=0)                   0.000     0.000    clk
    Y18                  IBUF (Prop_ibuf_I_O)         0.452     0.452 r  u_ibuf_sys_clk/O
                         net (fo=1, routed)           0.689     1.140    clk_ibuf
    BUFGCTRL_X0Y0        BUFG (Prop_bufg_I_O)         0.029     1.169 r  u_bufg_sys_clk/O
                         net (fo=58, routed)          0.901     2.070    clk_sys_bufg
    MMCME2_ADV_X0Y2      MMCME2_ADV (Prop_mmcme2_adv_CLKIN1_CLKOUT0)
                                                      0.053     2.123 r  u_dual_family_audio_clock/u_mmcm_44k1/CLKOUT0
                         net (fo=1, routed)           0.710     2.833    u_dual_family_audio_clock/clk_44k1_raw
    BUFGCTRL_X0Y16       BUFGCTRL (Prop_bufgctrl_I0_O)
                                                      0.029     2.862 r  u_dual_family_audio_clock/u_bufgmux_audio_family/O
                         net (fo=342, routed)         0.855     3.717    clk_audio_128x
    RAMB18_X0Y29         RAMB18E1                                     r  u_demo_interp_dac8_audio_pcm_common/gen_dual_rate_test_tone.u_dual_rate_test_tone_rom_source/rom_word_q_reg/CLKARDCLK
                         clock pessimism             -0.831     2.887    
    RAMB18_X0Y29         RAMB18E1 (Hold_ramb18e1_CLKARDCLK_ADDRARDADDR[6])
                                                      0.183     3.070    u_demo_interp_dac8_audio_pcm_common/gen_dual_rate_test_tone.u_dual_rate_test_tone_rom_source/rom_word_q_reg
  -------------------------------------------------------------------
                         required time                         -3.070    
                         arrival time                           3.207    
  -------------------------------------------------------------------
                         slack                                  0.138    

Slack (MET) :             0.139ns  (arrival time - required time)
  Source:                 u_demo_interp_dac8_audio_pcm_common/gen_dual_rate_test_tone.u_dual_rate_test_tone_rom_source/rd_addr_reg_rep[3]/C
                            (rising edge-triggered cell FDRE clocked by u_dual_family_audio_clock/clk_44k1_raw  {rise@0.000ns fall@88.577ns period=177.154ns})
  Destination:            u_demo_interp_dac8_audio_pcm_common/gen_dual_rate_test_tone.u_dual_rate_test_tone_rom_source/rom_word_q_reg/ADDRBWRADDR[7]
                            (rising edge-triggered cell RAMB18E1 clocked by u_dual_family_audio_clock/clk_44k1_raw  {rise@0.000ns fall@88.577ns period=177.154ns})
  Path Group:             u_dual_family_audio_clock/clk_44k1_raw
  Path Type:              Hold (Min at Fast Process Corner)
  Requirement:            0.000ns  (u_dual_family_audio_clock/clk_44k1_raw rise@0.000ns - u_dual_family_audio_clock/clk_44k1_raw rise@0.000ns)
  Data Path Delay:        0.375ns  (logic 0.164ns (43.727%)  route 0.211ns (56.273%))
  Logic Levels:           0  
  Clock Path Skew:        0.053ns (DCD - SCD - CPR)
    Destination Clock Delay (DCD):    3.720ns
    Source Clock Delay      (SCD):    2.837ns
    Clock Pessimism Removal (CPR):    0.831ns

    Location             Delay type                Incr(ns)  Path(ns)    Netlist Resource(s)
  -------------------------------------------------------------------    -------------------
                         (clock u_dual_family_audio_clock/clk_44k1_raw rise edge)
                                                      0.000     0.000 r  
    Y18                                               0.000     0.000 r  clk (IN)
                         net (fo=0)                   0.000     0.000    clk
    Y18                  IBUF (Prop_ibuf_I_O)         0.264     0.264 r  u_ibuf_sys_clk/O
                         net (fo=1, routed)           0.634     0.898    clk_ibuf
    BUFGCTRL_X0Y0        BUFG (Prop_bufg_I_O)         0.026     0.924 r  u_bufg_sys_clk/O
                         net (fo=58, routed)          0.629     1.553    clk_sys_bufg
    MMCME2_ADV_X0Y2      MMCME2_ADV (Prop_mmcme2_adv_CLKIN1_CLKOUT0)
                                                      0.050     1.603 r  u_dual_family_audio_clock/u_mmcm_44k1/CLKOUT0
                         net (fo=1, routed)           0.656     2.259    u_dual_family_audio_clock/clk_44k1_raw
    BUFGCTRL_X0Y16       BUFGCTRL (Prop_bufgctrl_I0_O)
                                                      0.026     2.285 r  u_dual_family_audio_clock/u_bufgmux_audio_family/O
                         net (fo=342, routed)         0.552     2.837    clk_audio_128x
    SLICE_X8Y72          FDRE                                         r  u_demo_interp_dac8_audio_pcm_common/gen_dual_rate_test_tone.u_dual_rate_test_tone_rom_source/rd_addr_reg_rep[3]/C
  -------------------------------------------------------------------    -------------------
    SLICE_X8Y72          FDRE (Prop_fdre_C_Q)         0.164     3.001 r  u_demo_interp_dac8_audio_pcm_common/gen_dual_rate_test_tone.u_dual_rate_test_tone_rom_source/rd_addr_reg_rep[3]/Q
                         net (fo=2, routed)           0.211     3.212    u_demo_interp_dac8_audio_pcm_common/gen_dual_rate_test_tone.u_dual_rate_test_tone_rom_source/rd_addr_reg_rep_n_0_[3]
    RAMB18_X0Y29         RAMB18E1                                     r  u_demo_interp_dac8_audio_pcm_common/gen_dual_rate_test_tone.u_dual_rate_test_tone_rom_source/rom_word_q_reg/ADDRBWRADDR[7]
  -------------------------------------------------------------------    -------------------

                         (clock u_dual_family_audio_clock/clk_44k1_raw rise edge)
                                                      0.000     0.000 r  
    Y18                                               0.000     0.000 r  clk (IN)
                         net (fo=0)                   0.000     0.000    clk
    Y18                  IBUF (Prop_ibuf_I_O)         0.452     0.452 r  u_ibuf_sys_clk/O
                         net (fo=1, routed)           0.689     1.140    clk_ibuf
    BUFGCTRL_X0Y0        BUFG (Prop_bufg_I_O)         0.029     1.169 r  u_bufg_sys_clk/O
                         net (fo=58, routed)          0.901     2.070    clk_sys_bufg
    MMCME2_ADV_X0Y2      MMCME2_ADV (Prop_mmcme2_adv_CLKIN1_CLKOUT0)
                                                      0.053     2.123 r  u_dual_family_audio_clock/u_mmcm_44k1/CLKOUT0
                         net (fo=1, routed)           0.710     2.833    u_dual_family_audio_clock/clk_44k1_raw
    BUFGCTRL_X0Y16       BUFGCTRL (Prop_bufgctrl_I0_O)
                                                      0.029     2.862 r  u_dual_family_audio_clock/u_bufgmux_audio_family/O
                         net (fo=342, routed)         0.858     3.720    clk_audio_128x
    RAMB18_X0Y29         RAMB18E1                                     r  u_demo_interp_dac8_audio_pcm_common/gen_dual_rate_test_tone.u_dual_rate_test_tone_rom_source/rom_word_q_reg/CLKBWRCLK
                         clock pessimism             -0.831     2.890    
    RAMB18_X0Y29         RAMB18E1 (Hold_ramb18e1_CLKBWRCLK_ADDRBWRADDR[7])
                                                      0.183     3.073    u_demo_interp_dac8_audio_pcm_common/gen_dual_rate_test_tone.u_dual_rate_test_tone_rom_source/rom_word_q_reg
  -------------------------------------------------------------------
                         required time                         -3.073    
                         arrival time                           3.212    
  -------------------------------------------------------------------
                         slack                                  0.139    

Slack (MET) :             0.140ns  (arrival time - required time)
  Source:                 u_demo_interp_dac8_audio_pcm_common/gen_dual_rate_test_tone.u_dual_rate_test_tone_rom_source/rd_addr_reg_rep[5]/C
                            (rising edge-triggered cell FDRE clocked by u_dual_family_audio_clock/clk_44k1_raw  {rise@0.000ns fall@88.577ns period=177.154ns})
  Destination:            u_demo_interp_dac8_audio_pcm_common/gen_dual_rate_test_tone.u_dual_rate_test_tone_rom_source/rom_word_q_reg/ADDRBWRADDR[9]
                            (rising edge-triggered cell RAMB18E1 clocked by u_dual_family_audio_clock/clk_44k1_raw  {rise@0.000ns fall@88.577ns period=177.154ns})
  Path Group:             u_dual_family_audio_clock/clk_44k1_raw
  Path Type:              Hold (Min at Fast Process Corner)
  Requirement:            0.000ns  (u_dual_family_audio_clock/clk_44k1_raw rise@0.000ns - u_dual_family_audio_clock/clk_44k1_raw rise@0.000ns)
  Data Path Delay:        0.375ns  (logic 0.164ns (43.710%)  route 0.211ns (56.290%))
  Logic Levels:           0  
  Clock Path Skew:        0.053ns (DCD - SCD - CPR)
    Destination Clock Delay (DCD):    3.720ns
    Source Clock Delay      (SCD):    2.837ns
    Clock Pessimism Removal (CPR):    0.831ns

    Location             Delay type                Incr(ns)  Path(ns)    Netlist Resource(s)
  -------------------------------------------------------------------    -------------------
                         (clock u_dual_family_audio_clock/clk_44k1_raw rise edge)
                                                      0.000     0.000 r  
    Y18                                               0.000     0.000 r  clk (IN)
                         net (fo=0)                   0.000     0.000    clk
    Y18                  IBUF (Prop_ibuf_I_O)         0.264     0.264 r  u_ibuf_sys_clk/O
                         net (fo=1, routed)           0.634     0.898    clk_ibuf
    BUFGCTRL_X0Y0        BUFG (Prop_bufg_I_O)         0.026     0.924 r  u_bufg_sys_clk/O
                         net (fo=58, routed)          0.629     1.553    clk_sys_bufg
    MMCME2_ADV_X0Y2      MMCME2_ADV (Prop_mmcme2_adv_CLKIN1_CLKOUT0)
                                                      0.050     1.603 r  u_dual_family_audio_clock/u_mmcm_44k1/CLKOUT0
                         net (fo=1, routed)           0.656     2.259    u_dual_family_audio_clock/clk_44k1_raw
    BUFGCTRL_X0Y16       BUFGCTRL (Prop_bufgctrl_I0_O)
                                                      0.026     2.285 r  u_dual_family_audio_clock/u_bufgmux_audio_family/O
                         net (fo=342, routed)         0.552     2.837    clk_audio_128x
    SLICE_X8Y72          FDRE                                         r  u_demo_interp_dac8_audio_pcm_common/gen_dual_rate_test_tone.u_dual_rate_test_tone_rom_source/rd_addr_reg_rep[5]/C
  -------------------------------------------------------------------    -------------------
    SLICE_X8Y72          FDRE (Prop_fdre_C_Q)         0.164     3.001 r  u_demo_interp_dac8_audio_pcm_common/gen_dual_rate_test_tone.u_dual_rate_test_tone_rom_source/rd_addr_reg_rep[5]/Q
                         net (fo=2, routed)           0.211     3.212    u_demo_interp_dac8_audio_pcm_common/gen_dual_rate_test_tone.u_dual_rate_test_tone_rom_source/rd_addr_reg_rep_n_0_[5]
    RAMB18_X0Y29         RAMB18E1                                     r  u_demo_interp_dac8_audio_pcm_common/gen_dual_rate_test_tone.u_dual_rate_test_tone_rom_source/rom_word_q_reg/ADDRBWRADDR[9]
  -------------------------------------------------------------------    -------------------

                         (clock u_dual_family_audio_clock/clk_44k1_raw rise edge)
                                                      0.000     0.000 r  
    Y18                                               0.000     0.000 r  clk (IN)
                         net (fo=0)                   0.000     0.000    clk
    Y18                  IBUF (Prop_ibuf_I_O)         0.452     0.452 r  u_ibuf_sys_clk/O
                         net (fo=1, routed)           0.689     1.140    clk_ibuf
    BUFGCTRL_X0Y0        BUFG (Prop_bufg_I_O)         0.029     1.169 r  u_bufg_sys_clk/O
                         net (fo=58, routed)          0.901     2.070    clk_sys_bufg
    MMCME2_ADV_X0Y2      MMCME2_ADV (Prop_mmcme2_adv_CLKIN1_CLKOUT0)
                                                      0.053     2.123 r  u_dual_family_audio_clock/u_mmcm_44k1/CLKOUT0
                         net (fo=1, routed)           0.710     2.833    u_dual_family_audio_clock/clk_44k1_raw
    BUFGCTRL_X0Y16       BUFGCTRL (Prop_bufgctrl_I0_O)
                                                      0.029     2.862 r  u_dual_family_audio_clock/u_bufgmux_audio_family/O
                         net (fo=342, routed)         0.858     3.720    clk_audio_128x
    RAMB18_X0Y29         RAMB18E1                                     r  u_demo_interp_dac8_audio_pcm_common/gen_dual_rate_test_tone.u_dual_rate_test_tone_rom_source/rom_word_q_reg/CLKBWRCLK
                         clock pessimism             -0.831     2.890    
    RAMB18_X0Y29         RAMB18E1 (Hold_ramb18e1_CLKBWRCLK_ADDRBWRADDR[9])
                                                      0.183     3.073    u_demo_interp_dac8_audio_pcm_common/gen_dual_rate_test_tone.u_dual_rate_test_tone_rom_source/rom_word_q_reg
  -------------------------------------------------------------------
                         required time                         -3.073    
                         arrival time                           3.212    
  -------------------------------------------------------------------
                         slack                                  0.140    

Slack (MET) :             0.157ns  (arrival time - required time)
  Source:                 u_demo_interp_dac8_audio_pcm_common/gen_phase7_folded.u_interp128_all2x_v7_folded_fir_cic_top_ce/gen_single_bram_stage1.u_interp2_stage1_strict_halfband_bram_ce/read_coeff_index_reg[5]/C
                            (rising edge-triggered cell FDRE clocked by u_dual_family_audio_clock/clk_44k1_raw  {rise@0.000ns fall@88.577ns period=177.154ns})
  Destination:            u_demo_interp_dac8_audio_pcm_common/gen_phase7_folded.u_interp128_all2x_v7_folded_fir_cic_top_ce/gen_single_bram_stage1.u_interp2_stage1_strict_halfband_bram_ce/filter_commit_pending_reg/D
                            (rising edge-triggered cell FDRE clocked by u_dual_family_audio_clock/clk_44k1_raw  {rise@0.000ns fall@88.577ns period=177.154ns})
  Path Group:             u_dual_family_audio_clock/clk_44k1_raw
  Path Type:              Hold (Min at Fast Process Corner)
  Requirement:            0.000ns  (u_dual_family_audio_clock/clk_44k1_raw rise@0.000ns - u_dual_family_audio_clock/clk_44k1_raw rise@0.000ns)
  Data Path Delay:        0.310ns  (logic 0.186ns (59.935%)  route 0.124ns (40.065%))
  Logic Levels:           1  (LUT6=1)
  Clock Path Skew:        0.033ns (DCD - SCD - CPR)
    Destination Clock Delay (DCD):    3.683ns
    Source Clock Delay      (SCD):    2.839ns
    Clock Pessimism Removal (CPR):    0.811ns

    Location             Delay type                Incr(ns)  Path(ns)    Netlist Resource(s)
  -------------------------------------------------------------------    -------------------
                         (clock u_dual_family_audio_clock/clk_44k1_raw rise edge)
                                                      0.000     0.000 r  
    Y18                                               0.000     0.000 r  clk (IN)
                         net (fo=0)                   0.000     0.000    clk
    Y18                  IBUF (Prop_ibuf_I_O)         0.264     0.264 r  u_ibuf_sys_clk/O
                         net (fo=1, routed)           0.634     0.898    clk_ibuf
    BUFGCTRL_X0Y0        BUFG (Prop_bufg_I_O)         0.026     0.924 r  u_bufg_sys_clk/O
                         net (fo=58, routed)          0.629     1.553    clk_sys_bufg
    MMCME2_ADV_X0Y2      MMCME2_ADV (Prop_mmcme2_adv_CLKIN1_CLKOUT0)
                                                      0.050     1.603 r  u_dual_family_audio_clock/u_mmcm_44k1/CLKOUT0
                         net (fo=1, routed)           0.656     2.259    u_dual_family_audio_clock/clk_44k1_raw
    BUFGCTRL_X0Y16       BUFGCTRL (Prop_bufgctrl_I0_O)
                                                      0.026     2.285 r  u_dual_family_audio_clock/u_bufgmux_audio_family/O
                         net (fo=342, routed)         0.554     2.839    clk_audio_128x
    SLICE_X9Y80          FDRE                                         r  u_demo_interp_dac8_audio_pcm_common/gen_phase7_folded.u_interp128_all2x_v7_folded_fir_cic_top_ce/gen_single_bram_stage1.u_interp2_stage1_strict_halfband_bram_ce/read_coeff_index_reg[5]/C
  -------------------------------------------------------------------    -------------------
    SLICE_X9Y80          FDRE (Prop_fdre_C_Q)         0.141     2.980 r  u_demo_interp_dac8_audio_pcm_common/gen_phase7_folded.u_interp128_all2x_v7_folded_fir_cic_top_ce/gen_single_bram_stage1.u_interp2_stage1_strict_halfband_bram_ce/read_coeff_index_reg[5]/Q
                         net (fo=2, routed)           0.124     3.104    u_demo_interp_dac8_audio_pcm_common/gen_phase7_folded.u_interp128_all2x_v7_folded_fir_cic_top_ce/gen_single_bram_stage1.u_interp2_stage1_strict_halfband_bram_ce/read_coeff_index[5]
    SLICE_X10Y79         LUT6 (Prop_lut6_I4_O)        0.045     3.149 r  board_demo_comp_LUT6_5/O
                         net (fo=1, routed)           0.000     3.149    filter_commit_pending_i_1_n_0
    SLICE_X10Y79         FDRE                                         r  u_demo_interp_dac8_audio_pcm_common/gen_phase7_folded.u_interp128_all2x_v7_folded_fir_cic_top_ce/gen_single_bram_stage1.u_interp2_stage1_strict_halfband_bram_ce/filter_commit_pending_reg/D
  -------------------------------------------------------------------    -------------------

                         (clock u_dual_family_audio_clock/clk_44k1_raw rise edge)
                                                      0.000     0.000 r  
    Y18                                               0.000     0.000 r  clk (IN)
                         net (fo=0)                   0.000     0.000    clk
    Y18                  IBUF (Prop_ibuf_I_O)         0.452     0.452 r  u_ibuf_sys_clk/O
                         net (fo=1, routed)           0.689     1.140    clk_ibuf
    BUFGCTRL_X0Y0        BUFG (Prop_bufg_I_O)         0.029     1.169 r  u_bufg_sys_clk/O
                         net (fo=58, routed)          0.901     2.070    clk_sys_bufg
    MMCME2_ADV_X0Y2      MMCME2_ADV (Prop_mmcme2_adv_CLKIN1_CLKOUT0)
                                                      0.053     2.123 r  u_dual_family_audio_clock/u_mmcm_44k1/CLKOUT0
                         net (fo=1, routed)           0.710     2.833    u_dual_family_audio_clock/clk_44k1_raw
    BUFGCTRL_X0Y16       BUFGCTRL (Prop_bufgctrl_I0_O)
                                                      0.029     2.862 r  u_dual_family_audio_clock/u_bufgmux_audio_family/O
                         net (fo=342, routed)         0.821     3.683    clk_audio_128x
    SLICE_X10Y79         FDRE                                         r  u_demo_interp_dac8_audio_pcm_common/gen_phase7_folded.u_interp128_all2x_v7_folded_fir_cic_top_ce/gen_single_bram_stage1.u_interp2_stage1_strict_halfband_bram_ce/filter_commit_pending_reg/C
                         clock pessimism             -0.811     2.872    
    SLICE_X10Y79         FDRE (Hold_fdre_C_D)         0.120     2.992    u_demo_interp_dac8_audio_pcm_common/gen_phase7_folded.u_interp128_all2x_v7_folded_fir_cic_top_ce/gen_single_bram_stage1.u_interp2_stage1_strict_halfband_bram_ce/filter_commit_pending_reg
  -------------------------------------------------------------------
                         required time                         -2.992    
                         arrival time                           3.149    
  -------------------------------------------------------------------
                         slack                                  0.157    





Pulse Width Checks
--------------------------------------------------------------------------------------
Clock Name:         u_dual_family_audio_clock/clk_44k1_raw
Waveform(ns):       { 0.000 88.577 }
Period(ns):         177.154
Sources:            { u_dual_family_audio_clock/u_mmcm_44k1/CLKOUT0 }

Check Type        Corner  Lib Pin             Reference Pin  Required(ns)  Actual(ns)  Slack(ns)  Location         Pin
Min Period        n/a     RAMB18E1/CLKARDCLK  n/a            2.472         177.154     174.682    RAMB18_X0Y32     u_demo_interp_dac8_audio_pcm_common/gen_phase7_folded.u_interp128_all2x_v7_folded_fir_cic_top_ce/gen_lutram_stage23.u_interp2_stage23_lutram_cic_dsp_ce/gen_unified_bram_history.u_nf_stage23_history_ramb18_sdp/gen_primitive.u_stage23_history_ramb18e1/CLKARDCLK
Min Period        n/a     RAMB18E1/CLKBWRCLK  n/a            2.472         177.154     174.682    RAMB18_X0Y32     u_demo_interp_dac8_audio_pcm_common/gen_phase7_folded.u_interp128_all2x_v7_folded_fir_cic_top_ce/gen_lutram_stage23.u_interp2_stage23_lutram_cic_dsp_ce/gen_unified_bram_history.u_nf_stage23_history_ramb18_sdp/gen_primitive.u_stage23_history_ramb18e1/CLKBWRCLK
Min Period        n/a     RAMB18E1/CLKARDCLK  n/a            2.472         177.154     174.682    RAMB18_X0Y31     u_demo_interp_dac8_audio_pcm_common/gen_phase7_folded.u_interp128_all2x_v7_folded_fir_cic_top_ce/gen_single_bram_stage1.u_interp2_stage1_strict_halfband_bram_ce/u_nf_stage1_history_ramb18_sdp/gen_primitive.u_stage1_history_ramb18e1/CLKARDCLK
Min Period        n/a     RAMB18E1/CLKBWRCLK  n/a            2.472         177.154     174.682    RAMB18_X0Y31     u_demo_interp_dac8_audio_pcm_common/gen_phase7_folded.u_interp128_all2x_v7_folded_fir_cic_top_ce/gen_single_bram_stage1.u_interp2_stage1_strict_halfband_bram_ce/u_nf_stage1_history_ramb18_sdp/gen_primitive.u_stage1_history_ramb18e1/CLKBWRCLK
Min Period        n/a     RAMB18E1/CLKARDCLK  n/a            2.472         177.154     174.682    RAMB18_X0Y33     u_demo_interp_dac8_audio_pcm_common/gen_phase7_folded.u_interp128_all2x_v7_folded_fir_cic_top_ce/gen_unified_fir_coeff_bram.u_nf_unified_fir_coeff_bram/u_unified_coeff_ramb18e1/CLKARDCLK
Min Period        n/a     RAMB18E1/CLKBWRCLK  n/a            2.472         177.154     174.682    RAMB18_X0Y33     u_demo_interp_dac8_audio_pcm_common/gen_phase7_folded.u_interp128_all2x_v7_folded_fir_cic_top_ce/gen_unified_fir_coeff_bram.u_nf_unified_fir_coeff_bram/u_unified_coeff_ramb18e1/CLKBWRCLK
Min Period        n/a     RAMB18E1/CLKARDCLK  n/a            2.170         177.154     174.984    RAMB18_X0Y29     u_demo_interp_dac8_audio_pcm_common/gen_dual_rate_test_tone.u_dual_rate_test_tone_rom_source/rom_word_q_reg/CLKARDCLK
Min Period        n/a     RAMB18E1/CLKBWRCLK  n/a            2.170         177.154     174.984    RAMB18_X0Y29     u_demo_interp_dac8_audio_pcm_common/gen_dual_rate_test_tone.u_dual_rate_test_tone_rom_source/rom_word_q_reg/CLKBWRCLK
Min Period        n/a     DSP48E1/CLK         n/a            2.147         177.154     175.007    DSP48_X0Y32      u_demo_interp_dac8_audio_pcm_common/gen_phase7_folded.u_interp128_all2x_v7_folded_fir_cic_top_ce/gen_lutram_stage23.u_interp2_stage23_lutram_cic_dsp_ce/u_stage23_dsp48e1/CLK
Min Period        n/a     DSP48E1/CLK         n/a            2.147         177.154     175.007    DSP48_X0Y31      u_demo_interp_dac8_audio_pcm_common/gen_phase7_folded.u_interp128_all2x_v7_folded_fir_cic_top_ce/gen_single_bram_stage1.u_interp2_stage1_strict_halfband_bram_ce/u_stage1_dsp48e1/CLK
Max Period        n/a     MMCME2_ADV/CLKOUT0  n/a            213.360       177.154     36.206     MMCME2_ADV_X0Y2  u_dual_family_audio_clock/u_mmcm_44k1/CLKOUT0
Low Pulse Width   Slow    FDRE/C              n/a            0.500         88.577      88.077     SLICE_X10Y71     family_audio_meta_reg/C
Low Pulse Width   Fast    FDRE/C              n/a            0.500         88.577      88.077     SLICE_X10Y71     family_audio_meta_reg/C
Low Pulse Width   Slow    FDRE/C              n/a            0.500         88.577      88.077     SLICE_X10Y71     family_audio_sync_reg/C
Low Pulse Width   Fast    FDRE/C              n/a            0.500         88.577      88.077     SLICE_X10Y71     family_audio_sync_reg/C
Low Pulse Width   Slow    FDRE/C              n/a            0.500         88.577      88.077     SLICE_X4Y78      rst_audio_datapath_n_reg/C
Low Pulse Width   Fast    FDRE/C              n/a            0.500         88.577      88.077     SLICE_X4Y78      rst_audio_datapath_n_reg/C
Low Pulse Width   Slow    FDRE/C              n/a            0.500         88.577      88.077     SLICE_X4Y78      rst_audio_sync_reg[0]/C
Low Pulse Width   Fast    FDRE/C              n/a            0.500         88.577      88.077     SLICE_X4Y78      rst_audio_sync_reg[0]/C
Low Pulse Width   Slow    FDRE/C              n/a            0.500         88.577      88.077     SLICE_X4Y78      rst_audio_sync_reg[1]/C
Low Pulse Width   Fast    FDRE/C              n/a            0.500         88.577      88.077     SLICE_X4Y78      rst_audio_sync_reg[1]/C
High Pulse Width  Slow    FDRE/C              n/a            0.500         88.577      88.077     SLICE_X10Y71     family_audio_meta_reg/C
High Pulse Width  Fast    FDRE/C              n/a            0.500         88.577      88.077     SLICE_X10Y71     family_audio_meta_reg/C
High Pulse Width  Slow    FDRE/C              n/a            0.500         88.577      88.077     SLICE_X10Y71     family_audio_sync_reg/C
High Pulse Width  Fast    FDRE/C              n/a            0.500         88.577      88.077     SLICE_X10Y71     family_audio_sync_reg/C
High Pulse Width  Slow    FDRE/C              n/a            0.500         88.577      88.077     SLICE_X4Y78      rst_audio_datapath_n_reg/C
High Pulse Width  Fast    FDRE/C              n/a            0.500         88.577      88.077     SLICE_X4Y78      rst_audio_datapath_n_reg/C
High Pulse Width  Slow    FDRE/C              n/a            0.500         88.577      88.077     SLICE_X4Y78      rst_audio_sync_reg[0]/C
High Pulse Width  Fast    FDRE/C              n/a            0.500         88.577      88.077     SLICE_X4Y78      rst_audio_sync_reg[0]/C
High Pulse Width  Slow    FDRE/C              n/a            0.500         88.577      88.077     SLICE_X4Y78      rst_audio_sync_reg[1]/C
High Pulse Width  Fast    FDRE/C              n/a            0.500         88.577      88.077     SLICE_X4Y78      rst_audio_sync_reg[1]/C



---------------------------------------------------------------------------------------------------
From Clock:  u_dual_family_audio_clock/clk_48k_raw
  To Clock:  u_dual_family_audio_clock/clk_48k_raw

Setup :            0  Failing Endpoints,  Worst Slack       76.130ns,  Total Violation        0.000ns
Hold  :            0  Failing Endpoints,  Worst Slack        0.085ns,  Total Violation        0.000ns
PW    :            0  Failing Endpoints,  Worst Slack       50.601ns,  Total Violation        0.000ns
---------------------------------------------------------------------------------------------------


Max Delay Paths
--------------------------------------------------------------------------------------
Slack (MET) :             76.130ns  (required time - arrival time)
  Source:                 u_demo_interp_dac8_audio_pcm_common/gen_phase7_folded.u_interp128_all2x_v7_folded_fir_cic_top_ce/gen_serial_cic_comb.u_cic_interp16_serial_comb_dsp_ce/y_out_reg[18]/C
                            (rising edge-triggered cell FDRE clocked by u_dual_family_audio_clock/clk_48k_raw  {rise@0.000ns fall@81.379ns period=162.759ns})
  Destination:            u_demo_interp_dac8_audio_pcm_common/dac_data_r_reg[6]/D
                            (falling edge-triggered cell FDRE clocked by u_dual_family_audio_clock/clk_48k_raw  {rise@0.000ns fall@81.379ns period=162.759ns})
  Path Group:             u_dual_family_audio_clock/clk_48k_raw
  Path Type:              Setup (Max at Slow Process Corner)
  Requirement:            81.379ns  (u_dual_family_audio_clock/clk_48k_raw fall@81.379ns - u_dual_family_audio_clock/clk_48k_raw rise@0.000ns)
  Data Path Delay:        4.405ns  (logic 0.695ns (15.776%)  route 3.710ns (84.224%))
  Logic Levels:           2  (LUT5=1 LUT6=1)
  Clock Path Skew:        0.114ns (DCD - SCD + CPR)
    Destination Clock Delay (DCD):    7.273ns = ( 88.652 - 81.379 ) 
    Source Clock Delay      (SCD):    7.503ns
    Clock Pessimism Removal (CPR):    0.344ns
  Clock Uncertainty:      0.251ns  ((TSJ^2 + DJ^2)^1/2) / 2 + PE
    Total System Jitter     (TSJ):    0.071ns
    Discrete Jitter          (DJ):    0.497ns
    Phase Error              (PE):    0.000ns

    Location             Delay type                Incr(ns)  Path(ns)    Netlist Resource(s)
  -------------------------------------------------------------------    -------------------
                         (clock u_dual_family_audio_clock/clk_48k_raw rise edge)
                                                      0.000     0.000 r  
    Y18                                               0.000     0.000 r  clk (IN)
                         net (fo=0)                   0.000     0.000    clk
    Y18                  IBUF (Prop_ibuf_I_O)         1.427     1.427 r  u_ibuf_sys_clk/O
                         net (fo=1, routed)           1.693     3.120    clk_ibuf
    BUFGCTRL_X0Y0        BUFG (Prop_bufg_I_O)         0.081     3.201 r  u_bufg_sys_clk/O
                         net (fo=58, routed)          1.374     4.575    clk_sys_bufg
    MMCME2_ADV_X0Y1      MMCME2_ADV (Prop_mmcme2_adv_CLKIN1_CLKOUT0)
                                                      0.077     4.652 r  u_dual_family_audio_clock/u_mmcm_48k/CLKOUT0
                         net (fo=1, routed)           1.425     6.077    u_dual_family_audio_clock/clk_48k_raw
    BUFGCTRL_X0Y16       BUFGCTRL (Prop_bufgctrl_I1_O)
                                                      0.081     6.158 r  u_dual_family_audio_clock/u_bufgmux_audio_family/O
                         net (fo=342, routed)         1.345     7.503    clk_audio_128x
    SLICE_X11Y81         FDRE                                         r  u_demo_interp_dac8_audio_pcm_common/gen_phase7_folded.u_interp128_all2x_v7_folded_fir_cic_top_ce/gen_serial_cic_comb.u_cic_interp16_serial_comb_dsp_ce/y_out_reg[18]/C
  -------------------------------------------------------------------    -------------------
    SLICE_X11Y81         FDRE (Prop_fdre_C_Q)         0.348     7.851 r  u_demo_interp_dac8_audio_pcm_common/gen_phase7_folded.u_interp128_all2x_v7_folded_fir_cic_top_ce/gen_serial_cic_comb.u_cic_interp16_serial_comb_dsp_ce/y_out_reg[18]/Q
                         net (fo=1, routed)           0.658     8.509    u_demo_interp_dac8_audio_pcm_common/gen_phase7_folded.u_interp128_all2x_v7_folded_fir_cic_top_ce/gen_serial_cic_comb.u_cic_interp16_serial_comb_dsp_ce/y_out_reg_n_0_[18]
    SLICE_X10Y83         LUT5 (Prop_lut5_I4_O)        0.242     8.751 r  board_demo_comp_LUT5_8/O
                         net (fo=1, routed)           0.802     9.553    dac_data_r[6]_i_2_n_0
    SLICE_X9Y85          LUT6 (Prop_lut6_I5_O)        0.105     9.658 r  dac_data_r[6]_i_1/O
                         net (fo=1, routed)           2.251    11.908    dac_data_r[6]_i_1_n_0
    OLOGIC_X0Y145        FDRE                                         r  u_demo_interp_dac8_audio_pcm_common/dac_data_r_reg[6]/D
  -------------------------------------------------------------------    -------------------

                         (clock u_dual_family_audio_clock/clk_48k_raw fall edge)
                                                     81.379    81.379 f  
    Y18                                               0.000    81.379 f  clk (IN)
                         net (fo=0)                   0.000    81.379    clk
    Y18                  IBUF (Prop_ibuf_I_O)         1.361    82.740 f  u_ibuf_sys_clk/O
                         net (fo=1, routed)           1.604    84.344    clk_ibuf
    BUFGCTRL_X0Y0        BUFG (Prop_bufg_I_O)         0.077    84.421 f  u_bufg_sys_clk/O
                         net (fo=58, routed)          1.270    85.691    clk_sys_bufg
    MMCME2_ADV_X0Y1      MMCME2_ADV (Prop_mmcme2_adv_CLKIN1_CLKOUT0)
                                                      0.073    85.764 f  u_dual_family_audio_clock/u_mmcm_48k/CLKOUT0
                         net (fo=1, routed)           1.357    87.122    u_dual_family_audio_clock/clk_48k_raw
    BUFGCTRL_X0Y16       BUFGCTRL (Prop_bufgctrl_I1_O)
                                                      0.077    87.199 f  u_dual_family_audio_clock/u_bufgmux_audio_family/O
                         net (fo=342, routed)         1.454    88.652    clk_audio_128x
    OLOGIC_X0Y145        FDRE                                         r  u_demo_interp_dac8_audio_pcm_common/dac_data_r_reg[6]/C  (IS_INVERTED)
                         clock pessimism              0.344    88.997    
                         clock uncertainty           -0.251    88.745    
    OLOGIC_X0Y145        FDRE (Setup_fdre_C_D)       -0.707    88.038    u_demo_interp_dac8_audio_pcm_common/dac_data_r_reg[6]
  -------------------------------------------------------------------
                         required time                         88.038    
                         arrival time                         -11.908    
  -------------------------------------------------------------------
                         slack                                 76.130    

Slack (MET) :             76.351ns  (required time - arrival time)
  Source:                 rst_audio_datapath_n_reg/C
                            (rising edge-triggered cell FDRE clocked by u_dual_family_audio_clock/clk_48k_raw  {rise@0.000ns fall@81.379ns period=162.759ns})
  Destination:            u_demo_interp_dac8_audio_pcm_common/dac_data_r_reg[6]/R
                            (falling edge-triggered cell FDRE clocked by u_dual_family_audio_clock/clk_48k_raw  {rise@0.000ns fall@81.379ns period=162.759ns})
  Path Group:             u_dual_family_audio_clock/clk_48k_raw
  Path Type:              Setup (Max at Slow Process Corner)
  Requirement:            81.379ns  (u_dual_family_audio_clock/clk_48k_raw fall@81.379ns - u_dual_family_audio_clock/clk_48k_raw rise@0.000ns)
  Data Path Delay:        4.396ns  (logic 0.484ns (11.009%)  route 3.912ns (88.991%))
  Logic Levels:           1  (LUT6=1)
  Clock Path Skew:        0.052ns (DCD - SCD + CPR)
    Destination Clock Delay (DCD):    7.273ns = ( 88.652 - 81.379 ) 
    Source Clock Delay      (SCD):    7.565ns
    Clock Pessimism Removal (CPR):    0.344ns
  Clock Uncertainty:      0.251ns  ((TSJ^2 + DJ^2)^1/2) / 2 + PE
    Total System Jitter     (TSJ):    0.071ns
    Discrete Jitter          (DJ):    0.497ns
    Phase Error              (PE):    0.000ns

    Location             Delay type                Incr(ns)  Path(ns)    Netlist Resource(s)
  -------------------------------------------------------------------    -------------------
                         (clock u_dual_family_audio_clock/clk_48k_raw rise edge)
                                                      0.000     0.000 r  
    Y18                                               0.000     0.000 r  clk (IN)
                         net (fo=0)                   0.000     0.000    clk
    Y18                  IBUF (Prop_ibuf_I_O)         1.427     1.427 r  u_ibuf_sys_clk/O
                         net (fo=1, routed)           1.693     3.120    clk_ibuf
    BUFGCTRL_X0Y0        BUFG (Prop_bufg_I_O)         0.081     3.201 r  u_bufg_sys_clk/O
                         net (fo=58, routed)          1.374     4.575    clk_sys_bufg
    MMCME2_ADV_X0Y1      MMCME2_ADV (Prop_mmcme2_adv_CLKIN1_CLKOUT0)
                                                      0.077     4.652 r  u_dual_family_audio_clock/u_mmcm_48k/CLKOUT0
                         net (fo=1, routed)           1.425     6.077    u_dual_family_audio_clock/clk_48k_raw
    BUFGCTRL_X0Y16       BUFGCTRL (Prop_bufgctrl_I1_O)
                                                      0.081     6.158 r  u_dual_family_audio_clock/u_bufgmux_audio_family/O
                         net (fo=342, routed)         1.407     7.565    clk_audio_128x
    SLICE_X4Y78          FDRE                                         r  rst_audio_datapath_n_reg/C
  -------------------------------------------------------------------    -------------------
    SLICE_X4Y78          FDRE (Prop_fdre_C_Q)         0.379     7.944 f  rst_audio_datapath_n_reg/Q
                         net (fo=18, routed)          1.109     9.053    rst_audio_datapath_n
    SLICE_X4Y84          LUT6 (Prop_lut6_I5_O)        0.105     9.158 r  dac_data_r[7]_i_1/O
                         net (fo=8, routed)           2.804    11.961    dac_data_r[7]_i_1_n_0
    OLOGIC_X0Y145        FDRE                                         r  u_demo_interp_dac8_audio_pcm_common/dac_data_r_reg[6]/R
  -------------------------------------------------------------------    -------------------

                         (clock u_dual_family_audio_clock/clk_48k_raw fall edge)
                                                     81.379    81.379 f  
    Y18                                               0.000    81.379 f  clk (IN)
                         net (fo=0)                   0.000    81.379    clk
    Y18                  IBUF (Prop_ibuf_I_O)         1.361    82.740 f  u_ibuf_sys_clk/O
                         net (fo=1, routed)           1.604    84.344    clk_ibuf
    BUFGCTRL_X0Y0        BUFG (Prop_bufg_I_O)         0.077    84.421 f  u_bufg_sys_clk/O
                         net (fo=58, routed)          1.270    85.691    clk_sys_bufg
    MMCME2_ADV_X0Y1      MMCME2_ADV (Prop_mmcme2_adv_CLKIN1_CLKOUT0)
                                                      0.073    85.764 f  u_dual_family_audio_clock/u_mmcm_48k/CLKOUT0
                         net (fo=1, routed)           1.357    87.122    u_dual_family_audio_clock/clk_48k_raw
    BUFGCTRL_X0Y16       BUFGCTRL (Prop_bufgctrl_I1_O)
                                                      0.077    87.199 f  u_dual_family_audio_clock/u_bufgmux_audio_family/O
                         net (fo=342, routed)         1.454    88.652    clk_audio_128x
    OLOGIC_X0Y145        FDRE                                         r  u_demo_interp_dac8_audio_pcm_common/dac_data_r_reg[6]/C  (IS_INVERTED)
                         clock pessimism              0.344    88.997    
                         clock uncertainty           -0.251    88.745    
    OLOGIC_X0Y145        FDRE (Setup_fdre_C_R)       -0.433    88.312    u_demo_interp_dac8_audio_pcm_common/dac_data_r_reg[6]
  -------------------------------------------------------------------
                         required time                         88.312    
                         arrival time                         -11.961    
  -------------------------------------------------------------------
                         slack                                 76.351    

Slack (MET) :             76.492ns  (required time - arrival time)
  Source:                 u_demo_interp_dac8_audio_pcm_common/gen_dual_rate_test_tone.u_dual_rate_test_tone_rom_source/sample_out_reg[20]/C
                            (rising edge-triggered cell FDRE clocked by u_dual_family_audio_clock/clk_48k_raw  {rise@0.000ns fall@81.379ns period=162.759ns})
  Destination:            u_demo_interp_dac8_audio_pcm_common/dac_data_r_reg[4]/D
                            (falling edge-triggered cell FDRE clocked by u_dual_family_audio_clock/clk_48k_raw  {rise@0.000ns fall@81.379ns period=162.759ns})
  Path Group:             u_dual_family_audio_clock/clk_48k_raw
  Path Type:              Setup (Max at Slow Process Corner)
  Requirement:            81.379ns  (u_dual_family_audio_clock/clk_48k_raw fall@81.379ns - u_dual_family_audio_clock/clk_48k_raw rise@0.000ns)
  Data Path Delay:        4.038ns  (logic 0.589ns (14.585%)  route 3.449ns (85.415%))
  Logic Levels:           2  (LUT5=1 LUT6=1)
  Clock Path Skew:        0.109ns (DCD - SCD + CPR)
    Destination Clock Delay (DCD):    7.261ns = ( 88.640 - 81.379 ) 
    Source Clock Delay      (SCD):    7.496ns
    Clock Pessimism Removal (CPR):    0.344ns
  Clock Uncertainty:      0.251ns  ((TSJ^2 + DJ^2)^1/2) / 2 + PE
    Total System Jitter     (TSJ):    0.071ns
    Discrete Jitter          (DJ):    0.497ns
    Phase Error              (PE):    0.000ns

    Location             Delay type                Incr(ns)  Path(ns)    Netlist Resource(s)
  -------------------------------------------------------------------    -------------------
                         (clock u_dual_family_audio_clock/clk_48k_raw rise edge)
                                                      0.000     0.000 r  
    Y18                                               0.000     0.000 r  clk (IN)
                         net (fo=0)                   0.000     0.000    clk
    Y18                  IBUF (Prop_ibuf_I_O)         1.427     1.427 r  u_ibuf_sys_clk/O
                         net (fo=1, routed)           1.693     3.120    clk_ibuf
    BUFGCTRL_X0Y0        BUFG (Prop_bufg_I_O)         0.081     3.201 r  u_bufg_sys_clk/O
                         net (fo=58, routed)          1.374     4.575    clk_sys_bufg
    MMCME2_ADV_X0Y1      MMCME2_ADV (Prop_mmcme2_adv_CLKIN1_CLKOUT0)
                                                      0.077     4.652 r  u_dual_family_audio_clock/u_mmcm_48k/CLKOUT0
                         net (fo=1, routed)           1.425     6.077    u_dual_family_audio_clock/clk_48k_raw
    BUFGCTRL_X0Y16       BUFGCTRL (Prop_bufgctrl_I1_O)
                                                      0.081     6.158 r  u_dual_family_audio_clock/u_bufgmux_audio_family/O
                         net (fo=342, routed)         1.338     7.496    clk_audio_128x
    SLICE_X9Y73          FDRE                                         r  u_demo_interp_dac8_audio_pcm_common/gen_dual_rate_test_tone.u_dual_rate_test_tone_rom_source/sample_out_reg[20]/C
  -------------------------------------------------------------------    -------------------
    SLICE_X9Y73          FDRE (Prop_fdre_C_Q)         0.379     7.875 r  u_demo_interp_dac8_audio_pcm_common/gen_dual_rate_test_tone.u_dual_rate_test_tone_rom_source/sample_out_reg[20]/Q
                         net (fo=2, routed)           1.206     9.081    u_demo_interp_dac8_audio_pcm_common/audio_sample_w[20]
    SLICE_X9Y83          LUT5 (Prop_lut5_I3_O)        0.105     9.186 r  board_demo_comp_LUT5_6/O
                         net (fo=1, routed)           0.704     9.890    dac_data_r[4]_i_2_n_0
    SLICE_X10Y85         LUT6 (Prop_lut6_I5_O)        0.105     9.995 r  dac_data_r[4]_i_1/O
                         net (fo=1, routed)           1.539    11.534    dac_data_r[4]_i_1_n_0
    OLOGIC_X0Y120        FDRE                                         r  u_demo_interp_dac8_audio_pcm_common/dac_data_r_reg[4]/D
  -------------------------------------------------------------------    -------------------

                         (clock u_dual_family_audio_clock/clk_48k_raw fall edge)
                                                     81.379    81.379 f  
    Y18                                               0.000    81.379 f  clk (IN)
                         net (fo=0)                   0.000    81.379    clk
    Y18                  IBUF (Prop_ibuf_I_O)         1.361    82.740 f  u_ibuf_sys_clk/O
                         net (fo=1, routed)           1.604    84.344    clk_ibuf
    BUFGCTRL_X0Y0        BUFG (Prop_bufg_I_O)         0.077    84.421 f  u_bufg_sys_clk/O
                         net (fo=58, routed)          1.270    85.691    clk_sys_bufg
    MMCME2_ADV_X0Y1      MMCME2_ADV (Prop_mmcme2_adv_CLKIN1_CLKOUT0)
                                                      0.073    85.764 f  u_dual_family_audio_clock/u_mmcm_48k/CLKOUT0
                         net (fo=1, routed)           1.357    87.122    u_dual_family_audio_clock/clk_48k_raw
    BUFGCTRL_X0Y16       BUFGCTRL (Prop_bufgctrl_I1_O)
                                                      0.077    87.199 f  u_dual_family_audio_clock/u_bufgmux_audio_family/O
                         net (fo=342, routed)         1.442    88.640    clk_audio_128x
    OLOGIC_X0Y120        FDRE                                         r  u_demo_interp_dac8_audio_pcm_common/dac_data_r_reg[4]/C  (IS_INVERTED)
                         clock pessimism              0.344    88.985    
                         clock uncertainty           -0.251    88.733    
    OLOGIC_X0Y120        FDRE (Setup_fdre_C_D)       -0.707    88.026    u_demo_interp_dac8_audio_pcm_common/dac_data_r_reg[4]
  -------------------------------------------------------------------
                         required time                         88.026    
                         arrival time                         -11.534    
  -------------------------------------------------------------------
                         slack                                 76.492    

Slack (MET) :             76.701ns  (required time - arrival time)
  Source:                 u_demo_interp_dac8_audio_pcm_common/gen_phase7_folded.u_interp128_all2x_v7_folded_fir_cic_top_ce/gen_lutram_stage23.u_interp2_stage23_lutram_cic_dsp_ce/stage2_y_out_valid_reg/C
                            (rising edge-triggered cell FDRE clocked by u_dual_family_audio_clock/clk_48k_raw  {rise@0.000ns fall@81.379ns period=162.759ns})
  Destination:            u_demo_interp_dac8_audio_pcm_common/dac_data_r_reg[6]/CE
                            (falling edge-triggered cell FDRE clocked by u_dual_family_audio_clock/clk_48k_raw  {rise@0.000ns fall@81.379ns period=162.759ns})
  Path Group:             u_dual_family_audio_clock/clk_48k_raw
  Path Type:              Setup (Max at Slow Process Corner)
  Requirement:            81.379ns  (u_dual_family_audio_clock/clk_48k_raw fall@81.379ns - u_dual_family_audio_clock/clk_48k_raw rise@0.000ns)
  Data Path Delay:        4.207ns  (logic 0.484ns (11.503%)  route 3.723ns (88.497%))
  Logic Levels:           1  (LUT6=1)
  Clock Path Skew:        0.111ns (DCD - SCD + CPR)
    Destination Clock Delay (DCD):    7.273ns = ( 88.652 - 81.379 ) 
    Source Clock Delay      (SCD):    7.506ns
    Clock Pessimism Removal (CPR):    0.344ns
  Clock Uncertainty:      0.251ns  ((TSJ^2 + DJ^2)^1/2) / 2 + PE
    Total System Jitter     (TSJ):    0.071ns
    Discrete Jitter          (DJ):    0.497ns
    Phase Error              (PE):    0.000ns

    Location             Delay type                Incr(ns)  Path(ns)    Netlist Resource(s)
  -------------------------------------------------------------------    -------------------
                         (clock u_dual_family_audio_clock/clk_48k_raw rise edge)
                                                      0.000     0.000 r  
    Y18                                               0.000     0.000 r  clk (IN)
                         net (fo=0)                   0.000     0.000    clk
    Y18                  IBUF (Prop_ibuf_I_O)         1.427     1.427 r  u_ibuf_sys_clk/O
                         net (fo=1, routed)           1.693     3.120    clk_ibuf
    BUFGCTRL_X0Y0        BUFG (Prop_bufg_I_O)         0.081     3.201 r  u_bufg_sys_clk/O
                         net (fo=58, routed)          1.374     4.575    clk_sys_bufg
    MMCME2_ADV_X0Y1      MMCME2_ADV (Prop_mmcme2_adv_CLKIN1_CLKOUT0)
                                                      0.077     4.652 r  u_dual_family_audio_clock/u_mmcm_48k/CLKOUT0
                         net (fo=1, routed)           1.425     6.077    u_dual_family_audio_clock/clk_48k_raw
    BUFGCTRL_X0Y16       BUFGCTRL (Prop_bufgctrl_I1_O)
                                                      0.081     6.158 r  u_dual_family_audio_clock/u_bufgmux_audio_family/O
                         net (fo=342, routed)         1.348     7.506    clk_audio_128x
    SLICE_X9Y84          FDRE                                         r  u_demo_interp_dac8_audio_pcm_common/gen_phase7_folded.u_interp128_all2x_v7_folded_fir_cic_top_ce/gen_lutram_stage23.u_interp2_stage23_lutram_cic_dsp_ce/stage2_y_out_valid_reg/C
  -------------------------------------------------------------------    -------------------
    SLICE_X9Y84          FDRE (Prop_fdre_C_Q)         0.379     7.885 r  u_demo_interp_dac8_audio_pcm_common/gen_phase7_folded.u_interp128_all2x_v7_folded_fir_cic_top_ce/gen_lutram_stage23.u_interp2_stage23_lutram_cic_dsp_ce/stage2_y_out_valid_reg/Q
                         net (fo=2, routed)           0.552     8.437    u_demo_interp_dac8_audio_pcm_common/dbg_y4_valid_w
    SLICE_X9Y84          LUT6 (Prop_lut6_I3_O)        0.105     8.542 r  dac_data_r[7]_i_2/O
                         net (fo=8, routed)           3.171    11.713    selected_valid
    OLOGIC_X0Y145        FDRE                                         r  u_demo_interp_dac8_audio_pcm_common/dac_data_r_reg[6]/CE
  -------------------------------------------------------------------    -------------------

                         (clock u_dual_family_audio_clock/clk_48k_raw fall edge)
                                                     81.379    81.379 f  
    Y18                                               0.000    81.379 f  clk (IN)
                         net (fo=0)                   0.000    81.379    clk
    Y18                  IBUF (Prop_ibuf_I_O)         1.361    82.740 f  u_ibuf_sys_clk/O
                         net (fo=1, routed)           1.604    84.344    clk_ibuf
    BUFGCTRL_X0Y0        BUFG (Prop_bufg_I_O)         0.077    84.421 f  u_bufg_sys_clk/O
                         net (fo=58, routed)          1.270    85.691    clk_sys_bufg
    MMCME2_ADV_X0Y1      MMCME2_ADV (Prop_mmcme2_adv_CLKIN1_CLKOUT0)
                                                      0.073    85.764 f  u_dual_family_audio_clock/u_mmcm_48k/CLKOUT0
                         net (fo=1, routed)           1.357    87.122    u_dual_family_audio_clock/clk_48k_raw
    BUFGCTRL_X0Y16       BUFGCTRL (Prop_bufgctrl_I1_O)
                                                      0.077    87.199 f  u_dual_family_audio_clock/u_bufgmux_audio_family/O
                         net (fo=342, routed)         1.454    88.652    clk_audio_128x
    OLOGIC_X0Y145        FDRE                                         r  u_demo_interp_dac8_audio_pcm_common/dac_data_r_reg[6]/C  (IS_INVERTED)
                         clock pessimism              0.344    88.997    
                         clock uncertainty           -0.251    88.745    
    OLOGIC_X0Y145        FDRE (Setup_fdre_C_CE)      -0.331    88.414    u_demo_interp_dac8_audio_pcm_common/dac_data_r_reg[6]
  -------------------------------------------------------------------
                         required time                         88.414    
                         arrival time                         -11.713    
  -------------------------------------------------------------------
                         slack                                 76.701    

Slack (MET) :             76.706ns  (required time - arrival time)
  Source:                 u_demo_interp_dac8_audio_pcm_common/gen_dual_rate_test_tone.u_dual_rate_test_tone_rom_source/rom_word_q_reg/CLKARDCLK
                            (rising edge-triggered cell RAMB18E1 clocked by u_dual_family_audio_clock/clk_48k_raw  {rise@0.000ns fall@81.379ns period=162.759ns})
  Destination:            u_demo_interp_dac8_audio_pcm_common/dac_data_r_reg[1]/D
                            (falling edge-triggered cell FDRE clocked by u_dual_family_audio_clock/clk_48k_raw  {rise@0.000ns fall@81.379ns period=162.759ns})
  Path Group:             u_dual_family_audio_clock/clk_48k_raw
  Path Type:              Setup (Max at Slow Process Corner)
  Requirement:            81.379ns  (u_dual_family_audio_clock/clk_48k_raw fall@81.379ns - u_dual_family_audio_clock/clk_48k_raw rise@0.000ns)
  Data Path Delay:        3.786ns  (logic 1.109ns (29.294%)  route 2.677ns (70.706%))
  Logic Levels:           2  (LUT5=1 LUT6=1)
  Clock Path Skew:        0.071ns (DCD - SCD + CPR)
    Destination Clock Delay (DCD):    7.261ns = ( 88.640 - 81.379 ) 
    Source Clock Delay      (SCD):    7.535ns
    Clock Pessimism Removal (CPR):    0.344ns
  Clock Uncertainty:      0.251ns  ((TSJ^2 + DJ^2)^1/2) / 2 + PE
    Total System Jitter     (TSJ):    0.071ns
    Discrete Jitter          (DJ):    0.497ns
    Phase Error              (PE):    0.000ns

    Location             Delay type                Incr(ns)  Path(ns)    Netlist Resource(s)
  -------------------------------------------------------------------    -------------------
                         (clock u_dual_family_audio_clock/clk_48k_raw rise edge)
                                                      0.000     0.000 r  
    Y18                                               0.000     0.000 r  clk (IN)
                         net (fo=0)                   0.000     0.000    clk
    Y18                  IBUF (Prop_ibuf_I_O)         1.427     1.427 r  u_ibuf_sys_clk/O
                         net (fo=1, routed)           1.693     3.120    clk_ibuf
    BUFGCTRL_X0Y0        BUFG (Prop_bufg_I_O)         0.081     3.201 r  u_bufg_sys_clk/O
                         net (fo=58, routed)          1.374     4.575    clk_sys_bufg
    MMCME2_ADV_X0Y1      MMCME2_ADV (Prop_mmcme2_adv_CLKIN1_CLKOUT0)
                                                      0.077     4.652 r  u_dual_family_audio_clock/u_mmcm_48k/CLKOUT0
                         net (fo=1, routed)           1.425     6.077    u_dual_family_audio_clock/clk_48k_raw
    BUFGCTRL_X0Y16       BUFGCTRL (Prop_bufgctrl_I1_O)
                                                      0.081     6.158 r  u_dual_family_audio_clock/u_bufgmux_audio_family/O
                         net (fo=342, routed)         1.377     7.535    clk_audio_128x
    RAMB18_X0Y29         RAMB18E1                                     r  u_demo_interp_dac8_audio_pcm_common/gen_dual_rate_test_tone.u_dual_rate_test_tone_rom_source/rom_word_q_reg/CLKARDCLK
  -------------------------------------------------------------------    -------------------
    RAMB18_X0Y29         RAMB18E1 (Prop_ramb18e1_CLKARDCLK_DOPADOP[1])
                                                      0.734     8.269 r  u_demo_interp_dac8_audio_pcm_common/gen_dual_rate_test_tone.u_dual_rate_test_tone_rom_source/rom_word_q_reg/DOPADOP[1]
                         net (fo=2, routed)           0.984     9.253    u_demo_interp_dac8_audio_pcm_common/audio_sample_w[17]
    SLICE_X9Y83          LUT5 (Prop_lut5_I1_O)        0.108     9.361 r  dac_data_r[1]_i_2/O
                         net (fo=1, routed)           0.240     9.601    dac_data_r[1]_i_2_n_0
    SLICE_X9Y85          LUT6 (Prop_lut6_I5_O)        0.267     9.868 r  dac_data_r[1]_i_1/O
                         net (fo=1, routed)           1.452    11.320    dac_data_r[1]_i_1_n_0
    OLOGIC_X0Y122        FDRE                                         r  u_demo_interp_dac8_audio_pcm_common/dac_data_r_reg[1]/D
  -------------------------------------------------------------------    -------------------

                         (clock u_dual_family_audio_clock/clk_48k_raw fall edge)
                                                     81.379    81.379 f  
    Y18                                               0.000    81.379 f  clk (IN)
                         net (fo=0)                   0.000    81.379    clk
    Y18                  IBUF (Prop_ibuf_I_O)         1.361    82.740 f  u_ibuf_sys_clk/O
                         net (fo=1, routed)           1.604    84.344    clk_ibuf
    BUFGCTRL_X0Y0        BUFG (Prop_bufg_I_O)         0.077    84.421 f  u_bufg_sys_clk/O
                         net (fo=58, routed)          1.270    85.691    clk_sys_bufg
    MMCME2_ADV_X0Y1      MMCME2_ADV (Prop_mmcme2_adv_CLKIN1_CLKOUT0)
                                                      0.073    85.764 f  u_dual_family_audio_clock/u_mmcm_48k/CLKOUT0
                         net (fo=1, routed)           1.357    87.122    u_dual_family_audio_clock/clk_48k_raw
    BUFGCTRL_X0Y16       BUFGCTRL (Prop_bufgctrl_I1_O)
                                                      0.077    87.199 f  u_dual_family_audio_clock/u_bufgmux_audio_family/O
                         net (fo=342, routed)         1.442    88.640    clk_audio_128x
    OLOGIC_X0Y122        FDRE                                         r  u_demo_interp_dac8_audio_pcm_common/dac_data_r_reg[1]/C  (IS_INVERTED)
                         clock pessimism              0.344    88.985    
                         clock uncertainty           -0.251    88.733    
    OLOGIC_X0Y122        FDRE (Setup_fdre_C_D)       -0.707    88.026    u_demo_interp_dac8_audio_pcm_common/dac_data_r_reg[1]
  -------------------------------------------------------------------
                         required time                         88.026    
                         arrival time                         -11.320    
  -------------------------------------------------------------------
                         slack                                 76.706    

Slack (MET) :             76.776ns  (required time - arrival time)
  Source:                 rst_audio_datapath_n_reg/C
                            (rising edge-triggered cell FDRE clocked by u_dual_family_audio_clock/clk_48k_raw  {rise@0.000ns fall@81.379ns period=162.759ns})
  Destination:            u_demo_interp_dac8_audio_pcm_common/dac_data_r_reg[4]/R
                            (falling edge-triggered cell FDRE clocked by u_dual_family_audio_clock/clk_48k_raw  {rise@0.000ns fall@81.379ns period=162.759ns})
  Path Group:             u_dual_family_audio_clock/clk_48k_raw
  Path Type:              Setup (Max at Slow Process Corner)
  Requirement:            81.379ns  (u_dual_family_audio_clock/clk_48k_raw fall@81.379ns - u_dual_family_audio_clock/clk_48k_raw rise@0.000ns)
  Data Path Delay:        3.960ns  (logic 0.484ns (12.224%)  route 3.476ns (87.776%))
  Logic Levels:           1  (LUT6=1)
  Clock Path Skew:        0.040ns (DCD - SCD + CPR)
    Destination Clock Delay (DCD):    7.261ns = ( 88.640 - 81.379 ) 
    Source Clock Delay      (SCD):    7.565ns
    Clock Pessimism Removal (CPR):    0.344ns
  Clock Uncertainty:      0.251ns  ((TSJ^2 + DJ^2)^1/2) / 2 + PE
    Total System Jitter     (TSJ):    0.071ns
    Discrete Jitter          (DJ):    0.497ns
    Phase Error              (PE):    0.000ns

    Location             Delay type                Incr(ns)  Path(ns)    Netlist Resource(s)
  -------------------------------------------------------------------    -------------------
                         (clock u_dual_family_audio_clock/clk_48k_raw rise edge)
                                                      0.000     0.000 r  
    Y18                                               0.000     0.000 r  clk (IN)
                         net (fo=0)                   0.000     0.000    clk
    Y18                  IBUF (Prop_ibuf_I_O)         1.427     1.427 r  u_ibuf_sys_clk/O
                         net (fo=1, routed)           1.693     3.120    clk_ibuf
    BUFGCTRL_X0Y0        BUFG (Prop_bufg_I_O)         0.081     3.201 r  u_bufg_sys_clk/O
                         net (fo=58, routed)          1.374     4.575    clk_sys_bufg
    MMCME2_ADV_X0Y1      MMCME2_ADV (Prop_mmcme2_adv_CLKIN1_CLKOUT0)
                                                      0.077     4.652 r  u_dual_family_audio_clock/u_mmcm_48k/CLKOUT0
                         net (fo=1, routed)           1.425     6.077    u_dual_family_audio_clock/clk_48k_raw
    BUFGCTRL_X0Y16       BUFGCTRL (Prop_bufgctrl_I1_O)
                                                      0.081     6.158 r  u_dual_family_audio_clock/u_bufgmux_audio_family/O
                         net (fo=342, routed)         1.407     7.565    clk_audio_128x
    SLICE_X4Y78          FDRE                                         r  rst_audio_datapath_n_reg/C
  -------------------------------------------------------------------    -------------------
    SLICE_X4Y78          FDRE (Prop_fdre_C_Q)         0.379     7.944 f  rst_audio_datapath_n_reg/Q
                         net (fo=18, routed)          1.109     9.053    rst_audio_datapath_n
    SLICE_X4Y84          LUT6 (Prop_lut6_I5_O)        0.105     9.158 r  dac_data_r[7]_i_1/O
                         net (fo=8, routed)           2.367    11.524    dac_data_r[7]_i_1_n_0
    OLOGIC_X0Y120        FDRE                                         r  u_demo_interp_dac8_audio_pcm_common/dac_data_r_reg[4]/R
  -------------------------------------------------------------------    -------------------

                         (clock u_dual_family_audio_clock/clk_48k_raw fall edge)
                                                     81.379    81.379 f  
    Y18                                               0.000    81.379 f  clk (IN)
                         net (fo=0)                   0.000    81.379    clk
    Y18                  IBUF (Prop_ibuf_I_O)         1.361    82.740 f  u_ibuf_sys_clk/O
                         net (fo=1, routed)           1.604    84.344    clk_ibuf
    BUFGCTRL_X0Y0        BUFG (Prop_bufg_I_O)         0.077    84.421 f  u_bufg_sys_clk/O
                         net (fo=58, routed)          1.270    85.691    clk_sys_bufg
    MMCME2_ADV_X0Y1      MMCME2_ADV (Prop_mmcme2_adv_CLKIN1_CLKOUT0)
                                                      0.073    85.764 f  u_dual_family_audio_clock/u_mmcm_48k/CLKOUT0
                         net (fo=1, routed)           1.357    87.122    u_dual_family_audio_clock/clk_48k_raw
    BUFGCTRL_X0Y16       BUFGCTRL (Prop_bufgctrl_I1_O)
                                                      0.077    87.199 f  u_dual_family_audio_clock/u_bufgmux_audio_family/O
                         net (fo=342, routed)         1.442    88.640    clk_audio_128x
    OLOGIC_X0Y120        FDRE                                         r  u_demo_interp_dac8_audio_pcm_common/dac_data_r_reg[4]/C  (IS_INVERTED)
                         clock pessimism              0.344    88.985    
                         clock uncertainty           -0.251    88.733    
    OLOGIC_X0Y120        FDRE (Setup_fdre_C_R)       -0.433    88.300    u_demo_interp_dac8_audio_pcm_common/dac_data_r_reg[4]
  -------------------------------------------------------------------
                         required time                         88.300    
                         arrival time                         -11.524    
  -------------------------------------------------------------------
                         slack                                 76.776    

Slack (MET) :             76.961ns  (required time - arrival time)
  Source:                 rst_audio_datapath_n_reg/C
                            (rising edge-triggered cell FDRE clocked by u_dual_family_audio_clock/clk_48k_raw  {rise@0.000ns fall@81.379ns period=162.759ns})
  Destination:            u_demo_interp_dac8_audio_pcm_common/dac_data_r_reg[7]/S
                            (falling edge-triggered cell FDSE clocked by u_dual_family_audio_clock/clk_48k_raw  {rise@0.000ns fall@81.379ns period=162.759ns})
  Path Group:             u_dual_family_audio_clock/clk_48k_raw
  Path Type:              Setup (Max at Slow Process Corner)
  Requirement:            81.379ns  (u_dual_family_audio_clock/clk_48k_raw fall@81.379ns - u_dual_family_audio_clock/clk_48k_raw rise@0.000ns)
  Data Path Delay:        3.773ns  (logic 0.484ns (12.829%)  route 3.289ns (87.172%))
  Logic Levels:           1  (LUT6=1)
  Clock Path Skew:        0.038ns (DCD - SCD + CPR)
    Destination Clock Delay (DCD):    7.259ns = ( 88.638 - 81.379 ) 
    Source Clock Delay      (SCD):    7.565ns
    Clock Pessimism Removal (CPR):    0.344ns
  Clock Uncertainty:      0.251ns  ((TSJ^2 + DJ^2)^1/2) / 2 + PE
    Total System Jitter     (TSJ):    0.071ns
    Discrete Jitter          (DJ):    0.497ns
    Phase Error              (PE):    0.000ns

    Location             Delay type                Incr(ns)  Path(ns)    Netlist Resource(s)
  -------------------------------------------------------------------    -------------------
                         (clock u_dual_family_audio_clock/clk_48k_raw rise edge)
                                                      0.000     0.000 r  
    Y18                                               0.000     0.000 r  clk (IN)
                         net (fo=0)                   0.000     0.000    clk
    Y18                  IBUF (Prop_ibuf_I_O)         1.427     1.427 r  u_ibuf_sys_clk/O
                         net (fo=1, routed)           1.693     3.120    clk_ibuf
    BUFGCTRL_X0Y0        BUFG (Prop_bufg_I_O)         0.081     3.201 r  u_bufg_sys_clk/O
                         net (fo=58, routed)          1.374     4.575    clk_sys_bufg
    MMCME2_ADV_X0Y1      MMCME2_ADV (Prop_mmcme2_adv_CLKIN1_CLKOUT0)
                                                      0.077     4.652 r  u_dual_family_audio_clock/u_mmcm_48k/CLKOUT0
                         net (fo=1, routed)           1.425     6.077    u_dual_family_audio_clock/clk_48k_raw
    BUFGCTRL_X0Y16       BUFGCTRL (Prop_bufgctrl_I1_O)
                                                      0.081     6.158 r  u_dual_family_audio_clock/u_bufgmux_audio_family/O
                         net (fo=342, routed)         1.407     7.565    clk_audio_128x
    SLICE_X4Y78          FDRE                                         r  rst_audio_datapath_n_reg/C
  -------------------------------------------------------------------    -------------------
    SLICE_X4Y78          FDRE (Prop_fdre_C_Q)         0.379     7.944 f  rst_audio_datapath_n_reg/Q
                         net (fo=18, routed)          1.109     9.053    rst_audio_datapath_n
    SLICE_X4Y84          LUT6 (Prop_lut6_I5_O)        0.105     9.158 r  dac_data_r[7]_i_1/O
                         net (fo=8, routed)           2.180    11.338    dac_data_r[7]_i_1_n_0
    OLOGIC_X0Y125        FDSE                                         r  u_demo_interp_dac8_audio_pcm_common/dac_data_r_reg[7]/S
  -------------------------------------------------------------------    -------------------

                         (clock u_dual_family_audio_clock/clk_48k_raw fall edge)
                                                     81.379    81.379 f  
    Y18                                               0.000    81.379 f  clk (IN)
                         net (fo=0)                   0.000    81.379    clk
    Y18                  IBUF (Prop_ibuf_I_O)         1.361    82.740 f  u_ibuf_sys_clk/O
                         net (fo=1, routed)           1.604    84.344    clk_ibuf
    BUFGCTRL_X0Y0        BUFG (Prop_bufg_I_O)         0.077    84.421 f  u_bufg_sys_clk/O
                         net (fo=58, routed)          1.270    85.691    clk_sys_bufg
    MMCME2_ADV_X0Y1      MMCME2_ADV (Prop_mmcme2_adv_CLKIN1_CLKOUT0)
                                                      0.073    85.764 f  u_dual_family_audio_clock/u_mmcm_48k/CLKOUT0
                         net (fo=1, routed)           1.357    87.122    u_dual_family_audio_clock/clk_48k_raw
    BUFGCTRL_X0Y16       BUFGCTRL (Prop_bufgctrl_I1_O)
                                                      0.077    87.199 f  u_dual_family_audio_clock/u_bufgmux_audio_family/O
                         net (fo=342, routed)         1.440    88.638    clk_audio_128x
    OLOGIC_X0Y125        FDSE                                         r  u_demo_interp_dac8_audio_pcm_common/dac_data_r_reg[7]/C  (IS_INVERTED)
                         clock pessimism              0.344    88.983    
                         clock uncertainty           -0.251    88.731    
    OLOGIC_X0Y125        FDSE (Setup_fdse_C_S)       -0.433    88.298    u_demo_interp_dac8_audio_pcm_common/dac_data_r_reg[7]
  -------------------------------------------------------------------
                         required time                         88.298    
                         arrival time                         -11.338    
  -------------------------------------------------------------------
                         slack                                 76.961    

Slack (MET) :             76.964ns  (required time - arrival time)
  Source:                 u_demo_interp_dac8_audio_pcm_common/gen_dual_rate_test_tone.u_dual_rate_test_tone_rom_source/rom_word_q_reg/CLKARDCLK
                            (rising edge-triggered cell RAMB18E1 clocked by u_dual_family_audio_clock/clk_48k_raw  {rise@0.000ns fall@81.379ns period=162.759ns})
  Destination:            u_demo_interp_dac8_audio_pcm_common/dac_data_r_reg[0]/D
                            (falling edge-triggered cell FDRE clocked by u_dual_family_audio_clock/clk_48k_raw  {rise@0.000ns fall@81.379ns period=162.759ns})
  Path Group:             u_dual_family_audio_clock/clk_48k_raw
  Path Type:              Setup (Max at Slow Process Corner)
  Requirement:            81.379ns  (u_dual_family_audio_clock/clk_48k_raw fall@81.379ns - u_dual_family_audio_clock/clk_48k_raw rise@0.000ns)
  Data Path Delay:        3.430ns  (logic 0.944ns (27.519%)  route 2.486ns (72.481%))
  Logic Levels:           2  (LUT5=1 LUT6=1)
  Clock Path Skew:        -0.027ns (DCD - SCD + CPR)
    Destination Clock Delay (DCD):    7.104ns = ( 88.484 - 81.379 ) 
    Source Clock Delay      (SCD):    7.535ns
    Clock Pessimism Removal (CPR):    0.403ns
  Clock Uncertainty:      0.251ns  ((TSJ^2 + DJ^2)^1/2) / 2 + PE
    Total System Jitter     (TSJ):    0.071ns
    Discrete Jitter          (DJ):    0.497ns
    Phase Error              (PE):    0.000ns

    Location             Delay type                Incr(ns)  Path(ns)    Netlist Resource(s)
  -------------------------------------------------------------------    -------------------
                         (clock u_dual_family_audio_clock/clk_48k_raw rise edge)
                                                      0.000     0.000 r  
    Y18                                               0.000     0.000 r  clk (IN)
                         net (fo=0)                   0.000     0.000    clk
    Y18                  IBUF (Prop_ibuf_I_O)         1.427     1.427 r  u_ibuf_sys_clk/O
                         net (fo=1, routed)           1.693     3.120    clk_ibuf
    BUFGCTRL_X0Y0        BUFG (Prop_bufg_I_O)         0.081     3.201 r  u_bufg_sys_clk/O
                         net (fo=58, routed)          1.374     4.575    clk_sys_bufg
    MMCME2_ADV_X0Y1      MMCME2_ADV (Prop_mmcme2_adv_CLKIN1_CLKOUT0)
                                                      0.077     4.652 r  u_dual_family_audio_clock/u_mmcm_48k/CLKOUT0
                         net (fo=1, routed)           1.425     6.077    u_dual_family_audio_clock/clk_48k_raw
    BUFGCTRL_X0Y16       BUFGCTRL (Prop_bufgctrl_I1_O)
                                                      0.081     6.158 r  u_dual_family_audio_clock/u_bufgmux_audio_family/O
                         net (fo=342, routed)         1.377     7.535    clk_audio_128x
    RAMB18_X0Y29         RAMB18E1                                     r  u_demo_interp_dac8_audio_pcm_common/gen_dual_rate_test_tone.u_dual_rate_test_tone_rom_source/rom_word_q_reg/CLKARDCLK
  -------------------------------------------------------------------    -------------------
    RAMB18_X0Y29         RAMB18E1 (Prop_ramb18e1_CLKARDCLK_DOPADOP[0])
                                                      0.734     8.269 r  u_demo_interp_dac8_audio_pcm_common/gen_dual_rate_test_tone.u_dual_rate_test_tone_rom_source/rom_word_q_reg/DOPADOP[0]
                         net (fo=2, routed)           1.198     9.467    u_demo_interp_dac8_audio_pcm_common/audio_sample_w[16]
    SLICE_X10Y82         LUT5 (Prop_lut5_I3_O)        0.105     9.572 r  board_demo_comp_LUT5_3/O
                         net (fo=1, routed)           0.374     9.946    dac_data_r[0]_i_2_n_0
    SLICE_X10Y82         LUT6 (Prop_lut6_I5_O)        0.105    10.051 r  dac_data_r[0]_i_1/O
                         net (fo=1, routed)           0.914    10.965    dac_data_r[0]_i_1_n_0
    OLOGIC_X0Y75         FDRE                                         r  u_demo_interp_dac8_audio_pcm_common/dac_data_r_reg[0]/D
  -------------------------------------------------------------------    -------------------

                         (clock u_dual_family_audio_clock/clk_48k_raw fall edge)
                                                     81.379    81.379 f  
    Y18                                               0.000    81.379 f  clk (IN)
                         net (fo=0)                   0.000    81.379    clk
    Y18                  IBUF (Prop_ibuf_I_O)         1.361    82.740 f  u_ibuf_sys_clk/O
                         net (fo=1, routed)           1.604    84.344    clk_ibuf
    BUFGCTRL_X0Y0        BUFG (Prop_bufg_I_O)         0.077    84.421 f  u_bufg_sys_clk/O
                         net (fo=58, routed)          1.270    85.691    clk_sys_bufg
    MMCME2_ADV_X0Y1      MMCME2_ADV (Prop_mmcme2_adv_CLKIN1_CLKOUT0)
                                                      0.073    85.764 f  u_dual_family_audio_clock/u_mmcm_48k/CLKOUT0
                         net (fo=1, routed)           1.357    87.122    u_dual_family_audio_clock/clk_48k_raw
    BUFGCTRL_X0Y16       BUFGCTRL (Prop_bufgctrl_I1_O)
                                                      0.077    87.199 f  u_dual_family_audio_clock/u_bufgmux_audio_family/O
                         net (fo=342, routed)         1.285    88.484    clk_audio_128x
    OLOGIC_X0Y75         FDRE                                         r  u_demo_interp_dac8_audio_pcm_common/dac_data_r_reg[0]/C  (IS_INVERTED)
                         clock pessimism              0.403    88.887    
                         clock uncertainty           -0.251    88.636    
    OLOGIC_X0Y75         FDRE (Setup_fdre_C_D)       -0.707    87.929    u_demo_interp_dac8_audio_pcm_common/dac_data_r_reg[0]
  -------------------------------------------------------------------
                         required time                         87.929    
                         arrival time                         -10.965    
  -------------------------------------------------------------------
                         slack                                 76.964    

Slack (MET) :             77.035ns  (required time - arrival time)
  Source:                 rst_audio_datapath_n_reg/C
                            (rising edge-triggered cell FDRE clocked by u_dual_family_audio_clock/clk_48k_raw  {rise@0.000ns fall@81.379ns period=162.759ns})
  Destination:            u_demo_interp_dac8_audio_pcm_common/dac_data_r_reg[1]/R
                            (falling edge-triggered cell FDRE clocked by u_dual_family_audio_clock/clk_48k_raw  {rise@0.000ns fall@81.379ns period=162.759ns})
  Path Group:             u_dual_family_audio_clock/clk_48k_raw
  Path Type:              Setup (Max at Slow Process Corner)
  Requirement:            81.379ns  (u_dual_family_audio_clock/clk_48k_raw fall@81.379ns - u_dual_family_audio_clock/clk_48k_raw rise@0.000ns)
  Data Path Delay:        3.701ns  (logic 0.484ns (13.079%)  route 3.217ns (86.921%))
  Logic Levels:           1  (LUT6=1)
  Clock Path Skew:        0.040ns (DCD - SCD + CPR)
    Destination Clock Delay (DCD):    7.261ns = ( 88.640 - 81.379 ) 
    Source Clock Delay      (SCD):    7.565ns
    Clock Pessimism Removal (CPR):    0.344ns
  Clock Uncertainty:      0.251ns  ((TSJ^2 + DJ^2)^1/2) / 2 + PE
    Total System Jitter     (TSJ):    0.071ns
    Discrete Jitter          (DJ):    0.497ns
    Phase Error              (PE):    0.000ns

    Location             Delay type                Incr(ns)  Path(ns)    Netlist Resource(s)
  -------------------------------------------------------------------    -------------------
                         (clock u_dual_family_audio_clock/clk_48k_raw rise edge)
                                                      0.000     0.000 r  
    Y18                                               0.000     0.000 r  clk (IN)
                         net (fo=0)                   0.000     0.000    clk
    Y18                  IBUF (Prop_ibuf_I_O)         1.427     1.427 r  u_ibuf_sys_clk/O
                         net (fo=1, routed)           1.693     3.120    clk_ibuf
    BUFGCTRL_X0Y0        BUFG (Prop_bufg_I_O)         0.081     3.201 r  u_bufg_sys_clk/O
                         net (fo=58, routed)          1.374     4.575    clk_sys_bufg
    MMCME2_ADV_X0Y1      MMCME2_ADV (Prop_mmcme2_adv_CLKIN1_CLKOUT0)
                                                      0.077     4.652 r  u_dual_family_audio_clock/u_mmcm_48k/CLKOUT0
                         net (fo=1, routed)           1.425     6.077    u_dual_family_audio_clock/clk_48k_raw
    BUFGCTRL_X0Y16       BUFGCTRL (Prop_bufgctrl_I1_O)
                                                      0.081     6.158 r  u_dual_family_audio_clock/u_bufgmux_audio_family/O
                         net (fo=342, routed)         1.407     7.565    clk_audio_128x
    SLICE_X4Y78          FDRE                                         r  rst_audio_datapath_n_reg/C
  -------------------------------------------------------------------    -------------------
    SLICE_X4Y78          FDRE (Prop_fdre_C_Q)         0.379     7.944 f  rst_audio_datapath_n_reg/Q
                         net (fo=18, routed)          1.109     9.053    rst_audio_datapath_n
    SLICE_X4Y84          LUT6 (Prop_lut6_I5_O)        0.105     9.158 r  dac_data_r[7]_i_1/O
                         net (fo=8, routed)           2.108    11.266    dac_data_r[7]_i_1_n_0
    OLOGIC_X0Y122        FDRE                                         r  u_demo_interp_dac8_audio_pcm_common/dac_data_r_reg[1]/R
  -------------------------------------------------------------------    -------------------

                         (clock u_dual_family_audio_clock/clk_48k_raw fall edge)
                                                     81.379    81.379 f  
    Y18                                               0.000    81.379 f  clk (IN)
                         net (fo=0)                   0.000    81.379    clk
    Y18                  IBUF (Prop_ibuf_I_O)         1.361    82.740 f  u_ibuf_sys_clk/O
                         net (fo=1, routed)           1.604    84.344    clk_ibuf
    BUFGCTRL_X0Y0        BUFG (Prop_bufg_I_O)         0.077    84.421 f  u_bufg_sys_clk/O
                         net (fo=58, routed)          1.270    85.691    clk_sys_bufg
    MMCME2_ADV_X0Y1      MMCME2_ADV (Prop_mmcme2_adv_CLKIN1_CLKOUT0)
                                                      0.073    85.764 f  u_dual_family_audio_clock/u_mmcm_48k/CLKOUT0
                         net (fo=1, routed)           1.357    87.122    u_dual_family_audio_clock/clk_48k_raw
    BUFGCTRL_X0Y16       BUFGCTRL (Prop_bufgctrl_I1_O)
                                                      0.077    87.199 f  u_dual_family_audio_clock/u_bufgmux_audio_family/O
                         net (fo=342, routed)         1.442    88.640    clk_audio_128x
    OLOGIC_X0Y122        FDRE                                         r  u_demo_interp_dac8_audio_pcm_common/dac_data_r_reg[1]/C  (IS_INVERTED)
                         clock pessimism              0.344    88.985    
                         clock uncertainty           -0.251    88.733    
    OLOGIC_X0Y122        FDRE (Setup_fdre_C_R)       -0.433    88.300    u_demo_interp_dac8_audio_pcm_common/dac_data_r_reg[1]
  -------------------------------------------------------------------
                         required time                         88.300    
                         arrival time                         -11.266    
  -------------------------------------------------------------------
                         slack                                 77.035    

Slack (MET) :             77.274ns  (required time - arrival time)
  Source:                 u_demo_interp_dac8_audio_pcm_common/gen_dual_rate_test_tone.u_dual_rate_test_tone_rom_source/sample_out_reg[19]/C
                            (rising edge-triggered cell FDRE clocked by u_dual_family_audio_clock/clk_48k_raw  {rise@0.000ns fall@81.379ns period=162.759ns})
  Destination:            u_demo_interp_dac8_audio_pcm_common/dac_data_r_reg[3]/D
                            (falling edge-triggered cell FDRE clocked by u_dual_family_audio_clock/clk_48k_raw  {rise@0.000ns fall@81.379ns period=162.759ns})
  Path Group:             u_dual_family_audio_clock/clk_48k_raw
  Path Type:              Setup (Max at Slow Process Corner)
  Requirement:            81.379ns  (u_dual_family_audio_clock/clk_48k_raw fall@81.379ns - u_dual_family_audio_clock/clk_48k_raw rise@0.000ns)
  Data Path Delay:        3.172ns  (logic 0.643ns (20.274%)  route 2.529ns (79.726%))
  Logic Levels:           2  (LUT5=1 LUT6=1)
  Clock Path Skew:        0.025ns (DCD - SCD + CPR)
    Destination Clock Delay (DCD):    7.116ns = ( 88.496 - 81.379 ) 
    Source Clock Delay      (SCD):    7.495ns
    Clock Pessimism Removal (CPR):    0.403ns
  Clock Uncertainty:      0.251ns  ((TSJ^2 + DJ^2)^1/2) / 2 + PE
    Total System Jitter     (TSJ):    0.071ns
    Discrete Jitter          (DJ):    0.497ns
    Phase Error              (PE):    0.000ns

    Location             Delay type                Incr(ns)  Path(ns)    Netlist Resource(s)
  -------------------------------------------------------------------    -------------------
                         (clock u_dual_family_audio_clock/clk_48k_raw rise edge)
                                                      0.000     0.000 r  
    Y18                                               0.000     0.000 r  clk (IN)
                         net (fo=0)                   0.000     0.000    clk
    Y18                  IBUF (Prop_ibuf_I_O)         1.427     1.427 r  u_ibuf_sys_clk/O
                         net (fo=1, routed)           1.693     3.120    clk_ibuf
    BUFGCTRL_X0Y0        BUFG (Prop_bufg_I_O)         0.081     3.201 r  u_bufg_sys_clk/O
                         net (fo=58, routed)          1.374     4.575    clk_sys_bufg
    MMCME2_ADV_X0Y1      MMCME2_ADV (Prop_mmcme2_adv_CLKIN1_CLKOUT0)
                                                      0.077     4.652 r  u_dual_family_audio_clock/u_mmcm_48k/CLKOUT0
                         net (fo=1, routed)           1.425     6.077    u_dual_family_audio_clock/clk_48k_raw
    BUFGCTRL_X0Y16       BUFGCTRL (Prop_bufgctrl_I1_O)
                                                      0.081     6.158 r  u_dual_family_audio_clock/u_bufgmux_audio_family/O
                         net (fo=342, routed)         1.337     7.495    clk_audio_128x
    SLICE_X8Y74          FDRE                                         r  u_demo_interp_dac8_audio_pcm_common/gen_dual_rate_test_tone.u_dual_rate_test_tone_rom_source/sample_out_reg[19]/C
  -------------------------------------------------------------------    -------------------
    SLICE_X8Y74          FDRE (Prop_fdre_C_Q)         0.433     7.928 r  u_demo_interp_dac8_audio_pcm_common/gen_dual_rate_test_tone.u_dual_rate_test_tone_rom_source/sample_out_reg[19]/Q
                         net (fo=2, routed)           1.266     9.194    u_demo_interp_dac8_audio_pcm_common/audio_sample_w[19]
    SLICE_X10Y82         LUT5 (Prop_lut5_I3_O)        0.105     9.299 r  board_demo_comp_LUT5_5/O
                         net (fo=1, routed)           0.467     9.766    dac_data_r[3]_i_2_n_0
    SLICE_X9Y85          LUT6 (Prop_lut6_I5_O)        0.105     9.871 r  dac_data_r[3]_i_1/O
                         net (fo=1, routed)           0.795    10.666    dac_data_r[3]_i_1_n_0
    OLOGIC_X0Y91         FDRE                                         r  u_demo_interp_dac8_audio_pcm_common/dac_data_r_reg[3]/D
  -------------------------------------------------------------------    -------------------

                         (clock u_dual_family_audio_clock/clk_48k_raw fall edge)
                                                     81.379    81.379 f  
    Y18                                               0.000    81.379 f  clk (IN)
                         net (fo=0)                   0.000    81.379    clk
    Y18                  IBUF (Prop_ibuf_I_O)         1.361    82.740 f  u_ibuf_sys_clk/O
                         net (fo=1, routed)           1.604    84.344    clk_ibuf
    BUFGCTRL_X0Y0        BUFG (Prop_bufg_I_O)         0.077    84.421 f  u_bufg_sys_clk/O
                         net (fo=58, routed)          1.270    85.691    clk_sys_bufg
    MMCME2_ADV_X0Y1      MMCME2_ADV (Prop_mmcme2_adv_CLKIN1_CLKOUT0)
                                                      0.073    85.764 f  u_dual_family_audio_clock/u_mmcm_48k/CLKOUT0
                         net (fo=1, routed)           1.357    87.122    u_dual_family_audio_clock/clk_48k_raw
    BUFGCTRL_X0Y16       BUFGCTRL (Prop_bufgctrl_I1_O)
                                                      0.077    87.199 f  u_dual_family_audio_clock/u_bufgmux_audio_family/O
                         net (fo=342, routed)         1.297    88.496    clk_audio_128x
    OLOGIC_X0Y91         FDRE                                         r  u_demo_interp_dac8_audio_pcm_common/dac_data_r_reg[3]/C  (IS_INVERTED)
                         clock pessimism              0.403    88.899    
                         clock uncertainty           -0.251    88.648    
    OLOGIC_X0Y91         FDRE (Setup_fdre_C_D)       -0.707    87.941    u_demo_interp_dac8_audio_pcm_common/dac_data_r_reg[3]
  -------------------------------------------------------------------
                         required time                         87.941    
                         arrival time                         -10.666    
  -------------------------------------------------------------------
                         slack                                 77.274    





Min Delay Paths
--------------------------------------------------------------------------------------
Slack (MET) :             0.085ns  (arrival time - required time)
  Source:                 u_demo_interp_dac8_audio_pcm_common/gen_dual_rate_test_tone.u_dual_rate_test_tone_rom_source/rd_addr_reg_rep[5]/C
                            (rising edge-triggered cell FDRE clocked by u_dual_family_audio_clock/clk_48k_raw  {rise@0.000ns fall@81.379ns period=162.759ns})
  Destination:            u_demo_interp_dac8_audio_pcm_common/gen_dual_rate_test_tone.u_dual_rate_test_tone_rom_source/rom_word_q_reg/ADDRARDADDR[9]
                            (rising edge-triggered cell RAMB18E1 clocked by u_dual_family_audio_clock/clk_48k_raw  {rise@0.000ns fall@81.379ns period=162.759ns})
  Path Group:             u_dual_family_audio_clock/clk_48k_raw
  Path Type:              Hold (Min at Fast Process Corner)
  Requirement:            0.000ns  (u_dual_family_audio_clock/clk_48k_raw rise@0.000ns - u_dual_family_audio_clock/clk_48k_raw rise@0.000ns)
  Data Path Delay:        0.318ns  (logic 0.164ns (51.605%)  route 0.154ns (48.395%))
  Logic Levels:           0  
  Clock Path Skew:        0.050ns (DCD - SCD - CPR)
    Destination Clock Delay (DCD):    3.454ns
    Source Clock Delay      (SCD):    2.587ns
    Clock Pessimism Removal (CPR):    0.817ns

    Location             Delay type                Incr(ns)  Path(ns)    Netlist Resource(s)
  -------------------------------------------------------------------    -------------------
                         (clock u_dual_family_audio_clock/clk_48k_raw rise edge)
                                                      0.000     0.000 r  
    Y18                                               0.000     0.000 r  clk (IN)
                         net (fo=0)                   0.000     0.000    clk
    Y18                  IBUF (Prop_ibuf_I_O)         0.264     0.264 r  u_ibuf_sys_clk/O
                         net (fo=1, routed)           0.634     0.898    clk_ibuf
    BUFGCTRL_X0Y0        BUFG (Prop_bufg_I_O)         0.026     0.924 r  u_bufg_sys_clk/O
                         net (fo=58, routed)          0.547     1.470    clk_sys_bufg
    MMCME2_ADV_X0Y1      MMCME2_ADV (Prop_mmcme2_adv_CLKIN1_CLKOUT0)
                                                      0.050     1.520 r  u_dual_family_audio_clock/u_mmcm_48k/CLKOUT0
                         net (fo=1, routed)           0.489     2.009    u_dual_family_audio_clock/clk_48k_raw
    BUFGCTRL_X0Y16       BUFGCTRL (Prop_bufgctrl_I1_O)
                                                      0.026     2.035 r  u_dual_family_audio_clock/u_bufgmux_audio_family/O
                         net (fo=342, routed)         0.552     2.587    clk_audio_128x
    SLICE_X8Y72          FDRE                                         r  u_demo_interp_dac8_audio_pcm_common/gen_dual_rate_test_tone.u_dual_rate_test_tone_rom_source/rd_addr_reg_rep[5]/C
  -------------------------------------------------------------------    -------------------
    SLICE_X8Y72          FDRE (Prop_fdre_C_Q)         0.164     2.751 r  u_demo_interp_dac8_audio_pcm_common/gen_dual_rate_test_tone.u_dual_rate_test_tone_rom_source/rd_addr_reg_rep[5]/Q
                         net (fo=2, routed)           0.154     2.905    u_demo_interp_dac8_audio_pcm_common/gen_dual_rate_test_tone.u_dual_rate_test_tone_rom_source/rd_addr_reg_rep_n_0_[5]
    RAMB18_X0Y29         RAMB18E1                                     r  u_demo_interp_dac8_audio_pcm_common/gen_dual_rate_test_tone.u_dual_rate_test_tone_rom_source/rom_word_q_reg/ADDRARDADDR[9]
  -------------------------------------------------------------------    -------------------

                         (clock u_dual_family_audio_clock/clk_48k_raw rise edge)
                                                      0.000     0.000 r  
    Y18                                               0.000     0.000 r  clk (IN)
                         net (fo=0)                   0.000     0.000    clk
    Y18                  IBUF (Prop_ibuf_I_O)         0.452     0.452 r  u_ibuf_sys_clk/O
                         net (fo=1, routed)           0.689     1.140    clk_ibuf
    BUFGCTRL_X0Y0        BUFG (Prop_bufg_I_O)         0.029     1.169 r  u_bufg_sys_clk/O
                         net (fo=58, routed)          0.813     1.983    clk_sys_bufg
    MMCME2_ADV_X0Y1      MMCME2_ADV (Prop_mmcme2_adv_CLKIN1_CLKOUT0)
                                                      0.053     2.036 r  u_dual_family_audio_clock/u_mmcm_48k/CLKOUT0
                         net (fo=1, routed)           0.534     2.569    u_dual_family_audio_clock/clk_48k_raw
    BUFGCTRL_X0Y16       BUFGCTRL (Prop_bufgctrl_I1_O)
                                                      0.029     2.598 r  u_dual_family_audio_clock/u_bufgmux_audio_family/O
                         net (fo=342, routed)         0.855     3.454    clk_audio_128x
    RAMB18_X0Y29         RAMB18E1                                     r  u_demo_interp_dac8_audio_pcm_common/gen_dual_rate_test_tone.u_dual_rate_test_tone_rom_source/rom_word_q_reg/CLKARDCLK
                         clock pessimism             -0.817     2.637    
    RAMB18_X0Y29         RAMB18E1 (Hold_ramb18e1_CLKARDCLK_ADDRARDADDR[9])
                                                      0.183     2.820    u_demo_interp_dac8_audio_pcm_common/gen_dual_rate_test_tone.u_dual_rate_test_tone_rom_source/rom_word_q_reg
  -------------------------------------------------------------------
                         required time                         -2.820    
                         arrival time                           2.905    
  -------------------------------------------------------------------
                         slack                                  0.085    

Slack (MET) :             0.088ns  (arrival time - required time)
  Source:                 u_demo_interp_dac8_audio_pcm_common/gen_dual_rate_test_tone.u_dual_rate_test_tone_rom_source/rd_addr_reg_rep[3]/C
                            (rising edge-triggered cell FDRE clocked by u_dual_family_audio_clock/clk_48k_raw  {rise@0.000ns fall@81.379ns period=162.759ns})
  Destination:            u_demo_interp_dac8_audio_pcm_common/gen_dual_rate_test_tone.u_dual_rate_test_tone_rom_source/rom_word_q_reg/ADDRARDADDR[7]
                            (rising edge-triggered cell RAMB18E1 clocked by u_dual_family_audio_clock/clk_48k_raw  {rise@0.000ns fall@81.379ns period=162.759ns})
  Path Group:             u_dual_family_audio_clock/clk_48k_raw
  Path Type:              Hold (Min at Fast Process Corner)
  Requirement:            0.000ns  (u_dual_family_audio_clock/clk_48k_raw rise@0.000ns - u_dual_family_audio_clock/clk_48k_raw rise@0.000ns)
  Data Path Delay:        0.321ns  (logic 0.164ns (51.118%)  route 0.157ns (48.882%))
  Logic Levels:           0  
  Clock Path Skew:        0.050ns (DCD - SCD - CPR)
    Destination Clock Delay (DCD):    3.454ns
    Source Clock Delay      (SCD):    2.587ns
    Clock Pessimism Removal (CPR):    0.817ns

    Location             Delay type                Incr(ns)  Path(ns)    Netlist Resource(s)
  -------------------------------------------------------------------    -------------------
                         (clock u_dual_family_audio_clock/clk_48k_raw rise edge)
                                                      0.000     0.000 r  
    Y18                                               0.000     0.000 r  clk (IN)
                         net (fo=0)                   0.000     0.000    clk
    Y18                  IBUF (Prop_ibuf_I_O)         0.264     0.264 r  u_ibuf_sys_clk/O
                         net (fo=1, routed)           0.634     0.898    clk_ibuf
    BUFGCTRL_X0Y0        BUFG (Prop_bufg_I_O)         0.026     0.924 r  u_bufg_sys_clk/O
                         net (fo=58, routed)          0.547     1.470    clk_sys_bufg
    MMCME2_ADV_X0Y1      MMCME2_ADV (Prop_mmcme2_adv_CLKIN1_CLKOUT0)
                                                      0.050     1.520 r  u_dual_family_audio_clock/u_mmcm_48k/CLKOUT0
                         net (fo=1, routed)           0.489     2.009    u_dual_family_audio_clock/clk_48k_raw
    BUFGCTRL_X0Y16       BUFGCTRL (Prop_bufgctrl_I1_O)
                                                      0.026     2.035 r  u_dual_family_audio_clock/u_bufgmux_audio_family/O
                         net (fo=342, routed)         0.552     2.587    clk_audio_128x
    SLICE_X8Y72          FDRE                                         r  u_demo_interp_dac8_audio_pcm_common/gen_dual_rate_test_tone.u_dual_rate_test_tone_rom_source/rd_addr_reg_rep[3]/C
  -------------------------------------------------------------------    -------------------
    SLICE_X8Y72          FDRE (Prop_fdre_C_Q)         0.164     2.751 r  u_demo_interp_dac8_audio_pcm_common/gen_dual_rate_test_tone.u_dual_rate_test_tone_rom_source/rd_addr_reg_rep[3]/Q
                         net (fo=2, routed)           0.157     2.908    u_demo_interp_dac8_audio_pcm_common/gen_dual_rate_test_tone.u_dual_rate_test_tone_rom_source/rd_addr_reg_rep_n_0_[3]
    RAMB18_X0Y29         RAMB18E1                                     r  u_demo_interp_dac8_audio_pcm_common/gen_dual_rate_test_tone.u_dual_rate_test_tone_rom_source/rom_word_q_reg/ADDRARDADDR[7]
  -------------------------------------------------------------------    -------------------

                         (clock u_dual_family_audio_clock/clk_48k_raw rise edge)
                                                      0.000     0.000 r  
    Y18                                               0.000     0.000 r  clk (IN)
                         net (fo=0)                   0.000     0.000    clk
    Y18                  IBUF (Prop_ibuf_I_O)         0.452     0.452 r  u_ibuf_sys_clk/O
                         net (fo=1, routed)           0.689     1.140    clk_ibuf
    BUFGCTRL_X0Y0        BUFG (Prop_bufg_I_O)         0.029     1.169 r  u_bufg_sys_clk/O
                         net (fo=58, routed)          0.813     1.983    clk_sys_bufg
    MMCME2_ADV_X0Y1      MMCME2_ADV (Prop_mmcme2_adv_CLKIN1_CLKOUT0)
                                                      0.053     2.036 r  u_dual_family_audio_clock/u_mmcm_48k/CLKOUT0
                         net (fo=1, routed)           0.534     2.569    u_dual_family_audio_clock/clk_48k_raw
    BUFGCTRL_X0Y16       BUFGCTRL (Prop_bufgctrl_I1_O)
                                                      0.029     2.598 r  u_dual_family_audio_clock/u_bufgmux_audio_family/O
                         net (fo=342, routed)         0.855     3.454    clk_audio_128x
    RAMB18_X0Y29         RAMB18E1                                     r  u_demo_interp_dac8_audio_pcm_common/gen_dual_rate_test_tone.u_dual_rate_test_tone_rom_source/rom_word_q_reg/CLKARDCLK
                         clock pessimism             -0.817     2.637    
    RAMB18_X0Y29         RAMB18E1 (Hold_ramb18e1_CLKARDCLK_ADDRARDADDR[7])
                                                      0.183     2.820    u_demo_interp_dac8_audio_pcm_common/gen_dual_rate_test_tone.u_dual_rate_test_tone_rom_source/rom_word_q_reg
  -------------------------------------------------------------------
                         required time                         -2.820    
                         arrival time                           2.908    
  -------------------------------------------------------------------
                         slack                                  0.088    

Slack (MET) :             0.097ns  (arrival time - required time)
  Source:                 u_demo_interp_dac8_audio_pcm_common/gen_phase7_folded.u_interp128_all2x_v7_folded_fir_cic_top_ce/gen_single_bram_stage1.u_interp2_stage1_strict_halfband_bram_ce/wr_ptr_reg[0]/C
                            (rising edge-triggered cell FDRE clocked by u_dual_family_audio_clock/clk_48k_raw  {rise@0.000ns fall@81.379ns period=162.759ns})
  Destination:            u_demo_interp_dac8_audio_pcm_common/gen_phase7_folded.u_interp128_all2x_v7_folded_fir_cic_top_ce/gen_single_bram_stage1.u_interp2_stage1_strict_halfband_bram_ce/u_nf_stage1_history_ramb18_sdp/gen_primitive.u_stage1_history_ramb18e1/ADDRBWRADDR[5]
                            (rising edge-triggered cell RAMB18E1 clocked by u_dual_family_audio_clock/clk_48k_raw  {rise@0.000ns fall@81.379ns period=162.759ns})
  Path Group:             u_dual_family_audio_clock/clk_48k_raw
  Path Type:              Hold (Min at Fast Process Corner)
  Requirement:            0.000ns  (u_dual_family_audio_clock/clk_48k_raw rise@0.000ns - u_dual_family_audio_clock/clk_48k_raw rise@0.000ns)
  Data Path Delay:        0.330ns  (logic 0.164ns (49.705%)  route 0.166ns (50.295%))
  Logic Levels:           0  
  Clock Path Skew:        0.050ns (DCD - SCD - CPR)
    Destination Clock Delay (DCD):    3.454ns
    Source Clock Delay      (SCD):    2.587ns
    Clock Pessimism Removal (CPR):    0.817ns

    Location             Delay type                Incr(ns)  Path(ns)    Netlist Resource(s)
  -------------------------------------------------------------------    -------------------
                         (clock u_dual_family_audio_clock/clk_48k_raw rise edge)
                                                      0.000     0.000 r  
    Y18                                               0.000     0.000 r  clk (IN)
                         net (fo=0)                   0.000     0.000    clk
    Y18                  IBUF (Prop_ibuf_I_O)         0.264     0.264 r  u_ibuf_sys_clk/O
                         net (fo=1, routed)           0.634     0.898    clk_ibuf
    BUFGCTRL_X0Y0        BUFG (Prop_bufg_I_O)         0.026     0.924 r  u_bufg_sys_clk/O
                         net (fo=58, routed)          0.547     1.470    clk_sys_bufg
    MMCME2_ADV_X0Y1      MMCME2_ADV (Prop_mmcme2_adv_CLKIN1_CLKOUT0)
                                                      0.050     1.520 r  u_dual_family_audio_clock/u_mmcm_48k/CLKOUT0
                         net (fo=1, routed)           0.489     2.009    u_dual_family_audio_clock/clk_48k_raw
    BUFGCTRL_X0Y16       BUFGCTRL (Prop_bufgctrl_I1_O)
                                                      0.026     2.035 r  u_dual_family_audio_clock/u_bufgmux_audio_family/O
                         net (fo=342, routed)         0.552     2.587    clk_audio_128x
    SLICE_X8Y77          FDRE                                         r  u_demo_interp_dac8_audio_pcm_common/gen_phase7_folded.u_interp128_all2x_v7_folded_fir_cic_top_ce/gen_single_bram_stage1.u_interp2_stage1_strict_halfband_bram_ce/wr_ptr_reg[0]/C
  -------------------------------------------------------------------    -------------------
    SLICE_X8Y77          FDRE (Prop_fdre_C_Q)         0.164     2.751 r  u_demo_interp_dac8_audio_pcm_common/gen_phase7_folded.u_interp128_all2x_v7_folded_fir_cic_top_ce/gen_single_bram_stage1.u_interp2_stage1_strict_halfband_bram_ce/wr_ptr_reg[0]/Q
                         net (fo=6, routed)           0.166     2.917    u_demo_interp_dac8_audio_pcm_common/gen_phase7_folded.u_interp128_all2x_v7_folded_fir_cic_top_ce/gen_single_bram_stage1.u_interp2_stage1_strict_halfband_bram_ce/wr_ptr_reg[0]
    RAMB18_X0Y31         RAMB18E1                                     r  u_demo_interp_dac8_audio_pcm_common/gen_phase7_folded.u_interp128_all2x_v7_folded_fir_cic_top_ce/gen_single_bram_stage1.u_interp2_stage1_strict_halfband_bram_ce/u_nf_stage1_history_ramb18_sdp/gen_primitive.u_stage1_history_ramb18e1/ADDRBWRADDR[5]
  -------------------------------------------------------------------    -------------------

                         (clock u_dual_family_audio_clock/clk_48k_raw rise edge)
                                                      0.000     0.000 r  
    Y18                                               0.000     0.000 r  clk (IN)
                         net (fo=0)                   0.000     0.000    clk
    Y18                  IBUF (Prop_ibuf_I_O)         0.452     0.452 r  u_ibuf_sys_clk/O
                         net (fo=1, routed)           0.689     1.140    clk_ibuf
    BUFGCTRL_X0Y0        BUFG (Prop_bufg_I_O)         0.029     1.169 r  u_bufg_sys_clk/O
                         net (fo=58, routed)          0.813     1.983    clk_sys_bufg
    MMCME2_ADV_X0Y1      MMCME2_ADV (Prop_mmcme2_adv_CLKIN1_CLKOUT0)
                                                      0.053     2.036 r  u_dual_family_audio_clock/u_mmcm_48k/CLKOUT0
                         net (fo=1, routed)           0.534     2.569    u_dual_family_audio_clock/clk_48k_raw
    BUFGCTRL_X0Y16       BUFGCTRL (Prop_bufgctrl_I1_O)
                                                      0.029     2.598 r  u_dual_family_audio_clock/u_bufgmux_audio_family/O
                         net (fo=342, routed)         0.855     3.454    clk_audio_128x
    RAMB18_X0Y31         RAMB18E1                                     r  u_demo_interp_dac8_audio_pcm_common/gen_phase7_folded.u_interp128_all2x_v7_folded_fir_cic_top_ce/gen_single_bram_stage1.u_interp2_stage1_strict_halfband_bram_ce/u_nf_stage1_history_ramb18_sdp/gen_primitive.u_stage1_history_ramb18e1/CLKBWRCLK
                         clock pessimism             -0.817     2.637    
    RAMB18_X0Y31         RAMB18E1 (Hold_ramb18e1_CLKBWRCLK_ADDRBWRADDR[5])
                                                      0.183     2.820    u_demo_interp_dac8_audio_pcm_common/gen_phase7_folded.u_interp128_all2x_v7_folded_fir_cic_top_ce/gen_single_bram_stage1.u_interp2_stage1_strict_halfband_bram_ce/u_nf_stage1_history_ramb18_sdp/gen_primitive.u_stage1_history_ramb18e1
  -------------------------------------------------------------------
                         required time                         -2.820    
                         arrival time                           2.917    
  -------------------------------------------------------------------
                         slack                                  0.097    

Slack (MET) :             0.121ns  (arrival time - required time)
  Source:                 u_demo_interp_dac8_audio_pcm_common/gen_dual_rate_test_tone.u_dual_rate_test_tone_rom_source/rd_addr_reg_rep[4]/C
                            (rising edge-triggered cell FDSE clocked by u_dual_family_audio_clock/clk_48k_raw  {rise@0.000ns fall@81.379ns period=162.759ns})
  Destination:            u_demo_interp_dac8_audio_pcm_common/gen_dual_rate_test_tone.u_dual_rate_test_tone_rom_source/rom_word_q_reg/ADDRARDADDR[8]
                            (rising edge-triggered cell RAMB18E1 clocked by u_dual_family_audio_clock/clk_48k_raw  {rise@0.000ns fall@81.379ns period=162.759ns})
  Path Group:             u_dual_family_audio_clock/clk_48k_raw
  Path Type:              Hold (Min at Fast Process Corner)
  Requirement:            0.000ns  (u_dual_family_audio_clock/clk_48k_raw rise@0.000ns - u_dual_family_audio_clock/clk_48k_raw rise@0.000ns)
  Data Path Delay:        0.354ns  (logic 0.141ns (39.815%)  route 0.213ns (60.185%))
  Logic Levels:           0  
  Clock Path Skew:        0.050ns (DCD - SCD - CPR)
    Destination Clock Delay (DCD):    3.454ns
    Source Clock Delay      (SCD):    2.587ns
    Clock Pessimism Removal (CPR):    0.817ns

    Location             Delay type                Incr(ns)  Path(ns)    Netlist Resource(s)
  -------------------------------------------------------------------    -------------------
                         (clock u_dual_family_audio_clock/clk_48k_raw rise edge)
                                                      0.000     0.000 r  
    Y18                                               0.000     0.000 r  clk (IN)
                         net (fo=0)                   0.000     0.000    clk
    Y18                  IBUF (Prop_ibuf_I_O)         0.264     0.264 r  u_ibuf_sys_clk/O
                         net (fo=1, routed)           0.634     0.898    clk_ibuf
    BUFGCTRL_X0Y0        BUFG (Prop_bufg_I_O)         0.026     0.924 r  u_bufg_sys_clk/O
                         net (fo=58, routed)          0.547     1.470    clk_sys_bufg
    MMCME2_ADV_X0Y1      MMCME2_ADV (Prop_mmcme2_adv_CLKIN1_CLKOUT0)
                                                      0.050     1.520 r  u_dual_family_audio_clock/u_mmcm_48k/CLKOUT0
                         net (fo=1, routed)           0.489     2.009    u_dual_family_audio_clock/clk_48k_raw
    BUFGCTRL_X0Y16       BUFGCTRL (Prop_bufgctrl_I1_O)
                                                      0.026     2.035 r  u_dual_family_audio_clock/u_bufgmux_audio_family/O
                         net (fo=342, routed)         0.552     2.587    clk_audio_128x
    SLICE_X9Y71          FDSE                                         r  u_demo_interp_dac8_audio_pcm_common/gen_dual_rate_test_tone.u_dual_rate_test_tone_rom_source/rd_addr_reg_rep[4]/C
  -------------------------------------------------------------------    -------------------
    SLICE_X9Y71          FDSE (Prop_fdse_C_Q)         0.141     2.728 r  u_demo_interp_dac8_audio_pcm_common/gen_dual_rate_test_tone.u_dual_rate_test_tone_rom_source/rd_addr_reg_rep[4]/Q
                         net (fo=2, routed)           0.213     2.941    u_demo_interp_dac8_audio_pcm_common/gen_dual_rate_test_tone.u_dual_rate_test_tone_rom_source/rd_addr_reg_rep_n_0_[4]
    RAMB18_X0Y29         RAMB18E1                                     r  u_demo_interp_dac8_audio_pcm_common/gen_dual_rate_test_tone.u_dual_rate_test_tone_rom_source/rom_word_q_reg/ADDRARDADDR[8]
  -------------------------------------------------------------------    -------------------

                         (clock u_dual_family_audio_clock/clk_48k_raw rise edge)
                                                      0.000     0.000 r  
    Y18                                               0.000     0.000 r  clk (IN)
                         net (fo=0)                   0.000     0.000    clk
    Y18                  IBUF (Prop_ibuf_I_O)         0.452     0.452 r  u_ibuf_sys_clk/O
                         net (fo=1, routed)           0.689     1.140    clk_ibuf
    BUFGCTRL_X0Y0        BUFG (Prop_bufg_I_O)         0.029     1.169 r  u_bufg_sys_clk/O
                         net (fo=58, routed)          0.813     1.983    clk_sys_bufg
    MMCME2_ADV_X0Y1      MMCME2_ADV (Prop_mmcme2_adv_CLKIN1_CLKOUT0)
                                                      0.053     2.036 r  u_dual_family_audio_clock/u_mmcm_48k/CLKOUT0
                         net (fo=1, routed)           0.534     2.569    u_dual_family_audio_clock/clk_48k_raw
    BUFGCTRL_X0Y16       BUFGCTRL (Prop_bufgctrl_I1_O)
                                                      0.029     2.598 r  u_dual_family_audio_clock/u_bufgmux_audio_family/O
                         net (fo=342, routed)         0.855     3.454    clk_audio_128x
    RAMB18_X0Y29         RAMB18E1                                     r  u_demo_interp_dac8_audio_pcm_common/gen_dual_rate_test_tone.u_dual_rate_test_tone_rom_source/rom_word_q_reg/CLKARDCLK
                         clock pessimism             -0.817     2.637    
    RAMB18_X0Y29         RAMB18E1 (Hold_ramb18e1_CLKARDCLK_ADDRARDADDR[8])
                                                      0.183     2.820    u_demo_interp_dac8_audio_pcm_common/gen_dual_rate_test_tone.u_dual_rate_test_tone_rom_source/rom_word_q_reg
  -------------------------------------------------------------------
                         required time                         -2.820    
                         arrival time                           2.941    
  -------------------------------------------------------------------
                         slack                                  0.121    

Slack (MET) :             0.130ns  (arrival time - required time)
  Source:                 rst_request_sync_reg[0]/C
                            (rising edge-triggered cell FDRE clocked by u_dual_family_audio_clock/clk_48k_raw  {rise@0.000ns fall@81.379ns period=162.759ns})
  Destination:            rst_request_sync_reg[1]/D
                            (rising edge-triggered cell FDRE clocked by u_dual_family_audio_clock/clk_48k_raw  {rise@0.000ns fall@81.379ns period=162.759ns})
  Path Group:             u_dual_family_audio_clock/clk_48k_raw
  Path Type:              Hold (Min at Fast Process Corner)
  Requirement:            0.000ns  (u_dual_family_audio_clock/clk_48k_raw rise@0.000ns - u_dual_family_audio_clock/clk_48k_raw rise@0.000ns)
  Data Path Delay:        0.205ns  (logic 0.141ns (68.843%)  route 0.064ns (31.157%))
  Logic Levels:           0  
  Clock Path Skew:        0.000ns (DCD - SCD - CPR)
    Destination Clock Delay (DCD):    3.446ns
    Source Clock Delay      (SCD):    2.614ns
    Clock Pessimism Removal (CPR):    0.832ns

    Location             Delay type                Incr(ns)  Path(ns)    Netlist Resource(s)
  -------------------------------------------------------------------    -------------------
                         (clock u_dual_family_audio_clock/clk_48k_raw rise edge)
                                                      0.000     0.000 r  
    Y18                                               0.000     0.000 r  clk (IN)
                         net (fo=0)                   0.000     0.000    clk
    Y18                  IBUF (Prop_ibuf_I_O)         0.264     0.264 r  u_ibuf_sys_clk/O
                         net (fo=1, routed)           0.634     0.898    clk_ibuf
    BUFGCTRL_X0Y0        BUFG (Prop_bufg_I_O)         0.026     0.924 r  u_bufg_sys_clk/O
                         net (fo=58, routed)          0.547     1.470    clk_sys_bufg
    MMCME2_ADV_X0Y1      MMCME2_ADV (Prop_mmcme2_adv_CLKIN1_CLKOUT0)
                                                      0.050     1.520 r  u_dual_family_audio_clock/u_mmcm_48k/CLKOUT0
                         net (fo=1, routed)           0.489     2.009    u_dual_family_audio_clock/clk_48k_raw
    BUFGCTRL_X0Y16       BUFGCTRL (Prop_bufgctrl_I1_O)
                                                      0.026     2.035 r  u_dual_family_audio_clock/u_bufgmux_audio_family/O
                         net (fo=342, routed)         0.579     2.614    clk_audio_128x
    SLICE_X4Y78          FDRE                                         r  rst_request_sync_reg[0]/C
  -------------------------------------------------------------------    -------------------
    SLICE_X4Y78          FDRE (Prop_fdre_C_Q)         0.141     2.755 r  rst_request_sync_reg[0]/Q
                         net (fo=1, routed)           0.064     2.819    rst_request_sync[0]
    SLICE_X4Y78          FDRE                                         r  rst_request_sync_reg[1]/D
  -------------------------------------------------------------------    -------------------

                         (clock u_dual_family_audio_clock/clk_48k_raw rise edge)
                                                      0.000     0.000 r  
    Y18                                               0.000     0.000 r  clk (IN)
                         net (fo=0)                   0.000     0.000    clk
    Y18                  IBUF (Prop_ibuf_I_O)         0.452     0.452 r  u_ibuf_sys_clk/O
                         net (fo=1, routed)           0.689     1.140    clk_ibuf
    BUFGCTRL_X0Y0        BUFG (Prop_bufg_I_O)         0.029     1.169 r  u_bufg_sys_clk/O
                         net (fo=58, routed)          0.813     1.983    clk_sys_bufg
    MMCME2_ADV_X0Y1      MMCME2_ADV (Prop_mmcme2_adv_CLKIN1_CLKOUT0)
                                                      0.053     2.036 r  u_dual_family_audio_clock/u_mmcm_48k/CLKOUT0
                         net (fo=1, routed)           0.534     2.569    u_dual_family_audio_clock/clk_48k_raw
    BUFGCTRL_X0Y16       BUFGCTRL (Prop_bufgctrl_I1_O)
                                                      0.029     2.598 r  u_dual_family_audio_clock/u_bufgmux_audio_family/O
                         net (fo=342, routed)         0.848     3.446    clk_audio_128x
    SLICE_X4Y78          FDRE                                         r  rst_request_sync_reg[1]/C
                         clock pessimism             -0.832     2.614    
    SLICE_X4Y78          FDRE (Hold_fdre_C_D)         0.075     2.689    rst_request_sync_reg[1]
  -------------------------------------------------------------------
                         required time                         -2.689    
                         arrival time                           2.819    
  -------------------------------------------------------------------
                         slack                                  0.130    

Slack (MET) :             0.137ns  (arrival time - required time)
  Source:                 u_demo_interp_dac8_audio_pcm_common/gen_dual_rate_test_tone.u_dual_rate_test_tone_rom_source/rd_addr_reg_rep[6]/C
                            (rising edge-triggered cell FDRE clocked by u_dual_family_audio_clock/clk_48k_raw  {rise@0.000ns fall@81.379ns period=162.759ns})
  Destination:            u_demo_interp_dac8_audio_pcm_common/gen_dual_rate_test_tone.u_dual_rate_test_tone_rom_source/rom_word_q_reg/ADDRBWRADDR[10]
                            (rising edge-triggered cell RAMB18E1 clocked by u_dual_family_audio_clock/clk_48k_raw  {rise@0.000ns fall@81.379ns period=162.759ns})
  Path Group:             u_dual_family_audio_clock/clk_48k_raw
  Path Type:              Hold (Min at Fast Process Corner)
  Requirement:            0.000ns  (u_dual_family_audio_clock/clk_48k_raw rise@0.000ns - u_dual_family_audio_clock/clk_48k_raw rise@0.000ns)
  Data Path Delay:        0.376ns  (logic 0.164ns (43.668%)  route 0.212ns (56.332%))
  Logic Levels:           0  
  Clock Path Skew:        0.056ns (DCD - SCD - CPR)
    Destination Clock Delay (DCD):    3.457ns
    Source Clock Delay      (SCD):    2.584ns
    Clock Pessimism Removal (CPR):    0.817ns

    Location             Delay type                Incr(ns)  Path(ns)    Netlist Resource(s)
  -------------------------------------------------------------------    -------------------
                         (clock u_dual_family_audio_clock/clk_48k_raw rise edge)
                                                      0.000     0.000 r  
    Y18                                               0.000     0.000 r  clk (IN)
                         net (fo=0)                   0.000     0.000    clk
    Y18                  IBUF (Prop_ibuf_I_O)         0.264     0.264 r  u_ibuf_sys_clk/O
                         net (fo=1, routed)           0.634     0.898    clk_ibuf
    BUFGCTRL_X0Y0        BUFG (Prop_bufg_I_O)         0.026     0.924 r  u_bufg_sys_clk/O
                         net (fo=58, routed)          0.547     1.470    clk_sys_bufg
    MMCME2_ADV_X0Y1      MMCME2_ADV (Prop_mmcme2_adv_CLKIN1_CLKOUT0)
                                                      0.050     1.520 r  u_dual_family_audio_clock/u_mmcm_48k/CLKOUT0
                         net (fo=1, routed)           0.489     2.009    u_dual_family_audio_clock/clk_48k_raw
    BUFGCTRL_X0Y16       BUFGCTRL (Prop_bufgctrl_I1_O)
                                                      0.026     2.035 r  u_dual_family_audio_clock/u_bufgmux_audio_family/O
                         net (fo=342, routed)         0.549     2.584    clk_audio_128x
    SLICE_X8Y74          FDRE                                         r  u_demo_interp_dac8_audio_pcm_common/gen_dual_rate_test_tone.u_dual_rate_test_tone_rom_source/rd_addr_reg_rep[6]/C
  -------------------------------------------------------------------    -------------------
    SLICE_X8Y74          FDRE (Prop_fdre_C_Q)         0.164     2.748 r  u_demo_interp_dac8_audio_pcm_common/gen_dual_rate_test_tone.u_dual_rate_test_tone_rom_source/rd_addr_reg_rep[6]/Q
                         net (fo=2, routed)           0.212     2.959    u_demo_interp_dac8_audio_pcm_common/gen_dual_rate_test_tone.u_dual_rate_test_tone_rom_source/rd_addr_reg_rep_n_0_[6]
    RAMB18_X0Y29         RAMB18E1                                     r  u_demo_interp_dac8_audio_pcm_common/gen_dual_rate_test_tone.u_dual_rate_test_tone_rom_source/rom_word_q_reg/ADDRBWRADDR[10]
  -------------------------------------------------------------------    -------------------

                         (clock u_dual_family_audio_clock/clk_48k_raw rise edge)
                                                      0.000     0.000 r  
    Y18                                               0.000     0.000 r  clk (IN)
                         net (fo=0)                   0.000     0.000    clk
    Y18                  IBUF (Prop_ibuf_I_O)         0.452     0.452 r  u_ibuf_sys_clk/O
                         net (fo=1, routed)           0.689     1.140    clk_ibuf
    BUFGCTRL_X0Y0        BUFG (Prop_bufg_I_O)         0.029     1.169 r  u_bufg_sys_clk/O
                         net (fo=58, routed)          0.813     1.983    clk_sys_bufg
    MMCME2_ADV_X0Y1      MMCME2_ADV (Prop_mmcme2_adv_CLKIN1_CLKOUT0)
                                                      0.053     2.036 r  u_dual_family_audio_clock/u_mmcm_48k/CLKOUT0
                         net (fo=1, routed)           0.534     2.569    u_dual_family_audio_clock/clk_48k_raw
    BUFGCTRL_X0Y16       BUFGCTRL (Prop_bufgctrl_I1_O)
                                                      0.029     2.598 r  u_dual_family_audio_clock/u_bufgmux_audio_family/O
                         net (fo=342, routed)         0.858     3.457    clk_audio_128x
    RAMB18_X0Y29         RAMB18E1                                     r  u_demo_interp_dac8_audio_pcm_common/gen_dual_rate_test_tone.u_dual_rate_test_tone_rom_source/rom_word_q_reg/CLKBWRCLK
                         clock pessimism             -0.817     2.640    
    RAMB18_X0Y29         RAMB18E1 (Hold_ramb18e1_CLKBWRCLK_ADDRBWRADDR[10])
                                                      0.183     2.823    u_demo_interp_dac8_audio_pcm_common/gen_dual_rate_test_tone.u_dual_rate_test_tone_rom_source/rom_word_q_reg
  -------------------------------------------------------------------
                         required time                         -2.823    
                         arrival time                           2.959    
  -------------------------------------------------------------------
                         slack                                  0.137    

Slack (MET) :             0.138ns  (arrival time - required time)
  Source:                 u_demo_interp_dac8_audio_pcm_common/gen_dual_rate_test_tone.u_dual_rate_test_tone_rom_source/rd_addr_reg_rep[2]/C
                            (rising edge-triggered cell FDRE clocked by u_dual_family_audio_clock/clk_48k_raw  {rise@0.000ns fall@81.379ns period=162.759ns})
  Destination:            u_demo_interp_dac8_audio_pcm_common/gen_dual_rate_test_tone.u_dual_rate_test_tone_rom_source/rom_word_q_reg/ADDRARDADDR[6]
                            (rising edge-triggered cell RAMB18E1 clocked by u_dual_family_audio_clock/clk_48k_raw  {rise@0.000ns fall@81.379ns period=162.759ns})
  Path Group:             u_dual_family_audio_clock/clk_48k_raw
  Path Type:              Hold (Min at Fast Process Corner)
  Requirement:            0.000ns  (u_dual_family_audio_clock/clk_48k_raw rise@0.000ns - u_dual_family_audio_clock/clk_48k_raw rise@0.000ns)
  Data Path Delay:        0.370ns  (logic 0.164ns (44.296%)  route 0.206ns (55.704%))
  Logic Levels:           0  
  Clock Path Skew:        0.050ns (DCD - SCD - CPR)
    Destination Clock Delay (DCD):    3.454ns
    Source Clock Delay      (SCD):    2.587ns
    Clock Pessimism Removal (CPR):    0.817ns

    Location             Delay type                Incr(ns)  Path(ns)    Netlist Resource(s)
  -------------------------------------------------------------------    -------------------
                         (clock u_dual_family_audio_clock/clk_48k_raw rise edge)
                                                      0.000     0.000 r  
    Y18                                               0.000     0.000 r  clk (IN)
                         net (fo=0)                   0.000     0.000    clk
    Y18                  IBUF (Prop_ibuf_I_O)         0.264     0.264 r  u_ibuf_sys_clk/O
                         net (fo=1, routed)           0.634     0.898    clk_ibuf
    BUFGCTRL_X0Y0        BUFG (Prop_bufg_I_O)         0.026     0.924 r  u_bufg_sys_clk/O
                         net (fo=58, routed)          0.547     1.470    clk_sys_bufg
    MMCME2_ADV_X0Y1      MMCME2_ADV (Prop_mmcme2_adv_CLKIN1_CLKOUT0)
                                                      0.050     1.520 r  u_dual_family_audio_clock/u_mmcm_48k/CLKOUT0
                         net (fo=1, routed)           0.489     2.009    u_dual_family_audio_clock/clk_48k_raw
    BUFGCTRL_X0Y16       BUFGCTRL (Prop_bufgctrl_I1_O)
                                                      0.026     2.035 r  u_dual_family_audio_clock/u_bufgmux_audio_family/O
                         net (fo=342, routed)         0.552     2.587    clk_audio_128x
    SLICE_X8Y72          FDRE                                         r  u_demo_interp_dac8_audio_pcm_common/gen_dual_rate_test_tone.u_dual_rate_test_tone_rom_source/rd_addr_reg_rep[2]/C
  -------------------------------------------------------------------    -------------------
    SLICE_X8Y72          FDRE (Prop_fdre_C_Q)         0.164     2.751 r  u_demo_interp_dac8_audio_pcm_common/gen_dual_rate_test_tone.u_dual_rate_test_tone_rom_source/rd_addr_reg_rep[2]/Q
                         net (fo=2, routed)           0.206     2.957    u_demo_interp_dac8_audio_pcm_common/gen_dual_rate_test_tone.u_dual_rate_test_tone_rom_source/rd_addr_reg_rep_n_0_[2]
    RAMB18_X0Y29         RAMB18E1                                     r  u_demo_interp_dac8_audio_pcm_common/gen_dual_rate_test_tone.u_dual_rate_test_tone_rom_source/rom_word_q_reg/ADDRARDADDR[6]
  -------------------------------------------------------------------    -------------------

                         (clock u_dual_family_audio_clock/clk_48k_raw rise edge)
                                                      0.000     0.000 r  
    Y18                                               0.000     0.000 r  clk (IN)
                         net (fo=0)                   0.000     0.000    clk
    Y18                  IBUF (Prop_ibuf_I_O)         0.452     0.452 r  u_ibuf_sys_clk/O
                         net (fo=1, routed)           0.689     1.140    clk_ibuf
    BUFGCTRL_X0Y0        BUFG (Prop_bufg_I_O)         0.029     1.169 r  u_bufg_sys_clk/O
                         net (fo=58, routed)          0.813     1.983    clk_sys_bufg
    MMCME2_ADV_X0Y1      MMCME2_ADV (Prop_mmcme2_adv_CLKIN1_CLKOUT0)
                                                      0.053     2.036 r  u_dual_family_audio_clock/u_mmcm_48k/CLKOUT0
                         net (fo=1, routed)           0.534     2.569    u_dual_family_audio_clock/clk_48k_raw
    BUFGCTRL_X0Y16       BUFGCTRL (Prop_bufgctrl_I1_O)
                                                      0.029     2.598 r  u_dual_family_audio_clock/u_bufgmux_audio_family/O
                         net (fo=342, routed)         0.855     3.454    clk_audio_128x
    RAMB18_X0Y29         RAMB18E1                                     r  u_demo_interp_dac8_audio_pcm_common/gen_dual_rate_test_tone.u_dual_rate_test_tone_rom_source/rom_word_q_reg/CLKARDCLK
                         clock pessimism             -0.817     2.637    
    RAMB18_X0Y29         RAMB18E1 (Hold_ramb18e1_CLKARDCLK_ADDRARDADDR[6])
                                                      0.183     2.820    u_demo_interp_dac8_audio_pcm_common/gen_dual_rate_test_tone.u_dual_rate_test_tone_rom_source/rom_word_q_reg
  -------------------------------------------------------------------
                         required time                         -2.820    
                         arrival time                           2.957    
  -------------------------------------------------------------------
                         slack                                  0.138    

Slack (MET) :             0.139ns  (arrival time - required time)
  Source:                 u_demo_interp_dac8_audio_pcm_common/gen_dual_rate_test_tone.u_dual_rate_test_tone_rom_source/rd_addr_reg_rep[3]/C
                            (rising edge-triggered cell FDRE clocked by u_dual_family_audio_clock/clk_48k_raw  {rise@0.000ns fall@81.379ns period=162.759ns})
  Destination:            u_demo_interp_dac8_audio_pcm_common/gen_dual_rate_test_tone.u_dual_rate_test_tone_rom_source/rom_word_q_reg/ADDRBWRADDR[7]
                            (rising edge-triggered cell RAMB18E1 clocked by u_dual_family_audio_clock/clk_48k_raw  {rise@0.000ns fall@81.379ns period=162.759ns})
  Path Group:             u_dual_family_audio_clock/clk_48k_raw
  Path Type:              Hold (Min at Fast Process Corner)
  Requirement:            0.000ns  (u_dual_family_audio_clock/clk_48k_raw rise@0.000ns - u_dual_family_audio_clock/clk_48k_raw rise@0.000ns)
  Data Path Delay:        0.375ns  (logic 0.164ns (43.727%)  route 0.211ns (56.273%))
  Logic Levels:           0  
  Clock Path Skew:        0.053ns (DCD - SCD - CPR)
    Destination Clock Delay (DCD):    3.457ns
    Source Clock Delay      (SCD):    2.587ns
    Clock Pessimism Removal (CPR):    0.817ns

    Location             Delay type                Incr(ns)  Path(ns)    Netlist Resource(s)
  -------------------------------------------------------------------    -------------------
                         (clock u_dual_family_audio_clock/clk_48k_raw rise edge)
                                                      0.000     0.000 r  
    Y18                                               0.000     0.000 r  clk (IN)
                         net (fo=0)                   0.000     0.000    clk
    Y18                  IBUF (Prop_ibuf_I_O)         0.264     0.264 r  u_ibuf_sys_clk/O
                         net (fo=1, routed)           0.634     0.898    clk_ibuf
    BUFGCTRL_X0Y0        BUFG (Prop_bufg_I_O)         0.026     0.924 r  u_bufg_sys_clk/O
                         net (fo=58, routed)          0.547     1.470    clk_sys_bufg
    MMCME2_ADV_X0Y1      MMCME2_ADV (Prop_mmcme2_adv_CLKIN1_CLKOUT0)
                                                      0.050     1.520 r  u_dual_family_audio_clock/u_mmcm_48k/CLKOUT0
                         net (fo=1, routed)           0.489     2.009    u_dual_family_audio_clock/clk_48k_raw
    BUFGCTRL_X0Y16       BUFGCTRL (Prop_bufgctrl_I1_O)
                                                      0.026     2.035 r  u_dual_family_audio_clock/u_bufgmux_audio_family/O
                         net (fo=342, routed)         0.552     2.587    clk_audio_128x
    SLICE_X8Y72          FDRE                                         r  u_demo_interp_dac8_audio_pcm_common/gen_dual_rate_test_tone.u_dual_rate_test_tone_rom_source/rd_addr_reg_rep[3]/C
  -------------------------------------------------------------------    -------------------
    SLICE_X8Y72          FDRE (Prop_fdre_C_Q)         0.164     2.751 r  u_demo_interp_dac8_audio_pcm_common/gen_dual_rate_test_tone.u_dual_rate_test_tone_rom_source/rd_addr_reg_rep[3]/Q
                         net (fo=2, routed)           0.211     2.962    u_demo_interp_dac8_audio_pcm_common/gen_dual_rate_test_tone.u_dual_rate_test_tone_rom_source/rd_addr_reg_rep_n_0_[3]
    RAMB18_X0Y29         RAMB18E1                                     r  u_demo_interp_dac8_audio_pcm_common/gen_dual_rate_test_tone.u_dual_rate_test_tone_rom_source/rom_word_q_reg/ADDRBWRADDR[7]
  -------------------------------------------------------------------    -------------------

                         (clock u_dual_family_audio_clock/clk_48k_raw rise edge)
                                                      0.000     0.000 r  
    Y18                                               0.000     0.000 r  clk (IN)
                         net (fo=0)                   0.000     0.000    clk
    Y18                  IBUF (Prop_ibuf_I_O)         0.452     0.452 r  u_ibuf_sys_clk/O
                         net (fo=1, routed)           0.689     1.140    clk_ibuf
    BUFGCTRL_X0Y0        BUFG (Prop_bufg_I_O)         0.029     1.169 r  u_bufg_sys_clk/O
                         net (fo=58, routed)          0.813     1.983    clk_sys_bufg
    MMCME2_ADV_X0Y1      MMCME2_ADV (Prop_mmcme2_adv_CLKIN1_CLKOUT0)
                                                      0.053     2.036 r  u_dual_family_audio_clock/u_mmcm_48k/CLKOUT0
                         net (fo=1, routed)           0.534     2.569    u_dual_family_audio_clock/clk_48k_raw
    BUFGCTRL_X0Y16       BUFGCTRL (Prop_bufgctrl_I1_O)
                                                      0.029     2.598 r  u_dual_family_audio_clock/u_bufgmux_audio_family/O
                         net (fo=342, routed)         0.858     3.457    clk_audio_128x
    RAMB18_X0Y29         RAMB18E1                                     r  u_demo_interp_dac8_audio_pcm_common/gen_dual_rate_test_tone.u_dual_rate_test_tone_rom_source/rom_word_q_reg/CLKBWRCLK
                         clock pessimism             -0.817     2.640    
    RAMB18_X0Y29         RAMB18E1 (Hold_ramb18e1_CLKBWRCLK_ADDRBWRADDR[7])
                                                      0.183     2.823    u_demo_interp_dac8_audio_pcm_common/gen_dual_rate_test_tone.u_dual_rate_test_tone_rom_source/rom_word_q_reg
  -------------------------------------------------------------------
                         required time                         -2.823    
                         arrival time                           2.962    
  -------------------------------------------------------------------
                         slack                                  0.139    

Slack (MET) :             0.140ns  (arrival time - required time)
  Source:                 u_demo_interp_dac8_audio_pcm_common/gen_dual_rate_test_tone.u_dual_rate_test_tone_rom_source/rd_addr_reg_rep[5]/C
                            (rising edge-triggered cell FDRE clocked by u_dual_family_audio_clock/clk_48k_raw  {rise@0.000ns fall@81.379ns period=162.759ns})
  Destination:            u_demo_interp_dac8_audio_pcm_common/gen_dual_rate_test_tone.u_dual_rate_test_tone_rom_source/rom_word_q_reg/ADDRBWRADDR[9]
                            (rising edge-triggered cell RAMB18E1 clocked by u_dual_family_audio_clock/clk_48k_raw  {rise@0.000ns fall@81.379ns period=162.759ns})
  Path Group:             u_dual_family_audio_clock/clk_48k_raw
  Path Type:              Hold (Min at Fast Process Corner)
  Requirement:            0.000ns  (u_dual_family_audio_clock/clk_48k_raw rise@0.000ns - u_dual_family_audio_clock/clk_48k_raw rise@0.000ns)
  Data Path Delay:        0.375ns  (logic 0.164ns (43.710%)  route 0.211ns (56.290%))
  Logic Levels:           0  
  Clock Path Skew:        0.053ns (DCD - SCD - CPR)
    Destination Clock Delay (DCD):    3.457ns
    Source Clock Delay      (SCD):    2.587ns
    Clock Pessimism Removal (CPR):    0.817ns

    Location             Delay type                Incr(ns)  Path(ns)    Netlist Resource(s)
  -------------------------------------------------------------------    -------------------
                         (clock u_dual_family_audio_clock/clk_48k_raw rise edge)
                                                      0.000     0.000 r  
    Y18                                               0.000     0.000 r  clk (IN)
                         net (fo=0)                   0.000     0.000    clk
    Y18                  IBUF (Prop_ibuf_I_O)         0.264     0.264 r  u_ibuf_sys_clk/O
                         net (fo=1, routed)           0.634     0.898    clk_ibuf
    BUFGCTRL_X0Y0        BUFG (Prop_bufg_I_O)         0.026     0.924 r  u_bufg_sys_clk/O
                         net (fo=58, routed)          0.547     1.470    clk_sys_bufg
    MMCME2_ADV_X0Y1      MMCME2_ADV (Prop_mmcme2_adv_CLKIN1_CLKOUT0)
                                                      0.050     1.520 r  u_dual_family_audio_clock/u_mmcm_48k/CLKOUT0
                         net (fo=1, routed)           0.489     2.009    u_dual_family_audio_clock/clk_48k_raw
    BUFGCTRL_X0Y16       BUFGCTRL (Prop_bufgctrl_I1_O)
                                                      0.026     2.035 r  u_dual_family_audio_clock/u_bufgmux_audio_family/O
                         net (fo=342, routed)         0.552     2.587    clk_audio_128x
    SLICE_X8Y72          FDRE                                         r  u_demo_interp_dac8_audio_pcm_common/gen_dual_rate_test_tone.u_dual_rate_test_tone_rom_source/rd_addr_reg_rep[5]/C
  -------------------------------------------------------------------    -------------------
    SLICE_X8Y72          FDRE (Prop_fdre_C_Q)         0.164     2.751 r  u_demo_interp_dac8_audio_pcm_common/gen_dual_rate_test_tone.u_dual_rate_test_tone_rom_source/rd_addr_reg_rep[5]/Q
                         net (fo=2, routed)           0.211     2.962    u_demo_interp_dac8_audio_pcm_common/gen_dual_rate_test_tone.u_dual_rate_test_tone_rom_source/rd_addr_reg_rep_n_0_[5]
    RAMB18_X0Y29         RAMB18E1                                     r  u_demo_interp_dac8_audio_pcm_common/gen_dual_rate_test_tone.u_dual_rate_test_tone_rom_source/rom_word_q_reg/ADDRBWRADDR[9]
  -------------------------------------------------------------------    -------------------

                         (clock u_dual_family_audio_clock/clk_48k_raw rise edge)
                                                      0.000     0.000 r  
    Y18                                               0.000     0.000 r  clk (IN)
                         net (fo=0)                   0.000     0.000    clk
    Y18                  IBUF (Prop_ibuf_I_O)         0.452     0.452 r  u_ibuf_sys_clk/O
                         net (fo=1, routed)           0.689     1.140    clk_ibuf
    BUFGCTRL_X0Y0        BUFG (Prop_bufg_I_O)         0.029     1.169 r  u_bufg_sys_clk/O
                         net (fo=58, routed)          0.813     1.983    clk_sys_bufg
    MMCME2_ADV_X0Y1      MMCME2_ADV (Prop_mmcme2_adv_CLKIN1_CLKOUT0)
                                                      0.053     2.036 r  u_dual_family_audio_clock/u_mmcm_48k/CLKOUT0
                         net (fo=1, routed)           0.534     2.569    u_dual_family_audio_clock/clk_48k_raw
    BUFGCTRL_X0Y16       BUFGCTRL (Prop_bufgctrl_I1_O)
                                                      0.029     2.598 r  u_dual_family_audio_clock/u_bufgmux_audio_family/O
                         net (fo=342, routed)         0.858     3.457    clk_audio_128x
    RAMB18_X0Y29         RAMB18E1                                     r  u_demo_interp_dac8_audio_pcm_common/gen_dual_rate_test_tone.u_dual_rate_test_tone_rom_source/rom_word_q_reg/CLKBWRCLK
                         clock pessimism             -0.817     2.640    
    RAMB18_X0Y29         RAMB18E1 (Hold_ramb18e1_CLKBWRCLK_ADDRBWRADDR[9])
                                                      0.183     2.823    u_demo_interp_dac8_audio_pcm_common/gen_dual_rate_test_tone.u_dual_rate_test_tone_rom_source/rom_word_q_reg
  -------------------------------------------------------------------
                         required time                         -2.823    
                         arrival time                           2.962    
  -------------------------------------------------------------------
                         slack                                  0.140    

Slack (MET) :             0.157ns  (arrival time - required time)
  Source:                 u_demo_interp_dac8_audio_pcm_common/gen_phase7_folded.u_interp128_all2x_v7_folded_fir_cic_top_ce/gen_single_bram_stage1.u_interp2_stage1_strict_halfband_bram_ce/read_coeff_index_reg[5]/C
                            (rising edge-triggered cell FDRE clocked by u_dual_family_audio_clock/clk_48k_raw  {rise@0.000ns fall@81.379ns period=162.759ns})
  Destination:            u_demo_interp_dac8_audio_pcm_common/gen_phase7_folded.u_interp128_all2x_v7_folded_fir_cic_top_ce/gen_single_bram_stage1.u_interp2_stage1_strict_halfband_bram_ce/filter_commit_pending_reg/D
                            (rising edge-triggered cell FDRE clocked by u_dual_family_audio_clock/clk_48k_raw  {rise@0.000ns fall@81.379ns period=162.759ns})
  Path Group:             u_dual_family_audio_clock/clk_48k_raw
  Path Type:              Hold (Min at Fast Process Corner)
  Requirement:            0.000ns  (u_dual_family_audio_clock/clk_48k_raw rise@0.000ns - u_dual_family_audio_clock/clk_48k_raw rise@0.000ns)
  Data Path Delay:        0.310ns  (logic 0.186ns (59.935%)  route 0.124ns (40.065%))
  Logic Levels:           1  (LUT6=1)
  Clock Path Skew:        0.033ns (DCD - SCD - CPR)
    Destination Clock Delay (DCD):    3.419ns
    Source Clock Delay      (SCD):    2.589ns
    Clock Pessimism Removal (CPR):    0.797ns

    Location             Delay type                Incr(ns)  Path(ns)    Netlist Resource(s)
  -------------------------------------------------------------------    -------------------
                         (clock u_dual_family_audio_clock/clk_48k_raw rise edge)
                                                      0.000     0.000 r  
    Y18                                               0.000     0.000 r  clk (IN)
                         net (fo=0)                   0.000     0.000    clk
    Y18                  IBUF (Prop_ibuf_I_O)         0.264     0.264 r  u_ibuf_sys_clk/O
                         net (fo=1, routed)           0.634     0.898    clk_ibuf
    BUFGCTRL_X0Y0        BUFG (Prop_bufg_I_O)         0.026     0.924 r  u_bufg_sys_clk/O
                         net (fo=58, routed)          0.547     1.470    clk_sys_bufg
    MMCME2_ADV_X0Y1      MMCME2_ADV (Prop_mmcme2_adv_CLKIN1_CLKOUT0)
                                                      0.050     1.520 r  u_dual_family_audio_clock/u_mmcm_48k/CLKOUT0
                         net (fo=1, routed)           0.489     2.009    u_dual_family_audio_clock/clk_48k_raw
    BUFGCTRL_X0Y16       BUFGCTRL (Prop_bufgctrl_I1_O)
                                                      0.026     2.035 r  u_dual_family_audio_clock/u_bufgmux_audio_family/O
                         net (fo=342, routed)         0.554     2.589    clk_audio_128x
    SLICE_X9Y80          FDRE                                         r  u_demo_interp_dac8_audio_pcm_common/gen_phase7_folded.u_interp128_all2x_v7_folded_fir_cic_top_ce/gen_single_bram_stage1.u_interp2_stage1_strict_halfband_bram_ce/read_coeff_index_reg[5]/C
  -------------------------------------------------------------------    -------------------
    SLICE_X9Y80          FDRE (Prop_fdre_C_Q)         0.141     2.730 r  u_demo_interp_dac8_audio_pcm_common/gen_phase7_folded.u_interp128_all2x_v7_folded_fir_cic_top_ce/gen_single_bram_stage1.u_interp2_stage1_strict_halfband_bram_ce/read_coeff_index_reg[5]/Q
                         net (fo=2, routed)           0.124     2.854    u_demo_interp_dac8_audio_pcm_common/gen_phase7_folded.u_interp128_all2x_v7_folded_fir_cic_top_ce/gen_single_bram_stage1.u_interp2_stage1_strict_halfband_bram_ce/read_coeff_index[5]
    SLICE_X10Y79         LUT6 (Prop_lut6_I4_O)        0.045     2.899 r  board_demo_comp_LUT6_5/O
                         net (fo=1, routed)           0.000     2.899    filter_commit_pending_i_1_n_0
    SLICE_X10Y79         FDRE                                         r  u_demo_interp_dac8_audio_pcm_common/gen_phase7_folded.u_interp128_all2x_v7_folded_fir_cic_top_ce/gen_single_bram_stage1.u_interp2_stage1_strict_halfband_bram_ce/filter_commit_pending_reg/D
  -------------------------------------------------------------------    -------------------

                         (clock u_dual_family_audio_clock/clk_48k_raw rise edge)
                                                      0.000     0.000 r  
    Y18                                               0.000     0.000 r  clk (IN)
                         net (fo=0)                   0.000     0.000    clk
    Y18                  IBUF (Prop_ibuf_I_O)         0.452     0.452 r  u_ibuf_sys_clk/O
                         net (fo=1, routed)           0.689     1.140    clk_ibuf
    BUFGCTRL_X0Y0        BUFG (Prop_bufg_I_O)         0.029     1.169 r  u_bufg_sys_clk/O
                         net (fo=58, routed)          0.813     1.983    clk_sys_bufg
    MMCME2_ADV_X0Y1      MMCME2_ADV (Prop_mmcme2_adv_CLKIN1_CLKOUT0)
                                                      0.053     2.036 r  u_dual_family_audio_clock/u_mmcm_48k/CLKOUT0
                         net (fo=1, routed)           0.534     2.569    u_dual_family_audio_clock/clk_48k_raw
    BUFGCTRL_X0Y16       BUFGCTRL (Prop_bufgctrl_I1_O)
                                                      0.029     2.598 r  u_dual_family_audio_clock/u_bufgmux_audio_family/O
                         net (fo=342, routed)         0.821     3.419    clk_audio_128x
    SLICE_X10Y79         FDRE                                         r  u_demo_interp_dac8_audio_pcm_common/gen_phase7_folded.u_interp128_all2x_v7_folded_fir_cic_top_ce/gen_single_bram_stage1.u_interp2_stage1_strict_halfband_bram_ce/filter_commit_pending_reg/C
                         clock pessimism             -0.797     2.622    
    SLICE_X10Y79         FDRE (Hold_fdre_C_D)         0.120     2.742    u_demo_interp_dac8_audio_pcm_common/gen_phase7_folded.u_interp128_all2x_v7_folded_fir_cic_top_ce/gen_single_bram_stage1.u_interp2_stage1_strict_halfband_bram_ce/filter_commit_pending_reg
  -------------------------------------------------------------------
                         required time                         -2.742    
                         arrival time                           2.899    
  -------------------------------------------------------------------
                         slack                                  0.157    





Pulse Width Checks
--------------------------------------------------------------------------------------
Clock Name:         u_dual_family_audio_clock/clk_48k_raw
Waveform(ns):       { 0.000 81.379 }
Period(ns):         162.759
Sources:            { u_dual_family_audio_clock/u_mmcm_48k/CLKOUT0 }

Check Type        Corner  Lib Pin             Reference Pin  Required(ns)  Actual(ns)  Slack(ns)  Location         Pin
Min Period        n/a     RAMB18E1/CLKARDCLK  n/a            2.472         162.759     160.287    RAMB18_X0Y32     u_demo_interp_dac8_audio_pcm_common/gen_phase7_folded.u_interp128_all2x_v7_folded_fir_cic_top_ce/gen_lutram_stage23.u_interp2_stage23_lutram_cic_dsp_ce/gen_unified_bram_history.u_nf_stage23_history_ramb18_sdp/gen_primitive.u_stage23_history_ramb18e1/CLKARDCLK
Min Period        n/a     RAMB18E1/CLKBWRCLK  n/a            2.472         162.759     160.287    RAMB18_X0Y32     u_demo_interp_dac8_audio_pcm_common/gen_phase7_folded.u_interp128_all2x_v7_folded_fir_cic_top_ce/gen_lutram_stage23.u_interp2_stage23_lutram_cic_dsp_ce/gen_unified_bram_history.u_nf_stage23_history_ramb18_sdp/gen_primitive.u_stage23_history_ramb18e1/CLKBWRCLK
Min Period        n/a     RAMB18E1/CLKARDCLK  n/a            2.472         162.759     160.287    RAMB18_X0Y31     u_demo_interp_dac8_audio_pcm_common/gen_phase7_folded.u_interp128_all2x_v7_folded_fir_cic_top_ce/gen_single_bram_stage1.u_interp2_stage1_strict_halfband_bram_ce/u_nf_stage1_history_ramb18_sdp/gen_primitive.u_stage1_history_ramb18e1/CLKARDCLK
Min Period        n/a     RAMB18E1/CLKBWRCLK  n/a            2.472         162.759     160.287    RAMB18_X0Y31     u_demo_interp_dac8_audio_pcm_common/gen_phase7_folded.u_interp128_all2x_v7_folded_fir_cic_top_ce/gen_single_bram_stage1.u_interp2_stage1_strict_halfband_bram_ce/u_nf_stage1_history_ramb18_sdp/gen_primitive.u_stage1_history_ramb18e1/CLKBWRCLK
Min Period        n/a     RAMB18E1/CLKARDCLK  n/a            2.472         162.759     160.287    RAMB18_X0Y33     u_demo_interp_dac8_audio_pcm_common/gen_phase7_folded.u_interp128_all2x_v7_folded_fir_cic_top_ce/gen_unified_fir_coeff_bram.u_nf_unified_fir_coeff_bram/u_unified_coeff_ramb18e1/CLKARDCLK
Min Period        n/a     RAMB18E1/CLKBWRCLK  n/a            2.472         162.759     160.287    RAMB18_X0Y33     u_demo_interp_dac8_audio_pcm_common/gen_phase7_folded.u_interp128_all2x_v7_folded_fir_cic_top_ce/gen_unified_fir_coeff_bram.u_nf_unified_fir_coeff_bram/u_unified_coeff_ramb18e1/CLKBWRCLK
Min Period        n/a     RAMB18E1/CLKARDCLK  n/a            2.170         162.759     160.589    RAMB18_X0Y29     u_demo_interp_dac8_audio_pcm_common/gen_dual_rate_test_tone.u_dual_rate_test_tone_rom_source/rom_word_q_reg/CLKARDCLK
Min Period        n/a     RAMB18E1/CLKBWRCLK  n/a            2.170         162.759     160.589    RAMB18_X0Y29     u_demo_interp_dac8_audio_pcm_common/gen_dual_rate_test_tone.u_dual_rate_test_tone_rom_source/rom_word_q_reg/CLKBWRCLK
Min Period        n/a     DSP48E1/CLK         n/a            2.147         162.759     160.612    DSP48_X0Y32      u_demo_interp_dac8_audio_pcm_common/gen_phase7_folded.u_interp128_all2x_v7_folded_fir_cic_top_ce/gen_lutram_stage23.u_interp2_stage23_lutram_cic_dsp_ce/u_stage23_dsp48e1/CLK
Min Period        n/a     DSP48E1/CLK         n/a            2.147         162.759     160.612    DSP48_X0Y31      u_demo_interp_dac8_audio_pcm_common/gen_phase7_folded.u_interp128_all2x_v7_folded_fir_cic_top_ce/gen_single_bram_stage1.u_interp2_stage1_strict_halfband_bram_ce/u_stage1_dsp48e1/CLK
Max Period        n/a     MMCME2_ADV/CLKOUT0  n/a            213.360       162.759     50.601     MMCME2_ADV_X0Y1  u_dual_family_audio_clock/u_mmcm_48k/CLKOUT0
Low Pulse Width   Slow    FDRE/C              n/a            0.500         81.379      80.879     SLICE_X10Y71     family_audio_meta_reg/C
Low Pulse Width   Fast    FDRE/C              n/a            0.500         81.379      80.879     SLICE_X10Y71     family_audio_meta_reg/C
Low Pulse Width   Slow    FDRE/C              n/a            0.500         81.379      80.879     SLICE_X10Y71     family_audio_sync_reg/C
Low Pulse Width   Fast    FDRE/C              n/a            0.500         81.379      80.879     SLICE_X10Y71     family_audio_sync_reg/C
Low Pulse Width   Slow    FDRE/C              n/a            0.500         81.379      80.879     SLICE_X4Y78      rst_audio_datapath_n_reg/C
Low Pulse Width   Fast    FDRE/C              n/a            0.500         81.379      80.879     SLICE_X4Y78      rst_audio_datapath_n_reg/C
Low Pulse Width   Slow    FDRE/C              n/a            0.500         81.379      80.879     SLICE_X4Y78      rst_audio_sync_reg[0]/C
Low Pulse Width   Fast    FDRE/C              n/a            0.500         81.379      80.879     SLICE_X4Y78      rst_audio_sync_reg[0]/C
Low Pulse Width   Slow    FDRE/C              n/a            0.500         81.379      80.879     SLICE_X4Y78      rst_audio_sync_reg[1]/C
Low Pulse Width   Fast    FDRE/C              n/a            0.500         81.379      80.879     SLICE_X4Y78      rst_audio_sync_reg[1]/C
High Pulse Width  Slow    FDRE/C              n/a            0.500         81.379      80.879     SLICE_X10Y71     family_audio_meta_reg/C
High Pulse Width  Fast    FDRE/C              n/a            0.500         81.379      80.879     SLICE_X10Y71     family_audio_meta_reg/C
High Pulse Width  Slow    FDRE/C              n/a            0.500         81.379      80.879     SLICE_X10Y71     family_audio_sync_reg/C
High Pulse Width  Fast    FDRE/C              n/a            0.500         81.379      80.879     SLICE_X10Y71     family_audio_sync_reg/C
High Pulse Width  Slow    FDRE/C              n/a            0.500         81.379      80.879     SLICE_X4Y78      rst_audio_datapath_n_reg/C
High Pulse Width  Fast    FDRE/C              n/a            0.500         81.379      80.879     SLICE_X4Y78      rst_audio_datapath_n_reg/C
High Pulse Width  Slow    FDRE/C              n/a            0.500         81.379      80.879     SLICE_X4Y78      rst_audio_sync_reg[0]/C
High Pulse Width  Fast    FDRE/C              n/a            0.500         81.379      80.879     SLICE_X4Y78      rst_audio_sync_reg[0]/C
High Pulse Width  Slow    FDRE/C              n/a            0.500         81.379      80.879     SLICE_X4Y78      rst_audio_sync_reg[1]/C
High Pulse Width  Fast    FDRE/C              n/a            0.500         81.379      80.879     SLICE_X4Y78      rst_audio_sync_reg[1]/C



---------------------------------------------------------------------------------------------------
From Clock:  u_dual_family_audio_clock/clkfb_44k1
  To Clock:  u_dual_family_audio_clock/clkfb_44k1

Setup :           NA  Failing Endpoints,  Worst Slack           NA  ,  Total Violation           NA
Hold  :           NA  Failing Endpoints,  Worst Slack           NA  ,  Total Violation           NA
PW    :            0  Failing Endpoints,  Worst Slack        0.000ns,  Total Violation        0.000ns
---------------------------------------------------------------------------------------------------


Pulse Width Checks
--------------------------------------------------------------------------------------
Clock Name:         u_dual_family_audio_clock/clkfb_44k1
Waveform(ns):       { 0.000 50.000 }
Period(ns):         100.000
Sources:            { u_dual_family_audio_clock/u_mmcm_44k1/CLKFBOUT }

Check Type  Corner  Lib Pin              Reference Pin  Required(ns)  Actual(ns)  Slack(ns)  Location         Pin
Min Period  n/a     MMCME2_ADV/CLKFBOUT  n/a            1.249         100.000     98.751     MMCME2_ADV_X0Y2  u_dual_family_audio_clock/u_mmcm_44k1/CLKFBOUT
Min Period  n/a     MMCME2_ADV/CLKFBIN   n/a            1.249         100.000     98.751     MMCME2_ADV_X0Y2  u_dual_family_audio_clock/u_mmcm_44k1/CLKFBIN
Max Period  n/a     MMCME2_ADV/CLKFBIN   n/a            100.000       100.000     0.000      MMCME2_ADV_X0Y2  u_dual_family_audio_clock/u_mmcm_44k1/CLKFBIN
Max Period  n/a     MMCME2_ADV/CLKFBOUT  n/a            213.360       100.000     113.360    MMCME2_ADV_X0Y2  u_dual_family_audio_clock/u_mmcm_44k1/CLKFBOUT



---------------------------------------------------------------------------------------------------
From Clock:  u_dual_family_audio_clock/clkfb_48k
  To Clock:  u_dual_family_audio_clock/clkfb_48k

Setup :           NA  Failing Endpoints,  Worst Slack           NA  ,  Total Violation           NA
Hold  :           NA  Failing Endpoints,  Worst Slack           NA  ,  Total Violation           NA
PW    :            0  Failing Endpoints,  Worst Slack       48.751ns,  Total Violation        0.000ns
---------------------------------------------------------------------------------------------------


Pulse Width Checks
--------------------------------------------------------------------------------------
Clock Name:         u_dual_family_audio_clock/clkfb_48k
Waveform(ns):       { 0.000 25.000 }
Period(ns):         50.000
Sources:            { u_dual_family_audio_clock/u_mmcm_48k/CLKFBOUT }

Check Type  Corner  Lib Pin              Reference Pin  Required(ns)  Actual(ns)  Slack(ns)  Location         Pin
Min Period  n/a     MMCME2_ADV/CLKFBOUT  n/a            1.249         50.000      48.751     MMCME2_ADV_X0Y1  u_dual_family_audio_clock/u_mmcm_48k/CLKFBOUT
Min Period  n/a     MMCME2_ADV/CLKFBIN   n/a            1.249         50.000      48.751     MMCME2_ADV_X0Y1  u_dual_family_audio_clock/u_mmcm_48k/CLKFBIN
Max Period  n/a     MMCME2_ADV/CLKFBIN   n/a            100.000       50.000      50.000     MMCME2_ADV_X0Y1  u_dual_family_audio_clock/u_mmcm_48k/CLKFBIN
Max Period  n/a     MMCME2_ADV/CLKFBOUT  n/a            213.360       50.000      163.360    MMCME2_ADV_X0Y1  u_dual_family_audio_clock/u_mmcm_48k/CLKFBOUT



---------------------------------------------------------------------------------------------------
From Clock:  clk_20M
  To Clock:  u_dual_family_audio_clock/clk_44k1_raw

Setup :            0  Failing Endpoints,  Worst Slack       48.877ns,  Total Violation        0.000ns
Hold  :           NA  Failing Endpoints,  Worst Slack           NA  ,  Total Violation           NA
---------------------------------------------------------------------------------------------------


Max Delay Paths
--------------------------------------------------------------------------------------
Slack (MET) :             48.877ns  (required time - arrival time)
  Source:                 u_nf_mode_cdc_handshake/mode_shadow_reg[0]/C
                            (rising edge-triggered cell FDSE clocked by clk_20M  {rise@0.000ns fall@25.000ns period=50.000ns})
  Destination:            u_nf_mode_cdc_handshake/audio_mode_reg[0]/D
                            (rising edge-triggered cell FDSE clocked by u_dual_family_audio_clock/clk_44k1_raw  {rise@0.000ns fall@88.577ns period=177.154ns})
  Path Group:             u_dual_family_audio_clock/clk_44k1_raw
  Path Type:              Setup (Max at Slow Process Corner)
  Requirement:            50.000ns  (MaxDelay Path 50.000ns)
  Data Path Delay:        0.971ns  (logic 0.348ns (35.851%)  route 0.623ns (64.149%))
  Logic Levels:           0  
  Timing Exception:       MaxDelay Path 50.000ns -datapath_only

    Location             Delay type                Incr(ns)  Path(ns)    Netlist Resource(s)
  -------------------------------------------------------------------    -------------------
    SLICE_X1Y83                                       0.000     0.000 r  u_nf_mode_cdc_handshake/mode_shadow_reg[0]/C
    SLICE_X1Y83          FDSE (Prop_fdse_C_Q)         0.348     0.348 r  u_nf_mode_cdc_handshake/mode_shadow_reg[0]/Q
                         net (fo=2, routed)           0.623     0.971    mode_shadow[0]
    SLICE_X2Y84          FDSE                                         r  u_nf_mode_cdc_handshake/audio_mode_reg[0]/D
  -------------------------------------------------------------------    -------------------

                         max delay                   50.000    50.000    
    SLICE_X2Y84          FDSE (Setup_fdse_C_D)       -0.152    49.848    u_nf_mode_cdc_handshake/audio_mode_reg[0]
  -------------------------------------------------------------------
                         required time                         49.848    
                         arrival time                          -0.971    
  -------------------------------------------------------------------
                         slack                                 48.877    

Slack (MET) :             49.098ns  (required time - arrival time)
  Source:                 u_nf_mode_cdc_handshake/mode_shadow_reg[1]/C
                            (rising edge-triggered cell FDSE clocked by clk_20M  {rise@0.000ns fall@25.000ns period=50.000ns})
  Destination:            u_nf_mode_cdc_handshake/audio_mode_reg[1]/D
                            (rising edge-triggered cell FDSE clocked by u_dual_family_audio_clock/clk_44k1_raw  {rise@0.000ns fall@88.577ns period=177.154ns})
  Path Group:             u_dual_family_audio_clock/clk_44k1_raw
  Path Type:              Setup (Max at Slow Process Corner)
  Requirement:            50.000ns  (MaxDelay Path 50.000ns)
  Data Path Delay:        0.875ns  (logic 0.379ns (43.313%)  route 0.496ns (56.687%))
  Logic Levels:           0  
  Timing Exception:       MaxDelay Path 50.000ns -datapath_only

    Location             Delay type                Incr(ns)  Path(ns)    Netlist Resource(s)
  -------------------------------------------------------------------    -------------------
    SLICE_X1Y83                                       0.000     0.000 r  u_nf_mode_cdc_handshake/mode_shadow_reg[1]/C
    SLICE_X1Y83          FDSE (Prop_fdse_C_Q)         0.379     0.379 r  u_nf_mode_cdc_handshake/mode_shadow_reg[1]/Q
                         net (fo=2, routed)           0.496     0.875    mode_shadow[1]
    SLICE_X2Y84          FDSE                                         r  u_nf_mode_cdc_handshake/audio_mode_reg[1]/D
  -------------------------------------------------------------------    -------------------

                         max delay                   50.000    50.000    
    SLICE_X2Y84          FDSE (Setup_fdse_C_D)       -0.027    49.973    u_nf_mode_cdc_handshake/audio_mode_reg[1]
  -------------------------------------------------------------------
                         required time                         49.973    
                         arrival time                          -0.875    
  -------------------------------------------------------------------
                         slack                                 49.098    





---------------------------------------------------------------------------------------------------
From Clock:  u_dual_family_audio_clock/clk_44k1_raw
  To Clock:  dac_clk_44k1_128x

Setup :            0  Failing Endpoints,  Worst Slack       84.287ns,  Total Violation        0.000ns
Hold  :            0  Failing Endpoints,  Worst Slack       86.288ns,  Total Violation        0.000ns
---------------------------------------------------------------------------------------------------


Max Delay Paths
--------------------------------------------------------------------------------------
Slack (MET) :             84.287ns  (required time - arrival time)
  Source:                 u_demo_interp_dac8_audio_pcm_common/dac_data_r_reg[4]/C
                            (falling edge-triggered cell FDRE clocked by u_dual_family_audio_clock/clk_44k1_raw  {rise@0.000ns fall@88.577ns period=177.154ns})
  Destination:            dac_data[4]
                            (output port clocked by dac_clk_44k1_128x  {rise@0.000ns fall@88.577ns period=177.154ns})
  Path Group:             dac_clk_44k1_128x
  Path Type:              Max at Slow Process Corner
  Requirement:            88.577ns  (dac_clk_44k1_128x rise@177.154ns - u_dual_family_audio_clock/clk_44k1_raw fall@88.577ns)
  Data Path Delay:        4.154ns  (logic 4.153ns (99.976%)  route 0.001ns (0.024%))
  Logic Levels:           1  (OBUF=1)
  Output Delay:           2.500ns
  Clock Path Skew:        2.822ns (DCD - SCD + CPR)
    Destination Clock Delay (DCD):    10.643ns = ( 187.797 - 177.154 ) 
    Source Clock Delay      (SCD):    8.186ns = ( 96.764 - 88.577 ) 
    Clock Pessimism Removal (CPR):    0.365ns
  Clock Uncertainty:      0.458ns  ((TSJ^2 + DJ^2)^1/2) / 2 + PE
    Total System Jitter     (TSJ):    0.071ns
    Discrete Jitter          (DJ):    0.913ns
    Phase Error              (PE):    0.000ns

    Location             Delay type                Incr(ns)  Path(ns)    Netlist Resource(s)
  -------------------------------------------------------------------    -------------------
                         (clock u_dual_family_audio_clock/clk_44k1_raw fall edge)
                                                     88.577    88.577 f  
    Y18                                               0.000    88.577 f  clk (IN)
                         net (fo=0)                   0.000    88.577    clk
    Y18                  IBUF (Prop_ibuf_I_O)         1.427    90.004 f  u_ibuf_sys_clk/O
                         net (fo=1, routed)           1.693    91.697    clk_ibuf
    BUFGCTRL_X0Y0        BUFG (Prop_bufg_I_O)         0.081    91.778 f  u_bufg_sys_clk/O
                         net (fo=58, routed)          1.538    93.316    clk_sys_bufg
    MMCME2_ADV_X0Y2      MMCME2_ADV (Prop_mmcme2_adv_CLKIN1_CLKOUT0)
                                                      0.077    93.393 f  u_dual_family_audio_clock/u_mmcm_44k1/CLKOUT0
                         net (fo=1, routed)           1.698    95.091    u_dual_family_audio_clock/clk_44k1_raw
    BUFGCTRL_X0Y16       BUFGCTRL (Prop_bufgctrl_I0_O)
                                                      0.081    95.172 f  u_dual_family_audio_clock/u_bufgmux_audio_family/O
                         net (fo=342, routed)         1.592    96.764    clk_audio_128x
    OLOGIC_X0Y120        FDRE                                         r  u_demo_interp_dac8_audio_pcm_common/dac_data_r_reg[4]/C  (IS_INVERTED)
  -------------------------------------------------------------------    -------------------
    OLOGIC_X0Y120        FDRE (Prop_fdre_C_Q)         0.418    97.182 r  u_demo_interp_dac8_audio_pcm_common/dac_data_r_reg[4]/Q
                         net (fo=1, routed)           0.001    97.183    dac_data_OBUF[4]
    F18                  OBUF (Prop_obuf_I_O)         3.735   100.918 r  dac_data_OBUF[4]_inst/O
                         net (fo=0)                   0.000   100.918    dac_data[4]
    F18                                                               r  dac_data[4] (OUT)
  -------------------------------------------------------------------    -------------------

                         (clock dac_clk_44k1_128x rise edge)
                                                    177.154   177.154 r  
    Y18                                               0.000   177.154 r  clk (IN)
                         net (fo=0)                   0.000   177.154    clk
    Y18                  IBUF (Prop_ibuf_I_O)         1.361   178.515 r  u_ibuf_sys_clk/O
                         net (fo=1, routed)           1.604   180.119    clk_ibuf
    BUFGCTRL_X0Y0        BUFG (Prop_bufg_I_O)         0.077   180.196 r  u_bufg_sys_clk/O
                         net (fo=58, routed)          1.426   181.622    clk_sys_bufg
    MMCME2_ADV_X0Y2      MMCME2_ADV (Prop_mmcme2_adv_CLKIN1_CLKOUT0)
                                                      0.073   181.695 r  u_dual_family_audio_clock/u_mmcm_44k1/CLKOUT0
                         net (fo=1, routed)           1.617   183.312    u_dual_family_audio_clock/clk_44k1_raw
    BUFGCTRL_X0Y16       BUFGCTRL (Prop_bufgctrl_I0_O)
                                                      0.077   183.389 r  u_dual_family_audio_clock/u_bufgmux_audio_family/O
                         net (fo=342, routed)         1.299   184.688    clk_audio_128x
    OLOGIC_X0Y95         ODDR (Prop_oddr_C_Q)         0.363   185.051 r  u_demo_interp_dac8_audio_pcm_common/gen_dac_clock_oddr.u_dac_clock_oddr/Q
                         net (fo=1, routed)           0.001   185.052    dac_clk_OBUF
    G16                  OBUF (Prop_obuf_I_O)         2.745   187.797 r  dac_clk_OBUF_inst/O
                         net (fo=0)                   0.000   187.797    dac_clk
    G16                                                               r  dac_clk (OUT)
                         clock pessimism              0.365   188.163    
                         clock uncertainty           -0.458   187.705    
                         output delay                -2.500   185.205    
  -------------------------------------------------------------------
                         required time                        185.205    
                         arrival time                        -100.918    
  -------------------------------------------------------------------
                         slack                                 84.287    

Slack (MET) :             84.290ns  (required time - arrival time)
  Source:                 u_demo_interp_dac8_audio_pcm_common/dac_data_r_reg[1]/C
                            (falling edge-triggered cell FDRE clocked by u_dual_family_audio_clock/clk_44k1_raw  {rise@0.000ns fall@88.577ns period=177.154ns})
  Destination:            dac_data[1]
                            (output port clocked by dac_clk_44k1_128x  {rise@0.000ns fall@88.577ns period=177.154ns})
  Path Group:             dac_clk_44k1_128x
  Path Type:              Max at Slow Process Corner
  Requirement:            88.577ns  (dac_clk_44k1_128x rise@177.154ns - u_dual_family_audio_clock/clk_44k1_raw fall@88.577ns)
  Data Path Delay:        4.152ns  (logic 4.151ns (99.976%)  route 0.001ns (0.024%))
  Logic Levels:           1  (OBUF=1)
  Output Delay:           2.500ns
  Clock Path Skew:        2.823ns (DCD - SCD + CPR)
    Destination Clock Delay (DCD):    10.643ns = ( 187.797 - 177.154 ) 
    Source Clock Delay      (SCD):    8.185ns = ( 96.763 - 88.577 ) 
    Clock Pessimism Removal (CPR):    0.365ns
  Clock Uncertainty:      0.458ns  ((TSJ^2 + DJ^2)^1/2) / 2 + PE
    Total System Jitter     (TSJ):    0.071ns
    Discrete Jitter          (DJ):    0.913ns
    Phase Error              (PE):    0.000ns

    Location             Delay type                Incr(ns)  Path(ns)    Netlist Resource(s)
  -------------------------------------------------------------------    -------------------
                         (clock u_dual_family_audio_clock/clk_44k1_raw fall edge)
                                                     88.577    88.577 f  
    Y18                                               0.000    88.577 f  clk (IN)
                         net (fo=0)                   0.000    88.577    clk
    Y18                  IBUF (Prop_ibuf_I_O)         1.427    90.004 f  u_ibuf_sys_clk/O
                         net (fo=1, routed)           1.693    91.697    clk_ibuf
    BUFGCTRL_X0Y0        BUFG (Prop_bufg_I_O)         0.081    91.778 f  u_bufg_sys_clk/O
                         net (fo=58, routed)          1.538    93.316    clk_sys_bufg
    MMCME2_ADV_X0Y2      MMCME2_ADV (Prop_mmcme2_adv_CLKIN1_CLKOUT0)
                                                      0.077    93.393 f  u_dual_family_audio_clock/u_mmcm_44k1/CLKOUT0
                         net (fo=1, routed)           1.698    95.091    u_dual_family_audio_clock/clk_44k1_raw
    BUFGCTRL_X0Y16       BUFGCTRL (Prop_bufgctrl_I0_O)
                                                      0.081    95.172 f  u_dual_family_audio_clock/u_bufgmux_audio_family/O
                         net (fo=342, routed)         1.591    96.763    clk_audio_128x
    OLOGIC_X0Y122        FDRE                                         r  u_demo_interp_dac8_audio_pcm_common/dac_data_r_reg[1]/C  (IS_INVERTED)
  -------------------------------------------------------------------    -------------------
    OLOGIC_X0Y122        FDRE (Prop_fdre_C_Q)         0.418    97.181 r  u_demo_interp_dac8_audio_pcm_common/dac_data_r_reg[1]/Q
                         net (fo=1, routed)           0.001    97.182    dac_data_OBUF[1]
    E19                  OBUF (Prop_obuf_I_O)         3.733   100.914 r  dac_data_OBUF[1]_inst/O
                         net (fo=0)                   0.000   100.914    dac_data[1]
    E19                                                               r  dac_data[1] (OUT)
  -------------------------------------------------------------------    -------------------

                         (clock dac_clk_44k1_128x rise edge)
                                                    177.154   177.154 r  
    Y18                                               0.000   177.154 r  clk (IN)
                         net (fo=0)                   0.000   177.154    clk
    Y18                  IBUF (Prop_ibuf_I_O)         1.361   178.515 r  u_ibuf_sys_clk/O
                         net (fo=1, routed)           1.604   180.119    clk_ibuf
    BUFGCTRL_X0Y0        BUFG (Prop_bufg_I_O)         0.077   180.196 r  u_bufg_sys_clk/O
                         net (fo=58, routed)          1.426   181.622    clk_sys_bufg
    MMCME2_ADV_X0Y2      MMCME2_ADV (Prop_mmcme2_adv_CLKIN1_CLKOUT0)
                                                      0.073   181.695 r  u_dual_family_audio_clock/u_mmcm_44k1/CLKOUT0
                         net (fo=1, routed)           1.617   183.312    u_dual_family_audio_clock/clk_44k1_raw
    BUFGCTRL_X0Y16       BUFGCTRL (Prop_bufgctrl_I0_O)
                                                      0.077   183.389 r  u_dual_family_audio_clock/u_bufgmux_audio_family/O
                         net (fo=342, routed)         1.299   184.688    clk_audio_128x
    OLOGIC_X0Y95         ODDR (Prop_oddr_C_Q)         0.363   185.051 r  u_demo_interp_dac8_audio_pcm_common/gen_dac_clock_oddr.u_dac_clock_oddr/Q
                         net (fo=1, routed)           0.001   185.052    dac_clk_OBUF
    G16                  OBUF (Prop_obuf_I_O)         2.745   187.797 r  dac_clk_OBUF_inst/O
                         net (fo=0)                   0.000   187.797    dac_clk
    G16                                                               r  dac_clk (OUT)
                         clock pessimism              0.365   188.163    
                         clock uncertainty           -0.458   187.705    
                         output delay                -2.500   185.205    
  -------------------------------------------------------------------
                         required time                        185.205    
                         arrival time                        -100.914    
  -------------------------------------------------------------------
                         slack                                 84.290    

Slack (MET) :             84.291ns  (required time - arrival time)
  Source:                 u_demo_interp_dac8_audio_pcm_common/dac_data_r_reg[7]/C
                            (falling edge-triggered cell FDSE clocked by u_dual_family_audio_clock/clk_44k1_raw  {rise@0.000ns fall@88.577ns period=177.154ns})
  Destination:            dac_data[7]
                            (output port clocked by dac_clk_44k1_128x  {rise@0.000ns fall@88.577ns period=177.154ns})
  Path Group:             dac_clk_44k1_128x
  Path Type:              Max at Slow Process Corner
  Requirement:            88.577ns  (dac_clk_44k1_128x rise@177.154ns - u_dual_family_audio_clock/clk_44k1_raw fall@88.577ns)
  Data Path Delay:        4.153ns  (logic 4.152ns (99.976%)  route 0.001ns (0.024%))
  Logic Levels:           1  (OBUF=1)
  Output Delay:           2.500ns
  Clock Path Skew:        2.825ns (DCD - SCD + CPR)
    Destination Clock Delay (DCD):    10.643ns = ( 187.797 - 177.154 ) 
    Source Clock Delay      (SCD):    8.183ns = ( 96.761 - 88.577 ) 
    Clock Pessimism Removal (CPR):    0.365ns
  Clock Uncertainty:      0.458ns  ((TSJ^2 + DJ^2)^1/2) / 2 + PE
    Total System Jitter     (TSJ):    0.071ns
    Discrete Jitter          (DJ):    0.913ns
    Phase Error              (PE):    0.000ns

    Location             Delay type                Incr(ns)  Path(ns)    Netlist Resource(s)
  -------------------------------------------------------------------    -------------------
                         (clock u_dual_family_audio_clock/clk_44k1_raw fall edge)
                                                     88.577    88.577 f  
    Y18                                               0.000    88.577 f  clk (IN)
                         net (fo=0)                   0.000    88.577    clk
    Y18                  IBUF (Prop_ibuf_I_O)         1.427    90.004 f  u_ibuf_sys_clk/O
                         net (fo=1, routed)           1.693    91.697    clk_ibuf
    BUFGCTRL_X0Y0        BUFG (Prop_bufg_I_O)         0.081    91.778 f  u_bufg_sys_clk/O
                         net (fo=58, routed)          1.538    93.316    clk_sys_bufg
    MMCME2_ADV_X0Y2      MMCME2_ADV (Prop_mmcme2_adv_CLKIN1_CLKOUT0)
                                                      0.077    93.393 f  u_dual_family_audio_clock/u_mmcm_44k1/CLKOUT0
                         net (fo=1, routed)           1.698    95.091    u_dual_family_audio_clock/clk_44k1_raw
    BUFGCTRL_X0Y16       BUFGCTRL (Prop_bufgctrl_I0_O)
                                                      0.081    95.172 f  u_dual_family_audio_clock/u_bufgmux_audio_family/O
                         net (fo=342, routed)         1.589    96.761    clk_audio_128x
    OLOGIC_X0Y125        FDSE                                         r  u_demo_interp_dac8_audio_pcm_common/dac_data_r_reg[7]/C  (IS_INVERTED)
  -------------------------------------------------------------------    -------------------
    OLOGIC_X0Y125        FDSE (Prop_fdse_C_Q)         0.418    97.179 r  u_demo_interp_dac8_audio_pcm_common/dac_data_r_reg[7]/Q
                         net (fo=1, routed)           0.001    97.180    dac_data_OBUF[7]
    C17                  OBUF (Prop_obuf_I_O)         3.734   100.914 r  dac_data_OBUF[7]_inst/O
                         net (fo=0)                   0.000   100.914    dac_data[7]
    C17                                                               r  dac_data[7] (OUT)
  -------------------------------------------------------------------    -------------------

                         (clock dac_clk_44k1_128x rise edge)
                                                    177.154   177.154 r  
    Y18                                               0.000   177.154 r  clk (IN)
                         net (fo=0)                   0.000   177.154    clk
    Y18                  IBUF (Prop_ibuf_I_O)         1.361   178.515 r  u_ibuf_sys_clk/O
                         net (fo=1, routed)           1.604   180.119    clk_ibuf
    BUFGCTRL_X0Y0        BUFG (Prop_bufg_I_O)         0.077   180.196 r  u_bufg_sys_clk/O
                         net (fo=58, routed)          1.426   181.622    clk_sys_bufg
    MMCME2_ADV_X0Y2      MMCME2_ADV (Prop_mmcme2_adv_CLKIN1_CLKOUT0)
                                                      0.073   181.695 r  u_dual_family_audio_clock/u_mmcm_44k1/CLKOUT0
                         net (fo=1, routed)           1.617   183.312    u_dual_family_audio_clock/clk_44k1_raw
    BUFGCTRL_X0Y16       BUFGCTRL (Prop_bufgctrl_I0_O)
                                                      0.077   183.389 r  u_dual_family_audio_clock/u_bufgmux_audio_family/O
                         net (fo=342, routed)         1.299   184.688    clk_audio_128x
    OLOGIC_X0Y95         ODDR (Prop_oddr_C_Q)         0.363   185.051 r  u_demo_interp_dac8_audio_pcm_common/gen_dac_clock_oddr.u_dac_clock_oddr/Q
                         net (fo=1, routed)           0.001   185.052    dac_clk_OBUF
    G16                  OBUF (Prop_obuf_I_O)         2.745   187.797 r  dac_clk_OBUF_inst/O
                         net (fo=0)                   0.000   187.797    dac_clk
    G16                                                               r  dac_clk (OUT)
                         clock pessimism              0.365   188.163    
                         clock uncertainty           -0.458   187.705    
                         output delay                -2.500   185.205    
  -------------------------------------------------------------------
                         required time                        185.205    
                         arrival time                        -100.914    
  -------------------------------------------------------------------
                         slack                                 84.291    

Slack (MET) :             84.309ns  (required time - arrival time)
  Source:                 u_demo_interp_dac8_audio_pcm_common/dac_data_r_reg[6]/C
                            (falling edge-triggered cell FDRE clocked by u_dual_family_audio_clock/clk_44k1_raw  {rise@0.000ns fall@88.577ns period=177.154ns})
  Destination:            dac_data[6]
                            (output port clocked by dac_clk_44k1_128x  {rise@0.000ns fall@88.577ns period=177.154ns})
  Path Group:             dac_clk_44k1_128x
  Path Type:              Max at Slow Process Corner
  Requirement:            88.577ns  (dac_clk_44k1_128x rise@177.154ns - u_dual_family_audio_clock/clk_44k1_raw fall@88.577ns)
  Data Path Delay:        4.119ns  (logic 4.118ns (99.976%)  route 0.001ns (0.024%))
  Logic Levels:           1  (OBUF=1)
  Output Delay:           2.500ns
  Clock Path Skew:        2.809ns (DCD - SCD + CPR)
    Destination Clock Delay (DCD):    10.643ns = ( 187.797 - 177.154 ) 
    Source Clock Delay      (SCD):    8.199ns = ( 96.777 - 88.577 ) 
    Clock Pessimism Removal (CPR):    0.365ns
  Clock Uncertainty:      0.458ns  ((TSJ^2 + DJ^2)^1/2) / 2 + PE
    Total System Jitter     (TSJ):    0.071ns
    Discrete Jitter          (DJ):    0.913ns
    Phase Error              (PE):    0.000ns

    Location             Delay type                Incr(ns)  Path(ns)    Netlist Resource(s)
  -------------------------------------------------------------------    -------------------
                         (clock u_dual_family_audio_clock/clk_44k1_raw fall edge)
                                                     88.577    88.577 f  
    Y18                                               0.000    88.577 f  clk (IN)
                         net (fo=0)                   0.000    88.577    clk
    Y18                  IBUF (Prop_ibuf_I_O)         1.427    90.004 f  u_ibuf_sys_clk/O
                         net (fo=1, routed)           1.693    91.697    clk_ibuf
    BUFGCTRL_X0Y0        BUFG (Prop_bufg_I_O)         0.081    91.778 f  u_bufg_sys_clk/O
                         net (fo=58, routed)          1.538    93.316    clk_sys_bufg
    MMCME2_ADV_X0Y2      MMCME2_ADV (Prop_mmcme2_adv_CLKIN1_CLKOUT0)
                                                      0.077    93.393 f  u_dual_family_audio_clock/u_mmcm_44k1/CLKOUT0
                         net (fo=1, routed)           1.698    95.091    u_dual_family_audio_clock/clk_44k1_raw
    BUFGCTRL_X0Y16       BUFGCTRL (Prop_bufgctrl_I0_O)
                                                      0.081    95.172 f  u_dual_family_audio_clock/u_bufgmux_audio_family/O
                         net (fo=342, routed)         1.605    96.777    clk_audio_128x
    OLOGIC_X0Y145        FDRE                                         r  u_demo_interp_dac8_audio_pcm_common/dac_data_r_reg[6]/C  (IS_INVERTED)
  -------------------------------------------------------------------    -------------------
    OLOGIC_X0Y145        FDRE (Prop_fdre_C_Q)         0.418    97.195 r  u_demo_interp_dac8_audio_pcm_common/dac_data_r_reg[6]/Q
                         net (fo=1, routed)           0.001    97.196    dac_data_OBUF[6]
    E17                  OBUF (Prop_obuf_I_O)         3.700   100.896 r  dac_data_OBUF[6]_inst/O
                         net (fo=0)                   0.000   100.896    dac_data[6]
    E17                                                               r  dac_data[6] (OUT)
  -------------------------------------------------------------------    -------------------

                         (clock dac_clk_44k1_128x rise edge)
                                                    177.154   177.154 r  
    Y18                                               0.000   177.154 r  clk (IN)
                         net (fo=0)                   0.000   177.154    clk
    Y18                  IBUF (Prop_ibuf_I_O)         1.361   178.515 r  u_ibuf_sys_clk/O
                         net (fo=1, routed)           1.604   180.119    clk_ibuf
    BUFGCTRL_X0Y0        BUFG (Prop_bufg_I_O)         0.077   180.196 r  u_bufg_sys_clk/O
                         net (fo=58, routed)          1.426   181.622    clk_sys_bufg
    MMCME2_ADV_X0Y2      MMCME2_ADV (Prop_mmcme2_adv_CLKIN1_CLKOUT0)
                                                      0.073   181.695 r  u_dual_family_audio_clock/u_mmcm_44k1/CLKOUT0
                         net (fo=1, routed)           1.617   183.312    u_dual_family_audio_clock/clk_44k1_raw
    BUFGCTRL_X0Y16       BUFGCTRL (Prop_bufgctrl_I0_O)
                                                      0.077   183.389 r  u_dual_family_audio_clock/u_bufgmux_audio_family/O
                         net (fo=342, routed)         1.299   184.688    clk_audio_128x
    OLOGIC_X0Y95         ODDR (Prop_oddr_C_Q)         0.363   185.051 r  u_demo_interp_dac8_audio_pcm_common/gen_dac_clock_oddr.u_dac_clock_oddr/Q
                         net (fo=1, routed)           0.001   185.052    dac_clk_OBUF
    G16                  OBUF (Prop_obuf_I_O)         2.745   187.797 r  dac_clk_OBUF_inst/O
                         net (fo=0)                   0.000   187.797    dac_clk
    G16                                                               r  dac_clk (OUT)
                         clock pessimism              0.365   188.163    
                         clock uncertainty           -0.458   187.705    
                         output delay                -2.500   185.205    
  -------------------------------------------------------------------
                         required time                        185.205    
                         arrival time                        -100.896    
  -------------------------------------------------------------------
                         slack                                 84.309    

Slack (MET) :             84.541ns  (required time - arrival time)
  Source:                 u_demo_interp_dac8_audio_pcm_common/dac_data_r_reg[3]/C
                            (falling edge-triggered cell FDRE clocked by u_dual_family_audio_clock/clk_44k1_raw  {rise@0.000ns fall@88.577ns period=177.154ns})
  Destination:            dac_data[3]
                            (output port clocked by dac_clk_44k1_128x  {rise@0.000ns fall@88.577ns period=177.154ns})
  Path Group:             dac_clk_44k1_128x
  Path Type:              Max at Slow Process Corner
  Requirement:            88.577ns  (dac_clk_44k1_128x rise@177.154ns - u_dual_family_audio_clock/clk_44k1_raw fall@88.577ns)
  Data Path Delay:        4.159ns  (logic 4.158ns (99.976%)  route 0.001ns (0.024%))
  Logic Levels:           1  (OBUF=1)
  Output Delay:           2.500ns
  Clock Path Skew:        3.081ns (DCD - SCD + CPR)
    Destination Clock Delay (DCD):    10.643ns = ( 187.797 - 177.154 ) 
    Source Clock Delay      (SCD):    8.035ns = ( 96.612 - 88.577 ) 
    Clock Pessimism Removal (CPR):    0.473ns
  Clock Uncertainty:      0.458ns  ((TSJ^2 + DJ^2)^1/2) / 2 + PE
    Total System Jitter     (TSJ):    0.071ns
    Discrete Jitter          (DJ):    0.913ns
    Phase Error              (PE):    0.000ns

    Location             Delay type                Incr(ns)  Path(ns)    Netlist Resource(s)
  -------------------------------------------------------------------    -------------------
                         (clock u_dual_family_audio_clock/clk_44k1_raw fall edge)
                                                     88.577    88.577 f  
    Y18                                               0.000    88.577 f  clk (IN)
                         net (fo=0)                   0.000    88.577    clk
    Y18                  IBUF (Prop_ibuf_I_O)         1.427    90.004 f  u_ibuf_sys_clk/O
                         net (fo=1, routed)           1.693    91.697    clk_ibuf
    BUFGCTRL_X0Y0        BUFG (Prop_bufg_I_O)         0.081    91.778 f  u_bufg_sys_clk/O
                         net (fo=58, routed)          1.538    93.316    clk_sys_bufg
    MMCME2_ADV_X0Y2      MMCME2_ADV (Prop_mmcme2_adv_CLKIN1_CLKOUT0)
                                                      0.077    93.393 f  u_dual_family_audio_clock/u_mmcm_44k1/CLKOUT0
                         net (fo=1, routed)           1.698    95.091    u_dual_family_audio_clock/clk_44k1_raw
    BUFGCTRL_X0Y16       BUFGCTRL (Prop_bufgctrl_I0_O)
                                                      0.081    95.172 f  u_dual_family_audio_clock/u_bufgmux_audio_family/O
                         net (fo=342, routed)         1.440    96.612    clk_audio_128x
    OLOGIC_X0Y91         FDRE                                         r  u_demo_interp_dac8_audio_pcm_common/dac_data_r_reg[3]/C  (IS_INVERTED)
  -------------------------------------------------------------------    -------------------
    OLOGIC_X0Y91         FDRE (Prop_fdre_C_Q)         0.418    97.030 r  u_demo_interp_dac8_audio_pcm_common/dac_data_r_reg[3]/Q
                         net (fo=1, routed)           0.001    97.031    dac_data_OBUF[3]
    G18                  OBUF (Prop_obuf_I_O)         3.740   100.771 r  dac_data_OBUF[3]_inst/O
                         net (fo=0)                   0.000   100.771    dac_data[3]
    G18                                                               r  dac_data[3] (OUT)
  -------------------------------------------------------------------    -------------------

                         (clock dac_clk_44k1_128x rise edge)
                                                    177.154   177.154 r  
    Y18                                               0.000   177.154 r  clk (IN)
                         net (fo=0)                   0.000   177.154    clk
    Y18                  IBUF (Prop_ibuf_I_O)         1.361   178.515 r  u_ibuf_sys_clk/O
                         net (fo=1, routed)           1.604   180.119    clk_ibuf
    BUFGCTRL_X0Y0        BUFG (Prop_bufg_I_O)         0.077   180.196 r  u_bufg_sys_clk/O
                         net (fo=58, routed)          1.426   181.622    clk_sys_bufg
    MMCME2_ADV_X0Y2      MMCME2_ADV (Prop_mmcme2_adv_CLKIN1_CLKOUT0)
                                                      0.073   181.695 r  u_dual_family_audio_clock/u_mmcm_44k1/CLKOUT0
                         net (fo=1, routed)           1.617   183.312    u_dual_family_audio_clock/clk_44k1_raw
    BUFGCTRL_X0Y16       BUFGCTRL (Prop_bufgctrl_I0_O)
                                                      0.077   183.389 r  u_dual_family_audio_clock/u_bufgmux_audio_family/O
                         net (fo=342, routed)         1.299   184.688    clk_audio_128x
    OLOGIC_X0Y95         ODDR (Prop_oddr_C_Q)         0.363   185.051 r  u_demo_interp_dac8_audio_pcm_common/gen_dac_clock_oddr.u_dac_clock_oddr/Q
                         net (fo=1, routed)           0.001   185.052    dac_clk_OBUF
    G16                  OBUF (Prop_obuf_I_O)         2.745   187.797 r  dac_clk_OBUF_inst/O
                         net (fo=0)                   0.000   187.797    dac_clk
    G16                                                               r  dac_clk (OUT)
                         clock pessimism              0.473   188.270    
                         clock uncertainty           -0.458   187.812    
                         output delay                -2.500   185.312    
  -------------------------------------------------------------------
                         required time                        185.312    
                         arrival time                        -100.771    
  -------------------------------------------------------------------
                         slack                                 84.541    

Slack (MET) :             84.544ns  (required time - arrival time)
  Source:                 u_demo_interp_dac8_audio_pcm_common/dac_data_r_reg[5]/C
                            (falling edge-triggered cell FDRE clocked by u_dual_family_audio_clock/clk_44k1_raw  {rise@0.000ns fall@88.577ns period=177.154ns})
  Destination:            dac_data[5]
                            (output port clocked by dac_clk_44k1_128x  {rise@0.000ns fall@88.577ns period=177.154ns})
  Path Group:             dac_clk_44k1_128x
  Path Type:              Max at Slow Process Corner
  Requirement:            88.577ns  (dac_clk_44k1_128x rise@177.154ns - u_dual_family_audio_clock/clk_44k1_raw fall@88.577ns)
  Data Path Delay:        4.156ns  (logic 4.155ns (99.976%)  route 0.001ns (0.024%))
  Logic Levels:           1  (OBUF=1)
  Output Delay:           2.500ns
  Clock Path Skew:        3.081ns (DCD - SCD + CPR)
    Destination Clock Delay (DCD):    10.643ns = ( 187.797 - 177.154 ) 
    Source Clock Delay      (SCD):    8.035ns = ( 96.612 - 88.577 ) 
    Clock Pessimism Removal (CPR):    0.473ns
  Clock Uncertainty:      0.458ns  ((TSJ^2 + DJ^2)^1/2) / 2 + PE
    Total System Jitter     (TSJ):    0.071ns
    Discrete Jitter          (DJ):    0.913ns
    Phase Error              (PE):    0.000ns

    Location             Delay type                Incr(ns)  Path(ns)    Netlist Resource(s)
  -------------------------------------------------------------------    -------------------
                         (clock u_dual_family_audio_clock/clk_44k1_raw fall edge)
                                                     88.577    88.577 f  
    Y18                                               0.000    88.577 f  clk (IN)
                         net (fo=0)                   0.000    88.577    clk
    Y18                  IBUF (Prop_ibuf_I_O)         1.427    90.004 f  u_ibuf_sys_clk/O
                         net (fo=1, routed)           1.693    91.697    clk_ibuf
    BUFGCTRL_X0Y0        BUFG (Prop_bufg_I_O)         0.081    91.778 f  u_bufg_sys_clk/O
                         net (fo=58, routed)          1.538    93.316    clk_sys_bufg
    MMCME2_ADV_X0Y2      MMCME2_ADV (Prop_mmcme2_adv_CLKIN1_CLKOUT0)
                                                      0.077    93.393 f  u_dual_family_audio_clock/u_mmcm_44k1/CLKOUT0
                         net (fo=1, routed)           1.698    95.091    u_dual_family_audio_clock/clk_44k1_raw
    BUFGCTRL_X0Y16       BUFGCTRL (Prop_bufgctrl_I0_O)
                                                      0.081    95.172 f  u_dual_family_audio_clock/u_bufgmux_audio_family/O
                         net (fo=342, routed)         1.440    96.612    clk_audio_128x
    OLOGIC_X0Y92         FDRE                                         r  u_demo_interp_dac8_audio_pcm_common/dac_data_r_reg[5]/C  (IS_INVERTED)
  -------------------------------------------------------------------    -------------------
    OLOGIC_X0Y92         FDRE (Prop_fdre_C_Q)         0.418    97.030 r  u_demo_interp_dac8_audio_pcm_common/dac_data_r_reg[5]/Q
                         net (fo=1, routed)           0.001    97.031    dac_data_OBUF[5]
    G17                  OBUF (Prop_obuf_I_O)         3.737   100.768 r  dac_data_OBUF[5]_inst/O
                         net (fo=0)                   0.000   100.768    dac_data[5]
    G17                                                               r  dac_data[5] (OUT)
  -------------------------------------------------------------------    -------------------

                         (clock dac_clk_44k1_128x rise edge)
                                                    177.154   177.154 r  
    Y18                                               0.000   177.154 r  clk (IN)
                         net (fo=0)                   0.000   177.154    clk
    Y18                  IBUF (Prop_ibuf_I_O)         1.361   178.515 r  u_ibuf_sys_clk/O
                         net (fo=1, routed)           1.604   180.119    clk_ibuf
    BUFGCTRL_X0Y0        BUFG (Prop_bufg_I_O)         0.077   180.196 r  u_bufg_sys_clk/O
                         net (fo=58, routed)          1.426   181.622    clk_sys_bufg
    MMCME2_ADV_X0Y2      MMCME2_ADV (Prop_mmcme2_adv_CLKIN1_CLKOUT0)
                                                      0.073   181.695 r  u_dual_family_audio_clock/u_mmcm_44k1/CLKOUT0
                         net (fo=1, routed)           1.617   183.312    u_dual_family_audio_clock/clk_44k1_raw
    BUFGCTRL_X0Y16       BUFGCTRL (Prop_bufgctrl_I0_O)
                                                      0.077   183.389 r  u_dual_family_audio_clock/u_bufgmux_audio_family/O
                         net (fo=342, routed)         1.299   184.688    clk_audio_128x
    OLOGIC_X0Y95         ODDR (Prop_oddr_C_Q)         0.363   185.051 r  u_demo_interp_dac8_audio_pcm_common/gen_dac_clock_oddr.u_dac_clock_oddr/Q
                         net (fo=1, routed)           0.001   185.052    dac_clk_OBUF
    G16                  OBUF (Prop_obuf_I_O)         2.745   187.797 r  dac_clk_OBUF_inst/O
                         net (fo=0)                   0.000   187.797    dac_clk
    G16                                                               r  dac_clk (OUT)
                         clock pessimism              0.473   188.270    
                         clock uncertainty           -0.458   187.812    
                         output delay                -2.500   185.312    
  -------------------------------------------------------------------
                         required time                        185.312    
                         arrival time                        -100.768    
  -------------------------------------------------------------------
                         slack                                 84.544    

Slack (MET) :             84.559ns  (required time - arrival time)
  Source:                 u_demo_interp_dac8_audio_pcm_common/dac_data_r_reg[0]/C
                            (falling edge-triggered cell FDRE clocked by u_dual_family_audio_clock/clk_44k1_raw  {rise@0.000ns fall@88.577ns period=177.154ns})
  Destination:            dac_data[0]
                            (output port clocked by dac_clk_44k1_128x  {rise@0.000ns fall@88.577ns period=177.154ns})
  Path Group:             dac_clk_44k1_128x
  Path Type:              Max at Slow Process Corner
  Requirement:            88.577ns  (dac_clk_44k1_128x rise@177.154ns - u_dual_family_audio_clock/clk_44k1_raw fall@88.577ns)
  Data Path Delay:        4.155ns  (logic 4.154ns (99.976%)  route 0.001ns (0.024%))
  Logic Levels:           1  (OBUF=1)
  Output Delay:           2.500ns
  Clock Path Skew:        3.095ns (DCD - SCD + CPR)
    Destination Clock Delay (DCD):    10.643ns = ( 187.797 - 177.154 ) 
    Source Clock Delay      (SCD):    8.021ns = ( 96.598 - 88.577 ) 
    Clock Pessimism Removal (CPR):    0.473ns
  Clock Uncertainty:      0.458ns  ((TSJ^2 + DJ^2)^1/2) / 2 + PE
    Total System Jitter     (TSJ):    0.071ns
    Discrete Jitter          (DJ):    0.913ns
    Phase Error              (PE):    0.000ns

    Location             Delay type                Incr(ns)  Path(ns)    Netlist Resource(s)
  -------------------------------------------------------------------    -------------------
                         (clock u_dual_family_audio_clock/clk_44k1_raw fall edge)
                                                     88.577    88.577 f  
    Y18                                               0.000    88.577 f  clk (IN)
                         net (fo=0)                   0.000    88.577    clk
    Y18                  IBUF (Prop_ibuf_I_O)         1.427    90.004 f  u_ibuf_sys_clk/O
                         net (fo=1, routed)           1.693    91.697    clk_ibuf
    BUFGCTRL_X0Y0        BUFG (Prop_bufg_I_O)         0.081    91.778 f  u_bufg_sys_clk/O
                         net (fo=58, routed)          1.538    93.316    clk_sys_bufg
    MMCME2_ADV_X0Y2      MMCME2_ADV (Prop_mmcme2_adv_CLKIN1_CLKOUT0)
                                                      0.077    93.393 f  u_dual_family_audio_clock/u_mmcm_44k1/CLKOUT0
                         net (fo=1, routed)           1.698    95.091    u_dual_family_audio_clock/clk_44k1_raw
    BUFGCTRL_X0Y16       BUFGCTRL (Prop_bufgctrl_I0_O)
                                                      0.081    95.172 f  u_dual_family_audio_clock/u_bufgmux_audio_family/O
                         net (fo=342, routed)         1.426    96.598    clk_audio_128x
    OLOGIC_X0Y75         FDRE                                         r  u_demo_interp_dac8_audio_pcm_common/dac_data_r_reg[0]/C  (IS_INVERTED)
  -------------------------------------------------------------------    -------------------
    OLOGIC_X0Y75         FDRE (Prop_fdre_C_Q)         0.418    97.016 r  u_demo_interp_dac8_audio_pcm_common/dac_data_r_reg[0]/Q
                         net (fo=1, routed)           0.001    97.017    dac_data_OBUF[0]
    H19                  OBUF (Prop_obuf_I_O)         3.736   100.752 r  dac_data_OBUF[0]_inst/O
                         net (fo=0)                   0.000   100.752    dac_data[0]
    H19                                                               r  dac_data[0] (OUT)
  -------------------------------------------------------------------    -------------------

                         (clock dac_clk_44k1_128x rise edge)
                                                    177.154   177.154 r  
    Y18                                               0.000   177.154 r  clk (IN)
                         net (fo=0)                   0.000   177.154    clk
    Y18                  IBUF (Prop_ibuf_I_O)         1.361   178.515 r  u_ibuf_sys_clk/O
                         net (fo=1, routed)           1.604   180.119    clk_ibuf
    BUFGCTRL_X0Y0        BUFG (Prop_bufg_I_O)         0.077   180.196 r  u_bufg_sys_clk/O
                         net (fo=58, routed)          1.426   181.622    clk_sys_bufg
    MMCME2_ADV_X0Y2      MMCME2_ADV (Prop_mmcme2_adv_CLKIN1_CLKOUT0)
                                                      0.073   181.695 r  u_dual_family_audio_clock/u_mmcm_44k1/CLKOUT0
                         net (fo=1, routed)           1.617   183.312    u_dual_family_audio_clock/clk_44k1_raw
    BUFGCTRL_X0Y16       BUFGCTRL (Prop_bufgctrl_I0_O)
                                                      0.077   183.389 r  u_dual_family_audio_clock/u_bufgmux_audio_family/O
                         net (fo=342, routed)         1.299   184.688    clk_audio_128x
    OLOGIC_X0Y95         ODDR (Prop_oddr_C_Q)         0.363   185.051 r  u_demo_interp_dac8_audio_pcm_common/gen_dac_clock_oddr.u_dac_clock_oddr/Q
                         net (fo=1, routed)           0.001   185.052    dac_clk_OBUF
    G16                  OBUF (Prop_obuf_I_O)         2.745   187.797 r  dac_clk_OBUF_inst/O
                         net (fo=0)                   0.000   187.797    dac_clk
    G16                                                               r  dac_clk (OUT)
                         clock pessimism              0.473   188.270    
                         clock uncertainty           -0.458   187.812    
                         output delay                -2.500   185.312    
  -------------------------------------------------------------------
                         required time                        185.312    
                         arrival time                        -100.752    
  -------------------------------------------------------------------
                         slack                                 84.559    

Slack (MET) :             84.566ns  (required time - arrival time)
  Source:                 u_demo_interp_dac8_audio_pcm_common/dac_data_r_reg[2]/C
                            (falling edge-triggered cell FDRE clocked by u_dual_family_audio_clock/clk_44k1_raw  {rise@0.000ns fall@88.577ns period=177.154ns})
  Destination:            dac_data[2]
                            (output port clocked by dac_clk_44k1_128x  {rise@0.000ns fall@88.577ns period=177.154ns})
  Path Group:             dac_clk_44k1_128x
  Path Type:              Max at Slow Process Corner
  Requirement:            88.577ns  (dac_clk_44k1_128x rise@177.154ns - u_dual_family_audio_clock/clk_44k1_raw fall@88.577ns)
  Data Path Delay:        4.136ns  (logic 4.135ns (99.976%)  route 0.001ns (0.024%))
  Logic Levels:           1  (OBUF=1)
  Output Delay:           2.500ns
  Clock Path Skew:        3.083ns (DCD - SCD + CPR)
    Destination Clock Delay (DCD):    10.643ns = ( 187.797 - 177.154 ) 
    Source Clock Delay      (SCD):    8.033ns = ( 96.610 - 88.577 ) 
    Clock Pessimism Removal (CPR):    0.473ns
  Clock Uncertainty:      0.458ns  ((TSJ^2 + DJ^2)^1/2) / 2 + PE
    Total System Jitter     (TSJ):    0.071ns
    Discrete Jitter          (DJ):    0.913ns
    Phase Error              (PE):    0.000ns

    Location             Delay type                Incr(ns)  Path(ns)    Netlist Resource(s)
  -------------------------------------------------------------------    -------------------
                         (clock u_dual_family_audio_clock/clk_44k1_raw fall edge)
                                                     88.577    88.577 f  
    Y18                                               0.000    88.577 f  clk (IN)
                         net (fo=0)                   0.000    88.577    clk
    Y18                  IBUF (Prop_ibuf_I_O)         1.427    90.004 f  u_ibuf_sys_clk/O
                         net (fo=1, routed)           1.693    91.697    clk_ibuf
    BUFGCTRL_X0Y0        BUFG (Prop_bufg_I_O)         0.081    91.778 f  u_bufg_sys_clk/O
                         net (fo=58, routed)          1.538    93.316    clk_sys_bufg
    MMCME2_ADV_X0Y2      MMCME2_ADV (Prop_mmcme2_adv_CLKIN1_CLKOUT0)
                                                      0.077    93.393 f  u_dual_family_audio_clock/u_mmcm_44k1/CLKOUT0
                         net (fo=1, routed)           1.698    95.091    u_dual_family_audio_clock/clk_44k1_raw
    BUFGCTRL_X0Y16       BUFGCTRL (Prop_bufgctrl_I0_O)
                                                      0.081    95.172 f  u_dual_family_audio_clock/u_bufgmux_audio_family/O
                         net (fo=342, routed)         1.438    96.610    clk_audio_128x
    OLOGIC_X0Y87         FDRE                                         r  u_demo_interp_dac8_audio_pcm_common/dac_data_r_reg[2]/C  (IS_INVERTED)
  -------------------------------------------------------------------    -------------------
    OLOGIC_X0Y87         FDRE (Prop_fdre_C_Q)         0.418    97.028 r  u_demo_interp_dac8_audio_pcm_common/dac_data_r_reg[2]/Q
                         net (fo=1, routed)           0.001    97.029    dac_data_OBUF[2]
    H18                  OBUF (Prop_obuf_I_O)         3.717   100.746 r  dac_data_OBUF[2]_inst/O
                         net (fo=0)                   0.000   100.746    dac_data[2]
    H18                                                               r  dac_data[2] (OUT)
  -------------------------------------------------------------------    -------------------

                         (clock dac_clk_44k1_128x rise edge)
                                                    177.154   177.154 r  
    Y18                                               0.000   177.154 r  clk (IN)
                         net (fo=0)                   0.000   177.154    clk
    Y18                  IBUF (Prop_ibuf_I_O)         1.361   178.515 r  u_ibuf_sys_clk/O
                         net (fo=1, routed)           1.604   180.119    clk_ibuf
    BUFGCTRL_X0Y0        BUFG (Prop_bufg_I_O)         0.077   180.196 r  u_bufg_sys_clk/O
                         net (fo=58, routed)          1.426   181.622    clk_sys_bufg
    MMCME2_ADV_X0Y2      MMCME2_ADV (Prop_mmcme2_adv_CLKIN1_CLKOUT0)
                                                      0.073   181.695 r  u_dual_family_audio_clock/u_mmcm_44k1/CLKOUT0
                         net (fo=1, routed)           1.617   183.312    u_dual_family_audio_clock/clk_44k1_raw
    BUFGCTRL_X0Y16       BUFGCTRL (Prop_bufgctrl_I0_O)
                                                      0.077   183.389 r  u_dual_family_audio_clock/u_bufgmux_audio_family/O
                         net (fo=342, routed)         1.299   184.688    clk_audio_128x
    OLOGIC_X0Y95         ODDR (Prop_oddr_C_Q)         0.363   185.051 r  u_demo_interp_dac8_audio_pcm_common/gen_dac_clock_oddr.u_dac_clock_oddr/Q
                         net (fo=1, routed)           0.001   185.052    dac_clk_OBUF
    G16                  OBUF (Prop_obuf_I_O)         2.745   187.797 r  dac_clk_OBUF_inst/O
                         net (fo=0)                   0.000   187.797    dac_clk
    G16                                                               r  dac_clk (OUT)
                         clock pessimism              0.473   188.270    
                         clock uncertainty           -0.458   187.812    
                         output delay                -2.500   185.312    
  -------------------------------------------------------------------
                         required time                        185.312    
                         arrival time                        -100.746    
  -------------------------------------------------------------------
                         slack                                 84.566    





Min Delay Paths
--------------------------------------------------------------------------------------
Slack (MET) :             86.288ns  (arrival time - required time)
  Source:                 u_demo_interp_dac8_audio_pcm_common/dac_data_r_reg[6]/C
                            (falling edge-triggered cell FDRE clocked by u_dual_family_audio_clock/clk_44k1_raw  {rise@0.000ns fall@88.577ns period=177.154ns})
  Destination:            dac_data[6]
                            (output port clocked by dac_clk_44k1_128x  {rise@0.000ns fall@88.577ns period=177.154ns})
  Path Group:             dac_clk_44k1_128x
  Path Type:              Min at Fast Process Corner
  Requirement:            -88.577ns  (dac_clk_44k1_128x rise@0.000ns - u_dual_family_audio_clock/clk_44k1_raw fall@88.577ns)
  Data Path Delay:        2.135ns  (logic 2.134ns (99.953%)  route 0.001ns (0.047%))
  Logic Levels:           1  (OBUF=1)
  Output Delay:           -2.000ns
  Clock Path Skew:        1.967ns (DCD - SCD - CPR)
    Destination Clock Delay (DCD):    5.500ns
    Source Clock Delay      (SCD):    2.951ns = ( 91.528 - 88.577 ) 
    Clock Pessimism Removal (CPR):    0.582ns
  Clock Uncertainty:      0.458ns  ((TSJ^2 + DJ^2)^1/2) / 2 + PE
    Total System Jitter     (TSJ):    0.071ns
    Discrete Jitter          (DJ):    0.913ns
    Phase Error              (PE):    0.000ns

    Location             Delay type                Incr(ns)  Path(ns)    Netlist Resource(s)
  -------------------------------------------------------------------    -------------------
                         (clock u_dual_family_audio_clock/clk_44k1_raw fall edge)
                                                     88.577    88.577 f  
    Y18                                               0.000    88.577 f  clk (IN)
                         net (fo=0)                   0.000    88.577    clk
    Y18                  IBUF (Prop_ibuf_I_O)         0.264    88.841 f  u_ibuf_sys_clk/O
                         net (fo=1, routed)           0.634    89.475    clk_ibuf
    BUFGCTRL_X0Y0        BUFG (Prop_bufg_I_O)         0.026    89.501 f  u_bufg_sys_clk/O
                         net (fo=58, routed)          0.629    90.130    clk_sys_bufg
    MMCME2_ADV_X0Y2      MMCME2_ADV (Prop_mmcme2_adv_CLKIN1_CLKOUT0)
                                                      0.050    90.180 f  u_dual_family_audio_clock/u_mmcm_44k1/CLKOUT0
                         net (fo=1, routed)           0.656    90.836    u_dual_family_audio_clock/clk_44k1_raw
    BUFGCTRL_X0Y16       BUFGCTRL (Prop_bufgctrl_I0_O)
                                                      0.026    90.862 f  u_dual_family_audio_clock/u_bufgmux_audio_family/O
                         net (fo=342, routed)         0.666    91.528    clk_audio_128x
    OLOGIC_X0Y145        FDRE                                         r  u_demo_interp_dac8_audio_pcm_common/dac_data_r_reg[6]/C  (IS_INVERTED)
  -------------------------------------------------------------------    -------------------
    OLOGIC_X0Y145        FDRE (Prop_fdre_C_Q)         0.177    91.705 r  u_demo_interp_dac8_audio_pcm_common/dac_data_r_reg[6]/Q
                         net (fo=1, routed)           0.001    91.706    dac_data_OBUF[6]
    E17                  OBUF (Prop_obuf_I_O)         1.957    93.664 r  dac_data_OBUF[6]_inst/O
                         net (fo=0)                   0.000    93.664    dac_data[6]
    E17                                                               r  dac_data[6] (OUT)
  -------------------------------------------------------------------    -------------------

                         (clock dac_clk_44k1_128x rise edge)
                                                      0.000     0.000 r  
    Y18                                               0.000     0.000 r  clk (IN)
                         net (fo=0)                   0.000     0.000    clk
    Y18                  IBUF (Prop_ibuf_I_O)         0.452     0.452 r  u_ibuf_sys_clk/O
                         net (fo=1, routed)           0.689     1.140    clk_ibuf
    BUFGCTRL_X0Y0        BUFG (Prop_bufg_I_O)         0.029     1.169 r  u_bufg_sys_clk/O
                         net (fo=58, routed)          0.901     2.070    clk_sys_bufg
    MMCME2_ADV_X0Y2      MMCME2_ADV (Prop_mmcme2_adv_CLKIN1_CLKOUT0)
                                                      0.053     2.123 r  u_dual_family_audio_clock/u_mmcm_44k1/CLKOUT0
                         net (fo=1, routed)           0.710     2.833    u_dual_family_audio_clock/clk_44k1_raw
    BUFGCTRL_X0Y16       BUFGCTRL (Prop_bufgctrl_I0_O)
                                                      0.029     2.862 r  u_dual_family_audio_clock/u_bufgmux_audio_family/O
                         net (fo=342, routed)         0.855     3.718    clk_audio_128x
    OLOGIC_X0Y95         ODDR (Prop_oddr_C_Q)         0.204     3.922 r  u_demo_interp_dac8_audio_pcm_common/gen_dac_clock_oddr.u_dac_clock_oddr/Q
                         net (fo=1, routed)           0.001     3.923    dac_clk_OBUF
    G16                  OBUF (Prop_obuf_I_O)         1.577     5.500 r  dac_clk_OBUF_inst/O
                         net (fo=0)                   0.000     5.500    dac_clk
    G16                                                               r  dac_clk (OUT)
                         clock pessimism             -0.582     4.918    
                         clock uncertainty            0.458     5.376    
                         output delay                 2.000     7.376    
  -------------------------------------------------------------------
                         required time                         -7.376    
                         arrival time                          93.664    
  -------------------------------------------------------------------
                         slack                                 86.288    

Slack (MET) :             86.313ns  (arrival time - required time)
  Source:                 u_demo_interp_dac8_audio_pcm_common/dac_data_r_reg[1]/C
                            (falling edge-triggered cell FDRE clocked by u_dual_family_audio_clock/clk_44k1_raw  {rise@0.000ns fall@88.577ns period=177.154ns})
  Destination:            dac_data[1]
                            (output port clocked by dac_clk_44k1_128x  {rise@0.000ns fall@88.577ns period=177.154ns})
  Path Group:             dac_clk_44k1_128x
  Path Type:              Min at Fast Process Corner
  Requirement:            -88.577ns  (dac_clk_44k1_128x rise@0.000ns - u_dual_family_audio_clock/clk_44k1_raw fall@88.577ns)
  Data Path Delay:        2.168ns  (logic 2.167ns (99.954%)  route 0.001ns (0.046%))
  Logic Levels:           1  (OBUF=1)
  Output Delay:           -2.000ns
  Clock Path Skew:        1.974ns (DCD - SCD - CPR)
    Destination Clock Delay (DCD):    5.500ns
    Source Clock Delay      (SCD):    2.944ns = ( 91.521 - 88.577 ) 
    Clock Pessimism Removal (CPR):    0.582ns
  Clock Uncertainty:      0.458ns  ((TSJ^2 + DJ^2)^1/2) / 2 + PE
    Total System Jitter     (TSJ):    0.071ns
    Discrete Jitter          (DJ):    0.913ns
    Phase Error              (PE):    0.000ns

    Location             Delay type                Incr(ns)  Path(ns)    Netlist Resource(s)
  -------------------------------------------------------------------    -------------------
                         (clock u_dual_family_audio_clock/clk_44k1_raw fall edge)
                                                     88.577    88.577 f  
    Y18                                               0.000    88.577 f  clk (IN)
                         net (fo=0)                   0.000    88.577    clk
    Y18                  IBUF (Prop_ibuf_I_O)         0.264    88.841 f  u_ibuf_sys_clk/O
                         net (fo=1, routed)           0.634    89.475    clk_ibuf
    BUFGCTRL_X0Y0        BUFG (Prop_bufg_I_O)         0.026    89.501 f  u_bufg_sys_clk/O
                         net (fo=58, routed)          0.629    90.130    clk_sys_bufg
    MMCME2_ADV_X0Y2      MMCME2_ADV (Prop_mmcme2_adv_CLKIN1_CLKOUT0)
                                                      0.050    90.180 f  u_dual_family_audio_clock/u_mmcm_44k1/CLKOUT0
                         net (fo=1, routed)           0.656    90.836    u_dual_family_audio_clock/clk_44k1_raw
    BUFGCTRL_X0Y16       BUFGCTRL (Prop_bufgctrl_I0_O)
                                                      0.026    90.862 f  u_dual_family_audio_clock/u_bufgmux_audio_family/O
                         net (fo=342, routed)         0.659    91.521    clk_audio_128x
    OLOGIC_X0Y122        FDRE                                         r  u_demo_interp_dac8_audio_pcm_common/dac_data_r_reg[1]/C  (IS_INVERTED)
  -------------------------------------------------------------------    -------------------
    OLOGIC_X0Y122        FDRE (Prop_fdre_C_Q)         0.177    91.698 r  u_demo_interp_dac8_audio_pcm_common/dac_data_r_reg[1]/Q
                         net (fo=1, routed)           0.001    91.699    dac_data_OBUF[1]
    E19                  OBUF (Prop_obuf_I_O)         1.990    93.689 r  dac_data_OBUF[1]_inst/O
                         net (fo=0)                   0.000    93.689    dac_data[1]
    E19                                                               r  dac_data[1] (OUT)
  -------------------------------------------------------------------    -------------------

                         (clock dac_clk_44k1_128x rise edge)
                                                      0.000     0.000 r  
    Y18                                               0.000     0.000 r  clk (IN)
                         net (fo=0)                   0.000     0.000    clk
    Y18                  IBUF (Prop_ibuf_I_O)         0.452     0.452 r  u_ibuf_sys_clk/O
                         net (fo=1, routed)           0.689     1.140    clk_ibuf
    BUFGCTRL_X0Y0        BUFG (Prop_bufg_I_O)         0.029     1.169 r  u_bufg_sys_clk/O
                         net (fo=58, routed)          0.901     2.070    clk_sys_bufg
    MMCME2_ADV_X0Y2      MMCME2_ADV (Prop_mmcme2_adv_CLKIN1_CLKOUT0)
                                                      0.053     2.123 r  u_dual_family_audio_clock/u_mmcm_44k1/CLKOUT0
                         net (fo=1, routed)           0.710     2.833    u_dual_family_audio_clock/clk_44k1_raw
    BUFGCTRL_X0Y16       BUFGCTRL (Prop_bufgctrl_I0_O)
                                                      0.029     2.862 r  u_dual_family_audio_clock/u_bufgmux_audio_family/O
                         net (fo=342, routed)         0.855     3.718    clk_audio_128x
    OLOGIC_X0Y95         ODDR (Prop_oddr_C_Q)         0.204     3.922 r  u_demo_interp_dac8_audio_pcm_common/gen_dac_clock_oddr.u_dac_clock_oddr/Q
                         net (fo=1, routed)           0.001     3.923    dac_clk_OBUF
    G16                  OBUF (Prop_obuf_I_O)         1.577     5.500 r  dac_clk_OBUF_inst/O
                         net (fo=0)                   0.000     5.500    dac_clk
    G16                                                               r  dac_clk (OUT)
                         clock pessimism             -0.582     4.918    
                         clock uncertainty            0.458     5.376    
                         output delay                 2.000     7.376    
  -------------------------------------------------------------------
                         required time                         -7.376    
                         arrival time                          93.689    
  -------------------------------------------------------------------
                         slack                                 86.313    

Slack (MET) :             86.314ns  (arrival time - required time)
  Source:                 u_demo_interp_dac8_audio_pcm_common/dac_data_r_reg[7]/C
                            (falling edge-triggered cell FDSE clocked by u_dual_family_audio_clock/clk_44k1_raw  {rise@0.000ns fall@88.577ns period=177.154ns})
  Destination:            dac_data[7]
                            (output port clocked by dac_clk_44k1_128x  {rise@0.000ns fall@88.577ns period=177.154ns})
  Path Group:             dac_clk_44k1_128x
  Path Type:              Min at Fast Process Corner
  Requirement:            -88.577ns  (dac_clk_44k1_128x rise@0.000ns - u_dual_family_audio_clock/clk_44k1_raw fall@88.577ns)
  Data Path Delay:        2.169ns  (logic 2.168ns (99.954%)  route 0.001ns (0.046%))
  Logic Levels:           1  (OBUF=1)
  Output Delay:           -2.000ns
  Clock Path Skew:        1.975ns (DCD - SCD - CPR)
    Destination Clock Delay (DCD):    5.500ns
    Source Clock Delay      (SCD):    2.943ns = ( 91.520 - 88.577 ) 
    Clock Pessimism Removal (CPR):    0.582ns
  Clock Uncertainty:      0.458ns  ((TSJ^2 + DJ^2)^1/2) / 2 + PE
    Total System Jitter     (TSJ):    0.071ns
    Discrete Jitter          (DJ):    0.913ns
    Phase Error              (PE):    0.000ns

    Location             Delay type                Incr(ns)  Path(ns)    Netlist Resource(s)
  -------------------------------------------------------------------    -------------------
                         (clock u_dual_family_audio_clock/clk_44k1_raw fall edge)
                                                     88.577    88.577 f  
    Y18                                               0.000    88.577 f  clk (IN)
                         net (fo=0)                   0.000    88.577    clk
    Y18                  IBUF (Prop_ibuf_I_O)         0.264    88.841 f  u_ibuf_sys_clk/O
                         net (fo=1, routed)           0.634    89.475    clk_ibuf
    BUFGCTRL_X0Y0        BUFG (Prop_bufg_I_O)         0.026    89.501 f  u_bufg_sys_clk/O
                         net (fo=58, routed)          0.629    90.130    clk_sys_bufg
    MMCME2_ADV_X0Y2      MMCME2_ADV (Prop_mmcme2_adv_CLKIN1_CLKOUT0)
                                                      0.050    90.180 f  u_dual_family_audio_clock/u_mmcm_44k1/CLKOUT0
                         net (fo=1, routed)           0.656    90.836    u_dual_family_audio_clock/clk_44k1_raw
    BUFGCTRL_X0Y16       BUFGCTRL (Prop_bufgctrl_I0_O)
                                                      0.026    90.862 f  u_dual_family_audio_clock/u_bufgmux_audio_family/O
                         net (fo=342, routed)         0.658    91.520    clk_audio_128x
    OLOGIC_X0Y125        FDSE                                         r  u_demo_interp_dac8_audio_pcm_common/dac_data_r_reg[7]/C  (IS_INVERTED)
  -------------------------------------------------------------------    -------------------
    OLOGIC_X0Y125        FDSE (Prop_fdse_C_Q)         0.177    91.697 r  u_demo_interp_dac8_audio_pcm_common/dac_data_r_reg[7]/Q
                         net (fo=1, routed)           0.001    91.698    dac_data_OBUF[7]
    C17                  OBUF (Prop_obuf_I_O)         1.991    93.690 r  dac_data_OBUF[7]_inst/O
                         net (fo=0)                   0.000    93.690    dac_data[7]
    C17                                                               r  dac_data[7] (OUT)
  -------------------------------------------------------------------    -------------------

                         (clock dac_clk_44k1_128x rise edge)
                                                      0.000     0.000 r  
    Y18                                               0.000     0.000 r  clk (IN)
                         net (fo=0)                   0.000     0.000    clk
    Y18                  IBUF (Prop_ibuf_I_O)         0.452     0.452 r  u_ibuf_sys_clk/O
                         net (fo=1, routed)           0.689     1.140    clk_ibuf
    BUFGCTRL_X0Y0        BUFG (Prop_bufg_I_O)         0.029     1.169 r  u_bufg_sys_clk/O
                         net (fo=58, routed)          0.901     2.070    clk_sys_bufg
    MMCME2_ADV_X0Y2      MMCME2_ADV (Prop_mmcme2_adv_CLKIN1_CLKOUT0)
                                                      0.053     2.123 r  u_dual_family_audio_clock/u_mmcm_44k1/CLKOUT0
                         net (fo=1, routed)           0.710     2.833    u_dual_family_audio_clock/clk_44k1_raw
    BUFGCTRL_X0Y16       BUFGCTRL (Prop_bufgctrl_I0_O)
                                                      0.029     2.862 r  u_dual_family_audio_clock/u_bufgmux_audio_family/O
                         net (fo=342, routed)         0.855     3.718    clk_audio_128x
    OLOGIC_X0Y95         ODDR (Prop_oddr_C_Q)         0.204     3.922 r  u_demo_interp_dac8_audio_pcm_common/gen_dac_clock_oddr.u_dac_clock_oddr/Q
                         net (fo=1, routed)           0.001     3.923    dac_clk_OBUF
    G16                  OBUF (Prop_obuf_I_O)         1.577     5.500 r  dac_clk_OBUF_inst/O
                         net (fo=0)                   0.000     5.500    dac_clk
    G16                                                               r  dac_clk (OUT)
                         clock pessimism             -0.582     4.918    
                         clock uncertainty            0.458     5.376    
                         output delay                 2.000     7.376    
  -------------------------------------------------------------------
                         required time                         -7.376    
                         arrival time                          93.690    
  -------------------------------------------------------------------
                         slack                                 86.314    

Slack (MET) :             86.317ns  (arrival time - required time)
  Source:                 u_demo_interp_dac8_audio_pcm_common/dac_data_r_reg[4]/C
                            (falling edge-triggered cell FDRE clocked by u_dual_family_audio_clock/clk_44k1_raw  {rise@0.000ns fall@88.577ns period=177.154ns})
  Destination:            dac_data[4]
                            (output port clocked by dac_clk_44k1_128x  {rise@0.000ns fall@88.577ns period=177.154ns})
  Path Group:             dac_clk_44k1_128x
  Path Type:              Min at Fast Process Corner
  Requirement:            -88.577ns  (dac_clk_44k1_128x rise@0.000ns - u_dual_family_audio_clock/clk_44k1_raw fall@88.577ns)
  Data Path Delay:        2.170ns  (logic 2.169ns (99.954%)  route 0.001ns (0.046%))
  Logic Levels:           1  (OBUF=1)
  Output Delay:           -2.000ns
  Clock Path Skew:        1.973ns (DCD - SCD - CPR)
    Destination Clock Delay (DCD):    5.500ns
    Source Clock Delay      (SCD):    2.945ns = ( 91.522 - 88.577 ) 
    Clock Pessimism Removal (CPR):    0.582ns
  Clock Uncertainty:      0.458ns  ((TSJ^2 + DJ^2)^1/2) / 2 + PE
    Total System Jitter     (TSJ):    0.071ns
    Discrete Jitter          (DJ):    0.913ns
    Phase Error              (PE):    0.000ns

    Location             Delay type                Incr(ns)  Path(ns)    Netlist Resource(s)
  -------------------------------------------------------------------    -------------------
                         (clock u_dual_family_audio_clock/clk_44k1_raw fall edge)
                                                     88.577    88.577 f  
    Y18                                               0.000    88.577 f  clk (IN)
                         net (fo=0)                   0.000    88.577    clk
    Y18                  IBUF (Prop_ibuf_I_O)         0.264    88.841 f  u_ibuf_sys_clk/O
                         net (fo=1, routed)           0.634    89.475    clk_ibuf
    BUFGCTRL_X0Y0        BUFG (Prop_bufg_I_O)         0.026    89.501 f  u_bufg_sys_clk/O
                         net (fo=58, routed)          0.629    90.130    clk_sys_bufg
    MMCME2_ADV_X0Y2      MMCME2_ADV (Prop_mmcme2_adv_CLKIN1_CLKOUT0)
                                                      0.050    90.180 f  u_dual_family_audio_clock/u_mmcm_44k1/CLKOUT0
                         net (fo=1, routed)           0.656    90.836    u_dual_family_audio_clock/clk_44k1_raw
    BUFGCTRL_X0Y16       BUFGCTRL (Prop_bufgctrl_I0_O)
                                                      0.026    90.862 f  u_dual_family_audio_clock/u_bufgmux_audio_family/O
                         net (fo=342, routed)         0.660    91.522    clk_audio_128x
    OLOGIC_X0Y120        FDRE                                         r  u_demo_interp_dac8_audio_pcm_common/dac_data_r_reg[4]/C  (IS_INVERTED)
  -------------------------------------------------------------------    -------------------
    OLOGIC_X0Y120        FDRE (Prop_fdre_C_Q)         0.177    91.699 r  u_demo_interp_dac8_audio_pcm_common/dac_data_r_reg[4]/Q
                         net (fo=1, routed)           0.001    91.700    dac_data_OBUF[4]
    F18                  OBUF (Prop_obuf_I_O)         1.992    93.693 r  dac_data_OBUF[4]_inst/O
                         net (fo=0)                   0.000    93.693    dac_data[4]
    F18                                                               r  dac_data[4] (OUT)
  -------------------------------------------------------------------    -------------------

                         (clock dac_clk_44k1_128x rise edge)
                                                      0.000     0.000 r  
    Y18                                               0.000     0.000 r  clk (IN)
                         net (fo=0)                   0.000     0.000    clk
    Y18                  IBUF (Prop_ibuf_I_O)         0.452     0.452 r  u_ibuf_sys_clk/O
                         net (fo=1, routed)           0.689     1.140    clk_ibuf
    BUFGCTRL_X0Y0        BUFG (Prop_bufg_I_O)         0.029     1.169 r  u_bufg_sys_clk/O
                         net (fo=58, routed)          0.901     2.070    clk_sys_bufg
    MMCME2_ADV_X0Y2      MMCME2_ADV (Prop_mmcme2_adv_CLKIN1_CLKOUT0)
                                                      0.053     2.123 r  u_dual_family_audio_clock/u_mmcm_44k1/CLKOUT0
                         net (fo=1, routed)           0.710     2.833    u_dual_family_audio_clock/clk_44k1_raw
    BUFGCTRL_X0Y16       BUFGCTRL (Prop_bufgctrl_I0_O)
                                                      0.029     2.862 r  u_dual_family_audio_clock/u_bufgmux_audio_family/O
                         net (fo=342, routed)         0.855     3.718    clk_audio_128x
    OLOGIC_X0Y95         ODDR (Prop_oddr_C_Q)         0.204     3.922 r  u_demo_interp_dac8_audio_pcm_common/gen_dac_clock_oddr.u_dac_clock_oddr/Q
                         net (fo=1, routed)           0.001     3.923    dac_clk_OBUF
    G16                  OBUF (Prop_obuf_I_O)         1.577     5.500 r  dac_clk_OBUF_inst/O
                         net (fo=0)                   0.000     5.500    dac_clk
    G16                                                               r  dac_clk (OUT)
                         clock pessimism             -0.582     4.918    
                         clock uncertainty            0.458     5.376    
                         output delay                 2.000     7.376    
  -------------------------------------------------------------------
                         required time                         -7.376    
                         arrival time                          93.693    
  -------------------------------------------------------------------
                         slack                                 86.317    

Slack (MET) :             86.474ns  (arrival time - required time)
  Source:                 u_demo_interp_dac8_audio_pcm_common/dac_data_r_reg[2]/C
                            (falling edge-triggered cell FDRE clocked by u_dual_family_audio_clock/clk_44k1_raw  {rise@0.000ns fall@88.577ns period=177.154ns})
  Destination:            dac_data[2]
                            (output port clocked by dac_clk_44k1_128x  {rise@0.000ns fall@88.577ns period=177.154ns})
  Path Group:             dac_clk_44k1_128x
  Path Type:              Min at Fast Process Corner
  Requirement:            -88.577ns  (dac_clk_44k1_128x rise@0.000ns - u_dual_family_audio_clock/clk_44k1_raw fall@88.577ns)
  Data Path Delay:        2.152ns  (logic 2.151ns (99.953%)  route 0.001ns (0.046%))
  Logic Levels:           1  (OBUF=1)
  Output Delay:           -2.000ns
  Clock Path Skew:        1.797ns (DCD - SCD - CPR)
    Destination Clock Delay (DCD):    5.500ns
    Source Clock Delay      (SCD):    2.868ns = ( 91.445 - 88.577 ) 
    Clock Pessimism Removal (CPR):    0.835ns
  Clock Uncertainty:      0.458ns  ((TSJ^2 + DJ^2)^1/2) / 2 + PE
    Total System Jitter     (TSJ):    0.071ns
    Discrete Jitter          (DJ):    0.913ns
    Phase Error              (PE):    0.000ns

    Location             Delay type                Incr(ns)  Path(ns)    Netlist Resource(s)
  -------------------------------------------------------------------    -------------------
                         (clock u_dual_family_audio_clock/clk_44k1_raw fall edge)
                                                     88.577    88.577 f  
    Y18                                               0.000    88.577 f  clk (IN)
                         net (fo=0)                   0.000    88.577    clk
    Y18                  IBUF (Prop_ibuf_I_O)         0.264    88.841 f  u_ibuf_sys_clk/O
                         net (fo=1, routed)           0.634    89.475    clk_ibuf
    BUFGCTRL_X0Y0        BUFG (Prop_bufg_I_O)         0.026    89.501 f  u_bufg_sys_clk/O
                         net (fo=58, routed)          0.629    90.130    clk_sys_bufg
    MMCME2_ADV_X0Y2      MMCME2_ADV (Prop_mmcme2_adv_CLKIN1_CLKOUT0)
                                                      0.050    90.180 f  u_dual_family_audio_clock/u_mmcm_44k1/CLKOUT0
                         net (fo=1, routed)           0.656    90.836    u_dual_family_audio_clock/clk_44k1_raw
    BUFGCTRL_X0Y16       BUFGCTRL (Prop_bufgctrl_I0_O)
                                                      0.026    90.862 f  u_dual_family_audio_clock/u_bufgmux_audio_family/O
                         net (fo=342, routed)         0.583    91.445    clk_audio_128x
    OLOGIC_X0Y87         FDRE                                         r  u_demo_interp_dac8_audio_pcm_common/dac_data_r_reg[2]/C  (IS_INVERTED)
  -------------------------------------------------------------------    -------------------
    OLOGIC_X0Y87         FDRE (Prop_fdre_C_Q)         0.177    91.622 r  u_demo_interp_dac8_audio_pcm_common/dac_data_r_reg[2]/Q
                         net (fo=1, routed)           0.001    91.623    dac_data_OBUF[2]
    H18                  OBUF (Prop_obuf_I_O)         1.974    93.597 r  dac_data_OBUF[2]_inst/O
                         net (fo=0)                   0.000    93.597    dac_data[2]
    H18                                                               r  dac_data[2] (OUT)
  -------------------------------------------------------------------    -------------------

                         (clock dac_clk_44k1_128x rise edge)
                                                      0.000     0.000 r  
    Y18                                               0.000     0.000 r  clk (IN)
                         net (fo=0)                   0.000     0.000    clk
    Y18                  IBUF (Prop_ibuf_I_O)         0.452     0.452 r  u_ibuf_sys_clk/O
                         net (fo=1, routed)           0.689     1.140    clk_ibuf
    BUFGCTRL_X0Y0        BUFG (Prop_bufg_I_O)         0.029     1.169 r  u_bufg_sys_clk/O
                         net (fo=58, routed)          0.901     2.070    clk_sys_bufg
    MMCME2_ADV_X0Y2      MMCME2_ADV (Prop_mmcme2_adv_CLKIN1_CLKOUT0)
                                                      0.053     2.123 r  u_dual_family_audio_clock/u_mmcm_44k1/CLKOUT0
                         net (fo=1, routed)           0.710     2.833    u_dual_family_audio_clock/clk_44k1_raw
    BUFGCTRL_X0Y16       BUFGCTRL (Prop_bufgctrl_I0_O)
                                                      0.029     2.862 r  u_dual_family_audio_clock/u_bufgmux_audio_family/O
                         net (fo=342, routed)         0.855     3.718    clk_audio_128x
    OLOGIC_X0Y95         ODDR (Prop_oddr_C_Q)         0.204     3.922 r  u_demo_interp_dac8_audio_pcm_common/gen_dac_clock_oddr.u_dac_clock_oddr/Q
                         net (fo=1, routed)           0.001     3.923    dac_clk_OBUF
    G16                  OBUF (Prop_obuf_I_O)         1.577     5.500 r  dac_clk_OBUF_inst/O
                         net (fo=0)                   0.000     5.500    dac_clk
    G16                                                               r  dac_clk (OUT)
                         clock pessimism             -0.835     4.665    
                         clock uncertainty            0.458     5.123    
                         output delay                 2.000     7.123    
  -------------------------------------------------------------------
                         required time                         -7.123    
                         arrival time                          93.597    
  -------------------------------------------------------------------
                         slack                                 86.474    

Slack (MET) :             86.486ns  (arrival time - required time)
  Source:                 u_demo_interp_dac8_audio_pcm_common/dac_data_r_reg[0]/C
                            (falling edge-triggered cell FDRE clocked by u_dual_family_audio_clock/clk_44k1_raw  {rise@0.000ns fall@88.577ns period=177.154ns})
  Destination:            dac_data[0]
                            (output port clocked by dac_clk_44k1_128x  {rise@0.000ns fall@88.577ns period=177.154ns})
  Path Group:             dac_clk_44k1_128x
  Path Type:              Min at Fast Process Corner
  Requirement:            -88.577ns  (dac_clk_44k1_128x rise@0.000ns - u_dual_family_audio_clock/clk_44k1_raw fall@88.577ns)
  Data Path Delay:        2.171ns  (logic 2.170ns (99.954%)  route 0.001ns (0.046%))
  Logic Levels:           1  (OBUF=1)
  Output Delay:           -2.000ns
  Clock Path Skew:        1.804ns (DCD - SCD - CPR)
    Destination Clock Delay (DCD):    5.500ns
    Source Clock Delay      (SCD):    2.861ns = ( 91.438 - 88.577 ) 
    Clock Pessimism Removal (CPR):    0.835ns
  Clock Uncertainty:      0.458ns  ((TSJ^2 + DJ^2)^1/2) / 2 + PE
    Total System Jitter     (TSJ):    0.071ns
    Discrete Jitter          (DJ):    0.913ns
    Phase Error              (PE):    0.000ns

    Location             Delay type                Incr(ns)  Path(ns)    Netlist Resource(s)
  -------------------------------------------------------------------    -------------------
                         (clock u_dual_family_audio_clock/clk_44k1_raw fall edge)
                                                     88.577    88.577 f  
    Y18                                               0.000    88.577 f  clk (IN)
                         net (fo=0)                   0.000    88.577    clk
    Y18                  IBUF (Prop_ibuf_I_O)         0.264    88.841 f  u_ibuf_sys_clk/O
                         net (fo=1, routed)           0.634    89.475    clk_ibuf
    BUFGCTRL_X0Y0        BUFG (Prop_bufg_I_O)         0.026    89.501 f  u_bufg_sys_clk/O
                         net (fo=58, routed)          0.629    90.130    clk_sys_bufg
    MMCME2_ADV_X0Y2      MMCME2_ADV (Prop_mmcme2_adv_CLKIN1_CLKOUT0)
                                                      0.050    90.180 f  u_dual_family_audio_clock/u_mmcm_44k1/CLKOUT0
                         net (fo=1, routed)           0.656    90.836    u_dual_family_audio_clock/clk_44k1_raw
    BUFGCTRL_X0Y16       BUFGCTRL (Prop_bufgctrl_I0_O)
                                                      0.026    90.862 f  u_dual_family_audio_clock/u_bufgmux_audio_family/O
                         net (fo=342, routed)         0.576    91.438    clk_audio_128x
    OLOGIC_X0Y75         FDRE                                         r  u_demo_interp_dac8_audio_pcm_common/dac_data_r_reg[0]/C  (IS_INVERTED)
  -------------------------------------------------------------------    -------------------
    OLOGIC_X0Y75         FDRE (Prop_fdre_C_Q)         0.177    91.615 r  u_demo_interp_dac8_audio_pcm_common/dac_data_r_reg[0]/Q
                         net (fo=1, routed)           0.001    91.616    dac_data_OBUF[0]
    H19                  OBUF (Prop_obuf_I_O)         1.993    93.609 r  dac_data_OBUF[0]_inst/O
                         net (fo=0)                   0.000    93.609    dac_data[0]
    H19                                                               r  dac_data[0] (OUT)
  -------------------------------------------------------------------    -------------------

                         (clock dac_clk_44k1_128x rise edge)
                                                      0.000     0.000 r  
    Y18                                               0.000     0.000 r  clk (IN)
                         net (fo=0)                   0.000     0.000    clk
    Y18                  IBUF (Prop_ibuf_I_O)         0.452     0.452 r  u_ibuf_sys_clk/O
                         net (fo=1, routed)           0.689     1.140    clk_ibuf
    BUFGCTRL_X0Y0        BUFG (Prop_bufg_I_O)         0.029     1.169 r  u_bufg_sys_clk/O
                         net (fo=58, routed)          0.901     2.070    clk_sys_bufg
    MMCME2_ADV_X0Y2      MMCME2_ADV (Prop_mmcme2_adv_CLKIN1_CLKOUT0)
                                                      0.053     2.123 r  u_dual_family_audio_clock/u_mmcm_44k1/CLKOUT0
                         net (fo=1, routed)           0.710     2.833    u_dual_family_audio_clock/clk_44k1_raw
    BUFGCTRL_X0Y16       BUFGCTRL (Prop_bufgctrl_I0_O)
                                                      0.029     2.862 r  u_dual_family_audio_clock/u_bufgmux_audio_family/O
                         net (fo=342, routed)         0.855     3.718    clk_audio_128x
    OLOGIC_X0Y95         ODDR (Prop_oddr_C_Q)         0.204     3.922 r  u_demo_interp_dac8_audio_pcm_common/gen_dac_clock_oddr.u_dac_clock_oddr/Q
                         net (fo=1, routed)           0.001     3.923    dac_clk_OBUF
    G16                  OBUF (Prop_obuf_I_O)         1.577     5.500 r  dac_clk_OBUF_inst/O
                         net (fo=0)                   0.000     5.500    dac_clk
    G16                                                               r  dac_clk (OUT)
                         clock pessimism             -0.835     4.665    
                         clock uncertainty            0.458     5.123    
                         output delay                 2.000     7.123    
  -------------------------------------------------------------------
                         required time                         -7.123    
                         arrival time                          93.609    
  -------------------------------------------------------------------
                         slack                                 86.486    

Slack (MET) :             86.494ns  (arrival time - required time)
  Source:                 u_demo_interp_dac8_audio_pcm_common/dac_data_r_reg[5]/C
                            (falling edge-triggered cell FDRE clocked by u_dual_family_audio_clock/clk_44k1_raw  {rise@0.000ns fall@88.577ns period=177.154ns})
  Destination:            dac_data[5]
                            (output port clocked by dac_clk_44k1_128x  {rise@0.000ns fall@88.577ns period=177.154ns})
  Path Group:             dac_clk_44k1_128x
  Path Type:              Min at Fast Process Corner
  Requirement:            -88.577ns  (dac_clk_44k1_128x rise@0.000ns - u_dual_family_audio_clock/clk_44k1_raw fall@88.577ns)
  Data Path Delay:        2.172ns  (logic 2.171ns (99.954%)  route 0.001ns (0.046%))
  Logic Levels:           1  (OBUF=1)
  Output Delay:           -2.000ns
  Clock Path Skew:        1.797ns (DCD - SCD - CPR)
    Destination Clock Delay (DCD):    5.500ns
    Source Clock Delay      (SCD):    2.868ns = ( 91.445 - 88.577 ) 
    Clock Pessimism Removal (CPR):    0.835ns
  Clock Uncertainty:      0.458ns  ((TSJ^2 + DJ^2)^1/2) / 2 + PE
    Total System Jitter     (TSJ):    0.071ns
    Discrete Jitter          (DJ):    0.913ns
    Phase Error              (PE):    0.000ns

    Location             Delay type                Incr(ns)  Path(ns)    Netlist Resource(s)
  -------------------------------------------------------------------    -------------------
                         (clock u_dual_family_audio_clock/clk_44k1_raw fall edge)
                                                     88.577    88.577 f  
    Y18                                               0.000    88.577 f  clk (IN)
                         net (fo=0)                   0.000    88.577    clk
    Y18                  IBUF (Prop_ibuf_I_O)         0.264    88.841 f  u_ibuf_sys_clk/O
                         net (fo=1, routed)           0.634    89.475    clk_ibuf
    BUFGCTRL_X0Y0        BUFG (Prop_bufg_I_O)         0.026    89.501 f  u_bufg_sys_clk/O
                         net (fo=58, routed)          0.629    90.130    clk_sys_bufg
    MMCME2_ADV_X0Y2      MMCME2_ADV (Prop_mmcme2_adv_CLKIN1_CLKOUT0)
                                                      0.050    90.180 f  u_dual_family_audio_clock/u_mmcm_44k1/CLKOUT0
                         net (fo=1, routed)           0.656    90.836    u_dual_family_audio_clock/clk_44k1_raw
    BUFGCTRL_X0Y16       BUFGCTRL (Prop_bufgctrl_I0_O)
                                                      0.026    90.862 f  u_dual_family_audio_clock/u_bufgmux_audio_family/O
                         net (fo=342, routed)         0.583    91.445    clk_audio_128x
    OLOGIC_X0Y92         FDRE                                         r  u_demo_interp_dac8_audio_pcm_common/dac_data_r_reg[5]/C  (IS_INVERTED)
  -------------------------------------------------------------------    -------------------
    OLOGIC_X0Y92         FDRE (Prop_fdre_C_Q)         0.177    91.622 r  u_demo_interp_dac8_audio_pcm_common/dac_data_r_reg[5]/Q
                         net (fo=1, routed)           0.001    91.623    dac_data_OBUF[5]
    G17                  OBUF (Prop_obuf_I_O)         1.994    93.617 r  dac_data_OBUF[5]_inst/O
                         net (fo=0)                   0.000    93.617    dac_data[5]
    G17                                                               r  dac_data[5] (OUT)
  -------------------------------------------------------------------    -------------------

                         (clock dac_clk_44k1_128x rise edge)
                                                      0.000     0.000 r  
    Y18                                               0.000     0.000 r  clk (IN)
                         net (fo=0)                   0.000     0.000    clk
    Y18                  IBUF (Prop_ibuf_I_O)         0.452     0.452 r  u_ibuf_sys_clk/O
                         net (fo=1, routed)           0.689     1.140    clk_ibuf
    BUFGCTRL_X0Y0        BUFG (Prop_bufg_I_O)         0.029     1.169 r  u_bufg_sys_clk/O
                         net (fo=58, routed)          0.901     2.070    clk_sys_bufg
    MMCME2_ADV_X0Y2      MMCME2_ADV (Prop_mmcme2_adv_CLKIN1_CLKOUT0)
                                                      0.053     2.123 r  u_dual_family_audio_clock/u_mmcm_44k1/CLKOUT0
                         net (fo=1, routed)           0.710     2.833    u_dual_family_audio_clock/clk_44k1_raw
    BUFGCTRL_X0Y16       BUFGCTRL (Prop_bufgctrl_I0_O)
                                                      0.029     2.862 r  u_dual_family_audio_clock/u_bufgmux_audio_family/O
                         net (fo=342, routed)         0.855     3.718    clk_audio_128x
    OLOGIC_X0Y95         ODDR (Prop_oddr_C_Q)         0.204     3.922 r  u_demo_interp_dac8_audio_pcm_common/gen_dac_clock_oddr.u_dac_clock_oddr/Q
                         net (fo=1, routed)           0.001     3.923    dac_clk_OBUF
    G16                  OBUF (Prop_obuf_I_O)         1.577     5.500 r  dac_clk_OBUF_inst/O
                         net (fo=0)                   0.000     5.500    dac_clk
    G16                                                               r  dac_clk (OUT)
                         clock pessimism             -0.835     4.665    
                         clock uncertainty            0.458     5.123    
                         output delay                 2.000     7.123    
  -------------------------------------------------------------------
                         required time                         -7.123    
                         arrival time                          93.617    
  -------------------------------------------------------------------
                         slack                                 86.494    

Slack (MET) :             86.497ns  (arrival time - required time)
  Source:                 u_demo_interp_dac8_audio_pcm_common/dac_data_r_reg[3]/C
                            (falling edge-triggered cell FDRE clocked by u_dual_family_audio_clock/clk_44k1_raw  {rise@0.000ns fall@88.577ns period=177.154ns})
  Destination:            dac_data[3]
                            (output port clocked by dac_clk_44k1_128x  {rise@0.000ns fall@88.577ns period=177.154ns})
  Path Group:             dac_clk_44k1_128x
  Path Type:              Min at Fast Process Corner
  Requirement:            -88.577ns  (dac_clk_44k1_128x rise@0.000ns - u_dual_family_audio_clock/clk_44k1_raw fall@88.577ns)
  Data Path Delay:        2.175ns  (logic 2.174ns (99.954%)  route 0.001ns (0.046%))
  Logic Levels:           1  (OBUF=1)
  Output Delay:           -2.000ns
  Clock Path Skew:        1.797ns (DCD - SCD - CPR)
    Destination Clock Delay (DCD):    5.500ns
    Source Clock Delay      (SCD):    2.868ns = ( 91.445 - 88.577 ) 
    Clock Pessimism Removal (CPR):    0.835ns
  Clock Uncertainty:      0.458ns  ((TSJ^2 + DJ^2)^1/2) / 2 + PE
    Total System Jitter     (TSJ):    0.071ns
    Discrete Jitter          (DJ):    0.913ns
    Phase Error              (PE):    0.000ns

    Location             Delay type                Incr(ns)  Path(ns)    Netlist Resource(s)
  -------------------------------------------------------------------    -------------------
                         (clock u_dual_family_audio_clock/clk_44k1_raw fall edge)
                                                     88.577    88.577 f  
    Y18                                               0.000    88.577 f  clk (IN)
                         net (fo=0)                   0.000    88.577    clk
    Y18                  IBUF (Prop_ibuf_I_O)         0.264    88.841 f  u_ibuf_sys_clk/O
                         net (fo=1, routed)           0.634    89.475    clk_ibuf
    BUFGCTRL_X0Y0        BUFG (Prop_bufg_I_O)         0.026    89.501 f  u_bufg_sys_clk/O
                         net (fo=58, routed)          0.629    90.130    clk_sys_bufg
    MMCME2_ADV_X0Y2      MMCME2_ADV (Prop_mmcme2_adv_CLKIN1_CLKOUT0)
                                                      0.050    90.180 f  u_dual_family_audio_clock/u_mmcm_44k1/CLKOUT0
                         net (fo=1, routed)           0.656    90.836    u_dual_family_audio_clock/clk_44k1_raw
    BUFGCTRL_X0Y16       BUFGCTRL (Prop_bufgctrl_I0_O)
                                                      0.026    90.862 f  u_dual_family_audio_clock/u_bufgmux_audio_family/O
                         net (fo=342, routed)         0.583    91.445    clk_audio_128x
    OLOGIC_X0Y91         FDRE                                         r  u_demo_interp_dac8_audio_pcm_common/dac_data_r_reg[3]/C  (IS_INVERTED)
  -------------------------------------------------------------------    -------------------
    OLOGIC_X0Y91         FDRE (Prop_fdre_C_Q)         0.177    91.622 r  u_demo_interp_dac8_audio_pcm_common/dac_data_r_reg[3]/Q
                         net (fo=1, routed)           0.001    91.623    dac_data_OBUF[3]
    G18                  OBUF (Prop_obuf_I_O)         1.997    93.620 r  dac_data_OBUF[3]_inst/O
                         net (fo=0)                   0.000    93.620    dac_data[3]
    G18                                                               r  dac_data[3] (OUT)
  -------------------------------------------------------------------    -------------------

                         (clock dac_clk_44k1_128x rise edge)
                                                      0.000     0.000 r  
    Y18                                               0.000     0.000 r  clk (IN)
                         net (fo=0)                   0.000     0.000    clk
    Y18                  IBUF (Prop_ibuf_I_O)         0.452     0.452 r  u_ibuf_sys_clk/O
                         net (fo=1, routed)           0.689     1.140    clk_ibuf
    BUFGCTRL_X0Y0        BUFG (Prop_bufg_I_O)         0.029     1.169 r  u_bufg_sys_clk/O
                         net (fo=58, routed)          0.901     2.070    clk_sys_bufg
    MMCME2_ADV_X0Y2      MMCME2_ADV (Prop_mmcme2_adv_CLKIN1_CLKOUT0)
                                                      0.053     2.123 r  u_dual_family_audio_clock/u_mmcm_44k1/CLKOUT0
                         net (fo=1, routed)           0.710     2.833    u_dual_family_audio_clock/clk_44k1_raw
    BUFGCTRL_X0Y16       BUFGCTRL (Prop_bufgctrl_I0_O)
                                                      0.029     2.862 r  u_dual_family_audio_clock/u_bufgmux_audio_family/O
                         net (fo=342, routed)         0.855     3.718    clk_audio_128x
    OLOGIC_X0Y95         ODDR (Prop_oddr_C_Q)         0.204     3.922 r  u_demo_interp_dac8_audio_pcm_common/gen_dac_clock_oddr.u_dac_clock_oddr/Q
                         net (fo=1, routed)           0.001     3.923    dac_clk_OBUF
    G16                  OBUF (Prop_obuf_I_O)         1.577     5.500 r  dac_clk_OBUF_inst/O
                         net (fo=0)                   0.000     5.500    dac_clk
    G16                                                               r  dac_clk (OUT)
                         clock pessimism             -0.835     4.665    
                         clock uncertainty            0.458     5.123    
                         output delay                 2.000     7.123    
  -------------------------------------------------------------------
                         required time                         -7.123    
                         arrival time                          93.620    
  -------------------------------------------------------------------
                         slack                                 86.497    





---------------------------------------------------------------------------------------------------
From Clock:  clk_20M
  To Clock:  u_dual_family_audio_clock/clk_48k_raw

Setup :            0  Failing Endpoints,  Worst Slack       48.877ns,  Total Violation        0.000ns
Hold  :           NA  Failing Endpoints,  Worst Slack           NA  ,  Total Violation           NA
---------------------------------------------------------------------------------------------------


Max Delay Paths
--------------------------------------------------------------------------------------
Slack (MET) :             48.877ns  (required time - arrival time)
  Source:                 u_nf_mode_cdc_handshake/mode_shadow_reg[0]/C
                            (rising edge-triggered cell FDSE clocked by clk_20M  {rise@0.000ns fall@25.000ns period=50.000ns})
  Destination:            u_nf_mode_cdc_handshake/audio_mode_reg[0]/D
                            (rising edge-triggered cell FDSE clocked by u_dual_family_audio_clock/clk_48k_raw  {rise@0.000ns fall@81.379ns period=162.759ns})
  Path Group:             u_dual_family_audio_clock/clk_48k_raw
  Path Type:              Setup (Max at Slow Process Corner)
  Requirement:            50.000ns  (MaxDelay Path 50.000ns)
  Data Path Delay:        0.971ns  (logic 0.348ns (35.851%)  route 0.623ns (64.149%))
  Logic Levels:           0  
  Timing Exception:       MaxDelay Path 50.000ns -datapath_only

    Location             Delay type                Incr(ns)  Path(ns)    Netlist Resource(s)
  -------------------------------------------------------------------    -------------------
    SLICE_X1Y83                                       0.000     0.000 r  u_nf_mode_cdc_handshake/mode_shadow_reg[0]/C
    SLICE_X1Y83          FDSE (Prop_fdse_C_Q)         0.348     0.348 r  u_nf_mode_cdc_handshake/mode_shadow_reg[0]/Q
                         net (fo=2, routed)           0.623     0.971    mode_shadow[0]
    SLICE_X2Y84          FDSE                                         r  u_nf_mode_cdc_handshake/audio_mode_reg[0]/D
  -------------------------------------------------------------------    -------------------

                         max delay                   50.000    50.000    
    SLICE_X2Y84          FDSE (Setup_fdse_C_D)       -0.152    49.848    u_nf_mode_cdc_handshake/audio_mode_reg[0]
  -------------------------------------------------------------------
                         required time                         49.848    
                         arrival time                          -0.971    
  -------------------------------------------------------------------
                         slack                                 48.877    

Slack (MET) :             49.098ns  (required time - arrival time)
  Source:                 u_nf_mode_cdc_handshake/mode_shadow_reg[1]/C
                            (rising edge-triggered cell FDSE clocked by clk_20M  {rise@0.000ns fall@25.000ns period=50.000ns})
  Destination:            u_nf_mode_cdc_handshake/audio_mode_reg[1]/D
                            (rising edge-triggered cell FDSE clocked by u_dual_family_audio_clock/clk_48k_raw  {rise@0.000ns fall@81.379ns period=162.759ns})
  Path Group:             u_dual_family_audio_clock/clk_48k_raw
  Path Type:              Setup (Max at Slow Process Corner)
  Requirement:            50.000ns  (MaxDelay Path 50.000ns)
  Data Path Delay:        0.875ns  (logic 0.379ns (43.313%)  route 0.496ns (56.687%))
  Logic Levels:           0  
  Timing Exception:       MaxDelay Path 50.000ns -datapath_only

    Location             Delay type                Incr(ns)  Path(ns)    Netlist Resource(s)
  -------------------------------------------------------------------    -------------------
    SLICE_X1Y83                                       0.000     0.000 r  u_nf_mode_cdc_handshake/mode_shadow_reg[1]/C
    SLICE_X1Y83          FDSE (Prop_fdse_C_Q)         0.379     0.379 r  u_nf_mode_cdc_handshake/mode_shadow_reg[1]/Q
                         net (fo=2, routed)           0.496     0.875    mode_shadow[1]
    SLICE_X2Y84          FDSE                                         r  u_nf_mode_cdc_handshake/audio_mode_reg[1]/D
  -------------------------------------------------------------------    -------------------

                         max delay                   50.000    50.000    
    SLICE_X2Y84          FDSE (Setup_fdse_C_D)       -0.027    49.973    u_nf_mode_cdc_handshake/audio_mode_reg[1]
  -------------------------------------------------------------------
                         required time                         49.973    
                         arrival time                          -0.875    
  -------------------------------------------------------------------
                         slack                                 49.098    





---------------------------------------------------------------------------------------------------
From Clock:  u_dual_family_audio_clock/clk_48k_raw
  To Clock:  dac_clk_48k_128x

Setup :            0  Failing Endpoints,  Worst Slack       76.116ns,  Total Violation        0.000ns
Hold  :            0  Failing Endpoints,  Worst Slack       78.117ns,  Total Violation        0.000ns
---------------------------------------------------------------------------------------------------


Max Delay Paths
--------------------------------------------------------------------------------------
Slack (MET) :             76.116ns  (required time - arrival time)
  Source:                 u_demo_interp_dac8_audio_pcm_common/dac_data_r_reg[4]/C
                            (falling edge-triggered cell FDRE clocked by u_dual_family_audio_clock/clk_48k_raw  {rise@0.000ns fall@81.379ns period=162.759ns})
  Destination:            dac_data[4]
                            (output port clocked by dac_clk_48k_128x  {rise@0.000ns fall@81.379ns period=162.759ns})
  Path Group:             dac_clk_48k_128x
  Path Type:              Max at Slow Process Corner
  Requirement:            81.379ns  (dac_clk_48k_128x rise@162.759ns - u_dual_family_audio_clock/clk_48k_raw fall@81.379ns)
  Data Path Delay:        4.154ns  (logic 4.153ns (99.976%)  route 0.001ns (0.024%))
  Logic Levels:           1  (OBUF=1)
  Output Delay:           2.500ns
  Clock Path Skew:        2.822ns (DCD - SCD + CPR)
    Destination Clock Delay (DCD):    10.227ns = ( 172.986 - 162.759 ) 
    Source Clock Delay      (SCD):    7.750ns = ( 89.129 - 81.379 ) 
    Clock Pessimism Removal (CPR):    0.344ns
  Clock Uncertainty:      1.431ns  ((TSJ^2 + DJ^2)^1/2) / 2 + PE
    Total System Jitter     (TSJ):    0.071ns
    Discrete Jitter          (DJ):    0.972ns
    Phase Error              (PE):    0.944ns

    Location             Delay type                Incr(ns)  Path(ns)    Netlist Resource(s)
  -------------------------------------------------------------------    -------------------
                         (clock u_dual_family_audio_clock/clk_48k_raw fall edge)
                                                     81.379    81.379 f  
    Y18                                               0.000    81.379 f  clk (IN)
                         net (fo=0)                   0.000    81.379    clk
    Y18                  IBUF (Prop_ibuf_I_O)         1.427    82.806 f  u_ibuf_sys_clk/O
                         net (fo=1, routed)           1.693    84.499    clk_ibuf
    BUFGCTRL_X0Y0        BUFG (Prop_bufg_I_O)         0.081    84.580 f  u_bufg_sys_clk/O
                         net (fo=58, routed)          1.374    85.954    clk_sys_bufg
    MMCME2_ADV_X0Y1      MMCME2_ADV (Prop_mmcme2_adv_CLKIN1_CLKOUT0)
                                                      0.077    86.031 f  u_dual_family_audio_clock/u_mmcm_48k/CLKOUT0
                         net (fo=1, routed)           1.425    87.456    u_dual_family_audio_clock/clk_48k_raw
    BUFGCTRL_X0Y16       BUFGCTRL (Prop_bufgctrl_I1_O)
                                                      0.081    87.537 f  u_dual_family_audio_clock/u_bufgmux_audio_family/O
                         net (fo=342, routed)         1.592    89.129    clk_audio_128x
    OLOGIC_X0Y120        FDRE                                         r  u_demo_interp_dac8_audio_pcm_common/dac_data_r_reg[4]/C  (IS_INVERTED)
  -------------------------------------------------------------------    -------------------
    OLOGIC_X0Y120        FDRE (Prop_fdre_C_Q)         0.418    89.547 r  u_demo_interp_dac8_audio_pcm_common/dac_data_r_reg[4]/Q
                         net (fo=1, routed)           0.001    89.548    dac_data_OBUF[4]
    F18                  OBUF (Prop_obuf_I_O)         3.735    93.283 r  dac_data_OBUF[4]_inst/O
                         net (fo=0)                   0.000    93.283    dac_data[4]
    F18                                                               r  dac_data[4] (OUT)
  -------------------------------------------------------------------    -------------------

                         (clock dac_clk_48k_128x rise edge)
                                                    162.759   162.759 f  
    Y18                                               0.000   162.759 f  clk (IN)
                         net (fo=0)                   0.000   162.759    clk
    Y18                  IBUF (Prop_ibuf_I_O)         1.361   164.119 f  u_ibuf_sys_clk/O
                         net (fo=1, routed)           1.604   165.724    clk_ibuf
    BUFGCTRL_X0Y0        BUFG (Prop_bufg_I_O)         0.077   165.801 f  u_bufg_sys_clk/O
                         net (fo=58, routed)          1.270   167.071    clk_sys_bufg
    MMCME2_ADV_X0Y1      MMCME2_ADV (Prop_mmcme2_adv_CLKIN1_CLKOUT0)
                                                      0.073   167.144 f  u_dual_family_audio_clock/u_mmcm_48k/CLKOUT0
                         net (fo=1, routed)           1.357   168.501    u_dual_family_audio_clock/clk_48k_raw
    BUFGCTRL_X0Y16       BUFGCTRL (Prop_bufgctrl_I1_O)
                                                      0.077   168.578 f  u_dual_family_audio_clock/u_bufgmux_audio_family/O
                         net (fo=342, routed)         1.299   169.877    clk_audio_128x
    OLOGIC_X0Y95         ODDR (Prop_oddr_C_Q)         0.363   170.240 r  u_demo_interp_dac8_audio_pcm_common/gen_dac_clock_oddr.u_dac_clock_oddr/Q
                         net (fo=1, routed)           0.001   170.241    dac_clk_OBUF
    G16                  OBUF (Prop_obuf_I_O)         2.745   172.986 r  dac_clk_OBUF_inst/O
                         net (fo=0)                   0.000   172.986    dac_clk
    G16                                                               r  dac_clk (OUT)
                         clock pessimism              0.344   173.330    
                         clock uncertainty           -1.431   171.899    
                         output delay                -2.500   169.399    
  -------------------------------------------------------------------
                         required time                        169.399    
                         arrival time                         -93.283    
  -------------------------------------------------------------------
                         slack                                 76.116    

Slack (MET) :             76.119ns  (required time - arrival time)
  Source:                 u_demo_interp_dac8_audio_pcm_common/dac_data_r_reg[1]/C
                            (falling edge-triggered cell FDRE clocked by u_dual_family_audio_clock/clk_48k_raw  {rise@0.000ns fall@81.379ns period=162.759ns})
  Destination:            dac_data[1]
                            (output port clocked by dac_clk_48k_128x  {rise@0.000ns fall@81.379ns period=162.759ns})
  Path Group:             dac_clk_48k_128x
  Path Type:              Max at Slow Process Corner
  Requirement:            81.379ns  (dac_clk_48k_128x rise@162.759ns - u_dual_family_audio_clock/clk_48k_raw fall@81.379ns)
  Data Path Delay:        4.152ns  (logic 4.151ns (99.976%)  route 0.001ns (0.024%))
  Logic Levels:           1  (OBUF=1)
  Output Delay:           2.500ns
  Clock Path Skew:        2.823ns (DCD - SCD + CPR)
    Destination Clock Delay (DCD):    10.227ns = ( 172.986 - 162.759 ) 
    Source Clock Delay      (SCD):    7.749ns = ( 89.128 - 81.379 ) 
    Clock Pessimism Removal (CPR):    0.344ns
  Clock Uncertainty:      1.431ns  ((TSJ^2 + DJ^2)^1/2) / 2 + PE
    Total System Jitter     (TSJ):    0.071ns
    Discrete Jitter          (DJ):    0.972ns
    Phase Error              (PE):    0.944ns

    Location             Delay type                Incr(ns)  Path(ns)    Netlist Resource(s)
  -------------------------------------------------------------------    -------------------
                         (clock u_dual_family_audio_clock/clk_48k_raw fall edge)
                                                     81.379    81.379 f  
    Y18                                               0.000    81.379 f  clk (IN)
                         net (fo=0)                   0.000    81.379    clk
    Y18                  IBUF (Prop_ibuf_I_O)         1.427    82.806 f  u_ibuf_sys_clk/O
                         net (fo=1, routed)           1.693    84.499    clk_ibuf
    BUFGCTRL_X0Y0        BUFG (Prop_bufg_I_O)         0.081    84.580 f  u_bufg_sys_clk/O
                         net (fo=58, routed)          1.374    85.954    clk_sys_bufg
    MMCME2_ADV_X0Y1      MMCME2_ADV (Prop_mmcme2_adv_CLKIN1_CLKOUT0)
                                                      0.077    86.031 f  u_dual_family_audio_clock/u_mmcm_48k/CLKOUT0
                         net (fo=1, routed)           1.425    87.456    u_dual_family_audio_clock/clk_48k_raw
    BUFGCTRL_X0Y16       BUFGCTRL (Prop_bufgctrl_I1_O)
                                                      0.081    87.537 f  u_dual_family_audio_clock/u_bufgmux_audio_family/O
                         net (fo=342, routed)         1.591    89.128    clk_audio_128x
    OLOGIC_X0Y122        FDRE                                         r  u_demo_interp_dac8_audio_pcm_common/dac_data_r_reg[1]/C  (IS_INVERTED)
  -------------------------------------------------------------------    -------------------
    OLOGIC_X0Y122        FDRE (Prop_fdre_C_Q)         0.418    89.546 r  u_demo_interp_dac8_audio_pcm_common/dac_data_r_reg[1]/Q
                         net (fo=1, routed)           0.001    89.547    dac_data_OBUF[1]
    E19                  OBUF (Prop_obuf_I_O)         3.733    93.280 r  dac_data_OBUF[1]_inst/O
                         net (fo=0)                   0.000    93.280    dac_data[1]
    E19                                                               r  dac_data[1] (OUT)
  -------------------------------------------------------------------    -------------------

                         (clock dac_clk_48k_128x rise edge)
                                                    162.759   162.759 f  
    Y18                                               0.000   162.759 f  clk (IN)
                         net (fo=0)                   0.000   162.759    clk
    Y18                  IBUF (Prop_ibuf_I_O)         1.361   164.119 f  u_ibuf_sys_clk/O
                         net (fo=1, routed)           1.604   165.724    clk_ibuf
    BUFGCTRL_X0Y0        BUFG (Prop_bufg_I_O)         0.077   165.801 f  u_bufg_sys_clk/O
                         net (fo=58, routed)          1.270   167.071    clk_sys_bufg
    MMCME2_ADV_X0Y1      MMCME2_ADV (Prop_mmcme2_adv_CLKIN1_CLKOUT0)
                                                      0.073   167.144 f  u_dual_family_audio_clock/u_mmcm_48k/CLKOUT0
                         net (fo=1, routed)           1.357   168.501    u_dual_family_audio_clock/clk_48k_raw
    BUFGCTRL_X0Y16       BUFGCTRL (Prop_bufgctrl_I1_O)
                                                      0.077   168.578 f  u_dual_family_audio_clock/u_bufgmux_audio_family/O
                         net (fo=342, routed)         1.299   169.877    clk_audio_128x
    OLOGIC_X0Y95         ODDR (Prop_oddr_C_Q)         0.363   170.240 r  u_demo_interp_dac8_audio_pcm_common/gen_dac_clock_oddr.u_dac_clock_oddr/Q
                         net (fo=1, routed)           0.001   170.241    dac_clk_OBUF
    G16                  OBUF (Prop_obuf_I_O)         2.745   172.986 r  dac_clk_OBUF_inst/O
                         net (fo=0)                   0.000   172.986    dac_clk
    G16                                                               r  dac_clk (OUT)
                         clock pessimism              0.344   173.330    
                         clock uncertainty           -1.431   171.899    
                         output delay                -2.500   169.399    
  -------------------------------------------------------------------
                         required time                        169.399    
                         arrival time                         -93.280    
  -------------------------------------------------------------------
                         slack                                 76.119    

Slack (MET) :             76.120ns  (required time - arrival time)
  Source:                 u_demo_interp_dac8_audio_pcm_common/dac_data_r_reg[7]/C
                            (falling edge-triggered cell FDSE clocked by u_dual_family_audio_clock/clk_48k_raw  {rise@0.000ns fall@81.379ns period=162.759ns})
  Destination:            dac_data[7]
                            (output port clocked by dac_clk_48k_128x  {rise@0.000ns fall@81.379ns period=162.759ns})
  Path Group:             dac_clk_48k_128x
  Path Type:              Max at Slow Process Corner
  Requirement:            81.379ns  (dac_clk_48k_128x rise@162.759ns - u_dual_family_audio_clock/clk_48k_raw fall@81.379ns)
  Data Path Delay:        4.153ns  (logic 4.152ns (99.976%)  route 0.001ns (0.024%))
  Logic Levels:           1  (OBUF=1)
  Output Delay:           2.500ns
  Clock Path Skew:        2.825ns (DCD - SCD + CPR)
    Destination Clock Delay (DCD):    10.227ns = ( 172.986 - 162.759 ) 
    Source Clock Delay      (SCD):    7.747ns = ( 89.126 - 81.379 ) 
    Clock Pessimism Removal (CPR):    0.344ns
  Clock Uncertainty:      1.431ns  ((TSJ^2 + DJ^2)^1/2) / 2 + PE
    Total System Jitter     (TSJ):    0.071ns
    Discrete Jitter          (DJ):    0.972ns
    Phase Error              (PE):    0.944ns

    Location             Delay type                Incr(ns)  Path(ns)    Netlist Resource(s)
  -------------------------------------------------------------------    -------------------
                         (clock u_dual_family_audio_clock/clk_48k_raw fall edge)
                                                     81.379    81.379 f  
    Y18                                               0.000    81.379 f  clk (IN)
                         net (fo=0)                   0.000    81.379    clk
    Y18                  IBUF (Prop_ibuf_I_O)         1.427    82.806 f  u_ibuf_sys_clk/O
                         net (fo=1, routed)           1.693    84.499    clk_ibuf
    BUFGCTRL_X0Y0        BUFG (Prop_bufg_I_O)         0.081    84.580 f  u_bufg_sys_clk/O
                         net (fo=58, routed)          1.374    85.954    clk_sys_bufg
    MMCME2_ADV_X0Y1      MMCME2_ADV (Prop_mmcme2_adv_CLKIN1_CLKOUT0)
                                                      0.077    86.031 f  u_dual_family_audio_clock/u_mmcm_48k/CLKOUT0
                         net (fo=1, routed)           1.425    87.456    u_dual_family_audio_clock/clk_48k_raw
    BUFGCTRL_X0Y16       BUFGCTRL (Prop_bufgctrl_I1_O)
                                                      0.081    87.537 f  u_dual_family_audio_clock/u_bufgmux_audio_family/O
                         net (fo=342, routed)         1.589    89.126    clk_audio_128x
    OLOGIC_X0Y125        FDSE                                         r  u_demo_interp_dac8_audio_pcm_common/dac_data_r_reg[7]/C  (IS_INVERTED)
  -------------------------------------------------------------------    -------------------
    OLOGIC_X0Y125        FDSE (Prop_fdse_C_Q)         0.418    89.544 r  u_demo_interp_dac8_audio_pcm_common/dac_data_r_reg[7]/Q
                         net (fo=1, routed)           0.001    89.545    dac_data_OBUF[7]
    C17                  OBUF (Prop_obuf_I_O)         3.734    93.279 r  dac_data_OBUF[7]_inst/O
                         net (fo=0)                   0.000    93.279    dac_data[7]
    C17                                                               r  dac_data[7] (OUT)
  -------------------------------------------------------------------    -------------------

                         (clock dac_clk_48k_128x rise edge)
                                                    162.759   162.759 f  
    Y18                                               0.000   162.759 f  clk (IN)
                         net (fo=0)                   0.000   162.759    clk
    Y18                  IBUF (Prop_ibuf_I_O)         1.361   164.119 f  u_ibuf_sys_clk/O
                         net (fo=1, routed)           1.604   165.724    clk_ibuf
    BUFGCTRL_X0Y0        BUFG (Prop_bufg_I_O)         0.077   165.801 f  u_bufg_sys_clk/O
                         net (fo=58, routed)          1.270   167.071    clk_sys_bufg
    MMCME2_ADV_X0Y1      MMCME2_ADV (Prop_mmcme2_adv_CLKIN1_CLKOUT0)
                                                      0.073   167.144 f  u_dual_family_audio_clock/u_mmcm_48k/CLKOUT0
                         net (fo=1, routed)           1.357   168.501    u_dual_family_audio_clock/clk_48k_raw
    BUFGCTRL_X0Y16       BUFGCTRL (Prop_bufgctrl_I1_O)
                                                      0.077   168.578 f  u_dual_family_audio_clock/u_bufgmux_audio_family/O
                         net (fo=342, routed)         1.299   169.877    clk_audio_128x
    OLOGIC_X0Y95         ODDR (Prop_oddr_C_Q)         0.363   170.240 r  u_demo_interp_dac8_audio_pcm_common/gen_dac_clock_oddr.u_dac_clock_oddr/Q
                         net (fo=1, routed)           0.001   170.241    dac_clk_OBUF
    G16                  OBUF (Prop_obuf_I_O)         2.745   172.986 r  dac_clk_OBUF_inst/O
                         net (fo=0)                   0.000   172.986    dac_clk
    G16                                                               r  dac_clk (OUT)
                         clock pessimism              0.344   173.330    
                         clock uncertainty           -1.431   171.899    
                         output delay                -2.500   169.399    
  -------------------------------------------------------------------
                         required time                        169.399    
                         arrival time                         -93.279    
  -------------------------------------------------------------------
                         slack                                 76.120    

Slack (MET) :             76.138ns  (required time - arrival time)
  Source:                 u_demo_interp_dac8_audio_pcm_common/dac_data_r_reg[6]/C
                            (falling edge-triggered cell FDRE clocked by u_dual_family_audio_clock/clk_48k_raw  {rise@0.000ns fall@81.379ns period=162.759ns})
  Destination:            dac_data[6]
                            (output port clocked by dac_clk_48k_128x  {rise@0.000ns fall@81.379ns period=162.759ns})
  Path Group:             dac_clk_48k_128x
  Path Type:              Max at Slow Process Corner
  Requirement:            81.379ns  (dac_clk_48k_128x rise@162.759ns - u_dual_family_audio_clock/clk_48k_raw fall@81.379ns)
  Data Path Delay:        4.119ns  (logic 4.118ns (99.976%)  route 0.001ns (0.024%))
  Logic Levels:           1  (OBUF=1)
  Output Delay:           2.500ns
  Clock Path Skew:        2.809ns (DCD - SCD + CPR)
    Destination Clock Delay (DCD):    10.227ns = ( 172.986 - 162.759 ) 
    Source Clock Delay      (SCD):    7.763ns = ( 89.142 - 81.379 ) 
    Clock Pessimism Removal (CPR):    0.344ns
  Clock Uncertainty:      1.431ns  ((TSJ^2 + DJ^2)^1/2) / 2 + PE
    Total System Jitter     (TSJ):    0.071ns
    Discrete Jitter          (DJ):    0.972ns
    Phase Error              (PE):    0.944ns

    Location             Delay type                Incr(ns)  Path(ns)    Netlist Resource(s)
  -------------------------------------------------------------------    -------------------
                         (clock u_dual_family_audio_clock/clk_48k_raw fall edge)
                                                     81.379    81.379 f  
    Y18                                               0.000    81.379 f  clk (IN)
                         net (fo=0)                   0.000    81.379    clk
    Y18                  IBUF (Prop_ibuf_I_O)         1.427    82.806 f  u_ibuf_sys_clk/O
                         net (fo=1, routed)           1.693    84.499    clk_ibuf
    BUFGCTRL_X0Y0        BUFG (Prop_bufg_I_O)         0.081    84.580 f  u_bufg_sys_clk/O
                         net (fo=58, routed)          1.374    85.954    clk_sys_bufg
    MMCME2_ADV_X0Y1      MMCME2_ADV (Prop_mmcme2_adv_CLKIN1_CLKOUT0)
                                                      0.077    86.031 f  u_dual_family_audio_clock/u_mmcm_48k/CLKOUT0
                         net (fo=1, routed)           1.425    87.456    u_dual_family_audio_clock/clk_48k_raw
    BUFGCTRL_X0Y16       BUFGCTRL (Prop_bufgctrl_I1_O)
                                                      0.081    87.537 f  u_dual_family_audio_clock/u_bufgmux_audio_family/O
                         net (fo=342, routed)         1.605    89.142    clk_audio_128x
    OLOGIC_X0Y145        FDRE                                         r  u_demo_interp_dac8_audio_pcm_common/dac_data_r_reg[6]/C  (IS_INVERTED)
  -------------------------------------------------------------------    -------------------
    OLOGIC_X0Y145        FDRE (Prop_fdre_C_Q)         0.418    89.560 r  u_demo_interp_dac8_audio_pcm_common/dac_data_r_reg[6]/Q
                         net (fo=1, routed)           0.001    89.561    dac_data_OBUF[6]
    E17                  OBUF (Prop_obuf_I_O)         3.700    93.261 r  dac_data_OBUF[6]_inst/O
                         net (fo=0)                   0.000    93.261    dac_data[6]
    E17                                                               r  dac_data[6] (OUT)
  -------------------------------------------------------------------    -------------------

                         (clock dac_clk_48k_128x rise edge)
                                                    162.759   162.759 f  
    Y18                                               0.000   162.759 f  clk (IN)
                         net (fo=0)                   0.000   162.759    clk
    Y18                  IBUF (Prop_ibuf_I_O)         1.361   164.119 f  u_ibuf_sys_clk/O
                         net (fo=1, routed)           1.604   165.724    clk_ibuf
    BUFGCTRL_X0Y0        BUFG (Prop_bufg_I_O)         0.077   165.801 f  u_bufg_sys_clk/O
                         net (fo=58, routed)          1.270   167.071    clk_sys_bufg
    MMCME2_ADV_X0Y1      MMCME2_ADV (Prop_mmcme2_adv_CLKIN1_CLKOUT0)
                                                      0.073   167.144 f  u_dual_family_audio_clock/u_mmcm_48k/CLKOUT0
                         net (fo=1, routed)           1.357   168.501    u_dual_family_audio_clock/clk_48k_raw
    BUFGCTRL_X0Y16       BUFGCTRL (Prop_bufgctrl_I1_O)
                                                      0.077   168.578 f  u_dual_family_audio_clock/u_bufgmux_audio_family/O
                         net (fo=342, routed)         1.299   169.877    clk_audio_128x
    OLOGIC_X0Y95         ODDR (Prop_oddr_C_Q)         0.363   170.240 r  u_demo_interp_dac8_audio_pcm_common/gen_dac_clock_oddr.u_dac_clock_oddr/Q
                         net (fo=1, routed)           0.001   170.241    dac_clk_OBUF
    G16                  OBUF (Prop_obuf_I_O)         2.745   172.986 r  dac_clk_OBUF_inst/O
                         net (fo=0)                   0.000   172.986    dac_clk
    G16                                                               r  dac_clk (OUT)
                         clock pessimism              0.344   173.330    
                         clock uncertainty           -1.431   171.899    
                         output delay                -2.500   169.399    
  -------------------------------------------------------------------
                         required time                        169.399    
                         arrival time                         -93.261    
  -------------------------------------------------------------------
                         slack                                 76.138    

Slack (MET) :             76.370ns  (required time - arrival time)
  Source:                 u_demo_interp_dac8_audio_pcm_common/dac_data_r_reg[3]/C
                            (falling edge-triggered cell FDRE clocked by u_dual_family_audio_clock/clk_48k_raw  {rise@0.000ns fall@81.379ns period=162.759ns})
  Destination:            dac_data[3]
                            (output port clocked by dac_clk_48k_128x  {rise@0.000ns fall@81.379ns period=162.759ns})
  Path Group:             dac_clk_48k_128x
  Path Type:              Max at Slow Process Corner
  Requirement:            81.379ns  (dac_clk_48k_128x rise@162.759ns - u_dual_family_audio_clock/clk_48k_raw fall@81.379ns)
  Data Path Delay:        4.159ns  (logic 4.158ns (99.976%)  route 0.001ns (0.024%))
  Logic Levels:           1  (OBUF=1)
  Output Delay:           2.500ns
  Clock Path Skew:        3.081ns (DCD - SCD + CPR)
    Destination Clock Delay (DCD):    10.227ns = ( 172.986 - 162.759 ) 
    Source Clock Delay      (SCD):    7.598ns = ( 88.977 - 81.379 ) 
    Clock Pessimism Removal (CPR):    0.451ns
  Clock Uncertainty:      1.431ns  ((TSJ^2 + DJ^2)^1/2) / 2 + PE
    Total System Jitter     (TSJ):    0.071ns
    Discrete Jitter          (DJ):    0.972ns
    Phase Error              (PE):    0.944ns

    Location             Delay type                Incr(ns)  Path(ns)    Netlist Resource(s)
  -------------------------------------------------------------------    -------------------
                         (clock u_dual_family_audio_clock/clk_48k_raw fall edge)
                                                     81.379    81.379 f  
    Y18                                               0.000    81.379 f  clk (IN)
                         net (fo=0)                   0.000    81.379    clk
    Y18                  IBUF (Prop_ibuf_I_O)         1.427    82.806 f  u_ibuf_sys_clk/O
                         net (fo=1, routed)           1.693    84.499    clk_ibuf
    BUFGCTRL_X0Y0        BUFG (Prop_bufg_I_O)         0.081    84.580 f  u_bufg_sys_clk/O
                         net (fo=58, routed)          1.374    85.954    clk_sys_bufg
    MMCME2_ADV_X0Y1      MMCME2_ADV (Prop_mmcme2_adv_CLKIN1_CLKOUT0)
                                                      0.077    86.031 f  u_dual_family_audio_clock/u_mmcm_48k/CLKOUT0
                         net (fo=1, routed)           1.425    87.456    u_dual_family_audio_clock/clk_48k_raw
    BUFGCTRL_X0Y16       BUFGCTRL (Prop_bufgctrl_I1_O)
                                                      0.081    87.537 f  u_dual_family_audio_clock/u_bufgmux_audio_family/O
                         net (fo=342, routed)         1.440    88.977    clk_audio_128x
    OLOGIC_X0Y91         FDRE                                         r  u_demo_interp_dac8_audio_pcm_common/dac_data_r_reg[3]/C  (IS_INVERTED)
  -------------------------------------------------------------------    -------------------
    OLOGIC_X0Y91         FDRE (Prop_fdre_C_Q)         0.418    89.395 r  u_demo_interp_dac8_audio_pcm_common/dac_data_r_reg[3]/Q
                         net (fo=1, routed)           0.001    89.396    dac_data_OBUF[3]
    G18                  OBUF (Prop_obuf_I_O)         3.740    93.136 r  dac_data_OBUF[3]_inst/O
                         net (fo=0)                   0.000    93.136    dac_data[3]
    G18                                                               r  dac_data[3] (OUT)
  -------------------------------------------------------------------    -------------------

                         (clock dac_clk_48k_128x rise edge)
                                                    162.759   162.759 f  
    Y18                                               0.000   162.759 f  clk (IN)
                         net (fo=0)                   0.000   162.759    clk
    Y18                  IBUF (Prop_ibuf_I_O)         1.361   164.119 f  u_ibuf_sys_clk/O
                         net (fo=1, routed)           1.604   165.724    clk_ibuf
    BUFGCTRL_X0Y0        BUFG (Prop_bufg_I_O)         0.077   165.801 f  u_bufg_sys_clk/O
                         net (fo=58, routed)          1.270   167.071    clk_sys_bufg
    MMCME2_ADV_X0Y1      MMCME2_ADV (Prop_mmcme2_adv_CLKIN1_CLKOUT0)
                                                      0.073   167.144 f  u_dual_family_audio_clock/u_mmcm_48k/CLKOUT0
                         net (fo=1, routed)           1.357   168.501    u_dual_family_audio_clock/clk_48k_raw
    BUFGCTRL_X0Y16       BUFGCTRL (Prop_bufgctrl_I1_O)
                                                      0.077   168.578 f  u_dual_family_audio_clock/u_bufgmux_audio_family/O
                         net (fo=342, routed)         1.299   169.877    clk_audio_128x
    OLOGIC_X0Y95         ODDR (Prop_oddr_C_Q)         0.363   170.240 r  u_demo_interp_dac8_audio_pcm_common/gen_dac_clock_oddr.u_dac_clock_oddr/Q
                         net (fo=1, routed)           0.001   170.241    dac_clk_OBUF
    G16                  OBUF (Prop_obuf_I_O)         2.745   172.986 r  dac_clk_OBUF_inst/O
                         net (fo=0)                   0.000   172.986    dac_clk
    G16                                                               r  dac_clk (OUT)
                         clock pessimism              0.451   173.437    
                         clock uncertainty           -1.431   172.006    
                         output delay                -2.500   169.506    
  -------------------------------------------------------------------
                         required time                        169.506    
                         arrival time                         -93.136    
  -------------------------------------------------------------------
                         slack                                 76.370    

Slack (MET) :             76.373ns  (required time - arrival time)
  Source:                 u_demo_interp_dac8_audio_pcm_common/dac_data_r_reg[5]/C
                            (falling edge-triggered cell FDRE clocked by u_dual_family_audio_clock/clk_48k_raw  {rise@0.000ns fall@81.379ns period=162.759ns})
  Destination:            dac_data[5]
                            (output port clocked by dac_clk_48k_128x  {rise@0.000ns fall@81.379ns period=162.759ns})
  Path Group:             dac_clk_48k_128x
  Path Type:              Max at Slow Process Corner
  Requirement:            81.379ns  (dac_clk_48k_128x rise@162.759ns - u_dual_family_audio_clock/clk_48k_raw fall@81.379ns)
  Data Path Delay:        4.156ns  (logic 4.155ns (99.976%)  route 0.001ns (0.024%))
  Logic Levels:           1  (OBUF=1)
  Output Delay:           2.500ns
  Clock Path Skew:        3.081ns (DCD - SCD + CPR)
    Destination Clock Delay (DCD):    10.227ns = ( 172.986 - 162.759 ) 
    Source Clock Delay      (SCD):    7.598ns = ( 88.977 - 81.379 ) 
    Clock Pessimism Removal (CPR):    0.451ns
  Clock Uncertainty:      1.431ns  ((TSJ^2 + DJ^2)^1/2) / 2 + PE
    Total System Jitter     (TSJ):    0.071ns
    Discrete Jitter          (DJ):    0.972ns
    Phase Error              (PE):    0.944ns

    Location             Delay type                Incr(ns)  Path(ns)    Netlist Resource(s)
  -------------------------------------------------------------------    -------------------
                         (clock u_dual_family_audio_clock/clk_48k_raw fall edge)
                                                     81.379    81.379 f  
    Y18                                               0.000    81.379 f  clk (IN)
                         net (fo=0)                   0.000    81.379    clk
    Y18                  IBUF (Prop_ibuf_I_O)         1.427    82.806 f  u_ibuf_sys_clk/O
                         net (fo=1, routed)           1.693    84.499    clk_ibuf
    BUFGCTRL_X0Y0        BUFG (Prop_bufg_I_O)         0.081    84.580 f  u_bufg_sys_clk/O
                         net (fo=58, routed)          1.374    85.954    clk_sys_bufg
    MMCME2_ADV_X0Y1      MMCME2_ADV (Prop_mmcme2_adv_CLKIN1_CLKOUT0)
                                                      0.077    86.031 f  u_dual_family_audio_clock/u_mmcm_48k/CLKOUT0
                         net (fo=1, routed)           1.425    87.456    u_dual_family_audio_clock/clk_48k_raw
    BUFGCTRL_X0Y16       BUFGCTRL (Prop_bufgctrl_I1_O)
                                                      0.081    87.537 f  u_dual_family_audio_clock/u_bufgmux_audio_family/O
                         net (fo=342, routed)         1.440    88.977    clk_audio_128x
    OLOGIC_X0Y92         FDRE                                         r  u_demo_interp_dac8_audio_pcm_common/dac_data_r_reg[5]/C  (IS_INVERTED)
  -------------------------------------------------------------------    -------------------
    OLOGIC_X0Y92         FDRE (Prop_fdre_C_Q)         0.418    89.395 r  u_demo_interp_dac8_audio_pcm_common/dac_data_r_reg[5]/Q
                         net (fo=1, routed)           0.001    89.396    dac_data_OBUF[5]
    G17                  OBUF (Prop_obuf_I_O)         3.737    93.133 r  dac_data_OBUF[5]_inst/O
                         net (fo=0)                   0.000    93.133    dac_data[5]
    G17                                                               r  dac_data[5] (OUT)
  -------------------------------------------------------------------    -------------------

                         (clock dac_clk_48k_128x rise edge)
                                                    162.759   162.759 f  
    Y18                                               0.000   162.759 f  clk (IN)
                         net (fo=0)                   0.000   162.759    clk
    Y18                  IBUF (Prop_ibuf_I_O)         1.361   164.119 f  u_ibuf_sys_clk/O
                         net (fo=1, routed)           1.604   165.724    clk_ibuf
    BUFGCTRL_X0Y0        BUFG (Prop_bufg_I_O)         0.077   165.801 f  u_bufg_sys_clk/O
                         net (fo=58, routed)          1.270   167.071    clk_sys_bufg
    MMCME2_ADV_X0Y1      MMCME2_ADV (Prop_mmcme2_adv_CLKIN1_CLKOUT0)
                                                      0.073   167.144 f  u_dual_family_audio_clock/u_mmcm_48k/CLKOUT0
                         net (fo=1, routed)           1.357   168.501    u_dual_family_audio_clock/clk_48k_raw
    BUFGCTRL_X0Y16       BUFGCTRL (Prop_bufgctrl_I1_O)
                                                      0.077   168.578 f  u_dual_family_audio_clock/u_bufgmux_audio_family/O
                         net (fo=342, routed)         1.299   169.877    clk_audio_128x
    OLOGIC_X0Y95         ODDR (Prop_oddr_C_Q)         0.363   170.240 r  u_demo_interp_dac8_audio_pcm_common/gen_dac_clock_oddr.u_dac_clock_oddr/Q
                         net (fo=1, routed)           0.001   170.241    dac_clk_OBUF
    G16                  OBUF (Prop_obuf_I_O)         2.745   172.986 r  dac_clk_OBUF_inst/O
                         net (fo=0)                   0.000   172.986    dac_clk
    G16                                                               r  dac_clk (OUT)
                         clock pessimism              0.451   173.437    
                         clock uncertainty           -1.431   172.006    
                         output delay                -2.500   169.506    
  -------------------------------------------------------------------
                         required time                        169.506    
                         arrival time                         -93.133    
  -------------------------------------------------------------------
                         slack                                 76.373    

Slack (MET) :             76.388ns  (required time - arrival time)
  Source:                 u_demo_interp_dac8_audio_pcm_common/dac_data_r_reg[0]/C
                            (falling edge-triggered cell FDRE clocked by u_dual_family_audio_clock/clk_48k_raw  {rise@0.000ns fall@81.379ns period=162.759ns})
  Destination:            dac_data[0]
                            (output port clocked by dac_clk_48k_128x  {rise@0.000ns fall@81.379ns period=162.759ns})
  Path Group:             dac_clk_48k_128x
  Path Type:              Max at Slow Process Corner
  Requirement:            81.379ns  (dac_clk_48k_128x rise@162.759ns - u_dual_family_audio_clock/clk_48k_raw fall@81.379ns)
  Data Path Delay:        4.155ns  (logic 4.154ns (99.976%)  route 0.001ns (0.024%))
  Logic Levels:           1  (OBUF=1)
  Output Delay:           2.500ns
  Clock Path Skew:        3.095ns (DCD - SCD + CPR)
    Destination Clock Delay (DCD):    10.227ns = ( 172.986 - 162.759 ) 
    Source Clock Delay      (SCD):    7.584ns = ( 88.963 - 81.379 ) 
    Clock Pessimism Removal (CPR):    0.451ns
  Clock Uncertainty:      1.431ns  ((TSJ^2 + DJ^2)^1/2) / 2 + PE
    Total System Jitter     (TSJ):    0.071ns
    Discrete Jitter          (DJ):    0.972ns
    Phase Error              (PE):    0.944ns

    Location             Delay type                Incr(ns)  Path(ns)    Netlist Resource(s)
  -------------------------------------------------------------------    -------------------
                         (clock u_dual_family_audio_clock/clk_48k_raw fall edge)
                                                     81.379    81.379 f  
    Y18                                               0.000    81.379 f  clk (IN)
                         net (fo=0)                   0.000    81.379    clk
    Y18                  IBUF (Prop_ibuf_I_O)         1.427    82.806 f  u_ibuf_sys_clk/O
                         net (fo=1, routed)           1.693    84.499    clk_ibuf
    BUFGCTRL_X0Y0        BUFG (Prop_bufg_I_O)         0.081    84.580 f  u_bufg_sys_clk/O
                         net (fo=58, routed)          1.374    85.954    clk_sys_bufg
    MMCME2_ADV_X0Y1      MMCME2_ADV (Prop_mmcme2_adv_CLKIN1_CLKOUT0)
                                                      0.077    86.031 f  u_dual_family_audio_clock/u_mmcm_48k/CLKOUT0
                         net (fo=1, routed)           1.425    87.456    u_dual_family_audio_clock/clk_48k_raw
    BUFGCTRL_X0Y16       BUFGCTRL (Prop_bufgctrl_I1_O)
                                                      0.081    87.537 f  u_dual_family_audio_clock/u_bufgmux_audio_family/O
                         net (fo=342, routed)         1.426    88.963    clk_audio_128x
    OLOGIC_X0Y75         FDRE                                         r  u_demo_interp_dac8_audio_pcm_common/dac_data_r_reg[0]/C  (IS_INVERTED)
  -------------------------------------------------------------------    -------------------
    OLOGIC_X0Y75         FDRE (Prop_fdre_C_Q)         0.418    89.381 r  u_demo_interp_dac8_audio_pcm_common/dac_data_r_reg[0]/Q
                         net (fo=1, routed)           0.001    89.382    dac_data_OBUF[0]
    H19                  OBUF (Prop_obuf_I_O)         3.736    93.118 r  dac_data_OBUF[0]_inst/O
                         net (fo=0)                   0.000    93.118    dac_data[0]
    H19                                                               r  dac_data[0] (OUT)
  -------------------------------------------------------------------    -------------------

                         (clock dac_clk_48k_128x rise edge)
                                                    162.759   162.759 f  
    Y18                                               0.000   162.759 f  clk (IN)
                         net (fo=0)                   0.000   162.759    clk
    Y18                  IBUF (Prop_ibuf_I_O)         1.361   164.119 f  u_ibuf_sys_clk/O
                         net (fo=1, routed)           1.604   165.724    clk_ibuf
    BUFGCTRL_X0Y0        BUFG (Prop_bufg_I_O)         0.077   165.801 f  u_bufg_sys_clk/O
                         net (fo=58, routed)          1.270   167.071    clk_sys_bufg
    MMCME2_ADV_X0Y1      MMCME2_ADV (Prop_mmcme2_adv_CLKIN1_CLKOUT0)
                                                      0.073   167.144 f  u_dual_family_audio_clock/u_mmcm_48k/CLKOUT0
                         net (fo=1, routed)           1.357   168.501    u_dual_family_audio_clock/clk_48k_raw
    BUFGCTRL_X0Y16       BUFGCTRL (Prop_bufgctrl_I1_O)
                                                      0.077   168.578 f  u_dual_family_audio_clock/u_bufgmux_audio_family/O
                         net (fo=342, routed)         1.299   169.877    clk_audio_128x
    OLOGIC_X0Y95         ODDR (Prop_oddr_C_Q)         0.363   170.240 r  u_demo_interp_dac8_audio_pcm_common/gen_dac_clock_oddr.u_dac_clock_oddr/Q
                         net (fo=1, routed)           0.001   170.241    dac_clk_OBUF
    G16                  OBUF (Prop_obuf_I_O)         2.745   172.986 r  dac_clk_OBUF_inst/O
                         net (fo=0)                   0.000   172.986    dac_clk
    G16                                                               r  dac_clk (OUT)
                         clock pessimism              0.451   173.437    
                         clock uncertainty           -1.431   172.006    
                         output delay                -2.500   169.506    
  -------------------------------------------------------------------
                         required time                        169.506    
                         arrival time                         -93.118    
  -------------------------------------------------------------------
                         slack                                 76.388    

Slack (MET) :             76.395ns  (required time - arrival time)
  Source:                 u_demo_interp_dac8_audio_pcm_common/dac_data_r_reg[2]/C
                            (falling edge-triggered cell FDRE clocked by u_dual_family_audio_clock/clk_48k_raw  {rise@0.000ns fall@81.379ns period=162.759ns})
  Destination:            dac_data[2]
                            (output port clocked by dac_clk_48k_128x  {rise@0.000ns fall@81.379ns period=162.759ns})
  Path Group:             dac_clk_48k_128x
  Path Type:              Max at Slow Process Corner
  Requirement:            81.379ns  (dac_clk_48k_128x rise@162.759ns - u_dual_family_audio_clock/clk_48k_raw fall@81.379ns)
  Data Path Delay:        4.136ns  (logic 4.135ns (99.976%)  route 0.001ns (0.024%))
  Logic Levels:           1  (OBUF=1)
  Output Delay:           2.500ns
  Clock Path Skew:        3.083ns (DCD - SCD + CPR)
    Destination Clock Delay (DCD):    10.227ns = ( 172.986 - 162.759 ) 
    Source Clock Delay      (SCD):    7.596ns = ( 88.975 - 81.379 ) 
    Clock Pessimism Removal (CPR):    0.451ns
  Clock Uncertainty:      1.431ns  ((TSJ^2 + DJ^2)^1/2) / 2 + PE
    Total System Jitter     (TSJ):    0.071ns
    Discrete Jitter          (DJ):    0.972ns
    Phase Error              (PE):    0.944ns

    Location             Delay type                Incr(ns)  Path(ns)    Netlist Resource(s)
  -------------------------------------------------------------------    -------------------
                         (clock u_dual_family_audio_clock/clk_48k_raw fall edge)
                                                     81.379    81.379 f  
    Y18                                               0.000    81.379 f  clk (IN)
                         net (fo=0)                   0.000    81.379    clk
    Y18                  IBUF (Prop_ibuf_I_O)         1.427    82.806 f  u_ibuf_sys_clk/O
                         net (fo=1, routed)           1.693    84.499    clk_ibuf
    BUFGCTRL_X0Y0        BUFG (Prop_bufg_I_O)         0.081    84.580 f  u_bufg_sys_clk/O
                         net (fo=58, routed)          1.374    85.954    clk_sys_bufg
    MMCME2_ADV_X0Y1      MMCME2_ADV (Prop_mmcme2_adv_CLKIN1_CLKOUT0)
                                                      0.077    86.031 f  u_dual_family_audio_clock/u_mmcm_48k/CLKOUT0
                         net (fo=1, routed)           1.425    87.456    u_dual_family_audio_clock/clk_48k_raw
    BUFGCTRL_X0Y16       BUFGCTRL (Prop_bufgctrl_I1_O)
                                                      0.081    87.537 f  u_dual_family_audio_clock/u_bufgmux_audio_family/O
                         net (fo=342, routed)         1.438    88.975    clk_audio_128x
    OLOGIC_X0Y87         FDRE                                         r  u_demo_interp_dac8_audio_pcm_common/dac_data_r_reg[2]/C  (IS_INVERTED)
  -------------------------------------------------------------------    -------------------
    OLOGIC_X0Y87         FDRE (Prop_fdre_C_Q)         0.418    89.393 r  u_demo_interp_dac8_audio_pcm_common/dac_data_r_reg[2]/Q
                         net (fo=1, routed)           0.001    89.394    dac_data_OBUF[2]
    H18                  OBUF (Prop_obuf_I_O)         3.717    93.111 r  dac_data_OBUF[2]_inst/O
                         net (fo=0)                   0.000    93.111    dac_data[2]
    H18                                                               r  dac_data[2] (OUT)
  -------------------------------------------------------------------    -------------------

                         (clock dac_clk_48k_128x rise edge)
                                                    162.759   162.759 f  
    Y18                                               0.000   162.759 f  clk (IN)
                         net (fo=0)                   0.000   162.759    clk
    Y18                  IBUF (Prop_ibuf_I_O)         1.361   164.119 f  u_ibuf_sys_clk/O
                         net (fo=1, routed)           1.604   165.724    clk_ibuf
    BUFGCTRL_X0Y0        BUFG (Prop_bufg_I_O)         0.077   165.801 f  u_bufg_sys_clk/O
                         net (fo=58, routed)          1.270   167.071    clk_sys_bufg
    MMCME2_ADV_X0Y1      MMCME2_ADV (Prop_mmcme2_adv_CLKIN1_CLKOUT0)
                                                      0.073   167.144 f  u_dual_family_audio_clock/u_mmcm_48k/CLKOUT0
                         net (fo=1, routed)           1.357   168.501    u_dual_family_audio_clock/clk_48k_raw
    BUFGCTRL_X0Y16       BUFGCTRL (Prop_bufgctrl_I1_O)
                                                      0.077   168.578 f  u_dual_family_audio_clock/u_bufgmux_audio_family/O
                         net (fo=342, routed)         1.299   169.877    clk_audio_128x
    OLOGIC_X0Y95         ODDR (Prop_oddr_C_Q)         0.363   170.240 r  u_demo_interp_dac8_audio_pcm_common/gen_dac_clock_oddr.u_dac_clock_oddr/Q
                         net (fo=1, routed)           0.001   170.241    dac_clk_OBUF
    G16                  OBUF (Prop_obuf_I_O)         2.745   172.986 r  dac_clk_OBUF_inst/O
                         net (fo=0)                   0.000   172.986    dac_clk
    G16                                                               r  dac_clk (OUT)
                         clock pessimism              0.451   173.437    
                         clock uncertainty           -1.431   172.006    
                         output delay                -2.500   169.506    
  -------------------------------------------------------------------
                         required time                        169.506    
                         arrival time                         -93.111    
  -------------------------------------------------------------------
                         slack                                 76.395    





Min Delay Paths
--------------------------------------------------------------------------------------
Slack (MET) :             78.117ns  (arrival time - required time)
  Source:                 u_demo_interp_dac8_audio_pcm_common/dac_data_r_reg[6]/C
                            (falling edge-triggered cell FDRE clocked by u_dual_family_audio_clock/clk_48k_raw  {rise@0.000ns fall@81.379ns period=162.759ns})
  Destination:            dac_data[6]
                            (output port clocked by dac_clk_48k_128x  {rise@0.000ns fall@81.379ns period=162.759ns})
  Path Group:             dac_clk_48k_128x
  Path Type:              Min at Fast Process Corner
  Requirement:            -81.379ns  (dac_clk_48k_128x rise@0.000ns - u_dual_family_audio_clock/clk_48k_raw fall@81.379ns)
  Data Path Delay:        2.135ns  (logic 2.134ns (99.953%)  route 0.001ns (0.047%))
  Logic Levels:           1  (OBUF=1)
  Output Delay:           -2.000ns
  Clock Path Skew:        1.967ns (DCD - SCD - CPR)
    Destination Clock Delay (DCD):    5.236ns
    Source Clock Delay      (SCD):    2.701ns = ( 84.081 - 81.379 ) 
    Clock Pessimism Removal (CPR):    0.568ns
  Clock Uncertainty:      1.431ns  ((TSJ^2 + DJ^2)^1/2) / 2 + PE
    Total System Jitter     (TSJ):    0.071ns
    Discrete Jitter          (DJ):    0.972ns
    Phase Error              (PE):    0.944ns

    Location             Delay type                Incr(ns)  Path(ns)    Netlist Resource(s)
  -------------------------------------------------------------------    -------------------
                         (clock u_dual_family_audio_clock/clk_48k_raw fall edge)
                                                     81.379    81.379 f  
    Y18                                               0.000    81.379 f  clk (IN)
                         net (fo=0)                   0.000    81.379    clk
    Y18                  IBUF (Prop_ibuf_I_O)         0.264    81.643 f  u_ibuf_sys_clk/O
                         net (fo=1, routed)           0.634    82.277    clk_ibuf
    BUFGCTRL_X0Y0        BUFG (Prop_bufg_I_O)         0.026    82.303 f  u_bufg_sys_clk/O
                         net (fo=58, routed)          0.547    82.850    clk_sys_bufg
    MMCME2_ADV_X0Y1      MMCME2_ADV (Prop_mmcme2_adv_CLKIN1_CLKOUT0)
                                                      0.050    82.900 f  u_dual_family_audio_clock/u_mmcm_48k/CLKOUT0
                         net (fo=1, routed)           0.489    83.389    u_dual_family_audio_clock/clk_48k_raw
    BUFGCTRL_X0Y16       BUFGCTRL (Prop_bufgctrl_I1_O)
                                                      0.026    83.415 f  u_dual_family_audio_clock/u_bufgmux_audio_family/O
                         net (fo=342, routed)         0.666    84.081    clk_audio_128x
    OLOGIC_X0Y145        FDRE                                         r  u_demo_interp_dac8_audio_pcm_common/dac_data_r_reg[6]/C  (IS_INVERTED)
  -------------------------------------------------------------------    -------------------
    OLOGIC_X0Y145        FDRE (Prop_fdre_C_Q)         0.177    84.258 r  u_demo_interp_dac8_audio_pcm_common/dac_data_r_reg[6]/Q
                         net (fo=1, routed)           0.001    84.259    dac_data_OBUF[6]
    E17                  OBUF (Prop_obuf_I_O)         1.957    86.216 r  dac_data_OBUF[6]_inst/O
                         net (fo=0)                   0.000    86.216    dac_data[6]
    E17                                                               r  dac_data[6] (OUT)
  -------------------------------------------------------------------    -------------------

                         (clock dac_clk_48k_128x rise edge)
                                                      0.000     0.000 f  
    Y18                                               0.000     0.000 f  clk (IN)
                         net (fo=0)                   0.000     0.000    clk
    Y18                  IBUF (Prop_ibuf_I_O)         0.452     0.452 f  u_ibuf_sys_clk/O
                         net (fo=1, routed)           0.689     1.140    clk_ibuf
    BUFGCTRL_X0Y0        BUFG (Prop_bufg_I_O)         0.029     1.169 f  u_bufg_sys_clk/O
                         net (fo=58, routed)          0.813     1.983    clk_sys_bufg
    MMCME2_ADV_X0Y1      MMCME2_ADV (Prop_mmcme2_adv_CLKIN1_CLKOUT0)
                                                      0.053     2.036 f  u_dual_family_audio_clock/u_mmcm_48k/CLKOUT0
                         net (fo=1, routed)           0.534     2.569    u_dual_family_audio_clock/clk_48k_raw
    BUFGCTRL_X0Y16       BUFGCTRL (Prop_bufgctrl_I1_O)
                                                      0.029     2.598 f  u_dual_family_audio_clock/u_bufgmux_audio_family/O
                         net (fo=342, routed)         0.855     3.454    clk_audio_128x
    OLOGIC_X0Y95         ODDR (Prop_oddr_C_Q)         0.204     3.658 r  u_demo_interp_dac8_audio_pcm_common/gen_dac_clock_oddr.u_dac_clock_oddr/Q
                         net (fo=1, routed)           0.001     3.659    dac_clk_OBUF
    G16                  OBUF (Prop_obuf_I_O)         1.577     5.236 r  dac_clk_OBUF_inst/O
                         net (fo=0)                   0.000     5.236    dac_clk
    G16                                                               r  dac_clk (OUT)
                         clock pessimism             -0.568     4.668    
                         clock uncertainty            1.431     6.099    
                         output delay                 2.000     8.099    
  -------------------------------------------------------------------
                         required time                         -8.099    
                         arrival time                          86.216    
  -------------------------------------------------------------------
                         slack                                 78.117    

Slack (MET) :             78.142ns  (arrival time - required time)
  Source:                 u_demo_interp_dac8_audio_pcm_common/dac_data_r_reg[1]/C
                            (falling edge-triggered cell FDRE clocked by u_dual_family_audio_clock/clk_48k_raw  {rise@0.000ns fall@81.379ns period=162.759ns})
  Destination:            dac_data[1]
                            (output port clocked by dac_clk_48k_128x  {rise@0.000ns fall@81.379ns period=162.759ns})
  Path Group:             dac_clk_48k_128x
  Path Type:              Min at Fast Process Corner
  Requirement:            -81.379ns  (dac_clk_48k_128x rise@0.000ns - u_dual_family_audio_clock/clk_48k_raw fall@81.379ns)
  Data Path Delay:        2.168ns  (logic 2.167ns (99.954%)  route 0.001ns (0.046%))
  Logic Levels:           1  (OBUF=1)
  Output Delay:           -2.000ns
  Clock Path Skew:        1.974ns (DCD - SCD - CPR)
    Destination Clock Delay (DCD):    5.236ns
    Source Clock Delay      (SCD):    2.694ns = ( 84.074 - 81.379 ) 
    Clock Pessimism Removal (CPR):    0.568ns
  Clock Uncertainty:      1.431ns  ((TSJ^2 + DJ^2)^1/2) / 2 + PE
    Total System Jitter     (TSJ):    0.071ns
    Discrete Jitter          (DJ):    0.972ns
    Phase Error              (PE):    0.944ns

    Location             Delay type                Incr(ns)  Path(ns)    Netlist Resource(s)
  -------------------------------------------------------------------    -------------------
                         (clock u_dual_family_audio_clock/clk_48k_raw fall edge)
                                                     81.379    81.379 f  
    Y18                                               0.000    81.379 f  clk (IN)
                         net (fo=0)                   0.000    81.379    clk
    Y18                  IBUF (Prop_ibuf_I_O)         0.264    81.643 f  u_ibuf_sys_clk/O
                         net (fo=1, routed)           0.634    82.277    clk_ibuf
    BUFGCTRL_X0Y0        BUFG (Prop_bufg_I_O)         0.026    82.303 f  u_bufg_sys_clk/O
                         net (fo=58, routed)          0.547    82.850    clk_sys_bufg
    MMCME2_ADV_X0Y1      MMCME2_ADV (Prop_mmcme2_adv_CLKIN1_CLKOUT0)
                                                      0.050    82.900 f  u_dual_family_audio_clock/u_mmcm_48k/CLKOUT0
                         net (fo=1, routed)           0.489    83.389    u_dual_family_audio_clock/clk_48k_raw
    BUFGCTRL_X0Y16       BUFGCTRL (Prop_bufgctrl_I1_O)
                                                      0.026    83.415 f  u_dual_family_audio_clock/u_bufgmux_audio_family/O
                         net (fo=342, routed)         0.659    84.074    clk_audio_128x
    OLOGIC_X0Y122        FDRE                                         r  u_demo_interp_dac8_audio_pcm_common/dac_data_r_reg[1]/C  (IS_INVERTED)
  -------------------------------------------------------------------    -------------------
    OLOGIC_X0Y122        FDRE (Prop_fdre_C_Q)         0.177    84.251 r  u_demo_interp_dac8_audio_pcm_common/dac_data_r_reg[1]/Q
                         net (fo=1, routed)           0.001    84.252    dac_data_OBUF[1]
    E19                  OBUF (Prop_obuf_I_O)         1.990    86.242 r  dac_data_OBUF[1]_inst/O
                         net (fo=0)                   0.000    86.242    dac_data[1]
    E19                                                               r  dac_data[1] (OUT)
  -------------------------------------------------------------------    -------------------

                         (clock dac_clk_48k_128x rise edge)
                                                      0.000     0.000 f  
    Y18                                               0.000     0.000 f  clk (IN)
                         net (fo=0)                   0.000     0.000    clk
    Y18                  IBUF (Prop_ibuf_I_O)         0.452     0.452 f  u_ibuf_sys_clk/O
                         net (fo=1, routed)           0.689     1.140    clk_ibuf
    BUFGCTRL_X0Y0        BUFG (Prop_bufg_I_O)         0.029     1.169 f  u_bufg_sys_clk/O
                         net (fo=58, routed)          0.813     1.983    clk_sys_bufg
    MMCME2_ADV_X0Y1      MMCME2_ADV (Prop_mmcme2_adv_CLKIN1_CLKOUT0)
                                                      0.053     2.036 f  u_dual_family_audio_clock/u_mmcm_48k/CLKOUT0
                         net (fo=1, routed)           0.534     2.569    u_dual_family_audio_clock/clk_48k_raw
    BUFGCTRL_X0Y16       BUFGCTRL (Prop_bufgctrl_I1_O)
                                                      0.029     2.598 f  u_dual_family_audio_clock/u_bufgmux_audio_family/O
                         net (fo=342, routed)         0.855     3.454    clk_audio_128x
    OLOGIC_X0Y95         ODDR (Prop_oddr_C_Q)         0.204     3.658 r  u_demo_interp_dac8_audio_pcm_common/gen_dac_clock_oddr.u_dac_clock_oddr/Q
                         net (fo=1, routed)           0.001     3.659    dac_clk_OBUF
    G16                  OBUF (Prop_obuf_I_O)         1.577     5.236 r  dac_clk_OBUF_inst/O
                         net (fo=0)                   0.000     5.236    dac_clk
    G16                                                               r  dac_clk (OUT)
                         clock pessimism             -0.568     4.668    
                         clock uncertainty            1.431     6.099    
                         output delay                 2.000     8.099    
  -------------------------------------------------------------------
                         required time                         -8.099    
                         arrival time                          86.242    
  -------------------------------------------------------------------
                         slack                                 78.142    

Slack (MET) :             78.143ns  (arrival time - required time)
  Source:                 u_demo_interp_dac8_audio_pcm_common/dac_data_r_reg[7]/C
                            (falling edge-triggered cell FDSE clocked by u_dual_family_audio_clock/clk_48k_raw  {rise@0.000ns fall@81.379ns period=162.759ns})
  Destination:            dac_data[7]
                            (output port clocked by dac_clk_48k_128x  {rise@0.000ns fall@81.379ns period=162.759ns})
  Path Group:             dac_clk_48k_128x
  Path Type:              Min at Fast Process Corner
  Requirement:            -81.379ns  (dac_clk_48k_128x rise@0.000ns - u_dual_family_audio_clock/clk_48k_raw fall@81.379ns)
  Data Path Delay:        2.169ns  (logic 2.168ns (99.954%)  route 0.001ns (0.046%))
  Logic Levels:           1  (OBUF=1)
  Output Delay:           -2.000ns
  Clock Path Skew:        1.975ns (DCD - SCD - CPR)
    Destination Clock Delay (DCD):    5.236ns
    Source Clock Delay      (SCD):    2.693ns = ( 84.073 - 81.379 ) 
    Clock Pessimism Removal (CPR):    0.568ns
  Clock Uncertainty:      1.431ns  ((TSJ^2 + DJ^2)^1/2) / 2 + PE
    Total System Jitter     (TSJ):    0.071ns
    Discrete Jitter          (DJ):    0.972ns
    Phase Error              (PE):    0.944ns

    Location             Delay type                Incr(ns)  Path(ns)    Netlist Resource(s)
  -------------------------------------------------------------------    -------------------
                         (clock u_dual_family_audio_clock/clk_48k_raw fall edge)
                                                     81.379    81.379 f  
    Y18                                               0.000    81.379 f  clk (IN)
                         net (fo=0)                   0.000    81.379    clk
    Y18                  IBUF (Prop_ibuf_I_O)         0.264    81.643 f  u_ibuf_sys_clk/O
                         net (fo=1, routed)           0.634    82.277    clk_ibuf
    BUFGCTRL_X0Y0        BUFG (Prop_bufg_I_O)         0.026    82.303 f  u_bufg_sys_clk/O
                         net (fo=58, routed)          0.547    82.850    clk_sys_bufg
    MMCME2_ADV_X0Y1      MMCME2_ADV (Prop_mmcme2_adv_CLKIN1_CLKOUT0)
                                                      0.050    82.900 f  u_dual_family_audio_clock/u_mmcm_48k/CLKOUT0
                         net (fo=1, routed)           0.489    83.389    u_dual_family_audio_clock/clk_48k_raw
    BUFGCTRL_X0Y16       BUFGCTRL (Prop_bufgctrl_I1_O)
                                                      0.026    83.415 f  u_dual_family_audio_clock/u_bufgmux_audio_family/O
                         net (fo=342, routed)         0.658    84.073    clk_audio_128x
    OLOGIC_X0Y125        FDSE                                         r  u_demo_interp_dac8_audio_pcm_common/dac_data_r_reg[7]/C  (IS_INVERTED)
  -------------------------------------------------------------------    -------------------
    OLOGIC_X0Y125        FDSE (Prop_fdse_C_Q)         0.177    84.250 r  u_demo_interp_dac8_audio_pcm_common/dac_data_r_reg[7]/Q
                         net (fo=1, routed)           0.001    84.251    dac_data_OBUF[7]
    C17                  OBUF (Prop_obuf_I_O)         1.991    86.242 r  dac_data_OBUF[7]_inst/O
                         net (fo=0)                   0.000    86.242    dac_data[7]
    C17                                                               r  dac_data[7] (OUT)
  -------------------------------------------------------------------    -------------------

                         (clock dac_clk_48k_128x rise edge)
                                                      0.000     0.000 f  
    Y18                                               0.000     0.000 f  clk (IN)
                         net (fo=0)                   0.000     0.000    clk
    Y18                  IBUF (Prop_ibuf_I_O)         0.452     0.452 f  u_ibuf_sys_clk/O
                         net (fo=1, routed)           0.689     1.140    clk_ibuf
    BUFGCTRL_X0Y0        BUFG (Prop_bufg_I_O)         0.029     1.169 f  u_bufg_sys_clk/O
                         net (fo=58, routed)          0.813     1.983    clk_sys_bufg
    MMCME2_ADV_X0Y1      MMCME2_ADV (Prop_mmcme2_adv_CLKIN1_CLKOUT0)
                                                      0.053     2.036 f  u_dual_family_audio_clock/u_mmcm_48k/CLKOUT0
                         net (fo=1, routed)           0.534     2.569    u_dual_family_audio_clock/clk_48k_raw
    BUFGCTRL_X0Y16       BUFGCTRL (Prop_bufgctrl_I1_O)
                                                      0.029     2.598 f  u_dual_family_audio_clock/u_bufgmux_audio_family/O
                         net (fo=342, routed)         0.855     3.454    clk_audio_128x
    OLOGIC_X0Y95         ODDR (Prop_oddr_C_Q)         0.204     3.658 r  u_demo_interp_dac8_audio_pcm_common/gen_dac_clock_oddr.u_dac_clock_oddr/Q
                         net (fo=1, routed)           0.001     3.659    dac_clk_OBUF
    G16                  OBUF (Prop_obuf_I_O)         1.577     5.236 r  dac_clk_OBUF_inst/O
                         net (fo=0)                   0.000     5.236    dac_clk
    G16                                                               r  dac_clk (OUT)
                         clock pessimism             -0.568     4.668    
                         clock uncertainty            1.431     6.099    
                         output delay                 2.000     8.099    
  -------------------------------------------------------------------
                         required time                         -8.099    
                         arrival time                          86.242    
  -------------------------------------------------------------------
                         slack                                 78.143    

Slack (MET) :             78.146ns  (arrival time - required time)
  Source:                 u_demo_interp_dac8_audio_pcm_common/dac_data_r_reg[4]/C
                            (falling edge-triggered cell FDRE clocked by u_dual_family_audio_clock/clk_48k_raw  {rise@0.000ns fall@81.379ns period=162.759ns})
  Destination:            dac_data[4]
                            (output port clocked by dac_clk_48k_128x  {rise@0.000ns fall@81.379ns period=162.759ns})
  Path Group:             dac_clk_48k_128x
  Path Type:              Min at Fast Process Corner
  Requirement:            -81.379ns  (dac_clk_48k_128x rise@0.000ns - u_dual_family_audio_clock/clk_48k_raw fall@81.379ns)
  Data Path Delay:        2.170ns  (logic 2.169ns (99.954%)  route 0.001ns (0.046%))
  Logic Levels:           1  (OBUF=1)
  Output Delay:           -2.000ns
  Clock Path Skew:        1.973ns (DCD - SCD - CPR)
    Destination Clock Delay (DCD):    5.236ns
    Source Clock Delay      (SCD):    2.695ns = ( 84.075 - 81.379 ) 
    Clock Pessimism Removal (CPR):    0.568ns
  Clock Uncertainty:      1.431ns  ((TSJ^2 + DJ^2)^1/2) / 2 + PE
    Total System Jitter     (TSJ):    0.071ns
    Discrete Jitter          (DJ):    0.972ns
    Phase Error              (PE):    0.944ns

    Location             Delay type                Incr(ns)  Path(ns)    Netlist Resource(s)
  -------------------------------------------------------------------    -------------------
                         (clock u_dual_family_audio_clock/clk_48k_raw fall edge)
                                                     81.379    81.379 f  
    Y18                                               0.000    81.379 f  clk (IN)
                         net (fo=0)                   0.000    81.379    clk
    Y18                  IBUF (Prop_ibuf_I_O)         0.264    81.643 f  u_ibuf_sys_clk/O
                         net (fo=1, routed)           0.634    82.277    clk_ibuf
    BUFGCTRL_X0Y0        BUFG (Prop_bufg_I_O)         0.026    82.303 f  u_bufg_sys_clk/O
                         net (fo=58, routed)          0.547    82.850    clk_sys_bufg
    MMCME2_ADV_X0Y1      MMCME2_ADV (Prop_mmcme2_adv_CLKIN1_CLKOUT0)
                                                      0.050    82.900 f  u_dual_family_audio_clock/u_mmcm_48k/CLKOUT0
                         net (fo=1, routed)           0.489    83.389    u_dual_family_audio_clock/clk_48k_raw
    BUFGCTRL_X0Y16       BUFGCTRL (Prop_bufgctrl_I1_O)
                                                      0.026    83.415 f  u_dual_family_audio_clock/u_bufgmux_audio_family/O
                         net (fo=342, routed)         0.660    84.075    clk_audio_128x
    OLOGIC_X0Y120        FDRE                                         r  u_demo_interp_dac8_audio_pcm_common/dac_data_r_reg[4]/C  (IS_INVERTED)
  -------------------------------------------------------------------    -------------------
    OLOGIC_X0Y120        FDRE (Prop_fdre_C_Q)         0.177    84.252 r  u_demo_interp_dac8_audio_pcm_common/dac_data_r_reg[4]/Q
                         net (fo=1, routed)           0.001    84.253    dac_data_OBUF[4]
    F18                  OBUF (Prop_obuf_I_O)         1.992    86.245 r  dac_data_OBUF[4]_inst/O
                         net (fo=0)                   0.000    86.245    dac_data[4]
    F18                                                               r  dac_data[4] (OUT)
  -------------------------------------------------------------------    -------------------

                         (clock dac_clk_48k_128x rise edge)
                                                      0.000     0.000 f  
    Y18                                               0.000     0.000 f  clk (IN)
                         net (fo=0)                   0.000     0.000    clk
    Y18                  IBUF (Prop_ibuf_I_O)         0.452     0.452 f  u_ibuf_sys_clk/O
                         net (fo=1, routed)           0.689     1.140    clk_ibuf
    BUFGCTRL_X0Y0        BUFG (Prop_bufg_I_O)         0.029     1.169 f  u_bufg_sys_clk/O
                         net (fo=58, routed)          0.813     1.983    clk_sys_bufg
    MMCME2_ADV_X0Y1      MMCME2_ADV (Prop_mmcme2_adv_CLKIN1_CLKOUT0)
                                                      0.053     2.036 f  u_dual_family_audio_clock/u_mmcm_48k/CLKOUT0
                         net (fo=1, routed)           0.534     2.569    u_dual_family_audio_clock/clk_48k_raw
    BUFGCTRL_X0Y16       BUFGCTRL (Prop_bufgctrl_I1_O)
                                                      0.029     2.598 f  u_dual_family_audio_clock/u_bufgmux_audio_family/O
                         net (fo=342, routed)         0.855     3.454    clk_audio_128x
    OLOGIC_X0Y95         ODDR (Prop_oddr_C_Q)         0.204     3.658 r  u_demo_interp_dac8_audio_pcm_common/gen_dac_clock_oddr.u_dac_clock_oddr/Q
                         net (fo=1, routed)           0.001     3.659    dac_clk_OBUF
    G16                  OBUF (Prop_obuf_I_O)         1.577     5.236 r  dac_clk_OBUF_inst/O
                         net (fo=0)                   0.000     5.236    dac_clk
    G16                                                               r  dac_clk (OUT)
                         clock pessimism             -0.568     4.668    
                         clock uncertainty            1.431     6.099    
                         output delay                 2.000     8.099    
  -------------------------------------------------------------------
                         required time                         -8.099    
                         arrival time                          86.245    
  -------------------------------------------------------------------
                         slack                                 78.146    

Slack (MET) :             78.303ns  (arrival time - required time)
  Source:                 u_demo_interp_dac8_audio_pcm_common/dac_data_r_reg[2]/C
                            (falling edge-triggered cell FDRE clocked by u_dual_family_audio_clock/clk_48k_raw  {rise@0.000ns fall@81.379ns period=162.759ns})
  Destination:            dac_data[2]
                            (output port clocked by dac_clk_48k_128x  {rise@0.000ns fall@81.379ns period=162.759ns})
  Path Group:             dac_clk_48k_128x
  Path Type:              Min at Fast Process Corner
  Requirement:            -81.379ns  (dac_clk_48k_128x rise@0.000ns - u_dual_family_audio_clock/clk_48k_raw fall@81.379ns)
  Data Path Delay:        2.152ns  (logic 2.151ns (99.953%)  route 0.001ns (0.046%))
  Logic Levels:           1  (OBUF=1)
  Output Delay:           -2.000ns
  Clock Path Skew:        1.797ns (DCD - SCD - CPR)
    Destination Clock Delay (DCD):    5.236ns
    Source Clock Delay      (SCD):    2.618ns = ( 83.997 - 81.379 ) 
    Clock Pessimism Removal (CPR):    0.821ns
  Clock Uncertainty:      1.431ns  ((TSJ^2 + DJ^2)^1/2) / 2 + PE
    Total System Jitter     (TSJ):    0.071ns
    Discrete Jitter          (DJ):    0.972ns
    Phase Error              (PE):    0.944ns

    Location             Delay type                Incr(ns)  Path(ns)    Netlist Resource(s)
  -------------------------------------------------------------------    -------------------
                         (clock u_dual_family_audio_clock/clk_48k_raw fall edge)
                                                     81.379    81.379 f  
    Y18                                               0.000    81.379 f  clk (IN)
                         net (fo=0)                   0.000    81.379    clk
    Y18                  IBUF (Prop_ibuf_I_O)         0.264    81.643 f  u_ibuf_sys_clk/O
                         net (fo=1, routed)           0.634    82.277    clk_ibuf
    BUFGCTRL_X0Y0        BUFG (Prop_bufg_I_O)         0.026    82.303 f  u_bufg_sys_clk/O
                         net (fo=58, routed)          0.547    82.850    clk_sys_bufg
    MMCME2_ADV_X0Y1      MMCME2_ADV (Prop_mmcme2_adv_CLKIN1_CLKOUT0)
                                                      0.050    82.900 f  u_dual_family_audio_clock/u_mmcm_48k/CLKOUT0
                         net (fo=1, routed)           0.489    83.389    u_dual_family_audio_clock/clk_48k_raw
    BUFGCTRL_X0Y16       BUFGCTRL (Prop_bufgctrl_I1_O)
                                                      0.026    83.415 f  u_dual_family_audio_clock/u_bufgmux_audio_family/O
                         net (fo=342, routed)         0.583    83.997    clk_audio_128x
    OLOGIC_X0Y87         FDRE                                         r  u_demo_interp_dac8_audio_pcm_common/dac_data_r_reg[2]/C  (IS_INVERTED)
  -------------------------------------------------------------------    -------------------
    OLOGIC_X0Y87         FDRE (Prop_fdre_C_Q)         0.177    84.174 r  u_demo_interp_dac8_audio_pcm_common/dac_data_r_reg[2]/Q
                         net (fo=1, routed)           0.001    84.175    dac_data_OBUF[2]
    H18                  OBUF (Prop_obuf_I_O)         1.974    86.149 r  dac_data_OBUF[2]_inst/O
                         net (fo=0)                   0.000    86.149    dac_data[2]
    H18                                                               r  dac_data[2] (OUT)
  -------------------------------------------------------------------    -------------------

                         (clock dac_clk_48k_128x rise edge)
                                                      0.000     0.000 f  
    Y18                                               0.000     0.000 f  clk (IN)
                         net (fo=0)                   0.000     0.000    clk
    Y18                  IBUF (Prop_ibuf_I_O)         0.452     0.452 f  u_ibuf_sys_clk/O
                         net (fo=1, routed)           0.689     1.140    clk_ibuf
    BUFGCTRL_X0Y0        BUFG (Prop_bufg_I_O)         0.029     1.169 f  u_bufg_sys_clk/O
                         net (fo=58, routed)          0.813     1.983    clk_sys_bufg
    MMCME2_ADV_X0Y1      MMCME2_ADV (Prop_mmcme2_adv_CLKIN1_CLKOUT0)
                                                      0.053     2.036 f  u_dual_family_audio_clock/u_mmcm_48k/CLKOUT0
                         net (fo=1, routed)           0.534     2.569    u_dual_family_audio_clock/clk_48k_raw
    BUFGCTRL_X0Y16       BUFGCTRL (Prop_bufgctrl_I1_O)
                                                      0.029     2.598 f  u_dual_family_audio_clock/u_bufgmux_audio_family/O
                         net (fo=342, routed)         0.855     3.454    clk_audio_128x
    OLOGIC_X0Y95         ODDR (Prop_oddr_C_Q)         0.204     3.658 r  u_demo_interp_dac8_audio_pcm_common/gen_dac_clock_oddr.u_dac_clock_oddr/Q
                         net (fo=1, routed)           0.001     3.659    dac_clk_OBUF
    G16                  OBUF (Prop_obuf_I_O)         1.577     5.236 r  dac_clk_OBUF_inst/O
                         net (fo=0)                   0.000     5.236    dac_clk
    G16                                                               r  dac_clk (OUT)
                         clock pessimism             -0.821     4.415    
                         clock uncertainty            1.431     5.846    
                         output delay                 2.000     7.846    
  -------------------------------------------------------------------
                         required time                         -7.846    
                         arrival time                          86.149    
  -------------------------------------------------------------------
                         slack                                 78.303    

Slack (MET) :             78.315ns  (arrival time - required time)
  Source:                 u_demo_interp_dac8_audio_pcm_common/dac_data_r_reg[0]/C
                            (falling edge-triggered cell FDRE clocked by u_dual_family_audio_clock/clk_48k_raw  {rise@0.000ns fall@81.379ns period=162.759ns})
  Destination:            dac_data[0]
                            (output port clocked by dac_clk_48k_128x  {rise@0.000ns fall@81.379ns period=162.759ns})
  Path Group:             dac_clk_48k_128x
  Path Type:              Min at Fast Process Corner
  Requirement:            -81.379ns  (dac_clk_48k_128x rise@0.000ns - u_dual_family_audio_clock/clk_48k_raw fall@81.379ns)
  Data Path Delay:        2.171ns  (logic 2.170ns (99.954%)  route 0.001ns (0.046%))
  Logic Levels:           1  (OBUF=1)
  Output Delay:           -2.000ns
  Clock Path Skew:        1.804ns (DCD - SCD - CPR)
    Destination Clock Delay (DCD):    5.236ns
    Source Clock Delay      (SCD):    2.611ns = ( 83.990 - 81.379 ) 
    Clock Pessimism Removal (CPR):    0.821ns
  Clock Uncertainty:      1.431ns  ((TSJ^2 + DJ^2)^1/2) / 2 + PE
    Total System Jitter     (TSJ):    0.071ns
    Discrete Jitter          (DJ):    0.972ns
    Phase Error              (PE):    0.944ns

    Location             Delay type                Incr(ns)  Path(ns)    Netlist Resource(s)
  -------------------------------------------------------------------    -------------------
                         (clock u_dual_family_audio_clock/clk_48k_raw fall edge)
                                                     81.379    81.379 f  
    Y18                                               0.000    81.379 f  clk (IN)
                         net (fo=0)                   0.000    81.379    clk
    Y18                  IBUF (Prop_ibuf_I_O)         0.264    81.643 f  u_ibuf_sys_clk/O
                         net (fo=1, routed)           0.634    82.277    clk_ibuf
    BUFGCTRL_X0Y0        BUFG (Prop_bufg_I_O)         0.026    82.303 f  u_bufg_sys_clk/O
                         net (fo=58, routed)          0.547    82.850    clk_sys_bufg
    MMCME2_ADV_X0Y1      MMCME2_ADV (Prop_mmcme2_adv_CLKIN1_CLKOUT0)
                                                      0.050    82.900 f  u_dual_family_audio_clock/u_mmcm_48k/CLKOUT0
                         net (fo=1, routed)           0.489    83.389    u_dual_family_audio_clock/clk_48k_raw
    BUFGCTRL_X0Y16       BUFGCTRL (Prop_bufgctrl_I1_O)
                                                      0.026    83.415 f  u_dual_family_audio_clock/u_bufgmux_audio_family/O
                         net (fo=342, routed)         0.576    83.990    clk_audio_128x
    OLOGIC_X0Y75         FDRE                                         r  u_demo_interp_dac8_audio_pcm_common/dac_data_r_reg[0]/C  (IS_INVERTED)
  -------------------------------------------------------------------    -------------------
    OLOGIC_X0Y75         FDRE (Prop_fdre_C_Q)         0.177    84.167 r  u_demo_interp_dac8_audio_pcm_common/dac_data_r_reg[0]/Q
                         net (fo=1, routed)           0.001    84.168    dac_data_OBUF[0]
    H19                  OBUF (Prop_obuf_I_O)         1.993    86.161 r  dac_data_OBUF[0]_inst/O
                         net (fo=0)                   0.000    86.161    dac_data[0]
    H19                                                               r  dac_data[0] (OUT)
  -------------------------------------------------------------------    -------------------

                         (clock dac_clk_48k_128x rise edge)
                                                      0.000     0.000 f  
    Y18                                               0.000     0.000 f  clk (IN)
                         net (fo=0)                   0.000     0.000    clk
    Y18                  IBUF (Prop_ibuf_I_O)         0.452     0.452 f  u_ibuf_sys_clk/O
                         net (fo=1, routed)           0.689     1.140    clk_ibuf
    BUFGCTRL_X0Y0        BUFG (Prop_bufg_I_O)         0.029     1.169 f  u_bufg_sys_clk/O
                         net (fo=58, routed)          0.813     1.983    clk_sys_bufg
    MMCME2_ADV_X0Y1      MMCME2_ADV (Prop_mmcme2_adv_CLKIN1_CLKOUT0)
                                                      0.053     2.036 f  u_dual_family_audio_clock/u_mmcm_48k/CLKOUT0
                         net (fo=1, routed)           0.534     2.569    u_dual_family_audio_clock/clk_48k_raw
    BUFGCTRL_X0Y16       BUFGCTRL (Prop_bufgctrl_I1_O)
                                                      0.029     2.598 f  u_dual_family_audio_clock/u_bufgmux_audio_family/O
                         net (fo=342, routed)         0.855     3.454    clk_audio_128x
    OLOGIC_X0Y95         ODDR (Prop_oddr_C_Q)         0.204     3.658 r  u_demo_interp_dac8_audio_pcm_common/gen_dac_clock_oddr.u_dac_clock_oddr/Q
                         net (fo=1, routed)           0.001     3.659    dac_clk_OBUF
    G16                  OBUF (Prop_obuf_I_O)         1.577     5.236 r  dac_clk_OBUF_inst/O
                         net (fo=0)                   0.000     5.236    dac_clk
    G16                                                               r  dac_clk (OUT)
                         clock pessimism             -0.821     4.415    
                         clock uncertainty            1.431     5.846    
                         output delay                 2.000     7.846    
  -------------------------------------------------------------------
                         required time                         -7.846    
                         arrival time                          86.161    
  -------------------------------------------------------------------
                         slack                                 78.315    

Slack (MET) :             78.323ns  (arrival time - required time)
  Source:                 u_demo_interp_dac8_audio_pcm_common/dac_data_r_reg[5]/C
                            (falling edge-triggered cell FDRE clocked by u_dual_family_audio_clock/clk_48k_raw  {rise@0.000ns fall@81.379ns period=162.759ns})
  Destination:            dac_data[5]
                            (output port clocked by dac_clk_48k_128x  {rise@0.000ns fall@81.379ns period=162.759ns})
  Path Group:             dac_clk_48k_128x
  Path Type:              Min at Fast Process Corner
  Requirement:            -81.379ns  (dac_clk_48k_128x rise@0.000ns - u_dual_family_audio_clock/clk_48k_raw fall@81.379ns)
  Data Path Delay:        2.172ns  (logic 2.171ns (99.954%)  route 0.001ns (0.046%))
  Logic Levels:           1  (OBUF=1)
  Output Delay:           -2.000ns
  Clock Path Skew:        1.797ns (DCD - SCD - CPR)
    Destination Clock Delay (DCD):    5.236ns
    Source Clock Delay      (SCD):    2.618ns = ( 83.997 - 81.379 ) 
    Clock Pessimism Removal (CPR):    0.821ns
  Clock Uncertainty:      1.431ns  ((TSJ^2 + DJ^2)^1/2) / 2 + PE
    Total System Jitter     (TSJ):    0.071ns
    Discrete Jitter          (DJ):    0.972ns
    Phase Error              (PE):    0.944ns

    Location             Delay type                Incr(ns)  Path(ns)    Netlist Resource(s)
  -------------------------------------------------------------------    -------------------
                         (clock u_dual_family_audio_clock/clk_48k_raw fall edge)
                                                     81.379    81.379 f  
    Y18                                               0.000    81.379 f  clk (IN)
                         net (fo=0)                   0.000    81.379    clk
    Y18                  IBUF (Prop_ibuf_I_O)         0.264    81.643 f  u_ibuf_sys_clk/O
                         net (fo=1, routed)           0.634    82.277    clk_ibuf
    BUFGCTRL_X0Y0        BUFG (Prop_bufg_I_O)         0.026    82.303 f  u_bufg_sys_clk/O
                         net (fo=58, routed)          0.547    82.850    clk_sys_bufg
    MMCME2_ADV_X0Y1      MMCME2_ADV (Prop_mmcme2_adv_CLKIN1_CLKOUT0)
                                                      0.050    82.900 f  u_dual_family_audio_clock/u_mmcm_48k/CLKOUT0
                         net (fo=1, routed)           0.489    83.389    u_dual_family_audio_clock/clk_48k_raw
    BUFGCTRL_X0Y16       BUFGCTRL (Prop_bufgctrl_I1_O)
                                                      0.026    83.415 f  u_dual_family_audio_clock/u_bufgmux_audio_family/O
                         net (fo=342, routed)         0.583    83.997    clk_audio_128x
    OLOGIC_X0Y92         FDRE                                         r  u_demo_interp_dac8_audio_pcm_common/dac_data_r_reg[5]/C  (IS_INVERTED)
  -------------------------------------------------------------------    -------------------
    OLOGIC_X0Y92         FDRE (Prop_fdre_C_Q)         0.177    84.174 r  u_demo_interp_dac8_audio_pcm_common/dac_data_r_reg[5]/Q
                         net (fo=1, routed)           0.001    84.175    dac_data_OBUF[5]
    G17                  OBUF (Prop_obuf_I_O)         1.994    86.169 r  dac_data_OBUF[5]_inst/O
                         net (fo=0)                   0.000    86.169    dac_data[5]
    G17                                                               r  dac_data[5] (OUT)
  -------------------------------------------------------------------    -------------------

                         (clock dac_clk_48k_128x rise edge)
                                                      0.000     0.000 f  
    Y18                                               0.000     0.000 f  clk (IN)
                         net (fo=0)                   0.000     0.000    clk
    Y18                  IBUF (Prop_ibuf_I_O)         0.452     0.452 f  u_ibuf_sys_clk/O
                         net (fo=1, routed)           0.689     1.140    clk_ibuf
    BUFGCTRL_X0Y0        BUFG (Prop_bufg_I_O)         0.029     1.169 f  u_bufg_sys_clk/O
                         net (fo=58, routed)          0.813     1.983    clk_sys_bufg
    MMCME2_ADV_X0Y1      MMCME2_ADV (Prop_mmcme2_adv_CLKIN1_CLKOUT0)
                                                      0.053     2.036 f  u_dual_family_audio_clock/u_mmcm_48k/CLKOUT0
                         net (fo=1, routed)           0.534     2.569    u_dual_family_audio_clock/clk_48k_raw
    BUFGCTRL_X0Y16       BUFGCTRL (Prop_bufgctrl_I1_O)
                                                      0.029     2.598 f  u_dual_family_audio_clock/u_bufgmux_audio_family/O
                         net (fo=342, routed)         0.855     3.454    clk_audio_128x
    OLOGIC_X0Y95         ODDR (Prop_oddr_C_Q)         0.204     3.658 r  u_demo_interp_dac8_audio_pcm_common/gen_dac_clock_oddr.u_dac_clock_oddr/Q
                         net (fo=1, routed)           0.001     3.659    dac_clk_OBUF
    G16                  OBUF (Prop_obuf_I_O)         1.577     5.236 r  dac_clk_OBUF_inst/O
                         net (fo=0)                   0.000     5.236    dac_clk
    G16                                                               r  dac_clk (OUT)
                         clock pessimism             -0.821     4.415    
                         clock uncertainty            1.431     5.846    
                         output delay                 2.000     7.846    
  -------------------------------------------------------------------
                         required time                         -7.846    
                         arrival time                          86.169    
  -------------------------------------------------------------------
                         slack                                 78.323    

Slack (MET) :             78.326ns  (arrival time - required time)
  Source:                 u_demo_interp_dac8_audio_pcm_common/dac_data_r_reg[3]/C
                            (falling edge-triggered cell FDRE clocked by u_dual_family_audio_clock/clk_48k_raw  {rise@0.000ns fall@81.379ns period=162.759ns})
  Destination:            dac_data[3]
                            (output port clocked by dac_clk_48k_128x  {rise@0.000ns fall@81.379ns period=162.759ns})
  Path Group:             dac_clk_48k_128x
  Path Type:              Min at Fast Process Corner
  Requirement:            -81.379ns  (dac_clk_48k_128x rise@0.000ns - u_dual_family_audio_clock/clk_48k_raw fall@81.379ns)
  Data Path Delay:        2.175ns  (logic 2.174ns (99.954%)  route 0.001ns (0.046%))
  Logic Levels:           1  (OBUF=1)
  Output Delay:           -2.000ns
  Clock Path Skew:        1.797ns (DCD - SCD - CPR)
    Destination Clock Delay (DCD):    5.236ns
    Source Clock Delay      (SCD):    2.618ns = ( 83.997 - 81.379 ) 
    Clock Pessimism Removal (CPR):    0.821ns
  Clock Uncertainty:      1.431ns  ((TSJ^2 + DJ^2)^1/2) / 2 + PE
    Total System Jitter     (TSJ):    0.071ns
    Discrete Jitter          (DJ):    0.972ns
    Phase Error              (PE):    0.944ns

    Location             Delay type                Incr(ns)  Path(ns)    Netlist Resource(s)
  -------------------------------------------------------------------    -------------------
                         (clock u_dual_family_audio_clock/clk_48k_raw fall edge)
                                                     81.379    81.379 f  
    Y18                                               0.000    81.379 f  clk (IN)
                         net (fo=0)                   0.000    81.379    clk
    Y18                  IBUF (Prop_ibuf_I_O)         0.264    81.643 f  u_ibuf_sys_clk/O
                         net (fo=1, routed)           0.634    82.277    clk_ibuf
    BUFGCTRL_X0Y0        BUFG (Prop_bufg_I_O)         0.026    82.303 f  u_bufg_sys_clk/O
                         net (fo=58, routed)          0.547    82.850    clk_sys_bufg
    MMCME2_ADV_X0Y1      MMCME2_ADV (Prop_mmcme2_adv_CLKIN1_CLKOUT0)
                                                      0.050    82.900 f  u_dual_family_audio_clock/u_mmcm_48k/CLKOUT0
                         net (fo=1, routed)           0.489    83.389    u_dual_family_audio_clock/clk_48k_raw
    BUFGCTRL_X0Y16       BUFGCTRL (Prop_bufgctrl_I1_O)
                                                      0.026    83.415 f  u_dual_family_audio_clock/u_bufgmux_audio_family/O
                         net (fo=342, routed)         0.583    83.997    clk_audio_128x
    OLOGIC_X0Y91         FDRE                                         r  u_demo_interp_dac8_audio_pcm_common/dac_data_r_reg[3]/C  (IS_INVERTED)
  -------------------------------------------------------------------    -------------------
    OLOGIC_X0Y91         FDRE (Prop_fdre_C_Q)         0.177    84.174 r  u_demo_interp_dac8_audio_pcm_common/dac_data_r_reg[3]/Q
                         net (fo=1, routed)           0.001    84.175    dac_data_OBUF[3]
    G18                  OBUF (Prop_obuf_I_O)         1.997    86.172 r  dac_data_OBUF[3]_inst/O
                         net (fo=0)                   0.000    86.172    dac_data[3]
    G18                                                               r  dac_data[3] (OUT)
  -------------------------------------------------------------------    -------------------

                         (clock dac_clk_48k_128x rise edge)
                                                      0.000     0.000 f  
    Y18                                               0.000     0.000 f  clk (IN)
                         net (fo=0)                   0.000     0.000    clk
    Y18                  IBUF (Prop_ibuf_I_O)         0.452     0.452 f  u_ibuf_sys_clk/O
                         net (fo=1, routed)           0.689     1.140    clk_ibuf
    BUFGCTRL_X0Y0        BUFG (Prop_bufg_I_O)         0.029     1.169 f  u_bufg_sys_clk/O
                         net (fo=58, routed)          0.813     1.983    clk_sys_bufg
    MMCME2_ADV_X0Y1      MMCME2_ADV (Prop_mmcme2_adv_CLKIN1_CLKOUT0)
                                                      0.053     2.036 f  u_dual_family_audio_clock/u_mmcm_48k/CLKOUT0
                         net (fo=1, routed)           0.534     2.569    u_dual_family_audio_clock/clk_48k_raw
    BUFGCTRL_X0Y16       BUFGCTRL (Prop_bufgctrl_I1_O)
                                                      0.029     2.598 f  u_dual_family_audio_clock/u_bufgmux_audio_family/O
                         net (fo=342, routed)         0.855     3.454    clk_audio_128x
    OLOGIC_X0Y95         ODDR (Prop_oddr_C_Q)         0.204     3.658 r  u_demo_interp_dac8_audio_pcm_common/gen_dac_clock_oddr.u_dac_clock_oddr/Q
                         net (fo=1, routed)           0.001     3.659    dac_clk_OBUF
    G16                  OBUF (Prop_obuf_I_O)         1.577     5.236 r  dac_clk_OBUF_inst/O
                         net (fo=0)                   0.000     5.236    dac_clk
    G16                                                               r  dac_clk (OUT)
                         clock pessimism             -0.821     4.415    
                         clock uncertainty            1.431     5.846    
                         output delay                 2.000     7.846    
  -------------------------------------------------------------------
                         required time                         -7.846    
                         arrival time                          86.172    
  -------------------------------------------------------------------
                         slack                                 78.326    





