Copyright 1986-2018 Xilinx, Inc. All Rights Reserved.
-----------------------------------------------------------------------------------------------------------------------------------------------------------------------------------------------------------------------------
| Tool Version : Vivado v.2018.3 (win64) Build 2405991 Thu Dec  6 23:38:27 MST 2018
| Date         : Sun Aug  2 02:19:30 2026
| Host         : LAPTOP-476JT8H0 running 64-bit major release  (build 9200)
| Command      : report_timing_summary -delay_type min_max -max_paths 20 -file D:/FpgaProject/XilinxProject/XC7A35T/fir_interpolation/matlab_fir/national_finals/p1_two24/results/p1c_baseline_ooc/timing_summary_routed.rpt
| Design       : cic_interp16_n3_hold2_dsp_ce
| Device       : 7a35t-fgg484
| Speed File   : -2  PRODUCTION 1.23 2018-06-13
-----------------------------------------------------------------------------------------------------------------------------------------------------------------------------------------------------------------------------

Timing Summary Report

------------------------------------------------------------------------------------------------
| Timer Settings
| --------------
------------------------------------------------------------------------------------------------

  Enable Multi Corner Analysis               :  Yes
  Enable Pessimism Removal                   :  Yes
  Pessimism Removal Resolution               :  Nearest Common Node
  Enable Input Delay Default Clock           :  No
  Enable Preset / Clear Arcs                 :  No
  Disable Flight Delays                      :  No
  Ignore I/O Paths                           :  No
  Timing Early Launch at Borrowing Latches   :  false

  Corner  Analyze    Analyze    
  Name    Max Paths  Min Paths  
  ------  ---------  ---------  
  Slow    Yes        Yes        
  Fast    Yes        Yes        



check_timing report

Table of Contents
-----------------
1. checking no_clock
2. checking constant_clock
3. checking pulse_width_clock
4. checking unconstrained_internal_endpoints
5. checking no_input_delay
6. checking no_output_delay
7. checking multiple_clock
8. checking generated_clocks
9. checking loops
10. checking partial_input_delay
11. checking partial_output_delay
12. checking latch_loops

1. checking no_clock
--------------------
 There are 0 register/latch pins with no clock.


2. checking constant_clock
--------------------------
 There are 0 register/latch pins with constant_clock.


3. checking pulse_width_clock
-----------------------------
 There are 0 register/latch pins which need pulse_width check


4. checking unconstrained_internal_endpoints
--------------------------------------------
 There are 0 pins that are not constrained for maximum delay.

 There are 0 pins that are not constrained for maximum delay due to constant clock.


5. checking no_input_delay
--------------------------
 There are 24 input ports with no input delay specified. (HIGH)

 There are 0 input ports with no input delay but user has a false path constraint.


6. checking no_output_delay
---------------------------
 There are 27 ports with no output delay specified. (HIGH)

 There are 0 ports with no output delay but user has a false path constraint

 There are 0 ports with no output delay but with a timing clock defined on it or propagating through it


7. checking multiple_clock
--------------------------
 There are 0 register/latch pins with multiple clocks.


8. checking generated_clocks
----------------------------
 There are 0 generated clocks that are not connected to a clock source.


9. checking loops
-----------------
 There are 0 combinational loops in the design.


10. checking partial_input_delay
--------------------------------
 There are 0 input ports with partial input delay specified.


11. checking partial_output_delay
---------------------------------
 There are 0 ports with partial output delay specified.


12. checking latch_loops
------------------------
 There are 0 combinational latch loops in the design through latch input



------------------------------------------------------------------------------------------------
| Design Timing Summary
| ---------------------
------------------------------------------------------------------------------------------------

    WNS(ns)      TNS(ns)  TNS Failing Endpoints  TNS Total Endpoints      WHS(ns)      THS(ns)  THS Failing Endpoints  THS Total Endpoints     WPWS(ns)     TPWS(ns)  TPWS Failing Endpoints  TPWS Total Endpoints  
    -------      -------  ---------------------  -------------------      -------      -------  ---------------------  -------------------     --------     --------  ----------------------  --------------------  
    150.805        0.000                      0                  331        0.158        0.000                      0                  331       80.880        0.000                       0                   119  


All user specified timing constraints are met.


------------------------------------------------------------------------------------------------
| Clock Summary
| -------------
------------------------------------------------------------------------------------------------

Clock           Waveform(ns)         Period(ns)      Frequency(MHz)
-----           ------------         ----------      --------------
clk_audio_128x  {0.000 81.380}       162.760         6.144           


------------------------------------------------------------------------------------------------
| Intra Clock Table
| -----------------
------------------------------------------------------------------------------------------------

Clock               WNS(ns)      TNS(ns)  TNS Failing Endpoints  TNS Total Endpoints      WHS(ns)      THS(ns)  THS Failing Endpoints  THS Total Endpoints     WPWS(ns)     TPWS(ns)  TPWS Failing Endpoints  TPWS Total Endpoints  
-----               -------      -------  ---------------------  -------------------      -------      -------  ---------------------  -------------------     --------     --------  ----------------------  --------------------  
clk_audio_128x      150.805        0.000                      0                  331        0.158        0.000                      0                  331       80.880        0.000                       0                   119  


------------------------------------------------------------------------------------------------
| Inter Clock Table
| -----------------
------------------------------------------------------------------------------------------------

From Clock    To Clock          WNS(ns)      TNS(ns)  TNS Failing Endpoints  TNS Total Endpoints      WHS(ns)      THS(ns)  THS Failing Endpoints  THS Total Endpoints  
----------    --------          -------      -------  ---------------------  -------------------      -------      -------  ---------------------  -------------------  


------------------------------------------------------------------------------------------------
| Other Path Groups Table
| -----------------------
------------------------------------------------------------------------------------------------

Path Group    From Clock    To Clock          WNS(ns)      TNS(ns)  TNS Failing Endpoints  TNS Total Endpoints      WHS(ns)      THS(ns)  THS Failing Endpoints  THS Total Endpoints  
----------    ----------    --------          -------      -------  ---------------------  -------------------      -------      -------  ---------------------  -------------------  


------------------------------------------------------------------------------------------------
| Timing Details
| --------------
------------------------------------------------------------------------------------------------


---------------------------------------------------------------------------------------------------
From Clock:  clk_audio_128x
  To Clock:  clk_audio_128x

Setup :            0  Failing Endpoints,  Worst Slack      150.805ns,  Total Violation        0.000ns
Hold  :            0  Failing Endpoints,  Worst Slack        0.158ns,  Total Violation        0.000ns
PW    :            0  Failing Endpoints,  Worst Slack       80.880ns,  Total Violation        0.000ns
---------------------------------------------------------------------------------------------------


Max Delay Paths
--------------------------------------------------------------------------------------
Slack (MET) :             150.805ns  (required time - arrival time)
  Source:                 burst_remaining_reg[1]/C
                            (rising edge-triggered cell FDRE clocked by clk_audio_128x  {rise@0.000ns fall@81.380ns period=162.760ns})
  Destination:            y_out_reg[5]/D
                            (rising edge-triggered cell FDRE clocked by clk_audio_128x  {rise@0.000ns fall@81.380ns period=162.760ns})
  Path Group:             clk_audio_128x
  Path Type:              Setup (Max at Slow Process Corner)
  Requirement:            162.760ns  (clk_audio_128x rise@162.760ns - clk_audio_128x rise@0.000ns)
  Data Path Delay:        11.913ns  (logic 5.580ns (46.838%)  route 6.333ns (53.162%))
  Logic Levels:           13  (CARRY4=6 DSP48E1=2 LUT3=2 LUT4=1 LUT5=1 LUT6=1)
  Clock Path Skew:        -0.039ns (DCD - SCD + CPR)
    Destination Clock Delay (DCD):    0.748ns = ( 163.508 - 162.760 ) 
    Source Clock Delay      (SCD):    0.787ns
    Clock Pessimism Removal (CPR):    0.000ns
  Clock Uncertainty:      0.035ns  ((TSJ^2 + TIJ^2)^1/2 + DJ) / 2 + PE
    Total System Jitter     (TSJ):    0.071ns
    Total Input Jitter      (TIJ):    0.000ns
    Discrete Jitter          (DJ):    0.000ns
    Phase Error              (PE):    0.000ns

    Location             Delay type                Incr(ns)  Path(ns)    Netlist Resource(s)
  -------------------------------------------------------------------    -------------------
                         (clock clk_audio_128x rise edge)
                                                      0.000     0.000 r  
                                                      0.000     0.000 r  clk (IN)
                         net (fo=120, unset)          0.787     0.787    clk
    SLICE_X14Y74         FDRE                                         r  burst_remaining_reg[1]/C
  -------------------------------------------------------------------    -------------------
    SLICE_X14Y74         FDRE (Prop_fdre_C_Q)         0.433     1.220 f  burst_remaining_reg[1]/Q
                         net (fo=5, routed)           0.700     1.920    burst_remaining_dbg[1]
    SLICE_X14Y74         LUT6 (Prop_lut6_I3_O)        0.105     2.025 r  burst_remaining[3]_i_3/O
                         net (fo=52, routed)          0.700     2.725    hold_sample
    SLICE_X14Y76         LUT3 (Prop_lut3_I1_O)        0.105     2.830 r  gen_first_integrator_dsp.first_integrator_sum_i_19/O
                         net (fo=26, routed)          0.923     3.753    high_rate_input[22]
    DSP48_X0Y31          DSP48E1 (Prop_dsp48e1_A[19]_P[25])
                                                      1.744     5.497 r  gen_first_integrator_dsp.first_integrator_sum/P[25]
                         net (fo=46, routed)          0.942     6.439    gen_first_integrator_dsp.first_integrator_sum_n_80
    DSP48_X0Y30          DSP48E1 (Prop_dsp48e1_A[17]_P[0])
                                                      1.744     8.183 r  gen_final_integrator_dsp.final_integrator_sum/P[0]
                         net (fo=2, routed)           0.977     9.161    u_round_cic_normalized_output/P[0]
    SLICE_X12Y75         LUT3 (Prop_lut3_I0_O)        0.105     9.266 r  u_round_cic_normalized_output/rounded_value_carry_i_3/O
                         net (fo=1, routed)           0.870    10.135    u_round_cic_normalized_output/rounded_value_carry_i_3_n_0
    SLICE_X10Y73         LUT5 (Prop_lut5_I2_O)        0.105    10.240 r  u_round_cic_normalized_output/rounded_value_carry_i_1/O
                         net (fo=1, routed)           0.000    10.240    u_round_cic_normalized_output/rounded_value_carry_i_1_n_0
    SLICE_X10Y73         CARRY4 (Prop_carry4_S[0]_CO[3])
                                                      0.423    10.663 r  u_round_cic_normalized_output/rounded_value_carry/CO[3]
                         net (fo=1, routed)           0.000    10.663    u_round_cic_normalized_output/rounded_value_carry_n_0
    SLICE_X10Y74         CARRY4 (Prop_carry4_CI_CO[3])
                                                      0.100    10.763 r  u_round_cic_normalized_output/rounded_value_carry__0/CO[3]
                         net (fo=1, routed)           0.008    10.771    u_round_cic_normalized_output/rounded_value_carry__0_n_0
    SLICE_X10Y75         CARRY4 (Prop_carry4_CI_CO[3])
                                                      0.100    10.871 r  u_round_cic_normalized_output/rounded_value_carry__1/CO[3]
                         net (fo=1, routed)           0.000    10.871    u_round_cic_normalized_output/rounded_value_carry__1_n_0
    SLICE_X10Y76         CARRY4 (Prop_carry4_CI_CO[3])
                                                      0.100    10.971 r  u_round_cic_normalized_output/rounded_value_carry__2/CO[3]
                         net (fo=1, routed)           0.000    10.971    u_round_cic_normalized_output/rounded_value_carry__2_n_0
    SLICE_X10Y77         CARRY4 (Prop_carry4_CI_CO[3])
                                                      0.100    11.071 r  u_round_cic_normalized_output/rounded_value_carry__3/CO[3]
                         net (fo=1, routed)           0.000    11.071    u_round_cic_normalized_output/rounded_value_carry__3_n_0
    SLICE_X10Y78         CARRY4 (Prop_carry4_CI_O[0])
                                                      0.178    11.249 r  u_round_cic_normalized_output/rounded_value_carry__4/O[0]
                         net (fo=19, routed)          1.213    12.462    u_round_cic_normalized_output/p_1_in[0]
    SLICE_X11Y74         LUT4 (Prop_lut4_I1_O)        0.238    12.700 r  u_round_cic_normalized_output/y_out[5]_i_1/O
                         net (fo=1, routed)           0.000    12.700    normalized_output[5]
    SLICE_X11Y74         FDRE                                         r  y_out_reg[5]/D
  -------------------------------------------------------------------    -------------------

                         (clock clk_audio_128x rise edge)
                                                    162.760   162.760 r  
                                                      0.000   162.760 r  clk (IN)
                         net (fo=120, unset)          0.748   163.508    clk
    SLICE_X11Y74         FDRE                                         r  y_out_reg[5]/C
                         clock pessimism              0.000   163.508    
                         clock uncertainty           -0.035   163.472    
    SLICE_X11Y74         FDRE (Setup_fdre_C_D)        0.033   163.505    y_out_reg[5]
  -------------------------------------------------------------------
                         required time                        163.505    
                         arrival time                         -12.700    
  -------------------------------------------------------------------
                         slack                                150.805    

Slack (MET) :             150.806ns  (required time - arrival time)
  Source:                 burst_remaining_reg[1]/C
                            (rising edge-triggered cell FDRE clocked by clk_audio_128x  {rise@0.000ns fall@81.380ns period=162.760ns})
  Destination:            y_out_reg[0]/D
                            (rising edge-triggered cell FDRE clocked by clk_audio_128x  {rise@0.000ns fall@81.380ns period=162.760ns})
  Path Group:             clk_audio_128x
  Path Type:              Setup (Max at Slow Process Corner)
  Requirement:            162.760ns  (clk_audio_128x rise@162.760ns - clk_audio_128x rise@0.000ns)
  Data Path Delay:        11.909ns  (logic 5.580ns (46.853%)  route 6.329ns (53.147%))
  Logic Levels:           13  (CARRY4=6 DSP48E1=2 LUT3=2 LUT4=1 LUT5=1 LUT6=1)
  Clock Path Skew:        -0.039ns (DCD - SCD + CPR)
    Destination Clock Delay (DCD):    0.748ns = ( 163.508 - 162.760 ) 
    Source Clock Delay      (SCD):    0.787ns
    Clock Pessimism Removal (CPR):    0.000ns
  Clock Uncertainty:      0.035ns  ((TSJ^2 + TIJ^2)^1/2 + DJ) / 2 + PE
    Total System Jitter     (TSJ):    0.071ns
    Total Input Jitter      (TIJ):    0.000ns
    Discrete Jitter          (DJ):    0.000ns
    Phase Error              (PE):    0.000ns

    Location             Delay type                Incr(ns)  Path(ns)    Netlist Resource(s)
  -------------------------------------------------------------------    -------------------
                         (clock clk_audio_128x rise edge)
                                                      0.000     0.000 r  
                                                      0.000     0.000 r  clk (IN)
                         net (fo=120, unset)          0.787     0.787    clk
    SLICE_X14Y74         FDRE                                         r  burst_remaining_reg[1]/C
  -------------------------------------------------------------------    -------------------
    SLICE_X14Y74         FDRE (Prop_fdre_C_Q)         0.433     1.220 f  burst_remaining_reg[1]/Q
                         net (fo=5, routed)           0.700     1.920    burst_remaining_dbg[1]
    SLICE_X14Y74         LUT6 (Prop_lut6_I3_O)        0.105     2.025 r  burst_remaining[3]_i_3/O
                         net (fo=52, routed)          0.700     2.725    hold_sample
    SLICE_X14Y76         LUT3 (Prop_lut3_I1_O)        0.105     2.830 r  gen_first_integrator_dsp.first_integrator_sum_i_19/O
                         net (fo=26, routed)          0.923     3.753    high_rate_input[22]
    DSP48_X0Y31          DSP48E1 (Prop_dsp48e1_A[19]_P[25])
                                                      1.744     5.497 r  gen_first_integrator_dsp.first_integrator_sum/P[25]
                         net (fo=46, routed)          0.942     6.439    gen_first_integrator_dsp.first_integrator_sum_n_80
    DSP48_X0Y30          DSP48E1 (Prop_dsp48e1_A[17]_P[0])
                                                      1.744     8.183 r  gen_final_integrator_dsp.final_integrator_sum/P[0]
                         net (fo=2, routed)           0.977     9.161    u_round_cic_normalized_output/P[0]
    SLICE_X12Y75         LUT3 (Prop_lut3_I0_O)        0.105     9.266 r  u_round_cic_normalized_output/rounded_value_carry_i_3/O
                         net (fo=1, routed)           0.870    10.135    u_round_cic_normalized_output/rounded_value_carry_i_3_n_0
    SLICE_X10Y73         LUT5 (Prop_lut5_I2_O)        0.105    10.240 r  u_round_cic_normalized_output/rounded_value_carry_i_1/O
                         net (fo=1, routed)           0.000    10.240    u_round_cic_normalized_output/rounded_value_carry_i_1_n_0
    SLICE_X10Y73         CARRY4 (Prop_carry4_S[0]_CO[3])
                                                      0.423    10.663 r  u_round_cic_normalized_output/rounded_value_carry/CO[3]
                         net (fo=1, routed)           0.000    10.663    u_round_cic_normalized_output/rounded_value_carry_n_0
    SLICE_X10Y74         CARRY4 (Prop_carry4_CI_CO[3])
                                                      0.100    10.763 r  u_round_cic_normalized_output/rounded_value_carry__0/CO[3]
                         net (fo=1, routed)           0.008    10.771    u_round_cic_normalized_output/rounded_value_carry__0_n_0
    SLICE_X10Y75         CARRY4 (Prop_carry4_CI_CO[3])
                                                      0.100    10.871 r  u_round_cic_normalized_output/rounded_value_carry__1/CO[3]
                         net (fo=1, routed)           0.000    10.871    u_round_cic_normalized_output/rounded_value_carry__1_n_0
    SLICE_X10Y76         CARRY4 (Prop_carry4_CI_CO[3])
                                                      0.100    10.971 r  u_round_cic_normalized_output/rounded_value_carry__2/CO[3]
                         net (fo=1, routed)           0.000    10.971    u_round_cic_normalized_output/rounded_value_carry__2_n_0
    SLICE_X10Y77         CARRY4 (Prop_carry4_CI_CO[3])
                                                      0.100    11.071 r  u_round_cic_normalized_output/rounded_value_carry__3/CO[3]
                         net (fo=1, routed)           0.000    11.071    u_round_cic_normalized_output/rounded_value_carry__3_n_0
    SLICE_X10Y78         CARRY4 (Prop_carry4_CI_O[0])
                                                      0.178    11.249 r  u_round_cic_normalized_output/rounded_value_carry__4/O[0]
                         net (fo=19, routed)          1.209    12.458    u_round_cic_normalized_output/p_1_in[0]
    SLICE_X11Y74         LUT4 (Prop_lut4_I1_O)        0.238    12.696 r  u_round_cic_normalized_output/y_out[0]_i_1/O
                         net (fo=1, routed)           0.000    12.696    normalized_output[0]
    SLICE_X11Y74         FDRE                                         r  y_out_reg[0]/D
  -------------------------------------------------------------------    -------------------

                         (clock clk_audio_128x rise edge)
                                                    162.760   162.760 r  
                                                      0.000   162.760 r  clk (IN)
                         net (fo=120, unset)          0.748   163.508    clk
    SLICE_X11Y74         FDRE                                         r  y_out_reg[0]/C
                         clock pessimism              0.000   163.508    
                         clock uncertainty           -0.035   163.472    
    SLICE_X11Y74         FDRE (Setup_fdre_C_D)        0.030   163.502    y_out_reg[0]
  -------------------------------------------------------------------
                         required time                        163.502    
                         arrival time                         -12.696    
  -------------------------------------------------------------------
                         slack                                150.806    

Slack (MET) :             150.808ns  (required time - arrival time)
  Source:                 burst_remaining_reg[1]/C
                            (rising edge-triggered cell FDRE clocked by clk_audio_128x  {rise@0.000ns fall@81.380ns period=162.760ns})
  Destination:            y_out_reg[1]/D
                            (rising edge-triggered cell FDRE clocked by clk_audio_128x  {rise@0.000ns fall@81.380ns period=162.760ns})
  Path Group:             clk_audio_128x
  Path Type:              Setup (Max at Slow Process Corner)
  Requirement:            162.760ns  (clk_audio_128x rise@162.760ns - clk_audio_128x rise@0.000ns)
  Data Path Delay:        11.909ns  (logic 5.580ns (46.853%)  route 6.329ns (53.147%))
  Logic Levels:           13  (CARRY4=6 DSP48E1=2 LUT3=2 LUT4=1 LUT5=1 LUT6=1)
  Clock Path Skew:        -0.039ns (DCD - SCD + CPR)
    Destination Clock Delay (DCD):    0.748ns = ( 163.508 - 162.760 ) 
    Source Clock Delay      (SCD):    0.787ns
    Clock Pessimism Removal (CPR):    0.000ns
  Clock Uncertainty:      0.035ns  ((TSJ^2 + TIJ^2)^1/2 + DJ) / 2 + PE
    Total System Jitter     (TSJ):    0.071ns
    Total Input Jitter      (TIJ):    0.000ns
    Discrete Jitter          (DJ):    0.000ns
    Phase Error              (PE):    0.000ns

    Location             Delay type                Incr(ns)  Path(ns)    Netlist Resource(s)
  -------------------------------------------------------------------    -------------------
                         (clock clk_audio_128x rise edge)
                                                      0.000     0.000 r  
                                                      0.000     0.000 r  clk (IN)
                         net (fo=120, unset)          0.787     0.787    clk
    SLICE_X14Y74         FDRE                                         r  burst_remaining_reg[1]/C
  -------------------------------------------------------------------    -------------------
    SLICE_X14Y74         FDRE (Prop_fdre_C_Q)         0.433     1.220 f  burst_remaining_reg[1]/Q
                         net (fo=5, routed)           0.700     1.920    burst_remaining_dbg[1]
    SLICE_X14Y74         LUT6 (Prop_lut6_I3_O)        0.105     2.025 r  burst_remaining[3]_i_3/O
                         net (fo=52, routed)          0.700     2.725    hold_sample
    SLICE_X14Y76         LUT3 (Prop_lut3_I1_O)        0.105     2.830 r  gen_first_integrator_dsp.first_integrator_sum_i_19/O
                         net (fo=26, routed)          0.923     3.753    high_rate_input[22]
    DSP48_X0Y31          DSP48E1 (Prop_dsp48e1_A[19]_P[25])
                                                      1.744     5.497 r  gen_first_integrator_dsp.first_integrator_sum/P[25]
                         net (fo=46, routed)          0.942     6.439    gen_first_integrator_dsp.first_integrator_sum_n_80
    DSP48_X0Y30          DSP48E1 (Prop_dsp48e1_A[17]_P[0])
                                                      1.744     8.183 r  gen_final_integrator_dsp.final_integrator_sum/P[0]
                         net (fo=2, routed)           0.977     9.161    u_round_cic_normalized_output/P[0]
    SLICE_X12Y75         LUT3 (Prop_lut3_I0_O)        0.105     9.266 r  u_round_cic_normalized_output/rounded_value_carry_i_3/O
                         net (fo=1, routed)           0.870    10.135    u_round_cic_normalized_output/rounded_value_carry_i_3_n_0
    SLICE_X10Y73         LUT5 (Prop_lut5_I2_O)        0.105    10.240 r  u_round_cic_normalized_output/rounded_value_carry_i_1/O
                         net (fo=1, routed)           0.000    10.240    u_round_cic_normalized_output/rounded_value_carry_i_1_n_0
    SLICE_X10Y73         CARRY4 (Prop_carry4_S[0]_CO[3])
                                                      0.423    10.663 r  u_round_cic_normalized_output/rounded_value_carry/CO[3]
                         net (fo=1, routed)           0.000    10.663    u_round_cic_normalized_output/rounded_value_carry_n_0
    SLICE_X10Y74         CARRY4 (Prop_carry4_CI_CO[3])
                                                      0.100    10.763 r  u_round_cic_normalized_output/rounded_value_carry__0/CO[3]
                         net (fo=1, routed)           0.008    10.771    u_round_cic_normalized_output/rounded_value_carry__0_n_0
    SLICE_X10Y75         CARRY4 (Prop_carry4_CI_CO[3])
                                                      0.100    10.871 r  u_round_cic_normalized_output/rounded_value_carry__1/CO[3]
                         net (fo=1, routed)           0.000    10.871    u_round_cic_normalized_output/rounded_value_carry__1_n_0
    SLICE_X10Y76         CARRY4 (Prop_carry4_CI_CO[3])
                                                      0.100    10.971 r  u_round_cic_normalized_output/rounded_value_carry__2/CO[3]
                         net (fo=1, routed)           0.000    10.971    u_round_cic_normalized_output/rounded_value_carry__2_n_0
    SLICE_X10Y77         CARRY4 (Prop_carry4_CI_CO[3])
                                                      0.100    11.071 r  u_round_cic_normalized_output/rounded_value_carry__3/CO[3]
                         net (fo=1, routed)           0.000    11.071    u_round_cic_normalized_output/rounded_value_carry__3_n_0
    SLICE_X10Y78         CARRY4 (Prop_carry4_CI_O[0])
                                                      0.178    11.249 r  u_round_cic_normalized_output/rounded_value_carry__4/O[0]
                         net (fo=19, routed)          1.209    12.458    u_round_cic_normalized_output/p_1_in[0]
    SLICE_X11Y74         LUT4 (Prop_lut4_I1_O)        0.238    12.696 r  u_round_cic_normalized_output/y_out[1]_i_1/O
                         net (fo=1, routed)           0.000    12.696    normalized_output[1]
    SLICE_X11Y74         FDRE                                         r  y_out_reg[1]/D
  -------------------------------------------------------------------    -------------------

                         (clock clk_audio_128x rise edge)
                                                    162.760   162.760 r  
                                                      0.000   162.760 r  clk (IN)
                         net (fo=120, unset)          0.748   163.508    clk
    SLICE_X11Y74         FDRE                                         r  y_out_reg[1]/C
                         clock pessimism              0.000   163.508    
                         clock uncertainty           -0.035   163.472    
    SLICE_X11Y74         FDRE (Setup_fdre_C_D)        0.032   163.504    y_out_reg[1]
  -------------------------------------------------------------------
                         required time                        163.504    
                         arrival time                         -12.696    
  -------------------------------------------------------------------
                         slack                                150.808    

Slack (MET) :             150.832ns  (required time - arrival time)
  Source:                 burst_remaining_reg[1]/C
                            (rising edge-triggered cell FDRE clocked by clk_audio_128x  {rise@0.000ns fall@81.380ns period=162.760ns})
  Destination:            y_out_reg[6]/D
                            (rising edge-triggered cell FDRE clocked by clk_audio_128x  {rise@0.000ns fall@81.380ns period=162.760ns})
  Path Group:             clk_audio_128x
  Path Type:              Setup (Max at Slow Process Corner)
  Requirement:            162.760ns  (clk_audio_128x rise@162.760ns - clk_audio_128x rise@0.000ns)
  Data Path Delay:        11.922ns  (logic 5.589ns (46.878%)  route 6.333ns (53.122%))
  Logic Levels:           13  (CARRY4=6 DSP48E1=2 LUT3=2 LUT4=1 LUT5=1 LUT6=1)
  Clock Path Skew:        -0.039ns (DCD - SCD + CPR)
    Destination Clock Delay (DCD):    0.748ns = ( 163.508 - 162.760 ) 
    Source Clock Delay      (SCD):    0.787ns
    Clock Pessimism Removal (CPR):    0.000ns
  Clock Uncertainty:      0.035ns  ((TSJ^2 + TIJ^2)^1/2 + DJ) / 2 + PE
    Total System Jitter     (TSJ):    0.071ns
    Total Input Jitter      (TIJ):    0.000ns
    Discrete Jitter          (DJ):    0.000ns
    Phase Error              (PE):    0.000ns

    Location             Delay type                Incr(ns)  Path(ns)    Netlist Resource(s)
  -------------------------------------------------------------------    -------------------
                         (clock clk_audio_128x rise edge)
                                                      0.000     0.000 r  
                                                      0.000     0.000 r  clk (IN)
                         net (fo=120, unset)          0.787     0.787    clk
    SLICE_X14Y74         FDRE                                         r  burst_remaining_reg[1]/C
  -------------------------------------------------------------------    -------------------
    SLICE_X14Y74         FDRE (Prop_fdre_C_Q)         0.433     1.220 f  burst_remaining_reg[1]/Q
                         net (fo=5, routed)           0.700     1.920    burst_remaining_dbg[1]
    SLICE_X14Y74         LUT6 (Prop_lut6_I3_O)        0.105     2.025 r  burst_remaining[3]_i_3/O
                         net (fo=52, routed)          0.700     2.725    hold_sample
    SLICE_X14Y76         LUT3 (Prop_lut3_I1_O)        0.105     2.830 r  gen_first_integrator_dsp.first_integrator_sum_i_19/O
                         net (fo=26, routed)          0.923     3.753    high_rate_input[22]
    DSP48_X0Y31          DSP48E1 (Prop_dsp48e1_A[19]_P[25])
                                                      1.744     5.497 r  gen_first_integrator_dsp.first_integrator_sum/P[25]
                         net (fo=46, routed)          0.942     6.439    gen_first_integrator_dsp.first_integrator_sum_n_80
    DSP48_X0Y30          DSP48E1 (Prop_dsp48e1_A[17]_P[0])
                                                      1.744     8.183 r  gen_final_integrator_dsp.final_integrator_sum/P[0]
                         net (fo=2, routed)           0.977     9.161    u_round_cic_normalized_output/P[0]
    SLICE_X12Y75         LUT3 (Prop_lut3_I0_O)        0.105     9.266 r  u_round_cic_normalized_output/rounded_value_carry_i_3/O
                         net (fo=1, routed)           0.870    10.135    u_round_cic_normalized_output/rounded_value_carry_i_3_n_0
    SLICE_X10Y73         LUT5 (Prop_lut5_I2_O)        0.105    10.240 r  u_round_cic_normalized_output/rounded_value_carry_i_1/O
                         net (fo=1, routed)           0.000    10.240    u_round_cic_normalized_output/rounded_value_carry_i_1_n_0
    SLICE_X10Y73         CARRY4 (Prop_carry4_S[0]_CO[3])
                                                      0.423    10.663 r  u_round_cic_normalized_output/rounded_value_carry/CO[3]
                         net (fo=1, routed)           0.000    10.663    u_round_cic_normalized_output/rounded_value_carry_n_0
    SLICE_X10Y74         CARRY4 (Prop_carry4_CI_CO[3])
                                                      0.100    10.763 r  u_round_cic_normalized_output/rounded_value_carry__0/CO[3]
                         net (fo=1, routed)           0.008    10.771    u_round_cic_normalized_output/rounded_value_carry__0_n_0
    SLICE_X10Y75         CARRY4 (Prop_carry4_CI_CO[3])
                                                      0.100    10.871 r  u_round_cic_normalized_output/rounded_value_carry__1/CO[3]
                         net (fo=1, routed)           0.000    10.871    u_round_cic_normalized_output/rounded_value_carry__1_n_0
    SLICE_X10Y76         CARRY4 (Prop_carry4_CI_CO[3])
                                                      0.100    10.971 r  u_round_cic_normalized_output/rounded_value_carry__2/CO[3]
                         net (fo=1, routed)           0.000    10.971    u_round_cic_normalized_output/rounded_value_carry__2_n_0
    SLICE_X10Y77         CARRY4 (Prop_carry4_CI_CO[3])
                                                      0.100    11.071 r  u_round_cic_normalized_output/rounded_value_carry__3/CO[3]
                         net (fo=1, routed)           0.000    11.071    u_round_cic_normalized_output/rounded_value_carry__3_n_0
    SLICE_X10Y78         CARRY4 (Prop_carry4_CI_O[0])
                                                      0.178    11.249 r  u_round_cic_normalized_output/rounded_value_carry__4/O[0]
                         net (fo=19, routed)          1.213    12.462    u_round_cic_normalized_output/p_1_in[0]
    SLICE_X11Y74         LUT4 (Prop_lut4_I1_O)        0.247    12.709 r  u_round_cic_normalized_output/y_out[6]_i_1/O
                         net (fo=1, routed)           0.000    12.709    normalized_output[6]
    SLICE_X11Y74         FDRE                                         r  y_out_reg[6]/D
  -------------------------------------------------------------------    -------------------

                         (clock clk_audio_128x rise edge)
                                                    162.760   162.760 r  
                                                      0.000   162.760 r  clk (IN)
                         net (fo=120, unset)          0.748   163.508    clk
    SLICE_X11Y74         FDRE                                         r  y_out_reg[6]/C
                         clock pessimism              0.000   163.508    
                         clock uncertainty           -0.035   163.472    
    SLICE_X11Y74         FDRE (Setup_fdre_C_D)        0.069   163.541    y_out_reg[6]
  -------------------------------------------------------------------
                         required time                        163.541    
                         arrival time                         -12.709    
  -------------------------------------------------------------------
                         slack                                150.832    

Slack (MET) :             150.835ns  (required time - arrival time)
  Source:                 burst_remaining_reg[1]/C
                            (rising edge-triggered cell FDRE clocked by clk_audio_128x  {rise@0.000ns fall@81.380ns period=162.760ns})
  Destination:            y_out_reg[2]/D
                            (rising edge-triggered cell FDRE clocked by clk_audio_128x  {rise@0.000ns fall@81.380ns period=162.760ns})
  Path Group:             clk_audio_128x
  Path Type:              Setup (Max at Slow Process Corner)
  Requirement:            162.760ns  (clk_audio_128x rise@162.760ns - clk_audio_128x rise@0.000ns)
  Data Path Delay:        11.919ns  (logic 5.590ns (46.898%)  route 6.329ns (53.102%))
  Logic Levels:           13  (CARRY4=6 DSP48E1=2 LUT3=2 LUT4=1 LUT5=1 LUT6=1)
  Clock Path Skew:        -0.039ns (DCD - SCD + CPR)
    Destination Clock Delay (DCD):    0.748ns = ( 163.508 - 162.760 ) 
    Source Clock Delay      (SCD):    0.787ns
    Clock Pessimism Removal (CPR):    0.000ns
  Clock Uncertainty:      0.035ns  ((TSJ^2 + TIJ^2)^1/2 + DJ) / 2 + PE
    Total System Jitter     (TSJ):    0.071ns
    Total Input Jitter      (TIJ):    0.000ns
    Discrete Jitter          (DJ):    0.000ns
    Phase Error              (PE):    0.000ns

    Location             Delay type                Incr(ns)  Path(ns)    Netlist Resource(s)
  -------------------------------------------------------------------    -------------------
                         (clock clk_audio_128x rise edge)
                                                      0.000     0.000 r  
                                                      0.000     0.000 r  clk (IN)
                         net (fo=120, unset)          0.787     0.787    clk
    SLICE_X14Y74         FDRE                                         r  burst_remaining_reg[1]/C
  -------------------------------------------------------------------    -------------------
    SLICE_X14Y74         FDRE (Prop_fdre_C_Q)         0.433     1.220 f  burst_remaining_reg[1]/Q
                         net (fo=5, routed)           0.700     1.920    burst_remaining_dbg[1]
    SLICE_X14Y74         LUT6 (Prop_lut6_I3_O)        0.105     2.025 r  burst_remaining[3]_i_3/O
                         net (fo=52, routed)          0.700     2.725    hold_sample
    SLICE_X14Y76         LUT3 (Prop_lut3_I1_O)        0.105     2.830 r  gen_first_integrator_dsp.first_integrator_sum_i_19/O
                         net (fo=26, routed)          0.923     3.753    high_rate_input[22]
    DSP48_X0Y31          DSP48E1 (Prop_dsp48e1_A[19]_P[25])
                                                      1.744     5.497 r  gen_first_integrator_dsp.first_integrator_sum/P[25]
                         net (fo=46, routed)          0.942     6.439    gen_first_integrator_dsp.first_integrator_sum_n_80
    DSP48_X0Y30          DSP48E1 (Prop_dsp48e1_A[17]_P[0])
                                                      1.744     8.183 r  gen_final_integrator_dsp.final_integrator_sum/P[0]
                         net (fo=2, routed)           0.977     9.161    u_round_cic_normalized_output/P[0]
    SLICE_X12Y75         LUT3 (Prop_lut3_I0_O)        0.105     9.266 r  u_round_cic_normalized_output/rounded_value_carry_i_3/O
                         net (fo=1, routed)           0.870    10.135    u_round_cic_normalized_output/rounded_value_carry_i_3_n_0
    SLICE_X10Y73         LUT5 (Prop_lut5_I2_O)        0.105    10.240 r  u_round_cic_normalized_output/rounded_value_carry_i_1/O
                         net (fo=1, routed)           0.000    10.240    u_round_cic_normalized_output/rounded_value_carry_i_1_n_0
    SLICE_X10Y73         CARRY4 (Prop_carry4_S[0]_CO[3])
                                                      0.423    10.663 r  u_round_cic_normalized_output/rounded_value_carry/CO[3]
                         net (fo=1, routed)           0.000    10.663    u_round_cic_normalized_output/rounded_value_carry_n_0
    SLICE_X10Y74         CARRY4 (Prop_carry4_CI_CO[3])
                                                      0.100    10.763 r  u_round_cic_normalized_output/rounded_value_carry__0/CO[3]
                         net (fo=1, routed)           0.008    10.771    u_round_cic_normalized_output/rounded_value_carry__0_n_0
    SLICE_X10Y75         CARRY4 (Prop_carry4_CI_CO[3])
                                                      0.100    10.871 r  u_round_cic_normalized_output/rounded_value_carry__1/CO[3]
                         net (fo=1, routed)           0.000    10.871    u_round_cic_normalized_output/rounded_value_carry__1_n_0
    SLICE_X10Y76         CARRY4 (Prop_carry4_CI_CO[3])
                                                      0.100    10.971 r  u_round_cic_normalized_output/rounded_value_carry__2/CO[3]
                         net (fo=1, routed)           0.000    10.971    u_round_cic_normalized_output/rounded_value_carry__2_n_0
    SLICE_X10Y77         CARRY4 (Prop_carry4_CI_CO[3])
                                                      0.100    11.071 r  u_round_cic_normalized_output/rounded_value_carry__3/CO[3]
                         net (fo=1, routed)           0.000    11.071    u_round_cic_normalized_output/rounded_value_carry__3_n_0
    SLICE_X10Y78         CARRY4 (Prop_carry4_CI_O[0])
                                                      0.178    11.249 r  u_round_cic_normalized_output/rounded_value_carry__4/O[0]
                         net (fo=19, routed)          1.209    12.458    u_round_cic_normalized_output/p_1_in[0]
    SLICE_X11Y74         LUT4 (Prop_lut4_I1_O)        0.248    12.706 r  u_round_cic_normalized_output/y_out[2]_i_1/O
                         net (fo=1, routed)           0.000    12.706    normalized_output[2]
    SLICE_X11Y74         FDRE                                         r  y_out_reg[2]/D
  -------------------------------------------------------------------    -------------------

                         (clock clk_audio_128x rise edge)
                                                    162.760   162.760 r  
                                                      0.000   162.760 r  clk (IN)
                         net (fo=120, unset)          0.748   163.508    clk
    SLICE_X11Y74         FDRE                                         r  y_out_reg[2]/C
                         clock pessimism              0.000   163.508    
                         clock uncertainty           -0.035   163.472    
    SLICE_X11Y74         FDRE (Setup_fdre_C_D)        0.069   163.541    y_out_reg[2]
  -------------------------------------------------------------------
                         required time                        163.541    
                         arrival time                         -12.706    
  -------------------------------------------------------------------
                         slack                                150.835    

Slack (MET) :             150.835ns  (required time - arrival time)
  Source:                 burst_remaining_reg[1]/C
                            (rising edge-triggered cell FDRE clocked by clk_audio_128x  {rise@0.000ns fall@81.380ns period=162.760ns})
  Destination:            y_out_reg[9]/D
                            (rising edge-triggered cell FDRE clocked by clk_audio_128x  {rise@0.000ns fall@81.380ns period=162.760ns})
  Path Group:             clk_audio_128x
  Path Type:              Setup (Max at Slow Process Corner)
  Requirement:            162.760ns  (clk_audio_128x rise@162.760ns - clk_audio_128x rise@0.000ns)
  Data Path Delay:        11.919ns  (logic 5.590ns (46.898%)  route 6.329ns (53.102%))
  Logic Levels:           13  (CARRY4=6 DSP48E1=2 LUT3=2 LUT4=1 LUT5=1 LUT6=1)
  Clock Path Skew:        -0.039ns (DCD - SCD + CPR)
    Destination Clock Delay (DCD):    0.748ns = ( 163.508 - 162.760 ) 
    Source Clock Delay      (SCD):    0.787ns
    Clock Pessimism Removal (CPR):    0.000ns
  Clock Uncertainty:      0.035ns  ((TSJ^2 + TIJ^2)^1/2 + DJ) / 2 + PE
    Total System Jitter     (TSJ):    0.071ns
    Total Input Jitter      (TIJ):    0.000ns
    Discrete Jitter          (DJ):    0.000ns
    Phase Error              (PE):    0.000ns

    Location             Delay type                Incr(ns)  Path(ns)    Netlist Resource(s)
  -------------------------------------------------------------------    -------------------
                         (clock clk_audio_128x rise edge)
                                                      0.000     0.000 r  
                                                      0.000     0.000 r  clk (IN)
                         net (fo=120, unset)          0.787     0.787    clk
    SLICE_X14Y74         FDRE                                         r  burst_remaining_reg[1]/C
  -------------------------------------------------------------------    -------------------
    SLICE_X14Y74         FDRE (Prop_fdre_C_Q)         0.433     1.220 f  burst_remaining_reg[1]/Q
                         net (fo=5, routed)           0.700     1.920    burst_remaining_dbg[1]
    SLICE_X14Y74         LUT6 (Prop_lut6_I3_O)        0.105     2.025 r  burst_remaining[3]_i_3/O
                         net (fo=52, routed)          0.700     2.725    hold_sample
    SLICE_X14Y76         LUT3 (Prop_lut3_I1_O)        0.105     2.830 r  gen_first_integrator_dsp.first_integrator_sum_i_19/O
                         net (fo=26, routed)          0.923     3.753    high_rate_input[22]
    DSP48_X0Y31          DSP48E1 (Prop_dsp48e1_A[19]_P[25])
                                                      1.744     5.497 r  gen_first_integrator_dsp.first_integrator_sum/P[25]
                         net (fo=46, routed)          0.942     6.439    gen_first_integrator_dsp.first_integrator_sum_n_80
    DSP48_X0Y30          DSP48E1 (Prop_dsp48e1_A[17]_P[0])
                                                      1.744     8.183 r  gen_final_integrator_dsp.final_integrator_sum/P[0]
                         net (fo=2, routed)           0.977     9.161    u_round_cic_normalized_output/P[0]
    SLICE_X12Y75         LUT3 (Prop_lut3_I0_O)        0.105     9.266 r  u_round_cic_normalized_output/rounded_value_carry_i_3/O
                         net (fo=1, routed)           0.870    10.135    u_round_cic_normalized_output/rounded_value_carry_i_3_n_0
    SLICE_X10Y73         LUT5 (Prop_lut5_I2_O)        0.105    10.240 r  u_round_cic_normalized_output/rounded_value_carry_i_1/O
                         net (fo=1, routed)           0.000    10.240    u_round_cic_normalized_output/rounded_value_carry_i_1_n_0
    SLICE_X10Y73         CARRY4 (Prop_carry4_S[0]_CO[3])
                                                      0.423    10.663 r  u_round_cic_normalized_output/rounded_value_carry/CO[3]
                         net (fo=1, routed)           0.000    10.663    u_round_cic_normalized_output/rounded_value_carry_n_0
    SLICE_X10Y74         CARRY4 (Prop_carry4_CI_CO[3])
                                                      0.100    10.763 r  u_round_cic_normalized_output/rounded_value_carry__0/CO[3]
                         net (fo=1, routed)           0.008    10.771    u_round_cic_normalized_output/rounded_value_carry__0_n_0
    SLICE_X10Y75         CARRY4 (Prop_carry4_CI_CO[3])
                                                      0.100    10.871 r  u_round_cic_normalized_output/rounded_value_carry__1/CO[3]
                         net (fo=1, routed)           0.000    10.871    u_round_cic_normalized_output/rounded_value_carry__1_n_0
    SLICE_X10Y76         CARRY4 (Prop_carry4_CI_CO[3])
                                                      0.100    10.971 r  u_round_cic_normalized_output/rounded_value_carry__2/CO[3]
                         net (fo=1, routed)           0.000    10.971    u_round_cic_normalized_output/rounded_value_carry__2_n_0
    SLICE_X10Y77         CARRY4 (Prop_carry4_CI_CO[3])
                                                      0.100    11.071 r  u_round_cic_normalized_output/rounded_value_carry__3/CO[3]
                         net (fo=1, routed)           0.000    11.071    u_round_cic_normalized_output/rounded_value_carry__3_n_0
    SLICE_X10Y78         CARRY4 (Prop_carry4_CI_O[0])
                                                      0.178    11.249 r  u_round_cic_normalized_output/rounded_value_carry__4/O[0]
                         net (fo=19, routed)          1.209    12.458    u_round_cic_normalized_output/p_1_in[0]
    SLICE_X11Y74         LUT4 (Prop_lut4_I1_O)        0.248    12.706 r  u_round_cic_normalized_output/y_out[9]_i_1/O
                         net (fo=1, routed)           0.000    12.706    normalized_output[9]
    SLICE_X11Y74         FDRE                                         r  y_out_reg[9]/D
  -------------------------------------------------------------------    -------------------

                         (clock clk_audio_128x rise edge)
                                                    162.760   162.760 r  
                                                      0.000   162.760 r  clk (IN)
                         net (fo=120, unset)          0.748   163.508    clk
    SLICE_X11Y74         FDRE                                         r  y_out_reg[9]/C
                         clock pessimism              0.000   163.508    
                         clock uncertainty           -0.035   163.472    
    SLICE_X11Y74         FDRE (Setup_fdre_C_D)        0.069   163.541    y_out_reg[9]
  -------------------------------------------------------------------
                         required time                        163.541    
                         arrival time                         -12.706    
  -------------------------------------------------------------------
                         slack                                150.835    

Slack (MET) :             150.909ns  (required time - arrival time)
  Source:                 burst_remaining_reg[1]/C
                            (rising edge-triggered cell FDRE clocked by clk_audio_128x  {rise@0.000ns fall@81.380ns period=162.760ns})
  Destination:            y_out_reg[3]/D
                            (rising edge-triggered cell FDRE clocked by clk_audio_128x  {rise@0.000ns fall@81.380ns period=162.760ns})
  Path Group:             clk_audio_128x
  Path Type:              Setup (Max at Slow Process Corner)
  Requirement:            162.760ns  (clk_audio_128x rise@162.760ns - clk_audio_128x rise@0.000ns)
  Data Path Delay:        11.808ns  (logic 5.580ns (47.254%)  route 6.228ns (52.746%))
  Logic Levels:           13  (CARRY4=6 DSP48E1=2 LUT3=2 LUT4=1 LUT5=1 LUT6=1)
  Clock Path Skew:        -0.039ns (DCD - SCD + CPR)
    Destination Clock Delay (DCD):    0.748ns = ( 163.508 - 162.760 ) 
    Source Clock Delay      (SCD):    0.787ns
    Clock Pessimism Removal (CPR):    0.000ns
  Clock Uncertainty:      0.035ns  ((TSJ^2 + TIJ^2)^1/2 + DJ) / 2 + PE
    Total System Jitter     (TSJ):    0.071ns
    Total Input Jitter      (TIJ):    0.000ns
    Discrete Jitter          (DJ):    0.000ns
    Phase Error              (PE):    0.000ns

    Location             Delay type                Incr(ns)  Path(ns)    Netlist Resource(s)
  -------------------------------------------------------------------    -------------------
                         (clock clk_audio_128x rise edge)
                                                      0.000     0.000 r  
                                                      0.000     0.000 r  clk (IN)
                         net (fo=120, unset)          0.787     0.787    clk
    SLICE_X14Y74         FDRE                                         r  burst_remaining_reg[1]/C
  -------------------------------------------------------------------    -------------------
    SLICE_X14Y74         FDRE (Prop_fdre_C_Q)         0.433     1.220 f  burst_remaining_reg[1]/Q
                         net (fo=5, routed)           0.700     1.920    burst_remaining_dbg[1]
    SLICE_X14Y74         LUT6 (Prop_lut6_I3_O)        0.105     2.025 r  burst_remaining[3]_i_3/O
                         net (fo=52, routed)          0.700     2.725    hold_sample
    SLICE_X14Y76         LUT3 (Prop_lut3_I1_O)        0.105     2.830 r  gen_first_integrator_dsp.first_integrator_sum_i_19/O
                         net (fo=26, routed)          0.923     3.753    high_rate_input[22]
    DSP48_X0Y31          DSP48E1 (Prop_dsp48e1_A[19]_P[25])
                                                      1.744     5.497 r  gen_first_integrator_dsp.first_integrator_sum/P[25]
                         net (fo=46, routed)          0.942     6.439    gen_first_integrator_dsp.first_integrator_sum_n_80
    DSP48_X0Y30          DSP48E1 (Prop_dsp48e1_A[17]_P[0])
                                                      1.744     8.183 r  gen_final_integrator_dsp.final_integrator_sum/P[0]
                         net (fo=2, routed)           0.977     9.161    u_round_cic_normalized_output/P[0]
    SLICE_X12Y75         LUT3 (Prop_lut3_I0_O)        0.105     9.266 r  u_round_cic_normalized_output/rounded_value_carry_i_3/O
                         net (fo=1, routed)           0.870    10.135    u_round_cic_normalized_output/rounded_value_carry_i_3_n_0
    SLICE_X10Y73         LUT5 (Prop_lut5_I2_O)        0.105    10.240 r  u_round_cic_normalized_output/rounded_value_carry_i_1/O
                         net (fo=1, routed)           0.000    10.240    u_round_cic_normalized_output/rounded_value_carry_i_1_n_0
    SLICE_X10Y73         CARRY4 (Prop_carry4_S[0]_CO[3])
                                                      0.423    10.663 r  u_round_cic_normalized_output/rounded_value_carry/CO[3]
                         net (fo=1, routed)           0.000    10.663    u_round_cic_normalized_output/rounded_value_carry_n_0
    SLICE_X10Y74         CARRY4 (Prop_carry4_CI_CO[3])
                                                      0.100    10.763 r  u_round_cic_normalized_output/rounded_value_carry__0/CO[3]
                         net (fo=1, routed)           0.008    10.771    u_round_cic_normalized_output/rounded_value_carry__0_n_0
    SLICE_X10Y75         CARRY4 (Prop_carry4_CI_CO[3])
                                                      0.100    10.871 r  u_round_cic_normalized_output/rounded_value_carry__1/CO[3]
                         net (fo=1, routed)           0.000    10.871    u_round_cic_normalized_output/rounded_value_carry__1_n_0
    SLICE_X10Y76         CARRY4 (Prop_carry4_CI_CO[3])
                                                      0.100    10.971 r  u_round_cic_normalized_output/rounded_value_carry__2/CO[3]
                         net (fo=1, routed)           0.000    10.971    u_round_cic_normalized_output/rounded_value_carry__2_n_0
    SLICE_X10Y77         CARRY4 (Prop_carry4_CI_CO[3])
                                                      0.100    11.071 r  u_round_cic_normalized_output/rounded_value_carry__3/CO[3]
                         net (fo=1, routed)           0.000    11.071    u_round_cic_normalized_output/rounded_value_carry__3_n_0
    SLICE_X10Y78         CARRY4 (Prop_carry4_CI_O[0])
                                                      0.178    11.249 r  u_round_cic_normalized_output/rounded_value_carry__4/O[0]
                         net (fo=19, routed)          1.108    12.357    u_round_cic_normalized_output/p_1_in[0]
    SLICE_X11Y74         LUT4 (Prop_lut4_I1_O)        0.238    12.595 r  u_round_cic_normalized_output/y_out[3]_i_1/O
                         net (fo=1, routed)           0.000    12.595    normalized_output[3]
    SLICE_X11Y74         FDRE                                         r  y_out_reg[3]/D
  -------------------------------------------------------------------    -------------------

                         (clock clk_audio_128x rise edge)
                                                    162.760   162.760 r  
                                                      0.000   162.760 r  clk (IN)
                         net (fo=120, unset)          0.748   163.508    clk
    SLICE_X11Y74         FDRE                                         r  y_out_reg[3]/C
                         clock pessimism              0.000   163.508    
                         clock uncertainty           -0.035   163.472    
    SLICE_X11Y74         FDRE (Setup_fdre_C_D)        0.032   163.504    y_out_reg[3]
  -------------------------------------------------------------------
                         required time                        163.504    
                         arrival time                         -12.595    
  -------------------------------------------------------------------
                         slack                                150.909    

Slack (MET) :             150.930ns  (required time - arrival time)
  Source:                 burst_remaining_reg[1]/C
                            (rising edge-triggered cell FDRE clocked by clk_audio_128x  {rise@0.000ns fall@81.380ns period=162.760ns})
  Destination:            y_out_reg[4]/D
                            (rising edge-triggered cell FDRE clocked by clk_audio_128x  {rise@0.000ns fall@81.380ns period=162.760ns})
  Path Group:             clk_audio_128x
  Path Type:              Setup (Max at Slow Process Corner)
  Requirement:            162.760ns  (clk_audio_128x rise@162.760ns - clk_audio_128x rise@0.000ns)
  Data Path Delay:        11.824ns  (logic 5.596ns (47.326%)  route 6.228ns (52.674%))
  Logic Levels:           13  (CARRY4=6 DSP48E1=2 LUT3=2 LUT4=1 LUT5=1 LUT6=1)
  Clock Path Skew:        -0.039ns (DCD - SCD + CPR)
    Destination Clock Delay (DCD):    0.748ns = ( 163.508 - 162.760 ) 
    Source Clock Delay      (SCD):    0.787ns
    Clock Pessimism Removal (CPR):    0.000ns
  Clock Uncertainty:      0.035ns  ((TSJ^2 + TIJ^2)^1/2 + DJ) / 2 + PE
    Total System Jitter     (TSJ):    0.071ns
    Total Input Jitter      (TIJ):    0.000ns
    Discrete Jitter          (DJ):    0.000ns
    Phase Error              (PE):    0.000ns

    Location             Delay type                Incr(ns)  Path(ns)    Netlist Resource(s)
  -------------------------------------------------------------------    -------------------
                         (clock clk_audio_128x rise edge)
                                                      0.000     0.000 r  
                                                      0.000     0.000 r  clk (IN)
                         net (fo=120, unset)          0.787     0.787    clk
    SLICE_X14Y74         FDRE                                         r  burst_remaining_reg[1]/C
  -------------------------------------------------------------------    -------------------
    SLICE_X14Y74         FDRE (Prop_fdre_C_Q)         0.433     1.220 f  burst_remaining_reg[1]/Q
                         net (fo=5, routed)           0.700     1.920    burst_remaining_dbg[1]
    SLICE_X14Y74         LUT6 (Prop_lut6_I3_O)        0.105     2.025 r  burst_remaining[3]_i_3/O
                         net (fo=52, routed)          0.700     2.725    hold_sample
    SLICE_X14Y76         LUT3 (Prop_lut3_I1_O)        0.105     2.830 r  gen_first_integrator_dsp.first_integrator_sum_i_19/O
                         net (fo=26, routed)          0.923     3.753    high_rate_input[22]
    DSP48_X0Y31          DSP48E1 (Prop_dsp48e1_A[19]_P[25])
                                                      1.744     5.497 r  gen_first_integrator_dsp.first_integrator_sum/P[25]
                         net (fo=46, routed)          0.942     6.439    gen_first_integrator_dsp.first_integrator_sum_n_80
    DSP48_X0Y30          DSP48E1 (Prop_dsp48e1_A[17]_P[0])
                                                      1.744     8.183 r  gen_final_integrator_dsp.final_integrator_sum/P[0]
                         net (fo=2, routed)           0.977     9.161    u_round_cic_normalized_output/P[0]
    SLICE_X12Y75         LUT3 (Prop_lut3_I0_O)        0.105     9.266 r  u_round_cic_normalized_output/rounded_value_carry_i_3/O
                         net (fo=1, routed)           0.870    10.135    u_round_cic_normalized_output/rounded_value_carry_i_3_n_0
    SLICE_X10Y73         LUT5 (Prop_lut5_I2_O)        0.105    10.240 r  u_round_cic_normalized_output/rounded_value_carry_i_1/O
                         net (fo=1, routed)           0.000    10.240    u_round_cic_normalized_output/rounded_value_carry_i_1_n_0
    SLICE_X10Y73         CARRY4 (Prop_carry4_S[0]_CO[3])
                                                      0.423    10.663 r  u_round_cic_normalized_output/rounded_value_carry/CO[3]
                         net (fo=1, routed)           0.000    10.663    u_round_cic_normalized_output/rounded_value_carry_n_0
    SLICE_X10Y74         CARRY4 (Prop_carry4_CI_CO[3])
                                                      0.100    10.763 r  u_round_cic_normalized_output/rounded_value_carry__0/CO[3]
                         net (fo=1, routed)           0.008    10.771    u_round_cic_normalized_output/rounded_value_carry__0_n_0
    SLICE_X10Y75         CARRY4 (Prop_carry4_CI_CO[3])
                                                      0.100    10.871 r  u_round_cic_normalized_output/rounded_value_carry__1/CO[3]
                         net (fo=1, routed)           0.000    10.871    u_round_cic_normalized_output/rounded_value_carry__1_n_0
    SLICE_X10Y76         CARRY4 (Prop_carry4_CI_CO[3])
                                                      0.100    10.971 r  u_round_cic_normalized_output/rounded_value_carry__2/CO[3]
                         net (fo=1, routed)           0.000    10.971    u_round_cic_normalized_output/rounded_value_carry__2_n_0
    SLICE_X10Y77         CARRY4 (Prop_carry4_CI_CO[3])
                                                      0.100    11.071 r  u_round_cic_normalized_output/rounded_value_carry__3/CO[3]
                         net (fo=1, routed)           0.000    11.071    u_round_cic_normalized_output/rounded_value_carry__3_n_0
    SLICE_X10Y78         CARRY4 (Prop_carry4_CI_O[0])
                                                      0.178    11.249 r  u_round_cic_normalized_output/rounded_value_carry__4/O[0]
                         net (fo=19, routed)          1.108    12.357    u_round_cic_normalized_output/p_1_in[0]
    SLICE_X11Y74         LUT4 (Prop_lut4_I1_O)        0.254    12.611 r  u_round_cic_normalized_output/y_out[4]_i_1/O
                         net (fo=1, routed)           0.000    12.611    normalized_output[4]
    SLICE_X11Y74         FDRE                                         r  y_out_reg[4]/D
  -------------------------------------------------------------------    -------------------

                         (clock clk_audio_128x rise edge)
                                                    162.760   162.760 r  
                                                      0.000   162.760 r  clk (IN)
                         net (fo=120, unset)          0.748   163.508    clk
    SLICE_X11Y74         FDRE                                         r  y_out_reg[4]/C
                         clock pessimism              0.000   163.508    
                         clock uncertainty           -0.035   163.472    
    SLICE_X11Y74         FDRE (Setup_fdre_C_D)        0.069   163.541    y_out_reg[4]
  -------------------------------------------------------------------
                         required time                        163.541    
                         arrival time                         -12.611    
  -------------------------------------------------------------------
                         slack                                150.930    

Slack (MET) :             151.098ns  (required time - arrival time)
  Source:                 burst_remaining_reg[1]/C
                            (rising edge-triggered cell FDRE clocked by clk_audio_128x  {rise@0.000ns fall@81.380ns period=162.760ns})
  Destination:            y_out_reg[10]/D
                            (rising edge-triggered cell FDRE clocked by clk_audio_128x  {rise@0.000ns fall@81.380ns period=162.760ns})
  Path Group:             clk_audio_128x
  Path Type:              Setup (Max at Slow Process Corner)
  Requirement:            162.760ns  (clk_audio_128x rise@162.760ns - clk_audio_128x rise@0.000ns)
  Data Path Delay:        11.618ns  (logic 5.572ns (47.962%)  route 6.046ns (52.038%))
  Logic Levels:           13  (CARRY4=6 DSP48E1=2 LUT3=2 LUT4=1 LUT5=1 LUT6=1)
  Clock Path Skew:        -0.039ns (DCD - SCD + CPR)
    Destination Clock Delay (DCD):    0.748ns = ( 163.508 - 162.760 ) 
    Source Clock Delay      (SCD):    0.787ns
    Clock Pessimism Removal (CPR):    0.000ns
  Clock Uncertainty:      0.035ns  ((TSJ^2 + TIJ^2)^1/2 + DJ) / 2 + PE
    Total System Jitter     (TSJ):    0.071ns
    Total Input Jitter      (TIJ):    0.000ns
    Discrete Jitter          (DJ):    0.000ns
    Phase Error              (PE):    0.000ns

    Location             Delay type                Incr(ns)  Path(ns)    Netlist Resource(s)
  -------------------------------------------------------------------    -------------------
                         (clock clk_audio_128x rise edge)
                                                      0.000     0.000 r  
                                                      0.000     0.000 r  clk (IN)
                         net (fo=120, unset)          0.787     0.787    clk
    SLICE_X14Y74         FDRE                                         r  burst_remaining_reg[1]/C
  -------------------------------------------------------------------    -------------------
    SLICE_X14Y74         FDRE (Prop_fdre_C_Q)         0.433     1.220 f  burst_remaining_reg[1]/Q
                         net (fo=5, routed)           0.700     1.920    burst_remaining_dbg[1]
    SLICE_X14Y74         LUT6 (Prop_lut6_I3_O)        0.105     2.025 r  burst_remaining[3]_i_3/O
                         net (fo=52, routed)          0.700     2.725    hold_sample
    SLICE_X14Y76         LUT3 (Prop_lut3_I1_O)        0.105     2.830 r  gen_first_integrator_dsp.first_integrator_sum_i_19/O
                         net (fo=26, routed)          0.923     3.753    high_rate_input[22]
    DSP48_X0Y31          DSP48E1 (Prop_dsp48e1_A[19]_P[25])
                                                      1.744     5.497 r  gen_first_integrator_dsp.first_integrator_sum/P[25]
                         net (fo=46, routed)          0.942     6.439    gen_first_integrator_dsp.first_integrator_sum_n_80
    DSP48_X0Y30          DSP48E1 (Prop_dsp48e1_A[17]_P[0])
                                                      1.744     8.183 r  gen_final_integrator_dsp.final_integrator_sum/P[0]
                         net (fo=2, routed)           0.977     9.161    u_round_cic_normalized_output/P[0]
    SLICE_X12Y75         LUT3 (Prop_lut3_I0_O)        0.105     9.266 r  u_round_cic_normalized_output/rounded_value_carry_i_3/O
                         net (fo=1, routed)           0.870    10.135    u_round_cic_normalized_output/rounded_value_carry_i_3_n_0
    SLICE_X10Y73         LUT5 (Prop_lut5_I2_O)        0.105    10.240 r  u_round_cic_normalized_output/rounded_value_carry_i_1/O
                         net (fo=1, routed)           0.000    10.240    u_round_cic_normalized_output/rounded_value_carry_i_1_n_0
    SLICE_X10Y73         CARRY4 (Prop_carry4_S[0]_CO[3])
                                                      0.423    10.663 r  u_round_cic_normalized_output/rounded_value_carry/CO[3]
                         net (fo=1, routed)           0.000    10.663    u_round_cic_normalized_output/rounded_value_carry_n_0
    SLICE_X10Y74         CARRY4 (Prop_carry4_CI_CO[3])
                                                      0.100    10.763 r  u_round_cic_normalized_output/rounded_value_carry__0/CO[3]
                         net (fo=1, routed)           0.008    10.771    u_round_cic_normalized_output/rounded_value_carry__0_n_0
    SLICE_X10Y75         CARRY4 (Prop_carry4_CI_CO[3])
                                                      0.100    10.871 r  u_round_cic_normalized_output/rounded_value_carry__1/CO[3]
                         net (fo=1, routed)           0.000    10.871    u_round_cic_normalized_output/rounded_value_carry__1_n_0
    SLICE_X10Y76         CARRY4 (Prop_carry4_CI_CO[3])
                                                      0.100    10.971 r  u_round_cic_normalized_output/rounded_value_carry__2/CO[3]
                         net (fo=1, routed)           0.000    10.971    u_round_cic_normalized_output/rounded_value_carry__2_n_0
    SLICE_X10Y77         CARRY4 (Prop_carry4_CI_CO[3])
                                                      0.100    11.071 r  u_round_cic_normalized_output/rounded_value_carry__3/CO[3]
                         net (fo=1, routed)           0.000    11.071    u_round_cic_normalized_output/rounded_value_carry__3_n_0
    SLICE_X10Y78         CARRY4 (Prop_carry4_CI_CO[1])
                                                      0.131    11.202 r  u_round_cic_normalized_output/rounded_value_carry__4/CO[1]
                         net (fo=20, routed)          0.925    12.128    u_round_cic_normalized_output/rounded_value_carry__4_n_2
    SLICE_X11Y75         LUT4 (Prop_lut4_I2_O)        0.277    12.405 r  u_round_cic_normalized_output/y_out[10]_i_1/O
                         net (fo=1, routed)           0.000    12.405    normalized_output[10]
    SLICE_X11Y75         FDRE                                         r  y_out_reg[10]/D
  -------------------------------------------------------------------    -------------------

                         (clock clk_audio_128x rise edge)
                                                    162.760   162.760 r  
                                                      0.000   162.760 r  clk (IN)
                         net (fo=120, unset)          0.748   163.508    clk
    SLICE_X11Y75         FDRE                                         r  y_out_reg[10]/C
                         clock pessimism              0.000   163.508    
                         clock uncertainty           -0.035   163.472    
    SLICE_X11Y75         FDRE (Setup_fdre_C_D)        0.030   163.502    y_out_reg[10]
  -------------------------------------------------------------------
                         required time                        163.502    
                         arrival time                         -12.405    
  -------------------------------------------------------------------
                         slack                                151.098    

Slack (MET) :             151.100ns  (required time - arrival time)
  Source:                 burst_remaining_reg[1]/C
                            (rising edge-triggered cell FDRE clocked by clk_audio_128x  {rise@0.000ns fall@81.380ns period=162.760ns})
  Destination:            y_out_reg[7]/D
                            (rising edge-triggered cell FDRE clocked by clk_audio_128x  {rise@0.000ns fall@81.380ns period=162.760ns})
  Path Group:             clk_audio_128x
  Path Type:              Setup (Max at Slow Process Corner)
  Requirement:            162.760ns  (clk_audio_128x rise@162.760ns - clk_audio_128x rise@0.000ns)
  Data Path Delay:        11.618ns  (logic 5.572ns (47.962%)  route 6.046ns (52.038%))
  Logic Levels:           13  (CARRY4=6 DSP48E1=2 LUT3=2 LUT4=1 LUT5=1 LUT6=1)
  Clock Path Skew:        -0.039ns (DCD - SCD + CPR)
    Destination Clock Delay (DCD):    0.748ns = ( 163.508 - 162.760 ) 
    Source Clock Delay      (SCD):    0.787ns
    Clock Pessimism Removal (CPR):    0.000ns
  Clock Uncertainty:      0.035ns  ((TSJ^2 + TIJ^2)^1/2 + DJ) / 2 + PE
    Total System Jitter     (TSJ):    0.071ns
    Total Input Jitter      (TIJ):    0.000ns
    Discrete Jitter          (DJ):    0.000ns
    Phase Error              (PE):    0.000ns

    Location             Delay type                Incr(ns)  Path(ns)    Netlist Resource(s)
  -------------------------------------------------------------------    -------------------
                         (clock clk_audio_128x rise edge)
                                                      0.000     0.000 r  
                                                      0.000     0.000 r  clk (IN)
                         net (fo=120, unset)          0.787     0.787    clk
    SLICE_X14Y74         FDRE                                         r  burst_remaining_reg[1]/C
  -------------------------------------------------------------------    -------------------
    SLICE_X14Y74         FDRE (Prop_fdre_C_Q)         0.433     1.220 f  burst_remaining_reg[1]/Q
                         net (fo=5, routed)           0.700     1.920    burst_remaining_dbg[1]
    SLICE_X14Y74         LUT6 (Prop_lut6_I3_O)        0.105     2.025 r  burst_remaining[3]_i_3/O
                         net (fo=52, routed)          0.700     2.725    hold_sample
    SLICE_X14Y76         LUT3 (Prop_lut3_I1_O)        0.105     2.830 r  gen_first_integrator_dsp.first_integrator_sum_i_19/O
                         net (fo=26, routed)          0.923     3.753    high_rate_input[22]
    DSP48_X0Y31          DSP48E1 (Prop_dsp48e1_A[19]_P[25])
                                                      1.744     5.497 r  gen_first_integrator_dsp.first_integrator_sum/P[25]
                         net (fo=46, routed)          0.942     6.439    gen_first_integrator_dsp.first_integrator_sum_n_80
    DSP48_X0Y30          DSP48E1 (Prop_dsp48e1_A[17]_P[0])
                                                      1.744     8.183 r  gen_final_integrator_dsp.final_integrator_sum/P[0]
                         net (fo=2, routed)           0.977     9.161    u_round_cic_normalized_output/P[0]
    SLICE_X12Y75         LUT3 (Prop_lut3_I0_O)        0.105     9.266 r  u_round_cic_normalized_output/rounded_value_carry_i_3/O
                         net (fo=1, routed)           0.870    10.135    u_round_cic_normalized_output/rounded_value_carry_i_3_n_0
    SLICE_X10Y73         LUT5 (Prop_lut5_I2_O)        0.105    10.240 r  u_round_cic_normalized_output/rounded_value_carry_i_1/O
                         net (fo=1, routed)           0.000    10.240    u_round_cic_normalized_output/rounded_value_carry_i_1_n_0
    SLICE_X10Y73         CARRY4 (Prop_carry4_S[0]_CO[3])
                                                      0.423    10.663 r  u_round_cic_normalized_output/rounded_value_carry/CO[3]
                         net (fo=1, routed)           0.000    10.663    u_round_cic_normalized_output/rounded_value_carry_n_0
    SLICE_X10Y74         CARRY4 (Prop_carry4_CI_CO[3])
                                                      0.100    10.763 r  u_round_cic_normalized_output/rounded_value_carry__0/CO[3]
                         net (fo=1, routed)           0.008    10.771    u_round_cic_normalized_output/rounded_value_carry__0_n_0
    SLICE_X10Y75         CARRY4 (Prop_carry4_CI_CO[3])
                                                      0.100    10.871 r  u_round_cic_normalized_output/rounded_value_carry__1/CO[3]
                         net (fo=1, routed)           0.000    10.871    u_round_cic_normalized_output/rounded_value_carry__1_n_0
    SLICE_X10Y76         CARRY4 (Prop_carry4_CI_CO[3])
                                                      0.100    10.971 r  u_round_cic_normalized_output/rounded_value_carry__2/CO[3]
                         net (fo=1, routed)           0.000    10.971    u_round_cic_normalized_output/rounded_value_carry__2_n_0
    SLICE_X10Y77         CARRY4 (Prop_carry4_CI_CO[3])
                                                      0.100    11.071 r  u_round_cic_normalized_output/rounded_value_carry__3/CO[3]
                         net (fo=1, routed)           0.000    11.071    u_round_cic_normalized_output/rounded_value_carry__3_n_0
    SLICE_X10Y78         CARRY4 (Prop_carry4_CI_CO[1])
                                                      0.131    11.202 r  u_round_cic_normalized_output/rounded_value_carry__4/CO[1]
                         net (fo=20, routed)          0.925    12.128    u_round_cic_normalized_output/rounded_value_carry__4_n_2
    SLICE_X11Y75         LUT4 (Prop_lut4_I2_O)        0.277    12.405 r  u_round_cic_normalized_output/y_out[7]_i_1/O
                         net (fo=1, routed)           0.000    12.405    normalized_output[7]
    SLICE_X11Y75         FDRE                                         r  y_out_reg[7]/D
  -------------------------------------------------------------------    -------------------

                         (clock clk_audio_128x rise edge)
                                                    162.760   162.760 r  
                                                      0.000   162.760 r  clk (IN)
                         net (fo=120, unset)          0.748   163.508    clk
    SLICE_X11Y75         FDRE                                         r  y_out_reg[7]/C
                         clock pessimism              0.000   163.508    
                         clock uncertainty           -0.035   163.472    
    SLICE_X11Y75         FDRE (Setup_fdre_C_D)        0.032   163.504    y_out_reg[7]
  -------------------------------------------------------------------
                         required time                        163.504    
                         arrival time                         -12.405    
  -------------------------------------------------------------------
                         slack                                151.100    

Slack (MET) :             151.123ns  (required time - arrival time)
  Source:                 burst_remaining_reg[1]/C
                            (rising edge-triggered cell FDRE clocked by clk_audio_128x  {rise@0.000ns fall@81.380ns period=162.760ns})
  Destination:            y_out_reg[11]/D
                            (rising edge-triggered cell FDRE clocked by clk_audio_128x  {rise@0.000ns fall@81.380ns period=162.760ns})
  Path Group:             clk_audio_128x
  Path Type:              Setup (Max at Slow Process Corner)
  Requirement:            162.760ns  (clk_audio_128x rise@162.760ns - clk_audio_128x rise@0.000ns)
  Data Path Delay:        11.632ns  (logic 5.586ns (48.024%)  route 6.046ns (51.976%))
  Logic Levels:           13  (CARRY4=6 DSP48E1=2 LUT3=2 LUT4=1 LUT5=1 LUT6=1)
  Clock Path Skew:        -0.039ns (DCD - SCD + CPR)
    Destination Clock Delay (DCD):    0.748ns = ( 163.508 - 162.760 ) 
    Source Clock Delay      (SCD):    0.787ns
    Clock Pessimism Removal (CPR):    0.000ns
  Clock Uncertainty:      0.035ns  ((TSJ^2 + TIJ^2)^1/2 + DJ) / 2 + PE
    Total System Jitter     (TSJ):    0.071ns
    Total Input Jitter      (TIJ):    0.000ns
    Discrete Jitter          (DJ):    0.000ns
    Phase Error              (PE):    0.000ns

    Location             Delay type                Incr(ns)  Path(ns)    Netlist Resource(s)
  -------------------------------------------------------------------    -------------------
                         (clock clk_audio_128x rise edge)
                                                      0.000     0.000 r  
                                                      0.000     0.000 r  clk (IN)
                         net (fo=120, unset)          0.787     0.787    clk
    SLICE_X14Y74         FDRE                                         r  burst_remaining_reg[1]/C
  -------------------------------------------------------------------    -------------------
    SLICE_X14Y74         FDRE (Prop_fdre_C_Q)         0.433     1.220 f  burst_remaining_reg[1]/Q
                         net (fo=5, routed)           0.700     1.920    burst_remaining_dbg[1]
    SLICE_X14Y74         LUT6 (Prop_lut6_I3_O)        0.105     2.025 r  burst_remaining[3]_i_3/O
                         net (fo=52, routed)          0.700     2.725    hold_sample
    SLICE_X14Y76         LUT3 (Prop_lut3_I1_O)        0.105     2.830 r  gen_first_integrator_dsp.first_integrator_sum_i_19/O
                         net (fo=26, routed)          0.923     3.753    high_rate_input[22]
    DSP48_X0Y31          DSP48E1 (Prop_dsp48e1_A[19]_P[25])
                                                      1.744     5.497 r  gen_first_integrator_dsp.first_integrator_sum/P[25]
                         net (fo=46, routed)          0.942     6.439    gen_first_integrator_dsp.first_integrator_sum_n_80
    DSP48_X0Y30          DSP48E1 (Prop_dsp48e1_A[17]_P[0])
                                                      1.744     8.183 r  gen_final_integrator_dsp.final_integrator_sum/P[0]
                         net (fo=2, routed)           0.977     9.161    u_round_cic_normalized_output/P[0]
    SLICE_X12Y75         LUT3 (Prop_lut3_I0_O)        0.105     9.266 r  u_round_cic_normalized_output/rounded_value_carry_i_3/O
                         net (fo=1, routed)           0.870    10.135    u_round_cic_normalized_output/rounded_value_carry_i_3_n_0
    SLICE_X10Y73         LUT5 (Prop_lut5_I2_O)        0.105    10.240 r  u_round_cic_normalized_output/rounded_value_carry_i_1/O
                         net (fo=1, routed)           0.000    10.240    u_round_cic_normalized_output/rounded_value_carry_i_1_n_0
    SLICE_X10Y73         CARRY4 (Prop_carry4_S[0]_CO[3])
                                                      0.423    10.663 r  u_round_cic_normalized_output/rounded_value_carry/CO[3]
                         net (fo=1, routed)           0.000    10.663    u_round_cic_normalized_output/rounded_value_carry_n_0
    SLICE_X10Y74         CARRY4 (Prop_carry4_CI_CO[3])
                                                      0.100    10.763 r  u_round_cic_normalized_output/rounded_value_carry__0/CO[3]
                         net (fo=1, routed)           0.008    10.771    u_round_cic_normalized_output/rounded_value_carry__0_n_0
    SLICE_X10Y75         CARRY4 (Prop_carry4_CI_CO[3])
                                                      0.100    10.871 r  u_round_cic_normalized_output/rounded_value_carry__1/CO[3]
                         net (fo=1, routed)           0.000    10.871    u_round_cic_normalized_output/rounded_value_carry__1_n_0
    SLICE_X10Y76         CARRY4 (Prop_carry4_CI_CO[3])
                                                      0.100    10.971 r  u_round_cic_normalized_output/rounded_value_carry__2/CO[3]
                         net (fo=1, routed)           0.000    10.971    u_round_cic_normalized_output/rounded_value_carry__2_n_0
    SLICE_X10Y77         CARRY4 (Prop_carry4_CI_CO[3])
                                                      0.100    11.071 r  u_round_cic_normalized_output/rounded_value_carry__3/CO[3]
                         net (fo=1, routed)           0.000    11.071    u_round_cic_normalized_output/rounded_value_carry__3_n_0
    SLICE_X10Y78         CARRY4 (Prop_carry4_CI_CO[1])
                                                      0.131    11.202 r  u_round_cic_normalized_output/rounded_value_carry__4/CO[1]
                         net (fo=20, routed)          0.925    12.128    u_round_cic_normalized_output/rounded_value_carry__4_n_2
    SLICE_X11Y75         LUT4 (Prop_lut4_I2_O)        0.291    12.419 r  u_round_cic_normalized_output/y_out[11]_i_1/O
                         net (fo=1, routed)           0.000    12.419    normalized_output[11]
    SLICE_X11Y75         FDRE                                         r  y_out_reg[11]/D
  -------------------------------------------------------------------    -------------------

                         (clock clk_audio_128x rise edge)
                                                    162.760   162.760 r  
                                                      0.000   162.760 r  clk (IN)
                         net (fo=120, unset)          0.748   163.508    clk
    SLICE_X11Y75         FDRE                                         r  y_out_reg[11]/C
                         clock pessimism              0.000   163.508    
                         clock uncertainty           -0.035   163.472    
    SLICE_X11Y75         FDRE (Setup_fdre_C_D)        0.069   163.541    y_out_reg[11]
  -------------------------------------------------------------------
                         required time                        163.541    
                         arrival time                         -12.419    
  -------------------------------------------------------------------
                         slack                                151.123    

Slack (MET) :             151.123ns  (required time - arrival time)
  Source:                 burst_remaining_reg[1]/C
                            (rising edge-triggered cell FDRE clocked by clk_audio_128x  {rise@0.000ns fall@81.380ns period=162.760ns})
  Destination:            y_out_reg[8]/D
                            (rising edge-triggered cell FDRE clocked by clk_audio_128x  {rise@0.000ns fall@81.380ns period=162.760ns})
  Path Group:             clk_audio_128x
  Path Type:              Setup (Max at Slow Process Corner)
  Requirement:            162.760ns  (clk_audio_128x rise@162.760ns - clk_audio_128x rise@0.000ns)
  Data Path Delay:        11.632ns  (logic 5.586ns (48.024%)  route 6.046ns (51.976%))
  Logic Levels:           13  (CARRY4=6 DSP48E1=2 LUT3=2 LUT4=1 LUT5=1 LUT6=1)
  Clock Path Skew:        -0.039ns (DCD - SCD + CPR)
    Destination Clock Delay (DCD):    0.748ns = ( 163.508 - 162.760 ) 
    Source Clock Delay      (SCD):    0.787ns
    Clock Pessimism Removal (CPR):    0.000ns
  Clock Uncertainty:      0.035ns  ((TSJ^2 + TIJ^2)^1/2 + DJ) / 2 + PE
    Total System Jitter     (TSJ):    0.071ns
    Total Input Jitter      (TIJ):    0.000ns
    Discrete Jitter          (DJ):    0.000ns
    Phase Error              (PE):    0.000ns

    Location             Delay type                Incr(ns)  Path(ns)    Netlist Resource(s)
  -------------------------------------------------------------------    -------------------
                         (clock clk_audio_128x rise edge)
                                                      0.000     0.000 r  
                                                      0.000     0.000 r  clk (IN)
                         net (fo=120, unset)          0.787     0.787    clk
    SLICE_X14Y74         FDRE                                         r  burst_remaining_reg[1]/C
  -------------------------------------------------------------------    -------------------
    SLICE_X14Y74         FDRE (Prop_fdre_C_Q)         0.433     1.220 f  burst_remaining_reg[1]/Q
                         net (fo=5, routed)           0.700     1.920    burst_remaining_dbg[1]
    SLICE_X14Y74         LUT6 (Prop_lut6_I3_O)        0.105     2.025 r  burst_remaining[3]_i_3/O
                         net (fo=52, routed)          0.700     2.725    hold_sample
    SLICE_X14Y76         LUT3 (Prop_lut3_I1_O)        0.105     2.830 r  gen_first_integrator_dsp.first_integrator_sum_i_19/O
                         net (fo=26, routed)          0.923     3.753    high_rate_input[22]
    DSP48_X0Y31          DSP48E1 (Prop_dsp48e1_A[19]_P[25])
                                                      1.744     5.497 r  gen_first_integrator_dsp.first_integrator_sum/P[25]
                         net (fo=46, routed)          0.942     6.439    gen_first_integrator_dsp.first_integrator_sum_n_80
    DSP48_X0Y30          DSP48E1 (Prop_dsp48e1_A[17]_P[0])
                                                      1.744     8.183 r  gen_final_integrator_dsp.final_integrator_sum/P[0]
                         net (fo=2, routed)           0.977     9.161    u_round_cic_normalized_output/P[0]
    SLICE_X12Y75         LUT3 (Prop_lut3_I0_O)        0.105     9.266 r  u_round_cic_normalized_output/rounded_value_carry_i_3/O
                         net (fo=1, routed)           0.870    10.135    u_round_cic_normalized_output/rounded_value_carry_i_3_n_0
    SLICE_X10Y73         LUT5 (Prop_lut5_I2_O)        0.105    10.240 r  u_round_cic_normalized_output/rounded_value_carry_i_1/O
                         net (fo=1, routed)           0.000    10.240    u_round_cic_normalized_output/rounded_value_carry_i_1_n_0
    SLICE_X10Y73         CARRY4 (Prop_carry4_S[0]_CO[3])
                                                      0.423    10.663 r  u_round_cic_normalized_output/rounded_value_carry/CO[3]
                         net (fo=1, routed)           0.000    10.663    u_round_cic_normalized_output/rounded_value_carry_n_0
    SLICE_X10Y74         CARRY4 (Prop_carry4_CI_CO[3])
                                                      0.100    10.763 r  u_round_cic_normalized_output/rounded_value_carry__0/CO[3]
                         net (fo=1, routed)           0.008    10.771    u_round_cic_normalized_output/rounded_value_carry__0_n_0
    SLICE_X10Y75         CARRY4 (Prop_carry4_CI_CO[3])
                                                      0.100    10.871 r  u_round_cic_normalized_output/rounded_value_carry__1/CO[3]
                         net (fo=1, routed)           0.000    10.871    u_round_cic_normalized_output/rounded_value_carry__1_n_0
    SLICE_X10Y76         CARRY4 (Prop_carry4_CI_CO[3])
                                                      0.100    10.971 r  u_round_cic_normalized_output/rounded_value_carry__2/CO[3]
                         net (fo=1, routed)           0.000    10.971    u_round_cic_normalized_output/rounded_value_carry__2_n_0
    SLICE_X10Y77         CARRY4 (Prop_carry4_CI_CO[3])
                                                      0.100    11.071 r  u_round_cic_normalized_output/rounded_value_carry__3/CO[3]
                         net (fo=1, routed)           0.000    11.071    u_round_cic_normalized_output/rounded_value_carry__3_n_0
    SLICE_X10Y78         CARRY4 (Prop_carry4_CI_CO[1])
                                                      0.131    11.202 r  u_round_cic_normalized_output/rounded_value_carry__4/CO[1]
                         net (fo=20, routed)          0.925    12.128    u_round_cic_normalized_output/rounded_value_carry__4_n_2
    SLICE_X11Y75         LUT4 (Prop_lut4_I2_O)        0.291    12.419 r  u_round_cic_normalized_output/y_out[8]_i_1/O
                         net (fo=1, routed)           0.000    12.419    normalized_output[8]
    SLICE_X11Y75         FDRE                                         r  y_out_reg[8]/D
  -------------------------------------------------------------------    -------------------

                         (clock clk_audio_128x rise edge)
                                                    162.760   162.760 r  
                                                      0.000   162.760 r  clk (IN)
                         net (fo=120, unset)          0.748   163.508    clk
    SLICE_X11Y75         FDRE                                         r  y_out_reg[8]/C
                         clock pessimism              0.000   163.508    
                         clock uncertainty           -0.035   163.472    
    SLICE_X11Y75         FDRE (Setup_fdre_C_D)        0.069   163.541    y_out_reg[8]
  -------------------------------------------------------------------
                         required time                        163.541    
                         arrival time                         -12.419    
  -------------------------------------------------------------------
                         slack                                151.123    

Slack (MET) :             151.190ns  (required time - arrival time)
  Source:                 burst_remaining_reg[1]/C
                            (rising edge-triggered cell FDRE clocked by clk_audio_128x  {rise@0.000ns fall@81.380ns period=162.760ns})
  Destination:            y_out_reg[13]/D
                            (rising edge-triggered cell FDRE clocked by clk_audio_128x  {rise@0.000ns fall@81.380ns period=162.760ns})
  Path Group:             clk_audio_128x
  Path Type:              Setup (Max at Slow Process Corner)
  Requirement:            162.760ns  (clk_audio_128x rise@162.760ns - clk_audio_128x rise@0.000ns)
  Data Path Delay:        11.528ns  (logic 5.576ns (48.371%)  route 5.952ns (51.629%))
  Logic Levels:           12  (CARRY4=5 DSP48E1=2 LUT3=2 LUT4=1 LUT5=1 LUT6=1)
  Clock Path Skew:        -0.039ns (DCD - SCD + CPR)
    Destination Clock Delay (DCD):    0.748ns = ( 163.508 - 162.760 ) 
    Source Clock Delay      (SCD):    0.787ns
    Clock Pessimism Removal (CPR):    0.000ns
  Clock Uncertainty:      0.035ns  ((TSJ^2 + TIJ^2)^1/2 + DJ) / 2 + PE
    Total System Jitter     (TSJ):    0.071ns
    Total Input Jitter      (TIJ):    0.000ns
    Discrete Jitter          (DJ):    0.000ns
    Phase Error              (PE):    0.000ns

    Location             Delay type                Incr(ns)  Path(ns)    Netlist Resource(s)
  -------------------------------------------------------------------    -------------------
                         (clock clk_audio_128x rise edge)
                                                      0.000     0.000 r  
                                                      0.000     0.000 r  clk (IN)
                         net (fo=120, unset)          0.787     0.787    clk
    SLICE_X14Y74         FDRE                                         r  burst_remaining_reg[1]/C
  -------------------------------------------------------------------    -------------------
    SLICE_X14Y74         FDRE (Prop_fdre_C_Q)         0.433     1.220 f  burst_remaining_reg[1]/Q
                         net (fo=5, routed)           0.700     1.920    burst_remaining_dbg[1]
    SLICE_X14Y74         LUT6 (Prop_lut6_I3_O)        0.105     2.025 r  burst_remaining[3]_i_3/O
                         net (fo=52, routed)          0.700     2.725    hold_sample
    SLICE_X14Y76         LUT3 (Prop_lut3_I1_O)        0.105     2.830 r  gen_first_integrator_dsp.first_integrator_sum_i_19/O
                         net (fo=26, routed)          0.923     3.753    high_rate_input[22]
    DSP48_X0Y31          DSP48E1 (Prop_dsp48e1_A[19]_P[25])
                                                      1.744     5.497 r  gen_first_integrator_dsp.first_integrator_sum/P[25]
                         net (fo=46, routed)          0.942     6.439    gen_first_integrator_dsp.first_integrator_sum_n_80
    DSP48_X0Y30          DSP48E1 (Prop_dsp48e1_A[17]_P[0])
                                                      1.744     8.183 r  gen_final_integrator_dsp.final_integrator_sum/P[0]
                         net (fo=2, routed)           0.977     9.161    u_round_cic_normalized_output/P[0]
    SLICE_X12Y75         LUT3 (Prop_lut3_I0_O)        0.105     9.266 r  u_round_cic_normalized_output/rounded_value_carry_i_3/O
                         net (fo=1, routed)           0.870    10.135    u_round_cic_normalized_output/rounded_value_carry_i_3_n_0
    SLICE_X10Y73         LUT5 (Prop_lut5_I2_O)        0.105    10.240 r  u_round_cic_normalized_output/rounded_value_carry_i_1/O
                         net (fo=1, routed)           0.000    10.240    u_round_cic_normalized_output/rounded_value_carry_i_1_n_0
    SLICE_X10Y73         CARRY4 (Prop_carry4_S[0]_CO[3])
                                                      0.423    10.663 r  u_round_cic_normalized_output/rounded_value_carry/CO[3]
                         net (fo=1, routed)           0.000    10.663    u_round_cic_normalized_output/rounded_value_carry_n_0
    SLICE_X10Y74         CARRY4 (Prop_carry4_CI_CO[3])
                                                      0.100    10.763 r  u_round_cic_normalized_output/rounded_value_carry__0/CO[3]
                         net (fo=1, routed)           0.008    10.771    u_round_cic_normalized_output/rounded_value_carry__0_n_0
    SLICE_X10Y75         CARRY4 (Prop_carry4_CI_CO[3])
                                                      0.100    10.871 r  u_round_cic_normalized_output/rounded_value_carry__1/CO[3]
                         net (fo=1, routed)           0.000    10.871    u_round_cic_normalized_output/rounded_value_carry__1_n_0
    SLICE_X10Y76         CARRY4 (Prop_carry4_CI_CO[3])
                                                      0.100    10.971 r  u_round_cic_normalized_output/rounded_value_carry__2/CO[3]
                         net (fo=1, routed)           0.000    10.971    u_round_cic_normalized_output/rounded_value_carry__2_n_0
    SLICE_X10Y77         CARRY4 (Prop_carry4_CI_O[3])
                                                      0.262    11.233 r  u_round_cic_normalized_output/rounded_value_carry__3/O[3]
                         net (fo=19, routed)          0.831    12.065    u_round_cic_normalized_output/p_0_in0
    SLICE_X11Y76         LUT4 (Prop_lut4_I3_O)        0.250    12.315 r  u_round_cic_normalized_output/y_out[13]_i_1/O
                         net (fo=1, routed)           0.000    12.315    normalized_output[13]
    SLICE_X11Y76         FDRE                                         r  y_out_reg[13]/D
  -------------------------------------------------------------------    -------------------

                         (clock clk_audio_128x rise edge)
                                                    162.760   162.760 r  
                                                      0.000   162.760 r  clk (IN)
                         net (fo=120, unset)          0.748   163.508    clk
    SLICE_X11Y76         FDRE                                         r  y_out_reg[13]/C
                         clock pessimism              0.000   163.508    
                         clock uncertainty           -0.035   163.472    
    SLICE_X11Y76         FDRE (Setup_fdre_C_D)        0.032   163.504    y_out_reg[13]
  -------------------------------------------------------------------
                         required time                        163.504    
                         arrival time                         -12.315    
  -------------------------------------------------------------------
                         slack                                151.190    

Slack (MET) :             151.217ns  (required time - arrival time)
  Source:                 burst_remaining_reg[1]/C
                            (rising edge-triggered cell FDRE clocked by clk_audio_128x  {rise@0.000ns fall@81.380ns period=162.760ns})
  Destination:            y_out_reg[14]/D
                            (rising edge-triggered cell FDRE clocked by clk_audio_128x  {rise@0.000ns fall@81.380ns period=162.760ns})
  Path Group:             clk_audio_128x
  Path Type:              Setup (Max at Slow Process Corner)
  Requirement:            162.760ns  (clk_audio_128x rise@162.760ns - clk_audio_128x rise@0.000ns)
  Data Path Delay:        11.538ns  (logic 5.586ns (48.416%)  route 5.952ns (51.584%))
  Logic Levels:           12  (CARRY4=5 DSP48E1=2 LUT3=2 LUT4=1 LUT5=1 LUT6=1)
  Clock Path Skew:        -0.039ns (DCD - SCD + CPR)
    Destination Clock Delay (DCD):    0.748ns = ( 163.508 - 162.760 ) 
    Source Clock Delay      (SCD):    0.787ns
    Clock Pessimism Removal (CPR):    0.000ns
  Clock Uncertainty:      0.035ns  ((TSJ^2 + TIJ^2)^1/2 + DJ) / 2 + PE
    Total System Jitter     (TSJ):    0.071ns
    Total Input Jitter      (TIJ):    0.000ns
    Discrete Jitter          (DJ):    0.000ns
    Phase Error              (PE):    0.000ns

    Location             Delay type                Incr(ns)  Path(ns)    Netlist Resource(s)
  -------------------------------------------------------------------    -------------------
                         (clock clk_audio_128x rise edge)
                                                      0.000     0.000 r  
                                                      0.000     0.000 r  clk (IN)
                         net (fo=120, unset)          0.787     0.787    clk
    SLICE_X14Y74         FDRE                                         r  burst_remaining_reg[1]/C
  -------------------------------------------------------------------    -------------------
    SLICE_X14Y74         FDRE (Prop_fdre_C_Q)         0.433     1.220 f  burst_remaining_reg[1]/Q
                         net (fo=5, routed)           0.700     1.920    burst_remaining_dbg[1]
    SLICE_X14Y74         LUT6 (Prop_lut6_I3_O)        0.105     2.025 r  burst_remaining[3]_i_3/O
                         net (fo=52, routed)          0.700     2.725    hold_sample
    SLICE_X14Y76         LUT3 (Prop_lut3_I1_O)        0.105     2.830 r  gen_first_integrator_dsp.first_integrator_sum_i_19/O
                         net (fo=26, routed)          0.923     3.753    high_rate_input[22]
    DSP48_X0Y31          DSP48E1 (Prop_dsp48e1_A[19]_P[25])
                                                      1.744     5.497 r  gen_first_integrator_dsp.first_integrator_sum/P[25]
                         net (fo=46, routed)          0.942     6.439    gen_first_integrator_dsp.first_integrator_sum_n_80
    DSP48_X0Y30          DSP48E1 (Prop_dsp48e1_A[17]_P[0])
                                                      1.744     8.183 r  gen_final_integrator_dsp.final_integrator_sum/P[0]
                         net (fo=2, routed)           0.977     9.161    u_round_cic_normalized_output/P[0]
    SLICE_X12Y75         LUT3 (Prop_lut3_I0_O)        0.105     9.266 r  u_round_cic_normalized_output/rounded_value_carry_i_3/O
                         net (fo=1, routed)           0.870    10.135    u_round_cic_normalized_output/rounded_value_carry_i_3_n_0
    SLICE_X10Y73         LUT5 (Prop_lut5_I2_O)        0.105    10.240 r  u_round_cic_normalized_output/rounded_value_carry_i_1/O
                         net (fo=1, routed)           0.000    10.240    u_round_cic_normalized_output/rounded_value_carry_i_1_n_0
    SLICE_X10Y73         CARRY4 (Prop_carry4_S[0]_CO[3])
                                                      0.423    10.663 r  u_round_cic_normalized_output/rounded_value_carry/CO[3]
                         net (fo=1, routed)           0.000    10.663    u_round_cic_normalized_output/rounded_value_carry_n_0
    SLICE_X10Y74         CARRY4 (Prop_carry4_CI_CO[3])
                                                      0.100    10.763 r  u_round_cic_normalized_output/rounded_value_carry__0/CO[3]
                         net (fo=1, routed)           0.008    10.771    u_round_cic_normalized_output/rounded_value_carry__0_n_0
    SLICE_X10Y75         CARRY4 (Prop_carry4_CI_CO[3])
                                                      0.100    10.871 r  u_round_cic_normalized_output/rounded_value_carry__1/CO[3]
                         net (fo=1, routed)           0.000    10.871    u_round_cic_normalized_output/rounded_value_carry__1_n_0
    SLICE_X10Y76         CARRY4 (Prop_carry4_CI_CO[3])
                                                      0.100    10.971 r  u_round_cic_normalized_output/rounded_value_carry__2/CO[3]
                         net (fo=1, routed)           0.000    10.971    u_round_cic_normalized_output/rounded_value_carry__2_n_0
    SLICE_X10Y77         CARRY4 (Prop_carry4_CI_O[3])
                                                      0.262    11.233 r  u_round_cic_normalized_output/rounded_value_carry__3/O[3]
                         net (fo=19, routed)          0.831    12.065    u_round_cic_normalized_output/p_0_in0
    SLICE_X11Y76         LUT4 (Prop_lut4_I3_O)        0.260    12.325 r  u_round_cic_normalized_output/y_out[14]_i_1/O
                         net (fo=1, routed)           0.000    12.325    normalized_output[14]
    SLICE_X11Y76         FDRE                                         r  y_out_reg[14]/D
  -------------------------------------------------------------------    -------------------

                         (clock clk_audio_128x rise edge)
                                                    162.760   162.760 r  
                                                      0.000   162.760 r  clk (IN)
                         net (fo=120, unset)          0.748   163.508    clk
    SLICE_X11Y76         FDRE                                         r  y_out_reg[14]/C
                         clock pessimism              0.000   163.508    
                         clock uncertainty           -0.035   163.472    
    SLICE_X11Y76         FDRE (Setup_fdre_C_D)        0.069   163.541    y_out_reg[14]
  -------------------------------------------------------------------
                         required time                        163.541    
                         arrival time                         -12.325    
  -------------------------------------------------------------------
                         slack                                151.217    

Slack (MET) :             151.222ns  (required time - arrival time)
  Source:                 burst_remaining_reg[1]/C
                            (rising edge-triggered cell FDRE clocked by clk_audio_128x  {rise@0.000ns fall@81.380ns period=162.760ns})
  Destination:            y_out_reg[12]/D
                            (rising edge-triggered cell FDRE clocked by clk_audio_128x  {rise@0.000ns fall@81.380ns period=162.760ns})
  Path Group:             clk_audio_128x
  Path Type:              Setup (Max at Slow Process Corner)
  Requirement:            162.760ns  (clk_audio_128x rise@162.760ns - clk_audio_128x rise@0.000ns)
  Data Path Delay:        11.493ns  (logic 5.572ns (48.483%)  route 5.921ns (51.517%))
  Logic Levels:           13  (CARRY4=6 DSP48E1=2 LUT3=2 LUT4=1 LUT5=1 LUT6=1)
  Clock Path Skew:        -0.039ns (DCD - SCD + CPR)
    Destination Clock Delay (DCD):    0.748ns = ( 163.508 - 162.760 ) 
    Source Clock Delay      (SCD):    0.787ns
    Clock Pessimism Removal (CPR):    0.000ns
  Clock Uncertainty:      0.035ns  ((TSJ^2 + TIJ^2)^1/2 + DJ) / 2 + PE
    Total System Jitter     (TSJ):    0.071ns
    Total Input Jitter      (TIJ):    0.000ns
    Discrete Jitter          (DJ):    0.000ns
    Phase Error              (PE):    0.000ns

    Location             Delay type                Incr(ns)  Path(ns)    Netlist Resource(s)
  -------------------------------------------------------------------    -------------------
                         (clock clk_audio_128x rise edge)
                                                      0.000     0.000 r  
                                                      0.000     0.000 r  clk (IN)
                         net (fo=120, unset)          0.787     0.787    clk
    SLICE_X14Y74         FDRE                                         r  burst_remaining_reg[1]/C
  -------------------------------------------------------------------    -------------------
    SLICE_X14Y74         FDRE (Prop_fdre_C_Q)         0.433     1.220 f  burst_remaining_reg[1]/Q
                         net (fo=5, routed)           0.700     1.920    burst_remaining_dbg[1]
    SLICE_X14Y74         LUT6 (Prop_lut6_I3_O)        0.105     2.025 r  burst_remaining[3]_i_3/O
                         net (fo=52, routed)          0.700     2.725    hold_sample
    SLICE_X14Y76         LUT3 (Prop_lut3_I1_O)        0.105     2.830 r  gen_first_integrator_dsp.first_integrator_sum_i_19/O
                         net (fo=26, routed)          0.923     3.753    high_rate_input[22]
    DSP48_X0Y31          DSP48E1 (Prop_dsp48e1_A[19]_P[25])
                                                      1.744     5.497 r  gen_first_integrator_dsp.first_integrator_sum/P[25]
                         net (fo=46, routed)          0.942     6.439    gen_first_integrator_dsp.first_integrator_sum_n_80
    DSP48_X0Y30          DSP48E1 (Prop_dsp48e1_A[17]_P[0])
                                                      1.744     8.183 r  gen_final_integrator_dsp.final_integrator_sum/P[0]
                         net (fo=2, routed)           0.977     9.161    u_round_cic_normalized_output/P[0]
    SLICE_X12Y75         LUT3 (Prop_lut3_I0_O)        0.105     9.266 r  u_round_cic_normalized_output/rounded_value_carry_i_3/O
                         net (fo=1, routed)           0.870    10.135    u_round_cic_normalized_output/rounded_value_carry_i_3_n_0
    SLICE_X10Y73         LUT5 (Prop_lut5_I2_O)        0.105    10.240 r  u_round_cic_normalized_output/rounded_value_carry_i_1/O
                         net (fo=1, routed)           0.000    10.240    u_round_cic_normalized_output/rounded_value_carry_i_1_n_0
    SLICE_X10Y73         CARRY4 (Prop_carry4_S[0]_CO[3])
                                                      0.423    10.663 r  u_round_cic_normalized_output/rounded_value_carry/CO[3]
                         net (fo=1, routed)           0.000    10.663    u_round_cic_normalized_output/rounded_value_carry_n_0
    SLICE_X10Y74         CARRY4 (Prop_carry4_CI_CO[3])
                                                      0.100    10.763 r  u_round_cic_normalized_output/rounded_value_carry__0/CO[3]
                         net (fo=1, routed)           0.008    10.771    u_round_cic_normalized_output/rounded_value_carry__0_n_0
    SLICE_X10Y75         CARRY4 (Prop_carry4_CI_CO[3])
                                                      0.100    10.871 r  u_round_cic_normalized_output/rounded_value_carry__1/CO[3]
                         net (fo=1, routed)           0.000    10.871    u_round_cic_normalized_output/rounded_value_carry__1_n_0
    SLICE_X10Y76         CARRY4 (Prop_carry4_CI_CO[3])
                                                      0.100    10.971 r  u_round_cic_normalized_output/rounded_value_carry__2/CO[3]
                         net (fo=1, routed)           0.000    10.971    u_round_cic_normalized_output/rounded_value_carry__2_n_0
    SLICE_X10Y77         CARRY4 (Prop_carry4_CI_CO[3])
                                                      0.100    11.071 r  u_round_cic_normalized_output/rounded_value_carry__3/CO[3]
                         net (fo=1, routed)           0.000    11.071    u_round_cic_normalized_output/rounded_value_carry__3_n_0
    SLICE_X10Y78         CARRY4 (Prop_carry4_CI_CO[1])
                                                      0.131    11.202 r  u_round_cic_normalized_output/rounded_value_carry__4/CO[1]
                         net (fo=20, routed)          0.801    12.003    u_round_cic_normalized_output/rounded_value_carry__4_n_2
    SLICE_X11Y76         LUT4 (Prop_lut4_I2_O)        0.277    12.280 r  u_round_cic_normalized_output/y_out[12]_i_1/O
                         net (fo=1, routed)           0.000    12.280    normalized_output[12]
    SLICE_X11Y76         FDRE                                         r  y_out_reg[12]/D
  -------------------------------------------------------------------    -------------------

                         (clock clk_audio_128x rise edge)
                                                    162.760   162.760 r  
                                                      0.000   162.760 r  clk (IN)
                         net (fo=120, unset)          0.748   163.508    clk
    SLICE_X11Y76         FDRE                                         r  y_out_reg[12]/C
                         clock pessimism              0.000   163.508    
                         clock uncertainty           -0.035   163.472    
    SLICE_X11Y76         FDRE (Setup_fdre_C_D)        0.030   163.502    y_out_reg[12]
  -------------------------------------------------------------------
                         required time                        163.502    
                         arrival time                         -12.280    
  -------------------------------------------------------------------
                         slack                                151.222    

Slack (MET) :             151.224ns  (required time - arrival time)
  Source:                 burst_remaining_reg[1]/C
                            (rising edge-triggered cell FDRE clocked by clk_audio_128x  {rise@0.000ns fall@81.380ns period=162.760ns})
  Destination:            y_out_reg[16]/D
                            (rising edge-triggered cell FDRE clocked by clk_audio_128x  {rise@0.000ns fall@81.380ns period=162.760ns})
  Path Group:             clk_audio_128x
  Path Type:              Setup (Max at Slow Process Corner)
  Requirement:            162.760ns  (clk_audio_128x rise@162.760ns - clk_audio_128x rise@0.000ns)
  Data Path Delay:        11.491ns  (logic 5.580ns (48.560%)  route 5.911ns (51.440%))
  Logic Levels:           13  (CARRY4=6 DSP48E1=2 LUT3=2 LUT4=1 LUT5=1 LUT6=1)
  Clock Path Skew:        -0.039ns (DCD - SCD + CPR)
    Destination Clock Delay (DCD):    0.748ns = ( 163.508 - 162.760 ) 
    Source Clock Delay      (SCD):    0.787ns
    Clock Pessimism Removal (CPR):    0.000ns
  Clock Uncertainty:      0.035ns  ((TSJ^2 + TIJ^2)^1/2 + DJ) / 2 + PE
    Total System Jitter     (TSJ):    0.071ns
    Total Input Jitter      (TIJ):    0.000ns
    Discrete Jitter          (DJ):    0.000ns
    Phase Error              (PE):    0.000ns

    Location             Delay type                Incr(ns)  Path(ns)    Netlist Resource(s)
  -------------------------------------------------------------------    -------------------
                         (clock clk_audio_128x rise edge)
                                                      0.000     0.000 r  
                                                      0.000     0.000 r  clk (IN)
                         net (fo=120, unset)          0.787     0.787    clk
    SLICE_X14Y74         FDRE                                         r  burst_remaining_reg[1]/C
  -------------------------------------------------------------------    -------------------
    SLICE_X14Y74         FDRE (Prop_fdre_C_Q)         0.433     1.220 f  burst_remaining_reg[1]/Q
                         net (fo=5, routed)           0.700     1.920    burst_remaining_dbg[1]
    SLICE_X14Y74         LUT6 (Prop_lut6_I3_O)        0.105     2.025 r  burst_remaining[3]_i_3/O
                         net (fo=52, routed)          0.700     2.725    hold_sample
    SLICE_X14Y76         LUT3 (Prop_lut3_I1_O)        0.105     2.830 r  gen_first_integrator_dsp.first_integrator_sum_i_19/O
                         net (fo=26, routed)          0.923     3.753    high_rate_input[22]
    DSP48_X0Y31          DSP48E1 (Prop_dsp48e1_A[19]_P[25])
                                                      1.744     5.497 r  gen_first_integrator_dsp.first_integrator_sum/P[25]
                         net (fo=46, routed)          0.942     6.439    gen_first_integrator_dsp.first_integrator_sum_n_80
    DSP48_X0Y30          DSP48E1 (Prop_dsp48e1_A[17]_P[0])
                                                      1.744     8.183 r  gen_final_integrator_dsp.final_integrator_sum/P[0]
                         net (fo=2, routed)           0.977     9.161    u_round_cic_normalized_output/P[0]
    SLICE_X12Y75         LUT3 (Prop_lut3_I0_O)        0.105     9.266 r  u_round_cic_normalized_output/rounded_value_carry_i_3/O
                         net (fo=1, routed)           0.870    10.135    u_round_cic_normalized_output/rounded_value_carry_i_3_n_0
    SLICE_X10Y73         LUT5 (Prop_lut5_I2_O)        0.105    10.240 r  u_round_cic_normalized_output/rounded_value_carry_i_1/O
                         net (fo=1, routed)           0.000    10.240    u_round_cic_normalized_output/rounded_value_carry_i_1_n_0
    SLICE_X10Y73         CARRY4 (Prop_carry4_S[0]_CO[3])
                                                      0.423    10.663 r  u_round_cic_normalized_output/rounded_value_carry/CO[3]
                         net (fo=1, routed)           0.000    10.663    u_round_cic_normalized_output/rounded_value_carry_n_0
    SLICE_X10Y74         CARRY4 (Prop_carry4_CI_CO[3])
                                                      0.100    10.763 r  u_round_cic_normalized_output/rounded_value_carry__0/CO[3]
                         net (fo=1, routed)           0.008    10.771    u_round_cic_normalized_output/rounded_value_carry__0_n_0
    SLICE_X10Y75         CARRY4 (Prop_carry4_CI_CO[3])
                                                      0.100    10.871 r  u_round_cic_normalized_output/rounded_value_carry__1/CO[3]
                         net (fo=1, routed)           0.000    10.871    u_round_cic_normalized_output/rounded_value_carry__1_n_0
    SLICE_X10Y76         CARRY4 (Prop_carry4_CI_CO[3])
                                                      0.100    10.971 r  u_round_cic_normalized_output/rounded_value_carry__2/CO[3]
                         net (fo=1, routed)           0.000    10.971    u_round_cic_normalized_output/rounded_value_carry__2_n_0
    SLICE_X10Y77         CARRY4 (Prop_carry4_CI_CO[3])
                                                      0.100    11.071 r  u_round_cic_normalized_output/rounded_value_carry__3/CO[3]
                         net (fo=1, routed)           0.000    11.071    u_round_cic_normalized_output/rounded_value_carry__3_n_0
    SLICE_X10Y78         CARRY4 (Prop_carry4_CI_O[0])
                                                      0.178    11.249 r  u_round_cic_normalized_output/rounded_value_carry__4/O[0]
                         net (fo=19, routed)          0.791    12.040    u_round_cic_normalized_output/p_1_in[0]
    SLICE_X11Y77         LUT4 (Prop_lut4_I1_O)        0.238    12.278 r  u_round_cic_normalized_output/y_out[16]_i_1/O
                         net (fo=1, routed)           0.000    12.278    normalized_output[16]
    SLICE_X11Y77         FDRE                                         r  y_out_reg[16]/D
  -------------------------------------------------------------------    -------------------

                         (clock clk_audio_128x rise edge)
                                                    162.760   162.760 r  
                                                      0.000   162.760 r  clk (IN)
                         net (fo=120, unset)          0.748   163.508    clk
    SLICE_X11Y77         FDRE                                         r  y_out_reg[16]/C
                         clock pessimism              0.000   163.508    
                         clock uncertainty           -0.035   163.472    
    SLICE_X11Y77         FDRE (Setup_fdre_C_D)        0.030   163.502    y_out_reg[16]
  -------------------------------------------------------------------
                         required time                        163.502    
                         arrival time                         -12.278    
  -------------------------------------------------------------------
                         slack                                151.224    

Slack (MET) :             151.247ns  (required time - arrival time)
  Source:                 burst_remaining_reg[1]/C
                            (rising edge-triggered cell FDRE clocked by clk_audio_128x  {rise@0.000ns fall@81.380ns period=162.760ns})
  Destination:            y_out_reg[15]/D
                            (rising edge-triggered cell FDRE clocked by clk_audio_128x  {rise@0.000ns fall@81.380ns period=162.760ns})
  Path Group:             clk_audio_128x
  Path Type:              Setup (Max at Slow Process Corner)
  Requirement:            162.760ns  (clk_audio_128x rise@162.760ns - clk_audio_128x rise@0.000ns)
  Data Path Delay:        11.507ns  (logic 5.586ns (48.545%)  route 5.921ns (51.455%))
  Logic Levels:           13  (CARRY4=6 DSP48E1=2 LUT3=2 LUT4=1 LUT5=1 LUT6=1)
  Clock Path Skew:        -0.039ns (DCD - SCD + CPR)
    Destination Clock Delay (DCD):    0.748ns = ( 163.508 - 162.760 ) 
    Source Clock Delay      (SCD):    0.787ns
    Clock Pessimism Removal (CPR):    0.000ns
  Clock Uncertainty:      0.035ns  ((TSJ^2 + TIJ^2)^1/2 + DJ) / 2 + PE
    Total System Jitter     (TSJ):    0.071ns
    Total Input Jitter      (TIJ):    0.000ns
    Discrete Jitter          (DJ):    0.000ns
    Phase Error              (PE):    0.000ns

    Location             Delay type                Incr(ns)  Path(ns)    Netlist Resource(s)
  -------------------------------------------------------------------    -------------------
                         (clock clk_audio_128x rise edge)
                                                      0.000     0.000 r  
                                                      0.000     0.000 r  clk (IN)
                         net (fo=120, unset)          0.787     0.787    clk
    SLICE_X14Y74         FDRE                                         r  burst_remaining_reg[1]/C
  -------------------------------------------------------------------    -------------------
    SLICE_X14Y74         FDRE (Prop_fdre_C_Q)         0.433     1.220 f  burst_remaining_reg[1]/Q
                         net (fo=5, routed)           0.700     1.920    burst_remaining_dbg[1]
    SLICE_X14Y74         LUT6 (Prop_lut6_I3_O)        0.105     2.025 r  burst_remaining[3]_i_3/O
                         net (fo=52, routed)          0.700     2.725    hold_sample
    SLICE_X14Y76         LUT3 (Prop_lut3_I1_O)        0.105     2.830 r  gen_first_integrator_dsp.first_integrator_sum_i_19/O
                         net (fo=26, routed)          0.923     3.753    high_rate_input[22]
    DSP48_X0Y31          DSP48E1 (Prop_dsp48e1_A[19]_P[25])
                                                      1.744     5.497 r  gen_first_integrator_dsp.first_integrator_sum/P[25]
                         net (fo=46, routed)          0.942     6.439    gen_first_integrator_dsp.first_integrator_sum_n_80
    DSP48_X0Y30          DSP48E1 (Prop_dsp48e1_A[17]_P[0])
                                                      1.744     8.183 r  gen_final_integrator_dsp.final_integrator_sum/P[0]
                         net (fo=2, routed)           0.977     9.161    u_round_cic_normalized_output/P[0]
    SLICE_X12Y75         LUT3 (Prop_lut3_I0_O)        0.105     9.266 r  u_round_cic_normalized_output/rounded_value_carry_i_3/O
                         net (fo=1, routed)           0.870    10.135    u_round_cic_normalized_output/rounded_value_carry_i_3_n_0
    SLICE_X10Y73         LUT5 (Prop_lut5_I2_O)        0.105    10.240 r  u_round_cic_normalized_output/rounded_value_carry_i_1/O
                         net (fo=1, routed)           0.000    10.240    u_round_cic_normalized_output/rounded_value_carry_i_1_n_0
    SLICE_X10Y73         CARRY4 (Prop_carry4_S[0]_CO[3])
                                                      0.423    10.663 r  u_round_cic_normalized_output/rounded_value_carry/CO[3]
                         net (fo=1, routed)           0.000    10.663    u_round_cic_normalized_output/rounded_value_carry_n_0
    SLICE_X10Y74         CARRY4 (Prop_carry4_CI_CO[3])
                                                      0.100    10.763 r  u_round_cic_normalized_output/rounded_value_carry__0/CO[3]
                         net (fo=1, routed)           0.008    10.771    u_round_cic_normalized_output/rounded_value_carry__0_n_0
    SLICE_X10Y75         CARRY4 (Prop_carry4_CI_CO[3])
                                                      0.100    10.871 r  u_round_cic_normalized_output/rounded_value_carry__1/CO[3]
                         net (fo=1, routed)           0.000    10.871    u_round_cic_normalized_output/rounded_value_carry__1_n_0
    SLICE_X10Y76         CARRY4 (Prop_carry4_CI_CO[3])
                                                      0.100    10.971 r  u_round_cic_normalized_output/rounded_value_carry__2/CO[3]
                         net (fo=1, routed)           0.000    10.971    u_round_cic_normalized_output/rounded_value_carry__2_n_0
    SLICE_X10Y77         CARRY4 (Prop_carry4_CI_CO[3])
                                                      0.100    11.071 r  u_round_cic_normalized_output/rounded_value_carry__3/CO[3]
                         net (fo=1, routed)           0.000    11.071    u_round_cic_normalized_output/rounded_value_carry__3_n_0
    SLICE_X10Y78         CARRY4 (Prop_carry4_CI_CO[1])
                                                      0.131    11.202 r  u_round_cic_normalized_output/rounded_value_carry__4/CO[1]
                         net (fo=20, routed)          0.801    12.003    u_round_cic_normalized_output/rounded_value_carry__4_n_2
    SLICE_X11Y76         LUT4 (Prop_lut4_I2_O)        0.291    12.294 r  u_round_cic_normalized_output/y_out[15]_i_1/O
                         net (fo=1, routed)           0.000    12.294    normalized_output[15]
    SLICE_X11Y76         FDRE                                         r  y_out_reg[15]/D
  -------------------------------------------------------------------    -------------------

                         (clock clk_audio_128x rise edge)
                                                    162.760   162.760 r  
                                                      0.000   162.760 r  clk (IN)
                         net (fo=120, unset)          0.748   163.508    clk
    SLICE_X11Y76         FDRE                                         r  y_out_reg[15]/C
                         clock pessimism              0.000   163.508    
                         clock uncertainty           -0.035   163.472    
    SLICE_X11Y76         FDRE (Setup_fdre_C_D)        0.069   163.541    y_out_reg[15]
  -------------------------------------------------------------------
                         required time                        163.541    
                         arrival time                         -12.294    
  -------------------------------------------------------------------
                         slack                                151.247    

Slack (MET) :             151.253ns  (required time - arrival time)
  Source:                 burst_remaining_reg[1]/C
                            (rising edge-triggered cell FDRE clocked by clk_audio_128x  {rise@0.000ns fall@81.380ns period=162.760ns})
  Destination:            y_out_reg[18]/D
                            (rising edge-triggered cell FDRE clocked by clk_audio_128x  {rise@0.000ns fall@81.380ns period=162.760ns})
  Path Group:             clk_audio_128x
  Path Type:              Setup (Max at Slow Process Corner)
  Requirement:            162.760ns  (clk_audio_128x rise@162.760ns - clk_audio_128x rise@0.000ns)
  Data Path Delay:        11.501ns  (logic 5.590ns (48.605%)  route 5.911ns (51.395%))
  Logic Levels:           13  (CARRY4=6 DSP48E1=2 LUT3=2 LUT4=1 LUT5=1 LUT6=1)
  Clock Path Skew:        -0.039ns (DCD - SCD + CPR)
    Destination Clock Delay (DCD):    0.748ns = ( 163.508 - 162.760 ) 
    Source Clock Delay      (SCD):    0.787ns
    Clock Pessimism Removal (CPR):    0.000ns
  Clock Uncertainty:      0.035ns  ((TSJ^2 + TIJ^2)^1/2 + DJ) / 2 + PE
    Total System Jitter     (TSJ):    0.071ns
    Total Input Jitter      (TIJ):    0.000ns
    Discrete Jitter          (DJ):    0.000ns
    Phase Error              (PE):    0.000ns

    Location             Delay type                Incr(ns)  Path(ns)    Netlist Resource(s)
  -------------------------------------------------------------------    -------------------
                         (clock clk_audio_128x rise edge)
                                                      0.000     0.000 r  
                                                      0.000     0.000 r  clk (IN)
                         net (fo=120, unset)          0.787     0.787    clk
    SLICE_X14Y74         FDRE                                         r  burst_remaining_reg[1]/C
  -------------------------------------------------------------------    -------------------
    SLICE_X14Y74         FDRE (Prop_fdre_C_Q)         0.433     1.220 f  burst_remaining_reg[1]/Q
                         net (fo=5, routed)           0.700     1.920    burst_remaining_dbg[1]
    SLICE_X14Y74         LUT6 (Prop_lut6_I3_O)        0.105     2.025 r  burst_remaining[3]_i_3/O
                         net (fo=52, routed)          0.700     2.725    hold_sample
    SLICE_X14Y76         LUT3 (Prop_lut3_I1_O)        0.105     2.830 r  gen_first_integrator_dsp.first_integrator_sum_i_19/O
                         net (fo=26, routed)          0.923     3.753    high_rate_input[22]
    DSP48_X0Y31          DSP48E1 (Prop_dsp48e1_A[19]_P[25])
                                                      1.744     5.497 r  gen_first_integrator_dsp.first_integrator_sum/P[25]
                         net (fo=46, routed)          0.942     6.439    gen_first_integrator_dsp.first_integrator_sum_n_80
    DSP48_X0Y30          DSP48E1 (Prop_dsp48e1_A[17]_P[0])
                                                      1.744     8.183 r  gen_final_integrator_dsp.final_integrator_sum/P[0]
                         net (fo=2, routed)           0.977     9.161    u_round_cic_normalized_output/P[0]
    SLICE_X12Y75         LUT3 (Prop_lut3_I0_O)        0.105     9.266 r  u_round_cic_normalized_output/rounded_value_carry_i_3/O
                         net (fo=1, routed)           0.870    10.135    u_round_cic_normalized_output/rounded_value_carry_i_3_n_0
    SLICE_X10Y73         LUT5 (Prop_lut5_I2_O)        0.105    10.240 r  u_round_cic_normalized_output/rounded_value_carry_i_1/O
                         net (fo=1, routed)           0.000    10.240    u_round_cic_normalized_output/rounded_value_carry_i_1_n_0
    SLICE_X10Y73         CARRY4 (Prop_carry4_S[0]_CO[3])
                                                      0.423    10.663 r  u_round_cic_normalized_output/rounded_value_carry/CO[3]
                         net (fo=1, routed)           0.000    10.663    u_round_cic_normalized_output/rounded_value_carry_n_0
    SLICE_X10Y74         CARRY4 (Prop_carry4_CI_CO[3])
                                                      0.100    10.763 r  u_round_cic_normalized_output/rounded_value_carry__0/CO[3]
                         net (fo=1, routed)           0.008    10.771    u_round_cic_normalized_output/rounded_value_carry__0_n_0
    SLICE_X10Y75         CARRY4 (Prop_carry4_CI_CO[3])
                                                      0.100    10.871 r  u_round_cic_normalized_output/rounded_value_carry__1/CO[3]
                         net (fo=1, routed)           0.000    10.871    u_round_cic_normalized_output/rounded_value_carry__1_n_0
    SLICE_X10Y76         CARRY4 (Prop_carry4_CI_CO[3])
                                                      0.100    10.971 r  u_round_cic_normalized_output/rounded_value_carry__2/CO[3]
                         net (fo=1, routed)           0.000    10.971    u_round_cic_normalized_output/rounded_value_carry__2_n_0
    SLICE_X10Y77         CARRY4 (Prop_carry4_CI_CO[3])
                                                      0.100    11.071 r  u_round_cic_normalized_output/rounded_value_carry__3/CO[3]
                         net (fo=1, routed)           0.000    11.071    u_round_cic_normalized_output/rounded_value_carry__3_n_0
    SLICE_X10Y78         CARRY4 (Prop_carry4_CI_O[0])
                                                      0.178    11.249 r  u_round_cic_normalized_output/rounded_value_carry__4/O[0]
                         net (fo=19, routed)          0.791    12.040    u_round_cic_normalized_output/p_1_in[0]
    SLICE_X11Y77         LUT4 (Prop_lut4_I1_O)        0.248    12.288 r  u_round_cic_normalized_output/y_out[18]_i_1/O
                         net (fo=1, routed)           0.000    12.288    normalized_output[18]
    SLICE_X11Y77         FDRE                                         r  y_out_reg[18]/D
  -------------------------------------------------------------------    -------------------

                         (clock clk_audio_128x rise edge)
                                                    162.760   162.760 r  
                                                      0.000   162.760 r  clk (IN)
                         net (fo=120, unset)          0.748   163.508    clk
    SLICE_X11Y77         FDRE                                         r  y_out_reg[18]/C
                         clock pessimism              0.000   163.508    
                         clock uncertainty           -0.035   163.472    
    SLICE_X11Y77         FDRE (Setup_fdre_C_D)        0.069   163.541    y_out_reg[18]
  -------------------------------------------------------------------
                         required time                        163.541    
                         arrival time                         -12.288    
  -------------------------------------------------------------------
                         slack                                151.253    

Slack (MET) :             151.349ns  (required time - arrival time)
  Source:                 burst_remaining_reg[1]/C
                            (rising edge-triggered cell FDRE clocked by clk_audio_128x  {rise@0.000ns fall@81.380ns period=162.760ns})
  Destination:            y_out_reg[17]/D
                            (rising edge-triggered cell FDRE clocked by clk_audio_128x  {rise@0.000ns fall@81.380ns period=162.760ns})
  Path Group:             clk_audio_128x
  Path Type:              Setup (Max at Slow Process Corner)
  Requirement:            162.760ns  (clk_audio_128x rise@162.760ns - clk_audio_128x rise@0.000ns)
  Data Path Delay:        11.368ns  (logic 5.572ns (49.015%)  route 5.796ns (50.985%))
  Logic Levels:           13  (CARRY4=6 DSP48E1=2 LUT3=2 LUT4=1 LUT5=1 LUT6=1)
  Clock Path Skew:        -0.039ns (DCD - SCD + CPR)
    Destination Clock Delay (DCD):    0.748ns = ( 163.508 - 162.760 ) 
    Source Clock Delay      (SCD):    0.787ns
    Clock Pessimism Removal (CPR):    0.000ns
  Clock Uncertainty:      0.035ns  ((TSJ^2 + TIJ^2)^1/2 + DJ) / 2 + PE
    Total System Jitter     (TSJ):    0.071ns
    Total Input Jitter      (TIJ):    0.000ns
    Discrete Jitter          (DJ):    0.000ns
    Phase Error              (PE):    0.000ns

    Location             Delay type                Incr(ns)  Path(ns)    Netlist Resource(s)
  -------------------------------------------------------------------    -------------------
                         (clock clk_audio_128x rise edge)
                                                      0.000     0.000 r  
                                                      0.000     0.000 r  clk (IN)
                         net (fo=120, unset)          0.787     0.787    clk
    SLICE_X14Y74         FDRE                                         r  burst_remaining_reg[1]/C
  -------------------------------------------------------------------    -------------------
    SLICE_X14Y74         FDRE (Prop_fdre_C_Q)         0.433     1.220 f  burst_remaining_reg[1]/Q
                         net (fo=5, routed)           0.700     1.920    burst_remaining_dbg[1]
    SLICE_X14Y74         LUT6 (Prop_lut6_I3_O)        0.105     2.025 r  burst_remaining[3]_i_3/O
                         net (fo=52, routed)          0.700     2.725    hold_sample
    SLICE_X14Y76         LUT3 (Prop_lut3_I1_O)        0.105     2.830 r  gen_first_integrator_dsp.first_integrator_sum_i_19/O
                         net (fo=26, routed)          0.923     3.753    high_rate_input[22]
    DSP48_X0Y31          DSP48E1 (Prop_dsp48e1_A[19]_P[25])
                                                      1.744     5.497 r  gen_first_integrator_dsp.first_integrator_sum/P[25]
                         net (fo=46, routed)          0.942     6.439    gen_first_integrator_dsp.first_integrator_sum_n_80
    DSP48_X0Y30          DSP48E1 (Prop_dsp48e1_A[17]_P[0])
                                                      1.744     8.183 r  gen_final_integrator_dsp.final_integrator_sum/P[0]
                         net (fo=2, routed)           0.977     9.161    u_round_cic_normalized_output/P[0]
    SLICE_X12Y75         LUT3 (Prop_lut3_I0_O)        0.105     9.266 r  u_round_cic_normalized_output/rounded_value_carry_i_3/O
                         net (fo=1, routed)           0.870    10.135    u_round_cic_normalized_output/rounded_value_carry_i_3_n_0
    SLICE_X10Y73         LUT5 (Prop_lut5_I2_O)        0.105    10.240 r  u_round_cic_normalized_output/rounded_value_carry_i_1/O
                         net (fo=1, routed)           0.000    10.240    u_round_cic_normalized_output/rounded_value_carry_i_1_n_0
    SLICE_X10Y73         CARRY4 (Prop_carry4_S[0]_CO[3])
                                                      0.423    10.663 r  u_round_cic_normalized_output/rounded_value_carry/CO[3]
                         net (fo=1, routed)           0.000    10.663    u_round_cic_normalized_output/rounded_value_carry_n_0
    SLICE_X10Y74         CARRY4 (Prop_carry4_CI_CO[3])
                                                      0.100    10.763 r  u_round_cic_normalized_output/rounded_value_carry__0/CO[3]
                         net (fo=1, routed)           0.008    10.771    u_round_cic_normalized_output/rounded_value_carry__0_n_0
    SLICE_X10Y75         CARRY4 (Prop_carry4_CI_CO[3])
                                                      0.100    10.871 r  u_round_cic_normalized_output/rounded_value_carry__1/CO[3]
                         net (fo=1, routed)           0.000    10.871    u_round_cic_normalized_output/rounded_value_carry__1_n_0
    SLICE_X10Y76         CARRY4 (Prop_carry4_CI_CO[3])
                                                      0.100    10.971 r  u_round_cic_normalized_output/rounded_value_carry__2/CO[3]
                         net (fo=1, routed)           0.000    10.971    u_round_cic_normalized_output/rounded_value_carry__2_n_0
    SLICE_X10Y77         CARRY4 (Prop_carry4_CI_CO[3])
                                                      0.100    11.071 r  u_round_cic_normalized_output/rounded_value_carry__3/CO[3]
                         net (fo=1, routed)           0.000    11.071    u_round_cic_normalized_output/rounded_value_carry__3_n_0
    SLICE_X10Y78         CARRY4 (Prop_carry4_CI_CO[1])
                                                      0.131    11.202 r  u_round_cic_normalized_output/rounded_value_carry__4/CO[1]
                         net (fo=20, routed)          0.676    11.878    u_round_cic_normalized_output/rounded_value_carry__4_n_2
    SLICE_X11Y77         LUT4 (Prop_lut4_I2_O)        0.277    12.155 r  u_round_cic_normalized_output/y_out[17]_i_1/O
                         net (fo=1, routed)           0.000    12.155    normalized_output[17]
    SLICE_X11Y77         FDRE                                         r  y_out_reg[17]/D
  -------------------------------------------------------------------    -------------------

                         (clock clk_audio_128x rise edge)
                                                    162.760   162.760 r  
                                                      0.000   162.760 r  clk (IN)
                         net (fo=120, unset)          0.748   163.508    clk
    SLICE_X11Y77         FDRE                                         r  y_out_reg[17]/C
                         clock pessimism              0.000   163.508    
                         clock uncertainty           -0.035   163.472    
    SLICE_X11Y77         FDRE (Setup_fdre_C_D)        0.032   163.504    y_out_reg[17]
  -------------------------------------------------------------------
                         required time                        163.504    
                         arrival time                         -12.155    
  -------------------------------------------------------------------
                         slack                                151.349    

Slack (MET) :             151.372ns  (required time - arrival time)
  Source:                 burst_remaining_reg[1]/C
                            (rising edge-triggered cell FDRE clocked by clk_audio_128x  {rise@0.000ns fall@81.380ns period=162.760ns})
  Destination:            y_out_reg[19]/D
                            (rising edge-triggered cell FDRE clocked by clk_audio_128x  {rise@0.000ns fall@81.380ns period=162.760ns})
  Path Group:             clk_audio_128x
  Path Type:              Setup (Max at Slow Process Corner)
  Requirement:            162.760ns  (clk_audio_128x rise@162.760ns - clk_audio_128x rise@0.000ns)
  Data Path Delay:        11.382ns  (logic 5.586ns (49.078%)  route 5.796ns (50.922%))
  Logic Levels:           13  (CARRY4=6 DSP48E1=2 LUT1=1 LUT3=2 LUT5=1 LUT6=1)
  Clock Path Skew:        -0.039ns (DCD - SCD + CPR)
    Destination Clock Delay (DCD):    0.748ns = ( 163.508 - 162.760 ) 
    Source Clock Delay      (SCD):    0.787ns
    Clock Pessimism Removal (CPR):    0.000ns
  Clock Uncertainty:      0.035ns  ((TSJ^2 + TIJ^2)^1/2 + DJ) / 2 + PE
    Total System Jitter     (TSJ):    0.071ns
    Total Input Jitter      (TIJ):    0.000ns
    Discrete Jitter          (DJ):    0.000ns
    Phase Error              (PE):    0.000ns

    Location             Delay type                Incr(ns)  Path(ns)    Netlist Resource(s)
  -------------------------------------------------------------------    -------------------
                         (clock clk_audio_128x rise edge)
                                                      0.000     0.000 r  
                                                      0.000     0.000 r  clk (IN)
                         net (fo=120, unset)          0.787     0.787    clk
    SLICE_X14Y74         FDRE                                         r  burst_remaining_reg[1]/C
  -------------------------------------------------------------------    -------------------
    SLICE_X14Y74         FDRE (Prop_fdre_C_Q)         0.433     1.220 f  burst_remaining_reg[1]/Q
                         net (fo=5, routed)           0.700     1.920    burst_remaining_dbg[1]
    SLICE_X14Y74         LUT6 (Prop_lut6_I3_O)        0.105     2.025 r  burst_remaining[3]_i_3/O
                         net (fo=52, routed)          0.700     2.725    hold_sample
    SLICE_X14Y76         LUT3 (Prop_lut3_I1_O)        0.105     2.830 r  gen_first_integrator_dsp.first_integrator_sum_i_19/O
                         net (fo=26, routed)          0.923     3.753    high_rate_input[22]
    DSP48_X0Y31          DSP48E1 (Prop_dsp48e1_A[19]_P[25])
                                                      1.744     5.497 r  gen_first_integrator_dsp.first_integrator_sum/P[25]
                         net (fo=46, routed)          0.942     6.439    gen_first_integrator_dsp.first_integrator_sum_n_80
    DSP48_X0Y30          DSP48E1 (Prop_dsp48e1_A[17]_P[0])
                                                      1.744     8.183 r  gen_final_integrator_dsp.final_integrator_sum/P[0]
                         net (fo=2, routed)           0.977     9.161    u_round_cic_normalized_output/P[0]
    SLICE_X12Y75         LUT3 (Prop_lut3_I0_O)        0.105     9.266 r  u_round_cic_normalized_output/rounded_value_carry_i_3/O
                         net (fo=1, routed)           0.870    10.135    u_round_cic_normalized_output/rounded_value_carry_i_3_n_0
    SLICE_X10Y73         LUT5 (Prop_lut5_I2_O)        0.105    10.240 r  u_round_cic_normalized_output/rounded_value_carry_i_1/O
                         net (fo=1, routed)           0.000    10.240    u_round_cic_normalized_output/rounded_value_carry_i_1_n_0
    SLICE_X10Y73         CARRY4 (Prop_carry4_S[0]_CO[3])
                                                      0.423    10.663 r  u_round_cic_normalized_output/rounded_value_carry/CO[3]
                         net (fo=1, routed)           0.000    10.663    u_round_cic_normalized_output/rounded_value_carry_n_0
    SLICE_X10Y74         CARRY4 (Prop_carry4_CI_CO[3])
                                                      0.100    10.763 r  u_round_cic_normalized_output/rounded_value_carry__0/CO[3]
                         net (fo=1, routed)           0.008    10.771    u_round_cic_normalized_output/rounded_value_carry__0_n_0
    SLICE_X10Y75         CARRY4 (Prop_carry4_CI_CO[3])
                                                      0.100    10.871 r  u_round_cic_normalized_output/rounded_value_carry__1/CO[3]
                         net (fo=1, routed)           0.000    10.871    u_round_cic_normalized_output/rounded_value_carry__1_n_0
    SLICE_X10Y76         CARRY4 (Prop_carry4_CI_CO[3])
                                                      0.100    10.971 r  u_round_cic_normalized_output/rounded_value_carry__2/CO[3]
                         net (fo=1, routed)           0.000    10.971    u_round_cic_normalized_output/rounded_value_carry__2_n_0
    SLICE_X10Y77         CARRY4 (Prop_carry4_CI_CO[3])
                                                      0.100    11.071 r  u_round_cic_normalized_output/rounded_value_carry__3/CO[3]
                         net (fo=1, routed)           0.000    11.071    u_round_cic_normalized_output/rounded_value_carry__3_n_0
    SLICE_X10Y78         CARRY4 (Prop_carry4_CI_CO[1])
                                                      0.131    11.202 f  u_round_cic_normalized_output/rounded_value_carry__4/CO[1]
                         net (fo=20, routed)          0.676    11.878    u_round_cic_normalized_output/rounded_value_carry__4_n_2
    SLICE_X11Y77         LUT1 (Prop_lut1_I0_O)        0.291    12.169 r  u_round_cic_normalized_output/y_out[19]_i_3/O
                         net (fo=1, routed)           0.000    12.169    normalized_output[19]
    SLICE_X11Y77         FDRE                                         r  y_out_reg[19]/D
  -------------------------------------------------------------------    -------------------

                         (clock clk_audio_128x rise edge)
                                                    162.760   162.760 r  
                                                      0.000   162.760 r  clk (IN)
                         net (fo=120, unset)          0.748   163.508    clk
    SLICE_X11Y77         FDRE                                         r  y_out_reg[19]/C
                         clock pessimism              0.000   163.508    
                         clock uncertainty           -0.035   163.472    
    SLICE_X11Y77         FDRE (Setup_fdre_C_D)        0.069   163.541    y_out_reg[19]
  -------------------------------------------------------------------
                         required time                        163.541    
                         arrival time                         -12.169    
  -------------------------------------------------------------------
                         slack                                151.372    





Min Delay Paths
--------------------------------------------------------------------------------------
Slack (MET) :             0.158ns  (arrival time - required time)
  Source:                 comb_delay1_reg[15]/C
                            (rising edge-triggered cell FDRE clocked by clk_audio_128x  {rise@0.000ns fall@81.380ns period=162.760ns})
  Destination:            comb_delay0_reg[15]/D
                            (rising edge-triggered cell FDRE clocked by clk_audio_128x  {rise@0.000ns fall@81.380ns period=162.760ns})
  Path Group:             clk_audio_128x
  Path Type:              Hold (Min at Fast Process Corner)
  Requirement:            0.000ns  (clk_audio_128x rise@0.000ns - clk_audio_128x rise@0.000ns)
  Data Path Delay:        0.201ns  (logic 0.148ns (73.524%)  route 0.053ns (26.476%))
  Logic Levels:           0  
  Clock Path Skew:        0.021ns (DCD - SCD - CPR)
    Destination Clock Delay (DCD):    0.411ns
    Source Clock Delay      (SCD):    0.390ns
    Clock Pessimism Removal (CPR):    -0.000ns

    Location             Delay type                Incr(ns)  Path(ns)    Netlist Resource(s)
  -------------------------------------------------------------------    -------------------
                         (clock clk_audio_128x rise edge)
                                                      0.000     0.000 r  
                                                      0.000     0.000 r  clk (IN)
                         net (fo=120, unset)          0.390     0.390    clk
    SLICE_X12Y75         FDRE                                         r  comb_delay1_reg[15]/C
  -------------------------------------------------------------------    -------------------
    SLICE_X12Y75         FDRE (Prop_fdre_C_Q)         0.148     0.538 r  comb_delay1_reg[15]/Q
                         net (fo=1, routed)           0.053     0.592    comb_delay1[15]
    SLICE_X12Y75         FDRE                                         r  comb_delay0_reg[15]/D
  -------------------------------------------------------------------    -------------------

                         (clock clk_audio_128x rise edge)
                                                      0.000     0.000 r  
                                                      0.000     0.000 r  clk (IN)
                         net (fo=120, unset)          0.411     0.411    clk
    SLICE_X12Y75         FDRE                                         r  comb_delay0_reg[15]/C
                         clock pessimism              0.000     0.411    
    SLICE_X12Y75         FDRE (Hold_fdre_C_D)         0.023     0.434    comb_delay0_reg[15]
  -------------------------------------------------------------------
                         required time                         -0.434    
                         arrival time                           0.592    
  -------------------------------------------------------------------
                         slack                                  0.158    

Slack (MET) :             0.158ns  (arrival time - required time)
  Source:                 comb_delay1_reg[19]/C
                            (rising edge-triggered cell FDRE clocked by clk_audio_128x  {rise@0.000ns fall@81.380ns period=162.760ns})
  Destination:            comb_delay0_reg[19]/D
                            (rising edge-triggered cell FDRE clocked by clk_audio_128x  {rise@0.000ns fall@81.380ns period=162.760ns})
  Path Group:             clk_audio_128x
  Path Type:              Hold (Min at Fast Process Corner)
  Requirement:            0.000ns  (clk_audio_128x rise@0.000ns - clk_audio_128x rise@0.000ns)
  Data Path Delay:        0.201ns  (logic 0.148ns (73.524%)  route 0.053ns (26.476%))
  Logic Levels:           0  
  Clock Path Skew:        0.021ns (DCD - SCD - CPR)
    Destination Clock Delay (DCD):    0.411ns
    Source Clock Delay      (SCD):    0.390ns
    Clock Pessimism Removal (CPR):    -0.000ns

    Location             Delay type                Incr(ns)  Path(ns)    Netlist Resource(s)
  -------------------------------------------------------------------    -------------------
                         (clock clk_audio_128x rise edge)
                                                      0.000     0.000 r  
                                                      0.000     0.000 r  clk (IN)
                         net (fo=120, unset)          0.390     0.390    clk
    SLICE_X12Y76         FDRE                                         r  comb_delay1_reg[19]/C
  -------------------------------------------------------------------    -------------------
    SLICE_X12Y76         FDRE (Prop_fdre_C_Q)         0.148     0.538 r  comb_delay1_reg[19]/Q
                         net (fo=1, routed)           0.053     0.592    comb_delay1[19]
    SLICE_X12Y76         FDRE                                         r  comb_delay0_reg[19]/D
  -------------------------------------------------------------------    -------------------

                         (clock clk_audio_128x rise edge)
                                                      0.000     0.000 r  
                                                      0.000     0.000 r  clk (IN)
                         net (fo=120, unset)          0.411     0.411    clk
    SLICE_X12Y76         FDRE                                         r  comb_delay0_reg[19]/C
                         clock pessimism              0.000     0.411    
    SLICE_X12Y76         FDRE (Hold_fdre_C_D)         0.023     0.434    comb_delay0_reg[19]
  -------------------------------------------------------------------
                         required time                         -0.434    
                         arrival time                           0.592    
  -------------------------------------------------------------------
                         slack                                  0.158    

Slack (MET) :             0.158ns  (arrival time - required time)
  Source:                 comb_delay1_reg[3]/C
                            (rising edge-triggered cell FDRE clocked by clk_audio_128x  {rise@0.000ns fall@81.380ns period=162.760ns})
  Destination:            comb_delay0_reg[3]/D
                            (rising edge-triggered cell FDRE clocked by clk_audio_128x  {rise@0.000ns fall@81.380ns period=162.760ns})
  Path Group:             clk_audio_128x
  Path Type:              Hold (Min at Fast Process Corner)
  Requirement:            0.000ns  (clk_audio_128x rise@0.000ns - clk_audio_128x rise@0.000ns)
  Data Path Delay:        0.201ns  (logic 0.148ns (73.524%)  route 0.053ns (26.476%))
  Logic Levels:           0  
  Clock Path Skew:        0.021ns (DCD - SCD - CPR)
    Destination Clock Delay (DCD):    0.411ns
    Source Clock Delay      (SCD):    0.390ns
    Clock Pessimism Removal (CPR):    -0.000ns

    Location             Delay type                Incr(ns)  Path(ns)    Netlist Resource(s)
  -------------------------------------------------------------------    -------------------
                         (clock clk_audio_128x rise edge)
                                                      0.000     0.000 r  
                                                      0.000     0.000 r  clk (IN)
                         net (fo=120, unset)          0.390     0.390    clk
    SLICE_X12Y72         FDRE                                         r  comb_delay1_reg[3]/C
  -------------------------------------------------------------------    -------------------
    SLICE_X12Y72         FDRE (Prop_fdre_C_Q)         0.148     0.538 r  comb_delay1_reg[3]/Q
                         net (fo=1, routed)           0.053     0.592    comb_delay1[3]
    SLICE_X12Y72         FDRE                                         r  comb_delay0_reg[3]/D
  -------------------------------------------------------------------    -------------------

                         (clock clk_audio_128x rise edge)
                                                      0.000     0.000 r  
                                                      0.000     0.000 r  clk (IN)
                         net (fo=120, unset)          0.411     0.411    clk
    SLICE_X12Y72         FDRE                                         r  comb_delay0_reg[3]/C
                         clock pessimism              0.000     0.411    
    SLICE_X12Y72         FDRE (Hold_fdre_C_D)         0.023     0.434    comb_delay0_reg[3]
  -------------------------------------------------------------------
                         required time                         -0.434    
                         arrival time                           0.592    
  -------------------------------------------------------------------
                         slack                                  0.158    

Slack (MET) :             0.158ns  (arrival time - required time)
  Source:                 comb_delay1_reg[7]/C
                            (rising edge-triggered cell FDRE clocked by clk_audio_128x  {rise@0.000ns fall@81.380ns period=162.760ns})
  Destination:            comb_delay0_reg[7]/D
                            (rising edge-triggered cell FDRE clocked by clk_audio_128x  {rise@0.000ns fall@81.380ns period=162.760ns})
  Path Group:             clk_audio_128x
  Path Type:              Hold (Min at Fast Process Corner)
  Requirement:            0.000ns  (clk_audio_128x rise@0.000ns - clk_audio_128x rise@0.000ns)
  Data Path Delay:        0.201ns  (logic 0.148ns (73.524%)  route 0.053ns (26.476%))
  Logic Levels:           0  
  Clock Path Skew:        0.021ns (DCD - SCD - CPR)
    Destination Clock Delay (DCD):    0.411ns
    Source Clock Delay      (SCD):    0.390ns
    Clock Pessimism Removal (CPR):    -0.000ns

    Location             Delay type                Incr(ns)  Path(ns)    Netlist Resource(s)
  -------------------------------------------------------------------    -------------------
                         (clock clk_audio_128x rise edge)
                                                      0.000     0.000 r  
                                                      0.000     0.000 r  clk (IN)
                         net (fo=120, unset)          0.390     0.390    clk
    SLICE_X14Y73         FDRE                                         r  comb_delay1_reg[7]/C
  -------------------------------------------------------------------    -------------------
    SLICE_X14Y73         FDRE (Prop_fdre_C_Q)         0.148     0.538 r  comb_delay1_reg[7]/Q
                         net (fo=1, routed)           0.053     0.592    comb_delay1[7]
    SLICE_X14Y73         FDRE                                         r  comb_delay0_reg[7]/D
  -------------------------------------------------------------------    -------------------

                         (clock clk_audio_128x rise edge)
                                                      0.000     0.000 r  
                                                      0.000     0.000 r  clk (IN)
                         net (fo=120, unset)          0.411     0.411    clk
    SLICE_X14Y73         FDRE                                         r  comb_delay0_reg[7]/C
                         clock pessimism              0.000     0.411    
    SLICE_X14Y73         FDRE (Hold_fdre_C_D)         0.023     0.434    comb_delay0_reg[7]
  -------------------------------------------------------------------
                         required time                         -0.434    
                         arrival time                           0.592    
  -------------------------------------------------------------------
                         slack                                  0.158    

Slack (MET) :             0.158ns  (arrival time - required time)
  Source:                 comb_delay1_reg[9]/C
                            (rising edge-triggered cell FDRE clocked by clk_audio_128x  {rise@0.000ns fall@81.380ns period=162.760ns})
  Destination:            comb_delay0_reg[9]/D
                            (rising edge-triggered cell FDRE clocked by clk_audio_128x  {rise@0.000ns fall@81.380ns period=162.760ns})
  Path Group:             clk_audio_128x
  Path Type:              Hold (Min at Fast Process Corner)
  Requirement:            0.000ns  (clk_audio_128x rise@0.000ns - clk_audio_128x rise@0.000ns)
  Data Path Delay:        0.201ns  (logic 0.148ns (73.524%)  route 0.053ns (26.476%))
  Logic Levels:           0  
  Clock Path Skew:        0.021ns (DCD - SCD - CPR)
    Destination Clock Delay (DCD):    0.411ns
    Source Clock Delay      (SCD):    0.390ns
    Clock Pessimism Removal (CPR):    -0.000ns

    Location             Delay type                Incr(ns)  Path(ns)    Netlist Resource(s)
  -------------------------------------------------------------------    -------------------
                         (clock clk_audio_128x rise edge)
                                                      0.000     0.000 r  
                                                      0.000     0.000 r  clk (IN)
                         net (fo=120, unset)          0.390     0.390    clk
    SLICE_X12Y74         FDRE                                         r  comb_delay1_reg[9]/C
  -------------------------------------------------------------------    -------------------
    SLICE_X12Y74         FDRE (Prop_fdre_C_Q)         0.148     0.538 r  comb_delay1_reg[9]/Q
                         net (fo=1, routed)           0.053     0.592    comb_delay1[9]
    SLICE_X12Y74         FDRE                                         r  comb_delay0_reg[9]/D
  -------------------------------------------------------------------    -------------------

                         (clock clk_audio_128x rise edge)
                                                      0.000     0.000 r  
                                                      0.000     0.000 r  clk (IN)
                         net (fo=120, unset)          0.411     0.411    clk
    SLICE_X12Y74         FDRE                                         r  comb_delay0_reg[9]/C
                         clock pessimism              0.000     0.411    
    SLICE_X12Y74         FDRE (Hold_fdre_C_D)         0.023     0.434    comb_delay0_reg[9]
  -------------------------------------------------------------------
                         required time                         -0.434    
                         arrival time                           0.592    
  -------------------------------------------------------------------
                         slack                                  0.158    

Slack (MET) :             0.159ns  (arrival time - required time)
  Source:                 comb_operand_reg[14]/C
                            (rising edge-triggered cell FDRE clocked by clk_audio_128x  {rise@0.000ns fall@81.380ns period=162.760ns})
  Destination:            hold_sample_reg[14]/D
                            (rising edge-triggered cell FDRE clocked by clk_audio_128x  {rise@0.000ns fall@81.380ns period=162.760ns})
  Path Group:             clk_audio_128x
  Path Type:              Hold (Min at Fast Process Corner)
  Requirement:            0.000ns  (clk_audio_128x rise@0.000ns - clk_audio_128x rise@0.000ns)
  Data Path Delay:        0.250ns  (logic 0.141ns (56.398%)  route 0.109ns (43.602%))
  Logic Levels:           0  
  Clock Path Skew:        0.021ns (DCD - SCD - CPR)
    Destination Clock Delay (DCD):    0.411ns
    Source Clock Delay      (SCD):    0.390ns
    Clock Pessimism Removal (CPR):    -0.000ns

    Location             Delay type                Incr(ns)  Path(ns)    Netlist Resource(s)
  -------------------------------------------------------------------    -------------------
                         (clock clk_audio_128x rise edge)
                                                      0.000     0.000 r  
                                                      0.000     0.000 r  clk (IN)
                         net (fo=120, unset)          0.390     0.390    clk
    SLICE_X13Y75         FDRE                                         r  comb_operand_reg[14]/C
  -------------------------------------------------------------------    -------------------
    SLICE_X13Y75         FDRE (Prop_fdre_C_Q)         0.141     0.531 r  comb_operand_reg[14]/Q
                         net (fo=4, routed)           0.109     0.640    comb_operand[14]
    SLICE_X15Y76         FDRE                                         r  hold_sample_reg[14]/D
  -------------------------------------------------------------------    -------------------

                         (clock clk_audio_128x rise edge)
                                                      0.000     0.000 r  
                                                      0.000     0.000 r  clk (IN)
                         net (fo=120, unset)          0.411     0.411    clk
    SLICE_X15Y76         FDRE                                         r  hold_sample_reg[14]/C
                         clock pessimism              0.000     0.411    
    SLICE_X15Y76         FDRE (Hold_fdre_C_D)         0.070     0.481    hold_sample_reg[14]
  -------------------------------------------------------------------
                         required time                         -0.481    
                         arrival time                           0.640    
  -------------------------------------------------------------------
                         slack                                  0.159    

Slack (MET) :             0.163ns  (arrival time - required time)
  Source:                 comb_delay1_reg[4]/C
                            (rising edge-triggered cell FDRE clocked by clk_audio_128x  {rise@0.000ns fall@81.380ns period=162.760ns})
  Destination:            comb_delay0_reg[4]/D
                            (rising edge-triggered cell FDRE clocked by clk_audio_128x  {rise@0.000ns fall@81.380ns period=162.760ns})
  Path Group:             clk_audio_128x
  Path Type:              Hold (Min at Fast Process Corner)
  Requirement:            0.000ns  (clk_audio_128x rise@0.000ns - clk_audio_128x rise@0.000ns)
  Data Path Delay:        0.205ns  (logic 0.148ns (72.157%)  route 0.057ns (27.843%))
  Logic Levels:           0  
  Clock Path Skew:        0.021ns (DCD - SCD - CPR)
    Destination Clock Delay (DCD):    0.411ns
    Source Clock Delay      (SCD):    0.390ns
    Clock Pessimism Removal (CPR):    -0.000ns

    Location             Delay type                Incr(ns)  Path(ns)    Netlist Resource(s)
  -------------------------------------------------------------------    -------------------
                         (clock clk_audio_128x rise edge)
                                                      0.000     0.000 r  
                                                      0.000     0.000 r  clk (IN)
                         net (fo=120, unset)          0.390     0.390    clk
    SLICE_X14Y73         FDRE                                         r  comb_delay1_reg[4]/C
  -------------------------------------------------------------------    -------------------
    SLICE_X14Y73         FDRE (Prop_fdre_C_Q)         0.148     0.538 r  comb_delay1_reg[4]/Q
                         net (fo=1, routed)           0.057     0.595    comb_delay1[4]
    SLICE_X14Y73         FDRE                                         r  comb_delay0_reg[4]/D
  -------------------------------------------------------------------    -------------------

                         (clock clk_audio_128x rise edge)
                                                      0.000     0.000 r  
                                                      0.000     0.000 r  clk (IN)
                         net (fo=120, unset)          0.411     0.411    clk
    SLICE_X14Y73         FDRE                                         r  comb_delay0_reg[4]/C
                         clock pessimism              0.000     0.411    
    SLICE_X14Y73         FDRE (Hold_fdre_C_D)         0.022     0.433    comb_delay0_reg[4]
  -------------------------------------------------------------------
                         required time                         -0.433    
                         arrival time                           0.595    
  -------------------------------------------------------------------
                         slack                                  0.163    

Slack (MET) :             0.170ns  (arrival time - required time)
  Source:                 comb_operand_reg[12]/C
                            (rising edge-triggered cell FDRE clocked by clk_audio_128x  {rise@0.000ns fall@81.380ns period=162.760ns})
  Destination:            hold_sample_reg[12]/D
                            (rising edge-triggered cell FDRE clocked by clk_audio_128x  {rise@0.000ns fall@81.380ns period=162.760ns})
  Path Group:             clk_audio_128x
  Path Type:              Hold (Min at Fast Process Corner)
  Requirement:            0.000ns  (clk_audio_128x rise@0.000ns - clk_audio_128x rise@0.000ns)
  Data Path Delay:        0.261ns  (logic 0.141ns (54.090%)  route 0.120ns (45.910%))
  Logic Levels:           0  
  Clock Path Skew:        0.021ns (DCD - SCD - CPR)
    Destination Clock Delay (DCD):    0.411ns
    Source Clock Delay      (SCD):    0.390ns
    Clock Pessimism Removal (CPR):    -0.000ns

    Location             Delay type                Incr(ns)  Path(ns)    Netlist Resource(s)
  -------------------------------------------------------------------    -------------------
                         (clock clk_audio_128x rise edge)
                                                      0.000     0.000 r  
                                                      0.000     0.000 r  clk (IN)
                         net (fo=120, unset)          0.390     0.390    clk
    SLICE_X13Y75         FDRE                                         r  comb_operand_reg[12]/C
  -------------------------------------------------------------------    -------------------
    SLICE_X13Y75         FDRE (Prop_fdre_C_Q)         0.141     0.531 r  comb_operand_reg[12]/Q
                         net (fo=4, routed)           0.120     0.651    comb_operand[12]
    SLICE_X15Y76         FDRE                                         r  hold_sample_reg[12]/D
  -------------------------------------------------------------------    -------------------

                         (clock clk_audio_128x rise edge)
                                                      0.000     0.000 r  
                                                      0.000     0.000 r  clk (IN)
                         net (fo=120, unset)          0.411     0.411    clk
    SLICE_X15Y76         FDRE                                         r  hold_sample_reg[12]/C
                         clock pessimism              0.000     0.411    
    SLICE_X15Y76         FDRE (Hold_fdre_C_D)         0.070     0.481    hold_sample_reg[12]
  -------------------------------------------------------------------
                         required time                         -0.481    
                         arrival time                           0.651    
  -------------------------------------------------------------------
                         slack                                  0.170    

Slack (MET) :             0.187ns  (arrival time - required time)
  Source:                 comb_operand_reg[2]/C
                            (rising edge-triggered cell FDRE clocked by clk_audio_128x  {rise@0.000ns fall@81.380ns period=162.760ns})
  Destination:            hold_sample_reg[2]/D
                            (rising edge-triggered cell FDRE clocked by clk_audio_128x  {rise@0.000ns fall@81.380ns period=162.760ns})
  Path Group:             clk_audio_128x
  Path Type:              Hold (Min at Fast Process Corner)
  Requirement:            0.000ns  (clk_audio_128x rise@0.000ns - clk_audio_128x rise@0.000ns)
  Data Path Delay:        0.260ns  (logic 0.141ns (54.291%)  route 0.119ns (45.709%))
  Logic Levels:           0  
  Clock Path Skew:        0.021ns (DCD - SCD - CPR)
    Destination Clock Delay (DCD):    0.411ns
    Source Clock Delay      (SCD):    0.390ns
    Clock Pessimism Removal (CPR):    -0.000ns

    Location             Delay type                Incr(ns)  Path(ns)    Netlist Resource(s)
  -------------------------------------------------------------------    -------------------
                         (clock clk_audio_128x rise edge)
                                                      0.000     0.000 r  
                                                      0.000     0.000 r  clk (IN)
                         net (fo=120, unset)          0.390     0.390    clk
    SLICE_X13Y72         FDRE                                         r  comb_operand_reg[2]/C
  -------------------------------------------------------------------    -------------------
    SLICE_X13Y72         FDRE (Prop_fdre_C_Q)         0.141     0.531 r  comb_operand_reg[2]/Q
                         net (fo=4, routed)           0.119     0.650    comb_operand[2]
    SLICE_X12Y73         FDRE                                         r  hold_sample_reg[2]/D
  -------------------------------------------------------------------    -------------------

                         (clock clk_audio_128x rise edge)
                                                      0.000     0.000 r  
                                                      0.000     0.000 r  clk (IN)
                         net (fo=120, unset)          0.411     0.411    clk
    SLICE_X12Y73         FDRE                                         r  hold_sample_reg[2]/C
                         clock pessimism              0.000     0.411    
    SLICE_X12Y73         FDRE (Hold_fdre_C_D)         0.052     0.463    hold_sample_reg[2]
  -------------------------------------------------------------------
                         required time                         -0.463    
                         arrival time                           0.650    
  -------------------------------------------------------------------
                         slack                                  0.187    

Slack (MET) :             0.192ns  (arrival time - required time)
  Source:                 comb_operand_reg[2]/C
                            (rising edge-triggered cell FDRE clocked by clk_audio_128x  {rise@0.000ns fall@81.380ns period=162.760ns})
  Destination:            comb_delay1_reg[2]/D
                            (rising edge-triggered cell FDRE clocked by clk_audio_128x  {rise@0.000ns fall@81.380ns period=162.760ns})
  Path Group:             clk_audio_128x
  Path Type:              Hold (Min at Fast Process Corner)
  Requirement:            0.000ns  (clk_audio_128x rise@0.000ns - clk_audio_128x rise@0.000ns)
  Data Path Delay:        0.276ns  (logic 0.141ns (51.026%)  route 0.135ns (48.974%))
  Logic Levels:           0  
  Clock Path Skew:        0.021ns (DCD - SCD - CPR)
    Destination Clock Delay (DCD):    0.411ns
    Source Clock Delay      (SCD):    0.390ns
    Clock Pessimism Removal (CPR):    -0.000ns

    Location             Delay type                Incr(ns)  Path(ns)    Netlist Resource(s)
  -------------------------------------------------------------------    -------------------
                         (clock clk_audio_128x rise edge)
                                                      0.000     0.000 r  
                                                      0.000     0.000 r  clk (IN)
                         net (fo=120, unset)          0.390     0.390    clk
    SLICE_X13Y72         FDRE                                         r  comb_operand_reg[2]/C
  -------------------------------------------------------------------    -------------------
    SLICE_X13Y72         FDRE (Prop_fdre_C_Q)         0.141     0.531 r  comb_operand_reg[2]/Q
                         net (fo=4, routed)           0.135     0.667    comb_operand[2]
    SLICE_X12Y72         FDRE                                         r  comb_delay1_reg[2]/D
  -------------------------------------------------------------------    -------------------

                         (clock clk_audio_128x rise edge)
                                                      0.000     0.000 r  
                                                      0.000     0.000 r  clk (IN)
                         net (fo=120, unset)          0.411     0.411    clk
    SLICE_X12Y72         FDRE                                         r  comb_delay1_reg[2]/C
                         clock pessimism              0.000     0.411    
    SLICE_X12Y72         FDRE (Hold_fdre_C_D)         0.064     0.475    comb_delay1_reg[2]
  -------------------------------------------------------------------
                         required time                         -0.475    
                         arrival time                           0.667    
  -------------------------------------------------------------------
                         slack                                  0.192    

Slack (MET) :             0.192ns  (arrival time - required time)
  Source:                 comb_operand_reg[14]/C
                            (rising edge-triggered cell FDRE clocked by clk_audio_128x  {rise@0.000ns fall@81.380ns period=162.760ns})
  Destination:            comb_delay1_reg[14]/D
                            (rising edge-triggered cell FDRE clocked by clk_audio_128x  {rise@0.000ns fall@81.380ns period=162.760ns})
  Path Group:             clk_audio_128x
  Path Type:              Hold (Min at Fast Process Corner)
  Requirement:            0.000ns  (clk_audio_128x rise@0.000ns - clk_audio_128x rise@0.000ns)
  Data Path Delay:        0.276ns  (logic 0.141ns (51.010%)  route 0.135ns (48.990%))
  Logic Levels:           0  
  Clock Path Skew:        0.021ns (DCD - SCD - CPR)
    Destination Clock Delay (DCD):    0.411ns
    Source Clock Delay      (SCD):    0.390ns
    Clock Pessimism Removal (CPR):    -0.000ns

    Location             Delay type                Incr(ns)  Path(ns)    Netlist Resource(s)
  -------------------------------------------------------------------    -------------------
                         (clock clk_audio_128x rise edge)
                                                      0.000     0.000 r  
                                                      0.000     0.000 r  clk (IN)
                         net (fo=120, unset)          0.390     0.390    clk
    SLICE_X13Y75         FDRE                                         r  comb_operand_reg[14]/C
  -------------------------------------------------------------------    -------------------
    SLICE_X13Y75         FDRE (Prop_fdre_C_Q)         0.141     0.531 r  comb_operand_reg[14]/Q
                         net (fo=4, routed)           0.135     0.667    comb_operand[14]
    SLICE_X12Y75         FDRE                                         r  comb_delay1_reg[14]/D
  -------------------------------------------------------------------    -------------------

                         (clock clk_audio_128x rise edge)
                                                      0.000     0.000 r  
                                                      0.000     0.000 r  clk (IN)
                         net (fo=120, unset)          0.411     0.411    clk
    SLICE_X12Y75         FDRE                                         r  comb_delay1_reg[14]/C
                         clock pessimism              0.000     0.411    
    SLICE_X12Y75         FDRE (Hold_fdre_C_D)         0.064     0.475    comb_delay1_reg[14]
  -------------------------------------------------------------------
                         required time                         -0.475    
                         arrival time                           0.667    
  -------------------------------------------------------------------
                         slack                                  0.192    

Slack (MET) :             0.193ns  (arrival time - required time)
  Source:                 comb_operand_reg[21]/C
                            (rising edge-triggered cell FDRE clocked by clk_audio_128x  {rise@0.000ns fall@81.380ns period=162.760ns})
  Destination:            comb_delay1_reg[21]/D
                            (rising edge-triggered cell FDRE clocked by clk_audio_128x  {rise@0.000ns fall@81.380ns period=162.760ns})
  Path Group:             clk_audio_128x
  Path Type:              Hold (Min at Fast Process Corner)
  Requirement:            0.000ns  (clk_audio_128x rise@0.000ns - clk_audio_128x rise@0.000ns)
  Data Path Delay:        0.277ns  (logic 0.141ns (50.910%)  route 0.136ns (49.090%))
  Logic Levels:           0  
  Clock Path Skew:        0.021ns (DCD - SCD - CPR)
    Destination Clock Delay (DCD):    0.411ns
    Source Clock Delay      (SCD):    0.390ns
    Clock Pessimism Removal (CPR):    -0.000ns

    Location             Delay type                Incr(ns)  Path(ns)    Netlist Resource(s)
  -------------------------------------------------------------------    -------------------
                         (clock clk_audio_128x rise edge)
                                                      0.000     0.000 r  
                                                      0.000     0.000 r  clk (IN)
                         net (fo=120, unset)          0.390     0.390    clk
    SLICE_X13Y77         FDRE                                         r  comb_operand_reg[21]/C
  -------------------------------------------------------------------    -------------------
    SLICE_X13Y77         FDRE (Prop_fdre_C_Q)         0.141     0.531 r  comb_operand_reg[21]/Q
                         net (fo=4, routed)           0.136     0.667    comb_operand[21]
    SLICE_X12Y77         FDRE                                         r  comb_delay1_reg[21]/D
  -------------------------------------------------------------------    -------------------

                         (clock clk_audio_128x rise edge)
                                                      0.000     0.000 r  
                                                      0.000     0.000 r  clk (IN)
                         net (fo=120, unset)          0.411     0.411    clk
    SLICE_X12Y77         FDRE                                         r  comb_delay1_reg[21]/C
                         clock pessimism              0.000     0.411    
    SLICE_X12Y77         FDRE (Hold_fdre_C_D)         0.063     0.474    comb_delay1_reg[21]
  -------------------------------------------------------------------
                         required time                         -0.474    
                         arrival time                           0.667    
  -------------------------------------------------------------------
                         slack                                  0.193    

Slack (MET) :             0.196ns  (arrival time - required time)
  Source:                 comb_operand_reg[8]/C
                            (rising edge-triggered cell FDRE clocked by clk_audio_128x  {rise@0.000ns fall@81.380ns period=162.760ns})
  Destination:            comb_delay1_reg[8]/D
                            (rising edge-triggered cell FDRE clocked by clk_audio_128x  {rise@0.000ns fall@81.380ns period=162.760ns})
  Path Group:             clk_audio_128x
  Path Type:              Hold (Min at Fast Process Corner)
  Requirement:            0.000ns  (clk_audio_128x rise@0.000ns - clk_audio_128x rise@0.000ns)
  Data Path Delay:        0.280ns  (logic 0.141ns (50.273%)  route 0.139ns (49.727%))
  Logic Levels:           0  
  Clock Path Skew:        0.021ns (DCD - SCD - CPR)
    Destination Clock Delay (DCD):    0.411ns
    Source Clock Delay      (SCD):    0.390ns
    Clock Pessimism Removal (CPR):    -0.000ns

    Location             Delay type                Incr(ns)  Path(ns)    Netlist Resource(s)
  -------------------------------------------------------------------    -------------------
                         (clock clk_audio_128x rise edge)
                                                      0.000     0.000 r  
                                                      0.000     0.000 r  clk (IN)
                         net (fo=120, unset)          0.390     0.390    clk
    SLICE_X13Y74         FDRE                                         r  comb_operand_reg[8]/C
  -------------------------------------------------------------------    -------------------
    SLICE_X13Y74         FDRE (Prop_fdre_C_Q)         0.141     0.531 r  comb_operand_reg[8]/Q
                         net (fo=4, routed)           0.139     0.671    comb_operand[8]
    SLICE_X12Y74         FDRE                                         r  comb_delay1_reg[8]/D
  -------------------------------------------------------------------    -------------------

                         (clock clk_audio_128x rise edge)
                                                      0.000     0.000 r  
                                                      0.000     0.000 r  clk (IN)
                         net (fo=120, unset)          0.411     0.411    clk
    SLICE_X12Y74         FDRE                                         r  comb_delay1_reg[8]/C
                         clock pessimism              0.000     0.411    
    SLICE_X12Y74         FDRE (Hold_fdre_C_D)         0.064     0.475    comb_delay1_reg[8]
  -------------------------------------------------------------------
                         required time                         -0.475    
                         arrival time                           0.671    
  -------------------------------------------------------------------
                         slack                                  0.196    

Slack (MET) :             0.197ns  (arrival time - required time)
  Source:                 comb_operand_reg[16]/C
                            (rising edge-triggered cell FDRE clocked by clk_audio_128x  {rise@0.000ns fall@81.380ns period=162.760ns})
  Destination:            comb_delay1_reg[16]/D
                            (rising edge-triggered cell FDRE clocked by clk_audio_128x  {rise@0.000ns fall@81.380ns period=162.760ns})
  Path Group:             clk_audio_128x
  Path Type:              Hold (Min at Fast Process Corner)
  Requirement:            0.000ns  (clk_audio_128x rise@0.000ns - clk_audio_128x rise@0.000ns)
  Data Path Delay:        0.277ns  (logic 0.141ns (50.894%)  route 0.136ns (49.106%))
  Logic Levels:           0  
  Clock Path Skew:        0.021ns (DCD - SCD - CPR)
    Destination Clock Delay (DCD):    0.411ns
    Source Clock Delay      (SCD):    0.390ns
    Clock Pessimism Removal (CPR):    -0.000ns

    Location             Delay type                Incr(ns)  Path(ns)    Netlist Resource(s)
  -------------------------------------------------------------------    -------------------
                         (clock clk_audio_128x rise edge)
                                                      0.000     0.000 r  
                                                      0.000     0.000 r  clk (IN)
                         net (fo=120, unset)          0.390     0.390    clk
    SLICE_X13Y76         FDRE                                         r  comb_operand_reg[16]/C
  -------------------------------------------------------------------    -------------------
    SLICE_X13Y76         FDRE (Prop_fdre_C_Q)         0.141     0.531 r  comb_operand_reg[16]/Q
                         net (fo=4, routed)           0.136     0.667    comb_operand[16]
    SLICE_X12Y76         FDRE                                         r  comb_delay1_reg[16]/D
  -------------------------------------------------------------------    -------------------

                         (clock clk_audio_128x rise edge)
                                                      0.000     0.000 r  
                                                      0.000     0.000 r  clk (IN)
                         net (fo=120, unset)          0.411     0.411    clk
    SLICE_X12Y76         FDRE                                         r  comb_delay1_reg[16]/C
                         clock pessimism              0.000     0.411    
    SLICE_X12Y76         FDRE (Hold_fdre_C_D)         0.060     0.471    comb_delay1_reg[16]
  -------------------------------------------------------------------
                         required time                         -0.471    
                         arrival time                           0.667    
  -------------------------------------------------------------------
                         slack                                  0.197    

Slack (MET) :             0.198ns  (arrival time - required time)
  Source:                 comb_operand_reg[12]/C
                            (rising edge-triggered cell FDRE clocked by clk_audio_128x  {rise@0.000ns fall@81.380ns period=162.760ns})
  Destination:            comb_delay1_reg[12]/D
                            (rising edge-triggered cell FDRE clocked by clk_audio_128x  {rise@0.000ns fall@81.380ns period=162.760ns})
  Path Group:             clk_audio_128x
  Path Type:              Hold (Min at Fast Process Corner)
  Requirement:            0.000ns  (clk_audio_128x rise@0.000ns - clk_audio_128x rise@0.000ns)
  Data Path Delay:        0.278ns  (logic 0.141ns (50.671%)  route 0.137ns (49.329%))
  Logic Levels:           0  
  Clock Path Skew:        0.021ns (DCD - SCD - CPR)
    Destination Clock Delay (DCD):    0.411ns
    Source Clock Delay      (SCD):    0.390ns
    Clock Pessimism Removal (CPR):    -0.000ns

    Location             Delay type                Incr(ns)  Path(ns)    Netlist Resource(s)
  -------------------------------------------------------------------    -------------------
                         (clock clk_audio_128x rise edge)
                                                      0.000     0.000 r  
                                                      0.000     0.000 r  clk (IN)
                         net (fo=120, unset)          0.390     0.390    clk
    SLICE_X13Y75         FDRE                                         r  comb_operand_reg[12]/C
  -------------------------------------------------------------------    -------------------
    SLICE_X13Y75         FDRE (Prop_fdre_C_Q)         0.141     0.531 r  comb_operand_reg[12]/Q
                         net (fo=4, routed)           0.137     0.669    comb_operand[12]
    SLICE_X12Y75         FDRE                                         r  comb_delay1_reg[12]/D
  -------------------------------------------------------------------    -------------------

                         (clock clk_audio_128x rise edge)
                                                      0.000     0.000 r  
                                                      0.000     0.000 r  clk (IN)
                         net (fo=120, unset)          0.411     0.411    clk
    SLICE_X12Y75         FDRE                                         r  comb_delay1_reg[12]/C
                         clock pessimism              0.000     0.411    
    SLICE_X12Y75         FDRE (Hold_fdre_C_D)         0.060     0.471    comb_delay1_reg[12]
  -------------------------------------------------------------------
                         required time                         -0.471    
                         arrival time                           0.669    
  -------------------------------------------------------------------
                         slack                                  0.198    

Slack (MET) :             0.198ns  (arrival time - required time)
  Source:                 comb_delay1_reg[20]/C
                            (rising edge-triggered cell FDRE clocked by clk_audio_128x  {rise@0.000ns fall@81.380ns period=162.760ns})
  Destination:            comb_delay0_reg[20]/D
                            (rising edge-triggered cell FDRE clocked by clk_audio_128x  {rise@0.000ns fall@81.380ns period=162.760ns})
  Path Group:             clk_audio_128x
  Path Type:              Hold (Min at Fast Process Corner)
  Requirement:            0.000ns  (clk_audio_128x rise@0.000ns - clk_audio_128x rise@0.000ns)
  Data Path Delay:        0.278ns  (logic 0.164ns (59.007%)  route 0.114ns (40.993%))
  Logic Levels:           0  
  Clock Path Skew:        0.021ns (DCD - SCD - CPR)
    Destination Clock Delay (DCD):    0.411ns
    Source Clock Delay      (SCD):    0.390ns
    Clock Pessimism Removal (CPR):    -0.000ns

    Location             Delay type                Incr(ns)  Path(ns)    Netlist Resource(s)
  -------------------------------------------------------------------    -------------------
                         (clock clk_audio_128x rise edge)
                                                      0.000     0.000 r  
                                                      0.000     0.000 r  clk (IN)
                         net (fo=120, unset)          0.390     0.390    clk
    SLICE_X12Y77         FDRE                                         r  comb_delay1_reg[20]/C
  -------------------------------------------------------------------    -------------------
    SLICE_X12Y77         FDRE (Prop_fdre_C_Q)         0.164     0.554 r  comb_delay1_reg[20]/Q
                         net (fo=1, routed)           0.114     0.668    comb_delay1[20]
    SLICE_X12Y77         FDRE                                         r  comb_delay0_reg[20]/D
  -------------------------------------------------------------------    -------------------

                         (clock clk_audio_128x rise edge)
                                                      0.000     0.000 r  
                                                      0.000     0.000 r  clk (IN)
                         net (fo=120, unset)          0.411     0.411    clk
    SLICE_X12Y77         FDRE                                         r  comb_delay0_reg[20]/C
                         clock pessimism              0.000     0.411    
    SLICE_X12Y77         FDRE (Hold_fdre_C_D)         0.059     0.470    comb_delay0_reg[20]
  -------------------------------------------------------------------
                         required time                         -0.470    
                         arrival time                           0.668    
  -------------------------------------------------------------------
                         slack                                  0.198    

Slack (MET) :             0.198ns  (arrival time - required time)
  Source:                 comb_operand_reg[4]/C
                            (rising edge-triggered cell FDRE clocked by clk_audio_128x  {rise@0.000ns fall@81.380ns period=162.760ns})
  Destination:            hold_sample_reg[4]/D
                            (rising edge-triggered cell FDRE clocked by clk_audio_128x  {rise@0.000ns fall@81.380ns period=162.760ns})
  Path Group:             clk_audio_128x
  Path Type:              Hold (Min at Fast Process Corner)
  Requirement:            0.000ns  (clk_audio_128x rise@0.000ns - clk_audio_128x rise@0.000ns)
  Data Path Delay:        0.282ns  (logic 0.141ns (50.001%)  route 0.141ns (49.999%))
  Logic Levels:           0  
  Clock Path Skew:        0.021ns (DCD - SCD - CPR)
    Destination Clock Delay (DCD):    0.411ns
    Source Clock Delay      (SCD):    0.390ns
    Clock Pessimism Removal (CPR):    -0.000ns

    Location             Delay type                Incr(ns)  Path(ns)    Netlist Resource(s)
  -------------------------------------------------------------------    -------------------
                         (clock clk_audio_128x rise edge)
                                                      0.000     0.000 r  
                                                      0.000     0.000 r  clk (IN)
                         net (fo=120, unset)          0.390     0.390    clk
    SLICE_X13Y73         FDRE                                         r  comb_operand_reg[4]/C
  -------------------------------------------------------------------    -------------------
    SLICE_X13Y73         FDRE (Prop_fdre_C_Q)         0.141     0.531 r  comb_operand_reg[4]/Q
                         net (fo=4, routed)           0.141     0.672    comb_operand[4]
    SLICE_X12Y73         FDRE                                         r  hold_sample_reg[4]/D
  -------------------------------------------------------------------    -------------------

                         (clock clk_audio_128x rise edge)
                                                      0.000     0.000 r  
                                                      0.000     0.000 r  clk (IN)
                         net (fo=120, unset)          0.411     0.411    clk
    SLICE_X12Y73         FDRE                                         r  hold_sample_reg[4]/C
                         clock pessimism              0.000     0.411    
    SLICE_X12Y73         FDRE (Hold_fdre_C_D)         0.063     0.474    hold_sample_reg[4]
  -------------------------------------------------------------------
                         required time                         -0.474    
                         arrival time                           0.672    
  -------------------------------------------------------------------
                         slack                                  0.198    

Slack (MET) :             0.200ns  (arrival time - required time)
  Source:                 comb_operand_reg[20]/C
                            (rising edge-triggered cell FDRE clocked by clk_audio_128x  {rise@0.000ns fall@81.380ns period=162.760ns})
  Destination:            comb_delay1_reg[20]/D
                            (rising edge-triggered cell FDRE clocked by clk_audio_128x  {rise@0.000ns fall@81.380ns period=162.760ns})
  Path Group:             clk_audio_128x
  Path Type:              Hold (Min at Fast Process Corner)
  Requirement:            0.000ns  (clk_audio_128x rise@0.000ns - clk_audio_128x rise@0.000ns)
  Data Path Delay:        0.283ns  (logic 0.141ns (49.800%)  route 0.142ns (50.200%))
  Logic Levels:           0  
  Clock Path Skew:        0.021ns (DCD - SCD - CPR)
    Destination Clock Delay (DCD):    0.411ns
    Source Clock Delay      (SCD):    0.390ns
    Clock Pessimism Removal (CPR):    -0.000ns

    Location             Delay type                Incr(ns)  Path(ns)    Netlist Resource(s)
  -------------------------------------------------------------------    -------------------
                         (clock clk_audio_128x rise edge)
                                                      0.000     0.000 r  
                                                      0.000     0.000 r  clk (IN)
                         net (fo=120, unset)          0.390     0.390    clk
    SLICE_X13Y77         FDRE                                         r  comb_operand_reg[20]/C
  -------------------------------------------------------------------    -------------------
    SLICE_X13Y77         FDRE (Prop_fdre_C_Q)         0.141     0.531 r  comb_operand_reg[20]/Q
                         net (fo=4, routed)           0.142     0.673    comb_operand[20]
    SLICE_X12Y77         FDRE                                         r  comb_delay1_reg[20]/D
  -------------------------------------------------------------------    -------------------

                         (clock clk_audio_128x rise edge)
                                                      0.000     0.000 r  
                                                      0.000     0.000 r  clk (IN)
                         net (fo=120, unset)          0.411     0.411    clk
    SLICE_X12Y77         FDRE                                         r  comb_delay1_reg[20]/C
                         clock pessimism              0.000     0.411    
    SLICE_X12Y77         FDRE (Hold_fdre_C_D)         0.063     0.474    comb_delay1_reg[20]
  -------------------------------------------------------------------
                         required time                         -0.474    
                         arrival time                           0.673    
  -------------------------------------------------------------------
                         slack                                  0.200    

Slack (MET) :             0.200ns  (arrival time - required time)
  Source:                 comb_operand_reg[11]/C
                            (rising edge-triggered cell FDRE clocked by clk_audio_128x  {rise@0.000ns fall@81.380ns period=162.760ns})
  Destination:            comb_delay1_reg[11]/D
                            (rising edge-triggered cell FDRE clocked by clk_audio_128x  {rise@0.000ns fall@81.380ns period=162.760ns})
  Path Group:             clk_audio_128x
  Path Type:              Hold (Min at Fast Process Corner)
  Requirement:            0.000ns  (clk_audio_128x rise@0.000ns - clk_audio_128x rise@0.000ns)
  Data Path Delay:        0.274ns  (logic 0.141ns (51.544%)  route 0.133ns (48.456%))
  Logic Levels:           0  
  Clock Path Skew:        0.021ns (DCD - SCD - CPR)
    Destination Clock Delay (DCD):    0.411ns
    Source Clock Delay      (SCD):    0.390ns
    Clock Pessimism Removal (CPR):    -0.000ns

    Location             Delay type                Incr(ns)  Path(ns)    Netlist Resource(s)
  -------------------------------------------------------------------    -------------------
                         (clock clk_audio_128x rise edge)
                                                      0.000     0.000 r  
                                                      0.000     0.000 r  clk (IN)
                         net (fo=120, unset)          0.390     0.390    clk
    SLICE_X13Y74         FDRE                                         r  comb_operand_reg[11]/C
  -------------------------------------------------------------------    -------------------
    SLICE_X13Y74         FDRE (Prop_fdre_C_Q)         0.141     0.531 r  comb_operand_reg[11]/Q
                         net (fo=4, routed)           0.133     0.664    comb_operand[11]
    SLICE_X12Y74         FDRE                                         r  comb_delay1_reg[11]/D
  -------------------------------------------------------------------    -------------------

                         (clock clk_audio_128x rise edge)
                                                      0.000     0.000 r  
                                                      0.000     0.000 r  clk (IN)
                         net (fo=120, unset)          0.411     0.411    clk
    SLICE_X12Y74         FDRE                                         r  comb_delay1_reg[11]/C
                         clock pessimism              0.000     0.411    
    SLICE_X12Y74         FDRE (Hold_fdre_C_D)         0.053     0.464    comb_delay1_reg[11]
  -------------------------------------------------------------------
                         required time                         -0.464    
                         arrival time                           0.664    
  -------------------------------------------------------------------
                         slack                                  0.200    

Slack (MET) :             0.202ns  (arrival time - required time)
  Source:                 comb_delay1_reg[21]/C
                            (rising edge-triggered cell FDRE clocked by clk_audio_128x  {rise@0.000ns fall@81.380ns period=162.760ns})
  Destination:            comb_delay0_reg[21]/D
                            (rising edge-triggered cell FDRE clocked by clk_audio_128x  {rise@0.000ns fall@81.380ns period=162.760ns})
  Path Group:             clk_audio_128x
  Path Type:              Hold (Min at Fast Process Corner)
  Requirement:            0.000ns  (clk_audio_128x rise@0.000ns - clk_audio_128x rise@0.000ns)
  Data Path Delay:        0.274ns  (logic 0.164ns (59.759%)  route 0.110ns (40.241%))
  Logic Levels:           0  
  Clock Path Skew:        0.021ns (DCD - SCD - CPR)
    Destination Clock Delay (DCD):    0.411ns
    Source Clock Delay      (SCD):    0.390ns
    Clock Pessimism Removal (CPR):    -0.000ns

    Location             Delay type                Incr(ns)  Path(ns)    Netlist Resource(s)
  -------------------------------------------------------------------    -------------------
                         (clock clk_audio_128x rise edge)
                                                      0.000     0.000 r  
                                                      0.000     0.000 r  clk (IN)
                         net (fo=120, unset)          0.390     0.390    clk
    SLICE_X12Y77         FDRE                                         r  comb_delay1_reg[21]/C
  -------------------------------------------------------------------    -------------------
    SLICE_X12Y77         FDRE (Prop_fdre_C_Q)         0.164     0.554 r  comb_delay1_reg[21]/Q
                         net (fo=1, routed)           0.110     0.665    comb_delay1[21]
    SLICE_X12Y77         FDRE                                         r  comb_delay0_reg[21]/D
  -------------------------------------------------------------------    -------------------

                         (clock clk_audio_128x rise edge)
                                                      0.000     0.000 r  
                                                      0.000     0.000 r  clk (IN)
                         net (fo=120, unset)          0.411     0.411    clk
    SLICE_X12Y77         FDRE                                         r  comb_delay0_reg[21]/C
                         clock pessimism              0.000     0.411    
    SLICE_X12Y77         FDRE (Hold_fdre_C_D)         0.052     0.463    comb_delay0_reg[21]
  -------------------------------------------------------------------
                         required time                         -0.463    
                         arrival time                           0.665    
  -------------------------------------------------------------------
                         slack                                  0.202    





Pulse Width Checks
--------------------------------------------------------------------------------------
Clock Name:         clk_audio_128x
Waveform(ns):       { 0.000 81.380 }
Period(ns):         162.760
Sources:            { clk }

Check Type        Corner  Lib Pin  Reference Pin  Required(ns)  Actual(ns)  Slack(ns)  Location      Pin
Min Period        n/a     FDRE/C   n/a            1.000         162.760     161.760    SLICE_X15Y75  align_pending_reg/C
Min Period        n/a     FDRE/C   n/a            1.000         162.760     161.760    SLICE_X15Y74  burst_pending_reg/C
Min Period        n/a     FDRE/C   n/a            1.000         162.760     161.760    SLICE_X14Y74  burst_remaining_reg[0]/C
Min Period        n/a     FDRE/C   n/a            1.000         162.760     161.760    SLICE_X14Y74  burst_remaining_reg[1]/C
Min Period        n/a     FDRE/C   n/a            1.000         162.760     161.760    SLICE_X14Y74  burst_remaining_reg[2]/C
Min Period        n/a     FDRE/C   n/a            1.000         162.760     161.760    SLICE_X14Y74  burst_remaining_reg[3]/C
Min Period        n/a     FDRE/C   n/a            1.000         162.760     161.760    SLICE_X15Y75  comb_active_reg/C
Min Period        n/a     FDRE/C   n/a            1.000         162.760     161.760    SLICE_X12Y72  comb_delay0_reg[0]/C
Min Period        n/a     FDRE/C   n/a            1.000         162.760     161.760    SLICE_X12Y74  comb_delay0_reg[10]/C
Min Period        n/a     FDRE/C   n/a            1.000         162.760     161.760    SLICE_X12Y74  comb_delay0_reg[11]/C
Min Period        n/a     FDRE/C   n/a            1.000         162.760     161.760    SLICE_X12Y75  comb_delay0_reg[12]/C
Min Period        n/a     FDRE/C   n/a            1.000         162.760     161.760    SLICE_X12Y75  comb_delay0_reg[13]/C
Min Period        n/a     FDRE/C   n/a            1.000         162.760     161.760    SLICE_X12Y75  comb_delay0_reg[14]/C
Min Period        n/a     FDRE/C   n/a            1.000         162.760     161.760    SLICE_X12Y75  comb_delay0_reg[15]/C
Min Period        n/a     FDRE/C   n/a            1.000         162.760     161.760    SLICE_X12Y76  comb_delay0_reg[16]/C
Min Period        n/a     FDRE/C   n/a            1.000         162.760     161.760    SLICE_X12Y76  comb_delay0_reg[17]/C
Min Period        n/a     FDRE/C   n/a            1.000         162.760     161.760    SLICE_X12Y76  comb_delay0_reg[18]/C
Min Period        n/a     FDRE/C   n/a            1.000         162.760     161.760    SLICE_X12Y76  comb_delay0_reg[19]/C
Min Period        n/a     FDRE/C   n/a            1.000         162.760     161.760    SLICE_X12Y72  comb_delay0_reg[1]/C
Min Period        n/a     FDRE/C   n/a            1.000         162.760     161.760    SLICE_X12Y77  comb_delay0_reg[20]/C
Low Pulse Width   Fast    FDRE/C   n/a            0.500         81.380      80.880     SLICE_X15Y75  align_pending_reg/C
Low Pulse Width   Fast    FDRE/C   n/a            0.500         81.380      80.880     SLICE_X15Y74  burst_pending_reg/C
Low Pulse Width   Fast    FDRE/C   n/a            0.500         81.380      80.880     SLICE_X14Y74  burst_remaining_reg[0]/C
Low Pulse Width   Fast    FDRE/C   n/a            0.500         81.380      80.880     SLICE_X14Y74  burst_remaining_reg[1]/C
Low Pulse Width   Fast    FDRE/C   n/a            0.500         81.380      80.880     SLICE_X14Y74  burst_remaining_reg[2]/C
Low Pulse Width   Fast    FDRE/C   n/a            0.500         81.380      80.880     SLICE_X14Y74  burst_remaining_reg[3]/C
Low Pulse Width   Fast    FDRE/C   n/a            0.500         81.380      80.880     SLICE_X15Y75  comb_active_reg/C
Low Pulse Width   Fast    FDRE/C   n/a            0.500         81.380      80.880     SLICE_X12Y72  comb_delay0_reg[0]/C
Low Pulse Width   Fast    FDRE/C   n/a            0.500         81.380      80.880     SLICE_X12Y74  comb_delay0_reg[10]/C
Low Pulse Width   Fast    FDRE/C   n/a            0.500         81.380      80.880     SLICE_X12Y74  comb_delay0_reg[11]/C
Low Pulse Width   Fast    FDRE/C   n/a            0.500         81.380      80.880     SLICE_X12Y75  comb_delay0_reg[12]/C
Low Pulse Width   Fast    FDRE/C   n/a            0.500         81.380      80.880     SLICE_X12Y75  comb_delay0_reg[13]/C
Low Pulse Width   Fast    FDRE/C   n/a            0.500         81.380      80.880     SLICE_X12Y75  comb_delay0_reg[14]/C
Low Pulse Width   Fast    FDRE/C   n/a            0.500         81.380      80.880     SLICE_X12Y75  comb_delay0_reg[15]/C
Low Pulse Width   Fast    FDRE/C   n/a            0.500         81.380      80.880     SLICE_X12Y76  comb_delay0_reg[16]/C
Low Pulse Width   Fast    FDRE/C   n/a            0.500         81.380      80.880     SLICE_X12Y76  comb_delay0_reg[17]/C
Low Pulse Width   Fast    FDRE/C   n/a            0.500         81.380      80.880     SLICE_X12Y76  comb_delay0_reg[18]/C
Low Pulse Width   Fast    FDRE/C   n/a            0.500         81.380      80.880     SLICE_X12Y76  comb_delay0_reg[19]/C
Low Pulse Width   Fast    FDRE/C   n/a            0.500         81.380      80.880     SLICE_X12Y72  comb_delay0_reg[1]/C
Low Pulse Width   Fast    FDRE/C   n/a            0.500         81.380      80.880     SLICE_X12Y77  comb_delay0_reg[20]/C
High Pulse Width  Slow    FDRE/C   n/a            0.500         81.380      80.880     SLICE_X15Y75  align_pending_reg/C
High Pulse Width  Fast    FDRE/C   n/a            0.500         81.380      80.880     SLICE_X15Y75  align_pending_reg/C
High Pulse Width  Slow    FDRE/C   n/a            0.500         81.380      80.880     SLICE_X15Y74  burst_pending_reg/C
High Pulse Width  Fast    FDRE/C   n/a            0.500         81.380      80.880     SLICE_X15Y74  burst_pending_reg/C
High Pulse Width  Slow    FDRE/C   n/a            0.500         81.380      80.880     SLICE_X14Y74  burst_remaining_reg[0]/C
High Pulse Width  Fast    FDRE/C   n/a            0.500         81.380      80.880     SLICE_X14Y74  burst_remaining_reg[0]/C
High Pulse Width  Slow    FDRE/C   n/a            0.500         81.380      80.880     SLICE_X14Y74  burst_remaining_reg[1]/C
High Pulse Width  Fast    FDRE/C   n/a            0.500         81.380      80.880     SLICE_X14Y74  burst_remaining_reg[1]/C
High Pulse Width  Slow    FDRE/C   n/a            0.500         81.380      80.880     SLICE_X14Y74  burst_remaining_reg[2]/C
High Pulse Width  Fast    FDRE/C   n/a            0.500         81.380      80.880     SLICE_X14Y74  burst_remaining_reg[2]/C
High Pulse Width  Slow    FDRE/C   n/a            0.500         81.380      80.880     SLICE_X14Y74  burst_remaining_reg[3]/C
High Pulse Width  Fast    FDRE/C   n/a            0.500         81.380      80.880     SLICE_X14Y74  burst_remaining_reg[3]/C
High Pulse Width  Slow    FDRE/C   n/a            0.500         81.380      80.880     SLICE_X15Y75  comb_active_reg/C
High Pulse Width  Fast    FDRE/C   n/a            0.500         81.380      80.880     SLICE_X15Y75  comb_active_reg/C
High Pulse Width  Slow    FDRE/C   n/a            0.500         81.380      80.880     SLICE_X12Y72  comb_delay0_reg[0]/C
High Pulse Width  Fast    FDRE/C   n/a            0.500         81.380      80.880     SLICE_X12Y72  comb_delay0_reg[0]/C
High Pulse Width  Slow    FDRE/C   n/a            0.500         81.380      80.880     SLICE_X12Y74  comb_delay0_reg[10]/C
High Pulse Width  Fast    FDRE/C   n/a            0.500         81.380      80.880     SLICE_X12Y74  comb_delay0_reg[10]/C
High Pulse Width  Slow    FDRE/C   n/a            0.500         81.380      80.880     SLICE_X12Y74  comb_delay0_reg[11]/C
High Pulse Width  Fast    FDRE/C   n/a            0.500         81.380      80.880     SLICE_X12Y74  comb_delay0_reg[11]/C



