000000
000000
000000
000000
000000
000000
000000
000000
000000
000000
000000
000000
000000
000000
000000
000000
000000
000000
000000
000000
000000
000000
000000
000000
000000
000000
000000
000000
000000
000000
000000
000000
000000
000000
000000
000000
000000
000000
000000
000000
000000
000000
000000
000000
000000
000000
000000
000000
000000
000000
000000
000000
000000
000000
000000
000000
000000
000000
000000
000000
000000
000000
000000
000000
000000
000000
000000
000000
000000
000000
000000
000000
000000
000000
000000
000000
000000
000000
000000
000000
000000
000000
000000
000000
000000
000000
000000
000000
000000
000000
000000
000000
000000
000000
000000
000000
000000
000000
000000
000000
000000
000000
000000
000000
000000
000000
000000
000000
000000
000000
000000
000000
000000
000000
000000
000000
000000
000000
000000
000000
000000
000000
000000
000000
000000
000000
000000
000000
000000
000000
000000
000000
000000
000000
000000
000000
000000
000000
000000
000000
000000
000000
000000
000000
000000
000000
000000
000000
000000
000000
000000
000000
000000
000000
000000
000000
000000
000000
000000
000000
000000
000000
000000
000000
000000
000000
000000
000000
000000
000000
000000
000000
000000
000000
000000
000000
000000
000000
000000
000000
000000
000000
000000
000000
000000
FFFFF0
FFFFF0
FFFFF0
FFFFF0
FFFFF0
FFFFF0
FFFFF0
FFFFF0
FFFFF0
FFFFF0
FFFFF0
FFFFF0
FFFFF0
FFFFF0
FFFFF0
FFFFF0
FFFFF0
FFFFF0
FFFFF0
FFFFF0
FFFFF0
FFFFF0
FFFFF0
FFFFF0
FFFFF0
FFFFF0
FFFFF0
FFFFF0
FFFFF0
FFFFF0
FFFFF0
FFFFF0
FFFFF0
FFFFF0
FFFFF0
FFFFF0
FFFFF0
FFFFF0
FFFFF0
FFFFF0
FFFFF0
FFFFF0
FFFFF0
FFFFF0
FFFFF0
000000
000000
000000
000010
000010
000010
000010
000010
000010
000010
000010
000020
000020
000020
000020
000020
000020
000020
000020
000030
000030
000030
000030
000030
000030
000030
000030
000040
000040
000040
000040
000040
000040
000040
000040
000040
000040
000040
000040
000040
000040
000040
000040
000040
000040
000040
000040
000040
000040
000040
000040
000040
000040
000040
000040
000040
000030
000030
000030
000030
000030
000030
000030
000030
000020
000020
000020
000020
000010
000010
000010
000010
000000
000000
000000
FFFFF0
FFFFF0
FFFFF0
FFFFE0
FFFFE0
FFFFD0
FFFFD0
FFFFC0
FFFFC0
FFFFB0
FFFFB0
FFFFB0
FFFFA0
FFFFA0
FFFFA0
FFFF90
FFFF90
FFFF80
FFFF80
FFFF80
FFFF70
FFFF70
FFFF70
FFFF70
FFFF60
FFFF60
FFFF60
FFFF60
FFFF50
FFFF50
FFFF50
FFFF50
FFFF40
FFFF40
FFFF40
FFFF40
FFFF40
FFFF40
FFFF40
FFFF40
FFFF40
FFFF40
FFFF40
FFFF40
FFFF40
FFFF50
FFFF50
FFFF50
FFFF50
FFFF60
FFFF60
FFFF60
FFFF60
FFFF70
FFFF70
FFFF70
FFFF80
FFFF80
FFFF90
FFFFA0
FFFFA0
FFFFB0
FFFFC0
FFFFD0
FFFFD0
FFFFE0
FFFFF0
000000
000010
000020
000030
000040
000060
000070
000080
000090
0000B0
0000C0
0000D0
0000E0
000100
000110
000120
000140
000150
000170
000180
0001A0
0001B0
0001D0
0001E0
000200
000220
000230
000250
000270
000280
0002A0
0002B0
0002D0
0002F0
000300
000320
000340
000360
000370
000390
0003B0
0003D0
0003E0
000400
000420
000440
000450
000470
000490
0004A0
0004C0
0004D0
0004F0
000500
000520
000530
000540
000560
000570
000580
000590
0005B0
0005C0
0005D0
0005E0
0005F0
000600
000610
000620
000630
000630
000640
000650
000650
000660
000660
000660
000670
000670
000670
000670
000670
000670
000670
000670
000670
000660
000660
000650
000650
000640
000630
000620
000610
000600
0005F0
0005E0
0005C0
0005B0
000590
000570
000560
000540
000520
000500
0004E0
0004C0
0004A0
000480
000450
000430
000400
0003D0
0003B0
000380
000350
000320
0002F0
0002C0
000290
000260
000230
0001F0
0001C0
000190
000150
000120
0000E0
0000A0
000060
000020
FFFFE0
FFFFA0
FFFF60
FFFF20
FFFEE0
FFFEA0
FFFE50
FFFE10
FFFDD0
FFFD90
FFFD40
FFFD00
FFFCC0
FFFC70
FFFC30
FFFBE0
FFFBA0
FFFB50
FFFB10
FFFAC0
FFFA80
FFFA30
FFF9F0
FFF9A0
FFF960
FFF910
FFF8D0
FFF880
FFF840
FFF800
FFF7B0
FFF770
FFF730
FFF6F0
FFF6A0
FFF660
FFF620
FFF5E0
FFF5A0
FFF560
FFF520
FFF4E0
FFF4A0
FFF470
FFF430
FFF400
FFF3C0
FFF390
FFF360
FFF330
FFF300
FFF2D0
FFF2A0
FFF270
FFF250
FFF220
FFF200
FFF1E0
FFF1B0
FFF190
FFF170
FFF150
FFF140
FFF120
FFF110
FFF100
FFF0F0
FFF0E0
FFF0D0
FFF0C0
FFF0C0
FFF0B0
FFF0B0
FFF0B0
FFF0B0
FFF0B0
FFF0B0
FFF0C0
FFF0C0
FFF0D0
FFF0E0
FFF0F0
FFF110
FFF120
FFF140
FFF160
FFF180
FFF1B0
FFF1D0
FFF200
FFF230
FFF260
FFF290
FFF2C0
FFF300
FFF330
FFF370
FFF3B0
FFF3F0
FFF440
FFF480
FFF4D0
FFF520
FFF570
FFF5C0
FFF610
FFF670
FFF6C0
FFF720
FFF780
FFF7E0
FFF850
FFF8B0
FFF920
FFF980
FFF9F0
FFFA60
FFFAD0
FFFB50
FFFBC0
FFFC40
FFFCC0
FFFD30
FFFDB0
FFFE30
FFFEB0
FFFF30
FFFFC0
000040
0000D0
000150
0001E0
000260
0002F0
000380
000400
000490
000520
0005B0
000640
0006D0
000760
0007F0
000880
000910
0009A0
000A30
000AC0
000B50
000BE0
000C70
000CF0
000D80
000E10
000EA0
000F20
000FB0
001030
0010C0
001140
0011C0
001240
0012C0
001340
0013C0
001430
0014B0
001520
001590
001600
001670
0016D0
001740
0017A0
001810
001870
0018D0
001920
001980
0019D0
001A20
001A60
001AB0
001AF0
001B30
001B70
001BA0
001BE0
001C10
001C40
001C60
001C90
001CB0
001CC0
001CE0
001CF0
001D00
001D00
001D10
001D10
001D10
001D00
001CF0
001CE0
001CD0
001CB0
001C90
001C70
001C50
001C20
001BE0
001BB0
001B70
001B20
001AE0
001A90
001A40
0019E0
001980
001920
0018C0
001850
0017E0
001770
001700
001680
001600
001570
0014F0
001460
0013C0
001330
001290
0011F0
001140
0010A0
000FF0
000F40
000E90
000DD0
000D20
000C60
000BA0
000AD0
000A10
000940
000870
000790
0006C0
0005E0
000510
000430
000350
000270
000190
0000A0
FFFFC0
FFFED0
FFFDE0
FFFD00
FFFC10
FFFB20
FFFA30
FFF940
FFF850
FFF760
FFF660
FFF570
FFF480
FFF390
FFF2A0
FFF1B0
FFF0C0
FFEFD0
FFEEE0
FFEDF0
FFED00
FFEC10
FFEB30
FFEA40
FFE960
FFE880
FFE7A0
FFE6C0
FFE5E0
FFE500
FFE430
FFE350
FFE280
FFE1B0
FFE0E0
FFE020
FFDF50
FFDE90
FFDDD0
FFDD20
FFDC60
FFDBB0
FFDB00
FFDA60
FFD9B0
FFD920
FFD880
FFD7F0
FFD760
FFD6E0
FFD660
FFD5E0
FFD560
FFD4F0
FFD490
FFD420
FFD3C0
FFD370
FFD320
FFD2D0
FFD280
FFD240
FFD210
FFD1D0
FFD1A0
FFD180
FFD170
FFD150
FFD140
FFD140
FFD150
FFD150
FFD160
FFD180
FFD1A0
FFD1D0
FFD1F0
FFD230
FFD270
FFD2B0
FFD2F0
FFD350
FFD3B0
FFD410
FFD470
FFD4F0
FFD570
FFD5F0
FFD670
FFD710
FFD7A0
FFD840
FFD8E0
FFD990
FFDA50
FFDB00
FFDBC0
FFDC90
FFDD70
FFDE40
FFDF20
FFE010
FFE100
FFE1F0
FFE2E0
FFE3F0
FFE4F0
FFE600
FFE710
FFE830
FFE950
FFEA70
FFEB90
FFECC0
FFEDF0
FFEF30
FFF060
FFF1A0
FFF2F0
FFF430
FFF580
FFF6D0
FFF820
FFF980
FFFAD0
FFFC30
FFFD90
FFFF00
000060
0001D0
000340
0004A0
000610
000780
0008F0
000A60
000BD0
000D40
000EB0
001020
001190
001300
001470
0015E0
001750
0018C0
001A20
001B90
001CF0
001E50
001FB0
002110
002270
0023C0
002510
002660
0027B0
0028F0
002A30
002B70
002CB0
002DE0
002F10
003030
003160
003270
003390
0034A0
0035B0
0036B0
0037A0
0038A0
003990
003A70
003B50
003C20
003D00
003DC0
003E70
003F30
003FE0
004070
004100
004190
004220
004290
004300
004360
0043D0
004410
004460
0044A0
0044E0
004500
004510
004530
004540
004530
004520
004500
0044F0
0044B0
004480
004440
004400
004390
004330
0042C0
004250
0041C0
004120
004090
003FF0
003F30
003E70
003DA0
003CE0
003BF0
003B10
003A20
003930
003820
003710
0035F0
0034E0
0033A0
003260
003120
002FE0
002E80
002D20
002BB0
002A50
0028D0
002740
0025C0
002430
002290
0020F0
001F40
001DA0
001BE0
001A20
001860
0016A0
0014D0
0012F0
001120
000F40
000D50
000B70
000980
000790
0005A0
0003A0
0001B0
FFFFB0
FFFDB0
FFFBA0
FFF9A0
FFF7A0
FFF590
FFF390
FFF180
FFEF80
FFED70
FFEB70
FFE960
FFE760
FFE560
FFE350
FFE150
FFDF50
FFDD50
FFDB60
FFD960
FFD770
FFD580
FFD390
FFD1B0
FFCFC0
FFCDE0
FFCC10
FFCA30
FFC860
FFC6A0
FFC4E0
FFC330
FFC170
FFBFD0
FFBE30
FFBCA0
FFBB00
FFB980
FFB800
FFB690
FFB510
FFB3C0
FFB260
FFB110
FFAFC0
FFAE90
FFAD70
FFAC40
FFAB20
FFAA30
FFA930
FFA840
FFA750
FFA690
FFA5C0
FFA500
FFA440
FFA3B0
FFA320
FFA290
FFA200
FFA1A0
FFA150
FFA0F0
FFA0A0
FFA080
FFA060
FFA050
FFA030
FFA050
FFA070
FFA090
FFA0B0
FFA100
FFA160
FFA1B0
FFA210
FFA2A0
FFA340
FFA3D0
FFA470
FFA540
FFA620
FFA6F0
FFA7D0
FFA8E0
FFA9F0
FFAB00
FFAC10
FFAD50
FFAEA0
FFAFE0
FFB130
FFB2B0
FFB430
FFB5C0
FFB740
FFB900
FFBAB0
FFBC70
FFBE30
FFC020
FFC200
FFC3F0
FFC5E0
FFC7F0
FFCA10
FFCC20
FFCE40
FFD080
FFD2C0
FFD500
FFD740
FFD9A0
FFDC10
FFDE70
FFE0E0
FFE370
FFE5F0
FFE880
FFEB10
FFEDB0
FFF050
FFF300
FFF5A0
FFF850
FFFB00
FFFDC0
000070
000330
000600
0008C0
000B80
000E50
001120
0013E0
0016B0
001980
001C50
001F10
0021E0
0024A0
002770
002A30
002CF0
002FA0
003260
003510
0037C0
003A60
003D00
003FA0
004240
0044C0
004750
0049D0
004C50
004EB0
005120
005380
0055E0
005820
005A50
005C90
005EC0
0060D0
0062D0
0064E0
0066E0
0068B0
006A90
006C60
006E30
006FD0
007160
007300
007490
0075E0
007740
007890
0079E0
007AF0
007C00
007D00
007E10
007EE0
007FA0
008070
008130
0081B0
008230
0082A0
008320
008350
008370
0083A0
0083C0
008390
008370
008340
008310
0082A0
008220
0081B0
008130
008060
007FA0
007ED0
007E00
007CE0
007BC0
007A90
007970
007800
007680
007510
007390
0071D0
007010
006E40
006C80
006A70
006860
006650
006440
0061E0
005F80
005D20
005AC0
005820
005570
0052D0
005020
004D40
004A60
004770
004490
004170
003E60
003B40
003820
0034D0
003180
002E20
002AD0
002750
0023D0
002050
001CD0
001930
001590
0011E0
000E40
000A80
0006C0
000300
FFFF40
FFFB60
FFF790
FFF3B0
FFEFE0
FFEC00
FFE820
FFE440
FFE060
FFDC80
FFD8A0
FFD4C0
FFD0E0
FFCD00
FFC930
FFC550
FFC180
FFBDC0
FFB9F0
FFB630
FFB270
FFAED0
FFAB20
FFA780
FFA3E0
FFA060
FF9CE0
FF9960
FF95E0
FF9290
FF8F40
FF8BF0
FF88A0
FF8590
FF8270
FF7F60
FF7C50
FF7980
FF76A0
FF73D0
FF7100
FF6E70
FF6BE0
FF6960
FF66D0
FF6490
FF6260
FF6020
FF5DF0
FF5C10
FF5A40
FF5860
FF5690
FF5510
FF53A0
FF5220
FF50B0
FF4F90
FF4E80
FF4D60
FF4C50
FF4BA0
FF4AF0
FF4A50
FF49A0
FF4970
FF4930
FF4900
FF48D0
FF4910
FF4940
FF4980
FF49C0
FF4A70
FF4B10
FF4BC0
FF4C70
FF4D90
FF4EA0
FF4FC0
FF50E0
FF5270
FF5410
FF55A0
FF5740
FF5950
FF5B50
FF5D60
FF5F70
FF61E0
FF6450
FF66D0
FF6940
FF6C20
FF6F00
FF71E0
FF74C0
FF7810
FF7B60
FF7EB0
FF8200
FF85B0
FF8960
FF8D10
FF90C0
FF94C0
FF98D0
FF9CD0
FFA0E0
FFA530
FFA980
FFADE0
FFB230
FFB6D0
FFBB70
FFC010
FFC4B0
FFC990
FFCE60
FFD340
FFD820
FFDD30
FFE230
FFE740
FFEC50
FFF180
FFF6B0
FFFBE0
000110
000660
000BB0
001100
001650
001BB0
002110
002660
002BC0
003120
003680
003BD0
004130
004680
004BD0
005110
005660
005B90
0060C0
0065F0
006B20
007020
007530
007A30
007F30
008400
0088D0
008DA0
009270
009700
009B90
00A010
00A4A0
00A8E0
00AD10
00B150
00B580
00B960
00BD40
00C110
00C4F0
00C870
00CBE0
00CF60
00D2D0
00D5D0
00D8E0
00DBE0
00DEE0
00E160
00E3E0
00E660
00E8E0
00EAE0
00ECD0
00EED0
00F0C0
00F230
00F3B0
00F520
00F690
00F770
00F850
00F930
00FA10
00FA50
00FA90
00FAC0
00FB00
00FAA0
00FA40
00F9E0
00F980
00F890
00F7A0
00F6A0
00F5B0
00F420
00F290
00F0F0
00EF60
00ED20
00EAF0
00E8B0
00E670
00E3A0
00E0D0
00DDF0
00DB20
00D7C0
00D460
00D0F0
00CD90
00C9A0
00C5A0
00C1B0
00BDB0
00B920
00B4A0
00B010
00AB80
00A670
00A160
009C50
009740
0091C0
008C50
0086D0
008150
007B70
007580
006FA0
0069B0
006360
005D20
0056D0
005080
0049F0
004350
003CC0
003620
002F50
002880
0021A0
001AD0
0013D0
000CC0
0005C0
FFFEB0
FFF780
FFF050
FFE930
FFE200
FFDAC0
FFD390
FFCC50
FFC520
FFBDF0
FFB6B0
FFAF80
FFA850
FFA130
FF9A10
FF92F0
FF8BD0
FF84E0
FF7DE0
FF76F0
FF7000
FF6940
FF6290
FF5BD0
FF5520
FF4EB0
FF4840
FF41E0
FF3B70
FF3560
FF2F50
FF2950
FF2340
FF1DA0
FF1810
FF1270
FF0CE0
FF07C0
FF02B0
FEFD90
FEF880
FEF3F0
FEEF60
FEEAD0
FEE640
FEE250
FEDE50
FEDA60
FED670
FED330
FECFF0
FECCB0
FEC970
FEC6E0
FEC450
FEC1C0
FEBF30
FEBD50
FEBB80
FEB9A0
FEB7D0
FEB6C0
FEB5B0
FEB4A0
FEB390
FEB350
FEB320
FEB2E0
FEB2B0
FEB340
FEB3E0
FEB470
FEB510
FEB670
FEB7C0
FEB920
FEBA80
FEBCB0
FEBEE0
FEC110
FEC340
FEC650
FEC950
FECC60
FECF70
FED340
FED710
FEDAF0
FEDEC0
FEE350
FEE7E0
FEEC70
FEF100
FEF640
FEFB90
FF00D0
FF0620
FF0C30
FF1230
FF1840
FF1E50
FF2500
FF2BB0
FF3260
FF3910
FF4050
FF4790
FF4ED0
FF5610
FF5DD0
FF65A0
FF6D60
FF7530
FF7D70
FF85B0
FF8E00
FF9640
FF9EE0
FFA780
FFB030
FFB8D0
FFC1C0
FFCAB0
FFD3A0
FFDC90
FFE5B0
FFEEE0
FFF800
000130
000A80
0013D0
001D20
002670
002FD0
003930
004280
004BE0
005530
005E80
0067D0
007120
007A50
008380
008CB0
0095E0
009ED0
00A7D0
00B0C0
00B9B0
00C250
00CAF0
00D390
00DC30
00E470
00ECB0
00F4E0
00FD20
0104E0
010CA0
011460
011C20
012340
012A70
013190
0138B0
013F30
0145B0
014C30
0152B0
015880
015E50
016410
0169E0
016EE0
0173E0
0178E0
017DE0
018200
018620
018A30
018E50
019180
0194C0
0197F0
019B20
019D70
019FC0
01A200
01A450
01A5A0
01A6F0
01A830
01A980
01A9C0
01A9F0
01AA30
01AA60
01A990
01A8D0
01A800
01A730
01A560
01A3A0
01A1D0
01A000
019D30
019A50
019780
0194A0
0190B0
018CD0
0188E0
0184F0
018000
017B20
017630
017140
016B60
016590
015FB0
0159D0
015310
014C40
014580
013EB0
0136F0
012F40
012780
011FC0
011730
010EB0
010620
00FD90
00F450
00EB10
00E1C0
00D880
00CE90
00C4B0
00BAC0
00B0D0
00A650
009BC0
009140
0086B0
007BB0
0070A0
0065A0
005A90
004F30
0043D0
003860
002D00
002150
0015B0
000A00
FFFE50
FFF270
FFE690
FFDAB0
FFCED0
FFC2E0
FFB6F0
FFAB10
FF9F20
FF9340
FF8760
FF7B90
FF6FB0
FF6400
FF5850
FF4CA0
FF40F0
FF3590
FF2A20
FF1EC0
FF1360
FF0860
FEFD60
FEF270
FEE770
FEDCF0
FED270
FEC800
FEBD80
FEB3A0
FEA9D0
FE9FF0
FE9620
FE8D10
FE83F0
FE7AE0
FE71D0
FE6990
FE6140
FE5900
FE50C0
FE4960
FE4200
FE3AB0
FE3350
FE2CF0
FE2690
FE2040
FE19E0
FE14B0
FE0F70
FE0A40
FE0510
FE0100
FDFCF0
FDF8E0
FDF4D0
FDF1F0
FDEF00
FDEC20
FDE940
FDE7A0
FDE5F0
FDE450
FDE2B0
FDE270
FDE230
FDE1F0
FDE1B0
FDE2C0
FDE3C0
FDE4D0
FDE5E0
FDE830
FDEA80
FDECD0
FDEF20
FDF2C0
FDF660
FDFA00
FDFDA0
FE02A0
FE07A0
FE0CB0
FE11B0
FE17F0
FE1E40
FE2480
FE2AD0
FE3240
FE39B0
FE4130
FE48A0
FE5140
FE59E0
FE6290
FE6B30
FE7500
FE7EE0
FE88B0
FE9290
FE9D70
FEA850
FEB330
FEBE10
FEC9D0
FED590
FEE160
FEED20
FEF9C0
FF0650
FF12F0
FF1F90
FF2CF0
FF3A50
FF47C0
FF5520
FF6320
FF7110
FF7F10
FF8D10
FF9B80
FFA9F0
FFB860
FFC6D0
FFD5A0
FFE460
FFF330
000200
001110
002010
002F20
003E20
004D40
005C60
006B70
007A90
0089A0
0098A0
00A7B0
00B6B0
00C580
00D450
00E310
00F1E0
010050
010EC0
011D20
012B90
013970
014760
015540
016320
017060
017DA0
018AE0
019820
01A490
01B110
01BD80
01C9F0
01D570
01E0F0
01EC60
01F7E0
020250
020CC0
021720
022190
022AE0
023430
023D70
0246C0
024EC0
0256D0
025ED0
0266D0
026D60
0273F0
027A80
028110
028630
028B50
029070
029590
029930
029CE0
02A080
02A420
02A630
02A840
02AA50
02AC60
02ACB0
02AD00
02AD50
02ADA0
02AC50
02AAF0
02A9A0
02A840
02A550
02A260
029F70
029C80
0297F0
029350
028EC0
028A20
0283D0
027D70
027720
0270C0
0268D0
0260E0
0258E0
0250F0
024780
023E10
0234A0
022B30
022040
021560
020A70
01FF80
01F310
01E6A0
01DA20
01CDB0
01BFF0
01B230
01A470
0196B0
0187D0
0178F0
016A10
015B30
014B40
013B50
012B60
011B70
010A80
00F9A0
00E8B0
00D7C0
00C610
00B460
00A2B0
009100
007EC0
006C80
005A30
0047F0
003540
002290
000FD0
FFFD20
FFEA20
FFD710
FFC410
FFB110
FF9DF0
FF8AD0
FF77C0
FF64A0
FF51A0
FF3EA0
FF2BA0
FF18A0
FF05F0
FEF330
FEE080
FECDD0
FEBBA0
FEA960
FE9730
FE8500
FE7370
FE61E0
FE5060
FE3ED0
FE2E10
FE1D50
FE0CA0
FDFBE0
FDEC30
FDDC70
FDCCC0
FDBD10
FDAE90
FDA020
FD91A0
FD8330
FD7610
FD68F0
FD5BD0
FD4EB0
FD4300
FD3740
FD2B90
FD1FE0
FD15D0
FD0BB0
FD01A0
FCF790
FCEF50
FCE720
FCDEE0
FCD6B0
FCD050
FCC9F0
FCC390
FCBD30
FCB8B0
FCB420
FCAFA0
FCAB20
FCA8A0
FCA610
FCA390
FCA110
FCA0C0
FCA070
FCA030
FC9FE0
FCA1B0
FCA370
FCA540
FCA710
FCAAE0
FCAEA0
FCB270
FCB640
FCBC20
FCC200
FCC7F0
FCCDD0
FCD5E0
FCDDF0
FCE610
FCEE20
FCF830
FD0250
FD0C60
FD1680
FD2270
FD2E60
FD3A60
FD4650
FD5420
FD61E0
FD6FB0
FD7D80
FD8D30
FD9CE0
FDACA0
FDBC50
FDCDA0
FDDEF0
FDF050
FE01A0
FE1450
FE2710
FE39C0
FE4C80
FE6080
FE7480
FE8880
FE9C80
FEB1B0
FEC6F0
FEDC20
FEF160
FF0780
FF1DA0
FF33D0
FF49F0
FF60C0
FF7790
FF8E70
FFA540
FFBC90
FFD3F0
FFEB40
0002A0
001A50
003200
0049B0
006160
007930
0090F0
00A8C0
00C080
00D820
00EFC0
010750
011EF0
013630
014D60
0164A0
017BD0
019260
01A900
01BF90
01D620
01EBE0
0201A0
021750
022D10
0241C0
025680
026B30
027FE0
029350
02A6C0
02BA20
02CD90
02DF70
02F150
030320
031500
032530
033560
034590
0355C0
036430
037290
038100
038F60
039BC0
03A830
03B490
03C0F0
03CB10
03D520
03DF40
03E950
03F120
03F8F0
0400C0
040890
040E10
0413A0
041920
041EA0
0421B0
0424B0
0427C0
042AC0
042B10
042B60
042BB0
042C00
0429C0
042780
042530
0422F0
041E30
041970
0414B0
040FF0
0408A0
040150
03FA00
03F2B0
03E8B0
03DEA0
03D4A0
03CA90
03BE10
03B190
03A510
039890
0389D0
037B00
036C40
035D70
034C60
033B50
032A40
031930
0305D0
02F260
02DF00
02CB90
02B630
02A0D0
028B60
027600
025EE0
0247D0
0230B0
021990
0200E0
01E820
01CF70
01B6B0
019C80
018250
016810
014DE0
013290
011730
00FBE0
00E080
00C450
00A820
008BE0
006FB0
0052E0
003600
001930
FFFC50
FFDF00
FFC1C0
FFA470
FF8730
FF69D0
FF4C60
FF2F00
FF11A0
FEF470
FED740
FEBA10
FE9CE0
FE8030
FE6370
FE46C0
FE2A10
FE0E20
FDF240
FDD650
FDBA70
FD9F90
FD84B0
FD69D0
FD4EF0
FD3550
FD1BC0
FD0220
FCE890
FCD090
FCB880
FCA080
FC8880
FC7270
FC5C50
FC4640
FC3030
FC1C30
FC0820
FBF420
FBE020
FBCE50
FBBC80
FBAAB0
FB98E0
FB8990
FB7A40
FB6AF0
FB5BA0
FB4F20
FB42B0
FB3630
FB29C0
FB2010
FB1670
FB0CC0
FB0320
FAFC50
FAF580
FAEEB0
FAE7E0
FAE420
FAE060
FADCB0
FAD8F0
FAD890
FAD830
FAD7D0
FAD770
FADA40
FADD10
FADFF0
FAE2C0
FAE8A0
FAEE80
FAF470
FAFA50
FB0360
FB0C70
FB1580
FB1E90
FB2AF0
FB3760
FB43C0
FB5030
FB5FA0
FB6F20
FB7E90
FB8E10
FBA060
FBB2A0
FBC4F0
FBD740
FBEC60
FC0170
FC1690
FC2BB0
FC43B0
FC5BA0
FC73A0
FC8BA0
FCA610
FCC080
FCDB00
FCF570
FD1200
FD2E90
FD4B30
FD67C0
FD8640
FDA4D0
FDC350
FDE1E0
FE0240
FE2290
FE42F0
FE6350
FE8510
FEA6E0
FEC8A0
FEEA70
FF0D40
FF3010
FF52E0
FF75B0
FF9940
FFBCE0
FFE070
000410
002830
004C50
007070
009490
00B8D0
00DD10
010150
012590
014990
016D90
019190
01B590
01D8F0
01FC60
021FC0
024320
026590
0287F0
02AA60
02CCC0
02EDE0
030F00
033020
035140
0370D0
039060
03AFF0
03CF80
03ED20
040AB0
042850
0445E0
046110
047C50
049780
04B2B0
04CB60
04E410
04FCB0
051560
052B50
054150
055740
056D30
058010
059300
05A5E0
05B8C0
05C820
05D790
05E6F0
05F650
060240
060E20
061A10
0625F0
062E60
0636C0
063F30
064790
064C30
0650D0
065570
065A10
065A90
065B10
065B80
065C00
065890
065520
0651A0
064E30
064700
063FC0
063890
063150
062630
061B10
060FE0
0604C0
05F580
05E640
05D6F0
05C7B0
05B4B0
05A1A0
058EA0
057B90
056510
054E90
053800
052180
050780
04ED80
04D370
04B970
049BE0
047E50
0460C0
044330
042290
040200
03E160
03C0C0
039D80
037A50
035710
0333D0
030E20
02E880
02C2D0
029D20
027530
024D40
022550
01FD60
01D3B0
01AA00
018040
015690
012B90
010090
00D580
00AA80
007E80
005290
002690
FFFA90
FFCDE0
FFA130
FF7490
FF47E0
FF1B10
FEEE30
FEC160
FE9490
FE6800
FE3B80
FE0EF0
FDE270
FDB6A0
FD8AD0
FD5F00
FD3330
FD0890
FCDDF0
FCB360
FC88C0
FC5FB0
FC36B0
FC0DA0
FBE4A0
FBBD80
FB9660
FB6F50
FB4830
FB2380
FAFED0
FADA20
FAB570
FA93B0
FA71E0
FA5020
FA2E60
FA0FC0
F9F120
F9D280
F9B3E0
F99890
F97D50
F96200
F946C0
F92F40
F917D0
F90050
F8E8E0
F8D5B0
F8C290
F8AF60
F89C40
F88D60
F87E90
F86FB0
F860E0
F85660
F84BD0
F84150
F836D0
F83100
F82B30
F82560
F81F90
F81EE0
F81E30
F81D80
F81CD0
F82100
F82530
F82960
F82D90
F83670
F83F50
F84830
F85110
F85ED0
F86C90
F87A50
F88810
F89AF0
F8ADD0
F8C0B0
F8D390
F8EB20
F902B0
F91A40
F931D0
F94DB0
F96990
F98580
F9A160
F9C190
F9E1D0
FA0200
FA2240
FA46E0
FA6B90
FA9030
FAB4E0
FADD50
FB05C0
FB2E30
FB56A0
FB8250
FBAE10
FBD9C0
FC0580
FC3440
FC6300
FC91C0
FCC080
FCF210
FD23B0
FD5540
FD86E0
FDBAB0
FDEE70
FE2240
FE5610
FE8B80
FEC0E0
FEF650
FF2BC0
FF6270
FF9910
FFCFC0
000670
003DF0
007580
00AD00
00E480
011C40
015400
018BC0
01C380
01FAF0
023250
0269C0
02A120
02D7A0
030E30
0344B0
037B30
03B040
03E550
041A50
044F60
048280
04B5A0
04E8B0
051BD0
054C90
057D50
05AE00
05DEC0
060C80
063A40
066800
0695C0
06BFE0
06EA00
071420
073E40
076480
078AD0
07B110
07D750
07F970
081B90
083DA0
085FC0
087D20
089A90
08B7F0
08D550
08ED60
090560
091D70
093570
094820
095AD0
096D70
098020
098D70
099AB0
09A800
09B540
09BCB0
09C430
09CBA0
09D310
09D420
09D530
09D630
09D740
09D240
09CD30
09C830
09C320
09B840
09AD60
09A280
0997A0
0986B0
0975C0
0964C0
0953D0
093C70
092510
090DB0
08F650
08D910
08BBE0
089EA0
088160
085EB0
083C10
081960
07F6B0
07CE90
07A680
077E60
075640
072890
06FAE0
06CD30
069F80
066D10
063AA0
060820
05D5B0
059F20
056890
0531F0
04FB60
04C0F0
048680
044C10
0411A0
03D390
039590
035780
031970
02D8A0
0297C0
0256F0
021610
01D320
019030
014D30
010A40
00C5B0
008130
003CA0
FFF810
FFB260
FF6CA0
FF26F0
FEE140
FE9B30
FE5520
FE0F20
FDC910
FD8360
FD3DB0
FCF810
FCB260
FC6DC0
FC2920
FBE480
FB9FE0
FB5D00
FB1A20
FAD750
FA9470
FA53F0
FA1370
F9D2F0
F99270
F954E0
F91750
F8D9C0
F89C30
F86240
F82860
F7EE70
F7B490
F77F20
F749B0
F71450
F6DEE0
F6AE40
F67DA0
F64D10
F61C70
F5F100
F5C590
F59A30
F56EC0
F54940
F523B0
F4FE30
F4D8B0
F4B9E0
F49B10
F47C50
F45D80
F44560
F42D50
F41530
F3FD20
F3EBD0
F3DA80
F3C930
F3B7E0
F3ADF0
F3A3F0
F39A00
F39010
F38E30
F38C50
F38A70
F38890
F38E60
F39430
F39A00
F39FD0
F3AD10
F3BA40
F3C780
F3D4C0
F3E9B0
F3FEB0
F413A0
F428A0
F445C0
F462E0
F48010
F49D30
F4C1D0
F4E670
F50B10
F52FB0
F55B40
F586D0
F5B270
F5DE00
F61090
F64320
F675B0
F6A840
F6E200
F71BB0
F75570
F78F30
F7CF10
F80F00
F84EE0
F88ED0
F8D410
F91950
F95EA0
F9A3E0
F9EE20
FA3870
FA82B0
FACD00
FB1C00
FB6B10
FBBA10
FC0920
FC5BE0
FCAEA0
FD0160
FD5420
FDA9B0
FDFF40
FE54D0
FEAA60
FF0220
FF59E0
FFB1B0
000970
0062E0
00BC40
0115B0
016F10
01C910
022320
027D20
02D720
0330D0
038A80
03E430
043DE0
049660
04EEF0
054770
059FF0
05F660
064CD0
06A340
06F9B0
074D50
07A0E0
07F480
084810
089810
08E810
093800
098800
09D370
0A1EE0
0A6A50
0AB5C0
0AFBA0
0B4180
0B8760
0BCD40
0C0D10
0C4CF0
0C8CC0
0CCC90
0D05D0
0D3F10
0D7840
0DB180
0DE340
0E1500
0E46C0
0E7880
0EA1B0
0ECAE0
0EF400
0F1D30
0F3DC0
0F5E50
0F7ED0
0F9F60
0FB730
0FCF00
0FE6C0
0FFE90
100CE0
101B30
102970
1037C0
103B90
103F70
104340
104710
1040E0
103AB0
103480
102E50
101E70
100E80
0FFEA0
0FEEB0
0FD4A0
0FBA90
0FA080
0F8670
0F61A0
0F3CD0
0F17F0
0EF320
0EC460
0E95A0
0E66D0
0E3810
0E0010
0DC810
0D9000
0D5800
0D16A0
0CD550
0C93F0
0C5290
0C0790
0BBCA0
0B71A0
0B26A0
0AD350
0A8000
0A2CA0
09D950
097EB0
092410
08C960
086EC0
080D30
07ABA0
074A10
06E880
068050
061820
05AFE0
0547B0
04DA30
046CC0
03FF40
0391C0
032030
02AEA0
023D00
01CB70
015690
00E1A0
006CC0
FFF7D0
FF8040
FF08B0
FE9120
FE1990
FDA0C0
FD27F0
FCAF30
FC3660
FBBD90
FB44D0
FACC00
FA5340
F9DB90
F963F0
F8EC40
F874A0
F7FF40
F789D0
F71470
F69F10
F62D10
F5BB10
F54910
F4D710
F46980
F3FC00
F38E70
F320F0
F2B910
F25130
F1E960
F18180
F120A0
F0BFC0
F05EF0
EFFE10
EFA500
EF4BF0
EEF2F0
EE99E0
EE4970
EDF8F0
EDA880
ED5810
ED1180
ECCAF0
EC8460
EC3DD0
EC0290
EBC760
EB8C20
EB50F0
EB2140
EAF190
EAC1E0
EA9230
EA6E50
EA4A70
EA2690
EA02B0
E9EBB0
E9D4C0
E9BDC0
E9A6D0
E99E10
E99550
E98CA0
E983E0
E988E0
E98DF0
E992F0
E99800
E9AA80
E9BD00
E9CF80
E9E200
EA02B0
EA2360
EA4410
EA64C0
EA9490
EAC460
EAF440
EB2410
EB61F0
EB9FD0
EBDDB0
EC1B90
EC66B0
ECB1C0
ECFCE0
ED4800
EDA090
EDF920
EE51B0
EEAA40
EF10B0
EF7730
EFDDA0
F04420
F0B6E0
F129A0
F19C60
F20F20
F28CD0
F30A80
F38840
F405F0
F48E30
F51680
F59EC0
F62710
F6B9B0
F74C50
F7DF00
F871A0
F90CC0
F9A7D0
FA42F0
FADE10
FB7FF0
FC21E0
FCC3C0
FD65B0
FE0D80
FEB540
FF5D10
0004E0
00B1D0
015EB0
020BA0
02B880
036870
041860
04C840
057830
062950
06DA70
078B80
083CA0
08ED80
099E50
0A4F30
0B0000
0BAF20
0C5E50
0D0D70
0DBC90
0E6830
0F13D0
0FBF60
106B00
111160
11B7C0
125E20
130480
13A3F0
144360
14E2D0
158240
1618F0
16AFA0
174640
17DCF0
186970
18F5E0
198260
1A0ED0
1A8FA0
1B1070
1B9140
1C1210
1C8560
1CF8B0
1D6C00
1DDF50
1E4300
1EA6B0
1F0A50
1F6E00
1FC160
2014C0
206810
20BB70
20FDA0
213FE0
218210
21C440
21F390
2222E0
225230
228180
229BF0
22B650
22D0C0
22EB20
22F0C0
22F660
22FC00
2301A0
22F250
22E310
22D3C0
22C470
229EF0
227960
2253E0
222E50
21F0E0
21B360
2175F0
213870
20E400
208FA0
203B30
1FE6C0
1F7C10
1F1160
1EA6B0
1E3C00
1DBA50
1D38B0
1CB700
1C3550
1B9B90
1B01D0
1A6810
19CE50
191E40
186E40
17BE30
170E20
164940
158460
14BF70
13FA90
1320D0
124720
116D60
1093A0
0FA4C0
0EB5E0
0DC6F0
0CD810
0BD680
0AD4E0
09D350
08D1B0
07BF70
06AD30
059AF0
0488B0
036690
024480
012260
000040
FECED0
FD9D60
FC6BF0
FB3A80
F9FCA0
F8BEB0
F780D0
F642F0
F4FB20
F3B340
F26B70
F123A0
EFD370
EE8350
ED3320
EBE300
EA8BF0
E934F0
E7DDE0
E686E0
E52BD0
E3D0D0
E275C0
E11AC0
DFBE50
DE61F0
DD0580
DBA920
DA4D80
D8F1F0
D79650
D63AC0
D4E220
D38980
D230E0
D0D840
CF8540
CE3230
CCDF30
CB8C30
CA4140
C8F660
C7AB70
C66090
C52060
C3E030
C2A000
C15FD0
C02D10
BEFA60
BDC7A0
BC94F0
BB71A0
BA4E60
B92B10
B807D0
B6F5F0
B5E400
B4D220
B3C040
B2C270
B1C4A0
B0C6D0
AFC900
AEE240
ADFB70
AD14B0
AC2DF0
AB5F40
AA90A0
A9C1F0
A8F350
A83DF0
A78890
A6D340
A61DE0
A58440
A4EAB0
A45110
A3B780
A33C80
A2C180
A24690
A1CB90
A16F20
A112B0
A0B650
A059E0
A01C50
9FDEB0
9FA120
9F6390
9F46B0
9F29D0
9F0D00
9EF020
9EF650
9EFC80
9F02B0
9F08E0
9F3100
9F5920
9F8140
9FA960
9FF2B0
A03C00
A08560
A0CEB0
A13A50
A1A5F0
A211A0
A27D40
A30CC0
A39C50
A42BD0
A4BB60
A56CA0
A61DD0
A6CF10
A78050
A85180
A922B0
A9F3F0
AAC520
ABB680
ACA7D0
AD9930
AE8A90
AF9CB0
B0AEC0
B1C0E0
B2D300
B402C0
B53290
B66250
B79220
B8DCF0
BA27D0
BB72A0
BCBD80
BE2280
BF8780
C0EC90
C25190
C3D020
C54EB0
C6CD50
C84BE0
C9E070
CB7510
CD09A0
CE9E40
D045C0
D1ED40
D394C0
D53C40
D6F4C0
D8AD40
DA65D0
DC1E50
DDE630
DFAE00
E175E0
E33DC0
E51140
E6E4C0
E8B840
EA8BC0
EC6790
EE4360
F01F30
F1FB00
F3DC70
F5BDE0
F79F50
F980C0
FB6520
FD4980
FF2DE0
011240
02F640
04DA30
06BE30
08A220
0A8280
0C62E0
0E4340
1023A0
11FD40
13D6E0
15B070
178A10
195990
1B2910
1CF880
1EC800
208AB0
224D60
241010
25D2C0
2785F0
293930
2AEC60
2C9F90
2E3FF0
2FE050
3180A0
332100
34AAD0
3634A0
37BE70
394840
3AB9E0
3C2B80
3D9D10
3F0EB0
406640
41BDE0
431570
446D00
45A770
46E1E0
481C40
4956B0
4A7060
4B8A10
4CA3B0
4DBD60
4EB5D0
4FAE40
50A6B0
519F20
527590
534C00
542260
54F8D0
55AAA0
565C70
570E40
57C010
584A20
58D440
595E50
59E860
5A4B90
5AAEC0
5B11E0
5B7510
5BB1C0
5BEE60
5C2B10
5C67B0
5C7C20
5C9090
5CA4F0
5CB960
5CA340
5C8D30
5C7710
5C60F0
5C2260
5BE3D0
5BA540
5B66B0
5B0140
5A9BC0
5A3650
59D0D0
5943D0
58B6D0
5829D0
579CD0
56E730
563190
557BF0
54C650
53EB20
530FE0
5234B0
515970
505B20
4F5CE0
4E5E90
4D6040
4C3F70
4B1EA0
49FDC0
48DCF0
4799C0
4656A0
451370
43D040
426E70
410C90
3FAAC0
3E48E0
3CCB90
3B4E40
39D0E0
385390
36BC70
352550
338E30
31F710
304790
2E9800
2CE880
2B38F0
297500
27B100
25ED10
242910
225430
207F60
1EAA80
1CD5A0
1AF280
190F50
172C30
154900
135A20
116B40
0F7C50
0D8D70
0B9690
099FB0
07A8D0
05B1F0
03B6A0
01BB50
FFC000
FDC4B0
FBC830
F9CBB0
F7CF40
F5D2C0
F3D880
F1DE30
EFE3F0
EDE9B0
EBF4D0
E9FFF0
E80B10
E61630
E429D0
E23D70
E05110
DE64B0
DC8460
DAA410
D8C3C0
D6E370
D51310
D342B0
D17260
CFA200
CDE3D0
CC25A0
CA6770
C8A940
C6FF90
C555F0
C3AC40
C202A0
C07100
BEDF60
BD4DC0
BBBC20
BA4670
B8D0B0
B75B00
B5E550
B48C90
B333E0
B1DB20
B08270
AF4810
AE0DB0
ACD350
AB98F0
AA7FF0
A966E0
A84DE0
A734E0
A640D0
A54CB0
A458A0
A36490
A29520
A1C5B0
A0F650
A026E0
9F7C50
9ED1C0
9E2730
9D7CA0
9CF920
9C7590
9BF210
9B6E90
9B14E0
9ABB20
9A6170
9A07C0
99D660
99A500
9973B0
994250
993850
992E60
992460
991A70
993900
995780
997610
9994A0
99DD60
9A2610
9A6ED0
9AB790
9B2800
9B9870
9C08E0
9C7950
9D0F90
9DA5C0
9E3C00
9ED240
9F8E50
A04A60
A10670
A1C280
A2A4E0
A38740
A469B0
A54C10
A65180
A756F0
A85C60
A961D0
AA8780
ABAD30
ACD2F0
ADF8A0
AF3D80
B08260
B1C750
B30C30
B46F80
B5D2C0
B73610
B89960
BA1760
BB9560
BD1360
BE9160
C026D0
C1BC50
C351C0
C4E740
C69220
C83CF0
C9E7D0
CB92B0
CD5100
CF0F40
D0CD90
D28BE0
D459E0
D627F0
D7F5F0
D9C400
DB9E60
DD78C0
DF5320
E12D80
E31150
E4F530
E6D900
E8BCE0
EAA740
EC9190
EE7BF0
F06650
F253F0
F441A0
F62F40
F81CF0
FA0AD0
FBF8B0
FDE690
FFD470
01BF40
03AA10
0594E0
077FB0
096410
0B4860
0D2CC0
0F1110
10EC60
12C7A0
14A2F0
167E30
184DD0
1A1D70
1BED10
1DBCB0
1F7D50
213DF0
22FE90
24BF30
266D20
281B00
29C8F0
2B76D0
2D1080
2EAA20
3043D0
31DD70
336110
34E4B0
366850
37EBF0
395680
3AC110
3C2BA0
3D9630
3EE430
403240
418040
42CE40
43FF40
453040
466130
479230
48A550
49B860
4ACB80
4BDE90
4CD150
4DC410
4EB6D0
4FA990
507910
514880
521800
52E770
539440
544100
54EDD0
559A90
5624D0
56AF10
573950
57C390
5829A0
588FB0
58F5C0
595BD0
599B90
59DB50
5A1B10
5A5AD0
5A75E0
5A90E0
5AABF0
5AC6F0
5ABE60
5AB5C0
5AAD30
5AA490
5A77A0
5A4AC0
5A1DD0
59F0E0
599E90
594C40
58F9E0
58A790
583220
57BCC0
574750
56D1E0
563B40
55A4A0
550E00
547760
53BFE0
530850
5250D0
519940
50C0C0
4FE840
4F0FC0
4E3740
4D40B0
4C4A10
4B5380
4A5CE0
494AA0
483850
472610
4613C0
44E710
43BA60
428DB0
416100
401B00
3ED500
3D8F00
3C4900
3AEC90
399020
3833B0
36D740
356700
33F6D0
328690
311650
2F9430
2E1210
2C8FF0
2B0DD0
297BA0
27E970
265730
24C500
2325A0
218630
1FE6D0
1E4760
1C9D70
1AF390
1949A0
179FB0
15EDB0
143BC0
1289C0
10D7C0
0F2040
0D68C0
0BB130
09F9B0
083F10
068460
04C9C0
030F10
0153B0
FF9840
FDDCD0
FC2170
FA67F0
F8AE60
F6F4E0
F53B60
F38680
F1D1A0
F01CD0
EE67F0
ECB9A0
EB0B50
E95D10
E7AEC0
E608F0
E46330
E2BD60
E117A0
DF7D00
DDE250
DC47B0
DAAD10
D92080
D793F0
D60760
D47AD0
D2FD60
D17FF0
D00290
CE8520
CD1820
CBAB10
CA3E10
C8D110
C776C0
C61C70
C4C230
C367E0
C222E0
C0DDD0
BF98D0
BE53D0
BD2480
BBF520
BAC5D0
B99680
B87D80
B76480
B64B90
B53290
B431C0
B330E0
B23010
B12F40
B048C0
AF6230
AE7BB0
AD9530
ACC8A0
ABFC10
AB2F80
AA62F0
A9B050
A8FDB0
A84B20
A79880
A70100
A66990
A5D210
A53AA0
A4BFD0
A444F0
A3CA20
A34F50
A2F030
A29120
A23200
A1D2F0
A18EF0
A14B00
A10700
A0C310
A09AC0
A07260
A04A10
A021C0
A015D0
A009E0
9FFDF0
9FF200
A00130
A01060
A01F90
A02EC0
A05810
A08150
A0AAA0
A0D3F0
A11750
A15AA0
A19E00
A1E160
A23EF0
A29C70
A2FA00
A35790
A3CDB0
A443D0
A4B9F0
A53010
A5BD70
A64AD0
A6D830
A76590
A80980
A8AD80
A95170
A9F570
AAAF70
AB6970
AC2370
ACDD70
ADABE0
AE7A50
AF48D0
B01740
B0F8B0
B1DA20
B2BB90
B39D00
B49070
B583D0
B67740
B76AB0
B86F20
B97390
BA7800
BB7C70
BC9040
BDA420
BEB7F0
BFCBD0
C0ED90
C20F50
C33110
C452D0
C58120
C6AF70
C7DDC0
C90C10
CA4580
CB7EE0
CCB850
CDF1C0
CF3500
D07840
D1BB90
D2FED0
D44AA0
D59670
D6E250
D82E20
D98120
DAD420
DC2720
DD7A20
DED2E0
E02BA0
E18460
E2DD20
E43A70
E597B0
E6F500
E85250
E9B300
EB13A0
EC7450
EDD500
EF37A0
F09A40
F1FCE0
F35F80
F4C290
F625A0
F788B0
F8EBC0
FA4E60
FBB100
FD13B0
FE7650
FFD790
0138E0
029A20
03FB60
055A00
06B8A0
081740
0975E0
0AD080
0C2B20
0D85C0
0EE060
103650
118C40
12E220
143810
158880
16D8F0
182950
1979C0
1AC390
1C0D50
1D5720
1EA0E0
1FE2D0
2124C0
2266B0
23A8A0
24E240
261BD0
275570
288F00
29BFA0
2AF050
2C20F0
2D5190
2E7850
2F9F20
30C5E0
31ECA0
330890
342470
354060
365C40
376CE0
387D80
398E20
3A9EC0
3BA3A0
3CA880
3DAD60
3EB240
3FAAA0
40A300
419B60
4293C0
437EE0
446A00
455520
464040
471DC0
47FB30
48D8B0
49B620
4A8590
4B54F0
4C2460
4CF3C0
4DB480
4E7530
4F35F0
4FF6A0
50A800
515950
520AB0
52BC00
535DC0
53FF70
54A130
5542E0
55D4A0
566670
56F830
5789F0
580B40
588C90
590DE0
598F30
59FF90
5A7000
5AE060
5B50C0
5BAFF0
5C0F20
5C6E40
5CCD70
5D1B10
5D68B0
5DB650
5E03F0
5E3F90
5E7B30
5EB6C0
5EF260
5F1B70
5F4480
5F6D80
5F9690
5FAD00
5FC360
5FD9D0
5FF030
5FF3D0
5FF770
5FFB10
5FFEB0
5FEF30
5FDFA0
5FD020
5FC090
5F9D80
5F7A70
5F5750
5F3440
5EFDA0
5EC700
5E9050
5E59B0
5E0F80
5DC550
5D7B10
5D30E0
5CD2C0
5C74A0
5C1680
5BB860
5B45E0
5AD370
5A60F0
59EE70
5967F0
58E180
585B00
57D480
573A50
56A010
5605E0
556BA0
54BD90
540F80
536160
52B350
51F120
512EF0
506CB0
4FAA80
4ED4C0
4DFF00
4D2940
4C5380
4B6AC0
4A8200
499930
48B070
47B4A0
46B8D0
45BCF0
44C120
43B210
42A2F0
4193E0
4084C0
3F6380
3E4230
3D20F0
3BFFA0
3ACD20
399A90
386810
373580
35F1F0
34AE60
336AD0
322740
30D2B0
2F7E20
2E2980
2CD4F0
2B70F0
2A0CE0
28A8E0
2744D0
25D2C0
2460A0
22EE90
217C70
1FFCF0
1E7D60
1CFDE0
1B7E50
19F1E0
186560
16D8F0
154C70
13B4E0
121D50
1085B0
0EEE20
0D4D20
0BAC20
0A0B20
086A20
06C0B0
051750
036DE0
01C470
001370
FE6270
FCB180
FB0080
F94A10
F793B0
F5DD40
F426E0
F26D00
F0B320
EEF950
ED3F70
EB8380
E9C7A0
E80BB0
E64FD0
E49330
E2D680
E119E0
DF5D40
DDA220
DBE700
DA2BE0
D870C0
D6B930
D50190
D34A00
D19270
CFE050
CE2E30
CC7C10
CAC9F0
C91F40
C774A0
C5C9F0
C41F50
C27DD0
C0DC40
BF3AC0
BD9940
BC02A0
BA6BF0
B8D550
B73EB0
B5B4C0
B42AC0
B2A0D0
B116E0
AF9B60
AE1FE0
ACA470
AB28F0
A9BDC0
A85290
A6E760
A57C30
A42320
A2CA10
A17100
A017F0
9ED2D0
9D8DA0
9C4880
9B0360
99D400
98A4A0
977550
9645F0
952E20
941640
92FE70
91E6A0
90E800
8FE960
8EEAC0
8DEC20
8D08D0
8C2570
8B4220
8A5ED0
899930
88D380
880DE0
874840
86A110
85F9E0
8552C0
84AB90
842180
839760
830D50
828340
821F30
81BB10
815700
80F2F0
80C520
809750
806990
803BC0
802CD0
801DE0
800EF0
800000
800000
800000
800000
800000
8008D0
8011A0
801A80
802350
8077B0
80CC10
812070
8174D0
81F7D0
827AD0
82FDD0
8380D0
842A50
84D3D0
857D60
8626E0
86FB50
87CFB0
88A420
897890
8A7A90
8B7C90
8C7EA0
8D80A0
8EAD20
8FD9B0
910630
9232C0
938780
94DC40
963100
9785C0
990300
9A8040
9BFD90
9D7AD0
9F2170
A0C800
A26EA0
A41540
A5E160
A7AD80
A979B0
AB45D0
AD33F0
AF2200
B11020
B2FE40
B50E70
B71EA0
B92EE0
BB3F10
BD7320
BFA740
C1DB50
C40F70
C65EF0
C8AE60
CAFDE0
CD4D60
CFB1A0
D215E0
D47A30
D6DE70
D953B0
DBC8F0
DE3E30
E0B370
E33560
E5B760
E83950
EABB50
ED44B0
EFCE20
F25780
F4E0F0
F76CF0
F9F8F0
FC84F0
FF10F0
019A00
042310
06AC20
093530
0BB510
0E34E0
10B4C0
133490
15A8A0
181CB0
1A90B0
1D04C0
1F69F0
21CF30
243460
269990
28EAF0
2B3C50
2D8DB0
2FDF10
321710
344F20
368720
38BF20
3ADC70
3CF9C0
3F1700
413450
433560
453670
473770
493880
4B1830
4CF7E0
4ED780
50B730
526EB0
542620
55DDA0
579510
5927E0
5ABAB0
5C4D70
5DE040
5F5030
60C030
623020
63A010
64EB80
6636E0
678250
68CDB0
69F2E0
6B1800
6C3D30
6D6250
6E6320
6F6400
7064D0
7165A0
724430
7322C0
740150
74DFE0
759A00
765420
770E40
77C860
785990
78EAC0
797BF0
7A0D20
7A7E50
7AEF90
7B60C0
7BD1F0
7C2950
7C80B0
7CD810
7D2F70
7D70D0
7DB230
7DF390
7E34F0
7E65B0
7E9680
7EC740
7EF800
7F1990
7F3B20
7F5CB0
7F7E40
7F92E0
7FA780
7FBC20
7FD0C0
7FDB40
7FE5C0
7FF030
7FFAB0
7FFC00
7FFD50
7FFEA0
7FFFF0
7FFFF0
7FFFF0
7FFFF0
7FFFF0
7FFFF0
7FFFF0
7FFFF0
7FFFF0
7FFFF0
7FFFF0
7FFFF0
7FFFF0
7FF2D0
7FE5B0
7FD880
7FCB60
7FAC40
7F8D20
7F6E00
7F4EE0
7F1860
7EE1E0
7EAB60
7E74E0
7E1B90
7DC230
7D68E0
7D0F80
7C8280
7BF580
7B6870
7ADB70
7A2560
796F50
78B940
780330
772990
764FF0
757650
749CB0
739E20
729F80
71A0F0
70A250
6F7F00
6E5BB0
6D3850
6C1500
6ACD70
6985D0
683E40
66F6A0
658BD0
642110
62B640
614B70
5FBBE0
5E2C40
5C9CB0
5B0D10
595530
579D40
55E560
542D70
525420
507AD0
4EA180
4CC830
4AD2A0
48DD20
46E790
44F200
42E1D0
40D1A0
3EC160
3CB130
3A87D0
385E70
363510
340BB0
31CEA0
2F91A0
2D5490
2B1780
28CBD0
268020
243460
21E8B0
1F9160
1D3A10
1AE2B0
188B60
162B10
13CAC0
116A70
0F0A20
0CA720
0A4420
07E120
057E20
031DF0
00BDD0
FE5DA0
FBFD70
F9A510
F74CA0
F4F440
F29BE0
F050B0
EE0570
EBBA40
E96F10
E73520
E4FB40
E2C150
E08770
DE6280
DC3D80
DA1890
D7F3A0
D5EA40
D3E0F0
D1D790
CFCE40
CDE910
CC03F0
CA1EC0
C839A0
C676A0
C4B390
C2F090
C12D90
BF8C50
BDEB00
BC49C0
BAA880
B92C80
B7B090
B63490
B4B8A0
B365C0
B212D0
B0BFF0
AF6D10
AE4210
AD1710
ABEC10
AAC110
A9BD50
A8B990
A7B5E0
A6B220
A5D7D0
A4FD70
A42320
A348D0
A29AE0
A1ED00
A13F10
A09130
A00C80
9F87D0
9F0330
9E7E80
9E20C0
9DC300
9D6550
9D0790
9CD110
9C9A80
9C6400
9C2D80
9C1EF0
9C1050
9C01C0
9BF330
9C0910
9C1EE0
9C34C0
9C4AA0
9C8240
9CB9E0
9CF180
9D2920
9D80C0
9DD860
9E3010
9E87B0
9EFD40
9F72D0
9FE860
A05DF0
A0EFD0
A181B0
A21390
A2A570
A351D0
A3FE30
A4AA90
A556F0
A61C40
A6E190
A7A6E0
A86C30
A94910
AA2600
AB02E0
ABDFD0
ACD1C0
ADC3A0
AEB590
AFA780
B0AC10
B1B0A0
B2B540
B3B9D0
B4CEF0
B5E420
B6F940
B80E70
B931F0
BA5570
BB7900
BC9C80
BDCC70
BEFC50
C02C40
C15C30
C29690
C3D0F0
C50B60
C645C0
C78860
C8CAF0
CA0D90
CB5030
CC98A0
CDE100
CF2970
D071E0
D1BEB0
D30B70
D45840
D5A510
D6F4A0
D84430
D993D0
DAE360
DC33B0
DD8410
DED460
E024C0
E173C0
E2C2C0
E411D0
E560D0
E6AD30
E7F980
E945E0
EA9240
EBDA90
ED22F0
EE6B40
EFB3A0
F0F5E0
F23820
F37A70
F4BCB0
F5F670
F73030
F869F0
F9A3B0
FAD4A0
FC0590
FD3690
FE6780
FF8F20
00B6D0
01DE70
030610
0422B0
053F60
065C00
0778A0
088850
099800
0AA7A0
0BB750
0CBA70
0DBD80
0EC0A0
0FC3B0
10BA50
11B100
12A7A0
139E40
148760
157070
165990
1742A0
181CD0
18F700
19D130
1AAB60
1B77A0
1C43F0
1D1030
1DDC70
1E9B80
1F5A80
201990
20D890
2189E0
223B30
22EC70
239DC0
244090
24E360
258630
262900
26BEE0
2754C0
27EA90
288070
290A90
2994B0
2A1EC0
2AA8E0
2B2780
2BA630
2C24D0
2CA370
2D16C0
2D8A10
2DFD60
2E70B0
2EDA40
2F43C0
2FAD50
3016D0
3077E0
30D8F0
3139F0
319B00
31F470
324DD0
32A740
3300A0
335340
33A5F0
33F890
344B30
349860
34E580
3532B0
357FD0
35C8B0
361190
365A60
36A340
36E900
372EC0
377470
37BA30
37FE10
3841E0
3885C0
38C990
390C70
394F60
399240
39D520
3A1800
3A5AE0
3A9DB0
3AE090
3B24B0
3B68D0
3BACF0
3BF110
3C37F0
3C7ED0
3CC5B0
3D0C90
3D5680
3DA070
3DEA50
3E3440
3E81B0
3ECF20
3F1C80
3F69F0
3FBC00
400E10
406020
40B230
410A50
416260
41BA80
421290
427060
42CE40
432C10
4389E0
43ED50
4450C0
44B430
4517A0
458180
45EB60
465540
46BF20
473090
47A210
481380
4884F0
48FD00
497500
49ED10
4A6510
4AE2F0
4B60D0
4BDEB0
4C5C90
4CE090
4D64A0
4DE8A0
4E6CA0
4EF760
4F8210
500CD0
509780
512780
51B770
524770
52D760
536B70
53FF70
549380
552780
55BF60
565740
56EF10
5786F0
582290
58BE30
5959D0
59F570
5A9310
5B30A0
5BCE40
5C6BD0
5D09E0
5DA7F0
5E45F0
5EE400
5F81A0
601F50
60BCF0
615A90
61F710
629390
633000
63CC80
646610
64FFA0
659930
6632C0
66C7C0
675CD0
67F1D0
6886D0
691600
69A530
6A3460
6AC390
6B4B90
6BD3A0
6C5BA0
6CE3A0
6D6300
6DE250
6E61B0
6EE100
6F5640
6FCB80
7040B0
70B5F0
711F80
718920
71F2B0
725C40
72B880
7314B0
7370F0
73CD20
741AF0
7468D0
74B6A0
750470
7542E0
758150
75BFB0
75FE20
762B80
7658E0
768640
76B3A0
76CE10
76E880
7702F0
771D60
7724B0
772BF0
773340
773A80
772E30
7721F0
7715A0
770950
76E810
76C6D0
76A590
768450
764C70
761490
75DCB0
75A4D0
7556D0
7508E0
74BAE0
746CE0
740910
73A530
734160
72DD80
7262D0
71E830
716D80
70F2D0
706000
6FCD30
6F3A50
6EA780
6DFDE0
6D5450
6CAAB0
6C0110
6B41C0
6A8270
69C310
6903C0
682E60
675910
6683B0
65AE50
64C260
63D670
62EA70
61FE80
60FDE0
5FFD50
5EFCB0
5DFC10
5CE880
5BD4E0
5AC150
59ADB0
588780
576140
563B10
5514D0
53DC10
52A350
516A90
5031D0
4EE920
4DA070
4C57B0
4B0F00
49B890
486210
470BA0
45B520
445210
42EF00
418BE0
4028D0
3EBA30
3D4B90
3BDCE0
3A6E40
38F6B0
377F20
360790
349000
3311E0
3193D0
3015B0
2E9790
2D14B0
2B91E0
2A0F00
288C20
270640
258070
23FA90
2274B0
20EE50
1F67F0
1DE190
1C5B30
1AD6B0
195220
17CDA0
164910
14C8A0
134830
11C7B0
104740
0ECD30
0D5330
0BD920
0A5F10
08ED80
077BE0
060A50
0498B0
033190
01CA70
006340
FEFC20
FDA1D0
FC4780
FAED40
F992F0
F84820
F6FD50
F5B280
F467B0
F32DB0
F1F3C0
F0B9C0
EF7FD0
EE5820
ED3060
EC08B0
EAE100
E9CDE0
E8BAD0
E7A7B0
E694A0
E598C0
E49CE0
E3A110
E2A530
E1C100
E0DCD0
DFF8B0
DF1480
DE48B0
DD7CE0
DCB120
DBE550
DB33E0
DA8270
D9D100
D91F90
D88AE0
D7F630
D76190
D6CCE0
D65460
D5DBE0
D56360
D4EAE0
D48E50
D431B0
D3D520
D37890
D33930
D2F9D0
D2BA70
D27B10
D25A90
D23A10
D219A0
D1F920
D1F620
D1F320
D1F020
D1ED20
D206A0
D22010
D23990
D25310
D28990
D2C010
D2F690
D32D10
D38170
D3D5E0
D42A40
D47EB0
D4EED0
D55F00
D5CF20
D63F50
D6C980
D753A0
D7DDD0
D86800
D90BD0
D9AFA0
DA5370
DAF740
DBB4A0
DC7200
DD2F70
DDECD0
DEC130
DF9590
E06A00
E13E60
E22790
E310C0
E3F9F0
E4E320
E5E000
E6DCD0
E7D9B0
E8D690
E9E620
EAF5C0
EC0550
ED14F0
EE3480
EF5400
F07390
F19320
F2C020
F3ED10
F51A10
F64710
F77FA0
F8B840
F9F0D0
FB2970
FC6BC0
FDAE10
FEF070
0032C0
017C50
02C5E0
040F70
055900
06A770
07F5D0
094440
0A92A0
0BE390
0D3480
0E8570
0FD660
112770
127870
13C980
151A80
1669A0
17B8C0
1907E0
1A5700
1BA240
1CED70
1E38B0
1F83E0
20C8C0
220DA0
235270
249750
25D320
270F00
284AD0
2986A0
2AB820
2BE9A0
2D1B20
2E4CA0
2F7260
309810
31BDD0
32E380
33FB20
3512C0
362A60
374200
3848E0
394FC0
3A5690
3B5D70
3C5320
3D48D0
3E3E70
3F3420
4017F0
40FBC0
41DF80
42C350
439350
446360
453360
460360
46BD60
477760
483150
48EB50
498FA0
4A3400
4AD850
4B7CA0
4C0B70
4C9A30
4D2900
4DB7C0
4E2FB0
4EA790
4F1F80
4F9760
4FF6B0
505600
50B550
5114A0
515CA0
51A490
51EC90
523480
526600
529790
52C910
52FA90
531520
532FB0
534A30
5364C0
536780
536A50
536D10
536FD0
535C90
534950
533600
5322C0
52FAE0
52D300
52AB20
528340
524700
520AC0
51CE70
519230
514190
50F0F0
50A050
504FB0
4FECD0
4F89F0
4F2700
4EC420
4E50D0
4DDD80
4D6A20
4CF6D0
4C7400
4BF130
4B6E50
4AEB80
4A5A10
49C8A0
493730
48A5C0
4807C0
4769D0
46CBD0
462DD0
458530
44DC90
4433E0
438B40
42D970
4227B0
4175E0
40C410
400AA0
3F5130
3E97C0
3DDE50
3D1F10
3C5FC0
3BA080
3AE130
3A1DC0
395A60
3896F0
37D380
370DC0
364800
358240
34BC80
33F660
333040
326A20
31A400
30DEC0
301980
2F5440
2E8F00
2DCBF0
2D08F0
2C45E0
2B82D0
2AC3D0
2A04D0
2945D0
2886D0
27CE00
271530
265C50
25A380
24F160
243F50
238D30
22DB10
223060
2185B0
20DAF0
203040
1F8E90
1EECE0
1E4B20
1DA970
1D12B0
1C7BE0
1BE520
1B4E50
1AC250
1A3640
19AA40
191E30
189D00
181BD0
179A90
171960
16A440
162F10
15B9F0
1544C0
14DD30
1475A0
140E00
13A670
134B80
12F090
1295A0
123AB0
11EBC0
119CD0
114DE0
10FEF0
10BC90
107A40
1037E0
0FF580
0FC080
0F8B90
0F5690
0F2190
0EF890
0ECF90
0EA690
0E7D90
0E5F80
0E4160
0E2350
0E0530
0DF1F0
0DDEA0
0DCB60
0DB810
0DAFC0
0DA760
0D9F10
0D96B0
0D9790
0D9880
0D9960
0D9A40
0DA2F0
0DABA0
0DB440
0DBCF0
0DCCB0
0DDC70
0DEC20
0DFBE0
0E1210
0E2840
0E3E70
0E54A0
0E6F90
0E8A90
0EA580
0EC070
0EDEA0
0EFCE0
0F1B10
0F3940
0F5980
0F79C0
0F9A00
0FBA40
0FDB60
0FFC70
101D90
103EA0
105F20
107FA0
10A020
10C0A0
10DF30
10FDD0
111C60
113AF0
115620
117150
118C70
11A7A0
11BDD0
11D400
11EA30
120060
1210A0
1220E0
123120
124160
124AC0
125420
125D80
1266E0
1267D0
1268D0
1269C0
126AB0
126180
125840
124F10
1245D0
123240
121EA0
120B10
11F770
11D920
11BAC0
119C70
117E10
1153B0
112950
10FEF0
10D490
109CA0
1064B0
102CB0
0FF4C0
0FAFB0
0F6AA0
0F2590
0EE080
0E8E90
0E3CB0
0DEAC0
0D98D0
0D3930
0CD980
0C79E0
0C1A30
0BAB90
0B3D00
0ACE60
0A5FC0
09E370
096730
08EAE0
086E90
07E580
075C70
06D360
064A50
05B440
051E20
048810
03F1F0
034E50
02AAB0
020710
016370
00B400
000490
FF5520
FEA5B0
FDEBE0
FD3210
FC7840
FBBE70
FAFAA0
FA36D0
F97310
F8AF40
F7E1A0
F71400
F64670
F578D0
F4A370
F3CE10
F2F8C0
F22360
F14810
F06CB0
EF9160
EEB610
EDD5D0
ECF580
EC1540
EB3500
EA50B0
E96C60
E88810
E7A3C0
E6BD80
E5D730
E4F0F0
E40AB0
E32460
E23E10
E157C0
E07170
DF8CA0
DEA7C0
DDC2F0
DCDE20
DBFC40
DB1A70
DA3890
D956C0
D879C0
D79CC0
D6BFD0
D5E2D0
D50C70
D43620
D35FC0
D28970
D1BB80
D0EDA0
D01FB0
CF51D0
CE8E50
CDCAC0
CD0740
CC43C0
CB8C00
CAD450
CA1C90
C964E0
C8BA50
C80FD0
C76540
C6BAC0
C61F50
C583F0
C4E880
C44D20
C3C310
C33900
C2AF00
C224F0
C1ACD0
C134B0
C0BC90
C04470
BFDF00
BF7980
BF1410
BEAEA0
BE5D80
BE0C60
BDBB40
BD6A20
BD2F50
BCF470
BCB9A0
BC7ED0
BC5A30
BC3590
BC1100
BBEC60
BBDE20
BBCFD0
BBC190
BBB350
BBBCB0
BBC610
BBCF80
BBD8E0
BBFB90
BC1E40
BC40F0
BC63A0
BC9EA0
BCD9B0
BD14B0
BD4FC0
BDA280
BDF540
BE4810
BE9AD0
BF05F0
BF7110
BFDC40
C04760
C0CBD0
C15040
C1D4C0
C25930
C2F570
C391B0
C42E00
C4CA40
C57D20
C63000
C6E2E0
C795C0
C85F40
C928B0
C9F230
CABBB0
CB9C20
CC7C90
CD5D00
CE3D70
CF32B0
D027F0
D11D40
D21280
D31AD0
D42320
D52B70
D633C0
D74E60
D86900
D983A0
DA9E40
DBCA90
DCF6E0
DE2340
DF4F90
E08B60
E1C720
E302F0
E43EC0
E58810
E6D160
E81AB0
E96400
EAB980
EC0EF0
ED6470
EEB9F0
F01A40
F17AA0
F2DAF0
F43B50
F5A460
F70D70
F87680
F9DF90
FB4F50
FCBF20
FE2EE0
FF9EB0
011370
028820
03FCE0
057190
06E970
086140
09D920
0B50F0
0CCA10
0E4330
0FBC50
113570
12AE10
1426C0
159F60
171800
188E30
1A0450
1B7A80
1CF0A0
1E6220
1FD3B0
214530
22B6B0
242250
258DF0
26F980
286520
29C980
2B2DD0
2C9230
2DF680
2F51B0
30ACD0
320800
336320
34B2E0
3602B0
375270
38A230
39E5F0
3B29B0
3C6D70
3DB130
3EE820
401F20
415610
428D00
43B570
44DDD0
460640
472EA0
484670
495E40
4A7610
4B8DE0
4C9550
4D9CB0
4EA420
4FAB80
50A260
519950
529030
538710
546C40
555170
5636A0
571BD0
57EDD0
58BFD0
5991C0
5A63C0
5B2340
5BE2D0
5CA250
5D61D0
5E0F50
5EBCC0
5F6A40
6017B0
60B270
614D30
61E7F0
6282B0
6309D0
6390E0
641800
649F10
6513D0
658890
65FD40
667200
66D550
6738B0
679C00
67FF50
685140
68A340
68F530
694720
698790
69C7F0
6A0860
6A48C0
6A7920
6AA970
6AD9D0
6B0A20
6B2BA0
6B4D20
6B6EA0
6B9020
6BA350
6BB690
6BC9C0
6BDCF0
6BE240
6BE7A0
6BECF0
6BF240
6BEB50
6BE450
6BDD60
6BD660
6BC480
6BB290
6BA0B0
6B8EC0
6B72F0
6B5720
6B3B50
6B1F80
6AFAE0
6AD630
6AB190
6A8CE0
6A60B0
6A3470
6A0840
69DC00
69A970
6976D0
694440
6911A0
68D9F0
68A240
686A90
6832E0
67F780
67BC10
6780B0
674540
670700
66C8C0
668A80
664C40
660C10
65CBE0
658BB0
654B80
650AB0
64C9E0
648910
644840
640860
63C880
638890
6348B0
630A00
62CB60
628CB0
624E00
6210F0
61D3F0
6196E0
6159D0
611F90
60E550
60AB10
6070D0
603AD0
6004C0
5FCEC0
5F98B0
5F6690
5F3460
5F0240
5ED010
5EA1A0
5E7340
5E44D0
5E1660
5DEC80
5DC290
5D98B0
5D6EC0
5D4A70
5D2610
5D01C0
5CDD60
5CBDB0
5C9E10
5C7E60
5C5EB0
5C4320
5C2780
5C0BF0
5BF050
5BD910
5BC1D0
5BAA90
5B9350
5B80F0
5B6E90
5B5C20
5B49C0
5B3B00
5B2C30
5B1D70
5B0EA0
5B0270
5AF630
5AEA00
5ADDC0
5AD3E0
5ACA10
5AC030
5AB650
5AAEC0
5AA720
5A9F90
5A97F0
5A9120
5A8A60
5A8390
5A7CC0
5A7580
5A6E30
5A66F0
5A5FA0
5A5720
5A4EA0
5A4620
5A3DA0
5A3340
5A28E0
5A1E80
5A1420
5A0670
59F8C0
59EB10
59DD60
59CB10
59B8D0
59A680
599430
597C30
596430
594C20
593420
591550
58F680
58D7A0
58B8D0
5891F0
586B20
584440
581D60
57ED60
57BD60
578D60
575D60
5722E0
56E870
56ADF0
567370
562D00
55E6A0
55A030
5559C0
5506C0
54B3B0
5460B0
540DA0
53AD50
534CF0
52ECA0
528C40
521D50
51AE60
513F60
50D070
505160
4FD260
4F5350
4ED440
4E4500
4DB5D0
4D2690
4C9750
4BF7B0
4B5810
4AB870
4A18D0
4967B0
48B690
480570
475450
469050
45CC50
450840
444440
436E10
4297E0
41C1A0
40EB70
400380
3F1B80
3E3390
3D4B90
3C5140
3B56E0
3A5C90
396230
385490
3746E0
363940
352B90
340BE0
32EC40
31CC90
30ACE0
2F7C40
2E4B90
2D1AF0
2BEA40
2AA880
2966C0
282500
26E340
259010
243CE0
22E9B0
219680
2033C0
1ED0F0
1D6E30
1C0B60
1A9A90
1929C0
17B8F0
164820
14C9C0
134B70
11CD10
104EB0
0EC310
0D3770
0BABC0
0A2020
088980
06F2F0
055C50
03C5B0
022610
008670
FEE6D0
FD4730
FB9FD0
F9F860
F85100
F6A9A0
F4FBA0
F34DA0
F19FB0
EFF1B0
EE3F40
EC8CC0
EADA50
E927E0
E772E0
E5BDF0
E408F0
E25400
E09E20
DEE840
DD3260
DB7C80
D9C750
D81220
D65D00
D4A7D0
D2F560
D142F0
CF9090
CDDE20
CC3090
CA8300
C8D580
C727F0
C58090
C3D930
C231E0
C08A80
BEEA20
BD49C0
BBA960
BA0900
B87340
B6DD90
B547D0
B3B220
B22A10
B0A210
AF1A00
AD9200
AC1A40
AAA280
A92AD0
A7B310
A64EA0
A4EA30
A385C0
A22150
A0D210
9F82E0
9E33A0
9CE470
9BABE0
9A7350
993AC0
980230
96E4A0
95C710
94A980
938BF0
928F80
919310
9096B0
8F9A40
8EBAE0
8DDB80
8CFC30
8C1CD0
8B5850
8A93C0
89CF40
890AC0
886180
87B850
870F10
8665E0
85D7E0
8549D0
84BBD0
842DD0
83BA80
834730
82D3E0
826090
820460
81A840
814C10
80EFF0
80B3F0
8077F0
803C00
800000
800000
800000
800000
800000
800000
800000
800000
800000
800000
800000
800000
800000
800000
800000
800000
800000
803720
806E50
80A570
80DCA0
8134D0
818D10
81E540
823D80
82B040
8322F0
8395B0
840870
849E30
853400
85C9C0
865F90
8721F0
87E450
88A6C0
896920
8A4E90
8B3410
8C1980
8CFF00
8E01A0
8F0430
9006D0
910970
922800
934690
946520
9583B0
96BBC0
97F3D0
992BE0
9A63F0
9BB340
9D0290
9E51E0
9FA130
A10590
A269F0
A3CE50
A532B0
A6A960
A82020
A996D0
AB0D90
AC9380
AE1960
AF9F50
B12540
B2B960
B44D80
B5E1A0
B775C0
B916B0
BAB790
BC5880
BDF970
BFA550
C15140
C2FD20
C4A910
C65E70
C813D0
C9C930
CB7E90
CD3B30
CEF7D0
D0B470
D27110
D432D0
D5F490
D7B660
D97820
DB3D20
DD0230
DEC730
E08C40
E252A0
E41900
E5DF70
E7A5D0
E96B80
EB3120
ECF6D0
EEBC80
F07F70
F24270
F40560
F5C860
F78670
F94490
FB02A0
FCC0C0
FE7790
002E60
01E530
039C00
054A30
06F850
08A680
0A54A0
0BF8B0
0D9CB0
0F40C0
10E4C0
127C90
141460
15AC30
174400
18CD40
1A5690
1BDFD0
1D6910
1EE300
205CE0
21D6D0
2350B0
24BA40
2623C0
278D50
28F6D0
2A4E20
2BA580
2CFCD0
2E5420
2F9730
30DA50
321D60
336070
348F00
35BD90
36EC20
381AB0
393440
3A4DC0
3B6750
3C80D0
3D83F0
3E8700
3F8A20
408D30
417830
426340
434E40
443940
450C70
45DF90
46B2C0
4785E0
484130
48FC90
49B7E0
4A7330
4B15B0
4BB840
4C5AC0
4CFD40
4D85C0
4E0E50
4E96D0
4F1F50
4F8E90
4FFDE0
506D20
50DC60
5132F0
518980
51E000
523690
527400
52B170
52EED0
532C40
535000
5373B0
539770
53BB20
53C630
53D140
53DC40
53E750
53DA90
53CDD0
53C100
53B440
538FB0
536B20
534690
532200
52E580
52A900
526C70
522FF0
51DCF0
5189E0
5136E0
50E3D0
507B80
501330
4FAAD0
4F4280
4EC570
4E4860
4DCB40
4D4E30
4CBCC0
4C2B60
4B99F0
4B0880
4A6440
49C010
491BD0
487790
47C1E0
470C40
465690
45A0E0
44DAB0
441470
434E40
428800
41B200
40DC00
4005F0
3F2FF0
3E4BD0
3D67B0
3C8390
3B9F70
3AAEC0
39BE10
38CD50
37DCA0
36E090
35E480
34E870
33EC60
32E630
31E000
30D9C0
2FD390
2EC4C0
2DB600
2CA730
2B9860
2A8280
296C90
2856B0
2740C0
262520
250980
23EDD0
22D230
21B230
209240
1F7240
1E5240
1D2F70
1C0CA0
1AE9C0
19C6F0
18A2C0
177E80
165A50
153610
1411F0
12EDD0
11C9A0
10A580
0F8300
0E6080
0D3E00
0C1B80
0AFBF0
09DC60
08BCD0
079D40
0681F0
0566B0
044B60
033010
021A90
010500
FFEF70
FED9F0
FDCBD0
FCBDB0
FBAF90
FAA170
F99BB0
F89600
F79040
F68A90
F58E60
F49220
F395F0
F299C0
F1A870
F0B730
EFC5E0
EED4A0
EDEFC0
ED0AE0
EC2600
EB4120
EA6980
E991E0
E8BA40
E7E2A0
E71910
E64F90
E58600
E4BC80
E40270
E34850
E28E40
E1D430
E12B10
E081F0
DFD8D0
DF2FB0
DE97D0
DE0000
DD6820
DCD050
DC4A40
DBC430
DB3E20
DAB810
DA44D0
D9D190
D95E60
D8EB20
D88BF0
D82CC0
D7CDA0
D76E70
D72350
D6D840
D68D20
D64210
D60B30
D5D460
D59D80
D566B0
D544F0
D52330
D50170
D4DFB0
D4D420
D4C880
D4BCF0
D4B160
D4BB70
D4C580
D4CFA0
D4D9B0
D4F920
D51880
D537F0
D55760
D58C90
D5C1C0
D5F6F0
D62C20
D677B0
D6C340
D70ED0
D75A60
D7BB80
D81CB0
D87DD0
D8DF00
D95520
D9CB30
DA4150
DAB770
DB42A0
DBCDD0
DC5900
DCE430
DD84D0
DE2580
DEC620
DF66D0
E01BA0
E0D060
E18530
E23A00
E301D0
E3C9A0
E49170
E55940
E633C0
E70E40
E7E8D0
E8C350
E9B060
EA9D80
EB8A90
EC77B0
ED75B0
EE73C0
EF71C0
F06FD0
F17D60
F28AE0
F39870
F4A600
F5C260
F6DEB0
F7FB10
F91770
FA4210
FB6CA0
FC9740
FDC1E0
FEF8D0
002FD0
0166C0
029DB0
03DF40
0520D0
066250
07A3E0
08EEF0
0A39F0
0B8500
0CD000
0E2380
0F7700
10CA70
121DF0
1377D0
14D1C0
162BA0
178580
18E3E0
1A4250
1BA0B0
1CFF10
1E6070
1FC1E0
212340
2284A0
23E790
254A80
26AD60
281050
2972C0
2AD540
2C37B0
2D9A20
2EFA40
305A50
31BA70
331A80
347680
35D280
372E70
388A70
39E080
3B36A0
3C8CB0
3DE2C0
3F3120
407F70
41CDD0
431C20
446100
45A5E0
46EAB0
482F90
496900
4AA270
4BDBE0
4D1550
4E4140
4F6D30
509920
51C510
52E220
53FF30
551C40
563950
574620
5852F0
595FB0
5A6C80
5B6720
5C61C0
5D5C60
5E5700
5F3D70
6023E0
610A40
61F0B0
62C200
639350
646490
6535E0
65F100
66AC20
676740
682260
68C590
6968C0
6A0BF0
6AAF20
6B3850
6BC170
6C4AA0
6CD3C0
6D42C0
6DB1C0
6E20C0
6E8FC0
6EE430
6F38B0
6F8D20
6FE190
701A10
705290
708B10
70C390
70DE60
70F930
7113F0
712EC0
712C70
712A20
7127D0
712580
710660
70E740
70C810
70A8F0
706C10
702F30
6FF250
6FB570
6F5990
6EFDB0
6EA1D0
6E45F0
6DCC60
6D52D0
6CD940
6C5FB0
6BC970
6B3340
6A9D00
6A06C0
695390
68A060
67ED30
673A00
666940
659890
64C7D0
63F710
630AC0
621E70
613210
6045C0
5F3F70
5E3920
5D32C0
5C2C70
5B0C80
59EC90
58CC90
57ACA0
567330
5539C0
540050
52C6E0
517660
5025E0
4ED560
4D84E0
4C1F70
4ABA00
495490
47EF20
4675D0
44FC80
438330
4209E0
407D90
3EF140
3D64E0
3BD890
3A3C00
389F70
3702D0
356640
33BBE0
321180
306710
2EBCB0
2D0640
2B4FC0
299950
27E2D0
2621E0
246100
22A010
20DF20
1F1680
1D4DD0
1B8530
19BC80
17EEA0
1620D0
1452F0
128510
10B430
0EE340
0D1260
0B4170
096FB0
079DF0
05CC30
03FA70
022A60
005A50
FE8A30
FCBA20
FAEE20
F92220
F75620
F58A20
F3C4B0
F1FF40
F039D0
EE7460
ECB830
EAFBF0
E93FC0
E78390
E5D290
E42180
E27080
E0BF80
DF1BA0
DD77C0
DBD3E0
DA3000
D89BD0
D707A0
D57380
D3DF50
D25DA0
D0DBE0
CF5A30
CDD880
CC6A80
CAFC90
C98E90
C820A0
C6C7C0
C56EE0
C41600
C2BD20
C17BB0
C03A40
BEF8E0
BDB770
BC9020
BB68E0
BA4190
B91A50
B80D80
B700C0
B5F3F0
B4E730
B3F580
B303E0
B21230
B12090
B04BF0
AF7750
AEA2B0
ADCE10
AD18C0
AC6360
ABAE10
AAF8C0
AA6230
A9CBA0
A93520
A89E90
A826A0
A7AEB0
A736C0
A6BED0
A666C0
A60EC0
A5B6B0
A55EB0
A52830
A4F1C0
A4BB40
A484D0
A46E90
A45840
A44200
A42BC0
A434B0
A43DA0
A446A0
A44F90
A47840
A4A100
A4C9B0
A4F270
A53BD0
A58520
A5CE80
A617E0
A67FD0
A6E7B0
A74FA0
A7B790
A83C50
A8C120
A945E0
A9CAB0
AA6C00
AB0D50
ABAEB0
AC5000
AD0DD0
ADCBA0
AE8980
AF4750
B01F20
B0F6F0
B1CEC0
B2A690
B39630
B485D0
B57580
B66520
B76B80
B871D0
B97830
BA7E90
BB9AC0
BCB6F0
BDD330
BEEF60
C01EA0
C14DF0
C27D30
C3AC80
C4EC60
C62C50
C76C30
C8AC20
C9FAE0
CB49A0
CC9870
CDE730
CF4310
D09EF0
D1FAD0
D356B0
D4BD10
D62370
D789E0
D8F040
DA5EC0
DBCD30
DD3BB0
DEAA30
E01E90
E192E0
E30740
E47BA0
E5F390
E76B70
E8E360
EA5B50
EBD490
ED4DD0
EEC720
F04060
F1B8E0
F33150
F4A9D0
F62250
F79780
F90CC0
FA81F0
FBF730
FD6680
FED5D0
004520
01B470
031C50
048420
05EC00
0753D0
08B290
0A1150
0B7010
0CCED0
0E2210
0F7560
10C8A0
121BE0
136100
14A630
15EB50
173070
1866A0
199CD0
1AD300
1C0930
1D2F70
1E55B0
1F7BE0
20A220
21B650
22CA80
23DEB0
24F2E0
25F290
26F240
27F1F0
28F1A0
29DCE0
2AC820
2BB350
2C9E90
2D7520
2E4BC0
2F2250
2FF8E0
30B940
317990
3239F0
32FA40
33A270
344AA0
34F2C0
359AF0
362BD0
36BCC0
374DA0
37DE80
3858B0
38D2E0
394D00
39C730
3A29D0
3A8C70
3AEF00
3B51A0
3B9B70
3BE550
3C2F20
3C78F0
3CAB90
3CDE40
3D10E0
3D4380
3D6020
3D7CD0
3D9970
3DB610
3DBCA0
3DC330
3DC9B0
3DD040
3DC060
3DB080
3DA0A0
3D90C0
3D6C70
3D4820
3D23D0
3CFF80
3CC870
3C9150
3C5A40
3C2320
3BD9E0
3B90B0
3B4770
3AFE30
3AA340
3A4860
39ED70
399280
392820
38BDB0
385350
37E8E0
3770F0
36F900
368110
360920
3584F0
3500B0
347C80
33F840
336900
32D9C0
324A70
31BB30
312300
308AC0
2FF290
2F5A50
2EBB20
2E1BF0
2D7CC0
2CDD90
2C3920
2B94A0
2AF030
2A4BB0
29A3C0
28FBD0
2853D0
27ABE0
270240
265890
25AEF0
250540
245BA0
23B200
230850
225EB0
21B710
210F70
2067C0
1FC020
1F1CA0
1E7920
1DD590
1D3210
1C93E0
1BF5B0
1B5770
1AB940
1A21A0
198A00
18F260
185AC0
17CBA0
173C80
16AD60
161E40
1599C0
151540
1490C0
140C40
1392F0
1319A0
12A040
1226F0
11B980
114C10
10DEA0
107130
101150
0FB170
0F5180
0EF1A0
0EA140
0E50E0
0E0080
0DB020
0D6F10
0D2DF0
0CECE0
0CABC0
0C7A00
0C4850
0C1690
0BE4D0
0BC3A0
0BA260
0B8130
0B5FF0
0B50C0
0B4180
0B3250
0B2310
0B2500
0B26F0
0B28D0
0B2AC0
0B3D50
0B4FD0
0B6260
0B74E0
0B98A0
0BBC60
0BE020
0C03E0
0C39C0
0C6F90
0CA570
0CDB40
0D21C0
0D6850
0DAED0
0DF550
0E4B70
0EA190
0EF7B0
0F4DD0
0FB380
101920
107ED0
10E470
1159D0
11CF20
124480
12B9D0
133D20
13C080
1443D0
14C720
155710
15E6F0
1676E0
1706C0
17A290
183E60
18DA30
197600
1A1D20
1AC450
1B6B70
1C1290
1CC350
1D7410
1E24D0
1ED590
1F8E60
204730
20FFF0
21B8C0
227880
233830
23F7F0
24B7A0
257D20
2642B0
270830
27CDB0
289770
296120
2A2AE0
2AF490
2BC100
2C8D70
2D59D0
2E2640
2EF3F0
2FC1A0
308F50
315D00
322A70
32F7D0
33C540
3492A0
355E90
362A70
36F660
37C240
388B70
3954A0
3A1DD0
3AE700
3BABF0
3C70E0
3D35D0
3DFAC0
3EB9B0
3F78B0
4037A0
40F690
41AED0
426720
431F60
43D7A0
448870
453930
45EA00
469AC0
474290
47EA60
489220
4939F0
49D700
4A7420
4B1130
4BAE40
4C40A0
4CD300
4D6550
4DF7B0
4E7F20
4F0690
4F8E00
501570
5090E0
510C50
5187B0
520320
527130
52DF40
534D40
53BB50
541C80
547DB0
54DED0
554000
559490
55E930
563DC0
569250
56D9A0
5720F0
576840
57AF90
57E8B0
5821C0
585AE0
5893F0
58BFE0
58EBD0
5917C0
5943B0
596340
5982C0
59A250
59C1D0
59D4D0
59E7D0
59FAD0
5A0DD0
5A1400
5A1A30
5A2060
5A2690
5A2140
5A1BF0
5A1690
5A1140
5A0180
59F1B0
59E1F0
59D220
59B840
599E70
598490
596AB0
5946F0
592330
58FF70
58DBB0
58AFA0
588380
585770
582B50
57F830
57C500
5791E0
575EB0
572560
56EC10
56B2B0
567960
563AC0
55FC20
55BD70
557ED0
553C30
54F980
54B6E0
547430
542EC0
53E940
53A3D0
535E50
531730
52D010
5288E0
5241C0
51FA30
51B290
516B00
512360
50DC50
509550
504E40
500730
4FC1B0
4F7C30
4F36B0
4EF130
4EAE90
4E6BE0
4E2940
4DE690
4DA840
4D69E0
4D2B90
4CED30
4CB390
4C7A00
4C4060
4C06C0
4BD270
4B9E20
4B69C0
4B3570
4B07A0
4AD9D0
4AABF0
4A7E20
4A5850
4A3270
4A0CA0
49E6C0
49C8A0
49AA80
498C50
496E30
4957B0
494140
492AC0
491440
490650
48F850
48EA60
48DC60
48D810
48D3B0
48CF60
48CB00
48CF80
48D3F0
48D870
48DCE0
48E9A0
48F650
490310
490FC0
492520
493A80
494FE0
496540
4983F0
49A2A0
49C150
49E000
4A06B0
4A2D60
4A5400
4A7AB0
4AA840
4AD5D0
4B0350
4B30E0
4B6530
4B9980
4BCDD0
4C0220
4C3D50
4C7880
4CB3B0
4CEEE0
4D2F30
4D6F80
4DAFC0
4DF010
4E3410
4E7810
4EBC10
4F0010
4F46E0
4F8DC0
4FD490
501B60
506430
50ACF0
50F5C0
513E80
5187E0
51D150
521AB0
526410
52ACC0
52F570
533E20
5386D0
53CDE0
5414E0
545BF0
54A2F0
54E790
552C20
5570C0
55B550
55F5B0
563610
567660
56B6C0
56F140
572BB0
576630
57A0A0
57D3F0
580750
583AA0
586DF0
589900
58C400
58EF10
591A10
593AF0
595BE0
597CC0
599DA0
59B2C0
59C7E0
59DCF0
59F210
59F9B0
5A0150
5A08E0
5A1080
5A08C0
5A0100
59F940
59F180
59D950
59C120
59A8E0
5990B0
5966C0
593CD0
5912E0
58E8F0
58AC10
586F30
583250
57F570
57A4C0
575400
570350
56B290
564BE0
55E520
557E70
5517B0
549950
541AF0
539C80
531E20
5285D0
51ED80
515520
50BCD0
500790
4F5240
4E9D00
4DE7B0
4D1600
4C4450
4B72A0
4AA0F0
49B310
48C530
47D740
46E960
45DD40
44D110
43C4F0
42B8C0
418B80
405E40
3F30F0
3E03B0
3CB800
3B6C40
3A2090
38D4D0
376C80
360440
349BF0
3333A0
31AE20
3028B0
2EA330
2D1DB0
2B79E0
29D610
283240
268E70
24CFC0
231110
215260
1F93B0
1DBD50
1BE6E0
1A1080
183A10
164BA0
145D20
126EB0
108030
0E77E0
0C6F90
0A6730
085EE0
064450
0429C0
020F20
FFF490
FDCDA0
FBA6B0
F97FC0
F758D0
F528F0
F2F900
F0C920
EE9940
EC6450
EA2F60
E7FA80
E5C590
E38FF0
E15A60
DF24C0
DCEF30
DABD50
D88B70
D65990
D427B0
D1FD60
CFD310
CDA8D0
CB7E80
C95F60
C74050
C52130
C30220
C0F370
BEE4B0
BCD600
BAC750
B8CD90
B6D3D0
B4DA20
B2E060
B100F0
AF2180
AD4220
AB62B0
A9A3D0
A7E500
A62620
A46750
A2CAD0
A12E60
9F91E0
9DF570
9C7C60
9B0340
998A30
981120
96C400
9576E0
9429D0
92DCB0
91C8B0
90B4B0
8FA0B0
8E8CB0
8DA520
8CBD90
8BD610
8AEE80
8A2BB0
8968E0
88A610
87E340
874390
86A3E0
860430
856480
84E490
846490
83E4A0
8364B0
830230
829FB0
823D40
81DAC0
819140
8147C0
80FE40
80B4C0
808790
805A60
802D30
800000
800000
800000
800000
800000
800000
800000
800000
800000
800000
800000
800000
800000
800000
800000
800000
800000
800000
800000
800000
800000
800000
800000
800000
800000
800000
800000
800000
800000
800110
800220
800330
800440
801160
801E70
802B90
8038B0
804F30
8065A0
807C20
8092A0
80B330
80D3C0
80F450
8114E0
814070
816C10
8197A0
81C340
81F950
822F60
826570
829B80
82E140
832700
836CC0
83B280
840BA0
8464B0
84BDD0
8516F0
858790
85F820
8668C0
86D960
876780
87F5A0
8883C0
8911E0
89BBA0
8A6570
8B0F30
8BB900
8C7DD0
8D42B0
8E0780
8ECC60
8FAE80
9090A0
9172C0
9254E0
9356B0
945870
955A40
965C10
977C80
989CE0
99BD50
9ADDC0
9C1BB0
9D59A0
9E9790
9FD580
A13380
A29170
A3EF70
A54D70
A6CFE0
A85250
A9D4D0
AB5740
ACF770
AE97A0
B037E0
B1D810
B39120
B54A30
B70340
B8BC50
BA8D10
BC5DE0
BE2EA0
BFFF70
C1E6C0
C3CE00
C5B550
C79CA0
C995A0
CB8E90
CD8790
CF8090
D186E0
D38D30
D59380
D799D0
D9AAF0
DBBC00
DDCD20
DFDE40
E1F820
E41200
E62BE0
E845C0
EA6290
EC7F60
EE9C30
F0B900
F2D3B0
F4EE60
F70920
F923D0
FB3800
FD4C30
FF6060
017490
037D50
058620
078EE0
0997A0
0B9160
0D8B30
0F84F0
117EB0
136640
154DE0
173570
191D00
1AEC40
1CBB80
1E8AB0
2059F0
2208C0
23B780
256650
271510
28A600
2A36F0
2BC7E0
2D58D0
2ECCD0
3040E0
31B4E0
3328E0
347D00
35D120
372540
387960
39AA70
3ADB90
3C0CA0
3D3DB0
3E4D40
3F5CD0
406C60
417BF0
426B10
435A20
444940
453850
460560
46D270
479F70
486C80
491520
49BDD0
4A6670
4B0F10
4B96A0
4C1E30
4CA5C0
4D2D50
4D9650
4DFF60
4E6860
4ED160
4F1C00
4F66A0
4FB140
4FFBE0
5027E0
5053F0
507FF0
50ABF0
50BCF0
50CDE0
50DEE0
50EFD0
50E890
50E140
50DA00
50D2B0
50B540
5097D0
507A60
505CF0
502BF0
4FFAF0
4FC9E0
4F98E0
4F55C0
4F12A0
4ECF80
4E8C60
4E38D0
4DE550
4D91C0
4D3E30
4CDC10
4C79E0
4C17C0
4BB590
4B4660
4AD720
4A67F0
49F8B0
497ED0
4904F0
488B10
481130
478ED0
470C70
468A10
4607B0
457F00
44F650
446DA0
43E4F0
435850
42CBA0
423F00
41B250
412350
409450
400540
3F7640
3EE690
3E56D0
3DC720
3D3760
3CA920
3C1AE0
3B8C90
3AFE50
3A73E0
39E980
395F10
38D4A0
384F20
37C990
374410
36BE80
363F20
35BFC0
354060
34C100
344990
33D230
335AC0
32E350
3275B0
320810
319A70
312CD0
30CA10
306750
300480
2FA1C0
2F4AE0
2EF400
2E9D20
2E4640
2DFD20
2DB400
2D6AD0
2D21B0
2CE890
2CAF70
2C7650
2C3D30
2C13F0
2BEAA0
2BC160
2B9810
2B7EC0
2B6560
2B4C10
2B32B0
2B2AB0
2B22A0
2B1AA0
2B1290
2B1D80
2B2870
2B3350
2B3E40
2B5B50
2B7870
2B9580
2BB290
2BE140
2C0FF0
2C3EA0
2C6D50
2CAE60
2CEF80
2D3090
2D71A0
2DC640
2E1AF0
2E6F90
2EC430
2F2AC0
2F9150
2FF7E0
305E70
30D5B0
314CF0
31C420
323B60
32C360
334B70
33D370
345B70
34F4B0
358DE0
362720
36C050
376880
3810A0
38B8D0
3960F0
3A1620
3ACB60
3B8090
3C35C0
3CF750
3DB8D0
3E7A60
3F3BE0
400930
40D680
41A3C0
427110
4347B0
441E60
44F500
45CBA0
46A980
478750
486530
494300
4A2690
4B0A20
4BEDB0
4CD140
4DB920
4EA0F0
4F88D0
5070A0
515A90
524480
532E60
541850
550240
55EC20
56D610
57BFF0
58A800
599020
5A7830
5B6040
5C44B0
5D2920
5E0D80
5EF1F0
5FD0A0
60AF50
618DF0
626CA0
6343A0
641AA0
64F190
65C890
669590
676290
682F80
68FC80
69BCE0
6A7D50
6B3DB0
6BFE10
6CB0E0
6D63B0
6E1680
6EC950
6F6D60
701170
70B580
715990
71ED00
728060
7313D0
73A730
7427F0
74A8C0
752980
75AA40
761780
7684C0
76F1F0
775F30
77B7E0
7810A0
786950
78C200
790480
794710
798990
79CC10
79F690
7A2110
7A4B90
7A7610
7A8820
7A9A30
7AAC40
7ABE50
7AB770
7AB090
7AA9A0
7AA2C0
7A8180
7A6030
7A3EF0
7A1DA0
79E030
79A2B0
796540
7927C0
78CE90
787560
781C30
77C300
774E20
76D950
766470
75EF90
755E90
74CD90
743C80
73AB80
72FE00
725080
71A300
70F580
702B10
6F6090
6E9620
6DCBA0
6CE400
6BFC60
6B14B0
6A2D10
692730
682160
671B80
6615A0
64EFE0
63CA10
62A450
617E80
603A90
5EF690
5DB2A0
5C6EA0
5B0DE0
59AD20
584C50
56EB90
556D60
53EF40
527110
50F2E0
4F5620
4DB960
4C1C90
4A7FD0
48C7B0
470F80
455760
439F30
41CE30
3FFD30
3E2C30
3C5B30
3A7210
388900
369FE0
34B6C0
32B600
30B530
2EB470
2CB3A0
2A9E90
288980
267470
245F60
223960
201370
1DED70
1BC770
199130
175AF0
1524B0
12EE70
10A750
0E6040
0C1920
09D200
078120
053050
02DF70
008E90
FE3990
FBE480
F98F80
F73A80
F4E540
F29000
F03AC0
EDE580
EB9480
E94390
E6F290
E4A1A0
E258A0
E00FA0
DDC6A0
DB7DA0
D94020
D702A0
D4C530
D287B0
D05A90
CE2D80
CC0060
C9D350
C7BC30
C5A510
C38DF0
C176D0
BF7700
BD7720
BB7750
B97780
B790D0
B5AA10
B3C360
B1DCB0
B01330
AE49B0
AC8040
AAB6C0
A90F40
A767C0
A5C040
A418C0
A29320
A10D70
9F87D0
9E0230
9C9E50
9B3A80
99D6A0
9872D0
973570
95F810
94BAB0
937D50
926D70
915D90
904DC0
8F3DE0
8E5460
8D6AD0
8C8150
8B97D0
8AD020
8A0860
8940B0
887900
87D230
872B60
8684A0
85DDD0
855620
84CE70
8446C0
83BF10
835480
82EA00
827F70
8214F0
81C330
817170
811FB0
80CDF0
809A70
8066F0
803380
800000
800000
800000
800000
800000
800000
800000
800000
800000
800000
800000
800000
800000
800000
800000
800000
800000
800020
800050
800070
8000A0
8000F0
800130
800180
8001D0
800230
800290
8002F0
800350
800400
8004A0
800550
800600
800750
8008B0
800A00
800B60
800CD0
800E40
800FB0
801120
8012A0
801410
801590
801710
801770
8017D0
801830
801890
801590
8012A0
800FA0
800CB0
800980
800650
800330
800000
800000
800000
800000
800000
800030
800060
8000A0
8000D0
800290
800460
800620
8007F0
8011D0
801BB0
8025A0
802F80
804740
805F00
8076C0
808E80
80B7F0
80E160
810AD0
813440
817420
81B3F0
81F3D0
8233B0
828D00
82E660
833FB0
839910
840DC0
848260
84F710
856BC0
860410
869C50
8734A0
87CCF0
889590
895E30
8A26E0
8AEF80
8BDD20
8CCAC0
8DB860
8EA600
8FB180
90BD00
91C890
92D410
93FD60
9526B0
965000
977950
98BFA0
9A05F0
9B4C40
9C9290
9DF100
9F4F70
A0ADE0
A20C50
A37ED0
A4F160
A663E0
A7D670
A959B0
AADD00
AC6040
ADE390
AF73D0
B10400
B29440
B42480
B5BF10
B759B0
B8F440
BA8EE0
BC30F0
BDD300
BF7510
C11720
C2BDC0
C46450
C60AF0
C7B190
C95A00
CB0270
CCAAF0
CE5360
CFFA00
D1A0A0
D34750
D4EDF0
D68FC0
D83190
D9D370
DB7540
DD0DB0
DEA620
E03E90
E1D700
E36010
E4E910
E67220
E7FB30
E97610
EAF0F0
EC6BE0
EDE6C0
EF5370
F0C020
F22CE0
F39990
F4F5C0
F65200
F7AE30
F90A70
FA53E0
FB9D50
FCE6C0
FE3030
FF66B0
009D30
01D3B0
030A30
042D50
055070
067390
0796B0
08A4E0
09B310
0AC130
0BCF60
0CC6B0
0DBDF0
0EB540
0FAC80
108D90
116EA0
124FA0
1330B0
13FBD0
14C700
159220
165D40
1711A0
17C610
187A70
192ED0
19CB70
1A6810
1B04A0
1BA140
1C2700
1CACC0
1D3270
1DB830
1E2750
1E9680
1F05A0
1F74C0
1FCE10
202760
2080B0
20DA00
211F10
216430
21A940
21EE50
221D00
224BA0
227A50
22A8F0
22BFD0
22D6A0
22ED80
230450
230270
2300A0
22FEC0
22FCE0
22E0C0
22C4B0
22A890
228C70
225690
2220B0
21EAC0
21B4E0
216570
211600
20C690
207720
200D40
1FA370
1F3990
1ECFB0
1E4A30
1DC4C0
1D3F40
1CB9C0
1C19E0
1B7A10
1ADA30
1A3A50
198100
18C7B0
180E50
175500
1681F0
15AEE0
14DBD0
1408C0
131B60
122E00
1140A0
105340
0F4D60
0E4780
0D41A0
0C3BC0
0B1F30
0A02B0
08E620
07C990
0695C0
0561F0
042E10
02FA40
01AD40
006040
FF1340
FDC640
FC65A0
FB0510
F9A470
F843E0
F6D3E0
F563E0
F3F3F0
F283F0
F106C0
EF8980
EE0C50
EC8F20
EB0720
E97F30
E7F730
E66F40
E4DFD0
E35060
E1C0F0
E03180
DE9DA0
DD09C0
DB75E0
D9E200
D84D00
D6B7F0
D522F0
D38DF0
D1FB80
D06920
CED6B0
CD4450
CBB640
CA2830
C89A20
C70C10
C58450
C3FCA0
C274E0
C0ED30
BF6ED0
BDF070
BC7210
BAF3B0
B981F0
B81020
B69E60
B52CA0
B3C8B0
B264C0
B100D0
AF9CE0
AE4800
ACF310
AB9E30
AA4950
A906B0
A7C420
A68180
A53EF0
A412F0
A2E6F0
A1BB00
A08F00
9F77C0
9E6080
9D4950
9C3210
9B2EC0
9A2B70
992820
9824D0
973680
964840
9559F0
946BB0
939380
92BB50
91E320
910AF0
904840
8F8590
8EC2F0
8E0040
8D5250
8CA470
8BF680
8B48A0
8AB120
8A19A0
898230
88EAB0
886CB0
87EEB0
8770B0
86F2B0
868930
861FA0
85B620
854CA0
84F470
849C30
844400
83EBD0
83A270
835900
830FA0
82C640
8287A0
824900
820A70
81CBD0
819960
816700
813490
810230
80DB30
80B430
808D30
806630
804D40
803440
801B50
800260
8001C0
800130
800090
800000
800000
800000
800000
800000
800000
800000
800000
800000
800000
800000
800000
800000
8008A0
801140
8019E0
802280
803B30
8053D0
806C80
808530
80B440
80E350
811270
814180
8192C0
81E400
823540
828680
830B90
8390A0
8415B0
849AC0
854860
85F600
86A3B0
875150
8821C0
88F230
89C2B0
8A9320
8B87A0
8C7C10
8D7090
8E6510
8F7CD0
909490
91AC60
92C420
93FF50
953A90
9675C0
97B100
990F10
9A6D30
9BCB40
9D2960
9EABB0
A02E10
A1B060
A332C0
A4DC60
A68600
A82FB0
A9D950
ABA4B0
AD7000
AF3B60
B106C0
B2EF90
B4D870
B6C140
B8AA20
BAAF70
BCB4C0
BEBA20
C0BF70
C2E090
C501A0
C722C0
C943E0
CB7BB0
CDB380
CFEB50
D22320
D46D20
D6B730
D90130
DB4B40
DDA510
DFFEE0
E258C0
E4B290
E71A40
E981F0
EBE9A0
EE5150
F0C0F0
F33080
F5A020
F80FC0
FA8220
FCF480
FF66E0
01D940
044A30
06BB30
092C20
0B9D10
0E0830
107360
12DE80
1549A0
17AA80
1A0B60
1C6C30
1ECD10
211F90
237210
25C490
281710
2A5590
2C9400
2ED280
3110F0
333470
3557F0
377B70
399EF0
3BA720
3DAF50
3FB780
41BFB0
43AB40
4596D0
478260
496DF0
4B38F0
4D0400
4ECF00
509A00
524050
53E6A0
558CE0
573330
58B440
5A3550
5BB660
5D3770
5E9270
5FED70
614860
62A360
63D530
650710
6638E0
676AB0
686F90
697470
6A7950
6B7E30
6C5770
6D30B0
6E09E0
6EE320
6F9160
703FA0
70EDD0
719C10
721D80
729EF0
732060
73A1D0
73F420
744670
7498B0
74EB00
751070
7535F0
755B60
7580D0
757AF0
757520
756F40
756960
753810
7506D0
74D580
74A430
744740
73EA50
738D60
733070
72A9B0
7222E0
719C20
711550
706660
6FB760
6F0870
6E5970
6D8290
6CABB0
6BD4D0
6AFDF0
69FEE0
68FFE0
6800D0
6701C0
65DDC0
64B9C0
6395C0
6271C0
612B90
5FE550
5E9F20
5D58E0
5BF1B0
5A8A80
592340
57BC10
5634F0
54ADD0
5326A0
519F80
4FFBE0
4E5830
4CB490
4B10E0
4953C0
4796A0
45D980
441C60
4247E0
407350
3E9ED0
3CCA40
3AE040
38F640
370C30
352230
332640
312A40
2F2E50
2D3250
2B27B0
291D20
271280
2507E0
22F130
20DA90
1EC3E0
1CAD30
1A8CF0
186CB0
164C70
142C30
120610
0FDFF0
0DB9C0
0B93A0
096B10
074270
0519E0
02F140
00C980
FEA1C0
FC7A00
FA5240
F82ED0
F60B70
F3E800
F1C4A0
EFA860
ED8C10
EB6FD0
E95390
E74140
E52F00
E31CB0
E10A70
DF0590
DD00B0
DAFBE0
D8F700
D70340
D50F90
D31BD0
D12820
CF4780
CD66F0
CB8650
C9A5C0
C7DA70
C60F10
C443C0
C27870
C0C5B0
BF12F0
BD6030
BBAD70
BA16F0
B88080
B6EA00
B55390
B3DA30
B260E0
B0E780
AF6E30
AE1310
ACB7F0
AB5CE0
AA01C0
A8C7B0
A78DA0
A653A0
A51990
A403E0
A2EE30
A1D890
A0C2E0
9FD120
9EDF70
9DEDB0
9CFC00
9C2E30
9B6070
9A92A0
99C4E0
991D00
987520
97CD50
972570
96A5F0
962670
95A6F0
952770
94CED0
947620
941D80
93C4E0
939210
935F40
932C70
92F9A0
92ED90
92E180
92D570
92C960
92E560
930170
931D70
933980
937B50
93BD10
93FEE0
9440B0
94A660
950C10
9571C0
95D770
9660F0
96EA70
977400
97FD80
98AB20
9958C0
9A0670
9AB410
9B82C0
9C5170
9D2020
9DEED0
9EDBF0
9FC900
A0B620
A1A340
A2ADB0
A3B810
A4C280
A5CCF0
A6F3D0
A81AB0
A94190
AA6870
ABA860
ACE850
AE2840
AF6830
B0BE20
B21420
B36A10
B4C010
B62A00
B79400
B8FDF0
BA67F0
BBE400
BD6010
BEDC30
C05840
C1E310
C36DF0
C4F8C0
C683A0
C81A20
C9B090
CB4710
CCDD90
CE7D00
D01C70
D1BBF0
D35B60
D50110
D6A6B0
D84C60
D9F210
DB9B00
DD43F0
DEECF0
E095E0
E23F40
E3E8A0
E59210
E73B70
E8E240
EA8900
EC2FD0
EDD6A0
EF7790
F11890
F2B980
F45A80
F5F360
F78C40
F92530
FABE10
FC4C90
FDDB10
FF69A0
00F820
027930
03FA40
057B50
06FC60
086C90
09DCD0
0B4D00
0CBD30
0E1B40
0F7940
10D750
123550
137FB0
14CA10
161470
175ED0
1892C0
19C6B0
1AFAA0
1C2E90
1D48E0
1E6340
1F7D90
2097E0
219850
2298D0
239940
2499B0
257FA0
2665A0
274B90
283180
28FAD0
29C420
2A8D70
2B56C0
2C00E0
2CAAF0
2D5510
2DFF20
2E8AB0
2F1630
2FA1C0
302D40
309A80
3107D0
317510
31E250
322FE0
327D80
32CB10
3318A0
3344A0
3370B0
339CB0
33C8B0
33D4D0
33E0F0
33ED00
33F920
33E680
33D3F0
33C150
33AEB0
337CE0
334B10
331930
32E760
329580
324390
31F1B0
319FC0
313020
30C080
3050D0
2FE130
2F55B0
2ECA40
2E3EC0
2DB340
2D0C60
2C6570
2BBE90
2B17A0
2A5570
299340
28D110
280EE0
273430
265990
257EE0
24A430
23B370
22C2B0
21D1F0
20E130
1FDBB0
1ED630
1DD0A0
1CCB20
1BB210
1A98F0
197FE0
1866C0
173CF0
161310
14E940
13BF60
128750
114F50
101740
0EDF30
0D9AE0
0C56A0
0B1250
09CE00
087F60
0730C0
05E220
049380
033D40
01E6F0
0090B0
FF3A60
FDDEF0
FC8390
FB2820
F9CCC0
F86EA0
F71090
F5B270
F45460
F2F620
F197E0
F039A0
EEDB60
ED7F20
EC22E0
EAC6B0
E96A70
E81250
E6BA40
E56220
E40A10
E2B8B0
E16750
E015F0
DEC490
DD7CB0
DC34D0
DAECF0
D9A510
D86830
D72B50
D5EE70
D4B190
D38150
D25110
D120D0
CFF090
CECF60
CDAE20
CC8CF0
CB6BC0
CA5C50
C94CF0
C83D80
C72E20
C63140
C53460
C43780
C33AA0
C25130
C167C0
C07E50
BF94E0
BEC100
BDED20
BD1940
BC4560
BB8980
BACDA0
BA11C0
B955E0
B8B1D0
B80DD0
B769C0
B6C5C0
B639B0
B5AD90
B52180
B49570
B422D0
B3B040
B33DA0
B2CB10
B273E0
B21CB0
B1C580
B16E50
B13180
B0F4A0
B0B7D0
B07B00
B057E0
B034C0
B011A0
AFEE80
AFE5E0
AFDD40
AFD4A0
AFCC00
AFDF00
AFF200
B00510
B01810
B04500
B071F0
B09EE0
B0CBD0
B11150
B156E0
B19C60
B1E1F0
B24000
B29E10
B2FC30
B35A40
B3D110
B447E0
B4BEB0
B53580
B5C300
B65080
B6DE00
B76B80
B80DF0
B8B060
B952E0
B9F550
BAAC00
BB62B0
BC1970
BCD020
BD9A90
BE6500
BF2F70
BFF9E0
C0D5B0
C1B170
C28D40
C36910
C45410
C53F20
C62A20
C71530
C80E20
C90700
C9FFF0
CAF8E0
CBFE60
CD03E0
CE0960
CF0EE0
D01EA0
D12E50
D23E10
D34DD0
D465A0
D57D70
D69550
D7AD20
D8CB30
D9E940
DB0760
DC2570
DD47F0
DE6A60
DF8CE0
E0AF60
E1D420
E2F8F0
E41DB0
E54280
E66790
E78C90
E8B1A0
E9D6B0
EAF9E0
EC1D20
ED4050
EE6390
EF82B0
F0A1C0
F1C0E0
F2E000
F3F960
F512D0
F62C30
F745A0
F857B0
F969C0
FA7BE0
FB8DF0
FC9690
FD9F30
FEA7D0
FFB070
00AD40
01AA10
02A6D0
03A3A0
0493A0
0583A0
067390
076390
0845A0
0927B0
0A09C0
0AEBD0
0BBE00
0C9030
0D6260
0E3490
0EF4B0
0FB4C0
1074E0
1134F0
11E2A0
129050
133E00
13EBB0
148680
152150
15BC10
1656E0
16DD30
176380
17E9D0
187020
18E010
195000
19BFF0
1A2FE0
1A89E0
1AE3F0
1B3DF0
1B97F0
1BDC30
1C2080
1C64C0
1CA900
1CD680
1D0410
1D3190
1D5F10
1D7490
1D8A10
1D9F80
1DB500
1DB370
1DB1F0
1DB060
1DAED0
1D96F0
1D7F20
1D6740
1D4F60
1D20C0
1CF230
1CC390
1C94F0
1C4ED0
1C08B0
1BC290
1B7C70
1B2080
1AC480
1A6890
1A0C90
199C10
192B90
18BB00
184A80
17C5B0
1740E0
16BC10
163740
159E30
150510
146C00
13D2E0
132780
127C10
11D0B0
112540
106940
0FAD40
0EF130
0E3530
0D6970
0C9DA0
0BD1E0
0B0610
0A2B30
095040
087560
079A70
06B2A0
05CAD0
04E300
03FB30
030870
0215B0
0122F0
003030
FF33E0
FE3790
FD3B40
FC3EF0
FB3A70
FA35F0
F93180
F82D00
F72260
F617C0
F50D30
F40290
F2F3D0
F1E500
F0D640
EFC780
EEB650
EDA510
EC93E0
EB82B0
EA70D0
E95EF0
E84D10
E73B30
E62A80
E519D0
E40930
E2F880
E1EAE0
E0DD40
DFCFA0
DEC200
DDB960
DCB0B0
DBA810
DA9F70
D99DE0
D89C50
D79AC0
D69930
D5A020
D4A710
D3AE10
D2B500
D1C5F0
D0D6E0
CFE7E0
CEF8D0
CE15B0
CD32A0
CC4F80
CB6C70
CA9780
C9C280
C8ED90
C818A0
C752B0
C68CB0
C5C6C0
C500D0
C44AE0
C394F0
C2DF10
C22920
C18500
C0E0D0
C03CB0
BF9890
BF0830
BE77D0
BDE770
BD5710
BCDAC0
BC5E80
BBE230
BB65F0
BAFE40
BA9690
BA2EE0
B9C730
B97590
B923F0
B8D260
B880C0
B846F0
B80D30
B7D360
B799A0
B77740
B754E0
B73280
B71020
B70500
B6F9E0
B6EEC0
B6E3A0
B6F0B0
B6FDD0
B70AE0
B71800
B73E90
B76520
B78BB0
B7B240
B7F140
B83030
B86F30
B8AE30
B904E0
B95B80
B9B230
BA08E0
BA77A0
BAE660
BB5530
BBC3F0
BC4B80
BCD310
BD5AA0
BDE230
BE80E0
BF1F90
BFBE50
C05D00
C11190
C1C610
C27AA0
C32F30
C3F950
C4C370
C58D90
C657B0
C73750
C816F0
C8F690
C9D630
CAC960
CBBCA0
CCAFD0
CDA310
CEA830
CFAD50
D0B270
D1B790
D2CDD0
D3E400
D4FA40
D61080
D73740
D85DF0
D984B0
DAAB70
DBE070
DD1570
DE4A70
DF7F70
E0C0B0
E201F0
E34330
E48470
E5D0A0
E71CC0
E868F0
E9B520
EB0AF0
EC60C0
EDB6A0
EF0C70
F069A0
F1C6E0
F32410
F48150
F5E3D0
F74650
F8A8E0
FA0B60
FB7170
FCD770
FE3D80
FFA390
010B60
027330
03DAF0
0542C0
06AA40
0811C0
097930
0AE0B0
0C45E0
0DAB00
0F1030
107550
11D620
1336F0
1497B0
15F880
1752E0
18AD40
1A0790
1B61F0
1CB420
1E0650
1F5870
20AAA0
21F2E0
233B30
248370
25CBB0
2707F0
284440
298080
2ABCC0
2BEAB0
2D18A0
2E4690
2F7480
309300
31B180
32CFF0
33EE70
34FC40
360A00
3717D0
382590
3920B0
3A1BD0
3B16E0
3C1200
3CF830
3DDE70
3EC4A0
3FAAD0
407BA0
414C70
421D40
42EE10
43A8D0
446380
451E40
45D8F0
467BF0
471EE0
47C1E0
4864D0
48EE00
497740
4A0070
4A89A0
4AF960
4B6910
4BD8D0
4C4880
4C9EC0
4CF500
4D4B30
4DA170
4DDD10
4E18B0
4E5440
4E8FE0
4EAF60
4ECEF0
4EEE70
4F0DF0
4F1240
4F1690
4F1AE0
4F1F30
4F08F0
4EF2B0
4EDC60
4EC620
4E94B0
4E6330
4E31C0
4E0040
4DB2A0
4D6500
4D1760
4CC9C0
4C61A0
4BF980
4B9150
4B2930
4AA7D0
4A2670
49A510
4923B0
488920
47EE90
475400
46B970
460580
455190
449DA0
43E9B0
431E80
425350
418810
40BCE0
3FDC40
3EFB90
3E1AF0
3D3A40
3C44E0
3B4F80
3A5A20
3964C0
385B30
3751A0
364810
353E80
342330
3307F0
31ECA0
30D150
2FA670
2E7B90
2D50A0
2C25C0
2AECB0
29B390
287A80
274160
25FB60
24B550
236F50
222940
20D8C0
1F8850
1E37D0
1CE750
1B8EB0
1A3610
18DD60
1784C0
1625D0
14C6F0
136800
120910
10A5C0
0F4260
0DDF10
0C7BB0
0B1640
09B0D0
084B50
06E5E0
058090
041B40
02B5E0
015090
FFED80
FE8A80
FD2770
FBC470
FA65F0
F90780
F7A900
F64A90
F4F2A0
F39AA0
F242B0
F0EAC0
EF9B40
EE4BC0
ECFC40
EBACC0
EA6800
E92350
E7DE90
E699E0
E56270
E42B00
E2F3A0
E1BC30
E09360
DF6A90
DE41C0
DD18F0
DC0020
DAE760
D9CE90
D8B5D0
D7AF40
D6A8A0
D5A210
D49B80
D3A990
D2B7A0
D1C5C0
D0D3D0
CFF730
CF1A90
CE3DF0
CD6150
CC9AC0
CBD440
CB0DB0
CA4730
C998A0
C8EA20
C83B90
C78D10
C6F8C0
C66470
C5D020
C53BD0
C4C180
C44720
C3CCD0
C35280
C2F230
C291F0
C231A0
C1D160
C18C80
C147A0
C102D0
C0BDF0
C09630
C06E70
C046B0
C01EF0
C01350
C007A0
BFFC00
BFF060
C00020
C00FF0
C01FB0
C02F80
C05B60
C08740
C0B330
C0DF10
C12820
C17130
C1BA40
C20350
C267D0
C2CC50
C330D0
C39550
C413E0
C49270
C51110
C58FA0
C62840
C6C0E0
C75980
C7F220
C8A500
C957E0
CA0AC0
CABDA0
CB8890
CC5380
CD1E70
CDE960
CECA80
CFABA0
D08CD0
D16DF0
D26480
D35B00
D45190
D54820
D65380
D75EE0
D86A50
D975B0
DA9370
DBB130
DCCEF0
DDECB0
DF1A90
E04870
E17660
E2A440
E3E0E0
E51D80
E65A20
E796C0
E8E0C0
EA2AD0
EB74D0
ECBEE0
EE13C0
EF68B0
F0BD90
F21280
F37000
F4CD70
F62AF0
F78870
F8EC90
FA50A0
FBB4C0
FD18E0
FE81B0
FFEA70
015340
02BC10
042750
059280
06FDC0
0868F0
09D470
0B3FF0
0CAB60
0E16E0
0F8060
10E9F0
125370
13BCF0
152220
168760
17EC90
1951C0
1AB0E0
1C1000
1D6F10
1ECE30
202560
217CA0
22D3D0
242B00
257800
26C500
2811F0
295EF0
2A9F30
2BDF70
2D1FA0
2E5FE0
2F9240
30C4A0
31F700
332960
344CB0
356FF0
369340
37B680
38C890
39DAA0
3AECB0
3BFEC0
3CFD20
3DFB90
3EF9F0
3FF850
40E2C0
41CD30
42B790
43A200
4477F0
454DD0
4623C0
46F9A0
47B950
487900
4938B0
49F860
4A9FD0
4B4740
4BEEA0
4C9610
4D25B0
4DB560
4E4500
4ED4A0
4F4CA0
4FC4A0
503CA0
50B4A0
5113E0
517320
51D260
5231A0
5276B0
52BBC0
5300D0
5345E0
5371E0
539DF0
53C9F0
53F5F0
5409C0
541D90
543150
544520
544040
543B60
543670
543190
541340
53F4F0
53D6A0
53B850
538250
534C40
531640
52E030
5293E0
524780
51FB30
51AED0
514C70
50EA00
5087A0
502530
4FACC0
4F3440
4EBBD0
4E4350
4DB6E0
4D2A80
4C9E10
4C11A0
4B7310
4AD490
4A3600
499770
48E7B0
4837F0
478830
46D870
461850
455830
449800
43D7E0
430990
423B30
416CE0
409E80
3FC3F0
3EE960
3E0EC0
3D3430
3C4EE0
3B6990
3A8430
399EE0
38B050
37C1C0
36D320
35E490
34EEB0
33F8E0
330300
320D20
3111E0
3016A0
2F1B60
2E2020
2D2150
2C2280
2B23A0
2A24D0
292450
2823C0
272340
2622B0
252220
242190
2320F0
222060
212160
202270
1F2370
1E2470
1D2900
1C2D90
1B3210
1A36A0
1940E0
184B10
175550
165F80
157080
148180
139270
12A370
11BC60
10D550
0FEE40
0F0730
0E29F0
0D4CB0
0C6F70
0B9230
0AC0D0
09EF80
091E20
084CC0
0787D0
06C2D0
05FDE0
0538E0
0480F0
03C900
031110
025920
01AFD0
010680
005D30
FFB3E0
FF1B10
FE8230
FDE960
FD5090
FCC800
FC3F70
FBB6F0
FB2E60
FAB620
FA3DF0
F9C5B0
F94D80
F8E6B0
F87FE0
F81910
F7B240
F75E30
F70A30
F6B620
F66220
F62020
F5DE20
F59C20
F55A20
F529B0
F4F940
F4C8D0
F49860
F47A10
F45BB0
F43D60
F41F10
F413A0
F40830
F3FCC0
F3F150
F3F790
F3FDE0
F40420
F40A70
F42180
F43890
F44FA0
F466B0
F48E80
F4B650
F4DE30
F50600
F53EC0
F57770
F5B030
F5E8F0
F63120
F67950
F6C190
F709C0
F76030
F7B6A0
F80D10
F86380
F8C7A0
F92BC0
F98FE0
F9F400
FA6550
FAD6A0
FB47F0
FBB940
FC3650
FCB350
FD3060
FDAD70
FE34E0
FEBC60
FF43D0
FFCB50
005C40
00ED30
017E20
020F10
02A890
034210
03DB80
047500
0515A0
05B650
0656F0
06F790
079E10
084490
08EB10
099190
0A3CB0
0AE7D0
0B92F0
0C3E10
0CEC80
0D9AE0
0E4950
0EF7B0
0FA860
105900
1109B0
11BA50
126C30
131E10
13CFF0
1481D0
1533A0
15E580
169750
174920
17F980
18A9F0
195A50
1A0AB0
1AB8E0
1B6710
1C1540
1CC370
1D6EB0
1E19E0
1EC520
1F7050
201750
20BE40
216540
220C30
22AD80
234EC0
23F010
249150
252CB0
25C820
266380
26FEE0
279400
282930
28BE50
295370
29E160
2A6F50
2AFD30
2B8B20
2C10C0
2C9650
2D1BF0
2DA180
2E1ED0
2E9C30
2F1980
2F96D0
300BC0
3080C0
30F5B0
316AA0
31D690
324270
32AE60
331A40
337C40
33DE40
344030
34A230
34FAA0
355320
35AB90
360400
365330
36A250
36F180
3740A0
378630
37CBC0
381150
3856E0
389270
38CE00
390980
394510
397720
39A920
39DB30
3A0D30
3A3610
3A5EF0
3A87D0
3AB0B0
3AD060
3AF010
3B0FC0
3B2F70
3B45E0
3B5C50
3B72C0
3B8930
3B96F0
3BA4A0
3BB260
3BC010
3BC580
3BCAF0
3BD060
3BD5D0
3BD340
3BD0A0
3BCE10
3BCB70
3BC110
3BB6B0
3BAC40
3BA1E0
3B9020
3B7E60
3B6C90
3B5AD0
3B4200
3B2940
3B1070
3AF7A0
3AD830
3AB8C0
3A9940
3A79D0
3A5410
3A2E50
3A0890
39E2D0
39B710
398B50
395F80
3933C0
390240
38D0C0
389F30
386DB0
3836E0
380010
37C940
379270
3756E0
371B50
36DFB0
36A420
3663C0
362350
35E2F0
35A280
355D40
351810
34D2D0
348D90
3443F0
33FA50
33B0A0
336700
331980
32CC00
327E80
323100
31DF30
318D50
313B80
30E9A0
309320
303CA0
2FE620
2F8FA0
2F3490
2ED980
2E7E70
2E2360
2DC3E0
2D6470
2D04F0
2CA570
2C4110
2BDCC0
2B7860
2B1400
2AAA50
2A40A0
29D6F0
296D40
28FE40
288F50
282050
27B150
273D50
26C940
265540
25E130
256710
24ECF0
2472D0
23F8B0
2377B0
22F6B0
2275B0
21F4B0
216C40
20E3E0
205B70
1FD300
1F4280
1EB200
1E2180
1D9100
1CF800
1C5F10
1BC610
1B2D10
1A8B40
19E970
1947A0
18A5D0
17FA70
174F20
16A3C0
15F860
1542A0
148CD0
13D710
132140
126140
11A130
10E130
102120
0F56E0
0E8CB0
0DC270
0CF830
0C2340
0B4E40
0A7950
09A450
08C3F0
07E380
070320
0622B0
053770
044C30
0360F0
0275B0
018020
008A90
FF94F0
FE9F60
FD9EF0
FC9E70
FB9E00
FA9D90
F99120
F884B0
F77840
F66BD0
F55580
F43F20
F328D0
F21280
F0F3D0
EFD530
EEB680
ED97E0
EC7150
EB4AD0
EA2440
E8FDC0
E7CFD0
E6A1E0
E573F0
E44600
E31240
E1DE90
E0AAD0
DF7720
DE3F10
DD0710
DBCF00
DA9700
D95BB0
D82060
D6E510
D5A9C0
D46C40
D32EB0
D1F130
D0B3B0
CF7560
CE3710
CCF8D0
CBBA80
CA7CC0
C93F10
C80150
C6C3A0
C587C0
C44BE0
C31000
C1D420
C09B50
BF6280
BE29C0
BCF0F0
BBBC90
BA8830
B953E0
B81F80
B6F0D0
B5C230
B49380
B364E0
B23D80
B11630
AFEED0
AEC780
ADA960
AC8B30
AB6D10
AA4EF0
A93A60
A825C0
A71130
A5FCA0
A4F240
A3E7E0
A2DD80
A1D320
A0D410
9FD500
9ED5F0
9DD6E0
9CE430
9BF170
9AFEC0
9A0C10
992680
9840E0
975B50
9675C0
959DE0
94C600
93EE30
931650
924DA0
918500
90BC50
8FF3B0
8F3C50
8E84F0
8DCD90
8D1630
8C6EF0
8BC7C0
8B2080
8A7950
89E230
894B00
88B3E0
881CC0
879480
870C40
868410
85FBD0
857FA0
850380
848750
840B30
83A000
8334D0
82C9A0
825E70
820430
81A9E0
814FA0
80F560
80B800
807AB0
803D50
800000
800000
800000
800000
800000
800000
800000
800000
800000
800000
800000
800000
800000
800000
800000
800000
800000
800000
800000
800000
800000
800330
800650
800980
800CB0
8026D0
8040F0
805B20
807540
80B030
80EB10
812600
8160F0
81D290
824430
82B5D0
832770
83BF20
8456D0
84EE90
858640
863B00
86EFC0
87A480
885940
892A30
89FB20
8ACC20
8B9D10
8C85F0
8D6EC0
8E57A0
8F4080
9042B0
9144E0
924710
934940
9464D0
958060
969C00
97B790
98EC40
9A20F0
9B55B0
9C8A60
9DD910
9F27C0
A07670
A1C520
A32A60
A48FB0
A5F4F0
A75A40
A8D360
AA4C70
ABC590
AD3EB0
AECA80
B05640
B1E210
B36DE0
B50B40
B6A8A0
B84610
B9E370
BB8F60
BD3B50
BEE750
C09340
C24B00
C402C0
C5BA80
C77240
C933E0
CAF580
CCB730
CE78D0
D04290
D20C50
D3D620
D59FE0
D76E90
D93D40
DB0BF0
DCDAA0
DEAB50
E07C00
E24CB0
E41D60
E5ED60
E7BD50
E98D50
EB5D50
ED29B0
EEF610
F0C270
F28ED0
F45550
F61BC0
F7E240
F9A8C0
FB6730
FD25A0
FEE420
00A290
0255C0
0408E0
05BC10
076F30
091330
0AB730
0C5B30
0DFF30
0F93D0
112870
12BD00
1451A0
15D620
175A90
18DF10
1A6380
1BD580
1D4780
1EB970
202B70
218860
22E540
244230
259F10
26E700
282EE0
2976D0
2ABEB0
2BF170
2D2420
2E56E0
2F8990
30A560
31C120
32DCF0
33F8B0
34FB50
35FDF0
370080
380320
38EDD0
39D880
3AC330
3BADE0
3C8170
3D5510
3E28A0
3EFC30
3FB7E0
407380
412F30
41EAD0
428D70
433010
43D2B0
447550
4500B0
458C00
461760
46A2B0
471810
478D70
4802C0
487820
48D7B0
493740
4996C0
49F650
4A4020
4A89E0
4AD3B0
4B1D70
4B5330
4B88F0
4BBEA0
4BF460
4C1780
4C3AB0
4C5DD0
4C80F0
4C9240
4CA380
4CB4D0
4CC610
4CC600
4CC600
4CC5F0
4CC5E0
4CB680
4CA720
4C97B0
4C8850
4C6B50
4C4E50
4C3150
4C1450
4BEAF0
4BC1A0
4B9840
4B6EE0
4B3A60
4B05E0
4AD160
4A9CE0
4A5F10
4A2130
49E360
49A580
496000
491A90
48D510
488F90
484410
47F890
47AD00
476180
4711C0
46C200
467230
462270
45CFC0
457D00
452A50
44D790
448340
442EE0
43DA90
438630
4331F0
42DDA0
428960
423510
41E2C0
419070
413E20
40EBD0
409C40
404CC0
3FFD30
3FADA0
3F61C0
3F15E0
3EC9F0
3E7E10
3E3780
3DF0E0
3DAA50
3D63B0
3D2460
3CE500
3CA5B0
3C6650
3C2E30
3BF620
3BBE00
3B85E0
3B5530
3B2490
3AF3E0
3AC330
3A9B50
3A7360
3A4B80
3A2390
3A0610
39E890
39CB00
39AD80
3999A0
3985B0
3971D0
395DE0
395310
394840
393D70
3932A0
3931A0
3930A0
392FA0
392EA0
393870
394230
394C00
3955C0
396900
397C30
398F70
39A2A0
39BE40
39D9F0
39F590
3A1130
3A3550
3A5970
3A7D90
3AA1B0
3ACEB0
3AFBB0
3B28A0
3B55A0
3B89A0
3BBDB0
3BF1B0
3C25B0
3C5F40
3C98D0
3CD260
3D0BF0
3D4A60
3D88E0
3DC750
3E05C0
3E4890
3E8B70
3ECE40
3F1110
3F5680
3F9BE0
3FE150
4026B0
406D10
40B380
40F9E0
414040
418680
41CCB0
4212F0
425920
429E10
42E2F0
4327E0
436CC0
43AEB0
43F0B0
4432A0
447490
44B210
44EFA0
452D20
456AA0
45A230
45D9C0
461150
4648E0
4678D0
46A8B0
46D8A0
470880
472FC0
4756F0
477E30
47A560
47C2E0
47E060
47FDD0
481B50
482D60
483F80
485190
4863A0
486860
486D30
4871F0
4876B0
486DF0
486530
485C60
4853A0
483CF0
482650
480FA0
47F8F0
47D300
47AD10
478710
476120
472A30
46F340
46BC40
468550
463DF0
45F690
45AF30
4567D0
451060
44B8F0
446170
440A00
43A180
433900
42D070
4267F0
41ED00
417220
40F730
407C40
3FF070
3F64B0
3ED8E0
3E4D10
3DB180
3D1600
3C7A70
3BDEE0
3B3360
3A87E0
39DC50
3930D0
3874D0
37B8C0
36FCC0
3640B0
357640
34ABC0
33E150
3316D0
323FA0
316880
309150
2FBA20
2ED6C0
2DF350
2D0FF0
2C2C80
2B3D00
2A4D90
295E10
286E90
2775B0
267CC0
2583E0
248AF0
238AE0
228AE0
218AD0
208AC0
1F84E0
1E7F10
1D7930
1C7350
1B68E0
1A5E70
1953F0
184980
173D00
163090
152410
141790
130B60
11FF30
10F300
0FE6D0
0EDCD0
0DD2D0
0CC8D0
0BBED0
0AB8E0
09B300
08AD10
07A720
06A7A0
05A820
04A8A0
03A920
02B240
01BB50
00C470
FFCD80
FEE180
FDF580
FD0980
FC1D80
FB3EF0
FA6060
F981E0
F8A350
F7D3C0
F70440
F634B0
F56530
F4A640
F3E750
F32860
F26970
F1BD80
F11180
F06590
EFB9A0
EF2360
EE8D10
EDF6D0
ED6090
ECE090
EC6090
EBE0A0
EB60A0
EAF7C0
EA8EE0
EA2600
E9BD20
E96D70
E91DC0
E8CE20
E87E70
E84A80
E81690
E7E2A0
E7AEB0
E79600
E77D40
E76490
E74BE0
E74E30
E75080
E752E0
E75530
E77410
E79300
E7B1E0
E7D0D0
E80E50
E84BD0
E88960
E8C6E0
E92140
E97BA0
E9D610
EA3070
EAA670
EB1C60
EB9260
EC0860
EC9A90
ED2CC0
EDBEF0
EE5120
EF0090
EFB000
F05F70
F10EE0
F1D8F0
F2A300
F36D10
F43720
F519A0
F5FC30
F6DEB0
F7C140
F8BBE0
F9B680
FAB130
FBABD0
FCBEA0
FDD170
FEE440
FFF710
011EA0
024620
036DB0
049530
05CE90
0707E0
084140
097A90
0AC440
0C0DF0
0D5790
0EA140
0FFA00
1152C0
12AB80
140440
156880
16CCC0
183100
199540
1B01C0
1C6E50
1DDAD0
1F4750
20B9D0
222C50
239EC0
251140
268780
27FDB0
2973F0
2AEA20
2C6090
2DD710
2F4D80
30C3F0
323760
33AAD0
351E30
3691A0
37FF00
396C50
3AD9B0
3C4700
3DAB10
3F0F20
407330
41D740
432F50
448760
45DF60
473770
4880C0
49CA20
4B1370
4C5CC0
4D9410
4ECB50
5002A0
5139E0
525B80
537D10
549EB0
55C040
56CA70
57D4B0
58DEE0
59E910
5ADA10
5BCB00
5CBC00
5DACF0
5E8180
5F5620
602AB0
60FF40
61B3D0
626850
631CE0
63D160
646580
64F9A0
658DB0
6621D0
6694D0
6707C0
677AC0
67EDB0
683CF0
688C30
68DB60
692AA0
6952F0
697B40
69A380
69CBD0
69CE40
69D0A0
69D310
69D570
69B290
698FA0
696CC0
6949D0
68FFF0
68B600
686C20
682230
67AF00
673BE0
66C8B0
665580
65BB70
652160
648750
63ED40
632E20
626EF0
61AFD0
60F0A0
600BD0
5F2700
5E4230
5D5D60
5C51D0
5B4630
5A3AA0
592F00
580030
56D170
55A2A0
5473D0
5324C0
51D5B0
5086A0
4F3790
4DC910
4C5A90
4AEC00
497D80
47EFF0
466260
44D4C0
434730
419EC0
3FF640
3E4DD0
3CA550
3AE590
3925E0
376620
35A660
33D170
31FC70
302780
2E5280
2C6A10
2A81A0
289930
26B0C0
24B940
22C1B0
20CA30
1ED2A0
1CD000
1ACD60
18CAB0
16C810
14BD60
12B2B0
10A800
0E9D50
0C8DA0
0A7DF0
086E40
065E90
044DF0
023D40
002CA0
FE1BF0
FC0E10
FA0030
F7F260
F5E480
F3DD30
F1D5D0
EFCE80
EDC730
EBCA50
E9CD70
E7D090
E5D3B0
E3E470
E1F540
E00600
DE16D0
DC3860
DA5A00
D87B90
D69D30
D4D390
D309E0
D14040
CF76A0
CDC620
CC15A0
CA6530
C8B4B0
C71F50
C589E0
C3F480
C25F20
C0E700
BF6ED0
BDF6B0
BC7E90
BB2760
B9D040
B87910
B721F0
B5F020
B4BE50
B38C80
B25AB0
B14E90
B04280
AF3660
AE2A50
AD44C0
AC5F30
AB79B0
AA9420
A9D820
A91C20
A86030
A7A430
A71560
A68690
A5F7C0
A568F0
A50640
A4A380
A440D0
A3DE20
A3A700
A36FE0
A338D0
A301B0
A2F820
A2EE90
A2E510
A2DB80
A30230
A328E0
A34F90
A37640
A3CA90
A41EE0
A47340
A4C790
A547A0
A5C7B0
A647C0
A6C7D0
A77430
A82090
A8CD00
A97960
AA5340
AB2D20
AC0700
ACE0E0
ADE4B0
AEE870
AFEC40
B0F010
B21AD0
B34590
B47060
B59B20
B6EC20
B83D20
B98E20
BADF20
BC5610
BDCCF0
BF43E0
C0BAD0
C25350
C3EBE0
C58460
C71CF0
C8D360
CA89D0
CC4040
CDF6B0
CFC900
D19B40
D36D90
D53FE0
D72C30
D91890
DB04E0
DCF140
DEF320
E0F510
E2F6F0
E4F8E0
E70C60
E91FE0
EB3360
ED46E0
EF68B0
F18A80
F3AC50
F5CE20
F7FAD0
FA2780
FC5430
FE80E0
00B4E0
02E8F0
051CF0
0750F0
0988E0
0BC0D0
0DF8B0
1030A0
1268C0
14A0D0
16D8F0
191100
1B4560
1D79C0
1FAE10
21E270
241050
263E20
286C00
2A99D0
2CBE10
2EE240
310680
332AB0
354270
375A30
3971E0
3B89A0
3D9280
3F9B60
41A440
43AD20
45A290
479800
498D70
4B82E0
4D60F0
4F3F00
511D00
52FB10
54BD60
567FC0
584210
5A0460
5BA5D0
5D4730
5EE8A0
608A00
620920
638840
650760
668680
67E250
693E20
6A99F0
6BF5C0
6D2800
6E5A30
6F8C70
70BEA0
71BE00
72BD70
73BCD0
74BC30
7590B0
766520
7739A0
780E10
78BCA0
796B40
7A19D0
7AC860
7B5090
7BD8C0
7C60F0
7CE920
7D4AA0
7DAC20
7E0D90
7E6F10
7EAE50
7EEDA0
7F2CE0
7F6C20
7F8BE0
7FABB0
7FCB70
7FEB30
7FF060
7FF590
7FFAC0
7FFFF0
7FF260
7FE4D0
7FD730
7FC9A0
7FA370
7F7D40
7F5710
7F30E0
7EEF00
7EAD30
7E6B50
7E2970
7DCB60
7D6D50
7D0F40
7CB130
7C34F0
7BB8B0
7B3C60
7AC020
7A2710
798E10
78F500
785BF0
77A7C0
76F390
763F60
758B30
74B920
73E700
7314F0
7242D0
714D80
705840
6F62F0
6E6DA0
6D5E40
6C4EF0
6B3F90
6A3030
690D40
67EA60
66C770
65A480
6470C0
633D00
620940
60D580
5F9480
5E5380
5D1270
5BD170
5A8730
593D00
57F2C0
56A880
5558A0
5408D0
52B8F0
516910
501890
4EC820
4D77A0
4C2720
4ADC30
499130
484640
46FB40
45B5E0
447080
432B10
41E5B0
40A700
3F6840
3E2990
3CEAD0
3BB5E0
3A8100
394C10
381720
36EF20
35C720
349F20
337720
325D20
314310
302910
2F0F00
2E0440
2CF980
2BEEB0
2AE3F0
29EAF0
28F1F0
27F8E0
26FFE0
261B80
253710
2452B0
236E40
229E90
21CEF0
20FF40
202F90
1F7500
1EBA70
1DFFE0
1D4550
1CA1F0
1BFE80
1B5B20
1AB7B0
1A2E00
19A460
191AB0
189100
181FD0
17AEA0
173D70
16CC40
1672C0
161940
15BFC0
156640
152590
14E4F0
14A440
146390
143D40
141700
13F0B0
13CA60
13BC50
13AE50
13A040
139230
139AC0
13A350
13ABD0
13B460
13D390
13F2C0
1411E0
143110
146740
149D60
14D390
1509B0
155440
159EC0
15E950
1633D0
169090
16ED50
174A10
17A6D0
1814D0
1882D0
18F0D0
195ED0
19DD50
1A5BD0
1ADA50
1B58D0
1BE520
1C7170
1CFDB0
1D8A00
1E21C0
1EB970
1F5130
1FE8E0
208A50
212BC0
21CD20
226E90
231800
23C170
246AD0
251440
25C340
267250
272150
27D050
2882B0
293510
29E760
2A99C0
2B4D30
2C00B0
2CB420
2D6790
2E19B0
2ECBE0
2F7E00
303020
30DF40
318E60
323D70
32EC90
3396F0
344140
34EBA0
3595F0
363930
36DC70
377FB0
3822F0
38BC80
395600
39EF90
3A8910
3B1800
3BA6F0
3C35D0
3CC4C0
3D4800
3DCB40
3E4E80
3ED1C0
3F4730
3FBC90
403200
40A760
410C50
417140
41D620
423B10
428FC0
42E480
433930
438DE0
43D250
4416B0
445B20
449F80
44D210
450490
453720
4569A0
458860
45A710
45C5D0
45E480
45F080
45FC70
460870
461460
460E50
460850
460240
45FC30
45E350
45CA60
45B180
459890
456B90
453E80
451180
44E470
44A540
446600
4426D0
43E790
4397B0
4347D0
42F7E0
42A800
424780
41E6F0
418670
4125E0
40B480
404320
3FD1C0
3F6060
3EE080
3E60A0
3DE0C0
3D60E0
3CD480
3C4820
3BBBC0
3B2F60
3A9760
39FF50
396750
38CF40
382C40
378940
36E640
364340
3597E0
34EC80
344110
3395B0
32E430
3232B0
318120
30CFA0
3019A0
2F63A0
2EAD90
2DF790
2D3EB0
2C85C0
2BCCE0
2B13F0
2A5A70
29A0F0
28E760
282DE0
2775E0
26BDE0
2605E0
254DE0
249980
23E520
2330B0
227C50
21CDE0
211F60
2070F0
1FC270
1F1B80
1E7490
1DCD90
1D26A0
1C88D0
1BEB00
1B4D20
1AAF50
1A1CD0
198A50
18F7D0
186550
17E0A0
175BE0
16D730
165270
15DC60
156640
14F030
147A10
1413A0
13AD20
1346B0
12E030
128B60
123690
11E1B0
118CE0
114C20
110B70
10CAB0
1089F0
105D20
103050
100370
0FD6A0
0FBDD0
0FA500
0F8C20
0F7350
0F7000
0F6CB0
0F6950
0F6600
0F7A20
0F8E30
0FA250
0FB660
0FE0D0
100B40
1035A0
106010
10A020
10E020
112030
116030
11B6B0
120D30
1263B0
12BA30
132870
1396B0
1404F0
147330
14F720
157B10
15FF00
1682F0
171B00
17B310
184B20
18E330
198F50
1A3B60
1AE780
1B9390
1C53F0
1D1450
1DD4B0
1E9510
1F6730
203960
210B80
21DDA0
22BF70
23A140
248310
2564E0
265570
274600
283690
292720
2A25C0
2B2450
2C22F0
2D2180
2E2B60
2F3550
303F30
314910
325BD0
336EA0
348160
359420
36AE20
37C820
38E210
39FC10
3B1BA0
3C3B40
3D5AD0
3E7A60
3F9D00
40BF90
41E230
4304C0
442800
454B30
466E70
4791A0
48B350
49D4F0
4AF6A0
4C1840
4D3610
4E53D0
4F71A0
508F60
51A730
52BF10
53D6E0
54EEB0
55FE80
570E50
581E20
592DF0
5A3350
5B38B0
5C3E00
5D4360
5E3BA0
5F33E0
602C20
612460
620E30
62F7F0
63E1C0
64CB80
65A560
667F50
675930
683310
68FAA0
69C240
6A89D0
6B5160
6C03E0
6CB670
6D68F0
6E1B70
6EB890
6F55C0
6FF2E0
709000
711730
719E70
7225A0
72ACD0
731C20
738B70
73FAC0
746A10
74BF30
751450
756960
75BE80
75FA00
763590
767110
76AC90
76CEC0
76F0F0
771320
773550
773CE0
774470
774BF0
775380
773EB0
7729E0
771510
770040
76D0B0
76A110
767180
7641E0
75F8A0
75AF60
756620
751CE0
74B990
745630
73F2E0
738F80
731140
729300
7214B0
719670
70FF80
7068A0
6FD1B0
6F3AC0
6E8D00
6DDF50
6D3190
6C83D0
6BBFB0
6AFB80
6A3760
697330
6898B0
67BE40
66E3C0
660940
651B40
642D30
633F30
625120
6151F0
6052D0
5F53A0
5E5470
5D4570
5C3670
5B2760
5A1860
58FAB0
57DCF0
56BF40
55A180
5477F0
534E50
5224C0
50FB20
4FC840
4E9550
4D6270
4C2F80
4AF540
49BB10
4880D0
474690
460710
44C780
438800
424870
410620
3FC3D0
3E8180
3D3F30
3BFC70
3AB9C0
397700
383440
36F380
35B2C0
347200
333140
31F500
30B8C0
2F7C80
2E4040
2D0A80
2BD4C0
2A9EF0
296930
283BF0
270EB0
25E160
24B420
2391F0
226FB0
214D80
202B40
1F16E0
1E0280
1CEE20
1BD9C0
1AD470
19CF10
18C9C0
17C460
16CF70
15DA70
14E580
13F080
130E40
122C00
1149B0
106770
0F9A90
0ECDB0
0E00D0
0D33F0
0C7CC0
0BC5A0
0B0E70
0A5740
09B650
091570
087480
07D390
074AD0
06C210
063950
05B090
054250
04D420
0465E0
03F7A0
03A330
034EC0
02FA50
02A5E0
026AF0
022FF0
01F500
01BA00
0199B0
017960
015910
0138C0
0134B0
0130A0
012C90
012880
013F30
0155E0
016C90
018340
01B3A0
01E400
021450
0244B0
028F10
02D980
0323E0
036E40
03D370
0438A0
049DC0
0502F0
0580C0
05FEA0
067C70
06FA40
078F00
0823D0
08B890
094D50
09F8A0
0AA3E0
0B4F30
0BFA70
0CBC10
0D7DB0
0E3F40
0F00E0
0FD650
10ABD0
118140
1256B0
133DD0
142500
150C20
15F340
16EAE0
17E270
18DA10
19D1A0
1AD8A0
1BDFA0
1CE690
1DED90
1F0160
201540
212910
223CE0
235B40
2479A0
259800
26B660
27DD80
2904B0
2A2BD0
2B52F0
2C8110
2DAF40
2EDD60
300B80
313E50
327110
33A3E0
34D6A0
360BD0
374100
387630
39AB60
3AE0D0
3C1630
3D4BA0
3E8100
3FB440
40E790
421AD0
434E10
447D60
45ACB0
46DC00
480B50
4934E0
4A5E70
4B8800
4CB190
4DD320
4EF4A0
501630
5137B0
524EC0
5365D0
547CD0
5593E0
569F30
57AA90
58B5E0
59C130
5ABF70
5BBDC0
5CBC00
5DBA40
5EA950
5F9860
608760
617670
6253D0
633130
640E90
64EBF0
65B740
668290
674DD0
681920
68D1B0
698A40
6A42C0
6AFB50
6B9F60
6C4360
6CE770
6D8B70
6E18F0
6EA670
6F33E0
6FC160
703890
70AFC0
7126F0
719E20
71FF10
725FF0
72C0E0
7321C0
736B30
73B490
73FE00
744760
7477B0
74A800
74D850
7508A0
7520E0
753920
755160
7569A0
756A80
756B70
756C50
756D30
755630
753F30
752820
751120
74E160
74B1B0
7481F0
745230
740B40
73C450
737D60
733670
72D980
727C90
721F90
71C2A0
714FD0
70DD00
706A30
6FF760
6F6EB0
6EE610
6E5D60
6DD4B0
6D37E0
6C9B10
6BFE40
6B6170
6AB200
6A0280
695310
68A390
67E230
6720D0
665F60
659E00
64CB40
63F880
6325C0
625300
6170D0
608EA0
5FAC70
5ECA40
5DDA50
5CEA60
5BFA70
5B0A80
5A0E10
5911A0
581520
5718B0
5610F0
550930
540160
52F9A0
51E850
50D700
4FC5B0
4EB460
4D9B30
4C8200
4B68C0
4A4F90
493000
481070
46F0E0
45D150
44ACF0
438890
426430
413FD0
401830
3EF080
3DC8E0
3CA130
3B77C0
3A4E60
3924F0
37FB80
36D210
35A890
347F20
3355A0
322E00
310650
2FDEB0
2EB700
2D9230
2C6D60
2B4880
2A23B0
2902D0
27E1E0
26C100
25A010
2484B0
236940
224DE0
213270
201E50
1F0A20
1DF600
1CE1D0
1BD590
1AC950
19BD10
18B0D0
17AD40
16A9A0
15A610
14A270
13A8E0
12AF60
11B5D0
10BC40
0FCE60
0EE080
0DF290
0D04B0
0C22A0
0B4080
0A5E70
097C50
08A660
07D070
06FA80
062490
055BE0
049320
03CA70
0301B0
024770
018D40
00D300
0018C0
FF6CC0
FEC0C0
FE14D0
FD68D0
FCCB10
FC2D40
FB8F80
FAF1C0
FA62E0
F9D3F0
F94510
F8B630
F83700
F7B7E0
F738B0
F6B990
F64990
F5D9A0
F569A0
F4F9B0
F49890
F43760
F3D640
F37520
F32320
F2D120
F27F20
F22D20
F1EAB0
F1A840
F165D0
F12360
F0EFC0
F0BC10
F08870
F054D0
F02F50
F009E0
EFE460
EFBEF0
EFA790
EF9030
EF78D0
EF6170
EF5810
EF4EC0
EF4560
EF3C10
EF3FF0
EF43D0
EF47C0
EF4BA0
EF5C00
EF6C60
EF7CD0
EF8D30
EFA9C0
EFC650
EFE2E0
EFFF70
F027E0
F05040
F078B0
F0A120
F0D480
F107E0
F13B40
F16EA0
F1AC30
F1E9B0
F22740
F264D0
F2ABE0
F2F300
F33A10
F38130
F3D130
F42120
F47120
F4C120
F51950
F57170
F5C9A0
F621D0
F68170
F6E120
F740C0
F7A070
F806E0
F86D50
F8D3D0
F93A40
F9A6D0
FA1360
FA7FF0
FAEC80
FB5E80
FBD070
FC4270
FCB470
FD2B30
FDA1E0
FE18A0
FE8F60
FF0A10
FF84D0
FFFF80
007A40
00F830
017610
01F400
0271E0
02F270
037310
03F3A0
047430
04F6F0
0579B0
05FC60
067F20
070360
078790
080BD0
089000
091500
0999F0
0A1EF0
0AA3E0
0B2930
0BAE70
0C33C0
0CB900
0D3E20
0DC350
0E4870
0ECD90
0F51F0
0FD650
105AB0
10DF10
116210
11E500
126800
12EAF0
136C20
13ED60
146E90
14EFC0
156ED0
15EDF0
166D00
16EC10
176870
17E4E0
186140
18DDA0
1956C0
19CFF0
1A4910
1AC230
1B37D0
1BAD70
1C2310
1C98B0
1D0A80
1D7C50
1DEE10
1E5FE0
1ECD70
1F3B00
1FA880
201610
207EF0
20E7C0
2150A0
21B970
221D50
228130
22E510
2348F0
23A790
240640
2464E0
24C380
251C90
257590
25CEA0
2627A0
267AA0
26CD90
272090
277380
27C050
280D10
2859E0
28A6A0
28ED00
293360
2979C0
29C020
29FFD0
2A3F80
2A7F30
2ABEE0
2AF7A0
2B3060
2B6920
2BA1E0
2BD370
2C0500
2C3690
2C6820
2C9240
2CBC70
2CE690
2D10B0
2D3310
2D5580
2D77E0
2D9A40
2DB480
2DCED0
2DE910
2E0350
2E1570
2E2790
2E39A0
2E4BC0
2E55A0
2E5F80
2E6950
2E7330
2E7490
2E75E0
2E7740
2E7890
2E7120
2E69B0
2E6240
2E5AD0
2E4AA0
2E3A70
2E2A40
2E1A10
2E0120
2DE830
2DCF30
2DB640
2D9450
2D7260
2D5070
2D2E80
2D0350
2CD820
2CACE0
2C81B0
2C4D70
2C1940
2BE500
2BB0C0
2B73B0
2B36A0
2AF990
2ABC80
2A7680
2A3080
29EA80
29A480
295570
290660
28B750
286840
281080
27B8C0
2760F0
270930
26A910
2648E0
25E8C0
258890
252000
24B780
244EF0
23E660
237550
230450
229340
222230
21A950
213060
20B780
203E90
1FBE60
1F3E20
1EBDF0
1E3DB0
1DB650
1D2EF0
1CA790
1C2030
1B91C0
1B0350
1A74D0
19E660
1951B0
18BD00
182850
1793A0
16F970
165F40
15C510
152AE0
148B90
13EC50
134D00
12ADB0
120990
116580
10C160
101D40
0F7550
0ECD60
0E2570
0D7D80
0CD2A0
0C27C0
0B7CE0
0AD200
0A24C0
097780
08CA40
081D00
076DE0
06BEB0
060F90
056060
04B070
040090
0350A0
02A0B0
01F100
014160
0091B0
FFE200
FF3360
FE84D0
FDD630
FD27A0
FC7AE0
FBCE20
FB2170
FA74B0
F9CAE0
F92100
F87730
F7CD60
F72770
F68170
F5DB80
F53590
F49460
F3F340
F35210
F2B0F0
F21590
F17A20
F0DEC0
F04360
EFAEB0
EF19F0
EE8540
EDF090
ED6370
ECD650
EC4930
EBBC10
EB3790
EAB310
EA2E90
E9AA10
E92F50
E8B4A0
E839E0
E7BF30
E74ED0
E6DE70
E66E20
E5FDC0
E59860
E53300
E4CDA0
E46840
E40ED0
E3B560
E35C00
E30290
E2B630
E269D0
E21D70
E1D110
E19210
E15300
E11400
E0D500
E0A3B0
E07250
E04100
E00FB0
DFECF0
DFCA40
DFA780
DF84D0
DF71C0
DF5EC0
DF4BB0
DF38B0
DF3510
DF3180
DF2DE0
DF2A50
DF3610
DF41D0
DF4D90
DF5950
DF7510
DF90C0
DFAC80
DFC840
DFF4D0
E02150
E04DE0
E07A70
E0B710
E0F3B0
E13050
E16CF0
E1B920
E20540
E25170
E29DA0
E2F9A0
E35590
E3B190
E40D90
E479D0
E4E610
E55260
E5BEA0
E63A00
E6B560
E730D0
E7AC30
E835B0
E8BF30
E948C0
E9D240
EA69C0
EB0140
EB98D0
EC3050
ECD5D0
ED7B60
EE20E0
EEC670
EF7870
F02A70
F0DC70
F18E70
F24B90
F308A0
F3C5C0
F482E0
F54A70
F61210
F6D9A0
F7A140
F872D0
F94460
FA15F0
FAE780
FBC150
FC9B10
FD74E0
FE4EB0
FF2F30
000FB0
00F020
01D0A0
02B6C0
039CE0
0482F0
056910
0653E0
073EA0
082970
091430
0A01E0
0AEF80
0BDD30
0CCAD0
0DB9B0
0EA890
0F9770
108650
117500
1263B0
135250
144100
152E10
161B10
170820
17F520
18DEF0
19C8C0
1AB290
1B9C60
1C8180
1D6690
1E4BB0
1F30C0
200F90
20EE60
21CD30
22AC00
2382E0
2459C0
2530A0
260780
26D520
27A2C0
287060
293E00
2A0120
2AC430
2B8750
2C4A60
2D0140
2DB820
2E6EF0
2F25D0
2FCE90
307740
312000
31C8B0
3262A0
32FCA0
339690
343080
34BAF0
354550
35CFC0
365A20
36D380
374CD0
37C630
383F80
38A600
390C70
3972F0
39D960
3A2D00
3A80A0
3AD440
3B27E0
3B6880
3BA910
3BE9B0
3C2A40
3C56A0
3C8300
3CAF50
3CDBB0
3CF250
3D08F0
3D1F90
3D3630
3D37E0
3D3980
3D3B30
3D3CD0
3D29F0
3D1720
3D0440
3CF160
3CC960
3CA160
3C7950
3C5150
3C1330
3BD500
3B96E0
3B58B0
3B05C0
3AB2E0
3A5FF0
3A0D00
39A660
393FD0
38D930
387290
37F830
377DC0
370360
3688F0
35FA60
356BD0
34DD40
344EB0
33ADF0
330D20
326C60
31CB90
311A40
3068E0
2FB790
2F0630
2E44D0
2D8380
2CC220
2C00C0
2B2FB0
2A5EA0
298D90
28BC80
27DE20
26FFB0
262150
2542E0
245930
236F80
2285D0
219C20
20A860
1FB4A0
1EC0D0
1DCD10
1CD060
1BD3A0
1AD6F0
19DA30
18D6F0
17D3A0
16D060
15CD10
14C570
13BDD0
12B630
11AE90
10A450
0F9A10
0E8FD0
0D8590
0C7A60
0B6F30
0A6400
0958D0
084F00
074530
063B60
053190
042B40
032500
021EB0
011860
0017B0
FF1700
FE1660
FD15B0
FC1CE0
FB2410
FA2B50
F93280
F84360
F75430
F66510
F575F0
F49230
F3AE80
F2CAC0
F1E710
F11100
F03AF0
EF64E0
EE8ED0
EDC8E0
ED02E0
EC3CF0
EB7700
EAC240
EA0D80
E958D0
E8A410
E801D0
E75F80
E6BD40
E61B00
E58D50
E4FFB0
E47200
E3E460
E36DC0
E2F720
E28090
E209F0
E1AAA0
E14B40
E0EBF0
E08CA0
E04510
DFFD80
DFB5F0
DF6E60
DF4050
DF1230
DEE420
DEB610
DEA390
DE9100
DE7E80
DE6C00
DE7470
DE7CD0
DE8540
DE8DB0
DEB0B0
DED3C0
DEF6C0
DF19D0
DF58A0
DF9770
DFD640
E01510
E07130
E0CD50
E12980
E185A0
E1FD90
E27570
E2ED60
E36550
E3F7D0
E48A50
E51CD0
E5AF50
E65CC0
E70A40
E7B7B0
E86530
E92E60
E9F790
EAC0D0
EB8A00
EC6CA0
ED4F30
EE31D0
EF1470
F00E90
F108A0
F202C0
F2FCE0
F40E00
F51F20
F63050
F74170
F86970
F99170
FAB980
FBE180
FD1D80
FE5990
FF9590
00D1A0
021F40
036CD0
04BA70
060800
0765E0
08C3C0
0A21A0
0B7F80
0CEC90
0E59A0
0FC6B0
1133C0
12ACF0
142620
159F40
171870
189AF0
1A1D70
1B9FF0
1D2270
1EAC40
203610
21BFD0
2349A0
24D8C0
2667E0
27F6F0
298610
2B1790
2CA910
2E3A80
2FCC00
315D20
32EE40
347F50
361070
379EA0
392CE0
3ABB10
3C4940
3DD1F0
3F5A90
40E340
426BE0
43EC80
456D20
46EDC0
486E60
49E490
4B5AB0
4CD0E0
4E4700
4FAFE0
5118D0
5281B0
53EA90
554330
569BC0
57F460
594CF0
5A9380
5BDA20
5D20B0
5E6740
5F9A00
60CCC0
61FF80
633240
644E80
656AB0
6686F0
67A320
68A5C0
69A870
6AAB10
6BADB0
6C95F0
6D7E30
6E6670
6F4EB0
701B90
70E860
71B540
728210
733120
73E030
748F40
753E50
75CCC0
765B30
76E9A0
777810
77E640
785460
78C290
7930B0
797E90
79CC60
7A1A40
7A6810
7A93E0
7ABFB0
7AEB70
7B1740
7B1EC0
7B2640
7B2DC0
7B3540
7B19F0
7AFEA0
7AE350
7AC800
7A8AE0
7A4DC0
7A1090
79D370
7973B0
7913E0
78B420
785450
77D0A0
774CE0
76C930
764570
75A020
74FAD0
745580
73B030
72EB30
722630
716130
709C30
6FB7A0
6ED310
6DEE80
6D09F0
6C05A0
6B0150
69FCF0
68F8A0
67D790
66B680
659560
647450
633920
61FDE0
60C2B0
5F8770
5E3330
5CDF00
5B8AC0
5A3680
58CA30
575DD0
55F180
548520
530400
5182F0
5001D0
4E80B0
4CEDD0
4B5AF0
49C810
483530
469290
44EFF0
434D50
41AAB0
3FFA30
3E49B0
3C9920
3AE8A0
392DA0
377290
35B790
33FC80
323A10
3077A0
2EB530
2CF2C0
2B2BA0
296480
279D50
25D630
240D20
224410
207AF0
1EB1E0
1CE9C0
1B21A0
195980
179160
15CD00
1408B0
124450
107FF0
0EC260
0D04D0
0B4740
0989B0
07D630
0622B0
046F20
02BBA0
011450
FF6D00
FDC5C0
FC1E70
FA85A0
F8ECD0
F75400
F5BB30
F433F0
F2ACB0
F12580
EF9E40
EE2C10
ECB9E0
EB47B0
E9D580
E87970
E71D70
E5C160
E46560
E320E0
E1DC50
E097D0
DF5350
DE2910
DCFED0
DBD490
DAAA50
D99D90
D890D0
D78410
D67750
D58800
D498C0
D3A970
D2BA30
D1E8B0
D11730
D045B0
CF7430
CEC290
CE10F0
CD5F50
CCADB0
CC1E90
CB8F70
CB0060
CA7140
CA0370
C99590
C927C0
C8B9F0
C86CB0
C81F60
C7D220
C784E0
C75950
C72DD0
C70240
C6D6C0
C6CEA0
C6C690
C6BE70
C6B660
C6CF80
C6E8A0
C701D0
C71AF0
C75390
C78C30
C7C4E0
C7FD80
C855D0
C8AE20
C90680
C95ED0
C9D760
CA4FF0
CAC890
CB4120
CBD700
CC6CE0
CD02C0
CD98A0
CE4940
CEF9F0
CFAA90
D05B40
D125D0
D1F060
D2BB00
D38590
D46980
D54D60
D63150
D71540
D80F10
D908E0
DA02C0
DAFC90
DC0950
DD1610
DE22D0
DF2F90
E04D60
E16B20
E288F0
E3A6C0
E4D3D0
E600F0
E72E00
E85B20
E99420
EACD20
EC0630
ED3F30
EE8110
EFC2E0
F104C0
F246A0
F38EC0
F4D6D0
F61EF0
F76710
F8B2D0
F9FE80
FB4A40
FC9600
FDE260
FF2EB0
007B10
01C770
031190
045BB0
05A5D0
06EFF0
0834C0
0979A0
0ABE70
0C0340
0D3F80
0E7BD0
0FB810
10F450
1225E0
135760
1488F0
15BA70
16DF00
1803A0
192830
1A4CC0
1B6150
1C75D0
1D8A60
1E9EE0
1F9FE0
20A0D0
21A1D0
22A2C0
238F20
247B80
2567D0
265430
272AA0
280110
28D770
29ADE0
2A6BA0
2B2950
2BE710
2CA4C0
2D4680
2DE850
2E8A10
2F2BD0
2FB1C0
3037C0
30BDB0
3143A0
31AD80
321760
328140
32EB20
3336E0
3382A0
33CE50
341A10
344510
347020
349B20
34C620
34D1B0
34DD40
34E8D0
34F460
34E150
34CE30
34BB20
34A800
347510
344230
340F40
33DC50
3387E0
333360
32DEF0
328A70
3216D0
31A330
312F90
30BBF0
302B00
2F9A10
2F0910
2E7820
2DC9C0
2D1B60
2C6CF0
2BBE90
2AF230
2A25D0
295960
288D00
27A5D0
26BEA0
25D760
24F030
23F0E0
22F190
21F230
20F2E0
1FDC70
1EC610
1DAFA0
1C9930
1B6C60
1A3F90
1912C0
17E5F0
16A650
1566B0
142710
12E770
119830
1048E0
0EF9A0
0DAA50
0C4D60
0AF080
099390
0836A0
06CE00
056550
03FCB0
029400
012320
FFB230
FE4150
FCD070
FB5A90
F9E4B0
F86ED0
F6F8F0
F580D0
F408B0
F290A0
F11880
EFA0F0
EE2970
ECB1E0
EB3A60
E9C680
E85290
E6DEB0
E56AD0
E3FD80
E29030
E122F0
DFB5A0
DE5220
DCEEA0
DB8B20
DA27A0
D8D150
D77B00
D624C0
D4CE70
D38790
D240B0
D0F9E0
CFB300
CE7DE0
CD48C0
CC13A0
CADE80
C9BE50
C89E20
C77DF0
C65DC0
C55620
C44E80
C346F0
C23F50
C15160
C06370
BF7580
BE8790
BDB4A0
BCE1C0
BC0ED0
BB3BF0
BA86F0
B9D1E0
B91CE0
B867E0
B7D420
B74050
B6AC90
B618D0
B5A630
B53380
B4C0E0
B44E40
B3FCF0
B3ABB0
B35A60
B30920
B2DB60
B2AD90
B27FD0
B25210
B24A90
B24310
B23B90
B23410
B25160
B26EB0
B28C00
B2A950
B2EA80
B32BB0
B36CF0
B3AE20
B41470
B47AB0
B4E100
B54750
B5D480
B661A0
B6EED0
B77C00
B82D70
B8DED0
B99040
BA41B0
BB1550
BBE8F0
BCBCA0
BD9040
BE8620
BF7C00
C071F0
C167D0
C28070
C39910
C4B1C0
C5CA60
C70260
C83A50
C97250
CAAA50
CBFEC0
CD5330
CEA7A0
CFFC10
D16BD0
D2DB90
D44B50
D5BB10
D74540
D8CF80
DA59B0
DBE3F0
DD84D0
DF25B0
E0C690
E26770
E41BA0
E5CFC0
E783F0
E93820
EAFD70
ECC2B0
EE8800
F04D50
F221C0
F3F630
F5CAB0
F79F20
F97EE0
FB5E90
FD3E50
FF1E10
010580
02ED00
04D470
06BBE0
08A810
0A9450
0C8080
0E6CB0
105AB0
1248A0
1436A0
162490
1810E0
19FD20
1BE970
1DD5B0
1FBD00
21A450
238B90
2572E0
2751C0
2930A0
2B0F80
2CEE60
2EC130
309400
3266C0
343990
35FDA0
37C1B0
3985C0
3B49D0
3CFC70
3EAF20
4061C0
421460
43B210
454FB0
46ED60
488B00
4A0FC0
4B9480
4D1930
4E9DF0
500840
5172A0
52DCF0
544740
559570
56E3A0
5831C0
597FF0
5AAEC0
5BDD90
5D0C50
5E3B20
5F46E0
6052A0
615E60
626A20
635290
643B00
652360
660BD0
66D040
6794B0
685910
691D80
69BB60
6A5940
6AF720
6B9500
6C0930
6C7D60
6CF190
6D65C0
6DB150
6DFCE0
6E4870
6E9400
6EB780
6EDB00
6EFE70
6F21F0
6F1BC0
6F1590
6F0F60
6F0930
6ED740
6EA540
6E7350
6E4150
6DE5C0
6D8A20
6D2E90
6CD2F0
6C4F50
6BCBC0
6B4820
6AC480
6A1870
696C60
68C040
681430
673EB0
666940
6593C0
64BE40
63C260
62C690
61CAB0
60CED0
5FAF20
5E8F60
5D6FB0
5C4FF0
5B0D10
59CA20
588740
574450
55DE90
5478D0
531300
51AD40
502830
4EA330
4D1E20
4B9910
49F7E0
4856B0
46B580
451450
4358C0
419D20
3FE190
3E25F0
3C5180
3A7D20
38A8B0
36D440
34EAB0
330120
311790
2F2E00
2D32B0
2B3760
293C00
2740B0
253630
232BB0
212130
1F16B0
1CFF90
1AE880
18D160
16BA40
149A00
1279C0
105970
0E3930
0C1310
09ECF0
07C6D0
05A0B0
0377E0
014F10
FF2630
FCFD60
FAD530
F8AD00
F684D0
F45CA0
F237E0
F01320
EDEE60
EBC9A0
E9AB10
E78C90
E56E00
E34F80
E13A80
DF2580
DD1090
DAFB90
D8F3C0
D6EBF0
D4E420
D2DC50
D0E3A0
CEEAF0
CCF250
CAF9A0
C91220
C72AB0
C54330
C35BC0
C188B0
BFB5A0
BDE2A0
BC0F90
BA5490
B89990
B6DEA0
B523A0
B38180
B1DF70
B03D50
AE9B40
AD1320
AB8B10
AA02F0
A87AE0
A70F70
A5A400
A438A0
A2CD30
A18190
A035F0
9EEA60
9D9EC0
9C72B0
9B46B0
9A1AA0
98EEA0
97E260
96D620
95C9E0
94BDA0
93D310
92E890
91FE00
911380
904D10
8F86A0
8EC030
8DF9C0
8D5630
8CB2A0
8C0F10
8B6B80
8AEA10
8A68A0
89E740
8965D0
890790
88A940
884B00
87ECC0
87B310
877960
873FB0
870600
86EEE0
86D7C0
86C0B0
86A990
86B380
86BD70
86C760
86D150
86FC50
872760
875260
877D70
87C9F0
881670
8862F0
88AF70
891AE0
898650
89F1C0
8A5D30
8AE570
8B6DB0
8BF5F0
8C7E30
8D2260
8DC690
8E6AD0
8F0F00
8FCE70
908DF0
914D60
920CE0
92E4E0
93BCE0
9494E0
956CE0
965B00
974920
983740
992560
9A27F0
9B2A90
9C2D20
9D2FC0
9E4530
9F5AB0
A07020
A185A0
A2AB60
A3D130
A4F6F0
A61CC0
A75070
A88430
A9B7E0
AAEBA0
AC2B20
AD6AA0
AEAA30
AFE9B0
B132D0
B27BE0
B3C500
B50E20
B65EA0
B7AF20
B8FFB0
BA5030
BBA5F0
BCFBB0
BE5180
BFA740
C0FFE0
C25880
C3B130
C509D0
C662B0
C7BB90
C91480
CA6D60
CBC500
CD1C90
CE7430
CFCBD0
D12080
D27540
D3C9F0
D51EB0
D66E30
D7BDB0
D90D30
DA5CB0
DBA460
DCEC10
DE33C0
DF7B70
E0BA70
E1F980
E33880
E47790
E5ACF0
E6E250
E817B0
E94D10
EA76C0
EBA070
ECCA30
EDF3E0
EF0F90
F02B40
F14700
F262B0
F37050
F47DE0
F58B80
F69920
F79850
F89770
F996A0
FA95D0
FB8500
FC7420
FD6350
FE5280
FF2FD0
000D20
00EA70
01C7C0
0293E0
035FF0
042C10
04F820
05B350
066E90
0729C0
07E4F0
088E60
0937C0
09E130
0A8A90
0B2100
0BB770
0C4DD0
0CE440
0D68E0
0DED80
0E7220
0EF6C0
0F6A80
0FDE40
1051F0
10C5B0
112840
118AE0
11ED70
125000
12A100
12F1F0
1342F0
1393E0
13D4D0
1415D0
1456C0
1497B0
14C9F0
14FC20
152E60
156090
158480
15A880
15CC70
15F060
160670
161C80
163280
164890
165240
165C00
1665B0
166F60
166E30
166CF0
166BC0
166A80
165F40
165410
1648D0
163D90
162920
1614B0
160040
15EBD0
15CFD0
15B3D0
1597C0
157BC0
1559A0
153770
151550
14F320
14CC20
14A520
147E10
145710
142C90
140210
13D790
13AD10
138050
135390
1326D0
12FA10
12CC50
129E90
1270C0
124300
1215A0
11E840
11BAE0
118D80
116210
1136A0
110B20
10DFB0
10B710
108E70
1065C0
103D20
101830
0FF340
0FCE50
0FA960
0F8990
0F69C0
0F49F0
0F2A20
0F1110
0EF7F0
0EDEE0
0EC5C0
0EB3B0
0EA1A0
0E8F80
0E7D70
0E72E0
0E6850
0E5DB0
0E5320
0E5130
0E4F50
0E4D60
0E4B70
0E5390
0E5BC0
0E63E0
0E6C00
0E7E00
0E9010
0EA210
0EB410
0ECFF0
0EEBD0
0F07A0
0F2380
0F4A10
0F70A0
0F9720
0FBDB0
0FEFF0
102240
105480
1086C0
10C410
110160
113EA0
117BF0
11C3D0
120BB0
125390
129B70
12EE50
134120
139400
13E6D0
144540
14A3B0
150210
156080
15C970
163250
169B40
170420
1776A0
17E930
185BB0
18CE30
194A30
19C630
1A4230
1ABE30
1B43A0
1BC920
1C4E90
1CD400
1D61C0
1DEF80
1E7D30
1F0AF0
1F9FF0
2034E0
20C9E0
215ED0
21FA90
229640
233200
23CDB0
246FD0
2511F0
25B410
265630
26FD50
27A470
284B80
28F2A0
299D70
2A4850
2AF320
2B9DF0
2C4BA0
2CF950
2DA700
2E54B0
2F0460
2FB410
3063B0
311360
31C3C0
327420
332470
33D4D0
3484B0
353480
35E460
369430
374270
37F0B0
389EE0
394D20
39F8B0
3AA440
3B4FC0
3BFB50
3CA2F0
3D4AA0
3DF240
3E99E0
3F3C80
3FDF20
4081C0
412460
41C0B0
425D10
42F960
4395B0
442A50
44BF00
4553A0
45E840
467470
4700B0
478CE0
481910
489C00
491EF0
49A1D0
4A24C0
4A9D40
4B15B0
4B8E30
4C06A0
4C7350
4CE010
4D4CC0
4DB970
4E19E0
4E7A50
4EDAC0
4F3B30
4F8ED0
4FE270
503600
5089A0
50CF60
511510
515AD0
51A080
51D710
520DA0
524430
527AC0
52A220
52C980
52F0E0
531840
533040
534840
536030
537830
538000
5387C0
538F90
539750
538DE0
538480
537B10
5371A0
535750
533D10
5322C0
530870
52DD70
52B270
528770
525C70
522040
51E410
51A7D0
516BA0
511DA0
50CF90
508190
503380
4FD440
4F7500
4F15C0
4EB680
4E4680
4DD690
4D6690
4CF690
4C75B0
4BF4C0
4B73E0
4AF2F0
4A60C0
49CE90
493C60
48AA30
4807B0
476540
46C2C0
462040
456E50
44BC60
440A70
435880
429750
41D610
4114E0
4053A0
3F8330
3EB2D0
3DE260
3D11F0
3C3380
3B5520
3A76B0
399840
38ACE0
37C180
36D620
35EAC0
34F2F0
33FB20
330350
320B80
3107B0
3003D0
2F0000
2DFC20
2CEDB0
2BDF30
2AD0C0
29C240
28AA60
279280
267AA0
2562C0
244260
232200
220190
20E130
1FB920
1E9110
1D6900
1C40F0
1B1280
19E420
18B5B0
178740
1653C0
152040
13ECC0
12B940
1181B0
104A30
0F12A0
0DDB10
0CA080
0B65E0
0A2B50
08F0B0
07B470
067830
053BF0
03FFB0
02C320
018680
0049F0
FF0D50
FDD190
FC95D0
FB5A20
FA1E60
F8E4C0
F7AB10
F67170
F537D0
F40180
F2CB30
F194F0
F05EA0
EF2CE0
EDFB30
ECC970
EB97C0
EA6BE0
E94010
E81430
E6E860
E5C3C0
E49F30
E37A90
E25600
E139B0
E01D50
DF0100
DDE4B0
DCD1B0
DBBEB0
DAABC0
D998C0
D89060
D78800
D67FA0
D57740
D47AE0
D37E80
D28230
D185D0
D09640
CFA6A0
CEB710
CDC780
CCE580
CC0380
CB2190
CA3F90
C96C60
C89930
C7C610
C6F2E0
C62FF0
C56CF0
C4AA00
C3E710
C334B0
C28240
C1CFE0
C11D80
C07C20
BFDAD0
BF3970
BE9820
BE08E0
BD7990
BCEA50
BC5B10
BBDF10
BB6300
BAE700
BA6B00
BA0240
B99980
B930D0
B8C810
B872C0
B81D70
B7C820
B772D0
B731C0
B6F0B0
B6AFA0
B66E90
B642C0
B616F0
B5EB30
B5BF60
B5A860
B59150
B57A50
B56350
B560D0
B55E40
B55BC0
B55940
B56BB0
B57E20
B59090
B5A300
B5CB00
B5F300
B61B10
B64310
B67FD0
B6BCA0
B6F960
B73630
B78710
B7D800
B828E0
B879D0
B8DEF0
B94410
B9A940
BA0E60
BA8810
BB01C0
BB7B80
BBF530
BC8230
BD0F20
BD9C20
BE2920
BEC850
BF6790
C006C0
C0A600
C15720
C20840
C2B970
C36A90
C42D80
C4F060
C5B350
C67640
C74960
C81C90
C8EFB0
C9C2E0
CAA4E0
CB86E0
CC68E0
CD4AE0
CE3B00
CF2B10
D01B30
D10B50
D208F0
D30690
D40440
D501E0
D60B40
D714A0
D81E10
D92770
DA3B00
DB4E80
DC6210
DD75A0
DE9240
DFAEE0
E0CB80
E1E820
E30CD0
E43180
E55630
E67AE0
E7A5C0
E8D0A0
E9FB80
EB2660
EC55B0
ED8500
EEB460
EFE3B0
F11610
F24860
F37AC0
F4AD20
F5E110
F714F0
F848E0
F97CD0
FAB0A0
FBE460
FD1830
FE4C00
FF7E00
00B000
01E200
031400
044290
057130
069FC0
07CE50
08F7D0
0A2140
0B4AC0
0C7430
0D9710
0EB9F0
0FDCC0
10FFA0
121A70
133530
145000
156AC0
167BB0
178CB0
189DA0
19AE90
1AB3D0
1BB900
1CBE40
1DC370
1EBBF0
1FB460
20ACE0
21A550
228FF0
237A90
246530
254FD0
262B00
270620
27E150
28BC70
298650
2A5030
2B1A00
2BE3E0
2C9BE0
2D53E0
2E0BE0
2EC3E0
2F6960
300ED0
30B450
3159C0
31EB30
327CB0
330E20
339F90
341B50
349700
3512C0
358E70
35F490
365AB0
36C0C0
3726E0
377750
37C7C0
381820
386890
38A230
38DBE0
391580
394F20
3970A0
399230
39B3B0
39D530
39DF50
39E980
39F3A0
39FDC0
39F100
39E440
39D770
39CAB0
39A670
398230
395DE0
3939A0
38FD00
38C060
3883C0
384720
37F370
379FD0
374C20
36F870
368EC0
362520
35BB70
3551C0
34D210
345260
33D2A0
3352F0
32BCF0
3226E0
3190E0
30FAD0
305040
2FA5B0
2EFB20
2E5090
2D9300
2CD580
2C17F0
2B5A60
2A8A70
29BA80
28EA80
281A90
2738A0
2656B0
2574C0
2492D0
23A0F0
22AF10
21BD20
20CB40
1FCB30
1ECB20
1DCB10
1CCB00
1BBDF0
1AB0D0
19A3C0
1896A0
177D80
166460
154B40
143220
130F10
11EC10
10C900
0FA5F0
0E7AF0
0D4FE0
0C24E0
0AF9D0
09C860
0896F0
076580
063410
04FDD0
03C790
029150
015B10
0021E0
FEE8B0
FDAF90
FC7660
FB3C10
FA01C0
F8C780
F78D30
F65390
F519F0
F3E050
F2A6B0
F16F90
F03880
EF0160
EDCA50
EC9760
EB6470
EA3180
E8FE90
E7D160
E6A420
E576F0
E449C0
E32440
E1FEC0
E0D940
DFB3C0
DE9820
DD7C90
DC60F0
DB4560
DA3490
D923C0
D81300
D70230
D5FD40
D4F840
D3F350
D2EE60
D1F710
D0FFD0
D00880
CF1140
CE29C0
CD4230
CC5AB0
CB7330
CA9BA0
C9C410
C8EC90
C81500
C74DD0
C686A0
C5BF70
C4F840
C442E0
C38D80
C2D830
C222D0
C18110
C0DF50
C03D90
BF9BD0
BF0D20
BE7E70
BDEFC0
BD6110
BCE520
BC6940
BBED50
BB7170
BB0940
BAA100
BA38D0
B9D0A0
B97D50
B92A00
B8D6C0
B88370
B843E0
B80450
B7C4D0
B78540
B75890
B72BE0
B6FF40
B6D290
B6B910
B69F90
B68610
B66C90
B666E0
B66120
B65B70
B655C0
B66210
B66E70
B67AC0
B68720
B6A410
B6C100
B6DE00
B6FAF0
B72830
B75560
B782A0
B7AFE0
B7ED50
B82AB0
B86820
B8A590
B8F100
B93C80
B987F0
B9D370
BA2B20
BA82C0
BADA70
BB3220
BB94F0
BBF7D0
BC5AA0
BCBD80
BD2A90
BD97B0
BE04C0
BE71E0
BEE710
BF5C50
BFD180
C046C0
C0C220
C13D90
C1B8F0
C23460
C2B470
C33490
C3B4A0
C434C0
C4B800
C53B40
C5BE80
C641C0
C6C630
C74AB0
C7CF20
C853A0
C8D770
C95B40
C9DF10
CA62E0
CAE430
CB6580
CBE6D0
CC6820
CCE4E0
CD61A0
CDDE70
CE5B30
CED200
CF48D0
CFBFB0
D03680
D0A5F0
D11560
D184D0
D1F440
D25A60
D2C080
D326A0
D38CC0
D3E760
D44200
D49CB0
D4F750
D545B0
D59420
D5E280
D630F0
D67230
D6B380
D6F4C0
D73610
D76870
D79AC0
D7CD20
D7FF80
D820D0
D84210
D86360
D884B0
D89510
D8A570
D8B5D0
D8C630
D8C580
D8C4D0
D8C430
D8C380
D8B060
D89D50
D88A30
D87720
D84FF0
D828B0
D80180
D7DA50
D79FF0
D76580
D72B20
D6F0C0
D6A3C0
D656D0
D609D0
D5BCE0
D55C80
D4FC30
D49BD0
D43B80
D3C690
D35190
D2DCA0
D267B0
D1E000
D15850
D0D0A0
D048F0
CFAFF0
CF16F0
CE7DF0
CDE4F0
CD3AD0
CC90B0
CBE690
CB3C70
CA8130
C9C5F0
C90AC0
C84F80
C78500
C6BA90
C5F010
C525A0
C44D90
C37580
C29D70
C1C560
C0E070
BFFB90
BF16A0
BE31C0
BD4080
BC4F40
BB5E00
BA6CC0
B97170
B87630
B77AE0
B67FA0
B57CB0
B479C0
B376D0
B273E0
B16980
B05F20
AF54C0
AE4A60
AD37A0
AC24D0
AB1210
A9FF50
A8EA10
A7D4E0
A6BFA0
A5AA70
A49770
A38460
A27160
A15E60
A05070
9F4280
9E34A0
9D26B0
9C2130
9B1BB0
9A1640
9910C0
981710
971D70
9623C0
952A20
943EB0
935350
9267E0
917C80
90A5A0
8FCED0
8EF7F0
8E2120
8D6820
8CAF20
8BF630
8B3D30
8A9B90
89FA00
895860
88B6D0
882920
879B70
870DC0
868010
860680
858D00
851370
8499F0
8433A0
83CD50
836700
8300B0
82ADA0
825A90
820790
81B480
817260
813030
80EE10
80ABF0
8080F0
8055F0
802B00
800000
800000
800000
800000
800000
800000
800000
800000
800000
800000
800000
800000
800000
800000
800000
800000
800000
802E30
805C70
808AA0
80B8E0
810760
8155D0
81A450
81F2D0
825EF0
82CB20
833740
83A370
843950
84CF30
856510
85FAF0
86CA40
879990
8868F0
893840
8A3350
8B2E70
8C2980
8D24A0
8E4350
8F61F0
9080A0
919F50
92E0E0
942260
9563F0
96A580
980780
996990
9ACB90
9C2DA0
9DAD10
9F2C90
A0AC00
A22B80
A3C5A0
A55FC0
A6F9F0
A89410
AA4590
ABF700
ADA880
AF5A00
B11EE0
B2E3B0
B4A890
B66D70
B844D0
BA1C20
BBF380
BDCAE0
BFB320
C19B50
C38390
C56BD0
C76310
C95A60
CB51A0
CD48F0
CF4E00
D15310
D35820
D55D30
D76CB0
D97C30
DB8BB0
DD9B30
DFB210
E1C8F0
E3DFE0
E5F6C0
E812E0
EA2F00
EC4B30
EE6750
F086B0
F2A610
F4C570
F6E4D0
F903F0
FB2310
FD4230
FF6150
017D10
0398C0
05B480
07D030
09E580
0BFAD0
0E1010
102560
123110
143CB0
164860
185400
1A53A0
1C5330
1E52D0
205260
224380
243490
2625B0
2816C0
29F640
2BD5C0
2DB530
2F94B0
315F20
332990
34F400
36BE70
387250
3A2630
3BDA00
3D8DE0
3F2970
40C4F0
426080
43FC00
457C50
46FCB0
487D00
49FD50
4B5F30
4CC110
4E22F0
4F84D0
50C7B0
520A80
534D60
549030
55B330
56D630
57F920
591C20
5A1CE0
5B1DA0
5C1E60
5D1F20
5DFAC0
5ED670
5FB210
608DB0
6144D0
61FBF0
62B300
636A20
63FCE0
648FB0
652270
65B530
662200
668EE0
66FBB0
676880
67AD50
67F220
6836F0
687BC0
689A20
68B890
68D6F0
68F550
68EE60
68E770
68E080
68D990
68ACA0
687FB0
6852B0
6825C0
67D1A0
677D90
672970
66D550
665C80
65E3B0
656AE0
64F210
645680
63BAF0
631F50
6283C0
61C5C0
6107C0
6049B0
5F8BB0
5EAB40
5DCAC0
5CEA50
5C09D0
5B09E0
5A09E0
5909F0
5809F0
56ED00
55D010
54B310
539620
525D70
5124D0
4FEC20
4EB370
4D6010
4C0CB0
4AB950
4965F0
47FB10
469030
452550
43BA70
423AE0
40BB60
3F3BD0
3DBC40
3C2A10
3A97F0
3905C0
377390
35D0C0
342DF0
328B20
30E850
2F37E0
2D8780
2BD710
2A26A0
286B70
26B040
24F510
2339E0
217680
1FB320
1DEFB0
1C2C50
1A6360
189A80
16D190
1508A0
133CD0
1170F0
0FA520
0DD940
0C0D10
0A40E0
0874A0
06A870
04DEC0
031510
014B50
FF81A0
FDBD80
FBF960
FA3540
F87120
F6B470
F4F7D0
F33B20
F17E80
EFCB40
EE1810
EC64D0
EAB1A0
E90AB0
E763C0
E5BCD0
E415E0
E27E60
E0E6D0
DF4F50
DDB7D0
DC30B0
DAA990
D92270
D79B50
D625C0
D4B040
D33AB0
D1C530
D063B0
CF0230
CDA0B0
CC3F30
CAF490
C9A9F0
C85F60
C714C0
C5E110
C4AD60
C379B0
C24600
C129A0
C00D30
BEF0D0
BDD470
BCD120
BBCDE0
BACA90
B9C750
B8DF60
B7F760
B70F70
B62780
B55A10
B48CB0
B3BF40
B2F1E0
B23EA0
B18B50
B0D810
B024D0
AF8CD0
AEF4C0
AE5CC0
ADC4C0
AD4980
ACCE40
AC5300
ABD7C0
AB77B0
AB1790
AAB780
AA5770
AA1150
A9CB30
A98520
A93F00
A91320
A8E740
A8BB70
A88F90
A87E90
A86D90
A85C90
A84B90
A85340
A85AF0
A862A0
A86A50
A888F0
A8A790
A8C630
A8E4D0
A919D0
A94ED0
A983E0
A9B8E0
AA03F0
AA4EF0
AA9A00
AAE510
AB43B0
ABA260
AC0100
AC5FB0
ACCFE0
AD4010
ADB040
AE2070
AEA0D0
AF2130
AFA1A0
B02200
B0B150
B140B0
B1D000
B25F60
B2FB60
B39760
B43370
B4CF70
B57600
B61C80
B6C310
B769A0
B818F0
B8C840
B97790
BA26E0
BADD20
BB9360
BC49B0
BCFFF0
BDBB10
BE7640
BF3160
BFEC90
C0AAA0
C168B0
C226C0
C2E4D0
C3A3B0
C46290
C52170
C5E050
C69DC0
C75B30
C818B0
C8D620
C990A0
CA4B20
CB05A0
CBC020
CC7620
CD2C10
CDE210
CE9810
CF4770
CFF6C0
D0A620
D15580
D1FBE0
D2A230
D34890
D3EEF0
D48B70
D527F0
D5C480
D66100
D6F2A0
D78440
D815F0
D8A790
D92C70
D9B150
DA3640
DABB20
DB3110
DBA700
DC1CF0
DC92E0
DCF9B0
DD6080
DDC760
DE2E30
DE8580
DEDCE0
DF3430
DF8B90
DFD1F0
E01840
E05EA0
E0A500
E0D880
E10C10
E13F90
E17320
E19470
E1B5C0
E1D720
E1F870
E207E0
E21750
E226C0
E23630
E232D0
E22F70
E22C20
E228C0
E21160
E1FA00
E1E2B0
E1CB50
E1A130
E17700
E14CE0
E122C0
E0E6C0
E0AAB0
E06EB0
E032B0
DFE480
DF9650
DF4830
DEFA00
DE9920
DE3830
DDD750
DD7670
DD0490
DC92C0
DC20E0
DBAF10
DB2DB0
DAAC60
DA2B00
D9A9B0
D91940
D888E0
D7F870
D76810
D6C8E0
D629B0
D58A90
D4EB60
D43F50
D39350
D2E740
D23B40
D18400
D0CCD0
D01590
CF5E60
CE9CE0
CDDB70
CD19F0
CC5880
CB8DA0
CAC2B0
C9F7D0
C92CF0
C85AB0
C78870
C6B640
C5E400
C50C50
C434A0
C35CF0
C28540
C1A990
C0CDF0
BFF240
BF16A0
BE3870
BD5A40
BC7C20
BB9DF0
BABF20
B9E040
B90170
B822A0
B744E0
B66730
B58970
B4ABC0
B3D0E0
B2F600
B21B20
B14040
B06A00
AF93C0
AEBD80
ADE740
AD1730
AC4720
AB7720
AAA710
A9DED0
A91680
A84E40
A78600
A6C760
A608C0
A54A20
A48B80
A3D890
A325A0
A272C0
A1BFD0
A11990
A07360
9FCD20
9F26F0
9E8E90
9DF620
9D5DC0
9CC560
9C3C90
9BB3C0
9B2B00
9AA230
9A2AF0
99B3A0
993C60
98C520
985FE0
97FAA0
979560
973020
96DD80
968AF0
963850
95E5C0
95A750
9568E0
952A70
94EC00
94C370
949AF0
947260
9449E0
943710
942450
941180
93FEC0
9401C0
9404C0
9407C0
940AC0
942490
943E70
945840
947220
94A430
94D630
950840
953A50
9583D0
95CD40
9616C0
966040
96C0B0
972110
978180
97E1F0
9859D0
98D1A0
994980
99C160
9A5170
9AE170
9B7180
9C0190
9CA8A0
9D4FA0
9DF6B0
9E9DC0
9F5AE0
A01800
A0D520
A19240
A26580
A338B0
A40BF0
A4DF30
A5C8D0
A6B270
A79C10
A885B0
A98400
AA8250
AB80B0
AC7F00
AD90A0
AEA240
AFB3F0
B0C590
B1E9F0
B30E50
B432C0
B55720
B68DE0
B7C4B0
B8FB70
BA3240
BB7980
BCC0D0
BE0810
BF4F60
C0A580
C1FB90
C351B0
C4A7D0
C60BC0
C76FB0
C8D3A0
CA3790
CBA870
CD1950
CE8A30
CFFB10
D176D0
D2F290
D46E50
D5EA10
D76ED0
D8F3A0
DA7860
DBFD30
DD8990
DF15E0
E0A240
E22EA0
E3C110
E55380
E6E600
E87870
EA0F20
EBA5D0
ED3C80
EED330
F06C50
F20580
F39EA0
F537D0
F6D1C0
F86BB0
FA05B0
FB9FA0
FD38B0
FED1C0
006AE0
0203F0
039A60
0530D0
06C740
085DB0
09EFD0
0B81E0
0D1400
0EA610
103200
11BE00
1349F0
14D5E0
1659C0
17DDA0
196180
1AE560
1C5FD0
1DDA30
1F54A0
20CF00
223E80
23AE00
251D70
268CF0
27EFB0
295270
2AB530
2C17F0
2D6C00
2EC010
301420
316830
32AC90
33F0F0
353550
3679B0
37AD50
38E0F0
3A1480
3B4820
3C6950
3D8A70
3EABA0
3FCCC0
40D990
41E670
42F340
440010
44F810
45F020
46E820
47E020
48C2B0
49A540
4A87C0
4B6A50
4C3600
4D01B0
4DCD50
4E9900
4F4C30
4FFF60
50B280
5165B0
520060
529B10
5335C0
53D070
545280
54D480
555690
55D890
5640F0
56A950
5711A0
577A00
57C770
5814E0
586240
58AFB0
58E2B0
5915B0
5948B0
597BB0
599490
59AD60
59C640
59DF10
59DD20
59DB40
59D950
59D760
59B9E0
599C60
597ED0
596150
592930
58F110
58B8E0
5880C0
582EC0
57DCC0
578AC0
5738C0
56CCC0
5660C0
55F4C0
5588C0
550270
547C20
53F5C0
536F70
52D030
5230E0
5191A0
50F250
503B30
4F8410
4ECCF0
4E15D0
4D4740
4C78A0
4BAA10
4ADB70
49F590
490FB0
4829C0
4743E0
464850
454CC0
445130
4355A0
4245E0
413620
402650
3F1690
3DF360
3CD030
3BACF0
3A89C0
3953D0
381DE0
36E7F0
35B200
346B20
332440
31DD50
309670
2F4030
2DE9F0
2C93B0
2B3D70
29D900
2874A0
271030
25ABC0
243A50
22C8D0
215760
1FE5E0
1E6920
1CEC60
1B6FA0
19F2E0
186C80
16E620
155FC0
13D960
124AD0
10BC40
0F2DB0
0D9F20
0C09C0
0A7470
08DF10
0749B0
05AF50
0414E0
027A80
00E010
FF4240
FDA470
FC06A0
FA68D0
F8C940
F729B0
F58A30
F3EAA0
F24B10
F0AB90
EF0C00
ED6C80
EBCE60
EA3040
E89220
E6F400
E558B0
E3BD50
E22200
E086B0
DEEFD0
DD5900
DBC220
DA2B50
D89AC0
D70A40
D579B0
D3E930
D25FF0
D0D6C0
CF4D80
CDC450
CC4380
CAC2B0
C941F0
C7C120
C64A60
C4D390
C35CD0
C1E610
C07B20
BF1030
BDA540
BC3A50
BADBB0
B97D20
B81E80
B6BFF0
B56E60
B41CD0
B2CB40
B179B0
B03680
AEF340
ADB010
AC6CE0
AB3990
AA0630
A8D2E0
A79F90
A67C40
A558F0
A435B0
A31260
A1FF70
A0EC70
9FD980
9EC690
9DC500
9CC370
9BC1E0
9AC050
99D170
98E290
97F3C0
9704E0
962850
954BC0
946F30
9392A0
92C830
91FDB0
913340
9068D0
8FB120
8EF970
8E41D0
8D8A20
8CE620
8C4220
8B9E20
8AFA20
8A68F0
89D7C0
894690
88B560
883660
87B760
873870
86B970
864CD0
85E040
8573A0
850710
84AD30
845350
83F970
839F90
835750
830F10
82C6D0
827E90
824700
820F70
81D7F0
81A060
817940
815220
812B10
8103F0
80ED30
80D660
80BFA0
80A8E0
80A120
809950
809190
8089D0
808FF0
809600
809C20
80A240
80B590
80C8D0
80DC20
80EF70
810F50
812F20
814F00
816EE0
819A00
81C530
81F050
821B80
8250C0
828600
82BB50
82F090
832F00
836D70
83ABE0
83EA50
843100
8477B0
84BE60
850510
8552D0
85A080
85EE40
863C00
868FA0
86E350
8736F0
878AA0
87E300
883B60
8893D0
88EC30
894810
89A3E0
89FFC0
8A5BA0
8ABA20
8B18B0
8B7730
8BD5C0
8C3610
8C9660
8CF6C0
8D5710
8DB800
8E1900
8E79F0
8EDAF0
8F3B50
8F9BA0
8FFC00
905C60
90BB90
911AC0
917A00
91D930
9236B0
929420
92F1A0
934F20
93A9D0
940470
945F20
94B9D0
951050
9566E0
95BD60
9613F0
966660
96B8D0
970B40
975DB0
97ABE0
97FA20
984850
989690
98DFB0
9928E0
997200
99BB30
99FE50
9A4160
9A8480
9AC7A0
9B0510
9B4290
9B8000
9BBD80
9BF5A0
9C2DB0
9C65D0
9C9DF0
9CD030
9D0260
9D34A0
9D66E0
9D9290
9DBE30
9DE9E0
9E1590
9E3B90
9E6180
9E8780
9EAD80
9ECE70
9EEF50
9F1040
9F3130
9F4D00
9F68D0
9F84A0
9FA070
9FB6E0
9FCD60
9FE3D0
9FFA50
A00C90
A01EC0
A03100
A04340
A05230
A06120
A07020
A07F10
A08B10
A09710
A0A310
A0AF10
A0B860
A0C1B0
A0CB00
A0D450
A0DC30
A0E400
A0EBE0
A0F3C0
A0FB30
A102A0
A10A20
A11190
A11950
A12120
A128E0
A130B0
A13980
A14240
A14B10
A153E0
A15ED0
A169C0
A174C0
A17FB0
A18DD0
A19BE0
A1AA00
A1B820
A1CA60
A1DCA0
A1EEF0
A20130
A218A0
A23010
A24780
A25EF0
A27C60
A299E0
A2B750
A2D4D0
A2F920
A31D70
A341C0
A36610
A39240
A3BE70
A3EAB0
A416E0
A44C20
A48170
A4B6B0
A4EC00
A52AD0
A569A0
A5A880
A5E750
A63030
A67910
A6C200
A70AE0
A75EE0
A7B2D0
A806D0
A85AD0
A8BB20
A91B80
A97BD0
A9DC30
AA48C0
AAB550
AB21F0
AB8E80
AC0750
AC8020
ACF900
AD71D0
ADF7B0
AE7D90
AF0380
AF8960
B01D70
B0B180
B14590
B1D9A0
B27B10
B31C80
B3BE00
B45F70
B50DB0
B5BBF0
B66A30
B71870
B7D3E0
B88F60
B94AD0
BA0650
BACFA0
BB98F0
BC6240
BD2B90
BE0170
BED740
BFAD20
C08300
C16460
C245B0
C32710
C40870
C4F530
C5E1F0
C6CEC0
C7BB80
C8B3C0
C9AC00
CAA450
CB9C90
CC9EA0
CDA0B0
CEA2D0
CFA4E0
D0AF50
D1B9B0
D2C420
D3CE90
D4E0B0
D5F2D0
D70500
D81720
D93080
DA49E0
DB6350
DC7CB0
DD9B60
DEBA10
DFD8C0
E0F770
E219B0
E33C00
E45E40
E58090
E6A550
E7CA10
E8EED0
EA1390
EB39D0
EC6000
ED8640
EEAC80
EFD230
F0F7D0
F21D80
F34330
F46670
F589B0
F6AD00
F7D040
F8EF80
FA0ED0
FB2E10
FC4D60
FD6710
FE80C0
FF9A70
00B420
01C680
02D8E0
03EB40
04FDA0
060710
071070
0819E0
092340
0A21F0
0B2090
0C1F40
0D1DE0
0E0FE0
0F01D0
0FF3D0
10E5C0
11C9D0
12ADD0
1391E0
1475E0
154AB0
161F80
16F450
17C920
188CE0
1950A0
1A1460
1AD820
1B88C0
1C3950
1CE9F0
1D9A80
1E3770
1ED460
1F7140
200E30
2096C0
211F50
21A7D0
223060
22A2F0
231570
238800
23FA80
245520
24AFB0
250A50
2564E0
25A7C0
25EAB0
262D90
267070
269BA0
26C6E0
26F210
271D40
272F90
2741F0
275440
276690
275E70
275650
274E30
274610
272490
270310
26E190
26C010
268600
264BF0
2611D0
25D7C0
258480
253130
24DDF0
248AA0
241D30
23AFC0
234240
22D4D0
224F10
21C950
214390
20BDD0
202140
1F84B0
1EE820
1E4B90
1D9860
1CE530
1C31F0
1B7EC0
1AB4C0
19EAC0
1920B0
1856B0
177840
1699E0
15BB70
14DD00
13EC40
12FB80
120AC0
111A00
1017D0
0F1590
0E1360
0D1120
0BFE20
0AEB10
09D810
08C500
07A400
0682F0
0561F0
0440E0
031450
01E7C0
00BB20
FF8E90
FE5810
FD21A0
FBEB20
FAB4B0
F975D0
F83700
F6F820
F5B950
F474E0
F33070
F1EC00
F0A790
EF6010
EE1880
ECD100
EB8980
EA4110
E8F8B0
E7B040
E667E0
E520B0
E3D990
E29260
E14B40
E007E0
DEC480
DD8120
DC3DC0
DB0090
D9C360
D88630
D74900
D61480
D4E010
D3AB90
D27720
D14E10
D02510
CEFC00
CDD300
CCB740
CB9B80
CA7FD0
C96410
C85780
C74AF0
C63E60
C531D0
C43700
C33C30
C24160
C14690
C06060
BF7A30
BE9400
BDADD0
BCDD40
BC0CB0
BB3C20
BA6B90
B9B1D0
B8F810
B83E50
B78490
B6E3F0
B64360
B5A2C0
B50230
B47D80
B3F8D0
B37420
B2EF70
B286A0
B21DD0
B1B500
B14C30
B0FF90
B0B2F0
B06650
B019B0
AFEB00
AFBC60
AF8DB0
AF5F10
AF5090
AF4220
AF33A0
AF2530
AF35F0
AF46A0
AF5760
AF6820
AF9770
AFC6C0
AFF610
B02560
B07450
B0C350
B11240
B16140
B1D160
B24190
B2B1B0
B321E0
B3B140
B44090
B4CFF0
B55F50
B60C50
B6B950
B76660
B81360
B8DE30
B9A910
BA73E0
BB3EC0
BC2800
BD1150
BDFA90
BEE3E0
BFE8D0
C0EDB0
C1F2A0
C2F790
C415D0
C53410
C65250
C77090
C8A750
C9DE10
CB14E0
CC4BA0
CD9A70
CEE930
D03800
D186D0
D2EA60
D44E00
D5B190
D71530
D88AC0
DA0040
DB75D0
DCEB60
DE7130
DFF700
E17CD0
E302A0
E49720
E62BB0
E7C030
E954C0
EAF4B0
EC9490
EE3480
EFD470
F17CC0
F32500
F4CD50
F675A0
F823E0
F9D220
FB8060
FD2EA0
FEE070
009250
024430
03F600
05A850
075AA0
090CF0
0ABF40
0C6F20
0E1F00
0FCED0
117EB0
132940
14D3C0
167E50
1828D0
19CB00
1B6D30
1D0F50
1EB180
2048D0
21E020
237760
250EB0
2698A0
2822A0
29AC90
2B3680
2CB010
2E29A0
2FA330
311CC0
328290
33E870
354E40
36B410
380480
395500
3AA570
3BF5E0
3D2F30
3E6890
3FA1E0
40DB30
41FA80
4319C0
443910
455850
465A50
475C40
485E40
496030
4A4440
4B2850
4C0C60
4CF070
4DB5C0
4E7B10
4F4060
5005B0
50A9E0
514E10
51F230
529660
531680
5396B0
5416D0
5496F0
54F3A0
555040
55ACF0
560990
5642E0
567C30
56B580
56EED0
570320
571770
572BC0
574010
572D40
571A60
570790
56F4B0
56BC50
5683F0
564B90
561330
55B670
5559B0
54FCF0
54A030
541E60
539C80
531AB0
5298D0
51F0C0
5148A0
50A090
4FF870
4F2CA0
4E60D0
4D94F0
4CC920
4BDB90
4AEE00
4A0060
4912D0
4803D0
46F4D0
45E5D0
44D6D0
43A660
4275E0
414570
4014F0
3EC610
3D7740
3C2860
3AD980
396EE0
380440
3699A0
352F00
33A9E0
3224C0
309F90
2F1A70
2D7BD0
2BDD20
2A3E80
289FD0
26EB10
253650
238180
21CCC0
2004F0
1E3D20
1C7540
1AAD70
18D4B0
16FC00
152340
134A80
116310
0F7B90
0D9420
0BACA0
09B990
07C670
05D360
03E040
01E480
FFE8B0
FDECE0
FBF120
F9EF50
F7ED90
F5EBC0
F3EA00
F1E4F0
EFDFF0
EDDAE0
EBD5E0
E9D060
E7CAD0
E5C550
E3BFD0
E1BCA0
DFB970
DDB650
DBB320
D9B4F0
D7B6B0
D5B880
D3BA50
D1C390
CFCCD0
CDD610
CBDF50
C9F340
C80720
C61B10
C42F00
C25080
C07210
BE9390
BCB520
BAE790
B91A00
B74C70
B57EE0
B3C5F0
B20CF0
B05400
AE9B10
ACF860
AB55B0
A9B300
A81050
A68570
A4FA90
A36FC0
A1E4E0
A075D0
9F06C0
9D97B0
9C28A0
9ADA90
998C90
983E80
96F080
95C140
9491F0
9362B0
923370
912280
9011A0
8F00B0
8DEFD0
8CFD00
8C0A20
8B1750
8A2480
894DC0
8876F0
87A030
86C970
861390
855DB0
84A7E0
83F200
835AF0
82C3E0
822CE0
8195D0
813060
80CAE0
806570
800000
800000
800000
800000
800000
800000
800000
800000
800000
800000
800000
800000
800000
800000
800000
800000
800000
8009A0
801350
801CF0
8026A0
804270
805E30
807A00
8095D0
80C9E0
80FE00
813210
816630
81C320
822010
827D00
82D9F0
837A10
841A20
84BA40
855A60
862660
86F270
87BE70
888A80
897510
8A5FA0
8B4A40
8C34D0
8D3AC0
8E40A0
8F4690
904C80
9165D0
927F10
939860
94B1B0
95DF40
970CC0
983A50
9967E0
9AA8F0
9BEA10
9D2B20
9E6C40
9FBDB0
A10F10
A26080
A3B1F0
A510D0
A66FA0
A7CE80
A92D60
AA97F0
AC0290
AD6D20
AED7C0
B04C30
B1C090
B33500
B4A970
B62580
B7A190
B91DA0
BA99B0
BC1B40
BD9CD0
BF1E70
C0A000
C224F0
C3A9D0
C52EC0
C6B3B0
C839D0
C9BFF0
CB4620
CCCC40
CE5150
CFD660
D15B80
D2E090
D46230
D5E3C0
D76560
D8E700
DA6360
DBDFD0
DD5C30
DED8A0
E04E10
E1C380
E33900
E4AE70
E61A90
E786C0
E8F2E0
EA5F10
EBBF50
ED1FA0
EE7FE0
EFE030
F133A0
F28710
F3DA80
F52DF0
F67360
F7B8D0
F8FE40
FA43B0
FB7910
FCAE70
FDE3D0
FF1930
003C30
015F30
028220
03A520
04B570
05C5B0
06D600
07E640
08E340
09E040
0ADD40
0BDA40
0CC260
0DAA80
0E9290
0F7AB0
104C00
111D40
11EE90
12BFD0
137AA0
143570
14F030
15AB00
164F60
16F3B0
179810
183C60
18C940
195610
19E2F0
1A6FC0
1AE3D0
1B57D0
1BCBE0
1C3FE0
1C9BF0
1CF800
1D5400
1DB010
1DF4A0
1E3940
1E7DD0
1EC260
1EEF00
1F1BA0
1F4840
1F74E0
1F88C0
1F9CB0
1FB090
1FC470
1FC0F0
1FBD70
1FB9E0
1FB660
1F9C80
1F82A0
1F68B0
1F4ED0
1F1EB0
1EEE90
1EBE60
1E8E40
1E47F0
1E0190
1DBB40
1D74E0
1D19C0
1CBE90
1C6370
1C0840
1B9980
1B2AC0
1ABC00
1A4D40
19CB70
1949A0
18C7D0
184600
17B190
171D10
1688A0
15F420
154EB0
14A950
1403E0
135E70
12A990
11F4B0
113FD0
108AF0
0FC7A0
0F0450
0E40F0
0D7DA0
0CACD0
0BDC00
0B0B30
0A3A60
095DB0
088110
07A460
06C7B0
05E0B0
04F9C0
0412C0
032BC0
023BB0
014BB0
005BA0
FF6B90
FE73B0
FD7BE0
FC8400
FB8C30
FA8E20
F99020
F89210
F79410
F69150
F58EA0
F48BE0
F38930
F28350
F17D60
F07780
EF71A0
EE6A20
ED62A0
EC5B30
EB53B0
EA4BE0
E94410
E83C50
E73480
E62DC0
E526F0
E42030
E31970
E21530
E110F0
E00CB0
DF0870
DE0840
DD0810
DC07F0
DB07C0
DA0CD0
D911E0
D816F0
D71C00
D62770
D532E0
D43E50
D349C0
D25D20
D17080
D083F0
CF9750
CEB460
CDD170
CCEE80
CC0B90
CB32E0
CA5A30
C98190
C8A8E0
C7DB30
C70D80
C63FD0
C57220
C4B0A0
C3EF30
C32DB0
C26C40
C1B840
C10450
C05050
BF9C60
BEF670
BE5080
BDAAA0
BD04B0
BC6D80
BBD640
BB3F10
BAA7E0
BA2050
B998C0
B91140
B889B0
B812D0
B79BF0
B72510
B6AE30
B64880
B5E2E0
B57D30
B51790
B4C3B0
B46FC0
B41BE0
B3C800
B386D0
B345B0
B30480
B2C360
B29610
B268C0
B23B70
B20E20
B1F4B0
B1DB40
B1C1E0
B1A870
B1A320
B19DE0
B19890
B19350
B1A290
B1B1D0
B1C120
B1D060
B1F470
B21890
B23CA0
B260C0
B29A60
B2D410
B30DB0
B34760
B39710
B3E6D0
B43680
B48640
B4ECF0
B553A0
B5BA50
B62100
B69FF0
B71ED0
B79DC0
B81CB0
B8B330
B949B0
B9E040
BA76C0
BB2460
BBD210
BC7FB0
BD2D60
BDF2D0
BEB840
BF7DB0
C04320
C12160
C1FFA0
C2DDE0
C3BC20
C4B1B0
C5A730
C69CC0
C79250
C89E00
C9A9A0
CAB550
CBC100
CCE2D0
CE04A0
CF2680
D04850
D18080
D2B8C0
D3F0F0
D52930
D675E0
D7C290
D90F50
DA5C00
DBBB50
DD1AB0
DE7A00
DFD960
E14B60
E2BD50
E42F50
E5A150
E726C0
E8AC30
EA31B0
EBB720
ED4BC0
EEE050
F074F0
F20990
F3A9F0
F54A50
F6EAC0
F88B20
FA3550
FBDF80
FD89C0
FF33F0
00E5D0
0297B0
044980
05FB60
07B220
0968F0
0B1FB0
0CD670
0E8FA0
1048C0
1201F0
13BB10
1573D0
172C90
18E540
1A9E00
1C5320
1E0840
1FBD60
217280
2322A0
24D2B0
2682D0
2832E0
29DC40
2B85B0
2D2F10
2ED870
3078A0
3218E0
33B910
355940
36EDA0
388200
3A1650
3BAAB0
3D3210
3EB970
4040D0
41C830
434190
44BAF0
463440
47ADA0
491610
4A7E70
4BE6E0
4D4F40
4EA2D0
4FF650
5149E0
529D60
53DE10
551EC0
565F60
57A010
58CEF0
59FDC0
5B2CA0
5C5B70
5D7780
5E9390
5FAFA0
60CBB0
61D410
62DC80
63E4E0
64ED40
65E2F0
66D8A0
67CE40
68C3F0
69A770
6A8B00
6B6E80
6C5200
6D23A0
6DF550
6EC6F0
6F9890
7058E0
711930
71D970
7299C0
734880
73F750
74A610
7554D0
75F190
768E50
772B10
77C7D0
785400
78E020
796C50
79F870
7A76C0
7AF510
7B7360
7BF1B0
7C5DD0
7CC9F0
7D3610
7DA230
7DFC90
7E56F0
7EB150
7F0BB0
7F48C0
7F85D0
7FC2E0
7FFFF0
7FFFF0
7FFFF0
7FFFF0
7FFFF0
7FFFF0
7FFFF0
7FFFF0
7FFFF0
7FFFF0
7FFFF0
7FFFF0
7FFFF0
7FFFF0
7FFFF0
7FFFF0
7FFFF0
7FFFF0
7FFFF0
7FFFF0
7FFFF0
7FFFF0
7FFFF0
7FFFF0
7FFFF0
7FFFF0
7FFFF0
7FFFF0
7FFFF0
7FFFF0
7FFFF0
7FFFF0
7FFFF0
7FD990
7FB320
7F8CC0
7F6650
7F2830
7EEA10
7EABE0
7E6DC0
7E1AD0
7DC7D0
7D74E0
7D21E0
7CB720
7C4C50
7BE190
7B76C0
7AF3E0
7A70F0
79EE10
796B20
78CB20
782B20
778B10
76EB10
762B80
756BE0
74AC50
73ECB0
7305B0
721EC0
7137C0
7050C0
6F3580
6E1A40
6CFEF0
6BE3B0
6AA110
695E60
681BC0
66D910
657740
641580
62B3B0
6151E0
5FD1F0
5E5210
5CD220
5B5230
59B620
581A10
567DF0
54E1E0
532EF0
517C00
4FC900
4E1610
4C50A0
4A8B30
48C5C0
470050
452D10
4359C0
418680
3FB330
3DD7C0
3BFC50
3A20D0
384560
366310
3480D0
329E80
30BC30
2ED540
2CEE40
2B0750
292050
2737D0
254F60
2366E0
217E60
1F9740
1DB020
1BC900
19E1E0
17FF40
161CA0
1439F0
125750
107BF0
0EA0A0
0CC540
0AE9E0
091990
074950
057900
03A8B0
01E820
002780
FE66E0
FCA650
FAF5C0
F94530
F794B0
F5E420
F44490
F2A500
F10580
EF65F0
EDDA40
EC4E80
EAC2D0
E93720
E7C260
E64DB0
E4D8F0
E36440
E20670
E0A8B0
DF4AE0
DDED20
DCA690
DB6000
DA1970
D8D2E0
D7A590
D67840
D54B00
D41DB0
D30C40
D1FAD0
D0E960
CFD7F0
CEE120
CDEA40
CCF370
CBFCA0
CB1FA0
CA42A0
C965B0
C888B0
C7C690
C70470
C64260
C58040
C4DA70
C434A0
C38ED0
C2E900
C25D90
C1D230
C146C0
C0BB60
C04910
BFD6B0
BF6460
BEF210
BE9890
BE3F10
BDE590
BD8C10
BD4B30
BD0A40
BCC960
BC8880
BC5EE0
BC3540
BC0BA0
BBE200
BBCE60
BBBAC0
BBA720
BB9380
BB9560
BB9750
BB9930
BB9B20
BBB260
BBC9A0
BBE0F0
BBF830
BC22A0
BC4D00
BC7770
BCA1E0
BCDD90
BD1950
BD5500
BD90C0
BDDCA0
BE2890
BE7470
BEC060
BF1B70
BF7670
BFD180
C02C90
C094B0
C0FCC0
C164E0
C1CD00
C24040
C2B380
C326C0
C39A00
C416D0
C493A0
C51080
C58D50
C61230
C69710
C71BF0
C7A0D0
C82BD0
C8B6C0
C941C0
C9CCC0
CA5BF0
CAEB20
CB7A60
CC0990
CC9B40
CD2CE0
CDBE90
CE5040
CEE2B0
CF7520
D00790
D09A00
D12B40
D1BC90
D24DD0
D2DF20
D36D70
D3FBC0
D48A20
D51870
D5A1C0
D62B10
D6B460
D73DB0
D7BFB0
D841B0
D8C3B0
D945B0
D9BF50
DA38F0
DAB290
DB2C30
DB9C40
DC0C40
DC7C50
DCEC60
DD50E0
DDB560
DE19E0
DE7E60
DED520
DF2BD0
DF8290
DFD950
E021F0
E06A80
E0B320
E0FBC0
E135A0
E16F80
E1A970
E1E350
E20CE0
E23660
E25FF0
E28980
E2A0B0
E2B7F0
E2CF20
E2E660
E2EBB0
E2F100
E2F660
E2FBB0
E2EF40
E2E2E0
E2D670
E2CA10
E2AAD0
E28B80
E26C40
E24D00
E21960
E1E5C0
E1B220
E17E80
E137C0
E0F100
E0AA50
E06390
E00A90
DFB190
DF58A0
DEFFA0
DE93F0
DE2840
DDBCA0
DD50F0
DCD1D0
DC52C0
DBD3A0
DB5490
DAC3D0
DA3320
D9A260
D911B0
D870C0
D7CFD0
D72EF0
D68E00
D5DD30
D52C60
D47B90
D3CAC0
D30A30
D249A0
D18910
D0C880
CFFA30
CF2BE0
CE5DA0
CD8F50
CCB510
CBDAD0
CB00A0
CA2660
C94120
C85BD0
C77690
C69150
C5A1D0
C4B240
C3C2C0
C2D340
C1DBB0
C0E430
BFECA0
BEF520
BDF790
BCFA00
BBFC80
BAFEF0
B9FCE0
B8FAD0
B7F8D0
B6F6C0
B5F1B0
B4ECA0
B3E7A0
B2E290
B1DC80
B0D670
AFD070
AECA60
ADC530
ACC010
ABBAE0
AAB5C0
A9B350
A8B0E0
A7AE70
A6AC00
A5AE20
A4B040
A3B270
A2B490
A1BD00
A0C560
9FCDD0
9ED640
9DE6A0
9CF700
9C0770
9B17D0
9A3230
994C90
9866F0
978150
96A7E0
95CE60
94F4F0
941B80
934F40
928310
91B6D0
90EAA0
902CC0
8F6EF0
8EB110
8DF340
8D45A0
8C9800
8BEA70
8B3CD0
8AA180
8A0630
896AF0
88CFA0
884720
87BEA0
873630
86ADB0
8638A0
85C390
854E90
84D980
847980
841980
83B980
835980
831070
82C770
827E60
823560
820300
81D090
819E30
816BD0
815010
813440
811880
80FCC0
80F8B0
80F4A0
80F090
80EC80
810170
811670
812B60
814060
816D90
819AB0
81C7E0
81F510
8239E0
827EA0
82C370
830840
836530
83C210
841F00
847BF0
84F1C0
8567A0
85DD70
865350
86E0B0
876E10
87FB80
8888E0
892CC0
89D0A0
8A7480
8B1860
8BD2A0
8C8CE0
8D4730
8E0170
8ED230
8FA300
9073C0
914490
922A20
930FC0
93F550
94DAF0
95D3F0
96CCF0
97C5F0
98BEF0
99CAB0
9AD660
9BE220
9CEDE0
9E0BD0
9F29D0
A047C0
A165C0
A29420
A3C280
A4F0E0
A61F40
A75C60
A89990
A9D6B0
AB13E0
AC5EB0
ADA980
AEF460
B03F30
B19690
B2EE00
B44560
B59CD0
B6FF10
B86140
B9C380
BB25C0
BC9130
BDFC90
BF6800
C0D370
C24690
C3B9A0
C52CC0
C69FE0
C81920
C99250
CB0B90
CC84D0
CE02C0
CF80B0
D0FEB0
D27CA0
D3FDD0
D57F10
D70040
D88180
DA0470
DB8760
DD0A50
DE8D40
E01030
E19330
E31620
E49920
E61AF0
E79CD0
E91EA0
EAA080
EC2000
ED9F70
EF1EF0
F09E70
F21A00
F39580
F51110
F68CA0
F80280
F97850
FAEE30
FC6410
FDD380
FF4300
00B280
0221F0
038A30
04F270
065AA0
07C2E0
092280
0A8220
0BE1C0
0D4160
0E96E0
0FEC60
1141D0
129750
13E240
152D40
167830
17C320
190310
1A4310
1B8300
1CC2F0
1DF6C0
1F2A80
205E50
219210
22B860
23DEB0
2504F0
262B40
274420
285D10
2975F0
2A8ED0
2B9A30
2CA590
2DB0E0
2EBC40
2FB950
30B660
31B370
32B080
339E60
348C50
357A30
366810
374710
382610
390500
39E400
3AB440
3B8480
3C54B0
3D24F0
3DE600
3EA710
3F6820
402930
40DA90
418BF0
423D40
42EEA0
4390C0
4432F0
44D510
457730
460A70
469DB0
4730F0
47C430
484870
48CCB0
4950F0
49D530
4A4A50
4ABF70
4B3480
4BA9A0
4C1020
4C76B0
4CDD30
4D43B0
4D9C00
4DF460
4E4CB0
4EA500
4EEF50
4F39B0
4F8400
4FCE50
500AD0
504740
5083C0
50C030
50EF50
511E70
514D80
517CA0
519ED0
51C0F0
51E320
520540
521AC0
523050
5245D0
525B50
526480
526DB0
5276E0
528010
527D60
527AB0
5277F0
527540
526710
5258D0
524AA0
523C60
522310
5209C0
51F070
51D720
51B330
518F40
516B40
514750
511900
50EAB0
50BC50
508E00
505590
501D20
4FE4B0
4FAC40
4F6A20
4F27F0
4EE5D0
4EA3A0
4E5820
4E0CB0
4DC130
4D75B0
4D2120
4CCC80
4C77F0
4C2350
4BC5D0
4B6860
4B0AE0
4AAD60
4A4760
49E150
497B50
491540
48A700
4838C0
47CA80
475C40
46E5F0
466FB0
45F960
458310
4504F0
4486C0
4408A0
438A70
4304B0
427EF0
41F930
417370
40E660
405960
3FCC50
3F3F40
3EAB10
3E16D0
3D82A0
3CEE60
3C5330
3BB800
3B1CD0
3A81A0
39DFB0
393DB0
389BC0
37F9C0
375130
36A8A0
360000
355770
34A880
33F990
334AA0
329BB0
31E6A0
313190
307C80
2FC770
2F0C70
2E5170
2D9670
2CDB70
2C1AB0
2B59F0
2A9920
29D860
291220
284BF0
2785B0
26BF70
25F410
2528B0
245D40
2391E0
22C180
21F120
2120B0
205050
1F7AF0
1EA5A0
1DD040
1CFAE0
1C2120
1B4770
1A6DB0
1993F0
18B660
17D8D0
16FB30
161DA0
153C80
145B60
137A40
129920
11B4C0
10D060
0FEBF0
0F0790
0E2080
0D3970
0C5250
0B6B40
0A8200
0998D0
08AF90
07C650
06DB50
05F050
050540
041A40
032DC0
024140
0154C0
006840
FF7B00
FE8DB0
FDA070
FCB330
FBC5D0
FAD870
F9EB10
F8FDB0
F810C0
F723C0
F636D0
F549E0
F45DE0
F371E0
F285E0
F199E0
F0AF70
EFC500
EEDA90
EDF020
ED07E0
EC1FA0
EB3760
EA4F20
E969A0
E88420
E79EA0
E6B920
E5D6F0
E4F4B0
E41280
E33050
E25210
E173D0
E09590
DFB750
DEDDA0
DE03E0
DD2A30
DC5080
DB7C00
DAA780
D9D310
D8FE90
D83010
D76190
D69310
D5C490
D4FC70
D43440
D36C20
D2A400
D1E2A0
D12140
D05FE0
CF9E80
CEE490
CE2A90
CD70A0
CCB6B0
CC04F0
CB5330
CAA170
C9EFB0
C94640
C89CC0
C7F350
C749E0
C6A8F0
C607F0
C56700
C4C610
C42E20
C39630
C2FE50
C26660
C1D820
C149E0
C0BBB0
C02D70
BFA8C0
BF2420
BE9F70
BE1AD0
BD9FB0
BD2480
BCA960
BC2E40
BBBD00
BB4BD0
BADA90
BA6960
BA02A0
B99BE0
B93530
B8CE70
B871B0
B814F0
B7B840
B75B80
B70860
B6B550
B66230
B60F20
B5C5C0
B57C70
B53310
B4E9C0
B4AA60
B46AF0
B42B90
B3EC30
B3B620
B38020
B34A10
B31410
B2E6E0
B2B9B0
B28C80
B25F50
B23AE0
B21670
B1F210
B1CDA0
B1B1F0
B19650
B17AA0
B15F00
B14B40
B13790
B123D0
B11020
B103A0
B0F730
B0EAB0
B0DE40
B0D8A0
B0D300
B0CD60
B0C7C0
B0C890
B0C960
B0CA30
B0CB00
B0D190
B0D820
B0DEB0
B0E540
B0F0E0
B0FC80
B10820
B113C0
B123F0
B13420
B14450
B15480
B168C0
B17CF0
B19130
B1A570
B1BD00
B1D480
B1EC10
B203A0
B21DD0
B23800
B25230
B26C60
B28870
B2A480
B2C0A0
B2DCB0
B2F9D0
B316F0
B33420
B35140
B36F20
B38CF0
B3AAD0
B3C8B0
B3E6E0
B40510
B42340
B44170
B45F40
B47D10
B49AE0
B4B8B0
B4D550
B4F1F0
B50E90
B52B30
B54690
B561E0
B57D40
B598A0
B5B2A0
B5CC90
B5E690
B60090
B61890
B63080
B64880
B66080
B675C0
B68AF0
B6A030
B6B570
B6C840
B6DB10
B6EDF0
B700C0
B71160
B72210
B732B0
B74360
B75180
B75FA0
B76DD0
B77BF0
B78710
B79220
B79D40
B7A860
B7B120
B7B9E0
B7C2B0
B7CB70
B7D260
B7D950
B7E050
B7E740
B7EC60
B7F170
B7F690
B7FBB0
B7FEC0
B801C0
B804D0
B807E0
B809D0
B80BC0
B80DC0
B80FB0
B81160
B81310
B814D0
B81680
B81830
B819F0
B81BA0
B81D60
B81F40
B82130
B82310
B82500
B82840
B82B70
B82EB0
B831F0
B83780
B83D10
B842B0
B84840
B850D0
B85950
B861E0
B86A70
B87690
B882B0
B88EE0
B89B00
B8ABD0
B8BC90
B8CD60
B8DE30
B8F4A0
B90B20
B92190
B93810
B95510
B97210
B98F10
B9AC10
B9D080
B9F4E0
BA1950
BA3DC0
BA6A80
BA9750
BAC410
BAF0E0
BB26E0
BB5CE0
BB92E0
BBC8E0
BC0920
BC4960
BC89A0
BCC9E0
BD1590
BD6140
BDACF0
BDF8A0
BE5030
BEA7D0
BEFF60
BF5700
BFBB00
C01F10
C08310
C0E720
C158A0
C1CA20
C23BA0
C2AD20
C32D50
C3AD70
C42DA0
C4ADD0
C53CA0
C5CB60
C65A30
C6E900
C78680
C823F0
C8C170
C95EF0
CA0BF0
CAB8F0
CB6600
CC1300
CCD090
CD8E30
CE4BC0
CF0960
CFD6E0
D0A470
D171F0
D23F80
D31C80
D3F990
D4D690
D5B3A0
D6A0A0
D78D90
D87A90
D96790
DA6540
DB62F0
DC60A0
DD5E50
DE6B70
DF78A0
E085C0
E192F0
E2AE90
E3CA20
E4E5C0
E60160
E72B70
E85580
E97FA0
EAA9B0
EBE270
ED1B30
EE5400
EF8CC0
F0D280
F21840
F35E00
F4A3C0
F5F500
F74640
F89780
F9E8C0
FB4500
FCA130
FDFD70
FF59B0
00C0A0
022790
038E70
04F560
0664E0
07D460
0943D0
0AB350
0C2980
0D9FB0
0F15E0
108C10
1207E0
1383B0
14FF70
167B40
17FBA0
197C00
1AFC60
1C7CC0
1DFF90
1F8260
210530
228800
240B40
258E90
2711D0
289510
2A1730
2B9960
2D1B80
2E9DA0
301D20
319CA0
331C10
349B90
361660
379120
390BF0
3A86B0
3BFAE0
3D6F00
3EE330
405750
41C300
432EA0
449A50
4605F0
476710
48C840
4A2960
4B8A80
4CDF80
4E3490
4F8990
50DE90
5225D0
536D10
54B450
55FB90
573310
586A90
59A200
5AD980
5BFF00
5D2470
5E49F0
5F6F60
6081E0
619450
62A6D0
63B940
64B7A0
65B5F0
66B450
67B2A0
689B00
698350
6A6BB0
6B5400
6C2430
6CF460
6DC480
6E94B0
6F4C70
700420
70BBE0
717390
721250
72B110
734FD0
73EE90
7472C0
74F700
757B30
75FF60
766710
76CED0
773680
779E30
77EA00
7835D0
788190
78CD60
78FD90
792DB0
795DE0
798E00
79A180
79B500
79C880
79DC00
79D190
79C710
79BCA0
79B220
798AF0
7963C0
793C80
791550
78D250
788F50
784C40
780940
77AA10
774AD0
76EBA0
768C60
761040
759410
7517F0
749BC0
7404A0
736D80
72D660
723F40
718EC0
70DE40
702DB0
6F7D30
6EB3B0
6DEA20
6D20A0
6C5710
6B74B0
6A9260
69B000
68CDA0
67D4B0
66DBB0
65E2C0
64E9C0
63DC30
62CE90
61C100
60B360
5F9230
5E7100
5D4FC0
5C2E90
5AFAA0
59C6B0
5892B0
575EC0
561A90
54D650
539220
524DE0
50FBA0
4FA960
4E5720
4D04E0
4BA640
4A47A0
48E900
478A60
462110
44B7C0
434E60
41E510
407350
3F0180
3D8FC0
3C1DF0
3AA5D0
392DB0
37B590
363D70
34C100
3344A0
31C830
304BC0
2ECD20
2D4E90
2BCFF0
2A5150
28D260
275380
25D490
2455A0
22D840
215AF0
1FDD90
1E6030
1CE690
1B6D00
19F360
1879C0
170650
1592E0
141F70
12AC00
114000
0FD400
0E67F0
0CFBF0
0B98B0
0A3560
08D220
076ED0
061660
04BE00
036590
020D20
00C1F0
FF76C0
FE2B90
FCE060
FBA2E0
FA6570
F927F0
F7EA80
F6BB70
F58C60
F45D60
F32E50
F20F70
F0F090
EFD1C0
EEB2E0
EDA650
EC99B0
EB8D20
EA8090
E98600
E88B60
E790D0
E69640
E5ADB0
E4C510
E3DC80
E2F3F0
E21EA0
E14940
E073F0
DF9EA0
DEDE20
DE1DB0
DD5D30
DC9CC0
DBF010
DB4370
DA96C0
D9EA20
D95090
D8B710
D81D80
D78400
D6FE20
D67850
D5F270
D56CA0
D4FB50
D489F0
D418A0
D3A750
D34900
D2EAB0
D28C60
D22E10
D1E190
D19510
D14890
D0FC10
D0C140
D08670
D04BA0
D010D0
CFE7C0
CFBEC0
CF95B0
CF6CB0
CF5390
CF3A80
CF2160
CF0850
CEFD90
CEF2D0
CEE820
CEDD60
CEE040
CEE310
CEE5F0
CEE8D0
CEF890
CF0850
CF1810
CF27D0
CF42A0
CF5D70
CF7840
CF9310
CFB740
CFDB70
CFFFB0
D023E0
D05030
D07C80
D0A8D0
D0D520
D10840
D13B60
D16E80
D1A1A0
D1D9F0
D21240
D24AA0
D282F0
D2BEF0
D2FAF0
D336F0
D372F0
D3B100
D3EF10
D42D30
D46B40
D4A9B0
D4E830
D526A0
D56520
D5A2D0
D5E080
D61E40
D65BF0
D697B0
D6D360
D70F20
D74AE0
D782F0
D7BB10
D7F320
D82B40
D85DD0
D89070
D8C300
D8F5A0
D92230
D94EC0
D97B50
D9A7E0
D9CDB0
D9F390
DA1960
DA3F40
DA5CF0
DA7A90
DA9840
DAB5F0
DAC9C0
DADD80
DAF150
DB0520
DB0F20
DB1920
DB2320
DB2D20
DB2D30
DB2D50
DB2D60
DB2D80
DB2290
DB17A0
DB0CC0
DB01D0
DAEA70
DAD320
DABBC0
DAA470
DA8170
DA5E70
DA3B80
DA1880
D9EA60
D9BC30
D98E10
D95FF0
D92620
D8EC40
D8B270
D878A0
D83250
D7EBF0
D7A5A0
D75F50
D70DB0
D6BC10
D66A80
D618E0
D5BCF0
D56100
D50520
D4A930
D442F0
D3DCC0
D37680
D31050
D29F90
D22ED0
D1BE20
D14D60
D0D3B0
D05A10
CFE060
CF66C0
CEE580
CE6430
CDE2F0
CD61B0
CCD970
CC5120
CBC8E0
CB40A0
CAB1D0
CA2310
C99440
C90580
C871D0
C7DE20
C74A80
C6B6D0
C61FB0
C58880
C4F160
C45A40
C3C0B0
C32720
C28DA0
C1F410
C15930
C0BE50
C02370
BF8890
BEEDC0
BE52F0
BDB830
BD1D60
BC83F0
BBEA80
BB5110
BAB7A0
BA20E0
B98A20
B8F360
B85CA0
B7CA00
B73760
B6A4C0
B61220
B584A0
B4F720
B469B0
B3DC30
B354E0
B2CD80
B24630
B1BEE0
B13F20
B0BF60
B03FA0
AFBFE0
AF4950
AED2C0
AE5C40
ADE5B0
AD78C0
AD0BD0
AC9EF0
AC3200
ABCF30
AB6C70
AB09A0
AAA6E0
AA4F80
A9F810
A9A0B0
A94950
A8FED0
A8B440
A869C0
A81F40
A7E170
A7A3A0
A765E0
A72810
A6F6F0
A6C5D0
A694C0
A663A0
A64030
A61CC0
A5F960
A5D5F0
A5C170
A5AD00
A59880
A58410
A57D90
A57720
A570A0
A56A30
A57110
A577F0
A57ED0
A585B0
A59A50
A5AEE0
A5C380
A5D820
A5FB10
A61E00
A64100
A663F0
A693E0
A6C3E0
A6F3D0
A723D0
A75FB0
A79BA0
A7D780
A81370
A85B20
A8A2D0
A8EA80
A93230
A985B0
A9D940
AA2CC0
AA8050
AADE00
AB3BB0
AB9960
ABF710
AC5D70
ACC3D0
AD2A30
AD9090
ADFEE0
AE6D40
AEDB90
AF49F0
AFBFA0
B03540
B0AAF0
B120A0
B19BF0
B21730
B29280
B30DD0
B38D30
B40C80
B48BE0
B50B40
B58D90
B60FD0
B69220
B71470
B79880
B81CA0
B8A0B0
B924D0
B9A910
BA2D60
BAB1A0
BB35F0
BBB8F0
BC3BE0
BCBEE0
BD41E0
BDC210
BE4230
BEC260
BF4290
BFBE50
C03A10
C0B5D0
C13190
C1A7C0
C21E00
C29430
C30A70
C379F0
C3E980
C45900
C4C890
C52FD0
C59720
C5FE60
C665B0
C6C2E0
C72010
C77D50
C7DA80
C82D30
C87FD0
C8D280
C92530
C96CB0
C9B430
C9FBB0
CA4330
CA7E20
CAB910
CAF400
CB2EF0
CB5BA0
CB8850
CBB500
CBE1B0
CC0050
CC1EF0
CC3DA0
CC5C40
CC6CD0
CC7D60
CC8DF0
CC9E80
CC9FF0
CCA160
CCA2E0
CCA450
CC9540
CC8640
CC7730
CC6830
CC4990
CC2B00
CC0C60
CBEDD0
CBC040
CB92C0
CB6530
CB37B0
CAFAC0
CABDC0
CA80D0
CA43E0
C9F6B0
C9A970
C95C40
C90F10
C8B320
C85730
C7FB50
C79F60
C735F0
C6CC70
C66300
C5F990
C582B0
C50BD0
C494F0
C41E10
C39990
C31510
C290A0
C20C20
C17C00
C0EBF0
C05BD0
BFCBC0
BF31C0
BE97B0
BDFDB0
BD63B0
BCC080
BC1D50
BB7A20
BAD6F0
BA2B30
B97F70
B8D3C0
B82800
B775E0
B6C3B0
B61190
B55F70
B4A8C0
B3F210
B33B70
B284C0
B1CAE0
B11100
B05730
AF9D50
AEE190
AE25C0
AD6A00
ACAE40
ABF290
AB36E0
AA7B40
A9BF90
A905E0
A84C20
A79270
A6D8C0
A622C0
A56CB0
A4B6B0
A400B0
A35020
A29F90
A1EF10
A13E80
A09510
9FEBB0
9F4240
9E98E0
9DF830
9D5780
9CB6E0
9C1630
9B8030
9AEA20
9A5420
99BE20
9934D0
98AB90
982240
979900
971D90
96A210
9626A0
95AB30
953EB0
94D230
9465B0
93F930
939D80
9341D0
92E620
928A70
9241B0
91F8F0
91B030
916770
9131F0
90FC70
90C700
909180
906FD0
904E10
902C60
900AB0
8FFE60
8FF200
8FE5B0
8FD960
8FE460
8FEF50
8FFA50
900550
902710
9048C0
906A80
908C40
90C470
90FCB0
9134E0
916D20
91BCE0
920C90
925C50
92AC10
9314B0
937D40
93E5E0
944E80
94CEB0
954EE0
95CF20
964F50
96E630
977D00
9813E0
98AAC0
9958A0
9A0680
9AB460
9B6240
9C27D0
9CED60
9DB300
9E7890
9F53F0
A02F50
A10AC0
A1E620
A2D5C0
A3C560
A4B510
A5A4B0
A6A830
A7ABC0
A8AF40
A9B2D0
AACA20
ABE180
ACF8D0
AE1030
AF3900
B061E0
B18AB0
B2B390
B3EBE0
B52430
B65C80
B794D0
B8DB90
BA2240
BB6900
BCAFC0
BE0410
BF5860
C0ACB0
C20100
C36050
C4BFA0
C61F00
C77E50
C8E660
CA4E80
CBB690
CD1EB0
CE8DE0
CFFD00
D16C30
D2DB60
D45000
D5C4B0
D73950
D8AE00
DA25B0
DB9D70
DD1520
DE8CE0
E00570
E17E00
E2F690
E46F20
E5E660
E75DA0
E8D4F0
EA4C30
EBBFF0
ED33B0
EEA780
F01B40
F18990
F2F7F0
F46640
F5D4A0
F73B90
F8A290
FA0980
FB7080
FCCDE0
FE2B30
FF8890
00E5F0
023740
038890
04D9E0
062B30
076F10
08B2F0
09F6C0
0B3AA0
0C6F90
0DA480
0ED970
100E60
113230
125600
1379C0
149D90
15ADC0
16BDF0
17CE10
18DE40
19DA30
1AD620
1BD210
1CCE00
1DB4E0
1E9BC0
1F8290
206970
213960
220950
22D930
23A920
245FE0
2516B0
25CD70
268430
2721F0
27BFB0
285D70
28FB30
297FD0
2A0470
2A8900
2B0DA0
2B77B0
2BE1D0
2C4BE0
2CB5F0
2D03C0
2D5190
2D9F50
2DED20
2E1FA0
2E5220
2E8490
2EB710
2ECED0
2EE6A0
2EFE60
2F1620
2F1280
2F0ED0
2F0B30
2F0780
2EE760
2EC740
2EA720
2E8700
2E4C00
2E10F0
2DD5F0
2D9AE0
2D4630
2CF190
2C9CE0
2C4830
2BD9E0
2B6B80
2AFD30
2A8ED0
2A0690
297E50
28F600
286DC0
27CDA0
272D80
268D50
25ED30
2536E0
248090
23CA40
2313F0
224820
217C60
20B090
1FE4C0
1F0400
1E2340
1D4270
1C61B0
1B6E40
1A7AD0
198750
1893E0
178FD0
168BB0
1587A0
148380
137010
125CA0
114930
1035C0
0F1440
0DF2C0
0CD130
0BAFB0
0A8250
095500
0827A0
06FA40
05C320
048C10
0354F0
021DD0
00DEB0
FF9F90
FE6080
FD2160
FBDC00
FA96B0
F95150
F80C00
F6C280
F578F0
F42F70
F2E5F0
F19A40
F04E80
EF02D0
EDB720
EC6B40
EB1F60
E9D390
E887B0
E73DE0
E5F400
E4AA30
E36060
E21A20
E0D3E0
DF8DB0
DE4770
DD0670
DBC560
DA8460
D94360
D809A0
D6CFE0
D59630
D45C70
D32C30
D1FC00
D0CBC0
CF9B90
CE75F0
CD5040
CC2AA0
CB0500
C9EB20
C8D140
C7B770
C69D90
C59160
C48520
C378F0
C26CC0
C17060
C073F0
BF7790
BE7B30
BD8F10
BCA2E0
BBB6C0
BACAA0
B9EF60
B91420
B838F0
B75DB0
B694F0
B5CC30
B50370
B43AB0
B38640
B2D1E0
B21D70
B16910
B0C8D0
B02880
AF8840
AEE800
AE5BF0
ADCFE0
AD43D0
ACB7C0
AC4100
ABCA30
AB5370
AADCB0
AA7CA0
AA1C80
A9BC70
A95C60
A91240
A8C810
A87DF0
A833D0
A7FF10
A7CA60
A795A0
A760F0
A74230
A72370
A704C0
A6E600
A6DE10
A6D620
A6CE30
A6C640
A6D3D0
A6E170
A6EF00
A6FCA0
A71ED0
A740F0
A76320
A78550
A7BC00
A7F2B0
A82960
A86010
A8AB60
A8F6A0
A941F0
A98D40
A9EBB0
AA4A30
AAA8A0
AB0720
AB7780
ABE7F0
AC5850
ACC8C0
AD4A90
ADCC60
AE4E30
AED000
AF62E0
AFF5C0
B088A0
B11B80
B1BDC0
B25FF0
B30230
B3A470
B45480
B504A0
B5B4B0
B664D0
B721C0
B7DEB0
B89BB0
B958A0
BA2180
BAEA70
BBB350
BC7C40
BD4F70
BE22A0
BEF5D0
BFC900
C0A4F0
C180E0
C25CE0
C338D0
C41C40
C4FFB0
C5E330
C6C6A0
C7B040
C899F0
C98390
CA6D40
CB5B90
CC49E0
CD3840
CE2690
CF1810
D00990
D0FB20
D1ECA0
D2DFD0
D3D310
D4C640
D5B980
D6ACD0
D7A020
D89380
D986D0
DA7910
DB6B40
DC5D80
DD4FC0
DE3FA0
DF2F80
E01F70
E10F50
E1FB50
E2E760
E3D360
E4BF70
E5A600
E68C80
E77310
E859A0
E939C0
EA19F0
EAFA10
EBDA40
ECB310
ED8BD0
EE64A0
EF3D70
F00D80
F0DD80
F1AD90
F27DA0
F34350
F40900
F4CEC0
F59470
F64F50
F70A30
F7C510
F87FF0
F92F50
F9DEC0
FA8E20
FB3D90
FBE040
FC8300
FD25B0
FDC870
FE5D10
FEF1A0
FF8640
001AE0
00A150
0127D0
01AE40
0234B0
02ACC0
0324E0
039CF0
041500
047DD0
04E6A0
054F70
05B840
0610C0
066940
06C1B0
071A30
0762A0
07AB10
07F380
083BF0
087470
08ACF0
08E570
091DF0
0945F0
096DF0
0995E0
09BDE0
09D490
09EB30
0A01E0
0A1880
0A1E90
0A24A0
0A2AA0
0A30B0
0A26B0
0A1CB0
0A12A0
0A08A0
09EE60
09D420
09B9E0
099FA0
0974D0
094A10
091F40
08F470
08BA00
087FA0
084530
080AC0
07C180
077840
072F00
06E5C0
068DE0
0635F0
05DE10
058620
051F90
04B910
045280
03EBF0
037800
030400
029010
021C10
019BC0
011B70
009B10
001AC0
FF8E90
FF0270
FE7640
FDEA20
FD52A0
FCBB10
FC2390
FB8C10
FAEA80
FA48E0
F9A750
F905C0
F85B40
F7B0D0
F70650
F65BE0
F5A960
F4F6D0
F44450
F391D0
F2D800
F21E40
F16470
F0AAB0
EFEAF0
EF2B30
EE6B80
EDABC0
ECE740
EC22D0
EB5E50
EA99E0
E9D1C0
E909A0
E84190
E77970
E6AEC0
E5E410
E51970
E44EC0
E382B0
E2B690
E1EA80
E11E70
E05210
DF85C0
DEB960
DDED10
DD21A0
DC5640
DB8AD0
DABF70
D9F630
D92CF0
D863C0
D79A80
D6D460
D60E40
D54830
D48210
D3C010
D2FE10
D23C10
D17A10
D0BD50
D00090
CF43E0
CE8720
CDD0E0
CD1AA0
CC6470
CBAE30
CAFF40
CA5040
C9A150
C8F260
C84B80
C7A490
C6FDB0
C656D0
C5B920
C51B80
C47DD0
C3E030
C34D20
C2BA10
C22700
C193F0
C10BC0
C08380
BFFB50
BF7320
BEF630
BE7930
BDFC40
BD7F50
BD0EA0
BC9DE0
BC2D30
BBBC80
BB5930
BAF5E0
BA9290
BA2F40
B9D930
B98330
B92D20
B8D720
B88E60
B845A0
B7FCE0
B7B420
B77960
B73EA0
B703F0
B6C930
B69D60
B67190
B645C0
B619F0
B5FC70
B5DF00
B5C180
B5A410
B59490
B58510
B57590
B56610
B564E0
B563A0
B56270
B56140
B56ED0
B57C70
B58A00
B597A0
B5B320
B5CEB0
B5EA30
B605C0
B62E80
B65740
B68000
B6A8C0
B6DEB0
B714A0
B74A90
B78080
B7C3C0
B80700
B84A50
B88D90
B8DCF0
B92C60
B97BC0
B9CB30
BA25B0
BA8040
BADAC0
BB3550
BB9A90
BBFFD0
BC6510
BCCA50
BD3A00
BDA9C0
BE1970
BE8930
BF01F0
BF7AB0
BFF370
C06C30
C0ECC0
C16D50
C1EDE0
C26E70
C2F600
C37D90
C40520
C48CB0
C51A70
C5A840
C63600
C6C3D0
C75680
C7E920
C87BD0
C90E80
C9A4D0
CA3B20
CAD170
CB67C0
CC00B0
CC99A0
CD3290
CDCB80
CE6610
CF00A0
CF9B30
D035C0
D0D0A0
D16B70
D20650
D2A130
D33B20
D3D510
D46F00
D508F0
D5A0A0
D63860
D6D010
D767D0
D7FBE0
D88FF0
D92400
D9B810
DA47B0
DAD740
DB66E0
DBF680
DC80C0
DD0B10
DD9550
DE1FA0
DEA340
DF26F0
DFAA90
E02E40
E0A9D0
E12560
E1A0F0
E21C80
E28FA0
E302C0
E375F0
E3E910
E45350
E4BD90
E527E0
E59220
E5F260
E652A0
E6B2E0
E71320
E76800
E7BCD0
E811B0
E86690
E8B050
E8FA00
E943C0
E98D80
E9CC20
EA0AD0
EA4970
EA8820
EABAF0
EAEDC0
EB2090
EB5360
EB7950
EB9F40
EBC540
EBEB30
EC0500
EC1EE0
EC38B0
EC5290
EC60D0
EC6F10
EC7D60
EC8BA0
EC8DE0
EC9020
EC9270
EC94B0
EC8A40
EC7FD0
EC7570
EC6B00
EC5540
EC3F90
EC29D0
EC1420
EBF420
EBD430
EBB430
EB9440
EB6A40
EB4040
EB1650
EAEC50
EAB870
EA8490
EA50C0
EA1CE0
E9E080
E9A420
E967D0
E92B70
E8E7D0
E8A440
E860A0
E81D10
E7D2C0
E78870
E73E20
E6F3D0
E6A310
E65250
E601A0
E5B0E0
E55BB0
E50670
E4B140
E45C10
E40420
E3AC40
E35450
E2FC70
E2A2C0
E24920
E1EF70
E195D0
E13B20
E0E070
E085C0
E02B10
DFD1B0
DF7850
DF1EF0
DEC590
DE6F80
DE1970
DDC360
DD6D50
DD1C30
DCCB10
DC79F0
DC28D0
DBDE60
DB93E0
DB4970
DAFF00
DABCF0
DA7AE0
DA38D0
D9F6C0
D9BEF0
D98710
D94F40
D91770
D8EB50
D8BF30
D89310
D866F0
D847B0
D82870
D80940
D7EA00
D7DA40
D7CA80
D7BAD0
D7AB10
D7AD00
D7AEF0
D7B0F0
D7B2E0
D7C910
D7DF30
D7F560
D80B90
D83910
D86690
D89410
D8C190
D906C0
D94BF0
D99120
D9D650
DA33C0
DA9130
DAEEA0
DB4C10
DBC420
DC3C30
DCB450
DD2C60
DDC230
DE57F0
DEEDC0
DF8390
E035A0
E0E7C0
E199D0
E24BF0
E31970
E3E6F0
E4B480
E58200
E66C50
E75690
E840E0
E92B30
EA3430
EB3D40
EC4640
ED4F50
EE7480
EF99C0
F0BEF0
F1E430
F32350
F46280
F5A1A0
F6E0D0
F83AF0
F99520
FAEF40
FC4970
FDC100
FF3880
00B010
0227A0
03B640
0544F0
06D390
086230
0A0320
0BA410
0D4500
0EE5F0
109710
124830
13F950
15AA70
176980
192880
1AE790
1CA690
1E6F30
2037E0
220080
23C920
259760
2765A0
2933D0
2B0210
2CD2C0
2EA370
307420
3244D0
341500
35E530
37B560
398590
3B50C0
3D1BF0
3EE720
40B250
427460
443680
45F890
47BAA0
496F60
4B2420
4CD8E0
4E8DA0
503050
51D310
5375C0
551870
56A680
583490
59C290
5B50A0
5CC7F0
5E3F40
5FB680
612DD0
628800
63E240
653C70
6696A0
67CAC0
68FEF0
6A3310
6B6730
6C7B20
6D8F20
6EA310
6FB700
70AD60
71A3D0
729A30
739090
746A40
7543F0
761DA0
76F750
77B7A0
787800
793850
79F8A0
7A9AE0
7B3D30
7BDF70
7C81B0
7D07A0
7D8D90
7E1380
7E9970
7EF310
7F4CB0
7FA650
7FFFF0
7FFFF0
7FFFF0
7FFFF0
7FFFF0
7FFFF0
7FFFF0
7FFFF0
7FFFF0
7FFFF0
7FFFF0
7FFFF0
7FFFF0
7FFFF0
7FFFF0
7FFFF0
7FFFF0
7FFFF0
7FFFF0
7FFFF0
7FFFF0
7FFFF0
7FFFF0
7FFFF0
7FFFF0
7FFFF0
7FFFF0
7FFFF0
7FFFF0
7FFFF0
7FFFF0
7FFFF0
7FFFF0
7FBC50
7F78B0
7F3500
7EF160
7E8A70
7E2390
7DBCA0
7D55B0
7CD5E0
7C5610
7BD640
7B5670
7ABC20
7A21C0
798770
78ED10
783BE0
778AA0
76D970
762830
755A80
748CD0
73BF20
72F170
720410
7116B0
702940
6F3BE0
6E2B70
6D1B00
6C0A80
6AFA10
69C0E0
6887A0
674E70
661530
64B720
635910
61FAF0
609CE0
5F1C50
5D9BC0
5C1B30
5A9AA0
58F660
575220
55ADD0
540990
524000
507670
4EACE0
4CE350
4AF7E0
490C70
4720F0
453580
432B30
4120E0
3F1680
3D0C30
3AE290
38B900
368F60
3465C0
321B30
2FD090
2D8600
2B3B60
28D6C0
267220
240D80
21A8E0
1F2FC0
1CB6A0
1A3D70
17C450
153950
12AE50
102340
0D9840
0AFE00
0863B0
05C970
032F20
008B20
FDE710
FB4300
F89F00
F5F6E0
F34EC0
F0A6A0
EDFE80
EB5490
E8AAB0
E600C0
E356E0
E0ABC0
DE00A0
DB5580
D8AA60
D608F0
D36770
D0C600
CE2490
CB9590
C90690
C677A0
C3E8A0
C172F0
BEFD50
BC87A0
BA1200
B7BDB0
B56960
B31510
B0C0C0
AE9320
AC6590
AA37F0
A80A60
A60770
A40470
A20180
9FFE90
9E3290
9C6680
9A9A80
98CE80
974B60
95C840
944520
92C200
917AD0
9033A0
8EEC80
8DA550
8C9280
8B7FA0
8A6CD0
895A00
887D60
87A0D0
86C430
85E7A0
854280
849D50
83F830
835310
82DFB0
826C40
81F8E0
818580
8140D0
80FC10
80B760
8072B0
805600
803950
801CB0
800000
800040
800080
8000D0
800110
802880
804FE0
807750
809EC0
80F320
814790
819BF0
81F060
8273E0
82F760
837AE0
83FE60
84B590
856CD0
862400
86DB40
87C460
88AD90
8996B0
8A7FE0
8B98F0
8CB210
8DCB20
8EE440
903290
9180D0
92CF20
941D70
95AA00
973690
98C330
9A4FC0
9C0D20
9DCA80
9F87F0
A14550
A32A10
A50ED0
A6F3A0
A8D860
AAE170
ACEA70
AEF380
B0FC90
B325E0
B54F40
B77890
B9A1F0
BBE4D0
BE27C0
C06AA0
C2AD90
C50450
C75B00
C9B1C0
CC0880
CE6C20
D0CFC0
D33370
D59710
D7FF10
DA6720
DCCF20
DF3730
E1A290
E40E00
E67960
E8E4D0
EB5130
EDBDA0
F02A00
F29670
F4FF60
F76850
F9D140
FC3A30
FE9B70
00FCB0
035DF0
05BF30
081590
0A6BF0
0CC240
0F18A0
1160C0
13A8F0
15F110
183930
1A6F40
1CA540
1EDB50
211150
233130
255110
2770F0
2990D0
2B97B0
2D9EA0
2FA580
31AC60
339790
3582C0
376DF0
395920
3B2460
3CEF90
3EBAD0
408600
422C30
43D260
457880
471EB0
489F90
4A2060
4BA140
4D2210
4E7CC0
4FD770
513220
528CD0
53BDF0
54EF10
562020
575140
5854B0
595820
5A5B90
5B5F00
5C3610
5D0D20
5DE430
5EBB40
5F66A0
601200
60BD50
6168B0
61E640
6263C0
62E150
635ED0
63ABC0
63F8B0
6445A0
649290
64B1A0
64D0B0
64EFB0
650EC0
650200
64F530
64E870
64DBA0
64A250
6468F0
642FA0
63F640
638F00
6327C0
62C070
625930
61C810
6136F0
60A5C0
6014A0
5F5CE0
5EA520
5DED60
5D35A0
5C5840
5B7AD0
5A9D70
59C000
58BD80
57BB00
56B870
55B5F0
5492C0
536F90
524C60
512930
4FE940
4EA940
4D6950
4C2950
4ACED0
497460
4819E0
46BF60
454C80
43D9A0
4266B0
40F3D0
3F6D00
3DE630
3C5F60
3AD890
3941E0
37AB30
361470
347DC0
32DA90
313750
2F9420
2DF0E0
2C4490
2A9850
28EC00
273FB0
258E20
23DC90
222B00
207970
1EC640
1D1300
1B5FD0
19AC90
17FBB0
164AD0
1499E0
12E900
113EC0
0F9470
0DEA30
0C3FE0
0A9EE0
08FDD0
075CD0
05BBC0
0426B0
0291A0
00FC90
FF6780
FDE260
FC5D40
FAD820
F95300
F7E250
F67190
F500E0
F39030
F23520
F0DA00
EF7EF0
EE23E0
ECE000
EB9C10
EA5830
E91450
E7EB10
E6C1D0
E598A0
E46F60
E364F0
E25A90
E15020
E045C0
DF59C0
DE6DB0
DD81B0
DC95B0
DBC830
DAFAB0
DA2D30
D95FB0
D8B340
D806C0
D75A50
D6ADE0
D625B0
D59D70
D51540
D48D10
D42740
D3C160
D35B90
D2F5C0
D2B100
D26C40
D22790
D1E2D0
D1C080
D19E40
D17BF0
D159B0
D15BD0
D15E00
D16020
D16250
D185A0
D1A8F0
D1CC50
D1EFA0
D23190
D27380
D2B580
D2F770
D357D0
D3B830
D418A0
D47900
D4F820
D57730
D5F650
D67570
D70F50
D7A940
D84320
D8DD10
D98E70
DA3FE0
DAF140
DBA2B0
DC6A10
DD3170
DDF8E0
DEC040
DF9C50
E07870
E15480
E230A0
E31D50
E409F0
E4F6A0
E5E350
E6DCE0
E7D670
E8D010
E9C9A0
EACD60
EBD130
ECD4F0
EDD8C0
EEE410
EFEF60
F0FAC0
F20610
F31530
F42460
F53380
F642B0
F75230
F861B0
F97140
FA80C0
FB8D30
FC99A0
FDA620
FEB290
FFB850
00BE10
01C3D0
02C990
03C5D0
04C220
05BE60
06BAA0
07AAA0
089AA0
098AA0
0A7AA0
0B5AB0
0C3AD0
0D1AE0
0DFAF0
0EC700
0F9310
105F20
112B30
11E1D0
129860
134F00
140590
14A500
154480
15E3F0
168360
170850
178D40
181220
189710
18FD70
1963D0
19CA20
1A3080
1A7880
1AC090
1B0890
1B5090
1B79F0
1BA360
1BCCC0
1BF620
1BFE50
1C0690
1C0EC0
1C16F0
1BFAB0
1BDE80
1BC240
1BA600
1B6710
1B2820
1AE930
1AAA40
1A49C0
19E940
1988C0
192840
18A4C0
182130
179DB0
171A20
167160
15C8B0
151FF0
147730
13AC90
12E1E0
121740
114C90
106280
0F7870
0E8E60
0DA450
0C9AE0
0B9180
0A8810
097EA0
085550
072C00
0602B0
04D960
039450
024F40
010A30
FFC520
FE67D0
FD0A70
FBAD20
FA4FD0
F8DBA0
F76770
F5F350
F47F20
F2F530
F16B30
EFE140
EE5750
ECBC30
EB2110
E985F0
E7EAD0
E64290
E49A50
E2F210
E149D0
DF9730
DDE480
DC31E0
DA7F40
D8C4D0
D70A50
D54FE0
D39570
D1D790
D019C0
CE5BE0
CC9E10
CAE0E0
C923A0
C76670
C5A940
C3F050
C23760
C07E80
BEC590
BD14B0
BB63E0
B9B300
B80230
B65D10
B4B7E0
B312C0
B16DA0
AFD7B0
AE41C0
ACABD0
AB15E0
A99330
A81090
A68DE0
A50B40
A3A060
A23570
A0CA90
9F5FB0
9E0EF0
9CBE30
9B6D70
9A1CB0
98E890
97B470
968060
954C40
9438D0
932560
9211F0
90FE80
901060
8F2250
8E3430
8D4620
8C7E00
8BB5E0
8AEDD0
8A25B0
8984A0
88E390
884280
87A170
872AC0
86B420
863D70
85C6D0
857E90
853650
84EE20
84A5E0
848B10
847050
845580
843AC0
844D00
845F30
847170
8483B0
84C540
8506D0
854860
8589F0
85FDF0
8671F0
86E5F0
8759F0
87FD90
88A130
8944E0
89E880
8AB9C0
8B8AF0
8C5C30
8D2D70
8E2D10
8F2CB0
902C50
912BF0
925B70
938AF0
94BA70
95E9F0
974550
98A0A0
99FC00
9B5760
9CDB50
9E5F40
9FE340
A16730
A31300
A4BED0
A66AB0
A81680
A9EA10
ABBDA0
AD9130
AF64C0
B15B10
B35160
B547C0
B73E10
B952F0
BB67D0
BD7CB0
BF9190
C1C2B0
C3F3D0
C62500
C85620
CAA190
CCED10
CF3880
D18400
D3E4A0
D64550
D8A5F0
DB06A0
DD77E0
DFE920
E25A60
E4CBA0
E74A00
E9C850
EC46B0
EEC510
F14D10
F3D520
F65D20
F8E530
FB7220
FDFF00
008BF0
0318E0
05A640
0833A0
0AC0F0
0D4E50
0FD7D0
126150
14EAC0
177440
19F550
1C7660
1EF760
217870
23ED40
266220
28D6F0
2B4BC0
2DB0A0
301580
327A50
34DF30
372F60
397FA0
3BCFD0
3E2000
405670
428CD0
44C340
46F9A0
491400
4B2E50
4D48B0
4F6300
515E70
5359D0
555540
5750A0
5929B0
5B02C0
5CDBC0
5EB4D0
606870
621C00
63CFA0
658330
670D90
6897F0
6A2250
6BACB0
6D0BC0
6E6AD0
6FC9E0
7128F0
725480
738000
74AB90
75D710
76C200
77AD00
7897F0
7982E0
7A3990
7AF040
7BA6F0
7C5DA0
7CEC00
7D7A70
7E08D0
7E9730
7EF160
7F4B90
7FA5C0
7FFFF0
7FFFF0
7FFFF0
7FFFF0
7FFFF0
7FFFF0
7FFFF0
7FFFF0
7FFFF0
7FFFF0
7FFFF0
7FFFF0
7FFFF0
7FFFF0
7FFFF0
7FFFF0
7FFFF0
7F7B10
7EF630
7E7140
7DEC60
7D26C0
7C6120
7B9B80
7AD5E0
79E8D0
78FBC0
780EA0
772190
7608C0
74F000
73D730
72BE60
717D10
703BB0
6EFA60
6DB900
6C5210
6AEB20
698420
681D30
6693D0
650A70
638110
61F7B0
604E70
5EA520
5CFBE0
5B5290
598B70
57C440
55FD20
5435F0
5255B0
507560
4E9520
4CB4D0
4ABFB0
48CA90
46D570
44E050
42D9C0
40D320
3ECC90
3CC5F0
3AB150
389CB0
368800
347360
3254F0
303690
2E1820
2BF9B0
29D580
27B150
258D20
2368F0
214310
1F1D40
1CF760
1AD180
18AE50
168B20
1467F0
1244C0
102780
0E0A40
0BED00
09CFC0
07BBC0
05A7C0
0393B0
017FB0
FF7920
FD72A0
FB6C10
F96590
F77140
F57CF0
F388B0
F19460
EFB430
EDD400
EBF3E0
EA13B0
E849C0
E67FD0
E4B5F0
E2EC00
E13C50
DF8CB0
DDDD00
DC2D60
DA9CA0
D90BE0
D77B30
D5EA70
D478B0
D30700
D19540
D02390
CED180
CD7F80
CC2D70
CADB70
C9AC20
C87CC0
C74D70
C61E20
C51530
C40C40
C30350
C1FA60
C11690
C032B0
BF4EE0
BE6B10
BDABB0
BCEC50
BC2CF0
BB6D90
BAD470
BA3B60
B9A240
B90930
B898E0
B828A0
B7B850
B74810
B6FDF0
B6B3D0
B669B0
B61F90
B5F9A0
B5D3C0
B5ADD0
B587F0
B586C0
B58580
B58450
B58320
B5A7A0
B5CC20
B5F0A0
B61520
B65BC0
B6A260
B6E900
B72FA0
B79580
B7FB50
B86130
B8C710
B94B20
B9CF30
BA5340
BAD750
BB78C0
BC1A40
BCBBB0
BD5D30
BE1870
BED3B0
BF8F00
C04A40
C11C10
C1EDE0
C2BFB0
C39180
C477E0
C55E40
C644B0
C72B10
C82450
C91D90
CA16E0
CB1020
CC1840
CD2070
CE2890
CF30C0
D04430
D157B0
D26B20
D37EA0
D49A90
D5B670
D6D260
D7EE50
D90FD0
DA3150
DB52D0
DC7450
DD97D0
DEBB60
DFDEE0
E10270
E224B0
E346F0
E46930
E58B70
E6A8F0
E7C660
E8E3E0
EA0160
EB1650
EC2B30
ED4020
EE5510
EF5EF0
F068E0
F172C0
F27CB0
F378E0
F47510
F57140
F66D70
F758C0
F84400
F92F50
FA1AA0
FAF1C0
FBC8E0
FCA000
FD7720
FE37A0
FEF820
FFB8A0
007920
0120B0
01C840
026FC0
031750
03A230
042D10
04B7E0
0542C0
05AC60
061600
067FA0
06E940
0731E0
077A80
07C320
080BC0
083320
085A70
0881D0
08A920
08AC10
08AF10
08B200
08B4F0
088F60
0869E0
084450
081EC0
07D360
078800
073C90
06F130
0681B0
061230
05A2A0
053320
049E20
040920
037410
02DF10
022290
016610
00A980
FFED00
FF0CA0
FE2C40
FD4BE0
FC6B80
FB6A70
FA6960
F96860
F86750
F74500
F622B0
F50070
F3DE20
F298B0
F15330
F00DC0
EEC850
ED6700
EC05A0
EAA450
E94300
E7CB70
E653E0
E4DC60
E364D0
E1DA00
E04F30
DEC460
DD3990
DB9EC0
DA03E0
D86910
D6CE40
D52830
D38220
D1DC20
D03610
CE8960
CCDCA0
CB2FF0
C98340
C7D3F0
C624A0
C47550
C2C600
C11830
BF6A60
BDBC90
BC0EC0
BA66E0
B8BF00
B71720
B56F40
B3D170
B233A0
B095D0
AEF800
AD6940
ABDA70
AA4BB0
A8BCF0
A742F0
A5C8F0
A44F00
A2D500
A171C0
A00E80
9EAB40
9D4800
9BFD00
9AB210
996710
981C20
96F060
95C4A0
9498F0
936D30
926AC0
916840
9065D0
8F6360
8E8270
8DA180
8CC0A0
8BDFB0
8B1BF0
8A5820
899460
88D0A0
8829D0
878300
86DC40
863570
85AA20
851EC0
849370
840820
8397E0
8327B0
82B770
824740
81EEA0
819600
813D60
80E4C0
80AB90
807260
803930
800000
800000
800000
800000
800000
800000
800000
800000
800000
800000
800000
800000
800000
800000
800000
800000
800000
800000
800000
800000
800000
800000
800000
800000
800000
800000
800000
800000
800000
8000C0
800180
800240
800300
801330
802370
8033A0
8043E0
805CD0
8075C0
808EC0
80A7B0
80C790
80E770
810750
812730
814DE0
817490
819B40
81C1F0
81ED70
821900
824480
827010
82A440
82D880
830CB0
8340F0
838020
83BF50
83FE90
843DC0
848A90
84D750
852420
8570F0
85CF90
862E30
868CE0
86EB80
875950
87C710
8834E0
88A2B0
891E20
899990
8A1500
8A9070
8B1A40
8BA400
8C2DD0
8CB7A0
8D5060
8DE920
8E81E0
8F1AA0
8FC110
906790
910E00
91B480
926750
931A20
93CCF0
947FC0
953FE0
960010
96C030
978060
985030
991FF0
99EFC0
9ABF90
9B99B0
9C73E0
9D4E00
9E2830
9F08C0
9FE950
A0C9F0
A1AA80
A28FC0
A374F0
A45A30
A53F70
A62740
A70F10
A7F6E0
A8DEB0
A9C600
AAAD50
AB94A0
AC7BF0
AD5FD0
AE43C0
AF27A0
B00B90
B0E970
B1C760
B2A540
B38330
B45880
B52DD0
B60330
B6D880
B7A260
B86C40
B93620
BA0000
BABBC0
BB7780
BC3350
BCEF10
BD9970
BE43D0
BEEE40
BF98A0
C02DD0
C0C310
C15840
C1ED80
C26C80
C2EB80
C36A80
C3E980
C45160
C4B940
C52130
C58910
C5D590
C62210
C66E90
C6BB10
C6E600
C710F0
C73BF0
C766E0
C77500
C78310
C79130
C79F50
C79380
C787A0
C77BD0
C77000
C74970
C722E0
C6FC60
C6D5D0
C693C0
C651B0
C60FB0
C5CDA0
C57310
C51880
C4BE00
C46370
C3F2E0
C38250
C311D0
C2A140
C21B70
C195A0
C10FE0
C08A10
BFEF70
BF54D0
BEBA40
BE1FA0
BD73B0
BCC7D0
BC1BE0
BB7000
BAB5D0
B9FBA0
B94180
B88750
B7C0C0
B6FA40
B633B0
B56D30
B49C30
B3CB30
B2FA30
B22930
B150E0
B078A0
AFA050
AEC810
ADEB10
AD0E10
AC3120
AB5420
AA7610
A997F0
A8B9E0
A7DBD0
A70150
A626C0
A54C40
A471C0
A39A30
A2C2A0
A1EB20
A11390
A03F30
9F6AE0
9E9680
9DC230
9CF310
9C2400
9B54E0
9A85D0
99BDF0
98F610
982E40
976660
96A610
95E5B0
952560
946510
93ACE0
92F4C0
923C90
918470
90D550
902640
8F7720
8EC810
8E22A0
8D7D30
8CD7D0
8C3260
8B9810
8AFDC0
8A6370
89C920
893B70
88ADB0
882000
879250
8711B0
869120
861080
858FF0
851C70
84A8E0
843560
83C1E0
835E80
82FB20
8297D0
823470
81E070
818C70
813880
80E480
80AB60
807240
803920
800000
800000
800000
800000
800000
800000
800000
800000
800000
800000
800000
800000
800000
800000
800000
800000
800000
800000
800000
800000
800000
800000
800000
800000
800000
800000
800000
800000
800000
800060
8000B0
800110
800170
801200
802290
803320
8043B0
805E70
807930
809400
80AEC0
80D2C0
80F6B0
811AB0
813EB0
816CC0
819AD0
81C8F0
81F700
822E90
826620
829DC0
82D550
8319E0
835E80
83A310
83E7B0
843AE0
848E10
84E150
853480
859B70
860260
866950
86D040
8753C0
87D730
885AB0
88DE30
8974D0
8A0B60
8AA200
8B38A0
8BDC50
8C7FF0
8D23A0
8DC750
8E76B0
8F2620
8FD580
9084F0
913DC0
91F680
92AF50
936820
942750
94E680
95A5C0
9664F0
972810
97EB30
98AE50
997170
9A3490
9AF7C0
9BBAE0
9C7E10
9D3C30
9DFA40
9EB860
9F7680
A030B0
A0EAE0
A1A520
A25F50
A315A0
A3CBF0
A48250
A538A0
A5E940
A699F0
A74A90
A7FB40
A8A4A0
A94E00
A9F760
AAA0C0
AB4250
ABE3F0
AC8580
AD2720
ADC070
AE59B0
AEF300
AF8C50
B01BD0
B0AB50
B13AD0
B1CA50
B24E00
B2D1B0
B35570
B3D920
B451E0
B4CAA0
B54370
B5BC30
B62A80
B698D0
B70730
B77580
B7D880
B83B80
B89E80
B90180
B95800
B9AE80
BA0510
BA5B90
BAA700
BAF260
BB3DD0
BB8940
BBCAA0
BC0C00
BC4D70
BC8ED0
BCC600
BCFD30
BD3460
BD6B90
BD9820
BDC4B0
BDF140
BE1DD0
BE41A0
BE6570
BE8950
BEAD20
BEC9B0
BEE650
BF02E0
BF1F80
BF3580
BF4B70
BF6170
BF7770
BF8750
BF9720
BFA700
BFB6E0
BFC280
BFCE10
BFD9B0
BFE550
BFEE40
BFF740
C00030
C00930
C010D0
C01870
C02020
C027C0
C02F80
C03750
C03F10
C046E0
C05000
C05910
C06230
C06B50
C076F0
C08290
C08E40
C099E0
C0A960
C0B8F0
C0C870
C0D800
C0ECE0
C101C0
C116A0
C12B80
C146C0
C16200
C17D40
C19880
C1BB30
C1DDE0
C20090
C22340
C24ED0
C27A60
C2A5F0
C2D180
C307A0
C33DB0
C373D0
C3A9F0
C3EB00
C42C10
C46D20
C4AE30
C4FAC0
C54740
C593D0
C5E060
C639B0
C69300
C6EC60
C745B0
C7AD50
C814F0
C87C90
C8E430
C959E0
C9CF90
CA4550
CABB00
CB3ED0
CBC290
CC4660
CCCA30
CD5D00
CDEFD0
CE82A0
CF1570
CFB860
D05B60
D0FE50
D1A150
D253B0
D30610
D3B880
D46AE0
D52C20
D5ED60
D6AEB0
D76FF0
D84090
D91130
D9E1E0
DAB280
DB9350
DC7410
DD54E0
DE35B0
DF2540
E014C0
E10450
E1F3E0
E2F110
E3EE30
E4EB60
E5E890
E6F350
E7FE00
E908C0
EA1380
EB2BF0
EC4450
ED5CC0
EE7530
EF9980
F0BDD0
F1E220
F30670
F43520
F563D0
F69280
F7C130
F8F990
FA3200
FB6A60
FCA2D0
FDE480
FF2630
0067E0
01A990
02F270
043B50
058420
06CD00
081B30
096970
0AB7A0
0C05D0
0D5830
0EAA80
0FFCE0
114F30
12A4A0
13FA00
154F70
16A4D0
17FB30
195180
1AA7E0
1BFE30
1D5380
1EA8D0
1FFE20
215370
22A620
23F8D0
254B70
269E20
27EC90
293AF0
2A8960
2BD7C0
2D1FF0
2E6830
2FB060
30F890
3238C0
3378F0
34B910
35F940
372F80
3865C0
399BF0
3AD230
3BFC70
3D26A0
3E50E0
3F7B10
4097E0
41B4B0
42D180
43EE50
44FC50
460A40
471840
482630
492360
4A20A0
4B1DD0
4C1B00
4D0550
4DEFB0
4EDA00
4FC450
509AF0
517190
524820
531EC0
53E0B0
54A290
556480
562660
56D1D0
577D40
5828A0
58D410
5966F0
59F9D0
5A8CB0
5B1F90
5B99D0
5C1410
5C8E40
5D0880
5D69C0
5DCB10
5E2C50
5E8D90
5ED480
5F1B60
5F6250
5FA930
5FD410
5FFEE0
6029C0
605490
6063F0
607360
6082C0
609220
608660
607AB0
606EF0
606330
603B70
6013C0
5FEC00
5FC440
5F7F50
5F3A50
5EF560
5EB060
5E4F80
5DEEB0
5D8DD0
5D2CF0
5CB130
5C3570
5BB9B0
5B3DF0
5AA710
5A1030
597950
58E270
582FF0
577D70
56CAE0
561860
554C10
547FD0
53B380
52E730
5202B0
511E30
5039A0
4F5520
4E58D0
4D5C80
4C6030
4B63E0
4A5000
493C10
482830
471440
45EB00
44C1D0
439890
426F50
4132B0
3FF620
3EB980
3D7CE0
3C2E00
3ADF10
399030
384140
36E100
3580C0
342070
32C030
3150F0
2FE1C0
2E7280
2D0340
2B8740
2A0B40
288F40
271340
258C10
2404F0
227DC0
20F690
1F65D0
1DD510
1C4440
1AB380
191B70
178370
15EB60
145350
12B630
111910
0F7BF0
0DDED0
0C3EA0
0A9E70
08FE30
075E00
05BCD0
041B90
027A60
00D920
FF38F0
FD98B0
FBF880
FA5850
F8BB10
F71DE0
F580A0
F3E370
F24B60
F0B350
EF1B50
ED8340
EBF2C0
EA6230
E8D1B0
E74130
E5B9C0
E43240
E2AAD0
E12360
DFA690
DE29B0
DCACE0
DB3010
D9C000
D84FF0
D6DFF0
D56FE0
D40F00
D2AE30
D14D50
CFEC80
CE9BC0
CD4AF0
CBFA30
CAA970
C969D0
C82A20
C6EA80
C5AAE0
C47E40
C351B0
C22510
C0F880
BFE120
BEC9C0
BDB270
BC9B10
BB9920
BA9740
B99550
B89370
B7A770
B6BB60
B5CF60
B4E360
B40ED0
B33A30
B265A0
B19110
B0D5C0
B01A70
AF5F20
AEA3D0
AE0140
AD5EA0
ACBC10
AC1980
AB8F70
AB0560
AA7B50
A9F140
A980B0
A91020
A89F90
A82F00
A7D930
A78360
A72DA0
A6D7D0
A69BA0
A65F70
A62350
A5E720
A5C3B0
A5A050
A57CE0
A55980
A54F30
A544E0
A53AA0
A53050
A53FC0
A54F20
A55E90
A56E00
A59570
A5BCF0
A5E460
A60BE0
A64A10
A68840
A6C670
A704A0
A75930
A7ADD0
A80260
A85700
A8C1E0
A92CC0
A997A0
AA0280
AA81B0
AB00E0
AB8010
ABFF40
AC9110
AD22E0
ADB4C0
AE4690
AEEA20
AF8DB0
B03140
B0D4D0
B18950
B23DC0
B2F240
B3A6C0
B46A20
B52D70
B5F0D0
B6B430
B78490
B85500
B92560
B9F5D0
BAD1E0
BBADE0
BC89F0
BD6600
BE4C50
BF32A0
C01900
C0FF50
C1EE00
C2DCA0
C3CB50
C4BA00
C5AF30
C6A460
C799A0
C88ED0
C988D0
CA82D0
CB7CE0
CC76E0
CD73E0
CE70E0
CF6DE0
D06AE0
D16940
D267B0
D36610
D46480
D562C0
D66100
D75F50
D85D90
D959E0
DA5630
DB5280
DC4ED0
DD4730
DE3F90
DF37F0
E03050
E12390
E216E0
E30A20
E3FD70
E4EA60
E5D760
E6C450
E7B150
E89630
E97B00
EA5FE0
EB44C0
EC1F70
ECFA20
EDD4D0
EEAF80
EF7F80
F04F90
F11F90
F1EFA0
F2B460
F37920
F43DE0
F502A0
F5BA90
F67280
F72A70
F7E260
F88BB0
F93500
F9DE50
FA87A0
FB2270
FBBD50
FC5820
FCF300
FD7F50
FE0BA0
FE9800
FF2450
FFA100
001DC0
009A70
011720
0182C0
01EE70
025A10
02C5B0
032120
037C90
03D7F0
043360
047F20
04CAE0
051690
056250
059DD0
05D960
0614E0
065060
067AF0
06A580
06D000
06FA90
071560
073030
074B00
0765D0
0771E0
077DF0
0789F0
079600
079340
079090
078DD0
078B10
077950
0767A0
0755E0
074420
072510
070610
06E700
06C7F0
069D00
067210
064720
061C30
05E5F0
05AFB0
057960
054320
050200
04C0E0
047FB0
043E90
03F460
03AA40
036010
0315E0
02C450
0272B0
022120
01CF80
0177A0
011FB0
00C7D0
006FE0
0012B0
FFB570
FF5840
FEFB10
FE9A60
FE39A0
FDD8F0
FD7840
FD15B0
FCB320
FC50A0
FBEE10
FB8B20
FB2830
FAC550
FA6260
FA0090
F99EC0
F93D00
F8DB30
F87C10
F81CE0
F7BDC0
F75EA0
F70390
F6A880
F64D80
F5F270
F59D20
F547E0
F4F290
F49D50
F44F90
F401D0
F3B410
F36650
F32120
F2DC00
F296D0
F251B0
F21640
F1DAC0
F19F50
F163E0
F133C0
F103A0
F0D390
F0A370
F08080
F05D80
F03A90
F017A0
F00250
EFED00
EFD7C0
EFC270
EFBB60
EFB450
EFAD50
EFA640
EFAEE0
EFB790
EFC030
EFC8E0
EFE2F0
EFFD00
F01720
F03130
F05C70
F087B0
F0B300
F0DE40
F11AB0
F15720
F193A0
F1D010
F21EC0
F26D60
F2BC10
F30AC0
F36CF0
F3CF20
F43150
F49380
F50860
F57D40
F5F220
F66700
F6EE00
F77500
F7FC00
F88300
F91CA0
F9B650
FA4FF0
FAE9A0
FB96D0
FC4400
FCF130
FD9E60
FE5D90
FF1CD0
FFDC00
009B40
016B50
023B60
030B70
03DB80
04BC60
059D30
067E10
075EE0
0850B0
094280
0A3440
0B2610
0C26E0
0D27B0
0E2880
0F2950
103790
1145C0
125400
136230
147D20
159810
16B300
17CDF0
18F520
1A1C50
1B4370
1C6AA0
1D9BD0
1ECD00
1FFE20
212F50
226890
23A1D0
24DB00
261440
275440
289440
29D440
2B1440
2C59D0
2D9F70
2EE500
302A90
317390
32BC80
340580
354E70
3698D0
37E320
392D80
3A77D0
3BC1D0
3D0BE0
3E55E0
3F9FE0
40E7F0
423000
437800
44C010
460410
474810
488C10
49D010
4B0E20
4C4C20
4D8A30
4EC830
4FFE40
513460
526A70
53A080
54CC90
55F890
5724A0
5850A0
597110
5A9170
5BB1E0
5CD240
5DE570
5EF8A0
600BC0
611EF0
6222D0
6326C0
642AA0
652E80
6620E0
671350
6805B0
68F810
69D7F0
6AB7C0
6B97A0
6C7770
6D43A0
6E0FD0
6EDC00
6FA830
705ED0
711570
71CC10
7282B0
732190
73C060
745F40
74FE10
7584E0
760BB0
769270
771940
778780
77F5C0
786400
78D240
792670
797AA0
79CEC0
7A22F0
7A5B30
7A9360
7ACBA0
7B03D0
7B2080
7B3D30
7B59E0
7B7690
7B77F0
7B7940
7B7AA0
7B7BF0
7B60E0
7B45D0
7B2AC0
7B0FB0
7AD6D0
7A9DF0
7A6510
7A2C30
79D6B0
798130
792BB0
78D630
7864F0
77F3B0
778270
771130
7683D0
75F670
756900
74DBA0
743170
738730
72DD00
7232C0
716D70
70A820
6FE2C0
6F1D70
6E3E70
6D5F60
6C8060
6BA150
6AA8E0
69B070
68B7F0
67BF80
66ADA0
659BD0
6489F0
637810
624F00
6125E0
5FFCD0
5ED3B0
5D9530
5C56B0
5B1830
59D9B0
5886C0
5733D0
55E0D0
548DE0
532740
51C0B0
505A10
4EF370
4D7B70
4C0380
4A8B80
491380
478C40
4604F0
447DB0
42F660
416140
3FCC30
3E3710
3CA1F0
3B0070
395EF0
37BD70
361BF0
347050
32C4A0
311900
2F6D50
2DB9A0
2C05F0
2A5230
289E80
26E4A0
252AC0
2370E0
21B700
1FF8F0
1E3AE0
1C7CC0
1ABEB0
18FE50
173E00
157DA0
13BD40
11FC80
103BC0
0E7B00
0CBA40
0AFB30
093C20
077D00
05BDF0
0402C0
024790
008C60
FED130
FD1B60
FB6590
F9AFD0
F7FA00
F64B20
F49C40
F2ED60
F13E80
EF98A0
EDF2C0
EC4CE0
EAA700
E90C70
E771E0
E5D750
E43CC0
E2AE50
E11FE0
DF9180
DE0310
DC81D0
DB0080
D97F40
D7FE00
D68BC0
D51980
D3A740
D23500
D0D3E0
CF72D0
CE11B0
CCB0A0
CB60D0
CA1110
C8C140
C77180
C63360
C4F550
C3B730
C27920
C14E20
C02330
BEF830
BDCD40
BCB720
BBA100
BA8AE0
B974C0
B87300
B77140
B66F80
B56DC0
B48020
B39280
B2A4F0
B1B750
B0DEC0
B00630
AF2DA0
AE5510
AD92B0
ACD050
AC0E00
AB4BA0
AA9E70
A9F140
A94410
A896E0
A7FE20
A76550
A6CC90
A633D0
A5AFC0
A52BC0
A4A7B0
A423B0
A3B4E0
A34620
A2D750
A26890
A20DA0
A1B2A0
A157B0
A0FCC0
A0B470
A06C20
A023D0
9FDB80
9FA590
9F6FA0
9F39B0
9F03C0
9EE010
9EBC60
9E98C0
9E7510
9E61F0
9E4EE0
9E3BC0
9E28B0
9E24B0
9E20C0
9E1CC0
9E18D0
9E2320
9E2D70
9E37D0
9E4220
9E59F0
9E71D0
9E89A0
9EA180
9EC530
9EE8F0
9F0CA0
9F3060
9F5E80
9F8CA0
9FBAC0
9FE8E0
A02030
A05780
A08ED0
A0C620
A10560
A144A0
A183F0
A1C330
A208F0
A24EB0
A29480
A2DA40
A32530
A37010
A3BB00
A405F0
A45490
A4A330
A4F1D0
A54070
A59130
A5E1E0
A632A0
A68360
A6D530
A72710
A778E0
A7CAC0
A81CB0
A86E90
A8C080
A91270
A96300
A9B380
AA0410
AA54A0
AAA220
AAEFB0
AB3D30
AB8AC0
ABD4C0
AC1EC0
AC68C0
ACB2C0
ACF8A0
AD3E70
AD8450
ADCA30
AE0A90
AE4AF0
AE8B50
AECBB0
AF0500
AF3E60
AF77B0
AFB110
AFE380
B015E0
B04850
B07AC0
B0A620
B0D190
B0FCF0
B12860
B14BD0
B16F40
B192B0
B1B620
B1D060
B1EAB0
B204F0
B21F40
B23100
B242B0
B25470
B26630
B26FC0
B27950
B282E0
B28C70
B28D40
B28E10
B28EF0
B28FC0
B28710
B27E60
B275B0
B26D00
B25BF0
B24AE0
B239D0
B228C0
B21020
B1F790
B1DEF0
B1C660
B1A640
B18610
B165F0
B145D0
B11DF0
B0F610
B0CE40
B0A660
B07830
B04A00
B01BE0
AFEDB0
AFBA60
AF8700
AF53B0
AF2060
AEE860
AEB060
AE7860
AE4060
AE0400
ADC7B0
AD8B50
AD4F00
AD0FE0
ACD0C0
AC91B0
AC5290
AC1210
ABD180
AB9100
AB5080
AB0F80
AACE90
AA8D90
AA4CA0
AA0C20
A9CBA0
A98B20
A94AA0
A90C00
A8CD60
A88EC0
A85020
A814A0
A7D930
A79DB0
A76240
A72B20
A6F410
A6BCF0
A685E0
A65460
A622E0
A5F170
A5BFF0
A59540
A56A90
A53FF0
A51540
A4F280
A4CFC0
A4AD00
A48A40
A470D0
A45760
A43DF0
A42480
A415F0
A40750
A3F8C0
A3EA30
A3E720
A3E400
A3E0F0
A3DDE0
A3E700
A3F030
A3F950
A40280
A41930
A42FD0
A44680
A45D30
A482D0
A4A880
A4CE20
A4F3D0
A528A0
A55D70
A59250
A5C720
A60B60
A64FB0
A693F0
A6D840
A72D10
A781E0
A7D6C0
A82B90
A89240
A8F8F0
A95FB0
A9C660
AA3E80
AAB690
AB2EB0
ABA6D0
AC3020
ACB960
AD42B0
ADCC00
AE6720
AF0250
AF9D70
B038A0
B0E690
B19480
B24280
B2F070
B3B030
B47000
B52FC0
B5EF90
B6C070
B79150
B86230
B93310
BA1540
BAF770
BBD9B0
BCBBE0
BDAFE0
BEA3E0
BF97E0
C08BE0
C19030
C29480
C398E0
C49D30
C5B0B0
C6C420
C7D7A0
C8EB20
CA0D70
CB2FB0
CC5200
CD7450
CEA540
CFD640
D10730
D23830
D37620
D4B400
D5F1F0
D72FE0
D87940
D9C2A0
DB0C10
DC5570
DDA970
DEFD80
E05180
E1A590
E30380
E46170
E5BF70
E71D60
E88370
E9E980
EB4FA0
ECB5B0
EE2240
EF8ED0
F0FB60
F267F0
F3D9C0
F54B90
F6BD70
F82F40
F9A520
FB1B00
FC90E0
FE06C0
FF7EF0
00F730
026F70
03E7A0
056090
06D980
085270
09CB60
0B4390
0CBBB0
0E33E0
0FAC00
1121D0
129790
140D60
158320
16F520
186710
19D910
1B4B00
1CB7D0
1E2490
1F9160
20FE20
226410
23CA00
252FF0
2695E0
27F330
295090
2AADE0
2C0B30
2D5EE0
2EB2A0
300650
315A00
32A310
33EC20
353520
367E30
37BAF0
38F7C0
3A3480
3B7140
3C9FF0
3DCEA0
3EFD50
402C00
414C30
426C60
438C90
44ACC0
45BDE0
46CF00
47E020
48F140
49F200
4AF2C0
4BF370
4CF430
4DE2F0
4ED1B0
4FC070
50AF30
518C20
526900
5345F0
5422D0
54EDD0
55B8C0
5683C0
574EB0
5806C0
58BED0
5976D0
5A2EE0
5AD2C0
5B76B0
5C1A90
5CBE70
5D4EE0
5DDF50
5E6FB0
5F0020
5F7D90
5FFB00
607870
60F5E0
615FD0
61C9D0
6233C0
629DB0
62F380
634940
639F10
63F4D0
643780
647A40
64BCF0
64FFA0
653020
6560B0
659130
65C1B0
65E000
65FE50
661CA0
663AF0
6646E0
6652E0
665ED0
666AC0
6665D0
6660D0
665BE0
6656E0
664230
662D80
6618D0
660420
65E040
65BC60
659870
657490
6541F0
650F50
64DCA0
64AA00
646A20
642A30
63EA50
63AA60
635E90
6312C0
62C6F0
627B20
622460
61CD90
6176D0
612000
60BF20
605E40
5FFD60
5F9C80
5F3300
5EC980
5E6000
5DF680
5D85C0
5D1510
5CA450
5C3390
5BBCD0
5B4610
5ACF50
5A5890
59DD20
5961B0
58E640
586AD0
57EBE0
576CF0
56EDF0
566F00
55EDC0
556C70
54EB30
5469E0
53E7A0
536570
52E330
5260F0
51DF40
515D90
50DBD0
505A20
4FD9C0
4F5970
4ED910
4E58B0
4DDA90
4D5C70
4CDE40
4C6020
4BE590
4B6B00
4AF060
4A75D0
4A0050
498AD0
491540
489FC0
482FA0
47BF80
474F60
46DF40
467500
460AD0
45A090
453650
44D310
446FD0
440C90
43A950
434E60
42F380
429890
423DA0
41EAF0
419830
414580
40F2C0
40A850
405DD0
401360
3FC8E0
3F8780
3F4620
3F04B0
3EC350
3E8C00
3E54B0
3E1D60
3DE610
3DB840
3D8A80
3D5CB0
3D2EE0
3D0A40
3CE590
3CC0F0
3C9C40
3C8120
3C6610
3C4AF0
3C2FD0
3C1EE0
3C0DF0
3BFCF0
3BEC00
3BE440
3BDC90
3BD4D0
3BCD10
3BCDD0
3BCE90
3BCF40
3BD000
3BD930
3BE260
3BEB80
3BF4B0
3C0660
3C1820
3C29D0
3C3B80
3C54A0
3C6DC0
3C86D0
3C9FF0
3CBF90
3CDF20
3CFEC0
3D1E50
3D43F0
3D6980
3D8F20
3DB4B0
3DDFE0
3E0B10
3E3640
3E6170
3E9120
3EC0E0
3EF090
3F2040
3F5380
3F86C0
3FB9F0
3FED30
402340
405940
408F50
40C550
40FD60
413580
416D90
41A5A0
41DEC0
4217F0
425110
428A30
42C380
42FCD0
433610
436F60
43A7F0
43E070
441900
445180
448840
44BF10
44F5D0
452C90
4560E0
459530
45C970
45FDC0
462EE0
466000
469110
46C230
46EF20
471C10
474900
4775F0
479D90
47C530
47ECC0
481460
483660
485870
487A70
489C70
48B880
48D490
48F090
490CA0
4921C0
4936F0
494C10
496130
496E50
497B70
498890
4995B0
499B10
49A070
49A5C0
49AB20
49A8D0
49A680
49A420
49A1D0
499730
498C80
4981E0
497730
496370
494FB0
493BE0
492820
490BE0
48EFA0
48D360
48B720
4892D0
486E90
484A40
4825F0
47F950
47CCB0
47A010
477370
473E10
4708B0
46D340
469DE0
4660B0
462380
45E650
45A920
4564F0
4520C0
44DC90
449860
444D50
440240
43B720
436C10
431A20
42C820
427630
422430
41CC80
4174E0
411D30
40C580
406930
400CD0
3FB080
3F5420
3EF390
3E9310
3E3280
3DD1F0
3D6D90
3D0930
3CA4D0
3C4070
3BD9A0
3B72C0
3B0BF0
3AA510
3A3CF0
39D4D0
396CA0
390480
389BF0
383360
37CAC0
376230
36FA10
369200
3629E0
35C1C0
355B40
34F4C0
348E40
3427C0
33C3F0
336010
32FC40
329860
323850
31D840
317820
311810
30BCF0
3061C0
3006A0
2FAB70
2F5610
2F00A0
2EAB40
2E55D0
2E0700
2DB830
2D6950
2D1A80
2CD360
2C8C50
2C4530
2BFE10
2BC000
2B8200
2B43F0
2B05E0
2AD140
2A9C90
2A67F0
2A3340
2A0870
29DDA0
29B2C0
2987F0
296800
294810
292810
290820
28F450
28E080
28CCA0
28B8D0
28B0F0
28A900
28A120
289930
289D30
28A140
28A540
28A940
28B9F0
28CAB0
28DB60
28EC10
290A80
2928F0
294760
2965D0
299140
29BCA0
29E810
2A1370
2A4B40
2A8310
2ABAE0
2AF2B0
2B3750
2B7BF0
2BC080
2C0520
2C5730
2CA940
2CFB50
2D4D60
2DAB90
2E09C0
2E67F0
2EC620
2F2F60
2F98B0
3001F0
306B30
30DF60
315390
31C7C0
323BF0
32BB20
333A60
33B990
3438C0
34C150
3549E0
35D260
365AF0
36EB70
377BE0
380C60
389CD0
393490
39CC50
3A6400
3AFBC0
3B9A40
3C38C0
3CD740
3D75C0
3E1930
3EBC90
3F6000
400360
40AA10
4150C0
41F760
429E10
4346E0
43EFB0
449870
454140
45EB20
4694F0
473ED0
47E8A0
4891C0
493AD0
49E3F0
4A8D00
4B33B0
4BDA50
4C8100
4D27A0
4DCA60
4E6D20
4F0FE0
4FB2A0
505000
50ED60
518AC0
522820
52BE80
5354F0
53EB50
5481B0
550F90
559D70
562B40
56B920
573CC0
57C060
584400
58C7A0
593F30
59B6B0
5A2E40
5AA5C0
5B1020
5B7A80
5BE4D0
5C4F30
5CAB50
5D0760
5D6380
5DBF90
5E0BB0
5E57D0
5EA3F0
5EF010
5F2A40
5F6480
5F9EB0
5FD8E0
6000C0
6028B0
605090
607870
608D80
60A280
60B790
60CC90
60CD40
60CE00
60CEB0
60CF60
60BA00
60A490
608F30
6079C0
604EA0
602380
5FF850
5FCD30
5F8C70
5F4BB0
5F0AE0
5ECA20
5E72B0
5E1B40
5DC3D0
5D6C60
5CFCF0
5C8D70
5C1E00
5BAE80
5B2820
5AA1C0
5A1B50
5994F0
58F870
585BF0
57BF60
5722E0
566FD0
55BCB0
5509A0
545680
538C10
52C190
51F720
512CA0
504C90
4F6C80
4E8C70
4DAC60
4CB830
4BC400
4ACFD0
49DBA0
48D380
47CB60
46C330
45BB10
449EE0
4382C0
426690
414A60
401C80
3EEEA0
3DC0C0
3C92E0
3B5550
3A17C0
38DA30
379CA0
365050
350400
33B7B0
326B60
311120
2FB6D0
2E5C90
2D0240
2B9C90
2A36D0
28D120
276B60
25FC80
248D90
231EB0
21AFC0
203940
1EC2C0
1D4C30
1BD5B0
1A5900
18DC60
175FB0
15E300
1462B0
12E270
116220
0FE1D0
0E6040
0CDEB0
0B5D20
09DB90
085AD0
06DA00
055940
03D870
025AA0
00DCC0
FF5EE0
FDE110
FC6840
FAEF80
F976B0
F7FDF0
F68C50
F51AA0
F3A900
F23760
F0CF30
EF6700
EDFED0
EC96A0
EB3A60
E9DE10
E881D0
E72590
E5D6D0
E48800
E33940
E1EA80
E0AAD0
DF6B20
DE2B80
DCEBD0
DBBD90
DA8F50
D96110
D832D0
D718A0
D5FE60
D4E430
D3CA00
D2C490
D1BF10
D0B9A0
CFB430
CEC460
CDD480
CCE4B0
CBF4E0
CB1CB0
CA4480
C96C60
C89430
C7D610
C717F0
C659E0
C59BC0
C4F780
C45330
C3AEF0
C30AB0
C28050
C1F600
C16BA0
C0E150
C07270
C00380
BF94A0
BF25C0
BED430
BE82B0
BE3120
BDDFA0
BDAA50
BD74F0
BD3FA0
BD0A50
BCF060
BCD670
BCBC90
BCA2A0
BCA4E0
BCA730
BCA970
BCABC0
BCCB70
BCEB20
BD0AD0
BD2A80
BD6590
BDA0A0
BDDBB0
BE16C0
BE6B90
BEC060
BF1540
BF6A10
BFD890
C04720
C0B5A0
C12430
C1ACA0
C23520
C2BD90
C34610
C3E5E0
C485A0
C52570
C5C540
C67A20
C72F10
C7E3F0
C898E0
C96200
CA2B10
CAF430
CBBD50
CC99F0
CD7690
CE5330
CF2FD0
D01D00
D10A20
D1F750
D2E480
D3DFA0
D4DAB0
D5D5D0
D6D0F0
D7D840
D8DF90
D9E6E0
DAEE30
DC0010
DD11E0
DE23C0
DF35A0
E04F30
E168B0
E28240
E39BD0
E4BA60
E5D8E0
E6F770
E81600
E93740
EA5880
EB79C0
EC9B00
EDBCA0
EEDE40
EFFFE0
F12180
F240F0
F36060
F47FD0
F59F40
F6BA10
F7D4D0
F8EFA0
FA0A70
FB1DF0
FC3170
FD44F0
FE5870
FF61C0
006B20
017470
027DC0
037B10
047870
0575C0
067310
076280
085200
094170
0A30E0
0B0FD0
0BEEC0
0CCDA0
0DAC90
0E77F0
0F4350
100EB0
10DA10
119100
1247F0
12FED0
13B5C0
145720
14F880
1599D0
163B30
16C490
174E00
17D760
1860C0
18CF60
193E10
19ACB0
1A1B50
1A6F60
1AC360
1B1770
1B6B70
1BA4B0
1BDDF0
1C1720
1C5060
1C6D00
1C89B0
1CA650
1CC2F0
1CC0C0
1CBE90
1CBC50
1CBA20
1C9A50
1C7A70
1C5AA0
1C3AC0
1BFE10
1BC160
1B84A0
1B47F0
1AED70
1A92F0
1A3860
19DDE0
196420
18EA70
1870B0
17F6F0
176010
16C930
163250
159B70
14E910
1436C0
138460
12D200
120420
113640
106860
0F9A80
0EB0B0
0DC6D0
0CDD00
0BF320
0AF020
09ED20
08EA20
07E720
06CD60
05B3A0
0499D0
038010
025080
0120E0
FFF140
FEC1B0
FD7CF0
FC3830
FAF380
F9AEC0
F85800
F70130
F5AA70
F453B0
F2EDA0
F18790
F02190
EEBB80
ED4800
EBD490
EA6110
E8EDA0
E76E80
E5EF60
E47040
E2F120
E16940
DFE170
DE5990
DCD1C0
DB43E0
D9B600
D82830
D69A50
D508E0
D37760
D1E5F0
D05480
CEC1F0
CD2F60
CB9CE0
CA0A50
C87930
C6E810
C556F0
C3C5D0
C238A0
C0AB60
BF1E30
BD9100
BC0A20
BA8340
B8FC70
B77590
B5F760
B47940
B2FB10
B17CF0
B00A30
AE9780
AD24C0
ABB210
AA4D40
A8E880
A783B0
A61EF0
A4CB10
A37740
A22360
A0CF90
9F9010
9E50A0
9D1120
9BD1B0
9AA7C0
997DD0
9853E0
9729F0
9616B0
950360
93F020
92DCE0
91E3B0
90EA90
8FF160
8EF840
8E1DD0
8D4360
8C68F0
8B8E80
8AD070
8A1270
895460
889660
87F370
875080
86ADA0
860AB0
858450
84FDF0
8477A0
83F140
838940
832130
82B930
825130
820550
81B960
816D80
8121A0
80F080
80BF60
808E40
805D20
8045D0
802E90
801740
800000
8000E0
8001C0
8002B0
800390
801D70
803750
805130
806B10
809E00
80D100
8103F0
8136F0
818360
81CFD0
821C40
8268B0
82CFC0
8336E0
839DF0
840510
848480
8503F0
858360
8602D0
869890
872E50
87C420
8859E0
890650
89B2B0
8A5F20
8B0B90
8BCFE0
8C9440
8D5890
8E1CF0
8EF470
8FCBF0
90A380
917B00
926200
934900
943010
951710
960BA0
970030
97F4D0
98E960
99E960
9AE960
9BE960
9CE960
9DF1B0
9EFA10
A00260
A10AC0
A218A0
A32670
A43450
A54230
A65290
A762F0
A87350
A983B0
AA9330
ABA2B0
ACB230
ADC1B0
AECEB0
AFDBA0
B0E8A0
B1F5A0
B2FE30
B406C0
B50F50
B617E0
B71950
B81AD0
B91C40
BA1DC0
BB1540
BC0CB0
BD0430
BDFBB0
BEE7D0
BFD3F0
C0C020
C1AC40
C28B90
C36AE0
C44A40
C52990
C5F990
C6C9A0
C799A0
C869B0
C92790
C9E580
CAA360
CB6150
CC0CB0
CCB810
CD6380
CE0EE0
CEA720
CF3F50
CFD790
D06FD0
D0F2C0
D175B0
D1F8B0
D27BA0
D2E6B0
D351C0
D3BCE0
D427F0
D47C00
D4D000
D52410
D57820
D5B590
D5F300
D63070
D66DE0
D69360
D6B8D0
D6DE50
D703D0
D70F70
D71B20
D726C0
D73270
D72620
D719E0
D70D90
D70150
D6DE80
D6BBA0
D698D0
D67600
D63C30
D60260
D5C8A0
D58ED0
D53D40
D4EBB0
D49A20
D44890
D3E1E0
D37B20
D31470
D2ADC0
D23410
D1BA50
D140A0
D0C6F0
D03AD0
CFAEB0
CF22A0
CE9680
CDF840
CD5A00
CCBBC0
CC1D80
CB7030
CAC2F0
CA15A0
C96860
C8AEB0
C7F500
C73B60
C681B0
C5BD30
C4F8B0
C43430
C36FB0
C2A1C0
C1D3D0
C105E0
C037F0
BF63B0
BE8F60
BDBB20
BCE6E0
BC0F10
BB3730
BA5F60
B98790
B8AE80
B7D560
B6FC50
B62340
B54B30
B47330
B39B20
B2C320
B1EED0
B11A80
B04640
AF71F0
AEA3E0
ADD5E0
AD07D0
AC39D0
AB74C0
AAAFB0
A9EAB0
A925A0
A86C70
A7B340
A6FA20
A640F0
A59590
A4EA40
A43EE0
A39390
A2F800
A25C70
A1C0E0
A12550
A09C60
A01360
9F8A70
9F0180
9E8E50
9E1B20
9DA800
9D34D0
9CD840
9C7BB0
9C1F20
9BC290
9B7DA0
9B38C0
9AF3D0
9AAEF0
9A8420
9A5960
9A2E90
9A03D0
99F610
99E840
99DA80
99CCC0
99DBB0
99EAB0
99F9A0
9A08A0
9A3470
9A6030
9A8C00
9AB7D0
9B0240
9B4CB0
9B9730
9BE1A0
9C4D20
9CB890
9D2410
9D8F90
9E1A90
9EA5A0
9F30A0
9FBBB0
A06540
A10EC0
A1B850
A261E0
A32AD0
A3F3D0
A4BCC0
A585C0
A66F80
A75940
A84300
A92CC0
AA34E0
AB3CF0
AC4510
AD4D30
AE71C0
AF9650
B0BAE0
B1DF70
B32050
B46140
B5A220
B6E310
B840A0
B99E40
BAFBD0
BC5970
BDD080
BF4790
C0BEB0
C235C0
C3C3A0
C55170
C6DF50
C86D30
CA10A0
CBB410
CD5790
CEFB00
D0B310
D26B30
D42340
D5DB60
D7A4B0
D96E00
DB3750
DD00A0
DED820
E0AF90
E28710
E45E90
E64220
E825A0
EA0930
EBECC0
EDDA50
EFC7E0
F1B570
F3A300
F59750
F78BA0
F97FF0
FB7440
FD6C50
FF6450
015C60
035470
054D80
074680
093F90
0B3890
0D2FD0
0F2700
111E40
131570
150810
16FAA0
18ED40
1ADFD0
1CCB20
1EB670
20A1B0
228D00
246DF0
264ED0
282FC0
2A10A0
2BE3D0
2DB6F0
2F8A20
315D40
3320D0
34E450
36A7E0
386B60
3A1D50
3BCF40
3D8130
3F3320
40D080
426DD0
440B30
45A880
472DF0
48B360
4A38C0
4BBE30
4D2AD0
4E9770
500400
5170A0
52C350
5415F0
5568A0
56BB40
57F150
592770
5A5D80
5B9390
5CA9E0
5DC040
5ED690
5FECE0
60E3E0
61DAE0
62D1E0
63C8E0
64A090
657840
664FE0
672790
67DE20
6894A0
694B30
6A01B0
6A94E0
6B2800
6BBB30
6C4E50
6CBF60
6D3080
6DA190
6E12A0
6E6280
6EB260
6F0240
6F5220
6F7FE0
6FAD90
6FDB50
700900
701330
701D60
702780
7031B0
701A90
700380
6FEC60
6FD540
6F9EA0
6F67F0
6F3150
6EFAA0
6EA490
6E4E80
6DF870
6DA260
6D2CC0
6CB720
6C4170
6BCBD0
6B3940
6AA6B0
6A1420
698190
68D450
682710
6779D0
66CC90
6605B0
653EC0
6477E0
63B0F0
62D130
61F170
6111B0
6031F0
5F3C40
5E4680
5D50D0
5C5B10
5B51F0
5A48D0
593FA0
583680
571BC0
560110
54E650
53CB90
52A110
5176A0
504C20
4F21A0
4DE9F0
4CB240
4B7A90
4A42E0
490060
47BDF0
467B70
4538F0
43EE00
42A300
415810
400D10
3EBC20
3D6B30
3C1A30
3AC940
397450
381F50
36CA60
357560
341E60
32C750
317050
301940
2EC2A0
2D6C00
2C1550
2ABEB0
296B30
2817B0
26C420
2570A0
242170
22D250
218320
2033F0
1EEA70
1DA0F0
1C5760
1B0DE0
19CC60
188AE0
174950
1607D0
14D110
139A50
126380
112CC0
1000F0
0ED510
0DA940
0C7D60
0B5CF0
0A3C90
091C20
07FBB0
06E880
05D550
04C210
03AEE0
02AB10
01A740
00A370
FF9FA0
FEAAA0
FDB5A0
FCC0B0
FBCBB0
FAE550
F9FEF0
F91890
F83230
F75BA0
F68510
F5AE80
F4D7F0
F412C0
F34D80
F28850
F1C320
F10DE0
F058B0
EFA370
EEEE40
EE4810
EDA1E0
ECFBC0
EC5590
EBBEC0
EB2800
EA9130
E9FA70
E97390
E8ECB0
E865E0
E7DF00
E76670
E6EDE0
E67550
E5FCC0
E59120
E52580
E4B9E0
E44E40
E3EF30
E39020
E33120
E2D210
E27F60
E22CA0
E1D9F0
E18740
E13F10
E0F6E0
E0AEC0
E06690
E02760
DFE830
DFA900
DF69D0
DF3290
DEFB60
DEC420
DE8CF0
DE5CA0
DE2C40
DDFBF0
DDCBA0
DDA0B0
DD75C0
DD4AE0
DD1FF0
DCF910
DCD220
DCAB40
DC8460
DC6020
DC3BD0
DC1790
DBF350
DBD010
DBACD0
DB89A0
DB6660
DB4340
DB2020
DAFD10
DAD9F0
DAB600
DA9210
DA6E30
DA4A40
DA2410
D9FDD0
D9D7A0
D9B170
D98730
D95D00
D932C0
D90890
D8DA10
D8ABA0
D87D20
D84EB0
D81BA0
D7E890
D7B580
D78270
D74980
D71080
D6D790
D69EA0
D65E10
D61D90
D5DD00
D59C80
D55510
D50DB0
D4C640
D47EE0
D43100
D3E310
D39530
D34750
D2F220
D29CF0
D247D0
D1F2A0
D19510
D13790
D0DA00
D07C80
D017E0
CFB350
CF4EB0
CEEA20
CE7F80
CE14E0
CDAA40
CD3FA0
CCCEC0
CC5DE0
CBED10
CB7C30
CB0480
CA8CD0
CA1530
C99D80
C92110
C8A490
C82820
C7ABB0
C72C10
C6AC70
C62CD0
C5AD30
C52B00
C4A8C0
C42690
C3A460
C32000
C29B90
C21730
C192D0
C10E50
C089E0
C00560
BF80F0
BEFE30
BE7B80
BDF8C0
BD7610
BCF650
BC7680
BBF6C0
BB7700
BAFB50
BA7FA0
BA03F0
B98840
B912A0
B89D10
B82770
B7B1E0
B74440
B6D690
B668F0
B5FB50
B59750
B53350
B4CF60
B46B60
B412D0
B3BA40
B361C0
B30930
B2BDA0
B27210
B22680
B1DAF0
B19DD0
B160B0
B12390
B0E670
B0B9B0
B08CF0
B06030
B03370
B01930
AFFF00
AFE4C0
AFCA90
AFC390
AFBCA0
AFB5A0
AFAEB0
AFBBC0
AFC8E0
AFD5F0
AFE310
B00600
B02900
B04BF0
B06EF0
B0A9E0
B0E4D0
B11FD0
B15AC0
B1AD80
B20030
B252F0
B2A5B0
B31030
B37AC0
B3E540
B44FD0
B4D390
B55760
B5DB20
B65EF0
B6FDD0
B79CC0
B83BA0
B8DA90
B99330
BA4BE0
BB0480
BBBD30
BC8EA0
BD6010
BE3180
BF02F0
BFEDD0
C0D8A0
C1C380
C2AE60
C3B3B0
C4B910
C5BE60
C6C3C0
C7E170
C8FF10
CA1CC0
CB3A70
CC6EA0
CDA2E0
CED710
D00B50
D155F0
D2A090
D3EB30
D535D0
D69720
D7F870
D959D0
DABB20
DC3010
DDA510
DF1A00
E08F00
E21510
E39B20
E52130
E6A740
E83D40
E9D340
EB6940
ECFF40
EEA440
F04940
F1EE40
F39340
F54400
F6F4D0
F8A590
FA5660
FC1000
FDC9A0
FF8350
013CF0
02FD80
04BE20
067EB0
083F40
0A04F0
0BCAA0
0D9040
0F55F0
111D70
12E4F0
14AC70
1673F0
183A40
1A0090
1BC6E0
1D8D30
1F4FB0
211230
22D4A0
249720
265300
280EF0
29CAD0
2B86B0
2D3950
2EEBE0
309E80
325110
33F7C0
359E70
374520
38EBD0
3A83A0
3C1B70
3DB340
3F4B10
40D0C0
425670
43DC10
4561C0
46D370
484530
49B6E0
4B2890
4C8460
4DE030
4F3BF0
5097C0
51DAB0
531DA0
546080
55A370
56CA20
57F0E0
591790
5A3E40
5B4800
5C51D0
5D5B90
5E6550
5F5130
603D10
6128F0
6214D0
62E040
63ABA0
647710
654270
65EA40
669220
6739F0
67E1C0
6866A0
68EB90
697070
69F550
6A5770
6AB9A0
6B1BC0
6B7DE0
6BBB80
6BF920
6C36C0
6C7460
6C8B30
6CA200
6CB8D0
6CCFA0
6CC170
6CB340
6CA500
6C96D0
6C64E0
6C32F0
6C00F0
6BCF00
6B7880
6B2200
6ACB70
6A74F0
69F870
697C00
68FF80
688300
67E390
674410
66A4A0
660520
654520
648510
63C510
630500
6224D0
6144A0
606460
5F8430
5E83E0
5D83A0
5C8350
5B8300
5A6620
594930
582C50
570F60
55D8F0
54A270
536C00
523580
50E6F0
4F9870
4E49E0
4CFB50
4B95F0
4A30A0
48CB40
4765E0
45ED90
447530
42FCE0
418480
3FFC90
3E74B0
3CECC0
3B64D0
39CFD0
383AC0
36A5C0
3510B0
337100
31D150
303190
2E91E0
2CEB10
2B4440
299D70
27F6A0
264C10
24A170
22F6E0
214C40
1FA120
1DF5F0
1C4AD0
1A9FA0
18F760
174F10
15A6D0
13FE80
125BC0
10B910
0F1650
0D7390
0BD910
0A3EA0
08A420
0709A0
057AB0
03EBC0
025CD0
00CDE0
FF4E00
FDCE20
FC4E40
FACE60
F95F90
F7F0C0
F681F0
F51320
F3B780
F25BD0
F10030
EFA490
EE5F40
ED19F0
EBD4B0
EA8F60
E96410
E838B0
E70D60
E5E210
E4D190
E3C100
E2B080
E1A000
E0AB60
DFB6D0
DEC230
DDCDA0
DCF7B0
DC21C0
DB4BD0
DA75E0
D9C1D0
D90DC0
D859C0
D7A5B0
D71320
D68090
D5EE10
D55B80
D4EAA0
D479B0
D408D0
D397F0
D34A60
D2FCE0
D2AF50
D261D0
D23990
D21150
D1E920
D1C0E0
D1BD50
D1B9C0
D1B630
D1B2A0
D1D350
D1F3F0
D214A0
D23550
D27B80
D2C1C0
D307F0
D34E30
D3BBF0
D429B0
D49770
D50530
D59810
D62AE0
D6BDC0
D750A0
D806B0
D8BCD0
D972E0
DA2900
DB02B0
DBDC60
DCB620
DD8FD0
DE8E20
DF8C70
E08AD0
E18920
E2A860
E3C7A0
E4E6E0
E60620
E74340
E88060
E9BD80
EAFAA0
EC5490
EDAE70
EF0860
F06250
F1D840
F34E30
F4C430
F63A20
F7C830
F95640
FAE450
FC7260
FE1500
FFB790
015A30
02FCD0
04B240
0667A0
081D10
09D270
0B9970
0D6080
0F2780
10EE80
12C1D0
149520
166870
183BC0
1A16E0
1BF210
1DCD30
1FA850
218790
2366D0
254610
272550
290470
2AE3A0
2CC2C0
2EA1E0
307DE0
3259F0
3435F0
3611F0
37E790
39BD30
3B92D0
3D6870
3F3420
40FFC0
42CB70
449710
465540
481360
49D190
4B8FB0
4D3D00
4EEA40
509790
5244D0
53DE20
557770
5710B0
58AA00
5A2B00
5BAC00
5D2D00
5EAE00
601190
617520
62D8A0
643C30
6581C0
66C750
680CD0
695260
6A79C0
6BA120
6CC870
6DEFD0
6EF2C0
6FF5B0
70F890
71FB80
72D070
73A550
747A40
754F20
75FFF0
76B0C0
776190
781260
78A560
793860
79CB60
7A5E60
7AD4F0
7B4B70
7BC200
7C3880
7C9510
7CF1A0
7D4E20
7DAAB0
7DF010
7E3560
7E7AC0
7EC010
7EF230
7F2450
7F5660
7F8880
7FA660
7FC440
7FE210
7FFFF0
7FFFF0
7FFFF0
7FFFF0
7FFFF0
7FFFF0
7FFFF0
7FFFF0
7FFFF0
7FFFF0
7FFFF0
7FFFF0
7FFFF0
7FFFF0
7FFFF0
7FFFF0
7FFFF0
7FFFF0
7FFFF0
7FFFF0
7FFFF0
7FFFF0
7FFFF0
7FFFF0
7FFFF0
7FFFF0
7FFFF0
7FFFF0
7FFFF0
7FFF50
7FFEB0
7FFE00
7FFD60
7FF2E0
7FE860
7FDDD0
7FD350
7FC420
7FB4F0
7FA5B0
7F9680
7F8460
7F7250
7F6030
7F4E10
7F39F0
7F25D0
7F11B0
7EFD90
7EE9F0
7ED640
7EC2A0
7EAEF0
7E98B0
7E8280
7E6C40
7E5600
7E3B30
7E2070
7E05A0
7DEAD0
7DCAE0
7DAAF0
7D8AF0
7D6B00
7D44F0
7D1EF0
7CF8E0
7CD2D0
7CA5B0
7C7880
7C4B60
7C1E30
7BE8E0
7BB390
7B7E40
7B48F0
7B0A90
7ACC20
7A8DC0
7A4F50
7A0700
79BEA0
797650
792DF0
78DA70
7886F0
783370
77DFF0
778050
7720C0
76C120
766180
75F420
7586C0
751950
74ABF0
742E70
73B0E0
733360
72B5D0
722930
719C80
710FE0
708330
6FE7E0
6F4C80
6EB130
6E15D0
6D6B20
6CC070
6C15B0
6B6B00
6AB050
69F590
693AE0
688020
67B5D0
66EB90
662140
6556F0
647D80
63A400
62CA90
61F110
6107F0
601EE0
5F35C0
5E4CA0
5D5310
5C5980
5B5FE0
5A6650
595DC0
585530
574CA0
564410
552DA0
541730
5300C0
51EA50
50C650
4FA240
4E7E40
4D5A30
4C28D0
4AF760
49C600
489490
475710
461990
44DC00
439E80
4255D0
410D30
3FC480
3E7BD0
3D2920
3BD660
3A83B0
3930F0
37D5A0
367A40
351EF0
33C390
325F80
30FB80
2F9770
2E3360
2CC6E0
2B5A70
29EDF0
288170
270D00
259890
242410
22AFA0
213370
1FB750
1E3B20
1CBEF0
1B3BF0
19B8F0
1835F0
16B2F0
1529F0
13A0E0
1217E0
108ED0
0F0060
0D7200
0BE390
0A5520
08C200
072ED0
059BB0
040880
027140
00DA10
FF42D0
FDAB90
FC1100
FA7670
F8DBE0
F74150
F5A3D0
F40650
F268D0
F0CB50
EF2AF0
ED8AA0
EBEA40
EA49F0
E8A850
E706B0
E56520
E3C380
E221E0
E08050
DEDEB0
DD3D20
DB9CA0
D9FC20
D85BA0
D6BB20
D51D10
D37F00
D1E0F0
D042E0
CEA7C0
CD0CB0
CB7190
C9D680
C83F10
C6A790
C51020
C378B0
C1E5C0
C052E0
BEBFF0
BD2D10
BB9F90
BA1210
B884A0
B6F720
B56FD0
B3E880
B26140
B0D9F0
AF5AA0
ADDB50
AC5C10
AADCC0
A96310
A7E960
A66FB0
A4F600
A37C50
A202A0
A088F0
9F0F40
9DA100
9C32C0
9AC490
995650
97FC70
96A2A0
9548C0
93EEF0
92AB80
916820
9024B0
8EE150
8DB580
8C89A0
8B5DD0
8A3200
892950
8820B0
871800
860F60
852A30
8444F0
835FC0
827A90
81DBF0
813D40
809EA0
800000
800000
800000
800000
800000
800000
800000
800000
800000
800000
800000
800000
800000
800000
800000
800000
800000
800000
800000
800000
800000
800000
800000
800000
800000
800000
800000
800000
800000
800200
800400
800610
800810
801950
802A90
803BD0
804D10
806F70
8091E0
80B440
80D6B0
810F60
814820
8180D0
81B990
820C20
825EC0
82B150
8303F0
837220
83E060
844E90
84BCD0
855130
85E590
8679F0
870E50
87CE60
888E80
894E90
8A0EB0
8B0B20
8C0790
8D0410
8E0080
8F5480
90A880
91FC90
935090
94E220
9673B0
980540
9996D0
9B55A0
9D1470
9ED340
A09210
A27C30
A46660
A65080
A83AB0
AA4BB0
AC5CC0
AE6DC0
B07ED0
B2AE00
B4DD20
B70C50
B93B80
BB81D0
BDC810
C00E60
C254B0
C4A880
C6FC50
C95020
CBA3F0
CDF890
D04D40
D2A1E0
D4F690
D74E20
D9A5B0
DBFD50
DE54E0
E0AEA0
E30860
E56230
E7BBF0
EA13C0
EC6B90
EEC370
F11B40
F36E20
F5C0F0
F813D0
FA66B0
FCB070
FEFA30
0143F0
038DB0
05CA60
080720
0A43D0
0C8080
0EAC60
10D850
130430
153010
174720
195E40
1B7550
1D8C60
1F8B50
218A50
238940
258830
276BE0
294FA0
2B3350
2D1700
2EDB00
309EF0
3262F0
3426E0
35C5D0
3764D0
3903C0
3AA2B0
3C1BF0
3D9530
3F0E70
4087B0
41DA10
432C60
447EC0
45D110
46F8C0
482080
494830
4A6FE0
4B6890
4C6130
4D59E0
4E5280
4F1D10
4FE7A0
50B220
517CB0
521970
52B640
535300
53EFC0
545C40
54C8C0
553540
55A1C0
55DAC0
5613D0
564CD0
5685D0
568DE0
5695F0
569E00
56A610
567EF0
5657D0
5630B0
560990
55B250
555B10
5503D0
54AC90
5423A0
539AC0
5311D0
5288E0
51D1E0
511AE0
5063D0
4FACD0
4ECAA0
4DE870
4D0640
4C2410
4B1730
4A0A40
48FD60
47F070
46B8A0
4580E0
444910
431140
41B340
405540
3EF740
3D9940
3C1900
3A98D0
391890
379850
35F7C0
345730
32B690
311600
2F56A0
2D9730
2BD7D0
2A1860
283F40
266620
248D00
22B3E0
20C590
1ED750
1CE900
1AFAB0
18FA70
16FA40
14FA00
12F9C0
10EAB0
0EDBA0
0CCC90
0ABD80
08A470
068B70
047260
025950
003AD0
FE1C40
FBFDB0
F9DF30
F7BF40
F59F60
F37F70
F15F90
EF4270
ED2560
EB0840
E8EB30
E6D510
E4BF00
E2A8E0
E092D0
DE87C0
DC7CB0
DA71A0
D86690
D66B20
D46FB0
D27450
D078E0
CE9220
CCAB60
CAC4A0
C8DDE0
C70E90
C53F40
C37000
C1A0B0
BFEBD0
BE36E0
BC8200
BACD20
B93730
B7A140
B60B50
B47560
B30380
B191A0
B01FD0
AEADF0
AD6140
AC1490
AAC7E0
A97B30
A85530
A72F40
A60940
A4E350
A3E7E0
A2EC70
A1F110
A0F5A0
A02950
9F5D00
9E90C0
9DC470
9D26A0
9C88D0
9BEB10
9B4D40
9ADDE0
9A6E80
99FF20
998FC0
9951A0
991370
98D550
989730
988DE0
988490
987B40
9871F0
989AF0
98C3F0
98ECF0
9915F0
996F80
99C920
9A22B0
9A7C50
9B07B0
9B9320
9C1E80
9CA9F0
9D6910
9E2830
9EE750
9FA670
A09580
A18490
A273B0
A362C0
A47EC0
A59AC0
A6B6D0
A7D2D0
A91B60
AA63F0
ABAC90
ACF520
AE6A80
AFDFD0
B15530
B2CA90
B46800
B60560
B7A2D0
B94040
BB01A0
BCC310
BE8470
C045E0
C22970
C40D00
C5F090
C7D420
C9D880
CBDCD0
CDE130
CFE590
D20550
D42510
D644D0
D86490
DA9B20
DCD1B0
DF0840
E13ED0
E38860
E5D200
E81B90
EA6530
ECBD90
EF15F0
F16E50
F3C6B0
F62A90
F88E60
FAF240
FD5620
FFC210
022E00
0499E0
0705D0
0975D0
0BE5D0
0E55C0
10C5C0
1335A0
15A580
181550
1A8530
1CF230
1F5F20
21CC20
243910
269F50
290590
2B6BD0
2DD210
3030B0
328F60
34EE00
374CA0
39A560
3BFE10
3E56D0
40AF80
42F6B0
453DF0
478520
49CC50
4BF930
4E2610
5052F0
527FD0
548BC0
5697B0
58A390
5AAF80
5C9240
5E7500
6057C0
623A80
63F030
65A5E0
675B80
691130
6A9800
6C1EE0
6DA5B0
6F2C80
7075E0
71BF40
730890
7451F0
7546C0
763B80
773050
782510
78DD10
799520
7A4D20
7B0520
7B8FC0
7C1A50
7CA4F0
7D2F80
7D8F10
7DEEA0
7E4E30
7EADC0
7EE6C0
7F1FB0
7F58B0
7F91A0
7FAD30
7FC8D0
7FE460
7FFFF0
7FFFF0
7FFFF0
7FFFF0
7FFFF0
7FFEF0
7FFDE0
7FFCE0
7FFBD0
7FFCE0
7FFDE0
7FFEF0
7FFFF0
7FFFF0
7FFFF0
7FFFF0
7FFFF0
7FFC40
7FF880
7FF4D0
7FF110
7FD7F0
7FBED0
7FA5B0
7F8C90
7F4A00
7F0770
7EC4D0
7E8240
7E1A90
7DB2D0
7D4B20
7CE360
7C5910
7BCED0
7B4480
7ABA30
79FEA0
794320
788790
77CC00
76C9D0
75C790
74C560
73C320
729120
715F30
702D30
6EFB30
6DA810
6C5500
6B01E0
69AEC0
683DD0
66CCE0
655BE0
63EAF0
6261F0
60D8F0
5F4FF0
5DC6F0
5C2CF0
5A9300
58F900
575F00
55B9D0
5414A0
526F70
50CA40
4F2380
4D7CD0
4BD610
4A2F50
489400
46F8B0
455D50
43C200
422E20
409A30
3F0650
3D7260
3BE500
3A57A0
38CA40
373CE0
35B9C0
343690
32B370
313040
2FBA40
2E4440
2CCE40
2B5840
29F0E0
288970
272210
25BAA0
246370
230C40
21B510
205DE0
1F1950
1DD4C0
1C9020
1B4B90
1A1C20
18ECC0
17BD50
168DE0
1574B0
145B70
134240
122900
112710
102520
0F2320
0E2130
0D3920
0C5110
0B6900
0A80F0
09B640
08EB90
0820D0
075620
06A750
05F890
0549C0
049AF0
040740
037390
02DFE0
024C30
01D520
015E20
00E710
007000
0017A0
FFBF40
FF66E0
FF0E80
FED270
FE9670
FE5A60
FE1E60
FDFCF0
FDDB70
FDBA00
FD9890
FD91F0
FD8B60
FD84C0
FD7E30
FD9330
FDA820
FDBD20
FDD220
FDFFA0
FE2D20
FE5AA0
FE8820
FECBA0
FF0F20
FF52B0
FF9630
FFEED0
004770
00A000
00F8A0
0165C0
01D2D0
023FF0
02AD00
032B40
03A980
0427C0
04A600
053280
05BF00
064B70
06D7F0
0770C0
080990
08A260
093B30
09DE90
0A81E0
0B2540
0BC890
0C7340
0D1DF0
0DC8A0
0E7350
0F2280
0FD1A0
1080D0
112FF0
11E0F0
1291E0
1342E0
13F3D0
14A3C0
1553C0
1603B0
16B3A0
176030
180CC0
18B940
1965D0
1A0CA0
1AB370
1B5A40
1C0110
1C9F40
1D3D70
1DDBA0
1E79D0
1F0C40
1F9EC0
203130
20C3A0
2148C0
21CDF0
225310
22D830
234E60
23C490
243AB0
24B0E0
251540
2579A0
25DDF0
264250
2691A0
26E0E0
273030
277F70
27B960
27F350
282D40
286730
288B30
28AF30
28D330
28F730
290300
290EE0
291AB0
292680
291780
290870
28F970
28EA60
28C140
289830
286F10
2845F0
280320
27C050
277D80
273AB0
26DCB0
267EB0
2620B0
25C2B0
254790
24CC70
245140
23D620
233FC0
22A960
2212F0
217C90
20CC50
201C10
1F6BC0
1EBB80
1DF0E0
1D2650
1C5BB0
1B9110
1AAB40
19C580
18DFB0
17F9E0
16FB80
15FD20
14FEB0
140050
12EB80
11D6B0
10C1D0
0FAD00
0E8250
0D5790
0C2CE0
0B0220
09C1D0
088170
074120
0600C0
04ADE0
035AF0
020810
00B520
FF5240
FDEF70
FC8C90
FB29C0
F9B870
F84720
F6D5E0
F56490
F3E630
F267C0
F0E960
EF6B00
EDE290
EC5A30
EAD1C0
E94960
E7B9C0
E62A20
E49A80
E30AE0
E17650
DFE1C0
DE4D40
DCB8B0
DB21A0
D98A80
D7F370
D65C60
D4C550
D32E30
D19720
D00010
CE6B70
CCD6D0
CB4240
C9ADA0
C81E10
C68E80
C4FF00
C36F70
C1E7B0
C05FE0
BED820
BD5060
BBD270
BA5480
B8D6A0
B758B0
B5E6B0
B474B0
B302C0
B190C0
B02D70
AECA10
AD66C0
AC0370
AAB1D0
A96040
A80EA0
A6BD10
A57E40
A43F70
A300B0
A1C1E0
A09720
9F6C60
9E41B0
9D16F0
9C02A0
9AEE60
99DA10
98C5D0
97CAC0
96CFB0
95D4A0
94D990
93F7F0
931650
9234B0
915310
908B60
8FC3C0
8EFC10
8E3470
8D88B0
8CDCF0
8C3130
8B8570
8AF800
8A6A80
89DD10
894FA0
88DFA0
886FB0
87FFB0
878FC0
873CD0
86E9E0
869700
864410
860F50
85DA90
85A5E0
857120
855C10
854700
853200
851CF0
852620
852F40
853870
8541A0
8567E0
858E20
85B470
85DAB0
861E60
866220
86A5D0
86E990
874B60
87AD30
880F10
8870E0
88EEB0
896C90
89EA60
8A6840
8B0060
8B9890
8C30B0
8CC8E0
8D7AE0
8E2CE0
8EDEE0
8F90E0
905C70
912800
91F390
92BF20
93A1E0
9484A0
956760
964A20
974210
9839F0
9931E0
9A29D0
9B35A0
9C4180
9D4D50
9E5930
9F77B0
A09640
A1B4C0
A2D350
A40260
A53160
A66070
A78F80
A8CD10
AA0A90
AB4820
AC85B0
ADD010
AF1A70
B064D0
B1AF30
B304C0
B45A50
B5AFE0
B70570
B86410
B9C2C0
BB2160
BC8010
BDE5D0
BF4B90
C0B150
C21710
C381E0
C4ECB0
C65790
C7C260
C93030
CA9DF0
CC0BC0
CD7990
CEE8B0
D057D0
D1C700
D33620
D4A4F0
D613D0
D782A0
D8F180
DA5E10
DBCA90
DD3720
DEA3B0
E00BC0
E173D0
E2DBE0
E443F0
E5A650
E708B0
E86B20
E9CD80
EB28F0
EC8450
EDDFC0
EF3B30
F08DB0
F1E030
F332B0
F48530
F5CC90
F713F0
F85B50
F9A2B0
FADE70
FC1A20
FD55E0
FE91A0
FFC100
00F070
021FD0
034F30
0470B0
059240
06B3C0
07D540
08E730
09F920
0B0B00
0C1CF0
0D1F20
0E2140
0F2370
102590
1117A0
1209A0
12FBB0
13EDB0
14CE70
15AF30
168FE0
1770A0
183EB0
190CC0
19DAD0
1AA8E0
1B6490
1C2050
1CDC00
1D97B0
1E4110
1EEA80
1F93E0
203D40
20D3A0
216A10
220070
2296D0
231970
239C00
241EA0
24A130
251080
257FC0
25EF10
265E50
26BA90
2716D0
277300
27CF40
281840
286130
28AA30
28F320
292890
295E00
299360
29C8D0
29EB20
2A0D70
2A2FC0
2A5210
2A61A0
2A7140
2A80D0
2A9060
2A8D30
2A8A10
2A86E0
2A83B0
2A6DA0
2A57A0
2A4190
2A2B80
2A0340
29DB00
29B2B0
298A70
295080
291680
28DC90
28A290
285740
280C00
27C0B0
277560
271940
26BD30
266110
2604F0
259830
252B70
24BEA0
2451E0
23D4B0
235780
22DA50
225D20
21CFB0
214250
20B4E0
202770
1F89D0
1EEC30
1E4E90
1DB0F0
1D03D0
1C56B0
1BA990
1AFC70
1A4070
198460
18C860
180C50
1741B0
167710
15AC70
14E1D0
1408D0
132FD0
1256C0
117DC0
109730
0FB090
0ECA00
0DE360
0CF000
0BFCA0
0B0930
0A15D0
091610
081650
071680
0616C0
050AF0
03FF20
02F340
01E770
00D0A0
FFB9D0
FEA300
FD8C30
FC6B60
FB4AA0
FA29D0
F90910
F7DEB0
F6B460
F58A00
F45FB0
F32BD0
F1F7F0
F0C420
EF9040
EE54E0
ED1970
EBDE10
EAA2B0
E96160
E82020
E6DED0
E59D90
E45770
E31150
E1CB40
E08520
DF3B50
DDF180
DCA7B0
DB5DE0
DA11E0
D8C5E0
D779E0
D62DE0
D4E110
D39440
D24780
D0FAB0
CFAE70
CE6240
CD1600
CBC9D0
CA7FA0
C93570
C7EB40
C6A110
C55A10
C41320
C2CC20
C18530
C042B0
BF0030
BDBDB0
BC7B30
BB3E80
BA01E0
B8C530
B78890
B65330
B51DD0
B3E880
B2B320
B18620
B05920
AF2C20
ADFF20
ACDB80
ABB7D0
AA9430
A97090
A857D0
A73F00
A62640
A50D80
A40150
A2F530
A1E900
A0DCE0
9FDDA0
9EDE50
9DDF10
9CDFD0
9BEDF0
9AFC20
9A0A40
991870
983510
9751A0
966E40
958AE0
94B6F0
93E310
930F20
923B40
917750
90B370
8FEF80
8F2BA0
8E7820
8DC4A0
8D1120
8C5DA0
8BBBC0
8B19E0
8A7810
89D630
894790
88B900
882A60
879BD0
871FA0
86A370
862740
85AB10
8540D0
84D690
846C50
840210
83AA20
835220
82FA30
82A240
825D00
8217B0
81D270
818D30
815A20
812720
80F410
80C110
80A050
807FA0
805EE0
803E30
802EA0
801F10
800F90
800000
800000
800000
800000
800000
801100
802200
803300
804400
806A40
809080
80B6C0
80DD00
811910
815520
819140
81CD50
822130
827500
82C8E0
831CC0
838890
83F470
846040
84CC20
855030
85D450
865860
86DC80
877AB0
8818D0
88B700
895530
8A1010
8ACAF0
8B85D0
8C40B0
8D1630
8DEBC0
8EC140
8F96D0
9085A0
917470
926350
935220
945AB0
956350
966BE0
977480
989790
99BAA0
9ADDB0
9C00C0
9D3C50
9E77E0
9FB370
A0EF00
A24160
A393B0
A4E610
A63870
A7A190
A90AB0
AA73D0
ABDCF0
AD5D60
AEDDD0
B05E40
B1DEB0
B372F0
B50720
B69B60
B82FA0
B9D4D0
BB79F0
BD1F20
BEC450
C07910
C22DD0
C3E2A0
C59760
C75A80
C91DA0
CAE0D0
CCA3F0
CE7230
D04070
D20EB0
D3DCF0
D5B340
D789A0
D95FF0
DB3650
DD12B0
DEEF10
E0CB80
E2A7E0
E48870
E66900
E84990
EA2A20
EC0B50
EDEC70
EFCDA0
F1AED0
F38D60
F56BF0
F74A90
F92920
FB0230
FCDB40
FEB460
008D70
025DE0
042E60
05FED0
07CF40
099480
0B59C0
0D1EF0
0EE430
109BC0
125340
140AD0
15C250
1768B0
190F20
1AB580
1C5BE0
1DED30
1F7E80
210FC0
22A110
241C70
2597D0
271330
288E90
29F2D0
2B5710
2CBB50
2E1F90
2F69F0
30B450
31FEA0
334900
347660
35A3C0
36D120
37FE80
390EC0
3A1F00
3B2F30
3C3F70
3D3210
3E24C0
3F1760
400A00
40DCF0
41AFD0
4282C0
4355A0
440620
44B6A0
456710
461790
46A6C0
4735F0
47C520
485450
48C2E0
493160
499FF0
4A0E70
4A5B10
4AA7B0
4AF440
4B40E0
4B69E0
4B92D0
4BBBD0
4BE4C0
4BEC30
4BF390
4BFB00
4C0260
4BE9C0
4BD120
4BB880
4B9FE0
4B6710
4B2E40
4AF560
4ABC90
4A6310
4A09A0
49B020
4956A0
48DF00
486750
47EFB0
477800
46E450
4650A0
45BCE0
452930
447A20
43CB10
431BF0
426CE0
41A2C0
40D8B0
400E90
3F4470
3E6270
3D8070
3C9E60
3BBC60
3AC530
39CE10
38D6E0
37DFB0
36D4E0
35CA20
34BF50
33B480
329780
317A70
305D70
2F4060
2E1460
2CE870
2BBC70
2A9070
295880
282090
26E890
25B0A0
246F10
232D70
21EBE0
20AA40
1F6160
1E1870
1CCF90
1B86A0
1A3960
18EC30
179EF0
1651B0
150300
13B450
126590
1116E0
0FC970
0E7C00
0D2E90
0BE120
0A97E0
094E90
080550
06BC00
057960
0436D0
02F430
01B190
007820
FF3EB0
FE0550
FCCBE0
FB9EA0
FA7160
F94430
F816F0
F6F940
F5DB90
F4BDE0
F3A030
F29390
F18700
F07A60
EF6DD0
EE7400
ED7A20
EC8050
EB8680
EAA250
E9BE20
E8D9F0
E7F5C0
E72A70
E65F20
E593E0
E4C890
E416A0
E364A0
E2B2B0
E200C0
E168E0
E0D100
E03930
DFA150
DF25E0
DEAA70
DE2F10
DDB3A0
DD5780
DCFB50
DC9F30
DC4310
DC0580
DBC7E0
DB8A50
DB4CC0
DB2D70
DB0E20
DAEEE0
DACF90
DAD020
DAD0B0
DAD150
DAD1E0
DAF470
DB16F0
DB3980
DB5C10
DB9EB0
DBE160
DC2400
DC66B0
DCC820
DD2980
DD8AF0
DDEC60
DE6D20
DEEDD0
DF6E90
DFEF50
E09050
E13160
E1D260
E27370
E33220
E3F0D0
E4AF90
E56E40
E64870
E722B0
E7FCE0
E8D720
E9CC60
EAC1A0
EBB6F0
ECAC30
EDBC50
EECC80
EFDCA0
F0ECD0
F214B0
F33C90
F46470
F58C50
F6C930
F80610
F94300
FA7FE0
FBD050
FD20C0
FE7130
FFC1A0
012450
028700
03E9B0
054C60
06BE10
082FC0
09A160
0B1310
0C90D0
0E0E90
0F8C40
110A00
129190
141910
15A0A0
172820
18B730
1A4630
1BD540
1D6440
1EF7E0
208B80
221F20
23B2C0
254830
26DDA0
287310
2A0880
2B9D00
2D3190
2EC610
305A90
31EB40
337C00
350CB0
369D60
3827F0
39B280
3B3D00
3CC790
3E49A0
3FCBC0
414DD0
42CFE0
444690
45BD50
473400
48AAB0
4A12C0
4B7AE0
4CE2F0
4E4B00
4FA320
50FB30
525350
53AB60
54F1F0
563870
577F00
58C580
59F7C0
5B2A10
5C5C50
5D8E90
5EA980
5FC470
60DF60
61FA50
62FD90
6400C0
650400
660730
66F200
67DCD0
68C7A0
69B270
6A82A0
6B52D0
6C22F0
6CF320
6DA5F0
6E58C0
6F0B90
6FBE60
7054B0
70EAF0
718140
721780
7291A0
730BB0
7385D0
73FFE0
745C70
74B8F0
751580
757200
75AF30
75EC60
762980
7666B0
768620
76A590
76C500
76E470
76E750
76EA30
76ED10
76EFF0
76D5D0
76BBA0
76A180
768750
764F40
761740
75DF30
75A720
755380
74FFF0
74AC50
7458B0
73EB70
737E30
7310E0
72A3A0
721D30
7196B0
711040
7089C0
6FEA50
6F4AF0
6EAB80
6E0C10
6D5650
6CA0A0
6BEAE0
6B3520
6A6B60
69A1B0
68D7F0
680E30
6731C0
665550
6578D0
649C60
63AE60
62C070
61D270
60E470
5FE7A0
5EEAD0
5DEE00
5CF130
5BE800
5ADEC0
59D590
58CC50
57B8B0
56A510
559170
547DD0
5361C0
5245C0
5129B0
500DA0
4EEB80
4DC970
4CA750
4B8530
4A5F30
493940
481340
46ED40
45C5D0
449E50
4376E0
424F60
412900
4002A0
3EDC30
3DB5D0
3C9220
3B6E70
3A4AC0
392710
3807D0
36E880
35C940
34A9F0
339170
3278E0
316060
3047D0
2F38B0
2E2990
2D1A70
2C0B50
2B0680
2A01B0
28FCD0
27F800
26FE80
260510
250B90
241210
232610
223A10
214E10
206210
1F8610
1EAA10
1DCE10
1CF210
1C2600
1B59F0
1A8DD0
19C1C0
1905D0
1849F0
178E00
16D210
1627E0
157DA0
14D370
142930
1392A0
12FC10
126570
11CEE0
114B20
10C760
104390
0FBFD0
0F4E60
0EDCF0
0E6B70
0DFA00
0D9BC0
0D3D80
0CDF40
0C8100
0C3730
0BED70
0BA3A0
0B59D0
0B22F0
0AEC10
0AB520
0A7E40
0A5920
0A33F0
0A0ED0
09E9A0
09D650
09C300
09AFA0
099C50
099B30
099A10
0998E0
0997C0
09A6E0
09B600
09C510
09D430
09F200
0A0FC0
0A2D90
0A4B50
0A7720
0AA2F0
0ACEB0
0AFA80
0B33E0
0B6D30
0BA690
0BDFE0
0C24C0
0C6990
0CAE70
0CF340
0D41D0
0D9070
0DDF00
0E2D90
0E84A0
0EDBB0
0F32C0
0F89D0
0FE830
104690
10A4E0
110340
116710
11CAD0
122EA0
129260
12F9E0
136170
13C8F0
143070
149A10
1503A0
156D40
15D6D0
1640C0
16AAB0
171490
177E80
17E760
185050
18B930
192210
198890
19EF10
1A5590
1ABC10
1B1E70
1B80C0
1BE320
1C4570
1CA1B0
1CFDF0
1D5A30
1DB670
1E0BD0
1E6140
1EB6A0
1F0C00
1F59B0
1FA760
1FF500
2042B0
2086F0
20CB40
210F80
2153C0
218CA0
21C580
21FE50
223730
2264C0
229250
22BFE0
22ED70
230F90
2331B0
2353D0
2375F0
238B70
23A0E0
23B660
23CBD0
23D320
23DA60
23E1B0
23E8F0
23E2C0
23DCA0
23D670
23D040
23BD10
23A9E0
2396A0
238370
236280
2341A0
2320B0
22FFC0
22D030
22A090
227100
224160
220470
21C770
218A80
214D80
210420
20BAD0
207170
202810
1FD240
1F7C70
1F2690
1ED0C0
1E6E20
1E0B80
1DA8E0
1D4640
1CD890
1C6AE0
1BFD30
1B8F80
1B1830
1AA0E0
1A2990
19B240
1931E0
18B190
183130
17B0D0
1727F0
169F00
161620
158D30
14FD80
146DD0
13DE10
134E60
12B970
122480
118F90
10FAA0
106180
0FC860
0F2F30
0E9610
0DF9A0
0D5D30
0CC0C0
0C2450
0B8670
0AE890
0A4AB0
09ACD0
090F30
0871A0
07D400
073660
069A80
05FE90
0562B0
04C6C0
042E20
039570
02FCD0
026420
01D030
013C40
00A840
001450
FF8680
FEF8C0
FE6AF0
FDDD30
FD5730
FCD130
FC4B30
FBC530
FB48C0
FACC40
FA4FD0
F9D360
F96180
F8EFB0
F87DD0
F80C00
F7A5F0
F73FD0
F6D9C0
F673B0
F61AD0
F5C200
F56920
F51050
F4C630
F47C20
F43200
F3E7F0
F3AD90
F37340
F338E0
F2FE90
F2D4F0
F2AB40
F281A0
F25800
F240B0
F22970
F21220
F1FAE0
F1F7F0
F1F510
F1F220
F1EF40
F20080
F211D0
F22310
F23460
F259D0
F27F50
F2A4C0
F2CA40
F30540
F34040
F37B50
F3B650
F408B0
F45B20
F4AD80
F4FFF0
F56860
F5D0D0
F63950
F6A1C0
F71F50
F79CE0
F81A70
F89800
F92B30
F9BE60
FA5190
FAE4C0
FB8E60
FC37F0
FCE190
FD8B30
FE4970
FF07B0
FFC600
008440
0155A0
022710
02F870
03C9D0
04AE80
059320
0677D0
075C70
085530
094DF0
0A46B0
0B3F70
0C48D0
0D5230
0E5B80
0F64E0
107C20
119360
12AA90
13C1D0
14E580
160930
172CD0
185080
197F20
1AADC0
1BDC50
1D0AF0
1E4200
1F7920
20B030
21E740
2324A0
2461F0
259F50
26DCA0
281DF0
295F50
2AA0A0
2BE1F0
2D24B0
2E6770
2FAA20
30ECE0
322FB0
337280
34B540
35F810
373970
387AD0
39BC30
3AFD90
3C3B80
3D7970
3EB750
3FF540
412DA0
426600
439E60
44D6C0
460850
4739E0
486B60
499CF0
4AC690
4BF040
4D19E0
4E4380
4F6290
508190
51A0A0
52BFA0
53D050
54E100
55F1A0
570250
5806A0
590AF0
5A0F40
5B1390
5C0CA0
5D05B0
5DFEB0
5EF7C0
5FE4A0
60D180
61BE50
62AB30
638AF0
646AC0
654A80
662A40
66FE10
67D1E0
68A5B0
697980
6A41B0
6B09E0
6BD200
6C9A30
6D5850
6E1680
6ED4A0
6F92C0
704A00
710140
71B880
726FC0
731BE0
73C810
747430
752050
75BE60
765C70
76FA70
779880
7827F0
78B750
7946C0
79D620
7A5660
7AD690
7B56D0
7BD700
7C4510
7CB320
7D2130
7D8F40
7DEC40
7E4940
7EA630
7F0330
7F4260
7F8190
7FC0C0
7FFFF0
7FFFF0
7FFFF0
7FFFF0
7FFFF0
7FFFF0
7FFFF0
7FFFF0
7FFFF0
7FFFF0
7FFFF0
7FFFF0
7FFFF0
7FFFF0
7FFFF0
7FFFF0
7FFFF0
7FFF60
7FFEC0
7FFE30
7FFD90
7FFCE0
7FFC20
7FFB70
7FFAB0
7FF9F0
7FF930
7FF870
7FF7B0
7FF770
7FF720
7FF6E0
7FF690
7FF7B0
7FF8D0
7FF9E0
7FFB00
7FFC40
7FFD80
7FFEB0
7FFFF0
7FFFF0
7FFFF0
7FFFF0
7FFFF0
7FFFF0
7FFFF0
7FFFF0
7FFFF0
7FFFF0
7FFFF0
7FFFF0
7FFFF0
7FFFF0
7FFFF0
7FFFF0
7FFFF0
7FEA70
7FD4F0
7FBF70
7FA9F0
7F6AE0
7F2BD0
7EECB0
7EADA0
7E2010
7D9280
7D04E0
7C7750
7BB840
7AF920
7A3A10
797AF0
789AC0
77BA90
76DA60
75FA30
74F9A0
73F910
72F880
71F7F0
70DC70
6FC0F0
6EA560
6D89E0
6C55C0
6B21B0
69ED90
68B970
676F10
6624A0
64DA40
638FD0
6234C0
60D9A0
5F7E90
5E2370
5CBF00
5B5AA0
59F630
5891C0
572120
55B080
543FD0
52CF30
515170
4FD3B0
4E55E0
4CD820
4B4E90
49C500
483B60
46B1D0
451CD0
4387D0
41F2C0
405DC0
3EBF30
3D20A0
3B8210
39E380
383CF0
369660
34EFD0
334940
319C00
2FEEC0
2E4180
2C9440
2AE1C0
292F40
277CB0
25CA30
241390
225CE0
20A640
1EEF90
1D35E0
1B7C30
19C280
1808D0
164D80
149230
12D6D0
111B80
0F6010
0DA4B0
0BE940
0A2DD0
087310
06B840
04FD80
0342B0
018960
FFD010
FE16C0
FC5D70
FAA6D0
F8F030
F739A0
F58300
F3D060
F21DB0
F06B10
EEB870
ED0A60
EB5C50
E9AE40
E80030
E65770
E4AEB0
E30600
E15D40
DFBAC0
DE1850
DC75D0
DAD360
D93820
D79CF0
D601B0
D46680
D2D340
D13FF0
CFACB0
CE1970
CC8ED0
CB0440
C979A0
C7EF10
C66E00
C4ECF0
C36BF0
C1EAE0
C07440
BEFD90
BD86F0
BC1050
BAA4C0
B93930
B7CDA0
B66210
B50240
B3A270
B242A0
B0E2D0
AF8FB0
AE3C90
ACE970
AB9650
AA5100
A90BA0
A7C650
A68100
A549A0
A41230
A2DAD0
A1A370
A07AA0
9F51E0
9E2910
9D0050
9BE5B0
9ACB10
99B070
9895D0
9787C0
9679A0
956B90
945D80
936000
926270
9164F0
906770
8F7DE0
8E9450
8DAAC0
8CC130
8BEBD0
8B1670
8A4110
896BB0
88A9C0
87E7C0
8725D0
8663E0
85BBB0
851380
846B60
83C330
833420
82A520
821610
818710
812550
80C380
8061C0
800000
800000
800000
800000
800000
800000
800000
800000
800000
800000
800000
800000
800000
800000
800000
800000
800000
800000
800000
800000
800000
800000
800000
800000
800000
800000
800000
800000
800000
800030
800050
800080
8000B0
802590
804A60
806F40
809420
80CB80
8102E0
813A40
8171A0
81B590
81F970
823D60
828150
82D1C0
832240
8372B0
83C330
841CB0
847620
84CFA0
852920
859030
85F730
865E40
86C550
873BE0
87B280
882910
889FB0
892A00
89B450
8A3EA0
8AC8F0
8B6ED0
8C14C0
8CBAA0
8D6090
8E1900
8ED170
8F89F0
904260
910780
91CCA0
9291C0
9356E0
942720
94F750
95C790
9697D0
9770A0
984980
992250
99FB30
9AD9A0
9BB810
9C9690
9D7500
9E5680
9F37F0
A01970
A0FAF0
A1DB90
A2BC30
A39CE0
A47D80
A55840
A63300
A70DD0
A7E890
A8BE50
A99400
AA69C0
AB3F80
AC1000
ACE070
ADB0F0
AE8170
AF4AD0
B01420
B0DD80
B1A6E0
B26780
B32810
B3E8B0
B4A950
B56040
B61730
B6CE30
B78520
B83170
B8DDC0
B98A10
BA3660
BAD6B0
BB7700
BC1750
BCB7A0
BD4A70
BDDD40
BE7020
BF02F0
BF87A0
C00C40
C090F0
C115A0
C18B70
C20150
C27720
C2ED00
C35280
C3B800
C41D90
C48310
C4D650
C529A0
C57CE0
C5D030
C611D0
C65370
C69510
C6D6B0
C706F0
C73730
C76770
C797B0
C7B5A0
C7D380
C7F170
C80F60
C819B0
C82400
C82E50
C838A0
C83080
C82860
C82050
C81830
C7FE90
C7E4F0
C7CB50
C7B1B0
C78630
C75AB0
C72F30
C703B0
C6C5A0
C687A0
C64990
C60B90
C5BCD0
C56E10
C51F50
C4D090
C47290
C41490
C3B690
C35890
C2EBB0
C27EC0
C211E0
C1A500
C12950
C0ADA0
C03200
BFB650
BF2E00
BEA5C0
BE1D70
BD9530
BD0230
BC6F20
BBDC20
BB4920
BAAC60
BA0F90
B972D0
B8D610
B83070
B78AC0
B6E520
B63F80
B59340
B4E710
B43AD0
B38EA0
B2DDE0
B22D30
B17C70
B0CBC0
B01810
AF6460
AEB0B0
ADFD00
AD47D0
AC92B0
ABDD80
AB2860
AA73F0
A9BF80
A90B20
A856B0
A7A510
A6F380
A641E0
A59050
A4E380
A436A0
A389D0
A2DD00
A23700
A19110
A0EB10
A04520
9FA7C0
9F0A60
9E6D00
9DCFA0
9D3C90
9CA980
9C1670
9B8360
9AFCC0
9A7620
99EF90
9968F0
98F120
987950
980190
9789C0
9721D0
96B9E0
9651F0
95EA00
959310
953C10
94E520
948E30
944A40
940640
93C250
937E60
934FB0
932110
92F260
92C3C0
92AAA0
929180
927870
925F50
925C30
925900
9255E0
9252C0
926740
927BB0
929030
92A4B0
92D2C0
9300D0
932EF0
935D00
93A410
93EB10
943220
947930
94D8F0
9538A0
959860
95F820
967190
96EB10
976480
97DE00
9872A0
990750
999BF0
9A30A0
9ADF00
9B8D60
9C3BD0
9CEA30
9DB130
9E7830
9F3F40
A00640
A0E640
A1C640
A2A650
A38650
A48010
A579D0
A673A0
A76D60
A87EA0
A98FE0
AAA130
ABB270
ACD960
AE0050
AF2740
B04E30
B18A50
B2C670
B40290
B53EB0
B68FC0
B7E0D0
B931F0
BA8300
BBE670
BD49D0
BEAD40
C010B0
C18430
C2F7A0
C46B20
C5DEA0
C760F0
C8E330
CA6580
CBE7D0
CD77D0
CF07C0
D097C0
D227C0
D3C2B0
D55D90
D6F880
D89370
DA36D0
DBDA30
DD7DA0
DF2100
E0CAF0
E274E0
E41EE0
E5C8D0
E77770
E92620
EAD4C0
EC8370
EE3440
EFE500
F195D0
F346A0
F4F720
F6A790
F85810
FA0890
FBB670
FD6440
FF1220
00C000
0268D0
0411A0
05BA60
076330
0904D0
0AA670
0C4810
0DE9B0
0F8210
111A70
12B2C0
144B20
15D7C0
176450
18F0F0
1A7D80
1BFBA0
1D79B0
1EF7D0
2075E0
21E410
235240
24C070
262EA0
278B70
28E830
2A4500
2BA1C0
2CEAB0
2E33B0
2F7CA0
30C590
31F7F0
332A50
345CB0
358F10
36AA60
37C5C0
38E110
39FC60
3AFFF0
3C0380
3D0710
3E0AA0
3EF470
3FDE40
40C800
41B1D0
427F80
434D30
441AD0
44E880
459A70
464C60
46FE50
47B040
484690
48DCE0
497320
4A0970
4A82B0
4AFC00
4B7540
4BEE80
4C48E0
4CA350
4CFDB0
4D5810
4D94F0
4DD1D0
4E0EB0
4E4B90
4E6BD0
4E8C20
4EAC60
4ECCA0
4ECFC0
4ED2D0
4ED5F0
4ED900
4EBE00
4EA2F0
4E87F0
4E6CE0
4E35B0
4DFE80
4DC750
4D9020
4D3E60
4CECA0
4C9AE0
4C4920
4BDD10
4B7100
4B04E0
4A98D0
4A1260
498BE0
490570
487EF0
47E080
474220
46A3B0
460540
455100
449CC0
43E870
433430
426B20
41A210
40D8F0
400FE0
3F32E0
3E55E0
3D78D0
3C9BD0
3BAD70
3ABF10
39D0B0
38E250
37E4E0
36E780
35EA10
34ECA0
33E1E0
32D710
31CC50
30C180
2FAB00
2E9480
2D7E00
2C6780
2B47C0
2A2800
290830
27E870
26C1B0
259AF0
247430
234D70
2221D0
20F640
1FCAA0
1E9F00
1D70C0
1C4290
1B1450
19E610
18B740
178860
165990
152AB0
13FD30
12CFC0
11A240
1074C0
0F4B00
0E2140
0CF770
0BCDB0
0AAA30
0986B0
086320
073FA0
0623B0
0507D0
03EBE0
02CFF0
01BD10
00AA40
FF9760
FE8480
FD7CE0
FC7550
FB6DB0
FA6620
F96C50
F87280
F778C0
F67EF0
F59380
F4A820
F3BCB0
F2D150
F1F520
F118F0
F03CC0
EF6090
EE9580
EDCA60
ECFF50
EC3440
EB7C90
EAC4E0
EA0D30
E95580
E8B0F0
E80C60
E767D0
E6C340
E631E0
E5A090
E50F30
E47DE0
E40110
E38440
E30770
E28AA0
E22400
E1BD60
E156D0
E0F030
E09EE0
E04D90
DFFC40
DFAAF0
DF6E50
DF31B0
DEF520
DEB880
DE9140
DE6A00
DE42C0
DE1B80
DE0A90
DDF9B0
DDE8C0
DDD7E0
DDDBD0
DDDFD0
DDE3C0
DDE7C0
DDFF70
DE1720
DE2ED0
DE4680
DE71E0
DE9D40
DEC8B0
DEF410
DF3360
DF72A0
DFB1F0
DFF140
E042A0
E09400
E0E560
E136C0
E198B0
E1FAA0
E25C90
E2BE80
E33050
E3A210
E413E0
E485B0
E506C0
E587E0
E608F0
E68A10
E71890
E7A710
E835A0
E8C420
E95E60
E9F890
EA92D0
EB2D10
EBD1D0
EC76A0
ED1B60
EDC030
EE6E50
EF1C80
EFCAA0
F078D0
F12E90
F1E450
F29A10
F34FD0
F40B80
F4C730
F582F0
F63EA0
F6FEB0
F7BEC0
F87EE0
F93EF0
FA01B0
FAC480
FB8740
FC4A10
FD0E30
FDD250
FE9680
FF5AA0
001ED0
00E300
01A730
026B60
032DF0
03F090
04B320
0575B0
0634E0
06F410
07B340
087270
092D50
09E830
0AA310
0B5DF0
0C1380
0CC920
0D7EB0
0E3440
0EE2F0
0F91B0
104060
10EF10
119510
123B10
12E100
138700
142400
14C110
155E10
15FB10
168EA0
172240
17B5D0
184960
18D240
195B20
19E400
1A6CE0
1AE990
1B6650
1BE300
1C5FB0
1CD070
1D4120
1DB1E0
1E2290
1E8750
1EEC10
1F50D0
1FB590
200D80
206560
20BD50
211530
215F30
21A920
21F320
223D10
2279D0
22B690
22F340
233000
235FF0
238FE0
23BFD0
23EFC0
241280
243550
245810
247AD0
248FE0
24A4E0
24B9F0
24CEF0
24D740
24DF90
24E7D0
24F020
24EC80
24E8E0
24E530
24E190
24D210
24C290
24B310
24A390
248830
246CE0
245180
243620
241010
23EA00
23C3E0
239DD0
236E10
233E40
230E80
22DEB0
22A5B0
226CB0
2233B0
21FAB0
21B8F0
217730
213560
20F3A0
20AA50
2060F0
2017A0
1FCE40
1F7E60
1F2E80
1EDE90
1E8EB0
1E3920
1DE390
1D8E00
1D3870
1CDE30
1C83E0
1C29A0
1BCF50
1B7130
1B1310
1AB4E0
1A56C0
19F590
199470
193340
18D210
186ED0
180B90
17A850
174510
16E0B0
167C60
161800
15B3A0
154EE0
14EA30
148570
1420B0
13BC50
1357F0
12F390
128F30
122C20
11C920
116610
110300
10A270
1041D0
0FE140
0F80A0
0F22E0
0EC510
0E6750
0E0980
0DAEF0
0D5470
0CF9E0
0C9F50
0C48D0
0BF260
0B9BE0
0B4560
0AF3F0
0AA270
0A5100
09FF80
09B330
0966E0
091A80
08CE30
088730
084030
07F930
07B230
077130
073040
06EF40
06AE40
067430
063A10
060000
05C5E0
059260
055EE0
052B60
04F7E0
04CAD0
049DD0
0470C0
0443B0
041D70
03F740
03D100
03AAC0
038BC0
036CC0
034DB0
032EB0
031690
02FE80
02E660
02CE40
02BCD0
02AB60
0299F0
028880
027DE0
027330
026890
025DE0
025A40
025690
0252F0
024F40
025220
025500
0257E0
025AC0
0263C0
026CD0
0275D0
027ED0
028DE0
029CE0
02ABF0
02BAF0
02CFD0
02E4B0
02F990
030E70
0328D0
034340
035DA0
037800
0397B0
03B750
03D700
03F6A0
041B40
043FE0
046470
048910
04B240
04DB70
050490
052DC0
055B70
058920
05B6D0
05E480
0616A0
0648C0
067AD0
06ACF0
06E330
071980
074FC0
078600
07C020
07FA40
083460
086E80
08AC80
08EA80
092880
096680
09A870
09EA60
0A2C50
0A6E40
0AB3C0
0AF950
0B3ED0
0B8450
0BCCD0
0C1560
0C5DE0
0CA660
0CF2A0
0D3ED0
0D8B10
0DD740
0E27A0
0E7810
0EC870
0F18D0
0F6D80
0FC230
1016D0
106B80
10C4B0
111DD0
117700
11D020
122E10
128BF0
12E9E0
1347C0
13AAB0
140DA0
147080
14D370
153BB0
15A3E0
160C20
167450
16E220
174FF0
17BDC0
182B90
189F20
1912B0
198640
19F9D0
1A7340
1AECC0
1B6630
1BDFA0
1C5F50
1CDF00
1D5EA0
1DDE50
1E6490
1EEAE0
1F7120
1FF760
208430
211100
219DC0
222A90
22BDC0
2350F0
23E420
247750
251160
25AB80
264590
26DFA0
278170
282330
28C500
2966C0
2A0F20
2AB780
2B5FD0
2C0830
2CB650
2D6480
2E12A0
2EC0C0
2F7490
302850
30DC20
318FE0
324920
330270
33BBB0
3474F0
3532E0
35F0D0
36AEC0
376CB0
382EA0
38F090
39B270
3A7460
3B39D0
3BFF30
3CC4A0
3D8A00
3E5250
3F1AB0
3FE300
40AB50
417600
4240B0
430B50
43D600
44A260
456EC0
463B20
470780
47D530
48A2E0
497080
4A3E30
4B0CE0
4BDB80
4CAA30
4D78D0
4E4770
4F1610
4FE4A0
50B340
518110
524EE0
531CA0
53EA70
54B660
558250
564E30
571A20
57E2B0
58AB40
5973C0
5A3C50
5B01F0
5BC7A0
5C8D40
5D52E0
5E15B0
5ED880
5F9B50
605E20
611DC0
61DD60
629D00
635CA0
6418E0
64D510
659150
664D80
670600
67BE70
6876F0
692F60
69E350
6A9740
6B4B30
6BFF20
6CAF90
6D6000
6E1060
6EC0D0
6F7000
701F20
70CE50
717D70
7226C0
72D010
737950
7422A0
74C250
756200
7601B0
76A160
773740
77CD20
7862F0
78F8D0
798590
7A1250
7A9F00
7B2BC0
7BA8D0
7C25D0
7CA2E0
7D1FE0
7D8C80
7DF920
7E65C0
7ED260
7F1DC0
7F6930
7FB490
7FFFF0
7FFFF0
7FFFF0
7FFFF0
7FFFF0
7FFFF0
7FFFF0
7FFFF0
7FFFF0
7FFFF0
7FFFF0
7FFFF0
7FFFF0
7FFFF0
7FFFF0
7FFFF0
7FFFF0
7FFFF0
7FFFF0
7FFFF0
7FFFF0
7FFFF0
7FFFF0
7FFFF0
7FFFF0
7FFFF0
7FFFF0
7FFFF0
7FFFF0
7FFFA0
7FFF40
7FFEF0
7FFE90
7FE280
7FC680
7FAA70
7F8E60
7F5EC0
7F2F30
7EFF90
7ECFF0
7E8CD0
7E49B0
7E0680
7DC360
7D69B0
7D0FF0
7CB640
7C5C80
7BEB20
7B79C0
7B0860
7A9700
7A0810
797910
78EA20
785B20
77AB30
76FB50
764B60
759B70
74C1B0
73E800
730E40
723480
7122C0
701100
6EFF40
6DED80
6CB070
6B7360
6A3640
68F930
6798B0
663820
64D7A0
637710
61F350
606FA0
5EEBE0
5D6820
5BC270
5A1CC0
587710
56D160
550EA0
534BD0
518910
4FC640
4DEA40
4C0E40
4A3230
485630
466530
447430
428320
409220
3E91A0
3C9110
3A9090
389000
368030
347060
326080
3050B0
2E32F0
2C1530
29F760
27D9A0
25B010
238680
215CE0
1F3350
1CFF50
1ACB40
189740
166330
142840
11ED60
0FB270
0D7780
0B38D0
08FA30
06BB80
047CD0
023D10
FFFD50
FDBDA0
FB7DE0
F94010
F70230
F4C460
F28690
F04D00
EE1380
EBD9F0
E9A070
E76DA0
E53AC0
E307F0
E0D520
DEABF0
DC82B0
DA5980
D83050
D613F0
D3F790
D1DB40
CFBEE0
CDB0F0
CBA300
C99520
C78730
C589C0
C38C40
C18ED0
BF9160
BDA650
BBBB30
B9D020
B7E510
B60DB0
B43650
B25F00
B087A0
AEC790
AD0780
AB4780
A98770
A7E1B0
A63BF0
A49640
A2F080
A16830
9FDFF0
9E57A0
9CCF60
9B6860
9A0160
989A70
973370
95EEB0
94A9F0
936540
922080
90FEA0
8FDCC0
8EBAF0
8D9910
8C9EF0
8BA4D0
8AAAC0
89B0A0
88E590
881A80
874F70
868460
85E1A0
853ED0
849C10
83F950
837800
82F6B0
827570
81F420
819BF0
8143C0
80EB90
809360
807360
805350
803350
801350
800E80
8009A0
8004D0
800000
800000
800000
800000
800000
800000
800000
800000
800000
8030A0
806140
8091E0
80C280
811040
815E10
81ABD0
81F9A0
826040
82C6E0
832D90
839430
8416E0
849990
851C50
859F00
863FD0
86E0A0
878180
882250
88E070
899E90
8A5CB0
8B1AD0
8BF510
8CCF50
8DA9A0
8E83E0
8F7D40
9076B0
917010
926980
938780
94A570
95C370
96E170
981BA0
9955D0
9A9000
9BCA30
9D1AB0
9E6B30
9FBBC0
A10C40
A270F0
A3D5B0
A53A60
A69F20
A81540
A98B60
AB0180
AC77A0
ADFB40
AF7EE0
B10280
B28620
B413D0
B5A180
B72F40
B8BCF0
BA5080
BBE400
BD7790
BF0B20
C09F60
C233A0
C3C7E0
C55C20
C6F050
C88480
CA18C0
CBACF0
CD3F90
CED240
D064E0
D1F790
D385D0
D51410
D6A260
D830A0
D9B7C0
DB3EF0
DCC610
DE4D40
DFCB70
E149B0
E2C7E0
E44620
E5B980
E72CE0
E8A050
EA13B0
EB79C0
ECDFD0
EE45E0
EFABF0
F101F0
F257F0
F3ADF0
F503F0
F648A0
F78D50
F8D210
FA16C0
FB48E0
FC7AF0
FDAD10
FEDF30
FFFC40
011950
023660
035370
045890
055DA0
0662C0
0767D0
085510
094240
0A2F80
0B1CB0
0BF1C0
0CC6D0
0D9BE0
0E70F0
0F2C00
0FE720
10A230
115D40
11FC20
129B00
1339E0
13D8C0
145C60
14E000
156390
15E730
165010
16B900
1721E0
178AC0
17D7E0
182500
187220
18BF40
18EF30
191F30
194F20
197F10
199390
19A800
19BC80
19D0F0
19CB40
19C590
19BFD0
19BA20
199A10
197A00
1959F0
1939E0
18FF00
18C420
188930
184E50
17FAD0
17A750
1753D0
170050
169610
162BE0
15C1A0
155760
14D710
1456C0
13D670
135620
12C030
122A50
119460
10FE70
105560
0FAC50
0F0330
0E5A20
0DA010
0CE610
0C2C00
0B71F0
0AA850
09DEB0
091500
084B60
077370
069B80
05C380
04EB90
0407C0
0323F0
024010
015C40
006ED0
FF8150
FE93E0
FDA670
FCB140
FBBC10
FAC6F0
F9D1C0
F8D6E0
F7DC00
F6E120
F5E640
F4E7B0
F3E920
F2EA90
F1EC00
F0EBB0
EFEB70
EEEB20
EDEAE0
ECEB20
EBEB50
EAEB90
E9EBD0
E8EEF0
E7F220
E6F540
E5F870
E4FFE0
E40750
E30EC0
E21630
E12350
E03070
DF3DA0
DE4AC0
DD5FC0
DC74C0
DB89C0
DA9EC0
D9BE10
D8DD50
D7FCA0
D71BF0
D64620
D57060
D49A90
D3C4D0
D2FAC0
D230B0
D166A0
D09C90
CFE010
CF2390
CE6710
CDAA90
CCFDD0
CC5110
CBA450
CAF790
CA5A60
C9BD30
C92010
C882E0
C7F560
C767E0
C6DA70
C64CF0
C5D070
C55400
C4D780
C45B10
C3F150
C38790
C31DE0
C2B420
C25C30
C20430
C1AC40
C15450
C10D80
C0C6B0
C07FF0
C03920
C00430
BFCF40
BF9A50
BF6560
BF4360
BF2160
BEFF60
BEDD60
BECCA0
BEBBF0
BEAB30
BE9A80
BE99C0
BE9900
BE9840
BE9780
BEA6A0
BEB5D0
BEC4F0
BED420
BEF350
BF1280
BF31C0
BF50F0
BF7E40
BFAB90
BFD8E0
C00630
C03FF0
C079B0
C0B370
C0ED30
C13290
C17800
C1BD60
C202D0
C25330
C2A390
C2F400
C34460
C39DC0
C3F710
C45070
C4A9D0
C50A60
C56AE0
C5CB70
C62C00
C69260
C6F8C0
C75F30
C7C590
C83070
C89B60
C90640
C97130
C9DED0
CA4C70
CABA10
CB27B0
CB9650
CC0500
CC73A0
CCE250
CD5050
CDBE50
CE2C50
CE9A50
CF05E0
CF7160
CFDCF0
D04880
D0B040
D11800
D17FD0
D1E790
D24A30
D2ACD0
D30F70
D37210
D3CDC0
D42970
D48520
D4E0D0
D53380
D58640
D5D8F0
D62BB0
D674D0
D6BDE0
D70700
D75020
D78EE0
D7CD90
D80C50
D84B10
D87DC0
D8B070
D8E330
D915E0
D93A90
D95F40
D98400
D9A8B0
D9BF90
D9D680
D9ED60
DA0450
DA0D50
DA1660
DA1F60
DA2870
DA2260
DA1C40
DA1630
DA1020
D9F960
D9E290
D9CBD0
D9B510
D98E90
D96820
D941A0
D91B30
D8E5A0
D8B010
D87A90
D84500
D7FFC0
D7BA80
D77540
D73000
D6DA10
D68410
D62E20
D5D830
D57330
D50E40
D4A940
D44450
D3D1A0
D35EF0
D2EC40
D27990
D1F930
D178E0
D0F880
D07830
CFEA00
CF5BD0
CECDA0
CE3F70
CDA590
CD0BA0
CC71C0
CBD7E0
CB3410
CA9040
C9EC70
C948A0
C89BB0
C7EEC0
C741E0
C694F0
C5DF80
C52A00
C47490
C3BF20
C30380
C247E0
C18C50
C0D0B0
C010F0
BF5140
BE9180
BDD1D0
BD0F70
BC4D00
BB8AA0
BAC840
BA0480
B940D0
B87D10
B7B960
B6F690
B633C0
B570F0
B4AE20
B3EE50
B32E70
B26EA0
B1AED0
B0F3E0
B038E0
AF7DF0
AEC300
AE0EE0
AD5AC0
ACA6A0
ABF280
AB4710
AA9B90
A9F020
A944B0
A8A3B0
A802A0
A761A0
A6C0A0
A62C20
A597A0
A50330
A46EB0
A3E900
A36360
A2DDB0
A25810
A1E260
A16CC0
A0F710
A08170
A01D10
9FB8A0
9F5440
9EEFE0
9E9ED0
9E4DC0
9DFCC0
9DABB0
9D7060
9D3500
9CF9B0
9CBE60
9C9910
9C73C0
9C4E70
9C2920
9C1A50
9C0B80
9BFCC0
9BEDF0
9BF760
9C00D0
9C0A40
9C13B0
9C3760
9C5B10
9C7ED0
9CA280
9CDFF0
9D1D50
9D5AC0
9D9830
9DEF10
9E45E0
9E9CC0
9EF3A0
9F6510
9FD680
A04800
A0B970
A14710
A1D4B0
A26260
A2F000
A39840
A44090
A4E8D0
A59120
A652F0
A714C0
A7D6A0
A89870
A97420
AA4FE0
AB2B90
AC0750
ACFDA0
ADF400
AEEA50
AFE0B0
B0EF80
B1FE40
B30D10
B41BE0
B54150
B666D0
B78C40
B8B1C0
B9ED80
BB2930
BC64F0
BDA0B0
BEF290
C04460
C19640
C2E820
C44D70
C5B2B0
C71800
C87D50
C9F3C0
CB6A20
CCE090
CE5700
CFDD40
D16390
D2E9D0
D47020
D60530
D79A40
D92F50
DAC460
DC6560
DE0670
DFA770
E14880
E2F300
E49D70
E647F0
E7F270
E9A470
EB5680
ED0880
EEBA90
F07240
F22A00
F3E1B0
F59970
F75430
F90EF0
FAC9C0
FC8480
FE3FD0
FFFB20
01B680
0371D0
052B50
06E4E0
089E60
0A57E0
0C0D20
0DC250
0F7790
112CC0
12DB90
148A60
163920
17E7F0
198E30
1B3470
1CDAB0
1E80F0
201C20
21B740
235270
24ED90
267AD0
280810
299550
2B2290
2CA090
2E1E80
2F9C80
311A70
3287B0
33F4E0
356220
36CF50
382960
398370
3ADD80
3C3790
3D7BB0
3EBFE0
400400
414820
4275E0
43A3A0
44D150
45FF10
4715B0
482C50
4942E0
4A5980
4B56F0
4C5470
4D51E0
4E4F50
4F3120
501300
50F4D0
51D6A0
529D60
536420
542AD0
54F190
559D70
564940
56F520
57A0F0
583080
58C020
594FB0
59DF40
5A50E0
5AC280
5B3410
5BA5B0
5BFAA0
5C4FA0
5CA490
5CF980
5D32C0
5D6C10
5DA550
5DDE90
5DFB90
5E1890
5E3580
5E5280
5E5240
5E51F0
5E51B0
5E5160
5E3600
5E1A90
5DFF30
5DE3C0
5DAEF0
5D7A20
5D4540
5D1070
5CC290
5C74A0
5C26C0
5BD8D0
5B71F0
5B0B00
5AA420
5A3D30
59BFC0
594250
58C4D0
584760
57B570
572390
5691A0
55FFB0
555A70
54B530
540FE0
536AA0
52B2F0
51FB40
514390
508BE0
4FC460
4EFCE0
4E3550
4D6DD0
4C98D0
4BC3C0
4AEEC0
4A19B0
4938F0
485820
477760
469690
45ABE0
44C120
43D670
42EBB0
41F940
4106E0
401470
3F2200
3E2A00
3D3210
3C3A10
3B4210
3A46B0
394B40
384FE0
375470
3657E0
355B50
345EB0
336220
326630
316A30
306E40
2F7240
2E78B0
2D7F10
2C8580
2B8BE0
2A96F0
29A200
28AD10
27B820
26CA70
25DCC0
24EF10
240160
231BE0
223660
2150D0
206B50
1F8F00
1EB2C0
1DD670
1CFA20
1C2930
1B5830
1A8740
19B640
18F320
182FF0
176CD0
16A9A0
15F440
153EE0
148980
13D420
132CD0
128580
11DE30
1136E0
109F40
100790
0F6FF0
0ED840
0E5240
0DCC50
0D4650
0CC050
0C4B10
0BD5E0
0B60A0
0AEB60
0A8660
0A2160
09BC60
095760
090380
08AFB0
085BD0
0807F0
07C690
078530
0743C0
070260
06D1D0
06A130
0670A0
064000
061EF0
05FDE0
05DCC0
05BBB0
05AA40
0598D0
058750
0575E0
057470
057310
0571A0
057030
057CB0
058920
0595A0
05A210
05BAA0
05D330
05EBB0
060440
062830
064C20
067010
069400
06C2E0
06F1C0
072090
074F70
0786D0
07BE40
07F5A0
082D00
086AD0
08A8A0
08E670
092440
096710
09A9E0
09ECB0
0A2F80
0A75F0
0ABC70
0B02E0
0B4950
0B9130
0BD920
0C2100
0C68E0
0CB030
0CF770
0D3EC0
0D8600
0DCAD0
0E0FA0
0E5470
0E9940
0ED9A0
0F19F0
0F5A50
0F9AA0
0FD4C0
100EF0
104910
108330
10B570
10E7B0
1119F0
114C30
117470
119CA0
11C4E0
11ED10
1208E0
1224C0
124090
125C60
126AE0
127960
1287E0
129660
129680
1296B0
1296D0
1296F0
1286B0
127680
126640
125600
123300
121000
11ECF0
11C9F0
119430
115E80
1128C0
10F300
10AA60
1061C0
101920
0FD080
0F7360
0F1650
0EB930
0E5C10
0DE880
0D74F0
0D0150
0C8DC0
0C04C0
0B7BC0
0AF2C0
0A69C0
09CC10
092E50
0890A0
07F2E0
073F90
068C40
05D8E0
052590
045B40
039100
02C6B0
01FC60
011D20
003DF0
FF5EB0
FE7F70
FD8CD0
FC9A30
FBA7A0
FAB500
F9AF00
F8A900
F7A300
F69D00
F58330
F46950
F34F80
F235B0
F10AC0
EFDFC0
EEB4D0
ED89E0
EC5010
EB1650
E9DC80
E8A2C0
E75AF0
E61330
E4CB60
E383A0
E22E60
E0D930
DF83F0
DE2EC0
DCCF40
DB6FC0
DA1050
D8B0D0
D749D0
D5E2C0
D47BC0
D314C0
D1A7F0
D03B30
CECE60
CD61A0
CBF0B0
CA7FC0
C90EE0
C79DF0
C62C00
C4BA00
C34810
C1D620
C065F0
BEF5C0
BD85A0
BC1570
BAA980
B93D80
B7D190
B665A0
B50050
B39B00
B235C0
B0D070
AF7480
AE1890
ACBCB0
AB60C0
AA10C0
A8C0C0
A770D0
A620D0
A4DF90
A39E50
A25D20
A11BE0
9FEC60
9EBCF0
9D8D70
9C5E00
9B4230
9A2670
990AA0
97EEE0
96E8C0
95E290
94DC70
93D650
92E8B0
91FB10
910D70
901FD0
8F4DF0
8E7C10
8DAA30
8CD850
8C22F0
8B6DA0
8AB840
8A02F0
896B30
88D360
883BA0
87A3E0
872C30
86B480
863CD0
85C520
857080
851BD0
84C730
847290
844090
840E90
83DCA0
83AAA0
839B50
838BF0
837CA0
836D50
838280
8397A0
83ACD0
83C200
83FE10
843A20
847630
84B240
851390
8574E0
85D630
863780
86BCE0
874240
87C7A0
884D00
88F750
89A1B0
8A4C00
8AF660
8BC710
8C97B0
8D6860
8E3910
8F2D60
9021C0
911610
920A70
932050
943620
954C00
9661E0
979910
98D040
9A0770
9B3EA0
9C9770
9DF040
9F4920
A0A1F0
A218D0
A38FC0
A506A0
A67D90
A80F80
A9A170
AB3370
ACC560
AE7100
B01CA0
B1C840
B373E0
B53820
B6FC50
B8C090
BA84D0
BC5DD0
BE36C0
C00FC0
C1E8C0
C3D300
C5BD50
C7A790
C991E0
CB8B20
CD8460
CF7DA0
D176E0
D37CE0
D582F0
D788F0
D98F00
DB9DF0
DDACE0
DFBBE0
E1CAD0
E3DF20
E5F370
E807C0
EA1C10
EC32A0
EE4930
F05FD0
F27660
F48C00
F6A190
F8B730
FACCD0
FCDE30
FEEF90
0100F0
031250
051C40
072630
093020
0B3A10
0D3910
0F3810
113710
133610
152660
1716B0
1906F0
1AF740
1CD670
1EB5A0
2094D0
227400
243FA0
260B40
27D6E0
29A280
2B5700
2D0B90
2EC010
307490
320E10
33A780
354100
36DA70
3857B0
39D4F0
3B5220
3CCF60
3E2EF0
3F8E90
40EE20
424DB0
438C80
44CB50
460A10
4748E0
486340
497DA0
4A9800
4BB260
4CA880
4D9EB0
4E94D0
4F8AF0
505CA0
512E40
51FFF0
52D190
537C70
542740
54D220
557CF0
55FE10
567F30
570040
578160
57DA50
583330
588C20
58E500
5916B0
594870
597A20
59ABD0
59B500
59BE40
59C770
59D0A0
59AF70
598E50
596D20
594BF0
590330
58BA60
5871A0
5828D0
57BA90
574C60
56DE20
566FE0
55DC30
554870
54B4C0
542100
536750
52ADA0
51F3E0
513A30
505E10
4F81F0
4EA5D0
4DC9B0
4CCE30
4BD2A0
4AD720
49DB90
48C1D0
47A820
468E60
4574A0
443D90
430670
41CF60
409840
3F47D0
3DF770
3CA700
3B5690
39F050
388A20
3723E0
35BDA0
3443E0
32CA20
315060
2FD6A0
2E4B80
2CC070
2B3550
29AA30
2811B0
267930
24E0B0
234830
21A5F0
2003A0
1E6160
1CBF10
1B1620
196D30
17C440
161B50
146EF0
12C280
111620
0F69B0
0DBD40
0C10D0
0A6460
08B7F0
070ED0
0565B0
03BC80
021360
007120
FECED0
FD2C90
FB8A50
F9F2C0
F85B30
F6C3A0
F52C10
F3A1C0
F21770
F08D20
EF02D0
ED8850
EC0DE0
EA9360
E918F0
E7B1F0
E64AF0
E4E400
E37D00
E22D80
E0DE00
DF8E90
DE3F10
DD0870
DBD1C0
DA9B20
D96480
D84850
D72C20
D60FF0
D4F3C0
D3F540
D2F6B0
D1F830
D0F9B0
D01CA0
CF3F80
CE6270
CD8560
CCC9C0
CC0E10
CB5270
CA96D0
C9FD00
C96330
C8C970
C82FA0
C7BA30
C744B0
C6CF40
C659D0
C60BC0
C5BDC0
C56FB0
C521B0
C4F9B0
C4D1B0
C4A9B0
C481B0
C47EE0
C47C20
C47950
C47690
C49A60
C4BE40
C4E210
C505F0
C55260
C59ED0
C5EB40
C637B0
C6AA30
C71CC0
C78F40
C801D0
C89880
C92F30
C9C5F0
CA5CA0
CB17B0
CBD2D0
CC8DE0
CD4900
CE2920
CF0940
CFE960
D0C980
D1CB60
D2CD40
D3CF20
D4D100
D5F1D0
D712B0
D83380
D95460
DA9340
DBD210
DD10F0
DE4FD0
DFAC00
E10830
E26470
E3C0A0
E53670
E6AC30
E82200
E997D0
EB23E0
ECAFF0
EE3C00
EFC810
F16850
F308A0
F4A8E0
F64930
F7FBC0
F9AE50
FB60E0
FD1370
FED490
0095B0
0256C0
0417E0
05E420
07B050
097C90
0B48C0
0D1D40
0EF1C0
10C630
129AB0
147490
164E60
182840
1A0210
1BDDF0
1DB9C0
1F95A0
217170
234C20
2526D0
270170
28DC20
2AB240
2C8860
2E5E80
3034A0
3202A0
33D0A0
359E90
376C90
392FF0
3AF350
3CB6B0
3E7A10
403050
41E690
439CC0
455300
46F8B0
489E70
4A4420
4BE9D0
4D7B40
4F0CB0
509E10
522F80
53AB30
5526D0
56A280
581E20
598260
5AE6A0
5C4AD0
5DAF10
5EF8C0
604270
618C20
62D5D0
640150
652CE0
665860
6783E0
689110
699E40
6AAB70
6BB8A0
6CA6F0
6D9540
6E8390
6F71E0
703EF0
710C00
71D900
72A610
734EF0
73F7D0
74A0B0
754990
75CF40
7654F0
76DA90
776040
77C330
782620
788900
78EBF0
792AA0
796960
79A810
79E6C0
79FF50
7A17E0
7A3060
7A48F0
7A3D50
7A31A0
7A2600
7A1A50
79EBE0
79BD70
798EF0
796080
790EE0
78BD30
786B90
7819E0
77A420
772E70
76B8B0
7642F0
75ABE0
7514D0
747DB0
73E6A0
733070
727A40
71C400
710DD0
703920
6F6470
6E8FC0
6DBB10
6CC830
6BD550
6AE270
69EF90
68E1B0
67D3C0
66C5E0
65B7F0
6491C0
636BA0
624570
611F40
5FE260
5EA590
5D68B0
5C2BD0
5AD9B0
598790
583570
56E350
557F20
541B00
52B6D0
5152A0
4FDF50
4E6C10
4CF8C0
4B8570
4A0560
488550
470530
458520
43FAB0
427050
40E5E0
3F5B70
3DC970
3C3770
3AA570
391370
377C80
35E590
344EA0
32B7B0
311E90
2F8560
2DEC40
2C5310
2ABA90
292210
278980
25F100
245B60
22C5D0
213030
1F9A90
1E0A20
1C79B0
1AE940
1958D0
17D060
164800
14BF90
133720
11B9E0
103CA0
0EBF60
0D4220
0BD170
0A60C0
08F010
077F60
061CD0
04BA30
0357A0
01F500
00A320
FF5140
FDFF60
FCAD80
FB6F40
FA3110
F8F2D0
F7B4A0
F68AA0
F56090
F43690
F30C90
F1F780
F0E270
EFCD70
EEB860
EDBA70
ECBC90
EBBEA0
EAC0C0
E9DC80
E8F840
E81410
E72FD0
E664D0
E599D0
E4CEE0
E403E0
E35210
E2A040
E1EE70
E13CA0
E0A560
E00E30
DF76F0
DEDFC0
DE64F0
DDEA20
DD6F60
DCF490
DC9500
DC3570
DBD5E0
DB7650
DB3130
DAEC00
DAA6E0
DA61C0
DA37B0
DA0D90
D9E380
D9B970
D9AB60
D99D40
D98F30
D98120
D98D50
D99970
D9A5A0
D9B1D0
D9D6D0
D9FBE0
DA20E0
DA45F0
DA83B0
DAC160
DAFF20
DB3CE0
DB9360
DBE9F0
DC4070
DC9700
DD0430
DD7160
DDDEA0
DE4BD0
DECDE0
DF4FF0
DFD200
E05410
E0EA10
E18000
E21600
E2AC00
E35510
E3FE30
E4A740
E55060
E60A80
E6C4A0
E77EC0
E838E0
E90220
E9CB60
EA94B0
EB5DF0
EC34F0
ED0BE0
EDE2E0
EEB9E0
EF9D40
F080A0
F16400
F24760
F33510
F422C0
F51080
F5FE30
F6F450
F7EA80
F8E0A0
F9D6D0
FAD3A0
FBD060
FCCD30
FDCA00
FECB80
FFCD00
00CE90
01D010
02D4C0
03D970
04DE20
05E2D0
06E910
07EF50
08F590
09FBD0
0B01D0
0C07C0
0D0DC0
0E13B0
0F1760
101B10
111EB0
122260
132290
1422D0
152300
162330
171EB0
181A20
1915A0
1A1110
1B05F0
1BFAE0
1CEFC0
1DE4A0
1ED0E0
1FBD30
20A970
2195B0
2278C0
235BE0
243EF0
252200
25FB30
26D460
27AD90
2886C0
295490
2A2250
2AF020
2BBDE0
2C7E90
2D3F30
2DFFE0
2EC080
2F73F0
302760
30DAD0
318E40
323420
32DA10
337FF0
3425D0
34BD10
355440
35EB80
3682B0
3709E0
379110
381830
389F60
3916E0
398E70
3A05F0
3A7D70
3AE570
3B4D70
3BB560
3C1D60
3C7530
3CCCF0
3D24C0
3D7C80
3DC340
3E0A00
3E50B0
3E9770
3ECDD0
3F0430
3F3A80
3F70E0
3F9750
3FBDC0
3FE420
400A90
4020E0
403730
404D70
4063C0
4069A0
406F80
407560
407B40
407170
4067B0
405DE0
405410
403B30
402250
400970
3FF090
3FC8C0
3FA100
3F7930
3F5160
3F1AB0
3EE400
3EAD50
3E76A0
3E31F0
3DED40
3DA890
3D63E0
3D11F0
3CC000
3C6E00
3C1C10
3BBD50
3B5E90
3AFFC0
3AA100
3A35F0
39CAD0
395FC0
38F4A0
387DF0
380740
379080
3719D0
369830
361690
3594F0
351350
348760
33FB70
336F70
32E380
324DD0
31B820
312260
308CB0
2FEDF0
2F4F30
2EB060
2E11A0
2D6A80
2CC350
2C1C30
2B7500
2AC630
2A1760
296890
28B9C0
280410
274E60
2698B0
25E300
2526E0
246AC0
23AE90
22F270
223050
216E30
20AC00
1FE9E0
1F2260
1E5AE0
1D9360
1CCBE0
1BFFB0
1B3370
1A6740
199B00
18CA80
17FA00
172970
1658F0
158490
14B020
13DBC0
130750
122FA0
1157E0
108030
0FA870
0ECE10
0DF3B0
0D1950
0C3EF0
0B6230
0A8560
09A8A0
08CBD0
07ECF0
070E20
062F40
055060
046FE0
038F70
02AEF0
01CE70
00ECD0
000B30
FF2990
FE47F0
FD6570
FC82F0
FBA080
FABE00
F9DB00
F8F800
F81500
F73200
F64ED0
F56BB0
F48880
F3A560
F2C260
F1DF70
F0FC70
F01980
EF3720
EE54B0
ED7250
EC8FF0
EBAE80
EACD10
E9EBA0
E90A30
E82A00
E749E0
E669B0
E58990
E4AB00
E3CC80
E2EDF0
E20F70
E132F0
E05680
DF7A00
DE9D90
DDC390
DCE990
DC0F90
DB3590
DA5E50
D98720
D8AFE0
D7D8B0
D70490
D63060
D55C40
D48820
D3B7A0
D2E720
D216A0
D14620
D079C0
CFAD70
CEE110
CE14C0
CD4CF0
CC8520
CBBD60
CAF590
CA32B0
C96FE0
C8AD00
C7EA30
C72CD0
C66F80
C5B220
C4F4D0
C43D80
C38640
C2CEF0
C217B0
C166E0
C0B610
C00540
BF5470
BEAA80
BE0080
BD5690
BCACA0
BC0A30
BB67D0
BAC560
BA2300
B988C0
B8EE80
B85450
B7BA10
B72890
B69710
B60590
B57410
B4EBF0
B463D0
B3DBB0
B35390
B2D550
B25710
B1D8D0
B15A90
B0E6B0
B072C0
AFFEE0
AF8B00
AF2210
AEB920
AE5040
ADE750
AD8A00
AD2CC0
ACCF70
AC7230
AC20E0
ABCF90
AB7E40
AB2CF0
AAE7F0
AAA2F0
AA5DF0
AA18F0
A9E0E0
A9A8D0
A970C0
A938B0
A90E40
A8E3D0
A8B970
A88F00
A87240
A85580
A838C0
A81C00
A80D00
A7FE10
A7EF10
A7E020
A7DF70
A7DEB0
A7DE00
A7DD50
A7EB80
A7F9C0
A807F0
A81630
A83300
A84FE0
A86CB0
A88990
A8B4D0
A8E010
A90B60
A936A0
A970A0
A9AAA0
A9E4B0
AA1EB0
AA67F0
AAB130
AAFA70
AB43B0
AB9B80
ABF360
AC4B30
ACA310
AD08F0
AD6ED0
ADD4B0
AE3A90
AEAE90
AF22A0
AF96A0
B00AB0
B08D20
B10F90
B19200
B21470
B2A430
B33400
B3C3C0
B45390
B4EFD0
B58C10
B62850
B6C490
B76D00
B81560
B8BDD0
B96640
BA1AB0
BACF20
BB83A0
BC3810
BCF750
BDB680
BE75C0
BF3500
BFFDE0
C0C6C0
C18FA0
C25880
C32A70
C3FC60
C4CE50
C5A040
C67AD0
C75570
C83000
C90AA0
C9EC50
CACE00
CBAFB0
CC9160
CD78D0
CE6040
CF47B0
D02F20
D11B50
D20790
D2F3C0
D3E000
D4D010
D5C020
D6B030
D7A040
D892B0
D98530
DA77A0
DB6A20
DC5DB0
DD5140
DE44D0
DF3860
E02BD0
E11F40
E212C0
E30630
E3F850
E4EA80
E5DCA0
E6CED0
E7BE50
E8ADE0
E99D60
EA8CF0
EB7890
EC6440
ED4FE0
EE3B90
EF21F0
F00850
F0EEC0
F1D520
F2B4C0
F39460
F47410
F553B0
F62BA0
F703A0
F7DB90
F8B390
F982F0
FA5240
FB21A0
FBF100
FCB660
FD7BC0
FE4120
FF0680
FFC060
007A50
013440
01EE20
029C10
034A00
03F7E0
04A5D0
054720
05E870
0689C0
072B10
07BE90
085210
08E580
097900
09FD30
0A8160
0B0580
0B89B0
0BFEA0
0C7390
0CE870
0D5D60
0DC300
0E2890
0E8E30
0EF3C0
0F4910
0F9E60
0FF3A0
1048F0
108CC0
10D0A0
111470
115840
118B40
11BE50
11F150
122450
1246F0
126980
128C20
12AEB0
12C060
12D210
12E3C0
12F570
12F570
12F580
12F580
12F580
12E500
12D470
12C3F0
12B360
129330
127310
1252E0
1232B0
1202E0
11D310
11A330
117360
1133A0
10F3E0
10B420
107460
102640
0FD830
0F8A10
0F3BF0
0EE0D0
0E85A0
0E2A80
0DCF50
0D67A0
0CFFF0
0C9840
0C3090
0BBCC0
0B48E0
0AD510
0A6130
09E2F0
0964A0
08E660
086810
07E0E0
0759C0
06D290
064B60
05BC50
052D30
049E20
040F00
0378E0
02E2C0
024CA0
01B680
011B20
007FC0
FFE450
FF48F0
FEA9E0
FE0AD0
FD6BD0
FCCCC0
FC2B70
FB8A10
FAE8C0
FA4770
F9A530
F902F0
F860C0
F7BE80
F71CE0
F67B40
F5D9A0
F53800
F49870
F3F8E0
F35950
F2B9C0
F21DD0
F181D0
F0E5E0
F049F0
EFB330
EF1C80
EE85C0
EDEF10
ED5EC0
ECCE80
EC3E30
EBADF0
EB2540
EA9CA0
EA13F0
E98B50
E90BF0
E88C80
E80D20
E78DC0
E71970
E6A520
E630E0
E5BC90
E553F0
E4EB40
E482A0
E41A00
E3BDB0
E36160
E30520
E2A8D0
E25A50
E20BD0
E1BD50
E16ED0
E12FE0
E0F0E0
E0B1F0
E07300
E04370
E013E0
DFE460
DFB4D0
DF94C0
DF74C0
DF54B0
DF34B0
DF2540
DF15D0
DF0660
DEF6F0
DEF980
DEFC00
DEFE90
DF0120
DF14E0
DF28A0
DF3C60
DF5020
DF7490
DF9900
DFBD70
DFE1E0
E01790
E04D40
E08300
E0B8B0
E10070
E14830
E19000
E1D7C0
E23050
E288E0
E2E170
E33A00
E3A250
E40AA0
E472F0
E4DB40
E55360
E5CB70
E64390
E6BBB0
E743E0
E7CC10
E85440
E8DC70
E972E0
EA0950
EA9FD0
EB3640
EBD970
EC7CA0
ED1FE0
EDC310
EE7260
EF21C0
EFD110
F08070
F13B80
F1F680
F2B190
F36CA0
F43160
F4F620
F5BAE0
F67FA0
F74C50
F818F0
F8E5A0
F9B250
FA85C0
FB5940
FC2CB0
FD0030
FDD980
FEB2C0
FF8C10
006560
014260
021F60
02FC50
03D950
04B810
0596D0
067590
075450
083340
091240
09F130
0AD020
0BADB0
0C8B50
0D68E0
0E4670
0F20C0
0FFB10
10D550
11AFA0
1284D0
135A00
142F20
150450
15D290
16A0C0
176F00
183D30
190280
19C7C0
1A8D10
1B5250
1C0D30
1CC810
1D82F0
1E3DD0
1EECC0
1F9BB0
204A90
20F980
219AA0
223BC0
22DCD0
237DF0
240F50
24A0B0
253200
25C360
2643D0
26C430
2744A0
27C500
283340
28A190
290FD0
297E10
29D850
2A3280
2A8CC0
2AE6F0
2B2AD0
2B6EC0
2BB2A0
2BF680
2C23F0
2C5150
2C7EC0
2CAC20
2CC2B0
2CD940
2CEFD0
2D0660
2D0480
2D02A0
2D00B0
2CFED0
2CE280
2CC620
2CA9D0
2C8D70
2C5770
2C2180
2BEB80
2BB580
2B6650
2B1720
2AC7F0
2A78C0
2A0F70
29A620
293CC0
28D370
284EA0
27C9E0
274510
26C040
262180
2582C0
24E400
244540
238DD0
22D650
221EE0
216760
2096C0
1FC620
1EF580
1E24E0
1D3A30
1C4F70
1B64C0
1A7A00
197800
187600
177400
167200
155AF0
1443E0
132CC0
1215B0
10EA50
0FBEF0
0E9390
0D6830
0C2930
0AEA30
09AB20
086C20
071C20
05CC10
047C10
032C00
01CD40
006E80
FF0FC0
FDB100
FC4530
FAD960
F96DA0
F801D0
F68AA0
F51360
F39C30
F22500
F0A4B0
EF2460
EDA410
EC23C0
EA9C80
E91530
E78DF0
E606B0
E47A70
E2EE20
E161E0
DFD5A0
DE4640
DCB6D0
DB2770
D99810
D807E0
D677B0
D4E780
D35750
D1C860
D03960
CEAA70
CD1B80
CB9070
CA0550
C87A40
C6EF30
C56B10
C3E700
C262E0
C0DED0
BF6240
BDE5B0
BC6920
BAEC90
B97870
B80440
B69020
B51C00
B3B240
B24870
B0DEB0
AF74F0
AE1790
ACBA20
AB5CC0
A9FF60
A8AF00
A75EA0
A60E40
A4BDE0
A37BA0
A23950
A0F710
9FB4D0
9E8140
9D4DB0
9C1A20
9AE690
99C190
989C90
9777A0
9652A0
953F80
942C50
931930
920610
910800
9009F0
8F0BF0
8E0DE0
8D24F0
8C3C00
8B5310
8A6A20
8994D0
88BF70
87EA20
8714D0
865AF0
85A110
84E730
842D50
838EB0
82F010
825180
81B2E0
814620
80D970
806CB0
800000
800000
800000
800000
800000
800000
800000
800000
800000
800000
800000
800000
800000
800000
800000
800000
800000
800000
800000
800000
800000
800000
800000
800000
800000
800000
800000
800000
800000
800000
800000
800000
800000
803D70
807AE0
80B860
80F5D0
815320
81B080
820DD0
826B30
82DEF0
8352B0
83C670
843A30
84C590
8550F0
85DC50
8667B0
8706D0
87A600
884520
88E450
899CF0
8A5590
8B0E40
8BC6E0
8C9BA0
8D7060
8E4520
8F19E0
901010
910640
91FC70
92F2A0
9413F0
953550
9656A0
977800
98B9F0
99FBE0
9B3DE0
9C7FD0
9DDB80
9F3730
A092E0
A1EE90
A362A0
A4D6B0
A64AC0
A7BED0
A94900
AAD330
AC5D60
ADE790
AF83C0
B12000
B2BC30
B45870
B60340
B7AE10
B958F0
BB03C0
BCB8E0
BE6E00
C02320
C1D840
C39220
C54C10
C705F0
C8BFE0
CA7EA0
CC3D60
CDFC20
CFBAE0
D17D80
D34010
D502B0
D6C550
D88970
DA4D90
DC11B0
DDD5D0
DF9980
E15D30
E320E0
E4E490
E6A5A0
E866C0
EA27D0
EBE8F0
EDA570
EF61F0
F11E70
F2DAF0
F49080
F64620
F7FBB0
F9B150
FB5D70
FD0990
FEB5C0
0061E0
020350
03A4B0
054620
06E780
087CD0
0A1220
0BA760
0D3CB0
0EC3B0
104AA0
11D1A0
135890
14CEC0
1644F0
17BB10
193140
1A9610
1BFAF0
1D5FC0
1EC490
201750
216A20
22BCE0
240FA0
254E80
268D60
27CC40
290B20
2A3410
2B5CF0
2C85E0
2DAEC0
2EC1D0
2FD4E0
30E7F0
31FB00
32F810
33F520
34F230
35EF40
36D510
37BAE0
38A0B0
398680
3A5390
3B20B0
3BEDC0
3CBAD0
3D6FC0
3E24B0
3ED9A0
3F8E90
402BB0
40C8C0
4165E0
4202F0
4287A0
430C50
4390F0
4415A0
448140
44ECD0
455870
45C400
461720
466A50
46BD70
471090
474BB0
4786E0
47C200
47FD20
482010
4842F0
4865E0
4888C0
4892F0
489D20
48A740
48B170
48A410
4896B0
488940
487BE0
4857D0
4833D0
480FC0
47EBB0
47B140
4776C0
473C50
4701D0
46B100
466040
460F70
45BEA0
4558D0
44F2F0
448D20
442740
43AD80
4333B0
42B9F0
424020
41B300
4125E0
4098C0
400BA0
3F6BA0
3ECBB0
3E2BB0
3D8BB0
3CDA40
3C28D0
3B7760
3AC5F0
3A0450
3942C0
388120
37BF80
36EEA0
361DC0
354CE0
347C00
339CB0
32BD60
31DE10
30FEC0
301270
2F2620
2E39D0
2D4D80
2C5590
2B5D90
2A65A0
296DA0
286B30
2768B0
266640
2563C0
2457F0
234C20
224050
213480
2020A0
1F0CD0
1DF8F0
1CE510
1BCA70
1AAFD0
199530
187A90
175A70
163A50
151A30
13FA10
12D5C0
11B180
108D30
0F68E0
0E4190
0D1A40
0BF2E0
0ACB90
09A250
087910
074FD0
062690
04FCB0
03D2E0
02A900
017F20
005610
FF2D00
FE03F0
FCDAE0
FBB380
FA8C10
F964B0
F83D50
F71880
F5F3B0
F4CEF0
F3AA20
F28920
F16830
F04730
EF2640
EE0A80
ECEEC0
EBD300
EAB740
E9A140
E88B40
E77550
E65F50
E54FC0
E44030
E330B0
E22120
E11910
E01100
DF0900
DE00F0
DD01A0
DC0240
DB02F0
DA03A0
D90D50
D81700
D720C0
D62A70
D53D90
D450C0
D363E0
D27710
D19480
D0B200
CFCF70
CEECF0
CE15B0
CD3E60
CC6720
CB8FE0
CAC400
C9F820
C92C40
C86060
C7A020
C6DFE0
C61FB0
C55F70
C4AB80
C3F790
C343B0
C28FC0
C1E8E0
C14200
C09B30
BFF450
BF5A70
BEC090
BE26B0
BD8CD0
BCFFF0
BC7300
BBE620
BB5940
BAD9C0
BA5A50
B9DAD0
B95B60
B8E9D0
B87840
B806B0
B79520
B73140
B6CD60
B66980
B605A0
B5AF50
B558F0
B502A0
B4AC50
B463C0
B41B20
B3D290
B38A00
B34F70
B314E0
B2DA60
B29FD0
B272F0
B24610
B21940
B1EC60
B1CCF0
B1AD80
B18E10
B16EA0
B15CA0
B14A90
B13890
B12690
B12210
B11D80
B11900
B11480
B11D10
B125A0
B12E40
B136D0
B14C20
B16170
B176C0
B18C10
B1ADF0
B1CFD0
B1F1C0
B213A0
B24200
B27060
B29EC0
B2CD20
B30790
B341F0
B37C60
B3B6D0
B3FCE0
B442F0
B48900
B4CF10
B52080
B571F0
B5C370
B614E0
B67170
B6CE00
B72AA0
B78730
B7EE70
B855C0
B8BD00
B92450
B995E0
BA0770
BA7910
BAEAA0
BB6630
BBE1B0
BC5D40
BCD8D0
BD5DF0
BDE320
BE6840
BEED70
BF7BD0
C00A30
C09890
C126F0
C1BE20
C25540
C2EC70
C383A0
C42340
C4C2D0
C56270
C60210
C6A9C0
C75180
C7F930
C8A0F0
C95050
C9FFA0
CAAF00
CB5E60
CC14F0
CCCB70
CD8200
CE3890
CEF5E0
CFB320
D07070
D12DC0
D1F160
D2B4F0
D37890
D43C30
D505B0
D5CF40
D698C0
D76250
D83160
D90060
D9CF70
DA9E80
DB72A0
DC46C0
DD1AF0
DDEF10
DEC7E0
DFA0A0
E07970
E15240
E22F50
E30C60
E3E970
E4C680
E5A770
E68870
E76960
E84A60
E92ED0
EA1340
EAF7B0
EBDC20
ECC3A0
EDAB10
EE9290
EF7A10
F06440
F14E60
F23890
F322C0
F40F40
F4FBC0
F5E840
F6D4C0
F7C330
F8B1A0
F9A020
FA8E90
FB7EA0
FC6EA0
FD5EB0
FE4EC0
FF3FF0
003130
012270
0213A0
0305A0
03F7A0
04E990
05DB90
06CDF0
07C040
08B2A0
09A4F0
0A9740
0B8980
0C7BD0
0D6E10
0E5FF0
0F51C0
1043A0
113570
122680
131790
1408A0
14F9B0
15E990
16D970
17C940
18B920
19A770
1A95B0
1B8400
1C7240
1D5E90
1E4AF0
1F3740
202390
210DA0
21F7B0
22E1B0
23CBC0
24B320
259A80
2681E0
276940
284D90
2931E0
2A1630
2AFA80
2BDB70
2CBC50
2D9D40
2E7E20
2F5B50
303880
3115B0
31F2E0
32CBF0
33A510
347E20
355730
362BD0
370070
37D500
38A9A0
397970
3A4950
3B1920
3BE8F0
3CB3B0
3D7E70
3E4930
3F13F0
3FD940
409EA0
4163F0
422940
42E8D0
43A860
4467E0
452770
45E0F0
469A70
4753E0
480D60
48C090
4973C0
4A26E0
4ADA10
4B8690
4C3310
4CDF90
4D8C10
4E3180
4ED700
4F7C70
5021E0
50C020
515E60
51FCA0
529AE0
5331B0
53C890
545F60
54F630
558550
561470
56A390
5732B0
57B9D0
5840F0
58C810
594F30
59CE20
5A4D20
5ACC10
5B4B00
5BC1A0
5C3840
5CAEE0
5D2580
5D9380
5E0180
5E6F80
5EDD80
5F4290
5FA7B0
600CC0
6071D0
60CDF0
612A10
618620
61E240
623550
628870
62DB80
632E90
637870
63C250
640C20
645600
649670
64D6E0
651750
6557C0
658EC0
65C5C0
65FCC0
6633C0
666140
668EC0
66BC40
66E9C0
670DA0
673180
675550
677930
679330
67AD40
67C740
67E140
67F180
6801C0
6811F0
682230
6828B0
682F40
6835C0
683C40
683900
6835B0
683270
682F20
6821F0
6814D0
6807A0
67FA70
67E370
67CC80
67B580
679E80
677DD0
675D20
673C60
671BB0
66F140
66C6C0
669C50
6671D0
663D80
660930
65D4D0
65A080
656280
652490
64E690
64A890
646120
6419B0
63D240
638AD0
6339F0
62E920
629840
624760
61ED20
6192E0
6138A0
60DE60
607AF0
601790
5FB420
5F50B0
5EE450
5E7800
5E0BA0
5D9F40
5D2A00
5CB4D0
5C3F90
5BCA50
5B4C40
5ACE40
5A5030
59D220
594BA0
58C520
583E90
57B810
572960
569AA0
560BF0
557D30
54E670
544FC0
53B900
532240
5283A0
51E510
514670
50A7D0
5001B0
4F5B90
4EB570
4E0F50
4D6200
4CB4B0
4C0760
4B5A10
4AA5D0
49F190
493D40
488900
47CDF0
4712F0
4657E0
459CD0
44DB70
441A10
4358B0
429750
41D000
4108B0
404150
3F7A00
3EAD00
3DE010
3D1310
3C4610
3B73B0
3AA160
39CF00
38FCA0
382550
374E10
3676C0
359F70
34C3B0
33E7E0
330C20
323050
315060
307080
2F9090
2EB0A0
2DCCE0
2CE920
2C0550
2B2190
2A3A80
295370
286C50
278540
269B60
25B170
24C790
23DDA0
22F150
2204F0
2118A0
202C40
1F3DE0
1E4F90
1D6130
1C72D0
1B82F0
1A9320
19A340
18B360
17C280
16D1B0
15E0D0
14EFF0
13FE90
130D20
121BC0
112A50
1038D0
0F4740
0E55C0
0D6430
0C7320
0B8200
0A90F0
099FD0
08AFB0
07BF80
06CF60
05DF30
04F080
0401C0
031310
022450
013790
004AD0
FF5E00
FE7140
FD86F0
FC9C90
FBB240
FAC7F0
F9E080
F8F920
F811B0
F72A50
F64650
F56250
F47E60
F39A60
F2BA50
F1DA50
F0FA40
F01A40
EF3EA0
EE6300
ED8770
ECABD0
EBD510
EAFE50
EA2790
E950D0
E87F70
E7AE10
E6DCB0
E60B50
E53FE0
E47480
E3A910
E2DDB0
E21890
E15370
E08E50
DFC930
DF0AB0
DE4C30
DD8DB0
DCCF30
DC17D0
DB6070
DAA920
D9F1C0
D94210
D89260
D7E2B0
D73300
D68B30
D5E360
D53BA0
D493D0
D3F420
D35470
D2B4C0
D21510
D17DF0
D0E6D0
D04FC0
CFB8A0
CF2A90
CE9C90
CE0E80
CD8080
CCFB90
CC76A0
CBF1B0
CB6CC0
CAF100
CA7540
C9F990
C97DD0
C90BA0
C89960
C82730
C7B500
C74CC0
C6E480
C67C50
C61410
C5B5A0
C55730
C4F8D0
C49A60
C445B0
C3F100
C39C60
C347B0
C2FD00
C2B240
C26790
C21CE0
C1DC70
C19C00
C15B90
C11B20
C0E4A0
C0AE20
C077A0
C04120
C01450
BFE790
BFBAC0
BF8E00
BF6B00
BF4800
BF2500
BF0200
BEE8F0
BECFF0
BEB6E0
BE9DE0
BE8E50
BE7EB0
BE6F20
BE5F90
BE5900
BE5260
BE4BD0
BE4540
BE4790
BE49E0
BE4C40
BE4E90
BE59B0
BE64E0
BE7000
BE7B30
BE8E90
BEA1F0
BEB550
BEC8B0
BEE3C0
BEFEE0
BF19F0
BF3510
BF5790
BF7A10
BF9CA0
BFBF20
BFE8E0
C012A0
C03C60
C06620
C09660
C0C6A0
C0F6F0
C12730
C15D60
C19380
C1C9B0
C1FFE0
C23B80
C27710
C2B2B0
C2EE50
C32EF0
C36F80
C3B020
C3F0C0
C435B0
C47AB0
C4BFA0
C504A0
C54D60
C59610
C5DED0
C62790
C67380
C6BF70
C70B70
C75760
C7A610
C7F4B0
C84360
C89210
C8E2D0
C93390
C98450
C9D510
CA2740
CA7970
CACBB0
CB1DE0
CB70E0
CBC3E0
CC16E0
CC69E0
CCBCF0
CD1000
CD6310
CDB620
CE08E0
CE5BA0
CEAE60
CF0120
CF5320
CFA510
CFF710
D04910
D099B0
D0EA40
D13AE0
D18B80
D1DA00
D22880
D27710
D2C590
D311C0
D35DF0
D3AA30
D3F660
D44000
D48990
D4D330
D51CD0
D56340
D5A9A0
D5F010
D63680
D67910
D6BBA0
D6FE30
D740C0
D77F80
D7BE30
D7FCF0
D83BB0
D87690
D8B170
D8EC60
D92740
D95DE0
D99480
D9CB20
DA01C0
DA3390
DA6560
DA9740
DAC910
DAF660
DB23A0
DB50F0
DB7E40
DBA730
DBD030
DBF920
DC2220
DC4680
DC6AE0
DC8F40
DCB3A0
DCD310
DCF280
DD1200
DD3170
DD4C70
DD6780
DD8280
DD9D90
DDB490
DDCB90
DDE290
DDF990
DE0C80
DE1F70
DE3270
DE4560
DE5430
DE6300
DE71E0
DE80B0
DE8C00
DE9760
DEA2B0
DEAE10
DEB680
DEBEE0
DEC750
DECFC0
DED570
DEDB30
DEE0E0
DEE6A0
DEE9D0
DEED00
DEF040
DEF370
DEF4D0
DEF630
DEF7A0
DEF900
DEF930
DEF960
DEF990
DEF9C0
DEF920
DEF870
DEF7D0
DEF730
DEF610
DEF4F0
DEF3E0
DEF2C0
DEF1F0
DEF120
DEF050
DEEF80
DEEFA0
DEEFC0
DEEFF0
DEF010
DEF1C0
DEF380
DEF530
DEF6F0
DEFAE0
DEFEE0
DF02D0
DF06D0
DF0D80
DF1430
DF1AF0
DF21A0
DF2B90
DF3570
DF3F60
DF4950
DF5720
DF6500
DF72D0
DF80B0
DF9340
DFA5C0
DFB850
DFCAE0
DFE250
DFF9B0
E01120
E02890
E04510
E06190
E07E10
E09A90
E0BCC0
E0DEE0
E10110
E12340
E14BD0
E17460
E19D00
E1C590
E1F460
E22340
E25210
E280F0
E2B600
E2EB00
E32010
E35520
E390C0
E3CC60
E40810
E443B0
E48670
E4C940
E50C00
E54ED0
E59850
E5E1C0
E62B40
E674C0
E6C4A0
E71480
E76470
E7B450
E80AD0
E86160
E8B7E0
E90E70
E96C00
E9C9A0
EA2730
EA84D0
EAE890
EB4C50
EBB020
EC13E0
EC7D20
ECE670
ED4FB0
EDB900
EE2790
EE9630
EF04C0
EF7360
EFE730
F05AF0
F0CEC0
F14290
F1BAC0
F232E0
F2AB10
F32340
F39F00
F41AC0
F49680
F51240
F59150
F61060
F68F70
F70E80
F790C0
F81300
F89550
F91790
F99BB0
FA1FC0
FAA3E0
FB2800
FBACC0
FC3180
FCB640
FD3B00
FDBFD0
FE4490
FEC960
FF4E30
FFD290
005700
00DB70
015FD0
01E230
026490
02E6F0
036950
03E840
046720
04E610
0564F0
05DF50
0659B0
06D410
074E70
07C330
083800
08ACC0
092180
098F50
09FD10
0A6AE0
0AD8A0
0B3E00
0BA360
0C08C0
0C6E20
0CCA30
0D2640
0D8250
0DDE60
0E3090
0E82C0
0ED4E0
0F2710
0F6CF0
0FB2D0
0FF8B0
103E90
107640
10ADF0
10E590
111D40
1144C0
116C50
1193D0
11BB50
11D050
11E550
11FA40
120F40
121120
121300
1214E0
1216C0
1204E0
11F2F0
11E110
11CF20
11A770
117FB0
115800
113040
10F030
10B030
107020
103010
0FD8A0
0F8120
0F29B0
0ED230
0E63C0
0DF560
0D86F0
0D1880
0C91F0
0C0B60
0B84C0
0AFE30
0A5DF0
09BDB0
091D60
087D20
07C4C0
070C60
0653F0
059B90
04CC80
03FD70
032E60
025F50
017860
009170
FFAA80
FEC390
FDC250
FCC110
FBBFD0
FABE90
F9A820
F891A0
F77B30
F664C0
F53CE0
F41510
F2ED30
F1C560
F08DA0
EF55F0
EE1E30
ECE680
EBA0A0
EA5AC0
E914F0
E7CF10
E67E50
E52D80
E3DCC0
E28C00
E13330
DFDA50
DE8180
DD28B0
DBCAB0
DA6CB0
D90EB0
D7B0B0
D650C0
D4F0D0
D390F0
D23100
D0D0D0
CF70A0
CE1080
CCB050
CB51D0
C9F350
C894D0
C73650
C5DC10
C481D0
C327A0
C1CD60
C07A10
BF26C0
BDD370
BC8020
BB3550
B9EA90
B89FC0
B75500
B61410
B4D320
B39240
B25150
B11DD0
AFEA50
AEB6D0
AD8350
AC6230
AB4120
AA2000
A8FEF0
A7ED50
A6DBB0
A5CA10
A4B870
A3B4B0
A2B100
A1AD40
A0A990
9FB4A0
9EBFB0
9DCAD0
9CD5E0
9BF090
9B0B40
9A25F0
9940A0
9869B0
9792C0
96BBE0
95E4F0
951BD0
9452C0
9389A0
92C090
920410
914780
908B00
8FCE80
8F1C50
8E6A20
8DB800
8D05D0
8C6080
8BBB20
8B15D0
8A7080
89D9F0
894360
88ACD0
881640
878DE0
870580
867D30
85F4D0
857950
84FDD0
848260
8406E0
839C60
8331D0
82C750
825CD0
8202D0
81A8D0
814EE0
80F4E0
80B7A0
807A70
803D30
800000
800000
800000
800000
800000
800000
800000
800000
800000
800000
800000
800000
800000
800000
800000
800000
800000
800000
800000
800000
800000
800000
800000
800000
800000
800000
800000
800000
800000
800150
800290
8003E0
800530
8007E0
800AA0
800D50
801010
801DE0
802BC0
803990
804770
806880
808990
80AAA0
80CBB0
8104D0
813DE0
817700
81B020
820660
825CB0
82B2F0
830940
8383F0
83FE90
847940
84F3F0
859710
863A30
86DD50
878070
885A80
893490
8A0EA0
8AE8B0
8C1070
8D3830
8E5FF0
8F87B0
90E850
924900
93A9A0
950A50
9696F0
982380
99B020
9B3CC0
9CF470
9EAC20
A063E0
A21B90
A3FBA0
A5DBC0
A7BBD0
A99BF0
AB9D00
AD9E10
AF9F30
B1A040
B3BC60
B5D880
B7F4B0
BA10D0
BC40F0
BE7120
C0A140
C2D170
C50C80
C74790
C982B0
CBBDC0
CE03E0
D049F0
D29010
D4D630
D725A0
D97520
DBC490
DE1410
E06930
E2BE50
E51380
E768A0
E9C080
EC1850
EE7030
F0C810
F31EA0
F57530
F7CBD0
FA2260
FC7430
FEC600
0117E0
0369B0
05B250
07FB00
0A43A0
0C8C40
0EC660
110070
133A90
1574A0
179F90
19CA70
1BF560
1E2040
203AC0
225530
246FB0
268A20
2890C0
2A9760
2C9E00
2EA4A0
3093B0
3282B0
3471C0
3660C0
383810
3A0F60
3BE6B0
3DBE00
3F7D10
413C20
42FB30
44BA40
465E80
4802D0
49A710
4B4B50
4CD1A0
4E57F0
4FDE40
516490
52CE40
5437E0
55A190
570B30
5858E0
59A690
5AF440
5C41F0
5D7260
5EA2D0
5FD340
6103B0
621540
6326C0
643850
6549D0
663E30
6732A0
682700
691B60
69F3C0
6ACC30
6BA490
6C7CF0
6D3980
6DF620
6EB2B0
6F6F40
701050
70B160
715260
71F370
7279C0
730010
738650
740CA0
747900
74E570
7551D0
75BE30
7610E0
766390
76B640
7708F0
7741D0
777AC0
77B3A0
77EC80
780D60
782E40
784F20
787000
787A60
7884B0
788F10
789960
788E00
7882A0
787730
786BD0
784B70
782B10
780AB0
77EA50
77B690
7782D0
774F10
771B50
76D5B0
769000
764A60
7604B0
75AE50
7557F0
750180
74AB20
744530
73DF30
737940
731340
729F30
722B30
71B720
714310
70C270
7041D0
6FC130
6F4090
6EB4A0
6E28B0
6D9CB0
6D10C0
6C7AB0
6BE4B0
6B4EA0
6AB890
6A1A10
697B90
68DD10
683E90
679920
66F3C0
664E50
65A8E0
64FE30
645380
63A8C0
62FE10
624FE0
61A1C0
60F390
604560
5F94B0
5EE400
5E3340
5D8290
5CD060
5C1E30
5B6BF0
5AB9C0
5A07B0
595590
58A380
57F160
574130
569100
55E0D0
5530A0
5482C0
53D4D0
5326F0
527900
51CDF0
5122F0
5077E0
4FCCD0
4F25F0
4E7F10
4DD830
4D3150
4C9020
4BEEF0
4B4DC0
4AAC90
4A1100
497560
48D9D0
483E30
47A850
471270
467C80
45E6A0
455760
44C830
4438F0
43A9B0
432250
429AF0
421390
418C30
410C10
408BE0
400BC0
3F8B90
3F1240
3E98F0
3E1FA0
3DA650
3D3450
3CC240
3C5040
3BDE30
3B7410
3B09F0
3A9FD0
3A35B0
39D290
396F80
390C60
38A940
384C90
37EFD0
379320
373660
36E000
3689A0
363330
35DCD0
358CD0
353CC0
34ECC0
349CB0
345220
3407A0
33BD10
337280
332CB0
32E6E0
32A100
325B30
3219B0
31D840
3196C0
315540
3117C0
30DA50
309CD0
305F50
3024F0
2FEA90
2FB030
2F75D0
2F3DD0
2F05D0
2ECDD0
2E95D0
2E5F80
2E2930
2DF2E0
2DBC90
2D8730
2D51C0
2D1C60
2CE6F0
2CB1F0
2C7CF0
2C47E0
2C12E0
2BDDC0
2BA8A0
2B7370
2B3E50
2B0850
2AD250
2A9C40
2A6640
2A2E90
29F6E0
29BF30
298780
294DE0
291440
28DA90
28A0F0
286510
282930
27ED40
27B160
277280
2733A0
26F4C0
26B5E0
267320
263050
25ED90
25AAC0
256460
251DF0
24D790
249120
244730
23FD40
23B340
236950
231B60
22CD80
227F90
2231A0
21DF30
218CB0
213A40
20E7C0
209130
203AA0
1FE410
1F8D80
1F3340
1ED8F0
1E7EB0
1E2460
1DC630
1D67F0
1D09C0
1CAB80
1C48F0
1BE670
1B83E0
1B2150
1ABB50
1A5550
19EF40
198940
192070
18B7A0
184EC0
17E5F0
177A80
170F00
16A390
163810
15CA20
155C20
14EE30
148030
141090
13A0F0
133140
12C1A0
125110
11E070
116FE0
10FF40
108E20
101D10
0FABF0
0F3AD0
0EC9A0
0E5880
0DE750
0D7620
0D05B0
0C9540
0C24D0
0BB460
0B4560
0AD660
0A6750
09F850
098B70
091E90
08B1A0
0844C0
07DAB0
0770B0
0706A0
069C90
0635E0
05CF40
056890
0501E0
049F20
043C60
03D9A0
0376E0
0318D0
02BAB0
025CA0
01FE80
01A600
014D70
00F4F0
009C60
004990
FFF6C0
FFA3F0
FF5120
FF0440
FEB760
FE6A90
FE1DB0
FDD770
FD9130
FD4B00
FD04C0
FCC5F0
FC8720
FC4860
FC0990
FBD200
FB9A70
FB62E0
FB2B50
FAFAE0
FACA70
FA9A10
FA69A0
FA40E0
FA1820
F9EF60
F9C6A0
F9A650
F985F0
F965A0
F94550
F92CA0
F913F0
F8FB50
F8E2A0
F8D100
F8BF60
F8ADD0
F89C30
F891C0
F88750
F87CE0
F87270
F86F60
F86C50
F86950
F86640
F869B0
F86D10
F87080
F873F0
F87D00
F88620
F88F30
F89850
F8A6E0
F8B560
F8C3F0
F8D280
F8E670
F8FA60
F90E50
F92240
F93A60
F95270
F96A90
F982B0
F99DF0
F9B930
F9D470
F9EFB0
FA0D70
FA2B30
FA4900
FA66C0
FA8660
FAA600
FAC5B0
FAE550
FB05C0
FB2630
FB46B0
FB6720
FB8770
FBA7B0
FBC800
FBE850
FC07A0
FC26E0
FC4630
FC6580
FC82F0
FCA060
FCBDE0
FCDB50
FCF5F0
FD1090
FD2B30
FD45D0
FD5CB0
FD7380
FD8A60
FDA140
FDB340
FDC540
FDD750
FDE950
FDF540
FE0120
FE0D10
FE1900
FE1E60
FE23C0
FE2930
FE2E90
FE2CF0
FE2B50
FE29B0
FE2810
FE1E60
FE14B0
FE0B00
FE0150
FDEE50
FDDB40
FDC840
FDB540
FD9910
FD7CD0
FD60A0
FD4470
FD1F00
FCF990
FCD420
FCAEB0
FC7F30
FC4FC0
FC2040
FBF0D0
FBB630
FB7B90
FB4100
FB0660
FAC160
FA7C60
FA3770
F9F270
F9A390
F954C0
F905E0
F8B710
F85DF0
F804C0
F7ABA0
F75280
F6EE50
F68A30
F62600
F5C1E0
F55410
F4E640
F47870
F40AA0
F39430
F31DD0
F2A760
F23100
F1B220
F13340
F0B460
F03580
EFAE00
EF2680
EE9F10
EE1790
ED8930
ECFAE0
EC6C80
EBDE30
EB4A80
EAB6C0
EA2310
E98F60
E8F6F0
E85E70
E7C600
E72D90
E690C0
E5F400
E55730
E4BA70
E41B70
E37C60
E2DD60
E23E60
E19EE0
E0FF70
E05FF0
DFC080
DF21D0
DE8320
DDE470
DD45C0
DCA900
DC0C40
DB6F90
DAD2D0
DA39F0
D9A110
D90830
D86F50
D7DC10
D748D0
D6B5A0
D62260
D59650
D50A50
D47E40
D3F240
D36F00
D2EBD0
D26890
D1E560
D16CA0
D0F3F0
D07B30
D00280
CF95E0
CF2940
CEBCA0
CE5000
CDF160
CD92B0
CD3410
CCD570
CC86D0
CC3840
CBE9A0
CB9B10
CB5D80
CB1FE0
CAE250
CAA4C0
CA7930
CA4DA0
CA2220
C9F690
C9DEE0
C9C730
C9AF90
C997E0
C99630
C99480
C992D0
C99120
C9A580
C9B9F0
C9CE50
C9E2C0
CA0D90
CA3870
CA6340
CA8E20
CAD0E0
CB13B0
CB5670
CB9940
CBF5E0
CC5280
CCAF20
CD0BC0
CD8160
CDF700
CE6CA0
CEE240
CF7050
CFFE70
D08C80
D11AA0
D1C220
D269A0
D31130
D3B8B0
D47AF0
D53D40
D5FF80
D6C1D0
D79D10
D87850
D953A0
DA2EE0
DB21C0
DC14A0
DD0780
DDFA60
DF0510
E00FB0
E11A60
E22510
E34820
E46B20
E58E30
E6B140
E7EA20
E922F0
EA5BD0
EB94B0
ECE130
EE2DA0
EF7A20
F0C6A0
F22620
F38590
F4E510
F64490
F7B6C0
F928F0
FA9B20
FC0D50
FD8EF0
FF10A0
009250
0213F0
03A250
0530B0
06BF00
084D60
09E6E0
0B8050
0D19D0
0EB340
105670
11F9A0
139CD0
154000
16E990
189330
1A3CC0
1BE650
1D9340
1F4030
20ED20
229A10
244810
25F610
27A400
295200
2AFED0
2CABB0
2E5880
300550
31ADC0
335630
34FE90
36A700
384810
39E910
3B8A20
3D2B20
3EC1E0
4058A0
41EF50
438610
450F80
4698F0
482250
49ABC0
4B2550
4C9EE0
4E1870
4F9200
50F930
526060
53C780
552EB0
568060
57D220
5923D0
5A7580
5BAE50
5CE730
5E2000
5F58D0
607720
619580
62B3D0
63D220
64D430
65D650
66D860
67DA70
68BD50
69A030
6A8300
6B65E0
6C2620
6CE650
6DA690
6E66C0
6F03F0
6FA120
703E50
70DB80
7154F0
71CE60
7247C0
72C130
731470
7367A0
73BAE0
740E10
743810
746220
748C20
74B620
74B7E0
74B990
74BB50
74BD00
7496E0
7470B0
744A90
742460
73D4C0
738510
733570
72E5C0
726A60
71EF10
7173B0
70F850
705370
6FAE90
6F09A0
6E64C0
6D97F0
6CCB20
6BFE50
6B3180
6A3C30
6946E0
685180
675C30
663D30
651E40
63FF40
62E040
619AF0
6055A0
5F1050
5DCB00
5C6210
5AF930
599040
582750
569B70
550F90
5383A0
51F7C0
504930
4E9A90
4CEC00
4B3D60
497010
47A2C0
45D560
440810
421F80
4036F0
3E4E50
3C65C0
3A63C0
3861B0
365FB0
345DA0
3243B0
3029C0
2E0FC0
2BF5D0
29C850
279AD0
256D40
233FC0
210290
1EC570
1C8840
1A4B10
180120
15B720
136D30
112330
0ECF40
0C7B50
0A2750
07D360
057990
031FC0
00C5E0
FE6C10
FC1040
F9B460
F75890
F4FCC0
F2A280
F04840
EDEE10
EB93D0
E93ED0
E6E9E0
E494E0
E23FF0
DFF3C0
DDA790
DB5B70
D90F40
D6CF50
D48F60
D24F80
D00F90
CDDFD0
CBB010
C98050
C75090
C53540
C31A00
C0FEB0
BEE370
BCDF10
BADAA0
B8D640
B6D1E0
B4E6F0
B2FC10
B11120
AF2640
AD58A0
AB8B10
A9BD70
A7EFE0
A643F0
A497F0
A2EC00
A14010
9FB6E0
9E2DC0
9CA490
9B1B70
99B680
9851A0
96ECB0
9587D0
944A80
930D30
91CFE0
909290
8F80D0
8E6F00
8D5D40
8C4B80
8B64E0
8A7E50
8997B0
88B120
87F5E0
873A90
867F50
85C410
853690
84A910
841B90
838E10
833180
82D4E0
827850
821BC0
81EE30
81C0A0
819320
816590
8165D0
816600
816640
816680
8195C0
81C510
81F450
8223A0
8283C0
82E3F0
834410
83A440
843230
84C030
854E20
85DC20
869570
874ED0
880820
88C180
89A620
8A8AB0
8B6F50
8C53F0
8D6440
8E7480
8F84D0
909520
91CD20
930530
943D30
957540
96D1A0
982E10
998A70
9AE6E0
9C6640
9DE590
9F64F0
A0E450
A28590
A426D0
A5C820
A76960
A92820
AAE6E0
ACA5A0
AE6460
B03CB0
B21500
B3ED50
B5C5A0
B7B4F0
B9A440
BB9390
BD82E0
BF86C0
C18AA0
C38E90
C59270
C7A680
C9BA80
CBCE90
CDE2A0
D002C0
D222F0
D44310
D66340
D88C10
DAB4E0
DCDDB0
DF0680
E13470
E36250
E59040
E7BE30
E9ED50
EC1C80
EE4BA0
F07AD0
F2A780
F4D420
F700D0
F92D80
FB53C0
FD79F0
FFA030
01C670
03E200
05FD80
081910
0A3490
0C4280
0E5070
105E50
126C40
1469A0
1666F0
186450
1A61A0
1C4A60
1E3320
201BD0
220490
23D440
25A400
2773B0
294360
2AF860
2CAD60
2E6260
301760
31AFC0
334810
34E070
3678C0
37F0D0
3968E0
3AE0E0
3C58F0
3DAC80
3F0010
4053A0
41A730
42D610
4404F0
4533C0
4662A0
476C20
487590
497F10
4A8880
4B69C0
4C4B10
4D2C50
4E0D90
4EC330
4F78D0
502E70
50E410
516F30
51FA50
528570
531090
5371D0
53D310
543440
549580
54CB20
5500B0
553650
556BE0
557390
557B30
5582E0
558A80
556690
5542B0
551EC0
54FAD0
54AD10
545F50
541180
53C3C0
534BA0
52D380
525B60
51E340
513FC0
509C40
4FF8B0
4F5530
4E89A0
4DBE00
4CF270
4C26D0
4B35E0
4A4500
495410
486320
474DA0
463820
4522A0
440D20
42D380
4199D0
406030
3F2680
3DCC80
3C7280
3B1880
39BE80
384780
36D080
355980
33E280
325070
30BE60
2F2C40
2D9A30
2BEEB0
2A4340
2897C0
26EC40
252B60
236A70
21A990
1FE8A0
1E15F0
1C4330
1A7080
189DC0
16BC10
14DA60
12F8B0
111700
0F2940
0D3B80
0B4DB0
095FF0
0769A0
057360
037D10
0186C0
FF8B50
FD8FD0
FB9460
F998F0
F79BB0
F59E70
F3A130
F1A3F0
EFA860
EDACD0
EBB150
E9B5C0
E7BEE0
E5C800
E3D120
E1DA40
DFEAF0
DDFBA0
DC0C60
DA1D10
D838F0
D654C0
D470A0
D28C80
D0B770
CEE260
CD0D60
CB3850
C97440
C7B020
C5EC10
C42800
C276F0
C0C5E0
BF14D0
BD63C0
BBC900
BA2E50
B89390
B6F8E0
B57830
B3F790
B276E0
B0F640
AF9070
AE2AB0
ACC4E0
AB5F20
AA1560
A8CBA0
A781E0
A63820
A50D30
A3E230
A2B740
A18C50
A08360
9F7A80
9E7190
9D68B0
9C8180
9B9A50
9AB320
99CBF0
990690
984120
977BC0
96B660
9614C0
957310
94D170
942FD0
93B450
9338D0
92BD60
9241E0
91EB30
919480
913DE0
90E730
90B470
9081B0
904EF0
901C30
900E50
900080
8FF2A0
8FE4D0
8FFD40
9015C0
902E30
9046B0
908340
90BFD0
90FC60
9138F0
9197E0
91F6D0
9255D0
92B4C0
933600
93B740
943890
94B9D0
955DB0
960190
96A570
974950
980D10
98D0D0
999490
9A5850
9B39A0
9C1AF0
9CFC50
9DDDA0
9EDB80
9FD960
A0D740
A1D520
A2EEA0
A40830
A521B0
A63B40
A76DA0
A8A000
A9D260
AB04C0
AC4D70
AD9620
AEDEE0
B02790
B184D0
B2E220
B43F60
B59CB0
B70CE0
B87D10
B9ED40
BB5D70
BCDDC0
BE5E10
BFDE60
C15EB0
C2EC90
C47A70
C60860
C79640
C92F60
CAC890
CC61B0
CDFAE0
CF9CE0
D13ED0
D2E0D0
D482D0
D62B60
D7D3F0
D97C80
DB2510
DCD1F0
DE7ED0
E02BC0
E1D8A0
E38750
E53610
E6E4C0
E89380
EA4160
EBEF30
ED9D10
EF4AF0
F0F630
F2A170
F44CC0
F5F800
F79EE0
F945D0
FAECB0
FC93A0
FE33A0
FFD3B0
0173C0
0313C0
04AA30
064090
07D700
096D60
0AF930
0C8510
0E10E0
0F9CB0
111CD0
129CF0
141D00
159D20
170F60
1881A0
19F3E0
1B6620
1CC810
1E29F0
1F8BE0
20EDC0
223F20
239070
24E1D0
263320
277370
28B3C0
29F410
2B3460
2C6200
2D8F90
2EBD30
2FEAC0
3103A0
321C80
333550
344E30
3552E0
365780
375C30
3860D0
395180
3A4220
3B32D0
3C2370
3CFF10
3DDAB0
3EB650
3F91F0
405740
411C80
41E1D0
42A710
435710
440710
44B710
456710
460280
469DF0
473950
47D4C0
485B40
48E1D0
496850
49EED0
4A5FF0
4AD110
4B4230
4BB350
4C1050
4C6D60
4CCA60
4D2760
4D7150
4DBB40
4E0530
4E4F20
4E8630
4EBD40
4EF450
4F2B60
4F4FA0
4F73F0
4F9830
4FBC70
4FCF70
4FE270
4FF560
500860
500B60
500E60
501160
501460
500830
4FFBF0
4FEFC0
4FE380
4FC8C0
4FAE00
4F9340
4F7880
4F50B0
4F28D0
4F0100
4ED920
4EA580
4E71D0
4E3E30
4E0A80
4DCC20
4D8DC0
4D4F50
4D10F0
4CC8E0
4C80E0
4C38D0
4BF0C0
4BA050
4B4FF0
4AFF80
4AAF10
4A5770
49FFD0
49A830
495090
48F310
489580
483800
47DA70
477870
471670
46B460
465260
45ECB0
458700
452150
44BBA0
445330
43EAB0
438240
4319C0
42AFC0
4245C0
41DBC0
4171C0
410790
409D70
403340
3FC910
3F5F40
3EF570
3E8B90
3E21C0
3DB8E0
3D4FF0
3CE710
3C7E20
3C1740
3BB060
3B4980
3AE2A0
3A7F10
3A1B70
39B7E0
395440
38F410
3893E0
3833B0
37D380
377700
371A70
36BDF0
366160
360960
35B160
355950
350150
34AEE0
345C60
3409F0
33B770
336A40
331D10
32CFE0
3282B0
323AC0
31F2C0
31AAD0
3162D0
312090
30DE50
309C10
3059D0
301DE0
2FE1F0
2FA600
2F6A10
2F3410
2EFE10
2EC800
2E9200
2E61A0
2E3140
2E00E0
2DD080
2DA600
2D7B80
2D5100
2D2680
2D0240
2CDE00
2CB9C0
2C9580
2C76D0
2C5820
2C3970
2C1AC0
2C0120
2BE780
2BCDE0
2BB440
2B9F90
2B8AE0
2B7630
2B6180
2B51B0
2B41E0
2B3200
2B2230
2B16A0
2B0B00
2AFF70
2AF3D0
2AEBE0
2AE3F0
2ADC00
2AD410
2ACF80
2ACAF0
2AC650
2AC1C0
2AC040
2ABED0
2ABD50
2ABBD0
2ABCC0
2ABDA0
2ABE90
2ABF70
2AC220
2AC4C0
2AC770
2ACA10
2ACDF0
2AD1D0
2AD5A0
2AD980
2ADDF0
2AE260
2AE6C0
2AEB30
2AEFC0
2AF460
2AF8F0
2AFD80
2B01C0
2B0610
2B0A50
2B0E90
2B1200
2B1570
2B18E0
2B1C50
2B1E60
2B2080
2B2290
2B24A0
2B24E0
2B2530
2B2570
2B25B0
2B23B0
2B21C0
2B1FC0
2B1DC0
2B1900
2B1430
2B0F70
2B0AA0
2B0260
2AFA30
2AF1F0
2AE9B0
2ADDD0
2AD1F0
2AC600
2ABA20
2AAA50
2A9A80
2A8AA0
2A7AD0
2A6690
2A5260
2A3E20
2A29E0
2A10C0
29F7A0
29DE70
29C550
29A720
2988F0
296AB0
294C80
292910
2905B0
28E240
28BED0
2895C0
286CB0
2843A0
281A90
27EB70
27BC50
278D20
275E00
2728D0
26F3A0
26BE60
268930
264DE0
2612A0
25D750
259C00
255A60
2518B0
24D710
249560
244D10
2404C0
23BC70
237420
232540
22D670
228790
2238B0
21E350
218DF0
213880
20E320
208720
202B10
1FCF10
1F7300
1F1030
1EAD60
1E4A80
1DE7B0
1D7E30
1D14B0
1CAB30
1C41B0
1BD1A0
1B6180
1AF170
1A8150
1A0A90
1993D0
191D10
18A650
1828D0
17AB50
172DD0
16B050
162C50
15A840
152440
14A030
1415D0
138B70
130100
1276A0
11E5F0
115550
10C4A0
1033F0
0F9D10
0F0620
0E6F40
0DD850
0D3B50
0C9E60
0C0160
0B6460
0AC180
0A1EA0
097BC0
08D8E0
083030
078770
06DEC0
063600
058770
04D8F0
042A60
037BD0
02C7D0
0213C0
015FC0
00ABB0
FFF270
FF3930
FE7FF0
FDC6B0
FD0860
FC4A10
FB8BC0
FACD70
FA0A30
F946F0
F883B0
F7C070
F6F890
F630B0
F568E0
F4A100
F3D4E0
F308C0
F23CA0
F17080
F0A040
EFD010
EEFFD0
EE2FA0
ED5B60
EC8730
EBB2F0
EADEC0
EA0710
E92F60
E857B0
E78000
E6A540
E5CA90
E4EFD0
E41520
E337B0
E25A40
E17CD0
E09F60
DFBF80
DEDF90
DDFFB0
DD1FD0
DC3DF0
DB5C20
DA7A40
D99870
D8B520
D7D1C0
D6EE70
D60B20
D526A0
D44220
D35DA0
D27920
D193B0
D0AE40
CFC8D0
CEE360
CDFDB0
CD1810
CC3260
CB4CC0
CA6780
C98240
C89D10
C7B7D0
C6D360
C5EEF0
C50A90
C42620
C342E0
C25F90
C17C50
C09910
BFB7D0
BED690
BDF550
BD1410
BC3590
BB5710
BA78A0
B99A20
B8BF00
B7E3D0
B708B0
B62D90
B55640
B47F00
B3A7B0
B2D070
B1FDE0
B12B60
B058D0
AF8650
AEB950
ADEC50
AD1F50
AC5250
AB8B90
AAC4D0
A9FE10
A93750
A87780
A7B7B0
A6F7E0
A63810
A58000
A4C7F0
A40FE0
A357D0
A2A840
A1F8B0
A14930
A099A0
9FF360
9F4D10
9EA6D0
9E0090
9D6450
9CC800
9C2BC0
9B8F80
9AFE10
9A6C90
99DB20
9949B0
98C3C0
983DD0
97B7F0
973200
96B880
963F10
95C590
954C20
94E040
947450
940870
939C90
933E70
92E060
928240
922430
91D430
918440
913440
90E450
90A320
9061F0
9020D0
8FDFA0
8FADD0
8F7C10
8F4A40
8F1880
8EF690
8ED490
8EB2A0
8E90B0
8E7F00
8E6D40
8E5B90
8E49E0
8E48F0
8E4810
8E4720
8E4640
8E56B0
8E6730
8E77A0
8E8820
8EAA50
8ECC70
8EEEA0
8F10D0
8F4510
8F7940
8FAD80
8FE1C0
9028A0
906F80
90B670
90FD50
915790
91B1E0
920C20
926670
92D410
9341A0
93AF40
941CE0
949DF0
951F00
95A010
962120
96B5B0
974A50
97DEE0
987380
991B70
99C370
9A6B60
9B1360
9BCF90
9C8BD0
9D4800
9E0440
9ED540
9FA650
A07750
A14860
A22F00
A315B0
A3FC50
A4E300
A5E080
A6DE10
A7DB90
A8D920
A9ECC0
AB0050
AC13F0
AD2790
AE50A0
AF79B0
B0A2D0
B1CBE0
B30B20
B44A60
B589B0
B6C8F0
B81F90
B97630
BACCE0
BC2380
BD8F70
BEFB60
C06750
C1D340
C352E0
C4D280
C65230
C7D1D0
C964F0
CAF820
CC8B40
CE1E70
CFC520
D16BC0
D31270
D4B920
D67100
D828F0
D9E0D0
DB98C0
DD5FA0
DF2680
E0ED70
E2B450
E48A20
E66000
E835D0
EA0BB0
EBF190
EDD760
EFBD40
F1A320
F39370
F583C0
F77420
F96470
FB5AE0
FD5150
FF47D0
013E40
033830
053210
072C00
0925E0
0B2020
0D1A60
0F14A0
110EE0
130670
14FE00
16F590
18ED20
1ADF30
1CD140
1EC340
20B550
229E20
2486F0
266FB0
285880
2A33B0
2C0ED0
2DEA00
2FC520
3191D0
335E70
352B20
36F7C0
38B4A0
3A7170
3C2E50
3DEB20
3F9540
413F50
42E970
449380
4627A0
47BBD0
494FF0
4AE410
4C61D0
4DDF90
4F5D50
50DB10
524210
53A910
551000
567700
57C3E0
5910C0
5A5DA0
5BAA80
5CD870
5E0660
5F3440
606230
617550
628880
639BA0
64AEC0
65A9C0
66A4B0
679FB0
689AA0
697D30
6A5FC0
6B4240
6C24D0
6CEED0
6DB8D0
6E82C0
6F4CC0
700080
70B440
716800
721BC0
72BB10
735A70
73F9C0
749910
752550
75B190
763DD0
76CA10
7744E0
77BFB0
783A80
78B550
791FB0
798A10
79F460
7A5EC0
7AB990
7B1450
7B6F20
7BC9E0
7C1720
7C6470
7CB1B0
7CFEF0
7D4180
7D8400
7DC690
7E0910
7E3F80
7E75F0
7EAC50
7EE2C0
7F0DF0
7F3930
7F6460
7F8F90
7FABB0
7FC7C0
7FE3E0
7FFFF0
7FFFF0
7FFFF0
7FFFF0
7FFFF0
7FFFF0
7FFFF0
7FFFF0
7FFFF0
7FFFF0
7FFFF0
7FFFF0
7FFFF0
7FFFF0
7FFFF0
7FFFF0
7FFFF0
7FFFF0
7FFFF0
7FFFF0
7FFFF0
7FFFF0
7FFFF0
7FFFF0
7FFFF0
7FFFF0
7FFFF0
7FFFF0
7FFFF0
7FFF00
7FFE20
7FFD30
7FFC40
7FFAD0
7FF950
7FF7E0
7FF660
7FEB80
7FE090
7FD5B0
7FCAC0
7FAF20
7F9380
7F77D0
7F5C30
7F2B50
7EFA70
7EC990
7E98B0
7E4D90
7E0270
7DB750
7D6C30
7D0120
7C9620
7C2B10
7BC000
7B31B0
7AA350
7A1500
7986A0
78C930
780BC0
774E50
7690E0
759220
749350
739490
7295C0
716590
703570
6F0540
6DD510
6C7D60
6B25A0
69CDF0
687630
66F710
6577F0
63F8D0
6279B0
60D4B0
5F2FA0
5D8AA0
5BE590
5A2080
585B80
569670
54D160
52F100
5110B0
4F3050
4D4FF0
4B5940
496290
476BE0
457530
436E70
4167B0
3F60F0
3D5A30
3B4430
392E40
371840
350240
32DF00
30BBC0
2E9870
2C7530
2A4790
281A00
25EC60
23BEC0
218910
1F5360
1D1DB0
1AE800
18AE20
167430
143A50
120060
0FC590
0D8AC0
0B4FF0
091520
06DD60
04A5B0
026DF0
003630
FE0670
FBD6B0
F9A6F0
F77730
F54FF0
F328C0
F10180
EEDA50
ECBCD0
EA9F50
E881E0
E66460
E45380
E242A0
E031D0
DE20F0
DC1FB0
DA1E80
D81D40
D61C10
D42B40
D23A70
D049A0
CE58D0
CC7970
CA9A10
C8BAB0
C6DB50
C50FA0
C34400
C17850
BFACB0
BDF780
BC4240
BA8D10
B8D7E0
B738E0
B599F0
B3FAF0
B25C00
B0D370
AF4AE0
ADC260
AC39D0
AAC930
A95890
A7E800
A67760
A52080
A3C990
A272B0
A11BD0
9FDE00
9EA030
9D6270
9C24A0
9AFFD0
99DAF0
98B620
979150
9685D0
957A40
946EC0
936340
927130
917F10
908D00
8F9AF0
8EC2E0
8DEAC0
8D12B0
8C3AA0
8B7CE0
8ABF30
8A0170
8943C0
88A120
87FE80
875BF0
86B950
8632F0
85AC80
852620
849FC0
8434C0
83C9D0
835ED0
82F3E0
82A3C0
8253A0
820390
81B370
817E80
814990
8114A0
80DFB0
80C650
80AD00
8093A0
807A50
807BA0
807CF0
807E40
807F90
809AB0
80B5D0
80D100
80EC20
812110
815610
818B00
81C000
820F00
825E10
82AD10
82FC20
8363B0
83CB30
8432C0
849A50
851900
8597B0
861660
869510
872A90
87C020
8855A0
88EB30
899790
8A43E0
8AF040
8B9CA0
8C5D70
8D1E50
8DDF20
8EA000
8F7350
9046A0
911A00
91ED50
92D200
93B6C0
949B70
958030
967550
976A70
985FA0
9954C0
9A5800
9B5B40
9C5E90
9D61D0
9E7120
9F8060
A08FB0
A19F00
A2B8D0
A3D290
A4EC60
A60630
A72900
A84BD0
A96EB0
AA9180
ABBB00
ACE480
AE0E00
AF3780
B06570
B19360
B2C160
B3EF50
B51FC0
B65030
B780A0
B8B110
B9E1F0
BB12D0
BC43B0
BD7490
BEA3E0
BFD330
C10280
C231D0
C35D80
C48940
C5B4F0
C6E0B0
C806C0
C92CD0
CA52E0
CB78F0
CC9730
CDB560
CED3A0
CFF1E0
D10680
D21B10
D32FB0
D44450
D54D80
D656B0
D75FF0
D86920
D964A0
DA6020
DB5BA0
DC5720
DD4260
DE2D90
DF18D0
E00410
E0DE20
E1B840
E29250
E36C70
E43450
E4FC30
E5C420
E68C00
E73FB0
E7F350
E8A700
E95AB0
E9F7D0
EA94E0
EB3200
EBCF20
EC5590
ECDBF0
ED6260
EDE8D0
EE5820
EEC780
EF36D0
EFA630
EFFCD0
F05370
F0AA10
F100B0
F13C90
F17870
F1B460
F1F040
F21230
F23430
F25620
F27820
F280B0
F28930
F291C0
F29A50
F28850
F27660
F26460
F25270
F22450
F1F630
F1C820
F19A00
F151C0
F10980
F0C140
F07900
F01820
EFB740
EF5660
EEF580
EE7BF0
EE0260
ED88D0
ED0F40
EC7CA0
EBEA00
EB5760
EAC4C0
EA1B60
E97210
E8C8B0
E81F60
E76130
E6A310
E5E4E0
E526C0
E454A0
E38270
E2B050
E1DE30
E0F8C0
E01350
DF2DE0
DE4870
DD5210
DC5BB0
DB6560
DA6F00
D969E0
D864B0
D75F90
D65A70
D547E0
D43550
D322C0
D21030
D0F160
CFD2A0
CEB3D0
CD9510
CC6CB0
CB4450
CA1C00
C8F3A0
C7C400
C69450
C564B0
C43510
C30040
C1CB80
C096B0
BF61F0
BE2A60
BCF2C0
BBBB30
BA83A0
B94AE0
B81230
B6D970
B5A0C0
B468B0
B330A0
B1F890
B0C080
AF8B10
AE55B0
AD2040
ABEAE0
AABA30
A98970
A858C0
A72810
A5FDC0
A4D380
A3A930
A27EF0
A15CF0
A03AF0
9F1900
9DF700
9CDF00
9BC6F0
9AAEF0
9996F0
988A50
977DB0
967120
956480
9465D0
936710
926860
9169B0
907BF0
8F8E40
8EA080
8DB2D0
8CD5E0
8BF8E0
8B1BF0
8A3F00
897060
88A1B0
87D310
870470
864DD0
859730
84E0A0
842A00
838C70
82EED0
825140
81B3B0
8146C0
80D9D0
806CF0
800000
800000
800000
800000
800000
800000
800000
800000
800000
800000
800000
800000
800000
800000
800000
800000
800000
800000
800000
800000
800000
800000
800000
800000
800000
800000
800000
800000
800000
800000
800000
800000
800000
806430
80C850
812C80
8190B0
8225F0
82BB40
835080
83E5D0
849A00
854E30
860270
86B6A0
878B30
885FC0
893460
8A08F0
8AF7C0
8BE690
8CD570
8DC440
8ED1C0
8FDF50
90ECD0
91FA60
932850
945630
958420
96B210
980270
9952C0
9AA320
9BF380
9D6B40
9EE310
A05AD0
A1D2A0
A36AD0
A50300
A69B30
A83360
A9E710
AB9AC0
AD4E70
AF0220
B0D000
B29DD0
B46BB0
B63990
B82000
BA0670
BBECE0
BDD350
BFCE40
C1C940
C3C430
C5BF30
C7CB30
C9D740
CBE340
CDEF50
D00920
D222E0
D43CB0
D65680
D87A50
DA9E20
DCC200
DEE5D0
E11190
E33D50
E56920
E794E0
E9C630
EBF770
EE28C0
F05A10
F28E10
F4C210
F6F620
F92A20
FB5E30
FD9240
FFC660
01FA70
042BD0
065D30
088E80
0ABFE0
0CEBE0
0F17D0
1143D0
136FC0
159340
17B6C0
19DA40
1BFDC0
1E1560
202D10
2244B0
245C50
266670
2870A0
2A7AC0
2C84E0
2E7FB0
307A80
327550
347020
3658C0
384160
3A29F0
3C1290
3DE5D0
3FB900
418C40
435F70
451C80
46D980
489690
4A5390
4BF950
4D9F20
4F44E0
50EAA0
5276B0
5402D0
558EE0
571AF0
588A80
59FA10
5B69A0
5CD930
5E2C70
5F7FB0
60D2E0
622620
635CE0
6493A0
65CA60
670120
6819B0
693230
6A4AC0
6B6340
6C5B70
6D53A0
6E4BD0
6F4400
701CE0
70F5D0
71CEB0
72A790
7361C0
741C00
74D630
759060
762B10
76C5B0
776060
77FB00
7874F0
78EEF0
7968E0
79E2D0
7A3DA0
7A9860
7AF330
7B4DF0
7B8AC0
7BC7A0
7C0470
7C4140
7C6000
7C7EC0
7C9D80
7CBC40
7CBC70
7CBCB0
7CBCE0
7CBD10
7CA0E0
7C84C0
7C6890
7C4C60
7C15A0
7BDEE0
7BA820
7B7160
7B20C0
7AD010
7A7F70
7A2EC0
79C4A0
795A80
78F060
788640
780510
7783E0
7702B0
768180
75EB60
755530
74BF10
7428E0
737F20
72D560
722B90
7181D0
70C5B0
700990
6F4D60
6E9140
6DC520
6CF900
6C2CD0
6B60B0
6A86C0
69ACC0
68D2D0
67F8D0
6712D0
662CE0
6546E0
6460E0
6370B0
628080
619040
60A010
5FA7D0
5EAFA0
5DB760
5CBF20
5BC0F0
5AC2C0
59C490
58C660
57C470
56C270
55C080
54BE80
53BB10
52B7A0
51B430
50B0C0
4FAD70
4EAA20
4DA6D0
4CA380
4BA1F0
4AA060
499ED0
489D40
479FA0
46A210
45A470
44A6D0
43AF90
42B860
41C120
40C9E0
3FD9F0
3EEA10
3DFA20
3D0A30
3C22A0
3B3B20
3A5390
396C00
388ED0
37B1A0
36D470
35F740
3526C0
345640
3385B0
32B530
31F180
312DC0
306A10
2FA650
2EEFD0
2E3950
2D82D0
2CCC50
2C2490
2B7CE0
2AD520
2A2D60
299650
28FF40
286820
27D110
274A10
26C310
263C00
25B500
253DC0
24C680
244F40
23D800
237170
230AF0
22A460
223DD0
21E940
2194B0
214020
20EB90
20A7C0
206400
202030
1FDC60
1FA880
1F7490
1F40B0
1F0CC0
1EE900
1EC540
1EA180
1E7DC0
1E6AA0
1E5790
1E4470
1E3150
1E2D50
1E2940
1E2540
1E2130
1E2AF0
1E34B0
1E3E70
1E4830
1E5F60
1E7690
1E8DB0
1EA4E0
1EC940
1EEDB0
1F1210
1F3670
1F6640
1F9620
1FC5F0
1FF5C0
202F70
206930
20A2E0
20DC90
211F30
2161D0
21A470
21E710
2231B0
227C60
22C700
2311A0
2362A0
23B3A0
240490
245590
24AB60
250140
255710
25ACE0
260630
265F90
26B8E0
271230
276DB0
27C930
2824A0
288020
28DC60
293890
2994D0
29F100
2A4CA0
2AA830
2B03D0
2B5F60
2BB8D0
2C1250
2C6BC0
2CC530
2D1AD0
2D7070
2DC610
2E1BB0
2E6C90
2EBD70
2F0E50
2F5F30
2FAA60
2FF590
3040B0
308BE0
30CFE0
3113E0
3157D0
319BD0
31D6E0
321200
324D10
328820
32BA00
32EBD0
331DB0
334F80
3377A0
339FC0
33C7D0
33EFF0
340D10
342A20
344740
346450
3474D0
348550
3495C0
34A640
34AA80
34AEC0
34B2F0
34B730
34AF50
34A780
349FA0
3497C0
3482F0
346E10
345940
344460
342170
33FE90
33DBA0
33B8B0
338890
335880
332860
32F840
32BB90
327EF0
324240
320590
31BC00
317270
3128D0
30DF40
308840
303140
2FDA30
2F8330
2F2000
2EBCD0
2E59A0
2DF670
2D8820
2D19D0
2CAB80
2C3D30
2BC3F0
2B4AA0
2AD160
2A5810
29D3E0
294FA0
28CB70
284730
27B990
272C00
269E60
2610C0
257B20
24E580
244FE0
23BA40
231D50
228050
21E360
214660
20A2B0
1FFEF0
1F5B40
1EB780
1E0EB0
1D65E0
1CBD10
1C1440
1B67D0
1ABB70
1A0F00
196290
18B3A0
1804C0
1755D0
16A6E0
15F690
154650
149600
13E5B0
133580
128560
11D530
112500
107660
0FC7B0
0F1910
0E6A60
0DBEB0
0D12F0
0C6740
0BBB80
0B1450
0A6D10
09C5E0
091EA0
087CF0
07DB40
073990
0697E0
05FCD0
0561B0
04C6A0
042B80
039870
030560
027240
01DF30
0155C0
00CC40
0042D0
FFB950
FF3A20
FEBAE0
FE3BB0
FDBC80
FD4840
FCD400
FC5FD0
FBEB90
FB83A0
FB1BB0
FAB3C0
FA4BD0
F9F1C0
F997B0
F93DA0
F8E390
F89760
F84B40
F7FF10
F7B2F0
F774E0
F736E0
F6F8D0
F6BAD0
F68BF0
F65D10
F62E30
F5FF50
F5E0E0
F5C260
F5A3F0
F58580
F57700
F56880
F55A00
F54B80
F54CB0
F54DD0
F54F00
F55030
F561B0
F57330
F584B0
F59630
F5B8E0
F5DBA0
F5FE50
F62110
F65400
F686E0
F6B9D0
F6ECC0
F72F10
F77170
F7B3C0
F7F620
F84800
F899F0
F8EBD0
F93DC0
F99F80
FA0150
FA6310
FAC4E0
FB3530
FBA580
FC15E0
FC8630
FD03F0
FD81B0
FDFF70
FE7D30
FF0800
FF92C0
001D90
00A860
014000
01D7A0
026F40
0306E0
03A9D0
044CB0
04EFA0
059280
063F60
06EC40
079910
0845F0
08FBF0
09B1F0
0A67F0
0B1DF0
0BDC60
0C9AD0
0D5930
0E17A0
0EDCE0
0FA230
106770
112CB0
11F770
12C220
138CE0
145790
152690
15F590
16C490
179390
1865B0
1937C0
1A09E0
1ADBF0
1BAFD0
1C83A0
1D5780
1E2B50
1EFFA0
1FD3F0
20A840
217C90
225000
232380
23F6F0
24CA60
259B90
266CC0
273DE0
280F10
28DCF0
29AAC0
2A78A0
2B4670
2C0FE0
2CD950
2DA2B0
2E6C20
2F2FC0
2FF360
30B700
317AA0
3236E0
32F330
33AF70
346BB0
352000
35D450
368890
373CE0
37E890
389430
393FE0
39EB80
3A8D40
3B2F10
3BD0D0
3C7290
3D0900
3D9F80
3E35F0
3ECC60
3F5760
3FE250
406D50
40F840
417770
41F690
4275C0
42F4E0
436730
43D990
444BE0
44BE30
452280
4586D0
45EB10
464F60
46A5F0
46FC90
475320
47A9B0
47F2A0
483BA0
488490
48CD80
490840
4942F0
497DB0
49B860
49E410
4A0FB0
4A3B60
4A6700
4A8440
4AA180
4ABEB0
4ADBF0
4AEB40
4AFA90
4B09D0
4B1920
4B1A40
4B1B60
4B1C80
4B1DA0
4B1030
4B02B0
4AF540
4AE7C0
4ACCB0
4AB190
4A9680
4A7B60
4A5370
4A2B80
4A0380
49DB90
49A6F0
497250
493DB0
490910
48C7D0
488690
484540
480400
47B740
476A70
471DB0
46D0E0
467980
462230
45CAD0
457370
451210
44B0B0
444F40
43EDE0
438300
431810
42AD30
424240
41CEE0
415B80
40E820
4074C0
3FF9E0
3F7F00
3F0410
3E8930
3E0790
3D85F0
3D0450
3C82B0
3BFB10
3B7370
3AEBD0
3A6430
39D790
394AF0
38BE50
3831B0
37A100
371060
367FB0
35EF00
355B30
34C770
3433A0
339FD0
3309F0
327400
31DE20
314830
30B0F0
3019B0
2F8260
2EEB20
2E5350
2DBB70
2D23A0
2C8BC0
2BF450
2B5CD0
2AC560
2A2DE0
2997D0
2901C0
286BB0
27D5A0
274190
26AD70
261960
258540
24F3B0
246230
23D0A0
233F10
22B100
2222F0
2194E0
2106D0
207D50
1FF3D0
1F6A50
1EE0D0
1E5C10
1DD740
1D5280
1CCDB0
1C4DF0
1BCE40
1B4E80
1ACEC0
1A54C0
19DAC0
1960C0
18E6C0
187350
17FFE0
178C70
171900
16AC20
163F50
15D270
156590
14FF70
149950
143320
13CD00
136E10
130F20
12B030
125140
11FA20
11A300
114BE0
10F4C0
10A550
1055D0
100660
0FB6E0
0F6F10
0F2730
0EDF60
0E9780
0E5790
0E17B0
0DD7C0
0D97D0
0D6030
0D2890
0CF0E0
0CB940
0C89A0
0C5A00
0C2A60
0BFAC0
0BD300
0BAB40
0B8370
0B5BB0
0B3BE0
0B1C10
0AFC30
0ADC60
0AC4B0
0AAD00
0A9540
0A7D90
0A6DA0
0A5DB0
0A4DC0
0A3DD0
0A3560
0A2D00
0A2490
0A1C20
0A1B30
0A1A30
0A1940
0A1840
0A1EB0
0A2510
0A2B80
0A31E0
0A3F60
0A4CE0
0A5A50
0A67D0
0A7C20
0A9080
0AA4D0
0AB920
0AD410
0AEF10
0B0A00
0B24F0
0B4640
0B67A0
0B88F0
0BAA40
0BD1D0
0BF960
0C20E0
0C4870
0C7610
0CA3B0
0CD150
0CFEF0
0D3270
0D65F0
0D9970
0DCCF0
0E0620
0E3F40
0E7870
0EB190
0EF040
0F2EF0
0F6D90
0FAC40
0FF050
103470
107880
10BC90
1105D0
114F20
119860
11E1A0
122FE0
127E20
12CC50
131A90
136DC0
13C0E0
141410
146730
14BF40
151750
156F50
15C760
162430
168100
16DDC0
173A90
179BF0
17FD50
185EB0
18C010
192600
198BF0
19F1E0
1A57D0
1AC250
1B2CD0
1B9740
1C01C0
1C70B0
1CDF90
1D4E80
1DBD60
1E3090
1EA3C0
1F16F0
1F8A20
2001B0
207930
20F0C0
216840
21E420
226000
22DBE0
2357C0
23D7F0
245830
24D860
255890
25DD20
2661C0
26E650
276AE0
27F3C0
287C90
290570
298E40
2A1B40
2AA850
2B3550
2BC250
2C5380
2CE4B0
2D75E0
2E0710
2E9C80
2F31F0
2FC750
305CC0
30F630
318FA0
322910
32C280
335FC0
33FD00
349A30
353770
35D880
367980
371A90
37BB90
386070
390550
39AA30
3A4F10
3AF760
3B9FB0
3C47F0
3CF040
3D9BA0
3E46F0
3EF250
3F9DA0
404BF0
40FA30
41A880
4256C0
4307F0
43B920
446A50
451B80
45CF00
468280
473600
47E980
489ED0
495410
4A0960
4ABEA0
4B7570
4C2C40
4CE310
4D99E0
4E5220
4F0A60
4FC290
507AD0
5133A0
51EC80
52A550
535E20
5416E0
54CFA0
558850
564110
56F950
57B180
5869C0
5921F0
59D950
5A90C0
5B4820
5BFF80
5CB520
5D6AC0
5E2060
5ED600
5F8900
603C00
60EF00
61A200
6251D0
6301A0
63B160
646130
650D40
65B950
666560
671170
67B8D0
686020
690780
69AED0
6A5080
6AF240
6B93F0
6C35A0
6CD0F0
6D6C30
6E0780
6EA2C0
6F36E0
6FCB00
705F20
70F340
717F50
720B50
729760
732360
73A670
742980
74AC80
752F90
75A8C0
7621F0
769B10
771440
7782B0
77F120
785F80
78CDF0
7930D0
7993A0
79F680
7A5950
7AAFD0
7B0650
7B5CD0
7BB350
7BFC80
7C45C0
7C8EF0
7CD820
7D1300
7D4DF0
7D88D0
7DC3B0
7DEFC0
7E1BD0
7E47E0
7E73F0
7E9090
7EAD40
7EC9E0
7EE680
7EF2E0
7EFF30
7F0B90
7F17E0
7F12E0
7F0DF0
7F08F0
7F03F0
7EED70
7ED6F0
7EC060
7EA9E0
7E8190
7E5940
7E30E0
7E0890
7DCDA0
7D92C0
7D57D0
7D1CE0
7CCE70
7C7FF0
7C3180
7BE300
7B8140
7B1F70
7ABDB0
7A5BE0
79E6E0
7971F0
78FCF0
7887F0
77FF40
777680
76EDD0
766510
75C7E0
752AB0
748D80
73F050
733F50
728E50
71DD50
712C50
706800
6FA3A0
6EDF50
6E1AF0
6D4310
6C6B20
6B9340
6ABB50
69CF70
68E390
67F7B0
670BD0
660D00
650E30
640F50
631080
61FF90
60EEB0
5FDDC0
5ECCD0
5DA9F0
5C8700
5B6420
5A4130
590C40
57D760
56A270
556D80
5427F0
52E270
519CE0
505750
4F0250
4DAD60
4C5860
4B0360
499F70
483B90
46D7A0
4573B0
440140
428EC0
411C50
3FA9D0
3E2A70
3CAB10
3B2BB0
39AC50
382180
3696C0
350BF0
338120
31EBD0
305680
2EC130
2D2BE0
2B8CE0
29EDE0
284ED0
26AFD0
2508E0
2361F0
21BAF0
201400
1E66C0
1CB980
1B0C40
195F00
17ACC0
15FA70
144830
1295E0
10DFD0
0F29C0
0D73A0
0BBD90
0A0570
084D40
069520
04DCF0
032460
016BC0
FFB320
FDFA90
FC4300
FA8B70
F8D3F0
F71C60
F56760
F3B260
F1FD60
F04860
EE9790
ECE6B0
EB35E0
E98510
E7D9F0
E62EE0
E483C0
E2D8B0
E134F0
DF9140
DDED80
DC49D0
DAAF20
D91480
D779D0
D5DF30
D44EF0
D2BEB0
D12E80
CF9E40
CE19D0
CC9550
CB10E0
C98C70
C81560
C69E60
C52750
C3B050
C24880
C0E0B0
BF78F0
BE1120
BCB980
BB61E0
BA0A50
B8B2B0
B76C40
B625E0
B4DF70
B39910
B26570
B131D0
AFFE30
AECA90
ADAB70
AC8C50
AB6D30
AA4E10
A943F0
A839C0
A72FA0
A62580
A530F0
A43C60
A347D0
A25340
A175A0
A09800
9FBA60
9EDCC0
9E1790
9D5270
9C8D40
9BC820
9B1B60
9A6EA0
99C1F0
991530
988100
97ECD0
9758A0
96C470
9649C0
95CF20
955470
94D9D0
9479E0
9419F0
93BA10
935A20
931460
92CEA0
9288F0
924330
921740
91EB50
91BF70
919380
918200
917070
915EF0
914D70
915720
9160D0
916A80
917430
919800
91BBC0
91DF90
920360
924070
927D80
92BA90
92F7A0
934E00
93A460
93FAC0
945120
94C110
953100
95A100
9610F0
969900
972120
97A930
983150
98D050
996F50
9A0E60
9AAD60
9B62F0
9C1880
9CCE10
9D83A0
9E4F90
9F1B70
9FE760
A0B350
A193C0
A27430
A354B0
A43520
A52880
A61BE0
A70F40
A802A0
A90810
AA0D80
AB1300
AC1870
AD2F50
AE4620
AF5D00
B073E0
B19A00
B2C030
B3E650
B50C80
B64010
B773B0
B8A740
B9DAE0
BB1A90
BC5A50
BD9A00
BED9C0
C02450
C16EE0
C2B980
C40410
C55770
C6AAC0
C7FE20
C95180
CAABB0
CC05E0
CD6020
CEBA50
D019B0
D17910
D2D880
D437E0
D59AD0
D6FDB0
D860A0
D9C390
DB2810
DC8C90
DDF110
DF5590
E0B9C0
E21DF0
E38220
E4E650
E64850
E7AA60
E90C60
EA6E70
EBCC60
ED2A50
EE8840
EFE630
F13E50
F29670
F3EE90
F546B0
F69750
F7E800
F938A0
FA8950
FBD070
FD1790
FE5EC0
FFA5E0
00E130
021C80
0357D0
049320
05C1B0
06F030
081EC0
094D40
0A6DE0
0B8E90
0CAF30
0DCFD0
0EE0D0
0FF1E0
1102E0
1213E0
131370
141300
151290
161220
16FF70
17ECC0
18DA00
19C750
1AA160
1B7B80
1C5590
1D2FA0
1DF510
1EBA80
1F7FF0
204560
20F4A0
21A3E0
225320
230260
239AD0
243350
24CBC0
256430
25E530
266620
26E720
276810
27D030
283840
28A060
290870
295600
29A390
29F120
2A3EB0
2A71F0
2AA530
2AD860
2B0BA0
2B2460
2B3D20
2B55E0
2B6EA0
2B6C60
2B6A10
2B67D0
2B6580
2B47E0
2B2A30
2B0C90
2AEEE0
2AB520
2A7B60
2A4190
2A07D0
29B180
295B30
2904E0
28AE90
283A90
27C690
275280
26DE80
264B10
25B790
252420
2490A0
23DF10
232D90
227C00
21CA70
20FBE0
202D50
1F5EC0
1E9030
1DA3D0
1CB770
1BCB10
1ADEB0
19D330
18C7A0
17BC20
16B090
1588B0
1460D0
1338E0
121100
10CF00
0F8D10
0E4B10
0D0910
0BAD50
0A51A0
08F5E0
079A20
062490
04AF10
033980
01C3F0
003800
FEAC00
FD2010
FB9420
F9F4E0
F855B0
F6B670
F51740
F365A0
F1B3F0
F00250
EE50B0
EC8CB0
EAC8B0
E904C0
E740C0
E56FF0
E39F20
E1CE60
DFFD90
DE2470
DC4B50
DA7230
D89910
D6BAE0
D4DCC0
D2FE90
D12070
CF4120
CD61D0
CB8280
C9A330
C7C590
C5E7F0
C40A60
C22CC0
C05470
BE7C20
BCA3E0
BACB90
B8FA50
B72910
B557D0
B38690
B1BC70
AFF240
AE2820
AC5E00
AAA380
A8E8F0
A72E70
A573F0
A3CFB0
A22B70
A08740
9EE300
9D5AB0
9BD270
9A4A20
98C1E0
975C90
95F740
9491F0
932CA0
91ECD0
90AD00
8F6D40
8E2D70
8D13F0
8BFA70
8AE0F0
89C770
88E090
87F9C0
8712E0
862C10
858BC0
84EB70
844B30
83AAE0
833B40
82CB90
825BF0
81EC50
819DC0
814F40
8100B0
80B230
8085A0
805910
802C90
800000
800000
800000
800000
800000
800000
800000
800000
800000
8000D0
8001A0
800270
800340
8003F0
8004B0
800560
800620
8005F0
8005C0
800590
800560
8004E0
800460
8003F0
800370
8002F0
800280
800200
800190
800130
8000C0
800060
800000
800000
800000
800000
800000
800000
800000
800000
800000
800000
800000
800000
800000
800000
800000
800000
800000
802150
8042A0
806400
808550
80B7D0
80EA40
811CC0
814F40
818D70
81CBA0
8209E0
824810
829300
82DDF0
8328F0
8373E0
83CA50
8420C0
847740
84CDB0
853110
859480
85F7E0
865B50
86CCC0
873E30
87AFB0
882120
88A080
891FD0
899F30
8A1E90
8AAB70
8B3860
8BC540
8C5230
8CEE70
8D8AA0
8E26E0
8EC320
8F6FE0
901C90
90C950
917610
9234B0
92F350
93B1F0
947090
954320
9615C0
96E850
97BAF0
98A0A0
998650
9A6C00
9B51B0
9C4980
9D4160
9E3930
9F3110
A03D50
A14990
A255E0
A36220
A486B0
A5AB30
A6CFC0
A7F450
A92B50
AA6240
AB9940
ACD040
AE1570
AF5AB0
B09FE0
B1E520
B33760
B489A0
B5DBF0
B72E30
B88C20
B9EA20
BB4810
BCA610
BE0C20
BF7220
C0D830
C23E40
C3A900
C513B0
C67E70
C7E930
C95670
CAC3C0
CC3100
CD9E50
CF0C50
D07A60
D1E860
D35670
D4C0D0
D62B30
D79590
D8FFF0
DA62C0
DBC5A0
DD2870
DE8B50
DFE320
E13AF0
E292D0
E3EAA0
E53380
E67C60
E7C540
E90E20
EA4570
EB7CB0
ECB400
EDEB50
EF0EA0
F03200
F15550
F278B0
F38340
F48DE0
F59870
F6A310
F78E90
F87A10
F965A0
FA5120
FB1FC0
FBEE70
FCBD10
FD8BC0
FE3E70
FEF110
FFA3C0
005670
00EAE0
017F60
0213D0
02A840
031C10
038FE0
0403B0
047780
04CC20
0520B0
057550
05C9E0
060040
0636B0
066D10
06A370
06BA80
06D190
06E890
06FFA0
06F580
06EB60
06E140
06D720
06AED0
068680
065E30
0635E0
05F1A0
05AD70
056930
0524F0
04C520
046550
040580
03A5B0
032A60
02AF10
0233B0
01B860
012490
0090D0
FFFD00
FF6930
FEBF50
FE1570
FD6BA0
FCC1C0
FC03C0
FB45C0
FA87D0
F9C9D0
F8F9F0
F82A20
F75A40
F68A70
F5AA10
F4C9B0
F3E950
F308F0
F21990
F12A20
F03AC0
EF4B60
EE4EA0
ED51E0
EC5520
EB5860
EA4FC0
E94720
E83E80
E735E0
E62360
E510E0
E3FE60
E2EBE0
E1D160
E0B6D0
DF9C50
DE81D0
DD6120
DC4080
DB1FD0
D9FF30
D8DA70
D7B5B0
D69100
D56C40
D444D0
D31D70
D1F600
D0CEA0
CFA600
CE7D50
CD54B0
CC2C10
CB0420
C9DC30
C8B440
C78C50
C66720
C54200
C41CD0
C2F7B0
C1D630
C0B4B0
BF9340
BE71C0
BD5500
BC3840
BB1B80
B9FEC0
B8E850
B7D1E0
B6BB80
B5A510
B496B0
B38850
B27A00
B16BA0
B06610
AF6070
AE5AE0
AD5550
AC5940
AB5D30
AA6130
A96520
A87420
A78320
A69220
A5A120
A4BD00
A3D8E0
A2F4D0
A210B0
A13950
A061F0
9F8A90
9EB330
9DE8A0
9D1E20
9C5390
9B8910
9ACC70
9A0FE0
995340
9896B0
97E960
973C10
968ED0
95E180
9542D0
94A430
940580
9366E0
92D670
9245F0
91B580
912510
90A360
9021B0
8FA010
8F1E60
8EAC40
8E3A20
8DC810
8D55F0
8CF250
8C8EA0
8C2B00
8BC760
8B7160
8B1B60
8AC560
8A6F60
8A2720
89DED0
899690
894E50
891410
88D9D0
889F90
886550
883790
8809D0
87DC10
87AE50
878BD0
876950
8746E0
872460
870C90
86F4C0
86DD00
86C530
86B790
86A9F0
869C60
868EC0
8689F0
868530
868060
867BA0
867E70
868130
868400
8686D0
869040
8699A0
86A310
86AC80
86BB80
86CA80
86D990
86E890
86FC10
870F90
872310
873690
874D70
876460
877B40
879230
87AB50
87C470
87DDA0
87F6C0
8810D0
882AD0
8844E0
885EF0
887930
889370
88ADC0
88C800
88E1C0
88FB80
891540
892F00
894710
895F10
897720
898F30
89A420
89B920
89CE10
89E310
89F4C0
8A0680
8A1830
8A29F0
8A3820
8A4640
8A5470
8A62A0
8A6C40
8A75D0
8A7F70
8A8910
8A8CD0
8A9090
8A9460
8A9820
8A9680
8A94E0
8A9340
8A91A0
8A8AE0
8A8420
8A7D60
8A76A0
8A6A10
8A5D90
8A5100
8A4480
8A3130
8A1DF0
8A0AA0
89F760
89DE70
89C570
89AC80
899390
8975B0
8957D0
893A00
891C20
88F930
88D640
88B360
889070
886810
883FB0
881760
87EF00
87C2A0
879640
8769E0
873D80
870E50
86DF20
86AFF0
8680C0
864F20
861D70
85EBD0
85BA30
858650
855260
851E80
84EAA0
84B630
8481B0
844D40
8418D0
83E550
83B1D0
837E50
834AD0
8318E0
82E6F0
82B500
828310
8252F0
8222D0
81F2C0
81C2A0
8196E0
816B30
813F70
8113C0
80ECF0
80C620
809F60
807890
805CF0
804150
8025B0
800A10
800790
800500
800280
800000
800000
800000
800000
800000
800000
800000
800000
800000
800000
800000
800000
800000
801370
8026F0
803A60
804DE0
806F70
809110
80B2A0
80D440
8103B0
813310
816280
8191F0
81D390
821520
8256C0
829860
82F140
834A30
83A310
83FC00
8469A0
84D730
8544D0
85B270
863390
86B4B0
8735E0
87B700
884C90
88E230
8977C0
8A0D60
8AB7F0
8B6280
8C0D20
8CB7B0
8D7720
8E3690
8EF610
8FB580
9089B0
915DE0
923210
930640
93EFD0
94D960
95C2F0
96AC80
97AC90
98ACA0
99ACB0
9AACC0
9BC1D0
9CD6E0
9DEC00
9F0110
A02A00
A152F0
A27BE0
A3A4D0
A4E1C0
A61EA0
A75B90
A89880
A9E9D0
AB3B10
AC8C60
ADDDB0
AF4150
B0A500
B208A0
B36C50
B4E0A0
B654E0
B7C930
B93D80
BAC1E0
BC4640
BDCAB0
BF4F10
C0E340
C27780
C40BB0
C59FF0
C74170
C8E300
CA8480
CC2610
CDD2B0
CF7F50
D12BF0
D2D890
D48F00
D64580
D7FBF0
D9B270
DB7190
DD30B0
DEEFE0
E0AF00
E27440
E43980
E5FED0
E7C410
E98D20
EB5620
ED1F30
EEE840
F0B340
F27E40
F44940
F61440
F7DF60
F9AA70
FB7590
FD40B0
FF0990
00D270
029B40
046420
062880
07ECD0
09B130
0B7580
0D3320
0EF0B0
10AE50
126BE0
142060
15D4F0
178970
193DF0
1AE780
1C9110
1E3A90
1FE420
2180D0
231D70
24BA20
2656C0
27E430
2971A0
2AFF00
2C8C70
2E0810
2F83A0
30FF40
327AD0
33E360
354C00
36B490
381D20
397160
3AC5B0
3C19F0
3D6E30
3EABF0
3FE9A0
412760
426510
4389C0
44AE60
45D310
46F7B0
4802F0
490E30
4A1960
4B24A0
4C15E0
4D0730
4DF870
4EE9B0
4FBF20
509490
516A00
523F70
52F6C0
53AE20
546570
551CC0
55B6B0
5650A0
56EA80
578470
580140
587E10
58FAE0
5977B0
59D640
5A34D0
5A9360
5AF1F0
5B30C0
5B6F80
5BAE50
5BED10
5C0D80
5C2DE0
5C4E50
5C6EB0
5C71D0
5C74F0
5C7800
5C7B20
5C6080
5C45F0
5C2B50
5C10B0
5BD790
5B9E60
5B6540
5B2C10
5AD690
5A8120
5A2BA0
59D620
596620
58F610
588610
581600
578BE0
5701D0
5677B0
55ED90
554990
54A590
540190
535D90
52A230
51E6D0
512B70
507010
4F9F90
4ECF00
4DFE80
4D2DF0
4C4970
4B64F0
4A8060
499BE0
48A460
47ACE0
46B560
45BDE0
44B620
43AE70
42A6B0
419EF0
408960
3F73E0
3E5E50
3D48C0
3C2750
3B05E0
39E460
38C2F0
379770
366C00
354080
341500
32E1F0
31AED0
307BC0
2F48A0
2E1040
2CD7D0
2B9F70
2A6700
292B90
27F020
26B4B0
257940
243D30
230120
21C500
2088F0
1F4E20
1E1360
1CD890
1B9DC0
1A6630
192EA0
17F700
16BF70
158D80
145B80
132990
11F790
10CDE0
0FA440
0E7A90
0D50E0
0C30B0
0B1080
09F040
08D010
07BAA0
06A530
058FC0
047A50
0371E0
026980
016110
0058A0
FF5FD0
FE6700
FD6E30
FC7560
FB8C70
FAA390
F9BAA0
F8D1C0
F7F950
F720F0
F64880
F57020
F4AA00
F3E3F0
F31DD0
F257C0
F1A630
F0F4A0
F04310
EF9180
EEF3E0
EE5640
EDB8B0
ED1B10
EC9130
EC0750
EB7D80
EAF3A0
EA7EB0
EA09C0
E994E0
E91FF0
E8C190
E86320
E804C0
E7A660
E75D20
E713F0
E6CAB0
E68180
E64C70
E61760
E5E250
E5AD40
E58CC0
E56C50
E54BD0
E52B60
E52030
E51500
E509E0
E4FEB0
E506E0
E50F10
E51750
E51F80
E53980
E55390
E56D90
E587A0
E5B320
E5DE90
E60A10
E63590
E67250
E6AF20
E6EBE0
E728B0
E77490
E7C060
E80C40
E85820
E8B120
E90A20
E96330
E9BC30
EA2140
EA8660
EAEB70
EB5090
EBC0C0
EC30F0
ECA120
ED1150
ED8A60
EE0370
EE7C80
EEF590
EF7580
EFF560
F07550
F0F540
F17A60
F1FF90
F284B0
F309E0
F39290
F41B40
F4A3F0
F52CA0
F5B6F0
F64150
F6CBA0
F75600
F7E030
F86A60
F8F490
F97EC0
FA06D0
FA8EF0
FB1700
FB9F20
FC2310
FCA700
FD2AF0
FDAEE0
FE2D50
FEABB0
FF2A20
FFA890
002010
009790
010F00
018680
01F510
0263A0
02D230
0340C0
03A420
040780
046AE0
04CE40
0525D0
057D70
05D500
062C90
0677A0
06C2A0
070DB0
0758B0
079570
07D230
080EE0
084BA0
087810
08A480
08D0E0
08FD50
091990
0935D0
095210
096E50
097A50
098640
099240
099E30
099890
099300
098D60
0987C0
096EE0
095600
093D20
092440
08F920
08CE00
08A2E0
0877C0
083B00
07FE40
07C180
0784C0
0735C0
06E6C0
0697C0
0648C0
05E690
058460
052220
04BFF0
044C20
03D840
036470
02F090
026C40
01E800
0163B0
00DF60
004AB0
FFB600
FF2150
FE8CA0
FDE750
FD4210
FC9CC0
FBF780
FB4390
FA8FB0
F9DBC0
F927E0
F86700
F7A620
F6E540
F62460
F55740
F48A20
F3BD00
F2EFE0
F21720
F13E50
F06590
EF8CD0
EEAA80
EDC820
ECE5D0
EC0380
EB1970
EA2F60
E94550
E85B40
E76AC0
E67A40
E589D0
E49950
E3A3B0
E2AE10
E1B880
E0C2E0
DFCA00
DED130
DDD850
DCDF80
DBE530
DAEAF0
D9F0A0
D8F660
D7FC50
D70250
D60840
D50E40
D41640
D31E30
D22630
D12E30
D039B0
CF4530
CE50C0
CD5C40
CC6CD0
CB7D50
CA8DE0
C99E70
C8B5E0
C7CD50
C6E4C0
C5FC30
C51C90
C43CE0
C35D40
C27DA0
C1A7D0
C0D200
BFFC30
BF2660
BE5B60
BD9050
BCC550
BBFA50
BB3BD0
BA7D50
B9BED0
B90050
B85050
B7A050
B6F050
B64050
B59F00
B4FDC0
B45C70
B3BB30
B32900
B296D0
B204A0
B17270
B0F0D0
B06F20
AFED80
AF6BE0
AEFC90
AE8D50
AE1E00
ADAEC0
AD5120
ACF380
AC95E0
AC3840
ABEBF0
AB9FA0
AB5350
AB0700
AACCD0
AA92B0
AA5880
AA1E60
A9F770
A9D090
A9A9A0
A982C0
A96DE0
A95910
A94430
A92F60
A92BB0
A92800
A92460
A920B0
A92E60
A93C20
A949D0
A95790
A97720
A996B0
A9B650
A9D5E0
AA05A0
AA3570
AA6530
AA9500
AAD3A0
AB1230
AB50D0
AB8F70
ABDC70
AC2970
AC7680
ACC380
AD1EB0
AD79F0
ADD520
AE3060
AE97E0
AEFF50
AF66D0
AFCE50
B04070
B0B290
B124B0
B196D0
B21280
B28E30
B309F0
B385A0
B409E0
B48E30
B51270
B596C0
B621E0
B6AD00
B73820
B7C340
B853A0
B8E400
B97460
BA04C0
BA9910
BB2D50
BBC1A0
BC55F0
BCECD0
BD83B0
BE1AA0
BEB180
BF4950
BFE120
C078F0
C110C0
C1A7E0
C23F00
C2D630
C36D50
C40230
C49710
C52C00
C5C0E0
C651C0
C6E2B0
C77390
C80480
C89030
C91BE0
C9A790
CA3340
CAB870
CB3DA0
CBC2D0
CC4800
CCC500
CD4210
CDBF10
CE3C20
CEAF20
CF2210
CF9510
D00810
D07050
D0D8A0
D140E0
D1A930
D205E0
D26290
D2BF50
D31C00
D36BD0
D3BB90
D40B60
D45B30
D49CC0
D4DE50
D51FE0
D56170
D59400
D5C690
D5F920
D62BB0
D64E80
D67150
D69430
D6B700
D6C8A0
D6DA40
D6EBE0
D6FD80
D6FBF0
D6FA70
D6F8E0
D6F760
D6E350
D6CF30
D6BB20
D6A710
D680C0
D65A60
D63410
D60DC0
D5D400
D59A50
D56090
D526E0
D4D830
D48970
D43AC0
D3EC10
D38A10
D32810
D2C620
D26420
D1F010
D17C10
D10800
D09400
D00DC0
CF8770
CF0130
CE7AF0
CDE200
CD4910
CCB020
CC1730
CB6D90
CAC3F0
CA1A50
C970B0
C8B820
C7FFA0
C74710
C68E90
C5C730
C4FFE0
C43880
C37130
C29A70
C1C3B0
C0ECF0
C01630
BF33E0
BE5190
BD6F50
BC8D00
BBA230
BAB750
B9CC80
B8E1B0
B7F030
B6FEB0
B60D30
B51BB0
B42590
B32F70
B23960
B14340
B04AE0
AF5280
AE5A30
AD61D0
AC6960
AB70F0
AA7880
A98010
A88A30
A79440
A69E60
A5A880
A4B840
A3C800
A2D7C0
A1E780
A0FDC0
A01400
9F2A40
9E4080
9D5E70
9C7C50
9B9A40
9AB830
99E000
9907D0
982FB0
975780
968BC0
95C010
94F450
9428A0
9369A0
92AAB0
91EBB0
912CC0
907AE0
8FC910
8F1730
8E6560
8DC300
8D20A0
8C7E40
8BDBE0
8B4C40
8ABCA0
8A2D00
899D60
891E10
889EC0
881F80
87A030
872FD0
86BF80
864F20
85DED0
857DA0
851C80
84BB50
845A30
840830
83B630
836430
831230
82CEA0
828B10
824790
820400
81CDC0
819780
816150
812B10
810370
80DBC0
80B420
808C80
807660
806040
804A20
803400
802950
801EA0
8013F0
800940
8006F0
8004A0
800250
800000
800000
800000
800000
800000
800000
800000
800000
800000
800000
800000
800000
800000
800030
800060
8000A0
8000D0
800140
8001B0
800220
800290
800370
800460
800540
800630
800730
800820
800920
800A20
800B20
800C10
800D10
800E10
800E70
800EC0
800F20
800F80
800E20
800CC0
800B60
800A00
800860
8006B0
800510
800370
8002D0
800230
8001A0
800100
8000E0
8000D0
8000B0
8000A0
800070
800050
800020
800000
800150
800290
8003E0
800530
800C30
801330
801A30
802130
802EC0
803C40
8049D0
805760
806D40
808320
809900
80AEE0
80CE70
80EE00
810DA0
812D30
815740
818140
81AB50
81D560
820D60
824560
827D70
82B570
8300D0
834C30
839790
83E2F0
843CC0
849680
84F050
854A20
85AF40
861450
867970
86DE90
874ED0
87BF10
882F60
889FA0
891A80
899550
8A1030
8A8B10
8B0E90
8B9220
8C15A0
8C9930
8D23C0
8DAE60
8E38F0
8EC390
8F53A0
8FE3C0
9073D0
9103F0
9197A0
922B60
92BF10
9352D0
93E980
948030
9516F0
95ADA0
964660
96DF30
9777F0
9810C0
98AA70
994420
99DDE0
9A7790
9B1120
9BAAA0
9C4430
9CDDC0
9D75F0
9E0E20
9EA660
9F3E90
9FD480
A06A60
A10050
A19640
A22830
A2BA10
A34C00
A3DDF0
A46990
A4F530
A580D0
A60C70
A69290
A718B0
A79EE0
A82500
A8A5F0
A926E0
A9A7D0
AA28C0
AAA3C0
AB1EC0
AB99D0
AC14D0
AC8930
ACFD90
AD71F0
ADE650
AE5450
AEC240
AF3040
AF9E40
B00600
B06DB0
B0D570
B13D30
B19E50
B1FF60
B26080
B2C1A0
B31B90
B37580
B3CF70
B42960
B47CC0
B4D020
B52380
B576E0
B5C410
B61140
B65E80
B6ABB0
B6F2C0
B739D0
B780F0
B7C800
B808F0
B849E0
B88AD0
B8CBC0
B90700
B94240
B97D80
B9B8C0
B9EE90
BA2460
BA5A40
BA9010
BAC100
BAF1F0
BB22F0
BB53E0
BB80D0
BBADD0
BBDAC0
BC07C0
BC3000
BC5840
BC8080
BCA8C0
BCCBE0
BCEEF0
BD1210
BD3530
BD5320
BD7110
BD8F10
BDAD00
BDC5B0
BDDE60
BDF720
BE0FD0
BE2320
BE3660
BE49B0
BE5D00
BE6AB0
BE7870
BE8620
BE93E0
BE9BF0
BEA400
BEAC10
BEB420
BEB680
BEB8E0
BEBB50
BEBDB0
BEBA10
BEB670
BEB2D0
BEAF30
BEA550
BE9B60
BE9180
BE87A0
BE7740
BE66D0
BE5670
BE4610
BE2EE0
BE17A0
BE0070
BDE940
BDCB30
BDAD20
BD8F10
BD7100
BD4C00
BD2700
BD0200
BCDD00
BCB0C0
BC8470
BC5830
BC2BF0
BBF7F0
BBC3F0
BB9000
BB5C00
BB20A0
BAE550
BAA9F0
BA6EA0
BA2C30
B9E9B0
B9A740
B964D0
B91B20
B8D160
B887B0
B83E00
B7ECC0
B79B90
B74A50
B6F920
B6A0F0
B648C0
B5F0A0
B59870
B539C0
B4DB10
B47C60
B41DB0
B3B880
B35350
B2EE20
B288F0
B21D10
B1B130
B14560
B0D980
B067E0
AFF640
AF84A0
AF1300
AE9C60
AE25C0
ADAF20
AD3880
ACBD20
AC41C0
ABC670
AB4B10
AACB30
AA4B40
A9CB60
A94B80
A8C820
A844B0
A7C150
A73DF0
A6B7F0
A631F0
A5AC00
A52600
A49DF0
A415F0
A38DE0
A305E0
A27C40
A1F2B0
A16910
A0DF80
A05570
9FCB60
9F4160
9EB750
9E2DD0
9DA450
9D1AE0
9C9160
9C0940
9B8120
9AF900
9A70E0
99EAE0
9964D0
98DED0
9858D0
97D5F0
975320
96D040
964D70
95CED0
955020
94D180
9452E0
93D950
935FD0
92E640
926CC0
91F930
9185A0
911210
909E80
903200
8FC570
8F58F0
8EEC70
8E87F0
8E2380
8DBF00
8D5A90
8CFF40
8CA3F0
8C48B0
8BED60
8B9C70
8B4B90
8AFAA0
8AA9C0
8A63D0
8A1DF0
89D800
899220
8957E0
891DA0
88E360
88A920
887BA0
884E20
8820A0
87F320
87D3A0
87B430
8794B0
877540
8763F0
8752A0
874160
873010
872D20
872A40
872750
872470
8730E0
873D40
8749B0
875620
8772F0
878FD0
87ACA0
87C980
87F660
882340
885030
887D10
88B9D0
88F690
893360
897020
89BD50
8A0A80
8A57C0
8AA4F0
8B0360
8B61E0
8BC050
8C1ED0
8C8DB0
8CFC90
8D6B70
8DDA50
8E58F0
8ED780
8F5620
8FD4C0
906350
90F1D0
918060
920EF0
92ADD0
934CB0
93EBA0
948A80
953870
95E650
969440
974230
97FE00
98B9E0
9975B0
9A3190
9AFB10
9BC490
9C8E20
9D57A0
9E2ED0
9F0600
9FDD30
A0B460
A19770
A27A80
A35DA0
A440B0
A52E20
A61B90
A70910
A7F680
A8ED90
A9E490
AADBA0
ABD2B0
ACD2A0
ADD280
AED270
AFD260
B0D960
B1E060
B2E760
B3EE60
B4FAC0
B60730
B71390
B82000
B930A0
BA4140
BB51E0
BC6280
BD7630
BE89E0
BF9DA0
C0B150
C1C640
C2DB40
C3F030
C50530
C619B0
C72E40
C842C0
C95750
CA69E0
CB7C60
CC8EF0
CDA180
CEB060
CFBF50
D0CE30
D1DD20
D2E6F0
D3F0C0
D4FA90
D60460
D707B0
D80AF0
D90E40
DA1190
DB0CA0
DC07B0
DD02D0
DDFDE0
DEEEF0
DFE000
E0D110
E1C220
E2A820
E38E20
E47430
E55A30
E63410
E70DF0
E7E7E0
E8C1C0
E98DE0
EA59F0
EB2610
EBF230
ECAE90
ED6AF0
EE2750
EEE3B0
EF9000
F03C50
F0E8B0
F19500
F230D0
F2CCA0
F36870
F40440
F48E20
F51800
F5A1F0
F62BD0
F6A210
F71850
F78E90
F804D0
F867D0
F8CAD0
F92DD0
F990D0
F9E0C0
FA30A0
FA8090
FAD080
FB0C60
FB4830
FB8410
FBBFF0
FBE670
FC0CF0
FC3370
FC59F0
FC6C30
FC7E70
FC90B0
FCA2F0
FCA1C0
FCA090
FC9F70
FC9E40
FC8940
FC7440
FC5F50
FC4A50
FC20D0
FBF740
FBCDC0
FBA440
FB67F0
FB2BA0
FAEF60
FAB310
FA6560
FA17C0
F9CA10
F97C70
F91DB0
F8BF00
F86040
F80190
F791D0
F72210
F6B250
F64290
F5C3F0
F54540
F4C6A0
F44800
F3BC50
F330A0
F2A500
F21950
F18180
F0E9C0
F051F0
EFBA30
EF1710
EE73E0
EDD0C0
ED2DA0
EC8170
EBD550
EB2920
EA7D00
E9C9F0
E916E0
E863E0
E7B0D0
E6F860
E63FF0
E58780
E4CF10
E412C0
E35660
E29A10
E1DDC0
E11FC0
E061B0
DFA3B0
DEE5B0
DE2800
DD6A60
DCACB0
DBEF10
DB33B0
DA7860
D9BD00
D901B0
D84AA0
D79390
D6DC90
D62580
D57490
D4C3A0
D412C0
D361D0
D2B8D0
D20FD0
D166D0
D0BDD0
D01ED0
CF7FD0
CEE0E0
CE41E0
CDAF40
CD1C90
CC89F0
CBF750
CB7230
CAED20
CA6800
C9E2F0
C96CB0
C8F660
C88020
C809E0
C7A480
C73F10
C6D9B0
C67450
C62220
C5CFF0
C57DC0
C52B90
C4ED00
C4AE70
C46FF0
C43160
C40720
C3DCD0
C3B290
C38850
C37410
C35FD0
C34BA0
C33760
C33B40
C33F10
C342F0
C346D0
C36260
C37DF0
C39990
C3B520
C3E840
C41B70
C44E90
C481C0
C4CDC0
C519B0
C565B0
C5B1B0
C61810
C67E70
C6E4E0
C74B40
C7CAD0
C84A50
C8C9E0
C94970
C9E140
CA7910
CB10E0
CBA8B0
CC5940
CD09E0
CDBA70
CE6B10
CF3540
CFFF80
D0C9B0
D193F0
D275E0
D357D0
D439C0
D51BB0
D613D0
D70BF0
D80410
D8FC30
DA0A40
DB1850
DC2660
DD3470
DE5880
DF7C80
E0A090
E1C4A0
E2FC40
E433E0
E56B90
E6A330
E7EC60
E935A0
EA7ED0
EBC810
ED21E0
EE7BA0
EFD570
F12F40
F298D0
F40250
F56BE0
F6D570
F84C30
F9C2E0
FB39A0
FCB060
FE3200
FFB3B0
013560
02B700
0441F0
05CCF0
0757E0
08E2D0
0A7580
0C0820
0D9AD0
0F2D70
10C560
125D40
13F530
158D10
172800
18C2E0
1A5DD0
1BF8B0
1D9480
1F3050
20CC20
2267F0
240290
259D20
2737C0
28D250
2A69A0
2C00F0
2D9830
2F2F80
30C180
325380
33E570
357770
3701D0
388C40
3A16A0
3BA100
3D2150
3EA1A0
4021E0
41A230
4316F0
448BB0
460070
477530
48DCE0
4A44A0
4BAC50
4D1400
4E6C70
4FC4E0
511D40
5275B0
53BC50
5502F0
564980
579020
58C440
59F860
5B2C70
5C6090
5D8150
5EA210
5FC2D0
60E390
61EEF0
62FA60
6405C0
651120
6604E0
66F890
67EC50
68E000
69BC40
6A9880
6B74C0
6C5100
6D15C0
6DDA70
6E9F30
6F63E0
700FB0
70BB70
716740
721300
72A420
733540
73C650
745770
74CED0
754630
75BD90
7634F0
769330
76F170
774FB0
77ADF0
77F250
7836C0
787B20
78BF80
78E900
791280
793BF0
796570
7975A0
7985D0
7995F0
79A620
799E40
799650
798E70
798680
796690
7946A0
7926A0
7906B0
78CE70
789630
785DE0
7825A0
77D720
778890
773A10
76EB80
768860
762550
75C230
755F10
74E820
747120
73FA30
738330
72F8E0
726E90
71E430
7159E0
70BE80
702320
6F87B0
6EEC50
6E41D0
6D9760
6CECE0
6C4260
6B8A30
6AD200
6A19C0
696190
689CF0
67D850
6713B0
664F10
658020
64B140
63E250
631360
623C30
6164F0
608DC0
5FB680
5ED8C0
5DFB10
5D1D50
5C3F90
5B5D30
5A7AD0
599860
58B600
57D0C0
56EB80
560630
5520F0
543A80
535420
526DB0
518740
50A1B0
4FBC10
4ED680
4DF0E0
4D0E40
4C2BA0
4B48F0
4A6650
4987E0
48A970
47CB00
46EC90
4613A0
453AC0
4461D0
4388E0
42B770
41E600
411480
404310
3F7B40
3EB370
3DEBA0
3D23D0
3C6640
3BA8B0
3AEB10
3A2D80
397AE0
38C850
3815B0
376310
36BD20
361720
357130
34CB30
3433D0
339C80
330520
326DC0
31E4E0
315C00
30D320
304A40
2FD000
2F55C0
2EDB80
2E6140
2DF6E0
2D8C70
2D2210
2CB7A0
2C5EA0
2C0590
2BAC90
2B5380
2B0B10
2AC2B0
2A7A40
2A31D0
29F980
29C130
2988E0
295090
292900
290170
28D9D0
28B240
289C50
288670
287080
285A90
285500
284F70
2849E0
284450
284E20
2857F0
2861C0
286B90
2884C0
289E00
28B730
28D060
28F920
2921F0
294AB0
297370
29AA30
29E100
2A17C0
2A4E80
2A91F0
2AD570
2B18E0
2B5C50
2BABF0
2BFB80
2C4B20
2C9AB0
2CF600
2D5150
2DAC90
2E07E0
2E6D30
2ED270
2F37C0
2F9D00
300AD0
3078A0
30E660
315430
31C970
323EB0
32B3E0
332920
33A4D0
342070
349C20
3517C0
359840
3618D0
369950
3719D0
379DC0
3821B0
38A5A0
392990
39AF90
3A3590
3ABB80
3B4180
3BC820
3C4ED0
3CD570
3D5C10
3DE210
3E6820
3EEE20
3F7420
3FF850
407C70
4100A0
4184C0
420580
428650
430710
4387D0
440380
447F30
44FAE0
457690
45EC80
466260
46D850
474E30
47BD80
482CE0
489C30
490B80
4972E0
49DA40
4A41A0
4AA900
4B06D0
4B64B0
4BC280
4C2050
4C7460
4CC880
4D1C90
4D70A0
4DBA90
4E0480
4E4E70
4E9860
4ED710
4F15B0
4F5460
4F9300
4FC510
4FF710
502920
505B20
5080E0
50A690
50CC50
50F200
510B90
512510
513EA0
515820
5164B0
517150
517DE0
518A70
518920
5187D0
518670
518520
5176B0
516840
5159C0
514B50
513060
511560
50FA70
50DF70
50B7A0
508FD0
506800
504030
500B00
4FD5E0
4FA0B0
4F6B80
4F2A30
4EE8F0
4EA7A0
4E6650
4E19E0
4DCD80
4D8110
4D34A0
4CDD50
4C8600
4C2EA0
4BD750
4B7530
4B1310
4AB0F0
4A4ED0
49E340
4977C0
490C30
48A0A0
482CD0
47B910
474540
46D170
465620
45DAD0
455F70
44E420
4461F0
43DFC0
435D80
42DB50
425380
41CBC0
4143F0
40BC20
402FF0
3FA3D0
3F17A0
3E8B70
3DFBE0
3D6C50
3CDCB0
3C4D20
3BBB20
3B2930
3A9730
3A0530
397200
38DEC0
384B90
37B850
372500
3691A0
35FE50
356AF0
34D8B0
344660
33B420
3321D0
3291E0
3201F0
3171F0
30E200
305540
2FC870
2F3BB0
2EAEE0
2E2620
2D9D60
2D1490
2C8BD0
2C0840
2B84C0
2B0130
2A7DA0
2A00B0
2983B0
2906C0
2889C0
2813C0
279DC0
2727C0
26B1C0
264340
25D4C0
256640
24F7C0
2491D0
242BE0
23C5F0
236000
2303F0
22A7E0
224BD0
21EFC0
219D70
214B30
20F8E0
20A690
205E20
2015A0
1FCD30
1F84B0
1F46D0
1F08F0
1ECB10
1E8D30
1E5AF0
1E28A0
1DF660
1DC410
1D9CE0
1D75B0
1D4E70
1D2740
1D0AC0
1CEE50
1CD1D0
1CB550
1CA400
1C92B0
1C8150
1C7000
1C6A70
1C64E0
1C5F40
1C59B0
1C5EF0
1C6440
1C6980
1C6EC0
1C7E30
1C8DA0
1C9D00
1CAC70
1CC610
1CDFA0
1CF940
1D12D0
1D36C0
1D5AB0
1D7EA0
1DA290
1DCFB0
1DFCD0
1E29E0
1E5700
1E8C50
1EC1A0
1EF6E0
1F2C30
1F6950
1FA660
1FE380
202090
206520
20A9B0
20EE40
2132D0
217DA0
21C870
221330
225E00
22ADF0
22FDD0
234DC0
239DA0
23F1F0
244640
249A80
24EED0
2546D0
259ED0
25F6C0
264EC0
26A930
2703A0
275E00
27B870
281430
286FF0
28CBB0
292770
298380
29DFA0
2A3BB0
2A97C0
2AF310
2B4E70
2BA9C0
2C0510
2C5EB0
2CB840
2D11E0
2D6B70
2DC250
2E1930
2E7010
2EC6F0
2F1A00
2F6D00
2FC010
301310
306110
30AF20
30FD20
314B20
319360
31DBA0
3223E0
326C20
32ADE0
32EFA0
333160
337320
33AD40
33E770
342190
345BB0
348CF0
34BE40
34EF80
3520C0
3548E0
3570F0
359910
35C120
35DFA0
35FE20
361C90
363B10
364F00
3662F0
3676E0
368AD0
369310
369B50
36A380
36ABC0
36A870
36A510
36A1C0
369E60
368F70
368070
367180
366280
364730
362BE0
361090
35F540
35CCC0
35A430
357BB0
355320
351DE0
34E8B0
34B370
347E30
343CA0
33FB20
33B990
337800
3329C0
32DB90
328D50
323F10
31E3A0
318830
312CB0
30D140
306980
3001C0
2F99F0
2F3230
2EBED0
2E4B70
2DD810
2D64B0
2CE5C0
2C66E0
2BE7F0
2B6900
2ADE80
2A53F0
29C970
293EE0
28A9D0
2814C0
277FB0
26EAA0
264BF0
25AD50
250EA0
246FF0
23C810
232030
227850
21D070
211FA0
206ED0
1FBDF0
1F0D20
1E54A0
1D9C30
1CE3B0
1C2B30
1B6C30
1AAD40
19EE40
192F40
186A80
17A5C0
16E100
161C40
155270
148890
13BEC0
12F4E0
122740
1159A0
108C00
0FBE60
0EEE30
0E1DF0
0D4DC0
0C7D80
0BABB0
0AD9E0
0A0810
093640
0863D0
079160
06BEE0
05EC70
051A90
0448C0
0376E0
02A500
01D4E0
0104D0
0034B0
FF6490
FE9760
FDCA40
FCFD10
FC2FF0
FB66F0
FA9E00
F9D500
F90C10
F84830
F78460
F6C080
F5FCB0
F53EF0
F48120
F3C360
F305A0
F24F20
F198A0
F0E230
F02BB0
EF7DC0
EECFC0
EE21D0
ED73E0
ECCF30
EC2A70
EB85C0
EAE110
EA4650
E9ABA0
E910E0
E87630
E7E690
E756F0
E6C760
E637C0
E5B480
E53140
E4AE00
E42AC0
E3B430
E33DA0
E2C720
E25090
E1E720
E17DC0
E11450
E0AAF0
E04FA0
DFF440
DF98F0
DF3DA0
DEF180
DEA560
DE5950
DE0D30
DDD040
DD9340
DD5650
DD1960
DCEBA0
DCBDF0
DC9030
DC6280
DC44C0
DC26F0
DC0930
DBEB70
DBDE70
DBD180
DBC480
DBB790
DBBB00
DBBE60
DBC1D0
DBC540
DBD8D0
DBEC50
DBFFE0
DC1370
DC3780
DC5B90
DC7FB0
DCA3C0
DCD8F0
DD0E20
DD4350
DD7880
DDBE00
DE0380
DE4910
DE8E90
DEE3C0
DF3900
DF8E30
DFE370
E04860
E0AD60
E11250
E17750
E1EC30
E26110
E2D600
E34AE0
E3CEB0
E45270
E4D640
E55A10
E5EBE0
E67DB0
E70F80
E7A150
E840E0
E8E060
E97FF0
EA1F80
EACC90
EB79B0
EC26C0
ECD3E0
ED8D40
EE46A0
EF0010
EFB970
F07E00
F14290
F20730
F2CBC0
F39AE0
F469F0
F53910
F60830
F6E140
F7BA60
F89370
F96C90
FA4E50
FB3000
FC11C0
FCF380
FDDCB0
FEC5E0
FFAF10
009840
018800
0277C0
036770
045730
054CA0
064200
073770
082CD0
092690
0A2060
0B1A20
0C13E0
0D10C0
0E0DA0
0F0A80
100760
110640
120520
130400
1402E0
1502A0
160260
170210
1801D0
190140
1A00A0
1B0010
1BFF70
1CFD60
1DFB50
1EF930
1FF720
20F250
21ED90
22E8C0
23E3F0
24DB30
25D260
26C9A0
27C0D0
28B310
29A550
2A9780
2B89C0
2C7610
2D6250
2E4EA0
2F3AE0
302000
310510
31EA30
32CF40
33ABE0
348880
356520
3641C0
371530
37E8A0
38BC00
398F70
3A58E0
3B2250
3BEBC0
3CB530
3D7370
3E31C0
3EF000
3FAE40
406000
4111D0
41C390
427550
431A40
43BF40
446430
450920
45A0E0
4638A0
46D060
476820
47F1B0
487B30
4904C0
498E40
4A0870
4A82A0
4AFCD0
4B7700
4BE1F0
4C4CD0
4CB7C0
4D22A0
4D7E30
4DD9C0
4E3550
4E90E0
4EDC60
4F27E0
4F7350
4FBED0
4FF950
5033C0
506E40
50A8B0
50D2B0
50FCA0
5126A0
515090
516A60
518440
519E10
51B7E0
51C130
51CA80
51D3C0
51DD10
51D560
51CDA0
51C5F0
51BE30
51A640
518E40
517650
515E50
5136C0
510F30
50E7A0
50C010
5088E0
5051B0
501A70
4FE340
4F9C30
4F5520
4F0E00
4EC6F0
4E7130
4E1B70
4DC5A0
4D6FE0
4D0C70
4CA900
4C4580
4BE210
4B7140
4B0080
4A8FB0
4A1EE0
49A0F0
492300
48A500
482710
479D60
4713B0
4689F0
460040
456C10
44D7E0
4443B0
43AF80
431190
4273A0
41D5A0
4137B0
4090A0
3FE990
3F4270
3E9B60
3DECB0
3D3E00
3C8F40
3BE090
3B2BA0
3A76A0
39C1B0
390CB0
385280
379860
36DE30
362400
3565A0
34A740
33E8E0
332A80
326960
31A840
30E710
3025F0
2F6370
2EA0F0
2DDE60
2D1BE0
2C5940
2B96A0
2AD3F0
2A1150
294FE0
288E70
27CCF0
270B80
264C80
258D80
24CE80
240F80
235430
2298E0
21DD80
212230
206BF0
1FB5A0
1EFF60
1E4910
1D9940
1CE970
1C39A0
1B89D0
1AE180
1A3920
1990D0
18E870
1848A0
17A8C0
1708F0
166910
15D320
153D20
14A730
141130
1386A0
12FC20
127190
11E700
116870
10E9D0
106B40
0FECA0
0F7AA0
0F08A0
0E9690
0E2490
0DC050
0D5C20
0CF7E0
0C93A0
0C3E90
0BE990
0B9480
0B3F70
0AF9B0
0AB3F0
0A6E30
0A2870
09F230
09BC00
0985C0
094F80
0929C0
090400
08DE40
08B880
08A470
089070
087C60
086850
086580
0862C0
085FF0
085D20
086B50
087980
0887B0
0895E0
08B5A0
08D560
08F510
0914D0
0946E0
097900
09AB10
09DD20
0A20B0
0A6440
0AA7C0
0AEB50
0B3FA0
0B9400
0BE850
0C3CA0
0CA1F0
0D0730
0D6C80
0DD1C0
0E4860
0EBF00
0F35A0
0FAC40
1032E0
10B990
114030
11C6D0
125C60
12F1E0
138770
141CF0
14C110
156540
160960
16AD80
176020
1812B0
18C550
1977E0
1A3750
1AF6D0
1BB640
1C75B0
1D4090
1E0B70
1ED650
1FA130
2076C0
214C50
2221E0
22F770
23D700
24B6A0
259630
2675C0
275DA0
284580
292D50
2A1530
2B03C0
2BF260
2CE0F0
2DCF80
2EC3A0
2FB7C0
30ABE0
31A000
329890
339120
3489A0
358230
367D80
3778D0
387410
396F60
3A6BE0
3B6860
3C64D0
3D6150
3E5D90
3F59C0
405600
415230
424CB0
434730
4441A0
453C20
463370
472AC0
482210
491960
4A0C20
4AFED0
4BF190
4CE440
4DD0D0
4EBD60
4FA9E0
509670
517B30
525FF0
5344A0
542960
550530
55E100
56BCD0
5798A0
586A60
593C20
5A0DD0
5ADF90
5BA5A0
5C6BC0
5D31D0
5DF7E0
5EB090
5F6930
6021E0
60DA80
618530
622FE0
62DA80
638530
642130
64BD30
655930
65F530
668120
670D00
6798F0
6824D0
689EF0
691920
699340
6A0D60
6A75D0
6ADE40
6B46B0
6BAF20
6C05C0
6C5C50
6CB2F0
6D0980
6D4D30
6D90F0
6DD4A0
6E1850
6E47D0
6E7760
6EA6E0
6ED660
6EF250
6F0E40
6F2A20
6F4610
6F4EC0
6F5760
6F6010
6F68B0
6F5D80
6F5250
6F4710
6F3BE0
6F1C00
6EFC30
6EDC50
6EBC70
6E88F0
6E5570
6E21F0
6DEE70
6DA820
6D61D0
6D1B80
6CD530
6C7BF0
6C22B0
6BC970
6B7030
6B03B0
6A9740
6A2AC0
69BE40
694000
68C1B0
684370
67C520
673640
66A760
661870
658990
64EA70
644B50
63AC30
630D10
625DF0
61AED0
60FFB0
605090
5F9320
5ED5C0
5E1850
5D5AE0
5C90A0
5BC660
5AFC20
5A31E0
595BB0
588590
57AF60
56D930
55F7E0
5516A0
543550
535400
526950
517E90
5093E0
4FA920
4EB680
4DC3F0
4CD150
4BDEB0
4AE570
49EC30
48F2F0
47F9B0
46FB10
45FC70
44FDD0
43FF30
42FCB0
41FA40
40F7C0
3FF540
3EF060
3DEB80
3CE690
3BE1B0
3ADBE0
39D610
38D040
37CA70
36C540
35C010
34BAE0
33B5B0
32B250
31AF00
30ABA0
2FA840
2EA7F0
2DA790
2CA740
2BA6E0
2AAB10
29AF50
28B380
27B7B0
26C220
25CC80
24D6F0
23E150
22F2B0
220410
211570
2026D0
1F4000
1E5940
1D7270
1C8BA0
1BAE20
1AD090
19F310
191580
1842E0
177030
169D90
15CAE0
150350
143BD0
137440
12ACB0
11F0A0
113490
107880
0FBC70
0F0D10
0E5DA0
0DAE40
0CFED0
0C5D70
0BBC10
0B1AA0
0A7940
09E5A0
0951F0
08BE50
082AA0
07A4A0
071E90
069890
061280
059AE0
052340
04AB90
0433F0
03CBB0
036370
02FB30
0292F0
023950
01DFB0
018600
012C60
00E0D0
009530
0049A0
FFFE00
FFC0C0
FF8380
FF4640
FF0900
FEDAA0
FEAC30
FE7DD0
FE4F70
FE2EC0
FE0E00
FDED50
FDCCA0
FDB8B0
FDA4C0
FD90D0
FD7CE0
FD7590
FD6E30
FD66E0
FD5F90
FD64D0
FD6A00
FD6F40
FD7480
FD84F0
FD9560
FDA5D0
FDB640
FDD0B0
FDEB20
FE05A0
FE2010
FE43E0
FE67C0
FE8B90
FEAF70
FEDC20
FF08D0
FF3580
FF6230
FF9650
FFCA70
FFFE90
0032B0
006D00
00A760
00E1B0
011C00
015B90
019B30
01DAC0
021A50
025E30
02A210
02E5E0
0329C0
0370A0
03B780
03FE50
044530
048DE0
04D680
051F30
0567D0
05B120
05FA60
0643B0
068CF0
06D590
071E30
0766D0
07AF70
07F670
083D70
088460
08CB60
090FC0
095430
099890
09DCF0
0A1D80
0A5E00
0A9E90
0ADF10
0B1A70
0B55C0
0B9120
0BCC70
0C01F0
0C3780
0C6D00
0CA280
0CD190
0D0090
0D2FA0
0D5EA0
0D8600
0DAD50
0DD4B0
0DFC00
0E1A50
0E38A0
0E56F0
0E7540
0E8A70
0E9F90
0EB4C0
0EC9E0
0ED5A0
0EE160
0EED20
0EF8E0
0EFA50
0EFBB0
0EFD20
0EFE80
0EF480
0EEA80
0EE080
0ED680
0EC160
0EAC30
0E9710
0E81E0
0E61B0
0E4170
0E2140
0E0100
0DD520
0DA940
0D7D60
0D5180
0D1930
0CE0E0
0CA880
0C7030
0C2C10
0BE800
0BA3E0
0B5FC0
0B1050
0AC0F0
0A7180
0A2210
09C720
096C30
091140
08B650
084F80
07E8C0
0781F0
071B20
06A960
0637A0
05C5D0
055410
04D810
045C10
03E010
036410
02DE00
0257F0
01D1D0
014BC0
00BBB0
002B90
FF9B70
FF0B60
FE7250
FDD940
FD4030
FCA720
FC0600
FB64D0
FAC3B0
FA2290
F979E0
F8D120
F82870
F77FC0
F6CFF0
F62020
F57060
F4C090
F40AB0
F354D0
F29F00
F1E920
F12E10
F07300
EFB800
EEFCF0
EE3D80
ED7E10
ECBEB0
EBFF40
EB3C40
EA7940
E9B640
E8F340
E82D70
E767B0
E6A1E0
E5DC20
E51450
E44C90
E384C0
E2BD00
E1F410
E12B20
E06240
DF9950
DED030
DE0700
DD3DE0
DC74C0
DBAC00
DAE340
DA1A80
D951C0
D88A00
D7C240
D6FA80
D632C0
D56CE0
D4A700
D3E120
D31B40
D25840
D19540
D0D250
D00F50
CF4F70
CE8F90
CDCFC0
CD0FE0
CC5380
CB9710
CADAB0
CA1E50
C96620
C8ADF0
C7F5C0
C73D90
C68A70
C5D740
C52420
C47100
C3C2E0
C314C0
C266B0
C1B890
C10F90
C066A0
BFBDA0
BF14B0
BE7170
BDCE20
BD2AE0
BC87A0
BBEAD0
BB4DF0
BAB120
BA1450
B97D90
B8E6C0
B85000
B7B940
B72850
B69770
B60680
B575A0
B4EAD0
B46000
B3D530
B34A60
B2C600
B24190
B1BD30
B138D0
B0BA70
B03C00
AFBDA0
AF3F40
AEC680
AE4DC0
ADD510
AD5C50
ACE940
AC7630
AC0320
AB9010
AB22C0
AAB570
AA4820
A9DAD0
A972B0
A90AA0
A8A280
A83A70
A7D720
A773C0
A71070
A6AD20
A64E50
A5EF80
A590C0
A531F0
A4D770
A47CE0
A42260
A3C7E0
A37130
A31A90
A2C3E0
A26D40
A21A10
A1C6F0
A173C0
A120A0
A0D0A0
A08090
A03090
9FE090
9F9350
9F4600
9EF8C0
9EAB80
9E60B0
9E15E0
9DCB10
9D8040
9D37A0
9CEEF0
9CA650
9C5DB0
9C16D0
9BCFE0
9B8900
9B4220
9AFC70
9AB6B0
9A7100
9A2B50
99E6D0
99A250
995DE0
991960
98D610
9892D0
984F80
980C40
97C9C0
978750
9744D0
970260
96C030
967E10
963BE0
95F9C0
95B840
9576C0
953550
94F3D0
94B330
9472A0
943200
93F170
93B190
9371A0
9331C0
92F1E0
92B250
9272D0
923340
91F3C0
91B530
9176A0
913820
90F990
90BC80
907F70
904270
900560
8FC9D0
8F8E50
8F52C0
8F1740
8EDD30
8EA310
8E6900
8E2EF0
8DF720
8DBF60
8D8790
8D4FD0
8D1B10
8CE640
8CB180
8C7CC0
8C4B50
8C19D0
8BE860
8BB6F0
8B8900
8B5B20
8B2D30
8AFF50
8AD5E0
8AAC70
8A8310
8A59A0
8A3590
8A1170
89ED60
89C950
89AB20
898CE0
896EB0
895080
8938B0
8920F0
890920
88F160
88E0F0
88D080
88C010
88AFA0
88A760
889F10
8896D0
888E90
888F40
888FF0
8890B0
889160
889BD0
88A650
88B0C0
88BB40
88D030
88E520
88FA20
890F10
892F30
894F50
896F70
898F90
89BBC0
89E7F0
8A1430
8A4060
8A79A0
8AB2E0
8AEC30
8B2570
8B6C20
8BB2C0
8BF970
8C4020
8C9490
8CE910
8D3D80
8D9200
8DF510
8E5830
8EBB40
8F1E60
8F9110
9003B0
907660
90E910
916B40
91ED70
926FB0
92F1E0
9383A0
941560
94A730
9538F0
95DAF0
967CE0
971EE0
97C0E0
9873F0
992700
99DA10
9A8D20
9B50B0
9C1440
9CD7E0
9D9B70
9E6F20
9F42C0
A01670
A0EA20
A1CE40
A2B260
A39680
A47AA0
A56FC0
A664E0
A75A00
A84F20
A95440
AA5950
AB5E70
AC6390
AD77D0
AE8C10
AFA050
B0B490
B1D7F0
B2FB40
B41EA0
B54200
B674B0
B7A760
B8DA20
BA0CD0
BB4D50
BC8DD0
BDCE60
BF0EE0
C05BF0
C1A8F0
C2F600
C44310
C59C20
C6F540
C84E50
C9A770
CB0C30
CC70F0
CDD5C0
CF3A80
D0A930
D217E0
D386A0
D4F550
D66C70
D7E380
D95AA0
DAD1C0
DC5050
DDCEE0
DF4D80
E0CC10
E25140
E3D670
E55BB0
E6E0E0
E86AD0
E9F4D0
EB7EC0
ED08C0
EE95C0
F022D0
F1AFD0
F33CE0
F4CBA0
F65A70
F7E930
F97800
FB0730
FC9660
FE25A0
FFB4D0
0142B0
02D090
045E70
05EC50
077730
090220
0A8D00
0C17E0
0D9E30
0F2480
10AAC0
123110
13B120
153140
16B150
183160
19A9C0
1B2210
1C9A70
1E12C0
1F81F0
20F110
226040
23CF60
2533A0
2697E0
27FC20
296060
2AB7E0
2C0F50
2D66D0
2EBE40
3007F0
315190
329B40
33E4E0
351FA0
365A70
379530
38CFF0
39FA20
3B2450
3C4E80
3D78B0
3E9070
3FA830
40BFE0
41D7A0
42DC70
43E150
44E620
45EAF0
46DC50
47CDA0
48BF00
49B050
4A8CC0
4B6930
4C45A0
4D2210
4DE7F0
4EADC0
4F73A0
503970
50E8E0
519850
5247C0
52F730
539030
542930
54C230
555B30
55DCB0
565E30
56DFB0
576130
57C9E0
583290
589B40
5903F0
5954B0
59A560
59F620
5A46D0
5A8020
5AB980
5AF2D0
5B2C20
5B4D90
5B6F00
5B9070
5BB1E0
5BBAA0
5BC370
5BCC30
5BD4F0
5BC670
5BB7E0
5BA960
5B9AD0
5B7610
5B5160
5B2CA0
5B07E0
5ACD00
5A9220
5A5730
5A1C50
59CB20
5979F0
5928B0
58D780
5871C0
580C10
57A650
574090
56C7E0
564F20
55D670
555DB0
54D2A0
544790
53BC80
533170
529490
51F7B0
515AC0
50BDE0
501120
4F6460
4EB7A0
4E0AE0
4D5010
4C9540
4BDA70
4B1FA0
4A57F0
499030
48C880
4800C0
472D30
4659A0
458600
44B270
43D510
42F7C0
421A60
413D00
4057C0
3F7280
3E8D30
3DA7F0
3CBC60
3BD0C0
3AE530
39F990
390940
381900
3728B0
363860
354530
345200
335ED0
326BA0
317750
3082F0
2F8EA0
2E9A40
2DA690
2CB2E0
2BBF30
2ACB80
29DA60
28E950
27F830
270710
261A00
252CE0
243FD0
2352B0
226B10
218370
209BD0
1FB430
1ED3F0
1DF3B0
1D1360
1C3320
1B5C50
1A8570
19AEA0
18D7C0
180B30
173EA0
167210
15A580
14E440
142300
1361B0
12A070
11EC30
1137E0
1083A0
0FCF50
0F2A00
0E84B0
0DDF50
0D3A00
0CA3F0
0C0DD0
0B77C0
0AE1A0
0A5B40
09D4D0
094E70
08C800
0852B0
07DD60
076810
06F2C0
069030
062DB0
05CB20
056890
051870
04C840
047820
0427F0
03EA00
03AC20
036E30
033040
030580
02DAB0
02AFF0
028520
026EA0
025830
0241B0
022B30
022820
022500
0221F0
021ED0
022E80
023E20
024DD0
025D70
028040
02A300
02C5D0
02E890
031F30
0355C0
038C60
03C2F0
040BE0
0454D0
049DB0
04E6A0
0540C0
059AD0
05F4F0
064F00
06BA10
072520
079030
07FB40
087740
08F340
096F30
09EB30
0A7660
0B0190
0B8CC0
0C17F0
0CB0E0
0D49D0
0DE2C0
0E7BB0
0F21A0
0FC790
106D80
111370
11C5D0
127830
132A90
13DCF0
1499D0
1556B0
161390
16D070
179620
185BD0
192180
19E730
1AB470
1B81B0
1C4EF0
1D1C30
1DEFD0
1EC370
1F9710
206AB0
2142F0
221B30
22F360
23CBA0
24A6C0
2581F0
265D10
273830
2814C0
28F150
29CDE0
2AAA70
2B86E0
2C6350
2D3FC0
2E1C30
2EF6E0
2FD190
30AC40
3186F0
325E50
3335B0
340D10
34E470
35B6C0
368920
375B70
382DC0
38F940
39C4B0
3A9030
3B5BA0
3C1F10
3CE270
3DA5E0
3E6940
3F2360
3FDD80
409790
4151B0
4200D0
42AFF0
435F00
440E20
44B070
4552C0
45F500
469750
472C00
47C0C0
485570
48EA20
497060
49F6A0
4A7CE0
4B0320
4B7970
4BEFB0
4C6600
4CDC40
4D40E0
4DA570
4E0A10
4E6EA0
4EC150
4F1400
4F66A0
4FB950
4FF9A0
503A00
507A50
50BAA0
50E760
511430
5140F0
516DB0
518570
519D30
51B4E0
51CCA0
51CFB0
51D2B0
51D5C0
51D8C0
51C730
51B5A0
51A410
519280
516B80
514490
511D90
50F690
50B920
507BB0
503E40
5000D0
4FADC0
4F5AB0
4F07A0
4EB490
4E4C80
4DE460
4D7C50
4D1430
4C96C0
4C1950
4B9BE0
4B1E70
4A8B10
49F7C0
496460
48D100
482900
478100
46D900
463100
457570
44B9D0
43FE40
4342A0
4273A0
41A4B0
40D5B0
4006B0
3F2470
3E4220
3D5FE0
3C7D90
3B8970
3A9550
39A130
38AD10
37A860
36A3B0
359F00
349A50
3385B0
327110
315C70
3047D0
2F23B0
2DFF90
2CDB60
2BB740
2A8560
295380
2821A0
26EFC0
25B1B0
2473A0
233590
21F780
20AE50
1F6520
1E1BE0
1CD2B0
1B7F50
1A2C00
18D8A0
178540
162980
14CDC0
1371F0
121630
10B3A0
0F5120
0DEE90
0C8C00
0B2400
09BC00
0853F0
06EBF0
057FD0
0413A0
02A780
013B50
FFCCB0
FE5E20
FCEF80
FB80F0
FA1180
F8A210
F732B0
F5C340
F45490
F2E5E0
F17740
F00890
EE9C40
ED2FF0
EBC3B0
EA5760
E8EEE0
E78660
E61DF0
E4B570
E35230
E1EEE0
E08BA0
DF2860
DDCBF0
DC6F80
DB1320
D9B6B0
D862D0
D70EF0
D5BB10
D46730
D31D00
D1D2D0
D088B0
CF3E80
CDFF30
CCBFF0
CB80A0
CA4160
C90E90
C7DBC0
C6A900
C57630
C45190
C32CF0
C20850
C0E3B0
BFCE00
BEB850
BDA2B0
BC8D00
BB8720
BA8140
B97B70
B87590
B780F0
B68C40
B597A0
B4A300
B3C130
B2DF60
B1FDA0
B11BD0
B04D20
AF7E80
AEAFD0
ADE130
AD2620
AC6B10
ABB010
AAF500
AA4EB0
A9A860
A90210
A85BC0
A7CB70
A73B30
A6AAE0
A61AA0
A5A050
A52600
A4ABC0
A43170
A3CD30
A368F0
A304B0
A2A070
A25320
A205C0
A1B870
A16B20
A135C0
A10070
A0CB10
A095C0
A077C0
A059D0
A03BD0
A01DE0
A016E0
A00FE0
A008F0
A001F0
A01260
A022D0
A03350
A043C0
A06C40
A094C0
A0BD40
A0E5C0
A12550
A164E0
A1A470
A1E400
A239E0
A28FB0
A2E590
A33B70
A3A7A0
A413D0
A48000
A4EC30
A56EF0
A5F1A0
A67460
A6F720
A78F00
A826E0
A8BED0
A956B0
AA0290
AAAE70
AB5A50
AC0630
ACC5A0
AD8500
AE4470
AF03E0
AFD680
B0A920
B17BD0
B24E70
B332C0
B41700
B4FB50
B5DFA0
B6D430
B7C8B0
B8BD40
B9B1D0
BAB5D0
BBB9D0
BCBDD0
BDC1D0
BED490
BFE750
C0FA10
C20CD0
C32C80
C44C40
C56BF0
C68BB0
C7B6B0
C8E1C0
CA0CC0
CB37D0
CC6D00
CDA230
CED760
D00C90
D14AC0
D28900
D3C730
D50570
D64AE0
D79040
D8D5B0
DA1B20
DB6600
DCB0E0
DDFBC0
DF46A0
E09580
E1E460
E33340
E48220
E5D380
E724E0
E87650
E9C7B0
EB19E0
EC6C00
EDBE30
EF1060
F061A0
F1B2E0
F30430
F45570
F5A420
F6F2D0
F84190
F99040
FADAB0
FC2530
FD6FA0
FEBA20
FFFEC0
014370
028820
03CCC0
050A10
064760
0784B0
08C200
09F630
0B2A60
0C5E90
0D92C0
0EBBF0
0FE520
110E50
123780
135490
147190
158EA0
16ABA0
17BB50
18CB00
19DAA0
1AEA50
1BEAF0
1CEB90
1DEC20
1EECC0
1FDC80
20CC40
21BBF0
22ABB0
2389D0
2467F0
254600
262420
26EFC0
27BB60
288700
2952A0
2A0A40
2AC1E0
2B7980
2C3120
2CD2F0
2D74D0
2E16A0
2EB870
2F4460
2FD050
305C30
30E820
315DD0
31D380
324930
32BEE0
331D30
337B80
33D9C0
343810
347D90
34C310
350880
354E00
357B10
35A820
35D520
360230
3616F0
362BC0
364080
365540
3650F0
364CA0
364850
364400
362580
360710
35E890
35CA10
359270
355AD0
352330
34EB90
349B90
344B90
33FB80
33AB80
3342D0
32DA30
327180
3208D0
3186F0
310520
308340
300160
2F67D0
2ECE40
2E34B0
2D9B20
2CEB20
2C3B20
2B8B20
2ADB20
2A14F0
294EC0
288880
27C250
26E600
2609A0
252D50
2450F0
236060
226FC0
217F30
208E90
1F8B70
1E8840
1D8520
1C81F0
1B6D00
1A5810
194320
182E30
170820
15E210
14BBF0
1395E0
1260E0
112BE0
0FF6D0
0EC1D0
0D7FD0
0C3DD0
0AFBC0
09B9C0
086C20
071E70
05D0D0
048320
032B10
01D310
007B00
FF22F0
FDC2B0
FC6260
FB0220
F9A1E0
F83B70
F6D500
F56E90
F40820
F29D40
F13260
EFC780
EE5CA0
ECEF00
EB8160
EA13D0
E8A630
E737E0
E5C990
E45B40
E2ECF0
E17FE0
E012D0
DEA5C0
DD38B0
DBCEE0
DA6500
D8FB30
D79160
D62CE0
D4C860
D363E0
D1FF60
D0A1D0
CF4440
CDE6C0
CC8930
CB3430
C9DF30
C88A40
C73540
C5EAD0
C4A070
C35600
C20BA0
C0CDF0
BF9030
BE5280
BD14D0
BBE500
BAB540
B98570
B855B0
B73510
B61480
B4F3E0
B3D350
B2C3E0
B1B470
B0A500
AF9590
AE9980
AD9D70
ACA170
ABA560
AABD20
A9D4E0
A8ECA0
A80460
A73080
A65CB0
A588D0
A4B500
A3F730
A33960
A27BA0
A1BDD0
A11800
A07230
9FCC70
9F26A0
9E9880
9E0A60
9D7C40
9CEE20
9C7790
9C0100
9B8A80
9B13F0
9AB620
9A5850
99FA80
999CB0
995910
991570
98D1E0
988E40
9863C0
983940
980ED0
97E450
97D230
97C010
97AE00
979BE0
97A2A0
97A970
97B030
97B700
97D770
97F7E0
981860
9838D0
987150
98A9C0
98E240
991AC0
9969F0
99B930
9A0860
9A57A0
9ABD60
9B2330
9B88F0
9BEEC0
9C6B30
9CE7B0
9D6420
9DE0A0
9E71B0
9F02B0
9F93C0
A024D0
A0C8A0
A16C70
A21040
A2B410
A369E0
A41FA0
A4D570
A58B40
A65260
A71990
A7E0B0
A8A7E0
A97E00
AA5420
AB2A50
AC0070
ACE370
ADC670
AEA980
AF8C80
B07AF0
B16960
B257D0
B34640
B43EC0
B53730
B62FB0
B72830
B82870
B928B0
BA2900
BB2940
BC2F20
BD3510
BE3AF0
BF40E0
C04A90
C15440
C25E00
C367B0
C47350
C57EF0
C68AA0
C79640
C8A1C0
C9AD40
CAB8D0
CBC450
CCCDB0
CDD710
CEE080
CFE9E0
D0EF00
D1F420
D2F950
D3FE70
D4FD00
D5FB80
D6FA10
D7F8A0
D8EF20
D9E5A0
DADC30
DBD2B0
DCBFB0
DDACA0
DE99A0
DF86A0
E067F0
E14950
E22AA0
E30C00
E3DF50
E4B2A0
E58600
E65950
E71DD0
E7E260
E8A6E0
E96B70
EA2040
EAD520
EB89F0
EC3ED0
ECE200
ED8540
EE2870
EECBB0
EF5B00
EFEA60
F079B0
F10910
F184A0
F20040
F27BD0
F2F770
F35F20
F3C6D0
F42E90
F49640
F4E8B0
F53B10
F58D80
F5DFF0
F61B50
F656A0
F69200
F6CD60
F6F290
F717C0
F73D00
F76230
F771D0
F78160
F79100
F7A0A0
F799D0
F79300
F78C40
F78570
F76710
F748A0
F72A40
F70BE0
F6D7A0
F6A350
F66F10
F63AD0
F5F200
F5A920
F56050
F51780
F4BA10
F45CA0
F3FF40
F3A1D0
F32F60
F2BCF0
F24A90
F1D820
F15300
F0CDE0
F048D0
EFC3B0
EF2DD0
EE97E0
EE0200
ED6C20
ECC630
EC2040
EB7A50
EAD460
EA1EE0
E96970
E8B3F0
E7FE80
E73C10
E679B0
E5B740
E4F4E0
E427C0
E35AB0
E28D90
E1C080
E0EA20
E013C0
DF3D70
DE6710
DD88C0
DCAA80
DBCC30
DAEDF0
DA0A50
D926B0
D84320
D75F80
D678F0
D59260
D4ABE0
D3C550
D2DDD0
D1F660
D10EE0
D02770
CF4110
CE5AC0
CD7460
CC8E10
CBAB20
CAC820
C9E530
C90240
C824D0
C74760
C669F0
C58C80
C4B6F0
C3E150
C30BC0
C23630
C16AF0
C09FC0
BFD480
BF0950
BE4A10
BD8AD0
BCCB90
BC0C50
BB5AB0
BAA910
B9F770
B945D0
B8A430
B80290
B760F0
B6BF50
B63050
B5A160
B51260
B48370
B407E0
B38C50
B310D0
B29540
B22E10
B1C6E0
B15FB0
B0F880
B0A7B0
B056F0
B00620
AFB560
AF7D60
AF4570
AF0D70
AED580
AEB640
AE9700
AE77D0
AE5890
AE5230
AE4BD0
AE4580
AE3F20
AE5340
AE6770
AE7B90
AE8FC0
AEC070
AEF130
AF21E0
AF52A0
AF9EB0
AFEAC0
B036E0
B082F0
B0E990
B15030
B1B6E0
B21D80
B29F90
B321B0
B3A3C0
B425E0
B4C4C0
B56390
B60270
B6A150
B75AD0
B81450
B8CDD0
B98750
BA59C0
BB2C20
BBFE90
BCD100
BDBC50
BEA7A0
BF92F0
C07E40
C182C0
C28750
C38BD0
C49060
C5AB50
C6C640
C7E130
C8FC20
CA2B10
CB5A10
CC8900
CDB800
CEFA00
D03C00
D17E00
D2C000
D41450
D568A0
D6BCF0
D81140
D974C0
DAD830
DC3BB0
DD9F30
DF0F00
E07EE0
E1EEB0
E35E90
E4D8F0
E65360
E7CDC0
E94830
EACB80
EC4ED0
EDD230
EF5580
F0DE80
F26780
F3F080
F57980
F70540
F890F0
FA1CB0
FBA870
FD3470
FEC060
004C60
01D860
036220
04EBE0
067590
07FF50
0983F0
0B0890
0C8D30
0E11D0
0F8E90
110B50
128810
1404D0
1576D0
16E8E0
185AE0
19CCE0
1B3120
1C9560
1DF9A0
1F5DE0
20B220
220660
235AA0
24AEE0
25F0E0
2732F0
2874F0
29B6F0
2AE3D0
2C10A0
2D3D80
2E6A50
2F7EC0
309330
31A790
32BC00
33B6B0
34B160
35AC00
36A6B0
378620
386580
3944F0
3A2450
3AE5C0
3BA720
3C6890
3D29F0
3DCA20
3E6A50
3F0A80
3FAAB0
402990
40A870
412740
41A620
420320
426030
42BD30
431A30
435350
438C60
43C580
43FE90
441130
4423D0
443670
444910
443610
442300
441000
43FCF0
43C4C0
438C80
435450
431C10
42BD30
425E60
41FF80
41A0A0
411920
409190
400A10
3F8280
3ED490
3E2690
3D78A0
3CCAA0
3BF7F0
3B2530
3A5280
397FC0
3887E0
379000
369810
35A030
348220
336420
324610
312800
2FE720
2EA630
2D6550
2C2460
2AC360
296270
280170
26A070
252000
239F80
221F10
209E90
1EFE90
1D5EA0
1BBEA0
1A1EA0
1863B0
16A8C0
14EDD0
1332E0
1160A0
0F8E60
0DBC20
0BE9E0
0A0300
081C10
063530
044E40
0255B0
005D20
FE6480
FC6BF0
FA6440
F85C80
F654D0
F44D20
F238E0
F024B0
EE1070
EBFC40
E9DE60
E7C080
E5A2B0
E384D0
E16050
DF3BE0
DD1760
DAF2F0
D8CA10
D6A130
D47860
D24F80
D02630
CDFCD0
CBD380
C9AA30
C77E50
C55270
C326A0
C0FAC0
BEC5A0
BC9080
BA5B70
B82650
B5F9E0
B3CD70
B1A100
AF7490
AD5DF0
AB4740
A930A0
A71A00
A520D0
A327B0
A12E80
9F3560
9D6360
9B9170
99BF70
97ED80
9649B0
94A5D0
930200
915E30
8FEB50
8E7880
8D05A0
8B92D0
8A66F0
893B10
880F30
86E350
862210
8560E0
849FA0
83DE70
8361B0
82E4F0
826830
81EB70
819A20
8148D0
80F790
80A640
807CB0
805320
802990
800000
800000
800000
800000
800000
800000
800000
800000
800000
800240
800480
8006C0
800900
800B00
800D10
800F10
801120
8010A0
801010
800F90
800F10
800DB0
800C50
800B00
8009A0
800850
8006F0
8005A0
800450
800340
800220
800110
800000
800000
800000
800000
800000
800000
800000
800000
800000
800000
800000
800000
800000
800000
800000
800000
800000
80D650
81ACA0
8282F0
835940
848FF0
85C6A0
86FD50
883400
899C30
8B0450
8C6C80
8DD4B0
8F6F80
910A60
92A530
944010
960080
97C100
998170
9B41F0
9D23C0
9F0590
A0E760
A2C930
A4C7D0
A6C680
A8C520
AAC3D0
ACD2F0
AEE220
B0F140
B30070
B51000
B71F90
B92F20
BB3EB0
BD5550
BF6BE0
C18280
C39920
C5B900
C7D8E0
C9F8D0
CC18B0
CE3F00
D06550
D28BA0
D4B1F0
D6DDA0
D90950
DB3510
DD60C0
DF8E80
E1BC50
E3EA10
E617E0
E844A0
EA7160
EC9E20
EECAE0
F0F510
F31F30
F54960
F77390
F99A40
FBC100
FDE7B0
000E70
022CB0
044AE0
066920
088750
0A98F0
0CAA90
0EBC30
10CDD0
12CF10
14D060
16D1A0
18D2E0
1ABF30
1CAB80
1E97C0
208410
2259C0
242F70
260520
27DAD0
2997E0
2B54E0
2D11F0
2ECEF0
306FE0
3210D0
33B1B0
3552A0
36D3B0
3854B0
39D5C0
3B56C0
3CB6E0
3E16F0
3F7710
40D720
421500
4352F0
4490D0
45CEB0
46E750
47FFF0
491890
4A3130
4B20E0
4C10A0
4D0050
4DF000
4EB760
4F7ED0
504630
510D90
51ACD0
524C10
52EB50
538A90
53FF50
547410
54E8D0
555D90
55A4B0
55EBC0
5632E0
5679F0
569600
56B210
56CE10
56EA20
56DCF0
56CFD0
56C2A0
56B570
567E40
564720
560FF0
55D8C0
557650
5513D0
54B160
544EE0
53C480
533A10
52AFB0
522540
5175A0
50C600
501650
4F66B0
4E9270
4DBE30
4CE9E0
4C15A0
4B1CE0
4A2420
492B50
483290
471960
460030
44E700
43CDD0
4297B0
416190
402B60
3EF540
3DA400
3C52C0
3B0180
39B040
384580
36DAB0
356FF0
340520
328510
310510
2F8500
2E04F0
2C7370
2AE1F0
295070
27BEF0
261EF0
247F00
22DF00
213F00
1F9390
1DE810
1C3CA0
1A9120
18DDE0
172A90
157750
13C400
120C70
1054F0
0E9D60
0CE5D0
0B2D80
097520
07BCD0
060470
044EE0
029960
00E3D0
FF2E40
FD7EB0
FBCF10
FA1F80
F86FF0
F6C970
F522E0
F37C60
F1D5E0
F03C20
EEA260
ED08B0
EB6EF0
E9E600
E85D10
E6D420
E54B30
E3D530
E25F30
E0E930
DF7330
DE1260
DCB1A0
DB50D0
D9F010
D8A810
D76000
D61800
D4D000
D3A4D0
D279A0
D14E70
D02340
CF15B0
CE0820
CCFAA0
CBED10
CAFE50
CA0FA0
C920E0
C83230
C76540
C69850
C5CB70
C4FE80
C456E0
C3AF40
C307A0
C26000
C1DD40
C15A80
C0D7C0
C05500
BFF720
BF9950
BF3B70
BEDDA0
BEA6E0
BE7010
BE3950
BE0290
BDF5A0
BDE8B0
BDDBC0
BDCED0
BDE9E0
BE04F0
BE2010
BE3B20
BE7D00
BEBEE0
BF00C0
BF42A0
BFAC50
C015F0
C07FA0
C0E950
C17C40
C20F40
C2A230
C33530
C3EEB0
C4A830
C561B0
C61B30
C6F900
C7D6D0
C8B4B0
C99280
CA9480
CB9680
CC9880
CD9A80
CEC100
CFE790
D10E10
D234A0
D37C00
D4C350
D60AB0
D75210
D8B720
DA1C40
DB8150
DCE670
DE67E0
DFE950
E16AD0
E2EC40
E48910
E625D0
E7C2A0
E95F70
EB1380
ECC790
EE7BA0
F02FB0
F1F770
F3BF20
F586E0
F74EA0
F927A0
FB00A0
FCD9A0
FEB2A0
009AA0
0282B0
046AB0
0652B0
0845B0
0A38B0
0C2BA0
0E1EA0
1018E0
121310
140D50
160780
1805C0
1A0400
1C0230
1E0070
1FFF60
21FE50
23FD40
25FC30
27F850
29F480
2BF0A0
2DECC0
2FE2B0
31D8B0
33CEA0
35C490
37B0C0
399CE0
3B8910
3D7530
3F53B0
413230
4310A0
44EF20
46BD40
488B60
4A5970
4C2790
4DE290
4F9D90
515890
531390
54B7C0
565BF0
580020
59A450
5B2D90
5CB6E0
5E4020
5FC960
613630
62A310
640FE0
657CB0
66CB50
681A00
6968A0
6AB740
6BE460
6D1180
6E3E90
6F6BB0
707370
717B40
728300
738AC0
746CF0
754F20
763140
771370
77CF60
788B60
794750
7A0340
7A9660
7B2980
7BBCA0
7C4FC0
7CB6E0
7D1E10
7D8530
7DEC50
7E2880
7E64C0
7EA0F0
7EDD20
7EEEF0
7F00C0
7F1280
7F2450
7F0A10
7EEFD0
7ED580
7EBB40
7E72C0
7E2A40
7DE1B0
7D9930
7D24B0
7CB020
7C3BA0
7BC710
7B2840
7A8960
79EA90
794BB0
788210
77B860
76EEC0
762510
752FA0
743A30
7344C0
724F50
713150
701340
6EF540
6DD730
6C9340
6B4F40
6A0B50
68C750
675E20
65F4F0
648BB0
632280
619470
600660
5E7850
5CEA40
5B3B20
598BF0
57DCD0
562DA0
5460B0
5293C0
50C6D0
4EF9E0
4D1100
4B2820
493F30
475650
455320
434FF0
414CC0
3F4990
3D3000
3B1670
38FCE0
36E350
34B700
328AA0
305E50
2E31F0
2BF590
29B930
277CC0
254060
22F690
20ACD0
1E6300
1C1930
19C5C0
177260
151EF0
12CB80
1071F0
0E1870
0BBEE0
096550
070910
04ACD0
025080
FFF440
FD98F0
FB3D90
F8E240
F686F0
F42F60
F1D7E0
EF8050
ED28D0
EAD800
E88730
E63660
E3E590
E19F00
DF5870
DD11F0
DACB60
D89300
D65A90
D42230
D1E9D0
CFC180
CD9940
CB70F0
C948B0
C732D0
C51CF0
C30710
C0F130
BEF0B0
BCF020
BAEFA0
B8EF20
B70700
B51EE0
B336D0
B14EB0
AF8120
ADB380
ABE5F0
AA1860
A86760
A6B660
A50560
A35460
A1C330
A03200
9EA0E0
9D0FB0
9BA230
9A34B0
98C740
9759C0
961010
94C660
937CC0
923310
910D70
8FE7D0
8EC240
8D9CA0
8C9E90
8BA070
8AA260
89A450
88D2B0
880100
872F60
865DC0
85B470
850B10
8461C0
83B870
8330F0
82A970
8221F0
819A70
8140B0
80E6F0
808D40
803380
8026A0
8019C0
800CE0
800000
800000
800000
800000
800000
800000
800000
800000
800000
800000
800000
800000
800000
8044F0
8089D0
80CEC0
8113B0
817C40
81E4E0
824D70
82B610
8336F0
83B7E0
8438C0
84B9B0
855630
85F2B0
868F30
872BB0
87E430
889CA0
895520
8A0DA0
8ADF70
8BB130
8C8300
8D54D0
8E3D70
8F2610
900EC0
90F760
91F6B0
92F600
93F560
94F4B0
960B90
972270
983950
995030
9A7920
9BA210
9CCB10
9DF400
9F2AC0
A06180
A19840
A2CF00
A410D0
A552B0
A69480
A7D660
A92030
AA6A00
ABB3E0
ACFDB0
AE4C70
AF9B20
B0E9E0
B238A0
B38950
B4DA10
B62AC0
B77B80
B8CA80
BA1980
BB6890
BCB790
BE00A0
BF49C0
C092D0
C1DBF0
C31DE0
C45FD0
C5A1D0
C6E3C0
C81CF0
C95620
CA8F60
CBC890
CCF600
CE2370
CF50F0
D07E60
D19CE0
D2BB50
D3D9D0
D4F850
D60700
D715A0
D82450
D93300
DA30C0
DB2E80
DC2C40
DD2A00
DE1450
DEFEA0
DFE8F0
E0D340
E1A730
E27B10
E34F00
E422F0
E4E0C0
E59E90
E65C70
E71A40
E7C1E0
E86980
E91120
E9B8C0
EA4850
EAD7E0
EB6780
EBF710
EC6C40
ECE170
ED56A0
EDCBD0
EE2800
EE8430
EEE070
EF3CA0
EF80C0
EFC4F0
F00910
F04D40
F07880
F0A3C0
F0CF00
F0FA40
F10B40
F11C50
F12D50
F13E60
F13760
F13050
F12950
F12250
F10500
F0E7A0
F0CA50
F0AD00
F07960
F045C0
F01230
EFDE90
EF9450
EF4A10
EEFFD0
EEB590
EE5790
EDF990
ED9BA0
ED3DA0
ECCE50
EC5EF0
EBEFA0
EB8050
EB00F0
EA8180
EA0220
E982C0
E8F490
E86650
E7D820
E749F0
E6AF50
E614C0
E57A20
E4DF90
E43AD0
E39620
E2F160
E24CB0
E19F70
E0F230
E044F0
DF97B0
DEE330
DE2EC0
DD7A40
DCC5D0
DC0D30
DB5480
DA9BE0
D9E340
D92940
D86F40
D7B540
D6FB40
D64200
D588B0
D4CF70
D41630
D35FB0
D2A930
D1F2B0
D13C30
D08B80
CFDAD0
CF2A20
CE7970
CDD150
CD2930
CC8120
CBD900
CB3C40
CA9F80
CA02C0
C96600
C8D7B0
C84960
C7BB20
C72CD0
C6AEE0
C63100
C5B310
C53530
C4C9F0
C45EB0
C3F380
C38840
C331D0
C2DB70
C28500
C22EA0
C1EED0
C1AF00
C16F30
C12F60
C10990
C0E3B0
C0BDE0
C09810
C08F00
C085E0
C07CD0
C073C0
C08B00
C0A240
C0B990
C0D0D0
C10D10
C14960
C185A0
C1C1F0
C222E0
C283D0
C2E4C0
C345B0
C3CB60
C45110
C4D6D0
C55C80
C60A40
C6B800
C765C0
C81380
C8EDA0
C9C7D0
CAA1F0
CB7C20
CC7F70
CD82D0
CE8620
CF8980
D0B3D0
D1DE20
D30880
D432D0
D58580
D6D830
D82AF0
D97DA0
DAFAF0
DC7830
DDF580
DF72D0
E11600
E2B940
E45C70
E5FFB0
E7C4B0
E989C0
EB4EC0
ED13D0
EEFB30
F0E290
F2C9F0
F4B150
F6BD40
F8C930
FAD520
FCE110
FF0840
012F80
0356B0
057DE0
07B920
09F470
0C2FB0
0E6AF0
10B610
130140
154C60
179780
19EDA0
1C43C0
1E99E0
20F000
234BF0
25A7E0
2803D0
2A5FC0
2CBBA0
2F1780
317360
33CF40
362860
388180
3ADA90
3D33B0
3F89B0
41DFA0
4435A0
468B90
48D190
4B1790
4D5D80
4FA380
51CF30
53FAD0
562680
585220
5A5B90
5C64F0
5E6E60
6077C0
6255A0
643390
661170
67EF50
699B50
6B4750
6CF350
6E9F50
701730
718F10
7306E0
747EC0
75ACF0
76DB10
780940
793760
79F880
7AB9A0
7B7AB0
7C3BD0
7CB6F0
7D3200
7DAD20
7E2830
7E76F0
7EC5B0
7F1460
7F6320
7F8A50
7FB190
7FD8C0
7FFFF0
7FFFF0
7FFFF0
7FFFF0
7FFFF0
7FFFF0
7FFFF0
7FFFF0
7FFFF0
7FFEC0
7FFD90
7FFC50
7FFB20
7FFA10
7FF8F0
7FF7E0
7FF6C0
7FF710
7FF750
7FF7A0
7FF7E0
7FF8A0
7FF950
7FFA10
7FFAC0
7FFB80
7FFC30
7FFCF0
7FFDA0
7FFE30
7FFED0
7FFF60
7FFFF0
7FFFF0
7FFFF0
7FFFF0
7FFFF0
7FFFF0
7FFFF0
7FFFF0
7FFFF0
7FFFF0
7FFFF0
7FFFF0
7FFFF0
7FFFF0
7FFFF0
7FFFF0
7FFFF0
7FE120
7FC250
7FA380
7F84B0
7F5310
7F2180
7EEFE0
7EBE40
7E7C70
7E3A90
7DF8C0
7DB6E0
7D6260
7D0DD0
7CB950
7C64C0
7BFCF0
7B9530
7B2D60
7AC590
7A4760
79C930
794B00
78CCD0
7835A0
779E60
770730
766FF0
75BDA0
750B50
745900
73A6B0
72D6F0
720740
713780
7067C0
6F78B0
6E89A0
6D9A80
6CAB70
6B9B60
6A8B50
697B40
686B30
673700
6602C0
64CE90
639A50
623DB0
60E120
5F8480
5E27E0
5CA470
5B20F0
599D80
581A00
567130
54C860
531F80
5176B0
4FA470
4DD230
4BFFF0
4A2DB0
482B40
4628D0
442660
4223F0
3FFAF0
3DD1F0
3BA8E0
397FE0
373720
34EE60
32A590
305CD0
2DF5E0
2B8EF0
2927F0
26C100
243DA0
21BA30
1F36D0
1CB360
1A19E0
178070
14E6F0
124D70
0FA400
0CFA90
0A5110
07A7A0
04F0D0
023A00
FF8320
FCCC50
FA0940
F74640
F48330
F1C030
EEFB60
EC3690
E971D0
E6AD00
E3EF10
E13120
DE7330
DBB540
D904D0
D65460
D3A3F0
D0F380
CE5820
CBBCB0
C92150
C685F0
C40590
C18540
BF04E0
BC8490
BA2400
B7C380
B562F0
B30270
B0CD10
AE97B0
AC6250
AA2CF0
A83290
A63830
A43DD0
A24370
A07B30
9EB2F0
9CEAC0
9B2280
9988D0
97EF10
965560
94BBB0
935080
91E550
907A30
8F0F00
8DCEE0
8C8EB0
8B4E90
8A0E70
890040
87F200
86E3D0
85D5A0
84F600
841670
8336D0
825740
81C170
812BA0
8095D0
800000
800000
800000
800000
800000
800000
800000
800000
800000
800000
800000
800000
800000
800000
800000
800000
800000
800000
800000
800000
800000
801040
802080
8030D0
804110
807310
80A510
80D720
810920
817460
81DFB0
824AF0
82B640
838470
8452B0
8520E0
85EF20
86FB60
8807B0
8913F0
8A2040
8B5570
8C8A90
8DBFC0
8EF4F0
904D80
91A620
92FEB0
945750
95C600
9734C0
98A370
9A1230
9B9970
9D20A0
9EA7E0
A02F20
A1CE90
A36E00
A50D80
A6ACF0
A85F50
AA11B0
ABC410
AD7670
AF3680
B0F690
B2B6B0
B476C0
B643E0
B81100
B9DE20
BBAB40
BD83E0
BF5C90
C13530
C30DE0
C4EF50
C6D0B0
C8B220
CA9390
CC7B10
CE62A0
D04A20
D231B0
D41D60
D60920
D7F4D0
D9E090
DBCE60
DDBC40
DFAA10
E197F0
E385B0
E57380
E76140
E94F10
EB3AA0
ED2630
EF11D0
F0FD60
F2E470
F4CB80
F6B2A0
F899B0
FA7A20
FC5A80
FE3AF0
001B60
01F280
03C990
05A0B0
0777C0
094260
0B0CF0
0CD790
0EA220
105F80
121CE0
13DA40
1597A0
1746C0
18F5F0
1AA510
1C5430
1DF2D0
1F9170
213010
22CEB0
245A20
25E5A0
277110
28FC80
2A74D0
2BED30
2D6580
2EDDD0
3042C0
31A7B0
330C90
347180
35C160
371140
386110
39B0F0
3AE9D0
3C22A0
3D5B80
3E9450
3FB6E0
40D970
41FBF0
431E80
442B20
4537C0
464450
4750F0
4846A0
493C60
4A3210
4B27C0
4C0530
4CE2B0
4DC020
4E9D90
4F6430
502AE0
50F180
51B820
526900
5319E0
53CAB0
547B90
551680
55B180
564C70
56E760
576C20
57F0E0
587590
58FA50
596A70
59DA80
5A4AA0
5ABAB0
5B1770
5B7430
5BD0E0
5C2DA0
5C7790
5CC190
5D0B80
5D5570
5D8D10
5DC4C0
5DFC60
5E3400
5E5AE0
5E81B0
5EA890
5ECF60
5EE6C0
5EFE20
5F1570
5F2CD0
5F35B0
5F3E90
5F4770
5F5050
5F4BC0
5F4720
5F4290
5F3DF0
5F2D30
5F1C70
5F0BA0
5EFAE0
5EDF20
5EC360
5EA7A0
5E8BE0
5E6670
5E4110
5E1BA0
5DF630
5DC880
5D9AE0
5D6D30
5D3F80
5D0A60
5CD540
5CA010
5C6AF0
5C2F30
5BF370
5BB7B0
5B7BF0
5B3AE0
5AF9C0
5AB8B0
5A7790
5A32A0
59EDA0
59A8B0
5963B0
591B30
58D2B0
588A20
5841A0
57F600
57AA60
575EB0
571310
56C570
5677D0
562A30
55DC90
558E50
554010
54F1C0
54A380
545450
540520
53B5F0
5366C0
5316A0
52C680
527650
522630
51D5D0
518570
513510
50E4B0
509510
504560
4FF5C0
4FA610
4F5680
4F06F0
4EB750
4E67C0
4E17D0
4DC7E0
4D77E0
4D27F0
4CD7F0
4C87F0
4C37E0
4BE7E0
4B9850
4B48C0
4AF930
4AA9A0
4A5990
4A0980
49B960
496950
4917F0
48C690
487530
4823D0
47D100
477E30
472B60
46D890
468430
462FE0
45DB80
458720
453040
44D960
448280
442BA0
43D160
437730
431CF0
42C2B0
426490
420670
41A850
414A30
40E7A0
408500
402270
3FBFD0
3F5800
3EF030
3E8850
3E2080
3DB2B0
3D44F0
3CD720
3C6950
3BF4C0
3B8040
3B0BB0
3A9720
3A1AF0
399EC0
392290
38A660
382230
379DF0
3719C0
369580
3608D0
357C30
34EF80
3462D0
33CCD0
3336E0
32A0E0
320AE0
316A80
30CA30
3029D0
2F8970
2EDEF0
2E3470
2D89E0
2CDF60
2C2AC0
2B7620
2AC180
2A0CE0
294D80
288E20
27CEC0
270F60
264450
257950
24AE40
23E330
230D40
223750
216160
208B70
1FAB30
1ECAF0
1DEAA0
1D0A60
1C1F70
1B3490
1A49A0
195EB0
186880
177240
167C10
1585D0
1485C0
1385A0
128590
118570
107CB0
0F73E0
0E6B20
0D6250
0C5100
0B3FC0
0A2E70
091D20
080340
06E970
05CF90
04B5B0
039520
027480
0153F0
003350
FF0D90
FDE7D0
FCC220
FB9C60
FA7230
F94800
F81DE0
F6F3B0
F5C590
F49760
F36940
F23B20
F10B30
EFDB50
EEAB60
ED7B80
EC4BD0
EB1C10
E9EC60
E8BCB0
E78E70
E66040
E53200
E403D0
E2D850
E1ACD0
E08150
DF55D0
DE2F20
DD0870
DBE1D0
DABB20
D99B40
D87B60
D75B80
D63BA0
D52440
D40CE0
D2F580
D1DE20
D0D100
CFC3E0
CEB6C0
CDA9A0
CCA8A0
CBA790
CAA690
C9A590
C8B270
C7BF50
C6CC30
C5D910
C4F5D0
C41290
C32F50
C24C10
C17AD0
C0A9A0
BFD860
BF0730
BE4940
BD8B50
BCCD60
BC0F70
BB6610
BABCC0
BA1360
B96A10
B8D740
B84480
B7B1B0
B71EF0
B6A500
B62B10
B5B120
B53730
B4D690
B475F0
B41560
B3B4C0
B36E10
B32770
B2E0C0
B29A20
B26F20
B24430
B21930
B1EE40
B1E110
B1D3F0
B1C6C0
B1B9A0
B1C9D0
B1D9F0
B1EA20
B1FA50
B227A0
B254F0
B28250
B2AFA0
B2FB60
B34720
B392E0
B3DEA0
B44A70
B4B650
B52220
B58E00
B61870
B6A2F0
B72D60
B7B7E0
B85FE0
B907F0
B9AFF0
BA5800
BB1E10
BBE430
BCAA40
BD7060
BE5570
BF3A70
C01F80
C10490
C20650
C30810
C409D0
C50B90
C62820
C744B0
C86150
C97DE0
CAB4F0
CBEC10
CD2320
CE5A40
CFABF0
D0FD90
D24F40
D3A0F0
D50A30
D67380
D7DCC0
D94610
DAC460
DC42B0
DDC100
DF3F50
E0D170
E26390
E3F5C0
E587E0
E72CD0
E8D1D0
EA76C0
EC1BC0
EDD040
EF84D0
F13950
F2EDE0
F4AF10
F67030
F83160
F9F290
FBBE60
FD8A40
FF5610
0121F0
02F6A0
04CB40
069FF0
087490
0A4EB0
0C28D0
0E02F0
0FDD10
11B990
139610
157290
174F10
192B50
1B0790
1CE3C0
1EC000
209940
227270
244BB0
2624E0
27F840
29CB90
2B9EF0
2D7240
2F3CF0
3107A0
32D240
349CF0
365BF0
381B00
39DA00
3B9900
3D4920
3EF940
40A960
425980
43F890
4597B0
4736C0
48D5D0
4A61A0
4BED60
4D7930
4F04F0
507A60
51EFD0
536540
54DAB0
563660
579200
58EDB0
5A4950
5B8A10
5CCAD0
5E0B90
5F4C50
6070D0
619540
62B9C0
63DE30
64E3A0
65E920
66EE90
67F400
68D750
69BAA0
6A9DE0
6B8130
6C4240
6D0350
6DC460
6E8570
6F23E0
6FC250
7060C0
70FF30
7178E0
71F290
726C30
72E5E0
733820
738A60
73DC90
742ED0
745AD0
7486D0
74B2C0
74DEC0
74E540
74EBB0
74F230
74F8A0
74D850
74B800
7497B0
747760
742E70
73E580
739C90
7353A0
72E470
727540
720600
7196D0
710330
706F90
6FDBE0
6F4840
6E9000
6DD7B0
6D1F70
6C6720
6B89A0
6AAC10
69CE90
68F100
67F160
66F1D0
65F230
64F290
63D380
62B470
619560
607650
5F38C0
5DFB30
5CBDA0
5B8010
5A2490
58C920
576DA0
561220
549C60
5326A0
51B0E0
503B20
4EAE60
4D21A0
4B94D0
4A0810
486630
46C450
452270
438090
41CB50
401620
3E60E0
3CABA0
3AE6D0
392210
375D40
359870
33C790
31F6C0
3025E0
2E5500
2C7AE0
2AA0B0
28C690
26EC60
250BC0
232B30
214A90
1F69F0
1D8640
1BA2A0
19BEF0
17DB40
15F7C0
141450
1230D0
104D50
0E6D40
0C8D30
0AAD20
08CD10
06F3D0
051A90
034140
016800
FF9860
FDC8D0
FBF930
FA29A0
F86680
F6A370
F4E050
F31D40
F16A10
EFB6E0
EE03C0
EC5090
EAB100
E91160
E771D0
E5D240
E44840
E2BE50
E13450
DFAA60
DE3820
DCC5E0
DB53B0
D9E170
D88A40
D73310
D5DBE0
D484B0
D34C50
D213F0
D0DB90
CFA330
CE8A60
CD7180
CC58B0
CB3FE0
CA47C0
C94F90
C85770
C75F50
C68A70
C5B5A0
C4E0C0
C40BF0
C35D60
C2AED0
C20050
C151C0
C0C980
C04150
BFB910
BF30E0
BECF40
BE6DA0
BE0C10
BDAA70
BD71A0
BD38D0
BD0000
BCC730
BCBA10
BCACE0
BC9FC0
BC92A0
BCAF60
BCCC30
BCE8F0
BD05C0
BD4B40
BD90D0
BDD650
BE1BE0
BE8B60
BEFAD0
BF6A50
BFD9D0
C07510
C11040
C1AB80
C246C0
C30AB0
C3CE90
C49280
C55670
C640A0
C72AE0
C81510
C8FF50
CA0FB0
CB2010
CC3070
CD40D0
CE77A0
CFAE70
D0E550
D21C20
D375A0
D4CF10
D62890
D78210
D8FAD0
DA7390
DBEC60
DD6520
DEFC20
E09310
E22A10
E3C110
E575D0
E72A90
E8DF50
EA9410
EC6140
EE2E70
EFFBA0
F1C8D0
F3A9F0
F58B10
F76C40
F94D60
FB3F80
FD31B0
FF23D0
011600
031620
051640
071660
091680
0B2060
0D2A30
0F3410
113DE0
134D70
155D10
176CA0
197C30
1B8DA0
1D9F10
1FB080
21C1F0
23D120
25E050
27EF80
29FEB0
2C0860
2E1200
301BB0
322550
342630
362700
3827E0
3A28B0
3C1CB0
3E10A0
4004A0
41F890
43DB30
45BDD0
47A060
498300
4B5220
4D2150
4EF070
50BF90
527920
5432A0
55EC30
57A5B0
594540
5AE4D0
5C8450
5E23E0
5FA400
612420
62A440
642460
658630
66E800
6849C0
69AB90
6AEE20
6C30C0
6D7350
6EB5E0
6FD9B0
70FD90
722160
734530
744D60
755580
765DB0
7765D0
784980
792D40
7A10F0
7AF4A0
7BB4D0
7C74F0
7D3520
7DF540
7E77F0
7EFAA0
7F7D40
7FFFF0
7FFFF0
7FFFF0
7FFFF0
7FFFF0
7FFFF0
7FFFF0
7FFFF0
7FFFF0
7FFFF0
7FFFF0
7FFFF0
7FFFF0
7FFFF0
7FFFF0
7FFFF0
7FFFF0
7FFFF0
7FFFF0
7FFFF0
7FFFF0
7FFFF0
7FFFF0
7FFFF0
7FFFF0
7FFFF0
7FFFF0
7FFFF0
7FFFF0
7FFFF0
7FFFF0
7FFFF0
7FFFF0
7F9210
7F2430
7EB650
7E4870
7DA760
7D0640
7C6530
7BC410
7B05C0
7A4770
798910
78CAC0
77EF70
771420
7638D0
755D80
746E70
737F70
729060
71A150
7099A0
6F9200
6E8A50
6D82A0
6C6060
6B3E10
6A1BD0
68F980
67BD20
6680B0
654450
6407E0
62B020
615860
600090
5EA8D0
5D38D0
5BC8D0
5A58C0
58E8C0
5762E0
55DD10
545730
52D150
513690
4F9BD0
4E0100
4C6640
4AB790
4908D0
475A20
45AB60
43EB10
422AD0
406A80
3EAA30
3CDAA0
3B0B10
393B70
376BE0
358E40
33B0A0
31D300
2FF560
2E0A90
2C1FC0
2A34E0
284A10
265590
246110
226C90
207810
1E7CF0
1C81D0
1A86B0
188B90
168C20
148CC0
128D50
108DE0
0E8CA0
0C8B50
0A8A10
0888C0
068850
0487D0
028760
0086E0
FE89D0
FC8CB0
FA8FA0
F89290
F69B80
F4A470
F2AD70
F0B660
EEC820
ECD9E0
EAEBA0
E8FD60
E71A30
E53710
E353E0
E170C0
DF9AF0
DDC510
DBEF40
DA1970
D853D0
D68E40
D4C8A0
D30310
D150E0
CF9EC0
CDEC90
CC3A70
CA9CF0
C8FF70
C761F0
C5C470
C43CE0
C2B540
C12DB0
BFA620
BE3770
BCC8D0
BB5A20
B9EB80
B89990
B747A0
B5F5C0
B4A3D0
B36D80
B23730
B100F0
AFCAA0
AEAF90
AD9470
AC7960
AB5E50
AA6010
A961C0
A86380
A76540
A685A0
A5A5F0
A4C650
A3E6B0
A32490
A26260
A1A040
A0DE20
A038C0
9F9360
9EEE10
9E48B0
9DC0D0
9D38F0
9CB110
9C2930
9BBFE0
9B5690
9AED40
9A83F0
9A3760
99EAC0
999E30
9951A0
992060
98EF10
98BDD0
988C90
987660
986040
984A10
9833F0
9838E0
983DD0
9842D0
9847C0
9865D0
9883F0
98A200
98C020
98F5C0
992B70
996110
9996C0
99E2D0
9A2EF0
9A7B00
9AC720
9B2870
9B89B0
9BEB00
9C4C50
9CC1A0
9D36E0
9DAC30
9E2180
9EA990
9F3190
9FB9A0
A041B0
A0DB50
A174E0
A20E80
A2A820
A35230
A3FC30
A4A640
A55050
A60970
A6C280
A77BA0
A834C0
A8FBA0
A9C270
AA8950
AB5030
AC2370
ACF6A0
ADC9E0
AE9D20
AF7B40
B05950
B13770
B21590
B2FDA0
B3E5A0
B4CDB0
B5B5C0
B6A6C0
B797B0
B888B0
B979B0
BA7240
BB6AD0
BC6360
BD5BF0
BE5AA0
BF5950
C05800
C156B0
C25AE0
C35F00
C46330
C56760
C67050
C77940
C88230
C98B20
CA97A0
CBA430
CCB0B0
CDBD40
CECC20
CFDB00
D0E9F0
D1F8D0
D309A0
D41A70
D52B40
D63C10
D74E50
D86080
D972C0
DA8500
DB97A0
DCAA50
DDBCF0
DECFA0
DFE180
E0F370
E20550
E31740
E42860
E53980
E64AB0
E75BD0
E86C00
E97C30
EA8C60
EB9C90
ECAB10
EDB9A0
EEC820
EFD6B0
F0E2C0
F1EEE0
F2FAF0
F40710
F510D0
F61A90
F72460
F82E20
F93580
FA3CE0
FB4450
FC4BB0
FD5040
FE54E0
FF5970
005E10
015F50
026090
0361D0
046310
056140
065F60
075D90
085BB0
0956F0
0A5220
0B4D60
0C4890
0D40B0
0E38D0
0F30E0
102900
111DC0
121290
130750
13FC10
14EDC0
15DF70
16D110
17C2C0
18B190
19A050
1A8F20
1B7DE0
1C69D0
1D55B0
1E41A0
1F2D80
201690
20FFA0
21E8B0
22D1C0
23B820
249E80
2584E0
266B40
274F10
2832E0
2916B0
29FA80
2ADBF0
2BBD60
2C9ED0
2D8040
2E5F90
2F3EE0
301E30
30FD80
31DA90
32B7A0
3394A0
3471B0
354C60
362720
3701D0
37DC80
38B4F0
398D70
3A65E0
3B3E50
3C14C0
3CEB20
3DC190
3E97F0
3F6C00
404010
411420
41E830
42B9B0
438B30
445CB0
452E30
45FD30
46CC30
479B30
486A30
4936D0
4A0370
4AD000
4B9CA0
4C6660
4D3020
4DF9E0
4EC3A0
4F8A10
505090
511700
51DD70
52A080
536390
5426A0
54E9B0
55A950
5668F0
572890
57E830
58A3C0
595F60
5A1AF0
5AD680
5B8D80
5C4470
5CFB70
5DB260
5E6480
5F1690
5FC8B0
607AC0
6127C0
61D4B0
6281B0
632EA0
63D5D0
647CF0
652420
65CB40
666C00
670CC0
67AD70
684E30
68E810
6981F0
6A1BD0
6AB5B0
6B4840
6BDAE0
6C6D70
6D0000
6D8AA0
6E1540
6E9FE0
6F2A80
6FAC90
702EA0
70B0B0
7132C0
71ABA0
722490
729D70
731650
738570
73F490
7463A0
74D2C0
7537A0
759C70
760150
766620
76C040
771A50
777470
77CE80
781D40
786C00
78BAB0
790970
794C30
798EE0
79D1A0
7A1450
7A4AB0
7A8110
7AB770
7AEDD0
7B1790
7B4150
7B6B00
7B94C0
7BB130
7BCDB0
7BEA20
7C0690
7C1500
7C2360
7C31D0
7C4030
7C40B0
7C4120
7C41A0
7C4210
7C34A0
7C2730
7C19B0
7C0C40
7BF070
7BD4B0
7BB8E0
7B9D10
7B7260
7B47B0
7B1D00
7AF250
7AB910
7A7FD0
7A4680
7A0D40
79C5B0
797E10
793680
78EEE0
7898B0
784280
77EC50
779620
7730E0
76CBB0
766670
760130
758DA0
751A20
74A690
743300
73B1B0
733070
72AF20
722DD0
719ED0
710FE0
7080E0
6FF1E0
6F5530
6EB870
6E1BC0
6D7F00
6CD570
6C2BD0
6B8240
6AD8A0
6A22E0
696D30
68B770
6801B0
674020
667E90
65BD00
64FB70
642E30
636100
6293C0
61C680
60EEB0
6016E0
5F3F10
5E6740
5D85E0
5CA470
5BC310
5AE1A0
59F740
590CE0
582270
573810
564540
555270
545FA0
536CD0
5272A0
517880
507E50
4F8420
4E8390
4D8300
4C8270
4B81E0
4A7BC0
4975A0
486F70
476950
465E60
455370
444880
433D90
422EE0
412030
401170
3F02C0
3DF140
3CDFC0
3BCE30
3ABCB0
39A950
3895F0
378290
366F30
355B00
3446D0
333290
321E60
310A20
2FF5F0
2EE1B0
2DCD70
2CB9F0
2BA680
2A9300
297F80
286DD0
275C10
264A60
2538A0
2429C0
231AE0
220BF0
20FD10
1FF190
1EE610
1DDA90
1CCF10
1BC780
1AC000
19B870
18B0E0
17AE40
16ABA0
15A8F0
14A650
13A9A0
12ACF0
11B040
10B390
0FBD10
0EC690
0DD010
0CD990
0BE990
0AF990
0A0990
091990
0830D0
074820
065F60
0576A0
049610
03B590
02D500
01F470
011C00
004390
FF6B10
FE92A0
FDC250
FCF200
FC21C0
FB5170
FA89D0
F9C230
F8FAA0
F83300
F774C0
F6B680
F5F850
F53A10
F484D0
F3CFA0
F31A60
F26530
F1B8C0
F10C50
F05FE0
EFB370
EF1010
EE6CB0
EDC960
ED2600
EC8C10
EBF230
EB5840
EABE60
EA2D60
E99C50
E90B50
E87A50
E7F1B0
E76920
E6E080
E657F0
E5D7C0
E55790
E4D770
E45740
E3DF90
E367E0
E2F040
E27890
E208B0
E198C0
E128E0
E0B900
E05050
DFE7A0
DF7F00
DF1650
DEB490
DE52D0
DDF120
DD8F60
DD3460
DCD960
DC7E60
DC2360
DBCE60
DB7950
DB2450
DACF50
DA7FA0
DA2FF0
D9E050
D990A0
D945D0
D8FB00
D8B040
D86570
D81F00
D7D8A0
D79230
D74BD0
D70920
D6C680
D683D0
D64130
D601B0
D5C220
D582A0
D54320
D50620
D4C930
D48C30
D44F40
D41430
D3D910
D39E00
D362F0
D32940
D2EF90
D2B5F0
D27C40
D24380
D20AC0
D1D200
D19940
D160D0
D12850
D0EFE0
D0B770
D07E90
D045A0
D00CC0
CFD3E0
CF9A50
CF60C0
CF2730
CEEDA0
CEB310
CE7880
CE3DF0
CE0360
CDC740
CD8B10
CD4EF0
CD12D0
CCD470
CC9600
CC57A0
CC1940
CBD890
CB97F0
CB5740
CB16A0
CAD390
CA9080
CA4D80
CA0A70
C9C490
C97EA0
C938C0
C8F2E0
C8A990
C86030
C816E0
C7CD90
C78110
C73480
C6E800
C69B80
C64BF0
C5FC50
C5ACC0
C55D30
C50A40
C4B760
C46470
C41190
C3BAF0
C36460
C30DC0
C2B730
C25D50
C20360
C1A980
C14FA0
C0F2C0
C095E0
C03910
BFDC30
BF7C50
BF1C60
BEBC80
BE5CA0
BDF980
BD9670
BD3350
BCD040
BC6A90
BC04E0
BB9F30
BB3980
BAD1B0
BA69E0
BA0210
B99A40
B93080
B8C6B0
B85CF0
B7F330
B787A0
B71C00
B6B070
B644E0
B5D810
B56B50
B4FE80
B491C0
B42450
B3B6E0
B34970
B2DC00
B26E30
B20070
B192A0
B124E0
B0B710
B04930
AFDB60
AF6D90
AF0050
AE9320
AE25E0
ADB8B0
AD4CB0
ACE0A0
AC74A0
AC08A0
AB9E50
AB3400
AAC9C0
AA5F70
A9F760
A98F60
A92750
A8BF50
A85A00
A7F4C0
A78F70
A72A30
A6C820
A66610
A60410
A5A200
A543B0
A4E560
A48720
A428D0
A3CED0
A374D0
A31AD0
A2C0D0
A26B90
A21650
A1C110
A16BD0
A11BC0
A0CBA0
A07B90
A02B80
9FE130
9F96E0
9F4C90
9F0240
9EBE60
9E7A80
9E36A0
9DF2C0
9DB580
9D7830
9D3AF0
9CFDB0
9CC740
9C90D0
9C5A60
9C23F0
9BF4D0
9BC5A0
9B9680
9B6760
9B4010
9B18B0
9AF160
9ACA10
9AAAA0
9A8B30
9A6BD0
9A4C60
9A3500
9A1DA0
9A0640
99EEE0
99DFF0
99D100
99C220
99B330
99AD30
99A740
99A140
999B50
999E20
99A0F0
99A3D0
99A6A0
99B230
99BDC0
99C960
99D4F0
99E980
99FE00
9A1290
9A2720
9A44E0
9A62A0
9A8070
9A9E30
9AC500
9AEBD0
9B12A0
9B3970
9B6930
9B98E0
9BC8A0
9BF860
9C3120
9C69E0
9CA2A0
9CDB60
9D1D50
9D5F30
9DA120
9DE310
9E2DE0
9E78B0
9EC380
9F0E50
9F61C0
9FB540
A008B0
A05C30
A0B840
A11450
A17060
A1CC70
A23110
A295B0
A2FA50
A35EF0
A3CBE0
A438C0
A4A5B0
A512A0
A58790
A5FC80
A67180
A6E670
A76340
A7E010
A85CF0
A8D9C0
A95E50
A9E2E0
AA6770
AAEC00
AB7810
AC0410
AC9020
AD1C30
ADAF70
AE42C0
AED600
AF6950
B003A0
B09DF0
B13840
B1D290
B273B0
B314E0
B3B600
B45730
B4FEF0
B5A6B0
B64E70
B6F630
B7A450
B85260
B90080
B9AEA0
BA62D0
BB1710
BBCB40
BC7F80
BD39A0
BDF3B0
BEADD0
BF67F0
C027B0
C0E770
C1A740
C26700
C32C30
C3F160
C4B6A0
C57BD0
C64640
C710B0
C7DB20
C8A590
C97500
CA4470
CB13E0
CBE350
CCB780
CD8BB0
CE5FE0
CF3410
D00CD0
D0E580
D1BE40
D29700
D37400
D45100
D52E00
D60B00
D6EC00
D7CD00
D8AE00
D98F00
DA73D0
DB58B0
DC3D80
DD2260
DE0AE0
DEF360
DFDBF0
E0C470
E1B070
E29C70
E38880
E47480
E563E0
E65340
E742A0
E83200
E92470
EA16E0
EB0950
EBFBC0
ECF0F0
EDE620
EEDB50
EFD080
F0C840
F1BFF0
F2B7B0
F3AF70
F4A990
F5A3B0
F69DE0
F79800
F89420
F99040
FA8C70
FB8890
FC8650
FD8410
FE81D0
FF7F90
007EB0
017DE0
027D00
037C20
047C80
057CF0
067D50
077DB0
087EC0
097FC0
0A80D0
0B81D0
0C8300
0D8420
0E8550
0F8670
108760
118850
128930
138A20
148A90
158B00
168B60
178BD0
188B10
198A50
1A8990
1B88D0
1C8640
1D83C0
1E8130
1F7EA0
2079F0
217530
227080
236BC0
246490
255D50
265620
274EE0
284450
2939B0
2A2F20
2B2480
2C15C0
2D0710
2DF850
2EE990
2FD620
30C2C0
31AF50
329BE0
338350
346AC0
355230
3639A0
371AF0
37FC40
38DD90
39BEE0
3A9930
3B7390
3C4DE0
3D2830
3DFAD0
3ECD80
3FA020
4072C0
413D00
420750
42D190
439BD0
445CC0
451DC0
45DEB0
469FA0
475660
480D30
48C3F0
497AB0
4A2670
4AD240
4B7E00
4C29C0
4CC9B0
4D6990
4E0980
4EA960
4F3CA0
4FCFD0
506310
50F640
517C00
5201C0
528770
530D30
538480
53FBE0
547330
54EA80
555270
55BA60
562240
568A30
56E220
573A10
579200
57E9F0
583150
5878B0
58C010
590770
593D60
597340
59A930
59DF10
5A0280
5A25F0
5A4950
5A6CC0
5A7D70
5A8E20
5A9ED0
5AAF80
5AAD20
5AAAD0
5AA870
5AA610
5A8FE0
5A79A0
5A6370
5A4D30
5A2220
59F700
59CBF0
59A0D0
596120
592160
58E1B0
58A1F0
584DB0
57F980
57A540
575100
56E7B0
567E50
561500
55ABA0
552C70
54AD30
542E00
53AEC0
531A60
528600
51F190
515D30
50B430
500B20
4F6220
4EB910
4DFB20
4D3D20
4C7F30
4BC130
4AEDD0
4A1A60
494700
487390
478C00
46A460
45BCD0
44D530
43DA70
42DFC0
41E500
40EA40
3FDC80
3ECEC0
3DC0F0
3CB330
3B9250
3A7170
395090
382FB0
36FD70
35CB30
3498F0
3366B0
322490
30E280
2FA060
2E5E40
2D0CF0
2BBB90
2A6A40
2918E0
27B8C0
2658A0
24F880
239860
222B90
20BEB0
1F51E0
1DE500
1C6D50
1AF5A0
197DF0
180640
1684D0
150360
1381F0
120080
107650
0EEC20
0D61E0
0BD7B0
0A4700
08B650
0725A0
0594F0
03FFE0
026AD0
00D5C0
FF40B0
FDA8D0
FC10F0
FA7920
F8E140
F74820
F5AF00
F415E0
F27CC0
F0E4A0
EF4C70
EDB450
EC1C30
EA8720
E8F210
E75D00
E5C7F0
E437E0
E2A7D0
E117C0
DF87B0
DDFE90
DC7560
DAEC40
D96320
D7E2F0
D662D0
D4E2A0
D36280
D1ED50
D07810
CF02E0
CD8DB0
CC25A0
CABD80
C95570
C7ED60
C694B0
C53C00
C3E360
C28AB0
C142F0
BFFB30
BEB370
BD6BB0
BC3670
BB0140
B9CC00
B896D0
B77630
B655A0
B53500
B41470
B30AD0
B20130
B0F790
AFEDF0
AEFC40
AE0A80
AD18D0
AC2720
AB4E70
AA75B0
A99D00
A8C450
A80690
A748D0
A68B20
A5CD60
A52CE0
A48C70
A3EBF0
A34B80
A2C860
A24540
A1C230
A13F10
A0D9A0
A07430
A00EC0
9FA950
9F6320
9F1CF0
9ED6C0
9E9090
9E6B80
9E4670
9E2170
9DFC60
9DF7B0
9DF310
9DEE60
9DE9C0
9E0510
9E2050
9E3BA0
9E56F0
9E9330
9ECF60
9F0BA0
9F47E0
9FA660
A004E0
A06370
A0C1F0
A14120
A1C050
A23F80
A2BEB0
A35D50
A3FBF0
A49A90
A53930
A5F780
A6B5D0
A77420
A83270
A91100
A9EF90
AACE20
ABACB0
ACA930
ADA5B0
AEA240
AF9EC0
B0B750
B1CFD0
B2E860
B400F0
B534F0
B668F0
B79D00
B8D100
BA2040
BB6F70
BCBEB0
BE0DF0
BF7590
C0DD20
C244C0
C3AC60
C529E0
C6A760
C824E0
C9A260
CB3470
CCC680
CE5890
CFEAA0
D19020
D335A0
D4DB30
D680B0
D83680
D9EC60
DBA230
DD5810
DF1B60
E0DEB0
E2A210
E46560
E63420
E802F0
E9D1B0
EBA080
ED78C0
EF5100
F12940
F30180
F4E020
F6BED0
F89D70
FA7C20
FC5E50
FE4090
0022D0
020500
03E840
05CB80
07AEC0
099200
0B73B0
0D5570
0F3720
1118D0
12F630
14D390
16B0E0
188E40
1A64A0
1C3B00
1E1150
1FE7B0
21B420
2380A0
254D10
271980
28D900
2A9870
2C57F0
2E1760
2FC7D0
317830
3328A0
34D900
367840
381780
39B6B0
3B55F0
3CE120
3E6C50
3FF770
4182A0
42F690
446A80
45DE60
475250
48ADD0
4A0940
4B64C0
4CC030
4E01D0
4F4360
508500
51C690
52EBB0
5410D0
5535E0
565B00
5760A0
586630
596BD0
5A7160
5B5750
5C3D40
5D2320
5E0910
5ECED0
5F94A0
605A60
612020
61C3C0
626760
630AF0
63AE90
642D90
64AC90
652B90
65AA90
6605C0
6660F0
66BC20
671750
674F10
6786E0
67BEA0
67F660
680970
681C80
682F80
684290
682F10
681BA0
680820
67F4A0
67BC80
678460
674C30
671410
66B8B0
665D50
6601F0
65A690
652790
64A8A0
6429A0
63AAA0
630730
6263C0
61C050
611CE0
6057B0
5F9290
5ECD60
5E0830
5D2390
5C3EE0
5B5A40
5A7590
597210
586E80
576B00
566770
554550
542320
530100
51DED0
50A150
4F63D0
4E2650
4CE8D0
4B92E0
4A3CE0
48E6F0
4790F0
462410
44B730
434A40
41DD60
405AF0
3ED880
3D5600
3BD390
3A3F00
38AA80
3715F0
358160
33DDF0
323A80
309700
2EF390
2D4390
2B9380
29E380
283370
267920
24BEC0
230470
214A10
1F88D0
1DC790
1C0650
1A4510
188010
16BB10
14F610
133110
116B40
0FA570
0DDF90
0C19C0
0A5620
089270
06CED0
050B20
034C90
018E00
FFCF60
FE10D0
FC5A20
FAA370
F8ECD0
F73620
F58A90
F3DF00
F23370
F087E0
EEEAE0
ED4DD0
EBB0D0
EA13D0
E88770
E6FB10
E56EC0
E3E260
E268E0
E0EF70
DF75F0
DDFC80
DC9900
DB3590
D9D210
D86EA0
D724A0
D5DA90
D49090
D34690
D21730
D0E7E0
CFB880
CE8930
CD75F0
CC62B0
CB4F80
CA3C40
C947F0
C85390
C75F40
C66AF0
C598D0
C4C6B0
C3F4A0
C32280
C27290
C1C2B0
C112C0
C062E0
BFD590
BF4840
BEBAF0
BE2DA0
BDC500
BD5C60
BCF3C0
BC8B20
BC49C0
BC0860
BBC700
BB85A0
BB6A80
BB4F60
BB3450
BB1930
BB23C0
BB2E50
BB38E0
BB4370
BB7500
BBA690
BBD820
BC09B0
BC6420
BCBE90
BD1900
BD7370
BDF480
BE75A0
BEF6B0
BF77D0
C01DE0
C0C3F0
C16A00
C21010
C2DB60
C3A6A0
C471F0
C53D40
C62E80
C71FD0
C81110
C90260
CA1690
CB2AD0
CC3F00
CD5340
CE87D0
CFBC70
D0F100
D225A0
D379E0
D4CE30
D62270
D776C0
D8EA70
DA5E20
DBD1D0
DD4580
DED4B0
E063E0
E1F310
E38240
E529B0
E6D120
E87890
EA2000
EBDD80
ED9B10
EF5890
F11620
F2E790
F4B900
F68A80
F85BF0
FA3E30
FC2070
FE02B0
FFE4F0
01D510
03C530
05B550
07A570
09A0C0
0B9C10
0D9750
0F92A0
119660
139A20
159DE0
17A1A0
19AB00
1BB470
1DBDD0
1FC730
21D2C0
23DE50
25E9E0
27F570
2A0260
2C0F60
2E1C50
302940
3238C0
344850
3657D0
386750
3A7000
3C78B0
3E8160
408A10
4284A0
447F30
4679C0
487450
4A5B90
4C42D0
4E2A10
501150
51DF00
53ACB0
557A50
574800
58F810
5AA820
5C5820
5E0830
5F9850
612860
62B880
644890
65AD70
671240
687720
69DBF0
6B0420
6C2C50
6D5480
6E7CB0
6F7840
7073D0
716F60
726AF0
7342D0
741AC0
74F2A0
75CA80
7682B0
773AD0
77F300
78AB20
794C10
79ED00
7A8DF0
7B2EE0
7BB3C0
7C3890
7CBD70
7D4240
7DAC40
7E1650
7E8050
7EEA50
7F2FA0
7F74F0
7FBA40
7FFF90
7FFFB0
7FFFC0
7FFFE0
7FFFF0
7FFFF0
7FFFF0
7FFFF0
7FFFF0
7FFFF0
7FFFF0
7FFFF0
7FFFF0
7FFFF0
7FFFF0
7FFFF0
7FFFF0
7FFFF0
7FFFF0
7FFFF0
7FFFF0
7FFFF0
7FFFF0
7FFFF0
7FFFF0
7FFFF0
7FFFF0
7FFFF0
7FFFF0
7FFFF0
7FFFF0
7FFFF0
7FFFF0
7F5630
7EAC70
7E02B0
7D58F0
7C6260
7B6BD0
7A7540
797EB0
785FB0
7740B0
7621B0
7502B0
73BB10
727380
712BE0
6FE440
6E8010
6D1BF0
6BB7C0
6A5390
68D290
675190
65D090
644F90
62B340
6116F0
5F7A90
5DDE40
5C2D70
5A7CB0
58CBE0
571B10
555DB0
53A040
51E2E0
502570
4E5A00
4C8E90
4AC310
48F7A0
471E80
454560
436C40
419320
3FAEB0
3DCA40
3BE5C0
3A0150
381310
3624D0
343680
324840
305320
2E5E00
2C68D0
2A73B0
287A80
268150
248810
228EE0
209390
1E9840
1C9CF0
1AA1A0
18A5F0
16AA40
14AE80
12B2D0
10BA50
0EC1C0
0CC940
0AD0B0
08DE70
06EC30
04F9F0
0307B0
011ED0
FF35E0
FD4D00
FB6420
F98820
F7AC20
F5D030
F3F430
F226E0
F05980
EE8C30
ECBEE0
EB0230
E94580
E788D0
E5CC20
E42300
E279F0
E0D0D0
DF27C0
DD9570
DC0330
DA70E0
D8DEA0
D76440
D5E9D0
D46F70
D2F510
D193E0
D032B0
CED180
CD7050
CC2AF0
CAE580
C9A020
C85AC0
C73430
C60D90
C4E700
C3C070
C2B8B0
C1B0E0
C0A920
BFA160
BEB8C0
BDD020
BCE790
BBFEF0
BB3780
BA7020
B9A8B0
B8E150
B83DC0
B79A20
B6F690
B65300
B5D1F0
B550D0
B4CFC0
B44EB0
B3EF50
B39000
B330A0
B2D150
B294C0
B25820
B21B90
B1DF00
B1C690
B1AE20
B195B0
B17D40
B18710
B190E0
B19AB0
B1A480
B1CF20
B1F9B0
B22450
B24EF0
B29A60
B2E5E0
B33150
B37CD0
B3E990
B45650
B4C320
B52FE0
B5BB70
B64710
B6D2A0
B75E40
B806A0
B8AEF0
B95750
B9FFB0
BAC400
BB8850
BC4CA0
BD10F0
BDF090
BED040
BFAFE0
C08F90
C187E0
C28030
C37890
C470E0
C57F80
C68E30
C79CD0
C8AB80
C9CEE0
CAF240
CC15A0
CD3900
CE6F70
CFA5F0
D0DC60
D212E0
D35A10
D4A140
D5E870
D72FA0
D88540
D9DAE0
DB3080
DC8620
DDE820
DF4A30
E0AC30
E20E40
E37AA0
E4E710
E65370
E7BFE0
E93470
EAA900
EC1DA0
ED9230
EF0CD0
F08780
F20220
F37CD0
F4FB40
F679C0
F7F830
F976B0
FAF680
FC7660
FDF630
FF7610
00F5B0
027540
03F4E0
057470
06F210
086FC0
09ED60
0B6B00
0CE470
0E5DE0
0FD750
1150C0
12C380
143630
15A8F0
171BA0
1886B0
19F1B0
1B5CC0
1CC7C0
1E2A00
1F8C30
20EE70
2250A0
23A800
24FF60
2656C0
27AE20
28F850
2A4290
2B8CC0
2CD6F0
2E13C0
2F5090
308D60
31CA30
32F920
342810
3556F0
3685E0
37A550
38C4C0
39E430
3B03A0
3C11B0
3D1FD0
3E2DE0
3F3BF0
403910
413640
423360
433080
441CD0
450920
45F570
46E1C0
47BC40
4896D0
497150
4A4BD0
4B1350
4BDAD0
4CA240
4D69C0
4E1F10
4ED460
4F89A0
503EF0
50E2B0
518660
522A20
52CDD0
535F90
53F150
548300
5514C0
5593D0
5612F0
569200
571110
577ED0
57EC90
585A40
58C800
592570
5982E0
59E040
5A3DB0
5A8AF0
5AD840
5B2580
5B72C0
5BAFE0
5BED10
5C2A30
5C6750
5C95D0
5CC460
5CF2E0
5D2160
5D4290
5D63B0
5D84E0
5DA600
5DBA80
5DCF00
5DE370
5DF7F0
5E0070
5E08E0
5E1160
5E19D0
5E17C0
5E15A0
5E1390
5E1170
5E0610
5DFAC0
5DEF60
5DE400
5DD080
5DBD00
5DA970
5D95F0
5D7B70
5D60F0
5D4670
5D2BF0
5D0B90
5CEB30
5CCAD0
5CAA70
5C8550
5C6020
5C3B00
5C15D0
5BED20
5BC460
5B9BB0
5B72F0
5B4800
5B1D10
5AF220
5AC730
5A9AD0
5A6E80
5A4220
5A15C0
59E8D0
59BBF0
598F00
596210
5935D0
5909A0
58DD60
58B120
5886F0
585CD0
5832A0
580870
57E0B0
57B900
579140
576980
5744B0
571FE0
56FB00
56D630
56B550
569480
5673A0
5652C0
563720
561B80
55FFE0
55E440
55CDC0
55B740
55A0C0
558A40
5578F0
5567B0
555660
554510
5539C0
552E70
552310
5517C0
551360
550F00
550AA0
550640
550850
550A60
550C60
550E70
551690
551EC0
5526E0
552F00
553DA0
554C50
555AF0
556990
557F40
5594F0
55AAA0
55C050
55DC40
55F830
561410
563000
565180
567300
569480
56B600
56DD10
570420
572B20
575230
577EE0
57AB90
57D840
5804F0
583650
5867B0
589910
58CA70
58FFB0
5934F0
596A20
599F60
59D820
5A10E0
5A4990
5A8250
5ABE40
5AFA30
5B3620
5B7210
5BB030
5BEE50
5C2C70
5C6A90
5CAA00
5CE960
5D28D0
5D6830
5DA830
5DE830
5E2830
5E6830
5EA810
5EE7E0
5F27C0
5F6790
5FA680
5FE560
602450
606330
60A070
60DDB0
611AE0
615820
6192E0
61CDA0
620860
624320
627AA0
62B210
62E990
632100
635480
638810
63BB90
63EF10
641E00
644D00
647BF0
64AAE0
64D460
64FDF0
652770
6550F0
657400
659710
65BA10
65DD20
65F990
6615F0
663260
664EC0
666430
6679B0
668F20
66A490
66B260
66C020
66CDF0
66DBB0
66E100
66E650
66EBA0
66F0F0
66EDD0
66EAA0
66E780
66E450
66D8A0
66CD00
66C150
66B5A0
66A0E0
668C20
667760
6662A0
664410
662590
660700
65E870
65C090
6598A0
6570C0
6548D0
6517D0
64E6D0
64B5C0
6484C0
644A60
641010
63D5B0
639B50
635740
631330
62CF20
628B10
623DE0
61F0C0
61A390
615660
610090
60AAB0
6054E0
5FFF00
5FA080
5F4200
5EE370
5E84F0
5E1DB0
5DB660
5D4F20
5CE7D0
5C7890
5C0950
5B9A00
5B2AC0
5AB420
5A3D90
59C6F0
595050
58D2B0
585500
57D760
5759B0
56D540
5650E0
55CC70
554800
54BD90
543320
53A8A0
531E30
528E60
51FE90
516EC0
50DEF0
504A50
4FB5B0
4F2100
4E8C60
4DF380
4D5AA0
4CC1C0
4C28E0
4B8C50
4AEFC0
4A5320
49B690
4916E0
487730
47D770
4737C0
469580
45F340
455100
44AEC0
440A90
436660
42C230
421E00
417860
40D2C0
402D20
3F8780
3EE0F0
3E3A60
3D93C0
3CED30
3C4640
3B9F60
3AF870
3A5180
39AAF0
390460
385DD0
37B740
371150
366B60
35C570
351F80
347A90
33D590
3330A0
328BA0
31E830
3144B0
30A140
2FFDC0
2F5C60
2EBB10
2E19B0
2D7850
2CD930
2C3A20
2B9B00
2AFBE0
2A5F30
29C290
2925E0
288930
27EF70
2755C0
26BC00
262240
258C20
24F5F0
245FD0
23C9A0
2336E0
22A410
221150
217E80
20EF00
205F80
1FD000
1F4080
1EB480
1E2890
1D9C90
1D1090
1C8850
1C0010
1B77D0
1AEF90
1A6AF0
19E660
1961C0
18DD20
185C20
17DB20
175A10
16D910
165BB0
15DE60
156100
14E3A0
146A10
13F070
1376E0
12FD40
128750
121160
119B70
112580
10B330
1040E0
0FCE80
0F5C30
0EED70
0E7EB0
0E0FF0
0DA130
0D35F0
0CCAB0
0C5F70
0BF430
0B8C80
0B24D0
0ABD10
0A5560
09F140
098D30
092910
08C4F0
086460
0803D0
07A330
0742A0
06E580
068860
062B40
05CE20
0574A0
051B10
04C190
046800
041240
03BC80
0366B0
0310F0
02BEE0
026CD0
021AC0
01C8B0
017A40
012BC0
00DD50
008ED0
004450
FFF9C0
FFAF40
FF64C0
FF1E80
FED840
FE9210
FE4BD0
FE09E0
FDC800
FD8610
FD4430
FD0680
FCC8D0
FC8B20
FC4D70
FC14A0
FBDBD0
FBA310
FB6A40
FB36D0
FB0370
FAD000
FA9CA0
FA6EE0
FA4120
FA1370
F9E5B0
F9BDD0
F995F0
F96E20
F94640
F924E0
F90390
F8E230
F8C0E0
F8A690
F88C50
F87200
F857C0
F844F0
F83220
F81F50
F80C80
F80170
F7F670
F7EB60
F7E060
F7DDD0
F7DB40
F7D8C0
F7D630
F7DCC0
F7E350
F7E9E0
F7F070
F800B0
F810F0
F82140
F83180
F84C20
F866C0
F88160
F89C00
F8C160
F8E6C0
F90C20
F93180
F96200
F99290
F9C310
F9F3A0
FA2FF0
FA6C40
FAA890
FAE4E0
FB2DA0
FB7670
FBBF30
FC0800
FC5D60
FCB2C0
FD0830
FD5D90
FDBFC0
FE21E0
FE8410
FEE640
FF55D0
FFC570
003510
00A4A0
012270
01A040
021E10
029BE0
032780
03B320
043EC0
04CA60
056390
05FCB0
0695E0
072F00
07D620
087D40
092450
09CB70
0A8120
0B36D0
0BEC70
0CA220
0D6570
0E28D0
0EEC20
0FAF70
107FC0
115010
122050
12F0A0
13CE00
14AB50
1588B0
166600
1750C0
183B90
192650
1A1110
1B07D0
1BFE80
1CF540
1DEBF0
1EED60
1FEEE0
20F050
21F1C0
22FDA0
240970
251550
262120
273750
284D80
2963A0
2A79D0
2B9860
2CB6F0
2DD580
2EF410
301960
313EB0
3263F0
338940
34B470
35DFA0
370AC0
3835F0
396650
3A96C0
3BC720
3CF780
3E2AF0
3F5E60
4091C0
41C530
42F9B0
442E40
4562C0
469740
47CB90
48FFF0
4A3440
4B6890
4C9B90
4DCEA0
4F01A0
5034A0
5163F0
529340
53C280
54F1D0
561B30
5744A0
586E00
599760
5AB910
5BDAB0
5CFC60
5E1E00
5F3610
604E30
616640
627E50
638AC0
649740
65A3B0
66B020
67AF00
68ADE0
69ACC0
6AABA0
6B9AD0
6C8A10
6D7940
6E6870
6F45D0
702320
710080
71DDD0
72A7B0
7371A0
743B80
750560
75BA40
766F20
772400
77D8E0
787670
791400
79B180
7A4F10
7AD2A0
7B5630
7BD9B0
7C5D40
7CC670
7D2FA0
7D98D0
7E0200
7E5090
7E9F10
7EEDA0
7F3C20
7F6D10
7F9E10
7FCF00
7FFFF0
7FFFF0
7FFFF0
7FFFF0
7FFFF0
7FFFF0
7FFFF0
7FFFF0
7FFFF0
7FD7F0
7FAFE0
7F87E0
7F5FD0
7F1780
7ECF30
7E86E0
7E3E90
7DCF00
7D5F80
7CEFF0
7C8060
7BEDC0
7B5B10
7AC870
7A35C0
798240
78CED0
781B50
7767D0
769220
75BC70
74E6C0
741110
7317D0
721E80
712540
702BF0
6F1150
6DF6A0
6CDC00
6BC150
6A8710
694CD0
681290
66D850
657E80
6424B0
62CAD0
617100
5FF740
5E7D80
5D03B0
5B89F0
59F330
585C70
56C5A0
552EE0
537DA0
51CC70
501B30
4E69F0
4C9F30
4AD470
4909B0
473EF0
455B40
437790
4193E0
3FB030
3DB730
3BBE20
39C520
37CC10
35C0D0
33B590
31AA50
2F9F10
2D8380
2B67F0
294C50
2730C0
2506A0
22DC80
20B250
1E8830
1C5320
1A1E10
17E8F0
15B3E0
137740
113AA0
0EFDF0
0CC150
0A7FC0
083E30
05FC90
03BB00
017710
FF3320
FCEF40
FAAB50
F86890
F625D0
F3E310
F1A050
EF6200
ED23C0
EAE570
E8A730
E670A0
E43A00
E20370
DFCCE0
DDA170
DB7600
D94A90
D71F20
D50190
D2E400
D0C670
CEA8E0
CC9BF0
CA8F00
C88220
C67530
C47C40
C28360
C08A70
BE9190
BCB060
BACF20
B8EDF0
B70CC0
B54520
B37D80
B1B5E0
AFEE40
AE4230
AC9620
AAEA10
A93E00
A7B0D0
A62390
A49660
A30930
A19E90
A033F0
9EC960
9D5EC0
9C1740
9ACFD0
998850
9840E0
971D60
95F9E0
94D670
93B2F0
92B620
91B960
90BC90
8FBFD0
8EED10
8E1A50
8D4790
8C74D0
8BCB30
8B2190
8A77F0
89CE50
894D70
88CC90
884BB0
87CAD0
877480
871E30
86C7E0
867190
864830
861EC0
85F560
85CC00
85CD60
85CED0
85D030
85D1A0
85FC40
8626D0
865170
867C10
86D090
872510
8779A0
87CE20
884DD0
88CD80
894D40
89CCF0
8A7480
8B1C10
8BC3B0
8C6B40
8D3800
8E04D0
8ED190
8F9E60
908FC0
918110
927270
9363D0
947990
958F50
96A520
97BAE0
98F120
9A2760
9B5DA0
9C93E0
9DE730
9F3A80
A08DE0
A1E130
A34FE0
A4BE80
A62D30
A79BE0
A92460
AAACF0
AC3570
ADBE00
AF5C20
B0FA30
B29850
B43670
B5E650
B79620
B94600
BAF5E0
BCB4A0
BE7370
C03230
C1F100
C3BBE0
C586B0
C75190
C91C70
CAEF70
CCC280
CE9580
D06890
D24010
D417A0
D5EF20
D7C6B0
D99F40
DB77D0
DD5060
DF28F0
E0FEE0
E2D4E0
E4AAD0
E680D0
E850E0
EA20E0
EBF0F0
EDC100
EF87F0
F14ED0
F315C0
F4DCB0
F69690
F85080
FA0A60
FBC450
FD6CF0
FF1590
00BE40
0266E0
03FC30
059190
0726E0
08BC30
0A3C00
0BBBD0
0D3BA0
0EBB70
102210
1188B0
12EF40
1455E0
159F10
16E840
183160
197A90
1AA5B0
1BD0D0
1CFBF0
1E2710
1F3330
203F50
214B60
225780
234180
242B90
251590
25FF90
26C3D0
278810
284C50
291090
29AFF0
2A4F60
2AEEC0
2B8E20
2C0910
2C83F0
2CFEE0
2D79C0
2DCE30
2E2290
2E7700
2ECB60
2EF690
2F21D0
2F4D00
2F7830
2F7C80
2F80E0
2F8530
2F8980
2F68A0
2F47C0
2F26E0
2F0600
2EBF20
2E7850
2E3170
2DEA90
2D7C60
2D0E30
2CA000
2C31D0
2B9FC0
2B0DB0
2A7B90
29E980
293660
288330
27D010
271CE0
264940
257590
24A1F0
23CE40
22DA30
21E620
20F200
1FFDF0
1EEDB0
1DDD70
1CCD30
1BBCF0
1A9430
196B60
1842A0
1719D0
15DA70
149B10
135BB0
121C50
10C810
0F73C0
0E1F80
0CCB30
0B6660
0A0180
089CB0
0737D0
05C660
0454E0
02E370
0171F0
FFF6D0
FE7BB0
FD0090
FB8570
FA03A0
F881C0
F6FFF0
F57E20
F3F9A0
F27520
F0F0B0
EF6C30
EDE8D0
EC6560
EAE200
E95EA0
E7E010
E66180
E4E2F0
E36460
E1EE90
E078D0
DF0300
DD8D40
DC2350
DAB960
D94F80
D7E590
D68A90
D52F80
D3D480
D27980
D13160
CFE940
CEA120
CD5900
CC2820
CAF750
C9C670
C895A0
C77DD0
C665F0
C54E20
C43650
C33970
C23C90
C13FB0
C042D0
BF6490
BE8650
BDA810
BCC9D0
BC0E70
BB5310
BA97C0
B9DC60
B94410
B8ABC0
B81370
B77B20
B70670
B691C0
B61D20
B5A870
B55A50
B50C30
B4BE20
B47000
B44C00
B42800
B40410
B3E010
B3E4C0
B3E970
B3EE20
B3F2D0
B41F60
B44BE0
B47870
B4A500
B4FB20
B55150
B5A770
B5FDA0
B67FD0
B70210
B78440
B80680
B8B1E0
B95D40
BA08A0
BAB400
BB8640
BC5890
BD2AD0
BDFD20
BEF6C0
BFF060
C0EA00
C1E3A0
C305A0
C427A0
C549A0
C66BA0
C7B1E0
C8F810
CA3E50
CB8490
CCEB90
CE52A0
CFB9A0
D120B0
D2A760
D42E10
D5B4C0
D73B70
D8E120
DA86C0
DC2C70
DDD220
DF9210
E151F0
E311E0
E4D1D0
E6A7E0
E87DF0
EA5410
EC2A20
EE13E0
EFFD90
F1E750
F3D110
F5CC20
F7C740
F9C250
FBBD70
FDC530
FFCCE0
01D4A0
03DC60
05EC70
07FC80
0A0C90
0C1CA0
0E3180
104660
125B30
147010
168620
189C40
1AB250
1CC860
1EDB80
20EE90
2301B0
2514C0
2720D0
292CF0
2B3900
2D4510
2F45F0
3146E0
3347C0
3548A0
3739E0
392B10
3B1C50
3D0D80
3EEBF0
40CA50
42A8C0
448720
464F90
4817F0
49E060
4BA8C0
4D56E0
4F0500
50B310
526130
53F030
557F30
570E30
589D30
5A0B60
5B7990
5CE7C0
5E55F0
5FA150
60ECB0
623810
638370
64A810
65CCB0
66F150
6815F0
690F30
6A0870
6B01B0
6BFAF0
6CC8E0
6D96D0
6E64B0
6F32A0
6FD4C0
7076E0
7118F0
71BB10
722E60
72A1B0
7314F0
738840
73C910
7409D0
744AA0
748B60
749B40
74AB30
74BB10
74CAF0
74AB00
748B00
746B10
744B10
73F970
73A7D0
735620
730480
727EB0
71F8E0
717310
70ED40
703680
6F7FC0
6EC8F0
6E1230
6D2D00
6C47D0
6B6290
6A7D60
696980
685590
6741B0
662DC0
64EA50
63A6F0
626380
612010
5FB160
5E42C0
5CD410
5B6560
59CF00
5838A0
56A230
550BD0
534F00
519230
4FD560
4E1890
4C3630
4A53D0
487160
468F00
448BE0
4288C0
4085A0
3E8280
3C62F0
3A4350
3823C0
360420
33CAA0
319120
2F57A0
2D1E20
2ACD00
287BE0
262AC0
23D9A0
217600
1F1260
1CAEB0
1A4B10
17D970
1567D0
12F630
108490
0E0910
0B8D80
091200
069670
041580
019490
FF1390
FC92A0
FA0F90
F78C90
F50980
F28680
F004D0
ED8310
EB0160
E87FB0
E60390
E38760
E10B40
DE8F20
DC1D00
D9AAF0
D738D0
D4C6C0
D26140
CFFBC0
CD9640
CB30C0
C8DB30
C685A0
C43020
C1DA90
BF96F0
BD5360
BB0FC0
B8CC30
B69AF0
B469B0
B23880
B00740
ADF060
ABD990
A9C2B0
A7ABE0
A5B6A0
A3C160
A1CC30
9FD6F0
9E0620
9C3550
9A6480
9893B0
96E8A0
953D90
939280
91E770
906DB0
8EF3E0
8D7A20
8C0060
8ABBC0
897730
883290
86EE00
85F6F0
84FFF0
8408E0
8311E0
8292C0
8213B0
819490
811580
80DC50
80A320
806A00
8030D0
8024A0
801860
800C30
800000
800000
800000
800000
800000
800000
800000
800000
800000
800000
800000
800000
800000
800000
800000
800000
800000
800000
800000
800000
800000
8052F0
80A5F0
80F8E0
814BE0
81C990
824750
82C500
8342C0
83DE10
847960
8514C0
85B010
866AB0
872540
87DFE0
889A80
896F70
8A4460
8B1960
8BEE50
8CE460
8DDA80
8ED090
8FC6B0
90E0A0
91FA80
931470
942E60
957380
96B890
97FDB0
9942D0
9AC0F0
9C3F10
9DBD30
9F3B50
A0E1D0
A28840
A42EC0
A5D540
A79920
A95D00
AB20F0
ACE4D0
AEC2F0
B0A100
B27F20
B45D40
B650A0
B84400
BA3770
BC2AD0
BE2DD0
C030C0
C233C0
C436C0
C64490
C85260
CA6030
CC6E00
CE7F00
D09010
D2A110
D4B220
D6BC70
D8C6B0
DAD100
DCDB50
DEE110
E0E6D0
E2EC90
E4F250
E6F380
E8F4B0
EAF5F0
ECF720
EEF050
F0E980
F2E2C0
F4DBF0
F6CA20
F8B860
FAA690
FC94D0
FE76B0
0058A0
023A80
041C60
05F070
07C480
099890
0B6CA0
0D3070
0EF440
10B810
127BE0
142CC0
15DDB0
178E90
193F70
1ADCB0
1C79F0
1E1720
1FB460
213D10
22C5D0
244E80
25D730
274900
28BAD0
2A2CA0
2B9E70
2CF660
2E4E50
2FA640
30FE30
323D50
337C70
34BB90
35FAB0
372190
384860
396F40
3A9610
3BA340
3CB070
3DBD90
3ECAC0
3FBC70
40AE30
419FE0
429190
436990
4441A0
4519A0
45F1A0
46B140
4770E0
483080
48F020
499710
4A3DF0
4AE4E0
4B8BC0
4C1950
4CA6D0
4D3460
4DC1E0
4E3850
4EAEB0
4F2520
4F9B80
4FFCA0
505DC0
50BED0
511FF0
516C60
51B8D0
520530
5251A0
5289D0
52C1F0
52FA20
533240
535890
537ED0
53A520
53CB60
53E1E0
53F850
540ED0
542540
542D50
543560
543D70
544580
544080
543B90
543690
543190
5421A0
5411C0
5401D0
53F1E0
53D900
53C010
53A730
538E40
536E50
534E50
532E60
530E60
52E980
52C490
529FB0
527AC0
525250
5229D0
520160
51D8E0
51AE50
5183B0
515920
512E80
5103C0
50D900
50AE40
508380
505AD0
503220
500970
4FE0C0
4FBAE0
4F9500
4F6F10
4F4930
4F26F0
4F04C0
4EE280
4EC040
4EA390
4E86D0
4E6A20
4E4D60
4E3860
4E2360
4E0E50
4DF950
4DEBD0
4DDE40
4DD0C0
4DC330
4DBD30
4DB740
4DB140
4DAB40
4DAE20
4DB100
4DB3D0
4DB6B0
4DC410
4DD160
4DDEC0
4DEC10
4E0300
4E19F0
4E30E0
4E47D0
4E67C0
4E87B0
4EA790
4EC780
4EF120
4F1AB0
4F4450
4F6DE0
4FA230
4FD680
500AC0
503F10
507C80
50B9E0
50F750
5134B0
517A00
51BF50
520490
5249E0
529700
52E420
533130
537E50
53D360
542870
547D80
54D290
552DB0
5588E0
55E400
563F20
569ED0
56FE80
575E20
57BDD0
582140
5884C0
58E830
594BA0
59B230
5A18B0
5A7F40
5AE5C0
5B4D90
5BB560
5C1D30
5C8500
5CEC70
5D53E0
5DBB50
5E22C0
5E8890
5EEE70
5F5440
5FBA10
601D00
607FF0
60E2D0
6145C0
61A430
6202A0
626110
62BF80
631800
637090
63C910
642190
647280
64C370
651460
656550
65ACD0
65F460
663BE0
668360
66C0B0
66FDF0
673B40
677880
67AAA0
67DCD0
680EF0
684110
686680
688C00
68B170
68D6E0
68EDE0
6904E0
691BE0
6932E0
693B30
694370
694BC0
695400
694D30
694660
693F80
6938B0
692160
690A10
68F2B0
68DB60
68B1D0
688840
685EB0
683520
67FA00
67BEE0
6783C0
6748A0
66FC60
66B010
6663D0
661780
65B940
655B00
64FCC0
649E80
642D40
63BC00
634AB0
62D970
625660
61D340
615030
60CD10
603910
5FA510
5F1100
5E7D00
5DD7D0
5D32A0
5C8D60
5BE830
5B3140
5A7A40
59C350
590C50
584580
577EA0
56B7D0
55F0F0
551BC0
5446A0
537170
529C40
51B940
50D640
4FF340
4F1040
4E1FD0
4D2F60
4C3EE0
4B4E70
4A5280
495690
485AA0
475EB0
465900
455340
444D90
4347D0
423970
412B00
401CA0
3F0E30
3DF810
3CE200
3BCBE0
3AB5C0
3999F0
387E20
376240
364670
3526B0
3406F0
32E730
31C770
30A550
2F8340
2E6120
2D3F00
2C1C30
2AF960
29D690
28B3C0
2791D0
266FD0
254DE0
242BE0
230C50
21ECB0
20CD20
1FAD80
1E9220
1D76B0
1C5B50
1B3FE0
1A2AB0
191570
180040
16EB00
15DCE0
14CED0
13C0B0
12B290
11AC90
10A690
0FA080
0E9A80
0D9E50
0CA220
0BA5E0
0AA9B0
09B940
08C8D0
07D850
06E7E0
060370
051F10
043AA0
035630
027E30
01A640
00CE40
FFF640
FF2C30
FE6210
FD9800
FCCDF0
FC1390
FB5920
FA9EC0
F9E460
F93910
F88DC0
F7E280
F73730
F69AB0
F5FE30
F561C0
F4C540
F43870
F3ABA0
F31ED0
F29200
F21600
F19A00
F11E10
F0A210
F035C0
EFC980
EF5D30
EEF0F0
EE9380
EE3610
EDD8B0
ED7B40
ED2D00
ECDEC0
EC9090
EC4250
EC03F0
EBC580
EB8720
EB48C0
EB1860
EAE800
EAB7B0
EA8750
EA6390
EA3FC0
EA1C00
E9F840
E9E0A0
E9C8F0
E9B150
E999B0
E98DD0
E98200
E97620
E96A50
E96870
E96690
E964C0
E962E0
E96970
E97000
E976A0
E97D30
E98B30
E99920
E9A720
E9B520
E9C990
E9DE00
E9F270
EA06E0
EA2010
EA3930
EA5260
EA6B90
EA87E0
EAA430
EAC090
EADCE0
EAFAF0
EB1900
EB3710
EB5520
EB7350
EB9190
EBAFC0
EBCE00
EBEB20
EC0850
EC2570
EC42A0
EC5D80
EC7850
EC9330
ECAE10
ECC500
ECDBF0
ECF2F0
ED09E0
ED1B20
ED2C60
ED3DB0
ED4EF0
ED59E0
ED64E0
ED6FD0
ED7AD0
ED7EC0
ED82B0
ED86A0
ED8A90
ED85F0
ED8150
ED7CC0
ED7820
ED6930
ED5A30
ED4B40
ED3C50
ED2330
ED0A10
ECF0F0
ECD7D0
ECB480
EC9120
EC6DD0
EC4A80
EC1BC0
EBED10
EBBE50
EB8FA0
EB53F0
EB1850
EADCA0
EAA100
EA5970
EA11E0
E9CA60
E982D0
E93020
E8DD70
E88AC0
E83810
E7D9B0
E77B50
E71CF0
E6BE90
E653A0
E5E8C0
E57DD0
E512F0
E49D20
E42750
E3B190
E33BC0
E2BC60
E23D00
E1BDA0
E13E40
E0B560
E02C90
DFA3B0
DF1AE0
DE8860
DDF5D0
DD6350
DCD0D0
DC36D0
DB9CE0
DB02E0
DA68F0
D9C960
D929C0
D88A30
D7EAA0
D74650
D6A200
D5FDB0
D55960
D4B120
D408D0
D36090
D2B850
D20E50
D16450
D0BA50
D01050
CF6690
CEBCD0
CE1310
CD6950
CCC140
CC1930
CB7130
CAC920
CA2440
C97F60
C8DA80
C835A0
C795F0
C6F640
C656A0
C5B6F0
C51E50
C485C0
C3ED20
C35490
C2C4F0
C23550
C1A5C0
C11620
C09190
C00CF0
BF8860
BF03D0
BE8BB0
BE1380
BD9B60
BD2340
BCB900
BC4EC0
BBE480
BB7A40
BB1FE0
BAC590
BA6B30
BA10E0
B9C8B0
B98080
B93850
B8F020
B8BAB0
B88550
B84FE0
B81A80
B7F8B0
B7D6D0
B7B500
B79330
B786C0
B77A60
B76DF0
B76190
B76CD0
B77810
B78350
B78E90
B7B110
B7D390
B7F610
B81890
B85230
B88BE0
B8C580
B8FF30
B95160
B9A3A0
B9F5D0
BA4810
BAB4B0
BB2150
BB8DF0
BBFA90
BC8010
BD0590
BD8B20
BE10A0
BEADE0
BF4B30
BFE870
C085C0
C13B60
C1F100
C2A6B0
C35C50
C42B50
C4FA40
C5C940
C69840
C77E40
C86430
C94A30
CA3030
CB2B40
CC2640
CD2150
CE1C60
CF2C30
D03C00
D14BE0
D25BB0
D38060
D4A510
D5C9D0
D6EE80
D82500
D95B70
DA91F0
DBC870
DD0E10
DE53A0
DF9940
E0DEE0
E23250
E385D0
E4D940
E62CC0
E78D00
E8ED40
EA4D90
EBADD0
ED1790
EE8140
EFEB00
F154C0
F2C500
F43530
F5A570
F715B0
F88A50
F9FF00
FB73A0
FCE850
FE5F70
FFD690
014DC0
02C4E0
043B30
05B170
0727C0
089E00
0A1060
0B82C0
0CF520
0E6780
0FD330
113EF0
12AAA0
141650
157870
16DA90
183CA0
199EC0
1AF4A0
1C4A80
1DA050
1EF630
203D30
218430
22CB30
241230
254750
267C70
27B180
28E6A0
2A0690
2B2670
2C4660
2D6640
2E6F20
2F7810
3080F0
3189D0
3279C0
3369C0
3459B0
3549A0
361DA0
36F1A0
37C5A0
3899A0
394E30
3A02C0
3AB740
3B6BD0
3C0070
3C9500
3D29A0
3DBE30
3E3200
3EA5D0
3F19A0
3F8D70
3FDDE0
402E50
407EB0
40CF20
40F900
4122D0
414CB0
417680
417AC0
417F10
418350
418790
4166C0
4145E0
412510
410430
40BC90
4074F0
402D40
3FE5A0
3F7500
3F0450
3E93B0
3E2300
3D8B80
3CF400
3C5C80
3BC500
3B0850
3A4BB0
398F00
38D250
37EFE0
370D60
362AF0
354870
343F10
3335A0
322C40
3122D0
2FF5D0
2EC8D0
2D9BD0
2C6ED0
2B2100
29D340
288570
2737A0
25C980
245B70
22ED50
217F30
1FF0B0
1E6230
1CD3B0
1B4530
199AE0
17F090
164640
149BF0
12D970
1116F0
0F5470
0D91F0
0BB9F0
09E1F0
0809E0
0631E0
044780
025D10
0072B0
FE8840
FC8DC0
FA9350
F898D0
F69E60
F49660
F28E60
F08670
EE7E70
EC6B80
EA5880
E84590
E632A0
E41710
E1FB80
DFE000
DDC470
DBA360
D98240
D76130
D54020
D31DA0
D0FB10
CED890
CCB610
CA9160
C86CA0
C647F0
C42340
C1F820
BFCD10
BDA1F0
BB76E0
B953E0
B730E0
B50DF0
B2EAF0
B0DAF0
AECAF0
ACBB00
AAAB00
A8B490
A6BE10
A4C7A0
A2D130
A0FC30
9F2720
9D5220
9B7D20
99D040
982370
967690
94C9C0
9348D0
91C7F0
904700
8EC620
8D8210
8C3E00
8AF9F0
89B5E0
88C920
87DC60
86EFA0
8602E0
855470
84A600
83F7A0
834930
82C650
824380
81C0A0
813DD0
80EE60
809EE0
804F70
800000
800000
800000
800000
800000
800000
800000
800000
800000
800000
800000
800000
800000
800030
800060
800090
8000C0
801900
803130
804970
8061B0
809370
80C540
80F700
8128D0
817AB0
81CC80
821E60
827040
82EB00
8365C0
83E090
845B50
850880
85B5B0
8662E0
871010
87F420
88D840
89BC50
8AA070
8BBD00
8CD9A0
8DF630
8F12D0
907A00
91E120
934850
94AF80
967E70
984D50
9A1C40
9BEB30
9E0230
A01930
A23040
A44740
A691F0
A8DC90
AB2740
AD71F0
AFEBD0
B265A0
B4DF80
B75960
B9FAD0
BC9C30
BF3DA0
C1DF10
C49D30
C75B50
CA1970
CCD790
CFA970
D27B60
D54D40
D81F30
DAF770
DDCFC0
E0A800
E38050
E64D50
E91A60
EBE760
EEB470
F179D0
F43F40
F704A0
F9CA10
FC87A0
FF4530
0202D0
04C060
077000
0A1F90
0CCF30
0F7EC0
121B00
14B750
175390
19EFD0
1C7610
1EFC50
218290
2408D0
267690
28E440
2B5200
2DBFB0
300F20
325E80
34ADF0
36FD50
3926E0
3B5070
3D7A00
3FA390
41AA10
43B090
45B700
47BD80
49A220
4B86B0
4D6B50
4F4FE0
510FD0
52CFB0
548FA0
564F80
57E780
597F80
5B1780
5CAF80
5E2210
5F9490
610720
6279A0
63C8A0
6517A0
666690
67B590
68DF70
6A0950
6B3330
6C5D10
6D5F30
6E6140
6F6360
706570
714520
7224D0
730470
73E420
74A4B0
756540
7625C0
76E650
778B50
783050
78D540
797A40
7A0970
7A98A0
7B27C0
7BB6F0
7C2CF0
7CA2F0
7D18F0
7D8EF0
7DED60
7E4BE0
7EAA50
7F08C0
7F4690
7F8460
7FC220
7FFFF0
7FFFF0
7FFFF0
7FFFF0
7FFFF0
7FFFF0
7FFFF0
7FFFF0
7FFFF0
7FFFF0
7FFFF0
7FFFF0
7FFFF0
7FFFF0
7FFFF0
7FFFF0
7FFFF0
7FFFF0
7FFFF0
7FFFF0
7FFFF0
7FFFF0
7FFFF0
7FFFF0
7FFFF0
7FFFF0
7FFFF0
7FFFF0
7FFFF0
7FFFF0
7FFFF0
7FFFF0
7FFFF0
7FB890
7F7130
7F29D0
7EE270
7E72C0
7E0310
7D9350
7D23A0
7C9450
7C04F0
7B75A0
7AE640
7A3320
797FF0
78CCD0
7819A0
774300
766C60
7595C0
74BF20
73C020
72C110
71C210
70C300
6F99C0
6E7080
6D4730
6C1DF0
6AC190
696540
6808E0
66AC80
650DB0
636ED0
61D000
603120
5E61A0
5C9220
5AC290
58F310
56FEC0
550A60
531610
5121B0
4F0AF0
4CF440
4ADD80
48C6C0
469140
445BC0
422630
3FF0B0
3DA4A0
3B5890
390C80
36C070
3464E0
320950
2FADC0
2D5230
2AEE30
288A30
262630
23C230
215DF0
1EF9A0
1C9560
1A3110
17D030
156F50
130E70
10AD90
0E5490
0BFB90
09A280
074980
04FE50
02B320
0067F0
FE1CC0
FBE570
F9AE20
F776D0
F53F80
F32050
F10120
EEE200
ECC2D0
EABFA0
E8BC70
E6B950
E4B620
E2D630
E0F650
DF1660
DD3680
DB8330
D9CFD0
D81C80
D66930
D4E010
D356E0
D1CDC0
D044A0
CEE500
CD8560
CC25D0
CAC630
C99420
C86210
C73010
C5FE00
C4FE10
C3FE30
C2FE40
C1FE60
C12E50
C05E40
BF8E30
BEBE20
BE1C60
BD7AA0
BCD8F0
BC3730
BBC5E0
BB54A0
BAE350
BA7210
BA3450
B9F690
B9B8E0
B97B20
B96C80
B95DD0
B94F30
B94090
B95DA0
B97AC0
B997D0
B9B4F0
B9FDA0
BA4640
BA8EF0
BAD7A0
BB4C50
BBC0F0
BC35A0
BCAA50
BD4600
BDE1A0
BE7D50
BF1900
BFD7B0
C09650
C15500
C213B0
C2F2B0
C3D1B0
C4B0B0
C58FB0
C68BF0
C78820
C88460
C980A0
CA9750
CBADF0
CCC4A0
CDDB50
CF0970
D03790
D165C0
D293E0
D3D6E0
D519E0
D65CE0
D79FE0
D8F560
DA4AE0
DBA070
DCF5F0
DE5A10
DFBE40
E12260
E28690
E3F5C0
E564F0
E6D430
E84360
E9BA50
EB3140
ECA830
EE1F20
EF9A30
F11540
F29060
F40B70
F587D0
F70430
F88090
F9FCF0
FB77B0
FCF270
FE6D40
FFE800
015DB0
02D360
044910
05BEC0
072BA0
089880
0A0560
0B7240
0CD430
0E3630
0F9820
10FA10
124EC0
13A370
14F820
164CD0
179120
18D570
1A19B0
1B5E00
1C8EA0
1DBF30
1EEFD0
202060
213B90
2256B0
2371E0
248D00
2590F0
2694D0
2798C0
289CA0
298630
2A6FB0
2B5940
2C42C0
2D0E40
2DD9C0
2EA530
2F70B0
301E10
30CB70
3178C0
322620
32B4E0
3343A0
33D250
346110
34CEC0
353C80
35AA30
3617E0
3661B0
36AB80
36F550
373F20
376600
378CF0
37B3D0
37DAB0
37DF30
37E3C0
37E840
37ECC0
37CD60
37AE10
378EB0
376F50
372A00
36E4B0
369F60
365A10
35F100
358800
351EF0
34B5E0
342AD0
339FC0
3314A0
328990
31DC00
312E70
3080D0
2FD340
2F0230
2E3120
2D6010
2C8F00
2B9DC0
2AAC80
29BB40
28CA00
27BB50
26AC90
259DE0
248F20
2363C0
223860
210CF0
1FE190
1E9A00
1D5270
1C0AD0
1AC340
196330
180330
16A320
154310
13CDC0
125880
10E330
0F6DE0
0DE550
0C5CC0
0AD420
094B90
07B190
061790
047D90
02E390
013BC0
FF93E0
FDEC00
FC4430
FA91D0
F8DF60
F72D00
F57AA0
F3C050
F20600
F04BC0
EE9170
ECD1D0
EB1240
E952A0
E79310
E5D1A0
E41040
E24ED0
E08D70
DECD70
DD0D70
DB4D70
D98D70
D7D240
D61700
D45BD0
D2A0A0
D0EDE0
CF3B20
CD8870
CBD5B0
CA2DB0
C885B0
C6DDB0
C535B0
C39AD0
C1FFF0
C06510
BECA30
BD3FA0
BBB500
BA2A70
B89FE0
B728E0
B5B1F0
B43AF0
B2C400
B16290
B00110
AE9FA0
AD3E30
ABF440
AAAA50
A96060
A81670
A6E6F0
A5B770
A48800
A35880
A246B0
A134D0
A02300
9F1130
9E1E20
9D2B10
9C3800
9B44F0
9A71E0
999ED0
98CBD0
97F8C0
974860
969800
95E7A0
953740
94ACB0
942220
9397A0
930D10
92A820
924330
91DE40
917950
913A50
90FB50
90BC50
907D50
9065B0
904E10
903680
901EE0
903020
904160
9052A0
9063E0
909E50
90D8D0
911340
914DC0
91B1A0
921590
927970
92DD60
936C80
93FB90
948AB0
9519D0
95D6B0
9693A0
975080
980D70
98F5D0
99DE40
9AC6A0
9BAF10
9CC130
9DD350
9EE580
9FF7A0
A13460
A27130
A3ADF0
A4EAC0
A653E0
A7BCF0
A92610
AA8F30
AC2090
ADB200
AF4360
B0D4D0
B28B40
B441A0
B5F810
B7AE80
B98940
BB6410
BD3ED0
BF19A0
C118A0
C317A0
C516A0
C715A0
C93400
CB5270
CD70D0
CF8F40
D1C8B0
D40210
D63B80
D874F0
DAC7E0
DD1AC0
DF6DB0
E1C0A0
E42C80
E69850
E90430
EB7010
EDEDA0
F06B30
F2E8C0
F56650
F7EFA0
FA78F0
FD0240
FF8B90
021C20
04ACB0
073D30
09CDC0
0C6060
0EF2F0
118590
141820
16A8C0
193960
1BC9F0
1E5A90
20E470
236E50
25F830
288210
2B0230
2D8250
300260
328280
34F760
376C50
39E130
3C5610
3EB640
411680
4376B0
45D6E0
481AD0
4A5EB0
4CA2A0
4EE680
510710
5327B0
554840
5768D0
595D70
5B5200
5D46A0
5F3B30
6100F0
62C6C0
648C80
665240
67E820
697E10
6B13F0
6CA9D0
6E01D0
6F59C0
70B1C0
7209B0
730D60
741100
7514B0
761850
76DF90
77A6E0
786E20
793560
79CF60
7A6970
7B0370
7B9D70
7C0E30
7C7EF0
7CEFB0
7D6070
7DAF20
7DFDC0
7E4C70
7E9B10
7ECD30
7EFF40
7F3160
7F6370
7F7E80
7F9990
7FB4A0
7FCFB0
7FDAD0
7FE5E0
7FF100
7FFC10
7FFD10
7FFE00
7FFF00
7FFFF0
7FFFF0
7FFFF0
7FFFF0
7FFFF0
7FFFF0
7FFFF0
7FFFF0
7FFFF0
7FFFF0
7FFFF0
7FFFF0
7FFFF0
7FFFF0
7FFFF0
7FFFF0
7FFFF0
7FFFF0
7FFFF0
7FFFF0
7FFFF0
7FFFF0
7FFFF0
7FFFF0
7FFFF0
7FFFF0
7FFFF0
7FFFF0
7FFFF0
7FCA00
7F9410
7F5E20
7F2830
7ED750
7E8670
7E3590
7DE4B0
7D8230
7D1FB0
7CBD20
7C5AA0
7BE590
7B7070
7AFB60
7A8640
7A01D0
797D60
78F8F0
787480
77DDA0
7746C0
76AFE0
761900
756DC0
74C270
741730
736BE0
72AC30
71EC80
712CC0
706D10
6F98F0
6EC4D0
6DF0A0
6D1C80
6C3210
6B47B0
6A5D40
6972D0
6870D0
676ED0
666CD0
656AD0
644FA0
633470
621940
60FE10
5FC770
5E90D0
5D5A20
5C2380
5AD220
5980B0
582F50
56DDE0
557290
540740
529BE0
513090
4FA8B0
4E20E0
4C9900
4B1120
496860
47BF90
4616D0
446E00
42AA90
40E720
3F23B0
3D6040
3B8690
39ACE0
37D330
35F980
340AB0
321BD0
302D00
2E3E20
2C3B60
2A38B0
2835F0
263330
242080
220DD0
1FFB10
1DE860
1BC960
19AA60
178B50
156C50
134310
1119E0
0EF0A0
0CC760
0A9590
0863C0
0631F0
040020
01CAD0
FF9580
FD6040
FB2AF0
F8F690
F6C220
F48DC0
F25960
F029A0
EDF9E0
EBCA30
E99A70
E77380
E54C90
E325A0
E0FEB0
DEE3D0
DCC8E0
DAAE00
D89320
D68710
D47B00
D26F00
D062F0
CE6B20
CC7340
CA7B70
C883A0
C6A700
C4CA60
C2EDD0
C11130
BF4DA0
BD8A10
BBC680
BA02F0
B857C0
B6AC90
B50170
B35640
B1C600
B035C0
AEA590
AD1550
ABA2A0
AA2FF0
A8BD40
A74A90
A5F470
A49E60
A34840
A1F230
A0B810
9F7E00
9E43E0
9D09D0
9BED20
9AD070
99B3C0
989710
9799C0
969C70
959F20
94A1D0
93C190
92E160
920120
9120F0
905C20
8F9740
8ED270
8E0DA0
8D6450
8CBB00
8C11B0
8B6860
8ADAF0
8A4D80
89C020
8932B0
88BEA0
884AA0
87D690
876290
870610
86A990
864D10
85F090
85AA20
8563B0
851D40
84D6D0
84A480
847220
843FD0
840D80
83EEC0
83D000
83B140
839280
838670
837A60
836E60
836250
8367F0
836DA0
837340
8378F0
838F90
83A620
83BCC0
83D360
83F950
841F50
844540
846B40
849F30
84D310
850700
853AF0
857B90
85BC30
85FCD0
863D70
868960
86D540
872130
876D20
87C340
881970
886F90
88C5C0
892500
898440
89E380
8A42C0
8AA9D0
8B10E0
8B77F0
8BDF00
8C4C90
8CBA10
8D27A0
8D9530
8E0840
8E7B40
8EEE50
8F6160
8FD8E0
905050
90C7D0
913F50
91BA30
923500
92AFE0
932AC0
93A810
942560
94A2C0
952010
959E70
961CD0
969B30
971990
9797C0
9815E0
989410
991240
998ED0
9A0B60
9A8800
9B0490
9B7DF0
9BF750
9C70B0
9CEA10
9D5FA0
9DD530
9E4AC0
9EC050
9F3150
9FA260
A01360
A08470
A0EFB0
A15AF0
A1C630
A23170
A29590
A2F9B0
A35DE0
A3C200
A41EA0
A47B50
A4D7F0
A534A0
A58950
A5DDF0
A632A0
A68750
A6D2F0
A71E80
A76A20
A7B5C0
A7F6F0
A83820
A87960
A8BA90
A8F190
A92890
A95FA0
A996A0
A9C380
A9F060
AA1D40
AA4A20
AA6C10
AA8E00
AAB000
AAD1F0
AAE800
AAFE10
AB1430
AB2A40
AB3510
AB3FE0
AB4AC0
AB5590
AB55A0
AB55A0
AB55B0
AB55C0
AB4AA0
AB3F80
AB3460
AB2940
AB1260
AAFB70
AAE490
AACDB0
AAAC20
AA8A90
AA6910
AA4780
AA1C20
A9F0C0
A9C560
A99A00
A964F0
A92FE0
A8FAE0
A8C5D0
A88720
A84870
A809D0
A7CB20
A78400
A73CD0
A6F5B0
A6AE90
A66000
A61160
A5C2D0
A57440
A51EB0
A4C920
A47390
A41E00
A3C1C0
A36570
A30930
A2ACF0
A24B70
A1EA00
A18880
A12710
A0C1C0
A05C60
9FF710
9F91C0
9F2960
9EC100
9E58B0
9DF050
9D85C0
9D1B30
9CB0A0
9C4610
9BDAC0
9B6F70
9B0420
9A98D0
9A2E10
99C350
9958A0
98EDE0
9884D0
981BD0
97B2C0
9749C0
96E380
967D40
961700
95B0C0
954EB0
94ECA0
948AA0
942890
93CC00
936F80
9312F0
92B670
9260B0
920AF0
91B540
915F80
9111F0
90C450
9076C0
902930
8FE4F0
8FA0B0
8F5C80
8F1840
8EDE80
8EA4C0
8E6B10
8E3150
8E0380
8DD5A0
8DA7D0
8D7A00
8D59A0
8D3930
8D18D0
8CF870
8CE640
8CD400
8CC1D0
8CAFA0
8CAC70
8CA930
8CA600
8CA2D0
8CAFF0
8CBD10
8CCA30
8CD750
8CF640
8D1540
8D3430
8D5330
8D8440
8DB550
8DE670
8E1780
8E5B10
8E9E90
8EE220
8F25B0
8F7CD0
8FD3F0
902B20
908240
90EE60
915A80
91C6A0
9232C0
92B380
933440
93B500
9435C0
94CAF0
956030
95F560
968AA0
973500
97DF70
9889D0
993440
99F4C0
9AB540
9B75D0
9C3650
9D0C20
9DE200
9EB7D0
9F8DB0
A07840
A162E0
A24D70
A33810
A437C0
A53780
A63730
A736F0
A84C70
A961F0
AA7780
AB8D00
ACB6D0
ADE0A0
AF0A70
B03440
B17130
B2AE10
B3EB00
B527F0
B677D0
B7C7A0
B91780
BA6760
BBCA50
BD2D30
BE9020
BFF310
C16710
C2DB00
C44F00
C5C300
C74660
C8C9B0
CA4D10
CBD070
CD6270
CEF470
D08680
D21880
D3B8A0
D558C0
D6F8E0
D89900
DA44F0
DBF0E0
DD9CE0
DF48D0
E0FE80
E2B440
E469F0
E61FB0
E7DDD0
E99C00
EB5A20
ED1850
EEDDB0
F0A310
F26880
F42DE0
F5F820
F7C270
F98CB0
FB5700
FD2400
FEF0F0
00BDF0
028AF0
0458F0
0626E0
07F4E0
09C2D0
0B9010
0D5D60
0F2AA0
10F7E0
12C220
148C60
165690
1820D0
19E5E0
1BAAE0
1D6FF0
1F34F0
20F2B0
22B070
246E30
262BF0
27E050
2994C0
2B4920
2CFD80
2EA680
304F70
31F870
33A160
353CF0
36D880
387400
3A0F90
3B9B70
3D2760
3EB340
403F20
41B8F0
4332C0
44AC80
462650
478C90
48F2D0
4A5900
4BBF40
4D1060
4E6170
4FB290
5103A0
523D70
537730
54B100
55EAC0
570AC0
582AD0
594AD0
5A6AD0
5B7040
5C75B0
5D7B10
5E8080
5F6A60
605440
613E20
622800
62F460
63C0C0
648D10
655970
660600
66B280
675F10
680B90
689850
692510
69B1D0
6A3E90
6AAB50
6B1810
6B84C0
6BF180
6C3CC0
6C8800
6CD330
6D1E70
6D4650
6D6E20
6D9600
6DBDD0
6DC330
6DC890
6DCDE0
6DD340
6DB6B0
6D9A20
6D7D80
6D60F0
6D2190
6CE220
6CA2C0
6C6350
6BFFD0
6B9C50
6B38D0
6AD550
6A4F70
69C990
6943B0
68BDD0
6816F0
677000
66C920
662230
655A20
649220
63CA10
630200
621850
612EB0
604500
5F5B50
5E5260
5D4980
5C4090
5B37A0
5A1180
58EB50
57C530
569F00
555C50
541990
52D6E0
519420
503530
4ED640
4D7750
4C1860
4AA020
4927E0
47AFA0
463760
44A850
431950
418A40
3FFB30
3E56D0
3CB260
3B0E00
396990
37B100
35F870
343FE0
328750
30BDC0
2EF440
2D2AB0
2B6120
298970
27B1C0
25DA10
240260
221EB0
203AF0
1E5740
1C7380
1A85D0
189820
16AA70
14BCC0
12C820
10D390
0EDEF0
0CEA50
0AF1B0
08F910
070060
0507C0
030DB0
0113A0
FF1980
FD1F70
FB2690
F92DB0
F734E0
F53C00
F34710
F15220
EF5D40
ED6850
EB7A00
E98BB0
E79D70
E5AF20
E3CA50
E1E580
E000B0
DE1BE0
DC43A0
DA6B60
D89330
D6BAF0
D4F160
D327C0
D15E30
CF94A0
CDDBE0
CC2320
CA6A60
C8B1A0
C70C90
C56780
C3C270
C21D60
C08F20
BF00F0
BD72B0
BBE480
BA6E70
B8F860
B78250
B60C40
B4AFD0
B35360
B1F6F0
B09A80
AF5A50
AE1A20
ACDA00
AB99D0
AA78E0
A957F0
A83710
A71620
A614C0
A51370
A41210
A310C0
A22FA0
A14E80
A06D60
9F8C40
9ECD70
9E0E90
9D4FC0
9C90F0
9BF6E0
9B5CE0
9AC2D0
9A28D0
99B2F0
993D20
98C740
985170
97FF80
97ADA0
975BB0
9709D0
96DD30
96B0A0
968400
965770
965200
964C80
964710
9641A0
9661C0
9681E0
96A200
96C220
9706B0
974B40
978FE0
97D470
983E00
98A790
991130
997AC0
9A0A30
9A99B0
9B2920
9BB8A0
9C6BB0
9D1EC0
9DD1E0
9E84F0
9F59C0
A02E90
A10370
A1D840
A2CE70
A3C4B0
A4BAE0
A5B120
A6C8A0
A7E030
A8F7B0
AA0F40
AB4550
AC7B50
ADB160
AEE770
B03990
B18BB0
B2DDE0
B43000
B59D00
B70A00
B87710
B9E410
BB6AF0
BCF1D0
BE78B0
BFFF90
C19D40
C33AF0
C4D8A0
C67650
C82810
C9D9D0
CB8BA0
CD3D60
CF0140
D0C520
D28910
D44CF0
D62110
D7F530
D9C960
DB9D80
DD7EF0
DF6050
E141C0
E32330
E50F20
E6FB00
E8E6F0
EAD2E0
ECC6D0
EEBAC0
F0AEC0
F2A2B0
F49C20
F69580
F88EF0
FA8860
FC84B0
FE8100
007D50
0279A0
047650
067300
086FA0
0A6C50
0C66A0
0E60F0
105B40
125590
144AA0
163FA0
1834B0
1A29B0
1C1770
1E0530
1FF2E0
21E0A0
23C500
25A960
278DB0
297210
2B4A50
2D2290
2EFAD0
30D310
329C40
346570
362E90
37F7C0
39B090
3B6950
3D2220
3EDAE0
4081D0
4228D0
43CFC0
4576B0
470950
489C00
4A2EA0
4BC140
4D3CC0
4EB850
5033D0
51AF50
531340
547740
55DB30
573F20
588AD0
59D680
5B2230
5C6DE0
5D9F50
5ED0C0
600220
613390
624850
635D10
6471D0
658690
667F20
6777A0
687030
6968B0
6A4520
6B2180
6BFDF0
6CDA50
6D9940
6E5830
6F1720
6FD610
7075E0
7115C0
71B590
725560
72D730
735910
73DAE0
745CB0
74C150
7525E0
758A80
75EF10
7635E0
767CB0
76C370
770A40
773260
775A80
7782A0
77AAC0
77B5E0
77C100
77CC20
77D740
77C6B0
77B620
77A590
779500
7768F0
773CE0
7710C0
76E4B0
769D10
765560
760DC0
75C610
7564E0
7503A0
74A270
744130
73C820
734F00
72D5F0
725CD0
71CCB0
713CA0
70AC80
701C60
6F75F0
6ECF80
6E2910
6D82A0
6CC800
6C0D50
6B52B0
6A9800
69CB00
68FE00
6830F0
6763F0
6685F0
65A7F0
64C9E0
63EBE0
62FE40
6210A0
6122F0
603550
5F3A00
5E3EA0
5D4350
5C47F0
5B40B0
5A3980
593240
582B00
5719A0
560840
54F6D0
53E570
52CBB0
51B1F0
509820
4F7E60
4E5DD0
4D3D50
4C1CC0
4AFC30
49D670
48B0A0
478AE0
466510
453BF0
4412C0
42E9A0
41C070
4095F0
3F6B60
3E40E0
3D1650
3BEB80
3AC0B0
3995E0
386B10
374130
361740
34ED60
33C370
329C30
3174F0
304DB0
2F2670
2E03E0
2CE150
2BBEC0
2A9C30
297ED0
286160
274400
262690
250F00
23F770
22DFE0
21C850
20B810
1FA7E0
1E97A0
1D8760
1C8030
1B7900
1A71C0
196A90
186C60
176E30
166FF0
1571C0
147CC0
1387D0
1292D0
119DD0
10B320
0FC870
0EDDB0
0DF300
0D13E0
0C34B0
0B5590
0A7660
09A250
08CE40
07FA30
072620
065D00
0593D0
04CAB0
040180
0343D0
028630
01C880
010AD0
005970
FFA810
FEF6B0
FE4550
FD9F70
FCF990
FC53C0
FBADE0
FB12F0
FA7800
F9DD10
F94220
F8B240
F82260
F79280
F702A0
F67E10
F5F970
F574E0
F4F050
F47610
F3FBE0
F381A0
F30770
F296D0
F22630
F1B590
F144F0
F0DDA0
F07640
F00EF0
EFA7A0
EF4960
EEEB20
EE8CE0
EE2EA0
EDD880
ED8250
ED2C30
ECD610
EC8730
EC3860
EBE980
EB9AB0
EB5280
EB0A50
EAC230
EA7A00
EA37D0
E9F5B0
E9B380
E97160
E93480
E8F7A0
E8BAC0
E87DE0
E84590
E80D50
E7D500
E79CC0
E76850
E733D0
E6FF60
E6CAF0
E69970
E66800
E63680
E60510
E5D620
E5A720
E57830
E54940
E51C50
E4EF50
E4C260
E49570
E469B0
E43DF0
E41240
E3E680
E3BB00
E38F90
E36410
E338A0
E30D60
E2E210
E2B6D0
E28B90
E26050
E23510
E209E0
E1DEA0
E1B2C0
E186E0
E15B10
E12F30
E101E0
E0D4A0
E0A750
E07A10
E04BA0
E01D30
DFEED0
DFC060
DF90F0
DF6180
DF3210
DF02A0
DED1C0
DEA0F0
DE7010
DE3F40
DE0C70
DDD9A0
DDA6E0
DD7410
DD3FE0
DD0BA0
DCD770
DCA340
DC6E10
DC38E0
DC03C0
DBCE90
DB9850
DB6200
DB2BC0
DAF580
DABDE0
DA8640
DA4EA0
DA1700
D9DED0
D9A6A0
D96E80
D93650
D8FE40
D8C640
D88E30
D85630
D81E80
D7E6C0
D7AF10
D77760
D74020
D708D0
D6D190
D69A50
D66460
D62E80
D5F890
D5C2B0
D58EF0
D55B30
D52780
D4F3C0
D4C2A0
D49190
D46070
D42F60
D40160
D3D360
D3A570
D37770
D34D70
D32380
D2F980
D2CF90
D2AA60
D28530
D26010
D23AE0
D21B40
D1FBA0
D1DC00
D1BC60
D1A320
D189E0
D170A0
D15760
D14510
D132C0
D12070
D10E20
D10360
D0F890
D0EDD0
D0E310
D0E090
D0DE20
D0DBA0
D0D930
D0DFE0
D0E680
D0ED30
D0F3E0
D10410
D11440
D12470
D134A0
D14EC0
D168E0
D18300
D19D20
D1C1F0
D1E6B0
D20B80
D23050
D260B0
D29110
D2C180
D2F1E0
D32DD0
D369C0
D3A5C0
D3E1B0
D42940
D470D0
D4B860
D4FFF0
D553B0
D5A760
D5FB20
D64EE0
D6AF80
D71030
D770D0
D7D180
D83EB0
D8ABD0
D91900
D98630
D9FFA0
DA7910
DAF290
DB6C00
DBF210
DC7820
DCFE40
DD8450
DE1790
DEAAE0
DF3E20
DFD170
E07110
E110B0
E1B050
E24FF0
E2FB40
E3A690
E451F0
E4FD40
E5B440
E66B40
E72250
E7D950
E89C20
E95EF0
EA21D0
EAE4A0
EBB230
EC7FC0
ED4D60
EE1AF0
EEF260
EFC9D0
F0A150
F178C0
F259C0
F33AB0
F41BB0
F4FCB0
F5E6F0
F6D130
F7BB80
F8A5C0
F99810
FA8A60
FB7CB0
FC6F00
FD6840
FE6190
FF5AD0
005420
0153B0
025350
0352E0
045270
0557B0
065CF0
076220
086760
097110
0A7AB0
0B8460
0C8E00
0D9AF0
0EA7D0
0FB4C0
10C1A0
11D0E0
12E010
13EF50
14FE80
160F10
171FA0
183030
1940C0
1A5190
1B6250
1C7320
1D83E0
1E93D0
1FA3B0
20B3A0
21C380
22D180
23DF70
24ED70
25FB60
270640
281130
291C10
2A26F0
2B2DD0
2C34A0
2D3B80
2E4250
2F4430
304610
3147E0
3249C0
334570
344130
353CE0
363890
372CE0
382130
391570
3A09C0
3AF600
3BE250
3CCE90
3DBAD0
3E9E60
3F81F0
406580
414910
4222E0
42FCB0
43D680
44B050
457F30
464E10
471CE0
47EBC0
48AF60
497300
4A3690
4AFA30
4BB220
4C6A20
4D2210
4DDA00
4E8560
4F30B0
4FDC10
508760
512500
51C2B0
526050
52FDF0
538E00
541E20
54AE30
553E40
55C0C0
564330
56C5B0
574820
57BC60
5830B0
58A4F0
591930
597E80
59E3D0
5A4910
5AAE60
5B0510
5B5BC0
5BB270
5C0920
5C5170
5C99C0
5CE200
5D2A50
5D63E0
5D9D80
5DD710
5E10A0
5E3B00
5E6560
5E8FC0
5EBA20
5ED5F0
5EF1D0
5F0DA0
5F2970
5F3730
5F44F0
5F52A0
5F6060
5F6010
5F5FB0
5F5F60
5F5F00
5F5080
5F41F0
5F3370
5F24E0
5F08F0
5EED00
5ED100
5EB510
5E8C50
5E6390
5E3AC0
5E1200
5DDCB0
5DA770
5D7220
5D3CD0
5CFB30
5CB980
5C77E0
5C3630
5BE900
5B9BD0
5B4EA0
5B0170
5AA970
5A5170
59F970
59A170
593F20
58DCE0
587A90
581840
57AC20
574000
56D3E0
5667C0
55F290
557D60
550820
5492F0
541560
5397D0
531A30
529CA0
521750
519210
510CC0
508770
4FFB10
4F6EC0
4EE260
4E5600
4DC340
4D3070
4C9DB0
4C0AE0
4B7240
4AD9B0
4A4110
49A870
490AB0
486D00
47CF40
473180
468F60
45ED50
454B30
44A910
440310
435D10
42B700
421100
416790
40BE20
4014B0
3F6B40
3EBF20
3E12F0
3D66D0
3CBAA0
3C0C80
3B5E60
3AB040
3A0220
395250
38A280
37F2B0
3742E0
3691B0
35E080
352F50
347E20
33CC20
331A30
326830
31B630
310410
3051F0
2F9FC0
2EEDA0
2E3B80
2D8950
2CD730
2C2500
2B7310
2AC120
2A0F30
295D40
28AC00
27FAB0
274970
269820
25E800
2537F0
2487D0
23D7B0
2328D0
2279E0
21CB00
211C10
206E80
1FC0F0
1F1360
1E65D0
1DB9E0
1D0DF0
1C6200
1BB610
1B0C20
1A6230
19B830
190E40
186650
17BE50
171660
166E60
15C880
1522A0
147CB0
13D6D0
133330
128F90
11EBF0
114850
10A730
100610
0F64F0
0EC3D0
0E2530
0D86A0
0CE800
0C4960
0BAD50
0B1150
0A7540
09D930
093FD0
08A660
080D00
077390
06DCE0
064630
05AF80
0518D0
048500
03F120
035D50
02C970
023890
01A7B0
0116D0
0085F0
FFF810
FF6A30
FEDC60
FE4E80
FDC3A0
FD38C0
FCADE0
FC2300
FB9B60
FB13D0
FA8C30
FA04A0
F98090
F8FC90
F87880
F7F480
F77420
F6F3C0
F67360
F5F300
F57660
F4F9B0
F47D10
F40070
F387E0
F30F50
F296D0
F21E40
F1AA20
F13600
F0C1E0
F04DC0
EFDE40
EF6EC0
EEFF40
EE8FC0
EE2500
EDBA40
ED4F80
ECE4C0
EC7F30
EC19B0
EBB420
EB4EA0
EAEEB0
EA8EC0
EA2ED0
E9CEE0
E974D0
E91AC0
E8C0C0
E866B0
E812C0
E7BED0
E76AE0
E716F0
E6C9A0
E67C40
E62EF0
E5E1A0
E59B60
E55510
E50ED0
E4C890
E489C0
E44AF0
E40C30
E3CD60
E39670
E35F90
E328A0
E2F1C0
E2C310
E29470
E265C0
E23720
E21110
E1EB10
E1C500
E19F00
E18200
E16500
E14810
E12B10
E11780
E103F0
E0F060
E0DCD0
E0D310
E0C950
E0BF90
E0B5D0
E0B640
E0B6A0
E0B710
E0B780
E0C290
E0CD90
E0D8A0
E0E3B0
E0F9D0
E10FF0
E12610
E13C30
E15DA0
E17F20
E1A090
E1C210
E1EF20
E21C20
E24930
E27640
E2AF50
E2E860
E32170
E35A80
E3A020
E3E5C0
E42B60
E47100
E4C330
E51550
E56780
E5B9B0
E61870
E67740
E6D600
E734D0
E7A070
E80C10
E877B0
E8E350
E95BF0
E9D4A0
EA4D40
EAC5F0
EB4BD0
EBD1A0
EC5780
ECDD60
ED7080
EE03A0
EE96D0
EF29F0
EFCAC0
F06BA0
F10C70
F1AD50
F25C80
F30BB0
F3BAE0
F46A10
F52700
F5E3F0
F6A0E0
F75DD0
F82800
F8F220
F9BC50
FA8680
FB5E30
FC35E0
FD0D90
FDE540
FECB00
FFB0D0
0096A0
017C60
026EF0
036180
045400
054690
0644D0
074310
084140
093F80
0A4930
0B52E0
0C5C90
0D6640
0E7B40
0F9050
10A550
11BA50
12D930
13F810
1516F0
1635D0
175D30
1884A0
19AC00
1AD360
1C02F0
1D3270
1E6200
1F9180
20C950
220110
2338E0
2470A0
25ADF0
26EB50
2828A0
2965F0
2AA6A0
2BE760
2D2810
2E68C0
2FAB60
30EE00
323090
337330
34B620
35F910
373BF0
387EE0
39C060
3B01F0
3C4370
3D84F0
3EC370
4001F0
414060
427EE0
43B870
44F200
462B80
476510
489790
49CA10
4AFC80
4C2F00
4D5980
4E8400
4FAE80
50D900
51FA80
531BF0
543D70
555EE0
567590
578C40
58A2F0
59B9A0
5AC3A0
5BCD90
5CD790
5DE180
5EDE50
5FDB30
60D800
61D4D0
62C410
63B350
64A280
6591C0
6671B0
675190
683180
691160
69DFB0
6AAE00
6B7C50
6C4AA0
6D0880
6DC660
6E8440
6F4220
6FF030
709E40
714C40
71FA50
7297E0
733580
73D310
7470A0
74FD10
758980
7615E0
76A250
771E70
779A80
7816A0
7892B0
78FF40
796BD0
79D850
7A44E0
7AA140
7AFDA0
7B59F0
7BB650
7C0130
7C4C20
7C9700
7CE1E0
7D1E20
7D5A60
7D96A0
7DD2E0
7E02A0
7E3250
7E6210
7E91C0
7EB5F0
7EDA10
7EFE40
7F2260
7F3C30
7F5600
7F6FD0
7F89A0
7F9A90
7FAB70
7FBC60
7FCD40
7FD640
7FDF40
7FE840
7FF140
7FF4F0
7FF890
7FFC40
7FFFE0
7FFFE0
7FFFF0
7FFFF0
7FFFF0
7FFFF0
7FFFF0
7FFFF0
7FFFF0
7FF860
7FF0E0
7FE950
7FE1C0
7FD3B0
7FC5A0
7FB790
7FA980
7F9380
7F7D80
7F6770
7F5170
7F3350
7F1530
7EF700
7ED8E0
7EB270
7E8C00
7E6580
7E3F10
7E0EE0
7DDEB0
7DAE80
7D7E50
7D4260
7D0680
7CCA90
7C8EA0
7C48A0
7C0290
7BBC90
7B7680
7B2760
7AD840
7A8910
7A39F0
79E190
798940
7930E0
78D880
7876F0
781560
77B3D0
775240
76E830
767E20
761400
75A9F0
753810
74C630
745450
73E270
7368B0
72EEF0
727520
71FB60
717940
70F720
7074F0
6FF2D0
6F6A40
6EE1C0
6E5930
6DD0A0
6D4340
6CB5E0
6C2870
6B9B10
6B09A0
6A7830
69E6C0
695550
68C0C0
682C20
679790
6702F0
666C90
65D620
653FC0
64A950
641260
637B80
62E490
624DA0
61B740
6120F0
608A90
5FF430
5F5F70
5ECAB0
5E35F0
5DA130
5D0F70
5C7DC0
5BEC00
5B5A40
5ACCD0
5A3F60
59B1E0
592470
589CC0
581500
578D50
570590
568540
5604E0
558490
550430
548BE0
541380
539B30
5322D0
52B310
524360
51D3A0
5163E0
50FE80
509910
5033B0
4FCE40
4F7570
4F1CA0
4EC3D0
4E6B00
4E1DB0
4DD070
4D8320
4D35D0
4CF370
4CB110
4C6EA0
4C2C40
4BF580
4BBED0
4B8810
4B5150
4B2710
4AFCD0
4AD290
4AA850
4A89A0
4A6AE0
4A4C30
4A2D70
4A1980
4A0590
49F1A0
49DDB0
49D4C0
49CBD0
49C2E0
49B9F0
49BC70
49BEF0
49C170
49C3F0
49D060
49DCD0
49E940
49F5B0
4A0AE0
4A2010
4A3530
4A4A60
4A67E0
4A8560
4AA2E0
4AC060
4AE5E0
4B0B50
4B30D0
4B5640
4B8240
4BAE40
4BDA30
4C0630
4C3770
4C68B0
4C99F0
4CCB30
4D00A0
4D3610
4D6B80
4DA0F0
4DD960
4E11C0
4E4A30
4E8290
4EBD30
4EF7D0
4F3270
4F6D10
4FA910
4FE510
502110
505D10
509970
50D5E0
511240
514EA0
518A70
51C640
520210
523DE0
527840
52B2A0
52ED00
532760
535F80
5397A0
53CFB0
5407D0
543CA0
547170
54A630
54DB00
550B60
553BC0
556C10
559C70
55C7E0
55F340
561EB0
564A10
567000
5695E0
56BBD0
56E1B0
570120
572090
573FF0
575F60
577730
578F00
57A6D0
57BEA0
57CEC0
57DEE0
57EEF0
57FF10
580740
580F70
581790
581FC0
581F40
581EC0
581E40
581DC0
5813B0
5809A0
57FF80
57F570
57E200
57CE90
57BB20
57A7B0
578AF0
576E40
575180
5734C0
570E30
56E7B0
56C120
569A90
566980
563860
560750
55D630
559B40
556040
552550
54EA50
54A5F0
546180
541D20
53D8B0
538AB0
533CC0
52EEC0
52A0C0
5248E0
51F100
519920
514140
50E060
507F70
501E90
4FBDA0
4F5470
4EEB40
4E8200
4E18D0
4DA770
4D3620
4CC4C0
4C5360
4BD9E0
4B6060
4AE6D0
4A6D50
49ECD0
496C40
48EBC0
486B30
47E4A0
475E20
46D790
465100
45C4F0
4538D0
44ACC0
4420A0
438F50
42FE10
426CC0
41DB70
414640
40B120
401BF0
3F86C0
3EEEE0
3E56F0
3DBF10
3D2720
3C8D50
3BF380
3B59B0
3ABFE0
3A24F0
398A10
38EF20
385430
37B960
371E90
3683B0
35E8E0
354F40
34B5A0
341C00
338260
32EB10
3253B0
31BC60
312500
309110
2FFD30
2F6940
2ED550
2E45C0
2DB620
2D2690
2C96F0
2C0C90
2B8240
2AF7E0
2A6D80
29E980
296580
28E170
285D70
27E100
276490
26E810
266BA0
25F760
258320
250ED0
249A90
242F30
23C3D0
235860
22ED00
228B90
222A20
21C8B0
216740
2110F0
20BAB0
206460
200E10
1FC330
1F7850
1F2D60
1EE280
1EA360
1E6440
1E2520
1DE600
1DB390
1D8130
1D4EC0
1D1C50
1CF7B0
1CD310
1CAE70
1C89D0
1C72D0
1C5BD0
1C44C0
1C2DC0
1C2450
1C1AD0
1C1160
1C07E0
1C0CA0
1C1160
1C1620
1C1AE0
1C2EB0
1C4290
1C5660
1C6A30
1C8C70
1CAEB0
1CD0E0
1CF320
1D2350
1D5380
1D83B0
1DB3E0
1DF250
1E30C0
1E6F20
1EAD90
1EFAB0
1F47E0
1F9500
1FE220
203CF0
2097C0
20F290
214D60
21B510
221CC0
228460
22EC10
236080
23D4E0
244950
24BDB0
253EE0
25C000
264130
26C250
274EF0
27DB90
286830
28F4D0
298BE0
2A22E0
2AB9F0
2B50F0
2BF1E0
2C92C0
2D33B0
2DD490
2E7F00
2F2960
2FD3D0
307E30
3130B0
31E320
3295A0
334810
340150
34BA80
3573C0
362CF0
36EC10
37AB30
386A40
392960
39ED90
3AB1C0
3B75E0
3C3A10
3D01E0
3DC9B0
3E9180
3F5950
402370
40ED90
41B7B0
4281D0
434D20
441880
44E3D0
45AF20
467A90
4745F0
481160
48DCC0
49A6F0
4A7110
4B3B40
4C0560
4CCD10
4D94B0
4E5C60
4F2400
4FE7D0
50ABB0
516F80
523350
52F1F0
53B0A0
546F40
552DE0
55E650
569EC0
575720
580F90
58C0C0
5971F0
5A2320
5AD450
5B7D00
5C25A0
5CCE50
5D76F0
5E15A0
5EB460
5F5310
5FF1C0
6085D0
6119E0
61ADE0
6241F0
62CA90
635340
63DBE0
646480
64E080
655C90
65D890
665490
66C290
673090
679E90
680C90
686C40
68CC00
692BB0
698B60
69DC70
6A2D70
6A7E80
6ACF80
6B10E0
6B5240
6B9390
6BD4F0
6C0570
6C35F0
6C6670
6C96F0
6CB6B0
6CD680
6CF640
6D1600
6D2510
6D3410
6D4320
6D5220
6D4FB0
6D4D40
6D4AD0
6D4860
6D3390
6D1EC0
6D09F0
6CF520
6CCE80
6CA7F0
6C8150
6C5AB0
6C22A0
6BEAA0
6BB290
6B7A80
6B30B0
6AE6D0
6A9D00
6A5320
69F700
699AE0
693EC0
68E2A0
687510
680790
679A00
672C70
66AE20
662FE0
65B190
653340
64A440
641550
638650
62F750
625790
61B7D0
611810
607850
5FC8E0
5F1970
5E69F0
5DBA80
5CFC40
5C3E10
5B7FD0
5AC190
59F4F0
592850
585BB0
578F10
56B450
55D990
54FED0
542410
533C70
5254D0
516D30
508590
4F9230
4E9EC0
4DAB60
4CB7F0
4BB970
4ABAF0
49BC70
48BDF0
47B500
46AC10
45A320
449A30
438810
427600
4163E0
4051C0
3F37A0
3E1D80
3D0360
3BE940
3AC810
39A6D0
3885A0
376460
363D00
3515B0
33EE50
32C6F0
319AA0
306E50
2F4200
2E15B0
2CE590
2BB570
2A8550
295530
282260
26EF90
25BCB0
2489E0
235580
222130
20ECD0
1FB870
1E8380
1D4EA0
1C19B0
1AE4C0
19B040
187BD0
174750
1612D0
14DFE0
13AD00
127A10
114720
1016F0
0EE6D0
0DB6A0
0C8670
0B59D0
0A2D40
0900A0
07D400
06ABD0
0583A0
045B60
033330
021080
00EDD0
FFCB10
FEA860
FD8C60
FC7060
FB5460
FA3860
F923A0
F80EE0
F6FA20
F5E560
F4D880
F3CB90
F2BEB0
F1B1D0
F0ADC0
EFA9B0
EEA5A0
EDA190
ECA760
EBAD40
EAB310
E9B8F0
E8C900
E7D900
E6E910
E5F920
E513C0
E42E70
E34910
E263C0
E189D0
E0AFE0
DFD5F0
DEFC00
DE2E60
DD60C0
DC9330
DBC590
DB0450
DA4310
D981D0
D8C090
D80BE0
D75720
D6A270
D5EDC0
D54620
D49E90
D3F6F0
D34F60
D2B590
D21BD0
D18200
D0E840
D05C20
CFD000
CF43E0
CEB7C0
CE3940
CDBAB0
CD3C30
CCBDB0
CC4D20
CBDC90
CB6C10
CAFB80
CA9960
CA3730
C9D510
C972F0
C91EE0
C8CAE0
C876D0
C822D0
C7DCB0
C79680
C75060
C70A40
C6D220
C69A10
C661F0
C629E0
C60010
C5D630
C5AC60
C58290
C56690
C54A90
C52E90
C51290
C50400
C4F580
C4E6F0
C4D870
C4D750
C4D620
C4D500
C4D3E0
C4E020
C4EC60
C4F8A0
C504E0
C51E00
C53720
C55050
C56970
C58F00
C5B490
C5DA30
C5FFC0
C63190
C66350
C69520
C6C6F0
C704D0
C742A0
C78080
C7BE60
C807B0
C85110
C89A60
C8E3C0
C93800
C98C50
C9E090
CA34E0
CA93C0
CAF290
CB5170
CBB050
CC1970
CC8290
CCEBB0
CD54D0
CDC790
CE3A60
CEAD20
CF1FF0
CF9BD0
D017B0
D093A0
D10F80
D19400
D21890
D29D10
D321A0
D3AE60
D43B20
D4C7F0
D554B0
D5E910
D67D70
D711D0
D7A630
D84190
D8DCF0
D97860
DA13C0
DAB5A0
DB5790
DBF970
DC9B60
DD4350
DDEB40
DE9330
DF3B20
DFE870
E095C0
E14320
E1F070
E2A280
E35490
E406A0
E4B8B0
E56EF0
E62530
E6DB70
E791B0
E84B80
E90550
E9BF30
EA7900
EB35D0
EBF2A0
ECAF80
ED6C50
EE2B90
EEEAC0
EFAA00
F06940
F12A40
F1EB50
F2AC50
F36D60
F42FA0
F4F1E0
F5B420
F67660
F73940
F7FC10
F8BEF0
F981D0
FA44C0
FB07A0
FBCA90
FC8D80
FD4FD0
FE1220
FED480
FF96D0
0057E0
011900
01DA10
029B20
035A80
0419E0
04D940
0598A0
0655D0
0712F0
07D020
088D40
0947A0
0A0200
0ABC60
0B76C0
0C2DC0
0CE4D0
0D9BD0
0E52D0
0F0600
0FB920
106C50
111F70
11CE40
127D20
132BF0
13DAC0
1484A0
152E80
15D860
168240
172680
17CAC0
186EF0
191330
19B190
1A4FE0
1AEE40
1B8C90
1C24B0
1CBCE0
1D5500
1DED20
1E7E90
1F1000
1FA160
2032D0
20BCF0
214700
21D120
225B30
22DDD0
236080
23E320
2465C0
24E0C0
255BD0
25D6D0
2651D0
26C4C0
2737A0
27AA90
281D70
2887B0
28F200
295C40
29C680
2A2840
2A89F0
2AEBB0
2B4D60
2BA6A0
2BFFD0
2C5910
2CB240
2D02B0
2D5310
2DA380
2DF3E0
2E3B20
2E8260
2EC990
2F10D0
2F4F20
2F8D70
2FCBC0
300A10
303FA0
307530
30AAB0
30E040
310CE0
313980
316610
3192B0
31B620
31D980
31FCF0
322050
323B00
3255B0
327060
328B10
329D70
32AFE0
32C240
32D4A0
32DEB0
32E8D0
32F2E0
32FCF0
32FEA0
330060
330210
3303C0
32FDC0
32F7D0
32F1D0
32EBD0
32DEC0
32D1B0
32C490
32B780
32A390
328FA0
327BA0
3267B0
324D10
323260
3217C0
31FD10
31DC80
31BBF0
319B60
317AD0
315510
312F50
310980
30E3C0
30B930
308EA0
306410
303980
300A80
2FDB90
2FAC90
2F7D90
2F4B10
2F1890
2EE600
2EB380
2E7E40
2E4900
2E13C0
2DDE80
2DA720
2D6FD0
2D3870
2D0110
2CC840
2C8F60
2C5690
2C1DB0
2BE430
2BAAA0
2B7120
2B3790
2AFE20
2AC4B0
2A8B30
2A51C0
2A1920
29E070
29A7D0
296F20
293800
2900E0
28C9C0
2892A0
285DC0
2828E0
27F400
27BF20
278D40
275B50
272970
26F780
26C960
269B40
266D20
263F00
261590
25EC30
25C2C0
259950
257510
2550C0
252C80
250830
24E980
24CAE0
24AC30
248D80
247530
245CE0
244490
242C40
241B30
240A10
23F900
23E7E0
23DE40
23D490
23CAF0
23C140
23BF50
23BD50
23BB60
23B960
23BFD0
23C630
23CCA0
23D300
23E2A0
23F250
2401F0
241190
242A30
2442E0
245B80
247420
2495B0
24B750
24D8E0
24FA70
252560
255060
257B50
25A640
25DB30
261030
264520
267A10
26B880
26F6E0
273550
2773B0
27BB30
2802A0
284A20
289190
28E250
293310
2983D0
29D490
2A2EF0
2A8960
2AE3C0
2B3E20
2BA150
2C0470
2C67A0
2CCAC0
2D35F0
2DA120
2E0C40
2E7770
2EEA80
2F5DA0
2FD0B0
3043C0
30BEC0
3139C0
31B4B0
322FB0
32B170
333340
33B500
3436C0
34BE50
3545E0
35CD60
3654F0
36E1D0
376EC0
37FBA0
388880
391A60
39AC30
3A3E10
3ACFE0
3B6570
3BFB00
3C9080
3D2610
3DBE30
3E5640
3EEE60
3F8670
402050
40BA30
415410
41EDF0
4288E0
4323C0
43BEB0
445990
44F440
458EF0
4629A0
46C450
475DA0
47F6E0
489030
492970
49C050
4A5730
4AEE00
4B84E0
4C1840
4CABB0
4D3F10
4DD270
4E6140
4EF010
4F7EE0
500DB0
5096E0
512000
51A930
523250
52B4A0
533700
53B950
543BA0
54B5F0
553040
55AA80
5624D0
569640
5707A0
577910
57EA70
585210
58B9C0
592160
598900
59E5B0
5A4260
5A9F00
5AFBB0
5B4C10
5B9C80
5BECE0
5C3D40
5C80F0
5CC4A0
5D0840
5D4BF0
5D8260
5DB8D0
5DEF30
5E25A0
5E4DC0
5E75D0
5E9DF0
5EC600
5EDE80
5EF700
5F0F70
5F27F0
5F30E0
5F39E0
5F42D0
5F4BC0
5F4520
5F3E80
5F37D0
5F3130
5F1A20
5F0320
5EEC10
5ED500
5EAC90
5E8420
5E5BA0
5E3330
5DF9E0
5DC090
5D8740
5D4DF0
5D0420
5CBA50
5C7070
5C26A0
5BCBD0
5B7110
5B1640
5ABB70
5A4F10
59E2B0
597640
5909E0
588CE0
580FE0
5792D0
5715D0
5688F0
55FC10
556F30
54E250
544590
53A8E0
530C20
526F60
51C290
5115C0
5068F0
4FBC20
4F0090
4E4500
4D8970
4CCDE0
4C04B0
4B3B90
4A7260
49A930
48D2D0
47FC70
472610
464FB0
456C60
448910
43A5B0
42C260
41D3B0
40E500
3FF650
3F07A0
3E0F00
3D1660
3C1DC0
3B2520
3A2370
3921B0
382000
371E40
361430
350A30
340020
32F610
31E550
30D4A0
2FC3E0
2EB320
2D9D30
2C8750
2B7160
2A5B70
294180
2827A0
270DB0
25F3C0
24D710
23BA50
229DA0
2180E0
2062E0
1F44E0
1E26D0
1D08D0
1BEAF0
1ACD10
19AF20
189140
1774F0
165890
153C40
141FE0
130690
11ED30
10D3E0
0FBA80
0EA560
0D9050
0C7B30
0B6610
0A5670
0946D0
083730
072790
061EF0
051640
040DA0
0304F0
0204E0
0104D0
0004B0
FF04A0
FE0E00
FD1760
FC20C0
FB2A20
FA3DD0
F95190
F86540
F77900
F69880
F5B800
F4D780
F3F700
F323E0
F250B0
F17D90
F0AA70
EFE500
EF1FA0
EE5A30
ED94D0
ECDDA0
EC2680
EB6F50
EAB830
EA1080
E968D0
E8C130
E81980
E782C0
E6EC00
E65540
E5BE80
E53880
E4B280
E42C80
E3A680
E33140
E2BBF0
E246B0
E1D170
E16DC0
E10A10
E0A670
E042C0
DFF1B0
DFA0A0
DF4FA0
DEFE90
DEBF80
DE8080
DE4170
DE0270
DDD510
DDA7A0
DD7A40
DD4CE0
DD3190
DD1640
DCFAF0
DCDFA0
DCD700
DCCE60
DCC5C0
DCBD20
DCC630
DCCF40
DCD850
DCE160
DCFB60
DD1550
DD2F50
DD4950
DD7430
DD9F00
DDC9E0
DDF4C0
DE3090
DE6C70
DEA840
DEE420
DF2FC0
DF7B60
DFC700
E012A0
E06D00
E0C760
E121C0
E17C20
E1E4D0
E24D70
E2B620
E31ED0
E39570
E40C20
E482C0
E4F970
E57CC0
E60000
E68350
E706A0
E79550
E82410
E8B2C0
E94180
E9DAD0
EA7430
EB0D80
EBA6E0
EC4A00
ECED20
ED9050
EE3370
EEDF20
EF8AD0
F03690
F0E240
F19560
F24870
F2FB90
F3AEB0
F46820
F52190
F5DB10
F69480
F75320
F811D0
F8D070
F98F20
FA5200
FB14E0
FBD7D0
FC9AB0
FD60D0
FE26F0
FEED10
FFB330
007B60
0143A0
020BD0
02D400
039D10
046620
052F20
05F830
06C160
078A90
0853B0
091CE0
09E570
0AAE00
0B7680
0C3F10
0D05E0
0DCCC0
0E9390
0F5A60
101E40
10E220
11A5F0
1269D0
132A60
13EAE0
14AB70
156BF0
1628C0
16E580
17A250
185F10
191720
19CF30
1A8740
1B3F50
1BF190
1CA3E0
1D5620
1E0860
1EB4D0
1F6150
200DC0
20BA30
2160C0
220750
22ADD0
235460
23F450
249430
253420
25D400
266C70
2704D0
279D40
2835A0
28C6E0
295830
29E970
2A7AB0
2B0510
2B8F60
2C19C0
2CA410
2D2720
2DAA30
2E2D40
2EB050
2F2BA0
2FA6F0
302230
309D80
3111A0
3185B0
31F9D0
326DE0
32DB30
334870
33B5C0
342300
348970
34EFE0
355640
35BCB0
361C20
367BA0
36DB10
373A80
3793A0
37ECC0
3845E0
389F00
38F250
394590
3998E0
39EC20
3A39D0
3A8780
3AD530
3B22E0
3B6B30
3BB370
3BFBC0
3C4400
3C8770
3CCAF0
3D0E60
3D51D0
3D9100
3DD030
3E0F50
3E4E80
3E89D0
3EC510
3F0060
3F3BA0
3F7380
3FAB60
3FE330
401B10
404FF0
4084D0
40B9B0
40EE90
4120E0
415330
418580
41B7D0
41E820
421860
4248B0
4278F0
42A7C0
42D6A0
430570
433440
4361E0
438F80
43BD10
43EAB0
441750
4443F0
447080
449D20
44C940
44F560
452180
454DA0
4579F0
45A640
45D290
45FEE0
462B40
4657A0
4683F0
46B050
46DCB0
470910
473570
4761D0
478E90
47BB50
47E810
4814D0
484270
487000
489DA0
48CB30
48F940
492760
495570
498380
49B1E0
49E030
4A0E90
4A3CE0
4A6BA0
4A9A60
4AC920
4AF7E0
4B2760
4B56D0
4B8650
4BB5C0
4BE550
4C14F0
4C4480
4C7410
4CA350
4CD290
4D01D0
4D3110
4D5FE0
4D8EC0
4DBD90
4DEC60
4E1AD0
4E4930
4E77A0
4EA600
4ED350
4F00B0
4F2E00
4F5B50
4F8700
4FB2A0
4FDE50
5009F0
5033A0
505D50
508700
50B0B0
50D830
50FFB0
512720
514EA0
517330
5197C0
51BC50
51E0E0
5201F0
522300
524400
526510
528210
529F20
52BC20
52D920
52F1A0
530A20
532290
533B10
534E80
5361E0
537550
5388B0
539680
53A460
53B230
53C000
53C7A0
53CF40
53D6D0
53DE70
53DF20
53DFD0
53E080
53E130
53DAC0
53D450
53CDD0
53C760
53B980
53ABA0
539DC0
538FE0
537A00
536420
534E40
533860
5319D0
52FB50
52DCC0
52BE30
529700
526FD0
5248A0
522170
51F190
51C1C0
5191E0
516200
512900
50F000
50B6F0
507DF0
503B20
4FF860
4FB590
4F72C0
4F26A0
4EDA70
4E8E50
4E4220
4DECF0
4D97C0
4D4290
4CED60
4C8EF0
4C3080
4BD210
4B73A0
4B0B90
4AA390
4A3B80
49D370
496280
48F190
488090
480FA0
479650
471D10
46A3C0
462A70
45A8D0
452740
44A5A0
442400
4399F0
430FE0
4285D0
41FBC0
416A40
40D8D0
404750
3FB5D0
3F1DD0
3E85D0
3DEDC0
3D55C0
3CB7A0
3C1970
3B7B50
3ADD20
3A3930
399530
38F140
384D40
37A480
36FBD0
365310
35AA50
34FDD0
345150
33A4C0
32F840
324890
3198F0
30E940
303990
2F8760
2ED520
2E22F0
2D70B0
2CBD10
2C0970
2B55C0
2AA220
29EE10
293A00
2885F0
27D1E0
271E50
266AD0
25B740
2503B0
2451A0
239F90
22ED70
223B60
218BA0
20DBE0
202C20
1F7C60
1ECFD0
1E2340
1D76B0
1CCA20
1C21C0
1B7960
1AD100
1A28A0
198580
18E270
183F50
179C30
16FEF0
1661C0
15C480
152740
149080
13F9D0
136310
12CC50
123D10
11ADE0
111EA0
108F60
1008D0
0F8250
0EFBC0
0E7530
0DF770
0D79C0
0CFC00
0C7E40
0C0990
0B94F0
0B2040
0AAB90
0A40D0
09D610
096B50
090090
08A0C0
084100
07E130
078160
072C30
06D700
0681D0
062CA0
05E1F0
059730
054C80
0501C0
04C210
048250
0442A0
0402E0
03CEF0
039B00
036700
033310
030A20
02E130
02B830
028F40
0270B0
025220
023390
021500
020110
01ED20
01D920
01C530
01BC40
01B340
01AA50
01A150
01A220
01A300
01A3D0
01A4A0
01AE50
01B800
01C1A0
01CB50
01DD90
01EFE0
020220
021460
022F20
0249E0
026490
027F50
02A120
02C2F0
02E4C0
030690
032E40
035600
037DB0
03A560
03D250
03FF50
042C40
045930
048AD0
04BC80
04EE20
051FC0
055490
058970
05BE40
05F310
0629C0
066080
069730
06CDE0
070570
073CF0
077480
07AC00
07E360
081AB0
085210
088960
08BF40
08F510
092AF0
0960C0
0993E0
09C700
09FA10
0A2D30
0A5C50
0A8B70
0ABA80
0AE9A0
0B1370
0B3D40
0B6710
0B90E0
0BB460
0BD7E0
0BFB50
0C1ED0
0C3B00
0C5730
0C7350
0C8F80
0CA310
0CB690
0CCA20
0CDDA0
0CE700
0CF070
0CF9D0
0D0330
0D01F0
0D00B0
0CFF60
0CFE20
0CF1A0
0CE520
0CD890
0CCC10
0CB310
0C9A10
0C8110
0C6810
0C4130
0C1A40
0BF360
0BCC70
0B97B0
0B62E0
0B2E20
0AF950
0AB690
0A73C0
0A3100
09EE30
099C70
094AB0
08F8F0
08A730
084550
07E360
078180
071F90
06AE20
063CC0
05CB50
0559E0
04D950
0458D0
03D840
0357B0
02C780
023750
01A710
0116E0
007630
FFD580
FF34E0
FE9430
FDE430
FD3440
FC8440
FBD450
FB1600
FA57B0
F99960
F8DB10
F80E60
F741A0
F674F0
F5A840
F4CCF0
F3F190
F31640
F23AF0
F15290
F06A30
EF81E0
EE9980
EDA570
ECB160
EBBD50
EAC940
E9C9F0
E8CAB0
E7CB60
E6CC20
E5C1F0
E4B7D0
E3ADA0
E2A380
E19050
E07D20
DF6A00
DE56D0
DD3C40
DC21A0
DB0710
D9EC80
D8CB80
D7AA80
D68990
D56890
D44220
D31BB0
D1F540
D0CED0
CFA4C0
CE7AC0
CD50B0
CC26B0
CAFAC0
C9CED0
C8A2E0
C776F0
C64A80
C51E20
C3F1B0
C2C550
C199E0
C06E60
BF42F0
BE1780
BCEEA0
BBC5C0
BA9CF0
B97410
B84F60
B72AB0
B60600
B4E150
B3C270
B2A390
B184B0
B065D0
AF4E70
AE3720
AD1FC0
AC0870
AAF9F0
A9EB60
A8DCE0
A7CE60
A6C9F0
A5C590
A4C120
A3BCC0
A2C420
A1CB80
A0D2F0
9FDA50
9EEF60
9E0460
9D1970
9C2E80
9B51F0
9A7570
9998E0
98BC60
97EF10
9721D0
965480
958740
94CAC0
940E50
9351D0
929560
91EB80
9141A0
9097D0
8FEDF0
8F56D0
8EBFA0
8E2880
8D9160
8D0D40
8C8910
8C04F0
8B80D0
8B10F0
8AA110
8A3140
89C160
896750
890D50
88B340
885940
881470
87CFA0
878AD0
874600
871600
86E600
86B610
868610
866BB0
865140
8636E0
861C80
8618B0
8614E0
861110
860D40
861ED0
863070
864200
8653A0
8679C0
869FE0
86C600
86EC20
8726F0
8761C0
879C90
87D760
882750
887730
88C720
891710
897A70
89DDE0
8A4140
8AA4B0
8B1A40
8B8FC0
8C0550
8C7AE0
8D0220
8D8960
8E10B0
8E97F0
8F30B0
8FC970
906230
90FAF0
91A340
924BA0
92F3F0
939C50
945290
9508D0
95BF20
967560
9738A0
97FBE0
98BF30
998270
9A51E0
9B2150
9BF0C0
9CC030
9D99C0
9E7360
9F4CF0
A02690
A10870
A1EA60
A2CC40
A3AE30
A49700
A57FC0
A66890
A75160
A83FA0
A92DE0
AA1C20
AB0A60
ABFC40
ACEE20
ADE000
AED1E0
AFC5B0
B0B970
B1AD40
B2A110
B39510
B48910
B57D20
B67120
B76380
B855F0
B94850
BA3AC0
BB2A20
BC1970
BD08D0
BDF830
BEE310
BFCE00
C0B8E0
C1A3D0
C28870
C36D10
C451C0
C53660
C612C0
C6EF30
C7CB90
C8A800
C97B40
CA4E90
CB21D0
CBF520
CCBE50
CD8770
CE50A0
CF19D0
CFD730
D09490
D151F0
D20F50
D2BF00
D36EA0
D41E50
D4CE00
D56FB0
D61160
D6B320
D754D0
D7E810
D87B50
D90E90
D9A1D0
DA2540
DAA8B0
DB2C20
DBAF90
DC2180
DC9370
DD0560
DD7750
DDD820
DE38F0
DE99D0
DEFAA0
DF4A80
DF9A50
DFEA30
E03A10
E07810
E0B600
E0F400
E13200
E15CE0
E187D0
E1B2B0
E1DDA0
E1F670
E20F40
E22810
E240E0
E24840
E24FA0
E25700
E25E60
E253F0
E24990
E23F20
E234C0
E217E0
E1FB10
E1DE30
E1C160
E19390
E165C0
E137F0
E10A20
E0CC80
E08EF0
E05150
E013C0
DFC6A0
DF7980
DF2C60
DEDF40
DE82A0
DE2600
DDC960
DD6CC0
DD0260
DC9800
DC2DA0
DBC340
DB4C90
DAD5F0
DA5F40
D9E8A0
D96670
D8E450
D86220
D7E000
D752F0
D6C5E0
D638D0
D5ABC0
D515B0
D47FA0
D3E9A0
D35390
D2B630
D218D0
D17B80
D0DE20
D03AB0
CF9740
CEF3E0
CE5070
CDA830
CCFFE0
CC57A0
CBAF60
CB0400
CA58A0
C9AD50
C901F0
C85520
C7A850
C6FB80
C64EB0
C5A1F0
C4F540
C44880
C39BD0
C2F0C0
C245B0
C19AA0
C0EF90
C047B0
BF9FC0
BEF7E0
BE5000
BDACC0
BD0990
BC6650
BBC320
BB2640
BA8960
B9EC90
B94FB0
B8BB10
B82660
B791C0
B6FD20
B671B0
B5E650
B55AE0
B4CF80
B44E70
B3CD60
B34C50
B2CB40
B25620
B1E110
B16BF0
B0F6E0
B08F90
B02840
AFC0F0
AF59A0
AF00A0
AEA7A0
AE4EA0
ADF5A0
ADABA0
AD6190
AD1790
ACCD90
AC93F0
AC5A50
AC20B0
ABE710
ABBF70
AB97E0
AB7040
AB48B0
AB3320
AB1D80
AB07F0
AAF260
AAEF00
AAEB90
AAE830
AAE4D0
AAF4A0
AB0480
AB1450
AB2430
AB48A0
AB6D00
AB9170
ABB5E0
ABEE40
AC26A0
AC5F00
AC9760
ACE360
AD2F50
AD7B50
ADC750
AE2780
AE87B0
AEE7E0
AF4810
AFBD50
B03290
B0A7E0
B11D20
B1A660
B22F90
B2B8D0
B34210
B3DE60
B47AB0
B51710
B5B360
B662E0
B71260
B7C1F0
B87170
B93470
B9F760
BABA60
BB7D60
BC5250
BD2750
BDFC40
BED140
BFB6F0
C09CB0
C18260
C26820
C35E20
C45410
C54A10
C64010
C745F0
C84BE0
C951C0
CA57B0
CB6BF0
CC8020
CD9460
CEA8A0
CFC9C0
D0EAE0
D20C10
D32D30
D45A50
D58780
D6B4A0
D7E1D0
D91A40
DA52A0
DB8B10
DCC380
DE0570
DF4760
E08960
E1CB50
E31530
E45F10
E5A900
E6F2E0
E84370
E99400
EAE4A0
EC3530
ED8B30
EEE140
F03740
F18D50
F2E730
F44110
F59B00
F6F4E0
F85110
F9AD40
FB0980
FC65B0
FDC2C0
FF1FD0
007CF0
01DA00
033670
0492E0
05EF40
074BB0
08A610
0A0080
0B5AE0
0CB540
0E0C40
0F6340
10BA30
121130
136330
14B530
160720
175920
18A470
19EFC0
1B3B10
1C8660
1DCA00
1F0DA0
205130
2194D0
22CFB0
240A90
254560
268040
27B0E0
28E170
2A1210
2B42A0
2C6750
2D8C00
2EB0A0
2FD550
30ED80
3205A0
331DD0
3435F0
3540E0
364BD0
3756B0
3861A0
395E00
3A5A60
3B56B0
3C5310
3D3F60
3E2BA0
3F17F0
400430
40E040
41BC50
429860
437470
444000
450B90
45D720
46A2B0
475CC0
4816C0
48D0D0
498AD0
4A3210
4AD950
4B8080
4C27C0
4CBC90
4D5150
4DE620
4E7AE0
4EFD60
4F7FD0
500250
5084C0
50F440
5163D0
51D350
5242D0
529EA0
52FA70
535640
53B210
53FAC0
544380
548C30
54D4E0
550AF0
5540F0
557700
55AD00
55D010
55F330
561640
563950
5648F0
5658A0
566840
5677E0
567520
567260
566F90
566CD0
565880
564440
562FF0
561BA0
55F5E0
55D030
55AA70
5584B0
554D80
551650
54DF10
54A7E0
546090
541940
53D1E0
538A90
533450
52DE00
5287C0
523170
51CCC0
516810
510360
509EB0
502C10
4FB970
4F46C0
4ED420
4E5500
4DD5E0
4D56C0
4CD7A0
4C4D50
4BC310
4B38C0
4AAE70
4A19F0
498560
48F0E0
485C50
47BE70
4720A0
4682C0
45E4E0
453F10
449940
43F370
434DA0
42A130
41F4D0
414860
409BF0
3FEA00
3F3820
3E8630
3DD440
3D1DF0
3C67A0
3BB140
3AFAF0
3A41A0
398850
38CF00
3815B0
375AB0
369FB0
35E4A0
3529A0
346E50
33B310
32F7C0
323C70
318270
30C860
300E60
2F5450
2E9C60
2DE480
2D2C90
2C74A0
2BBFD0
2B0B00
2A5620
29A150
28F0D0
284040
278FC0
26DF30
263430
258920
24DE20
243310
238E80
22EA00
224570
21A0E0
2103D0
2066C0
1FC9A0
1F2C90
1E9810
1E0390
1D6F00
1CDA80
1C4FB0
1BC4E0
1B3A00
1AAF30
1A2F00
19AEE0
192EB0
18AE80
1839E0
17C540
1750A0
16DC00
167430
160C60
15A480
153CB0
14E310
148970
142FC0
13D620
138B10
134000
12F4E0
12A9D0
126DF0
123200
11F620
11BA30
118E10
116200
1135E0
1109C0
10EDD0
10D1E0
10B5F0
109A00
108FA0
108550
107AF0
107090
1078D0
108110
108950
109190
10ADD0
10CA20
10E660
1102A0
1134D0
116710
119940
11CB70
121310
125AB0
12A250
12E9F0
1346B0
13A370
140030
145CF0
14D000
154320
15B630
162940
16B460
173F70
17CA90
1855A0
18F700
199850
1A39B0
1ADB00
1B9150
1C47A0
1CFDE0
1DB430
1E7FD0
1F4B70
201700
20E2A0
21C440
22A5E0
238780
246920
255E60
265390
2748D0
283E00
2944A0
2A4B30
2B51D0
2C5860
2D7060
2E8860
2FA060
30B860
31E2B0
330CF0
343740
356180
369940
37D100
3908C0
3A4080
3B8200
3CC380
3E0500
3F4680
408F70
41D850
432140
446A20
45B7C0
470560
4852F0
49A090
4AF040
4C4000
4D8FB0
4EDF60
502E30
517D00
52CBD0
541AA0
556700
56B350
57FFB0
594C00
5A9570
5BDEE0
5D2840
5E71B0
5FB1F0
60F230
623260
6372A0
64A4B0
65D6B0
6708C0
683AC0
695A40
6A79D0
6B9950
6CB8D0
6DC090
6EC850
6FD010
70D7D0
71C5A0
72B380
73A150
748F20
756230
763540
770840
77DB50
788A60
793970
79E870
7A9780
7B13D0
7B9020
7C0C60
7C88B0
7CE1F0
7D3B40
7D9480
7DEDC0
7E2E50
7E6EF0
7EAF80
7EF010
7F1950
7F4290
7F6BC0
7F9500
7FA910
7FBD20
7FD120
7FE530
7FEBE0
7FF290
7FF940
7FFFF0
7FFFF0
7FFFF0
7FFFF0
7FFFF0
7FFEF0
7FFDE0
7FFCE0
7FFBD0
7FFC40
7FFCC0
7FFD30
7FFDA0
7FFE30
7FFED0
7FFF60
7FFFF0
7FFFF0
7FFFF0
7FFFF0
7FFFF0
7FFFF0
7FFFF0
7FFFF0
7FFFF0
7FFFF0
7FFFF0
7FFFF0
7FFFF0
7FFFF0
7FFFF0
7FFFF0
7FFFF0
7FFFF0
7FFFF0
7FFFF0
7FFFF0
7FFFF0
7FFFF0
7FFFF0
7FFFF0
7FE900
7FD210
7FBB10
7FA420
7F7F00
7F59E0
7F34C0
7F0FA0
7EDE20
7EACA0
7E7B10
7E4990
7E09D0
7DCA10
7D8A40
7D4A80
7CFC20
7CADB0
7C5F50
7C10E0
7BB130
7B5190
7AF1E0
7A9230
7A1F20
79AC10
793900
78C5F0
783D90
77B520
772CC0
76A450
760430
756410
74C3E0
7423C0
736B10
72B260
71F9B0
714100
706EF0
6F9CE0
6ECAC0
6DF8B0
6D0B00
6C1D50
6B2FA0
6A41F0
6935D0
6829B0
671D90
661170
64E7E0
63BE40
6294B0
616B10
6024F0
5EDED0
5D98B0
5C5290
5AED50
598810
5822C0
56BD80
5534E0
53AC40
5223A0
509B00
4EF4E0
4D4EC0
4BA8A0
4A0280
484320
4683C0
44C450
4304F0
412D00
3F5510
3D7D20
3BA530
39B560
37C590
35D5B0
33E5E0
31E2A0
2FDF70
2DDC30
2BD8F0
29C650
27B3B0
25A110
238E70
216E80
1F4E90
1D2E90
1B0EA0
18E2E0
16B710
148B50
125F80
102D80
0DFB80
0BC970
099770
076410
0530A0
02FD40
00C9D0
FE98D0
FC67D0
FA36D0
F805D0
F5DB40
F3B0B0
F18630
EF5BA0
ED3BA0
EB1BA0
E8FBA0
E6DBA0
E4C9D0
E2B800
E0A630
DE9460
DC9630
DA9800
D899D0
D69BA0
D4B7D0
D2D400
D0F030
CF0C60
CD4280
CB78B0
C9AED0
C7E500
C635D0
C486A0
C2D780
C12850
BF9730
BE0620
BC7500
BAE3F0
B97480
B80510
B695B0
B52640
B3D890
B28AE0
B13D30
AFEF80
AEC400
AD9880
AC6D00
AB4180
AA3AB0
A933E0
A82D10
A72640
A64750
A56860
A48980
A3AA90
A2F1F0
A23950
A180B0
A0C810
A034D0
9FA180
9F0E40
9E7B00
9E0E60
9DA1B0
9D3510
9CC870
9C8430
9C3FF0
9BFBB0
9BB770
9B9930
9B7AF0
9B5CC0
9B3E80
9B44A0
9B4AB0
9B50D0
9B56F0
9B8110
9BAB20
9BD540
9BFF60
9C4D00
9C9AB0
9CE850
9D3600
9DA5C0
9E1580
9E8540
9EF500
9F8560
A015B0
A0A610
A13670
A1E6F0
A29760
A347E0
A3F860
A4C8F0
A59990
A66A20
A73AC0
A82890
A91670
AA0440
AAF220
ABFAC0
AD0360
AE0C10
AF14B0
B036D0
B15900
B27B20
B39D50
B4D7D0
B61260
B74CE0
B88770
B9D770
BB2770
BC7770
BDC770
BF2A40
C08D00
C1EFD0
C352A0
C4C650
C63A00
C7ADB0
C92160
CAA430
CC26F0
CDA9C0
CF2C90
D0BB70
D24A50
D3D940
D56820
D70040
D89850
DA3070
DBC890
DD67A0
DF06B0
E0A5D0
E244E0
E3E8D0
E58CC0
E730C0
E8D4B0
EA7A30
EC1FB0
EDC540
EF6AC0
F10EC0
F2B2C0
F456D0
F5FAD0
F79A70
F93A00
FAD9A0
FC7940
FE1150
FFA950
014160
02D970
046790
05F5B0
0783C0
0911E0
0A93A0
0C1550
0D9710
0F18C0
108B10
11FD60
136FB0
14E200
1641B0
17A150
190100
1A60A0
1BABF0
1CF740
1E4290
1F8DE0
20C310
21F830
232D60
246280
257EA0
269AB0
27B6D0
28D2E0
29D2A0
2AD250
2BD210
2CD1C0
2DB490
2E9760
2F7A30
305D00
312210
31E720
32AC30
337140
341620
34BB10
355FF0
3604D0
3686A0
370870
378A40
380C10
386B70
38CAE0
392A40
3989A0
39C6D0
3A0400
3A4120
3A7E50
3A97A0
3AB0F0
3ACA30
3AE380
3AD6D0
3ACA20
3ABD60
3AB0B0
3A7FB0
3A4EC0
3A1DC0
39ECC0
3998C0
3944C0
38F0B0
389CB0
382500
37AD50
373590
36BDE0
362170
358500
34E890
344C20
338D80
32CED0
321030
315180
3072B0
2F93D0
2EB500
2DD620
2CD770
2BD8B0
2ADA00
29DB40
28BC90
279DE0
267F30
256080
242520
22E9C0
21AE50
2072F0
1F1DB0
1DC870
1C7320
1B1DE0
19B010
184240
16D470
1566A0
13E150
125C10
10D6C0
0F5170
0DB840
0C1F10
0A85E0
08ECB0
0742D0
0598F0
03EF10
024530
008CE0
FED480
FD1C20
FB63D0
F99F10
F7DA50
F615A0
F450E0
F28350
F0B5C0
EEE830
ED1AA0
EB4790
E97480
E7A170
E5CE60
E3F8B0
E222F0
E04D40
DE7790
DCA220
DACCB0
D8F750
D721E0
D54FF0
D37DF0
D1AC00
CFDA10
CE0EA0
CC4330
CA77D0
C8AC60
C6EAC0
C52910
C36770
C1A5D0
BFF170
BE3D10
BC88B0
BAD450
B92FA0
B78AF0
B5E640
B44190
B2AF10
B11C80
AF8A00
ADF780
AC7A70
AAFD60
A98050
A80340
A69F50
A53B60
A3D770
A27380
A12A20
9FE0B0
9E9750
9D4DF0
9C20B0
9AF370
99C640
989900
978AF0
967CD0
956EC0
9460B0
937530
9289C0
919E40
90B2D0
8FEA30
8F2190
8E5900
8D9060
8CEB30
8C4600
8BA0E0
8AFBB0
8A7C50
89FCF0
897D90
88FE30
88A760
8850A0
87F9D0
87A310
877400
8744F0
8715F0
86E6E0
86DF20
86D760
86CFA0
86C7E0
86E8F0
870A10
872B20
874C40
879840
87E440
883040
887C40
88F110
8965E0
89DAC0
8A4F90
8AEBB0
8B87D0
8C23F0
8CC010
8D83F0
8E47E0
8F0BC0
8FCFB0
90BC60
91A900
9295B0
938260
9494D0
95A730
96B9A0
97CC10
9901C0
9A3780
9B6D30
9CA2F0
9DFB50
9F53B0
A0AC20
A20480
A37F40
A4FA10
A674D0
A7EFA0
A98930
AB22D0
ACBC60
AE5600
B00B40
B1C090
B375D0
B52B20
B6FA60
B8C9A0
BA98E0
BC6820
BE4FD0
C03790
C21F40
C40700
C60370
C7FFE0
C9FC50
CBF8C0
CE0680
D01430
D221F0
D42FB0
D64C20
D868A0
DA8510
DCA190
DECA50
E0F310
E31BD0
E54490
E775F0
E9A750
EBD8B0
EE0A10
F040A0
F27730
F4ADC0
F6E450
F91CE0
FB5580
FD8E10
FFC6B0
01FE10
043570
066CC0
08A420
0AD720
0D0A20
0F3D10
117010
139BA0
15C740
17F2D0
1A1E60
1C3F10
1E5FC0
208070
22A120
24B340
26C550
28D770
2AE980
2CEAC0
2EEBF0
30ED30
32EE60
34DC60
36CA50
38B850
3AA640
3C7D90
3E54F0
402C40
420390
43C080
457D80
473A70
48F760
4A98B0
4C3A00
4DDB50
4F7CA0
5100D0
528500
540930
558D60
56F170
585590
59B9A0
5B1DB0
5C5E30
5D9EA0
5EDF20
601F90
613C70
625950
637620
649300
658BD0
6684B0
677D80
687650
6948D0
6A1B60
6AEDE0
6BC060
6C69D0
6D1330
6DBCA0
6E6600
6EE780
6F68F0
6FEA70
706BE0
70C610
712050
717A80
71D4B0
720650
7237E0
726980
729B10
72A230
72A960
72B080
72B7A0
729690
727570
725460
723340
71EBA0
71A3F0
715C50
7114A0
70A630
7037C0
6FC940
6F5AD0
6EC4F0
6E2F10
6D9930
6D0350
6C48F0
6B8E80
6AD420
6A19B0
693D30
6860C0
678440
66A7C0
65A9F0
64AC30
63AE60
62B090
6191F0
607350
5F54B0
5E3610
5CFA10
5BBE00
5A8200
5945F0
57EF90
569920
5542C0
53EC50
527D50
510E50
4F9F40
4E3040
4CAA40
4B2440
499E30
481830
467EB0
44E540
434BC0
41B240
400890
3E5ED0
3CB520
3B0B60
395400
379CA0
35E530
342DD0
326B40
30A8C0
2EE630
2D23A0
2B5940
298ED0
27C470
25FA00
242AE0
225BC0
208CA0
1EBD80
1CECB0
1B1BF0
194B20
177A50
15AB10
13DBE0
120CA0
103D60
0E7260
0CA760
0ADC50
091150
074D30
058920
03C500
0200E0
0046E0
FE8CE0
FCD2F0
FB18F0
F96C90
F7C020
F613C0
F46760
F2CA70
F12D90
EF90A0
EDF3C0
EC6850
EADCE0
E95170
E7C600
E64F10
E4D830
E36140
E1EA60
E08B70
DF2C80
DDCD90
DC6EA0
DB2880
D9E260
D89C50
D75630
D62A00
D4FDD0
D3D1B0
D2A580
D195E0
D08640
CF76A0
CE6700
CD76F0
CC86E0
CB96D0
CAA6C0
C9D600
C90550
C83490
C763E0
C6B2B0
C60180
C55060
C49F30
C40F70
C37FA0
C2EFE0
C26020
C1F410
C18800
C11BF0
C0AFE0
C06650
C01CD0
BFD340
BF89C0
BF6200
BF3A50
BF1290
BEEAE0
BEE5F0
BEE110
BEDC20
BED740
BEF690
BF15E0
BF3540
BF5490
BF9620
BFD7A0
C01930
C05AC0
C0BCF0
C11F20
C18160
C1E390
C26670
C2E960
C36C40
C3EF30
C49330
C53720
C5DB20
C67F20
C741A0
C80420
C8C6A0
C98920
CA6800
CB46D0
CC25B0
CD0490
CDFEF0
CEF950
CFF3B0
D0EE10
D20350
D31890
D42DE0
D54320
D67070
D79DC0
D8CB10
D9F860
DB3B30
DC7E00
DDC0D0
DF03A0
E05A50
E1B100
E307B0
E45E60
E5C750
E73050
E89940
EA0240
EB7AC0
ECF340
EE6BC0
EFE440
F169B0
F2EF20
F474A0
F5FA10
F78A40
F91A70
FAAAB0
FC3AE0
FDD3A0
FF6C60
010520
029DE0
043CB0
05DB80
077A40
091910
0ABB90
0C5E10
0E0080
0FA300
1146A0
12EA50
148DF0
163190
17D3A0
1975B0
1B17C0
1CB9D0
1E5880
1FF720
2195D0
233470
24CDD0
266730
280090
2999F0
2B2B90
2CBD20
2E4EC0
2FE050
316760
32EE60
347570
35FC70
3777D0
38F320
3A6E80
3BE9D0
3D5830
3EC680
4034E0
41A330
430240
446160
45C070
471F80
486CC0
49B9F0
4B0730
4C5460
4D8F60
4ECA70
500570
514070
5268A0
5390D0
54B900
55E130
56F4C0
580850
591BD0
5A2F60
5B2C20
5C28E0
5D25A0
5E2260
5F08C0
5FEF30
60D590
61BBF0
628C10
635C30
642C40
64FC60
65B500
666DB0
672650
67DEF0
687E90
691E20
69BDC0
6A5D50
6AE500
6B6CB0
6BF460
6C7C10
6CECA0
6D5D30
6DCDB0
6E3E40
6E9730
6EF020
6F4910
6FA200
6FE2A0
702330
7063D0
70A460
70CE30
70F800
7121C0
714B90
715FD0
717410
718850
719C90
719B80
719A70
719960
719850
718200
716BC0
715570
713F20
711550
70EB80
70C1B0
7097E0
705C10
702040
6FE470
6FA8A0
6F5BA0
6F0EA0
6EC190
6E7490
6E1720
6DB9A0
6D5C30
6CFEB0
6C9280
6C2660
6BBA30
6B4E00
6AD4C0
6A5B70
69E230
6968E0
68E3C0
685EA0
67D980
675460
66C4B0
663500
65A550
6515A0
647CF0
63E430
634B80
62B2C0
621280
617240
60D1F0
6031B0
5F8B60
5EE520
5E3ED0
5D9880
5CEDD0
5C4320
5B9860
5AEDB0
5A3FC0
5991C0
58E3D0
5835D0
5785C0
56D5B0
562590
557580
54C4E0
541450
5363B0
52B310
5203B0
515450
50A4F0
4FF590
4F4800
4E9A70
4DECE0
4D3F50
4C9440
4BE940
4B3E30
4A9320
49EC00
4944E0
489DB0
47F690
4754F0
46B360
4611C0
457020
44D420
443810
439C10
430000
4269C0
41D380
413D40
40A700
4017A0
3F8840
3EF8E0
3E6980
3DE250
3D5B10
3CD3E0
3C4CA0
3BCD20
3B4D90
3ACE10
3A4E80
39D660
395E50
38E630
386E10
37FE00
378DF0
371DE0
36ADD0
3646A0
35DF70
357840
351110
34B1E0
3452B0
33F370
339440
333C70
32E490
328CC0
3234E0
31E480
319430
3143D0
30F370
30AAD0
306240
3019A0
2FD100
2F8F10
2F4D20
2F0B20
2EC930
2E8D00
2E50E0
2E14B0
2DD880
2DA1C0
2D6B10
2D3450
2CFD90
2CCC10
2C9A80
2C6900
2C3770
2C0A00
2BDC80
2BAF10
2B8190
2B5730
2B2CC0
2B0260
2AD7F0
2AAFF0
2A87E0
2A5FE0
2A37D0
2A1170
29EB10
29C4A0
299E40
297890
2952E0
292D30
290780
28E1A0
28BBD0
2895F0
287010
284920
282230
27FB40
27D450
27AB50
278250
275950
273050
2704A0
26D8F0
26AD30
268180
265270
262360
25F450
25C540
2591E0
255E80
252B10
24F7B0
24BED0
2485F0
244D10
241430
23D5B0
239730
2358A0
231A20
22D5B0
229150
224CE0
220870
21BD50
217220
212700
20DBD0
2088E0
203600
1FE310
1F9020
1F35C0
1EDB50
1E80F0
1E2680
1DC4D0
1D6310
1D0160
1C9FA0
1C3600
1BCC60
1B62B0
1AF910
1A86B0
1A1450
19A1E0
192F80
18B540
183AF0
17C0B0
174660
16C4D0
164340
15C1B0
154020
14B720
142E20
13A520
131C20
128B50
11FA80
1169B0
10D8E0
104170
0FAA00
0F1290
0E7B20
0DDE00
0D40E0
0CA3C0
0C06A0
0B6410
0AC190
0A1F00
097C70
08D490
082CC0
0784E0
06DD00
063140
058580
04D9B0
042DF0
037F80
02D100
022290
017410
00C390
001310
FF6290
FEB210
FE0030
FD4E40
FC9C60
FBEA80
FB38A0
FA86C0
F9D4E0
F92300
F87260
F7C1D0
F71130
F660A0
F5B250
F50410
F455C0
F3A780
F2FC90
F25190
F1A6A0
F0FBB0
F05550
EFAEF0
EF08A0
EE6240
EDC1B0
ED2110
EC8080
EBDFF0
EB4660
EAACE0
EA1350
E979D0
E8E8B0
E85780
E7C660
E73540
E6AD60
E62580
E59DA0
E515C0
E49800
E41A50
E39C90
E31EE0
E2ACA0
E23A60
E1C820
E155E0
E0F090
E08B40
E02600
DFC0B0
DF68B0
DF10B0
DEB8B0
DE60B0
DE1660
DDCC20
DD81D0
DD3790
DCFC30
DCC0C0
DC8560
DC4A00
DC1EE0
DBF3B0
DBC890
DB9D70
DB8250
DB6720
DB4C00
DB30E0
DB25B0
DB1A70
DB0F40
DB0410
DB09A0
DB0F40
DB14D0
DB1A70
DB31F0
DB4960
DB60E0
DB7860
DBA0E0
DBC950
DBF1D0
DC1A50
DC5330
DC8C10
DCC4F0
DCFDD0
DD4770
DD9100
DDDAA0
DE2440
DE7F30
DEDA20
DF3520
DF9010
DFFB00
E065E0
E0D0D0
E13BC0
E1B580
E22F40
E2A910
E322D0
E3AB40
E433C0
E4BC30
E544B0
E5DBF0
E67330
E70A80
E7A1C0
E845F0
E8EA20
E98E60
EA3290
EAE220
EB91C0
EC4150
ECF0F0
EDAB20
EE6560
EF1F90
EFD9D0
F09E10
F16250
F22690
F2EAD0
F3B720
F48370
F54FC0
F61C10
F6EEB0
F7C160
F89400
F966B0
FA3E70
FB1630
FBEDF0
FCC5B0
FDA160
FE7D10
FF58D0
003480
011230
01EFF0
02CDA0
03AB50
048940
056730
064520
072310
07FFA0
08DC30
09B8C0
0A9550
0B6ED0
0C4850
0D21C0
0DFB40
0ED010
0FA4F0
1079C0
114E90
121D30
12EBE0
13BA80
148920
154FD0
161680
16DD20
17A3D0
1860A0
191D70
19DA40
1A9710
1B48E0
1BFAB0
1CAC80
1D5E50
1E0400
1EA9A0
1F4F50
1FF4F0
208CB0
212460
21BC20
2253D0
22DB90
236350
23EB00
2472C0
24EA20
256190
25D8F0
265050
26B6D0
271D50
2783D0
27EA50
283E60
289270
28E680
293A90
297A60
29BA30
29FA00
2A39D0
2A65C0
2A91B0
2ABDA0
2AE990
2B01D0
2B1A00
2B3240
2B4A70
2B4DE0
2B5150
2B54B0
2B5820
2B4560
2B32A0
2B1FE0
2B0D20
2AE560
2ABD90
2A95D0
2A6E00
2A3200
29F610
29BA10
297E10
292D70
28DCD0
288C30
283B90
27D580
276F80
270970
26A360
2629B0
25B010
253660
24BCB0
2430E0
23A510
231930
228D60
21EFA0
2151F0
20B430
201670
1F66D0
1EB730
1E0790
1D57F0
1C98A0
1BD950
1B1A00
1A5AB0
198DA0
18C090
17F380
172670
164C90
1572B0
1498D0
13BEF0
12D900
11F310
110D10
102720
0F3790
0E4800
0D5870
0C68E0
0B71E0
0A7AF0
0983F0
088CF0
079020
069350
059670
0499A0
039880
029760
019640
009520
FF9200
FE8ED0
FD8BB0
FC8890
FB8590
FA8290
F97F90
F87C90
F77BB0
F67AD0
F57A00
F47920
F37C70
F27FB0
F18300
F08650
EF8FC0
EE9930
EDA2B0
ECAC20
EBBDA0
EACF20
E9E0A0
E8F220
E80DE0
E729B0
E64570
E56140
E489C0
E3B240
E2DAD0
E20350
E139D0
E07040
DFA6C0
DEDD40
DE2310
DD68E0
DCAEC0
DBF490
DB4BE0
DAA330
D9FA80
D951D0
D8BD10
D82860
D793A0
D6FEF0
D67E90
D5FE40
D57DE0
D4FD90
D49240
D426E0
D3BB90
D35040
D2FBC0
D2A740
D252C0
D1FE40
D1C2D0
D18760
D14BF0
D11080
D0ED90
D0CAB0
D0A7C0
D084E0
D07A50
D06FB0
D06520
D05A90
D06990
D07890
D087A0
D096A0
D0C0E0
D0EB10
D11550
D13F90
D183A0
D1C7B0
D20BD0
D24FE0
D2ACC0
D309A0
D36680
D3C360
D43990
D4AFC0
D525F0
D59C20
D62C80
D6BCE0
D74D50
D7DDB0
D88620
D92E90
D9D700
DA7F70
DB3E20
DBFCD0
DCBB90
DD7A40
DE4EE0
DF2380
DFF830
E0CCD0
E1B770
E2A200
E38CA0
E47740
E57510
E672E0
E770B0
E86E80
E97D30
EA8BD0
EB9A80
ECA930
EDC790
EEE5F0
F00450
F122B0
F24FC0
F37CD0
F4A9E0
F5D6F0
F70FD0
F848A0
F98180
FABA60
FBFC60
FD3E60
FE8070
FFC270
010BC0
025500
039E50
04E790
063650
078520
08D3E0
0A22A0
0B7400
0CC570
0E16D0
0F6830
10B9A0
120B00
135C70
14ADD0
15FCD0
174BD0
189AD0
19E9D0
1B33E0
1C7DF0
1DC800
1F1210
2054E0
2197B0
22DA80
241D50
2556A0
268FE0
27C930
290270
2A2F90
2B5CB0
2C89C0
2DB6E0
2ED4F0
2FF2F0
311100
322F00
333C60
3449D0
355730
366490
375FB0
385AC0
3955E0
3A50F0
3B3730
3C1D60
3D03A0
3DE9D0
3EB830
3F8690
4054E0
412340
41D930
428F30
434520
43FB10
4497D0
453480
45D140
466DF0
46EF40
477080
47F1D0
487310
48D640
493980
499CB0
49FFE0
4A4580
4A8B20
4AD0B0
4B1650
4B3E80
4B66A0
4B8ED0
4BB6F0
4BC020
4BC950
4BD270
4BDBA0
4BC3D0
4BAC00
4B9420
4B7C50
4B4500
4B0DC0
4AD670
4A9F20
4A4970
49F3D0
499E20
494870
48D3B0
485EF0
47EA30
477570
46E070
464B80
45B680
452180
446EC0
43BC00
430940
425680
4187F0
40B960
3FEAD0
3F1C40
3E3230
3D4830
3C5E20
3B7410
3A6E80
3968F0
386350
375DC0
363FA0
352180
340360
32E540
31B130
307D10
2F4900
2E14E0
2CCC10
2B8340
2A3A70
28F1A0
279510
263890
24DC00
237F70
221270
20A570
1F3870
1DCB70
1C50F0
1AD670
195BF0
17E170
165B80
14D5A0
134FB0
11C9C0
103A70
0EAB30
0D1BE0
0B8C90
09F700
086170
06CBE0
053650
039D60
020460
006B70
FED270
FD38C0
FB9F10
FA0560
F86BB0
F6D400
F53C60
F3A4B0
F20D10
F07A00
EEE6F0
ED53F0
EBC0E0
EA3500
E8A910
E71D30
E59150
E40F80
E28DC0
E10BF0
DF8A30
DE15B0
DCA130
DB2CC0
D9B840
D852D0
D6ED50
D587E0
D42270
D2CDE0
D17950
D024C0
CED030
CD8F60
CC4E90
CB0DC0
C9CCF0
C8A320
C77940
C64F70
C525A0
C41380
C30150
C1EF30
C0DD10
BFE390
BEEA00
BDF080
BCF700
BC1880
BB3A10
BA5B90
B97D20
B8BC90
B7FC10
B73B80
B67B00
B5D800
B534F0
B491F0
B3EEF0
B36960
B2E3D0
B25E40
B1D8B0
B17250
B10BE0
B0A580
B03F20
AFFA30
AFB530
AF7040
AF2B50
AF0630
AEE110
AEBC00
AE96E0
AE9080
AE8A20
AE83C0
AE7D60
AE9680
AEAF90
AEC8B0
AEE1D0
AF1BA0
AF5560
AF8F30
AFC900
B02110
B07920
B0D140
B12950
B19DC0
B21230
B286B0
B2FB20
B38BC0
B41C50
B4ACF0
B53D90
B5EA70
B69760
B74440
B7F130
B8B750
B97D80
BA43A0
BB09D0
BBE6A0
BCC370
BDA050
BE7D20
BF6F60
C06190
C153D0
C24610
C34CA0
C45320
C559B0
C66040
C77800
C88FC0
C9A780
CABF40
CBE560
CD0B90
CE31B0
CF57E0
D08A60
D1BCE0
D2EF70
D421F0
D55EC0
D69BA0
D7D870
D91550
DA5990
DB9DD0
DCE220
DE2660
DF6F50
E0B840
E20140
E34A30
E49530
E5E040
E72B40
E87650
E9C0A0
EB0AE0
EC5530
ED9F80
EEE6D0
F02E30
F17580
F2BCE0
F3FF00
F54130
F68350
F7C580
F8FFA0
FA39D0
FB73F0
FCAE20
FDDD30
FF0C40
003B60
016A70
028D10
03AFC0
04D260
05F500
0709B0
081E60
093310
0A47C0
0B4BE0
0C4FF0
0D5410
0E5820
0F4890
103900
112960
1219D0
12F650
13D2E0
14AF60
158BE0
165400
171C20
17E430
18AC50
195DE0
1A0F60
1AC0F0
1B7270
1C0AC0
1CA310
1D3B50
1DD3A0
1E53B0
1ED3C0
1F53C0
1FD3D0
203C30
20A490
210CF0
217550
21C4B0
221420
226380
22B2E0
22E790
231C40
2350E0
238590
23A170
23BD60
23D940
23F520
23F9B0
23FE50
2402E0
240770
23F460
23E150
23CE30
23BB20
238FA0
236420
2338A0
230D20
22CC00
228AD0
2249B0
220880
21B3F0
215F60
210AD0
20B640
204F00
1FE7C0
1F8080
1F1940
1E9FD0
1E2660
1DACE0
1D3370
1CAAD0
1C2230
1B9990
1B10F0
1A7BD0
19E6B0
195180
18BC60
181C50
177C40
16DC30
163C20
1592B0
14E930
143FC0
139640
12E660
123690
1186B0
10D6D0
102350
0F6FE0
0EBC60
0E08E0
0D5420
0C9F60
0BEA90
0B35D0
0A8240
09CEC0
091B30
0867A0
07B7B0
0707D0
0657E0
05A7F0
04FE00
045420
03AA30
030040
025F10
01BDE0
011CA0
007B70
FFE5E0
FF5050
FEBAD0
FE2540
FD9CF0
FD14B0
FC8C60
FC0420
FB8AC0
FB1160
FA9810
FA1EB0
F9B700
F94F40
F8E790
F87FE0
F82CF0
F7DA00
F78710
F73420
F6F660
F6B890
F67AD0
F63D10
F61520
F5ED40
F5C550
F59D70
F58DB0
F57DF0
F56E30
F55E70
F569B0
F574E0
F58020
F58B60
F5B0B0
F5D5F0
F5FB40
F62090
F65F70
F69E50
F6DD40
F71C20
F77620
F7D010
F82A10
F88410
F8FB20
F97230
F9E950
FA6060
FAF280
FB84A0
FC16C0
FCA8E0
FD5480
FE0010
FEABB0
FF5750
001CE0
00E280
01A810
026DA0
034E30
042EC0
050F50
05EFE0
06E850
07E0D0
08D940
09D1B0
0ADF80
0BED50
0CFB20
0E08F0
0F2B70
104DF0
117060
1292E0
13C9B0
150090
163760
176E30
18B5C0
19FD60
1B44F0
1C8C80
1DE1B0
1F36E0
208C00
21E130
234240
24A340
260450
276550
28D0B0
2A3C10
2BA770
2D12D0
2E84B0
2FF6A0
316880
32DA60
344F60
35C460
373950
38AE50
3A23B0
3B9910
3D0E70
3E83D0
3FF6E0
4169F0
42DCF0
445000
45BD60
472AC0
489810
4A0570
4B69F0
4CCE70
4E32F0
4F9770
50EFD0
524840
53A0A0
54F900
5641D0
578AA0
58D360
5A1C30
5B52E0
5C8990
5DC030
5EF6E0
6018F0
613AF0
625D00
637F00
648900
6592F0
669CF0
67A6E0
6894F0
698300
6A7110
6B5F20
6C3000
6D00F0
6DD1D0
6EA2B0
6F54F0
700720
70B960
716B90
71FBF0
728C60
731CC0
73AD20
7417F0
7482D0
74EDA0
755870
759E00
75E390
762910
766EA0
768EC0
76AEE0
76CEF0
76EF10
76E760
76DFB0
76D7F0
76D040
769DD0
766B50
7638E0
760660
75AAD0
754F40
74F3B0
749820
7414A0
739120
730DA0
728A20
71DD60
7130A0
7083E0
6FD720
6EFF30
6E2740
6D4F40
6C7750
6B7740
6A7740
697730
687720
675170
662BC0
650600
63E050
629500
6149B0
5FFE60
5EB310
5D41B0
5BD050
5A5EF0
58ED90
575A20
55C6C0
543350
529FE0
50EDD0
4F3BB0
4D89A0
4BD780
4A0820
4838C0
466950
4499F0
42AE30
40C270
3ED6A0
3CEAE0
3AE760
38E3E0
36E060
34DCE0
32C5C0
30AEA0
2E9780
2C8060
2A5840
283020
260800
23DFE0
21A950
1F72B0
1D3C20
1B0580
18C4F0
168460
1443D0
120340
0FBCE0
0D7680
0B3010
08E9B0
06A110
045870
020FC0
FFC720
FD7FE0
FB38B0
F8F170
F6AA40
F46860
F22680
EFE4A0
EDA2C0
EB6A00
E93130
E6F870
E4BFB0
E29420
E06890
DE3D00
DC1170
D9F780
D7DD90
D5C3B0
D3A9C0
D1A450
CF9ED0
CD9960
CB93F0
C9A5E0
C7B7C0
C5C9B0
C3DBA0
C20910
C03680
BE63F0
BC9160
BADF00
B92CA0
B77A40
B5C7E0
B43700
B2A630
B11550
AF8480
AE16E0
ACA940
AB3BA0
A9CE00
A88740
A74070
A5F9B0
A4B2F0
A39750
A27BB0
A16010
A04470
9F53B0
9E6300
9D7240
9C8190
9BBC00
9AF670
9A30F0
996B60
98D3C0
983C30
97A490
970D00
96A6E0
9640B0
95DA90
957470
953DC0
950710
94D070
9499C0
949150
9488D0
948060
9477F0
949F20
94C640
94ED70
9514A0
956D80
95C660
961F40
967820
96FF80
9786D0
980E30
989590
9948E0
99FC20
9AAF70
9B62C0
9C4200
9D2140
9E0090
9EDFD0
9FEBA0
A0F770
A20350
A30F20
A44330
A57750
A6AB60
A7DF80
A93840
AA90F0
ABE9B0
AD4270
AEBE50
B03A20
B1B600
B331E0
B4CFB0
B66D90
B80B60
B9A940
BB6470
BD1F90
BEDAC0
C095F0
C26A50
C43EB0
C61320
C7E780
C9D250
CBBD30
CDA800
CF92E0
D19190
D39030
D58EE0
D78D90
D99B80
DBA980
DDB770
DFC570
E1DE80
E3F790
E610A0
E829B0
EA4A30
EC6AA0
EE8B20
F0ABA0
F2CFB0
F4F3C0
F717E0
F93BF0
FB5FC0
FD8390
FFA770
01CB40
03EB20
060B00
082AE0
0A4AC0
0C6280
0E7A30
1091F0
12A9A0
14B4B0
16BFB0
18CAC0
1AD5C0
1CD170
1ECD30
20C8E0
22C490
24AE30
2697D0
288170
2A6B10
2C3E80
2E1200
2FE570
31B8E0
337190
352A40
36E2E0
389B90
3A3840
3BD4E0
3D7190
3F0E30
408D40
420C40
438B50
450A50
466820
47C5F0
4923C0
4A8190
4BB9E0
4CF230
4E2A80
4F62D0
507610
518960
529CA0
53AFE0
549DF0
558C00
567A00
576810
582E60
58F4B0
59BB00
5A8150
5B1CB0
5BB820
5C5380
5CEEE0
5D6120
5DD350
5E4590
5EB7C0
5F01F0
5F4C10
5F9640
5FE060
600120
6021E0
604290
606350
6058B0
604E00
604360
6038B0
6005B0
5FD2A0
5F9FA0
5F6C90
5F1380
5EBA70
5E6150
5E0840
5D8940
5D0A40
5C8B30
5C0C30
5B66E0
5AC190
5A1C40
5976F0
58AEF0
57E700
571F00
565700
556F60
5487D0
53A030
52B890
51B2B0
50ACD0
4FA6F0
4EA110
4D7E00
4C5AF0
4B37E0
4A14D0
48D870
479C20
465FC0
452360
43D120
427EE0
412CA0
3FDA60
3E74B0
3D0F00
3BA950
3A43A0
38CCF0
375630
35DF80
3468C0
32E480
316050
2FDC10
2E57D0
2CC950
2B3AE0
29AC60
281DE0
268850
24F2C0
235D20
21C790
202E50
1E9500
1CFBC0
1B6270
19C820
182DD0
169370
14F920
136060
11C7B0
102EF0
0E9630
0D0270
0B6EB0
09DAE0
084720
06BC00
0530E0
03A5C0
021AA0
0099D0
FF18F0
FD9820
FC1750
FAA290
F92DD0
F7B920
F64460
F4DEF0
F37970
F21400
F0AE90
EF5C20
EE09B0
ECB750
EB64E0
EA25B0
E8E680
E7A750
E66820
E53CC0
E41170
E2E610
E1BAC0
E0A5C0
DF90B0
DE7BB0
DD66B0
DC6AF0
DB6F30
DA7380
D977C0
D89470
D7B110
D6CDC0
D5EA70
D51F20
D453D0
D38880
D2BD30
D20B80
D159C0
D0A810
CFF660
CF6070
CECA80
CE34A0
CD9EB0
CD2280
CCA640
CC2A10
CBADE0
CB49E0
CAE5E0
CA81E0
CA1DE0
C9D280
C98720
C93BC0
C8F060
C8BE60
C88C50
C85A50
C82850
C80D20
C7F1F0
C7D6C0
C7BB90
C7B510
C7AEA0
C7A820
C7A1B0
C7AF50
C7BCF0
C7CA90
C7D830
C7F980
C81AD0
C83C30
C85D80
C88FB0
C8C1D0
C8F400
C92630
C966C0
C9A760
C9E7F0
CA2890
CA75F0
CAC350
CB10C0
CB5E20
CBB6C0
CC0F60
CC6800
CCC0A0
CD2200
CD8350
CDE4B0
CE4610
CEADD0
CF15A0
CF7D60
CFE530
D05130
D0BD30
D12930
D19530
D20300
D270E0
D2DEB0
D34C90
D3BA70
D42850
D49640
D50420
D57040
D5DC60
D64890
D6B4B0
D71CB0
D784B0
D7ECC0
D854C0
D8B5F0
D91710
D97840
D9D970
DA32F0
DA8C60
DAE5E0
DB3F60
DB9020
DBE0F0
DC31B0
DC8280
DCC850
DD0E20
DD53F0
DD99C0
DDD1E0
DE09F0
DE4210
DE7A30
DEA500
DECFE0
DEFAB0
DF2590
DF4330
DF60D0
DF7E70
DF9C10
DFAAE0
DFB9B0
DFC890
DFD760
DFD560
DFD360
DFD160
DFCF60
DFBDE0
DFAC70
DF9AF0
DF8980
DF6980
DF4980
DF2990
DF0990
DEDA40
DEAAF0
DE7BA0
DE4C50
DE0C60
DDCC60
DD8C70
DD4C80
DCFE50
DCB020
DC6200
DC13D0
DBB950
DB5EC0
DB0440
DAA9C0
DA4330
D9DC90
D97600
D90F70
D89CC0
D82A20
D7B770
D744D0
D6C8D0
D64CD0
D5D0E0
D554E0
D4D1E0
D44EE0
D3CBE0
D348E0
D2C010
D23730
D1AE60
D12590
D097E0
D00A30
CF7C90
CEEEE0
CE5F40
CDCFA0
CD4010
CCB070
CC2170
CB9270
CB0370
CA7470
C9E810
C95BA0
C8CF40
C842E0
C7BB20
C73370
C6ABB0
C62400
C5A350
C522A0
C4A200
C42150
C3A9F0
C33280
C2BB20
C243C0
C1D810
C16C70
C100C0
C09520
C037F0
BFDAB0
BF7D80
BF2050
BED310
BE85D0
BE3890
BDEB50
BDAF90
BD73C0
BD3800
BCFC40
BCD470
BCACB0
BC84E0
BC5D20
BC4C30
BC3B50
BC2A60
BC1980
BC1FD0
BC2630
BC2C80
BC32E0
BC5110
BC6F30
BC8D60
BCAB90
BCE3C0
BD1C00
BD5430
BD8C70
BDE170
BE3670
BE8B70
BEE070
BF5120
BFC1D0
C03280
C0A330
C12EF0
C1BAB0
C24680
C2D240
C37A70
C422A0
C4CAD0
C57300
C63980
C6FFF0
C7C670
C88CF0
C96F80
CA5220
CB34B0
CC1750
CD1450
CE1160
CF0E60
D00B70
D12350
D23B30
D35320
D46B00
D59EB0
D6D260
D80620
D939D0
DA8600
DBD220
DD1E50
DE6A80
DFCC60
E12E30
E29010
E3F1F0
E568A0
E6DF50
E85610
E9CCC0
EB57C0
ECE2C0
EE6DC0
EFF8C0
F19440
F32FD0
F4CB50
F666E0
F80FA0
F9B860
FB6130
FD09F0
FEBE00
007220
022630
03DA40
0597F0
0755B0
091360
0AD110
0C9460
0E57C0
101B10
11DE60
13A3C0
156920
172E80
18F3E0
1AB870
1C7CF0
1E4180
200600
21C6C0
238780
254830
2708F0
28C280
2A7C00
2C3590
2DEF10
2F9E20
314D30
32FC40
34AB50
364C80
37EDA0
398ED0
3B2FF0
3CBF80
3E4F10
3FDE90
416E20
42E990
446510
45E080
475BF0
48C0C0
4A2590
4B8A60
4CEF30
4E39D0
4F8480
50CF20
5219C0
534630
5472B0
559F20
56CB90
57D8B0
58E5C0
59F2E0
5AFFF0
5BEC40
5CD890
5DC4D0
5EB120
5F7960
6041B0
6109F0
61D230
627290
6312F0
63B350
6453B0
64CCA0
6545A0
65BE90
663780
668910
66DA90
672C20
677DA0
67A570
67CD30
67F500
681CC0
6817D0
6812F0
680E00
680910
67D950
67A990
6779D0
674A10
66F0D0
669780
663E40
65E4F0
6560F0
64DCE0
6458E0
63D4D0
632420
627370
61C2B0
611200
603800
5F5E00
5E83F0
5DA9F0
5CA950
5BA8B0
5AA800
59A760
588050
575940
563230
550B20
53BD70
526FB0
512200
4FD440
4E6400
4CF3C0
4B8380
4A1340
488400
46F4D0
456590
43D650
4229A0
407CF0
3ED040
3D2390
3B5AA0
3991B0
37C8B0
35FFC0
341F40
323EB0
305E30
2E7DA0
2C89A0
2A95A0
28A1A0
26ADA0
24A900
22A460
209FB0
1E9B10
1C8890
1A7600
186380
1650F0
1434F0
1218F0
0FFCE0
0DE0E0
0BBF70
099E10
077CA0
055B30
033810
0114F0
FEF1C0
FCCEA0
FAADA0
F88CA0
F66BA0
F44AA0
F22F70
F01430
EDF900
EBDDD0
E9CC00
E7BA30
E5A860
E39690
E19240
DF8DE0
DD8990
DB8540
D992E0
D7A080
D5AE30
D3BBD0
D1DDF0
D00000
CE2220
CC4440
CA7D80
C8B6B0
C6EFF0
C52930
C37DA0
C1D200
C02670
BE7AE0
BCEF20
BB6360
B9D7B0
B84BF0
B6E0F0
B575F0
B40AF0
B29FF0
B156F0
B00E00
AEC500
AD7C10
AC5890
AB3500
AA1180
A8EE00
A7F3F0
A6F9E0
A5FFD0
A505C0
A43490
A36360
A29240
A1C110
A118C0
A07070
9FC820
9F1FD0
9EA2D0
9E25D0
9DA8D0
9D2BD0
9CDD50
9C8EC0
9C4040
9BF1C0
9BCF80
9BAD40
9B8B10
9B68D0
9B7160
9B79F0
9B8280
9B8B10
9BBF80
9BF3E0
9C2850
9C5CC0
9CBEA0
9D2090
9D8270
9DE460
9E7090
9EFCB0
9F88E0
A01510
A0C8F0
A17CD0
A230C0
A2E4A0
A3BFF0
A49B30
A57680
A651D0
A754C0
A857A0
A95A90
AA5D80
AB8400
ACAA70
ADD0F0
AEF770
B03E10
B184B0
B2CB50
B411F0
B57700
B6DC10
B84120
B9A630
BB2840
BCAA50
BE2C60
BFAE70
C14950
C2E440
C47F20
C61A10
C7CA20
C97A30
CB2A40
CCDA50
CE9CC0
D05F20
D22190
D3E400
D5B600
D78810
D95A10
DB2C20
DD0A00
DEE7E0
E0C5D0
E2A3B0
E489E0
E67020
E85650
EA3C90
EC27A0
EE12C0
EFFDD0
F1E8F0
F3D540
F5C1A0
F7ADF0
F99A50
FB84F0
FD6F90
FF5A30
0144D0
032AC0
0510C0
06F6B0
08DCA0
0ABA30
0C97D0
0E7560
1052F0
122400
13F510
15C610
179720
195A00
1B1CD0
1CDFB0
1EA280
205540
220800
23BAB0
256D70
270CB0
28ABE0
2A4B20
2BEA50
2D7230
2EFA00
3081E0
3209B0
3379B0
34E9B0
3659A0
37C9A0
3920F0
3A7850
3BCFA0
3D26F0
3E62D0
3F9EA0
40DA80
421650
433340
445040
456D30
468A20
478940
488860
498770
4A8690
4B6850
4C4A20
4D2BE0
4E0DA0
4ED060
4F9320
5055D0
511890
51BA20
525BA0
52FD30
539EB0
542100
54A350
552590
55A7E0
560C60
5670E0
56D560
5739E0
578000
57C630
580C50
585270
587930
58A000
58C6C0
58ED80
58F7B0
5901F0
590C20
591650
590630
58F620
58E600
58D5E0
58AC20
588260
585890
582ED0
57EBD0
57A8D0
5765C0
5722C0
56C980
567030
5616F0
55BDA0
5550B0
54E3D0
5476E0
5409F0
538B00
530C00
528D10
520E10
517EA0
50EF30
505FB0
4FD040
4F3330
4E9610
4DF900
4D5BE0
4CB3C0
4C0BA0
4B6370
4ABB50
4A0A70
495990
48A8A0
47F7C0
474090
468960
45D220
451AF0
445FA0
43A460
42E910
422DC0
417090
40B360
3FF620
3F38F0
3E7C80
3DC010
3D0390
3C4720
3B8E70
3AD5C0
3A1D00
396450
38B080
37FCC0
3748F0
369520
35E7A0
353A10
348C90
33DF00
333A30
329560
31F080
314BB0
30B260
301920
2F7FD0
2EE680
2E58F0
2DCB70
2D3DE0
2CB050
2C2F10
2BADD0
2B2C80
2AAB40
2A3840
29C550
295250
28DF50
287D30
281B00
27B8E0
2756B0
270460
26B200
265FB0
260D50
25CA40
258730
254420
250110
24CE70
249BD0
246930
243690
2415F0
23F550
23D4A0
23B400
23A3A0
239340
2382D0
237270
237100
236FA0
236E30
236CC0
237A90
238860
239630
23A400
23C1C0
23DF70
23FD30
241AE0
244610
247150
249C80
24C7B0
24FE70
253540
256C00
25A2C0
25E460
262600
266790
26A930
26F520
274110
278D00
27D8F0
282CC0
288090
28D460
292830
2981B0
29DB40
2A34C0
2A8E40
2AEC00
2B49D0
2BA790
2C0550
2C65E0
2CC660
2D26F0
2D8770
2DE890
2E49B0
2EAAD0
2F0BF0
2F6BA0
2FCB50
302B00
308AB0
30E700
314340
319F90
31FBD0
3252A0
32A960
330030
3356F0
33A6A0
33F650
3445F0
3495A0
34DCA0
3523A0
356AA0
35B1A0
35EDC0
3629E0
366600
36A220
36D0D0
36FF80
372E30
375CE0
377DA0
379E60
37BF10
37DFD0
37F1E0
3803F0
381600
382810
382990
382B10
382C90
382E10
381CD0
380B80
37FA40
37E8F0
37C530
37A180
377DC0
375A00
3723E0
36EDB0
36B790
368160
363760
35ED60
35A360
355960
34F9A0
3499D0
343A10
33DA40
336630
32F220
327E10
320A00
3182C0
30FB80
307430
2FECF0
2F51F0
2EB6F0
2E1BE0
2D80E0
2CD140
2C2190
2B71F0
2AC240
2A0010
293DD0
287BA0
27B960
26E650
261330
254020
246D00
238950
22A5A0
21C1F0
20DE40
1FE9E0
1EF580
1E0120
1D0CC0
1C0A70
1B0810
1A05C0
190360
17F560
16E750
15D950
14CB40
13B2C0
129A40
1181C0
106940
0F4760
0E2580
0D03A0
0BE1C0
0AB920
099080
0867D0
073F30
061230
04E520
03B820
028B10
015B90
002C00
FEFC70
FDCCF0
FC9CD0
FB6CA0
FA3C80
F90C60
F7DDF0
F6AF70
F58100
F45290
F32800
F1FD70
F0D2E0
EFA850
EE83E0
ED5F80
EC3B10
EB16B0
E9FAF0
E8DF30
E7C370
E6A7B0
E59630
E484B0
E37330
E261B0
E15C10
E05670
DF50E0
DE4B40
DD53F0
DC5CB0
DB6560
DA6E20
D987F0
D8A1C0
D7BBA0
D6D570
D600E0
D52C50
D457C0
D38330
D2C100
D1FEC0
D13C90
D07A60
CFCC90
CF1EC0
CE7100
CDC330
CD2C30
CC9520
CBFE20
CB6720
CAE680
CA65F0
C9E550
C964C0
C8FA80
C89030
C825F0
C7BBB0
C76940
C716D0
C6C460
C671F0
C63950
C600B0
C5C820
C58F80
C56F20
C54ED0
C52E70
C50E20
C504F0
C4FBC0
C4F2A0
C4E970
C4F800
C50690
C51520
C523B0
C54AE0
C57220
C59950
C5C090
C5FE40
C63C00
C679B0
C6B770
C709E0
C75C60
C7AED0
C80150
C86840
C8CF40
C93630
C99D30
CA18C0
CA9440
CB0FD0
CB8B60
CC18B0
CCA5F0
CD3340
CDC090
CE5D40
CEF9F0
CF96B0
D03360
D0DE30
D18900
D233E0
D2DEB0
D39680
D44E40
D50610
D5BDE0
D67FF0
D74210
D80420
D8C640
D99030
DA5A30
DB2420
DBEE20
DCBE10
DD8DF0
DE5DE0
DF2DD0
E001B0
E0D5A0
E1A980
E27D70
E35300
E42880
E4FE10
E5D3A0
E6A890
E77D80
E85280
E92770
E9F970
EACB70
EB9D70
EC6F70
ED3BF0
EE0860
EED4E0
EFA160
F066C0
F12C10
F1F170
F2B6D0
F37370
F43000
F4ECA0
F5A940
F65AA0
F70C10
F7BD70
F86EE0
F91240
F9B5A0
FA5910
FAFC70
FB9140
FC2620
FCBAF0
FD4FD0
FDD550
FE5AE0
FEE060
FF65F0
FFDA10
004E30
00C250
013670
0196B0
01F6F0
025720
02B760
030430
0350F0
039DC0
03EA80
042400
045D80
0496F0
04D070
04F510
0519C0
053E60
056300
0570D0
057EA0
058C60
059A30
0592C0
058B50
0583E0
057C70
0560F0
054560
0529E0
050E50
04DE20
04AE00
047DD0
044DA0
0407E0
03C220
037C60
0336A0
02DD90
028470
022B60
01D240
0167B0
00FD10
009280
0027E0
FFAC10
FF3040
FEB480
FE38B0
FDABB0
FD1EA0
FC91A0
FC04A0
FB6940
FACDD0
FA3270
F99710
F8EFB0
F84860
F7A100
F6F9B0
F647B0
F595B0
F4E3B0
F431B0
F37640
F2BAD0
F1FF60
F143F0
F081D0
EFBFA0
EEFD80
EE3B60
ED74F0
ECAE90
EBE820
EB21C0
EA5920
E99070
E8C7D0
E7FF30
E73660
E66D80
E5A4B0
E4DBE0
E41530
E34E70
E287C0
E1C110
E0FEB0
E03C50
DF79F0
DEB790
DDFBE0
DD4040
DC8490
DBC8F0
DB16A0
DA6460
D9B210
D8FFD0
D85870
D7B100
D709A0
D66240
D5C750
D52C70
D49180
D3F6A0
D36AB0
D2DEB0
D252C0
D1C6D0
D14CB0
D0D280
D05860
CFDE40
CF7660
CF0E70
CEA690
CE3EB0
CDE9B0
CD94C0
CD3FC0
CCEAD0
CCAAD0
CC6AE0
CC2AE0
CBEAF0
CBC280
CB9A10
CB71A0
CB4930
CB37A0
CB2610
CB1490
CB0300
CB0810
CB0D20
CB1240
CB1750
CB3480
CB51A0
CB6ED0
CB8C00
CBC340
CBFA90
CC31D0
CC6920
CCB8A0
CD0820
CD57B0
CDA730
CE0D90
CE73E0
CEDA40
CF40A0
CFBE50
D03C00
D0B9B0
D13760
D1CD40
D26310
D2F8F0
D38ED0
D43A50
D4E5C0
D59140
D63CC0
D6FBC0
D7BAB0
D879B0
D938B0
DA0AB0
DADCB0
DBAEC0
DC80C0
DD65A0
DE4A90
DF2F70
E01460
E108F0
E1FD90
E2F220
E3E6C0
E4E850
E5E9E0
E6EB80
E7ED10
E8FA10
EA0710
EB1410
EC2110
ED3810
EE4F20
EF6620
F07D30
F19B20
F2B910
F3D700
F4F4F0
F61700
F73900
F85B10
F97D20
FAA100
FBC4D0
FCE8B0
FE0C90
FF2FF0
005360
0176D0
029A30
03BA60
04DA90
05FAB0
071AE0
083540
094F90
0A69F0
0B8440
0C9600
0DA7C0
0EB970
0FCB30
10D160
11D780
12DDB0
13E3D0
14DC80
15D520
16CDD0
17C670
18AFB0
1998F0
1A8220
1B6B60
1C4250
1D1950
1DF040
1EC730
1F8890
204A00
210B60
21CCC0
2277E0
232310
23CE30
247950
250D40
25A130
263510
26C900
274340
27BD70
2837B0
28B1E0
290F70
296D10
29CAA0
2A2830
2A69A0
2AAB10
2AEC70
2B2DE0
2B5340
2B78A0
2B9DF0
2BC350
2BCAD0
2BD240
2BD9C0
2BE130
2BC860
2BAF90
2B96C0
2B7DF0
2B46B0
2B0F70
2AD830
2AA0F0
2A4C90
29F840
29A3E0
294F80
28DD50
286B10
27F8E0
2786A0
26F560
266410
25D2D0
254180
2493E0
23E650
2338B0
228B10
21C350
20FB90
2033D0
1F6C10
1E8A80
1DA900
1CC770
1BE5E0
1AEA70
19EEF0
18F380
17F800
16E620
15D440
14C260
13B080
128B30
1165F0
1040A0
0F1B50
0DE420
0CACF0
0B75B0
0A3E80
08F6B0
07AEE0
066700
051F30
03CA50
027580
0120A0
FFCBC0
FE6D10
FD0E60
FBAFC0
FA5110
F8EB00
F784E0
F61ED0
F4B8C0
F34DA0
F1E280
F07770
EF0C50
ED9F80
EC32A0
EAC5D0
E95900
E7ED90
E68220
E516B0
E3AB40
E24440
E0DD40
DF7640
DE0F40
DCAFE0
DB5080
D9F130
D891D0
D73CA0
D5E780
D49250
D33D30
D1F4C0
D0AC50
CF63F0
CE1B80
CCE310
CBAAA0
CA7240
C939D0
C81500
C6F030
C5CB70
C4A6A0
C396E0
C28720
C17760
C067A0
BF6E80
BE7560
BD7C50
BC8330
BBA3B0
BAC440
B9E4C0
B90550
B84300
B780B0
B6BE60
B5FC10
B55710
B4B200
B40D00
B36800
B2E0C0
B25990
B1D250
B14B20
B0E420
B07D20
B01620
AFAF20
AF6B60
AF27A0
AEE3F0
AEA030
AE7E60
AE5C90
AE3AD0
AE1900
AE1850
AE17B0
AE1700
AE1660
AE3840
AE5A20
AE7C10
AE9DF0
AEE450
AF2AA0
AF7100
AFB760
B01FD0
B08840
B0F0B0
B15920
B1E1C0
B26A70
B2F310
B37BC0
B424E0
B4CE10
B57730
B62060
B6EAD0
B7B540
B87FB0
B94A20
BA3280
BB1AD0
BC0330
BCEB90
BDEF10
BEF280
BFF600
C0F980
C21720
C334D0
C45270
C57020
C6A740
C7DE70
C91590
CA4CC0
CB99B0
CCE6A0
CE3390
CF8080
D0DFF0
D23F60
D39EE0
D4FE50
D66E30
D7DE20
D94E00
DABDF0
DC3C70
DDBAE0
DF3960
E0B7E0
E24130
E3CA90
E553E0
E6DD40
E86E10
E9FED0
EB8FA0
ED2070
EEB5D0
F04B20
F1E080
F375E0
F50CE0
F6A3E0
F83AE0
F9D1E0
FB6750
FCFCB0
FE9220
002790
01B860
034920
04D9F0
066AB0
07F380
097C40
0B0510
0C8DD0
0E0AF0
0F8810
110530
128250
13F1A0
1560E0
16D030
183F70
199E90
1AFDC0
1C5CE0
1DBC00
1F07B0
205360
219F00
22EAB0
241F30
2553B0
268820
27BCA0
28D8D0
29F500
2B1130
2C2D60
2D2FF0
2E3280
2F3510
3037A0
311D90
320390
32E980
33CF70
349540
355B10
3620D0
36E6A0
378CA0
3832A0
38D8A0
397EA0
3A04B0
3A8AC0
3B10D0
3B96E0
3BFAE0
3C5EE0
3CC2E0
3D26E0
3D6630
3DA570
3DE4C0
3E2400
3E4010
3E5C10
3E7820
3E9420
3E8DE0
3E8790
3E8150
3E7B00
3E5140
3E2780
3DFDC0
3DD400
3D8510
3D3630
3CE740
3C9850
3C26E0
3BB560
3B43F0
3AD270
3A4070
39AE70
391C60
388A60
37D7E0
372570
3672F0
35C070
34ED30
3419F0
3346A0
327360
318280
3091A0
2FA0C0
2EAFE0
2DA410
2C9830
2B8C60
2A8080
295AE0
283540
270FA0
25EA00
24AB80
236D10
222E90
20F010
1F9C20
1E4840
1CF450
1BA060
1A3A10
18D3B0
176D60
160700
149060
1319C0
11A310
102C70
0EA790
0D22B0
0B9DC0
0A18E0
0888F0
06F900
056910
03D920
024120
00A910
FF1100
FD7900
FBDBA0
FA3E40
F8A0E0
F70380
F563B0
F3C3E0
F22420
F08450
EEE4A0
ED44F0
EBA550
EA05A0
E86890
E6CB80
E52E80
E39170
E1FA00
E06290
DECB30
DD33C0
DBA540
DA16B0
D88830
D6F9B0
D575C0
D3F1D0
D26DF0
D0EA00
CF7270
CDFAE0
CC8360
CB0BD0
C9A390
C83B60
C6D320
C56AF0
C41560
C2BFE0
C16A50
C014D0
BED270
BD9000
BC4DA0
BB0B40
B9DCC0
B8AE40
B77FD0
B65150
B53910
B420E0
B308A0
B1F070
B0F140
AFF210
AEF2E0
ADF3B0
AD0D00
AC2650
AB3FB0
AA5900
A98AB0
A8BC60
A7EE10
A71FC0
A66B60
A5B710
A502B0
A44E60
A3B610
A31DC0
A28580
A1ED30
A16F60
A0F180
A073B0
9FF5E0
9F9170
9F2D00
9EC890
9E6420
9E19B0
9DCF40
9D84D0
9D3A60
9D0AF0
9CDB80
9CAC20
9C7CB0
9C6610
9C4F70
9C38D0
9C2230
9C2290
9C2300
9C2360
9C23D0
9C3AF0
9C5200
9C6920
9C8040
9CAE10
9CDBE0
9D09C0
9D3790
9D7970
9DBB40
9DFD20
9E3F00
9E92A0
9EE650
9F39F0
9F8DA0
9FF1D0
A05600
A0BA40
A11E70
A19210
A205C0
A27960
A2ED10
A36D90
A3EE10
A46EA0
A4EF20
A57A30
A60540
A69060
A71B70
A7AF20
A842D0
A8D690
A96A40
AA0490
AA9EF0
AB3940
ABD3A0
AC7280
AD1160
ADB040
AE4F20
AEF080
AF91F0
B03350
B0D4C0
B17680
B21830
B2B9F0
B35BB0
B3FB50
B49B00
B53AA0
B5DA50
B67660
B71270
B7AE90
B84AA0
B8E1A0
B97890
BA0F90
BAA690
BB3630
BBC5C0
BC5560
BCE500
BD6AA0
BDF040
BE75F0
BEFB90
BF76B0
BFF1D0
C06CF0
C0E810
C157E0
C1C7C0
C23790
C2A770
C30A10
C36CB0
C3CF50
C431F0
C48510
C4D830
C52B50
C57E70
C5C250
C60640
C64A20
C68E10
C6C2C0
C6F780
C72C30
C760F0
C78510
C7A920
C7CD40
C7F160
C80310
C814C0
C82670
C83820
C838A0
C83920
C839A0
C83A20
C82A40
C81A60
C80A90
C7FAB0
C7D9E0
C7B910
C79840
C77770
C744B0
C711F0
C6DF40
C6AC80
C669B0
C626D0
C5E400
C5A130
C54FB0
C4FE30
C4ACB0
C45B30
C3FB30
C39B30
C33B40
C2DB40
C26CC0
C1FE40
C18FC0
C12140
C0A660
C02B80
BFB0A0
BF35C0
BEB060
BE2AF0
BDA590
BD2030
BC9130
BC0230
BB7330
BAE430
BA4C60
B9B480
B91CB0
B884E0
B7E670
B74810
B6A9A0
B60B40
B56840
B4C540
B42240
B37F40
B2D930
B23320
B18D20
B0E710
B03F90
AF9810
AEF090
AE4910
ADA200
ACFAE0
AC53D0
ABACC0
AB07E0
AA6300
A9BE30
A91950
A87880
A7D7B0
A736E0
A69610
A5FB40
A56070
A4C5B0
A42AE0
A39790
A30440
A270F0
A1DDA0
A15330
A0C8D0
A03E60
9FB400
9F3480
9EB500
9E3590
9DB610
9D43C0
9CD170
9C5F20
9BECD0
9B8840
9B23C0
9ABF30
9A5AB0
9A04B0
99AEB0
9958C0
9902C0
98BD00
987740
983190
97EBD0
97B850
9784D0
975160
971DE0
96FC90
96DB40
96BA00
9698B0
9689C0
967AD0
966BE0
965CF0
9661B0
966670
966B30
966FF0
968A10
96A430
96BE60
96D880
970710
9735B0
976440
9792E0
97D550
9817C0
985A40
989CB0
98F3A0
994AA0
99A190
99F890
9A6500
9AD170
9B3DE0
9BAA50
9C2AD0
9CAB40
9D2BC0
9DAC40
9E3FA0
9ED300
9F6660
9FF9C0
A0A010
A14660
A1ECB0
A29300
A34C80
A40600
A4BF90
A57910
A643E0
A70EA0
A7D970
A8A440
A97EB0
AA5920
AB33A0
AC0E10
ACF780
ADE0E0
AECA50
AFB3C0
B0ABA0
B1A370
B29B50
B39330
B49770
B59BB0
B69FF0
B7A430
B8B310
B9C1F0
BAD0D0
BBDFB0
BCF7F0
BE1020
BF2860
C040A0
C160F0
C28140
C3A1A0
C4C1F0
C5E890
C70F20
C835C0
C95C60
CA8790
CBB2C0
CCDDF0
CE0920
CF3740
D06570
D19390
D2C1C0
D3F130
D520B0
D65020
D77FA0
D8AEE0
D9DE20
DB0D70
DC3CB0
DD6A40
DE97C0
DFC550
E0F2E0
E21CF0
E34700
E47120
E59B30
E6BFD0
E7E470
E90910
EA2DB0
EB4BF0
EC6A20
ED8860
EEA6A0
EFBD70
F0D440
F1EB20
F301F0
F40FB0
F51D80
F62B40
F73910
F83BE0
F93EC0
FA4190
FB4470
FC3BF0
FD3380
FE2B00
FF2290
000E40
00F9F0
01E5A0
02D150
03AFC0
048E20
056C90
064AF0
071A60
07E9C0
08B930
098890
0A4950
0B0A20
0BCAE0
0C8BA0
0D3DE0
0DF020
0EA250
0F5490
0FF760
109A30
113CF0
11DFC0
127200
130430
139670
1428A0
14AB10
152D80
15AFE0
163250
16A580
1718B0
178BD0
17FF00
186290
18C610
1929A0
198D20
19E060
1A33A0
1A86E0
1ADA20
1B1E50
1B6290
1BA6C0
1BEAF0
1C2110
1C5720
1C8D40
1CC350
1CEB70
1D13A0
1D3BC0
1D63E0
1D7E20
1D9860
1DB290
1DCCD0
1DDA70
1DE820
1DF5C0
1E0360
1E0590
1E07D0
1E0A00
1E0C30
1E03A0
1DFB00
1DF270
1DE9D0
1DD700
1DC430
1DB150
1D9E80
1D82C0
1D6700
1D4B30
1D2F70
1D0BF0
1CE870
1CC4E0
1CA160
1C7710
1C4CC0
1C2260
1BF810
1BC7F0
1B97D0
1B67B0
1B3790
1B02C0
1ACDE0
1A9910
1A6430
1A2BA0
19F320
19BA90
198200
1946F0
190BE0
18D0C0
1895B0
185960
181D10
17E0B0
17A460
176770
172A90
16EDA0
16B0B0
1673E0
163710
15FA40
15BD70
1581E0
154650
150AB0
14CF20
149610
145D00
1423E0
13EAD0
13B480
137E20
1347D0
131170
12DE30
12AB00
1277C0
124480
121560
11E630
11B710
1187E0
115DF0
113410
110A20
10E030
10BB40
109650
107160
104C70
102C70
100C70
0FEC70
0FCC70
0FB200
0F9790
0F7D20
0F62B0
0F4EA0
0F3A90
0F2680
0F1270
0F0430
0EF5F0
0EE7A0
0ED960
0ED080
0EC7A0
0EBEB0
0EB5D0
0EB290
0EAF50
0EAC10
0EA8D0
0EABA0
0EAE70
0EB140
0EB410
0EBC10
0EC410
0ECC00
0ED400
0EE080
0EECF0
0EF970
0F05E0
0F16B0
0F2790
0F3860
0F4930
0F5E60
0F7390
0F88B0
0F9DE0
0FB660
0FCEE0
0FE760
0FFFE0
101AE0
1035D0
1050D0
106BC0
1088B0
10A5A0
10C280
10DF70
10FDD0
111C40
113AA0
115900
117800
1196F0
11B5F0
11D4E0
11F3A0
121260
123120
124FE0
126DB0
128B80
12A950
12C720
12E350
12FF90
131BC0
1337F0
1351C0
136B80
138550
139F10
13B5B0
13CC50
13E2F0
13F990
140C30
141EC0
143160
1443F0
145190
145F30
146CC0
147A60
148290
148AD0
149300
149B30
149D80
149FD0
14A210
14A460
14A000
149B90
149730
1492C0
1486C0
147AC0
146EC0
1462C0
144F00
143B30
142770
1413A0
13F7E0
13DC10
13C050
13A480
138000
135B70
1336F0
131260
12E430
12B600
1287D0
1259A0
122220
11EAA0
11B310
117B90
113AE0
10FA30
10B980
1078D0
102E90
0FE450
0F9A00
0F4FC0
0EFB60
0EA710
0E52B0
0DFE50
0DA060
0D4270
0CE470
0C8680
0C1F50
0BB830
0B5100
0AE9D0
0A7950
0A08C0
099840
0927B0
08AD90
083360
07B940
073F10
06BC10
063900
05B600
0532F0
04A7A0
041C60
039110
0305C0
027260
01DF00
014BA0
00B840
001CE0
FF8180
FEE630
FE4AD0
FDA850
FD05C0
FC6340
FBC0C0
FB17C0
FA6EC0
F9C5D0
F91CD0
F86DD0
F7BED0
F70FD0
F660D0
F5AC30
F4F780
F442E0
F38E40
F2D4C0
F21B50
F161D0
F0A860
EFEAD0
EF2D40
EE6FC0
EDB230
ECF130
EC3020
EB6F20
EAAE20
E9EA40
E92670
E86290
E79EC0
E6D8C0
E612D0
E54CD0
E486E0
E3BF70
E2F7F0
E23080
E16910
E0A0E0
DFD8A0
DF1070
DE4840
DD8020
DCB800
DBEFF0
DB27D0
DA6030
D99880
D8D0E0
D80940
D74290
D67BD0
D5B520
D4EE70
D42950
D36440
D29F20
D1DA10
D11750
D054A0
CF91E0
CECF30
CE0F10
CD4EF0
CC8ED0
CBCEB0
CB1170
CA5430
C99700
C8D9C0
C82000
C76640
C6AC90
C5F2D0
C53D50
C487D0
C3D250
C31CD0
C26B70
C1BA20
C108C0
C05770
BFAA40
BEFD10
BE4FF0
BDA2C0
BCFA30
BC5190
BBA900
BB0070
BA5CF0
B9B960
B915E0
B87260
B7D3B0
B73510
B69660
B5F7C0
B55DE0
B4C3F0
B42A10
B39030
B2FB40
B26660
B1D170
B13C90
B0AD00
B01D60
AF8DD0
AEFE40
AE73A0
ADE8F0
AD5E50
ACD3B0
AC4DB0
ABC7B0
AB41C0
AABBC0
AA3A60
A9B910
A937B0
A8B660
A839B0
A7BD00
A74050
A6C3A0
A64B40
A5D2E0
A55A80
A4E220
A46DD0
A3F970
A38520
A310D0
A2A060
A22FF0
A1BF80
A14F10
A0E250
A07590
A008E0
9F9C20
9F32E0
9EC990
9E6050
9DF710
9D9100
9D2AF0
9CC4F0
9C5EE0
9BFBC0
9B98B0
9B3590
9AD280
9A7210
9A1190
99B120
9950B0
98F2D0
9894E0
983700
97D920
977DB0
972230
96C6C0
966B50
961210
95B8D0
955F90
950650
94AEF0
945790
940030
93A8D0
935360
92FDF0
92A890
925320
91FFA0
91AC30
9158B0
910540
90B390
9061D0
901020
8FBE70
8F6E30
8F1DF0
8ECDB0
8E7D70
8E2EE0
8DE060
8D91D0
8D4350
8CF6C0
8CAA20
8C5D90
8C1100
8BC630
8B7B60
8B30A0
8AE5D0
8A9C70
8A5310
8A09C0
89C060
897930
893200
88EAD0
88A3A0
885F20
881AA0
87D630
8791B0
875010
870E70
86CCE0
868B40
864CA0
860E00
85CF70
8590D0
8555D0
851AE0
84DFE0
84A4F0
846E20
843750
840080
83C9B0
839790
836570
833350
830130
82D480
82A7C0
827B10
824E60
822710
81FFD0
81D880
81B140
818F90
816DD0
814C20
812A70
810EA0
80F2D0
80D700
80BB30
80A590
808FF0
807A60
8064C0
805590
804660
803740
802810
801FA0
801740
800ED0
800670
8004D0
800330
8001A0
800000
8004F0
8009F0
800EE0
8013E0
802080
802D20
8039C0
804660
805B70
807070
808580
809A90
80B8A0
80D6C0
80F4D0
8112F0
813AF0
8162E0
818AE0
81B2E0
81E4F0
8216F0
824900
827B10
82B750
82F390
832FE0
836C20
83B370
83FAC0
844220
848970
84DCF0
853070
8583F0
85D770
863650
869540
86F420
875310
87BCE0
8826B0
889090
88FA60
896F60
89E450
8A5950
8ACE50
8B4EC0
8BCF30
8C4FB0
8CD020
8D5B60
8DE690
8E71D0
8EFD10
8F9290
902810
90BD90
915310
91F2B0
929260
933200
93D1B0
947B60
952520
95CED0
967890
972BB0
97DEC0
9891E0
994500
9A00E0
9ABCB0
9B7890
9C3470
9CF8C0
9DBD20
9E8170
9F45D0
A01280
A0DF40
A1ABF0
A278B0
A34CC0
A420D0
A4F4E0
A5C8F0
A6A370
A77DE0
A85860
A932E0
AA1350
AAF3C0
ABD440
ACB4B0
AD9AB0
AE80C0
AF66C0
B04CD0
B13730
B22190
B30C00
B3F660
B4E400
B5D1B0
B6BF50
B7AD00
B89D20
B98D40
BA7D60
BB6D80
BC5F50
BD5120
BE4300
BF34D0
C02730
C119A0
C20C00
C2FE70
C3F060
C4E240
C5D430
C6C620
C7B690
C8A6F0
C99760
CA87D0
CB75B0
CC6390
CD5180
CE3F60
CF29D0
D01430
D0FEA0
D1E910
D2CF20
D3B530
D49B40
D58150
D661F0
D74290
D82340
D903E0
D9DE00
DAB820
DB9250
DC6C70
DD3F50
DE1230
DEE510
DFB7F0
E082C0
E14DA0
E21870
E2E350
E3A510
E466E0
E528A0
E5EA70
E6A200
E759A0
E81130
E8C8D0
E975C0
EA22B0
EACFB0
EB7CA0
EC1E60
ECC020
ED61F0
EE03B0
EE9950
EF2EF0
EFC4A0
F05A40
F0E2C0
F16B30
F1F3B0
F27C30
F2F760
F37280
F3EDB0
F468E0
F4D680
F54420
F5B1D0
F61F70
F67EC0
F6DE10
F73D60
F79CB0
F7ECB0
F83CC0
F88CC0
F8DCD0
F91DE0
F95EF0
F9A000
F9E110
FA1350
FA4590
FA77E0
FAAA20
FACD20
FAF020
FB1330
FB3630
FB4960
FB5C90
FB6FD0
FB8300
FB86E0
FB8AD0
FB8EB0
FB92A0
FB87A0
FB7C90
FB7190
FB6690
FB4C80
FB3270
FB1870
FAFE60
FAD510
FAABB0
FA8260
FA5910
FA2120
F9E940
F9B150
F97970
F93380
F8EDA0
F8A7B0
F861D0
F80E10
F7BA50
F76690
F712D0
F6B140
F64FB0
F5EE20
F58C90
F51E10
F4AF90
F44110
F3D290
F357E0
F2DD30
F26290
F1E7E0
F16160
F0DAE0
F05470
EFCDF0
EF3BF0
EEAA00
EE1800
ED8610
ECE990
EC4D10
EBB0A0
EB1420
EA6E00
E9C7E0
E921D0
E87BB0
E7CC90
E71D70
E66E50
E5BF30
E507B0
E45020
E398A0
E2E120
E22220
E16330
E0A430
DFE540
DF1FB0
DE5A10
DD9480
DCCEF0
DC0390
DB3830
DA6CD0
D9A170
D8D120
D800D0
D73080
D66030
D58BA0
D4B720
D3E290
D30E10
D23610
D15E10
D08610
CFAE10
CED370
CDF8D0
CD1E30
CC4390
CB6720
CA8AB0
C9AE50
C8D1E0
C7F450
C716D0
C63940
C55BC0
C47DC0
C39FC0
C2C1C0
C1E3C0
C10620
C02880
BF4AE0
BE6D40
BD90E0
BCB470
BBD810
BAFBB0
BA2110
B94660
B86BC0
B79120
B6B8C0
B5E060
B50800
B42FA0
B35A40
B284E0
B1AF80
B0DA20
B00890
AF3700
AE6570
AD93E0
ACC670
ABF910
AB2BA0
AA5E40
A99570
A8CC90
A803C0
A73AF0
A67760
A5B3C0
A4F030
A42CA0
A36F00
A2B160
A1F3D0
A13630
A07EC0
9FC740
9F0FD0
9E5860
9DA750
9CF630
9C4520
9B9410
9AE9E0
9A3FA0
999570
98EB40
984870
97A590
9702C0
965FF0
95C4A0
952950
948E10
93F2C0
935F20
92CB90
9237F0
91A460
9118E0
908D50
9001D0
8F7650
8EF340
8E7040
8DED30
8D6A30
8CEFB0
8C7530
8BFAC0
8B8040
8B0E70
8A9CA0
8A2AD0
89B900
895020
88E740
887E60
881580
87B5D0
875620
86F670
8696C0
864060
85E9F0
859390
853D30
84F030
84A330
845630
840930
83C5C0
838250
833EF0
82FB80
82C1E0
828830
824E90
8214F0
81E520
81B560
818590
8155D0
812FC0
8109B0
80E3A0
80BD90
80A230
8086C0
806B60
805000
804110
803220
802340
801450
800F40
800A20
800510
800000
800190
800320
8004C0
800650
801200
801DB0
802960
803510
804DC0
806660
807F10
8097C0
80BBE0
80E000
810430
812850
815730
818610
81B500
81E3E0
821DF0
825800
829220
82CC30
831190
8356F0
839C60
83E1C0
843290
848350
84D420
8524F0
858140
85DD90
8639E0
869630
86FE20
876620
87CE10
883610
88A9E0
891DC0
899190
8A0570
8A8520
8B04D0
8B8490
8C0440
8C8FC0
8D1B50
8DA6D0
8E3260
8EC9E0
8F6160
8FF8E0
909060
913400
91D7A0
927B40
931EE0
93CE80
947E20
952DD0
95DD70
969900
975490
981020
98CBB0
999340
9A5AD0
9B2260
9BE9F0
9CBDB0
9D9160
9E6520
9F38E0
A01880
A0F810
A1D7B0
A2B750
A3A290
A48DD0
A57910
A66450
A75B30
A85220
A94900
AA3FF0
AB4290
AC4530
AD47E0
AE4A80
AF5860
B06650
B17430
B28220
B39AE0
B4B3A0
B5CC60
B6E520
B808A0
B92C20
BA4FA0
BB7320
BCA150
BDCF80
BEFDB0
C02BE0
C16420
C29C50
C3D490
C50CD0
C64E90
C79040
C8D200
CA13C0
CB5EC0
CCA9C0
CDF4C0
CF3FC0
D093E0
D1E800
D33C20
D49040
D5ECA0
D74900
D8A560
DA01C0
DB6590
DCC960
DE2D40
DF9110
E0FBF0
E266D0
E3D1B0
E53C90
E6AE30
E81FE0
E99180
EB0330
EC7A70
EDF1C0
EF6900
F0E050
F25C30
F3D820
F55400
F6CFF0
F84FD0
F9CFC0
FB4FA0
FCCF90
FE52E0
FFD620
015970
02DCC0
046240
05E7D0
076D50
08F2D0
0A7970
0C0000
0D86A0
0F0D30
109420
121B00
13A1F0
1528D0
16AF60
1835E0
19BC70
1B42F0
1CC7B0
1E4C60
1FD120
2155D0
22D770
245920
25DAC0
275C60
28D9E0
2A5750
2BD4D0
2D5240
2ECA60
304280
31BAA0
3332C0
34A470
361610
3787C0
38F960
3A6380
3BCD90
3D37B0
3EA1C0
400310
416460
42C5A0
4426F0
457E20
46D540
482C70
498390
4ACFD0
4C1C00
4D6840
4EB470
4FF4F0
513560
5275E0
53B650
54E9D0
561D50
5750D0
588450
59A990
5ACED0
5BF400
5D1940
5E2FC0
5F4650
605CD0
617350
627A90
6381D0
648910
659050
668730
677E10
6874E0
696BC0
6A50F0
6B3610
6C1B40
6D0060
6DD3F0
6EA790
6F7B20
704EB0
711050
71D1E0
729380
735510
7404E0
74B4C0
756490
761460
76B370
775280
77F190
7890A0
791C20
79A7A0
7A3310
7ABE90
7B35C0
7BACE0
7C2410
7C9B30
7CF8C0
7D5650
7DB3E0
7E1170
7E4BC0
7E8610
7EC060
7EFAB0
7F1E20
7F41A0
7F6510
7F8880
7F9D50
7FB220
7FC6E0
7FDBB0
7FE4C0
7FEDD0
7FF6E0
7FFFF0
7FFFF0
7FFFF0
7FFFF0
7FFFF0
7FFFF0
7FFFF0
7FFFF0
7FFFF0
7FFFF0
7FFFF0
7FFFF0
7FFFF0
7FFFF0
7FFFF0
7FFFF0
7FFFF0
7FCC20
7F9840
7F6470
7F3090
7EE450
7E9800
7E4BC0
7DFF70
7DA500
7D4AA0
7CF030
7C95C0
7C2CB0
7BC3A0
7B5A90
7AF180
7A7D00
7A0880
7993F0
791F70
789EB0
781DF0
779D20
771C60
768F60
760260
757550
74E850
744FD0
73B740
731EC0
728630
71E260
713EA0
709AD0
6FF700
6F4960
6E9BC0
6DEE10
6D4070
6C8A30
6BD3F0
6B1DB0
6A6770
69A970
68EB70
682D70
676F70
66AA90
65E5A0
6520C0
645BD0
639130
62C6A0
61FC00
613160
606240
5F9320
5EC400
5DF4E0
5D2230
5C4F80
5B7CD0
5AAA20
59D4D0
58FF70
582A20
5754C0
567E20
55A780
54D0E0
53FA40
532390
524CF0
517640
509F90
4FCA10
4EF4A0
4E1F20
4D49A0
4C76A0
4BA3B0
4AD0B0
49FDB0
492E30
485EC0
478F40
46BFC0
45F4C0
4529D0
445ED0
4393D0
42CE90
420950
414410
407ED0
3FC0A0
3F0280
3E4450
3D8620
3CCFC0
3C1970
3B6310
3AACB0
39FF00
395140
38A390
37F5D0
3751F0
36AE10
360A20
356640
34CDA0
3434F0
339C50
3303A0
327680
31E950
315C30
30CF00
304DC0
2FCC80
2F4B30
2EC9F0
2E55A0
2DE150
2D6D00
2CF8B0
2C92A0
2C2C80
2BC670
2B6050
2B0830
2AB000
2A57E0
29FFB0
29B560
296B20
2920D0
28D680
289AC0
285F00
282340
27E780
27BB20
278ED0
276270
273610
271880
26FAE0
26DD50
26BFB0
26B070
26A130
2691F0
2682B0
268210
268170
2680D0
268030
268EA0
269D20
26AB90
26BA00
26D6A0
26F330
270FD0
272C60
275660
278050
27AA50
27D440
280B80
2842C0
287A00
28B140
28F5D0
293A60
297EF0
29C380
2A1430
2A64E0
2AB580
2B0630
2B6200
2BBDD0
2C19A0
2C7570
2CDBD0
2D4240
2DA8A0
2E0F00
2E7F80
2EF000
2F6080
2FD100
304A80
30C3F0
313D70
31B6E0
323850
32B9C0
333B30
33BCA0
344540
34CDF0
355690
35DF30
366E60
36FD90
378CC0
381BF0
38B070
3944F0
39D960
3A6DE0
3B0690
3B9F40
3C37E0
3CD090
3D6C80
3E0860
3EA450
3F4030
3FDE60
407C90
411AC0
41B8F0
425850
42F7A0
439700
443650
44D5C0
457530
461490
46B400
475270
47F0D0
488F40
492DA0
49C9E0
4A6620
4B0250
4B9E90
4C37C0
4CD0F0
4D6A10
4E0340
4E9870
4F2DA0
4FC2C0
5057F0
50E800
517810
520820
529830
5321E0
53ABA0
543550
54BF00
5541C0
55C480
564730
56C9F0
574510
57C030
583B40
58B660
5928D0
599B40
5A0DA0
5A8010
5AE8A0
5B5130
5BB9B0
5C2240
5C80B0
5CDF10
5D3D80
5D9BE0
5DEFC0
5E43A0
5E9770
5EEB50
5F33D0
5F7C50
5FC4C0
600D40
604960
608590
60C1B0
60FDD0
612D90
615D50
618D10
61BCD0
61E010
620350
622690
6249D0
625FE0
6275F0
628BF0
62A200
62AA00
62B210
62BA10
62C210
62BC70
62B6D0
62B130
62AB90
629890
628590
627290
625F90
623ED0
621E00
61FD40
61DC70
61AD60
617E40
614F30
612010
60E360
60A6B0
606A00
602D50
5FE3A0
5F99F0
5F5040
5F0690
5EAFD0
5E5910
5E0250
5DAB90
5D4790
5CE390
5C7F90
5C1B90
5BAB50
5B3B10
5ACAC0
5A5A80
59DED0
596330
58E780
586BD0
57E510
575E50
56D780
5650C0
55BF30
552D90
549C00
540A60
536F00
52D3A0
523830
519CD0
50F8A0
505460
4FB030
4F0BF0
4E5F70
4DB300
4D0680
4C5A00
4BA5C0
4AF170
4A3D30
4988E0
48CE10
481330
475860
469D80
45DD30
451CE0
445C90
439C40
42D750
421250
414D60
408860
3FBF90
3EF6B0
3E2DE0
3D6500
3C9980
3BCE00
3B0270
3A36F0
3969E0
389CE0
37CFD0
3702C0
363530
3567A0
349A00
33CC70
32FF60
323250
316530
309820
2FCCA0
2F0120
2E35A0
2D6A20
2CA140
2BD860
2B0F70
2A4690
298170
28BC50
27F720
273200
2671D0
25B1A0
24F170
243140
2376D0
22BC60
2201F0
214780
2093B0
1FDFE0
1F2C10
1E7840
1DCC30
1D2010
1C7400
1BC7E0
1B24B0
1A8190
19DE60
193B30
18A180
1807D0
176E20
16D470
1644D0
15B540
1525A0
149600
141180
138D00
130880
128400
120BC0
119370
111B30
10A2E0
103710
0FCB40
0F5F70
0EF3A0
0E94A0
0E35A0
0DD6A0
0D77A0
0D2650
0CD500
0C83A0
0C3250
0BEFB0
0BAD00
0B6A60
0B27B0
0AF390
0ABF80
0A8B60
0A5740
0A31B0
0A0C20
09E690
09C100
09AA90
099420
097DB0
096740
0960B0
095A30
0953A0
094D10
0955F0
095ED0
0967A0
097080
098880
09A070
09B870
09D060
09F7C0
0A1F30
0A4690
0A6DF0
0AA530
0ADC80
0B13C0
0B4B00
0B9160
0BD7B0
0C1E10
0C6460
0CB930
0D0E00
0D62D0
0DB7A0
0E1AE0
0E7E20
0EE150
0F4490
0FB650
102800
1099C0
110B70
118AB0
1209F0
128930
130870
139460
142050
14AC30
153820
15D060
1668B0
1700F0
179930
183D90
18E1F0
198650
1A2AB0
1ADA00
1B8950
1C38A0
1CE7F0
1DA130
1E5A60
1F13A0
1FCCD0
208F50
2151D0
221450
22D6D0
23A210
246D40
253880
2603B0
26D660
27A910
287BB0
294E60
2A2760
2B0060
2BD960
2CB260
2D90D0
2E6F40
2F4DB0
302C20
310F20
31F220
32D520
33B820
349E80
3584E0
366B30
375190
383A30
3922C0
3A0B60
3AF3F0
3BDDB0
3CC780
3DB140
3E9B00
3F84D0
406EB0
415880
424250
432B30
441410
44FCE0
45E5C0
46CCA0
47B390
489A70
498150
4A6520
4B48F0
4C2CB0
4D1080
4DF000
4ECF70
4FAEF0
508E60
5168C0
524320
531D80
53F7E0
54CC50
55A0C0
567530
5749A0
581710
58E470
59B1E0
5A7F40
5B4480
5C09B0
5CCEF0
5D9420
5E5090
5F0D10
5FC980
6085F0
613900
61EC10
629F10
635220
63FAC0
64A360
654C00
65F4A0
6691A0
672EA0
67CBA0
6868A0
68F9E0
698B10
6A1C50
6AAD80
6B32B0
6BB7D0
6C3D00
6CC220
6D3A60
6DB2B0
6E2AF0
6EA330
6F0D90
6F77E0
6FE240
704C90
70A940
7105E0
716290
71BF30
720E40
725D50
72AC60
72FB70
733C60
737D50
73BE40
73FF30
743150
746360
749580
74C790
74EB60
750F30
753300
7556D0
756CC0
7582C0
7598B0
75AEA0
75B680
75BE70
75C650
75CE30
75C7C0
75C150
75BAD0
75B460
75A050
758C40
757830
756420
754320
752210
750110
74E000
74B210
748430
745640
742850
73ED70
73B290
7377B0
733CD0
72F610
72AF50
726880
7221C0
71D000
717E40
712C70
70DAB0
707E50
7021F0
6FC590
6F6930
6F0280
6E9BD0
6E3520
6DCE70
6D5EA0
6CEED0
6C7F00
6C0F30
6B9750
6B1F80
6AA7A0
6A2FC0
69B090
693160
68B230
683300
67AD20
672750
66A170
661B90
659040
6504F0
647990
63EE40
635E80
62CED0
623F10
61AF50
611C20
608900
5FF5D0
5F62A0
5ECD00
5E3750
5DA1B0
5D0C00
5C74E0
5BDDD0
5B46B0
5AAF90
5A1810
598090
58E900
585180
57BAA0
5723C0
568CD0
55F5F0
5560D0
54CBB0
543690
53A170
530EF0
527C60
51E9E0
515750
50C840
503940
4FAA30
4F1B20
4E90A0
4E0610
4D7B90
4CF100
4C6C20
4BE750
4B6270
4ADD90
4A5F00
49E080
4961F0
48E360
486BD0
47F440
477CB0
470520
4695A0
462620
45B690
454710
44E0D0
447A80
441440
43ADF0
435120
42F450
429780
423AB0
41E7B0
4194A0
4141A0
40EE90
40A630
405DD0
401560
3FCD00
3F9040
3F5390
3F16D0
3EDA10
3EA8E0
3E77B0
3E4670
3E1540
3DEFA0
3DCA00
3DA450
3D7EB0
3D6540
3D4BD0
3D3250
3D18E0
3D0C70
3D0000
3CF390
3CE720
3CE720
3CE730
3CE730
3CE730
3CF350
3CFF60
3D0B80
3D1790
3D3010
3D4880
3D6100
3D7970
3D9EB0
3DC3F0
3DE930
3E0E70
3E3FB0
3E70F0
3EA220
3ED360
3F0FF0
3F4C70
3F8900
3FC580
400D50
405520
409CF0
40E4C0
413800
418B40
41DE70
4231B0
428F30
42ECA0
434A20
43A790
440E50
447510
44DBD0
454290
45B230
4621C0
469160
4700F0
477910
47F130
486950
48E170
4960D0
49E030
4A5F90
4ADEF0
4B6470
4BE9F0
4C6F60
4CF4E0
4D7FC0
4E0AB0
4E9590
4F2070
4FB010
503FC0
50CF60
515F00
51F200
528510
531810
53AB10
544030
54D550
556A60
55FF80
5695B0
572BE0
57C210
585840
58EE80
5984C0
5A1B00
5AB140
5B4650
5BDB60
5C7060
5D0570
5D9810
5E2AC0
5EBD60
5F5000
5FDF10
606E30
60FD40
618C50
6216A0
62A0F0
632B40
63B590
643A00
64BE70
6542D0
65C740
6644B0
66C220
673F80
67BCF0
683220
68A740
691C70
699190
69FD20
6A68B0
6AD440
6B3FD0
6BA0F0
6C0210
6C6330
6CC450
6D1A20
6D6FE0
6DC5B0
6E1B70
6E64B0
6EADF0
6EF720
6F4060
6F7BB0
6FB700
6FF250
702DA0
705A80
708770
70B450
70E130
70FF20
711D10
713AF0
7158E0
7166C0
717490
718270
719040
718CC0
718940
7185B0
718230
716D50
715860
714380
712E90
710810
70E1A0
70BB20
7094A0
705BB0
7022D0
6FE9E0
6FB0F0
6F6490
6F1830
6ECBC0
6E7F60
6E1FF0
6DC070
6D6100
6D0180
6C8F30
6C1CD0
6BAA80
6B3820
6AB270
6A2CC0
69A700
692150
688790
67EDD0
675400
66BA40
660D30
656020
64B300
6405F0
634620
628650
61C670
6106A0
6033E0
5F6130
5E8E70
5DBBB0
5CD5B0
5BEFB0
5B09B0
5A23B0
592B90
583370
573B50
564330
5539E0
5430A0
532750
521E00
5103D0
4FE990
4ECF60
4DB520
4C8A10
4B5F00
4A33F0
4908E0
47CE60
4693F0
455970
441EF0
42D650
418DA0
404500
3EFC50
3DA620
3C4FE0
3AF9B0
39A370
384030
36DCF0
3579B0
341670
32A7C0
313920
2FCA70
2E5BC0
2CE310
2B6A70
29F1C0
287910
26F760
2575C0
23F410
227260
20E8B0
1F5F00
1DD540
1C4B90
1ABB70
192B50
179B20
160B00
1475F0
12E0E0
114BC0
0FB6B0
0E1DF0
0C8520
0AEC60
095390
07B860
061D20
0481F0
02E6B0
014A90
FFAE70
FE1250
FC7630
FADAA0
F93F10
F7A390
F60800
F46E70
F2D4E0
F13B60
EFA1D0
EE0BC0
EC75C0
EADFB0
E949B0
E7B880
E62740
E49610
E304E0
E179D0
DFEEC0
DE63B0
DCD8A0
DB5530
D9D1D0
D84E60
D6CB00
D550E0
D3D6B0
D25C90
D0E270
CF7290
CE02B0
CC92D0
CB22F0
C9BE60
C859E0
C6F550
C590D0
C43910
C2E150
C18990
C031D0
BEE870
BD9F10
BC55C0
BB0C60
B9D210
B897B0
B75D60
B62310
B4F870
B3CDE0
B2A340
B178B0
B05F20
AF4590
AE2C10
AD1280
AC0B70
AB0470
A9FD60
A8F660
A80210
A70DB0
A61960
A52510
A443C0
A36270
A28130
A19FE0
A0D2A0
A00560
9F3830
9E6AF0
9DB300
9CFB10
9C4330
9B8B40
9AE850
9A4570
99A280
98FFA0
9871A0
97E3B0
9755B0
96C7C0
964F60
95D700
955EB0
94E650
948470
942280
93C0A0
935EC0
9312B0
92C690
927A80
922E70
91F7B0
91C0F0
918A30
915370
913240
911120
90EFF0
90CED0
90C3B0
90B890
90AD80
90A260
90AC50
90B640
90C030
90CA20
90E840
910670
912490
9142C0
917500
91A730
91D970
920BB0
925200
929850
92DEB0
932500
937E20
93D750
943070
9489A0
94F480
955F70
95CA50
963540
96B160
972D80
97A9B0
9825D0
98B2C0
993FC0
99CCB0
9A59B0
9AF610
9B9270
9C2EE0
9CCB40
9D75C0
9E2050
9ECAD0
9F7560
A02D30
A0E4F0
A19CC0
A25490
A318D0
A3DD10
A4A150
A56590
A634E0
A70430
A7D380
A8A2D0
A97BE0
AA54F0
AB2E00
AC0710
ACE8C0
ADCA70
AEAC30
AF8DE0
B07720
B16070
B249B0
B33300
B42280
B51200
B60180
B6F100
B7E570
B8D9E0
B9CE50
BAC2C0
BBBAE0
BCB2F0
BDAB10
BEA330
BF9D90
C097F0
C19260
C28CC0
C38860
C48400
C57FB0
C67B50
C77720
C872E0
C96EB0
CA6A80
CB6520
CC5FC0
CD5A70
CE5510
CF4D20
D04540
D13D50
D23570
D32A30
D41EF0
D513C0
D60880
D6F910
D7E9A0
D8DA40
D9CAD0
DAB5F0
DBA120
DC8C40
DD7770
DE5BC0
DF4000
E02450
E108A0
E1E5B0
E2C2C0
E39FE0
E47CF0
E55250
E627A0
E6FD00
E7D260
E89F00
E96BA0
EA3840
EB04E0
EBC790
EC8A40
ED4CF0
EE0FA0
EEC850
EF8100
F039C0
F0F270
F1A0F0
F24F70
F2FE00
F3AC80
F45000
F4F380
F59710
F63A90
F6D210
F76990
F80120
F898A0
F92480
F9B060
FA3C50
FAC830
FB48A0
FBC920
FC4990
FCCA10
FD3EA0
FDB330
FE27C0
FE9C50
FF0460
FF6C70
FFD480
003C90
0098C0
00F500
015130
01AD60
01FE30
024F00
029FD0
02F0A0
0335F0
037B40
03C090
0405E0
043F70
047900
04B280
04EC10
051AC0
054970
057810
05A6C0
05CB50
05EFE0
061460
0638F0
0653A0
066E40
0688F0
06A390
06B480
06C560
06D650
06E730
06EF60
06F780
06FFB0
0707D0
070820
070860
0708B0
0708F0
0701E0
06FAE0
06F3D0
06ECC0
06DEE0
06D100
06C310
06B530
06A170
068DC0
067A00
066640
064DA0
0634F0
061C50
0603A0
05E6D0
05CA00
05AD30
059060
057030
055000
052FD0
050FA0
04ECF0
04CA40
04A780
0484D0
046070
043C10
0417B0
03F350
03CE30
03A900
0383E0
035EB0
0339C0
0314C0
02EFD0
02CAD0
02A6B0
028280
025E60
023A30
021780
01F4E0
01D230
01AF80
018F30
016EE0
014E90
012E40
011140
00F450
00D750
00BA50
00A110
0087D0
006E80
005540
004030
002B10
001600
0000E0
FFF0D0
FFE0C0
FFD0B0
FFC0A0
FFB690
FFAC80
FFA280
FF9870
FF9460
FF9050
FF8C40
FF8830
FF8A40
FF8C40
FF8E50
FF9060
FF9920
FFA1F0
FFAAB0
FFB380
FFC3D0
FFD420
FFE480
FFF4D0
000C50
0023E0
003B60
0052E0
007160
008FD0
00AE50
00CCC0
00F290
011860
013E20
0163F0
0191A0
01BF50
01ECF0
021AA0
024F70
028450
02B920
02EDF0
032960
0364E0
03A050
03DBC0
041DE0
046000
04A210
04E430
052D10
057600
05BEE0
0607C0
065690
06A570
06F440
074310
079710
07EB20
083F20
089320
08EC20
094510
099E10
09F700
0A54C0
0AB290
0B1050
0B6E10
0BCF90
0C3110
0C9280
0CF400
0D5850
0DBCA0
0E20E0
0E8530
0EEBC0
0F5250
0FB8E0
101F70
1087C0
10F010
115850
11C0A0
1229A0
1292A0
12FB90
136490
13CD50
143600
149EC0
150770
156F20
15D6C0
163E70
16A610
170BE0
1771B0
17D780
183D50
18A060
190360
196670
19C970
1A28C0
1A8820
1AE770
1B46C0
1BA170
1BFC20
1C56D0
1CB180
1D0690
1D5BA0
1DB0A0
1E05B0
1E5460
1EA320
1EF1D0
1F4080
1F8830
1FCFE0
201780
205F30
209EE0
20DE80
211E30
215DD0
219470
21CB00
2201A0
223830
226560
229280
22BFB0
22ECD0
231010
233360
2356A0
2379E0
239260
23AAE0
23C360
23DBE0
23E890
23F550
240200
240EB0
240FA0
241090
241170
241260
240770
23FC80
23F180
23E690
23CF10
23B7A0
23A020
2388A0
2363C0
233EE0
231A00
22F520
22C340
229170
225F90
222DB0
21EF20
21B090
2171F0
213360
20E7B0
209C00
205050
2004A0
1FAB40
1F51F0
1EF890
1E9F30
1E38F0
1DD2B0
1D6C70
1D0630
1C93B0
1C2130
1BAEA0
1B3C20
1ABD50
1A3E70
19BFA0
1940C0
18B570
182A20
179EC0
171370
167CB0
15E5E0
154F20
14B850
141700
1375B0
12D460
123310
118780
10DC00
103070
0F84E0
0ECF50
0E19C0
0D6420
0CAE90
0BF040
0B31E0
0A7390
09B530
08EF30
082930
076330
069D30
05D040
050340
043650
036950
029600
01C2B0
00EF50
001C00
FF4390
FE6B30
FD92C0
FCBA60
FBDE10
FB01C0
FA2570
F94920
F869E0
F78A90
F6AB50
F5CC10
F4EAC0
F40970
F32820
F246D0
F164B0
F08280
EFA060
EEBE40
EDDC70
ECFAA0
EC18D0
EB3700
EA56A0
E97640
E895F0
E7B590
E6D7E0
E5FA30
E51C90
E43EE0
E364D0
E28AC0
E1B0C0
E0D6B0
E00130
DF2BB0
DE5630
DD80B0
DCB0F0
DBE130
DB1180
DA41C0
D97910
D8B060
D7E7C0
D71F10
D65E00
D59D00
D4DBF0
D41AF0
D36230
D2A970
D1F0B0
D137F0
D08890
CFD930
CF29E0
CE7A80
CDD5D0
CD3120
CC8C80
CBE7D0
CB4DF0
CAB410
CA1A40
C98060
C8F190
C862C0
C7D400
C74530
C6C250
C63F80
C5BCA0
C539D0
C4C400
C44E30
C3D860
C36290
C2F980
C29060
C22750
C1BE40
C161C0
C10550
C0A8D0
C04C60
BFFD20
BFADE0
BF5EA0
BF0F60
BECE20
BE8CE0
BE4BA0
BE0A60
BDD660
BDA260
BD6E70
BD3A70
BD1320
BCEBE0
BCC490
BC9D50
BC8300
BC68A0
BC4E50
BC3400
BC2700
BC1A00
BC0D10
BC0010
BBFF50
BBFE90
BBFDD0
BBFD10
BC0790
BC1220
BC1CA0
BC2730
BC3CD0
BC5260
BC6800
BC7DA0
BC9E30
BCBEC0
BCDF50
BCFFE0
BD2A10
BD5440
BD7E80
BDA8B0
BDDB60
BE0E20
BE40D0
BE7390
BEAE20
BEE8B0
BF2350
BF5DE0
BF9FC0
BFE1B0
C02390
C06580
C0AD50
C0F530
C13D00
C184E0
C1D160
C21DF0
C26A70
C2B700
C30740
C35780
C3A7C0
C3F800
C44B00
C49E10
C4F110
C54420
C598A0
C5ED30
C641B0
C69640
C6EB10
C73FF0
C794C0
C7E9A0
C83DA0
C891A0
C8E5A0
C939A0
C98B90
C9DD80
CA2F70
CA8160
CAD030
CB1F10
CB6DE0
CBBCC0
CC0770
CC5230
CC9CE0
CCE7A0
CD2CF0
CD7240
CDB7A0
CDFCF0
CE3B70
CE79F0
CEB880
CEF700
CF2E20
CF6530
CF9C50
CFD370
D00270
D03180
D06080
D08F90
D0B550
D0DB10
D100E0
D126A0
D141C0
D15CE0
D17810
D19330
D1A390
D1B3F0
D1C460
D1D4C0
D1DA20
D1DF80
D1E4E0
D1EA40
D1E3A0
D1DD00
D1D670
D1CFD0
D1BC00
D1A830
D19460
D18090
D16000
D13F60
D11ED0
D0FE40
D0D120
D0A400
D076E0
D049C0
D00F80
CFD530
CF9AF0
CF60B0
CF1870
CED030
CE8800
CE3FC0
CDEA60
CD9510
CD3FB0
CCEA60
CC88A0
CC26D0
CBC510
CB6350
CAF4E0
CA8680
CA1810
C9A9B0
C92E40
C8B2D0
C83760
C7BBF0
C734C0
C6AD90
C62670
C59F40
C50D70
C47BA0
C3E9E0
C35810
C2BBE0
C21FC0
C18390
C0E770
C04110
BF9AA0
BEF440
BE4DE0
BD9ED0
BCEFD0
BC40C0
BB91C0
BADB70
BA2520
B96EE0
B8B890
B7FBC0
B73EE0
B68210
B5C540
B50290
B43FE0
B37D30
B2BA80
B1F3A0
B12CC0
B065E0
AF9F00
AED570
AE0BE0
AD4250
AC78C0
ABADA0
AAE290
AA1770
A94C60
A880E0
A7B560
A6E9F0
A61E70
A55420
A489C0
A3BF70
A2F520
A22D60
A16590
A09DD0
9FD610
9F1250
9E4E80
9D8AC0
9CC700
9C08B0
9B4A60
9A8C10
99CDC0
991620
985E80
97A6E0
96EF40
963F90
958FE0
94E030
943080
938A30
92E3F0
923DA0
919760
90FC20
9060E0
8FC5B0
8F2A70
8E9B10
8E0BC0
8D7C60
8CED10
8C6A80
8BE7F0
8B6560
8AE2D0
8A6E70
89FA20
8985C0
891170
88AD00
884890
87E420
877FB0
872B60
86D710
8682C0
862E70
85EAA0
85A6D0
856310
851F40
84ED30
84BB20
848910
845700
843830
841960
83FAA0
83DBD0
83CFD0
83C3D0
83B7D0
83ABD0
83B260
83B8F0
83BF90
83C620
83E010
83FA00
841400
842DF0
845C50
848AA0
84B900
84E760
852920
856AF0
85ACB0
85EE80
8642F0
869770
86EBE0
874060
87A7C0
880F30
887690
88DE00
8958E0
89D3B0
8A4E90
8AC970
8B5640
8BE320
8C6FF0
8CFCD0
8D9A70
8E3820
8ED5C0
8F7370
9021A0
90CFD0
917E00
922C30
92EAD0
93A970
946820
9526C0
95F410
96C150
978EA0
985BF0
993650
9A10B0
9AEB20
9BC580
9CAC30
9D92E0
9E79A0
9F6050
A052B0
A14500
A23760
A329C0
A425C0
A521D0
A61DD0
A719E0
A81DC0
A921A0
AA2590
AB2970
AC33E0
AD3E50
AE48D0
AF5340
B06300
B172C0
B28280
B39240
B4A570
B5B890
B6CBC0
B7DEF0
B8F3C0
BA08A0
BB1D70
BC3250
BD4730
BE5C10
BF70F0
C085D0
C19910
C2AC40
C3BF80
C4D2C0
C5E2C0
C6F2C0
C802D0
C912D0
CA1E10
CB2950
CC3490
CD3FD0
CE4480
CF4940
D04DF0
D152B0
D24EF0
D34B20
D44760
D543A0
D63650
D728F0
D81BA0
D90E50
D9F640
DADE40
DBC630
DCAE30
DD89C0
DE6540
DF40D0
E01C60
E0E990
E1B6C0
E283F0
E35120
E40F70
E4CDC0
E58C20
E64A70
E6F940
E7A810
E856F0
E905C0
E9A390
EA4170
EADF40
EB7D20
EC0830
EC9330
ED1E40
EDA950
EE21C0
EE9A40
EF12B0
EF8B30
EFF110
F056F0
F0BCE0
F122C0
F17500
F1C730
F21970
F26BB0
F2A8D0
F2E600
F32320
F36050
F38950
F3B250
F3DB50
F40450
F419C0
F42F30
F444A0
F45A10
F45B60
F45CC0
F45E10
F45F70
F44BE0
F43840
F424B0
F41120
F3EA10
F3C310
F39C00
F37500
F33BB0
F30250
F2C900
F28FB0
F24430
F1F8A0
F1AD20
F161A0
F103C0
F0A5E0
F04800
EFEA20
EF7BC0
EF0D60
EE9F10
EE30B0
EDB360
ED3620
ECB8D0
EC3B90
EBB010
EB2480
EA9900
EA0D80
E97450
E8DB10
E841E0
E7A8B0
E703D0
E65F00
E5BA20
E51550
E466A0
E3B7F0
E30950
E25AA0
E1A360
E0EC10
E034D0
DF7D90
DEBED0
DE0010
DD4160
DC82A0
DBBE70
DAFA50
DA3620
D97200
D8AA50
D7E2A0
D71B00
D65350
D589C0
D4C030
D3F6B0
D32D20
D26370
D199B0
D0D000
D00650
CF3E20
CE7600
CDADD0
CCE5B0
CC20C0
CB5BD0
CA96F0
C9D200
C91230
C85260
C79290
C6D2C0
C61A10
C56150
C4A8A0
C3EFF0
C33F90
C28F30
C1DEE0
C12E80
C087C0
BFE0F0
BF3A30
BE9370
BDF820
BD5CC0
BCC170
BC2620
BB9850
BB0A90
BA7CC0
B9EF00
B96F50
B8EF90
B86FE0
B7F030
B77F50
B70E60
B69D80
B62CA0
B5CC20
B56BB0
B50B30
B4AAC0
B45C90
B40E50
B3C020
B371F0
B335F0
B2F9E0
B2BDE0
B281E0
B25830
B22E70
B204C0
B1DB10
B1C4E0
B1AEC0
B19890
B18270
B18150
B18040
B17F20
B17E10
B19130
B1A450
B1B780
B1CAA0
B1F160
B21830
B23EF0
B265C0
B2A0E0
B2DBF0
B31710
B35230
B3A2A0
B3F300
B44370
B493E0
B4F810
B55C40
B5C080
B624B0
B69B70
B71230
B78900
B7FFC0
B88910
B91260
B99BC0
BA2510
BAC130
BB5D40
BBF960
BC9580
BD4270
BDEF60
BE9C60
BF4950
C00570
C0C190
C17DB0
C239D0
C30460
C3CF00
C49990
C56430
C63CC0
C71550
C7EDE0
C8C670
C9AAD0
CA8F20
CB7380
CC57E0
CD4620
CE3450
CF2290
D010D0
D107A0
D1FE80
D2F550
D3EC30
D4EA70
D5E8B0
D6E700
D7E540
D8E8C0
D9EC50
DAEFD0
DBF360
DCFA30
DE0100
DF07E0
E00EB0
E11720
E21F90
E32800
E43070
E538C0
E64110
E74960
E851B0
E95800
EA5E40
EB6490
EC6AE0
ED6D60
EE6FE0
EF7260
F074E0
F171A0
F26E50
F36B10
F467D0
F55CA0
F65170
F74650
F83B20
F926C0
FA1260
FAFE00
FBE9A0
FCCAA0
FDABB0
FE8CB0
FF6DC0
004240
0116C0
01EB30
02BFB0
038570
044B30
0510F0
05D6B0
068D10
074360
07F9C0
08B010
095630
09FC50
0AA270
0B4890
0BDCC0
0C70E0
0D0510
0D9930
0E1950
0E9960
0F1980
0F9990
1005D0
107200
10DE40
114A70
11A2B0
11FAF0
125320
12AB60
12EE50
133140
137430
13B720
13E320
140F20
143B20
146720
147D20
149320
14A920
14BF20
14BFD0
14C080
14C120
14C1D0
14AC70
149710
1481B0
146C50
143FE0
141370
13E700
13BA90
1378C0
1336F0
12F510
12B340
125D50
120770
11B180
115B90
10F1A0
1087A0
101DB0
0FB3B0
0F3570
0EB730
0E38E0
0DBAA0
0D2A40
0C99E0
0C0970
0B7910
0AD860
0A37B0
0996F0
08F640
084600
0795C0
06E570
063530
0575F0
04B6A0
03F760
033810
026C40
01A060
00D490
0008B0
FF3270
FE5C30
FD85F0
FCAFB0
FBD070
FAF130
FA1200
F932C0
F84BD0
F764E0
F67DF0
F59700
F4AAD0
F3BEA0
F2D270
F1E640
F0F710
F007E0
EF18C0
EE2990
ED3950
EC4920
EB58E0
EA68B0
E97960
E88A00
E79AB0
E6AB60
E5BF10
E4D2C0
E3E680
E2FA30
E21300
E12BC0
E04490
DF5D60
DE7D70
DD9D90
DCBDA0
DBDDC0
DB0780
DA3140
D95B00
D884C0
D7B9C0
D6EEC0
D623C0
D558C0
D49AA0
D3DC90
D31E70
D26060
D1B170
D10280
D05390
CFA4A0
CF0760
CE6A20
CDCCE0
CD2FA0
CCA4E0
CC1A20
CB8F70
CB04B0
CA8D70
CA1630
C99EF0
C927B0
C8C5F0
C86430
C80280
C7A0C0
C756E0
C70D10
C6C330
C67960
C64760
C61550
C5E350
C5B150
C59750
C57D40
C56340
C54940
C548D0
C54860
C547F0
C54780
C56290
C57DA0
C598B0
C5B3C0
C5E950
C61EF0
C65480
C68A20
C6D990
C72910
C77880
C7C800
C83230
C89C70
C906A0
C970E0
C9F710
CA7D30
CB0360
CB8990
CC29F0
CCCA50
CD6AC0
CE0B20
CEC450
CF7D90
D036C0
D0F000
D1C220
D29450
D36670
D438A0
D52420
D60FB0
D6FB30
D7E6C0
D8E930
D9EBA0
DAEE20
DBF090
DD07E0
DE1F40
DF3690
E04DF0
E17970
E2A4F0
E3D080
E4FC00
E63B30
E77A60
E8B990
E9F8C0
EB48D0
EC98E0
EDE8F0
EF3900
F09770
F1F5E0
F35450
F4B2C0
F61E10
F78960
F8F4C0
FA6010
FBD6E0
FD4DB0
FEC480
003B50
01BAC0
033A30
04B9A0
063910
07BE80
0943E0
0AC950
0C4EB0
0DD7F0
0F6140
10EA80
1273C0
13FEC0
1589B0
1714B0
189FA0
1A29B0
1BB3C0
1D3DD0
1EC7E0
204E80
21D530
235BD0
24E270
266320
27E3D0
296480
2AE530
2C5D50
2DD560
2F4D80
30C590
323300
33A060
350DD0
367B30
37DBD0
393C70
3A9D10
3BFDB0
3D4EE0
3EA010
3FF140
414270
428150
43C030
44FF00
463DE0
476920
489460
49BF90
4AEAD0
4C0100
4D1730
4E2D50
4F4380
504230
5140D0
523F80
533E20
542270
5506C0
55EB10
56CF60
579900
5862A0
592C30
59F5D0
5AA420
5B5270
5C00B0
5CAF00
5D4000
5DD100
5E6200
5EF300
5F6440
5FD590
6046D0
60B810
610A40
615C70
61AE90
6200C0
623410
626770
629AC0
62CE10
62E140
62F460
630790
631AB0
630BE0
62FD20
62EE50
62DF80
62B060
628130
625210
6222E0
61D480
618620
6137C0
60E960
607B50
600D30
5F9F20
5F3100
5EA240
5E1390
5D84D0
5CF610
5C4910
5B9C10
5AEF10
5A4210
5978C0
58AF80
57E630
571CE0
5637B0
555280
546D50
538820
528730
518640
508540
4F8450
4E6A70
4D50A0
4C36C0
4B1CE0
49ECA0
48BC50
478C10
465BC0
451650
43D0F0
428B80
414610
3FECA0
3E9330
3D39B0
3BE040
3A75D0
390B70
37A100
363690
34BDF0
334550
31CCA0
305400
2ECF30
2D4A60
2BC580
2A40B0
28B1A0
2722A0
259390
240480
226E30
20D7D0
1F4180
1DAB20
1C1030
1A7540
18DA50
173F60
15A260
140570
126870
10CB70
0F2F10
0D92A0
0BF640
0A59D0
08C070
072710
058DA0
03F440
026050
00CC60
FF3860
FDA470
FC18B0
FA8CF0
F90130
F77570
F5F4E0
F47460
F2F3D0
F17350
EFFFB0
EE8C10
ED1880
EBA4E0
EA4000
E8DB10
E77630
E61150
E4BDD0
E36A50
E216E0
E0C360
DF8450
DE4540
DD0640
DBC730
DA9D60
D97390
D849C0
D71FF0
D60C70
D4F8E0
D3E560
D2D1E0
D1D700
D0DC10
CFE130
CEE650
CE06D0
CD2740
CC47C0
CB6840
CAA3E0
C9DF90
C91B30
C856E0
C7ADD0
C704C0
C65BC0
C5B2B0
C526A0
C49AA0
C40E90
C38290
C315B0
C2A8D0
C23C00
C1CF20
C18040
C13160
C0E280
C093A0
C061F0
C03040
BFFE90
BFCCE0
BFB950
BFA5B0
BF9220
BF7E90
BF8A60
BF9630
BFA200
BFADD0
BFD700
C00030
C02970
C052A0
C097A0
C0DCA0
C121B0
C166B0
C1C780
C22850
C28930
C2EA00
C366F0
C3E3E0
C460D0
C4DDC0
C57440
C60AB0
C6A130
C737B0
C7E590
C89370
C94150
C9EF30
CAB390
CB77F0
CC3C60
CD00C0
CDDB00
CEB530
CF8F70
D069B0
D156E0
D24420
D33150
D41E90
D51C40
D61A00
D717B0
D81570
D921F0
DA2E80
DB3B00
DC4790
DD6160
DE7B20
DF94F0
E0AEC0
E1D300
E2F740
E41B90
E53FD0
E66BF0
E79820
E8C440
E9F070
EB2240
EC5410
ED85F0
EEB7C0
EFECF0
F12220
F25750
F38C80
F4C2B0
F5F8D0
F72F00
F86530
F99A00
FACED0
FC03B0
FD3880
FE6970
FF9A60
00CB50
01FC40
0326A0
0450F0
057B50
06A5A0
07C7A0
08E9A0
0A0B90
0B2D90
0C4560
0D5D30
0E7500
0F8CD0
1097F0
11A300
12AE20
13B930
14B4B0
15B040
16ABC0
17A740
189250
197D50
1A6860
1B5360
1C2CE0
1D0650
1DDFD0
1EB940
1F7EF0
204490
210A40
21CFE0
227F10
232E40
23DD60
248C90
252560
25BE20
2656F0
26EFB0
2771D0
27F3F0
287610
28F830
296200
29CBC0
2A3590
2A9F50
2AEEA0
2B3DF0
2B8D40
2BDC90
2C1270
2C4850
2C7E20
2CB400
2CD100
2CEE00
2D0AF0
2D27F0
2D2B20
2D2E50
2D3180
2D34B0
2D1CC0
2D04D0
2CECE0
2CD4F0
2CA3A0
2C7250
2C40F0
2C0FA0
2BC640
2B7CE0
2B3370
2AEA10
2A8880
2A26F0
29C560
2963D0
28E9A0
286F60
27F530
277AF0
26EA70
2659F0
25C960
2538E0
249400
23EF20
234A40
22A560
21ECE0
213460
207BD0
1FC350
1EF7A0
1E2BF0
1D6040
1C9490
1BB860
1ADC20
19FFF0
1923B0
183940
174EE0
166470
157A00
1482E0
138BB0
129490
119D60
109AD0
0F9850
0E95C0
0D9330
0C87E0
0B7C90
0A7140
0965F0
085440
074290
0630D0
051F20
040910
02F310
01DD00
00C6F0
FFAEA0
FE9650
FD7E10
FC65C0
FB4D70
FA3520
F91CD0
F80480
F6EE50
F5D810
F4C1E0
F3ABB0
F299F0
F18820
F07660
EF64A0
EE59C0
ED4EF0
EC4410
EB3940
EA36F0
E934B0
E83260
E73020
E63820
E54010
E44810
E35010
E264B0
E17940
E08DE0
DFA280
DEC660
DDEA40
DD0E30
DC3210
DB6610
DA9A10
D9CE10
D90210
D84730
D78C40
D6D160
D61680
D56EC0
D4C710
D41F50
D377A0
D2E580
D25360
D1C150
D12F30
D0B2B0
D03620
CFB9A0
CF3D20
CED670
CE6FC0
CE0920
CDA270
CD5330
CD03F0
CCB4B0
CC6570
CC2F90
CBF9B0
CBC3D0
CB8DF0
CB7090
CB5330
CB35E0
CB1880
CB1320
CB0DB0
CB0850
CB02F0
CB1660
CB29E0
CB3D50
CB50D0
CB7E70
CBAC00
CBD9A0
CC0740
CC4D60
CC9370
CCD990
CD1FB0
CD7D10
CDDA70
CE37E0
CE9540
CF0A10
CF7ED0
CFF3A0
D06870
D0F510
D181C0
D20E60
D29B10
D33D60
D3DFB0
D48210
D52460
D5DA90
D690D0
D74700
D7FD40
D8C6B0
D99020
DA5990
DB2300
DBFF30
DCDB70
DDB7A0
DE93E0
DF8070
E06D00
E15990
E24620
E340E0
E43BB0
E53670
E63140
E738E0
E84090
E94830
EA4FE0
EB6320
EC7650
ED8990
EE9CD0
EFB940
F0D5B0
F1F230
F30EA0
F43220
F555B0
F67930
F79CC0
F8C580
F9EE40
FB1700
FC3FC0
FD6BE0
FE9800
FFC430
00F050
021DC0
034B20
047890
05A5F0
06D2A0
07FF50
092C00
0A58B0
0B8280
0CAC50
0DD620
0EFFF0
1024A0
114940
126DF0
139290
14B090
15CE90
16EC80
180A80
192040
1A35F0
1B4BB0
1C6160
1D6CB0
1E7810
1F8360
208EB0
218D40
228BD0
238A50
2488E0
2579D0
266AB0
275BA0
284C80
292EC0
2A1100
2AF330
2BD570
2CA710
2D78B0
2E4A50
2F1BF0
2FDAB0
309970
315820
3216E0
32C2B0
336E80
341A40
34C610
355EA0
35F730
368FB0
372840
37AC10
382FF0
38B3C0
393790
39A4E0
3A1230
3A7F70
3AECC0
3B4430
3B9BA0
3BF300
3C4A70
3C8C50
3CCE30
3D1000
3D51E0
3D7D50
3DA8B0
3DD420
3DFF80
3E1340
3E26F0
3E3AB0
3E4E60
3E4BB0
3E4910
3E4660
3E43B0
3E2BA0
3E1390
3DFB80
3DE370
3DB5C0
3D8820
3D5A70
3D2CC0
3CE900
3CA550
3C6190
3C1DD0
3BC5C0
3B6DA0
3B1590
3ABD70
3A5270
39E770
397C60
391160
3893E0
381660
3798E0
371B60
368BB0
35FC10
356C60
34DCB0
343CC0
339CD0
32FCE0
325CF0
31AE60
30FFE0
305150
2FA2C0
2EE6A0
2E2A80
2D6E50
2CB230
2BE970
2B20A0
2A57E0
298F10
28BB90
27E810
271480
264100
256470
2487F0
23AB60
22CED0
21EAB0
2106A0
202280
1F3E60
1E5430
1D6A10
1C7FE0
1B95B0
1AA710
19B870
18C9D0
17DB30
16E9B0
15F820
1506A0
141510
132250
122F90
113CC0
104A00
0F57C0
0E6590
0D7350
0C8110
0B9090
0AA020
09AFA0
08BF20
07D1A0
06E430
05F6B0
050930
042060
0337A0
024ED0
016600
0083D0
FFA1A0
FEBF80
FDDD50
FD0260
FC2760
FB4C70
FA7180
F99E80
F8CB80
F7F880
F72580
F65BF0
F59260
F4C8E0
F3FF50
F340E0
F28280
F1C410
F105B0
F05280
EF9F50
EEEC30
EE3900
ED9150
ECE9A0
EC4200
EB9A50
EAFF40
EA6440
E9C930
E92E30
E8A130
E81440
E78740
E6FA50
E67AE0
E5FB70
E57C10
E4FCA0
E48A80
E41860
E3A640
E33420
E2CFF0
E26BC0
E20790
E1A360
E14E00
E0F8A0
E0A350
E04DF0
E00680
DFBF10
DF77B0
DF3040
DEF620
DEBBF0
DE81D0
DE47B0
DE1B00
DDEE40
DDC190
DD94E0
DD75F0
DD56F0
DD3800
DD1910
DD06B0
DCF460
DCE200
DCCFB0
DCC900
DCC260
DCBBB0
DCB510
DCB9C0
DCBE80
DCC330
DCC7F0
DCD7D0
DCE7B0
DCF790
DD0770
DD2140
DD3B10
DD54E0
DD6EB0
DD9150
DDB400
DDD6A0
DDF950
DE2420
DE4EF0
DE79C0
DEA490
DED6D0
DF0910
DF3B60
DF6DA0
DFA630
DFDED0
E01760
E05000
E08DE0
E0CBC0
E109A0
E14780
E189B0
E1CBF0
E20E20
E25060
E295F0
E2DB80
E32110
E366A0
E3AEA0
E3F6A0
E43EA0
E486A0
E4D030
E519B0
E56340
E5ACD0
E5F6D0
E640D0
E68AD0
E6D4D0
E71E00
E76740
E7B070
E7F9B0
E841B0
E889A0
E8D1A0
E919A0
E95FD0
E9A600
E9EC40
EA3270
EA75E0
EAB950
EAFCD0
EB4040
EB7FD0
EBBF60
EBFF00
EC3E90
EC7A20
ECB5B0
ECF150
ED2CE0
ED6430
ED9B80
EDD2D0
EE0A20
EE3C60
EE6E90
EEA0D0
EED310
EEFF40
EF2B60
EF5790
EF83C0
EFAA20
EFD080
EFF6F0
F01D50
F03E00
F05EC0
F07F70
F0A030
F0BAC0
F0D550
F0EFF0
F10A80
F11E50
F13210
F145E0
F159B0
F16740
F174C0
F18250
F18FE0
F19780
F19F30
F1A6D0
F1AE80
F1B020
F1B1B0
F1B350
F1B4F0
F1B030
F1AB70
F1A6C0
F1A200
F197A0
F18D40
F182F0
F17890
F16930
F159D0
F14A70
F13B10
F126D0
F11290
F0FE50
F0EA10
F0D110
F0B800
F09F00
F08600
F068F0
F04BF0
F02EE0
F011E0
EFF180
EFD110
EFB0B0
EF9050
EF6D00
EF49A0
EF2650
EF0300
EEDD30
EEB760
EE91A0
EE6BD0
EE4420
EE1C80
EDF4D0
EDCD30
EDA440
ED7B40
ED5250
ED2960
ECFFB0
ECD610
ECAC60
EC82C0
EC5900
EC2F30
EC0570
EBDBB0
EBB240
EB88E0
EB5F70
EB3610
EB0D70
EAE4D0
EABC40
EA93A0
EA6C80
EA4550
EA1E30
E9F710
E9D220
E9AD40
E98850
E96370
E940E0
E91E40
E8FBB0
E8D920
E8B910
E898F0
E878E0
E858D0
E83BC0
E81EB0
E801A0
E7E490
E7CB20
E7B1B0
E79840
E77ED0
E768F0
E75300
E73D20
E72740
E714E0
E70270
E6F010
E6DDB0
E6CF30
E6C0B0
E6B230
E6A3B0
E699A0
E68F90
E68580
E67B70
E67560
E66F50
E66940
E66330
E660D0
E65E70
E65C20
E659C0
E65B30
E65CA0
E65E10
E65F80
E664F0
E66A50
E66FC0
E67530
E67E20
E68700
E68FF0
E698E0
E6A4E0
E6B0D0
E6BCD0
E6C8D0
E6D7C0
E6E6C0
E6F5B0
E704B0
E716A0
E72890
E73A80
E74C70
E760B0
E774F0
E78940
E79D80
E7B380
E7C990
E7DF90
E7F5A0
E80D10
E82490
E83C00
E85380
E86C00
E88480
E89D10
E8B590
E8CEA0
E8E7B0
E900C0
E919D0
E93300
E94C20
E96550
E97E80
E99750
E9B010
E9C8E0
E9E1B0
E9F990
EA1180
EA2960
EA4150
EA5800
EA6EB0
EA8560
EA9C10
EAB130
EAC650
EADB70
EAF090
EB03A0
EB16A0
EB29B0
EB3CC0
EB4D10
EB5D70
EB6DC0
EB7E20
EB8BC0
EB9950
EBA6F0
EBB490
EBBF60
EBCA20
EBD4F0
EBDFC0
EBE740
EBEED0
EBF650
EBFDE0
EC0180
EC0520
EC08D0
EC0C70
EC0C80
EC0CA0
EC0CB0
EC0CD0
EC0990
EC0660
EC0320
EBFFF0
EBF920
EBF250
EBEB80
EBE4B0
EBD9E0
EBCF10
EBC450
EBB980
EBAB50
EB9D30
EB8F00
EB80E0
EB6FD0
EB5EC0
EB4DC0
EB3CB0
EB28C0
EB14C0
EB00D0
EAECE0
EAD5D0
EABEC0
EAA7B0
EA90A0
EA7760
EA5E20
EA44F0
EA2BB0
EA1100
E9F660
E9DBB0
E9C110
E9A550
E98980
E96DC0
E95200
E93550
E918B0
E8FC00
E8DF60
E8C2C0
E8A630
E88990
E86D00
E85150
E835B0
E81A00
E7FE60
E7E430
E7CA00
E7AFE0
E795B0
E77D80
E76550
E74D20
E734F0
E71FC0
E70A80
E6F550
E6E020
E6CED0
E6BD80
E6AC30
E69AE0
E68E40
E681A0
E67500
E66860
E66150
E65A40
E65330
E64C20
E64B60
E64A90
E649D0
E64910
E64F50
E65590
E65BD0
E66210
E67040
E67E70
E68CA0
E69AD0
E6B1F0
E6C900
E6E020
E6F740
E717B0
E73820
E758A0
E77910
E7A350
E7CD80
E7F7C0
E82200
E856E0
E88BC0
E8C0B0
E8F590
E93630
E976D0
E9B770
E9F810
EA4450
EA9090
EADCE0
EB2920
EB8110
EBD900
EC3100
EC88F0
ECED50
ED51A0
EDB600
EE1A60
EE8C00
EEFDA0
EF6F50
EFE0F0
F05F50
F0DDB0
F15C10
F1DA70
F26520
F2EFD0
F37A80
F40530
F49C90
F533F0
F5CB50
F662B0
F70760
F7AC10
F850C0
F8F570
F9A650
FA5740
FB0820
FBB910
FC7550
FD31A0
FDEDE0
FEAA30
FF71D0
003980
010120
01C8C0
029BF0
036F20
044250
051580
05F2C0
06D000
07AD30
088A70
097070
0A5680
0B3C80
0C2280
0D10D0
0DFF10
0EED60
0FDBA0
10D1D0
11C810
12BE40
13B470
14B0D0
15AD40
16A9A0
17A600
18A710
19A820
1AA930
1BAA40
1CAF10
1DB3D0
1EB8A0
1FBD60
20C510
21CCC0
22D460
23DC10
24E4D0
25ED80
26F640
27FEF0
290710
2A0F30
2B1750
2C1F70
2D25A0
2E2BE0
2F3210
303840
313B30
323E20
334100
3443F0
3541F0
363FF0
373DF0
383BF0
393380
3A2B10
3B2290
3C1A20
3D09A0
3DF930
3EE8B0
3FD830
40BE00
41A3C0
428990
436F50
444A20
4524F0
45FFC0
46DA90
47A920
4877B0
494640
4A14D0
4AD570
4B9620
4C56C0
4D1760
4DC850
4E7930
4F2A20
4FDB00
507B70
511BE0
51BC40
525CB0
52EBD0
537B00
540A20
549940
551590
5591E0
560E20
568A70
56F220
5759D0
57C170
582920
587C20
58CF20
592210
597510
59B320
59F130
5A2F30
5A6D40
5A9520
5ABD10
5AE4F0
5B0CD0
5B1D10
5B2D50
5B3D90
5B4DD0
5B4700
5B4030
5B3960
5B3290
5B1510
5AF790
5ADA00
5ABC80
5A8790
5A5290
5A1DA0
59E8A0
599B20
594DA0
590010
58B290
584DD0
57E910
578450
571F90
56A490
562990
55AE90
553390
54A230
5410C0
537F60
52EDF0
5245C0
519D90
50F550
504D20
4F8FE0
4ED2B0
4E1570
4D5830
4C8760
4BB690
4AE5C0
4A14F0
493110
484D20
476940
468550
458E90
4497C0
43A100
42AA30
41A2B0
409B30
3F93A0
3E8C20
3D75C0
3C5F50
3B48F0
3A3280
390E50
37EA20
36C5E0
35A1B0
3470A0
333F90
320E80
30DD70
2FA1C0
2E6600
2D2A50
2BEE90
2AAA30
2965D0
282170
26DD10
259190
244610
22FA90
21AF10
205E00
1F0CE0
1DBBD0
1C6AB0
1B1610
19C180
186CE0
171840
15C210
146BE0
1315B0
11BF80
1069A0
0F13C0
0DBDE0
0C6800
0B1470
09C0E0
086D40
0719B0
05CA20
047A80
032AF0
01DB50
009160
FF4760
FDFD70
FCB380
FB7130
FA2EE0
F8EC90
F7AA40
F671D0
F53950
F400E0
F2C870
F19AF0
F06D70
EF3FF0
EE1270
ECF120
EBCFC0
EAAE70
E98D20
E879E0
E766A0
E65360
E54020
E43D20
E33A10
E23710
E13410
E041C0
DF4F70
DE5D20
DD6AD0
DC89D0
DBA8D0
DAC7D0
D9E6D0
D918C0
D84AB0
D77CB0
D6AEA0
D5F570
D53C40
D48310
D3C9E0
D32540
D280B0
D1DC10
D13780
D0A770
D01760
CF8760
CEF750
CE7CF0
CE0290
CD8830
CD0DD0
CCAA80
CC4730
CBE3F0
CB80A0
CB3380
CAE660
CA9950
CA4C30
CA14A0
C9DD10
C9A590
C96E00
C94C90
C92B20
C909B0
C8E840
C8DDB0
C8D330
C8C8A0
C8BE20
C8C910
C8D3F0
C8DEE0
C8E9D0
C90910
C92840
C94780
C966C0
C99A30
C9CD90
CA0100
CA3470
CA7C20
CAC3E0
CB0B90
CB5350
CBAD90
CC07D0
CC6210
CCBC50
CD2790
CD92D0
CDFE20
CE6960
CEE4F0
CF6080
CFDC20
D057B0
D0E300
D16E40
D1F990
D284E0
D31E00
D3B720
D45050
D4E970
D58EB0
D63400
D6D940
D77E90
D82ED0
D8DF00
D98F40
DA3F80
DAF980
DBB380
DC6D90
DD2790
DDE990
DEAB90
DF6DA0
E02FA0
E0F7F0
E1C050
E288A0
E35100
E41E20
E4EB40
E5B860
E68580
E755D0
E82620
E8F680
E9C6D0
EA98D0
EB6AE0
EC3CE0
ED0EF0
EDE140
EEB390
EF85E0
F05830
F12910
F1F9F0
F2CAE0
F39BC0
F46970
F53710
F604C0
F6D270
F79BE0
F86540
F92EB0
F9F820
FABC40
FB8050
FC4470
FD0890
FDC5B0
FE82D0
FF4000
FFFD20
00B170
0165D0
021A20
02CE70
037980
0424A0
04CFB0
057AC0
061C10
06BD50
075EA0
07FFE0
089600
092C10
09C230
0A5840
0AE190
0B6AE0
0BF430
0C7D80
0CFA30
0D76D0
0DF380
0E7020
0EE010
0F5000
0FBFE0
102FD0
109200
10F430
115660
11B890
120BD0
125F10
12B250
130590
134A80
138F80
13D470
141960
145070
148780
14BE90
14F5A0
151E50
154700
156FA0
159850
15B1E0
15CB70
15E500
15FE90
160A10
161590
162100
162C80
162AC0
162900
162730
162570
161670
160760
15F860
15E950
15CCE0
15B070
159400
157790
154F00
152670
14FDE0
14D550
14A1C0
146E20
143A90
1406F0
13C8D0
138AA0
134C80
130E50
12C600
127DB0
123550
11ED00
119BE0
114AB0
10F990
10A860
104FA0
0FF6E0
0F9E10
0F4550
0EE5D0
0E8650
0E26C0
0DC740
0D61E0
0CFC80
0C9720
0C31C0
0BC7B0
0B5DA0
0AF390
0A8980
0A1BE0
09AE50
0940B0
08D310
086300
07F2E0
0782D0
0712B0
06A140
062FD0
05BE60
054CF0
04DB20
046960
03F790
0385C0
031480
02A350
023210
01C0D0
015160
00E1F0
007270
000300
FF96A0
FF2A40
FEBDF0
FE5190
FDE8D0
FD8010
FD1760
FCAEA0
FC4A20
FBE5A0
FB8130
FB1CB0
FABD80
FA5E50
F9FF30
F9A000
F94760
F8EEC0
F89630
F83D90
F7EBB0
F799D0
F747F0
F6F610
F6AB30
F66040
F61560
F5CA80
F58780
F54480
F50180
F4BE80
F48470
F44A60
F41060
F3D650
F3A4F0
F37380
F34220
F310C0
F2E7F0
F2BF10
F29640
F26D70
F24DB0
F22DF0
F20E40
F1EE80
F1D890
F1C2B0
F1ACC0
F196E0
F18A30
F17D80
F170D0
F16420
F16030
F15C50
F15860
F15480
F15990
F15EB0
F163C0
F168E0
F17750
F185B0
F19420
F1A290
F1B970
F1D050
F1E730
F1FE10
F21CB0
F23B50
F25A00
F278A0
F29ED0
F2C510
F2EB40
F31180
F33F30
F36CF0
F39AA0
F3C860
F3FCA0
F430E0
F46520
F49960
F4D350
F50D40
F54730
F58120
F5C040
F5FF60
F63E90
F67DB0
F6C180
F70550
F74930
F78D00
F7D4A0
F81C40
F863F0
F8AB90
F8F630
F940D0
F98B80
F9D620
FA2310
FA7000
FABD00
FB09F0
FB5880
FBA700
FBF590
FC4420
FC9380
FCE2D0
FD3230
FD8190
FDD100
FE2070
FE6FF0
FEBF60
FF0E10
FF5CC0
FFAB80
FFFA30
004740
009450
00E150
012E60
017950
01C440
020F30
025A20
02A270
02EAC0
033310
037B60
03C040
040520
044A00
048EE0
04CF70
051000
055090
059120
05CD30
060940
064540
068150
06B890
06EFE0
072720
075E60
079020
07C1F0
07F3B0
082570
0850E0
087C50
08A7C0
08D330
08F880
091DD0
094310
096860
098790
09A6C0
09C5F0
09E520
09FDC0
0A1670
0A2F10
0A47B0
0A5930
0A6AC0
0A7C40
0A8DC0
0A9890
0AA350
0AAE20
0AB8E0
0ABD40
0AC1A0
0AC5F0
0ACA50
0AC800
0AC5C0
0AC370
0AC120
0AB7E0
0AAEA0
0AA560
0A9C20
0A8C90
0A7D00
0A6D60
0A5DD0
0A4870
0A3300
0A1DA0
0A0830
09ED10
09D1F0
09B6C0
099BA0
097AC0
0959F0
093910
091830
08F250
08CC70
08A690
0880B0
085670
082C30
0801F0
07D7B0
07A960
077B10
074CC0
071E70
06EC70
06BA60
068860
065650
062140
05EC20
05B710
0581F0
054A70
0512F0
04DB60
04A3E0
046A70
043100
03F790
03BE20
038350
034880
030DA0
02D2D0
029730
025B90
021FE0
01E440
01A860
016C80
0130A0
00F4C0
00B940
007DD0
004250
0006D0
FFCC60
FF9200
FF5790
FF1D30
FEE440
FEAB40
FE7250
FE3960
FE0240
FDCB30
FD9410
FD5D00
FD2860
FCF3C0
FCBF20
FC8A80
FC5900
FC2780
FBF610
FBC490
FB9670
FB6840
FB3A20
FB0C00
FAE160
FAB6D0
FA8C30
FA61A0
FA3B20
FA14A0
F9EE30
F9C7B0
F9A5F0
F98440
F96280
F940D0
F923C0
F906A0
F8E990
F8CC80
F8B410
F89B90
F88320
F86AB0
F85740
F843C0
F83050
F81CE0
F80EE0
F800D0
F7F2D0
F7E4D0
F7DBF0
F7D310
F7CA30
F7C150
F7BD60
F7B970
F7B590
F7B1A0
F7B2D0
F7B400
F7B530
F7B660
F7BCF0
F7C380
F7CA20
F7D0B0
F7DC30
F7E7A0
F7F320
F7FEA0
F80EA0
F81EA0
F82EA0
F83EA0
F85320
F86790
F87C10
F89090
F8A980
F8C280
F8DB70
F8F470
F91150
F92E40
F94B20
F96810
F98870
F9A8C0
F9C920
F9E980
FA0D10
FA30B0
FA5440
FA77E0
FA9E70
FAC510
FAEBA0
FB1240
FB3B50
FB6450
FB8D60
FBB670
FBE170
FC0C70
FC3770
FC6270
FC8F00
FCBBA0
FCE830
FD14D0
FD4290
FD7060
FD9E20
FDCBF0
FDFA70
FE28E0
FE5760
FE85E0
FEB4A0
FEE350
FF1210
FF40D0
FF6F50
FF9DD0
FFCC60
FFFAE0
0028A0
005670
008430
00B1F0
00DEA0
010B60
013810
0164C0
019010
01BB60
01E6A0
0211F0
023B60
0264D0
028E40
02B7B0
02DEC0
0305C0
032CD0
0353D0
037840
039CC0
03C130
03E5A0
040760
042910
044AD0
046C80
048B00
04A990
04C810
04E690
050160
051C30
0536F0
0551C0
0568F0
058010
059740
05AE60
05C1F0
05D570
05E900
05FC80
060C20
061BC0
062B50
063AF0
064640
0651A0
065CF0
066840
066F80
0676C0
067E00
068540
0688A0
068BF0
068F50
0692A0
0691F0
069130
069080
068FC0
068AC0
0685C0
0680C0
067BC0
0672E0
0669F0
066110
065820
064BA0
063F20
0632A0
062620
061610
060600
05F5E0
05E5D0
05D230
05BE80
05AAE0
059730
058060
0569A0
0552D0
053C00
052270
0508E0
04EF40
04D5B0
04B990
049D60
048140
046510
044680
0427F0
040960
03EAD0
03CA40
03A9C0
038930
0368A0
034680
032470
030250
02E030
02BCD0
029970
027600
0252A0
022E50
0209F0
01E5A0
01C140
019C50
017760
015270
012D80
010860
00E330
00BE10
0098E0
0073E0
004EF0
0029F0
0004F0
FFE090
FFBC20
FF97C0
FF7360
FF4FD0
FF2C40
FF08C0
FEE530
FEC2C0
FEA040
FE7DD0
FE5B60
FE3A60
FE1970
FDF870
FDD780
FDB870
FD9960
FD7A50
FD5B40
FD3E30
FD2130
FD0420
FCE720
FCCC40
FCB170
FC9690
FC7BC0
FC6370
FC4B20
FC32D0
FC1A80
FC0520
FBEFC0
FBDA70
FBC510
FBB290
FBA020
FB8DA0
FB7B30
FB6B90
FB5C00
FB4C60
FB3CD0
FB3050
FB23D0
FB1760
FB0AE0
FB01D0
FAF8C0
FAEFB0
FAE6A0
FAE0C0
FADAF0
FAD510
FACF40
FACC80
FAC9C0
FAC710
FAC450
FAC4D0
FAC550
FAC5D0
FAC650
FACA30
FACE20
FAD200
FAD5F0
FADCF0
FAE3F0
FAEB00
FAF200
FAFBE0
FB05C0
FB0FA0
FB1980
FB2640
FB32F0
FB3FB0
FB4C70
FB5C00
FB6BA0
FB7B30
FB8AD0
FB9CF0
FBAF00
FBC120
FBD340
FBE790
FBFBE0
FC1040
FC2490
FC3AF0
FC5150
FC67C0
FC7E20
FC9670
FCAEC0
FCC720
FCDF70
FCF960
FD1350
FD2D40
FD4730
FD6260
FD7DA0
FD98D0
FDB410
FDD050
FDEC90
FE08D0
FE2510
FE4220
FE5F20
FE7C30
FE9940
FEB6C0
FED450
FEF1D0
FF0F60
FF2D20
FF4AD0
FF6890
FF8650
FFA3F0
FFC190
FFDF30
FFFCD0
001A00
003730
005450
007180
008E10
00AA90
00C720
00E3A0
00FF50
011B00
0136A0
015250
016CD0
018750
01A1D0
01BC50
01D550
01EE50
020740
022040
0237A0
024F00
026660
027DC0
029360
02A900
02BEA0
02D440
02E7E0
02FB80
030F10
0322B0
0333F0
034530
035670
0367B0
0376A0
038590
039470
03A360
03B000
03BCA0
03C930
03D5D0
03DFF0
03EA10
03F420
03FE40
0405A0
040D00
041450
041BB0
042070
042540
042A00
042EC0
043100
043350
043590
0437D0
043770
043720
0436C0
043660
043340
043020
042D00
0429E0
042440
041EA0
041900
041360
040B70
040380
03FB80
03F390
03E950
03DF10
03D4D0
03CA90
03BE00
03B170
03A4E0
039850
0389C0
037B20
036C90
035DF0
034D90
033D30
032CC0
031C60
030A50
02F840
02E630
02D420
02C080
02ACE0
029940
0285A0
0270B0
025BD0
0246E0
0231F0
021C00
020610
01F020
01DA30
01C370
01ACB0
0195E0
017F20
0167C0
015050
0138F0
012180
0109B0
00F1F0
00DA20
00C250
00AA60
009270
007A80
006290
004AC0
0032F0
001B10
000340
FFEBD0
FFD450
FFBCE0
FFA570
FF8E80
FF7790
FF60B0
FF49C0
FF3380
FF1D50
FF0710
FEF0E0
FEDBA0
FEC650
FEB110
FE9BD0
FE87C0
FE73B0
FE5FB0
FE4BA0
FE38E0
FE2620
FE1370
FE00B0
FDEF60
FDDE00
FDCCB0
FDBB60
FDABB0
FD9BF0
FD8C40
FD7C90
FD6EC0
FD60F0
FD5330
FD4560
FD3970
FD2D80
FD21A0
FD15B0
FD0BA0
FD0180
FCF770
FCED60
FCE550
FCDD40
FCD530
FCCD20
FCC740
FCC160
FCBB90
FCB5B0
FCB1F0
FCAE20
FCAA60
FCA6A0
FCA4E0
FCA310
FCA150
FC9F90
FC9FE0
FCA030
FCA080
FCA0D0
FCA350
FCA5D0
FCA860
FCAAE0
FCAF60
FCB3E0
FCB870
FCBCF0
FCC350
FCC9B0
FCD010
FCD670
FCDEA0
FCE6E0
FCEF10
FCF750
FD0160
FD0B70
FD1590
FD1FA0
FD2B50
FD3700
FD42B0
FD4E60
FD5B80
FD68A0
FD75C0
FD82E0
FD9150
FD9FC0
FDAE40
FDBCB0
FDCC60
FDDC20
FDEBD0
FDFB90
FE0C50
FE1D00
FE2DC0
FE3E80
FE5010
FE61A0
FE7330
FE84C0
FE96F0
FEA930
FEBB60
FECDA0
FEE060
FEF310
FF05D0
FF1890
FF2BA0
FF3EA0
FF51B0
FF64C0
FF77E0
FF8B10
FF9E30
FFB160
FFC470
FFD790
FFEAA0
FFFDC0
001090
002360
003620
0048F0
005B50
006DB0
008010
009270
00A440
00B610
00C7E0
00D9B0
00EAC0
00FBD0
010CE0
011DF0
012E00
013E20
014E30
015E40
016D40
017C50
018B50
019A50
01A840
01B620
01C410
01D1F0
01DE90
01EB20
01F7C0
020450
020F60
021A70
022580
023090
023A20
0243C0
024D50
0256E0
025EF0
026710
026F20
027730
027DB0
028420
028AA0
029110
0295C0
029A80
029F30
02A3E0
02A6F0
02A9F0
02AD00
02B000
02B170
02B2D0
02B440
02B5A0
02B560
02B520
02B4D0
02B490
02B290
02B080
02AE80
02AC70
02A8D0
02A520
02A180
029DD0
0298B0
029390
028E60
028940
0282A0
027C10
027570
026ED0
0266C0
025EA0
025690
024E70
024510
023BB0
023240
0228E0
021E50
0213D0
020940
01FEB0
01F310
01E780
01DBE0
01D040
01C3A0
01B710
01AA70
019DD0
019060
018300
017590
016820
015A10
014C00
013DE0
012FD0
012130
0112A0
010400
00F560
00E660
00D760
00C860
00B960
00AA20
009AF0
008BB0
007C70
006D20
005DD0
004E70
003F20
002FE0
0020A0
001160
000220
FFF320
FFE420
FFD520
FFC620
FFB780
FFA8D0
FF9A30
FF8B90
FF7D60
FF6F30
FF6100
FF52D0
FF4540
FF37A0
FF2A10
FF1C80
FF0FB0
FF02F0
FEF620
FEE960
FEDD70
FED170
FEC580
FEB990
FEAE80
FEA370
FE9870
FE8D60
FE8360
FE7960
FE6F70
FE6570
FE5CB0
FE53E0
FE4B20
FE4260
FE3AD0
FE3340
FE2BB0
FE2420
FE1DC0
FE1760
FE1100
FE0AA0
FE0580
FE0070
FDFB50
FDF640
FDF290
FDEEE0
FDEB30
FDE780
FDE520
FDE2D0
FDE070
FDDE20
FDDD10
FDDBF0
FDDAE0
FDD9D0
FDDA10
FDDA50
FDDAA0
FDDAE0
FDDC80
FDDE30
FDDFD0
FDE180
FDE470
FDE760
FDEA50
FDED40
FDF160
FDF570
FDF990
FDFDB0
FE02F0
FE0830
FE0D80
FE12C0
FE1930
FE1FA0
FE2610
FE2C80
FE33F0
FE3B70
FE42E0
FE4A60
FE52C0
FE5B20
FE6380
FE6BE0
FE7510
FE7E40
FE8780
FE90B0
FE9AB0
FEA4B0
FEAEB0
FEB8B0
FEC350
FECDF0
FED8A0
FEE340
FEEE60
FEF980
FF04B0
FF0FD0
FF1B60
FF26F0
FF3280
FF3E10
FF49F0
FF55C0
FF61A0
FF6D80
FF7990
FF8590
FF91A0
FF9DB0
FFA9D0
FFB5E0
FFC200
FFCE20
FFDA30
FFE630
FFF240
FFFE50
000A30
001600
0021E0
002DB0
003940
0044E0
005070
005C00
006730
007270
007DA0
0088D0
009390
009E40
00A900
00B3B0
00BDC0
00C7E0
00D1F0
00DC00
00E570
00EEE0
00F840
0101B0
010A60
011320
011BD0
012480
012C60
013440
013C10
0143F0
014AD0
0151C0
0158A0
015F80
016570
016B70
017160
017750
017C50
018160
018660
018B60
018F60
019360
019760
019B60
019E40
01A130
01A410
01A6F0
01A8D0
01AAA0
01AC80
01AE50
01AF20
01B000
01B0D0
01B1A0
01B170
01B130
01B100
01B0C0
01AF70
01AE20
01ACC0
01AB70
01A920
01A6D0
01A470
01A220
019EE0
019BA0
019860
019520
0190F0
018CD0
0188A0
018470
017F60
017A40
017530
017010
016A30
016450
015E60
015880
0151F0
014B50
0144C0
013E20
0136E0
012FA0
012850
012110
011930
011150
010970
010190
00F930
00F0D0
00E860
00E000
00D740
00CE70
00C5B0
00BCE0
00B3D0
00AAB0
00A1A0
009880
008F30
0085E0
007C80
007330
0069B0
006040
0056C0
004D40
0043C0
003A30
0030B0
002720
001DB0
001430
000AC0
000140
FFF7F0
FFEEA0
FFE550
FFDC00
FFD2E0
FFC9D0
FFC0B0
FFB7A0
FFAED0
FFA600
FF9D40
FF9470
FF8C00
FF83A0
FF7B30
FF72D0
FF6AE0
FF6300
FF5B10
FF5330
FF4BD0
FF4460
FF3D00
FF35A0
FF2ED0
FF2800
FF2130
FF1A60
FF1430
FF0E10
FF07E0
FF01C0
FEFC60
FEF6F0
FEF190
FEEC30
FEE790
FEE2E0
FEDE40
FED9A0
FED5B0
FED1D0
FECDE0
FECA00
FEC6E0
FEC3C0
FEC0B0
FEBD90
FEBB50
FEB910
FEB6E0
FEB4A0
FEB330
FEB1D0
FEB060
FEAF00
FEAE60
FEADC0
FEAD20
FEAC80
FEACB0
FEACE0
FEAD20
FEAD50
FEAE60
FEAF70
FEB080
FEB190
FEB370
FEB540
FEB720
FEB900
FEBB90
FEBE20
FEC0C0
FEC350
FEC6A0
FEC9E0
FECD30
FED080
FED480
FED880
FEDC80
FEE080
FEE520
FEE9C0
FEEE70
FEF310
FEF840
FEFD70
FF02A0
FF07D0
FF0D80
FF1330
FF18E0
FF1E90
FF24C0
FF2AE0
FF3110
FF3740
FF3DD0
FF4450
FF4AE0
FF5170
FF5850
FF5F20
FF6600
FF6CE0
FF73F0
FF7B10
FF8220
FF8940
FF9080
FF97C0
FF9F10
FFA650
FFADB0
FFB510
FFBC70
FFC3D0
FFCB30
FFD2A0
FFDA00
FFE170
FFE8C0
FFF020
FFF770
FFFED0
000600
000D40
001470
001BA0
0022B0
0029B0
0030C0
0037C0
003E90
004550
004C20
0052E0
005960
005FE0
006650
006CD0
0072F0
007900
007F20
008530
008AE0
009090
009630
009BE0
00A120
00A650
00AB90
00B0C0
00B580
00BA30
00BEF0
00C3A0
00C7C0
00CBE0
00D000
00D420
00D7B0
00DB30
00DEC0
00E240
00E530
00E830
00EB20
00EE10
00F070
00F2C0
00F520
00F770
00F920
00FAD0
00FC70
00FE20
00FF30
010030
010140
010240
0102B0
010320
010380
0103F0
0103C0
010390
010350
010320
010240
010170
010090
00FFB0
00FE40
00FCC0
00FB50
00F9D0
00F7D0
00F5D0
00F3C0
00F1C0
00EF30
00ECB0
00EA20
00E790
00E480
00E160
00DE50
00DB30
00D7A0
00D410
00D080
00CCF0
00C8F0
00C500
00C100
00BD00
00B8A0
00B450
00AFF0
00AB90
00A6E0
00A220
009D70
0098B0
0093B0
008EB0
0089B0
0084B0
007F80
007A40
007510
006FD0
006A70
006500
005FA0
005A30
0054B0
004F20
0049A0
004410
003E80
0038E0
003350
002DB0
002810
002280
001CE0
001740
0011B0
000C20
000680
0000F0
FFFB80
FFF600
FFF090
FFEB20
FFE5D0
FFE080
FFDB30
FFD5E0
FFD0C0
FFCBA0
FFC680
FFC160
FFBC80
FFB790
FFB2B0
FFADD0
FFA930
FFA4A0
FFA000
FF9B70
FF9730
FF92E0
FF8EA0
FF8A60
FF8670
FF8280
FF7E90
FF7AA0
FF7710
FF7390
FF7000
FF6C80
FF6970
FF6650
FF6340
FF6030
FF5D90
FF5AE0
FF5840
FF55A0
FF5370
FF5130
FF4F00
FF4CD0
FF4B10
FF4950
FF4790
FF45D0
FF4490
FF4350
FF4220
FF40E0
FF4020
FF3F60
FF3EA0
FF3DE0
FF3D90
FF3D40
FF3D00
FF3CB0
FF3CE0
FF3D00
FF3D30
FF3D60
FF3E10
FF3EB0
FF3F60
FF4010
FF4130
FF4240
FF4360
FF4480
FF4600
FF4790
FF4910
FF4AA0
FF4C90
FF4E80
FF5070
FF5260
FF54B0
FF5700
FF5960
FF5BB0
FF5E60
FF6110
FF63C0
FF6670
FF6970
FF6C70
FF6F70
FF7270
FF75B0
FF7900
FF7C40
FF7F90
FF8310
FF86A0
FF8A20
FF8DB0
FF9170
FF9530
FF98F0
FF9CB0
FFA0A0
FFA480
FFA870
FFAC60
FFB070
FFB470
FFB880
FFBC90
FFC0B0
FFC4D0
FFC900
FFCD20
FFD150
FFD580
FFD9B0
FFDDE0
FFE210
FFE640
FFEA80
FFEEB0
FFF2D0
FFF700
FFFB20
FFFF50
000360
000780
000B90
000FA0
001390
001790
001B80
001F70
002340
002720
002AF0
002EC0
003260
003610
0039B0
003D50
0040C0
004420
004790
004AF0
004E20
005150
005470
0057A0
005A90
005D80
006060
006350
0065F0
006890
006B30
006DD0
007020
007270
0074B0
007700
0078F0
007AF0
007CE0
007ED0
008070
008210
0083B0
008550
0086A0
0087E0
008930
008A70
008B50
008C40
008D20
008E00
008E90
008F20
008FA0
009030
009060
0090A0
0090D0
009100
0090E0
0090C0
009090
009070
008FF0
008F70
008EF0
008E70
008DA0
008CC0
008BF0
008B10
0089F0
0088D0
0087A0
008680
008510
0083A0
008220
0080B0
007EF0
007D30
007B70
0079B0
0077B0
0075B0
0073B0
0071B0
006F70
006D40
006B00
0068C0
006650
0063E0
006170
005F00
005C60
0059C0
005720
005480
0051C0
004EF0
004C30
004960
004680
004390
0040B0
003DC0
003AC0
0037C0
0034C0
0031C0
002EB0
002BB0
0028A0
002590
002280
001F60
001C50
001930
001620
001300
000FF0
000CD0
0009C0
0006B0
0003A0
000090
FFFD90
FFFA90
FFF790
FFF490
FFF1A0
FFEEC0
FFEBD0
FFE8F0
FFE620
FFE350
FFE080
FFDDB0
FFDB00
FFD850
FFD5B0
FFD300
FFD080
FFCE00
FFCB80
FFC900
FFC6B0
FFC460
FFC210
FFBFC0
FFBDA0
FFBB80
FFB960
FFB740
FFB550
FFB360
FFB180
FFAF90
FFADE0
FFAC40
FFAA90
FFA8F0
FFA780
FFA610
FFA4B0
FFA340
FFA210
FFA0E0
FF9FC0
FF9E90
FF9DA0
FF9CB0
FF9BD0
FF9AE0
FF9A40
FF9990
FF98F0
FF9850
FF97F0
FF9780
FF9720
FF96C0
FF96A0
FF9680
FF9660
FF9640
FF9660
FF9680
FF96A0
FF96C0
FF9720
FF9780
FF97F0
FF9850
FF98F0
FF9990
FF9A40
FF9AE0
FF9BC0
FF9C90
FF9D70
FF9E50
FF9F60
FFA070
FFA180
FFA290
FFA3D0
FFA520
FFA660
FFA7B0
FFA920
FFAAA0
FFAC10
FFAD90
FFAF30
FFB0D0
FFB280
FFB420
FFB5E0
FFB7B0
FFB970
FFBB40
FFBD30
FFBF10
FFC100
FFC2F0
FFC4F0
FFC6F0
FFC900
FFCB00
FFCD10
FFCF30
FFD140
FFD360
FFD590
FFD7B0
FFD9E0
FFDC10
FFDE40
FFE070
FFE2B0
FFE4E0
FFE720
FFE950
FFEB90
FFEDD0
FFF000
FFF240
FFF470
FFF6B0
FFF8E0
FFFB10
FFFD50
FFFF80
0001A0
0003D0
0005F0
000810
000A20
000C40
000E50
001060
001260
001460
001660
001860
001A50
001C30
001E20
002000
0021D0
002390
002560
002720
0028C0
002A70
002C10
002DB0
002F30
0030B0
003230
0033B0
003510
003660
0037C0
003910
003A40
003B60
003C90
003DB0
003EB0
003FB0
0040A0
0041A0
004270
004340
004410
0044E0
004580
004630
0046D0
004770
0047E0
004850
0048C0
004930
004970
0049B0
0049F0
004A30
004A40
004A60
004A70
004A80
004A60
004A50
004A30
004A10
0049C0
004980
004930
0048E0
004870
004800
004780
004710
004670
0045E0
004540
0044A0
0043E0
004320
004250
004190
0040B0
003FC0
003EE0
003DF0
003CE0
003BE0
003AD0
0039C0
0038A0
003770
003650
003520
0033E0
0032A0
003160
003020
002ED0
002D70
002C20
002AC0
002950
0027F0
002680
002510
002390
002220
0020A0
001F20
001DA0
001C20
001A90
001910
001780
001600
001470
0012E0
001150
000FD0
000E40
000CB0
000B20
0009A0
000810
000680
000500
000370
0001F0
000060
FFFEE0
FFFD60
FFFBF0
FFFA70
FFF900
FFF780
FFF610
FFF4A0
FFF340
FFF1D0
FFF070
FFEF10
FFEDC0
FFEC60
FFEB10
FFE9C0
FFE880
FFE740
FFE610
FFE4D0
FFE3B0
FFE280
FFE160
FFE040
FFDF30
FFDE20
FFDD20
FFDC10
FFDB20
FFDA30
FFD940
FFD850
FFD780
FFD6B0
FFD5E0
FFD510
FFD460
FFD3B0
FFD300
FFD250
FFD1C0
FFD130
FFD0A0
FFD010
FFCFA0
FFCF30
FFCEC0
FFCE50
FFCE00
FFCDB0
FFCD70
FFCD20
FFCCF0
FFCCC0
FFCCA0
FFCC70
FFCC60
FFCC50
FFCC50
FFCC40
FFCC50
FFCC60
FFCC70
FFCC80
FFCCB0
FFCCE0
FFCD20
FFCD50
FFCDA0
FFCDF0
FFCE40
FFCE90
FFCF00
FFCF60
FFCFD0
FFD040
FFD0C0
FFD150
FFD1D0
FFD260
FFD300
FFD3A0
FFD450
FFD4F0
FFD5A0
FFD660
FFD710
FFD7D0
FFD8A0
FFD960
FFDA30
FFDB00
FFDBE0
FFDCC0
FFDDA0
FFDE80
FFDF70
FFE060
FFE150
FFE240
FFE340
FFE430
FFE530
FFE630
FFE730
FFE830
FFE940
FFEA40
FFEB50
FFEC60
FFED70
FFEE80
FFEF90
FFF0A0
FFF1C0
FFF2D0
FFF3E0
FFF500
FFF610
FFF730
FFF840
FFF960
FFFA70
FFFB90
FFFCA0
FFFDB0
FFFED0
FFFFE0
0000F0
000200
000310
000420
000520
000630
000730
000830
000930
000A30
000B20
000C20
000D10
000E00
000EF0
000FE0
0010C0
0011A0
001280
001360
001430
001500
0015D0
0016A0
001760
001820
0018E0
0019A0
001A50
001B00
001BA0
001C50
001CE0
001D80
001E10
001EA0
001F20
001FA0
002010
002090
0020F0
002160
0021C0
002220
002270
0022C0
002310
002360
002390
0023D0
002400
002430
002450
002470
002490
0024B0
0024C0
0024C0
0024D0
0024D0
0024C0
0024C0
0024B0
0024A0
002480
002450
002430
002400
0023C0
002390
002350
002310
0022C0
002270
002220
0021D0
002170
002110
0020A0
002040
001FD0
001F60
001EE0
001E70
001DF0
001D60
001CE0
001C50
001BC0
001B30
001A90
001A00
001960
0018C0
001820
001780
0016E0
001630
001590
0014E0
001430
001380
0012C0
001210
001160
0010A0
000FF0
000F30
000E70
000DB0
000CF0
000C30
000B70
000AB0
0009F0
000930
000870
0007B0
0006F0
000630
000570
0004C0
000400
000340
000280
0001D0
000110
000050
FFFFA0
FFFEE0
FFFE30
FFFD80
FFFCD0
FFFC20
FFFB70
FFFAC0
FFFA20
FFF970
FFF8D0
FFF830
FFF790
FFF6F0
FFF660
FFF5C0
FFF530
FFF4A0
FFF410
FFF380
FFF300
FFF270
FFF1F0
FFF170
FFF0F0
FFF080
FFF000
FFEF90
FFEF20
FFEEB0
FFEE50
FFEDE0
FFED80
FFED20
FFECD0
FFEC70
FFEC20
FFEBD0
FFEB90
FFEB40
FFEB00
FFEAC0
FFEA90
FFEA50
FFEA20
FFE9F0
FFE9C0
FFE990
FFE970
FFE950
FFE940
FFE920
FFE910
FFE900
FFE8F0
FFE8E0
FFE8E0
FFE8E0
FFE8E0
FFE8E0
FFE8F0
FFE8F0
FFE900
FFE910
FFE920
FFE940
FFE950
FFE970
FFE990
FFE9C0
FFE9E0
FFEA10
FFEA40
FFEA70
FFEAB0
FFEAE0
FFEB20
FFEB60
FFEBA0
FFEBE0
FFEC30
FFEC70
FFECC0
FFED10
FFED60
FFEDB0
FFEE10
FFEE60
FFEEC0
FFEF10
FFEF70
FFEFD0
FFF030
FFF090
FFF100
FFF160
FFF1C0
FFF230
FFF290
FFF300
FFF370
FFF3E0
FFF450
FFF4C0
FFF530
FFF5A0
FFF620
FFF690
FFF700
FFF780
FFF7F0
FFF870
FFF8E0
FFF960
FFF9D0
FFFA50
FFFAC0
FFFB40
FFFBB0
FFFC30
FFFCA0
FFFD20
FFFD90
FFFE10
FFFE80
FFFF00
FFFF70
FFFFF0
000060
0000E0
000150
0001C0
000230
0002A0
000310
000380
0003F0
000460
0004C0
000530
000590
000600
000660
0006C0
000720
000780
0007D0
000830
000890
0008E0
000940
000990
0009E0
000A30
000A80
000AD0
000B10
000B60
000BA0
000BE0
000C20
000C60
000C90
000CD0
000D00
000D40
000D70
000DA0
000DD0
000E00
000E20
000E50
000E70
000E90
000EB0
000ED0
000EF0
000F00
000F20
000F30
000F40
000F50
000F50
000F60
000F60
000F70
000F70
000F70
000F70
000F60
000F60
000F50
000F40
000F30
000F20
000F10
000F00
000EE0
000ED0
000EB0
000E90
000E70
000E50
000E30
000E10
000DE0
000DC0
000D90
000D60
000D30
000D00
000CD0
000CA0
000C60
000C30
000BF0
000BB0
000B80
000B40
000B00
000AC0
000A80
000A30
0009F0
0009B0
000960
000920
0008D0
000880
000840
0007F0
0007A0
000750
000700
0006B0
000660
000610
0005C0
000570
000520
0004D0
000480
000420
0003D0
000380
000330
0002D0
000280
000230
0001E0
000180
000130
0000E0
000090
000040
FFFFF0
FFFFA0
FFFF50
FFFF00
FFFEB0
FFFE60
FFFE10
FFFDC0
FFFD70
FFFD20
FFFCD0
FFFC90
FFFC40
FFFC00
FFFBB0
FFFB70
FFFB30
FFFAF0
FFFAA0
FFFA60
FFFA20
FFF9E0
FFF9A0
FFF970
FFF930
FFF8F0
FFF8C0
FFF880
FFF850
FFF820
FFF7F0
FFF7C0
FFF790
FFF760
FFF730
FFF710
FFF6E0
FFF6C0
FFF690
FFF670
FFF650
FFF630
FFF610
FFF600
FFF5E0
FFF5D0
FFF5B0
FFF5A0
FFF590
FFF580
FFF570
FFF570
FFF560
FFF550
FFF550
FFF540
FFF540
FFF540
FFF540
FFF550
FFF550
FFF550
FFF560
FFF560
FFF570
FFF580
FFF590
FFF5A0
FFF5B0
FFF5C0
FFF5D0
FFF5F0
FFF600
FFF620
FFF630
FFF650
FFF670
FFF690
FFF6B0
FFF6D0
FFF6F0
FFF710
FFF730
FFF760
FFF780
FFF7B0
FFF7D0
FFF800
FFF830
FFF860
FFF880
FFF8B0
FFF8E0
FFF910
FFF940
FFF970
FFF9A0
FFF9D0
FFFA00
FFFA30
FFFA60
FFFA90
FFFAC0
FFFB00
FFFB30
FFFB60
FFFB90
FFFBC0
FFFBF0
FFFC20
FFFC50
FFFC90
FFFCC0
FFFCF0
FFFD20
FFFD60
FFFD90
FFFDC0
FFFDF0
FFFE20
FFFE50
FFFE80
FFFEB0
FFFEE0
FFFF10
FFFF40
FFFF60
FFFF90
FFFFC0
FFFFE0
000010
000040
000060
000090
0000B0
0000E0
000100
000120
000150
000170
000190
0001B0
0001D0
0001E0
000200
000220
000240
000250
000270
000280
0002A0
0002B0
0002C0
0002D0
0002F0
000300
000310
000320
000330
000330
000340
000350
000350
000360
000360
000370
000370
000380
000380
000380
000390
000390
000390
000390
000390
000390
000390
000390
000390
000380
000380
000380
000380
000370
000370
000370
000360
000360
000350
000350
000340
000340
000330
000330
000320
000320
000310
000300
000300
0002F0
0002E0
0002D0
0002D0
0002C0
0002B0
0002A0
000290
000280
000270
000260
000260
000250
000240
000230
000220
000210
000200
0001F0
0001E0
0001D0
0001C0
0001B0
0001A0
000190
000180
000170
000160
000150
000140
000130
000130
000120
000110
000100
0000F0
0000E0
0000D0
0000C0
0000C0
0000B0
0000A0
000090
000090
000080
000070
000060
000060
000050
000040
000040
000030
000030
000020
000020
000010
000010
000000
FFFFF0
FFFFF0
FFFFE0
FFFFE0
FFFFE0
FFFFD0
FFFFD0
FFFFD0
FFFFD0
FFFFC0
FFFFC0
FFFFC0
FFFFC0
FFFFB0
FFFFB0
FFFFB0
FFFFB0
FFFFA0
FFFFA0
FFFFA0
FFFFA0
FFFFA0
FFFFA0
FFFFA0
FFFFA0
FFFFA0
FFFFA0
FFFFA0
FFFFA0
FFFFA0
FFFFA0
FFFFA0
FFFFA0
FFFFA0
FFFFA0
FFFFA0
FFFFA0
FFFFA0
FFFFB0
FFFFB0
FFFFB0
FFFFB0
FFFFB0
FFFFB0
FFFFB0
FFFFB0
FFFFC0
FFFFC0
FFFFC0
FFFFC0
FFFFC0
FFFFC0
FFFFC0
FFFFC0
FFFFD0
FFFFD0
FFFFD0
FFFFD0
FFFFE0
FFFFE0
FFFFE0
FFFFE0
FFFFF0
FFFFF0
FFFFF0
FFFFF0
000000
000000
000000
000000
000000
000000
000000
000010
000010
000010
000010
000010
000010
000010
000010
000020
000020
000020
000020
000020
000020
000020
000020
000020
000020
000020
000020
000020
000020
000020
000020
000020
000020
000020
000020
000020
000020
000020
000020
000020
000020
000020
000020
000020
000020
000020
000020
000020
000020
000020
000020
000020
000020
000020
000020
000020
000020
000020
000020
000020
000010
000010
000010
000010
000000
000000
000000
000000
000000
000000
000000
000000
000000
000000
000000
000000
000000
000000
000000
000000
000000
000000
000000
000000
000000
000000
000000
000000
000000
000000
000000
000000
000000
000000
000000
000000
000000
000000
000000
000000
000000
000000
000000
000000
000000
000000
000000
000000
000000
000000
000000
000000
000000
000000
000000
000000
000000
000000
000000
000000
000000
000000
000000
000000
000000
000000
000000
000000
000000
000000
000000
000000
000000
000000
000000
000000
000000
000000
000000
000000
000000
000000
000000
000000
000000
000000
000000
000000
000000
000000
000000
000000
000000
000000
000000
000000
000000
000000
000000
000000
000000
000000
000000
000000
000000
000000
000000
000000
000000
000000
000000
000000
000000
000000
000000
000000
000000
000000
000000
000000
000000
000000
000000
000000
000000
000000
000000
000000
000000
000000
000000
000000
000000
000000
000000
000000
000000
000000
000000
000000
000000
000000
000000
000000
000000
000000
000000
000000
000000
000000
000000
000000
000000
000000
000000
000000
000000
000000
000000
000000
000000
000000
000000
000000
000000
000000
000000
000000
000000
000000
000000
000000
000000
000000
000000
000000
000000
000000
000000
000000
000000
000000
000000
000000
000000
000000
000000
000000
000000
000000
000000
000000
000000
000000
000000
000000
000000
000000
000000
000000
000000
000000
000000
000000
000000
000000
000000
000000
000000
000000
000000
000000
000000
000000
000000
000000
000000
000000
000000
000000
000000
000000
000000
000000
000000
000000
000000
000000
000000
000000
000000
000000
000000
000000
000000
000000
000000
000000
000000
000000
000000
000000
000000
000000
000000
000000
000000
000000
000000
000000
000000
000000
000000
000000
