Copyright 1986-2022 Xilinx, Inc. All Rights Reserved. Copyright 2022-2025 Advanced Micro Devices, Inc. All Rights Reserved.
------------------------------------------------------------------------------------------------------------------------------------------------------------------------------------------------------------------------------------------------------------------------------------------------------------------------------------------------------------------------------------
| Tool Version : Vivado v.2025.2 (win64) Build 6299465 Fri Nov 14 19:35:11 GMT 2025
| Date         : Sun Aug 16 20:43:48 2026
| Host         : LAPTOP-476JT8H0 running 64-bit major release  (build 9200)
| Command      : report_timing -delay_type max -max_paths 20 -nworst 1 -from [all_registers -clock [get_clocks core_clk_6m144]] -to [all_registers -clock [get_clocks core_clk_6m144]] -file D:/FpgaProject/XilinxProject/XC7A35T/fir_interpolation/submit/finally/XC7A35T_interp_DSP3_LUT239_2025.2/tools/vivado_2025_2/core_ooc/results/20260816_204232/timing_internal_setup.rpt
| Design       : interp128_all2x_v7_folded_fir_cic_top_ce
| Device       : 7a35t-fgg484
| Speed File   : -2  PRODUCTION 1.23 2018-06-13
| Design State : Routed
------------------------------------------------------------------------------------------------------------------------------------------------------------------------------------------------------------------------------------------------------------------------------------------------------------------------------------------------------------------------------------

Timing Report

Slack (MET) :             150.852ns  (required time - arrival time)
  Source:                 gen_serial_cic_comb.u_cic_interp16_serial_comb_dsp_ce/burst_remaining_reg[0]/C
                            (rising edge-triggered cell FDRE clocked by core_clk_6m144  {rise@0.000ns fall@81.380ns period=162.760ns})
  Destination:            gen_serial_cic_comb.u_cic_interp16_serial_comb_dsp_ce/y_out_reg[0]/D
                            (rising edge-triggered cell FDRE clocked by core_clk_6m144  {rise@0.000ns fall@81.380ns period=162.760ns})
  Path Group:             core_clk_6m144
  Path Type:              Setup (Max at Slow Process Corner)
  Requirement:            162.760ns  (core_clk_6m144 rise@162.760ns - core_clk_6m144 rise@0.000ns)
  Data Path Delay:        11.866ns  (logic 4.899ns (41.287%)  route 6.967ns (58.713%))
  Logic Levels:           15  (CARRY4=8 DSP48E1=1 LUT2=1 LUT3=2 LUT4=1 LUT5=1 LUT6=1)
  Clock Path Skew:        -0.037ns (DCD - SCD + CPR)
    Destination Clock Delay (DCD):    1.248ns = ( 164.008 - 162.760 ) 
    Source Clock Delay      (SCD):    1.350ns
    Clock Pessimism Removal (CPR):    0.065ns
  Clock Uncertainty:      0.035ns  ((TSJ^2 + TIJ^2)^1/2 + DJ) / 2 + PE
    Total System Jitter     (TSJ):    0.071ns
    Total Input Jitter      (TIJ):    0.000ns
    Discrete Jitter          (DJ):    0.000ns
    Phase Error              (PE):    0.000ns

    Location             Delay type                Incr(ns)  Path(ns)    Netlist Resource(s)
  -------------------------------------------------------------------    -------------------
                         (clock core_clk_6m144 rise edge)
                                                      0.000     0.000 r  
                                                      0.000     0.000 r  clk (IN)
                         net (fo=310, unset)          1.350     1.350    clk
    SLICE_X41Y59         FDRE                                         r  gen_serial_cic_comb.u_cic_interp16_serial_comb_dsp_ce/burst_remaining_reg[0]/C
  -------------------------------------------------------------------    -------------------
    SLICE_X41Y59         FDRE (Prop_fdre_C_Q)         0.379     1.729 f  gen_serial_cic_comb.u_cic_interp16_serial_comb_dsp_ce/burst_remaining_reg[0]/Q
                         net (fo=6, routed)           0.716     2.445    gen_serial_cic_comb.u_cic_interp16_serial_comb_dsp_ce/burst_remaining_reg_n_0_[0]
    SLICE_X41Y59         LUT6 (Prop_lut6_I2_O)        0.105     2.550 r  interp128_all2x_LUT6/O
                         net (fo=51, routed)          1.467     4.017    interp128_all2x_net
    SLICE_X40Y60         LUT3 (Prop_lut3_I2_O)        0.105     4.122 r  interp128_all2x_LUT3_19/O
                         net (fo=9, routed)           0.614     4.735    interp128_all2x_net_2
    SLICE_X43Y60         LUT2 (Prop_lut2_I1_O)        0.108     4.843 r  interp128_all2x_LUT2_24/O
                         net (fo=2, routed)           0.690     5.533    interp128_all2x_net_86
    SLICE_X45Y60         CARRY4 (Prop_carry4_S[3]_CO[3])
                                                      0.599     6.132 r  gen_serial_cic_comb.u_cic_interp16_serial_comb_dsp_ce/gen_first_integrator_carry.first_integrator_sum_carry__4/CO[3]
                         net (fo=1, routed)           0.000     6.132    gen_serial_cic_comb.u_cic_interp16_serial_comb_dsp_ce/gen_first_integrator_carry.first_integrator_sum_carry__4_n_0
    SLICE_X45Y61         CARRY4 (Prop_carry4_CI_O[1])
                                                      0.265     6.397 r  gen_serial_cic_comb.u_cic_interp16_serial_comb_dsp_ce/gen_first_integrator_carry.first_integrator_sum_carry__5/O[1]
                         net (fo=23, routed)          1.020     7.417    final_input_rounded[25]
    DSP48_X1Y22          DSP48E1 (Prop_dsp48e1_A[23]_P[2])
                                                      1.889     9.306 f  gen_serial_cic_comb.u_cic_interp16_serial_comb_dsp_ce/gen_final_integrator_dsp.final_integrator_sum/P[2]
                         net (fo=2, routed)           0.814    10.120    gen_serial_cic_comb.u_cic_interp16_serial_comb_dsp_ce/gen_final_integrator_dsp.final_integrator_sum_n_103
    SLICE_X54Y55         LUT3 (Prop_lut3_I1_O)        0.105    10.225 r  interp128_all2x_LUT3_27/O
                         net (fo=1, routed)           0.473    10.698    interp128_all2x_net_19
    SLICE_X54Y56         LUT5 (Prop_lut5_I4_O)        0.105    10.803 r  interp128_all2x_LUT5_26/O
                         net (fo=1, routed)           0.000    10.803    rounded_value_carry_i_1__0_n_0
    SLICE_X54Y56         CARRY4 (Prop_carry4_S[0]_CO[3])
                                                      0.423    11.226 r  gen_serial_cic_comb.u_cic_interp16_serial_comb_dsp_ce/u_round_cic_normalized_output/rounded_value_carry/CO[3]
                         net (fo=1, routed)           0.000    11.226    gen_serial_cic_comb.u_cic_interp16_serial_comb_dsp_ce/u_round_cic_normalized_output/rounded_value_carry_n_0
    SLICE_X54Y57         CARRY4 (Prop_carry4_CI_CO[3])
                                                      0.100    11.326 r  gen_serial_cic_comb.u_cic_interp16_serial_comb_dsp_ce/u_round_cic_normalized_output/rounded_value_carry__0/CO[3]
                         net (fo=1, routed)           0.000    11.326    gen_serial_cic_comb.u_cic_interp16_serial_comb_dsp_ce/u_round_cic_normalized_output/rounded_value_carry__0_n_0
    SLICE_X54Y58         CARRY4 (Prop_carry4_CI_CO[3])
                                                      0.100    11.426 r  gen_serial_cic_comb.u_cic_interp16_serial_comb_dsp_ce/u_round_cic_normalized_output/rounded_value_carry__1/CO[3]
                         net (fo=1, routed)           0.000    11.426    gen_serial_cic_comb.u_cic_interp16_serial_comb_dsp_ce/u_round_cic_normalized_output/rounded_value_carry__1_n_0
    SLICE_X54Y59         CARRY4 (Prop_carry4_CI_CO[3])
                                                      0.100    11.526 r  gen_serial_cic_comb.u_cic_interp16_serial_comb_dsp_ce/u_round_cic_normalized_output/rounded_value_carry__2/CO[3]
                         net (fo=1, routed)           0.000    11.526    gen_serial_cic_comb.u_cic_interp16_serial_comb_dsp_ce/u_round_cic_normalized_output/rounded_value_carry__2_n_0
    SLICE_X54Y60         CARRY4 (Prop_carry4_CI_CO[3])
                                                      0.100    11.626 r  gen_serial_cic_comb.u_cic_interp16_serial_comb_dsp_ce/u_round_cic_normalized_output/rounded_value_carry__3/CO[3]
                         net (fo=1, routed)           0.000    11.626    gen_serial_cic_comb.u_cic_interp16_serial_comb_dsp_ce/u_round_cic_normalized_output/rounded_value_carry__3_n_0
    SLICE_X54Y61         CARRY4 (Prop_carry4_CI_O[0])
                                                      0.178    11.804 r  gen_serial_cic_comb.u_cic_interp16_serial_comb_dsp_ce/u_round_cic_normalized_output/rounded_value_carry__4/O[0]
                         net (fo=19, routed)          1.174    12.978    gen_serial_cic_comb.u_cic_interp16_serial_comb_dsp_ce/u_round_cic_normalized_output/rounded_value_carry__4_n_7
    SLICE_X55Y56         LUT4 (Prop_lut4_I1_O)        0.238    13.216 r  y_out[0]_i_1__0/O
                         net (fo=1, routed)           0.000    13.216    normalized_output[0]
    SLICE_X55Y56         FDRE                                         r  gen_serial_cic_comb.u_cic_interp16_serial_comb_dsp_ce/y_out_reg[0]/D
  -------------------------------------------------------------------    -------------------

                         (clock core_clk_6m144 rise edge)
                                                    162.760   162.760 r  
                                                      0.000   162.760 r  clk (IN)
                         net (fo=310, unset)          1.248   164.008    clk
    SLICE_X55Y56         FDRE                                         r  gen_serial_cic_comb.u_cic_interp16_serial_comb_dsp_ce/y_out_reg[0]/C
                         clock pessimism              0.065   164.073    
                         clock uncertainty           -0.035   164.038    
    SLICE_X55Y56         FDRE (Setup_fdre_C_D)        0.030   164.068    gen_serial_cic_comb.u_cic_interp16_serial_comb_dsp_ce/y_out_reg[0]
  -------------------------------------------------------------------
                         required time                        164.068    
                         arrival time                         -13.216    
  -------------------------------------------------------------------
                         slack                                150.852    

Slack (MET) :             150.854ns  (required time - arrival time)
  Source:                 gen_serial_cic_comb.u_cic_interp16_serial_comb_dsp_ce/burst_remaining_reg[0]/C
                            (rising edge-triggered cell FDRE clocked by core_clk_6m144  {rise@0.000ns fall@81.380ns period=162.760ns})
  Destination:            gen_serial_cic_comb.u_cic_interp16_serial_comb_dsp_ce/y_out_reg[1]/D
                            (rising edge-triggered cell FDRE clocked by core_clk_6m144  {rise@0.000ns fall@81.380ns period=162.760ns})
  Path Group:             core_clk_6m144
  Path Type:              Setup (Max at Slow Process Corner)
  Requirement:            162.760ns  (core_clk_6m144 rise@162.760ns - core_clk_6m144 rise@0.000ns)
  Data Path Delay:        11.866ns  (logic 4.899ns (41.287%)  route 6.967ns (58.713%))
  Logic Levels:           15  (CARRY4=8 DSP48E1=1 LUT2=1 LUT3=2 LUT4=1 LUT5=1 LUT6=1)
  Clock Path Skew:        -0.037ns (DCD - SCD + CPR)
    Destination Clock Delay (DCD):    1.248ns = ( 164.008 - 162.760 ) 
    Source Clock Delay      (SCD):    1.350ns
    Clock Pessimism Removal (CPR):    0.065ns
  Clock Uncertainty:      0.035ns  ((TSJ^2 + TIJ^2)^1/2 + DJ) / 2 + PE
    Total System Jitter     (TSJ):    0.071ns
    Total Input Jitter      (TIJ):    0.000ns
    Discrete Jitter          (DJ):    0.000ns
    Phase Error              (PE):    0.000ns

    Location             Delay type                Incr(ns)  Path(ns)    Netlist Resource(s)
  -------------------------------------------------------------------    -------------------
                         (clock core_clk_6m144 rise edge)
                                                      0.000     0.000 r  
                                                      0.000     0.000 r  clk (IN)
                         net (fo=310, unset)          1.350     1.350    clk
    SLICE_X41Y59         FDRE                                         r  gen_serial_cic_comb.u_cic_interp16_serial_comb_dsp_ce/burst_remaining_reg[0]/C
  -------------------------------------------------------------------    -------------------
    SLICE_X41Y59         FDRE (Prop_fdre_C_Q)         0.379     1.729 f  gen_serial_cic_comb.u_cic_interp16_serial_comb_dsp_ce/burst_remaining_reg[0]/Q
                         net (fo=6, routed)           0.716     2.445    gen_serial_cic_comb.u_cic_interp16_serial_comb_dsp_ce/burst_remaining_reg_n_0_[0]
    SLICE_X41Y59         LUT6 (Prop_lut6_I2_O)        0.105     2.550 r  interp128_all2x_LUT6/O
                         net (fo=51, routed)          1.467     4.017    interp128_all2x_net
    SLICE_X40Y60         LUT3 (Prop_lut3_I2_O)        0.105     4.122 r  interp128_all2x_LUT3_19/O
                         net (fo=9, routed)           0.614     4.735    interp128_all2x_net_2
    SLICE_X43Y60         LUT2 (Prop_lut2_I1_O)        0.108     4.843 r  interp128_all2x_LUT2_24/O
                         net (fo=2, routed)           0.690     5.533    interp128_all2x_net_86
    SLICE_X45Y60         CARRY4 (Prop_carry4_S[3]_CO[3])
                                                      0.599     6.132 r  gen_serial_cic_comb.u_cic_interp16_serial_comb_dsp_ce/gen_first_integrator_carry.first_integrator_sum_carry__4/CO[3]
                         net (fo=1, routed)           0.000     6.132    gen_serial_cic_comb.u_cic_interp16_serial_comb_dsp_ce/gen_first_integrator_carry.first_integrator_sum_carry__4_n_0
    SLICE_X45Y61         CARRY4 (Prop_carry4_CI_O[1])
                                                      0.265     6.397 r  gen_serial_cic_comb.u_cic_interp16_serial_comb_dsp_ce/gen_first_integrator_carry.first_integrator_sum_carry__5/O[1]
                         net (fo=23, routed)          1.020     7.417    final_input_rounded[25]
    DSP48_X1Y22          DSP48E1 (Prop_dsp48e1_A[23]_P[2])
                                                      1.889     9.306 f  gen_serial_cic_comb.u_cic_interp16_serial_comb_dsp_ce/gen_final_integrator_dsp.final_integrator_sum/P[2]
                         net (fo=2, routed)           0.814    10.120    gen_serial_cic_comb.u_cic_interp16_serial_comb_dsp_ce/gen_final_integrator_dsp.final_integrator_sum_n_103
    SLICE_X54Y55         LUT3 (Prop_lut3_I1_O)        0.105    10.225 r  interp128_all2x_LUT3_27/O
                         net (fo=1, routed)           0.473    10.698    interp128_all2x_net_19
    SLICE_X54Y56         LUT5 (Prop_lut5_I4_O)        0.105    10.803 r  interp128_all2x_LUT5_26/O
                         net (fo=1, routed)           0.000    10.803    rounded_value_carry_i_1__0_n_0
    SLICE_X54Y56         CARRY4 (Prop_carry4_S[0]_CO[3])
                                                      0.423    11.226 r  gen_serial_cic_comb.u_cic_interp16_serial_comb_dsp_ce/u_round_cic_normalized_output/rounded_value_carry/CO[3]
                         net (fo=1, routed)           0.000    11.226    gen_serial_cic_comb.u_cic_interp16_serial_comb_dsp_ce/u_round_cic_normalized_output/rounded_value_carry_n_0
    SLICE_X54Y57         CARRY4 (Prop_carry4_CI_CO[3])
                                                      0.100    11.326 r  gen_serial_cic_comb.u_cic_interp16_serial_comb_dsp_ce/u_round_cic_normalized_output/rounded_value_carry__0/CO[3]
                         net (fo=1, routed)           0.000    11.326    gen_serial_cic_comb.u_cic_interp16_serial_comb_dsp_ce/u_round_cic_normalized_output/rounded_value_carry__0_n_0
    SLICE_X54Y58         CARRY4 (Prop_carry4_CI_CO[3])
                                                      0.100    11.426 r  gen_serial_cic_comb.u_cic_interp16_serial_comb_dsp_ce/u_round_cic_normalized_output/rounded_value_carry__1/CO[3]
                         net (fo=1, routed)           0.000    11.426    gen_serial_cic_comb.u_cic_interp16_serial_comb_dsp_ce/u_round_cic_normalized_output/rounded_value_carry__1_n_0
    SLICE_X54Y59         CARRY4 (Prop_carry4_CI_CO[3])
                                                      0.100    11.526 r  gen_serial_cic_comb.u_cic_interp16_serial_comb_dsp_ce/u_round_cic_normalized_output/rounded_value_carry__2/CO[3]
                         net (fo=1, routed)           0.000    11.526    gen_serial_cic_comb.u_cic_interp16_serial_comb_dsp_ce/u_round_cic_normalized_output/rounded_value_carry__2_n_0
    SLICE_X54Y60         CARRY4 (Prop_carry4_CI_CO[3])
                                                      0.100    11.626 r  gen_serial_cic_comb.u_cic_interp16_serial_comb_dsp_ce/u_round_cic_normalized_output/rounded_value_carry__3/CO[3]
                         net (fo=1, routed)           0.000    11.626    gen_serial_cic_comb.u_cic_interp16_serial_comb_dsp_ce/u_round_cic_normalized_output/rounded_value_carry__3_n_0
    SLICE_X54Y61         CARRY4 (Prop_carry4_CI_O[0])
                                                      0.178    11.804 r  gen_serial_cic_comb.u_cic_interp16_serial_comb_dsp_ce/u_round_cic_normalized_output/rounded_value_carry__4/O[0]
                         net (fo=19, routed)          1.174    12.978    gen_serial_cic_comb.u_cic_interp16_serial_comb_dsp_ce/u_round_cic_normalized_output/rounded_value_carry__4_n_7
    SLICE_X55Y56         LUT4 (Prop_lut4_I1_O)        0.238    13.216 r  y_out[1]_i_1__0/O
                         net (fo=1, routed)           0.000    13.216    normalized_output[1]
    SLICE_X55Y56         FDRE                                         r  gen_serial_cic_comb.u_cic_interp16_serial_comb_dsp_ce/y_out_reg[1]/D
  -------------------------------------------------------------------    -------------------

                         (clock core_clk_6m144 rise edge)
                                                    162.760   162.760 r  
                                                      0.000   162.760 r  clk (IN)
                         net (fo=310, unset)          1.248   164.008    clk
    SLICE_X55Y56         FDRE                                         r  gen_serial_cic_comb.u_cic_interp16_serial_comb_dsp_ce/y_out_reg[1]/C
                         clock pessimism              0.065   164.073    
                         clock uncertainty           -0.035   164.038    
    SLICE_X55Y56         FDRE (Setup_fdre_C_D)        0.032   164.070    gen_serial_cic_comb.u_cic_interp16_serial_comb_dsp_ce/y_out_reg[1]
  -------------------------------------------------------------------
                         required time                        164.070    
                         arrival time                         -13.216    
  -------------------------------------------------------------------
                         slack                                150.854    

Slack (MET) :             150.877ns  (required time - arrival time)
  Source:                 gen_serial_cic_comb.u_cic_interp16_serial_comb_dsp_ce/burst_remaining_reg[0]/C
                            (rising edge-triggered cell FDRE clocked by core_clk_6m144  {rise@0.000ns fall@81.380ns period=162.760ns})
  Destination:            gen_serial_cic_comb.u_cic_interp16_serial_comb_dsp_ce/y_out_reg[2]/D
                            (rising edge-triggered cell FDRE clocked by core_clk_6m144  {rise@0.000ns fall@81.380ns period=162.760ns})
  Path Group:             core_clk_6m144
  Path Type:              Setup (Max at Slow Process Corner)
  Requirement:            162.760ns  (core_clk_6m144 rise@162.760ns - core_clk_6m144 rise@0.000ns)
  Data Path Delay:        11.880ns  (logic 4.913ns (41.357%)  route 6.967ns (58.643%))
  Logic Levels:           15  (CARRY4=8 DSP48E1=1 LUT2=1 LUT3=2 LUT4=1 LUT5=1 LUT6=1)
  Clock Path Skew:        -0.037ns (DCD - SCD + CPR)
    Destination Clock Delay (DCD):    1.248ns = ( 164.008 - 162.760 ) 
    Source Clock Delay      (SCD):    1.350ns
    Clock Pessimism Removal (CPR):    0.065ns
  Clock Uncertainty:      0.035ns  ((TSJ^2 + TIJ^2)^1/2 + DJ) / 2 + PE
    Total System Jitter     (TSJ):    0.071ns
    Total Input Jitter      (TIJ):    0.000ns
    Discrete Jitter          (DJ):    0.000ns
    Phase Error              (PE):    0.000ns

    Location             Delay type                Incr(ns)  Path(ns)    Netlist Resource(s)
  -------------------------------------------------------------------    -------------------
                         (clock core_clk_6m144 rise edge)
                                                      0.000     0.000 r  
                                                      0.000     0.000 r  clk (IN)
                         net (fo=310, unset)          1.350     1.350    clk
    SLICE_X41Y59         FDRE                                         r  gen_serial_cic_comb.u_cic_interp16_serial_comb_dsp_ce/burst_remaining_reg[0]/C
  -------------------------------------------------------------------    -------------------
    SLICE_X41Y59         FDRE (Prop_fdre_C_Q)         0.379     1.729 f  gen_serial_cic_comb.u_cic_interp16_serial_comb_dsp_ce/burst_remaining_reg[0]/Q
                         net (fo=6, routed)           0.716     2.445    gen_serial_cic_comb.u_cic_interp16_serial_comb_dsp_ce/burst_remaining_reg_n_0_[0]
    SLICE_X41Y59         LUT6 (Prop_lut6_I2_O)        0.105     2.550 r  interp128_all2x_LUT6/O
                         net (fo=51, routed)          1.467     4.017    interp128_all2x_net
    SLICE_X40Y60         LUT3 (Prop_lut3_I2_O)        0.105     4.122 r  interp128_all2x_LUT3_19/O
                         net (fo=9, routed)           0.614     4.735    interp128_all2x_net_2
    SLICE_X43Y60         LUT2 (Prop_lut2_I1_O)        0.108     4.843 r  interp128_all2x_LUT2_24/O
                         net (fo=2, routed)           0.690     5.533    interp128_all2x_net_86
    SLICE_X45Y60         CARRY4 (Prop_carry4_S[3]_CO[3])
                                                      0.599     6.132 r  gen_serial_cic_comb.u_cic_interp16_serial_comb_dsp_ce/gen_first_integrator_carry.first_integrator_sum_carry__4/CO[3]
                         net (fo=1, routed)           0.000     6.132    gen_serial_cic_comb.u_cic_interp16_serial_comb_dsp_ce/gen_first_integrator_carry.first_integrator_sum_carry__4_n_0
    SLICE_X45Y61         CARRY4 (Prop_carry4_CI_O[1])
                                                      0.265     6.397 r  gen_serial_cic_comb.u_cic_interp16_serial_comb_dsp_ce/gen_first_integrator_carry.first_integrator_sum_carry__5/O[1]
                         net (fo=23, routed)          1.020     7.417    final_input_rounded[25]
    DSP48_X1Y22          DSP48E1 (Prop_dsp48e1_A[23]_P[2])
                                                      1.889     9.306 f  gen_serial_cic_comb.u_cic_interp16_serial_comb_dsp_ce/gen_final_integrator_dsp.final_integrator_sum/P[2]
                         net (fo=2, routed)           0.814    10.120    gen_serial_cic_comb.u_cic_interp16_serial_comb_dsp_ce/gen_final_integrator_dsp.final_integrator_sum_n_103
    SLICE_X54Y55         LUT3 (Prop_lut3_I1_O)        0.105    10.225 r  interp128_all2x_LUT3_27/O
                         net (fo=1, routed)           0.473    10.698    interp128_all2x_net_19
    SLICE_X54Y56         LUT5 (Prop_lut5_I4_O)        0.105    10.803 r  interp128_all2x_LUT5_26/O
                         net (fo=1, routed)           0.000    10.803    rounded_value_carry_i_1__0_n_0
    SLICE_X54Y56         CARRY4 (Prop_carry4_S[0]_CO[3])
                                                      0.423    11.226 r  gen_serial_cic_comb.u_cic_interp16_serial_comb_dsp_ce/u_round_cic_normalized_output/rounded_value_carry/CO[3]
                         net (fo=1, routed)           0.000    11.226    gen_serial_cic_comb.u_cic_interp16_serial_comb_dsp_ce/u_round_cic_normalized_output/rounded_value_carry_n_0
    SLICE_X54Y57         CARRY4 (Prop_carry4_CI_CO[3])
                                                      0.100    11.326 r  gen_serial_cic_comb.u_cic_interp16_serial_comb_dsp_ce/u_round_cic_normalized_output/rounded_value_carry__0/CO[3]
                         net (fo=1, routed)           0.000    11.326    gen_serial_cic_comb.u_cic_interp16_serial_comb_dsp_ce/u_round_cic_normalized_output/rounded_value_carry__0_n_0
    SLICE_X54Y58         CARRY4 (Prop_carry4_CI_CO[3])
                                                      0.100    11.426 r  gen_serial_cic_comb.u_cic_interp16_serial_comb_dsp_ce/u_round_cic_normalized_output/rounded_value_carry__1/CO[3]
                         net (fo=1, routed)           0.000    11.426    gen_serial_cic_comb.u_cic_interp16_serial_comb_dsp_ce/u_round_cic_normalized_output/rounded_value_carry__1_n_0
    SLICE_X54Y59         CARRY4 (Prop_carry4_CI_CO[3])
                                                      0.100    11.526 r  gen_serial_cic_comb.u_cic_interp16_serial_comb_dsp_ce/u_round_cic_normalized_output/rounded_value_carry__2/CO[3]
                         net (fo=1, routed)           0.000    11.526    gen_serial_cic_comb.u_cic_interp16_serial_comb_dsp_ce/u_round_cic_normalized_output/rounded_value_carry__2_n_0
    SLICE_X54Y60         CARRY4 (Prop_carry4_CI_CO[3])
                                                      0.100    11.626 r  gen_serial_cic_comb.u_cic_interp16_serial_comb_dsp_ce/u_round_cic_normalized_output/rounded_value_carry__3/CO[3]
                         net (fo=1, routed)           0.000    11.626    gen_serial_cic_comb.u_cic_interp16_serial_comb_dsp_ce/u_round_cic_normalized_output/rounded_value_carry__3_n_0
    SLICE_X54Y61         CARRY4 (Prop_carry4_CI_O[0])
                                                      0.178    11.804 r  gen_serial_cic_comb.u_cic_interp16_serial_comb_dsp_ce/u_round_cic_normalized_output/rounded_value_carry__4/O[0]
                         net (fo=19, routed)          1.174    12.978    gen_serial_cic_comb.u_cic_interp16_serial_comb_dsp_ce/u_round_cic_normalized_output/rounded_value_carry__4_n_7
    SLICE_X55Y56         LUT4 (Prop_lut4_I1_O)        0.252    13.230 r  y_out[2]_i_1__0/O
                         net (fo=1, routed)           0.000    13.230    normalized_output[2]
    SLICE_X55Y56         FDRE                                         r  gen_serial_cic_comb.u_cic_interp16_serial_comb_dsp_ce/y_out_reg[2]/D
  -------------------------------------------------------------------    -------------------

                         (clock core_clk_6m144 rise edge)
                                                    162.760   162.760 r  
                                                      0.000   162.760 r  clk (IN)
                         net (fo=310, unset)          1.248   164.008    clk
    SLICE_X55Y56         FDRE                                         r  gen_serial_cic_comb.u_cic_interp16_serial_comb_dsp_ce/y_out_reg[2]/C
                         clock pessimism              0.065   164.073    
                         clock uncertainty           -0.035   164.038    
    SLICE_X55Y56         FDRE (Setup_fdre_C_D)        0.069   164.107    gen_serial_cic_comb.u_cic_interp16_serial_comb_dsp_ce/y_out_reg[2]
  -------------------------------------------------------------------
                         required time                        164.107    
                         arrival time                         -13.230    
  -------------------------------------------------------------------
                         slack                                150.877    

Slack (MET) :             150.968ns  (required time - arrival time)
  Source:                 gen_serial_cic_comb.u_cic_interp16_serial_comb_dsp_ce/burst_remaining_reg[0]/C
                            (rising edge-triggered cell FDRE clocked by core_clk_6m144  {rise@0.000ns fall@81.380ns period=162.760ns})
  Destination:            gen_serial_cic_comb.u_cic_interp16_serial_comb_dsp_ce/y_out_reg[3]/D
                            (rising edge-triggered cell FDRE clocked by core_clk_6m144  {rise@0.000ns fall@81.380ns period=162.760ns})
  Path Group:             core_clk_6m144
  Path Type:              Setup (Max at Slow Process Corner)
  Requirement:            162.760ns  (core_clk_6m144 rise@162.760ns - core_clk_6m144 rise@0.000ns)
  Data Path Delay:        11.750ns  (logic 4.899ns (41.695%)  route 6.851ns (58.305%))
  Logic Levels:           15  (CARRY4=8 DSP48E1=1 LUT2=1 LUT3=2 LUT4=1 LUT5=1 LUT6=1)
  Clock Path Skew:        -0.037ns (DCD - SCD + CPR)
    Destination Clock Delay (DCD):    1.248ns = ( 164.008 - 162.760 ) 
    Source Clock Delay      (SCD):    1.350ns
    Clock Pessimism Removal (CPR):    0.065ns
  Clock Uncertainty:      0.035ns  ((TSJ^2 + TIJ^2)^1/2 + DJ) / 2 + PE
    Total System Jitter     (TSJ):    0.071ns
    Total Input Jitter      (TIJ):    0.000ns
    Discrete Jitter          (DJ):    0.000ns
    Phase Error              (PE):    0.000ns

    Location             Delay type                Incr(ns)  Path(ns)    Netlist Resource(s)
  -------------------------------------------------------------------    -------------------
                         (clock core_clk_6m144 rise edge)
                                                      0.000     0.000 r  
                                                      0.000     0.000 r  clk (IN)
                         net (fo=310, unset)          1.350     1.350    clk
    SLICE_X41Y59         FDRE                                         r  gen_serial_cic_comb.u_cic_interp16_serial_comb_dsp_ce/burst_remaining_reg[0]/C
  -------------------------------------------------------------------    -------------------
    SLICE_X41Y59         FDRE (Prop_fdre_C_Q)         0.379     1.729 f  gen_serial_cic_comb.u_cic_interp16_serial_comb_dsp_ce/burst_remaining_reg[0]/Q
                         net (fo=6, routed)           0.716     2.445    gen_serial_cic_comb.u_cic_interp16_serial_comb_dsp_ce/burst_remaining_reg_n_0_[0]
    SLICE_X41Y59         LUT6 (Prop_lut6_I2_O)        0.105     2.550 r  interp128_all2x_LUT6/O
                         net (fo=51, routed)          1.467     4.017    interp128_all2x_net
    SLICE_X40Y60         LUT3 (Prop_lut3_I2_O)        0.105     4.122 r  interp128_all2x_LUT3_19/O
                         net (fo=9, routed)           0.614     4.735    interp128_all2x_net_2
    SLICE_X43Y60         LUT2 (Prop_lut2_I1_O)        0.108     4.843 r  interp128_all2x_LUT2_24/O
                         net (fo=2, routed)           0.690     5.533    interp128_all2x_net_86
    SLICE_X45Y60         CARRY4 (Prop_carry4_S[3]_CO[3])
                                                      0.599     6.132 r  gen_serial_cic_comb.u_cic_interp16_serial_comb_dsp_ce/gen_first_integrator_carry.first_integrator_sum_carry__4/CO[3]
                         net (fo=1, routed)           0.000     6.132    gen_serial_cic_comb.u_cic_interp16_serial_comb_dsp_ce/gen_first_integrator_carry.first_integrator_sum_carry__4_n_0
    SLICE_X45Y61         CARRY4 (Prop_carry4_CI_O[1])
                                                      0.265     6.397 r  gen_serial_cic_comb.u_cic_interp16_serial_comb_dsp_ce/gen_first_integrator_carry.first_integrator_sum_carry__5/O[1]
                         net (fo=23, routed)          1.020     7.417    final_input_rounded[25]
    DSP48_X1Y22          DSP48E1 (Prop_dsp48e1_A[23]_P[2])
                                                      1.889     9.306 f  gen_serial_cic_comb.u_cic_interp16_serial_comb_dsp_ce/gen_final_integrator_dsp.final_integrator_sum/P[2]
                         net (fo=2, routed)           0.814    10.120    gen_serial_cic_comb.u_cic_interp16_serial_comb_dsp_ce/gen_final_integrator_dsp.final_integrator_sum_n_103
    SLICE_X54Y55         LUT3 (Prop_lut3_I1_O)        0.105    10.225 r  interp128_all2x_LUT3_27/O
                         net (fo=1, routed)           0.473    10.698    interp128_all2x_net_19
    SLICE_X54Y56         LUT5 (Prop_lut5_I4_O)        0.105    10.803 r  interp128_all2x_LUT5_26/O
                         net (fo=1, routed)           0.000    10.803    rounded_value_carry_i_1__0_n_0
    SLICE_X54Y56         CARRY4 (Prop_carry4_S[0]_CO[3])
                                                      0.423    11.226 r  gen_serial_cic_comb.u_cic_interp16_serial_comb_dsp_ce/u_round_cic_normalized_output/rounded_value_carry/CO[3]
                         net (fo=1, routed)           0.000    11.226    gen_serial_cic_comb.u_cic_interp16_serial_comb_dsp_ce/u_round_cic_normalized_output/rounded_value_carry_n_0
    SLICE_X54Y57         CARRY4 (Prop_carry4_CI_CO[3])
                                                      0.100    11.326 r  gen_serial_cic_comb.u_cic_interp16_serial_comb_dsp_ce/u_round_cic_normalized_output/rounded_value_carry__0/CO[3]
                         net (fo=1, routed)           0.000    11.326    gen_serial_cic_comb.u_cic_interp16_serial_comb_dsp_ce/u_round_cic_normalized_output/rounded_value_carry__0_n_0
    SLICE_X54Y58         CARRY4 (Prop_carry4_CI_CO[3])
                                                      0.100    11.426 r  gen_serial_cic_comb.u_cic_interp16_serial_comb_dsp_ce/u_round_cic_normalized_output/rounded_value_carry__1/CO[3]
                         net (fo=1, routed)           0.000    11.426    gen_serial_cic_comb.u_cic_interp16_serial_comb_dsp_ce/u_round_cic_normalized_output/rounded_value_carry__1_n_0
    SLICE_X54Y59         CARRY4 (Prop_carry4_CI_CO[3])
                                                      0.100    11.526 r  gen_serial_cic_comb.u_cic_interp16_serial_comb_dsp_ce/u_round_cic_normalized_output/rounded_value_carry__2/CO[3]
                         net (fo=1, routed)           0.000    11.526    gen_serial_cic_comb.u_cic_interp16_serial_comb_dsp_ce/u_round_cic_normalized_output/rounded_value_carry__2_n_0
    SLICE_X54Y60         CARRY4 (Prop_carry4_CI_CO[3])
                                                      0.100    11.626 r  gen_serial_cic_comb.u_cic_interp16_serial_comb_dsp_ce/u_round_cic_normalized_output/rounded_value_carry__3/CO[3]
                         net (fo=1, routed)           0.000    11.626    gen_serial_cic_comb.u_cic_interp16_serial_comb_dsp_ce/u_round_cic_normalized_output/rounded_value_carry__3_n_0
    SLICE_X54Y61         CARRY4 (Prop_carry4_CI_O[0])
                                                      0.178    11.804 r  gen_serial_cic_comb.u_cic_interp16_serial_comb_dsp_ce/u_round_cic_normalized_output/rounded_value_carry__4/O[0]
                         net (fo=19, routed)          1.058    12.862    gen_serial_cic_comb.u_cic_interp16_serial_comb_dsp_ce/u_round_cic_normalized_output/rounded_value_carry__4_n_7
    SLICE_X55Y57         LUT4 (Prop_lut4_I1_O)        0.238    13.100 r  y_out[3]_i_1__0/O
                         net (fo=1, routed)           0.000    13.100    normalized_output[3]
    SLICE_X55Y57         FDRE                                         r  gen_serial_cic_comb.u_cic_interp16_serial_comb_dsp_ce/y_out_reg[3]/D
  -------------------------------------------------------------------    -------------------

                         (clock core_clk_6m144 rise edge)
                                                    162.760   162.760 r  
                                                      0.000   162.760 r  clk (IN)
                         net (fo=310, unset)          1.248   164.008    clk
    SLICE_X55Y57         FDRE                                         r  gen_serial_cic_comb.u_cic_interp16_serial_comb_dsp_ce/y_out_reg[3]/C
                         clock pessimism              0.065   164.073    
                         clock uncertainty           -0.035   164.038    
    SLICE_X55Y57         FDRE (Setup_fdre_C_D)        0.030   164.068    gen_serial_cic_comb.u_cic_interp16_serial_comb_dsp_ce/y_out_reg[3]
  -------------------------------------------------------------------
                         required time                        164.068    
                         arrival time                         -13.100    
  -------------------------------------------------------------------
                         slack                                150.968    

Slack (MET) :             150.970ns  (required time - arrival time)
  Source:                 gen_serial_cic_comb.u_cic_interp16_serial_comb_dsp_ce/burst_remaining_reg[0]/C
                            (rising edge-triggered cell FDRE clocked by core_clk_6m144  {rise@0.000ns fall@81.380ns period=162.760ns})
  Destination:            gen_serial_cic_comb.u_cic_interp16_serial_comb_dsp_ce/y_out_reg[5]/D
                            (rising edge-triggered cell FDRE clocked by core_clk_6m144  {rise@0.000ns fall@81.380ns period=162.760ns})
  Path Group:             core_clk_6m144
  Path Type:              Setup (Max at Slow Process Corner)
  Requirement:            162.760ns  (core_clk_6m144 rise@162.760ns - core_clk_6m144 rise@0.000ns)
  Data Path Delay:        11.750ns  (logic 4.899ns (41.695%)  route 6.851ns (58.305%))
  Logic Levels:           15  (CARRY4=8 DSP48E1=1 LUT2=1 LUT3=2 LUT4=1 LUT5=1 LUT6=1)
  Clock Path Skew:        -0.037ns (DCD - SCD + CPR)
    Destination Clock Delay (DCD):    1.248ns = ( 164.008 - 162.760 ) 
    Source Clock Delay      (SCD):    1.350ns
    Clock Pessimism Removal (CPR):    0.065ns
  Clock Uncertainty:      0.035ns  ((TSJ^2 + TIJ^2)^1/2 + DJ) / 2 + PE
    Total System Jitter     (TSJ):    0.071ns
    Total Input Jitter      (TIJ):    0.000ns
    Discrete Jitter          (DJ):    0.000ns
    Phase Error              (PE):    0.000ns

    Location             Delay type                Incr(ns)  Path(ns)    Netlist Resource(s)
  -------------------------------------------------------------------    -------------------
                         (clock core_clk_6m144 rise edge)
                                                      0.000     0.000 r  
                                                      0.000     0.000 r  clk (IN)
                         net (fo=310, unset)          1.350     1.350    clk
    SLICE_X41Y59         FDRE                                         r  gen_serial_cic_comb.u_cic_interp16_serial_comb_dsp_ce/burst_remaining_reg[0]/C
  -------------------------------------------------------------------    -------------------
    SLICE_X41Y59         FDRE (Prop_fdre_C_Q)         0.379     1.729 f  gen_serial_cic_comb.u_cic_interp16_serial_comb_dsp_ce/burst_remaining_reg[0]/Q
                         net (fo=6, routed)           0.716     2.445    gen_serial_cic_comb.u_cic_interp16_serial_comb_dsp_ce/burst_remaining_reg_n_0_[0]
    SLICE_X41Y59         LUT6 (Prop_lut6_I2_O)        0.105     2.550 r  interp128_all2x_LUT6/O
                         net (fo=51, routed)          1.467     4.017    interp128_all2x_net
    SLICE_X40Y60         LUT3 (Prop_lut3_I2_O)        0.105     4.122 r  interp128_all2x_LUT3_19/O
                         net (fo=9, routed)           0.614     4.735    interp128_all2x_net_2
    SLICE_X43Y60         LUT2 (Prop_lut2_I1_O)        0.108     4.843 r  interp128_all2x_LUT2_24/O
                         net (fo=2, routed)           0.690     5.533    interp128_all2x_net_86
    SLICE_X45Y60         CARRY4 (Prop_carry4_S[3]_CO[3])
                                                      0.599     6.132 r  gen_serial_cic_comb.u_cic_interp16_serial_comb_dsp_ce/gen_first_integrator_carry.first_integrator_sum_carry__4/CO[3]
                         net (fo=1, routed)           0.000     6.132    gen_serial_cic_comb.u_cic_interp16_serial_comb_dsp_ce/gen_first_integrator_carry.first_integrator_sum_carry__4_n_0
    SLICE_X45Y61         CARRY4 (Prop_carry4_CI_O[1])
                                                      0.265     6.397 r  gen_serial_cic_comb.u_cic_interp16_serial_comb_dsp_ce/gen_first_integrator_carry.first_integrator_sum_carry__5/O[1]
                         net (fo=23, routed)          1.020     7.417    final_input_rounded[25]
    DSP48_X1Y22          DSP48E1 (Prop_dsp48e1_A[23]_P[2])
                                                      1.889     9.306 f  gen_serial_cic_comb.u_cic_interp16_serial_comb_dsp_ce/gen_final_integrator_dsp.final_integrator_sum/P[2]
                         net (fo=2, routed)           0.814    10.120    gen_serial_cic_comb.u_cic_interp16_serial_comb_dsp_ce/gen_final_integrator_dsp.final_integrator_sum_n_103
    SLICE_X54Y55         LUT3 (Prop_lut3_I1_O)        0.105    10.225 r  interp128_all2x_LUT3_27/O
                         net (fo=1, routed)           0.473    10.698    interp128_all2x_net_19
    SLICE_X54Y56         LUT5 (Prop_lut5_I4_O)        0.105    10.803 r  interp128_all2x_LUT5_26/O
                         net (fo=1, routed)           0.000    10.803    rounded_value_carry_i_1__0_n_0
    SLICE_X54Y56         CARRY4 (Prop_carry4_S[0]_CO[3])
                                                      0.423    11.226 r  gen_serial_cic_comb.u_cic_interp16_serial_comb_dsp_ce/u_round_cic_normalized_output/rounded_value_carry/CO[3]
                         net (fo=1, routed)           0.000    11.226    gen_serial_cic_comb.u_cic_interp16_serial_comb_dsp_ce/u_round_cic_normalized_output/rounded_value_carry_n_0
    SLICE_X54Y57         CARRY4 (Prop_carry4_CI_CO[3])
                                                      0.100    11.326 r  gen_serial_cic_comb.u_cic_interp16_serial_comb_dsp_ce/u_round_cic_normalized_output/rounded_value_carry__0/CO[3]
                         net (fo=1, routed)           0.000    11.326    gen_serial_cic_comb.u_cic_interp16_serial_comb_dsp_ce/u_round_cic_normalized_output/rounded_value_carry__0_n_0
    SLICE_X54Y58         CARRY4 (Prop_carry4_CI_CO[3])
                                                      0.100    11.426 r  gen_serial_cic_comb.u_cic_interp16_serial_comb_dsp_ce/u_round_cic_normalized_output/rounded_value_carry__1/CO[3]
                         net (fo=1, routed)           0.000    11.426    gen_serial_cic_comb.u_cic_interp16_serial_comb_dsp_ce/u_round_cic_normalized_output/rounded_value_carry__1_n_0
    SLICE_X54Y59         CARRY4 (Prop_carry4_CI_CO[3])
                                                      0.100    11.526 r  gen_serial_cic_comb.u_cic_interp16_serial_comb_dsp_ce/u_round_cic_normalized_output/rounded_value_carry__2/CO[3]
                         net (fo=1, routed)           0.000    11.526    gen_serial_cic_comb.u_cic_interp16_serial_comb_dsp_ce/u_round_cic_normalized_output/rounded_value_carry__2_n_0
    SLICE_X54Y60         CARRY4 (Prop_carry4_CI_CO[3])
                                                      0.100    11.626 r  gen_serial_cic_comb.u_cic_interp16_serial_comb_dsp_ce/u_round_cic_normalized_output/rounded_value_carry__3/CO[3]
                         net (fo=1, routed)           0.000    11.626    gen_serial_cic_comb.u_cic_interp16_serial_comb_dsp_ce/u_round_cic_normalized_output/rounded_value_carry__3_n_0
    SLICE_X54Y61         CARRY4 (Prop_carry4_CI_O[0])
                                                      0.178    11.804 r  gen_serial_cic_comb.u_cic_interp16_serial_comb_dsp_ce/u_round_cic_normalized_output/rounded_value_carry__4/O[0]
                         net (fo=19, routed)          1.058    12.862    gen_serial_cic_comb.u_cic_interp16_serial_comb_dsp_ce/u_round_cic_normalized_output/rounded_value_carry__4_n_7
    SLICE_X55Y57         LUT4 (Prop_lut4_I1_O)        0.238    13.100 r  y_out[5]_i_1__0/O
                         net (fo=1, routed)           0.000    13.100    normalized_output[5]
    SLICE_X55Y57         FDRE                                         r  gen_serial_cic_comb.u_cic_interp16_serial_comb_dsp_ce/y_out_reg[5]/D
  -------------------------------------------------------------------    -------------------

                         (clock core_clk_6m144 rise edge)
                                                    162.760   162.760 r  
                                                      0.000   162.760 r  clk (IN)
                         net (fo=310, unset)          1.248   164.008    clk
    SLICE_X55Y57         FDRE                                         r  gen_serial_cic_comb.u_cic_interp16_serial_comb_dsp_ce/y_out_reg[5]/C
                         clock pessimism              0.065   164.073    
                         clock uncertainty           -0.035   164.038    
    SLICE_X55Y57         FDRE (Setup_fdre_C_D)        0.032   164.070    gen_serial_cic_comb.u_cic_interp16_serial_comb_dsp_ce/y_out_reg[5]
  -------------------------------------------------------------------
                         required time                        164.070    
                         arrival time                         -13.100    
  -------------------------------------------------------------------
                         slack                                150.970    

Slack (MET) :             150.993ns  (required time - arrival time)
  Source:                 gen_serial_cic_comb.u_cic_interp16_serial_comb_dsp_ce/burst_remaining_reg[0]/C
                            (rising edge-triggered cell FDRE clocked by core_clk_6m144  {rise@0.000ns fall@81.380ns period=162.760ns})
  Destination:            gen_serial_cic_comb.u_cic_interp16_serial_comb_dsp_ce/y_out_reg[4]/D
                            (rising edge-triggered cell FDRE clocked by core_clk_6m144  {rise@0.000ns fall@81.380ns period=162.760ns})
  Path Group:             core_clk_6m144
  Path Type:              Setup (Max at Slow Process Corner)
  Requirement:            162.760ns  (core_clk_6m144 rise@162.760ns - core_clk_6m144 rise@0.000ns)
  Data Path Delay:        11.764ns  (logic 4.913ns (41.764%)  route 6.851ns (58.236%))
  Logic Levels:           15  (CARRY4=8 DSP48E1=1 LUT2=1 LUT3=2 LUT4=1 LUT5=1 LUT6=1)
  Clock Path Skew:        -0.037ns (DCD - SCD + CPR)
    Destination Clock Delay (DCD):    1.248ns = ( 164.008 - 162.760 ) 
    Source Clock Delay      (SCD):    1.350ns
    Clock Pessimism Removal (CPR):    0.065ns
  Clock Uncertainty:      0.035ns  ((TSJ^2 + TIJ^2)^1/2 + DJ) / 2 + PE
    Total System Jitter     (TSJ):    0.071ns
    Total Input Jitter      (TIJ):    0.000ns
    Discrete Jitter          (DJ):    0.000ns
    Phase Error              (PE):    0.000ns

    Location             Delay type                Incr(ns)  Path(ns)    Netlist Resource(s)
  -------------------------------------------------------------------    -------------------
                         (clock core_clk_6m144 rise edge)
                                                      0.000     0.000 r  
                                                      0.000     0.000 r  clk (IN)
                         net (fo=310, unset)          1.350     1.350    clk
    SLICE_X41Y59         FDRE                                         r  gen_serial_cic_comb.u_cic_interp16_serial_comb_dsp_ce/burst_remaining_reg[0]/C
  -------------------------------------------------------------------    -------------------
    SLICE_X41Y59         FDRE (Prop_fdre_C_Q)         0.379     1.729 f  gen_serial_cic_comb.u_cic_interp16_serial_comb_dsp_ce/burst_remaining_reg[0]/Q
                         net (fo=6, routed)           0.716     2.445    gen_serial_cic_comb.u_cic_interp16_serial_comb_dsp_ce/burst_remaining_reg_n_0_[0]
    SLICE_X41Y59         LUT6 (Prop_lut6_I2_O)        0.105     2.550 r  interp128_all2x_LUT6/O
                         net (fo=51, routed)          1.467     4.017    interp128_all2x_net
    SLICE_X40Y60         LUT3 (Prop_lut3_I2_O)        0.105     4.122 r  interp128_all2x_LUT3_19/O
                         net (fo=9, routed)           0.614     4.735    interp128_all2x_net_2
    SLICE_X43Y60         LUT2 (Prop_lut2_I1_O)        0.108     4.843 r  interp128_all2x_LUT2_24/O
                         net (fo=2, routed)           0.690     5.533    interp128_all2x_net_86
    SLICE_X45Y60         CARRY4 (Prop_carry4_S[3]_CO[3])
                                                      0.599     6.132 r  gen_serial_cic_comb.u_cic_interp16_serial_comb_dsp_ce/gen_first_integrator_carry.first_integrator_sum_carry__4/CO[3]
                         net (fo=1, routed)           0.000     6.132    gen_serial_cic_comb.u_cic_interp16_serial_comb_dsp_ce/gen_first_integrator_carry.first_integrator_sum_carry__4_n_0
    SLICE_X45Y61         CARRY4 (Prop_carry4_CI_O[1])
                                                      0.265     6.397 r  gen_serial_cic_comb.u_cic_interp16_serial_comb_dsp_ce/gen_first_integrator_carry.first_integrator_sum_carry__5/O[1]
                         net (fo=23, routed)          1.020     7.417    final_input_rounded[25]
    DSP48_X1Y22          DSP48E1 (Prop_dsp48e1_A[23]_P[2])
                                                      1.889     9.306 f  gen_serial_cic_comb.u_cic_interp16_serial_comb_dsp_ce/gen_final_integrator_dsp.final_integrator_sum/P[2]
                         net (fo=2, routed)           0.814    10.120    gen_serial_cic_comb.u_cic_interp16_serial_comb_dsp_ce/gen_final_integrator_dsp.final_integrator_sum_n_103
    SLICE_X54Y55         LUT3 (Prop_lut3_I1_O)        0.105    10.225 r  interp128_all2x_LUT3_27/O
                         net (fo=1, routed)           0.473    10.698    interp128_all2x_net_19
    SLICE_X54Y56         LUT5 (Prop_lut5_I4_O)        0.105    10.803 r  interp128_all2x_LUT5_26/O
                         net (fo=1, routed)           0.000    10.803    rounded_value_carry_i_1__0_n_0
    SLICE_X54Y56         CARRY4 (Prop_carry4_S[0]_CO[3])
                                                      0.423    11.226 r  gen_serial_cic_comb.u_cic_interp16_serial_comb_dsp_ce/u_round_cic_normalized_output/rounded_value_carry/CO[3]
                         net (fo=1, routed)           0.000    11.226    gen_serial_cic_comb.u_cic_interp16_serial_comb_dsp_ce/u_round_cic_normalized_output/rounded_value_carry_n_0
    SLICE_X54Y57         CARRY4 (Prop_carry4_CI_CO[3])
                                                      0.100    11.326 r  gen_serial_cic_comb.u_cic_interp16_serial_comb_dsp_ce/u_round_cic_normalized_output/rounded_value_carry__0/CO[3]
                         net (fo=1, routed)           0.000    11.326    gen_serial_cic_comb.u_cic_interp16_serial_comb_dsp_ce/u_round_cic_normalized_output/rounded_value_carry__0_n_0
    SLICE_X54Y58         CARRY4 (Prop_carry4_CI_CO[3])
                                                      0.100    11.426 r  gen_serial_cic_comb.u_cic_interp16_serial_comb_dsp_ce/u_round_cic_normalized_output/rounded_value_carry__1/CO[3]
                         net (fo=1, routed)           0.000    11.426    gen_serial_cic_comb.u_cic_interp16_serial_comb_dsp_ce/u_round_cic_normalized_output/rounded_value_carry__1_n_0
    SLICE_X54Y59         CARRY4 (Prop_carry4_CI_CO[3])
                                                      0.100    11.526 r  gen_serial_cic_comb.u_cic_interp16_serial_comb_dsp_ce/u_round_cic_normalized_output/rounded_value_carry__2/CO[3]
                         net (fo=1, routed)           0.000    11.526    gen_serial_cic_comb.u_cic_interp16_serial_comb_dsp_ce/u_round_cic_normalized_output/rounded_value_carry__2_n_0
    SLICE_X54Y60         CARRY4 (Prop_carry4_CI_CO[3])
                                                      0.100    11.626 r  gen_serial_cic_comb.u_cic_interp16_serial_comb_dsp_ce/u_round_cic_normalized_output/rounded_value_carry__3/CO[3]
                         net (fo=1, routed)           0.000    11.626    gen_serial_cic_comb.u_cic_interp16_serial_comb_dsp_ce/u_round_cic_normalized_output/rounded_value_carry__3_n_0
    SLICE_X54Y61         CARRY4 (Prop_carry4_CI_O[0])
                                                      0.178    11.804 r  gen_serial_cic_comb.u_cic_interp16_serial_comb_dsp_ce/u_round_cic_normalized_output/rounded_value_carry__4/O[0]
                         net (fo=19, routed)          1.058    12.862    gen_serial_cic_comb.u_cic_interp16_serial_comb_dsp_ce/u_round_cic_normalized_output/rounded_value_carry__4_n_7
    SLICE_X55Y57         LUT4 (Prop_lut4_I1_O)        0.252    13.114 r  y_out[4]_i_1__0/O
                         net (fo=1, routed)           0.000    13.114    normalized_output[4]
    SLICE_X55Y57         FDRE                                         r  gen_serial_cic_comb.u_cic_interp16_serial_comb_dsp_ce/y_out_reg[4]/D
  -------------------------------------------------------------------    -------------------

                         (clock core_clk_6m144 rise edge)
                                                    162.760   162.760 r  
                                                      0.000   162.760 r  clk (IN)
                         net (fo=310, unset)          1.248   164.008    clk
    SLICE_X55Y57         FDRE                                         r  gen_serial_cic_comb.u_cic_interp16_serial_comb_dsp_ce/y_out_reg[4]/C
                         clock pessimism              0.065   164.073    
                         clock uncertainty           -0.035   164.038    
    SLICE_X55Y57         FDRE (Setup_fdre_C_D)        0.069   164.107    gen_serial_cic_comb.u_cic_interp16_serial_comb_dsp_ce/y_out_reg[4]
  -------------------------------------------------------------------
                         required time                        164.107    
                         arrival time                         -13.114    
  -------------------------------------------------------------------
                         slack                                150.993    

Slack (MET) :             150.993ns  (required time - arrival time)
  Source:                 gen_serial_cic_comb.u_cic_interp16_serial_comb_dsp_ce/burst_remaining_reg[0]/C
                            (rising edge-triggered cell FDRE clocked by core_clk_6m144  {rise@0.000ns fall@81.380ns period=162.760ns})
  Destination:            gen_serial_cic_comb.u_cic_interp16_serial_comb_dsp_ce/y_out_reg[6]/D
                            (rising edge-triggered cell FDRE clocked by core_clk_6m144  {rise@0.000ns fall@81.380ns period=162.760ns})
  Path Group:             core_clk_6m144
  Path Type:              Setup (Max at Slow Process Corner)
  Requirement:            162.760ns  (core_clk_6m144 rise@162.760ns - core_clk_6m144 rise@0.000ns)
  Data Path Delay:        11.764ns  (logic 4.913ns (41.764%)  route 6.851ns (58.236%))
  Logic Levels:           15  (CARRY4=8 DSP48E1=1 LUT2=1 LUT3=2 LUT4=1 LUT5=1 LUT6=1)
  Clock Path Skew:        -0.037ns (DCD - SCD + CPR)
    Destination Clock Delay (DCD):    1.248ns = ( 164.008 - 162.760 ) 
    Source Clock Delay      (SCD):    1.350ns
    Clock Pessimism Removal (CPR):    0.065ns
  Clock Uncertainty:      0.035ns  ((TSJ^2 + TIJ^2)^1/2 + DJ) / 2 + PE
    Total System Jitter     (TSJ):    0.071ns
    Total Input Jitter      (TIJ):    0.000ns
    Discrete Jitter          (DJ):    0.000ns
    Phase Error              (PE):    0.000ns

    Location             Delay type                Incr(ns)  Path(ns)    Netlist Resource(s)
  -------------------------------------------------------------------    -------------------
                         (clock core_clk_6m144 rise edge)
                                                      0.000     0.000 r  
                                                      0.000     0.000 r  clk (IN)
                         net (fo=310, unset)          1.350     1.350    clk
    SLICE_X41Y59         FDRE                                         r  gen_serial_cic_comb.u_cic_interp16_serial_comb_dsp_ce/burst_remaining_reg[0]/C
  -------------------------------------------------------------------    -------------------
    SLICE_X41Y59         FDRE (Prop_fdre_C_Q)         0.379     1.729 f  gen_serial_cic_comb.u_cic_interp16_serial_comb_dsp_ce/burst_remaining_reg[0]/Q
                         net (fo=6, routed)           0.716     2.445    gen_serial_cic_comb.u_cic_interp16_serial_comb_dsp_ce/burst_remaining_reg_n_0_[0]
    SLICE_X41Y59         LUT6 (Prop_lut6_I2_O)        0.105     2.550 r  interp128_all2x_LUT6/O
                         net (fo=51, routed)          1.467     4.017    interp128_all2x_net
    SLICE_X40Y60         LUT3 (Prop_lut3_I2_O)        0.105     4.122 r  interp128_all2x_LUT3_19/O
                         net (fo=9, routed)           0.614     4.735    interp128_all2x_net_2
    SLICE_X43Y60         LUT2 (Prop_lut2_I1_O)        0.108     4.843 r  interp128_all2x_LUT2_24/O
                         net (fo=2, routed)           0.690     5.533    interp128_all2x_net_86
    SLICE_X45Y60         CARRY4 (Prop_carry4_S[3]_CO[3])
                                                      0.599     6.132 r  gen_serial_cic_comb.u_cic_interp16_serial_comb_dsp_ce/gen_first_integrator_carry.first_integrator_sum_carry__4/CO[3]
                         net (fo=1, routed)           0.000     6.132    gen_serial_cic_comb.u_cic_interp16_serial_comb_dsp_ce/gen_first_integrator_carry.first_integrator_sum_carry__4_n_0
    SLICE_X45Y61         CARRY4 (Prop_carry4_CI_O[1])
                                                      0.265     6.397 r  gen_serial_cic_comb.u_cic_interp16_serial_comb_dsp_ce/gen_first_integrator_carry.first_integrator_sum_carry__5/O[1]
                         net (fo=23, routed)          1.020     7.417    final_input_rounded[25]
    DSP48_X1Y22          DSP48E1 (Prop_dsp48e1_A[23]_P[2])
                                                      1.889     9.306 f  gen_serial_cic_comb.u_cic_interp16_serial_comb_dsp_ce/gen_final_integrator_dsp.final_integrator_sum/P[2]
                         net (fo=2, routed)           0.814    10.120    gen_serial_cic_comb.u_cic_interp16_serial_comb_dsp_ce/gen_final_integrator_dsp.final_integrator_sum_n_103
    SLICE_X54Y55         LUT3 (Prop_lut3_I1_O)        0.105    10.225 r  interp128_all2x_LUT3_27/O
                         net (fo=1, routed)           0.473    10.698    interp128_all2x_net_19
    SLICE_X54Y56         LUT5 (Prop_lut5_I4_O)        0.105    10.803 r  interp128_all2x_LUT5_26/O
                         net (fo=1, routed)           0.000    10.803    rounded_value_carry_i_1__0_n_0
    SLICE_X54Y56         CARRY4 (Prop_carry4_S[0]_CO[3])
                                                      0.423    11.226 r  gen_serial_cic_comb.u_cic_interp16_serial_comb_dsp_ce/u_round_cic_normalized_output/rounded_value_carry/CO[3]
                         net (fo=1, routed)           0.000    11.226    gen_serial_cic_comb.u_cic_interp16_serial_comb_dsp_ce/u_round_cic_normalized_output/rounded_value_carry_n_0
    SLICE_X54Y57         CARRY4 (Prop_carry4_CI_CO[3])
                                                      0.100    11.326 r  gen_serial_cic_comb.u_cic_interp16_serial_comb_dsp_ce/u_round_cic_normalized_output/rounded_value_carry__0/CO[3]
                         net (fo=1, routed)           0.000    11.326    gen_serial_cic_comb.u_cic_interp16_serial_comb_dsp_ce/u_round_cic_normalized_output/rounded_value_carry__0_n_0
    SLICE_X54Y58         CARRY4 (Prop_carry4_CI_CO[3])
                                                      0.100    11.426 r  gen_serial_cic_comb.u_cic_interp16_serial_comb_dsp_ce/u_round_cic_normalized_output/rounded_value_carry__1/CO[3]
                         net (fo=1, routed)           0.000    11.426    gen_serial_cic_comb.u_cic_interp16_serial_comb_dsp_ce/u_round_cic_normalized_output/rounded_value_carry__1_n_0
    SLICE_X54Y59         CARRY4 (Prop_carry4_CI_CO[3])
                                                      0.100    11.526 r  gen_serial_cic_comb.u_cic_interp16_serial_comb_dsp_ce/u_round_cic_normalized_output/rounded_value_carry__2/CO[3]
                         net (fo=1, routed)           0.000    11.526    gen_serial_cic_comb.u_cic_interp16_serial_comb_dsp_ce/u_round_cic_normalized_output/rounded_value_carry__2_n_0
    SLICE_X54Y60         CARRY4 (Prop_carry4_CI_CO[3])
                                                      0.100    11.626 r  gen_serial_cic_comb.u_cic_interp16_serial_comb_dsp_ce/u_round_cic_normalized_output/rounded_value_carry__3/CO[3]
                         net (fo=1, routed)           0.000    11.626    gen_serial_cic_comb.u_cic_interp16_serial_comb_dsp_ce/u_round_cic_normalized_output/rounded_value_carry__3_n_0
    SLICE_X54Y61         CARRY4 (Prop_carry4_CI_O[0])
                                                      0.178    11.804 r  gen_serial_cic_comb.u_cic_interp16_serial_comb_dsp_ce/u_round_cic_normalized_output/rounded_value_carry__4/O[0]
                         net (fo=19, routed)          1.058    12.862    gen_serial_cic_comb.u_cic_interp16_serial_comb_dsp_ce/u_round_cic_normalized_output/rounded_value_carry__4_n_7
    SLICE_X55Y57         LUT4 (Prop_lut4_I1_O)        0.252    13.114 r  y_out[6]_i_1__0/O
                         net (fo=1, routed)           0.000    13.114    normalized_output[6]
    SLICE_X55Y57         FDRE                                         r  gen_serial_cic_comb.u_cic_interp16_serial_comb_dsp_ce/y_out_reg[6]/D
  -------------------------------------------------------------------    -------------------

                         (clock core_clk_6m144 rise edge)
                                                    162.760   162.760 r  
                                                      0.000   162.760 r  clk (IN)
                         net (fo=310, unset)          1.248   164.008    clk
    SLICE_X55Y57         FDRE                                         r  gen_serial_cic_comb.u_cic_interp16_serial_comb_dsp_ce/y_out_reg[6]/C
                         clock pessimism              0.065   164.073    
                         clock uncertainty           -0.035   164.038    
    SLICE_X55Y57         FDRE (Setup_fdre_C_D)        0.069   164.107    gen_serial_cic_comb.u_cic_interp16_serial_comb_dsp_ce/y_out_reg[6]
  -------------------------------------------------------------------
                         required time                        164.107    
                         arrival time                         -13.114    
  -------------------------------------------------------------------
                         slack                                150.993    

Slack (MET) :             151.092ns  (required time - arrival time)
  Source:                 gen_serial_cic_comb.u_cic_interp16_serial_comb_dsp_ce/burst_remaining_reg[0]/C
                            (rising edge-triggered cell FDRE clocked by core_clk_6m144  {rise@0.000ns fall@81.380ns period=162.760ns})
  Destination:            gen_serial_cic_comb.u_cic_interp16_serial_comb_dsp_ce/y_out_reg[10]/D
                            (rising edge-triggered cell FDRE clocked by core_clk_6m144  {rise@0.000ns fall@81.380ns period=162.760ns})
  Path Group:             core_clk_6m144
  Path Type:              Setup (Max at Slow Process Corner)
  Requirement:            162.760ns  (core_clk_6m144 rise@162.760ns - core_clk_6m144 rise@0.000ns)
  Data Path Delay:        11.625ns  (logic 4.899ns (42.143%)  route 6.726ns (57.857%))
  Logic Levels:           15  (CARRY4=8 DSP48E1=1 LUT2=1 LUT3=2 LUT4=1 LUT5=1 LUT6=1)
  Clock Path Skew:        -0.038ns (DCD - SCD + CPR)
    Destination Clock Delay (DCD):    1.247ns = ( 164.007 - 162.760 ) 
    Source Clock Delay      (SCD):    1.350ns
    Clock Pessimism Removal (CPR):    0.065ns
  Clock Uncertainty:      0.035ns  ((TSJ^2 + TIJ^2)^1/2 + DJ) / 2 + PE
    Total System Jitter     (TSJ):    0.071ns
    Total Input Jitter      (TIJ):    0.000ns
    Discrete Jitter          (DJ):    0.000ns
    Phase Error              (PE):    0.000ns

    Location             Delay type                Incr(ns)  Path(ns)    Netlist Resource(s)
  -------------------------------------------------------------------    -------------------
                         (clock core_clk_6m144 rise edge)
                                                      0.000     0.000 r  
                                                      0.000     0.000 r  clk (IN)
                         net (fo=310, unset)          1.350     1.350    clk
    SLICE_X41Y59         FDRE                                         r  gen_serial_cic_comb.u_cic_interp16_serial_comb_dsp_ce/burst_remaining_reg[0]/C
  -------------------------------------------------------------------    -------------------
    SLICE_X41Y59         FDRE (Prop_fdre_C_Q)         0.379     1.729 f  gen_serial_cic_comb.u_cic_interp16_serial_comb_dsp_ce/burst_remaining_reg[0]/Q
                         net (fo=6, routed)           0.716     2.445    gen_serial_cic_comb.u_cic_interp16_serial_comb_dsp_ce/burst_remaining_reg_n_0_[0]
    SLICE_X41Y59         LUT6 (Prop_lut6_I2_O)        0.105     2.550 r  interp128_all2x_LUT6/O
                         net (fo=51, routed)          1.467     4.017    interp128_all2x_net
    SLICE_X40Y60         LUT3 (Prop_lut3_I2_O)        0.105     4.122 r  interp128_all2x_LUT3_19/O
                         net (fo=9, routed)           0.614     4.735    interp128_all2x_net_2
    SLICE_X43Y60         LUT2 (Prop_lut2_I1_O)        0.108     4.843 r  interp128_all2x_LUT2_24/O
                         net (fo=2, routed)           0.690     5.533    interp128_all2x_net_86
    SLICE_X45Y60         CARRY4 (Prop_carry4_S[3]_CO[3])
                                                      0.599     6.132 r  gen_serial_cic_comb.u_cic_interp16_serial_comb_dsp_ce/gen_first_integrator_carry.first_integrator_sum_carry__4/CO[3]
                         net (fo=1, routed)           0.000     6.132    gen_serial_cic_comb.u_cic_interp16_serial_comb_dsp_ce/gen_first_integrator_carry.first_integrator_sum_carry__4_n_0
    SLICE_X45Y61         CARRY4 (Prop_carry4_CI_O[1])
                                                      0.265     6.397 r  gen_serial_cic_comb.u_cic_interp16_serial_comb_dsp_ce/gen_first_integrator_carry.first_integrator_sum_carry__5/O[1]
                         net (fo=23, routed)          1.020     7.417    final_input_rounded[25]
    DSP48_X1Y22          DSP48E1 (Prop_dsp48e1_A[23]_P[2])
                                                      1.889     9.306 f  gen_serial_cic_comb.u_cic_interp16_serial_comb_dsp_ce/gen_final_integrator_dsp.final_integrator_sum/P[2]
                         net (fo=2, routed)           0.814    10.120    gen_serial_cic_comb.u_cic_interp16_serial_comb_dsp_ce/gen_final_integrator_dsp.final_integrator_sum_n_103
    SLICE_X54Y55         LUT3 (Prop_lut3_I1_O)        0.105    10.225 r  interp128_all2x_LUT3_27/O
                         net (fo=1, routed)           0.473    10.698    interp128_all2x_net_19
    SLICE_X54Y56         LUT5 (Prop_lut5_I4_O)        0.105    10.803 r  interp128_all2x_LUT5_26/O
                         net (fo=1, routed)           0.000    10.803    rounded_value_carry_i_1__0_n_0
    SLICE_X54Y56         CARRY4 (Prop_carry4_S[0]_CO[3])
                                                      0.423    11.226 r  gen_serial_cic_comb.u_cic_interp16_serial_comb_dsp_ce/u_round_cic_normalized_output/rounded_value_carry/CO[3]
                         net (fo=1, routed)           0.000    11.226    gen_serial_cic_comb.u_cic_interp16_serial_comb_dsp_ce/u_round_cic_normalized_output/rounded_value_carry_n_0
    SLICE_X54Y57         CARRY4 (Prop_carry4_CI_CO[3])
                                                      0.100    11.326 r  gen_serial_cic_comb.u_cic_interp16_serial_comb_dsp_ce/u_round_cic_normalized_output/rounded_value_carry__0/CO[3]
                         net (fo=1, routed)           0.000    11.326    gen_serial_cic_comb.u_cic_interp16_serial_comb_dsp_ce/u_round_cic_normalized_output/rounded_value_carry__0_n_0
    SLICE_X54Y58         CARRY4 (Prop_carry4_CI_CO[3])
                                                      0.100    11.426 r  gen_serial_cic_comb.u_cic_interp16_serial_comb_dsp_ce/u_round_cic_normalized_output/rounded_value_carry__1/CO[3]
                         net (fo=1, routed)           0.000    11.426    gen_serial_cic_comb.u_cic_interp16_serial_comb_dsp_ce/u_round_cic_normalized_output/rounded_value_carry__1_n_0
    SLICE_X54Y59         CARRY4 (Prop_carry4_CI_CO[3])
                                                      0.100    11.526 r  gen_serial_cic_comb.u_cic_interp16_serial_comb_dsp_ce/u_round_cic_normalized_output/rounded_value_carry__2/CO[3]
                         net (fo=1, routed)           0.000    11.526    gen_serial_cic_comb.u_cic_interp16_serial_comb_dsp_ce/u_round_cic_normalized_output/rounded_value_carry__2_n_0
    SLICE_X54Y60         CARRY4 (Prop_carry4_CI_CO[3])
                                                      0.100    11.626 r  gen_serial_cic_comb.u_cic_interp16_serial_comb_dsp_ce/u_round_cic_normalized_output/rounded_value_carry__3/CO[3]
                         net (fo=1, routed)           0.000    11.626    gen_serial_cic_comb.u_cic_interp16_serial_comb_dsp_ce/u_round_cic_normalized_output/rounded_value_carry__3_n_0
    SLICE_X54Y61         CARRY4 (Prop_carry4_CI_O[0])
                                                      0.178    11.804 r  gen_serial_cic_comb.u_cic_interp16_serial_comb_dsp_ce/u_round_cic_normalized_output/rounded_value_carry__4/O[0]
                         net (fo=19, routed)          0.933    12.737    gen_serial_cic_comb.u_cic_interp16_serial_comb_dsp_ce/u_round_cic_normalized_output/rounded_value_carry__4_n_7
    SLICE_X55Y58         LUT4 (Prop_lut4_I1_O)        0.238    12.975 r  y_out[10]_i_1__0/O
                         net (fo=1, routed)           0.000    12.975    normalized_output[10]
    SLICE_X55Y58         FDRE                                         r  gen_serial_cic_comb.u_cic_interp16_serial_comb_dsp_ce/y_out_reg[10]/D
  -------------------------------------------------------------------    -------------------

                         (clock core_clk_6m144 rise edge)
                                                    162.760   162.760 r  
                                                      0.000   162.760 r  clk (IN)
                         net (fo=310, unset)          1.247   164.007    clk
    SLICE_X55Y58         FDRE                                         r  gen_serial_cic_comb.u_cic_interp16_serial_comb_dsp_ce/y_out_reg[10]/C
                         clock pessimism              0.065   164.072    
                         clock uncertainty           -0.035   164.037    
    SLICE_X55Y58         FDRE (Setup_fdre_C_D)        0.030   164.067    gen_serial_cic_comb.u_cic_interp16_serial_comb_dsp_ce/y_out_reg[10]
  -------------------------------------------------------------------
                         required time                        164.067    
                         arrival time                         -12.975    
  -------------------------------------------------------------------
                         slack                                151.092    

Slack (MET) :             151.094ns  (required time - arrival time)
  Source:                 gen_serial_cic_comb.u_cic_interp16_serial_comb_dsp_ce/burst_remaining_reg[0]/C
                            (rising edge-triggered cell FDRE clocked by core_clk_6m144  {rise@0.000ns fall@81.380ns period=162.760ns})
  Destination:            gen_serial_cic_comb.u_cic_interp16_serial_comb_dsp_ce/y_out_reg[7]/D
                            (rising edge-triggered cell FDRE clocked by core_clk_6m144  {rise@0.000ns fall@81.380ns period=162.760ns})
  Path Group:             core_clk_6m144
  Path Type:              Setup (Max at Slow Process Corner)
  Requirement:            162.760ns  (core_clk_6m144 rise@162.760ns - core_clk_6m144 rise@0.000ns)
  Data Path Delay:        11.625ns  (logic 4.899ns (42.143%)  route 6.726ns (57.857%))
  Logic Levels:           15  (CARRY4=8 DSP48E1=1 LUT2=1 LUT3=2 LUT4=1 LUT5=1 LUT6=1)
  Clock Path Skew:        -0.038ns (DCD - SCD + CPR)
    Destination Clock Delay (DCD):    1.247ns = ( 164.007 - 162.760 ) 
    Source Clock Delay      (SCD):    1.350ns
    Clock Pessimism Removal (CPR):    0.065ns
  Clock Uncertainty:      0.035ns  ((TSJ^2 + TIJ^2)^1/2 + DJ) / 2 + PE
    Total System Jitter     (TSJ):    0.071ns
    Total Input Jitter      (TIJ):    0.000ns
    Discrete Jitter          (DJ):    0.000ns
    Phase Error              (PE):    0.000ns

    Location             Delay type                Incr(ns)  Path(ns)    Netlist Resource(s)
  -------------------------------------------------------------------    -------------------
                         (clock core_clk_6m144 rise edge)
                                                      0.000     0.000 r  
                                                      0.000     0.000 r  clk (IN)
                         net (fo=310, unset)          1.350     1.350    clk
    SLICE_X41Y59         FDRE                                         r  gen_serial_cic_comb.u_cic_interp16_serial_comb_dsp_ce/burst_remaining_reg[0]/C
  -------------------------------------------------------------------    -------------------
    SLICE_X41Y59         FDRE (Prop_fdre_C_Q)         0.379     1.729 f  gen_serial_cic_comb.u_cic_interp16_serial_comb_dsp_ce/burst_remaining_reg[0]/Q
                         net (fo=6, routed)           0.716     2.445    gen_serial_cic_comb.u_cic_interp16_serial_comb_dsp_ce/burst_remaining_reg_n_0_[0]
    SLICE_X41Y59         LUT6 (Prop_lut6_I2_O)        0.105     2.550 r  interp128_all2x_LUT6/O
                         net (fo=51, routed)          1.467     4.017    interp128_all2x_net
    SLICE_X40Y60         LUT3 (Prop_lut3_I2_O)        0.105     4.122 r  interp128_all2x_LUT3_19/O
                         net (fo=9, routed)           0.614     4.735    interp128_all2x_net_2
    SLICE_X43Y60         LUT2 (Prop_lut2_I1_O)        0.108     4.843 r  interp128_all2x_LUT2_24/O
                         net (fo=2, routed)           0.690     5.533    interp128_all2x_net_86
    SLICE_X45Y60         CARRY4 (Prop_carry4_S[3]_CO[3])
                                                      0.599     6.132 r  gen_serial_cic_comb.u_cic_interp16_serial_comb_dsp_ce/gen_first_integrator_carry.first_integrator_sum_carry__4/CO[3]
                         net (fo=1, routed)           0.000     6.132    gen_serial_cic_comb.u_cic_interp16_serial_comb_dsp_ce/gen_first_integrator_carry.first_integrator_sum_carry__4_n_0
    SLICE_X45Y61         CARRY4 (Prop_carry4_CI_O[1])
                                                      0.265     6.397 r  gen_serial_cic_comb.u_cic_interp16_serial_comb_dsp_ce/gen_first_integrator_carry.first_integrator_sum_carry__5/O[1]
                         net (fo=23, routed)          1.020     7.417    final_input_rounded[25]
    DSP48_X1Y22          DSP48E1 (Prop_dsp48e1_A[23]_P[2])
                                                      1.889     9.306 f  gen_serial_cic_comb.u_cic_interp16_serial_comb_dsp_ce/gen_final_integrator_dsp.final_integrator_sum/P[2]
                         net (fo=2, routed)           0.814    10.120    gen_serial_cic_comb.u_cic_interp16_serial_comb_dsp_ce/gen_final_integrator_dsp.final_integrator_sum_n_103
    SLICE_X54Y55         LUT3 (Prop_lut3_I1_O)        0.105    10.225 r  interp128_all2x_LUT3_27/O
                         net (fo=1, routed)           0.473    10.698    interp128_all2x_net_19
    SLICE_X54Y56         LUT5 (Prop_lut5_I4_O)        0.105    10.803 r  interp128_all2x_LUT5_26/O
                         net (fo=1, routed)           0.000    10.803    rounded_value_carry_i_1__0_n_0
    SLICE_X54Y56         CARRY4 (Prop_carry4_S[0]_CO[3])
                                                      0.423    11.226 r  gen_serial_cic_comb.u_cic_interp16_serial_comb_dsp_ce/u_round_cic_normalized_output/rounded_value_carry/CO[3]
                         net (fo=1, routed)           0.000    11.226    gen_serial_cic_comb.u_cic_interp16_serial_comb_dsp_ce/u_round_cic_normalized_output/rounded_value_carry_n_0
    SLICE_X54Y57         CARRY4 (Prop_carry4_CI_CO[3])
                                                      0.100    11.326 r  gen_serial_cic_comb.u_cic_interp16_serial_comb_dsp_ce/u_round_cic_normalized_output/rounded_value_carry__0/CO[3]
                         net (fo=1, routed)           0.000    11.326    gen_serial_cic_comb.u_cic_interp16_serial_comb_dsp_ce/u_round_cic_normalized_output/rounded_value_carry__0_n_0
    SLICE_X54Y58         CARRY4 (Prop_carry4_CI_CO[3])
                                                      0.100    11.426 r  gen_serial_cic_comb.u_cic_interp16_serial_comb_dsp_ce/u_round_cic_normalized_output/rounded_value_carry__1/CO[3]
                         net (fo=1, routed)           0.000    11.426    gen_serial_cic_comb.u_cic_interp16_serial_comb_dsp_ce/u_round_cic_normalized_output/rounded_value_carry__1_n_0
    SLICE_X54Y59         CARRY4 (Prop_carry4_CI_CO[3])
                                                      0.100    11.526 r  gen_serial_cic_comb.u_cic_interp16_serial_comb_dsp_ce/u_round_cic_normalized_output/rounded_value_carry__2/CO[3]
                         net (fo=1, routed)           0.000    11.526    gen_serial_cic_comb.u_cic_interp16_serial_comb_dsp_ce/u_round_cic_normalized_output/rounded_value_carry__2_n_0
    SLICE_X54Y60         CARRY4 (Prop_carry4_CI_CO[3])
                                                      0.100    11.626 r  gen_serial_cic_comb.u_cic_interp16_serial_comb_dsp_ce/u_round_cic_normalized_output/rounded_value_carry__3/CO[3]
                         net (fo=1, routed)           0.000    11.626    gen_serial_cic_comb.u_cic_interp16_serial_comb_dsp_ce/u_round_cic_normalized_output/rounded_value_carry__3_n_0
    SLICE_X54Y61         CARRY4 (Prop_carry4_CI_O[0])
                                                      0.178    11.804 r  gen_serial_cic_comb.u_cic_interp16_serial_comb_dsp_ce/u_round_cic_normalized_output/rounded_value_carry__4/O[0]
                         net (fo=19, routed)          0.933    12.737    gen_serial_cic_comb.u_cic_interp16_serial_comb_dsp_ce/u_round_cic_normalized_output/rounded_value_carry__4_n_7
    SLICE_X55Y58         LUT4 (Prop_lut4_I1_O)        0.238    12.975 r  y_out[7]_i_1__0/O
                         net (fo=1, routed)           0.000    12.975    normalized_output[7]
    SLICE_X55Y58         FDRE                                         r  gen_serial_cic_comb.u_cic_interp16_serial_comb_dsp_ce/y_out_reg[7]/D
  -------------------------------------------------------------------    -------------------

                         (clock core_clk_6m144 rise edge)
                                                    162.760   162.760 r  
                                                      0.000   162.760 r  clk (IN)
                         net (fo=310, unset)          1.247   164.007    clk
    SLICE_X55Y58         FDRE                                         r  gen_serial_cic_comb.u_cic_interp16_serial_comb_dsp_ce/y_out_reg[7]/C
                         clock pessimism              0.065   164.072    
                         clock uncertainty           -0.035   164.037    
    SLICE_X55Y58         FDRE (Setup_fdre_C_D)        0.032   164.069    gen_serial_cic_comb.u_cic_interp16_serial_comb_dsp_ce/y_out_reg[7]
  -------------------------------------------------------------------
                         required time                        164.069    
                         arrival time                         -12.975    
  -------------------------------------------------------------------
                         slack                                151.094    

Slack (MET) :             151.117ns  (required time - arrival time)
  Source:                 gen_serial_cic_comb.u_cic_interp16_serial_comb_dsp_ce/burst_remaining_reg[0]/C
                            (rising edge-triggered cell FDRE clocked by core_clk_6m144  {rise@0.000ns fall@81.380ns period=162.760ns})
  Destination:            gen_serial_cic_comb.u_cic_interp16_serial_comb_dsp_ce/y_out_reg[8]/D
                            (rising edge-triggered cell FDRE clocked by core_clk_6m144  {rise@0.000ns fall@81.380ns period=162.760ns})
  Path Group:             core_clk_6m144
  Path Type:              Setup (Max at Slow Process Corner)
  Requirement:            162.760ns  (core_clk_6m144 rise@162.760ns - core_clk_6m144 rise@0.000ns)
  Data Path Delay:        11.639ns  (logic 4.913ns (42.212%)  route 6.726ns (57.788%))
  Logic Levels:           15  (CARRY4=8 DSP48E1=1 LUT2=1 LUT3=2 LUT4=1 LUT5=1 LUT6=1)
  Clock Path Skew:        -0.038ns (DCD - SCD + CPR)
    Destination Clock Delay (DCD):    1.247ns = ( 164.007 - 162.760 ) 
    Source Clock Delay      (SCD):    1.350ns
    Clock Pessimism Removal (CPR):    0.065ns
  Clock Uncertainty:      0.035ns  ((TSJ^2 + TIJ^2)^1/2 + DJ) / 2 + PE
    Total System Jitter     (TSJ):    0.071ns
    Total Input Jitter      (TIJ):    0.000ns
    Discrete Jitter          (DJ):    0.000ns
    Phase Error              (PE):    0.000ns

    Location             Delay type                Incr(ns)  Path(ns)    Netlist Resource(s)
  -------------------------------------------------------------------    -------------------
                         (clock core_clk_6m144 rise edge)
                                                      0.000     0.000 r  
                                                      0.000     0.000 r  clk (IN)
                         net (fo=310, unset)          1.350     1.350    clk
    SLICE_X41Y59         FDRE                                         r  gen_serial_cic_comb.u_cic_interp16_serial_comb_dsp_ce/burst_remaining_reg[0]/C
  -------------------------------------------------------------------    -------------------
    SLICE_X41Y59         FDRE (Prop_fdre_C_Q)         0.379     1.729 f  gen_serial_cic_comb.u_cic_interp16_serial_comb_dsp_ce/burst_remaining_reg[0]/Q
                         net (fo=6, routed)           0.716     2.445    gen_serial_cic_comb.u_cic_interp16_serial_comb_dsp_ce/burst_remaining_reg_n_0_[0]
    SLICE_X41Y59         LUT6 (Prop_lut6_I2_O)        0.105     2.550 r  interp128_all2x_LUT6/O
                         net (fo=51, routed)          1.467     4.017    interp128_all2x_net
    SLICE_X40Y60         LUT3 (Prop_lut3_I2_O)        0.105     4.122 r  interp128_all2x_LUT3_19/O
                         net (fo=9, routed)           0.614     4.735    interp128_all2x_net_2
    SLICE_X43Y60         LUT2 (Prop_lut2_I1_O)        0.108     4.843 r  interp128_all2x_LUT2_24/O
                         net (fo=2, routed)           0.690     5.533    interp128_all2x_net_86
    SLICE_X45Y60         CARRY4 (Prop_carry4_S[3]_CO[3])
                                                      0.599     6.132 r  gen_serial_cic_comb.u_cic_interp16_serial_comb_dsp_ce/gen_first_integrator_carry.first_integrator_sum_carry__4/CO[3]
                         net (fo=1, routed)           0.000     6.132    gen_serial_cic_comb.u_cic_interp16_serial_comb_dsp_ce/gen_first_integrator_carry.first_integrator_sum_carry__4_n_0
    SLICE_X45Y61         CARRY4 (Prop_carry4_CI_O[1])
                                                      0.265     6.397 r  gen_serial_cic_comb.u_cic_interp16_serial_comb_dsp_ce/gen_first_integrator_carry.first_integrator_sum_carry__5/O[1]
                         net (fo=23, routed)          1.020     7.417    final_input_rounded[25]
    DSP48_X1Y22          DSP48E1 (Prop_dsp48e1_A[23]_P[2])
                                                      1.889     9.306 f  gen_serial_cic_comb.u_cic_interp16_serial_comb_dsp_ce/gen_final_integrator_dsp.final_integrator_sum/P[2]
                         net (fo=2, routed)           0.814    10.120    gen_serial_cic_comb.u_cic_interp16_serial_comb_dsp_ce/gen_final_integrator_dsp.final_integrator_sum_n_103
    SLICE_X54Y55         LUT3 (Prop_lut3_I1_O)        0.105    10.225 r  interp128_all2x_LUT3_27/O
                         net (fo=1, routed)           0.473    10.698    interp128_all2x_net_19
    SLICE_X54Y56         LUT5 (Prop_lut5_I4_O)        0.105    10.803 r  interp128_all2x_LUT5_26/O
                         net (fo=1, routed)           0.000    10.803    rounded_value_carry_i_1__0_n_0
    SLICE_X54Y56         CARRY4 (Prop_carry4_S[0]_CO[3])
                                                      0.423    11.226 r  gen_serial_cic_comb.u_cic_interp16_serial_comb_dsp_ce/u_round_cic_normalized_output/rounded_value_carry/CO[3]
                         net (fo=1, routed)           0.000    11.226    gen_serial_cic_comb.u_cic_interp16_serial_comb_dsp_ce/u_round_cic_normalized_output/rounded_value_carry_n_0
    SLICE_X54Y57         CARRY4 (Prop_carry4_CI_CO[3])
                                                      0.100    11.326 r  gen_serial_cic_comb.u_cic_interp16_serial_comb_dsp_ce/u_round_cic_normalized_output/rounded_value_carry__0/CO[3]
                         net (fo=1, routed)           0.000    11.326    gen_serial_cic_comb.u_cic_interp16_serial_comb_dsp_ce/u_round_cic_normalized_output/rounded_value_carry__0_n_0
    SLICE_X54Y58         CARRY4 (Prop_carry4_CI_CO[3])
                                                      0.100    11.426 r  gen_serial_cic_comb.u_cic_interp16_serial_comb_dsp_ce/u_round_cic_normalized_output/rounded_value_carry__1/CO[3]
                         net (fo=1, routed)           0.000    11.426    gen_serial_cic_comb.u_cic_interp16_serial_comb_dsp_ce/u_round_cic_normalized_output/rounded_value_carry__1_n_0
    SLICE_X54Y59         CARRY4 (Prop_carry4_CI_CO[3])
                                                      0.100    11.526 r  gen_serial_cic_comb.u_cic_interp16_serial_comb_dsp_ce/u_round_cic_normalized_output/rounded_value_carry__2/CO[3]
                         net (fo=1, routed)           0.000    11.526    gen_serial_cic_comb.u_cic_interp16_serial_comb_dsp_ce/u_round_cic_normalized_output/rounded_value_carry__2_n_0
    SLICE_X54Y60         CARRY4 (Prop_carry4_CI_CO[3])
                                                      0.100    11.626 r  gen_serial_cic_comb.u_cic_interp16_serial_comb_dsp_ce/u_round_cic_normalized_output/rounded_value_carry__3/CO[3]
                         net (fo=1, routed)           0.000    11.626    gen_serial_cic_comb.u_cic_interp16_serial_comb_dsp_ce/u_round_cic_normalized_output/rounded_value_carry__3_n_0
    SLICE_X54Y61         CARRY4 (Prop_carry4_CI_O[0])
                                                      0.178    11.804 r  gen_serial_cic_comb.u_cic_interp16_serial_comb_dsp_ce/u_round_cic_normalized_output/rounded_value_carry__4/O[0]
                         net (fo=19, routed)          0.933    12.737    gen_serial_cic_comb.u_cic_interp16_serial_comb_dsp_ce/u_round_cic_normalized_output/rounded_value_carry__4_n_7
    SLICE_X55Y58         LUT4 (Prop_lut4_I1_O)        0.252    12.989 r  y_out[8]_i_1__0/O
                         net (fo=1, routed)           0.000    12.989    normalized_output[8]
    SLICE_X55Y58         FDRE                                         r  gen_serial_cic_comb.u_cic_interp16_serial_comb_dsp_ce/y_out_reg[8]/D
  -------------------------------------------------------------------    -------------------

                         (clock core_clk_6m144 rise edge)
                                                    162.760   162.760 r  
                                                      0.000   162.760 r  clk (IN)
                         net (fo=310, unset)          1.247   164.007    clk
    SLICE_X55Y58         FDRE                                         r  gen_serial_cic_comb.u_cic_interp16_serial_comb_dsp_ce/y_out_reg[8]/C
                         clock pessimism              0.065   164.072    
                         clock uncertainty           -0.035   164.037    
    SLICE_X55Y58         FDRE (Setup_fdre_C_D)        0.069   164.106    gen_serial_cic_comb.u_cic_interp16_serial_comb_dsp_ce/y_out_reg[8]
  -------------------------------------------------------------------
                         required time                        164.106    
                         arrival time                         -12.989    
  -------------------------------------------------------------------
                         slack                                151.117    

Slack (MET) :             151.117ns  (required time - arrival time)
  Source:                 gen_serial_cic_comb.u_cic_interp16_serial_comb_dsp_ce/burst_remaining_reg[0]/C
                            (rising edge-triggered cell FDRE clocked by core_clk_6m144  {rise@0.000ns fall@81.380ns period=162.760ns})
  Destination:            gen_serial_cic_comb.u_cic_interp16_serial_comb_dsp_ce/y_out_reg[9]/D
                            (rising edge-triggered cell FDRE clocked by core_clk_6m144  {rise@0.000ns fall@81.380ns period=162.760ns})
  Path Group:             core_clk_6m144
  Path Type:              Setup (Max at Slow Process Corner)
  Requirement:            162.760ns  (core_clk_6m144 rise@162.760ns - core_clk_6m144 rise@0.000ns)
  Data Path Delay:        11.639ns  (logic 4.913ns (42.212%)  route 6.726ns (57.788%))
  Logic Levels:           15  (CARRY4=8 DSP48E1=1 LUT2=1 LUT3=2 LUT4=1 LUT5=1 LUT6=1)
  Clock Path Skew:        -0.038ns (DCD - SCD + CPR)
    Destination Clock Delay (DCD):    1.247ns = ( 164.007 - 162.760 ) 
    Source Clock Delay      (SCD):    1.350ns
    Clock Pessimism Removal (CPR):    0.065ns
  Clock Uncertainty:      0.035ns  ((TSJ^2 + TIJ^2)^1/2 + DJ) / 2 + PE
    Total System Jitter     (TSJ):    0.071ns
    Total Input Jitter      (TIJ):    0.000ns
    Discrete Jitter          (DJ):    0.000ns
    Phase Error              (PE):    0.000ns

    Location             Delay type                Incr(ns)  Path(ns)    Netlist Resource(s)
  -------------------------------------------------------------------    -------------------
                         (clock core_clk_6m144 rise edge)
                                                      0.000     0.000 r  
                                                      0.000     0.000 r  clk (IN)
                         net (fo=310, unset)          1.350     1.350    clk
    SLICE_X41Y59         FDRE                                         r  gen_serial_cic_comb.u_cic_interp16_serial_comb_dsp_ce/burst_remaining_reg[0]/C
  -------------------------------------------------------------------    -------------------
    SLICE_X41Y59         FDRE (Prop_fdre_C_Q)         0.379     1.729 f  gen_serial_cic_comb.u_cic_interp16_serial_comb_dsp_ce/burst_remaining_reg[0]/Q
                         net (fo=6, routed)           0.716     2.445    gen_serial_cic_comb.u_cic_interp16_serial_comb_dsp_ce/burst_remaining_reg_n_0_[0]
    SLICE_X41Y59         LUT6 (Prop_lut6_I2_O)        0.105     2.550 r  interp128_all2x_LUT6/O
                         net (fo=51, routed)          1.467     4.017    interp128_all2x_net
    SLICE_X40Y60         LUT3 (Prop_lut3_I2_O)        0.105     4.122 r  interp128_all2x_LUT3_19/O
                         net (fo=9, routed)           0.614     4.735    interp128_all2x_net_2
    SLICE_X43Y60         LUT2 (Prop_lut2_I1_O)        0.108     4.843 r  interp128_all2x_LUT2_24/O
                         net (fo=2, routed)           0.690     5.533    interp128_all2x_net_86
    SLICE_X45Y60         CARRY4 (Prop_carry4_S[3]_CO[3])
                                                      0.599     6.132 r  gen_serial_cic_comb.u_cic_interp16_serial_comb_dsp_ce/gen_first_integrator_carry.first_integrator_sum_carry__4/CO[3]
                         net (fo=1, routed)           0.000     6.132    gen_serial_cic_comb.u_cic_interp16_serial_comb_dsp_ce/gen_first_integrator_carry.first_integrator_sum_carry__4_n_0
    SLICE_X45Y61         CARRY4 (Prop_carry4_CI_O[1])
                                                      0.265     6.397 r  gen_serial_cic_comb.u_cic_interp16_serial_comb_dsp_ce/gen_first_integrator_carry.first_integrator_sum_carry__5/O[1]
                         net (fo=23, routed)          1.020     7.417    final_input_rounded[25]
    DSP48_X1Y22          DSP48E1 (Prop_dsp48e1_A[23]_P[2])
                                                      1.889     9.306 f  gen_serial_cic_comb.u_cic_interp16_serial_comb_dsp_ce/gen_final_integrator_dsp.final_integrator_sum/P[2]
                         net (fo=2, routed)           0.814    10.120    gen_serial_cic_comb.u_cic_interp16_serial_comb_dsp_ce/gen_final_integrator_dsp.final_integrator_sum_n_103
    SLICE_X54Y55         LUT3 (Prop_lut3_I1_O)        0.105    10.225 r  interp128_all2x_LUT3_27/O
                         net (fo=1, routed)           0.473    10.698    interp128_all2x_net_19
    SLICE_X54Y56         LUT5 (Prop_lut5_I4_O)        0.105    10.803 r  interp128_all2x_LUT5_26/O
                         net (fo=1, routed)           0.000    10.803    rounded_value_carry_i_1__0_n_0
    SLICE_X54Y56         CARRY4 (Prop_carry4_S[0]_CO[3])
                                                      0.423    11.226 r  gen_serial_cic_comb.u_cic_interp16_serial_comb_dsp_ce/u_round_cic_normalized_output/rounded_value_carry/CO[3]
                         net (fo=1, routed)           0.000    11.226    gen_serial_cic_comb.u_cic_interp16_serial_comb_dsp_ce/u_round_cic_normalized_output/rounded_value_carry_n_0
    SLICE_X54Y57         CARRY4 (Prop_carry4_CI_CO[3])
                                                      0.100    11.326 r  gen_serial_cic_comb.u_cic_interp16_serial_comb_dsp_ce/u_round_cic_normalized_output/rounded_value_carry__0/CO[3]
                         net (fo=1, routed)           0.000    11.326    gen_serial_cic_comb.u_cic_interp16_serial_comb_dsp_ce/u_round_cic_normalized_output/rounded_value_carry__0_n_0
    SLICE_X54Y58         CARRY4 (Prop_carry4_CI_CO[3])
                                                      0.100    11.426 r  gen_serial_cic_comb.u_cic_interp16_serial_comb_dsp_ce/u_round_cic_normalized_output/rounded_value_carry__1/CO[3]
                         net (fo=1, routed)           0.000    11.426    gen_serial_cic_comb.u_cic_interp16_serial_comb_dsp_ce/u_round_cic_normalized_output/rounded_value_carry__1_n_0
    SLICE_X54Y59         CARRY4 (Prop_carry4_CI_CO[3])
                                                      0.100    11.526 r  gen_serial_cic_comb.u_cic_interp16_serial_comb_dsp_ce/u_round_cic_normalized_output/rounded_value_carry__2/CO[3]
                         net (fo=1, routed)           0.000    11.526    gen_serial_cic_comb.u_cic_interp16_serial_comb_dsp_ce/u_round_cic_normalized_output/rounded_value_carry__2_n_0
    SLICE_X54Y60         CARRY4 (Prop_carry4_CI_CO[3])
                                                      0.100    11.626 r  gen_serial_cic_comb.u_cic_interp16_serial_comb_dsp_ce/u_round_cic_normalized_output/rounded_value_carry__3/CO[3]
                         net (fo=1, routed)           0.000    11.626    gen_serial_cic_comb.u_cic_interp16_serial_comb_dsp_ce/u_round_cic_normalized_output/rounded_value_carry__3_n_0
    SLICE_X54Y61         CARRY4 (Prop_carry4_CI_O[0])
                                                      0.178    11.804 r  gen_serial_cic_comb.u_cic_interp16_serial_comb_dsp_ce/u_round_cic_normalized_output/rounded_value_carry__4/O[0]
                         net (fo=19, routed)          0.933    12.737    gen_serial_cic_comb.u_cic_interp16_serial_comb_dsp_ce/u_round_cic_normalized_output/rounded_value_carry__4_n_7
    SLICE_X55Y58         LUT4 (Prop_lut4_I1_O)        0.252    12.989 r  y_out[9]_i_1__0/O
                         net (fo=1, routed)           0.000    12.989    normalized_output[9]
    SLICE_X55Y58         FDRE                                         r  gen_serial_cic_comb.u_cic_interp16_serial_comb_dsp_ce/y_out_reg[9]/D
  -------------------------------------------------------------------    -------------------

                         (clock core_clk_6m144 rise edge)
                                                    162.760   162.760 r  
                                                      0.000   162.760 r  clk (IN)
                         net (fo=310, unset)          1.247   164.007    clk
    SLICE_X55Y58         FDRE                                         r  gen_serial_cic_comb.u_cic_interp16_serial_comb_dsp_ce/y_out_reg[9]/C
                         clock pessimism              0.065   164.072    
                         clock uncertainty           -0.035   164.037    
    SLICE_X55Y58         FDRE (Setup_fdre_C_D)        0.069   164.106    gen_serial_cic_comb.u_cic_interp16_serial_comb_dsp_ce/y_out_reg[9]
  -------------------------------------------------------------------
                         required time                        164.106    
                         arrival time                         -12.989    
  -------------------------------------------------------------------
                         slack                                151.117    

Slack (MET) :             151.217ns  (required time - arrival time)
  Source:                 gen_serial_cic_comb.u_cic_interp16_serial_comb_dsp_ce/burst_remaining_reg[0]/C
                            (rising edge-triggered cell FDRE clocked by core_clk_6m144  {rise@0.000ns fall@81.380ns period=162.760ns})
  Destination:            gen_serial_cic_comb.u_cic_interp16_serial_comb_dsp_ce/y_out_reg[11]/D
                            (rising edge-triggered cell FDRE clocked by core_clk_6m144  {rise@0.000ns fall@81.380ns period=162.760ns})
  Path Group:             core_clk_6m144
  Path Type:              Setup (Max at Slow Process Corner)
  Requirement:            162.760ns  (core_clk_6m144 rise@162.760ns - core_clk_6m144 rise@0.000ns)
  Data Path Delay:        11.500ns  (logic 4.899ns (42.600%)  route 6.601ns (57.400%))
  Logic Levels:           15  (CARRY4=8 DSP48E1=1 LUT2=1 LUT3=2 LUT4=1 LUT5=1 LUT6=1)
  Clock Path Skew:        -0.038ns (DCD - SCD + CPR)
    Destination Clock Delay (DCD):    1.247ns = ( 164.007 - 162.760 ) 
    Source Clock Delay      (SCD):    1.350ns
    Clock Pessimism Removal (CPR):    0.065ns
  Clock Uncertainty:      0.035ns  ((TSJ^2 + TIJ^2)^1/2 + DJ) / 2 + PE
    Total System Jitter     (TSJ):    0.071ns
    Total Input Jitter      (TIJ):    0.000ns
    Discrete Jitter          (DJ):    0.000ns
    Phase Error              (PE):    0.000ns

    Location             Delay type                Incr(ns)  Path(ns)    Netlist Resource(s)
  -------------------------------------------------------------------    -------------------
                         (clock core_clk_6m144 rise edge)
                                                      0.000     0.000 r  
                                                      0.000     0.000 r  clk (IN)
                         net (fo=310, unset)          1.350     1.350    clk
    SLICE_X41Y59         FDRE                                         r  gen_serial_cic_comb.u_cic_interp16_serial_comb_dsp_ce/burst_remaining_reg[0]/C
  -------------------------------------------------------------------    -------------------
    SLICE_X41Y59         FDRE (Prop_fdre_C_Q)         0.379     1.729 f  gen_serial_cic_comb.u_cic_interp16_serial_comb_dsp_ce/burst_remaining_reg[0]/Q
                         net (fo=6, routed)           0.716     2.445    gen_serial_cic_comb.u_cic_interp16_serial_comb_dsp_ce/burst_remaining_reg_n_0_[0]
    SLICE_X41Y59         LUT6 (Prop_lut6_I2_O)        0.105     2.550 r  interp128_all2x_LUT6/O
                         net (fo=51, routed)          1.467     4.017    interp128_all2x_net
    SLICE_X40Y60         LUT3 (Prop_lut3_I2_O)        0.105     4.122 r  interp128_all2x_LUT3_19/O
                         net (fo=9, routed)           0.614     4.735    interp128_all2x_net_2
    SLICE_X43Y60         LUT2 (Prop_lut2_I1_O)        0.108     4.843 r  interp128_all2x_LUT2_24/O
                         net (fo=2, routed)           0.690     5.533    interp128_all2x_net_86
    SLICE_X45Y60         CARRY4 (Prop_carry4_S[3]_CO[3])
                                                      0.599     6.132 r  gen_serial_cic_comb.u_cic_interp16_serial_comb_dsp_ce/gen_first_integrator_carry.first_integrator_sum_carry__4/CO[3]
                         net (fo=1, routed)           0.000     6.132    gen_serial_cic_comb.u_cic_interp16_serial_comb_dsp_ce/gen_first_integrator_carry.first_integrator_sum_carry__4_n_0
    SLICE_X45Y61         CARRY4 (Prop_carry4_CI_O[1])
                                                      0.265     6.397 r  gen_serial_cic_comb.u_cic_interp16_serial_comb_dsp_ce/gen_first_integrator_carry.first_integrator_sum_carry__5/O[1]
                         net (fo=23, routed)          1.020     7.417    final_input_rounded[25]
    DSP48_X1Y22          DSP48E1 (Prop_dsp48e1_A[23]_P[2])
                                                      1.889     9.306 f  gen_serial_cic_comb.u_cic_interp16_serial_comb_dsp_ce/gen_final_integrator_dsp.final_integrator_sum/P[2]
                         net (fo=2, routed)           0.814    10.120    gen_serial_cic_comb.u_cic_interp16_serial_comb_dsp_ce/gen_final_integrator_dsp.final_integrator_sum_n_103
    SLICE_X54Y55         LUT3 (Prop_lut3_I1_O)        0.105    10.225 r  interp128_all2x_LUT3_27/O
                         net (fo=1, routed)           0.473    10.698    interp128_all2x_net_19
    SLICE_X54Y56         LUT5 (Prop_lut5_I4_O)        0.105    10.803 r  interp128_all2x_LUT5_26/O
                         net (fo=1, routed)           0.000    10.803    rounded_value_carry_i_1__0_n_0
    SLICE_X54Y56         CARRY4 (Prop_carry4_S[0]_CO[3])
                                                      0.423    11.226 r  gen_serial_cic_comb.u_cic_interp16_serial_comb_dsp_ce/u_round_cic_normalized_output/rounded_value_carry/CO[3]
                         net (fo=1, routed)           0.000    11.226    gen_serial_cic_comb.u_cic_interp16_serial_comb_dsp_ce/u_round_cic_normalized_output/rounded_value_carry_n_0
    SLICE_X54Y57         CARRY4 (Prop_carry4_CI_CO[3])
                                                      0.100    11.326 r  gen_serial_cic_comb.u_cic_interp16_serial_comb_dsp_ce/u_round_cic_normalized_output/rounded_value_carry__0/CO[3]
                         net (fo=1, routed)           0.000    11.326    gen_serial_cic_comb.u_cic_interp16_serial_comb_dsp_ce/u_round_cic_normalized_output/rounded_value_carry__0_n_0
    SLICE_X54Y58         CARRY4 (Prop_carry4_CI_CO[3])
                                                      0.100    11.426 r  gen_serial_cic_comb.u_cic_interp16_serial_comb_dsp_ce/u_round_cic_normalized_output/rounded_value_carry__1/CO[3]
                         net (fo=1, routed)           0.000    11.426    gen_serial_cic_comb.u_cic_interp16_serial_comb_dsp_ce/u_round_cic_normalized_output/rounded_value_carry__1_n_0
    SLICE_X54Y59         CARRY4 (Prop_carry4_CI_CO[3])
                                                      0.100    11.526 r  gen_serial_cic_comb.u_cic_interp16_serial_comb_dsp_ce/u_round_cic_normalized_output/rounded_value_carry__2/CO[3]
                         net (fo=1, routed)           0.000    11.526    gen_serial_cic_comb.u_cic_interp16_serial_comb_dsp_ce/u_round_cic_normalized_output/rounded_value_carry__2_n_0
    SLICE_X54Y60         CARRY4 (Prop_carry4_CI_CO[3])
                                                      0.100    11.626 r  gen_serial_cic_comb.u_cic_interp16_serial_comb_dsp_ce/u_round_cic_normalized_output/rounded_value_carry__3/CO[3]
                         net (fo=1, routed)           0.000    11.626    gen_serial_cic_comb.u_cic_interp16_serial_comb_dsp_ce/u_round_cic_normalized_output/rounded_value_carry__3_n_0
    SLICE_X54Y61         CARRY4 (Prop_carry4_CI_O[0])
                                                      0.178    11.804 r  gen_serial_cic_comb.u_cic_interp16_serial_comb_dsp_ce/u_round_cic_normalized_output/rounded_value_carry__4/O[0]
                         net (fo=19, routed)          0.808    12.612    gen_serial_cic_comb.u_cic_interp16_serial_comb_dsp_ce/u_round_cic_normalized_output/rounded_value_carry__4_n_7
    SLICE_X55Y59         LUT4 (Prop_lut4_I1_O)        0.238    12.850 r  y_out[11]_i_1__0/O
                         net (fo=1, routed)           0.000    12.850    normalized_output[11]
    SLICE_X55Y59         FDRE                                         r  gen_serial_cic_comb.u_cic_interp16_serial_comb_dsp_ce/y_out_reg[11]/D
  -------------------------------------------------------------------    -------------------

                         (clock core_clk_6m144 rise edge)
                                                    162.760   162.760 r  
                                                      0.000   162.760 r  clk (IN)
                         net (fo=310, unset)          1.247   164.007    clk
    SLICE_X55Y59         FDRE                                         r  gen_serial_cic_comb.u_cic_interp16_serial_comb_dsp_ce/y_out_reg[11]/C
                         clock pessimism              0.065   164.072    
                         clock uncertainty           -0.035   164.037    
    SLICE_X55Y59         FDRE (Setup_fdre_C_D)        0.030   164.067    gen_serial_cic_comb.u_cic_interp16_serial_comb_dsp_ce/y_out_reg[11]
  -------------------------------------------------------------------
                         required time                        164.067    
                         arrival time                         -12.850    
  -------------------------------------------------------------------
                         slack                                151.217    

Slack (MET) :             151.219ns  (required time - arrival time)
  Source:                 gen_serial_cic_comb.u_cic_interp16_serial_comb_dsp_ce/burst_remaining_reg[0]/C
                            (rising edge-triggered cell FDRE clocked by core_clk_6m144  {rise@0.000ns fall@81.380ns period=162.760ns})
  Destination:            gen_serial_cic_comb.u_cic_interp16_serial_comb_dsp_ce/y_out_reg[13]/D
                            (rising edge-triggered cell FDRE clocked by core_clk_6m144  {rise@0.000ns fall@81.380ns period=162.760ns})
  Path Group:             core_clk_6m144
  Path Type:              Setup (Max at Slow Process Corner)
  Requirement:            162.760ns  (core_clk_6m144 rise@162.760ns - core_clk_6m144 rise@0.000ns)
  Data Path Delay:        11.500ns  (logic 4.899ns (42.600%)  route 6.601ns (57.400%))
  Logic Levels:           15  (CARRY4=8 DSP48E1=1 LUT2=1 LUT3=2 LUT4=1 LUT5=1 LUT6=1)
  Clock Path Skew:        -0.038ns (DCD - SCD + CPR)
    Destination Clock Delay (DCD):    1.247ns = ( 164.007 - 162.760 ) 
    Source Clock Delay      (SCD):    1.350ns
    Clock Pessimism Removal (CPR):    0.065ns
  Clock Uncertainty:      0.035ns  ((TSJ^2 + TIJ^2)^1/2 + DJ) / 2 + PE
    Total System Jitter     (TSJ):    0.071ns
    Total Input Jitter      (TIJ):    0.000ns
    Discrete Jitter          (DJ):    0.000ns
    Phase Error              (PE):    0.000ns

    Location             Delay type                Incr(ns)  Path(ns)    Netlist Resource(s)
  -------------------------------------------------------------------    -------------------
                         (clock core_clk_6m144 rise edge)
                                                      0.000     0.000 r  
                                                      0.000     0.000 r  clk (IN)
                         net (fo=310, unset)          1.350     1.350    clk
    SLICE_X41Y59         FDRE                                         r  gen_serial_cic_comb.u_cic_interp16_serial_comb_dsp_ce/burst_remaining_reg[0]/C
  -------------------------------------------------------------------    -------------------
    SLICE_X41Y59         FDRE (Prop_fdre_C_Q)         0.379     1.729 f  gen_serial_cic_comb.u_cic_interp16_serial_comb_dsp_ce/burst_remaining_reg[0]/Q
                         net (fo=6, routed)           0.716     2.445    gen_serial_cic_comb.u_cic_interp16_serial_comb_dsp_ce/burst_remaining_reg_n_0_[0]
    SLICE_X41Y59         LUT6 (Prop_lut6_I2_O)        0.105     2.550 r  interp128_all2x_LUT6/O
                         net (fo=51, routed)          1.467     4.017    interp128_all2x_net
    SLICE_X40Y60         LUT3 (Prop_lut3_I2_O)        0.105     4.122 r  interp128_all2x_LUT3_19/O
                         net (fo=9, routed)           0.614     4.735    interp128_all2x_net_2
    SLICE_X43Y60         LUT2 (Prop_lut2_I1_O)        0.108     4.843 r  interp128_all2x_LUT2_24/O
                         net (fo=2, routed)           0.690     5.533    interp128_all2x_net_86
    SLICE_X45Y60         CARRY4 (Prop_carry4_S[3]_CO[3])
                                                      0.599     6.132 r  gen_serial_cic_comb.u_cic_interp16_serial_comb_dsp_ce/gen_first_integrator_carry.first_integrator_sum_carry__4/CO[3]
                         net (fo=1, routed)           0.000     6.132    gen_serial_cic_comb.u_cic_interp16_serial_comb_dsp_ce/gen_first_integrator_carry.first_integrator_sum_carry__4_n_0
    SLICE_X45Y61         CARRY4 (Prop_carry4_CI_O[1])
                                                      0.265     6.397 r  gen_serial_cic_comb.u_cic_interp16_serial_comb_dsp_ce/gen_first_integrator_carry.first_integrator_sum_carry__5/O[1]
                         net (fo=23, routed)          1.020     7.417    final_input_rounded[25]
    DSP48_X1Y22          DSP48E1 (Prop_dsp48e1_A[23]_P[2])
                                                      1.889     9.306 f  gen_serial_cic_comb.u_cic_interp16_serial_comb_dsp_ce/gen_final_integrator_dsp.final_integrator_sum/P[2]
                         net (fo=2, routed)           0.814    10.120    gen_serial_cic_comb.u_cic_interp16_serial_comb_dsp_ce/gen_final_integrator_dsp.final_integrator_sum_n_103
    SLICE_X54Y55         LUT3 (Prop_lut3_I1_O)        0.105    10.225 r  interp128_all2x_LUT3_27/O
                         net (fo=1, routed)           0.473    10.698    interp128_all2x_net_19
    SLICE_X54Y56         LUT5 (Prop_lut5_I4_O)        0.105    10.803 r  interp128_all2x_LUT5_26/O
                         net (fo=1, routed)           0.000    10.803    rounded_value_carry_i_1__0_n_0
    SLICE_X54Y56         CARRY4 (Prop_carry4_S[0]_CO[3])
                                                      0.423    11.226 r  gen_serial_cic_comb.u_cic_interp16_serial_comb_dsp_ce/u_round_cic_normalized_output/rounded_value_carry/CO[3]
                         net (fo=1, routed)           0.000    11.226    gen_serial_cic_comb.u_cic_interp16_serial_comb_dsp_ce/u_round_cic_normalized_output/rounded_value_carry_n_0
    SLICE_X54Y57         CARRY4 (Prop_carry4_CI_CO[3])
                                                      0.100    11.326 r  gen_serial_cic_comb.u_cic_interp16_serial_comb_dsp_ce/u_round_cic_normalized_output/rounded_value_carry__0/CO[3]
                         net (fo=1, routed)           0.000    11.326    gen_serial_cic_comb.u_cic_interp16_serial_comb_dsp_ce/u_round_cic_normalized_output/rounded_value_carry__0_n_0
    SLICE_X54Y58         CARRY4 (Prop_carry4_CI_CO[3])
                                                      0.100    11.426 r  gen_serial_cic_comb.u_cic_interp16_serial_comb_dsp_ce/u_round_cic_normalized_output/rounded_value_carry__1/CO[3]
                         net (fo=1, routed)           0.000    11.426    gen_serial_cic_comb.u_cic_interp16_serial_comb_dsp_ce/u_round_cic_normalized_output/rounded_value_carry__1_n_0
    SLICE_X54Y59         CARRY4 (Prop_carry4_CI_CO[3])
                                                      0.100    11.526 r  gen_serial_cic_comb.u_cic_interp16_serial_comb_dsp_ce/u_round_cic_normalized_output/rounded_value_carry__2/CO[3]
                         net (fo=1, routed)           0.000    11.526    gen_serial_cic_comb.u_cic_interp16_serial_comb_dsp_ce/u_round_cic_normalized_output/rounded_value_carry__2_n_0
    SLICE_X54Y60         CARRY4 (Prop_carry4_CI_CO[3])
                                                      0.100    11.626 r  gen_serial_cic_comb.u_cic_interp16_serial_comb_dsp_ce/u_round_cic_normalized_output/rounded_value_carry__3/CO[3]
                         net (fo=1, routed)           0.000    11.626    gen_serial_cic_comb.u_cic_interp16_serial_comb_dsp_ce/u_round_cic_normalized_output/rounded_value_carry__3_n_0
    SLICE_X54Y61         CARRY4 (Prop_carry4_CI_O[0])
                                                      0.178    11.804 r  gen_serial_cic_comb.u_cic_interp16_serial_comb_dsp_ce/u_round_cic_normalized_output/rounded_value_carry__4/O[0]
                         net (fo=19, routed)          0.808    12.612    gen_serial_cic_comb.u_cic_interp16_serial_comb_dsp_ce/u_round_cic_normalized_output/rounded_value_carry__4_n_7
    SLICE_X55Y59         LUT4 (Prop_lut4_I1_O)        0.238    12.850 r  y_out[13]_i_1__0/O
                         net (fo=1, routed)           0.000    12.850    normalized_output[13]
    SLICE_X55Y59         FDRE                                         r  gen_serial_cic_comb.u_cic_interp16_serial_comb_dsp_ce/y_out_reg[13]/D
  -------------------------------------------------------------------    -------------------

                         (clock core_clk_6m144 rise edge)
                                                    162.760   162.760 r  
                                                      0.000   162.760 r  clk (IN)
                         net (fo=310, unset)          1.247   164.007    clk
    SLICE_X55Y59         FDRE                                         r  gen_serial_cic_comb.u_cic_interp16_serial_comb_dsp_ce/y_out_reg[13]/C
                         clock pessimism              0.065   164.072    
                         clock uncertainty           -0.035   164.037    
    SLICE_X55Y59         FDRE (Setup_fdre_C_D)        0.032   164.069    gen_serial_cic_comb.u_cic_interp16_serial_comb_dsp_ce/y_out_reg[13]
  -------------------------------------------------------------------
                         required time                        164.069    
                         arrival time                         -12.850    
  -------------------------------------------------------------------
                         slack                                151.219    

Slack (MET) :             151.235ns  (required time - arrival time)
  Source:                 gen_serial_cic_comb.u_cic_interp16_serial_comb_dsp_ce/burst_remaining_reg[0]/C
                            (rising edge-triggered cell FDRE clocked by core_clk_6m144  {rise@0.000ns fall@81.380ns period=162.760ns})
  Destination:            gen_serial_cic_comb.u_cic_interp16_serial_comb_dsp_ce/y_out_reg[19]/D
                            (rising edge-triggered cell FDRE clocked by core_clk_6m144  {rise@0.000ns fall@81.380ns period=162.760ns})
  Path Group:             core_clk_6m144
  Path Type:              Setup (Max at Slow Process Corner)
  Requirement:            162.760ns  (core_clk_6m144 rise@162.760ns - core_clk_6m144 rise@0.000ns)
  Data Path Delay:        11.522ns  (logic 4.894ns (42.475%)  route 6.628ns (57.525%))
  Logic Levels:           15  (CARRY4=8 DSP48E1=1 LUT1=1 LUT2=1 LUT3=2 LUT5=1 LUT6=1)
  Clock Path Skew:        -0.037ns (DCD - SCD + CPR)
    Destination Clock Delay (DCD):    1.248ns = ( 164.008 - 162.760 ) 
    Source Clock Delay      (SCD):    1.350ns
    Clock Pessimism Removal (CPR):    0.065ns
  Clock Uncertainty:      0.035ns  ((TSJ^2 + TIJ^2)^1/2 + DJ) / 2 + PE
    Total System Jitter     (TSJ):    0.071ns
    Total Input Jitter      (TIJ):    0.000ns
    Discrete Jitter          (DJ):    0.000ns
    Phase Error              (PE):    0.000ns

    Location             Delay type                Incr(ns)  Path(ns)    Netlist Resource(s)
  -------------------------------------------------------------------    -------------------
                         (clock core_clk_6m144 rise edge)
                                                      0.000     0.000 r  
                                                      0.000     0.000 r  clk (IN)
                         net (fo=310, unset)          1.350     1.350    clk
    SLICE_X41Y59         FDRE                                         r  gen_serial_cic_comb.u_cic_interp16_serial_comb_dsp_ce/burst_remaining_reg[0]/C
  -------------------------------------------------------------------    -------------------
    SLICE_X41Y59         FDRE (Prop_fdre_C_Q)         0.379     1.729 f  gen_serial_cic_comb.u_cic_interp16_serial_comb_dsp_ce/burst_remaining_reg[0]/Q
                         net (fo=6, routed)           0.716     2.445    gen_serial_cic_comb.u_cic_interp16_serial_comb_dsp_ce/burst_remaining_reg_n_0_[0]
    SLICE_X41Y59         LUT6 (Prop_lut6_I2_O)        0.105     2.550 r  interp128_all2x_LUT6/O
                         net (fo=51, routed)          1.467     4.017    interp128_all2x_net
    SLICE_X40Y60         LUT3 (Prop_lut3_I2_O)        0.105     4.122 r  interp128_all2x_LUT3_19/O
                         net (fo=9, routed)           0.614     4.735    interp128_all2x_net_2
    SLICE_X43Y60         LUT2 (Prop_lut2_I1_O)        0.108     4.843 r  interp128_all2x_LUT2_24/O
                         net (fo=2, routed)           0.690     5.533    interp128_all2x_net_86
    SLICE_X45Y60         CARRY4 (Prop_carry4_S[3]_CO[3])
                                                      0.599     6.132 r  gen_serial_cic_comb.u_cic_interp16_serial_comb_dsp_ce/gen_first_integrator_carry.first_integrator_sum_carry__4/CO[3]
                         net (fo=1, routed)           0.000     6.132    gen_serial_cic_comb.u_cic_interp16_serial_comb_dsp_ce/gen_first_integrator_carry.first_integrator_sum_carry__4_n_0
    SLICE_X45Y61         CARRY4 (Prop_carry4_CI_O[1])
                                                      0.265     6.397 r  gen_serial_cic_comb.u_cic_interp16_serial_comb_dsp_ce/gen_first_integrator_carry.first_integrator_sum_carry__5/O[1]
                         net (fo=23, routed)          1.020     7.417    final_input_rounded[25]
    DSP48_X1Y22          DSP48E1 (Prop_dsp48e1_A[23]_P[2])
                                                      1.889     9.306 f  gen_serial_cic_comb.u_cic_interp16_serial_comb_dsp_ce/gen_final_integrator_dsp.final_integrator_sum/P[2]
                         net (fo=2, routed)           0.814    10.120    gen_serial_cic_comb.u_cic_interp16_serial_comb_dsp_ce/gen_final_integrator_dsp.final_integrator_sum_n_103
    SLICE_X54Y55         LUT3 (Prop_lut3_I1_O)        0.105    10.225 r  interp128_all2x_LUT3_27/O
                         net (fo=1, routed)           0.473    10.698    interp128_all2x_net_19
    SLICE_X54Y56         LUT5 (Prop_lut5_I4_O)        0.105    10.803 r  interp128_all2x_LUT5_26/O
                         net (fo=1, routed)           0.000    10.803    rounded_value_carry_i_1__0_n_0
    SLICE_X54Y56         CARRY4 (Prop_carry4_S[0]_CO[3])
                                                      0.423    11.226 r  gen_serial_cic_comb.u_cic_interp16_serial_comb_dsp_ce/u_round_cic_normalized_output/rounded_value_carry/CO[3]
                         net (fo=1, routed)           0.000    11.226    gen_serial_cic_comb.u_cic_interp16_serial_comb_dsp_ce/u_round_cic_normalized_output/rounded_value_carry_n_0
    SLICE_X54Y57         CARRY4 (Prop_carry4_CI_CO[3])
                                                      0.100    11.326 r  gen_serial_cic_comb.u_cic_interp16_serial_comb_dsp_ce/u_round_cic_normalized_output/rounded_value_carry__0/CO[3]
                         net (fo=1, routed)           0.000    11.326    gen_serial_cic_comb.u_cic_interp16_serial_comb_dsp_ce/u_round_cic_normalized_output/rounded_value_carry__0_n_0
    SLICE_X54Y58         CARRY4 (Prop_carry4_CI_CO[3])
                                                      0.100    11.426 r  gen_serial_cic_comb.u_cic_interp16_serial_comb_dsp_ce/u_round_cic_normalized_output/rounded_value_carry__1/CO[3]
                         net (fo=1, routed)           0.000    11.426    gen_serial_cic_comb.u_cic_interp16_serial_comb_dsp_ce/u_round_cic_normalized_output/rounded_value_carry__1_n_0
    SLICE_X54Y59         CARRY4 (Prop_carry4_CI_CO[3])
                                                      0.100    11.526 r  gen_serial_cic_comb.u_cic_interp16_serial_comb_dsp_ce/u_round_cic_normalized_output/rounded_value_carry__2/CO[3]
                         net (fo=1, routed)           0.000    11.526    gen_serial_cic_comb.u_cic_interp16_serial_comb_dsp_ce/u_round_cic_normalized_output/rounded_value_carry__2_n_0
    SLICE_X54Y60         CARRY4 (Prop_carry4_CI_CO[3])
                                                      0.100    11.626 r  gen_serial_cic_comb.u_cic_interp16_serial_comb_dsp_ce/u_round_cic_normalized_output/rounded_value_carry__3/CO[3]
                         net (fo=1, routed)           0.000    11.626    gen_serial_cic_comb.u_cic_interp16_serial_comb_dsp_ce/u_round_cic_normalized_output/rounded_value_carry__3_n_0
    SLICE_X54Y61         CARRY4 (Prop_carry4_CI_CO[1])
                                                      0.131    11.757 f  gen_serial_cic_comb.u_cic_interp16_serial_comb_dsp_ce/u_round_cic_normalized_output/rounded_value_carry__4/CO[1]
                         net (fo=20, routed)          0.835    12.592    gen_serial_cic_comb.u_cic_interp16_serial_comb_dsp_ce/u_round_cic_normalized_output/rounded_value_carry__4_n_2
    SLICE_X55Y56         LUT1 (Prop_lut1_I0_O)        0.280    12.872 r  y_out[19]_i_3/O
                         net (fo=1, routed)           0.000    12.872    normalized_output[19]
    SLICE_X55Y56         FDRE                                         r  gen_serial_cic_comb.u_cic_interp16_serial_comb_dsp_ce/y_out_reg[19]/D
  -------------------------------------------------------------------    -------------------

                         (clock core_clk_6m144 rise edge)
                                                    162.760   162.760 r  
                                                      0.000   162.760 r  clk (IN)
                         net (fo=310, unset)          1.248   164.008    clk
    SLICE_X55Y56         FDRE                                         r  gen_serial_cic_comb.u_cic_interp16_serial_comb_dsp_ce/y_out_reg[19]/C
                         clock pessimism              0.065   164.073    
                         clock uncertainty           -0.035   164.038    
    SLICE_X55Y56         FDRE (Setup_fdre_C_D)        0.069   164.107    gen_serial_cic_comb.u_cic_interp16_serial_comb_dsp_ce/y_out_reg[19]
  -------------------------------------------------------------------
                         required time                        164.107    
                         arrival time                         -12.872    
  -------------------------------------------------------------------
                         slack                                151.235    

Slack (MET) :             151.242ns  (required time - arrival time)
  Source:                 gen_serial_cic_comb.u_cic_interp16_serial_comb_dsp_ce/burst_remaining_reg[0]/C
                            (rising edge-triggered cell FDRE clocked by core_clk_6m144  {rise@0.000ns fall@81.380ns period=162.760ns})
  Destination:            gen_serial_cic_comb.u_cic_interp16_serial_comb_dsp_ce/y_out_reg[12]/D
                            (rising edge-triggered cell FDRE clocked by core_clk_6m144  {rise@0.000ns fall@81.380ns period=162.760ns})
  Path Group:             core_clk_6m144
  Path Type:              Setup (Max at Slow Process Corner)
  Requirement:            162.760ns  (core_clk_6m144 rise@162.760ns - core_clk_6m144 rise@0.000ns)
  Data Path Delay:        11.514ns  (logic 4.913ns (42.670%)  route 6.601ns (57.330%))
  Logic Levels:           15  (CARRY4=8 DSP48E1=1 LUT2=1 LUT3=2 LUT4=1 LUT5=1 LUT6=1)
  Clock Path Skew:        -0.038ns (DCD - SCD + CPR)
    Destination Clock Delay (DCD):    1.247ns = ( 164.007 - 162.760 ) 
    Source Clock Delay      (SCD):    1.350ns
    Clock Pessimism Removal (CPR):    0.065ns
  Clock Uncertainty:      0.035ns  ((TSJ^2 + TIJ^2)^1/2 + DJ) / 2 + PE
    Total System Jitter     (TSJ):    0.071ns
    Total Input Jitter      (TIJ):    0.000ns
    Discrete Jitter          (DJ):    0.000ns
    Phase Error              (PE):    0.000ns

    Location             Delay type                Incr(ns)  Path(ns)    Netlist Resource(s)
  -------------------------------------------------------------------    -------------------
                         (clock core_clk_6m144 rise edge)
                                                      0.000     0.000 r  
                                                      0.000     0.000 r  clk (IN)
                         net (fo=310, unset)          1.350     1.350    clk
    SLICE_X41Y59         FDRE                                         r  gen_serial_cic_comb.u_cic_interp16_serial_comb_dsp_ce/burst_remaining_reg[0]/C
  -------------------------------------------------------------------    -------------------
    SLICE_X41Y59         FDRE (Prop_fdre_C_Q)         0.379     1.729 f  gen_serial_cic_comb.u_cic_interp16_serial_comb_dsp_ce/burst_remaining_reg[0]/Q
                         net (fo=6, routed)           0.716     2.445    gen_serial_cic_comb.u_cic_interp16_serial_comb_dsp_ce/burst_remaining_reg_n_0_[0]
    SLICE_X41Y59         LUT6 (Prop_lut6_I2_O)        0.105     2.550 r  interp128_all2x_LUT6/O
                         net (fo=51, routed)          1.467     4.017    interp128_all2x_net
    SLICE_X40Y60         LUT3 (Prop_lut3_I2_O)        0.105     4.122 r  interp128_all2x_LUT3_19/O
                         net (fo=9, routed)           0.614     4.735    interp128_all2x_net_2
    SLICE_X43Y60         LUT2 (Prop_lut2_I1_O)        0.108     4.843 r  interp128_all2x_LUT2_24/O
                         net (fo=2, routed)           0.690     5.533    interp128_all2x_net_86
    SLICE_X45Y60         CARRY4 (Prop_carry4_S[3]_CO[3])
                                                      0.599     6.132 r  gen_serial_cic_comb.u_cic_interp16_serial_comb_dsp_ce/gen_first_integrator_carry.first_integrator_sum_carry__4/CO[3]
                         net (fo=1, routed)           0.000     6.132    gen_serial_cic_comb.u_cic_interp16_serial_comb_dsp_ce/gen_first_integrator_carry.first_integrator_sum_carry__4_n_0
    SLICE_X45Y61         CARRY4 (Prop_carry4_CI_O[1])
                                                      0.265     6.397 r  gen_serial_cic_comb.u_cic_interp16_serial_comb_dsp_ce/gen_first_integrator_carry.first_integrator_sum_carry__5/O[1]
                         net (fo=23, routed)          1.020     7.417    final_input_rounded[25]
    DSP48_X1Y22          DSP48E1 (Prop_dsp48e1_A[23]_P[2])
                                                      1.889     9.306 f  gen_serial_cic_comb.u_cic_interp16_serial_comb_dsp_ce/gen_final_integrator_dsp.final_integrator_sum/P[2]
                         net (fo=2, routed)           0.814    10.120    gen_serial_cic_comb.u_cic_interp16_serial_comb_dsp_ce/gen_final_integrator_dsp.final_integrator_sum_n_103
    SLICE_X54Y55         LUT3 (Prop_lut3_I1_O)        0.105    10.225 r  interp128_all2x_LUT3_27/O
                         net (fo=1, routed)           0.473    10.698    interp128_all2x_net_19
    SLICE_X54Y56         LUT5 (Prop_lut5_I4_O)        0.105    10.803 r  interp128_all2x_LUT5_26/O
                         net (fo=1, routed)           0.000    10.803    rounded_value_carry_i_1__0_n_0
    SLICE_X54Y56         CARRY4 (Prop_carry4_S[0]_CO[3])
                                                      0.423    11.226 r  gen_serial_cic_comb.u_cic_interp16_serial_comb_dsp_ce/u_round_cic_normalized_output/rounded_value_carry/CO[3]
                         net (fo=1, routed)           0.000    11.226    gen_serial_cic_comb.u_cic_interp16_serial_comb_dsp_ce/u_round_cic_normalized_output/rounded_value_carry_n_0
    SLICE_X54Y57         CARRY4 (Prop_carry4_CI_CO[3])
                                                      0.100    11.326 r  gen_serial_cic_comb.u_cic_interp16_serial_comb_dsp_ce/u_round_cic_normalized_output/rounded_value_carry__0/CO[3]
                         net (fo=1, routed)           0.000    11.326    gen_serial_cic_comb.u_cic_interp16_serial_comb_dsp_ce/u_round_cic_normalized_output/rounded_value_carry__0_n_0
    SLICE_X54Y58         CARRY4 (Prop_carry4_CI_CO[3])
                                                      0.100    11.426 r  gen_serial_cic_comb.u_cic_interp16_serial_comb_dsp_ce/u_round_cic_normalized_output/rounded_value_carry__1/CO[3]
                         net (fo=1, routed)           0.000    11.426    gen_serial_cic_comb.u_cic_interp16_serial_comb_dsp_ce/u_round_cic_normalized_output/rounded_value_carry__1_n_0
    SLICE_X54Y59         CARRY4 (Prop_carry4_CI_CO[3])
                                                      0.100    11.526 r  gen_serial_cic_comb.u_cic_interp16_serial_comb_dsp_ce/u_round_cic_normalized_output/rounded_value_carry__2/CO[3]
                         net (fo=1, routed)           0.000    11.526    gen_serial_cic_comb.u_cic_interp16_serial_comb_dsp_ce/u_round_cic_normalized_output/rounded_value_carry__2_n_0
    SLICE_X54Y60         CARRY4 (Prop_carry4_CI_CO[3])
                                                      0.100    11.626 r  gen_serial_cic_comb.u_cic_interp16_serial_comb_dsp_ce/u_round_cic_normalized_output/rounded_value_carry__3/CO[3]
                         net (fo=1, routed)           0.000    11.626    gen_serial_cic_comb.u_cic_interp16_serial_comb_dsp_ce/u_round_cic_normalized_output/rounded_value_carry__3_n_0
    SLICE_X54Y61         CARRY4 (Prop_carry4_CI_O[0])
                                                      0.178    11.804 r  gen_serial_cic_comb.u_cic_interp16_serial_comb_dsp_ce/u_round_cic_normalized_output/rounded_value_carry__4/O[0]
                         net (fo=19, routed)          0.808    12.612    gen_serial_cic_comb.u_cic_interp16_serial_comb_dsp_ce/u_round_cic_normalized_output/rounded_value_carry__4_n_7
    SLICE_X55Y59         LUT4 (Prop_lut4_I1_O)        0.252    12.864 r  y_out[12]_i_1__0/O
                         net (fo=1, routed)           0.000    12.864    normalized_output[12]
    SLICE_X55Y59         FDRE                                         r  gen_serial_cic_comb.u_cic_interp16_serial_comb_dsp_ce/y_out_reg[12]/D
  -------------------------------------------------------------------    -------------------

                         (clock core_clk_6m144 rise edge)
                                                    162.760   162.760 r  
                                                      0.000   162.760 r  clk (IN)
                         net (fo=310, unset)          1.247   164.007    clk
    SLICE_X55Y59         FDRE                                         r  gen_serial_cic_comb.u_cic_interp16_serial_comb_dsp_ce/y_out_reg[12]/C
                         clock pessimism              0.065   164.072    
                         clock uncertainty           -0.035   164.037    
    SLICE_X55Y59         FDRE (Setup_fdre_C_D)        0.069   164.106    gen_serial_cic_comb.u_cic_interp16_serial_comb_dsp_ce/y_out_reg[12]
  -------------------------------------------------------------------
                         required time                        164.106    
                         arrival time                         -12.864    
  -------------------------------------------------------------------
                         slack                                151.242    

Slack (MET) :             151.242ns  (required time - arrival time)
  Source:                 gen_serial_cic_comb.u_cic_interp16_serial_comb_dsp_ce/burst_remaining_reg[0]/C
                            (rising edge-triggered cell FDRE clocked by core_clk_6m144  {rise@0.000ns fall@81.380ns period=162.760ns})
  Destination:            gen_serial_cic_comb.u_cic_interp16_serial_comb_dsp_ce/y_out_reg[14]/D
                            (rising edge-triggered cell FDRE clocked by core_clk_6m144  {rise@0.000ns fall@81.380ns period=162.760ns})
  Path Group:             core_clk_6m144
  Path Type:              Setup (Max at Slow Process Corner)
  Requirement:            162.760ns  (core_clk_6m144 rise@162.760ns - core_clk_6m144 rise@0.000ns)
  Data Path Delay:        11.514ns  (logic 4.913ns (42.670%)  route 6.601ns (57.330%))
  Logic Levels:           15  (CARRY4=8 DSP48E1=1 LUT2=1 LUT3=2 LUT4=1 LUT5=1 LUT6=1)
  Clock Path Skew:        -0.038ns (DCD - SCD + CPR)
    Destination Clock Delay (DCD):    1.247ns = ( 164.007 - 162.760 ) 
    Source Clock Delay      (SCD):    1.350ns
    Clock Pessimism Removal (CPR):    0.065ns
  Clock Uncertainty:      0.035ns  ((TSJ^2 + TIJ^2)^1/2 + DJ) / 2 + PE
    Total System Jitter     (TSJ):    0.071ns
    Total Input Jitter      (TIJ):    0.000ns
    Discrete Jitter          (DJ):    0.000ns
    Phase Error              (PE):    0.000ns

    Location             Delay type                Incr(ns)  Path(ns)    Netlist Resource(s)
  -------------------------------------------------------------------    -------------------
                         (clock core_clk_6m144 rise edge)
                                                      0.000     0.000 r  
                                                      0.000     0.000 r  clk (IN)
                         net (fo=310, unset)          1.350     1.350    clk
    SLICE_X41Y59         FDRE                                         r  gen_serial_cic_comb.u_cic_interp16_serial_comb_dsp_ce/burst_remaining_reg[0]/C
  -------------------------------------------------------------------    -------------------
    SLICE_X41Y59         FDRE (Prop_fdre_C_Q)         0.379     1.729 f  gen_serial_cic_comb.u_cic_interp16_serial_comb_dsp_ce/burst_remaining_reg[0]/Q
                         net (fo=6, routed)           0.716     2.445    gen_serial_cic_comb.u_cic_interp16_serial_comb_dsp_ce/burst_remaining_reg_n_0_[0]
    SLICE_X41Y59         LUT6 (Prop_lut6_I2_O)        0.105     2.550 r  interp128_all2x_LUT6/O
                         net (fo=51, routed)          1.467     4.017    interp128_all2x_net
    SLICE_X40Y60         LUT3 (Prop_lut3_I2_O)        0.105     4.122 r  interp128_all2x_LUT3_19/O
                         net (fo=9, routed)           0.614     4.735    interp128_all2x_net_2
    SLICE_X43Y60         LUT2 (Prop_lut2_I1_O)        0.108     4.843 r  interp128_all2x_LUT2_24/O
                         net (fo=2, routed)           0.690     5.533    interp128_all2x_net_86
    SLICE_X45Y60         CARRY4 (Prop_carry4_S[3]_CO[3])
                                                      0.599     6.132 r  gen_serial_cic_comb.u_cic_interp16_serial_comb_dsp_ce/gen_first_integrator_carry.first_integrator_sum_carry__4/CO[3]
                         net (fo=1, routed)           0.000     6.132    gen_serial_cic_comb.u_cic_interp16_serial_comb_dsp_ce/gen_first_integrator_carry.first_integrator_sum_carry__4_n_0
    SLICE_X45Y61         CARRY4 (Prop_carry4_CI_O[1])
                                                      0.265     6.397 r  gen_serial_cic_comb.u_cic_interp16_serial_comb_dsp_ce/gen_first_integrator_carry.first_integrator_sum_carry__5/O[1]
                         net (fo=23, routed)          1.020     7.417    final_input_rounded[25]
    DSP48_X1Y22          DSP48E1 (Prop_dsp48e1_A[23]_P[2])
                                                      1.889     9.306 f  gen_serial_cic_comb.u_cic_interp16_serial_comb_dsp_ce/gen_final_integrator_dsp.final_integrator_sum/P[2]
                         net (fo=2, routed)           0.814    10.120    gen_serial_cic_comb.u_cic_interp16_serial_comb_dsp_ce/gen_final_integrator_dsp.final_integrator_sum_n_103
    SLICE_X54Y55         LUT3 (Prop_lut3_I1_O)        0.105    10.225 r  interp128_all2x_LUT3_27/O
                         net (fo=1, routed)           0.473    10.698    interp128_all2x_net_19
    SLICE_X54Y56         LUT5 (Prop_lut5_I4_O)        0.105    10.803 r  interp128_all2x_LUT5_26/O
                         net (fo=1, routed)           0.000    10.803    rounded_value_carry_i_1__0_n_0
    SLICE_X54Y56         CARRY4 (Prop_carry4_S[0]_CO[3])
                                                      0.423    11.226 r  gen_serial_cic_comb.u_cic_interp16_serial_comb_dsp_ce/u_round_cic_normalized_output/rounded_value_carry/CO[3]
                         net (fo=1, routed)           0.000    11.226    gen_serial_cic_comb.u_cic_interp16_serial_comb_dsp_ce/u_round_cic_normalized_output/rounded_value_carry_n_0
    SLICE_X54Y57         CARRY4 (Prop_carry4_CI_CO[3])
                                                      0.100    11.326 r  gen_serial_cic_comb.u_cic_interp16_serial_comb_dsp_ce/u_round_cic_normalized_output/rounded_value_carry__0/CO[3]
                         net (fo=1, routed)           0.000    11.326    gen_serial_cic_comb.u_cic_interp16_serial_comb_dsp_ce/u_round_cic_normalized_output/rounded_value_carry__0_n_0
    SLICE_X54Y58         CARRY4 (Prop_carry4_CI_CO[3])
                                                      0.100    11.426 r  gen_serial_cic_comb.u_cic_interp16_serial_comb_dsp_ce/u_round_cic_normalized_output/rounded_value_carry__1/CO[3]
                         net (fo=1, routed)           0.000    11.426    gen_serial_cic_comb.u_cic_interp16_serial_comb_dsp_ce/u_round_cic_normalized_output/rounded_value_carry__1_n_0
    SLICE_X54Y59         CARRY4 (Prop_carry4_CI_CO[3])
                                                      0.100    11.526 r  gen_serial_cic_comb.u_cic_interp16_serial_comb_dsp_ce/u_round_cic_normalized_output/rounded_value_carry__2/CO[3]
                         net (fo=1, routed)           0.000    11.526    gen_serial_cic_comb.u_cic_interp16_serial_comb_dsp_ce/u_round_cic_normalized_output/rounded_value_carry__2_n_0
    SLICE_X54Y60         CARRY4 (Prop_carry4_CI_CO[3])
                                                      0.100    11.626 r  gen_serial_cic_comb.u_cic_interp16_serial_comb_dsp_ce/u_round_cic_normalized_output/rounded_value_carry__3/CO[3]
                         net (fo=1, routed)           0.000    11.626    gen_serial_cic_comb.u_cic_interp16_serial_comb_dsp_ce/u_round_cic_normalized_output/rounded_value_carry__3_n_0
    SLICE_X54Y61         CARRY4 (Prop_carry4_CI_O[0])
                                                      0.178    11.804 r  gen_serial_cic_comb.u_cic_interp16_serial_comb_dsp_ce/u_round_cic_normalized_output/rounded_value_carry__4/O[0]
                         net (fo=19, routed)          0.808    12.612    gen_serial_cic_comb.u_cic_interp16_serial_comb_dsp_ce/u_round_cic_normalized_output/rounded_value_carry__4_n_7
    SLICE_X55Y59         LUT4 (Prop_lut4_I1_O)        0.252    12.864 r  y_out[14]_i_1__0/O
                         net (fo=1, routed)           0.000    12.864    normalized_output[14]
    SLICE_X55Y59         FDRE                                         r  gen_serial_cic_comb.u_cic_interp16_serial_comb_dsp_ce/y_out_reg[14]/D
  -------------------------------------------------------------------    -------------------

                         (clock core_clk_6m144 rise edge)
                                                    162.760   162.760 r  
                                                      0.000   162.760 r  clk (IN)
                         net (fo=310, unset)          1.247   164.007    clk
    SLICE_X55Y59         FDRE                                         r  gen_serial_cic_comb.u_cic_interp16_serial_comb_dsp_ce/y_out_reg[14]/C
                         clock pessimism              0.065   164.072    
                         clock uncertainty           -0.035   164.037    
    SLICE_X55Y59         FDRE (Setup_fdre_C_D)        0.069   164.106    gen_serial_cic_comb.u_cic_interp16_serial_comb_dsp_ce/y_out_reg[14]
  -------------------------------------------------------------------
                         required time                        164.106    
                         arrival time                         -12.864    
  -------------------------------------------------------------------
                         slack                                151.242    

Slack (MET) :             151.295ns  (required time - arrival time)
  Source:                 gen_serial_cic_comb.u_cic_interp16_serial_comb_dsp_ce/burst_remaining_reg[0]/C
                            (rising edge-triggered cell FDRE clocked by core_clk_6m144  {rise@0.000ns fall@81.380ns period=162.760ns})
  Destination:            gen_serial_cic_comb.u_cic_interp16_serial_comb_dsp_ce/y_out_reg[15]/D
                            (rising edge-triggered cell FDRE clocked by core_clk_6m144  {rise@0.000ns fall@81.380ns period=162.760ns})
  Path Group:             core_clk_6m144
  Path Type:              Setup (Max at Slow Process Corner)
  Requirement:            162.760ns  (core_clk_6m144 rise@162.760ns - core_clk_6m144 rise@0.000ns)
  Data Path Delay:        11.424ns  (logic 4.795ns (41.974%)  route 6.629ns (58.026%))
  Logic Levels:           13  (CARRY4=6 DSP48E1=1 LUT2=1 LUT3=2 LUT4=1 LUT5=1 LUT6=1)
  Clock Path Skew:        -0.038ns (DCD - SCD + CPR)
    Destination Clock Delay (DCD):    1.247ns = ( 164.007 - 162.760 ) 
    Source Clock Delay      (SCD):    1.350ns
    Clock Pessimism Removal (CPR):    0.065ns
  Clock Uncertainty:      0.035ns  ((TSJ^2 + TIJ^2)^1/2 + DJ) / 2 + PE
    Total System Jitter     (TSJ):    0.071ns
    Total Input Jitter      (TIJ):    0.000ns
    Discrete Jitter          (DJ):    0.000ns
    Phase Error              (PE):    0.000ns

    Location             Delay type                Incr(ns)  Path(ns)    Netlist Resource(s)
  -------------------------------------------------------------------    -------------------
                         (clock core_clk_6m144 rise edge)
                                                      0.000     0.000 r  
                                                      0.000     0.000 r  clk (IN)
                         net (fo=310, unset)          1.350     1.350    clk
    SLICE_X41Y59         FDRE                                         r  gen_serial_cic_comb.u_cic_interp16_serial_comb_dsp_ce/burst_remaining_reg[0]/C
  -------------------------------------------------------------------    -------------------
    SLICE_X41Y59         FDRE (Prop_fdre_C_Q)         0.379     1.729 f  gen_serial_cic_comb.u_cic_interp16_serial_comb_dsp_ce/burst_remaining_reg[0]/Q
                         net (fo=6, routed)           0.716     2.445    gen_serial_cic_comb.u_cic_interp16_serial_comb_dsp_ce/burst_remaining_reg_n_0_[0]
    SLICE_X41Y59         LUT6 (Prop_lut6_I2_O)        0.105     2.550 r  interp128_all2x_LUT6/O
                         net (fo=51, routed)          1.467     4.017    interp128_all2x_net
    SLICE_X40Y60         LUT3 (Prop_lut3_I2_O)        0.105     4.122 r  interp128_all2x_LUT3_19/O
                         net (fo=9, routed)           0.614     4.735    interp128_all2x_net_2
    SLICE_X43Y60         LUT2 (Prop_lut2_I1_O)        0.108     4.843 r  interp128_all2x_LUT2_24/O
                         net (fo=2, routed)           0.690     5.533    interp128_all2x_net_86
    SLICE_X45Y60         CARRY4 (Prop_carry4_S[3]_CO[3])
                                                      0.599     6.132 r  gen_serial_cic_comb.u_cic_interp16_serial_comb_dsp_ce/gen_first_integrator_carry.first_integrator_sum_carry__4/CO[3]
                         net (fo=1, routed)           0.000     6.132    gen_serial_cic_comb.u_cic_interp16_serial_comb_dsp_ce/gen_first_integrator_carry.first_integrator_sum_carry__4_n_0
    SLICE_X45Y61         CARRY4 (Prop_carry4_CI_O[1])
                                                      0.265     6.397 r  gen_serial_cic_comb.u_cic_interp16_serial_comb_dsp_ce/gen_first_integrator_carry.first_integrator_sum_carry__5/O[1]
                         net (fo=23, routed)          1.020     7.417    final_input_rounded[25]
    DSP48_X1Y22          DSP48E1 (Prop_dsp48e1_A[23]_P[2])
                                                      1.889     9.306 f  gen_serial_cic_comb.u_cic_interp16_serial_comb_dsp_ce/gen_final_integrator_dsp.final_integrator_sum/P[2]
                         net (fo=2, routed)           0.814    10.120    gen_serial_cic_comb.u_cic_interp16_serial_comb_dsp_ce/gen_final_integrator_dsp.final_integrator_sum_n_103
    SLICE_X54Y55         LUT3 (Prop_lut3_I1_O)        0.105    10.225 r  interp128_all2x_LUT3_27/O
                         net (fo=1, routed)           0.473    10.698    interp128_all2x_net_19
    SLICE_X54Y56         LUT5 (Prop_lut5_I4_O)        0.105    10.803 r  interp128_all2x_LUT5_26/O
                         net (fo=1, routed)           0.000    10.803    rounded_value_carry_i_1__0_n_0
    SLICE_X54Y56         CARRY4 (Prop_carry4_S[0]_CO[3])
                                                      0.423    11.226 r  gen_serial_cic_comb.u_cic_interp16_serial_comb_dsp_ce/u_round_cic_normalized_output/rounded_value_carry/CO[3]
                         net (fo=1, routed)           0.000    11.226    gen_serial_cic_comb.u_cic_interp16_serial_comb_dsp_ce/u_round_cic_normalized_output/rounded_value_carry_n_0
    SLICE_X54Y57         CARRY4 (Prop_carry4_CI_CO[3])
                                                      0.100    11.326 r  gen_serial_cic_comb.u_cic_interp16_serial_comb_dsp_ce/u_round_cic_normalized_output/rounded_value_carry__0/CO[3]
                         net (fo=1, routed)           0.000    11.326    gen_serial_cic_comb.u_cic_interp16_serial_comb_dsp_ce/u_round_cic_normalized_output/rounded_value_carry__0_n_0
    SLICE_X54Y58         CARRY4 (Prop_carry4_CI_CO[3])
                                                      0.100    11.426 r  gen_serial_cic_comb.u_cic_interp16_serial_comb_dsp_ce/u_round_cic_normalized_output/rounded_value_carry__1/CO[3]
                         net (fo=1, routed)           0.000    11.426    gen_serial_cic_comb.u_cic_interp16_serial_comb_dsp_ce/u_round_cic_normalized_output/rounded_value_carry__1_n_0
    SLICE_X54Y59         CARRY4 (Prop_carry4_CI_O[3])
                                                      0.262    11.688 r  gen_serial_cic_comb.u_cic_interp16_serial_comb_dsp_ce/u_round_cic_normalized_output/rounded_value_carry__2/O[3]
                         net (fo=1, routed)           0.836    12.524    gen_serial_cic_comb.u_cic_interp16_serial_comb_dsp_ce/u_round_cic_normalized_output/rounded_value_carry__2_n_4
    SLICE_X55Y59         LUT4 (Prop_lut4_I0_O)        0.250    12.774 r  y_out[15]_i_1__0/O
                         net (fo=1, routed)           0.000    12.774    normalized_output[15]
    SLICE_X55Y59         FDRE                                         r  gen_serial_cic_comb.u_cic_interp16_serial_comb_dsp_ce/y_out_reg[15]/D
  -------------------------------------------------------------------    -------------------

                         (clock core_clk_6m144 rise edge)
                                                    162.760   162.760 r  
                                                      0.000   162.760 r  clk (IN)
                         net (fo=310, unset)          1.247   164.007    clk
    SLICE_X55Y59         FDRE                                         r  gen_serial_cic_comb.u_cic_interp16_serial_comb_dsp_ce/y_out_reg[15]/C
                         clock pessimism              0.065   164.072    
                         clock uncertainty           -0.035   164.037    
    SLICE_X55Y59         FDRE (Setup_fdre_C_D)        0.032   164.069    gen_serial_cic_comb.u_cic_interp16_serial_comb_dsp_ce/y_out_reg[15]
  -------------------------------------------------------------------
                         required time                        164.069    
                         arrival time                         -12.774    
  -------------------------------------------------------------------
                         slack                                151.295    

Slack (MET) :             151.382ns  (required time - arrival time)
  Source:                 gen_serial_cic_comb.u_cic_interp16_serial_comb_dsp_ce/burst_remaining_reg[0]/C
                            (rising edge-triggered cell FDRE clocked by core_clk_6m144  {rise@0.000ns fall@81.380ns period=162.760ns})
  Destination:            gen_serial_cic_comb.u_cic_interp16_serial_comb_dsp_ce/y_out_reg[16]/D
                            (rising edge-triggered cell FDRE clocked by core_clk_6m144  {rise@0.000ns fall@81.380ns period=162.760ns})
  Path Group:             core_clk_6m144
  Path Type:              Setup (Max at Slow Process Corner)
  Requirement:            162.760ns  (core_clk_6m144 rise@162.760ns - core_clk_6m144 rise@0.000ns)
  Data Path Delay:        11.374ns  (logic 4.921ns (43.265%)  route 6.453ns (56.735%))
  Logic Levels:           15  (CARRY4=8 DSP48E1=1 LUT2=1 LUT3=2 LUT4=1 LUT5=1 LUT6=1)
  Clock Path Skew:        -0.038ns (DCD - SCD + CPR)
    Destination Clock Delay (DCD):    1.247ns = ( 164.007 - 162.760 ) 
    Source Clock Delay      (SCD):    1.350ns
    Clock Pessimism Removal (CPR):    0.065ns
  Clock Uncertainty:      0.035ns  ((TSJ^2 + TIJ^2)^1/2 + DJ) / 2 + PE
    Total System Jitter     (TSJ):    0.071ns
    Total Input Jitter      (TIJ):    0.000ns
    Discrete Jitter          (DJ):    0.000ns
    Phase Error              (PE):    0.000ns

    Location             Delay type                Incr(ns)  Path(ns)    Netlist Resource(s)
  -------------------------------------------------------------------    -------------------
                         (clock core_clk_6m144 rise edge)
                                                      0.000     0.000 r  
                                                      0.000     0.000 r  clk (IN)
                         net (fo=310, unset)          1.350     1.350    clk
    SLICE_X41Y59         FDRE                                         r  gen_serial_cic_comb.u_cic_interp16_serial_comb_dsp_ce/burst_remaining_reg[0]/C
  -------------------------------------------------------------------    -------------------
    SLICE_X41Y59         FDRE (Prop_fdre_C_Q)         0.379     1.729 f  gen_serial_cic_comb.u_cic_interp16_serial_comb_dsp_ce/burst_remaining_reg[0]/Q
                         net (fo=6, routed)           0.716     2.445    gen_serial_cic_comb.u_cic_interp16_serial_comb_dsp_ce/burst_remaining_reg_n_0_[0]
    SLICE_X41Y59         LUT6 (Prop_lut6_I2_O)        0.105     2.550 r  interp128_all2x_LUT6/O
                         net (fo=51, routed)          1.467     4.017    interp128_all2x_net
    SLICE_X40Y60         LUT3 (Prop_lut3_I2_O)        0.105     4.122 r  interp128_all2x_LUT3_19/O
                         net (fo=9, routed)           0.614     4.735    interp128_all2x_net_2
    SLICE_X43Y60         LUT2 (Prop_lut2_I1_O)        0.108     4.843 r  interp128_all2x_LUT2_24/O
                         net (fo=2, routed)           0.690     5.533    interp128_all2x_net_86
    SLICE_X45Y60         CARRY4 (Prop_carry4_S[3]_CO[3])
                                                      0.599     6.132 r  gen_serial_cic_comb.u_cic_interp16_serial_comb_dsp_ce/gen_first_integrator_carry.first_integrator_sum_carry__4/CO[3]
                         net (fo=1, routed)           0.000     6.132    gen_serial_cic_comb.u_cic_interp16_serial_comb_dsp_ce/gen_first_integrator_carry.first_integrator_sum_carry__4_n_0
    SLICE_X45Y61         CARRY4 (Prop_carry4_CI_O[1])
                                                      0.265     6.397 r  gen_serial_cic_comb.u_cic_interp16_serial_comb_dsp_ce/gen_first_integrator_carry.first_integrator_sum_carry__5/O[1]
                         net (fo=23, routed)          1.020     7.417    final_input_rounded[25]
    DSP48_X1Y22          DSP48E1 (Prop_dsp48e1_A[23]_P[2])
                                                      1.889     9.306 f  gen_serial_cic_comb.u_cic_interp16_serial_comb_dsp_ce/gen_final_integrator_dsp.final_integrator_sum/P[2]
                         net (fo=2, routed)           0.814    10.120    gen_serial_cic_comb.u_cic_interp16_serial_comb_dsp_ce/gen_final_integrator_dsp.final_integrator_sum_n_103
    SLICE_X54Y55         LUT3 (Prop_lut3_I1_O)        0.105    10.225 r  interp128_all2x_LUT3_27/O
                         net (fo=1, routed)           0.473    10.698    interp128_all2x_net_19
    SLICE_X54Y56         LUT5 (Prop_lut5_I4_O)        0.105    10.803 r  interp128_all2x_LUT5_26/O
                         net (fo=1, routed)           0.000    10.803    rounded_value_carry_i_1__0_n_0
    SLICE_X54Y56         CARRY4 (Prop_carry4_S[0]_CO[3])
                                                      0.423    11.226 r  gen_serial_cic_comb.u_cic_interp16_serial_comb_dsp_ce/u_round_cic_normalized_output/rounded_value_carry/CO[3]
                         net (fo=1, routed)           0.000    11.226    gen_serial_cic_comb.u_cic_interp16_serial_comb_dsp_ce/u_round_cic_normalized_output/rounded_value_carry_n_0
    SLICE_X54Y57         CARRY4 (Prop_carry4_CI_CO[3])
                                                      0.100    11.326 r  gen_serial_cic_comb.u_cic_interp16_serial_comb_dsp_ce/u_round_cic_normalized_output/rounded_value_carry__0/CO[3]
                         net (fo=1, routed)           0.000    11.326    gen_serial_cic_comb.u_cic_interp16_serial_comb_dsp_ce/u_round_cic_normalized_output/rounded_value_carry__0_n_0
    SLICE_X54Y58         CARRY4 (Prop_carry4_CI_CO[3])
                                                      0.100    11.426 r  gen_serial_cic_comb.u_cic_interp16_serial_comb_dsp_ce/u_round_cic_normalized_output/rounded_value_carry__1/CO[3]
                         net (fo=1, routed)           0.000    11.426    gen_serial_cic_comb.u_cic_interp16_serial_comb_dsp_ce/u_round_cic_normalized_output/rounded_value_carry__1_n_0
    SLICE_X54Y59         CARRY4 (Prop_carry4_CI_CO[3])
                                                      0.100    11.526 r  gen_serial_cic_comb.u_cic_interp16_serial_comb_dsp_ce/u_round_cic_normalized_output/rounded_value_carry__2/CO[3]
                         net (fo=1, routed)           0.000    11.526    gen_serial_cic_comb.u_cic_interp16_serial_comb_dsp_ce/u_round_cic_normalized_output/rounded_value_carry__2_n_0
    SLICE_X54Y60         CARRY4 (Prop_carry4_CI_CO[3])
                                                      0.100    11.626 r  gen_serial_cic_comb.u_cic_interp16_serial_comb_dsp_ce/u_round_cic_normalized_output/rounded_value_carry__3/CO[3]
                         net (fo=1, routed)           0.000    11.626    gen_serial_cic_comb.u_cic_interp16_serial_comb_dsp_ce/u_round_cic_normalized_output/rounded_value_carry__3_n_0
    SLICE_X54Y61         CARRY4 (Prop_carry4_CI_O[0])
                                                      0.178    11.804 r  gen_serial_cic_comb.u_cic_interp16_serial_comb_dsp_ce/u_round_cic_normalized_output/rounded_value_carry__4/O[0]
                         net (fo=19, routed)          0.660    12.464    gen_serial_cic_comb.u_cic_interp16_serial_comb_dsp_ce/u_round_cic_normalized_output/rounded_value_carry__4_n_7
    SLICE_X55Y59         LUT4 (Prop_lut4_I1_O)        0.260    12.724 r  y_out[16]_i_1__0/O
                         net (fo=1, routed)           0.000    12.724    normalized_output[16]
    SLICE_X55Y59         FDRE                                         r  gen_serial_cic_comb.u_cic_interp16_serial_comb_dsp_ce/y_out_reg[16]/D
  -------------------------------------------------------------------    -------------------

                         (clock core_clk_6m144 rise edge)
                                                    162.760   162.760 r  
                                                      0.000   162.760 r  clk (IN)
                         net (fo=310, unset)          1.247   164.007    clk
    SLICE_X55Y59         FDRE                                         r  gen_serial_cic_comb.u_cic_interp16_serial_comb_dsp_ce/y_out_reg[16]/C
                         clock pessimism              0.065   164.072    
                         clock uncertainty           -0.035   164.037    
    SLICE_X55Y59         FDRE (Setup_fdre_C_D)        0.069   164.106    gen_serial_cic_comb.u_cic_interp16_serial_comb_dsp_ce/y_out_reg[16]
  -------------------------------------------------------------------
                         required time                        164.106    
                         arrival time                         -12.724    
  -------------------------------------------------------------------
                         slack                                151.382    

Slack (MET) :             151.441ns  (required time - arrival time)
  Source:                 gen_serial_cic_comb.u_cic_interp16_serial_comb_dsp_ce/burst_remaining_reg[0]/C
                            (rising edge-triggered cell FDRE clocked by core_clk_6m144  {rise@0.000ns fall@81.380ns period=162.760ns})
  Destination:            gen_serial_cic_comb.u_cic_interp16_serial_comb_dsp_ce/y_out_reg[17]/D
                            (rising edge-triggered cell FDRE clocked by core_clk_6m144  {rise@0.000ns fall@81.380ns period=162.760ns})
  Path Group:             core_clk_6m144
  Path Type:              Setup (Max at Slow Process Corner)
  Requirement:            162.760ns  (core_clk_6m144 rise@162.760ns - core_clk_6m144 rise@0.000ns)
  Data Path Delay:        11.274ns  (logic 4.899ns (43.453%)  route 6.375ns (56.547%))
  Logic Levels:           15  (CARRY4=8 DSP48E1=1 LUT2=1 LUT3=2 LUT4=1 LUT5=1 LUT6=1)
  Clock Path Skew:        -0.039ns (DCD - SCD + CPR)
    Destination Clock Delay (DCD):    1.246ns = ( 164.006 - 162.760 ) 
    Source Clock Delay      (SCD):    1.350ns
    Clock Pessimism Removal (CPR):    0.065ns
  Clock Uncertainty:      0.035ns  ((TSJ^2 + TIJ^2)^1/2 + DJ) / 2 + PE
    Total System Jitter     (TSJ):    0.071ns
    Total Input Jitter      (TIJ):    0.000ns
    Discrete Jitter          (DJ):    0.000ns
    Phase Error              (PE):    0.000ns

    Location             Delay type                Incr(ns)  Path(ns)    Netlist Resource(s)
  -------------------------------------------------------------------    -------------------
                         (clock core_clk_6m144 rise edge)
                                                      0.000     0.000 r  
                                                      0.000     0.000 r  clk (IN)
                         net (fo=310, unset)          1.350     1.350    clk
    SLICE_X41Y59         FDRE                                         r  gen_serial_cic_comb.u_cic_interp16_serial_comb_dsp_ce/burst_remaining_reg[0]/C
  -------------------------------------------------------------------    -------------------
    SLICE_X41Y59         FDRE (Prop_fdre_C_Q)         0.379     1.729 f  gen_serial_cic_comb.u_cic_interp16_serial_comb_dsp_ce/burst_remaining_reg[0]/Q
                         net (fo=6, routed)           0.716     2.445    gen_serial_cic_comb.u_cic_interp16_serial_comb_dsp_ce/burst_remaining_reg_n_0_[0]
    SLICE_X41Y59         LUT6 (Prop_lut6_I2_O)        0.105     2.550 r  interp128_all2x_LUT6/O
                         net (fo=51, routed)          1.467     4.017    interp128_all2x_net
    SLICE_X40Y60         LUT3 (Prop_lut3_I2_O)        0.105     4.122 r  interp128_all2x_LUT3_19/O
                         net (fo=9, routed)           0.614     4.735    interp128_all2x_net_2
    SLICE_X43Y60         LUT2 (Prop_lut2_I1_O)        0.108     4.843 r  interp128_all2x_LUT2_24/O
                         net (fo=2, routed)           0.690     5.533    interp128_all2x_net_86
    SLICE_X45Y60         CARRY4 (Prop_carry4_S[3]_CO[3])
                                                      0.599     6.132 r  gen_serial_cic_comb.u_cic_interp16_serial_comb_dsp_ce/gen_first_integrator_carry.first_integrator_sum_carry__4/CO[3]
                         net (fo=1, routed)           0.000     6.132    gen_serial_cic_comb.u_cic_interp16_serial_comb_dsp_ce/gen_first_integrator_carry.first_integrator_sum_carry__4_n_0
    SLICE_X45Y61         CARRY4 (Prop_carry4_CI_O[1])
                                                      0.265     6.397 r  gen_serial_cic_comb.u_cic_interp16_serial_comb_dsp_ce/gen_first_integrator_carry.first_integrator_sum_carry__5/O[1]
                         net (fo=23, routed)          1.020     7.417    final_input_rounded[25]
    DSP48_X1Y22          DSP48E1 (Prop_dsp48e1_A[23]_P[2])
                                                      1.889     9.306 f  gen_serial_cic_comb.u_cic_interp16_serial_comb_dsp_ce/gen_final_integrator_dsp.final_integrator_sum/P[2]
                         net (fo=2, routed)           0.814    10.120    gen_serial_cic_comb.u_cic_interp16_serial_comb_dsp_ce/gen_final_integrator_dsp.final_integrator_sum_n_103
    SLICE_X54Y55         LUT3 (Prop_lut3_I1_O)        0.105    10.225 r  interp128_all2x_LUT3_27/O
                         net (fo=1, routed)           0.473    10.698    interp128_all2x_net_19
    SLICE_X54Y56         LUT5 (Prop_lut5_I4_O)        0.105    10.803 r  interp128_all2x_LUT5_26/O
                         net (fo=1, routed)           0.000    10.803    rounded_value_carry_i_1__0_n_0
    SLICE_X54Y56         CARRY4 (Prop_carry4_S[0]_CO[3])
                                                      0.423    11.226 r  gen_serial_cic_comb.u_cic_interp16_serial_comb_dsp_ce/u_round_cic_normalized_output/rounded_value_carry/CO[3]
                         net (fo=1, routed)           0.000    11.226    gen_serial_cic_comb.u_cic_interp16_serial_comb_dsp_ce/u_round_cic_normalized_output/rounded_value_carry_n_0
    SLICE_X54Y57         CARRY4 (Prop_carry4_CI_CO[3])
                                                      0.100    11.326 r  gen_serial_cic_comb.u_cic_interp16_serial_comb_dsp_ce/u_round_cic_normalized_output/rounded_value_carry__0/CO[3]
                         net (fo=1, routed)           0.000    11.326    gen_serial_cic_comb.u_cic_interp16_serial_comb_dsp_ce/u_round_cic_normalized_output/rounded_value_carry__0_n_0
    SLICE_X54Y58         CARRY4 (Prop_carry4_CI_CO[3])
                                                      0.100    11.426 r  gen_serial_cic_comb.u_cic_interp16_serial_comb_dsp_ce/u_round_cic_normalized_output/rounded_value_carry__1/CO[3]
                         net (fo=1, routed)           0.000    11.426    gen_serial_cic_comb.u_cic_interp16_serial_comb_dsp_ce/u_round_cic_normalized_output/rounded_value_carry__1_n_0
    SLICE_X54Y59         CARRY4 (Prop_carry4_CI_CO[3])
                                                      0.100    11.526 r  gen_serial_cic_comb.u_cic_interp16_serial_comb_dsp_ce/u_round_cic_normalized_output/rounded_value_carry__2/CO[3]
                         net (fo=1, routed)           0.000    11.526    gen_serial_cic_comb.u_cic_interp16_serial_comb_dsp_ce/u_round_cic_normalized_output/rounded_value_carry__2_n_0
    SLICE_X54Y60         CARRY4 (Prop_carry4_CI_CO[3])
                                                      0.100    11.626 r  gen_serial_cic_comb.u_cic_interp16_serial_comb_dsp_ce/u_round_cic_normalized_output/rounded_value_carry__3/CO[3]
                         net (fo=1, routed)           0.000    11.626    gen_serial_cic_comb.u_cic_interp16_serial_comb_dsp_ce/u_round_cic_normalized_output/rounded_value_carry__3_n_0
    SLICE_X54Y61         CARRY4 (Prop_carry4_CI_O[0])
                                                      0.178    11.804 r  gen_serial_cic_comb.u_cic_interp16_serial_comb_dsp_ce/u_round_cic_normalized_output/rounded_value_carry__4/O[0]
                         net (fo=19, routed)          0.582    12.386    gen_serial_cic_comb.u_cic_interp16_serial_comb_dsp_ce/u_round_cic_normalized_output/rounded_value_carry__4_n_7
    SLICE_X55Y60         LUT4 (Prop_lut4_I1_O)        0.238    12.624 r  y_out[17]_i_1__0/O
                         net (fo=1, routed)           0.000    12.624    normalized_output[17]
    SLICE_X55Y60         FDRE                                         r  gen_serial_cic_comb.u_cic_interp16_serial_comb_dsp_ce/y_out_reg[17]/D
  -------------------------------------------------------------------    -------------------

                         (clock core_clk_6m144 rise edge)
                                                    162.760   162.760 r  
                                                      0.000   162.760 r  clk (IN)
                         net (fo=310, unset)          1.246   164.006    clk
    SLICE_X55Y60         FDRE                                         r  gen_serial_cic_comb.u_cic_interp16_serial_comb_dsp_ce/y_out_reg[17]/C
                         clock pessimism              0.065   164.071    
                         clock uncertainty           -0.035   164.036    
    SLICE_X55Y60         FDRE (Setup_fdre_C_D)        0.030   164.066    gen_serial_cic_comb.u_cic_interp16_serial_comb_dsp_ce/y_out_reg[17]
  -------------------------------------------------------------------
                         required time                        164.066    
                         arrival time                         -12.624    
  -------------------------------------------------------------------
                         slack                                151.441    

Slack (MET) :             151.459ns  (required time - arrival time)
  Source:                 gen_serial_cic_comb.u_cic_interp16_serial_comb_dsp_ce/burst_remaining_reg[0]/C
                            (rising edge-triggered cell FDRE clocked by core_clk_6m144  {rise@0.000ns fall@81.380ns period=162.760ns})
  Destination:            gen_serial_cic_comb.u_cic_interp16_serial_comb_dsp_ce/y_out_reg[18]/D
                            (rising edge-triggered cell FDRE clocked by core_clk_6m144  {rise@0.000ns fall@81.380ns period=162.760ns})
  Path Group:             core_clk_6m144
  Path Type:              Setup (Max at Slow Process Corner)
  Requirement:            162.760ns  (core_clk_6m144 rise@162.760ns - core_clk_6m144 rise@0.000ns)
  Data Path Delay:        11.295ns  (logic 4.920ns (43.558%)  route 6.375ns (56.442%))
  Logic Levels:           15  (CARRY4=8 DSP48E1=1 LUT2=1 LUT3=2 LUT4=1 LUT5=1 LUT6=1)
  Clock Path Skew:        -0.039ns (DCD - SCD + CPR)
    Destination Clock Delay (DCD):    1.246ns = ( 164.006 - 162.760 ) 
    Source Clock Delay      (SCD):    1.350ns
    Clock Pessimism Removal (CPR):    0.065ns
  Clock Uncertainty:      0.035ns  ((TSJ^2 + TIJ^2)^1/2 + DJ) / 2 + PE
    Total System Jitter     (TSJ):    0.071ns
    Total Input Jitter      (TIJ):    0.000ns
    Discrete Jitter          (DJ):    0.000ns
    Phase Error              (PE):    0.000ns

    Location             Delay type                Incr(ns)  Path(ns)    Netlist Resource(s)
  -------------------------------------------------------------------    -------------------
                         (clock core_clk_6m144 rise edge)
                                                      0.000     0.000 r  
                                                      0.000     0.000 r  clk (IN)
                         net (fo=310, unset)          1.350     1.350    clk
    SLICE_X41Y59         FDRE                                         r  gen_serial_cic_comb.u_cic_interp16_serial_comb_dsp_ce/burst_remaining_reg[0]/C
  -------------------------------------------------------------------    -------------------
    SLICE_X41Y59         FDRE (Prop_fdre_C_Q)         0.379     1.729 f  gen_serial_cic_comb.u_cic_interp16_serial_comb_dsp_ce/burst_remaining_reg[0]/Q
                         net (fo=6, routed)           0.716     2.445    gen_serial_cic_comb.u_cic_interp16_serial_comb_dsp_ce/burst_remaining_reg_n_0_[0]
    SLICE_X41Y59         LUT6 (Prop_lut6_I2_O)        0.105     2.550 r  interp128_all2x_LUT6/O
                         net (fo=51, routed)          1.467     4.017    interp128_all2x_net
    SLICE_X40Y60         LUT3 (Prop_lut3_I2_O)        0.105     4.122 r  interp128_all2x_LUT3_19/O
                         net (fo=9, routed)           0.614     4.735    interp128_all2x_net_2
    SLICE_X43Y60         LUT2 (Prop_lut2_I1_O)        0.108     4.843 r  interp128_all2x_LUT2_24/O
                         net (fo=2, routed)           0.690     5.533    interp128_all2x_net_86
    SLICE_X45Y60         CARRY4 (Prop_carry4_S[3]_CO[3])
                                                      0.599     6.132 r  gen_serial_cic_comb.u_cic_interp16_serial_comb_dsp_ce/gen_first_integrator_carry.first_integrator_sum_carry__4/CO[3]
                         net (fo=1, routed)           0.000     6.132    gen_serial_cic_comb.u_cic_interp16_serial_comb_dsp_ce/gen_first_integrator_carry.first_integrator_sum_carry__4_n_0
    SLICE_X45Y61         CARRY4 (Prop_carry4_CI_O[1])
                                                      0.265     6.397 r  gen_serial_cic_comb.u_cic_interp16_serial_comb_dsp_ce/gen_first_integrator_carry.first_integrator_sum_carry__5/O[1]
                         net (fo=23, routed)          1.020     7.417    final_input_rounded[25]
    DSP48_X1Y22          DSP48E1 (Prop_dsp48e1_A[23]_P[2])
                                                      1.889     9.306 f  gen_serial_cic_comb.u_cic_interp16_serial_comb_dsp_ce/gen_final_integrator_dsp.final_integrator_sum/P[2]
                         net (fo=2, routed)           0.814    10.120    gen_serial_cic_comb.u_cic_interp16_serial_comb_dsp_ce/gen_final_integrator_dsp.final_integrator_sum_n_103
    SLICE_X54Y55         LUT3 (Prop_lut3_I1_O)        0.105    10.225 r  interp128_all2x_LUT3_27/O
                         net (fo=1, routed)           0.473    10.698    interp128_all2x_net_19
    SLICE_X54Y56         LUT5 (Prop_lut5_I4_O)        0.105    10.803 r  interp128_all2x_LUT5_26/O
                         net (fo=1, routed)           0.000    10.803    rounded_value_carry_i_1__0_n_0
    SLICE_X54Y56         CARRY4 (Prop_carry4_S[0]_CO[3])
                                                      0.423    11.226 r  gen_serial_cic_comb.u_cic_interp16_serial_comb_dsp_ce/u_round_cic_normalized_output/rounded_value_carry/CO[3]
                         net (fo=1, routed)           0.000    11.226    gen_serial_cic_comb.u_cic_interp16_serial_comb_dsp_ce/u_round_cic_normalized_output/rounded_value_carry_n_0
    SLICE_X54Y57         CARRY4 (Prop_carry4_CI_CO[3])
                                                      0.100    11.326 r  gen_serial_cic_comb.u_cic_interp16_serial_comb_dsp_ce/u_round_cic_normalized_output/rounded_value_carry__0/CO[3]
                         net (fo=1, routed)           0.000    11.326    gen_serial_cic_comb.u_cic_interp16_serial_comb_dsp_ce/u_round_cic_normalized_output/rounded_value_carry__0_n_0
    SLICE_X54Y58         CARRY4 (Prop_carry4_CI_CO[3])
                                                      0.100    11.426 r  gen_serial_cic_comb.u_cic_interp16_serial_comb_dsp_ce/u_round_cic_normalized_output/rounded_value_carry__1/CO[3]
                         net (fo=1, routed)           0.000    11.426    gen_serial_cic_comb.u_cic_interp16_serial_comb_dsp_ce/u_round_cic_normalized_output/rounded_value_carry__1_n_0
    SLICE_X54Y59         CARRY4 (Prop_carry4_CI_CO[3])
                                                      0.100    11.526 r  gen_serial_cic_comb.u_cic_interp16_serial_comb_dsp_ce/u_round_cic_normalized_output/rounded_value_carry__2/CO[3]
                         net (fo=1, routed)           0.000    11.526    gen_serial_cic_comb.u_cic_interp16_serial_comb_dsp_ce/u_round_cic_normalized_output/rounded_value_carry__2_n_0
    SLICE_X54Y60         CARRY4 (Prop_carry4_CI_CO[3])
                                                      0.100    11.626 r  gen_serial_cic_comb.u_cic_interp16_serial_comb_dsp_ce/u_round_cic_normalized_output/rounded_value_carry__3/CO[3]
                         net (fo=1, routed)           0.000    11.626    gen_serial_cic_comb.u_cic_interp16_serial_comb_dsp_ce/u_round_cic_normalized_output/rounded_value_carry__3_n_0
    SLICE_X54Y61         CARRY4 (Prop_carry4_CI_O[0])
                                                      0.178    11.804 r  gen_serial_cic_comb.u_cic_interp16_serial_comb_dsp_ce/u_round_cic_normalized_output/rounded_value_carry__4/O[0]
                         net (fo=19, routed)          0.582    12.386    gen_serial_cic_comb.u_cic_interp16_serial_comb_dsp_ce/u_round_cic_normalized_output/rounded_value_carry__4_n_7
    SLICE_X55Y60         LUT4 (Prop_lut4_I1_O)        0.259    12.645 r  y_out[18]_i_1__0/O
                         net (fo=1, routed)           0.000    12.645    normalized_output[18]
    SLICE_X55Y60         FDRE                                         r  gen_serial_cic_comb.u_cic_interp16_serial_comb_dsp_ce/y_out_reg[18]/D
  -------------------------------------------------------------------    -------------------

                         (clock core_clk_6m144 rise edge)
                                                    162.760   162.760 r  
                                                      0.000   162.760 r  clk (IN)
                         net (fo=310, unset)          1.246   164.006    clk
    SLICE_X55Y60         FDRE                                         r  gen_serial_cic_comb.u_cic_interp16_serial_comb_dsp_ce/y_out_reg[18]/C
                         clock pessimism              0.065   164.071    
                         clock uncertainty           -0.035   164.036    
    SLICE_X55Y60         FDRE (Setup_fdre_C_D)        0.069   164.105    gen_serial_cic_comb.u_cic_interp16_serial_comb_dsp_ce/y_out_reg[18]
  -------------------------------------------------------------------
                         required time                        164.105    
                         arrival time                         -12.645    
  -------------------------------------------------------------------
                         slack                                151.459    




