Copyright 1986-2022 Xilinx, Inc. All Rights Reserved. Copyright 2022-2025 Advanced Micro Devices, Inc. All Rights Reserved.
--------------------------------------------------------------------------------------------------------------------------------------------------------------------------------------------------------------------------------------
| Tool Version : Vivado v.2025.2 (win64) Build 6299465 Fri Nov 14 19:35:11 GMT 2025
| Date         : Tue Aug 11 23:19:12 2026
| Host         : LAPTOP-476JT8H0 running 64-bit major release  (build 9200)
| Command      : report_timing_summary -delay_type min_max -max_paths 10 -file D:/FpgaProject/XilinxProject/XC7A35T/fir_interpolation/XC7A35T_interp_opt_2025.2/tools/vivado_2025_2/results/20260811_231722/timing_summary_routed.rpt
| Design       : board_demo_competition_dac8_top
| Device       : 7a35t-fgg484
| Speed File   : -2  PRODUCTION 1.23 2018-06-13
| Design State : Routed
--------------------------------------------------------------------------------------------------------------------------------------------------------------------------------------------------------------------------------------

Timing Summary Report

------------------------------------------------------------------------------------------------
| Timer Settings
| --------------
------------------------------------------------------------------------------------------------

  Enable Multi Corner Analysis               :  Yes
  Enable Pessimism Removal                   :  Yes
  Pessimism Removal Resolution               :  Nearest Common Node
  Enable Input Delay Default Clock           :  No
  Enable Preset / Clear Arcs                 :  No
  Disable Flight Delays                      :  No
  Ignore I/O Paths                           :  No
  Timing Early Launch at Borrowing Latches   :  No
  Borrow Time for Max Delay Exceptions       :  Yes
  Merge Timing Exceptions                    :  Yes
  Inter-SLR Compensation                     :  Conservative

  Corner  Analyze    Analyze    
  Name    Max Paths  Min Paths  
  ------  ---------  ---------  
  Slow    Yes        Yes        
  Fast    Yes        Yes        


------------------------------------------------------------------------------------------------
| Report Methodology
| ------------------
------------------------------------------------------------------------------------------------

No report available as report_methodology has not been run prior. Run report_methodology on the current design for the summary of methodology violations.



check_timing report

Table of Contents
-----------------
1. checking no_clock (0)
2. checking constant_clock (0)
3. checking pulse_width_clock (0)
4. checking unconstrained_internal_endpoints (0)
5. checking no_input_delay (2)
6. checking no_output_delay (5)
7. checking multiple_clock (0)
8. checking generated_clocks (0)
9. checking loops (0)
10. checking partial_input_delay (0)
11. checking partial_output_delay (0)
12. checking latch_loops (0)

1. checking no_clock (0)
------------------------
 There are 0 register/latch pins with no clock.


2. checking constant_clock (0)
------------------------------
 There are 0 register/latch pins with constant_clock.


3. checking pulse_width_clock (0)
---------------------------------
 There are 0 register/latch pins which need pulse_width check


4. checking unconstrained_internal_endpoints (0)
------------------------------------------------
 There are 0 pins that are not constrained for maximum delay.

 There are 0 pins that are not constrained for maximum delay due to constant clock.


5. checking no_input_delay (2)
------------------------------
 There are 0 input ports with no input delay specified.

 There are 2 input ports with no input delay but user has a false path constraint. (MEDIUM)


6. checking no_output_delay (5)
-------------------------------
 There are 0 ports with no output delay specified.

 There are 4 ports with no output delay but user has a false path constraint (MEDIUM)

 There is 1 port with no output delay but with a timing clock defined on it or propagating through it (LOW)


7. checking multiple_clock (0)
------------------------------
 There are 0 register/latch pins with multiple clocks.


8. checking generated_clocks (0)
--------------------------------
 There are 0 generated clocks that are not connected to a clock source.


9. checking loops (0)
---------------------
 There are 0 combinational loops in the design.


10. checking partial_input_delay (0)
------------------------------------
 There are 0 input ports with partial input delay specified.


11. checking partial_output_delay (0)
-------------------------------------
 There are 0 ports with partial output delay specified.


12. checking latch_loops (0)
----------------------------
 There are 0 combinational latch loops in the design through latch input



------------------------------------------------------------------------------------------------
| Design Timing Summary
| ---------------------
------------------------------------------------------------------------------------------------

    WNS(ns)      TNS(ns)  TNS Failing Endpoints  TNS Total Endpoints      WHS(ns)      THS(ns)  THS Failing Endpoints  THS Total Endpoints     WPWS(ns)     TPWS(ns)  TPWS Failing Endpoints  TPWS Total Endpoints  
    -------      -------  ---------------------  -------------------      -------      -------  ---------------------  -------------------     --------     --------  ----------------------  --------------------  
     45.279        0.000                      0                 1469        0.079        0.000                      0                 1467        0.000        0.000                       0                   396  


All user specified timing constraints are met.


------------------------------------------------------------------------------------------------
| Clock Summary
| -------------
------------------------------------------------------------------------------------------------

Clock                                     Waveform(ns)         Period(ns)      Frequency(MHz)
-----                                     ------------         ----------      --------------
clk_20M                                   {0.000 25.000}       50.000          20.000          
  u_dual_family_audio_clock/clk_44k1_raw  {0.000 88.577}       177.154         5.645           
    dac_clk_44k1_128x                     {0.000 88.577}       177.154         5.645           
  u_dual_family_audio_clock/clk_48k_raw   {0.000 81.379}       162.759         6.144           
    dac_clk_48k_128x                      {0.000 81.379}       162.759         6.144           
  u_dual_family_audio_clock/clkfb_44k1    {0.000 50.000}       100.000         10.000          
  u_dual_family_audio_clock/clkfb_48k     {0.000 25.000}       50.000          20.000          


------------------------------------------------------------------------------------------------
| Intra Clock Table
| -----------------
------------------------------------------------------------------------------------------------

Clock                                         WNS(ns)      TNS(ns)  TNS Failing Endpoints  TNS Total Endpoints      WHS(ns)      THS(ns)  THS Failing Endpoints  THS Total Endpoints     WPWS(ns)     TPWS(ns)  TPWS Failing Endpoints  TPWS Total Endpoints  
-----                                         -------      -------  ---------------------  -------------------      -------      -------  ---------------------  -------------------     --------     --------  ----------------------  --------------------  
clk_20M                                        45.279        0.000                      0                  110        0.121        0.000                      0                  110       15.000        0.000                       0                    59  
  u_dual_family_audio_clock/clk_44k1_raw       83.122        0.000                      0                 1349        0.079        0.000                      0                 1349       36.206        0.000                       0                   331  
  u_dual_family_audio_clock/clk_48k_raw        76.131        0.000                      0                 1349        0.079        0.000                      0                 1349       50.601        0.000                       0                   331  
  u_dual_family_audio_clock/clkfb_44k1                                                                                                                                                      0.000        0.000                       0                     2  
  u_dual_family_audio_clock/clkfb_48k                                                                                                                                                      48.751        0.000                       0                     2  


------------------------------------------------------------------------------------------------
| Inter Clock Table
| -----------------
------------------------------------------------------------------------------------------------

From Clock                              To Clock                                    WNS(ns)      TNS(ns)  TNS Failing Endpoints  TNS Total Endpoints      WHS(ns)      THS(ns)  THS Failing Endpoints  THS Total Endpoints  
----------                              --------                                    -------      -------  ---------------------  -------------------      -------      -------  ---------------------  -------------------  
clk_20M                                 u_dual_family_audio_clock/clk_44k1_raw       49.059        0.000                      0                    2                                                                        
u_dual_family_audio_clock/clk_44k1_raw  dac_clk_44k1_128x                            84.287        0.000                      0                    8       86.288        0.000                      0                    8  
clk_20M                                 u_dual_family_audio_clock/clk_48k_raw        49.059        0.000                      0                    2                                                                        
u_dual_family_audio_clock/clk_48k_raw   dac_clk_48k_128x                             76.116        0.000                      0                    8       78.117        0.000                      0                    8  


------------------------------------------------------------------------------------------------
| Other Path Groups Table
| -----------------------
------------------------------------------------------------------------------------------------

Path Group    From Clock    To Clock          WNS(ns)      TNS(ns)  TNS Failing Endpoints  TNS Total Endpoints      WHS(ns)      THS(ns)  THS Failing Endpoints  THS Total Endpoints  
----------    ----------    --------          -------      -------  ---------------------  -------------------      -------      -------  ---------------------  -------------------  


------------------------------------------------------------------------------------------------
| Timing Details
| --------------
------------------------------------------------------------------------------------------------


---------------------------------------------------------------------------------------------------
From Clock:  clk_20M
  To Clock:  clk_20M

Setup :            0  Failing Endpoints,  Worst Slack       45.279ns,  Total Violation        0.000ns
Hold  :            0  Failing Endpoints,  Worst Slack        0.121ns,  Total Violation        0.000ns
PW    :            0  Failing Endpoints,  Worst Slack       15.000ns,  Total Violation        0.000ns
---------------------------------------------------------------------------------------------------


Max Delay Paths
--------------------------------------------------------------------------------------
Slack (MET) :             45.279ns  (required time - arrival time)
  Source:                 gen_shared_scan_counter.pwr_rst_cnt_reg[10]/C
                            (rising edge-triggered cell FDRE clocked by clk_20M  {rise@0.000ns fall@25.000ns period=50.000ns})
  Destination:            gen_compact_keypad.gen_ultracompact.u_matrix_keypad_mode_ctrl_ultracompact/kr_drive_low_reg[0]/R
                            (rising edge-triggered cell FDRE clocked by clk_20M  {rise@0.000ns fall@25.000ns period=50.000ns})
  Path Group:             clk_20M
  Path Type:              Setup (Max at Slow Process Corner)
  Requirement:            50.000ns  (clk_20M rise@50.000ns - clk_20M rise@0.000ns)
  Data Path Delay:        4.300ns  (logic 0.990ns (23.022%)  route 3.310ns (76.978%))
  Logic Levels:           4  (LUT2=1 LUT3=1 LUT6=2)
  Clock Path Skew:        -0.033ns (DCD - SCD + CPR)
    Destination Clock Delay (DCD):    4.358ns = ( 54.358 - 50.000 ) 
    Source Clock Delay      (SCD):    4.616ns
    Clock Pessimism Removal (CPR):    0.225ns
  Clock Uncertainty:      0.035ns  ((TSJ^2 + TIJ^2)^1/2 + DJ) / 2 + PE
    Total System Jitter     (TSJ):    0.071ns
    Total Input Jitter      (TIJ):    0.000ns
    Discrete Jitter          (DJ):    0.000ns
    Phase Error              (PE):    0.000ns

    Location             Delay type                Incr(ns)  Path(ns)    Netlist Resource(s)
  -------------------------------------------------------------------    -------------------
                         (clock clk_20M rise edge)    0.000     0.000 r  
    Y18                                               0.000     0.000 r  clk (IN)
                         net (fo=0)                   0.000     0.000    clk
    Y18                  IBUF (Prop_ibuf_I_O)         1.427     1.427 r  u_ibuf_sys_clk/O
                         net (fo=1, routed)           1.693     3.120    clk_ibuf
    BUFGCTRL_X0Y0        BUFG (Prop_bufg_I_O)         0.081     3.201 r  u_bufg_sys_clk/O
                         net (fo=58, routed)          1.415     4.616    clk_sys_bufg
    SLICE_X0Y81          FDRE                                         r  gen_shared_scan_counter.pwr_rst_cnt_reg[10]/C
  -------------------------------------------------------------------    -------------------
    SLICE_X0Y81          FDRE (Prop_fdre_C_Q)         0.379     4.995 r  gen_shared_scan_counter.pwr_rst_cnt_reg[10]/Q
                         net (fo=2, routed)           0.696     5.691    gen_shared_scan_counter.pwr_rst_cnt_reg[10]
    SLICE_X1Y81          LUT6 (Prop_lut6_I0_O)        0.105     5.796 r  board_demo_comp_LUT6/O
                         net (fo=2, routed)           0.242     6.038    board_demo_comp_net_2
    SLICE_X1Y80          LUT6 (Prop_lut6_I5_O)        0.105     6.143 r  board_demo_comp_LUT6_1/O
                         net (fo=11, routed)          0.863     7.006    board_demo_comp_net_35
    SLICE_X3Y83          LUT3 (Prop_lut3_I2_O)        0.126     7.132 r  kr_drive_low[3]_i_3/O
                         net (fo=4, routed)           0.343     7.475    kr_drive_low[3]_i_3_n_0
    SLICE_X1Y82          LUT2 (Prop_lut2_I1_O)        0.275     7.750 r  board_demo_comp_LUT2_5/O
                         net (fo=8, routed)           1.166     8.916    gen_compact_keypad.gen_ultracompact.u_matrix_keypad_mode_ctrl_ultracompact/scan_candidate[0]
    SLICE_X0Y53          FDRE                                         r  gen_compact_keypad.gen_ultracompact.u_matrix_keypad_mode_ctrl_ultracompact/kr_drive_low_reg[0]/R
  -------------------------------------------------------------------    -------------------

                         (clock clk_20M rise edge)   50.000    50.000 r  
    Y18                                               0.000    50.000 r  clk (IN)
                         net (fo=0)                   0.000    50.000    clk
    Y18                  IBUF (Prop_ibuf_I_O)         1.361    51.361 r  u_ibuf_sys_clk/O
                         net (fo=1, routed)           1.604    52.965    clk_ibuf
    BUFGCTRL_X0Y0        BUFG (Prop_bufg_I_O)         0.077    53.042 r  u_bufg_sys_clk/O
                         net (fo=58, routed)          1.316    54.358    clk_sys_bufg
    SLICE_X0Y53          FDRE                                         r  gen_compact_keypad.gen_ultracompact.u_matrix_keypad_mode_ctrl_ultracompact/kr_drive_low_reg[0]/C
                         clock pessimism              0.225    54.583    
                         clock uncertainty           -0.035    54.548    
    SLICE_X0Y53          FDRE (Setup_fdre_C_R)       -0.352    54.196    gen_compact_keypad.gen_ultracompact.u_matrix_keypad_mode_ctrl_ultracompact/kr_drive_low_reg[0]
  -------------------------------------------------------------------
                         required time                         54.196    
                         arrival time                          -8.916    
  -------------------------------------------------------------------
                         slack                                 45.279    

Slack (MET) :             45.279ns  (required time - arrival time)
  Source:                 gen_shared_scan_counter.pwr_rst_cnt_reg[10]/C
                            (rising edge-triggered cell FDRE clocked by clk_20M  {rise@0.000ns fall@25.000ns period=50.000ns})
  Destination:            gen_compact_keypad.gen_ultracompact.u_matrix_keypad_mode_ctrl_ultracompact/kr_drive_low_reg[1]/S
                            (rising edge-triggered cell FDSE clocked by clk_20M  {rise@0.000ns fall@25.000ns period=50.000ns})
  Path Group:             clk_20M
  Path Type:              Setup (Max at Slow Process Corner)
  Requirement:            50.000ns  (clk_20M rise@50.000ns - clk_20M rise@0.000ns)
  Data Path Delay:        4.300ns  (logic 0.990ns (23.022%)  route 3.310ns (76.978%))
  Logic Levels:           4  (LUT2=1 LUT3=1 LUT6=2)
  Clock Path Skew:        -0.033ns (DCD - SCD + CPR)
    Destination Clock Delay (DCD):    4.358ns = ( 54.358 - 50.000 ) 
    Source Clock Delay      (SCD):    4.616ns
    Clock Pessimism Removal (CPR):    0.225ns
  Clock Uncertainty:      0.035ns  ((TSJ^2 + TIJ^2)^1/2 + DJ) / 2 + PE
    Total System Jitter     (TSJ):    0.071ns
    Total Input Jitter      (TIJ):    0.000ns
    Discrete Jitter          (DJ):    0.000ns
    Phase Error              (PE):    0.000ns

    Location             Delay type                Incr(ns)  Path(ns)    Netlist Resource(s)
  -------------------------------------------------------------------    -------------------
                         (clock clk_20M rise edge)    0.000     0.000 r  
    Y18                                               0.000     0.000 r  clk (IN)
                         net (fo=0)                   0.000     0.000    clk
    Y18                  IBUF (Prop_ibuf_I_O)         1.427     1.427 r  u_ibuf_sys_clk/O
                         net (fo=1, routed)           1.693     3.120    clk_ibuf
    BUFGCTRL_X0Y0        BUFG (Prop_bufg_I_O)         0.081     3.201 r  u_bufg_sys_clk/O
                         net (fo=58, routed)          1.415     4.616    clk_sys_bufg
    SLICE_X0Y81          FDRE                                         r  gen_shared_scan_counter.pwr_rst_cnt_reg[10]/C
  -------------------------------------------------------------------    -------------------
    SLICE_X0Y81          FDRE (Prop_fdre_C_Q)         0.379     4.995 r  gen_shared_scan_counter.pwr_rst_cnt_reg[10]/Q
                         net (fo=2, routed)           0.696     5.691    gen_shared_scan_counter.pwr_rst_cnt_reg[10]
    SLICE_X1Y81          LUT6 (Prop_lut6_I0_O)        0.105     5.796 r  board_demo_comp_LUT6/O
                         net (fo=2, routed)           0.242     6.038    board_demo_comp_net_2
    SLICE_X1Y80          LUT6 (Prop_lut6_I5_O)        0.105     6.143 r  board_demo_comp_LUT6_1/O
                         net (fo=11, routed)          0.863     7.006    board_demo_comp_net_35
    SLICE_X3Y83          LUT3 (Prop_lut3_I2_O)        0.126     7.132 r  kr_drive_low[3]_i_3/O
                         net (fo=4, routed)           0.343     7.475    kr_drive_low[3]_i_3_n_0
    SLICE_X1Y82          LUT2 (Prop_lut2_I1_O)        0.275     7.750 r  board_demo_comp_LUT2_5/O
                         net (fo=8, routed)           1.166     8.916    gen_compact_keypad.gen_ultracompact.u_matrix_keypad_mode_ctrl_ultracompact/scan_candidate[0]
    SLICE_X0Y53          FDSE                                         r  gen_compact_keypad.gen_ultracompact.u_matrix_keypad_mode_ctrl_ultracompact/kr_drive_low_reg[1]/S
  -------------------------------------------------------------------    -------------------

                         (clock clk_20M rise edge)   50.000    50.000 r  
    Y18                                               0.000    50.000 r  clk (IN)
                         net (fo=0)                   0.000    50.000    clk
    Y18                  IBUF (Prop_ibuf_I_O)         1.361    51.361 r  u_ibuf_sys_clk/O
                         net (fo=1, routed)           1.604    52.965    clk_ibuf
    BUFGCTRL_X0Y0        BUFG (Prop_bufg_I_O)         0.077    53.042 r  u_bufg_sys_clk/O
                         net (fo=58, routed)          1.316    54.358    clk_sys_bufg
    SLICE_X0Y53          FDSE                                         r  gen_compact_keypad.gen_ultracompact.u_matrix_keypad_mode_ctrl_ultracompact/kr_drive_low_reg[1]/C
                         clock pessimism              0.225    54.583    
                         clock uncertainty           -0.035    54.548    
    SLICE_X0Y53          FDSE (Setup_fdse_C_S)       -0.352    54.196    gen_compact_keypad.gen_ultracompact.u_matrix_keypad_mode_ctrl_ultracompact/kr_drive_low_reg[1]
  -------------------------------------------------------------------
                         required time                         54.196    
                         arrival time                          -8.916    
  -------------------------------------------------------------------
                         slack                                 45.279    

Slack (MET) :             45.279ns  (required time - arrival time)
  Source:                 gen_shared_scan_counter.pwr_rst_cnt_reg[10]/C
                            (rising edge-triggered cell FDRE clocked by clk_20M  {rise@0.000ns fall@25.000ns period=50.000ns})
  Destination:            gen_compact_keypad.gen_ultracompact.u_matrix_keypad_mode_ctrl_ultracompact/kr_drive_low_reg[2]/S
                            (rising edge-triggered cell FDSE clocked by clk_20M  {rise@0.000ns fall@25.000ns period=50.000ns})
  Path Group:             clk_20M
  Path Type:              Setup (Max at Slow Process Corner)
  Requirement:            50.000ns  (clk_20M rise@50.000ns - clk_20M rise@0.000ns)
  Data Path Delay:        4.300ns  (logic 0.990ns (23.022%)  route 3.310ns (76.978%))
  Logic Levels:           4  (LUT2=1 LUT3=1 LUT6=2)
  Clock Path Skew:        -0.033ns (DCD - SCD + CPR)
    Destination Clock Delay (DCD):    4.358ns = ( 54.358 - 50.000 ) 
    Source Clock Delay      (SCD):    4.616ns
    Clock Pessimism Removal (CPR):    0.225ns
  Clock Uncertainty:      0.035ns  ((TSJ^2 + TIJ^2)^1/2 + DJ) / 2 + PE
    Total System Jitter     (TSJ):    0.071ns
    Total Input Jitter      (TIJ):    0.000ns
    Discrete Jitter          (DJ):    0.000ns
    Phase Error              (PE):    0.000ns

    Location             Delay type                Incr(ns)  Path(ns)    Netlist Resource(s)
  -------------------------------------------------------------------    -------------------
                         (clock clk_20M rise edge)    0.000     0.000 r  
    Y18                                               0.000     0.000 r  clk (IN)
                         net (fo=0)                   0.000     0.000    clk
    Y18                  IBUF (Prop_ibuf_I_O)         1.427     1.427 r  u_ibuf_sys_clk/O
                         net (fo=1, routed)           1.693     3.120    clk_ibuf
    BUFGCTRL_X0Y0        BUFG (Prop_bufg_I_O)         0.081     3.201 r  u_bufg_sys_clk/O
                         net (fo=58, routed)          1.415     4.616    clk_sys_bufg
    SLICE_X0Y81          FDRE                                         r  gen_shared_scan_counter.pwr_rst_cnt_reg[10]/C
  -------------------------------------------------------------------    -------------------
    SLICE_X0Y81          FDRE (Prop_fdre_C_Q)         0.379     4.995 r  gen_shared_scan_counter.pwr_rst_cnt_reg[10]/Q
                         net (fo=2, routed)           0.696     5.691    gen_shared_scan_counter.pwr_rst_cnt_reg[10]
    SLICE_X1Y81          LUT6 (Prop_lut6_I0_O)        0.105     5.796 r  board_demo_comp_LUT6/O
                         net (fo=2, routed)           0.242     6.038    board_demo_comp_net_2
    SLICE_X1Y80          LUT6 (Prop_lut6_I5_O)        0.105     6.143 r  board_demo_comp_LUT6_1/O
                         net (fo=11, routed)          0.863     7.006    board_demo_comp_net_35
    SLICE_X3Y83          LUT3 (Prop_lut3_I2_O)        0.126     7.132 r  kr_drive_low[3]_i_3/O
                         net (fo=4, routed)           0.343     7.475    kr_drive_low[3]_i_3_n_0
    SLICE_X1Y82          LUT2 (Prop_lut2_I1_O)        0.275     7.750 r  board_demo_comp_LUT2_5/O
                         net (fo=8, routed)           1.166     8.916    gen_compact_keypad.gen_ultracompact.u_matrix_keypad_mode_ctrl_ultracompact/scan_candidate[0]
    SLICE_X0Y53          FDSE                                         r  gen_compact_keypad.gen_ultracompact.u_matrix_keypad_mode_ctrl_ultracompact/kr_drive_low_reg[2]/S
  -------------------------------------------------------------------    -------------------

                         (clock clk_20M rise edge)   50.000    50.000 r  
    Y18                                               0.000    50.000 r  clk (IN)
                         net (fo=0)                   0.000    50.000    clk
    Y18                  IBUF (Prop_ibuf_I_O)         1.361    51.361 r  u_ibuf_sys_clk/O
                         net (fo=1, routed)           1.604    52.965    clk_ibuf
    BUFGCTRL_X0Y0        BUFG (Prop_bufg_I_O)         0.077    53.042 r  u_bufg_sys_clk/O
                         net (fo=58, routed)          1.316    54.358    clk_sys_bufg
    SLICE_X0Y53          FDSE                                         r  gen_compact_keypad.gen_ultracompact.u_matrix_keypad_mode_ctrl_ultracompact/kr_drive_low_reg[2]/C
                         clock pessimism              0.225    54.583    
                         clock uncertainty           -0.035    54.548    
    SLICE_X0Y53          FDSE (Setup_fdse_C_S)       -0.352    54.196    gen_compact_keypad.gen_ultracompact.u_matrix_keypad_mode_ctrl_ultracompact/kr_drive_low_reg[2]
  -------------------------------------------------------------------
                         required time                         54.196    
                         arrival time                          -8.916    
  -------------------------------------------------------------------
                         slack                                 45.279    

Slack (MET) :             45.279ns  (required time - arrival time)
  Source:                 gen_shared_scan_counter.pwr_rst_cnt_reg[10]/C
                            (rising edge-triggered cell FDRE clocked by clk_20M  {rise@0.000ns fall@25.000ns period=50.000ns})
  Destination:            gen_compact_keypad.gen_ultracompact.u_matrix_keypad_mode_ctrl_ultracompact/kr_drive_low_reg[3]/S
                            (rising edge-triggered cell FDSE clocked by clk_20M  {rise@0.000ns fall@25.000ns period=50.000ns})
  Path Group:             clk_20M
  Path Type:              Setup (Max at Slow Process Corner)
  Requirement:            50.000ns  (clk_20M rise@50.000ns - clk_20M rise@0.000ns)
  Data Path Delay:        4.300ns  (logic 0.990ns (23.022%)  route 3.310ns (76.978%))
  Logic Levels:           4  (LUT2=1 LUT3=1 LUT6=2)
  Clock Path Skew:        -0.033ns (DCD - SCD + CPR)
    Destination Clock Delay (DCD):    4.358ns = ( 54.358 - 50.000 ) 
    Source Clock Delay      (SCD):    4.616ns
    Clock Pessimism Removal (CPR):    0.225ns
  Clock Uncertainty:      0.035ns  ((TSJ^2 + TIJ^2)^1/2 + DJ) / 2 + PE
    Total System Jitter     (TSJ):    0.071ns
    Total Input Jitter      (TIJ):    0.000ns
    Discrete Jitter          (DJ):    0.000ns
    Phase Error              (PE):    0.000ns

    Location             Delay type                Incr(ns)  Path(ns)    Netlist Resource(s)
  -------------------------------------------------------------------    -------------------
                         (clock clk_20M rise edge)    0.000     0.000 r  
    Y18                                               0.000     0.000 r  clk (IN)
                         net (fo=0)                   0.000     0.000    clk
    Y18                  IBUF (Prop_ibuf_I_O)         1.427     1.427 r  u_ibuf_sys_clk/O
                         net (fo=1, routed)           1.693     3.120    clk_ibuf
    BUFGCTRL_X0Y0        BUFG (Prop_bufg_I_O)         0.081     3.201 r  u_bufg_sys_clk/O
                         net (fo=58, routed)          1.415     4.616    clk_sys_bufg
    SLICE_X0Y81          FDRE                                         r  gen_shared_scan_counter.pwr_rst_cnt_reg[10]/C
  -------------------------------------------------------------------    -------------------
    SLICE_X0Y81          FDRE (Prop_fdre_C_Q)         0.379     4.995 r  gen_shared_scan_counter.pwr_rst_cnt_reg[10]/Q
                         net (fo=2, routed)           0.696     5.691    gen_shared_scan_counter.pwr_rst_cnt_reg[10]
    SLICE_X1Y81          LUT6 (Prop_lut6_I0_O)        0.105     5.796 r  board_demo_comp_LUT6/O
                         net (fo=2, routed)           0.242     6.038    board_demo_comp_net_2
    SLICE_X1Y80          LUT6 (Prop_lut6_I5_O)        0.105     6.143 r  board_demo_comp_LUT6_1/O
                         net (fo=11, routed)          0.863     7.006    board_demo_comp_net_35
    SLICE_X3Y83          LUT3 (Prop_lut3_I2_O)        0.126     7.132 r  kr_drive_low[3]_i_3/O
                         net (fo=4, routed)           0.343     7.475    kr_drive_low[3]_i_3_n_0
    SLICE_X1Y82          LUT2 (Prop_lut2_I1_O)        0.275     7.750 r  board_demo_comp_LUT2_5/O
                         net (fo=8, routed)           1.166     8.916    gen_compact_keypad.gen_ultracompact.u_matrix_keypad_mode_ctrl_ultracompact/scan_candidate[0]
    SLICE_X0Y53          FDSE                                         r  gen_compact_keypad.gen_ultracompact.u_matrix_keypad_mode_ctrl_ultracompact/kr_drive_low_reg[3]/S
  -------------------------------------------------------------------    -------------------

                         (clock clk_20M rise edge)   50.000    50.000 r  
    Y18                                               0.000    50.000 r  clk (IN)
                         net (fo=0)                   0.000    50.000    clk
    Y18                  IBUF (Prop_ibuf_I_O)         1.361    51.361 r  u_ibuf_sys_clk/O
                         net (fo=1, routed)           1.604    52.965    clk_ibuf
    BUFGCTRL_X0Y0        BUFG (Prop_bufg_I_O)         0.077    53.042 r  u_bufg_sys_clk/O
                         net (fo=58, routed)          1.316    54.358    clk_sys_bufg
    SLICE_X0Y53          FDSE                                         r  gen_compact_keypad.gen_ultracompact.u_matrix_keypad_mode_ctrl_ultracompact/kr_drive_low_reg[3]/C
                         clock pessimism              0.225    54.583    
                         clock uncertainty           -0.035    54.548    
    SLICE_X0Y53          FDSE (Setup_fdse_C_S)       -0.352    54.196    gen_compact_keypad.gen_ultracompact.u_matrix_keypad_mode_ctrl_ultracompact/kr_drive_low_reg[3]
  -------------------------------------------------------------------
                         required time                         54.196    
                         arrival time                          -8.916    
  -------------------------------------------------------------------
                         slack                                 45.279    

Slack (MET) :             45.515ns  (required time - arrival time)
  Source:                 gen_shared_scan_counter.pwr_rst_cnt_reg[10]/C
                            (rising edge-triggered cell FDRE clocked by clk_20M  {rise@0.000ns fall@25.000ns period=50.000ns})
  Destination:            gen_compact_keypad.gen_ultracompact.u_matrix_keypad_mode_ctrl_ultracompact/stable_cnt_reg[0]/R
                            (rising edge-triggered cell FDRE clocked by clk_20M  {rise@0.000ns fall@25.000ns period=50.000ns})
  Path Group:             clk_20M
  Path Type:              Setup (Max at Slow Process Corner)
  Requirement:            50.000ns  (clk_20M rise@50.000ns - clk_20M rise@0.000ns)
  Data Path Delay:        3.905ns  (logic 1.098ns (28.120%)  route 2.807ns (71.880%))
  Logic Levels:           5  (LUT2=2 LUT3=1 LUT6=2)
  Clock Path Skew:        -0.023ns (DCD - SCD + CPR)
    Destination Clock Delay (DCD):    4.352ns = ( 54.352 - 50.000 ) 
    Source Clock Delay      (SCD):    4.616ns
    Clock Pessimism Removal (CPR):    0.241ns
  Clock Uncertainty:      0.035ns  ((TSJ^2 + TIJ^2)^1/2 + DJ) / 2 + PE
    Total System Jitter     (TSJ):    0.071ns
    Total Input Jitter      (TIJ):    0.000ns
    Discrete Jitter          (DJ):    0.000ns
    Phase Error              (PE):    0.000ns

    Location             Delay type                Incr(ns)  Path(ns)    Netlist Resource(s)
  -------------------------------------------------------------------    -------------------
                         (clock clk_20M rise edge)    0.000     0.000 r  
    Y18                                               0.000     0.000 r  clk (IN)
                         net (fo=0)                   0.000     0.000    clk
    Y18                  IBUF (Prop_ibuf_I_O)         1.427     1.427 r  u_ibuf_sys_clk/O
                         net (fo=1, routed)           1.693     3.120    clk_ibuf
    BUFGCTRL_X0Y0        BUFG (Prop_bufg_I_O)         0.081     3.201 r  u_bufg_sys_clk/O
                         net (fo=58, routed)          1.415     4.616    clk_sys_bufg
    SLICE_X0Y81          FDRE                                         r  gen_shared_scan_counter.pwr_rst_cnt_reg[10]/C
  -------------------------------------------------------------------    -------------------
    SLICE_X0Y81          FDRE (Prop_fdre_C_Q)         0.379     4.995 r  gen_shared_scan_counter.pwr_rst_cnt_reg[10]/Q
                         net (fo=2, routed)           0.696     5.691    gen_shared_scan_counter.pwr_rst_cnt_reg[10]
    SLICE_X1Y81          LUT6 (Prop_lut6_I0_O)        0.105     5.796 r  board_demo_comp_LUT6/O
                         net (fo=2, routed)           0.242     6.038    board_demo_comp_net_2
    SLICE_X1Y80          LUT6 (Prop_lut6_I5_O)        0.105     6.143 r  board_demo_comp_LUT6_1/O
                         net (fo=11, routed)          0.863     7.006    board_demo_comp_net_35
    SLICE_X3Y83          LUT3 (Prop_lut3_I2_O)        0.126     7.132 r  kr_drive_low[3]_i_3/O
                         net (fo=4, routed)           0.353     7.485    kr_drive_low[3]_i_3_n_0
    SLICE_X1Y84          LUT2 (Prop_lut2_I0_O)        0.275     7.760 r  board_demo_comp_LUT2_4/O
                         net (fo=5, routed)           0.358     8.118    board_demo_comp_net_27
    SLICE_X1Y84          LUT2 (Prop_lut2_I1_O)        0.108     8.226 r  board_demo_comp_LUT2_17/O
                         net (fo=3, routed)           0.294     8.521    stable_cnt[2]_i_1_n_0
    SLICE_X1Y84          FDRE                                         r  gen_compact_keypad.gen_ultracompact.u_matrix_keypad_mode_ctrl_ultracompact/stable_cnt_reg[0]/R
  -------------------------------------------------------------------    -------------------

                         (clock clk_20M rise edge)   50.000    50.000 r  
    Y18                                               0.000    50.000 r  clk (IN)
                         net (fo=0)                   0.000    50.000    clk
    Y18                  IBUF (Prop_ibuf_I_O)         1.361    51.361 r  u_ibuf_sys_clk/O
                         net (fo=1, routed)           1.604    52.965    clk_ibuf
    BUFGCTRL_X0Y0        BUFG (Prop_bufg_I_O)         0.077    53.042 r  u_bufg_sys_clk/O
                         net (fo=58, routed)          1.310    54.352    clk_sys_bufg
    SLICE_X1Y84          FDRE                                         r  gen_compact_keypad.gen_ultracompact.u_matrix_keypad_mode_ctrl_ultracompact/stable_cnt_reg[0]/C
                         clock pessimism              0.241    54.593    
                         clock uncertainty           -0.035    54.558    
    SLICE_X1Y84          FDRE (Setup_fdre_C_R)       -0.522    54.036    gen_compact_keypad.gen_ultracompact.u_matrix_keypad_mode_ctrl_ultracompact/stable_cnt_reg[0]
  -------------------------------------------------------------------
                         required time                         54.036    
                         arrival time                          -8.521    
  -------------------------------------------------------------------
                         slack                                 45.515    

Slack (MET) :             45.515ns  (required time - arrival time)
  Source:                 gen_shared_scan_counter.pwr_rst_cnt_reg[10]/C
                            (rising edge-triggered cell FDRE clocked by clk_20M  {rise@0.000ns fall@25.000ns period=50.000ns})
  Destination:            gen_compact_keypad.gen_ultracompact.u_matrix_keypad_mode_ctrl_ultracompact/stable_cnt_reg[1]/R
                            (rising edge-triggered cell FDRE clocked by clk_20M  {rise@0.000ns fall@25.000ns period=50.000ns})
  Path Group:             clk_20M
  Path Type:              Setup (Max at Slow Process Corner)
  Requirement:            50.000ns  (clk_20M rise@50.000ns - clk_20M rise@0.000ns)
  Data Path Delay:        3.905ns  (logic 1.098ns (28.120%)  route 2.807ns (71.880%))
  Logic Levels:           5  (LUT2=2 LUT3=1 LUT6=2)
  Clock Path Skew:        -0.023ns (DCD - SCD + CPR)
    Destination Clock Delay (DCD):    4.352ns = ( 54.352 - 50.000 ) 
    Source Clock Delay      (SCD):    4.616ns
    Clock Pessimism Removal (CPR):    0.241ns
  Clock Uncertainty:      0.035ns  ((TSJ^2 + TIJ^2)^1/2 + DJ) / 2 + PE
    Total System Jitter     (TSJ):    0.071ns
    Total Input Jitter      (TIJ):    0.000ns
    Discrete Jitter          (DJ):    0.000ns
    Phase Error              (PE):    0.000ns

    Location             Delay type                Incr(ns)  Path(ns)    Netlist Resource(s)
  -------------------------------------------------------------------    -------------------
                         (clock clk_20M rise edge)    0.000     0.000 r  
    Y18                                               0.000     0.000 r  clk (IN)
                         net (fo=0)                   0.000     0.000    clk
    Y18                  IBUF (Prop_ibuf_I_O)         1.427     1.427 r  u_ibuf_sys_clk/O
                         net (fo=1, routed)           1.693     3.120    clk_ibuf
    BUFGCTRL_X0Y0        BUFG (Prop_bufg_I_O)         0.081     3.201 r  u_bufg_sys_clk/O
                         net (fo=58, routed)          1.415     4.616    clk_sys_bufg
    SLICE_X0Y81          FDRE                                         r  gen_shared_scan_counter.pwr_rst_cnt_reg[10]/C
  -------------------------------------------------------------------    -------------------
    SLICE_X0Y81          FDRE (Prop_fdre_C_Q)         0.379     4.995 r  gen_shared_scan_counter.pwr_rst_cnt_reg[10]/Q
                         net (fo=2, routed)           0.696     5.691    gen_shared_scan_counter.pwr_rst_cnt_reg[10]
    SLICE_X1Y81          LUT6 (Prop_lut6_I0_O)        0.105     5.796 r  board_demo_comp_LUT6/O
                         net (fo=2, routed)           0.242     6.038    board_demo_comp_net_2
    SLICE_X1Y80          LUT6 (Prop_lut6_I5_O)        0.105     6.143 r  board_demo_comp_LUT6_1/O
                         net (fo=11, routed)          0.863     7.006    board_demo_comp_net_35
    SLICE_X3Y83          LUT3 (Prop_lut3_I2_O)        0.126     7.132 r  kr_drive_low[3]_i_3/O
                         net (fo=4, routed)           0.353     7.485    kr_drive_low[3]_i_3_n_0
    SLICE_X1Y84          LUT2 (Prop_lut2_I0_O)        0.275     7.760 r  board_demo_comp_LUT2_4/O
                         net (fo=5, routed)           0.358     8.118    board_demo_comp_net_27
    SLICE_X1Y84          LUT2 (Prop_lut2_I1_O)        0.108     8.226 r  board_demo_comp_LUT2_17/O
                         net (fo=3, routed)           0.294     8.521    stable_cnt[2]_i_1_n_0
    SLICE_X1Y84          FDRE                                         r  gen_compact_keypad.gen_ultracompact.u_matrix_keypad_mode_ctrl_ultracompact/stable_cnt_reg[1]/R
  -------------------------------------------------------------------    -------------------

                         (clock clk_20M rise edge)   50.000    50.000 r  
    Y18                                               0.000    50.000 r  clk (IN)
                         net (fo=0)                   0.000    50.000    clk
    Y18                  IBUF (Prop_ibuf_I_O)         1.361    51.361 r  u_ibuf_sys_clk/O
                         net (fo=1, routed)           1.604    52.965    clk_ibuf
    BUFGCTRL_X0Y0        BUFG (Prop_bufg_I_O)         0.077    53.042 r  u_bufg_sys_clk/O
                         net (fo=58, routed)          1.310    54.352    clk_sys_bufg
    SLICE_X1Y84          FDRE                                         r  gen_compact_keypad.gen_ultracompact.u_matrix_keypad_mode_ctrl_ultracompact/stable_cnt_reg[1]/C
                         clock pessimism              0.241    54.593    
                         clock uncertainty           -0.035    54.558    
    SLICE_X1Y84          FDRE (Setup_fdre_C_R)       -0.522    54.036    gen_compact_keypad.gen_ultracompact.u_matrix_keypad_mode_ctrl_ultracompact/stable_cnt_reg[1]
  -------------------------------------------------------------------
                         required time                         54.036    
                         arrival time                          -8.521    
  -------------------------------------------------------------------
                         slack                                 45.515    

Slack (MET) :             45.515ns  (required time - arrival time)
  Source:                 gen_shared_scan_counter.pwr_rst_cnt_reg[10]/C
                            (rising edge-triggered cell FDRE clocked by clk_20M  {rise@0.000ns fall@25.000ns period=50.000ns})
  Destination:            gen_compact_keypad.gen_ultracompact.u_matrix_keypad_mode_ctrl_ultracompact/stable_cnt_reg[2]/R
                            (rising edge-triggered cell FDRE clocked by clk_20M  {rise@0.000ns fall@25.000ns period=50.000ns})
  Path Group:             clk_20M
  Path Type:              Setup (Max at Slow Process Corner)
  Requirement:            50.000ns  (clk_20M rise@50.000ns - clk_20M rise@0.000ns)
  Data Path Delay:        3.905ns  (logic 1.098ns (28.120%)  route 2.807ns (71.880%))
  Logic Levels:           5  (LUT2=2 LUT3=1 LUT6=2)
  Clock Path Skew:        -0.023ns (DCD - SCD + CPR)
    Destination Clock Delay (DCD):    4.352ns = ( 54.352 - 50.000 ) 
    Source Clock Delay      (SCD):    4.616ns
    Clock Pessimism Removal (CPR):    0.241ns
  Clock Uncertainty:      0.035ns  ((TSJ^2 + TIJ^2)^1/2 + DJ) / 2 + PE
    Total System Jitter     (TSJ):    0.071ns
    Total Input Jitter      (TIJ):    0.000ns
    Discrete Jitter          (DJ):    0.000ns
    Phase Error              (PE):    0.000ns

    Location             Delay type                Incr(ns)  Path(ns)    Netlist Resource(s)
  -------------------------------------------------------------------    -------------------
                         (clock clk_20M rise edge)    0.000     0.000 r  
    Y18                                               0.000     0.000 r  clk (IN)
                         net (fo=0)                   0.000     0.000    clk
    Y18                  IBUF (Prop_ibuf_I_O)         1.427     1.427 r  u_ibuf_sys_clk/O
                         net (fo=1, routed)           1.693     3.120    clk_ibuf
    BUFGCTRL_X0Y0        BUFG (Prop_bufg_I_O)         0.081     3.201 r  u_bufg_sys_clk/O
                         net (fo=58, routed)          1.415     4.616    clk_sys_bufg
    SLICE_X0Y81          FDRE                                         r  gen_shared_scan_counter.pwr_rst_cnt_reg[10]/C
  -------------------------------------------------------------------    -------------------
    SLICE_X0Y81          FDRE (Prop_fdre_C_Q)         0.379     4.995 r  gen_shared_scan_counter.pwr_rst_cnt_reg[10]/Q
                         net (fo=2, routed)           0.696     5.691    gen_shared_scan_counter.pwr_rst_cnt_reg[10]
    SLICE_X1Y81          LUT6 (Prop_lut6_I0_O)        0.105     5.796 r  board_demo_comp_LUT6/O
                         net (fo=2, routed)           0.242     6.038    board_demo_comp_net_2
    SLICE_X1Y80          LUT6 (Prop_lut6_I5_O)        0.105     6.143 r  board_demo_comp_LUT6_1/O
                         net (fo=11, routed)          0.863     7.006    board_demo_comp_net_35
    SLICE_X3Y83          LUT3 (Prop_lut3_I2_O)        0.126     7.132 r  kr_drive_low[3]_i_3/O
                         net (fo=4, routed)           0.353     7.485    kr_drive_low[3]_i_3_n_0
    SLICE_X1Y84          LUT2 (Prop_lut2_I0_O)        0.275     7.760 r  board_demo_comp_LUT2_4/O
                         net (fo=5, routed)           0.358     8.118    board_demo_comp_net_27
    SLICE_X1Y84          LUT2 (Prop_lut2_I1_O)        0.108     8.226 r  board_demo_comp_LUT2_17/O
                         net (fo=3, routed)           0.294     8.521    stable_cnt[2]_i_1_n_0
    SLICE_X1Y84          FDRE                                         r  gen_compact_keypad.gen_ultracompact.u_matrix_keypad_mode_ctrl_ultracompact/stable_cnt_reg[2]/R
  -------------------------------------------------------------------    -------------------

                         (clock clk_20M rise edge)   50.000    50.000 r  
    Y18                                               0.000    50.000 r  clk (IN)
                         net (fo=0)                   0.000    50.000    clk
    Y18                  IBUF (Prop_ibuf_I_O)         1.361    51.361 r  u_ibuf_sys_clk/O
                         net (fo=1, routed)           1.604    52.965    clk_ibuf
    BUFGCTRL_X0Y0        BUFG (Prop_bufg_I_O)         0.077    53.042 r  u_bufg_sys_clk/O
                         net (fo=58, routed)          1.310    54.352    clk_sys_bufg
    SLICE_X1Y84          FDRE                                         r  gen_compact_keypad.gen_ultracompact.u_matrix_keypad_mode_ctrl_ultracompact/stable_cnt_reg[2]/C
                         clock pessimism              0.241    54.593    
                         clock uncertainty           -0.035    54.558    
    SLICE_X1Y84          FDRE (Setup_fdre_C_R)       -0.522    54.036    gen_compact_keypad.gen_ultracompact.u_matrix_keypad_mode_ctrl_ultracompact/stable_cnt_reg[2]
  -------------------------------------------------------------------
                         required time                         54.036    
                         arrival time                          -8.521    
  -------------------------------------------------------------------
                         slack                                 45.515    

Slack (MET) :             45.912ns  (required time - arrival time)
  Source:                 gen_shared_scan_counter.pwr_rst_cnt_reg[10]/C
                            (rising edge-triggered cell FDRE clocked by clk_20M  {rise@0.000ns fall@25.000ns period=50.000ns})
  Destination:            gen_compact_keypad.gen_ultracompact.u_matrix_keypad_mode_ctrl_ultracompact/stable_cnt_reg[0]/CE
                            (rising edge-triggered cell FDRE clocked by clk_20M  {rise@0.000ns fall@25.000ns period=50.000ns})
  Path Group:             clk_20M
  Path Type:              Setup (Max at Slow Process Corner)
  Requirement:            50.000ns  (clk_20M rise@50.000ns - clk_20M rise@0.000ns)
  Data Path Delay:        3.698ns  (logic 0.995ns (26.904%)  route 2.703ns (73.096%))
  Logic Levels:           4  (LUT3=1 LUT4=1 LUT6=2)
  Clock Path Skew:        -0.023ns (DCD - SCD + CPR)
    Destination Clock Delay (DCD):    4.352ns = ( 54.352 - 50.000 ) 
    Source Clock Delay      (SCD):    4.616ns
    Clock Pessimism Removal (CPR):    0.241ns
  Clock Uncertainty:      0.035ns  ((TSJ^2 + TIJ^2)^1/2 + DJ) / 2 + PE
    Total System Jitter     (TSJ):    0.071ns
    Total Input Jitter      (TIJ):    0.000ns
    Discrete Jitter          (DJ):    0.000ns
    Phase Error              (PE):    0.000ns

    Location             Delay type                Incr(ns)  Path(ns)    Netlist Resource(s)
  -------------------------------------------------------------------    -------------------
                         (clock clk_20M rise edge)    0.000     0.000 r  
    Y18                                               0.000     0.000 r  clk (IN)
                         net (fo=0)                   0.000     0.000    clk
    Y18                  IBUF (Prop_ibuf_I_O)         1.427     1.427 r  u_ibuf_sys_clk/O
                         net (fo=1, routed)           1.693     3.120    clk_ibuf
    BUFGCTRL_X0Y0        BUFG (Prop_bufg_I_O)         0.081     3.201 r  u_bufg_sys_clk/O
                         net (fo=58, routed)          1.415     4.616    clk_sys_bufg
    SLICE_X0Y81          FDRE                                         r  gen_shared_scan_counter.pwr_rst_cnt_reg[10]/C
  -------------------------------------------------------------------    -------------------
    SLICE_X0Y81          FDRE (Prop_fdre_C_Q)         0.379     4.995 r  gen_shared_scan_counter.pwr_rst_cnt_reg[10]/Q
                         net (fo=2, routed)           0.696     5.691    gen_shared_scan_counter.pwr_rst_cnt_reg[10]
    SLICE_X1Y81          LUT6 (Prop_lut6_I0_O)        0.105     5.796 r  board_demo_comp_LUT6/O
                         net (fo=2, routed)           0.242     6.038    board_demo_comp_net_2
    SLICE_X1Y80          LUT6 (Prop_lut6_I5_O)        0.105     6.143 r  board_demo_comp_LUT6_1/O
                         net (fo=11, routed)          0.863     7.006    board_demo_comp_net_35
    SLICE_X3Y83          LUT3 (Prop_lut3_I2_O)        0.126     7.132 r  kr_drive_low[3]_i_3/O
                         net (fo=4, routed)           0.353     7.485    kr_drive_low[3]_i_3_n_0
    SLICE_X1Y84          LUT4 (Prop_lut4_I3_O)        0.280     7.765 r  board_demo_comp_LUT4_34/O
                         net (fo=3, routed)           0.549     8.314    stable_cnt[2]_i_2_n_0
    SLICE_X1Y84          FDRE                                         r  gen_compact_keypad.gen_ultracompact.u_matrix_keypad_mode_ctrl_ultracompact/stable_cnt_reg[0]/CE
  -------------------------------------------------------------------    -------------------

                         (clock clk_20M rise edge)   50.000    50.000 r  
    Y18                                               0.000    50.000 r  clk (IN)
                         net (fo=0)                   0.000    50.000    clk
    Y18                  IBUF (Prop_ibuf_I_O)         1.361    51.361 r  u_ibuf_sys_clk/O
                         net (fo=1, routed)           1.604    52.965    clk_ibuf
    BUFGCTRL_X0Y0        BUFG (Prop_bufg_I_O)         0.077    53.042 r  u_bufg_sys_clk/O
                         net (fo=58, routed)          1.310    54.352    clk_sys_bufg
    SLICE_X1Y84          FDRE                                         r  gen_compact_keypad.gen_ultracompact.u_matrix_keypad_mode_ctrl_ultracompact/stable_cnt_reg[0]/C
                         clock pessimism              0.241    54.593    
                         clock uncertainty           -0.035    54.558    
    SLICE_X1Y84          FDRE (Setup_fdre_C_CE)      -0.331    54.227    gen_compact_keypad.gen_ultracompact.u_matrix_keypad_mode_ctrl_ultracompact/stable_cnt_reg[0]
  -------------------------------------------------------------------
                         required time                         54.227    
                         arrival time                          -8.314    
  -------------------------------------------------------------------
                         slack                                 45.912    

Slack (MET) :             45.912ns  (required time - arrival time)
  Source:                 gen_shared_scan_counter.pwr_rst_cnt_reg[10]/C
                            (rising edge-triggered cell FDRE clocked by clk_20M  {rise@0.000ns fall@25.000ns period=50.000ns})
  Destination:            gen_compact_keypad.gen_ultracompact.u_matrix_keypad_mode_ctrl_ultracompact/stable_cnt_reg[1]/CE
                            (rising edge-triggered cell FDRE clocked by clk_20M  {rise@0.000ns fall@25.000ns period=50.000ns})
  Path Group:             clk_20M
  Path Type:              Setup (Max at Slow Process Corner)
  Requirement:            50.000ns  (clk_20M rise@50.000ns - clk_20M rise@0.000ns)
  Data Path Delay:        3.698ns  (logic 0.995ns (26.904%)  route 2.703ns (73.096%))
  Logic Levels:           4  (LUT3=1 LUT4=1 LUT6=2)
  Clock Path Skew:        -0.023ns (DCD - SCD + CPR)
    Destination Clock Delay (DCD):    4.352ns = ( 54.352 - 50.000 ) 
    Source Clock Delay      (SCD):    4.616ns
    Clock Pessimism Removal (CPR):    0.241ns
  Clock Uncertainty:      0.035ns  ((TSJ^2 + TIJ^2)^1/2 + DJ) / 2 + PE
    Total System Jitter     (TSJ):    0.071ns
    Total Input Jitter      (TIJ):    0.000ns
    Discrete Jitter          (DJ):    0.000ns
    Phase Error              (PE):    0.000ns

    Location             Delay type                Incr(ns)  Path(ns)    Netlist Resource(s)
  -------------------------------------------------------------------    -------------------
                         (clock clk_20M rise edge)    0.000     0.000 r  
    Y18                                               0.000     0.000 r  clk (IN)
                         net (fo=0)                   0.000     0.000    clk
    Y18                  IBUF (Prop_ibuf_I_O)         1.427     1.427 r  u_ibuf_sys_clk/O
                         net (fo=1, routed)           1.693     3.120    clk_ibuf
    BUFGCTRL_X0Y0        BUFG (Prop_bufg_I_O)         0.081     3.201 r  u_bufg_sys_clk/O
                         net (fo=58, routed)          1.415     4.616    clk_sys_bufg
    SLICE_X0Y81          FDRE                                         r  gen_shared_scan_counter.pwr_rst_cnt_reg[10]/C
  -------------------------------------------------------------------    -------------------
    SLICE_X0Y81          FDRE (Prop_fdre_C_Q)         0.379     4.995 r  gen_shared_scan_counter.pwr_rst_cnt_reg[10]/Q
                         net (fo=2, routed)           0.696     5.691    gen_shared_scan_counter.pwr_rst_cnt_reg[10]
    SLICE_X1Y81          LUT6 (Prop_lut6_I0_O)        0.105     5.796 r  board_demo_comp_LUT6/O
                         net (fo=2, routed)           0.242     6.038    board_demo_comp_net_2
    SLICE_X1Y80          LUT6 (Prop_lut6_I5_O)        0.105     6.143 r  board_demo_comp_LUT6_1/O
                         net (fo=11, routed)          0.863     7.006    board_demo_comp_net_35
    SLICE_X3Y83          LUT3 (Prop_lut3_I2_O)        0.126     7.132 r  kr_drive_low[3]_i_3/O
                         net (fo=4, routed)           0.353     7.485    kr_drive_low[3]_i_3_n_0
    SLICE_X1Y84          LUT4 (Prop_lut4_I3_O)        0.280     7.765 r  board_demo_comp_LUT4_34/O
                         net (fo=3, routed)           0.549     8.314    stable_cnt[2]_i_2_n_0
    SLICE_X1Y84          FDRE                                         r  gen_compact_keypad.gen_ultracompact.u_matrix_keypad_mode_ctrl_ultracompact/stable_cnt_reg[1]/CE
  -------------------------------------------------------------------    -------------------

                         (clock clk_20M rise edge)   50.000    50.000 r  
    Y18                                               0.000    50.000 r  clk (IN)
                         net (fo=0)                   0.000    50.000    clk
    Y18                  IBUF (Prop_ibuf_I_O)         1.361    51.361 r  u_ibuf_sys_clk/O
                         net (fo=1, routed)           1.604    52.965    clk_ibuf
    BUFGCTRL_X0Y0        BUFG (Prop_bufg_I_O)         0.077    53.042 r  u_bufg_sys_clk/O
                         net (fo=58, routed)          1.310    54.352    clk_sys_bufg
    SLICE_X1Y84          FDRE                                         r  gen_compact_keypad.gen_ultracompact.u_matrix_keypad_mode_ctrl_ultracompact/stable_cnt_reg[1]/C
                         clock pessimism              0.241    54.593    
                         clock uncertainty           -0.035    54.558    
    SLICE_X1Y84          FDRE (Setup_fdre_C_CE)      -0.331    54.227    gen_compact_keypad.gen_ultracompact.u_matrix_keypad_mode_ctrl_ultracompact/stable_cnt_reg[1]
  -------------------------------------------------------------------
                         required time                         54.227    
                         arrival time                          -8.314    
  -------------------------------------------------------------------
                         slack                                 45.912    

Slack (MET) :             45.912ns  (required time - arrival time)
  Source:                 gen_shared_scan_counter.pwr_rst_cnt_reg[10]/C
                            (rising edge-triggered cell FDRE clocked by clk_20M  {rise@0.000ns fall@25.000ns period=50.000ns})
  Destination:            gen_compact_keypad.gen_ultracompact.u_matrix_keypad_mode_ctrl_ultracompact/stable_cnt_reg[2]/CE
                            (rising edge-triggered cell FDRE clocked by clk_20M  {rise@0.000ns fall@25.000ns period=50.000ns})
  Path Group:             clk_20M
  Path Type:              Setup (Max at Slow Process Corner)
  Requirement:            50.000ns  (clk_20M rise@50.000ns - clk_20M rise@0.000ns)
  Data Path Delay:        3.698ns  (logic 0.995ns (26.904%)  route 2.703ns (73.096%))
  Logic Levels:           4  (LUT3=1 LUT4=1 LUT6=2)
  Clock Path Skew:        -0.023ns (DCD - SCD + CPR)
    Destination Clock Delay (DCD):    4.352ns = ( 54.352 - 50.000 ) 
    Source Clock Delay      (SCD):    4.616ns
    Clock Pessimism Removal (CPR):    0.241ns
  Clock Uncertainty:      0.035ns  ((TSJ^2 + TIJ^2)^1/2 + DJ) / 2 + PE
    Total System Jitter     (TSJ):    0.071ns
    Total Input Jitter      (TIJ):    0.000ns
    Discrete Jitter          (DJ):    0.000ns
    Phase Error              (PE):    0.000ns

    Location             Delay type                Incr(ns)  Path(ns)    Netlist Resource(s)
  -------------------------------------------------------------------    -------------------
                         (clock clk_20M rise edge)    0.000     0.000 r  
    Y18                                               0.000     0.000 r  clk (IN)
                         net (fo=0)                   0.000     0.000    clk
    Y18                  IBUF (Prop_ibuf_I_O)         1.427     1.427 r  u_ibuf_sys_clk/O
                         net (fo=1, routed)           1.693     3.120    clk_ibuf
    BUFGCTRL_X0Y0        BUFG (Prop_bufg_I_O)         0.081     3.201 r  u_bufg_sys_clk/O
                         net (fo=58, routed)          1.415     4.616    clk_sys_bufg
    SLICE_X0Y81          FDRE                                         r  gen_shared_scan_counter.pwr_rst_cnt_reg[10]/C
  -------------------------------------------------------------------    -------------------
    SLICE_X0Y81          FDRE (Prop_fdre_C_Q)         0.379     4.995 r  gen_shared_scan_counter.pwr_rst_cnt_reg[10]/Q
                         net (fo=2, routed)           0.696     5.691    gen_shared_scan_counter.pwr_rst_cnt_reg[10]
    SLICE_X1Y81          LUT6 (Prop_lut6_I0_O)        0.105     5.796 r  board_demo_comp_LUT6/O
                         net (fo=2, routed)           0.242     6.038    board_demo_comp_net_2
    SLICE_X1Y80          LUT6 (Prop_lut6_I5_O)        0.105     6.143 r  board_demo_comp_LUT6_1/O
                         net (fo=11, routed)          0.863     7.006    board_demo_comp_net_35
    SLICE_X3Y83          LUT3 (Prop_lut3_I2_O)        0.126     7.132 r  kr_drive_low[3]_i_3/O
                         net (fo=4, routed)           0.353     7.485    kr_drive_low[3]_i_3_n_0
    SLICE_X1Y84          LUT4 (Prop_lut4_I3_O)        0.280     7.765 r  board_demo_comp_LUT4_34/O
                         net (fo=3, routed)           0.549     8.314    stable_cnt[2]_i_2_n_0
    SLICE_X1Y84          FDRE                                         r  gen_compact_keypad.gen_ultracompact.u_matrix_keypad_mode_ctrl_ultracompact/stable_cnt_reg[2]/CE
  -------------------------------------------------------------------    -------------------

                         (clock clk_20M rise edge)   50.000    50.000 r  
    Y18                                               0.000    50.000 r  clk (IN)
                         net (fo=0)                   0.000    50.000    clk
    Y18                  IBUF (Prop_ibuf_I_O)         1.361    51.361 r  u_ibuf_sys_clk/O
                         net (fo=1, routed)           1.604    52.965    clk_ibuf
    BUFGCTRL_X0Y0        BUFG (Prop_bufg_I_O)         0.077    53.042 r  u_bufg_sys_clk/O
                         net (fo=58, routed)          1.310    54.352    clk_sys_bufg
    SLICE_X1Y84          FDRE                                         r  gen_compact_keypad.gen_ultracompact.u_matrix_keypad_mode_ctrl_ultracompact/stable_cnt_reg[2]/C
                         clock pessimism              0.241    54.593    
                         clock uncertainty           -0.035    54.558    
    SLICE_X1Y84          FDRE (Setup_fdre_C_CE)      -0.331    54.227    gen_compact_keypad.gen_ultracompact.u_matrix_keypad_mode_ctrl_ultracompact/stable_cnt_reg[2]
  -------------------------------------------------------------------
                         required time                         54.227    
                         arrival time                          -8.314    
  -------------------------------------------------------------------
                         slack                                 45.912    





Min Delay Paths
--------------------------------------------------------------------------------------
Slack (MET) :             0.121ns  (arrival time - required time)
  Source:                 gen_compact_keypad.gen_ultracompact.u_matrix_keypad_mode_ctrl_ultracompact/stable_cnt_reg[0]/C
                            (rising edge-triggered cell FDRE clocked by clk_20M  {rise@0.000ns fall@25.000ns period=50.000ns})
  Destination:            gen_compact_keypad.gen_ultracompact.u_matrix_keypad_mode_ctrl_ultracompact/stable_cnt_reg[1]/D
                            (rising edge-triggered cell FDRE clocked by clk_20M  {rise@0.000ns fall@25.000ns period=50.000ns})
  Path Group:             clk_20M
  Path Type:              Hold (Min at Fast Process Corner)
  Requirement:            0.000ns  (clk_20M rise@0.000ns - clk_20M rise@0.000ns)
  Data Path Delay:        0.196ns  (logic 0.141ns (71.838%)  route 0.055ns (28.162%))
  Logic Levels:           0  
  Clock Path Skew:        0.000ns (DCD - SCD - CPR)
    Destination Clock Delay (DCD):    2.027ns
    Source Clock Delay      (SCD):    1.512ns
    Clock Pessimism Removal (CPR):    0.514ns

    Location             Delay type                Incr(ns)  Path(ns)    Netlist Resource(s)
  -------------------------------------------------------------------    -------------------
                         (clock clk_20M rise edge)    0.000     0.000 r  
    Y18                                               0.000     0.000 r  clk (IN)
                         net (fo=0)                   0.000     0.000    clk
    Y18                  IBUF (Prop_ibuf_I_O)         0.264     0.264 r  u_ibuf_sys_clk/O
                         net (fo=1, routed)           0.634     0.898    clk_ibuf
    BUFGCTRL_X0Y0        BUFG (Prop_bufg_I_O)         0.026     0.924 r  u_bufg_sys_clk/O
                         net (fo=58, routed)          0.589     1.512    clk_sys_bufg
    SLICE_X1Y84          FDRE                                         r  gen_compact_keypad.gen_ultracompact.u_matrix_keypad_mode_ctrl_ultracompact/stable_cnt_reg[0]/C
  -------------------------------------------------------------------    -------------------
    SLICE_X1Y84          FDRE (Prop_fdre_C_Q)         0.141     1.653 r  gen_compact_keypad.gen_ultracompact.u_matrix_keypad_mode_ctrl_ultracompact/stable_cnt_reg[0]/Q
                         net (fo=3, routed)           0.055     1.709    stable_cnt[0]
    SLICE_X1Y84          FDRE                                         r  gen_compact_keypad.gen_ultracompact.u_matrix_keypad_mode_ctrl_ultracompact/stable_cnt_reg[1]/D
  -------------------------------------------------------------------    -------------------

                         (clock clk_20M rise edge)    0.000     0.000 r  
    Y18                                               0.000     0.000 r  clk (IN)
                         net (fo=0)                   0.000     0.000    clk
    Y18                  IBUF (Prop_ibuf_I_O)         0.452     0.452 r  u_ibuf_sys_clk/O
                         net (fo=1, routed)           0.689     1.140    clk_ibuf
    BUFGCTRL_X0Y0        BUFG (Prop_bufg_I_O)         0.029     1.169 r  u_bufg_sys_clk/O
                         net (fo=58, routed)          0.857     2.027    clk_sys_bufg
    SLICE_X1Y84          FDRE                                         r  gen_compact_keypad.gen_ultracompact.u_matrix_keypad_mode_ctrl_ultracompact/stable_cnt_reg[1]/C
                         clock pessimism             -0.514     1.512    
    SLICE_X1Y84          FDRE (Hold_fdre_C_D)         0.075     1.587    gen_compact_keypad.gen_ultracompact.u_matrix_keypad_mode_ctrl_ultracompact/stable_cnt_reg[1]
  -------------------------------------------------------------------
                         required time                         -1.587    
                         arrival time                           1.709    
  -------------------------------------------------------------------
                         slack                                  0.121    

Slack (MET) :             0.121ns  (arrival time - required time)
  Source:                 gen_compact_keypad.gen_ultracompact.u_matrix_keypad_mode_ctrl_ultracompact/kc_meta_reg[0]/C
                            (rising edge-triggered cell FDSE clocked by clk_20M  {rise@0.000ns fall@25.000ns period=50.000ns})
  Destination:            gen_compact_keypad.gen_ultracompact.u_matrix_keypad_mode_ctrl_ultracompact/kc_sync_reg[0]/D
                            (rising edge-triggered cell FDSE clocked by clk_20M  {rise@0.000ns fall@25.000ns period=50.000ns})
  Path Group:             clk_20M
  Path Type:              Hold (Min at Fast Process Corner)
  Requirement:            0.000ns  (clk_20M rise@0.000ns - clk_20M rise@0.000ns)
  Data Path Delay:        0.196ns  (logic 0.141ns (71.838%)  route 0.055ns (28.162%))
  Logic Levels:           0  
  Clock Path Skew:        0.000ns (DCD - SCD - CPR)
    Destination Clock Delay (DCD):    2.026ns
    Source Clock Delay      (SCD):    1.511ns
    Clock Pessimism Removal (CPR):    0.514ns

    Location             Delay type                Incr(ns)  Path(ns)    Netlist Resource(s)
  -------------------------------------------------------------------    -------------------
                         (clock clk_20M rise edge)    0.000     0.000 r  
    Y18                                               0.000     0.000 r  clk (IN)
                         net (fo=0)                   0.000     0.000    clk
    Y18                  IBUF (Prop_ibuf_I_O)         0.264     0.264 r  u_ibuf_sys_clk/O
                         net (fo=1, routed)           0.634     0.898    clk_ibuf
    BUFGCTRL_X0Y0        BUFG (Prop_bufg_I_O)         0.026     0.924 r  u_bufg_sys_clk/O
                         net (fo=58, routed)          0.588     1.511    clk_sys_bufg
    SLICE_X1Y83          FDSE                                         r  gen_compact_keypad.gen_ultracompact.u_matrix_keypad_mode_ctrl_ultracompact/kc_meta_reg[0]/C
  -------------------------------------------------------------------    -------------------
    SLICE_X1Y83          FDSE (Prop_fdse_C_Q)         0.141     1.652 r  gen_compact_keypad.gen_ultracompact.u_matrix_keypad_mode_ctrl_ultracompact/kc_meta_reg[0]/Q
                         net (fo=1, routed)           0.055     1.708    gen_compact_keypad.gen_ultracompact.u_matrix_keypad_mode_ctrl_ultracompact/kc_meta[0]
    SLICE_X1Y83          FDSE                                         r  gen_compact_keypad.gen_ultracompact.u_matrix_keypad_mode_ctrl_ultracompact/kc_sync_reg[0]/D
  -------------------------------------------------------------------    -------------------

                         (clock clk_20M rise edge)    0.000     0.000 r  
    Y18                                               0.000     0.000 r  clk (IN)
                         net (fo=0)                   0.000     0.000    clk
    Y18                  IBUF (Prop_ibuf_I_O)         0.452     0.452 r  u_ibuf_sys_clk/O
                         net (fo=1, routed)           0.689     1.140    clk_ibuf
    BUFGCTRL_X0Y0        BUFG (Prop_bufg_I_O)         0.029     1.169 r  u_bufg_sys_clk/O
                         net (fo=58, routed)          0.856     2.026    clk_sys_bufg
    SLICE_X1Y83          FDSE                                         r  gen_compact_keypad.gen_ultracompact.u_matrix_keypad_mode_ctrl_ultracompact/kc_sync_reg[0]/C
                         clock pessimism             -0.514     1.511    
    SLICE_X1Y83          FDSE (Hold_fdse_C_D)         0.075     1.586    gen_compact_keypad.gen_ultracompact.u_matrix_keypad_mode_ctrl_ultracompact/kc_sync_reg[0]
  -------------------------------------------------------------------
                         required time                         -1.586    
                         arrival time                           1.708    
  -------------------------------------------------------------------
                         slack                                  0.121    

Slack (MET) :             0.130ns  (arrival time - required time)
  Source:                 locked_44k1_sync_reg[0]/C
                            (rising edge-triggered cell FDRE clocked by clk_20M  {rise@0.000ns fall@25.000ns period=50.000ns})
  Destination:            locked_44k1_sync_reg[1]/D
                            (rising edge-triggered cell FDRE clocked by clk_20M  {rise@0.000ns fall@25.000ns period=50.000ns})
  Path Group:             clk_20M
  Path Type:              Hold (Min at Fast Process Corner)
  Requirement:            0.000ns  (clk_20M rise@0.000ns - clk_20M rise@0.000ns)
  Data Path Delay:        0.205ns  (logic 0.141ns (68.843%)  route 0.064ns (31.157%))
  Logic Levels:           0  
  Clock Path Skew:        0.000ns (DCD - SCD - CPR)
    Destination Clock Delay (DCD):    2.031ns
    Source Clock Delay      (SCD):    1.514ns
    Clock Pessimism Removal (CPR):    0.516ns

    Location             Delay type                Incr(ns)  Path(ns)    Netlist Resource(s)
  -------------------------------------------------------------------    -------------------
                         (clock clk_20M rise edge)    0.000     0.000 r  
    Y18                                               0.000     0.000 r  clk (IN)
                         net (fo=0)                   0.000     0.000    clk
    Y18                  IBUF (Prop_ibuf_I_O)         0.264     0.264 r  u_ibuf_sys_clk/O
                         net (fo=1, routed)           0.634     0.898    clk_ibuf
    BUFGCTRL_X0Y0        BUFG (Prop_bufg_I_O)         0.026     0.924 r  u_bufg_sys_clk/O
                         net (fo=58, routed)          0.591     1.514    clk_sys_bufg
    SLICE_X0Y88          FDRE                                         r  locked_44k1_sync_reg[0]/C
  -------------------------------------------------------------------    -------------------
    SLICE_X0Y88          FDRE (Prop_fdre_C_Q)         0.141     1.655 r  locked_44k1_sync_reg[0]/Q
                         net (fo=1, routed)           0.064     1.719    locked_44k1_sync[0]
    SLICE_X0Y88          FDRE                                         r  locked_44k1_sync_reg[1]/D
  -------------------------------------------------------------------    -------------------

                         (clock clk_20M rise edge)    0.000     0.000 r  
    Y18                                               0.000     0.000 r  clk (IN)
                         net (fo=0)                   0.000     0.000    clk
    Y18                  IBUF (Prop_ibuf_I_O)         0.452     0.452 r  u_ibuf_sys_clk/O
                         net (fo=1, routed)           0.689     1.140    clk_ibuf
    BUFGCTRL_X0Y0        BUFG (Prop_bufg_I_O)         0.029     1.169 r  u_bufg_sys_clk/O
                         net (fo=58, routed)          0.861     2.031    clk_sys_bufg
    SLICE_X0Y88          FDRE                                         r  locked_44k1_sync_reg[1]/C
                         clock pessimism             -0.516     1.514    
    SLICE_X0Y88          FDRE (Hold_fdre_C_D)         0.075     1.589    locked_44k1_sync_reg[1]
  -------------------------------------------------------------------
                         required time                         -1.589    
                         arrival time                           1.719    
  -------------------------------------------------------------------
                         slack                                  0.130    

Slack (MET) :             0.130ns  (arrival time - required time)
  Source:                 locked_48k_sync_reg[0]/C
                            (rising edge-triggered cell FDRE clocked by clk_20M  {rise@0.000ns fall@25.000ns period=50.000ns})
  Destination:            locked_48k_sync_reg[1]/D
                            (rising edge-triggered cell FDRE clocked by clk_20M  {rise@0.000ns fall@25.000ns period=50.000ns})
  Path Group:             clk_20M
  Path Type:              Hold (Min at Fast Process Corner)
  Requirement:            0.000ns  (clk_20M rise@0.000ns - clk_20M rise@0.000ns)
  Data Path Delay:        0.205ns  (logic 0.141ns (68.843%)  route 0.064ns (31.157%))
  Logic Levels:           0  
  Clock Path Skew:        0.000ns (DCD - SCD - CPR)
    Destination Clock Delay (DCD):    2.020ns
    Source Clock Delay      (SCD):    1.506ns
    Clock Pessimism Removal (CPR):    0.513ns

    Location             Delay type                Incr(ns)  Path(ns)    Netlist Resource(s)
  -------------------------------------------------------------------    -------------------
                         (clock clk_20M rise edge)    0.000     0.000 r  
    Y18                                               0.000     0.000 r  clk (IN)
                         net (fo=0)                   0.000     0.000    clk
    Y18                  IBUF (Prop_ibuf_I_O)         0.264     0.264 r  u_ibuf_sys_clk/O
                         net (fo=1, routed)           0.634     0.898    clk_ibuf
    BUFGCTRL_X0Y0        BUFG (Prop_bufg_I_O)         0.026     0.924 r  u_bufg_sys_clk/O
                         net (fo=58, routed)          0.583     1.506    clk_sys_bufg
    SLICE_X0Y77          FDRE                                         r  locked_48k_sync_reg[0]/C
  -------------------------------------------------------------------    -------------------
    SLICE_X0Y77          FDRE (Prop_fdre_C_Q)         0.141     1.647 r  locked_48k_sync_reg[0]/Q
                         net (fo=1, routed)           0.064     1.711    locked_48k_sync[0]
    SLICE_X0Y77          FDRE                                         r  locked_48k_sync_reg[1]/D
  -------------------------------------------------------------------    -------------------

                         (clock clk_20M rise edge)    0.000     0.000 r  
    Y18                                               0.000     0.000 r  clk (IN)
                         net (fo=0)                   0.000     0.000    clk
    Y18                  IBUF (Prop_ibuf_I_O)         0.452     0.452 r  u_ibuf_sys_clk/O
                         net (fo=1, routed)           0.689     1.140    clk_ibuf
    BUFGCTRL_X0Y0        BUFG (Prop_bufg_I_O)         0.029     1.169 r  u_bufg_sys_clk/O
                         net (fo=58, routed)          0.850     2.020    clk_sys_bufg
    SLICE_X0Y77          FDRE                                         r  locked_48k_sync_reg[1]/C
                         clock pessimism             -0.513     1.506    
    SLICE_X0Y77          FDRE (Hold_fdre_C_D)         0.075     1.581    locked_48k_sync_reg[1]
  -------------------------------------------------------------------
                         required time                         -1.581    
                         arrival time                           1.711    
  -------------------------------------------------------------------
                         slack                                  0.130    

Slack (MET) :             0.158ns  (arrival time - required time)
  Source:                 gen_compact_keypad.gen_ultracompact.u_matrix_keypad_mode_ctrl_ultracompact/mode_sel_reg[0]/C
                            (rising edge-triggered cell FDSE clocked by clk_20M  {rise@0.000ns fall@25.000ns period=50.000ns})
  Destination:            u_nf_mode_cdc_handshake/mode_shadow_reg[0]/D
                            (rising edge-triggered cell FDSE clocked by clk_20M  {rise@0.000ns fall@25.000ns period=50.000ns})
  Path Group:             clk_20M
  Path Type:              Hold (Min at Fast Process Corner)
  Requirement:            0.000ns  (clk_20M rise@0.000ns - clk_20M rise@0.000ns)
  Data Path Delay:        0.248ns  (logic 0.141ns (56.895%)  route 0.107ns (43.105%))
  Logic Levels:           0  
  Clock Path Skew:        0.015ns (DCD - SCD - CPR)
    Destination Clock Delay (DCD):    2.028ns
    Source Clock Delay      (SCD):    1.512ns
    Clock Pessimism Removal (CPR):    0.500ns

    Location             Delay type                Incr(ns)  Path(ns)    Netlist Resource(s)
  -------------------------------------------------------------------    -------------------
                         (clock clk_20M rise edge)    0.000     0.000 r  
    Y18                                               0.000     0.000 r  clk (IN)
                         net (fo=0)                   0.000     0.000    clk
    Y18                  IBUF (Prop_ibuf_I_O)         0.264     0.264 r  u_ibuf_sys_clk/O
                         net (fo=1, routed)           0.634     0.898    clk_ibuf
    BUFGCTRL_X0Y0        BUFG (Prop_bufg_I_O)         0.026     0.924 r  u_bufg_sys_clk/O
                         net (fo=58, routed)          0.589     1.512    clk_sys_bufg
    SLICE_X1Y85          FDSE                                         r  gen_compact_keypad.gen_ultracompact.u_matrix_keypad_mode_ctrl_ultracompact/mode_sel_reg[0]/C
  -------------------------------------------------------------------    -------------------
    SLICE_X1Y85          FDSE (Prop_fdse_C_Q)         0.141     1.653 r  gen_compact_keypad.gen_ultracompact.u_matrix_keypad_mode_ctrl_ultracompact/mode_sel_reg[0]/Q
                         net (fo=2, routed)           0.107     1.760    mode_sel[0]
    SLICE_X3Y86          FDSE                                         r  u_nf_mode_cdc_handshake/mode_shadow_reg[0]/D
  -------------------------------------------------------------------    -------------------

                         (clock clk_20M rise edge)    0.000     0.000 r  
    Y18                                               0.000     0.000 r  clk (IN)
                         net (fo=0)                   0.000     0.000    clk
    Y18                  IBUF (Prop_ibuf_I_O)         0.452     0.452 r  u_ibuf_sys_clk/O
                         net (fo=1, routed)           0.689     1.140    clk_ibuf
    BUFGCTRL_X0Y0        BUFG (Prop_bufg_I_O)         0.029     1.169 r  u_bufg_sys_clk/O
                         net (fo=58, routed)          0.858     2.028    clk_sys_bufg
    SLICE_X3Y86          FDSE                                         r  u_nf_mode_cdc_handshake/mode_shadow_reg[0]/C
                         clock pessimism             -0.500     1.527    
    SLICE_X3Y86          FDSE (Hold_fdse_C_D)         0.075     1.602    u_nf_mode_cdc_handshake/mode_shadow_reg[0]
  -------------------------------------------------------------------
                         required time                         -1.602    
                         arrival time                           1.760    
  -------------------------------------------------------------------
                         slack                                  0.158    

Slack (MET) :             0.159ns  (arrival time - required time)
  Source:                 u_nf_mode_cdc_handshake/ack_meta_reg/C
                            (rising edge-triggered cell FDRE clocked by clk_20M  {rise@0.000ns fall@25.000ns period=50.000ns})
  Destination:            u_nf_mode_cdc_handshake/ack_sync_reg/D
                            (rising edge-triggered cell FDRE clocked by clk_20M  {rise@0.000ns fall@25.000ns period=50.000ns})
  Path Group:             clk_20M
  Path Type:              Hold (Min at Fast Process Corner)
  Requirement:            0.000ns  (clk_20M rise@0.000ns - clk_20M rise@0.000ns)
  Data Path Delay:        0.219ns  (logic 0.164ns (74.792%)  route 0.055ns (25.208%))
  Logic Levels:           0  
  Clock Path Skew:        0.000ns (DCD - SCD - CPR)
    Destination Clock Delay (DCD):    2.028ns
    Source Clock Delay      (SCD):    1.512ns
    Clock Pessimism Removal (CPR):    0.515ns

    Location             Delay type                Incr(ns)  Path(ns)    Netlist Resource(s)
  -------------------------------------------------------------------    -------------------
                         (clock clk_20M rise edge)    0.000     0.000 r  
    Y18                                               0.000     0.000 r  clk (IN)
                         net (fo=0)                   0.000     0.000    clk
    Y18                  IBUF (Prop_ibuf_I_O)         0.264     0.264 r  u_ibuf_sys_clk/O
                         net (fo=1, routed)           0.634     0.898    clk_ibuf
    BUFGCTRL_X0Y0        BUFG (Prop_bufg_I_O)         0.026     0.924 r  u_bufg_sys_clk/O
                         net (fo=58, routed)          0.589     1.512    clk_sys_bufg
    SLICE_X2Y86          FDRE                                         r  u_nf_mode_cdc_handshake/ack_meta_reg/C
  -------------------------------------------------------------------    -------------------
    SLICE_X2Y86          FDRE (Prop_fdre_C_Q)         0.164     1.676 r  u_nf_mode_cdc_handshake/ack_meta_reg/Q
                         net (fo=1, routed)           0.055     1.732    u_nf_mode_cdc_handshake/ack_meta
    SLICE_X2Y86          FDRE                                         r  u_nf_mode_cdc_handshake/ack_sync_reg/D
  -------------------------------------------------------------------    -------------------

                         (clock clk_20M rise edge)    0.000     0.000 r  
    Y18                                               0.000     0.000 r  clk (IN)
                         net (fo=0)                   0.000     0.000    clk
    Y18                  IBUF (Prop_ibuf_I_O)         0.452     0.452 r  u_ibuf_sys_clk/O
                         net (fo=1, routed)           0.689     1.140    clk_ibuf
    BUFGCTRL_X0Y0        BUFG (Prop_bufg_I_O)         0.029     1.169 r  u_bufg_sys_clk/O
                         net (fo=58, routed)          0.858     2.028    clk_sys_bufg
    SLICE_X2Y86          FDRE                                         r  u_nf_mode_cdc_handshake/ack_sync_reg/C
                         clock pessimism             -0.515     1.512    
    SLICE_X2Y86          FDRE (Hold_fdre_C_D)         0.060     1.572    u_nf_mode_cdc_handshake/ack_sync_reg
  -------------------------------------------------------------------
                         required time                         -1.572    
                         arrival time                           1.732    
  -------------------------------------------------------------------
                         slack                                  0.159    

Slack (MET) :             0.203ns  (arrival time - required time)
  Source:                 gen_compact_keypad.gen_ultracompact.u_matrix_keypad_mode_ctrl_ultracompact/kr_drive_low_reg[3]/C
                            (rising edge-triggered cell FDSE clocked by clk_20M  {rise@0.000ns fall@25.000ns period=50.000ns})
  Destination:            gen_compact_keypad.gen_ultracompact.u_matrix_keypad_mode_ctrl_ultracompact/kr_drive_low_reg[0]/D
                            (rising edge-triggered cell FDRE clocked by clk_20M  {rise@0.000ns fall@25.000ns period=50.000ns})
  Path Group:             clk_20M
  Path Type:              Hold (Min at Fast Process Corner)
  Requirement:            0.000ns  (clk_20M rise@0.000ns - clk_20M rise@0.000ns)
  Data Path Delay:        0.273ns  (logic 0.141ns (51.653%)  route 0.132ns (48.347%))
  Logic Levels:           0  
  Clock Path Skew:        0.000ns (DCD - SCD - CPR)
    Destination Clock Delay (DCD):    2.033ns
    Source Clock Delay      (SCD):    1.516ns
    Clock Pessimism Removal (CPR):    0.516ns

    Location             Delay type                Incr(ns)  Path(ns)    Netlist Resource(s)
  -------------------------------------------------------------------    -------------------
                         (clock clk_20M rise edge)    0.000     0.000 r  
    Y18                                               0.000     0.000 r  clk (IN)
                         net (fo=0)                   0.000     0.000    clk
    Y18                  IBUF (Prop_ibuf_I_O)         0.264     0.264 r  u_ibuf_sys_clk/O
                         net (fo=1, routed)           0.634     0.898    clk_ibuf
    BUFGCTRL_X0Y0        BUFG (Prop_bufg_I_O)         0.026     0.924 r  u_bufg_sys_clk/O
                         net (fo=58, routed)          0.593     1.516    clk_sys_bufg
    SLICE_X0Y53          FDSE                                         r  gen_compact_keypad.gen_ultracompact.u_matrix_keypad_mode_ctrl_ultracompact/kr_drive_low_reg[3]/C
  -------------------------------------------------------------------    -------------------
    SLICE_X0Y53          FDSE (Prop_fdse_C_Q)         0.141     1.657 r  gen_compact_keypad.gen_ultracompact.u_matrix_keypad_mode_ctrl_ultracompact/kr_drive_low_reg[3]/Q
                         net (fo=2, routed)           0.132     1.789    key_kr_TRI[3]
    SLICE_X0Y53          FDRE                                         r  gen_compact_keypad.gen_ultracompact.u_matrix_keypad_mode_ctrl_ultracompact/kr_drive_low_reg[0]/D
  -------------------------------------------------------------------    -------------------

                         (clock clk_20M rise edge)    0.000     0.000 r  
    Y18                                               0.000     0.000 r  clk (IN)
                         net (fo=0)                   0.000     0.000    clk
    Y18                  IBUF (Prop_ibuf_I_O)         0.452     0.452 r  u_ibuf_sys_clk/O
                         net (fo=1, routed)           0.689     1.140    clk_ibuf
    BUFGCTRL_X0Y0        BUFG (Prop_bufg_I_O)         0.029     1.169 r  u_bufg_sys_clk/O
                         net (fo=58, routed)          0.863     2.033    clk_sys_bufg
    SLICE_X0Y53          FDRE                                         r  gen_compact_keypad.gen_ultracompact.u_matrix_keypad_mode_ctrl_ultracompact/kr_drive_low_reg[0]/C
                         clock pessimism             -0.516     1.516    
    SLICE_X0Y53          FDRE (Hold_fdre_C_D)         0.070     1.586    gen_compact_keypad.gen_ultracompact.u_matrix_keypad_mode_ctrl_ultracompact/kr_drive_low_reg[0]
  -------------------------------------------------------------------
                         required time                         -1.586    
                         arrival time                           1.789    
  -------------------------------------------------------------------
                         slack                                  0.203    

Slack (MET) :             0.225ns  (arrival time - required time)
  Source:                 gen_compact_keypad.gen_ultracompact.u_matrix_keypad_mode_ctrl_ultracompact/mode_sel_reg[1]/C
                            (rising edge-triggered cell FDSE clocked by clk_20M  {rise@0.000ns fall@25.000ns period=50.000ns})
  Destination:            u_nf_mode_cdc_handshake/mode_shadow_reg[1]/D
                            (rising edge-triggered cell FDSE clocked by clk_20M  {rise@0.000ns fall@25.000ns period=50.000ns})
  Path Group:             clk_20M
  Path Type:              Hold (Min at Fast Process Corner)
  Requirement:            0.000ns  (clk_20M rise@0.000ns - clk_20M rise@0.000ns)
  Data Path Delay:        0.306ns  (logic 0.141ns (46.141%)  route 0.165ns (53.859%))
  Logic Levels:           0  
  Clock Path Skew:        0.015ns (DCD - SCD - CPR)
    Destination Clock Delay (DCD):    2.028ns
    Source Clock Delay      (SCD):    1.512ns
    Clock Pessimism Removal (CPR):    0.500ns

    Location             Delay type                Incr(ns)  Path(ns)    Netlist Resource(s)
  -------------------------------------------------------------------    -------------------
                         (clock clk_20M rise edge)    0.000     0.000 r  
    Y18                                               0.000     0.000 r  clk (IN)
                         net (fo=0)                   0.000     0.000    clk
    Y18                  IBUF (Prop_ibuf_I_O)         0.264     0.264 r  u_ibuf_sys_clk/O
                         net (fo=1, routed)           0.634     0.898    clk_ibuf
    BUFGCTRL_X0Y0        BUFG (Prop_bufg_I_O)         0.026     0.924 r  u_bufg_sys_clk/O
                         net (fo=58, routed)          0.589     1.512    clk_sys_bufg
    SLICE_X1Y85          FDSE                                         r  gen_compact_keypad.gen_ultracompact.u_matrix_keypad_mode_ctrl_ultracompact/mode_sel_reg[1]/C
  -------------------------------------------------------------------    -------------------
    SLICE_X1Y85          FDSE (Prop_fdse_C_Q)         0.141     1.653 r  gen_compact_keypad.gen_ultracompact.u_matrix_keypad_mode_ctrl_ultracompact/mode_sel_reg[1]/Q
                         net (fo=2, routed)           0.165     1.818    mode_sel[1]
    SLICE_X3Y86          FDSE                                         r  u_nf_mode_cdc_handshake/mode_shadow_reg[1]/D
  -------------------------------------------------------------------    -------------------

                         (clock clk_20M rise edge)    0.000     0.000 r  
    Y18                                               0.000     0.000 r  clk (IN)
                         net (fo=0)                   0.000     0.000    clk
    Y18                  IBUF (Prop_ibuf_I_O)         0.452     0.452 r  u_ibuf_sys_clk/O
                         net (fo=1, routed)           0.689     1.140    clk_ibuf
    BUFGCTRL_X0Y0        BUFG (Prop_bufg_I_O)         0.029     1.169 r  u_bufg_sys_clk/O
                         net (fo=58, routed)          0.858     2.028    clk_sys_bufg
    SLICE_X3Y86          FDSE                                         r  u_nf_mode_cdc_handshake/mode_shadow_reg[1]/C
                         clock pessimism             -0.500     1.527    
    SLICE_X3Y86          FDSE (Hold_fdse_C_D)         0.066     1.593    u_nf_mode_cdc_handshake/mode_shadow_reg[1]
  -------------------------------------------------------------------
                         required time                         -1.593    
                         arrival time                           1.818    
  -------------------------------------------------------------------
                         slack                                  0.225    

Slack (MET) :             0.252ns  (arrival time - required time)
  Source:                 gen_compact_keypad.gen_ultracompact.u_matrix_keypad_mode_ctrl_ultracompact/kr_drive_low_reg[1]/C
                            (rising edge-triggered cell FDSE clocked by clk_20M  {rise@0.000ns fall@25.000ns period=50.000ns})
  Destination:            gen_compact_keypad.gen_ultracompact.u_matrix_keypad_mode_ctrl_ultracompact/kr_drive_low_reg[2]/D
                            (rising edge-triggered cell FDSE clocked by clk_20M  {rise@0.000ns fall@25.000ns period=50.000ns})
  Path Group:             clk_20M
  Path Type:              Hold (Min at Fast Process Corner)
  Requirement:            0.000ns  (clk_20M rise@0.000ns - clk_20M rise@0.000ns)
  Data Path Delay:        0.322ns  (logic 0.141ns (43.855%)  route 0.181ns (56.145%))
  Logic Levels:           0  
  Clock Path Skew:        0.000ns (DCD - SCD - CPR)
    Destination Clock Delay (DCD):    2.033ns
    Source Clock Delay      (SCD):    1.516ns
    Clock Pessimism Removal (CPR):    0.516ns

    Location             Delay type                Incr(ns)  Path(ns)    Netlist Resource(s)
  -------------------------------------------------------------------    -------------------
                         (clock clk_20M rise edge)    0.000     0.000 r  
    Y18                                               0.000     0.000 r  clk (IN)
                         net (fo=0)                   0.000     0.000    clk
    Y18                  IBUF (Prop_ibuf_I_O)         0.264     0.264 r  u_ibuf_sys_clk/O
                         net (fo=1, routed)           0.634     0.898    clk_ibuf
    BUFGCTRL_X0Y0        BUFG (Prop_bufg_I_O)         0.026     0.924 r  u_bufg_sys_clk/O
                         net (fo=58, routed)          0.593     1.516    clk_sys_bufg
    SLICE_X0Y53          FDSE                                         r  gen_compact_keypad.gen_ultracompact.u_matrix_keypad_mode_ctrl_ultracompact/kr_drive_low_reg[1]/C
  -------------------------------------------------------------------    -------------------
    SLICE_X0Y53          FDSE (Prop_fdse_C_Q)         0.141     1.657 r  gen_compact_keypad.gen_ultracompact.u_matrix_keypad_mode_ctrl_ultracompact/kr_drive_low_reg[1]/Q
                         net (fo=2, routed)           0.181     1.838    key_kr_TRI[1]
    SLICE_X0Y53          FDSE                                         r  gen_compact_keypad.gen_ultracompact.u_matrix_keypad_mode_ctrl_ultracompact/kr_drive_low_reg[2]/D
  -------------------------------------------------------------------    -------------------

                         (clock clk_20M rise edge)    0.000     0.000 r  
    Y18                                               0.000     0.000 r  clk (IN)
                         net (fo=0)                   0.000     0.000    clk
    Y18                  IBUF (Prop_ibuf_I_O)         0.452     0.452 r  u_ibuf_sys_clk/O
                         net (fo=1, routed)           0.689     1.140    clk_ibuf
    BUFGCTRL_X0Y0        BUFG (Prop_bufg_I_O)         0.029     1.169 r  u_bufg_sys_clk/O
                         net (fo=58, routed)          0.863     2.033    clk_sys_bufg
    SLICE_X0Y53          FDSE                                         r  gen_compact_keypad.gen_ultracompact.u_matrix_keypad_mode_ctrl_ultracompact/kr_drive_low_reg[2]/C
                         clock pessimism             -0.516     1.516    
    SLICE_X0Y53          FDSE (Hold_fdse_C_D)         0.070     1.586    gen_compact_keypad.gen_ultracompact.u_matrix_keypad_mode_ctrl_ultracompact/kr_drive_low_reg[2]
  -------------------------------------------------------------------
                         required time                         -1.586    
                         arrival time                           1.838    
  -------------------------------------------------------------------
                         slack                                  0.252    

Slack (MET) :             0.254ns  (arrival time - required time)
  Source:                 gen_shared_family_guard.family_switch_state_reg[0]/C
                            (rising edge-triggered cell FDRE clocked by clk_20M  {rise@0.000ns fall@25.000ns period=50.000ns})
  Destination:            gen_shared_family_guard.family_switch_state_reg[1]/D
                            (rising edge-triggered cell FDRE clocked by clk_20M  {rise@0.000ns fall@25.000ns period=50.000ns})
  Path Group:             clk_20M
  Path Type:              Hold (Min at Fast Process Corner)
  Requirement:            0.000ns  (clk_20M rise@0.000ns - clk_20M rise@0.000ns)
  Data Path Delay:        0.327ns  (logic 0.141ns (43.092%)  route 0.186ns (56.908%))
  Logic Levels:           0  
  Clock Path Skew:        0.014ns (DCD - SCD - CPR)
    Destination Clock Delay (DCD):    2.025ns
    Source Clock Delay      (SCD):    1.510ns
    Clock Pessimism Removal (CPR):    0.500ns

    Location             Delay type                Incr(ns)  Path(ns)    Netlist Resource(s)
  -------------------------------------------------------------------    -------------------
                         (clock clk_20M rise edge)    0.000     0.000 r  
    Y18                                               0.000     0.000 r  clk (IN)
                         net (fo=0)                   0.000     0.000    clk
    Y18                  IBUF (Prop_ibuf_I_O)         0.264     0.264 r  u_ibuf_sys_clk/O
                         net (fo=1, routed)           0.634     0.898    clk_ibuf
    BUFGCTRL_X0Y0        BUFG (Prop_bufg_I_O)         0.026     0.924 r  u_bufg_sys_clk/O
                         net (fo=58, routed)          0.587     1.510    clk_sys_bufg
    SLICE_X1Y82          FDRE                                         r  gen_shared_family_guard.family_switch_state_reg[0]/C
  -------------------------------------------------------------------    -------------------
    SLICE_X1Y82          FDRE (Prop_fdre_C_Q)         0.141     1.651 r  gen_shared_family_guard.family_switch_state_reg[0]/Q
                         net (fo=4, routed)           0.186     1.838    gen_shared_family_guard.family_switch_state_reg_n_0_[0]
    SLICE_X2Y82          FDRE                                         r  gen_shared_family_guard.family_switch_state_reg[1]/D
  -------------------------------------------------------------------    -------------------

                         (clock clk_20M rise edge)    0.000     0.000 r  
    Y18                                               0.000     0.000 r  clk (IN)
                         net (fo=0)                   0.000     0.000    clk
    Y18                  IBUF (Prop_ibuf_I_O)         0.452     0.452 r  u_ibuf_sys_clk/O
                         net (fo=1, routed)           0.689     1.140    clk_ibuf
    BUFGCTRL_X0Y0        BUFG (Prop_bufg_I_O)         0.029     1.169 r  u_bufg_sys_clk/O
                         net (fo=58, routed)          0.855     2.025    clk_sys_bufg
    SLICE_X2Y82          FDRE                                         r  gen_shared_family_guard.family_switch_state_reg[1]/C
                         clock pessimism             -0.500     1.524    
    SLICE_X2Y82          FDRE (Hold_fdre_C_D)         0.059     1.583    gen_shared_family_guard.family_switch_state_reg[1]
  -------------------------------------------------------------------
                         required time                         -1.583    
                         arrival time                           1.838    
  -------------------------------------------------------------------
                         slack                                  0.254    





Pulse Width Checks
--------------------------------------------------------------------------------------
Clock Name:         clk_20M
Waveform(ns):       { 0.000 25.000 }
Period(ns):         50.000
Sources:            { clk }

Check Type        Corner  Lib Pin            Reference Pin  Required(ns)  Actual(ns)  Slack(ns)  Location         Pin
Min Period        n/a     BUFG/I             n/a            1.592         50.000      48.408     BUFGCTRL_X0Y0    u_bufg_sys_clk/I
Min Period        n/a     MMCME2_ADV/CLKIN1  n/a            1.249         50.000      48.751     MMCME2_ADV_X0Y2  u_dual_family_audio_clock/u_mmcm_44k1/CLKIN1
Min Period        n/a     MMCME2_ADV/CLKIN1  n/a            1.249         50.000      48.751     MMCME2_ADV_X0Y1  u_dual_family_audio_clock/u_mmcm_48k/CLKIN1
Min Period        n/a     FDRE/C             n/a            1.000         50.000      49.000     SLICE_X2Y83      gen_compact_keypad.gen_ultracompact.u_matrix_keypad_mode_ctrl_ultracompact/family_sel_reg/C
Min Period        n/a     FDSE/C             n/a            1.000         50.000      49.000     SLICE_X1Y83      gen_compact_keypad.gen_ultracompact.u_matrix_keypad_mode_ctrl_ultracompact/kc_meta_reg[0]/C
Min Period        n/a     FDSE/C             n/a            1.000         50.000      49.000     SLICE_X2Y83      gen_compact_keypad.gen_ultracompact.u_matrix_keypad_mode_ctrl_ultracompact/kc_meta_reg[1]/C
Min Period        n/a     FDSE/C             n/a            1.000         50.000      49.000     SLICE_X1Y83      gen_compact_keypad.gen_ultracompact.u_matrix_keypad_mode_ctrl_ultracompact/kc_sync_reg[0]/C
Min Period        n/a     FDSE/C             n/a            1.000         50.000      49.000     SLICE_X2Y83      gen_compact_keypad.gen_ultracompact.u_matrix_keypad_mode_ctrl_ultracompact/kc_sync_reg[1]/C
Min Period        n/a     FDRE/C             n/a            1.000         50.000      49.000     SLICE_X0Y53      gen_compact_keypad.gen_ultracompact.u_matrix_keypad_mode_ctrl_ultracompact/kr_drive_low_reg[0]/C
Min Period        n/a     FDSE/C             n/a            1.000         50.000      49.000     SLICE_X0Y53      gen_compact_keypad.gen_ultracompact.u_matrix_keypad_mode_ctrl_ultracompact/kr_drive_low_reg[1]/C
Max Period        n/a     MMCME2_ADV/CLKIN1  n/a            100.000       50.000      50.000     MMCME2_ADV_X0Y2  u_dual_family_audio_clock/u_mmcm_44k1/CLKIN1
Max Period        n/a     MMCME2_ADV/CLKIN1  n/a            100.000       50.000      50.000     MMCME2_ADV_X0Y1  u_dual_family_audio_clock/u_mmcm_48k/CLKIN1
Low Pulse Width   Slow    MMCME2_ADV/CLKIN1  n/a            10.000        25.000      15.000     MMCME2_ADV_X0Y2  u_dual_family_audio_clock/u_mmcm_44k1/CLKIN1
Low Pulse Width   Fast    MMCME2_ADV/CLKIN1  n/a            10.000        25.000      15.000     MMCME2_ADV_X0Y2  u_dual_family_audio_clock/u_mmcm_44k1/CLKIN1
Low Pulse Width   Slow    MMCME2_ADV/CLKIN1  n/a            10.000        25.000      15.000     MMCME2_ADV_X0Y1  u_dual_family_audio_clock/u_mmcm_48k/CLKIN1
Low Pulse Width   Fast    MMCME2_ADV/CLKIN1  n/a            10.000        25.000      15.000     MMCME2_ADV_X0Y1  u_dual_family_audio_clock/u_mmcm_48k/CLKIN1
Low Pulse Width   Slow    FDRE/C             n/a            0.500         25.000      24.500     SLICE_X2Y83      gen_compact_keypad.gen_ultracompact.u_matrix_keypad_mode_ctrl_ultracompact/family_sel_reg/C
Low Pulse Width   Fast    FDRE/C             n/a            0.500         25.000      24.500     SLICE_X2Y83      gen_compact_keypad.gen_ultracompact.u_matrix_keypad_mode_ctrl_ultracompact/family_sel_reg/C
Low Pulse Width   Slow    FDSE/C             n/a            0.500         25.000      24.500     SLICE_X1Y83      gen_compact_keypad.gen_ultracompact.u_matrix_keypad_mode_ctrl_ultracompact/kc_meta_reg[0]/C
Low Pulse Width   Fast    FDSE/C             n/a            0.500         25.000      24.500     SLICE_X1Y83      gen_compact_keypad.gen_ultracompact.u_matrix_keypad_mode_ctrl_ultracompact/kc_meta_reg[0]/C
Low Pulse Width   Slow    FDSE/C             n/a            0.500         25.000      24.500     SLICE_X2Y83      gen_compact_keypad.gen_ultracompact.u_matrix_keypad_mode_ctrl_ultracompact/kc_meta_reg[1]/C
Low Pulse Width   Fast    FDSE/C             n/a            0.500         25.000      24.500     SLICE_X2Y83      gen_compact_keypad.gen_ultracompact.u_matrix_keypad_mode_ctrl_ultracompact/kc_meta_reg[1]/C
High Pulse Width  Slow    MMCME2_ADV/CLKIN1  n/a            10.000        25.000      15.000     MMCME2_ADV_X0Y2  u_dual_family_audio_clock/u_mmcm_44k1/CLKIN1
High Pulse Width  Fast    MMCME2_ADV/CLKIN1  n/a            10.000        25.000      15.000     MMCME2_ADV_X0Y2  u_dual_family_audio_clock/u_mmcm_44k1/CLKIN1
High Pulse Width  Slow    MMCME2_ADV/CLKIN1  n/a            10.000        25.000      15.000     MMCME2_ADV_X0Y1  u_dual_family_audio_clock/u_mmcm_48k/CLKIN1
High Pulse Width  Fast    MMCME2_ADV/CLKIN1  n/a            10.000        25.000      15.000     MMCME2_ADV_X0Y1  u_dual_family_audio_clock/u_mmcm_48k/CLKIN1
High Pulse Width  Slow    FDRE/C             n/a            0.500         25.000      24.500     SLICE_X2Y83      gen_compact_keypad.gen_ultracompact.u_matrix_keypad_mode_ctrl_ultracompact/family_sel_reg/C
High Pulse Width  Fast    FDRE/C             n/a            0.500         25.000      24.500     SLICE_X2Y83      gen_compact_keypad.gen_ultracompact.u_matrix_keypad_mode_ctrl_ultracompact/family_sel_reg/C
High Pulse Width  Slow    FDSE/C             n/a            0.500         25.000      24.500     SLICE_X1Y83      gen_compact_keypad.gen_ultracompact.u_matrix_keypad_mode_ctrl_ultracompact/kc_meta_reg[0]/C
High Pulse Width  Fast    FDSE/C             n/a            0.500         25.000      24.500     SLICE_X1Y83      gen_compact_keypad.gen_ultracompact.u_matrix_keypad_mode_ctrl_ultracompact/kc_meta_reg[0]/C
High Pulse Width  Slow    FDSE/C             n/a            0.500         25.000      24.500     SLICE_X2Y83      gen_compact_keypad.gen_ultracompact.u_matrix_keypad_mode_ctrl_ultracompact/kc_meta_reg[1]/C
High Pulse Width  Fast    FDSE/C             n/a            0.500         25.000      24.500     SLICE_X2Y83      gen_compact_keypad.gen_ultracompact.u_matrix_keypad_mode_ctrl_ultracompact/kc_meta_reg[1]/C



---------------------------------------------------------------------------------------------------
From Clock:  u_dual_family_audio_clock/clk_44k1_raw
  To Clock:  u_dual_family_audio_clock/clk_44k1_raw

Setup :            0  Failing Endpoints,  Worst Slack       83.122ns,  Total Violation        0.000ns
Hold  :            0  Failing Endpoints,  Worst Slack        0.079ns,  Total Violation        0.000ns
PW    :            0  Failing Endpoints,  Worst Slack       36.206ns,  Total Violation        0.000ns
---------------------------------------------------------------------------------------------------


Max Delay Paths
--------------------------------------------------------------------------------------
Slack (MET) :             83.122ns  (required time - arrival time)
  Source:                 rst_audio_datapath_n_reg/C
                            (rising edge-triggered cell FDRE clocked by u_dual_family_audio_clock/clk_44k1_raw  {rise@0.000ns fall@88.577ns period=177.154ns})
  Destination:            u_demo_interp_dac8_audio_pcm_common/dac_data_r_reg[6]/R
                            (falling edge-triggered cell FDRE clocked by u_dual_family_audio_clock/clk_44k1_raw  {rise@0.000ns fall@88.577ns period=177.154ns})
  Path Group:             u_dual_family_audio_clock/clk_44k1_raw
  Path Type:              Setup (Max at Slow Process Corner)
  Requirement:            88.577ns  (u_dual_family_audio_clock/clk_44k1_raw fall@88.577ns - u_dual_family_audio_clock/clk_44k1_raw rise@0.000ns)
  Data Path Delay:        4.612ns  (logic 0.587ns (12.728%)  route 4.025ns (87.272%))
  Logic Levels:           1  (LUT2=1)
  Clock Path Skew:        0.048ns (DCD - SCD + CPR)
    Destination Clock Delay (DCD):    7.689ns = ( 96.266 - 88.577 ) 
    Source Clock Delay      (SCD):    8.006ns
    Clock Pessimism Removal (CPR):    0.365ns
  Clock Uncertainty:      0.458ns  ((TSJ^2 + DJ^2)^1/2) / 2 + PE
    Total System Jitter     (TSJ):    0.071ns
    Discrete Jitter          (DJ):    0.913ns
    Phase Error              (PE):    0.000ns

    Location             Delay type                Incr(ns)  Path(ns)    Netlist Resource(s)
  -------------------------------------------------------------------    -------------------
                         (clock u_dual_family_audio_clock/clk_44k1_raw rise edge)
                                                      0.000     0.000 r  
    Y18                                               0.000     0.000 r  clk (IN)
                         net (fo=0)                   0.000     0.000    clk
    Y18                  IBUF (Prop_ibuf_I_O)         1.427     1.427 r  u_ibuf_sys_clk/O
                         net (fo=1, routed)           1.693     3.120    clk_ibuf
    BUFGCTRL_X0Y0        BUFG (Prop_bufg_I_O)         0.081     3.201 r  u_bufg_sys_clk/O
                         net (fo=58, routed)          1.538     4.739    clk_sys_bufg
    MMCME2_ADV_X0Y2      MMCME2_ADV (Prop_mmcme2_adv_CLKIN1_CLKOUT0)
                                                      0.077     4.816 r  u_dual_family_audio_clock/u_mmcm_44k1/CLKOUT0
                         net (fo=1, routed)           1.698     6.513    u_dual_family_audio_clock/clk_44k1_raw
    BUFGCTRL_X0Y16       BUFGCTRL (Prop_bufgctrl_I0_O)
                                                      0.081     6.594 r  u_dual_family_audio_clock/u_bufgmux_audio_family/O
                         net (fo=330, routed)         1.411     8.006    clk_audio_128x
    SLICE_X4Y81          FDRE                                         r  rst_audio_datapath_n_reg/C
  -------------------------------------------------------------------    -------------------
    SLICE_X4Y81          FDRE (Prop_fdre_C_Q)         0.348     8.354 f  rst_audio_datapath_n_reg/Q
                         net (fo=17, routed)          1.089     9.443    rst_audio_datapath_n
    SLICE_X2Y85          LUT2 (Prop_lut2_I1_O)        0.239     9.682 r  dac_data_r[7]_i_1/O
                         net (fo=8, routed)           2.936    12.618    dac_data_r[7]_i_1_n_0
    OLOGIC_X0Y145        FDRE                                         r  u_demo_interp_dac8_audio_pcm_common/dac_data_r_reg[6]/R
  -------------------------------------------------------------------    -------------------

                         (clock u_dual_family_audio_clock/clk_44k1_raw fall edge)
                                                     88.577    88.577 f  
    Y18                                               0.000    88.577 f  clk (IN)
                         net (fo=0)                   0.000    88.577    clk
    Y18                  IBUF (Prop_ibuf_I_O)         1.361    89.938 f  u_ibuf_sys_clk/O
                         net (fo=1, routed)           1.604    91.542    clk_ibuf
    BUFGCTRL_X0Y0        BUFG (Prop_bufg_I_O)         0.077    91.619 f  u_bufg_sys_clk/O
                         net (fo=58, routed)          1.426    93.045    clk_sys_bufg
    MMCME2_ADV_X0Y2      MMCME2_ADV (Prop_mmcme2_adv_CLKIN1_CLKOUT0)
                                                      0.073    93.118 f  u_dual_family_audio_clock/u_mmcm_44k1/CLKOUT0
                         net (fo=1, routed)           1.617    94.735    u_dual_family_audio_clock/clk_44k1_raw
    BUFGCTRL_X0Y16       BUFGCTRL (Prop_bufgctrl_I0_O)
                                                      0.077    94.812 f  u_dual_family_audio_clock/u_bufgmux_audio_family/O
                         net (fo=330, routed)         1.454    96.266    clk_audio_128x
    OLOGIC_X0Y145        FDRE                                         r  u_demo_interp_dac8_audio_pcm_common/dac_data_r_reg[6]/C  (IS_INVERTED)
                         clock pessimism              0.365    96.631    
                         clock uncertainty           -0.458    96.173    
    OLOGIC_X0Y145        FDRE (Setup_fdre_C_R)       -0.433    95.740    u_demo_interp_dac8_audio_pcm_common/dac_data_r_reg[6]
  -------------------------------------------------------------------
                         required time                         95.740    
                         arrival time                         -12.618    
  -------------------------------------------------------------------
                         slack                                 83.122    

Slack (MET) :             83.301ns  (required time - arrival time)
  Source:                 u_demo_interp_dac8_audio_pcm_common/gen_dual_rate_test_tone.u_dual_rate_test_tone_rom_source/sample_out_reg[22]/C
                            (rising edge-triggered cell FDRE clocked by u_dual_family_audio_clock/clk_44k1_raw  {rise@0.000ns fall@88.577ns period=177.154ns})
  Destination:            u_demo_interp_dac8_audio_pcm_common/dac_data_r_reg[6]/D
                            (falling edge-triggered cell FDRE clocked by u_dual_family_audio_clock/clk_44k1_raw  {rise@0.000ns fall@88.577ns period=177.154ns})
  Path Group:             u_dual_family_audio_clock/clk_44k1_raw
  Path Type:              Setup (Max at Slow Process Corner)
  Requirement:            88.577ns  (u_dual_family_audio_clock/clk_44k1_raw fall@88.577ns - u_dual_family_audio_clock/clk_44k1_raw rise@0.000ns)
  Data Path Delay:        4.231ns  (logic 0.643ns (15.198%)  route 3.588ns (84.802%))
  Logic Levels:           2  (LUT5=1 LUT6=1)
  Clock Path Skew:        0.119ns (DCD - SCD + CPR)
    Destination Clock Delay (DCD):    7.689ns = ( 96.266 - 88.577 ) 
    Source Clock Delay      (SCD):    7.935ns
    Clock Pessimism Removal (CPR):    0.365ns
  Clock Uncertainty:      0.458ns  ((TSJ^2 + DJ^2)^1/2) / 2 + PE
    Total System Jitter     (TSJ):    0.071ns
    Discrete Jitter          (DJ):    0.913ns
    Phase Error              (PE):    0.000ns

    Location             Delay type                Incr(ns)  Path(ns)    Netlist Resource(s)
  -------------------------------------------------------------------    -------------------
                         (clock u_dual_family_audio_clock/clk_44k1_raw rise edge)
                                                      0.000     0.000 r  
    Y18                                               0.000     0.000 r  clk (IN)
                         net (fo=0)                   0.000     0.000    clk
    Y18                  IBUF (Prop_ibuf_I_O)         1.427     1.427 r  u_ibuf_sys_clk/O
                         net (fo=1, routed)           1.693     3.120    clk_ibuf
    BUFGCTRL_X0Y0        BUFG (Prop_bufg_I_O)         0.081     3.201 r  u_bufg_sys_clk/O
                         net (fo=58, routed)          1.538     4.739    clk_sys_bufg
    MMCME2_ADV_X0Y2      MMCME2_ADV (Prop_mmcme2_adv_CLKIN1_CLKOUT0)
                                                      0.077     4.816 r  u_dual_family_audio_clock/u_mmcm_44k1/CLKOUT0
                         net (fo=1, routed)           1.698     6.513    u_dual_family_audio_clock/clk_44k1_raw
    BUFGCTRL_X0Y16       BUFGCTRL (Prop_bufgctrl_I0_O)
                                                      0.081     6.594 r  u_dual_family_audio_clock/u_bufgmux_audio_family/O
                         net (fo=330, routed)         1.340     7.935    clk_audio_128x
    SLICE_X8Y77          FDRE                                         r  u_demo_interp_dac8_audio_pcm_common/gen_dual_rate_test_tone.u_dual_rate_test_tone_rom_source/sample_out_reg[22]/C
  -------------------------------------------------------------------    -------------------
    SLICE_X8Y77          FDRE (Prop_fdre_C_Q)         0.433     8.368 r  u_demo_interp_dac8_audio_pcm_common/gen_dual_rate_test_tone.u_dual_rate_test_tone_rom_source/sample_out_reg[22]/Q
                         net (fo=2, routed)           0.975     9.342    u_demo_interp_dac8_audio_pcm_common/audio_sample_w[22]
    SLICE_X10Y84         LUT5 (Prop_lut5_I4_O)        0.105     9.447 r  board_demo_comp_LUT5_8/O
                         net (fo=1, routed)           0.240     9.687    dac_data_r[6]_i_2_n_0
    SLICE_X10Y85         LUT6 (Prop_lut6_I5_O)        0.105     9.792 r  dac_data_r[6]_i_1/O
                         net (fo=1, routed)           2.374    12.166    dac_data_r[6]_i_1_n_0
    OLOGIC_X0Y145        FDRE                                         r  u_demo_interp_dac8_audio_pcm_common/dac_data_r_reg[6]/D
  -------------------------------------------------------------------    -------------------

                         (clock u_dual_family_audio_clock/clk_44k1_raw fall edge)
                                                     88.577    88.577 f  
    Y18                                               0.000    88.577 f  clk (IN)
                         net (fo=0)                   0.000    88.577    clk
    Y18                  IBUF (Prop_ibuf_I_O)         1.361    89.938 f  u_ibuf_sys_clk/O
                         net (fo=1, routed)           1.604    91.542    clk_ibuf
    BUFGCTRL_X0Y0        BUFG (Prop_bufg_I_O)         0.077    91.619 f  u_bufg_sys_clk/O
                         net (fo=58, routed)          1.426    93.045    clk_sys_bufg
    MMCME2_ADV_X0Y2      MMCME2_ADV (Prop_mmcme2_adv_CLKIN1_CLKOUT0)
                                                      0.073    93.118 f  u_dual_family_audio_clock/u_mmcm_44k1/CLKOUT0
                         net (fo=1, routed)           1.617    94.735    u_dual_family_audio_clock/clk_44k1_raw
    BUFGCTRL_X0Y16       BUFGCTRL (Prop_bufgctrl_I0_O)
                                                      0.077    94.812 f  u_dual_family_audio_clock/u_bufgmux_audio_family/O
                         net (fo=330, routed)         1.454    96.266    clk_audio_128x
    OLOGIC_X0Y145        FDRE                                         r  u_demo_interp_dac8_audio_pcm_common/dac_data_r_reg[6]/C  (IS_INVERTED)
                         clock pessimism              0.365    96.631    
                         clock uncertainty           -0.458    96.173    
    OLOGIC_X0Y145        FDRE (Setup_fdre_C_D)       -0.707    95.466    u_demo_interp_dac8_audio_pcm_common/dac_data_r_reg[6]
  -------------------------------------------------------------------
                         required time                         95.466    
                         arrival time                         -12.166    
  -------------------------------------------------------------------
                         slack                                 83.301    

Slack (MET) :             83.337ns  (required time - arrival time)
  Source:                 u_demo_interp_dac8_audio_pcm_common/gen_phase7_folded.u_interp128_all2x_v7_folded_fir_cic_top_ce/gen_serial_cic_comb.u_cic_interp16_serial_comb_dsp_ce/y_out_valid_reg/C
                            (rising edge-triggered cell FDRE clocked by u_dual_family_audio_clock/clk_44k1_raw  {rise@0.000ns fall@88.577ns period=177.154ns})
  Destination:            u_demo_interp_dac8_audio_pcm_common/dac_data_r_reg[6]/CE
                            (falling edge-triggered cell FDRE clocked by u_dual_family_audio_clock/clk_44k1_raw  {rise@0.000ns fall@88.577ns period=177.154ns})
  Path Group:             u_dual_family_audio_clock/clk_44k1_raw
  Path Type:              Setup (Max at Slow Process Corner)
  Requirement:            88.577ns  (u_dual_family_audio_clock/clk_44k1_raw fall@88.577ns - u_dual_family_audio_clock/clk_44k1_raw rise@0.000ns)
  Data Path Delay:        4.496ns  (logic 0.538ns (11.966%)  route 3.958ns (88.034%))
  Logic Levels:           1  (LUT6=1)
  Clock Path Skew:        0.044ns (DCD - SCD + CPR)
    Destination Clock Delay (DCD):    7.689ns = ( 96.266 - 88.577 ) 
    Source Clock Delay      (SCD):    8.010ns
    Clock Pessimism Removal (CPR):    0.365ns
  Clock Uncertainty:      0.458ns  ((TSJ^2 + DJ^2)^1/2) / 2 + PE
    Total System Jitter     (TSJ):    0.071ns
    Discrete Jitter          (DJ):    0.913ns
    Phase Error              (PE):    0.000ns

    Location             Delay type                Incr(ns)  Path(ns)    Netlist Resource(s)
  -------------------------------------------------------------------    -------------------
                         (clock u_dual_family_audio_clock/clk_44k1_raw rise edge)
                                                      0.000     0.000 r  
    Y18                                               0.000     0.000 r  clk (IN)
                         net (fo=0)                   0.000     0.000    clk
    Y18                  IBUF (Prop_ibuf_I_O)         1.427     1.427 r  u_ibuf_sys_clk/O
                         net (fo=1, routed)           1.693     3.120    clk_ibuf
    BUFGCTRL_X0Y0        BUFG (Prop_bufg_I_O)         0.081     3.201 r  u_bufg_sys_clk/O
                         net (fo=58, routed)          1.538     4.739    clk_sys_bufg
    MMCME2_ADV_X0Y2      MMCME2_ADV (Prop_mmcme2_adv_CLKIN1_CLKOUT0)
                                                      0.077     4.816 r  u_dual_family_audio_clock/u_mmcm_44k1/CLKOUT0
                         net (fo=1, routed)           1.698     6.513    u_dual_family_audio_clock/clk_44k1_raw
    BUFGCTRL_X0Y16       BUFGCTRL (Prop_bufgctrl_I0_O)
                                                      0.081     6.594 r  u_dual_family_audio_clock/u_bufgmux_audio_family/O
                         net (fo=330, routed)         1.415     8.010    clk_audio_128x
    SLICE_X6Y85          FDRE                                         r  u_demo_interp_dac8_audio_pcm_common/gen_phase7_folded.u_interp128_all2x_v7_folded_fir_cic_top_ce/gen_serial_cic_comb.u_cic_interp16_serial_comb_dsp_ce/y_out_valid_reg/C
  -------------------------------------------------------------------    -------------------
    SLICE_X6Y85          FDRE (Prop_fdre_C_Q)         0.433     8.443 r  u_demo_interp_dac8_audio_pcm_common/gen_phase7_folded.u_interp128_all2x_v7_folded_fir_cic_top_ce/gen_serial_cic_comb.u_cic_interp16_serial_comb_dsp_ce/y_out_valid_reg/Q
                         net (fo=1, routed)           0.542     8.985    u_demo_interp_dac8_audio_pcm_common/y_out_valid_w
    SLICE_X6Y85          LUT6 (Prop_lut6_I0_O)        0.105     9.090 r  dac_data_r[7]_i_2/O
                         net (fo=8, routed)           3.415    12.506    u_demo_interp_dac8_audio_pcm_common/selected_valid
    OLOGIC_X0Y145        FDRE                                         r  u_demo_interp_dac8_audio_pcm_common/dac_data_r_reg[6]/CE
  -------------------------------------------------------------------    -------------------

                         (clock u_dual_family_audio_clock/clk_44k1_raw fall edge)
                                                     88.577    88.577 f  
    Y18                                               0.000    88.577 f  clk (IN)
                         net (fo=0)                   0.000    88.577    clk
    Y18                  IBUF (Prop_ibuf_I_O)         1.361    89.938 f  u_ibuf_sys_clk/O
                         net (fo=1, routed)           1.604    91.542    clk_ibuf
    BUFGCTRL_X0Y0        BUFG (Prop_bufg_I_O)         0.077    91.619 f  u_bufg_sys_clk/O
                         net (fo=58, routed)          1.426    93.045    clk_sys_bufg
    MMCME2_ADV_X0Y2      MMCME2_ADV (Prop_mmcme2_adv_CLKIN1_CLKOUT0)
                                                      0.073    93.118 f  u_dual_family_audio_clock/u_mmcm_44k1/CLKOUT0
                         net (fo=1, routed)           1.617    94.735    u_dual_family_audio_clock/clk_44k1_raw
    BUFGCTRL_X0Y16       BUFGCTRL (Prop_bufgctrl_I0_O)
                                                      0.077    94.812 f  u_dual_family_audio_clock/u_bufgmux_audio_family/O
                         net (fo=330, routed)         1.454    96.266    clk_audio_128x
    OLOGIC_X0Y145        FDRE                                         r  u_demo_interp_dac8_audio_pcm_common/dac_data_r_reg[6]/C  (IS_INVERTED)
                         clock pessimism              0.365    96.631    
                         clock uncertainty           -0.458    96.173    
    OLOGIC_X0Y145        FDRE (Setup_fdre_C_CE)      -0.331    95.842    u_demo_interp_dac8_audio_pcm_common/dac_data_r_reg[6]
  -------------------------------------------------------------------
                         required time                         95.842    
                         arrival time                         -12.506    
  -------------------------------------------------------------------
                         slack                                 83.337    

Slack (MET) :             83.451ns  (required time - arrival time)
  Source:                 u_demo_interp_dac8_audio_pcm_common/gen_dual_rate_test_tone.u_dual_rate_test_tone_rom_source/rom_word_q_reg/CLKARDCLK
                            (rising edge-triggered cell RAMB18E1 clocked by u_dual_family_audio_clock/clk_44k1_raw  {rise@0.000ns fall@88.577ns period=177.154ns})
  Destination:            u_demo_interp_dac8_audio_pcm_common/dac_data_r_reg[1]/D
                            (falling edge-triggered cell FDRE clocked by u_dual_family_audio_clock/clk_44k1_raw  {rise@0.000ns fall@88.577ns period=177.154ns})
  Path Group:             u_dual_family_audio_clock/clk_44k1_raw
  Path Type:              Setup (Max at Slow Process Corner)
  Requirement:            88.577ns  (u_dual_family_audio_clock/clk_44k1_raw fall@88.577ns - u_dual_family_audio_clock/clk_44k1_raw rise@0.000ns)
  Data Path Delay:        4.029ns  (logic 1.103ns (27.380%)  route 2.926ns (72.620%))
  Logic Levels:           2  (LUT5=1 LUT6=1)
  Clock Path Skew:        0.068ns (DCD - SCD + CPR)
    Destination Clock Delay (DCD):    7.677ns = ( 96.254 - 88.577 ) 
    Source Clock Delay      (SCD):    7.974ns
    Clock Pessimism Removal (CPR):    0.365ns
  Clock Uncertainty:      0.458ns  ((TSJ^2 + DJ^2)^1/2) / 2 + PE
    Total System Jitter     (TSJ):    0.071ns
    Discrete Jitter          (DJ):    0.913ns
    Phase Error              (PE):    0.000ns

    Location             Delay type                Incr(ns)  Path(ns)    Netlist Resource(s)
  -------------------------------------------------------------------    -------------------
                         (clock u_dual_family_audio_clock/clk_44k1_raw rise edge)
                                                      0.000     0.000 r  
    Y18                                               0.000     0.000 r  clk (IN)
                         net (fo=0)                   0.000     0.000    clk
    Y18                  IBUF (Prop_ibuf_I_O)         1.427     1.427 r  u_ibuf_sys_clk/O
                         net (fo=1, routed)           1.693     3.120    clk_ibuf
    BUFGCTRL_X0Y0        BUFG (Prop_bufg_I_O)         0.081     3.201 r  u_bufg_sys_clk/O
                         net (fo=58, routed)          1.538     4.739    clk_sys_bufg
    MMCME2_ADV_X0Y2      MMCME2_ADV (Prop_mmcme2_adv_CLKIN1_CLKOUT0)
                                                      0.077     4.816 r  u_dual_family_audio_clock/u_mmcm_44k1/CLKOUT0
                         net (fo=1, routed)           1.698     6.513    u_dual_family_audio_clock/clk_44k1_raw
    BUFGCTRL_X0Y16       BUFGCTRL (Prop_bufgctrl_I0_O)
                                                      0.081     6.594 r  u_dual_family_audio_clock/u_bufgmux_audio_family/O
                         net (fo=330, routed)         1.380     7.974    clk_audio_128x
    RAMB18_X0Y30         RAMB18E1                                     r  u_demo_interp_dac8_audio_pcm_common/gen_dual_rate_test_tone.u_dual_rate_test_tone_rom_source/rom_word_q_reg/CLKARDCLK
  -------------------------------------------------------------------    -------------------
    RAMB18_X0Y30         RAMB18E1 (Prop_ramb18e1_CLKARDCLK_DOPADOP[1])
                                                      0.734     8.708 r  u_demo_interp_dac8_audio_pcm_common/gen_dual_rate_test_tone.u_dual_rate_test_tone_rom_source/rom_word_q_reg/DOPADOP[1]
                         net (fo=2, routed)           1.205     9.914    u_demo_interp_dac8_audio_pcm_common/audio_sample_w[17]
    SLICE_X8Y84          LUT5 (Prop_lut5_I1_O)        0.105    10.019 r  dac_data_r[1]_i_2/O
                         net (fo=1, routed)           0.259    10.278    dac_data_r[1]_i_2_n_0
    SLICE_X11Y85         LUT6 (Prop_lut6_I5_O)        0.264    10.542 r  dac_data_r[1]_i_1/O
                         net (fo=1, routed)           1.461    12.003    dac_data_r[1]_i_1_n_0
    OLOGIC_X0Y122        FDRE                                         r  u_demo_interp_dac8_audio_pcm_common/dac_data_r_reg[1]/D
  -------------------------------------------------------------------    -------------------

                         (clock u_dual_family_audio_clock/clk_44k1_raw fall edge)
                                                     88.577    88.577 f  
    Y18                                               0.000    88.577 f  clk (IN)
                         net (fo=0)                   0.000    88.577    clk
    Y18                  IBUF (Prop_ibuf_I_O)         1.361    89.938 f  u_ibuf_sys_clk/O
                         net (fo=1, routed)           1.604    91.542    clk_ibuf
    BUFGCTRL_X0Y0        BUFG (Prop_bufg_I_O)         0.077    91.619 f  u_bufg_sys_clk/O
                         net (fo=58, routed)          1.426    93.045    clk_sys_bufg
    MMCME2_ADV_X0Y2      MMCME2_ADV (Prop_mmcme2_adv_CLKIN1_CLKOUT0)
                                                      0.073    93.118 f  u_dual_family_audio_clock/u_mmcm_44k1/CLKOUT0
                         net (fo=1, routed)           1.617    94.735    u_dual_family_audio_clock/clk_44k1_raw
    BUFGCTRL_X0Y16       BUFGCTRL (Prop_bufgctrl_I0_O)
                                                      0.077    94.812 f  u_dual_family_audio_clock/u_bufgmux_audio_family/O
                         net (fo=330, routed)         1.442    96.254    clk_audio_128x
    OLOGIC_X0Y122        FDRE                                         r  u_demo_interp_dac8_audio_pcm_common/dac_data_r_reg[1]/C  (IS_INVERTED)
                         clock pessimism              0.365    96.619    
                         clock uncertainty           -0.458    96.161    
    OLOGIC_X0Y122        FDRE (Setup_fdre_C_D)       -0.707    95.454    u_demo_interp_dac8_audio_pcm_common/dac_data_r_reg[1]
  -------------------------------------------------------------------
                         required time                         95.454    
                         arrival time                         -12.003    
  -------------------------------------------------------------------
                         slack                                 83.451    

Slack (MET) :             83.556ns  (required time - arrival time)
  Source:                 u_demo_interp_dac8_audio_pcm_common/gen_dual_rate_test_tone.u_dual_rate_test_tone_rom_source/sample_out_reg[20]/C
                            (rising edge-triggered cell FDRE clocked by u_dual_family_audio_clock/clk_44k1_raw  {rise@0.000ns fall@88.577ns period=177.154ns})
  Destination:            u_demo_interp_dac8_audio_pcm_common/dac_data_r_reg[4]/D
                            (falling edge-triggered cell FDRE clocked by u_dual_family_audio_clock/clk_44k1_raw  {rise@0.000ns fall@88.577ns period=177.154ns})
  Path Group:             u_dual_family_audio_clock/clk_44k1_raw
  Path Type:              Setup (Max at Slow Process Corner)
  Requirement:            88.577ns  (u_dual_family_audio_clock/clk_44k1_raw fall@88.577ns - u_dual_family_audio_clock/clk_44k1_raw rise@0.000ns)
  Data Path Delay:        3.967ns  (logic 0.735ns (18.530%)  route 3.232ns (81.470%))
  Logic Levels:           2  (LUT5=1 LUT6=1)
  Clock Path Skew:        0.110ns (DCD - SCD + CPR)
    Destination Clock Delay (DCD):    7.677ns = ( 96.254 - 88.577 ) 
    Source Clock Delay      (SCD):    7.932ns
    Clock Pessimism Removal (CPR):    0.365ns
  Clock Uncertainty:      0.458ns  ((TSJ^2 + DJ^2)^1/2) / 2 + PE
    Total System Jitter     (TSJ):    0.071ns
    Discrete Jitter          (DJ):    0.913ns
    Phase Error              (PE):    0.000ns

    Location             Delay type                Incr(ns)  Path(ns)    Netlist Resource(s)
  -------------------------------------------------------------------    -------------------
                         (clock u_dual_family_audio_clock/clk_44k1_raw rise edge)
                                                      0.000     0.000 r  
    Y18                                               0.000     0.000 r  clk (IN)
                         net (fo=0)                   0.000     0.000    clk
    Y18                  IBUF (Prop_ibuf_I_O)         1.427     1.427 r  u_ibuf_sys_clk/O
                         net (fo=1, routed)           1.693     3.120    clk_ibuf
    BUFGCTRL_X0Y0        BUFG (Prop_bufg_I_O)         0.081     3.201 r  u_bufg_sys_clk/O
                         net (fo=58, routed)          1.538     4.739    clk_sys_bufg
    MMCME2_ADV_X0Y2      MMCME2_ADV (Prop_mmcme2_adv_CLKIN1_CLKOUT0)
                                                      0.077     4.816 r  u_dual_family_audio_clock/u_mmcm_44k1/CLKOUT0
                         net (fo=1, routed)           1.698     6.513    u_dual_family_audio_clock/clk_44k1_raw
    BUFGCTRL_X0Y16       BUFGCTRL (Prop_bufgctrl_I0_O)
                                                      0.081     6.594 r  u_dual_family_audio_clock/u_bufgmux_audio_family/O
                         net (fo=330, routed)         1.337     7.932    clk_audio_128x
    SLICE_X8Y75          FDRE                                         r  u_demo_interp_dac8_audio_pcm_common/gen_dual_rate_test_tone.u_dual_rate_test_tone_rom_source/sample_out_reg[20]/C
  -------------------------------------------------------------------    -------------------
    SLICE_X8Y75          FDRE (Prop_fdre_C_Q)         0.398     8.330 r  u_demo_interp_dac8_audio_pcm_common/gen_dual_rate_test_tone.u_dual_rate_test_tone_rom_source/sample_out_reg[20]/Q
                         net (fo=2, routed)           1.297     9.626    u_demo_interp_dac8_audio_pcm_common/audio_sample_w[20]
    SLICE_X11Y85         LUT5 (Prop_lut5_I4_O)        0.232     9.858 r  board_demo_comp_LUT5_6/O
                         net (fo=1, routed)           0.286    10.145    dac_data_r[4]_i_2_n_0
    SLICE_X11Y85         LUT6 (Prop_lut6_I5_O)        0.105    10.250 r  dac_data_r[4]_i_1/O
                         net (fo=1, routed)           1.649    11.898    dac_data_r[4]_i_1_n_0
    OLOGIC_X0Y120        FDRE                                         r  u_demo_interp_dac8_audio_pcm_common/dac_data_r_reg[4]/D
  -------------------------------------------------------------------    -------------------

                         (clock u_dual_family_audio_clock/clk_44k1_raw fall edge)
                                                     88.577    88.577 f  
    Y18                                               0.000    88.577 f  clk (IN)
                         net (fo=0)                   0.000    88.577    clk
    Y18                  IBUF (Prop_ibuf_I_O)         1.361    89.938 f  u_ibuf_sys_clk/O
                         net (fo=1, routed)           1.604    91.542    clk_ibuf
    BUFGCTRL_X0Y0        BUFG (Prop_bufg_I_O)         0.077    91.619 f  u_bufg_sys_clk/O
                         net (fo=58, routed)          1.426    93.045    clk_sys_bufg
    MMCME2_ADV_X0Y2      MMCME2_ADV (Prop_mmcme2_adv_CLKIN1_CLKOUT0)
                                                      0.073    93.118 f  u_dual_family_audio_clock/u_mmcm_44k1/CLKOUT0
                         net (fo=1, routed)           1.617    94.735    u_dual_family_audio_clock/clk_44k1_raw
    BUFGCTRL_X0Y16       BUFGCTRL (Prop_bufgctrl_I0_O)
                                                      0.077    94.812 f  u_dual_family_audio_clock/u_bufgmux_audio_family/O
                         net (fo=330, routed)         1.442    96.254    clk_audio_128x
    OLOGIC_X0Y120        FDRE                                         r  u_demo_interp_dac8_audio_pcm_common/dac_data_r_reg[4]/C  (IS_INVERTED)
                         clock pessimism              0.365    96.619    
                         clock uncertainty           -0.458    96.161    
    OLOGIC_X0Y120        FDRE (Setup_fdre_C_D)       -0.707    95.454    u_demo_interp_dac8_audio_pcm_common/dac_data_r_reg[4]
  -------------------------------------------------------------------
                         required time                         95.454    
                         arrival time                         -11.898    
  -------------------------------------------------------------------
                         slack                                 83.556    

Slack (MET) :             83.732ns  (required time - arrival time)
  Source:                 rst_audio_datapath_n_reg/C
                            (rising edge-triggered cell FDRE clocked by u_dual_family_audio_clock/clk_44k1_raw  {rise@0.000ns fall@88.577ns period=177.154ns})
  Destination:            u_demo_interp_dac8_audio_pcm_common/dac_data_r_reg[7]/S
                            (falling edge-triggered cell FDSE clocked by u_dual_family_audio_clock/clk_44k1_raw  {rise@0.000ns fall@88.577ns period=177.154ns})
  Path Group:             u_dual_family_audio_clock/clk_44k1_raw
  Path Type:              Setup (Max at Slow Process Corner)
  Requirement:            88.577ns  (u_dual_family_audio_clock/clk_44k1_raw fall@88.577ns - u_dual_family_audio_clock/clk_44k1_raw rise@0.000ns)
  Data Path Delay:        3.988ns  (logic 0.587ns (14.717%)  route 3.401ns (85.283%))
  Logic Levels:           1  (LUT2=1)
  Clock Path Skew:        0.034ns (DCD - SCD + CPR)
    Destination Clock Delay (DCD):    7.675ns = ( 96.252 - 88.577 ) 
    Source Clock Delay      (SCD):    8.006ns
    Clock Pessimism Removal (CPR):    0.365ns
  Clock Uncertainty:      0.458ns  ((TSJ^2 + DJ^2)^1/2) / 2 + PE
    Total System Jitter     (TSJ):    0.071ns
    Discrete Jitter          (DJ):    0.913ns
    Phase Error              (PE):    0.000ns

    Location             Delay type                Incr(ns)  Path(ns)    Netlist Resource(s)
  -------------------------------------------------------------------    -------------------
                         (clock u_dual_family_audio_clock/clk_44k1_raw rise edge)
                                                      0.000     0.000 r  
    Y18                                               0.000     0.000 r  clk (IN)
                         net (fo=0)                   0.000     0.000    clk
    Y18                  IBUF (Prop_ibuf_I_O)         1.427     1.427 r  u_ibuf_sys_clk/O
                         net (fo=1, routed)           1.693     3.120    clk_ibuf
    BUFGCTRL_X0Y0        BUFG (Prop_bufg_I_O)         0.081     3.201 r  u_bufg_sys_clk/O
                         net (fo=58, routed)          1.538     4.739    clk_sys_bufg
    MMCME2_ADV_X0Y2      MMCME2_ADV (Prop_mmcme2_adv_CLKIN1_CLKOUT0)
                                                      0.077     4.816 r  u_dual_family_audio_clock/u_mmcm_44k1/CLKOUT0
                         net (fo=1, routed)           1.698     6.513    u_dual_family_audio_clock/clk_44k1_raw
    BUFGCTRL_X0Y16       BUFGCTRL (Prop_bufgctrl_I0_O)
                                                      0.081     6.594 r  u_dual_family_audio_clock/u_bufgmux_audio_family/O
                         net (fo=330, routed)         1.411     8.006    clk_audio_128x
    SLICE_X4Y81          FDRE                                         r  rst_audio_datapath_n_reg/C
  -------------------------------------------------------------------    -------------------
    SLICE_X4Y81          FDRE (Prop_fdre_C_Q)         0.348     8.354 f  rst_audio_datapath_n_reg/Q
                         net (fo=17, routed)          1.089     9.443    rst_audio_datapath_n
    SLICE_X2Y85          LUT2 (Prop_lut2_I1_O)        0.239     9.682 r  dac_data_r[7]_i_1/O
                         net (fo=8, routed)           2.312    11.994    dac_data_r[7]_i_1_n_0
    OLOGIC_X0Y125        FDSE                                         r  u_demo_interp_dac8_audio_pcm_common/dac_data_r_reg[7]/S
  -------------------------------------------------------------------    -------------------

                         (clock u_dual_family_audio_clock/clk_44k1_raw fall edge)
                                                     88.577    88.577 f  
    Y18                                               0.000    88.577 f  clk (IN)
                         net (fo=0)                   0.000    88.577    clk
    Y18                  IBUF (Prop_ibuf_I_O)         1.361    89.938 f  u_ibuf_sys_clk/O
                         net (fo=1, routed)           1.604    91.542    clk_ibuf
    BUFGCTRL_X0Y0        BUFG (Prop_bufg_I_O)         0.077    91.619 f  u_bufg_sys_clk/O
                         net (fo=58, routed)          1.426    93.045    clk_sys_bufg
    MMCME2_ADV_X0Y2      MMCME2_ADV (Prop_mmcme2_adv_CLKIN1_CLKOUT0)
                                                      0.073    93.118 f  u_dual_family_audio_clock/u_mmcm_44k1/CLKOUT0
                         net (fo=1, routed)           1.617    94.735    u_dual_family_audio_clock/clk_44k1_raw
    BUFGCTRL_X0Y16       BUFGCTRL (Prop_bufgctrl_I0_O)
                                                      0.077    94.812 f  u_dual_family_audio_clock/u_bufgmux_audio_family/O
                         net (fo=330, routed)         1.440    96.252    clk_audio_128x
    OLOGIC_X0Y125        FDSE                                         r  u_demo_interp_dac8_audio_pcm_common/dac_data_r_reg[7]/C  (IS_INVERTED)
                         clock pessimism              0.365    96.617    
                         clock uncertainty           -0.458    96.159    
    OLOGIC_X0Y125        FDSE (Setup_fdse_C_S)       -0.433    95.726    u_demo_interp_dac8_audio_pcm_common/dac_data_r_reg[7]
  -------------------------------------------------------------------
                         required time                         95.726    
                         arrival time                         -11.994    
  -------------------------------------------------------------------
                         slack                                 83.732    

Slack (MET) :             83.766ns  (required time - arrival time)
  Source:                 u_demo_interp_dac8_audio_pcm_common/gen_dual_rate_test_tone.u_dual_rate_test_tone_rom_source/rom_word_q_reg/CLKARDCLK
                            (rising edge-triggered cell RAMB18E1 clocked by u_dual_family_audio_clock/clk_44k1_raw  {rise@0.000ns fall@88.577ns period=177.154ns})
  Destination:            u_demo_interp_dac8_audio_pcm_common/dac_data_r_reg[0]/D
                            (falling edge-triggered cell FDRE clocked by u_dual_family_audio_clock/clk_44k1_raw  {rise@0.000ns fall@88.577ns period=177.154ns})
  Path Group:             u_dual_family_audio_clock/clk_44k1_raw
  Path Type:              Setup (Max at Slow Process Corner)
  Requirement:            88.577ns  (u_dual_family_audio_clock/clk_44k1_raw fall@88.577ns - u_dual_family_audio_clock/clk_44k1_raw rise@0.000ns)
  Data Path Delay:        3.616ns  (logic 0.944ns (26.104%)  route 2.672ns (73.896%))
  Logic Levels:           2  (LUT5=1 LUT6=1)
  Clock Path Skew:        -0.030ns (DCD - SCD + CPR)
    Destination Clock Delay (DCD):    7.520ns = ( 96.097 - 88.577 ) 
    Source Clock Delay      (SCD):    7.974ns
    Clock Pessimism Removal (CPR):    0.425ns
  Clock Uncertainty:      0.458ns  ((TSJ^2 + DJ^2)^1/2) / 2 + PE
    Total System Jitter     (TSJ):    0.071ns
    Discrete Jitter          (DJ):    0.913ns
    Phase Error              (PE):    0.000ns

    Location             Delay type                Incr(ns)  Path(ns)    Netlist Resource(s)
  -------------------------------------------------------------------    -------------------
                         (clock u_dual_family_audio_clock/clk_44k1_raw rise edge)
                                                      0.000     0.000 r  
    Y18                                               0.000     0.000 r  clk (IN)
                         net (fo=0)                   0.000     0.000    clk
    Y18                  IBUF (Prop_ibuf_I_O)         1.427     1.427 r  u_ibuf_sys_clk/O
                         net (fo=1, routed)           1.693     3.120    clk_ibuf
    BUFGCTRL_X0Y0        BUFG (Prop_bufg_I_O)         0.081     3.201 r  u_bufg_sys_clk/O
                         net (fo=58, routed)          1.538     4.739    clk_sys_bufg
    MMCME2_ADV_X0Y2      MMCME2_ADV (Prop_mmcme2_adv_CLKIN1_CLKOUT0)
                                                      0.077     4.816 r  u_dual_family_audio_clock/u_mmcm_44k1/CLKOUT0
                         net (fo=1, routed)           1.698     6.513    u_dual_family_audio_clock/clk_44k1_raw
    BUFGCTRL_X0Y16       BUFGCTRL (Prop_bufgctrl_I0_O)
                                                      0.081     6.594 r  u_dual_family_audio_clock/u_bufgmux_audio_family/O
                         net (fo=330, routed)         1.380     7.974    clk_audio_128x
    RAMB18_X0Y30         RAMB18E1                                     r  u_demo_interp_dac8_audio_pcm_common/gen_dual_rate_test_tone.u_dual_rate_test_tone_rom_source/rom_word_q_reg/CLKARDCLK
  -------------------------------------------------------------------    -------------------
    RAMB18_X0Y30         RAMB18E1 (Prop_ramb18e1_CLKARDCLK_DOPADOP[0])
                                                      0.734     8.708 r  u_demo_interp_dac8_audio_pcm_common/gen_dual_rate_test_tone.u_dual_rate_test_tone_rom_source/rom_word_q_reg/DOPADOP[0]
                         net (fo=2, routed)           1.143     9.851    u_demo_interp_dac8_audio_pcm_common/audio_sample_w[16]
    SLICE_X10Y83         LUT5 (Prop_lut5_I4_O)        0.105     9.956 r  board_demo_comp_LUT5_3/O
                         net (fo=1, routed)           0.684    10.640    dac_data_r[0]_i_2_n_0
    SLICE_X10Y83         LUT6 (Prop_lut6_I5_O)        0.105    10.745 r  dac_data_r[0]_i_1/O
                         net (fo=1, routed)           0.846    11.591    dac_data_r[0]_i_1_n_0
    OLOGIC_X0Y75         FDRE                                         r  u_demo_interp_dac8_audio_pcm_common/dac_data_r_reg[0]/D
  -------------------------------------------------------------------    -------------------

                         (clock u_dual_family_audio_clock/clk_44k1_raw fall edge)
                                                     88.577    88.577 f  
    Y18                                               0.000    88.577 f  clk (IN)
                         net (fo=0)                   0.000    88.577    clk
    Y18                  IBUF (Prop_ibuf_I_O)         1.361    89.938 f  u_ibuf_sys_clk/O
                         net (fo=1, routed)           1.604    91.542    clk_ibuf
    BUFGCTRL_X0Y0        BUFG (Prop_bufg_I_O)         0.077    91.619 f  u_bufg_sys_clk/O
                         net (fo=58, routed)          1.426    93.045    clk_sys_bufg
    MMCME2_ADV_X0Y2      MMCME2_ADV (Prop_mmcme2_adv_CLKIN1_CLKOUT0)
                                                      0.073    93.118 f  u_dual_family_audio_clock/u_mmcm_44k1/CLKOUT0
                         net (fo=1, routed)           1.617    94.735    u_dual_family_audio_clock/clk_44k1_raw
    BUFGCTRL_X0Y16       BUFGCTRL (Prop_bufgctrl_I0_O)
                                                      0.077    94.812 f  u_dual_family_audio_clock/u_bufgmux_audio_family/O
                         net (fo=330, routed)         1.285    96.097    clk_audio_128x
    OLOGIC_X0Y75         FDRE                                         r  u_demo_interp_dac8_audio_pcm_common/dac_data_r_reg[0]/C  (IS_INVERTED)
                         clock pessimism              0.425    96.522    
                         clock uncertainty           -0.458    96.064    
    OLOGIC_X0Y75         FDRE (Setup_fdre_C_D)       -0.707    95.357    u_demo_interp_dac8_audio_pcm_common/dac_data_r_reg[0]
  -------------------------------------------------------------------
                         required time                         95.357    
                         arrival time                         -11.591    
  -------------------------------------------------------------------
                         slack                                 83.766    

Slack (MET) :             83.947ns  (required time - arrival time)
  Source:                 u_demo_interp_dac8_audio_pcm_common/gen_phase7_folded.u_interp128_all2x_v7_folded_fir_cic_top_ce/gen_serial_cic_comb.u_cic_interp16_serial_comb_dsp_ce/y_out_valid_reg/C
                            (rising edge-triggered cell FDRE clocked by u_dual_family_audio_clock/clk_44k1_raw  {rise@0.000ns fall@88.577ns period=177.154ns})
  Destination:            u_demo_interp_dac8_audio_pcm_common/dac_data_r_reg[7]/CE
                            (falling edge-triggered cell FDSE clocked by u_dual_family_audio_clock/clk_44k1_raw  {rise@0.000ns fall@88.577ns period=177.154ns})
  Path Group:             u_dual_family_audio_clock/clk_44k1_raw
  Path Type:              Setup (Max at Slow Process Corner)
  Requirement:            88.577ns  (u_dual_family_audio_clock/clk_44k1_raw fall@88.577ns - u_dual_family_audio_clock/clk_44k1_raw rise@0.000ns)
  Data Path Delay:        3.871ns  (logic 0.538ns (13.897%)  route 3.333ns (86.103%))
  Logic Levels:           1  (LUT6=1)
  Clock Path Skew:        0.030ns (DCD - SCD + CPR)
    Destination Clock Delay (DCD):    7.675ns = ( 96.252 - 88.577 ) 
    Source Clock Delay      (SCD):    8.010ns
    Clock Pessimism Removal (CPR):    0.365ns
  Clock Uncertainty:      0.458ns  ((TSJ^2 + DJ^2)^1/2) / 2 + PE
    Total System Jitter     (TSJ):    0.071ns
    Discrete Jitter          (DJ):    0.913ns
    Phase Error              (PE):    0.000ns

    Location             Delay type                Incr(ns)  Path(ns)    Netlist Resource(s)
  -------------------------------------------------------------------    -------------------
                         (clock u_dual_family_audio_clock/clk_44k1_raw rise edge)
                                                      0.000     0.000 r  
    Y18                                               0.000     0.000 r  clk (IN)
                         net (fo=0)                   0.000     0.000    clk
    Y18                  IBUF (Prop_ibuf_I_O)         1.427     1.427 r  u_ibuf_sys_clk/O
                         net (fo=1, routed)           1.693     3.120    clk_ibuf
    BUFGCTRL_X0Y0        BUFG (Prop_bufg_I_O)         0.081     3.201 r  u_bufg_sys_clk/O
                         net (fo=58, routed)          1.538     4.739    clk_sys_bufg
    MMCME2_ADV_X0Y2      MMCME2_ADV (Prop_mmcme2_adv_CLKIN1_CLKOUT0)
                                                      0.077     4.816 r  u_dual_family_audio_clock/u_mmcm_44k1/CLKOUT0
                         net (fo=1, routed)           1.698     6.513    u_dual_family_audio_clock/clk_44k1_raw
    BUFGCTRL_X0Y16       BUFGCTRL (Prop_bufgctrl_I0_O)
                                                      0.081     6.594 r  u_dual_family_audio_clock/u_bufgmux_audio_family/O
                         net (fo=330, routed)         1.415     8.010    clk_audio_128x
    SLICE_X6Y85          FDRE                                         r  u_demo_interp_dac8_audio_pcm_common/gen_phase7_folded.u_interp128_all2x_v7_folded_fir_cic_top_ce/gen_serial_cic_comb.u_cic_interp16_serial_comb_dsp_ce/y_out_valid_reg/C
  -------------------------------------------------------------------    -------------------
    SLICE_X6Y85          FDRE (Prop_fdre_C_Q)         0.433     8.443 r  u_demo_interp_dac8_audio_pcm_common/gen_phase7_folded.u_interp128_all2x_v7_folded_fir_cic_top_ce/gen_serial_cic_comb.u_cic_interp16_serial_comb_dsp_ce/y_out_valid_reg/Q
                         net (fo=1, routed)           0.542     8.985    u_demo_interp_dac8_audio_pcm_common/y_out_valid_w
    SLICE_X6Y85          LUT6 (Prop_lut6_I0_O)        0.105     9.090 r  dac_data_r[7]_i_2/O
                         net (fo=8, routed)           2.791    11.881    u_demo_interp_dac8_audio_pcm_common/selected_valid
    OLOGIC_X0Y125        FDSE                                         r  u_demo_interp_dac8_audio_pcm_common/dac_data_r_reg[7]/CE
  -------------------------------------------------------------------    -------------------

                         (clock u_dual_family_audio_clock/clk_44k1_raw fall edge)
                                                     88.577    88.577 f  
    Y18                                               0.000    88.577 f  clk (IN)
                         net (fo=0)                   0.000    88.577    clk
    Y18                  IBUF (Prop_ibuf_I_O)         1.361    89.938 f  u_ibuf_sys_clk/O
                         net (fo=1, routed)           1.604    91.542    clk_ibuf
    BUFGCTRL_X0Y0        BUFG (Prop_bufg_I_O)         0.077    91.619 f  u_bufg_sys_clk/O
                         net (fo=58, routed)          1.426    93.045    clk_sys_bufg
    MMCME2_ADV_X0Y2      MMCME2_ADV (Prop_mmcme2_adv_CLKIN1_CLKOUT0)
                                                      0.073    93.118 f  u_dual_family_audio_clock/u_mmcm_44k1/CLKOUT0
                         net (fo=1, routed)           1.617    94.735    u_dual_family_audio_clock/clk_44k1_raw
    BUFGCTRL_X0Y16       BUFGCTRL (Prop_bufgctrl_I0_O)
                                                      0.077    94.812 f  u_dual_family_audio_clock/u_bufgmux_audio_family/O
                         net (fo=330, routed)         1.440    96.252    clk_audio_128x
    OLOGIC_X0Y125        FDSE                                         r  u_demo_interp_dac8_audio_pcm_common/dac_data_r_reg[7]/C  (IS_INVERTED)
                         clock pessimism              0.365    96.617    
                         clock uncertainty           -0.458    96.159    
    OLOGIC_X0Y125        FDSE (Setup_fdse_C_CE)      -0.331    95.828    u_demo_interp_dac8_audio_pcm_common/dac_data_r_reg[7]
  -------------------------------------------------------------------
                         required time                         95.828    
                         arrival time                         -11.881    
  -------------------------------------------------------------------
                         slack                                 83.947    

Slack (MET) :             83.998ns  (required time - arrival time)
  Source:                 rst_audio_datapath_n_reg/C
                            (rising edge-triggered cell FDRE clocked by u_dual_family_audio_clock/clk_44k1_raw  {rise@0.000ns fall@88.577ns period=177.154ns})
  Destination:            u_demo_interp_dac8_audio_pcm_common/dac_data_r_reg[1]/R
                            (falling edge-triggered cell FDRE clocked by u_dual_family_audio_clock/clk_44k1_raw  {rise@0.000ns fall@88.577ns period=177.154ns})
  Path Group:             u_dual_family_audio_clock/clk_44k1_raw
  Path Type:              Setup (Max at Slow Process Corner)
  Requirement:            88.577ns  (u_dual_family_audio_clock/clk_44k1_raw fall@88.577ns - u_dual_family_audio_clock/clk_44k1_raw rise@0.000ns)
  Data Path Delay:        3.724ns  (logic 0.587ns (15.761%)  route 3.137ns (84.239%))
  Logic Levels:           1  (LUT2=1)
  Clock Path Skew:        0.036ns (DCD - SCD + CPR)
    Destination Clock Delay (DCD):    7.677ns = ( 96.254 - 88.577 ) 
    Source Clock Delay      (SCD):    8.006ns
    Clock Pessimism Removal (CPR):    0.365ns
  Clock Uncertainty:      0.458ns  ((TSJ^2 + DJ^2)^1/2) / 2 + PE
    Total System Jitter     (TSJ):    0.071ns
    Discrete Jitter          (DJ):    0.913ns
    Phase Error              (PE):    0.000ns

    Location             Delay type                Incr(ns)  Path(ns)    Netlist Resource(s)
  -------------------------------------------------------------------    -------------------
                         (clock u_dual_family_audio_clock/clk_44k1_raw rise edge)
                                                      0.000     0.000 r  
    Y18                                               0.000     0.000 r  clk (IN)
                         net (fo=0)                   0.000     0.000    clk
    Y18                  IBUF (Prop_ibuf_I_O)         1.427     1.427 r  u_ibuf_sys_clk/O
                         net (fo=1, routed)           1.693     3.120    clk_ibuf
    BUFGCTRL_X0Y0        BUFG (Prop_bufg_I_O)         0.081     3.201 r  u_bufg_sys_clk/O
                         net (fo=58, routed)          1.538     4.739    clk_sys_bufg
    MMCME2_ADV_X0Y2      MMCME2_ADV (Prop_mmcme2_adv_CLKIN1_CLKOUT0)
                                                      0.077     4.816 r  u_dual_family_audio_clock/u_mmcm_44k1/CLKOUT0
                         net (fo=1, routed)           1.698     6.513    u_dual_family_audio_clock/clk_44k1_raw
    BUFGCTRL_X0Y16       BUFGCTRL (Prop_bufgctrl_I0_O)
                                                      0.081     6.594 r  u_dual_family_audio_clock/u_bufgmux_audio_family/O
                         net (fo=330, routed)         1.411     8.006    clk_audio_128x
    SLICE_X4Y81          FDRE                                         r  rst_audio_datapath_n_reg/C
  -------------------------------------------------------------------    -------------------
    SLICE_X4Y81          FDRE (Prop_fdre_C_Q)         0.348     8.354 f  rst_audio_datapath_n_reg/Q
                         net (fo=17, routed)          1.089     9.443    rst_audio_datapath_n
    SLICE_X2Y85          LUT2 (Prop_lut2_I1_O)        0.239     9.682 r  dac_data_r[7]_i_1/O
                         net (fo=8, routed)           2.048    11.730    dac_data_r[7]_i_1_n_0
    OLOGIC_X0Y122        FDRE                                         r  u_demo_interp_dac8_audio_pcm_common/dac_data_r_reg[1]/R
  -------------------------------------------------------------------    -------------------

                         (clock u_dual_family_audio_clock/clk_44k1_raw fall edge)
                                                     88.577    88.577 f  
    Y18                                               0.000    88.577 f  clk (IN)
                         net (fo=0)                   0.000    88.577    clk
    Y18                  IBUF (Prop_ibuf_I_O)         1.361    89.938 f  u_ibuf_sys_clk/O
                         net (fo=1, routed)           1.604    91.542    clk_ibuf
    BUFGCTRL_X0Y0        BUFG (Prop_bufg_I_O)         0.077    91.619 f  u_bufg_sys_clk/O
                         net (fo=58, routed)          1.426    93.045    clk_sys_bufg
    MMCME2_ADV_X0Y2      MMCME2_ADV (Prop_mmcme2_adv_CLKIN1_CLKOUT0)
                                                      0.073    93.118 f  u_dual_family_audio_clock/u_mmcm_44k1/CLKOUT0
                         net (fo=1, routed)           1.617    94.735    u_dual_family_audio_clock/clk_44k1_raw
    BUFGCTRL_X0Y16       BUFGCTRL (Prop_bufgctrl_I0_O)
                                                      0.077    94.812 f  u_dual_family_audio_clock/u_bufgmux_audio_family/O
                         net (fo=330, routed)         1.442    96.254    clk_audio_128x
    OLOGIC_X0Y122        FDRE                                         r  u_demo_interp_dac8_audio_pcm_common/dac_data_r_reg[1]/C  (IS_INVERTED)
                         clock pessimism              0.365    96.619    
                         clock uncertainty           -0.458    96.161    
    OLOGIC_X0Y122        FDRE (Setup_fdre_C_R)       -0.433    95.728    u_demo_interp_dac8_audio_pcm_common/dac_data_r_reg[1]
  -------------------------------------------------------------------
                         required time                         95.728    
                         arrival time                         -11.730    
  -------------------------------------------------------------------
                         slack                                 83.998    

Slack (MET) :             84.226ns  (required time - arrival time)
  Source:                 rst_audio_datapath_n_reg/C
                            (rising edge-triggered cell FDRE clocked by u_dual_family_audio_clock/clk_44k1_raw  {rise@0.000ns fall@88.577ns period=177.154ns})
  Destination:            u_demo_interp_dac8_audio_pcm_common/dac_data_r_reg[4]/R
                            (falling edge-triggered cell FDRE clocked by u_dual_family_audio_clock/clk_44k1_raw  {rise@0.000ns fall@88.577ns period=177.154ns})
  Path Group:             u_dual_family_audio_clock/clk_44k1_raw
  Path Type:              Setup (Max at Slow Process Corner)
  Requirement:            88.577ns  (u_dual_family_audio_clock/clk_44k1_raw fall@88.577ns - u_dual_family_audio_clock/clk_44k1_raw rise@0.000ns)
  Data Path Delay:        3.496ns  (logic 0.587ns (16.790%)  route 2.909ns (83.210%))
  Logic Levels:           1  (LUT2=1)
  Clock Path Skew:        0.036ns (DCD - SCD + CPR)
    Destination Clock Delay (DCD):    7.677ns = ( 96.254 - 88.577 ) 
    Source Clock Delay      (SCD):    8.006ns
    Clock Pessimism Removal (CPR):    0.365ns
  Clock Uncertainty:      0.458ns  ((TSJ^2 + DJ^2)^1/2) / 2 + PE
    Total System Jitter     (TSJ):    0.071ns
    Discrete Jitter          (DJ):    0.913ns
    Phase Error              (PE):    0.000ns

    Location             Delay type                Incr(ns)  Path(ns)    Netlist Resource(s)
  -------------------------------------------------------------------    -------------------
                         (clock u_dual_family_audio_clock/clk_44k1_raw rise edge)
                                                      0.000     0.000 r  
    Y18                                               0.000     0.000 r  clk (IN)
                         net (fo=0)                   0.000     0.000    clk
    Y18                  IBUF (Prop_ibuf_I_O)         1.427     1.427 r  u_ibuf_sys_clk/O
                         net (fo=1, routed)           1.693     3.120    clk_ibuf
    BUFGCTRL_X0Y0        BUFG (Prop_bufg_I_O)         0.081     3.201 r  u_bufg_sys_clk/O
                         net (fo=58, routed)          1.538     4.739    clk_sys_bufg
    MMCME2_ADV_X0Y2      MMCME2_ADV (Prop_mmcme2_adv_CLKIN1_CLKOUT0)
                                                      0.077     4.816 r  u_dual_family_audio_clock/u_mmcm_44k1/CLKOUT0
                         net (fo=1, routed)           1.698     6.513    u_dual_family_audio_clock/clk_44k1_raw
    BUFGCTRL_X0Y16       BUFGCTRL (Prop_bufgctrl_I0_O)
                                                      0.081     6.594 r  u_dual_family_audio_clock/u_bufgmux_audio_family/O
                         net (fo=330, routed)         1.411     8.006    clk_audio_128x
    SLICE_X4Y81          FDRE                                         r  rst_audio_datapath_n_reg/C
  -------------------------------------------------------------------    -------------------
    SLICE_X4Y81          FDRE (Prop_fdre_C_Q)         0.348     8.354 f  rst_audio_datapath_n_reg/Q
                         net (fo=17, routed)          1.089     9.443    rst_audio_datapath_n
    SLICE_X2Y85          LUT2 (Prop_lut2_I1_O)        0.239     9.682 r  dac_data_r[7]_i_1/O
                         net (fo=8, routed)           1.820    11.502    dac_data_r[7]_i_1_n_0
    OLOGIC_X0Y120        FDRE                                         r  u_demo_interp_dac8_audio_pcm_common/dac_data_r_reg[4]/R
  -------------------------------------------------------------------    -------------------

                         (clock u_dual_family_audio_clock/clk_44k1_raw fall edge)
                                                     88.577    88.577 f  
    Y18                                               0.000    88.577 f  clk (IN)
                         net (fo=0)                   0.000    88.577    clk
    Y18                  IBUF (Prop_ibuf_I_O)         1.361    89.938 f  u_ibuf_sys_clk/O
                         net (fo=1, routed)           1.604    91.542    clk_ibuf
    BUFGCTRL_X0Y0        BUFG (Prop_bufg_I_O)         0.077    91.619 f  u_bufg_sys_clk/O
                         net (fo=58, routed)          1.426    93.045    clk_sys_bufg
    MMCME2_ADV_X0Y2      MMCME2_ADV (Prop_mmcme2_adv_CLKIN1_CLKOUT0)
                                                      0.073    93.118 f  u_dual_family_audio_clock/u_mmcm_44k1/CLKOUT0
                         net (fo=1, routed)           1.617    94.735    u_dual_family_audio_clock/clk_44k1_raw
    BUFGCTRL_X0Y16       BUFGCTRL (Prop_bufgctrl_I0_O)
                                                      0.077    94.812 f  u_dual_family_audio_clock/u_bufgmux_audio_family/O
                         net (fo=330, routed)         1.442    96.254    clk_audio_128x
    OLOGIC_X0Y120        FDRE                                         r  u_demo_interp_dac8_audio_pcm_common/dac_data_r_reg[4]/C  (IS_INVERTED)
                         clock pessimism              0.365    96.619    
                         clock uncertainty           -0.458    96.161    
    OLOGIC_X0Y120        FDRE (Setup_fdre_C_R)       -0.433    95.728    u_demo_interp_dac8_audio_pcm_common/dac_data_r_reg[4]
  -------------------------------------------------------------------
                         required time                         95.728    
                         arrival time                         -11.502    
  -------------------------------------------------------------------
                         slack                                 84.226    





Min Delay Paths
--------------------------------------------------------------------------------------
Slack (MET) :             0.079ns  (arrival time - required time)
  Source:                 u_demo_interp_dac8_audio_pcm_common/gen_dual_rate_test_tone.u_dual_rate_test_tone_rom_source/rd_addr_reg_rep[6]/C
                            (rising edge-triggered cell FDRE clocked by u_dual_family_audio_clock/clk_44k1_raw  {rise@0.000ns fall@88.577ns period=177.154ns})
  Destination:            u_demo_interp_dac8_audio_pcm_common/gen_dual_rate_test_tone.u_dual_rate_test_tone_rom_source/rom_word_q_reg/ADDRARDADDR[10]
                            (rising edge-triggered cell RAMB18E1 clocked by u_dual_family_audio_clock/clk_44k1_raw  {rise@0.000ns fall@88.577ns period=177.154ns})
  Path Group:             u_dual_family_audio_clock/clk_44k1_raw
  Path Type:              Hold (Min at Fast Process Corner)
  Requirement:            0.000ns  (u_dual_family_audio_clock/clk_44k1_raw rise@0.000ns - u_dual_family_audio_clock/clk_44k1_raw rise@0.000ns)
  Data Path Delay:        0.318ns  (logic 0.164ns (51.568%)  route 0.154ns (48.432%))
  Logic Levels:           0  
  Clock Path Skew:        0.056ns (DCD - SCD - CPR)
    Destination Clock Delay (DCD):    3.720ns
    Source Clock Delay      (SCD):    2.834ns
    Clock Pessimism Removal (CPR):    0.831ns

    Location             Delay type                Incr(ns)  Path(ns)    Netlist Resource(s)
  -------------------------------------------------------------------    -------------------
                         (clock u_dual_family_audio_clock/clk_44k1_raw rise edge)
                                                      0.000     0.000 r  
    Y18                                               0.000     0.000 r  clk (IN)
                         net (fo=0)                   0.000     0.000    clk
    Y18                  IBUF (Prop_ibuf_I_O)         0.264     0.264 r  u_ibuf_sys_clk/O
                         net (fo=1, routed)           0.634     0.898    clk_ibuf
    BUFGCTRL_X0Y0        BUFG (Prop_bufg_I_O)         0.026     0.924 r  u_bufg_sys_clk/O
                         net (fo=58, routed)          0.629     1.553    clk_sys_bufg
    MMCME2_ADV_X0Y2      MMCME2_ADV (Prop_mmcme2_adv_CLKIN1_CLKOUT0)
                                                      0.050     1.603 r  u_dual_family_audio_clock/u_mmcm_44k1/CLKOUT0
                         net (fo=1, routed)           0.656     2.259    u_dual_family_audio_clock/clk_44k1_raw
    BUFGCTRL_X0Y16       BUFGCTRL (Prop_bufgctrl_I0_O)
                                                      0.026     2.285 r  u_dual_family_audio_clock/u_bufgmux_audio_family/O
                         net (fo=330, routed)         0.549     2.834    clk_audio_128x
    SLICE_X8Y75          FDRE                                         r  u_demo_interp_dac8_audio_pcm_common/gen_dual_rate_test_tone.u_dual_rate_test_tone_rom_source/rd_addr_reg_rep[6]/C
  -------------------------------------------------------------------    -------------------
    SLICE_X8Y75          FDRE (Prop_fdre_C_Q)         0.164     2.998 r  u_demo_interp_dac8_audio_pcm_common/gen_dual_rate_test_tone.u_dual_rate_test_tone_rom_source/rd_addr_reg_rep[6]/Q
                         net (fo=2, routed)           0.154     3.152    u_demo_interp_dac8_audio_pcm_common/gen_dual_rate_test_tone.u_dual_rate_test_tone_rom_source/rd_addr_reg_rep_n_0_[6]
    RAMB18_X0Y30         RAMB18E1                                     r  u_demo_interp_dac8_audio_pcm_common/gen_dual_rate_test_tone.u_dual_rate_test_tone_rom_source/rom_word_q_reg/ADDRARDADDR[10]
  -------------------------------------------------------------------    -------------------

                         (clock u_dual_family_audio_clock/clk_44k1_raw rise edge)
                                                      0.000     0.000 r  
    Y18                                               0.000     0.000 r  clk (IN)
                         net (fo=0)                   0.000     0.000    clk
    Y18                  IBUF (Prop_ibuf_I_O)         0.452     0.452 r  u_ibuf_sys_clk/O
                         net (fo=1, routed)           0.689     1.140    clk_ibuf
    BUFGCTRL_X0Y0        BUFG (Prop_bufg_I_O)         0.029     1.169 r  u_bufg_sys_clk/O
                         net (fo=58, routed)          0.901     2.070    clk_sys_bufg
    MMCME2_ADV_X0Y2      MMCME2_ADV (Prop_mmcme2_adv_CLKIN1_CLKOUT0)
                                                      0.053     2.123 r  u_dual_family_audio_clock/u_mmcm_44k1/CLKOUT0
                         net (fo=1, routed)           0.710     2.833    u_dual_family_audio_clock/clk_44k1_raw
    BUFGCTRL_X0Y16       BUFGCTRL (Prop_bufgctrl_I0_O)
                                                      0.029     2.862 r  u_dual_family_audio_clock/u_bufgmux_audio_family/O
                         net (fo=330, routed)         0.858     3.720    clk_audio_128x
    RAMB18_X0Y30         RAMB18E1                                     r  u_demo_interp_dac8_audio_pcm_common/gen_dual_rate_test_tone.u_dual_rate_test_tone_rom_source/rom_word_q_reg/CLKARDCLK
                         clock pessimism             -0.831     2.890    
    RAMB18_X0Y30         RAMB18E1 (Hold_ramb18e1_CLKARDCLK_ADDRARDADDR[10])
                                                      0.183     3.073    u_demo_interp_dac8_audio_pcm_common/gen_dual_rate_test_tone.u_dual_rate_test_tone_rom_source/rom_word_q_reg
  -------------------------------------------------------------------
                         required time                         -3.073    
                         arrival time                           3.152    
  -------------------------------------------------------------------
                         slack                                  0.079    

Slack (MET) :             0.082ns  (arrival time - required time)
  Source:                 u_demo_interp_dac8_audio_pcm_common/gen_dual_rate_test_tone.u_dual_rate_test_tone_rom_source/rd_addr_reg_rep[6]/C
                            (rising edge-triggered cell FDRE clocked by u_dual_family_audio_clock/clk_44k1_raw  {rise@0.000ns fall@88.577ns period=177.154ns})
  Destination:            u_demo_interp_dac8_audio_pcm_common/gen_dual_rate_test_tone.u_dual_rate_test_tone_rom_source/rom_word_q_reg/ADDRBWRADDR[10]
                            (rising edge-triggered cell RAMB18E1 clocked by u_dual_family_audio_clock/clk_44k1_raw  {rise@0.000ns fall@88.577ns period=177.154ns})
  Path Group:             u_dual_family_audio_clock/clk_44k1_raw
  Path Type:              Hold (Min at Fast Process Corner)
  Requirement:            0.000ns  (u_dual_family_audio_clock/clk_44k1_raw rise@0.000ns - u_dual_family_audio_clock/clk_44k1_raw rise@0.000ns)
  Data Path Delay:        0.318ns  (logic 0.164ns (51.568%)  route 0.154ns (48.432%))
  Logic Levels:           0  
  Clock Path Skew:        0.053ns (DCD - SCD - CPR)
    Destination Clock Delay (DCD):    3.717ns
    Source Clock Delay      (SCD):    2.834ns
    Clock Pessimism Removal (CPR):    0.831ns

    Location             Delay type                Incr(ns)  Path(ns)    Netlist Resource(s)
  -------------------------------------------------------------------    -------------------
                         (clock u_dual_family_audio_clock/clk_44k1_raw rise edge)
                                                      0.000     0.000 r  
    Y18                                               0.000     0.000 r  clk (IN)
                         net (fo=0)                   0.000     0.000    clk
    Y18                  IBUF (Prop_ibuf_I_O)         0.264     0.264 r  u_ibuf_sys_clk/O
                         net (fo=1, routed)           0.634     0.898    clk_ibuf
    BUFGCTRL_X0Y0        BUFG (Prop_bufg_I_O)         0.026     0.924 r  u_bufg_sys_clk/O
                         net (fo=58, routed)          0.629     1.553    clk_sys_bufg
    MMCME2_ADV_X0Y2      MMCME2_ADV (Prop_mmcme2_adv_CLKIN1_CLKOUT0)
                                                      0.050     1.603 r  u_dual_family_audio_clock/u_mmcm_44k1/CLKOUT0
                         net (fo=1, routed)           0.656     2.259    u_dual_family_audio_clock/clk_44k1_raw
    BUFGCTRL_X0Y16       BUFGCTRL (Prop_bufgctrl_I0_O)
                                                      0.026     2.285 r  u_dual_family_audio_clock/u_bufgmux_audio_family/O
                         net (fo=330, routed)         0.549     2.834    clk_audio_128x
    SLICE_X8Y75          FDRE                                         r  u_demo_interp_dac8_audio_pcm_common/gen_dual_rate_test_tone.u_dual_rate_test_tone_rom_source/rd_addr_reg_rep[6]/C
  -------------------------------------------------------------------    -------------------
    SLICE_X8Y75          FDRE (Prop_fdre_C_Q)         0.164     2.998 r  u_demo_interp_dac8_audio_pcm_common/gen_dual_rate_test_tone.u_dual_rate_test_tone_rom_source/rd_addr_reg_rep[6]/Q
                         net (fo=2, routed)           0.154     3.152    u_demo_interp_dac8_audio_pcm_common/gen_dual_rate_test_tone.u_dual_rate_test_tone_rom_source/rd_addr_reg_rep_n_0_[6]
    RAMB18_X0Y30         RAMB18E1                                     r  u_demo_interp_dac8_audio_pcm_common/gen_dual_rate_test_tone.u_dual_rate_test_tone_rom_source/rom_word_q_reg/ADDRBWRADDR[10]
  -------------------------------------------------------------------    -------------------

                         (clock u_dual_family_audio_clock/clk_44k1_raw rise edge)
                                                      0.000     0.000 r  
    Y18                                               0.000     0.000 r  clk (IN)
                         net (fo=0)                   0.000     0.000    clk
    Y18                  IBUF (Prop_ibuf_I_O)         0.452     0.452 r  u_ibuf_sys_clk/O
                         net (fo=1, routed)           0.689     1.140    clk_ibuf
    BUFGCTRL_X0Y0        BUFG (Prop_bufg_I_O)         0.029     1.169 r  u_bufg_sys_clk/O
                         net (fo=58, routed)          0.901     2.070    clk_sys_bufg
    MMCME2_ADV_X0Y2      MMCME2_ADV (Prop_mmcme2_adv_CLKIN1_CLKOUT0)
                                                      0.053     2.123 r  u_dual_family_audio_clock/u_mmcm_44k1/CLKOUT0
                         net (fo=1, routed)           0.710     2.833    u_dual_family_audio_clock/clk_44k1_raw
    BUFGCTRL_X0Y16       BUFGCTRL (Prop_bufgctrl_I0_O)
                                                      0.029     2.862 r  u_dual_family_audio_clock/u_bufgmux_audio_family/O
                         net (fo=330, routed)         0.855     3.717    clk_audio_128x
    RAMB18_X0Y30         RAMB18E1                                     r  u_demo_interp_dac8_audio_pcm_common/gen_dual_rate_test_tone.u_dual_rate_test_tone_rom_source/rom_word_q_reg/CLKBWRCLK
                         clock pessimism             -0.831     2.887    
    RAMB18_X0Y30         RAMB18E1 (Hold_ramb18e1_CLKBWRCLK_ADDRBWRADDR[10])
                                                      0.183     3.070    u_demo_interp_dac8_audio_pcm_common/gen_dual_rate_test_tone.u_dual_rate_test_tone_rom_source/rom_word_q_reg
  -------------------------------------------------------------------
                         required time                         -3.070    
                         arrival time                           3.152    
  -------------------------------------------------------------------
                         slack                                  0.082    

Slack (MET) :             0.093ns  (arrival time - required time)
  Source:                 u_demo_interp_dac8_audio_pcm_common/gen_phase7_folded.u_interp128_all2x_v7_folded_fir_cic_top_ce/gen_single_bram_stage1.u_interp2_stage1_strict_halfband_bram_ce/read_addr_reg[2]/C
                            (rising edge-triggered cell FDRE clocked by u_dual_family_audio_clock/clk_44k1_raw  {rise@0.000ns fall@88.577ns period=177.154ns})
  Destination:            u_demo_interp_dac8_audio_pcm_common/gen_phase7_folded.u_interp128_all2x_v7_folded_fir_cic_top_ce/gen_single_bram_stage1.u_interp2_stage1_strict_halfband_bram_ce/u_nf_stage1_history_ramb18_sdp/gen_primitive.u_stage1_history_ramb18e1/ADDRARDADDR[7]
                            (rising edge-triggered cell RAMB18E1 clocked by u_dual_family_audio_clock/clk_44k1_raw  {rise@0.000ns fall@88.577ns period=177.154ns})
  Path Group:             u_dual_family_audio_clock/clk_44k1_raw
  Path Type:              Hold (Min at Fast Process Corner)
  Requirement:            0.000ns  (u_dual_family_audio_clock/clk_44k1_raw rise@0.000ns - u_dual_family_audio_clock/clk_44k1_raw rise@0.000ns)
  Data Path Delay:        0.331ns  (logic 0.164ns (49.597%)  route 0.167ns (50.403%))
  Logic Levels:           0  
  Clock Path Skew:        0.055ns (DCD - SCD - CPR)
    Destination Clock Delay (DCD):    3.720ns
    Source Clock Delay      (SCD):    2.835ns
    Clock Pessimism Removal (CPR):    0.831ns

    Location             Delay type                Incr(ns)  Path(ns)    Netlist Resource(s)
  -------------------------------------------------------------------    -------------------
                         (clock u_dual_family_audio_clock/clk_44k1_raw rise edge)
                                                      0.000     0.000 r  
    Y18                                               0.000     0.000 r  clk (IN)
                         net (fo=0)                   0.000     0.000    clk
    Y18                  IBUF (Prop_ibuf_I_O)         0.264     0.264 r  u_ibuf_sys_clk/O
                         net (fo=1, routed)           0.634     0.898    clk_ibuf
    BUFGCTRL_X0Y0        BUFG (Prop_bufg_I_O)         0.026     0.924 r  u_bufg_sys_clk/O
                         net (fo=58, routed)          0.629     1.553    clk_sys_bufg
    MMCME2_ADV_X0Y2      MMCME2_ADV (Prop_mmcme2_adv_CLKIN1_CLKOUT0)
                                                      0.050     1.603 r  u_dual_family_audio_clock/u_mmcm_44k1/CLKOUT0
                         net (fo=1, routed)           0.656     2.259    u_dual_family_audio_clock/clk_44k1_raw
    BUFGCTRL_X0Y16       BUFGCTRL (Prop_bufgctrl_I0_O)
                                                      0.026     2.285 r  u_dual_family_audio_clock/u_bufgmux_audio_family/O
                         net (fo=330, routed)         0.550     2.835    clk_audio_128x
    SLICE_X8Y76          FDRE                                         r  u_demo_interp_dac8_audio_pcm_common/gen_phase7_folded.u_interp128_all2x_v7_folded_fir_cic_top_ce/gen_single_bram_stage1.u_interp2_stage1_strict_halfband_bram_ce/read_addr_reg[2]/C
  -------------------------------------------------------------------    -------------------
    SLICE_X8Y76          FDRE (Prop_fdre_C_Q)         0.164     2.999 r  u_demo_interp_dac8_audio_pcm_common/gen_phase7_folded.u_interp128_all2x_v7_folded_fir_cic_top_ce/gen_single_bram_stage1.u_interp2_stage1_strict_halfband_bram_ce/read_addr_reg[2]/Q
                         net (fo=5, routed)           0.167     3.166    u_demo_interp_dac8_audio_pcm_common/gen_phase7_folded.u_interp128_all2x_v7_folded_fir_cic_top_ce/gen_single_bram_stage1.u_interp2_stage1_strict_halfband_bram_ce/read_addr_reg[2]
    RAMB18_X0Y31         RAMB18E1                                     r  u_demo_interp_dac8_audio_pcm_common/gen_phase7_folded.u_interp128_all2x_v7_folded_fir_cic_top_ce/gen_single_bram_stage1.u_interp2_stage1_strict_halfband_bram_ce/u_nf_stage1_history_ramb18_sdp/gen_primitive.u_stage1_history_ramb18e1/ADDRARDADDR[7]
  -------------------------------------------------------------------    -------------------

                         (clock u_dual_family_audio_clock/clk_44k1_raw rise edge)
                                                      0.000     0.000 r  
    Y18                                               0.000     0.000 r  clk (IN)
                         net (fo=0)                   0.000     0.000    clk
    Y18                  IBUF (Prop_ibuf_I_O)         0.452     0.452 r  u_ibuf_sys_clk/O
                         net (fo=1, routed)           0.689     1.140    clk_ibuf
    BUFGCTRL_X0Y0        BUFG (Prop_bufg_I_O)         0.029     1.169 r  u_bufg_sys_clk/O
                         net (fo=58, routed)          0.901     2.070    clk_sys_bufg
    MMCME2_ADV_X0Y2      MMCME2_ADV (Prop_mmcme2_adv_CLKIN1_CLKOUT0)
                                                      0.053     2.123 r  u_dual_family_audio_clock/u_mmcm_44k1/CLKOUT0
                         net (fo=1, routed)           0.710     2.833    u_dual_family_audio_clock/clk_44k1_raw
    BUFGCTRL_X0Y16       BUFGCTRL (Prop_bufgctrl_I0_O)
                                                      0.029     2.862 r  u_dual_family_audio_clock/u_bufgmux_audio_family/O
                         net (fo=330, routed)         0.858     3.720    clk_audio_128x
    RAMB18_X0Y31         RAMB18E1                                     r  u_demo_interp_dac8_audio_pcm_common/gen_phase7_folded.u_interp128_all2x_v7_folded_fir_cic_top_ce/gen_single_bram_stage1.u_interp2_stage1_strict_halfband_bram_ce/u_nf_stage1_history_ramb18_sdp/gen_primitive.u_stage1_history_ramb18e1/CLKARDCLK
                         clock pessimism             -0.831     2.890    
    RAMB18_X0Y31         RAMB18E1 (Hold_ramb18e1_CLKARDCLK_ADDRARDADDR[7])
                                                      0.183     3.073    u_demo_interp_dac8_audio_pcm_common/gen_phase7_folded.u_interp128_all2x_v7_folded_fir_cic_top_ce/gen_single_bram_stage1.u_interp2_stage1_strict_halfband_bram_ce/u_nf_stage1_history_ramb18_sdp/gen_primitive.u_stage1_history_ramb18e1
  -------------------------------------------------------------------
                         required time                         -3.073    
                         arrival time                           3.166    
  -------------------------------------------------------------------
                         slack                                  0.093    

Slack (MET) :             0.117ns  (arrival time - required time)
  Source:                 u_demo_interp_dac8_audio_pcm_common/gen_dual_rate_test_tone.u_dual_rate_test_tone_rom_source/rd_addr_reg_rep[4]/C
                            (rising edge-triggered cell FDSE clocked by u_dual_family_audio_clock/clk_44k1_raw  {rise@0.000ns fall@88.577ns period=177.154ns})
  Destination:            u_demo_interp_dac8_audio_pcm_common/gen_dual_rate_test_tone.u_dual_rate_test_tone_rom_source/rom_word_q_reg/ADDRBWRADDR[8]
                            (rising edge-triggered cell RAMB18E1 clocked by u_dual_family_audio_clock/clk_44k1_raw  {rise@0.000ns fall@88.577ns period=177.154ns})
  Path Group:             u_dual_family_audio_clock/clk_44k1_raw
  Path Type:              Hold (Min at Fast Process Corner)
  Requirement:            0.000ns  (u_dual_family_audio_clock/clk_44k1_raw rise@0.000ns - u_dual_family_audio_clock/clk_44k1_raw rise@0.000ns)
  Data Path Delay:        0.349ns  (logic 0.141ns (40.374%)  route 0.208ns (59.626%))
  Logic Levels:           0  
  Clock Path Skew:        0.050ns (DCD - SCD - CPR)
    Destination Clock Delay (DCD):    3.717ns
    Source Clock Delay      (SCD):    2.837ns
    Clock Pessimism Removal (CPR):    0.831ns

    Location             Delay type                Incr(ns)  Path(ns)    Netlist Resource(s)
  -------------------------------------------------------------------    -------------------
                         (clock u_dual_family_audio_clock/clk_44k1_raw rise edge)
                                                      0.000     0.000 r  
    Y18                                               0.000     0.000 r  clk (IN)
                         net (fo=0)                   0.000     0.000    clk
    Y18                  IBUF (Prop_ibuf_I_O)         0.264     0.264 r  u_ibuf_sys_clk/O
                         net (fo=1, routed)           0.634     0.898    clk_ibuf
    BUFGCTRL_X0Y0        BUFG (Prop_bufg_I_O)         0.026     0.924 r  u_bufg_sys_clk/O
                         net (fo=58, routed)          0.629     1.553    clk_sys_bufg
    MMCME2_ADV_X0Y2      MMCME2_ADV (Prop_mmcme2_adv_CLKIN1_CLKOUT0)
                                                      0.050     1.603 r  u_dual_family_audio_clock/u_mmcm_44k1/CLKOUT0
                         net (fo=1, routed)           0.656     2.259    u_dual_family_audio_clock/clk_44k1_raw
    BUFGCTRL_X0Y16       BUFGCTRL (Prop_bufgctrl_I0_O)
                                                      0.026     2.285 r  u_dual_family_audio_clock/u_bufgmux_audio_family/O
                         net (fo=330, routed)         0.552     2.837    clk_audio_128x
    SLICE_X9Y77          FDSE                                         r  u_demo_interp_dac8_audio_pcm_common/gen_dual_rate_test_tone.u_dual_rate_test_tone_rom_source/rd_addr_reg_rep[4]/C
  -------------------------------------------------------------------    -------------------
    SLICE_X9Y77          FDSE (Prop_fdse_C_Q)         0.141     2.978 r  u_demo_interp_dac8_audio_pcm_common/gen_dual_rate_test_tone.u_dual_rate_test_tone_rom_source/rd_addr_reg_rep[4]/Q
                         net (fo=2, routed)           0.208     3.186    u_demo_interp_dac8_audio_pcm_common/gen_dual_rate_test_tone.u_dual_rate_test_tone_rom_source/rd_addr_reg_rep_n_0_[4]
    RAMB18_X0Y30         RAMB18E1                                     r  u_demo_interp_dac8_audio_pcm_common/gen_dual_rate_test_tone.u_dual_rate_test_tone_rom_source/rom_word_q_reg/ADDRBWRADDR[8]
  -------------------------------------------------------------------    -------------------

                         (clock u_dual_family_audio_clock/clk_44k1_raw rise edge)
                                                      0.000     0.000 r  
    Y18                                               0.000     0.000 r  clk (IN)
                         net (fo=0)                   0.000     0.000    clk
    Y18                  IBUF (Prop_ibuf_I_O)         0.452     0.452 r  u_ibuf_sys_clk/O
                         net (fo=1, routed)           0.689     1.140    clk_ibuf
    BUFGCTRL_X0Y0        BUFG (Prop_bufg_I_O)         0.029     1.169 r  u_bufg_sys_clk/O
                         net (fo=58, routed)          0.901     2.070    clk_sys_bufg
    MMCME2_ADV_X0Y2      MMCME2_ADV (Prop_mmcme2_adv_CLKIN1_CLKOUT0)
                                                      0.053     2.123 r  u_dual_family_audio_clock/u_mmcm_44k1/CLKOUT0
                         net (fo=1, routed)           0.710     2.833    u_dual_family_audio_clock/clk_44k1_raw
    BUFGCTRL_X0Y16       BUFGCTRL (Prop_bufgctrl_I0_O)
                                                      0.029     2.862 r  u_dual_family_audio_clock/u_bufgmux_audio_family/O
                         net (fo=330, routed)         0.855     3.717    clk_audio_128x
    RAMB18_X0Y30         RAMB18E1                                     r  u_demo_interp_dac8_audio_pcm_common/gen_dual_rate_test_tone.u_dual_rate_test_tone_rom_source/rom_word_q_reg/CLKBWRCLK
                         clock pessimism             -0.831     2.887    
    RAMB18_X0Y30         RAMB18E1 (Hold_ramb18e1_CLKBWRCLK_ADDRBWRADDR[8])
                                                      0.183     3.070    u_demo_interp_dac8_audio_pcm_common/gen_dual_rate_test_tone.u_dual_rate_test_tone_rom_source/rom_word_q_reg
  -------------------------------------------------------------------
                         required time                         -3.070    
                         arrival time                           3.186    
  -------------------------------------------------------------------
                         slack                                  0.117    

Slack (MET) :             0.121ns  (arrival time - required time)
  Source:                 u_nf_mode_cdc_handshake/req_meta_reg/C
                            (rising edge-triggered cell FDRE clocked by u_dual_family_audio_clock/clk_44k1_raw  {rise@0.000ns fall@88.577ns period=177.154ns})
  Destination:            u_nf_mode_cdc_handshake/req_sync_reg/D
                            (rising edge-triggered cell FDRE clocked by u_dual_family_audio_clock/clk_44k1_raw  {rise@0.000ns fall@88.577ns period=177.154ns})
  Path Group:             u_dual_family_audio_clock/clk_44k1_raw
  Path Type:              Hold (Min at Fast Process Corner)
  Requirement:            0.000ns  (u_dual_family_audio_clock/clk_44k1_raw rise@0.000ns - u_dual_family_audio_clock/clk_44k1_raw rise@0.000ns)
  Data Path Delay:        0.196ns  (logic 0.141ns (71.838%)  route 0.055ns (28.162%))
  Logic Levels:           0  
  Clock Path Skew:        0.000ns (DCD - SCD - CPR)
    Destination Clock Delay (DCD):    3.720ns
    Source Clock Delay      (SCD):    2.873ns
    Clock Pessimism Removal (CPR):    0.847ns

    Location             Delay type                Incr(ns)  Path(ns)    Netlist Resource(s)
  -------------------------------------------------------------------    -------------------
                         (clock u_dual_family_audio_clock/clk_44k1_raw rise edge)
                                                      0.000     0.000 r  
    Y18                                               0.000     0.000 r  clk (IN)
                         net (fo=0)                   0.000     0.000    clk
    Y18                  IBUF (Prop_ibuf_I_O)         0.264     0.264 r  u_ibuf_sys_clk/O
                         net (fo=1, routed)           0.634     0.898    clk_ibuf
    BUFGCTRL_X0Y0        BUFG (Prop_bufg_I_O)         0.026     0.924 r  u_bufg_sys_clk/O
                         net (fo=58, routed)          0.629     1.553    clk_sys_bufg
    MMCME2_ADV_X0Y2      MMCME2_ADV (Prop_mmcme2_adv_CLKIN1_CLKOUT0)
                                                      0.050     1.603 r  u_dual_family_audio_clock/u_mmcm_44k1/CLKOUT0
                         net (fo=1, routed)           0.656     2.259    u_dual_family_audio_clock/clk_44k1_raw
    BUFGCTRL_X0Y16       BUFGCTRL (Prop_bufgctrl_I0_O)
                                                      0.026     2.285 r  u_dual_family_audio_clock/u_bufgmux_audio_family/O
                         net (fo=330, routed)         0.588     2.873    clk_audio_128x
    SLICE_X3Y87          FDRE                                         r  u_nf_mode_cdc_handshake/req_meta_reg/C
  -------------------------------------------------------------------    -------------------
    SLICE_X3Y87          FDRE (Prop_fdre_C_Q)         0.141     3.014 r  u_nf_mode_cdc_handshake/req_meta_reg/Q
                         net (fo=1, routed)           0.055     3.069    u_nf_mode_cdc_handshake/req_meta
    SLICE_X3Y87          FDRE                                         r  u_nf_mode_cdc_handshake/req_sync_reg/D
  -------------------------------------------------------------------    -------------------

                         (clock u_dual_family_audio_clock/clk_44k1_raw rise edge)
                                                      0.000     0.000 r  
    Y18                                               0.000     0.000 r  clk (IN)
                         net (fo=0)                   0.000     0.000    clk
    Y18                  IBUF (Prop_ibuf_I_O)         0.452     0.452 r  u_ibuf_sys_clk/O
                         net (fo=1, routed)           0.689     1.140    clk_ibuf
    BUFGCTRL_X0Y0        BUFG (Prop_bufg_I_O)         0.029     1.169 r  u_bufg_sys_clk/O
                         net (fo=58, routed)          0.901     2.070    clk_sys_bufg
    MMCME2_ADV_X0Y2      MMCME2_ADV (Prop_mmcme2_adv_CLKIN1_CLKOUT0)
                                                      0.053     2.123 r  u_dual_family_audio_clock/u_mmcm_44k1/CLKOUT0
                         net (fo=1, routed)           0.710     2.833    u_dual_family_audio_clock/clk_44k1_raw
    BUFGCTRL_X0Y16       BUFGCTRL (Prop_bufgctrl_I0_O)
                                                      0.029     2.862 r  u_dual_family_audio_clock/u_bufgmux_audio_family/O
                         net (fo=330, routed)         0.858     3.720    clk_audio_128x
    SLICE_X3Y87          FDRE                                         r  u_nf_mode_cdc_handshake/req_sync_reg/C
                         clock pessimism             -0.847     2.873    
    SLICE_X3Y87          FDRE (Hold_fdre_C_D)         0.075     2.948    u_nf_mode_cdc_handshake/req_sync_reg
  -------------------------------------------------------------------
                         required time                         -2.948    
                         arrival time                           3.069    
  -------------------------------------------------------------------
                         slack                                  0.121    

Slack (MET) :             0.136ns  (arrival time - required time)
  Source:                 u_demo_interp_dac8_audio_pcm_common/gen_dual_rate_test_tone.u_dual_rate_test_tone_rom_source/rd_addr_reg_rep[2]/C
                            (rising edge-triggered cell FDRE clocked by u_dual_family_audio_clock/clk_44k1_raw  {rise@0.000ns fall@88.577ns period=177.154ns})
  Destination:            u_demo_interp_dac8_audio_pcm_common/gen_dual_rate_test_tone.u_dual_rate_test_tone_rom_source/rom_word_q_reg/ADDRARDADDR[6]
                            (rising edge-triggered cell RAMB18E1 clocked by u_dual_family_audio_clock/clk_44k1_raw  {rise@0.000ns fall@88.577ns period=177.154ns})
  Path Group:             u_dual_family_audio_clock/clk_44k1_raw
  Path Type:              Hold (Min at Fast Process Corner)
  Requirement:            0.000ns  (u_dual_family_audio_clock/clk_44k1_raw rise@0.000ns - u_dual_family_audio_clock/clk_44k1_raw rise@0.000ns)
  Data Path Delay:        0.375ns  (logic 0.164ns (43.727%)  route 0.211ns (56.273%))
  Logic Levels:           0  
  Clock Path Skew:        0.056ns (DCD - SCD - CPR)
    Destination Clock Delay (DCD):    3.720ns
    Source Clock Delay      (SCD):    2.834ns
    Clock Pessimism Removal (CPR):    0.831ns

    Location             Delay type                Incr(ns)  Path(ns)    Netlist Resource(s)
  -------------------------------------------------------------------    -------------------
                         (clock u_dual_family_audio_clock/clk_44k1_raw rise edge)
                                                      0.000     0.000 r  
    Y18                                               0.000     0.000 r  clk (IN)
                         net (fo=0)                   0.000     0.000    clk
    Y18                  IBUF (Prop_ibuf_I_O)         0.264     0.264 r  u_ibuf_sys_clk/O
                         net (fo=1, routed)           0.634     0.898    clk_ibuf
    BUFGCTRL_X0Y0        BUFG (Prop_bufg_I_O)         0.026     0.924 r  u_bufg_sys_clk/O
                         net (fo=58, routed)          0.629     1.553    clk_sys_bufg
    MMCME2_ADV_X0Y2      MMCME2_ADV (Prop_mmcme2_adv_CLKIN1_CLKOUT0)
                                                      0.050     1.603 r  u_dual_family_audio_clock/u_mmcm_44k1/CLKOUT0
                         net (fo=1, routed)           0.656     2.259    u_dual_family_audio_clock/clk_44k1_raw
    BUFGCTRL_X0Y16       BUFGCTRL (Prop_bufgctrl_I0_O)
                                                      0.026     2.285 r  u_dual_family_audio_clock/u_bufgmux_audio_family/O
                         net (fo=330, routed)         0.549     2.834    clk_audio_128x
    SLICE_X8Y75          FDRE                                         r  u_demo_interp_dac8_audio_pcm_common/gen_dual_rate_test_tone.u_dual_rate_test_tone_rom_source/rd_addr_reg_rep[2]/C
  -------------------------------------------------------------------    -------------------
    SLICE_X8Y75          FDRE (Prop_fdre_C_Q)         0.164     2.998 r  u_demo_interp_dac8_audio_pcm_common/gen_dual_rate_test_tone.u_dual_rate_test_tone_rom_source/rd_addr_reg_rep[2]/Q
                         net (fo=2, routed)           0.211     3.209    u_demo_interp_dac8_audio_pcm_common/gen_dual_rate_test_tone.u_dual_rate_test_tone_rom_source/rd_addr_reg_rep_n_0_[2]
    RAMB18_X0Y30         RAMB18E1                                     r  u_demo_interp_dac8_audio_pcm_common/gen_dual_rate_test_tone.u_dual_rate_test_tone_rom_source/rom_word_q_reg/ADDRARDADDR[6]
  -------------------------------------------------------------------    -------------------

                         (clock u_dual_family_audio_clock/clk_44k1_raw rise edge)
                                                      0.000     0.000 r  
    Y18                                               0.000     0.000 r  clk (IN)
                         net (fo=0)                   0.000     0.000    clk
    Y18                  IBUF (Prop_ibuf_I_O)         0.452     0.452 r  u_ibuf_sys_clk/O
                         net (fo=1, routed)           0.689     1.140    clk_ibuf
    BUFGCTRL_X0Y0        BUFG (Prop_bufg_I_O)         0.029     1.169 r  u_bufg_sys_clk/O
                         net (fo=58, routed)          0.901     2.070    clk_sys_bufg
    MMCME2_ADV_X0Y2      MMCME2_ADV (Prop_mmcme2_adv_CLKIN1_CLKOUT0)
                                                      0.053     2.123 r  u_dual_family_audio_clock/u_mmcm_44k1/CLKOUT0
                         net (fo=1, routed)           0.710     2.833    u_dual_family_audio_clock/clk_44k1_raw
    BUFGCTRL_X0Y16       BUFGCTRL (Prop_bufgctrl_I0_O)
                                                      0.029     2.862 r  u_dual_family_audio_clock/u_bufgmux_audio_family/O
                         net (fo=330, routed)         0.858     3.720    clk_audio_128x
    RAMB18_X0Y30         RAMB18E1                                     r  u_demo_interp_dac8_audio_pcm_common/gen_dual_rate_test_tone.u_dual_rate_test_tone_rom_source/rom_word_q_reg/CLKARDCLK
                         clock pessimism             -0.831     2.890    
    RAMB18_X0Y30         RAMB18E1 (Hold_ramb18e1_CLKARDCLK_ADDRARDADDR[6])
                                                      0.183     3.073    u_demo_interp_dac8_audio_pcm_common/gen_dual_rate_test_tone.u_dual_rate_test_tone_rom_source/rom_word_q_reg
  -------------------------------------------------------------------
                         required time                         -3.073    
                         arrival time                           3.209    
  -------------------------------------------------------------------
                         slack                                  0.136    

Slack (MET) :             0.139ns  (arrival time - required time)
  Source:                 u_demo_interp_dac8_audio_pcm_common/gen_phase7_folded.u_interp128_all2x_v7_folded_fir_cic_top_ce/gen_single_bram_stage1.u_interp2_stage1_strict_halfband_bram_ce/delay_result_reg[0]/C
                            (rising edge-triggered cell FDRE clocked by u_dual_family_audio_clock/clk_44k1_raw  {rise@0.000ns fall@88.577ns period=177.154ns})
  Destination:            u_demo_interp_dac8_audio_pcm_common/gen_phase7_folded.u_interp128_all2x_v7_folded_fir_cic_top_ce/gen_single_bram_stage1.u_interp2_stage1_strict_halfband_bram_ce/y_out_reg[0]/D
                            (rising edge-triggered cell FDRE clocked by u_dual_family_audio_clock/clk_44k1_raw  {rise@0.000ns fall@88.577ns period=177.154ns})
  Path Group:             u_dual_family_audio_clock/clk_44k1_raw
  Path Type:              Hold (Min at Fast Process Corner)
  Requirement:            0.000ns  (u_dual_family_audio_clock/clk_44k1_raw rise@0.000ns - u_dual_family_audio_clock/clk_44k1_raw rise@0.000ns)
  Data Path Delay:        0.272ns  (logic 0.186ns (68.270%)  route 0.086ns (31.730%))
  Logic Levels:           1  (LUT3=1)
  Clock Path Skew:        0.013ns (DCD - SCD - CPR)
    Destination Clock Delay (DCD):    3.685ns
    Source Clock Delay      (SCD):    2.840ns
    Clock Pessimism Removal (CPR):    0.832ns

    Location             Delay type                Incr(ns)  Path(ns)    Netlist Resource(s)
  -------------------------------------------------------------------    -------------------
                         (clock u_dual_family_audio_clock/clk_44k1_raw rise edge)
                                                      0.000     0.000 r  
    Y18                                               0.000     0.000 r  clk (IN)
                         net (fo=0)                   0.000     0.000    clk
    Y18                  IBUF (Prop_ibuf_I_O)         0.264     0.264 r  u_ibuf_sys_clk/O
                         net (fo=1, routed)           0.634     0.898    clk_ibuf
    BUFGCTRL_X0Y0        BUFG (Prop_bufg_I_O)         0.026     0.924 r  u_bufg_sys_clk/O
                         net (fo=58, routed)          0.629     1.553    clk_sys_bufg
    MMCME2_ADV_X0Y2      MMCME2_ADV (Prop_mmcme2_adv_CLKIN1_CLKOUT0)
                                                      0.050     1.603 r  u_dual_family_audio_clock/u_mmcm_44k1/CLKOUT0
                         net (fo=1, routed)           0.656     2.259    u_dual_family_audio_clock/clk_44k1_raw
    BUFGCTRL_X0Y16       BUFGCTRL (Prop_bufgctrl_I0_O)
                                                      0.026     2.285 r  u_dual_family_audio_clock/u_bufgmux_audio_family/O
                         net (fo=330, routed)         0.555     2.840    clk_audio_128x
    SLICE_X9Y81          FDRE                                         r  u_demo_interp_dac8_audio_pcm_common/gen_phase7_folded.u_interp128_all2x_v7_folded_fir_cic_top_ce/gen_single_bram_stage1.u_interp2_stage1_strict_halfband_bram_ce/delay_result_reg[0]/C
  -------------------------------------------------------------------    -------------------
    SLICE_X9Y81          FDRE (Prop_fdre_C_Q)         0.141     2.981 r  u_demo_interp_dac8_audio_pcm_common/gen_phase7_folded.u_interp128_all2x_v7_folded_fir_cic_top_ce/gen_single_bram_stage1.u_interp2_stage1_strict_halfband_bram_ce/delay_result_reg[0]/Q
                         net (fo=1, routed)           0.086     3.067    delay_result[0]
    SLICE_X8Y81          LUT3 (Prop_lut3_I2_O)        0.045     3.112 r  y_out[0]_i_1/O
                         net (fo=1, routed)           0.000     3.112    y_out[0]_i_1_n_0
    SLICE_X8Y81          FDRE                                         r  u_demo_interp_dac8_audio_pcm_common/gen_phase7_folded.u_interp128_all2x_v7_folded_fir_cic_top_ce/gen_single_bram_stage1.u_interp2_stage1_strict_halfband_bram_ce/y_out_reg[0]/D
  -------------------------------------------------------------------    -------------------

                         (clock u_dual_family_audio_clock/clk_44k1_raw rise edge)
                                                      0.000     0.000 r  
    Y18                                               0.000     0.000 r  clk (IN)
                         net (fo=0)                   0.000     0.000    clk
    Y18                  IBUF (Prop_ibuf_I_O)         0.452     0.452 r  u_ibuf_sys_clk/O
                         net (fo=1, routed)           0.689     1.140    clk_ibuf
    BUFGCTRL_X0Y0        BUFG (Prop_bufg_I_O)         0.029     1.169 r  u_bufg_sys_clk/O
                         net (fo=58, routed)          0.901     2.070    clk_sys_bufg
    MMCME2_ADV_X0Y2      MMCME2_ADV (Prop_mmcme2_adv_CLKIN1_CLKOUT0)
                                                      0.053     2.123 r  u_dual_family_audio_clock/u_mmcm_44k1/CLKOUT0
                         net (fo=1, routed)           0.710     2.833    u_dual_family_audio_clock/clk_44k1_raw
    BUFGCTRL_X0Y16       BUFGCTRL (Prop_bufgctrl_I0_O)
                                                      0.029     2.862 r  u_dual_family_audio_clock/u_bufgmux_audio_family/O
                         net (fo=330, routed)         0.822     3.685    clk_audio_128x
    SLICE_X8Y81          FDRE                                         r  u_demo_interp_dac8_audio_pcm_common/gen_phase7_folded.u_interp128_all2x_v7_folded_fir_cic_top_ce/gen_single_bram_stage1.u_interp2_stage1_strict_halfband_bram_ce/y_out_reg[0]/C
                         clock pessimism             -0.832     2.853    
    SLICE_X8Y81          FDRE (Hold_fdre_C_D)         0.120     2.973    u_demo_interp_dac8_audio_pcm_common/gen_phase7_folded.u_interp128_all2x_v7_folded_fir_cic_top_ce/gen_single_bram_stage1.u_interp2_stage1_strict_halfband_bram_ce/y_out_reg[0]
  -------------------------------------------------------------------
                         required time                         -2.973    
                         arrival time                           3.112    
  -------------------------------------------------------------------
                         slack                                  0.139    

Slack (MET) :             0.142ns  (arrival time - required time)
  Source:                 u_demo_interp_dac8_audio_pcm_common/gen_phase7_folded.u_interp128_all2x_v7_folded_fir_cic_top_ce/gen_single_bram_stage1.u_interp2_stage1_strict_halfband_bram_ce/wr_ptr_reg[4]/C
                            (rising edge-triggered cell FDRE clocked by u_dual_family_audio_clock/clk_44k1_raw  {rise@0.000ns fall@88.577ns period=177.154ns})
  Destination:            u_demo_interp_dac8_audio_pcm_common/gen_phase7_folded.u_interp128_all2x_v7_folded_fir_cic_top_ce/gen_single_bram_stage1.u_interp2_stage1_strict_halfband_bram_ce/u_nf_stage1_history_ramb18_sdp/gen_primitive.u_stage1_history_ramb18e1/ADDRBWRADDR[9]
                            (rising edge-triggered cell RAMB18E1 clocked by u_dual_family_audio_clock/clk_44k1_raw  {rise@0.000ns fall@88.577ns period=177.154ns})
  Path Group:             u_dual_family_audio_clock/clk_44k1_raw
  Path Type:              Hold (Min at Fast Process Corner)
  Requirement:            0.000ns  (u_dual_family_audio_clock/clk_44k1_raw rise@0.000ns - u_dual_family_audio_clock/clk_44k1_raw rise@0.000ns)
  Data Path Delay:        0.378ns  (logic 0.141ns (37.335%)  route 0.237ns (62.665%))
  Logic Levels:           0  
  Clock Path Skew:        0.053ns (DCD - SCD - CPR)
    Destination Clock Delay (DCD):    3.717ns
    Source Clock Delay      (SCD):    2.834ns
    Clock Pessimism Removal (CPR):    0.831ns

    Location             Delay type                Incr(ns)  Path(ns)    Netlist Resource(s)
  -------------------------------------------------------------------    -------------------
                         (clock u_dual_family_audio_clock/clk_44k1_raw rise edge)
                                                      0.000     0.000 r  
    Y18                                               0.000     0.000 r  clk (IN)
                         net (fo=0)                   0.000     0.000    clk
    Y18                  IBUF (Prop_ibuf_I_O)         0.264     0.264 r  u_ibuf_sys_clk/O
                         net (fo=1, routed)           0.634     0.898    clk_ibuf
    BUFGCTRL_X0Y0        BUFG (Prop_bufg_I_O)         0.026     0.924 r  u_bufg_sys_clk/O
                         net (fo=58, routed)          0.629     1.553    clk_sys_bufg
    MMCME2_ADV_X0Y2      MMCME2_ADV (Prop_mmcme2_adv_CLKIN1_CLKOUT0)
                                                      0.050     1.603 r  u_dual_family_audio_clock/u_mmcm_44k1/CLKOUT0
                         net (fo=1, routed)           0.656     2.259    u_dual_family_audio_clock/clk_44k1_raw
    BUFGCTRL_X0Y16       BUFGCTRL (Prop_bufgctrl_I0_O)
                                                      0.026     2.285 r  u_dual_family_audio_clock/u_bufgmux_audio_family/O
                         net (fo=330, routed)         0.549     2.834    clk_audio_128x
    SLICE_X9Y75          FDRE                                         r  u_demo_interp_dac8_audio_pcm_common/gen_phase7_folded.u_interp128_all2x_v7_folded_fir_cic_top_ce/gen_single_bram_stage1.u_interp2_stage1_strict_halfband_bram_ce/wr_ptr_reg[4]/C
  -------------------------------------------------------------------    -------------------
    SLICE_X9Y75          FDRE (Prop_fdre_C_Q)         0.141     2.975 r  u_demo_interp_dac8_audio_pcm_common/gen_phase7_folded.u_interp128_all2x_v7_folded_fir_cic_top_ce/gen_single_bram_stage1.u_interp2_stage1_strict_halfband_bram_ce/wr_ptr_reg[4]/Q
                         net (fo=6, routed)           0.237     3.212    u_demo_interp_dac8_audio_pcm_common/gen_phase7_folded.u_interp128_all2x_v7_folded_fir_cic_top_ce/gen_single_bram_stage1.u_interp2_stage1_strict_halfband_bram_ce/wr_ptr_reg[4]
    RAMB18_X0Y31         RAMB18E1                                     r  u_demo_interp_dac8_audio_pcm_common/gen_phase7_folded.u_interp128_all2x_v7_folded_fir_cic_top_ce/gen_single_bram_stage1.u_interp2_stage1_strict_halfband_bram_ce/u_nf_stage1_history_ramb18_sdp/gen_primitive.u_stage1_history_ramb18e1/ADDRBWRADDR[9]
  -------------------------------------------------------------------    -------------------

                         (clock u_dual_family_audio_clock/clk_44k1_raw rise edge)
                                                      0.000     0.000 r  
    Y18                                               0.000     0.000 r  clk (IN)
                         net (fo=0)                   0.000     0.000    clk
    Y18                  IBUF (Prop_ibuf_I_O)         0.452     0.452 r  u_ibuf_sys_clk/O
                         net (fo=1, routed)           0.689     1.140    clk_ibuf
    BUFGCTRL_X0Y0        BUFG (Prop_bufg_I_O)         0.029     1.169 r  u_bufg_sys_clk/O
                         net (fo=58, routed)          0.901     2.070    clk_sys_bufg
    MMCME2_ADV_X0Y2      MMCME2_ADV (Prop_mmcme2_adv_CLKIN1_CLKOUT0)
                                                      0.053     2.123 r  u_dual_family_audio_clock/u_mmcm_44k1/CLKOUT0
                         net (fo=1, routed)           0.710     2.833    u_dual_family_audio_clock/clk_44k1_raw
    BUFGCTRL_X0Y16       BUFGCTRL (Prop_bufgctrl_I0_O)
                                                      0.029     2.862 r  u_dual_family_audio_clock/u_bufgmux_audio_family/O
                         net (fo=330, routed)         0.855     3.717    clk_audio_128x
    RAMB18_X0Y31         RAMB18E1                                     r  u_demo_interp_dac8_audio_pcm_common/gen_phase7_folded.u_interp128_all2x_v7_folded_fir_cic_top_ce/gen_single_bram_stage1.u_interp2_stage1_strict_halfband_bram_ce/u_nf_stage1_history_ramb18_sdp/gen_primitive.u_stage1_history_ramb18e1/CLKBWRCLK
                         clock pessimism             -0.831     2.887    
    RAMB18_X0Y31         RAMB18E1 (Hold_ramb18e1_CLKBWRCLK_ADDRBWRADDR[9])
                                                      0.183     3.070    u_demo_interp_dac8_audio_pcm_common/gen_phase7_folded.u_interp128_all2x_v7_folded_fir_cic_top_ce/gen_single_bram_stage1.u_interp2_stage1_strict_halfband_bram_ce/u_nf_stage1_history_ramb18_sdp/gen_primitive.u_stage1_history_ramb18e1
  -------------------------------------------------------------------
                         required time                         -3.070    
                         arrival time                           3.212    
  -------------------------------------------------------------------
                         slack                                  0.142    

Slack (MET) :             0.142ns  (arrival time - required time)
  Source:                 u_demo_interp_dac8_audio_pcm_common/gen_phase7_folded.u_interp128_all2x_v7_folded_fir_cic_top_ce/gen_single_bram_stage1.u_interp2_stage1_strict_halfband_bram_ce/delay_result_reg[12]/C
                            (rising edge-triggered cell FDRE clocked by u_dual_family_audio_clock/clk_44k1_raw  {rise@0.000ns fall@88.577ns period=177.154ns})
  Destination:            u_demo_interp_dac8_audio_pcm_common/gen_phase7_folded.u_interp128_all2x_v7_folded_fir_cic_top_ce/gen_single_bram_stage1.u_interp2_stage1_strict_halfband_bram_ce/y_out_reg[12]/D
                            (rising edge-triggered cell FDRE clocked by u_dual_family_audio_clock/clk_44k1_raw  {rise@0.000ns fall@88.577ns period=177.154ns})
  Path Group:             u_dual_family_audio_clock/clk_44k1_raw
  Path Type:              Hold (Min at Fast Process Corner)
  Requirement:            0.000ns  (u_dual_family_audio_clock/clk_44k1_raw rise@0.000ns - u_dual_family_audio_clock/clk_44k1_raw rise@0.000ns)
  Data Path Delay:        0.276ns  (logic 0.186ns (67.282%)  route 0.090ns (32.718%))
  Logic Levels:           1  (LUT3=1)
  Clock Path Skew:        0.013ns (DCD - SCD - CPR)
    Destination Clock Delay (DCD):    3.686ns
    Source Clock Delay      (SCD):    2.841ns
    Clock Pessimism Removal (CPR):    0.832ns

    Location             Delay type                Incr(ns)  Path(ns)    Netlist Resource(s)
  -------------------------------------------------------------------    -------------------
                         (clock u_dual_family_audio_clock/clk_44k1_raw rise edge)
                                                      0.000     0.000 r  
    Y18                                               0.000     0.000 r  clk (IN)
                         net (fo=0)                   0.000     0.000    clk
    Y18                  IBUF (Prop_ibuf_I_O)         0.264     0.264 r  u_ibuf_sys_clk/O
                         net (fo=1, routed)           0.634     0.898    clk_ibuf
    BUFGCTRL_X0Y0        BUFG (Prop_bufg_I_O)         0.026     0.924 r  u_bufg_sys_clk/O
                         net (fo=58, routed)          0.629     1.553    clk_sys_bufg
    MMCME2_ADV_X0Y2      MMCME2_ADV (Prop_mmcme2_adv_CLKIN1_CLKOUT0)
                                                      0.050     1.603 r  u_dual_family_audio_clock/u_mmcm_44k1/CLKOUT0
                         net (fo=1, routed)           0.656     2.259    u_dual_family_audio_clock/clk_44k1_raw
    BUFGCTRL_X0Y16       BUFGCTRL (Prop_bufgctrl_I0_O)
                                                      0.026     2.285 r  u_dual_family_audio_clock/u_bufgmux_audio_family/O
                         net (fo=330, routed)         0.556     2.841    clk_audio_128x
    SLICE_X9Y82          FDRE                                         r  u_demo_interp_dac8_audio_pcm_common/gen_phase7_folded.u_interp128_all2x_v7_folded_fir_cic_top_ce/gen_single_bram_stage1.u_interp2_stage1_strict_halfband_bram_ce/delay_result_reg[12]/C
  -------------------------------------------------------------------    -------------------
    SLICE_X9Y82          FDRE (Prop_fdre_C_Q)         0.141     2.982 r  u_demo_interp_dac8_audio_pcm_common/gen_phase7_folded.u_interp128_all2x_v7_folded_fir_cic_top_ce/gen_single_bram_stage1.u_interp2_stage1_strict_halfband_bram_ce/delay_result_reg[12]/Q
                         net (fo=1, routed)           0.090     3.072    delay_result[12]
    SLICE_X8Y82          LUT3 (Prop_lut3_I2_O)        0.045     3.117 r  y_out[12]_i_1/O
                         net (fo=1, routed)           0.000     3.117    y_out[12]_i_1_n_0
    SLICE_X8Y82          FDRE                                         r  u_demo_interp_dac8_audio_pcm_common/gen_phase7_folded.u_interp128_all2x_v7_folded_fir_cic_top_ce/gen_single_bram_stage1.u_interp2_stage1_strict_halfband_bram_ce/y_out_reg[12]/D
  -------------------------------------------------------------------    -------------------

                         (clock u_dual_family_audio_clock/clk_44k1_raw rise edge)
                                                      0.000     0.000 r  
    Y18                                               0.000     0.000 r  clk (IN)
                         net (fo=0)                   0.000     0.000    clk
    Y18                  IBUF (Prop_ibuf_I_O)         0.452     0.452 r  u_ibuf_sys_clk/O
                         net (fo=1, routed)           0.689     1.140    clk_ibuf
    BUFGCTRL_X0Y0        BUFG (Prop_bufg_I_O)         0.029     1.169 r  u_bufg_sys_clk/O
                         net (fo=58, routed)          0.901     2.070    clk_sys_bufg
    MMCME2_ADV_X0Y2      MMCME2_ADV (Prop_mmcme2_adv_CLKIN1_CLKOUT0)
                                                      0.053     2.123 r  u_dual_family_audio_clock/u_mmcm_44k1/CLKOUT0
                         net (fo=1, routed)           0.710     2.833    u_dual_family_audio_clock/clk_44k1_raw
    BUFGCTRL_X0Y16       BUFGCTRL (Prop_bufgctrl_I0_O)
                                                      0.029     2.862 r  u_dual_family_audio_clock/u_bufgmux_audio_family/O
                         net (fo=330, routed)         0.823     3.686    clk_audio_128x
    SLICE_X8Y82          FDRE                                         r  u_demo_interp_dac8_audio_pcm_common/gen_phase7_folded.u_interp128_all2x_v7_folded_fir_cic_top_ce/gen_single_bram_stage1.u_interp2_stage1_strict_halfband_bram_ce/y_out_reg[12]/C
                         clock pessimism             -0.832     2.854    
    SLICE_X8Y82          FDRE (Hold_fdre_C_D)         0.121     2.975    u_demo_interp_dac8_audio_pcm_common/gen_phase7_folded.u_interp128_all2x_v7_folded_fir_cic_top_ce/gen_single_bram_stage1.u_interp2_stage1_strict_halfband_bram_ce/y_out_reg[12]
  -------------------------------------------------------------------
                         required time                         -2.975    
                         arrival time                           3.117    
  -------------------------------------------------------------------
                         slack                                  0.142    

Slack (MET) :             0.147ns  (arrival time - required time)
  Source:                 u_demo_interp_dac8_audio_pcm_common/gen_phase7_folded.u_interp128_all2x_v7_folded_fir_cic_top_ce/gen_single_bram_stage1.u_interp2_stage1_strict_halfband_bram_ce/read_addr_reg[3]/C
                            (rising edge-triggered cell FDRE clocked by u_dual_family_audio_clock/clk_44k1_raw  {rise@0.000ns fall@88.577ns period=177.154ns})
  Destination:            u_demo_interp_dac8_audio_pcm_common/gen_phase7_folded.u_interp128_all2x_v7_folded_fir_cic_top_ce/gen_single_bram_stage1.u_interp2_stage1_strict_halfband_bram_ce/u_nf_stage1_history_ramb18_sdp/gen_primitive.u_stage1_history_ramb18e1/ADDRARDADDR[8]
                            (rising edge-triggered cell RAMB18E1 clocked by u_dual_family_audio_clock/clk_44k1_raw  {rise@0.000ns fall@88.577ns period=177.154ns})
  Path Group:             u_dual_family_audio_clock/clk_44k1_raw
  Path Type:              Hold (Min at Fast Process Corner)
  Requirement:            0.000ns  (u_dual_family_audio_clock/clk_44k1_raw rise@0.000ns - u_dual_family_audio_clock/clk_44k1_raw rise@0.000ns)
  Data Path Delay:        0.385ns  (logic 0.164ns (42.620%)  route 0.221ns (57.380%))
  Logic Levels:           0  
  Clock Path Skew:        0.055ns (DCD - SCD - CPR)
    Destination Clock Delay (DCD):    3.720ns
    Source Clock Delay      (SCD):    2.835ns
    Clock Pessimism Removal (CPR):    0.831ns

    Location             Delay type                Incr(ns)  Path(ns)    Netlist Resource(s)
  -------------------------------------------------------------------    -------------------
                         (clock u_dual_family_audio_clock/clk_44k1_raw rise edge)
                                                      0.000     0.000 r  
    Y18                                               0.000     0.000 r  clk (IN)
                         net (fo=0)                   0.000     0.000    clk
    Y18                  IBUF (Prop_ibuf_I_O)         0.264     0.264 r  u_ibuf_sys_clk/O
                         net (fo=1, routed)           0.634     0.898    clk_ibuf
    BUFGCTRL_X0Y0        BUFG (Prop_bufg_I_O)         0.026     0.924 r  u_bufg_sys_clk/O
                         net (fo=58, routed)          0.629     1.553    clk_sys_bufg
    MMCME2_ADV_X0Y2      MMCME2_ADV (Prop_mmcme2_adv_CLKIN1_CLKOUT0)
                                                      0.050     1.603 r  u_dual_family_audio_clock/u_mmcm_44k1/CLKOUT0
                         net (fo=1, routed)           0.656     2.259    u_dual_family_audio_clock/clk_44k1_raw
    BUFGCTRL_X0Y16       BUFGCTRL (Prop_bufgctrl_I0_O)
                                                      0.026     2.285 r  u_dual_family_audio_clock/u_bufgmux_audio_family/O
                         net (fo=330, routed)         0.550     2.835    clk_audio_128x
    SLICE_X8Y76          FDRE                                         r  u_demo_interp_dac8_audio_pcm_common/gen_phase7_folded.u_interp128_all2x_v7_folded_fir_cic_top_ce/gen_single_bram_stage1.u_interp2_stage1_strict_halfband_bram_ce/read_addr_reg[3]/C
  -------------------------------------------------------------------    -------------------
    SLICE_X8Y76          FDRE (Prop_fdre_C_Q)         0.164     2.999 r  u_demo_interp_dac8_audio_pcm_common/gen_phase7_folded.u_interp128_all2x_v7_folded_fir_cic_top_ce/gen_single_bram_stage1.u_interp2_stage1_strict_halfband_bram_ce/read_addr_reg[3]/Q
                         net (fo=4, routed)           0.221     3.220    u_demo_interp_dac8_audio_pcm_common/gen_phase7_folded.u_interp128_all2x_v7_folded_fir_cic_top_ce/gen_single_bram_stage1.u_interp2_stage1_strict_halfband_bram_ce/read_addr_reg[3]
    RAMB18_X0Y31         RAMB18E1                                     r  u_demo_interp_dac8_audio_pcm_common/gen_phase7_folded.u_interp128_all2x_v7_folded_fir_cic_top_ce/gen_single_bram_stage1.u_interp2_stage1_strict_halfband_bram_ce/u_nf_stage1_history_ramb18_sdp/gen_primitive.u_stage1_history_ramb18e1/ADDRARDADDR[8]
  -------------------------------------------------------------------    -------------------

                         (clock u_dual_family_audio_clock/clk_44k1_raw rise edge)
                                                      0.000     0.000 r  
    Y18                                               0.000     0.000 r  clk (IN)
                         net (fo=0)                   0.000     0.000    clk
    Y18                  IBUF (Prop_ibuf_I_O)         0.452     0.452 r  u_ibuf_sys_clk/O
                         net (fo=1, routed)           0.689     1.140    clk_ibuf
    BUFGCTRL_X0Y0        BUFG (Prop_bufg_I_O)         0.029     1.169 r  u_bufg_sys_clk/O
                         net (fo=58, routed)          0.901     2.070    clk_sys_bufg
    MMCME2_ADV_X0Y2      MMCME2_ADV (Prop_mmcme2_adv_CLKIN1_CLKOUT0)
                                                      0.053     2.123 r  u_dual_family_audio_clock/u_mmcm_44k1/CLKOUT0
                         net (fo=1, routed)           0.710     2.833    u_dual_family_audio_clock/clk_44k1_raw
    BUFGCTRL_X0Y16       BUFGCTRL (Prop_bufgctrl_I0_O)
                                                      0.029     2.862 r  u_dual_family_audio_clock/u_bufgmux_audio_family/O
                         net (fo=330, routed)         0.858     3.720    clk_audio_128x
    RAMB18_X0Y31         RAMB18E1                                     r  u_demo_interp_dac8_audio_pcm_common/gen_phase7_folded.u_interp128_all2x_v7_folded_fir_cic_top_ce/gen_single_bram_stage1.u_interp2_stage1_strict_halfband_bram_ce/u_nf_stage1_history_ramb18_sdp/gen_primitive.u_stage1_history_ramb18e1/CLKARDCLK
                         clock pessimism             -0.831     2.890    
    RAMB18_X0Y31         RAMB18E1 (Hold_ramb18e1_CLKARDCLK_ADDRARDADDR[8])
                                                      0.183     3.073    u_demo_interp_dac8_audio_pcm_common/gen_phase7_folded.u_interp128_all2x_v7_folded_fir_cic_top_ce/gen_single_bram_stage1.u_interp2_stage1_strict_halfband_bram_ce/u_nf_stage1_history_ramb18_sdp/gen_primitive.u_stage1_history_ramb18e1
  -------------------------------------------------------------------
                         required time                         -3.073    
                         arrival time                           3.220    
  -------------------------------------------------------------------
                         slack                                  0.147    





Pulse Width Checks
--------------------------------------------------------------------------------------
Clock Name:         u_dual_family_audio_clock/clk_44k1_raw
Waveform(ns):       { 0.000 88.577 }
Period(ns):         177.154
Sources:            { u_dual_family_audio_clock/u_mmcm_44k1/CLKOUT0 }

Check Type        Corner  Lib Pin             Reference Pin  Required(ns)  Actual(ns)  Slack(ns)  Location         Pin
Min Period        n/a     RAMB18E1/CLKARDCLK  n/a            2.472         177.154     174.682    RAMB18_X0Y34     u_demo_interp_dac8_audio_pcm_common/gen_phase7_folded.u_interp128_all2x_v7_folded_fir_cic_top_ce/gen_lutram_stage23.u_interp2_stage23_lutram_cic_dsp_ce/gen_unified_bram_history.u_nf_stage23_history_ramb18_sdp/gen_primitive.u_stage23_history_ramb18e1/CLKARDCLK
Min Period        n/a     RAMB18E1/CLKBWRCLK  n/a            2.472         177.154     174.682    RAMB18_X0Y34     u_demo_interp_dac8_audio_pcm_common/gen_phase7_folded.u_interp128_all2x_v7_folded_fir_cic_top_ce/gen_lutram_stage23.u_interp2_stage23_lutram_cic_dsp_ce/gen_unified_bram_history.u_nf_stage23_history_ramb18_sdp/gen_primitive.u_stage23_history_ramb18e1/CLKBWRCLK
Min Period        n/a     RAMB18E1/CLKARDCLK  n/a            2.472         177.154     174.682    RAMB18_X0Y31     u_demo_interp_dac8_audio_pcm_common/gen_phase7_folded.u_interp128_all2x_v7_folded_fir_cic_top_ce/gen_single_bram_stage1.u_interp2_stage1_strict_halfband_bram_ce/u_nf_stage1_history_ramb18_sdp/gen_primitive.u_stage1_history_ramb18e1/CLKARDCLK
Min Period        n/a     RAMB18E1/CLKBWRCLK  n/a            2.472         177.154     174.682    RAMB18_X0Y31     u_demo_interp_dac8_audio_pcm_common/gen_phase7_folded.u_interp128_all2x_v7_folded_fir_cic_top_ce/gen_single_bram_stage1.u_interp2_stage1_strict_halfband_bram_ce/u_nf_stage1_history_ramb18_sdp/gen_primitive.u_stage1_history_ramb18e1/CLKBWRCLK
Min Period        n/a     RAMB18E1/CLKARDCLK  n/a            2.472         177.154     174.682    RAMB18_X0Y35     u_demo_interp_dac8_audio_pcm_common/gen_phase7_folded.u_interp128_all2x_v7_folded_fir_cic_top_ce/gen_unified_fir_coeff_bram.u_nf_unified_fir_coeff_bram/u_unified_coeff_ramb18e1/CLKARDCLK
Min Period        n/a     RAMB18E1/CLKBWRCLK  n/a            2.472         177.154     174.682    RAMB18_X0Y35     u_demo_interp_dac8_audio_pcm_common/gen_phase7_folded.u_interp128_all2x_v7_folded_fir_cic_top_ce/gen_unified_fir_coeff_bram.u_nf_unified_fir_coeff_bram/u_unified_coeff_ramb18e1/CLKBWRCLK
Min Period        n/a     RAMB18E1/CLKARDCLK  n/a            2.170         177.154     174.984    RAMB18_X0Y30     u_demo_interp_dac8_audio_pcm_common/gen_dual_rate_test_tone.u_dual_rate_test_tone_rom_source/rom_word_q_reg/CLKARDCLK
Min Period        n/a     RAMB18E1/CLKBWRCLK  n/a            2.170         177.154     174.984    RAMB18_X0Y30     u_demo_interp_dac8_audio_pcm_common/gen_dual_rate_test_tone.u_dual_rate_test_tone_rom_source/rom_word_q_reg/CLKBWRCLK
Min Period        n/a     DSP48E1/CLK         n/a            2.147         177.154     175.007    DSP48_X0Y34      u_demo_interp_dac8_audio_pcm_common/gen_phase7_folded.u_interp128_all2x_v7_folded_fir_cic_top_ce/gen_lutram_stage23.u_interp2_stage23_lutram_cic_dsp_ce/u_stage23_dsp48e1/CLK
Min Period        n/a     DSP48E1/CLK         n/a            2.147         177.154     175.007    DSP48_X0Y32      u_demo_interp_dac8_audio_pcm_common/gen_phase7_folded.u_interp128_all2x_v7_folded_fir_cic_top_ce/gen_single_bram_stage1.u_interp2_stage1_strict_halfband_bram_ce/u_stage1_dsp48e1/CLK
Max Period        n/a     MMCME2_ADV/CLKOUT0  n/a            213.360       177.154     36.206     MMCME2_ADV_X0Y2  u_dual_family_audio_clock/u_mmcm_44k1/CLKOUT0
Low Pulse Width   Slow    FDRE/C              n/a            0.500         88.577      88.077     SLICE_X10Y76     family_audio_meta_reg/C
Low Pulse Width   Fast    FDRE/C              n/a            0.500         88.577      88.077     SLICE_X10Y76     family_audio_meta_reg/C
Low Pulse Width   Slow    FDRE/C              n/a            0.500         88.577      88.077     SLICE_X10Y76     family_audio_sync_reg/C
Low Pulse Width   Fast    FDRE/C              n/a            0.500         88.577      88.077     SLICE_X10Y76     family_audio_sync_reg/C
Low Pulse Width   Slow    FDRE/C              n/a            0.500         88.577      88.077     SLICE_X4Y81      rst_audio_datapath_n_reg/C
Low Pulse Width   Fast    FDRE/C              n/a            0.500         88.577      88.077     SLICE_X4Y81      rst_audio_datapath_n_reg/C
Low Pulse Width   Slow    FDRE/C              n/a            0.500         88.577      88.077     SLICE_X4Y81      rst_audio_sync_reg[0]/C
Low Pulse Width   Fast    FDRE/C              n/a            0.500         88.577      88.077     SLICE_X4Y81      rst_audio_sync_reg[0]/C
Low Pulse Width   Slow    FDRE/C              n/a            0.500         88.577      88.077     SLICE_X4Y81      rst_audio_sync_reg[1]/C
Low Pulse Width   Fast    FDRE/C              n/a            0.500         88.577      88.077     SLICE_X4Y81      rst_audio_sync_reg[1]/C
High Pulse Width  Slow    FDRE/C              n/a            0.500         88.577      88.077     SLICE_X10Y76     family_audio_meta_reg/C
High Pulse Width  Fast    FDRE/C              n/a            0.500         88.577      88.077     SLICE_X10Y76     family_audio_meta_reg/C
High Pulse Width  Slow    FDRE/C              n/a            0.500         88.577      88.077     SLICE_X10Y76     family_audio_sync_reg/C
High Pulse Width  Fast    FDRE/C              n/a            0.500         88.577      88.077     SLICE_X10Y76     family_audio_sync_reg/C
High Pulse Width  Slow    FDRE/C              n/a            0.500         88.577      88.077     SLICE_X4Y81      rst_audio_datapath_n_reg/C
High Pulse Width  Fast    FDRE/C              n/a            0.500         88.577      88.077     SLICE_X4Y81      rst_audio_datapath_n_reg/C
High Pulse Width  Slow    FDRE/C              n/a            0.500         88.577      88.077     SLICE_X4Y81      rst_audio_sync_reg[0]/C
High Pulse Width  Fast    FDRE/C              n/a            0.500         88.577      88.077     SLICE_X4Y81      rst_audio_sync_reg[0]/C
High Pulse Width  Slow    FDRE/C              n/a            0.500         88.577      88.077     SLICE_X4Y81      rst_audio_sync_reg[1]/C
High Pulse Width  Fast    FDRE/C              n/a            0.500         88.577      88.077     SLICE_X4Y81      rst_audio_sync_reg[1]/C



---------------------------------------------------------------------------------------------------
From Clock:  u_dual_family_audio_clock/clk_48k_raw
  To Clock:  u_dual_family_audio_clock/clk_48k_raw

Setup :            0  Failing Endpoints,  Worst Slack       76.131ns,  Total Violation        0.000ns
Hold  :            0  Failing Endpoints,  Worst Slack        0.079ns,  Total Violation        0.000ns
PW    :            0  Failing Endpoints,  Worst Slack       50.601ns,  Total Violation        0.000ns
---------------------------------------------------------------------------------------------------


Max Delay Paths
--------------------------------------------------------------------------------------
Slack (MET) :             76.131ns  (required time - arrival time)
  Source:                 rst_audio_datapath_n_reg/C
                            (rising edge-triggered cell FDRE clocked by u_dual_family_audio_clock/clk_48k_raw  {rise@0.000ns fall@81.379ns period=162.759ns})
  Destination:            u_demo_interp_dac8_audio_pcm_common/dac_data_r_reg[6]/R
                            (falling edge-triggered cell FDRE clocked by u_dual_family_audio_clock/clk_48k_raw  {rise@0.000ns fall@81.379ns period=162.759ns})
  Path Group:             u_dual_family_audio_clock/clk_48k_raw
  Path Type:              Setup (Max at Slow Process Corner)
  Requirement:            81.379ns  (u_dual_family_audio_clock/clk_48k_raw fall@81.379ns - u_dual_family_audio_clock/clk_48k_raw rise@0.000ns)
  Data Path Delay:        4.612ns  (logic 0.587ns (12.728%)  route 4.025ns (87.272%))
  Logic Levels:           1  (LUT2=1)
  Clock Path Skew:        0.048ns (DCD - SCD + CPR)
    Destination Clock Delay (DCD):    7.273ns = ( 88.652 - 81.379 ) 
    Source Clock Delay      (SCD):    7.569ns
    Clock Pessimism Removal (CPR):    0.344ns
  Clock Uncertainty:      0.251ns  ((TSJ^2 + DJ^2)^1/2) / 2 + PE
    Total System Jitter     (TSJ):    0.071ns
    Discrete Jitter          (DJ):    0.497ns
    Phase Error              (PE):    0.000ns

    Location             Delay type                Incr(ns)  Path(ns)    Netlist Resource(s)
  -------------------------------------------------------------------    -------------------
                         (clock u_dual_family_audio_clock/clk_48k_raw rise edge)
                                                      0.000     0.000 r  
    Y18                                               0.000     0.000 r  clk (IN)
                         net (fo=0)                   0.000     0.000    clk
    Y18                  IBUF (Prop_ibuf_I_O)         1.427     1.427 r  u_ibuf_sys_clk/O
                         net (fo=1, routed)           1.693     3.120    clk_ibuf
    BUFGCTRL_X0Y0        BUFG (Prop_bufg_I_O)         0.081     3.201 r  u_bufg_sys_clk/O
                         net (fo=58, routed)          1.374     4.575    clk_sys_bufg
    MMCME2_ADV_X0Y1      MMCME2_ADV (Prop_mmcme2_adv_CLKIN1_CLKOUT0)
                                                      0.077     4.652 r  u_dual_family_audio_clock/u_mmcm_48k/CLKOUT0
                         net (fo=1, routed)           1.425     6.077    u_dual_family_audio_clock/clk_48k_raw
    BUFGCTRL_X0Y16       BUFGCTRL (Prop_bufgctrl_I1_O)
                                                      0.081     6.158 r  u_dual_family_audio_clock/u_bufgmux_audio_family/O
                         net (fo=330, routed)         1.411     7.569    clk_audio_128x
    SLICE_X4Y81          FDRE                                         r  rst_audio_datapath_n_reg/C
  -------------------------------------------------------------------    -------------------
    SLICE_X4Y81          FDRE (Prop_fdre_C_Q)         0.348     7.917 f  rst_audio_datapath_n_reg/Q
                         net (fo=17, routed)          1.089     9.006    rst_audio_datapath_n
    SLICE_X2Y85          LUT2 (Prop_lut2_I1_O)        0.239     9.245 r  dac_data_r[7]_i_1/O
                         net (fo=8, routed)           2.936    12.181    dac_data_r[7]_i_1_n_0
    OLOGIC_X0Y145        FDRE                                         r  u_demo_interp_dac8_audio_pcm_common/dac_data_r_reg[6]/R
  -------------------------------------------------------------------    -------------------

                         (clock u_dual_family_audio_clock/clk_48k_raw fall edge)
                                                     81.379    81.379 f  
    Y18                                               0.000    81.379 f  clk (IN)
                         net (fo=0)                   0.000    81.379    clk
    Y18                  IBUF (Prop_ibuf_I_O)         1.361    82.740 f  u_ibuf_sys_clk/O
                         net (fo=1, routed)           1.604    84.344    clk_ibuf
    BUFGCTRL_X0Y0        BUFG (Prop_bufg_I_O)         0.077    84.421 f  u_bufg_sys_clk/O
                         net (fo=58, routed)          1.270    85.691    clk_sys_bufg
    MMCME2_ADV_X0Y1      MMCME2_ADV (Prop_mmcme2_adv_CLKIN1_CLKOUT0)
                                                      0.073    85.764 f  u_dual_family_audio_clock/u_mmcm_48k/CLKOUT0
                         net (fo=1, routed)           1.357    87.122    u_dual_family_audio_clock/clk_48k_raw
    BUFGCTRL_X0Y16       BUFGCTRL (Prop_bufgctrl_I1_O)
                                                      0.077    87.199 f  u_dual_family_audio_clock/u_bufgmux_audio_family/O
                         net (fo=330, routed)         1.454    88.652    clk_audio_128x
    OLOGIC_X0Y145        FDRE                                         r  u_demo_interp_dac8_audio_pcm_common/dac_data_r_reg[6]/C  (IS_INVERTED)
                         clock pessimism              0.344    88.997    
                         clock uncertainty           -0.251    88.745    
    OLOGIC_X0Y145        FDRE (Setup_fdre_C_R)       -0.433    88.312    u_demo_interp_dac8_audio_pcm_common/dac_data_r_reg[6]
  -------------------------------------------------------------------
                         required time                         88.312    
                         arrival time                         -12.181    
  -------------------------------------------------------------------
                         slack                                 76.131    

Slack (MET) :             76.310ns  (required time - arrival time)
  Source:                 u_demo_interp_dac8_audio_pcm_common/gen_dual_rate_test_tone.u_dual_rate_test_tone_rom_source/sample_out_reg[22]/C
                            (rising edge-triggered cell FDRE clocked by u_dual_family_audio_clock/clk_48k_raw  {rise@0.000ns fall@81.379ns period=162.759ns})
  Destination:            u_demo_interp_dac8_audio_pcm_common/dac_data_r_reg[6]/D
                            (falling edge-triggered cell FDRE clocked by u_dual_family_audio_clock/clk_48k_raw  {rise@0.000ns fall@81.379ns period=162.759ns})
  Path Group:             u_dual_family_audio_clock/clk_48k_raw
  Path Type:              Setup (Max at Slow Process Corner)
  Requirement:            81.379ns  (u_dual_family_audio_clock/clk_48k_raw fall@81.379ns - u_dual_family_audio_clock/clk_48k_raw rise@0.000ns)
  Data Path Delay:        4.231ns  (logic 0.643ns (15.198%)  route 3.588ns (84.802%))
  Logic Levels:           2  (LUT5=1 LUT6=1)
  Clock Path Skew:        0.119ns (DCD - SCD + CPR)
    Destination Clock Delay (DCD):    7.273ns = ( 88.652 - 81.379 ) 
    Source Clock Delay      (SCD):    7.498ns
    Clock Pessimism Removal (CPR):    0.344ns
  Clock Uncertainty:      0.251ns  ((TSJ^2 + DJ^2)^1/2) / 2 + PE
    Total System Jitter     (TSJ):    0.071ns
    Discrete Jitter          (DJ):    0.497ns
    Phase Error              (PE):    0.000ns

    Location             Delay type                Incr(ns)  Path(ns)    Netlist Resource(s)
  -------------------------------------------------------------------    -------------------
                         (clock u_dual_family_audio_clock/clk_48k_raw rise edge)
                                                      0.000     0.000 r  
    Y18                                               0.000     0.000 r  clk (IN)
                         net (fo=0)                   0.000     0.000    clk
    Y18                  IBUF (Prop_ibuf_I_O)         1.427     1.427 r  u_ibuf_sys_clk/O
                         net (fo=1, routed)           1.693     3.120    clk_ibuf
    BUFGCTRL_X0Y0        BUFG (Prop_bufg_I_O)         0.081     3.201 r  u_bufg_sys_clk/O
                         net (fo=58, routed)          1.374     4.575    clk_sys_bufg
    MMCME2_ADV_X0Y1      MMCME2_ADV (Prop_mmcme2_adv_CLKIN1_CLKOUT0)
                                                      0.077     4.652 r  u_dual_family_audio_clock/u_mmcm_48k/CLKOUT0
                         net (fo=1, routed)           1.425     6.077    u_dual_family_audio_clock/clk_48k_raw
    BUFGCTRL_X0Y16       BUFGCTRL (Prop_bufgctrl_I1_O)
                                                      0.081     6.158 r  u_dual_family_audio_clock/u_bufgmux_audio_family/O
                         net (fo=330, routed)         1.340     7.498    clk_audio_128x
    SLICE_X8Y77          FDRE                                         r  u_demo_interp_dac8_audio_pcm_common/gen_dual_rate_test_tone.u_dual_rate_test_tone_rom_source/sample_out_reg[22]/C
  -------------------------------------------------------------------    -------------------
    SLICE_X8Y77          FDRE (Prop_fdre_C_Q)         0.433     7.931 r  u_demo_interp_dac8_audio_pcm_common/gen_dual_rate_test_tone.u_dual_rate_test_tone_rom_source/sample_out_reg[22]/Q
                         net (fo=2, routed)           0.975     8.906    u_demo_interp_dac8_audio_pcm_common/audio_sample_w[22]
    SLICE_X10Y84         LUT5 (Prop_lut5_I4_O)        0.105     9.011 r  board_demo_comp_LUT5_8/O
                         net (fo=1, routed)           0.240     9.250    dac_data_r[6]_i_2_n_0
    SLICE_X10Y85         LUT6 (Prop_lut6_I5_O)        0.105     9.355 r  dac_data_r[6]_i_1/O
                         net (fo=1, routed)           2.374    11.729    dac_data_r[6]_i_1_n_0
    OLOGIC_X0Y145        FDRE                                         r  u_demo_interp_dac8_audio_pcm_common/dac_data_r_reg[6]/D
  -------------------------------------------------------------------    -------------------

                         (clock u_dual_family_audio_clock/clk_48k_raw fall edge)
                                                     81.379    81.379 f  
    Y18                                               0.000    81.379 f  clk (IN)
                         net (fo=0)                   0.000    81.379    clk
    Y18                  IBUF (Prop_ibuf_I_O)         1.361    82.740 f  u_ibuf_sys_clk/O
                         net (fo=1, routed)           1.604    84.344    clk_ibuf
    BUFGCTRL_X0Y0        BUFG (Prop_bufg_I_O)         0.077    84.421 f  u_bufg_sys_clk/O
                         net (fo=58, routed)          1.270    85.691    clk_sys_bufg
    MMCME2_ADV_X0Y1      MMCME2_ADV (Prop_mmcme2_adv_CLKIN1_CLKOUT0)
                                                      0.073    85.764 f  u_dual_family_audio_clock/u_mmcm_48k/CLKOUT0
                         net (fo=1, routed)           1.357    87.122    u_dual_family_audio_clock/clk_48k_raw
    BUFGCTRL_X0Y16       BUFGCTRL (Prop_bufgctrl_I1_O)
                                                      0.077    87.199 f  u_dual_family_audio_clock/u_bufgmux_audio_family/O
                         net (fo=330, routed)         1.454    88.652    clk_audio_128x
    OLOGIC_X0Y145        FDRE                                         r  u_demo_interp_dac8_audio_pcm_common/dac_data_r_reg[6]/C  (IS_INVERTED)
                         clock pessimism              0.344    88.997    
                         clock uncertainty           -0.251    88.745    
    OLOGIC_X0Y145        FDRE (Setup_fdre_C_D)       -0.707    88.038    u_demo_interp_dac8_audio_pcm_common/dac_data_r_reg[6]
  -------------------------------------------------------------------
                         required time                         88.038    
                         arrival time                         -11.729    
  -------------------------------------------------------------------
                         slack                                 76.310    

Slack (MET) :             76.346ns  (required time - arrival time)
  Source:                 u_demo_interp_dac8_audio_pcm_common/gen_phase7_folded.u_interp128_all2x_v7_folded_fir_cic_top_ce/gen_serial_cic_comb.u_cic_interp16_serial_comb_dsp_ce/y_out_valid_reg/C
                            (rising edge-triggered cell FDRE clocked by u_dual_family_audio_clock/clk_48k_raw  {rise@0.000ns fall@81.379ns period=162.759ns})
  Destination:            u_demo_interp_dac8_audio_pcm_common/dac_data_r_reg[6]/CE
                            (falling edge-triggered cell FDRE clocked by u_dual_family_audio_clock/clk_48k_raw  {rise@0.000ns fall@81.379ns period=162.759ns})
  Path Group:             u_dual_family_audio_clock/clk_48k_raw
  Path Type:              Setup (Max at Slow Process Corner)
  Requirement:            81.379ns  (u_dual_family_audio_clock/clk_48k_raw fall@81.379ns - u_dual_family_audio_clock/clk_48k_raw rise@0.000ns)
  Data Path Delay:        4.496ns  (logic 0.538ns (11.966%)  route 3.958ns (88.034%))
  Logic Levels:           1  (LUT6=1)
  Clock Path Skew:        0.044ns (DCD - SCD + CPR)
    Destination Clock Delay (DCD):    7.273ns = ( 88.652 - 81.379 ) 
    Source Clock Delay      (SCD):    7.573ns
    Clock Pessimism Removal (CPR):    0.344ns
  Clock Uncertainty:      0.251ns  ((TSJ^2 + DJ^2)^1/2) / 2 + PE
    Total System Jitter     (TSJ):    0.071ns
    Discrete Jitter          (DJ):    0.497ns
    Phase Error              (PE):    0.000ns

    Location             Delay type                Incr(ns)  Path(ns)    Netlist Resource(s)
  -------------------------------------------------------------------    -------------------
                         (clock u_dual_family_audio_clock/clk_48k_raw rise edge)
                                                      0.000     0.000 r  
    Y18                                               0.000     0.000 r  clk (IN)
                         net (fo=0)                   0.000     0.000    clk
    Y18                  IBUF (Prop_ibuf_I_O)         1.427     1.427 r  u_ibuf_sys_clk/O
                         net (fo=1, routed)           1.693     3.120    clk_ibuf
    BUFGCTRL_X0Y0        BUFG (Prop_bufg_I_O)         0.081     3.201 r  u_bufg_sys_clk/O
                         net (fo=58, routed)          1.374     4.575    clk_sys_bufg
    MMCME2_ADV_X0Y1      MMCME2_ADV (Prop_mmcme2_adv_CLKIN1_CLKOUT0)
                                                      0.077     4.652 r  u_dual_family_audio_clock/u_mmcm_48k/CLKOUT0
                         net (fo=1, routed)           1.425     6.077    u_dual_family_audio_clock/clk_48k_raw
    BUFGCTRL_X0Y16       BUFGCTRL (Prop_bufgctrl_I1_O)
                                                      0.081     6.158 r  u_dual_family_audio_clock/u_bufgmux_audio_family/O
                         net (fo=330, routed)         1.415     7.573    clk_audio_128x
    SLICE_X6Y85          FDRE                                         r  u_demo_interp_dac8_audio_pcm_common/gen_phase7_folded.u_interp128_all2x_v7_folded_fir_cic_top_ce/gen_serial_cic_comb.u_cic_interp16_serial_comb_dsp_ce/y_out_valid_reg/C
  -------------------------------------------------------------------    -------------------
    SLICE_X6Y85          FDRE (Prop_fdre_C_Q)         0.433     8.006 r  u_demo_interp_dac8_audio_pcm_common/gen_phase7_folded.u_interp128_all2x_v7_folded_fir_cic_top_ce/gen_serial_cic_comb.u_cic_interp16_serial_comb_dsp_ce/y_out_valid_reg/Q
                         net (fo=1, routed)           0.542     8.548    u_demo_interp_dac8_audio_pcm_common/y_out_valid_w
    SLICE_X6Y85          LUT6 (Prop_lut6_I0_O)        0.105     8.653 r  dac_data_r[7]_i_2/O
                         net (fo=8, routed)           3.415    12.069    u_demo_interp_dac8_audio_pcm_common/selected_valid
    OLOGIC_X0Y145        FDRE                                         r  u_demo_interp_dac8_audio_pcm_common/dac_data_r_reg[6]/CE
  -------------------------------------------------------------------    -------------------

                         (clock u_dual_family_audio_clock/clk_48k_raw fall edge)
                                                     81.379    81.379 f  
    Y18                                               0.000    81.379 f  clk (IN)
                         net (fo=0)                   0.000    81.379    clk
    Y18                  IBUF (Prop_ibuf_I_O)         1.361    82.740 f  u_ibuf_sys_clk/O
                         net (fo=1, routed)           1.604    84.344    clk_ibuf
    BUFGCTRL_X0Y0        BUFG (Prop_bufg_I_O)         0.077    84.421 f  u_bufg_sys_clk/O
                         net (fo=58, routed)          1.270    85.691    clk_sys_bufg
    MMCME2_ADV_X0Y1      MMCME2_ADV (Prop_mmcme2_adv_CLKIN1_CLKOUT0)
                                                      0.073    85.764 f  u_dual_family_audio_clock/u_mmcm_48k/CLKOUT0
                         net (fo=1, routed)           1.357    87.122    u_dual_family_audio_clock/clk_48k_raw
    BUFGCTRL_X0Y16       BUFGCTRL (Prop_bufgctrl_I1_O)
                                                      0.077    87.199 f  u_dual_family_audio_clock/u_bufgmux_audio_family/O
                         net (fo=330, routed)         1.454    88.652    clk_audio_128x
    OLOGIC_X0Y145        FDRE                                         r  u_demo_interp_dac8_audio_pcm_common/dac_data_r_reg[6]/C  (IS_INVERTED)
                         clock pessimism              0.344    88.997    
                         clock uncertainty           -0.251    88.745    
    OLOGIC_X0Y145        FDRE (Setup_fdre_C_CE)      -0.331    88.414    u_demo_interp_dac8_audio_pcm_common/dac_data_r_reg[6]
  -------------------------------------------------------------------
                         required time                         88.414    
                         arrival time                         -12.069    
  -------------------------------------------------------------------
                         slack                                 76.346    

Slack (MET) :             76.460ns  (required time - arrival time)
  Source:                 u_demo_interp_dac8_audio_pcm_common/gen_dual_rate_test_tone.u_dual_rate_test_tone_rom_source/rom_word_q_reg/CLKARDCLK
                            (rising edge-triggered cell RAMB18E1 clocked by u_dual_family_audio_clock/clk_48k_raw  {rise@0.000ns fall@81.379ns period=162.759ns})
  Destination:            u_demo_interp_dac8_audio_pcm_common/dac_data_r_reg[1]/D
                            (falling edge-triggered cell FDRE clocked by u_dual_family_audio_clock/clk_48k_raw  {rise@0.000ns fall@81.379ns period=162.759ns})
  Path Group:             u_dual_family_audio_clock/clk_48k_raw
  Path Type:              Setup (Max at Slow Process Corner)
  Requirement:            81.379ns  (u_dual_family_audio_clock/clk_48k_raw fall@81.379ns - u_dual_family_audio_clock/clk_48k_raw rise@0.000ns)
  Data Path Delay:        4.029ns  (logic 1.103ns (27.380%)  route 2.926ns (72.620%))
  Logic Levels:           2  (LUT5=1 LUT6=1)
  Clock Path Skew:        0.068ns (DCD - SCD + CPR)
    Destination Clock Delay (DCD):    7.261ns = ( 88.640 - 81.379 ) 
    Source Clock Delay      (SCD):    7.538ns
    Clock Pessimism Removal (CPR):    0.344ns
  Clock Uncertainty:      0.251ns  ((TSJ^2 + DJ^2)^1/2) / 2 + PE
    Total System Jitter     (TSJ):    0.071ns
    Discrete Jitter          (DJ):    0.497ns
    Phase Error              (PE):    0.000ns

    Location             Delay type                Incr(ns)  Path(ns)    Netlist Resource(s)
  -------------------------------------------------------------------    -------------------
                         (clock u_dual_family_audio_clock/clk_48k_raw rise edge)
                                                      0.000     0.000 r  
    Y18                                               0.000     0.000 r  clk (IN)
                         net (fo=0)                   0.000     0.000    clk
    Y18                  IBUF (Prop_ibuf_I_O)         1.427     1.427 r  u_ibuf_sys_clk/O
                         net (fo=1, routed)           1.693     3.120    clk_ibuf
    BUFGCTRL_X0Y0        BUFG (Prop_bufg_I_O)         0.081     3.201 r  u_bufg_sys_clk/O
                         net (fo=58, routed)          1.374     4.575    clk_sys_bufg
    MMCME2_ADV_X0Y1      MMCME2_ADV (Prop_mmcme2_adv_CLKIN1_CLKOUT0)
                                                      0.077     4.652 r  u_dual_family_audio_clock/u_mmcm_48k/CLKOUT0
                         net (fo=1, routed)           1.425     6.077    u_dual_family_audio_clock/clk_48k_raw
    BUFGCTRL_X0Y16       BUFGCTRL (Prop_bufgctrl_I1_O)
                                                      0.081     6.158 r  u_dual_family_audio_clock/u_bufgmux_audio_family/O
                         net (fo=330, routed)         1.380     7.538    clk_audio_128x
    RAMB18_X0Y30         RAMB18E1                                     r  u_demo_interp_dac8_audio_pcm_common/gen_dual_rate_test_tone.u_dual_rate_test_tone_rom_source/rom_word_q_reg/CLKARDCLK
  -------------------------------------------------------------------    -------------------
    RAMB18_X0Y30         RAMB18E1 (Prop_ramb18e1_CLKARDCLK_DOPADOP[1])
                                                      0.734     8.272 r  u_demo_interp_dac8_audio_pcm_common/gen_dual_rate_test_tone.u_dual_rate_test_tone_rom_source/rom_word_q_reg/DOPADOP[1]
                         net (fo=2, routed)           1.205     9.477    u_demo_interp_dac8_audio_pcm_common/audio_sample_w[17]
    SLICE_X8Y84          LUT5 (Prop_lut5_I1_O)        0.105     9.582 r  dac_data_r[1]_i_2/O
                         net (fo=1, routed)           0.259     9.841    dac_data_r[1]_i_2_n_0
    SLICE_X11Y85         LUT6 (Prop_lut6_I5_O)        0.264    10.105 r  dac_data_r[1]_i_1/O
                         net (fo=1, routed)           1.461    11.566    dac_data_r[1]_i_1_n_0
    OLOGIC_X0Y122        FDRE                                         r  u_demo_interp_dac8_audio_pcm_common/dac_data_r_reg[1]/D
  -------------------------------------------------------------------    -------------------

                         (clock u_dual_family_audio_clock/clk_48k_raw fall edge)
                                                     81.379    81.379 f  
    Y18                                               0.000    81.379 f  clk (IN)
                         net (fo=0)                   0.000    81.379    clk
    Y18                  IBUF (Prop_ibuf_I_O)         1.361    82.740 f  u_ibuf_sys_clk/O
                         net (fo=1, routed)           1.604    84.344    clk_ibuf
    BUFGCTRL_X0Y0        BUFG (Prop_bufg_I_O)         0.077    84.421 f  u_bufg_sys_clk/O
                         net (fo=58, routed)          1.270    85.691    clk_sys_bufg
    MMCME2_ADV_X0Y1      MMCME2_ADV (Prop_mmcme2_adv_CLKIN1_CLKOUT0)
                                                      0.073    85.764 f  u_dual_family_audio_clock/u_mmcm_48k/CLKOUT0
                         net (fo=1, routed)           1.357    87.122    u_dual_family_audio_clock/clk_48k_raw
    BUFGCTRL_X0Y16       BUFGCTRL (Prop_bufgctrl_I1_O)
                                                      0.077    87.199 f  u_dual_family_audio_clock/u_bufgmux_audio_family/O
                         net (fo=330, routed)         1.442    88.640    clk_audio_128x
    OLOGIC_X0Y122        FDRE                                         r  u_demo_interp_dac8_audio_pcm_common/dac_data_r_reg[1]/C  (IS_INVERTED)
                         clock pessimism              0.344    88.985    
                         clock uncertainty           -0.251    88.733    
    OLOGIC_X0Y122        FDRE (Setup_fdre_C_D)       -0.707    88.026    u_demo_interp_dac8_audio_pcm_common/dac_data_r_reg[1]
  -------------------------------------------------------------------
                         required time                         88.026    
                         arrival time                         -11.566    
  -------------------------------------------------------------------
                         slack                                 76.460    

Slack (MET) :             76.565ns  (required time - arrival time)
  Source:                 u_demo_interp_dac8_audio_pcm_common/gen_dual_rate_test_tone.u_dual_rate_test_tone_rom_source/sample_out_reg[20]/C
                            (rising edge-triggered cell FDRE clocked by u_dual_family_audio_clock/clk_48k_raw  {rise@0.000ns fall@81.379ns period=162.759ns})
  Destination:            u_demo_interp_dac8_audio_pcm_common/dac_data_r_reg[4]/D
                            (falling edge-triggered cell FDRE clocked by u_dual_family_audio_clock/clk_48k_raw  {rise@0.000ns fall@81.379ns period=162.759ns})
  Path Group:             u_dual_family_audio_clock/clk_48k_raw
  Path Type:              Setup (Max at Slow Process Corner)
  Requirement:            81.379ns  (u_dual_family_audio_clock/clk_48k_raw fall@81.379ns - u_dual_family_audio_clock/clk_48k_raw rise@0.000ns)
  Data Path Delay:        3.967ns  (logic 0.735ns (18.530%)  route 3.232ns (81.470%))
  Logic Levels:           2  (LUT5=1 LUT6=1)
  Clock Path Skew:        0.110ns (DCD - SCD + CPR)
    Destination Clock Delay (DCD):    7.261ns = ( 88.640 - 81.379 ) 
    Source Clock Delay      (SCD):    7.495ns
    Clock Pessimism Removal (CPR):    0.344ns
  Clock Uncertainty:      0.251ns  ((TSJ^2 + DJ^2)^1/2) / 2 + PE
    Total System Jitter     (TSJ):    0.071ns
    Discrete Jitter          (DJ):    0.497ns
    Phase Error              (PE):    0.000ns

    Location             Delay type                Incr(ns)  Path(ns)    Netlist Resource(s)
  -------------------------------------------------------------------    -------------------
                         (clock u_dual_family_audio_clock/clk_48k_raw rise edge)
                                                      0.000     0.000 r  
    Y18                                               0.000     0.000 r  clk (IN)
                         net (fo=0)                   0.000     0.000    clk
    Y18                  IBUF (Prop_ibuf_I_O)         1.427     1.427 r  u_ibuf_sys_clk/O
                         net (fo=1, routed)           1.693     3.120    clk_ibuf
    BUFGCTRL_X0Y0        BUFG (Prop_bufg_I_O)         0.081     3.201 r  u_bufg_sys_clk/O
                         net (fo=58, routed)          1.374     4.575    clk_sys_bufg
    MMCME2_ADV_X0Y1      MMCME2_ADV (Prop_mmcme2_adv_CLKIN1_CLKOUT0)
                                                      0.077     4.652 r  u_dual_family_audio_clock/u_mmcm_48k/CLKOUT0
                         net (fo=1, routed)           1.425     6.077    u_dual_family_audio_clock/clk_48k_raw
    BUFGCTRL_X0Y16       BUFGCTRL (Prop_bufgctrl_I1_O)
                                                      0.081     6.158 r  u_dual_family_audio_clock/u_bufgmux_audio_family/O
                         net (fo=330, routed)         1.337     7.495    clk_audio_128x
    SLICE_X8Y75          FDRE                                         r  u_demo_interp_dac8_audio_pcm_common/gen_dual_rate_test_tone.u_dual_rate_test_tone_rom_source/sample_out_reg[20]/C
  -------------------------------------------------------------------    -------------------
    SLICE_X8Y75          FDRE (Prop_fdre_C_Q)         0.398     7.893 r  u_demo_interp_dac8_audio_pcm_common/gen_dual_rate_test_tone.u_dual_rate_test_tone_rom_source/sample_out_reg[20]/Q
                         net (fo=2, routed)           1.297     9.190    u_demo_interp_dac8_audio_pcm_common/audio_sample_w[20]
    SLICE_X11Y85         LUT5 (Prop_lut5_I4_O)        0.232     9.422 r  board_demo_comp_LUT5_6/O
                         net (fo=1, routed)           0.286     9.708    dac_data_r[4]_i_2_n_0
    SLICE_X11Y85         LUT6 (Prop_lut6_I5_O)        0.105     9.813 r  dac_data_r[4]_i_1/O
                         net (fo=1, routed)           1.649    11.462    dac_data_r[4]_i_1_n_0
    OLOGIC_X0Y120        FDRE                                         r  u_demo_interp_dac8_audio_pcm_common/dac_data_r_reg[4]/D
  -------------------------------------------------------------------    -------------------

                         (clock u_dual_family_audio_clock/clk_48k_raw fall edge)
                                                     81.379    81.379 f  
    Y18                                               0.000    81.379 f  clk (IN)
                         net (fo=0)                   0.000    81.379    clk
    Y18                  IBUF (Prop_ibuf_I_O)         1.361    82.740 f  u_ibuf_sys_clk/O
                         net (fo=1, routed)           1.604    84.344    clk_ibuf
    BUFGCTRL_X0Y0        BUFG (Prop_bufg_I_O)         0.077    84.421 f  u_bufg_sys_clk/O
                         net (fo=58, routed)          1.270    85.691    clk_sys_bufg
    MMCME2_ADV_X0Y1      MMCME2_ADV (Prop_mmcme2_adv_CLKIN1_CLKOUT0)
                                                      0.073    85.764 f  u_dual_family_audio_clock/u_mmcm_48k/CLKOUT0
                         net (fo=1, routed)           1.357    87.122    u_dual_family_audio_clock/clk_48k_raw
    BUFGCTRL_X0Y16       BUFGCTRL (Prop_bufgctrl_I1_O)
                                                      0.077    87.199 f  u_dual_family_audio_clock/u_bufgmux_audio_family/O
                         net (fo=330, routed)         1.442    88.640    clk_audio_128x
    OLOGIC_X0Y120        FDRE                                         r  u_demo_interp_dac8_audio_pcm_common/dac_data_r_reg[4]/C  (IS_INVERTED)
                         clock pessimism              0.344    88.985    
                         clock uncertainty           -0.251    88.733    
    OLOGIC_X0Y120        FDRE (Setup_fdre_C_D)       -0.707    88.026    u_demo_interp_dac8_audio_pcm_common/dac_data_r_reg[4]
  -------------------------------------------------------------------
                         required time                         88.026    
                         arrival time                         -11.462    
  -------------------------------------------------------------------
                         slack                                 76.565    

Slack (MET) :             76.741ns  (required time - arrival time)
  Source:                 rst_audio_datapath_n_reg/C
                            (rising edge-triggered cell FDRE clocked by u_dual_family_audio_clock/clk_48k_raw  {rise@0.000ns fall@81.379ns period=162.759ns})
  Destination:            u_demo_interp_dac8_audio_pcm_common/dac_data_r_reg[7]/S
                            (falling edge-triggered cell FDSE clocked by u_dual_family_audio_clock/clk_48k_raw  {rise@0.000ns fall@81.379ns period=162.759ns})
  Path Group:             u_dual_family_audio_clock/clk_48k_raw
  Path Type:              Setup (Max at Slow Process Corner)
  Requirement:            81.379ns  (u_dual_family_audio_clock/clk_48k_raw fall@81.379ns - u_dual_family_audio_clock/clk_48k_raw rise@0.000ns)
  Data Path Delay:        3.988ns  (logic 0.587ns (14.717%)  route 3.401ns (85.283%))
  Logic Levels:           1  (LUT2=1)
  Clock Path Skew:        0.034ns (DCD - SCD + CPR)
    Destination Clock Delay (DCD):    7.259ns = ( 88.638 - 81.379 ) 
    Source Clock Delay      (SCD):    7.569ns
    Clock Pessimism Removal (CPR):    0.344ns
  Clock Uncertainty:      0.251ns  ((TSJ^2 + DJ^2)^1/2) / 2 + PE
    Total System Jitter     (TSJ):    0.071ns
    Discrete Jitter          (DJ):    0.497ns
    Phase Error              (PE):    0.000ns

    Location             Delay type                Incr(ns)  Path(ns)    Netlist Resource(s)
  -------------------------------------------------------------------    -------------------
                         (clock u_dual_family_audio_clock/clk_48k_raw rise edge)
                                                      0.000     0.000 r  
    Y18                                               0.000     0.000 r  clk (IN)
                         net (fo=0)                   0.000     0.000    clk
    Y18                  IBUF (Prop_ibuf_I_O)         1.427     1.427 r  u_ibuf_sys_clk/O
                         net (fo=1, routed)           1.693     3.120    clk_ibuf
    BUFGCTRL_X0Y0        BUFG (Prop_bufg_I_O)         0.081     3.201 r  u_bufg_sys_clk/O
                         net (fo=58, routed)          1.374     4.575    clk_sys_bufg
    MMCME2_ADV_X0Y1      MMCME2_ADV (Prop_mmcme2_adv_CLKIN1_CLKOUT0)
                                                      0.077     4.652 r  u_dual_family_audio_clock/u_mmcm_48k/CLKOUT0
                         net (fo=1, routed)           1.425     6.077    u_dual_family_audio_clock/clk_48k_raw
    BUFGCTRL_X0Y16       BUFGCTRL (Prop_bufgctrl_I1_O)
                                                      0.081     6.158 r  u_dual_family_audio_clock/u_bufgmux_audio_family/O
                         net (fo=330, routed)         1.411     7.569    clk_audio_128x
    SLICE_X4Y81          FDRE                                         r  rst_audio_datapath_n_reg/C
  -------------------------------------------------------------------    -------------------
    SLICE_X4Y81          FDRE (Prop_fdre_C_Q)         0.348     7.917 f  rst_audio_datapath_n_reg/Q
                         net (fo=17, routed)          1.089     9.006    rst_audio_datapath_n
    SLICE_X2Y85          LUT2 (Prop_lut2_I1_O)        0.239     9.245 r  dac_data_r[7]_i_1/O
                         net (fo=8, routed)           2.312    11.557    dac_data_r[7]_i_1_n_0
    OLOGIC_X0Y125        FDSE                                         r  u_demo_interp_dac8_audio_pcm_common/dac_data_r_reg[7]/S
  -------------------------------------------------------------------    -------------------

                         (clock u_dual_family_audio_clock/clk_48k_raw fall edge)
                                                     81.379    81.379 f  
    Y18                                               0.000    81.379 f  clk (IN)
                         net (fo=0)                   0.000    81.379    clk
    Y18                  IBUF (Prop_ibuf_I_O)         1.361    82.740 f  u_ibuf_sys_clk/O
                         net (fo=1, routed)           1.604    84.344    clk_ibuf
    BUFGCTRL_X0Y0        BUFG (Prop_bufg_I_O)         0.077    84.421 f  u_bufg_sys_clk/O
                         net (fo=58, routed)          1.270    85.691    clk_sys_bufg
    MMCME2_ADV_X0Y1      MMCME2_ADV (Prop_mmcme2_adv_CLKIN1_CLKOUT0)
                                                      0.073    85.764 f  u_dual_family_audio_clock/u_mmcm_48k/CLKOUT0
                         net (fo=1, routed)           1.357    87.122    u_dual_family_audio_clock/clk_48k_raw
    BUFGCTRL_X0Y16       BUFGCTRL (Prop_bufgctrl_I1_O)
                                                      0.077    87.199 f  u_dual_family_audio_clock/u_bufgmux_audio_family/O
                         net (fo=330, routed)         1.440    88.638    clk_audio_128x
    OLOGIC_X0Y125        FDSE                                         r  u_demo_interp_dac8_audio_pcm_common/dac_data_r_reg[7]/C  (IS_INVERTED)
                         clock pessimism              0.344    88.983    
                         clock uncertainty           -0.251    88.731    
    OLOGIC_X0Y125        FDSE (Setup_fdse_C_S)       -0.433    88.298    u_demo_interp_dac8_audio_pcm_common/dac_data_r_reg[7]
  -------------------------------------------------------------------
                         required time                         88.298    
                         arrival time                         -11.557    
  -------------------------------------------------------------------
                         slack                                 76.741    

Slack (MET) :             76.775ns  (required time - arrival time)
  Source:                 u_demo_interp_dac8_audio_pcm_common/gen_dual_rate_test_tone.u_dual_rate_test_tone_rom_source/rom_word_q_reg/CLKARDCLK
                            (rising edge-triggered cell RAMB18E1 clocked by u_dual_family_audio_clock/clk_48k_raw  {rise@0.000ns fall@81.379ns period=162.759ns})
  Destination:            u_demo_interp_dac8_audio_pcm_common/dac_data_r_reg[0]/D
                            (falling edge-triggered cell FDRE clocked by u_dual_family_audio_clock/clk_48k_raw  {rise@0.000ns fall@81.379ns period=162.759ns})
  Path Group:             u_dual_family_audio_clock/clk_48k_raw
  Path Type:              Setup (Max at Slow Process Corner)
  Requirement:            81.379ns  (u_dual_family_audio_clock/clk_48k_raw fall@81.379ns - u_dual_family_audio_clock/clk_48k_raw rise@0.000ns)
  Data Path Delay:        3.616ns  (logic 0.944ns (26.104%)  route 2.672ns (73.896%))
  Logic Levels:           2  (LUT5=1 LUT6=1)
  Clock Path Skew:        -0.030ns (DCD - SCD + CPR)
    Destination Clock Delay (DCD):    7.104ns = ( 88.484 - 81.379 ) 
    Source Clock Delay      (SCD):    7.538ns
    Clock Pessimism Removal (CPR):    0.403ns
  Clock Uncertainty:      0.251ns  ((TSJ^2 + DJ^2)^1/2) / 2 + PE
    Total System Jitter     (TSJ):    0.071ns
    Discrete Jitter          (DJ):    0.497ns
    Phase Error              (PE):    0.000ns

    Location             Delay type                Incr(ns)  Path(ns)    Netlist Resource(s)
  -------------------------------------------------------------------    -------------------
                         (clock u_dual_family_audio_clock/clk_48k_raw rise edge)
                                                      0.000     0.000 r  
    Y18                                               0.000     0.000 r  clk (IN)
                         net (fo=0)                   0.000     0.000    clk
    Y18                  IBUF (Prop_ibuf_I_O)         1.427     1.427 r  u_ibuf_sys_clk/O
                         net (fo=1, routed)           1.693     3.120    clk_ibuf
    BUFGCTRL_X0Y0        BUFG (Prop_bufg_I_O)         0.081     3.201 r  u_bufg_sys_clk/O
                         net (fo=58, routed)          1.374     4.575    clk_sys_bufg
    MMCME2_ADV_X0Y1      MMCME2_ADV (Prop_mmcme2_adv_CLKIN1_CLKOUT0)
                                                      0.077     4.652 r  u_dual_family_audio_clock/u_mmcm_48k/CLKOUT0
                         net (fo=1, routed)           1.425     6.077    u_dual_family_audio_clock/clk_48k_raw
    BUFGCTRL_X0Y16       BUFGCTRL (Prop_bufgctrl_I1_O)
                                                      0.081     6.158 r  u_dual_family_audio_clock/u_bufgmux_audio_family/O
                         net (fo=330, routed)         1.380     7.538    clk_audio_128x
    RAMB18_X0Y30         RAMB18E1                                     r  u_demo_interp_dac8_audio_pcm_common/gen_dual_rate_test_tone.u_dual_rate_test_tone_rom_source/rom_word_q_reg/CLKARDCLK
  -------------------------------------------------------------------    -------------------
    RAMB18_X0Y30         RAMB18E1 (Prop_ramb18e1_CLKARDCLK_DOPADOP[0])
                                                      0.734     8.272 r  u_demo_interp_dac8_audio_pcm_common/gen_dual_rate_test_tone.u_dual_rate_test_tone_rom_source/rom_word_q_reg/DOPADOP[0]
                         net (fo=2, routed)           1.143     9.414    u_demo_interp_dac8_audio_pcm_common/audio_sample_w[16]
    SLICE_X10Y83         LUT5 (Prop_lut5_I4_O)        0.105     9.519 r  board_demo_comp_LUT5_3/O
                         net (fo=1, routed)           0.684    10.203    dac_data_r[0]_i_2_n_0
    SLICE_X10Y83         LUT6 (Prop_lut6_I5_O)        0.105    10.308 r  dac_data_r[0]_i_1/O
                         net (fo=1, routed)           0.846    11.154    dac_data_r[0]_i_1_n_0
    OLOGIC_X0Y75         FDRE                                         r  u_demo_interp_dac8_audio_pcm_common/dac_data_r_reg[0]/D
  -------------------------------------------------------------------    -------------------

                         (clock u_dual_family_audio_clock/clk_48k_raw fall edge)
                                                     81.379    81.379 f  
    Y18                                               0.000    81.379 f  clk (IN)
                         net (fo=0)                   0.000    81.379    clk
    Y18                  IBUF (Prop_ibuf_I_O)         1.361    82.740 f  u_ibuf_sys_clk/O
                         net (fo=1, routed)           1.604    84.344    clk_ibuf
    BUFGCTRL_X0Y0        BUFG (Prop_bufg_I_O)         0.077    84.421 f  u_bufg_sys_clk/O
                         net (fo=58, routed)          1.270    85.691    clk_sys_bufg
    MMCME2_ADV_X0Y1      MMCME2_ADV (Prop_mmcme2_adv_CLKIN1_CLKOUT0)
                                                      0.073    85.764 f  u_dual_family_audio_clock/u_mmcm_48k/CLKOUT0
                         net (fo=1, routed)           1.357    87.122    u_dual_family_audio_clock/clk_48k_raw
    BUFGCTRL_X0Y16       BUFGCTRL (Prop_bufgctrl_I1_O)
                                                      0.077    87.199 f  u_dual_family_audio_clock/u_bufgmux_audio_family/O
                         net (fo=330, routed)         1.285    88.484    clk_audio_128x
    OLOGIC_X0Y75         FDRE                                         r  u_demo_interp_dac8_audio_pcm_common/dac_data_r_reg[0]/C  (IS_INVERTED)
                         clock pessimism              0.403    88.887    
                         clock uncertainty           -0.251    88.636    
    OLOGIC_X0Y75         FDRE (Setup_fdre_C_D)       -0.707    87.929    u_demo_interp_dac8_audio_pcm_common/dac_data_r_reg[0]
  -------------------------------------------------------------------
                         required time                         87.929    
                         arrival time                         -11.154    
  -------------------------------------------------------------------
                         slack                                 76.775    

Slack (MET) :             76.956ns  (required time - arrival time)
  Source:                 u_demo_interp_dac8_audio_pcm_common/gen_phase7_folded.u_interp128_all2x_v7_folded_fir_cic_top_ce/gen_serial_cic_comb.u_cic_interp16_serial_comb_dsp_ce/y_out_valid_reg/C
                            (rising edge-triggered cell FDRE clocked by u_dual_family_audio_clock/clk_48k_raw  {rise@0.000ns fall@81.379ns period=162.759ns})
  Destination:            u_demo_interp_dac8_audio_pcm_common/dac_data_r_reg[7]/CE
                            (falling edge-triggered cell FDSE clocked by u_dual_family_audio_clock/clk_48k_raw  {rise@0.000ns fall@81.379ns period=162.759ns})
  Path Group:             u_dual_family_audio_clock/clk_48k_raw
  Path Type:              Setup (Max at Slow Process Corner)
  Requirement:            81.379ns  (u_dual_family_audio_clock/clk_48k_raw fall@81.379ns - u_dual_family_audio_clock/clk_48k_raw rise@0.000ns)
  Data Path Delay:        3.871ns  (logic 0.538ns (13.897%)  route 3.333ns (86.103%))
  Logic Levels:           1  (LUT6=1)
  Clock Path Skew:        0.030ns (DCD - SCD + CPR)
    Destination Clock Delay (DCD):    7.259ns = ( 88.638 - 81.379 ) 
    Source Clock Delay      (SCD):    7.573ns
    Clock Pessimism Removal (CPR):    0.344ns
  Clock Uncertainty:      0.251ns  ((TSJ^2 + DJ^2)^1/2) / 2 + PE
    Total System Jitter     (TSJ):    0.071ns
    Discrete Jitter          (DJ):    0.497ns
    Phase Error              (PE):    0.000ns

    Location             Delay type                Incr(ns)  Path(ns)    Netlist Resource(s)
  -------------------------------------------------------------------    -------------------
                         (clock u_dual_family_audio_clock/clk_48k_raw rise edge)
                                                      0.000     0.000 r  
    Y18                                               0.000     0.000 r  clk (IN)
                         net (fo=0)                   0.000     0.000    clk
    Y18                  IBUF (Prop_ibuf_I_O)         1.427     1.427 r  u_ibuf_sys_clk/O
                         net (fo=1, routed)           1.693     3.120    clk_ibuf
    BUFGCTRL_X0Y0        BUFG (Prop_bufg_I_O)         0.081     3.201 r  u_bufg_sys_clk/O
                         net (fo=58, routed)          1.374     4.575    clk_sys_bufg
    MMCME2_ADV_X0Y1      MMCME2_ADV (Prop_mmcme2_adv_CLKIN1_CLKOUT0)
                                                      0.077     4.652 r  u_dual_family_audio_clock/u_mmcm_48k/CLKOUT0
                         net (fo=1, routed)           1.425     6.077    u_dual_family_audio_clock/clk_48k_raw
    BUFGCTRL_X0Y16       BUFGCTRL (Prop_bufgctrl_I1_O)
                                                      0.081     6.158 r  u_dual_family_audio_clock/u_bufgmux_audio_family/O
                         net (fo=330, routed)         1.415     7.573    clk_audio_128x
    SLICE_X6Y85          FDRE                                         r  u_demo_interp_dac8_audio_pcm_common/gen_phase7_folded.u_interp128_all2x_v7_folded_fir_cic_top_ce/gen_serial_cic_comb.u_cic_interp16_serial_comb_dsp_ce/y_out_valid_reg/C
  -------------------------------------------------------------------    -------------------
    SLICE_X6Y85          FDRE (Prop_fdre_C_Q)         0.433     8.006 r  u_demo_interp_dac8_audio_pcm_common/gen_phase7_folded.u_interp128_all2x_v7_folded_fir_cic_top_ce/gen_serial_cic_comb.u_cic_interp16_serial_comb_dsp_ce/y_out_valid_reg/Q
                         net (fo=1, routed)           0.542     8.548    u_demo_interp_dac8_audio_pcm_common/y_out_valid_w
    SLICE_X6Y85          LUT6 (Prop_lut6_I0_O)        0.105     8.653 r  dac_data_r[7]_i_2/O
                         net (fo=8, routed)           2.791    11.444    u_demo_interp_dac8_audio_pcm_common/selected_valid
    OLOGIC_X0Y125        FDSE                                         r  u_demo_interp_dac8_audio_pcm_common/dac_data_r_reg[7]/CE
  -------------------------------------------------------------------    -------------------

                         (clock u_dual_family_audio_clock/clk_48k_raw fall edge)
                                                     81.379    81.379 f  
    Y18                                               0.000    81.379 f  clk (IN)
                         net (fo=0)                   0.000    81.379    clk
    Y18                  IBUF (Prop_ibuf_I_O)         1.361    82.740 f  u_ibuf_sys_clk/O
                         net (fo=1, routed)           1.604    84.344    clk_ibuf
    BUFGCTRL_X0Y0        BUFG (Prop_bufg_I_O)         0.077    84.421 f  u_bufg_sys_clk/O
                         net (fo=58, routed)          1.270    85.691    clk_sys_bufg
    MMCME2_ADV_X0Y1      MMCME2_ADV (Prop_mmcme2_adv_CLKIN1_CLKOUT0)
                                                      0.073    85.764 f  u_dual_family_audio_clock/u_mmcm_48k/CLKOUT0
                         net (fo=1, routed)           1.357    87.122    u_dual_family_audio_clock/clk_48k_raw
    BUFGCTRL_X0Y16       BUFGCTRL (Prop_bufgctrl_I1_O)
                                                      0.077    87.199 f  u_dual_family_audio_clock/u_bufgmux_audio_family/O
                         net (fo=330, routed)         1.440    88.638    clk_audio_128x
    OLOGIC_X0Y125        FDSE                                         r  u_demo_interp_dac8_audio_pcm_common/dac_data_r_reg[7]/C  (IS_INVERTED)
                         clock pessimism              0.344    88.983    
                         clock uncertainty           -0.251    88.731    
    OLOGIC_X0Y125        FDSE (Setup_fdse_C_CE)      -0.331    88.400    u_demo_interp_dac8_audio_pcm_common/dac_data_r_reg[7]
  -------------------------------------------------------------------
                         required time                         88.400    
                         arrival time                         -11.444    
  -------------------------------------------------------------------
                         slack                                 76.956    

Slack (MET) :             77.007ns  (required time - arrival time)
  Source:                 rst_audio_datapath_n_reg/C
                            (rising edge-triggered cell FDRE clocked by u_dual_family_audio_clock/clk_48k_raw  {rise@0.000ns fall@81.379ns period=162.759ns})
  Destination:            u_demo_interp_dac8_audio_pcm_common/dac_data_r_reg[1]/R
                            (falling edge-triggered cell FDRE clocked by u_dual_family_audio_clock/clk_48k_raw  {rise@0.000ns fall@81.379ns period=162.759ns})
  Path Group:             u_dual_family_audio_clock/clk_48k_raw
  Path Type:              Setup (Max at Slow Process Corner)
  Requirement:            81.379ns  (u_dual_family_audio_clock/clk_48k_raw fall@81.379ns - u_dual_family_audio_clock/clk_48k_raw rise@0.000ns)
  Data Path Delay:        3.724ns  (logic 0.587ns (15.761%)  route 3.137ns (84.239%))
  Logic Levels:           1  (LUT2=1)
  Clock Path Skew:        0.036ns (DCD - SCD + CPR)
    Destination Clock Delay (DCD):    7.261ns = ( 88.640 - 81.379 ) 
    Source Clock Delay      (SCD):    7.569ns
    Clock Pessimism Removal (CPR):    0.344ns
  Clock Uncertainty:      0.251ns  ((TSJ^2 + DJ^2)^1/2) / 2 + PE
    Total System Jitter     (TSJ):    0.071ns
    Discrete Jitter          (DJ):    0.497ns
    Phase Error              (PE):    0.000ns

    Location             Delay type                Incr(ns)  Path(ns)    Netlist Resource(s)
  -------------------------------------------------------------------    -------------------
                         (clock u_dual_family_audio_clock/clk_48k_raw rise edge)
                                                      0.000     0.000 r  
    Y18                                               0.000     0.000 r  clk (IN)
                         net (fo=0)                   0.000     0.000    clk
    Y18                  IBUF (Prop_ibuf_I_O)         1.427     1.427 r  u_ibuf_sys_clk/O
                         net (fo=1, routed)           1.693     3.120    clk_ibuf
    BUFGCTRL_X0Y0        BUFG (Prop_bufg_I_O)         0.081     3.201 r  u_bufg_sys_clk/O
                         net (fo=58, routed)          1.374     4.575    clk_sys_bufg
    MMCME2_ADV_X0Y1      MMCME2_ADV (Prop_mmcme2_adv_CLKIN1_CLKOUT0)
                                                      0.077     4.652 r  u_dual_family_audio_clock/u_mmcm_48k/CLKOUT0
                         net (fo=1, routed)           1.425     6.077    u_dual_family_audio_clock/clk_48k_raw
    BUFGCTRL_X0Y16       BUFGCTRL (Prop_bufgctrl_I1_O)
                                                      0.081     6.158 r  u_dual_family_audio_clock/u_bufgmux_audio_family/O
                         net (fo=330, routed)         1.411     7.569    clk_audio_128x
    SLICE_X4Y81          FDRE                                         r  rst_audio_datapath_n_reg/C
  -------------------------------------------------------------------    -------------------
    SLICE_X4Y81          FDRE (Prop_fdre_C_Q)         0.348     7.917 f  rst_audio_datapath_n_reg/Q
                         net (fo=17, routed)          1.089     9.006    rst_audio_datapath_n
    SLICE_X2Y85          LUT2 (Prop_lut2_I1_O)        0.239     9.245 r  dac_data_r[7]_i_1/O
                         net (fo=8, routed)           2.048    11.293    dac_data_r[7]_i_1_n_0
    OLOGIC_X0Y122        FDRE                                         r  u_demo_interp_dac8_audio_pcm_common/dac_data_r_reg[1]/R
  -------------------------------------------------------------------    -------------------

                         (clock u_dual_family_audio_clock/clk_48k_raw fall edge)
                                                     81.379    81.379 f  
    Y18                                               0.000    81.379 f  clk (IN)
                         net (fo=0)                   0.000    81.379    clk
    Y18                  IBUF (Prop_ibuf_I_O)         1.361    82.740 f  u_ibuf_sys_clk/O
                         net (fo=1, routed)           1.604    84.344    clk_ibuf
    BUFGCTRL_X0Y0        BUFG (Prop_bufg_I_O)         0.077    84.421 f  u_bufg_sys_clk/O
                         net (fo=58, routed)          1.270    85.691    clk_sys_bufg
    MMCME2_ADV_X0Y1      MMCME2_ADV (Prop_mmcme2_adv_CLKIN1_CLKOUT0)
                                                      0.073    85.764 f  u_dual_family_audio_clock/u_mmcm_48k/CLKOUT0
                         net (fo=1, routed)           1.357    87.122    u_dual_family_audio_clock/clk_48k_raw
    BUFGCTRL_X0Y16       BUFGCTRL (Prop_bufgctrl_I1_O)
                                                      0.077    87.199 f  u_dual_family_audio_clock/u_bufgmux_audio_family/O
                         net (fo=330, routed)         1.442    88.640    clk_audio_128x
    OLOGIC_X0Y122        FDRE                                         r  u_demo_interp_dac8_audio_pcm_common/dac_data_r_reg[1]/C  (IS_INVERTED)
                         clock pessimism              0.344    88.985    
                         clock uncertainty           -0.251    88.733    
    OLOGIC_X0Y122        FDRE (Setup_fdre_C_R)       -0.433    88.300    u_demo_interp_dac8_audio_pcm_common/dac_data_r_reg[1]
  -------------------------------------------------------------------
                         required time                         88.300    
                         arrival time                         -11.293    
  -------------------------------------------------------------------
                         slack                                 77.007    

Slack (MET) :             77.235ns  (required time - arrival time)
  Source:                 rst_audio_datapath_n_reg/C
                            (rising edge-triggered cell FDRE clocked by u_dual_family_audio_clock/clk_48k_raw  {rise@0.000ns fall@81.379ns period=162.759ns})
  Destination:            u_demo_interp_dac8_audio_pcm_common/dac_data_r_reg[4]/R
                            (falling edge-triggered cell FDRE clocked by u_dual_family_audio_clock/clk_48k_raw  {rise@0.000ns fall@81.379ns period=162.759ns})
  Path Group:             u_dual_family_audio_clock/clk_48k_raw
  Path Type:              Setup (Max at Slow Process Corner)
  Requirement:            81.379ns  (u_dual_family_audio_clock/clk_48k_raw fall@81.379ns - u_dual_family_audio_clock/clk_48k_raw rise@0.000ns)
  Data Path Delay:        3.496ns  (logic 0.587ns (16.790%)  route 2.909ns (83.210%))
  Logic Levels:           1  (LUT2=1)
  Clock Path Skew:        0.036ns (DCD - SCD + CPR)
    Destination Clock Delay (DCD):    7.261ns = ( 88.640 - 81.379 ) 
    Source Clock Delay      (SCD):    7.569ns
    Clock Pessimism Removal (CPR):    0.344ns
  Clock Uncertainty:      0.251ns  ((TSJ^2 + DJ^2)^1/2) / 2 + PE
    Total System Jitter     (TSJ):    0.071ns
    Discrete Jitter          (DJ):    0.497ns
    Phase Error              (PE):    0.000ns

    Location             Delay type                Incr(ns)  Path(ns)    Netlist Resource(s)
  -------------------------------------------------------------------    -------------------
                         (clock u_dual_family_audio_clock/clk_48k_raw rise edge)
                                                      0.000     0.000 r  
    Y18                                               0.000     0.000 r  clk (IN)
                         net (fo=0)                   0.000     0.000    clk
    Y18                  IBUF (Prop_ibuf_I_O)         1.427     1.427 r  u_ibuf_sys_clk/O
                         net (fo=1, routed)           1.693     3.120    clk_ibuf
    BUFGCTRL_X0Y0        BUFG (Prop_bufg_I_O)         0.081     3.201 r  u_bufg_sys_clk/O
                         net (fo=58, routed)          1.374     4.575    clk_sys_bufg
    MMCME2_ADV_X0Y1      MMCME2_ADV (Prop_mmcme2_adv_CLKIN1_CLKOUT0)
                                                      0.077     4.652 r  u_dual_family_audio_clock/u_mmcm_48k/CLKOUT0
                         net (fo=1, routed)           1.425     6.077    u_dual_family_audio_clock/clk_48k_raw
    BUFGCTRL_X0Y16       BUFGCTRL (Prop_bufgctrl_I1_O)
                                                      0.081     6.158 r  u_dual_family_audio_clock/u_bufgmux_audio_family/O
                         net (fo=330, routed)         1.411     7.569    clk_audio_128x
    SLICE_X4Y81          FDRE                                         r  rst_audio_datapath_n_reg/C
  -------------------------------------------------------------------    -------------------
    SLICE_X4Y81          FDRE (Prop_fdre_C_Q)         0.348     7.917 f  rst_audio_datapath_n_reg/Q
                         net (fo=17, routed)          1.089     9.006    rst_audio_datapath_n
    SLICE_X2Y85          LUT2 (Prop_lut2_I1_O)        0.239     9.245 r  dac_data_r[7]_i_1/O
                         net (fo=8, routed)           1.820    11.065    dac_data_r[7]_i_1_n_0
    OLOGIC_X0Y120        FDRE                                         r  u_demo_interp_dac8_audio_pcm_common/dac_data_r_reg[4]/R
  -------------------------------------------------------------------    -------------------

                         (clock u_dual_family_audio_clock/clk_48k_raw fall edge)
                                                     81.379    81.379 f  
    Y18                                               0.000    81.379 f  clk (IN)
                         net (fo=0)                   0.000    81.379    clk
    Y18                  IBUF (Prop_ibuf_I_O)         1.361    82.740 f  u_ibuf_sys_clk/O
                         net (fo=1, routed)           1.604    84.344    clk_ibuf
    BUFGCTRL_X0Y0        BUFG (Prop_bufg_I_O)         0.077    84.421 f  u_bufg_sys_clk/O
                         net (fo=58, routed)          1.270    85.691    clk_sys_bufg
    MMCME2_ADV_X0Y1      MMCME2_ADV (Prop_mmcme2_adv_CLKIN1_CLKOUT0)
                                                      0.073    85.764 f  u_dual_family_audio_clock/u_mmcm_48k/CLKOUT0
                         net (fo=1, routed)           1.357    87.122    u_dual_family_audio_clock/clk_48k_raw
    BUFGCTRL_X0Y16       BUFGCTRL (Prop_bufgctrl_I1_O)
                                                      0.077    87.199 f  u_dual_family_audio_clock/u_bufgmux_audio_family/O
                         net (fo=330, routed)         1.442    88.640    clk_audio_128x
    OLOGIC_X0Y120        FDRE                                         r  u_demo_interp_dac8_audio_pcm_common/dac_data_r_reg[4]/C  (IS_INVERTED)
                         clock pessimism              0.344    88.985    
                         clock uncertainty           -0.251    88.733    
    OLOGIC_X0Y120        FDRE (Setup_fdre_C_R)       -0.433    88.300    u_demo_interp_dac8_audio_pcm_common/dac_data_r_reg[4]
  -------------------------------------------------------------------
                         required time                         88.300    
                         arrival time                         -11.065    
  -------------------------------------------------------------------
                         slack                                 77.235    





Min Delay Paths
--------------------------------------------------------------------------------------
Slack (MET) :             0.079ns  (arrival time - required time)
  Source:                 u_demo_interp_dac8_audio_pcm_common/gen_dual_rate_test_tone.u_dual_rate_test_tone_rom_source/rd_addr_reg_rep[6]/C
                            (rising edge-triggered cell FDRE clocked by u_dual_family_audio_clock/clk_48k_raw  {rise@0.000ns fall@81.379ns period=162.759ns})
  Destination:            u_demo_interp_dac8_audio_pcm_common/gen_dual_rate_test_tone.u_dual_rate_test_tone_rom_source/rom_word_q_reg/ADDRARDADDR[10]
                            (rising edge-triggered cell RAMB18E1 clocked by u_dual_family_audio_clock/clk_48k_raw  {rise@0.000ns fall@81.379ns period=162.759ns})
  Path Group:             u_dual_family_audio_clock/clk_48k_raw
  Path Type:              Hold (Min at Fast Process Corner)
  Requirement:            0.000ns  (u_dual_family_audio_clock/clk_48k_raw rise@0.000ns - u_dual_family_audio_clock/clk_48k_raw rise@0.000ns)
  Data Path Delay:        0.318ns  (logic 0.164ns (51.568%)  route 0.154ns (48.432%))
  Logic Levels:           0  
  Clock Path Skew:        0.056ns (DCD - SCD - CPR)
    Destination Clock Delay (DCD):    3.457ns
    Source Clock Delay      (SCD):    2.584ns
    Clock Pessimism Removal (CPR):    0.817ns

    Location             Delay type                Incr(ns)  Path(ns)    Netlist Resource(s)
  -------------------------------------------------------------------    -------------------
                         (clock u_dual_family_audio_clock/clk_48k_raw rise edge)
                                                      0.000     0.000 r  
    Y18                                               0.000     0.000 r  clk (IN)
                         net (fo=0)                   0.000     0.000    clk
    Y18                  IBUF (Prop_ibuf_I_O)         0.264     0.264 r  u_ibuf_sys_clk/O
                         net (fo=1, routed)           0.634     0.898    clk_ibuf
    BUFGCTRL_X0Y0        BUFG (Prop_bufg_I_O)         0.026     0.924 r  u_bufg_sys_clk/O
                         net (fo=58, routed)          0.547     1.470    clk_sys_bufg
    MMCME2_ADV_X0Y1      MMCME2_ADV (Prop_mmcme2_adv_CLKIN1_CLKOUT0)
                                                      0.050     1.520 r  u_dual_family_audio_clock/u_mmcm_48k/CLKOUT0
                         net (fo=1, routed)           0.489     2.009    u_dual_family_audio_clock/clk_48k_raw
    BUFGCTRL_X0Y16       BUFGCTRL (Prop_bufgctrl_I1_O)
                                                      0.026     2.035 r  u_dual_family_audio_clock/u_bufgmux_audio_family/O
                         net (fo=330, routed)         0.549     2.584    clk_audio_128x
    SLICE_X8Y75          FDRE                                         r  u_demo_interp_dac8_audio_pcm_common/gen_dual_rate_test_tone.u_dual_rate_test_tone_rom_source/rd_addr_reg_rep[6]/C
  -------------------------------------------------------------------    -------------------
    SLICE_X8Y75          FDRE (Prop_fdre_C_Q)         0.164     2.748 r  u_demo_interp_dac8_audio_pcm_common/gen_dual_rate_test_tone.u_dual_rate_test_tone_rom_source/rd_addr_reg_rep[6]/Q
                         net (fo=2, routed)           0.154     2.902    u_demo_interp_dac8_audio_pcm_common/gen_dual_rate_test_tone.u_dual_rate_test_tone_rom_source/rd_addr_reg_rep_n_0_[6]
    RAMB18_X0Y30         RAMB18E1                                     r  u_demo_interp_dac8_audio_pcm_common/gen_dual_rate_test_tone.u_dual_rate_test_tone_rom_source/rom_word_q_reg/ADDRARDADDR[10]
  -------------------------------------------------------------------    -------------------

                         (clock u_dual_family_audio_clock/clk_48k_raw rise edge)
                                                      0.000     0.000 r  
    Y18                                               0.000     0.000 r  clk (IN)
                         net (fo=0)                   0.000     0.000    clk
    Y18                  IBUF (Prop_ibuf_I_O)         0.452     0.452 r  u_ibuf_sys_clk/O
                         net (fo=1, routed)           0.689     1.140    clk_ibuf
    BUFGCTRL_X0Y0        BUFG (Prop_bufg_I_O)         0.029     1.169 r  u_bufg_sys_clk/O
                         net (fo=58, routed)          0.813     1.983    clk_sys_bufg
    MMCME2_ADV_X0Y1      MMCME2_ADV (Prop_mmcme2_adv_CLKIN1_CLKOUT0)
                                                      0.053     2.036 r  u_dual_family_audio_clock/u_mmcm_48k/CLKOUT0
                         net (fo=1, routed)           0.534     2.569    u_dual_family_audio_clock/clk_48k_raw
    BUFGCTRL_X0Y16       BUFGCTRL (Prop_bufgctrl_I1_O)
                                                      0.029     2.598 r  u_dual_family_audio_clock/u_bufgmux_audio_family/O
                         net (fo=330, routed)         0.858     3.457    clk_audio_128x
    RAMB18_X0Y30         RAMB18E1                                     r  u_demo_interp_dac8_audio_pcm_common/gen_dual_rate_test_tone.u_dual_rate_test_tone_rom_source/rom_word_q_reg/CLKARDCLK
                         clock pessimism             -0.817     2.640    
    RAMB18_X0Y30         RAMB18E1 (Hold_ramb18e1_CLKARDCLK_ADDRARDADDR[10])
                                                      0.183     2.823    u_demo_interp_dac8_audio_pcm_common/gen_dual_rate_test_tone.u_dual_rate_test_tone_rom_source/rom_word_q_reg
  -------------------------------------------------------------------
                         required time                         -2.823    
                         arrival time                           2.902    
  -------------------------------------------------------------------
                         slack                                  0.079    

Slack (MET) :             0.082ns  (arrival time - required time)
  Source:                 u_demo_interp_dac8_audio_pcm_common/gen_dual_rate_test_tone.u_dual_rate_test_tone_rom_source/rd_addr_reg_rep[6]/C
                            (rising edge-triggered cell FDRE clocked by u_dual_family_audio_clock/clk_48k_raw  {rise@0.000ns fall@81.379ns period=162.759ns})
  Destination:            u_demo_interp_dac8_audio_pcm_common/gen_dual_rate_test_tone.u_dual_rate_test_tone_rom_source/rom_word_q_reg/ADDRBWRADDR[10]
                            (rising edge-triggered cell RAMB18E1 clocked by u_dual_family_audio_clock/clk_48k_raw  {rise@0.000ns fall@81.379ns period=162.759ns})
  Path Group:             u_dual_family_audio_clock/clk_48k_raw
  Path Type:              Hold (Min at Fast Process Corner)
  Requirement:            0.000ns  (u_dual_family_audio_clock/clk_48k_raw rise@0.000ns - u_dual_family_audio_clock/clk_48k_raw rise@0.000ns)
  Data Path Delay:        0.318ns  (logic 0.164ns (51.568%)  route 0.154ns (48.432%))
  Logic Levels:           0  
  Clock Path Skew:        0.053ns (DCD - SCD - CPR)
    Destination Clock Delay (DCD):    3.454ns
    Source Clock Delay      (SCD):    2.584ns
    Clock Pessimism Removal (CPR):    0.817ns

    Location             Delay type                Incr(ns)  Path(ns)    Netlist Resource(s)
  -------------------------------------------------------------------    -------------------
                         (clock u_dual_family_audio_clock/clk_48k_raw rise edge)
                                                      0.000     0.000 r  
    Y18                                               0.000     0.000 r  clk (IN)
                         net (fo=0)                   0.000     0.000    clk
    Y18                  IBUF (Prop_ibuf_I_O)         0.264     0.264 r  u_ibuf_sys_clk/O
                         net (fo=1, routed)           0.634     0.898    clk_ibuf
    BUFGCTRL_X0Y0        BUFG (Prop_bufg_I_O)         0.026     0.924 r  u_bufg_sys_clk/O
                         net (fo=58, routed)          0.547     1.470    clk_sys_bufg
    MMCME2_ADV_X0Y1      MMCME2_ADV (Prop_mmcme2_adv_CLKIN1_CLKOUT0)
                                                      0.050     1.520 r  u_dual_family_audio_clock/u_mmcm_48k/CLKOUT0
                         net (fo=1, routed)           0.489     2.009    u_dual_family_audio_clock/clk_48k_raw
    BUFGCTRL_X0Y16       BUFGCTRL (Prop_bufgctrl_I1_O)
                                                      0.026     2.035 r  u_dual_family_audio_clock/u_bufgmux_audio_family/O
                         net (fo=330, routed)         0.549     2.584    clk_audio_128x
    SLICE_X8Y75          FDRE                                         r  u_demo_interp_dac8_audio_pcm_common/gen_dual_rate_test_tone.u_dual_rate_test_tone_rom_source/rd_addr_reg_rep[6]/C
  -------------------------------------------------------------------    -------------------
    SLICE_X8Y75          FDRE (Prop_fdre_C_Q)         0.164     2.748 r  u_demo_interp_dac8_audio_pcm_common/gen_dual_rate_test_tone.u_dual_rate_test_tone_rom_source/rd_addr_reg_rep[6]/Q
                         net (fo=2, routed)           0.154     2.902    u_demo_interp_dac8_audio_pcm_common/gen_dual_rate_test_tone.u_dual_rate_test_tone_rom_source/rd_addr_reg_rep_n_0_[6]
    RAMB18_X0Y30         RAMB18E1                                     r  u_demo_interp_dac8_audio_pcm_common/gen_dual_rate_test_tone.u_dual_rate_test_tone_rom_source/rom_word_q_reg/ADDRBWRADDR[10]
  -------------------------------------------------------------------    -------------------

                         (clock u_dual_family_audio_clock/clk_48k_raw rise edge)
                                                      0.000     0.000 r  
    Y18                                               0.000     0.000 r  clk (IN)
                         net (fo=0)                   0.000     0.000    clk
    Y18                  IBUF (Prop_ibuf_I_O)         0.452     0.452 r  u_ibuf_sys_clk/O
                         net (fo=1, routed)           0.689     1.140    clk_ibuf
    BUFGCTRL_X0Y0        BUFG (Prop_bufg_I_O)         0.029     1.169 r  u_bufg_sys_clk/O
                         net (fo=58, routed)          0.813     1.983    clk_sys_bufg
    MMCME2_ADV_X0Y1      MMCME2_ADV (Prop_mmcme2_adv_CLKIN1_CLKOUT0)
                                                      0.053     2.036 r  u_dual_family_audio_clock/u_mmcm_48k/CLKOUT0
                         net (fo=1, routed)           0.534     2.569    u_dual_family_audio_clock/clk_48k_raw
    BUFGCTRL_X0Y16       BUFGCTRL (Prop_bufgctrl_I1_O)
                                                      0.029     2.598 r  u_dual_family_audio_clock/u_bufgmux_audio_family/O
                         net (fo=330, routed)         0.855     3.454    clk_audio_128x
    RAMB18_X0Y30         RAMB18E1                                     r  u_demo_interp_dac8_audio_pcm_common/gen_dual_rate_test_tone.u_dual_rate_test_tone_rom_source/rom_word_q_reg/CLKBWRCLK
                         clock pessimism             -0.817     2.637    
    RAMB18_X0Y30         RAMB18E1 (Hold_ramb18e1_CLKBWRCLK_ADDRBWRADDR[10])
                                                      0.183     2.820    u_demo_interp_dac8_audio_pcm_common/gen_dual_rate_test_tone.u_dual_rate_test_tone_rom_source/rom_word_q_reg
  -------------------------------------------------------------------
                         required time                         -2.820    
                         arrival time                           2.902    
  -------------------------------------------------------------------
                         slack                                  0.082    

Slack (MET) :             0.093ns  (arrival time - required time)
  Source:                 u_demo_interp_dac8_audio_pcm_common/gen_phase7_folded.u_interp128_all2x_v7_folded_fir_cic_top_ce/gen_single_bram_stage1.u_interp2_stage1_strict_halfband_bram_ce/read_addr_reg[2]/C
                            (rising edge-triggered cell FDRE clocked by u_dual_family_audio_clock/clk_48k_raw  {rise@0.000ns fall@81.379ns period=162.759ns})
  Destination:            u_demo_interp_dac8_audio_pcm_common/gen_phase7_folded.u_interp128_all2x_v7_folded_fir_cic_top_ce/gen_single_bram_stage1.u_interp2_stage1_strict_halfband_bram_ce/u_nf_stage1_history_ramb18_sdp/gen_primitive.u_stage1_history_ramb18e1/ADDRARDADDR[7]
                            (rising edge-triggered cell RAMB18E1 clocked by u_dual_family_audio_clock/clk_48k_raw  {rise@0.000ns fall@81.379ns period=162.759ns})
  Path Group:             u_dual_family_audio_clock/clk_48k_raw
  Path Type:              Hold (Min at Fast Process Corner)
  Requirement:            0.000ns  (u_dual_family_audio_clock/clk_48k_raw rise@0.000ns - u_dual_family_audio_clock/clk_48k_raw rise@0.000ns)
  Data Path Delay:        0.331ns  (logic 0.164ns (49.597%)  route 0.167ns (50.403%))
  Logic Levels:           0  
  Clock Path Skew:        0.055ns (DCD - SCD - CPR)
    Destination Clock Delay (DCD):    3.457ns
    Source Clock Delay      (SCD):    2.585ns
    Clock Pessimism Removal (CPR):    0.817ns

    Location             Delay type                Incr(ns)  Path(ns)    Netlist Resource(s)
  -------------------------------------------------------------------    -------------------
                         (clock u_dual_family_audio_clock/clk_48k_raw rise edge)
                                                      0.000     0.000 r  
    Y18                                               0.000     0.000 r  clk (IN)
                         net (fo=0)                   0.000     0.000    clk
    Y18                  IBUF (Prop_ibuf_I_O)         0.264     0.264 r  u_ibuf_sys_clk/O
                         net (fo=1, routed)           0.634     0.898    clk_ibuf
    BUFGCTRL_X0Y0        BUFG (Prop_bufg_I_O)         0.026     0.924 r  u_bufg_sys_clk/O
                         net (fo=58, routed)          0.547     1.470    clk_sys_bufg
    MMCME2_ADV_X0Y1      MMCME2_ADV (Prop_mmcme2_adv_CLKIN1_CLKOUT0)
                                                      0.050     1.520 r  u_dual_family_audio_clock/u_mmcm_48k/CLKOUT0
                         net (fo=1, routed)           0.489     2.009    u_dual_family_audio_clock/clk_48k_raw
    BUFGCTRL_X0Y16       BUFGCTRL (Prop_bufgctrl_I1_O)
                                                      0.026     2.035 r  u_dual_family_audio_clock/u_bufgmux_audio_family/O
                         net (fo=330, routed)         0.550     2.585    clk_audio_128x
    SLICE_X8Y76          FDRE                                         r  u_demo_interp_dac8_audio_pcm_common/gen_phase7_folded.u_interp128_all2x_v7_folded_fir_cic_top_ce/gen_single_bram_stage1.u_interp2_stage1_strict_halfband_bram_ce/read_addr_reg[2]/C
  -------------------------------------------------------------------    -------------------
    SLICE_X8Y76          FDRE (Prop_fdre_C_Q)         0.164     2.749 r  u_demo_interp_dac8_audio_pcm_common/gen_phase7_folded.u_interp128_all2x_v7_folded_fir_cic_top_ce/gen_single_bram_stage1.u_interp2_stage1_strict_halfband_bram_ce/read_addr_reg[2]/Q
                         net (fo=5, routed)           0.167     2.916    u_demo_interp_dac8_audio_pcm_common/gen_phase7_folded.u_interp128_all2x_v7_folded_fir_cic_top_ce/gen_single_bram_stage1.u_interp2_stage1_strict_halfband_bram_ce/read_addr_reg[2]
    RAMB18_X0Y31         RAMB18E1                                     r  u_demo_interp_dac8_audio_pcm_common/gen_phase7_folded.u_interp128_all2x_v7_folded_fir_cic_top_ce/gen_single_bram_stage1.u_interp2_stage1_strict_halfband_bram_ce/u_nf_stage1_history_ramb18_sdp/gen_primitive.u_stage1_history_ramb18e1/ADDRARDADDR[7]
  -------------------------------------------------------------------    -------------------

                         (clock u_dual_family_audio_clock/clk_48k_raw rise edge)
                                                      0.000     0.000 r  
    Y18                                               0.000     0.000 r  clk (IN)
                         net (fo=0)                   0.000     0.000    clk
    Y18                  IBUF (Prop_ibuf_I_O)         0.452     0.452 r  u_ibuf_sys_clk/O
                         net (fo=1, routed)           0.689     1.140    clk_ibuf
    BUFGCTRL_X0Y0        BUFG (Prop_bufg_I_O)         0.029     1.169 r  u_bufg_sys_clk/O
                         net (fo=58, routed)          0.813     1.983    clk_sys_bufg
    MMCME2_ADV_X0Y1      MMCME2_ADV (Prop_mmcme2_adv_CLKIN1_CLKOUT0)
                                                      0.053     2.036 r  u_dual_family_audio_clock/u_mmcm_48k/CLKOUT0
                         net (fo=1, routed)           0.534     2.569    u_dual_family_audio_clock/clk_48k_raw
    BUFGCTRL_X0Y16       BUFGCTRL (Prop_bufgctrl_I1_O)
                                                      0.029     2.598 r  u_dual_family_audio_clock/u_bufgmux_audio_family/O
                         net (fo=330, routed)         0.858     3.457    clk_audio_128x
    RAMB18_X0Y31         RAMB18E1                                     r  u_demo_interp_dac8_audio_pcm_common/gen_phase7_folded.u_interp128_all2x_v7_folded_fir_cic_top_ce/gen_single_bram_stage1.u_interp2_stage1_strict_halfband_bram_ce/u_nf_stage1_history_ramb18_sdp/gen_primitive.u_stage1_history_ramb18e1/CLKARDCLK
                         clock pessimism             -0.817     2.640    
    RAMB18_X0Y31         RAMB18E1 (Hold_ramb18e1_CLKARDCLK_ADDRARDADDR[7])
                                                      0.183     2.823    u_demo_interp_dac8_audio_pcm_common/gen_phase7_folded.u_interp128_all2x_v7_folded_fir_cic_top_ce/gen_single_bram_stage1.u_interp2_stage1_strict_halfband_bram_ce/u_nf_stage1_history_ramb18_sdp/gen_primitive.u_stage1_history_ramb18e1
  -------------------------------------------------------------------
                         required time                         -2.823    
                         arrival time                           2.916    
  -------------------------------------------------------------------
                         slack                                  0.093    

Slack (MET) :             0.117ns  (arrival time - required time)
  Source:                 u_demo_interp_dac8_audio_pcm_common/gen_dual_rate_test_tone.u_dual_rate_test_tone_rom_source/rd_addr_reg_rep[4]/C
                            (rising edge-triggered cell FDSE clocked by u_dual_family_audio_clock/clk_48k_raw  {rise@0.000ns fall@81.379ns period=162.759ns})
  Destination:            u_demo_interp_dac8_audio_pcm_common/gen_dual_rate_test_tone.u_dual_rate_test_tone_rom_source/rom_word_q_reg/ADDRBWRADDR[8]
                            (rising edge-triggered cell RAMB18E1 clocked by u_dual_family_audio_clock/clk_48k_raw  {rise@0.000ns fall@81.379ns period=162.759ns})
  Path Group:             u_dual_family_audio_clock/clk_48k_raw
  Path Type:              Hold (Min at Fast Process Corner)
  Requirement:            0.000ns  (u_dual_family_audio_clock/clk_48k_raw rise@0.000ns - u_dual_family_audio_clock/clk_48k_raw rise@0.000ns)
  Data Path Delay:        0.349ns  (logic 0.141ns (40.374%)  route 0.208ns (59.626%))
  Logic Levels:           0  
  Clock Path Skew:        0.050ns (DCD - SCD - CPR)
    Destination Clock Delay (DCD):    3.454ns
    Source Clock Delay      (SCD):    2.587ns
    Clock Pessimism Removal (CPR):    0.817ns

    Location             Delay type                Incr(ns)  Path(ns)    Netlist Resource(s)
  -------------------------------------------------------------------    -------------------
                         (clock u_dual_family_audio_clock/clk_48k_raw rise edge)
                                                      0.000     0.000 r  
    Y18                                               0.000     0.000 r  clk (IN)
                         net (fo=0)                   0.000     0.000    clk
    Y18                  IBUF (Prop_ibuf_I_O)         0.264     0.264 r  u_ibuf_sys_clk/O
                         net (fo=1, routed)           0.634     0.898    clk_ibuf
    BUFGCTRL_X0Y0        BUFG (Prop_bufg_I_O)         0.026     0.924 r  u_bufg_sys_clk/O
                         net (fo=58, routed)          0.547     1.470    clk_sys_bufg
    MMCME2_ADV_X0Y1      MMCME2_ADV (Prop_mmcme2_adv_CLKIN1_CLKOUT0)
                                                      0.050     1.520 r  u_dual_family_audio_clock/u_mmcm_48k/CLKOUT0
                         net (fo=1, routed)           0.489     2.009    u_dual_family_audio_clock/clk_48k_raw
    BUFGCTRL_X0Y16       BUFGCTRL (Prop_bufgctrl_I1_O)
                                                      0.026     2.035 r  u_dual_family_audio_clock/u_bufgmux_audio_family/O
                         net (fo=330, routed)         0.552     2.587    clk_audio_128x
    SLICE_X9Y77          FDSE                                         r  u_demo_interp_dac8_audio_pcm_common/gen_dual_rate_test_tone.u_dual_rate_test_tone_rom_source/rd_addr_reg_rep[4]/C
  -------------------------------------------------------------------    -------------------
    SLICE_X9Y77          FDSE (Prop_fdse_C_Q)         0.141     2.728 r  u_demo_interp_dac8_audio_pcm_common/gen_dual_rate_test_tone.u_dual_rate_test_tone_rom_source/rd_addr_reg_rep[4]/Q
                         net (fo=2, routed)           0.208     2.936    u_demo_interp_dac8_audio_pcm_common/gen_dual_rate_test_tone.u_dual_rate_test_tone_rom_source/rd_addr_reg_rep_n_0_[4]
    RAMB18_X0Y30         RAMB18E1                                     r  u_demo_interp_dac8_audio_pcm_common/gen_dual_rate_test_tone.u_dual_rate_test_tone_rom_source/rom_word_q_reg/ADDRBWRADDR[8]
  -------------------------------------------------------------------    -------------------

                         (clock u_dual_family_audio_clock/clk_48k_raw rise edge)
                                                      0.000     0.000 r  
    Y18                                               0.000     0.000 r  clk (IN)
                         net (fo=0)                   0.000     0.000    clk
    Y18                  IBUF (Prop_ibuf_I_O)         0.452     0.452 r  u_ibuf_sys_clk/O
                         net (fo=1, routed)           0.689     1.140    clk_ibuf
    BUFGCTRL_X0Y0        BUFG (Prop_bufg_I_O)         0.029     1.169 r  u_bufg_sys_clk/O
                         net (fo=58, routed)          0.813     1.983    clk_sys_bufg
    MMCME2_ADV_X0Y1      MMCME2_ADV (Prop_mmcme2_adv_CLKIN1_CLKOUT0)
                                                      0.053     2.036 r  u_dual_family_audio_clock/u_mmcm_48k/CLKOUT0
                         net (fo=1, routed)           0.534     2.569    u_dual_family_audio_clock/clk_48k_raw
    BUFGCTRL_X0Y16       BUFGCTRL (Prop_bufgctrl_I1_O)
                                                      0.029     2.598 r  u_dual_family_audio_clock/u_bufgmux_audio_family/O
                         net (fo=330, routed)         0.855     3.454    clk_audio_128x
    RAMB18_X0Y30         RAMB18E1                                     r  u_demo_interp_dac8_audio_pcm_common/gen_dual_rate_test_tone.u_dual_rate_test_tone_rom_source/rom_word_q_reg/CLKBWRCLK
                         clock pessimism             -0.817     2.637    
    RAMB18_X0Y30         RAMB18E1 (Hold_ramb18e1_CLKBWRCLK_ADDRBWRADDR[8])
                                                      0.183     2.820    u_demo_interp_dac8_audio_pcm_common/gen_dual_rate_test_tone.u_dual_rate_test_tone_rom_source/rom_word_q_reg
  -------------------------------------------------------------------
                         required time                         -2.820    
                         arrival time                           2.936    
  -------------------------------------------------------------------
                         slack                                  0.117    

Slack (MET) :             0.121ns  (arrival time - required time)
  Source:                 u_nf_mode_cdc_handshake/req_meta_reg/C
                            (rising edge-triggered cell FDRE clocked by u_dual_family_audio_clock/clk_48k_raw  {rise@0.000ns fall@81.379ns period=162.759ns})
  Destination:            u_nf_mode_cdc_handshake/req_sync_reg/D
                            (rising edge-triggered cell FDRE clocked by u_dual_family_audio_clock/clk_48k_raw  {rise@0.000ns fall@81.379ns period=162.759ns})
  Path Group:             u_dual_family_audio_clock/clk_48k_raw
  Path Type:              Hold (Min at Fast Process Corner)
  Requirement:            0.000ns  (u_dual_family_audio_clock/clk_48k_raw rise@0.000ns - u_dual_family_audio_clock/clk_48k_raw rise@0.000ns)
  Data Path Delay:        0.196ns  (logic 0.141ns (71.838%)  route 0.055ns (28.162%))
  Logic Levels:           0  
  Clock Path Skew:        0.000ns (DCD - SCD - CPR)
    Destination Clock Delay (DCD):    3.456ns
    Source Clock Delay      (SCD):    2.623ns
    Clock Pessimism Removal (CPR):    0.833ns

    Location             Delay type                Incr(ns)  Path(ns)    Netlist Resource(s)
  -------------------------------------------------------------------    -------------------
                         (clock u_dual_family_audio_clock/clk_48k_raw rise edge)
                                                      0.000     0.000 r  
    Y18                                               0.000     0.000 r  clk (IN)
                         net (fo=0)                   0.000     0.000    clk
    Y18                  IBUF (Prop_ibuf_I_O)         0.264     0.264 r  u_ibuf_sys_clk/O
                         net (fo=1, routed)           0.634     0.898    clk_ibuf
    BUFGCTRL_X0Y0        BUFG (Prop_bufg_I_O)         0.026     0.924 r  u_bufg_sys_clk/O
                         net (fo=58, routed)          0.547     1.470    clk_sys_bufg
    MMCME2_ADV_X0Y1      MMCME2_ADV (Prop_mmcme2_adv_CLKIN1_CLKOUT0)
                                                      0.050     1.520 r  u_dual_family_audio_clock/u_mmcm_48k/CLKOUT0
                         net (fo=1, routed)           0.489     2.009    u_dual_family_audio_clock/clk_48k_raw
    BUFGCTRL_X0Y16       BUFGCTRL (Prop_bufgctrl_I1_O)
                                                      0.026     2.035 r  u_dual_family_audio_clock/u_bufgmux_audio_family/O
                         net (fo=330, routed)         0.588     2.623    clk_audio_128x
    SLICE_X3Y87          FDRE                                         r  u_nf_mode_cdc_handshake/req_meta_reg/C
  -------------------------------------------------------------------    -------------------
    SLICE_X3Y87          FDRE (Prop_fdre_C_Q)         0.141     2.764 r  u_nf_mode_cdc_handshake/req_meta_reg/Q
                         net (fo=1, routed)           0.055     2.819    u_nf_mode_cdc_handshake/req_meta
    SLICE_X3Y87          FDRE                                         r  u_nf_mode_cdc_handshake/req_sync_reg/D
  -------------------------------------------------------------------    -------------------

                         (clock u_dual_family_audio_clock/clk_48k_raw rise edge)
                                                      0.000     0.000 r  
    Y18                                               0.000     0.000 r  clk (IN)
                         net (fo=0)                   0.000     0.000    clk
    Y18                  IBUF (Prop_ibuf_I_O)         0.452     0.452 r  u_ibuf_sys_clk/O
                         net (fo=1, routed)           0.689     1.140    clk_ibuf
    BUFGCTRL_X0Y0        BUFG (Prop_bufg_I_O)         0.029     1.169 r  u_bufg_sys_clk/O
                         net (fo=58, routed)          0.813     1.983    clk_sys_bufg
    MMCME2_ADV_X0Y1      MMCME2_ADV (Prop_mmcme2_adv_CLKIN1_CLKOUT0)
                                                      0.053     2.036 r  u_dual_family_audio_clock/u_mmcm_48k/CLKOUT0
                         net (fo=1, routed)           0.534     2.569    u_dual_family_audio_clock/clk_48k_raw
    BUFGCTRL_X0Y16       BUFGCTRL (Prop_bufgctrl_I1_O)
                                                      0.029     2.598 r  u_dual_family_audio_clock/u_bufgmux_audio_family/O
                         net (fo=330, routed)         0.858     3.456    clk_audio_128x
    SLICE_X3Y87          FDRE                                         r  u_nf_mode_cdc_handshake/req_sync_reg/C
                         clock pessimism             -0.833     2.623    
    SLICE_X3Y87          FDRE (Hold_fdre_C_D)         0.075     2.698    u_nf_mode_cdc_handshake/req_sync_reg
  -------------------------------------------------------------------
                         required time                         -2.698    
                         arrival time                           2.819    
  -------------------------------------------------------------------
                         slack                                  0.121    

Slack (MET) :             0.136ns  (arrival time - required time)
  Source:                 u_demo_interp_dac8_audio_pcm_common/gen_dual_rate_test_tone.u_dual_rate_test_tone_rom_source/rd_addr_reg_rep[2]/C
                            (rising edge-triggered cell FDRE clocked by u_dual_family_audio_clock/clk_48k_raw  {rise@0.000ns fall@81.379ns period=162.759ns})
  Destination:            u_demo_interp_dac8_audio_pcm_common/gen_dual_rate_test_tone.u_dual_rate_test_tone_rom_source/rom_word_q_reg/ADDRARDADDR[6]
                            (rising edge-triggered cell RAMB18E1 clocked by u_dual_family_audio_clock/clk_48k_raw  {rise@0.000ns fall@81.379ns period=162.759ns})
  Path Group:             u_dual_family_audio_clock/clk_48k_raw
  Path Type:              Hold (Min at Fast Process Corner)
  Requirement:            0.000ns  (u_dual_family_audio_clock/clk_48k_raw rise@0.000ns - u_dual_family_audio_clock/clk_48k_raw rise@0.000ns)
  Data Path Delay:        0.375ns  (logic 0.164ns (43.727%)  route 0.211ns (56.273%))
  Logic Levels:           0  
  Clock Path Skew:        0.056ns (DCD - SCD - CPR)
    Destination Clock Delay (DCD):    3.457ns
    Source Clock Delay      (SCD):    2.584ns
    Clock Pessimism Removal (CPR):    0.817ns

    Location             Delay type                Incr(ns)  Path(ns)    Netlist Resource(s)
  -------------------------------------------------------------------    -------------------
                         (clock u_dual_family_audio_clock/clk_48k_raw rise edge)
                                                      0.000     0.000 r  
    Y18                                               0.000     0.000 r  clk (IN)
                         net (fo=0)                   0.000     0.000    clk
    Y18                  IBUF (Prop_ibuf_I_O)         0.264     0.264 r  u_ibuf_sys_clk/O
                         net (fo=1, routed)           0.634     0.898    clk_ibuf
    BUFGCTRL_X0Y0        BUFG (Prop_bufg_I_O)         0.026     0.924 r  u_bufg_sys_clk/O
                         net (fo=58, routed)          0.547     1.470    clk_sys_bufg
    MMCME2_ADV_X0Y1      MMCME2_ADV (Prop_mmcme2_adv_CLKIN1_CLKOUT0)
                                                      0.050     1.520 r  u_dual_family_audio_clock/u_mmcm_48k/CLKOUT0
                         net (fo=1, routed)           0.489     2.009    u_dual_family_audio_clock/clk_48k_raw
    BUFGCTRL_X0Y16       BUFGCTRL (Prop_bufgctrl_I1_O)
                                                      0.026     2.035 r  u_dual_family_audio_clock/u_bufgmux_audio_family/O
                         net (fo=330, routed)         0.549     2.584    clk_audio_128x
    SLICE_X8Y75          FDRE                                         r  u_demo_interp_dac8_audio_pcm_common/gen_dual_rate_test_tone.u_dual_rate_test_tone_rom_source/rd_addr_reg_rep[2]/C
  -------------------------------------------------------------------    -------------------
    SLICE_X8Y75          FDRE (Prop_fdre_C_Q)         0.164     2.748 r  u_demo_interp_dac8_audio_pcm_common/gen_dual_rate_test_tone.u_dual_rate_test_tone_rom_source/rd_addr_reg_rep[2]/Q
                         net (fo=2, routed)           0.211     2.959    u_demo_interp_dac8_audio_pcm_common/gen_dual_rate_test_tone.u_dual_rate_test_tone_rom_source/rd_addr_reg_rep_n_0_[2]
    RAMB18_X0Y30         RAMB18E1                                     r  u_demo_interp_dac8_audio_pcm_common/gen_dual_rate_test_tone.u_dual_rate_test_tone_rom_source/rom_word_q_reg/ADDRARDADDR[6]
  -------------------------------------------------------------------    -------------------

                         (clock u_dual_family_audio_clock/clk_48k_raw rise edge)
                                                      0.000     0.000 r  
    Y18                                               0.000     0.000 r  clk (IN)
                         net (fo=0)                   0.000     0.000    clk
    Y18                  IBUF (Prop_ibuf_I_O)         0.452     0.452 r  u_ibuf_sys_clk/O
                         net (fo=1, routed)           0.689     1.140    clk_ibuf
    BUFGCTRL_X0Y0        BUFG (Prop_bufg_I_O)         0.029     1.169 r  u_bufg_sys_clk/O
                         net (fo=58, routed)          0.813     1.983    clk_sys_bufg
    MMCME2_ADV_X0Y1      MMCME2_ADV (Prop_mmcme2_adv_CLKIN1_CLKOUT0)
                                                      0.053     2.036 r  u_dual_family_audio_clock/u_mmcm_48k/CLKOUT0
                         net (fo=1, routed)           0.534     2.569    u_dual_family_audio_clock/clk_48k_raw
    BUFGCTRL_X0Y16       BUFGCTRL (Prop_bufgctrl_I1_O)
                                                      0.029     2.598 r  u_dual_family_audio_clock/u_bufgmux_audio_family/O
                         net (fo=330, routed)         0.858     3.457    clk_audio_128x
    RAMB18_X0Y30         RAMB18E1                                     r  u_demo_interp_dac8_audio_pcm_common/gen_dual_rate_test_tone.u_dual_rate_test_tone_rom_source/rom_word_q_reg/CLKARDCLK
                         clock pessimism             -0.817     2.640    
    RAMB18_X0Y30         RAMB18E1 (Hold_ramb18e1_CLKARDCLK_ADDRARDADDR[6])
                                                      0.183     2.823    u_demo_interp_dac8_audio_pcm_common/gen_dual_rate_test_tone.u_dual_rate_test_tone_rom_source/rom_word_q_reg
  -------------------------------------------------------------------
                         required time                         -2.823    
                         arrival time                           2.959    
  -------------------------------------------------------------------
                         slack                                  0.136    

Slack (MET) :             0.139ns  (arrival time - required time)
  Source:                 u_demo_interp_dac8_audio_pcm_common/gen_phase7_folded.u_interp128_all2x_v7_folded_fir_cic_top_ce/gen_single_bram_stage1.u_interp2_stage1_strict_halfband_bram_ce/delay_result_reg[0]/C
                            (rising edge-triggered cell FDRE clocked by u_dual_family_audio_clock/clk_48k_raw  {rise@0.000ns fall@81.379ns period=162.759ns})
  Destination:            u_demo_interp_dac8_audio_pcm_common/gen_phase7_folded.u_interp128_all2x_v7_folded_fir_cic_top_ce/gen_single_bram_stage1.u_interp2_stage1_strict_halfband_bram_ce/y_out_reg[0]/D
                            (rising edge-triggered cell FDRE clocked by u_dual_family_audio_clock/clk_48k_raw  {rise@0.000ns fall@81.379ns period=162.759ns})
  Path Group:             u_dual_family_audio_clock/clk_48k_raw
  Path Type:              Hold (Min at Fast Process Corner)
  Requirement:            0.000ns  (u_dual_family_audio_clock/clk_48k_raw rise@0.000ns - u_dual_family_audio_clock/clk_48k_raw rise@0.000ns)
  Data Path Delay:        0.272ns  (logic 0.186ns (68.270%)  route 0.086ns (31.730%))
  Logic Levels:           1  (LUT3=1)
  Clock Path Skew:        0.013ns (DCD - SCD - CPR)
    Destination Clock Delay (DCD):    3.421ns
    Source Clock Delay      (SCD):    2.590ns
    Clock Pessimism Removal (CPR):    0.818ns

    Location             Delay type                Incr(ns)  Path(ns)    Netlist Resource(s)
  -------------------------------------------------------------------    -------------------
                         (clock u_dual_family_audio_clock/clk_48k_raw rise edge)
                                                      0.000     0.000 r  
    Y18                                               0.000     0.000 r  clk (IN)
                         net (fo=0)                   0.000     0.000    clk
    Y18                  IBUF (Prop_ibuf_I_O)         0.264     0.264 r  u_ibuf_sys_clk/O
                         net (fo=1, routed)           0.634     0.898    clk_ibuf
    BUFGCTRL_X0Y0        BUFG (Prop_bufg_I_O)         0.026     0.924 r  u_bufg_sys_clk/O
                         net (fo=58, routed)          0.547     1.470    clk_sys_bufg
    MMCME2_ADV_X0Y1      MMCME2_ADV (Prop_mmcme2_adv_CLKIN1_CLKOUT0)
                                                      0.050     1.520 r  u_dual_family_audio_clock/u_mmcm_48k/CLKOUT0
                         net (fo=1, routed)           0.489     2.009    u_dual_family_audio_clock/clk_48k_raw
    BUFGCTRL_X0Y16       BUFGCTRL (Prop_bufgctrl_I1_O)
                                                      0.026     2.035 r  u_dual_family_audio_clock/u_bufgmux_audio_family/O
                         net (fo=330, routed)         0.555     2.590    clk_audio_128x
    SLICE_X9Y81          FDRE                                         r  u_demo_interp_dac8_audio_pcm_common/gen_phase7_folded.u_interp128_all2x_v7_folded_fir_cic_top_ce/gen_single_bram_stage1.u_interp2_stage1_strict_halfband_bram_ce/delay_result_reg[0]/C
  -------------------------------------------------------------------    -------------------
    SLICE_X9Y81          FDRE (Prop_fdre_C_Q)         0.141     2.731 r  u_demo_interp_dac8_audio_pcm_common/gen_phase7_folded.u_interp128_all2x_v7_folded_fir_cic_top_ce/gen_single_bram_stage1.u_interp2_stage1_strict_halfband_bram_ce/delay_result_reg[0]/Q
                         net (fo=1, routed)           0.086     2.817    delay_result[0]
    SLICE_X8Y81          LUT3 (Prop_lut3_I2_O)        0.045     2.862 r  y_out[0]_i_1/O
                         net (fo=1, routed)           0.000     2.862    y_out[0]_i_1_n_0
    SLICE_X8Y81          FDRE                                         r  u_demo_interp_dac8_audio_pcm_common/gen_phase7_folded.u_interp128_all2x_v7_folded_fir_cic_top_ce/gen_single_bram_stage1.u_interp2_stage1_strict_halfband_bram_ce/y_out_reg[0]/D
  -------------------------------------------------------------------    -------------------

                         (clock u_dual_family_audio_clock/clk_48k_raw rise edge)
                                                      0.000     0.000 r  
    Y18                                               0.000     0.000 r  clk (IN)
                         net (fo=0)                   0.000     0.000    clk
    Y18                  IBUF (Prop_ibuf_I_O)         0.452     0.452 r  u_ibuf_sys_clk/O
                         net (fo=1, routed)           0.689     1.140    clk_ibuf
    BUFGCTRL_X0Y0        BUFG (Prop_bufg_I_O)         0.029     1.169 r  u_bufg_sys_clk/O
                         net (fo=58, routed)          0.813     1.983    clk_sys_bufg
    MMCME2_ADV_X0Y1      MMCME2_ADV (Prop_mmcme2_adv_CLKIN1_CLKOUT0)
                                                      0.053     2.036 r  u_dual_family_audio_clock/u_mmcm_48k/CLKOUT0
                         net (fo=1, routed)           0.534     2.569    u_dual_family_audio_clock/clk_48k_raw
    BUFGCTRL_X0Y16       BUFGCTRL (Prop_bufgctrl_I1_O)
                                                      0.029     2.598 r  u_dual_family_audio_clock/u_bufgmux_audio_family/O
                         net (fo=330, routed)         0.822     3.421    clk_audio_128x
    SLICE_X8Y81          FDRE                                         r  u_demo_interp_dac8_audio_pcm_common/gen_phase7_folded.u_interp128_all2x_v7_folded_fir_cic_top_ce/gen_single_bram_stage1.u_interp2_stage1_strict_halfband_bram_ce/y_out_reg[0]/C
                         clock pessimism             -0.818     2.603    
    SLICE_X8Y81          FDRE (Hold_fdre_C_D)         0.120     2.723    u_demo_interp_dac8_audio_pcm_common/gen_phase7_folded.u_interp128_all2x_v7_folded_fir_cic_top_ce/gen_single_bram_stage1.u_interp2_stage1_strict_halfband_bram_ce/y_out_reg[0]
  -------------------------------------------------------------------
                         required time                         -2.723    
                         arrival time                           2.862    
  -------------------------------------------------------------------
                         slack                                  0.139    

Slack (MET) :             0.142ns  (arrival time - required time)
  Source:                 u_demo_interp_dac8_audio_pcm_common/gen_phase7_folded.u_interp128_all2x_v7_folded_fir_cic_top_ce/gen_single_bram_stage1.u_interp2_stage1_strict_halfband_bram_ce/wr_ptr_reg[4]/C
                            (rising edge-triggered cell FDRE clocked by u_dual_family_audio_clock/clk_48k_raw  {rise@0.000ns fall@81.379ns period=162.759ns})
  Destination:            u_demo_interp_dac8_audio_pcm_common/gen_phase7_folded.u_interp128_all2x_v7_folded_fir_cic_top_ce/gen_single_bram_stage1.u_interp2_stage1_strict_halfband_bram_ce/u_nf_stage1_history_ramb18_sdp/gen_primitive.u_stage1_history_ramb18e1/ADDRBWRADDR[9]
                            (rising edge-triggered cell RAMB18E1 clocked by u_dual_family_audio_clock/clk_48k_raw  {rise@0.000ns fall@81.379ns period=162.759ns})
  Path Group:             u_dual_family_audio_clock/clk_48k_raw
  Path Type:              Hold (Min at Fast Process Corner)
  Requirement:            0.000ns  (u_dual_family_audio_clock/clk_48k_raw rise@0.000ns - u_dual_family_audio_clock/clk_48k_raw rise@0.000ns)
  Data Path Delay:        0.378ns  (logic 0.141ns (37.335%)  route 0.237ns (62.665%))
  Logic Levels:           0  
  Clock Path Skew:        0.053ns (DCD - SCD - CPR)
    Destination Clock Delay (DCD):    3.454ns
    Source Clock Delay      (SCD):    2.584ns
    Clock Pessimism Removal (CPR):    0.817ns

    Location             Delay type                Incr(ns)  Path(ns)    Netlist Resource(s)
  -------------------------------------------------------------------    -------------------
                         (clock u_dual_family_audio_clock/clk_48k_raw rise edge)
                                                      0.000     0.000 r  
    Y18                                               0.000     0.000 r  clk (IN)
                         net (fo=0)                   0.000     0.000    clk
    Y18                  IBUF (Prop_ibuf_I_O)         0.264     0.264 r  u_ibuf_sys_clk/O
                         net (fo=1, routed)           0.634     0.898    clk_ibuf
    BUFGCTRL_X0Y0        BUFG (Prop_bufg_I_O)         0.026     0.924 r  u_bufg_sys_clk/O
                         net (fo=58, routed)          0.547     1.470    clk_sys_bufg
    MMCME2_ADV_X0Y1      MMCME2_ADV (Prop_mmcme2_adv_CLKIN1_CLKOUT0)
                                                      0.050     1.520 r  u_dual_family_audio_clock/u_mmcm_48k/CLKOUT0
                         net (fo=1, routed)           0.489     2.009    u_dual_family_audio_clock/clk_48k_raw
    BUFGCTRL_X0Y16       BUFGCTRL (Prop_bufgctrl_I1_O)
                                                      0.026     2.035 r  u_dual_family_audio_clock/u_bufgmux_audio_family/O
                         net (fo=330, routed)         0.549     2.584    clk_audio_128x
    SLICE_X9Y75          FDRE                                         r  u_demo_interp_dac8_audio_pcm_common/gen_phase7_folded.u_interp128_all2x_v7_folded_fir_cic_top_ce/gen_single_bram_stage1.u_interp2_stage1_strict_halfband_bram_ce/wr_ptr_reg[4]/C
  -------------------------------------------------------------------    -------------------
    SLICE_X9Y75          FDRE (Prop_fdre_C_Q)         0.141     2.725 r  u_demo_interp_dac8_audio_pcm_common/gen_phase7_folded.u_interp128_all2x_v7_folded_fir_cic_top_ce/gen_single_bram_stage1.u_interp2_stage1_strict_halfband_bram_ce/wr_ptr_reg[4]/Q
                         net (fo=6, routed)           0.237     2.962    u_demo_interp_dac8_audio_pcm_common/gen_phase7_folded.u_interp128_all2x_v7_folded_fir_cic_top_ce/gen_single_bram_stage1.u_interp2_stage1_strict_halfband_bram_ce/wr_ptr_reg[4]
    RAMB18_X0Y31         RAMB18E1                                     r  u_demo_interp_dac8_audio_pcm_common/gen_phase7_folded.u_interp128_all2x_v7_folded_fir_cic_top_ce/gen_single_bram_stage1.u_interp2_stage1_strict_halfband_bram_ce/u_nf_stage1_history_ramb18_sdp/gen_primitive.u_stage1_history_ramb18e1/ADDRBWRADDR[9]
  -------------------------------------------------------------------    -------------------

                         (clock u_dual_family_audio_clock/clk_48k_raw rise edge)
                                                      0.000     0.000 r  
    Y18                                               0.000     0.000 r  clk (IN)
                         net (fo=0)                   0.000     0.000    clk
    Y18                  IBUF (Prop_ibuf_I_O)         0.452     0.452 r  u_ibuf_sys_clk/O
                         net (fo=1, routed)           0.689     1.140    clk_ibuf
    BUFGCTRL_X0Y0        BUFG (Prop_bufg_I_O)         0.029     1.169 r  u_bufg_sys_clk/O
                         net (fo=58, routed)          0.813     1.983    clk_sys_bufg
    MMCME2_ADV_X0Y1      MMCME2_ADV (Prop_mmcme2_adv_CLKIN1_CLKOUT0)
                                                      0.053     2.036 r  u_dual_family_audio_clock/u_mmcm_48k/CLKOUT0
                         net (fo=1, routed)           0.534     2.569    u_dual_family_audio_clock/clk_48k_raw
    BUFGCTRL_X0Y16       BUFGCTRL (Prop_bufgctrl_I1_O)
                                                      0.029     2.598 r  u_dual_family_audio_clock/u_bufgmux_audio_family/O
                         net (fo=330, routed)         0.855     3.454    clk_audio_128x
    RAMB18_X0Y31         RAMB18E1                                     r  u_demo_interp_dac8_audio_pcm_common/gen_phase7_folded.u_interp128_all2x_v7_folded_fir_cic_top_ce/gen_single_bram_stage1.u_interp2_stage1_strict_halfband_bram_ce/u_nf_stage1_history_ramb18_sdp/gen_primitive.u_stage1_history_ramb18e1/CLKBWRCLK
                         clock pessimism             -0.817     2.637    
    RAMB18_X0Y31         RAMB18E1 (Hold_ramb18e1_CLKBWRCLK_ADDRBWRADDR[9])
                                                      0.183     2.820    u_demo_interp_dac8_audio_pcm_common/gen_phase7_folded.u_interp128_all2x_v7_folded_fir_cic_top_ce/gen_single_bram_stage1.u_interp2_stage1_strict_halfband_bram_ce/u_nf_stage1_history_ramb18_sdp/gen_primitive.u_stage1_history_ramb18e1
  -------------------------------------------------------------------
                         required time                         -2.820    
                         arrival time                           2.962    
  -------------------------------------------------------------------
                         slack                                  0.142    

Slack (MET) :             0.142ns  (arrival time - required time)
  Source:                 u_demo_interp_dac8_audio_pcm_common/gen_phase7_folded.u_interp128_all2x_v7_folded_fir_cic_top_ce/gen_single_bram_stage1.u_interp2_stage1_strict_halfband_bram_ce/delay_result_reg[12]/C
                            (rising edge-triggered cell FDRE clocked by u_dual_family_audio_clock/clk_48k_raw  {rise@0.000ns fall@81.379ns period=162.759ns})
  Destination:            u_demo_interp_dac8_audio_pcm_common/gen_phase7_folded.u_interp128_all2x_v7_folded_fir_cic_top_ce/gen_single_bram_stage1.u_interp2_stage1_strict_halfband_bram_ce/y_out_reg[12]/D
                            (rising edge-triggered cell FDRE clocked by u_dual_family_audio_clock/clk_48k_raw  {rise@0.000ns fall@81.379ns period=162.759ns})
  Path Group:             u_dual_family_audio_clock/clk_48k_raw
  Path Type:              Hold (Min at Fast Process Corner)
  Requirement:            0.000ns  (u_dual_family_audio_clock/clk_48k_raw rise@0.000ns - u_dual_family_audio_clock/clk_48k_raw rise@0.000ns)
  Data Path Delay:        0.276ns  (logic 0.186ns (67.282%)  route 0.090ns (32.718%))
  Logic Levels:           1  (LUT3=1)
  Clock Path Skew:        0.013ns (DCD - SCD - CPR)
    Destination Clock Delay (DCD):    3.422ns
    Source Clock Delay      (SCD):    2.591ns
    Clock Pessimism Removal (CPR):    0.818ns

    Location             Delay type                Incr(ns)  Path(ns)    Netlist Resource(s)
  -------------------------------------------------------------------    -------------------
                         (clock u_dual_family_audio_clock/clk_48k_raw rise edge)
                                                      0.000     0.000 r  
    Y18                                               0.000     0.000 r  clk (IN)
                         net (fo=0)                   0.000     0.000    clk
    Y18                  IBUF (Prop_ibuf_I_O)         0.264     0.264 r  u_ibuf_sys_clk/O
                         net (fo=1, routed)           0.634     0.898    clk_ibuf
    BUFGCTRL_X0Y0        BUFG (Prop_bufg_I_O)         0.026     0.924 r  u_bufg_sys_clk/O
                         net (fo=58, routed)          0.547     1.470    clk_sys_bufg
    MMCME2_ADV_X0Y1      MMCME2_ADV (Prop_mmcme2_adv_CLKIN1_CLKOUT0)
                                                      0.050     1.520 r  u_dual_family_audio_clock/u_mmcm_48k/CLKOUT0
                         net (fo=1, routed)           0.489     2.009    u_dual_family_audio_clock/clk_48k_raw
    BUFGCTRL_X0Y16       BUFGCTRL (Prop_bufgctrl_I1_O)
                                                      0.026     2.035 r  u_dual_family_audio_clock/u_bufgmux_audio_family/O
                         net (fo=330, routed)         0.556     2.591    clk_audio_128x
    SLICE_X9Y82          FDRE                                         r  u_demo_interp_dac8_audio_pcm_common/gen_phase7_folded.u_interp128_all2x_v7_folded_fir_cic_top_ce/gen_single_bram_stage1.u_interp2_stage1_strict_halfband_bram_ce/delay_result_reg[12]/C
  -------------------------------------------------------------------    -------------------
    SLICE_X9Y82          FDRE (Prop_fdre_C_Q)         0.141     2.732 r  u_demo_interp_dac8_audio_pcm_common/gen_phase7_folded.u_interp128_all2x_v7_folded_fir_cic_top_ce/gen_single_bram_stage1.u_interp2_stage1_strict_halfband_bram_ce/delay_result_reg[12]/Q
                         net (fo=1, routed)           0.090     2.822    delay_result[12]
    SLICE_X8Y82          LUT3 (Prop_lut3_I2_O)        0.045     2.867 r  y_out[12]_i_1/O
                         net (fo=1, routed)           0.000     2.867    y_out[12]_i_1_n_0
    SLICE_X8Y82          FDRE                                         r  u_demo_interp_dac8_audio_pcm_common/gen_phase7_folded.u_interp128_all2x_v7_folded_fir_cic_top_ce/gen_single_bram_stage1.u_interp2_stage1_strict_halfband_bram_ce/y_out_reg[12]/D
  -------------------------------------------------------------------    -------------------

                         (clock u_dual_family_audio_clock/clk_48k_raw rise edge)
                                                      0.000     0.000 r  
    Y18                                               0.000     0.000 r  clk (IN)
                         net (fo=0)                   0.000     0.000    clk
    Y18                  IBUF (Prop_ibuf_I_O)         0.452     0.452 r  u_ibuf_sys_clk/O
                         net (fo=1, routed)           0.689     1.140    clk_ibuf
    BUFGCTRL_X0Y0        BUFG (Prop_bufg_I_O)         0.029     1.169 r  u_bufg_sys_clk/O
                         net (fo=58, routed)          0.813     1.983    clk_sys_bufg
    MMCME2_ADV_X0Y1      MMCME2_ADV (Prop_mmcme2_adv_CLKIN1_CLKOUT0)
                                                      0.053     2.036 r  u_dual_family_audio_clock/u_mmcm_48k/CLKOUT0
                         net (fo=1, routed)           0.534     2.569    u_dual_family_audio_clock/clk_48k_raw
    BUFGCTRL_X0Y16       BUFGCTRL (Prop_bufgctrl_I1_O)
                                                      0.029     2.598 r  u_dual_family_audio_clock/u_bufgmux_audio_family/O
                         net (fo=330, routed)         0.823     3.422    clk_audio_128x
    SLICE_X8Y82          FDRE                                         r  u_demo_interp_dac8_audio_pcm_common/gen_phase7_folded.u_interp128_all2x_v7_folded_fir_cic_top_ce/gen_single_bram_stage1.u_interp2_stage1_strict_halfband_bram_ce/y_out_reg[12]/C
                         clock pessimism             -0.818     2.604    
    SLICE_X8Y82          FDRE (Hold_fdre_C_D)         0.121     2.725    u_demo_interp_dac8_audio_pcm_common/gen_phase7_folded.u_interp128_all2x_v7_folded_fir_cic_top_ce/gen_single_bram_stage1.u_interp2_stage1_strict_halfband_bram_ce/y_out_reg[12]
  -------------------------------------------------------------------
                         required time                         -2.725    
                         arrival time                           2.867    
  -------------------------------------------------------------------
                         slack                                  0.142    

Slack (MET) :             0.147ns  (arrival time - required time)
  Source:                 u_demo_interp_dac8_audio_pcm_common/gen_phase7_folded.u_interp128_all2x_v7_folded_fir_cic_top_ce/gen_single_bram_stage1.u_interp2_stage1_strict_halfband_bram_ce/read_addr_reg[3]/C
                            (rising edge-triggered cell FDRE clocked by u_dual_family_audio_clock/clk_48k_raw  {rise@0.000ns fall@81.379ns period=162.759ns})
  Destination:            u_demo_interp_dac8_audio_pcm_common/gen_phase7_folded.u_interp128_all2x_v7_folded_fir_cic_top_ce/gen_single_bram_stage1.u_interp2_stage1_strict_halfband_bram_ce/u_nf_stage1_history_ramb18_sdp/gen_primitive.u_stage1_history_ramb18e1/ADDRARDADDR[8]
                            (rising edge-triggered cell RAMB18E1 clocked by u_dual_family_audio_clock/clk_48k_raw  {rise@0.000ns fall@81.379ns period=162.759ns})
  Path Group:             u_dual_family_audio_clock/clk_48k_raw
  Path Type:              Hold (Min at Fast Process Corner)
  Requirement:            0.000ns  (u_dual_family_audio_clock/clk_48k_raw rise@0.000ns - u_dual_family_audio_clock/clk_48k_raw rise@0.000ns)
  Data Path Delay:        0.385ns  (logic 0.164ns (42.620%)  route 0.221ns (57.380%))
  Logic Levels:           0  
  Clock Path Skew:        0.055ns (DCD - SCD - CPR)
    Destination Clock Delay (DCD):    3.457ns
    Source Clock Delay      (SCD):    2.585ns
    Clock Pessimism Removal (CPR):    0.817ns

    Location             Delay type                Incr(ns)  Path(ns)    Netlist Resource(s)
  -------------------------------------------------------------------    -------------------
                         (clock u_dual_family_audio_clock/clk_48k_raw rise edge)
                                                      0.000     0.000 r  
    Y18                                               0.000     0.000 r  clk (IN)
                         net (fo=0)                   0.000     0.000    clk
    Y18                  IBUF (Prop_ibuf_I_O)         0.264     0.264 r  u_ibuf_sys_clk/O
                         net (fo=1, routed)           0.634     0.898    clk_ibuf
    BUFGCTRL_X0Y0        BUFG (Prop_bufg_I_O)         0.026     0.924 r  u_bufg_sys_clk/O
                         net (fo=58, routed)          0.547     1.470    clk_sys_bufg
    MMCME2_ADV_X0Y1      MMCME2_ADV (Prop_mmcme2_adv_CLKIN1_CLKOUT0)
                                                      0.050     1.520 r  u_dual_family_audio_clock/u_mmcm_48k/CLKOUT0
                         net (fo=1, routed)           0.489     2.009    u_dual_family_audio_clock/clk_48k_raw
    BUFGCTRL_X0Y16       BUFGCTRL (Prop_bufgctrl_I1_O)
                                                      0.026     2.035 r  u_dual_family_audio_clock/u_bufgmux_audio_family/O
                         net (fo=330, routed)         0.550     2.585    clk_audio_128x
    SLICE_X8Y76          FDRE                                         r  u_demo_interp_dac8_audio_pcm_common/gen_phase7_folded.u_interp128_all2x_v7_folded_fir_cic_top_ce/gen_single_bram_stage1.u_interp2_stage1_strict_halfband_bram_ce/read_addr_reg[3]/C
  -------------------------------------------------------------------    -------------------
    SLICE_X8Y76          FDRE (Prop_fdre_C_Q)         0.164     2.749 r  u_demo_interp_dac8_audio_pcm_common/gen_phase7_folded.u_interp128_all2x_v7_folded_fir_cic_top_ce/gen_single_bram_stage1.u_interp2_stage1_strict_halfband_bram_ce/read_addr_reg[3]/Q
                         net (fo=4, routed)           0.221     2.970    u_demo_interp_dac8_audio_pcm_common/gen_phase7_folded.u_interp128_all2x_v7_folded_fir_cic_top_ce/gen_single_bram_stage1.u_interp2_stage1_strict_halfband_bram_ce/read_addr_reg[3]
    RAMB18_X0Y31         RAMB18E1                                     r  u_demo_interp_dac8_audio_pcm_common/gen_phase7_folded.u_interp128_all2x_v7_folded_fir_cic_top_ce/gen_single_bram_stage1.u_interp2_stage1_strict_halfband_bram_ce/u_nf_stage1_history_ramb18_sdp/gen_primitive.u_stage1_history_ramb18e1/ADDRARDADDR[8]
  -------------------------------------------------------------------    -------------------

                         (clock u_dual_family_audio_clock/clk_48k_raw rise edge)
                                                      0.000     0.000 r  
    Y18                                               0.000     0.000 r  clk (IN)
                         net (fo=0)                   0.000     0.000    clk
    Y18                  IBUF (Prop_ibuf_I_O)         0.452     0.452 r  u_ibuf_sys_clk/O
                         net (fo=1, routed)           0.689     1.140    clk_ibuf
    BUFGCTRL_X0Y0        BUFG (Prop_bufg_I_O)         0.029     1.169 r  u_bufg_sys_clk/O
                         net (fo=58, routed)          0.813     1.983    clk_sys_bufg
    MMCME2_ADV_X0Y1      MMCME2_ADV (Prop_mmcme2_adv_CLKIN1_CLKOUT0)
                                                      0.053     2.036 r  u_dual_family_audio_clock/u_mmcm_48k/CLKOUT0
                         net (fo=1, routed)           0.534     2.569    u_dual_family_audio_clock/clk_48k_raw
    BUFGCTRL_X0Y16       BUFGCTRL (Prop_bufgctrl_I1_O)
                                                      0.029     2.598 r  u_dual_family_audio_clock/u_bufgmux_audio_family/O
                         net (fo=330, routed)         0.858     3.457    clk_audio_128x
    RAMB18_X0Y31         RAMB18E1                                     r  u_demo_interp_dac8_audio_pcm_common/gen_phase7_folded.u_interp128_all2x_v7_folded_fir_cic_top_ce/gen_single_bram_stage1.u_interp2_stage1_strict_halfband_bram_ce/u_nf_stage1_history_ramb18_sdp/gen_primitive.u_stage1_history_ramb18e1/CLKARDCLK
                         clock pessimism             -0.817     2.640    
    RAMB18_X0Y31         RAMB18E1 (Hold_ramb18e1_CLKARDCLK_ADDRARDADDR[8])
                                                      0.183     2.823    u_demo_interp_dac8_audio_pcm_common/gen_phase7_folded.u_interp128_all2x_v7_folded_fir_cic_top_ce/gen_single_bram_stage1.u_interp2_stage1_strict_halfband_bram_ce/u_nf_stage1_history_ramb18_sdp/gen_primitive.u_stage1_history_ramb18e1
  -------------------------------------------------------------------
                         required time                         -2.823    
                         arrival time                           2.970    
  -------------------------------------------------------------------
                         slack                                  0.147    





Pulse Width Checks
--------------------------------------------------------------------------------------
Clock Name:         u_dual_family_audio_clock/clk_48k_raw
Waveform(ns):       { 0.000 81.379 }
Period(ns):         162.759
Sources:            { u_dual_family_audio_clock/u_mmcm_48k/CLKOUT0 }

Check Type        Corner  Lib Pin             Reference Pin  Required(ns)  Actual(ns)  Slack(ns)  Location         Pin
Min Period        n/a     RAMB18E1/CLKARDCLK  n/a            2.472         162.759     160.287    RAMB18_X0Y34     u_demo_interp_dac8_audio_pcm_common/gen_phase7_folded.u_interp128_all2x_v7_folded_fir_cic_top_ce/gen_lutram_stage23.u_interp2_stage23_lutram_cic_dsp_ce/gen_unified_bram_history.u_nf_stage23_history_ramb18_sdp/gen_primitive.u_stage23_history_ramb18e1/CLKARDCLK
Min Period        n/a     RAMB18E1/CLKBWRCLK  n/a            2.472         162.759     160.287    RAMB18_X0Y34     u_demo_interp_dac8_audio_pcm_common/gen_phase7_folded.u_interp128_all2x_v7_folded_fir_cic_top_ce/gen_lutram_stage23.u_interp2_stage23_lutram_cic_dsp_ce/gen_unified_bram_history.u_nf_stage23_history_ramb18_sdp/gen_primitive.u_stage23_history_ramb18e1/CLKBWRCLK
Min Period        n/a     RAMB18E1/CLKARDCLK  n/a            2.472         162.759     160.287    RAMB18_X0Y31     u_demo_interp_dac8_audio_pcm_common/gen_phase7_folded.u_interp128_all2x_v7_folded_fir_cic_top_ce/gen_single_bram_stage1.u_interp2_stage1_strict_halfband_bram_ce/u_nf_stage1_history_ramb18_sdp/gen_primitive.u_stage1_history_ramb18e1/CLKARDCLK
Min Period        n/a     RAMB18E1/CLKBWRCLK  n/a            2.472         162.759     160.287    RAMB18_X0Y31     u_demo_interp_dac8_audio_pcm_common/gen_phase7_folded.u_interp128_all2x_v7_folded_fir_cic_top_ce/gen_single_bram_stage1.u_interp2_stage1_strict_halfband_bram_ce/u_nf_stage1_history_ramb18_sdp/gen_primitive.u_stage1_history_ramb18e1/CLKBWRCLK
Min Period        n/a     RAMB18E1/CLKARDCLK  n/a            2.472         162.759     160.287    RAMB18_X0Y35     u_demo_interp_dac8_audio_pcm_common/gen_phase7_folded.u_interp128_all2x_v7_folded_fir_cic_top_ce/gen_unified_fir_coeff_bram.u_nf_unified_fir_coeff_bram/u_unified_coeff_ramb18e1/CLKARDCLK
Min Period        n/a     RAMB18E1/CLKBWRCLK  n/a            2.472         162.759     160.287    RAMB18_X0Y35     u_demo_interp_dac8_audio_pcm_common/gen_phase7_folded.u_interp128_all2x_v7_folded_fir_cic_top_ce/gen_unified_fir_coeff_bram.u_nf_unified_fir_coeff_bram/u_unified_coeff_ramb18e1/CLKBWRCLK
Min Period        n/a     RAMB18E1/CLKARDCLK  n/a            2.170         162.759     160.589    RAMB18_X0Y30     u_demo_interp_dac8_audio_pcm_common/gen_dual_rate_test_tone.u_dual_rate_test_tone_rom_source/rom_word_q_reg/CLKARDCLK
Min Period        n/a     RAMB18E1/CLKBWRCLK  n/a            2.170         162.759     160.589    RAMB18_X0Y30     u_demo_interp_dac8_audio_pcm_common/gen_dual_rate_test_tone.u_dual_rate_test_tone_rom_source/rom_word_q_reg/CLKBWRCLK
Min Period        n/a     DSP48E1/CLK         n/a            2.147         162.759     160.612    DSP48_X0Y34      u_demo_interp_dac8_audio_pcm_common/gen_phase7_folded.u_interp128_all2x_v7_folded_fir_cic_top_ce/gen_lutram_stage23.u_interp2_stage23_lutram_cic_dsp_ce/u_stage23_dsp48e1/CLK
Min Period        n/a     DSP48E1/CLK         n/a            2.147         162.759     160.612    DSP48_X0Y32      u_demo_interp_dac8_audio_pcm_common/gen_phase7_folded.u_interp128_all2x_v7_folded_fir_cic_top_ce/gen_single_bram_stage1.u_interp2_stage1_strict_halfband_bram_ce/u_stage1_dsp48e1/CLK
Max Period        n/a     MMCME2_ADV/CLKOUT0  n/a            213.360       162.759     50.601     MMCME2_ADV_X0Y1  u_dual_family_audio_clock/u_mmcm_48k/CLKOUT0
Low Pulse Width   Slow    FDRE/C              n/a            0.500         81.379      80.879     SLICE_X10Y76     family_audio_meta_reg/C
Low Pulse Width   Fast    FDRE/C              n/a            0.500         81.379      80.879     SLICE_X10Y76     family_audio_meta_reg/C
Low Pulse Width   Slow    FDRE/C              n/a            0.500         81.379      80.879     SLICE_X10Y76     family_audio_sync_reg/C
Low Pulse Width   Fast    FDRE/C              n/a            0.500         81.379      80.879     SLICE_X10Y76     family_audio_sync_reg/C
Low Pulse Width   Slow    FDRE/C              n/a            0.500         81.379      80.879     SLICE_X4Y81      rst_audio_datapath_n_reg/C
Low Pulse Width   Fast    FDRE/C              n/a            0.500         81.379      80.879     SLICE_X4Y81      rst_audio_datapath_n_reg/C
Low Pulse Width   Slow    FDRE/C              n/a            0.500         81.379      80.879     SLICE_X4Y81      rst_audio_sync_reg[0]/C
Low Pulse Width   Fast    FDRE/C              n/a            0.500         81.379      80.879     SLICE_X4Y81      rst_audio_sync_reg[0]/C
Low Pulse Width   Slow    FDRE/C              n/a            0.500         81.379      80.879     SLICE_X4Y81      rst_audio_sync_reg[1]/C
Low Pulse Width   Fast    FDRE/C              n/a            0.500         81.379      80.879     SLICE_X4Y81      rst_audio_sync_reg[1]/C
High Pulse Width  Slow    FDRE/C              n/a            0.500         81.379      80.879     SLICE_X10Y76     family_audio_meta_reg/C
High Pulse Width  Fast    FDRE/C              n/a            0.500         81.379      80.879     SLICE_X10Y76     family_audio_meta_reg/C
High Pulse Width  Slow    FDRE/C              n/a            0.500         81.379      80.879     SLICE_X10Y76     family_audio_sync_reg/C
High Pulse Width  Fast    FDRE/C              n/a            0.500         81.379      80.879     SLICE_X10Y76     family_audio_sync_reg/C
High Pulse Width  Slow    FDRE/C              n/a            0.500         81.379      80.879     SLICE_X4Y81      rst_audio_datapath_n_reg/C
High Pulse Width  Fast    FDRE/C              n/a            0.500         81.379      80.879     SLICE_X4Y81      rst_audio_datapath_n_reg/C
High Pulse Width  Slow    FDRE/C              n/a            0.500         81.379      80.879     SLICE_X4Y81      rst_audio_sync_reg[0]/C
High Pulse Width  Fast    FDRE/C              n/a            0.500         81.379      80.879     SLICE_X4Y81      rst_audio_sync_reg[0]/C
High Pulse Width  Slow    FDRE/C              n/a            0.500         81.379      80.879     SLICE_X4Y81      rst_audio_sync_reg[1]/C
High Pulse Width  Fast    FDRE/C              n/a            0.500         81.379      80.879     SLICE_X4Y81      rst_audio_sync_reg[1]/C



---------------------------------------------------------------------------------------------------
From Clock:  u_dual_family_audio_clock/clkfb_44k1
  To Clock:  u_dual_family_audio_clock/clkfb_44k1

Setup :           NA  Failing Endpoints,  Worst Slack           NA  ,  Total Violation           NA
Hold  :           NA  Failing Endpoints,  Worst Slack           NA  ,  Total Violation           NA
PW    :            0  Failing Endpoints,  Worst Slack        0.000ns,  Total Violation        0.000ns
---------------------------------------------------------------------------------------------------


Pulse Width Checks
--------------------------------------------------------------------------------------
Clock Name:         u_dual_family_audio_clock/clkfb_44k1
Waveform(ns):       { 0.000 50.000 }
Period(ns):         100.000
Sources:            { u_dual_family_audio_clock/u_mmcm_44k1/CLKFBOUT }

Check Type  Corner  Lib Pin              Reference Pin  Required(ns)  Actual(ns)  Slack(ns)  Location         Pin
Min Period  n/a     MMCME2_ADV/CLKFBOUT  n/a            1.249         100.000     98.751     MMCME2_ADV_X0Y2  u_dual_family_audio_clock/u_mmcm_44k1/CLKFBOUT
Min Period  n/a     MMCME2_ADV/CLKFBIN   n/a            1.249         100.000     98.751     MMCME2_ADV_X0Y2  u_dual_family_audio_clock/u_mmcm_44k1/CLKFBIN
Max Period  n/a     MMCME2_ADV/CLKFBIN   n/a            100.000       100.000     0.000      MMCME2_ADV_X0Y2  u_dual_family_audio_clock/u_mmcm_44k1/CLKFBIN
Max Period  n/a     MMCME2_ADV/CLKFBOUT  n/a            213.360       100.000     113.360    MMCME2_ADV_X0Y2  u_dual_family_audio_clock/u_mmcm_44k1/CLKFBOUT



---------------------------------------------------------------------------------------------------
From Clock:  u_dual_family_audio_clock/clkfb_48k
  To Clock:  u_dual_family_audio_clock/clkfb_48k

Setup :           NA  Failing Endpoints,  Worst Slack           NA  ,  Total Violation           NA
Hold  :           NA  Failing Endpoints,  Worst Slack           NA  ,  Total Violation           NA
PW    :            0  Failing Endpoints,  Worst Slack       48.751ns,  Total Violation        0.000ns
---------------------------------------------------------------------------------------------------


Pulse Width Checks
--------------------------------------------------------------------------------------
Clock Name:         u_dual_family_audio_clock/clkfb_48k
Waveform(ns):       { 0.000 25.000 }
Period(ns):         50.000
Sources:            { u_dual_family_audio_clock/u_mmcm_48k/CLKFBOUT }

Check Type  Corner  Lib Pin              Reference Pin  Required(ns)  Actual(ns)  Slack(ns)  Location         Pin
Min Period  n/a     MMCME2_ADV/CLKFBOUT  n/a            1.249         50.000      48.751     MMCME2_ADV_X0Y1  u_dual_family_audio_clock/u_mmcm_48k/CLKFBOUT
Min Period  n/a     MMCME2_ADV/CLKFBIN   n/a            1.249         50.000      48.751     MMCME2_ADV_X0Y1  u_dual_family_audio_clock/u_mmcm_48k/CLKFBIN
Max Period  n/a     MMCME2_ADV/CLKFBIN   n/a            100.000       50.000      50.000     MMCME2_ADV_X0Y1  u_dual_family_audio_clock/u_mmcm_48k/CLKFBIN
Max Period  n/a     MMCME2_ADV/CLKFBOUT  n/a            213.360       50.000      163.360    MMCME2_ADV_X0Y1  u_dual_family_audio_clock/u_mmcm_48k/CLKFBOUT



---------------------------------------------------------------------------------------------------
From Clock:  clk_20M
  To Clock:  u_dual_family_audio_clock/clk_44k1_raw

Setup :            0  Failing Endpoints,  Worst Slack       49.059ns,  Total Violation        0.000ns
Hold  :           NA  Failing Endpoints,  Worst Slack           NA  ,  Total Violation           NA
---------------------------------------------------------------------------------------------------


Max Delay Paths
--------------------------------------------------------------------------------------
Slack (MET) :             49.059ns  (required time - arrival time)
  Source:                 u_nf_mode_cdc_handshake/mode_shadow_reg[0]/C
                            (rising edge-triggered cell FDSE clocked by clk_20M  {rise@0.000ns fall@25.000ns period=50.000ns})
  Destination:            u_nf_mode_cdc_handshake/audio_mode_reg[0]/D
                            (rising edge-triggered cell FDSE clocked by u_dual_family_audio_clock/clk_44k1_raw  {rise@0.000ns fall@88.577ns period=177.154ns})
  Path Group:             u_dual_family_audio_clock/clk_44k1_raw
  Path Type:              Setup (Max at Slow Process Corner)
  Requirement:            50.000ns  (MaxDelay Path 50.000ns)
  Data Path Delay:        0.757ns  (logic 0.348ns (45.994%)  route 0.409ns (54.006%))
  Logic Levels:           0  
  Timing Exception:       MaxDelay Path 50.000ns -datapath_only

    Location             Delay type                Incr(ns)  Path(ns)    Netlist Resource(s)
  -------------------------------------------------------------------    -------------------
    SLICE_X3Y86                                       0.000     0.000 r  u_nf_mode_cdc_handshake/mode_shadow_reg[0]/C
    SLICE_X3Y86          FDSE (Prop_fdse_C_Q)         0.348     0.348 r  u_nf_mode_cdc_handshake/mode_shadow_reg[0]/Q
                         net (fo=2, routed)           0.409     0.757    mode_shadow[0]
    SLICE_X4Y86          FDSE                                         r  u_nf_mode_cdc_handshake/audio_mode_reg[0]/D
  -------------------------------------------------------------------    -------------------

                         max delay                   50.000    50.000    
    SLICE_X4Y86          FDSE (Setup_fdse_C_D)       -0.184    49.816    u_nf_mode_cdc_handshake/audio_mode_reg[0]
  -------------------------------------------------------------------
                         required time                         49.816    
                         arrival time                          -0.757    
  -------------------------------------------------------------------
                         slack                                 49.059    

Slack (MET) :             49.161ns  (required time - arrival time)
  Source:                 u_nf_mode_cdc_handshake/mode_shadow_reg[1]/C
                            (rising edge-triggered cell FDSE clocked by clk_20M  {rise@0.000ns fall@25.000ns period=50.000ns})
  Destination:            u_nf_mode_cdc_handshake/audio_mode_reg[1]/D
                            (rising edge-triggered cell FDSE clocked by u_dual_family_audio_clock/clk_44k1_raw  {rise@0.000ns fall@88.577ns period=177.154ns})
  Path Group:             u_dual_family_audio_clock/clk_44k1_raw
  Path Type:              Setup (Max at Slow Process Corner)
  Requirement:            50.000ns  (MaxDelay Path 50.000ns)
  Data Path Delay:        0.780ns  (logic 0.379ns (48.566%)  route 0.401ns (51.434%))
  Logic Levels:           0  
  Timing Exception:       MaxDelay Path 50.000ns -datapath_only

    Location             Delay type                Incr(ns)  Path(ns)    Netlist Resource(s)
  -------------------------------------------------------------------    -------------------
    SLICE_X3Y86                                       0.000     0.000 r  u_nf_mode_cdc_handshake/mode_shadow_reg[1]/C
    SLICE_X3Y86          FDSE (Prop_fdse_C_Q)         0.379     0.379 r  u_nf_mode_cdc_handshake/mode_shadow_reg[1]/Q
                         net (fo=2, routed)           0.401     0.780    mode_shadow[1]
    SLICE_X4Y86          FDSE                                         r  u_nf_mode_cdc_handshake/audio_mode_reg[1]/D
  -------------------------------------------------------------------    -------------------

                         max delay                   50.000    50.000    
    SLICE_X4Y86          FDSE (Setup_fdse_C_D)       -0.059    49.941    u_nf_mode_cdc_handshake/audio_mode_reg[1]
  -------------------------------------------------------------------
                         required time                         49.941    
                         arrival time                          -0.780    
  -------------------------------------------------------------------
                         slack                                 49.161    





---------------------------------------------------------------------------------------------------
From Clock:  u_dual_family_audio_clock/clk_44k1_raw
  To Clock:  dac_clk_44k1_128x

Setup :            0  Failing Endpoints,  Worst Slack       84.287ns,  Total Violation        0.000ns
Hold  :            0  Failing Endpoints,  Worst Slack       86.288ns,  Total Violation        0.000ns
---------------------------------------------------------------------------------------------------


Max Delay Paths
--------------------------------------------------------------------------------------
Slack (MET) :             84.287ns  (required time - arrival time)
  Source:                 u_demo_interp_dac8_audio_pcm_common/dac_data_r_reg[4]/C
                            (falling edge-triggered cell FDRE clocked by u_dual_family_audio_clock/clk_44k1_raw  {rise@0.000ns fall@88.577ns period=177.154ns})
  Destination:            dac_data[4]
                            (output port clocked by dac_clk_44k1_128x  {rise@0.000ns fall@88.577ns period=177.154ns})
  Path Group:             dac_clk_44k1_128x
  Path Type:              Max at Slow Process Corner
  Requirement:            88.577ns  (dac_clk_44k1_128x rise@177.154ns - u_dual_family_audio_clock/clk_44k1_raw fall@88.577ns)
  Data Path Delay:        4.154ns  (logic 4.153ns (99.976%)  route 0.001ns (0.024%))
  Logic Levels:           1  (OBUF=1)
  Output Delay:           2.500ns
  Clock Path Skew:        2.822ns (DCD - SCD + CPR)
    Destination Clock Delay (DCD):    10.643ns = ( 187.797 - 177.154 ) 
    Source Clock Delay      (SCD):    8.186ns = ( 96.764 - 88.577 ) 
    Clock Pessimism Removal (CPR):    0.365ns
  Clock Uncertainty:      0.458ns  ((TSJ^2 + DJ^2)^1/2) / 2 + PE
    Total System Jitter     (TSJ):    0.071ns
    Discrete Jitter          (DJ):    0.913ns
    Phase Error              (PE):    0.000ns

    Location             Delay type                Incr(ns)  Path(ns)    Netlist Resource(s)
  -------------------------------------------------------------------    -------------------
                         (clock u_dual_family_audio_clock/clk_44k1_raw fall edge)
                                                     88.577    88.577 f  
    Y18                                               0.000    88.577 f  clk (IN)
                         net (fo=0)                   0.000    88.577    clk
    Y18                  IBUF (Prop_ibuf_I_O)         1.427    90.004 f  u_ibuf_sys_clk/O
                         net (fo=1, routed)           1.693    91.697    clk_ibuf
    BUFGCTRL_X0Y0        BUFG (Prop_bufg_I_O)         0.081    91.778 f  u_bufg_sys_clk/O
                         net (fo=58, routed)          1.538    93.316    clk_sys_bufg
    MMCME2_ADV_X0Y2      MMCME2_ADV (Prop_mmcme2_adv_CLKIN1_CLKOUT0)
                                                      0.077    93.393 f  u_dual_family_audio_clock/u_mmcm_44k1/CLKOUT0
                         net (fo=1, routed)           1.698    95.091    u_dual_family_audio_clock/clk_44k1_raw
    BUFGCTRL_X0Y16       BUFGCTRL (Prop_bufgctrl_I0_O)
                                                      0.081    95.172 f  u_dual_family_audio_clock/u_bufgmux_audio_family/O
                         net (fo=330, routed)         1.592    96.764    clk_audio_128x
    OLOGIC_X0Y120        FDRE                                         r  u_demo_interp_dac8_audio_pcm_common/dac_data_r_reg[4]/C  (IS_INVERTED)
  -------------------------------------------------------------------    -------------------
    OLOGIC_X0Y120        FDRE (Prop_fdre_C_Q)         0.418    97.182 r  u_demo_interp_dac8_audio_pcm_common/dac_data_r_reg[4]/Q
                         net (fo=1, routed)           0.001    97.183    dac_data_OBUF[4]
    F18                  OBUF (Prop_obuf_I_O)         3.735   100.918 r  dac_data_OBUF[4]_inst/O
                         net (fo=0)                   0.000   100.918    dac_data[4]
    F18                                                               r  dac_data[4] (OUT)
  -------------------------------------------------------------------    -------------------

                         (clock dac_clk_44k1_128x rise edge)
                                                    177.154   177.154 r  
    Y18                                               0.000   177.154 r  clk (IN)
                         net (fo=0)                   0.000   177.154    clk
    Y18                  IBUF (Prop_ibuf_I_O)         1.361   178.515 r  u_ibuf_sys_clk/O
                         net (fo=1, routed)           1.604   180.119    clk_ibuf
    BUFGCTRL_X0Y0        BUFG (Prop_bufg_I_O)         0.077   180.196 r  u_bufg_sys_clk/O
                         net (fo=58, routed)          1.426   181.622    clk_sys_bufg
    MMCME2_ADV_X0Y2      MMCME2_ADV (Prop_mmcme2_adv_CLKIN1_CLKOUT0)
                                                      0.073   181.695 r  u_dual_family_audio_clock/u_mmcm_44k1/CLKOUT0
                         net (fo=1, routed)           1.617   183.312    u_dual_family_audio_clock/clk_44k1_raw
    BUFGCTRL_X0Y16       BUFGCTRL (Prop_bufgctrl_I0_O)
                                                      0.077   183.389 r  u_dual_family_audio_clock/u_bufgmux_audio_family/O
                         net (fo=330, routed)         1.299   184.688    clk_audio_128x
    OLOGIC_X0Y95         ODDR (Prop_oddr_C_Q)         0.363   185.051 r  u_demo_interp_dac8_audio_pcm_common/gen_dac_clock_oddr.u_dac_clock_oddr/Q
                         net (fo=1, routed)           0.001   185.052    dac_clk_OBUF
    G16                  OBUF (Prop_obuf_I_O)         2.745   187.797 r  dac_clk_OBUF_inst/O
                         net (fo=0)                   0.000   187.797    dac_clk
    G16                                                               r  dac_clk (OUT)
                         clock pessimism              0.365   188.163    
                         clock uncertainty           -0.458   187.705    
                         output delay                -2.500   185.205    
  -------------------------------------------------------------------
                         required time                        185.205    
                         arrival time                        -100.918    
  -------------------------------------------------------------------
                         slack                                 84.287    

Slack (MET) :             84.290ns  (required time - arrival time)
  Source:                 u_demo_interp_dac8_audio_pcm_common/dac_data_r_reg[1]/C
                            (falling edge-triggered cell FDRE clocked by u_dual_family_audio_clock/clk_44k1_raw  {rise@0.000ns fall@88.577ns period=177.154ns})
  Destination:            dac_data[1]
                            (output port clocked by dac_clk_44k1_128x  {rise@0.000ns fall@88.577ns period=177.154ns})
  Path Group:             dac_clk_44k1_128x
  Path Type:              Max at Slow Process Corner
  Requirement:            88.577ns  (dac_clk_44k1_128x rise@177.154ns - u_dual_family_audio_clock/clk_44k1_raw fall@88.577ns)
  Data Path Delay:        4.152ns  (logic 4.151ns (99.976%)  route 0.001ns (0.024%))
  Logic Levels:           1  (OBUF=1)
  Output Delay:           2.500ns
  Clock Path Skew:        2.823ns (DCD - SCD + CPR)
    Destination Clock Delay (DCD):    10.643ns = ( 187.797 - 177.154 ) 
    Source Clock Delay      (SCD):    8.185ns = ( 96.763 - 88.577 ) 
    Clock Pessimism Removal (CPR):    0.365ns
  Clock Uncertainty:      0.458ns  ((TSJ^2 + DJ^2)^1/2) / 2 + PE
    Total System Jitter     (TSJ):    0.071ns
    Discrete Jitter          (DJ):    0.913ns
    Phase Error              (PE):    0.000ns

    Location             Delay type                Incr(ns)  Path(ns)    Netlist Resource(s)
  -------------------------------------------------------------------    -------------------
                         (clock u_dual_family_audio_clock/clk_44k1_raw fall edge)
                                                     88.577    88.577 f  
    Y18                                               0.000    88.577 f  clk (IN)
                         net (fo=0)                   0.000    88.577    clk
    Y18                  IBUF (Prop_ibuf_I_O)         1.427    90.004 f  u_ibuf_sys_clk/O
                         net (fo=1, routed)           1.693    91.697    clk_ibuf
    BUFGCTRL_X0Y0        BUFG (Prop_bufg_I_O)         0.081    91.778 f  u_bufg_sys_clk/O
                         net (fo=58, routed)          1.538    93.316    clk_sys_bufg
    MMCME2_ADV_X0Y2      MMCME2_ADV (Prop_mmcme2_adv_CLKIN1_CLKOUT0)
                                                      0.077    93.393 f  u_dual_family_audio_clock/u_mmcm_44k1/CLKOUT0
                         net (fo=1, routed)           1.698    95.091    u_dual_family_audio_clock/clk_44k1_raw
    BUFGCTRL_X0Y16       BUFGCTRL (Prop_bufgctrl_I0_O)
                                                      0.081    95.172 f  u_dual_family_audio_clock/u_bufgmux_audio_family/O
                         net (fo=330, routed)         1.591    96.763    clk_audio_128x
    OLOGIC_X0Y122        FDRE                                         r  u_demo_interp_dac8_audio_pcm_common/dac_data_r_reg[1]/C  (IS_INVERTED)
  -------------------------------------------------------------------    -------------------
    OLOGIC_X0Y122        FDRE (Prop_fdre_C_Q)         0.418    97.181 r  u_demo_interp_dac8_audio_pcm_common/dac_data_r_reg[1]/Q
                         net (fo=1, routed)           0.001    97.182    dac_data_OBUF[1]
    E19                  OBUF (Prop_obuf_I_O)         3.733   100.914 r  dac_data_OBUF[1]_inst/O
                         net (fo=0)                   0.000   100.914    dac_data[1]
    E19                                                               r  dac_data[1] (OUT)
  -------------------------------------------------------------------    -------------------

                         (clock dac_clk_44k1_128x rise edge)
                                                    177.154   177.154 r  
    Y18                                               0.000   177.154 r  clk (IN)
                         net (fo=0)                   0.000   177.154    clk
    Y18                  IBUF (Prop_ibuf_I_O)         1.361   178.515 r  u_ibuf_sys_clk/O
                         net (fo=1, routed)           1.604   180.119    clk_ibuf
    BUFGCTRL_X0Y0        BUFG (Prop_bufg_I_O)         0.077   180.196 r  u_bufg_sys_clk/O
                         net (fo=58, routed)          1.426   181.622    clk_sys_bufg
    MMCME2_ADV_X0Y2      MMCME2_ADV (Prop_mmcme2_adv_CLKIN1_CLKOUT0)
                                                      0.073   181.695 r  u_dual_family_audio_clock/u_mmcm_44k1/CLKOUT0
                         net (fo=1, routed)           1.617   183.312    u_dual_family_audio_clock/clk_44k1_raw
    BUFGCTRL_X0Y16       BUFGCTRL (Prop_bufgctrl_I0_O)
                                                      0.077   183.389 r  u_dual_family_audio_clock/u_bufgmux_audio_family/O
                         net (fo=330, routed)         1.299   184.688    clk_audio_128x
    OLOGIC_X0Y95         ODDR (Prop_oddr_C_Q)         0.363   185.051 r  u_demo_interp_dac8_audio_pcm_common/gen_dac_clock_oddr.u_dac_clock_oddr/Q
                         net (fo=1, routed)           0.001   185.052    dac_clk_OBUF
    G16                  OBUF (Prop_obuf_I_O)         2.745   187.797 r  dac_clk_OBUF_inst/O
                         net (fo=0)                   0.000   187.797    dac_clk
    G16                                                               r  dac_clk (OUT)
                         clock pessimism              0.365   188.163    
                         clock uncertainty           -0.458   187.705    
                         output delay                -2.500   185.205    
  -------------------------------------------------------------------
                         required time                        185.205    
                         arrival time                        -100.914    
  -------------------------------------------------------------------
                         slack                                 84.290    

Slack (MET) :             84.291ns  (required time - arrival time)
  Source:                 u_demo_interp_dac8_audio_pcm_common/dac_data_r_reg[7]/C
                            (falling edge-triggered cell FDSE clocked by u_dual_family_audio_clock/clk_44k1_raw  {rise@0.000ns fall@88.577ns period=177.154ns})
  Destination:            dac_data[7]
                            (output port clocked by dac_clk_44k1_128x  {rise@0.000ns fall@88.577ns period=177.154ns})
  Path Group:             dac_clk_44k1_128x
  Path Type:              Max at Slow Process Corner
  Requirement:            88.577ns  (dac_clk_44k1_128x rise@177.154ns - u_dual_family_audio_clock/clk_44k1_raw fall@88.577ns)
  Data Path Delay:        4.153ns  (logic 4.152ns (99.976%)  route 0.001ns (0.024%))
  Logic Levels:           1  (OBUF=1)
  Output Delay:           2.500ns
  Clock Path Skew:        2.825ns (DCD - SCD + CPR)
    Destination Clock Delay (DCD):    10.643ns = ( 187.797 - 177.154 ) 
    Source Clock Delay      (SCD):    8.183ns = ( 96.761 - 88.577 ) 
    Clock Pessimism Removal (CPR):    0.365ns
  Clock Uncertainty:      0.458ns  ((TSJ^2 + DJ^2)^1/2) / 2 + PE
    Total System Jitter     (TSJ):    0.071ns
    Discrete Jitter          (DJ):    0.913ns
    Phase Error              (PE):    0.000ns

    Location             Delay type                Incr(ns)  Path(ns)    Netlist Resource(s)
  -------------------------------------------------------------------    -------------------
                         (clock u_dual_family_audio_clock/clk_44k1_raw fall edge)
                                                     88.577    88.577 f  
    Y18                                               0.000    88.577 f  clk (IN)
                         net (fo=0)                   0.000    88.577    clk
    Y18                  IBUF (Prop_ibuf_I_O)         1.427    90.004 f  u_ibuf_sys_clk/O
                         net (fo=1, routed)           1.693    91.697    clk_ibuf
    BUFGCTRL_X0Y0        BUFG (Prop_bufg_I_O)         0.081    91.778 f  u_bufg_sys_clk/O
                         net (fo=58, routed)          1.538    93.316    clk_sys_bufg
    MMCME2_ADV_X0Y2      MMCME2_ADV (Prop_mmcme2_adv_CLKIN1_CLKOUT0)
                                                      0.077    93.393 f  u_dual_family_audio_clock/u_mmcm_44k1/CLKOUT0
                         net (fo=1, routed)           1.698    95.091    u_dual_family_audio_clock/clk_44k1_raw
    BUFGCTRL_X0Y16       BUFGCTRL (Prop_bufgctrl_I0_O)
                                                      0.081    95.172 f  u_dual_family_audio_clock/u_bufgmux_audio_family/O
                         net (fo=330, routed)         1.589    96.761    clk_audio_128x
    OLOGIC_X0Y125        FDSE                                         r  u_demo_interp_dac8_audio_pcm_common/dac_data_r_reg[7]/C  (IS_INVERTED)
  -------------------------------------------------------------------    -------------------
    OLOGIC_X0Y125        FDSE (Prop_fdse_C_Q)         0.418    97.179 r  u_demo_interp_dac8_audio_pcm_common/dac_data_r_reg[7]/Q
                         net (fo=1, routed)           0.001    97.180    dac_data_OBUF[7]
    C17                  OBUF (Prop_obuf_I_O)         3.734   100.914 r  dac_data_OBUF[7]_inst/O
                         net (fo=0)                   0.000   100.914    dac_data[7]
    C17                                                               r  dac_data[7] (OUT)
  -------------------------------------------------------------------    -------------------

                         (clock dac_clk_44k1_128x rise edge)
                                                    177.154   177.154 r  
    Y18                                               0.000   177.154 r  clk (IN)
                         net (fo=0)                   0.000   177.154    clk
    Y18                  IBUF (Prop_ibuf_I_O)         1.361   178.515 r  u_ibuf_sys_clk/O
                         net (fo=1, routed)           1.604   180.119    clk_ibuf
    BUFGCTRL_X0Y0        BUFG (Prop_bufg_I_O)         0.077   180.196 r  u_bufg_sys_clk/O
                         net (fo=58, routed)          1.426   181.622    clk_sys_bufg
    MMCME2_ADV_X0Y2      MMCME2_ADV (Prop_mmcme2_adv_CLKIN1_CLKOUT0)
                                                      0.073   181.695 r  u_dual_family_audio_clock/u_mmcm_44k1/CLKOUT0
                         net (fo=1, routed)           1.617   183.312    u_dual_family_audio_clock/clk_44k1_raw
    BUFGCTRL_X0Y16       BUFGCTRL (Prop_bufgctrl_I0_O)
                                                      0.077   183.389 r  u_dual_family_audio_clock/u_bufgmux_audio_family/O
                         net (fo=330, routed)         1.299   184.688    clk_audio_128x
    OLOGIC_X0Y95         ODDR (Prop_oddr_C_Q)         0.363   185.051 r  u_demo_interp_dac8_audio_pcm_common/gen_dac_clock_oddr.u_dac_clock_oddr/Q
                         net (fo=1, routed)           0.001   185.052    dac_clk_OBUF
    G16                  OBUF (Prop_obuf_I_O)         2.745   187.797 r  dac_clk_OBUF_inst/O
                         net (fo=0)                   0.000   187.797    dac_clk
    G16                                                               r  dac_clk (OUT)
                         clock pessimism              0.365   188.163    
                         clock uncertainty           -0.458   187.705    
                         output delay                -2.500   185.205    
  -------------------------------------------------------------------
                         required time                        185.205    
                         arrival time                        -100.914    
  -------------------------------------------------------------------
                         slack                                 84.291    

Slack (MET) :             84.309ns  (required time - arrival time)
  Source:                 u_demo_interp_dac8_audio_pcm_common/dac_data_r_reg[6]/C
                            (falling edge-triggered cell FDRE clocked by u_dual_family_audio_clock/clk_44k1_raw  {rise@0.000ns fall@88.577ns period=177.154ns})
  Destination:            dac_data[6]
                            (output port clocked by dac_clk_44k1_128x  {rise@0.000ns fall@88.577ns period=177.154ns})
  Path Group:             dac_clk_44k1_128x
  Path Type:              Max at Slow Process Corner
  Requirement:            88.577ns  (dac_clk_44k1_128x rise@177.154ns - u_dual_family_audio_clock/clk_44k1_raw fall@88.577ns)
  Data Path Delay:        4.119ns  (logic 4.118ns (99.976%)  route 0.001ns (0.024%))
  Logic Levels:           1  (OBUF=1)
  Output Delay:           2.500ns
  Clock Path Skew:        2.809ns (DCD - SCD + CPR)
    Destination Clock Delay (DCD):    10.643ns = ( 187.797 - 177.154 ) 
    Source Clock Delay      (SCD):    8.199ns = ( 96.777 - 88.577 ) 
    Clock Pessimism Removal (CPR):    0.365ns
  Clock Uncertainty:      0.458ns  ((TSJ^2 + DJ^2)^1/2) / 2 + PE
    Total System Jitter     (TSJ):    0.071ns
    Discrete Jitter          (DJ):    0.913ns
    Phase Error              (PE):    0.000ns

    Location             Delay type                Incr(ns)  Path(ns)    Netlist Resource(s)
  -------------------------------------------------------------------    -------------------
                         (clock u_dual_family_audio_clock/clk_44k1_raw fall edge)
                                                     88.577    88.577 f  
    Y18                                               0.000    88.577 f  clk (IN)
                         net (fo=0)                   0.000    88.577    clk
    Y18                  IBUF (Prop_ibuf_I_O)         1.427    90.004 f  u_ibuf_sys_clk/O
                         net (fo=1, routed)           1.693    91.697    clk_ibuf
    BUFGCTRL_X0Y0        BUFG (Prop_bufg_I_O)         0.081    91.778 f  u_bufg_sys_clk/O
                         net (fo=58, routed)          1.538    93.316    clk_sys_bufg
    MMCME2_ADV_X0Y2      MMCME2_ADV (Prop_mmcme2_adv_CLKIN1_CLKOUT0)
                                                      0.077    93.393 f  u_dual_family_audio_clock/u_mmcm_44k1/CLKOUT0
                         net (fo=1, routed)           1.698    95.091    u_dual_family_audio_clock/clk_44k1_raw
    BUFGCTRL_X0Y16       BUFGCTRL (Prop_bufgctrl_I0_O)
                                                      0.081    95.172 f  u_dual_family_audio_clock/u_bufgmux_audio_family/O
                         net (fo=330, routed)         1.605    96.777    clk_audio_128x
    OLOGIC_X0Y145        FDRE                                         r  u_demo_interp_dac8_audio_pcm_common/dac_data_r_reg[6]/C  (IS_INVERTED)
  -------------------------------------------------------------------    -------------------
    OLOGIC_X0Y145        FDRE (Prop_fdre_C_Q)         0.418    97.195 r  u_demo_interp_dac8_audio_pcm_common/dac_data_r_reg[6]/Q
                         net (fo=1, routed)           0.001    97.196    dac_data_OBUF[6]
    E17                  OBUF (Prop_obuf_I_O)         3.700   100.896 r  dac_data_OBUF[6]_inst/O
                         net (fo=0)                   0.000   100.896    dac_data[6]
    E17                                                               r  dac_data[6] (OUT)
  -------------------------------------------------------------------    -------------------

                         (clock dac_clk_44k1_128x rise edge)
                                                    177.154   177.154 r  
    Y18                                               0.000   177.154 r  clk (IN)
                         net (fo=0)                   0.000   177.154    clk
    Y18                  IBUF (Prop_ibuf_I_O)         1.361   178.515 r  u_ibuf_sys_clk/O
                         net (fo=1, routed)           1.604   180.119    clk_ibuf
    BUFGCTRL_X0Y0        BUFG (Prop_bufg_I_O)         0.077   180.196 r  u_bufg_sys_clk/O
                         net (fo=58, routed)          1.426   181.622    clk_sys_bufg
    MMCME2_ADV_X0Y2      MMCME2_ADV (Prop_mmcme2_adv_CLKIN1_CLKOUT0)
                                                      0.073   181.695 r  u_dual_family_audio_clock/u_mmcm_44k1/CLKOUT0
                         net (fo=1, routed)           1.617   183.312    u_dual_family_audio_clock/clk_44k1_raw
    BUFGCTRL_X0Y16       BUFGCTRL (Prop_bufgctrl_I0_O)
                                                      0.077   183.389 r  u_dual_family_audio_clock/u_bufgmux_audio_family/O
                         net (fo=330, routed)         1.299   184.688    clk_audio_128x
    OLOGIC_X0Y95         ODDR (Prop_oddr_C_Q)         0.363   185.051 r  u_demo_interp_dac8_audio_pcm_common/gen_dac_clock_oddr.u_dac_clock_oddr/Q
                         net (fo=1, routed)           0.001   185.052    dac_clk_OBUF
    G16                  OBUF (Prop_obuf_I_O)         2.745   187.797 r  dac_clk_OBUF_inst/O
                         net (fo=0)                   0.000   187.797    dac_clk
    G16                                                               r  dac_clk (OUT)
                         clock pessimism              0.365   188.163    
                         clock uncertainty           -0.458   187.705    
                         output delay                -2.500   185.205    
  -------------------------------------------------------------------
                         required time                        185.205    
                         arrival time                        -100.896    
  -------------------------------------------------------------------
                         slack                                 84.309    

Slack (MET) :             84.541ns  (required time - arrival time)
  Source:                 u_demo_interp_dac8_audio_pcm_common/dac_data_r_reg[3]/C
                            (falling edge-triggered cell FDRE clocked by u_dual_family_audio_clock/clk_44k1_raw  {rise@0.000ns fall@88.577ns period=177.154ns})
  Destination:            dac_data[3]
                            (output port clocked by dac_clk_44k1_128x  {rise@0.000ns fall@88.577ns period=177.154ns})
  Path Group:             dac_clk_44k1_128x
  Path Type:              Max at Slow Process Corner
  Requirement:            88.577ns  (dac_clk_44k1_128x rise@177.154ns - u_dual_family_audio_clock/clk_44k1_raw fall@88.577ns)
  Data Path Delay:        4.159ns  (logic 4.158ns (99.976%)  route 0.001ns (0.024%))
  Logic Levels:           1  (OBUF=1)
  Output Delay:           2.500ns
  Clock Path Skew:        3.081ns (DCD - SCD + CPR)
    Destination Clock Delay (DCD):    10.643ns = ( 187.797 - 177.154 ) 
    Source Clock Delay      (SCD):    8.035ns = ( 96.612 - 88.577 ) 
    Clock Pessimism Removal (CPR):    0.473ns
  Clock Uncertainty:      0.458ns  ((TSJ^2 + DJ^2)^1/2) / 2 + PE
    Total System Jitter     (TSJ):    0.071ns
    Discrete Jitter          (DJ):    0.913ns
    Phase Error              (PE):    0.000ns

    Location             Delay type                Incr(ns)  Path(ns)    Netlist Resource(s)
  -------------------------------------------------------------------    -------------------
                         (clock u_dual_family_audio_clock/clk_44k1_raw fall edge)
                                                     88.577    88.577 f  
    Y18                                               0.000    88.577 f  clk (IN)
                         net (fo=0)                   0.000    88.577    clk
    Y18                  IBUF (Prop_ibuf_I_O)         1.427    90.004 f  u_ibuf_sys_clk/O
                         net (fo=1, routed)           1.693    91.697    clk_ibuf
    BUFGCTRL_X0Y0        BUFG (Prop_bufg_I_O)         0.081    91.778 f  u_bufg_sys_clk/O
                         net (fo=58, routed)          1.538    93.316    clk_sys_bufg
    MMCME2_ADV_X0Y2      MMCME2_ADV (Prop_mmcme2_adv_CLKIN1_CLKOUT0)
                                                      0.077    93.393 f  u_dual_family_audio_clock/u_mmcm_44k1/CLKOUT0
                         net (fo=1, routed)           1.698    95.091    u_dual_family_audio_clock/clk_44k1_raw
    BUFGCTRL_X0Y16       BUFGCTRL (Prop_bufgctrl_I0_O)
                                                      0.081    95.172 f  u_dual_family_audio_clock/u_bufgmux_audio_family/O
                         net (fo=330, routed)         1.440    96.612    clk_audio_128x
    OLOGIC_X0Y91         FDRE                                         r  u_demo_interp_dac8_audio_pcm_common/dac_data_r_reg[3]/C  (IS_INVERTED)
  -------------------------------------------------------------------    -------------------
    OLOGIC_X0Y91         FDRE (Prop_fdre_C_Q)         0.418    97.030 r  u_demo_interp_dac8_audio_pcm_common/dac_data_r_reg[3]/Q
                         net (fo=1, routed)           0.001    97.031    dac_data_OBUF[3]
    G18                  OBUF (Prop_obuf_I_O)         3.740   100.771 r  dac_data_OBUF[3]_inst/O
                         net (fo=0)                   0.000   100.771    dac_data[3]
    G18                                                               r  dac_data[3] (OUT)
  -------------------------------------------------------------------    -------------------

                         (clock dac_clk_44k1_128x rise edge)
                                                    177.154   177.154 r  
    Y18                                               0.000   177.154 r  clk (IN)
                         net (fo=0)                   0.000   177.154    clk
    Y18                  IBUF (Prop_ibuf_I_O)         1.361   178.515 r  u_ibuf_sys_clk/O
                         net (fo=1, routed)           1.604   180.119    clk_ibuf
    BUFGCTRL_X0Y0        BUFG (Prop_bufg_I_O)         0.077   180.196 r  u_bufg_sys_clk/O
                         net (fo=58, routed)          1.426   181.622    clk_sys_bufg
    MMCME2_ADV_X0Y2      MMCME2_ADV (Prop_mmcme2_adv_CLKIN1_CLKOUT0)
                                                      0.073   181.695 r  u_dual_family_audio_clock/u_mmcm_44k1/CLKOUT0
                         net (fo=1, routed)           1.617   183.312    u_dual_family_audio_clock/clk_44k1_raw
    BUFGCTRL_X0Y16       BUFGCTRL (Prop_bufgctrl_I0_O)
                                                      0.077   183.389 r  u_dual_family_audio_clock/u_bufgmux_audio_family/O
                         net (fo=330, routed)         1.299   184.688    clk_audio_128x
    OLOGIC_X0Y95         ODDR (Prop_oddr_C_Q)         0.363   185.051 r  u_demo_interp_dac8_audio_pcm_common/gen_dac_clock_oddr.u_dac_clock_oddr/Q
                         net (fo=1, routed)           0.001   185.052    dac_clk_OBUF
    G16                  OBUF (Prop_obuf_I_O)         2.745   187.797 r  dac_clk_OBUF_inst/O
                         net (fo=0)                   0.000   187.797    dac_clk
    G16                                                               r  dac_clk (OUT)
                         clock pessimism              0.473   188.270    
                         clock uncertainty           -0.458   187.812    
                         output delay                -2.500   185.312    
  -------------------------------------------------------------------
                         required time                        185.312    
                         arrival time                        -100.771    
  -------------------------------------------------------------------
                         slack                                 84.541    

Slack (MET) :             84.544ns  (required time - arrival time)
  Source:                 u_demo_interp_dac8_audio_pcm_common/dac_data_r_reg[5]/C
                            (falling edge-triggered cell FDRE clocked by u_dual_family_audio_clock/clk_44k1_raw  {rise@0.000ns fall@88.577ns period=177.154ns})
  Destination:            dac_data[5]
                            (output port clocked by dac_clk_44k1_128x  {rise@0.000ns fall@88.577ns period=177.154ns})
  Path Group:             dac_clk_44k1_128x
  Path Type:              Max at Slow Process Corner
  Requirement:            88.577ns  (dac_clk_44k1_128x rise@177.154ns - u_dual_family_audio_clock/clk_44k1_raw fall@88.577ns)
  Data Path Delay:        4.156ns  (logic 4.155ns (99.976%)  route 0.001ns (0.024%))
  Logic Levels:           1  (OBUF=1)
  Output Delay:           2.500ns
  Clock Path Skew:        3.081ns (DCD - SCD + CPR)
    Destination Clock Delay (DCD):    10.643ns = ( 187.797 - 177.154 ) 
    Source Clock Delay      (SCD):    8.035ns = ( 96.612 - 88.577 ) 
    Clock Pessimism Removal (CPR):    0.473ns
  Clock Uncertainty:      0.458ns  ((TSJ^2 + DJ^2)^1/2) / 2 + PE
    Total System Jitter     (TSJ):    0.071ns
    Discrete Jitter          (DJ):    0.913ns
    Phase Error              (PE):    0.000ns

    Location             Delay type                Incr(ns)  Path(ns)    Netlist Resource(s)
  -------------------------------------------------------------------    -------------------
                         (clock u_dual_family_audio_clock/clk_44k1_raw fall edge)
                                                     88.577    88.577 f  
    Y18                                               0.000    88.577 f  clk (IN)
                         net (fo=0)                   0.000    88.577    clk
    Y18                  IBUF (Prop_ibuf_I_O)         1.427    90.004 f  u_ibuf_sys_clk/O
                         net (fo=1, routed)           1.693    91.697    clk_ibuf
    BUFGCTRL_X0Y0        BUFG (Prop_bufg_I_O)         0.081    91.778 f  u_bufg_sys_clk/O
                         net (fo=58, routed)          1.538    93.316    clk_sys_bufg
    MMCME2_ADV_X0Y2      MMCME2_ADV (Prop_mmcme2_adv_CLKIN1_CLKOUT0)
                                                      0.077    93.393 f  u_dual_family_audio_clock/u_mmcm_44k1/CLKOUT0
                         net (fo=1, routed)           1.698    95.091    u_dual_family_audio_clock/clk_44k1_raw
    BUFGCTRL_X0Y16       BUFGCTRL (Prop_bufgctrl_I0_O)
                                                      0.081    95.172 f  u_dual_family_audio_clock/u_bufgmux_audio_family/O
                         net (fo=330, routed)         1.440    96.612    clk_audio_128x
    OLOGIC_X0Y92         FDRE                                         r  u_demo_interp_dac8_audio_pcm_common/dac_data_r_reg[5]/C  (IS_INVERTED)
  -------------------------------------------------------------------    -------------------
    OLOGIC_X0Y92         FDRE (Prop_fdre_C_Q)         0.418    97.030 r  u_demo_interp_dac8_audio_pcm_common/dac_data_r_reg[5]/Q
                         net (fo=1, routed)           0.001    97.031    dac_data_OBUF[5]
    G17                  OBUF (Prop_obuf_I_O)         3.737   100.768 r  dac_data_OBUF[5]_inst/O
                         net (fo=0)                   0.000   100.768    dac_data[5]
    G17                                                               r  dac_data[5] (OUT)
  -------------------------------------------------------------------    -------------------

                         (clock dac_clk_44k1_128x rise edge)
                                                    177.154   177.154 r  
    Y18                                               0.000   177.154 r  clk (IN)
                         net (fo=0)                   0.000   177.154    clk
    Y18                  IBUF (Prop_ibuf_I_O)         1.361   178.515 r  u_ibuf_sys_clk/O
                         net (fo=1, routed)           1.604   180.119    clk_ibuf
    BUFGCTRL_X0Y0        BUFG (Prop_bufg_I_O)         0.077   180.196 r  u_bufg_sys_clk/O
                         net (fo=58, routed)          1.426   181.622    clk_sys_bufg
    MMCME2_ADV_X0Y2      MMCME2_ADV (Prop_mmcme2_adv_CLKIN1_CLKOUT0)
                                                      0.073   181.695 r  u_dual_family_audio_clock/u_mmcm_44k1/CLKOUT0
                         net (fo=1, routed)           1.617   183.312    u_dual_family_audio_clock/clk_44k1_raw
    BUFGCTRL_X0Y16       BUFGCTRL (Prop_bufgctrl_I0_O)
                                                      0.077   183.389 r  u_dual_family_audio_clock/u_bufgmux_audio_family/O
                         net (fo=330, routed)         1.299   184.688    clk_audio_128x
    OLOGIC_X0Y95         ODDR (Prop_oddr_C_Q)         0.363   185.051 r  u_demo_interp_dac8_audio_pcm_common/gen_dac_clock_oddr.u_dac_clock_oddr/Q
                         net (fo=1, routed)           0.001   185.052    dac_clk_OBUF
    G16                  OBUF (Prop_obuf_I_O)         2.745   187.797 r  dac_clk_OBUF_inst/O
                         net (fo=0)                   0.000   187.797    dac_clk
    G16                                                               r  dac_clk (OUT)
                         clock pessimism              0.473   188.270    
                         clock uncertainty           -0.458   187.812    
                         output delay                -2.500   185.312    
  -------------------------------------------------------------------
                         required time                        185.312    
                         arrival time                        -100.768    
  -------------------------------------------------------------------
                         slack                                 84.544    

Slack (MET) :             84.559ns  (required time - arrival time)
  Source:                 u_demo_interp_dac8_audio_pcm_common/dac_data_r_reg[0]/C
                            (falling edge-triggered cell FDRE clocked by u_dual_family_audio_clock/clk_44k1_raw  {rise@0.000ns fall@88.577ns period=177.154ns})
  Destination:            dac_data[0]
                            (output port clocked by dac_clk_44k1_128x  {rise@0.000ns fall@88.577ns period=177.154ns})
  Path Group:             dac_clk_44k1_128x
  Path Type:              Max at Slow Process Corner
  Requirement:            88.577ns  (dac_clk_44k1_128x rise@177.154ns - u_dual_family_audio_clock/clk_44k1_raw fall@88.577ns)
  Data Path Delay:        4.155ns  (logic 4.154ns (99.976%)  route 0.001ns (0.024%))
  Logic Levels:           1  (OBUF=1)
  Output Delay:           2.500ns
  Clock Path Skew:        3.095ns (DCD - SCD + CPR)
    Destination Clock Delay (DCD):    10.643ns = ( 187.797 - 177.154 ) 
    Source Clock Delay      (SCD):    8.021ns = ( 96.598 - 88.577 ) 
    Clock Pessimism Removal (CPR):    0.473ns
  Clock Uncertainty:      0.458ns  ((TSJ^2 + DJ^2)^1/2) / 2 + PE
    Total System Jitter     (TSJ):    0.071ns
    Discrete Jitter          (DJ):    0.913ns
    Phase Error              (PE):    0.000ns

    Location             Delay type                Incr(ns)  Path(ns)    Netlist Resource(s)
  -------------------------------------------------------------------    -------------------
                         (clock u_dual_family_audio_clock/clk_44k1_raw fall edge)
                                                     88.577    88.577 f  
    Y18                                               0.000    88.577 f  clk (IN)
                         net (fo=0)                   0.000    88.577    clk
    Y18                  IBUF (Prop_ibuf_I_O)         1.427    90.004 f  u_ibuf_sys_clk/O
                         net (fo=1, routed)           1.693    91.697    clk_ibuf
    BUFGCTRL_X0Y0        BUFG (Prop_bufg_I_O)         0.081    91.778 f  u_bufg_sys_clk/O
                         net (fo=58, routed)          1.538    93.316    clk_sys_bufg
    MMCME2_ADV_X0Y2      MMCME2_ADV (Prop_mmcme2_adv_CLKIN1_CLKOUT0)
                                                      0.077    93.393 f  u_dual_family_audio_clock/u_mmcm_44k1/CLKOUT0
                         net (fo=1, routed)           1.698    95.091    u_dual_family_audio_clock/clk_44k1_raw
    BUFGCTRL_X0Y16       BUFGCTRL (Prop_bufgctrl_I0_O)
                                                      0.081    95.172 f  u_dual_family_audio_clock/u_bufgmux_audio_family/O
                         net (fo=330, routed)         1.426    96.598    clk_audio_128x
    OLOGIC_X0Y75         FDRE                                         r  u_demo_interp_dac8_audio_pcm_common/dac_data_r_reg[0]/C  (IS_INVERTED)
  -------------------------------------------------------------------    -------------------
    OLOGIC_X0Y75         FDRE (Prop_fdre_C_Q)         0.418    97.016 r  u_demo_interp_dac8_audio_pcm_common/dac_data_r_reg[0]/Q
                         net (fo=1, routed)           0.001    97.017    dac_data_OBUF[0]
    H19                  OBUF (Prop_obuf_I_O)         3.736   100.752 r  dac_data_OBUF[0]_inst/O
                         net (fo=0)                   0.000   100.752    dac_data[0]
    H19                                                               r  dac_data[0] (OUT)
  -------------------------------------------------------------------    -------------------

                         (clock dac_clk_44k1_128x rise edge)
                                                    177.154   177.154 r  
    Y18                                               0.000   177.154 r  clk (IN)
                         net (fo=0)                   0.000   177.154    clk
    Y18                  IBUF (Prop_ibuf_I_O)         1.361   178.515 r  u_ibuf_sys_clk/O
                         net (fo=1, routed)           1.604   180.119    clk_ibuf
    BUFGCTRL_X0Y0        BUFG (Prop_bufg_I_O)         0.077   180.196 r  u_bufg_sys_clk/O
                         net (fo=58, routed)          1.426   181.622    clk_sys_bufg
    MMCME2_ADV_X0Y2      MMCME2_ADV (Prop_mmcme2_adv_CLKIN1_CLKOUT0)
                                                      0.073   181.695 r  u_dual_family_audio_clock/u_mmcm_44k1/CLKOUT0
                         net (fo=1, routed)           1.617   183.312    u_dual_family_audio_clock/clk_44k1_raw
    BUFGCTRL_X0Y16       BUFGCTRL (Prop_bufgctrl_I0_O)
                                                      0.077   183.389 r  u_dual_family_audio_clock/u_bufgmux_audio_family/O
                         net (fo=330, routed)         1.299   184.688    clk_audio_128x
    OLOGIC_X0Y95         ODDR (Prop_oddr_C_Q)         0.363   185.051 r  u_demo_interp_dac8_audio_pcm_common/gen_dac_clock_oddr.u_dac_clock_oddr/Q
                         net (fo=1, routed)           0.001   185.052    dac_clk_OBUF
    G16                  OBUF (Prop_obuf_I_O)         2.745   187.797 r  dac_clk_OBUF_inst/O
                         net (fo=0)                   0.000   187.797    dac_clk
    G16                                                               r  dac_clk (OUT)
                         clock pessimism              0.473   188.270    
                         clock uncertainty           -0.458   187.812    
                         output delay                -2.500   185.312    
  -------------------------------------------------------------------
                         required time                        185.312    
                         arrival time                        -100.752    
  -------------------------------------------------------------------
                         slack                                 84.559    

Slack (MET) :             84.566ns  (required time - arrival time)
  Source:                 u_demo_interp_dac8_audio_pcm_common/dac_data_r_reg[2]/C
                            (falling edge-triggered cell FDRE clocked by u_dual_family_audio_clock/clk_44k1_raw  {rise@0.000ns fall@88.577ns period=177.154ns})
  Destination:            dac_data[2]
                            (output port clocked by dac_clk_44k1_128x  {rise@0.000ns fall@88.577ns period=177.154ns})
  Path Group:             dac_clk_44k1_128x
  Path Type:              Max at Slow Process Corner
  Requirement:            88.577ns  (dac_clk_44k1_128x rise@177.154ns - u_dual_family_audio_clock/clk_44k1_raw fall@88.577ns)
  Data Path Delay:        4.136ns  (logic 4.135ns (99.976%)  route 0.001ns (0.024%))
  Logic Levels:           1  (OBUF=1)
  Output Delay:           2.500ns
  Clock Path Skew:        3.083ns (DCD - SCD + CPR)
    Destination Clock Delay (DCD):    10.643ns = ( 187.797 - 177.154 ) 
    Source Clock Delay      (SCD):    8.033ns = ( 96.610 - 88.577 ) 
    Clock Pessimism Removal (CPR):    0.473ns
  Clock Uncertainty:      0.458ns  ((TSJ^2 + DJ^2)^1/2) / 2 + PE
    Total System Jitter     (TSJ):    0.071ns
    Discrete Jitter          (DJ):    0.913ns
    Phase Error              (PE):    0.000ns

    Location             Delay type                Incr(ns)  Path(ns)    Netlist Resource(s)
  -------------------------------------------------------------------    -------------------
                         (clock u_dual_family_audio_clock/clk_44k1_raw fall edge)
                                                     88.577    88.577 f  
    Y18                                               0.000    88.577 f  clk (IN)
                         net (fo=0)                   0.000    88.577    clk
    Y18                  IBUF (Prop_ibuf_I_O)         1.427    90.004 f  u_ibuf_sys_clk/O
                         net (fo=1, routed)           1.693    91.697    clk_ibuf
    BUFGCTRL_X0Y0        BUFG (Prop_bufg_I_O)         0.081    91.778 f  u_bufg_sys_clk/O
                         net (fo=58, routed)          1.538    93.316    clk_sys_bufg
    MMCME2_ADV_X0Y2      MMCME2_ADV (Prop_mmcme2_adv_CLKIN1_CLKOUT0)
                                                      0.077    93.393 f  u_dual_family_audio_clock/u_mmcm_44k1/CLKOUT0
                         net (fo=1, routed)           1.698    95.091    u_dual_family_audio_clock/clk_44k1_raw
    BUFGCTRL_X0Y16       BUFGCTRL (Prop_bufgctrl_I0_O)
                                                      0.081    95.172 f  u_dual_family_audio_clock/u_bufgmux_audio_family/O
                         net (fo=330, routed)         1.438    96.610    clk_audio_128x
    OLOGIC_X0Y87         FDRE                                         r  u_demo_interp_dac8_audio_pcm_common/dac_data_r_reg[2]/C  (IS_INVERTED)
  -------------------------------------------------------------------    -------------------
    OLOGIC_X0Y87         FDRE (Prop_fdre_C_Q)         0.418    97.028 r  u_demo_interp_dac8_audio_pcm_common/dac_data_r_reg[2]/Q
                         net (fo=1, routed)           0.001    97.029    dac_data_OBUF[2]
    H18                  OBUF (Prop_obuf_I_O)         3.717   100.746 r  dac_data_OBUF[2]_inst/O
                         net (fo=0)                   0.000   100.746    dac_data[2]
    H18                                                               r  dac_data[2] (OUT)
  -------------------------------------------------------------------    -------------------

                         (clock dac_clk_44k1_128x rise edge)
                                                    177.154   177.154 r  
    Y18                                               0.000   177.154 r  clk (IN)
                         net (fo=0)                   0.000   177.154    clk
    Y18                  IBUF (Prop_ibuf_I_O)         1.361   178.515 r  u_ibuf_sys_clk/O
                         net (fo=1, routed)           1.604   180.119    clk_ibuf
    BUFGCTRL_X0Y0        BUFG (Prop_bufg_I_O)         0.077   180.196 r  u_bufg_sys_clk/O
                         net (fo=58, routed)          1.426   181.622    clk_sys_bufg
    MMCME2_ADV_X0Y2      MMCME2_ADV (Prop_mmcme2_adv_CLKIN1_CLKOUT0)
                                                      0.073   181.695 r  u_dual_family_audio_clock/u_mmcm_44k1/CLKOUT0
                         net (fo=1, routed)           1.617   183.312    u_dual_family_audio_clock/clk_44k1_raw
    BUFGCTRL_X0Y16       BUFGCTRL (Prop_bufgctrl_I0_O)
                                                      0.077   183.389 r  u_dual_family_audio_clock/u_bufgmux_audio_family/O
                         net (fo=330, routed)         1.299   184.688    clk_audio_128x
    OLOGIC_X0Y95         ODDR (Prop_oddr_C_Q)         0.363   185.051 r  u_demo_interp_dac8_audio_pcm_common/gen_dac_clock_oddr.u_dac_clock_oddr/Q
                         net (fo=1, routed)           0.001   185.052    dac_clk_OBUF
    G16                  OBUF (Prop_obuf_I_O)         2.745   187.797 r  dac_clk_OBUF_inst/O
                         net (fo=0)                   0.000   187.797    dac_clk
    G16                                                               r  dac_clk (OUT)
                         clock pessimism              0.473   188.270    
                         clock uncertainty           -0.458   187.812    
                         output delay                -2.500   185.312    
  -------------------------------------------------------------------
                         required time                        185.312    
                         arrival time                        -100.746    
  -------------------------------------------------------------------
                         slack                                 84.566    





Min Delay Paths
--------------------------------------------------------------------------------------
Slack (MET) :             86.288ns  (arrival time - required time)
  Source:                 u_demo_interp_dac8_audio_pcm_common/dac_data_r_reg[6]/C
                            (falling edge-triggered cell FDRE clocked by u_dual_family_audio_clock/clk_44k1_raw  {rise@0.000ns fall@88.577ns period=177.154ns})
  Destination:            dac_data[6]
                            (output port clocked by dac_clk_44k1_128x  {rise@0.000ns fall@88.577ns period=177.154ns})
  Path Group:             dac_clk_44k1_128x
  Path Type:              Min at Fast Process Corner
  Requirement:            -88.577ns  (dac_clk_44k1_128x rise@0.000ns - u_dual_family_audio_clock/clk_44k1_raw fall@88.577ns)
  Data Path Delay:        2.135ns  (logic 2.134ns (99.953%)  route 0.001ns (0.047%))
  Logic Levels:           1  (OBUF=1)
  Output Delay:           -2.000ns
  Clock Path Skew:        1.967ns (DCD - SCD - CPR)
    Destination Clock Delay (DCD):    5.500ns
    Source Clock Delay      (SCD):    2.951ns = ( 91.528 - 88.577 ) 
    Clock Pessimism Removal (CPR):    0.582ns
  Clock Uncertainty:      0.458ns  ((TSJ^2 + DJ^2)^1/2) / 2 + PE
    Total System Jitter     (TSJ):    0.071ns
    Discrete Jitter          (DJ):    0.913ns
    Phase Error              (PE):    0.000ns

    Location             Delay type                Incr(ns)  Path(ns)    Netlist Resource(s)
  -------------------------------------------------------------------    -------------------
                         (clock u_dual_family_audio_clock/clk_44k1_raw fall edge)
                                                     88.577    88.577 f  
    Y18                                               0.000    88.577 f  clk (IN)
                         net (fo=0)                   0.000    88.577    clk
    Y18                  IBUF (Prop_ibuf_I_O)         0.264    88.841 f  u_ibuf_sys_clk/O
                         net (fo=1, routed)           0.634    89.475    clk_ibuf
    BUFGCTRL_X0Y0        BUFG (Prop_bufg_I_O)         0.026    89.501 f  u_bufg_sys_clk/O
                         net (fo=58, routed)          0.629    90.130    clk_sys_bufg
    MMCME2_ADV_X0Y2      MMCME2_ADV (Prop_mmcme2_adv_CLKIN1_CLKOUT0)
                                                      0.050    90.180 f  u_dual_family_audio_clock/u_mmcm_44k1/CLKOUT0
                         net (fo=1, routed)           0.656    90.836    u_dual_family_audio_clock/clk_44k1_raw
    BUFGCTRL_X0Y16       BUFGCTRL (Prop_bufgctrl_I0_O)
                                                      0.026    90.862 f  u_dual_family_audio_clock/u_bufgmux_audio_family/O
                         net (fo=330, routed)         0.666    91.528    clk_audio_128x
    OLOGIC_X0Y145        FDRE                                         r  u_demo_interp_dac8_audio_pcm_common/dac_data_r_reg[6]/C  (IS_INVERTED)
  -------------------------------------------------------------------    -------------------
    OLOGIC_X0Y145        FDRE (Prop_fdre_C_Q)         0.177    91.705 r  u_demo_interp_dac8_audio_pcm_common/dac_data_r_reg[6]/Q
                         net (fo=1, routed)           0.001    91.706    dac_data_OBUF[6]
    E17                  OBUF (Prop_obuf_I_O)         1.957    93.664 r  dac_data_OBUF[6]_inst/O
                         net (fo=0)                   0.000    93.664    dac_data[6]
    E17                                                               r  dac_data[6] (OUT)
  -------------------------------------------------------------------    -------------------

                         (clock dac_clk_44k1_128x rise edge)
                                                      0.000     0.000 r  
    Y18                                               0.000     0.000 r  clk (IN)
                         net (fo=0)                   0.000     0.000    clk
    Y18                  IBUF (Prop_ibuf_I_O)         0.452     0.452 r  u_ibuf_sys_clk/O
                         net (fo=1, routed)           0.689     1.140    clk_ibuf
    BUFGCTRL_X0Y0        BUFG (Prop_bufg_I_O)         0.029     1.169 r  u_bufg_sys_clk/O
                         net (fo=58, routed)          0.901     2.070    clk_sys_bufg
    MMCME2_ADV_X0Y2      MMCME2_ADV (Prop_mmcme2_adv_CLKIN1_CLKOUT0)
                                                      0.053     2.123 r  u_dual_family_audio_clock/u_mmcm_44k1/CLKOUT0
                         net (fo=1, routed)           0.710     2.833    u_dual_family_audio_clock/clk_44k1_raw
    BUFGCTRL_X0Y16       BUFGCTRL (Prop_bufgctrl_I0_O)
                                                      0.029     2.862 r  u_dual_family_audio_clock/u_bufgmux_audio_family/O
                         net (fo=330, routed)         0.855     3.718    clk_audio_128x
    OLOGIC_X0Y95         ODDR (Prop_oddr_C_Q)         0.204     3.922 r  u_demo_interp_dac8_audio_pcm_common/gen_dac_clock_oddr.u_dac_clock_oddr/Q
                         net (fo=1, routed)           0.001     3.923    dac_clk_OBUF
    G16                  OBUF (Prop_obuf_I_O)         1.577     5.500 r  dac_clk_OBUF_inst/O
                         net (fo=0)                   0.000     5.500    dac_clk
    G16                                                               r  dac_clk (OUT)
                         clock pessimism             -0.582     4.918    
                         clock uncertainty            0.458     5.376    
                         output delay                 2.000     7.376    
  -------------------------------------------------------------------
                         required time                         -7.376    
                         arrival time                          93.664    
  -------------------------------------------------------------------
                         slack                                 86.288    

Slack (MET) :             86.313ns  (arrival time - required time)
  Source:                 u_demo_interp_dac8_audio_pcm_common/dac_data_r_reg[1]/C
                            (falling edge-triggered cell FDRE clocked by u_dual_family_audio_clock/clk_44k1_raw  {rise@0.000ns fall@88.577ns period=177.154ns})
  Destination:            dac_data[1]
                            (output port clocked by dac_clk_44k1_128x  {rise@0.000ns fall@88.577ns period=177.154ns})
  Path Group:             dac_clk_44k1_128x
  Path Type:              Min at Fast Process Corner
  Requirement:            -88.577ns  (dac_clk_44k1_128x rise@0.000ns - u_dual_family_audio_clock/clk_44k1_raw fall@88.577ns)
  Data Path Delay:        2.168ns  (logic 2.167ns (99.954%)  route 0.001ns (0.046%))
  Logic Levels:           1  (OBUF=1)
  Output Delay:           -2.000ns
  Clock Path Skew:        1.974ns (DCD - SCD - CPR)
    Destination Clock Delay (DCD):    5.500ns
    Source Clock Delay      (SCD):    2.944ns = ( 91.521 - 88.577 ) 
    Clock Pessimism Removal (CPR):    0.582ns
  Clock Uncertainty:      0.458ns  ((TSJ^2 + DJ^2)^1/2) / 2 + PE
    Total System Jitter     (TSJ):    0.071ns
    Discrete Jitter          (DJ):    0.913ns
    Phase Error              (PE):    0.000ns

    Location             Delay type                Incr(ns)  Path(ns)    Netlist Resource(s)
  -------------------------------------------------------------------    -------------------
                         (clock u_dual_family_audio_clock/clk_44k1_raw fall edge)
                                                     88.577    88.577 f  
    Y18                                               0.000    88.577 f  clk (IN)
                         net (fo=0)                   0.000    88.577    clk
    Y18                  IBUF (Prop_ibuf_I_O)         0.264    88.841 f  u_ibuf_sys_clk/O
                         net (fo=1, routed)           0.634    89.475    clk_ibuf
    BUFGCTRL_X0Y0        BUFG (Prop_bufg_I_O)         0.026    89.501 f  u_bufg_sys_clk/O
                         net (fo=58, routed)          0.629    90.130    clk_sys_bufg
    MMCME2_ADV_X0Y2      MMCME2_ADV (Prop_mmcme2_adv_CLKIN1_CLKOUT0)
                                                      0.050    90.180 f  u_dual_family_audio_clock/u_mmcm_44k1/CLKOUT0
                         net (fo=1, routed)           0.656    90.836    u_dual_family_audio_clock/clk_44k1_raw
    BUFGCTRL_X0Y16       BUFGCTRL (Prop_bufgctrl_I0_O)
                                                      0.026    90.862 f  u_dual_family_audio_clock/u_bufgmux_audio_family/O
                         net (fo=330, routed)         0.659    91.521    clk_audio_128x
    OLOGIC_X0Y122        FDRE                                         r  u_demo_interp_dac8_audio_pcm_common/dac_data_r_reg[1]/C  (IS_INVERTED)
  -------------------------------------------------------------------    -------------------
    OLOGIC_X0Y122        FDRE (Prop_fdre_C_Q)         0.177    91.698 r  u_demo_interp_dac8_audio_pcm_common/dac_data_r_reg[1]/Q
                         net (fo=1, routed)           0.001    91.699    dac_data_OBUF[1]
    E19                  OBUF (Prop_obuf_I_O)         1.990    93.689 r  dac_data_OBUF[1]_inst/O
                         net (fo=0)                   0.000    93.689    dac_data[1]
    E19                                                               r  dac_data[1] (OUT)
  -------------------------------------------------------------------    -------------------

                         (clock dac_clk_44k1_128x rise edge)
                                                      0.000     0.000 r  
    Y18                                               0.000     0.000 r  clk (IN)
                         net (fo=0)                   0.000     0.000    clk
    Y18                  IBUF (Prop_ibuf_I_O)         0.452     0.452 r  u_ibuf_sys_clk/O
                         net (fo=1, routed)           0.689     1.140    clk_ibuf
    BUFGCTRL_X0Y0        BUFG (Prop_bufg_I_O)         0.029     1.169 r  u_bufg_sys_clk/O
                         net (fo=58, routed)          0.901     2.070    clk_sys_bufg
    MMCME2_ADV_X0Y2      MMCME2_ADV (Prop_mmcme2_adv_CLKIN1_CLKOUT0)
                                                      0.053     2.123 r  u_dual_family_audio_clock/u_mmcm_44k1/CLKOUT0
                         net (fo=1, routed)           0.710     2.833    u_dual_family_audio_clock/clk_44k1_raw
    BUFGCTRL_X0Y16       BUFGCTRL (Prop_bufgctrl_I0_O)
                                                      0.029     2.862 r  u_dual_family_audio_clock/u_bufgmux_audio_family/O
                         net (fo=330, routed)         0.855     3.718    clk_audio_128x
    OLOGIC_X0Y95         ODDR (Prop_oddr_C_Q)         0.204     3.922 r  u_demo_interp_dac8_audio_pcm_common/gen_dac_clock_oddr.u_dac_clock_oddr/Q
                         net (fo=1, routed)           0.001     3.923    dac_clk_OBUF
    G16                  OBUF (Prop_obuf_I_O)         1.577     5.500 r  dac_clk_OBUF_inst/O
                         net (fo=0)                   0.000     5.500    dac_clk
    G16                                                               r  dac_clk (OUT)
                         clock pessimism             -0.582     4.918    
                         clock uncertainty            0.458     5.376    
                         output delay                 2.000     7.376    
  -------------------------------------------------------------------
                         required time                         -7.376    
                         arrival time                          93.689    
  -------------------------------------------------------------------
                         slack                                 86.313    

Slack (MET) :             86.314ns  (arrival time - required time)
  Source:                 u_demo_interp_dac8_audio_pcm_common/dac_data_r_reg[7]/C
                            (falling edge-triggered cell FDSE clocked by u_dual_family_audio_clock/clk_44k1_raw  {rise@0.000ns fall@88.577ns period=177.154ns})
  Destination:            dac_data[7]
                            (output port clocked by dac_clk_44k1_128x  {rise@0.000ns fall@88.577ns period=177.154ns})
  Path Group:             dac_clk_44k1_128x
  Path Type:              Min at Fast Process Corner
  Requirement:            -88.577ns  (dac_clk_44k1_128x rise@0.000ns - u_dual_family_audio_clock/clk_44k1_raw fall@88.577ns)
  Data Path Delay:        2.169ns  (logic 2.168ns (99.954%)  route 0.001ns (0.046%))
  Logic Levels:           1  (OBUF=1)
  Output Delay:           -2.000ns
  Clock Path Skew:        1.975ns (DCD - SCD - CPR)
    Destination Clock Delay (DCD):    5.500ns
    Source Clock Delay      (SCD):    2.943ns = ( 91.520 - 88.577 ) 
    Clock Pessimism Removal (CPR):    0.582ns
  Clock Uncertainty:      0.458ns  ((TSJ^2 + DJ^2)^1/2) / 2 + PE
    Total System Jitter     (TSJ):    0.071ns
    Discrete Jitter          (DJ):    0.913ns
    Phase Error              (PE):    0.000ns

    Location             Delay type                Incr(ns)  Path(ns)    Netlist Resource(s)
  -------------------------------------------------------------------    -------------------
                         (clock u_dual_family_audio_clock/clk_44k1_raw fall edge)
                                                     88.577    88.577 f  
    Y18                                               0.000    88.577 f  clk (IN)
                         net (fo=0)                   0.000    88.577    clk
    Y18                  IBUF (Prop_ibuf_I_O)         0.264    88.841 f  u_ibuf_sys_clk/O
                         net (fo=1, routed)           0.634    89.475    clk_ibuf
    BUFGCTRL_X0Y0        BUFG (Prop_bufg_I_O)         0.026    89.501 f  u_bufg_sys_clk/O
                         net (fo=58, routed)          0.629    90.130    clk_sys_bufg
    MMCME2_ADV_X0Y2      MMCME2_ADV (Prop_mmcme2_adv_CLKIN1_CLKOUT0)
                                                      0.050    90.180 f  u_dual_family_audio_clock/u_mmcm_44k1/CLKOUT0
                         net (fo=1, routed)           0.656    90.836    u_dual_family_audio_clock/clk_44k1_raw
    BUFGCTRL_X0Y16       BUFGCTRL (Prop_bufgctrl_I0_O)
                                                      0.026    90.862 f  u_dual_family_audio_clock/u_bufgmux_audio_family/O
                         net (fo=330, routed)         0.658    91.520    clk_audio_128x
    OLOGIC_X0Y125        FDSE                                         r  u_demo_interp_dac8_audio_pcm_common/dac_data_r_reg[7]/C  (IS_INVERTED)
  -------------------------------------------------------------------    -------------------
    OLOGIC_X0Y125        FDSE (Prop_fdse_C_Q)         0.177    91.697 r  u_demo_interp_dac8_audio_pcm_common/dac_data_r_reg[7]/Q
                         net (fo=1, routed)           0.001    91.698    dac_data_OBUF[7]
    C17                  OBUF (Prop_obuf_I_O)         1.991    93.690 r  dac_data_OBUF[7]_inst/O
                         net (fo=0)                   0.000    93.690    dac_data[7]
    C17                                                               r  dac_data[7] (OUT)
  -------------------------------------------------------------------    -------------------

                         (clock dac_clk_44k1_128x rise edge)
                                                      0.000     0.000 r  
    Y18                                               0.000     0.000 r  clk (IN)
                         net (fo=0)                   0.000     0.000    clk
    Y18                  IBUF (Prop_ibuf_I_O)         0.452     0.452 r  u_ibuf_sys_clk/O
                         net (fo=1, routed)           0.689     1.140    clk_ibuf
    BUFGCTRL_X0Y0        BUFG (Prop_bufg_I_O)         0.029     1.169 r  u_bufg_sys_clk/O
                         net (fo=58, routed)          0.901     2.070    clk_sys_bufg
    MMCME2_ADV_X0Y2      MMCME2_ADV (Prop_mmcme2_adv_CLKIN1_CLKOUT0)
                                                      0.053     2.123 r  u_dual_family_audio_clock/u_mmcm_44k1/CLKOUT0
                         net (fo=1, routed)           0.710     2.833    u_dual_family_audio_clock/clk_44k1_raw
    BUFGCTRL_X0Y16       BUFGCTRL (Prop_bufgctrl_I0_O)
                                                      0.029     2.862 r  u_dual_family_audio_clock/u_bufgmux_audio_family/O
                         net (fo=330, routed)         0.855     3.718    clk_audio_128x
    OLOGIC_X0Y95         ODDR (Prop_oddr_C_Q)         0.204     3.922 r  u_demo_interp_dac8_audio_pcm_common/gen_dac_clock_oddr.u_dac_clock_oddr/Q
                         net (fo=1, routed)           0.001     3.923    dac_clk_OBUF
    G16                  OBUF (Prop_obuf_I_O)         1.577     5.500 r  dac_clk_OBUF_inst/O
                         net (fo=0)                   0.000     5.500    dac_clk
    G16                                                               r  dac_clk (OUT)
                         clock pessimism             -0.582     4.918    
                         clock uncertainty            0.458     5.376    
                         output delay                 2.000     7.376    
  -------------------------------------------------------------------
                         required time                         -7.376    
                         arrival time                          93.690    
  -------------------------------------------------------------------
                         slack                                 86.314    

Slack (MET) :             86.317ns  (arrival time - required time)
  Source:                 u_demo_interp_dac8_audio_pcm_common/dac_data_r_reg[4]/C
                            (falling edge-triggered cell FDRE clocked by u_dual_family_audio_clock/clk_44k1_raw  {rise@0.000ns fall@88.577ns period=177.154ns})
  Destination:            dac_data[4]
                            (output port clocked by dac_clk_44k1_128x  {rise@0.000ns fall@88.577ns period=177.154ns})
  Path Group:             dac_clk_44k1_128x
  Path Type:              Min at Fast Process Corner
  Requirement:            -88.577ns  (dac_clk_44k1_128x rise@0.000ns - u_dual_family_audio_clock/clk_44k1_raw fall@88.577ns)
  Data Path Delay:        2.170ns  (logic 2.169ns (99.954%)  route 0.001ns (0.046%))
  Logic Levels:           1  (OBUF=1)
  Output Delay:           -2.000ns
  Clock Path Skew:        1.973ns (DCD - SCD - CPR)
    Destination Clock Delay (DCD):    5.500ns
    Source Clock Delay      (SCD):    2.945ns = ( 91.522 - 88.577 ) 
    Clock Pessimism Removal (CPR):    0.582ns
  Clock Uncertainty:      0.458ns  ((TSJ^2 + DJ^2)^1/2) / 2 + PE
    Total System Jitter     (TSJ):    0.071ns
    Discrete Jitter          (DJ):    0.913ns
    Phase Error              (PE):    0.000ns

    Location             Delay type                Incr(ns)  Path(ns)    Netlist Resource(s)
  -------------------------------------------------------------------    -------------------
                         (clock u_dual_family_audio_clock/clk_44k1_raw fall edge)
                                                     88.577    88.577 f  
    Y18                                               0.000    88.577 f  clk (IN)
                         net (fo=0)                   0.000    88.577    clk
    Y18                  IBUF (Prop_ibuf_I_O)         0.264    88.841 f  u_ibuf_sys_clk/O
                         net (fo=1, routed)           0.634    89.475    clk_ibuf
    BUFGCTRL_X0Y0        BUFG (Prop_bufg_I_O)         0.026    89.501 f  u_bufg_sys_clk/O
                         net (fo=58, routed)          0.629    90.130    clk_sys_bufg
    MMCME2_ADV_X0Y2      MMCME2_ADV (Prop_mmcme2_adv_CLKIN1_CLKOUT0)
                                                      0.050    90.180 f  u_dual_family_audio_clock/u_mmcm_44k1/CLKOUT0
                         net (fo=1, routed)           0.656    90.836    u_dual_family_audio_clock/clk_44k1_raw
    BUFGCTRL_X0Y16       BUFGCTRL (Prop_bufgctrl_I0_O)
                                                      0.026    90.862 f  u_dual_family_audio_clock/u_bufgmux_audio_family/O
                         net (fo=330, routed)         0.660    91.522    clk_audio_128x
    OLOGIC_X0Y120        FDRE                                         r  u_demo_interp_dac8_audio_pcm_common/dac_data_r_reg[4]/C  (IS_INVERTED)
  -------------------------------------------------------------------    -------------------
    OLOGIC_X0Y120        FDRE (Prop_fdre_C_Q)         0.177    91.699 r  u_demo_interp_dac8_audio_pcm_common/dac_data_r_reg[4]/Q
                         net (fo=1, routed)           0.001    91.700    dac_data_OBUF[4]
    F18                  OBUF (Prop_obuf_I_O)         1.992    93.693 r  dac_data_OBUF[4]_inst/O
                         net (fo=0)                   0.000    93.693    dac_data[4]
    F18                                                               r  dac_data[4] (OUT)
  -------------------------------------------------------------------    -------------------

                         (clock dac_clk_44k1_128x rise edge)
                                                      0.000     0.000 r  
    Y18                                               0.000     0.000 r  clk (IN)
                         net (fo=0)                   0.000     0.000    clk
    Y18                  IBUF (Prop_ibuf_I_O)         0.452     0.452 r  u_ibuf_sys_clk/O
                         net (fo=1, routed)           0.689     1.140    clk_ibuf
    BUFGCTRL_X0Y0        BUFG (Prop_bufg_I_O)         0.029     1.169 r  u_bufg_sys_clk/O
                         net (fo=58, routed)          0.901     2.070    clk_sys_bufg
    MMCME2_ADV_X0Y2      MMCME2_ADV (Prop_mmcme2_adv_CLKIN1_CLKOUT0)
                                                      0.053     2.123 r  u_dual_family_audio_clock/u_mmcm_44k1/CLKOUT0
                         net (fo=1, routed)           0.710     2.833    u_dual_family_audio_clock/clk_44k1_raw
    BUFGCTRL_X0Y16       BUFGCTRL (Prop_bufgctrl_I0_O)
                                                      0.029     2.862 r  u_dual_family_audio_clock/u_bufgmux_audio_family/O
                         net (fo=330, routed)         0.855     3.718    clk_audio_128x
    OLOGIC_X0Y95         ODDR (Prop_oddr_C_Q)         0.204     3.922 r  u_demo_interp_dac8_audio_pcm_common/gen_dac_clock_oddr.u_dac_clock_oddr/Q
                         net (fo=1, routed)           0.001     3.923    dac_clk_OBUF
    G16                  OBUF (Prop_obuf_I_O)         1.577     5.500 r  dac_clk_OBUF_inst/O
                         net (fo=0)                   0.000     5.500    dac_clk
    G16                                                               r  dac_clk (OUT)
                         clock pessimism             -0.582     4.918    
                         clock uncertainty            0.458     5.376    
                         output delay                 2.000     7.376    
  -------------------------------------------------------------------
                         required time                         -7.376    
                         arrival time                          93.693    
  -------------------------------------------------------------------
                         slack                                 86.317    

Slack (MET) :             86.474ns  (arrival time - required time)
  Source:                 u_demo_interp_dac8_audio_pcm_common/dac_data_r_reg[2]/C
                            (falling edge-triggered cell FDRE clocked by u_dual_family_audio_clock/clk_44k1_raw  {rise@0.000ns fall@88.577ns period=177.154ns})
  Destination:            dac_data[2]
                            (output port clocked by dac_clk_44k1_128x  {rise@0.000ns fall@88.577ns period=177.154ns})
  Path Group:             dac_clk_44k1_128x
  Path Type:              Min at Fast Process Corner
  Requirement:            -88.577ns  (dac_clk_44k1_128x rise@0.000ns - u_dual_family_audio_clock/clk_44k1_raw fall@88.577ns)
  Data Path Delay:        2.152ns  (logic 2.151ns (99.953%)  route 0.001ns (0.046%))
  Logic Levels:           1  (OBUF=1)
  Output Delay:           -2.000ns
  Clock Path Skew:        1.797ns (DCD - SCD - CPR)
    Destination Clock Delay (DCD):    5.500ns
    Source Clock Delay      (SCD):    2.868ns = ( 91.445 - 88.577 ) 
    Clock Pessimism Removal (CPR):    0.835ns
  Clock Uncertainty:      0.458ns  ((TSJ^2 + DJ^2)^1/2) / 2 + PE
    Total System Jitter     (TSJ):    0.071ns
    Discrete Jitter          (DJ):    0.913ns
    Phase Error              (PE):    0.000ns

    Location             Delay type                Incr(ns)  Path(ns)    Netlist Resource(s)
  -------------------------------------------------------------------    -------------------
                         (clock u_dual_family_audio_clock/clk_44k1_raw fall edge)
                                                     88.577    88.577 f  
    Y18                                               0.000    88.577 f  clk (IN)
                         net (fo=0)                   0.000    88.577    clk
    Y18                  IBUF (Prop_ibuf_I_O)         0.264    88.841 f  u_ibuf_sys_clk/O
                         net (fo=1, routed)           0.634    89.475    clk_ibuf
    BUFGCTRL_X0Y0        BUFG (Prop_bufg_I_O)         0.026    89.501 f  u_bufg_sys_clk/O
                         net (fo=58, routed)          0.629    90.130    clk_sys_bufg
    MMCME2_ADV_X0Y2      MMCME2_ADV (Prop_mmcme2_adv_CLKIN1_CLKOUT0)
                                                      0.050    90.180 f  u_dual_family_audio_clock/u_mmcm_44k1/CLKOUT0
                         net (fo=1, routed)           0.656    90.836    u_dual_family_audio_clock/clk_44k1_raw
    BUFGCTRL_X0Y16       BUFGCTRL (Prop_bufgctrl_I0_O)
                                                      0.026    90.862 f  u_dual_family_audio_clock/u_bufgmux_audio_family/O
                         net (fo=330, routed)         0.583    91.445    clk_audio_128x
    OLOGIC_X0Y87         FDRE                                         r  u_demo_interp_dac8_audio_pcm_common/dac_data_r_reg[2]/C  (IS_INVERTED)
  -------------------------------------------------------------------    -------------------
    OLOGIC_X0Y87         FDRE (Prop_fdre_C_Q)         0.177    91.622 r  u_demo_interp_dac8_audio_pcm_common/dac_data_r_reg[2]/Q
                         net (fo=1, routed)           0.001    91.623    dac_data_OBUF[2]
    H18                  OBUF (Prop_obuf_I_O)         1.974    93.597 r  dac_data_OBUF[2]_inst/O
                         net (fo=0)                   0.000    93.597    dac_data[2]
    H18                                                               r  dac_data[2] (OUT)
  -------------------------------------------------------------------    -------------------

                         (clock dac_clk_44k1_128x rise edge)
                                                      0.000     0.000 r  
    Y18                                               0.000     0.000 r  clk (IN)
                         net (fo=0)                   0.000     0.000    clk
    Y18                  IBUF (Prop_ibuf_I_O)         0.452     0.452 r  u_ibuf_sys_clk/O
                         net (fo=1, routed)           0.689     1.140    clk_ibuf
    BUFGCTRL_X0Y0        BUFG (Prop_bufg_I_O)         0.029     1.169 r  u_bufg_sys_clk/O
                         net (fo=58, routed)          0.901     2.070    clk_sys_bufg
    MMCME2_ADV_X0Y2      MMCME2_ADV (Prop_mmcme2_adv_CLKIN1_CLKOUT0)
                                                      0.053     2.123 r  u_dual_family_audio_clock/u_mmcm_44k1/CLKOUT0
                         net (fo=1, routed)           0.710     2.833    u_dual_family_audio_clock/clk_44k1_raw
    BUFGCTRL_X0Y16       BUFGCTRL (Prop_bufgctrl_I0_O)
                                                      0.029     2.862 r  u_dual_family_audio_clock/u_bufgmux_audio_family/O
                         net (fo=330, routed)         0.855     3.718    clk_audio_128x
    OLOGIC_X0Y95         ODDR (Prop_oddr_C_Q)         0.204     3.922 r  u_demo_interp_dac8_audio_pcm_common/gen_dac_clock_oddr.u_dac_clock_oddr/Q
                         net (fo=1, routed)           0.001     3.923    dac_clk_OBUF
    G16                  OBUF (Prop_obuf_I_O)         1.577     5.500 r  dac_clk_OBUF_inst/O
                         net (fo=0)                   0.000     5.500    dac_clk
    G16                                                               r  dac_clk (OUT)
                         clock pessimism             -0.835     4.665    
                         clock uncertainty            0.458     5.123    
                         output delay                 2.000     7.123    
  -------------------------------------------------------------------
                         required time                         -7.123    
                         arrival time                          93.597    
  -------------------------------------------------------------------
                         slack                                 86.474    

Slack (MET) :             86.486ns  (arrival time - required time)
  Source:                 u_demo_interp_dac8_audio_pcm_common/dac_data_r_reg[0]/C
                            (falling edge-triggered cell FDRE clocked by u_dual_family_audio_clock/clk_44k1_raw  {rise@0.000ns fall@88.577ns period=177.154ns})
  Destination:            dac_data[0]
                            (output port clocked by dac_clk_44k1_128x  {rise@0.000ns fall@88.577ns period=177.154ns})
  Path Group:             dac_clk_44k1_128x
  Path Type:              Min at Fast Process Corner
  Requirement:            -88.577ns  (dac_clk_44k1_128x rise@0.000ns - u_dual_family_audio_clock/clk_44k1_raw fall@88.577ns)
  Data Path Delay:        2.171ns  (logic 2.170ns (99.954%)  route 0.001ns (0.046%))
  Logic Levels:           1  (OBUF=1)
  Output Delay:           -2.000ns
  Clock Path Skew:        1.804ns (DCD - SCD - CPR)
    Destination Clock Delay (DCD):    5.500ns
    Source Clock Delay      (SCD):    2.861ns = ( 91.438 - 88.577 ) 
    Clock Pessimism Removal (CPR):    0.835ns
  Clock Uncertainty:      0.458ns  ((TSJ^2 + DJ^2)^1/2) / 2 + PE
    Total System Jitter     (TSJ):    0.071ns
    Discrete Jitter          (DJ):    0.913ns
    Phase Error              (PE):    0.000ns

    Location             Delay type                Incr(ns)  Path(ns)    Netlist Resource(s)
  -------------------------------------------------------------------    -------------------
                         (clock u_dual_family_audio_clock/clk_44k1_raw fall edge)
                                                     88.577    88.577 f  
    Y18                                               0.000    88.577 f  clk (IN)
                         net (fo=0)                   0.000    88.577    clk
    Y18                  IBUF (Prop_ibuf_I_O)         0.264    88.841 f  u_ibuf_sys_clk/O
                         net (fo=1, routed)           0.634    89.475    clk_ibuf
    BUFGCTRL_X0Y0        BUFG (Prop_bufg_I_O)         0.026    89.501 f  u_bufg_sys_clk/O
                         net (fo=58, routed)          0.629    90.130    clk_sys_bufg
    MMCME2_ADV_X0Y2      MMCME2_ADV (Prop_mmcme2_adv_CLKIN1_CLKOUT0)
                                                      0.050    90.180 f  u_dual_family_audio_clock/u_mmcm_44k1/CLKOUT0
                         net (fo=1, routed)           0.656    90.836    u_dual_family_audio_clock/clk_44k1_raw
    BUFGCTRL_X0Y16       BUFGCTRL (Prop_bufgctrl_I0_O)
                                                      0.026    90.862 f  u_dual_family_audio_clock/u_bufgmux_audio_family/O
                         net (fo=330, routed)         0.576    91.438    clk_audio_128x
    OLOGIC_X0Y75         FDRE                                         r  u_demo_interp_dac8_audio_pcm_common/dac_data_r_reg[0]/C  (IS_INVERTED)
  -------------------------------------------------------------------    -------------------
    OLOGIC_X0Y75         FDRE (Prop_fdre_C_Q)         0.177    91.615 r  u_demo_interp_dac8_audio_pcm_common/dac_data_r_reg[0]/Q
                         net (fo=1, routed)           0.001    91.616    dac_data_OBUF[0]
    H19                  OBUF (Prop_obuf_I_O)         1.993    93.609 r  dac_data_OBUF[0]_inst/O
                         net (fo=0)                   0.000    93.609    dac_data[0]
    H19                                                               r  dac_data[0] (OUT)
  -------------------------------------------------------------------    -------------------

                         (clock dac_clk_44k1_128x rise edge)
                                                      0.000     0.000 r  
    Y18                                               0.000     0.000 r  clk (IN)
                         net (fo=0)                   0.000     0.000    clk
    Y18                  IBUF (Prop_ibuf_I_O)         0.452     0.452 r  u_ibuf_sys_clk/O
                         net (fo=1, routed)           0.689     1.140    clk_ibuf
    BUFGCTRL_X0Y0        BUFG (Prop_bufg_I_O)         0.029     1.169 r  u_bufg_sys_clk/O
                         net (fo=58, routed)          0.901     2.070    clk_sys_bufg
    MMCME2_ADV_X0Y2      MMCME2_ADV (Prop_mmcme2_adv_CLKIN1_CLKOUT0)
                                                      0.053     2.123 r  u_dual_family_audio_clock/u_mmcm_44k1/CLKOUT0
                         net (fo=1, routed)           0.710     2.833    u_dual_family_audio_clock/clk_44k1_raw
    BUFGCTRL_X0Y16       BUFGCTRL (Prop_bufgctrl_I0_O)
                                                      0.029     2.862 r  u_dual_family_audio_clock/u_bufgmux_audio_family/O
                         net (fo=330, routed)         0.855     3.718    clk_audio_128x
    OLOGIC_X0Y95         ODDR (Prop_oddr_C_Q)         0.204     3.922 r  u_demo_interp_dac8_audio_pcm_common/gen_dac_clock_oddr.u_dac_clock_oddr/Q
                         net (fo=1, routed)           0.001     3.923    dac_clk_OBUF
    G16                  OBUF (Prop_obuf_I_O)         1.577     5.500 r  dac_clk_OBUF_inst/O
                         net (fo=0)                   0.000     5.500    dac_clk
    G16                                                               r  dac_clk (OUT)
                         clock pessimism             -0.835     4.665    
                         clock uncertainty            0.458     5.123    
                         output delay                 2.000     7.123    
  -------------------------------------------------------------------
                         required time                         -7.123    
                         arrival time                          93.609    
  -------------------------------------------------------------------
                         slack                                 86.486    

Slack (MET) :             86.494ns  (arrival time - required time)
  Source:                 u_demo_interp_dac8_audio_pcm_common/dac_data_r_reg[5]/C
                            (falling edge-triggered cell FDRE clocked by u_dual_family_audio_clock/clk_44k1_raw  {rise@0.000ns fall@88.577ns period=177.154ns})
  Destination:            dac_data[5]
                            (output port clocked by dac_clk_44k1_128x  {rise@0.000ns fall@88.577ns period=177.154ns})
  Path Group:             dac_clk_44k1_128x
  Path Type:              Min at Fast Process Corner
  Requirement:            -88.577ns  (dac_clk_44k1_128x rise@0.000ns - u_dual_family_audio_clock/clk_44k1_raw fall@88.577ns)
  Data Path Delay:        2.172ns  (logic 2.171ns (99.954%)  route 0.001ns (0.046%))
  Logic Levels:           1  (OBUF=1)
  Output Delay:           -2.000ns
  Clock Path Skew:        1.797ns (DCD - SCD - CPR)
    Destination Clock Delay (DCD):    5.500ns
    Source Clock Delay      (SCD):    2.868ns = ( 91.445 - 88.577 ) 
    Clock Pessimism Removal (CPR):    0.835ns
  Clock Uncertainty:      0.458ns  ((TSJ^2 + DJ^2)^1/2) / 2 + PE
    Total System Jitter     (TSJ):    0.071ns
    Discrete Jitter          (DJ):    0.913ns
    Phase Error              (PE):    0.000ns

    Location             Delay type                Incr(ns)  Path(ns)    Netlist Resource(s)
  -------------------------------------------------------------------    -------------------
                         (clock u_dual_family_audio_clock/clk_44k1_raw fall edge)
                                                     88.577    88.577 f  
    Y18                                               0.000    88.577 f  clk (IN)
                         net (fo=0)                   0.000    88.577    clk
    Y18                  IBUF (Prop_ibuf_I_O)         0.264    88.841 f  u_ibuf_sys_clk/O
                         net (fo=1, routed)           0.634    89.475    clk_ibuf
    BUFGCTRL_X0Y0        BUFG (Prop_bufg_I_O)         0.026    89.501 f  u_bufg_sys_clk/O
                         net (fo=58, routed)          0.629    90.130    clk_sys_bufg
    MMCME2_ADV_X0Y2      MMCME2_ADV (Prop_mmcme2_adv_CLKIN1_CLKOUT0)
                                                      0.050    90.180 f  u_dual_family_audio_clock/u_mmcm_44k1/CLKOUT0
                         net (fo=1, routed)           0.656    90.836    u_dual_family_audio_clock/clk_44k1_raw
    BUFGCTRL_X0Y16       BUFGCTRL (Prop_bufgctrl_I0_O)
                                                      0.026    90.862 f  u_dual_family_audio_clock/u_bufgmux_audio_family/O
                         net (fo=330, routed)         0.583    91.445    clk_audio_128x
    OLOGIC_X0Y92         FDRE                                         r  u_demo_interp_dac8_audio_pcm_common/dac_data_r_reg[5]/C  (IS_INVERTED)
  -------------------------------------------------------------------    -------------------
    OLOGIC_X0Y92         FDRE (Prop_fdre_C_Q)         0.177    91.622 r  u_demo_interp_dac8_audio_pcm_common/dac_data_r_reg[5]/Q
                         net (fo=1, routed)           0.001    91.623    dac_data_OBUF[5]
    G17                  OBUF (Prop_obuf_I_O)         1.994    93.617 r  dac_data_OBUF[5]_inst/O
                         net (fo=0)                   0.000    93.617    dac_data[5]
    G17                                                               r  dac_data[5] (OUT)
  -------------------------------------------------------------------    -------------------

                         (clock dac_clk_44k1_128x rise edge)
                                                      0.000     0.000 r  
    Y18                                               0.000     0.000 r  clk (IN)
                         net (fo=0)                   0.000     0.000    clk
    Y18                  IBUF (Prop_ibuf_I_O)         0.452     0.452 r  u_ibuf_sys_clk/O
                         net (fo=1, routed)           0.689     1.140    clk_ibuf
    BUFGCTRL_X0Y0        BUFG (Prop_bufg_I_O)         0.029     1.169 r  u_bufg_sys_clk/O
                         net (fo=58, routed)          0.901     2.070    clk_sys_bufg
    MMCME2_ADV_X0Y2      MMCME2_ADV (Prop_mmcme2_adv_CLKIN1_CLKOUT0)
                                                      0.053     2.123 r  u_dual_family_audio_clock/u_mmcm_44k1/CLKOUT0
                         net (fo=1, routed)           0.710     2.833    u_dual_family_audio_clock/clk_44k1_raw
    BUFGCTRL_X0Y16       BUFGCTRL (Prop_bufgctrl_I0_O)
                                                      0.029     2.862 r  u_dual_family_audio_clock/u_bufgmux_audio_family/O
                         net (fo=330, routed)         0.855     3.718    clk_audio_128x
    OLOGIC_X0Y95         ODDR (Prop_oddr_C_Q)         0.204     3.922 r  u_demo_interp_dac8_audio_pcm_common/gen_dac_clock_oddr.u_dac_clock_oddr/Q
                         net (fo=1, routed)           0.001     3.923    dac_clk_OBUF
    G16                  OBUF (Prop_obuf_I_O)         1.577     5.500 r  dac_clk_OBUF_inst/O
                         net (fo=0)                   0.000     5.500    dac_clk
    G16                                                               r  dac_clk (OUT)
                         clock pessimism             -0.835     4.665    
                         clock uncertainty            0.458     5.123    
                         output delay                 2.000     7.123    
  -------------------------------------------------------------------
                         required time                         -7.123    
                         arrival time                          93.617    
  -------------------------------------------------------------------
                         slack                                 86.494    

Slack (MET) :             86.497ns  (arrival time - required time)
  Source:                 u_demo_interp_dac8_audio_pcm_common/dac_data_r_reg[3]/C
                            (falling edge-triggered cell FDRE clocked by u_dual_family_audio_clock/clk_44k1_raw  {rise@0.000ns fall@88.577ns period=177.154ns})
  Destination:            dac_data[3]
                            (output port clocked by dac_clk_44k1_128x  {rise@0.000ns fall@88.577ns period=177.154ns})
  Path Group:             dac_clk_44k1_128x
  Path Type:              Min at Fast Process Corner
  Requirement:            -88.577ns  (dac_clk_44k1_128x rise@0.000ns - u_dual_family_audio_clock/clk_44k1_raw fall@88.577ns)
  Data Path Delay:        2.175ns  (logic 2.174ns (99.954%)  route 0.001ns (0.046%))
  Logic Levels:           1  (OBUF=1)
  Output Delay:           -2.000ns
  Clock Path Skew:        1.797ns (DCD - SCD - CPR)
    Destination Clock Delay (DCD):    5.500ns
    Source Clock Delay      (SCD):    2.868ns = ( 91.445 - 88.577 ) 
    Clock Pessimism Removal (CPR):    0.835ns
  Clock Uncertainty:      0.458ns  ((TSJ^2 + DJ^2)^1/2) / 2 + PE
    Total System Jitter     (TSJ):    0.071ns
    Discrete Jitter          (DJ):    0.913ns
    Phase Error              (PE):    0.000ns

    Location             Delay type                Incr(ns)  Path(ns)    Netlist Resource(s)
  -------------------------------------------------------------------    -------------------
                         (clock u_dual_family_audio_clock/clk_44k1_raw fall edge)
                                                     88.577    88.577 f  
    Y18                                               0.000    88.577 f  clk (IN)
                         net (fo=0)                   0.000    88.577    clk
    Y18                  IBUF (Prop_ibuf_I_O)         0.264    88.841 f  u_ibuf_sys_clk/O
                         net (fo=1, routed)           0.634    89.475    clk_ibuf
    BUFGCTRL_X0Y0        BUFG (Prop_bufg_I_O)         0.026    89.501 f  u_bufg_sys_clk/O
                         net (fo=58, routed)          0.629    90.130    clk_sys_bufg
    MMCME2_ADV_X0Y2      MMCME2_ADV (Prop_mmcme2_adv_CLKIN1_CLKOUT0)
                                                      0.050    90.180 f  u_dual_family_audio_clock/u_mmcm_44k1/CLKOUT0
                         net (fo=1, routed)           0.656    90.836    u_dual_family_audio_clock/clk_44k1_raw
    BUFGCTRL_X0Y16       BUFGCTRL (Prop_bufgctrl_I0_O)
                                                      0.026    90.862 f  u_dual_family_audio_clock/u_bufgmux_audio_family/O
                         net (fo=330, routed)         0.583    91.445    clk_audio_128x
    OLOGIC_X0Y91         FDRE                                         r  u_demo_interp_dac8_audio_pcm_common/dac_data_r_reg[3]/C  (IS_INVERTED)
  -------------------------------------------------------------------    -------------------
    OLOGIC_X0Y91         FDRE (Prop_fdre_C_Q)         0.177    91.622 r  u_demo_interp_dac8_audio_pcm_common/dac_data_r_reg[3]/Q
                         net (fo=1, routed)           0.001    91.623    dac_data_OBUF[3]
    G18                  OBUF (Prop_obuf_I_O)         1.997    93.620 r  dac_data_OBUF[3]_inst/O
                         net (fo=0)                   0.000    93.620    dac_data[3]
    G18                                                               r  dac_data[3] (OUT)
  -------------------------------------------------------------------    -------------------

                         (clock dac_clk_44k1_128x rise edge)
                                                      0.000     0.000 r  
    Y18                                               0.000     0.000 r  clk (IN)
                         net (fo=0)                   0.000     0.000    clk
    Y18                  IBUF (Prop_ibuf_I_O)         0.452     0.452 r  u_ibuf_sys_clk/O
                         net (fo=1, routed)           0.689     1.140    clk_ibuf
    BUFGCTRL_X0Y0        BUFG (Prop_bufg_I_O)         0.029     1.169 r  u_bufg_sys_clk/O
                         net (fo=58, routed)          0.901     2.070    clk_sys_bufg
    MMCME2_ADV_X0Y2      MMCME2_ADV (Prop_mmcme2_adv_CLKIN1_CLKOUT0)
                                                      0.053     2.123 r  u_dual_family_audio_clock/u_mmcm_44k1/CLKOUT0
                         net (fo=1, routed)           0.710     2.833    u_dual_family_audio_clock/clk_44k1_raw
    BUFGCTRL_X0Y16       BUFGCTRL (Prop_bufgctrl_I0_O)
                                                      0.029     2.862 r  u_dual_family_audio_clock/u_bufgmux_audio_family/O
                         net (fo=330, routed)         0.855     3.718    clk_audio_128x
    OLOGIC_X0Y95         ODDR (Prop_oddr_C_Q)         0.204     3.922 r  u_demo_interp_dac8_audio_pcm_common/gen_dac_clock_oddr.u_dac_clock_oddr/Q
                         net (fo=1, routed)           0.001     3.923    dac_clk_OBUF
    G16                  OBUF (Prop_obuf_I_O)         1.577     5.500 r  dac_clk_OBUF_inst/O
                         net (fo=0)                   0.000     5.500    dac_clk
    G16                                                               r  dac_clk (OUT)
                         clock pessimism             -0.835     4.665    
                         clock uncertainty            0.458     5.123    
                         output delay                 2.000     7.123    
  -------------------------------------------------------------------
                         required time                         -7.123    
                         arrival time                          93.620    
  -------------------------------------------------------------------
                         slack                                 86.497    





---------------------------------------------------------------------------------------------------
From Clock:  clk_20M
  To Clock:  u_dual_family_audio_clock/clk_48k_raw

Setup :            0  Failing Endpoints,  Worst Slack       49.059ns,  Total Violation        0.000ns
Hold  :           NA  Failing Endpoints,  Worst Slack           NA  ,  Total Violation           NA
---------------------------------------------------------------------------------------------------


Max Delay Paths
--------------------------------------------------------------------------------------
Slack (MET) :             49.059ns  (required time - arrival time)
  Source:                 u_nf_mode_cdc_handshake/mode_shadow_reg[0]/C
                            (rising edge-triggered cell FDSE clocked by clk_20M  {rise@0.000ns fall@25.000ns period=50.000ns})
  Destination:            u_nf_mode_cdc_handshake/audio_mode_reg[0]/D
                            (rising edge-triggered cell FDSE clocked by u_dual_family_audio_clock/clk_48k_raw  {rise@0.000ns fall@81.379ns period=162.759ns})
  Path Group:             u_dual_family_audio_clock/clk_48k_raw
  Path Type:              Setup (Max at Slow Process Corner)
  Requirement:            50.000ns  (MaxDelay Path 50.000ns)
  Data Path Delay:        0.757ns  (logic 0.348ns (45.994%)  route 0.409ns (54.006%))
  Logic Levels:           0  
  Timing Exception:       MaxDelay Path 50.000ns -datapath_only

    Location             Delay type                Incr(ns)  Path(ns)    Netlist Resource(s)
  -------------------------------------------------------------------    -------------------
    SLICE_X3Y86                                       0.000     0.000 r  u_nf_mode_cdc_handshake/mode_shadow_reg[0]/C
    SLICE_X3Y86          FDSE (Prop_fdse_C_Q)         0.348     0.348 r  u_nf_mode_cdc_handshake/mode_shadow_reg[0]/Q
                         net (fo=2, routed)           0.409     0.757    mode_shadow[0]
    SLICE_X4Y86          FDSE                                         r  u_nf_mode_cdc_handshake/audio_mode_reg[0]/D
  -------------------------------------------------------------------    -------------------

                         max delay                   50.000    50.000    
    SLICE_X4Y86          FDSE (Setup_fdse_C_D)       -0.184    49.816    u_nf_mode_cdc_handshake/audio_mode_reg[0]
  -------------------------------------------------------------------
                         required time                         49.816    
                         arrival time                          -0.757    
  -------------------------------------------------------------------
                         slack                                 49.059    

Slack (MET) :             49.161ns  (required time - arrival time)
  Source:                 u_nf_mode_cdc_handshake/mode_shadow_reg[1]/C
                            (rising edge-triggered cell FDSE clocked by clk_20M  {rise@0.000ns fall@25.000ns period=50.000ns})
  Destination:            u_nf_mode_cdc_handshake/audio_mode_reg[1]/D
                            (rising edge-triggered cell FDSE clocked by u_dual_family_audio_clock/clk_48k_raw  {rise@0.000ns fall@81.379ns period=162.759ns})
  Path Group:             u_dual_family_audio_clock/clk_48k_raw
  Path Type:              Setup (Max at Slow Process Corner)
  Requirement:            50.000ns  (MaxDelay Path 50.000ns)
  Data Path Delay:        0.780ns  (logic 0.379ns (48.566%)  route 0.401ns (51.434%))
  Logic Levels:           0  
  Timing Exception:       MaxDelay Path 50.000ns -datapath_only

    Location             Delay type                Incr(ns)  Path(ns)    Netlist Resource(s)
  -------------------------------------------------------------------    -------------------
    SLICE_X3Y86                                       0.000     0.000 r  u_nf_mode_cdc_handshake/mode_shadow_reg[1]/C
    SLICE_X3Y86          FDSE (Prop_fdse_C_Q)         0.379     0.379 r  u_nf_mode_cdc_handshake/mode_shadow_reg[1]/Q
                         net (fo=2, routed)           0.401     0.780    mode_shadow[1]
    SLICE_X4Y86          FDSE                                         r  u_nf_mode_cdc_handshake/audio_mode_reg[1]/D
  -------------------------------------------------------------------    -------------------

                         max delay                   50.000    50.000    
    SLICE_X4Y86          FDSE (Setup_fdse_C_D)       -0.059    49.941    u_nf_mode_cdc_handshake/audio_mode_reg[1]
  -------------------------------------------------------------------
                         required time                         49.941    
                         arrival time                          -0.780    
  -------------------------------------------------------------------
                         slack                                 49.161    





---------------------------------------------------------------------------------------------------
From Clock:  u_dual_family_audio_clock/clk_48k_raw
  To Clock:  dac_clk_48k_128x

Setup :            0  Failing Endpoints,  Worst Slack       76.116ns,  Total Violation        0.000ns
Hold  :            0  Failing Endpoints,  Worst Slack       78.117ns,  Total Violation        0.000ns
---------------------------------------------------------------------------------------------------


Max Delay Paths
--------------------------------------------------------------------------------------
Slack (MET) :             76.116ns  (required time - arrival time)
  Source:                 u_demo_interp_dac8_audio_pcm_common/dac_data_r_reg[4]/C
                            (falling edge-triggered cell FDRE clocked by u_dual_family_audio_clock/clk_48k_raw  {rise@0.000ns fall@81.379ns period=162.759ns})
  Destination:            dac_data[4]
                            (output port clocked by dac_clk_48k_128x  {rise@0.000ns fall@81.379ns period=162.759ns})
  Path Group:             dac_clk_48k_128x
  Path Type:              Max at Slow Process Corner
  Requirement:            81.379ns  (dac_clk_48k_128x rise@162.759ns - u_dual_family_audio_clock/clk_48k_raw fall@81.379ns)
  Data Path Delay:        4.154ns  (logic 4.153ns (99.976%)  route 0.001ns (0.024%))
  Logic Levels:           1  (OBUF=1)
  Output Delay:           2.500ns
  Clock Path Skew:        2.822ns (DCD - SCD + CPR)
    Destination Clock Delay (DCD):    10.227ns = ( 172.986 - 162.759 ) 
    Source Clock Delay      (SCD):    7.750ns = ( 89.129 - 81.379 ) 
    Clock Pessimism Removal (CPR):    0.344ns
  Clock Uncertainty:      1.431ns  ((TSJ^2 + DJ^2)^1/2) / 2 + PE
    Total System Jitter     (TSJ):    0.071ns
    Discrete Jitter          (DJ):    0.972ns
    Phase Error              (PE):    0.944ns

    Location             Delay type                Incr(ns)  Path(ns)    Netlist Resource(s)
  -------------------------------------------------------------------    -------------------
                         (clock u_dual_family_audio_clock/clk_48k_raw fall edge)
                                                     81.379    81.379 f  
    Y18                                               0.000    81.379 f  clk (IN)
                         net (fo=0)                   0.000    81.379    clk
    Y18                  IBUF (Prop_ibuf_I_O)         1.427    82.806 f  u_ibuf_sys_clk/O
                         net (fo=1, routed)           1.693    84.499    clk_ibuf
    BUFGCTRL_X0Y0        BUFG (Prop_bufg_I_O)         0.081    84.580 f  u_bufg_sys_clk/O
                         net (fo=58, routed)          1.374    85.954    clk_sys_bufg
    MMCME2_ADV_X0Y1      MMCME2_ADV (Prop_mmcme2_adv_CLKIN1_CLKOUT0)
                                                      0.077    86.031 f  u_dual_family_audio_clock/u_mmcm_48k/CLKOUT0
                         net (fo=1, routed)           1.425    87.456    u_dual_family_audio_clock/clk_48k_raw
    BUFGCTRL_X0Y16       BUFGCTRL (Prop_bufgctrl_I1_O)
                                                      0.081    87.537 f  u_dual_family_audio_clock/u_bufgmux_audio_family/O
                         net (fo=330, routed)         1.592    89.129    clk_audio_128x
    OLOGIC_X0Y120        FDRE                                         r  u_demo_interp_dac8_audio_pcm_common/dac_data_r_reg[4]/C  (IS_INVERTED)
  -------------------------------------------------------------------    -------------------
    OLOGIC_X0Y120        FDRE (Prop_fdre_C_Q)         0.418    89.547 r  u_demo_interp_dac8_audio_pcm_common/dac_data_r_reg[4]/Q
                         net (fo=1, routed)           0.001    89.548    dac_data_OBUF[4]
    F18                  OBUF (Prop_obuf_I_O)         3.735    93.283 r  dac_data_OBUF[4]_inst/O
                         net (fo=0)                   0.000    93.283    dac_data[4]
    F18                                                               r  dac_data[4] (OUT)
  -------------------------------------------------------------------    -------------------

                         (clock dac_clk_48k_128x rise edge)
                                                    162.759   162.759 f  
    Y18                                               0.000   162.759 f  clk (IN)
                         net (fo=0)                   0.000   162.759    clk
    Y18                  IBUF (Prop_ibuf_I_O)         1.361   164.119 f  u_ibuf_sys_clk/O
                         net (fo=1, routed)           1.604   165.724    clk_ibuf
    BUFGCTRL_X0Y0        BUFG (Prop_bufg_I_O)         0.077   165.801 f  u_bufg_sys_clk/O
                         net (fo=58, routed)          1.270   167.071    clk_sys_bufg
    MMCME2_ADV_X0Y1      MMCME2_ADV (Prop_mmcme2_adv_CLKIN1_CLKOUT0)
                                                      0.073   167.144 f  u_dual_family_audio_clock/u_mmcm_48k/CLKOUT0
                         net (fo=1, routed)           1.357   168.501    u_dual_family_audio_clock/clk_48k_raw
    BUFGCTRL_X0Y16       BUFGCTRL (Prop_bufgctrl_I1_O)
                                                      0.077   168.578 f  u_dual_family_audio_clock/u_bufgmux_audio_family/O
                         net (fo=330, routed)         1.299   169.877    clk_audio_128x
    OLOGIC_X0Y95         ODDR (Prop_oddr_C_Q)         0.363   170.240 r  u_demo_interp_dac8_audio_pcm_common/gen_dac_clock_oddr.u_dac_clock_oddr/Q
                         net (fo=1, routed)           0.001   170.241    dac_clk_OBUF
    G16                  OBUF (Prop_obuf_I_O)         2.745   172.986 r  dac_clk_OBUF_inst/O
                         net (fo=0)                   0.000   172.986    dac_clk
    G16                                                               r  dac_clk (OUT)
                         clock pessimism              0.344   173.330    
                         clock uncertainty           -1.431   171.899    
                         output delay                -2.500   169.399    
  -------------------------------------------------------------------
                         required time                        169.399    
                         arrival time                         -93.283    
  -------------------------------------------------------------------
                         slack                                 76.116    

Slack (MET) :             76.119ns  (required time - arrival time)
  Source:                 u_demo_interp_dac8_audio_pcm_common/dac_data_r_reg[1]/C
                            (falling edge-triggered cell FDRE clocked by u_dual_family_audio_clock/clk_48k_raw  {rise@0.000ns fall@81.379ns period=162.759ns})
  Destination:            dac_data[1]
                            (output port clocked by dac_clk_48k_128x  {rise@0.000ns fall@81.379ns period=162.759ns})
  Path Group:             dac_clk_48k_128x
  Path Type:              Max at Slow Process Corner
  Requirement:            81.379ns  (dac_clk_48k_128x rise@162.759ns - u_dual_family_audio_clock/clk_48k_raw fall@81.379ns)
  Data Path Delay:        4.152ns  (logic 4.151ns (99.976%)  route 0.001ns (0.024%))
  Logic Levels:           1  (OBUF=1)
  Output Delay:           2.500ns
  Clock Path Skew:        2.823ns (DCD - SCD + CPR)
    Destination Clock Delay (DCD):    10.227ns = ( 172.986 - 162.759 ) 
    Source Clock Delay      (SCD):    7.749ns = ( 89.128 - 81.379 ) 
    Clock Pessimism Removal (CPR):    0.344ns
  Clock Uncertainty:      1.431ns  ((TSJ^2 + DJ^2)^1/2) / 2 + PE
    Total System Jitter     (TSJ):    0.071ns
    Discrete Jitter          (DJ):    0.972ns
    Phase Error              (PE):    0.944ns

    Location             Delay type                Incr(ns)  Path(ns)    Netlist Resource(s)
  -------------------------------------------------------------------    -------------------
                         (clock u_dual_family_audio_clock/clk_48k_raw fall edge)
                                                     81.379    81.379 f  
    Y18                                               0.000    81.379 f  clk (IN)
                         net (fo=0)                   0.000    81.379    clk
    Y18                  IBUF (Prop_ibuf_I_O)         1.427    82.806 f  u_ibuf_sys_clk/O
                         net (fo=1, routed)           1.693    84.499    clk_ibuf
    BUFGCTRL_X0Y0        BUFG (Prop_bufg_I_O)         0.081    84.580 f  u_bufg_sys_clk/O
                         net (fo=58, routed)          1.374    85.954    clk_sys_bufg
    MMCME2_ADV_X0Y1      MMCME2_ADV (Prop_mmcme2_adv_CLKIN1_CLKOUT0)
                                                      0.077    86.031 f  u_dual_family_audio_clock/u_mmcm_48k/CLKOUT0
                         net (fo=1, routed)           1.425    87.456    u_dual_family_audio_clock/clk_48k_raw
    BUFGCTRL_X0Y16       BUFGCTRL (Prop_bufgctrl_I1_O)
                                                      0.081    87.537 f  u_dual_family_audio_clock/u_bufgmux_audio_family/O
                         net (fo=330, routed)         1.591    89.128    clk_audio_128x
    OLOGIC_X0Y122        FDRE                                         r  u_demo_interp_dac8_audio_pcm_common/dac_data_r_reg[1]/C  (IS_INVERTED)
  -------------------------------------------------------------------    -------------------
    OLOGIC_X0Y122        FDRE (Prop_fdre_C_Q)         0.418    89.546 r  u_demo_interp_dac8_audio_pcm_common/dac_data_r_reg[1]/Q
                         net (fo=1, routed)           0.001    89.547    dac_data_OBUF[1]
    E19                  OBUF (Prop_obuf_I_O)         3.733    93.280 r  dac_data_OBUF[1]_inst/O
                         net (fo=0)                   0.000    93.280    dac_data[1]
    E19                                                               r  dac_data[1] (OUT)
  -------------------------------------------------------------------    -------------------

                         (clock dac_clk_48k_128x rise edge)
                                                    162.759   162.759 f  
    Y18                                               0.000   162.759 f  clk (IN)
                         net (fo=0)                   0.000   162.759    clk
    Y18                  IBUF (Prop_ibuf_I_O)         1.361   164.119 f  u_ibuf_sys_clk/O
                         net (fo=1, routed)           1.604   165.724    clk_ibuf
    BUFGCTRL_X0Y0        BUFG (Prop_bufg_I_O)         0.077   165.801 f  u_bufg_sys_clk/O
                         net (fo=58, routed)          1.270   167.071    clk_sys_bufg
    MMCME2_ADV_X0Y1      MMCME2_ADV (Prop_mmcme2_adv_CLKIN1_CLKOUT0)
                                                      0.073   167.144 f  u_dual_family_audio_clock/u_mmcm_48k/CLKOUT0
                         net (fo=1, routed)           1.357   168.501    u_dual_family_audio_clock/clk_48k_raw
    BUFGCTRL_X0Y16       BUFGCTRL (Prop_bufgctrl_I1_O)
                                                      0.077   168.578 f  u_dual_family_audio_clock/u_bufgmux_audio_family/O
                         net (fo=330, routed)         1.299   169.877    clk_audio_128x
    OLOGIC_X0Y95         ODDR (Prop_oddr_C_Q)         0.363   170.240 r  u_demo_interp_dac8_audio_pcm_common/gen_dac_clock_oddr.u_dac_clock_oddr/Q
                         net (fo=1, routed)           0.001   170.241    dac_clk_OBUF
    G16                  OBUF (Prop_obuf_I_O)         2.745   172.986 r  dac_clk_OBUF_inst/O
                         net (fo=0)                   0.000   172.986    dac_clk
    G16                                                               r  dac_clk (OUT)
                         clock pessimism              0.344   173.330    
                         clock uncertainty           -1.431   171.899    
                         output delay                -2.500   169.399    
  -------------------------------------------------------------------
                         required time                        169.399    
                         arrival time                         -93.280    
  -------------------------------------------------------------------
                         slack                                 76.119    

Slack (MET) :             76.120ns  (required time - arrival time)
  Source:                 u_demo_interp_dac8_audio_pcm_common/dac_data_r_reg[7]/C
                            (falling edge-triggered cell FDSE clocked by u_dual_family_audio_clock/clk_48k_raw  {rise@0.000ns fall@81.379ns period=162.759ns})
  Destination:            dac_data[7]
                            (output port clocked by dac_clk_48k_128x  {rise@0.000ns fall@81.379ns period=162.759ns})
  Path Group:             dac_clk_48k_128x
  Path Type:              Max at Slow Process Corner
  Requirement:            81.379ns  (dac_clk_48k_128x rise@162.759ns - u_dual_family_audio_clock/clk_48k_raw fall@81.379ns)
  Data Path Delay:        4.153ns  (logic 4.152ns (99.976%)  route 0.001ns (0.024%))
  Logic Levels:           1  (OBUF=1)
  Output Delay:           2.500ns
  Clock Path Skew:        2.825ns (DCD - SCD + CPR)
    Destination Clock Delay (DCD):    10.227ns = ( 172.986 - 162.759 ) 
    Source Clock Delay      (SCD):    7.747ns = ( 89.126 - 81.379 ) 
    Clock Pessimism Removal (CPR):    0.344ns
  Clock Uncertainty:      1.431ns  ((TSJ^2 + DJ^2)^1/2) / 2 + PE
    Total System Jitter     (TSJ):    0.071ns
    Discrete Jitter          (DJ):    0.972ns
    Phase Error              (PE):    0.944ns

    Location             Delay type                Incr(ns)  Path(ns)    Netlist Resource(s)
  -------------------------------------------------------------------    -------------------
                         (clock u_dual_family_audio_clock/clk_48k_raw fall edge)
                                                     81.379    81.379 f  
    Y18                                               0.000    81.379 f  clk (IN)
                         net (fo=0)                   0.000    81.379    clk
    Y18                  IBUF (Prop_ibuf_I_O)         1.427    82.806 f  u_ibuf_sys_clk/O
                         net (fo=1, routed)           1.693    84.499    clk_ibuf
    BUFGCTRL_X0Y0        BUFG (Prop_bufg_I_O)         0.081    84.580 f  u_bufg_sys_clk/O
                         net (fo=58, routed)          1.374    85.954    clk_sys_bufg
    MMCME2_ADV_X0Y1      MMCME2_ADV (Prop_mmcme2_adv_CLKIN1_CLKOUT0)
                                                      0.077    86.031 f  u_dual_family_audio_clock/u_mmcm_48k/CLKOUT0
                         net (fo=1, routed)           1.425    87.456    u_dual_family_audio_clock/clk_48k_raw
    BUFGCTRL_X0Y16       BUFGCTRL (Prop_bufgctrl_I1_O)
                                                      0.081    87.537 f  u_dual_family_audio_clock/u_bufgmux_audio_family/O
                         net (fo=330, routed)         1.589    89.126    clk_audio_128x
    OLOGIC_X0Y125        FDSE                                         r  u_demo_interp_dac8_audio_pcm_common/dac_data_r_reg[7]/C  (IS_INVERTED)
  -------------------------------------------------------------------    -------------------
    OLOGIC_X0Y125        FDSE (Prop_fdse_C_Q)         0.418    89.544 r  u_demo_interp_dac8_audio_pcm_common/dac_data_r_reg[7]/Q
                         net (fo=1, routed)           0.001    89.545    dac_data_OBUF[7]
    C17                  OBUF (Prop_obuf_I_O)         3.734    93.279 r  dac_data_OBUF[7]_inst/O
                         net (fo=0)                   0.000    93.279    dac_data[7]
    C17                                                               r  dac_data[7] (OUT)
  -------------------------------------------------------------------    -------------------

                         (clock dac_clk_48k_128x rise edge)
                                                    162.759   162.759 f  
    Y18                                               0.000   162.759 f  clk (IN)
                         net (fo=0)                   0.000   162.759    clk
    Y18                  IBUF (Prop_ibuf_I_O)         1.361   164.119 f  u_ibuf_sys_clk/O
                         net (fo=1, routed)           1.604   165.724    clk_ibuf
    BUFGCTRL_X0Y0        BUFG (Prop_bufg_I_O)         0.077   165.801 f  u_bufg_sys_clk/O
                         net (fo=58, routed)          1.270   167.071    clk_sys_bufg
    MMCME2_ADV_X0Y1      MMCME2_ADV (Prop_mmcme2_adv_CLKIN1_CLKOUT0)
                                                      0.073   167.144 f  u_dual_family_audio_clock/u_mmcm_48k/CLKOUT0
                         net (fo=1, routed)           1.357   168.501    u_dual_family_audio_clock/clk_48k_raw
    BUFGCTRL_X0Y16       BUFGCTRL (Prop_bufgctrl_I1_O)
                                                      0.077   168.578 f  u_dual_family_audio_clock/u_bufgmux_audio_family/O
                         net (fo=330, routed)         1.299   169.877    clk_audio_128x
    OLOGIC_X0Y95         ODDR (Prop_oddr_C_Q)         0.363   170.240 r  u_demo_interp_dac8_audio_pcm_common/gen_dac_clock_oddr.u_dac_clock_oddr/Q
                         net (fo=1, routed)           0.001   170.241    dac_clk_OBUF
    G16                  OBUF (Prop_obuf_I_O)         2.745   172.986 r  dac_clk_OBUF_inst/O
                         net (fo=0)                   0.000   172.986    dac_clk
    G16                                                               r  dac_clk (OUT)
                         clock pessimism              0.344   173.330    
                         clock uncertainty           -1.431   171.899    
                         output delay                -2.500   169.399    
  -------------------------------------------------------------------
                         required time                        169.399    
                         arrival time                         -93.279    
  -------------------------------------------------------------------
                         slack                                 76.120    

Slack (MET) :             76.138ns  (required time - arrival time)
  Source:                 u_demo_interp_dac8_audio_pcm_common/dac_data_r_reg[6]/C
                            (falling edge-triggered cell FDRE clocked by u_dual_family_audio_clock/clk_48k_raw  {rise@0.000ns fall@81.379ns period=162.759ns})
  Destination:            dac_data[6]
                            (output port clocked by dac_clk_48k_128x  {rise@0.000ns fall@81.379ns period=162.759ns})
  Path Group:             dac_clk_48k_128x
  Path Type:              Max at Slow Process Corner
  Requirement:            81.379ns  (dac_clk_48k_128x rise@162.759ns - u_dual_family_audio_clock/clk_48k_raw fall@81.379ns)
  Data Path Delay:        4.119ns  (logic 4.118ns (99.976%)  route 0.001ns (0.024%))
  Logic Levels:           1  (OBUF=1)
  Output Delay:           2.500ns
  Clock Path Skew:        2.809ns (DCD - SCD + CPR)
    Destination Clock Delay (DCD):    10.227ns = ( 172.986 - 162.759 ) 
    Source Clock Delay      (SCD):    7.763ns = ( 89.142 - 81.379 ) 
    Clock Pessimism Removal (CPR):    0.344ns
  Clock Uncertainty:      1.431ns  ((TSJ^2 + DJ^2)^1/2) / 2 + PE
    Total System Jitter     (TSJ):    0.071ns
    Discrete Jitter          (DJ):    0.972ns
    Phase Error              (PE):    0.944ns

    Location             Delay type                Incr(ns)  Path(ns)    Netlist Resource(s)
  -------------------------------------------------------------------    -------------------
                         (clock u_dual_family_audio_clock/clk_48k_raw fall edge)
                                                     81.379    81.379 f  
    Y18                                               0.000    81.379 f  clk (IN)
                         net (fo=0)                   0.000    81.379    clk
    Y18                  IBUF (Prop_ibuf_I_O)         1.427    82.806 f  u_ibuf_sys_clk/O
                         net (fo=1, routed)           1.693    84.499    clk_ibuf
    BUFGCTRL_X0Y0        BUFG (Prop_bufg_I_O)         0.081    84.580 f  u_bufg_sys_clk/O
                         net (fo=58, routed)          1.374    85.954    clk_sys_bufg
    MMCME2_ADV_X0Y1      MMCME2_ADV (Prop_mmcme2_adv_CLKIN1_CLKOUT0)
                                                      0.077    86.031 f  u_dual_family_audio_clock/u_mmcm_48k/CLKOUT0
                         net (fo=1, routed)           1.425    87.456    u_dual_family_audio_clock/clk_48k_raw
    BUFGCTRL_X0Y16       BUFGCTRL (Prop_bufgctrl_I1_O)
                                                      0.081    87.537 f  u_dual_family_audio_clock/u_bufgmux_audio_family/O
                         net (fo=330, routed)         1.605    89.142    clk_audio_128x
    OLOGIC_X0Y145        FDRE                                         r  u_demo_interp_dac8_audio_pcm_common/dac_data_r_reg[6]/C  (IS_INVERTED)
  -------------------------------------------------------------------    -------------------
    OLOGIC_X0Y145        FDRE (Prop_fdre_C_Q)         0.418    89.560 r  u_demo_interp_dac8_audio_pcm_common/dac_data_r_reg[6]/Q
                         net (fo=1, routed)           0.001    89.561    dac_data_OBUF[6]
    E17                  OBUF (Prop_obuf_I_O)         3.700    93.261 r  dac_data_OBUF[6]_inst/O
                         net (fo=0)                   0.000    93.261    dac_data[6]
    E17                                                               r  dac_data[6] (OUT)
  -------------------------------------------------------------------    -------------------

                         (clock dac_clk_48k_128x rise edge)
                                                    162.759   162.759 f  
    Y18                                               0.000   162.759 f  clk (IN)
                         net (fo=0)                   0.000   162.759    clk
    Y18                  IBUF (Prop_ibuf_I_O)         1.361   164.119 f  u_ibuf_sys_clk/O
                         net (fo=1, routed)           1.604   165.724    clk_ibuf
    BUFGCTRL_X0Y0        BUFG (Prop_bufg_I_O)         0.077   165.801 f  u_bufg_sys_clk/O
                         net (fo=58, routed)          1.270   167.071    clk_sys_bufg
    MMCME2_ADV_X0Y1      MMCME2_ADV (Prop_mmcme2_adv_CLKIN1_CLKOUT0)
                                                      0.073   167.144 f  u_dual_family_audio_clock/u_mmcm_48k/CLKOUT0
                         net (fo=1, routed)           1.357   168.501    u_dual_family_audio_clock/clk_48k_raw
    BUFGCTRL_X0Y16       BUFGCTRL (Prop_bufgctrl_I1_O)
                                                      0.077   168.578 f  u_dual_family_audio_clock/u_bufgmux_audio_family/O
                         net (fo=330, routed)         1.299   169.877    clk_audio_128x
    OLOGIC_X0Y95         ODDR (Prop_oddr_C_Q)         0.363   170.240 r  u_demo_interp_dac8_audio_pcm_common/gen_dac_clock_oddr.u_dac_clock_oddr/Q
                         net (fo=1, routed)           0.001   170.241    dac_clk_OBUF
    G16                  OBUF (Prop_obuf_I_O)         2.745   172.986 r  dac_clk_OBUF_inst/O
                         net (fo=0)                   0.000   172.986    dac_clk
    G16                                                               r  dac_clk (OUT)
                         clock pessimism              0.344   173.330    
                         clock uncertainty           -1.431   171.899    
                         output delay                -2.500   169.399    
  -------------------------------------------------------------------
                         required time                        169.399    
                         arrival time                         -93.261    
  -------------------------------------------------------------------
                         slack                                 76.138    

Slack (MET) :             76.370ns  (required time - arrival time)
  Source:                 u_demo_interp_dac8_audio_pcm_common/dac_data_r_reg[3]/C
                            (falling edge-triggered cell FDRE clocked by u_dual_family_audio_clock/clk_48k_raw  {rise@0.000ns fall@81.379ns period=162.759ns})
  Destination:            dac_data[3]
                            (output port clocked by dac_clk_48k_128x  {rise@0.000ns fall@81.379ns period=162.759ns})
  Path Group:             dac_clk_48k_128x
  Path Type:              Max at Slow Process Corner
  Requirement:            81.379ns  (dac_clk_48k_128x rise@162.759ns - u_dual_family_audio_clock/clk_48k_raw fall@81.379ns)
  Data Path Delay:        4.159ns  (logic 4.158ns (99.976%)  route 0.001ns (0.024%))
  Logic Levels:           1  (OBUF=1)
  Output Delay:           2.500ns
  Clock Path Skew:        3.081ns (DCD - SCD + CPR)
    Destination Clock Delay (DCD):    10.227ns = ( 172.986 - 162.759 ) 
    Source Clock Delay      (SCD):    7.598ns = ( 88.977 - 81.379 ) 
    Clock Pessimism Removal (CPR):    0.451ns
  Clock Uncertainty:      1.431ns  ((TSJ^2 + DJ^2)^1/2) / 2 + PE
    Total System Jitter     (TSJ):    0.071ns
    Discrete Jitter          (DJ):    0.972ns
    Phase Error              (PE):    0.944ns

    Location             Delay type                Incr(ns)  Path(ns)    Netlist Resource(s)
  -------------------------------------------------------------------    -------------------
                         (clock u_dual_family_audio_clock/clk_48k_raw fall edge)
                                                     81.379    81.379 f  
    Y18                                               0.000    81.379 f  clk (IN)
                         net (fo=0)                   0.000    81.379    clk
    Y18                  IBUF (Prop_ibuf_I_O)         1.427    82.806 f  u_ibuf_sys_clk/O
                         net (fo=1, routed)           1.693    84.499    clk_ibuf
    BUFGCTRL_X0Y0        BUFG (Prop_bufg_I_O)         0.081    84.580 f  u_bufg_sys_clk/O
                         net (fo=58, routed)          1.374    85.954    clk_sys_bufg
    MMCME2_ADV_X0Y1      MMCME2_ADV (Prop_mmcme2_adv_CLKIN1_CLKOUT0)
                                                      0.077    86.031 f  u_dual_family_audio_clock/u_mmcm_48k/CLKOUT0
                         net (fo=1, routed)           1.425    87.456    u_dual_family_audio_clock/clk_48k_raw
    BUFGCTRL_X0Y16       BUFGCTRL (Prop_bufgctrl_I1_O)
                                                      0.081    87.537 f  u_dual_family_audio_clock/u_bufgmux_audio_family/O
                         net (fo=330, routed)         1.440    88.977    clk_audio_128x
    OLOGIC_X0Y91         FDRE                                         r  u_demo_interp_dac8_audio_pcm_common/dac_data_r_reg[3]/C  (IS_INVERTED)
  -------------------------------------------------------------------    -------------------
    OLOGIC_X0Y91         FDRE (Prop_fdre_C_Q)         0.418    89.395 r  u_demo_interp_dac8_audio_pcm_common/dac_data_r_reg[3]/Q
                         net (fo=1, routed)           0.001    89.396    dac_data_OBUF[3]
    G18                  OBUF (Prop_obuf_I_O)         3.740    93.136 r  dac_data_OBUF[3]_inst/O
                         net (fo=0)                   0.000    93.136    dac_data[3]
    G18                                                               r  dac_data[3] (OUT)
  -------------------------------------------------------------------    -------------------

                         (clock dac_clk_48k_128x rise edge)
                                                    162.759   162.759 f  
    Y18                                               0.000   162.759 f  clk (IN)
                         net (fo=0)                   0.000   162.759    clk
    Y18                  IBUF (Prop_ibuf_I_O)         1.361   164.119 f  u_ibuf_sys_clk/O
                         net (fo=1, routed)           1.604   165.724    clk_ibuf
    BUFGCTRL_X0Y0        BUFG (Prop_bufg_I_O)         0.077   165.801 f  u_bufg_sys_clk/O
                         net (fo=58, routed)          1.270   167.071    clk_sys_bufg
    MMCME2_ADV_X0Y1      MMCME2_ADV (Prop_mmcme2_adv_CLKIN1_CLKOUT0)
                                                      0.073   167.144 f  u_dual_family_audio_clock/u_mmcm_48k/CLKOUT0
                         net (fo=1, routed)           1.357   168.501    u_dual_family_audio_clock/clk_48k_raw
    BUFGCTRL_X0Y16       BUFGCTRL (Prop_bufgctrl_I1_O)
                                                      0.077   168.578 f  u_dual_family_audio_clock/u_bufgmux_audio_family/O
                         net (fo=330, routed)         1.299   169.877    clk_audio_128x
    OLOGIC_X0Y95         ODDR (Prop_oddr_C_Q)         0.363   170.240 r  u_demo_interp_dac8_audio_pcm_common/gen_dac_clock_oddr.u_dac_clock_oddr/Q
                         net (fo=1, routed)           0.001   170.241    dac_clk_OBUF
    G16                  OBUF (Prop_obuf_I_O)         2.745   172.986 r  dac_clk_OBUF_inst/O
                         net (fo=0)                   0.000   172.986    dac_clk
    G16                                                               r  dac_clk (OUT)
                         clock pessimism              0.451   173.437    
                         clock uncertainty           -1.431   172.006    
                         output delay                -2.500   169.506    
  -------------------------------------------------------------------
                         required time                        169.506    
                         arrival time                         -93.136    
  -------------------------------------------------------------------
                         slack                                 76.370    

Slack (MET) :             76.373ns  (required time - arrival time)
  Source:                 u_demo_interp_dac8_audio_pcm_common/dac_data_r_reg[5]/C
                            (falling edge-triggered cell FDRE clocked by u_dual_family_audio_clock/clk_48k_raw  {rise@0.000ns fall@81.379ns period=162.759ns})
  Destination:            dac_data[5]
                            (output port clocked by dac_clk_48k_128x  {rise@0.000ns fall@81.379ns period=162.759ns})
  Path Group:             dac_clk_48k_128x
  Path Type:              Max at Slow Process Corner
  Requirement:            81.379ns  (dac_clk_48k_128x rise@162.759ns - u_dual_family_audio_clock/clk_48k_raw fall@81.379ns)
  Data Path Delay:        4.156ns  (logic 4.155ns (99.976%)  route 0.001ns (0.024%))
  Logic Levels:           1  (OBUF=1)
  Output Delay:           2.500ns
  Clock Path Skew:        3.081ns (DCD - SCD + CPR)
    Destination Clock Delay (DCD):    10.227ns = ( 172.986 - 162.759 ) 
    Source Clock Delay      (SCD):    7.598ns = ( 88.977 - 81.379 ) 
    Clock Pessimism Removal (CPR):    0.451ns
  Clock Uncertainty:      1.431ns  ((TSJ^2 + DJ^2)^1/2) / 2 + PE
    Total System Jitter     (TSJ):    0.071ns
    Discrete Jitter          (DJ):    0.972ns
    Phase Error              (PE):    0.944ns

    Location             Delay type                Incr(ns)  Path(ns)    Netlist Resource(s)
  -------------------------------------------------------------------    -------------------
                         (clock u_dual_family_audio_clock/clk_48k_raw fall edge)
                                                     81.379    81.379 f  
    Y18                                               0.000    81.379 f  clk (IN)
                         net (fo=0)                   0.000    81.379    clk
    Y18                  IBUF (Prop_ibuf_I_O)         1.427    82.806 f  u_ibuf_sys_clk/O
                         net (fo=1, routed)           1.693    84.499    clk_ibuf
    BUFGCTRL_X0Y0        BUFG (Prop_bufg_I_O)         0.081    84.580 f  u_bufg_sys_clk/O
                         net (fo=58, routed)          1.374    85.954    clk_sys_bufg
    MMCME2_ADV_X0Y1      MMCME2_ADV (Prop_mmcme2_adv_CLKIN1_CLKOUT0)
                                                      0.077    86.031 f  u_dual_family_audio_clock/u_mmcm_48k/CLKOUT0
                         net (fo=1, routed)           1.425    87.456    u_dual_family_audio_clock/clk_48k_raw
    BUFGCTRL_X0Y16       BUFGCTRL (Prop_bufgctrl_I1_O)
                                                      0.081    87.537 f  u_dual_family_audio_clock/u_bufgmux_audio_family/O
                         net (fo=330, routed)         1.440    88.977    clk_audio_128x
    OLOGIC_X0Y92         FDRE                                         r  u_demo_interp_dac8_audio_pcm_common/dac_data_r_reg[5]/C  (IS_INVERTED)
  -------------------------------------------------------------------    -------------------
    OLOGIC_X0Y92         FDRE (Prop_fdre_C_Q)         0.418    89.395 r  u_demo_interp_dac8_audio_pcm_common/dac_data_r_reg[5]/Q
                         net (fo=1, routed)           0.001    89.396    dac_data_OBUF[5]
    G17                  OBUF (Prop_obuf_I_O)         3.737    93.133 r  dac_data_OBUF[5]_inst/O
                         net (fo=0)                   0.000    93.133    dac_data[5]
    G17                                                               r  dac_data[5] (OUT)
  -------------------------------------------------------------------    -------------------

                         (clock dac_clk_48k_128x rise edge)
                                                    162.759   162.759 f  
    Y18                                               0.000   162.759 f  clk (IN)
                         net (fo=0)                   0.000   162.759    clk
    Y18                  IBUF (Prop_ibuf_I_O)         1.361   164.119 f  u_ibuf_sys_clk/O
                         net (fo=1, routed)           1.604   165.724    clk_ibuf
    BUFGCTRL_X0Y0        BUFG (Prop_bufg_I_O)         0.077   165.801 f  u_bufg_sys_clk/O
                         net (fo=58, routed)          1.270   167.071    clk_sys_bufg
    MMCME2_ADV_X0Y1      MMCME2_ADV (Prop_mmcme2_adv_CLKIN1_CLKOUT0)
                                                      0.073   167.144 f  u_dual_family_audio_clock/u_mmcm_48k/CLKOUT0
                         net (fo=1, routed)           1.357   168.501    u_dual_family_audio_clock/clk_48k_raw
    BUFGCTRL_X0Y16       BUFGCTRL (Prop_bufgctrl_I1_O)
                                                      0.077   168.578 f  u_dual_family_audio_clock/u_bufgmux_audio_family/O
                         net (fo=330, routed)         1.299   169.877    clk_audio_128x
    OLOGIC_X0Y95         ODDR (Prop_oddr_C_Q)         0.363   170.240 r  u_demo_interp_dac8_audio_pcm_common/gen_dac_clock_oddr.u_dac_clock_oddr/Q
                         net (fo=1, routed)           0.001   170.241    dac_clk_OBUF
    G16                  OBUF (Prop_obuf_I_O)         2.745   172.986 r  dac_clk_OBUF_inst/O
                         net (fo=0)                   0.000   172.986    dac_clk
    G16                                                               r  dac_clk (OUT)
                         clock pessimism              0.451   173.437    
                         clock uncertainty           -1.431   172.006    
                         output delay                -2.500   169.506    
  -------------------------------------------------------------------
                         required time                        169.506    
                         arrival time                         -93.133    
  -------------------------------------------------------------------
                         slack                                 76.373    

Slack (MET) :             76.388ns  (required time - arrival time)
  Source:                 u_demo_interp_dac8_audio_pcm_common/dac_data_r_reg[0]/C
                            (falling edge-triggered cell FDRE clocked by u_dual_family_audio_clock/clk_48k_raw  {rise@0.000ns fall@81.379ns period=162.759ns})
  Destination:            dac_data[0]
                            (output port clocked by dac_clk_48k_128x  {rise@0.000ns fall@81.379ns period=162.759ns})
  Path Group:             dac_clk_48k_128x
  Path Type:              Max at Slow Process Corner
  Requirement:            81.379ns  (dac_clk_48k_128x rise@162.759ns - u_dual_family_audio_clock/clk_48k_raw fall@81.379ns)
  Data Path Delay:        4.155ns  (logic 4.154ns (99.976%)  route 0.001ns (0.024%))
  Logic Levels:           1  (OBUF=1)
  Output Delay:           2.500ns
  Clock Path Skew:        3.095ns (DCD - SCD + CPR)
    Destination Clock Delay (DCD):    10.227ns = ( 172.986 - 162.759 ) 
    Source Clock Delay      (SCD):    7.584ns = ( 88.963 - 81.379 ) 
    Clock Pessimism Removal (CPR):    0.451ns
  Clock Uncertainty:      1.431ns  ((TSJ^2 + DJ^2)^1/2) / 2 + PE
    Total System Jitter     (TSJ):    0.071ns
    Discrete Jitter          (DJ):    0.972ns
    Phase Error              (PE):    0.944ns

    Location             Delay type                Incr(ns)  Path(ns)    Netlist Resource(s)
  -------------------------------------------------------------------    -------------------
                         (clock u_dual_family_audio_clock/clk_48k_raw fall edge)
                                                     81.379    81.379 f  
    Y18                                               0.000    81.379 f  clk (IN)
                         net (fo=0)                   0.000    81.379    clk
    Y18                  IBUF (Prop_ibuf_I_O)         1.427    82.806 f  u_ibuf_sys_clk/O
                         net (fo=1, routed)           1.693    84.499    clk_ibuf
    BUFGCTRL_X0Y0        BUFG (Prop_bufg_I_O)         0.081    84.580 f  u_bufg_sys_clk/O
                         net (fo=58, routed)          1.374    85.954    clk_sys_bufg
    MMCME2_ADV_X0Y1      MMCME2_ADV (Prop_mmcme2_adv_CLKIN1_CLKOUT0)
                                                      0.077    86.031 f  u_dual_family_audio_clock/u_mmcm_48k/CLKOUT0
                         net (fo=1, routed)           1.425    87.456    u_dual_family_audio_clock/clk_48k_raw
    BUFGCTRL_X0Y16       BUFGCTRL (Prop_bufgctrl_I1_O)
                                                      0.081    87.537 f  u_dual_family_audio_clock/u_bufgmux_audio_family/O
                         net (fo=330, routed)         1.426    88.963    clk_audio_128x
    OLOGIC_X0Y75         FDRE                                         r  u_demo_interp_dac8_audio_pcm_common/dac_data_r_reg[0]/C  (IS_INVERTED)
  -------------------------------------------------------------------    -------------------
    OLOGIC_X0Y75         FDRE (Prop_fdre_C_Q)         0.418    89.381 r  u_demo_interp_dac8_audio_pcm_common/dac_data_r_reg[0]/Q
                         net (fo=1, routed)           0.001    89.382    dac_data_OBUF[0]
    H19                  OBUF (Prop_obuf_I_O)         3.736    93.118 r  dac_data_OBUF[0]_inst/O
                         net (fo=0)                   0.000    93.118    dac_data[0]
    H19                                                               r  dac_data[0] (OUT)
  -------------------------------------------------------------------    -------------------

                         (clock dac_clk_48k_128x rise edge)
                                                    162.759   162.759 f  
    Y18                                               0.000   162.759 f  clk (IN)
                         net (fo=0)                   0.000   162.759    clk
    Y18                  IBUF (Prop_ibuf_I_O)         1.361   164.119 f  u_ibuf_sys_clk/O
                         net (fo=1, routed)           1.604   165.724    clk_ibuf
    BUFGCTRL_X0Y0        BUFG (Prop_bufg_I_O)         0.077   165.801 f  u_bufg_sys_clk/O
                         net (fo=58, routed)          1.270   167.071    clk_sys_bufg
    MMCME2_ADV_X0Y1      MMCME2_ADV (Prop_mmcme2_adv_CLKIN1_CLKOUT0)
                                                      0.073   167.144 f  u_dual_family_audio_clock/u_mmcm_48k/CLKOUT0
                         net (fo=1, routed)           1.357   168.501    u_dual_family_audio_clock/clk_48k_raw
    BUFGCTRL_X0Y16       BUFGCTRL (Prop_bufgctrl_I1_O)
                                                      0.077   168.578 f  u_dual_family_audio_clock/u_bufgmux_audio_family/O
                         net (fo=330, routed)         1.299   169.877    clk_audio_128x
    OLOGIC_X0Y95         ODDR (Prop_oddr_C_Q)         0.363   170.240 r  u_demo_interp_dac8_audio_pcm_common/gen_dac_clock_oddr.u_dac_clock_oddr/Q
                         net (fo=1, routed)           0.001   170.241    dac_clk_OBUF
    G16                  OBUF (Prop_obuf_I_O)         2.745   172.986 r  dac_clk_OBUF_inst/O
                         net (fo=0)                   0.000   172.986    dac_clk
    G16                                                               r  dac_clk (OUT)
                         clock pessimism              0.451   173.437    
                         clock uncertainty           -1.431   172.006    
                         output delay                -2.500   169.506    
  -------------------------------------------------------------------
                         required time                        169.506    
                         arrival time                         -93.118    
  -------------------------------------------------------------------
                         slack                                 76.388    

Slack (MET) :             76.395ns  (required time - arrival time)
  Source:                 u_demo_interp_dac8_audio_pcm_common/dac_data_r_reg[2]/C
                            (falling edge-triggered cell FDRE clocked by u_dual_family_audio_clock/clk_48k_raw  {rise@0.000ns fall@81.379ns period=162.759ns})
  Destination:            dac_data[2]
                            (output port clocked by dac_clk_48k_128x  {rise@0.000ns fall@81.379ns period=162.759ns})
  Path Group:             dac_clk_48k_128x
  Path Type:              Max at Slow Process Corner
  Requirement:            81.379ns  (dac_clk_48k_128x rise@162.759ns - u_dual_family_audio_clock/clk_48k_raw fall@81.379ns)
  Data Path Delay:        4.136ns  (logic 4.135ns (99.976%)  route 0.001ns (0.024%))
  Logic Levels:           1  (OBUF=1)
  Output Delay:           2.500ns
  Clock Path Skew:        3.083ns (DCD - SCD + CPR)
    Destination Clock Delay (DCD):    10.227ns = ( 172.986 - 162.759 ) 
    Source Clock Delay      (SCD):    7.596ns = ( 88.975 - 81.379 ) 
    Clock Pessimism Removal (CPR):    0.451ns
  Clock Uncertainty:      1.431ns  ((TSJ^2 + DJ^2)^1/2) / 2 + PE
    Total System Jitter     (TSJ):    0.071ns
    Discrete Jitter          (DJ):    0.972ns
    Phase Error              (PE):    0.944ns

    Location             Delay type                Incr(ns)  Path(ns)    Netlist Resource(s)
  -------------------------------------------------------------------    -------------------
                         (clock u_dual_family_audio_clock/clk_48k_raw fall edge)
                                                     81.379    81.379 f  
    Y18                                               0.000    81.379 f  clk (IN)
                         net (fo=0)                   0.000    81.379    clk
    Y18                  IBUF (Prop_ibuf_I_O)         1.427    82.806 f  u_ibuf_sys_clk/O
                         net (fo=1, routed)           1.693    84.499    clk_ibuf
    BUFGCTRL_X0Y0        BUFG (Prop_bufg_I_O)         0.081    84.580 f  u_bufg_sys_clk/O
                         net (fo=58, routed)          1.374    85.954    clk_sys_bufg
    MMCME2_ADV_X0Y1      MMCME2_ADV (Prop_mmcme2_adv_CLKIN1_CLKOUT0)
                                                      0.077    86.031 f  u_dual_family_audio_clock/u_mmcm_48k/CLKOUT0
                         net (fo=1, routed)           1.425    87.456    u_dual_family_audio_clock/clk_48k_raw
    BUFGCTRL_X0Y16       BUFGCTRL (Prop_bufgctrl_I1_O)
                                                      0.081    87.537 f  u_dual_family_audio_clock/u_bufgmux_audio_family/O
                         net (fo=330, routed)         1.438    88.975    clk_audio_128x
    OLOGIC_X0Y87         FDRE                                         r  u_demo_interp_dac8_audio_pcm_common/dac_data_r_reg[2]/C  (IS_INVERTED)
  -------------------------------------------------------------------    -------------------
    OLOGIC_X0Y87         FDRE (Prop_fdre_C_Q)         0.418    89.393 r  u_demo_interp_dac8_audio_pcm_common/dac_data_r_reg[2]/Q
                         net (fo=1, routed)           0.001    89.394    dac_data_OBUF[2]
    H18                  OBUF (Prop_obuf_I_O)         3.717    93.111 r  dac_data_OBUF[2]_inst/O
                         net (fo=0)                   0.000    93.111    dac_data[2]
    H18                                                               r  dac_data[2] (OUT)
  -------------------------------------------------------------------    -------------------

                         (clock dac_clk_48k_128x rise edge)
                                                    162.759   162.759 f  
    Y18                                               0.000   162.759 f  clk (IN)
                         net (fo=0)                   0.000   162.759    clk
    Y18                  IBUF (Prop_ibuf_I_O)         1.361   164.119 f  u_ibuf_sys_clk/O
                         net (fo=1, routed)           1.604   165.724    clk_ibuf
    BUFGCTRL_X0Y0        BUFG (Prop_bufg_I_O)         0.077   165.801 f  u_bufg_sys_clk/O
                         net (fo=58, routed)          1.270   167.071    clk_sys_bufg
    MMCME2_ADV_X0Y1      MMCME2_ADV (Prop_mmcme2_adv_CLKIN1_CLKOUT0)
                                                      0.073   167.144 f  u_dual_family_audio_clock/u_mmcm_48k/CLKOUT0
                         net (fo=1, routed)           1.357   168.501    u_dual_family_audio_clock/clk_48k_raw
    BUFGCTRL_X0Y16       BUFGCTRL (Prop_bufgctrl_I1_O)
                                                      0.077   168.578 f  u_dual_family_audio_clock/u_bufgmux_audio_family/O
                         net (fo=330, routed)         1.299   169.877    clk_audio_128x
    OLOGIC_X0Y95         ODDR (Prop_oddr_C_Q)         0.363   170.240 r  u_demo_interp_dac8_audio_pcm_common/gen_dac_clock_oddr.u_dac_clock_oddr/Q
                         net (fo=1, routed)           0.001   170.241    dac_clk_OBUF
    G16                  OBUF (Prop_obuf_I_O)         2.745   172.986 r  dac_clk_OBUF_inst/O
                         net (fo=0)                   0.000   172.986    dac_clk
    G16                                                               r  dac_clk (OUT)
                         clock pessimism              0.451   173.437    
                         clock uncertainty           -1.431   172.006    
                         output delay                -2.500   169.506    
  -------------------------------------------------------------------
                         required time                        169.506    
                         arrival time                         -93.111    
  -------------------------------------------------------------------
                         slack                                 76.395    





Min Delay Paths
--------------------------------------------------------------------------------------
Slack (MET) :             78.117ns  (arrival time - required time)
  Source:                 u_demo_interp_dac8_audio_pcm_common/dac_data_r_reg[6]/C
                            (falling edge-triggered cell FDRE clocked by u_dual_family_audio_clock/clk_48k_raw  {rise@0.000ns fall@81.379ns period=162.759ns})
  Destination:            dac_data[6]
                            (output port clocked by dac_clk_48k_128x  {rise@0.000ns fall@81.379ns period=162.759ns})
  Path Group:             dac_clk_48k_128x
  Path Type:              Min at Fast Process Corner
  Requirement:            -81.379ns  (dac_clk_48k_128x rise@0.000ns - u_dual_family_audio_clock/clk_48k_raw fall@81.379ns)
  Data Path Delay:        2.135ns  (logic 2.134ns (99.953%)  route 0.001ns (0.047%))
  Logic Levels:           1  (OBUF=1)
  Output Delay:           -2.000ns
  Clock Path Skew:        1.967ns (DCD - SCD - CPR)
    Destination Clock Delay (DCD):    5.236ns
    Source Clock Delay      (SCD):    2.701ns = ( 84.081 - 81.379 ) 
    Clock Pessimism Removal (CPR):    0.568ns
  Clock Uncertainty:      1.431ns  ((TSJ^2 + DJ^2)^1/2) / 2 + PE
    Total System Jitter     (TSJ):    0.071ns
    Discrete Jitter          (DJ):    0.972ns
    Phase Error              (PE):    0.944ns

    Location             Delay type                Incr(ns)  Path(ns)    Netlist Resource(s)
  -------------------------------------------------------------------    -------------------
                         (clock u_dual_family_audio_clock/clk_48k_raw fall edge)
                                                     81.379    81.379 f  
    Y18                                               0.000    81.379 f  clk (IN)
                         net (fo=0)                   0.000    81.379    clk
    Y18                  IBUF (Prop_ibuf_I_O)         0.264    81.643 f  u_ibuf_sys_clk/O
                         net (fo=1, routed)           0.634    82.277    clk_ibuf
    BUFGCTRL_X0Y0        BUFG (Prop_bufg_I_O)         0.026    82.303 f  u_bufg_sys_clk/O
                         net (fo=58, routed)          0.547    82.850    clk_sys_bufg
    MMCME2_ADV_X0Y1      MMCME2_ADV (Prop_mmcme2_adv_CLKIN1_CLKOUT0)
                                                      0.050    82.900 f  u_dual_family_audio_clock/u_mmcm_48k/CLKOUT0
                         net (fo=1, routed)           0.489    83.389    u_dual_family_audio_clock/clk_48k_raw
    BUFGCTRL_X0Y16       BUFGCTRL (Prop_bufgctrl_I1_O)
                                                      0.026    83.415 f  u_dual_family_audio_clock/u_bufgmux_audio_family/O
                         net (fo=330, routed)         0.666    84.081    clk_audio_128x
    OLOGIC_X0Y145        FDRE                                         r  u_demo_interp_dac8_audio_pcm_common/dac_data_r_reg[6]/C  (IS_INVERTED)
  -------------------------------------------------------------------    -------------------
    OLOGIC_X0Y145        FDRE (Prop_fdre_C_Q)         0.177    84.258 r  u_demo_interp_dac8_audio_pcm_common/dac_data_r_reg[6]/Q
                         net (fo=1, routed)           0.001    84.259    dac_data_OBUF[6]
    E17                  OBUF (Prop_obuf_I_O)         1.957    86.216 r  dac_data_OBUF[6]_inst/O
                         net (fo=0)                   0.000    86.216    dac_data[6]
    E17                                                               r  dac_data[6] (OUT)
  -------------------------------------------------------------------    -------------------

                         (clock dac_clk_48k_128x rise edge)
                                                      0.000     0.000 f  
    Y18                                               0.000     0.000 f  clk (IN)
                         net (fo=0)                   0.000     0.000    clk
    Y18                  IBUF (Prop_ibuf_I_O)         0.452     0.452 f  u_ibuf_sys_clk/O
                         net (fo=1, routed)           0.689     1.140    clk_ibuf
    BUFGCTRL_X0Y0        BUFG (Prop_bufg_I_O)         0.029     1.169 f  u_bufg_sys_clk/O
                         net (fo=58, routed)          0.813     1.983    clk_sys_bufg
    MMCME2_ADV_X0Y1      MMCME2_ADV (Prop_mmcme2_adv_CLKIN1_CLKOUT0)
                                                      0.053     2.036 f  u_dual_family_audio_clock/u_mmcm_48k/CLKOUT0
                         net (fo=1, routed)           0.534     2.569    u_dual_family_audio_clock/clk_48k_raw
    BUFGCTRL_X0Y16       BUFGCTRL (Prop_bufgctrl_I1_O)
                                                      0.029     2.598 f  u_dual_family_audio_clock/u_bufgmux_audio_family/O
                         net (fo=330, routed)         0.855     3.454    clk_audio_128x
    OLOGIC_X0Y95         ODDR (Prop_oddr_C_Q)         0.204     3.658 r  u_demo_interp_dac8_audio_pcm_common/gen_dac_clock_oddr.u_dac_clock_oddr/Q
                         net (fo=1, routed)           0.001     3.659    dac_clk_OBUF
    G16                  OBUF (Prop_obuf_I_O)         1.577     5.236 r  dac_clk_OBUF_inst/O
                         net (fo=0)                   0.000     5.236    dac_clk
    G16                                                               r  dac_clk (OUT)
                         clock pessimism             -0.568     4.668    
                         clock uncertainty            1.431     6.099    
                         output delay                 2.000     8.099    
  -------------------------------------------------------------------
                         required time                         -8.099    
                         arrival time                          86.216    
  -------------------------------------------------------------------
                         slack                                 78.117    

Slack (MET) :             78.142ns  (arrival time - required time)
  Source:                 u_demo_interp_dac8_audio_pcm_common/dac_data_r_reg[1]/C
                            (falling edge-triggered cell FDRE clocked by u_dual_family_audio_clock/clk_48k_raw  {rise@0.000ns fall@81.379ns period=162.759ns})
  Destination:            dac_data[1]
                            (output port clocked by dac_clk_48k_128x  {rise@0.000ns fall@81.379ns period=162.759ns})
  Path Group:             dac_clk_48k_128x
  Path Type:              Min at Fast Process Corner
  Requirement:            -81.379ns  (dac_clk_48k_128x rise@0.000ns - u_dual_family_audio_clock/clk_48k_raw fall@81.379ns)
  Data Path Delay:        2.168ns  (logic 2.167ns (99.954%)  route 0.001ns (0.046%))
  Logic Levels:           1  (OBUF=1)
  Output Delay:           -2.000ns
  Clock Path Skew:        1.974ns (DCD - SCD - CPR)
    Destination Clock Delay (DCD):    5.236ns
    Source Clock Delay      (SCD):    2.694ns = ( 84.074 - 81.379 ) 
    Clock Pessimism Removal (CPR):    0.568ns
  Clock Uncertainty:      1.431ns  ((TSJ^2 + DJ^2)^1/2) / 2 + PE
    Total System Jitter     (TSJ):    0.071ns
    Discrete Jitter          (DJ):    0.972ns
    Phase Error              (PE):    0.944ns

    Location             Delay type                Incr(ns)  Path(ns)    Netlist Resource(s)
  -------------------------------------------------------------------    -------------------
                         (clock u_dual_family_audio_clock/clk_48k_raw fall edge)
                                                     81.379    81.379 f  
    Y18                                               0.000    81.379 f  clk (IN)
                         net (fo=0)                   0.000    81.379    clk
    Y18                  IBUF (Prop_ibuf_I_O)         0.264    81.643 f  u_ibuf_sys_clk/O
                         net (fo=1, routed)           0.634    82.277    clk_ibuf
    BUFGCTRL_X0Y0        BUFG (Prop_bufg_I_O)         0.026    82.303 f  u_bufg_sys_clk/O
                         net (fo=58, routed)          0.547    82.850    clk_sys_bufg
    MMCME2_ADV_X0Y1      MMCME2_ADV (Prop_mmcme2_adv_CLKIN1_CLKOUT0)
                                                      0.050    82.900 f  u_dual_family_audio_clock/u_mmcm_48k/CLKOUT0
                         net (fo=1, routed)           0.489    83.389    u_dual_family_audio_clock/clk_48k_raw
    BUFGCTRL_X0Y16       BUFGCTRL (Prop_bufgctrl_I1_O)
                                                      0.026    83.415 f  u_dual_family_audio_clock/u_bufgmux_audio_family/O
                         net (fo=330, routed)         0.659    84.074    clk_audio_128x
    OLOGIC_X0Y122        FDRE                                         r  u_demo_interp_dac8_audio_pcm_common/dac_data_r_reg[1]/C  (IS_INVERTED)
  -------------------------------------------------------------------    -------------------
    OLOGIC_X0Y122        FDRE (Prop_fdre_C_Q)         0.177    84.251 r  u_demo_interp_dac8_audio_pcm_common/dac_data_r_reg[1]/Q
                         net (fo=1, routed)           0.001    84.252    dac_data_OBUF[1]
    E19                  OBUF (Prop_obuf_I_O)         1.990    86.242 r  dac_data_OBUF[1]_inst/O
                         net (fo=0)                   0.000    86.242    dac_data[1]
    E19                                                               r  dac_data[1] (OUT)
  -------------------------------------------------------------------    -------------------

                         (clock dac_clk_48k_128x rise edge)
                                                      0.000     0.000 f  
    Y18                                               0.000     0.000 f  clk (IN)
                         net (fo=0)                   0.000     0.000    clk
    Y18                  IBUF (Prop_ibuf_I_O)         0.452     0.452 f  u_ibuf_sys_clk/O
                         net (fo=1, routed)           0.689     1.140    clk_ibuf
    BUFGCTRL_X0Y0        BUFG (Prop_bufg_I_O)         0.029     1.169 f  u_bufg_sys_clk/O
                         net (fo=58, routed)          0.813     1.983    clk_sys_bufg
    MMCME2_ADV_X0Y1      MMCME2_ADV (Prop_mmcme2_adv_CLKIN1_CLKOUT0)
                                                      0.053     2.036 f  u_dual_family_audio_clock/u_mmcm_48k/CLKOUT0
                         net (fo=1, routed)           0.534     2.569    u_dual_family_audio_clock/clk_48k_raw
    BUFGCTRL_X0Y16       BUFGCTRL (Prop_bufgctrl_I1_O)
                                                      0.029     2.598 f  u_dual_family_audio_clock/u_bufgmux_audio_family/O
                         net (fo=330, routed)         0.855     3.454    clk_audio_128x
    OLOGIC_X0Y95         ODDR (Prop_oddr_C_Q)         0.204     3.658 r  u_demo_interp_dac8_audio_pcm_common/gen_dac_clock_oddr.u_dac_clock_oddr/Q
                         net (fo=1, routed)           0.001     3.659    dac_clk_OBUF
    G16                  OBUF (Prop_obuf_I_O)         1.577     5.236 r  dac_clk_OBUF_inst/O
                         net (fo=0)                   0.000     5.236    dac_clk
    G16                                                               r  dac_clk (OUT)
                         clock pessimism             -0.568     4.668    
                         clock uncertainty            1.431     6.099    
                         output delay                 2.000     8.099    
  -------------------------------------------------------------------
                         required time                         -8.099    
                         arrival time                          86.242    
  -------------------------------------------------------------------
                         slack                                 78.142    

Slack (MET) :             78.143ns  (arrival time - required time)
  Source:                 u_demo_interp_dac8_audio_pcm_common/dac_data_r_reg[7]/C
                            (falling edge-triggered cell FDSE clocked by u_dual_family_audio_clock/clk_48k_raw  {rise@0.000ns fall@81.379ns period=162.759ns})
  Destination:            dac_data[7]
                            (output port clocked by dac_clk_48k_128x  {rise@0.000ns fall@81.379ns period=162.759ns})
  Path Group:             dac_clk_48k_128x
  Path Type:              Min at Fast Process Corner
  Requirement:            -81.379ns  (dac_clk_48k_128x rise@0.000ns - u_dual_family_audio_clock/clk_48k_raw fall@81.379ns)
  Data Path Delay:        2.169ns  (logic 2.168ns (99.954%)  route 0.001ns (0.046%))
  Logic Levels:           1  (OBUF=1)
  Output Delay:           -2.000ns
  Clock Path Skew:        1.975ns (DCD - SCD - CPR)
    Destination Clock Delay (DCD):    5.236ns
    Source Clock Delay      (SCD):    2.693ns = ( 84.073 - 81.379 ) 
    Clock Pessimism Removal (CPR):    0.568ns
  Clock Uncertainty:      1.431ns  ((TSJ^2 + DJ^2)^1/2) / 2 + PE
    Total System Jitter     (TSJ):    0.071ns
    Discrete Jitter          (DJ):    0.972ns
    Phase Error              (PE):    0.944ns

    Location             Delay type                Incr(ns)  Path(ns)    Netlist Resource(s)
  -------------------------------------------------------------------    -------------------
                         (clock u_dual_family_audio_clock/clk_48k_raw fall edge)
                                                     81.379    81.379 f  
    Y18                                               0.000    81.379 f  clk (IN)
                         net (fo=0)                   0.000    81.379    clk
    Y18                  IBUF (Prop_ibuf_I_O)         0.264    81.643 f  u_ibuf_sys_clk/O
                         net (fo=1, routed)           0.634    82.277    clk_ibuf
    BUFGCTRL_X0Y0        BUFG (Prop_bufg_I_O)         0.026    82.303 f  u_bufg_sys_clk/O
                         net (fo=58, routed)          0.547    82.850    clk_sys_bufg
    MMCME2_ADV_X0Y1      MMCME2_ADV (Prop_mmcme2_adv_CLKIN1_CLKOUT0)
                                                      0.050    82.900 f  u_dual_family_audio_clock/u_mmcm_48k/CLKOUT0
                         net (fo=1, routed)           0.489    83.389    u_dual_family_audio_clock/clk_48k_raw
    BUFGCTRL_X0Y16       BUFGCTRL (Prop_bufgctrl_I1_O)
                                                      0.026    83.415 f  u_dual_family_audio_clock/u_bufgmux_audio_family/O
                         net (fo=330, routed)         0.658    84.073    clk_audio_128x
    OLOGIC_X0Y125        FDSE                                         r  u_demo_interp_dac8_audio_pcm_common/dac_data_r_reg[7]/C  (IS_INVERTED)
  -------------------------------------------------------------------    -------------------
    OLOGIC_X0Y125        FDSE (Prop_fdse_C_Q)         0.177    84.250 r  u_demo_interp_dac8_audio_pcm_common/dac_data_r_reg[7]/Q
                         net (fo=1, routed)           0.001    84.251    dac_data_OBUF[7]
    C17                  OBUF (Prop_obuf_I_O)         1.991    86.242 r  dac_data_OBUF[7]_inst/O
                         net (fo=0)                   0.000    86.242    dac_data[7]
    C17                                                               r  dac_data[7] (OUT)
  -------------------------------------------------------------------    -------------------

                         (clock dac_clk_48k_128x rise edge)
                                                      0.000     0.000 f  
    Y18                                               0.000     0.000 f  clk (IN)
                         net (fo=0)                   0.000     0.000    clk
    Y18                  IBUF (Prop_ibuf_I_O)         0.452     0.452 f  u_ibuf_sys_clk/O
                         net (fo=1, routed)           0.689     1.140    clk_ibuf
    BUFGCTRL_X0Y0        BUFG (Prop_bufg_I_O)         0.029     1.169 f  u_bufg_sys_clk/O
                         net (fo=58, routed)          0.813     1.983    clk_sys_bufg
    MMCME2_ADV_X0Y1      MMCME2_ADV (Prop_mmcme2_adv_CLKIN1_CLKOUT0)
                                                      0.053     2.036 f  u_dual_family_audio_clock/u_mmcm_48k/CLKOUT0
                         net (fo=1, routed)           0.534     2.569    u_dual_family_audio_clock/clk_48k_raw
    BUFGCTRL_X0Y16       BUFGCTRL (Prop_bufgctrl_I1_O)
                                                      0.029     2.598 f  u_dual_family_audio_clock/u_bufgmux_audio_family/O
                         net (fo=330, routed)         0.855     3.454    clk_audio_128x
    OLOGIC_X0Y95         ODDR (Prop_oddr_C_Q)         0.204     3.658 r  u_demo_interp_dac8_audio_pcm_common/gen_dac_clock_oddr.u_dac_clock_oddr/Q
                         net (fo=1, routed)           0.001     3.659    dac_clk_OBUF
    G16                  OBUF (Prop_obuf_I_O)         1.577     5.236 r  dac_clk_OBUF_inst/O
                         net (fo=0)                   0.000     5.236    dac_clk
    G16                                                               r  dac_clk (OUT)
                         clock pessimism             -0.568     4.668    
                         clock uncertainty            1.431     6.099    
                         output delay                 2.000     8.099    
  -------------------------------------------------------------------
                         required time                         -8.099    
                         arrival time                          86.242    
  -------------------------------------------------------------------
                         slack                                 78.143    

Slack (MET) :             78.146ns  (arrival time - required time)
  Source:                 u_demo_interp_dac8_audio_pcm_common/dac_data_r_reg[4]/C
                            (falling edge-triggered cell FDRE clocked by u_dual_family_audio_clock/clk_48k_raw  {rise@0.000ns fall@81.379ns period=162.759ns})
  Destination:            dac_data[4]
                            (output port clocked by dac_clk_48k_128x  {rise@0.000ns fall@81.379ns period=162.759ns})
  Path Group:             dac_clk_48k_128x
  Path Type:              Min at Fast Process Corner
  Requirement:            -81.379ns  (dac_clk_48k_128x rise@0.000ns - u_dual_family_audio_clock/clk_48k_raw fall@81.379ns)
  Data Path Delay:        2.170ns  (logic 2.169ns (99.954%)  route 0.001ns (0.046%))
  Logic Levels:           1  (OBUF=1)
  Output Delay:           -2.000ns
  Clock Path Skew:        1.973ns (DCD - SCD - CPR)
    Destination Clock Delay (DCD):    5.236ns
    Source Clock Delay      (SCD):    2.695ns = ( 84.075 - 81.379 ) 
    Clock Pessimism Removal (CPR):    0.568ns
  Clock Uncertainty:      1.431ns  ((TSJ^2 + DJ^2)^1/2) / 2 + PE
    Total System Jitter     (TSJ):    0.071ns
    Discrete Jitter          (DJ):    0.972ns
    Phase Error              (PE):    0.944ns

    Location             Delay type                Incr(ns)  Path(ns)    Netlist Resource(s)
  -------------------------------------------------------------------    -------------------
                         (clock u_dual_family_audio_clock/clk_48k_raw fall edge)
                                                     81.379    81.379 f  
    Y18                                               0.000    81.379 f  clk (IN)
                         net (fo=0)                   0.000    81.379    clk
    Y18                  IBUF (Prop_ibuf_I_O)         0.264    81.643 f  u_ibuf_sys_clk/O
                         net (fo=1, routed)           0.634    82.277    clk_ibuf
    BUFGCTRL_X0Y0        BUFG (Prop_bufg_I_O)         0.026    82.303 f  u_bufg_sys_clk/O
                         net (fo=58, routed)          0.547    82.850    clk_sys_bufg
    MMCME2_ADV_X0Y1      MMCME2_ADV (Prop_mmcme2_adv_CLKIN1_CLKOUT0)
                                                      0.050    82.900 f  u_dual_family_audio_clock/u_mmcm_48k/CLKOUT0
                         net (fo=1, routed)           0.489    83.389    u_dual_family_audio_clock/clk_48k_raw
    BUFGCTRL_X0Y16       BUFGCTRL (Prop_bufgctrl_I1_O)
                                                      0.026    83.415 f  u_dual_family_audio_clock/u_bufgmux_audio_family/O
                         net (fo=330, routed)         0.660    84.075    clk_audio_128x
    OLOGIC_X0Y120        FDRE                                         r  u_demo_interp_dac8_audio_pcm_common/dac_data_r_reg[4]/C  (IS_INVERTED)
  -------------------------------------------------------------------    -------------------
    OLOGIC_X0Y120        FDRE (Prop_fdre_C_Q)         0.177    84.252 r  u_demo_interp_dac8_audio_pcm_common/dac_data_r_reg[4]/Q
                         net (fo=1, routed)           0.001    84.253    dac_data_OBUF[4]
    F18                  OBUF (Prop_obuf_I_O)         1.992    86.245 r  dac_data_OBUF[4]_inst/O
                         net (fo=0)                   0.000    86.245    dac_data[4]
    F18                                                               r  dac_data[4] (OUT)
  -------------------------------------------------------------------    -------------------

                         (clock dac_clk_48k_128x rise edge)
                                                      0.000     0.000 f  
    Y18                                               0.000     0.000 f  clk (IN)
                         net (fo=0)                   0.000     0.000    clk
    Y18                  IBUF (Prop_ibuf_I_O)         0.452     0.452 f  u_ibuf_sys_clk/O
                         net (fo=1, routed)           0.689     1.140    clk_ibuf
    BUFGCTRL_X0Y0        BUFG (Prop_bufg_I_O)         0.029     1.169 f  u_bufg_sys_clk/O
                         net (fo=58, routed)          0.813     1.983    clk_sys_bufg
    MMCME2_ADV_X0Y1      MMCME2_ADV (Prop_mmcme2_adv_CLKIN1_CLKOUT0)
                                                      0.053     2.036 f  u_dual_family_audio_clock/u_mmcm_48k/CLKOUT0
                         net (fo=1, routed)           0.534     2.569    u_dual_family_audio_clock/clk_48k_raw
    BUFGCTRL_X0Y16       BUFGCTRL (Prop_bufgctrl_I1_O)
                                                      0.029     2.598 f  u_dual_family_audio_clock/u_bufgmux_audio_family/O
                         net (fo=330, routed)         0.855     3.454    clk_audio_128x
    OLOGIC_X0Y95         ODDR (Prop_oddr_C_Q)         0.204     3.658 r  u_demo_interp_dac8_audio_pcm_common/gen_dac_clock_oddr.u_dac_clock_oddr/Q
                         net (fo=1, routed)           0.001     3.659    dac_clk_OBUF
    G16                  OBUF (Prop_obuf_I_O)         1.577     5.236 r  dac_clk_OBUF_inst/O
                         net (fo=0)                   0.000     5.236    dac_clk
    G16                                                               r  dac_clk (OUT)
                         clock pessimism             -0.568     4.668    
                         clock uncertainty            1.431     6.099    
                         output delay                 2.000     8.099    
  -------------------------------------------------------------------
                         required time                         -8.099    
                         arrival time                          86.245    
  -------------------------------------------------------------------
                         slack                                 78.146    

Slack (MET) :             78.303ns  (arrival time - required time)
  Source:                 u_demo_interp_dac8_audio_pcm_common/dac_data_r_reg[2]/C
                            (falling edge-triggered cell FDRE clocked by u_dual_family_audio_clock/clk_48k_raw  {rise@0.000ns fall@81.379ns period=162.759ns})
  Destination:            dac_data[2]
                            (output port clocked by dac_clk_48k_128x  {rise@0.000ns fall@81.379ns period=162.759ns})
  Path Group:             dac_clk_48k_128x
  Path Type:              Min at Fast Process Corner
  Requirement:            -81.379ns  (dac_clk_48k_128x rise@0.000ns - u_dual_family_audio_clock/clk_48k_raw fall@81.379ns)
  Data Path Delay:        2.152ns  (logic 2.151ns (99.953%)  route 0.001ns (0.046%))
  Logic Levels:           1  (OBUF=1)
  Output Delay:           -2.000ns
  Clock Path Skew:        1.797ns (DCD - SCD - CPR)
    Destination Clock Delay (DCD):    5.236ns
    Source Clock Delay      (SCD):    2.618ns = ( 83.997 - 81.379 ) 
    Clock Pessimism Removal (CPR):    0.821ns
  Clock Uncertainty:      1.431ns  ((TSJ^2 + DJ^2)^1/2) / 2 + PE
    Total System Jitter     (TSJ):    0.071ns
    Discrete Jitter          (DJ):    0.972ns
    Phase Error              (PE):    0.944ns

    Location             Delay type                Incr(ns)  Path(ns)    Netlist Resource(s)
  -------------------------------------------------------------------    -------------------
                         (clock u_dual_family_audio_clock/clk_48k_raw fall edge)
                                                     81.379    81.379 f  
    Y18                                               0.000    81.379 f  clk (IN)
                         net (fo=0)                   0.000    81.379    clk
    Y18                  IBUF (Prop_ibuf_I_O)         0.264    81.643 f  u_ibuf_sys_clk/O
                         net (fo=1, routed)           0.634    82.277    clk_ibuf
    BUFGCTRL_X0Y0        BUFG (Prop_bufg_I_O)         0.026    82.303 f  u_bufg_sys_clk/O
                         net (fo=58, routed)          0.547    82.850    clk_sys_bufg
    MMCME2_ADV_X0Y1      MMCME2_ADV (Prop_mmcme2_adv_CLKIN1_CLKOUT0)
                                                      0.050    82.900 f  u_dual_family_audio_clock/u_mmcm_48k/CLKOUT0
                         net (fo=1, routed)           0.489    83.389    u_dual_family_audio_clock/clk_48k_raw
    BUFGCTRL_X0Y16       BUFGCTRL (Prop_bufgctrl_I1_O)
                                                      0.026    83.415 f  u_dual_family_audio_clock/u_bufgmux_audio_family/O
                         net (fo=330, routed)         0.583    83.997    clk_audio_128x
    OLOGIC_X0Y87         FDRE                                         r  u_demo_interp_dac8_audio_pcm_common/dac_data_r_reg[2]/C  (IS_INVERTED)
  -------------------------------------------------------------------    -------------------
    OLOGIC_X0Y87         FDRE (Prop_fdre_C_Q)         0.177    84.174 r  u_demo_interp_dac8_audio_pcm_common/dac_data_r_reg[2]/Q
                         net (fo=1, routed)           0.001    84.175    dac_data_OBUF[2]
    H18                  OBUF (Prop_obuf_I_O)         1.974    86.149 r  dac_data_OBUF[2]_inst/O
                         net (fo=0)                   0.000    86.149    dac_data[2]
    H18                                                               r  dac_data[2] (OUT)
  -------------------------------------------------------------------    -------------------

                         (clock dac_clk_48k_128x rise edge)
                                                      0.000     0.000 f  
    Y18                                               0.000     0.000 f  clk (IN)
                         net (fo=0)                   0.000     0.000    clk
    Y18                  IBUF (Prop_ibuf_I_O)         0.452     0.452 f  u_ibuf_sys_clk/O
                         net (fo=1, routed)           0.689     1.140    clk_ibuf
    BUFGCTRL_X0Y0        BUFG (Prop_bufg_I_O)         0.029     1.169 f  u_bufg_sys_clk/O
                         net (fo=58, routed)          0.813     1.983    clk_sys_bufg
    MMCME2_ADV_X0Y1      MMCME2_ADV (Prop_mmcme2_adv_CLKIN1_CLKOUT0)
                                                      0.053     2.036 f  u_dual_family_audio_clock/u_mmcm_48k/CLKOUT0
                         net (fo=1, routed)           0.534     2.569    u_dual_family_audio_clock/clk_48k_raw
    BUFGCTRL_X0Y16       BUFGCTRL (Prop_bufgctrl_I1_O)
                                                      0.029     2.598 f  u_dual_family_audio_clock/u_bufgmux_audio_family/O
                         net (fo=330, routed)         0.855     3.454    clk_audio_128x
    OLOGIC_X0Y95         ODDR (Prop_oddr_C_Q)         0.204     3.658 r  u_demo_interp_dac8_audio_pcm_common/gen_dac_clock_oddr.u_dac_clock_oddr/Q
                         net (fo=1, routed)           0.001     3.659    dac_clk_OBUF
    G16                  OBUF (Prop_obuf_I_O)         1.577     5.236 r  dac_clk_OBUF_inst/O
                         net (fo=0)                   0.000     5.236    dac_clk
    G16                                                               r  dac_clk (OUT)
                         clock pessimism             -0.821     4.415    
                         clock uncertainty            1.431     5.846    
                         output delay                 2.000     7.846    
  -------------------------------------------------------------------
                         required time                         -7.846    
                         arrival time                          86.149    
  -------------------------------------------------------------------
                         slack                                 78.303    

Slack (MET) :             78.315ns  (arrival time - required time)
  Source:                 u_demo_interp_dac8_audio_pcm_common/dac_data_r_reg[0]/C
                            (falling edge-triggered cell FDRE clocked by u_dual_family_audio_clock/clk_48k_raw  {rise@0.000ns fall@81.379ns period=162.759ns})
  Destination:            dac_data[0]
                            (output port clocked by dac_clk_48k_128x  {rise@0.000ns fall@81.379ns period=162.759ns})
  Path Group:             dac_clk_48k_128x
  Path Type:              Min at Fast Process Corner
  Requirement:            -81.379ns  (dac_clk_48k_128x rise@0.000ns - u_dual_family_audio_clock/clk_48k_raw fall@81.379ns)
  Data Path Delay:        2.171ns  (logic 2.170ns (99.954%)  route 0.001ns (0.046%))
  Logic Levels:           1  (OBUF=1)
  Output Delay:           -2.000ns
  Clock Path Skew:        1.804ns (DCD - SCD - CPR)
    Destination Clock Delay (DCD):    5.236ns
    Source Clock Delay      (SCD):    2.611ns = ( 83.990 - 81.379 ) 
    Clock Pessimism Removal (CPR):    0.821ns
  Clock Uncertainty:      1.431ns  ((TSJ^2 + DJ^2)^1/2) / 2 + PE
    Total System Jitter     (TSJ):    0.071ns
    Discrete Jitter          (DJ):    0.972ns
    Phase Error              (PE):    0.944ns

    Location             Delay type                Incr(ns)  Path(ns)    Netlist Resource(s)
  -------------------------------------------------------------------    -------------------
                         (clock u_dual_family_audio_clock/clk_48k_raw fall edge)
                                                     81.379    81.379 f  
    Y18                                               0.000    81.379 f  clk (IN)
                         net (fo=0)                   0.000    81.379    clk
    Y18                  IBUF (Prop_ibuf_I_O)         0.264    81.643 f  u_ibuf_sys_clk/O
                         net (fo=1, routed)           0.634    82.277    clk_ibuf
    BUFGCTRL_X0Y0        BUFG (Prop_bufg_I_O)         0.026    82.303 f  u_bufg_sys_clk/O
                         net (fo=58, routed)          0.547    82.850    clk_sys_bufg
    MMCME2_ADV_X0Y1      MMCME2_ADV (Prop_mmcme2_adv_CLKIN1_CLKOUT0)
                                                      0.050    82.900 f  u_dual_family_audio_clock/u_mmcm_48k/CLKOUT0
                         net (fo=1, routed)           0.489    83.389    u_dual_family_audio_clock/clk_48k_raw
    BUFGCTRL_X0Y16       BUFGCTRL (Prop_bufgctrl_I1_O)
                                                      0.026    83.415 f  u_dual_family_audio_clock/u_bufgmux_audio_family/O
                         net (fo=330, routed)         0.576    83.990    clk_audio_128x
    OLOGIC_X0Y75         FDRE                                         r  u_demo_interp_dac8_audio_pcm_common/dac_data_r_reg[0]/C  (IS_INVERTED)
  -------------------------------------------------------------------    -------------------
    OLOGIC_X0Y75         FDRE (Prop_fdre_C_Q)         0.177    84.167 r  u_demo_interp_dac8_audio_pcm_common/dac_data_r_reg[0]/Q
                         net (fo=1, routed)           0.001    84.168    dac_data_OBUF[0]
    H19                  OBUF (Prop_obuf_I_O)         1.993    86.161 r  dac_data_OBUF[0]_inst/O
                         net (fo=0)                   0.000    86.161    dac_data[0]
    H19                                                               r  dac_data[0] (OUT)
  -------------------------------------------------------------------    -------------------

                         (clock dac_clk_48k_128x rise edge)
                                                      0.000     0.000 f  
    Y18                                               0.000     0.000 f  clk (IN)
                         net (fo=0)                   0.000     0.000    clk
    Y18                  IBUF (Prop_ibuf_I_O)         0.452     0.452 f  u_ibuf_sys_clk/O
                         net (fo=1, routed)           0.689     1.140    clk_ibuf
    BUFGCTRL_X0Y0        BUFG (Prop_bufg_I_O)         0.029     1.169 f  u_bufg_sys_clk/O
                         net (fo=58, routed)          0.813     1.983    clk_sys_bufg
    MMCME2_ADV_X0Y1      MMCME2_ADV (Prop_mmcme2_adv_CLKIN1_CLKOUT0)
                                                      0.053     2.036 f  u_dual_family_audio_clock/u_mmcm_48k/CLKOUT0
                         net (fo=1, routed)           0.534     2.569    u_dual_family_audio_clock/clk_48k_raw
    BUFGCTRL_X0Y16       BUFGCTRL (Prop_bufgctrl_I1_O)
                                                      0.029     2.598 f  u_dual_family_audio_clock/u_bufgmux_audio_family/O
                         net (fo=330, routed)         0.855     3.454    clk_audio_128x
    OLOGIC_X0Y95         ODDR (Prop_oddr_C_Q)         0.204     3.658 r  u_demo_interp_dac8_audio_pcm_common/gen_dac_clock_oddr.u_dac_clock_oddr/Q
                         net (fo=1, routed)           0.001     3.659    dac_clk_OBUF
    G16                  OBUF (Prop_obuf_I_O)         1.577     5.236 r  dac_clk_OBUF_inst/O
                         net (fo=0)                   0.000     5.236    dac_clk
    G16                                                               r  dac_clk (OUT)
                         clock pessimism             -0.821     4.415    
                         clock uncertainty            1.431     5.846    
                         output delay                 2.000     7.846    
  -------------------------------------------------------------------
                         required time                         -7.846    
                         arrival time                          86.161    
  -------------------------------------------------------------------
                         slack                                 78.315    

Slack (MET) :             78.323ns  (arrival time - required time)
  Source:                 u_demo_interp_dac8_audio_pcm_common/dac_data_r_reg[5]/C
                            (falling edge-triggered cell FDRE clocked by u_dual_family_audio_clock/clk_48k_raw  {rise@0.000ns fall@81.379ns period=162.759ns})
  Destination:            dac_data[5]
                            (output port clocked by dac_clk_48k_128x  {rise@0.000ns fall@81.379ns period=162.759ns})
  Path Group:             dac_clk_48k_128x
  Path Type:              Min at Fast Process Corner
  Requirement:            -81.379ns  (dac_clk_48k_128x rise@0.000ns - u_dual_family_audio_clock/clk_48k_raw fall@81.379ns)
  Data Path Delay:        2.172ns  (logic 2.171ns (99.954%)  route 0.001ns (0.046%))
  Logic Levels:           1  (OBUF=1)
  Output Delay:           -2.000ns
  Clock Path Skew:        1.797ns (DCD - SCD - CPR)
    Destination Clock Delay (DCD):    5.236ns
    Source Clock Delay      (SCD):    2.618ns = ( 83.997 - 81.379 ) 
    Clock Pessimism Removal (CPR):    0.821ns
  Clock Uncertainty:      1.431ns  ((TSJ^2 + DJ^2)^1/2) / 2 + PE
    Total System Jitter     (TSJ):    0.071ns
    Discrete Jitter          (DJ):    0.972ns
    Phase Error              (PE):    0.944ns

    Location             Delay type                Incr(ns)  Path(ns)    Netlist Resource(s)
  -------------------------------------------------------------------    -------------------
                         (clock u_dual_family_audio_clock/clk_48k_raw fall edge)
                                                     81.379    81.379 f  
    Y18                                               0.000    81.379 f  clk (IN)
                         net (fo=0)                   0.000    81.379    clk
    Y18                  IBUF (Prop_ibuf_I_O)         0.264    81.643 f  u_ibuf_sys_clk/O
                         net (fo=1, routed)           0.634    82.277    clk_ibuf
    BUFGCTRL_X0Y0        BUFG (Prop_bufg_I_O)         0.026    82.303 f  u_bufg_sys_clk/O
                         net (fo=58, routed)          0.547    82.850    clk_sys_bufg
    MMCME2_ADV_X0Y1      MMCME2_ADV (Prop_mmcme2_adv_CLKIN1_CLKOUT0)
                                                      0.050    82.900 f  u_dual_family_audio_clock/u_mmcm_48k/CLKOUT0
                         net (fo=1, routed)           0.489    83.389    u_dual_family_audio_clock/clk_48k_raw
    BUFGCTRL_X0Y16       BUFGCTRL (Prop_bufgctrl_I1_O)
                                                      0.026    83.415 f  u_dual_family_audio_clock/u_bufgmux_audio_family/O
                         net (fo=330, routed)         0.583    83.997    clk_audio_128x
    OLOGIC_X0Y92         FDRE                                         r  u_demo_interp_dac8_audio_pcm_common/dac_data_r_reg[5]/C  (IS_INVERTED)
  -------------------------------------------------------------------    -------------------
    OLOGIC_X0Y92         FDRE (Prop_fdre_C_Q)         0.177    84.174 r  u_demo_interp_dac8_audio_pcm_common/dac_data_r_reg[5]/Q
                         net (fo=1, routed)           0.001    84.175    dac_data_OBUF[5]
    G17                  OBUF (Prop_obuf_I_O)         1.994    86.169 r  dac_data_OBUF[5]_inst/O
                         net (fo=0)                   0.000    86.169    dac_data[5]
    G17                                                               r  dac_data[5] (OUT)
  -------------------------------------------------------------------    -------------------

                         (clock dac_clk_48k_128x rise edge)
                                                      0.000     0.000 f  
    Y18                                               0.000     0.000 f  clk (IN)
                         net (fo=0)                   0.000     0.000    clk
    Y18                  IBUF (Prop_ibuf_I_O)         0.452     0.452 f  u_ibuf_sys_clk/O
                         net (fo=1, routed)           0.689     1.140    clk_ibuf
    BUFGCTRL_X0Y0        BUFG (Prop_bufg_I_O)         0.029     1.169 f  u_bufg_sys_clk/O
                         net (fo=58, routed)          0.813     1.983    clk_sys_bufg
    MMCME2_ADV_X0Y1      MMCME2_ADV (Prop_mmcme2_adv_CLKIN1_CLKOUT0)
                                                      0.053     2.036 f  u_dual_family_audio_clock/u_mmcm_48k/CLKOUT0
                         net (fo=1, routed)           0.534     2.569    u_dual_family_audio_clock/clk_48k_raw
    BUFGCTRL_X0Y16       BUFGCTRL (Prop_bufgctrl_I1_O)
                                                      0.029     2.598 f  u_dual_family_audio_clock/u_bufgmux_audio_family/O
                         net (fo=330, routed)         0.855     3.454    clk_audio_128x
    OLOGIC_X0Y95         ODDR (Prop_oddr_C_Q)         0.204     3.658 r  u_demo_interp_dac8_audio_pcm_common/gen_dac_clock_oddr.u_dac_clock_oddr/Q
                         net (fo=1, routed)           0.001     3.659    dac_clk_OBUF
    G16                  OBUF (Prop_obuf_I_O)         1.577     5.236 r  dac_clk_OBUF_inst/O
                         net (fo=0)                   0.000     5.236    dac_clk
    G16                                                               r  dac_clk (OUT)
                         clock pessimism             -0.821     4.415    
                         clock uncertainty            1.431     5.846    
                         output delay                 2.000     7.846    
  -------------------------------------------------------------------
                         required time                         -7.846    
                         arrival time                          86.169    
  -------------------------------------------------------------------
                         slack                                 78.323    

Slack (MET) :             78.326ns  (arrival time - required time)
  Source:                 u_demo_interp_dac8_audio_pcm_common/dac_data_r_reg[3]/C
                            (falling edge-triggered cell FDRE clocked by u_dual_family_audio_clock/clk_48k_raw  {rise@0.000ns fall@81.379ns period=162.759ns})
  Destination:            dac_data[3]
                            (output port clocked by dac_clk_48k_128x  {rise@0.000ns fall@81.379ns period=162.759ns})
  Path Group:             dac_clk_48k_128x
  Path Type:              Min at Fast Process Corner
  Requirement:            -81.379ns  (dac_clk_48k_128x rise@0.000ns - u_dual_family_audio_clock/clk_48k_raw fall@81.379ns)
  Data Path Delay:        2.175ns  (logic 2.174ns (99.954%)  route 0.001ns (0.046%))
  Logic Levels:           1  (OBUF=1)
  Output Delay:           -2.000ns
  Clock Path Skew:        1.797ns (DCD - SCD - CPR)
    Destination Clock Delay (DCD):    5.236ns
    Source Clock Delay      (SCD):    2.618ns = ( 83.997 - 81.379 ) 
    Clock Pessimism Removal (CPR):    0.821ns
  Clock Uncertainty:      1.431ns  ((TSJ^2 + DJ^2)^1/2) / 2 + PE
    Total System Jitter     (TSJ):    0.071ns
    Discrete Jitter          (DJ):    0.972ns
    Phase Error              (PE):    0.944ns

    Location             Delay type                Incr(ns)  Path(ns)    Netlist Resource(s)
  -------------------------------------------------------------------    -------------------
                         (clock u_dual_family_audio_clock/clk_48k_raw fall edge)
                                                     81.379    81.379 f  
    Y18                                               0.000    81.379 f  clk (IN)
                         net (fo=0)                   0.000    81.379    clk
    Y18                  IBUF (Prop_ibuf_I_O)         0.264    81.643 f  u_ibuf_sys_clk/O
                         net (fo=1, routed)           0.634    82.277    clk_ibuf
    BUFGCTRL_X0Y0        BUFG (Prop_bufg_I_O)         0.026    82.303 f  u_bufg_sys_clk/O
                         net (fo=58, routed)          0.547    82.850    clk_sys_bufg
    MMCME2_ADV_X0Y1      MMCME2_ADV (Prop_mmcme2_adv_CLKIN1_CLKOUT0)
                                                      0.050    82.900 f  u_dual_family_audio_clock/u_mmcm_48k/CLKOUT0
                         net (fo=1, routed)           0.489    83.389    u_dual_family_audio_clock/clk_48k_raw
    BUFGCTRL_X0Y16       BUFGCTRL (Prop_bufgctrl_I1_O)
                                                      0.026    83.415 f  u_dual_family_audio_clock/u_bufgmux_audio_family/O
                         net (fo=330, routed)         0.583    83.997    clk_audio_128x
    OLOGIC_X0Y91         FDRE                                         r  u_demo_interp_dac8_audio_pcm_common/dac_data_r_reg[3]/C  (IS_INVERTED)
  -------------------------------------------------------------------    -------------------
    OLOGIC_X0Y91         FDRE (Prop_fdre_C_Q)         0.177    84.174 r  u_demo_interp_dac8_audio_pcm_common/dac_data_r_reg[3]/Q
                         net (fo=1, routed)           0.001    84.175    dac_data_OBUF[3]
    G18                  OBUF (Prop_obuf_I_O)         1.997    86.172 r  dac_data_OBUF[3]_inst/O
                         net (fo=0)                   0.000    86.172    dac_data[3]
    G18                                                               r  dac_data[3] (OUT)
  -------------------------------------------------------------------    -------------------

                         (clock dac_clk_48k_128x rise edge)
                                                      0.000     0.000 f  
    Y18                                               0.000     0.000 f  clk (IN)
                         net (fo=0)                   0.000     0.000    clk
    Y18                  IBUF (Prop_ibuf_I_O)         0.452     0.452 f  u_ibuf_sys_clk/O
                         net (fo=1, routed)           0.689     1.140    clk_ibuf
    BUFGCTRL_X0Y0        BUFG (Prop_bufg_I_O)         0.029     1.169 f  u_bufg_sys_clk/O
                         net (fo=58, routed)          0.813     1.983    clk_sys_bufg
    MMCME2_ADV_X0Y1      MMCME2_ADV (Prop_mmcme2_adv_CLKIN1_CLKOUT0)
                                                      0.053     2.036 f  u_dual_family_audio_clock/u_mmcm_48k/CLKOUT0
                         net (fo=1, routed)           0.534     2.569    u_dual_family_audio_clock/clk_48k_raw
    BUFGCTRL_X0Y16       BUFGCTRL (Prop_bufgctrl_I1_O)
                                                      0.029     2.598 f  u_dual_family_audio_clock/u_bufgmux_audio_family/O
                         net (fo=330, routed)         0.855     3.454    clk_audio_128x
    OLOGIC_X0Y95         ODDR (Prop_oddr_C_Q)         0.204     3.658 r  u_demo_interp_dac8_audio_pcm_common/gen_dac_clock_oddr.u_dac_clock_oddr/Q
                         net (fo=1, routed)           0.001     3.659    dac_clk_OBUF
    G16                  OBUF (Prop_obuf_I_O)         1.577     5.236 r  dac_clk_OBUF_inst/O
                         net (fo=0)                   0.000     5.236    dac_clk
    G16                                                               r  dac_clk (OUT)
                         clock pessimism             -0.821     4.415    
                         clock uncertainty            1.431     5.846    
                         output delay                 2.000     7.846    
  -------------------------------------------------------------------
                         required time                         -7.846    
                         arrival time                          86.172    
  -------------------------------------------------------------------
                         slack                                 78.326    





