Copyright 1986-2022 Xilinx, Inc. All Rights Reserved. Copyright 2022-2025 Advanced Micro Devices, Inc. All Rights Reserved.
--------------------------------------------------------------------------------------------------------------------------------------------------------------------------------------------------------------------------------------------------------------------------------------------------------------------------------------------------------------------------
| Tool Version : Vivado v.2025.2 (win64) Build 6299465 Fri Nov 14 19:35:11 GMT 2025
| Date         : Wed Aug 12 23:37:21 2026
| Host         : LAPTOP-476JT8H0 running 64-bit major release  (build 9200)
| Command      : report_timing -delay_type max -max_paths 20 -nworst 1 -from [all_registers -clock [get_clocks core_clk_6m144]] -to [all_registers -clock [get_clocks core_clk_6m144]] -file D:/FpgaProject/XilinxProject/XC7A35T/fir_interpolation/submit/finally/images/work/resource_compare_218_239/matched_ooc/results/lut218_mode2_repeat/timing_internal_setup.rpt
| Design       : interp128_all2x_v7_folded_fir_cic_top_ce
| Device       : 7a35t-fgg484
| Speed File   : -2  PRODUCTION 1.23 2018-06-13
| Design State : Routed
--------------------------------------------------------------------------------------------------------------------------------------------------------------------------------------------------------------------------------------------------------------------------------------------------------------------------------------------------------------------------

Timing Report

Slack (MET) :             150.943ns  (required time - arrival time)
  Source:                 gen_serial_cic_comb.u_cic_interp16_serial_comb_dsp_ce/burst_remaining_reg[0]/C
                            (rising edge-triggered cell FDRE clocked by core_clk_6m144  {rise@0.000ns fall@81.380ns period=162.760ns})
  Destination:            gen_serial_cic_comb.u_cic_interp16_serial_comb_dsp_ce/y_out_reg[0]/D
                            (rising edge-triggered cell FDRE clocked by core_clk_6m144  {rise@0.000ns fall@81.380ns period=162.760ns})
  Path Group:             core_clk_6m144
  Path Type:              Setup (Max at Slow Process Corner)
  Requirement:            162.760ns  (core_clk_6m144 rise@162.760ns - core_clk_6m144 rise@0.000ns)
  Data Path Delay:        11.719ns  (logic 5.244ns (44.747%)  route 6.475ns (55.253%))
  Logic Levels:           19  (CARRY4=13 DSP48E1=1 LUT4=2 LUT5=1 LUT6=2)
  Clock Path Skew:        -0.092ns (DCD - SCD + CPR)
    Destination Clock Delay (DCD):    1.248ns = ( 164.008 - 162.760 ) 
    Source Clock Delay      (SCD):    1.346ns
    Clock Pessimism Removal (CPR):    0.006ns
  Clock Uncertainty:      0.035ns  ((TSJ^2 + TIJ^2)^1/2 + DJ) / 2 + PE
    Total System Jitter     (TSJ):    0.071ns
    Total Input Jitter      (TIJ):    0.000ns
    Discrete Jitter          (DJ):    0.000ns
    Phase Error              (PE):    0.000ns

    Location             Delay type                Incr(ns)  Path(ns)    Netlist Resource(s)
  -------------------------------------------------------------------    -------------------
                         (clock core_clk_6m144 rise edge)
                                                      0.000     0.000 r  
                                                      0.000     0.000 r  clk (IN)
                         net (fo=288, unset)          1.346     1.346    clk
    SLICE_X31Y63         FDRE                                         r  gen_serial_cic_comb.u_cic_interp16_serial_comb_dsp_ce/burst_remaining_reg[0]/C
  -------------------------------------------------------------------    -------------------
    SLICE_X31Y63         FDRE (Prop_fdre_C_Q)         0.379     1.725 f  gen_serial_cic_comb.u_cic_interp16_serial_comb_dsp_ce/burst_remaining_reg[0]/Q
                         net (fo=6, routed)           0.716     2.441    gen_serial_cic_comb.u_cic_interp16_serial_comb_dsp_ce/burst_remaining_reg_n_0_[0]
    SLICE_X31Y63         LUT6 (Prop_lut6_I2_O)        0.105     2.546 r  interp128_all2x_LUT6/O
                         net (fo=51, routed)          1.494     4.040    interp128_all2x_net
    SLICE_X34Y58         LUT4 (Prop_lut4_I3_O)        0.105     4.145 r  interp128_all2x_LUT4_2/O
                         net (fo=2, routed)           0.368     4.512    gen_first_integrator_carry_for_comb_dsp.first_integrator_sum_carry_i_3_n_0
    SLICE_X33Y57         CARRY4 (Prop_carry4_S[1]_CO[3])
                                                      0.562     5.074 r  gen_serial_cic_comb.u_cic_interp16_serial_comb_dsp_ce/gen_first_integrator_carry_for_comb_dsp.first_integrator_sum_carry/CO[3]
                         net (fo=1, routed)           0.000     5.074    gen_serial_cic_comb.u_cic_interp16_serial_comb_dsp_ce/gen_first_integrator_carry_for_comb_dsp.first_integrator_sum_carry_n_0
    SLICE_X33Y58         CARRY4 (Prop_carry4_CI_CO[3])
                                                      0.098     5.172 r  gen_serial_cic_comb.u_cic_interp16_serial_comb_dsp_ce/gen_first_integrator_carry_for_comb_dsp.first_integrator_sum_carry__0/CO[3]
                         net (fo=1, routed)           0.000     5.172    gen_serial_cic_comb.u_cic_interp16_serial_comb_dsp_ce/gen_first_integrator_carry_for_comb_dsp.first_integrator_sum_carry__0_n_0
    SLICE_X33Y59         CARRY4 (Prop_carry4_CI_CO[3])
                                                      0.098     5.270 r  gen_serial_cic_comb.u_cic_interp16_serial_comb_dsp_ce/gen_first_integrator_carry_for_comb_dsp.first_integrator_sum_carry__1/CO[3]
                         net (fo=1, routed)           0.000     5.270    gen_serial_cic_comb.u_cic_interp16_serial_comb_dsp_ce/gen_first_integrator_carry_for_comb_dsp.first_integrator_sum_carry__1_n_0
    SLICE_X33Y60         CARRY4 (Prop_carry4_CI_CO[3])
                                                      0.098     5.368 r  gen_serial_cic_comb.u_cic_interp16_serial_comb_dsp_ce/gen_first_integrator_carry_for_comb_dsp.first_integrator_sum_carry__2/CO[3]
                         net (fo=1, routed)           0.000     5.368    gen_serial_cic_comb.u_cic_interp16_serial_comb_dsp_ce/gen_first_integrator_carry_for_comb_dsp.first_integrator_sum_carry__2_n_0
    SLICE_X33Y61         CARRY4 (Prop_carry4_CI_CO[3])
                                                      0.098     5.466 r  gen_serial_cic_comb.u_cic_interp16_serial_comb_dsp_ce/gen_first_integrator_carry_for_comb_dsp.first_integrator_sum_carry__3/CO[3]
                         net (fo=1, routed)           0.000     5.466    gen_serial_cic_comb.u_cic_interp16_serial_comb_dsp_ce/gen_first_integrator_carry_for_comb_dsp.first_integrator_sum_carry__3_n_0
    SLICE_X33Y62         CARRY4 (Prop_carry4_CI_CO[3])
                                                      0.098     5.564 r  gen_serial_cic_comb.u_cic_interp16_serial_comb_dsp_ce/gen_first_integrator_carry_for_comb_dsp.first_integrator_sum_carry__4/CO[3]
                         net (fo=1, routed)           0.000     5.564    gen_serial_cic_comb.u_cic_interp16_serial_comb_dsp_ce/gen_first_integrator_carry_for_comb_dsp.first_integrator_sum_carry__4_n_0
    SLICE_X33Y63         CARRY4 (Prop_carry4_CI_O[1])
                                                      0.265     5.829 r  gen_serial_cic_comb.u_cic_interp16_serial_comb_dsp_ce/gen_first_integrator_carry_for_comb_dsp.first_integrator_sum_carry__5/O[1]
                         net (fo=23, routed)          1.603     7.432    final_input_rounded[25]
    DSP48_X1Y22          DSP48E1 (Prop_dsp48e1_A[23]_P[28])
                                                      1.889     9.321 r  gen_serial_cic_comb.u_cic_interp16_serial_comb_dsp_ce/gen_final_integrator_dsp.final_integrator_sum/P[28]
                         net (fo=22, routed)          0.964    10.285    gen_serial_cic_comb.u_cic_interp16_serial_comb_dsp_ce/gen_final_integrator_dsp.final_integrator_sum_n_77
    SLICE_X54Y55         LUT5 (Prop_lut5_I0_O)        0.105    10.390 r  interp128_all2x_LUT5_26/O
                         net (fo=1, routed)           0.327    10.717    interp128_all2x_net_18
    SLICE_X54Y56         LUT6 (Prop_lut6_I5_O)        0.105    10.822 r  interp128_all2x_LUT6_17/O
                         net (fo=1, routed)           0.000    10.822    rounded_value_carry_i_1__0_n_0
    SLICE_X54Y56         CARRY4 (Prop_carry4_S[0]_CO[3])
                                                      0.423    11.245 r  gen_serial_cic_comb.u_cic_interp16_serial_comb_dsp_ce/u_round_cic_normalized_output/rounded_value_carry/CO[3]
                         net (fo=1, routed)           0.000    11.245    gen_serial_cic_comb.u_cic_interp16_serial_comb_dsp_ce/u_round_cic_normalized_output/rounded_value_carry_n_0
    SLICE_X54Y57         CARRY4 (Prop_carry4_CI_CO[3])
                                                      0.100    11.345 r  gen_serial_cic_comb.u_cic_interp16_serial_comb_dsp_ce/u_round_cic_normalized_output/rounded_value_carry__0/CO[3]
                         net (fo=1, routed)           0.000    11.345    gen_serial_cic_comb.u_cic_interp16_serial_comb_dsp_ce/u_round_cic_normalized_output/rounded_value_carry__0_n_0
    SLICE_X54Y58         CARRY4 (Prop_carry4_CI_CO[3])
                                                      0.100    11.445 r  gen_serial_cic_comb.u_cic_interp16_serial_comb_dsp_ce/u_round_cic_normalized_output/rounded_value_carry__1/CO[3]
                         net (fo=1, routed)           0.000    11.445    gen_serial_cic_comb.u_cic_interp16_serial_comb_dsp_ce/u_round_cic_normalized_output/rounded_value_carry__1_n_0
    SLICE_X54Y59         CARRY4 (Prop_carry4_CI_CO[3])
                                                      0.100    11.545 r  gen_serial_cic_comb.u_cic_interp16_serial_comb_dsp_ce/u_round_cic_normalized_output/rounded_value_carry__2/CO[3]
                         net (fo=1, routed)           0.000    11.545    gen_serial_cic_comb.u_cic_interp16_serial_comb_dsp_ce/u_round_cic_normalized_output/rounded_value_carry__2_n_0
    SLICE_X54Y60         CARRY4 (Prop_carry4_CI_CO[3])
                                                      0.100    11.645 r  gen_serial_cic_comb.u_cic_interp16_serial_comb_dsp_ce/u_round_cic_normalized_output/rounded_value_carry__3/CO[3]
                         net (fo=1, routed)           0.000    11.645    gen_serial_cic_comb.u_cic_interp16_serial_comb_dsp_ce/u_round_cic_normalized_output/rounded_value_carry__3_n_0
    SLICE_X54Y61         CARRY4 (Prop_carry4_CI_O[0])
                                                      0.178    11.823 r  gen_serial_cic_comb.u_cic_interp16_serial_comb_dsp_ce/u_round_cic_normalized_output/rounded_value_carry__4/O[0]
                         net (fo=19, routed)          1.004    12.827    gen_serial_cic_comb.u_cic_interp16_serial_comb_dsp_ce/u_round_cic_normalized_output/rounded_value_carry__4_n_7
    SLICE_X55Y57         LUT4 (Prop_lut4_I1_O)        0.238    13.065 r  y_out[0]_i_1__0/O
                         net (fo=1, routed)           0.000    13.065    normalized_output[0]
    SLICE_X55Y57         FDRE                                         r  gen_serial_cic_comb.u_cic_interp16_serial_comb_dsp_ce/y_out_reg[0]/D
  -------------------------------------------------------------------    -------------------

                         (clock core_clk_6m144 rise edge)
                                                    162.760   162.760 r  
                                                      0.000   162.760 r  clk (IN)
                         net (fo=288, unset)          1.248   164.008    clk
    SLICE_X55Y57         FDRE                                         r  gen_serial_cic_comb.u_cic_interp16_serial_comb_dsp_ce/y_out_reg[0]/C
                         clock pessimism              0.006   164.014    
                         clock uncertainty           -0.035   163.979    
    SLICE_X55Y57         FDRE (Setup_fdre_C_D)        0.030   164.009    gen_serial_cic_comb.u_cic_interp16_serial_comb_dsp_ce/y_out_reg[0]
  -------------------------------------------------------------------
                         required time                        164.009    
                         arrival time                         -13.065    
  -------------------------------------------------------------------
                         slack                                150.943    

Slack (MET) :             150.945ns  (required time - arrival time)
  Source:                 gen_serial_cic_comb.u_cic_interp16_serial_comb_dsp_ce/burst_remaining_reg[0]/C
                            (rising edge-triggered cell FDRE clocked by core_clk_6m144  {rise@0.000ns fall@81.380ns period=162.760ns})
  Destination:            gen_serial_cic_comb.u_cic_interp16_serial_comb_dsp_ce/y_out_reg[1]/D
                            (rising edge-triggered cell FDRE clocked by core_clk_6m144  {rise@0.000ns fall@81.380ns period=162.760ns})
  Path Group:             core_clk_6m144
  Path Type:              Setup (Max at Slow Process Corner)
  Requirement:            162.760ns  (core_clk_6m144 rise@162.760ns - core_clk_6m144 rise@0.000ns)
  Data Path Delay:        11.719ns  (logic 5.244ns (44.747%)  route 6.475ns (55.253%))
  Logic Levels:           19  (CARRY4=13 DSP48E1=1 LUT4=2 LUT5=1 LUT6=2)
  Clock Path Skew:        -0.092ns (DCD - SCD + CPR)
    Destination Clock Delay (DCD):    1.248ns = ( 164.008 - 162.760 ) 
    Source Clock Delay      (SCD):    1.346ns
    Clock Pessimism Removal (CPR):    0.006ns
  Clock Uncertainty:      0.035ns  ((TSJ^2 + TIJ^2)^1/2 + DJ) / 2 + PE
    Total System Jitter     (TSJ):    0.071ns
    Total Input Jitter      (TIJ):    0.000ns
    Discrete Jitter          (DJ):    0.000ns
    Phase Error              (PE):    0.000ns

    Location             Delay type                Incr(ns)  Path(ns)    Netlist Resource(s)
  -------------------------------------------------------------------    -------------------
                         (clock core_clk_6m144 rise edge)
                                                      0.000     0.000 r  
                                                      0.000     0.000 r  clk (IN)
                         net (fo=288, unset)          1.346     1.346    clk
    SLICE_X31Y63         FDRE                                         r  gen_serial_cic_comb.u_cic_interp16_serial_comb_dsp_ce/burst_remaining_reg[0]/C
  -------------------------------------------------------------------    -------------------
    SLICE_X31Y63         FDRE (Prop_fdre_C_Q)         0.379     1.725 f  gen_serial_cic_comb.u_cic_interp16_serial_comb_dsp_ce/burst_remaining_reg[0]/Q
                         net (fo=6, routed)           0.716     2.441    gen_serial_cic_comb.u_cic_interp16_serial_comb_dsp_ce/burst_remaining_reg_n_0_[0]
    SLICE_X31Y63         LUT6 (Prop_lut6_I2_O)        0.105     2.546 r  interp128_all2x_LUT6/O
                         net (fo=51, routed)          1.494     4.040    interp128_all2x_net
    SLICE_X34Y58         LUT4 (Prop_lut4_I3_O)        0.105     4.145 r  interp128_all2x_LUT4_2/O
                         net (fo=2, routed)           0.368     4.512    gen_first_integrator_carry_for_comb_dsp.first_integrator_sum_carry_i_3_n_0
    SLICE_X33Y57         CARRY4 (Prop_carry4_S[1]_CO[3])
                                                      0.562     5.074 r  gen_serial_cic_comb.u_cic_interp16_serial_comb_dsp_ce/gen_first_integrator_carry_for_comb_dsp.first_integrator_sum_carry/CO[3]
                         net (fo=1, routed)           0.000     5.074    gen_serial_cic_comb.u_cic_interp16_serial_comb_dsp_ce/gen_first_integrator_carry_for_comb_dsp.first_integrator_sum_carry_n_0
    SLICE_X33Y58         CARRY4 (Prop_carry4_CI_CO[3])
                                                      0.098     5.172 r  gen_serial_cic_comb.u_cic_interp16_serial_comb_dsp_ce/gen_first_integrator_carry_for_comb_dsp.first_integrator_sum_carry__0/CO[3]
                         net (fo=1, routed)           0.000     5.172    gen_serial_cic_comb.u_cic_interp16_serial_comb_dsp_ce/gen_first_integrator_carry_for_comb_dsp.first_integrator_sum_carry__0_n_0
    SLICE_X33Y59         CARRY4 (Prop_carry4_CI_CO[3])
                                                      0.098     5.270 r  gen_serial_cic_comb.u_cic_interp16_serial_comb_dsp_ce/gen_first_integrator_carry_for_comb_dsp.first_integrator_sum_carry__1/CO[3]
                         net (fo=1, routed)           0.000     5.270    gen_serial_cic_comb.u_cic_interp16_serial_comb_dsp_ce/gen_first_integrator_carry_for_comb_dsp.first_integrator_sum_carry__1_n_0
    SLICE_X33Y60         CARRY4 (Prop_carry4_CI_CO[3])
                                                      0.098     5.368 r  gen_serial_cic_comb.u_cic_interp16_serial_comb_dsp_ce/gen_first_integrator_carry_for_comb_dsp.first_integrator_sum_carry__2/CO[3]
                         net (fo=1, routed)           0.000     5.368    gen_serial_cic_comb.u_cic_interp16_serial_comb_dsp_ce/gen_first_integrator_carry_for_comb_dsp.first_integrator_sum_carry__2_n_0
    SLICE_X33Y61         CARRY4 (Prop_carry4_CI_CO[3])
                                                      0.098     5.466 r  gen_serial_cic_comb.u_cic_interp16_serial_comb_dsp_ce/gen_first_integrator_carry_for_comb_dsp.first_integrator_sum_carry__3/CO[3]
                         net (fo=1, routed)           0.000     5.466    gen_serial_cic_comb.u_cic_interp16_serial_comb_dsp_ce/gen_first_integrator_carry_for_comb_dsp.first_integrator_sum_carry__3_n_0
    SLICE_X33Y62         CARRY4 (Prop_carry4_CI_CO[3])
                                                      0.098     5.564 r  gen_serial_cic_comb.u_cic_interp16_serial_comb_dsp_ce/gen_first_integrator_carry_for_comb_dsp.first_integrator_sum_carry__4/CO[3]
                         net (fo=1, routed)           0.000     5.564    gen_serial_cic_comb.u_cic_interp16_serial_comb_dsp_ce/gen_first_integrator_carry_for_comb_dsp.first_integrator_sum_carry__4_n_0
    SLICE_X33Y63         CARRY4 (Prop_carry4_CI_O[1])
                                                      0.265     5.829 r  gen_serial_cic_comb.u_cic_interp16_serial_comb_dsp_ce/gen_first_integrator_carry_for_comb_dsp.first_integrator_sum_carry__5/O[1]
                         net (fo=23, routed)          1.603     7.432    final_input_rounded[25]
    DSP48_X1Y22          DSP48E1 (Prop_dsp48e1_A[23]_P[28])
                                                      1.889     9.321 r  gen_serial_cic_comb.u_cic_interp16_serial_comb_dsp_ce/gen_final_integrator_dsp.final_integrator_sum/P[28]
                         net (fo=22, routed)          0.964    10.285    gen_serial_cic_comb.u_cic_interp16_serial_comb_dsp_ce/gen_final_integrator_dsp.final_integrator_sum_n_77
    SLICE_X54Y55         LUT5 (Prop_lut5_I0_O)        0.105    10.390 r  interp128_all2x_LUT5_26/O
                         net (fo=1, routed)           0.327    10.717    interp128_all2x_net_18
    SLICE_X54Y56         LUT6 (Prop_lut6_I5_O)        0.105    10.822 r  interp128_all2x_LUT6_17/O
                         net (fo=1, routed)           0.000    10.822    rounded_value_carry_i_1__0_n_0
    SLICE_X54Y56         CARRY4 (Prop_carry4_S[0]_CO[3])
                                                      0.423    11.245 r  gen_serial_cic_comb.u_cic_interp16_serial_comb_dsp_ce/u_round_cic_normalized_output/rounded_value_carry/CO[3]
                         net (fo=1, routed)           0.000    11.245    gen_serial_cic_comb.u_cic_interp16_serial_comb_dsp_ce/u_round_cic_normalized_output/rounded_value_carry_n_0
    SLICE_X54Y57         CARRY4 (Prop_carry4_CI_CO[3])
                                                      0.100    11.345 r  gen_serial_cic_comb.u_cic_interp16_serial_comb_dsp_ce/u_round_cic_normalized_output/rounded_value_carry__0/CO[3]
                         net (fo=1, routed)           0.000    11.345    gen_serial_cic_comb.u_cic_interp16_serial_comb_dsp_ce/u_round_cic_normalized_output/rounded_value_carry__0_n_0
    SLICE_X54Y58         CARRY4 (Prop_carry4_CI_CO[3])
                                                      0.100    11.445 r  gen_serial_cic_comb.u_cic_interp16_serial_comb_dsp_ce/u_round_cic_normalized_output/rounded_value_carry__1/CO[3]
                         net (fo=1, routed)           0.000    11.445    gen_serial_cic_comb.u_cic_interp16_serial_comb_dsp_ce/u_round_cic_normalized_output/rounded_value_carry__1_n_0
    SLICE_X54Y59         CARRY4 (Prop_carry4_CI_CO[3])
                                                      0.100    11.545 r  gen_serial_cic_comb.u_cic_interp16_serial_comb_dsp_ce/u_round_cic_normalized_output/rounded_value_carry__2/CO[3]
                         net (fo=1, routed)           0.000    11.545    gen_serial_cic_comb.u_cic_interp16_serial_comb_dsp_ce/u_round_cic_normalized_output/rounded_value_carry__2_n_0
    SLICE_X54Y60         CARRY4 (Prop_carry4_CI_CO[3])
                                                      0.100    11.645 r  gen_serial_cic_comb.u_cic_interp16_serial_comb_dsp_ce/u_round_cic_normalized_output/rounded_value_carry__3/CO[3]
                         net (fo=1, routed)           0.000    11.645    gen_serial_cic_comb.u_cic_interp16_serial_comb_dsp_ce/u_round_cic_normalized_output/rounded_value_carry__3_n_0
    SLICE_X54Y61         CARRY4 (Prop_carry4_CI_O[0])
                                                      0.178    11.823 r  gen_serial_cic_comb.u_cic_interp16_serial_comb_dsp_ce/u_round_cic_normalized_output/rounded_value_carry__4/O[0]
                         net (fo=19, routed)          1.004    12.827    gen_serial_cic_comb.u_cic_interp16_serial_comb_dsp_ce/u_round_cic_normalized_output/rounded_value_carry__4_n_7
    SLICE_X55Y57         LUT4 (Prop_lut4_I1_O)        0.238    13.065 r  y_out[1]_i_1__0/O
                         net (fo=1, routed)           0.000    13.065    normalized_output[1]
    SLICE_X55Y57         FDRE                                         r  gen_serial_cic_comb.u_cic_interp16_serial_comb_dsp_ce/y_out_reg[1]/D
  -------------------------------------------------------------------    -------------------

                         (clock core_clk_6m144 rise edge)
                                                    162.760   162.760 r  
                                                      0.000   162.760 r  clk (IN)
                         net (fo=288, unset)          1.248   164.008    clk
    SLICE_X55Y57         FDRE                                         r  gen_serial_cic_comb.u_cic_interp16_serial_comb_dsp_ce/y_out_reg[1]/C
                         clock pessimism              0.006   164.014    
                         clock uncertainty           -0.035   163.979    
    SLICE_X55Y57         FDRE (Setup_fdre_C_D)        0.032   164.011    gen_serial_cic_comb.u_cic_interp16_serial_comb_dsp_ce/y_out_reg[1]
  -------------------------------------------------------------------
                         required time                        164.011    
                         arrival time                         -13.065    
  -------------------------------------------------------------------
                         slack                                150.945    

Slack (MET) :             150.946ns  (required time - arrival time)
  Source:                 gen_serial_cic_comb.u_cic_interp16_serial_comb_dsp_ce/burst_remaining_reg[0]/C
                            (rising edge-triggered cell FDRE clocked by core_clk_6m144  {rise@0.000ns fall@81.380ns period=162.760ns})
  Destination:            gen_serial_cic_comb.u_cic_interp16_serial_comb_dsp_ce/y_out_reg[5]/D
                            (rising edge-triggered cell FDRE clocked by core_clk_6m144  {rise@0.000ns fall@81.380ns period=162.760ns})
  Path Group:             core_clk_6m144
  Path Type:              Setup (Max at Slow Process Corner)
  Requirement:            162.760ns  (core_clk_6m144 rise@162.760ns - core_clk_6m144 rise@0.000ns)
  Data Path Delay:        11.720ns  (logic 5.240ns (44.710%)  route 6.480ns (55.290%))
  Logic Levels:           18  (CARRY4=12 DSP48E1=1 LUT4=2 LUT5=1 LUT6=2)
  Clock Path Skew:        -0.092ns (DCD - SCD + CPR)
    Destination Clock Delay (DCD):    1.248ns = ( 164.008 - 162.760 ) 
    Source Clock Delay      (SCD):    1.346ns
    Clock Pessimism Removal (CPR):    0.006ns
  Clock Uncertainty:      0.035ns  ((TSJ^2 + TIJ^2)^1/2 + DJ) / 2 + PE
    Total System Jitter     (TSJ):    0.071ns
    Total Input Jitter      (TIJ):    0.000ns
    Discrete Jitter          (DJ):    0.000ns
    Phase Error              (PE):    0.000ns

    Location             Delay type                Incr(ns)  Path(ns)    Netlist Resource(s)
  -------------------------------------------------------------------    -------------------
                         (clock core_clk_6m144 rise edge)
                                                      0.000     0.000 r  
                                                      0.000     0.000 r  clk (IN)
                         net (fo=288, unset)          1.346     1.346    clk
    SLICE_X31Y63         FDRE                                         r  gen_serial_cic_comb.u_cic_interp16_serial_comb_dsp_ce/burst_remaining_reg[0]/C
  -------------------------------------------------------------------    -------------------
    SLICE_X31Y63         FDRE (Prop_fdre_C_Q)         0.379     1.725 f  gen_serial_cic_comb.u_cic_interp16_serial_comb_dsp_ce/burst_remaining_reg[0]/Q
                         net (fo=6, routed)           0.716     2.441    gen_serial_cic_comb.u_cic_interp16_serial_comb_dsp_ce/burst_remaining_reg_n_0_[0]
    SLICE_X31Y63         LUT6 (Prop_lut6_I2_O)        0.105     2.546 r  interp128_all2x_LUT6/O
                         net (fo=51, routed)          1.494     4.040    interp128_all2x_net
    SLICE_X34Y58         LUT4 (Prop_lut4_I3_O)        0.105     4.145 r  interp128_all2x_LUT4_2/O
                         net (fo=2, routed)           0.368     4.512    gen_first_integrator_carry_for_comb_dsp.first_integrator_sum_carry_i_3_n_0
    SLICE_X33Y57         CARRY4 (Prop_carry4_S[1]_CO[3])
                                                      0.562     5.074 r  gen_serial_cic_comb.u_cic_interp16_serial_comb_dsp_ce/gen_first_integrator_carry_for_comb_dsp.first_integrator_sum_carry/CO[3]
                         net (fo=1, routed)           0.000     5.074    gen_serial_cic_comb.u_cic_interp16_serial_comb_dsp_ce/gen_first_integrator_carry_for_comb_dsp.first_integrator_sum_carry_n_0
    SLICE_X33Y58         CARRY4 (Prop_carry4_CI_CO[3])
                                                      0.098     5.172 r  gen_serial_cic_comb.u_cic_interp16_serial_comb_dsp_ce/gen_first_integrator_carry_for_comb_dsp.first_integrator_sum_carry__0/CO[3]
                         net (fo=1, routed)           0.000     5.172    gen_serial_cic_comb.u_cic_interp16_serial_comb_dsp_ce/gen_first_integrator_carry_for_comb_dsp.first_integrator_sum_carry__0_n_0
    SLICE_X33Y59         CARRY4 (Prop_carry4_CI_CO[3])
                                                      0.098     5.270 r  gen_serial_cic_comb.u_cic_interp16_serial_comb_dsp_ce/gen_first_integrator_carry_for_comb_dsp.first_integrator_sum_carry__1/CO[3]
                         net (fo=1, routed)           0.000     5.270    gen_serial_cic_comb.u_cic_interp16_serial_comb_dsp_ce/gen_first_integrator_carry_for_comb_dsp.first_integrator_sum_carry__1_n_0
    SLICE_X33Y60         CARRY4 (Prop_carry4_CI_CO[3])
                                                      0.098     5.368 r  gen_serial_cic_comb.u_cic_interp16_serial_comb_dsp_ce/gen_first_integrator_carry_for_comb_dsp.first_integrator_sum_carry__2/CO[3]
                         net (fo=1, routed)           0.000     5.368    gen_serial_cic_comb.u_cic_interp16_serial_comb_dsp_ce/gen_first_integrator_carry_for_comb_dsp.first_integrator_sum_carry__2_n_0
    SLICE_X33Y61         CARRY4 (Prop_carry4_CI_CO[3])
                                                      0.098     5.466 r  gen_serial_cic_comb.u_cic_interp16_serial_comb_dsp_ce/gen_first_integrator_carry_for_comb_dsp.first_integrator_sum_carry__3/CO[3]
                         net (fo=1, routed)           0.000     5.466    gen_serial_cic_comb.u_cic_interp16_serial_comb_dsp_ce/gen_first_integrator_carry_for_comb_dsp.first_integrator_sum_carry__3_n_0
    SLICE_X33Y62         CARRY4 (Prop_carry4_CI_CO[3])
                                                      0.098     5.564 r  gen_serial_cic_comb.u_cic_interp16_serial_comb_dsp_ce/gen_first_integrator_carry_for_comb_dsp.first_integrator_sum_carry__4/CO[3]
                         net (fo=1, routed)           0.000     5.564    gen_serial_cic_comb.u_cic_interp16_serial_comb_dsp_ce/gen_first_integrator_carry_for_comb_dsp.first_integrator_sum_carry__4_n_0
    SLICE_X33Y63         CARRY4 (Prop_carry4_CI_O[1])
                                                      0.265     5.829 r  gen_serial_cic_comb.u_cic_interp16_serial_comb_dsp_ce/gen_first_integrator_carry_for_comb_dsp.first_integrator_sum_carry__5/O[1]
                         net (fo=23, routed)          1.603     7.432    final_input_rounded[25]
    DSP48_X1Y22          DSP48E1 (Prop_dsp48e1_A[23]_P[28])
                                                      1.889     9.321 r  gen_serial_cic_comb.u_cic_interp16_serial_comb_dsp_ce/gen_final_integrator_dsp.final_integrator_sum/P[28]
                         net (fo=22, routed)          0.964    10.285    gen_serial_cic_comb.u_cic_interp16_serial_comb_dsp_ce/gen_final_integrator_dsp.final_integrator_sum_n_77
    SLICE_X54Y55         LUT5 (Prop_lut5_I0_O)        0.105    10.390 r  interp128_all2x_LUT5_26/O
                         net (fo=1, routed)           0.327    10.717    interp128_all2x_net_18
    SLICE_X54Y56         LUT6 (Prop_lut6_I5_O)        0.105    10.822 r  interp128_all2x_LUT6_17/O
                         net (fo=1, routed)           0.000    10.822    rounded_value_carry_i_1__0_n_0
    SLICE_X54Y56         CARRY4 (Prop_carry4_S[0]_CO[3])
                                                      0.423    11.245 r  gen_serial_cic_comb.u_cic_interp16_serial_comb_dsp_ce/u_round_cic_normalized_output/rounded_value_carry/CO[3]
                         net (fo=1, routed)           0.000    11.245    gen_serial_cic_comb.u_cic_interp16_serial_comb_dsp_ce/u_round_cic_normalized_output/rounded_value_carry_n_0
    SLICE_X54Y57         CARRY4 (Prop_carry4_CI_CO[3])
                                                      0.100    11.345 r  gen_serial_cic_comb.u_cic_interp16_serial_comb_dsp_ce/u_round_cic_normalized_output/rounded_value_carry__0/CO[3]
                         net (fo=1, routed)           0.000    11.345    gen_serial_cic_comb.u_cic_interp16_serial_comb_dsp_ce/u_round_cic_normalized_output/rounded_value_carry__0_n_0
    SLICE_X54Y58         CARRY4 (Prop_carry4_CI_CO[3])
                                                      0.100    11.445 r  gen_serial_cic_comb.u_cic_interp16_serial_comb_dsp_ce/u_round_cic_normalized_output/rounded_value_carry__1/CO[3]
                         net (fo=1, routed)           0.000    11.445    gen_serial_cic_comb.u_cic_interp16_serial_comb_dsp_ce/u_round_cic_normalized_output/rounded_value_carry__1_n_0
    SLICE_X54Y59         CARRY4 (Prop_carry4_CI_CO[3])
                                                      0.100    11.545 r  gen_serial_cic_comb.u_cic_interp16_serial_comb_dsp_ce/u_round_cic_normalized_output/rounded_value_carry__2/CO[3]
                         net (fo=1, routed)           0.000    11.545    gen_serial_cic_comb.u_cic_interp16_serial_comb_dsp_ce/u_round_cic_normalized_output/rounded_value_carry__2_n_0
    SLICE_X54Y60         CARRY4 (Prop_carry4_CI_O[3])
                                                      0.262    11.807 r  gen_serial_cic_comb.u_cic_interp16_serial_comb_dsp_ce/u_round_cic_normalized_output/rounded_value_carry__3/O[3]
                         net (fo=19, routed)          1.009    12.816    p_0_in0
    SLICE_X55Y57         LUT4 (Prop_lut4_I3_O)        0.250    13.066 r  y_out[5]_i_1__0/O
                         net (fo=1, routed)           0.000    13.066    normalized_output[5]
    SLICE_X55Y57         FDRE                                         r  gen_serial_cic_comb.u_cic_interp16_serial_comb_dsp_ce/y_out_reg[5]/D
  -------------------------------------------------------------------    -------------------

                         (clock core_clk_6m144 rise edge)
                                                    162.760   162.760 r  
                                                      0.000   162.760 r  clk (IN)
                         net (fo=288, unset)          1.248   164.008    clk
    SLICE_X55Y57         FDRE                                         r  gen_serial_cic_comb.u_cic_interp16_serial_comb_dsp_ce/y_out_reg[5]/C
                         clock pessimism              0.006   164.014    
                         clock uncertainty           -0.035   163.979    
    SLICE_X55Y57         FDRE (Setup_fdre_C_D)        0.033   164.012    gen_serial_cic_comb.u_cic_interp16_serial_comb_dsp_ce/y_out_reg[5]
  -------------------------------------------------------------------
                         required time                        164.012    
                         arrival time                         -13.066    
  -------------------------------------------------------------------
                         slack                                150.946    

Slack (MET) :             150.968ns  (required time - arrival time)
  Source:                 gen_serial_cic_comb.u_cic_interp16_serial_comb_dsp_ce/burst_remaining_reg[0]/C
                            (rising edge-triggered cell FDRE clocked by core_clk_6m144  {rise@0.000ns fall@81.380ns period=162.760ns})
  Destination:            gen_serial_cic_comb.u_cic_interp16_serial_comb_dsp_ce/y_out_reg[6]/D
                            (rising edge-triggered cell FDRE clocked by core_clk_6m144  {rise@0.000ns fall@81.380ns period=162.760ns})
  Path Group:             core_clk_6m144
  Path Type:              Setup (Max at Slow Process Corner)
  Requirement:            162.760ns  (core_clk_6m144 rise@162.760ns - core_clk_6m144 rise@0.000ns)
  Data Path Delay:        11.734ns  (logic 5.254ns (44.776%)  route 6.480ns (55.224%))
  Logic Levels:           18  (CARRY4=12 DSP48E1=1 LUT4=2 LUT5=1 LUT6=2)
  Clock Path Skew:        -0.092ns (DCD - SCD + CPR)
    Destination Clock Delay (DCD):    1.248ns = ( 164.008 - 162.760 ) 
    Source Clock Delay      (SCD):    1.346ns
    Clock Pessimism Removal (CPR):    0.006ns
  Clock Uncertainty:      0.035ns  ((TSJ^2 + TIJ^2)^1/2 + DJ) / 2 + PE
    Total System Jitter     (TSJ):    0.071ns
    Total Input Jitter      (TIJ):    0.000ns
    Discrete Jitter          (DJ):    0.000ns
    Phase Error              (PE):    0.000ns

    Location             Delay type                Incr(ns)  Path(ns)    Netlist Resource(s)
  -------------------------------------------------------------------    -------------------
                         (clock core_clk_6m144 rise edge)
                                                      0.000     0.000 r  
                                                      0.000     0.000 r  clk (IN)
                         net (fo=288, unset)          1.346     1.346    clk
    SLICE_X31Y63         FDRE                                         r  gen_serial_cic_comb.u_cic_interp16_serial_comb_dsp_ce/burst_remaining_reg[0]/C
  -------------------------------------------------------------------    -------------------
    SLICE_X31Y63         FDRE (Prop_fdre_C_Q)         0.379     1.725 f  gen_serial_cic_comb.u_cic_interp16_serial_comb_dsp_ce/burst_remaining_reg[0]/Q
                         net (fo=6, routed)           0.716     2.441    gen_serial_cic_comb.u_cic_interp16_serial_comb_dsp_ce/burst_remaining_reg_n_0_[0]
    SLICE_X31Y63         LUT6 (Prop_lut6_I2_O)        0.105     2.546 r  interp128_all2x_LUT6/O
                         net (fo=51, routed)          1.494     4.040    interp128_all2x_net
    SLICE_X34Y58         LUT4 (Prop_lut4_I3_O)        0.105     4.145 r  interp128_all2x_LUT4_2/O
                         net (fo=2, routed)           0.368     4.512    gen_first_integrator_carry_for_comb_dsp.first_integrator_sum_carry_i_3_n_0
    SLICE_X33Y57         CARRY4 (Prop_carry4_S[1]_CO[3])
                                                      0.562     5.074 r  gen_serial_cic_comb.u_cic_interp16_serial_comb_dsp_ce/gen_first_integrator_carry_for_comb_dsp.first_integrator_sum_carry/CO[3]
                         net (fo=1, routed)           0.000     5.074    gen_serial_cic_comb.u_cic_interp16_serial_comb_dsp_ce/gen_first_integrator_carry_for_comb_dsp.first_integrator_sum_carry_n_0
    SLICE_X33Y58         CARRY4 (Prop_carry4_CI_CO[3])
                                                      0.098     5.172 r  gen_serial_cic_comb.u_cic_interp16_serial_comb_dsp_ce/gen_first_integrator_carry_for_comb_dsp.first_integrator_sum_carry__0/CO[3]
                         net (fo=1, routed)           0.000     5.172    gen_serial_cic_comb.u_cic_interp16_serial_comb_dsp_ce/gen_first_integrator_carry_for_comb_dsp.first_integrator_sum_carry__0_n_0
    SLICE_X33Y59         CARRY4 (Prop_carry4_CI_CO[3])
                                                      0.098     5.270 r  gen_serial_cic_comb.u_cic_interp16_serial_comb_dsp_ce/gen_first_integrator_carry_for_comb_dsp.first_integrator_sum_carry__1/CO[3]
                         net (fo=1, routed)           0.000     5.270    gen_serial_cic_comb.u_cic_interp16_serial_comb_dsp_ce/gen_first_integrator_carry_for_comb_dsp.first_integrator_sum_carry__1_n_0
    SLICE_X33Y60         CARRY4 (Prop_carry4_CI_CO[3])
                                                      0.098     5.368 r  gen_serial_cic_comb.u_cic_interp16_serial_comb_dsp_ce/gen_first_integrator_carry_for_comb_dsp.first_integrator_sum_carry__2/CO[3]
                         net (fo=1, routed)           0.000     5.368    gen_serial_cic_comb.u_cic_interp16_serial_comb_dsp_ce/gen_first_integrator_carry_for_comb_dsp.first_integrator_sum_carry__2_n_0
    SLICE_X33Y61         CARRY4 (Prop_carry4_CI_CO[3])
                                                      0.098     5.466 r  gen_serial_cic_comb.u_cic_interp16_serial_comb_dsp_ce/gen_first_integrator_carry_for_comb_dsp.first_integrator_sum_carry__3/CO[3]
                         net (fo=1, routed)           0.000     5.466    gen_serial_cic_comb.u_cic_interp16_serial_comb_dsp_ce/gen_first_integrator_carry_for_comb_dsp.first_integrator_sum_carry__3_n_0
    SLICE_X33Y62         CARRY4 (Prop_carry4_CI_CO[3])
                                                      0.098     5.564 r  gen_serial_cic_comb.u_cic_interp16_serial_comb_dsp_ce/gen_first_integrator_carry_for_comb_dsp.first_integrator_sum_carry__4/CO[3]
                         net (fo=1, routed)           0.000     5.564    gen_serial_cic_comb.u_cic_interp16_serial_comb_dsp_ce/gen_first_integrator_carry_for_comb_dsp.first_integrator_sum_carry__4_n_0
    SLICE_X33Y63         CARRY4 (Prop_carry4_CI_O[1])
                                                      0.265     5.829 r  gen_serial_cic_comb.u_cic_interp16_serial_comb_dsp_ce/gen_first_integrator_carry_for_comb_dsp.first_integrator_sum_carry__5/O[1]
                         net (fo=23, routed)          1.603     7.432    final_input_rounded[25]
    DSP48_X1Y22          DSP48E1 (Prop_dsp48e1_A[23]_P[28])
                                                      1.889     9.321 r  gen_serial_cic_comb.u_cic_interp16_serial_comb_dsp_ce/gen_final_integrator_dsp.final_integrator_sum/P[28]
                         net (fo=22, routed)          0.964    10.285    gen_serial_cic_comb.u_cic_interp16_serial_comb_dsp_ce/gen_final_integrator_dsp.final_integrator_sum_n_77
    SLICE_X54Y55         LUT5 (Prop_lut5_I0_O)        0.105    10.390 r  interp128_all2x_LUT5_26/O
                         net (fo=1, routed)           0.327    10.717    interp128_all2x_net_18
    SLICE_X54Y56         LUT6 (Prop_lut6_I5_O)        0.105    10.822 r  interp128_all2x_LUT6_17/O
                         net (fo=1, routed)           0.000    10.822    rounded_value_carry_i_1__0_n_0
    SLICE_X54Y56         CARRY4 (Prop_carry4_S[0]_CO[3])
                                                      0.423    11.245 r  gen_serial_cic_comb.u_cic_interp16_serial_comb_dsp_ce/u_round_cic_normalized_output/rounded_value_carry/CO[3]
                         net (fo=1, routed)           0.000    11.245    gen_serial_cic_comb.u_cic_interp16_serial_comb_dsp_ce/u_round_cic_normalized_output/rounded_value_carry_n_0
    SLICE_X54Y57         CARRY4 (Prop_carry4_CI_CO[3])
                                                      0.100    11.345 r  gen_serial_cic_comb.u_cic_interp16_serial_comb_dsp_ce/u_round_cic_normalized_output/rounded_value_carry__0/CO[3]
                         net (fo=1, routed)           0.000    11.345    gen_serial_cic_comb.u_cic_interp16_serial_comb_dsp_ce/u_round_cic_normalized_output/rounded_value_carry__0_n_0
    SLICE_X54Y58         CARRY4 (Prop_carry4_CI_CO[3])
                                                      0.100    11.445 r  gen_serial_cic_comb.u_cic_interp16_serial_comb_dsp_ce/u_round_cic_normalized_output/rounded_value_carry__1/CO[3]
                         net (fo=1, routed)           0.000    11.445    gen_serial_cic_comb.u_cic_interp16_serial_comb_dsp_ce/u_round_cic_normalized_output/rounded_value_carry__1_n_0
    SLICE_X54Y59         CARRY4 (Prop_carry4_CI_CO[3])
                                                      0.100    11.545 r  gen_serial_cic_comb.u_cic_interp16_serial_comb_dsp_ce/u_round_cic_normalized_output/rounded_value_carry__2/CO[3]
                         net (fo=1, routed)           0.000    11.545    gen_serial_cic_comb.u_cic_interp16_serial_comb_dsp_ce/u_round_cic_normalized_output/rounded_value_carry__2_n_0
    SLICE_X54Y60         CARRY4 (Prop_carry4_CI_O[3])
                                                      0.262    11.807 r  gen_serial_cic_comb.u_cic_interp16_serial_comb_dsp_ce/u_round_cic_normalized_output/rounded_value_carry__3/O[3]
                         net (fo=19, routed)          1.009    12.816    p_0_in0
    SLICE_X55Y57         LUT4 (Prop_lut4_I3_O)        0.264    13.080 r  y_out[6]_i_1__0/O
                         net (fo=1, routed)           0.000    13.080    normalized_output[6]
    SLICE_X55Y57         FDRE                                         r  gen_serial_cic_comb.u_cic_interp16_serial_comb_dsp_ce/y_out_reg[6]/D
  -------------------------------------------------------------------    -------------------

                         (clock core_clk_6m144 rise edge)
                                                    162.760   162.760 r  
                                                      0.000   162.760 r  clk (IN)
                         net (fo=288, unset)          1.248   164.008    clk
    SLICE_X55Y57         FDRE                                         r  gen_serial_cic_comb.u_cic_interp16_serial_comb_dsp_ce/y_out_reg[6]/C
                         clock pessimism              0.006   164.014    
                         clock uncertainty           -0.035   163.979    
    SLICE_X55Y57         FDRE (Setup_fdre_C_D)        0.069   164.048    gen_serial_cic_comb.u_cic_interp16_serial_comb_dsp_ce/y_out_reg[6]
  -------------------------------------------------------------------
                         required time                        164.048    
                         arrival time                         -13.080    
  -------------------------------------------------------------------
                         slack                                150.968    

Slack (MET) :             150.968ns  (required time - arrival time)
  Source:                 gen_serial_cic_comb.u_cic_interp16_serial_comb_dsp_ce/burst_remaining_reg[0]/C
                            (rising edge-triggered cell FDRE clocked by core_clk_6m144  {rise@0.000ns fall@81.380ns period=162.760ns})
  Destination:            gen_serial_cic_comb.u_cic_interp16_serial_comb_dsp_ce/y_out_reg[2]/D
                            (rising edge-triggered cell FDRE clocked by core_clk_6m144  {rise@0.000ns fall@81.380ns period=162.760ns})
  Path Group:             core_clk_6m144
  Path Type:              Setup (Max at Slow Process Corner)
  Requirement:            162.760ns  (core_clk_6m144 rise@162.760ns - core_clk_6m144 rise@0.000ns)
  Data Path Delay:        11.733ns  (logic 5.258ns (44.813%)  route 6.475ns (55.187%))
  Logic Levels:           19  (CARRY4=13 DSP48E1=1 LUT4=2 LUT5=1 LUT6=2)
  Clock Path Skew:        -0.092ns (DCD - SCD + CPR)
    Destination Clock Delay (DCD):    1.248ns = ( 164.008 - 162.760 ) 
    Source Clock Delay      (SCD):    1.346ns
    Clock Pessimism Removal (CPR):    0.006ns
  Clock Uncertainty:      0.035ns  ((TSJ^2 + TIJ^2)^1/2 + DJ) / 2 + PE
    Total System Jitter     (TSJ):    0.071ns
    Total Input Jitter      (TIJ):    0.000ns
    Discrete Jitter          (DJ):    0.000ns
    Phase Error              (PE):    0.000ns

    Location             Delay type                Incr(ns)  Path(ns)    Netlist Resource(s)
  -------------------------------------------------------------------    -------------------
                         (clock core_clk_6m144 rise edge)
                                                      0.000     0.000 r  
                                                      0.000     0.000 r  clk (IN)
                         net (fo=288, unset)          1.346     1.346    clk
    SLICE_X31Y63         FDRE                                         r  gen_serial_cic_comb.u_cic_interp16_serial_comb_dsp_ce/burst_remaining_reg[0]/C
  -------------------------------------------------------------------    -------------------
    SLICE_X31Y63         FDRE (Prop_fdre_C_Q)         0.379     1.725 f  gen_serial_cic_comb.u_cic_interp16_serial_comb_dsp_ce/burst_remaining_reg[0]/Q
                         net (fo=6, routed)           0.716     2.441    gen_serial_cic_comb.u_cic_interp16_serial_comb_dsp_ce/burst_remaining_reg_n_0_[0]
    SLICE_X31Y63         LUT6 (Prop_lut6_I2_O)        0.105     2.546 r  interp128_all2x_LUT6/O
                         net (fo=51, routed)          1.494     4.040    interp128_all2x_net
    SLICE_X34Y58         LUT4 (Prop_lut4_I3_O)        0.105     4.145 r  interp128_all2x_LUT4_2/O
                         net (fo=2, routed)           0.368     4.512    gen_first_integrator_carry_for_comb_dsp.first_integrator_sum_carry_i_3_n_0
    SLICE_X33Y57         CARRY4 (Prop_carry4_S[1]_CO[3])
                                                      0.562     5.074 r  gen_serial_cic_comb.u_cic_interp16_serial_comb_dsp_ce/gen_first_integrator_carry_for_comb_dsp.first_integrator_sum_carry/CO[3]
                         net (fo=1, routed)           0.000     5.074    gen_serial_cic_comb.u_cic_interp16_serial_comb_dsp_ce/gen_first_integrator_carry_for_comb_dsp.first_integrator_sum_carry_n_0
    SLICE_X33Y58         CARRY4 (Prop_carry4_CI_CO[3])
                                                      0.098     5.172 r  gen_serial_cic_comb.u_cic_interp16_serial_comb_dsp_ce/gen_first_integrator_carry_for_comb_dsp.first_integrator_sum_carry__0/CO[3]
                         net (fo=1, routed)           0.000     5.172    gen_serial_cic_comb.u_cic_interp16_serial_comb_dsp_ce/gen_first_integrator_carry_for_comb_dsp.first_integrator_sum_carry__0_n_0
    SLICE_X33Y59         CARRY4 (Prop_carry4_CI_CO[3])
                                                      0.098     5.270 r  gen_serial_cic_comb.u_cic_interp16_serial_comb_dsp_ce/gen_first_integrator_carry_for_comb_dsp.first_integrator_sum_carry__1/CO[3]
                         net (fo=1, routed)           0.000     5.270    gen_serial_cic_comb.u_cic_interp16_serial_comb_dsp_ce/gen_first_integrator_carry_for_comb_dsp.first_integrator_sum_carry__1_n_0
    SLICE_X33Y60         CARRY4 (Prop_carry4_CI_CO[3])
                                                      0.098     5.368 r  gen_serial_cic_comb.u_cic_interp16_serial_comb_dsp_ce/gen_first_integrator_carry_for_comb_dsp.first_integrator_sum_carry__2/CO[3]
                         net (fo=1, routed)           0.000     5.368    gen_serial_cic_comb.u_cic_interp16_serial_comb_dsp_ce/gen_first_integrator_carry_for_comb_dsp.first_integrator_sum_carry__2_n_0
    SLICE_X33Y61         CARRY4 (Prop_carry4_CI_CO[3])
                                                      0.098     5.466 r  gen_serial_cic_comb.u_cic_interp16_serial_comb_dsp_ce/gen_first_integrator_carry_for_comb_dsp.first_integrator_sum_carry__3/CO[3]
                         net (fo=1, routed)           0.000     5.466    gen_serial_cic_comb.u_cic_interp16_serial_comb_dsp_ce/gen_first_integrator_carry_for_comb_dsp.first_integrator_sum_carry__3_n_0
    SLICE_X33Y62         CARRY4 (Prop_carry4_CI_CO[3])
                                                      0.098     5.564 r  gen_serial_cic_comb.u_cic_interp16_serial_comb_dsp_ce/gen_first_integrator_carry_for_comb_dsp.first_integrator_sum_carry__4/CO[3]
                         net (fo=1, routed)           0.000     5.564    gen_serial_cic_comb.u_cic_interp16_serial_comb_dsp_ce/gen_first_integrator_carry_for_comb_dsp.first_integrator_sum_carry__4_n_0
    SLICE_X33Y63         CARRY4 (Prop_carry4_CI_O[1])
                                                      0.265     5.829 r  gen_serial_cic_comb.u_cic_interp16_serial_comb_dsp_ce/gen_first_integrator_carry_for_comb_dsp.first_integrator_sum_carry__5/O[1]
                         net (fo=23, routed)          1.603     7.432    final_input_rounded[25]
    DSP48_X1Y22          DSP48E1 (Prop_dsp48e1_A[23]_P[28])
                                                      1.889     9.321 r  gen_serial_cic_comb.u_cic_interp16_serial_comb_dsp_ce/gen_final_integrator_dsp.final_integrator_sum/P[28]
                         net (fo=22, routed)          0.964    10.285    gen_serial_cic_comb.u_cic_interp16_serial_comb_dsp_ce/gen_final_integrator_dsp.final_integrator_sum_n_77
    SLICE_X54Y55         LUT5 (Prop_lut5_I0_O)        0.105    10.390 r  interp128_all2x_LUT5_26/O
                         net (fo=1, routed)           0.327    10.717    interp128_all2x_net_18
    SLICE_X54Y56         LUT6 (Prop_lut6_I5_O)        0.105    10.822 r  interp128_all2x_LUT6_17/O
                         net (fo=1, routed)           0.000    10.822    rounded_value_carry_i_1__0_n_0
    SLICE_X54Y56         CARRY4 (Prop_carry4_S[0]_CO[3])
                                                      0.423    11.245 r  gen_serial_cic_comb.u_cic_interp16_serial_comb_dsp_ce/u_round_cic_normalized_output/rounded_value_carry/CO[3]
                         net (fo=1, routed)           0.000    11.245    gen_serial_cic_comb.u_cic_interp16_serial_comb_dsp_ce/u_round_cic_normalized_output/rounded_value_carry_n_0
    SLICE_X54Y57         CARRY4 (Prop_carry4_CI_CO[3])
                                                      0.100    11.345 r  gen_serial_cic_comb.u_cic_interp16_serial_comb_dsp_ce/u_round_cic_normalized_output/rounded_value_carry__0/CO[3]
                         net (fo=1, routed)           0.000    11.345    gen_serial_cic_comb.u_cic_interp16_serial_comb_dsp_ce/u_round_cic_normalized_output/rounded_value_carry__0_n_0
    SLICE_X54Y58         CARRY4 (Prop_carry4_CI_CO[3])
                                                      0.100    11.445 r  gen_serial_cic_comb.u_cic_interp16_serial_comb_dsp_ce/u_round_cic_normalized_output/rounded_value_carry__1/CO[3]
                         net (fo=1, routed)           0.000    11.445    gen_serial_cic_comb.u_cic_interp16_serial_comb_dsp_ce/u_round_cic_normalized_output/rounded_value_carry__1_n_0
    SLICE_X54Y59         CARRY4 (Prop_carry4_CI_CO[3])
                                                      0.100    11.545 r  gen_serial_cic_comb.u_cic_interp16_serial_comb_dsp_ce/u_round_cic_normalized_output/rounded_value_carry__2/CO[3]
                         net (fo=1, routed)           0.000    11.545    gen_serial_cic_comb.u_cic_interp16_serial_comb_dsp_ce/u_round_cic_normalized_output/rounded_value_carry__2_n_0
    SLICE_X54Y60         CARRY4 (Prop_carry4_CI_CO[3])
                                                      0.100    11.645 r  gen_serial_cic_comb.u_cic_interp16_serial_comb_dsp_ce/u_round_cic_normalized_output/rounded_value_carry__3/CO[3]
                         net (fo=1, routed)           0.000    11.645    gen_serial_cic_comb.u_cic_interp16_serial_comb_dsp_ce/u_round_cic_normalized_output/rounded_value_carry__3_n_0
    SLICE_X54Y61         CARRY4 (Prop_carry4_CI_O[0])
                                                      0.178    11.823 r  gen_serial_cic_comb.u_cic_interp16_serial_comb_dsp_ce/u_round_cic_normalized_output/rounded_value_carry__4/O[0]
                         net (fo=19, routed)          1.004    12.827    gen_serial_cic_comb.u_cic_interp16_serial_comb_dsp_ce/u_round_cic_normalized_output/rounded_value_carry__4_n_7
    SLICE_X55Y57         LUT4 (Prop_lut4_I1_O)        0.252    13.079 r  y_out[2]_i_1__0/O
                         net (fo=1, routed)           0.000    13.079    normalized_output[2]
    SLICE_X55Y57         FDRE                                         r  gen_serial_cic_comb.u_cic_interp16_serial_comb_dsp_ce/y_out_reg[2]/D
  -------------------------------------------------------------------    -------------------

                         (clock core_clk_6m144 rise edge)
                                                    162.760   162.760 r  
                                                      0.000   162.760 r  clk (IN)
                         net (fo=288, unset)          1.248   164.008    clk
    SLICE_X55Y57         FDRE                                         r  gen_serial_cic_comb.u_cic_interp16_serial_comb_dsp_ce/y_out_reg[2]/C
                         clock pessimism              0.006   164.014    
                         clock uncertainty           -0.035   163.979    
    SLICE_X55Y57         FDRE (Setup_fdre_C_D)        0.069   164.048    gen_serial_cic_comb.u_cic_interp16_serial_comb_dsp_ce/y_out_reg[2]
  -------------------------------------------------------------------
                         required time                        164.048    
                         arrival time                         -13.079    
  -------------------------------------------------------------------
                         slack                                150.968    

Slack (MET) :             151.077ns  (required time - arrival time)
  Source:                 gen_serial_cic_comb.u_cic_interp16_serial_comb_dsp_ce/burst_remaining_reg[0]/C
                            (rising edge-triggered cell FDRE clocked by core_clk_6m144  {rise@0.000ns fall@81.380ns period=162.760ns})
  Destination:            gen_serial_cic_comb.u_cic_interp16_serial_comb_dsp_ce/y_out_reg[11]/D
                            (rising edge-triggered cell FDRE clocked by core_clk_6m144  {rise@0.000ns fall@81.380ns period=162.760ns})
  Path Group:             core_clk_6m144
  Path Type:              Setup (Max at Slow Process Corner)
  Requirement:            162.760ns  (core_clk_6m144 rise@162.760ns - core_clk_6m144 rise@0.000ns)
  Data Path Delay:        11.585ns  (logic 5.244ns (45.267%)  route 6.341ns (54.733%))
  Logic Levels:           19  (CARRY4=13 DSP48E1=1 LUT4=2 LUT5=1 LUT6=2)
  Clock Path Skew:        -0.093ns (DCD - SCD + CPR)
    Destination Clock Delay (DCD):    1.247ns = ( 164.007 - 162.760 ) 
    Source Clock Delay      (SCD):    1.346ns
    Clock Pessimism Removal (CPR):    0.006ns
  Clock Uncertainty:      0.035ns  ((TSJ^2 + TIJ^2)^1/2 + DJ) / 2 + PE
    Total System Jitter     (TSJ):    0.071ns
    Total Input Jitter      (TIJ):    0.000ns
    Discrete Jitter          (DJ):    0.000ns
    Phase Error              (PE):    0.000ns

    Location             Delay type                Incr(ns)  Path(ns)    Netlist Resource(s)
  -------------------------------------------------------------------    -------------------
                         (clock core_clk_6m144 rise edge)
                                                      0.000     0.000 r  
                                                      0.000     0.000 r  clk (IN)
                         net (fo=288, unset)          1.346     1.346    clk
    SLICE_X31Y63         FDRE                                         r  gen_serial_cic_comb.u_cic_interp16_serial_comb_dsp_ce/burst_remaining_reg[0]/C
  -------------------------------------------------------------------    -------------------
    SLICE_X31Y63         FDRE (Prop_fdre_C_Q)         0.379     1.725 f  gen_serial_cic_comb.u_cic_interp16_serial_comb_dsp_ce/burst_remaining_reg[0]/Q
                         net (fo=6, routed)           0.716     2.441    gen_serial_cic_comb.u_cic_interp16_serial_comb_dsp_ce/burst_remaining_reg_n_0_[0]
    SLICE_X31Y63         LUT6 (Prop_lut6_I2_O)        0.105     2.546 r  interp128_all2x_LUT6/O
                         net (fo=51, routed)          1.494     4.040    interp128_all2x_net
    SLICE_X34Y58         LUT4 (Prop_lut4_I3_O)        0.105     4.145 r  interp128_all2x_LUT4_2/O
                         net (fo=2, routed)           0.368     4.512    gen_first_integrator_carry_for_comb_dsp.first_integrator_sum_carry_i_3_n_0
    SLICE_X33Y57         CARRY4 (Prop_carry4_S[1]_CO[3])
                                                      0.562     5.074 r  gen_serial_cic_comb.u_cic_interp16_serial_comb_dsp_ce/gen_first_integrator_carry_for_comb_dsp.first_integrator_sum_carry/CO[3]
                         net (fo=1, routed)           0.000     5.074    gen_serial_cic_comb.u_cic_interp16_serial_comb_dsp_ce/gen_first_integrator_carry_for_comb_dsp.first_integrator_sum_carry_n_0
    SLICE_X33Y58         CARRY4 (Prop_carry4_CI_CO[3])
                                                      0.098     5.172 r  gen_serial_cic_comb.u_cic_interp16_serial_comb_dsp_ce/gen_first_integrator_carry_for_comb_dsp.first_integrator_sum_carry__0/CO[3]
                         net (fo=1, routed)           0.000     5.172    gen_serial_cic_comb.u_cic_interp16_serial_comb_dsp_ce/gen_first_integrator_carry_for_comb_dsp.first_integrator_sum_carry__0_n_0
    SLICE_X33Y59         CARRY4 (Prop_carry4_CI_CO[3])
                                                      0.098     5.270 r  gen_serial_cic_comb.u_cic_interp16_serial_comb_dsp_ce/gen_first_integrator_carry_for_comb_dsp.first_integrator_sum_carry__1/CO[3]
                         net (fo=1, routed)           0.000     5.270    gen_serial_cic_comb.u_cic_interp16_serial_comb_dsp_ce/gen_first_integrator_carry_for_comb_dsp.first_integrator_sum_carry__1_n_0
    SLICE_X33Y60         CARRY4 (Prop_carry4_CI_CO[3])
                                                      0.098     5.368 r  gen_serial_cic_comb.u_cic_interp16_serial_comb_dsp_ce/gen_first_integrator_carry_for_comb_dsp.first_integrator_sum_carry__2/CO[3]
                         net (fo=1, routed)           0.000     5.368    gen_serial_cic_comb.u_cic_interp16_serial_comb_dsp_ce/gen_first_integrator_carry_for_comb_dsp.first_integrator_sum_carry__2_n_0
    SLICE_X33Y61         CARRY4 (Prop_carry4_CI_CO[3])
                                                      0.098     5.466 r  gen_serial_cic_comb.u_cic_interp16_serial_comb_dsp_ce/gen_first_integrator_carry_for_comb_dsp.first_integrator_sum_carry__3/CO[3]
                         net (fo=1, routed)           0.000     5.466    gen_serial_cic_comb.u_cic_interp16_serial_comb_dsp_ce/gen_first_integrator_carry_for_comb_dsp.first_integrator_sum_carry__3_n_0
    SLICE_X33Y62         CARRY4 (Prop_carry4_CI_CO[3])
                                                      0.098     5.564 r  gen_serial_cic_comb.u_cic_interp16_serial_comb_dsp_ce/gen_first_integrator_carry_for_comb_dsp.first_integrator_sum_carry__4/CO[3]
                         net (fo=1, routed)           0.000     5.564    gen_serial_cic_comb.u_cic_interp16_serial_comb_dsp_ce/gen_first_integrator_carry_for_comb_dsp.first_integrator_sum_carry__4_n_0
    SLICE_X33Y63         CARRY4 (Prop_carry4_CI_O[1])
                                                      0.265     5.829 r  gen_serial_cic_comb.u_cic_interp16_serial_comb_dsp_ce/gen_first_integrator_carry_for_comb_dsp.first_integrator_sum_carry__5/O[1]
                         net (fo=23, routed)          1.603     7.432    final_input_rounded[25]
    DSP48_X1Y22          DSP48E1 (Prop_dsp48e1_A[23]_P[28])
                                                      1.889     9.321 r  gen_serial_cic_comb.u_cic_interp16_serial_comb_dsp_ce/gen_final_integrator_dsp.final_integrator_sum/P[28]
                         net (fo=22, routed)          0.964    10.285    gen_serial_cic_comb.u_cic_interp16_serial_comb_dsp_ce/gen_final_integrator_dsp.final_integrator_sum_n_77
    SLICE_X54Y55         LUT5 (Prop_lut5_I0_O)        0.105    10.390 r  interp128_all2x_LUT5_26/O
                         net (fo=1, routed)           0.327    10.717    interp128_all2x_net_18
    SLICE_X54Y56         LUT6 (Prop_lut6_I5_O)        0.105    10.822 r  interp128_all2x_LUT6_17/O
                         net (fo=1, routed)           0.000    10.822    rounded_value_carry_i_1__0_n_0
    SLICE_X54Y56         CARRY4 (Prop_carry4_S[0]_CO[3])
                                                      0.423    11.245 r  gen_serial_cic_comb.u_cic_interp16_serial_comb_dsp_ce/u_round_cic_normalized_output/rounded_value_carry/CO[3]
                         net (fo=1, routed)           0.000    11.245    gen_serial_cic_comb.u_cic_interp16_serial_comb_dsp_ce/u_round_cic_normalized_output/rounded_value_carry_n_0
    SLICE_X54Y57         CARRY4 (Prop_carry4_CI_CO[3])
                                                      0.100    11.345 r  gen_serial_cic_comb.u_cic_interp16_serial_comb_dsp_ce/u_round_cic_normalized_output/rounded_value_carry__0/CO[3]
                         net (fo=1, routed)           0.000    11.345    gen_serial_cic_comb.u_cic_interp16_serial_comb_dsp_ce/u_round_cic_normalized_output/rounded_value_carry__0_n_0
    SLICE_X54Y58         CARRY4 (Prop_carry4_CI_CO[3])
                                                      0.100    11.445 r  gen_serial_cic_comb.u_cic_interp16_serial_comb_dsp_ce/u_round_cic_normalized_output/rounded_value_carry__1/CO[3]
                         net (fo=1, routed)           0.000    11.445    gen_serial_cic_comb.u_cic_interp16_serial_comb_dsp_ce/u_round_cic_normalized_output/rounded_value_carry__1_n_0
    SLICE_X54Y59         CARRY4 (Prop_carry4_CI_CO[3])
                                                      0.100    11.545 r  gen_serial_cic_comb.u_cic_interp16_serial_comb_dsp_ce/u_round_cic_normalized_output/rounded_value_carry__2/CO[3]
                         net (fo=1, routed)           0.000    11.545    gen_serial_cic_comb.u_cic_interp16_serial_comb_dsp_ce/u_round_cic_normalized_output/rounded_value_carry__2_n_0
    SLICE_X54Y60         CARRY4 (Prop_carry4_CI_CO[3])
                                                      0.100    11.645 r  gen_serial_cic_comb.u_cic_interp16_serial_comb_dsp_ce/u_round_cic_normalized_output/rounded_value_carry__3/CO[3]
                         net (fo=1, routed)           0.000    11.645    gen_serial_cic_comb.u_cic_interp16_serial_comb_dsp_ce/u_round_cic_normalized_output/rounded_value_carry__3_n_0
    SLICE_X54Y61         CARRY4 (Prop_carry4_CI_O[0])
                                                      0.178    11.823 r  gen_serial_cic_comb.u_cic_interp16_serial_comb_dsp_ce/u_round_cic_normalized_output/rounded_value_carry__4/O[0]
                         net (fo=19, routed)          0.869    12.693    gen_serial_cic_comb.u_cic_interp16_serial_comb_dsp_ce/u_round_cic_normalized_output/rounded_value_carry__4_n_7
    SLICE_X55Y59         LUT4 (Prop_lut4_I1_O)        0.238    12.931 r  y_out[11]_i_1__0/O
                         net (fo=1, routed)           0.000    12.931    normalized_output[11]
    SLICE_X55Y59         FDRE                                         r  gen_serial_cic_comb.u_cic_interp16_serial_comb_dsp_ce/y_out_reg[11]/D
  -------------------------------------------------------------------    -------------------

                         (clock core_clk_6m144 rise edge)
                                                    162.760   162.760 r  
                                                      0.000   162.760 r  clk (IN)
                         net (fo=288, unset)          1.247   164.007    clk
    SLICE_X55Y59         FDRE                                         r  gen_serial_cic_comb.u_cic_interp16_serial_comb_dsp_ce/y_out_reg[11]/C
                         clock pessimism              0.006   164.013    
                         clock uncertainty           -0.035   163.978    
    SLICE_X55Y59         FDRE (Setup_fdre_C_D)        0.030   164.008    gen_serial_cic_comb.u_cic_interp16_serial_comb_dsp_ce/y_out_reg[11]
  -------------------------------------------------------------------
                         required time                        164.008    
                         arrival time                         -12.931    
  -------------------------------------------------------------------
                         slack                                151.077    

Slack (MET) :             151.079ns  (required time - arrival time)
  Source:                 gen_serial_cic_comb.u_cic_interp16_serial_comb_dsp_ce/burst_remaining_reg[0]/C
                            (rising edge-triggered cell FDRE clocked by core_clk_6m144  {rise@0.000ns fall@81.380ns period=162.760ns})
  Destination:            gen_serial_cic_comb.u_cic_interp16_serial_comb_dsp_ce/y_out_reg[13]/D
                            (rising edge-triggered cell FDRE clocked by core_clk_6m144  {rise@0.000ns fall@81.380ns period=162.760ns})
  Path Group:             core_clk_6m144
  Path Type:              Setup (Max at Slow Process Corner)
  Requirement:            162.760ns  (core_clk_6m144 rise@162.760ns - core_clk_6m144 rise@0.000ns)
  Data Path Delay:        11.585ns  (logic 5.244ns (45.267%)  route 6.341ns (54.733%))
  Logic Levels:           19  (CARRY4=13 DSP48E1=1 LUT4=2 LUT5=1 LUT6=2)
  Clock Path Skew:        -0.093ns (DCD - SCD + CPR)
    Destination Clock Delay (DCD):    1.247ns = ( 164.007 - 162.760 ) 
    Source Clock Delay      (SCD):    1.346ns
    Clock Pessimism Removal (CPR):    0.006ns
  Clock Uncertainty:      0.035ns  ((TSJ^2 + TIJ^2)^1/2 + DJ) / 2 + PE
    Total System Jitter     (TSJ):    0.071ns
    Total Input Jitter      (TIJ):    0.000ns
    Discrete Jitter          (DJ):    0.000ns
    Phase Error              (PE):    0.000ns

    Location             Delay type                Incr(ns)  Path(ns)    Netlist Resource(s)
  -------------------------------------------------------------------    -------------------
                         (clock core_clk_6m144 rise edge)
                                                      0.000     0.000 r  
                                                      0.000     0.000 r  clk (IN)
                         net (fo=288, unset)          1.346     1.346    clk
    SLICE_X31Y63         FDRE                                         r  gen_serial_cic_comb.u_cic_interp16_serial_comb_dsp_ce/burst_remaining_reg[0]/C
  -------------------------------------------------------------------    -------------------
    SLICE_X31Y63         FDRE (Prop_fdre_C_Q)         0.379     1.725 f  gen_serial_cic_comb.u_cic_interp16_serial_comb_dsp_ce/burst_remaining_reg[0]/Q
                         net (fo=6, routed)           0.716     2.441    gen_serial_cic_comb.u_cic_interp16_serial_comb_dsp_ce/burst_remaining_reg_n_0_[0]
    SLICE_X31Y63         LUT6 (Prop_lut6_I2_O)        0.105     2.546 r  interp128_all2x_LUT6/O
                         net (fo=51, routed)          1.494     4.040    interp128_all2x_net
    SLICE_X34Y58         LUT4 (Prop_lut4_I3_O)        0.105     4.145 r  interp128_all2x_LUT4_2/O
                         net (fo=2, routed)           0.368     4.512    gen_first_integrator_carry_for_comb_dsp.first_integrator_sum_carry_i_3_n_0
    SLICE_X33Y57         CARRY4 (Prop_carry4_S[1]_CO[3])
                                                      0.562     5.074 r  gen_serial_cic_comb.u_cic_interp16_serial_comb_dsp_ce/gen_first_integrator_carry_for_comb_dsp.first_integrator_sum_carry/CO[3]
                         net (fo=1, routed)           0.000     5.074    gen_serial_cic_comb.u_cic_interp16_serial_comb_dsp_ce/gen_first_integrator_carry_for_comb_dsp.first_integrator_sum_carry_n_0
    SLICE_X33Y58         CARRY4 (Prop_carry4_CI_CO[3])
                                                      0.098     5.172 r  gen_serial_cic_comb.u_cic_interp16_serial_comb_dsp_ce/gen_first_integrator_carry_for_comb_dsp.first_integrator_sum_carry__0/CO[3]
                         net (fo=1, routed)           0.000     5.172    gen_serial_cic_comb.u_cic_interp16_serial_comb_dsp_ce/gen_first_integrator_carry_for_comb_dsp.first_integrator_sum_carry__0_n_0
    SLICE_X33Y59         CARRY4 (Prop_carry4_CI_CO[3])
                                                      0.098     5.270 r  gen_serial_cic_comb.u_cic_interp16_serial_comb_dsp_ce/gen_first_integrator_carry_for_comb_dsp.first_integrator_sum_carry__1/CO[3]
                         net (fo=1, routed)           0.000     5.270    gen_serial_cic_comb.u_cic_interp16_serial_comb_dsp_ce/gen_first_integrator_carry_for_comb_dsp.first_integrator_sum_carry__1_n_0
    SLICE_X33Y60         CARRY4 (Prop_carry4_CI_CO[3])
                                                      0.098     5.368 r  gen_serial_cic_comb.u_cic_interp16_serial_comb_dsp_ce/gen_first_integrator_carry_for_comb_dsp.first_integrator_sum_carry__2/CO[3]
                         net (fo=1, routed)           0.000     5.368    gen_serial_cic_comb.u_cic_interp16_serial_comb_dsp_ce/gen_first_integrator_carry_for_comb_dsp.first_integrator_sum_carry__2_n_0
    SLICE_X33Y61         CARRY4 (Prop_carry4_CI_CO[3])
                                                      0.098     5.466 r  gen_serial_cic_comb.u_cic_interp16_serial_comb_dsp_ce/gen_first_integrator_carry_for_comb_dsp.first_integrator_sum_carry__3/CO[3]
                         net (fo=1, routed)           0.000     5.466    gen_serial_cic_comb.u_cic_interp16_serial_comb_dsp_ce/gen_first_integrator_carry_for_comb_dsp.first_integrator_sum_carry__3_n_0
    SLICE_X33Y62         CARRY4 (Prop_carry4_CI_CO[3])
                                                      0.098     5.564 r  gen_serial_cic_comb.u_cic_interp16_serial_comb_dsp_ce/gen_first_integrator_carry_for_comb_dsp.first_integrator_sum_carry__4/CO[3]
                         net (fo=1, routed)           0.000     5.564    gen_serial_cic_comb.u_cic_interp16_serial_comb_dsp_ce/gen_first_integrator_carry_for_comb_dsp.first_integrator_sum_carry__4_n_0
    SLICE_X33Y63         CARRY4 (Prop_carry4_CI_O[1])
                                                      0.265     5.829 r  gen_serial_cic_comb.u_cic_interp16_serial_comb_dsp_ce/gen_first_integrator_carry_for_comb_dsp.first_integrator_sum_carry__5/O[1]
                         net (fo=23, routed)          1.603     7.432    final_input_rounded[25]
    DSP48_X1Y22          DSP48E1 (Prop_dsp48e1_A[23]_P[28])
                                                      1.889     9.321 r  gen_serial_cic_comb.u_cic_interp16_serial_comb_dsp_ce/gen_final_integrator_dsp.final_integrator_sum/P[28]
                         net (fo=22, routed)          0.964    10.285    gen_serial_cic_comb.u_cic_interp16_serial_comb_dsp_ce/gen_final_integrator_dsp.final_integrator_sum_n_77
    SLICE_X54Y55         LUT5 (Prop_lut5_I0_O)        0.105    10.390 r  interp128_all2x_LUT5_26/O
                         net (fo=1, routed)           0.327    10.717    interp128_all2x_net_18
    SLICE_X54Y56         LUT6 (Prop_lut6_I5_O)        0.105    10.822 r  interp128_all2x_LUT6_17/O
                         net (fo=1, routed)           0.000    10.822    rounded_value_carry_i_1__0_n_0
    SLICE_X54Y56         CARRY4 (Prop_carry4_S[0]_CO[3])
                                                      0.423    11.245 r  gen_serial_cic_comb.u_cic_interp16_serial_comb_dsp_ce/u_round_cic_normalized_output/rounded_value_carry/CO[3]
                         net (fo=1, routed)           0.000    11.245    gen_serial_cic_comb.u_cic_interp16_serial_comb_dsp_ce/u_round_cic_normalized_output/rounded_value_carry_n_0
    SLICE_X54Y57         CARRY4 (Prop_carry4_CI_CO[3])
                                                      0.100    11.345 r  gen_serial_cic_comb.u_cic_interp16_serial_comb_dsp_ce/u_round_cic_normalized_output/rounded_value_carry__0/CO[3]
                         net (fo=1, routed)           0.000    11.345    gen_serial_cic_comb.u_cic_interp16_serial_comb_dsp_ce/u_round_cic_normalized_output/rounded_value_carry__0_n_0
    SLICE_X54Y58         CARRY4 (Prop_carry4_CI_CO[3])
                                                      0.100    11.445 r  gen_serial_cic_comb.u_cic_interp16_serial_comb_dsp_ce/u_round_cic_normalized_output/rounded_value_carry__1/CO[3]
                         net (fo=1, routed)           0.000    11.445    gen_serial_cic_comb.u_cic_interp16_serial_comb_dsp_ce/u_round_cic_normalized_output/rounded_value_carry__1_n_0
    SLICE_X54Y59         CARRY4 (Prop_carry4_CI_CO[3])
                                                      0.100    11.545 r  gen_serial_cic_comb.u_cic_interp16_serial_comb_dsp_ce/u_round_cic_normalized_output/rounded_value_carry__2/CO[3]
                         net (fo=1, routed)           0.000    11.545    gen_serial_cic_comb.u_cic_interp16_serial_comb_dsp_ce/u_round_cic_normalized_output/rounded_value_carry__2_n_0
    SLICE_X54Y60         CARRY4 (Prop_carry4_CI_CO[3])
                                                      0.100    11.645 r  gen_serial_cic_comb.u_cic_interp16_serial_comb_dsp_ce/u_round_cic_normalized_output/rounded_value_carry__3/CO[3]
                         net (fo=1, routed)           0.000    11.645    gen_serial_cic_comb.u_cic_interp16_serial_comb_dsp_ce/u_round_cic_normalized_output/rounded_value_carry__3_n_0
    SLICE_X54Y61         CARRY4 (Prop_carry4_CI_O[0])
                                                      0.178    11.823 r  gen_serial_cic_comb.u_cic_interp16_serial_comb_dsp_ce/u_round_cic_normalized_output/rounded_value_carry__4/O[0]
                         net (fo=19, routed)          0.869    12.693    gen_serial_cic_comb.u_cic_interp16_serial_comb_dsp_ce/u_round_cic_normalized_output/rounded_value_carry__4_n_7
    SLICE_X55Y59         LUT4 (Prop_lut4_I1_O)        0.238    12.931 r  y_out[13]_i_1__0/O
                         net (fo=1, routed)           0.000    12.931    normalized_output[13]
    SLICE_X55Y59         FDRE                                         r  gen_serial_cic_comb.u_cic_interp16_serial_comb_dsp_ce/y_out_reg[13]/D
  -------------------------------------------------------------------    -------------------

                         (clock core_clk_6m144 rise edge)
                                                    162.760   162.760 r  
                                                      0.000   162.760 r  clk (IN)
                         net (fo=288, unset)          1.247   164.007    clk
    SLICE_X55Y59         FDRE                                         r  gen_serial_cic_comb.u_cic_interp16_serial_comb_dsp_ce/y_out_reg[13]/C
                         clock pessimism              0.006   164.013    
                         clock uncertainty           -0.035   163.978    
    SLICE_X55Y59         FDRE (Setup_fdre_C_D)        0.032   164.010    gen_serial_cic_comb.u_cic_interp16_serial_comb_dsp_ce/y_out_reg[13]
  -------------------------------------------------------------------
                         required time                        164.010    
                         arrival time                         -12.931    
  -------------------------------------------------------------------
                         slack                                151.079    

Slack (MET) :             151.102ns  (required time - arrival time)
  Source:                 gen_serial_cic_comb.u_cic_interp16_serial_comb_dsp_ce/burst_remaining_reg[0]/C
                            (rising edge-triggered cell FDRE clocked by core_clk_6m144  {rise@0.000ns fall@81.380ns period=162.760ns})
  Destination:            gen_serial_cic_comb.u_cic_interp16_serial_comb_dsp_ce/y_out_reg[12]/D
                            (rising edge-triggered cell FDRE clocked by core_clk_6m144  {rise@0.000ns fall@81.380ns period=162.760ns})
  Path Group:             core_clk_6m144
  Path Type:              Setup (Max at Slow Process Corner)
  Requirement:            162.760ns  (core_clk_6m144 rise@162.760ns - core_clk_6m144 rise@0.000ns)
  Data Path Delay:        11.599ns  (logic 5.258ns (45.333%)  route 6.341ns (54.667%))
  Logic Levels:           19  (CARRY4=13 DSP48E1=1 LUT4=2 LUT5=1 LUT6=2)
  Clock Path Skew:        -0.093ns (DCD - SCD + CPR)
    Destination Clock Delay (DCD):    1.247ns = ( 164.007 - 162.760 ) 
    Source Clock Delay      (SCD):    1.346ns
    Clock Pessimism Removal (CPR):    0.006ns
  Clock Uncertainty:      0.035ns  ((TSJ^2 + TIJ^2)^1/2 + DJ) / 2 + PE
    Total System Jitter     (TSJ):    0.071ns
    Total Input Jitter      (TIJ):    0.000ns
    Discrete Jitter          (DJ):    0.000ns
    Phase Error              (PE):    0.000ns

    Location             Delay type                Incr(ns)  Path(ns)    Netlist Resource(s)
  -------------------------------------------------------------------    -------------------
                         (clock core_clk_6m144 rise edge)
                                                      0.000     0.000 r  
                                                      0.000     0.000 r  clk (IN)
                         net (fo=288, unset)          1.346     1.346    clk
    SLICE_X31Y63         FDRE                                         r  gen_serial_cic_comb.u_cic_interp16_serial_comb_dsp_ce/burst_remaining_reg[0]/C
  -------------------------------------------------------------------    -------------------
    SLICE_X31Y63         FDRE (Prop_fdre_C_Q)         0.379     1.725 f  gen_serial_cic_comb.u_cic_interp16_serial_comb_dsp_ce/burst_remaining_reg[0]/Q
                         net (fo=6, routed)           0.716     2.441    gen_serial_cic_comb.u_cic_interp16_serial_comb_dsp_ce/burst_remaining_reg_n_0_[0]
    SLICE_X31Y63         LUT6 (Prop_lut6_I2_O)        0.105     2.546 r  interp128_all2x_LUT6/O
                         net (fo=51, routed)          1.494     4.040    interp128_all2x_net
    SLICE_X34Y58         LUT4 (Prop_lut4_I3_O)        0.105     4.145 r  interp128_all2x_LUT4_2/O
                         net (fo=2, routed)           0.368     4.512    gen_first_integrator_carry_for_comb_dsp.first_integrator_sum_carry_i_3_n_0
    SLICE_X33Y57         CARRY4 (Prop_carry4_S[1]_CO[3])
                                                      0.562     5.074 r  gen_serial_cic_comb.u_cic_interp16_serial_comb_dsp_ce/gen_first_integrator_carry_for_comb_dsp.first_integrator_sum_carry/CO[3]
                         net (fo=1, routed)           0.000     5.074    gen_serial_cic_comb.u_cic_interp16_serial_comb_dsp_ce/gen_first_integrator_carry_for_comb_dsp.first_integrator_sum_carry_n_0
    SLICE_X33Y58         CARRY4 (Prop_carry4_CI_CO[3])
                                                      0.098     5.172 r  gen_serial_cic_comb.u_cic_interp16_serial_comb_dsp_ce/gen_first_integrator_carry_for_comb_dsp.first_integrator_sum_carry__0/CO[3]
                         net (fo=1, routed)           0.000     5.172    gen_serial_cic_comb.u_cic_interp16_serial_comb_dsp_ce/gen_first_integrator_carry_for_comb_dsp.first_integrator_sum_carry__0_n_0
    SLICE_X33Y59         CARRY4 (Prop_carry4_CI_CO[3])
                                                      0.098     5.270 r  gen_serial_cic_comb.u_cic_interp16_serial_comb_dsp_ce/gen_first_integrator_carry_for_comb_dsp.first_integrator_sum_carry__1/CO[3]
                         net (fo=1, routed)           0.000     5.270    gen_serial_cic_comb.u_cic_interp16_serial_comb_dsp_ce/gen_first_integrator_carry_for_comb_dsp.first_integrator_sum_carry__1_n_0
    SLICE_X33Y60         CARRY4 (Prop_carry4_CI_CO[3])
                                                      0.098     5.368 r  gen_serial_cic_comb.u_cic_interp16_serial_comb_dsp_ce/gen_first_integrator_carry_for_comb_dsp.first_integrator_sum_carry__2/CO[3]
                         net (fo=1, routed)           0.000     5.368    gen_serial_cic_comb.u_cic_interp16_serial_comb_dsp_ce/gen_first_integrator_carry_for_comb_dsp.first_integrator_sum_carry__2_n_0
    SLICE_X33Y61         CARRY4 (Prop_carry4_CI_CO[3])
                                                      0.098     5.466 r  gen_serial_cic_comb.u_cic_interp16_serial_comb_dsp_ce/gen_first_integrator_carry_for_comb_dsp.first_integrator_sum_carry__3/CO[3]
                         net (fo=1, routed)           0.000     5.466    gen_serial_cic_comb.u_cic_interp16_serial_comb_dsp_ce/gen_first_integrator_carry_for_comb_dsp.first_integrator_sum_carry__3_n_0
    SLICE_X33Y62         CARRY4 (Prop_carry4_CI_CO[3])
                                                      0.098     5.564 r  gen_serial_cic_comb.u_cic_interp16_serial_comb_dsp_ce/gen_first_integrator_carry_for_comb_dsp.first_integrator_sum_carry__4/CO[3]
                         net (fo=1, routed)           0.000     5.564    gen_serial_cic_comb.u_cic_interp16_serial_comb_dsp_ce/gen_first_integrator_carry_for_comb_dsp.first_integrator_sum_carry__4_n_0
    SLICE_X33Y63         CARRY4 (Prop_carry4_CI_O[1])
                                                      0.265     5.829 r  gen_serial_cic_comb.u_cic_interp16_serial_comb_dsp_ce/gen_first_integrator_carry_for_comb_dsp.first_integrator_sum_carry__5/O[1]
                         net (fo=23, routed)          1.603     7.432    final_input_rounded[25]
    DSP48_X1Y22          DSP48E1 (Prop_dsp48e1_A[23]_P[28])
                                                      1.889     9.321 r  gen_serial_cic_comb.u_cic_interp16_serial_comb_dsp_ce/gen_final_integrator_dsp.final_integrator_sum/P[28]
                         net (fo=22, routed)          0.964    10.285    gen_serial_cic_comb.u_cic_interp16_serial_comb_dsp_ce/gen_final_integrator_dsp.final_integrator_sum_n_77
    SLICE_X54Y55         LUT5 (Prop_lut5_I0_O)        0.105    10.390 r  interp128_all2x_LUT5_26/O
                         net (fo=1, routed)           0.327    10.717    interp128_all2x_net_18
    SLICE_X54Y56         LUT6 (Prop_lut6_I5_O)        0.105    10.822 r  interp128_all2x_LUT6_17/O
                         net (fo=1, routed)           0.000    10.822    rounded_value_carry_i_1__0_n_0
    SLICE_X54Y56         CARRY4 (Prop_carry4_S[0]_CO[3])
                                                      0.423    11.245 r  gen_serial_cic_comb.u_cic_interp16_serial_comb_dsp_ce/u_round_cic_normalized_output/rounded_value_carry/CO[3]
                         net (fo=1, routed)           0.000    11.245    gen_serial_cic_comb.u_cic_interp16_serial_comb_dsp_ce/u_round_cic_normalized_output/rounded_value_carry_n_0
    SLICE_X54Y57         CARRY4 (Prop_carry4_CI_CO[3])
                                                      0.100    11.345 r  gen_serial_cic_comb.u_cic_interp16_serial_comb_dsp_ce/u_round_cic_normalized_output/rounded_value_carry__0/CO[3]
                         net (fo=1, routed)           0.000    11.345    gen_serial_cic_comb.u_cic_interp16_serial_comb_dsp_ce/u_round_cic_normalized_output/rounded_value_carry__0_n_0
    SLICE_X54Y58         CARRY4 (Prop_carry4_CI_CO[3])
                                                      0.100    11.445 r  gen_serial_cic_comb.u_cic_interp16_serial_comb_dsp_ce/u_round_cic_normalized_output/rounded_value_carry__1/CO[3]
                         net (fo=1, routed)           0.000    11.445    gen_serial_cic_comb.u_cic_interp16_serial_comb_dsp_ce/u_round_cic_normalized_output/rounded_value_carry__1_n_0
    SLICE_X54Y59         CARRY4 (Prop_carry4_CI_CO[3])
                                                      0.100    11.545 r  gen_serial_cic_comb.u_cic_interp16_serial_comb_dsp_ce/u_round_cic_normalized_output/rounded_value_carry__2/CO[3]
                         net (fo=1, routed)           0.000    11.545    gen_serial_cic_comb.u_cic_interp16_serial_comb_dsp_ce/u_round_cic_normalized_output/rounded_value_carry__2_n_0
    SLICE_X54Y60         CARRY4 (Prop_carry4_CI_CO[3])
                                                      0.100    11.645 r  gen_serial_cic_comb.u_cic_interp16_serial_comb_dsp_ce/u_round_cic_normalized_output/rounded_value_carry__3/CO[3]
                         net (fo=1, routed)           0.000    11.645    gen_serial_cic_comb.u_cic_interp16_serial_comb_dsp_ce/u_round_cic_normalized_output/rounded_value_carry__3_n_0
    SLICE_X54Y61         CARRY4 (Prop_carry4_CI_O[0])
                                                      0.178    11.823 r  gen_serial_cic_comb.u_cic_interp16_serial_comb_dsp_ce/u_round_cic_normalized_output/rounded_value_carry__4/O[0]
                         net (fo=19, routed)          0.869    12.693    gen_serial_cic_comb.u_cic_interp16_serial_comb_dsp_ce/u_round_cic_normalized_output/rounded_value_carry__4_n_7
    SLICE_X55Y59         LUT4 (Prop_lut4_I1_O)        0.252    12.945 r  y_out[12]_i_1__0/O
                         net (fo=1, routed)           0.000    12.945    normalized_output[12]
    SLICE_X55Y59         FDRE                                         r  gen_serial_cic_comb.u_cic_interp16_serial_comb_dsp_ce/y_out_reg[12]/D
  -------------------------------------------------------------------    -------------------

                         (clock core_clk_6m144 rise edge)
                                                    162.760   162.760 r  
                                                      0.000   162.760 r  clk (IN)
                         net (fo=288, unset)          1.247   164.007    clk
    SLICE_X55Y59         FDRE                                         r  gen_serial_cic_comb.u_cic_interp16_serial_comb_dsp_ce/y_out_reg[12]/C
                         clock pessimism              0.006   164.013    
                         clock uncertainty           -0.035   163.978    
    SLICE_X55Y59         FDRE (Setup_fdre_C_D)        0.069   164.047    gen_serial_cic_comb.u_cic_interp16_serial_comb_dsp_ce/y_out_reg[12]
  -------------------------------------------------------------------
                         required time                        164.047    
                         arrival time                         -12.945    
  -------------------------------------------------------------------
                         slack                                151.102    

Slack (MET) :             151.102ns  (required time - arrival time)
  Source:                 gen_serial_cic_comb.u_cic_interp16_serial_comb_dsp_ce/burst_remaining_reg[0]/C
                            (rising edge-triggered cell FDRE clocked by core_clk_6m144  {rise@0.000ns fall@81.380ns period=162.760ns})
  Destination:            gen_serial_cic_comb.u_cic_interp16_serial_comb_dsp_ce/y_out_reg[14]/D
                            (rising edge-triggered cell FDRE clocked by core_clk_6m144  {rise@0.000ns fall@81.380ns period=162.760ns})
  Path Group:             core_clk_6m144
  Path Type:              Setup (Max at Slow Process Corner)
  Requirement:            162.760ns  (core_clk_6m144 rise@162.760ns - core_clk_6m144 rise@0.000ns)
  Data Path Delay:        11.599ns  (logic 5.258ns (45.333%)  route 6.341ns (54.667%))
  Logic Levels:           19  (CARRY4=13 DSP48E1=1 LUT4=2 LUT5=1 LUT6=2)
  Clock Path Skew:        -0.093ns (DCD - SCD + CPR)
    Destination Clock Delay (DCD):    1.247ns = ( 164.007 - 162.760 ) 
    Source Clock Delay      (SCD):    1.346ns
    Clock Pessimism Removal (CPR):    0.006ns
  Clock Uncertainty:      0.035ns  ((TSJ^2 + TIJ^2)^1/2 + DJ) / 2 + PE
    Total System Jitter     (TSJ):    0.071ns
    Total Input Jitter      (TIJ):    0.000ns
    Discrete Jitter          (DJ):    0.000ns
    Phase Error              (PE):    0.000ns

    Location             Delay type                Incr(ns)  Path(ns)    Netlist Resource(s)
  -------------------------------------------------------------------    -------------------
                         (clock core_clk_6m144 rise edge)
                                                      0.000     0.000 r  
                                                      0.000     0.000 r  clk (IN)
                         net (fo=288, unset)          1.346     1.346    clk
    SLICE_X31Y63         FDRE                                         r  gen_serial_cic_comb.u_cic_interp16_serial_comb_dsp_ce/burst_remaining_reg[0]/C
  -------------------------------------------------------------------    -------------------
    SLICE_X31Y63         FDRE (Prop_fdre_C_Q)         0.379     1.725 f  gen_serial_cic_comb.u_cic_interp16_serial_comb_dsp_ce/burst_remaining_reg[0]/Q
                         net (fo=6, routed)           0.716     2.441    gen_serial_cic_comb.u_cic_interp16_serial_comb_dsp_ce/burst_remaining_reg_n_0_[0]
    SLICE_X31Y63         LUT6 (Prop_lut6_I2_O)        0.105     2.546 r  interp128_all2x_LUT6/O
                         net (fo=51, routed)          1.494     4.040    interp128_all2x_net
    SLICE_X34Y58         LUT4 (Prop_lut4_I3_O)        0.105     4.145 r  interp128_all2x_LUT4_2/O
                         net (fo=2, routed)           0.368     4.512    gen_first_integrator_carry_for_comb_dsp.first_integrator_sum_carry_i_3_n_0
    SLICE_X33Y57         CARRY4 (Prop_carry4_S[1]_CO[3])
                                                      0.562     5.074 r  gen_serial_cic_comb.u_cic_interp16_serial_comb_dsp_ce/gen_first_integrator_carry_for_comb_dsp.first_integrator_sum_carry/CO[3]
                         net (fo=1, routed)           0.000     5.074    gen_serial_cic_comb.u_cic_interp16_serial_comb_dsp_ce/gen_first_integrator_carry_for_comb_dsp.first_integrator_sum_carry_n_0
    SLICE_X33Y58         CARRY4 (Prop_carry4_CI_CO[3])
                                                      0.098     5.172 r  gen_serial_cic_comb.u_cic_interp16_serial_comb_dsp_ce/gen_first_integrator_carry_for_comb_dsp.first_integrator_sum_carry__0/CO[3]
                         net (fo=1, routed)           0.000     5.172    gen_serial_cic_comb.u_cic_interp16_serial_comb_dsp_ce/gen_first_integrator_carry_for_comb_dsp.first_integrator_sum_carry__0_n_0
    SLICE_X33Y59         CARRY4 (Prop_carry4_CI_CO[3])
                                                      0.098     5.270 r  gen_serial_cic_comb.u_cic_interp16_serial_comb_dsp_ce/gen_first_integrator_carry_for_comb_dsp.first_integrator_sum_carry__1/CO[3]
                         net (fo=1, routed)           0.000     5.270    gen_serial_cic_comb.u_cic_interp16_serial_comb_dsp_ce/gen_first_integrator_carry_for_comb_dsp.first_integrator_sum_carry__1_n_0
    SLICE_X33Y60         CARRY4 (Prop_carry4_CI_CO[3])
                                                      0.098     5.368 r  gen_serial_cic_comb.u_cic_interp16_serial_comb_dsp_ce/gen_first_integrator_carry_for_comb_dsp.first_integrator_sum_carry__2/CO[3]
                         net (fo=1, routed)           0.000     5.368    gen_serial_cic_comb.u_cic_interp16_serial_comb_dsp_ce/gen_first_integrator_carry_for_comb_dsp.first_integrator_sum_carry__2_n_0
    SLICE_X33Y61         CARRY4 (Prop_carry4_CI_CO[3])
                                                      0.098     5.466 r  gen_serial_cic_comb.u_cic_interp16_serial_comb_dsp_ce/gen_first_integrator_carry_for_comb_dsp.first_integrator_sum_carry__3/CO[3]
                         net (fo=1, routed)           0.000     5.466    gen_serial_cic_comb.u_cic_interp16_serial_comb_dsp_ce/gen_first_integrator_carry_for_comb_dsp.first_integrator_sum_carry__3_n_0
    SLICE_X33Y62         CARRY4 (Prop_carry4_CI_CO[3])
                                                      0.098     5.564 r  gen_serial_cic_comb.u_cic_interp16_serial_comb_dsp_ce/gen_first_integrator_carry_for_comb_dsp.first_integrator_sum_carry__4/CO[3]
                         net (fo=1, routed)           0.000     5.564    gen_serial_cic_comb.u_cic_interp16_serial_comb_dsp_ce/gen_first_integrator_carry_for_comb_dsp.first_integrator_sum_carry__4_n_0
    SLICE_X33Y63         CARRY4 (Prop_carry4_CI_O[1])
                                                      0.265     5.829 r  gen_serial_cic_comb.u_cic_interp16_serial_comb_dsp_ce/gen_first_integrator_carry_for_comb_dsp.first_integrator_sum_carry__5/O[1]
                         net (fo=23, routed)          1.603     7.432    final_input_rounded[25]
    DSP48_X1Y22          DSP48E1 (Prop_dsp48e1_A[23]_P[28])
                                                      1.889     9.321 r  gen_serial_cic_comb.u_cic_interp16_serial_comb_dsp_ce/gen_final_integrator_dsp.final_integrator_sum/P[28]
                         net (fo=22, routed)          0.964    10.285    gen_serial_cic_comb.u_cic_interp16_serial_comb_dsp_ce/gen_final_integrator_dsp.final_integrator_sum_n_77
    SLICE_X54Y55         LUT5 (Prop_lut5_I0_O)        0.105    10.390 r  interp128_all2x_LUT5_26/O
                         net (fo=1, routed)           0.327    10.717    interp128_all2x_net_18
    SLICE_X54Y56         LUT6 (Prop_lut6_I5_O)        0.105    10.822 r  interp128_all2x_LUT6_17/O
                         net (fo=1, routed)           0.000    10.822    rounded_value_carry_i_1__0_n_0
    SLICE_X54Y56         CARRY4 (Prop_carry4_S[0]_CO[3])
                                                      0.423    11.245 r  gen_serial_cic_comb.u_cic_interp16_serial_comb_dsp_ce/u_round_cic_normalized_output/rounded_value_carry/CO[3]
                         net (fo=1, routed)           0.000    11.245    gen_serial_cic_comb.u_cic_interp16_serial_comb_dsp_ce/u_round_cic_normalized_output/rounded_value_carry_n_0
    SLICE_X54Y57         CARRY4 (Prop_carry4_CI_CO[3])
                                                      0.100    11.345 r  gen_serial_cic_comb.u_cic_interp16_serial_comb_dsp_ce/u_round_cic_normalized_output/rounded_value_carry__0/CO[3]
                         net (fo=1, routed)           0.000    11.345    gen_serial_cic_comb.u_cic_interp16_serial_comb_dsp_ce/u_round_cic_normalized_output/rounded_value_carry__0_n_0
    SLICE_X54Y58         CARRY4 (Prop_carry4_CI_CO[3])
                                                      0.100    11.445 r  gen_serial_cic_comb.u_cic_interp16_serial_comb_dsp_ce/u_round_cic_normalized_output/rounded_value_carry__1/CO[3]
                         net (fo=1, routed)           0.000    11.445    gen_serial_cic_comb.u_cic_interp16_serial_comb_dsp_ce/u_round_cic_normalized_output/rounded_value_carry__1_n_0
    SLICE_X54Y59         CARRY4 (Prop_carry4_CI_CO[3])
                                                      0.100    11.545 r  gen_serial_cic_comb.u_cic_interp16_serial_comb_dsp_ce/u_round_cic_normalized_output/rounded_value_carry__2/CO[3]
                         net (fo=1, routed)           0.000    11.545    gen_serial_cic_comb.u_cic_interp16_serial_comb_dsp_ce/u_round_cic_normalized_output/rounded_value_carry__2_n_0
    SLICE_X54Y60         CARRY4 (Prop_carry4_CI_CO[3])
                                                      0.100    11.645 r  gen_serial_cic_comb.u_cic_interp16_serial_comb_dsp_ce/u_round_cic_normalized_output/rounded_value_carry__3/CO[3]
                         net (fo=1, routed)           0.000    11.645    gen_serial_cic_comb.u_cic_interp16_serial_comb_dsp_ce/u_round_cic_normalized_output/rounded_value_carry__3_n_0
    SLICE_X54Y61         CARRY4 (Prop_carry4_CI_O[0])
                                                      0.178    11.823 r  gen_serial_cic_comb.u_cic_interp16_serial_comb_dsp_ce/u_round_cic_normalized_output/rounded_value_carry__4/O[0]
                         net (fo=19, routed)          0.869    12.693    gen_serial_cic_comb.u_cic_interp16_serial_comb_dsp_ce/u_round_cic_normalized_output/rounded_value_carry__4_n_7
    SLICE_X55Y59         LUT4 (Prop_lut4_I1_O)        0.252    12.945 r  y_out[14]_i_1__0/O
                         net (fo=1, routed)           0.000    12.945    normalized_output[14]
    SLICE_X55Y59         FDRE                                         r  gen_serial_cic_comb.u_cic_interp16_serial_comb_dsp_ce/y_out_reg[14]/D
  -------------------------------------------------------------------    -------------------

                         (clock core_clk_6m144 rise edge)
                                                    162.760   162.760 r  
                                                      0.000   162.760 r  clk (IN)
                         net (fo=288, unset)          1.247   164.007    clk
    SLICE_X55Y59         FDRE                                         r  gen_serial_cic_comb.u_cic_interp16_serial_comb_dsp_ce/y_out_reg[14]/C
                         clock pessimism              0.006   164.013    
                         clock uncertainty           -0.035   163.978    
    SLICE_X55Y59         FDRE (Setup_fdre_C_D)        0.069   164.047    gen_serial_cic_comb.u_cic_interp16_serial_comb_dsp_ce/y_out_reg[14]
  -------------------------------------------------------------------
                         required time                        164.047    
                         arrival time                         -12.945    
  -------------------------------------------------------------------
                         slack                                151.102    

Slack (MET) :             151.130ns  (required time - arrival time)
  Source:                 gen_serial_cic_comb.u_cic_interp16_serial_comb_dsp_ce/burst_remaining_reg[0]/C
                            (rising edge-triggered cell FDRE clocked by core_clk_6m144  {rise@0.000ns fall@81.380ns period=162.760ns})
  Destination:            gen_serial_cic_comb.u_cic_interp16_serial_comb_dsp_ce/y_out_reg[10]/D
                            (rising edge-triggered cell FDRE clocked by core_clk_6m144  {rise@0.000ns fall@81.380ns period=162.760ns})
  Path Group:             core_clk_6m144
  Path Type:              Setup (Max at Slow Process Corner)
  Requirement:            162.760ns  (core_clk_6m144 rise@162.760ns - core_clk_6m144 rise@0.000ns)
  Data Path Delay:        11.532ns  (logic 5.244ns (45.475%)  route 6.288ns (54.525%))
  Logic Levels:           19  (CARRY4=13 DSP48E1=1 LUT4=2 LUT5=1 LUT6=2)
  Clock Path Skew:        -0.093ns (DCD - SCD + CPR)
    Destination Clock Delay (DCD):    1.247ns = ( 164.007 - 162.760 ) 
    Source Clock Delay      (SCD):    1.346ns
    Clock Pessimism Removal (CPR):    0.006ns
  Clock Uncertainty:      0.035ns  ((TSJ^2 + TIJ^2)^1/2 + DJ) / 2 + PE
    Total System Jitter     (TSJ):    0.071ns
    Total Input Jitter      (TIJ):    0.000ns
    Discrete Jitter          (DJ):    0.000ns
    Phase Error              (PE):    0.000ns

    Location             Delay type                Incr(ns)  Path(ns)    Netlist Resource(s)
  -------------------------------------------------------------------    -------------------
                         (clock core_clk_6m144 rise edge)
                                                      0.000     0.000 r  
                                                      0.000     0.000 r  clk (IN)
                         net (fo=288, unset)          1.346     1.346    clk
    SLICE_X31Y63         FDRE                                         r  gen_serial_cic_comb.u_cic_interp16_serial_comb_dsp_ce/burst_remaining_reg[0]/C
  -------------------------------------------------------------------    -------------------
    SLICE_X31Y63         FDRE (Prop_fdre_C_Q)         0.379     1.725 f  gen_serial_cic_comb.u_cic_interp16_serial_comb_dsp_ce/burst_remaining_reg[0]/Q
                         net (fo=6, routed)           0.716     2.441    gen_serial_cic_comb.u_cic_interp16_serial_comb_dsp_ce/burst_remaining_reg_n_0_[0]
    SLICE_X31Y63         LUT6 (Prop_lut6_I2_O)        0.105     2.546 r  interp128_all2x_LUT6/O
                         net (fo=51, routed)          1.494     4.040    interp128_all2x_net
    SLICE_X34Y58         LUT4 (Prop_lut4_I3_O)        0.105     4.145 r  interp128_all2x_LUT4_2/O
                         net (fo=2, routed)           0.368     4.512    gen_first_integrator_carry_for_comb_dsp.first_integrator_sum_carry_i_3_n_0
    SLICE_X33Y57         CARRY4 (Prop_carry4_S[1]_CO[3])
                                                      0.562     5.074 r  gen_serial_cic_comb.u_cic_interp16_serial_comb_dsp_ce/gen_first_integrator_carry_for_comb_dsp.first_integrator_sum_carry/CO[3]
                         net (fo=1, routed)           0.000     5.074    gen_serial_cic_comb.u_cic_interp16_serial_comb_dsp_ce/gen_first_integrator_carry_for_comb_dsp.first_integrator_sum_carry_n_0
    SLICE_X33Y58         CARRY4 (Prop_carry4_CI_CO[3])
                                                      0.098     5.172 r  gen_serial_cic_comb.u_cic_interp16_serial_comb_dsp_ce/gen_first_integrator_carry_for_comb_dsp.first_integrator_sum_carry__0/CO[3]
                         net (fo=1, routed)           0.000     5.172    gen_serial_cic_comb.u_cic_interp16_serial_comb_dsp_ce/gen_first_integrator_carry_for_comb_dsp.first_integrator_sum_carry__0_n_0
    SLICE_X33Y59         CARRY4 (Prop_carry4_CI_CO[3])
                                                      0.098     5.270 r  gen_serial_cic_comb.u_cic_interp16_serial_comb_dsp_ce/gen_first_integrator_carry_for_comb_dsp.first_integrator_sum_carry__1/CO[3]
                         net (fo=1, routed)           0.000     5.270    gen_serial_cic_comb.u_cic_interp16_serial_comb_dsp_ce/gen_first_integrator_carry_for_comb_dsp.first_integrator_sum_carry__1_n_0
    SLICE_X33Y60         CARRY4 (Prop_carry4_CI_CO[3])
                                                      0.098     5.368 r  gen_serial_cic_comb.u_cic_interp16_serial_comb_dsp_ce/gen_first_integrator_carry_for_comb_dsp.first_integrator_sum_carry__2/CO[3]
                         net (fo=1, routed)           0.000     5.368    gen_serial_cic_comb.u_cic_interp16_serial_comb_dsp_ce/gen_first_integrator_carry_for_comb_dsp.first_integrator_sum_carry__2_n_0
    SLICE_X33Y61         CARRY4 (Prop_carry4_CI_CO[3])
                                                      0.098     5.466 r  gen_serial_cic_comb.u_cic_interp16_serial_comb_dsp_ce/gen_first_integrator_carry_for_comb_dsp.first_integrator_sum_carry__3/CO[3]
                         net (fo=1, routed)           0.000     5.466    gen_serial_cic_comb.u_cic_interp16_serial_comb_dsp_ce/gen_first_integrator_carry_for_comb_dsp.first_integrator_sum_carry__3_n_0
    SLICE_X33Y62         CARRY4 (Prop_carry4_CI_CO[3])
                                                      0.098     5.564 r  gen_serial_cic_comb.u_cic_interp16_serial_comb_dsp_ce/gen_first_integrator_carry_for_comb_dsp.first_integrator_sum_carry__4/CO[3]
                         net (fo=1, routed)           0.000     5.564    gen_serial_cic_comb.u_cic_interp16_serial_comb_dsp_ce/gen_first_integrator_carry_for_comb_dsp.first_integrator_sum_carry__4_n_0
    SLICE_X33Y63         CARRY4 (Prop_carry4_CI_O[1])
                                                      0.265     5.829 r  gen_serial_cic_comb.u_cic_interp16_serial_comb_dsp_ce/gen_first_integrator_carry_for_comb_dsp.first_integrator_sum_carry__5/O[1]
                         net (fo=23, routed)          1.603     7.432    final_input_rounded[25]
    DSP48_X1Y22          DSP48E1 (Prop_dsp48e1_A[23]_P[28])
                                                      1.889     9.321 r  gen_serial_cic_comb.u_cic_interp16_serial_comb_dsp_ce/gen_final_integrator_dsp.final_integrator_sum/P[28]
                         net (fo=22, routed)          0.964    10.285    gen_serial_cic_comb.u_cic_interp16_serial_comb_dsp_ce/gen_final_integrator_dsp.final_integrator_sum_n_77
    SLICE_X54Y55         LUT5 (Prop_lut5_I0_O)        0.105    10.390 r  interp128_all2x_LUT5_26/O
                         net (fo=1, routed)           0.327    10.717    interp128_all2x_net_18
    SLICE_X54Y56         LUT6 (Prop_lut6_I5_O)        0.105    10.822 r  interp128_all2x_LUT6_17/O
                         net (fo=1, routed)           0.000    10.822    rounded_value_carry_i_1__0_n_0
    SLICE_X54Y56         CARRY4 (Prop_carry4_S[0]_CO[3])
                                                      0.423    11.245 r  gen_serial_cic_comb.u_cic_interp16_serial_comb_dsp_ce/u_round_cic_normalized_output/rounded_value_carry/CO[3]
                         net (fo=1, routed)           0.000    11.245    gen_serial_cic_comb.u_cic_interp16_serial_comb_dsp_ce/u_round_cic_normalized_output/rounded_value_carry_n_0
    SLICE_X54Y57         CARRY4 (Prop_carry4_CI_CO[3])
                                                      0.100    11.345 r  gen_serial_cic_comb.u_cic_interp16_serial_comb_dsp_ce/u_round_cic_normalized_output/rounded_value_carry__0/CO[3]
                         net (fo=1, routed)           0.000    11.345    gen_serial_cic_comb.u_cic_interp16_serial_comb_dsp_ce/u_round_cic_normalized_output/rounded_value_carry__0_n_0
    SLICE_X54Y58         CARRY4 (Prop_carry4_CI_CO[3])
                                                      0.100    11.445 r  gen_serial_cic_comb.u_cic_interp16_serial_comb_dsp_ce/u_round_cic_normalized_output/rounded_value_carry__1/CO[3]
                         net (fo=1, routed)           0.000    11.445    gen_serial_cic_comb.u_cic_interp16_serial_comb_dsp_ce/u_round_cic_normalized_output/rounded_value_carry__1_n_0
    SLICE_X54Y59         CARRY4 (Prop_carry4_CI_CO[3])
                                                      0.100    11.545 r  gen_serial_cic_comb.u_cic_interp16_serial_comb_dsp_ce/u_round_cic_normalized_output/rounded_value_carry__2/CO[3]
                         net (fo=1, routed)           0.000    11.545    gen_serial_cic_comb.u_cic_interp16_serial_comb_dsp_ce/u_round_cic_normalized_output/rounded_value_carry__2_n_0
    SLICE_X54Y60         CARRY4 (Prop_carry4_CI_CO[3])
                                                      0.100    11.645 r  gen_serial_cic_comb.u_cic_interp16_serial_comb_dsp_ce/u_round_cic_normalized_output/rounded_value_carry__3/CO[3]
                         net (fo=1, routed)           0.000    11.645    gen_serial_cic_comb.u_cic_interp16_serial_comb_dsp_ce/u_round_cic_normalized_output/rounded_value_carry__3_n_0
    SLICE_X54Y61         CARRY4 (Prop_carry4_CI_O[0])
                                                      0.178    11.823 r  gen_serial_cic_comb.u_cic_interp16_serial_comb_dsp_ce/u_round_cic_normalized_output/rounded_value_carry__4/O[0]
                         net (fo=19, routed)          0.816    12.640    gen_serial_cic_comb.u_cic_interp16_serial_comb_dsp_ce/u_round_cic_normalized_output/rounded_value_carry__4_n_7
    SLICE_X55Y58         LUT4 (Prop_lut4_I1_O)        0.238    12.878 r  y_out[10]_i_1__0/O
                         net (fo=1, routed)           0.000    12.878    normalized_output[10]
    SLICE_X55Y58         FDRE                                         r  gen_serial_cic_comb.u_cic_interp16_serial_comb_dsp_ce/y_out_reg[10]/D
  -------------------------------------------------------------------    -------------------

                         (clock core_clk_6m144 rise edge)
                                                    162.760   162.760 r  
                                                      0.000   162.760 r  clk (IN)
                         net (fo=288, unset)          1.247   164.007    clk
    SLICE_X55Y58         FDRE                                         r  gen_serial_cic_comb.u_cic_interp16_serial_comb_dsp_ce/y_out_reg[10]/C
                         clock pessimism              0.006   164.013    
                         clock uncertainty           -0.035   163.978    
    SLICE_X55Y58         FDRE (Setup_fdre_C_D)        0.030   164.008    gen_serial_cic_comb.u_cic_interp16_serial_comb_dsp_ce/y_out_reg[10]
  -------------------------------------------------------------------
                         required time                        164.008    
                         arrival time                         -12.878    
  -------------------------------------------------------------------
                         slack                                151.130    

Slack (MET) :             151.132ns  (required time - arrival time)
  Source:                 gen_serial_cic_comb.u_cic_interp16_serial_comb_dsp_ce/burst_remaining_reg[0]/C
                            (rising edge-triggered cell FDRE clocked by core_clk_6m144  {rise@0.000ns fall@81.380ns period=162.760ns})
  Destination:            gen_serial_cic_comb.u_cic_interp16_serial_comb_dsp_ce/y_out_reg[7]/D
                            (rising edge-triggered cell FDRE clocked by core_clk_6m144  {rise@0.000ns fall@81.380ns period=162.760ns})
  Path Group:             core_clk_6m144
  Path Type:              Setup (Max at Slow Process Corner)
  Requirement:            162.760ns  (core_clk_6m144 rise@162.760ns - core_clk_6m144 rise@0.000ns)
  Data Path Delay:        11.532ns  (logic 5.244ns (45.475%)  route 6.288ns (54.525%))
  Logic Levels:           19  (CARRY4=13 DSP48E1=1 LUT4=2 LUT5=1 LUT6=2)
  Clock Path Skew:        -0.093ns (DCD - SCD + CPR)
    Destination Clock Delay (DCD):    1.247ns = ( 164.007 - 162.760 ) 
    Source Clock Delay      (SCD):    1.346ns
    Clock Pessimism Removal (CPR):    0.006ns
  Clock Uncertainty:      0.035ns  ((TSJ^2 + TIJ^2)^1/2 + DJ) / 2 + PE
    Total System Jitter     (TSJ):    0.071ns
    Total Input Jitter      (TIJ):    0.000ns
    Discrete Jitter          (DJ):    0.000ns
    Phase Error              (PE):    0.000ns

    Location             Delay type                Incr(ns)  Path(ns)    Netlist Resource(s)
  -------------------------------------------------------------------    -------------------
                         (clock core_clk_6m144 rise edge)
                                                      0.000     0.000 r  
                                                      0.000     0.000 r  clk (IN)
                         net (fo=288, unset)          1.346     1.346    clk
    SLICE_X31Y63         FDRE                                         r  gen_serial_cic_comb.u_cic_interp16_serial_comb_dsp_ce/burst_remaining_reg[0]/C
  -------------------------------------------------------------------    -------------------
    SLICE_X31Y63         FDRE (Prop_fdre_C_Q)         0.379     1.725 f  gen_serial_cic_comb.u_cic_interp16_serial_comb_dsp_ce/burst_remaining_reg[0]/Q
                         net (fo=6, routed)           0.716     2.441    gen_serial_cic_comb.u_cic_interp16_serial_comb_dsp_ce/burst_remaining_reg_n_0_[0]
    SLICE_X31Y63         LUT6 (Prop_lut6_I2_O)        0.105     2.546 r  interp128_all2x_LUT6/O
                         net (fo=51, routed)          1.494     4.040    interp128_all2x_net
    SLICE_X34Y58         LUT4 (Prop_lut4_I3_O)        0.105     4.145 r  interp128_all2x_LUT4_2/O
                         net (fo=2, routed)           0.368     4.512    gen_first_integrator_carry_for_comb_dsp.first_integrator_sum_carry_i_3_n_0
    SLICE_X33Y57         CARRY4 (Prop_carry4_S[1]_CO[3])
                                                      0.562     5.074 r  gen_serial_cic_comb.u_cic_interp16_serial_comb_dsp_ce/gen_first_integrator_carry_for_comb_dsp.first_integrator_sum_carry/CO[3]
                         net (fo=1, routed)           0.000     5.074    gen_serial_cic_comb.u_cic_interp16_serial_comb_dsp_ce/gen_first_integrator_carry_for_comb_dsp.first_integrator_sum_carry_n_0
    SLICE_X33Y58         CARRY4 (Prop_carry4_CI_CO[3])
                                                      0.098     5.172 r  gen_serial_cic_comb.u_cic_interp16_serial_comb_dsp_ce/gen_first_integrator_carry_for_comb_dsp.first_integrator_sum_carry__0/CO[3]
                         net (fo=1, routed)           0.000     5.172    gen_serial_cic_comb.u_cic_interp16_serial_comb_dsp_ce/gen_first_integrator_carry_for_comb_dsp.first_integrator_sum_carry__0_n_0
    SLICE_X33Y59         CARRY4 (Prop_carry4_CI_CO[3])
                                                      0.098     5.270 r  gen_serial_cic_comb.u_cic_interp16_serial_comb_dsp_ce/gen_first_integrator_carry_for_comb_dsp.first_integrator_sum_carry__1/CO[3]
                         net (fo=1, routed)           0.000     5.270    gen_serial_cic_comb.u_cic_interp16_serial_comb_dsp_ce/gen_first_integrator_carry_for_comb_dsp.first_integrator_sum_carry__1_n_0
    SLICE_X33Y60         CARRY4 (Prop_carry4_CI_CO[3])
                                                      0.098     5.368 r  gen_serial_cic_comb.u_cic_interp16_serial_comb_dsp_ce/gen_first_integrator_carry_for_comb_dsp.first_integrator_sum_carry__2/CO[3]
                         net (fo=1, routed)           0.000     5.368    gen_serial_cic_comb.u_cic_interp16_serial_comb_dsp_ce/gen_first_integrator_carry_for_comb_dsp.first_integrator_sum_carry__2_n_0
    SLICE_X33Y61         CARRY4 (Prop_carry4_CI_CO[3])
                                                      0.098     5.466 r  gen_serial_cic_comb.u_cic_interp16_serial_comb_dsp_ce/gen_first_integrator_carry_for_comb_dsp.first_integrator_sum_carry__3/CO[3]
                         net (fo=1, routed)           0.000     5.466    gen_serial_cic_comb.u_cic_interp16_serial_comb_dsp_ce/gen_first_integrator_carry_for_comb_dsp.first_integrator_sum_carry__3_n_0
    SLICE_X33Y62         CARRY4 (Prop_carry4_CI_CO[3])
                                                      0.098     5.564 r  gen_serial_cic_comb.u_cic_interp16_serial_comb_dsp_ce/gen_first_integrator_carry_for_comb_dsp.first_integrator_sum_carry__4/CO[3]
                         net (fo=1, routed)           0.000     5.564    gen_serial_cic_comb.u_cic_interp16_serial_comb_dsp_ce/gen_first_integrator_carry_for_comb_dsp.first_integrator_sum_carry__4_n_0
    SLICE_X33Y63         CARRY4 (Prop_carry4_CI_O[1])
                                                      0.265     5.829 r  gen_serial_cic_comb.u_cic_interp16_serial_comb_dsp_ce/gen_first_integrator_carry_for_comb_dsp.first_integrator_sum_carry__5/O[1]
                         net (fo=23, routed)          1.603     7.432    final_input_rounded[25]
    DSP48_X1Y22          DSP48E1 (Prop_dsp48e1_A[23]_P[28])
                                                      1.889     9.321 r  gen_serial_cic_comb.u_cic_interp16_serial_comb_dsp_ce/gen_final_integrator_dsp.final_integrator_sum/P[28]
                         net (fo=22, routed)          0.964    10.285    gen_serial_cic_comb.u_cic_interp16_serial_comb_dsp_ce/gen_final_integrator_dsp.final_integrator_sum_n_77
    SLICE_X54Y55         LUT5 (Prop_lut5_I0_O)        0.105    10.390 r  interp128_all2x_LUT5_26/O
                         net (fo=1, routed)           0.327    10.717    interp128_all2x_net_18
    SLICE_X54Y56         LUT6 (Prop_lut6_I5_O)        0.105    10.822 r  interp128_all2x_LUT6_17/O
                         net (fo=1, routed)           0.000    10.822    rounded_value_carry_i_1__0_n_0
    SLICE_X54Y56         CARRY4 (Prop_carry4_S[0]_CO[3])
                                                      0.423    11.245 r  gen_serial_cic_comb.u_cic_interp16_serial_comb_dsp_ce/u_round_cic_normalized_output/rounded_value_carry/CO[3]
                         net (fo=1, routed)           0.000    11.245    gen_serial_cic_comb.u_cic_interp16_serial_comb_dsp_ce/u_round_cic_normalized_output/rounded_value_carry_n_0
    SLICE_X54Y57         CARRY4 (Prop_carry4_CI_CO[3])
                                                      0.100    11.345 r  gen_serial_cic_comb.u_cic_interp16_serial_comb_dsp_ce/u_round_cic_normalized_output/rounded_value_carry__0/CO[3]
                         net (fo=1, routed)           0.000    11.345    gen_serial_cic_comb.u_cic_interp16_serial_comb_dsp_ce/u_round_cic_normalized_output/rounded_value_carry__0_n_0
    SLICE_X54Y58         CARRY4 (Prop_carry4_CI_CO[3])
                                                      0.100    11.445 r  gen_serial_cic_comb.u_cic_interp16_serial_comb_dsp_ce/u_round_cic_normalized_output/rounded_value_carry__1/CO[3]
                         net (fo=1, routed)           0.000    11.445    gen_serial_cic_comb.u_cic_interp16_serial_comb_dsp_ce/u_round_cic_normalized_output/rounded_value_carry__1_n_0
    SLICE_X54Y59         CARRY4 (Prop_carry4_CI_CO[3])
                                                      0.100    11.545 r  gen_serial_cic_comb.u_cic_interp16_serial_comb_dsp_ce/u_round_cic_normalized_output/rounded_value_carry__2/CO[3]
                         net (fo=1, routed)           0.000    11.545    gen_serial_cic_comb.u_cic_interp16_serial_comb_dsp_ce/u_round_cic_normalized_output/rounded_value_carry__2_n_0
    SLICE_X54Y60         CARRY4 (Prop_carry4_CI_CO[3])
                                                      0.100    11.645 r  gen_serial_cic_comb.u_cic_interp16_serial_comb_dsp_ce/u_round_cic_normalized_output/rounded_value_carry__3/CO[3]
                         net (fo=1, routed)           0.000    11.645    gen_serial_cic_comb.u_cic_interp16_serial_comb_dsp_ce/u_round_cic_normalized_output/rounded_value_carry__3_n_0
    SLICE_X54Y61         CARRY4 (Prop_carry4_CI_O[0])
                                                      0.178    11.823 r  gen_serial_cic_comb.u_cic_interp16_serial_comb_dsp_ce/u_round_cic_normalized_output/rounded_value_carry__4/O[0]
                         net (fo=19, routed)          0.816    12.640    gen_serial_cic_comb.u_cic_interp16_serial_comb_dsp_ce/u_round_cic_normalized_output/rounded_value_carry__4_n_7
    SLICE_X55Y58         LUT4 (Prop_lut4_I1_O)        0.238    12.878 r  y_out[7]_i_1__0/O
                         net (fo=1, routed)           0.000    12.878    normalized_output[7]
    SLICE_X55Y58         FDRE                                         r  gen_serial_cic_comb.u_cic_interp16_serial_comb_dsp_ce/y_out_reg[7]/D
  -------------------------------------------------------------------    -------------------

                         (clock core_clk_6m144 rise edge)
                                                    162.760   162.760 r  
                                                      0.000   162.760 r  clk (IN)
                         net (fo=288, unset)          1.247   164.007    clk
    SLICE_X55Y58         FDRE                                         r  gen_serial_cic_comb.u_cic_interp16_serial_comb_dsp_ce/y_out_reg[7]/C
                         clock pessimism              0.006   164.013    
                         clock uncertainty           -0.035   163.978    
    SLICE_X55Y58         FDRE (Setup_fdre_C_D)        0.032   164.010    gen_serial_cic_comb.u_cic_interp16_serial_comb_dsp_ce/y_out_reg[7]
  -------------------------------------------------------------------
                         required time                        164.010    
                         arrival time                         -12.878    
  -------------------------------------------------------------------
                         slack                                151.132    

Slack (MET) :             151.155ns  (required time - arrival time)
  Source:                 gen_serial_cic_comb.u_cic_interp16_serial_comb_dsp_ce/burst_remaining_reg[0]/C
                            (rising edge-triggered cell FDRE clocked by core_clk_6m144  {rise@0.000ns fall@81.380ns period=162.760ns})
  Destination:            gen_serial_cic_comb.u_cic_interp16_serial_comb_dsp_ce/y_out_reg[8]/D
                            (rising edge-triggered cell FDRE clocked by core_clk_6m144  {rise@0.000ns fall@81.380ns period=162.760ns})
  Path Group:             core_clk_6m144
  Path Type:              Setup (Max at Slow Process Corner)
  Requirement:            162.760ns  (core_clk_6m144 rise@162.760ns - core_clk_6m144 rise@0.000ns)
  Data Path Delay:        11.546ns  (logic 5.258ns (45.541%)  route 6.288ns (54.459%))
  Logic Levels:           19  (CARRY4=13 DSP48E1=1 LUT4=2 LUT5=1 LUT6=2)
  Clock Path Skew:        -0.093ns (DCD - SCD + CPR)
    Destination Clock Delay (DCD):    1.247ns = ( 164.007 - 162.760 ) 
    Source Clock Delay      (SCD):    1.346ns
    Clock Pessimism Removal (CPR):    0.006ns
  Clock Uncertainty:      0.035ns  ((TSJ^2 + TIJ^2)^1/2 + DJ) / 2 + PE
    Total System Jitter     (TSJ):    0.071ns
    Total Input Jitter      (TIJ):    0.000ns
    Discrete Jitter          (DJ):    0.000ns
    Phase Error              (PE):    0.000ns

    Location             Delay type                Incr(ns)  Path(ns)    Netlist Resource(s)
  -------------------------------------------------------------------    -------------------
                         (clock core_clk_6m144 rise edge)
                                                      0.000     0.000 r  
                                                      0.000     0.000 r  clk (IN)
                         net (fo=288, unset)          1.346     1.346    clk
    SLICE_X31Y63         FDRE                                         r  gen_serial_cic_comb.u_cic_interp16_serial_comb_dsp_ce/burst_remaining_reg[0]/C
  -------------------------------------------------------------------    -------------------
    SLICE_X31Y63         FDRE (Prop_fdre_C_Q)         0.379     1.725 f  gen_serial_cic_comb.u_cic_interp16_serial_comb_dsp_ce/burst_remaining_reg[0]/Q
                         net (fo=6, routed)           0.716     2.441    gen_serial_cic_comb.u_cic_interp16_serial_comb_dsp_ce/burst_remaining_reg_n_0_[0]
    SLICE_X31Y63         LUT6 (Prop_lut6_I2_O)        0.105     2.546 r  interp128_all2x_LUT6/O
                         net (fo=51, routed)          1.494     4.040    interp128_all2x_net
    SLICE_X34Y58         LUT4 (Prop_lut4_I3_O)        0.105     4.145 r  interp128_all2x_LUT4_2/O
                         net (fo=2, routed)           0.368     4.512    gen_first_integrator_carry_for_comb_dsp.first_integrator_sum_carry_i_3_n_0
    SLICE_X33Y57         CARRY4 (Prop_carry4_S[1]_CO[3])
                                                      0.562     5.074 r  gen_serial_cic_comb.u_cic_interp16_serial_comb_dsp_ce/gen_first_integrator_carry_for_comb_dsp.first_integrator_sum_carry/CO[3]
                         net (fo=1, routed)           0.000     5.074    gen_serial_cic_comb.u_cic_interp16_serial_comb_dsp_ce/gen_first_integrator_carry_for_comb_dsp.first_integrator_sum_carry_n_0
    SLICE_X33Y58         CARRY4 (Prop_carry4_CI_CO[3])
                                                      0.098     5.172 r  gen_serial_cic_comb.u_cic_interp16_serial_comb_dsp_ce/gen_first_integrator_carry_for_comb_dsp.first_integrator_sum_carry__0/CO[3]
                         net (fo=1, routed)           0.000     5.172    gen_serial_cic_comb.u_cic_interp16_serial_comb_dsp_ce/gen_first_integrator_carry_for_comb_dsp.first_integrator_sum_carry__0_n_0
    SLICE_X33Y59         CARRY4 (Prop_carry4_CI_CO[3])
                                                      0.098     5.270 r  gen_serial_cic_comb.u_cic_interp16_serial_comb_dsp_ce/gen_first_integrator_carry_for_comb_dsp.first_integrator_sum_carry__1/CO[3]
                         net (fo=1, routed)           0.000     5.270    gen_serial_cic_comb.u_cic_interp16_serial_comb_dsp_ce/gen_first_integrator_carry_for_comb_dsp.first_integrator_sum_carry__1_n_0
    SLICE_X33Y60         CARRY4 (Prop_carry4_CI_CO[3])
                                                      0.098     5.368 r  gen_serial_cic_comb.u_cic_interp16_serial_comb_dsp_ce/gen_first_integrator_carry_for_comb_dsp.first_integrator_sum_carry__2/CO[3]
                         net (fo=1, routed)           0.000     5.368    gen_serial_cic_comb.u_cic_interp16_serial_comb_dsp_ce/gen_first_integrator_carry_for_comb_dsp.first_integrator_sum_carry__2_n_0
    SLICE_X33Y61         CARRY4 (Prop_carry4_CI_CO[3])
                                                      0.098     5.466 r  gen_serial_cic_comb.u_cic_interp16_serial_comb_dsp_ce/gen_first_integrator_carry_for_comb_dsp.first_integrator_sum_carry__3/CO[3]
                         net (fo=1, routed)           0.000     5.466    gen_serial_cic_comb.u_cic_interp16_serial_comb_dsp_ce/gen_first_integrator_carry_for_comb_dsp.first_integrator_sum_carry__3_n_0
    SLICE_X33Y62         CARRY4 (Prop_carry4_CI_CO[3])
                                                      0.098     5.564 r  gen_serial_cic_comb.u_cic_interp16_serial_comb_dsp_ce/gen_first_integrator_carry_for_comb_dsp.first_integrator_sum_carry__4/CO[3]
                         net (fo=1, routed)           0.000     5.564    gen_serial_cic_comb.u_cic_interp16_serial_comb_dsp_ce/gen_first_integrator_carry_for_comb_dsp.first_integrator_sum_carry__4_n_0
    SLICE_X33Y63         CARRY4 (Prop_carry4_CI_O[1])
                                                      0.265     5.829 r  gen_serial_cic_comb.u_cic_interp16_serial_comb_dsp_ce/gen_first_integrator_carry_for_comb_dsp.first_integrator_sum_carry__5/O[1]
                         net (fo=23, routed)          1.603     7.432    final_input_rounded[25]
    DSP48_X1Y22          DSP48E1 (Prop_dsp48e1_A[23]_P[28])
                                                      1.889     9.321 r  gen_serial_cic_comb.u_cic_interp16_serial_comb_dsp_ce/gen_final_integrator_dsp.final_integrator_sum/P[28]
                         net (fo=22, routed)          0.964    10.285    gen_serial_cic_comb.u_cic_interp16_serial_comb_dsp_ce/gen_final_integrator_dsp.final_integrator_sum_n_77
    SLICE_X54Y55         LUT5 (Prop_lut5_I0_O)        0.105    10.390 r  interp128_all2x_LUT5_26/O
                         net (fo=1, routed)           0.327    10.717    interp128_all2x_net_18
    SLICE_X54Y56         LUT6 (Prop_lut6_I5_O)        0.105    10.822 r  interp128_all2x_LUT6_17/O
                         net (fo=1, routed)           0.000    10.822    rounded_value_carry_i_1__0_n_0
    SLICE_X54Y56         CARRY4 (Prop_carry4_S[0]_CO[3])
                                                      0.423    11.245 r  gen_serial_cic_comb.u_cic_interp16_serial_comb_dsp_ce/u_round_cic_normalized_output/rounded_value_carry/CO[3]
                         net (fo=1, routed)           0.000    11.245    gen_serial_cic_comb.u_cic_interp16_serial_comb_dsp_ce/u_round_cic_normalized_output/rounded_value_carry_n_0
    SLICE_X54Y57         CARRY4 (Prop_carry4_CI_CO[3])
                                                      0.100    11.345 r  gen_serial_cic_comb.u_cic_interp16_serial_comb_dsp_ce/u_round_cic_normalized_output/rounded_value_carry__0/CO[3]
                         net (fo=1, routed)           0.000    11.345    gen_serial_cic_comb.u_cic_interp16_serial_comb_dsp_ce/u_round_cic_normalized_output/rounded_value_carry__0_n_0
    SLICE_X54Y58         CARRY4 (Prop_carry4_CI_CO[3])
                                                      0.100    11.445 r  gen_serial_cic_comb.u_cic_interp16_serial_comb_dsp_ce/u_round_cic_normalized_output/rounded_value_carry__1/CO[3]
                         net (fo=1, routed)           0.000    11.445    gen_serial_cic_comb.u_cic_interp16_serial_comb_dsp_ce/u_round_cic_normalized_output/rounded_value_carry__1_n_0
    SLICE_X54Y59         CARRY4 (Prop_carry4_CI_CO[3])
                                                      0.100    11.545 r  gen_serial_cic_comb.u_cic_interp16_serial_comb_dsp_ce/u_round_cic_normalized_output/rounded_value_carry__2/CO[3]
                         net (fo=1, routed)           0.000    11.545    gen_serial_cic_comb.u_cic_interp16_serial_comb_dsp_ce/u_round_cic_normalized_output/rounded_value_carry__2_n_0
    SLICE_X54Y60         CARRY4 (Prop_carry4_CI_CO[3])
                                                      0.100    11.645 r  gen_serial_cic_comb.u_cic_interp16_serial_comb_dsp_ce/u_round_cic_normalized_output/rounded_value_carry__3/CO[3]
                         net (fo=1, routed)           0.000    11.645    gen_serial_cic_comb.u_cic_interp16_serial_comb_dsp_ce/u_round_cic_normalized_output/rounded_value_carry__3_n_0
    SLICE_X54Y61         CARRY4 (Prop_carry4_CI_O[0])
                                                      0.178    11.823 r  gen_serial_cic_comb.u_cic_interp16_serial_comb_dsp_ce/u_round_cic_normalized_output/rounded_value_carry__4/O[0]
                         net (fo=19, routed)          0.816    12.640    gen_serial_cic_comb.u_cic_interp16_serial_comb_dsp_ce/u_round_cic_normalized_output/rounded_value_carry__4_n_7
    SLICE_X55Y58         LUT4 (Prop_lut4_I1_O)        0.252    12.892 r  y_out[8]_i_1__0/O
                         net (fo=1, routed)           0.000    12.892    normalized_output[8]
    SLICE_X55Y58         FDRE                                         r  gen_serial_cic_comb.u_cic_interp16_serial_comb_dsp_ce/y_out_reg[8]/D
  -------------------------------------------------------------------    -------------------

                         (clock core_clk_6m144 rise edge)
                                                    162.760   162.760 r  
                                                      0.000   162.760 r  clk (IN)
                         net (fo=288, unset)          1.247   164.007    clk
    SLICE_X55Y58         FDRE                                         r  gen_serial_cic_comb.u_cic_interp16_serial_comb_dsp_ce/y_out_reg[8]/C
                         clock pessimism              0.006   164.013    
                         clock uncertainty           -0.035   163.978    
    SLICE_X55Y58         FDRE (Setup_fdre_C_D)        0.069   164.047    gen_serial_cic_comb.u_cic_interp16_serial_comb_dsp_ce/y_out_reg[8]
  -------------------------------------------------------------------
                         required time                        164.047    
                         arrival time                         -12.892    
  -------------------------------------------------------------------
                         slack                                151.155    

Slack (MET) :             151.155ns  (required time - arrival time)
  Source:                 gen_serial_cic_comb.u_cic_interp16_serial_comb_dsp_ce/burst_remaining_reg[0]/C
                            (rising edge-triggered cell FDRE clocked by core_clk_6m144  {rise@0.000ns fall@81.380ns period=162.760ns})
  Destination:            gen_serial_cic_comb.u_cic_interp16_serial_comb_dsp_ce/y_out_reg[9]/D
                            (rising edge-triggered cell FDRE clocked by core_clk_6m144  {rise@0.000ns fall@81.380ns period=162.760ns})
  Path Group:             core_clk_6m144
  Path Type:              Setup (Max at Slow Process Corner)
  Requirement:            162.760ns  (core_clk_6m144 rise@162.760ns - core_clk_6m144 rise@0.000ns)
  Data Path Delay:        11.546ns  (logic 5.258ns (45.541%)  route 6.288ns (54.459%))
  Logic Levels:           19  (CARRY4=13 DSP48E1=1 LUT4=2 LUT5=1 LUT6=2)
  Clock Path Skew:        -0.093ns (DCD - SCD + CPR)
    Destination Clock Delay (DCD):    1.247ns = ( 164.007 - 162.760 ) 
    Source Clock Delay      (SCD):    1.346ns
    Clock Pessimism Removal (CPR):    0.006ns
  Clock Uncertainty:      0.035ns  ((TSJ^2 + TIJ^2)^1/2 + DJ) / 2 + PE
    Total System Jitter     (TSJ):    0.071ns
    Total Input Jitter      (TIJ):    0.000ns
    Discrete Jitter          (DJ):    0.000ns
    Phase Error              (PE):    0.000ns

    Location             Delay type                Incr(ns)  Path(ns)    Netlist Resource(s)
  -------------------------------------------------------------------    -------------------
                         (clock core_clk_6m144 rise edge)
                                                      0.000     0.000 r  
                                                      0.000     0.000 r  clk (IN)
                         net (fo=288, unset)          1.346     1.346    clk
    SLICE_X31Y63         FDRE                                         r  gen_serial_cic_comb.u_cic_interp16_serial_comb_dsp_ce/burst_remaining_reg[0]/C
  -------------------------------------------------------------------    -------------------
    SLICE_X31Y63         FDRE (Prop_fdre_C_Q)         0.379     1.725 f  gen_serial_cic_comb.u_cic_interp16_serial_comb_dsp_ce/burst_remaining_reg[0]/Q
                         net (fo=6, routed)           0.716     2.441    gen_serial_cic_comb.u_cic_interp16_serial_comb_dsp_ce/burst_remaining_reg_n_0_[0]
    SLICE_X31Y63         LUT6 (Prop_lut6_I2_O)        0.105     2.546 r  interp128_all2x_LUT6/O
                         net (fo=51, routed)          1.494     4.040    interp128_all2x_net
    SLICE_X34Y58         LUT4 (Prop_lut4_I3_O)        0.105     4.145 r  interp128_all2x_LUT4_2/O
                         net (fo=2, routed)           0.368     4.512    gen_first_integrator_carry_for_comb_dsp.first_integrator_sum_carry_i_3_n_0
    SLICE_X33Y57         CARRY4 (Prop_carry4_S[1]_CO[3])
                                                      0.562     5.074 r  gen_serial_cic_comb.u_cic_interp16_serial_comb_dsp_ce/gen_first_integrator_carry_for_comb_dsp.first_integrator_sum_carry/CO[3]
                         net (fo=1, routed)           0.000     5.074    gen_serial_cic_comb.u_cic_interp16_serial_comb_dsp_ce/gen_first_integrator_carry_for_comb_dsp.first_integrator_sum_carry_n_0
    SLICE_X33Y58         CARRY4 (Prop_carry4_CI_CO[3])
                                                      0.098     5.172 r  gen_serial_cic_comb.u_cic_interp16_serial_comb_dsp_ce/gen_first_integrator_carry_for_comb_dsp.first_integrator_sum_carry__0/CO[3]
                         net (fo=1, routed)           0.000     5.172    gen_serial_cic_comb.u_cic_interp16_serial_comb_dsp_ce/gen_first_integrator_carry_for_comb_dsp.first_integrator_sum_carry__0_n_0
    SLICE_X33Y59         CARRY4 (Prop_carry4_CI_CO[3])
                                                      0.098     5.270 r  gen_serial_cic_comb.u_cic_interp16_serial_comb_dsp_ce/gen_first_integrator_carry_for_comb_dsp.first_integrator_sum_carry__1/CO[3]
                         net (fo=1, routed)           0.000     5.270    gen_serial_cic_comb.u_cic_interp16_serial_comb_dsp_ce/gen_first_integrator_carry_for_comb_dsp.first_integrator_sum_carry__1_n_0
    SLICE_X33Y60         CARRY4 (Prop_carry4_CI_CO[3])
                                                      0.098     5.368 r  gen_serial_cic_comb.u_cic_interp16_serial_comb_dsp_ce/gen_first_integrator_carry_for_comb_dsp.first_integrator_sum_carry__2/CO[3]
                         net (fo=1, routed)           0.000     5.368    gen_serial_cic_comb.u_cic_interp16_serial_comb_dsp_ce/gen_first_integrator_carry_for_comb_dsp.first_integrator_sum_carry__2_n_0
    SLICE_X33Y61         CARRY4 (Prop_carry4_CI_CO[3])
                                                      0.098     5.466 r  gen_serial_cic_comb.u_cic_interp16_serial_comb_dsp_ce/gen_first_integrator_carry_for_comb_dsp.first_integrator_sum_carry__3/CO[3]
                         net (fo=1, routed)           0.000     5.466    gen_serial_cic_comb.u_cic_interp16_serial_comb_dsp_ce/gen_first_integrator_carry_for_comb_dsp.first_integrator_sum_carry__3_n_0
    SLICE_X33Y62         CARRY4 (Prop_carry4_CI_CO[3])
                                                      0.098     5.564 r  gen_serial_cic_comb.u_cic_interp16_serial_comb_dsp_ce/gen_first_integrator_carry_for_comb_dsp.first_integrator_sum_carry__4/CO[3]
                         net (fo=1, routed)           0.000     5.564    gen_serial_cic_comb.u_cic_interp16_serial_comb_dsp_ce/gen_first_integrator_carry_for_comb_dsp.first_integrator_sum_carry__4_n_0
    SLICE_X33Y63         CARRY4 (Prop_carry4_CI_O[1])
                                                      0.265     5.829 r  gen_serial_cic_comb.u_cic_interp16_serial_comb_dsp_ce/gen_first_integrator_carry_for_comb_dsp.first_integrator_sum_carry__5/O[1]
                         net (fo=23, routed)          1.603     7.432    final_input_rounded[25]
    DSP48_X1Y22          DSP48E1 (Prop_dsp48e1_A[23]_P[28])
                                                      1.889     9.321 r  gen_serial_cic_comb.u_cic_interp16_serial_comb_dsp_ce/gen_final_integrator_dsp.final_integrator_sum/P[28]
                         net (fo=22, routed)          0.964    10.285    gen_serial_cic_comb.u_cic_interp16_serial_comb_dsp_ce/gen_final_integrator_dsp.final_integrator_sum_n_77
    SLICE_X54Y55         LUT5 (Prop_lut5_I0_O)        0.105    10.390 r  interp128_all2x_LUT5_26/O
                         net (fo=1, routed)           0.327    10.717    interp128_all2x_net_18
    SLICE_X54Y56         LUT6 (Prop_lut6_I5_O)        0.105    10.822 r  interp128_all2x_LUT6_17/O
                         net (fo=1, routed)           0.000    10.822    rounded_value_carry_i_1__0_n_0
    SLICE_X54Y56         CARRY4 (Prop_carry4_S[0]_CO[3])
                                                      0.423    11.245 r  gen_serial_cic_comb.u_cic_interp16_serial_comb_dsp_ce/u_round_cic_normalized_output/rounded_value_carry/CO[3]
                         net (fo=1, routed)           0.000    11.245    gen_serial_cic_comb.u_cic_interp16_serial_comb_dsp_ce/u_round_cic_normalized_output/rounded_value_carry_n_0
    SLICE_X54Y57         CARRY4 (Prop_carry4_CI_CO[3])
                                                      0.100    11.345 r  gen_serial_cic_comb.u_cic_interp16_serial_comb_dsp_ce/u_round_cic_normalized_output/rounded_value_carry__0/CO[3]
                         net (fo=1, routed)           0.000    11.345    gen_serial_cic_comb.u_cic_interp16_serial_comb_dsp_ce/u_round_cic_normalized_output/rounded_value_carry__0_n_0
    SLICE_X54Y58         CARRY4 (Prop_carry4_CI_CO[3])
                                                      0.100    11.445 r  gen_serial_cic_comb.u_cic_interp16_serial_comb_dsp_ce/u_round_cic_normalized_output/rounded_value_carry__1/CO[3]
                         net (fo=1, routed)           0.000    11.445    gen_serial_cic_comb.u_cic_interp16_serial_comb_dsp_ce/u_round_cic_normalized_output/rounded_value_carry__1_n_0
    SLICE_X54Y59         CARRY4 (Prop_carry4_CI_CO[3])
                                                      0.100    11.545 r  gen_serial_cic_comb.u_cic_interp16_serial_comb_dsp_ce/u_round_cic_normalized_output/rounded_value_carry__2/CO[3]
                         net (fo=1, routed)           0.000    11.545    gen_serial_cic_comb.u_cic_interp16_serial_comb_dsp_ce/u_round_cic_normalized_output/rounded_value_carry__2_n_0
    SLICE_X54Y60         CARRY4 (Prop_carry4_CI_CO[3])
                                                      0.100    11.645 r  gen_serial_cic_comb.u_cic_interp16_serial_comb_dsp_ce/u_round_cic_normalized_output/rounded_value_carry__3/CO[3]
                         net (fo=1, routed)           0.000    11.645    gen_serial_cic_comb.u_cic_interp16_serial_comb_dsp_ce/u_round_cic_normalized_output/rounded_value_carry__3_n_0
    SLICE_X54Y61         CARRY4 (Prop_carry4_CI_O[0])
                                                      0.178    11.823 r  gen_serial_cic_comb.u_cic_interp16_serial_comb_dsp_ce/u_round_cic_normalized_output/rounded_value_carry__4/O[0]
                         net (fo=19, routed)          0.816    12.640    gen_serial_cic_comb.u_cic_interp16_serial_comb_dsp_ce/u_round_cic_normalized_output/rounded_value_carry__4_n_7
    SLICE_X55Y58         LUT4 (Prop_lut4_I1_O)        0.252    12.892 r  y_out[9]_i_1__0/O
                         net (fo=1, routed)           0.000    12.892    normalized_output[9]
    SLICE_X55Y58         FDRE                                         r  gen_serial_cic_comb.u_cic_interp16_serial_comb_dsp_ce/y_out_reg[9]/D
  -------------------------------------------------------------------    -------------------

                         (clock core_clk_6m144 rise edge)
                                                    162.760   162.760 r  
                                                      0.000   162.760 r  clk (IN)
                         net (fo=288, unset)          1.247   164.007    clk
    SLICE_X55Y58         FDRE                                         r  gen_serial_cic_comb.u_cic_interp16_serial_comb_dsp_ce/y_out_reg[9]/C
                         clock pessimism              0.006   164.013    
                         clock uncertainty           -0.035   163.978    
    SLICE_X55Y58         FDRE (Setup_fdre_C_D)        0.069   164.047    gen_serial_cic_comb.u_cic_interp16_serial_comb_dsp_ce/y_out_reg[9]
  -------------------------------------------------------------------
                         required time                        164.047    
                         arrival time                         -12.892    
  -------------------------------------------------------------------
                         slack                                151.155    

Slack (MET) :             151.166ns  (required time - arrival time)
  Source:                 gen_serial_cic_comb.u_cic_interp16_serial_comb_dsp_ce/burst_remaining_reg[0]/C
                            (rising edge-triggered cell FDRE clocked by core_clk_6m144  {rise@0.000ns fall@81.380ns period=162.760ns})
  Destination:            gen_serial_cic_comb.u_cic_interp16_serial_comb_dsp_ce/y_out_reg[3]/D
                            (rising edge-triggered cell FDRE clocked by core_clk_6m144  {rise@0.000ns fall@81.380ns period=162.760ns})
  Path Group:             core_clk_6m144
  Path Type:              Setup (Max at Slow Process Corner)
  Requirement:            162.760ns  (core_clk_6m144 rise@162.760ns - core_clk_6m144 rise@0.000ns)
  Data Path Delay:        11.499ns  (logic 5.244ns (45.606%)  route 6.255ns (54.394%))
  Logic Levels:           19  (CARRY4=13 DSP48E1=1 LUT4=2 LUT5=1 LUT6=2)
  Clock Path Skew:        -0.092ns (DCD - SCD + CPR)
    Destination Clock Delay (DCD):    1.248ns = ( 164.008 - 162.760 ) 
    Source Clock Delay      (SCD):    1.346ns
    Clock Pessimism Removal (CPR):    0.006ns
  Clock Uncertainty:      0.035ns  ((TSJ^2 + TIJ^2)^1/2 + DJ) / 2 + PE
    Total System Jitter     (TSJ):    0.071ns
    Total Input Jitter      (TIJ):    0.000ns
    Discrete Jitter          (DJ):    0.000ns
    Phase Error              (PE):    0.000ns

    Location             Delay type                Incr(ns)  Path(ns)    Netlist Resource(s)
  -------------------------------------------------------------------    -------------------
                         (clock core_clk_6m144 rise edge)
                                                      0.000     0.000 r  
                                                      0.000     0.000 r  clk (IN)
                         net (fo=288, unset)          1.346     1.346    clk
    SLICE_X31Y63         FDRE                                         r  gen_serial_cic_comb.u_cic_interp16_serial_comb_dsp_ce/burst_remaining_reg[0]/C
  -------------------------------------------------------------------    -------------------
    SLICE_X31Y63         FDRE (Prop_fdre_C_Q)         0.379     1.725 f  gen_serial_cic_comb.u_cic_interp16_serial_comb_dsp_ce/burst_remaining_reg[0]/Q
                         net (fo=6, routed)           0.716     2.441    gen_serial_cic_comb.u_cic_interp16_serial_comb_dsp_ce/burst_remaining_reg_n_0_[0]
    SLICE_X31Y63         LUT6 (Prop_lut6_I2_O)        0.105     2.546 r  interp128_all2x_LUT6/O
                         net (fo=51, routed)          1.494     4.040    interp128_all2x_net
    SLICE_X34Y58         LUT4 (Prop_lut4_I3_O)        0.105     4.145 r  interp128_all2x_LUT4_2/O
                         net (fo=2, routed)           0.368     4.512    gen_first_integrator_carry_for_comb_dsp.first_integrator_sum_carry_i_3_n_0
    SLICE_X33Y57         CARRY4 (Prop_carry4_S[1]_CO[3])
                                                      0.562     5.074 r  gen_serial_cic_comb.u_cic_interp16_serial_comb_dsp_ce/gen_first_integrator_carry_for_comb_dsp.first_integrator_sum_carry/CO[3]
                         net (fo=1, routed)           0.000     5.074    gen_serial_cic_comb.u_cic_interp16_serial_comb_dsp_ce/gen_first_integrator_carry_for_comb_dsp.first_integrator_sum_carry_n_0
    SLICE_X33Y58         CARRY4 (Prop_carry4_CI_CO[3])
                                                      0.098     5.172 r  gen_serial_cic_comb.u_cic_interp16_serial_comb_dsp_ce/gen_first_integrator_carry_for_comb_dsp.first_integrator_sum_carry__0/CO[3]
                         net (fo=1, routed)           0.000     5.172    gen_serial_cic_comb.u_cic_interp16_serial_comb_dsp_ce/gen_first_integrator_carry_for_comb_dsp.first_integrator_sum_carry__0_n_0
    SLICE_X33Y59         CARRY4 (Prop_carry4_CI_CO[3])
                                                      0.098     5.270 r  gen_serial_cic_comb.u_cic_interp16_serial_comb_dsp_ce/gen_first_integrator_carry_for_comb_dsp.first_integrator_sum_carry__1/CO[3]
                         net (fo=1, routed)           0.000     5.270    gen_serial_cic_comb.u_cic_interp16_serial_comb_dsp_ce/gen_first_integrator_carry_for_comb_dsp.first_integrator_sum_carry__1_n_0
    SLICE_X33Y60         CARRY4 (Prop_carry4_CI_CO[3])
                                                      0.098     5.368 r  gen_serial_cic_comb.u_cic_interp16_serial_comb_dsp_ce/gen_first_integrator_carry_for_comb_dsp.first_integrator_sum_carry__2/CO[3]
                         net (fo=1, routed)           0.000     5.368    gen_serial_cic_comb.u_cic_interp16_serial_comb_dsp_ce/gen_first_integrator_carry_for_comb_dsp.first_integrator_sum_carry__2_n_0
    SLICE_X33Y61         CARRY4 (Prop_carry4_CI_CO[3])
                                                      0.098     5.466 r  gen_serial_cic_comb.u_cic_interp16_serial_comb_dsp_ce/gen_first_integrator_carry_for_comb_dsp.first_integrator_sum_carry__3/CO[3]
                         net (fo=1, routed)           0.000     5.466    gen_serial_cic_comb.u_cic_interp16_serial_comb_dsp_ce/gen_first_integrator_carry_for_comb_dsp.first_integrator_sum_carry__3_n_0
    SLICE_X33Y62         CARRY4 (Prop_carry4_CI_CO[3])
                                                      0.098     5.564 r  gen_serial_cic_comb.u_cic_interp16_serial_comb_dsp_ce/gen_first_integrator_carry_for_comb_dsp.first_integrator_sum_carry__4/CO[3]
                         net (fo=1, routed)           0.000     5.564    gen_serial_cic_comb.u_cic_interp16_serial_comb_dsp_ce/gen_first_integrator_carry_for_comb_dsp.first_integrator_sum_carry__4_n_0
    SLICE_X33Y63         CARRY4 (Prop_carry4_CI_O[1])
                                                      0.265     5.829 r  gen_serial_cic_comb.u_cic_interp16_serial_comb_dsp_ce/gen_first_integrator_carry_for_comb_dsp.first_integrator_sum_carry__5/O[1]
                         net (fo=23, routed)          1.603     7.432    final_input_rounded[25]
    DSP48_X1Y22          DSP48E1 (Prop_dsp48e1_A[23]_P[28])
                                                      1.889     9.321 r  gen_serial_cic_comb.u_cic_interp16_serial_comb_dsp_ce/gen_final_integrator_dsp.final_integrator_sum/P[28]
                         net (fo=22, routed)          0.964    10.285    gen_serial_cic_comb.u_cic_interp16_serial_comb_dsp_ce/gen_final_integrator_dsp.final_integrator_sum_n_77
    SLICE_X54Y55         LUT5 (Prop_lut5_I0_O)        0.105    10.390 r  interp128_all2x_LUT5_26/O
                         net (fo=1, routed)           0.327    10.717    interp128_all2x_net_18
    SLICE_X54Y56         LUT6 (Prop_lut6_I5_O)        0.105    10.822 r  interp128_all2x_LUT6_17/O
                         net (fo=1, routed)           0.000    10.822    rounded_value_carry_i_1__0_n_0
    SLICE_X54Y56         CARRY4 (Prop_carry4_S[0]_CO[3])
                                                      0.423    11.245 r  gen_serial_cic_comb.u_cic_interp16_serial_comb_dsp_ce/u_round_cic_normalized_output/rounded_value_carry/CO[3]
                         net (fo=1, routed)           0.000    11.245    gen_serial_cic_comb.u_cic_interp16_serial_comb_dsp_ce/u_round_cic_normalized_output/rounded_value_carry_n_0
    SLICE_X54Y57         CARRY4 (Prop_carry4_CI_CO[3])
                                                      0.100    11.345 r  gen_serial_cic_comb.u_cic_interp16_serial_comb_dsp_ce/u_round_cic_normalized_output/rounded_value_carry__0/CO[3]
                         net (fo=1, routed)           0.000    11.345    gen_serial_cic_comb.u_cic_interp16_serial_comb_dsp_ce/u_round_cic_normalized_output/rounded_value_carry__0_n_0
    SLICE_X54Y58         CARRY4 (Prop_carry4_CI_CO[3])
                                                      0.100    11.445 r  gen_serial_cic_comb.u_cic_interp16_serial_comb_dsp_ce/u_round_cic_normalized_output/rounded_value_carry__1/CO[3]
                         net (fo=1, routed)           0.000    11.445    gen_serial_cic_comb.u_cic_interp16_serial_comb_dsp_ce/u_round_cic_normalized_output/rounded_value_carry__1_n_0
    SLICE_X54Y59         CARRY4 (Prop_carry4_CI_CO[3])
                                                      0.100    11.545 r  gen_serial_cic_comb.u_cic_interp16_serial_comb_dsp_ce/u_round_cic_normalized_output/rounded_value_carry__2/CO[3]
                         net (fo=1, routed)           0.000    11.545    gen_serial_cic_comb.u_cic_interp16_serial_comb_dsp_ce/u_round_cic_normalized_output/rounded_value_carry__2_n_0
    SLICE_X54Y60         CARRY4 (Prop_carry4_CI_CO[3])
                                                      0.100    11.645 r  gen_serial_cic_comb.u_cic_interp16_serial_comb_dsp_ce/u_round_cic_normalized_output/rounded_value_carry__3/CO[3]
                         net (fo=1, routed)           0.000    11.645    gen_serial_cic_comb.u_cic_interp16_serial_comb_dsp_ce/u_round_cic_normalized_output/rounded_value_carry__3_n_0
    SLICE_X54Y61         CARRY4 (Prop_carry4_CI_O[0])
                                                      0.178    11.823 r  gen_serial_cic_comb.u_cic_interp16_serial_comb_dsp_ce/u_round_cic_normalized_output/rounded_value_carry__4/O[0]
                         net (fo=19, routed)          0.783    12.607    gen_serial_cic_comb.u_cic_interp16_serial_comb_dsp_ce/u_round_cic_normalized_output/rounded_value_carry__4_n_7
    SLICE_X55Y57         LUT4 (Prop_lut4_I1_O)        0.238    12.845 r  y_out[3]_i_1__0/O
                         net (fo=1, routed)           0.000    12.845    normalized_output[3]
    SLICE_X55Y57         FDRE                                         r  gen_serial_cic_comb.u_cic_interp16_serial_comb_dsp_ce/y_out_reg[3]/D
  -------------------------------------------------------------------    -------------------

                         (clock core_clk_6m144 rise edge)
                                                    162.760   162.760 r  
                                                      0.000   162.760 r  clk (IN)
                         net (fo=288, unset)          1.248   164.008    clk
    SLICE_X55Y57         FDRE                                         r  gen_serial_cic_comb.u_cic_interp16_serial_comb_dsp_ce/y_out_reg[3]/C
                         clock pessimism              0.006   164.014    
                         clock uncertainty           -0.035   163.979    
    SLICE_X55Y57         FDRE (Setup_fdre_C_D)        0.032   164.011    gen_serial_cic_comb.u_cic_interp16_serial_comb_dsp_ce/y_out_reg[3]
  -------------------------------------------------------------------
                         required time                        164.011    
                         arrival time                         -12.845    
  -------------------------------------------------------------------
                         slack                                151.166    

Slack (MET) :             151.181ns  (required time - arrival time)
  Source:                 gen_serial_cic_comb.u_cic_interp16_serial_comb_dsp_ce/burst_remaining_reg[0]/C
                            (rising edge-triggered cell FDRE clocked by core_clk_6m144  {rise@0.000ns fall@81.380ns period=162.760ns})
  Destination:            gen_serial_cic_comb.u_cic_interp16_serial_comb_dsp_ce/y_out_reg[4]/D
                            (rising edge-triggered cell FDRE clocked by core_clk_6m144  {rise@0.000ns fall@81.380ns period=162.760ns})
  Path Group:             core_clk_6m144
  Path Type:              Setup (Max at Slow Process Corner)
  Requirement:            162.760ns  (core_clk_6m144 rise@162.760ns - core_clk_6m144 rise@0.000ns)
  Data Path Delay:        11.521ns  (logic 5.266ns (45.710%)  route 6.255ns (54.290%))
  Logic Levels:           19  (CARRY4=13 DSP48E1=1 LUT4=2 LUT5=1 LUT6=2)
  Clock Path Skew:        -0.092ns (DCD - SCD + CPR)
    Destination Clock Delay (DCD):    1.248ns = ( 164.008 - 162.760 ) 
    Source Clock Delay      (SCD):    1.346ns
    Clock Pessimism Removal (CPR):    0.006ns
  Clock Uncertainty:      0.035ns  ((TSJ^2 + TIJ^2)^1/2 + DJ) / 2 + PE
    Total System Jitter     (TSJ):    0.071ns
    Total Input Jitter      (TIJ):    0.000ns
    Discrete Jitter          (DJ):    0.000ns
    Phase Error              (PE):    0.000ns

    Location             Delay type                Incr(ns)  Path(ns)    Netlist Resource(s)
  -------------------------------------------------------------------    -------------------
                         (clock core_clk_6m144 rise edge)
                                                      0.000     0.000 r  
                                                      0.000     0.000 r  clk (IN)
                         net (fo=288, unset)          1.346     1.346    clk
    SLICE_X31Y63         FDRE                                         r  gen_serial_cic_comb.u_cic_interp16_serial_comb_dsp_ce/burst_remaining_reg[0]/C
  -------------------------------------------------------------------    -------------------
    SLICE_X31Y63         FDRE (Prop_fdre_C_Q)         0.379     1.725 f  gen_serial_cic_comb.u_cic_interp16_serial_comb_dsp_ce/burst_remaining_reg[0]/Q
                         net (fo=6, routed)           0.716     2.441    gen_serial_cic_comb.u_cic_interp16_serial_comb_dsp_ce/burst_remaining_reg_n_0_[0]
    SLICE_X31Y63         LUT6 (Prop_lut6_I2_O)        0.105     2.546 r  interp128_all2x_LUT6/O
                         net (fo=51, routed)          1.494     4.040    interp128_all2x_net
    SLICE_X34Y58         LUT4 (Prop_lut4_I3_O)        0.105     4.145 r  interp128_all2x_LUT4_2/O
                         net (fo=2, routed)           0.368     4.512    gen_first_integrator_carry_for_comb_dsp.first_integrator_sum_carry_i_3_n_0
    SLICE_X33Y57         CARRY4 (Prop_carry4_S[1]_CO[3])
                                                      0.562     5.074 r  gen_serial_cic_comb.u_cic_interp16_serial_comb_dsp_ce/gen_first_integrator_carry_for_comb_dsp.first_integrator_sum_carry/CO[3]
                         net (fo=1, routed)           0.000     5.074    gen_serial_cic_comb.u_cic_interp16_serial_comb_dsp_ce/gen_first_integrator_carry_for_comb_dsp.first_integrator_sum_carry_n_0
    SLICE_X33Y58         CARRY4 (Prop_carry4_CI_CO[3])
                                                      0.098     5.172 r  gen_serial_cic_comb.u_cic_interp16_serial_comb_dsp_ce/gen_first_integrator_carry_for_comb_dsp.first_integrator_sum_carry__0/CO[3]
                         net (fo=1, routed)           0.000     5.172    gen_serial_cic_comb.u_cic_interp16_serial_comb_dsp_ce/gen_first_integrator_carry_for_comb_dsp.first_integrator_sum_carry__0_n_0
    SLICE_X33Y59         CARRY4 (Prop_carry4_CI_CO[3])
                                                      0.098     5.270 r  gen_serial_cic_comb.u_cic_interp16_serial_comb_dsp_ce/gen_first_integrator_carry_for_comb_dsp.first_integrator_sum_carry__1/CO[3]
                         net (fo=1, routed)           0.000     5.270    gen_serial_cic_comb.u_cic_interp16_serial_comb_dsp_ce/gen_first_integrator_carry_for_comb_dsp.first_integrator_sum_carry__1_n_0
    SLICE_X33Y60         CARRY4 (Prop_carry4_CI_CO[3])
                                                      0.098     5.368 r  gen_serial_cic_comb.u_cic_interp16_serial_comb_dsp_ce/gen_first_integrator_carry_for_comb_dsp.first_integrator_sum_carry__2/CO[3]
                         net (fo=1, routed)           0.000     5.368    gen_serial_cic_comb.u_cic_interp16_serial_comb_dsp_ce/gen_first_integrator_carry_for_comb_dsp.first_integrator_sum_carry__2_n_0
    SLICE_X33Y61         CARRY4 (Prop_carry4_CI_CO[3])
                                                      0.098     5.466 r  gen_serial_cic_comb.u_cic_interp16_serial_comb_dsp_ce/gen_first_integrator_carry_for_comb_dsp.first_integrator_sum_carry__3/CO[3]
                         net (fo=1, routed)           0.000     5.466    gen_serial_cic_comb.u_cic_interp16_serial_comb_dsp_ce/gen_first_integrator_carry_for_comb_dsp.first_integrator_sum_carry__3_n_0
    SLICE_X33Y62         CARRY4 (Prop_carry4_CI_CO[3])
                                                      0.098     5.564 r  gen_serial_cic_comb.u_cic_interp16_serial_comb_dsp_ce/gen_first_integrator_carry_for_comb_dsp.first_integrator_sum_carry__4/CO[3]
                         net (fo=1, routed)           0.000     5.564    gen_serial_cic_comb.u_cic_interp16_serial_comb_dsp_ce/gen_first_integrator_carry_for_comb_dsp.first_integrator_sum_carry__4_n_0
    SLICE_X33Y63         CARRY4 (Prop_carry4_CI_O[1])
                                                      0.265     5.829 r  gen_serial_cic_comb.u_cic_interp16_serial_comb_dsp_ce/gen_first_integrator_carry_for_comb_dsp.first_integrator_sum_carry__5/O[1]
                         net (fo=23, routed)          1.603     7.432    final_input_rounded[25]
    DSP48_X1Y22          DSP48E1 (Prop_dsp48e1_A[23]_P[28])
                                                      1.889     9.321 r  gen_serial_cic_comb.u_cic_interp16_serial_comb_dsp_ce/gen_final_integrator_dsp.final_integrator_sum/P[28]
                         net (fo=22, routed)          0.964    10.285    gen_serial_cic_comb.u_cic_interp16_serial_comb_dsp_ce/gen_final_integrator_dsp.final_integrator_sum_n_77
    SLICE_X54Y55         LUT5 (Prop_lut5_I0_O)        0.105    10.390 r  interp128_all2x_LUT5_26/O
                         net (fo=1, routed)           0.327    10.717    interp128_all2x_net_18
    SLICE_X54Y56         LUT6 (Prop_lut6_I5_O)        0.105    10.822 r  interp128_all2x_LUT6_17/O
                         net (fo=1, routed)           0.000    10.822    rounded_value_carry_i_1__0_n_0
    SLICE_X54Y56         CARRY4 (Prop_carry4_S[0]_CO[3])
                                                      0.423    11.245 r  gen_serial_cic_comb.u_cic_interp16_serial_comb_dsp_ce/u_round_cic_normalized_output/rounded_value_carry/CO[3]
                         net (fo=1, routed)           0.000    11.245    gen_serial_cic_comb.u_cic_interp16_serial_comb_dsp_ce/u_round_cic_normalized_output/rounded_value_carry_n_0
    SLICE_X54Y57         CARRY4 (Prop_carry4_CI_CO[3])
                                                      0.100    11.345 r  gen_serial_cic_comb.u_cic_interp16_serial_comb_dsp_ce/u_round_cic_normalized_output/rounded_value_carry__0/CO[3]
                         net (fo=1, routed)           0.000    11.345    gen_serial_cic_comb.u_cic_interp16_serial_comb_dsp_ce/u_round_cic_normalized_output/rounded_value_carry__0_n_0
    SLICE_X54Y58         CARRY4 (Prop_carry4_CI_CO[3])
                                                      0.100    11.445 r  gen_serial_cic_comb.u_cic_interp16_serial_comb_dsp_ce/u_round_cic_normalized_output/rounded_value_carry__1/CO[3]
                         net (fo=1, routed)           0.000    11.445    gen_serial_cic_comb.u_cic_interp16_serial_comb_dsp_ce/u_round_cic_normalized_output/rounded_value_carry__1_n_0
    SLICE_X54Y59         CARRY4 (Prop_carry4_CI_CO[3])
                                                      0.100    11.545 r  gen_serial_cic_comb.u_cic_interp16_serial_comb_dsp_ce/u_round_cic_normalized_output/rounded_value_carry__2/CO[3]
                         net (fo=1, routed)           0.000    11.545    gen_serial_cic_comb.u_cic_interp16_serial_comb_dsp_ce/u_round_cic_normalized_output/rounded_value_carry__2_n_0
    SLICE_X54Y60         CARRY4 (Prop_carry4_CI_CO[3])
                                                      0.100    11.645 r  gen_serial_cic_comb.u_cic_interp16_serial_comb_dsp_ce/u_round_cic_normalized_output/rounded_value_carry__3/CO[3]
                         net (fo=1, routed)           0.000    11.645    gen_serial_cic_comb.u_cic_interp16_serial_comb_dsp_ce/u_round_cic_normalized_output/rounded_value_carry__3_n_0
    SLICE_X54Y61         CARRY4 (Prop_carry4_CI_O[0])
                                                      0.178    11.823 r  gen_serial_cic_comb.u_cic_interp16_serial_comb_dsp_ce/u_round_cic_normalized_output/rounded_value_carry__4/O[0]
                         net (fo=19, routed)          0.783    12.607    gen_serial_cic_comb.u_cic_interp16_serial_comb_dsp_ce/u_round_cic_normalized_output/rounded_value_carry__4_n_7
    SLICE_X55Y57         LUT4 (Prop_lut4_I1_O)        0.260    12.867 r  y_out[4]_i_1__0/O
                         net (fo=1, routed)           0.000    12.867    normalized_output[4]
    SLICE_X55Y57         FDRE                                         r  gen_serial_cic_comb.u_cic_interp16_serial_comb_dsp_ce/y_out_reg[4]/D
  -------------------------------------------------------------------    -------------------

                         (clock core_clk_6m144 rise edge)
                                                    162.760   162.760 r  
                                                      0.000   162.760 r  clk (IN)
                         net (fo=288, unset)          1.248   164.008    clk
    SLICE_X55Y57         FDRE                                         r  gen_serial_cic_comb.u_cic_interp16_serial_comb_dsp_ce/y_out_reg[4]/C
                         clock pessimism              0.006   164.014    
                         clock uncertainty           -0.035   163.979    
    SLICE_X55Y57         FDRE (Setup_fdre_C_D)        0.069   164.048    gen_serial_cic_comb.u_cic_interp16_serial_comb_dsp_ce/y_out_reg[4]
  -------------------------------------------------------------------
                         required time                        164.048    
                         arrival time                         -12.867    
  -------------------------------------------------------------------
                         slack                                151.181    

Slack (MET) :             151.314ns  (required time - arrival time)
  Source:                 gen_serial_cic_comb.u_cic_interp16_serial_comb_dsp_ce/burst_remaining_reg[0]/C
                            (rising edge-triggered cell FDRE clocked by core_clk_6m144  {rise@0.000ns fall@81.380ns period=162.760ns})
  Destination:            gen_serial_cic_comb.u_cic_interp16_serial_comb_dsp_ce/y_out_reg[17]/D
                            (rising edge-triggered cell FDRE clocked by core_clk_6m144  {rise@0.000ns fall@81.380ns period=162.760ns})
  Path Group:             core_clk_6m144
  Path Type:              Setup (Max at Slow Process Corner)
  Requirement:            162.760ns  (core_clk_6m144 rise@162.760ns - core_clk_6m144 rise@0.000ns)
  Data Path Delay:        11.349ns  (logic 5.244ns (46.207%)  route 6.105ns (53.793%))
  Logic Levels:           19  (CARRY4=13 DSP48E1=1 LUT4=2 LUT5=1 LUT6=2)
  Clock Path Skew:        -0.094ns (DCD - SCD + CPR)
    Destination Clock Delay (DCD):    1.246ns = ( 164.006 - 162.760 ) 
    Source Clock Delay      (SCD):    1.346ns
    Clock Pessimism Removal (CPR):    0.006ns
  Clock Uncertainty:      0.035ns  ((TSJ^2 + TIJ^2)^1/2 + DJ) / 2 + PE
    Total System Jitter     (TSJ):    0.071ns
    Total Input Jitter      (TIJ):    0.000ns
    Discrete Jitter          (DJ):    0.000ns
    Phase Error              (PE):    0.000ns

    Location             Delay type                Incr(ns)  Path(ns)    Netlist Resource(s)
  -------------------------------------------------------------------    -------------------
                         (clock core_clk_6m144 rise edge)
                                                      0.000     0.000 r  
                                                      0.000     0.000 r  clk (IN)
                         net (fo=288, unset)          1.346     1.346    clk
    SLICE_X31Y63         FDRE                                         r  gen_serial_cic_comb.u_cic_interp16_serial_comb_dsp_ce/burst_remaining_reg[0]/C
  -------------------------------------------------------------------    -------------------
    SLICE_X31Y63         FDRE (Prop_fdre_C_Q)         0.379     1.725 f  gen_serial_cic_comb.u_cic_interp16_serial_comb_dsp_ce/burst_remaining_reg[0]/Q
                         net (fo=6, routed)           0.716     2.441    gen_serial_cic_comb.u_cic_interp16_serial_comb_dsp_ce/burst_remaining_reg_n_0_[0]
    SLICE_X31Y63         LUT6 (Prop_lut6_I2_O)        0.105     2.546 r  interp128_all2x_LUT6/O
                         net (fo=51, routed)          1.494     4.040    interp128_all2x_net
    SLICE_X34Y58         LUT4 (Prop_lut4_I3_O)        0.105     4.145 r  interp128_all2x_LUT4_2/O
                         net (fo=2, routed)           0.368     4.512    gen_first_integrator_carry_for_comb_dsp.first_integrator_sum_carry_i_3_n_0
    SLICE_X33Y57         CARRY4 (Prop_carry4_S[1]_CO[3])
                                                      0.562     5.074 r  gen_serial_cic_comb.u_cic_interp16_serial_comb_dsp_ce/gen_first_integrator_carry_for_comb_dsp.first_integrator_sum_carry/CO[3]
                         net (fo=1, routed)           0.000     5.074    gen_serial_cic_comb.u_cic_interp16_serial_comb_dsp_ce/gen_first_integrator_carry_for_comb_dsp.first_integrator_sum_carry_n_0
    SLICE_X33Y58         CARRY4 (Prop_carry4_CI_CO[3])
                                                      0.098     5.172 r  gen_serial_cic_comb.u_cic_interp16_serial_comb_dsp_ce/gen_first_integrator_carry_for_comb_dsp.first_integrator_sum_carry__0/CO[3]
                         net (fo=1, routed)           0.000     5.172    gen_serial_cic_comb.u_cic_interp16_serial_comb_dsp_ce/gen_first_integrator_carry_for_comb_dsp.first_integrator_sum_carry__0_n_0
    SLICE_X33Y59         CARRY4 (Prop_carry4_CI_CO[3])
                                                      0.098     5.270 r  gen_serial_cic_comb.u_cic_interp16_serial_comb_dsp_ce/gen_first_integrator_carry_for_comb_dsp.first_integrator_sum_carry__1/CO[3]
                         net (fo=1, routed)           0.000     5.270    gen_serial_cic_comb.u_cic_interp16_serial_comb_dsp_ce/gen_first_integrator_carry_for_comb_dsp.first_integrator_sum_carry__1_n_0
    SLICE_X33Y60         CARRY4 (Prop_carry4_CI_CO[3])
                                                      0.098     5.368 r  gen_serial_cic_comb.u_cic_interp16_serial_comb_dsp_ce/gen_first_integrator_carry_for_comb_dsp.first_integrator_sum_carry__2/CO[3]
                         net (fo=1, routed)           0.000     5.368    gen_serial_cic_comb.u_cic_interp16_serial_comb_dsp_ce/gen_first_integrator_carry_for_comb_dsp.first_integrator_sum_carry__2_n_0
    SLICE_X33Y61         CARRY4 (Prop_carry4_CI_CO[3])
                                                      0.098     5.466 r  gen_serial_cic_comb.u_cic_interp16_serial_comb_dsp_ce/gen_first_integrator_carry_for_comb_dsp.first_integrator_sum_carry__3/CO[3]
                         net (fo=1, routed)           0.000     5.466    gen_serial_cic_comb.u_cic_interp16_serial_comb_dsp_ce/gen_first_integrator_carry_for_comb_dsp.first_integrator_sum_carry__3_n_0
    SLICE_X33Y62         CARRY4 (Prop_carry4_CI_CO[3])
                                                      0.098     5.564 r  gen_serial_cic_comb.u_cic_interp16_serial_comb_dsp_ce/gen_first_integrator_carry_for_comb_dsp.first_integrator_sum_carry__4/CO[3]
                         net (fo=1, routed)           0.000     5.564    gen_serial_cic_comb.u_cic_interp16_serial_comb_dsp_ce/gen_first_integrator_carry_for_comb_dsp.first_integrator_sum_carry__4_n_0
    SLICE_X33Y63         CARRY4 (Prop_carry4_CI_O[1])
                                                      0.265     5.829 r  gen_serial_cic_comb.u_cic_interp16_serial_comb_dsp_ce/gen_first_integrator_carry_for_comb_dsp.first_integrator_sum_carry__5/O[1]
                         net (fo=23, routed)          1.603     7.432    final_input_rounded[25]
    DSP48_X1Y22          DSP48E1 (Prop_dsp48e1_A[23]_P[28])
                                                      1.889     9.321 r  gen_serial_cic_comb.u_cic_interp16_serial_comb_dsp_ce/gen_final_integrator_dsp.final_integrator_sum/P[28]
                         net (fo=22, routed)          0.964    10.285    gen_serial_cic_comb.u_cic_interp16_serial_comb_dsp_ce/gen_final_integrator_dsp.final_integrator_sum_n_77
    SLICE_X54Y55         LUT5 (Prop_lut5_I0_O)        0.105    10.390 r  interp128_all2x_LUT5_26/O
                         net (fo=1, routed)           0.327    10.717    interp128_all2x_net_18
    SLICE_X54Y56         LUT6 (Prop_lut6_I5_O)        0.105    10.822 r  interp128_all2x_LUT6_17/O
                         net (fo=1, routed)           0.000    10.822    rounded_value_carry_i_1__0_n_0
    SLICE_X54Y56         CARRY4 (Prop_carry4_S[0]_CO[3])
                                                      0.423    11.245 r  gen_serial_cic_comb.u_cic_interp16_serial_comb_dsp_ce/u_round_cic_normalized_output/rounded_value_carry/CO[3]
                         net (fo=1, routed)           0.000    11.245    gen_serial_cic_comb.u_cic_interp16_serial_comb_dsp_ce/u_round_cic_normalized_output/rounded_value_carry_n_0
    SLICE_X54Y57         CARRY4 (Prop_carry4_CI_CO[3])
                                                      0.100    11.345 r  gen_serial_cic_comb.u_cic_interp16_serial_comb_dsp_ce/u_round_cic_normalized_output/rounded_value_carry__0/CO[3]
                         net (fo=1, routed)           0.000    11.345    gen_serial_cic_comb.u_cic_interp16_serial_comb_dsp_ce/u_round_cic_normalized_output/rounded_value_carry__0_n_0
    SLICE_X54Y58         CARRY4 (Prop_carry4_CI_CO[3])
                                                      0.100    11.445 r  gen_serial_cic_comb.u_cic_interp16_serial_comb_dsp_ce/u_round_cic_normalized_output/rounded_value_carry__1/CO[3]
                         net (fo=1, routed)           0.000    11.445    gen_serial_cic_comb.u_cic_interp16_serial_comb_dsp_ce/u_round_cic_normalized_output/rounded_value_carry__1_n_0
    SLICE_X54Y59         CARRY4 (Prop_carry4_CI_CO[3])
                                                      0.100    11.545 r  gen_serial_cic_comb.u_cic_interp16_serial_comb_dsp_ce/u_round_cic_normalized_output/rounded_value_carry__2/CO[3]
                         net (fo=1, routed)           0.000    11.545    gen_serial_cic_comb.u_cic_interp16_serial_comb_dsp_ce/u_round_cic_normalized_output/rounded_value_carry__2_n_0
    SLICE_X54Y60         CARRY4 (Prop_carry4_CI_CO[3])
                                                      0.100    11.645 r  gen_serial_cic_comb.u_cic_interp16_serial_comb_dsp_ce/u_round_cic_normalized_output/rounded_value_carry__3/CO[3]
                         net (fo=1, routed)           0.000    11.645    gen_serial_cic_comb.u_cic_interp16_serial_comb_dsp_ce/u_round_cic_normalized_output/rounded_value_carry__3_n_0
    SLICE_X54Y61         CARRY4 (Prop_carry4_CI_O[0])
                                                      0.178    11.823 r  gen_serial_cic_comb.u_cic_interp16_serial_comb_dsp_ce/u_round_cic_normalized_output/rounded_value_carry__4/O[0]
                         net (fo=19, routed)          0.634    12.457    gen_serial_cic_comb.u_cic_interp16_serial_comb_dsp_ce/u_round_cic_normalized_output/rounded_value_carry__4_n_7
    SLICE_X55Y60         LUT4 (Prop_lut4_I1_O)        0.238    12.695 r  y_out[17]_i_1__0/O
                         net (fo=1, routed)           0.000    12.695    normalized_output[17]
    SLICE_X55Y60         FDRE                                         r  gen_serial_cic_comb.u_cic_interp16_serial_comb_dsp_ce/y_out_reg[17]/D
  -------------------------------------------------------------------    -------------------

                         (clock core_clk_6m144 rise edge)
                                                    162.760   162.760 r  
                                                      0.000   162.760 r  clk (IN)
                         net (fo=288, unset)          1.246   164.006    clk
    SLICE_X55Y60         FDRE                                         r  gen_serial_cic_comb.u_cic_interp16_serial_comb_dsp_ce/y_out_reg[17]/C
                         clock pessimism              0.006   164.012    
                         clock uncertainty           -0.035   163.977    
    SLICE_X55Y60         FDRE (Setup_fdre_C_D)        0.032   164.009    gen_serial_cic_comb.u_cic_interp16_serial_comb_dsp_ce/y_out_reg[17]
  -------------------------------------------------------------------
                         required time                        164.009    
                         arrival time                         -12.695    
  -------------------------------------------------------------------
                         slack                                151.314    

Slack (MET) :             151.330ns  (required time - arrival time)
  Source:                 gen_serial_cic_comb.u_cic_interp16_serial_comb_dsp_ce/burst_remaining_reg[0]/C
                            (rising edge-triggered cell FDRE clocked by core_clk_6m144  {rise@0.000ns fall@81.380ns period=162.760ns})
  Destination:            gen_serial_cic_comb.u_cic_interp16_serial_comb_dsp_ce/y_out_reg[18]/D
                            (rising edge-triggered cell FDRE clocked by core_clk_6m144  {rise@0.000ns fall@81.380ns period=162.760ns})
  Path Group:             core_clk_6m144
  Path Type:              Setup (Max at Slow Process Corner)
  Requirement:            162.760ns  (core_clk_6m144 rise@162.760ns - core_clk_6m144 rise@0.000ns)
  Data Path Delay:        11.370ns  (logic 5.265ns (46.306%)  route 6.105ns (53.694%))
  Logic Levels:           19  (CARRY4=13 DSP48E1=1 LUT4=2 LUT5=1 LUT6=2)
  Clock Path Skew:        -0.094ns (DCD - SCD + CPR)
    Destination Clock Delay (DCD):    1.246ns = ( 164.006 - 162.760 ) 
    Source Clock Delay      (SCD):    1.346ns
    Clock Pessimism Removal (CPR):    0.006ns
  Clock Uncertainty:      0.035ns  ((TSJ^2 + TIJ^2)^1/2 + DJ) / 2 + PE
    Total System Jitter     (TSJ):    0.071ns
    Total Input Jitter      (TIJ):    0.000ns
    Discrete Jitter          (DJ):    0.000ns
    Phase Error              (PE):    0.000ns

    Location             Delay type                Incr(ns)  Path(ns)    Netlist Resource(s)
  -------------------------------------------------------------------    -------------------
                         (clock core_clk_6m144 rise edge)
                                                      0.000     0.000 r  
                                                      0.000     0.000 r  clk (IN)
                         net (fo=288, unset)          1.346     1.346    clk
    SLICE_X31Y63         FDRE                                         r  gen_serial_cic_comb.u_cic_interp16_serial_comb_dsp_ce/burst_remaining_reg[0]/C
  -------------------------------------------------------------------    -------------------
    SLICE_X31Y63         FDRE (Prop_fdre_C_Q)         0.379     1.725 f  gen_serial_cic_comb.u_cic_interp16_serial_comb_dsp_ce/burst_remaining_reg[0]/Q
                         net (fo=6, routed)           0.716     2.441    gen_serial_cic_comb.u_cic_interp16_serial_comb_dsp_ce/burst_remaining_reg_n_0_[0]
    SLICE_X31Y63         LUT6 (Prop_lut6_I2_O)        0.105     2.546 r  interp128_all2x_LUT6/O
                         net (fo=51, routed)          1.494     4.040    interp128_all2x_net
    SLICE_X34Y58         LUT4 (Prop_lut4_I3_O)        0.105     4.145 r  interp128_all2x_LUT4_2/O
                         net (fo=2, routed)           0.368     4.512    gen_first_integrator_carry_for_comb_dsp.first_integrator_sum_carry_i_3_n_0
    SLICE_X33Y57         CARRY4 (Prop_carry4_S[1]_CO[3])
                                                      0.562     5.074 r  gen_serial_cic_comb.u_cic_interp16_serial_comb_dsp_ce/gen_first_integrator_carry_for_comb_dsp.first_integrator_sum_carry/CO[3]
                         net (fo=1, routed)           0.000     5.074    gen_serial_cic_comb.u_cic_interp16_serial_comb_dsp_ce/gen_first_integrator_carry_for_comb_dsp.first_integrator_sum_carry_n_0
    SLICE_X33Y58         CARRY4 (Prop_carry4_CI_CO[3])
                                                      0.098     5.172 r  gen_serial_cic_comb.u_cic_interp16_serial_comb_dsp_ce/gen_first_integrator_carry_for_comb_dsp.first_integrator_sum_carry__0/CO[3]
                         net (fo=1, routed)           0.000     5.172    gen_serial_cic_comb.u_cic_interp16_serial_comb_dsp_ce/gen_first_integrator_carry_for_comb_dsp.first_integrator_sum_carry__0_n_0
    SLICE_X33Y59         CARRY4 (Prop_carry4_CI_CO[3])
                                                      0.098     5.270 r  gen_serial_cic_comb.u_cic_interp16_serial_comb_dsp_ce/gen_first_integrator_carry_for_comb_dsp.first_integrator_sum_carry__1/CO[3]
                         net (fo=1, routed)           0.000     5.270    gen_serial_cic_comb.u_cic_interp16_serial_comb_dsp_ce/gen_first_integrator_carry_for_comb_dsp.first_integrator_sum_carry__1_n_0
    SLICE_X33Y60         CARRY4 (Prop_carry4_CI_CO[3])
                                                      0.098     5.368 r  gen_serial_cic_comb.u_cic_interp16_serial_comb_dsp_ce/gen_first_integrator_carry_for_comb_dsp.first_integrator_sum_carry__2/CO[3]
                         net (fo=1, routed)           0.000     5.368    gen_serial_cic_comb.u_cic_interp16_serial_comb_dsp_ce/gen_first_integrator_carry_for_comb_dsp.first_integrator_sum_carry__2_n_0
    SLICE_X33Y61         CARRY4 (Prop_carry4_CI_CO[3])
                                                      0.098     5.466 r  gen_serial_cic_comb.u_cic_interp16_serial_comb_dsp_ce/gen_first_integrator_carry_for_comb_dsp.first_integrator_sum_carry__3/CO[3]
                         net (fo=1, routed)           0.000     5.466    gen_serial_cic_comb.u_cic_interp16_serial_comb_dsp_ce/gen_first_integrator_carry_for_comb_dsp.first_integrator_sum_carry__3_n_0
    SLICE_X33Y62         CARRY4 (Prop_carry4_CI_CO[3])
                                                      0.098     5.564 r  gen_serial_cic_comb.u_cic_interp16_serial_comb_dsp_ce/gen_first_integrator_carry_for_comb_dsp.first_integrator_sum_carry__4/CO[3]
                         net (fo=1, routed)           0.000     5.564    gen_serial_cic_comb.u_cic_interp16_serial_comb_dsp_ce/gen_first_integrator_carry_for_comb_dsp.first_integrator_sum_carry__4_n_0
    SLICE_X33Y63         CARRY4 (Prop_carry4_CI_O[1])
                                                      0.265     5.829 r  gen_serial_cic_comb.u_cic_interp16_serial_comb_dsp_ce/gen_first_integrator_carry_for_comb_dsp.first_integrator_sum_carry__5/O[1]
                         net (fo=23, routed)          1.603     7.432    final_input_rounded[25]
    DSP48_X1Y22          DSP48E1 (Prop_dsp48e1_A[23]_P[28])
                                                      1.889     9.321 r  gen_serial_cic_comb.u_cic_interp16_serial_comb_dsp_ce/gen_final_integrator_dsp.final_integrator_sum/P[28]
                         net (fo=22, routed)          0.964    10.285    gen_serial_cic_comb.u_cic_interp16_serial_comb_dsp_ce/gen_final_integrator_dsp.final_integrator_sum_n_77
    SLICE_X54Y55         LUT5 (Prop_lut5_I0_O)        0.105    10.390 r  interp128_all2x_LUT5_26/O
                         net (fo=1, routed)           0.327    10.717    interp128_all2x_net_18
    SLICE_X54Y56         LUT6 (Prop_lut6_I5_O)        0.105    10.822 r  interp128_all2x_LUT6_17/O
                         net (fo=1, routed)           0.000    10.822    rounded_value_carry_i_1__0_n_0
    SLICE_X54Y56         CARRY4 (Prop_carry4_S[0]_CO[3])
                                                      0.423    11.245 r  gen_serial_cic_comb.u_cic_interp16_serial_comb_dsp_ce/u_round_cic_normalized_output/rounded_value_carry/CO[3]
                         net (fo=1, routed)           0.000    11.245    gen_serial_cic_comb.u_cic_interp16_serial_comb_dsp_ce/u_round_cic_normalized_output/rounded_value_carry_n_0
    SLICE_X54Y57         CARRY4 (Prop_carry4_CI_CO[3])
                                                      0.100    11.345 r  gen_serial_cic_comb.u_cic_interp16_serial_comb_dsp_ce/u_round_cic_normalized_output/rounded_value_carry__0/CO[3]
                         net (fo=1, routed)           0.000    11.345    gen_serial_cic_comb.u_cic_interp16_serial_comb_dsp_ce/u_round_cic_normalized_output/rounded_value_carry__0_n_0
    SLICE_X54Y58         CARRY4 (Prop_carry4_CI_CO[3])
                                                      0.100    11.445 r  gen_serial_cic_comb.u_cic_interp16_serial_comb_dsp_ce/u_round_cic_normalized_output/rounded_value_carry__1/CO[3]
                         net (fo=1, routed)           0.000    11.445    gen_serial_cic_comb.u_cic_interp16_serial_comb_dsp_ce/u_round_cic_normalized_output/rounded_value_carry__1_n_0
    SLICE_X54Y59         CARRY4 (Prop_carry4_CI_CO[3])
                                                      0.100    11.545 r  gen_serial_cic_comb.u_cic_interp16_serial_comb_dsp_ce/u_round_cic_normalized_output/rounded_value_carry__2/CO[3]
                         net (fo=1, routed)           0.000    11.545    gen_serial_cic_comb.u_cic_interp16_serial_comb_dsp_ce/u_round_cic_normalized_output/rounded_value_carry__2_n_0
    SLICE_X54Y60         CARRY4 (Prop_carry4_CI_CO[3])
                                                      0.100    11.645 r  gen_serial_cic_comb.u_cic_interp16_serial_comb_dsp_ce/u_round_cic_normalized_output/rounded_value_carry__3/CO[3]
                         net (fo=1, routed)           0.000    11.645    gen_serial_cic_comb.u_cic_interp16_serial_comb_dsp_ce/u_round_cic_normalized_output/rounded_value_carry__3_n_0
    SLICE_X54Y61         CARRY4 (Prop_carry4_CI_O[0])
                                                      0.178    11.823 r  gen_serial_cic_comb.u_cic_interp16_serial_comb_dsp_ce/u_round_cic_normalized_output/rounded_value_carry__4/O[0]
                         net (fo=19, routed)          0.634    12.457    gen_serial_cic_comb.u_cic_interp16_serial_comb_dsp_ce/u_round_cic_normalized_output/rounded_value_carry__4_n_7
    SLICE_X55Y60         LUT4 (Prop_lut4_I1_O)        0.259    12.716 r  y_out[18]_i_1__0/O
                         net (fo=1, routed)           0.000    12.716    normalized_output[18]
    SLICE_X55Y60         FDRE                                         r  gen_serial_cic_comb.u_cic_interp16_serial_comb_dsp_ce/y_out_reg[18]/D
  -------------------------------------------------------------------    -------------------

                         (clock core_clk_6m144 rise edge)
                                                    162.760   162.760 r  
                                                      0.000   162.760 r  clk (IN)
                         net (fo=288, unset)          1.246   164.006    clk
    SLICE_X55Y60         FDRE                                         r  gen_serial_cic_comb.u_cic_interp16_serial_comb_dsp_ce/y_out_reg[18]/C
                         clock pessimism              0.006   164.012    
                         clock uncertainty           -0.035   163.977    
    SLICE_X55Y60         FDRE (Setup_fdre_C_D)        0.069   164.046    gen_serial_cic_comb.u_cic_interp16_serial_comb_dsp_ce/y_out_reg[18]
  -------------------------------------------------------------------
                         required time                        164.046    
                         arrival time                         -12.716    
  -------------------------------------------------------------------
                         slack                                151.330    

Slack (MET) :             151.379ns  (required time - arrival time)
  Source:                 gen_serial_cic_comb.u_cic_interp16_serial_comb_dsp_ce/burst_remaining_reg[0]/C
                            (rising edge-triggered cell FDRE clocked by core_clk_6m144  {rise@0.000ns fall@81.380ns period=162.760ns})
  Destination:            gen_serial_cic_comb.u_cic_interp16_serial_comb_dsp_ce/y_out_reg[16]/D
                            (rising edge-triggered cell FDRE clocked by core_clk_6m144  {rise@0.000ns fall@81.380ns period=162.760ns})
  Path Group:             core_clk_6m144
  Path Type:              Setup (Max at Slow Process Corner)
  Requirement:            162.760ns  (core_clk_6m144 rise@162.760ns - core_clk_6m144 rise@0.000ns)
  Data Path Delay:        11.321ns  (logic 5.158ns (45.561%)  route 6.163ns (54.439%))
  Logic Levels:           18  (CARRY4=12 DSP48E1=1 LUT4=2 LUT5=1 LUT6=2)
  Clock Path Skew:        -0.094ns (DCD - SCD + CPR)
    Destination Clock Delay (DCD):    1.246ns = ( 164.006 - 162.760 ) 
    Source Clock Delay      (SCD):    1.346ns
    Clock Pessimism Removal (CPR):    0.006ns
  Clock Uncertainty:      0.035ns  ((TSJ^2 + TIJ^2)^1/2 + DJ) / 2 + PE
    Total System Jitter     (TSJ):    0.071ns
    Total Input Jitter      (TIJ):    0.000ns
    Discrete Jitter          (DJ):    0.000ns
    Phase Error              (PE):    0.000ns

    Location             Delay type                Incr(ns)  Path(ns)    Netlist Resource(s)
  -------------------------------------------------------------------    -------------------
                         (clock core_clk_6m144 rise edge)
                                                      0.000     0.000 r  
                                                      0.000     0.000 r  clk (IN)
                         net (fo=288, unset)          1.346     1.346    clk
    SLICE_X31Y63         FDRE                                         r  gen_serial_cic_comb.u_cic_interp16_serial_comb_dsp_ce/burst_remaining_reg[0]/C
  -------------------------------------------------------------------    -------------------
    SLICE_X31Y63         FDRE (Prop_fdre_C_Q)         0.379     1.725 f  gen_serial_cic_comb.u_cic_interp16_serial_comb_dsp_ce/burst_remaining_reg[0]/Q
                         net (fo=6, routed)           0.716     2.441    gen_serial_cic_comb.u_cic_interp16_serial_comb_dsp_ce/burst_remaining_reg_n_0_[0]
    SLICE_X31Y63         LUT6 (Prop_lut6_I2_O)        0.105     2.546 r  interp128_all2x_LUT6/O
                         net (fo=51, routed)          1.494     4.040    interp128_all2x_net
    SLICE_X34Y58         LUT4 (Prop_lut4_I3_O)        0.105     4.145 r  interp128_all2x_LUT4_2/O
                         net (fo=2, routed)           0.368     4.512    gen_first_integrator_carry_for_comb_dsp.first_integrator_sum_carry_i_3_n_0
    SLICE_X33Y57         CARRY4 (Prop_carry4_S[1]_CO[3])
                                                      0.562     5.074 r  gen_serial_cic_comb.u_cic_interp16_serial_comb_dsp_ce/gen_first_integrator_carry_for_comb_dsp.first_integrator_sum_carry/CO[3]
                         net (fo=1, routed)           0.000     5.074    gen_serial_cic_comb.u_cic_interp16_serial_comb_dsp_ce/gen_first_integrator_carry_for_comb_dsp.first_integrator_sum_carry_n_0
    SLICE_X33Y58         CARRY4 (Prop_carry4_CI_CO[3])
                                                      0.098     5.172 r  gen_serial_cic_comb.u_cic_interp16_serial_comb_dsp_ce/gen_first_integrator_carry_for_comb_dsp.first_integrator_sum_carry__0/CO[3]
                         net (fo=1, routed)           0.000     5.172    gen_serial_cic_comb.u_cic_interp16_serial_comb_dsp_ce/gen_first_integrator_carry_for_comb_dsp.first_integrator_sum_carry__0_n_0
    SLICE_X33Y59         CARRY4 (Prop_carry4_CI_CO[3])
                                                      0.098     5.270 r  gen_serial_cic_comb.u_cic_interp16_serial_comb_dsp_ce/gen_first_integrator_carry_for_comb_dsp.first_integrator_sum_carry__1/CO[3]
                         net (fo=1, routed)           0.000     5.270    gen_serial_cic_comb.u_cic_interp16_serial_comb_dsp_ce/gen_first_integrator_carry_for_comb_dsp.first_integrator_sum_carry__1_n_0
    SLICE_X33Y60         CARRY4 (Prop_carry4_CI_CO[3])
                                                      0.098     5.368 r  gen_serial_cic_comb.u_cic_interp16_serial_comb_dsp_ce/gen_first_integrator_carry_for_comb_dsp.first_integrator_sum_carry__2/CO[3]
                         net (fo=1, routed)           0.000     5.368    gen_serial_cic_comb.u_cic_interp16_serial_comb_dsp_ce/gen_first_integrator_carry_for_comb_dsp.first_integrator_sum_carry__2_n_0
    SLICE_X33Y61         CARRY4 (Prop_carry4_CI_CO[3])
                                                      0.098     5.466 r  gen_serial_cic_comb.u_cic_interp16_serial_comb_dsp_ce/gen_first_integrator_carry_for_comb_dsp.first_integrator_sum_carry__3/CO[3]
                         net (fo=1, routed)           0.000     5.466    gen_serial_cic_comb.u_cic_interp16_serial_comb_dsp_ce/gen_first_integrator_carry_for_comb_dsp.first_integrator_sum_carry__3_n_0
    SLICE_X33Y62         CARRY4 (Prop_carry4_CI_CO[3])
                                                      0.098     5.564 r  gen_serial_cic_comb.u_cic_interp16_serial_comb_dsp_ce/gen_first_integrator_carry_for_comb_dsp.first_integrator_sum_carry__4/CO[3]
                         net (fo=1, routed)           0.000     5.564    gen_serial_cic_comb.u_cic_interp16_serial_comb_dsp_ce/gen_first_integrator_carry_for_comb_dsp.first_integrator_sum_carry__4_n_0
    SLICE_X33Y63         CARRY4 (Prop_carry4_CI_O[1])
                                                      0.265     5.829 r  gen_serial_cic_comb.u_cic_interp16_serial_comb_dsp_ce/gen_first_integrator_carry_for_comb_dsp.first_integrator_sum_carry__5/O[1]
                         net (fo=23, routed)          1.603     7.432    final_input_rounded[25]
    DSP48_X1Y22          DSP48E1 (Prop_dsp48e1_A[23]_P[28])
                                                      1.889     9.321 r  gen_serial_cic_comb.u_cic_interp16_serial_comb_dsp_ce/gen_final_integrator_dsp.final_integrator_sum/P[28]
                         net (fo=22, routed)          0.964    10.285    gen_serial_cic_comb.u_cic_interp16_serial_comb_dsp_ce/gen_final_integrator_dsp.final_integrator_sum_n_77
    SLICE_X54Y55         LUT5 (Prop_lut5_I0_O)        0.105    10.390 r  interp128_all2x_LUT5_26/O
                         net (fo=1, routed)           0.327    10.717    interp128_all2x_net_18
    SLICE_X54Y56         LUT6 (Prop_lut6_I5_O)        0.105    10.822 r  interp128_all2x_LUT6_17/O
                         net (fo=1, routed)           0.000    10.822    rounded_value_carry_i_1__0_n_0
    SLICE_X54Y56         CARRY4 (Prop_carry4_S[0]_CO[3])
                                                      0.423    11.245 r  gen_serial_cic_comb.u_cic_interp16_serial_comb_dsp_ce/u_round_cic_normalized_output/rounded_value_carry/CO[3]
                         net (fo=1, routed)           0.000    11.245    gen_serial_cic_comb.u_cic_interp16_serial_comb_dsp_ce/u_round_cic_normalized_output/rounded_value_carry_n_0
    SLICE_X54Y57         CARRY4 (Prop_carry4_CI_CO[3])
                                                      0.100    11.345 r  gen_serial_cic_comb.u_cic_interp16_serial_comb_dsp_ce/u_round_cic_normalized_output/rounded_value_carry__0/CO[3]
                         net (fo=1, routed)           0.000    11.345    gen_serial_cic_comb.u_cic_interp16_serial_comb_dsp_ce/u_round_cic_normalized_output/rounded_value_carry__0_n_0
    SLICE_X54Y58         CARRY4 (Prop_carry4_CI_CO[3])
                                                      0.100    11.445 r  gen_serial_cic_comb.u_cic_interp16_serial_comb_dsp_ce/u_round_cic_normalized_output/rounded_value_carry__1/CO[3]
                         net (fo=1, routed)           0.000    11.445    gen_serial_cic_comb.u_cic_interp16_serial_comb_dsp_ce/u_round_cic_normalized_output/rounded_value_carry__1_n_0
    SLICE_X54Y59         CARRY4 (Prop_carry4_CI_CO[3])
                                                      0.100    11.545 r  gen_serial_cic_comb.u_cic_interp16_serial_comb_dsp_ce/u_round_cic_normalized_output/rounded_value_carry__2/CO[3]
                         net (fo=1, routed)           0.000    11.545    gen_serial_cic_comb.u_cic_interp16_serial_comb_dsp_ce/u_round_cic_normalized_output/rounded_value_carry__2_n_0
    SLICE_X54Y60         CARRY4 (Prop_carry4_CI_O[0])
                                                      0.178    11.723 r  gen_serial_cic_comb.u_cic_interp16_serial_comb_dsp_ce/u_round_cic_normalized_output/rounded_value_carry__3/O[0]
                         net (fo=1, routed)           0.692    12.415    gen_serial_cic_comb.u_cic_interp16_serial_comb_dsp_ce/u_round_cic_normalized_output/rounded_value_carry__3_n_7
    SLICE_X55Y60         LUT4 (Prop_lut4_I0_O)        0.252    12.667 r  y_out[16]_i_1__0/O
                         net (fo=1, routed)           0.000    12.667    normalized_output[16]
    SLICE_X55Y60         FDRE                                         r  gen_serial_cic_comb.u_cic_interp16_serial_comb_dsp_ce/y_out_reg[16]/D
  -------------------------------------------------------------------    -------------------

                         (clock core_clk_6m144 rise edge)
                                                    162.760   162.760 r  
                                                      0.000   162.760 r  clk (IN)
                         net (fo=288, unset)          1.246   164.006    clk
    SLICE_X55Y60         FDRE                                         r  gen_serial_cic_comb.u_cic_interp16_serial_comb_dsp_ce/y_out_reg[16]/C
                         clock pessimism              0.006   164.012    
                         clock uncertainty           -0.035   163.977    
    SLICE_X55Y60         FDRE (Setup_fdre_C_D)        0.069   164.046    gen_serial_cic_comb.u_cic_interp16_serial_comb_dsp_ce/y_out_reg[16]
  -------------------------------------------------------------------
                         required time                        164.046    
                         arrival time                         -12.667    
  -------------------------------------------------------------------
                         slack                                151.379    

Slack (MET) :             151.381ns  (required time - arrival time)
  Source:                 gen_serial_cic_comb.u_cic_interp16_serial_comb_dsp_ce/burst_remaining_reg[0]/C
                            (rising edge-triggered cell FDRE clocked by core_clk_6m144  {rise@0.000ns fall@81.380ns period=162.760ns})
  Destination:            gen_serial_cic_comb.u_cic_interp16_serial_comb_dsp_ce/y_out_reg[15]/D
                            (rising edge-triggered cell FDRE clocked by core_clk_6m144  {rise@0.000ns fall@81.380ns period=162.760ns})
  Path Group:             core_clk_6m144
  Path Type:              Setup (Max at Slow Process Corner)
  Requirement:            162.760ns  (core_clk_6m144 rise@162.760ns - core_clk_6m144 rise@0.000ns)
  Data Path Delay:        11.280ns  (logic 5.240ns (46.455%)  route 6.040ns (53.545%))
  Logic Levels:           18  (CARRY4=12 DSP48E1=1 LUT4=2 LUT5=1 LUT6=2)
  Clock Path Skew:        -0.094ns (DCD - SCD + CPR)
    Destination Clock Delay (DCD):    1.246ns = ( 164.006 - 162.760 ) 
    Source Clock Delay      (SCD):    1.346ns
    Clock Pessimism Removal (CPR):    0.006ns
  Clock Uncertainty:      0.035ns  ((TSJ^2 + TIJ^2)^1/2 + DJ) / 2 + PE
    Total System Jitter     (TSJ):    0.071ns
    Total Input Jitter      (TIJ):    0.000ns
    Discrete Jitter          (DJ):    0.000ns
    Phase Error              (PE):    0.000ns

    Location             Delay type                Incr(ns)  Path(ns)    Netlist Resource(s)
  -------------------------------------------------------------------    -------------------
                         (clock core_clk_6m144 rise edge)
                                                      0.000     0.000 r  
                                                      0.000     0.000 r  clk (IN)
                         net (fo=288, unset)          1.346     1.346    clk
    SLICE_X31Y63         FDRE                                         r  gen_serial_cic_comb.u_cic_interp16_serial_comb_dsp_ce/burst_remaining_reg[0]/C
  -------------------------------------------------------------------    -------------------
    SLICE_X31Y63         FDRE (Prop_fdre_C_Q)         0.379     1.725 f  gen_serial_cic_comb.u_cic_interp16_serial_comb_dsp_ce/burst_remaining_reg[0]/Q
                         net (fo=6, routed)           0.716     2.441    gen_serial_cic_comb.u_cic_interp16_serial_comb_dsp_ce/burst_remaining_reg_n_0_[0]
    SLICE_X31Y63         LUT6 (Prop_lut6_I2_O)        0.105     2.546 r  interp128_all2x_LUT6/O
                         net (fo=51, routed)          1.494     4.040    interp128_all2x_net
    SLICE_X34Y58         LUT4 (Prop_lut4_I3_O)        0.105     4.145 r  interp128_all2x_LUT4_2/O
                         net (fo=2, routed)           0.368     4.512    gen_first_integrator_carry_for_comb_dsp.first_integrator_sum_carry_i_3_n_0
    SLICE_X33Y57         CARRY4 (Prop_carry4_S[1]_CO[3])
                                                      0.562     5.074 r  gen_serial_cic_comb.u_cic_interp16_serial_comb_dsp_ce/gen_first_integrator_carry_for_comb_dsp.first_integrator_sum_carry/CO[3]
                         net (fo=1, routed)           0.000     5.074    gen_serial_cic_comb.u_cic_interp16_serial_comb_dsp_ce/gen_first_integrator_carry_for_comb_dsp.first_integrator_sum_carry_n_0
    SLICE_X33Y58         CARRY4 (Prop_carry4_CI_CO[3])
                                                      0.098     5.172 r  gen_serial_cic_comb.u_cic_interp16_serial_comb_dsp_ce/gen_first_integrator_carry_for_comb_dsp.first_integrator_sum_carry__0/CO[3]
                         net (fo=1, routed)           0.000     5.172    gen_serial_cic_comb.u_cic_interp16_serial_comb_dsp_ce/gen_first_integrator_carry_for_comb_dsp.first_integrator_sum_carry__0_n_0
    SLICE_X33Y59         CARRY4 (Prop_carry4_CI_CO[3])
                                                      0.098     5.270 r  gen_serial_cic_comb.u_cic_interp16_serial_comb_dsp_ce/gen_first_integrator_carry_for_comb_dsp.first_integrator_sum_carry__1/CO[3]
                         net (fo=1, routed)           0.000     5.270    gen_serial_cic_comb.u_cic_interp16_serial_comb_dsp_ce/gen_first_integrator_carry_for_comb_dsp.first_integrator_sum_carry__1_n_0
    SLICE_X33Y60         CARRY4 (Prop_carry4_CI_CO[3])
                                                      0.098     5.368 r  gen_serial_cic_comb.u_cic_interp16_serial_comb_dsp_ce/gen_first_integrator_carry_for_comb_dsp.first_integrator_sum_carry__2/CO[3]
                         net (fo=1, routed)           0.000     5.368    gen_serial_cic_comb.u_cic_interp16_serial_comb_dsp_ce/gen_first_integrator_carry_for_comb_dsp.first_integrator_sum_carry__2_n_0
    SLICE_X33Y61         CARRY4 (Prop_carry4_CI_CO[3])
                                                      0.098     5.466 r  gen_serial_cic_comb.u_cic_interp16_serial_comb_dsp_ce/gen_first_integrator_carry_for_comb_dsp.first_integrator_sum_carry__3/CO[3]
                         net (fo=1, routed)           0.000     5.466    gen_serial_cic_comb.u_cic_interp16_serial_comb_dsp_ce/gen_first_integrator_carry_for_comb_dsp.first_integrator_sum_carry__3_n_0
    SLICE_X33Y62         CARRY4 (Prop_carry4_CI_CO[3])
                                                      0.098     5.564 r  gen_serial_cic_comb.u_cic_interp16_serial_comb_dsp_ce/gen_first_integrator_carry_for_comb_dsp.first_integrator_sum_carry__4/CO[3]
                         net (fo=1, routed)           0.000     5.564    gen_serial_cic_comb.u_cic_interp16_serial_comb_dsp_ce/gen_first_integrator_carry_for_comb_dsp.first_integrator_sum_carry__4_n_0
    SLICE_X33Y63         CARRY4 (Prop_carry4_CI_O[1])
                                                      0.265     5.829 r  gen_serial_cic_comb.u_cic_interp16_serial_comb_dsp_ce/gen_first_integrator_carry_for_comb_dsp.first_integrator_sum_carry__5/O[1]
                         net (fo=23, routed)          1.603     7.432    final_input_rounded[25]
    DSP48_X1Y22          DSP48E1 (Prop_dsp48e1_A[23]_P[28])
                                                      1.889     9.321 r  gen_serial_cic_comb.u_cic_interp16_serial_comb_dsp_ce/gen_final_integrator_dsp.final_integrator_sum/P[28]
                         net (fo=22, routed)          0.964    10.285    gen_serial_cic_comb.u_cic_interp16_serial_comb_dsp_ce/gen_final_integrator_dsp.final_integrator_sum_n_77
    SLICE_X54Y55         LUT5 (Prop_lut5_I0_O)        0.105    10.390 r  interp128_all2x_LUT5_26/O
                         net (fo=1, routed)           0.327    10.717    interp128_all2x_net_18
    SLICE_X54Y56         LUT6 (Prop_lut6_I5_O)        0.105    10.822 r  interp128_all2x_LUT6_17/O
                         net (fo=1, routed)           0.000    10.822    rounded_value_carry_i_1__0_n_0
    SLICE_X54Y56         CARRY4 (Prop_carry4_S[0]_CO[3])
                                                      0.423    11.245 r  gen_serial_cic_comb.u_cic_interp16_serial_comb_dsp_ce/u_round_cic_normalized_output/rounded_value_carry/CO[3]
                         net (fo=1, routed)           0.000    11.245    gen_serial_cic_comb.u_cic_interp16_serial_comb_dsp_ce/u_round_cic_normalized_output/rounded_value_carry_n_0
    SLICE_X54Y57         CARRY4 (Prop_carry4_CI_CO[3])
                                                      0.100    11.345 r  gen_serial_cic_comb.u_cic_interp16_serial_comb_dsp_ce/u_round_cic_normalized_output/rounded_value_carry__0/CO[3]
                         net (fo=1, routed)           0.000    11.345    gen_serial_cic_comb.u_cic_interp16_serial_comb_dsp_ce/u_round_cic_normalized_output/rounded_value_carry__0_n_0
    SLICE_X54Y58         CARRY4 (Prop_carry4_CI_CO[3])
                                                      0.100    11.445 r  gen_serial_cic_comb.u_cic_interp16_serial_comb_dsp_ce/u_round_cic_normalized_output/rounded_value_carry__1/CO[3]
                         net (fo=1, routed)           0.000    11.445    gen_serial_cic_comb.u_cic_interp16_serial_comb_dsp_ce/u_round_cic_normalized_output/rounded_value_carry__1_n_0
    SLICE_X54Y59         CARRY4 (Prop_carry4_CI_CO[3])
                                                      0.100    11.545 r  gen_serial_cic_comb.u_cic_interp16_serial_comb_dsp_ce/u_round_cic_normalized_output/rounded_value_carry__2/CO[3]
                         net (fo=1, routed)           0.000    11.545    gen_serial_cic_comb.u_cic_interp16_serial_comb_dsp_ce/u_round_cic_normalized_output/rounded_value_carry__2_n_0
    SLICE_X54Y60         CARRY4 (Prop_carry4_CI_O[3])
                                                      0.262    11.807 r  gen_serial_cic_comb.u_cic_interp16_serial_comb_dsp_ce/u_round_cic_normalized_output/rounded_value_carry__3/O[3]
                         net (fo=19, routed)          0.568    12.376    p_0_in0
    SLICE_X55Y60         LUT4 (Prop_lut4_I3_O)        0.250    12.626 r  y_out[15]_i_1__0/O
                         net (fo=1, routed)           0.000    12.626    normalized_output[15]
    SLICE_X55Y60         FDRE                                         r  gen_serial_cic_comb.u_cic_interp16_serial_comb_dsp_ce/y_out_reg[15]/D
  -------------------------------------------------------------------    -------------------

                         (clock core_clk_6m144 rise edge)
                                                    162.760   162.760 r  
                                                      0.000   162.760 r  clk (IN)
                         net (fo=288, unset)          1.246   164.006    clk
    SLICE_X55Y60         FDRE                                         r  gen_serial_cic_comb.u_cic_interp16_serial_comb_dsp_ce/y_out_reg[15]/C
                         clock pessimism              0.006   164.012    
                         clock uncertainty           -0.035   163.977    
    SLICE_X55Y60         FDRE (Setup_fdre_C_D)        0.030   164.007    gen_serial_cic_comb.u_cic_interp16_serial_comb_dsp_ce/y_out_reg[15]
  -------------------------------------------------------------------
                         required time                        164.007    
                         arrival time                         -12.626    
  -------------------------------------------------------------------
                         slack                                151.381    

Slack (MET) :             151.381ns  (required time - arrival time)
  Source:                 gen_serial_cic_comb.u_cic_interp16_serial_comb_dsp_ce/burst_remaining_reg[0]/C
                            (rising edge-triggered cell FDRE clocked by core_clk_6m144  {rise@0.000ns fall@81.380ns period=162.760ns})
  Destination:            gen_serial_cic_comb.u_cic_interp16_serial_comb_dsp_ce/y_out_reg[19]/D
                            (rising edge-triggered cell FDRE clocked by core_clk_6m144  {rise@0.000ns fall@81.380ns period=162.760ns})
  Path Group:             core_clk_6m144
  Path Type:              Setup (Max at Slow Process Corner)
  Requirement:            162.760ns  (core_clk_6m144 rise@162.760ns - core_clk_6m144 rise@0.000ns)
  Data Path Delay:        11.320ns  (logic 5.239ns (46.280%)  route 6.081ns (53.720%))
  Logic Levels:           19  (CARRY4=13 DSP48E1=1 LUT1=1 LUT4=1 LUT5=1 LUT6=2)
  Clock Path Skew:        -0.092ns (DCD - SCD + CPR)
    Destination Clock Delay (DCD):    1.248ns = ( 164.008 - 162.760 ) 
    Source Clock Delay      (SCD):    1.346ns
    Clock Pessimism Removal (CPR):    0.006ns
  Clock Uncertainty:      0.035ns  ((TSJ^2 + TIJ^2)^1/2 + DJ) / 2 + PE
    Total System Jitter     (TSJ):    0.071ns
    Total Input Jitter      (TIJ):    0.000ns
    Discrete Jitter          (DJ):    0.000ns
    Phase Error              (PE):    0.000ns

    Location             Delay type                Incr(ns)  Path(ns)    Netlist Resource(s)
  -------------------------------------------------------------------    -------------------
                         (clock core_clk_6m144 rise edge)
                                                      0.000     0.000 r  
                                                      0.000     0.000 r  clk (IN)
                         net (fo=288, unset)          1.346     1.346    clk
    SLICE_X31Y63         FDRE                                         r  gen_serial_cic_comb.u_cic_interp16_serial_comb_dsp_ce/burst_remaining_reg[0]/C
  -------------------------------------------------------------------    -------------------
    SLICE_X31Y63         FDRE (Prop_fdre_C_Q)         0.379     1.725 f  gen_serial_cic_comb.u_cic_interp16_serial_comb_dsp_ce/burst_remaining_reg[0]/Q
                         net (fo=6, routed)           0.716     2.441    gen_serial_cic_comb.u_cic_interp16_serial_comb_dsp_ce/burst_remaining_reg_n_0_[0]
    SLICE_X31Y63         LUT6 (Prop_lut6_I2_O)        0.105     2.546 r  interp128_all2x_LUT6/O
                         net (fo=51, routed)          1.494     4.040    interp128_all2x_net
    SLICE_X34Y58         LUT4 (Prop_lut4_I3_O)        0.105     4.145 r  interp128_all2x_LUT4_2/O
                         net (fo=2, routed)           0.368     4.512    gen_first_integrator_carry_for_comb_dsp.first_integrator_sum_carry_i_3_n_0
    SLICE_X33Y57         CARRY4 (Prop_carry4_S[1]_CO[3])
                                                      0.562     5.074 r  gen_serial_cic_comb.u_cic_interp16_serial_comb_dsp_ce/gen_first_integrator_carry_for_comb_dsp.first_integrator_sum_carry/CO[3]
                         net (fo=1, routed)           0.000     5.074    gen_serial_cic_comb.u_cic_interp16_serial_comb_dsp_ce/gen_first_integrator_carry_for_comb_dsp.first_integrator_sum_carry_n_0
    SLICE_X33Y58         CARRY4 (Prop_carry4_CI_CO[3])
                                                      0.098     5.172 r  gen_serial_cic_comb.u_cic_interp16_serial_comb_dsp_ce/gen_first_integrator_carry_for_comb_dsp.first_integrator_sum_carry__0/CO[3]
                         net (fo=1, routed)           0.000     5.172    gen_serial_cic_comb.u_cic_interp16_serial_comb_dsp_ce/gen_first_integrator_carry_for_comb_dsp.first_integrator_sum_carry__0_n_0
    SLICE_X33Y59         CARRY4 (Prop_carry4_CI_CO[3])
                                                      0.098     5.270 r  gen_serial_cic_comb.u_cic_interp16_serial_comb_dsp_ce/gen_first_integrator_carry_for_comb_dsp.first_integrator_sum_carry__1/CO[3]
                         net (fo=1, routed)           0.000     5.270    gen_serial_cic_comb.u_cic_interp16_serial_comb_dsp_ce/gen_first_integrator_carry_for_comb_dsp.first_integrator_sum_carry__1_n_0
    SLICE_X33Y60         CARRY4 (Prop_carry4_CI_CO[3])
                                                      0.098     5.368 r  gen_serial_cic_comb.u_cic_interp16_serial_comb_dsp_ce/gen_first_integrator_carry_for_comb_dsp.first_integrator_sum_carry__2/CO[3]
                         net (fo=1, routed)           0.000     5.368    gen_serial_cic_comb.u_cic_interp16_serial_comb_dsp_ce/gen_first_integrator_carry_for_comb_dsp.first_integrator_sum_carry__2_n_0
    SLICE_X33Y61         CARRY4 (Prop_carry4_CI_CO[3])
                                                      0.098     5.466 r  gen_serial_cic_comb.u_cic_interp16_serial_comb_dsp_ce/gen_first_integrator_carry_for_comb_dsp.first_integrator_sum_carry__3/CO[3]
                         net (fo=1, routed)           0.000     5.466    gen_serial_cic_comb.u_cic_interp16_serial_comb_dsp_ce/gen_first_integrator_carry_for_comb_dsp.first_integrator_sum_carry__3_n_0
    SLICE_X33Y62         CARRY4 (Prop_carry4_CI_CO[3])
                                                      0.098     5.564 r  gen_serial_cic_comb.u_cic_interp16_serial_comb_dsp_ce/gen_first_integrator_carry_for_comb_dsp.first_integrator_sum_carry__4/CO[3]
                         net (fo=1, routed)           0.000     5.564    gen_serial_cic_comb.u_cic_interp16_serial_comb_dsp_ce/gen_first_integrator_carry_for_comb_dsp.first_integrator_sum_carry__4_n_0
    SLICE_X33Y63         CARRY4 (Prop_carry4_CI_O[1])
                                                      0.265     5.829 r  gen_serial_cic_comb.u_cic_interp16_serial_comb_dsp_ce/gen_first_integrator_carry_for_comb_dsp.first_integrator_sum_carry__5/O[1]
                         net (fo=23, routed)          1.603     7.432    final_input_rounded[25]
    DSP48_X1Y22          DSP48E1 (Prop_dsp48e1_A[23]_P[28])
                                                      1.889     9.321 r  gen_serial_cic_comb.u_cic_interp16_serial_comb_dsp_ce/gen_final_integrator_dsp.final_integrator_sum/P[28]
                         net (fo=22, routed)          0.964    10.285    gen_serial_cic_comb.u_cic_interp16_serial_comb_dsp_ce/gen_final_integrator_dsp.final_integrator_sum_n_77
    SLICE_X54Y55         LUT5 (Prop_lut5_I0_O)        0.105    10.390 r  interp128_all2x_LUT5_26/O
                         net (fo=1, routed)           0.327    10.717    interp128_all2x_net_18
    SLICE_X54Y56         LUT6 (Prop_lut6_I5_O)        0.105    10.822 r  interp128_all2x_LUT6_17/O
                         net (fo=1, routed)           0.000    10.822    rounded_value_carry_i_1__0_n_0
    SLICE_X54Y56         CARRY4 (Prop_carry4_S[0]_CO[3])
                                                      0.423    11.245 r  gen_serial_cic_comb.u_cic_interp16_serial_comb_dsp_ce/u_round_cic_normalized_output/rounded_value_carry/CO[3]
                         net (fo=1, routed)           0.000    11.245    gen_serial_cic_comb.u_cic_interp16_serial_comb_dsp_ce/u_round_cic_normalized_output/rounded_value_carry_n_0
    SLICE_X54Y57         CARRY4 (Prop_carry4_CI_CO[3])
                                                      0.100    11.345 r  gen_serial_cic_comb.u_cic_interp16_serial_comb_dsp_ce/u_round_cic_normalized_output/rounded_value_carry__0/CO[3]
                         net (fo=1, routed)           0.000    11.345    gen_serial_cic_comb.u_cic_interp16_serial_comb_dsp_ce/u_round_cic_normalized_output/rounded_value_carry__0_n_0
    SLICE_X54Y58         CARRY4 (Prop_carry4_CI_CO[3])
                                                      0.100    11.445 r  gen_serial_cic_comb.u_cic_interp16_serial_comb_dsp_ce/u_round_cic_normalized_output/rounded_value_carry__1/CO[3]
                         net (fo=1, routed)           0.000    11.445    gen_serial_cic_comb.u_cic_interp16_serial_comb_dsp_ce/u_round_cic_normalized_output/rounded_value_carry__1_n_0
    SLICE_X54Y59         CARRY4 (Prop_carry4_CI_CO[3])
                                                      0.100    11.545 r  gen_serial_cic_comb.u_cic_interp16_serial_comb_dsp_ce/u_round_cic_normalized_output/rounded_value_carry__2/CO[3]
                         net (fo=1, routed)           0.000    11.545    gen_serial_cic_comb.u_cic_interp16_serial_comb_dsp_ce/u_round_cic_normalized_output/rounded_value_carry__2_n_0
    SLICE_X54Y60         CARRY4 (Prop_carry4_CI_CO[3])
                                                      0.100    11.645 r  gen_serial_cic_comb.u_cic_interp16_serial_comb_dsp_ce/u_round_cic_normalized_output/rounded_value_carry__3/CO[3]
                         net (fo=1, routed)           0.000    11.645    gen_serial_cic_comb.u_cic_interp16_serial_comb_dsp_ce/u_round_cic_normalized_output/rounded_value_carry__3_n_0
    SLICE_X54Y61         CARRY4 (Prop_carry4_CI_CO[1])
                                                      0.131    11.776 f  gen_serial_cic_comb.u_cic_interp16_serial_comb_dsp_ce/u_round_cic_normalized_output/rounded_value_carry__4/CO[1]
                         net (fo=20, routed)          0.610    12.386    gen_serial_cic_comb.u_cic_interp16_serial_comb_dsp_ce/u_round_cic_normalized_output/rounded_value_carry__4_n_2
    SLICE_X55Y57         LUT1 (Prop_lut1_I0_O)        0.280    12.666 r  y_out[19]_i_3/O
                         net (fo=1, routed)           0.000    12.666    normalized_output[19]
    SLICE_X55Y57         FDRE                                         r  gen_serial_cic_comb.u_cic_interp16_serial_comb_dsp_ce/y_out_reg[19]/D
  -------------------------------------------------------------------    -------------------

                         (clock core_clk_6m144 rise edge)
                                                    162.760   162.760 r  
                                                      0.000   162.760 r  clk (IN)
                         net (fo=288, unset)          1.248   164.008    clk
    SLICE_X55Y57         FDRE                                         r  gen_serial_cic_comb.u_cic_interp16_serial_comb_dsp_ce/y_out_reg[19]/C
                         clock pessimism              0.006   164.014    
                         clock uncertainty           -0.035   163.979    
    SLICE_X55Y57         FDRE (Setup_fdre_C_D)        0.069   164.048    gen_serial_cic_comb.u_cic_interp16_serial_comb_dsp_ce/y_out_reg[19]
  -------------------------------------------------------------------
                         required time                        164.048    
                         arrival time                         -12.666    
  -------------------------------------------------------------------
                         slack                                151.381    




