Copyright 1986-2022 Xilinx, Inc. All Rights Reserved. Copyright 2022-2025 Advanced Micro Devices, Inc. All Rights Reserved.
----------------------------------------------------------------------------------------------------------------------------------------------------------------------------------------------------------------------------------------------------------------------------
| Tool Version : Vivado v.2025.2 (win64) Build 6299465 Fri Nov 14 19:35:11 GMT 2025
| Date         : Wed Aug 12 23:37:18 2026
| Host         : LAPTOP-476JT8H0 running 64-bit major release  (build 9200)
| Command      : report_timing_summary -delay_type min_max -max_paths 20 -file D:/FpgaProject/XilinxProject/XC7A35T/fir_interpolation/submit/finally/images/work/resource_compare_218_239/matched_ooc/results/lut218_mode2_repeat/timing_post_route_with_ooc_boundaries.rpt
| Design       : interp128_all2x_v7_folded_fir_cic_top_ce
| Device       : 7a35t-fgg484
| Speed File   : -2  PRODUCTION 1.23 2018-06-13
| Design State : Routed
----------------------------------------------------------------------------------------------------------------------------------------------------------------------------------------------------------------------------------------------------------------------------

Timing Summary Report

------------------------------------------------------------------------------------------------
| Timer Settings
| --------------
------------------------------------------------------------------------------------------------

  Enable Multi Corner Analysis               :  Yes
  Enable Pessimism Removal                   :  Yes
  Pessimism Removal Resolution               :  Nearest Common Node
  Enable Input Delay Default Clock           :  No
  Enable Preset / Clear Arcs                 :  No
  Disable Flight Delays                      :  No
  Ignore I/O Paths                           :  No
  Timing Early Launch at Borrowing Latches   :  No
  Borrow Time for Max Delay Exceptions       :  Yes
  Merge Timing Exceptions                    :  Yes
  Inter-SLR Compensation                     :  Conservative

  Corner  Analyze    Analyze    
  Name    Max Paths  Min Paths  
  ------  ---------  ---------  
  Slow    Yes        Yes        
  Fast    Yes        Yes        


------------------------------------------------------------------------------------------------
| Report Methodology
| ------------------
------------------------------------------------------------------------------------------------

No report available as report_methodology has not been run prior. Run report_methodology on the current design for the summary of methodology violations.



check_timing report

Table of Contents
-----------------
1. checking no_clock (0)
2. checking constant_clock (0)
3. checking pulse_width_clock (0)
4. checking unconstrained_internal_endpoints (0)
5. checking no_input_delay (5)
6. checking no_output_delay (0)
7. checking multiple_clock (0)
8. checking generated_clocks (0)
9. checking loops (0)
10. checking partial_input_delay (0)
11. checking partial_output_delay (0)
12. checking latch_loops (0)

1. checking no_clock (0)
------------------------
 There are 0 register/latch pins with no clock.


2. checking constant_clock (0)
------------------------------
 There are 0 register/latch pins with constant_clock.


3. checking pulse_width_clock (0)
---------------------------------
 There are 0 register/latch pins which need pulse_width check


4. checking unconstrained_internal_endpoints (0)
------------------------------------------------
 There are 0 pins that are not constrained for maximum delay.

 There are 0 pins that are not constrained for maximum delay due to constant clock.


5. checking no_input_delay (5)
------------------------------
 There are 4 input ports with no input delay specified. (HIGH)

 There is 1 input port with no input delay but user has a false path constraint. (MEDIUM)


6. checking no_output_delay (0)
-------------------------------
 There are 0 ports with no output delay specified.

 There are 0 ports with no output delay but user has a false path constraint

 There are 0 ports with no output delay but with a timing clock defined on it or propagating through it


7. checking multiple_clock (0)
------------------------------
 There are 0 register/latch pins with multiple clocks.


8. checking generated_clocks (0)
--------------------------------
 There are 0 generated clocks that are not connected to a clock source.


9. checking loops (0)
---------------------
 There are 0 combinational loops in the design.


10. checking partial_input_delay (0)
------------------------------------
 There are 0 input ports with partial input delay specified.


11. checking partial_output_delay (0)
-------------------------------------
 There are 0 ports with partial output delay specified.


12. checking latch_loops (0)
----------------------------
 There are 0 combinational latch loops in the design through latch input



------------------------------------------------------------------------------------------------
| Design Timing Summary
| ---------------------
------------------------------------------------------------------------------------------------

    WNS(ns)      TNS(ns)  TNS Failing Endpoints  TNS Total Endpoints      WHS(ns)      THS(ns)  THS Failing Endpoints  THS Total Endpoints     WPWS(ns)     TPWS(ns)  TPWS Failing Endpoints  TPWS Total Endpoints  
    -------      -------  ---------------------  -------------------      -------      -------  ---------------------  -------------------     --------     --------  ----------------------  --------------------  
    150.943        0.000                      0                 1045       -0.845       -0.845                      1                 1045       80.880        0.000                       0                   288  


Timing constraints are not met.


------------------------------------------------------------------------------------------------
| Clock Summary
| -------------
------------------------------------------------------------------------------------------------

Clock           Waveform(ns)         Period(ns)      Frequency(MHz)
-----           ------------         ----------      --------------
core_clk_6m144  {0.000 81.380}       162.760         6.144           


------------------------------------------------------------------------------------------------
| Intra Clock Table
| -----------------
------------------------------------------------------------------------------------------------

Clock               WNS(ns)      TNS(ns)  TNS Failing Endpoints  TNS Total Endpoints      WHS(ns)      THS(ns)  THS Failing Endpoints  THS Total Endpoints     WPWS(ns)     TPWS(ns)  TPWS Failing Endpoints  TPWS Total Endpoints  
-----               -------      -------  ---------------------  -------------------      -------      -------  ---------------------  -------------------     --------     --------  ----------------------  --------------------  
core_clk_6m144      150.943        0.000                      0                 1045       -0.845       -0.845                      1                 1045       80.880        0.000                       0                   288  


------------------------------------------------------------------------------------------------
| Inter Clock Table
| -----------------
------------------------------------------------------------------------------------------------

From Clock    To Clock          WNS(ns)      TNS(ns)  TNS Failing Endpoints  TNS Total Endpoints      WHS(ns)      THS(ns)  THS Failing Endpoints  THS Total Endpoints  
----------    --------          -------      -------  ---------------------  -------------------      -------      -------  ---------------------  -------------------  


------------------------------------------------------------------------------------------------
| Other Path Groups Table
| -----------------------
------------------------------------------------------------------------------------------------

Path Group    From Clock    To Clock          WNS(ns)      TNS(ns)  TNS Failing Endpoints  TNS Total Endpoints      WHS(ns)      THS(ns)  THS Failing Endpoints  THS Total Endpoints  
----------    ----------    --------          -------      -------  ---------------------  -------------------      -------      -------  ---------------------  -------------------  


------------------------------------------------------------------------------------------------
| Timing Details
| --------------
------------------------------------------------------------------------------------------------


---------------------------------------------------------------------------------------------------
From Clock:  core_clk_6m144
  To Clock:  core_clk_6m144

Setup :            0  Failing Endpoints,  Worst Slack      150.943ns,  Total Violation        0.000ns
Hold  :            1  Failing Endpoint ,  Worst Slack       -0.845ns,  Total Violation       -0.845ns
PW    :            0  Failing Endpoints,  Worst Slack       80.880ns,  Total Violation        0.000ns
---------------------------------------------------------------------------------------------------


Max Delay Paths
--------------------------------------------------------------------------------------
Slack (MET) :             150.943ns  (required time - arrival time)
  Source:                 gen_serial_cic_comb.u_cic_interp16_serial_comb_dsp_ce/burst_remaining_reg[0]/C
                            (rising edge-triggered cell FDRE clocked by core_clk_6m144  {rise@0.000ns fall@81.380ns period=162.760ns})
  Destination:            gen_serial_cic_comb.u_cic_interp16_serial_comb_dsp_ce/y_out_reg[0]/D
                            (rising edge-triggered cell FDRE clocked by core_clk_6m144  {rise@0.000ns fall@81.380ns period=162.760ns})
  Path Group:             core_clk_6m144
  Path Type:              Setup (Max at Slow Process Corner)
  Requirement:            162.760ns  (core_clk_6m144 rise@162.760ns - core_clk_6m144 rise@0.000ns)
  Data Path Delay:        11.719ns  (logic 5.244ns (44.747%)  route 6.475ns (55.253%))
  Logic Levels:           19  (CARRY4=13 DSP48E1=1 LUT4=2 LUT5=1 LUT6=2)
  Clock Path Skew:        -0.092ns (DCD - SCD + CPR)
    Destination Clock Delay (DCD):    1.248ns = ( 164.008 - 162.760 ) 
    Source Clock Delay      (SCD):    1.346ns
    Clock Pessimism Removal (CPR):    0.006ns
  Clock Uncertainty:      0.035ns  ((TSJ^2 + TIJ^2)^1/2 + DJ) / 2 + PE
    Total System Jitter     (TSJ):    0.071ns
    Total Input Jitter      (TIJ):    0.000ns
    Discrete Jitter          (DJ):    0.000ns
    Phase Error              (PE):    0.000ns

    Location             Delay type                Incr(ns)  Path(ns)    Netlist Resource(s)
  -------------------------------------------------------------------    -------------------
                         (clock core_clk_6m144 rise edge)
                                                      0.000     0.000 r  
                                                      0.000     0.000 r  clk (IN)
                         net (fo=288, unset)          1.346     1.346    clk
    SLICE_X31Y63         FDRE                                         r  gen_serial_cic_comb.u_cic_interp16_serial_comb_dsp_ce/burst_remaining_reg[0]/C
  -------------------------------------------------------------------    -------------------
    SLICE_X31Y63         FDRE (Prop_fdre_C_Q)         0.379     1.725 f  gen_serial_cic_comb.u_cic_interp16_serial_comb_dsp_ce/burst_remaining_reg[0]/Q
                         net (fo=6, routed)           0.716     2.441    gen_serial_cic_comb.u_cic_interp16_serial_comb_dsp_ce/burst_remaining_reg_n_0_[0]
    SLICE_X31Y63         LUT6 (Prop_lut6_I2_O)        0.105     2.546 r  interp128_all2x_LUT6/O
                         net (fo=51, routed)          1.494     4.040    interp128_all2x_net
    SLICE_X34Y58         LUT4 (Prop_lut4_I3_O)        0.105     4.145 r  interp128_all2x_LUT4_2/O
                         net (fo=2, routed)           0.368     4.512    gen_first_integrator_carry_for_comb_dsp.first_integrator_sum_carry_i_3_n_0
    SLICE_X33Y57         CARRY4 (Prop_carry4_S[1]_CO[3])
                                                      0.562     5.074 r  gen_serial_cic_comb.u_cic_interp16_serial_comb_dsp_ce/gen_first_integrator_carry_for_comb_dsp.first_integrator_sum_carry/CO[3]
                         net (fo=1, routed)           0.000     5.074    gen_serial_cic_comb.u_cic_interp16_serial_comb_dsp_ce/gen_first_integrator_carry_for_comb_dsp.first_integrator_sum_carry_n_0
    SLICE_X33Y58         CARRY4 (Prop_carry4_CI_CO[3])
                                                      0.098     5.172 r  gen_serial_cic_comb.u_cic_interp16_serial_comb_dsp_ce/gen_first_integrator_carry_for_comb_dsp.first_integrator_sum_carry__0/CO[3]
                         net (fo=1, routed)           0.000     5.172    gen_serial_cic_comb.u_cic_interp16_serial_comb_dsp_ce/gen_first_integrator_carry_for_comb_dsp.first_integrator_sum_carry__0_n_0
    SLICE_X33Y59         CARRY4 (Prop_carry4_CI_CO[3])
                                                      0.098     5.270 r  gen_serial_cic_comb.u_cic_interp16_serial_comb_dsp_ce/gen_first_integrator_carry_for_comb_dsp.first_integrator_sum_carry__1/CO[3]
                         net (fo=1, routed)           0.000     5.270    gen_serial_cic_comb.u_cic_interp16_serial_comb_dsp_ce/gen_first_integrator_carry_for_comb_dsp.first_integrator_sum_carry__1_n_0
    SLICE_X33Y60         CARRY4 (Prop_carry4_CI_CO[3])
                                                      0.098     5.368 r  gen_serial_cic_comb.u_cic_interp16_serial_comb_dsp_ce/gen_first_integrator_carry_for_comb_dsp.first_integrator_sum_carry__2/CO[3]
                         net (fo=1, routed)           0.000     5.368    gen_serial_cic_comb.u_cic_interp16_serial_comb_dsp_ce/gen_first_integrator_carry_for_comb_dsp.first_integrator_sum_carry__2_n_0
    SLICE_X33Y61         CARRY4 (Prop_carry4_CI_CO[3])
                                                      0.098     5.466 r  gen_serial_cic_comb.u_cic_interp16_serial_comb_dsp_ce/gen_first_integrator_carry_for_comb_dsp.first_integrator_sum_carry__3/CO[3]
                         net (fo=1, routed)           0.000     5.466    gen_serial_cic_comb.u_cic_interp16_serial_comb_dsp_ce/gen_first_integrator_carry_for_comb_dsp.first_integrator_sum_carry__3_n_0
    SLICE_X33Y62         CARRY4 (Prop_carry4_CI_CO[3])
                                                      0.098     5.564 r  gen_serial_cic_comb.u_cic_interp16_serial_comb_dsp_ce/gen_first_integrator_carry_for_comb_dsp.first_integrator_sum_carry__4/CO[3]
                         net (fo=1, routed)           0.000     5.564    gen_serial_cic_comb.u_cic_interp16_serial_comb_dsp_ce/gen_first_integrator_carry_for_comb_dsp.first_integrator_sum_carry__4_n_0
    SLICE_X33Y63         CARRY4 (Prop_carry4_CI_O[1])
                                                      0.265     5.829 r  gen_serial_cic_comb.u_cic_interp16_serial_comb_dsp_ce/gen_first_integrator_carry_for_comb_dsp.first_integrator_sum_carry__5/O[1]
                         net (fo=23, routed)          1.603     7.432    final_input_rounded[25]
    DSP48_X1Y22          DSP48E1 (Prop_dsp48e1_A[23]_P[28])
                                                      1.889     9.321 r  gen_serial_cic_comb.u_cic_interp16_serial_comb_dsp_ce/gen_final_integrator_dsp.final_integrator_sum/P[28]
                         net (fo=22, routed)          0.964    10.285    gen_serial_cic_comb.u_cic_interp16_serial_comb_dsp_ce/gen_final_integrator_dsp.final_integrator_sum_n_77
    SLICE_X54Y55         LUT5 (Prop_lut5_I0_O)        0.105    10.390 r  interp128_all2x_LUT5_26/O
                         net (fo=1, routed)           0.327    10.717    interp128_all2x_net_18
    SLICE_X54Y56         LUT6 (Prop_lut6_I5_O)        0.105    10.822 r  interp128_all2x_LUT6_17/O
                         net (fo=1, routed)           0.000    10.822    rounded_value_carry_i_1__0_n_0
    SLICE_X54Y56         CARRY4 (Prop_carry4_S[0]_CO[3])
                                                      0.423    11.245 r  gen_serial_cic_comb.u_cic_interp16_serial_comb_dsp_ce/u_round_cic_normalized_output/rounded_value_carry/CO[3]
                         net (fo=1, routed)           0.000    11.245    gen_serial_cic_comb.u_cic_interp16_serial_comb_dsp_ce/u_round_cic_normalized_output/rounded_value_carry_n_0
    SLICE_X54Y57         CARRY4 (Prop_carry4_CI_CO[3])
                                                      0.100    11.345 r  gen_serial_cic_comb.u_cic_interp16_serial_comb_dsp_ce/u_round_cic_normalized_output/rounded_value_carry__0/CO[3]
                         net (fo=1, routed)           0.000    11.345    gen_serial_cic_comb.u_cic_interp16_serial_comb_dsp_ce/u_round_cic_normalized_output/rounded_value_carry__0_n_0
    SLICE_X54Y58         CARRY4 (Prop_carry4_CI_CO[3])
                                                      0.100    11.445 r  gen_serial_cic_comb.u_cic_interp16_serial_comb_dsp_ce/u_round_cic_normalized_output/rounded_value_carry__1/CO[3]
                         net (fo=1, routed)           0.000    11.445    gen_serial_cic_comb.u_cic_interp16_serial_comb_dsp_ce/u_round_cic_normalized_output/rounded_value_carry__1_n_0
    SLICE_X54Y59         CARRY4 (Prop_carry4_CI_CO[3])
                                                      0.100    11.545 r  gen_serial_cic_comb.u_cic_interp16_serial_comb_dsp_ce/u_round_cic_normalized_output/rounded_value_carry__2/CO[3]
                         net (fo=1, routed)           0.000    11.545    gen_serial_cic_comb.u_cic_interp16_serial_comb_dsp_ce/u_round_cic_normalized_output/rounded_value_carry__2_n_0
    SLICE_X54Y60         CARRY4 (Prop_carry4_CI_CO[3])
                                                      0.100    11.645 r  gen_serial_cic_comb.u_cic_interp16_serial_comb_dsp_ce/u_round_cic_normalized_output/rounded_value_carry__3/CO[3]
                         net (fo=1, routed)           0.000    11.645    gen_serial_cic_comb.u_cic_interp16_serial_comb_dsp_ce/u_round_cic_normalized_output/rounded_value_carry__3_n_0
    SLICE_X54Y61         CARRY4 (Prop_carry4_CI_O[0])
                                                      0.178    11.823 r  gen_serial_cic_comb.u_cic_interp16_serial_comb_dsp_ce/u_round_cic_normalized_output/rounded_value_carry__4/O[0]
                         net (fo=19, routed)          1.004    12.827    gen_serial_cic_comb.u_cic_interp16_serial_comb_dsp_ce/u_round_cic_normalized_output/rounded_value_carry__4_n_7
    SLICE_X55Y57         LUT4 (Prop_lut4_I1_O)        0.238    13.065 r  y_out[0]_i_1__0/O
                         net (fo=1, routed)           0.000    13.065    normalized_output[0]
    SLICE_X55Y57         FDRE                                         r  gen_serial_cic_comb.u_cic_interp16_serial_comb_dsp_ce/y_out_reg[0]/D
  -------------------------------------------------------------------    -------------------

                         (clock core_clk_6m144 rise edge)
                                                    162.760   162.760 r  
                                                      0.000   162.760 r  clk (IN)
                         net (fo=288, unset)          1.248   164.008    clk
    SLICE_X55Y57         FDRE                                         r  gen_serial_cic_comb.u_cic_interp16_serial_comb_dsp_ce/y_out_reg[0]/C
                         clock pessimism              0.006   164.014    
                         clock uncertainty           -0.035   163.979    
    SLICE_X55Y57         FDRE (Setup_fdre_C_D)        0.030   164.009    gen_serial_cic_comb.u_cic_interp16_serial_comb_dsp_ce/y_out_reg[0]
  -------------------------------------------------------------------
                         required time                        164.009    
                         arrival time                         -13.065    
  -------------------------------------------------------------------
                         slack                                150.943    

Slack (MET) :             150.945ns  (required time - arrival time)
  Source:                 gen_serial_cic_comb.u_cic_interp16_serial_comb_dsp_ce/burst_remaining_reg[0]/C
                            (rising edge-triggered cell FDRE clocked by core_clk_6m144  {rise@0.000ns fall@81.380ns period=162.760ns})
  Destination:            gen_serial_cic_comb.u_cic_interp16_serial_comb_dsp_ce/y_out_reg[1]/D
                            (rising edge-triggered cell FDRE clocked by core_clk_6m144  {rise@0.000ns fall@81.380ns period=162.760ns})
  Path Group:             core_clk_6m144
  Path Type:              Setup (Max at Slow Process Corner)
  Requirement:            162.760ns  (core_clk_6m144 rise@162.760ns - core_clk_6m144 rise@0.000ns)
  Data Path Delay:        11.719ns  (logic 5.244ns (44.747%)  route 6.475ns (55.253%))
  Logic Levels:           19  (CARRY4=13 DSP48E1=1 LUT4=2 LUT5=1 LUT6=2)
  Clock Path Skew:        -0.092ns (DCD - SCD + CPR)
    Destination Clock Delay (DCD):    1.248ns = ( 164.008 - 162.760 ) 
    Source Clock Delay      (SCD):    1.346ns
    Clock Pessimism Removal (CPR):    0.006ns
  Clock Uncertainty:      0.035ns  ((TSJ^2 + TIJ^2)^1/2 + DJ) / 2 + PE
    Total System Jitter     (TSJ):    0.071ns
    Total Input Jitter      (TIJ):    0.000ns
    Discrete Jitter          (DJ):    0.000ns
    Phase Error              (PE):    0.000ns

    Location             Delay type                Incr(ns)  Path(ns)    Netlist Resource(s)
  -------------------------------------------------------------------    -------------------
                         (clock core_clk_6m144 rise edge)
                                                      0.000     0.000 r  
                                                      0.000     0.000 r  clk (IN)
                         net (fo=288, unset)          1.346     1.346    clk
    SLICE_X31Y63         FDRE                                         r  gen_serial_cic_comb.u_cic_interp16_serial_comb_dsp_ce/burst_remaining_reg[0]/C
  -------------------------------------------------------------------    -------------------
    SLICE_X31Y63         FDRE (Prop_fdre_C_Q)         0.379     1.725 f  gen_serial_cic_comb.u_cic_interp16_serial_comb_dsp_ce/burst_remaining_reg[0]/Q
                         net (fo=6, routed)           0.716     2.441    gen_serial_cic_comb.u_cic_interp16_serial_comb_dsp_ce/burst_remaining_reg_n_0_[0]
    SLICE_X31Y63         LUT6 (Prop_lut6_I2_O)        0.105     2.546 r  interp128_all2x_LUT6/O
                         net (fo=51, routed)          1.494     4.040    interp128_all2x_net
    SLICE_X34Y58         LUT4 (Prop_lut4_I3_O)        0.105     4.145 r  interp128_all2x_LUT4_2/O
                         net (fo=2, routed)           0.368     4.512    gen_first_integrator_carry_for_comb_dsp.first_integrator_sum_carry_i_3_n_0
    SLICE_X33Y57         CARRY4 (Prop_carry4_S[1]_CO[3])
                                                      0.562     5.074 r  gen_serial_cic_comb.u_cic_interp16_serial_comb_dsp_ce/gen_first_integrator_carry_for_comb_dsp.first_integrator_sum_carry/CO[3]
                         net (fo=1, routed)           0.000     5.074    gen_serial_cic_comb.u_cic_interp16_serial_comb_dsp_ce/gen_first_integrator_carry_for_comb_dsp.first_integrator_sum_carry_n_0
    SLICE_X33Y58         CARRY4 (Prop_carry4_CI_CO[3])
                                                      0.098     5.172 r  gen_serial_cic_comb.u_cic_interp16_serial_comb_dsp_ce/gen_first_integrator_carry_for_comb_dsp.first_integrator_sum_carry__0/CO[3]
                         net (fo=1, routed)           0.000     5.172    gen_serial_cic_comb.u_cic_interp16_serial_comb_dsp_ce/gen_first_integrator_carry_for_comb_dsp.first_integrator_sum_carry__0_n_0
    SLICE_X33Y59         CARRY4 (Prop_carry4_CI_CO[3])
                                                      0.098     5.270 r  gen_serial_cic_comb.u_cic_interp16_serial_comb_dsp_ce/gen_first_integrator_carry_for_comb_dsp.first_integrator_sum_carry__1/CO[3]
                         net (fo=1, routed)           0.000     5.270    gen_serial_cic_comb.u_cic_interp16_serial_comb_dsp_ce/gen_first_integrator_carry_for_comb_dsp.first_integrator_sum_carry__1_n_0
    SLICE_X33Y60         CARRY4 (Prop_carry4_CI_CO[3])
                                                      0.098     5.368 r  gen_serial_cic_comb.u_cic_interp16_serial_comb_dsp_ce/gen_first_integrator_carry_for_comb_dsp.first_integrator_sum_carry__2/CO[3]
                         net (fo=1, routed)           0.000     5.368    gen_serial_cic_comb.u_cic_interp16_serial_comb_dsp_ce/gen_first_integrator_carry_for_comb_dsp.first_integrator_sum_carry__2_n_0
    SLICE_X33Y61         CARRY4 (Prop_carry4_CI_CO[3])
                                                      0.098     5.466 r  gen_serial_cic_comb.u_cic_interp16_serial_comb_dsp_ce/gen_first_integrator_carry_for_comb_dsp.first_integrator_sum_carry__3/CO[3]
                         net (fo=1, routed)           0.000     5.466    gen_serial_cic_comb.u_cic_interp16_serial_comb_dsp_ce/gen_first_integrator_carry_for_comb_dsp.first_integrator_sum_carry__3_n_0
    SLICE_X33Y62         CARRY4 (Prop_carry4_CI_CO[3])
                                                      0.098     5.564 r  gen_serial_cic_comb.u_cic_interp16_serial_comb_dsp_ce/gen_first_integrator_carry_for_comb_dsp.first_integrator_sum_carry__4/CO[3]
                         net (fo=1, routed)           0.000     5.564    gen_serial_cic_comb.u_cic_interp16_serial_comb_dsp_ce/gen_first_integrator_carry_for_comb_dsp.first_integrator_sum_carry__4_n_0
    SLICE_X33Y63         CARRY4 (Prop_carry4_CI_O[1])
                                                      0.265     5.829 r  gen_serial_cic_comb.u_cic_interp16_serial_comb_dsp_ce/gen_first_integrator_carry_for_comb_dsp.first_integrator_sum_carry__5/O[1]
                         net (fo=23, routed)          1.603     7.432    final_input_rounded[25]
    DSP48_X1Y22          DSP48E1 (Prop_dsp48e1_A[23]_P[28])
                                                      1.889     9.321 r  gen_serial_cic_comb.u_cic_interp16_serial_comb_dsp_ce/gen_final_integrator_dsp.final_integrator_sum/P[28]
                         net (fo=22, routed)          0.964    10.285    gen_serial_cic_comb.u_cic_interp16_serial_comb_dsp_ce/gen_final_integrator_dsp.final_integrator_sum_n_77
    SLICE_X54Y55         LUT5 (Prop_lut5_I0_O)        0.105    10.390 r  interp128_all2x_LUT5_26/O
                         net (fo=1, routed)           0.327    10.717    interp128_all2x_net_18
    SLICE_X54Y56         LUT6 (Prop_lut6_I5_O)        0.105    10.822 r  interp128_all2x_LUT6_17/O
                         net (fo=1, routed)           0.000    10.822    rounded_value_carry_i_1__0_n_0
    SLICE_X54Y56         CARRY4 (Prop_carry4_S[0]_CO[3])
                                                      0.423    11.245 r  gen_serial_cic_comb.u_cic_interp16_serial_comb_dsp_ce/u_round_cic_normalized_output/rounded_value_carry/CO[3]
                         net (fo=1, routed)           0.000    11.245    gen_serial_cic_comb.u_cic_interp16_serial_comb_dsp_ce/u_round_cic_normalized_output/rounded_value_carry_n_0
    SLICE_X54Y57         CARRY4 (Prop_carry4_CI_CO[3])
                                                      0.100    11.345 r  gen_serial_cic_comb.u_cic_interp16_serial_comb_dsp_ce/u_round_cic_normalized_output/rounded_value_carry__0/CO[3]
                         net (fo=1, routed)           0.000    11.345    gen_serial_cic_comb.u_cic_interp16_serial_comb_dsp_ce/u_round_cic_normalized_output/rounded_value_carry__0_n_0
    SLICE_X54Y58         CARRY4 (Prop_carry4_CI_CO[3])
                                                      0.100    11.445 r  gen_serial_cic_comb.u_cic_interp16_serial_comb_dsp_ce/u_round_cic_normalized_output/rounded_value_carry__1/CO[3]
                         net (fo=1, routed)           0.000    11.445    gen_serial_cic_comb.u_cic_interp16_serial_comb_dsp_ce/u_round_cic_normalized_output/rounded_value_carry__1_n_0
    SLICE_X54Y59         CARRY4 (Prop_carry4_CI_CO[3])
                                                      0.100    11.545 r  gen_serial_cic_comb.u_cic_interp16_serial_comb_dsp_ce/u_round_cic_normalized_output/rounded_value_carry__2/CO[3]
                         net (fo=1, routed)           0.000    11.545    gen_serial_cic_comb.u_cic_interp16_serial_comb_dsp_ce/u_round_cic_normalized_output/rounded_value_carry__2_n_0
    SLICE_X54Y60         CARRY4 (Prop_carry4_CI_CO[3])
                                                      0.100    11.645 r  gen_serial_cic_comb.u_cic_interp16_serial_comb_dsp_ce/u_round_cic_normalized_output/rounded_value_carry__3/CO[3]
                         net (fo=1, routed)           0.000    11.645    gen_serial_cic_comb.u_cic_interp16_serial_comb_dsp_ce/u_round_cic_normalized_output/rounded_value_carry__3_n_0
    SLICE_X54Y61         CARRY4 (Prop_carry4_CI_O[0])
                                                      0.178    11.823 r  gen_serial_cic_comb.u_cic_interp16_serial_comb_dsp_ce/u_round_cic_normalized_output/rounded_value_carry__4/O[0]
                         net (fo=19, routed)          1.004    12.827    gen_serial_cic_comb.u_cic_interp16_serial_comb_dsp_ce/u_round_cic_normalized_output/rounded_value_carry__4_n_7
    SLICE_X55Y57         LUT4 (Prop_lut4_I1_O)        0.238    13.065 r  y_out[1]_i_1__0/O
                         net (fo=1, routed)           0.000    13.065    normalized_output[1]
    SLICE_X55Y57         FDRE                                         r  gen_serial_cic_comb.u_cic_interp16_serial_comb_dsp_ce/y_out_reg[1]/D
  -------------------------------------------------------------------    -------------------

                         (clock core_clk_6m144 rise edge)
                                                    162.760   162.760 r  
                                                      0.000   162.760 r  clk (IN)
                         net (fo=288, unset)          1.248   164.008    clk
    SLICE_X55Y57         FDRE                                         r  gen_serial_cic_comb.u_cic_interp16_serial_comb_dsp_ce/y_out_reg[1]/C
                         clock pessimism              0.006   164.014    
                         clock uncertainty           -0.035   163.979    
    SLICE_X55Y57         FDRE (Setup_fdre_C_D)        0.032   164.011    gen_serial_cic_comb.u_cic_interp16_serial_comb_dsp_ce/y_out_reg[1]
  -------------------------------------------------------------------
                         required time                        164.011    
                         arrival time                         -13.065    
  -------------------------------------------------------------------
                         slack                                150.945    

Slack (MET) :             150.946ns  (required time - arrival time)
  Source:                 gen_serial_cic_comb.u_cic_interp16_serial_comb_dsp_ce/burst_remaining_reg[0]/C
                            (rising edge-triggered cell FDRE clocked by core_clk_6m144  {rise@0.000ns fall@81.380ns period=162.760ns})
  Destination:            gen_serial_cic_comb.u_cic_interp16_serial_comb_dsp_ce/y_out_reg[5]/D
                            (rising edge-triggered cell FDRE clocked by core_clk_6m144  {rise@0.000ns fall@81.380ns period=162.760ns})
  Path Group:             core_clk_6m144
  Path Type:              Setup (Max at Slow Process Corner)
  Requirement:            162.760ns  (core_clk_6m144 rise@162.760ns - core_clk_6m144 rise@0.000ns)
  Data Path Delay:        11.720ns  (logic 5.240ns (44.710%)  route 6.480ns (55.290%))
  Logic Levels:           18  (CARRY4=12 DSP48E1=1 LUT4=2 LUT5=1 LUT6=2)
  Clock Path Skew:        -0.092ns (DCD - SCD + CPR)
    Destination Clock Delay (DCD):    1.248ns = ( 164.008 - 162.760 ) 
    Source Clock Delay      (SCD):    1.346ns
    Clock Pessimism Removal (CPR):    0.006ns
  Clock Uncertainty:      0.035ns  ((TSJ^2 + TIJ^2)^1/2 + DJ) / 2 + PE
    Total System Jitter     (TSJ):    0.071ns
    Total Input Jitter      (TIJ):    0.000ns
    Discrete Jitter          (DJ):    0.000ns
    Phase Error              (PE):    0.000ns

    Location             Delay type                Incr(ns)  Path(ns)    Netlist Resource(s)
  -------------------------------------------------------------------    -------------------
                         (clock core_clk_6m144 rise edge)
                                                      0.000     0.000 r  
                                                      0.000     0.000 r  clk (IN)
                         net (fo=288, unset)          1.346     1.346    clk
    SLICE_X31Y63         FDRE                                         r  gen_serial_cic_comb.u_cic_interp16_serial_comb_dsp_ce/burst_remaining_reg[0]/C
  -------------------------------------------------------------------    -------------------
    SLICE_X31Y63         FDRE (Prop_fdre_C_Q)         0.379     1.725 f  gen_serial_cic_comb.u_cic_interp16_serial_comb_dsp_ce/burst_remaining_reg[0]/Q
                         net (fo=6, routed)           0.716     2.441    gen_serial_cic_comb.u_cic_interp16_serial_comb_dsp_ce/burst_remaining_reg_n_0_[0]
    SLICE_X31Y63         LUT6 (Prop_lut6_I2_O)        0.105     2.546 r  interp128_all2x_LUT6/O
                         net (fo=51, routed)          1.494     4.040    interp128_all2x_net
    SLICE_X34Y58         LUT4 (Prop_lut4_I3_O)        0.105     4.145 r  interp128_all2x_LUT4_2/O
                         net (fo=2, routed)           0.368     4.512    gen_first_integrator_carry_for_comb_dsp.first_integrator_sum_carry_i_3_n_0
    SLICE_X33Y57         CARRY4 (Prop_carry4_S[1]_CO[3])
                                                      0.562     5.074 r  gen_serial_cic_comb.u_cic_interp16_serial_comb_dsp_ce/gen_first_integrator_carry_for_comb_dsp.first_integrator_sum_carry/CO[3]
                         net (fo=1, routed)           0.000     5.074    gen_serial_cic_comb.u_cic_interp16_serial_comb_dsp_ce/gen_first_integrator_carry_for_comb_dsp.first_integrator_sum_carry_n_0
    SLICE_X33Y58         CARRY4 (Prop_carry4_CI_CO[3])
                                                      0.098     5.172 r  gen_serial_cic_comb.u_cic_interp16_serial_comb_dsp_ce/gen_first_integrator_carry_for_comb_dsp.first_integrator_sum_carry__0/CO[3]
                         net (fo=1, routed)           0.000     5.172    gen_serial_cic_comb.u_cic_interp16_serial_comb_dsp_ce/gen_first_integrator_carry_for_comb_dsp.first_integrator_sum_carry__0_n_0
    SLICE_X33Y59         CARRY4 (Prop_carry4_CI_CO[3])
                                                      0.098     5.270 r  gen_serial_cic_comb.u_cic_interp16_serial_comb_dsp_ce/gen_first_integrator_carry_for_comb_dsp.first_integrator_sum_carry__1/CO[3]
                         net (fo=1, routed)           0.000     5.270    gen_serial_cic_comb.u_cic_interp16_serial_comb_dsp_ce/gen_first_integrator_carry_for_comb_dsp.first_integrator_sum_carry__1_n_0
    SLICE_X33Y60         CARRY4 (Prop_carry4_CI_CO[3])
                                                      0.098     5.368 r  gen_serial_cic_comb.u_cic_interp16_serial_comb_dsp_ce/gen_first_integrator_carry_for_comb_dsp.first_integrator_sum_carry__2/CO[3]
                         net (fo=1, routed)           0.000     5.368    gen_serial_cic_comb.u_cic_interp16_serial_comb_dsp_ce/gen_first_integrator_carry_for_comb_dsp.first_integrator_sum_carry__2_n_0
    SLICE_X33Y61         CARRY4 (Prop_carry4_CI_CO[3])
                                                      0.098     5.466 r  gen_serial_cic_comb.u_cic_interp16_serial_comb_dsp_ce/gen_first_integrator_carry_for_comb_dsp.first_integrator_sum_carry__3/CO[3]
                         net (fo=1, routed)           0.000     5.466    gen_serial_cic_comb.u_cic_interp16_serial_comb_dsp_ce/gen_first_integrator_carry_for_comb_dsp.first_integrator_sum_carry__3_n_0
    SLICE_X33Y62         CARRY4 (Prop_carry4_CI_CO[3])
                                                      0.098     5.564 r  gen_serial_cic_comb.u_cic_interp16_serial_comb_dsp_ce/gen_first_integrator_carry_for_comb_dsp.first_integrator_sum_carry__4/CO[3]
                         net (fo=1, routed)           0.000     5.564    gen_serial_cic_comb.u_cic_interp16_serial_comb_dsp_ce/gen_first_integrator_carry_for_comb_dsp.first_integrator_sum_carry__4_n_0
    SLICE_X33Y63         CARRY4 (Prop_carry4_CI_O[1])
                                                      0.265     5.829 r  gen_serial_cic_comb.u_cic_interp16_serial_comb_dsp_ce/gen_first_integrator_carry_for_comb_dsp.first_integrator_sum_carry__5/O[1]
                         net (fo=23, routed)          1.603     7.432    final_input_rounded[25]
    DSP48_X1Y22          DSP48E1 (Prop_dsp48e1_A[23]_P[28])
                                                      1.889     9.321 r  gen_serial_cic_comb.u_cic_interp16_serial_comb_dsp_ce/gen_final_integrator_dsp.final_integrator_sum/P[28]
                         net (fo=22, routed)          0.964    10.285    gen_serial_cic_comb.u_cic_interp16_serial_comb_dsp_ce/gen_final_integrator_dsp.final_integrator_sum_n_77
    SLICE_X54Y55         LUT5 (Prop_lut5_I0_O)        0.105    10.390 r  interp128_all2x_LUT5_26/O
                         net (fo=1, routed)           0.327    10.717    interp128_all2x_net_18
    SLICE_X54Y56         LUT6 (Prop_lut6_I5_O)        0.105    10.822 r  interp128_all2x_LUT6_17/O
                         net (fo=1, routed)           0.000    10.822    rounded_value_carry_i_1__0_n_0
    SLICE_X54Y56         CARRY4 (Prop_carry4_S[0]_CO[3])
                                                      0.423    11.245 r  gen_serial_cic_comb.u_cic_interp16_serial_comb_dsp_ce/u_round_cic_normalized_output/rounded_value_carry/CO[3]
                         net (fo=1, routed)           0.000    11.245    gen_serial_cic_comb.u_cic_interp16_serial_comb_dsp_ce/u_round_cic_normalized_output/rounded_value_carry_n_0
    SLICE_X54Y57         CARRY4 (Prop_carry4_CI_CO[3])
                                                      0.100    11.345 r  gen_serial_cic_comb.u_cic_interp16_serial_comb_dsp_ce/u_round_cic_normalized_output/rounded_value_carry__0/CO[3]
                         net (fo=1, routed)           0.000    11.345    gen_serial_cic_comb.u_cic_interp16_serial_comb_dsp_ce/u_round_cic_normalized_output/rounded_value_carry__0_n_0
    SLICE_X54Y58         CARRY4 (Prop_carry4_CI_CO[3])
                                                      0.100    11.445 r  gen_serial_cic_comb.u_cic_interp16_serial_comb_dsp_ce/u_round_cic_normalized_output/rounded_value_carry__1/CO[3]
                         net (fo=1, routed)           0.000    11.445    gen_serial_cic_comb.u_cic_interp16_serial_comb_dsp_ce/u_round_cic_normalized_output/rounded_value_carry__1_n_0
    SLICE_X54Y59         CARRY4 (Prop_carry4_CI_CO[3])
                                                      0.100    11.545 r  gen_serial_cic_comb.u_cic_interp16_serial_comb_dsp_ce/u_round_cic_normalized_output/rounded_value_carry__2/CO[3]
                         net (fo=1, routed)           0.000    11.545    gen_serial_cic_comb.u_cic_interp16_serial_comb_dsp_ce/u_round_cic_normalized_output/rounded_value_carry__2_n_0
    SLICE_X54Y60         CARRY4 (Prop_carry4_CI_O[3])
                                                      0.262    11.807 r  gen_serial_cic_comb.u_cic_interp16_serial_comb_dsp_ce/u_round_cic_normalized_output/rounded_value_carry__3/O[3]
                         net (fo=19, routed)          1.009    12.816    p_0_in0
    SLICE_X55Y57         LUT4 (Prop_lut4_I3_O)        0.250    13.066 r  y_out[5]_i_1__0/O
                         net (fo=1, routed)           0.000    13.066    normalized_output[5]
    SLICE_X55Y57         FDRE                                         r  gen_serial_cic_comb.u_cic_interp16_serial_comb_dsp_ce/y_out_reg[5]/D
  -------------------------------------------------------------------    -------------------

                         (clock core_clk_6m144 rise edge)
                                                    162.760   162.760 r  
                                                      0.000   162.760 r  clk (IN)
                         net (fo=288, unset)          1.248   164.008    clk
    SLICE_X55Y57         FDRE                                         r  gen_serial_cic_comb.u_cic_interp16_serial_comb_dsp_ce/y_out_reg[5]/C
                         clock pessimism              0.006   164.014    
                         clock uncertainty           -0.035   163.979    
    SLICE_X55Y57         FDRE (Setup_fdre_C_D)        0.033   164.012    gen_serial_cic_comb.u_cic_interp16_serial_comb_dsp_ce/y_out_reg[5]
  -------------------------------------------------------------------
                         required time                        164.012    
                         arrival time                         -13.066    
  -------------------------------------------------------------------
                         slack                                150.946    

Slack (MET) :             150.968ns  (required time - arrival time)
  Source:                 gen_serial_cic_comb.u_cic_interp16_serial_comb_dsp_ce/burst_remaining_reg[0]/C
                            (rising edge-triggered cell FDRE clocked by core_clk_6m144  {rise@0.000ns fall@81.380ns period=162.760ns})
  Destination:            gen_serial_cic_comb.u_cic_interp16_serial_comb_dsp_ce/y_out_reg[6]/D
                            (rising edge-triggered cell FDRE clocked by core_clk_6m144  {rise@0.000ns fall@81.380ns period=162.760ns})
  Path Group:             core_clk_6m144
  Path Type:              Setup (Max at Slow Process Corner)
  Requirement:            162.760ns  (core_clk_6m144 rise@162.760ns - core_clk_6m144 rise@0.000ns)
  Data Path Delay:        11.734ns  (logic 5.254ns (44.776%)  route 6.480ns (55.224%))
  Logic Levels:           18  (CARRY4=12 DSP48E1=1 LUT4=2 LUT5=1 LUT6=2)
  Clock Path Skew:        -0.092ns (DCD - SCD + CPR)
    Destination Clock Delay (DCD):    1.248ns = ( 164.008 - 162.760 ) 
    Source Clock Delay      (SCD):    1.346ns
    Clock Pessimism Removal (CPR):    0.006ns
  Clock Uncertainty:      0.035ns  ((TSJ^2 + TIJ^2)^1/2 + DJ) / 2 + PE
    Total System Jitter     (TSJ):    0.071ns
    Total Input Jitter      (TIJ):    0.000ns
    Discrete Jitter          (DJ):    0.000ns
    Phase Error              (PE):    0.000ns

    Location             Delay type                Incr(ns)  Path(ns)    Netlist Resource(s)
  -------------------------------------------------------------------    -------------------
                         (clock core_clk_6m144 rise edge)
                                                      0.000     0.000 r  
                                                      0.000     0.000 r  clk (IN)
                         net (fo=288, unset)          1.346     1.346    clk
    SLICE_X31Y63         FDRE                                         r  gen_serial_cic_comb.u_cic_interp16_serial_comb_dsp_ce/burst_remaining_reg[0]/C
  -------------------------------------------------------------------    -------------------
    SLICE_X31Y63         FDRE (Prop_fdre_C_Q)         0.379     1.725 f  gen_serial_cic_comb.u_cic_interp16_serial_comb_dsp_ce/burst_remaining_reg[0]/Q
                         net (fo=6, routed)           0.716     2.441    gen_serial_cic_comb.u_cic_interp16_serial_comb_dsp_ce/burst_remaining_reg_n_0_[0]
    SLICE_X31Y63         LUT6 (Prop_lut6_I2_O)        0.105     2.546 r  interp128_all2x_LUT6/O
                         net (fo=51, routed)          1.494     4.040    interp128_all2x_net
    SLICE_X34Y58         LUT4 (Prop_lut4_I3_O)        0.105     4.145 r  interp128_all2x_LUT4_2/O
                         net (fo=2, routed)           0.368     4.512    gen_first_integrator_carry_for_comb_dsp.first_integrator_sum_carry_i_3_n_0
    SLICE_X33Y57         CARRY4 (Prop_carry4_S[1]_CO[3])
                                                      0.562     5.074 r  gen_serial_cic_comb.u_cic_interp16_serial_comb_dsp_ce/gen_first_integrator_carry_for_comb_dsp.first_integrator_sum_carry/CO[3]
                         net (fo=1, routed)           0.000     5.074    gen_serial_cic_comb.u_cic_interp16_serial_comb_dsp_ce/gen_first_integrator_carry_for_comb_dsp.first_integrator_sum_carry_n_0
    SLICE_X33Y58         CARRY4 (Prop_carry4_CI_CO[3])
                                                      0.098     5.172 r  gen_serial_cic_comb.u_cic_interp16_serial_comb_dsp_ce/gen_first_integrator_carry_for_comb_dsp.first_integrator_sum_carry__0/CO[3]
                         net (fo=1, routed)           0.000     5.172    gen_serial_cic_comb.u_cic_interp16_serial_comb_dsp_ce/gen_first_integrator_carry_for_comb_dsp.first_integrator_sum_carry__0_n_0
    SLICE_X33Y59         CARRY4 (Prop_carry4_CI_CO[3])
                                                      0.098     5.270 r  gen_serial_cic_comb.u_cic_interp16_serial_comb_dsp_ce/gen_first_integrator_carry_for_comb_dsp.first_integrator_sum_carry__1/CO[3]
                         net (fo=1, routed)           0.000     5.270    gen_serial_cic_comb.u_cic_interp16_serial_comb_dsp_ce/gen_first_integrator_carry_for_comb_dsp.first_integrator_sum_carry__1_n_0
    SLICE_X33Y60         CARRY4 (Prop_carry4_CI_CO[3])
                                                      0.098     5.368 r  gen_serial_cic_comb.u_cic_interp16_serial_comb_dsp_ce/gen_first_integrator_carry_for_comb_dsp.first_integrator_sum_carry__2/CO[3]
                         net (fo=1, routed)           0.000     5.368    gen_serial_cic_comb.u_cic_interp16_serial_comb_dsp_ce/gen_first_integrator_carry_for_comb_dsp.first_integrator_sum_carry__2_n_0
    SLICE_X33Y61         CARRY4 (Prop_carry4_CI_CO[3])
                                                      0.098     5.466 r  gen_serial_cic_comb.u_cic_interp16_serial_comb_dsp_ce/gen_first_integrator_carry_for_comb_dsp.first_integrator_sum_carry__3/CO[3]
                         net (fo=1, routed)           0.000     5.466    gen_serial_cic_comb.u_cic_interp16_serial_comb_dsp_ce/gen_first_integrator_carry_for_comb_dsp.first_integrator_sum_carry__3_n_0
    SLICE_X33Y62         CARRY4 (Prop_carry4_CI_CO[3])
                                                      0.098     5.564 r  gen_serial_cic_comb.u_cic_interp16_serial_comb_dsp_ce/gen_first_integrator_carry_for_comb_dsp.first_integrator_sum_carry__4/CO[3]
                         net (fo=1, routed)           0.000     5.564    gen_serial_cic_comb.u_cic_interp16_serial_comb_dsp_ce/gen_first_integrator_carry_for_comb_dsp.first_integrator_sum_carry__4_n_0
    SLICE_X33Y63         CARRY4 (Prop_carry4_CI_O[1])
                                                      0.265     5.829 r  gen_serial_cic_comb.u_cic_interp16_serial_comb_dsp_ce/gen_first_integrator_carry_for_comb_dsp.first_integrator_sum_carry__5/O[1]
                         net (fo=23, routed)          1.603     7.432    final_input_rounded[25]
    DSP48_X1Y22          DSP48E1 (Prop_dsp48e1_A[23]_P[28])
                                                      1.889     9.321 r  gen_serial_cic_comb.u_cic_interp16_serial_comb_dsp_ce/gen_final_integrator_dsp.final_integrator_sum/P[28]
                         net (fo=22, routed)          0.964    10.285    gen_serial_cic_comb.u_cic_interp16_serial_comb_dsp_ce/gen_final_integrator_dsp.final_integrator_sum_n_77
    SLICE_X54Y55         LUT5 (Prop_lut5_I0_O)        0.105    10.390 r  interp128_all2x_LUT5_26/O
                         net (fo=1, routed)           0.327    10.717    interp128_all2x_net_18
    SLICE_X54Y56         LUT6 (Prop_lut6_I5_O)        0.105    10.822 r  interp128_all2x_LUT6_17/O
                         net (fo=1, routed)           0.000    10.822    rounded_value_carry_i_1__0_n_0
    SLICE_X54Y56         CARRY4 (Prop_carry4_S[0]_CO[3])
                                                      0.423    11.245 r  gen_serial_cic_comb.u_cic_interp16_serial_comb_dsp_ce/u_round_cic_normalized_output/rounded_value_carry/CO[3]
                         net (fo=1, routed)           0.000    11.245    gen_serial_cic_comb.u_cic_interp16_serial_comb_dsp_ce/u_round_cic_normalized_output/rounded_value_carry_n_0
    SLICE_X54Y57         CARRY4 (Prop_carry4_CI_CO[3])
                                                      0.100    11.345 r  gen_serial_cic_comb.u_cic_interp16_serial_comb_dsp_ce/u_round_cic_normalized_output/rounded_value_carry__0/CO[3]
                         net (fo=1, routed)           0.000    11.345    gen_serial_cic_comb.u_cic_interp16_serial_comb_dsp_ce/u_round_cic_normalized_output/rounded_value_carry__0_n_0
    SLICE_X54Y58         CARRY4 (Prop_carry4_CI_CO[3])
                                                      0.100    11.445 r  gen_serial_cic_comb.u_cic_interp16_serial_comb_dsp_ce/u_round_cic_normalized_output/rounded_value_carry__1/CO[3]
                         net (fo=1, routed)           0.000    11.445    gen_serial_cic_comb.u_cic_interp16_serial_comb_dsp_ce/u_round_cic_normalized_output/rounded_value_carry__1_n_0
    SLICE_X54Y59         CARRY4 (Prop_carry4_CI_CO[3])
                                                      0.100    11.545 r  gen_serial_cic_comb.u_cic_interp16_serial_comb_dsp_ce/u_round_cic_normalized_output/rounded_value_carry__2/CO[3]
                         net (fo=1, routed)           0.000    11.545    gen_serial_cic_comb.u_cic_interp16_serial_comb_dsp_ce/u_round_cic_normalized_output/rounded_value_carry__2_n_0
    SLICE_X54Y60         CARRY4 (Prop_carry4_CI_O[3])
                                                      0.262    11.807 r  gen_serial_cic_comb.u_cic_interp16_serial_comb_dsp_ce/u_round_cic_normalized_output/rounded_value_carry__3/O[3]
                         net (fo=19, routed)          1.009    12.816    p_0_in0
    SLICE_X55Y57         LUT4 (Prop_lut4_I3_O)        0.264    13.080 r  y_out[6]_i_1__0/O
                         net (fo=1, routed)           0.000    13.080    normalized_output[6]
    SLICE_X55Y57         FDRE                                         r  gen_serial_cic_comb.u_cic_interp16_serial_comb_dsp_ce/y_out_reg[6]/D
  -------------------------------------------------------------------    -------------------

                         (clock core_clk_6m144 rise edge)
                                                    162.760   162.760 r  
                                                      0.000   162.760 r  clk (IN)
                         net (fo=288, unset)          1.248   164.008    clk
    SLICE_X55Y57         FDRE                                         r  gen_serial_cic_comb.u_cic_interp16_serial_comb_dsp_ce/y_out_reg[6]/C
                         clock pessimism              0.006   164.014    
                         clock uncertainty           -0.035   163.979    
    SLICE_X55Y57         FDRE (Setup_fdre_C_D)        0.069   164.048    gen_serial_cic_comb.u_cic_interp16_serial_comb_dsp_ce/y_out_reg[6]
  -------------------------------------------------------------------
                         required time                        164.048    
                         arrival time                         -13.080    
  -------------------------------------------------------------------
                         slack                                150.968    

Slack (MET) :             150.968ns  (required time - arrival time)
  Source:                 gen_serial_cic_comb.u_cic_interp16_serial_comb_dsp_ce/burst_remaining_reg[0]/C
                            (rising edge-triggered cell FDRE clocked by core_clk_6m144  {rise@0.000ns fall@81.380ns period=162.760ns})
  Destination:            gen_serial_cic_comb.u_cic_interp16_serial_comb_dsp_ce/y_out_reg[2]/D
                            (rising edge-triggered cell FDRE clocked by core_clk_6m144  {rise@0.000ns fall@81.380ns period=162.760ns})
  Path Group:             core_clk_6m144
  Path Type:              Setup (Max at Slow Process Corner)
  Requirement:            162.760ns  (core_clk_6m144 rise@162.760ns - core_clk_6m144 rise@0.000ns)
  Data Path Delay:        11.733ns  (logic 5.258ns (44.813%)  route 6.475ns (55.187%))
  Logic Levels:           19  (CARRY4=13 DSP48E1=1 LUT4=2 LUT5=1 LUT6=2)
  Clock Path Skew:        -0.092ns (DCD - SCD + CPR)
    Destination Clock Delay (DCD):    1.248ns = ( 164.008 - 162.760 ) 
    Source Clock Delay      (SCD):    1.346ns
    Clock Pessimism Removal (CPR):    0.006ns
  Clock Uncertainty:      0.035ns  ((TSJ^2 + TIJ^2)^1/2 + DJ) / 2 + PE
    Total System Jitter     (TSJ):    0.071ns
    Total Input Jitter      (TIJ):    0.000ns
    Discrete Jitter          (DJ):    0.000ns
    Phase Error              (PE):    0.000ns

    Location             Delay type                Incr(ns)  Path(ns)    Netlist Resource(s)
  -------------------------------------------------------------------    -------------------
                         (clock core_clk_6m144 rise edge)
                                                      0.000     0.000 r  
                                                      0.000     0.000 r  clk (IN)
                         net (fo=288, unset)          1.346     1.346    clk
    SLICE_X31Y63         FDRE                                         r  gen_serial_cic_comb.u_cic_interp16_serial_comb_dsp_ce/burst_remaining_reg[0]/C
  -------------------------------------------------------------------    -------------------
    SLICE_X31Y63         FDRE (Prop_fdre_C_Q)         0.379     1.725 f  gen_serial_cic_comb.u_cic_interp16_serial_comb_dsp_ce/burst_remaining_reg[0]/Q
                         net (fo=6, routed)           0.716     2.441    gen_serial_cic_comb.u_cic_interp16_serial_comb_dsp_ce/burst_remaining_reg_n_0_[0]
    SLICE_X31Y63         LUT6 (Prop_lut6_I2_O)        0.105     2.546 r  interp128_all2x_LUT6/O
                         net (fo=51, routed)          1.494     4.040    interp128_all2x_net
    SLICE_X34Y58         LUT4 (Prop_lut4_I3_O)        0.105     4.145 r  interp128_all2x_LUT4_2/O
                         net (fo=2, routed)           0.368     4.512    gen_first_integrator_carry_for_comb_dsp.first_integrator_sum_carry_i_3_n_0
    SLICE_X33Y57         CARRY4 (Prop_carry4_S[1]_CO[3])
                                                      0.562     5.074 r  gen_serial_cic_comb.u_cic_interp16_serial_comb_dsp_ce/gen_first_integrator_carry_for_comb_dsp.first_integrator_sum_carry/CO[3]
                         net (fo=1, routed)           0.000     5.074    gen_serial_cic_comb.u_cic_interp16_serial_comb_dsp_ce/gen_first_integrator_carry_for_comb_dsp.first_integrator_sum_carry_n_0
    SLICE_X33Y58         CARRY4 (Prop_carry4_CI_CO[3])
                                                      0.098     5.172 r  gen_serial_cic_comb.u_cic_interp16_serial_comb_dsp_ce/gen_first_integrator_carry_for_comb_dsp.first_integrator_sum_carry__0/CO[3]
                         net (fo=1, routed)           0.000     5.172    gen_serial_cic_comb.u_cic_interp16_serial_comb_dsp_ce/gen_first_integrator_carry_for_comb_dsp.first_integrator_sum_carry__0_n_0
    SLICE_X33Y59         CARRY4 (Prop_carry4_CI_CO[3])
                                                      0.098     5.270 r  gen_serial_cic_comb.u_cic_interp16_serial_comb_dsp_ce/gen_first_integrator_carry_for_comb_dsp.first_integrator_sum_carry__1/CO[3]
                         net (fo=1, routed)           0.000     5.270    gen_serial_cic_comb.u_cic_interp16_serial_comb_dsp_ce/gen_first_integrator_carry_for_comb_dsp.first_integrator_sum_carry__1_n_0
    SLICE_X33Y60         CARRY4 (Prop_carry4_CI_CO[3])
                                                      0.098     5.368 r  gen_serial_cic_comb.u_cic_interp16_serial_comb_dsp_ce/gen_first_integrator_carry_for_comb_dsp.first_integrator_sum_carry__2/CO[3]
                         net (fo=1, routed)           0.000     5.368    gen_serial_cic_comb.u_cic_interp16_serial_comb_dsp_ce/gen_first_integrator_carry_for_comb_dsp.first_integrator_sum_carry__2_n_0
    SLICE_X33Y61         CARRY4 (Prop_carry4_CI_CO[3])
                                                      0.098     5.466 r  gen_serial_cic_comb.u_cic_interp16_serial_comb_dsp_ce/gen_first_integrator_carry_for_comb_dsp.first_integrator_sum_carry__3/CO[3]
                         net (fo=1, routed)           0.000     5.466    gen_serial_cic_comb.u_cic_interp16_serial_comb_dsp_ce/gen_first_integrator_carry_for_comb_dsp.first_integrator_sum_carry__3_n_0
    SLICE_X33Y62         CARRY4 (Prop_carry4_CI_CO[3])
                                                      0.098     5.564 r  gen_serial_cic_comb.u_cic_interp16_serial_comb_dsp_ce/gen_first_integrator_carry_for_comb_dsp.first_integrator_sum_carry__4/CO[3]
                         net (fo=1, routed)           0.000     5.564    gen_serial_cic_comb.u_cic_interp16_serial_comb_dsp_ce/gen_first_integrator_carry_for_comb_dsp.first_integrator_sum_carry__4_n_0
    SLICE_X33Y63         CARRY4 (Prop_carry4_CI_O[1])
                                                      0.265     5.829 r  gen_serial_cic_comb.u_cic_interp16_serial_comb_dsp_ce/gen_first_integrator_carry_for_comb_dsp.first_integrator_sum_carry__5/O[1]
                         net (fo=23, routed)          1.603     7.432    final_input_rounded[25]
    DSP48_X1Y22          DSP48E1 (Prop_dsp48e1_A[23]_P[28])
                                                      1.889     9.321 r  gen_serial_cic_comb.u_cic_interp16_serial_comb_dsp_ce/gen_final_integrator_dsp.final_integrator_sum/P[28]
                         net (fo=22, routed)          0.964    10.285    gen_serial_cic_comb.u_cic_interp16_serial_comb_dsp_ce/gen_final_integrator_dsp.final_integrator_sum_n_77
    SLICE_X54Y55         LUT5 (Prop_lut5_I0_O)        0.105    10.390 r  interp128_all2x_LUT5_26/O
                         net (fo=1, routed)           0.327    10.717    interp128_all2x_net_18
    SLICE_X54Y56         LUT6 (Prop_lut6_I5_O)        0.105    10.822 r  interp128_all2x_LUT6_17/O
                         net (fo=1, routed)           0.000    10.822    rounded_value_carry_i_1__0_n_0
    SLICE_X54Y56         CARRY4 (Prop_carry4_S[0]_CO[3])
                                                      0.423    11.245 r  gen_serial_cic_comb.u_cic_interp16_serial_comb_dsp_ce/u_round_cic_normalized_output/rounded_value_carry/CO[3]
                         net (fo=1, routed)           0.000    11.245    gen_serial_cic_comb.u_cic_interp16_serial_comb_dsp_ce/u_round_cic_normalized_output/rounded_value_carry_n_0
    SLICE_X54Y57         CARRY4 (Prop_carry4_CI_CO[3])
                                                      0.100    11.345 r  gen_serial_cic_comb.u_cic_interp16_serial_comb_dsp_ce/u_round_cic_normalized_output/rounded_value_carry__0/CO[3]
                         net (fo=1, routed)           0.000    11.345    gen_serial_cic_comb.u_cic_interp16_serial_comb_dsp_ce/u_round_cic_normalized_output/rounded_value_carry__0_n_0
    SLICE_X54Y58         CARRY4 (Prop_carry4_CI_CO[3])
                                                      0.100    11.445 r  gen_serial_cic_comb.u_cic_interp16_serial_comb_dsp_ce/u_round_cic_normalized_output/rounded_value_carry__1/CO[3]
                         net (fo=1, routed)           0.000    11.445    gen_serial_cic_comb.u_cic_interp16_serial_comb_dsp_ce/u_round_cic_normalized_output/rounded_value_carry__1_n_0
    SLICE_X54Y59         CARRY4 (Prop_carry4_CI_CO[3])
                                                      0.100    11.545 r  gen_serial_cic_comb.u_cic_interp16_serial_comb_dsp_ce/u_round_cic_normalized_output/rounded_value_carry__2/CO[3]
                         net (fo=1, routed)           0.000    11.545    gen_serial_cic_comb.u_cic_interp16_serial_comb_dsp_ce/u_round_cic_normalized_output/rounded_value_carry__2_n_0
    SLICE_X54Y60         CARRY4 (Prop_carry4_CI_CO[3])
                                                      0.100    11.645 r  gen_serial_cic_comb.u_cic_interp16_serial_comb_dsp_ce/u_round_cic_normalized_output/rounded_value_carry__3/CO[3]
                         net (fo=1, routed)           0.000    11.645    gen_serial_cic_comb.u_cic_interp16_serial_comb_dsp_ce/u_round_cic_normalized_output/rounded_value_carry__3_n_0
    SLICE_X54Y61         CARRY4 (Prop_carry4_CI_O[0])
                                                      0.178    11.823 r  gen_serial_cic_comb.u_cic_interp16_serial_comb_dsp_ce/u_round_cic_normalized_output/rounded_value_carry__4/O[0]
                         net (fo=19, routed)          1.004    12.827    gen_serial_cic_comb.u_cic_interp16_serial_comb_dsp_ce/u_round_cic_normalized_output/rounded_value_carry__4_n_7
    SLICE_X55Y57         LUT4 (Prop_lut4_I1_O)        0.252    13.079 r  y_out[2]_i_1__0/O
                         net (fo=1, routed)           0.000    13.079    normalized_output[2]
    SLICE_X55Y57         FDRE                                         r  gen_serial_cic_comb.u_cic_interp16_serial_comb_dsp_ce/y_out_reg[2]/D
  -------------------------------------------------------------------    -------------------

                         (clock core_clk_6m144 rise edge)
                                                    162.760   162.760 r  
                                                      0.000   162.760 r  clk (IN)
                         net (fo=288, unset)          1.248   164.008    clk
    SLICE_X55Y57         FDRE                                         r  gen_serial_cic_comb.u_cic_interp16_serial_comb_dsp_ce/y_out_reg[2]/C
                         clock pessimism              0.006   164.014    
                         clock uncertainty           -0.035   163.979    
    SLICE_X55Y57         FDRE (Setup_fdre_C_D)        0.069   164.048    gen_serial_cic_comb.u_cic_interp16_serial_comb_dsp_ce/y_out_reg[2]
  -------------------------------------------------------------------
                         required time                        164.048    
                         arrival time                         -13.079    
  -------------------------------------------------------------------
                         slack                                150.968    

Slack (MET) :             151.077ns  (required time - arrival time)
  Source:                 gen_serial_cic_comb.u_cic_interp16_serial_comb_dsp_ce/burst_remaining_reg[0]/C
                            (rising edge-triggered cell FDRE clocked by core_clk_6m144  {rise@0.000ns fall@81.380ns period=162.760ns})
  Destination:            gen_serial_cic_comb.u_cic_interp16_serial_comb_dsp_ce/y_out_reg[11]/D
                            (rising edge-triggered cell FDRE clocked by core_clk_6m144  {rise@0.000ns fall@81.380ns period=162.760ns})
  Path Group:             core_clk_6m144
  Path Type:              Setup (Max at Slow Process Corner)
  Requirement:            162.760ns  (core_clk_6m144 rise@162.760ns - core_clk_6m144 rise@0.000ns)
  Data Path Delay:        11.585ns  (logic 5.244ns (45.267%)  route 6.341ns (54.733%))
  Logic Levels:           19  (CARRY4=13 DSP48E1=1 LUT4=2 LUT5=1 LUT6=2)
  Clock Path Skew:        -0.093ns (DCD - SCD + CPR)
    Destination Clock Delay (DCD):    1.247ns = ( 164.007 - 162.760 ) 
    Source Clock Delay      (SCD):    1.346ns
    Clock Pessimism Removal (CPR):    0.006ns
  Clock Uncertainty:      0.035ns  ((TSJ^2 + TIJ^2)^1/2 + DJ) / 2 + PE
    Total System Jitter     (TSJ):    0.071ns
    Total Input Jitter      (TIJ):    0.000ns
    Discrete Jitter          (DJ):    0.000ns
    Phase Error              (PE):    0.000ns

    Location             Delay type                Incr(ns)  Path(ns)    Netlist Resource(s)
  -------------------------------------------------------------------    -------------------
                         (clock core_clk_6m144 rise edge)
                                                      0.000     0.000 r  
                                                      0.000     0.000 r  clk (IN)
                         net (fo=288, unset)          1.346     1.346    clk
    SLICE_X31Y63         FDRE                                         r  gen_serial_cic_comb.u_cic_interp16_serial_comb_dsp_ce/burst_remaining_reg[0]/C
  -------------------------------------------------------------------    -------------------
    SLICE_X31Y63         FDRE (Prop_fdre_C_Q)         0.379     1.725 f  gen_serial_cic_comb.u_cic_interp16_serial_comb_dsp_ce/burst_remaining_reg[0]/Q
                         net (fo=6, routed)           0.716     2.441    gen_serial_cic_comb.u_cic_interp16_serial_comb_dsp_ce/burst_remaining_reg_n_0_[0]
    SLICE_X31Y63         LUT6 (Prop_lut6_I2_O)        0.105     2.546 r  interp128_all2x_LUT6/O
                         net (fo=51, routed)          1.494     4.040    interp128_all2x_net
    SLICE_X34Y58         LUT4 (Prop_lut4_I3_O)        0.105     4.145 r  interp128_all2x_LUT4_2/O
                         net (fo=2, routed)           0.368     4.512    gen_first_integrator_carry_for_comb_dsp.first_integrator_sum_carry_i_3_n_0
    SLICE_X33Y57         CARRY4 (Prop_carry4_S[1]_CO[3])
                                                      0.562     5.074 r  gen_serial_cic_comb.u_cic_interp16_serial_comb_dsp_ce/gen_first_integrator_carry_for_comb_dsp.first_integrator_sum_carry/CO[3]
                         net (fo=1, routed)           0.000     5.074    gen_serial_cic_comb.u_cic_interp16_serial_comb_dsp_ce/gen_first_integrator_carry_for_comb_dsp.first_integrator_sum_carry_n_0
    SLICE_X33Y58         CARRY4 (Prop_carry4_CI_CO[3])
                                                      0.098     5.172 r  gen_serial_cic_comb.u_cic_interp16_serial_comb_dsp_ce/gen_first_integrator_carry_for_comb_dsp.first_integrator_sum_carry__0/CO[3]
                         net (fo=1, routed)           0.000     5.172    gen_serial_cic_comb.u_cic_interp16_serial_comb_dsp_ce/gen_first_integrator_carry_for_comb_dsp.first_integrator_sum_carry__0_n_0
    SLICE_X33Y59         CARRY4 (Prop_carry4_CI_CO[3])
                                                      0.098     5.270 r  gen_serial_cic_comb.u_cic_interp16_serial_comb_dsp_ce/gen_first_integrator_carry_for_comb_dsp.first_integrator_sum_carry__1/CO[3]
                         net (fo=1, routed)           0.000     5.270    gen_serial_cic_comb.u_cic_interp16_serial_comb_dsp_ce/gen_first_integrator_carry_for_comb_dsp.first_integrator_sum_carry__1_n_0
    SLICE_X33Y60         CARRY4 (Prop_carry4_CI_CO[3])
                                                      0.098     5.368 r  gen_serial_cic_comb.u_cic_interp16_serial_comb_dsp_ce/gen_first_integrator_carry_for_comb_dsp.first_integrator_sum_carry__2/CO[3]
                         net (fo=1, routed)           0.000     5.368    gen_serial_cic_comb.u_cic_interp16_serial_comb_dsp_ce/gen_first_integrator_carry_for_comb_dsp.first_integrator_sum_carry__2_n_0
    SLICE_X33Y61         CARRY4 (Prop_carry4_CI_CO[3])
                                                      0.098     5.466 r  gen_serial_cic_comb.u_cic_interp16_serial_comb_dsp_ce/gen_first_integrator_carry_for_comb_dsp.first_integrator_sum_carry__3/CO[3]
                         net (fo=1, routed)           0.000     5.466    gen_serial_cic_comb.u_cic_interp16_serial_comb_dsp_ce/gen_first_integrator_carry_for_comb_dsp.first_integrator_sum_carry__3_n_0
    SLICE_X33Y62         CARRY4 (Prop_carry4_CI_CO[3])
                                                      0.098     5.564 r  gen_serial_cic_comb.u_cic_interp16_serial_comb_dsp_ce/gen_first_integrator_carry_for_comb_dsp.first_integrator_sum_carry__4/CO[3]
                         net (fo=1, routed)           0.000     5.564    gen_serial_cic_comb.u_cic_interp16_serial_comb_dsp_ce/gen_first_integrator_carry_for_comb_dsp.first_integrator_sum_carry__4_n_0
    SLICE_X33Y63         CARRY4 (Prop_carry4_CI_O[1])
                                                      0.265     5.829 r  gen_serial_cic_comb.u_cic_interp16_serial_comb_dsp_ce/gen_first_integrator_carry_for_comb_dsp.first_integrator_sum_carry__5/O[1]
                         net (fo=23, routed)          1.603     7.432    final_input_rounded[25]
    DSP48_X1Y22          DSP48E1 (Prop_dsp48e1_A[23]_P[28])
                                                      1.889     9.321 r  gen_serial_cic_comb.u_cic_interp16_serial_comb_dsp_ce/gen_final_integrator_dsp.final_integrator_sum/P[28]
                         net (fo=22, routed)          0.964    10.285    gen_serial_cic_comb.u_cic_interp16_serial_comb_dsp_ce/gen_final_integrator_dsp.final_integrator_sum_n_77
    SLICE_X54Y55         LUT5 (Prop_lut5_I0_O)        0.105    10.390 r  interp128_all2x_LUT5_26/O
                         net (fo=1, routed)           0.327    10.717    interp128_all2x_net_18
    SLICE_X54Y56         LUT6 (Prop_lut6_I5_O)        0.105    10.822 r  interp128_all2x_LUT6_17/O
                         net (fo=1, routed)           0.000    10.822    rounded_value_carry_i_1__0_n_0
    SLICE_X54Y56         CARRY4 (Prop_carry4_S[0]_CO[3])
                                                      0.423    11.245 r  gen_serial_cic_comb.u_cic_interp16_serial_comb_dsp_ce/u_round_cic_normalized_output/rounded_value_carry/CO[3]
                         net (fo=1, routed)           0.000    11.245    gen_serial_cic_comb.u_cic_interp16_serial_comb_dsp_ce/u_round_cic_normalized_output/rounded_value_carry_n_0
    SLICE_X54Y57         CARRY4 (Prop_carry4_CI_CO[3])
                                                      0.100    11.345 r  gen_serial_cic_comb.u_cic_interp16_serial_comb_dsp_ce/u_round_cic_normalized_output/rounded_value_carry__0/CO[3]
                         net (fo=1, routed)           0.000    11.345    gen_serial_cic_comb.u_cic_interp16_serial_comb_dsp_ce/u_round_cic_normalized_output/rounded_value_carry__0_n_0
    SLICE_X54Y58         CARRY4 (Prop_carry4_CI_CO[3])
                                                      0.100    11.445 r  gen_serial_cic_comb.u_cic_interp16_serial_comb_dsp_ce/u_round_cic_normalized_output/rounded_value_carry__1/CO[3]
                         net (fo=1, routed)           0.000    11.445    gen_serial_cic_comb.u_cic_interp16_serial_comb_dsp_ce/u_round_cic_normalized_output/rounded_value_carry__1_n_0
    SLICE_X54Y59         CARRY4 (Prop_carry4_CI_CO[3])
                                                      0.100    11.545 r  gen_serial_cic_comb.u_cic_interp16_serial_comb_dsp_ce/u_round_cic_normalized_output/rounded_value_carry__2/CO[3]
                         net (fo=1, routed)           0.000    11.545    gen_serial_cic_comb.u_cic_interp16_serial_comb_dsp_ce/u_round_cic_normalized_output/rounded_value_carry__2_n_0
    SLICE_X54Y60         CARRY4 (Prop_carry4_CI_CO[3])
                                                      0.100    11.645 r  gen_serial_cic_comb.u_cic_interp16_serial_comb_dsp_ce/u_round_cic_normalized_output/rounded_value_carry__3/CO[3]
                         net (fo=1, routed)           0.000    11.645    gen_serial_cic_comb.u_cic_interp16_serial_comb_dsp_ce/u_round_cic_normalized_output/rounded_value_carry__3_n_0
    SLICE_X54Y61         CARRY4 (Prop_carry4_CI_O[0])
                                                      0.178    11.823 r  gen_serial_cic_comb.u_cic_interp16_serial_comb_dsp_ce/u_round_cic_normalized_output/rounded_value_carry__4/O[0]
                         net (fo=19, routed)          0.869    12.693    gen_serial_cic_comb.u_cic_interp16_serial_comb_dsp_ce/u_round_cic_normalized_output/rounded_value_carry__4_n_7
    SLICE_X55Y59         LUT4 (Prop_lut4_I1_O)        0.238    12.931 r  y_out[11]_i_1__0/O
                         net (fo=1, routed)           0.000    12.931    normalized_output[11]
    SLICE_X55Y59         FDRE                                         r  gen_serial_cic_comb.u_cic_interp16_serial_comb_dsp_ce/y_out_reg[11]/D
  -------------------------------------------------------------------    -------------------

                         (clock core_clk_6m144 rise edge)
                                                    162.760   162.760 r  
                                                      0.000   162.760 r  clk (IN)
                         net (fo=288, unset)          1.247   164.007    clk
    SLICE_X55Y59         FDRE                                         r  gen_serial_cic_comb.u_cic_interp16_serial_comb_dsp_ce/y_out_reg[11]/C
                         clock pessimism              0.006   164.013    
                         clock uncertainty           -0.035   163.978    
    SLICE_X55Y59         FDRE (Setup_fdre_C_D)        0.030   164.008    gen_serial_cic_comb.u_cic_interp16_serial_comb_dsp_ce/y_out_reg[11]
  -------------------------------------------------------------------
                         required time                        164.008    
                         arrival time                         -12.931    
  -------------------------------------------------------------------
                         slack                                151.077    

Slack (MET) :             151.079ns  (required time - arrival time)
  Source:                 gen_serial_cic_comb.u_cic_interp16_serial_comb_dsp_ce/burst_remaining_reg[0]/C
                            (rising edge-triggered cell FDRE clocked by core_clk_6m144  {rise@0.000ns fall@81.380ns period=162.760ns})
  Destination:            gen_serial_cic_comb.u_cic_interp16_serial_comb_dsp_ce/y_out_reg[13]/D
                            (rising edge-triggered cell FDRE clocked by core_clk_6m144  {rise@0.000ns fall@81.380ns period=162.760ns})
  Path Group:             core_clk_6m144
  Path Type:              Setup (Max at Slow Process Corner)
  Requirement:            162.760ns  (core_clk_6m144 rise@162.760ns - core_clk_6m144 rise@0.000ns)
  Data Path Delay:        11.585ns  (logic 5.244ns (45.267%)  route 6.341ns (54.733%))
  Logic Levels:           19  (CARRY4=13 DSP48E1=1 LUT4=2 LUT5=1 LUT6=2)
  Clock Path Skew:        -0.093ns (DCD - SCD + CPR)
    Destination Clock Delay (DCD):    1.247ns = ( 164.007 - 162.760 ) 
    Source Clock Delay      (SCD):    1.346ns
    Clock Pessimism Removal (CPR):    0.006ns
  Clock Uncertainty:      0.035ns  ((TSJ^2 + TIJ^2)^1/2 + DJ) / 2 + PE
    Total System Jitter     (TSJ):    0.071ns
    Total Input Jitter      (TIJ):    0.000ns
    Discrete Jitter          (DJ):    0.000ns
    Phase Error              (PE):    0.000ns

    Location             Delay type                Incr(ns)  Path(ns)    Netlist Resource(s)
  -------------------------------------------------------------------    -------------------
                         (clock core_clk_6m144 rise edge)
                                                      0.000     0.000 r  
                                                      0.000     0.000 r  clk (IN)
                         net (fo=288, unset)          1.346     1.346    clk
    SLICE_X31Y63         FDRE                                         r  gen_serial_cic_comb.u_cic_interp16_serial_comb_dsp_ce/burst_remaining_reg[0]/C
  -------------------------------------------------------------------    -------------------
    SLICE_X31Y63         FDRE (Prop_fdre_C_Q)         0.379     1.725 f  gen_serial_cic_comb.u_cic_interp16_serial_comb_dsp_ce/burst_remaining_reg[0]/Q
                         net (fo=6, routed)           0.716     2.441    gen_serial_cic_comb.u_cic_interp16_serial_comb_dsp_ce/burst_remaining_reg_n_0_[0]
    SLICE_X31Y63         LUT6 (Prop_lut6_I2_O)        0.105     2.546 r  interp128_all2x_LUT6/O
                         net (fo=51, routed)          1.494     4.040    interp128_all2x_net
    SLICE_X34Y58         LUT4 (Prop_lut4_I3_O)        0.105     4.145 r  interp128_all2x_LUT4_2/O
                         net (fo=2, routed)           0.368     4.512    gen_first_integrator_carry_for_comb_dsp.first_integrator_sum_carry_i_3_n_0
    SLICE_X33Y57         CARRY4 (Prop_carry4_S[1]_CO[3])
                                                      0.562     5.074 r  gen_serial_cic_comb.u_cic_interp16_serial_comb_dsp_ce/gen_first_integrator_carry_for_comb_dsp.first_integrator_sum_carry/CO[3]
                         net (fo=1, routed)           0.000     5.074    gen_serial_cic_comb.u_cic_interp16_serial_comb_dsp_ce/gen_first_integrator_carry_for_comb_dsp.first_integrator_sum_carry_n_0
    SLICE_X33Y58         CARRY4 (Prop_carry4_CI_CO[3])
                                                      0.098     5.172 r  gen_serial_cic_comb.u_cic_interp16_serial_comb_dsp_ce/gen_first_integrator_carry_for_comb_dsp.first_integrator_sum_carry__0/CO[3]
                         net (fo=1, routed)           0.000     5.172    gen_serial_cic_comb.u_cic_interp16_serial_comb_dsp_ce/gen_first_integrator_carry_for_comb_dsp.first_integrator_sum_carry__0_n_0
    SLICE_X33Y59         CARRY4 (Prop_carry4_CI_CO[3])
                                                      0.098     5.270 r  gen_serial_cic_comb.u_cic_interp16_serial_comb_dsp_ce/gen_first_integrator_carry_for_comb_dsp.first_integrator_sum_carry__1/CO[3]
                         net (fo=1, routed)           0.000     5.270    gen_serial_cic_comb.u_cic_interp16_serial_comb_dsp_ce/gen_first_integrator_carry_for_comb_dsp.first_integrator_sum_carry__1_n_0
    SLICE_X33Y60         CARRY4 (Prop_carry4_CI_CO[3])
                                                      0.098     5.368 r  gen_serial_cic_comb.u_cic_interp16_serial_comb_dsp_ce/gen_first_integrator_carry_for_comb_dsp.first_integrator_sum_carry__2/CO[3]
                         net (fo=1, routed)           0.000     5.368    gen_serial_cic_comb.u_cic_interp16_serial_comb_dsp_ce/gen_first_integrator_carry_for_comb_dsp.first_integrator_sum_carry__2_n_0
    SLICE_X33Y61         CARRY4 (Prop_carry4_CI_CO[3])
                                                      0.098     5.466 r  gen_serial_cic_comb.u_cic_interp16_serial_comb_dsp_ce/gen_first_integrator_carry_for_comb_dsp.first_integrator_sum_carry__3/CO[3]
                         net (fo=1, routed)           0.000     5.466    gen_serial_cic_comb.u_cic_interp16_serial_comb_dsp_ce/gen_first_integrator_carry_for_comb_dsp.first_integrator_sum_carry__3_n_0
    SLICE_X33Y62         CARRY4 (Prop_carry4_CI_CO[3])
                                                      0.098     5.564 r  gen_serial_cic_comb.u_cic_interp16_serial_comb_dsp_ce/gen_first_integrator_carry_for_comb_dsp.first_integrator_sum_carry__4/CO[3]
                         net (fo=1, routed)           0.000     5.564    gen_serial_cic_comb.u_cic_interp16_serial_comb_dsp_ce/gen_first_integrator_carry_for_comb_dsp.first_integrator_sum_carry__4_n_0
    SLICE_X33Y63         CARRY4 (Prop_carry4_CI_O[1])
                                                      0.265     5.829 r  gen_serial_cic_comb.u_cic_interp16_serial_comb_dsp_ce/gen_first_integrator_carry_for_comb_dsp.first_integrator_sum_carry__5/O[1]
                         net (fo=23, routed)          1.603     7.432    final_input_rounded[25]
    DSP48_X1Y22          DSP48E1 (Prop_dsp48e1_A[23]_P[28])
                                                      1.889     9.321 r  gen_serial_cic_comb.u_cic_interp16_serial_comb_dsp_ce/gen_final_integrator_dsp.final_integrator_sum/P[28]
                         net (fo=22, routed)          0.964    10.285    gen_serial_cic_comb.u_cic_interp16_serial_comb_dsp_ce/gen_final_integrator_dsp.final_integrator_sum_n_77
    SLICE_X54Y55         LUT5 (Prop_lut5_I0_O)        0.105    10.390 r  interp128_all2x_LUT5_26/O
                         net (fo=1, routed)           0.327    10.717    interp128_all2x_net_18
    SLICE_X54Y56         LUT6 (Prop_lut6_I5_O)        0.105    10.822 r  interp128_all2x_LUT6_17/O
                         net (fo=1, routed)           0.000    10.822    rounded_value_carry_i_1__0_n_0
    SLICE_X54Y56         CARRY4 (Prop_carry4_S[0]_CO[3])
                                                      0.423    11.245 r  gen_serial_cic_comb.u_cic_interp16_serial_comb_dsp_ce/u_round_cic_normalized_output/rounded_value_carry/CO[3]
                         net (fo=1, routed)           0.000    11.245    gen_serial_cic_comb.u_cic_interp16_serial_comb_dsp_ce/u_round_cic_normalized_output/rounded_value_carry_n_0
    SLICE_X54Y57         CARRY4 (Prop_carry4_CI_CO[3])
                                                      0.100    11.345 r  gen_serial_cic_comb.u_cic_interp16_serial_comb_dsp_ce/u_round_cic_normalized_output/rounded_value_carry__0/CO[3]
                         net (fo=1, routed)           0.000    11.345    gen_serial_cic_comb.u_cic_interp16_serial_comb_dsp_ce/u_round_cic_normalized_output/rounded_value_carry__0_n_0
    SLICE_X54Y58         CARRY4 (Prop_carry4_CI_CO[3])
                                                      0.100    11.445 r  gen_serial_cic_comb.u_cic_interp16_serial_comb_dsp_ce/u_round_cic_normalized_output/rounded_value_carry__1/CO[3]
                         net (fo=1, routed)           0.000    11.445    gen_serial_cic_comb.u_cic_interp16_serial_comb_dsp_ce/u_round_cic_normalized_output/rounded_value_carry__1_n_0
    SLICE_X54Y59         CARRY4 (Prop_carry4_CI_CO[3])
                                                      0.100    11.545 r  gen_serial_cic_comb.u_cic_interp16_serial_comb_dsp_ce/u_round_cic_normalized_output/rounded_value_carry__2/CO[3]
                         net (fo=1, routed)           0.000    11.545    gen_serial_cic_comb.u_cic_interp16_serial_comb_dsp_ce/u_round_cic_normalized_output/rounded_value_carry__2_n_0
    SLICE_X54Y60         CARRY4 (Prop_carry4_CI_CO[3])
                                                      0.100    11.645 r  gen_serial_cic_comb.u_cic_interp16_serial_comb_dsp_ce/u_round_cic_normalized_output/rounded_value_carry__3/CO[3]
                         net (fo=1, routed)           0.000    11.645    gen_serial_cic_comb.u_cic_interp16_serial_comb_dsp_ce/u_round_cic_normalized_output/rounded_value_carry__3_n_0
    SLICE_X54Y61         CARRY4 (Prop_carry4_CI_O[0])
                                                      0.178    11.823 r  gen_serial_cic_comb.u_cic_interp16_serial_comb_dsp_ce/u_round_cic_normalized_output/rounded_value_carry__4/O[0]
                         net (fo=19, routed)          0.869    12.693    gen_serial_cic_comb.u_cic_interp16_serial_comb_dsp_ce/u_round_cic_normalized_output/rounded_value_carry__4_n_7
    SLICE_X55Y59         LUT4 (Prop_lut4_I1_O)        0.238    12.931 r  y_out[13]_i_1__0/O
                         net (fo=1, routed)           0.000    12.931    normalized_output[13]
    SLICE_X55Y59         FDRE                                         r  gen_serial_cic_comb.u_cic_interp16_serial_comb_dsp_ce/y_out_reg[13]/D
  -------------------------------------------------------------------    -------------------

                         (clock core_clk_6m144 rise edge)
                                                    162.760   162.760 r  
                                                      0.000   162.760 r  clk (IN)
                         net (fo=288, unset)          1.247   164.007    clk
    SLICE_X55Y59         FDRE                                         r  gen_serial_cic_comb.u_cic_interp16_serial_comb_dsp_ce/y_out_reg[13]/C
                         clock pessimism              0.006   164.013    
                         clock uncertainty           -0.035   163.978    
    SLICE_X55Y59         FDRE (Setup_fdre_C_D)        0.032   164.010    gen_serial_cic_comb.u_cic_interp16_serial_comb_dsp_ce/y_out_reg[13]
  -------------------------------------------------------------------
                         required time                        164.010    
                         arrival time                         -12.931    
  -------------------------------------------------------------------
                         slack                                151.079    

Slack (MET) :             151.102ns  (required time - arrival time)
  Source:                 gen_serial_cic_comb.u_cic_interp16_serial_comb_dsp_ce/burst_remaining_reg[0]/C
                            (rising edge-triggered cell FDRE clocked by core_clk_6m144  {rise@0.000ns fall@81.380ns period=162.760ns})
  Destination:            gen_serial_cic_comb.u_cic_interp16_serial_comb_dsp_ce/y_out_reg[12]/D
                            (rising edge-triggered cell FDRE clocked by core_clk_6m144  {rise@0.000ns fall@81.380ns period=162.760ns})
  Path Group:             core_clk_6m144
  Path Type:              Setup (Max at Slow Process Corner)
  Requirement:            162.760ns  (core_clk_6m144 rise@162.760ns - core_clk_6m144 rise@0.000ns)
  Data Path Delay:        11.599ns  (logic 5.258ns (45.333%)  route 6.341ns (54.667%))
  Logic Levels:           19  (CARRY4=13 DSP48E1=1 LUT4=2 LUT5=1 LUT6=2)
  Clock Path Skew:        -0.093ns (DCD - SCD + CPR)
    Destination Clock Delay (DCD):    1.247ns = ( 164.007 - 162.760 ) 
    Source Clock Delay      (SCD):    1.346ns
    Clock Pessimism Removal (CPR):    0.006ns
  Clock Uncertainty:      0.035ns  ((TSJ^2 + TIJ^2)^1/2 + DJ) / 2 + PE
    Total System Jitter     (TSJ):    0.071ns
    Total Input Jitter      (TIJ):    0.000ns
    Discrete Jitter          (DJ):    0.000ns
    Phase Error              (PE):    0.000ns

    Location             Delay type                Incr(ns)  Path(ns)    Netlist Resource(s)
  -------------------------------------------------------------------    -------------------
                         (clock core_clk_6m144 rise edge)
                                                      0.000     0.000 r  
                                                      0.000     0.000 r  clk (IN)
                         net (fo=288, unset)          1.346     1.346    clk
    SLICE_X31Y63         FDRE                                         r  gen_serial_cic_comb.u_cic_interp16_serial_comb_dsp_ce/burst_remaining_reg[0]/C
  -------------------------------------------------------------------    -------------------
    SLICE_X31Y63         FDRE (Prop_fdre_C_Q)         0.379     1.725 f  gen_serial_cic_comb.u_cic_interp16_serial_comb_dsp_ce/burst_remaining_reg[0]/Q
                         net (fo=6, routed)           0.716     2.441    gen_serial_cic_comb.u_cic_interp16_serial_comb_dsp_ce/burst_remaining_reg_n_0_[0]
    SLICE_X31Y63         LUT6 (Prop_lut6_I2_O)        0.105     2.546 r  interp128_all2x_LUT6/O
                         net (fo=51, routed)          1.494     4.040    interp128_all2x_net
    SLICE_X34Y58         LUT4 (Prop_lut4_I3_O)        0.105     4.145 r  interp128_all2x_LUT4_2/O
                         net (fo=2, routed)           0.368     4.512    gen_first_integrator_carry_for_comb_dsp.first_integrator_sum_carry_i_3_n_0
    SLICE_X33Y57         CARRY4 (Prop_carry4_S[1]_CO[3])
                                                      0.562     5.074 r  gen_serial_cic_comb.u_cic_interp16_serial_comb_dsp_ce/gen_first_integrator_carry_for_comb_dsp.first_integrator_sum_carry/CO[3]
                         net (fo=1, routed)           0.000     5.074    gen_serial_cic_comb.u_cic_interp16_serial_comb_dsp_ce/gen_first_integrator_carry_for_comb_dsp.first_integrator_sum_carry_n_0
    SLICE_X33Y58         CARRY4 (Prop_carry4_CI_CO[3])
                                                      0.098     5.172 r  gen_serial_cic_comb.u_cic_interp16_serial_comb_dsp_ce/gen_first_integrator_carry_for_comb_dsp.first_integrator_sum_carry__0/CO[3]
                         net (fo=1, routed)           0.000     5.172    gen_serial_cic_comb.u_cic_interp16_serial_comb_dsp_ce/gen_first_integrator_carry_for_comb_dsp.first_integrator_sum_carry__0_n_0
    SLICE_X33Y59         CARRY4 (Prop_carry4_CI_CO[3])
                                                      0.098     5.270 r  gen_serial_cic_comb.u_cic_interp16_serial_comb_dsp_ce/gen_first_integrator_carry_for_comb_dsp.first_integrator_sum_carry__1/CO[3]
                         net (fo=1, routed)           0.000     5.270    gen_serial_cic_comb.u_cic_interp16_serial_comb_dsp_ce/gen_first_integrator_carry_for_comb_dsp.first_integrator_sum_carry__1_n_0
    SLICE_X33Y60         CARRY4 (Prop_carry4_CI_CO[3])
                                                      0.098     5.368 r  gen_serial_cic_comb.u_cic_interp16_serial_comb_dsp_ce/gen_first_integrator_carry_for_comb_dsp.first_integrator_sum_carry__2/CO[3]
                         net (fo=1, routed)           0.000     5.368    gen_serial_cic_comb.u_cic_interp16_serial_comb_dsp_ce/gen_first_integrator_carry_for_comb_dsp.first_integrator_sum_carry__2_n_0
    SLICE_X33Y61         CARRY4 (Prop_carry4_CI_CO[3])
                                                      0.098     5.466 r  gen_serial_cic_comb.u_cic_interp16_serial_comb_dsp_ce/gen_first_integrator_carry_for_comb_dsp.first_integrator_sum_carry__3/CO[3]
                         net (fo=1, routed)           0.000     5.466    gen_serial_cic_comb.u_cic_interp16_serial_comb_dsp_ce/gen_first_integrator_carry_for_comb_dsp.first_integrator_sum_carry__3_n_0
    SLICE_X33Y62         CARRY4 (Prop_carry4_CI_CO[3])
                                                      0.098     5.564 r  gen_serial_cic_comb.u_cic_interp16_serial_comb_dsp_ce/gen_first_integrator_carry_for_comb_dsp.first_integrator_sum_carry__4/CO[3]
                         net (fo=1, routed)           0.000     5.564    gen_serial_cic_comb.u_cic_interp16_serial_comb_dsp_ce/gen_first_integrator_carry_for_comb_dsp.first_integrator_sum_carry__4_n_0
    SLICE_X33Y63         CARRY4 (Prop_carry4_CI_O[1])
                                                      0.265     5.829 r  gen_serial_cic_comb.u_cic_interp16_serial_comb_dsp_ce/gen_first_integrator_carry_for_comb_dsp.first_integrator_sum_carry__5/O[1]
                         net (fo=23, routed)          1.603     7.432    final_input_rounded[25]
    DSP48_X1Y22          DSP48E1 (Prop_dsp48e1_A[23]_P[28])
                                                      1.889     9.321 r  gen_serial_cic_comb.u_cic_interp16_serial_comb_dsp_ce/gen_final_integrator_dsp.final_integrator_sum/P[28]
                         net (fo=22, routed)          0.964    10.285    gen_serial_cic_comb.u_cic_interp16_serial_comb_dsp_ce/gen_final_integrator_dsp.final_integrator_sum_n_77
    SLICE_X54Y55         LUT5 (Prop_lut5_I0_O)        0.105    10.390 r  interp128_all2x_LUT5_26/O
                         net (fo=1, routed)           0.327    10.717    interp128_all2x_net_18
    SLICE_X54Y56         LUT6 (Prop_lut6_I5_O)        0.105    10.822 r  interp128_all2x_LUT6_17/O
                         net (fo=1, routed)           0.000    10.822    rounded_value_carry_i_1__0_n_0
    SLICE_X54Y56         CARRY4 (Prop_carry4_S[0]_CO[3])
                                                      0.423    11.245 r  gen_serial_cic_comb.u_cic_interp16_serial_comb_dsp_ce/u_round_cic_normalized_output/rounded_value_carry/CO[3]
                         net (fo=1, routed)           0.000    11.245    gen_serial_cic_comb.u_cic_interp16_serial_comb_dsp_ce/u_round_cic_normalized_output/rounded_value_carry_n_0
    SLICE_X54Y57         CARRY4 (Prop_carry4_CI_CO[3])
                                                      0.100    11.345 r  gen_serial_cic_comb.u_cic_interp16_serial_comb_dsp_ce/u_round_cic_normalized_output/rounded_value_carry__0/CO[3]
                         net (fo=1, routed)           0.000    11.345    gen_serial_cic_comb.u_cic_interp16_serial_comb_dsp_ce/u_round_cic_normalized_output/rounded_value_carry__0_n_0
    SLICE_X54Y58         CARRY4 (Prop_carry4_CI_CO[3])
                                                      0.100    11.445 r  gen_serial_cic_comb.u_cic_interp16_serial_comb_dsp_ce/u_round_cic_normalized_output/rounded_value_carry__1/CO[3]
                         net (fo=1, routed)           0.000    11.445    gen_serial_cic_comb.u_cic_interp16_serial_comb_dsp_ce/u_round_cic_normalized_output/rounded_value_carry__1_n_0
    SLICE_X54Y59         CARRY4 (Prop_carry4_CI_CO[3])
                                                      0.100    11.545 r  gen_serial_cic_comb.u_cic_interp16_serial_comb_dsp_ce/u_round_cic_normalized_output/rounded_value_carry__2/CO[3]
                         net (fo=1, routed)           0.000    11.545    gen_serial_cic_comb.u_cic_interp16_serial_comb_dsp_ce/u_round_cic_normalized_output/rounded_value_carry__2_n_0
    SLICE_X54Y60         CARRY4 (Prop_carry4_CI_CO[3])
                                                      0.100    11.645 r  gen_serial_cic_comb.u_cic_interp16_serial_comb_dsp_ce/u_round_cic_normalized_output/rounded_value_carry__3/CO[3]
                         net (fo=1, routed)           0.000    11.645    gen_serial_cic_comb.u_cic_interp16_serial_comb_dsp_ce/u_round_cic_normalized_output/rounded_value_carry__3_n_0
    SLICE_X54Y61         CARRY4 (Prop_carry4_CI_O[0])
                                                      0.178    11.823 r  gen_serial_cic_comb.u_cic_interp16_serial_comb_dsp_ce/u_round_cic_normalized_output/rounded_value_carry__4/O[0]
                         net (fo=19, routed)          0.869    12.693    gen_serial_cic_comb.u_cic_interp16_serial_comb_dsp_ce/u_round_cic_normalized_output/rounded_value_carry__4_n_7
    SLICE_X55Y59         LUT4 (Prop_lut4_I1_O)        0.252    12.945 r  y_out[12]_i_1__0/O
                         net (fo=1, routed)           0.000    12.945    normalized_output[12]
    SLICE_X55Y59         FDRE                                         r  gen_serial_cic_comb.u_cic_interp16_serial_comb_dsp_ce/y_out_reg[12]/D
  -------------------------------------------------------------------    -------------------

                         (clock core_clk_6m144 rise edge)
                                                    162.760   162.760 r  
                                                      0.000   162.760 r  clk (IN)
                         net (fo=288, unset)          1.247   164.007    clk
    SLICE_X55Y59         FDRE                                         r  gen_serial_cic_comb.u_cic_interp16_serial_comb_dsp_ce/y_out_reg[12]/C
                         clock pessimism              0.006   164.013    
                         clock uncertainty           -0.035   163.978    
    SLICE_X55Y59         FDRE (Setup_fdre_C_D)        0.069   164.047    gen_serial_cic_comb.u_cic_interp16_serial_comb_dsp_ce/y_out_reg[12]
  -------------------------------------------------------------------
                         required time                        164.047    
                         arrival time                         -12.945    
  -------------------------------------------------------------------
                         slack                                151.102    

Slack (MET) :             151.102ns  (required time - arrival time)
  Source:                 gen_serial_cic_comb.u_cic_interp16_serial_comb_dsp_ce/burst_remaining_reg[0]/C
                            (rising edge-triggered cell FDRE clocked by core_clk_6m144  {rise@0.000ns fall@81.380ns period=162.760ns})
  Destination:            gen_serial_cic_comb.u_cic_interp16_serial_comb_dsp_ce/y_out_reg[14]/D
                            (rising edge-triggered cell FDRE clocked by core_clk_6m144  {rise@0.000ns fall@81.380ns period=162.760ns})
  Path Group:             core_clk_6m144
  Path Type:              Setup (Max at Slow Process Corner)
  Requirement:            162.760ns  (core_clk_6m144 rise@162.760ns - core_clk_6m144 rise@0.000ns)
  Data Path Delay:        11.599ns  (logic 5.258ns (45.333%)  route 6.341ns (54.667%))
  Logic Levels:           19  (CARRY4=13 DSP48E1=1 LUT4=2 LUT5=1 LUT6=2)
  Clock Path Skew:        -0.093ns (DCD - SCD + CPR)
    Destination Clock Delay (DCD):    1.247ns = ( 164.007 - 162.760 ) 
    Source Clock Delay      (SCD):    1.346ns
    Clock Pessimism Removal (CPR):    0.006ns
  Clock Uncertainty:      0.035ns  ((TSJ^2 + TIJ^2)^1/2 + DJ) / 2 + PE
    Total System Jitter     (TSJ):    0.071ns
    Total Input Jitter      (TIJ):    0.000ns
    Discrete Jitter          (DJ):    0.000ns
    Phase Error              (PE):    0.000ns

    Location             Delay type                Incr(ns)  Path(ns)    Netlist Resource(s)
  -------------------------------------------------------------------    -------------------
                         (clock core_clk_6m144 rise edge)
                                                      0.000     0.000 r  
                                                      0.000     0.000 r  clk (IN)
                         net (fo=288, unset)          1.346     1.346    clk
    SLICE_X31Y63         FDRE                                         r  gen_serial_cic_comb.u_cic_interp16_serial_comb_dsp_ce/burst_remaining_reg[0]/C
  -------------------------------------------------------------------    -------------------
    SLICE_X31Y63         FDRE (Prop_fdre_C_Q)         0.379     1.725 f  gen_serial_cic_comb.u_cic_interp16_serial_comb_dsp_ce/burst_remaining_reg[0]/Q
                         net (fo=6, routed)           0.716     2.441    gen_serial_cic_comb.u_cic_interp16_serial_comb_dsp_ce/burst_remaining_reg_n_0_[0]
    SLICE_X31Y63         LUT6 (Prop_lut6_I2_O)        0.105     2.546 r  interp128_all2x_LUT6/O
                         net (fo=51, routed)          1.494     4.040    interp128_all2x_net
    SLICE_X34Y58         LUT4 (Prop_lut4_I3_O)        0.105     4.145 r  interp128_all2x_LUT4_2/O
                         net (fo=2, routed)           0.368     4.512    gen_first_integrator_carry_for_comb_dsp.first_integrator_sum_carry_i_3_n_0
    SLICE_X33Y57         CARRY4 (Prop_carry4_S[1]_CO[3])
                                                      0.562     5.074 r  gen_serial_cic_comb.u_cic_interp16_serial_comb_dsp_ce/gen_first_integrator_carry_for_comb_dsp.first_integrator_sum_carry/CO[3]
                         net (fo=1, routed)           0.000     5.074    gen_serial_cic_comb.u_cic_interp16_serial_comb_dsp_ce/gen_first_integrator_carry_for_comb_dsp.first_integrator_sum_carry_n_0
    SLICE_X33Y58         CARRY4 (Prop_carry4_CI_CO[3])
                                                      0.098     5.172 r  gen_serial_cic_comb.u_cic_interp16_serial_comb_dsp_ce/gen_first_integrator_carry_for_comb_dsp.first_integrator_sum_carry__0/CO[3]
                         net (fo=1, routed)           0.000     5.172    gen_serial_cic_comb.u_cic_interp16_serial_comb_dsp_ce/gen_first_integrator_carry_for_comb_dsp.first_integrator_sum_carry__0_n_0
    SLICE_X33Y59         CARRY4 (Prop_carry4_CI_CO[3])
                                                      0.098     5.270 r  gen_serial_cic_comb.u_cic_interp16_serial_comb_dsp_ce/gen_first_integrator_carry_for_comb_dsp.first_integrator_sum_carry__1/CO[3]
                         net (fo=1, routed)           0.000     5.270    gen_serial_cic_comb.u_cic_interp16_serial_comb_dsp_ce/gen_first_integrator_carry_for_comb_dsp.first_integrator_sum_carry__1_n_0
    SLICE_X33Y60         CARRY4 (Prop_carry4_CI_CO[3])
                                                      0.098     5.368 r  gen_serial_cic_comb.u_cic_interp16_serial_comb_dsp_ce/gen_first_integrator_carry_for_comb_dsp.first_integrator_sum_carry__2/CO[3]
                         net (fo=1, routed)           0.000     5.368    gen_serial_cic_comb.u_cic_interp16_serial_comb_dsp_ce/gen_first_integrator_carry_for_comb_dsp.first_integrator_sum_carry__2_n_0
    SLICE_X33Y61         CARRY4 (Prop_carry4_CI_CO[3])
                                                      0.098     5.466 r  gen_serial_cic_comb.u_cic_interp16_serial_comb_dsp_ce/gen_first_integrator_carry_for_comb_dsp.first_integrator_sum_carry__3/CO[3]
                         net (fo=1, routed)           0.000     5.466    gen_serial_cic_comb.u_cic_interp16_serial_comb_dsp_ce/gen_first_integrator_carry_for_comb_dsp.first_integrator_sum_carry__3_n_0
    SLICE_X33Y62         CARRY4 (Prop_carry4_CI_CO[3])
                                                      0.098     5.564 r  gen_serial_cic_comb.u_cic_interp16_serial_comb_dsp_ce/gen_first_integrator_carry_for_comb_dsp.first_integrator_sum_carry__4/CO[3]
                         net (fo=1, routed)           0.000     5.564    gen_serial_cic_comb.u_cic_interp16_serial_comb_dsp_ce/gen_first_integrator_carry_for_comb_dsp.first_integrator_sum_carry__4_n_0
    SLICE_X33Y63         CARRY4 (Prop_carry4_CI_O[1])
                                                      0.265     5.829 r  gen_serial_cic_comb.u_cic_interp16_serial_comb_dsp_ce/gen_first_integrator_carry_for_comb_dsp.first_integrator_sum_carry__5/O[1]
                         net (fo=23, routed)          1.603     7.432    final_input_rounded[25]
    DSP48_X1Y22          DSP48E1 (Prop_dsp48e1_A[23]_P[28])
                                                      1.889     9.321 r  gen_serial_cic_comb.u_cic_interp16_serial_comb_dsp_ce/gen_final_integrator_dsp.final_integrator_sum/P[28]
                         net (fo=22, routed)          0.964    10.285    gen_serial_cic_comb.u_cic_interp16_serial_comb_dsp_ce/gen_final_integrator_dsp.final_integrator_sum_n_77
    SLICE_X54Y55         LUT5 (Prop_lut5_I0_O)        0.105    10.390 r  interp128_all2x_LUT5_26/O
                         net (fo=1, routed)           0.327    10.717    interp128_all2x_net_18
    SLICE_X54Y56         LUT6 (Prop_lut6_I5_O)        0.105    10.822 r  interp128_all2x_LUT6_17/O
                         net (fo=1, routed)           0.000    10.822    rounded_value_carry_i_1__0_n_0
    SLICE_X54Y56         CARRY4 (Prop_carry4_S[0]_CO[3])
                                                      0.423    11.245 r  gen_serial_cic_comb.u_cic_interp16_serial_comb_dsp_ce/u_round_cic_normalized_output/rounded_value_carry/CO[3]
                         net (fo=1, routed)           0.000    11.245    gen_serial_cic_comb.u_cic_interp16_serial_comb_dsp_ce/u_round_cic_normalized_output/rounded_value_carry_n_0
    SLICE_X54Y57         CARRY4 (Prop_carry4_CI_CO[3])
                                                      0.100    11.345 r  gen_serial_cic_comb.u_cic_interp16_serial_comb_dsp_ce/u_round_cic_normalized_output/rounded_value_carry__0/CO[3]
                         net (fo=1, routed)           0.000    11.345    gen_serial_cic_comb.u_cic_interp16_serial_comb_dsp_ce/u_round_cic_normalized_output/rounded_value_carry__0_n_0
    SLICE_X54Y58         CARRY4 (Prop_carry4_CI_CO[3])
                                                      0.100    11.445 r  gen_serial_cic_comb.u_cic_interp16_serial_comb_dsp_ce/u_round_cic_normalized_output/rounded_value_carry__1/CO[3]
                         net (fo=1, routed)           0.000    11.445    gen_serial_cic_comb.u_cic_interp16_serial_comb_dsp_ce/u_round_cic_normalized_output/rounded_value_carry__1_n_0
    SLICE_X54Y59         CARRY4 (Prop_carry4_CI_CO[3])
                                                      0.100    11.545 r  gen_serial_cic_comb.u_cic_interp16_serial_comb_dsp_ce/u_round_cic_normalized_output/rounded_value_carry__2/CO[3]
                         net (fo=1, routed)           0.000    11.545    gen_serial_cic_comb.u_cic_interp16_serial_comb_dsp_ce/u_round_cic_normalized_output/rounded_value_carry__2_n_0
    SLICE_X54Y60         CARRY4 (Prop_carry4_CI_CO[3])
                                                      0.100    11.645 r  gen_serial_cic_comb.u_cic_interp16_serial_comb_dsp_ce/u_round_cic_normalized_output/rounded_value_carry__3/CO[3]
                         net (fo=1, routed)           0.000    11.645    gen_serial_cic_comb.u_cic_interp16_serial_comb_dsp_ce/u_round_cic_normalized_output/rounded_value_carry__3_n_0
    SLICE_X54Y61         CARRY4 (Prop_carry4_CI_O[0])
                                                      0.178    11.823 r  gen_serial_cic_comb.u_cic_interp16_serial_comb_dsp_ce/u_round_cic_normalized_output/rounded_value_carry__4/O[0]
                         net (fo=19, routed)          0.869    12.693    gen_serial_cic_comb.u_cic_interp16_serial_comb_dsp_ce/u_round_cic_normalized_output/rounded_value_carry__4_n_7
    SLICE_X55Y59         LUT4 (Prop_lut4_I1_O)        0.252    12.945 r  y_out[14]_i_1__0/O
                         net (fo=1, routed)           0.000    12.945    normalized_output[14]
    SLICE_X55Y59         FDRE                                         r  gen_serial_cic_comb.u_cic_interp16_serial_comb_dsp_ce/y_out_reg[14]/D
  -------------------------------------------------------------------    -------------------

                         (clock core_clk_6m144 rise edge)
                                                    162.760   162.760 r  
                                                      0.000   162.760 r  clk (IN)
                         net (fo=288, unset)          1.247   164.007    clk
    SLICE_X55Y59         FDRE                                         r  gen_serial_cic_comb.u_cic_interp16_serial_comb_dsp_ce/y_out_reg[14]/C
                         clock pessimism              0.006   164.013    
                         clock uncertainty           -0.035   163.978    
    SLICE_X55Y59         FDRE (Setup_fdre_C_D)        0.069   164.047    gen_serial_cic_comb.u_cic_interp16_serial_comb_dsp_ce/y_out_reg[14]
  -------------------------------------------------------------------
                         required time                        164.047    
                         arrival time                         -12.945    
  -------------------------------------------------------------------
                         slack                                151.102    

Slack (MET) :             151.130ns  (required time - arrival time)
  Source:                 gen_serial_cic_comb.u_cic_interp16_serial_comb_dsp_ce/burst_remaining_reg[0]/C
                            (rising edge-triggered cell FDRE clocked by core_clk_6m144  {rise@0.000ns fall@81.380ns period=162.760ns})
  Destination:            gen_serial_cic_comb.u_cic_interp16_serial_comb_dsp_ce/y_out_reg[10]/D
                            (rising edge-triggered cell FDRE clocked by core_clk_6m144  {rise@0.000ns fall@81.380ns period=162.760ns})
  Path Group:             core_clk_6m144
  Path Type:              Setup (Max at Slow Process Corner)
  Requirement:            162.760ns  (core_clk_6m144 rise@162.760ns - core_clk_6m144 rise@0.000ns)
  Data Path Delay:        11.532ns  (logic 5.244ns (45.475%)  route 6.288ns (54.525%))
  Logic Levels:           19  (CARRY4=13 DSP48E1=1 LUT4=2 LUT5=1 LUT6=2)
  Clock Path Skew:        -0.093ns (DCD - SCD + CPR)
    Destination Clock Delay (DCD):    1.247ns = ( 164.007 - 162.760 ) 
    Source Clock Delay      (SCD):    1.346ns
    Clock Pessimism Removal (CPR):    0.006ns
  Clock Uncertainty:      0.035ns  ((TSJ^2 + TIJ^2)^1/2 + DJ) / 2 + PE
    Total System Jitter     (TSJ):    0.071ns
    Total Input Jitter      (TIJ):    0.000ns
    Discrete Jitter          (DJ):    0.000ns
    Phase Error              (PE):    0.000ns

    Location             Delay type                Incr(ns)  Path(ns)    Netlist Resource(s)
  -------------------------------------------------------------------    -------------------
                         (clock core_clk_6m144 rise edge)
                                                      0.000     0.000 r  
                                                      0.000     0.000 r  clk (IN)
                         net (fo=288, unset)          1.346     1.346    clk
    SLICE_X31Y63         FDRE                                         r  gen_serial_cic_comb.u_cic_interp16_serial_comb_dsp_ce/burst_remaining_reg[0]/C
  -------------------------------------------------------------------    -------------------
    SLICE_X31Y63         FDRE (Prop_fdre_C_Q)         0.379     1.725 f  gen_serial_cic_comb.u_cic_interp16_serial_comb_dsp_ce/burst_remaining_reg[0]/Q
                         net (fo=6, routed)           0.716     2.441    gen_serial_cic_comb.u_cic_interp16_serial_comb_dsp_ce/burst_remaining_reg_n_0_[0]
    SLICE_X31Y63         LUT6 (Prop_lut6_I2_O)        0.105     2.546 r  interp128_all2x_LUT6/O
                         net (fo=51, routed)          1.494     4.040    interp128_all2x_net
    SLICE_X34Y58         LUT4 (Prop_lut4_I3_O)        0.105     4.145 r  interp128_all2x_LUT4_2/O
                         net (fo=2, routed)           0.368     4.512    gen_first_integrator_carry_for_comb_dsp.first_integrator_sum_carry_i_3_n_0
    SLICE_X33Y57         CARRY4 (Prop_carry4_S[1]_CO[3])
                                                      0.562     5.074 r  gen_serial_cic_comb.u_cic_interp16_serial_comb_dsp_ce/gen_first_integrator_carry_for_comb_dsp.first_integrator_sum_carry/CO[3]
                         net (fo=1, routed)           0.000     5.074    gen_serial_cic_comb.u_cic_interp16_serial_comb_dsp_ce/gen_first_integrator_carry_for_comb_dsp.first_integrator_sum_carry_n_0
    SLICE_X33Y58         CARRY4 (Prop_carry4_CI_CO[3])
                                                      0.098     5.172 r  gen_serial_cic_comb.u_cic_interp16_serial_comb_dsp_ce/gen_first_integrator_carry_for_comb_dsp.first_integrator_sum_carry__0/CO[3]
                         net (fo=1, routed)           0.000     5.172    gen_serial_cic_comb.u_cic_interp16_serial_comb_dsp_ce/gen_first_integrator_carry_for_comb_dsp.first_integrator_sum_carry__0_n_0
    SLICE_X33Y59         CARRY4 (Prop_carry4_CI_CO[3])
                                                      0.098     5.270 r  gen_serial_cic_comb.u_cic_interp16_serial_comb_dsp_ce/gen_first_integrator_carry_for_comb_dsp.first_integrator_sum_carry__1/CO[3]
                         net (fo=1, routed)           0.000     5.270    gen_serial_cic_comb.u_cic_interp16_serial_comb_dsp_ce/gen_first_integrator_carry_for_comb_dsp.first_integrator_sum_carry__1_n_0
    SLICE_X33Y60         CARRY4 (Prop_carry4_CI_CO[3])
                                                      0.098     5.368 r  gen_serial_cic_comb.u_cic_interp16_serial_comb_dsp_ce/gen_first_integrator_carry_for_comb_dsp.first_integrator_sum_carry__2/CO[3]
                         net (fo=1, routed)           0.000     5.368    gen_serial_cic_comb.u_cic_interp16_serial_comb_dsp_ce/gen_first_integrator_carry_for_comb_dsp.first_integrator_sum_carry__2_n_0
    SLICE_X33Y61         CARRY4 (Prop_carry4_CI_CO[3])
                                                      0.098     5.466 r  gen_serial_cic_comb.u_cic_interp16_serial_comb_dsp_ce/gen_first_integrator_carry_for_comb_dsp.first_integrator_sum_carry__3/CO[3]
                         net (fo=1, routed)           0.000     5.466    gen_serial_cic_comb.u_cic_interp16_serial_comb_dsp_ce/gen_first_integrator_carry_for_comb_dsp.first_integrator_sum_carry__3_n_0
    SLICE_X33Y62         CARRY4 (Prop_carry4_CI_CO[3])
                                                      0.098     5.564 r  gen_serial_cic_comb.u_cic_interp16_serial_comb_dsp_ce/gen_first_integrator_carry_for_comb_dsp.first_integrator_sum_carry__4/CO[3]
                         net (fo=1, routed)           0.000     5.564    gen_serial_cic_comb.u_cic_interp16_serial_comb_dsp_ce/gen_first_integrator_carry_for_comb_dsp.first_integrator_sum_carry__4_n_0
    SLICE_X33Y63         CARRY4 (Prop_carry4_CI_O[1])
                                                      0.265     5.829 r  gen_serial_cic_comb.u_cic_interp16_serial_comb_dsp_ce/gen_first_integrator_carry_for_comb_dsp.first_integrator_sum_carry__5/O[1]
                         net (fo=23, routed)          1.603     7.432    final_input_rounded[25]
    DSP48_X1Y22          DSP48E1 (Prop_dsp48e1_A[23]_P[28])
                                                      1.889     9.321 r  gen_serial_cic_comb.u_cic_interp16_serial_comb_dsp_ce/gen_final_integrator_dsp.final_integrator_sum/P[28]
                         net (fo=22, routed)          0.964    10.285    gen_serial_cic_comb.u_cic_interp16_serial_comb_dsp_ce/gen_final_integrator_dsp.final_integrator_sum_n_77
    SLICE_X54Y55         LUT5 (Prop_lut5_I0_O)        0.105    10.390 r  interp128_all2x_LUT5_26/O
                         net (fo=1, routed)           0.327    10.717    interp128_all2x_net_18
    SLICE_X54Y56         LUT6 (Prop_lut6_I5_O)        0.105    10.822 r  interp128_all2x_LUT6_17/O
                         net (fo=1, routed)           0.000    10.822    rounded_value_carry_i_1__0_n_0
    SLICE_X54Y56         CARRY4 (Prop_carry4_S[0]_CO[3])
                                                      0.423    11.245 r  gen_serial_cic_comb.u_cic_interp16_serial_comb_dsp_ce/u_round_cic_normalized_output/rounded_value_carry/CO[3]
                         net (fo=1, routed)           0.000    11.245    gen_serial_cic_comb.u_cic_interp16_serial_comb_dsp_ce/u_round_cic_normalized_output/rounded_value_carry_n_0
    SLICE_X54Y57         CARRY4 (Prop_carry4_CI_CO[3])
                                                      0.100    11.345 r  gen_serial_cic_comb.u_cic_interp16_serial_comb_dsp_ce/u_round_cic_normalized_output/rounded_value_carry__0/CO[3]
                         net (fo=1, routed)           0.000    11.345    gen_serial_cic_comb.u_cic_interp16_serial_comb_dsp_ce/u_round_cic_normalized_output/rounded_value_carry__0_n_0
    SLICE_X54Y58         CARRY4 (Prop_carry4_CI_CO[3])
                                                      0.100    11.445 r  gen_serial_cic_comb.u_cic_interp16_serial_comb_dsp_ce/u_round_cic_normalized_output/rounded_value_carry__1/CO[3]
                         net (fo=1, routed)           0.000    11.445    gen_serial_cic_comb.u_cic_interp16_serial_comb_dsp_ce/u_round_cic_normalized_output/rounded_value_carry__1_n_0
    SLICE_X54Y59         CARRY4 (Prop_carry4_CI_CO[3])
                                                      0.100    11.545 r  gen_serial_cic_comb.u_cic_interp16_serial_comb_dsp_ce/u_round_cic_normalized_output/rounded_value_carry__2/CO[3]
                         net (fo=1, routed)           0.000    11.545    gen_serial_cic_comb.u_cic_interp16_serial_comb_dsp_ce/u_round_cic_normalized_output/rounded_value_carry__2_n_0
    SLICE_X54Y60         CARRY4 (Prop_carry4_CI_CO[3])
                                                      0.100    11.645 r  gen_serial_cic_comb.u_cic_interp16_serial_comb_dsp_ce/u_round_cic_normalized_output/rounded_value_carry__3/CO[3]
                         net (fo=1, routed)           0.000    11.645    gen_serial_cic_comb.u_cic_interp16_serial_comb_dsp_ce/u_round_cic_normalized_output/rounded_value_carry__3_n_0
    SLICE_X54Y61         CARRY4 (Prop_carry4_CI_O[0])
                                                      0.178    11.823 r  gen_serial_cic_comb.u_cic_interp16_serial_comb_dsp_ce/u_round_cic_normalized_output/rounded_value_carry__4/O[0]
                         net (fo=19, routed)          0.816    12.640    gen_serial_cic_comb.u_cic_interp16_serial_comb_dsp_ce/u_round_cic_normalized_output/rounded_value_carry__4_n_7
    SLICE_X55Y58         LUT4 (Prop_lut4_I1_O)        0.238    12.878 r  y_out[10]_i_1__0/O
                         net (fo=1, routed)           0.000    12.878    normalized_output[10]
    SLICE_X55Y58         FDRE                                         r  gen_serial_cic_comb.u_cic_interp16_serial_comb_dsp_ce/y_out_reg[10]/D
  -------------------------------------------------------------------    -------------------

                         (clock core_clk_6m144 rise edge)
                                                    162.760   162.760 r  
                                                      0.000   162.760 r  clk (IN)
                         net (fo=288, unset)          1.247   164.007    clk
    SLICE_X55Y58         FDRE                                         r  gen_serial_cic_comb.u_cic_interp16_serial_comb_dsp_ce/y_out_reg[10]/C
                         clock pessimism              0.006   164.013    
                         clock uncertainty           -0.035   163.978    
    SLICE_X55Y58         FDRE (Setup_fdre_C_D)        0.030   164.008    gen_serial_cic_comb.u_cic_interp16_serial_comb_dsp_ce/y_out_reg[10]
  -------------------------------------------------------------------
                         required time                        164.008    
                         arrival time                         -12.878    
  -------------------------------------------------------------------
                         slack                                151.130    

Slack (MET) :             151.132ns  (required time - arrival time)
  Source:                 gen_serial_cic_comb.u_cic_interp16_serial_comb_dsp_ce/burst_remaining_reg[0]/C
                            (rising edge-triggered cell FDRE clocked by core_clk_6m144  {rise@0.000ns fall@81.380ns period=162.760ns})
  Destination:            gen_serial_cic_comb.u_cic_interp16_serial_comb_dsp_ce/y_out_reg[7]/D
                            (rising edge-triggered cell FDRE clocked by core_clk_6m144  {rise@0.000ns fall@81.380ns period=162.760ns})
  Path Group:             core_clk_6m144
  Path Type:              Setup (Max at Slow Process Corner)
  Requirement:            162.760ns  (core_clk_6m144 rise@162.760ns - core_clk_6m144 rise@0.000ns)
  Data Path Delay:        11.532ns  (logic 5.244ns (45.475%)  route 6.288ns (54.525%))
  Logic Levels:           19  (CARRY4=13 DSP48E1=1 LUT4=2 LUT5=1 LUT6=2)
  Clock Path Skew:        -0.093ns (DCD - SCD + CPR)
    Destination Clock Delay (DCD):    1.247ns = ( 164.007 - 162.760 ) 
    Source Clock Delay      (SCD):    1.346ns
    Clock Pessimism Removal (CPR):    0.006ns
  Clock Uncertainty:      0.035ns  ((TSJ^2 + TIJ^2)^1/2 + DJ) / 2 + PE
    Total System Jitter     (TSJ):    0.071ns
    Total Input Jitter      (TIJ):    0.000ns
    Discrete Jitter          (DJ):    0.000ns
    Phase Error              (PE):    0.000ns

    Location             Delay type                Incr(ns)  Path(ns)    Netlist Resource(s)
  -------------------------------------------------------------------    -------------------
                         (clock core_clk_6m144 rise edge)
                                                      0.000     0.000 r  
                                                      0.000     0.000 r  clk (IN)
                         net (fo=288, unset)          1.346     1.346    clk
    SLICE_X31Y63         FDRE                                         r  gen_serial_cic_comb.u_cic_interp16_serial_comb_dsp_ce/burst_remaining_reg[0]/C
  -------------------------------------------------------------------    -------------------
    SLICE_X31Y63         FDRE (Prop_fdre_C_Q)         0.379     1.725 f  gen_serial_cic_comb.u_cic_interp16_serial_comb_dsp_ce/burst_remaining_reg[0]/Q
                         net (fo=6, routed)           0.716     2.441    gen_serial_cic_comb.u_cic_interp16_serial_comb_dsp_ce/burst_remaining_reg_n_0_[0]
    SLICE_X31Y63         LUT6 (Prop_lut6_I2_O)        0.105     2.546 r  interp128_all2x_LUT6/O
                         net (fo=51, routed)          1.494     4.040    interp128_all2x_net
    SLICE_X34Y58         LUT4 (Prop_lut4_I3_O)        0.105     4.145 r  interp128_all2x_LUT4_2/O
                         net (fo=2, routed)           0.368     4.512    gen_first_integrator_carry_for_comb_dsp.first_integrator_sum_carry_i_3_n_0
    SLICE_X33Y57         CARRY4 (Prop_carry4_S[1]_CO[3])
                                                      0.562     5.074 r  gen_serial_cic_comb.u_cic_interp16_serial_comb_dsp_ce/gen_first_integrator_carry_for_comb_dsp.first_integrator_sum_carry/CO[3]
                         net (fo=1, routed)           0.000     5.074    gen_serial_cic_comb.u_cic_interp16_serial_comb_dsp_ce/gen_first_integrator_carry_for_comb_dsp.first_integrator_sum_carry_n_0
    SLICE_X33Y58         CARRY4 (Prop_carry4_CI_CO[3])
                                                      0.098     5.172 r  gen_serial_cic_comb.u_cic_interp16_serial_comb_dsp_ce/gen_first_integrator_carry_for_comb_dsp.first_integrator_sum_carry__0/CO[3]
                         net (fo=1, routed)           0.000     5.172    gen_serial_cic_comb.u_cic_interp16_serial_comb_dsp_ce/gen_first_integrator_carry_for_comb_dsp.first_integrator_sum_carry__0_n_0
    SLICE_X33Y59         CARRY4 (Prop_carry4_CI_CO[3])
                                                      0.098     5.270 r  gen_serial_cic_comb.u_cic_interp16_serial_comb_dsp_ce/gen_first_integrator_carry_for_comb_dsp.first_integrator_sum_carry__1/CO[3]
                         net (fo=1, routed)           0.000     5.270    gen_serial_cic_comb.u_cic_interp16_serial_comb_dsp_ce/gen_first_integrator_carry_for_comb_dsp.first_integrator_sum_carry__1_n_0
    SLICE_X33Y60         CARRY4 (Prop_carry4_CI_CO[3])
                                                      0.098     5.368 r  gen_serial_cic_comb.u_cic_interp16_serial_comb_dsp_ce/gen_first_integrator_carry_for_comb_dsp.first_integrator_sum_carry__2/CO[3]
                         net (fo=1, routed)           0.000     5.368    gen_serial_cic_comb.u_cic_interp16_serial_comb_dsp_ce/gen_first_integrator_carry_for_comb_dsp.first_integrator_sum_carry__2_n_0
    SLICE_X33Y61         CARRY4 (Prop_carry4_CI_CO[3])
                                                      0.098     5.466 r  gen_serial_cic_comb.u_cic_interp16_serial_comb_dsp_ce/gen_first_integrator_carry_for_comb_dsp.first_integrator_sum_carry__3/CO[3]
                         net (fo=1, routed)           0.000     5.466    gen_serial_cic_comb.u_cic_interp16_serial_comb_dsp_ce/gen_first_integrator_carry_for_comb_dsp.first_integrator_sum_carry__3_n_0
    SLICE_X33Y62         CARRY4 (Prop_carry4_CI_CO[3])
                                                      0.098     5.564 r  gen_serial_cic_comb.u_cic_interp16_serial_comb_dsp_ce/gen_first_integrator_carry_for_comb_dsp.first_integrator_sum_carry__4/CO[3]
                         net (fo=1, routed)           0.000     5.564    gen_serial_cic_comb.u_cic_interp16_serial_comb_dsp_ce/gen_first_integrator_carry_for_comb_dsp.first_integrator_sum_carry__4_n_0
    SLICE_X33Y63         CARRY4 (Prop_carry4_CI_O[1])
                                                      0.265     5.829 r  gen_serial_cic_comb.u_cic_interp16_serial_comb_dsp_ce/gen_first_integrator_carry_for_comb_dsp.first_integrator_sum_carry__5/O[1]
                         net (fo=23, routed)          1.603     7.432    final_input_rounded[25]
    DSP48_X1Y22          DSP48E1 (Prop_dsp48e1_A[23]_P[28])
                                                      1.889     9.321 r  gen_serial_cic_comb.u_cic_interp16_serial_comb_dsp_ce/gen_final_integrator_dsp.final_integrator_sum/P[28]
                         net (fo=22, routed)          0.964    10.285    gen_serial_cic_comb.u_cic_interp16_serial_comb_dsp_ce/gen_final_integrator_dsp.final_integrator_sum_n_77
    SLICE_X54Y55         LUT5 (Prop_lut5_I0_O)        0.105    10.390 r  interp128_all2x_LUT5_26/O
                         net (fo=1, routed)           0.327    10.717    interp128_all2x_net_18
    SLICE_X54Y56         LUT6 (Prop_lut6_I5_O)        0.105    10.822 r  interp128_all2x_LUT6_17/O
                         net (fo=1, routed)           0.000    10.822    rounded_value_carry_i_1__0_n_0
    SLICE_X54Y56         CARRY4 (Prop_carry4_S[0]_CO[3])
                                                      0.423    11.245 r  gen_serial_cic_comb.u_cic_interp16_serial_comb_dsp_ce/u_round_cic_normalized_output/rounded_value_carry/CO[3]
                         net (fo=1, routed)           0.000    11.245    gen_serial_cic_comb.u_cic_interp16_serial_comb_dsp_ce/u_round_cic_normalized_output/rounded_value_carry_n_0
    SLICE_X54Y57         CARRY4 (Prop_carry4_CI_CO[3])
                                                      0.100    11.345 r  gen_serial_cic_comb.u_cic_interp16_serial_comb_dsp_ce/u_round_cic_normalized_output/rounded_value_carry__0/CO[3]
                         net (fo=1, routed)           0.000    11.345    gen_serial_cic_comb.u_cic_interp16_serial_comb_dsp_ce/u_round_cic_normalized_output/rounded_value_carry__0_n_0
    SLICE_X54Y58         CARRY4 (Prop_carry4_CI_CO[3])
                                                      0.100    11.445 r  gen_serial_cic_comb.u_cic_interp16_serial_comb_dsp_ce/u_round_cic_normalized_output/rounded_value_carry__1/CO[3]
                         net (fo=1, routed)           0.000    11.445    gen_serial_cic_comb.u_cic_interp16_serial_comb_dsp_ce/u_round_cic_normalized_output/rounded_value_carry__1_n_0
    SLICE_X54Y59         CARRY4 (Prop_carry4_CI_CO[3])
                                                      0.100    11.545 r  gen_serial_cic_comb.u_cic_interp16_serial_comb_dsp_ce/u_round_cic_normalized_output/rounded_value_carry__2/CO[3]
                         net (fo=1, routed)           0.000    11.545    gen_serial_cic_comb.u_cic_interp16_serial_comb_dsp_ce/u_round_cic_normalized_output/rounded_value_carry__2_n_0
    SLICE_X54Y60         CARRY4 (Prop_carry4_CI_CO[3])
                                                      0.100    11.645 r  gen_serial_cic_comb.u_cic_interp16_serial_comb_dsp_ce/u_round_cic_normalized_output/rounded_value_carry__3/CO[3]
                         net (fo=1, routed)           0.000    11.645    gen_serial_cic_comb.u_cic_interp16_serial_comb_dsp_ce/u_round_cic_normalized_output/rounded_value_carry__3_n_0
    SLICE_X54Y61         CARRY4 (Prop_carry4_CI_O[0])
                                                      0.178    11.823 r  gen_serial_cic_comb.u_cic_interp16_serial_comb_dsp_ce/u_round_cic_normalized_output/rounded_value_carry__4/O[0]
                         net (fo=19, routed)          0.816    12.640    gen_serial_cic_comb.u_cic_interp16_serial_comb_dsp_ce/u_round_cic_normalized_output/rounded_value_carry__4_n_7
    SLICE_X55Y58         LUT4 (Prop_lut4_I1_O)        0.238    12.878 r  y_out[7]_i_1__0/O
                         net (fo=1, routed)           0.000    12.878    normalized_output[7]
    SLICE_X55Y58         FDRE                                         r  gen_serial_cic_comb.u_cic_interp16_serial_comb_dsp_ce/y_out_reg[7]/D
  -------------------------------------------------------------------    -------------------

                         (clock core_clk_6m144 rise edge)
                                                    162.760   162.760 r  
                                                      0.000   162.760 r  clk (IN)
                         net (fo=288, unset)          1.247   164.007    clk
    SLICE_X55Y58         FDRE                                         r  gen_serial_cic_comb.u_cic_interp16_serial_comb_dsp_ce/y_out_reg[7]/C
                         clock pessimism              0.006   164.013    
                         clock uncertainty           -0.035   163.978    
    SLICE_X55Y58         FDRE (Setup_fdre_C_D)        0.032   164.010    gen_serial_cic_comb.u_cic_interp16_serial_comb_dsp_ce/y_out_reg[7]
  -------------------------------------------------------------------
                         required time                        164.010    
                         arrival time                         -12.878    
  -------------------------------------------------------------------
                         slack                                151.132    

Slack (MET) :             151.155ns  (required time - arrival time)
  Source:                 gen_serial_cic_comb.u_cic_interp16_serial_comb_dsp_ce/burst_remaining_reg[0]/C
                            (rising edge-triggered cell FDRE clocked by core_clk_6m144  {rise@0.000ns fall@81.380ns period=162.760ns})
  Destination:            gen_serial_cic_comb.u_cic_interp16_serial_comb_dsp_ce/y_out_reg[8]/D
                            (rising edge-triggered cell FDRE clocked by core_clk_6m144  {rise@0.000ns fall@81.380ns period=162.760ns})
  Path Group:             core_clk_6m144
  Path Type:              Setup (Max at Slow Process Corner)
  Requirement:            162.760ns  (core_clk_6m144 rise@162.760ns - core_clk_6m144 rise@0.000ns)
  Data Path Delay:        11.546ns  (logic 5.258ns (45.541%)  route 6.288ns (54.459%))
  Logic Levels:           19  (CARRY4=13 DSP48E1=1 LUT4=2 LUT5=1 LUT6=2)
  Clock Path Skew:        -0.093ns (DCD - SCD + CPR)
    Destination Clock Delay (DCD):    1.247ns = ( 164.007 - 162.760 ) 
    Source Clock Delay      (SCD):    1.346ns
    Clock Pessimism Removal (CPR):    0.006ns
  Clock Uncertainty:      0.035ns  ((TSJ^2 + TIJ^2)^1/2 + DJ) / 2 + PE
    Total System Jitter     (TSJ):    0.071ns
    Total Input Jitter      (TIJ):    0.000ns
    Discrete Jitter          (DJ):    0.000ns
    Phase Error              (PE):    0.000ns

    Location             Delay type                Incr(ns)  Path(ns)    Netlist Resource(s)
  -------------------------------------------------------------------    -------------------
                         (clock core_clk_6m144 rise edge)
                                                      0.000     0.000 r  
                                                      0.000     0.000 r  clk (IN)
                         net (fo=288, unset)          1.346     1.346    clk
    SLICE_X31Y63         FDRE                                         r  gen_serial_cic_comb.u_cic_interp16_serial_comb_dsp_ce/burst_remaining_reg[0]/C
  -------------------------------------------------------------------    -------------------
    SLICE_X31Y63         FDRE (Prop_fdre_C_Q)         0.379     1.725 f  gen_serial_cic_comb.u_cic_interp16_serial_comb_dsp_ce/burst_remaining_reg[0]/Q
                         net (fo=6, routed)           0.716     2.441    gen_serial_cic_comb.u_cic_interp16_serial_comb_dsp_ce/burst_remaining_reg_n_0_[0]
    SLICE_X31Y63         LUT6 (Prop_lut6_I2_O)        0.105     2.546 r  interp128_all2x_LUT6/O
                         net (fo=51, routed)          1.494     4.040    interp128_all2x_net
    SLICE_X34Y58         LUT4 (Prop_lut4_I3_O)        0.105     4.145 r  interp128_all2x_LUT4_2/O
                         net (fo=2, routed)           0.368     4.512    gen_first_integrator_carry_for_comb_dsp.first_integrator_sum_carry_i_3_n_0
    SLICE_X33Y57         CARRY4 (Prop_carry4_S[1]_CO[3])
                                                      0.562     5.074 r  gen_serial_cic_comb.u_cic_interp16_serial_comb_dsp_ce/gen_first_integrator_carry_for_comb_dsp.first_integrator_sum_carry/CO[3]
                         net (fo=1, routed)           0.000     5.074    gen_serial_cic_comb.u_cic_interp16_serial_comb_dsp_ce/gen_first_integrator_carry_for_comb_dsp.first_integrator_sum_carry_n_0
    SLICE_X33Y58         CARRY4 (Prop_carry4_CI_CO[3])
                                                      0.098     5.172 r  gen_serial_cic_comb.u_cic_interp16_serial_comb_dsp_ce/gen_first_integrator_carry_for_comb_dsp.first_integrator_sum_carry__0/CO[3]
                         net (fo=1, routed)           0.000     5.172    gen_serial_cic_comb.u_cic_interp16_serial_comb_dsp_ce/gen_first_integrator_carry_for_comb_dsp.first_integrator_sum_carry__0_n_0
    SLICE_X33Y59         CARRY4 (Prop_carry4_CI_CO[3])
                                                      0.098     5.270 r  gen_serial_cic_comb.u_cic_interp16_serial_comb_dsp_ce/gen_first_integrator_carry_for_comb_dsp.first_integrator_sum_carry__1/CO[3]
                         net (fo=1, routed)           0.000     5.270    gen_serial_cic_comb.u_cic_interp16_serial_comb_dsp_ce/gen_first_integrator_carry_for_comb_dsp.first_integrator_sum_carry__1_n_0
    SLICE_X33Y60         CARRY4 (Prop_carry4_CI_CO[3])
                                                      0.098     5.368 r  gen_serial_cic_comb.u_cic_interp16_serial_comb_dsp_ce/gen_first_integrator_carry_for_comb_dsp.first_integrator_sum_carry__2/CO[3]
                         net (fo=1, routed)           0.000     5.368    gen_serial_cic_comb.u_cic_interp16_serial_comb_dsp_ce/gen_first_integrator_carry_for_comb_dsp.first_integrator_sum_carry__2_n_0
    SLICE_X33Y61         CARRY4 (Prop_carry4_CI_CO[3])
                                                      0.098     5.466 r  gen_serial_cic_comb.u_cic_interp16_serial_comb_dsp_ce/gen_first_integrator_carry_for_comb_dsp.first_integrator_sum_carry__3/CO[3]
                         net (fo=1, routed)           0.000     5.466    gen_serial_cic_comb.u_cic_interp16_serial_comb_dsp_ce/gen_first_integrator_carry_for_comb_dsp.first_integrator_sum_carry__3_n_0
    SLICE_X33Y62         CARRY4 (Prop_carry4_CI_CO[3])
                                                      0.098     5.564 r  gen_serial_cic_comb.u_cic_interp16_serial_comb_dsp_ce/gen_first_integrator_carry_for_comb_dsp.first_integrator_sum_carry__4/CO[3]
                         net (fo=1, routed)           0.000     5.564    gen_serial_cic_comb.u_cic_interp16_serial_comb_dsp_ce/gen_first_integrator_carry_for_comb_dsp.first_integrator_sum_carry__4_n_0
    SLICE_X33Y63         CARRY4 (Prop_carry4_CI_O[1])
                                                      0.265     5.829 r  gen_serial_cic_comb.u_cic_interp16_serial_comb_dsp_ce/gen_first_integrator_carry_for_comb_dsp.first_integrator_sum_carry__5/O[1]
                         net (fo=23, routed)          1.603     7.432    final_input_rounded[25]
    DSP48_X1Y22          DSP48E1 (Prop_dsp48e1_A[23]_P[28])
                                                      1.889     9.321 r  gen_serial_cic_comb.u_cic_interp16_serial_comb_dsp_ce/gen_final_integrator_dsp.final_integrator_sum/P[28]
                         net (fo=22, routed)          0.964    10.285    gen_serial_cic_comb.u_cic_interp16_serial_comb_dsp_ce/gen_final_integrator_dsp.final_integrator_sum_n_77
    SLICE_X54Y55         LUT5 (Prop_lut5_I0_O)        0.105    10.390 r  interp128_all2x_LUT5_26/O
                         net (fo=1, routed)           0.327    10.717    interp128_all2x_net_18
    SLICE_X54Y56         LUT6 (Prop_lut6_I5_O)        0.105    10.822 r  interp128_all2x_LUT6_17/O
                         net (fo=1, routed)           0.000    10.822    rounded_value_carry_i_1__0_n_0
    SLICE_X54Y56         CARRY4 (Prop_carry4_S[0]_CO[3])
                                                      0.423    11.245 r  gen_serial_cic_comb.u_cic_interp16_serial_comb_dsp_ce/u_round_cic_normalized_output/rounded_value_carry/CO[3]
                         net (fo=1, routed)           0.000    11.245    gen_serial_cic_comb.u_cic_interp16_serial_comb_dsp_ce/u_round_cic_normalized_output/rounded_value_carry_n_0
    SLICE_X54Y57         CARRY4 (Prop_carry4_CI_CO[3])
                                                      0.100    11.345 r  gen_serial_cic_comb.u_cic_interp16_serial_comb_dsp_ce/u_round_cic_normalized_output/rounded_value_carry__0/CO[3]
                         net (fo=1, routed)           0.000    11.345    gen_serial_cic_comb.u_cic_interp16_serial_comb_dsp_ce/u_round_cic_normalized_output/rounded_value_carry__0_n_0
    SLICE_X54Y58         CARRY4 (Prop_carry4_CI_CO[3])
                                                      0.100    11.445 r  gen_serial_cic_comb.u_cic_interp16_serial_comb_dsp_ce/u_round_cic_normalized_output/rounded_value_carry__1/CO[3]
                         net (fo=1, routed)           0.000    11.445    gen_serial_cic_comb.u_cic_interp16_serial_comb_dsp_ce/u_round_cic_normalized_output/rounded_value_carry__1_n_0
    SLICE_X54Y59         CARRY4 (Prop_carry4_CI_CO[3])
                                                      0.100    11.545 r  gen_serial_cic_comb.u_cic_interp16_serial_comb_dsp_ce/u_round_cic_normalized_output/rounded_value_carry__2/CO[3]
                         net (fo=1, routed)           0.000    11.545    gen_serial_cic_comb.u_cic_interp16_serial_comb_dsp_ce/u_round_cic_normalized_output/rounded_value_carry__2_n_0
    SLICE_X54Y60         CARRY4 (Prop_carry4_CI_CO[3])
                                                      0.100    11.645 r  gen_serial_cic_comb.u_cic_interp16_serial_comb_dsp_ce/u_round_cic_normalized_output/rounded_value_carry__3/CO[3]
                         net (fo=1, routed)           0.000    11.645    gen_serial_cic_comb.u_cic_interp16_serial_comb_dsp_ce/u_round_cic_normalized_output/rounded_value_carry__3_n_0
    SLICE_X54Y61         CARRY4 (Prop_carry4_CI_O[0])
                                                      0.178    11.823 r  gen_serial_cic_comb.u_cic_interp16_serial_comb_dsp_ce/u_round_cic_normalized_output/rounded_value_carry__4/O[0]
                         net (fo=19, routed)          0.816    12.640    gen_serial_cic_comb.u_cic_interp16_serial_comb_dsp_ce/u_round_cic_normalized_output/rounded_value_carry__4_n_7
    SLICE_X55Y58         LUT4 (Prop_lut4_I1_O)        0.252    12.892 r  y_out[8]_i_1__0/O
                         net (fo=1, routed)           0.000    12.892    normalized_output[8]
    SLICE_X55Y58         FDRE                                         r  gen_serial_cic_comb.u_cic_interp16_serial_comb_dsp_ce/y_out_reg[8]/D
  -------------------------------------------------------------------    -------------------

                         (clock core_clk_6m144 rise edge)
                                                    162.760   162.760 r  
                                                      0.000   162.760 r  clk (IN)
                         net (fo=288, unset)          1.247   164.007    clk
    SLICE_X55Y58         FDRE                                         r  gen_serial_cic_comb.u_cic_interp16_serial_comb_dsp_ce/y_out_reg[8]/C
                         clock pessimism              0.006   164.013    
                         clock uncertainty           -0.035   163.978    
    SLICE_X55Y58         FDRE (Setup_fdre_C_D)        0.069   164.047    gen_serial_cic_comb.u_cic_interp16_serial_comb_dsp_ce/y_out_reg[8]
  -------------------------------------------------------------------
                         required time                        164.047    
                         arrival time                         -12.892    
  -------------------------------------------------------------------
                         slack                                151.155    

Slack (MET) :             151.155ns  (required time - arrival time)
  Source:                 gen_serial_cic_comb.u_cic_interp16_serial_comb_dsp_ce/burst_remaining_reg[0]/C
                            (rising edge-triggered cell FDRE clocked by core_clk_6m144  {rise@0.000ns fall@81.380ns period=162.760ns})
  Destination:            gen_serial_cic_comb.u_cic_interp16_serial_comb_dsp_ce/y_out_reg[9]/D
                            (rising edge-triggered cell FDRE clocked by core_clk_6m144  {rise@0.000ns fall@81.380ns period=162.760ns})
  Path Group:             core_clk_6m144
  Path Type:              Setup (Max at Slow Process Corner)
  Requirement:            162.760ns  (core_clk_6m144 rise@162.760ns - core_clk_6m144 rise@0.000ns)
  Data Path Delay:        11.546ns  (logic 5.258ns (45.541%)  route 6.288ns (54.459%))
  Logic Levels:           19  (CARRY4=13 DSP48E1=1 LUT4=2 LUT5=1 LUT6=2)
  Clock Path Skew:        -0.093ns (DCD - SCD + CPR)
    Destination Clock Delay (DCD):    1.247ns = ( 164.007 - 162.760 ) 
    Source Clock Delay      (SCD):    1.346ns
    Clock Pessimism Removal (CPR):    0.006ns
  Clock Uncertainty:      0.035ns  ((TSJ^2 + TIJ^2)^1/2 + DJ) / 2 + PE
    Total System Jitter     (TSJ):    0.071ns
    Total Input Jitter      (TIJ):    0.000ns
    Discrete Jitter          (DJ):    0.000ns
    Phase Error              (PE):    0.000ns

    Location             Delay type                Incr(ns)  Path(ns)    Netlist Resource(s)
  -------------------------------------------------------------------    -------------------
                         (clock core_clk_6m144 rise edge)
                                                      0.000     0.000 r  
                                                      0.000     0.000 r  clk (IN)
                         net (fo=288, unset)          1.346     1.346    clk
    SLICE_X31Y63         FDRE                                         r  gen_serial_cic_comb.u_cic_interp16_serial_comb_dsp_ce/burst_remaining_reg[0]/C
  -------------------------------------------------------------------    -------------------
    SLICE_X31Y63         FDRE (Prop_fdre_C_Q)         0.379     1.725 f  gen_serial_cic_comb.u_cic_interp16_serial_comb_dsp_ce/burst_remaining_reg[0]/Q
                         net (fo=6, routed)           0.716     2.441    gen_serial_cic_comb.u_cic_interp16_serial_comb_dsp_ce/burst_remaining_reg_n_0_[0]
    SLICE_X31Y63         LUT6 (Prop_lut6_I2_O)        0.105     2.546 r  interp128_all2x_LUT6/O
                         net (fo=51, routed)          1.494     4.040    interp128_all2x_net
    SLICE_X34Y58         LUT4 (Prop_lut4_I3_O)        0.105     4.145 r  interp128_all2x_LUT4_2/O
                         net (fo=2, routed)           0.368     4.512    gen_first_integrator_carry_for_comb_dsp.first_integrator_sum_carry_i_3_n_0
    SLICE_X33Y57         CARRY4 (Prop_carry4_S[1]_CO[3])
                                                      0.562     5.074 r  gen_serial_cic_comb.u_cic_interp16_serial_comb_dsp_ce/gen_first_integrator_carry_for_comb_dsp.first_integrator_sum_carry/CO[3]
                         net (fo=1, routed)           0.000     5.074    gen_serial_cic_comb.u_cic_interp16_serial_comb_dsp_ce/gen_first_integrator_carry_for_comb_dsp.first_integrator_sum_carry_n_0
    SLICE_X33Y58         CARRY4 (Prop_carry4_CI_CO[3])
                                                      0.098     5.172 r  gen_serial_cic_comb.u_cic_interp16_serial_comb_dsp_ce/gen_first_integrator_carry_for_comb_dsp.first_integrator_sum_carry__0/CO[3]
                         net (fo=1, routed)           0.000     5.172    gen_serial_cic_comb.u_cic_interp16_serial_comb_dsp_ce/gen_first_integrator_carry_for_comb_dsp.first_integrator_sum_carry__0_n_0
    SLICE_X33Y59         CARRY4 (Prop_carry4_CI_CO[3])
                                                      0.098     5.270 r  gen_serial_cic_comb.u_cic_interp16_serial_comb_dsp_ce/gen_first_integrator_carry_for_comb_dsp.first_integrator_sum_carry__1/CO[3]
                         net (fo=1, routed)           0.000     5.270    gen_serial_cic_comb.u_cic_interp16_serial_comb_dsp_ce/gen_first_integrator_carry_for_comb_dsp.first_integrator_sum_carry__1_n_0
    SLICE_X33Y60         CARRY4 (Prop_carry4_CI_CO[3])
                                                      0.098     5.368 r  gen_serial_cic_comb.u_cic_interp16_serial_comb_dsp_ce/gen_first_integrator_carry_for_comb_dsp.first_integrator_sum_carry__2/CO[3]
                         net (fo=1, routed)           0.000     5.368    gen_serial_cic_comb.u_cic_interp16_serial_comb_dsp_ce/gen_first_integrator_carry_for_comb_dsp.first_integrator_sum_carry__2_n_0
    SLICE_X33Y61         CARRY4 (Prop_carry4_CI_CO[3])
                                                      0.098     5.466 r  gen_serial_cic_comb.u_cic_interp16_serial_comb_dsp_ce/gen_first_integrator_carry_for_comb_dsp.first_integrator_sum_carry__3/CO[3]
                         net (fo=1, routed)           0.000     5.466    gen_serial_cic_comb.u_cic_interp16_serial_comb_dsp_ce/gen_first_integrator_carry_for_comb_dsp.first_integrator_sum_carry__3_n_0
    SLICE_X33Y62         CARRY4 (Prop_carry4_CI_CO[3])
                                                      0.098     5.564 r  gen_serial_cic_comb.u_cic_interp16_serial_comb_dsp_ce/gen_first_integrator_carry_for_comb_dsp.first_integrator_sum_carry__4/CO[3]
                         net (fo=1, routed)           0.000     5.564    gen_serial_cic_comb.u_cic_interp16_serial_comb_dsp_ce/gen_first_integrator_carry_for_comb_dsp.first_integrator_sum_carry__4_n_0
    SLICE_X33Y63         CARRY4 (Prop_carry4_CI_O[1])
                                                      0.265     5.829 r  gen_serial_cic_comb.u_cic_interp16_serial_comb_dsp_ce/gen_first_integrator_carry_for_comb_dsp.first_integrator_sum_carry__5/O[1]
                         net (fo=23, routed)          1.603     7.432    final_input_rounded[25]
    DSP48_X1Y22          DSP48E1 (Prop_dsp48e1_A[23]_P[28])
                                                      1.889     9.321 r  gen_serial_cic_comb.u_cic_interp16_serial_comb_dsp_ce/gen_final_integrator_dsp.final_integrator_sum/P[28]
                         net (fo=22, routed)          0.964    10.285    gen_serial_cic_comb.u_cic_interp16_serial_comb_dsp_ce/gen_final_integrator_dsp.final_integrator_sum_n_77
    SLICE_X54Y55         LUT5 (Prop_lut5_I0_O)        0.105    10.390 r  interp128_all2x_LUT5_26/O
                         net (fo=1, routed)           0.327    10.717    interp128_all2x_net_18
    SLICE_X54Y56         LUT6 (Prop_lut6_I5_O)        0.105    10.822 r  interp128_all2x_LUT6_17/O
                         net (fo=1, routed)           0.000    10.822    rounded_value_carry_i_1__0_n_0
    SLICE_X54Y56         CARRY4 (Prop_carry4_S[0]_CO[3])
                                                      0.423    11.245 r  gen_serial_cic_comb.u_cic_interp16_serial_comb_dsp_ce/u_round_cic_normalized_output/rounded_value_carry/CO[3]
                         net (fo=1, routed)           0.000    11.245    gen_serial_cic_comb.u_cic_interp16_serial_comb_dsp_ce/u_round_cic_normalized_output/rounded_value_carry_n_0
    SLICE_X54Y57         CARRY4 (Prop_carry4_CI_CO[3])
                                                      0.100    11.345 r  gen_serial_cic_comb.u_cic_interp16_serial_comb_dsp_ce/u_round_cic_normalized_output/rounded_value_carry__0/CO[3]
                         net (fo=1, routed)           0.000    11.345    gen_serial_cic_comb.u_cic_interp16_serial_comb_dsp_ce/u_round_cic_normalized_output/rounded_value_carry__0_n_0
    SLICE_X54Y58         CARRY4 (Prop_carry4_CI_CO[3])
                                                      0.100    11.445 r  gen_serial_cic_comb.u_cic_interp16_serial_comb_dsp_ce/u_round_cic_normalized_output/rounded_value_carry__1/CO[3]
                         net (fo=1, routed)           0.000    11.445    gen_serial_cic_comb.u_cic_interp16_serial_comb_dsp_ce/u_round_cic_normalized_output/rounded_value_carry__1_n_0
    SLICE_X54Y59         CARRY4 (Prop_carry4_CI_CO[3])
                                                      0.100    11.545 r  gen_serial_cic_comb.u_cic_interp16_serial_comb_dsp_ce/u_round_cic_normalized_output/rounded_value_carry__2/CO[3]
                         net (fo=1, routed)           0.000    11.545    gen_serial_cic_comb.u_cic_interp16_serial_comb_dsp_ce/u_round_cic_normalized_output/rounded_value_carry__2_n_0
    SLICE_X54Y60         CARRY4 (Prop_carry4_CI_CO[3])
                                                      0.100    11.645 r  gen_serial_cic_comb.u_cic_interp16_serial_comb_dsp_ce/u_round_cic_normalized_output/rounded_value_carry__3/CO[3]
                         net (fo=1, routed)           0.000    11.645    gen_serial_cic_comb.u_cic_interp16_serial_comb_dsp_ce/u_round_cic_normalized_output/rounded_value_carry__3_n_0
    SLICE_X54Y61         CARRY4 (Prop_carry4_CI_O[0])
                                                      0.178    11.823 r  gen_serial_cic_comb.u_cic_interp16_serial_comb_dsp_ce/u_round_cic_normalized_output/rounded_value_carry__4/O[0]
                         net (fo=19, routed)          0.816    12.640    gen_serial_cic_comb.u_cic_interp16_serial_comb_dsp_ce/u_round_cic_normalized_output/rounded_value_carry__4_n_7
    SLICE_X55Y58         LUT4 (Prop_lut4_I1_O)        0.252    12.892 r  y_out[9]_i_1__0/O
                         net (fo=1, routed)           0.000    12.892    normalized_output[9]
    SLICE_X55Y58         FDRE                                         r  gen_serial_cic_comb.u_cic_interp16_serial_comb_dsp_ce/y_out_reg[9]/D
  -------------------------------------------------------------------    -------------------

                         (clock core_clk_6m144 rise edge)
                                                    162.760   162.760 r  
                                                      0.000   162.760 r  clk (IN)
                         net (fo=288, unset)          1.247   164.007    clk
    SLICE_X55Y58         FDRE                                         r  gen_serial_cic_comb.u_cic_interp16_serial_comb_dsp_ce/y_out_reg[9]/C
                         clock pessimism              0.006   164.013    
                         clock uncertainty           -0.035   163.978    
    SLICE_X55Y58         FDRE (Setup_fdre_C_D)        0.069   164.047    gen_serial_cic_comb.u_cic_interp16_serial_comb_dsp_ce/y_out_reg[9]
  -------------------------------------------------------------------
                         required time                        164.047    
                         arrival time                         -12.892    
  -------------------------------------------------------------------
                         slack                                151.155    

Slack (MET) :             151.166ns  (required time - arrival time)
  Source:                 gen_serial_cic_comb.u_cic_interp16_serial_comb_dsp_ce/burst_remaining_reg[0]/C
                            (rising edge-triggered cell FDRE clocked by core_clk_6m144  {rise@0.000ns fall@81.380ns period=162.760ns})
  Destination:            gen_serial_cic_comb.u_cic_interp16_serial_comb_dsp_ce/y_out_reg[3]/D
                            (rising edge-triggered cell FDRE clocked by core_clk_6m144  {rise@0.000ns fall@81.380ns period=162.760ns})
  Path Group:             core_clk_6m144
  Path Type:              Setup (Max at Slow Process Corner)
  Requirement:            162.760ns  (core_clk_6m144 rise@162.760ns - core_clk_6m144 rise@0.000ns)
  Data Path Delay:        11.499ns  (logic 5.244ns (45.606%)  route 6.255ns (54.394%))
  Logic Levels:           19  (CARRY4=13 DSP48E1=1 LUT4=2 LUT5=1 LUT6=2)
  Clock Path Skew:        -0.092ns (DCD - SCD + CPR)
    Destination Clock Delay (DCD):    1.248ns = ( 164.008 - 162.760 ) 
    Source Clock Delay      (SCD):    1.346ns
    Clock Pessimism Removal (CPR):    0.006ns
  Clock Uncertainty:      0.035ns  ((TSJ^2 + TIJ^2)^1/2 + DJ) / 2 + PE
    Total System Jitter     (TSJ):    0.071ns
    Total Input Jitter      (TIJ):    0.000ns
    Discrete Jitter          (DJ):    0.000ns
    Phase Error              (PE):    0.000ns

    Location             Delay type                Incr(ns)  Path(ns)    Netlist Resource(s)
  -------------------------------------------------------------------    -------------------
                         (clock core_clk_6m144 rise edge)
                                                      0.000     0.000 r  
                                                      0.000     0.000 r  clk (IN)
                         net (fo=288, unset)          1.346     1.346    clk
    SLICE_X31Y63         FDRE                                         r  gen_serial_cic_comb.u_cic_interp16_serial_comb_dsp_ce/burst_remaining_reg[0]/C
  -------------------------------------------------------------------    -------------------
    SLICE_X31Y63         FDRE (Prop_fdre_C_Q)         0.379     1.725 f  gen_serial_cic_comb.u_cic_interp16_serial_comb_dsp_ce/burst_remaining_reg[0]/Q
                         net (fo=6, routed)           0.716     2.441    gen_serial_cic_comb.u_cic_interp16_serial_comb_dsp_ce/burst_remaining_reg_n_0_[0]
    SLICE_X31Y63         LUT6 (Prop_lut6_I2_O)        0.105     2.546 r  interp128_all2x_LUT6/O
                         net (fo=51, routed)          1.494     4.040    interp128_all2x_net
    SLICE_X34Y58         LUT4 (Prop_lut4_I3_O)        0.105     4.145 r  interp128_all2x_LUT4_2/O
                         net (fo=2, routed)           0.368     4.512    gen_first_integrator_carry_for_comb_dsp.first_integrator_sum_carry_i_3_n_0
    SLICE_X33Y57         CARRY4 (Prop_carry4_S[1]_CO[3])
                                                      0.562     5.074 r  gen_serial_cic_comb.u_cic_interp16_serial_comb_dsp_ce/gen_first_integrator_carry_for_comb_dsp.first_integrator_sum_carry/CO[3]
                         net (fo=1, routed)           0.000     5.074    gen_serial_cic_comb.u_cic_interp16_serial_comb_dsp_ce/gen_first_integrator_carry_for_comb_dsp.first_integrator_sum_carry_n_0
    SLICE_X33Y58         CARRY4 (Prop_carry4_CI_CO[3])
                                                      0.098     5.172 r  gen_serial_cic_comb.u_cic_interp16_serial_comb_dsp_ce/gen_first_integrator_carry_for_comb_dsp.first_integrator_sum_carry__0/CO[3]
                         net (fo=1, routed)           0.000     5.172    gen_serial_cic_comb.u_cic_interp16_serial_comb_dsp_ce/gen_first_integrator_carry_for_comb_dsp.first_integrator_sum_carry__0_n_0
    SLICE_X33Y59         CARRY4 (Prop_carry4_CI_CO[3])
                                                      0.098     5.270 r  gen_serial_cic_comb.u_cic_interp16_serial_comb_dsp_ce/gen_first_integrator_carry_for_comb_dsp.first_integrator_sum_carry__1/CO[3]
                         net (fo=1, routed)           0.000     5.270    gen_serial_cic_comb.u_cic_interp16_serial_comb_dsp_ce/gen_first_integrator_carry_for_comb_dsp.first_integrator_sum_carry__1_n_0
    SLICE_X33Y60         CARRY4 (Prop_carry4_CI_CO[3])
                                                      0.098     5.368 r  gen_serial_cic_comb.u_cic_interp16_serial_comb_dsp_ce/gen_first_integrator_carry_for_comb_dsp.first_integrator_sum_carry__2/CO[3]
                         net (fo=1, routed)           0.000     5.368    gen_serial_cic_comb.u_cic_interp16_serial_comb_dsp_ce/gen_first_integrator_carry_for_comb_dsp.first_integrator_sum_carry__2_n_0
    SLICE_X33Y61         CARRY4 (Prop_carry4_CI_CO[3])
                                                      0.098     5.466 r  gen_serial_cic_comb.u_cic_interp16_serial_comb_dsp_ce/gen_first_integrator_carry_for_comb_dsp.first_integrator_sum_carry__3/CO[3]
                         net (fo=1, routed)           0.000     5.466    gen_serial_cic_comb.u_cic_interp16_serial_comb_dsp_ce/gen_first_integrator_carry_for_comb_dsp.first_integrator_sum_carry__3_n_0
    SLICE_X33Y62         CARRY4 (Prop_carry4_CI_CO[3])
                                                      0.098     5.564 r  gen_serial_cic_comb.u_cic_interp16_serial_comb_dsp_ce/gen_first_integrator_carry_for_comb_dsp.first_integrator_sum_carry__4/CO[3]
                         net (fo=1, routed)           0.000     5.564    gen_serial_cic_comb.u_cic_interp16_serial_comb_dsp_ce/gen_first_integrator_carry_for_comb_dsp.first_integrator_sum_carry__4_n_0
    SLICE_X33Y63         CARRY4 (Prop_carry4_CI_O[1])
                                                      0.265     5.829 r  gen_serial_cic_comb.u_cic_interp16_serial_comb_dsp_ce/gen_first_integrator_carry_for_comb_dsp.first_integrator_sum_carry__5/O[1]
                         net (fo=23, routed)          1.603     7.432    final_input_rounded[25]
    DSP48_X1Y22          DSP48E1 (Prop_dsp48e1_A[23]_P[28])
                                                      1.889     9.321 r  gen_serial_cic_comb.u_cic_interp16_serial_comb_dsp_ce/gen_final_integrator_dsp.final_integrator_sum/P[28]
                         net (fo=22, routed)          0.964    10.285    gen_serial_cic_comb.u_cic_interp16_serial_comb_dsp_ce/gen_final_integrator_dsp.final_integrator_sum_n_77
    SLICE_X54Y55         LUT5 (Prop_lut5_I0_O)        0.105    10.390 r  interp128_all2x_LUT5_26/O
                         net (fo=1, routed)           0.327    10.717    interp128_all2x_net_18
    SLICE_X54Y56         LUT6 (Prop_lut6_I5_O)        0.105    10.822 r  interp128_all2x_LUT6_17/O
                         net (fo=1, routed)           0.000    10.822    rounded_value_carry_i_1__0_n_0
    SLICE_X54Y56         CARRY4 (Prop_carry4_S[0]_CO[3])
                                                      0.423    11.245 r  gen_serial_cic_comb.u_cic_interp16_serial_comb_dsp_ce/u_round_cic_normalized_output/rounded_value_carry/CO[3]
                         net (fo=1, routed)           0.000    11.245    gen_serial_cic_comb.u_cic_interp16_serial_comb_dsp_ce/u_round_cic_normalized_output/rounded_value_carry_n_0
    SLICE_X54Y57         CARRY4 (Prop_carry4_CI_CO[3])
                                                      0.100    11.345 r  gen_serial_cic_comb.u_cic_interp16_serial_comb_dsp_ce/u_round_cic_normalized_output/rounded_value_carry__0/CO[3]
                         net (fo=1, routed)           0.000    11.345    gen_serial_cic_comb.u_cic_interp16_serial_comb_dsp_ce/u_round_cic_normalized_output/rounded_value_carry__0_n_0
    SLICE_X54Y58         CARRY4 (Prop_carry4_CI_CO[3])
                                                      0.100    11.445 r  gen_serial_cic_comb.u_cic_interp16_serial_comb_dsp_ce/u_round_cic_normalized_output/rounded_value_carry__1/CO[3]
                         net (fo=1, routed)           0.000    11.445    gen_serial_cic_comb.u_cic_interp16_serial_comb_dsp_ce/u_round_cic_normalized_output/rounded_value_carry__1_n_0
    SLICE_X54Y59         CARRY4 (Prop_carry4_CI_CO[3])
                                                      0.100    11.545 r  gen_serial_cic_comb.u_cic_interp16_serial_comb_dsp_ce/u_round_cic_normalized_output/rounded_value_carry__2/CO[3]
                         net (fo=1, routed)           0.000    11.545    gen_serial_cic_comb.u_cic_interp16_serial_comb_dsp_ce/u_round_cic_normalized_output/rounded_value_carry__2_n_0
    SLICE_X54Y60         CARRY4 (Prop_carry4_CI_CO[3])
                                                      0.100    11.645 r  gen_serial_cic_comb.u_cic_interp16_serial_comb_dsp_ce/u_round_cic_normalized_output/rounded_value_carry__3/CO[3]
                         net (fo=1, routed)           0.000    11.645    gen_serial_cic_comb.u_cic_interp16_serial_comb_dsp_ce/u_round_cic_normalized_output/rounded_value_carry__3_n_0
    SLICE_X54Y61         CARRY4 (Prop_carry4_CI_O[0])
                                                      0.178    11.823 r  gen_serial_cic_comb.u_cic_interp16_serial_comb_dsp_ce/u_round_cic_normalized_output/rounded_value_carry__4/O[0]
                         net (fo=19, routed)          0.783    12.607    gen_serial_cic_comb.u_cic_interp16_serial_comb_dsp_ce/u_round_cic_normalized_output/rounded_value_carry__4_n_7
    SLICE_X55Y57         LUT4 (Prop_lut4_I1_O)        0.238    12.845 r  y_out[3]_i_1__0/O
                         net (fo=1, routed)           0.000    12.845    normalized_output[3]
    SLICE_X55Y57         FDRE                                         r  gen_serial_cic_comb.u_cic_interp16_serial_comb_dsp_ce/y_out_reg[3]/D
  -------------------------------------------------------------------    -------------------

                         (clock core_clk_6m144 rise edge)
                                                    162.760   162.760 r  
                                                      0.000   162.760 r  clk (IN)
                         net (fo=288, unset)          1.248   164.008    clk
    SLICE_X55Y57         FDRE                                         r  gen_serial_cic_comb.u_cic_interp16_serial_comb_dsp_ce/y_out_reg[3]/C
                         clock pessimism              0.006   164.014    
                         clock uncertainty           -0.035   163.979    
    SLICE_X55Y57         FDRE (Setup_fdre_C_D)        0.032   164.011    gen_serial_cic_comb.u_cic_interp16_serial_comb_dsp_ce/y_out_reg[3]
  -------------------------------------------------------------------
                         required time                        164.011    
                         arrival time                         -12.845    
  -------------------------------------------------------------------
                         slack                                151.166    

Slack (MET) :             151.181ns  (required time - arrival time)
  Source:                 gen_serial_cic_comb.u_cic_interp16_serial_comb_dsp_ce/burst_remaining_reg[0]/C
                            (rising edge-triggered cell FDRE clocked by core_clk_6m144  {rise@0.000ns fall@81.380ns period=162.760ns})
  Destination:            gen_serial_cic_comb.u_cic_interp16_serial_comb_dsp_ce/y_out_reg[4]/D
                            (rising edge-triggered cell FDRE clocked by core_clk_6m144  {rise@0.000ns fall@81.380ns period=162.760ns})
  Path Group:             core_clk_6m144
  Path Type:              Setup (Max at Slow Process Corner)
  Requirement:            162.760ns  (core_clk_6m144 rise@162.760ns - core_clk_6m144 rise@0.000ns)
  Data Path Delay:        11.521ns  (logic 5.266ns (45.710%)  route 6.255ns (54.290%))
  Logic Levels:           19  (CARRY4=13 DSP48E1=1 LUT4=2 LUT5=1 LUT6=2)
  Clock Path Skew:        -0.092ns (DCD - SCD + CPR)
    Destination Clock Delay (DCD):    1.248ns = ( 164.008 - 162.760 ) 
    Source Clock Delay      (SCD):    1.346ns
    Clock Pessimism Removal (CPR):    0.006ns
  Clock Uncertainty:      0.035ns  ((TSJ^2 + TIJ^2)^1/2 + DJ) / 2 + PE
    Total System Jitter     (TSJ):    0.071ns
    Total Input Jitter      (TIJ):    0.000ns
    Discrete Jitter          (DJ):    0.000ns
    Phase Error              (PE):    0.000ns

    Location             Delay type                Incr(ns)  Path(ns)    Netlist Resource(s)
  -------------------------------------------------------------------    -------------------
                         (clock core_clk_6m144 rise edge)
                                                      0.000     0.000 r  
                                                      0.000     0.000 r  clk (IN)
                         net (fo=288, unset)          1.346     1.346    clk
    SLICE_X31Y63         FDRE                                         r  gen_serial_cic_comb.u_cic_interp16_serial_comb_dsp_ce/burst_remaining_reg[0]/C
  -------------------------------------------------------------------    -------------------
    SLICE_X31Y63         FDRE (Prop_fdre_C_Q)         0.379     1.725 f  gen_serial_cic_comb.u_cic_interp16_serial_comb_dsp_ce/burst_remaining_reg[0]/Q
                         net (fo=6, routed)           0.716     2.441    gen_serial_cic_comb.u_cic_interp16_serial_comb_dsp_ce/burst_remaining_reg_n_0_[0]
    SLICE_X31Y63         LUT6 (Prop_lut6_I2_O)        0.105     2.546 r  interp128_all2x_LUT6/O
                         net (fo=51, routed)          1.494     4.040    interp128_all2x_net
    SLICE_X34Y58         LUT4 (Prop_lut4_I3_O)        0.105     4.145 r  interp128_all2x_LUT4_2/O
                         net (fo=2, routed)           0.368     4.512    gen_first_integrator_carry_for_comb_dsp.first_integrator_sum_carry_i_3_n_0
    SLICE_X33Y57         CARRY4 (Prop_carry4_S[1]_CO[3])
                                                      0.562     5.074 r  gen_serial_cic_comb.u_cic_interp16_serial_comb_dsp_ce/gen_first_integrator_carry_for_comb_dsp.first_integrator_sum_carry/CO[3]
                         net (fo=1, routed)           0.000     5.074    gen_serial_cic_comb.u_cic_interp16_serial_comb_dsp_ce/gen_first_integrator_carry_for_comb_dsp.first_integrator_sum_carry_n_0
    SLICE_X33Y58         CARRY4 (Prop_carry4_CI_CO[3])
                                                      0.098     5.172 r  gen_serial_cic_comb.u_cic_interp16_serial_comb_dsp_ce/gen_first_integrator_carry_for_comb_dsp.first_integrator_sum_carry__0/CO[3]
                         net (fo=1, routed)           0.000     5.172    gen_serial_cic_comb.u_cic_interp16_serial_comb_dsp_ce/gen_first_integrator_carry_for_comb_dsp.first_integrator_sum_carry__0_n_0
    SLICE_X33Y59         CARRY4 (Prop_carry4_CI_CO[3])
                                                      0.098     5.270 r  gen_serial_cic_comb.u_cic_interp16_serial_comb_dsp_ce/gen_first_integrator_carry_for_comb_dsp.first_integrator_sum_carry__1/CO[3]
                         net (fo=1, routed)           0.000     5.270    gen_serial_cic_comb.u_cic_interp16_serial_comb_dsp_ce/gen_first_integrator_carry_for_comb_dsp.first_integrator_sum_carry__1_n_0
    SLICE_X33Y60         CARRY4 (Prop_carry4_CI_CO[3])
                                                      0.098     5.368 r  gen_serial_cic_comb.u_cic_interp16_serial_comb_dsp_ce/gen_first_integrator_carry_for_comb_dsp.first_integrator_sum_carry__2/CO[3]
                         net (fo=1, routed)           0.000     5.368    gen_serial_cic_comb.u_cic_interp16_serial_comb_dsp_ce/gen_first_integrator_carry_for_comb_dsp.first_integrator_sum_carry__2_n_0
    SLICE_X33Y61         CARRY4 (Prop_carry4_CI_CO[3])
                                                      0.098     5.466 r  gen_serial_cic_comb.u_cic_interp16_serial_comb_dsp_ce/gen_first_integrator_carry_for_comb_dsp.first_integrator_sum_carry__3/CO[3]
                         net (fo=1, routed)           0.000     5.466    gen_serial_cic_comb.u_cic_interp16_serial_comb_dsp_ce/gen_first_integrator_carry_for_comb_dsp.first_integrator_sum_carry__3_n_0
    SLICE_X33Y62         CARRY4 (Prop_carry4_CI_CO[3])
                                                      0.098     5.564 r  gen_serial_cic_comb.u_cic_interp16_serial_comb_dsp_ce/gen_first_integrator_carry_for_comb_dsp.first_integrator_sum_carry__4/CO[3]
                         net (fo=1, routed)           0.000     5.564    gen_serial_cic_comb.u_cic_interp16_serial_comb_dsp_ce/gen_first_integrator_carry_for_comb_dsp.first_integrator_sum_carry__4_n_0
    SLICE_X33Y63         CARRY4 (Prop_carry4_CI_O[1])
                                                      0.265     5.829 r  gen_serial_cic_comb.u_cic_interp16_serial_comb_dsp_ce/gen_first_integrator_carry_for_comb_dsp.first_integrator_sum_carry__5/O[1]
                         net (fo=23, routed)          1.603     7.432    final_input_rounded[25]
    DSP48_X1Y22          DSP48E1 (Prop_dsp48e1_A[23]_P[28])
                                                      1.889     9.321 r  gen_serial_cic_comb.u_cic_interp16_serial_comb_dsp_ce/gen_final_integrator_dsp.final_integrator_sum/P[28]
                         net (fo=22, routed)          0.964    10.285    gen_serial_cic_comb.u_cic_interp16_serial_comb_dsp_ce/gen_final_integrator_dsp.final_integrator_sum_n_77
    SLICE_X54Y55         LUT5 (Prop_lut5_I0_O)        0.105    10.390 r  interp128_all2x_LUT5_26/O
                         net (fo=1, routed)           0.327    10.717    interp128_all2x_net_18
    SLICE_X54Y56         LUT6 (Prop_lut6_I5_O)        0.105    10.822 r  interp128_all2x_LUT6_17/O
                         net (fo=1, routed)           0.000    10.822    rounded_value_carry_i_1__0_n_0
    SLICE_X54Y56         CARRY4 (Prop_carry4_S[0]_CO[3])
                                                      0.423    11.245 r  gen_serial_cic_comb.u_cic_interp16_serial_comb_dsp_ce/u_round_cic_normalized_output/rounded_value_carry/CO[3]
                         net (fo=1, routed)           0.000    11.245    gen_serial_cic_comb.u_cic_interp16_serial_comb_dsp_ce/u_round_cic_normalized_output/rounded_value_carry_n_0
    SLICE_X54Y57         CARRY4 (Prop_carry4_CI_CO[3])
                                                      0.100    11.345 r  gen_serial_cic_comb.u_cic_interp16_serial_comb_dsp_ce/u_round_cic_normalized_output/rounded_value_carry__0/CO[3]
                         net (fo=1, routed)           0.000    11.345    gen_serial_cic_comb.u_cic_interp16_serial_comb_dsp_ce/u_round_cic_normalized_output/rounded_value_carry__0_n_0
    SLICE_X54Y58         CARRY4 (Prop_carry4_CI_CO[3])
                                                      0.100    11.445 r  gen_serial_cic_comb.u_cic_interp16_serial_comb_dsp_ce/u_round_cic_normalized_output/rounded_value_carry__1/CO[3]
                         net (fo=1, routed)           0.000    11.445    gen_serial_cic_comb.u_cic_interp16_serial_comb_dsp_ce/u_round_cic_normalized_output/rounded_value_carry__1_n_0
    SLICE_X54Y59         CARRY4 (Prop_carry4_CI_CO[3])
                                                      0.100    11.545 r  gen_serial_cic_comb.u_cic_interp16_serial_comb_dsp_ce/u_round_cic_normalized_output/rounded_value_carry__2/CO[3]
                         net (fo=1, routed)           0.000    11.545    gen_serial_cic_comb.u_cic_interp16_serial_comb_dsp_ce/u_round_cic_normalized_output/rounded_value_carry__2_n_0
    SLICE_X54Y60         CARRY4 (Prop_carry4_CI_CO[3])
                                                      0.100    11.645 r  gen_serial_cic_comb.u_cic_interp16_serial_comb_dsp_ce/u_round_cic_normalized_output/rounded_value_carry__3/CO[3]
                         net (fo=1, routed)           0.000    11.645    gen_serial_cic_comb.u_cic_interp16_serial_comb_dsp_ce/u_round_cic_normalized_output/rounded_value_carry__3_n_0
    SLICE_X54Y61         CARRY4 (Prop_carry4_CI_O[0])
                                                      0.178    11.823 r  gen_serial_cic_comb.u_cic_interp16_serial_comb_dsp_ce/u_round_cic_normalized_output/rounded_value_carry__4/O[0]
                         net (fo=19, routed)          0.783    12.607    gen_serial_cic_comb.u_cic_interp16_serial_comb_dsp_ce/u_round_cic_normalized_output/rounded_value_carry__4_n_7
    SLICE_X55Y57         LUT4 (Prop_lut4_I1_O)        0.260    12.867 r  y_out[4]_i_1__0/O
                         net (fo=1, routed)           0.000    12.867    normalized_output[4]
    SLICE_X55Y57         FDRE                                         r  gen_serial_cic_comb.u_cic_interp16_serial_comb_dsp_ce/y_out_reg[4]/D
  -------------------------------------------------------------------    -------------------

                         (clock core_clk_6m144 rise edge)
                                                    162.760   162.760 r  
                                                      0.000   162.760 r  clk (IN)
                         net (fo=288, unset)          1.248   164.008    clk
    SLICE_X55Y57         FDRE                                         r  gen_serial_cic_comb.u_cic_interp16_serial_comb_dsp_ce/y_out_reg[4]/C
                         clock pessimism              0.006   164.014    
                         clock uncertainty           -0.035   163.979    
    SLICE_X55Y57         FDRE (Setup_fdre_C_D)        0.069   164.048    gen_serial_cic_comb.u_cic_interp16_serial_comb_dsp_ce/y_out_reg[4]
  -------------------------------------------------------------------
                         required time                        164.048    
                         arrival time                         -12.867    
  -------------------------------------------------------------------
                         slack                                151.181    

Slack (MET) :             151.314ns  (required time - arrival time)
  Source:                 gen_serial_cic_comb.u_cic_interp16_serial_comb_dsp_ce/burst_remaining_reg[0]/C
                            (rising edge-triggered cell FDRE clocked by core_clk_6m144  {rise@0.000ns fall@81.380ns period=162.760ns})
  Destination:            gen_serial_cic_comb.u_cic_interp16_serial_comb_dsp_ce/y_out_reg[17]/D
                            (rising edge-triggered cell FDRE clocked by core_clk_6m144  {rise@0.000ns fall@81.380ns period=162.760ns})
  Path Group:             core_clk_6m144
  Path Type:              Setup (Max at Slow Process Corner)
  Requirement:            162.760ns  (core_clk_6m144 rise@162.760ns - core_clk_6m144 rise@0.000ns)
  Data Path Delay:        11.349ns  (logic 5.244ns (46.207%)  route 6.105ns (53.793%))
  Logic Levels:           19  (CARRY4=13 DSP48E1=1 LUT4=2 LUT5=1 LUT6=2)
  Clock Path Skew:        -0.094ns (DCD - SCD + CPR)
    Destination Clock Delay (DCD):    1.246ns = ( 164.006 - 162.760 ) 
    Source Clock Delay      (SCD):    1.346ns
    Clock Pessimism Removal (CPR):    0.006ns
  Clock Uncertainty:      0.035ns  ((TSJ^2 + TIJ^2)^1/2 + DJ) / 2 + PE
    Total System Jitter     (TSJ):    0.071ns
    Total Input Jitter      (TIJ):    0.000ns
    Discrete Jitter          (DJ):    0.000ns
    Phase Error              (PE):    0.000ns

    Location             Delay type                Incr(ns)  Path(ns)    Netlist Resource(s)
  -------------------------------------------------------------------    -------------------
                         (clock core_clk_6m144 rise edge)
                                                      0.000     0.000 r  
                                                      0.000     0.000 r  clk (IN)
                         net (fo=288, unset)          1.346     1.346    clk
    SLICE_X31Y63         FDRE                                         r  gen_serial_cic_comb.u_cic_interp16_serial_comb_dsp_ce/burst_remaining_reg[0]/C
  -------------------------------------------------------------------    -------------------
    SLICE_X31Y63         FDRE (Prop_fdre_C_Q)         0.379     1.725 f  gen_serial_cic_comb.u_cic_interp16_serial_comb_dsp_ce/burst_remaining_reg[0]/Q
                         net (fo=6, routed)           0.716     2.441    gen_serial_cic_comb.u_cic_interp16_serial_comb_dsp_ce/burst_remaining_reg_n_0_[0]
    SLICE_X31Y63         LUT6 (Prop_lut6_I2_O)        0.105     2.546 r  interp128_all2x_LUT6/O
                         net (fo=51, routed)          1.494     4.040    interp128_all2x_net
    SLICE_X34Y58         LUT4 (Prop_lut4_I3_O)        0.105     4.145 r  interp128_all2x_LUT4_2/O
                         net (fo=2, routed)           0.368     4.512    gen_first_integrator_carry_for_comb_dsp.first_integrator_sum_carry_i_3_n_0
    SLICE_X33Y57         CARRY4 (Prop_carry4_S[1]_CO[3])
                                                      0.562     5.074 r  gen_serial_cic_comb.u_cic_interp16_serial_comb_dsp_ce/gen_first_integrator_carry_for_comb_dsp.first_integrator_sum_carry/CO[3]
                         net (fo=1, routed)           0.000     5.074    gen_serial_cic_comb.u_cic_interp16_serial_comb_dsp_ce/gen_first_integrator_carry_for_comb_dsp.first_integrator_sum_carry_n_0
    SLICE_X33Y58         CARRY4 (Prop_carry4_CI_CO[3])
                                                      0.098     5.172 r  gen_serial_cic_comb.u_cic_interp16_serial_comb_dsp_ce/gen_first_integrator_carry_for_comb_dsp.first_integrator_sum_carry__0/CO[3]
                         net (fo=1, routed)           0.000     5.172    gen_serial_cic_comb.u_cic_interp16_serial_comb_dsp_ce/gen_first_integrator_carry_for_comb_dsp.first_integrator_sum_carry__0_n_0
    SLICE_X33Y59         CARRY4 (Prop_carry4_CI_CO[3])
                                                      0.098     5.270 r  gen_serial_cic_comb.u_cic_interp16_serial_comb_dsp_ce/gen_first_integrator_carry_for_comb_dsp.first_integrator_sum_carry__1/CO[3]
                         net (fo=1, routed)           0.000     5.270    gen_serial_cic_comb.u_cic_interp16_serial_comb_dsp_ce/gen_first_integrator_carry_for_comb_dsp.first_integrator_sum_carry__1_n_0
    SLICE_X33Y60         CARRY4 (Prop_carry4_CI_CO[3])
                                                      0.098     5.368 r  gen_serial_cic_comb.u_cic_interp16_serial_comb_dsp_ce/gen_first_integrator_carry_for_comb_dsp.first_integrator_sum_carry__2/CO[3]
                         net (fo=1, routed)           0.000     5.368    gen_serial_cic_comb.u_cic_interp16_serial_comb_dsp_ce/gen_first_integrator_carry_for_comb_dsp.first_integrator_sum_carry__2_n_0
    SLICE_X33Y61         CARRY4 (Prop_carry4_CI_CO[3])
                                                      0.098     5.466 r  gen_serial_cic_comb.u_cic_interp16_serial_comb_dsp_ce/gen_first_integrator_carry_for_comb_dsp.first_integrator_sum_carry__3/CO[3]
                         net (fo=1, routed)           0.000     5.466    gen_serial_cic_comb.u_cic_interp16_serial_comb_dsp_ce/gen_first_integrator_carry_for_comb_dsp.first_integrator_sum_carry__3_n_0
    SLICE_X33Y62         CARRY4 (Prop_carry4_CI_CO[3])
                                                      0.098     5.564 r  gen_serial_cic_comb.u_cic_interp16_serial_comb_dsp_ce/gen_first_integrator_carry_for_comb_dsp.first_integrator_sum_carry__4/CO[3]
                         net (fo=1, routed)           0.000     5.564    gen_serial_cic_comb.u_cic_interp16_serial_comb_dsp_ce/gen_first_integrator_carry_for_comb_dsp.first_integrator_sum_carry__4_n_0
    SLICE_X33Y63         CARRY4 (Prop_carry4_CI_O[1])
                                                      0.265     5.829 r  gen_serial_cic_comb.u_cic_interp16_serial_comb_dsp_ce/gen_first_integrator_carry_for_comb_dsp.first_integrator_sum_carry__5/O[1]
                         net (fo=23, routed)          1.603     7.432    final_input_rounded[25]
    DSP48_X1Y22          DSP48E1 (Prop_dsp48e1_A[23]_P[28])
                                                      1.889     9.321 r  gen_serial_cic_comb.u_cic_interp16_serial_comb_dsp_ce/gen_final_integrator_dsp.final_integrator_sum/P[28]
                         net (fo=22, routed)          0.964    10.285    gen_serial_cic_comb.u_cic_interp16_serial_comb_dsp_ce/gen_final_integrator_dsp.final_integrator_sum_n_77
    SLICE_X54Y55         LUT5 (Prop_lut5_I0_O)        0.105    10.390 r  interp128_all2x_LUT5_26/O
                         net (fo=1, routed)           0.327    10.717    interp128_all2x_net_18
    SLICE_X54Y56         LUT6 (Prop_lut6_I5_O)        0.105    10.822 r  interp128_all2x_LUT6_17/O
                         net (fo=1, routed)           0.000    10.822    rounded_value_carry_i_1__0_n_0
    SLICE_X54Y56         CARRY4 (Prop_carry4_S[0]_CO[3])
                                                      0.423    11.245 r  gen_serial_cic_comb.u_cic_interp16_serial_comb_dsp_ce/u_round_cic_normalized_output/rounded_value_carry/CO[3]
                         net (fo=1, routed)           0.000    11.245    gen_serial_cic_comb.u_cic_interp16_serial_comb_dsp_ce/u_round_cic_normalized_output/rounded_value_carry_n_0
    SLICE_X54Y57         CARRY4 (Prop_carry4_CI_CO[3])
                                                      0.100    11.345 r  gen_serial_cic_comb.u_cic_interp16_serial_comb_dsp_ce/u_round_cic_normalized_output/rounded_value_carry__0/CO[3]
                         net (fo=1, routed)           0.000    11.345    gen_serial_cic_comb.u_cic_interp16_serial_comb_dsp_ce/u_round_cic_normalized_output/rounded_value_carry__0_n_0
    SLICE_X54Y58         CARRY4 (Prop_carry4_CI_CO[3])
                                                      0.100    11.445 r  gen_serial_cic_comb.u_cic_interp16_serial_comb_dsp_ce/u_round_cic_normalized_output/rounded_value_carry__1/CO[3]
                         net (fo=1, routed)           0.000    11.445    gen_serial_cic_comb.u_cic_interp16_serial_comb_dsp_ce/u_round_cic_normalized_output/rounded_value_carry__1_n_0
    SLICE_X54Y59         CARRY4 (Prop_carry4_CI_CO[3])
                                                      0.100    11.545 r  gen_serial_cic_comb.u_cic_interp16_serial_comb_dsp_ce/u_round_cic_normalized_output/rounded_value_carry__2/CO[3]
                         net (fo=1, routed)           0.000    11.545    gen_serial_cic_comb.u_cic_interp16_serial_comb_dsp_ce/u_round_cic_normalized_output/rounded_value_carry__2_n_0
    SLICE_X54Y60         CARRY4 (Prop_carry4_CI_CO[3])
                                                      0.100    11.645 r  gen_serial_cic_comb.u_cic_interp16_serial_comb_dsp_ce/u_round_cic_normalized_output/rounded_value_carry__3/CO[3]
                         net (fo=1, routed)           0.000    11.645    gen_serial_cic_comb.u_cic_interp16_serial_comb_dsp_ce/u_round_cic_normalized_output/rounded_value_carry__3_n_0
    SLICE_X54Y61         CARRY4 (Prop_carry4_CI_O[0])
                                                      0.178    11.823 r  gen_serial_cic_comb.u_cic_interp16_serial_comb_dsp_ce/u_round_cic_normalized_output/rounded_value_carry__4/O[0]
                         net (fo=19, routed)          0.634    12.457    gen_serial_cic_comb.u_cic_interp16_serial_comb_dsp_ce/u_round_cic_normalized_output/rounded_value_carry__4_n_7
    SLICE_X55Y60         LUT4 (Prop_lut4_I1_O)        0.238    12.695 r  y_out[17]_i_1__0/O
                         net (fo=1, routed)           0.000    12.695    normalized_output[17]
    SLICE_X55Y60         FDRE                                         r  gen_serial_cic_comb.u_cic_interp16_serial_comb_dsp_ce/y_out_reg[17]/D
  -------------------------------------------------------------------    -------------------

                         (clock core_clk_6m144 rise edge)
                                                    162.760   162.760 r  
                                                      0.000   162.760 r  clk (IN)
                         net (fo=288, unset)          1.246   164.006    clk
    SLICE_X55Y60         FDRE                                         r  gen_serial_cic_comb.u_cic_interp16_serial_comb_dsp_ce/y_out_reg[17]/C
                         clock pessimism              0.006   164.012    
                         clock uncertainty           -0.035   163.977    
    SLICE_X55Y60         FDRE (Setup_fdre_C_D)        0.032   164.009    gen_serial_cic_comb.u_cic_interp16_serial_comb_dsp_ce/y_out_reg[17]
  -------------------------------------------------------------------
                         required time                        164.009    
                         arrival time                         -12.695    
  -------------------------------------------------------------------
                         slack                                151.314    

Slack (MET) :             151.330ns  (required time - arrival time)
  Source:                 gen_serial_cic_comb.u_cic_interp16_serial_comb_dsp_ce/burst_remaining_reg[0]/C
                            (rising edge-triggered cell FDRE clocked by core_clk_6m144  {rise@0.000ns fall@81.380ns period=162.760ns})
  Destination:            gen_serial_cic_comb.u_cic_interp16_serial_comb_dsp_ce/y_out_reg[18]/D
                            (rising edge-triggered cell FDRE clocked by core_clk_6m144  {rise@0.000ns fall@81.380ns period=162.760ns})
  Path Group:             core_clk_6m144
  Path Type:              Setup (Max at Slow Process Corner)
  Requirement:            162.760ns  (core_clk_6m144 rise@162.760ns - core_clk_6m144 rise@0.000ns)
  Data Path Delay:        11.370ns  (logic 5.265ns (46.306%)  route 6.105ns (53.694%))
  Logic Levels:           19  (CARRY4=13 DSP48E1=1 LUT4=2 LUT5=1 LUT6=2)
  Clock Path Skew:        -0.094ns (DCD - SCD + CPR)
    Destination Clock Delay (DCD):    1.246ns = ( 164.006 - 162.760 ) 
    Source Clock Delay      (SCD):    1.346ns
    Clock Pessimism Removal (CPR):    0.006ns
  Clock Uncertainty:      0.035ns  ((TSJ^2 + TIJ^2)^1/2 + DJ) / 2 + PE
    Total System Jitter     (TSJ):    0.071ns
    Total Input Jitter      (TIJ):    0.000ns
    Discrete Jitter          (DJ):    0.000ns
    Phase Error              (PE):    0.000ns

    Location             Delay type                Incr(ns)  Path(ns)    Netlist Resource(s)
  -------------------------------------------------------------------    -------------------
                         (clock core_clk_6m144 rise edge)
                                                      0.000     0.000 r  
                                                      0.000     0.000 r  clk (IN)
                         net (fo=288, unset)          1.346     1.346    clk
    SLICE_X31Y63         FDRE                                         r  gen_serial_cic_comb.u_cic_interp16_serial_comb_dsp_ce/burst_remaining_reg[0]/C
  -------------------------------------------------------------------    -------------------
    SLICE_X31Y63         FDRE (Prop_fdre_C_Q)         0.379     1.725 f  gen_serial_cic_comb.u_cic_interp16_serial_comb_dsp_ce/burst_remaining_reg[0]/Q
                         net (fo=6, routed)           0.716     2.441    gen_serial_cic_comb.u_cic_interp16_serial_comb_dsp_ce/burst_remaining_reg_n_0_[0]
    SLICE_X31Y63         LUT6 (Prop_lut6_I2_O)        0.105     2.546 r  interp128_all2x_LUT6/O
                         net (fo=51, routed)          1.494     4.040    interp128_all2x_net
    SLICE_X34Y58         LUT4 (Prop_lut4_I3_O)        0.105     4.145 r  interp128_all2x_LUT4_2/O
                         net (fo=2, routed)           0.368     4.512    gen_first_integrator_carry_for_comb_dsp.first_integrator_sum_carry_i_3_n_0
    SLICE_X33Y57         CARRY4 (Prop_carry4_S[1]_CO[3])
                                                      0.562     5.074 r  gen_serial_cic_comb.u_cic_interp16_serial_comb_dsp_ce/gen_first_integrator_carry_for_comb_dsp.first_integrator_sum_carry/CO[3]
                         net (fo=1, routed)           0.000     5.074    gen_serial_cic_comb.u_cic_interp16_serial_comb_dsp_ce/gen_first_integrator_carry_for_comb_dsp.first_integrator_sum_carry_n_0
    SLICE_X33Y58         CARRY4 (Prop_carry4_CI_CO[3])
                                                      0.098     5.172 r  gen_serial_cic_comb.u_cic_interp16_serial_comb_dsp_ce/gen_first_integrator_carry_for_comb_dsp.first_integrator_sum_carry__0/CO[3]
                         net (fo=1, routed)           0.000     5.172    gen_serial_cic_comb.u_cic_interp16_serial_comb_dsp_ce/gen_first_integrator_carry_for_comb_dsp.first_integrator_sum_carry__0_n_0
    SLICE_X33Y59         CARRY4 (Prop_carry4_CI_CO[3])
                                                      0.098     5.270 r  gen_serial_cic_comb.u_cic_interp16_serial_comb_dsp_ce/gen_first_integrator_carry_for_comb_dsp.first_integrator_sum_carry__1/CO[3]
                         net (fo=1, routed)           0.000     5.270    gen_serial_cic_comb.u_cic_interp16_serial_comb_dsp_ce/gen_first_integrator_carry_for_comb_dsp.first_integrator_sum_carry__1_n_0
    SLICE_X33Y60         CARRY4 (Prop_carry4_CI_CO[3])
                                                      0.098     5.368 r  gen_serial_cic_comb.u_cic_interp16_serial_comb_dsp_ce/gen_first_integrator_carry_for_comb_dsp.first_integrator_sum_carry__2/CO[3]
                         net (fo=1, routed)           0.000     5.368    gen_serial_cic_comb.u_cic_interp16_serial_comb_dsp_ce/gen_first_integrator_carry_for_comb_dsp.first_integrator_sum_carry__2_n_0
    SLICE_X33Y61         CARRY4 (Prop_carry4_CI_CO[3])
                                                      0.098     5.466 r  gen_serial_cic_comb.u_cic_interp16_serial_comb_dsp_ce/gen_first_integrator_carry_for_comb_dsp.first_integrator_sum_carry__3/CO[3]
                         net (fo=1, routed)           0.000     5.466    gen_serial_cic_comb.u_cic_interp16_serial_comb_dsp_ce/gen_first_integrator_carry_for_comb_dsp.first_integrator_sum_carry__3_n_0
    SLICE_X33Y62         CARRY4 (Prop_carry4_CI_CO[3])
                                                      0.098     5.564 r  gen_serial_cic_comb.u_cic_interp16_serial_comb_dsp_ce/gen_first_integrator_carry_for_comb_dsp.first_integrator_sum_carry__4/CO[3]
                         net (fo=1, routed)           0.000     5.564    gen_serial_cic_comb.u_cic_interp16_serial_comb_dsp_ce/gen_first_integrator_carry_for_comb_dsp.first_integrator_sum_carry__4_n_0
    SLICE_X33Y63         CARRY4 (Prop_carry4_CI_O[1])
                                                      0.265     5.829 r  gen_serial_cic_comb.u_cic_interp16_serial_comb_dsp_ce/gen_first_integrator_carry_for_comb_dsp.first_integrator_sum_carry__5/O[1]
                         net (fo=23, routed)          1.603     7.432    final_input_rounded[25]
    DSP48_X1Y22          DSP48E1 (Prop_dsp48e1_A[23]_P[28])
                                                      1.889     9.321 r  gen_serial_cic_comb.u_cic_interp16_serial_comb_dsp_ce/gen_final_integrator_dsp.final_integrator_sum/P[28]
                         net (fo=22, routed)          0.964    10.285    gen_serial_cic_comb.u_cic_interp16_serial_comb_dsp_ce/gen_final_integrator_dsp.final_integrator_sum_n_77
    SLICE_X54Y55         LUT5 (Prop_lut5_I0_O)        0.105    10.390 r  interp128_all2x_LUT5_26/O
                         net (fo=1, routed)           0.327    10.717    interp128_all2x_net_18
    SLICE_X54Y56         LUT6 (Prop_lut6_I5_O)        0.105    10.822 r  interp128_all2x_LUT6_17/O
                         net (fo=1, routed)           0.000    10.822    rounded_value_carry_i_1__0_n_0
    SLICE_X54Y56         CARRY4 (Prop_carry4_S[0]_CO[3])
                                                      0.423    11.245 r  gen_serial_cic_comb.u_cic_interp16_serial_comb_dsp_ce/u_round_cic_normalized_output/rounded_value_carry/CO[3]
                         net (fo=1, routed)           0.000    11.245    gen_serial_cic_comb.u_cic_interp16_serial_comb_dsp_ce/u_round_cic_normalized_output/rounded_value_carry_n_0
    SLICE_X54Y57         CARRY4 (Prop_carry4_CI_CO[3])
                                                      0.100    11.345 r  gen_serial_cic_comb.u_cic_interp16_serial_comb_dsp_ce/u_round_cic_normalized_output/rounded_value_carry__0/CO[3]
                         net (fo=1, routed)           0.000    11.345    gen_serial_cic_comb.u_cic_interp16_serial_comb_dsp_ce/u_round_cic_normalized_output/rounded_value_carry__0_n_0
    SLICE_X54Y58         CARRY4 (Prop_carry4_CI_CO[3])
                                                      0.100    11.445 r  gen_serial_cic_comb.u_cic_interp16_serial_comb_dsp_ce/u_round_cic_normalized_output/rounded_value_carry__1/CO[3]
                         net (fo=1, routed)           0.000    11.445    gen_serial_cic_comb.u_cic_interp16_serial_comb_dsp_ce/u_round_cic_normalized_output/rounded_value_carry__1_n_0
    SLICE_X54Y59         CARRY4 (Prop_carry4_CI_CO[3])
                                                      0.100    11.545 r  gen_serial_cic_comb.u_cic_interp16_serial_comb_dsp_ce/u_round_cic_normalized_output/rounded_value_carry__2/CO[3]
                         net (fo=1, routed)           0.000    11.545    gen_serial_cic_comb.u_cic_interp16_serial_comb_dsp_ce/u_round_cic_normalized_output/rounded_value_carry__2_n_0
    SLICE_X54Y60         CARRY4 (Prop_carry4_CI_CO[3])
                                                      0.100    11.645 r  gen_serial_cic_comb.u_cic_interp16_serial_comb_dsp_ce/u_round_cic_normalized_output/rounded_value_carry__3/CO[3]
                         net (fo=1, routed)           0.000    11.645    gen_serial_cic_comb.u_cic_interp16_serial_comb_dsp_ce/u_round_cic_normalized_output/rounded_value_carry__3_n_0
    SLICE_X54Y61         CARRY4 (Prop_carry4_CI_O[0])
                                                      0.178    11.823 r  gen_serial_cic_comb.u_cic_interp16_serial_comb_dsp_ce/u_round_cic_normalized_output/rounded_value_carry__4/O[0]
                         net (fo=19, routed)          0.634    12.457    gen_serial_cic_comb.u_cic_interp16_serial_comb_dsp_ce/u_round_cic_normalized_output/rounded_value_carry__4_n_7
    SLICE_X55Y60         LUT4 (Prop_lut4_I1_O)        0.259    12.716 r  y_out[18]_i_1__0/O
                         net (fo=1, routed)           0.000    12.716    normalized_output[18]
    SLICE_X55Y60         FDRE                                         r  gen_serial_cic_comb.u_cic_interp16_serial_comb_dsp_ce/y_out_reg[18]/D
  -------------------------------------------------------------------    -------------------

                         (clock core_clk_6m144 rise edge)
                                                    162.760   162.760 r  
                                                      0.000   162.760 r  clk (IN)
                         net (fo=288, unset)          1.246   164.006    clk
    SLICE_X55Y60         FDRE                                         r  gen_serial_cic_comb.u_cic_interp16_serial_comb_dsp_ce/y_out_reg[18]/C
                         clock pessimism              0.006   164.012    
                         clock uncertainty           -0.035   163.977    
    SLICE_X55Y60         FDRE (Setup_fdre_C_D)        0.069   164.046    gen_serial_cic_comb.u_cic_interp16_serial_comb_dsp_ce/y_out_reg[18]
  -------------------------------------------------------------------
                         required time                        164.046    
                         arrival time                         -12.716    
  -------------------------------------------------------------------
                         slack                                151.330    

Slack (MET) :             151.379ns  (required time - arrival time)
  Source:                 gen_serial_cic_comb.u_cic_interp16_serial_comb_dsp_ce/burst_remaining_reg[0]/C
                            (rising edge-triggered cell FDRE clocked by core_clk_6m144  {rise@0.000ns fall@81.380ns period=162.760ns})
  Destination:            gen_serial_cic_comb.u_cic_interp16_serial_comb_dsp_ce/y_out_reg[16]/D
                            (rising edge-triggered cell FDRE clocked by core_clk_6m144  {rise@0.000ns fall@81.380ns period=162.760ns})
  Path Group:             core_clk_6m144
  Path Type:              Setup (Max at Slow Process Corner)
  Requirement:            162.760ns  (core_clk_6m144 rise@162.760ns - core_clk_6m144 rise@0.000ns)
  Data Path Delay:        11.321ns  (logic 5.158ns (45.561%)  route 6.163ns (54.439%))
  Logic Levels:           18  (CARRY4=12 DSP48E1=1 LUT4=2 LUT5=1 LUT6=2)
  Clock Path Skew:        -0.094ns (DCD - SCD + CPR)
    Destination Clock Delay (DCD):    1.246ns = ( 164.006 - 162.760 ) 
    Source Clock Delay      (SCD):    1.346ns
    Clock Pessimism Removal (CPR):    0.006ns
  Clock Uncertainty:      0.035ns  ((TSJ^2 + TIJ^2)^1/2 + DJ) / 2 + PE
    Total System Jitter     (TSJ):    0.071ns
    Total Input Jitter      (TIJ):    0.000ns
    Discrete Jitter          (DJ):    0.000ns
    Phase Error              (PE):    0.000ns

    Location             Delay type                Incr(ns)  Path(ns)    Netlist Resource(s)
  -------------------------------------------------------------------    -------------------
                         (clock core_clk_6m144 rise edge)
                                                      0.000     0.000 r  
                                                      0.000     0.000 r  clk (IN)
                         net (fo=288, unset)          1.346     1.346    clk
    SLICE_X31Y63         FDRE                                         r  gen_serial_cic_comb.u_cic_interp16_serial_comb_dsp_ce/burst_remaining_reg[0]/C
  -------------------------------------------------------------------    -------------------
    SLICE_X31Y63         FDRE (Prop_fdre_C_Q)         0.379     1.725 f  gen_serial_cic_comb.u_cic_interp16_serial_comb_dsp_ce/burst_remaining_reg[0]/Q
                         net (fo=6, routed)           0.716     2.441    gen_serial_cic_comb.u_cic_interp16_serial_comb_dsp_ce/burst_remaining_reg_n_0_[0]
    SLICE_X31Y63         LUT6 (Prop_lut6_I2_O)        0.105     2.546 r  interp128_all2x_LUT6/O
                         net (fo=51, routed)          1.494     4.040    interp128_all2x_net
    SLICE_X34Y58         LUT4 (Prop_lut4_I3_O)        0.105     4.145 r  interp128_all2x_LUT4_2/O
                         net (fo=2, routed)           0.368     4.512    gen_first_integrator_carry_for_comb_dsp.first_integrator_sum_carry_i_3_n_0
    SLICE_X33Y57         CARRY4 (Prop_carry4_S[1]_CO[3])
                                                      0.562     5.074 r  gen_serial_cic_comb.u_cic_interp16_serial_comb_dsp_ce/gen_first_integrator_carry_for_comb_dsp.first_integrator_sum_carry/CO[3]
                         net (fo=1, routed)           0.000     5.074    gen_serial_cic_comb.u_cic_interp16_serial_comb_dsp_ce/gen_first_integrator_carry_for_comb_dsp.first_integrator_sum_carry_n_0
    SLICE_X33Y58         CARRY4 (Prop_carry4_CI_CO[3])
                                                      0.098     5.172 r  gen_serial_cic_comb.u_cic_interp16_serial_comb_dsp_ce/gen_first_integrator_carry_for_comb_dsp.first_integrator_sum_carry__0/CO[3]
                         net (fo=1, routed)           0.000     5.172    gen_serial_cic_comb.u_cic_interp16_serial_comb_dsp_ce/gen_first_integrator_carry_for_comb_dsp.first_integrator_sum_carry__0_n_0
    SLICE_X33Y59         CARRY4 (Prop_carry4_CI_CO[3])
                                                      0.098     5.270 r  gen_serial_cic_comb.u_cic_interp16_serial_comb_dsp_ce/gen_first_integrator_carry_for_comb_dsp.first_integrator_sum_carry__1/CO[3]
                         net (fo=1, routed)           0.000     5.270    gen_serial_cic_comb.u_cic_interp16_serial_comb_dsp_ce/gen_first_integrator_carry_for_comb_dsp.first_integrator_sum_carry__1_n_0
    SLICE_X33Y60         CARRY4 (Prop_carry4_CI_CO[3])
                                                      0.098     5.368 r  gen_serial_cic_comb.u_cic_interp16_serial_comb_dsp_ce/gen_first_integrator_carry_for_comb_dsp.first_integrator_sum_carry__2/CO[3]
                         net (fo=1, routed)           0.000     5.368    gen_serial_cic_comb.u_cic_interp16_serial_comb_dsp_ce/gen_first_integrator_carry_for_comb_dsp.first_integrator_sum_carry__2_n_0
    SLICE_X33Y61         CARRY4 (Prop_carry4_CI_CO[3])
                                                      0.098     5.466 r  gen_serial_cic_comb.u_cic_interp16_serial_comb_dsp_ce/gen_first_integrator_carry_for_comb_dsp.first_integrator_sum_carry__3/CO[3]
                         net (fo=1, routed)           0.000     5.466    gen_serial_cic_comb.u_cic_interp16_serial_comb_dsp_ce/gen_first_integrator_carry_for_comb_dsp.first_integrator_sum_carry__3_n_0
    SLICE_X33Y62         CARRY4 (Prop_carry4_CI_CO[3])
                                                      0.098     5.564 r  gen_serial_cic_comb.u_cic_interp16_serial_comb_dsp_ce/gen_first_integrator_carry_for_comb_dsp.first_integrator_sum_carry__4/CO[3]
                         net (fo=1, routed)           0.000     5.564    gen_serial_cic_comb.u_cic_interp16_serial_comb_dsp_ce/gen_first_integrator_carry_for_comb_dsp.first_integrator_sum_carry__4_n_0
    SLICE_X33Y63         CARRY4 (Prop_carry4_CI_O[1])
                                                      0.265     5.829 r  gen_serial_cic_comb.u_cic_interp16_serial_comb_dsp_ce/gen_first_integrator_carry_for_comb_dsp.first_integrator_sum_carry__5/O[1]
                         net (fo=23, routed)          1.603     7.432    final_input_rounded[25]
    DSP48_X1Y22          DSP48E1 (Prop_dsp48e1_A[23]_P[28])
                                                      1.889     9.321 r  gen_serial_cic_comb.u_cic_interp16_serial_comb_dsp_ce/gen_final_integrator_dsp.final_integrator_sum/P[28]
                         net (fo=22, routed)          0.964    10.285    gen_serial_cic_comb.u_cic_interp16_serial_comb_dsp_ce/gen_final_integrator_dsp.final_integrator_sum_n_77
    SLICE_X54Y55         LUT5 (Prop_lut5_I0_O)        0.105    10.390 r  interp128_all2x_LUT5_26/O
                         net (fo=1, routed)           0.327    10.717    interp128_all2x_net_18
    SLICE_X54Y56         LUT6 (Prop_lut6_I5_O)        0.105    10.822 r  interp128_all2x_LUT6_17/O
                         net (fo=1, routed)           0.000    10.822    rounded_value_carry_i_1__0_n_0
    SLICE_X54Y56         CARRY4 (Prop_carry4_S[0]_CO[3])
                                                      0.423    11.245 r  gen_serial_cic_comb.u_cic_interp16_serial_comb_dsp_ce/u_round_cic_normalized_output/rounded_value_carry/CO[3]
                         net (fo=1, routed)           0.000    11.245    gen_serial_cic_comb.u_cic_interp16_serial_comb_dsp_ce/u_round_cic_normalized_output/rounded_value_carry_n_0
    SLICE_X54Y57         CARRY4 (Prop_carry4_CI_CO[3])
                                                      0.100    11.345 r  gen_serial_cic_comb.u_cic_interp16_serial_comb_dsp_ce/u_round_cic_normalized_output/rounded_value_carry__0/CO[3]
                         net (fo=1, routed)           0.000    11.345    gen_serial_cic_comb.u_cic_interp16_serial_comb_dsp_ce/u_round_cic_normalized_output/rounded_value_carry__0_n_0
    SLICE_X54Y58         CARRY4 (Prop_carry4_CI_CO[3])
                                                      0.100    11.445 r  gen_serial_cic_comb.u_cic_interp16_serial_comb_dsp_ce/u_round_cic_normalized_output/rounded_value_carry__1/CO[3]
                         net (fo=1, routed)           0.000    11.445    gen_serial_cic_comb.u_cic_interp16_serial_comb_dsp_ce/u_round_cic_normalized_output/rounded_value_carry__1_n_0
    SLICE_X54Y59         CARRY4 (Prop_carry4_CI_CO[3])
                                                      0.100    11.545 r  gen_serial_cic_comb.u_cic_interp16_serial_comb_dsp_ce/u_round_cic_normalized_output/rounded_value_carry__2/CO[3]
                         net (fo=1, routed)           0.000    11.545    gen_serial_cic_comb.u_cic_interp16_serial_comb_dsp_ce/u_round_cic_normalized_output/rounded_value_carry__2_n_0
    SLICE_X54Y60         CARRY4 (Prop_carry4_CI_O[0])
                                                      0.178    11.723 r  gen_serial_cic_comb.u_cic_interp16_serial_comb_dsp_ce/u_round_cic_normalized_output/rounded_value_carry__3/O[0]
                         net (fo=1, routed)           0.692    12.415    gen_serial_cic_comb.u_cic_interp16_serial_comb_dsp_ce/u_round_cic_normalized_output/rounded_value_carry__3_n_7
    SLICE_X55Y60         LUT4 (Prop_lut4_I0_O)        0.252    12.667 r  y_out[16]_i_1__0/O
                         net (fo=1, routed)           0.000    12.667    normalized_output[16]
    SLICE_X55Y60         FDRE                                         r  gen_serial_cic_comb.u_cic_interp16_serial_comb_dsp_ce/y_out_reg[16]/D
  -------------------------------------------------------------------    -------------------

                         (clock core_clk_6m144 rise edge)
                                                    162.760   162.760 r  
                                                      0.000   162.760 r  clk (IN)
                         net (fo=288, unset)          1.246   164.006    clk
    SLICE_X55Y60         FDRE                                         r  gen_serial_cic_comb.u_cic_interp16_serial_comb_dsp_ce/y_out_reg[16]/C
                         clock pessimism              0.006   164.012    
                         clock uncertainty           -0.035   163.977    
    SLICE_X55Y60         FDRE (Setup_fdre_C_D)        0.069   164.046    gen_serial_cic_comb.u_cic_interp16_serial_comb_dsp_ce/y_out_reg[16]
  -------------------------------------------------------------------
                         required time                        164.046    
                         arrival time                         -12.667    
  -------------------------------------------------------------------
                         slack                                151.379    

Slack (MET) :             151.381ns  (required time - arrival time)
  Source:                 gen_serial_cic_comb.u_cic_interp16_serial_comb_dsp_ce/burst_remaining_reg[0]/C
                            (rising edge-triggered cell FDRE clocked by core_clk_6m144  {rise@0.000ns fall@81.380ns period=162.760ns})
  Destination:            gen_serial_cic_comb.u_cic_interp16_serial_comb_dsp_ce/y_out_reg[15]/D
                            (rising edge-triggered cell FDRE clocked by core_clk_6m144  {rise@0.000ns fall@81.380ns period=162.760ns})
  Path Group:             core_clk_6m144
  Path Type:              Setup (Max at Slow Process Corner)
  Requirement:            162.760ns  (core_clk_6m144 rise@162.760ns - core_clk_6m144 rise@0.000ns)
  Data Path Delay:        11.280ns  (logic 5.240ns (46.455%)  route 6.040ns (53.545%))
  Logic Levels:           18  (CARRY4=12 DSP48E1=1 LUT4=2 LUT5=1 LUT6=2)
  Clock Path Skew:        -0.094ns (DCD - SCD + CPR)
    Destination Clock Delay (DCD):    1.246ns = ( 164.006 - 162.760 ) 
    Source Clock Delay      (SCD):    1.346ns
    Clock Pessimism Removal (CPR):    0.006ns
  Clock Uncertainty:      0.035ns  ((TSJ^2 + TIJ^2)^1/2 + DJ) / 2 + PE
    Total System Jitter     (TSJ):    0.071ns
    Total Input Jitter      (TIJ):    0.000ns
    Discrete Jitter          (DJ):    0.000ns
    Phase Error              (PE):    0.000ns

    Location             Delay type                Incr(ns)  Path(ns)    Netlist Resource(s)
  -------------------------------------------------------------------    -------------------
                         (clock core_clk_6m144 rise edge)
                                                      0.000     0.000 r  
                                                      0.000     0.000 r  clk (IN)
                         net (fo=288, unset)          1.346     1.346    clk
    SLICE_X31Y63         FDRE                                         r  gen_serial_cic_comb.u_cic_interp16_serial_comb_dsp_ce/burst_remaining_reg[0]/C
  -------------------------------------------------------------------    -------------------
    SLICE_X31Y63         FDRE (Prop_fdre_C_Q)         0.379     1.725 f  gen_serial_cic_comb.u_cic_interp16_serial_comb_dsp_ce/burst_remaining_reg[0]/Q
                         net (fo=6, routed)           0.716     2.441    gen_serial_cic_comb.u_cic_interp16_serial_comb_dsp_ce/burst_remaining_reg_n_0_[0]
    SLICE_X31Y63         LUT6 (Prop_lut6_I2_O)        0.105     2.546 r  interp128_all2x_LUT6/O
                         net (fo=51, routed)          1.494     4.040    interp128_all2x_net
    SLICE_X34Y58         LUT4 (Prop_lut4_I3_O)        0.105     4.145 r  interp128_all2x_LUT4_2/O
                         net (fo=2, routed)           0.368     4.512    gen_first_integrator_carry_for_comb_dsp.first_integrator_sum_carry_i_3_n_0
    SLICE_X33Y57         CARRY4 (Prop_carry4_S[1]_CO[3])
                                                      0.562     5.074 r  gen_serial_cic_comb.u_cic_interp16_serial_comb_dsp_ce/gen_first_integrator_carry_for_comb_dsp.first_integrator_sum_carry/CO[3]
                         net (fo=1, routed)           0.000     5.074    gen_serial_cic_comb.u_cic_interp16_serial_comb_dsp_ce/gen_first_integrator_carry_for_comb_dsp.first_integrator_sum_carry_n_0
    SLICE_X33Y58         CARRY4 (Prop_carry4_CI_CO[3])
                                                      0.098     5.172 r  gen_serial_cic_comb.u_cic_interp16_serial_comb_dsp_ce/gen_first_integrator_carry_for_comb_dsp.first_integrator_sum_carry__0/CO[3]
                         net (fo=1, routed)           0.000     5.172    gen_serial_cic_comb.u_cic_interp16_serial_comb_dsp_ce/gen_first_integrator_carry_for_comb_dsp.first_integrator_sum_carry__0_n_0
    SLICE_X33Y59         CARRY4 (Prop_carry4_CI_CO[3])
                                                      0.098     5.270 r  gen_serial_cic_comb.u_cic_interp16_serial_comb_dsp_ce/gen_first_integrator_carry_for_comb_dsp.first_integrator_sum_carry__1/CO[3]
                         net (fo=1, routed)           0.000     5.270    gen_serial_cic_comb.u_cic_interp16_serial_comb_dsp_ce/gen_first_integrator_carry_for_comb_dsp.first_integrator_sum_carry__1_n_0
    SLICE_X33Y60         CARRY4 (Prop_carry4_CI_CO[3])
                                                      0.098     5.368 r  gen_serial_cic_comb.u_cic_interp16_serial_comb_dsp_ce/gen_first_integrator_carry_for_comb_dsp.first_integrator_sum_carry__2/CO[3]
                         net (fo=1, routed)           0.000     5.368    gen_serial_cic_comb.u_cic_interp16_serial_comb_dsp_ce/gen_first_integrator_carry_for_comb_dsp.first_integrator_sum_carry__2_n_0
    SLICE_X33Y61         CARRY4 (Prop_carry4_CI_CO[3])
                                                      0.098     5.466 r  gen_serial_cic_comb.u_cic_interp16_serial_comb_dsp_ce/gen_first_integrator_carry_for_comb_dsp.first_integrator_sum_carry__3/CO[3]
                         net (fo=1, routed)           0.000     5.466    gen_serial_cic_comb.u_cic_interp16_serial_comb_dsp_ce/gen_first_integrator_carry_for_comb_dsp.first_integrator_sum_carry__3_n_0
    SLICE_X33Y62         CARRY4 (Prop_carry4_CI_CO[3])
                                                      0.098     5.564 r  gen_serial_cic_comb.u_cic_interp16_serial_comb_dsp_ce/gen_first_integrator_carry_for_comb_dsp.first_integrator_sum_carry__4/CO[3]
                         net (fo=1, routed)           0.000     5.564    gen_serial_cic_comb.u_cic_interp16_serial_comb_dsp_ce/gen_first_integrator_carry_for_comb_dsp.first_integrator_sum_carry__4_n_0
    SLICE_X33Y63         CARRY4 (Prop_carry4_CI_O[1])
                                                      0.265     5.829 r  gen_serial_cic_comb.u_cic_interp16_serial_comb_dsp_ce/gen_first_integrator_carry_for_comb_dsp.first_integrator_sum_carry__5/O[1]
                         net (fo=23, routed)          1.603     7.432    final_input_rounded[25]
    DSP48_X1Y22          DSP48E1 (Prop_dsp48e1_A[23]_P[28])
                                                      1.889     9.321 r  gen_serial_cic_comb.u_cic_interp16_serial_comb_dsp_ce/gen_final_integrator_dsp.final_integrator_sum/P[28]
                         net (fo=22, routed)          0.964    10.285    gen_serial_cic_comb.u_cic_interp16_serial_comb_dsp_ce/gen_final_integrator_dsp.final_integrator_sum_n_77
    SLICE_X54Y55         LUT5 (Prop_lut5_I0_O)        0.105    10.390 r  interp128_all2x_LUT5_26/O
                         net (fo=1, routed)           0.327    10.717    interp128_all2x_net_18
    SLICE_X54Y56         LUT6 (Prop_lut6_I5_O)        0.105    10.822 r  interp128_all2x_LUT6_17/O
                         net (fo=1, routed)           0.000    10.822    rounded_value_carry_i_1__0_n_0
    SLICE_X54Y56         CARRY4 (Prop_carry4_S[0]_CO[3])
                                                      0.423    11.245 r  gen_serial_cic_comb.u_cic_interp16_serial_comb_dsp_ce/u_round_cic_normalized_output/rounded_value_carry/CO[3]
                         net (fo=1, routed)           0.000    11.245    gen_serial_cic_comb.u_cic_interp16_serial_comb_dsp_ce/u_round_cic_normalized_output/rounded_value_carry_n_0
    SLICE_X54Y57         CARRY4 (Prop_carry4_CI_CO[3])
                                                      0.100    11.345 r  gen_serial_cic_comb.u_cic_interp16_serial_comb_dsp_ce/u_round_cic_normalized_output/rounded_value_carry__0/CO[3]
                         net (fo=1, routed)           0.000    11.345    gen_serial_cic_comb.u_cic_interp16_serial_comb_dsp_ce/u_round_cic_normalized_output/rounded_value_carry__0_n_0
    SLICE_X54Y58         CARRY4 (Prop_carry4_CI_CO[3])
                                                      0.100    11.445 r  gen_serial_cic_comb.u_cic_interp16_serial_comb_dsp_ce/u_round_cic_normalized_output/rounded_value_carry__1/CO[3]
                         net (fo=1, routed)           0.000    11.445    gen_serial_cic_comb.u_cic_interp16_serial_comb_dsp_ce/u_round_cic_normalized_output/rounded_value_carry__1_n_0
    SLICE_X54Y59         CARRY4 (Prop_carry4_CI_CO[3])
                                                      0.100    11.545 r  gen_serial_cic_comb.u_cic_interp16_serial_comb_dsp_ce/u_round_cic_normalized_output/rounded_value_carry__2/CO[3]
                         net (fo=1, routed)           0.000    11.545    gen_serial_cic_comb.u_cic_interp16_serial_comb_dsp_ce/u_round_cic_normalized_output/rounded_value_carry__2_n_0
    SLICE_X54Y60         CARRY4 (Prop_carry4_CI_O[3])
                                                      0.262    11.807 r  gen_serial_cic_comb.u_cic_interp16_serial_comb_dsp_ce/u_round_cic_normalized_output/rounded_value_carry__3/O[3]
                         net (fo=19, routed)          0.568    12.376    p_0_in0
    SLICE_X55Y60         LUT4 (Prop_lut4_I3_O)        0.250    12.626 r  y_out[15]_i_1__0/O
                         net (fo=1, routed)           0.000    12.626    normalized_output[15]
    SLICE_X55Y60         FDRE                                         r  gen_serial_cic_comb.u_cic_interp16_serial_comb_dsp_ce/y_out_reg[15]/D
  -------------------------------------------------------------------    -------------------

                         (clock core_clk_6m144 rise edge)
                                                    162.760   162.760 r  
                                                      0.000   162.760 r  clk (IN)
                         net (fo=288, unset)          1.246   164.006    clk
    SLICE_X55Y60         FDRE                                         r  gen_serial_cic_comb.u_cic_interp16_serial_comb_dsp_ce/y_out_reg[15]/C
                         clock pessimism              0.006   164.012    
                         clock uncertainty           -0.035   163.977    
    SLICE_X55Y60         FDRE (Setup_fdre_C_D)        0.030   164.007    gen_serial_cic_comb.u_cic_interp16_serial_comb_dsp_ce/y_out_reg[15]
  -------------------------------------------------------------------
                         required time                        164.007    
                         arrival time                         -12.626    
  -------------------------------------------------------------------
                         slack                                151.381    

Slack (MET) :             151.381ns  (required time - arrival time)
  Source:                 gen_serial_cic_comb.u_cic_interp16_serial_comb_dsp_ce/burst_remaining_reg[0]/C
                            (rising edge-triggered cell FDRE clocked by core_clk_6m144  {rise@0.000ns fall@81.380ns period=162.760ns})
  Destination:            gen_serial_cic_comb.u_cic_interp16_serial_comb_dsp_ce/y_out_reg[19]/D
                            (rising edge-triggered cell FDRE clocked by core_clk_6m144  {rise@0.000ns fall@81.380ns period=162.760ns})
  Path Group:             core_clk_6m144
  Path Type:              Setup (Max at Slow Process Corner)
  Requirement:            162.760ns  (core_clk_6m144 rise@162.760ns - core_clk_6m144 rise@0.000ns)
  Data Path Delay:        11.320ns  (logic 5.239ns (46.280%)  route 6.081ns (53.720%))
  Logic Levels:           19  (CARRY4=13 DSP48E1=1 LUT1=1 LUT4=1 LUT5=1 LUT6=2)
  Clock Path Skew:        -0.092ns (DCD - SCD + CPR)
    Destination Clock Delay (DCD):    1.248ns = ( 164.008 - 162.760 ) 
    Source Clock Delay      (SCD):    1.346ns
    Clock Pessimism Removal (CPR):    0.006ns
  Clock Uncertainty:      0.035ns  ((TSJ^2 + TIJ^2)^1/2 + DJ) / 2 + PE
    Total System Jitter     (TSJ):    0.071ns
    Total Input Jitter      (TIJ):    0.000ns
    Discrete Jitter          (DJ):    0.000ns
    Phase Error              (PE):    0.000ns

    Location             Delay type                Incr(ns)  Path(ns)    Netlist Resource(s)
  -------------------------------------------------------------------    -------------------
                         (clock core_clk_6m144 rise edge)
                                                      0.000     0.000 r  
                                                      0.000     0.000 r  clk (IN)
                         net (fo=288, unset)          1.346     1.346    clk
    SLICE_X31Y63         FDRE                                         r  gen_serial_cic_comb.u_cic_interp16_serial_comb_dsp_ce/burst_remaining_reg[0]/C
  -------------------------------------------------------------------    -------------------
    SLICE_X31Y63         FDRE (Prop_fdre_C_Q)         0.379     1.725 f  gen_serial_cic_comb.u_cic_interp16_serial_comb_dsp_ce/burst_remaining_reg[0]/Q
                         net (fo=6, routed)           0.716     2.441    gen_serial_cic_comb.u_cic_interp16_serial_comb_dsp_ce/burst_remaining_reg_n_0_[0]
    SLICE_X31Y63         LUT6 (Prop_lut6_I2_O)        0.105     2.546 r  interp128_all2x_LUT6/O
                         net (fo=51, routed)          1.494     4.040    interp128_all2x_net
    SLICE_X34Y58         LUT4 (Prop_lut4_I3_O)        0.105     4.145 r  interp128_all2x_LUT4_2/O
                         net (fo=2, routed)           0.368     4.512    gen_first_integrator_carry_for_comb_dsp.first_integrator_sum_carry_i_3_n_0
    SLICE_X33Y57         CARRY4 (Prop_carry4_S[1]_CO[3])
                                                      0.562     5.074 r  gen_serial_cic_comb.u_cic_interp16_serial_comb_dsp_ce/gen_first_integrator_carry_for_comb_dsp.first_integrator_sum_carry/CO[3]
                         net (fo=1, routed)           0.000     5.074    gen_serial_cic_comb.u_cic_interp16_serial_comb_dsp_ce/gen_first_integrator_carry_for_comb_dsp.first_integrator_sum_carry_n_0
    SLICE_X33Y58         CARRY4 (Prop_carry4_CI_CO[3])
                                                      0.098     5.172 r  gen_serial_cic_comb.u_cic_interp16_serial_comb_dsp_ce/gen_first_integrator_carry_for_comb_dsp.first_integrator_sum_carry__0/CO[3]
                         net (fo=1, routed)           0.000     5.172    gen_serial_cic_comb.u_cic_interp16_serial_comb_dsp_ce/gen_first_integrator_carry_for_comb_dsp.first_integrator_sum_carry__0_n_0
    SLICE_X33Y59         CARRY4 (Prop_carry4_CI_CO[3])
                                                      0.098     5.270 r  gen_serial_cic_comb.u_cic_interp16_serial_comb_dsp_ce/gen_first_integrator_carry_for_comb_dsp.first_integrator_sum_carry__1/CO[3]
                         net (fo=1, routed)           0.000     5.270    gen_serial_cic_comb.u_cic_interp16_serial_comb_dsp_ce/gen_first_integrator_carry_for_comb_dsp.first_integrator_sum_carry__1_n_0
    SLICE_X33Y60         CARRY4 (Prop_carry4_CI_CO[3])
                                                      0.098     5.368 r  gen_serial_cic_comb.u_cic_interp16_serial_comb_dsp_ce/gen_first_integrator_carry_for_comb_dsp.first_integrator_sum_carry__2/CO[3]
                         net (fo=1, routed)           0.000     5.368    gen_serial_cic_comb.u_cic_interp16_serial_comb_dsp_ce/gen_first_integrator_carry_for_comb_dsp.first_integrator_sum_carry__2_n_0
    SLICE_X33Y61         CARRY4 (Prop_carry4_CI_CO[3])
                                                      0.098     5.466 r  gen_serial_cic_comb.u_cic_interp16_serial_comb_dsp_ce/gen_first_integrator_carry_for_comb_dsp.first_integrator_sum_carry__3/CO[3]
                         net (fo=1, routed)           0.000     5.466    gen_serial_cic_comb.u_cic_interp16_serial_comb_dsp_ce/gen_first_integrator_carry_for_comb_dsp.first_integrator_sum_carry__3_n_0
    SLICE_X33Y62         CARRY4 (Prop_carry4_CI_CO[3])
                                                      0.098     5.564 r  gen_serial_cic_comb.u_cic_interp16_serial_comb_dsp_ce/gen_first_integrator_carry_for_comb_dsp.first_integrator_sum_carry__4/CO[3]
                         net (fo=1, routed)           0.000     5.564    gen_serial_cic_comb.u_cic_interp16_serial_comb_dsp_ce/gen_first_integrator_carry_for_comb_dsp.first_integrator_sum_carry__4_n_0
    SLICE_X33Y63         CARRY4 (Prop_carry4_CI_O[1])
                                                      0.265     5.829 r  gen_serial_cic_comb.u_cic_interp16_serial_comb_dsp_ce/gen_first_integrator_carry_for_comb_dsp.first_integrator_sum_carry__5/O[1]
                         net (fo=23, routed)          1.603     7.432    final_input_rounded[25]
    DSP48_X1Y22          DSP48E1 (Prop_dsp48e1_A[23]_P[28])
                                                      1.889     9.321 r  gen_serial_cic_comb.u_cic_interp16_serial_comb_dsp_ce/gen_final_integrator_dsp.final_integrator_sum/P[28]
                         net (fo=22, routed)          0.964    10.285    gen_serial_cic_comb.u_cic_interp16_serial_comb_dsp_ce/gen_final_integrator_dsp.final_integrator_sum_n_77
    SLICE_X54Y55         LUT5 (Prop_lut5_I0_O)        0.105    10.390 r  interp128_all2x_LUT5_26/O
                         net (fo=1, routed)           0.327    10.717    interp128_all2x_net_18
    SLICE_X54Y56         LUT6 (Prop_lut6_I5_O)        0.105    10.822 r  interp128_all2x_LUT6_17/O
                         net (fo=1, routed)           0.000    10.822    rounded_value_carry_i_1__0_n_0
    SLICE_X54Y56         CARRY4 (Prop_carry4_S[0]_CO[3])
                                                      0.423    11.245 r  gen_serial_cic_comb.u_cic_interp16_serial_comb_dsp_ce/u_round_cic_normalized_output/rounded_value_carry/CO[3]
                         net (fo=1, routed)           0.000    11.245    gen_serial_cic_comb.u_cic_interp16_serial_comb_dsp_ce/u_round_cic_normalized_output/rounded_value_carry_n_0
    SLICE_X54Y57         CARRY4 (Prop_carry4_CI_CO[3])
                                                      0.100    11.345 r  gen_serial_cic_comb.u_cic_interp16_serial_comb_dsp_ce/u_round_cic_normalized_output/rounded_value_carry__0/CO[3]
                         net (fo=1, routed)           0.000    11.345    gen_serial_cic_comb.u_cic_interp16_serial_comb_dsp_ce/u_round_cic_normalized_output/rounded_value_carry__0_n_0
    SLICE_X54Y58         CARRY4 (Prop_carry4_CI_CO[3])
                                                      0.100    11.445 r  gen_serial_cic_comb.u_cic_interp16_serial_comb_dsp_ce/u_round_cic_normalized_output/rounded_value_carry__1/CO[3]
                         net (fo=1, routed)           0.000    11.445    gen_serial_cic_comb.u_cic_interp16_serial_comb_dsp_ce/u_round_cic_normalized_output/rounded_value_carry__1_n_0
    SLICE_X54Y59         CARRY4 (Prop_carry4_CI_CO[3])
                                                      0.100    11.545 r  gen_serial_cic_comb.u_cic_interp16_serial_comb_dsp_ce/u_round_cic_normalized_output/rounded_value_carry__2/CO[3]
                         net (fo=1, routed)           0.000    11.545    gen_serial_cic_comb.u_cic_interp16_serial_comb_dsp_ce/u_round_cic_normalized_output/rounded_value_carry__2_n_0
    SLICE_X54Y60         CARRY4 (Prop_carry4_CI_CO[3])
                                                      0.100    11.645 r  gen_serial_cic_comb.u_cic_interp16_serial_comb_dsp_ce/u_round_cic_normalized_output/rounded_value_carry__3/CO[3]
                         net (fo=1, routed)           0.000    11.645    gen_serial_cic_comb.u_cic_interp16_serial_comb_dsp_ce/u_round_cic_normalized_output/rounded_value_carry__3_n_0
    SLICE_X54Y61         CARRY4 (Prop_carry4_CI_CO[1])
                                                      0.131    11.776 f  gen_serial_cic_comb.u_cic_interp16_serial_comb_dsp_ce/u_round_cic_normalized_output/rounded_value_carry__4/CO[1]
                         net (fo=20, routed)          0.610    12.386    gen_serial_cic_comb.u_cic_interp16_serial_comb_dsp_ce/u_round_cic_normalized_output/rounded_value_carry__4_n_2
    SLICE_X55Y57         LUT1 (Prop_lut1_I0_O)        0.280    12.666 r  y_out[19]_i_3/O
                         net (fo=1, routed)           0.000    12.666    normalized_output[19]
    SLICE_X55Y57         FDRE                                         r  gen_serial_cic_comb.u_cic_interp16_serial_comb_dsp_ce/y_out_reg[19]/D
  -------------------------------------------------------------------    -------------------

                         (clock core_clk_6m144 rise edge)
                                                    162.760   162.760 r  
                                                      0.000   162.760 r  clk (IN)
                         net (fo=288, unset)          1.248   164.008    clk
    SLICE_X55Y57         FDRE                                         r  gen_serial_cic_comb.u_cic_interp16_serial_comb_dsp_ce/y_out_reg[19]/C
                         clock pessimism              0.006   164.014    
                         clock uncertainty           -0.035   163.979    
    SLICE_X55Y57         FDRE (Setup_fdre_C_D)        0.069   164.048    gen_serial_cic_comb.u_cic_interp16_serial_comb_dsp_ce/y_out_reg[19]
  -------------------------------------------------------------------
                         required time                        164.048    
                         arrival time                         -12.666    
  -------------------------------------------------------------------
                         slack                                151.381    





Min Delay Paths
--------------------------------------------------------------------------------------
Slack (VIOLATED) :        -0.845ns  (arrival time - required time)
  Source:                 stage3_compensated_mode
                            (input port clocked by core_clk_6m144  {rise@0.000ns fall@81.380ns period=162.760ns})
  Destination:            gen_lutram_stage23.u_interp2_stage23_lutram_cic_dsp_ce/stage3_pending_compensated_reg/D
                            (rising edge-triggered cell FDRE clocked by core_clk_6m144  {rise@0.000ns fall@81.380ns period=162.760ns})
  Path Group:             core_clk_6m144
  Path Type:              Hold (Min at Slow Process Corner)
  Requirement:            0.000ns  (core_clk_6m144 rise@0.000ns - core_clk_6m144 rise@0.000ns)
  Data Path Delay:        0.748ns  (logic 0.000ns (0.000%)  route 0.748ns (100.000%))
  Logic Levels:           0  
  Input Delay:            0.000ns
  Clock Path Skew:        1.356ns (DCD - SCD - CPR)
    Destination Clock Delay (DCD):    1.356ns
    Source Clock Delay      (SCD):    0.000ns
    Clock Pessimism Removal (CPR):    -0.000ns
  Clock Uncertainty:      0.035ns  ((TSJ^2 + TIJ^2)^1/2 + DJ) / 2 + PE
    Total System Jitter     (TSJ):    0.071ns
    Total Input Jitter      (TIJ):    0.000ns
    Discrete Jitter          (DJ):    0.000ns
    Phase Error              (PE):    0.000ns

    Location             Delay type                Incr(ns)  Path(ns)    Netlist Resource(s)
  -------------------------------------------------------------------    -------------------
                         (clock core_clk_6m144 rise edge)
                                                      0.000     0.000 r  
                         input delay                  0.000     0.000    
                                                      0.000     0.000 r  stage3_compensated_mode (IN)
                         net (fo=0)                   0.748     0.748    stage3_compensated_mode
    SLICE_X8Y53          FDRE                                         r  gen_lutram_stage23.u_interp2_stage23_lutram_cic_dsp_ce/stage3_pending_compensated_reg/D
  -------------------------------------------------------------------    -------------------

                         (clock core_clk_6m144 rise edge)
                                                      0.000     0.000 r  
                                                      0.000     0.000 r  clk (IN)
                         net (fo=288, unset)          1.356     1.356    clk
    SLICE_X8Y53          FDRE                                         r  gen_lutram_stage23.u_interp2_stage23_lutram_cic_dsp_ce/stage3_pending_compensated_reg/C
                         clock pessimism              0.000     1.356    
                         clock uncertainty            0.035     1.391    
    SLICE_X8Y53          FDRE (Hold_fdre_C_D)         0.201     1.592    gen_lutram_stage23.u_interp2_stage23_lutram_cic_dsp_ce/stage3_pending_compensated_reg
  -------------------------------------------------------------------
                         required time                         -1.592    
                         arrival time                           0.748    
  -------------------------------------------------------------------
                         slack                                 -0.845    

Slack (MET) :             0.069ns  (arrival time - required time)
  Source:                 gen_single_bram_stage1.u_interp2_stage1_strict_halfband_bram_ce/read_addr_reg[3]/C
                            (rising edge-triggered cell FDRE clocked by core_clk_6m144  {rise@0.000ns fall@81.380ns period=162.760ns})
  Destination:            gen_single_bram_stage1.u_interp2_stage1_strict_halfband_bram_ce/u_nf_stage1_history_ramb18_sdp/gen_primitive.u_stage1_history_ramb18e1/ADDRARDADDR[8]
                            (rising edge-triggered cell RAMB18E1 clocked by core_clk_6m144  {rise@0.000ns fall@81.380ns period=162.760ns})
  Path Group:             core_clk_6m144
  Path Type:              Hold (Min at Fast Process Corner)
  Requirement:            0.000ns  (core_clk_6m144 rise@0.000ns - core_clk_6m144 rise@0.000ns)
  Data Path Delay:        0.306ns  (logic 0.141ns (46.101%)  route 0.165ns (53.899%))
  Logic Levels:           0  
  Clock Path Skew:        0.054ns (DCD - SCD - CPR)
    Destination Clock Delay (DCD):    0.871ns
    Source Clock Delay      (SCD):    0.564ns
    Clock Pessimism Removal (CPR):    0.253ns

    Location             Delay type                Incr(ns)  Path(ns)    Netlist Resource(s)
  -------------------------------------------------------------------    -------------------
                         (clock core_clk_6m144 rise edge)
                                                      0.000     0.000 r  
                                                      0.000     0.000 r  clk (IN)
                         net (fo=288, unset)          0.564     0.564    clk
    SLICE_X57Y52         FDRE                                         r  gen_single_bram_stage1.u_interp2_stage1_strict_halfband_bram_ce/read_addr_reg[3]/C
  -------------------------------------------------------------------    -------------------
    SLICE_X57Y52         FDRE (Prop_fdre_C_Q)         0.141     0.705 r  gen_single_bram_stage1.u_interp2_stage1_strict_halfband_bram_ce/read_addr_reg[3]/Q
                         net (fo=4, routed)           0.165     0.870    gen_single_bram_stage1.u_interp2_stage1_strict_halfband_bram_ce/read_addr_reg[3]
    RAMB18_X2Y20         RAMB18E1                                     r  gen_single_bram_stage1.u_interp2_stage1_strict_halfband_bram_ce/u_nf_stage1_history_ramb18_sdp/gen_primitive.u_stage1_history_ramb18e1/ADDRARDADDR[8]
  -------------------------------------------------------------------    -------------------

                         (clock core_clk_6m144 rise edge)
                                                      0.000     0.000 r  
                                                      0.000     0.000 r  clk (IN)
                         net (fo=288, unset)          0.871     0.871    clk
    RAMB18_X2Y20         RAMB18E1                                     r  gen_single_bram_stage1.u_interp2_stage1_strict_halfband_bram_ce/u_nf_stage1_history_ramb18_sdp/gen_primitive.u_stage1_history_ramb18e1/CLKARDCLK
                         clock pessimism             -0.253     0.618    
    RAMB18_X2Y20         RAMB18E1 (Hold_ramb18e1_CLKARDCLK_ADDRARDADDR[8])
                                                      0.183     0.801    gen_single_bram_stage1.u_interp2_stage1_strict_halfband_bram_ce/u_nf_stage1_history_ramb18_sdp/gen_primitive.u_stage1_history_ramb18e1
  -------------------------------------------------------------------
                         required time                         -0.801    
                         arrival time                           0.870    
  -------------------------------------------------------------------
                         slack                                  0.069    

Slack (MET) :             0.074ns  (arrival time - required time)
  Source:                 gen_single_bram_stage1.u_interp2_stage1_strict_halfband_bram_ce/read_addr_reg[0]/C
                            (rising edge-triggered cell FDRE clocked by core_clk_6m144  {rise@0.000ns fall@81.380ns period=162.760ns})
  Destination:            gen_single_bram_stage1.u_interp2_stage1_strict_halfband_bram_ce/u_nf_stage1_history_ramb18_sdp/gen_primitive.u_stage1_history_ramb18e1/ADDRARDADDR[5]
                            (rising edge-triggered cell RAMB18E1 clocked by core_clk_6m144  {rise@0.000ns fall@81.380ns period=162.760ns})
  Path Group:             core_clk_6m144
  Path Type:              Hold (Min at Fast Process Corner)
  Requirement:            0.000ns  (core_clk_6m144 rise@0.000ns - core_clk_6m144 rise@0.000ns)
  Data Path Delay:        0.311ns  (logic 0.141ns (45.354%)  route 0.170ns (54.646%))
  Logic Levels:           0  
  Clock Path Skew:        0.054ns (DCD - SCD - CPR)
    Destination Clock Delay (DCD):    0.871ns
    Source Clock Delay      (SCD):    0.564ns
    Clock Pessimism Removal (CPR):    0.253ns

    Location             Delay type                Incr(ns)  Path(ns)    Netlist Resource(s)
  -------------------------------------------------------------------    -------------------
                         (clock core_clk_6m144 rise edge)
                                                      0.000     0.000 r  
                                                      0.000     0.000 r  clk (IN)
                         net (fo=288, unset)          0.564     0.564    clk
    SLICE_X57Y52         FDRE                                         r  gen_single_bram_stage1.u_interp2_stage1_strict_halfband_bram_ce/read_addr_reg[0]/C
  -------------------------------------------------------------------    -------------------
    SLICE_X57Y52         FDRE (Prop_fdre_C_Q)         0.141     0.705 r  gen_single_bram_stage1.u_interp2_stage1_strict_halfband_bram_ce/read_addr_reg[0]/Q
                         net (fo=7, routed)           0.170     0.875    gen_single_bram_stage1.u_interp2_stage1_strict_halfband_bram_ce/read_addr_reg[0]
    RAMB18_X2Y20         RAMB18E1                                     r  gen_single_bram_stage1.u_interp2_stage1_strict_halfband_bram_ce/u_nf_stage1_history_ramb18_sdp/gen_primitive.u_stage1_history_ramb18e1/ADDRARDADDR[5]
  -------------------------------------------------------------------    -------------------

                         (clock core_clk_6m144 rise edge)
                                                      0.000     0.000 r  
                                                      0.000     0.000 r  clk (IN)
                         net (fo=288, unset)          0.871     0.871    clk
    RAMB18_X2Y20         RAMB18E1                                     r  gen_single_bram_stage1.u_interp2_stage1_strict_halfband_bram_ce/u_nf_stage1_history_ramb18_sdp/gen_primitive.u_stage1_history_ramb18e1/CLKARDCLK
                         clock pessimism             -0.253     0.618    
    RAMB18_X2Y20         RAMB18E1 (Hold_ramb18e1_CLKARDCLK_ADDRARDADDR[5])
                                                      0.183     0.801    gen_single_bram_stage1.u_interp2_stage1_strict_halfband_bram_ce/u_nf_stage1_history_ramb18_sdp/gen_primitive.u_stage1_history_ramb18e1
  -------------------------------------------------------------------
                         required time                         -0.801    
                         arrival time                           0.875    
  -------------------------------------------------------------------
                         slack                                  0.074    

Slack (MET) :             0.120ns  (arrival time - required time)
  Source:                 gen_single_bram_stage1.u_interp2_stage1_strict_halfband_bram_ce/wr_ptr_reg[2]/C
                            (rising edge-triggered cell FDRE clocked by core_clk_6m144  {rise@0.000ns fall@81.380ns period=162.760ns})
  Destination:            gen_single_bram_stage1.u_interp2_stage1_strict_halfband_bram_ce/u_nf_stage1_history_ramb18_sdp/gen_primitive.u_stage1_history_ramb18e1/ADDRBWRADDR[7]
                            (rising edge-triggered cell RAMB18E1 clocked by core_clk_6m144  {rise@0.000ns fall@81.380ns period=162.760ns})
  Path Group:             core_clk_6m144
  Path Type:              Hold (Min at Fast Process Corner)
  Requirement:            0.000ns  (core_clk_6m144 rise@0.000ns - core_clk_6m144 rise@0.000ns)
  Data Path Delay:        0.378ns  (logic 0.141ns (37.272%)  route 0.237ns (62.728%))
  Logic Levels:           0  
  Clock Path Skew:        0.076ns (DCD - SCD - CPR)
    Destination Clock Delay (DCD):    0.872ns
    Source Clock Delay      (SCD):    0.562ns
    Clock Pessimism Removal (CPR):    0.234ns

    Location             Delay type                Incr(ns)  Path(ns)    Netlist Resource(s)
  -------------------------------------------------------------------    -------------------
                         (clock core_clk_6m144 rise edge)
                                                      0.000     0.000 r  
                                                      0.000     0.000 r  clk (IN)
                         net (fo=288, unset)          0.562     0.562    clk
    SLICE_X55Y52         FDRE                                         r  gen_single_bram_stage1.u_interp2_stage1_strict_halfband_bram_ce/wr_ptr_reg[2]/C
  -------------------------------------------------------------------    -------------------
    SLICE_X55Y52         FDRE (Prop_fdre_C_Q)         0.141     0.703 r  gen_single_bram_stage1.u_interp2_stage1_strict_halfband_bram_ce/wr_ptr_reg[2]/Q
                         net (fo=7, routed)           0.237     0.940    gen_single_bram_stage1.u_interp2_stage1_strict_halfband_bram_ce/wr_ptr_reg[2]
    RAMB18_X2Y20         RAMB18E1                                     r  gen_single_bram_stage1.u_interp2_stage1_strict_halfband_bram_ce/u_nf_stage1_history_ramb18_sdp/gen_primitive.u_stage1_history_ramb18e1/ADDRBWRADDR[7]
  -------------------------------------------------------------------    -------------------

                         (clock core_clk_6m144 rise edge)
                                                      0.000     0.000 r  
                                                      0.000     0.000 r  clk (IN)
                         net (fo=288, unset)          0.872     0.872    clk
    RAMB18_X2Y20         RAMB18E1                                     r  gen_single_bram_stage1.u_interp2_stage1_strict_halfband_bram_ce/u_nf_stage1_history_ramb18_sdp/gen_primitive.u_stage1_history_ramb18e1/CLKBWRCLK
                         clock pessimism             -0.234     0.638    
    RAMB18_X2Y20         RAMB18E1 (Hold_ramb18e1_CLKBWRCLK_ADDRBWRADDR[7])
                                                      0.183     0.821    gen_single_bram_stage1.u_interp2_stage1_strict_halfband_bram_ce/u_nf_stage1_history_ramb18_sdp/gen_primitive.u_stage1_history_ramb18e1
  -------------------------------------------------------------------
                         required time                         -0.821    
                         arrival time                           0.940    
  -------------------------------------------------------------------
                         slack                                  0.120    

Slack (MET) :             0.136ns  (arrival time - required time)
  Source:                 gen_single_bram_stage1.u_interp2_stage1_strict_halfband_bram_ce/read_addr_reg[1]/C
                            (rising edge-triggered cell FDRE clocked by core_clk_6m144  {rise@0.000ns fall@81.380ns period=162.760ns})
  Destination:            gen_single_bram_stage1.u_interp2_stage1_strict_halfband_bram_ce/u_nf_stage1_history_ramb18_sdp/gen_primitive.u_stage1_history_ramb18e1/ADDRARDADDR[6]
                            (rising edge-triggered cell RAMB18E1 clocked by core_clk_6m144  {rise@0.000ns fall@81.380ns period=162.760ns})
  Path Group:             core_clk_6m144
  Path Type:              Hold (Min at Fast Process Corner)
  Requirement:            0.000ns  (core_clk_6m144 rise@0.000ns - core_clk_6m144 rise@0.000ns)
  Data Path Delay:        0.320ns  (logic 0.128ns (40.055%)  route 0.192ns (59.945%))
  Logic Levels:           0  
  Clock Path Skew:        0.054ns (DCD - SCD - CPR)
    Destination Clock Delay (DCD):    0.871ns
    Source Clock Delay      (SCD):    0.564ns
    Clock Pessimism Removal (CPR):    0.253ns

    Location             Delay type                Incr(ns)  Path(ns)    Netlist Resource(s)
  -------------------------------------------------------------------    -------------------
                         (clock core_clk_6m144 rise edge)
                                                      0.000     0.000 r  
                                                      0.000     0.000 r  clk (IN)
                         net (fo=288, unset)          0.564     0.564    clk
    SLICE_X57Y52         FDRE                                         r  gen_single_bram_stage1.u_interp2_stage1_strict_halfband_bram_ce/read_addr_reg[1]/C
  -------------------------------------------------------------------    -------------------
    SLICE_X57Y52         FDRE (Prop_fdre_C_Q)         0.128     0.692 r  gen_single_bram_stage1.u_interp2_stage1_strict_halfband_bram_ce/read_addr_reg[1]/Q
                         net (fo=6, routed)           0.192     0.884    gen_single_bram_stage1.u_interp2_stage1_strict_halfband_bram_ce/read_addr_reg[1]
    RAMB18_X2Y20         RAMB18E1                                     r  gen_single_bram_stage1.u_interp2_stage1_strict_halfband_bram_ce/u_nf_stage1_history_ramb18_sdp/gen_primitive.u_stage1_history_ramb18e1/ADDRARDADDR[6]
  -------------------------------------------------------------------    -------------------

                         (clock core_clk_6m144 rise edge)
                                                      0.000     0.000 r  
                                                      0.000     0.000 r  clk (IN)
                         net (fo=288, unset)          0.871     0.871    clk
    RAMB18_X2Y20         RAMB18E1                                     r  gen_single_bram_stage1.u_interp2_stage1_strict_halfband_bram_ce/u_nf_stage1_history_ramb18_sdp/gen_primitive.u_stage1_history_ramb18e1/CLKARDCLK
                         clock pessimism             -0.253     0.618    
    RAMB18_X2Y20         RAMB18E1 (Hold_ramb18e1_CLKARDCLK_ADDRARDADDR[6])
                                                      0.130     0.748    gen_single_bram_stage1.u_interp2_stage1_strict_halfband_bram_ce/u_nf_stage1_history_ramb18_sdp/gen_primitive.u_stage1_history_ramb18e1
  -------------------------------------------------------------------
                         required time                         -0.748    
                         arrival time                           0.884    
  -------------------------------------------------------------------
                         slack                                  0.136    

Slack (MET) :             0.138ns  (arrival time - required time)
  Source:                 gen_single_bram_stage1.u_interp2_stage1_strict_halfband_bram_ce/read_addr_reg[2]/C
                            (rising edge-triggered cell FDRE clocked by core_clk_6m144  {rise@0.000ns fall@81.380ns period=162.760ns})
  Destination:            gen_single_bram_stage1.u_interp2_stage1_strict_halfband_bram_ce/u_nf_stage1_history_ramb18_sdp/gen_primitive.u_stage1_history_ramb18e1/ADDRARDADDR[7]
                            (rising edge-triggered cell RAMB18E1 clocked by core_clk_6m144  {rise@0.000ns fall@81.380ns period=162.760ns})
  Path Group:             core_clk_6m144
  Path Type:              Hold (Min at Fast Process Corner)
  Requirement:            0.000ns  (core_clk_6m144 rise@0.000ns - core_clk_6m144 rise@0.000ns)
  Data Path Delay:        0.374ns  (logic 0.141ns (37.664%)  route 0.233ns (62.336%))
  Logic Levels:           0  
  Clock Path Skew:        0.054ns (DCD - SCD - CPR)
    Destination Clock Delay (DCD):    0.871ns
    Source Clock Delay      (SCD):    0.564ns
    Clock Pessimism Removal (CPR):    0.253ns

    Location             Delay type                Incr(ns)  Path(ns)    Netlist Resource(s)
  -------------------------------------------------------------------    -------------------
                         (clock core_clk_6m144 rise edge)
                                                      0.000     0.000 r  
                                                      0.000     0.000 r  clk (IN)
                         net (fo=288, unset)          0.564     0.564    clk
    SLICE_X57Y52         FDRE                                         r  gen_single_bram_stage1.u_interp2_stage1_strict_halfband_bram_ce/read_addr_reg[2]/C
  -------------------------------------------------------------------    -------------------
    SLICE_X57Y52         FDRE (Prop_fdre_C_Q)         0.141     0.705 r  gen_single_bram_stage1.u_interp2_stage1_strict_halfband_bram_ce/read_addr_reg[2]/Q
                         net (fo=5, routed)           0.233     0.938    gen_single_bram_stage1.u_interp2_stage1_strict_halfband_bram_ce/read_addr_reg[2]
    RAMB18_X2Y20         RAMB18E1                                     r  gen_single_bram_stage1.u_interp2_stage1_strict_halfband_bram_ce/u_nf_stage1_history_ramb18_sdp/gen_primitive.u_stage1_history_ramb18e1/ADDRARDADDR[7]
  -------------------------------------------------------------------    -------------------

                         (clock core_clk_6m144 rise edge)
                                                      0.000     0.000 r  
                                                      0.000     0.000 r  clk (IN)
                         net (fo=288, unset)          0.871     0.871    clk
    RAMB18_X2Y20         RAMB18E1                                     r  gen_single_bram_stage1.u_interp2_stage1_strict_halfband_bram_ce/u_nf_stage1_history_ramb18_sdp/gen_primitive.u_stage1_history_ramb18e1/CLKARDCLK
                         clock pessimism             -0.253     0.618    
    RAMB18_X2Y20         RAMB18E1 (Hold_ramb18e1_CLKARDCLK_ADDRARDADDR[7])
                                                      0.183     0.801    gen_single_bram_stage1.u_interp2_stage1_strict_halfband_bram_ce/u_nf_stage1_history_ramb18_sdp/gen_primitive.u_stage1_history_ramb18e1
  -------------------------------------------------------------------
                         required time                         -0.801    
                         arrival time                           0.938    
  -------------------------------------------------------------------
                         slack                                  0.138    

Slack (MET) :             0.139ns  (arrival time - required time)
  Source:                 gen_single_bram_stage1.u_interp2_stage1_strict_halfband_bram_ce/delay_result_reg[15]/C
                            (rising edge-triggered cell FDRE clocked by core_clk_6m144  {rise@0.000ns fall@81.380ns period=162.760ns})
  Destination:            gen_single_bram_stage1.u_interp2_stage1_strict_halfband_bram_ce/y_out_reg[15]/D
                            (rising edge-triggered cell FDRE clocked by core_clk_6m144  {rise@0.000ns fall@81.380ns period=162.760ns})
  Path Group:             core_clk_6m144
  Path Type:              Hold (Min at Fast Process Corner)
  Requirement:            0.000ns  (core_clk_6m144 rise@0.000ns - core_clk_6m144 rise@0.000ns)
  Data Path Delay:        0.276ns  (logic 0.186ns (67.282%)  route 0.090ns (32.718%))
  Logic Levels:           1  (LUT3=1)
  Clock Path Skew:        0.016ns (DCD - SCD - CPR)
    Destination Clock Delay (DCD):    0.832ns
    Source Clock Delay      (SCD):    0.561ns
    Clock Pessimism Removal (CPR):    0.255ns

    Location             Delay type                Incr(ns)  Path(ns)    Netlist Resource(s)
  -------------------------------------------------------------------    -------------------
                         (clock core_clk_6m144 rise edge)
                                                      0.000     0.000 r  
                                                      0.000     0.000 r  clk (IN)
                         net (fo=288, unset)          0.561     0.561    clk
    SLICE_X55Y53         FDRE                                         r  gen_single_bram_stage1.u_interp2_stage1_strict_halfband_bram_ce/delay_result_reg[15]/C
  -------------------------------------------------------------------    -------------------
    SLICE_X55Y53         FDRE (Prop_fdre_C_Q)         0.141     0.702 r  gen_single_bram_stage1.u_interp2_stage1_strict_halfband_bram_ce/delay_result_reg[15]/Q
                         net (fo=1, routed)           0.090     0.792    delay_result[15]
    SLICE_X54Y53         LUT3 (Prop_lut3_I2_O)        0.045     0.837 r  y_out[15]_i_1/O
                         net (fo=1, routed)           0.000     0.837    y_out[15]_i_1_n_0
    SLICE_X54Y53         FDRE                                         r  gen_single_bram_stage1.u_interp2_stage1_strict_halfband_bram_ce/y_out_reg[15]/D
  -------------------------------------------------------------------    -------------------

                         (clock core_clk_6m144 rise edge)
                                                      0.000     0.000 r  
                                                      0.000     0.000 r  clk (IN)
                         net (fo=288, unset)          0.832     0.832    clk
    SLICE_X54Y53         FDRE                                         r  gen_single_bram_stage1.u_interp2_stage1_strict_halfband_bram_ce/y_out_reg[15]/C
                         clock pessimism             -0.255     0.577    
    SLICE_X54Y53         FDRE (Hold_fdre_C_D)         0.121     0.698    gen_single_bram_stage1.u_interp2_stage1_strict_halfband_bram_ce/y_out_reg[15]
  -------------------------------------------------------------------
                         required time                         -0.698    
                         arrival time                           0.837    
  -------------------------------------------------------------------
                         slack                                  0.139    

Slack (MET) :             0.139ns  (arrival time - required time)
  Source:                 gen_single_bram_stage1.u_interp2_stage1_strict_halfband_bram_ce/delay_result_reg[17]/C
                            (rising edge-triggered cell FDRE clocked by core_clk_6m144  {rise@0.000ns fall@81.380ns period=162.760ns})
  Destination:            gen_single_bram_stage1.u_interp2_stage1_strict_halfband_bram_ce/y_out_reg[17]/D
                            (rising edge-triggered cell FDRE clocked by core_clk_6m144  {rise@0.000ns fall@81.380ns period=162.760ns})
  Path Group:             core_clk_6m144
  Path Type:              Hold (Min at Fast Process Corner)
  Requirement:            0.000ns  (core_clk_6m144 rise@0.000ns - core_clk_6m144 rise@0.000ns)
  Data Path Delay:        0.276ns  (logic 0.186ns (67.282%)  route 0.090ns (32.718%))
  Logic Levels:           1  (LUT3=1)
  Clock Path Skew:        0.016ns (DCD - SCD - CPR)
    Destination Clock Delay (DCD):    0.832ns
    Source Clock Delay      (SCD):    0.561ns
    Clock Pessimism Removal (CPR):    0.255ns

    Location             Delay type                Incr(ns)  Path(ns)    Netlist Resource(s)
  -------------------------------------------------------------------    -------------------
                         (clock core_clk_6m144 rise edge)
                                                      0.000     0.000 r  
                                                      0.000     0.000 r  clk (IN)
                         net (fo=288, unset)          0.561     0.561    clk
    SLICE_X55Y54         FDRE                                         r  gen_single_bram_stage1.u_interp2_stage1_strict_halfband_bram_ce/delay_result_reg[17]/C
  -------------------------------------------------------------------    -------------------
    SLICE_X55Y54         FDRE (Prop_fdre_C_Q)         0.141     0.702 r  gen_single_bram_stage1.u_interp2_stage1_strict_halfband_bram_ce/delay_result_reg[17]/Q
                         net (fo=1, routed)           0.090     0.792    delay_result[17]
    SLICE_X54Y54         LUT3 (Prop_lut3_I2_O)        0.045     0.837 r  y_out[17]_i_1/O
                         net (fo=1, routed)           0.000     0.837    y_out[17]_i_1_n_0
    SLICE_X54Y54         FDRE                                         r  gen_single_bram_stage1.u_interp2_stage1_strict_halfband_bram_ce/y_out_reg[17]/D
  -------------------------------------------------------------------    -------------------

                         (clock core_clk_6m144 rise edge)
                                                      0.000     0.000 r  
                                                      0.000     0.000 r  clk (IN)
                         net (fo=288, unset)          0.832     0.832    clk
    SLICE_X54Y54         FDRE                                         r  gen_single_bram_stage1.u_interp2_stage1_strict_halfband_bram_ce/y_out_reg[17]/C
                         clock pessimism             -0.255     0.577    
    SLICE_X54Y54         FDRE (Hold_fdre_C_D)         0.121     0.698    gen_single_bram_stage1.u_interp2_stage1_strict_halfband_bram_ce/y_out_reg[17]
  -------------------------------------------------------------------
                         required time                         -0.698    
                         arrival time                           0.837    
  -------------------------------------------------------------------
                         slack                                  0.139    

Slack (MET) :             0.141ns  (arrival time - required time)
  Source:                 gen_single_bram_stage1.u_interp2_stage1_strict_halfband_bram_ce/read_coeff_index_reg[5]/C
                            (rising edge-triggered cell FDRE clocked by core_clk_6m144  {rise@0.000ns fall@81.380ns period=162.760ns})
  Destination:            gen_single_bram_stage1.u_interp2_stage1_strict_halfband_bram_ce/filter_commit_pending_reg/D
                            (rising edge-triggered cell FDRE clocked by core_clk_6m144  {rise@0.000ns fall@81.380ns period=162.760ns})
  Path Group:             core_clk_6m144
  Path Type:              Hold (Min at Fast Process Corner)
  Requirement:            0.000ns  (core_clk_6m144 rise@0.000ns - core_clk_6m144 rise@0.000ns)
  Data Path Delay:        0.249ns  (logic 0.186ns (74.808%)  route 0.063ns (25.192%))
  Logic Levels:           1  (LUT6=1)
  Clock Path Skew:        0.016ns (DCD - SCD - CPR)
    Destination Clock Delay (DCD):    0.832ns
    Source Clock Delay      (SCD):    0.562ns
    Clock Pessimism Removal (CPR):    0.254ns

    Location             Delay type                Incr(ns)  Path(ns)    Netlist Resource(s)
  -------------------------------------------------------------------    -------------------
                         (clock core_clk_6m144 rise edge)
                                                      0.000     0.000 r  
                                                      0.000     0.000 r  clk (IN)
                         net (fo=288, unset)          0.562     0.562    clk
    SLICE_X48Y52         FDRE                                         r  gen_single_bram_stage1.u_interp2_stage1_strict_halfband_bram_ce/read_coeff_index_reg[5]/C
  -------------------------------------------------------------------    -------------------
    SLICE_X48Y52         FDRE (Prop_fdre_C_Q)         0.141     0.703 r  gen_single_bram_stage1.u_interp2_stage1_strict_halfband_bram_ce/read_coeff_index_reg[5]/Q
                         net (fo=2, routed)           0.063     0.766    gen_single_bram_stage1.u_interp2_stage1_strict_halfband_bram_ce/read_coeff_index[5]
    SLICE_X49Y52         LUT6 (Prop_lut6_I4_O)        0.045     0.811 r  interp128_all2x_LUT6_2/O
                         net (fo=1, routed)           0.000     0.811    filter_commit_pending_i_1_n_0
    SLICE_X49Y52         FDRE                                         r  gen_single_bram_stage1.u_interp2_stage1_strict_halfband_bram_ce/filter_commit_pending_reg/D
  -------------------------------------------------------------------    -------------------

                         (clock core_clk_6m144 rise edge)
                                                      0.000     0.000 r  
                                                      0.000     0.000 r  clk (IN)
                         net (fo=288, unset)          0.832     0.832    clk
    SLICE_X49Y52         FDRE                                         r  gen_single_bram_stage1.u_interp2_stage1_strict_halfband_bram_ce/filter_commit_pending_reg/C
                         clock pessimism             -0.254     0.578    
    SLICE_X49Y52         FDRE (Hold_fdre_C_D)         0.092     0.670    gen_single_bram_stage1.u_interp2_stage1_strict_halfband_bram_ce/filter_commit_pending_reg
  -------------------------------------------------------------------
                         required time                         -0.670    
                         arrival time                           0.811    
  -------------------------------------------------------------------
                         slack                                  0.141    

Slack (MET) :             0.154ns  (arrival time - required time)
  Source:                 x_in[14]
                            (input port clocked by core_clk_6m144  {rise@0.000ns fall@81.380ns period=162.760ns})
  Destination:            gen_single_bram_stage1.u_interp2_stage1_strict_halfband_bram_ce/u_nf_stage1_history_ramb18_sdp/gen_primitive.u_stage1_history_ramb18e1/DIADI[14]
                            (rising edge-triggered cell RAMB18E1 clocked by core_clk_6m144  {rise@0.000ns fall@81.380ns period=162.760ns})
  Path Group:             core_clk_6m144
  Path Type:              Hold (Min at Fast Process Corner)
  Requirement:            0.000ns  (core_clk_6m144 rise@0.000ns - core_clk_6m144 rise@0.000ns)
  Data Path Delay:        1.149ns  (logic 0.043ns (3.742%)  route 1.106ns (96.258%))
  Logic Levels:           1  (LUT2=1)
  Input Delay:            0.000ns
  Clock Path Skew:        0.872ns (DCD - SCD - CPR)
    Destination Clock Delay (DCD):    0.872ns
    Source Clock Delay      (SCD):    0.000ns
    Clock Pessimism Removal (CPR):    -0.000ns
  Clock Uncertainty:      0.035ns  ((TSJ^2 + TIJ^2)^1/2 + DJ) / 2 + PE
    Total System Jitter     (TSJ):    0.071ns
    Total Input Jitter      (TIJ):    0.000ns
    Discrete Jitter          (DJ):    0.000ns
    Phase Error              (PE):    0.000ns

    Location             Delay type                Incr(ns)  Path(ns)    Netlist Resource(s)
  -------------------------------------------------------------------    -------------------
                         (clock core_clk_6m144 rise edge)
                                                      0.000     0.000 r  
                         input delay                  0.000     0.000    
                                                      0.000     0.000 r  x_in[14] (IN)
                         net (fo=0)                   0.390     0.390    x_in[14]
    SLICE_X57Y51         LUT2 (Prop_lut2_I0_O)        0.043     0.433 r  interp128_all2x_LUT2_34/O
                         net (fo=1, routed)           0.716     1.149    gen_single_bram_stage1.u_interp2_stage1_strict_halfband_bram_ce/gen_primitive.u_stage1_history_ramb18e1_i_3_n_0
    RAMB18_X2Y20         RAMB18E1                                     r  gen_single_bram_stage1.u_interp2_stage1_strict_halfband_bram_ce/u_nf_stage1_history_ramb18_sdp/gen_primitive.u_stage1_history_ramb18e1/DIADI[14]
  -------------------------------------------------------------------    -------------------

                         (clock core_clk_6m144 rise edge)
                                                      0.000     0.000 r  
                                                      0.000     0.000 r  clk (IN)
                         net (fo=288, unset)          0.872     0.872    clk
    RAMB18_X2Y20         RAMB18E1                                     r  gen_single_bram_stage1.u_interp2_stage1_strict_halfband_bram_ce/u_nf_stage1_history_ramb18_sdp/gen_primitive.u_stage1_history_ramb18e1/CLKBWRCLK
                         clock pessimism              0.000     0.872    
                         clock uncertainty            0.035     0.907    
    RAMB18_X2Y20         RAMB18E1 (Hold_ramb18e1_CLKBWRCLK_DIADI[14])
                                                      0.088     0.995    gen_single_bram_stage1.u_interp2_stage1_strict_halfband_bram_ce/u_nf_stage1_history_ramb18_sdp/gen_primitive.u_stage1_history_ramb18e1
  -------------------------------------------------------------------
                         required time                         -0.995    
                         arrival time                           1.149    
  -------------------------------------------------------------------
                         slack                                  0.154    

Slack (MET) :             0.158ns  (arrival time - required time)
  Source:                 x_in[15]
                            (input port clocked by core_clk_6m144  {rise@0.000ns fall@81.380ns period=162.760ns})
  Destination:            gen_single_bram_stage1.u_interp2_stage1_strict_halfband_bram_ce/u_nf_stage1_history_ramb18_sdp/gen_primitive.u_stage1_history_ramb18e1/DIADI[15]
                            (rising edge-triggered cell RAMB18E1 clocked by core_clk_6m144  {rise@0.000ns fall@81.380ns period=162.760ns})
  Path Group:             core_clk_6m144
  Path Type:              Hold (Min at Fast Process Corner)
  Requirement:            0.000ns  (core_clk_6m144 rise@0.000ns - core_clk_6m144 rise@0.000ns)
  Data Path Delay:        1.155ns  (logic 0.042ns (3.635%)  route 1.113ns (96.365%))
  Logic Levels:           1  (LUT2=1)
  Input Delay:            0.000ns
  Clock Path Skew:        0.872ns (DCD - SCD - CPR)
    Destination Clock Delay (DCD):    0.872ns
    Source Clock Delay      (SCD):    0.000ns
    Clock Pessimism Removal (CPR):    -0.000ns
  Clock Uncertainty:      0.035ns  ((TSJ^2 + TIJ^2)^1/2 + DJ) / 2 + PE
    Total System Jitter     (TSJ):    0.071ns
    Total Input Jitter      (TIJ):    0.000ns
    Discrete Jitter          (DJ):    0.000ns
    Phase Error              (PE):    0.000ns

    Location             Delay type                Incr(ns)  Path(ns)    Netlist Resource(s)
  -------------------------------------------------------------------    -------------------
                         (clock core_clk_6m144 rise edge)
                                                      0.000     0.000 r  
                         input delay                  0.000     0.000    
                                                      0.000     0.000 r  x_in[15] (IN)
                         net (fo=0)                   0.390     0.390    x_in[15]
    SLICE_X57Y51         LUT2 (Prop_lut2_I0_O)        0.042     0.432 r  interp128_all2x_LUT2_33/O
                         net (fo=1, routed)           0.723     1.155    gen_single_bram_stage1.u_interp2_stage1_strict_halfband_bram_ce/gen_primitive.u_stage1_history_ramb18e1_i_2_n_0
    RAMB18_X2Y20         RAMB18E1                                     r  gen_single_bram_stage1.u_interp2_stage1_strict_halfband_bram_ce/u_nf_stage1_history_ramb18_sdp/gen_primitive.u_stage1_history_ramb18e1/DIADI[15]
  -------------------------------------------------------------------    -------------------

                         (clock core_clk_6m144 rise edge)
                                                      0.000     0.000 r  
                                                      0.000     0.000 r  clk (IN)
                         net (fo=288, unset)          0.872     0.872    clk
    RAMB18_X2Y20         RAMB18E1                                     r  gen_single_bram_stage1.u_interp2_stage1_strict_halfband_bram_ce/u_nf_stage1_history_ramb18_sdp/gen_primitive.u_stage1_history_ramb18e1/CLKBWRCLK
                         clock pessimism              0.000     0.872    
                         clock uncertainty            0.035     0.907    
    RAMB18_X2Y20         RAMB18E1 (Hold_ramb18e1_CLKBWRCLK_DIADI[15])
                                                      0.090     0.997    gen_single_bram_stage1.u_interp2_stage1_strict_halfband_bram_ce/u_nf_stage1_history_ramb18_sdp/gen_primitive.u_stage1_history_ramb18e1
  -------------------------------------------------------------------
                         required time                         -0.997    
                         arrival time                           1.155    
  -------------------------------------------------------------------
                         slack                                  0.158    

Slack (MET) :             0.162ns  (arrival time - required time)
  Source:                 gen_serial_cic_comb.u_cic_interp16_serial_comb_dsp_ce/comb_delay1_reg[7]/C
                            (rising edge-triggered cell FDRE clocked by core_clk_6m144  {rise@0.000ns fall@81.380ns period=162.760ns})
  Destination:            gen_serial_cic_comb.u_cic_interp16_serial_comb_dsp_ce/comb_delay0_reg[7]/D
                            (rising edge-triggered cell FDRE clocked by core_clk_6m144  {rise@0.000ns fall@81.380ns period=162.760ns})
  Path Group:             core_clk_6m144
  Path Type:              Hold (Min at Fast Process Corner)
  Requirement:            0.000ns  (core_clk_6m144 rise@0.000ns - core_clk_6m144 rise@0.000ns)
  Data Path Delay:        0.201ns  (logic 0.148ns (73.524%)  route 0.053ns (26.476%))
  Logic Levels:           0  
  Clock Path Skew:        0.016ns (DCD - SCD - CPR)
    Destination Clock Delay (DCD):    0.829ns
    Source Clock Delay      (SCD):    0.559ns
    Clock Pessimism Removal (CPR):    0.254ns

    Location             Delay type                Incr(ns)  Path(ns)    Netlist Resource(s)
  -------------------------------------------------------------------    -------------------
                         (clock core_clk_6m144 rise edge)
                                                      0.000     0.000 r  
                                                      0.000     0.000 r  clk (IN)
                         net (fo=288, unset)          0.559     0.559    clk
    SLICE_X12Y61         FDRE                                         r  gen_serial_cic_comb.u_cic_interp16_serial_comb_dsp_ce/comb_delay1_reg[7]/C
  -------------------------------------------------------------------    -------------------
    SLICE_X12Y61         FDRE (Prop_fdre_C_Q)         0.148     0.707 r  gen_serial_cic_comb.u_cic_interp16_serial_comb_dsp_ce/comb_delay1_reg[7]/Q
                         net (fo=1, routed)           0.053     0.760    comb_delay1[7]
    SLICE_X12Y61         FDRE                                         r  gen_serial_cic_comb.u_cic_interp16_serial_comb_dsp_ce/comb_delay0_reg[7]/D
  -------------------------------------------------------------------    -------------------

                         (clock core_clk_6m144 rise edge)
                                                      0.000     0.000 r  
                                                      0.000     0.000 r  clk (IN)
                         net (fo=288, unset)          0.829     0.829    clk
    SLICE_X12Y61         FDRE                                         r  gen_serial_cic_comb.u_cic_interp16_serial_comb_dsp_ce/comb_delay0_reg[7]/C
                         clock pessimism             -0.254     0.575    
    SLICE_X12Y61         FDRE (Hold_fdre_C_D)         0.023     0.598    gen_serial_cic_comb.u_cic_interp16_serial_comb_dsp_ce/comb_delay0_reg[7]
  -------------------------------------------------------------------
                         required time                         -0.598    
                         arrival time                           0.760    
  -------------------------------------------------------------------
                         slack                                  0.162    

Slack (MET) :             0.165ns  (arrival time - required time)
  Source:                 gen_serial_cic_comb.u_cic_interp16_serial_comb_dsp_ce/comb_delay1_reg[17]/C
                            (rising edge-triggered cell FDRE clocked by core_clk_6m144  {rise@0.000ns fall@81.380ns period=162.760ns})
  Destination:            gen_serial_cic_comb.u_cic_interp16_serial_comb_dsp_ce/comb_delay0_reg[17]/D
                            (rising edge-triggered cell FDRE clocked by core_clk_6m144  {rise@0.000ns fall@81.380ns period=162.760ns})
  Path Group:             core_clk_6m144
  Path Type:              Hold (Min at Fast Process Corner)
  Requirement:            0.000ns  (core_clk_6m144 rise@0.000ns - core_clk_6m144 rise@0.000ns)
  Data Path Delay:        0.203ns  (logic 0.148ns (72.867%)  route 0.055ns (27.133%))
  Logic Levels:           0  
  Clock Path Skew:        0.015ns (DCD - SCD - CPR)
    Destination Clock Delay (DCD):    0.826ns
    Source Clock Delay      (SCD):    0.557ns
    Clock Pessimism Removal (CPR):    0.254ns

    Location             Delay type                Incr(ns)  Path(ns)    Netlist Resource(s)
  -------------------------------------------------------------------    -------------------
                         (clock core_clk_6m144 rise edge)
                                                      0.000     0.000 r  
                                                      0.000     0.000 r  clk (IN)
                         net (fo=288, unset)          0.557     0.557    clk
    SLICE_X12Y63         FDRE                                         r  gen_serial_cic_comb.u_cic_interp16_serial_comb_dsp_ce/comb_delay1_reg[17]/C
  -------------------------------------------------------------------    -------------------
    SLICE_X12Y63         FDRE (Prop_fdre_C_Q)         0.148     0.705 r  gen_serial_cic_comb.u_cic_interp16_serial_comb_dsp_ce/comb_delay1_reg[17]/Q
                         net (fo=1, routed)           0.055     0.760    comb_delay1[17]
    SLICE_X12Y63         FDRE                                         r  gen_serial_cic_comb.u_cic_interp16_serial_comb_dsp_ce/comb_delay0_reg[17]/D
  -------------------------------------------------------------------    -------------------

                         (clock core_clk_6m144 rise edge)
                                                      0.000     0.000 r  
                                                      0.000     0.000 r  clk (IN)
                         net (fo=288, unset)          0.826     0.826    clk
    SLICE_X12Y63         FDRE                                         r  gen_serial_cic_comb.u_cic_interp16_serial_comb_dsp_ce/comb_delay0_reg[17]/C
                         clock pessimism             -0.254     0.572    
    SLICE_X12Y63         FDRE (Hold_fdre_C_D)         0.023     0.595    gen_serial_cic_comb.u_cic_interp16_serial_comb_dsp_ce/comb_delay0_reg[17]
  -------------------------------------------------------------------
                         required time                         -0.595    
                         arrival time                           0.760    
  -------------------------------------------------------------------
                         slack                                  0.165    

Slack (MET) :             0.165ns  (arrival time - required time)
  Source:                 x_in_valid
                            (input port clocked by core_clk_6m144  {rise@0.000ns fall@81.380ns period=162.760ns})
  Destination:            gen_single_bram_stage1.u_interp2_stage1_strict_halfband_bram_ce/u_nf_stage1_history_ramb18_sdp/gen_primitive.u_stage1_history_ramb18e1/DIADI[7]
                            (rising edge-triggered cell RAMB18E1 clocked by core_clk_6m144  {rise@0.000ns fall@81.380ns period=162.760ns})
  Path Group:             core_clk_6m144
  Path Type:              Hold (Min at Fast Process Corner)
  Requirement:            0.000ns  (core_clk_6m144 rise@0.000ns - core_clk_6m144 rise@0.000ns)
  Data Path Delay:        1.227ns  (logic 0.045ns (3.667%)  route 1.182ns (96.333%))
  Logic Levels:           1  (LUT2=1)
  Input Delay:            0.000ns
  Clock Path Skew:        0.872ns (DCD - SCD - CPR)
    Destination Clock Delay (DCD):    0.872ns
    Source Clock Delay      (SCD):    0.000ns
    Clock Pessimism Removal (CPR):    -0.000ns
  Clock Uncertainty:      0.035ns  ((TSJ^2 + TIJ^2)^1/2 + DJ) / 2 + PE
    Total System Jitter     (TSJ):    0.071ns
    Total Input Jitter      (TIJ):    0.000ns
    Discrete Jitter          (DJ):    0.000ns
    Phase Error              (PE):    0.000ns

    Location             Delay type                Incr(ns)  Path(ns)    Netlist Resource(s)
  -------------------------------------------------------------------    -------------------
                         (clock core_clk_6m144 rise edge)
                                                      0.000     0.000 r  
                         input delay                  0.000     0.000    
                                                      0.000     0.000 r  x_in_valid (IN)
                         net (fo=23, unset)           0.390     0.390    x_in_valid
    SLICE_X58Y52         LUT2 (Prop_lut2_I1_O)        0.045     0.435 r  interp128_all2x_LUT2_17/O
                         net (fo=1, routed)           0.792     1.227    gen_single_bram_stage1.u_interp2_stage1_strict_halfband_bram_ce/gen_primitive.u_stage1_history_ramb18e1_i_10_n_0
    RAMB18_X2Y20         RAMB18E1                                     r  gen_single_bram_stage1.u_interp2_stage1_strict_halfband_bram_ce/u_nf_stage1_history_ramb18_sdp/gen_primitive.u_stage1_history_ramb18e1/DIADI[7]
  -------------------------------------------------------------------    -------------------

                         (clock core_clk_6m144 rise edge)
                                                      0.000     0.000 r  
                                                      0.000     0.000 r  clk (IN)
                         net (fo=288, unset)          0.872     0.872    clk
    RAMB18_X2Y20         RAMB18E1                                     r  gen_single_bram_stage1.u_interp2_stage1_strict_halfband_bram_ce/u_nf_stage1_history_ramb18_sdp/gen_primitive.u_stage1_history_ramb18e1/CLKBWRCLK
                         clock pessimism              0.000     0.872    
                         clock uncertainty            0.035     0.907    
    RAMB18_X2Y20         RAMB18E1 (Hold_ramb18e1_CLKBWRCLK_DIADI[7])
                                                      0.155     1.062    gen_single_bram_stage1.u_interp2_stage1_strict_halfband_bram_ce/u_nf_stage1_history_ramb18_sdp/gen_primitive.u_stage1_history_ramb18e1
  -------------------------------------------------------------------
                         required time                         -1.062    
                         arrival time                           1.227    
  -------------------------------------------------------------------
                         slack                                  0.165    

Slack (MET) :             0.167ns  (arrival time - required time)
  Source:                 gen_single_bram_stage1.u_interp2_stage1_strict_halfband_bram_ce/wr_ptr_reg[3]/C
                            (rising edge-triggered cell FDRE clocked by core_clk_6m144  {rise@0.000ns fall@81.380ns period=162.760ns})
  Destination:            gen_single_bram_stage1.u_interp2_stage1_strict_halfband_bram_ce/u_nf_stage1_history_ramb18_sdp/gen_primitive.u_stage1_history_ramb18e1/ADDRBWRADDR[8]
                            (rising edge-triggered cell RAMB18E1 clocked by core_clk_6m144  {rise@0.000ns fall@81.380ns period=162.760ns})
  Path Group:             core_clk_6m144
  Path Type:              Hold (Min at Fast Process Corner)
  Requirement:            0.000ns  (core_clk_6m144 rise@0.000ns - core_clk_6m144 rise@0.000ns)
  Data Path Delay:        0.373ns  (logic 0.128ns (34.348%)  route 0.245ns (65.652%))
  Logic Levels:           0  
  Clock Path Skew:        0.076ns (DCD - SCD - CPR)
    Destination Clock Delay (DCD):    0.872ns
    Source Clock Delay      (SCD):    0.562ns
    Clock Pessimism Removal (CPR):    0.234ns

    Location             Delay type                Incr(ns)  Path(ns)    Netlist Resource(s)
  -------------------------------------------------------------------    -------------------
                         (clock core_clk_6m144 rise edge)
                                                      0.000     0.000 r  
                                                      0.000     0.000 r  clk (IN)
                         net (fo=288, unset)          0.562     0.562    clk
    SLICE_X55Y52         FDRE                                         r  gen_single_bram_stage1.u_interp2_stage1_strict_halfband_bram_ce/wr_ptr_reg[3]/C
  -------------------------------------------------------------------    -------------------
    SLICE_X55Y52         FDRE (Prop_fdre_C_Q)         0.128     0.690 r  gen_single_bram_stage1.u_interp2_stage1_strict_halfband_bram_ce/wr_ptr_reg[3]/Q
                         net (fo=6, routed)           0.245     0.935    gen_single_bram_stage1.u_interp2_stage1_strict_halfband_bram_ce/wr_ptr_reg[3]
    RAMB18_X2Y20         RAMB18E1                                     r  gen_single_bram_stage1.u_interp2_stage1_strict_halfband_bram_ce/u_nf_stage1_history_ramb18_sdp/gen_primitive.u_stage1_history_ramb18e1/ADDRBWRADDR[8]
  -------------------------------------------------------------------    -------------------

                         (clock core_clk_6m144 rise edge)
                                                      0.000     0.000 r  
                                                      0.000     0.000 r  clk (IN)
                         net (fo=288, unset)          0.872     0.872    clk
    RAMB18_X2Y20         RAMB18E1                                     r  gen_single_bram_stage1.u_interp2_stage1_strict_halfband_bram_ce/u_nf_stage1_history_ramb18_sdp/gen_primitive.u_stage1_history_ramb18e1/CLKBWRCLK
                         clock pessimism             -0.234     0.638    
    RAMB18_X2Y20         RAMB18E1 (Hold_ramb18e1_CLKBWRCLK_ADDRBWRADDR[8])
                                                      0.130     0.768    gen_single_bram_stage1.u_interp2_stage1_strict_halfband_bram_ce/u_nf_stage1_history_ramb18_sdp/gen_primitive.u_stage1_history_ramb18e1
  -------------------------------------------------------------------
                         required time                         -0.768    
                         arrival time                           0.935    
  -------------------------------------------------------------------
                         slack                                  0.167    

Slack (MET) :             0.167ns  (arrival time - required time)
  Source:                 gen_serial_cic_comb.u_cic_interp16_serial_comb_dsp_ce/comb_delay1_reg[10]/C
                            (rising edge-triggered cell FDRE clocked by core_clk_6m144  {rise@0.000ns fall@81.380ns period=162.760ns})
  Destination:            gen_serial_cic_comb.u_cic_interp16_serial_comb_dsp_ce/comb_delay0_reg[10]/D
                            (rising edge-triggered cell FDRE clocked by core_clk_6m144  {rise@0.000ns fall@81.380ns period=162.760ns})
  Path Group:             core_clk_6m144
  Path Type:              Hold (Min at Fast Process Corner)
  Requirement:            0.000ns  (core_clk_6m144 rise@0.000ns - core_clk_6m144 rise@0.000ns)
  Data Path Delay:        0.205ns  (logic 0.148ns (72.157%)  route 0.057ns (27.843%))
  Logic Levels:           0  
  Clock Path Skew:        0.016ns (DCD - SCD - CPR)
    Destination Clock Delay (DCD):    0.829ns
    Source Clock Delay      (SCD):    0.559ns
    Clock Pessimism Removal (CPR):    0.254ns

    Location             Delay type                Incr(ns)  Path(ns)    Netlist Resource(s)
  -------------------------------------------------------------------    -------------------
                         (clock core_clk_6m144 rise edge)
                                                      0.000     0.000 r  
                                                      0.000     0.000 r  clk (IN)
                         net (fo=288, unset)          0.559     0.559    clk
    SLICE_X12Y61         FDRE                                         r  gen_serial_cic_comb.u_cic_interp16_serial_comb_dsp_ce/comb_delay1_reg[10]/C
  -------------------------------------------------------------------    -------------------
    SLICE_X12Y61         FDRE (Prop_fdre_C_Q)         0.148     0.707 r  gen_serial_cic_comb.u_cic_interp16_serial_comb_dsp_ce/comb_delay1_reg[10]/Q
                         net (fo=1, routed)           0.057     0.764    comb_delay1[10]
    SLICE_X12Y61         FDRE                                         r  gen_serial_cic_comb.u_cic_interp16_serial_comb_dsp_ce/comb_delay0_reg[10]/D
  -------------------------------------------------------------------    -------------------

                         (clock core_clk_6m144 rise edge)
                                                      0.000     0.000 r  
                                                      0.000     0.000 r  clk (IN)
                         net (fo=288, unset)          0.829     0.829    clk
    SLICE_X12Y61         FDRE                                         r  gen_serial_cic_comb.u_cic_interp16_serial_comb_dsp_ce/comb_delay0_reg[10]/C
                         clock pessimism             -0.254     0.575    
    SLICE_X12Y61         FDRE (Hold_fdre_C_D)         0.022     0.597    gen_serial_cic_comb.u_cic_interp16_serial_comb_dsp_ce/comb_delay0_reg[10]
  -------------------------------------------------------------------
                         required time                         -0.597    
                         arrival time                           0.764    
  -------------------------------------------------------------------
                         slack                                  0.167    

Slack (MET) :             0.171ns  (arrival time - required time)
  Source:                 gen_serial_cic_comb.u_cic_interp16_serial_comb_dsp_ce/comb_delay1_reg[3]/C
                            (rising edge-triggered cell FDRE clocked by core_clk_6m144  {rise@0.000ns fall@81.380ns period=162.760ns})
  Destination:            gen_serial_cic_comb.u_cic_interp16_serial_comb_dsp_ce/comb_delay0_reg[3]/D
                            (rising edge-triggered cell FDRE clocked by core_clk_6m144  {rise@0.000ns fall@81.380ns period=162.760ns})
  Path Group:             core_clk_6m144
  Path Type:              Hold (Min at Fast Process Corner)
  Requirement:            0.000ns  (core_clk_6m144 rise@0.000ns - core_clk_6m144 rise@0.000ns)
  Data Path Delay:        0.181ns  (logic 0.128ns (70.653%)  route 0.053ns (29.347%))
  Logic Levels:           0  
  Clock Path Skew:        0.016ns (DCD - SCD - CPR)
    Destination Clock Delay (DCD):    0.829ns
    Source Clock Delay      (SCD):    0.559ns
    Clock Pessimism Removal (CPR):    0.254ns

    Location             Delay type                Incr(ns)  Path(ns)    Netlist Resource(s)
  -------------------------------------------------------------------    -------------------
                         (clock core_clk_6m144 rise edge)
                                                      0.000     0.000 r  
                                                      0.000     0.000 r  clk (IN)
                         net (fo=288, unset)          0.559     0.559    clk
    SLICE_X13Y60         FDRE                                         r  gen_serial_cic_comb.u_cic_interp16_serial_comb_dsp_ce/comb_delay1_reg[3]/C
  -------------------------------------------------------------------    -------------------
    SLICE_X13Y60         FDRE (Prop_fdre_C_Q)         0.128     0.687 r  gen_serial_cic_comb.u_cic_interp16_serial_comb_dsp_ce/comb_delay1_reg[3]/Q
                         net (fo=1, routed)           0.053     0.740    comb_delay1[3]
    SLICE_X13Y60         FDRE                                         r  gen_serial_cic_comb.u_cic_interp16_serial_comb_dsp_ce/comb_delay0_reg[3]/D
  -------------------------------------------------------------------    -------------------

                         (clock core_clk_6m144 rise edge)
                                                      0.000     0.000 r  
                                                      0.000     0.000 r  clk (IN)
                         net (fo=288, unset)          0.829     0.829    clk
    SLICE_X13Y60         FDRE                                         r  gen_serial_cic_comb.u_cic_interp16_serial_comb_dsp_ce/comb_delay0_reg[3]/C
                         clock pessimism             -0.254     0.575    
    SLICE_X13Y60         FDRE (Hold_fdre_C_D)        -0.006     0.569    gen_serial_cic_comb.u_cic_interp16_serial_comb_dsp_ce/comb_delay0_reg[3]
  -------------------------------------------------------------------
                         required time                         -0.569    
                         arrival time                           0.740    
  -------------------------------------------------------------------
                         slack                                  0.171    

Slack (MET) :             0.172ns  (arrival time - required time)
  Source:                 gen_serial_cic_comb.u_cic_interp16_serial_comb_dsp_ce/comb_delay1_reg[15]/C
                            (rising edge-triggered cell FDRE clocked by core_clk_6m144  {rise@0.000ns fall@81.380ns period=162.760ns})
  Destination:            gen_serial_cic_comb.u_cic_interp16_serial_comb_dsp_ce/comb_delay0_reg[15]/D
                            (rising edge-triggered cell FDRE clocked by core_clk_6m144  {rise@0.000ns fall@81.380ns period=162.760ns})
  Path Group:             core_clk_6m144
  Path Type:              Hold (Min at Fast Process Corner)
  Requirement:            0.000ns  (core_clk_6m144 rise@0.000ns - core_clk_6m144 rise@0.000ns)
  Data Path Delay:        0.181ns  (logic 0.128ns (70.653%)  route 0.053ns (29.347%))
  Logic Levels:           0  
  Clock Path Skew:        0.015ns (DCD - SCD - CPR)
    Destination Clock Delay (DCD):    0.826ns
    Source Clock Delay      (SCD):    0.557ns
    Clock Pessimism Removal (CPR):    0.254ns

    Location             Delay type                Incr(ns)  Path(ns)    Netlist Resource(s)
  -------------------------------------------------------------------    -------------------
                         (clock core_clk_6m144 rise edge)
                                                      0.000     0.000 r  
                                                      0.000     0.000 r  clk (IN)
                         net (fo=288, unset)          0.557     0.557    clk
    SLICE_X13Y63         FDRE                                         r  gen_serial_cic_comb.u_cic_interp16_serial_comb_dsp_ce/comb_delay1_reg[15]/C
  -------------------------------------------------------------------    -------------------
    SLICE_X13Y63         FDRE (Prop_fdre_C_Q)         0.128     0.685 r  gen_serial_cic_comb.u_cic_interp16_serial_comb_dsp_ce/comb_delay1_reg[15]/Q
                         net (fo=1, routed)           0.053     0.738    comb_delay1[15]
    SLICE_X13Y63         FDRE                                         r  gen_serial_cic_comb.u_cic_interp16_serial_comb_dsp_ce/comb_delay0_reg[15]/D
  -------------------------------------------------------------------    -------------------

                         (clock core_clk_6m144 rise edge)
                                                      0.000     0.000 r  
                                                      0.000     0.000 r  clk (IN)
                         net (fo=288, unset)          0.826     0.826    clk
    SLICE_X13Y63         FDRE                                         r  gen_serial_cic_comb.u_cic_interp16_serial_comb_dsp_ce/comb_delay0_reg[15]/C
                         clock pessimism             -0.254     0.572    
    SLICE_X13Y63         FDRE (Hold_fdre_C_D)        -0.006     0.566    gen_serial_cic_comb.u_cic_interp16_serial_comb_dsp_ce/comb_delay0_reg[15]
  -------------------------------------------------------------------
                         required time                         -0.566    
                         arrival time                           0.738    
  -------------------------------------------------------------------
                         slack                                  0.172    

Slack (MET) :             0.172ns  (arrival time - required time)
  Source:                 gen_single_bram_stage1.u_interp2_stage1_strict_halfband_bram_ce/wr_ptr_reg[0]/C
                            (rising edge-triggered cell FDRE clocked by core_clk_6m144  {rise@0.000ns fall@81.380ns period=162.760ns})
  Destination:            gen_single_bram_stage1.u_interp2_stage1_strict_halfband_bram_ce/u_nf_stage1_history_ramb18_sdp/gen_primitive.u_stage1_history_ramb18e1/ADDRBWRADDR[5]
                            (rising edge-triggered cell RAMB18E1 clocked by core_clk_6m144  {rise@0.000ns fall@81.380ns period=162.760ns})
  Path Group:             core_clk_6m144
  Path Type:              Hold (Min at Fast Process Corner)
  Requirement:            0.000ns  (core_clk_6m144 rise@0.000ns - core_clk_6m144 rise@0.000ns)
  Data Path Delay:        0.431ns  (logic 0.141ns (32.706%)  route 0.290ns (67.294%))
  Logic Levels:           0  
  Clock Path Skew:        0.076ns (DCD - SCD - CPR)
    Destination Clock Delay (DCD):    0.872ns
    Source Clock Delay      (SCD):    0.562ns
    Clock Pessimism Removal (CPR):    0.234ns

    Location             Delay type                Incr(ns)  Path(ns)    Netlist Resource(s)
  -------------------------------------------------------------------    -------------------
                         (clock core_clk_6m144 rise edge)
                                                      0.000     0.000 r  
                                                      0.000     0.000 r  clk (IN)
                         net (fo=288, unset)          0.562     0.562    clk
    SLICE_X55Y52         FDRE                                         r  gen_single_bram_stage1.u_interp2_stage1_strict_halfband_bram_ce/wr_ptr_reg[0]/C
  -------------------------------------------------------------------    -------------------
    SLICE_X55Y52         FDRE (Prop_fdre_C_Q)         0.141     0.703 r  gen_single_bram_stage1.u_interp2_stage1_strict_halfband_bram_ce/wr_ptr_reg[0]/Q
                         net (fo=6, routed)           0.290     0.993    gen_single_bram_stage1.u_interp2_stage1_strict_halfband_bram_ce/wr_ptr_reg[0]
    RAMB18_X2Y20         RAMB18E1                                     r  gen_single_bram_stage1.u_interp2_stage1_strict_halfband_bram_ce/u_nf_stage1_history_ramb18_sdp/gen_primitive.u_stage1_history_ramb18e1/ADDRBWRADDR[5]
  -------------------------------------------------------------------    -------------------

                         (clock core_clk_6m144 rise edge)
                                                      0.000     0.000 r  
                                                      0.000     0.000 r  clk (IN)
                         net (fo=288, unset)          0.872     0.872    clk
    RAMB18_X2Y20         RAMB18E1                                     r  gen_single_bram_stage1.u_interp2_stage1_strict_halfband_bram_ce/u_nf_stage1_history_ramb18_sdp/gen_primitive.u_stage1_history_ramb18e1/CLKBWRCLK
                         clock pessimism             -0.234     0.638    
    RAMB18_X2Y20         RAMB18E1 (Hold_ramb18e1_CLKBWRCLK_ADDRBWRADDR[5])
                                                      0.183     0.821    gen_single_bram_stage1.u_interp2_stage1_strict_halfband_bram_ce/u_nf_stage1_history_ramb18_sdp/gen_primitive.u_stage1_history_ramb18e1
  -------------------------------------------------------------------
                         required time                         -0.821    
                         arrival time                           0.993    
  -------------------------------------------------------------------
                         slack                                  0.172    

Slack (MET) :             0.172ns  (arrival time - required time)
  Source:                 gen_serial_cic_comb.u_cic_interp16_serial_comb_dsp_ce/comb_delay1_reg[0]/C
                            (rising edge-triggered cell FDRE clocked by core_clk_6m144  {rise@0.000ns fall@81.380ns period=162.760ns})
  Destination:            gen_serial_cic_comb.u_cic_interp16_serial_comb_dsp_ce/comb_delay0_reg[0]/D
                            (rising edge-triggered cell FDRE clocked by core_clk_6m144  {rise@0.000ns fall@81.380ns period=162.760ns})
  Path Group:             core_clk_6m144
  Path Type:              Hold (Min at Fast Process Corner)
  Requirement:            0.000ns  (core_clk_6m144 rise@0.000ns - core_clk_6m144 rise@0.000ns)
  Data Path Delay:        0.180ns  (logic 0.128ns (70.946%)  route 0.052ns (29.054%))
  Logic Levels:           0  
  Clock Path Skew:        0.016ns (DCD - SCD - CPR)
    Destination Clock Delay (DCD):    0.829ns
    Source Clock Delay      (SCD):    0.559ns
    Clock Pessimism Removal (CPR):    0.254ns

    Location             Delay type                Incr(ns)  Path(ns)    Netlist Resource(s)
  -------------------------------------------------------------------    -------------------
                         (clock core_clk_6m144 rise edge)
                                                      0.000     0.000 r  
                                                      0.000     0.000 r  clk (IN)
                         net (fo=288, unset)          0.559     0.559    clk
    SLICE_X13Y60         FDRE                                         r  gen_serial_cic_comb.u_cic_interp16_serial_comb_dsp_ce/comb_delay1_reg[0]/C
  -------------------------------------------------------------------    -------------------
    SLICE_X13Y60         FDRE (Prop_fdre_C_Q)         0.128     0.687 r  gen_serial_cic_comb.u_cic_interp16_serial_comb_dsp_ce/comb_delay1_reg[0]/Q
                         net (fo=1, routed)           0.052     0.739    comb_delay1[0]
    SLICE_X13Y60         FDRE                                         r  gen_serial_cic_comb.u_cic_interp16_serial_comb_dsp_ce/comb_delay0_reg[0]/D
  -------------------------------------------------------------------    -------------------

                         (clock core_clk_6m144 rise edge)
                                                      0.000     0.000 r  
                                                      0.000     0.000 r  clk (IN)
                         net (fo=288, unset)          0.829     0.829    clk
    SLICE_X13Y60         FDRE                                         r  gen_serial_cic_comb.u_cic_interp16_serial_comb_dsp_ce/comb_delay0_reg[0]/C
                         clock pessimism             -0.254     0.575    
    SLICE_X13Y60         FDRE (Hold_fdre_C_D)        -0.008     0.567    gen_serial_cic_comb.u_cic_interp16_serial_comb_dsp_ce/comb_delay0_reg[0]
  -------------------------------------------------------------------
                         required time                         -0.567    
                         arrival time                           0.739    
  -------------------------------------------------------------------
                         slack                                  0.172    





Pulse Width Checks
--------------------------------------------------------------------------------------
Clock Name:         core_clk_6m144
Waveform(ns):       { 0.000 81.380 }
Period(ns):         162.760
Sources:            { clk }

Check Type        Corner  Lib Pin             Reference Pin  Required(ns)  Actual(ns)  Slack(ns)  Location      Pin
Min Period        n/a     RAMB18E1/CLKARDCLK  n/a            2.472         162.760     160.288    RAMB18_X0Y22  gen_lutram_stage23.u_interp2_stage23_lutram_cic_dsp_ce/gen_unified_bram_history.u_nf_stage23_history_ramb18_sdp/gen_primitive.u_stage23_history_ramb18e1/CLKARDCLK
Min Period        n/a     RAMB18E1/CLKBWRCLK  n/a            2.472         162.760     160.288    RAMB18_X0Y22  gen_lutram_stage23.u_interp2_stage23_lutram_cic_dsp_ce/gen_unified_bram_history.u_nf_stage23_history_ramb18_sdp/gen_primitive.u_stage23_history_ramb18e1/CLKBWRCLK
Min Period        n/a     RAMB18E1/CLKARDCLK  n/a            2.472         162.760     160.288    RAMB18_X2Y20  gen_single_bram_stage1.u_interp2_stage1_strict_halfband_bram_ce/u_nf_stage1_history_ramb18_sdp/gen_primitive.u_stage1_history_ramb18e1/CLKARDCLK
Min Period        n/a     RAMB18E1/CLKBWRCLK  n/a            2.472         162.760     160.288    RAMB18_X2Y20  gen_single_bram_stage1.u_interp2_stage1_strict_halfband_bram_ce/u_nf_stage1_history_ramb18_sdp/gen_primitive.u_stage1_history_ramb18e1/CLKBWRCLK
Min Period        n/a     RAMB18E1/CLKARDCLK  n/a            2.472         162.760     160.288    RAMB18_X0Y20  gen_unified_fir_coeff_bram.u_nf_unified_fir_coeff_bram/u_unified_coeff_ramb18e1/CLKARDCLK
Min Period        n/a     RAMB18E1/CLKBWRCLK  n/a            2.472         162.760     160.288    RAMB18_X0Y20  gen_unified_fir_coeff_bram.u_nf_unified_fir_coeff_bram/u_unified_coeff_ramb18e1/CLKBWRCLK
Min Period        n/a     DSP48E1/CLK         n/a            2.147         162.760     160.613    DSP48_X0Y22   gen_lutram_stage23.u_interp2_stage23_lutram_cic_dsp_ce/u_stage23_dsp48e1/CLK
Min Period        n/a     DSP48E1/CLK         n/a            2.147         162.760     160.613    DSP48_X1Y20   gen_single_bram_stage1.u_interp2_stage1_strict_halfband_bram_ce/u_stage1_dsp48e1/CLK
Min Period        n/a     DSP48E1/CLK         n/a            1.816         162.760     160.944    DSP48_X0Y24   gen_serial_cic_comb.u_cic_interp16_serial_comb_dsp_ce/gen_comb_dsp_role_exchange.u_cic_comb_dsp48e1/CLK
Min Period        n/a     FDRE/C              n/a            1.000         162.760     161.760    SLICE_X10Y54  gen_lutram_stage23.u_interp2_stage23_lutram_cic_dsp_ce/job_active_reg/C
Min Period        n/a     FDRE/C              n/a            1.000         162.760     161.760    SLICE_X10Y55  gen_lutram_stage23.u_interp2_stage23_lutram_cic_dsp_ce/job_history_full_reg/C
Min Period        n/a     FDRE/C              n/a            1.000         162.760     161.760    SLICE_X11Y54  gen_lutram_stage23.u_interp2_stage23_lutram_cic_dsp_ce/job_history_head_reg[0]/C
Min Period        n/a     FDRE/C              n/a            1.000         162.760     161.760    SLICE_X11Y54  gen_lutram_stage23.u_interp2_stage23_lutram_cic_dsp_ce/job_history_head_reg[1]/C
Min Period        n/a     FDRE/C              n/a            1.000         162.760     161.760    SLICE_X11Y54  gen_lutram_stage23.u_interp2_stage23_lutram_cic_dsp_ce/job_history_head_reg[2]/C
Min Period        n/a     FDRE/C              n/a            1.000         162.760     161.760    SLICE_X10Y55  gen_lutram_stage23.u_interp2_stage23_lutram_cic_dsp_ce/job_history_head_reg[3]/C
Min Period        n/a     FDRE/C              n/a            1.000         162.760     161.760    SLICE_X9Y55   gen_lutram_stage23.u_interp2_stage23_lutram_cic_dsp_ce/job_mac_index_reg[0]/C
Min Period        n/a     FDRE/C              n/a            1.000         162.760     161.760    SLICE_X9Y55   gen_lutram_stage23.u_interp2_stage23_lutram_cic_dsp_ce/job_mac_index_reg[1]/C
Min Period        n/a     FDRE/C              n/a            1.000         162.760     161.760    SLICE_X9Y55   gen_lutram_stage23.u_interp2_stage23_lutram_cic_dsp_ce/job_mac_index_reg[2]/C
Min Period        n/a     FDRE/C              n/a            1.000         162.760     161.760    SLICE_X9Y55   gen_lutram_stage23.u_interp2_stage23_lutram_cic_dsp_ce/job_mac_index_reg[3]/C
Min Period        n/a     FDRE/C              n/a            1.000         162.760     161.760    SLICE_X11Y58  gen_lutram_stage23.u_interp2_stage23_lutram_cic_dsp_ce/job_output_pending_reg/C
Low Pulse Width   Slow    FDRE/C              n/a            0.500         81.380      80.880     SLICE_X10Y54  gen_lutram_stage23.u_interp2_stage23_lutram_cic_dsp_ce/job_active_reg/C
Low Pulse Width   Fast    FDRE/C              n/a            0.500         81.380      80.880     SLICE_X10Y54  gen_lutram_stage23.u_interp2_stage23_lutram_cic_dsp_ce/job_active_reg/C
Low Pulse Width   Slow    FDRE/C              n/a            0.500         81.380      80.880     SLICE_X10Y55  gen_lutram_stage23.u_interp2_stage23_lutram_cic_dsp_ce/job_history_full_reg/C
Low Pulse Width   Fast    FDRE/C              n/a            0.500         81.380      80.880     SLICE_X10Y55  gen_lutram_stage23.u_interp2_stage23_lutram_cic_dsp_ce/job_history_full_reg/C
Low Pulse Width   Slow    FDRE/C              n/a            0.500         81.380      80.880     SLICE_X11Y54  gen_lutram_stage23.u_interp2_stage23_lutram_cic_dsp_ce/job_history_head_reg[0]/C
Low Pulse Width   Fast    FDRE/C              n/a            0.500         81.380      80.880     SLICE_X11Y54  gen_lutram_stage23.u_interp2_stage23_lutram_cic_dsp_ce/job_history_head_reg[0]/C
Low Pulse Width   Slow    FDRE/C              n/a            0.500         81.380      80.880     SLICE_X11Y54  gen_lutram_stage23.u_interp2_stage23_lutram_cic_dsp_ce/job_history_head_reg[1]/C
Low Pulse Width   Fast    FDRE/C              n/a            0.500         81.380      80.880     SLICE_X11Y54  gen_lutram_stage23.u_interp2_stage23_lutram_cic_dsp_ce/job_history_head_reg[1]/C
Low Pulse Width   Slow    FDRE/C              n/a            0.500         81.380      80.880     SLICE_X11Y54  gen_lutram_stage23.u_interp2_stage23_lutram_cic_dsp_ce/job_history_head_reg[2]/C
Low Pulse Width   Fast    FDRE/C              n/a            0.500         81.380      80.880     SLICE_X11Y54  gen_lutram_stage23.u_interp2_stage23_lutram_cic_dsp_ce/job_history_head_reg[2]/C
Low Pulse Width   Slow    FDRE/C              n/a            0.500         81.380      80.880     SLICE_X10Y55  gen_lutram_stage23.u_interp2_stage23_lutram_cic_dsp_ce/job_history_head_reg[3]/C
Low Pulse Width   Fast    FDRE/C              n/a            0.500         81.380      80.880     SLICE_X10Y55  gen_lutram_stage23.u_interp2_stage23_lutram_cic_dsp_ce/job_history_head_reg[3]/C
Low Pulse Width   Slow    FDRE/C              n/a            0.500         81.380      80.880     SLICE_X9Y55   gen_lutram_stage23.u_interp2_stage23_lutram_cic_dsp_ce/job_mac_index_reg[0]/C
Low Pulse Width   Fast    FDRE/C              n/a            0.500         81.380      80.880     SLICE_X9Y55   gen_lutram_stage23.u_interp2_stage23_lutram_cic_dsp_ce/job_mac_index_reg[0]/C
Low Pulse Width   Slow    FDRE/C              n/a            0.500         81.380      80.880     SLICE_X9Y55   gen_lutram_stage23.u_interp2_stage23_lutram_cic_dsp_ce/job_mac_index_reg[1]/C
Low Pulse Width   Fast    FDRE/C              n/a            0.500         81.380      80.880     SLICE_X9Y55   gen_lutram_stage23.u_interp2_stage23_lutram_cic_dsp_ce/job_mac_index_reg[1]/C
Low Pulse Width   Slow    FDRE/C              n/a            0.500         81.380      80.880     SLICE_X9Y55   gen_lutram_stage23.u_interp2_stage23_lutram_cic_dsp_ce/job_mac_index_reg[2]/C
Low Pulse Width   Fast    FDRE/C              n/a            0.500         81.380      80.880     SLICE_X9Y55   gen_lutram_stage23.u_interp2_stage23_lutram_cic_dsp_ce/job_mac_index_reg[2]/C
Low Pulse Width   Slow    FDRE/C              n/a            0.500         81.380      80.880     SLICE_X9Y55   gen_lutram_stage23.u_interp2_stage23_lutram_cic_dsp_ce/job_mac_index_reg[3]/C
Low Pulse Width   Fast    FDRE/C              n/a            0.500         81.380      80.880     SLICE_X9Y55   gen_lutram_stage23.u_interp2_stage23_lutram_cic_dsp_ce/job_mac_index_reg[3]/C
High Pulse Width  Slow    FDRE/C              n/a            0.500         81.380      80.880     SLICE_X10Y54  gen_lutram_stage23.u_interp2_stage23_lutram_cic_dsp_ce/job_active_reg/C
High Pulse Width  Fast    FDRE/C              n/a            0.500         81.380      80.880     SLICE_X10Y54  gen_lutram_stage23.u_interp2_stage23_lutram_cic_dsp_ce/job_active_reg/C
High Pulse Width  Slow    FDRE/C              n/a            0.500         81.380      80.880     SLICE_X10Y55  gen_lutram_stage23.u_interp2_stage23_lutram_cic_dsp_ce/job_history_full_reg/C
High Pulse Width  Fast    FDRE/C              n/a            0.500         81.380      80.880     SLICE_X10Y55  gen_lutram_stage23.u_interp2_stage23_lutram_cic_dsp_ce/job_history_full_reg/C
High Pulse Width  Slow    FDRE/C              n/a            0.500         81.380      80.880     SLICE_X11Y54  gen_lutram_stage23.u_interp2_stage23_lutram_cic_dsp_ce/job_history_head_reg[0]/C
High Pulse Width  Fast    FDRE/C              n/a            0.500         81.380      80.880     SLICE_X11Y54  gen_lutram_stage23.u_interp2_stage23_lutram_cic_dsp_ce/job_history_head_reg[0]/C
High Pulse Width  Slow    FDRE/C              n/a            0.500         81.380      80.880     SLICE_X11Y54  gen_lutram_stage23.u_interp2_stage23_lutram_cic_dsp_ce/job_history_head_reg[1]/C
High Pulse Width  Fast    FDRE/C              n/a            0.500         81.380      80.880     SLICE_X11Y54  gen_lutram_stage23.u_interp2_stage23_lutram_cic_dsp_ce/job_history_head_reg[1]/C
High Pulse Width  Slow    FDRE/C              n/a            0.500         81.380      80.880     SLICE_X11Y54  gen_lutram_stage23.u_interp2_stage23_lutram_cic_dsp_ce/job_history_head_reg[2]/C
High Pulse Width  Fast    FDRE/C              n/a            0.500         81.380      80.880     SLICE_X11Y54  gen_lutram_stage23.u_interp2_stage23_lutram_cic_dsp_ce/job_history_head_reg[2]/C
High Pulse Width  Slow    FDRE/C              n/a            0.500         81.380      80.880     SLICE_X10Y55  gen_lutram_stage23.u_interp2_stage23_lutram_cic_dsp_ce/job_history_head_reg[3]/C
High Pulse Width  Fast    FDRE/C              n/a            0.500         81.380      80.880     SLICE_X10Y55  gen_lutram_stage23.u_interp2_stage23_lutram_cic_dsp_ce/job_history_head_reg[3]/C
High Pulse Width  Slow    FDRE/C              n/a            0.500         81.380      80.880     SLICE_X9Y55   gen_lutram_stage23.u_interp2_stage23_lutram_cic_dsp_ce/job_mac_index_reg[0]/C
High Pulse Width  Fast    FDRE/C              n/a            0.500         81.380      80.880     SLICE_X9Y55   gen_lutram_stage23.u_interp2_stage23_lutram_cic_dsp_ce/job_mac_index_reg[0]/C
High Pulse Width  Slow    FDRE/C              n/a            0.500         81.380      80.880     SLICE_X9Y55   gen_lutram_stage23.u_interp2_stage23_lutram_cic_dsp_ce/job_mac_index_reg[1]/C
High Pulse Width  Fast    FDRE/C              n/a            0.500         81.380      80.880     SLICE_X9Y55   gen_lutram_stage23.u_interp2_stage23_lutram_cic_dsp_ce/job_mac_index_reg[1]/C
High Pulse Width  Slow    FDRE/C              n/a            0.500         81.380      80.880     SLICE_X9Y55   gen_lutram_stage23.u_interp2_stage23_lutram_cic_dsp_ce/job_mac_index_reg[2]/C
High Pulse Width  Fast    FDRE/C              n/a            0.500         81.380      80.880     SLICE_X9Y55   gen_lutram_stage23.u_interp2_stage23_lutram_cic_dsp_ce/job_mac_index_reg[2]/C
High Pulse Width  Slow    FDRE/C              n/a            0.500         81.380      80.880     SLICE_X9Y55   gen_lutram_stage23.u_interp2_stage23_lutram_cic_dsp_ce/job_mac_index_reg[3]/C
High Pulse Width  Fast    FDRE/C              n/a            0.500         81.380      80.880     SLICE_X9Y55   gen_lutram_stage23.u_interp2_stage23_lutram_cic_dsp_ce/job_mac_index_reg[3]/C



