Copyright 1986-2022 Xilinx, Inc. All Rights Reserved. Copyright 2022-2025 Advanced Micro Devices, Inc. All Rights Reserved.
---------------------------------------------------------------------------------------------------------------------------------------------------------------------------------------------------------------------------------------------------------------------
| Tool Version : Vivado v.2025.2 (win64) Build 6299465 Fri Nov 14 19:35:11 GMT 2025
| Date         : Wed Aug 12 23:35:22 2026
| Host         : LAPTOP-476JT8H0 running 64-bit major release  (build 9200)
| Command      : report_timing_summary -delay_type min_max -max_paths 20 -file D:/FpgaProject/XilinxProject/XC7A35T/fir_interpolation/submit/finally/images/work/resource_compare_218_239/matched_ooc/results/lut239_mode1/timing_post_route_with_ooc_boundaries.rpt
| Design       : interp128_all2x_v7_folded_fir_cic_top_ce
| Device       : 7a35t-fgg484
| Speed File   : -2  PRODUCTION 1.23 2018-06-13
| Design State : Routed
---------------------------------------------------------------------------------------------------------------------------------------------------------------------------------------------------------------------------------------------------------------------

Timing Summary Report

------------------------------------------------------------------------------------------------
| Timer Settings
| --------------
------------------------------------------------------------------------------------------------

  Enable Multi Corner Analysis               :  Yes
  Enable Pessimism Removal                   :  Yes
  Pessimism Removal Resolution               :  Nearest Common Node
  Enable Input Delay Default Clock           :  No
  Enable Preset / Clear Arcs                 :  No
  Disable Flight Delays                      :  No
  Ignore I/O Paths                           :  No
  Timing Early Launch at Borrowing Latches   :  No
  Borrow Time for Max Delay Exceptions       :  Yes
  Merge Timing Exceptions                    :  Yes
  Inter-SLR Compensation                     :  Conservative

  Corner  Analyze    Analyze    
  Name    Max Paths  Min Paths  
  ------  ---------  ---------  
  Slow    Yes        Yes        
  Fast    Yes        Yes        


------------------------------------------------------------------------------------------------
| Report Methodology
| ------------------
------------------------------------------------------------------------------------------------

No report available as report_methodology has not been run prior. Run report_methodology on the current design for the summary of methodology violations.



check_timing report

Table of Contents
-----------------
1. checking no_clock (0)
2. checking constant_clock (0)
3. checking pulse_width_clock (0)
4. checking unconstrained_internal_endpoints (0)
5. checking no_input_delay (5)
6. checking no_output_delay (0)
7. checking multiple_clock (0)
8. checking generated_clocks (0)
9. checking loops (0)
10. checking partial_input_delay (0)
11. checking partial_output_delay (0)
12. checking latch_loops (0)

1. checking no_clock (0)
------------------------
 There are 0 register/latch pins with no clock.


2. checking constant_clock (0)
------------------------------
 There are 0 register/latch pins with constant_clock.


3. checking pulse_width_clock (0)
---------------------------------
 There are 0 register/latch pins which need pulse_width check


4. checking unconstrained_internal_endpoints (0)
------------------------------------------------
 There are 0 pins that are not constrained for maximum delay.

 There are 0 pins that are not constrained for maximum delay due to constant clock.


5. checking no_input_delay (5)
------------------------------
 There are 4 input ports with no input delay specified. (HIGH)

 There is 1 input port with no input delay but user has a false path constraint. (MEDIUM)


6. checking no_output_delay (0)
-------------------------------
 There are 0 ports with no output delay specified.

 There are 0 ports with no output delay but user has a false path constraint

 There are 0 ports with no output delay but with a timing clock defined on it or propagating through it


7. checking multiple_clock (0)
------------------------------
 There are 0 register/latch pins with multiple clocks.


8. checking generated_clocks (0)
--------------------------------
 There are 0 generated clocks that are not connected to a clock source.


9. checking loops (0)
---------------------
 There are 0 combinational loops in the design.


10. checking partial_input_delay (0)
------------------------------------
 There are 0 input ports with partial input delay specified.


11. checking partial_output_delay (0)
-------------------------------------
 There are 0 ports with partial output delay specified.


12. checking latch_loops (0)
----------------------------
 There are 0 combinational latch loops in the design through latch input



------------------------------------------------------------------------------------------------
| Design Timing Summary
| ---------------------
------------------------------------------------------------------------------------------------

    WNS(ns)      TNS(ns)  TNS Failing Endpoints  TNS Total Endpoints      WHS(ns)      THS(ns)  THS Failing Endpoints  THS Total Endpoints     WPWS(ns)     TPWS(ns)  TPWS Failing Endpoints  TPWS Total Endpoints  
    -------      -------  ---------------------  -------------------      -------      -------  ---------------------  -------------------     --------     --------  ----------------------  --------------------  
    151.611        0.000                      0                  989       -0.845       -0.845                      1                  989       80.880        0.000                       0                   310  


Timing constraints are not met.


------------------------------------------------------------------------------------------------
| Clock Summary
| -------------
------------------------------------------------------------------------------------------------

Clock           Waveform(ns)         Period(ns)      Frequency(MHz)
-----           ------------         ----------      --------------
core_clk_6m144  {0.000 81.380}       162.760         6.144           


------------------------------------------------------------------------------------------------
| Intra Clock Table
| -----------------
------------------------------------------------------------------------------------------------

Clock               WNS(ns)      TNS(ns)  TNS Failing Endpoints  TNS Total Endpoints      WHS(ns)      THS(ns)  THS Failing Endpoints  THS Total Endpoints     WPWS(ns)     TPWS(ns)  TPWS Failing Endpoints  TPWS Total Endpoints  
-----               -------      -------  ---------------------  -------------------      -------      -------  ---------------------  -------------------     --------     --------  ----------------------  --------------------  
core_clk_6m144      151.611        0.000                      0                  989       -0.845       -0.845                      1                  989       80.880        0.000                       0                   310  


------------------------------------------------------------------------------------------------
| Inter Clock Table
| -----------------
------------------------------------------------------------------------------------------------

From Clock    To Clock          WNS(ns)      TNS(ns)  TNS Failing Endpoints  TNS Total Endpoints      WHS(ns)      THS(ns)  THS Failing Endpoints  THS Total Endpoints  
----------    --------          -------      -------  ---------------------  -------------------      -------      -------  ---------------------  -------------------  


------------------------------------------------------------------------------------------------
| Other Path Groups Table
| -----------------------
------------------------------------------------------------------------------------------------

Path Group    From Clock    To Clock          WNS(ns)      TNS(ns)  TNS Failing Endpoints  TNS Total Endpoints      WHS(ns)      THS(ns)  THS Failing Endpoints  THS Total Endpoints  
----------    ----------    --------          -------      -------  ---------------------  -------------------      -------      -------  ---------------------  -------------------  


------------------------------------------------------------------------------------------------
| Timing Details
| --------------
------------------------------------------------------------------------------------------------


---------------------------------------------------------------------------------------------------
From Clock:  core_clk_6m144
  To Clock:  core_clk_6m144

Setup :            0  Failing Endpoints,  Worst Slack      151.611ns,  Total Violation        0.000ns
Hold  :            1  Failing Endpoint ,  Worst Slack       -0.845ns,  Total Violation       -0.845ns
PW    :            0  Failing Endpoints,  Worst Slack       80.880ns,  Total Violation        0.000ns
---------------------------------------------------------------------------------------------------


Max Delay Paths
--------------------------------------------------------------------------------------
Slack (MET) :             151.611ns  (required time - arrival time)
  Source:                 gen_serial_cic_comb.u_cic_interp16_serial_comb_dsp_ce/burst_remaining_reg[0]/C
                            (rising edge-triggered cell FDRE clocked by core_clk_6m144  {rise@0.000ns fall@81.380ns period=162.760ns})
  Destination:            gen_serial_cic_comb.u_cic_interp16_serial_comb_dsp_ce/y_out_reg[0]/D
                            (rising edge-triggered cell FDRE clocked by core_clk_6m144  {rise@0.000ns fall@81.380ns period=162.760ns})
  Path Group:             core_clk_6m144
  Path Type:              Setup (Max at Slow Process Corner)
  Requirement:            162.760ns  (core_clk_6m144 rise@162.760ns - core_clk_6m144 rise@0.000ns)
  Data Path Delay:        11.107ns  (logic 5.021ns (45.206%)  route 6.086ns (54.794%))
  Logic Levels:           18  (CARRY4=12 DSP48E1=1 LUT3=1 LUT4=2 LUT5=1 LUT6=1)
  Clock Path Skew:        -0.037ns (DCD - SCD + CPR)
    Destination Clock Delay (DCD):    1.248ns = ( 164.008 - 162.760 ) 
    Source Clock Delay      (SCD):    1.350ns
    Clock Pessimism Removal (CPR):    0.065ns
  Clock Uncertainty:      0.035ns  ((TSJ^2 + TIJ^2)^1/2 + DJ) / 2 + PE
    Total System Jitter     (TSJ):    0.071ns
    Total Input Jitter      (TIJ):    0.000ns
    Discrete Jitter          (DJ):    0.000ns
    Phase Error              (PE):    0.000ns

    Location             Delay type                Incr(ns)  Path(ns)    Netlist Resource(s)
  -------------------------------------------------------------------    -------------------
                         (clock core_clk_6m144 rise edge)
                                                      0.000     0.000 r  
                                                      0.000     0.000 r  clk (IN)
                         net (fo=310, unset)          1.350     1.350    clk
    SLICE_X41Y59         FDRE                                         r  gen_serial_cic_comb.u_cic_interp16_serial_comb_dsp_ce/burst_remaining_reg[0]/C
  -------------------------------------------------------------------    -------------------
    SLICE_X41Y59         FDRE (Prop_fdre_C_Q)         0.379     1.729 f  gen_serial_cic_comb.u_cic_interp16_serial_comb_dsp_ce/burst_remaining_reg[0]/Q
                         net (fo=6, routed)           0.716     2.445    gen_serial_cic_comb.u_cic_interp16_serial_comb_dsp_ce/burst_remaining_reg_n_0_[0]
    SLICE_X41Y59         LUT6 (Prop_lut6_I2_O)        0.105     2.550 r  interp128_all2x_LUT6/O
                         net (fo=51, routed)          1.079     3.628    interp128_all2x_net
    SLICE_X38Y56         LUT4 (Prop_lut4_I3_O)        0.105     3.733 r  interp128_all2x_LUT4_30/O
                         net (fo=2, routed)           0.811     4.544    integrator_state[4]_i_3_n_0
    SLICE_X45Y56         CARRY4 (Prop_carry4_S[2]_CO[3])
                                                      0.437     4.981 r  gen_serial_cic_comb.u_cic_interp16_serial_comb_dsp_ce/gen_first_integrator_carry.first_integrator_sum_carry__0/CO[3]
                         net (fo=1, routed)           0.000     4.981    gen_serial_cic_comb.u_cic_interp16_serial_comb_dsp_ce/gen_first_integrator_carry.first_integrator_sum_carry__0_n_0
    SLICE_X45Y57         CARRY4 (Prop_carry4_CI_CO[3])
                                                      0.098     5.079 r  gen_serial_cic_comb.u_cic_interp16_serial_comb_dsp_ce/gen_first_integrator_carry.first_integrator_sum_carry__1/CO[3]
                         net (fo=1, routed)           0.000     5.079    gen_serial_cic_comb.u_cic_interp16_serial_comb_dsp_ce/gen_first_integrator_carry.first_integrator_sum_carry__1_n_0
    SLICE_X45Y58         CARRY4 (Prop_carry4_CI_CO[3])
                                                      0.098     5.177 r  gen_serial_cic_comb.u_cic_interp16_serial_comb_dsp_ce/gen_first_integrator_carry.first_integrator_sum_carry__2/CO[3]
                         net (fo=1, routed)           0.000     5.177    gen_serial_cic_comb.u_cic_interp16_serial_comb_dsp_ce/gen_first_integrator_carry.first_integrator_sum_carry__2_n_0
    SLICE_X45Y59         CARRY4 (Prop_carry4_CI_CO[3])
                                                      0.098     5.275 r  gen_serial_cic_comb.u_cic_interp16_serial_comb_dsp_ce/gen_first_integrator_carry.first_integrator_sum_carry__3/CO[3]
                         net (fo=1, routed)           0.000     5.275    gen_serial_cic_comb.u_cic_interp16_serial_comb_dsp_ce/gen_first_integrator_carry.first_integrator_sum_carry__3_n_0
    SLICE_X45Y60         CARRY4 (Prop_carry4_CI_CO[3])
                                                      0.098     5.373 r  gen_serial_cic_comb.u_cic_interp16_serial_comb_dsp_ce/gen_first_integrator_carry.first_integrator_sum_carry__4/CO[3]
                         net (fo=1, routed)           0.000     5.373    gen_serial_cic_comb.u_cic_interp16_serial_comb_dsp_ce/gen_first_integrator_carry.first_integrator_sum_carry__4_n_0
    SLICE_X45Y61         CARRY4 (Prop_carry4_CI_O[1])
                                                      0.265     5.638 r  gen_serial_cic_comb.u_cic_interp16_serial_comb_dsp_ce/gen_first_integrator_carry.first_integrator_sum_carry__5/O[1]
                         net (fo=23, routed)          1.020     6.658    final_input_rounded[25]
    DSP48_X1Y22          DSP48E1 (Prop_dsp48e1_A[23]_P[2])
                                                      1.889     8.547 f  gen_serial_cic_comb.u_cic_interp16_serial_comb_dsp_ce/gen_final_integrator_dsp.final_integrator_sum/P[2]
                         net (fo=2, routed)           0.814     9.362    gen_serial_cic_comb.u_cic_interp16_serial_comb_dsp_ce/gen_final_integrator_dsp.final_integrator_sum_n_103
    SLICE_X54Y55         LUT3 (Prop_lut3_I1_O)        0.105     9.467 r  interp128_all2x_LUT3_27/O
                         net (fo=1, routed)           0.473     9.939    interp128_all2x_net_19
    SLICE_X54Y56         LUT5 (Prop_lut5_I4_O)        0.105    10.044 r  interp128_all2x_LUT5_26/O
                         net (fo=1, routed)           0.000    10.044    rounded_value_carry_i_1__0_n_0
    SLICE_X54Y56         CARRY4 (Prop_carry4_S[0]_CO[3])
                                                      0.423    10.467 r  gen_serial_cic_comb.u_cic_interp16_serial_comb_dsp_ce/u_round_cic_normalized_output/rounded_value_carry/CO[3]
                         net (fo=1, routed)           0.000    10.467    gen_serial_cic_comb.u_cic_interp16_serial_comb_dsp_ce/u_round_cic_normalized_output/rounded_value_carry_n_0
    SLICE_X54Y57         CARRY4 (Prop_carry4_CI_CO[3])
                                                      0.100    10.567 r  gen_serial_cic_comb.u_cic_interp16_serial_comb_dsp_ce/u_round_cic_normalized_output/rounded_value_carry__0/CO[3]
                         net (fo=1, routed)           0.000    10.567    gen_serial_cic_comb.u_cic_interp16_serial_comb_dsp_ce/u_round_cic_normalized_output/rounded_value_carry__0_n_0
    SLICE_X54Y58         CARRY4 (Prop_carry4_CI_CO[3])
                                                      0.100    10.667 r  gen_serial_cic_comb.u_cic_interp16_serial_comb_dsp_ce/u_round_cic_normalized_output/rounded_value_carry__1/CO[3]
                         net (fo=1, routed)           0.000    10.667    gen_serial_cic_comb.u_cic_interp16_serial_comb_dsp_ce/u_round_cic_normalized_output/rounded_value_carry__1_n_0
    SLICE_X54Y59         CARRY4 (Prop_carry4_CI_CO[3])
                                                      0.100    10.767 r  gen_serial_cic_comb.u_cic_interp16_serial_comb_dsp_ce/u_round_cic_normalized_output/rounded_value_carry__2/CO[3]
                         net (fo=1, routed)           0.000    10.767    gen_serial_cic_comb.u_cic_interp16_serial_comb_dsp_ce/u_round_cic_normalized_output/rounded_value_carry__2_n_0
    SLICE_X54Y60         CARRY4 (Prop_carry4_CI_CO[3])
                                                      0.100    10.867 r  gen_serial_cic_comb.u_cic_interp16_serial_comb_dsp_ce/u_round_cic_normalized_output/rounded_value_carry__3/CO[3]
                         net (fo=1, routed)           0.000    10.867    gen_serial_cic_comb.u_cic_interp16_serial_comb_dsp_ce/u_round_cic_normalized_output/rounded_value_carry__3_n_0
    SLICE_X54Y61         CARRY4 (Prop_carry4_CI_O[0])
                                                      0.178    11.045 r  gen_serial_cic_comb.u_cic_interp16_serial_comb_dsp_ce/u_round_cic_normalized_output/rounded_value_carry__4/O[0]
                         net (fo=19, routed)          1.174    12.219    gen_serial_cic_comb.u_cic_interp16_serial_comb_dsp_ce/u_round_cic_normalized_output/rounded_value_carry__4_n_7
    SLICE_X55Y56         LUT4 (Prop_lut4_I1_O)        0.238    12.457 r  y_out[0]_i_1__0/O
                         net (fo=1, routed)           0.000    12.457    normalized_output[0]
    SLICE_X55Y56         FDRE                                         r  gen_serial_cic_comb.u_cic_interp16_serial_comb_dsp_ce/y_out_reg[0]/D
  -------------------------------------------------------------------    -------------------

                         (clock core_clk_6m144 rise edge)
                                                    162.760   162.760 r  
                                                      0.000   162.760 r  clk (IN)
                         net (fo=310, unset)          1.248   164.008    clk
    SLICE_X55Y56         FDRE                                         r  gen_serial_cic_comb.u_cic_interp16_serial_comb_dsp_ce/y_out_reg[0]/C
                         clock pessimism              0.065   164.073    
                         clock uncertainty           -0.035   164.038    
    SLICE_X55Y56         FDRE (Setup_fdre_C_D)        0.030   164.068    gen_serial_cic_comb.u_cic_interp16_serial_comb_dsp_ce/y_out_reg[0]
  -------------------------------------------------------------------
                         required time                        164.068    
                         arrival time                         -12.457    
  -------------------------------------------------------------------
                         slack                                151.611    

Slack (MET) :             151.613ns  (required time - arrival time)
  Source:                 gen_serial_cic_comb.u_cic_interp16_serial_comb_dsp_ce/burst_remaining_reg[0]/C
                            (rising edge-triggered cell FDRE clocked by core_clk_6m144  {rise@0.000ns fall@81.380ns period=162.760ns})
  Destination:            gen_serial_cic_comb.u_cic_interp16_serial_comb_dsp_ce/y_out_reg[1]/D
                            (rising edge-triggered cell FDRE clocked by core_clk_6m144  {rise@0.000ns fall@81.380ns period=162.760ns})
  Path Group:             core_clk_6m144
  Path Type:              Setup (Max at Slow Process Corner)
  Requirement:            162.760ns  (core_clk_6m144 rise@162.760ns - core_clk_6m144 rise@0.000ns)
  Data Path Delay:        11.107ns  (logic 5.021ns (45.206%)  route 6.086ns (54.794%))
  Logic Levels:           18  (CARRY4=12 DSP48E1=1 LUT3=1 LUT4=2 LUT5=1 LUT6=1)
  Clock Path Skew:        -0.037ns (DCD - SCD + CPR)
    Destination Clock Delay (DCD):    1.248ns = ( 164.008 - 162.760 ) 
    Source Clock Delay      (SCD):    1.350ns
    Clock Pessimism Removal (CPR):    0.065ns
  Clock Uncertainty:      0.035ns  ((TSJ^2 + TIJ^2)^1/2 + DJ) / 2 + PE
    Total System Jitter     (TSJ):    0.071ns
    Total Input Jitter      (TIJ):    0.000ns
    Discrete Jitter          (DJ):    0.000ns
    Phase Error              (PE):    0.000ns

    Location             Delay type                Incr(ns)  Path(ns)    Netlist Resource(s)
  -------------------------------------------------------------------    -------------------
                         (clock core_clk_6m144 rise edge)
                                                      0.000     0.000 r  
                                                      0.000     0.000 r  clk (IN)
                         net (fo=310, unset)          1.350     1.350    clk
    SLICE_X41Y59         FDRE                                         r  gen_serial_cic_comb.u_cic_interp16_serial_comb_dsp_ce/burst_remaining_reg[0]/C
  -------------------------------------------------------------------    -------------------
    SLICE_X41Y59         FDRE (Prop_fdre_C_Q)         0.379     1.729 f  gen_serial_cic_comb.u_cic_interp16_serial_comb_dsp_ce/burst_remaining_reg[0]/Q
                         net (fo=6, routed)           0.716     2.445    gen_serial_cic_comb.u_cic_interp16_serial_comb_dsp_ce/burst_remaining_reg_n_0_[0]
    SLICE_X41Y59         LUT6 (Prop_lut6_I2_O)        0.105     2.550 r  interp128_all2x_LUT6/O
                         net (fo=51, routed)          1.079     3.628    interp128_all2x_net
    SLICE_X38Y56         LUT4 (Prop_lut4_I3_O)        0.105     3.733 r  interp128_all2x_LUT4_30/O
                         net (fo=2, routed)           0.811     4.544    integrator_state[4]_i_3_n_0
    SLICE_X45Y56         CARRY4 (Prop_carry4_S[2]_CO[3])
                                                      0.437     4.981 r  gen_serial_cic_comb.u_cic_interp16_serial_comb_dsp_ce/gen_first_integrator_carry.first_integrator_sum_carry__0/CO[3]
                         net (fo=1, routed)           0.000     4.981    gen_serial_cic_comb.u_cic_interp16_serial_comb_dsp_ce/gen_first_integrator_carry.first_integrator_sum_carry__0_n_0
    SLICE_X45Y57         CARRY4 (Prop_carry4_CI_CO[3])
                                                      0.098     5.079 r  gen_serial_cic_comb.u_cic_interp16_serial_comb_dsp_ce/gen_first_integrator_carry.first_integrator_sum_carry__1/CO[3]
                         net (fo=1, routed)           0.000     5.079    gen_serial_cic_comb.u_cic_interp16_serial_comb_dsp_ce/gen_first_integrator_carry.first_integrator_sum_carry__1_n_0
    SLICE_X45Y58         CARRY4 (Prop_carry4_CI_CO[3])
                                                      0.098     5.177 r  gen_serial_cic_comb.u_cic_interp16_serial_comb_dsp_ce/gen_first_integrator_carry.first_integrator_sum_carry__2/CO[3]
                         net (fo=1, routed)           0.000     5.177    gen_serial_cic_comb.u_cic_interp16_serial_comb_dsp_ce/gen_first_integrator_carry.first_integrator_sum_carry__2_n_0
    SLICE_X45Y59         CARRY4 (Prop_carry4_CI_CO[3])
                                                      0.098     5.275 r  gen_serial_cic_comb.u_cic_interp16_serial_comb_dsp_ce/gen_first_integrator_carry.first_integrator_sum_carry__3/CO[3]
                         net (fo=1, routed)           0.000     5.275    gen_serial_cic_comb.u_cic_interp16_serial_comb_dsp_ce/gen_first_integrator_carry.first_integrator_sum_carry__3_n_0
    SLICE_X45Y60         CARRY4 (Prop_carry4_CI_CO[3])
                                                      0.098     5.373 r  gen_serial_cic_comb.u_cic_interp16_serial_comb_dsp_ce/gen_first_integrator_carry.first_integrator_sum_carry__4/CO[3]
                         net (fo=1, routed)           0.000     5.373    gen_serial_cic_comb.u_cic_interp16_serial_comb_dsp_ce/gen_first_integrator_carry.first_integrator_sum_carry__4_n_0
    SLICE_X45Y61         CARRY4 (Prop_carry4_CI_O[1])
                                                      0.265     5.638 r  gen_serial_cic_comb.u_cic_interp16_serial_comb_dsp_ce/gen_first_integrator_carry.first_integrator_sum_carry__5/O[1]
                         net (fo=23, routed)          1.020     6.658    final_input_rounded[25]
    DSP48_X1Y22          DSP48E1 (Prop_dsp48e1_A[23]_P[2])
                                                      1.889     8.547 f  gen_serial_cic_comb.u_cic_interp16_serial_comb_dsp_ce/gen_final_integrator_dsp.final_integrator_sum/P[2]
                         net (fo=2, routed)           0.814     9.362    gen_serial_cic_comb.u_cic_interp16_serial_comb_dsp_ce/gen_final_integrator_dsp.final_integrator_sum_n_103
    SLICE_X54Y55         LUT3 (Prop_lut3_I1_O)        0.105     9.467 r  interp128_all2x_LUT3_27/O
                         net (fo=1, routed)           0.473     9.939    interp128_all2x_net_19
    SLICE_X54Y56         LUT5 (Prop_lut5_I4_O)        0.105    10.044 r  interp128_all2x_LUT5_26/O
                         net (fo=1, routed)           0.000    10.044    rounded_value_carry_i_1__0_n_0
    SLICE_X54Y56         CARRY4 (Prop_carry4_S[0]_CO[3])
                                                      0.423    10.467 r  gen_serial_cic_comb.u_cic_interp16_serial_comb_dsp_ce/u_round_cic_normalized_output/rounded_value_carry/CO[3]
                         net (fo=1, routed)           0.000    10.467    gen_serial_cic_comb.u_cic_interp16_serial_comb_dsp_ce/u_round_cic_normalized_output/rounded_value_carry_n_0
    SLICE_X54Y57         CARRY4 (Prop_carry4_CI_CO[3])
                                                      0.100    10.567 r  gen_serial_cic_comb.u_cic_interp16_serial_comb_dsp_ce/u_round_cic_normalized_output/rounded_value_carry__0/CO[3]
                         net (fo=1, routed)           0.000    10.567    gen_serial_cic_comb.u_cic_interp16_serial_comb_dsp_ce/u_round_cic_normalized_output/rounded_value_carry__0_n_0
    SLICE_X54Y58         CARRY4 (Prop_carry4_CI_CO[3])
                                                      0.100    10.667 r  gen_serial_cic_comb.u_cic_interp16_serial_comb_dsp_ce/u_round_cic_normalized_output/rounded_value_carry__1/CO[3]
                         net (fo=1, routed)           0.000    10.667    gen_serial_cic_comb.u_cic_interp16_serial_comb_dsp_ce/u_round_cic_normalized_output/rounded_value_carry__1_n_0
    SLICE_X54Y59         CARRY4 (Prop_carry4_CI_CO[3])
                                                      0.100    10.767 r  gen_serial_cic_comb.u_cic_interp16_serial_comb_dsp_ce/u_round_cic_normalized_output/rounded_value_carry__2/CO[3]
                         net (fo=1, routed)           0.000    10.767    gen_serial_cic_comb.u_cic_interp16_serial_comb_dsp_ce/u_round_cic_normalized_output/rounded_value_carry__2_n_0
    SLICE_X54Y60         CARRY4 (Prop_carry4_CI_CO[3])
                                                      0.100    10.867 r  gen_serial_cic_comb.u_cic_interp16_serial_comb_dsp_ce/u_round_cic_normalized_output/rounded_value_carry__3/CO[3]
                         net (fo=1, routed)           0.000    10.867    gen_serial_cic_comb.u_cic_interp16_serial_comb_dsp_ce/u_round_cic_normalized_output/rounded_value_carry__3_n_0
    SLICE_X54Y61         CARRY4 (Prop_carry4_CI_O[0])
                                                      0.178    11.045 r  gen_serial_cic_comb.u_cic_interp16_serial_comb_dsp_ce/u_round_cic_normalized_output/rounded_value_carry__4/O[0]
                         net (fo=19, routed)          1.174    12.219    gen_serial_cic_comb.u_cic_interp16_serial_comb_dsp_ce/u_round_cic_normalized_output/rounded_value_carry__4_n_7
    SLICE_X55Y56         LUT4 (Prop_lut4_I1_O)        0.238    12.457 r  y_out[1]_i_1__0/O
                         net (fo=1, routed)           0.000    12.457    normalized_output[1]
    SLICE_X55Y56         FDRE                                         r  gen_serial_cic_comb.u_cic_interp16_serial_comb_dsp_ce/y_out_reg[1]/D
  -------------------------------------------------------------------    -------------------

                         (clock core_clk_6m144 rise edge)
                                                    162.760   162.760 r  
                                                      0.000   162.760 r  clk (IN)
                         net (fo=310, unset)          1.248   164.008    clk
    SLICE_X55Y56         FDRE                                         r  gen_serial_cic_comb.u_cic_interp16_serial_comb_dsp_ce/y_out_reg[1]/C
                         clock pessimism              0.065   164.073    
                         clock uncertainty           -0.035   164.038    
    SLICE_X55Y56         FDRE (Setup_fdre_C_D)        0.032   164.070    gen_serial_cic_comb.u_cic_interp16_serial_comb_dsp_ce/y_out_reg[1]
  -------------------------------------------------------------------
                         required time                        164.070    
                         arrival time                         -12.457    
  -------------------------------------------------------------------
                         slack                                151.613    

Slack (MET) :             151.636ns  (required time - arrival time)
  Source:                 gen_serial_cic_comb.u_cic_interp16_serial_comb_dsp_ce/burst_remaining_reg[0]/C
                            (rising edge-triggered cell FDRE clocked by core_clk_6m144  {rise@0.000ns fall@81.380ns period=162.760ns})
  Destination:            gen_serial_cic_comb.u_cic_interp16_serial_comb_dsp_ce/y_out_reg[2]/D
                            (rising edge-triggered cell FDRE clocked by core_clk_6m144  {rise@0.000ns fall@81.380ns period=162.760ns})
  Path Group:             core_clk_6m144
  Path Type:              Setup (Max at Slow Process Corner)
  Requirement:            162.760ns  (core_clk_6m144 rise@162.760ns - core_clk_6m144 rise@0.000ns)
  Data Path Delay:        11.121ns  (logic 5.035ns (45.275%)  route 6.086ns (54.725%))
  Logic Levels:           18  (CARRY4=12 DSP48E1=1 LUT3=1 LUT4=2 LUT5=1 LUT6=1)
  Clock Path Skew:        -0.037ns (DCD - SCD + CPR)
    Destination Clock Delay (DCD):    1.248ns = ( 164.008 - 162.760 ) 
    Source Clock Delay      (SCD):    1.350ns
    Clock Pessimism Removal (CPR):    0.065ns
  Clock Uncertainty:      0.035ns  ((TSJ^2 + TIJ^2)^1/2 + DJ) / 2 + PE
    Total System Jitter     (TSJ):    0.071ns
    Total Input Jitter      (TIJ):    0.000ns
    Discrete Jitter          (DJ):    0.000ns
    Phase Error              (PE):    0.000ns

    Location             Delay type                Incr(ns)  Path(ns)    Netlist Resource(s)
  -------------------------------------------------------------------    -------------------
                         (clock core_clk_6m144 rise edge)
                                                      0.000     0.000 r  
                                                      0.000     0.000 r  clk (IN)
                         net (fo=310, unset)          1.350     1.350    clk
    SLICE_X41Y59         FDRE                                         r  gen_serial_cic_comb.u_cic_interp16_serial_comb_dsp_ce/burst_remaining_reg[0]/C
  -------------------------------------------------------------------    -------------------
    SLICE_X41Y59         FDRE (Prop_fdre_C_Q)         0.379     1.729 f  gen_serial_cic_comb.u_cic_interp16_serial_comb_dsp_ce/burst_remaining_reg[0]/Q
                         net (fo=6, routed)           0.716     2.445    gen_serial_cic_comb.u_cic_interp16_serial_comb_dsp_ce/burst_remaining_reg_n_0_[0]
    SLICE_X41Y59         LUT6 (Prop_lut6_I2_O)        0.105     2.550 r  interp128_all2x_LUT6/O
                         net (fo=51, routed)          1.079     3.628    interp128_all2x_net
    SLICE_X38Y56         LUT4 (Prop_lut4_I3_O)        0.105     3.733 r  interp128_all2x_LUT4_30/O
                         net (fo=2, routed)           0.811     4.544    integrator_state[4]_i_3_n_0
    SLICE_X45Y56         CARRY4 (Prop_carry4_S[2]_CO[3])
                                                      0.437     4.981 r  gen_serial_cic_comb.u_cic_interp16_serial_comb_dsp_ce/gen_first_integrator_carry.first_integrator_sum_carry__0/CO[3]
                         net (fo=1, routed)           0.000     4.981    gen_serial_cic_comb.u_cic_interp16_serial_comb_dsp_ce/gen_first_integrator_carry.first_integrator_sum_carry__0_n_0
    SLICE_X45Y57         CARRY4 (Prop_carry4_CI_CO[3])
                                                      0.098     5.079 r  gen_serial_cic_comb.u_cic_interp16_serial_comb_dsp_ce/gen_first_integrator_carry.first_integrator_sum_carry__1/CO[3]
                         net (fo=1, routed)           0.000     5.079    gen_serial_cic_comb.u_cic_interp16_serial_comb_dsp_ce/gen_first_integrator_carry.first_integrator_sum_carry__1_n_0
    SLICE_X45Y58         CARRY4 (Prop_carry4_CI_CO[3])
                                                      0.098     5.177 r  gen_serial_cic_comb.u_cic_interp16_serial_comb_dsp_ce/gen_first_integrator_carry.first_integrator_sum_carry__2/CO[3]
                         net (fo=1, routed)           0.000     5.177    gen_serial_cic_comb.u_cic_interp16_serial_comb_dsp_ce/gen_first_integrator_carry.first_integrator_sum_carry__2_n_0
    SLICE_X45Y59         CARRY4 (Prop_carry4_CI_CO[3])
                                                      0.098     5.275 r  gen_serial_cic_comb.u_cic_interp16_serial_comb_dsp_ce/gen_first_integrator_carry.first_integrator_sum_carry__3/CO[3]
                         net (fo=1, routed)           0.000     5.275    gen_serial_cic_comb.u_cic_interp16_serial_comb_dsp_ce/gen_first_integrator_carry.first_integrator_sum_carry__3_n_0
    SLICE_X45Y60         CARRY4 (Prop_carry4_CI_CO[3])
                                                      0.098     5.373 r  gen_serial_cic_comb.u_cic_interp16_serial_comb_dsp_ce/gen_first_integrator_carry.first_integrator_sum_carry__4/CO[3]
                         net (fo=1, routed)           0.000     5.373    gen_serial_cic_comb.u_cic_interp16_serial_comb_dsp_ce/gen_first_integrator_carry.first_integrator_sum_carry__4_n_0
    SLICE_X45Y61         CARRY4 (Prop_carry4_CI_O[1])
                                                      0.265     5.638 r  gen_serial_cic_comb.u_cic_interp16_serial_comb_dsp_ce/gen_first_integrator_carry.first_integrator_sum_carry__5/O[1]
                         net (fo=23, routed)          1.020     6.658    final_input_rounded[25]
    DSP48_X1Y22          DSP48E1 (Prop_dsp48e1_A[23]_P[2])
                                                      1.889     8.547 f  gen_serial_cic_comb.u_cic_interp16_serial_comb_dsp_ce/gen_final_integrator_dsp.final_integrator_sum/P[2]
                         net (fo=2, routed)           0.814     9.362    gen_serial_cic_comb.u_cic_interp16_serial_comb_dsp_ce/gen_final_integrator_dsp.final_integrator_sum_n_103
    SLICE_X54Y55         LUT3 (Prop_lut3_I1_O)        0.105     9.467 r  interp128_all2x_LUT3_27/O
                         net (fo=1, routed)           0.473     9.939    interp128_all2x_net_19
    SLICE_X54Y56         LUT5 (Prop_lut5_I4_O)        0.105    10.044 r  interp128_all2x_LUT5_26/O
                         net (fo=1, routed)           0.000    10.044    rounded_value_carry_i_1__0_n_0
    SLICE_X54Y56         CARRY4 (Prop_carry4_S[0]_CO[3])
                                                      0.423    10.467 r  gen_serial_cic_comb.u_cic_interp16_serial_comb_dsp_ce/u_round_cic_normalized_output/rounded_value_carry/CO[3]
                         net (fo=1, routed)           0.000    10.467    gen_serial_cic_comb.u_cic_interp16_serial_comb_dsp_ce/u_round_cic_normalized_output/rounded_value_carry_n_0
    SLICE_X54Y57         CARRY4 (Prop_carry4_CI_CO[3])
                                                      0.100    10.567 r  gen_serial_cic_comb.u_cic_interp16_serial_comb_dsp_ce/u_round_cic_normalized_output/rounded_value_carry__0/CO[3]
                         net (fo=1, routed)           0.000    10.567    gen_serial_cic_comb.u_cic_interp16_serial_comb_dsp_ce/u_round_cic_normalized_output/rounded_value_carry__0_n_0
    SLICE_X54Y58         CARRY4 (Prop_carry4_CI_CO[3])
                                                      0.100    10.667 r  gen_serial_cic_comb.u_cic_interp16_serial_comb_dsp_ce/u_round_cic_normalized_output/rounded_value_carry__1/CO[3]
                         net (fo=1, routed)           0.000    10.667    gen_serial_cic_comb.u_cic_interp16_serial_comb_dsp_ce/u_round_cic_normalized_output/rounded_value_carry__1_n_0
    SLICE_X54Y59         CARRY4 (Prop_carry4_CI_CO[3])
                                                      0.100    10.767 r  gen_serial_cic_comb.u_cic_interp16_serial_comb_dsp_ce/u_round_cic_normalized_output/rounded_value_carry__2/CO[3]
                         net (fo=1, routed)           0.000    10.767    gen_serial_cic_comb.u_cic_interp16_serial_comb_dsp_ce/u_round_cic_normalized_output/rounded_value_carry__2_n_0
    SLICE_X54Y60         CARRY4 (Prop_carry4_CI_CO[3])
                                                      0.100    10.867 r  gen_serial_cic_comb.u_cic_interp16_serial_comb_dsp_ce/u_round_cic_normalized_output/rounded_value_carry__3/CO[3]
                         net (fo=1, routed)           0.000    10.867    gen_serial_cic_comb.u_cic_interp16_serial_comb_dsp_ce/u_round_cic_normalized_output/rounded_value_carry__3_n_0
    SLICE_X54Y61         CARRY4 (Prop_carry4_CI_O[0])
                                                      0.178    11.045 r  gen_serial_cic_comb.u_cic_interp16_serial_comb_dsp_ce/u_round_cic_normalized_output/rounded_value_carry__4/O[0]
                         net (fo=19, routed)          1.174    12.219    gen_serial_cic_comb.u_cic_interp16_serial_comb_dsp_ce/u_round_cic_normalized_output/rounded_value_carry__4_n_7
    SLICE_X55Y56         LUT4 (Prop_lut4_I1_O)        0.252    12.471 r  y_out[2]_i_1__0/O
                         net (fo=1, routed)           0.000    12.471    normalized_output[2]
    SLICE_X55Y56         FDRE                                         r  gen_serial_cic_comb.u_cic_interp16_serial_comb_dsp_ce/y_out_reg[2]/D
  -------------------------------------------------------------------    -------------------

                         (clock core_clk_6m144 rise edge)
                                                    162.760   162.760 r  
                                                      0.000   162.760 r  clk (IN)
                         net (fo=310, unset)          1.248   164.008    clk
    SLICE_X55Y56         FDRE                                         r  gen_serial_cic_comb.u_cic_interp16_serial_comb_dsp_ce/y_out_reg[2]/C
                         clock pessimism              0.065   164.073    
                         clock uncertainty           -0.035   164.038    
    SLICE_X55Y56         FDRE (Setup_fdre_C_D)        0.069   164.107    gen_serial_cic_comb.u_cic_interp16_serial_comb_dsp_ce/y_out_reg[2]
  -------------------------------------------------------------------
                         required time                        164.107    
                         arrival time                         -12.471    
  -------------------------------------------------------------------
                         slack                                151.636    

Slack (MET) :             151.727ns  (required time - arrival time)
  Source:                 gen_serial_cic_comb.u_cic_interp16_serial_comb_dsp_ce/burst_remaining_reg[0]/C
                            (rising edge-triggered cell FDRE clocked by core_clk_6m144  {rise@0.000ns fall@81.380ns period=162.760ns})
  Destination:            gen_serial_cic_comb.u_cic_interp16_serial_comb_dsp_ce/y_out_reg[3]/D
                            (rising edge-triggered cell FDRE clocked by core_clk_6m144  {rise@0.000ns fall@81.380ns period=162.760ns})
  Path Group:             core_clk_6m144
  Path Type:              Setup (Max at Slow Process Corner)
  Requirement:            162.760ns  (core_clk_6m144 rise@162.760ns - core_clk_6m144 rise@0.000ns)
  Data Path Delay:        10.991ns  (logic 5.021ns (45.683%)  route 5.970ns (54.317%))
  Logic Levels:           18  (CARRY4=12 DSP48E1=1 LUT3=1 LUT4=2 LUT5=1 LUT6=1)
  Clock Path Skew:        -0.037ns (DCD - SCD + CPR)
    Destination Clock Delay (DCD):    1.248ns = ( 164.008 - 162.760 ) 
    Source Clock Delay      (SCD):    1.350ns
    Clock Pessimism Removal (CPR):    0.065ns
  Clock Uncertainty:      0.035ns  ((TSJ^2 + TIJ^2)^1/2 + DJ) / 2 + PE
    Total System Jitter     (TSJ):    0.071ns
    Total Input Jitter      (TIJ):    0.000ns
    Discrete Jitter          (DJ):    0.000ns
    Phase Error              (PE):    0.000ns

    Location             Delay type                Incr(ns)  Path(ns)    Netlist Resource(s)
  -------------------------------------------------------------------    -------------------
                         (clock core_clk_6m144 rise edge)
                                                      0.000     0.000 r  
                                                      0.000     0.000 r  clk (IN)
                         net (fo=310, unset)          1.350     1.350    clk
    SLICE_X41Y59         FDRE                                         r  gen_serial_cic_comb.u_cic_interp16_serial_comb_dsp_ce/burst_remaining_reg[0]/C
  -------------------------------------------------------------------    -------------------
    SLICE_X41Y59         FDRE (Prop_fdre_C_Q)         0.379     1.729 f  gen_serial_cic_comb.u_cic_interp16_serial_comb_dsp_ce/burst_remaining_reg[0]/Q
                         net (fo=6, routed)           0.716     2.445    gen_serial_cic_comb.u_cic_interp16_serial_comb_dsp_ce/burst_remaining_reg_n_0_[0]
    SLICE_X41Y59         LUT6 (Prop_lut6_I2_O)        0.105     2.550 r  interp128_all2x_LUT6/O
                         net (fo=51, routed)          1.079     3.628    interp128_all2x_net
    SLICE_X38Y56         LUT4 (Prop_lut4_I3_O)        0.105     3.733 r  interp128_all2x_LUT4_30/O
                         net (fo=2, routed)           0.811     4.544    integrator_state[4]_i_3_n_0
    SLICE_X45Y56         CARRY4 (Prop_carry4_S[2]_CO[3])
                                                      0.437     4.981 r  gen_serial_cic_comb.u_cic_interp16_serial_comb_dsp_ce/gen_first_integrator_carry.first_integrator_sum_carry__0/CO[3]
                         net (fo=1, routed)           0.000     4.981    gen_serial_cic_comb.u_cic_interp16_serial_comb_dsp_ce/gen_first_integrator_carry.first_integrator_sum_carry__0_n_0
    SLICE_X45Y57         CARRY4 (Prop_carry4_CI_CO[3])
                                                      0.098     5.079 r  gen_serial_cic_comb.u_cic_interp16_serial_comb_dsp_ce/gen_first_integrator_carry.first_integrator_sum_carry__1/CO[3]
                         net (fo=1, routed)           0.000     5.079    gen_serial_cic_comb.u_cic_interp16_serial_comb_dsp_ce/gen_first_integrator_carry.first_integrator_sum_carry__1_n_0
    SLICE_X45Y58         CARRY4 (Prop_carry4_CI_CO[3])
                                                      0.098     5.177 r  gen_serial_cic_comb.u_cic_interp16_serial_comb_dsp_ce/gen_first_integrator_carry.first_integrator_sum_carry__2/CO[3]
                         net (fo=1, routed)           0.000     5.177    gen_serial_cic_comb.u_cic_interp16_serial_comb_dsp_ce/gen_first_integrator_carry.first_integrator_sum_carry__2_n_0
    SLICE_X45Y59         CARRY4 (Prop_carry4_CI_CO[3])
                                                      0.098     5.275 r  gen_serial_cic_comb.u_cic_interp16_serial_comb_dsp_ce/gen_first_integrator_carry.first_integrator_sum_carry__3/CO[3]
                         net (fo=1, routed)           0.000     5.275    gen_serial_cic_comb.u_cic_interp16_serial_comb_dsp_ce/gen_first_integrator_carry.first_integrator_sum_carry__3_n_0
    SLICE_X45Y60         CARRY4 (Prop_carry4_CI_CO[3])
                                                      0.098     5.373 r  gen_serial_cic_comb.u_cic_interp16_serial_comb_dsp_ce/gen_first_integrator_carry.first_integrator_sum_carry__4/CO[3]
                         net (fo=1, routed)           0.000     5.373    gen_serial_cic_comb.u_cic_interp16_serial_comb_dsp_ce/gen_first_integrator_carry.first_integrator_sum_carry__4_n_0
    SLICE_X45Y61         CARRY4 (Prop_carry4_CI_O[1])
                                                      0.265     5.638 r  gen_serial_cic_comb.u_cic_interp16_serial_comb_dsp_ce/gen_first_integrator_carry.first_integrator_sum_carry__5/O[1]
                         net (fo=23, routed)          1.020     6.658    final_input_rounded[25]
    DSP48_X1Y22          DSP48E1 (Prop_dsp48e1_A[23]_P[2])
                                                      1.889     8.547 f  gen_serial_cic_comb.u_cic_interp16_serial_comb_dsp_ce/gen_final_integrator_dsp.final_integrator_sum/P[2]
                         net (fo=2, routed)           0.814     9.362    gen_serial_cic_comb.u_cic_interp16_serial_comb_dsp_ce/gen_final_integrator_dsp.final_integrator_sum_n_103
    SLICE_X54Y55         LUT3 (Prop_lut3_I1_O)        0.105     9.467 r  interp128_all2x_LUT3_27/O
                         net (fo=1, routed)           0.473     9.939    interp128_all2x_net_19
    SLICE_X54Y56         LUT5 (Prop_lut5_I4_O)        0.105    10.044 r  interp128_all2x_LUT5_26/O
                         net (fo=1, routed)           0.000    10.044    rounded_value_carry_i_1__0_n_0
    SLICE_X54Y56         CARRY4 (Prop_carry4_S[0]_CO[3])
                                                      0.423    10.467 r  gen_serial_cic_comb.u_cic_interp16_serial_comb_dsp_ce/u_round_cic_normalized_output/rounded_value_carry/CO[3]
                         net (fo=1, routed)           0.000    10.467    gen_serial_cic_comb.u_cic_interp16_serial_comb_dsp_ce/u_round_cic_normalized_output/rounded_value_carry_n_0
    SLICE_X54Y57         CARRY4 (Prop_carry4_CI_CO[3])
                                                      0.100    10.567 r  gen_serial_cic_comb.u_cic_interp16_serial_comb_dsp_ce/u_round_cic_normalized_output/rounded_value_carry__0/CO[3]
                         net (fo=1, routed)           0.000    10.567    gen_serial_cic_comb.u_cic_interp16_serial_comb_dsp_ce/u_round_cic_normalized_output/rounded_value_carry__0_n_0
    SLICE_X54Y58         CARRY4 (Prop_carry4_CI_CO[3])
                                                      0.100    10.667 r  gen_serial_cic_comb.u_cic_interp16_serial_comb_dsp_ce/u_round_cic_normalized_output/rounded_value_carry__1/CO[3]
                         net (fo=1, routed)           0.000    10.667    gen_serial_cic_comb.u_cic_interp16_serial_comb_dsp_ce/u_round_cic_normalized_output/rounded_value_carry__1_n_0
    SLICE_X54Y59         CARRY4 (Prop_carry4_CI_CO[3])
                                                      0.100    10.767 r  gen_serial_cic_comb.u_cic_interp16_serial_comb_dsp_ce/u_round_cic_normalized_output/rounded_value_carry__2/CO[3]
                         net (fo=1, routed)           0.000    10.767    gen_serial_cic_comb.u_cic_interp16_serial_comb_dsp_ce/u_round_cic_normalized_output/rounded_value_carry__2_n_0
    SLICE_X54Y60         CARRY4 (Prop_carry4_CI_CO[3])
                                                      0.100    10.867 r  gen_serial_cic_comb.u_cic_interp16_serial_comb_dsp_ce/u_round_cic_normalized_output/rounded_value_carry__3/CO[3]
                         net (fo=1, routed)           0.000    10.867    gen_serial_cic_comb.u_cic_interp16_serial_comb_dsp_ce/u_round_cic_normalized_output/rounded_value_carry__3_n_0
    SLICE_X54Y61         CARRY4 (Prop_carry4_CI_O[0])
                                                      0.178    11.045 r  gen_serial_cic_comb.u_cic_interp16_serial_comb_dsp_ce/u_round_cic_normalized_output/rounded_value_carry__4/O[0]
                         net (fo=19, routed)          1.058    12.103    gen_serial_cic_comb.u_cic_interp16_serial_comb_dsp_ce/u_round_cic_normalized_output/rounded_value_carry__4_n_7
    SLICE_X55Y57         LUT4 (Prop_lut4_I1_O)        0.238    12.341 r  y_out[3]_i_1__0/O
                         net (fo=1, routed)           0.000    12.341    normalized_output[3]
    SLICE_X55Y57         FDRE                                         r  gen_serial_cic_comb.u_cic_interp16_serial_comb_dsp_ce/y_out_reg[3]/D
  -------------------------------------------------------------------    -------------------

                         (clock core_clk_6m144 rise edge)
                                                    162.760   162.760 r  
                                                      0.000   162.760 r  clk (IN)
                         net (fo=310, unset)          1.248   164.008    clk
    SLICE_X55Y57         FDRE                                         r  gen_serial_cic_comb.u_cic_interp16_serial_comb_dsp_ce/y_out_reg[3]/C
                         clock pessimism              0.065   164.073    
                         clock uncertainty           -0.035   164.038    
    SLICE_X55Y57         FDRE (Setup_fdre_C_D)        0.030   164.068    gen_serial_cic_comb.u_cic_interp16_serial_comb_dsp_ce/y_out_reg[3]
  -------------------------------------------------------------------
                         required time                        164.068    
                         arrival time                         -12.341    
  -------------------------------------------------------------------
                         slack                                151.727    

Slack (MET) :             151.729ns  (required time - arrival time)
  Source:                 gen_serial_cic_comb.u_cic_interp16_serial_comb_dsp_ce/burst_remaining_reg[0]/C
                            (rising edge-triggered cell FDRE clocked by core_clk_6m144  {rise@0.000ns fall@81.380ns period=162.760ns})
  Destination:            gen_serial_cic_comb.u_cic_interp16_serial_comb_dsp_ce/y_out_reg[5]/D
                            (rising edge-triggered cell FDRE clocked by core_clk_6m144  {rise@0.000ns fall@81.380ns period=162.760ns})
  Path Group:             core_clk_6m144
  Path Type:              Setup (Max at Slow Process Corner)
  Requirement:            162.760ns  (core_clk_6m144 rise@162.760ns - core_clk_6m144 rise@0.000ns)
  Data Path Delay:        10.991ns  (logic 5.021ns (45.683%)  route 5.970ns (54.317%))
  Logic Levels:           18  (CARRY4=12 DSP48E1=1 LUT3=1 LUT4=2 LUT5=1 LUT6=1)
  Clock Path Skew:        -0.037ns (DCD - SCD + CPR)
    Destination Clock Delay (DCD):    1.248ns = ( 164.008 - 162.760 ) 
    Source Clock Delay      (SCD):    1.350ns
    Clock Pessimism Removal (CPR):    0.065ns
  Clock Uncertainty:      0.035ns  ((TSJ^2 + TIJ^2)^1/2 + DJ) / 2 + PE
    Total System Jitter     (TSJ):    0.071ns
    Total Input Jitter      (TIJ):    0.000ns
    Discrete Jitter          (DJ):    0.000ns
    Phase Error              (PE):    0.000ns

    Location             Delay type                Incr(ns)  Path(ns)    Netlist Resource(s)
  -------------------------------------------------------------------    -------------------
                         (clock core_clk_6m144 rise edge)
                                                      0.000     0.000 r  
                                                      0.000     0.000 r  clk (IN)
                         net (fo=310, unset)          1.350     1.350    clk
    SLICE_X41Y59         FDRE                                         r  gen_serial_cic_comb.u_cic_interp16_serial_comb_dsp_ce/burst_remaining_reg[0]/C
  -------------------------------------------------------------------    -------------------
    SLICE_X41Y59         FDRE (Prop_fdre_C_Q)         0.379     1.729 f  gen_serial_cic_comb.u_cic_interp16_serial_comb_dsp_ce/burst_remaining_reg[0]/Q
                         net (fo=6, routed)           0.716     2.445    gen_serial_cic_comb.u_cic_interp16_serial_comb_dsp_ce/burst_remaining_reg_n_0_[0]
    SLICE_X41Y59         LUT6 (Prop_lut6_I2_O)        0.105     2.550 r  interp128_all2x_LUT6/O
                         net (fo=51, routed)          1.079     3.628    interp128_all2x_net
    SLICE_X38Y56         LUT4 (Prop_lut4_I3_O)        0.105     3.733 r  interp128_all2x_LUT4_30/O
                         net (fo=2, routed)           0.811     4.544    integrator_state[4]_i_3_n_0
    SLICE_X45Y56         CARRY4 (Prop_carry4_S[2]_CO[3])
                                                      0.437     4.981 r  gen_serial_cic_comb.u_cic_interp16_serial_comb_dsp_ce/gen_first_integrator_carry.first_integrator_sum_carry__0/CO[3]
                         net (fo=1, routed)           0.000     4.981    gen_serial_cic_comb.u_cic_interp16_serial_comb_dsp_ce/gen_first_integrator_carry.first_integrator_sum_carry__0_n_0
    SLICE_X45Y57         CARRY4 (Prop_carry4_CI_CO[3])
                                                      0.098     5.079 r  gen_serial_cic_comb.u_cic_interp16_serial_comb_dsp_ce/gen_first_integrator_carry.first_integrator_sum_carry__1/CO[3]
                         net (fo=1, routed)           0.000     5.079    gen_serial_cic_comb.u_cic_interp16_serial_comb_dsp_ce/gen_first_integrator_carry.first_integrator_sum_carry__1_n_0
    SLICE_X45Y58         CARRY4 (Prop_carry4_CI_CO[3])
                                                      0.098     5.177 r  gen_serial_cic_comb.u_cic_interp16_serial_comb_dsp_ce/gen_first_integrator_carry.first_integrator_sum_carry__2/CO[3]
                         net (fo=1, routed)           0.000     5.177    gen_serial_cic_comb.u_cic_interp16_serial_comb_dsp_ce/gen_first_integrator_carry.first_integrator_sum_carry__2_n_0
    SLICE_X45Y59         CARRY4 (Prop_carry4_CI_CO[3])
                                                      0.098     5.275 r  gen_serial_cic_comb.u_cic_interp16_serial_comb_dsp_ce/gen_first_integrator_carry.first_integrator_sum_carry__3/CO[3]
                         net (fo=1, routed)           0.000     5.275    gen_serial_cic_comb.u_cic_interp16_serial_comb_dsp_ce/gen_first_integrator_carry.first_integrator_sum_carry__3_n_0
    SLICE_X45Y60         CARRY4 (Prop_carry4_CI_CO[3])
                                                      0.098     5.373 r  gen_serial_cic_comb.u_cic_interp16_serial_comb_dsp_ce/gen_first_integrator_carry.first_integrator_sum_carry__4/CO[3]
                         net (fo=1, routed)           0.000     5.373    gen_serial_cic_comb.u_cic_interp16_serial_comb_dsp_ce/gen_first_integrator_carry.first_integrator_sum_carry__4_n_0
    SLICE_X45Y61         CARRY4 (Prop_carry4_CI_O[1])
                                                      0.265     5.638 r  gen_serial_cic_comb.u_cic_interp16_serial_comb_dsp_ce/gen_first_integrator_carry.first_integrator_sum_carry__5/O[1]
                         net (fo=23, routed)          1.020     6.658    final_input_rounded[25]
    DSP48_X1Y22          DSP48E1 (Prop_dsp48e1_A[23]_P[2])
                                                      1.889     8.547 f  gen_serial_cic_comb.u_cic_interp16_serial_comb_dsp_ce/gen_final_integrator_dsp.final_integrator_sum/P[2]
                         net (fo=2, routed)           0.814     9.362    gen_serial_cic_comb.u_cic_interp16_serial_comb_dsp_ce/gen_final_integrator_dsp.final_integrator_sum_n_103
    SLICE_X54Y55         LUT3 (Prop_lut3_I1_O)        0.105     9.467 r  interp128_all2x_LUT3_27/O
                         net (fo=1, routed)           0.473     9.939    interp128_all2x_net_19
    SLICE_X54Y56         LUT5 (Prop_lut5_I4_O)        0.105    10.044 r  interp128_all2x_LUT5_26/O
                         net (fo=1, routed)           0.000    10.044    rounded_value_carry_i_1__0_n_0
    SLICE_X54Y56         CARRY4 (Prop_carry4_S[0]_CO[3])
                                                      0.423    10.467 r  gen_serial_cic_comb.u_cic_interp16_serial_comb_dsp_ce/u_round_cic_normalized_output/rounded_value_carry/CO[3]
                         net (fo=1, routed)           0.000    10.467    gen_serial_cic_comb.u_cic_interp16_serial_comb_dsp_ce/u_round_cic_normalized_output/rounded_value_carry_n_0
    SLICE_X54Y57         CARRY4 (Prop_carry4_CI_CO[3])
                                                      0.100    10.567 r  gen_serial_cic_comb.u_cic_interp16_serial_comb_dsp_ce/u_round_cic_normalized_output/rounded_value_carry__0/CO[3]
                         net (fo=1, routed)           0.000    10.567    gen_serial_cic_comb.u_cic_interp16_serial_comb_dsp_ce/u_round_cic_normalized_output/rounded_value_carry__0_n_0
    SLICE_X54Y58         CARRY4 (Prop_carry4_CI_CO[3])
                                                      0.100    10.667 r  gen_serial_cic_comb.u_cic_interp16_serial_comb_dsp_ce/u_round_cic_normalized_output/rounded_value_carry__1/CO[3]
                         net (fo=1, routed)           0.000    10.667    gen_serial_cic_comb.u_cic_interp16_serial_comb_dsp_ce/u_round_cic_normalized_output/rounded_value_carry__1_n_0
    SLICE_X54Y59         CARRY4 (Prop_carry4_CI_CO[3])
                                                      0.100    10.767 r  gen_serial_cic_comb.u_cic_interp16_serial_comb_dsp_ce/u_round_cic_normalized_output/rounded_value_carry__2/CO[3]
                         net (fo=1, routed)           0.000    10.767    gen_serial_cic_comb.u_cic_interp16_serial_comb_dsp_ce/u_round_cic_normalized_output/rounded_value_carry__2_n_0
    SLICE_X54Y60         CARRY4 (Prop_carry4_CI_CO[3])
                                                      0.100    10.867 r  gen_serial_cic_comb.u_cic_interp16_serial_comb_dsp_ce/u_round_cic_normalized_output/rounded_value_carry__3/CO[3]
                         net (fo=1, routed)           0.000    10.867    gen_serial_cic_comb.u_cic_interp16_serial_comb_dsp_ce/u_round_cic_normalized_output/rounded_value_carry__3_n_0
    SLICE_X54Y61         CARRY4 (Prop_carry4_CI_O[0])
                                                      0.178    11.045 r  gen_serial_cic_comb.u_cic_interp16_serial_comb_dsp_ce/u_round_cic_normalized_output/rounded_value_carry__4/O[0]
                         net (fo=19, routed)          1.058    12.103    gen_serial_cic_comb.u_cic_interp16_serial_comb_dsp_ce/u_round_cic_normalized_output/rounded_value_carry__4_n_7
    SLICE_X55Y57         LUT4 (Prop_lut4_I1_O)        0.238    12.341 r  y_out[5]_i_1__0/O
                         net (fo=1, routed)           0.000    12.341    normalized_output[5]
    SLICE_X55Y57         FDRE                                         r  gen_serial_cic_comb.u_cic_interp16_serial_comb_dsp_ce/y_out_reg[5]/D
  -------------------------------------------------------------------    -------------------

                         (clock core_clk_6m144 rise edge)
                                                    162.760   162.760 r  
                                                      0.000   162.760 r  clk (IN)
                         net (fo=310, unset)          1.248   164.008    clk
    SLICE_X55Y57         FDRE                                         r  gen_serial_cic_comb.u_cic_interp16_serial_comb_dsp_ce/y_out_reg[5]/C
                         clock pessimism              0.065   164.073    
                         clock uncertainty           -0.035   164.038    
    SLICE_X55Y57         FDRE (Setup_fdre_C_D)        0.032   164.070    gen_serial_cic_comb.u_cic_interp16_serial_comb_dsp_ce/y_out_reg[5]
  -------------------------------------------------------------------
                         required time                        164.070    
                         arrival time                         -12.341    
  -------------------------------------------------------------------
                         slack                                151.729    

Slack (MET) :             151.752ns  (required time - arrival time)
  Source:                 gen_serial_cic_comb.u_cic_interp16_serial_comb_dsp_ce/burst_remaining_reg[0]/C
                            (rising edge-triggered cell FDRE clocked by core_clk_6m144  {rise@0.000ns fall@81.380ns period=162.760ns})
  Destination:            gen_serial_cic_comb.u_cic_interp16_serial_comb_dsp_ce/y_out_reg[4]/D
                            (rising edge-triggered cell FDRE clocked by core_clk_6m144  {rise@0.000ns fall@81.380ns period=162.760ns})
  Path Group:             core_clk_6m144
  Path Type:              Setup (Max at Slow Process Corner)
  Requirement:            162.760ns  (core_clk_6m144 rise@162.760ns - core_clk_6m144 rise@0.000ns)
  Data Path Delay:        11.005ns  (logic 5.035ns (45.753%)  route 5.970ns (54.247%))
  Logic Levels:           18  (CARRY4=12 DSP48E1=1 LUT3=1 LUT4=2 LUT5=1 LUT6=1)
  Clock Path Skew:        -0.037ns (DCD - SCD + CPR)
    Destination Clock Delay (DCD):    1.248ns = ( 164.008 - 162.760 ) 
    Source Clock Delay      (SCD):    1.350ns
    Clock Pessimism Removal (CPR):    0.065ns
  Clock Uncertainty:      0.035ns  ((TSJ^2 + TIJ^2)^1/2 + DJ) / 2 + PE
    Total System Jitter     (TSJ):    0.071ns
    Total Input Jitter      (TIJ):    0.000ns
    Discrete Jitter          (DJ):    0.000ns
    Phase Error              (PE):    0.000ns

    Location             Delay type                Incr(ns)  Path(ns)    Netlist Resource(s)
  -------------------------------------------------------------------    -------------------
                         (clock core_clk_6m144 rise edge)
                                                      0.000     0.000 r  
                                                      0.000     0.000 r  clk (IN)
                         net (fo=310, unset)          1.350     1.350    clk
    SLICE_X41Y59         FDRE                                         r  gen_serial_cic_comb.u_cic_interp16_serial_comb_dsp_ce/burst_remaining_reg[0]/C
  -------------------------------------------------------------------    -------------------
    SLICE_X41Y59         FDRE (Prop_fdre_C_Q)         0.379     1.729 f  gen_serial_cic_comb.u_cic_interp16_serial_comb_dsp_ce/burst_remaining_reg[0]/Q
                         net (fo=6, routed)           0.716     2.445    gen_serial_cic_comb.u_cic_interp16_serial_comb_dsp_ce/burst_remaining_reg_n_0_[0]
    SLICE_X41Y59         LUT6 (Prop_lut6_I2_O)        0.105     2.550 r  interp128_all2x_LUT6/O
                         net (fo=51, routed)          1.079     3.628    interp128_all2x_net
    SLICE_X38Y56         LUT4 (Prop_lut4_I3_O)        0.105     3.733 r  interp128_all2x_LUT4_30/O
                         net (fo=2, routed)           0.811     4.544    integrator_state[4]_i_3_n_0
    SLICE_X45Y56         CARRY4 (Prop_carry4_S[2]_CO[3])
                                                      0.437     4.981 r  gen_serial_cic_comb.u_cic_interp16_serial_comb_dsp_ce/gen_first_integrator_carry.first_integrator_sum_carry__0/CO[3]
                         net (fo=1, routed)           0.000     4.981    gen_serial_cic_comb.u_cic_interp16_serial_comb_dsp_ce/gen_first_integrator_carry.first_integrator_sum_carry__0_n_0
    SLICE_X45Y57         CARRY4 (Prop_carry4_CI_CO[3])
                                                      0.098     5.079 r  gen_serial_cic_comb.u_cic_interp16_serial_comb_dsp_ce/gen_first_integrator_carry.first_integrator_sum_carry__1/CO[3]
                         net (fo=1, routed)           0.000     5.079    gen_serial_cic_comb.u_cic_interp16_serial_comb_dsp_ce/gen_first_integrator_carry.first_integrator_sum_carry__1_n_0
    SLICE_X45Y58         CARRY4 (Prop_carry4_CI_CO[3])
                                                      0.098     5.177 r  gen_serial_cic_comb.u_cic_interp16_serial_comb_dsp_ce/gen_first_integrator_carry.first_integrator_sum_carry__2/CO[3]
                         net (fo=1, routed)           0.000     5.177    gen_serial_cic_comb.u_cic_interp16_serial_comb_dsp_ce/gen_first_integrator_carry.first_integrator_sum_carry__2_n_0
    SLICE_X45Y59         CARRY4 (Prop_carry4_CI_CO[3])
                                                      0.098     5.275 r  gen_serial_cic_comb.u_cic_interp16_serial_comb_dsp_ce/gen_first_integrator_carry.first_integrator_sum_carry__3/CO[3]
                         net (fo=1, routed)           0.000     5.275    gen_serial_cic_comb.u_cic_interp16_serial_comb_dsp_ce/gen_first_integrator_carry.first_integrator_sum_carry__3_n_0
    SLICE_X45Y60         CARRY4 (Prop_carry4_CI_CO[3])
                                                      0.098     5.373 r  gen_serial_cic_comb.u_cic_interp16_serial_comb_dsp_ce/gen_first_integrator_carry.first_integrator_sum_carry__4/CO[3]
                         net (fo=1, routed)           0.000     5.373    gen_serial_cic_comb.u_cic_interp16_serial_comb_dsp_ce/gen_first_integrator_carry.first_integrator_sum_carry__4_n_0
    SLICE_X45Y61         CARRY4 (Prop_carry4_CI_O[1])
                                                      0.265     5.638 r  gen_serial_cic_comb.u_cic_interp16_serial_comb_dsp_ce/gen_first_integrator_carry.first_integrator_sum_carry__5/O[1]
                         net (fo=23, routed)          1.020     6.658    final_input_rounded[25]
    DSP48_X1Y22          DSP48E1 (Prop_dsp48e1_A[23]_P[2])
                                                      1.889     8.547 f  gen_serial_cic_comb.u_cic_interp16_serial_comb_dsp_ce/gen_final_integrator_dsp.final_integrator_sum/P[2]
                         net (fo=2, routed)           0.814     9.362    gen_serial_cic_comb.u_cic_interp16_serial_comb_dsp_ce/gen_final_integrator_dsp.final_integrator_sum_n_103
    SLICE_X54Y55         LUT3 (Prop_lut3_I1_O)        0.105     9.467 r  interp128_all2x_LUT3_27/O
                         net (fo=1, routed)           0.473     9.939    interp128_all2x_net_19
    SLICE_X54Y56         LUT5 (Prop_lut5_I4_O)        0.105    10.044 r  interp128_all2x_LUT5_26/O
                         net (fo=1, routed)           0.000    10.044    rounded_value_carry_i_1__0_n_0
    SLICE_X54Y56         CARRY4 (Prop_carry4_S[0]_CO[3])
                                                      0.423    10.467 r  gen_serial_cic_comb.u_cic_interp16_serial_comb_dsp_ce/u_round_cic_normalized_output/rounded_value_carry/CO[3]
                         net (fo=1, routed)           0.000    10.467    gen_serial_cic_comb.u_cic_interp16_serial_comb_dsp_ce/u_round_cic_normalized_output/rounded_value_carry_n_0
    SLICE_X54Y57         CARRY4 (Prop_carry4_CI_CO[3])
                                                      0.100    10.567 r  gen_serial_cic_comb.u_cic_interp16_serial_comb_dsp_ce/u_round_cic_normalized_output/rounded_value_carry__0/CO[3]
                         net (fo=1, routed)           0.000    10.567    gen_serial_cic_comb.u_cic_interp16_serial_comb_dsp_ce/u_round_cic_normalized_output/rounded_value_carry__0_n_0
    SLICE_X54Y58         CARRY4 (Prop_carry4_CI_CO[3])
                                                      0.100    10.667 r  gen_serial_cic_comb.u_cic_interp16_serial_comb_dsp_ce/u_round_cic_normalized_output/rounded_value_carry__1/CO[3]
                         net (fo=1, routed)           0.000    10.667    gen_serial_cic_comb.u_cic_interp16_serial_comb_dsp_ce/u_round_cic_normalized_output/rounded_value_carry__1_n_0
    SLICE_X54Y59         CARRY4 (Prop_carry4_CI_CO[3])
                                                      0.100    10.767 r  gen_serial_cic_comb.u_cic_interp16_serial_comb_dsp_ce/u_round_cic_normalized_output/rounded_value_carry__2/CO[3]
                         net (fo=1, routed)           0.000    10.767    gen_serial_cic_comb.u_cic_interp16_serial_comb_dsp_ce/u_round_cic_normalized_output/rounded_value_carry__2_n_0
    SLICE_X54Y60         CARRY4 (Prop_carry4_CI_CO[3])
                                                      0.100    10.867 r  gen_serial_cic_comb.u_cic_interp16_serial_comb_dsp_ce/u_round_cic_normalized_output/rounded_value_carry__3/CO[3]
                         net (fo=1, routed)           0.000    10.867    gen_serial_cic_comb.u_cic_interp16_serial_comb_dsp_ce/u_round_cic_normalized_output/rounded_value_carry__3_n_0
    SLICE_X54Y61         CARRY4 (Prop_carry4_CI_O[0])
                                                      0.178    11.045 r  gen_serial_cic_comb.u_cic_interp16_serial_comb_dsp_ce/u_round_cic_normalized_output/rounded_value_carry__4/O[0]
                         net (fo=19, routed)          1.058    12.103    gen_serial_cic_comb.u_cic_interp16_serial_comb_dsp_ce/u_round_cic_normalized_output/rounded_value_carry__4_n_7
    SLICE_X55Y57         LUT4 (Prop_lut4_I1_O)        0.252    12.355 r  y_out[4]_i_1__0/O
                         net (fo=1, routed)           0.000    12.355    normalized_output[4]
    SLICE_X55Y57         FDRE                                         r  gen_serial_cic_comb.u_cic_interp16_serial_comb_dsp_ce/y_out_reg[4]/D
  -------------------------------------------------------------------    -------------------

                         (clock core_clk_6m144 rise edge)
                                                    162.760   162.760 r  
                                                      0.000   162.760 r  clk (IN)
                         net (fo=310, unset)          1.248   164.008    clk
    SLICE_X55Y57         FDRE                                         r  gen_serial_cic_comb.u_cic_interp16_serial_comb_dsp_ce/y_out_reg[4]/C
                         clock pessimism              0.065   164.073    
                         clock uncertainty           -0.035   164.038    
    SLICE_X55Y57         FDRE (Setup_fdre_C_D)        0.069   164.107    gen_serial_cic_comb.u_cic_interp16_serial_comb_dsp_ce/y_out_reg[4]
  -------------------------------------------------------------------
                         required time                        164.107    
                         arrival time                         -12.355    
  -------------------------------------------------------------------
                         slack                                151.752    

Slack (MET) :             151.752ns  (required time - arrival time)
  Source:                 gen_serial_cic_comb.u_cic_interp16_serial_comb_dsp_ce/burst_remaining_reg[0]/C
                            (rising edge-triggered cell FDRE clocked by core_clk_6m144  {rise@0.000ns fall@81.380ns period=162.760ns})
  Destination:            gen_serial_cic_comb.u_cic_interp16_serial_comb_dsp_ce/y_out_reg[6]/D
                            (rising edge-triggered cell FDRE clocked by core_clk_6m144  {rise@0.000ns fall@81.380ns period=162.760ns})
  Path Group:             core_clk_6m144
  Path Type:              Setup (Max at Slow Process Corner)
  Requirement:            162.760ns  (core_clk_6m144 rise@162.760ns - core_clk_6m144 rise@0.000ns)
  Data Path Delay:        11.005ns  (logic 5.035ns (45.753%)  route 5.970ns (54.247%))
  Logic Levels:           18  (CARRY4=12 DSP48E1=1 LUT3=1 LUT4=2 LUT5=1 LUT6=1)
  Clock Path Skew:        -0.037ns (DCD - SCD + CPR)
    Destination Clock Delay (DCD):    1.248ns = ( 164.008 - 162.760 ) 
    Source Clock Delay      (SCD):    1.350ns
    Clock Pessimism Removal (CPR):    0.065ns
  Clock Uncertainty:      0.035ns  ((TSJ^2 + TIJ^2)^1/2 + DJ) / 2 + PE
    Total System Jitter     (TSJ):    0.071ns
    Total Input Jitter      (TIJ):    0.000ns
    Discrete Jitter          (DJ):    0.000ns
    Phase Error              (PE):    0.000ns

    Location             Delay type                Incr(ns)  Path(ns)    Netlist Resource(s)
  -------------------------------------------------------------------    -------------------
                         (clock core_clk_6m144 rise edge)
                                                      0.000     0.000 r  
                                                      0.000     0.000 r  clk (IN)
                         net (fo=310, unset)          1.350     1.350    clk
    SLICE_X41Y59         FDRE                                         r  gen_serial_cic_comb.u_cic_interp16_serial_comb_dsp_ce/burst_remaining_reg[0]/C
  -------------------------------------------------------------------    -------------------
    SLICE_X41Y59         FDRE (Prop_fdre_C_Q)         0.379     1.729 f  gen_serial_cic_comb.u_cic_interp16_serial_comb_dsp_ce/burst_remaining_reg[0]/Q
                         net (fo=6, routed)           0.716     2.445    gen_serial_cic_comb.u_cic_interp16_serial_comb_dsp_ce/burst_remaining_reg_n_0_[0]
    SLICE_X41Y59         LUT6 (Prop_lut6_I2_O)        0.105     2.550 r  interp128_all2x_LUT6/O
                         net (fo=51, routed)          1.079     3.628    interp128_all2x_net
    SLICE_X38Y56         LUT4 (Prop_lut4_I3_O)        0.105     3.733 r  interp128_all2x_LUT4_30/O
                         net (fo=2, routed)           0.811     4.544    integrator_state[4]_i_3_n_0
    SLICE_X45Y56         CARRY4 (Prop_carry4_S[2]_CO[3])
                                                      0.437     4.981 r  gen_serial_cic_comb.u_cic_interp16_serial_comb_dsp_ce/gen_first_integrator_carry.first_integrator_sum_carry__0/CO[3]
                         net (fo=1, routed)           0.000     4.981    gen_serial_cic_comb.u_cic_interp16_serial_comb_dsp_ce/gen_first_integrator_carry.first_integrator_sum_carry__0_n_0
    SLICE_X45Y57         CARRY4 (Prop_carry4_CI_CO[3])
                                                      0.098     5.079 r  gen_serial_cic_comb.u_cic_interp16_serial_comb_dsp_ce/gen_first_integrator_carry.first_integrator_sum_carry__1/CO[3]
                         net (fo=1, routed)           0.000     5.079    gen_serial_cic_comb.u_cic_interp16_serial_comb_dsp_ce/gen_first_integrator_carry.first_integrator_sum_carry__1_n_0
    SLICE_X45Y58         CARRY4 (Prop_carry4_CI_CO[3])
                                                      0.098     5.177 r  gen_serial_cic_comb.u_cic_interp16_serial_comb_dsp_ce/gen_first_integrator_carry.first_integrator_sum_carry__2/CO[3]
                         net (fo=1, routed)           0.000     5.177    gen_serial_cic_comb.u_cic_interp16_serial_comb_dsp_ce/gen_first_integrator_carry.first_integrator_sum_carry__2_n_0
    SLICE_X45Y59         CARRY4 (Prop_carry4_CI_CO[3])
                                                      0.098     5.275 r  gen_serial_cic_comb.u_cic_interp16_serial_comb_dsp_ce/gen_first_integrator_carry.first_integrator_sum_carry__3/CO[3]
                         net (fo=1, routed)           0.000     5.275    gen_serial_cic_comb.u_cic_interp16_serial_comb_dsp_ce/gen_first_integrator_carry.first_integrator_sum_carry__3_n_0
    SLICE_X45Y60         CARRY4 (Prop_carry4_CI_CO[3])
                                                      0.098     5.373 r  gen_serial_cic_comb.u_cic_interp16_serial_comb_dsp_ce/gen_first_integrator_carry.first_integrator_sum_carry__4/CO[3]
                         net (fo=1, routed)           0.000     5.373    gen_serial_cic_comb.u_cic_interp16_serial_comb_dsp_ce/gen_first_integrator_carry.first_integrator_sum_carry__4_n_0
    SLICE_X45Y61         CARRY4 (Prop_carry4_CI_O[1])
                                                      0.265     5.638 r  gen_serial_cic_comb.u_cic_interp16_serial_comb_dsp_ce/gen_first_integrator_carry.first_integrator_sum_carry__5/O[1]
                         net (fo=23, routed)          1.020     6.658    final_input_rounded[25]
    DSP48_X1Y22          DSP48E1 (Prop_dsp48e1_A[23]_P[2])
                                                      1.889     8.547 f  gen_serial_cic_comb.u_cic_interp16_serial_comb_dsp_ce/gen_final_integrator_dsp.final_integrator_sum/P[2]
                         net (fo=2, routed)           0.814     9.362    gen_serial_cic_comb.u_cic_interp16_serial_comb_dsp_ce/gen_final_integrator_dsp.final_integrator_sum_n_103
    SLICE_X54Y55         LUT3 (Prop_lut3_I1_O)        0.105     9.467 r  interp128_all2x_LUT3_27/O
                         net (fo=1, routed)           0.473     9.939    interp128_all2x_net_19
    SLICE_X54Y56         LUT5 (Prop_lut5_I4_O)        0.105    10.044 r  interp128_all2x_LUT5_26/O
                         net (fo=1, routed)           0.000    10.044    rounded_value_carry_i_1__0_n_0
    SLICE_X54Y56         CARRY4 (Prop_carry4_S[0]_CO[3])
                                                      0.423    10.467 r  gen_serial_cic_comb.u_cic_interp16_serial_comb_dsp_ce/u_round_cic_normalized_output/rounded_value_carry/CO[3]
                         net (fo=1, routed)           0.000    10.467    gen_serial_cic_comb.u_cic_interp16_serial_comb_dsp_ce/u_round_cic_normalized_output/rounded_value_carry_n_0
    SLICE_X54Y57         CARRY4 (Prop_carry4_CI_CO[3])
                                                      0.100    10.567 r  gen_serial_cic_comb.u_cic_interp16_serial_comb_dsp_ce/u_round_cic_normalized_output/rounded_value_carry__0/CO[3]
                         net (fo=1, routed)           0.000    10.567    gen_serial_cic_comb.u_cic_interp16_serial_comb_dsp_ce/u_round_cic_normalized_output/rounded_value_carry__0_n_0
    SLICE_X54Y58         CARRY4 (Prop_carry4_CI_CO[3])
                                                      0.100    10.667 r  gen_serial_cic_comb.u_cic_interp16_serial_comb_dsp_ce/u_round_cic_normalized_output/rounded_value_carry__1/CO[3]
                         net (fo=1, routed)           0.000    10.667    gen_serial_cic_comb.u_cic_interp16_serial_comb_dsp_ce/u_round_cic_normalized_output/rounded_value_carry__1_n_0
    SLICE_X54Y59         CARRY4 (Prop_carry4_CI_CO[3])
                                                      0.100    10.767 r  gen_serial_cic_comb.u_cic_interp16_serial_comb_dsp_ce/u_round_cic_normalized_output/rounded_value_carry__2/CO[3]
                         net (fo=1, routed)           0.000    10.767    gen_serial_cic_comb.u_cic_interp16_serial_comb_dsp_ce/u_round_cic_normalized_output/rounded_value_carry__2_n_0
    SLICE_X54Y60         CARRY4 (Prop_carry4_CI_CO[3])
                                                      0.100    10.867 r  gen_serial_cic_comb.u_cic_interp16_serial_comb_dsp_ce/u_round_cic_normalized_output/rounded_value_carry__3/CO[3]
                         net (fo=1, routed)           0.000    10.867    gen_serial_cic_comb.u_cic_interp16_serial_comb_dsp_ce/u_round_cic_normalized_output/rounded_value_carry__3_n_0
    SLICE_X54Y61         CARRY4 (Prop_carry4_CI_O[0])
                                                      0.178    11.045 r  gen_serial_cic_comb.u_cic_interp16_serial_comb_dsp_ce/u_round_cic_normalized_output/rounded_value_carry__4/O[0]
                         net (fo=19, routed)          1.058    12.103    gen_serial_cic_comb.u_cic_interp16_serial_comb_dsp_ce/u_round_cic_normalized_output/rounded_value_carry__4_n_7
    SLICE_X55Y57         LUT4 (Prop_lut4_I1_O)        0.252    12.355 r  y_out[6]_i_1__0/O
                         net (fo=1, routed)           0.000    12.355    normalized_output[6]
    SLICE_X55Y57         FDRE                                         r  gen_serial_cic_comb.u_cic_interp16_serial_comb_dsp_ce/y_out_reg[6]/D
  -------------------------------------------------------------------    -------------------

                         (clock core_clk_6m144 rise edge)
                                                    162.760   162.760 r  
                                                      0.000   162.760 r  clk (IN)
                         net (fo=310, unset)          1.248   164.008    clk
    SLICE_X55Y57         FDRE                                         r  gen_serial_cic_comb.u_cic_interp16_serial_comb_dsp_ce/y_out_reg[6]/C
                         clock pessimism              0.065   164.073    
                         clock uncertainty           -0.035   164.038    
    SLICE_X55Y57         FDRE (Setup_fdre_C_D)        0.069   164.107    gen_serial_cic_comb.u_cic_interp16_serial_comb_dsp_ce/y_out_reg[6]
  -------------------------------------------------------------------
                         required time                        164.107    
                         arrival time                         -12.355    
  -------------------------------------------------------------------
                         slack                                151.752    

Slack (MET) :             151.851ns  (required time - arrival time)
  Source:                 gen_serial_cic_comb.u_cic_interp16_serial_comb_dsp_ce/burst_remaining_reg[0]/C
                            (rising edge-triggered cell FDRE clocked by core_clk_6m144  {rise@0.000ns fall@81.380ns period=162.760ns})
  Destination:            gen_serial_cic_comb.u_cic_interp16_serial_comb_dsp_ce/y_out_reg[10]/D
                            (rising edge-triggered cell FDRE clocked by core_clk_6m144  {rise@0.000ns fall@81.380ns period=162.760ns})
  Path Group:             core_clk_6m144
  Path Type:              Setup (Max at Slow Process Corner)
  Requirement:            162.760ns  (core_clk_6m144 rise@162.760ns - core_clk_6m144 rise@0.000ns)
  Data Path Delay:        10.866ns  (logic 5.021ns (46.208%)  route 5.845ns (53.792%))
  Logic Levels:           18  (CARRY4=12 DSP48E1=1 LUT3=1 LUT4=2 LUT5=1 LUT6=1)
  Clock Path Skew:        -0.038ns (DCD - SCD + CPR)
    Destination Clock Delay (DCD):    1.247ns = ( 164.007 - 162.760 ) 
    Source Clock Delay      (SCD):    1.350ns
    Clock Pessimism Removal (CPR):    0.065ns
  Clock Uncertainty:      0.035ns  ((TSJ^2 + TIJ^2)^1/2 + DJ) / 2 + PE
    Total System Jitter     (TSJ):    0.071ns
    Total Input Jitter      (TIJ):    0.000ns
    Discrete Jitter          (DJ):    0.000ns
    Phase Error              (PE):    0.000ns

    Location             Delay type                Incr(ns)  Path(ns)    Netlist Resource(s)
  -------------------------------------------------------------------    -------------------
                         (clock core_clk_6m144 rise edge)
                                                      0.000     0.000 r  
                                                      0.000     0.000 r  clk (IN)
                         net (fo=310, unset)          1.350     1.350    clk
    SLICE_X41Y59         FDRE                                         r  gen_serial_cic_comb.u_cic_interp16_serial_comb_dsp_ce/burst_remaining_reg[0]/C
  -------------------------------------------------------------------    -------------------
    SLICE_X41Y59         FDRE (Prop_fdre_C_Q)         0.379     1.729 f  gen_serial_cic_comb.u_cic_interp16_serial_comb_dsp_ce/burst_remaining_reg[0]/Q
                         net (fo=6, routed)           0.716     2.445    gen_serial_cic_comb.u_cic_interp16_serial_comb_dsp_ce/burst_remaining_reg_n_0_[0]
    SLICE_X41Y59         LUT6 (Prop_lut6_I2_O)        0.105     2.550 r  interp128_all2x_LUT6/O
                         net (fo=51, routed)          1.079     3.628    interp128_all2x_net
    SLICE_X38Y56         LUT4 (Prop_lut4_I3_O)        0.105     3.733 r  interp128_all2x_LUT4_30/O
                         net (fo=2, routed)           0.811     4.544    integrator_state[4]_i_3_n_0
    SLICE_X45Y56         CARRY4 (Prop_carry4_S[2]_CO[3])
                                                      0.437     4.981 r  gen_serial_cic_comb.u_cic_interp16_serial_comb_dsp_ce/gen_first_integrator_carry.first_integrator_sum_carry__0/CO[3]
                         net (fo=1, routed)           0.000     4.981    gen_serial_cic_comb.u_cic_interp16_serial_comb_dsp_ce/gen_first_integrator_carry.first_integrator_sum_carry__0_n_0
    SLICE_X45Y57         CARRY4 (Prop_carry4_CI_CO[3])
                                                      0.098     5.079 r  gen_serial_cic_comb.u_cic_interp16_serial_comb_dsp_ce/gen_first_integrator_carry.first_integrator_sum_carry__1/CO[3]
                         net (fo=1, routed)           0.000     5.079    gen_serial_cic_comb.u_cic_interp16_serial_comb_dsp_ce/gen_first_integrator_carry.first_integrator_sum_carry__1_n_0
    SLICE_X45Y58         CARRY4 (Prop_carry4_CI_CO[3])
                                                      0.098     5.177 r  gen_serial_cic_comb.u_cic_interp16_serial_comb_dsp_ce/gen_first_integrator_carry.first_integrator_sum_carry__2/CO[3]
                         net (fo=1, routed)           0.000     5.177    gen_serial_cic_comb.u_cic_interp16_serial_comb_dsp_ce/gen_first_integrator_carry.first_integrator_sum_carry__2_n_0
    SLICE_X45Y59         CARRY4 (Prop_carry4_CI_CO[3])
                                                      0.098     5.275 r  gen_serial_cic_comb.u_cic_interp16_serial_comb_dsp_ce/gen_first_integrator_carry.first_integrator_sum_carry__3/CO[3]
                         net (fo=1, routed)           0.000     5.275    gen_serial_cic_comb.u_cic_interp16_serial_comb_dsp_ce/gen_first_integrator_carry.first_integrator_sum_carry__3_n_0
    SLICE_X45Y60         CARRY4 (Prop_carry4_CI_CO[3])
                                                      0.098     5.373 r  gen_serial_cic_comb.u_cic_interp16_serial_comb_dsp_ce/gen_first_integrator_carry.first_integrator_sum_carry__4/CO[3]
                         net (fo=1, routed)           0.000     5.373    gen_serial_cic_comb.u_cic_interp16_serial_comb_dsp_ce/gen_first_integrator_carry.first_integrator_sum_carry__4_n_0
    SLICE_X45Y61         CARRY4 (Prop_carry4_CI_O[1])
                                                      0.265     5.638 r  gen_serial_cic_comb.u_cic_interp16_serial_comb_dsp_ce/gen_first_integrator_carry.first_integrator_sum_carry__5/O[1]
                         net (fo=23, routed)          1.020     6.658    final_input_rounded[25]
    DSP48_X1Y22          DSP48E1 (Prop_dsp48e1_A[23]_P[2])
                                                      1.889     8.547 f  gen_serial_cic_comb.u_cic_interp16_serial_comb_dsp_ce/gen_final_integrator_dsp.final_integrator_sum/P[2]
                         net (fo=2, routed)           0.814     9.362    gen_serial_cic_comb.u_cic_interp16_serial_comb_dsp_ce/gen_final_integrator_dsp.final_integrator_sum_n_103
    SLICE_X54Y55         LUT3 (Prop_lut3_I1_O)        0.105     9.467 r  interp128_all2x_LUT3_27/O
                         net (fo=1, routed)           0.473     9.939    interp128_all2x_net_19
    SLICE_X54Y56         LUT5 (Prop_lut5_I4_O)        0.105    10.044 r  interp128_all2x_LUT5_26/O
                         net (fo=1, routed)           0.000    10.044    rounded_value_carry_i_1__0_n_0
    SLICE_X54Y56         CARRY4 (Prop_carry4_S[0]_CO[3])
                                                      0.423    10.467 r  gen_serial_cic_comb.u_cic_interp16_serial_comb_dsp_ce/u_round_cic_normalized_output/rounded_value_carry/CO[3]
                         net (fo=1, routed)           0.000    10.467    gen_serial_cic_comb.u_cic_interp16_serial_comb_dsp_ce/u_round_cic_normalized_output/rounded_value_carry_n_0
    SLICE_X54Y57         CARRY4 (Prop_carry4_CI_CO[3])
                                                      0.100    10.567 r  gen_serial_cic_comb.u_cic_interp16_serial_comb_dsp_ce/u_round_cic_normalized_output/rounded_value_carry__0/CO[3]
                         net (fo=1, routed)           0.000    10.567    gen_serial_cic_comb.u_cic_interp16_serial_comb_dsp_ce/u_round_cic_normalized_output/rounded_value_carry__0_n_0
    SLICE_X54Y58         CARRY4 (Prop_carry4_CI_CO[3])
                                                      0.100    10.667 r  gen_serial_cic_comb.u_cic_interp16_serial_comb_dsp_ce/u_round_cic_normalized_output/rounded_value_carry__1/CO[3]
                         net (fo=1, routed)           0.000    10.667    gen_serial_cic_comb.u_cic_interp16_serial_comb_dsp_ce/u_round_cic_normalized_output/rounded_value_carry__1_n_0
    SLICE_X54Y59         CARRY4 (Prop_carry4_CI_CO[3])
                                                      0.100    10.767 r  gen_serial_cic_comb.u_cic_interp16_serial_comb_dsp_ce/u_round_cic_normalized_output/rounded_value_carry__2/CO[3]
                         net (fo=1, routed)           0.000    10.767    gen_serial_cic_comb.u_cic_interp16_serial_comb_dsp_ce/u_round_cic_normalized_output/rounded_value_carry__2_n_0
    SLICE_X54Y60         CARRY4 (Prop_carry4_CI_CO[3])
                                                      0.100    10.867 r  gen_serial_cic_comb.u_cic_interp16_serial_comb_dsp_ce/u_round_cic_normalized_output/rounded_value_carry__3/CO[3]
                         net (fo=1, routed)           0.000    10.867    gen_serial_cic_comb.u_cic_interp16_serial_comb_dsp_ce/u_round_cic_normalized_output/rounded_value_carry__3_n_0
    SLICE_X54Y61         CARRY4 (Prop_carry4_CI_O[0])
                                                      0.178    11.045 r  gen_serial_cic_comb.u_cic_interp16_serial_comb_dsp_ce/u_round_cic_normalized_output/rounded_value_carry__4/O[0]
                         net (fo=19, routed)          0.933    11.978    gen_serial_cic_comb.u_cic_interp16_serial_comb_dsp_ce/u_round_cic_normalized_output/rounded_value_carry__4_n_7
    SLICE_X55Y58         LUT4 (Prop_lut4_I1_O)        0.238    12.216 r  y_out[10]_i_1__0/O
                         net (fo=1, routed)           0.000    12.216    normalized_output[10]
    SLICE_X55Y58         FDRE                                         r  gen_serial_cic_comb.u_cic_interp16_serial_comb_dsp_ce/y_out_reg[10]/D
  -------------------------------------------------------------------    -------------------

                         (clock core_clk_6m144 rise edge)
                                                    162.760   162.760 r  
                                                      0.000   162.760 r  clk (IN)
                         net (fo=310, unset)          1.247   164.007    clk
    SLICE_X55Y58         FDRE                                         r  gen_serial_cic_comb.u_cic_interp16_serial_comb_dsp_ce/y_out_reg[10]/C
                         clock pessimism              0.065   164.072    
                         clock uncertainty           -0.035   164.037    
    SLICE_X55Y58         FDRE (Setup_fdre_C_D)        0.030   164.067    gen_serial_cic_comb.u_cic_interp16_serial_comb_dsp_ce/y_out_reg[10]
  -------------------------------------------------------------------
                         required time                        164.067    
                         arrival time                         -12.216    
  -------------------------------------------------------------------
                         slack                                151.851    

Slack (MET) :             151.853ns  (required time - arrival time)
  Source:                 gen_serial_cic_comb.u_cic_interp16_serial_comb_dsp_ce/burst_remaining_reg[0]/C
                            (rising edge-triggered cell FDRE clocked by core_clk_6m144  {rise@0.000ns fall@81.380ns period=162.760ns})
  Destination:            gen_serial_cic_comb.u_cic_interp16_serial_comb_dsp_ce/y_out_reg[7]/D
                            (rising edge-triggered cell FDRE clocked by core_clk_6m144  {rise@0.000ns fall@81.380ns period=162.760ns})
  Path Group:             core_clk_6m144
  Path Type:              Setup (Max at Slow Process Corner)
  Requirement:            162.760ns  (core_clk_6m144 rise@162.760ns - core_clk_6m144 rise@0.000ns)
  Data Path Delay:        10.866ns  (logic 5.021ns (46.208%)  route 5.845ns (53.792%))
  Logic Levels:           18  (CARRY4=12 DSP48E1=1 LUT3=1 LUT4=2 LUT5=1 LUT6=1)
  Clock Path Skew:        -0.038ns (DCD - SCD + CPR)
    Destination Clock Delay (DCD):    1.247ns = ( 164.007 - 162.760 ) 
    Source Clock Delay      (SCD):    1.350ns
    Clock Pessimism Removal (CPR):    0.065ns
  Clock Uncertainty:      0.035ns  ((TSJ^2 + TIJ^2)^1/2 + DJ) / 2 + PE
    Total System Jitter     (TSJ):    0.071ns
    Total Input Jitter      (TIJ):    0.000ns
    Discrete Jitter          (DJ):    0.000ns
    Phase Error              (PE):    0.000ns

    Location             Delay type                Incr(ns)  Path(ns)    Netlist Resource(s)
  -------------------------------------------------------------------    -------------------
                         (clock core_clk_6m144 rise edge)
                                                      0.000     0.000 r  
                                                      0.000     0.000 r  clk (IN)
                         net (fo=310, unset)          1.350     1.350    clk
    SLICE_X41Y59         FDRE                                         r  gen_serial_cic_comb.u_cic_interp16_serial_comb_dsp_ce/burst_remaining_reg[0]/C
  -------------------------------------------------------------------    -------------------
    SLICE_X41Y59         FDRE (Prop_fdre_C_Q)         0.379     1.729 f  gen_serial_cic_comb.u_cic_interp16_serial_comb_dsp_ce/burst_remaining_reg[0]/Q
                         net (fo=6, routed)           0.716     2.445    gen_serial_cic_comb.u_cic_interp16_serial_comb_dsp_ce/burst_remaining_reg_n_0_[0]
    SLICE_X41Y59         LUT6 (Prop_lut6_I2_O)        0.105     2.550 r  interp128_all2x_LUT6/O
                         net (fo=51, routed)          1.079     3.628    interp128_all2x_net
    SLICE_X38Y56         LUT4 (Prop_lut4_I3_O)        0.105     3.733 r  interp128_all2x_LUT4_30/O
                         net (fo=2, routed)           0.811     4.544    integrator_state[4]_i_3_n_0
    SLICE_X45Y56         CARRY4 (Prop_carry4_S[2]_CO[3])
                                                      0.437     4.981 r  gen_serial_cic_comb.u_cic_interp16_serial_comb_dsp_ce/gen_first_integrator_carry.first_integrator_sum_carry__0/CO[3]
                         net (fo=1, routed)           0.000     4.981    gen_serial_cic_comb.u_cic_interp16_serial_comb_dsp_ce/gen_first_integrator_carry.first_integrator_sum_carry__0_n_0
    SLICE_X45Y57         CARRY4 (Prop_carry4_CI_CO[3])
                                                      0.098     5.079 r  gen_serial_cic_comb.u_cic_interp16_serial_comb_dsp_ce/gen_first_integrator_carry.first_integrator_sum_carry__1/CO[3]
                         net (fo=1, routed)           0.000     5.079    gen_serial_cic_comb.u_cic_interp16_serial_comb_dsp_ce/gen_first_integrator_carry.first_integrator_sum_carry__1_n_0
    SLICE_X45Y58         CARRY4 (Prop_carry4_CI_CO[3])
                                                      0.098     5.177 r  gen_serial_cic_comb.u_cic_interp16_serial_comb_dsp_ce/gen_first_integrator_carry.first_integrator_sum_carry__2/CO[3]
                         net (fo=1, routed)           0.000     5.177    gen_serial_cic_comb.u_cic_interp16_serial_comb_dsp_ce/gen_first_integrator_carry.first_integrator_sum_carry__2_n_0
    SLICE_X45Y59         CARRY4 (Prop_carry4_CI_CO[3])
                                                      0.098     5.275 r  gen_serial_cic_comb.u_cic_interp16_serial_comb_dsp_ce/gen_first_integrator_carry.first_integrator_sum_carry__3/CO[3]
                         net (fo=1, routed)           0.000     5.275    gen_serial_cic_comb.u_cic_interp16_serial_comb_dsp_ce/gen_first_integrator_carry.first_integrator_sum_carry__3_n_0
    SLICE_X45Y60         CARRY4 (Prop_carry4_CI_CO[3])
                                                      0.098     5.373 r  gen_serial_cic_comb.u_cic_interp16_serial_comb_dsp_ce/gen_first_integrator_carry.first_integrator_sum_carry__4/CO[3]
                         net (fo=1, routed)           0.000     5.373    gen_serial_cic_comb.u_cic_interp16_serial_comb_dsp_ce/gen_first_integrator_carry.first_integrator_sum_carry__4_n_0
    SLICE_X45Y61         CARRY4 (Prop_carry4_CI_O[1])
                                                      0.265     5.638 r  gen_serial_cic_comb.u_cic_interp16_serial_comb_dsp_ce/gen_first_integrator_carry.first_integrator_sum_carry__5/O[1]
                         net (fo=23, routed)          1.020     6.658    final_input_rounded[25]
    DSP48_X1Y22          DSP48E1 (Prop_dsp48e1_A[23]_P[2])
                                                      1.889     8.547 f  gen_serial_cic_comb.u_cic_interp16_serial_comb_dsp_ce/gen_final_integrator_dsp.final_integrator_sum/P[2]
                         net (fo=2, routed)           0.814     9.362    gen_serial_cic_comb.u_cic_interp16_serial_comb_dsp_ce/gen_final_integrator_dsp.final_integrator_sum_n_103
    SLICE_X54Y55         LUT3 (Prop_lut3_I1_O)        0.105     9.467 r  interp128_all2x_LUT3_27/O
                         net (fo=1, routed)           0.473     9.939    interp128_all2x_net_19
    SLICE_X54Y56         LUT5 (Prop_lut5_I4_O)        0.105    10.044 r  interp128_all2x_LUT5_26/O
                         net (fo=1, routed)           0.000    10.044    rounded_value_carry_i_1__0_n_0
    SLICE_X54Y56         CARRY4 (Prop_carry4_S[0]_CO[3])
                                                      0.423    10.467 r  gen_serial_cic_comb.u_cic_interp16_serial_comb_dsp_ce/u_round_cic_normalized_output/rounded_value_carry/CO[3]
                         net (fo=1, routed)           0.000    10.467    gen_serial_cic_comb.u_cic_interp16_serial_comb_dsp_ce/u_round_cic_normalized_output/rounded_value_carry_n_0
    SLICE_X54Y57         CARRY4 (Prop_carry4_CI_CO[3])
                                                      0.100    10.567 r  gen_serial_cic_comb.u_cic_interp16_serial_comb_dsp_ce/u_round_cic_normalized_output/rounded_value_carry__0/CO[3]
                         net (fo=1, routed)           0.000    10.567    gen_serial_cic_comb.u_cic_interp16_serial_comb_dsp_ce/u_round_cic_normalized_output/rounded_value_carry__0_n_0
    SLICE_X54Y58         CARRY4 (Prop_carry4_CI_CO[3])
                                                      0.100    10.667 r  gen_serial_cic_comb.u_cic_interp16_serial_comb_dsp_ce/u_round_cic_normalized_output/rounded_value_carry__1/CO[3]
                         net (fo=1, routed)           0.000    10.667    gen_serial_cic_comb.u_cic_interp16_serial_comb_dsp_ce/u_round_cic_normalized_output/rounded_value_carry__1_n_0
    SLICE_X54Y59         CARRY4 (Prop_carry4_CI_CO[3])
                                                      0.100    10.767 r  gen_serial_cic_comb.u_cic_interp16_serial_comb_dsp_ce/u_round_cic_normalized_output/rounded_value_carry__2/CO[3]
                         net (fo=1, routed)           0.000    10.767    gen_serial_cic_comb.u_cic_interp16_serial_comb_dsp_ce/u_round_cic_normalized_output/rounded_value_carry__2_n_0
    SLICE_X54Y60         CARRY4 (Prop_carry4_CI_CO[3])
                                                      0.100    10.867 r  gen_serial_cic_comb.u_cic_interp16_serial_comb_dsp_ce/u_round_cic_normalized_output/rounded_value_carry__3/CO[3]
                         net (fo=1, routed)           0.000    10.867    gen_serial_cic_comb.u_cic_interp16_serial_comb_dsp_ce/u_round_cic_normalized_output/rounded_value_carry__3_n_0
    SLICE_X54Y61         CARRY4 (Prop_carry4_CI_O[0])
                                                      0.178    11.045 r  gen_serial_cic_comb.u_cic_interp16_serial_comb_dsp_ce/u_round_cic_normalized_output/rounded_value_carry__4/O[0]
                         net (fo=19, routed)          0.933    11.978    gen_serial_cic_comb.u_cic_interp16_serial_comb_dsp_ce/u_round_cic_normalized_output/rounded_value_carry__4_n_7
    SLICE_X55Y58         LUT4 (Prop_lut4_I1_O)        0.238    12.216 r  y_out[7]_i_1__0/O
                         net (fo=1, routed)           0.000    12.216    normalized_output[7]
    SLICE_X55Y58         FDRE                                         r  gen_serial_cic_comb.u_cic_interp16_serial_comb_dsp_ce/y_out_reg[7]/D
  -------------------------------------------------------------------    -------------------

                         (clock core_clk_6m144 rise edge)
                                                    162.760   162.760 r  
                                                      0.000   162.760 r  clk (IN)
                         net (fo=310, unset)          1.247   164.007    clk
    SLICE_X55Y58         FDRE                                         r  gen_serial_cic_comb.u_cic_interp16_serial_comb_dsp_ce/y_out_reg[7]/C
                         clock pessimism              0.065   164.072    
                         clock uncertainty           -0.035   164.037    
    SLICE_X55Y58         FDRE (Setup_fdre_C_D)        0.032   164.069    gen_serial_cic_comb.u_cic_interp16_serial_comb_dsp_ce/y_out_reg[7]
  -------------------------------------------------------------------
                         required time                        164.069    
                         arrival time                         -12.216    
  -------------------------------------------------------------------
                         slack                                151.853    

Slack (MET) :             151.876ns  (required time - arrival time)
  Source:                 gen_serial_cic_comb.u_cic_interp16_serial_comb_dsp_ce/burst_remaining_reg[0]/C
                            (rising edge-triggered cell FDRE clocked by core_clk_6m144  {rise@0.000ns fall@81.380ns period=162.760ns})
  Destination:            gen_serial_cic_comb.u_cic_interp16_serial_comb_dsp_ce/y_out_reg[8]/D
                            (rising edge-triggered cell FDRE clocked by core_clk_6m144  {rise@0.000ns fall@81.380ns period=162.760ns})
  Path Group:             core_clk_6m144
  Path Type:              Setup (Max at Slow Process Corner)
  Requirement:            162.760ns  (core_clk_6m144 rise@162.760ns - core_clk_6m144 rise@0.000ns)
  Data Path Delay:        10.880ns  (logic 5.035ns (46.277%)  route 5.845ns (53.723%))
  Logic Levels:           18  (CARRY4=12 DSP48E1=1 LUT3=1 LUT4=2 LUT5=1 LUT6=1)
  Clock Path Skew:        -0.038ns (DCD - SCD + CPR)
    Destination Clock Delay (DCD):    1.247ns = ( 164.007 - 162.760 ) 
    Source Clock Delay      (SCD):    1.350ns
    Clock Pessimism Removal (CPR):    0.065ns
  Clock Uncertainty:      0.035ns  ((TSJ^2 + TIJ^2)^1/2 + DJ) / 2 + PE
    Total System Jitter     (TSJ):    0.071ns
    Total Input Jitter      (TIJ):    0.000ns
    Discrete Jitter          (DJ):    0.000ns
    Phase Error              (PE):    0.000ns

    Location             Delay type                Incr(ns)  Path(ns)    Netlist Resource(s)
  -------------------------------------------------------------------    -------------------
                         (clock core_clk_6m144 rise edge)
                                                      0.000     0.000 r  
                                                      0.000     0.000 r  clk (IN)
                         net (fo=310, unset)          1.350     1.350    clk
    SLICE_X41Y59         FDRE                                         r  gen_serial_cic_comb.u_cic_interp16_serial_comb_dsp_ce/burst_remaining_reg[0]/C
  -------------------------------------------------------------------    -------------------
    SLICE_X41Y59         FDRE (Prop_fdre_C_Q)         0.379     1.729 f  gen_serial_cic_comb.u_cic_interp16_serial_comb_dsp_ce/burst_remaining_reg[0]/Q
                         net (fo=6, routed)           0.716     2.445    gen_serial_cic_comb.u_cic_interp16_serial_comb_dsp_ce/burst_remaining_reg_n_0_[0]
    SLICE_X41Y59         LUT6 (Prop_lut6_I2_O)        0.105     2.550 r  interp128_all2x_LUT6/O
                         net (fo=51, routed)          1.079     3.628    interp128_all2x_net
    SLICE_X38Y56         LUT4 (Prop_lut4_I3_O)        0.105     3.733 r  interp128_all2x_LUT4_30/O
                         net (fo=2, routed)           0.811     4.544    integrator_state[4]_i_3_n_0
    SLICE_X45Y56         CARRY4 (Prop_carry4_S[2]_CO[3])
                                                      0.437     4.981 r  gen_serial_cic_comb.u_cic_interp16_serial_comb_dsp_ce/gen_first_integrator_carry.first_integrator_sum_carry__0/CO[3]
                         net (fo=1, routed)           0.000     4.981    gen_serial_cic_comb.u_cic_interp16_serial_comb_dsp_ce/gen_first_integrator_carry.first_integrator_sum_carry__0_n_0
    SLICE_X45Y57         CARRY4 (Prop_carry4_CI_CO[3])
                                                      0.098     5.079 r  gen_serial_cic_comb.u_cic_interp16_serial_comb_dsp_ce/gen_first_integrator_carry.first_integrator_sum_carry__1/CO[3]
                         net (fo=1, routed)           0.000     5.079    gen_serial_cic_comb.u_cic_interp16_serial_comb_dsp_ce/gen_first_integrator_carry.first_integrator_sum_carry__1_n_0
    SLICE_X45Y58         CARRY4 (Prop_carry4_CI_CO[3])
                                                      0.098     5.177 r  gen_serial_cic_comb.u_cic_interp16_serial_comb_dsp_ce/gen_first_integrator_carry.first_integrator_sum_carry__2/CO[3]
                         net (fo=1, routed)           0.000     5.177    gen_serial_cic_comb.u_cic_interp16_serial_comb_dsp_ce/gen_first_integrator_carry.first_integrator_sum_carry__2_n_0
    SLICE_X45Y59         CARRY4 (Prop_carry4_CI_CO[3])
                                                      0.098     5.275 r  gen_serial_cic_comb.u_cic_interp16_serial_comb_dsp_ce/gen_first_integrator_carry.first_integrator_sum_carry__3/CO[3]
                         net (fo=1, routed)           0.000     5.275    gen_serial_cic_comb.u_cic_interp16_serial_comb_dsp_ce/gen_first_integrator_carry.first_integrator_sum_carry__3_n_0
    SLICE_X45Y60         CARRY4 (Prop_carry4_CI_CO[3])
                                                      0.098     5.373 r  gen_serial_cic_comb.u_cic_interp16_serial_comb_dsp_ce/gen_first_integrator_carry.first_integrator_sum_carry__4/CO[3]
                         net (fo=1, routed)           0.000     5.373    gen_serial_cic_comb.u_cic_interp16_serial_comb_dsp_ce/gen_first_integrator_carry.first_integrator_sum_carry__4_n_0
    SLICE_X45Y61         CARRY4 (Prop_carry4_CI_O[1])
                                                      0.265     5.638 r  gen_serial_cic_comb.u_cic_interp16_serial_comb_dsp_ce/gen_first_integrator_carry.first_integrator_sum_carry__5/O[1]
                         net (fo=23, routed)          1.020     6.658    final_input_rounded[25]
    DSP48_X1Y22          DSP48E1 (Prop_dsp48e1_A[23]_P[2])
                                                      1.889     8.547 f  gen_serial_cic_comb.u_cic_interp16_serial_comb_dsp_ce/gen_final_integrator_dsp.final_integrator_sum/P[2]
                         net (fo=2, routed)           0.814     9.362    gen_serial_cic_comb.u_cic_interp16_serial_comb_dsp_ce/gen_final_integrator_dsp.final_integrator_sum_n_103
    SLICE_X54Y55         LUT3 (Prop_lut3_I1_O)        0.105     9.467 r  interp128_all2x_LUT3_27/O
                         net (fo=1, routed)           0.473     9.939    interp128_all2x_net_19
    SLICE_X54Y56         LUT5 (Prop_lut5_I4_O)        0.105    10.044 r  interp128_all2x_LUT5_26/O
                         net (fo=1, routed)           0.000    10.044    rounded_value_carry_i_1__0_n_0
    SLICE_X54Y56         CARRY4 (Prop_carry4_S[0]_CO[3])
                                                      0.423    10.467 r  gen_serial_cic_comb.u_cic_interp16_serial_comb_dsp_ce/u_round_cic_normalized_output/rounded_value_carry/CO[3]
                         net (fo=1, routed)           0.000    10.467    gen_serial_cic_comb.u_cic_interp16_serial_comb_dsp_ce/u_round_cic_normalized_output/rounded_value_carry_n_0
    SLICE_X54Y57         CARRY4 (Prop_carry4_CI_CO[3])
                                                      0.100    10.567 r  gen_serial_cic_comb.u_cic_interp16_serial_comb_dsp_ce/u_round_cic_normalized_output/rounded_value_carry__0/CO[3]
                         net (fo=1, routed)           0.000    10.567    gen_serial_cic_comb.u_cic_interp16_serial_comb_dsp_ce/u_round_cic_normalized_output/rounded_value_carry__0_n_0
    SLICE_X54Y58         CARRY4 (Prop_carry4_CI_CO[3])
                                                      0.100    10.667 r  gen_serial_cic_comb.u_cic_interp16_serial_comb_dsp_ce/u_round_cic_normalized_output/rounded_value_carry__1/CO[3]
                         net (fo=1, routed)           0.000    10.667    gen_serial_cic_comb.u_cic_interp16_serial_comb_dsp_ce/u_round_cic_normalized_output/rounded_value_carry__1_n_0
    SLICE_X54Y59         CARRY4 (Prop_carry4_CI_CO[3])
                                                      0.100    10.767 r  gen_serial_cic_comb.u_cic_interp16_serial_comb_dsp_ce/u_round_cic_normalized_output/rounded_value_carry__2/CO[3]
                         net (fo=1, routed)           0.000    10.767    gen_serial_cic_comb.u_cic_interp16_serial_comb_dsp_ce/u_round_cic_normalized_output/rounded_value_carry__2_n_0
    SLICE_X54Y60         CARRY4 (Prop_carry4_CI_CO[3])
                                                      0.100    10.867 r  gen_serial_cic_comb.u_cic_interp16_serial_comb_dsp_ce/u_round_cic_normalized_output/rounded_value_carry__3/CO[3]
                         net (fo=1, routed)           0.000    10.867    gen_serial_cic_comb.u_cic_interp16_serial_comb_dsp_ce/u_round_cic_normalized_output/rounded_value_carry__3_n_0
    SLICE_X54Y61         CARRY4 (Prop_carry4_CI_O[0])
                                                      0.178    11.045 r  gen_serial_cic_comb.u_cic_interp16_serial_comb_dsp_ce/u_round_cic_normalized_output/rounded_value_carry__4/O[0]
                         net (fo=19, routed)          0.933    11.978    gen_serial_cic_comb.u_cic_interp16_serial_comb_dsp_ce/u_round_cic_normalized_output/rounded_value_carry__4_n_7
    SLICE_X55Y58         LUT4 (Prop_lut4_I1_O)        0.252    12.230 r  y_out[8]_i_1__0/O
                         net (fo=1, routed)           0.000    12.230    normalized_output[8]
    SLICE_X55Y58         FDRE                                         r  gen_serial_cic_comb.u_cic_interp16_serial_comb_dsp_ce/y_out_reg[8]/D
  -------------------------------------------------------------------    -------------------

                         (clock core_clk_6m144 rise edge)
                                                    162.760   162.760 r  
                                                      0.000   162.760 r  clk (IN)
                         net (fo=310, unset)          1.247   164.007    clk
    SLICE_X55Y58         FDRE                                         r  gen_serial_cic_comb.u_cic_interp16_serial_comb_dsp_ce/y_out_reg[8]/C
                         clock pessimism              0.065   164.072    
                         clock uncertainty           -0.035   164.037    
    SLICE_X55Y58         FDRE (Setup_fdre_C_D)        0.069   164.106    gen_serial_cic_comb.u_cic_interp16_serial_comb_dsp_ce/y_out_reg[8]
  -------------------------------------------------------------------
                         required time                        164.106    
                         arrival time                         -12.230    
  -------------------------------------------------------------------
                         slack                                151.876    

Slack (MET) :             151.876ns  (required time - arrival time)
  Source:                 gen_serial_cic_comb.u_cic_interp16_serial_comb_dsp_ce/burst_remaining_reg[0]/C
                            (rising edge-triggered cell FDRE clocked by core_clk_6m144  {rise@0.000ns fall@81.380ns period=162.760ns})
  Destination:            gen_serial_cic_comb.u_cic_interp16_serial_comb_dsp_ce/y_out_reg[9]/D
                            (rising edge-triggered cell FDRE clocked by core_clk_6m144  {rise@0.000ns fall@81.380ns period=162.760ns})
  Path Group:             core_clk_6m144
  Path Type:              Setup (Max at Slow Process Corner)
  Requirement:            162.760ns  (core_clk_6m144 rise@162.760ns - core_clk_6m144 rise@0.000ns)
  Data Path Delay:        10.880ns  (logic 5.035ns (46.277%)  route 5.845ns (53.723%))
  Logic Levels:           18  (CARRY4=12 DSP48E1=1 LUT3=1 LUT4=2 LUT5=1 LUT6=1)
  Clock Path Skew:        -0.038ns (DCD - SCD + CPR)
    Destination Clock Delay (DCD):    1.247ns = ( 164.007 - 162.760 ) 
    Source Clock Delay      (SCD):    1.350ns
    Clock Pessimism Removal (CPR):    0.065ns
  Clock Uncertainty:      0.035ns  ((TSJ^2 + TIJ^2)^1/2 + DJ) / 2 + PE
    Total System Jitter     (TSJ):    0.071ns
    Total Input Jitter      (TIJ):    0.000ns
    Discrete Jitter          (DJ):    0.000ns
    Phase Error              (PE):    0.000ns

    Location             Delay type                Incr(ns)  Path(ns)    Netlist Resource(s)
  -------------------------------------------------------------------    -------------------
                         (clock core_clk_6m144 rise edge)
                                                      0.000     0.000 r  
                                                      0.000     0.000 r  clk (IN)
                         net (fo=310, unset)          1.350     1.350    clk
    SLICE_X41Y59         FDRE                                         r  gen_serial_cic_comb.u_cic_interp16_serial_comb_dsp_ce/burst_remaining_reg[0]/C
  -------------------------------------------------------------------    -------------------
    SLICE_X41Y59         FDRE (Prop_fdre_C_Q)         0.379     1.729 f  gen_serial_cic_comb.u_cic_interp16_serial_comb_dsp_ce/burst_remaining_reg[0]/Q
                         net (fo=6, routed)           0.716     2.445    gen_serial_cic_comb.u_cic_interp16_serial_comb_dsp_ce/burst_remaining_reg_n_0_[0]
    SLICE_X41Y59         LUT6 (Prop_lut6_I2_O)        0.105     2.550 r  interp128_all2x_LUT6/O
                         net (fo=51, routed)          1.079     3.628    interp128_all2x_net
    SLICE_X38Y56         LUT4 (Prop_lut4_I3_O)        0.105     3.733 r  interp128_all2x_LUT4_30/O
                         net (fo=2, routed)           0.811     4.544    integrator_state[4]_i_3_n_0
    SLICE_X45Y56         CARRY4 (Prop_carry4_S[2]_CO[3])
                                                      0.437     4.981 r  gen_serial_cic_comb.u_cic_interp16_serial_comb_dsp_ce/gen_first_integrator_carry.first_integrator_sum_carry__0/CO[3]
                         net (fo=1, routed)           0.000     4.981    gen_serial_cic_comb.u_cic_interp16_serial_comb_dsp_ce/gen_first_integrator_carry.first_integrator_sum_carry__0_n_0
    SLICE_X45Y57         CARRY4 (Prop_carry4_CI_CO[3])
                                                      0.098     5.079 r  gen_serial_cic_comb.u_cic_interp16_serial_comb_dsp_ce/gen_first_integrator_carry.first_integrator_sum_carry__1/CO[3]
                         net (fo=1, routed)           0.000     5.079    gen_serial_cic_comb.u_cic_interp16_serial_comb_dsp_ce/gen_first_integrator_carry.first_integrator_sum_carry__1_n_0
    SLICE_X45Y58         CARRY4 (Prop_carry4_CI_CO[3])
                                                      0.098     5.177 r  gen_serial_cic_comb.u_cic_interp16_serial_comb_dsp_ce/gen_first_integrator_carry.first_integrator_sum_carry__2/CO[3]
                         net (fo=1, routed)           0.000     5.177    gen_serial_cic_comb.u_cic_interp16_serial_comb_dsp_ce/gen_first_integrator_carry.first_integrator_sum_carry__2_n_0
    SLICE_X45Y59         CARRY4 (Prop_carry4_CI_CO[3])
                                                      0.098     5.275 r  gen_serial_cic_comb.u_cic_interp16_serial_comb_dsp_ce/gen_first_integrator_carry.first_integrator_sum_carry__3/CO[3]
                         net (fo=1, routed)           0.000     5.275    gen_serial_cic_comb.u_cic_interp16_serial_comb_dsp_ce/gen_first_integrator_carry.first_integrator_sum_carry__3_n_0
    SLICE_X45Y60         CARRY4 (Prop_carry4_CI_CO[3])
                                                      0.098     5.373 r  gen_serial_cic_comb.u_cic_interp16_serial_comb_dsp_ce/gen_first_integrator_carry.first_integrator_sum_carry__4/CO[3]
                         net (fo=1, routed)           0.000     5.373    gen_serial_cic_comb.u_cic_interp16_serial_comb_dsp_ce/gen_first_integrator_carry.first_integrator_sum_carry__4_n_0
    SLICE_X45Y61         CARRY4 (Prop_carry4_CI_O[1])
                                                      0.265     5.638 r  gen_serial_cic_comb.u_cic_interp16_serial_comb_dsp_ce/gen_first_integrator_carry.first_integrator_sum_carry__5/O[1]
                         net (fo=23, routed)          1.020     6.658    final_input_rounded[25]
    DSP48_X1Y22          DSP48E1 (Prop_dsp48e1_A[23]_P[2])
                                                      1.889     8.547 f  gen_serial_cic_comb.u_cic_interp16_serial_comb_dsp_ce/gen_final_integrator_dsp.final_integrator_sum/P[2]
                         net (fo=2, routed)           0.814     9.362    gen_serial_cic_comb.u_cic_interp16_serial_comb_dsp_ce/gen_final_integrator_dsp.final_integrator_sum_n_103
    SLICE_X54Y55         LUT3 (Prop_lut3_I1_O)        0.105     9.467 r  interp128_all2x_LUT3_27/O
                         net (fo=1, routed)           0.473     9.939    interp128_all2x_net_19
    SLICE_X54Y56         LUT5 (Prop_lut5_I4_O)        0.105    10.044 r  interp128_all2x_LUT5_26/O
                         net (fo=1, routed)           0.000    10.044    rounded_value_carry_i_1__0_n_0
    SLICE_X54Y56         CARRY4 (Prop_carry4_S[0]_CO[3])
                                                      0.423    10.467 r  gen_serial_cic_comb.u_cic_interp16_serial_comb_dsp_ce/u_round_cic_normalized_output/rounded_value_carry/CO[3]
                         net (fo=1, routed)           0.000    10.467    gen_serial_cic_comb.u_cic_interp16_serial_comb_dsp_ce/u_round_cic_normalized_output/rounded_value_carry_n_0
    SLICE_X54Y57         CARRY4 (Prop_carry4_CI_CO[3])
                                                      0.100    10.567 r  gen_serial_cic_comb.u_cic_interp16_serial_comb_dsp_ce/u_round_cic_normalized_output/rounded_value_carry__0/CO[3]
                         net (fo=1, routed)           0.000    10.567    gen_serial_cic_comb.u_cic_interp16_serial_comb_dsp_ce/u_round_cic_normalized_output/rounded_value_carry__0_n_0
    SLICE_X54Y58         CARRY4 (Prop_carry4_CI_CO[3])
                                                      0.100    10.667 r  gen_serial_cic_comb.u_cic_interp16_serial_comb_dsp_ce/u_round_cic_normalized_output/rounded_value_carry__1/CO[3]
                         net (fo=1, routed)           0.000    10.667    gen_serial_cic_comb.u_cic_interp16_serial_comb_dsp_ce/u_round_cic_normalized_output/rounded_value_carry__1_n_0
    SLICE_X54Y59         CARRY4 (Prop_carry4_CI_CO[3])
                                                      0.100    10.767 r  gen_serial_cic_comb.u_cic_interp16_serial_comb_dsp_ce/u_round_cic_normalized_output/rounded_value_carry__2/CO[3]
                         net (fo=1, routed)           0.000    10.767    gen_serial_cic_comb.u_cic_interp16_serial_comb_dsp_ce/u_round_cic_normalized_output/rounded_value_carry__2_n_0
    SLICE_X54Y60         CARRY4 (Prop_carry4_CI_CO[3])
                                                      0.100    10.867 r  gen_serial_cic_comb.u_cic_interp16_serial_comb_dsp_ce/u_round_cic_normalized_output/rounded_value_carry__3/CO[3]
                         net (fo=1, routed)           0.000    10.867    gen_serial_cic_comb.u_cic_interp16_serial_comb_dsp_ce/u_round_cic_normalized_output/rounded_value_carry__3_n_0
    SLICE_X54Y61         CARRY4 (Prop_carry4_CI_O[0])
                                                      0.178    11.045 r  gen_serial_cic_comb.u_cic_interp16_serial_comb_dsp_ce/u_round_cic_normalized_output/rounded_value_carry__4/O[0]
                         net (fo=19, routed)          0.933    11.978    gen_serial_cic_comb.u_cic_interp16_serial_comb_dsp_ce/u_round_cic_normalized_output/rounded_value_carry__4_n_7
    SLICE_X55Y58         LUT4 (Prop_lut4_I1_O)        0.252    12.230 r  y_out[9]_i_1__0/O
                         net (fo=1, routed)           0.000    12.230    normalized_output[9]
    SLICE_X55Y58         FDRE                                         r  gen_serial_cic_comb.u_cic_interp16_serial_comb_dsp_ce/y_out_reg[9]/D
  -------------------------------------------------------------------    -------------------

                         (clock core_clk_6m144 rise edge)
                                                    162.760   162.760 r  
                                                      0.000   162.760 r  clk (IN)
                         net (fo=310, unset)          1.247   164.007    clk
    SLICE_X55Y58         FDRE                                         r  gen_serial_cic_comb.u_cic_interp16_serial_comb_dsp_ce/y_out_reg[9]/C
                         clock pessimism              0.065   164.072    
                         clock uncertainty           -0.035   164.037    
    SLICE_X55Y58         FDRE (Setup_fdre_C_D)        0.069   164.106    gen_serial_cic_comb.u_cic_interp16_serial_comb_dsp_ce/y_out_reg[9]
  -------------------------------------------------------------------
                         required time                        164.106    
                         arrival time                         -12.230    
  -------------------------------------------------------------------
                         slack                                151.876    

Slack (MET) :             151.975ns  (required time - arrival time)
  Source:                 gen_serial_cic_comb.u_cic_interp16_serial_comb_dsp_ce/burst_remaining_reg[0]/C
                            (rising edge-triggered cell FDRE clocked by core_clk_6m144  {rise@0.000ns fall@81.380ns period=162.760ns})
  Destination:            gen_serial_cic_comb.u_cic_interp16_serial_comb_dsp_ce/y_out_reg[11]/D
                            (rising edge-triggered cell FDRE clocked by core_clk_6m144  {rise@0.000ns fall@81.380ns period=162.760ns})
  Path Group:             core_clk_6m144
  Path Type:              Setup (Max at Slow Process Corner)
  Requirement:            162.760ns  (core_clk_6m144 rise@162.760ns - core_clk_6m144 rise@0.000ns)
  Data Path Delay:        10.741ns  (logic 5.021ns (46.745%)  route 5.720ns (53.255%))
  Logic Levels:           18  (CARRY4=12 DSP48E1=1 LUT3=1 LUT4=2 LUT5=1 LUT6=1)
  Clock Path Skew:        -0.038ns (DCD - SCD + CPR)
    Destination Clock Delay (DCD):    1.247ns = ( 164.007 - 162.760 ) 
    Source Clock Delay      (SCD):    1.350ns
    Clock Pessimism Removal (CPR):    0.065ns
  Clock Uncertainty:      0.035ns  ((TSJ^2 + TIJ^2)^1/2 + DJ) / 2 + PE
    Total System Jitter     (TSJ):    0.071ns
    Total Input Jitter      (TIJ):    0.000ns
    Discrete Jitter          (DJ):    0.000ns
    Phase Error              (PE):    0.000ns

    Location             Delay type                Incr(ns)  Path(ns)    Netlist Resource(s)
  -------------------------------------------------------------------    -------------------
                         (clock core_clk_6m144 rise edge)
                                                      0.000     0.000 r  
                                                      0.000     0.000 r  clk (IN)
                         net (fo=310, unset)          1.350     1.350    clk
    SLICE_X41Y59         FDRE                                         r  gen_serial_cic_comb.u_cic_interp16_serial_comb_dsp_ce/burst_remaining_reg[0]/C
  -------------------------------------------------------------------    -------------------
    SLICE_X41Y59         FDRE (Prop_fdre_C_Q)         0.379     1.729 f  gen_serial_cic_comb.u_cic_interp16_serial_comb_dsp_ce/burst_remaining_reg[0]/Q
                         net (fo=6, routed)           0.716     2.445    gen_serial_cic_comb.u_cic_interp16_serial_comb_dsp_ce/burst_remaining_reg_n_0_[0]
    SLICE_X41Y59         LUT6 (Prop_lut6_I2_O)        0.105     2.550 r  interp128_all2x_LUT6/O
                         net (fo=51, routed)          1.079     3.628    interp128_all2x_net
    SLICE_X38Y56         LUT4 (Prop_lut4_I3_O)        0.105     3.733 r  interp128_all2x_LUT4_30/O
                         net (fo=2, routed)           0.811     4.544    integrator_state[4]_i_3_n_0
    SLICE_X45Y56         CARRY4 (Prop_carry4_S[2]_CO[3])
                                                      0.437     4.981 r  gen_serial_cic_comb.u_cic_interp16_serial_comb_dsp_ce/gen_first_integrator_carry.first_integrator_sum_carry__0/CO[3]
                         net (fo=1, routed)           0.000     4.981    gen_serial_cic_comb.u_cic_interp16_serial_comb_dsp_ce/gen_first_integrator_carry.first_integrator_sum_carry__0_n_0
    SLICE_X45Y57         CARRY4 (Prop_carry4_CI_CO[3])
                                                      0.098     5.079 r  gen_serial_cic_comb.u_cic_interp16_serial_comb_dsp_ce/gen_first_integrator_carry.first_integrator_sum_carry__1/CO[3]
                         net (fo=1, routed)           0.000     5.079    gen_serial_cic_comb.u_cic_interp16_serial_comb_dsp_ce/gen_first_integrator_carry.first_integrator_sum_carry__1_n_0
    SLICE_X45Y58         CARRY4 (Prop_carry4_CI_CO[3])
                                                      0.098     5.177 r  gen_serial_cic_comb.u_cic_interp16_serial_comb_dsp_ce/gen_first_integrator_carry.first_integrator_sum_carry__2/CO[3]
                         net (fo=1, routed)           0.000     5.177    gen_serial_cic_comb.u_cic_interp16_serial_comb_dsp_ce/gen_first_integrator_carry.first_integrator_sum_carry__2_n_0
    SLICE_X45Y59         CARRY4 (Prop_carry4_CI_CO[3])
                                                      0.098     5.275 r  gen_serial_cic_comb.u_cic_interp16_serial_comb_dsp_ce/gen_first_integrator_carry.first_integrator_sum_carry__3/CO[3]
                         net (fo=1, routed)           0.000     5.275    gen_serial_cic_comb.u_cic_interp16_serial_comb_dsp_ce/gen_first_integrator_carry.first_integrator_sum_carry__3_n_0
    SLICE_X45Y60         CARRY4 (Prop_carry4_CI_CO[3])
                                                      0.098     5.373 r  gen_serial_cic_comb.u_cic_interp16_serial_comb_dsp_ce/gen_first_integrator_carry.first_integrator_sum_carry__4/CO[3]
                         net (fo=1, routed)           0.000     5.373    gen_serial_cic_comb.u_cic_interp16_serial_comb_dsp_ce/gen_first_integrator_carry.first_integrator_sum_carry__4_n_0
    SLICE_X45Y61         CARRY4 (Prop_carry4_CI_O[1])
                                                      0.265     5.638 r  gen_serial_cic_comb.u_cic_interp16_serial_comb_dsp_ce/gen_first_integrator_carry.first_integrator_sum_carry__5/O[1]
                         net (fo=23, routed)          1.020     6.658    final_input_rounded[25]
    DSP48_X1Y22          DSP48E1 (Prop_dsp48e1_A[23]_P[2])
                                                      1.889     8.547 f  gen_serial_cic_comb.u_cic_interp16_serial_comb_dsp_ce/gen_final_integrator_dsp.final_integrator_sum/P[2]
                         net (fo=2, routed)           0.814     9.362    gen_serial_cic_comb.u_cic_interp16_serial_comb_dsp_ce/gen_final_integrator_dsp.final_integrator_sum_n_103
    SLICE_X54Y55         LUT3 (Prop_lut3_I1_O)        0.105     9.467 r  interp128_all2x_LUT3_27/O
                         net (fo=1, routed)           0.473     9.939    interp128_all2x_net_19
    SLICE_X54Y56         LUT5 (Prop_lut5_I4_O)        0.105    10.044 r  interp128_all2x_LUT5_26/O
                         net (fo=1, routed)           0.000    10.044    rounded_value_carry_i_1__0_n_0
    SLICE_X54Y56         CARRY4 (Prop_carry4_S[0]_CO[3])
                                                      0.423    10.467 r  gen_serial_cic_comb.u_cic_interp16_serial_comb_dsp_ce/u_round_cic_normalized_output/rounded_value_carry/CO[3]
                         net (fo=1, routed)           0.000    10.467    gen_serial_cic_comb.u_cic_interp16_serial_comb_dsp_ce/u_round_cic_normalized_output/rounded_value_carry_n_0
    SLICE_X54Y57         CARRY4 (Prop_carry4_CI_CO[3])
                                                      0.100    10.567 r  gen_serial_cic_comb.u_cic_interp16_serial_comb_dsp_ce/u_round_cic_normalized_output/rounded_value_carry__0/CO[3]
                         net (fo=1, routed)           0.000    10.567    gen_serial_cic_comb.u_cic_interp16_serial_comb_dsp_ce/u_round_cic_normalized_output/rounded_value_carry__0_n_0
    SLICE_X54Y58         CARRY4 (Prop_carry4_CI_CO[3])
                                                      0.100    10.667 r  gen_serial_cic_comb.u_cic_interp16_serial_comb_dsp_ce/u_round_cic_normalized_output/rounded_value_carry__1/CO[3]
                         net (fo=1, routed)           0.000    10.667    gen_serial_cic_comb.u_cic_interp16_serial_comb_dsp_ce/u_round_cic_normalized_output/rounded_value_carry__1_n_0
    SLICE_X54Y59         CARRY4 (Prop_carry4_CI_CO[3])
                                                      0.100    10.767 r  gen_serial_cic_comb.u_cic_interp16_serial_comb_dsp_ce/u_round_cic_normalized_output/rounded_value_carry__2/CO[3]
                         net (fo=1, routed)           0.000    10.767    gen_serial_cic_comb.u_cic_interp16_serial_comb_dsp_ce/u_round_cic_normalized_output/rounded_value_carry__2_n_0
    SLICE_X54Y60         CARRY4 (Prop_carry4_CI_CO[3])
                                                      0.100    10.867 r  gen_serial_cic_comb.u_cic_interp16_serial_comb_dsp_ce/u_round_cic_normalized_output/rounded_value_carry__3/CO[3]
                         net (fo=1, routed)           0.000    10.867    gen_serial_cic_comb.u_cic_interp16_serial_comb_dsp_ce/u_round_cic_normalized_output/rounded_value_carry__3_n_0
    SLICE_X54Y61         CARRY4 (Prop_carry4_CI_O[0])
                                                      0.178    11.045 r  gen_serial_cic_comb.u_cic_interp16_serial_comb_dsp_ce/u_round_cic_normalized_output/rounded_value_carry__4/O[0]
                         net (fo=19, routed)          0.808    11.853    gen_serial_cic_comb.u_cic_interp16_serial_comb_dsp_ce/u_round_cic_normalized_output/rounded_value_carry__4_n_7
    SLICE_X55Y59         LUT4 (Prop_lut4_I1_O)        0.238    12.091 r  y_out[11]_i_1__0/O
                         net (fo=1, routed)           0.000    12.091    normalized_output[11]
    SLICE_X55Y59         FDRE                                         r  gen_serial_cic_comb.u_cic_interp16_serial_comb_dsp_ce/y_out_reg[11]/D
  -------------------------------------------------------------------    -------------------

                         (clock core_clk_6m144 rise edge)
                                                    162.760   162.760 r  
                                                      0.000   162.760 r  clk (IN)
                         net (fo=310, unset)          1.247   164.007    clk
    SLICE_X55Y59         FDRE                                         r  gen_serial_cic_comb.u_cic_interp16_serial_comb_dsp_ce/y_out_reg[11]/C
                         clock pessimism              0.065   164.072    
                         clock uncertainty           -0.035   164.037    
    SLICE_X55Y59         FDRE (Setup_fdre_C_D)        0.030   164.067    gen_serial_cic_comb.u_cic_interp16_serial_comb_dsp_ce/y_out_reg[11]
  -------------------------------------------------------------------
                         required time                        164.067    
                         arrival time                         -12.091    
  -------------------------------------------------------------------
                         slack                                151.975    

Slack (MET) :             151.977ns  (required time - arrival time)
  Source:                 gen_serial_cic_comb.u_cic_interp16_serial_comb_dsp_ce/burst_remaining_reg[0]/C
                            (rising edge-triggered cell FDRE clocked by core_clk_6m144  {rise@0.000ns fall@81.380ns period=162.760ns})
  Destination:            gen_serial_cic_comb.u_cic_interp16_serial_comb_dsp_ce/y_out_reg[13]/D
                            (rising edge-triggered cell FDRE clocked by core_clk_6m144  {rise@0.000ns fall@81.380ns period=162.760ns})
  Path Group:             core_clk_6m144
  Path Type:              Setup (Max at Slow Process Corner)
  Requirement:            162.760ns  (core_clk_6m144 rise@162.760ns - core_clk_6m144 rise@0.000ns)
  Data Path Delay:        10.741ns  (logic 5.021ns (46.745%)  route 5.720ns (53.255%))
  Logic Levels:           18  (CARRY4=12 DSP48E1=1 LUT3=1 LUT4=2 LUT5=1 LUT6=1)
  Clock Path Skew:        -0.038ns (DCD - SCD + CPR)
    Destination Clock Delay (DCD):    1.247ns = ( 164.007 - 162.760 ) 
    Source Clock Delay      (SCD):    1.350ns
    Clock Pessimism Removal (CPR):    0.065ns
  Clock Uncertainty:      0.035ns  ((TSJ^2 + TIJ^2)^1/2 + DJ) / 2 + PE
    Total System Jitter     (TSJ):    0.071ns
    Total Input Jitter      (TIJ):    0.000ns
    Discrete Jitter          (DJ):    0.000ns
    Phase Error              (PE):    0.000ns

    Location             Delay type                Incr(ns)  Path(ns)    Netlist Resource(s)
  -------------------------------------------------------------------    -------------------
                         (clock core_clk_6m144 rise edge)
                                                      0.000     0.000 r  
                                                      0.000     0.000 r  clk (IN)
                         net (fo=310, unset)          1.350     1.350    clk
    SLICE_X41Y59         FDRE                                         r  gen_serial_cic_comb.u_cic_interp16_serial_comb_dsp_ce/burst_remaining_reg[0]/C
  -------------------------------------------------------------------    -------------------
    SLICE_X41Y59         FDRE (Prop_fdre_C_Q)         0.379     1.729 f  gen_serial_cic_comb.u_cic_interp16_serial_comb_dsp_ce/burst_remaining_reg[0]/Q
                         net (fo=6, routed)           0.716     2.445    gen_serial_cic_comb.u_cic_interp16_serial_comb_dsp_ce/burst_remaining_reg_n_0_[0]
    SLICE_X41Y59         LUT6 (Prop_lut6_I2_O)        0.105     2.550 r  interp128_all2x_LUT6/O
                         net (fo=51, routed)          1.079     3.628    interp128_all2x_net
    SLICE_X38Y56         LUT4 (Prop_lut4_I3_O)        0.105     3.733 r  interp128_all2x_LUT4_30/O
                         net (fo=2, routed)           0.811     4.544    integrator_state[4]_i_3_n_0
    SLICE_X45Y56         CARRY4 (Prop_carry4_S[2]_CO[3])
                                                      0.437     4.981 r  gen_serial_cic_comb.u_cic_interp16_serial_comb_dsp_ce/gen_first_integrator_carry.first_integrator_sum_carry__0/CO[3]
                         net (fo=1, routed)           0.000     4.981    gen_serial_cic_comb.u_cic_interp16_serial_comb_dsp_ce/gen_first_integrator_carry.first_integrator_sum_carry__0_n_0
    SLICE_X45Y57         CARRY4 (Prop_carry4_CI_CO[3])
                                                      0.098     5.079 r  gen_serial_cic_comb.u_cic_interp16_serial_comb_dsp_ce/gen_first_integrator_carry.first_integrator_sum_carry__1/CO[3]
                         net (fo=1, routed)           0.000     5.079    gen_serial_cic_comb.u_cic_interp16_serial_comb_dsp_ce/gen_first_integrator_carry.first_integrator_sum_carry__1_n_0
    SLICE_X45Y58         CARRY4 (Prop_carry4_CI_CO[3])
                                                      0.098     5.177 r  gen_serial_cic_comb.u_cic_interp16_serial_comb_dsp_ce/gen_first_integrator_carry.first_integrator_sum_carry__2/CO[3]
                         net (fo=1, routed)           0.000     5.177    gen_serial_cic_comb.u_cic_interp16_serial_comb_dsp_ce/gen_first_integrator_carry.first_integrator_sum_carry__2_n_0
    SLICE_X45Y59         CARRY4 (Prop_carry4_CI_CO[3])
                                                      0.098     5.275 r  gen_serial_cic_comb.u_cic_interp16_serial_comb_dsp_ce/gen_first_integrator_carry.first_integrator_sum_carry__3/CO[3]
                         net (fo=1, routed)           0.000     5.275    gen_serial_cic_comb.u_cic_interp16_serial_comb_dsp_ce/gen_first_integrator_carry.first_integrator_sum_carry__3_n_0
    SLICE_X45Y60         CARRY4 (Prop_carry4_CI_CO[3])
                                                      0.098     5.373 r  gen_serial_cic_comb.u_cic_interp16_serial_comb_dsp_ce/gen_first_integrator_carry.first_integrator_sum_carry__4/CO[3]
                         net (fo=1, routed)           0.000     5.373    gen_serial_cic_comb.u_cic_interp16_serial_comb_dsp_ce/gen_first_integrator_carry.first_integrator_sum_carry__4_n_0
    SLICE_X45Y61         CARRY4 (Prop_carry4_CI_O[1])
                                                      0.265     5.638 r  gen_serial_cic_comb.u_cic_interp16_serial_comb_dsp_ce/gen_first_integrator_carry.first_integrator_sum_carry__5/O[1]
                         net (fo=23, routed)          1.020     6.658    final_input_rounded[25]
    DSP48_X1Y22          DSP48E1 (Prop_dsp48e1_A[23]_P[2])
                                                      1.889     8.547 f  gen_serial_cic_comb.u_cic_interp16_serial_comb_dsp_ce/gen_final_integrator_dsp.final_integrator_sum/P[2]
                         net (fo=2, routed)           0.814     9.362    gen_serial_cic_comb.u_cic_interp16_serial_comb_dsp_ce/gen_final_integrator_dsp.final_integrator_sum_n_103
    SLICE_X54Y55         LUT3 (Prop_lut3_I1_O)        0.105     9.467 r  interp128_all2x_LUT3_27/O
                         net (fo=1, routed)           0.473     9.939    interp128_all2x_net_19
    SLICE_X54Y56         LUT5 (Prop_lut5_I4_O)        0.105    10.044 r  interp128_all2x_LUT5_26/O
                         net (fo=1, routed)           0.000    10.044    rounded_value_carry_i_1__0_n_0
    SLICE_X54Y56         CARRY4 (Prop_carry4_S[0]_CO[3])
                                                      0.423    10.467 r  gen_serial_cic_comb.u_cic_interp16_serial_comb_dsp_ce/u_round_cic_normalized_output/rounded_value_carry/CO[3]
                         net (fo=1, routed)           0.000    10.467    gen_serial_cic_comb.u_cic_interp16_serial_comb_dsp_ce/u_round_cic_normalized_output/rounded_value_carry_n_0
    SLICE_X54Y57         CARRY4 (Prop_carry4_CI_CO[3])
                                                      0.100    10.567 r  gen_serial_cic_comb.u_cic_interp16_serial_comb_dsp_ce/u_round_cic_normalized_output/rounded_value_carry__0/CO[3]
                         net (fo=1, routed)           0.000    10.567    gen_serial_cic_comb.u_cic_interp16_serial_comb_dsp_ce/u_round_cic_normalized_output/rounded_value_carry__0_n_0
    SLICE_X54Y58         CARRY4 (Prop_carry4_CI_CO[3])
                                                      0.100    10.667 r  gen_serial_cic_comb.u_cic_interp16_serial_comb_dsp_ce/u_round_cic_normalized_output/rounded_value_carry__1/CO[3]
                         net (fo=1, routed)           0.000    10.667    gen_serial_cic_comb.u_cic_interp16_serial_comb_dsp_ce/u_round_cic_normalized_output/rounded_value_carry__1_n_0
    SLICE_X54Y59         CARRY4 (Prop_carry4_CI_CO[3])
                                                      0.100    10.767 r  gen_serial_cic_comb.u_cic_interp16_serial_comb_dsp_ce/u_round_cic_normalized_output/rounded_value_carry__2/CO[3]
                         net (fo=1, routed)           0.000    10.767    gen_serial_cic_comb.u_cic_interp16_serial_comb_dsp_ce/u_round_cic_normalized_output/rounded_value_carry__2_n_0
    SLICE_X54Y60         CARRY4 (Prop_carry4_CI_CO[3])
                                                      0.100    10.867 r  gen_serial_cic_comb.u_cic_interp16_serial_comb_dsp_ce/u_round_cic_normalized_output/rounded_value_carry__3/CO[3]
                         net (fo=1, routed)           0.000    10.867    gen_serial_cic_comb.u_cic_interp16_serial_comb_dsp_ce/u_round_cic_normalized_output/rounded_value_carry__3_n_0
    SLICE_X54Y61         CARRY4 (Prop_carry4_CI_O[0])
                                                      0.178    11.045 r  gen_serial_cic_comb.u_cic_interp16_serial_comb_dsp_ce/u_round_cic_normalized_output/rounded_value_carry__4/O[0]
                         net (fo=19, routed)          0.808    11.853    gen_serial_cic_comb.u_cic_interp16_serial_comb_dsp_ce/u_round_cic_normalized_output/rounded_value_carry__4_n_7
    SLICE_X55Y59         LUT4 (Prop_lut4_I1_O)        0.238    12.091 r  y_out[13]_i_1__0/O
                         net (fo=1, routed)           0.000    12.091    normalized_output[13]
    SLICE_X55Y59         FDRE                                         r  gen_serial_cic_comb.u_cic_interp16_serial_comb_dsp_ce/y_out_reg[13]/D
  -------------------------------------------------------------------    -------------------

                         (clock core_clk_6m144 rise edge)
                                                    162.760   162.760 r  
                                                      0.000   162.760 r  clk (IN)
                         net (fo=310, unset)          1.247   164.007    clk
    SLICE_X55Y59         FDRE                                         r  gen_serial_cic_comb.u_cic_interp16_serial_comb_dsp_ce/y_out_reg[13]/C
                         clock pessimism              0.065   164.072    
                         clock uncertainty           -0.035   164.037    
    SLICE_X55Y59         FDRE (Setup_fdre_C_D)        0.032   164.069    gen_serial_cic_comb.u_cic_interp16_serial_comb_dsp_ce/y_out_reg[13]
  -------------------------------------------------------------------
                         required time                        164.069    
                         arrival time                         -12.091    
  -------------------------------------------------------------------
                         slack                                151.977    

Slack (MET) :             151.993ns  (required time - arrival time)
  Source:                 gen_serial_cic_comb.u_cic_interp16_serial_comb_dsp_ce/burst_remaining_reg[0]/C
                            (rising edge-triggered cell FDRE clocked by core_clk_6m144  {rise@0.000ns fall@81.380ns period=162.760ns})
  Destination:            gen_serial_cic_comb.u_cic_interp16_serial_comb_dsp_ce/y_out_reg[19]/D
                            (rising edge-triggered cell FDRE clocked by core_clk_6m144  {rise@0.000ns fall@81.380ns period=162.760ns})
  Path Group:             core_clk_6m144
  Path Type:              Setup (Max at Slow Process Corner)
  Requirement:            162.760ns  (core_clk_6m144 rise@162.760ns - core_clk_6m144 rise@0.000ns)
  Data Path Delay:        10.763ns  (logic 5.016ns (46.603%)  route 5.747ns (53.397%))
  Logic Levels:           18  (CARRY4=12 DSP48E1=1 LUT1=1 LUT3=1 LUT4=1 LUT5=1 LUT6=1)
  Clock Path Skew:        -0.037ns (DCD - SCD + CPR)
    Destination Clock Delay (DCD):    1.248ns = ( 164.008 - 162.760 ) 
    Source Clock Delay      (SCD):    1.350ns
    Clock Pessimism Removal (CPR):    0.065ns
  Clock Uncertainty:      0.035ns  ((TSJ^2 + TIJ^2)^1/2 + DJ) / 2 + PE
    Total System Jitter     (TSJ):    0.071ns
    Total Input Jitter      (TIJ):    0.000ns
    Discrete Jitter          (DJ):    0.000ns
    Phase Error              (PE):    0.000ns

    Location             Delay type                Incr(ns)  Path(ns)    Netlist Resource(s)
  -------------------------------------------------------------------    -------------------
                         (clock core_clk_6m144 rise edge)
                                                      0.000     0.000 r  
                                                      0.000     0.000 r  clk (IN)
                         net (fo=310, unset)          1.350     1.350    clk
    SLICE_X41Y59         FDRE                                         r  gen_serial_cic_comb.u_cic_interp16_serial_comb_dsp_ce/burst_remaining_reg[0]/C
  -------------------------------------------------------------------    -------------------
    SLICE_X41Y59         FDRE (Prop_fdre_C_Q)         0.379     1.729 f  gen_serial_cic_comb.u_cic_interp16_serial_comb_dsp_ce/burst_remaining_reg[0]/Q
                         net (fo=6, routed)           0.716     2.445    gen_serial_cic_comb.u_cic_interp16_serial_comb_dsp_ce/burst_remaining_reg_n_0_[0]
    SLICE_X41Y59         LUT6 (Prop_lut6_I2_O)        0.105     2.550 r  interp128_all2x_LUT6/O
                         net (fo=51, routed)          1.079     3.628    interp128_all2x_net
    SLICE_X38Y56         LUT4 (Prop_lut4_I3_O)        0.105     3.733 r  interp128_all2x_LUT4_30/O
                         net (fo=2, routed)           0.811     4.544    integrator_state[4]_i_3_n_0
    SLICE_X45Y56         CARRY4 (Prop_carry4_S[2]_CO[3])
                                                      0.437     4.981 r  gen_serial_cic_comb.u_cic_interp16_serial_comb_dsp_ce/gen_first_integrator_carry.first_integrator_sum_carry__0/CO[3]
                         net (fo=1, routed)           0.000     4.981    gen_serial_cic_comb.u_cic_interp16_serial_comb_dsp_ce/gen_first_integrator_carry.first_integrator_sum_carry__0_n_0
    SLICE_X45Y57         CARRY4 (Prop_carry4_CI_CO[3])
                                                      0.098     5.079 r  gen_serial_cic_comb.u_cic_interp16_serial_comb_dsp_ce/gen_first_integrator_carry.first_integrator_sum_carry__1/CO[3]
                         net (fo=1, routed)           0.000     5.079    gen_serial_cic_comb.u_cic_interp16_serial_comb_dsp_ce/gen_first_integrator_carry.first_integrator_sum_carry__1_n_0
    SLICE_X45Y58         CARRY4 (Prop_carry4_CI_CO[3])
                                                      0.098     5.177 r  gen_serial_cic_comb.u_cic_interp16_serial_comb_dsp_ce/gen_first_integrator_carry.first_integrator_sum_carry__2/CO[3]
                         net (fo=1, routed)           0.000     5.177    gen_serial_cic_comb.u_cic_interp16_serial_comb_dsp_ce/gen_first_integrator_carry.first_integrator_sum_carry__2_n_0
    SLICE_X45Y59         CARRY4 (Prop_carry4_CI_CO[3])
                                                      0.098     5.275 r  gen_serial_cic_comb.u_cic_interp16_serial_comb_dsp_ce/gen_first_integrator_carry.first_integrator_sum_carry__3/CO[3]
                         net (fo=1, routed)           0.000     5.275    gen_serial_cic_comb.u_cic_interp16_serial_comb_dsp_ce/gen_first_integrator_carry.first_integrator_sum_carry__3_n_0
    SLICE_X45Y60         CARRY4 (Prop_carry4_CI_CO[3])
                                                      0.098     5.373 r  gen_serial_cic_comb.u_cic_interp16_serial_comb_dsp_ce/gen_first_integrator_carry.first_integrator_sum_carry__4/CO[3]
                         net (fo=1, routed)           0.000     5.373    gen_serial_cic_comb.u_cic_interp16_serial_comb_dsp_ce/gen_first_integrator_carry.first_integrator_sum_carry__4_n_0
    SLICE_X45Y61         CARRY4 (Prop_carry4_CI_O[1])
                                                      0.265     5.638 r  gen_serial_cic_comb.u_cic_interp16_serial_comb_dsp_ce/gen_first_integrator_carry.first_integrator_sum_carry__5/O[1]
                         net (fo=23, routed)          1.020     6.658    final_input_rounded[25]
    DSP48_X1Y22          DSP48E1 (Prop_dsp48e1_A[23]_P[2])
                                                      1.889     8.547 f  gen_serial_cic_comb.u_cic_interp16_serial_comb_dsp_ce/gen_final_integrator_dsp.final_integrator_sum/P[2]
                         net (fo=2, routed)           0.814     9.362    gen_serial_cic_comb.u_cic_interp16_serial_comb_dsp_ce/gen_final_integrator_dsp.final_integrator_sum_n_103
    SLICE_X54Y55         LUT3 (Prop_lut3_I1_O)        0.105     9.467 r  interp128_all2x_LUT3_27/O
                         net (fo=1, routed)           0.473     9.939    interp128_all2x_net_19
    SLICE_X54Y56         LUT5 (Prop_lut5_I4_O)        0.105    10.044 r  interp128_all2x_LUT5_26/O
                         net (fo=1, routed)           0.000    10.044    rounded_value_carry_i_1__0_n_0
    SLICE_X54Y56         CARRY4 (Prop_carry4_S[0]_CO[3])
                                                      0.423    10.467 r  gen_serial_cic_comb.u_cic_interp16_serial_comb_dsp_ce/u_round_cic_normalized_output/rounded_value_carry/CO[3]
                         net (fo=1, routed)           0.000    10.467    gen_serial_cic_comb.u_cic_interp16_serial_comb_dsp_ce/u_round_cic_normalized_output/rounded_value_carry_n_0
    SLICE_X54Y57         CARRY4 (Prop_carry4_CI_CO[3])
                                                      0.100    10.567 r  gen_serial_cic_comb.u_cic_interp16_serial_comb_dsp_ce/u_round_cic_normalized_output/rounded_value_carry__0/CO[3]
                         net (fo=1, routed)           0.000    10.567    gen_serial_cic_comb.u_cic_interp16_serial_comb_dsp_ce/u_round_cic_normalized_output/rounded_value_carry__0_n_0
    SLICE_X54Y58         CARRY4 (Prop_carry4_CI_CO[3])
                                                      0.100    10.667 r  gen_serial_cic_comb.u_cic_interp16_serial_comb_dsp_ce/u_round_cic_normalized_output/rounded_value_carry__1/CO[3]
                         net (fo=1, routed)           0.000    10.667    gen_serial_cic_comb.u_cic_interp16_serial_comb_dsp_ce/u_round_cic_normalized_output/rounded_value_carry__1_n_0
    SLICE_X54Y59         CARRY4 (Prop_carry4_CI_CO[3])
                                                      0.100    10.767 r  gen_serial_cic_comb.u_cic_interp16_serial_comb_dsp_ce/u_round_cic_normalized_output/rounded_value_carry__2/CO[3]
                         net (fo=1, routed)           0.000    10.767    gen_serial_cic_comb.u_cic_interp16_serial_comb_dsp_ce/u_round_cic_normalized_output/rounded_value_carry__2_n_0
    SLICE_X54Y60         CARRY4 (Prop_carry4_CI_CO[3])
                                                      0.100    10.867 r  gen_serial_cic_comb.u_cic_interp16_serial_comb_dsp_ce/u_round_cic_normalized_output/rounded_value_carry__3/CO[3]
                         net (fo=1, routed)           0.000    10.867    gen_serial_cic_comb.u_cic_interp16_serial_comb_dsp_ce/u_round_cic_normalized_output/rounded_value_carry__3_n_0
    SLICE_X54Y61         CARRY4 (Prop_carry4_CI_CO[1])
                                                      0.131    10.998 f  gen_serial_cic_comb.u_cic_interp16_serial_comb_dsp_ce/u_round_cic_normalized_output/rounded_value_carry__4/CO[1]
                         net (fo=20, routed)          0.835    11.833    gen_serial_cic_comb.u_cic_interp16_serial_comb_dsp_ce/u_round_cic_normalized_output/rounded_value_carry__4_n_2
    SLICE_X55Y56         LUT1 (Prop_lut1_I0_O)        0.280    12.113 r  y_out[19]_i_3/O
                         net (fo=1, routed)           0.000    12.113    normalized_output[19]
    SLICE_X55Y56         FDRE                                         r  gen_serial_cic_comb.u_cic_interp16_serial_comb_dsp_ce/y_out_reg[19]/D
  -------------------------------------------------------------------    -------------------

                         (clock core_clk_6m144 rise edge)
                                                    162.760   162.760 r  
                                                      0.000   162.760 r  clk (IN)
                         net (fo=310, unset)          1.248   164.008    clk
    SLICE_X55Y56         FDRE                                         r  gen_serial_cic_comb.u_cic_interp16_serial_comb_dsp_ce/y_out_reg[19]/C
                         clock pessimism              0.065   164.073    
                         clock uncertainty           -0.035   164.038    
    SLICE_X55Y56         FDRE (Setup_fdre_C_D)        0.069   164.107    gen_serial_cic_comb.u_cic_interp16_serial_comb_dsp_ce/y_out_reg[19]
  -------------------------------------------------------------------
                         required time                        164.107    
                         arrival time                         -12.113    
  -------------------------------------------------------------------
                         slack                                151.993    

Slack (MET) :             152.000ns  (required time - arrival time)
  Source:                 gen_serial_cic_comb.u_cic_interp16_serial_comb_dsp_ce/burst_remaining_reg[0]/C
                            (rising edge-triggered cell FDRE clocked by core_clk_6m144  {rise@0.000ns fall@81.380ns period=162.760ns})
  Destination:            gen_serial_cic_comb.u_cic_interp16_serial_comb_dsp_ce/y_out_reg[12]/D
                            (rising edge-triggered cell FDRE clocked by core_clk_6m144  {rise@0.000ns fall@81.380ns period=162.760ns})
  Path Group:             core_clk_6m144
  Path Type:              Setup (Max at Slow Process Corner)
  Requirement:            162.760ns  (core_clk_6m144 rise@162.760ns - core_clk_6m144 rise@0.000ns)
  Data Path Delay:        10.755ns  (logic 5.035ns (46.815%)  route 5.720ns (53.185%))
  Logic Levels:           18  (CARRY4=12 DSP48E1=1 LUT3=1 LUT4=2 LUT5=1 LUT6=1)
  Clock Path Skew:        -0.038ns (DCD - SCD + CPR)
    Destination Clock Delay (DCD):    1.247ns = ( 164.007 - 162.760 ) 
    Source Clock Delay      (SCD):    1.350ns
    Clock Pessimism Removal (CPR):    0.065ns
  Clock Uncertainty:      0.035ns  ((TSJ^2 + TIJ^2)^1/2 + DJ) / 2 + PE
    Total System Jitter     (TSJ):    0.071ns
    Total Input Jitter      (TIJ):    0.000ns
    Discrete Jitter          (DJ):    0.000ns
    Phase Error              (PE):    0.000ns

    Location             Delay type                Incr(ns)  Path(ns)    Netlist Resource(s)
  -------------------------------------------------------------------    -------------------
                         (clock core_clk_6m144 rise edge)
                                                      0.000     0.000 r  
                                                      0.000     0.000 r  clk (IN)
                         net (fo=310, unset)          1.350     1.350    clk
    SLICE_X41Y59         FDRE                                         r  gen_serial_cic_comb.u_cic_interp16_serial_comb_dsp_ce/burst_remaining_reg[0]/C
  -------------------------------------------------------------------    -------------------
    SLICE_X41Y59         FDRE (Prop_fdre_C_Q)         0.379     1.729 f  gen_serial_cic_comb.u_cic_interp16_serial_comb_dsp_ce/burst_remaining_reg[0]/Q
                         net (fo=6, routed)           0.716     2.445    gen_serial_cic_comb.u_cic_interp16_serial_comb_dsp_ce/burst_remaining_reg_n_0_[0]
    SLICE_X41Y59         LUT6 (Prop_lut6_I2_O)        0.105     2.550 r  interp128_all2x_LUT6/O
                         net (fo=51, routed)          1.079     3.628    interp128_all2x_net
    SLICE_X38Y56         LUT4 (Prop_lut4_I3_O)        0.105     3.733 r  interp128_all2x_LUT4_30/O
                         net (fo=2, routed)           0.811     4.544    integrator_state[4]_i_3_n_0
    SLICE_X45Y56         CARRY4 (Prop_carry4_S[2]_CO[3])
                                                      0.437     4.981 r  gen_serial_cic_comb.u_cic_interp16_serial_comb_dsp_ce/gen_first_integrator_carry.first_integrator_sum_carry__0/CO[3]
                         net (fo=1, routed)           0.000     4.981    gen_serial_cic_comb.u_cic_interp16_serial_comb_dsp_ce/gen_first_integrator_carry.first_integrator_sum_carry__0_n_0
    SLICE_X45Y57         CARRY4 (Prop_carry4_CI_CO[3])
                                                      0.098     5.079 r  gen_serial_cic_comb.u_cic_interp16_serial_comb_dsp_ce/gen_first_integrator_carry.first_integrator_sum_carry__1/CO[3]
                         net (fo=1, routed)           0.000     5.079    gen_serial_cic_comb.u_cic_interp16_serial_comb_dsp_ce/gen_first_integrator_carry.first_integrator_sum_carry__1_n_0
    SLICE_X45Y58         CARRY4 (Prop_carry4_CI_CO[3])
                                                      0.098     5.177 r  gen_serial_cic_comb.u_cic_interp16_serial_comb_dsp_ce/gen_first_integrator_carry.first_integrator_sum_carry__2/CO[3]
                         net (fo=1, routed)           0.000     5.177    gen_serial_cic_comb.u_cic_interp16_serial_comb_dsp_ce/gen_first_integrator_carry.first_integrator_sum_carry__2_n_0
    SLICE_X45Y59         CARRY4 (Prop_carry4_CI_CO[3])
                                                      0.098     5.275 r  gen_serial_cic_comb.u_cic_interp16_serial_comb_dsp_ce/gen_first_integrator_carry.first_integrator_sum_carry__3/CO[3]
                         net (fo=1, routed)           0.000     5.275    gen_serial_cic_comb.u_cic_interp16_serial_comb_dsp_ce/gen_first_integrator_carry.first_integrator_sum_carry__3_n_0
    SLICE_X45Y60         CARRY4 (Prop_carry4_CI_CO[3])
                                                      0.098     5.373 r  gen_serial_cic_comb.u_cic_interp16_serial_comb_dsp_ce/gen_first_integrator_carry.first_integrator_sum_carry__4/CO[3]
                         net (fo=1, routed)           0.000     5.373    gen_serial_cic_comb.u_cic_interp16_serial_comb_dsp_ce/gen_first_integrator_carry.first_integrator_sum_carry__4_n_0
    SLICE_X45Y61         CARRY4 (Prop_carry4_CI_O[1])
                                                      0.265     5.638 r  gen_serial_cic_comb.u_cic_interp16_serial_comb_dsp_ce/gen_first_integrator_carry.first_integrator_sum_carry__5/O[1]
                         net (fo=23, routed)          1.020     6.658    final_input_rounded[25]
    DSP48_X1Y22          DSP48E1 (Prop_dsp48e1_A[23]_P[2])
                                                      1.889     8.547 f  gen_serial_cic_comb.u_cic_interp16_serial_comb_dsp_ce/gen_final_integrator_dsp.final_integrator_sum/P[2]
                         net (fo=2, routed)           0.814     9.362    gen_serial_cic_comb.u_cic_interp16_serial_comb_dsp_ce/gen_final_integrator_dsp.final_integrator_sum_n_103
    SLICE_X54Y55         LUT3 (Prop_lut3_I1_O)        0.105     9.467 r  interp128_all2x_LUT3_27/O
                         net (fo=1, routed)           0.473     9.939    interp128_all2x_net_19
    SLICE_X54Y56         LUT5 (Prop_lut5_I4_O)        0.105    10.044 r  interp128_all2x_LUT5_26/O
                         net (fo=1, routed)           0.000    10.044    rounded_value_carry_i_1__0_n_0
    SLICE_X54Y56         CARRY4 (Prop_carry4_S[0]_CO[3])
                                                      0.423    10.467 r  gen_serial_cic_comb.u_cic_interp16_serial_comb_dsp_ce/u_round_cic_normalized_output/rounded_value_carry/CO[3]
                         net (fo=1, routed)           0.000    10.467    gen_serial_cic_comb.u_cic_interp16_serial_comb_dsp_ce/u_round_cic_normalized_output/rounded_value_carry_n_0
    SLICE_X54Y57         CARRY4 (Prop_carry4_CI_CO[3])
                                                      0.100    10.567 r  gen_serial_cic_comb.u_cic_interp16_serial_comb_dsp_ce/u_round_cic_normalized_output/rounded_value_carry__0/CO[3]
                         net (fo=1, routed)           0.000    10.567    gen_serial_cic_comb.u_cic_interp16_serial_comb_dsp_ce/u_round_cic_normalized_output/rounded_value_carry__0_n_0
    SLICE_X54Y58         CARRY4 (Prop_carry4_CI_CO[3])
                                                      0.100    10.667 r  gen_serial_cic_comb.u_cic_interp16_serial_comb_dsp_ce/u_round_cic_normalized_output/rounded_value_carry__1/CO[3]
                         net (fo=1, routed)           0.000    10.667    gen_serial_cic_comb.u_cic_interp16_serial_comb_dsp_ce/u_round_cic_normalized_output/rounded_value_carry__1_n_0
    SLICE_X54Y59         CARRY4 (Prop_carry4_CI_CO[3])
                                                      0.100    10.767 r  gen_serial_cic_comb.u_cic_interp16_serial_comb_dsp_ce/u_round_cic_normalized_output/rounded_value_carry__2/CO[3]
                         net (fo=1, routed)           0.000    10.767    gen_serial_cic_comb.u_cic_interp16_serial_comb_dsp_ce/u_round_cic_normalized_output/rounded_value_carry__2_n_0
    SLICE_X54Y60         CARRY4 (Prop_carry4_CI_CO[3])
                                                      0.100    10.867 r  gen_serial_cic_comb.u_cic_interp16_serial_comb_dsp_ce/u_round_cic_normalized_output/rounded_value_carry__3/CO[3]
                         net (fo=1, routed)           0.000    10.867    gen_serial_cic_comb.u_cic_interp16_serial_comb_dsp_ce/u_round_cic_normalized_output/rounded_value_carry__3_n_0
    SLICE_X54Y61         CARRY4 (Prop_carry4_CI_O[0])
                                                      0.178    11.045 r  gen_serial_cic_comb.u_cic_interp16_serial_comb_dsp_ce/u_round_cic_normalized_output/rounded_value_carry__4/O[0]
                         net (fo=19, routed)          0.808    11.853    gen_serial_cic_comb.u_cic_interp16_serial_comb_dsp_ce/u_round_cic_normalized_output/rounded_value_carry__4_n_7
    SLICE_X55Y59         LUT4 (Prop_lut4_I1_O)        0.252    12.105 r  y_out[12]_i_1__0/O
                         net (fo=1, routed)           0.000    12.105    normalized_output[12]
    SLICE_X55Y59         FDRE                                         r  gen_serial_cic_comb.u_cic_interp16_serial_comb_dsp_ce/y_out_reg[12]/D
  -------------------------------------------------------------------    -------------------

                         (clock core_clk_6m144 rise edge)
                                                    162.760   162.760 r  
                                                      0.000   162.760 r  clk (IN)
                         net (fo=310, unset)          1.247   164.007    clk
    SLICE_X55Y59         FDRE                                         r  gen_serial_cic_comb.u_cic_interp16_serial_comb_dsp_ce/y_out_reg[12]/C
                         clock pessimism              0.065   164.072    
                         clock uncertainty           -0.035   164.037    
    SLICE_X55Y59         FDRE (Setup_fdre_C_D)        0.069   164.106    gen_serial_cic_comb.u_cic_interp16_serial_comb_dsp_ce/y_out_reg[12]
  -------------------------------------------------------------------
                         required time                        164.106    
                         arrival time                         -12.105    
  -------------------------------------------------------------------
                         slack                                152.000    

Slack (MET) :             152.000ns  (required time - arrival time)
  Source:                 gen_serial_cic_comb.u_cic_interp16_serial_comb_dsp_ce/burst_remaining_reg[0]/C
                            (rising edge-triggered cell FDRE clocked by core_clk_6m144  {rise@0.000ns fall@81.380ns period=162.760ns})
  Destination:            gen_serial_cic_comb.u_cic_interp16_serial_comb_dsp_ce/y_out_reg[14]/D
                            (rising edge-triggered cell FDRE clocked by core_clk_6m144  {rise@0.000ns fall@81.380ns period=162.760ns})
  Path Group:             core_clk_6m144
  Path Type:              Setup (Max at Slow Process Corner)
  Requirement:            162.760ns  (core_clk_6m144 rise@162.760ns - core_clk_6m144 rise@0.000ns)
  Data Path Delay:        10.755ns  (logic 5.035ns (46.815%)  route 5.720ns (53.185%))
  Logic Levels:           18  (CARRY4=12 DSP48E1=1 LUT3=1 LUT4=2 LUT5=1 LUT6=1)
  Clock Path Skew:        -0.038ns (DCD - SCD + CPR)
    Destination Clock Delay (DCD):    1.247ns = ( 164.007 - 162.760 ) 
    Source Clock Delay      (SCD):    1.350ns
    Clock Pessimism Removal (CPR):    0.065ns
  Clock Uncertainty:      0.035ns  ((TSJ^2 + TIJ^2)^1/2 + DJ) / 2 + PE
    Total System Jitter     (TSJ):    0.071ns
    Total Input Jitter      (TIJ):    0.000ns
    Discrete Jitter          (DJ):    0.000ns
    Phase Error              (PE):    0.000ns

    Location             Delay type                Incr(ns)  Path(ns)    Netlist Resource(s)
  -------------------------------------------------------------------    -------------------
                         (clock core_clk_6m144 rise edge)
                                                      0.000     0.000 r  
                                                      0.000     0.000 r  clk (IN)
                         net (fo=310, unset)          1.350     1.350    clk
    SLICE_X41Y59         FDRE                                         r  gen_serial_cic_comb.u_cic_interp16_serial_comb_dsp_ce/burst_remaining_reg[0]/C
  -------------------------------------------------------------------    -------------------
    SLICE_X41Y59         FDRE (Prop_fdre_C_Q)         0.379     1.729 f  gen_serial_cic_comb.u_cic_interp16_serial_comb_dsp_ce/burst_remaining_reg[0]/Q
                         net (fo=6, routed)           0.716     2.445    gen_serial_cic_comb.u_cic_interp16_serial_comb_dsp_ce/burst_remaining_reg_n_0_[0]
    SLICE_X41Y59         LUT6 (Prop_lut6_I2_O)        0.105     2.550 r  interp128_all2x_LUT6/O
                         net (fo=51, routed)          1.079     3.628    interp128_all2x_net
    SLICE_X38Y56         LUT4 (Prop_lut4_I3_O)        0.105     3.733 r  interp128_all2x_LUT4_30/O
                         net (fo=2, routed)           0.811     4.544    integrator_state[4]_i_3_n_0
    SLICE_X45Y56         CARRY4 (Prop_carry4_S[2]_CO[3])
                                                      0.437     4.981 r  gen_serial_cic_comb.u_cic_interp16_serial_comb_dsp_ce/gen_first_integrator_carry.first_integrator_sum_carry__0/CO[3]
                         net (fo=1, routed)           0.000     4.981    gen_serial_cic_comb.u_cic_interp16_serial_comb_dsp_ce/gen_first_integrator_carry.first_integrator_sum_carry__0_n_0
    SLICE_X45Y57         CARRY4 (Prop_carry4_CI_CO[3])
                                                      0.098     5.079 r  gen_serial_cic_comb.u_cic_interp16_serial_comb_dsp_ce/gen_first_integrator_carry.first_integrator_sum_carry__1/CO[3]
                         net (fo=1, routed)           0.000     5.079    gen_serial_cic_comb.u_cic_interp16_serial_comb_dsp_ce/gen_first_integrator_carry.first_integrator_sum_carry__1_n_0
    SLICE_X45Y58         CARRY4 (Prop_carry4_CI_CO[3])
                                                      0.098     5.177 r  gen_serial_cic_comb.u_cic_interp16_serial_comb_dsp_ce/gen_first_integrator_carry.first_integrator_sum_carry__2/CO[3]
                         net (fo=1, routed)           0.000     5.177    gen_serial_cic_comb.u_cic_interp16_serial_comb_dsp_ce/gen_first_integrator_carry.first_integrator_sum_carry__2_n_0
    SLICE_X45Y59         CARRY4 (Prop_carry4_CI_CO[3])
                                                      0.098     5.275 r  gen_serial_cic_comb.u_cic_interp16_serial_comb_dsp_ce/gen_first_integrator_carry.first_integrator_sum_carry__3/CO[3]
                         net (fo=1, routed)           0.000     5.275    gen_serial_cic_comb.u_cic_interp16_serial_comb_dsp_ce/gen_first_integrator_carry.first_integrator_sum_carry__3_n_0
    SLICE_X45Y60         CARRY4 (Prop_carry4_CI_CO[3])
                                                      0.098     5.373 r  gen_serial_cic_comb.u_cic_interp16_serial_comb_dsp_ce/gen_first_integrator_carry.first_integrator_sum_carry__4/CO[3]
                         net (fo=1, routed)           0.000     5.373    gen_serial_cic_comb.u_cic_interp16_serial_comb_dsp_ce/gen_first_integrator_carry.first_integrator_sum_carry__4_n_0
    SLICE_X45Y61         CARRY4 (Prop_carry4_CI_O[1])
                                                      0.265     5.638 r  gen_serial_cic_comb.u_cic_interp16_serial_comb_dsp_ce/gen_first_integrator_carry.first_integrator_sum_carry__5/O[1]
                         net (fo=23, routed)          1.020     6.658    final_input_rounded[25]
    DSP48_X1Y22          DSP48E1 (Prop_dsp48e1_A[23]_P[2])
                                                      1.889     8.547 f  gen_serial_cic_comb.u_cic_interp16_serial_comb_dsp_ce/gen_final_integrator_dsp.final_integrator_sum/P[2]
                         net (fo=2, routed)           0.814     9.362    gen_serial_cic_comb.u_cic_interp16_serial_comb_dsp_ce/gen_final_integrator_dsp.final_integrator_sum_n_103
    SLICE_X54Y55         LUT3 (Prop_lut3_I1_O)        0.105     9.467 r  interp128_all2x_LUT3_27/O
                         net (fo=1, routed)           0.473     9.939    interp128_all2x_net_19
    SLICE_X54Y56         LUT5 (Prop_lut5_I4_O)        0.105    10.044 r  interp128_all2x_LUT5_26/O
                         net (fo=1, routed)           0.000    10.044    rounded_value_carry_i_1__0_n_0
    SLICE_X54Y56         CARRY4 (Prop_carry4_S[0]_CO[3])
                                                      0.423    10.467 r  gen_serial_cic_comb.u_cic_interp16_serial_comb_dsp_ce/u_round_cic_normalized_output/rounded_value_carry/CO[3]
                         net (fo=1, routed)           0.000    10.467    gen_serial_cic_comb.u_cic_interp16_serial_comb_dsp_ce/u_round_cic_normalized_output/rounded_value_carry_n_0
    SLICE_X54Y57         CARRY4 (Prop_carry4_CI_CO[3])
                                                      0.100    10.567 r  gen_serial_cic_comb.u_cic_interp16_serial_comb_dsp_ce/u_round_cic_normalized_output/rounded_value_carry__0/CO[3]
                         net (fo=1, routed)           0.000    10.567    gen_serial_cic_comb.u_cic_interp16_serial_comb_dsp_ce/u_round_cic_normalized_output/rounded_value_carry__0_n_0
    SLICE_X54Y58         CARRY4 (Prop_carry4_CI_CO[3])
                                                      0.100    10.667 r  gen_serial_cic_comb.u_cic_interp16_serial_comb_dsp_ce/u_round_cic_normalized_output/rounded_value_carry__1/CO[3]
                         net (fo=1, routed)           0.000    10.667    gen_serial_cic_comb.u_cic_interp16_serial_comb_dsp_ce/u_round_cic_normalized_output/rounded_value_carry__1_n_0
    SLICE_X54Y59         CARRY4 (Prop_carry4_CI_CO[3])
                                                      0.100    10.767 r  gen_serial_cic_comb.u_cic_interp16_serial_comb_dsp_ce/u_round_cic_normalized_output/rounded_value_carry__2/CO[3]
                         net (fo=1, routed)           0.000    10.767    gen_serial_cic_comb.u_cic_interp16_serial_comb_dsp_ce/u_round_cic_normalized_output/rounded_value_carry__2_n_0
    SLICE_X54Y60         CARRY4 (Prop_carry4_CI_CO[3])
                                                      0.100    10.867 r  gen_serial_cic_comb.u_cic_interp16_serial_comb_dsp_ce/u_round_cic_normalized_output/rounded_value_carry__3/CO[3]
                         net (fo=1, routed)           0.000    10.867    gen_serial_cic_comb.u_cic_interp16_serial_comb_dsp_ce/u_round_cic_normalized_output/rounded_value_carry__3_n_0
    SLICE_X54Y61         CARRY4 (Prop_carry4_CI_O[0])
                                                      0.178    11.045 r  gen_serial_cic_comb.u_cic_interp16_serial_comb_dsp_ce/u_round_cic_normalized_output/rounded_value_carry__4/O[0]
                         net (fo=19, routed)          0.808    11.853    gen_serial_cic_comb.u_cic_interp16_serial_comb_dsp_ce/u_round_cic_normalized_output/rounded_value_carry__4_n_7
    SLICE_X55Y59         LUT4 (Prop_lut4_I1_O)        0.252    12.105 r  y_out[14]_i_1__0/O
                         net (fo=1, routed)           0.000    12.105    normalized_output[14]
    SLICE_X55Y59         FDRE                                         r  gen_serial_cic_comb.u_cic_interp16_serial_comb_dsp_ce/y_out_reg[14]/D
  -------------------------------------------------------------------    -------------------

                         (clock core_clk_6m144 rise edge)
                                                    162.760   162.760 r  
                                                      0.000   162.760 r  clk (IN)
                         net (fo=310, unset)          1.247   164.007    clk
    SLICE_X55Y59         FDRE                                         r  gen_serial_cic_comb.u_cic_interp16_serial_comb_dsp_ce/y_out_reg[14]/C
                         clock pessimism              0.065   164.072    
                         clock uncertainty           -0.035   164.037    
    SLICE_X55Y59         FDRE (Setup_fdre_C_D)        0.069   164.106    gen_serial_cic_comb.u_cic_interp16_serial_comb_dsp_ce/y_out_reg[14]
  -------------------------------------------------------------------
                         required time                        164.106    
                         arrival time                         -12.105    
  -------------------------------------------------------------------
                         slack                                152.000    

Slack (MET) :             152.054ns  (required time - arrival time)
  Source:                 gen_serial_cic_comb.u_cic_interp16_serial_comb_dsp_ce/burst_remaining_reg[0]/C
                            (rising edge-triggered cell FDRE clocked by core_clk_6m144  {rise@0.000ns fall@81.380ns period=162.760ns})
  Destination:            gen_serial_cic_comb.u_cic_interp16_serial_comb_dsp_ce/y_out_reg[15]/D
                            (rising edge-triggered cell FDRE clocked by core_clk_6m144  {rise@0.000ns fall@81.380ns period=162.760ns})
  Path Group:             core_clk_6m144
  Path Type:              Setup (Max at Slow Process Corner)
  Requirement:            162.760ns  (core_clk_6m144 rise@162.760ns - core_clk_6m144 rise@0.000ns)
  Data Path Delay:        10.665ns  (logic 4.917ns (46.105%)  route 5.748ns (53.895%))
  Logic Levels:           16  (CARRY4=10 DSP48E1=1 LUT3=1 LUT4=2 LUT5=1 LUT6=1)
  Clock Path Skew:        -0.038ns (DCD - SCD + CPR)
    Destination Clock Delay (DCD):    1.247ns = ( 164.007 - 162.760 ) 
    Source Clock Delay      (SCD):    1.350ns
    Clock Pessimism Removal (CPR):    0.065ns
  Clock Uncertainty:      0.035ns  ((TSJ^2 + TIJ^2)^1/2 + DJ) / 2 + PE
    Total System Jitter     (TSJ):    0.071ns
    Total Input Jitter      (TIJ):    0.000ns
    Discrete Jitter          (DJ):    0.000ns
    Phase Error              (PE):    0.000ns

    Location             Delay type                Incr(ns)  Path(ns)    Netlist Resource(s)
  -------------------------------------------------------------------    -------------------
                         (clock core_clk_6m144 rise edge)
                                                      0.000     0.000 r  
                                                      0.000     0.000 r  clk (IN)
                         net (fo=310, unset)          1.350     1.350    clk
    SLICE_X41Y59         FDRE                                         r  gen_serial_cic_comb.u_cic_interp16_serial_comb_dsp_ce/burst_remaining_reg[0]/C
  -------------------------------------------------------------------    -------------------
    SLICE_X41Y59         FDRE (Prop_fdre_C_Q)         0.379     1.729 f  gen_serial_cic_comb.u_cic_interp16_serial_comb_dsp_ce/burst_remaining_reg[0]/Q
                         net (fo=6, routed)           0.716     2.445    gen_serial_cic_comb.u_cic_interp16_serial_comb_dsp_ce/burst_remaining_reg_n_0_[0]
    SLICE_X41Y59         LUT6 (Prop_lut6_I2_O)        0.105     2.550 r  interp128_all2x_LUT6/O
                         net (fo=51, routed)          1.079     3.628    interp128_all2x_net
    SLICE_X38Y56         LUT4 (Prop_lut4_I3_O)        0.105     3.733 r  interp128_all2x_LUT4_30/O
                         net (fo=2, routed)           0.811     4.544    integrator_state[4]_i_3_n_0
    SLICE_X45Y56         CARRY4 (Prop_carry4_S[2]_CO[3])
                                                      0.437     4.981 r  gen_serial_cic_comb.u_cic_interp16_serial_comb_dsp_ce/gen_first_integrator_carry.first_integrator_sum_carry__0/CO[3]
                         net (fo=1, routed)           0.000     4.981    gen_serial_cic_comb.u_cic_interp16_serial_comb_dsp_ce/gen_first_integrator_carry.first_integrator_sum_carry__0_n_0
    SLICE_X45Y57         CARRY4 (Prop_carry4_CI_CO[3])
                                                      0.098     5.079 r  gen_serial_cic_comb.u_cic_interp16_serial_comb_dsp_ce/gen_first_integrator_carry.first_integrator_sum_carry__1/CO[3]
                         net (fo=1, routed)           0.000     5.079    gen_serial_cic_comb.u_cic_interp16_serial_comb_dsp_ce/gen_first_integrator_carry.first_integrator_sum_carry__1_n_0
    SLICE_X45Y58         CARRY4 (Prop_carry4_CI_CO[3])
                                                      0.098     5.177 r  gen_serial_cic_comb.u_cic_interp16_serial_comb_dsp_ce/gen_first_integrator_carry.first_integrator_sum_carry__2/CO[3]
                         net (fo=1, routed)           0.000     5.177    gen_serial_cic_comb.u_cic_interp16_serial_comb_dsp_ce/gen_first_integrator_carry.first_integrator_sum_carry__2_n_0
    SLICE_X45Y59         CARRY4 (Prop_carry4_CI_CO[3])
                                                      0.098     5.275 r  gen_serial_cic_comb.u_cic_interp16_serial_comb_dsp_ce/gen_first_integrator_carry.first_integrator_sum_carry__3/CO[3]
                         net (fo=1, routed)           0.000     5.275    gen_serial_cic_comb.u_cic_interp16_serial_comb_dsp_ce/gen_first_integrator_carry.first_integrator_sum_carry__3_n_0
    SLICE_X45Y60         CARRY4 (Prop_carry4_CI_CO[3])
                                                      0.098     5.373 r  gen_serial_cic_comb.u_cic_interp16_serial_comb_dsp_ce/gen_first_integrator_carry.first_integrator_sum_carry__4/CO[3]
                         net (fo=1, routed)           0.000     5.373    gen_serial_cic_comb.u_cic_interp16_serial_comb_dsp_ce/gen_first_integrator_carry.first_integrator_sum_carry__4_n_0
    SLICE_X45Y61         CARRY4 (Prop_carry4_CI_O[1])
                                                      0.265     5.638 r  gen_serial_cic_comb.u_cic_interp16_serial_comb_dsp_ce/gen_first_integrator_carry.first_integrator_sum_carry__5/O[1]
                         net (fo=23, routed)          1.020     6.658    final_input_rounded[25]
    DSP48_X1Y22          DSP48E1 (Prop_dsp48e1_A[23]_P[2])
                                                      1.889     8.547 f  gen_serial_cic_comb.u_cic_interp16_serial_comb_dsp_ce/gen_final_integrator_dsp.final_integrator_sum/P[2]
                         net (fo=2, routed)           0.814     9.362    gen_serial_cic_comb.u_cic_interp16_serial_comb_dsp_ce/gen_final_integrator_dsp.final_integrator_sum_n_103
    SLICE_X54Y55         LUT3 (Prop_lut3_I1_O)        0.105     9.467 r  interp128_all2x_LUT3_27/O
                         net (fo=1, routed)           0.473     9.939    interp128_all2x_net_19
    SLICE_X54Y56         LUT5 (Prop_lut5_I4_O)        0.105    10.044 r  interp128_all2x_LUT5_26/O
                         net (fo=1, routed)           0.000    10.044    rounded_value_carry_i_1__0_n_0
    SLICE_X54Y56         CARRY4 (Prop_carry4_S[0]_CO[3])
                                                      0.423    10.467 r  gen_serial_cic_comb.u_cic_interp16_serial_comb_dsp_ce/u_round_cic_normalized_output/rounded_value_carry/CO[3]
                         net (fo=1, routed)           0.000    10.467    gen_serial_cic_comb.u_cic_interp16_serial_comb_dsp_ce/u_round_cic_normalized_output/rounded_value_carry_n_0
    SLICE_X54Y57         CARRY4 (Prop_carry4_CI_CO[3])
                                                      0.100    10.567 r  gen_serial_cic_comb.u_cic_interp16_serial_comb_dsp_ce/u_round_cic_normalized_output/rounded_value_carry__0/CO[3]
                         net (fo=1, routed)           0.000    10.567    gen_serial_cic_comb.u_cic_interp16_serial_comb_dsp_ce/u_round_cic_normalized_output/rounded_value_carry__0_n_0
    SLICE_X54Y58         CARRY4 (Prop_carry4_CI_CO[3])
                                                      0.100    10.667 r  gen_serial_cic_comb.u_cic_interp16_serial_comb_dsp_ce/u_round_cic_normalized_output/rounded_value_carry__1/CO[3]
                         net (fo=1, routed)           0.000    10.667    gen_serial_cic_comb.u_cic_interp16_serial_comb_dsp_ce/u_round_cic_normalized_output/rounded_value_carry__1_n_0
    SLICE_X54Y59         CARRY4 (Prop_carry4_CI_O[3])
                                                      0.262    10.929 r  gen_serial_cic_comb.u_cic_interp16_serial_comb_dsp_ce/u_round_cic_normalized_output/rounded_value_carry__2/O[3]
                         net (fo=1, routed)           0.836    11.765    gen_serial_cic_comb.u_cic_interp16_serial_comb_dsp_ce/u_round_cic_normalized_output/rounded_value_carry__2_n_4
    SLICE_X55Y59         LUT4 (Prop_lut4_I0_O)        0.250    12.015 r  y_out[15]_i_1__0/O
                         net (fo=1, routed)           0.000    12.015    normalized_output[15]
    SLICE_X55Y59         FDRE                                         r  gen_serial_cic_comb.u_cic_interp16_serial_comb_dsp_ce/y_out_reg[15]/D
  -------------------------------------------------------------------    -------------------

                         (clock core_clk_6m144 rise edge)
                                                    162.760   162.760 r  
                                                      0.000   162.760 r  clk (IN)
                         net (fo=310, unset)          1.247   164.007    clk
    SLICE_X55Y59         FDRE                                         r  gen_serial_cic_comb.u_cic_interp16_serial_comb_dsp_ce/y_out_reg[15]/C
                         clock pessimism              0.065   164.072    
                         clock uncertainty           -0.035   164.037    
    SLICE_X55Y59         FDRE (Setup_fdre_C_D)        0.032   164.069    gen_serial_cic_comb.u_cic_interp16_serial_comb_dsp_ce/y_out_reg[15]
  -------------------------------------------------------------------
                         required time                        164.069    
                         arrival time                         -12.015    
  -------------------------------------------------------------------
                         slack                                152.054    

Slack (MET) :             152.140ns  (required time - arrival time)
  Source:                 gen_serial_cic_comb.u_cic_interp16_serial_comb_dsp_ce/burst_remaining_reg[0]/C
                            (rising edge-triggered cell FDRE clocked by core_clk_6m144  {rise@0.000ns fall@81.380ns period=162.760ns})
  Destination:            gen_serial_cic_comb.u_cic_interp16_serial_comb_dsp_ce/y_out_reg[16]/D
                            (rising edge-triggered cell FDRE clocked by core_clk_6m144  {rise@0.000ns fall@81.380ns period=162.760ns})
  Path Group:             core_clk_6m144
  Path Type:              Setup (Max at Slow Process Corner)
  Requirement:            162.760ns  (core_clk_6m144 rise@162.760ns - core_clk_6m144 rise@0.000ns)
  Data Path Delay:        10.615ns  (logic 5.043ns (47.507%)  route 5.572ns (52.493%))
  Logic Levels:           18  (CARRY4=12 DSP48E1=1 LUT3=1 LUT4=2 LUT5=1 LUT6=1)
  Clock Path Skew:        -0.038ns (DCD - SCD + CPR)
    Destination Clock Delay (DCD):    1.247ns = ( 164.007 - 162.760 ) 
    Source Clock Delay      (SCD):    1.350ns
    Clock Pessimism Removal (CPR):    0.065ns
  Clock Uncertainty:      0.035ns  ((TSJ^2 + TIJ^2)^1/2 + DJ) / 2 + PE
    Total System Jitter     (TSJ):    0.071ns
    Total Input Jitter      (TIJ):    0.000ns
    Discrete Jitter          (DJ):    0.000ns
    Phase Error              (PE):    0.000ns

    Location             Delay type                Incr(ns)  Path(ns)    Netlist Resource(s)
  -------------------------------------------------------------------    -------------------
                         (clock core_clk_6m144 rise edge)
                                                      0.000     0.000 r  
                                                      0.000     0.000 r  clk (IN)
                         net (fo=310, unset)          1.350     1.350    clk
    SLICE_X41Y59         FDRE                                         r  gen_serial_cic_comb.u_cic_interp16_serial_comb_dsp_ce/burst_remaining_reg[0]/C
  -------------------------------------------------------------------    -------------------
    SLICE_X41Y59         FDRE (Prop_fdre_C_Q)         0.379     1.729 f  gen_serial_cic_comb.u_cic_interp16_serial_comb_dsp_ce/burst_remaining_reg[0]/Q
                         net (fo=6, routed)           0.716     2.445    gen_serial_cic_comb.u_cic_interp16_serial_comb_dsp_ce/burst_remaining_reg_n_0_[0]
    SLICE_X41Y59         LUT6 (Prop_lut6_I2_O)        0.105     2.550 r  interp128_all2x_LUT6/O
                         net (fo=51, routed)          1.079     3.628    interp128_all2x_net
    SLICE_X38Y56         LUT4 (Prop_lut4_I3_O)        0.105     3.733 r  interp128_all2x_LUT4_30/O
                         net (fo=2, routed)           0.811     4.544    integrator_state[4]_i_3_n_0
    SLICE_X45Y56         CARRY4 (Prop_carry4_S[2]_CO[3])
                                                      0.437     4.981 r  gen_serial_cic_comb.u_cic_interp16_serial_comb_dsp_ce/gen_first_integrator_carry.first_integrator_sum_carry__0/CO[3]
                         net (fo=1, routed)           0.000     4.981    gen_serial_cic_comb.u_cic_interp16_serial_comb_dsp_ce/gen_first_integrator_carry.first_integrator_sum_carry__0_n_0
    SLICE_X45Y57         CARRY4 (Prop_carry4_CI_CO[3])
                                                      0.098     5.079 r  gen_serial_cic_comb.u_cic_interp16_serial_comb_dsp_ce/gen_first_integrator_carry.first_integrator_sum_carry__1/CO[3]
                         net (fo=1, routed)           0.000     5.079    gen_serial_cic_comb.u_cic_interp16_serial_comb_dsp_ce/gen_first_integrator_carry.first_integrator_sum_carry__1_n_0
    SLICE_X45Y58         CARRY4 (Prop_carry4_CI_CO[3])
                                                      0.098     5.177 r  gen_serial_cic_comb.u_cic_interp16_serial_comb_dsp_ce/gen_first_integrator_carry.first_integrator_sum_carry__2/CO[3]
                         net (fo=1, routed)           0.000     5.177    gen_serial_cic_comb.u_cic_interp16_serial_comb_dsp_ce/gen_first_integrator_carry.first_integrator_sum_carry__2_n_0
    SLICE_X45Y59         CARRY4 (Prop_carry4_CI_CO[3])
                                                      0.098     5.275 r  gen_serial_cic_comb.u_cic_interp16_serial_comb_dsp_ce/gen_first_integrator_carry.first_integrator_sum_carry__3/CO[3]
                         net (fo=1, routed)           0.000     5.275    gen_serial_cic_comb.u_cic_interp16_serial_comb_dsp_ce/gen_first_integrator_carry.first_integrator_sum_carry__3_n_0
    SLICE_X45Y60         CARRY4 (Prop_carry4_CI_CO[3])
                                                      0.098     5.373 r  gen_serial_cic_comb.u_cic_interp16_serial_comb_dsp_ce/gen_first_integrator_carry.first_integrator_sum_carry__4/CO[3]
                         net (fo=1, routed)           0.000     5.373    gen_serial_cic_comb.u_cic_interp16_serial_comb_dsp_ce/gen_first_integrator_carry.first_integrator_sum_carry__4_n_0
    SLICE_X45Y61         CARRY4 (Prop_carry4_CI_O[1])
                                                      0.265     5.638 r  gen_serial_cic_comb.u_cic_interp16_serial_comb_dsp_ce/gen_first_integrator_carry.first_integrator_sum_carry__5/O[1]
                         net (fo=23, routed)          1.020     6.658    final_input_rounded[25]
    DSP48_X1Y22          DSP48E1 (Prop_dsp48e1_A[23]_P[2])
                                                      1.889     8.547 f  gen_serial_cic_comb.u_cic_interp16_serial_comb_dsp_ce/gen_final_integrator_dsp.final_integrator_sum/P[2]
                         net (fo=2, routed)           0.814     9.362    gen_serial_cic_comb.u_cic_interp16_serial_comb_dsp_ce/gen_final_integrator_dsp.final_integrator_sum_n_103
    SLICE_X54Y55         LUT3 (Prop_lut3_I1_O)        0.105     9.467 r  interp128_all2x_LUT3_27/O
                         net (fo=1, routed)           0.473     9.939    interp128_all2x_net_19
    SLICE_X54Y56         LUT5 (Prop_lut5_I4_O)        0.105    10.044 r  interp128_all2x_LUT5_26/O
                         net (fo=1, routed)           0.000    10.044    rounded_value_carry_i_1__0_n_0
    SLICE_X54Y56         CARRY4 (Prop_carry4_S[0]_CO[3])
                                                      0.423    10.467 r  gen_serial_cic_comb.u_cic_interp16_serial_comb_dsp_ce/u_round_cic_normalized_output/rounded_value_carry/CO[3]
                         net (fo=1, routed)           0.000    10.467    gen_serial_cic_comb.u_cic_interp16_serial_comb_dsp_ce/u_round_cic_normalized_output/rounded_value_carry_n_0
    SLICE_X54Y57         CARRY4 (Prop_carry4_CI_CO[3])
                                                      0.100    10.567 r  gen_serial_cic_comb.u_cic_interp16_serial_comb_dsp_ce/u_round_cic_normalized_output/rounded_value_carry__0/CO[3]
                         net (fo=1, routed)           0.000    10.567    gen_serial_cic_comb.u_cic_interp16_serial_comb_dsp_ce/u_round_cic_normalized_output/rounded_value_carry__0_n_0
    SLICE_X54Y58         CARRY4 (Prop_carry4_CI_CO[3])
                                                      0.100    10.667 r  gen_serial_cic_comb.u_cic_interp16_serial_comb_dsp_ce/u_round_cic_normalized_output/rounded_value_carry__1/CO[3]
                         net (fo=1, routed)           0.000    10.667    gen_serial_cic_comb.u_cic_interp16_serial_comb_dsp_ce/u_round_cic_normalized_output/rounded_value_carry__1_n_0
    SLICE_X54Y59         CARRY4 (Prop_carry4_CI_CO[3])
                                                      0.100    10.767 r  gen_serial_cic_comb.u_cic_interp16_serial_comb_dsp_ce/u_round_cic_normalized_output/rounded_value_carry__2/CO[3]
                         net (fo=1, routed)           0.000    10.767    gen_serial_cic_comb.u_cic_interp16_serial_comb_dsp_ce/u_round_cic_normalized_output/rounded_value_carry__2_n_0
    SLICE_X54Y60         CARRY4 (Prop_carry4_CI_CO[3])
                                                      0.100    10.867 r  gen_serial_cic_comb.u_cic_interp16_serial_comb_dsp_ce/u_round_cic_normalized_output/rounded_value_carry__3/CO[3]
                         net (fo=1, routed)           0.000    10.867    gen_serial_cic_comb.u_cic_interp16_serial_comb_dsp_ce/u_round_cic_normalized_output/rounded_value_carry__3_n_0
    SLICE_X54Y61         CARRY4 (Prop_carry4_CI_O[0])
                                                      0.178    11.045 r  gen_serial_cic_comb.u_cic_interp16_serial_comb_dsp_ce/u_round_cic_normalized_output/rounded_value_carry__4/O[0]
                         net (fo=19, routed)          0.660    11.705    gen_serial_cic_comb.u_cic_interp16_serial_comb_dsp_ce/u_round_cic_normalized_output/rounded_value_carry__4_n_7
    SLICE_X55Y59         LUT4 (Prop_lut4_I1_O)        0.260    11.965 r  y_out[16]_i_1__0/O
                         net (fo=1, routed)           0.000    11.965    normalized_output[16]
    SLICE_X55Y59         FDRE                                         r  gen_serial_cic_comb.u_cic_interp16_serial_comb_dsp_ce/y_out_reg[16]/D
  -------------------------------------------------------------------    -------------------

                         (clock core_clk_6m144 rise edge)
                                                    162.760   162.760 r  
                                                      0.000   162.760 r  clk (IN)
                         net (fo=310, unset)          1.247   164.007    clk
    SLICE_X55Y59         FDRE                                         r  gen_serial_cic_comb.u_cic_interp16_serial_comb_dsp_ce/y_out_reg[16]/C
                         clock pessimism              0.065   164.072    
                         clock uncertainty           -0.035   164.037    
    SLICE_X55Y59         FDRE (Setup_fdre_C_D)        0.069   164.106    gen_serial_cic_comb.u_cic_interp16_serial_comb_dsp_ce/y_out_reg[16]
  -------------------------------------------------------------------
                         required time                        164.106    
                         arrival time                         -11.965    
  -------------------------------------------------------------------
                         slack                                152.140    

Slack (MET) :             152.200ns  (required time - arrival time)
  Source:                 gen_serial_cic_comb.u_cic_interp16_serial_comb_dsp_ce/burst_remaining_reg[0]/C
                            (rising edge-triggered cell FDRE clocked by core_clk_6m144  {rise@0.000ns fall@81.380ns period=162.760ns})
  Destination:            gen_serial_cic_comb.u_cic_interp16_serial_comb_dsp_ce/y_out_reg[17]/D
                            (rising edge-triggered cell FDRE clocked by core_clk_6m144  {rise@0.000ns fall@81.380ns period=162.760ns})
  Path Group:             core_clk_6m144
  Path Type:              Setup (Max at Slow Process Corner)
  Requirement:            162.760ns  (core_clk_6m144 rise@162.760ns - core_clk_6m144 rise@0.000ns)
  Data Path Delay:        10.515ns  (logic 5.021ns (47.749%)  route 5.494ns (52.251%))
  Logic Levels:           18  (CARRY4=12 DSP48E1=1 LUT3=1 LUT4=2 LUT5=1 LUT6=1)
  Clock Path Skew:        -0.039ns (DCD - SCD + CPR)
    Destination Clock Delay (DCD):    1.246ns = ( 164.006 - 162.760 ) 
    Source Clock Delay      (SCD):    1.350ns
    Clock Pessimism Removal (CPR):    0.065ns
  Clock Uncertainty:      0.035ns  ((TSJ^2 + TIJ^2)^1/2 + DJ) / 2 + PE
    Total System Jitter     (TSJ):    0.071ns
    Total Input Jitter      (TIJ):    0.000ns
    Discrete Jitter          (DJ):    0.000ns
    Phase Error              (PE):    0.000ns

    Location             Delay type                Incr(ns)  Path(ns)    Netlist Resource(s)
  -------------------------------------------------------------------    -------------------
                         (clock core_clk_6m144 rise edge)
                                                      0.000     0.000 r  
                                                      0.000     0.000 r  clk (IN)
                         net (fo=310, unset)          1.350     1.350    clk
    SLICE_X41Y59         FDRE                                         r  gen_serial_cic_comb.u_cic_interp16_serial_comb_dsp_ce/burst_remaining_reg[0]/C
  -------------------------------------------------------------------    -------------------
    SLICE_X41Y59         FDRE (Prop_fdre_C_Q)         0.379     1.729 f  gen_serial_cic_comb.u_cic_interp16_serial_comb_dsp_ce/burst_remaining_reg[0]/Q
                         net (fo=6, routed)           0.716     2.445    gen_serial_cic_comb.u_cic_interp16_serial_comb_dsp_ce/burst_remaining_reg_n_0_[0]
    SLICE_X41Y59         LUT6 (Prop_lut6_I2_O)        0.105     2.550 r  interp128_all2x_LUT6/O
                         net (fo=51, routed)          1.079     3.628    interp128_all2x_net
    SLICE_X38Y56         LUT4 (Prop_lut4_I3_O)        0.105     3.733 r  interp128_all2x_LUT4_30/O
                         net (fo=2, routed)           0.811     4.544    integrator_state[4]_i_3_n_0
    SLICE_X45Y56         CARRY4 (Prop_carry4_S[2]_CO[3])
                                                      0.437     4.981 r  gen_serial_cic_comb.u_cic_interp16_serial_comb_dsp_ce/gen_first_integrator_carry.first_integrator_sum_carry__0/CO[3]
                         net (fo=1, routed)           0.000     4.981    gen_serial_cic_comb.u_cic_interp16_serial_comb_dsp_ce/gen_first_integrator_carry.first_integrator_sum_carry__0_n_0
    SLICE_X45Y57         CARRY4 (Prop_carry4_CI_CO[3])
                                                      0.098     5.079 r  gen_serial_cic_comb.u_cic_interp16_serial_comb_dsp_ce/gen_first_integrator_carry.first_integrator_sum_carry__1/CO[3]
                         net (fo=1, routed)           0.000     5.079    gen_serial_cic_comb.u_cic_interp16_serial_comb_dsp_ce/gen_first_integrator_carry.first_integrator_sum_carry__1_n_0
    SLICE_X45Y58         CARRY4 (Prop_carry4_CI_CO[3])
                                                      0.098     5.177 r  gen_serial_cic_comb.u_cic_interp16_serial_comb_dsp_ce/gen_first_integrator_carry.first_integrator_sum_carry__2/CO[3]
                         net (fo=1, routed)           0.000     5.177    gen_serial_cic_comb.u_cic_interp16_serial_comb_dsp_ce/gen_first_integrator_carry.first_integrator_sum_carry__2_n_0
    SLICE_X45Y59         CARRY4 (Prop_carry4_CI_CO[3])
                                                      0.098     5.275 r  gen_serial_cic_comb.u_cic_interp16_serial_comb_dsp_ce/gen_first_integrator_carry.first_integrator_sum_carry__3/CO[3]
                         net (fo=1, routed)           0.000     5.275    gen_serial_cic_comb.u_cic_interp16_serial_comb_dsp_ce/gen_first_integrator_carry.first_integrator_sum_carry__3_n_0
    SLICE_X45Y60         CARRY4 (Prop_carry4_CI_CO[3])
                                                      0.098     5.373 r  gen_serial_cic_comb.u_cic_interp16_serial_comb_dsp_ce/gen_first_integrator_carry.first_integrator_sum_carry__4/CO[3]
                         net (fo=1, routed)           0.000     5.373    gen_serial_cic_comb.u_cic_interp16_serial_comb_dsp_ce/gen_first_integrator_carry.first_integrator_sum_carry__4_n_0
    SLICE_X45Y61         CARRY4 (Prop_carry4_CI_O[1])
                                                      0.265     5.638 r  gen_serial_cic_comb.u_cic_interp16_serial_comb_dsp_ce/gen_first_integrator_carry.first_integrator_sum_carry__5/O[1]
                         net (fo=23, routed)          1.020     6.658    final_input_rounded[25]
    DSP48_X1Y22          DSP48E1 (Prop_dsp48e1_A[23]_P[2])
                                                      1.889     8.547 f  gen_serial_cic_comb.u_cic_interp16_serial_comb_dsp_ce/gen_final_integrator_dsp.final_integrator_sum/P[2]
                         net (fo=2, routed)           0.814     9.362    gen_serial_cic_comb.u_cic_interp16_serial_comb_dsp_ce/gen_final_integrator_dsp.final_integrator_sum_n_103
    SLICE_X54Y55         LUT3 (Prop_lut3_I1_O)        0.105     9.467 r  interp128_all2x_LUT3_27/O
                         net (fo=1, routed)           0.473     9.939    interp128_all2x_net_19
    SLICE_X54Y56         LUT5 (Prop_lut5_I4_O)        0.105    10.044 r  interp128_all2x_LUT5_26/O
                         net (fo=1, routed)           0.000    10.044    rounded_value_carry_i_1__0_n_0
    SLICE_X54Y56         CARRY4 (Prop_carry4_S[0]_CO[3])
                                                      0.423    10.467 r  gen_serial_cic_comb.u_cic_interp16_serial_comb_dsp_ce/u_round_cic_normalized_output/rounded_value_carry/CO[3]
                         net (fo=1, routed)           0.000    10.467    gen_serial_cic_comb.u_cic_interp16_serial_comb_dsp_ce/u_round_cic_normalized_output/rounded_value_carry_n_0
    SLICE_X54Y57         CARRY4 (Prop_carry4_CI_CO[3])
                                                      0.100    10.567 r  gen_serial_cic_comb.u_cic_interp16_serial_comb_dsp_ce/u_round_cic_normalized_output/rounded_value_carry__0/CO[3]
                         net (fo=1, routed)           0.000    10.567    gen_serial_cic_comb.u_cic_interp16_serial_comb_dsp_ce/u_round_cic_normalized_output/rounded_value_carry__0_n_0
    SLICE_X54Y58         CARRY4 (Prop_carry4_CI_CO[3])
                                                      0.100    10.667 r  gen_serial_cic_comb.u_cic_interp16_serial_comb_dsp_ce/u_round_cic_normalized_output/rounded_value_carry__1/CO[3]
                         net (fo=1, routed)           0.000    10.667    gen_serial_cic_comb.u_cic_interp16_serial_comb_dsp_ce/u_round_cic_normalized_output/rounded_value_carry__1_n_0
    SLICE_X54Y59         CARRY4 (Prop_carry4_CI_CO[3])
                                                      0.100    10.767 r  gen_serial_cic_comb.u_cic_interp16_serial_comb_dsp_ce/u_round_cic_normalized_output/rounded_value_carry__2/CO[3]
                         net (fo=1, routed)           0.000    10.767    gen_serial_cic_comb.u_cic_interp16_serial_comb_dsp_ce/u_round_cic_normalized_output/rounded_value_carry__2_n_0
    SLICE_X54Y60         CARRY4 (Prop_carry4_CI_CO[3])
                                                      0.100    10.867 r  gen_serial_cic_comb.u_cic_interp16_serial_comb_dsp_ce/u_round_cic_normalized_output/rounded_value_carry__3/CO[3]
                         net (fo=1, routed)           0.000    10.867    gen_serial_cic_comb.u_cic_interp16_serial_comb_dsp_ce/u_round_cic_normalized_output/rounded_value_carry__3_n_0
    SLICE_X54Y61         CARRY4 (Prop_carry4_CI_O[0])
                                                      0.178    11.045 r  gen_serial_cic_comb.u_cic_interp16_serial_comb_dsp_ce/u_round_cic_normalized_output/rounded_value_carry__4/O[0]
                         net (fo=19, routed)          0.582    11.627    gen_serial_cic_comb.u_cic_interp16_serial_comb_dsp_ce/u_round_cic_normalized_output/rounded_value_carry__4_n_7
    SLICE_X55Y60         LUT4 (Prop_lut4_I1_O)        0.238    11.865 r  y_out[17]_i_1__0/O
                         net (fo=1, routed)           0.000    11.865    normalized_output[17]
    SLICE_X55Y60         FDRE                                         r  gen_serial_cic_comb.u_cic_interp16_serial_comb_dsp_ce/y_out_reg[17]/D
  -------------------------------------------------------------------    -------------------

                         (clock core_clk_6m144 rise edge)
                                                    162.760   162.760 r  
                                                      0.000   162.760 r  clk (IN)
                         net (fo=310, unset)          1.246   164.006    clk
    SLICE_X55Y60         FDRE                                         r  gen_serial_cic_comb.u_cic_interp16_serial_comb_dsp_ce/y_out_reg[17]/C
                         clock pessimism              0.065   164.071    
                         clock uncertainty           -0.035   164.036    
    SLICE_X55Y60         FDRE (Setup_fdre_C_D)        0.030   164.066    gen_serial_cic_comb.u_cic_interp16_serial_comb_dsp_ce/y_out_reg[17]
  -------------------------------------------------------------------
                         required time                        164.066    
                         arrival time                         -11.865    
  -------------------------------------------------------------------
                         slack                                152.200    

Slack (MET) :             152.218ns  (required time - arrival time)
  Source:                 gen_serial_cic_comb.u_cic_interp16_serial_comb_dsp_ce/burst_remaining_reg[0]/C
                            (rising edge-triggered cell FDRE clocked by core_clk_6m144  {rise@0.000ns fall@81.380ns period=162.760ns})
  Destination:            gen_serial_cic_comb.u_cic_interp16_serial_comb_dsp_ce/y_out_reg[18]/D
                            (rising edge-triggered cell FDRE clocked by core_clk_6m144  {rise@0.000ns fall@81.380ns period=162.760ns})
  Path Group:             core_clk_6m144
  Path Type:              Setup (Max at Slow Process Corner)
  Requirement:            162.760ns  (core_clk_6m144 rise@162.760ns - core_clk_6m144 rise@0.000ns)
  Data Path Delay:        10.536ns  (logic 5.042ns (47.853%)  route 5.494ns (52.147%))
  Logic Levels:           18  (CARRY4=12 DSP48E1=1 LUT3=1 LUT4=2 LUT5=1 LUT6=1)
  Clock Path Skew:        -0.039ns (DCD - SCD + CPR)
    Destination Clock Delay (DCD):    1.246ns = ( 164.006 - 162.760 ) 
    Source Clock Delay      (SCD):    1.350ns
    Clock Pessimism Removal (CPR):    0.065ns
  Clock Uncertainty:      0.035ns  ((TSJ^2 + TIJ^2)^1/2 + DJ) / 2 + PE
    Total System Jitter     (TSJ):    0.071ns
    Total Input Jitter      (TIJ):    0.000ns
    Discrete Jitter          (DJ):    0.000ns
    Phase Error              (PE):    0.000ns

    Location             Delay type                Incr(ns)  Path(ns)    Netlist Resource(s)
  -------------------------------------------------------------------    -------------------
                         (clock core_clk_6m144 rise edge)
                                                      0.000     0.000 r  
                                                      0.000     0.000 r  clk (IN)
                         net (fo=310, unset)          1.350     1.350    clk
    SLICE_X41Y59         FDRE                                         r  gen_serial_cic_comb.u_cic_interp16_serial_comb_dsp_ce/burst_remaining_reg[0]/C
  -------------------------------------------------------------------    -------------------
    SLICE_X41Y59         FDRE (Prop_fdre_C_Q)         0.379     1.729 f  gen_serial_cic_comb.u_cic_interp16_serial_comb_dsp_ce/burst_remaining_reg[0]/Q
                         net (fo=6, routed)           0.716     2.445    gen_serial_cic_comb.u_cic_interp16_serial_comb_dsp_ce/burst_remaining_reg_n_0_[0]
    SLICE_X41Y59         LUT6 (Prop_lut6_I2_O)        0.105     2.550 r  interp128_all2x_LUT6/O
                         net (fo=51, routed)          1.079     3.628    interp128_all2x_net
    SLICE_X38Y56         LUT4 (Prop_lut4_I3_O)        0.105     3.733 r  interp128_all2x_LUT4_30/O
                         net (fo=2, routed)           0.811     4.544    integrator_state[4]_i_3_n_0
    SLICE_X45Y56         CARRY4 (Prop_carry4_S[2]_CO[3])
                                                      0.437     4.981 r  gen_serial_cic_comb.u_cic_interp16_serial_comb_dsp_ce/gen_first_integrator_carry.first_integrator_sum_carry__0/CO[3]
                         net (fo=1, routed)           0.000     4.981    gen_serial_cic_comb.u_cic_interp16_serial_comb_dsp_ce/gen_first_integrator_carry.first_integrator_sum_carry__0_n_0
    SLICE_X45Y57         CARRY4 (Prop_carry4_CI_CO[3])
                                                      0.098     5.079 r  gen_serial_cic_comb.u_cic_interp16_serial_comb_dsp_ce/gen_first_integrator_carry.first_integrator_sum_carry__1/CO[3]
                         net (fo=1, routed)           0.000     5.079    gen_serial_cic_comb.u_cic_interp16_serial_comb_dsp_ce/gen_first_integrator_carry.first_integrator_sum_carry__1_n_0
    SLICE_X45Y58         CARRY4 (Prop_carry4_CI_CO[3])
                                                      0.098     5.177 r  gen_serial_cic_comb.u_cic_interp16_serial_comb_dsp_ce/gen_first_integrator_carry.first_integrator_sum_carry__2/CO[3]
                         net (fo=1, routed)           0.000     5.177    gen_serial_cic_comb.u_cic_interp16_serial_comb_dsp_ce/gen_first_integrator_carry.first_integrator_sum_carry__2_n_0
    SLICE_X45Y59         CARRY4 (Prop_carry4_CI_CO[3])
                                                      0.098     5.275 r  gen_serial_cic_comb.u_cic_interp16_serial_comb_dsp_ce/gen_first_integrator_carry.first_integrator_sum_carry__3/CO[3]
                         net (fo=1, routed)           0.000     5.275    gen_serial_cic_comb.u_cic_interp16_serial_comb_dsp_ce/gen_first_integrator_carry.first_integrator_sum_carry__3_n_0
    SLICE_X45Y60         CARRY4 (Prop_carry4_CI_CO[3])
                                                      0.098     5.373 r  gen_serial_cic_comb.u_cic_interp16_serial_comb_dsp_ce/gen_first_integrator_carry.first_integrator_sum_carry__4/CO[3]
                         net (fo=1, routed)           0.000     5.373    gen_serial_cic_comb.u_cic_interp16_serial_comb_dsp_ce/gen_first_integrator_carry.first_integrator_sum_carry__4_n_0
    SLICE_X45Y61         CARRY4 (Prop_carry4_CI_O[1])
                                                      0.265     5.638 r  gen_serial_cic_comb.u_cic_interp16_serial_comb_dsp_ce/gen_first_integrator_carry.first_integrator_sum_carry__5/O[1]
                         net (fo=23, routed)          1.020     6.658    final_input_rounded[25]
    DSP48_X1Y22          DSP48E1 (Prop_dsp48e1_A[23]_P[2])
                                                      1.889     8.547 f  gen_serial_cic_comb.u_cic_interp16_serial_comb_dsp_ce/gen_final_integrator_dsp.final_integrator_sum/P[2]
                         net (fo=2, routed)           0.814     9.362    gen_serial_cic_comb.u_cic_interp16_serial_comb_dsp_ce/gen_final_integrator_dsp.final_integrator_sum_n_103
    SLICE_X54Y55         LUT3 (Prop_lut3_I1_O)        0.105     9.467 r  interp128_all2x_LUT3_27/O
                         net (fo=1, routed)           0.473     9.939    interp128_all2x_net_19
    SLICE_X54Y56         LUT5 (Prop_lut5_I4_O)        0.105    10.044 r  interp128_all2x_LUT5_26/O
                         net (fo=1, routed)           0.000    10.044    rounded_value_carry_i_1__0_n_0
    SLICE_X54Y56         CARRY4 (Prop_carry4_S[0]_CO[3])
                                                      0.423    10.467 r  gen_serial_cic_comb.u_cic_interp16_serial_comb_dsp_ce/u_round_cic_normalized_output/rounded_value_carry/CO[3]
                         net (fo=1, routed)           0.000    10.467    gen_serial_cic_comb.u_cic_interp16_serial_comb_dsp_ce/u_round_cic_normalized_output/rounded_value_carry_n_0
    SLICE_X54Y57         CARRY4 (Prop_carry4_CI_CO[3])
                                                      0.100    10.567 r  gen_serial_cic_comb.u_cic_interp16_serial_comb_dsp_ce/u_round_cic_normalized_output/rounded_value_carry__0/CO[3]
                         net (fo=1, routed)           0.000    10.567    gen_serial_cic_comb.u_cic_interp16_serial_comb_dsp_ce/u_round_cic_normalized_output/rounded_value_carry__0_n_0
    SLICE_X54Y58         CARRY4 (Prop_carry4_CI_CO[3])
                                                      0.100    10.667 r  gen_serial_cic_comb.u_cic_interp16_serial_comb_dsp_ce/u_round_cic_normalized_output/rounded_value_carry__1/CO[3]
                         net (fo=1, routed)           0.000    10.667    gen_serial_cic_comb.u_cic_interp16_serial_comb_dsp_ce/u_round_cic_normalized_output/rounded_value_carry__1_n_0
    SLICE_X54Y59         CARRY4 (Prop_carry4_CI_CO[3])
                                                      0.100    10.767 r  gen_serial_cic_comb.u_cic_interp16_serial_comb_dsp_ce/u_round_cic_normalized_output/rounded_value_carry__2/CO[3]
                         net (fo=1, routed)           0.000    10.767    gen_serial_cic_comb.u_cic_interp16_serial_comb_dsp_ce/u_round_cic_normalized_output/rounded_value_carry__2_n_0
    SLICE_X54Y60         CARRY4 (Prop_carry4_CI_CO[3])
                                                      0.100    10.867 r  gen_serial_cic_comb.u_cic_interp16_serial_comb_dsp_ce/u_round_cic_normalized_output/rounded_value_carry__3/CO[3]
                         net (fo=1, routed)           0.000    10.867    gen_serial_cic_comb.u_cic_interp16_serial_comb_dsp_ce/u_round_cic_normalized_output/rounded_value_carry__3_n_0
    SLICE_X54Y61         CARRY4 (Prop_carry4_CI_O[0])
                                                      0.178    11.045 r  gen_serial_cic_comb.u_cic_interp16_serial_comb_dsp_ce/u_round_cic_normalized_output/rounded_value_carry__4/O[0]
                         net (fo=19, routed)          0.582    11.627    gen_serial_cic_comb.u_cic_interp16_serial_comb_dsp_ce/u_round_cic_normalized_output/rounded_value_carry__4_n_7
    SLICE_X55Y60         LUT4 (Prop_lut4_I1_O)        0.259    11.886 r  y_out[18]_i_1__0/O
                         net (fo=1, routed)           0.000    11.886    normalized_output[18]
    SLICE_X55Y60         FDRE                                         r  gen_serial_cic_comb.u_cic_interp16_serial_comb_dsp_ce/y_out_reg[18]/D
  -------------------------------------------------------------------    -------------------

                         (clock core_clk_6m144 rise edge)
                                                    162.760   162.760 r  
                                                      0.000   162.760 r  clk (IN)
                         net (fo=310, unset)          1.246   164.006    clk
    SLICE_X55Y60         FDRE                                         r  gen_serial_cic_comb.u_cic_interp16_serial_comb_dsp_ce/y_out_reg[18]/C
                         clock pessimism              0.065   164.071    
                         clock uncertainty           -0.035   164.036    
    SLICE_X55Y60         FDRE (Setup_fdre_C_D)        0.069   164.105    gen_serial_cic_comb.u_cic_interp16_serial_comb_dsp_ce/y_out_reg[18]
  -------------------------------------------------------------------
                         required time                        164.105    
                         arrival time                         -11.886    
  -------------------------------------------------------------------
                         slack                                152.218    





Min Delay Paths
--------------------------------------------------------------------------------------
Slack (VIOLATED) :        -0.845ns  (arrival time - required time)
  Source:                 stage3_compensated_mode
                            (input port clocked by core_clk_6m144  {rise@0.000ns fall@81.380ns period=162.760ns})
  Destination:            gen_lutram_stage23.u_interp2_stage23_lutram_cic_dsp_ce/stage3_pending_compensated_reg/D
                            (rising edge-triggered cell FDRE clocked by core_clk_6m144  {rise@0.000ns fall@81.380ns period=162.760ns})
  Path Group:             core_clk_6m144
  Path Type:              Hold (Min at Slow Process Corner)
  Requirement:            0.000ns  (core_clk_6m144 rise@0.000ns - core_clk_6m144 rise@0.000ns)
  Data Path Delay:        0.748ns  (logic 0.000ns (0.000%)  route 0.748ns (100.000%))
  Logic Levels:           0  
  Input Delay:            0.000ns
  Clock Path Skew:        1.356ns (DCD - SCD - CPR)
    Destination Clock Delay (DCD):    1.356ns
    Source Clock Delay      (SCD):    0.000ns
    Clock Pessimism Removal (CPR):    -0.000ns
  Clock Uncertainty:      0.035ns  ((TSJ^2 + TIJ^2)^1/2 + DJ) / 2 + PE
    Total System Jitter     (TSJ):    0.071ns
    Total Input Jitter      (TIJ):    0.000ns
    Discrete Jitter          (DJ):    0.000ns
    Phase Error              (PE):    0.000ns

    Location             Delay type                Incr(ns)  Path(ns)    Netlist Resource(s)
  -------------------------------------------------------------------    -------------------
                         (clock core_clk_6m144 rise edge)
                                                      0.000     0.000 r  
                         input delay                  0.000     0.000    
                                                      0.000     0.000 r  stage3_compensated_mode (IN)
                         net (fo=0)                   0.748     0.748    stage3_compensated_mode
    SLICE_X12Y55         FDRE                                         r  gen_lutram_stage23.u_interp2_stage23_lutram_cic_dsp_ce/stage3_pending_compensated_reg/D
  -------------------------------------------------------------------    -------------------

                         (clock core_clk_6m144 rise edge)
                                                      0.000     0.000 r  
                                                      0.000     0.000 r  clk (IN)
                         net (fo=310, unset)          1.356     1.356    clk
    SLICE_X12Y55         FDRE                                         r  gen_lutram_stage23.u_interp2_stage23_lutram_cic_dsp_ce/stage3_pending_compensated_reg/C
                         clock pessimism              0.000     1.356    
                         clock uncertainty            0.035     1.391    
    SLICE_X12Y55         FDRE (Hold_fdre_C_D)         0.201     1.592    gen_lutram_stage23.u_interp2_stage23_lutram_cic_dsp_ce/stage3_pending_compensated_reg
  -------------------------------------------------------------------
                         required time                         -1.592    
                         arrival time                           0.748    
  -------------------------------------------------------------------
                         slack                                 -0.845    

Slack (MET) :             0.099ns  (arrival time - required time)
  Source:                 gen_lutram_stage23.u_interp2_stage23_lutram_cic_dsp_ce/stage3_y_out_reg[2]/C
                            (rising edge-triggered cell FDRE clocked by core_clk_6m144  {rise@0.000ns fall@81.380ns period=162.760ns})
  Destination:            gen_serial_cic_comb.u_cic_interp16_serial_comb_dsp_ce/comb_operand_fabric_reg[2]/D
                            (rising edge-triggered cell FDRE clocked by core_clk_6m144  {rise@0.000ns fall@81.380ns period=162.760ns})
  Path Group:             core_clk_6m144
  Path Type:              Hold (Min at Fast Process Corner)
  Requirement:            0.000ns  (core_clk_6m144 rise@0.000ns - core_clk_6m144 rise@0.000ns)
  Data Path Delay:        0.470ns  (logic 0.275ns (58.530%)  route 0.195ns (41.470%))
  Logic Levels:           2  (CARRY4=1 LUT4=1)
  Clock Path Skew:        0.266ns (DCD - SCD - CPR)
    Destination Clock Delay (DCD):    0.827ns
    Source Clock Delay      (SCD):    0.556ns
    Clock Pessimism Removal (CPR):    0.005ns

    Location             Delay type                Incr(ns)  Path(ns)    Netlist Resource(s)
  -------------------------------------------------------------------    -------------------
                         (clock core_clk_6m144 rise edge)
                                                      0.000     0.000 r  
                                                      0.000     0.000 r  clk (IN)
                         net (fo=310, unset)          0.556     0.556    clk
    SLICE_X34Y57         FDRE                                         r  gen_lutram_stage23.u_interp2_stage23_lutram_cic_dsp_ce/stage3_y_out_reg[2]/C
  -------------------------------------------------------------------    -------------------
    SLICE_X34Y57         FDRE (Prop_fdre_C_Q)         0.164     0.720 r  gen_lutram_stage23.u_interp2_stage23_lutram_cic_dsp_ce/stage3_y_out_reg[2]/Q
                         net (fo=2, routed)           0.195     0.915    y8_w[2]
    SLICE_X39Y56         LUT4 (Prop_lut4_I1_O)        0.045     0.960 r  interp128_all2x_LUT4_2/O
                         net (fo=1, routed)           0.000     0.960    interp128_all2x_net_27
    SLICE_X39Y56         CARRY4 (Prop_carry4_S[2]_O[2])
                                                      0.066     1.026 r  comb_operand_fabric_reg[3]_i_1/O[2]
                         net (fo=1, routed)           0.000     1.026    comb_operand_fabric_reg[3]_i_1_n_5
    SLICE_X39Y56         FDRE                                         r  gen_serial_cic_comb.u_cic_interp16_serial_comb_dsp_ce/comb_operand_fabric_reg[2]/D
  -------------------------------------------------------------------    -------------------

                         (clock core_clk_6m144 rise edge)
                                                      0.000     0.000 r  
                                                      0.000     0.000 r  clk (IN)
                         net (fo=310, unset)          0.827     0.827    clk
    SLICE_X39Y56         FDRE                                         r  gen_serial_cic_comb.u_cic_interp16_serial_comb_dsp_ce/comb_operand_fabric_reg[2]/C
                         clock pessimism             -0.005     0.822    
    SLICE_X39Y56         FDRE (Hold_fdre_C_D)         0.105     0.927    gen_serial_cic_comb.u_cic_interp16_serial_comb_dsp_ce/comb_operand_fabric_reg[2]
  -------------------------------------------------------------------
                         required time                         -0.927    
                         arrival time                           1.026    
  -------------------------------------------------------------------
                         slack                                  0.099    

Slack (MET) :             0.101ns  (arrival time - required time)
  Source:                 gen_lutram_stage23.u_interp2_stage23_lutram_cic_dsp_ce/stage3_y_out_reg[9]/C
                            (rising edge-triggered cell FDRE clocked by core_clk_6m144  {rise@0.000ns fall@81.380ns period=162.760ns})
  Destination:            gen_serial_cic_comb.u_cic_interp16_serial_comb_dsp_ce/comb_operand_fabric_reg[9]/D
                            (rising edge-triggered cell FDRE clocked by core_clk_6m144  {rise@0.000ns fall@81.380ns period=162.760ns})
  Path Group:             core_clk_6m144
  Path Type:              Hold (Min at Fast Process Corner)
  Requirement:            0.000ns  (core_clk_6m144 rise@0.000ns - core_clk_6m144 rise@0.000ns)
  Data Path Delay:        0.471ns  (logic 0.274ns (58.193%)  route 0.197ns (41.807%))
  Logic Levels:           2  (CARRY4=1 LUT4=1)
  Clock Path Skew:        0.265ns (DCD - SCD - CPR)
    Destination Clock Delay (DCD):    0.826ns
    Source Clock Delay      (SCD):    0.556ns
    Clock Pessimism Removal (CPR):    0.005ns

    Location             Delay type                Incr(ns)  Path(ns)    Netlist Resource(s)
  -------------------------------------------------------------------    -------------------
                         (clock core_clk_6m144 rise edge)
                                                      0.000     0.000 r  
                                                      0.000     0.000 r  clk (IN)
                         net (fo=310, unset)          0.556     0.556    clk
    SLICE_X34Y57         FDRE                                         r  gen_lutram_stage23.u_interp2_stage23_lutram_cic_dsp_ce/stage3_y_out_reg[9]/C
  -------------------------------------------------------------------    -------------------
    SLICE_X34Y57         FDRE (Prop_fdre_C_Q)         0.164     0.720 r  gen_lutram_stage23.u_interp2_stage23_lutram_cic_dsp_ce/stage3_y_out_reg[9]/Q
                         net (fo=2, routed)           0.197     0.917    y8_w[9]
    SLICE_X39Y58         LUT4 (Prop_lut4_I1_O)        0.045     0.962 r  interp128_all2x_LUT4_9/O
                         net (fo=1, routed)           0.000     0.962    interp128_all2x_net_39
    SLICE_X39Y58         CARRY4 (Prop_carry4_S[1]_O[1])
                                                      0.065     1.027 r  comb_operand_fabric_reg[11]_i_1/O[1]
                         net (fo=1, routed)           0.000     1.027    comb_operand_fabric_reg[11]_i_1_n_6
    SLICE_X39Y58         FDRE                                         r  gen_serial_cic_comb.u_cic_interp16_serial_comb_dsp_ce/comb_operand_fabric_reg[9]/D
  -------------------------------------------------------------------    -------------------

                         (clock core_clk_6m144 rise edge)
                                                      0.000     0.000 r  
                                                      0.000     0.000 r  clk (IN)
                         net (fo=310, unset)          0.826     0.826    clk
    SLICE_X39Y58         FDRE                                         r  gen_serial_cic_comb.u_cic_interp16_serial_comb_dsp_ce/comb_operand_fabric_reg[9]/C
                         clock pessimism             -0.005     0.821    
    SLICE_X39Y58         FDRE (Hold_fdre_C_D)         0.105     0.926    gen_serial_cic_comb.u_cic_interp16_serial_comb_dsp_ce/comb_operand_fabric_reg[9]
  -------------------------------------------------------------------
                         required time                         -0.926    
                         arrival time                           1.027    
  -------------------------------------------------------------------
                         slack                                  0.101    

Slack (MET) :             0.112ns  (arrival time - required time)
  Source:                 gen_lutram_stage23.u_interp2_stage23_lutram_cic_dsp_ce/stage3_y_out_reg[1]/C
                            (rising edge-triggered cell FDRE clocked by core_clk_6m144  {rise@0.000ns fall@81.380ns period=162.760ns})
  Destination:            gen_serial_cic_comb.u_cic_interp16_serial_comb_dsp_ce/comb_operand_fabric_reg[1]/D
                            (rising edge-triggered cell FDRE clocked by core_clk_6m144  {rise@0.000ns fall@81.380ns period=162.760ns})
  Path Group:             core_clk_6m144
  Path Type:              Hold (Min at Fast Process Corner)
  Requirement:            0.000ns  (core_clk_6m144 rise@0.000ns - core_clk_6m144 rise@0.000ns)
  Data Path Delay:        0.483ns  (logic 0.251ns (51.944%)  route 0.232ns (48.056%))
  Logic Levels:           2  (CARRY4=1 LUT4=1)
  Clock Path Skew:        0.266ns (DCD - SCD - CPR)
    Destination Clock Delay (DCD):    0.827ns
    Source Clock Delay      (SCD):    0.556ns
    Clock Pessimism Removal (CPR):    0.005ns

    Location             Delay type                Incr(ns)  Path(ns)    Netlist Resource(s)
  -------------------------------------------------------------------    -------------------
                         (clock core_clk_6m144 rise edge)
                                                      0.000     0.000 r  
                                                      0.000     0.000 r  clk (IN)
                         net (fo=310, unset)          0.556     0.556    clk
    SLICE_X35Y57         FDRE                                         r  gen_lutram_stage23.u_interp2_stage23_lutram_cic_dsp_ce/stage3_y_out_reg[1]/C
  -------------------------------------------------------------------    -------------------
    SLICE_X35Y57         FDRE (Prop_fdre_C_Q)         0.141     0.697 r  gen_lutram_stage23.u_interp2_stage23_lutram_cic_dsp_ce/stage3_y_out_reg[1]/Q
                         net (fo=2, routed)           0.232     0.929    y8_w[1]
    SLICE_X39Y56         LUT4 (Prop_lut4_I1_O)        0.045     0.974 r  interp128_all2x_LUT4_1/O
                         net (fo=1, routed)           0.000     0.974    interp128_all2x_net_25
    SLICE_X39Y56         CARRY4 (Prop_carry4_S[1]_O[1])
                                                      0.065     1.039 r  comb_operand_fabric_reg[3]_i_1/O[1]
                         net (fo=1, routed)           0.000     1.039    comb_operand_fabric_reg[3]_i_1_n_6
    SLICE_X39Y56         FDRE                                         r  gen_serial_cic_comb.u_cic_interp16_serial_comb_dsp_ce/comb_operand_fabric_reg[1]/D
  -------------------------------------------------------------------    -------------------

                         (clock core_clk_6m144 rise edge)
                                                      0.000     0.000 r  
                                                      0.000     0.000 r  clk (IN)
                         net (fo=310, unset)          0.827     0.827    clk
    SLICE_X39Y56         FDRE                                         r  gen_serial_cic_comb.u_cic_interp16_serial_comb_dsp_ce/comb_operand_fabric_reg[1]/C
                         clock pessimism             -0.005     0.822    
    SLICE_X39Y56         FDRE (Hold_fdre_C_D)         0.105     0.927    gen_serial_cic_comb.u_cic_interp16_serial_comb_dsp_ce/comb_operand_fabric_reg[1]
  -------------------------------------------------------------------
                         required time                         -0.927    
                         arrival time                           1.039    
  -------------------------------------------------------------------
                         slack                                  0.112    

Slack (MET) :             0.119ns  (arrival time - required time)
  Source:                 gen_single_bram_stage1.u_interp2_stage1_strict_halfband_bram_ce/read_addr_reg[3]/C
                            (rising edge-triggered cell FDRE clocked by core_clk_6m144  {rise@0.000ns fall@81.380ns period=162.760ns})
  Destination:            gen_single_bram_stage1.u_interp2_stage1_strict_halfband_bram_ce/u_nf_stage1_history_ramb18_sdp/gen_primitive.u_stage1_history_ramb18e1/ADDRARDADDR[8]
                            (rising edge-triggered cell RAMB18E1 clocked by core_clk_6m144  {rise@0.000ns fall@81.380ns period=162.760ns})
  Path Group:             core_clk_6m144
  Path Type:              Hold (Min at Fast Process Corner)
  Requirement:            0.000ns  (core_clk_6m144 rise@0.000ns - core_clk_6m144 rise@0.000ns)
  Data Path Delay:        0.356ns  (logic 0.141ns (39.643%)  route 0.215ns (60.357%))
  Logic Levels:           0  
  Clock Path Skew:        0.054ns (DCD - SCD - CPR)
    Destination Clock Delay (DCD):    0.869ns
    Source Clock Delay      (SCD):    0.561ns
    Clock Pessimism Removal (CPR):    0.254ns

    Location             Delay type                Incr(ns)  Path(ns)    Netlist Resource(s)
  -------------------------------------------------------------------    -------------------
                         (clock core_clk_6m144 rise edge)
                                                      0.000     0.000 r  
                                                      0.000     0.000 r  clk (IN)
                         net (fo=310, unset)          0.561     0.561    clk
    SLICE_X49Y55         FDRE                                         r  gen_single_bram_stage1.u_interp2_stage1_strict_halfband_bram_ce/read_addr_reg[3]/C
  -------------------------------------------------------------------    -------------------
    SLICE_X49Y55         FDRE (Prop_fdre_C_Q)         0.141     0.702 r  gen_single_bram_stage1.u_interp2_stage1_strict_halfband_bram_ce/read_addr_reg[3]/Q
                         net (fo=4, routed)           0.215     0.917    gen_single_bram_stage1.u_interp2_stage1_strict_halfband_bram_ce/read_addr_reg[3]
    RAMB18_X1Y22         RAMB18E1                                     r  gen_single_bram_stage1.u_interp2_stage1_strict_halfband_bram_ce/u_nf_stage1_history_ramb18_sdp/gen_primitive.u_stage1_history_ramb18e1/ADDRARDADDR[8]
  -------------------------------------------------------------------    -------------------

                         (clock core_clk_6m144 rise edge)
                                                      0.000     0.000 r  
                                                      0.000     0.000 r  clk (IN)
                         net (fo=310, unset)          0.869     0.869    clk
    RAMB18_X1Y22         RAMB18E1                                     r  gen_single_bram_stage1.u_interp2_stage1_strict_halfband_bram_ce/u_nf_stage1_history_ramb18_sdp/gen_primitive.u_stage1_history_ramb18e1/CLKARDCLK
                         clock pessimism             -0.254     0.615    
    RAMB18_X1Y22         RAMB18E1 (Hold_ramb18e1_CLKARDCLK_ADDRARDADDR[8])
                                                      0.183     0.798    gen_single_bram_stage1.u_interp2_stage1_strict_halfband_bram_ce/u_nf_stage1_history_ramb18_sdp/gen_primitive.u_stage1_history_ramb18e1
  -------------------------------------------------------------------
                         required time                         -0.798    
                         arrival time                           0.917    
  -------------------------------------------------------------------
                         slack                                  0.119    

Slack (MET) :             0.132ns  (arrival time - required time)
  Source:                 gen_lutram_stage23.u_interp2_stage23_lutram_cic_dsp_ce/stage3_y_out_reg[2]/C
                            (rising edge-triggered cell FDRE clocked by core_clk_6m144  {rise@0.000ns fall@81.380ns period=162.760ns})
  Destination:            gen_serial_cic_comb.u_cic_interp16_serial_comb_dsp_ce/comb_operand_fabric_reg[3]/D
                            (rising edge-triggered cell FDRE clocked by core_clk_6m144  {rise@0.000ns fall@81.380ns period=162.760ns})
  Path Group:             core_clk_6m144
  Path Type:              Hold (Min at Fast Process Corner)
  Requirement:            0.000ns  (core_clk_6m144 rise@0.000ns - core_clk_6m144 rise@0.000ns)
  Data Path Delay:        0.503ns  (logic 0.308ns (61.251%)  route 0.195ns (38.749%))
  Logic Levels:           2  (CARRY4=1 LUT4=1)
  Clock Path Skew:        0.266ns (DCD - SCD - CPR)
    Destination Clock Delay (DCD):    0.827ns
    Source Clock Delay      (SCD):    0.556ns
    Clock Pessimism Removal (CPR):    0.005ns

    Location             Delay type                Incr(ns)  Path(ns)    Netlist Resource(s)
  -------------------------------------------------------------------    -------------------
                         (clock core_clk_6m144 rise edge)
                                                      0.000     0.000 r  
                                                      0.000     0.000 r  clk (IN)
                         net (fo=310, unset)          0.556     0.556    clk
    SLICE_X34Y57         FDRE                                         r  gen_lutram_stage23.u_interp2_stage23_lutram_cic_dsp_ce/stage3_y_out_reg[2]/C
  -------------------------------------------------------------------    -------------------
    SLICE_X34Y57         FDRE (Prop_fdre_C_Q)         0.164     0.720 r  gen_lutram_stage23.u_interp2_stage23_lutram_cic_dsp_ce/stage3_y_out_reg[2]/Q
                         net (fo=2, routed)           0.195     0.915    y8_w[2]
    SLICE_X39Y56         LUT4 (Prop_lut4_I1_O)        0.045     0.960 r  interp128_all2x_LUT4_2/O
                         net (fo=1, routed)           0.000     0.960    interp128_all2x_net_27
    SLICE_X39Y56         CARRY4 (Prop_carry4_S[2]_O[3])
                                                      0.099     1.059 r  comb_operand_fabric_reg[3]_i_1/O[3]
                         net (fo=1, routed)           0.000     1.059    comb_operand_fabric_reg[3]_i_1_n_4
    SLICE_X39Y56         FDRE                                         r  gen_serial_cic_comb.u_cic_interp16_serial_comb_dsp_ce/comb_operand_fabric_reg[3]/D
  -------------------------------------------------------------------    -------------------

                         (clock core_clk_6m144 rise edge)
                                                      0.000     0.000 r  
                                                      0.000     0.000 r  clk (IN)
                         net (fo=310, unset)          0.827     0.827    clk
    SLICE_X39Y56         FDRE                                         r  gen_serial_cic_comb.u_cic_interp16_serial_comb_dsp_ce/comb_operand_fabric_reg[3]/C
                         clock pessimism             -0.005     0.822    
    SLICE_X39Y56         FDRE (Hold_fdre_C_D)         0.105     0.927    gen_serial_cic_comb.u_cic_interp16_serial_comb_dsp_ce/comb_operand_fabric_reg[3]
  -------------------------------------------------------------------
                         required time                         -0.927    
                         arrival time                           1.059    
  -------------------------------------------------------------------
                         slack                                  0.132    

Slack (MET) :             0.132ns  (arrival time - required time)
  Source:                 gen_lutram_stage23.u_interp2_stage23_lutram_cic_dsp_ce/stage3_y_out_reg[12]/C
                            (rising edge-triggered cell FDRE clocked by core_clk_6m144  {rise@0.000ns fall@81.380ns period=162.760ns})
  Destination:            gen_serial_cic_comb.u_cic_interp16_serial_comb_dsp_ce/comb_operand_fabric_reg[12]/D
                            (rising edge-triggered cell FDRE clocked by core_clk_6m144  {rise@0.000ns fall@81.380ns period=162.760ns})
  Path Group:             core_clk_6m144
  Path Type:              Hold (Min at Fast Process Corner)
  Requirement:            0.000ns  (core_clk_6m144 rise@0.000ns - core_clk_6m144 rise@0.000ns)
  Data Path Delay:        0.502ns  (logic 0.256ns (50.983%)  route 0.246ns (49.017%))
  Logic Levels:           2  (CARRY4=1 LUT4=1)
  Clock Path Skew:        0.265ns (DCD - SCD - CPR)
    Destination Clock Delay (DCD):    0.826ns
    Source Clock Delay      (SCD):    0.556ns
    Clock Pessimism Removal (CPR):    0.005ns

    Location             Delay type                Incr(ns)  Path(ns)    Netlist Resource(s)
  -------------------------------------------------------------------    -------------------
                         (clock core_clk_6m144 rise edge)
                                                      0.000     0.000 r  
                                                      0.000     0.000 r  clk (IN)
                         net (fo=310, unset)          0.556     0.556    clk
    SLICE_X35Y58         FDRE                                         r  gen_lutram_stage23.u_interp2_stage23_lutram_cic_dsp_ce/stage3_y_out_reg[12]/C
  -------------------------------------------------------------------    -------------------
    SLICE_X35Y58         FDRE (Prop_fdre_C_Q)         0.141     0.697 r  gen_lutram_stage23.u_interp2_stage23_lutram_cic_dsp_ce/stage3_y_out_reg[12]/Q
                         net (fo=2, routed)           0.246     0.943    y8_w[12]
    SLICE_X39Y59         LUT4 (Prop_lut4_I1_O)        0.045     0.988 r  interp128_all2x_LUT4_12/O
                         net (fo=1, routed)           0.000     0.988    interp128_all2x_net_44
    SLICE_X39Y59         CARRY4 (Prop_carry4_S[0]_O[0])
                                                      0.070     1.058 r  comb_operand_fabric_reg[15]_i_1/O[0]
                         net (fo=1, routed)           0.000     1.058    comb_operand_fabric_reg[15]_i_1_n_7
    SLICE_X39Y59         FDRE                                         r  gen_serial_cic_comb.u_cic_interp16_serial_comb_dsp_ce/comb_operand_fabric_reg[12]/D
  -------------------------------------------------------------------    -------------------

                         (clock core_clk_6m144 rise edge)
                                                      0.000     0.000 r  
                                                      0.000     0.000 r  clk (IN)
                         net (fo=310, unset)          0.826     0.826    clk
    SLICE_X39Y59         FDRE                                         r  gen_serial_cic_comb.u_cic_interp16_serial_comb_dsp_ce/comb_operand_fabric_reg[12]/C
                         clock pessimism             -0.005     0.821    
    SLICE_X39Y59         FDRE (Hold_fdre_C_D)         0.105     0.926    gen_serial_cic_comb.u_cic_interp16_serial_comb_dsp_ce/comb_operand_fabric_reg[12]
  -------------------------------------------------------------------
                         required time                         -0.926    
                         arrival time                           1.058    
  -------------------------------------------------------------------
                         slack                                  0.132    

Slack (MET) :             0.137ns  (arrival time - required time)
  Source:                 gen_lutram_stage23.u_interp2_stage23_lutram_cic_dsp_ce/stage3_y_out_reg[14]/C
                            (rising edge-triggered cell FDRE clocked by core_clk_6m144  {rise@0.000ns fall@81.380ns period=162.760ns})
  Destination:            gen_serial_cic_comb.u_cic_interp16_serial_comb_dsp_ce/comb_operand_fabric_reg[14]/D
                            (rising edge-triggered cell FDRE clocked by core_clk_6m144  {rise@0.000ns fall@81.380ns period=162.760ns})
  Path Group:             core_clk_6m144
  Path Type:              Hold (Min at Fast Process Corner)
  Requirement:            0.000ns  (core_clk_6m144 rise@0.000ns - core_clk_6m144 rise@0.000ns)
  Data Path Delay:        0.507ns  (logic 0.252ns (49.708%)  route 0.255ns (50.292%))
  Logic Levels:           2  (CARRY4=1 LUT4=1)
  Clock Path Skew:        0.265ns (DCD - SCD - CPR)
    Destination Clock Delay (DCD):    0.826ns
    Source Clock Delay      (SCD):    0.556ns
    Clock Pessimism Removal (CPR):    0.005ns

    Location             Delay type                Incr(ns)  Path(ns)    Netlist Resource(s)
  -------------------------------------------------------------------    -------------------
                         (clock core_clk_6m144 rise edge)
                                                      0.000     0.000 r  
                                                      0.000     0.000 r  clk (IN)
                         net (fo=310, unset)          0.556     0.556    clk
    SLICE_X35Y57         FDRE                                         r  gen_lutram_stage23.u_interp2_stage23_lutram_cic_dsp_ce/stage3_y_out_reg[14]/C
  -------------------------------------------------------------------    -------------------
    SLICE_X35Y57         FDRE (Prop_fdre_C_Q)         0.141     0.697 r  gen_lutram_stage23.u_interp2_stage23_lutram_cic_dsp_ce/stage3_y_out_reg[14]/Q
                         net (fo=2, routed)           0.255     0.952    y8_w[14]
    SLICE_X39Y59         LUT4 (Prop_lut4_I1_O)        0.045     0.997 r  interp128_all2x_LUT4_14/O
                         net (fo=1, routed)           0.000     0.997    interp128_all2x_net_48
    SLICE_X39Y59         CARRY4 (Prop_carry4_S[2]_O[2])
                                                      0.066     1.063 r  comb_operand_fabric_reg[15]_i_1/O[2]
                         net (fo=1, routed)           0.000     1.063    comb_operand_fabric_reg[15]_i_1_n_5
    SLICE_X39Y59         FDRE                                         r  gen_serial_cic_comb.u_cic_interp16_serial_comb_dsp_ce/comb_operand_fabric_reg[14]/D
  -------------------------------------------------------------------    -------------------

                         (clock core_clk_6m144 rise edge)
                                                      0.000     0.000 r  
                                                      0.000     0.000 r  clk (IN)
                         net (fo=310, unset)          0.826     0.826    clk
    SLICE_X39Y59         FDRE                                         r  gen_serial_cic_comb.u_cic_interp16_serial_comb_dsp_ce/comb_operand_fabric_reg[14]/C
                         clock pessimism             -0.005     0.821    
    SLICE_X39Y59         FDRE (Hold_fdre_C_D)         0.105     0.926    gen_serial_cic_comb.u_cic_interp16_serial_comb_dsp_ce/comb_operand_fabric_reg[14]
  -------------------------------------------------------------------
                         required time                         -0.926    
                         arrival time                           1.063    
  -------------------------------------------------------------------
                         slack                                  0.137    

Slack (MET) :             0.138ns  (arrival time - required time)
  Source:                 gen_single_bram_stage1.u_interp2_stage1_strict_halfband_bram_ce/read_addr_reg[2]/C
                            (rising edge-triggered cell FDRE clocked by core_clk_6m144  {rise@0.000ns fall@81.380ns period=162.760ns})
  Destination:            gen_single_bram_stage1.u_interp2_stage1_strict_halfband_bram_ce/u_nf_stage1_history_ramb18_sdp/gen_primitive.u_stage1_history_ramb18e1/ADDRARDADDR[7]
                            (rising edge-triggered cell RAMB18E1 clocked by core_clk_6m144  {rise@0.000ns fall@81.380ns period=162.760ns})
  Path Group:             core_clk_6m144
  Path Type:              Hold (Min at Fast Process Corner)
  Requirement:            0.000ns  (core_clk_6m144 rise@0.000ns - core_clk_6m144 rise@0.000ns)
  Data Path Delay:        0.375ns  (logic 0.141ns (37.609%)  route 0.234ns (62.391%))
  Logic Levels:           0  
  Clock Path Skew:        0.054ns (DCD - SCD - CPR)
    Destination Clock Delay (DCD):    0.869ns
    Source Clock Delay      (SCD):    0.561ns
    Clock Pessimism Removal (CPR):    0.254ns

    Location             Delay type                Incr(ns)  Path(ns)    Netlist Resource(s)
  -------------------------------------------------------------------    -------------------
                         (clock core_clk_6m144 rise edge)
                                                      0.000     0.000 r  
                                                      0.000     0.000 r  clk (IN)
                         net (fo=310, unset)          0.561     0.561    clk
    SLICE_X49Y55         FDRE                                         r  gen_single_bram_stage1.u_interp2_stage1_strict_halfband_bram_ce/read_addr_reg[2]/C
  -------------------------------------------------------------------    -------------------
    SLICE_X49Y55         FDRE (Prop_fdre_C_Q)         0.141     0.702 r  gen_single_bram_stage1.u_interp2_stage1_strict_halfband_bram_ce/read_addr_reg[2]/Q
                         net (fo=5, routed)           0.234     0.936    gen_single_bram_stage1.u_interp2_stage1_strict_halfband_bram_ce/read_addr_reg[2]
    RAMB18_X1Y22         RAMB18E1                                     r  gen_single_bram_stage1.u_interp2_stage1_strict_halfband_bram_ce/u_nf_stage1_history_ramb18_sdp/gen_primitive.u_stage1_history_ramb18e1/ADDRARDADDR[7]
  -------------------------------------------------------------------    -------------------

                         (clock core_clk_6m144 rise edge)
                                                      0.000     0.000 r  
                                                      0.000     0.000 r  clk (IN)
                         net (fo=310, unset)          0.869     0.869    clk
    RAMB18_X1Y22         RAMB18E1                                     r  gen_single_bram_stage1.u_interp2_stage1_strict_halfband_bram_ce/u_nf_stage1_history_ramb18_sdp/gen_primitive.u_stage1_history_ramb18e1/CLKARDCLK
                         clock pessimism             -0.254     0.615    
    RAMB18_X1Y22         RAMB18E1 (Hold_ramb18e1_CLKARDCLK_ADDRARDADDR[7])
                                                      0.183     0.798    gen_single_bram_stage1.u_interp2_stage1_strict_halfband_bram_ce/u_nf_stage1_history_ramb18_sdp/gen_primitive.u_stage1_history_ramb18e1
  -------------------------------------------------------------------
                         required time                         -0.798    
                         arrival time                           0.936    
  -------------------------------------------------------------------
                         slack                                  0.138    

Slack (MET) :             0.141ns  (arrival time - required time)
  Source:                 gen_single_bram_stage1.u_interp2_stage1_strict_halfband_bram_ce/read_addr_reg[4]/C
                            (rising edge-triggered cell FDRE clocked by core_clk_6m144  {rise@0.000ns fall@81.380ns period=162.760ns})
  Destination:            gen_single_bram_stage1.u_interp2_stage1_strict_halfband_bram_ce/u_nf_stage1_history_ramb18_sdp/gen_primitive.u_stage1_history_ramb18e1/ADDRARDADDR[9]
                            (rising edge-triggered cell RAMB18E1 clocked by core_clk_6m144  {rise@0.000ns fall@81.380ns period=162.760ns})
  Path Group:             core_clk_6m144
  Path Type:              Hold (Min at Fast Process Corner)
  Requirement:            0.000ns  (core_clk_6m144 rise@0.000ns - core_clk_6m144 rise@0.000ns)
  Data Path Delay:        0.377ns  (logic 0.141ns (37.360%)  route 0.236ns (62.640%))
  Logic Levels:           0  
  Clock Path Skew:        0.054ns (DCD - SCD - CPR)
    Destination Clock Delay (DCD):    0.869ns
    Source Clock Delay      (SCD):    0.561ns
    Clock Pessimism Removal (CPR):    0.254ns

    Location             Delay type                Incr(ns)  Path(ns)    Netlist Resource(s)
  -------------------------------------------------------------------    -------------------
                         (clock core_clk_6m144 rise edge)
                                                      0.000     0.000 r  
                                                      0.000     0.000 r  clk (IN)
                         net (fo=310, unset)          0.561     0.561    clk
    SLICE_X49Y56         FDRE                                         r  gen_single_bram_stage1.u_interp2_stage1_strict_halfband_bram_ce/read_addr_reg[4]/C
  -------------------------------------------------------------------    -------------------
    SLICE_X49Y56         FDRE (Prop_fdre_C_Q)         0.141     0.702 r  gen_single_bram_stage1.u_interp2_stage1_strict_halfband_bram_ce/read_addr_reg[4]/Q
                         net (fo=4, routed)           0.236     0.938    gen_single_bram_stage1.u_interp2_stage1_strict_halfband_bram_ce/read_addr_reg[4]
    RAMB18_X1Y22         RAMB18E1                                     r  gen_single_bram_stage1.u_interp2_stage1_strict_halfband_bram_ce/u_nf_stage1_history_ramb18_sdp/gen_primitive.u_stage1_history_ramb18e1/ADDRARDADDR[9]
  -------------------------------------------------------------------    -------------------

                         (clock core_clk_6m144 rise edge)
                                                      0.000     0.000 r  
                                                      0.000     0.000 r  clk (IN)
                         net (fo=310, unset)          0.869     0.869    clk
    RAMB18_X1Y22         RAMB18E1                                     r  gen_single_bram_stage1.u_interp2_stage1_strict_halfband_bram_ce/u_nf_stage1_history_ramb18_sdp/gen_primitive.u_stage1_history_ramb18e1/CLKARDCLK
                         clock pessimism             -0.254     0.615    
    RAMB18_X1Y22         RAMB18E1 (Hold_ramb18e1_CLKARDCLK_ADDRARDADDR[9])
                                                      0.183     0.798    gen_single_bram_stage1.u_interp2_stage1_strict_halfband_bram_ce/u_nf_stage1_history_ramb18_sdp/gen_primitive.u_stage1_history_ramb18e1
  -------------------------------------------------------------------
                         required time                         -0.798    
                         arrival time                           0.938    
  -------------------------------------------------------------------
                         slack                                  0.141    

Slack (MET) :             0.152ns  (arrival time - required time)
  Source:                 gen_single_bram_stage1.u_interp2_stage1_strict_halfband_bram_ce/wr_ptr_reg[4]/C
                            (rising edge-triggered cell FDRE clocked by core_clk_6m144  {rise@0.000ns fall@81.380ns period=162.760ns})
  Destination:            gen_single_bram_stage1.u_interp2_stage1_strict_halfband_bram_ce/u_nf_stage1_history_ramb18_sdp/gen_primitive.u_stage1_history_ramb18e1/ADDRBWRADDR[9]
                            (rising edge-triggered cell RAMB18E1 clocked by core_clk_6m144  {rise@0.000ns fall@81.380ns period=162.760ns})
  Path Group:             core_clk_6m144
  Path Type:              Hold (Min at Fast Process Corner)
  Requirement:            0.000ns  (core_clk_6m144 rise@0.000ns - core_clk_6m144 rise@0.000ns)
  Data Path Delay:        0.389ns  (logic 0.141ns (36.225%)  route 0.248ns (63.775%))
  Logic Levels:           0  
  Clock Path Skew:        0.055ns (DCD - SCD - CPR)
    Destination Clock Delay (DCD):    0.870ns
    Source Clock Delay      (SCD):    0.561ns
    Clock Pessimism Removal (CPR):    0.254ns

    Location             Delay type                Incr(ns)  Path(ns)    Netlist Resource(s)
  -------------------------------------------------------------------    -------------------
                         (clock core_clk_6m144 rise edge)
                                                      0.000     0.000 r  
                                                      0.000     0.000 r  clk (IN)
                         net (fo=310, unset)          0.561     0.561    clk
    SLICE_X48Y54         FDRE                                         r  gen_single_bram_stage1.u_interp2_stage1_strict_halfband_bram_ce/wr_ptr_reg[4]/C
  -------------------------------------------------------------------    -------------------
    SLICE_X48Y54         FDRE (Prop_fdre_C_Q)         0.141     0.702 r  gen_single_bram_stage1.u_interp2_stage1_strict_halfband_bram_ce/wr_ptr_reg[4]/Q
                         net (fo=6, routed)           0.248     0.950    gen_single_bram_stage1.u_interp2_stage1_strict_halfband_bram_ce/wr_ptr_reg[4]
    RAMB18_X1Y22         RAMB18E1                                     r  gen_single_bram_stage1.u_interp2_stage1_strict_halfband_bram_ce/u_nf_stage1_history_ramb18_sdp/gen_primitive.u_stage1_history_ramb18e1/ADDRBWRADDR[9]
  -------------------------------------------------------------------    -------------------

                         (clock core_clk_6m144 rise edge)
                                                      0.000     0.000 r  
                                                      0.000     0.000 r  clk (IN)
                         net (fo=310, unset)          0.870     0.870    clk
    RAMB18_X1Y22         RAMB18E1                                     r  gen_single_bram_stage1.u_interp2_stage1_strict_halfband_bram_ce/u_nf_stage1_history_ramb18_sdp/gen_primitive.u_stage1_history_ramb18e1/CLKBWRCLK
                         clock pessimism             -0.254     0.616    
    RAMB18_X1Y22         RAMB18E1 (Hold_ramb18e1_CLKBWRCLK_ADDRBWRADDR[9])
                                                      0.183     0.799    gen_single_bram_stage1.u_interp2_stage1_strict_halfband_bram_ce/u_nf_stage1_history_ramb18_sdp/gen_primitive.u_stage1_history_ramb18e1
  -------------------------------------------------------------------
                         required time                         -0.799    
                         arrival time                           0.950    
  -------------------------------------------------------------------
                         slack                                  0.152    

Slack (MET) :             0.152ns  (arrival time - required time)
  Source:                 gen_single_bram_stage1.u_interp2_stage1_strict_halfband_bram_ce/wr_ptr_reg[2]/C
                            (rising edge-triggered cell FDRE clocked by core_clk_6m144  {rise@0.000ns fall@81.380ns period=162.760ns})
  Destination:            gen_single_bram_stage1.u_interp2_stage1_strict_halfband_bram_ce/u_nf_stage1_history_ramb18_sdp/gen_primitive.u_stage1_history_ramb18e1/ADDRBWRADDR[7]
                            (rising edge-triggered cell RAMB18E1 clocked by core_clk_6m144  {rise@0.000ns fall@81.380ns period=162.760ns})
  Path Group:             core_clk_6m144
  Path Type:              Hold (Min at Fast Process Corner)
  Requirement:            0.000ns  (core_clk_6m144 rise@0.000ns - core_clk_6m144 rise@0.000ns)
  Data Path Delay:        0.390ns  (logic 0.141ns (36.138%)  route 0.249ns (63.862%))
  Logic Levels:           0  
  Clock Path Skew:        0.055ns (DCD - SCD - CPR)
    Destination Clock Delay (DCD):    0.870ns
    Source Clock Delay      (SCD):    0.561ns
    Clock Pessimism Removal (CPR):    0.254ns

    Location             Delay type                Incr(ns)  Path(ns)    Netlist Resource(s)
  -------------------------------------------------------------------    -------------------
                         (clock core_clk_6m144 rise edge)
                                                      0.000     0.000 r  
                                                      0.000     0.000 r  clk (IN)
                         net (fo=310, unset)          0.561     0.561    clk
    SLICE_X48Y54         FDRE                                         r  gen_single_bram_stage1.u_interp2_stage1_strict_halfband_bram_ce/wr_ptr_reg[2]/C
  -------------------------------------------------------------------    -------------------
    SLICE_X48Y54         FDRE (Prop_fdre_C_Q)         0.141     0.702 r  gen_single_bram_stage1.u_interp2_stage1_strict_halfband_bram_ce/wr_ptr_reg[2]/Q
                         net (fo=7, routed)           0.249     0.951    gen_single_bram_stage1.u_interp2_stage1_strict_halfband_bram_ce/wr_ptr_reg[2]
    RAMB18_X1Y22         RAMB18E1                                     r  gen_single_bram_stage1.u_interp2_stage1_strict_halfband_bram_ce/u_nf_stage1_history_ramb18_sdp/gen_primitive.u_stage1_history_ramb18e1/ADDRBWRADDR[7]
  -------------------------------------------------------------------    -------------------

                         (clock core_clk_6m144 rise edge)
                                                      0.000     0.000 r  
                                                      0.000     0.000 r  clk (IN)
                         net (fo=310, unset)          0.870     0.870    clk
    RAMB18_X1Y22         RAMB18E1                                     r  gen_single_bram_stage1.u_interp2_stage1_strict_halfband_bram_ce/u_nf_stage1_history_ramb18_sdp/gen_primitive.u_stage1_history_ramb18e1/CLKBWRCLK
                         clock pessimism             -0.254     0.616    
    RAMB18_X1Y22         RAMB18E1 (Hold_ramb18e1_CLKBWRCLK_ADDRBWRADDR[7])
                                                      0.183     0.799    gen_single_bram_stage1.u_interp2_stage1_strict_halfband_bram_ce/u_nf_stage1_history_ramb18_sdp/gen_primitive.u_stage1_history_ramb18e1
  -------------------------------------------------------------------
                         required time                         -0.799    
                         arrival time                           0.951    
  -------------------------------------------------------------------
                         slack                                  0.152    

Slack (MET) :             0.162ns  (arrival time - required time)
  Source:                 gen_serial_cic_comb.u_cic_interp16_serial_comb_dsp_ce/comb_delay1_reg[7]/C
                            (rising edge-triggered cell FDRE clocked by core_clk_6m144  {rise@0.000ns fall@81.380ns period=162.760ns})
  Destination:            gen_serial_cic_comb.u_cic_interp16_serial_comb_dsp_ce/comb_delay0_reg[7]/D
                            (rising edge-triggered cell FDRE clocked by core_clk_6m144  {rise@0.000ns fall@81.380ns period=162.760ns})
  Path Group:             core_clk_6m144
  Path Type:              Hold (Min at Fast Process Corner)
  Requirement:            0.000ns  (core_clk_6m144 rise@0.000ns - core_clk_6m144 rise@0.000ns)
  Data Path Delay:        0.201ns  (logic 0.148ns (73.524%)  route 0.053ns (26.476%))
  Logic Levels:           0  
  Clock Path Skew:        0.016ns (DCD - SCD - CPR)
    Destination Clock Delay (DCD):    0.827ns
    Source Clock Delay      (SCD):    0.558ns
    Clock Pessimism Removal (CPR):    0.253ns

    Location             Delay type                Incr(ns)  Path(ns)    Netlist Resource(s)
  -------------------------------------------------------------------    -------------------
                         (clock core_clk_6m144 rise edge)
                                                      0.000     0.000 r  
                                                      0.000     0.000 r  clk (IN)
                         net (fo=310, unset)          0.558     0.558    clk
    SLICE_X38Y56         FDRE                                         r  gen_serial_cic_comb.u_cic_interp16_serial_comb_dsp_ce/comb_delay1_reg[7]/C
  -------------------------------------------------------------------    -------------------
    SLICE_X38Y56         FDRE (Prop_fdre_C_Q)         0.148     0.706 r  gen_serial_cic_comb.u_cic_interp16_serial_comb_dsp_ce/comb_delay1_reg[7]/Q
                         net (fo=1, routed)           0.053     0.759    comb_delay1[7]
    SLICE_X38Y56         FDRE                                         r  gen_serial_cic_comb.u_cic_interp16_serial_comb_dsp_ce/comb_delay0_reg[7]/D
  -------------------------------------------------------------------    -------------------

                         (clock core_clk_6m144 rise edge)
                                                      0.000     0.000 r  
                                                      0.000     0.000 r  clk (IN)
                         net (fo=310, unset)          0.827     0.827    clk
    SLICE_X38Y56         FDRE                                         r  gen_serial_cic_comb.u_cic_interp16_serial_comb_dsp_ce/comb_delay0_reg[7]/C
                         clock pessimism             -0.253     0.574    
    SLICE_X38Y56         FDRE (Hold_fdre_C_D)         0.023     0.597    gen_serial_cic_comb.u_cic_interp16_serial_comb_dsp_ce/comb_delay0_reg[7]
  -------------------------------------------------------------------
                         required time                         -0.597    
                         arrival time                           0.759    
  -------------------------------------------------------------------
                         slack                                  0.162    

Slack (MET) :             0.164ns  (arrival time - required time)
  Source:                 gen_single_bram_stage1.u_interp2_stage1_strict_halfband_bram_ce/issue_active_reg/C
                            (rising edge-triggered cell FDRE clocked by core_clk_6m144  {rise@0.000ns fall@81.380ns period=162.760ns})
  Destination:            gen_single_bram_stage1.u_interp2_stage1_strict_halfband_bram_ce/read_issue_valid_reg/D
                            (rising edge-triggered cell FDRE clocked by core_clk_6m144  {rise@0.000ns fall@81.380ns period=162.760ns})
  Path Group:             core_clk_6m144
  Path Type:              Hold (Min at Fast Process Corner)
  Requirement:            0.000ns  (core_clk_6m144 rise@0.000ns - core_clk_6m144 rise@0.000ns)
  Data Path Delay:        0.521ns  (logic 0.186ns (35.698%)  route 0.335ns (64.302%))
  Logic Levels:           1  (LUT2=1)
  Clock Path Skew:        0.266ns (DCD - SCD - CPR)
    Destination Clock Delay (DCD):    0.829ns
    Source Clock Delay      (SCD):    0.558ns
    Clock Pessimism Removal (CPR):    0.005ns

    Location             Delay type                Incr(ns)  Path(ns)    Netlist Resource(s)
  -------------------------------------------------------------------    -------------------
                         (clock core_clk_6m144 rise edge)
                                                      0.000     0.000 r  
                                                      0.000     0.000 r  clk (IN)
                         net (fo=310, unset)          0.558     0.558    clk
    SLICE_X29Y53         FDRE                                         r  gen_single_bram_stage1.u_interp2_stage1_strict_halfband_bram_ce/issue_active_reg/C
  -------------------------------------------------------------------    -------------------
    SLICE_X29Y53         FDRE (Prop_fdre_C_Q)         0.141     0.699 r  gen_single_bram_stage1.u_interp2_stage1_strict_halfband_bram_ce/issue_active_reg/Q
                         net (fo=10, routed)          0.335     1.034    gen_single_bram_stage1.u_interp2_stage1_strict_halfband_bram_ce/issue_active
    SLICE_X44Y54         LUT2 (Prop_lut2_I0_O)        0.045     1.079 r  interp128_all2x_LUT2_68/O
                         net (fo=7, routed)           0.000     1.079    read_issue_valid_i_1_n_0
    SLICE_X44Y54         FDRE                                         r  gen_single_bram_stage1.u_interp2_stage1_strict_halfband_bram_ce/read_issue_valid_reg/D
  -------------------------------------------------------------------    -------------------

                         (clock core_clk_6m144 rise edge)
                                                      0.000     0.000 r  
                                                      0.000     0.000 r  clk (IN)
                         net (fo=310, unset)          0.829     0.829    clk
    SLICE_X44Y54         FDRE                                         r  gen_single_bram_stage1.u_interp2_stage1_strict_halfband_bram_ce/read_issue_valid_reg/C
                         clock pessimism             -0.005     0.824    
    SLICE_X44Y54         FDRE (Hold_fdre_C_D)         0.091     0.915    gen_single_bram_stage1.u_interp2_stage1_strict_halfband_bram_ce/read_issue_valid_reg
  -------------------------------------------------------------------
                         required time                         -0.915    
                         arrival time                           1.079    
  -------------------------------------------------------------------
                         slack                                  0.164    

Slack (MET) :             0.164ns  (arrival time - required time)
  Source:                 gen_serial_cic_comb.u_cic_interp16_serial_comb_dsp_ce/comb_delay1_reg[14]/C
                            (rising edge-triggered cell FDRE clocked by core_clk_6m144  {rise@0.000ns fall@81.380ns period=162.760ns})
  Destination:            gen_serial_cic_comb.u_cic_interp16_serial_comb_dsp_ce/comb_delay0_reg[14]/D
                            (rising edge-triggered cell FDRE clocked by core_clk_6m144  {rise@0.000ns fall@81.380ns period=162.760ns})
  Path Group:             core_clk_6m144
  Path Type:              Hold (Min at Fast Process Corner)
  Requirement:            0.000ns  (core_clk_6m144 rise@0.000ns - core_clk_6m144 rise@0.000ns)
  Data Path Delay:        0.203ns  (logic 0.148ns (72.867%)  route 0.055ns (27.133%))
  Logic Levels:           0  
  Clock Path Skew:        0.016ns (DCD - SCD - CPR)
    Destination Clock Delay (DCD):    0.826ns
    Source Clock Delay      (SCD):    0.557ns
    Clock Pessimism Removal (CPR):    0.253ns

    Location             Delay type                Incr(ns)  Path(ns)    Netlist Resource(s)
  -------------------------------------------------------------------    -------------------
                         (clock core_clk_6m144 rise edge)
                                                      0.000     0.000 r  
                                                      0.000     0.000 r  clk (IN)
                         net (fo=310, unset)          0.557     0.557    clk
    SLICE_X38Y59         FDRE                                         r  gen_serial_cic_comb.u_cic_interp16_serial_comb_dsp_ce/comb_delay1_reg[14]/C
  -------------------------------------------------------------------    -------------------
    SLICE_X38Y59         FDRE (Prop_fdre_C_Q)         0.148     0.705 r  gen_serial_cic_comb.u_cic_interp16_serial_comb_dsp_ce/comb_delay1_reg[14]/Q
                         net (fo=1, routed)           0.055     0.760    comb_delay1[14]
    SLICE_X38Y59         FDRE                                         r  gen_serial_cic_comb.u_cic_interp16_serial_comb_dsp_ce/comb_delay0_reg[14]/D
  -------------------------------------------------------------------    -------------------

                         (clock core_clk_6m144 rise edge)
                                                      0.000     0.000 r  
                                                      0.000     0.000 r  clk (IN)
                         net (fo=310, unset)          0.826     0.826    clk
    SLICE_X38Y59         FDRE                                         r  gen_serial_cic_comb.u_cic_interp16_serial_comb_dsp_ce/comb_delay0_reg[14]/C
                         clock pessimism             -0.253     0.573    
    SLICE_X38Y59         FDRE (Hold_fdre_C_D)         0.023     0.596    gen_serial_cic_comb.u_cic_interp16_serial_comb_dsp_ce/comb_delay0_reg[14]
  -------------------------------------------------------------------
                         required time                         -0.596    
                         arrival time                           0.760    
  -------------------------------------------------------------------
                         slack                                  0.164    

Slack (MET) :             0.166ns  (arrival time - required time)
  Source:                 gen_single_bram_stage1.u_interp2_stage1_strict_halfband_bram_ce/read_addr_reg[0]/C
                            (rising edge-triggered cell FDRE clocked by core_clk_6m144  {rise@0.000ns fall@81.380ns period=162.760ns})
  Destination:            gen_single_bram_stage1.u_interp2_stage1_strict_halfband_bram_ce/u_nf_stage1_history_ramb18_sdp/gen_primitive.u_stage1_history_ramb18e1/ADDRARDADDR[5]
                            (rising edge-triggered cell RAMB18E1 clocked by core_clk_6m144  {rise@0.000ns fall@81.380ns period=162.760ns})
  Path Group:             core_clk_6m144
  Path Type:              Hold (Min at Fast Process Corner)
  Requirement:            0.000ns  (core_clk_6m144 rise@0.000ns - core_clk_6m144 rise@0.000ns)
  Data Path Delay:        0.402ns  (logic 0.141ns (35.056%)  route 0.261ns (64.944%))
  Logic Levels:           0  
  Clock Path Skew:        0.054ns (DCD - SCD - CPR)
    Destination Clock Delay (DCD):    0.869ns
    Source Clock Delay      (SCD):    0.561ns
    Clock Pessimism Removal (CPR):    0.254ns

    Location             Delay type                Incr(ns)  Path(ns)    Netlist Resource(s)
  -------------------------------------------------------------------    -------------------
                         (clock core_clk_6m144 rise edge)
                                                      0.000     0.000 r  
                                                      0.000     0.000 r  clk (IN)
                         net (fo=310, unset)          0.561     0.561    clk
    SLICE_X48Y55         FDRE                                         r  gen_single_bram_stage1.u_interp2_stage1_strict_halfband_bram_ce/read_addr_reg[0]/C
  -------------------------------------------------------------------    -------------------
    SLICE_X48Y55         FDRE (Prop_fdre_C_Q)         0.141     0.702 r  gen_single_bram_stage1.u_interp2_stage1_strict_halfband_bram_ce/read_addr_reg[0]/Q
                         net (fo=7, routed)           0.261     0.963    gen_single_bram_stage1.u_interp2_stage1_strict_halfband_bram_ce/read_addr_reg[0]
    RAMB18_X1Y22         RAMB18E1                                     r  gen_single_bram_stage1.u_interp2_stage1_strict_halfband_bram_ce/u_nf_stage1_history_ramb18_sdp/gen_primitive.u_stage1_history_ramb18e1/ADDRARDADDR[5]
  -------------------------------------------------------------------    -------------------

                         (clock core_clk_6m144 rise edge)
                                                      0.000     0.000 r  
                                                      0.000     0.000 r  clk (IN)
                         net (fo=310, unset)          0.869     0.869    clk
    RAMB18_X1Y22         RAMB18E1                                     r  gen_single_bram_stage1.u_interp2_stage1_strict_halfband_bram_ce/u_nf_stage1_history_ramb18_sdp/gen_primitive.u_stage1_history_ramb18e1/CLKARDCLK
                         clock pessimism             -0.254     0.615    
    RAMB18_X1Y22         RAMB18E1 (Hold_ramb18e1_CLKARDCLK_ADDRARDADDR[5])
                                                      0.183     0.798    gen_single_bram_stage1.u_interp2_stage1_strict_halfband_bram_ce/u_nf_stage1_history_ramb18_sdp/gen_primitive.u_stage1_history_ramb18e1
  -------------------------------------------------------------------
                         required time                         -0.798    
                         arrival time                           0.963    
  -------------------------------------------------------------------
                         slack                                  0.166    

Slack (MET) :             0.166ns  (arrival time - required time)
  Source:                 gen_single_bram_stage1.u_interp2_stage1_strict_halfband_bram_ce/wr_ptr_reg[4]/C
                            (rising edge-triggered cell FDRE clocked by core_clk_6m144  {rise@0.000ns fall@81.380ns period=162.760ns})
  Destination:            gen_single_bram_stage1.u_interp2_stage1_strict_halfband_bram_ce/history_full_reg/D
                            (rising edge-triggered cell FDRE clocked by core_clk_6m144  {rise@0.000ns fall@81.380ns period=162.760ns})
  Path Group:             core_clk_6m144
  Path Type:              Hold (Min at Fast Process Corner)
  Requirement:            0.000ns  (core_clk_6m144 rise@0.000ns - core_clk_6m144 rise@0.000ns)
  Data Path Delay:        0.273ns  (logic 0.186ns (68.203%)  route 0.087ns (31.797%))
  Logic Levels:           1  (LUT6=1)
  Clock Path Skew:        0.016ns (DCD - SCD - CPR)
    Destination Clock Delay (DCD):    0.831ns
    Source Clock Delay      (SCD):    0.561ns
    Clock Pessimism Removal (CPR):    0.254ns

    Location             Delay type                Incr(ns)  Path(ns)    Netlist Resource(s)
  -------------------------------------------------------------------    -------------------
                         (clock core_clk_6m144 rise edge)
                                                      0.000     0.000 r  
                                                      0.000     0.000 r  clk (IN)
                         net (fo=310, unset)          0.561     0.561    clk
    SLICE_X48Y54         FDRE                                         r  gen_single_bram_stage1.u_interp2_stage1_strict_halfband_bram_ce/wr_ptr_reg[4]/C
  -------------------------------------------------------------------    -------------------
    SLICE_X48Y54         FDRE (Prop_fdre_C_Q)         0.141     0.702 r  gen_single_bram_stage1.u_interp2_stage1_strict_halfband_bram_ce/wr_ptr_reg[4]/Q
                         net (fo=6, routed)           0.087     0.789    gen_single_bram_stage1.u_interp2_stage1_strict_halfband_bram_ce/wr_ptr_reg[4]
    SLICE_X49Y54         LUT6 (Prop_lut6_I2_O)        0.045     0.834 r  interp128_all2x_LUT6_14/O
                         net (fo=1, routed)           0.000     0.834    history_full_i_1_n_0
    SLICE_X49Y54         FDRE                                         r  gen_single_bram_stage1.u_interp2_stage1_strict_halfband_bram_ce/history_full_reg/D
  -------------------------------------------------------------------    -------------------

                         (clock core_clk_6m144 rise edge)
                                                      0.000     0.000 r  
                                                      0.000     0.000 r  clk (IN)
                         net (fo=310, unset)          0.831     0.831    clk
    SLICE_X49Y54         FDRE                                         r  gen_single_bram_stage1.u_interp2_stage1_strict_halfband_bram_ce/history_full_reg/C
                         clock pessimism             -0.254     0.577    
    SLICE_X49Y54         FDRE (Hold_fdre_C_D)         0.091     0.668    gen_single_bram_stage1.u_interp2_stage1_strict_halfband_bram_ce/history_full_reg
  -------------------------------------------------------------------
                         required time                         -0.668    
                         arrival time                           0.834    
  -------------------------------------------------------------------
                         slack                                  0.166    

Slack (MET) :             0.167ns  (arrival time - required time)
  Source:                 gen_single_bram_stage1.u_interp2_stage1_strict_halfband_bram_ce/y_out_valid_reg/C
                            (rising edge-triggered cell FDRE clocked by core_clk_6m144  {rise@0.000ns fall@81.380ns period=162.760ns})
  Destination:            u_bridge_2_to_4_quantized/pending_reg/D
                            (rising edge-triggered cell FDRE clocked by core_clk_6m144  {rise@0.000ns fall@81.380ns period=162.760ns})
  Path Group:             core_clk_6m144
  Path Type:              Hold (Min at Fast Process Corner)
  Requirement:            0.000ns  (core_clk_6m144 rise@0.000ns - core_clk_6m144 rise@0.000ns)
  Data Path Delay:        0.303ns  (logic 0.246ns (81.159%)  route 0.057ns (18.841%))
  Logic Levels:           1  (LUT3=1)
  Clock Path Skew:        0.016ns (DCD - SCD - CPR)
    Destination Clock Delay (DCD):    0.826ns
    Source Clock Delay      (SCD):    0.557ns
    Clock Pessimism Removal (CPR):    0.253ns

    Location             Delay type                Incr(ns)  Path(ns)    Netlist Resource(s)
  -------------------------------------------------------------------    -------------------
                         (clock core_clk_6m144 rise edge)
                                                      0.000     0.000 r  
                                                      0.000     0.000 r  clk (IN)
                         net (fo=310, unset)          0.557     0.557    clk
    SLICE_X30Y59         FDRE                                         r  gen_single_bram_stage1.u_interp2_stage1_strict_halfband_bram_ce/y_out_valid_reg/C
  -------------------------------------------------------------------    -------------------
    SLICE_X30Y59         FDRE (Prop_fdre_C_Q)         0.148     0.705 r  gen_single_bram_stage1.u_interp2_stage1_strict_halfband_bram_ce/y_out_valid_reg/Q
                         net (fo=1, routed)           0.057     0.762    dbg_y2_valid
    SLICE_X30Y59         LUT3 (Prop_lut3_I0_O)        0.098     0.860 r  interp128_all2x_LUT3_28/O
                         net (fo=1, routed)           0.000     0.860    pending_i_1__0_n_0
    SLICE_X30Y59         FDRE                                         r  u_bridge_2_to_4_quantized/pending_reg/D
  -------------------------------------------------------------------    -------------------

                         (clock core_clk_6m144 rise edge)
                                                      0.000     0.000 r  
                                                      0.000     0.000 r  clk (IN)
                         net (fo=310, unset)          0.826     0.826    clk
    SLICE_X30Y59         FDRE                                         r  u_bridge_2_to_4_quantized/pending_reg/C
                         clock pessimism             -0.253     0.573    
    SLICE_X30Y59         FDRE (Hold_fdre_C_D)         0.120     0.693    u_bridge_2_to_4_quantized/pending_reg
  -------------------------------------------------------------------
                         required time                         -0.693    
                         arrival time                           0.860    
  -------------------------------------------------------------------
                         slack                                  0.167    

Slack (MET) :             0.168ns  (arrival time - required time)
  Source:                 gen_lutram_stage23.u_interp2_stage23_lutram_cic_dsp_ce/stage3_y_out_reg[12]/C
                            (rising edge-triggered cell FDRE clocked by core_clk_6m144  {rise@0.000ns fall@81.380ns period=162.760ns})
  Destination:            gen_serial_cic_comb.u_cic_interp16_serial_comb_dsp_ce/comb_operand_fabric_reg[13]/D
                            (rising edge-triggered cell FDRE clocked by core_clk_6m144  {rise@0.000ns fall@81.380ns period=162.760ns})
  Path Group:             core_clk_6m144
  Path Type:              Hold (Min at Fast Process Corner)
  Requirement:            0.000ns  (core_clk_6m144 rise@0.000ns - core_clk_6m144 rise@0.000ns)
  Data Path Delay:        0.538ns  (logic 0.292ns (54.262%)  route 0.246ns (45.738%))
  Logic Levels:           2  (CARRY4=1 LUT4=1)
  Clock Path Skew:        0.265ns (DCD - SCD - CPR)
    Destination Clock Delay (DCD):    0.826ns
    Source Clock Delay      (SCD):    0.556ns
    Clock Pessimism Removal (CPR):    0.005ns

    Location             Delay type                Incr(ns)  Path(ns)    Netlist Resource(s)
  -------------------------------------------------------------------    -------------------
                         (clock core_clk_6m144 rise edge)
                                                      0.000     0.000 r  
                                                      0.000     0.000 r  clk (IN)
                         net (fo=310, unset)          0.556     0.556    clk
    SLICE_X35Y58         FDRE                                         r  gen_lutram_stage23.u_interp2_stage23_lutram_cic_dsp_ce/stage3_y_out_reg[12]/C
  -------------------------------------------------------------------    -------------------
    SLICE_X35Y58         FDRE (Prop_fdre_C_Q)         0.141     0.697 r  gen_lutram_stage23.u_interp2_stage23_lutram_cic_dsp_ce/stage3_y_out_reg[12]/Q
                         net (fo=2, routed)           0.246     0.943    y8_w[12]
    SLICE_X39Y59         LUT4 (Prop_lut4_I1_O)        0.045     0.988 r  interp128_all2x_LUT4_12/O
                         net (fo=1, routed)           0.000     0.988    interp128_all2x_net_44
    SLICE_X39Y59         CARRY4 (Prop_carry4_S[0]_O[1])
                                                      0.106     1.094 r  comb_operand_fabric_reg[15]_i_1/O[1]
                         net (fo=1, routed)           0.000     1.094    comb_operand_fabric_reg[15]_i_1_n_6
    SLICE_X39Y59         FDRE                                         r  gen_serial_cic_comb.u_cic_interp16_serial_comb_dsp_ce/comb_operand_fabric_reg[13]/D
  -------------------------------------------------------------------    -------------------

                         (clock core_clk_6m144 rise edge)
                                                      0.000     0.000 r  
                                                      0.000     0.000 r  clk (IN)
                         net (fo=310, unset)          0.826     0.826    clk
    SLICE_X39Y59         FDRE                                         r  gen_serial_cic_comb.u_cic_interp16_serial_comb_dsp_ce/comb_operand_fabric_reg[13]/C
                         clock pessimism             -0.005     0.821    
    SLICE_X39Y59         FDRE (Hold_fdre_C_D)         0.105     0.926    gen_serial_cic_comb.u_cic_interp16_serial_comb_dsp_ce/comb_operand_fabric_reg[13]
  -------------------------------------------------------------------
                         required time                         -0.926    
                         arrival time                           1.094    
  -------------------------------------------------------------------
                         slack                                  0.168    

Slack (MET) :             0.170ns  (arrival time - required time)
  Source:                 gen_lutram_stage23.u_interp2_stage23_lutram_cic_dsp_ce/stage3_y_out_reg[14]/C
                            (rising edge-triggered cell FDRE clocked by core_clk_6m144  {rise@0.000ns fall@81.380ns period=162.760ns})
  Destination:            gen_serial_cic_comb.u_cic_interp16_serial_comb_dsp_ce/comb_operand_fabric_reg[15]/D
                            (rising edge-triggered cell FDRE clocked by core_clk_6m144  {rise@0.000ns fall@81.380ns period=162.760ns})
  Path Group:             core_clk_6m144
  Path Type:              Hold (Min at Fast Process Corner)
  Requirement:            0.000ns  (core_clk_6m144 rise@0.000ns - core_clk_6m144 rise@0.000ns)
  Data Path Delay:        0.540ns  (logic 0.285ns (52.782%)  route 0.255ns (47.218%))
  Logic Levels:           2  (CARRY4=1 LUT4=1)
  Clock Path Skew:        0.265ns (DCD - SCD - CPR)
    Destination Clock Delay (DCD):    0.826ns
    Source Clock Delay      (SCD):    0.556ns
    Clock Pessimism Removal (CPR):    0.005ns

    Location             Delay type                Incr(ns)  Path(ns)    Netlist Resource(s)
  -------------------------------------------------------------------    -------------------
                         (clock core_clk_6m144 rise edge)
                                                      0.000     0.000 r  
                                                      0.000     0.000 r  clk (IN)
                         net (fo=310, unset)          0.556     0.556    clk
    SLICE_X35Y57         FDRE                                         r  gen_lutram_stage23.u_interp2_stage23_lutram_cic_dsp_ce/stage3_y_out_reg[14]/C
  -------------------------------------------------------------------    -------------------
    SLICE_X35Y57         FDRE (Prop_fdre_C_Q)         0.141     0.697 r  gen_lutram_stage23.u_interp2_stage23_lutram_cic_dsp_ce/stage3_y_out_reg[14]/Q
                         net (fo=2, routed)           0.255     0.952    y8_w[14]
    SLICE_X39Y59         LUT4 (Prop_lut4_I1_O)        0.045     0.997 r  interp128_all2x_LUT4_14/O
                         net (fo=1, routed)           0.000     0.997    interp128_all2x_net_48
    SLICE_X39Y59         CARRY4 (Prop_carry4_S[2]_O[3])
                                                      0.099     1.096 r  comb_operand_fabric_reg[15]_i_1/O[3]
                         net (fo=1, routed)           0.000     1.096    comb_operand_fabric_reg[15]_i_1_n_4
    SLICE_X39Y59         FDRE                                         r  gen_serial_cic_comb.u_cic_interp16_serial_comb_dsp_ce/comb_operand_fabric_reg[15]/D
  -------------------------------------------------------------------    -------------------

                         (clock core_clk_6m144 rise edge)
                                                      0.000     0.000 r  
                                                      0.000     0.000 r  clk (IN)
                         net (fo=310, unset)          0.826     0.826    clk
    SLICE_X39Y59         FDRE                                         r  gen_serial_cic_comb.u_cic_interp16_serial_comb_dsp_ce/comb_operand_fabric_reg[15]/C
                         clock pessimism             -0.005     0.821    
    SLICE_X39Y59         FDRE (Hold_fdre_C_D)         0.105     0.926    gen_serial_cic_comb.u_cic_interp16_serial_comb_dsp_ce/comb_operand_fabric_reg[15]
  -------------------------------------------------------------------
                         required time                         -0.926    
                         arrival time                           1.096    
  -------------------------------------------------------------------
                         slack                                  0.170    





Pulse Width Checks
--------------------------------------------------------------------------------------
Clock Name:         core_clk_6m144
Waveform(ns):       { 0.000 81.380 }
Period(ns):         162.760
Sources:            { clk }

Check Type        Corner  Lib Pin             Reference Pin  Required(ns)  Actual(ns)  Slack(ns)  Location      Pin
Min Period        n/a     RAMB18E1/CLKARDCLK  n/a            2.472         162.760     160.288    RAMB18_X0Y22  gen_lutram_stage23.u_interp2_stage23_lutram_cic_dsp_ce/gen_unified_bram_history.u_nf_stage23_history_ramb18_sdp/gen_primitive.u_stage23_history_ramb18e1/CLKARDCLK
Min Period        n/a     RAMB18E1/CLKBWRCLK  n/a            2.472         162.760     160.288    RAMB18_X0Y22  gen_lutram_stage23.u_interp2_stage23_lutram_cic_dsp_ce/gen_unified_bram_history.u_nf_stage23_history_ramb18_sdp/gen_primitive.u_stage23_history_ramb18e1/CLKBWRCLK
Min Period        n/a     RAMB18E1/CLKARDCLK  n/a            2.472         162.760     160.288    RAMB18_X1Y22  gen_single_bram_stage1.u_interp2_stage1_strict_halfband_bram_ce/u_nf_stage1_history_ramb18_sdp/gen_primitive.u_stage1_history_ramb18e1/CLKARDCLK
Min Period        n/a     RAMB18E1/CLKBWRCLK  n/a            2.472         162.760     160.288    RAMB18_X1Y22  gen_single_bram_stage1.u_interp2_stage1_strict_halfband_bram_ce/u_nf_stage1_history_ramb18_sdp/gen_primitive.u_stage1_history_ramb18e1/CLKBWRCLK
Min Period        n/a     RAMB18E1/CLKARDCLK  n/a            2.472         162.760     160.288    RAMB18_X0Y23  gen_unified_fir_coeff_bram.u_nf_unified_fir_coeff_bram/u_unified_coeff_ramb18e1/CLKARDCLK
Min Period        n/a     RAMB18E1/CLKBWRCLK  n/a            2.472         162.760     160.288    RAMB18_X0Y23  gen_unified_fir_coeff_bram.u_nf_unified_fir_coeff_bram/u_unified_coeff_ramb18e1/CLKBWRCLK
Min Period        n/a     DSP48E1/CLK         n/a            2.147         162.760     160.613    DSP48_X0Y22   gen_lutram_stage23.u_interp2_stage23_lutram_cic_dsp_ce/u_stage23_dsp48e1/CLK
Min Period        n/a     DSP48E1/CLK         n/a            2.147         162.760     160.613    DSP48_X0Y23   gen_single_bram_stage1.u_interp2_stage1_strict_halfband_bram_ce/u_stage1_dsp48e1/CLK
Min Period        n/a     FDRE/C              n/a            1.000         162.760     161.760    SLICE_X32Y57  gen_lutram_stage23.u_interp2_stage23_lutram_cic_dsp_ce/job_active_reg/C
Min Period        n/a     FDRE/C              n/a            1.000         162.760     161.760    SLICE_X32Y54  gen_lutram_stage23.u_interp2_stage23_lutram_cic_dsp_ce/job_history_full_reg/C
Min Period        n/a     FDRE/C              n/a            1.000         162.760     161.760    SLICE_X32Y54  gen_lutram_stage23.u_interp2_stage23_lutram_cic_dsp_ce/job_history_head_reg[0]/C
Min Period        n/a     FDRE/C              n/a            1.000         162.760     161.760    SLICE_X32Y55  gen_lutram_stage23.u_interp2_stage23_lutram_cic_dsp_ce/job_history_head_reg[1]/C
Min Period        n/a     FDRE/C              n/a            1.000         162.760     161.760    SLICE_X32Y55  gen_lutram_stage23.u_interp2_stage23_lutram_cic_dsp_ce/job_history_head_reg[2]/C
Min Period        n/a     FDRE/C              n/a            1.000         162.760     161.760    SLICE_X32Y55  gen_lutram_stage23.u_interp2_stage23_lutram_cic_dsp_ce/job_history_head_reg[3]/C
Min Period        n/a     FDRE/C              n/a            1.000         162.760     161.760    SLICE_X32Y56  gen_lutram_stage23.u_interp2_stage23_lutram_cic_dsp_ce/job_mac_index_reg[0]/C
Min Period        n/a     FDRE/C              n/a            1.000         162.760     161.760    SLICE_X32Y56  gen_lutram_stage23.u_interp2_stage23_lutram_cic_dsp_ce/job_mac_index_reg[1]/C
Min Period        n/a     FDRE/C              n/a            1.000         162.760     161.760    SLICE_X31Y56  gen_lutram_stage23.u_interp2_stage23_lutram_cic_dsp_ce/job_mac_index_reg[2]/C
Min Period        n/a     FDRE/C              n/a            1.000         162.760     161.760    SLICE_X31Y56  gen_lutram_stage23.u_interp2_stage23_lutram_cic_dsp_ce/job_mac_index_reg[3]/C
Min Period        n/a     FDRE/C              n/a            1.000         162.760     161.760    SLICE_X31Y58  gen_lutram_stage23.u_interp2_stage23_lutram_cic_dsp_ce/job_output_pending_reg/C
Min Period        n/a     FDRE/C              n/a            1.000         162.760     161.760    SLICE_X32Y54  gen_lutram_stage23.u_interp2_stage23_lutram_cic_dsp_ce/job_phase_reg/C
Low Pulse Width   Slow    FDRE/C              n/a            0.500         81.380      80.880     SLICE_X32Y57  gen_lutram_stage23.u_interp2_stage23_lutram_cic_dsp_ce/job_active_reg/C
Low Pulse Width   Fast    FDRE/C              n/a            0.500         81.380      80.880     SLICE_X32Y57  gen_lutram_stage23.u_interp2_stage23_lutram_cic_dsp_ce/job_active_reg/C
Low Pulse Width   Slow    FDRE/C              n/a            0.500         81.380      80.880     SLICE_X32Y54  gen_lutram_stage23.u_interp2_stage23_lutram_cic_dsp_ce/job_history_full_reg/C
Low Pulse Width   Fast    FDRE/C              n/a            0.500         81.380      80.880     SLICE_X32Y54  gen_lutram_stage23.u_interp2_stage23_lutram_cic_dsp_ce/job_history_full_reg/C
Low Pulse Width   Slow    FDRE/C              n/a            0.500         81.380      80.880     SLICE_X32Y54  gen_lutram_stage23.u_interp2_stage23_lutram_cic_dsp_ce/job_history_head_reg[0]/C
Low Pulse Width   Fast    FDRE/C              n/a            0.500         81.380      80.880     SLICE_X32Y54  gen_lutram_stage23.u_interp2_stage23_lutram_cic_dsp_ce/job_history_head_reg[0]/C
Low Pulse Width   Slow    FDRE/C              n/a            0.500         81.380      80.880     SLICE_X32Y55  gen_lutram_stage23.u_interp2_stage23_lutram_cic_dsp_ce/job_history_head_reg[1]/C
Low Pulse Width   Fast    FDRE/C              n/a            0.500         81.380      80.880     SLICE_X32Y55  gen_lutram_stage23.u_interp2_stage23_lutram_cic_dsp_ce/job_history_head_reg[1]/C
Low Pulse Width   Slow    FDRE/C              n/a            0.500         81.380      80.880     SLICE_X32Y55  gen_lutram_stage23.u_interp2_stage23_lutram_cic_dsp_ce/job_history_head_reg[2]/C
Low Pulse Width   Fast    FDRE/C              n/a            0.500         81.380      80.880     SLICE_X32Y55  gen_lutram_stage23.u_interp2_stage23_lutram_cic_dsp_ce/job_history_head_reg[2]/C
Low Pulse Width   Slow    FDRE/C              n/a            0.500         81.380      80.880     SLICE_X32Y55  gen_lutram_stage23.u_interp2_stage23_lutram_cic_dsp_ce/job_history_head_reg[3]/C
Low Pulse Width   Fast    FDRE/C              n/a            0.500         81.380      80.880     SLICE_X32Y55  gen_lutram_stage23.u_interp2_stage23_lutram_cic_dsp_ce/job_history_head_reg[3]/C
Low Pulse Width   Slow    FDRE/C              n/a            0.500         81.380      80.880     SLICE_X32Y56  gen_lutram_stage23.u_interp2_stage23_lutram_cic_dsp_ce/job_mac_index_reg[0]/C
Low Pulse Width   Fast    FDRE/C              n/a            0.500         81.380      80.880     SLICE_X32Y56  gen_lutram_stage23.u_interp2_stage23_lutram_cic_dsp_ce/job_mac_index_reg[0]/C
Low Pulse Width   Slow    FDRE/C              n/a            0.500         81.380      80.880     SLICE_X32Y56  gen_lutram_stage23.u_interp2_stage23_lutram_cic_dsp_ce/job_mac_index_reg[1]/C
Low Pulse Width   Fast    FDRE/C              n/a            0.500         81.380      80.880     SLICE_X32Y56  gen_lutram_stage23.u_interp2_stage23_lutram_cic_dsp_ce/job_mac_index_reg[1]/C
Low Pulse Width   Slow    FDRE/C              n/a            0.500         81.380      80.880     SLICE_X31Y56  gen_lutram_stage23.u_interp2_stage23_lutram_cic_dsp_ce/job_mac_index_reg[2]/C
Low Pulse Width   Fast    FDRE/C              n/a            0.500         81.380      80.880     SLICE_X31Y56  gen_lutram_stage23.u_interp2_stage23_lutram_cic_dsp_ce/job_mac_index_reg[2]/C
Low Pulse Width   Slow    FDRE/C              n/a            0.500         81.380      80.880     SLICE_X31Y56  gen_lutram_stage23.u_interp2_stage23_lutram_cic_dsp_ce/job_mac_index_reg[3]/C
Low Pulse Width   Fast    FDRE/C              n/a            0.500         81.380      80.880     SLICE_X31Y56  gen_lutram_stage23.u_interp2_stage23_lutram_cic_dsp_ce/job_mac_index_reg[3]/C
High Pulse Width  Slow    FDRE/C              n/a            0.500         81.380      80.880     SLICE_X32Y57  gen_lutram_stage23.u_interp2_stage23_lutram_cic_dsp_ce/job_active_reg/C
High Pulse Width  Fast    FDRE/C              n/a            0.500         81.380      80.880     SLICE_X32Y57  gen_lutram_stage23.u_interp2_stage23_lutram_cic_dsp_ce/job_active_reg/C
High Pulse Width  Slow    FDRE/C              n/a            0.500         81.380      80.880     SLICE_X32Y54  gen_lutram_stage23.u_interp2_stage23_lutram_cic_dsp_ce/job_history_full_reg/C
High Pulse Width  Fast    FDRE/C              n/a            0.500         81.380      80.880     SLICE_X32Y54  gen_lutram_stage23.u_interp2_stage23_lutram_cic_dsp_ce/job_history_full_reg/C
High Pulse Width  Slow    FDRE/C              n/a            0.500         81.380      80.880     SLICE_X32Y54  gen_lutram_stage23.u_interp2_stage23_lutram_cic_dsp_ce/job_history_head_reg[0]/C
High Pulse Width  Fast    FDRE/C              n/a            0.500         81.380      80.880     SLICE_X32Y54  gen_lutram_stage23.u_interp2_stage23_lutram_cic_dsp_ce/job_history_head_reg[0]/C
High Pulse Width  Slow    FDRE/C              n/a            0.500         81.380      80.880     SLICE_X32Y55  gen_lutram_stage23.u_interp2_stage23_lutram_cic_dsp_ce/job_history_head_reg[1]/C
High Pulse Width  Fast    FDRE/C              n/a            0.500         81.380      80.880     SLICE_X32Y55  gen_lutram_stage23.u_interp2_stage23_lutram_cic_dsp_ce/job_history_head_reg[1]/C
High Pulse Width  Slow    FDRE/C              n/a            0.500         81.380      80.880     SLICE_X32Y55  gen_lutram_stage23.u_interp2_stage23_lutram_cic_dsp_ce/job_history_head_reg[2]/C
High Pulse Width  Fast    FDRE/C              n/a            0.500         81.380      80.880     SLICE_X32Y55  gen_lutram_stage23.u_interp2_stage23_lutram_cic_dsp_ce/job_history_head_reg[2]/C
High Pulse Width  Slow    FDRE/C              n/a            0.500         81.380      80.880     SLICE_X32Y55  gen_lutram_stage23.u_interp2_stage23_lutram_cic_dsp_ce/job_history_head_reg[3]/C
High Pulse Width  Fast    FDRE/C              n/a            0.500         81.380      80.880     SLICE_X32Y55  gen_lutram_stage23.u_interp2_stage23_lutram_cic_dsp_ce/job_history_head_reg[3]/C
High Pulse Width  Slow    FDRE/C              n/a            0.500         81.380      80.880     SLICE_X32Y56  gen_lutram_stage23.u_interp2_stage23_lutram_cic_dsp_ce/job_mac_index_reg[0]/C
High Pulse Width  Fast    FDRE/C              n/a            0.500         81.380      80.880     SLICE_X32Y56  gen_lutram_stage23.u_interp2_stage23_lutram_cic_dsp_ce/job_mac_index_reg[0]/C
High Pulse Width  Slow    FDRE/C              n/a            0.500         81.380      80.880     SLICE_X32Y56  gen_lutram_stage23.u_interp2_stage23_lutram_cic_dsp_ce/job_mac_index_reg[1]/C
High Pulse Width  Fast    FDRE/C              n/a            0.500         81.380      80.880     SLICE_X32Y56  gen_lutram_stage23.u_interp2_stage23_lutram_cic_dsp_ce/job_mac_index_reg[1]/C
High Pulse Width  Slow    FDRE/C              n/a            0.500         81.380      80.880     SLICE_X31Y56  gen_lutram_stage23.u_interp2_stage23_lutram_cic_dsp_ce/job_mac_index_reg[2]/C
High Pulse Width  Fast    FDRE/C              n/a            0.500         81.380      80.880     SLICE_X31Y56  gen_lutram_stage23.u_interp2_stage23_lutram_cic_dsp_ce/job_mac_index_reg[2]/C
High Pulse Width  Slow    FDRE/C              n/a            0.500         81.380      80.880     SLICE_X31Y56  gen_lutram_stage23.u_interp2_stage23_lutram_cic_dsp_ce/job_mac_index_reg[3]/C
High Pulse Width  Fast    FDRE/C              n/a            0.500         81.380      80.880     SLICE_X31Y56  gen_lutram_stage23.u_interp2_stage23_lutram_cic_dsp_ce/job_mac_index_reg[3]/C



